Namespace(K=2, backbone_type='gcn', combine_result=True, context_gate_temp=1.0, cpu=False, data_dir='./data/', dataset='pubmed', device=1, display_step=1, dropout=0.2, env_type='node', epochs=500, expert_agg='mean', fd_blend=0.3, gamma=0.99, gate_hidden=64, hidden_channels=64, infer_env=False, infer_env_components=64, infer_env_iters=30, infer_env_num=3, lambda_fd=1.0, lambda_ind=0.05, lambda_med=0.25, lambda_spu=0.05, lambda_var=0.05, lamda=1.0, lr=0.005, num_layers=2, other_env_reduce='sample', pos_weight=5.0, result_name='pubmed_gcn_frontdoor_stage2_lr0.005_weight_decay5e-05_dropout0.2_hidden_channels64_K2_lambda_fd1.0_lambda_spu0.05_lambda_ind0.05_context_gate_temp1.0_fd_blend0.3_lambda_med0.25', runs=2, seed=123, store_result=True, tau=1, use_bn=False, variant=False, weight_decay=5e-05)
using existing synthetic data...
dataset pubmed: all nodes 118302 | edges 531888 | classes 3 | feats 510
train nodes 29575 | valid nodes 14788 | test in nodes 14788
test ood1 nodes 59151 
[INFO] env numbers: 6 train env numbers: 3
MODEL: GraphFrontDoor(
  (act_fn): ReLU()
  (input_proj): Linear(in_features=510, out_features=64, bias=True)
  (backbone_layers): ModuleList(
    (0): FrontDoorBackboneLayer()
    (1): FrontDoorBackboneLayer()
  )
  (causal_adapter): Linear(in_features=64, out_features=64, bias=True)
  (spurious_adapter): Linear(in_features=64, out_features=64, bias=True)
  (causal_norm): LayerNorm((64,), eps=1e-05, elementwise_affine=True)
  (spurious_norm): LayerNorm((64,), eps=1e-05, elementwise_affine=True)
  (classifier): Linear(in_features=64, out_features=3, bias=True)
  (spurious_classifier): Linear(in_features=64, out_features=3, bias=True)
  (fd_classifier): Linear(in_features=64, out_features=3, bias=True)
  (query_proj): Linear(in_features=64, out_features=64, bias=True)
  (key_proj): Linear(in_features=64, out_features=64, bias=True)
  (value_proj): Linear(in_features=64, out_features=64, bias=True)
  (aug_norm): LayerNorm((64,), eps=1e-05, elementwise_affine=True)
)
[INFO] TensorBoard logging activated. Logs will be saved to: ./runs/pubmed/frontdoor/pubmed_gcn_frontdoor_stage2_lr0.005_weight_decay5e-05_dropout0.2_hidden_channels64_K2_lambda_fd1.0_lambda_spu0.05_lambda_ind0.05_context_gate_temp1.0_fd_blend0.3_lambda_med0.25
Epoch: 00, Loss: 2.7684, Cls: 1.1965, Ind: 0.0010, Med: 0.3017, Spu: 0.0057, FD: 1.2633, Var: 0.0001, Ctx: 2, Train: 39.41%, Valid: 39.16%, Test In: 39.38% Test OOD1: 39.58% 
Epoch: 01, Loss: 2.4538, Cls: 1.0475, Ind: 0.0013, Med: 0.2607, Spu: 0.0064, FD: 1.1378, Var: 0.0001, Ctx: 2, Train: 68.05%, Valid: 67.48%, Test In: 68.22% Test OOD1: 52.07% 
Epoch: 02, Loss: 2.2372, Cls: 0.9651, Ind: 0.0013, Med: 0.2424, Spu: 0.0054, FD: 1.0229, Var: 0.0001, Ctx: 2, Train: 71.66%, Valid: 71.42%, Test In: 72.11% Test OOD1: 60.61% 
Epoch: 03, Loss: 1.9917, Cls: 0.8639, Ind: 0.0012, Med: 0.2184, Spu: 0.0031, FD: 0.9049, Var: 0.0001, Ctx: 2, Train: 72.49%, Valid: 72.33%, Test In: 73.21% Test OOD1: 59.64% 
Epoch: 04, Loss: 1.7232, Cls: 0.7558, Ind: 0.0012, Med: 0.1925, Spu: 0.0023, FD: 0.7713, Var: 0.0001, Ctx: 2, Train: 77.53%, Valid: 77.34%, Test In: 77.89% Test OOD1: 59.61% 
Epoch: 05, Loss: 1.5075, Cls: 0.6669, Ind: 0.0013, Med: 0.1710, Spu: 0.0025, FD: 0.6656, Var: 0.0001, Ctx: 2, Train: 84.93%, Valid: 84.83%, Test In: 85.13% Test OOD1: 62.13% 
Epoch: 06, Loss: 1.3383, Cls: 0.5893, Ind: 0.0014, Med: 0.1504, Spu: 0.0023, FD: 0.5948, Var: 0.0001, Ctx: 2, Train: 86.22%, Valid: 86.10%, Test In: 86.37% Test OOD1: 62.74% 
Epoch: 07, Loss: 1.2031, Cls: 0.5265, Ind: 0.0015, Med: 0.1336, Spu: 0.0020, FD: 0.5394, Var: 0.0001, Ctx: 2, Train: 87.22%, Valid: 87.13%, Test In: 87.36% Test OOD1: 62.75% 
Epoch: 08, Loss: 1.0918, Cls: 0.4752, Ind: 0.0016, Med: 0.1201, Spu: 0.0020, FD: 0.4928, Var: 0.0001, Ctx: 2, Train: 88.35%, Valid: 87.92%, Test In: 88.34% Test OOD1: 62.61% 
Epoch: 09, Loss: 1.0138, Cls: 0.4387, Ind: 0.0017, Med: 0.1102, Spu: 0.0022, FD: 0.4609, Var: 0.0000, Ctx: 2, Train: 89.00%, Valid: 88.70%, Test In: 88.96% Test OOD1: 63.12% 
Epoch: 10, Loss: 0.9610, Cls: 0.4146, Ind: 0.0017, Med: 0.1038, Spu: 0.0022, FD: 0.4387, Var: 0.0000, Ctx: 2, Train: 89.46%, Valid: 89.22%, Test In: 89.48% Test OOD1: 64.04% 
Epoch: 11, Loss: 0.8889, Cls: 0.3844, Ind: 0.0017, Med: 0.0964, Spu: 0.0018, FD: 0.4045, Var: 0.0000, Ctx: 2, Train: 89.82%, Valid: 89.50%, Test In: 89.73% Test OOD1: 64.92% 
Epoch: 12, Loss: 0.8516, Cls: 0.3710, Ind: 0.0017, Med: 0.0936, Spu: 0.0014, FD: 0.3838, Var: 0.0000, Ctx: 2, Train: 89.98%, Valid: 89.54%, Test In: 89.80% Test OOD1: 64.29% 
Epoch: 13, Loss: 0.8285, Cls: 0.3617, Ind: 0.0017, Med: 0.0912, Spu: 0.0013, FD: 0.3726, Var: 0.0000, Ctx: 2, Train: 89.97%, Valid: 89.59%, Test In: 89.77% Test OOD1: 63.40% 
Epoch: 14, Loss: 0.8170, Cls: 0.3583, Ind: 0.0016, Med: 0.0906, Spu: 0.0013, FD: 0.3652, Var: 0.0000, Ctx: 2, Train: 90.10%, Valid: 89.62%, Test In: 89.78% Test OOD1: 64.12% 
Epoch: 15, Loss: 0.7967, Cls: 0.3497, Ind: 0.0015, Med: 0.0884, Spu: 0.0013, FD: 0.3558, Var: 0.0000, Ctx: 2, Train: 90.07%, Valid: 89.87%, Test In: 90.05% Test OOD1: 66.46% 
Epoch: 16, Loss: 0.7802, Cls: 0.3417, Ind: 0.0014, Med: 0.0862, Spu: 0.0012, FD: 0.3496, Var: 0.0000, Ctx: 2, Train: 90.18%, Valid: 89.82%, Test In: 90.17% Test OOD1: 68.56% 
Epoch: 17, Loss: 0.7685, Cls: 0.3371, Ind: 0.0012, Med: 0.0852, Spu: 0.0010, FD: 0.3439, Var: 0.0000, Ctx: 2, Train: 90.19%, Valid: 89.71%, Test In: 90.16% Test OOD1: 69.72% 
Epoch: 18, Loss: 0.7745, Cls: 0.3399, Ind: 0.0010, Med: 0.0858, Spu: 0.0009, FD: 0.3468, Var: 0.0000, Ctx: 2, Train: 90.27%, Valid: 89.80%, Test In: 90.20% Test OOD1: 69.36% 
Epoch: 19, Loss: 0.7647, Cls: 0.3357, Ind: 0.0009, Med: 0.0846, Spu: 0.0009, FD: 0.3426, Var: 0.0000, Ctx: 2, Train: 90.28%, Valid: 89.97%, Test In: 90.29% Test OOD1: 68.24% 
Epoch: 20, Loss: 0.7536, Cls: 0.3315, Ind: 0.0007, Med: 0.0837, Spu: 0.0009, FD: 0.3368, Var: 0.0000, Ctx: 2, Train: 90.46%, Valid: 90.01%, Test In: 90.37% Test OOD1: 67.61% 
Epoch: 21, Loss: 0.7292, Cls: 0.3211, Ind: 0.0006, Med: 0.0811, Spu: 0.0008, FD: 0.3255, Var: 0.0000, Ctx: 2, Train: 90.65%, Valid: 90.17%, Test In: 90.50% Test OOD1: 67.68% 
Epoch: 22, Loss: 0.7091, Cls: 0.3125, Ind: 0.0005, Med: 0.0792, Spu: 0.0007, FD: 0.3162, Var: 0.0000, Ctx: 2, Train: 90.82%, Valid: 90.37%, Test In: 90.69% Test OOD1: 67.98% 
Epoch: 23, Loss: 0.7012, Cls: 0.3083, Ind: 0.0004, Med: 0.0781, Spu: 0.0006, FD: 0.3137, Var: 0.0000, Ctx: 2, Train: 90.94%, Valid: 90.44%, Test In: 90.81% Test OOD1: 67.52% 
Epoch: 24, Loss: 0.7073, Cls: 0.3105, Ind: 0.0003, Med: 0.0785, Spu: 0.0006, FD: 0.3173, Var: 0.0000, Ctx: 2, Train: 91.00%, Valid: 90.49%, Test In: 90.89% Test OOD1: 66.99% 
Epoch: 25, Loss: 0.6868, Cls: 0.3020, Ind: 0.0003, Med: 0.0765, Spu: 0.0006, FD: 0.3075, Var: 0.0000, Ctx: 2, Train: 91.10%, Valid: 90.59%, Test In: 91.02% Test OOD1: 66.84% 
Epoch: 26, Loss: 0.6824, Cls: 0.3003, Ind: 0.0002, Med: 0.0759, Spu: 0.0005, FD: 0.3054, Var: 0.0000, Ctx: 2, Train: 91.25%, Valid: 90.72%, Test In: 91.11% Test OOD1: 67.13% 
Epoch: 27, Loss: 0.6778, Cls: 0.2987, Ind: 0.0002, Med: 0.0756, Spu: 0.0005, FD: 0.3028, Var: 0.0000, Ctx: 2, Train: 91.28%, Valid: 90.81%, Test In: 91.29% Test OOD1: 68.18% 
Epoch: 28, Loss: 0.6735, Cls: 0.2963, Ind: 0.0002, Med: 0.0747, Spu: 0.0004, FD: 0.3019, Var: 0.0000, Ctx: 2, Train: 91.43%, Valid: 90.92%, Test In: 91.33% Test OOD1: 69.20% 
Epoch: 29, Loss: 0.6806, Cls: 0.2997, Ind: 0.0002, Med: 0.0756, Spu: 0.0004, FD: 0.3047, Var: 0.0000, Ctx: 2, Train: 91.50%, Valid: 91.08%, Test In: 91.31% Test OOD1: 69.62% 
Epoch: 30, Loss: 0.6570, Cls: 0.2897, Ind: 0.0001, Med: 0.0733, Spu: 0.0004, FD: 0.2934, Var: 0.0000, Ctx: 2, Train: 91.59%, Valid: 91.12%, Test In: 91.41% Test OOD1: 69.61% 
Epoch: 31, Loss: 0.6588, Cls: 0.2900, Ind: 0.0002, Med: 0.0731, Spu: 0.0004, FD: 0.2951, Var: 0.0000, Ctx: 2, Train: 91.70%, Valid: 91.22%, Test In: 91.55% Test OOD1: 70.28% 
Epoch: 32, Loss: 0.6536, Cls: 0.2882, Ind: 0.0002, Med: 0.0728, Spu: 0.0003, FD: 0.2921, Var: 0.0000, Ctx: 2, Train: 91.85%, Valid: 91.28%, Test In: 91.57% Test OOD1: 70.58% 
Epoch: 33, Loss: 0.6317, Cls: 0.2788, Ind: 0.0002, Med: 0.0704, Spu: 0.0003, FD: 0.2819, Var: 0.0000, Ctx: 2, Train: 91.98%, Valid: 91.32%, Test In: 91.64% Test OOD1: 70.48% 
Epoch: 34, Loss: 0.6295, Cls: 0.2783, Ind: 0.0002, Med: 0.0704, Spu: 0.0003, FD: 0.2803, Var: 0.0000, Ctx: 2, Train: 92.03%, Valid: 91.41%, Test In: 91.81% Test OOD1: 70.39% 
Epoch: 35, Loss: 0.6240, Cls: 0.2765, Ind: 0.0002, Med: 0.0701, Spu: 0.0003, FD: 0.2770, Var: 0.0000, Ctx: 2, Train: 92.13%, Valid: 91.45%, Test In: 91.88% Test OOD1: 70.76% 
Epoch: 36, Loss: 0.6277, Cls: 0.2781, Ind: 0.0002, Med: 0.0704, Spu: 0.0003, FD: 0.2787, Var: 0.0000, Ctx: 2, Train: 92.21%, Valid: 91.56%, Test In: 91.89% Test OOD1: 71.08% 
Epoch: 37, Loss: 0.6219, Cls: 0.2750, Ind: 0.0002, Med: 0.0695, Spu: 0.0003, FD: 0.2769, Var: 0.0000, Ctx: 2, Train: 92.26%, Valid: 91.61%, Test In: 91.99% Test OOD1: 70.85% 
Epoch: 38, Loss: 0.6066, Cls: 0.2681, Ind: 0.0002, Med: 0.0678, Spu: 0.0003, FD: 0.2703, Var: 0.0000, Ctx: 2, Train: 92.34%, Valid: 91.74%, Test In: 92.07% Test OOD1: 70.90% 
Epoch: 39, Loss: 0.6023, Cls: 0.2665, Ind: 0.0002, Med: 0.0674, Spu: 0.0003, FD: 0.2679, Var: 0.0000, Ctx: 2, Train: 92.46%, Valid: 91.68%, Test In: 92.14% Test OOD1: 71.75% 
Epoch: 40, Loss: 0.5899, Cls: 0.2610, Ind: 0.0002, Med: 0.0660, Spu: 0.0002, FD: 0.2624, Var: 0.0000, Ctx: 2, Train: 92.53%, Valid: 91.74%, Test In: 92.22% Test OOD1: 71.95% 
Epoch: 41, Loss: 0.5914, Cls: 0.2620, Ind: 0.0002, Med: 0.0663, Spu: 0.0002, FD: 0.2626, Var: 0.0000, Ctx: 2, Train: 92.57%, Valid: 91.74%, Test In: 92.26% Test OOD1: 71.95% 
Epoch: 42, Loss: 0.5759, Cls: 0.2546, Ind: 0.0002, Med: 0.0643, Spu: 0.0002, FD: 0.2566, Var: 0.0000, Ctx: 2, Train: 92.69%, Valid: 91.84%, Test In: 92.29% Test OOD1: 72.45% 
Epoch: 43, Loss: 0.5736, Cls: 0.2537, Ind: 0.0002, Med: 0.0641, Spu: 0.0002, FD: 0.2554, Var: 0.0000, Ctx: 2, Train: 92.80%, Valid: 91.92%, Test In: 92.41% Test OOD1: 72.56% 
Epoch: 44, Loss: 0.5742, Cls: 0.2541, Ind: 0.0002, Med: 0.0642, Spu: 0.0002, FD: 0.2556, Var: 0.0000, Ctx: 2, Train: 92.90%, Valid: 91.95%, Test In: 92.55% Test OOD1: 72.77% 
Epoch: 45, Loss: 0.5720, Cls: 0.2533, Ind: 0.0002, Med: 0.0640, Spu: 0.0002, FD: 0.2544, Var: 0.0000, Ctx: 2, Train: 92.94%, Valid: 92.04%, Test In: 92.60% Test OOD1: 72.92% 
Epoch: 46, Loss: 0.5636, Cls: 0.2493, Ind: 0.0001, Med: 0.0630, Spu: 0.0002, FD: 0.2510, Var: 0.0000, Ctx: 2, Train: 93.01%, Valid: 92.12%, Test In: 92.62% Test OOD1: 73.55% 
Epoch: 47, Loss: 0.5639, Cls: 0.2496, Ind: 0.0001, Med: 0.0631, Spu: 0.0002, FD: 0.2509, Var: 0.0000, Ctx: 2, Train: 93.04%, Valid: 92.14%, Test In: 92.58% Test OOD1: 74.71% 
Epoch: 48, Loss: 0.5524, Cls: 0.2443, Ind: 0.0001, Med: 0.0617, Spu: 0.0002, FD: 0.2461, Var: 0.0000, Ctx: 2, Train: 93.12%, Valid: 92.19%, Test In: 92.60% Test OOD1: 75.25% 
Epoch: 49, Loss: 0.5556, Cls: 0.2458, Ind: 0.0001, Med: 0.0621, Spu: 0.0002, FD: 0.2474, Var: 0.0000, Ctx: 2, Train: 93.21%, Valid: 92.24%, Test In: 92.69% Test OOD1: 74.40% 
Epoch: 50, Loss: 0.5504, Cls: 0.2433, Ind: 0.0001, Med: 0.0614, Spu: 0.0002, FD: 0.2454, Var: 0.0000, Ctx: 2, Train: 93.28%, Valid: 92.22%, Test In: 92.66% Test OOD1: 75.77% 
Epoch: 51, Loss: 0.5373, Cls: 0.2377, Ind: 0.0001, Med: 0.0601, Spu: 0.0002, FD: 0.2392, Var: 0.0000, Ctx: 2, Train: 93.29%, Valid: 92.16%, Test In: 92.59% Test OOD1: 76.66% 
Epoch: 52, Loss: 0.5334, Cls: 0.2358, Ind: 0.0001, Med: 0.0595, Spu: 0.0001, FD: 0.2379, Var: 0.0000, Ctx: 2, Train: 93.40%, Valid: 92.38%, Test In: 92.71% Test OOD1: 75.45% 
Epoch: 53, Loss: 0.5332, Cls: 0.2357, Ind: 0.0001, Med: 0.0595, Spu: 0.0001, FD: 0.2377, Var: 0.0000, Ctx: 2, Train: 93.49%, Valid: 92.43%, Test In: 92.80% Test OOD1: 76.15% 
Epoch: 54, Loss: 0.5296, Cls: 0.2343, Ind: 0.0001, Med: 0.0592, Spu: 0.0001, FD: 0.2358, Var: 0.0000, Ctx: 2, Train: 93.43%, Valid: 92.27%, Test In: 92.74% Test OOD1: 77.66% 
Epoch: 55, Loss: 0.5323, Cls: 0.2350, Ind: 0.0001, Med: 0.0592, Spu: 0.0001, FD: 0.2377, Var: 0.0000, Ctx: 2, Train: 93.55%, Valid: 92.48%, Test In: 92.89% Test OOD1: 76.86% 
Epoch: 56, Loss: 0.5252, Cls: 0.2325, Ind: 0.0001, Med: 0.0588, Spu: 0.0001, FD: 0.2336, Var: 0.0000, Ctx: 2, Train: 93.64%, Valid: 92.45%, Test In: 92.88% Test OOD1: 76.53% 
Epoch: 57, Loss: 0.5224, Cls: 0.2312, Ind: 0.0001, Med: 0.0584, Spu: 0.0001, FD: 0.2326, Var: 0.0000, Ctx: 2, Train: 93.65%, Valid: 92.45%, Test In: 92.78% Test OOD1: 78.19% 
Epoch: 58, Loss: 0.5089, Cls: 0.2251, Ind: 0.0001, Med: 0.0568, Spu: 0.0001, FD: 0.2267, Var: 0.0000, Ctx: 2, Train: 93.69%, Valid: 92.47%, Test In: 92.76% Test OOD1: 78.43% 
Epoch: 59, Loss: 0.5048, Cls: 0.2232, Ind: 0.0001, Med: 0.0563, Spu: 0.0001, FD: 0.2249, Var: 0.0000, Ctx: 2, Train: 93.85%, Valid: 92.58%, Test In: 93.00% Test OOD1: 77.47% 
Epoch: 60, Loss: 0.5085, Cls: 0.2244, Ind: 0.0001, Med: 0.0565, Spu: 0.0001, FD: 0.2272, Var: 0.0000, Ctx: 2, Train: 93.87%, Valid: 92.59%, Test In: 92.91% Test OOD1: 78.03% 
Epoch: 61, Loss: 0.5038, Cls: 0.2227, Ind: 0.0001, Med: 0.0562, Spu: 0.0001, FD: 0.2247, Var: 0.0000, Ctx: 2, Train: 93.83%, Valid: 92.60%, Test In: 92.72% Test OOD1: 79.50% 
Epoch: 62, Loss: 0.5075, Cls: 0.2250, Ind: 0.0001, Med: 0.0569, Spu: 0.0001, FD: 0.2253, Var: 0.0000, Ctx: 2, Train: 94.00%, Valid: 92.77%, Test In: 92.96% Test OOD1: 78.44% 
Epoch: 63, Loss: 0.4968, Cls: 0.2196, Ind: 0.0001, Med: 0.0554, Spu: 0.0001, FD: 0.2216, Var: 0.0000, Ctx: 2, Train: 94.06%, Valid: 92.75%, Test In: 93.14% Test OOD1: 78.06% 
Epoch: 64, Loss: 0.4905, Cls: 0.2167, Ind: 0.0001, Med: 0.0546, Spu: 0.0001, FD: 0.2189, Var: 0.0000, Ctx: 2, Train: 94.06%, Valid: 92.78%, Test In: 92.92% Test OOD1: 79.81% 
Epoch: 65, Loss: 0.4899, Cls: 0.2167, Ind: 0.0001, Med: 0.0547, Spu: 0.0001, FD: 0.2182, Var: 0.0000, Ctx: 2, Train: 94.13%, Valid: 92.80%, Test In: 92.91% Test OOD1: 79.94% 
Epoch: 66, Loss: 0.4878, Cls: 0.2155, Ind: 0.0001, Med: 0.0543, Spu: 0.0001, FD: 0.2178, Var: 0.0000, Ctx: 2, Train: 94.19%, Valid: 92.82%, Test In: 93.14% Test OOD1: 78.97% 
Epoch: 67, Loss: 0.4830, Cls: 0.2136, Ind: 0.0001, Med: 0.0539, Spu: 0.0001, FD: 0.2153, Var: 0.0000, Ctx: 2, Train: 94.30%, Valid: 92.92%, Test In: 93.07% Test OOD1: 80.02% 
Epoch: 68, Loss: 0.4799, Cls: 0.2125, Ind: 0.0001, Med: 0.0537, Spu: 0.0001, FD: 0.2136, Var: 0.0000, Ctx: 2, Train: 94.32%, Valid: 92.98%, Test In: 93.03% Test OOD1: 80.61% 
Epoch: 69, Loss: 0.4687, Cls: 0.2075, Ind: 0.0001, Med: 0.0524, Spu: 0.0001, FD: 0.2086, Var: 0.0000, Ctx: 2, Train: 94.38%, Valid: 93.05%, Test In: 93.22% Test OOD1: 79.88% 
Epoch: 70, Loss: 0.4679, Cls: 0.2073, Ind: 0.0001, Med: 0.0524, Spu: 0.0001, FD: 0.2080, Var: 0.0000, Ctx: 2, Train: 94.41%, Valid: 93.05%, Test In: 93.14% Test OOD1: 80.30% 
Epoch: 71, Loss: 0.4701, Cls: 0.2084, Ind: 0.0001, Med: 0.0527, Spu: 0.0001, FD: 0.2088, Var: 0.0000, Ctx: 2, Train: 94.30%, Valid: 93.00%, Test In: 92.98% Test OOD1: 81.61% 
Epoch: 72, Loss: 0.4700, Cls: 0.2080, Ind: 0.0001, Med: 0.0525, Spu: 0.0001, FD: 0.2093, Var: 0.0000, Ctx: 2, Train: 94.60%, Valid: 93.20%, Test In: 93.24% Test OOD1: 80.02% 
Epoch: 73, Loss: 0.4638, Cls: 0.2050, Ind: 0.0001, Med: 0.0517, Spu: 0.0001, FD: 0.2070, Var: 0.0000, Ctx: 2, Train: 94.61%, Valid: 93.11%, Test In: 93.26% Test OOD1: 80.83% 
Epoch: 74, Loss: 0.4574, Cls: 0.2023, Ind: 0.0001, Med: 0.0510, Spu: 0.0001, FD: 0.2038, Var: 0.0000, Ctx: 2, Train: 94.41%, Valid: 93.11%, Test In: 93.08% Test OOD1: 81.97% 
Epoch: 75, Loss: 0.4609, Cls: 0.2040, Ind: 0.0001, Med: 0.0515, Spu: 0.0001, FD: 0.2051, Var: 0.0000, Ctx: 2, Train: 94.68%, Valid: 93.02%, Test In: 93.37% Test OOD1: 80.20% 
Epoch: 76, Loss: 0.4540, Cls: 0.2010, Ind: 0.0001, Med: 0.0508, Spu: 0.0001, FD: 0.2019, Var: 0.0000, Ctx: 2, Train: 94.75%, Valid: 93.23%, Test In: 93.41% Test OOD1: 80.53% 
Epoch: 77, Loss: 0.4471, Cls: 0.1980, Ind: 0.0001, Med: 0.0500, Spu: 0.0001, FD: 0.1989, Var: 0.0000, Ctx: 2, Train: 94.79%, Valid: 93.33%, Test In: 93.26% Test OOD1: 81.32% 
Epoch: 78, Loss: 0.4451, Cls: 0.1966, Ind: 0.0001, Med: 0.0495, Spu: 0.0001, FD: 0.1987, Var: 0.0000, Ctx: 2, Train: 94.90%, Valid: 93.31%, Test In: 93.41% Test OOD1: 80.61% 
Epoch: 79, Loss: 0.4402, Cls: 0.1947, Ind: 0.0001, Med: 0.0491, Spu: 0.0001, FD: 0.1962, Var: 0.0000, Ctx: 2, Train: 94.92%, Valid: 93.35%, Test In: 93.37% Test OOD1: 80.52% 
Epoch: 80, Loss: 0.4408, Cls: 0.1951, Ind: 0.0001, Med: 0.0492, Spu: 0.0001, FD: 0.1963, Var: 0.0000, Ctx: 2, Train: 94.85%, Valid: 93.27%, Test In: 93.19% Test OOD1: 82.21% 
Epoch: 81, Loss: 0.4442, Cls: 0.1961, Ind: 0.0001, Med: 0.0494, Spu: 0.0001, FD: 0.1984, Var: 0.0000, Ctx: 2, Train: 95.14%, Valid: 93.52%, Test In: 93.49% Test OOD1: 80.98% 
Epoch: 82, Loss: 0.4300, Cls: 0.1903, Ind: 0.0001, Med: 0.0480, Spu: 0.0001, FD: 0.1914, Var: 0.0000, Ctx: 2, Train: 95.23%, Valid: 93.53%, Test In: 93.60% Test OOD1: 81.12% 
Epoch: 83, Loss: 0.4344, Cls: 0.1922, Ind: 0.0001, Med: 0.0485, Spu: 0.0001, FD: 0.1935, Var: 0.0000, Ctx: 2, Train: 95.17%, Valid: 93.46%, Test In: 93.30% Test OOD1: 82.47% 
Epoch: 84, Loss: 0.4283, Cls: 0.1895, Ind: 0.0001, Med: 0.0478, Spu: 0.0001, FD: 0.1907, Var: 0.0000, Ctx: 2, Train: 95.39%, Valid: 93.63%, Test In: 93.55% Test OOD1: 81.34% 
Epoch: 85, Loss: 0.4342, Cls: 0.1918, Ind: 0.0001, Med: 0.0483, Spu: 0.0001, FD: 0.1938, Var: 0.0000, Ctx: 2, Train: 95.35%, Valid: 93.58%, Test In: 93.46% Test OOD1: 81.95% 
Epoch: 86, Loss: 0.4232, Cls: 0.1870, Ind: 0.0001, Med: 0.0471, Spu: 0.0001, FD: 0.1888, Var: 0.0000, Ctx: 2, Train: 95.40%, Valid: 93.54%, Test In: 93.54% Test OOD1: 81.55% 
Epoch: 87, Loss: 0.4228, Cls: 0.1869, Ind: 0.0001, Med: 0.0471, Spu: 0.0001, FD: 0.1885, Var: 0.0000, Ctx: 2, Train: 95.41%, Valid: 93.54%, Test In: 93.59% Test OOD1: 81.08% 
Epoch: 88, Loss: 0.4208, Cls: 0.1864, Ind: 0.0001, Med: 0.0471, Spu: 0.0001, FD: 0.1871, Var: 0.0000, Ctx: 2, Train: 95.31%, Valid: 93.49%, Test In: 93.45% Test OOD1: 82.43% 
Epoch: 89, Loss: 0.4193, Cls: 0.1855, Ind: 0.0001, Med: 0.0468, Spu: 0.0001, FD: 0.1869, Var: 0.0000, Ctx: 2, Train: 95.56%, Valid: 93.73%, Test In: 93.62% Test OOD1: 80.11% 
Epoch: 90, Loss: 0.4131, Cls: 0.1824, Ind: 0.0001, Med: 0.0460, Spu: 0.0001, FD: 0.1845, Var: 0.0000, Ctx: 2, Train: 95.51%, Valid: 93.64%, Test In: 93.38% Test OOD1: 82.24% 
Epoch: 91, Loss: 0.4128, Cls: 0.1825, Ind: 0.0001, Med: 0.0460, Spu: 0.0001, FD: 0.1840, Var: 0.0000, Ctx: 2, Train: 95.61%, Valid: 93.67%, Test In: 93.42% Test OOD1: 81.63% 
Epoch: 92, Loss: 0.4059, Cls: 0.1795, Ind: 0.0001, Med: 0.0453, Spu: 0.0001, FD: 0.1808, Var: 0.0000, Ctx: 2, Train: 95.76%, Valid: 93.74%, Test In: 93.70% Test OOD1: 80.22% 
Epoch: 93, Loss: 0.4042, Cls: 0.1787, Ind: 0.0001, Med: 0.0451, Spu: 0.0001, FD: 0.1803, Var: 0.0000, Ctx: 2, Train: 95.67%, Valid: 93.67%, Test In: 93.44% Test OOD1: 82.24% 
Epoch: 94, Loss: 0.4022, Cls: 0.1778, Ind: 0.0001, Med: 0.0448, Spu: 0.0001, FD: 0.1793, Var: 0.0000, Ctx: 2, Train: 95.70%, Valid: 93.83%, Test In: 93.67% Test OOD1: 81.68% 
Epoch: 95, Loss: 0.3947, Cls: 0.1744, Ind: 0.0001, Med: 0.0440, Spu: 0.0001, FD: 0.1760, Var: 0.0000, Ctx: 2, Train: 95.79%, Valid: 93.76%, Test In: 93.77% Test OOD1: 81.62% 
Epoch: 96, Loss: 0.3939, Cls: 0.1739, Ind: 0.0001, Med: 0.0438, Spu: 0.0001, FD: 0.1761, Var: 0.0000, Ctx: 2, Train: 96.01%, Valid: 93.85%, Test In: 93.75% Test OOD1: 82.58% 
Epoch: 97, Loss: 0.3890, Cls: 0.1719, Ind: 0.0001, Med: 0.0433, Spu: 0.0001, FD: 0.1735, Var: 0.0000, Ctx: 2, Train: 96.21%, Valid: 94.02%, Test In: 94.02% Test OOD1: 81.59% 
Epoch: 98, Loss: 0.3868, Cls: 0.1709, Ind: 0.0001, Med: 0.0431, Spu: 0.0001, FD: 0.1726, Var: 0.0000, Ctx: 2, Train: 95.97%, Valid: 93.79%, Test In: 93.81% Test OOD1: 82.35% 
Epoch: 99, Loss: 0.3877, Cls: 0.1713, Ind: 0.0001, Med: 0.0432, Spu: 0.0001, FD: 0.1730, Var: 0.0000, Ctx: 2, Train: 96.18%, Valid: 94.02%, Test In: 93.94% Test OOD1: 81.13% 
Epoch: 100, Loss: 0.3828, Cls: 0.1692, Ind: 0.0001, Med: 0.0426, Spu: 0.0001, FD: 0.1708, Var: 0.0000, Ctx: 2, Train: 96.15%, Valid: 93.96%, Test In: 93.85% Test OOD1: 81.98% 
Epoch: 101, Loss: 0.3871, Cls: 0.1712, Ind: 0.0001, Med: 0.0432, Spu: 0.0001, FD: 0.1725, Var: 0.0000, Ctx: 2, Train: 96.33%, Valid: 94.00%, Test In: 94.02% Test OOD1: 80.45% 
Epoch: 102, Loss: 0.3733, Cls: 0.1650, Ind: 0.0001, Med: 0.0416, Spu: 0.0001, FD: 0.1665, Var: 0.0000, Ctx: 2, Train: 96.27%, Valid: 93.91%, Test In: 93.80% Test OOD1: 82.14% 
Epoch: 103, Loss: 0.3807, Cls: 0.1681, Ind: 0.0001, Med: 0.0423, Spu: 0.0001, FD: 0.1700, Var: 0.0000, Ctx: 2, Train: 96.33%, Valid: 93.91%, Test In: 93.82% Test OOD1: 82.34% 
Epoch: 104, Loss: 0.3780, Cls: 0.1672, Ind: 0.0001, Med: 0.0422, Spu: 0.0001, FD: 0.1683, Var: 0.0000, Ctx: 2, Train: 96.46%, Valid: 94.01%, Test In: 94.00% Test OOD1: 81.27% 
Epoch: 105, Loss: 0.3744, Cls: 0.1651, Ind: 0.0001, Med: 0.0415, Spu: 0.0001, FD: 0.1676, Var: 0.0000, Ctx: 2, Train: 96.50%, Valid: 94.06%, Test In: 94.04% Test OOD1: 81.87% 
Epoch: 106, Loss: 0.3630, Cls: 0.1608, Ind: 0.0001, Med: 0.0406, Spu: 0.0001, FD: 0.1614, Var: 0.0000, Ctx: 2, Train: 96.58%, Valid: 94.10%, Test In: 93.99% Test OOD1: 81.99% 
Epoch: 107, Loss: 0.3613, Cls: 0.1598, Ind: 0.0001, Med: 0.0403, Spu: 0.0001, FD: 0.1610, Var: 0.0000, Ctx: 2, Train: 96.68%, Valid: 94.22%, Test In: 94.12% Test OOD1: 80.83% 
Epoch: 108, Loss: 0.3594, Cls: 0.1591, Ind: 0.0001, Med: 0.0402, Spu: 0.0001, FD: 0.1600, Var: 0.0000, Ctx: 2, Train: 96.79%, Valid: 94.22%, Test In: 94.14% Test OOD1: 81.84% 
Epoch: 109, Loss: 0.3661, Cls: 0.1618, Ind: 0.0001, Med: 0.0407, Spu: 0.0001, FD: 0.1634, Var: 0.0000, Ctx: 2, Train: 96.92%, Valid: 94.33%, Test In: 94.29% Test OOD1: 80.52% 
Epoch: 110, Loss: 0.3648, Cls: 0.1614, Ind: 0.0001, Med: 0.0407, Spu: 0.0001, FD: 0.1624, Var: 0.0000, Ctx: 2, Train: 96.54%, Valid: 93.99%, Test In: 93.78% Test OOD1: 83.58% 
Epoch: 111, Loss: 0.3587, Cls: 0.1583, Ind: 0.0001, Med: 0.0398, Spu: 0.0001, FD: 0.1604, Var: 0.0000, Ctx: 2, Train: 96.83%, Valid: 94.14%, Test In: 94.17% Test OOD1: 79.20% 
Epoch: 112, Loss: 0.3711, Cls: 0.1637, Ind: 0.0001, Med: 0.0412, Spu: 0.0001, FD: 0.1660, Var: 0.0000, Ctx: 2, Train: 96.44%, Valid: 93.97%, Test In: 93.72% Test OOD1: 84.34% 
Epoch: 113, Loss: 0.3638, Cls: 0.1608, Ind: 0.0001, Med: 0.0405, Spu: 0.0000, FD: 0.1624, Var: 0.0000, Ctx: 2, Train: 97.03%, Valid: 94.37%, Test In: 94.33% Test OOD1: 81.34% 
Epoch: 114, Loss: 0.3543, Cls: 0.1565, Ind: 0.0001, Med: 0.0394, Spu: 0.0000, FD: 0.1582, Var: 0.0000, Ctx: 2, Train: 96.99%, Valid: 94.22%, Test In: 94.26% Test OOD1: 81.81% 
Epoch: 115, Loss: 0.3474, Cls: 0.1536, Ind: 0.0001, Med: 0.0387, Spu: 0.0000, FD: 0.1548, Var: 0.0000, Ctx: 2, Train: 96.96%, Valid: 94.27%, Test In: 94.16% Test OOD1: 83.16% 
Epoch: 116, Loss: 0.3437, Cls: 0.1517, Ind: 0.0001, Med: 0.0382, Spu: 0.0000, FD: 0.1536, Var: 0.0000, Ctx: 2, Train: 97.20%, Valid: 94.50%, Test In: 94.48% Test OOD1: 81.19% 
Epoch: 117, Loss: 0.3478, Cls: 0.1535, Ind: 0.0001, Med: 0.0386, Spu: 0.0000, FD: 0.1556, Var: 0.0000, Ctx: 2, Train: 97.11%, Valid: 94.37%, Test In: 94.24% Test OOD1: 82.80% 
Epoch: 118, Loss: 0.3358, Cls: 0.1483, Ind: 0.0001, Med: 0.0373, Spu: 0.0000, FD: 0.1500, Var: 0.0000, Ctx: 2, Train: 97.14%, Valid: 94.37%, Test In: 94.23% Test OOD1: 83.03% 
Epoch: 119, Loss: 0.3413, Cls: 0.1507, Ind: 0.0001, Med: 0.0379, Spu: 0.0000, FD: 0.1525, Var: 0.0000, Ctx: 2, Train: 97.36%, Valid: 94.60%, Test In: 94.62% Test OOD1: 80.11% 
Epoch: 120, Loss: 0.3426, Cls: 0.1514, Ind: 0.0001, Med: 0.0381, Spu: 0.0000, FD: 0.1529, Var: 0.0000, Ctx: 2, Train: 96.87%, Valid: 94.03%, Test In: 93.85% Test OOD1: 83.64% 
Epoch: 121, Loss: 0.3469, Cls: 0.1530, Ind: 0.0001, Med: 0.0384, Spu: 0.0000, FD: 0.1552, Var: 0.0000, Ctx: 2, Train: 97.23%, Valid: 94.40%, Test In: 94.29% Test OOD1: 81.16% 
Epoch: 122, Loss: 0.3327, Cls: 0.1472, Ind: 0.0001, Med: 0.0372, Spu: 0.0000, FD: 0.1481, Var: 0.0000, Ctx: 2, Train: 97.43%, Valid: 94.66%, Test In: 94.62% Test OOD1: 79.00% 
Epoch: 123, Loss: 0.3425, Cls: 0.1515, Ind: 0.0001, Med: 0.0382, Spu: 0.0000, FD: 0.1526, Var: 0.0000, Ctx: 2, Train: 97.16%, Valid: 94.26%, Test In: 94.19% Test OOD1: 83.17% 
Epoch: 124, Loss: 0.3222, Cls: 0.1422, Ind: 0.0001, Med: 0.0358, Spu: 0.0000, FD: 0.1441, Var: 0.0000, Ctx: 2, Train: 97.38%, Valid: 94.46%, Test In: 94.35% Test OOD1: 81.50% 
Epoch: 125, Loss: 0.3268, Cls: 0.1443, Ind: 0.0001, Med: 0.0363, Spu: 0.0000, FD: 0.1459, Var: 0.0000, Ctx: 2, Train: 97.59%, Valid: 94.84%, Test In: 94.82% Test OOD1: 81.59% 
Epoch: 126, Loss: 0.3265, Cls: 0.1439, Ind: 0.0001, Med: 0.0361, Spu: 0.0000, FD: 0.1463, Var: 0.0000, Ctx: 2, Train: 97.53%, Valid: 94.66%, Test In: 94.62% Test OOD1: 83.17% 
Epoch: 127, Loss: 0.3276, Cls: 0.1444, Ind: 0.0001, Med: 0.0363, Spu: 0.0000, FD: 0.1467, Var: 0.0000, Ctx: 2, Train: 97.42%, Valid: 94.35%, Test In: 94.33% Test OOD1: 82.37% 
Epoch: 128, Loss: 0.3324, Cls: 0.1467, Ind: 0.0001, Med: 0.0369, Spu: 0.0000, FD: 0.1487, Var: 0.0000, Ctx: 2, Train: 97.70%, Valid: 94.71%, Test In: 94.72% Test OOD1: 83.13% 
Epoch: 129, Loss: 0.3133, Cls: 0.1385, Ind: 0.0001, Med: 0.0349, Spu: 0.0000, FD: 0.1396, Var: 0.0000, Ctx: 2, Train: 97.82%, Valid: 94.93%, Test In: 94.93% Test OOD1: 82.04% 
Epoch: 130, Loss: 0.3224, Cls: 0.1423, Ind: 0.0001, Med: 0.0358, Spu: 0.0000, FD: 0.1441, Var: 0.0000, Ctx: 2, Train: 97.62%, Valid: 94.71%, Test In: 94.57% Test OOD1: 82.79% 
Epoch: 131, Loss: 0.3078, Cls: 0.1360, Ind: 0.0001, Med: 0.0342, Spu: 0.0000, FD: 0.1374, Var: 0.0000, Ctx: 2, Train: 97.75%, Valid: 94.89%, Test In: 94.76% Test OOD1: 82.19% 
Epoch: 132, Loss: 0.3061, Cls: 0.1353, Ind: 0.0001, Med: 0.0341, Spu: 0.0000, FD: 0.1365, Var: 0.0000, Ctx: 2, Train: 97.94%, Valid: 94.91%, Test In: 94.90% Test OOD1: 81.68% 
Epoch: 133, Loss: 0.3129, Cls: 0.1383, Ind: 0.0001, Med: 0.0348, Spu: 0.0000, FD: 0.1397, Var: 0.0000, Ctx: 2, Train: 97.85%, Valid: 94.95%, Test In: 94.88% Test OOD1: 81.90% 
Epoch: 134, Loss: 0.3124, Cls: 0.1382, Ind: 0.0001, Med: 0.0348, Spu: 0.0000, FD: 0.1392, Var: 0.0000, Ctx: 2, Train: 97.72%, Valid: 94.52%, Test In: 94.56% Test OOD1: 82.50% 
Epoch: 135, Loss: 0.3082, Cls: 0.1360, Ind: 0.0001, Med: 0.0342, Spu: 0.0000, FD: 0.1379, Var: 0.0000, Ctx: 2, Train: 97.97%, Valid: 94.96%, Test In: 94.90% Test OOD1: 82.49% 
Epoch: 136, Loss: 0.3030, Cls: 0.1337, Ind: 0.0001, Med: 0.0336, Spu: 0.0000, FD: 0.1355, Var: 0.0000, Ctx: 2, Train: 98.01%, Valid: 95.13%, Test In: 95.04% Test OOD1: 80.82% 
Epoch: 137, Loss: 0.3092, Cls: 0.1366, Ind: 0.0001, Med: 0.0344, Spu: 0.0000, FD: 0.1380, Var: 0.0000, Ctx: 2, Train: 97.84%, Valid: 94.62%, Test In: 94.56% Test OOD1: 83.23% 
Epoch: 138, Loss: 0.3030, Cls: 0.1341, Ind: 0.0001, Med: 0.0338, Spu: 0.0000, FD: 0.1350, Var: 0.0000, Ctx: 2, Train: 97.95%, Valid: 94.82%, Test In: 94.69% Test OOD1: 82.44% 
Epoch: 139, Loss: 0.3004, Cls: 0.1325, Ind: 0.0001, Med: 0.0333, Spu: 0.0000, FD: 0.1345, Var: 0.0000, Ctx: 2, Train: 98.06%, Valid: 95.14%, Test In: 95.16% Test OOD1: 81.76% 
Epoch: 140, Loss: 0.3064, Cls: 0.1355, Ind: 0.0001, Med: 0.0341, Spu: 0.0000, FD: 0.1366, Var: 0.0000, Ctx: 2, Train: 98.13%, Valid: 95.05%, Test In: 95.08% Test OOD1: 82.77% 
Epoch: 141, Loss: 0.2967, Cls: 0.1311, Ind: 0.0001, Med: 0.0330, Spu: 0.0000, FD: 0.1325, Var: 0.0000, Ctx: 2, Train: 97.87%, Valid: 94.68%, Test In: 94.62% Test OOD1: 83.07% 
Epoch: 142, Loss: 0.3013, Cls: 0.1328, Ind: 0.0001, Med: 0.0333, Spu: 0.0000, FD: 0.1349, Var: 0.0000, Ctx: 2, Train: 98.19%, Valid: 94.97%, Test In: 95.08% Test OOD1: 83.69% 
Epoch: 143, Loss: 0.2937, Cls: 0.1298, Ind: 0.0001, Med: 0.0327, Spu: 0.0000, FD: 0.1310, Var: 0.0000, Ctx: 2, Train: 98.27%, Valid: 95.23%, Test In: 95.20% Test OOD1: 82.06% 
Epoch: 144, Loss: 0.3002, Cls: 0.1322, Ind: 0.0001, Med: 0.0331, Spu: 0.0000, FD: 0.1346, Var: 0.0000, Ctx: 2, Train: 98.03%, Valid: 94.84%, Test In: 94.93% Test OOD1: 84.07% 
Epoch: 145, Loss: 0.2846, Cls: 0.1260, Ind: 0.0001, Med: 0.0317, Spu: 0.0000, FD: 0.1267, Var: 0.0000, Ctx: 2, Train: 98.14%, Valid: 94.97%, Test In: 94.96% Test OOD1: 82.95% 
Epoch: 146, Loss: 0.2890, Cls: 0.1276, Ind: 0.0001, Med: 0.0321, Spu: 0.0000, FD: 0.1291, Var: 0.0000, Ctx: 2, Train: 98.29%, Valid: 95.05%, Test In: 95.17% Test OOD1: 82.88% 
Epoch: 147, Loss: 0.2839, Cls: 0.1252, Ind: 0.0001, Med: 0.0314, Spu: 0.0000, FD: 0.1271, Var: 0.0000, Ctx: 2, Train: 98.37%, Valid: 95.03%, Test In: 95.18% Test OOD1: 83.22% 
Epoch: 148, Loss: 0.2854, Cls: 0.1260, Ind: 0.0001, Med: 0.0316, Spu: 0.0000, FD: 0.1277, Var: 0.0000, Ctx: 2, Train: 98.34%, Valid: 95.05%, Test In: 95.15% Test OOD1: 82.85% 
Epoch: 149, Loss: 0.2935, Cls: 0.1294, Ind: 0.0001, Med: 0.0325, Spu: 0.0000, FD: 0.1314, Var: 0.0000, Ctx: 2, Train: 98.39%, Valid: 95.00%, Test In: 95.15% Test OOD1: 84.27% 
Epoch: 150, Loss: 0.2849, Cls: 0.1257, Ind: 0.0001, Med: 0.0316, Spu: 0.0000, FD: 0.1275, Var: 0.0000, Ctx: 2, Train: 98.54%, Valid: 95.41%, Test In: 95.40% Test OOD1: 81.87% 
Epoch: 151, Loss: 0.2888, Cls: 0.1274, Ind: 0.0001, Med: 0.0320, Spu: 0.0000, FD: 0.1293, Var: 0.0000, Ctx: 2, Train: 98.19%, Valid: 94.98%, Test In: 95.00% Test OOD1: 85.32% 
Epoch: 152, Loss: 0.2686, Cls: 0.1184, Ind: 0.0001, Med: 0.0297, Spu: 0.0000, FD: 0.1203, Var: 0.0000, Ctx: 2, Train: 98.32%, Valid: 95.22%, Test In: 95.25% Test OOD1: 82.11% 
Epoch: 153, Loss: 0.2728, Cls: 0.1204, Ind: 0.0001, Med: 0.0302, Spu: 0.0000, FD: 0.1220, Var: 0.0000, Ctx: 2, Train: 98.37%, Valid: 95.33%, Test In: 95.25% Test OOD1: 83.52% 
Epoch: 154, Loss: 0.2795, Cls: 0.1234, Ind: 0.0001, Med: 0.0310, Spu: 0.0000, FD: 0.1250, Var: 0.0000, Ctx: 2, Train: 98.41%, Valid: 95.37%, Test In: 95.19% Test OOD1: 84.02% 
Epoch: 155, Loss: 0.2733, Cls: 0.1207, Ind: 0.0001, Med: 0.0304, Spu: 0.0000, FD: 0.1220, Var: 0.0000, Ctx: 2, Train: 98.47%, Valid: 95.25%, Test In: 95.32% Test OOD1: 82.00% 
Epoch: 156, Loss: 0.2751, Cls: 0.1214, Ind: 0.0001, Med: 0.0305, Spu: 0.0000, FD: 0.1231, Var: 0.0000, Ctx: 2, Train: 98.48%, Valid: 95.08%, Test In: 95.07% Test OOD1: 84.93% 
Epoch: 157, Loss: 0.2723, Cls: 0.1201, Ind: 0.0001, Med: 0.0302, Spu: 0.0000, FD: 0.1219, Var: 0.0000, Ctx: 2, Train: 98.74%, Valid: 95.62%, Test In: 95.50% Test OOD1: 82.61% 
Epoch: 158, Loss: 0.2693, Cls: 0.1188, Ind: 0.0001, Med: 0.0298, Spu: 0.0000, FD: 0.1206, Var: 0.0000, Ctx: 2, Train: 98.71%, Valid: 95.47%, Test In: 95.52% Test OOD1: 83.25% 
Epoch: 159, Loss: 0.2676, Cls: 0.1179, Ind: 0.0001, Med: 0.0295, Spu: 0.0000, FD: 0.1200, Var: 0.0000, Ctx: 2, Train: 98.37%, Valid: 94.85%, Test In: 94.96% Test OOD1: 85.64% 
Epoch: 160, Loss: 0.2720, Cls: 0.1198, Ind: 0.0001, Med: 0.0300, Spu: 0.0000, FD: 0.1220, Var: 0.0000, Ctx: 2, Train: 98.54%, Valid: 95.46%, Test In: 95.37% Test OOD1: 80.50% 
Epoch: 161, Loss: 0.2828, Cls: 0.1253, Ind: 0.0001, Med: 0.0316, Spu: 0.0000, FD: 0.1258, Var: 0.0000, Ctx: 2, Train: 98.29%, Valid: 95.04%, Test In: 94.81% Test OOD1: 85.56% 
Epoch: 162, Loss: 0.2881, Cls: 0.1267, Ind: 0.0001, Med: 0.0317, Spu: 0.0000, FD: 0.1296, Var: 0.0000, Ctx: 2, Train: 98.51%, Valid: 95.28%, Test In: 95.37% Test OOD1: 81.89% 
Epoch: 163, Loss: 0.2649, Cls: 0.1171, Ind: 0.0001, Med: 0.0295, Spu: 0.0000, FD: 0.1181, Var: 0.0000, Ctx: 2, Train: 98.73%, Valid: 95.61%, Test In: 95.58% Test OOD1: 81.99% 
Epoch: 164, Loss: 0.2662, Cls: 0.1175, Ind: 0.0001, Med: 0.0295, Spu: 0.0000, FD: 0.1190, Var: 0.0000, Ctx: 2, Train: 98.51%, Valid: 95.29%, Test In: 95.20% Test OOD1: 85.00% 
Epoch: 165, Loss: 0.2663, Cls: 0.1174, Ind: 0.0001, Med: 0.0294, Spu: 0.0000, FD: 0.1193, Var: 0.0000, Ctx: 2, Train: 98.66%, Valid: 95.49%, Test In: 95.42% Test OOD1: 82.48% 
Epoch: 166, Loss: 0.2588, Cls: 0.1142, Ind: 0.0001, Med: 0.0287, Spu: 0.0000, FD: 0.1157, Var: 0.0000, Ctx: 2, Train: 98.86%, Valid: 95.64%, Test In: 95.49% Test OOD1: 83.49% 
Epoch: 167, Loss: 0.2537, Cls: 0.1121, Ind: 0.0001, Med: 0.0282, Spu: 0.0000, FD: 0.1132, Var: 0.0000, Ctx: 2, Train: 98.84%, Valid: 95.62%, Test In: 95.40% Test OOD1: 84.05% 
Epoch: 168, Loss: 0.2526, Cls: 0.1115, Ind: 0.0001, Med: 0.0280, Spu: 0.0000, FD: 0.1130, Var: 0.0000, Ctx: 2, Train: 98.80%, Valid: 95.70%, Test In: 95.59% Test OOD1: 82.44% 
Epoch: 169, Loss: 0.2534, Cls: 0.1116, Ind: 0.0001, Med: 0.0279, Spu: 0.0000, FD: 0.1137, Var: 0.0000, Ctx: 2, Train: 98.82%, Valid: 95.64%, Test In: 95.52% Test OOD1: 83.50% 
Epoch: 170, Loss: 0.2510, Cls: 0.1108, Ind: 0.0001, Med: 0.0278, Spu: 0.0000, FD: 0.1123, Var: 0.0000, Ctx: 2, Train: 98.91%, Valid: 95.80%, Test In: 95.66% Test OOD1: 83.74% 
Epoch: 171, Loss: 0.2529, Cls: 0.1118, Ind: 0.0001, Med: 0.0281, Spu: 0.0000, FD: 0.1128, Var: 0.0000, Ctx: 2, Train: 98.88%, Valid: 95.62%, Test In: 95.56% Test OOD1: 83.69% 
Epoch: 172, Loss: 0.2499, Cls: 0.1101, Ind: 0.0001, Med: 0.0276, Spu: 0.0000, FD: 0.1120, Var: 0.0000, Ctx: 2, Train: 98.85%, Valid: 95.68%, Test In: 95.48% Test OOD1: 85.19% 
Epoch: 173, Loss: 0.2504, Cls: 0.1104, Ind: 0.0001, Med: 0.0277, Spu: 0.0000, FD: 0.1122, Var: 0.0000, Ctx: 2, Train: 99.01%, Valid: 95.83%, Test In: 95.68% Test OOD1: 83.96% 
Epoch: 174, Loss: 0.2540, Cls: 0.1120, Ind: 0.0001, Med: 0.0281, Spu: 0.0000, FD: 0.1137, Var: 0.0000, Ctx: 2, Train: 99.00%, Valid: 95.84%, Test In: 95.64% Test OOD1: 85.01% 
Epoch: 175, Loss: 0.2411, Cls: 0.1066, Ind: 0.0001, Med: 0.0268, Spu: 0.0000, FD: 0.1075, Var: 0.0000, Ctx: 2, Train: 99.03%, Valid: 95.79%, Test In: 95.58% Test OOD1: 85.02% 
Epoch: 176, Loss: 0.2420, Cls: 0.1067, Ind: 0.0001, Med: 0.0267, Spu: 0.0000, FD: 0.1085, Var: 0.0000, Ctx: 2, Train: 99.09%, Valid: 95.88%, Test In: 95.64% Test OOD1: 84.69% 
Epoch: 177, Loss: 0.2452, Cls: 0.1082, Ind: 0.0001, Med: 0.0271, Spu: 0.0000, FD: 0.1097, Var: 0.0000, Ctx: 2, Train: 99.11%, Valid: 95.94%, Test In: 95.76% Test OOD1: 84.57% 
Epoch: 178, Loss: 0.2337, Cls: 0.1033, Ind: 0.0001, Med: 0.0260, Spu: 0.0000, FD: 0.1043, Var: 0.0000, Ctx: 2, Train: 99.06%, Valid: 95.72%, Test In: 95.60% Test OOD1: 85.82% 
Epoch: 179, Loss: 0.2451, Cls: 0.1082, Ind: 0.0001, Med: 0.0272, Spu: 0.0000, FD: 0.1095, Var: 0.0000, Ctx: 2, Train: 99.13%, Valid: 96.00%, Test In: 95.82% Test OOD1: 83.53% 
Epoch: 180, Loss: 0.2437, Cls: 0.1079, Ind: 0.0001, Med: 0.0272, Spu: 0.0000, FD: 0.1084, Var: 0.0000, Ctx: 2, Train: 98.93%, Valid: 95.61%, Test In: 95.53% Test OOD1: 85.79% 
Epoch: 181, Loss: 0.2418, Cls: 0.1067, Ind: 0.0001, Med: 0.0268, Spu: 0.0000, FD: 0.1082, Var: 0.0000, Ctx: 2, Train: 98.99%, Valid: 95.67%, Test In: 95.65% Test OOD1: 84.50% 
Epoch: 182, Loss: 0.2343, Cls: 0.1035, Ind: 0.0001, Med: 0.0260, Spu: 0.0000, FD: 0.1046, Var: 0.0000, Ctx: 2, Train: 99.21%, Valid: 96.06%, Test In: 96.02% Test OOD1: 83.06% 
Epoch: 183, Loss: 0.2357, Cls: 0.1041, Ind: 0.0001, Med: 0.0261, Spu: 0.0000, FD: 0.1053, Var: 0.0000, Ctx: 2, Train: 99.12%, Valid: 95.88%, Test In: 95.80% Test OOD1: 84.87% 
Epoch: 184, Loss: 0.2463, Cls: 0.1087, Ind: 0.0001, Med: 0.0272, Spu: 0.0000, FD: 0.1103, Var: 0.0000, Ctx: 2, Train: 98.96%, Valid: 95.71%, Test In: 95.69% Test OOD1: 83.70% 
Epoch: 185, Loss: 0.2467, Cls: 0.1091, Ind: 0.0001, Med: 0.0274, Spu: 0.0000, FD: 0.1100, Var: 0.0000, Ctx: 2, Train: 99.22%, Valid: 96.08%, Test In: 95.92% Test OOD1: 84.70% 
Epoch: 186, Loss: 0.2334, Cls: 0.1031, Ind: 0.0001, Med: 0.0259, Spu: 0.0000, FD: 0.1043, Var: 0.0000, Ctx: 2, Train: 99.16%, Valid: 95.98%, Test In: 95.81% Test OOD1: 85.35% 
Epoch: 187, Loss: 0.2346, Cls: 0.1035, Ind: 0.0001, Med: 0.0260, Spu: 0.0000, FD: 0.1050, Var: 0.0000, Ctx: 2, Train: 99.21%, Valid: 95.97%, Test In: 95.75% Test OOD1: 83.87% 
Epoch: 188, Loss: 0.2429, Cls: 0.1073, Ind: 0.0001, Med: 0.0269, Spu: 0.0000, FD: 0.1085, Var: 0.0000, Ctx: 2, Train: 98.90%, Valid: 95.33%, Test In: 95.20% Test OOD1: 88.30% 
Epoch: 189, Loss: 0.2395, Cls: 0.1057, Ind: 0.0001, Med: 0.0265, Spu: 0.0000, FD: 0.1071, Var: 0.0000, Ctx: 2, Train: 99.33%, Valid: 96.06%, Test In: 95.81% Test OOD1: 83.13% 
Epoch: 190, Loss: 0.2457, Cls: 0.1081, Ind: 0.0001, Med: 0.0270, Spu: 0.0000, FD: 0.1105, Var: 0.0000, Ctx: 2, Train: 99.28%, Valid: 95.83%, Test In: 95.79% Test OOD1: 86.16% 
Epoch: 191, Loss: 0.2244, Cls: 0.0989, Ind: 0.0001, Med: 0.0248, Spu: 0.0000, FD: 0.1006, Var: 0.0000, Ctx: 2, Train: 99.14%, Valid: 95.70%, Test In: 95.60% Test OOD1: 87.07% 
Epoch: 192, Loss: 0.2402, Cls: 0.1061, Ind: 0.0001, Med: 0.0267, Spu: 0.0000, FD: 0.1072, Var: 0.0000, Ctx: 2, Train: 99.24%, Valid: 96.11%, Test In: 95.85% Test OOD1: 83.29% 
Epoch: 193, Loss: 0.2371, Cls: 0.1041, Ind: 0.0001, Med: 0.0260, Spu: 0.0000, FD: 0.1069, Var: 0.0000, Ctx: 2, Train: 99.10%, Valid: 95.69%, Test In: 95.60% Test OOD1: 87.37% 
Epoch: 194, Loss: 0.2195, Cls: 0.0972, Ind: 0.0001, Med: 0.0245, Spu: 0.0000, FD: 0.0977, Var: 0.0000, Ctx: 2, Train: 99.37%, Valid: 96.13%, Test In: 95.91% Test OOD1: 85.21% 
Epoch: 195, Loss: 0.2226, Cls: 0.0981, Ind: 0.0001, Med: 0.0246, Spu: 0.0000, FD: 0.0997, Var: 0.0000, Ctx: 2, Train: 99.36%, Valid: 96.27%, Test In: 96.06% Test OOD1: 83.27% 
Epoch: 196, Loss: 0.2287, Cls: 0.1007, Ind: 0.0001, Med: 0.0252, Spu: 0.0000, FD: 0.1026, Var: 0.0000, Ctx: 2, Train: 99.20%, Valid: 95.81%, Test In: 95.68% Test OOD1: 86.54% 
Epoch: 197, Loss: 0.2256, Cls: 0.0997, Ind: 0.0001, Med: 0.0251, Spu: 0.0000, FD: 0.1007, Var: 0.0000, Ctx: 2, Train: 99.24%, Valid: 96.07%, Test In: 95.98% Test OOD1: 83.57% 
Epoch: 198, Loss: 0.2280, Cls: 0.1006, Ind: 0.0001, Med: 0.0252, Spu: 0.0000, FD: 0.1020, Var: 0.0000, Ctx: 2, Train: 99.30%, Valid: 96.19%, Test In: 96.02% Test OOD1: 83.13% 
Epoch: 199, Loss: 0.2209, Cls: 0.0976, Ind: 0.0001, Med: 0.0245, Spu: 0.0000, FD: 0.0986, Var: 0.0000, Ctx: 2, Train: 99.16%, Valid: 95.70%, Test In: 95.69% Test OOD1: 86.90% 
Epoch: 200, Loss: 0.2343, Cls: 0.1035, Ind: 0.0001, Med: 0.0260, Spu: 0.0000, FD: 0.1047, Var: 0.0000, Ctx: 2, Train: 99.30%, Valid: 96.19%, Test In: 95.96% Test OOD1: 83.38% 
Epoch: 201, Loss: 0.2098, Cls: 0.0924, Ind: 0.0001, Med: 0.0232, Spu: 0.0000, FD: 0.0941, Var: 0.0000, Ctx: 2, Train: 99.45%, Valid: 96.32%, Test In: 96.05% Test OOD1: 84.35% 
Epoch: 202, Loss: 0.2143, Cls: 0.0947, Ind: 0.0001, Med: 0.0238, Spu: 0.0000, FD: 0.0957, Var: 0.0000, Ctx: 2, Train: 99.11%, Valid: 95.73%, Test In: 95.58% Test OOD1: 88.09% 
Epoch: 203, Loss: 0.2262, Cls: 0.0997, Ind: 0.0001, Med: 0.0250, Spu: 0.0000, FD: 0.1014, Var: 0.0000, Ctx: 2, Train: 99.43%, Valid: 96.40%, Test In: 96.19% Test OOD1: 84.57% 
Epoch: 204, Loss: 0.2190, Cls: 0.0967, Ind: 0.0001, Med: 0.0243, Spu: 0.0000, FD: 0.0978, Var: 0.0000, Ctx: 2, Train: 99.48%, Valid: 96.36%, Test In: 96.23% Test OOD1: 84.83% 
Epoch: 205, Loss: 0.2215, Cls: 0.0979, Ind: 0.0001, Med: 0.0246, Spu: 0.0000, FD: 0.0988, Var: 0.0000, Ctx: 2, Train: 99.21%, Valid: 95.94%, Test In: 95.83% Test OOD1: 87.46% 
Epoch: 206, Loss: 0.2160, Cls: 0.0951, Ind: 0.0001, Med: 0.0238, Spu: 0.0000, FD: 0.0969, Var: 0.0000, Ctx: 2, Train: 99.28%, Valid: 96.20%, Test In: 96.11% Test OOD1: 83.49% 
Epoch: 207, Loss: 0.2229, Cls: 0.0983, Ind: 0.0001, Med: 0.0246, Spu: 0.0000, FD: 0.0998, Var: 0.0000, Ctx: 2, Train: 99.47%, Valid: 96.42%, Test In: 96.22% Test OOD1: 84.64% 
Epoch: 208, Loss: 0.2182, Cls: 0.0963, Ind: 0.0001, Med: 0.0241, Spu: 0.0000, FD: 0.0976, Var: 0.0000, Ctx: 2, Train: 99.34%, Valid: 96.13%, Test In: 95.95% Test OOD1: 86.56% 
Epoch: 209, Loss: 0.2247, Cls: 0.0994, Ind: 0.0001, Med: 0.0250, Spu: 0.0000, FD: 0.1002, Var: 0.0000, Ctx: 2, Train: 99.50%, Valid: 96.36%, Test In: 96.10% Test OOD1: 84.56% 
Epoch: 210, Loss: 0.2092, Cls: 0.0924, Ind: 0.0001, Med: 0.0232, Spu: 0.0000, FD: 0.0934, Var: 0.0000, Ctx: 2, Train: 99.53%, Valid: 96.36%, Test In: 96.17% Test OOD1: 84.19% 
Epoch: 211, Loss: 0.2046, Cls: 0.0904, Ind: 0.0001, Med: 0.0227, Spu: 0.0000, FD: 0.0914, Var: 0.0000, Ctx: 2, Train: 99.50%, Valid: 96.42%, Test In: 96.11% Test OOD1: 85.52% 
Epoch: 212, Loss: 0.2116, Cls: 0.0933, Ind: 0.0001, Med: 0.0234, Spu: 0.0000, FD: 0.0947, Var: 0.0000, Ctx: 2, Train: 99.52%, Valid: 96.44%, Test In: 96.10% Test OOD1: 85.13% 
Epoch: 213, Loss: 0.2075, Cls: 0.0917, Ind: 0.0001, Med: 0.0231, Spu: 0.0000, FD: 0.0925, Var: 0.0000, Ctx: 2, Train: 99.46%, Valid: 96.42%, Test In: 96.21% Test OOD1: 84.83% 
Epoch: 214, Loss: 0.2018, Cls: 0.0892, Ind: 0.0001, Med: 0.0224, Spu: 0.0000, FD: 0.0902, Var: 0.0000, Ctx: 2, Train: 99.41%, Valid: 96.29%, Test In: 96.13% Test OOD1: 86.12% 
Epoch: 215, Loss: 0.2128, Cls: 0.0941, Ind: 0.0001, Med: 0.0236, Spu: 0.0000, FD: 0.0950, Var: 0.0000, Ctx: 2, Train: 99.48%, Valid: 96.38%, Test In: 96.16% Test OOD1: 85.63% 
Epoch: 216, Loss: 0.2097, Cls: 0.0928, Ind: 0.0001, Med: 0.0233, Spu: 0.0000, FD: 0.0934, Var: 0.0000, Ctx: 2, Train: 99.55%, Valid: 96.48%, Test In: 96.23% Test OOD1: 85.82% 
Epoch: 217, Loss: 0.2084, Cls: 0.0920, Ind: 0.0001, Med: 0.0231, Spu: 0.0000, FD: 0.0932, Var: 0.0000, Ctx: 2, Train: 99.59%, Valid: 96.53%, Test In: 96.40% Test OOD1: 85.55% 
Epoch: 218, Loss: 0.2037, Cls: 0.0899, Ind: 0.0001, Med: 0.0226, Spu: 0.0000, FD: 0.0910, Var: 0.0000, Ctx: 2, Train: 99.54%, Valid: 96.33%, Test In: 96.18% Test OOD1: 86.51% 
Epoch: 219, Loss: 0.2070, Cls: 0.0913, Ind: 0.0001, Med: 0.0229, Spu: 0.0000, FD: 0.0926, Var: 0.0000, Ctx: 2, Train: 99.55%, Valid: 96.40%, Test In: 96.33% Test OOD1: 85.34% 
Epoch: 220, Loss: 0.1972, Cls: 0.0870, Ind: 0.0001, Med: 0.0218, Spu: 0.0000, FD: 0.0882, Var: 0.0000, Ctx: 2, Train: 99.52%, Valid: 96.44%, Test In: 96.24% Test OOD1: 86.10% 
Epoch: 221, Loss: 0.2091, Cls: 0.0924, Ind: 0.0001, Med: 0.0232, Spu: 0.0000, FD: 0.0934, Var: 0.0000, Ctx: 2, Train: 99.45%, Valid: 96.33%, Test In: 96.17% Test OOD1: 86.10% 
Epoch: 222, Loss: 0.1998, Cls: 0.0880, Ind: 0.0001, Med: 0.0220, Spu: 0.0000, FD: 0.0897, Var: 0.0000, Ctx: 2, Train: 99.55%, Valid: 96.62%, Test In: 96.29% Test OOD1: 85.46% 
Epoch: 223, Loss: 0.1997, Cls: 0.0882, Ind: 0.0001, Med: 0.0221, Spu: 0.0000, FD: 0.0892, Var: 0.0000, Ctx: 2, Train: 99.52%, Valid: 96.58%, Test In: 96.29% Test OOD1: 86.10% 
Epoch: 224, Loss: 0.1913, Cls: 0.0844, Ind: 0.0001, Med: 0.0212, Spu: 0.0000, FD: 0.0856, Var: 0.0000, Ctx: 2, Train: 99.55%, Valid: 96.57%, Test In: 96.25% Test OOD1: 85.81% 
Epoch: 225, Loss: 0.2008, Cls: 0.0886, Ind: 0.0001, Med: 0.0222, Spu: 0.0000, FD: 0.0899, Var: 0.0000, Ctx: 2, Train: 99.63%, Valid: 96.65%, Test In: 96.45% Test OOD1: 85.21% 
Epoch: 226, Loss: 0.1919, Cls: 0.0846, Ind: 0.0001, Med: 0.0212, Spu: 0.0000, FD: 0.0859, Var: 0.0000, Ctx: 2, Train: 99.58%, Valid: 96.57%, Test In: 96.30% Test OOD1: 85.81% 
Epoch: 227, Loss: 0.1919, Cls: 0.0847, Ind: 0.0001, Med: 0.0212, Spu: 0.0000, FD: 0.0858, Var: 0.0000, Ctx: 2, Train: 99.56%, Valid: 96.56%, Test In: 96.39% Test OOD1: 86.07% 
Epoch: 228, Loss: 0.1996, Cls: 0.0882, Ind: 0.0001, Med: 0.0221, Spu: 0.0000, FD: 0.0891, Var: 0.0000, Ctx: 2, Train: 99.69%, Valid: 96.73%, Test In: 96.66% Test OOD1: 85.41% 
Epoch: 229, Loss: 0.1938, Cls: 0.0857, Ind: 0.0001, Med: 0.0215, Spu: 0.0000, FD: 0.0864, Var: 0.0000, Ctx: 2, Train: 99.65%, Valid: 96.68%, Test In: 96.54% Test OOD1: 86.50% 
Epoch: 230, Loss: 0.1937, Cls: 0.0854, Ind: 0.0001, Med: 0.0214, Spu: 0.0000, FD: 0.0868, Var: 0.0000, Ctx: 2, Train: 99.55%, Valid: 96.38%, Test In: 96.19% Test OOD1: 87.04% 
Epoch: 231, Loss: 0.2017, Cls: 0.0891, Ind: 0.0001, Med: 0.0223, Spu: 0.0000, FD: 0.0902, Var: 0.0000, Ctx: 2, Train: 99.69%, Valid: 96.65%, Test In: 96.52% Test OOD1: 85.49% 
Epoch: 232, Loss: 0.1950, Cls: 0.0862, Ind: 0.0001, Med: 0.0216, Spu: 0.0000, FD: 0.0871, Var: 0.0000, Ctx: 2, Train: 99.66%, Valid: 96.53%, Test In: 96.45% Test OOD1: 86.13% 
Epoch: 233, Loss: 0.1997, Cls: 0.0880, Ind: 0.0001, Med: 0.0220, Spu: 0.0000, FD: 0.0895, Var: 0.0000, Ctx: 2, Train: 99.53%, Valid: 96.48%, Test In: 96.21% Test OOD1: 86.98% 
Epoch: 234, Loss: 0.1923, Cls: 0.0849, Ind: 0.0001, Med: 0.0213, Spu: 0.0000, FD: 0.0860, Var: 0.0000, Ctx: 2, Train: 99.64%, Valid: 96.46%, Test In: 96.46% Test OOD1: 84.77% 
Epoch: 235, Loss: 0.1966, Cls: 0.0868, Ind: 0.0001, Med: 0.0218, Spu: 0.0000, FD: 0.0879, Var: 0.0000, Ctx: 2, Train: 99.63%, Valid: 96.54%, Test In: 96.31% Test OOD1: 86.90% 
Epoch: 236, Loss: 0.1983, Cls: 0.0876, Ind: 0.0001, Med: 0.0220, Spu: 0.0000, FD: 0.0885, Var: 0.0000, Ctx: 2, Train: 99.68%, Valid: 96.67%, Test In: 96.54% Test OOD1: 86.32% 
Epoch: 237, Loss: 0.1940, Cls: 0.0857, Ind: 0.0001, Med: 0.0215, Spu: 0.0000, FD: 0.0867, Var: 0.0000, Ctx: 2, Train: 99.64%, Valid: 96.58%, Test In: 96.54% Test OOD1: 86.14% 
Epoch: 238, Loss: 0.1884, Cls: 0.0829, Ind: 0.0001, Med: 0.0207, Spu: 0.0000, FD: 0.0847, Var: 0.0000, Ctx: 2, Train: 99.52%, Valid: 96.46%, Test In: 96.27% Test OOD1: 87.84% 
Epoch: 239, Loss: 0.2070, Cls: 0.0913, Ind: 0.0001, Med: 0.0228, Spu: 0.0000, FD: 0.0928, Var: 0.0000, Ctx: 2, Train: 99.54%, Valid: 96.40%, Test In: 96.34% Test OOD1: 86.26% 
Epoch: 240, Loss: 0.1948, Cls: 0.0860, Ind: 0.0001, Med: 0.0215, Spu: 0.0000, FD: 0.0871, Var: 0.0000, Ctx: 2, Train: 99.67%, Valid: 96.63%, Test In: 96.43% Test OOD1: 87.53% 
Epoch: 241, Loss: 0.1886, Cls: 0.0832, Ind: 0.0001, Med: 0.0209, Spu: 0.0000, FD: 0.0844, Var: 0.0000, Ctx: 2, Train: 99.63%, Valid: 96.66%, Test In: 96.46% Test OOD1: 87.31% 
Epoch: 242, Loss: 0.2042, Cls: 0.0902, Ind: 0.0001, Med: 0.0226, Spu: 0.0000, FD: 0.0913, Var: 0.0000, Ctx: 2, Train: 99.53%, Valid: 96.44%, Test In: 96.37% Test OOD1: 87.23% 
Epoch: 243, Loss: 0.2004, Cls: 0.0884, Ind: 0.0001, Med: 0.0221, Spu: 0.0000, FD: 0.0898, Var: 0.0000, Ctx: 2, Train: 99.63%, Valid: 96.64%, Test In: 96.40% Test OOD1: 87.64% 
Epoch: 244, Loss: 0.1788, Cls: 0.0791, Ind: 0.0001, Med: 0.0199, Spu: 0.0000, FD: 0.0797, Var: 0.0000, Ctx: 2, Train: 99.60%, Valid: 96.75%, Test In: 96.45% Test OOD1: 87.07% 
Epoch: 245, Loss: 0.1930, Cls: 0.0852, Ind: 0.0001, Med: 0.0214, Spu: 0.0000, FD: 0.0862, Var: 0.0000, Ctx: 2, Train: 99.71%, Valid: 96.71%, Test In: 96.67% Test OOD1: 85.94% 
Epoch: 246, Loss: 0.1908, Cls: 0.0842, Ind: 0.0001, Med: 0.0211, Spu: 0.0000, FD: 0.0854, Var: 0.0000, Ctx: 2, Train: 99.46%, Valid: 96.34%, Test In: 96.19% Test OOD1: 89.06% 
Epoch: 247, Loss: 0.2032, Cls: 0.0896, Ind: 0.0001, Med: 0.0224, Spu: 0.0000, FD: 0.0910, Var: 0.0000, Ctx: 2, Train: 99.73%, Valid: 96.73%, Test In: 96.63% Test OOD1: 85.96% 
Epoch: 248, Loss: 0.1879, Cls: 0.0830, Ind: 0.0001, Med: 0.0208, Spu: 0.0000, FD: 0.0840, Var: 0.0000, Ctx: 2, Train: 99.75%, Valid: 96.84%, Test In: 96.70% Test OOD1: 85.98% 
Epoch: 249, Loss: 0.1899, Cls: 0.0839, Ind: 0.0001, Med: 0.0210, Spu: 0.0000, FD: 0.0849, Var: 0.0000, Ctx: 2, Train: 99.45%, Valid: 96.05%, Test In: 95.83% Test OOD1: 89.56% 
Epoch: 250, Loss: 0.2022, Cls: 0.0891, Ind: 0.0001, Med: 0.0223, Spu: 0.0000, FD: 0.0906, Var: 0.0000, Ctx: 2, Train: 99.74%, Valid: 96.77%, Test In: 96.71% Test OOD1: 85.86% 
Epoch: 251, Loss: 0.1911, Cls: 0.0843, Ind: 0.0001, Med: 0.0211, Spu: 0.0000, FD: 0.0855, Var: 0.0000, Ctx: 2, Train: 99.73%, Valid: 96.80%, Test In: 96.67% Test OOD1: 86.44% 
Epoch: 252, Loss: 0.1959, Cls: 0.0865, Ind: 0.0001, Med: 0.0217, Spu: 0.0000, FD: 0.0875, Var: 0.0000, Ctx: 2, Train: 99.45%, Valid: 96.17%, Test In: 96.14% Test OOD1: 89.65% 
Epoch: 253, Loss: 0.1991, Cls: 0.0878, Ind: 0.0001, Med: 0.0220, Spu: 0.0000, FD: 0.0892, Var: 0.0000, Ctx: 2, Train: 99.63%, Valid: 96.65%, Test In: 96.61% Test OOD1: 85.14% 
Epoch: 254, Loss: 0.1950, Cls: 0.0861, Ind: 0.0001, Med: 0.0216, Spu: 0.0000, FD: 0.0872, Var: 0.0000, Ctx: 2, Train: 99.71%, Valid: 96.67%, Test In: 96.61% Test OOD1: 86.79% 
Epoch: 255, Loss: 0.1914, Cls: 0.0846, Ind: 0.0001, Med: 0.0212, Spu: 0.0000, FD: 0.0854, Var: 0.0000, Ctx: 2, Train: 99.60%, Valid: 96.46%, Test In: 96.46% Test OOD1: 88.81% 
Epoch: 256, Loss: 0.1842, Cls: 0.0812, Ind: 0.0001, Med: 0.0203, Spu: 0.0000, FD: 0.0825, Var: 0.0000, Ctx: 2, Train: 99.43%, Valid: 96.38%, Test In: 96.40% Test OOD1: 85.73% 
Epoch: 257, Loss: 0.2080, Cls: 0.0918, Ind: 0.0001, Med: 0.0230, Spu: 0.0000, FD: 0.0930, Var: 0.0000, Ctx: 2, Train: 99.59%, Valid: 96.56%, Test In: 96.48% Test OOD1: 88.98% 
Epoch: 258, Loss: 0.1839, Cls: 0.0812, Ind: 0.0001, Med: 0.0203, Spu: 0.0000, FD: 0.0823, Var: 0.0000, Ctx: 2, Train: 99.77%, Valid: 96.94%, Test In: 96.74% Test OOD1: 86.83% 
Epoch: 259, Loss: 0.1812, Cls: 0.0800, Ind: 0.0001, Med: 0.0200, Spu: 0.0000, FD: 0.0810, Var: 0.0000, Ctx: 2, Train: 99.70%, Valid: 96.64%, Test In: 96.71% Test OOD1: 85.52% 
Epoch: 260, Loss: 0.1891, Cls: 0.0831, Ind: 0.0001, Med: 0.0207, Spu: 0.0000, FD: 0.0851, Var: 0.0000, Ctx: 2, Train: 99.65%, Valid: 96.50%, Test In: 96.42% Test OOD1: 88.79% 
Epoch: 261, Loss: 0.1815, Cls: 0.0803, Ind: 0.0001, Med: 0.0202, Spu: 0.0000, FD: 0.0810, Var: 0.0000, Ctx: 2, Train: 99.78%, Valid: 96.75%, Test In: 96.59% Test OOD1: 87.29% 
Epoch: 262, Loss: 0.1804, Cls: 0.0796, Ind: 0.0001, Med: 0.0199, Spu: 0.0000, FD: 0.0808, Var: 0.0000, Ctx: 2, Train: 99.77%, Valid: 96.75%, Test In: 96.71% Test OOD1: 84.07% 
Epoch: 263, Loss: 0.1872, Cls: 0.0825, Ind: 0.0001, Med: 0.0206, Spu: 0.0000, FD: 0.0839, Var: 0.0000, Ctx: 2, Train: 99.57%, Valid: 96.30%, Test In: 96.36% Test OOD1: 88.58% 
Epoch: 264, Loss: 0.1888, Cls: 0.0834, Ind: 0.0001, Med: 0.0209, Spu: 0.0000, FD: 0.0843, Var: 0.0000, Ctx: 2, Train: 99.71%, Valid: 96.75%, Test In: 96.72% Test OOD1: 87.70% 
Epoch: 265, Loss: 0.1782, Cls: 0.0787, Ind: 0.0001, Med: 0.0197, Spu: 0.0000, FD: 0.0796, Var: 0.0000, Ctx: 2, Train: 99.78%, Valid: 96.92%, Test In: 96.81% Test OOD1: 84.77% 
Epoch: 266, Loss: 0.1825, Cls: 0.0804, Ind: 0.0001, Med: 0.0201, Spu: 0.0000, FD: 0.0819, Var: 0.0000, Ctx: 2, Train: 99.73%, Valid: 96.81%, Test In: 96.77% Test OOD1: 87.71% 
Epoch: 267, Loss: 0.1857, Cls: 0.0820, Ind: 0.0001, Med: 0.0206, Spu: 0.0000, FD: 0.0830, Var: 0.0000, Ctx: 2, Train: 99.63%, Valid: 96.46%, Test In: 96.62% Test OOD1: 88.42% 
Epoch: 268, Loss: 0.1849, Cls: 0.0815, Ind: 0.0001, Med: 0.0204, Spu: 0.0000, FD: 0.0829, Var: 0.0000, Ctx: 2, Train: 99.78%, Valid: 96.90%, Test In: 96.77% Test OOD1: 85.96% 
Epoch: 269, Loss: 0.1781, Cls: 0.0786, Ind: 0.0001, Med: 0.0197, Spu: 0.0000, FD: 0.0796, Var: 0.0000, Ctx: 2, Train: 99.82%, Valid: 96.87%, Test In: 96.77% Test OOD1: 86.20% 
Epoch: 270, Loss: 0.1780, Cls: 0.0786, Ind: 0.0001, Med: 0.0197, Spu: 0.0000, FD: 0.0795, Var: 0.0000, Ctx: 2, Train: 99.73%, Valid: 96.59%, Test In: 96.56% Test OOD1: 87.52% 
Epoch: 271, Loss: 0.1691, Cls: 0.0746, Ind: 0.0001, Med: 0.0187, Spu: 0.0000, FD: 0.0757, Var: 0.0000, Ctx: 2, Train: 99.72%, Valid: 96.64%, Test In: 96.71% Test OOD1: 86.72% 
Epoch: 272, Loss: 0.1816, Cls: 0.0802, Ind: 0.0001, Med: 0.0201, Spu: 0.0000, FD: 0.0811, Var: 0.0000, Ctx: 2, Train: 99.79%, Valid: 96.87%, Test In: 96.66% Test OOD1: 87.21% 
Epoch: 273, Loss: 0.1753, Cls: 0.0775, Ind: 0.0001, Med: 0.0194, Spu: 0.0000, FD: 0.0783, Var: 0.0000, Ctx: 2, Train: 99.79%, Valid: 96.94%, Test In: 96.70% Test OOD1: 87.49% 
Epoch: 274, Loss: 0.1773, Cls: 0.0782, Ind: 0.0001, Med: 0.0196, Spu: 0.0000, FD: 0.0794, Var: 0.0000, Ctx: 2, Train: 99.78%, Valid: 96.80%, Test In: 96.83% Test OOD1: 87.75% 
Epoch: 275, Loss: 0.1920, Cls: 0.0847, Ind: 0.0001, Med: 0.0212, Spu: 0.0000, FD: 0.0859, Var: 0.0000, Ctx: 2, Train: 99.79%, Valid: 96.89%, Test In: 96.75% Test OOD1: 88.64% 
Epoch: 276, Loss: 0.1712, Cls: 0.0756, Ind: 0.0001, Med: 0.0189, Spu: 0.0000, FD: 0.0766, Var: 0.0000, Ctx: 2, Train: 99.79%, Valid: 96.96%, Test In: 96.68% Test OOD1: 87.76% 
Epoch: 277, Loss: 0.1846, Cls: 0.0815, Ind: 0.0001, Med: 0.0204, Spu: 0.0000, FD: 0.0825, Var: 0.0000, Ctx: 2, Train: 99.77%, Valid: 96.77%, Test In: 96.71% Test OOD1: 87.06% 
Epoch: 278, Loss: 0.1851, Cls: 0.0816, Ind: 0.0001, Med: 0.0204, Spu: 0.0000, FD: 0.0830, Var: 0.0000, Ctx: 2, Train: 99.66%, Valid: 96.49%, Test In: 96.36% Test OOD1: 89.04% 
Epoch: 279, Loss: 0.1795, Cls: 0.0794, Ind: 0.0001, Med: 0.0199, Spu: 0.0000, FD: 0.0801, Var: 0.0000, Ctx: 2, Train: 99.75%, Valid: 96.76%, Test In: 96.59% Test OOD1: 88.07% 
Epoch: 280, Loss: 0.1761, Cls: 0.0777, Ind: 0.0001, Med: 0.0195, Spu: 0.0000, FD: 0.0788, Var: 0.0000, Ctx: 2, Train: 99.81%, Valid: 96.90%, Test In: 96.82% Test OOD1: 86.28% 
Epoch: 281, Loss: 0.1760, Cls: 0.0776, Ind: 0.0001, Med: 0.0194, Spu: 0.0000, FD: 0.0788, Var: 0.0000, Ctx: 2, Train: 99.73%, Valid: 96.59%, Test In: 96.32% Test OOD1: 89.68% 
Epoch: 282, Loss: 0.1665, Cls: 0.0734, Ind: 0.0001, Med: 0.0184, Spu: 0.0000, FD: 0.0746, Var: 0.0000, Ctx: 2, Train: 99.84%, Valid: 96.88%, Test In: 96.76% Test OOD1: 88.25% 
Epoch: 283, Loss: 0.1711, Cls: 0.0754, Ind: 0.0001, Med: 0.0189, Spu: 0.0000, FD: 0.0767, Var: 0.0000, Ctx: 2, Train: 99.85%, Valid: 96.98%, Test In: 96.76% Test OOD1: 88.19% 
Epoch: 284, Loss: 0.1758, Cls: 0.0776, Ind: 0.0001, Med: 0.0194, Spu: 0.0000, FD: 0.0787, Var: 0.0000, Ctx: 2, Train: 99.79%, Valid: 96.77%, Test In: 96.62% Test OOD1: 89.76% 
Epoch: 285, Loss: 0.1715, Cls: 0.0758, Ind: 0.0001, Med: 0.0190, Spu: 0.0000, FD: 0.0766, Var: 0.0000, Ctx: 2, Train: 99.81%, Valid: 96.93%, Test In: 96.88% Test OOD1: 87.24% 
Epoch: 286, Loss: 0.1727, Cls: 0.0762, Ind: 0.0001, Med: 0.0191, Spu: 0.0000, FD: 0.0773, Var: 0.0000, Ctx: 2, Train: 99.79%, Valid: 96.93%, Test In: 96.66% Test OOD1: 88.41% 
Epoch: 287, Loss: 0.1607, Cls: 0.0708, Ind: 0.0001, Med: 0.0177, Spu: 0.0000, FD: 0.0720, Var: 0.0000, Ctx: 2, Train: 99.78%, Valid: 96.98%, Test In: 96.71% Test OOD1: 88.59% 
Epoch: 288, Loss: 0.1706, Cls: 0.0754, Ind: 0.0001, Med: 0.0189, Spu: 0.0000, FD: 0.0761, Var: 0.0000, Ctx: 2, Train: 99.83%, Valid: 97.10%, Test In: 96.88% Test OOD1: 86.94% 
Epoch: 289, Loss: 0.1623, Cls: 0.0717, Ind: 0.0001, Med: 0.0180, Spu: 0.0000, FD: 0.0726, Var: 0.0000, Ctx: 2, Train: 99.81%, Valid: 97.03%, Test In: 96.72% Test OOD1: 87.92% 
Epoch: 290, Loss: 0.1669, Cls: 0.0735, Ind: 0.0001, Med: 0.0184, Spu: 0.0000, FD: 0.0748, Var: 0.0000, Ctx: 2, Train: 99.81%, Valid: 96.95%, Test In: 96.72% Test OOD1: 87.89% 
Epoch: 291, Loss: 0.1650, Cls: 0.0728, Ind: 0.0001, Med: 0.0182, Spu: 0.0000, FD: 0.0739, Var: 0.0000, Ctx: 2, Train: 99.83%, Valid: 96.93%, Test In: 96.65% Test OOD1: 87.38% 
Epoch: 292, Loss: 0.1736, Cls: 0.0766, Ind: 0.0001, Med: 0.0192, Spu: 0.0000, FD: 0.0777, Var: 0.0000, Ctx: 2, Train: 99.77%, Valid: 96.88%, Test In: 96.52% Test OOD1: 88.91% 
Epoch: 293, Loss: 0.1686, Cls: 0.0745, Ind: 0.0001, Med: 0.0187, Spu: 0.0000, FD: 0.0754, Var: 0.0000, Ctx: 2, Train: 99.83%, Valid: 96.91%, Test In: 96.59% Test OOD1: 88.29% 
Epoch: 294, Loss: 0.1637, Cls: 0.0722, Ind: 0.0001, Med: 0.0181, Spu: 0.0000, FD: 0.0733, Var: 0.0000, Ctx: 2, Train: 99.82%, Valid: 96.78%, Test In: 96.71% Test OOD1: 86.76% 
Epoch: 295, Loss: 0.1696, Cls: 0.0748, Ind: 0.0001, Med: 0.0187, Spu: 0.0000, FD: 0.0760, Var: 0.0000, Ctx: 2, Train: 99.75%, Valid: 96.65%, Test In: 96.48% Test OOD1: 89.58% 
Epoch: 296, Loss: 0.1716, Cls: 0.0756, Ind: 0.0001, Med: 0.0189, Spu: 0.0000, FD: 0.0769, Var: 0.0000, Ctx: 2, Train: 99.83%, Valid: 96.93%, Test In: 96.80% Test OOD1: 88.51% 
Epoch: 297, Loss: 0.1634, Cls: 0.0721, Ind: 0.0001, Med: 0.0181, Spu: 0.0000, FD: 0.0731, Var: 0.0000, Ctx: 2, Train: 99.85%, Valid: 97.09%, Test In: 96.88% Test OOD1: 86.78% 
Epoch: 298, Loss: 0.1676, Cls: 0.0740, Ind: 0.0001, Med: 0.0186, Spu: 0.0000, FD: 0.0749, Var: 0.0000, Ctx: 2, Train: 99.77%, Valid: 96.91%, Test In: 96.61% Test OOD1: 89.22% 
Epoch: 299, Loss: 0.1671, Cls: 0.0737, Ind: 0.0001, Med: 0.0184, Spu: 0.0000, FD: 0.0749, Var: 0.0000, Ctx: 2, Train: 99.85%, Valid: 97.13%, Test In: 96.84% Test OOD1: 87.85% 
Epoch: 300, Loss: 0.1649, Cls: 0.0729, Ind: 0.0001, Med: 0.0183, Spu: 0.0000, FD: 0.0736, Var: 0.0000, Ctx: 2, Train: 99.86%, Valid: 97.06%, Test In: 96.97% Test OOD1: 87.72% 
Epoch: 301, Loss: 0.1733, Cls: 0.0767, Ind: 0.0001, Med: 0.0192, Spu: 0.0000, FD: 0.0773, Var: 0.0000, Ctx: 2, Train: 99.84%, Valid: 96.92%, Test In: 96.86% Test OOD1: 88.82% 
Epoch: 302, Loss: 0.1611, Cls: 0.0711, Ind: 0.0001, Med: 0.0178, Spu: 0.0000, FD: 0.0721, Var: 0.0000, Ctx: 2, Train: 99.82%, Valid: 96.88%, Test In: 96.69% Test OOD1: 89.77% 
Epoch: 303, Loss: 0.1595, Cls: 0.0704, Ind: 0.0001, Med: 0.0177, Spu: 0.0000, FD: 0.0713, Var: 0.0000, Ctx: 2, Train: 99.84%, Valid: 96.89%, Test In: 96.93% Test OOD1: 86.42% 
Epoch: 304, Loss: 0.1704, Cls: 0.0750, Ind: 0.0001, Med: 0.0187, Spu: 0.0000, FD: 0.0765, Var: 0.0000, Ctx: 2, Train: 99.81%, Valid: 96.77%, Test In: 96.53% Test OOD1: 89.83% 
Epoch: 305, Loss: 0.1617, Cls: 0.0714, Ind: 0.0001, Med: 0.0179, Spu: 0.0000, FD: 0.0722, Var: 0.0000, Ctx: 2, Train: 99.83%, Valid: 96.88%, Test In: 96.69% Test OOD1: 88.61% 
Epoch: 306, Loss: 0.1546, Cls: 0.0684, Ind: 0.0001, Med: 0.0172, Spu: 0.0000, FD: 0.0689, Var: 0.0000, Ctx: 2, Train: 99.88%, Valid: 96.92%, Test In: 96.94% Test OOD1: 85.49% 
Epoch: 307, Loss: 0.1714, Cls: 0.0754, Ind: 0.0001, Med: 0.0188, Spu: 0.0000, FD: 0.0770, Var: 0.0000, Ctx: 2, Train: 99.81%, Valid: 96.84%, Test In: 96.56% Test OOD1: 88.83% 
Epoch: 308, Loss: 0.1652, Cls: 0.0733, Ind: 0.0001, Med: 0.0184, Spu: 0.0000, FD: 0.0734, Var: 0.0000, Ctx: 2, Train: 99.83%, Valid: 96.89%, Test In: 96.79% Test OOD1: 88.66% 
Epoch: 309, Loss: 0.1611, Cls: 0.0712, Ind: 0.0001, Med: 0.0178, Spu: 0.0000, FD: 0.0719, Var: 0.0000, Ctx: 2, Train: 99.83%, Valid: 96.86%, Test In: 96.84% Test OOD1: 86.18% 
Epoch: 310, Loss: 0.1764, Cls: 0.0777, Ind: 0.0001, Med: 0.0194, Spu: 0.0000, FD: 0.0792, Var: 0.0000, Ctx: 2, Train: 99.86%, Valid: 96.96%, Test In: 96.71% Test OOD1: 89.56% 
Epoch: 311, Loss: 0.1562, Cls: 0.0691, Ind: 0.0001, Med: 0.0173, Spu: 0.0000, FD: 0.0697, Var: 0.0000, Ctx: 2, Train: 99.84%, Valid: 96.99%, Test In: 96.73% Test OOD1: 89.49% 
Epoch: 312, Loss: 0.1628, Cls: 0.0718, Ind: 0.0001, Med: 0.0180, Spu: 0.0000, FD: 0.0729, Var: 0.0000, Ctx: 2, Train: 99.85%, Valid: 96.98%, Test In: 96.90% Test OOD1: 86.67% 
Epoch: 313, Loss: 0.1717, Cls: 0.0757, Ind: 0.0001, Med: 0.0189, Spu: 0.0000, FD: 0.0770, Var: 0.0000, Ctx: 2, Train: 99.78%, Valid: 96.82%, Test In: 96.53% Test OOD1: 90.18% 
Epoch: 314, Loss: 0.1652, Cls: 0.0730, Ind: 0.0001, Med: 0.0183, Spu: 0.0000, FD: 0.0737, Var: 0.0000, Ctx: 2, Train: 99.86%, Valid: 97.11%, Test In: 96.90% Test OOD1: 88.15% 
Epoch: 315, Loss: 0.1572, Cls: 0.0695, Ind: 0.0001, Med: 0.0175, Spu: 0.0000, FD: 0.0701, Var: 0.0000, Ctx: 2, Train: 99.88%, Valid: 97.03%, Test In: 97.15% Test OOD1: 85.64% 
Epoch: 316, Loss: 0.1613, Cls: 0.0711, Ind: 0.0001, Med: 0.0178, Spu: 0.0000, FD: 0.0723, Var: 0.0000, Ctx: 2, Train: 99.81%, Valid: 96.84%, Test In: 96.78% Test OOD1: 88.53% 
Epoch: 317, Loss: 0.1643, Cls: 0.0727, Ind: 0.0001, Med: 0.0182, Spu: 0.0000, FD: 0.0733, Var: 0.0000, Ctx: 2, Train: 99.84%, Valid: 97.03%, Test In: 96.79% Test OOD1: 88.53% 
Epoch: 318, Loss: 0.1511, Cls: 0.0667, Ind: 0.0001, Med: 0.0167, Spu: 0.0000, FD: 0.0676, Var: 0.0000, Ctx: 2, Train: 99.90%, Valid: 97.11%, Test In: 97.10% Test OOD1: 86.37% 
Epoch: 319, Loss: 0.1663, Cls: 0.0735, Ind: 0.0001, Med: 0.0184, Spu: 0.0000, FD: 0.0743, Var: 0.0000, Ctx: 2, Train: 99.88%, Valid: 96.99%, Test In: 96.79% Test OOD1: 89.10% 
Epoch: 320, Loss: 0.1584, Cls: 0.0700, Ind: 0.0001, Med: 0.0176, Spu: 0.0000, FD: 0.0707, Var: 0.0000, Ctx: 2, Train: 99.87%, Valid: 96.96%, Test In: 96.80% Test OOD1: 89.96% 
Epoch: 321, Loss: 0.1548, Cls: 0.0683, Ind: 0.0001, Med: 0.0171, Spu: 0.0000, FD: 0.0693, Var: 0.0000, Ctx: 2, Train: 99.92%, Valid: 97.11%, Test In: 97.04% Test OOD1: 87.73% 
Epoch: 322, Loss: 0.1487, Cls: 0.0655, Ind: 0.0001, Med: 0.0164, Spu: 0.0000, FD: 0.0666, Var: 0.0000, Ctx: 2, Train: 99.90%, Valid: 97.11%, Test In: 96.98% Test OOD1: 88.30% 
Epoch: 323, Loss: 0.1601, Cls: 0.0707, Ind: 0.0001, Med: 0.0177, Spu: 0.0000, FD: 0.0716, Var: 0.0000, Ctx: 2, Train: 99.76%, Valid: 96.83%, Test In: 96.40% Test OOD1: 90.71% 
Epoch: 324, Loss: 0.1646, Cls: 0.0726, Ind: 0.0001, Med: 0.0182, Spu: 0.0000, FD: 0.0737, Var: 0.0000, Ctx: 2, Train: 99.86%, Valid: 97.01%, Test In: 97.00% Test OOD1: 87.30% 
Epoch: 325, Loss: 0.1536, Cls: 0.0680, Ind: 0.0001, Med: 0.0171, Spu: 0.0000, FD: 0.0684, Var: 0.0000, Ctx: 2, Train: 99.90%, Valid: 97.13%, Test In: 97.03% Test OOD1: 87.57% 
Epoch: 326, Loss: 0.1540, Cls: 0.0679, Ind: 0.0001, Med: 0.0170, Spu: 0.0000, FD: 0.0690, Var: 0.0000, Ctx: 2, Train: 99.82%, Valid: 96.93%, Test In: 96.67% Test OOD1: 89.92% 
Epoch: 327, Loss: 0.1557, Cls: 0.0688, Ind: 0.0001, Med: 0.0172, Spu: 0.0000, FD: 0.0696, Var: 0.0000, Ctx: 2, Train: 99.89%, Valid: 97.03%, Test In: 97.01% Test OOD1: 88.72% 
Epoch: 328, Loss: 0.1491, Cls: 0.0657, Ind: 0.0001, Med: 0.0164, Spu: 0.0000, FD: 0.0669, Var: 0.0000, Ctx: 2, Train: 99.92%, Valid: 97.13%, Test In: 97.09% Test OOD1: 87.49% 
Epoch: 329, Loss: 0.1512, Cls: 0.0666, Ind: 0.0001, Med: 0.0166, Spu: 0.0000, FD: 0.0678, Var: 0.0000, Ctx: 2, Train: 99.86%, Valid: 96.94%, Test In: 96.84% Test OOD1: 89.58% 
Epoch: 330, Loss: 0.1540, Cls: 0.0680, Ind: 0.0001, Med: 0.0170, Spu: 0.0000, FD: 0.0688, Var: 0.0000, Ctx: 2, Train: 99.93%, Valid: 97.18%, Test In: 97.04% Test OOD1: 88.22% 
Epoch: 331, Loss: 0.1453, Cls: 0.0642, Ind: 0.0001, Med: 0.0161, Spu: 0.0000, FD: 0.0649, Var: 0.0000, Ctx: 2, Train: 99.91%, Valid: 97.17%, Test In: 97.01% Test OOD1: 87.30% 
Epoch: 332, Loss: 0.1637, Cls: 0.0722, Ind: 0.0001, Med: 0.0181, Spu: 0.0000, FD: 0.0733, Var: 0.0000, Ctx: 2, Train: 99.84%, Valid: 97.07%, Test In: 96.89% Test OOD1: 89.51% 
Epoch: 333, Loss: 0.1483, Cls: 0.0655, Ind: 0.0001, Med: 0.0164, Spu: 0.0000, FD: 0.0662, Var: 0.0000, Ctx: 2, Train: 99.91%, Valid: 97.23%, Test In: 97.07% Test OOD1: 88.64% 
Epoch: 334, Loss: 0.1478, Cls: 0.0652, Ind: 0.0001, Med: 0.0163, Spu: 0.0000, FD: 0.0661, Var: 0.0000, Ctx: 2, Train: 99.92%, Valid: 97.15%, Test In: 97.09% Test OOD1: 87.88% 
Epoch: 335, Loss: 0.1537, Cls: 0.0678, Ind: 0.0001, Med: 0.0170, Spu: 0.0000, FD: 0.0688, Var: 0.0000, Ctx: 2, Train: 99.91%, Valid: 97.17%, Test In: 97.06% Test OOD1: 89.68% 
Epoch: 336, Loss: 0.1484, Cls: 0.0654, Ind: 0.0001, Med: 0.0164, Spu: 0.0000, FD: 0.0664, Var: 0.0000, Ctx: 2, Train: 99.88%, Valid: 96.98%, Test In: 96.96% Test OOD1: 90.18% 
Epoch: 337, Loss: 0.1426, Cls: 0.0628, Ind: 0.0001, Med: 0.0157, Spu: 0.0000, FD: 0.0640, Var: 0.0000, Ctx: 2, Train: 99.92%, Valid: 97.09%, Test In: 97.04% Test OOD1: 88.20% 
Epoch: 338, Loss: 0.1501, Cls: 0.0663, Ind: 0.0001, Med: 0.0166, Spu: 0.0000, FD: 0.0670, Var: 0.0000, Ctx: 2, Train: 99.91%, Valid: 97.01%, Test In: 96.97% Test OOD1: 89.65% 
Epoch: 339, Loss: 0.1518, Cls: 0.0672, Ind: 0.0001, Med: 0.0169, Spu: 0.0000, FD: 0.0676, Var: 0.0000, Ctx: 2, Train: 99.93%, Valid: 97.04%, Test In: 96.98% Test OOD1: 89.29% 
Epoch: 340, Loss: 0.1521, Cls: 0.0672, Ind: 0.0001, Med: 0.0168, Spu: 0.0000, FD: 0.0680, Var: 0.0000, Ctx: 2, Train: 99.94%, Valid: 97.11%, Test In: 97.04% Test OOD1: 89.18% 
Epoch: 341, Loss: 0.1508, Cls: 0.0666, Ind: 0.0001, Med: 0.0167, Spu: 0.0000, FD: 0.0674, Var: 0.0000, Ctx: 2, Train: 99.94%, Valid: 97.22%, Test In: 97.09% Test OOD1: 88.57% 
Epoch: 342, Loss: 0.1428, Cls: 0.0631, Ind: 0.0001, Med: 0.0158, Spu: 0.0000, FD: 0.0638, Var: 0.0000, Ctx: 2, Train: 99.93%, Valid: 97.25%, Test In: 97.09% Test OOD1: 88.30% 
Epoch: 343, Loss: 0.1502, Cls: 0.0665, Ind: 0.0001, Med: 0.0167, Spu: 0.0000, FD: 0.0670, Var: 0.0000, Ctx: 2, Train: 99.91%, Valid: 97.15%, Test In: 96.98% Test OOD1: 89.08% 
Epoch: 344, Loss: 0.1425, Cls: 0.0628, Ind: 0.0001, Med: 0.0157, Spu: 0.0000, FD: 0.0639, Var: 0.0000, Ctx: 2, Train: 99.92%, Valid: 97.11%, Test In: 96.94% Test OOD1: 89.04% 
Epoch: 345, Loss: 0.1439, Cls: 0.0637, Ind: 0.0001, Med: 0.0160, Spu: 0.0000, FD: 0.0641, Var: 0.0000, Ctx: 2, Train: 99.93%, Valid: 97.16%, Test In: 97.11% Test OOD1: 88.21% 
Epoch: 346, Loss: 0.1456, Cls: 0.0643, Ind: 0.0001, Med: 0.0161, Spu: 0.0000, FD: 0.0650, Var: 0.0000, Ctx: 2, Train: 99.92%, Valid: 97.07%, Test In: 96.98% Test OOD1: 89.97% 
Epoch: 347, Loss: 0.1528, Cls: 0.0675, Ind: 0.0001, Med: 0.0169, Spu: 0.0000, FD: 0.0684, Var: 0.0000, Ctx: 2, Train: 99.94%, Valid: 97.15%, Test In: 97.02% Test OOD1: 89.23% 
Epoch: 348, Loss: 0.1545, Cls: 0.0683, Ind: 0.0001, Med: 0.0171, Spu: 0.0000, FD: 0.0690, Var: 0.0000, Ctx: 2, Train: 99.94%, Valid: 97.25%, Test In: 97.14% Test OOD1: 88.42% 
Epoch: 349, Loss: 0.1446, Cls: 0.0640, Ind: 0.0001, Med: 0.0161, Spu: 0.0000, FD: 0.0644, Var: 0.0000, Ctx: 2, Train: 99.87%, Valid: 97.11%, Test In: 96.96% Test OOD1: 89.83% 
Epoch: 350, Loss: 0.1457, Cls: 0.0643, Ind: 0.0001, Med: 0.0161, Spu: 0.0000, FD: 0.0652, Var: 0.0000, Ctx: 2, Train: 99.89%, Valid: 97.04%, Test In: 96.98% Test OOD1: 89.44% 
Epoch: 351, Loss: 0.1474, Cls: 0.0648, Ind: 0.0001, Med: 0.0162, Spu: 0.0000, FD: 0.0662, Var: 0.0000, Ctx: 2, Train: 99.90%, Valid: 97.13%, Test In: 97.07% Test OOD1: 88.90% 
Epoch: 352, Loss: 0.1491, Cls: 0.0658, Ind: 0.0001, Med: 0.0165, Spu: 0.0000, FD: 0.0667, Var: 0.0000, Ctx: 2, Train: 99.91%, Valid: 97.06%, Test In: 96.92% Test OOD1: 90.50% 
Epoch: 353, Loss: 0.1597, Cls: 0.0706, Ind: 0.0001, Med: 0.0177, Spu: 0.0000, FD: 0.0712, Var: 0.0000, Ctx: 2, Train: 99.90%, Valid: 97.00%, Test In: 96.90% Test OOD1: 89.36% 
Epoch: 354, Loss: 0.1457, Cls: 0.0644, Ind: 0.0001, Med: 0.0161, Spu: 0.0000, FD: 0.0651, Var: 0.0000, Ctx: 2, Train: 99.93%, Valid: 97.19%, Test In: 96.96% Test OOD1: 88.97% 
Epoch: 355, Loss: 0.1415, Cls: 0.0625, Ind: 0.0001, Med: 0.0157, Spu: 0.0000, FD: 0.0632, Var: 0.0000, Ctx: 2, Train: 99.91%, Valid: 97.21%, Test In: 97.04% Test OOD1: 89.33% 
Epoch: 356, Loss: 0.1521, Cls: 0.0672, Ind: 0.0001, Med: 0.0168, Spu: 0.0000, FD: 0.0680, Var: 0.0000, Ctx: 2, Train: 99.94%, Valid: 97.21%, Test In: 97.05% Test OOD1: 88.36% 
Epoch: 357, Loss: 0.1421, Cls: 0.0627, Ind: 0.0001, Med: 0.0157, Spu: 0.0000, FD: 0.0637, Var: 0.0000, Ctx: 2, Train: 99.95%, Valid: 97.12%, Test In: 97.04% Test OOD1: 88.72% 
Epoch: 358, Loss: 0.1457, Cls: 0.0643, Ind: 0.0001, Med: 0.0161, Spu: 0.0000, FD: 0.0651, Var: 0.0000, Ctx: 2, Train: 99.92%, Valid: 97.15%, Test In: 97.00% Test OOD1: 90.14% 
Epoch: 359, Loss: 0.1472, Cls: 0.0652, Ind: 0.0001, Med: 0.0164, Spu: 0.0000, FD: 0.0655, Var: 0.0000, Ctx: 2, Train: 99.93%, Valid: 97.14%, Test In: 97.17% Test OOD1: 88.98% 
Epoch: 360, Loss: 0.1540, Cls: 0.0680, Ind: 0.0001, Med: 0.0170, Spu: 0.0000, FD: 0.0689, Var: 0.0000, Ctx: 2, Train: 99.93%, Valid: 97.07%, Test In: 97.11% Test OOD1: 89.76% 
Epoch: 361, Loss: 0.1454, Cls: 0.0642, Ind: 0.0001, Med: 0.0161, Spu: 0.0000, FD: 0.0649, Var: 0.0000, Ctx: 2, Train: 99.90%, Valid: 97.11%, Test In: 96.92% Test OOD1: 90.60% 
Epoch: 362, Loss: 0.1511, Cls: 0.0668, Ind: 0.0001, Med: 0.0167, Spu: 0.0000, FD: 0.0675, Var: 0.0000, Ctx: 2, Train: 99.95%, Valid: 97.23%, Test In: 97.15% Test OOD1: 88.21% 
Epoch: 363, Loss: 0.1433, Cls: 0.0632, Ind: 0.0001, Med: 0.0158, Spu: 0.0000, FD: 0.0641, Var: 0.0000, Ctx: 2, Train: 99.93%, Valid: 97.13%, Test In: 96.98% Test OOD1: 88.59% 
Epoch: 364, Loss: 0.1506, Cls: 0.0667, Ind: 0.0001, Med: 0.0167, Spu: 0.0000, FD: 0.0671, Var: 0.0000, Ctx: 2, Train: 99.91%, Valid: 97.05%, Test In: 96.91% Test OOD1: 90.40% 
Epoch: 365, Loss: 0.1521, Cls: 0.0670, Ind: 0.0001, Med: 0.0167, Spu: 0.0000, FD: 0.0682, Var: 0.0000, Ctx: 2, Train: 99.96%, Valid: 97.34%, Test In: 97.17% Test OOD1: 87.55% 
Epoch: 366, Loss: 0.1433, Cls: 0.0634, Ind: 0.0001, Med: 0.0159, Spu: 0.0000, FD: 0.0639, Var: 0.0000, Ctx: 2, Train: 99.94%, Valid: 97.19%, Test In: 97.09% Test OOD1: 88.71% 
Epoch: 367, Loss: 0.1483, Cls: 0.0656, Ind: 0.0001, Med: 0.0165, Spu: 0.0000, FD: 0.0662, Var: 0.0000, Ctx: 2, Train: 99.87%, Valid: 96.92%, Test In: 96.92% Test OOD1: 90.39% 
Epoch: 368, Loss: 0.1521, Cls: 0.0671, Ind: 0.0001, Med: 0.0168, Spu: 0.0000, FD: 0.0681, Var: 0.0000, Ctx: 2, Train: 99.95%, Valid: 97.33%, Test In: 97.13% Test OOD1: 87.99% 
Epoch: 369, Loss: 0.1460, Cls: 0.0645, Ind: 0.0001, Med: 0.0161, Spu: 0.0000, FD: 0.0652, Var: 0.0000, Ctx: 2, Train: 99.94%, Valid: 97.30%, Test In: 97.19% Test OOD1: 89.04% 
Epoch: 370, Loss: 0.1386, Cls: 0.0613, Ind: 0.0001, Med: 0.0154, Spu: 0.0000, FD: 0.0618, Var: 0.0000, Ctx: 2, Train: 99.88%, Valid: 97.15%, Test In: 96.93% Test OOD1: 90.42% 
Epoch: 371, Loss: 0.1373, Cls: 0.0604, Ind: 0.0001, Med: 0.0151, Spu: 0.0000, FD: 0.0616, Var: 0.0000, Ctx: 2, Train: 99.95%, Valid: 97.25%, Test In: 97.14% Test OOD1: 88.93% 
Epoch: 372, Loss: 0.1400, Cls: 0.0618, Ind: 0.0001, Med: 0.0155, Spu: 0.0000, FD: 0.0625, Var: 0.0000, Ctx: 2, Train: 99.97%, Valid: 97.34%, Test In: 97.11% Test OOD1: 88.92% 
Epoch: 373, Loss: 0.1390, Cls: 0.0614, Ind: 0.0001, Med: 0.0154, Spu: 0.0000, FD: 0.0621, Var: 0.0000, Ctx: 2, Train: 99.94%, Valid: 97.13%, Test In: 97.02% Test OOD1: 90.18% 
Epoch: 374, Loss: 0.1486, Cls: 0.0657, Ind: 0.0001, Med: 0.0165, Spu: 0.0000, FD: 0.0664, Var: 0.0000, Ctx: 2, Train: 99.90%, Valid: 96.90%, Test In: 96.86% Test OOD1: 90.58% 
Epoch: 375, Loss: 0.1430, Cls: 0.0630, Ind: 0.0001, Med: 0.0158, Spu: 0.0000, FD: 0.0641, Var: 0.0000, Ctx: 2, Train: 99.96%, Valid: 97.20%, Test In: 97.16% Test OOD1: 89.34% 
Epoch: 376, Loss: 0.1433, Cls: 0.0633, Ind: 0.0001, Med: 0.0159, Spu: 0.0000, FD: 0.0641, Var: 0.0000, Ctx: 2, Train: 99.94%, Valid: 97.25%, Test In: 96.96% Test OOD1: 89.87% 
Epoch: 377, Loss: 0.1453, Cls: 0.0643, Ind: 0.0001, Med: 0.0162, Spu: 0.0000, FD: 0.0647, Var: 0.0000, Ctx: 2, Train: 99.92%, Valid: 97.09%, Test In: 96.88% Test OOD1: 89.93% 
Epoch: 378, Loss: 0.1461, Cls: 0.0646, Ind: 0.0001, Med: 0.0162, Spu: 0.0000, FD: 0.0653, Var: 0.0000, Ctx: 2, Train: 99.93%, Valid: 97.02%, Test In: 96.90% Test OOD1: 90.41% 
Epoch: 379, Loss: 0.1343, Cls: 0.0592, Ind: 0.0001, Med: 0.0148, Spu: 0.0000, FD: 0.0601, Var: 0.0000, Ctx: 2, Train: 99.95%, Valid: 97.22%, Test In: 97.14% Test OOD1: 89.47% 
Epoch: 380, Loss: 0.1421, Cls: 0.0628, Ind: 0.0001, Med: 0.0157, Spu: 0.0000, FD: 0.0635, Var: 0.0000, Ctx: 2, Train: 99.95%, Valid: 97.25%, Test In: 97.08% Test OOD1: 89.54% 
Epoch: 381, Loss: 0.1437, Cls: 0.0636, Ind: 0.0001, Med: 0.0159, Spu: 0.0000, FD: 0.0641, Var: 0.0000, Ctx: 2, Train: 99.95%, Valid: 97.21%, Test In: 97.04% Test OOD1: 89.90% 
Epoch: 382, Loss: 0.1337, Cls: 0.0591, Ind: 0.0001, Med: 0.0148, Spu: 0.0000, FD: 0.0597, Var: 0.0000, Ctx: 2, Train: 99.96%, Valid: 97.31%, Test In: 97.08% Test OOD1: 89.70% 
Epoch: 383, Loss: 0.1340, Cls: 0.0591, Ind: 0.0001, Med: 0.0148, Spu: 0.0000, FD: 0.0601, Var: 0.0000, Ctx: 2, Train: 99.97%, Valid: 97.41%, Test In: 97.20% Test OOD1: 89.88% 
Epoch: 384, Loss: 0.1356, Cls: 0.0598, Ind: 0.0001, Med: 0.0150, Spu: 0.0000, FD: 0.0607, Var: 0.0000, Ctx: 2, Train: 99.94%, Valid: 97.20%, Test In: 97.01% Test OOD1: 90.71% 
Epoch: 385, Loss: 0.1380, Cls: 0.0609, Ind: 0.0001, Med: 0.0152, Spu: 0.0000, FD: 0.0618, Var: 0.0000, Ctx: 2, Train: 99.96%, Valid: 97.26%, Test In: 97.15% Test OOD1: 90.07% 
Epoch: 386, Loss: 0.1339, Cls: 0.0592, Ind: 0.0001, Med: 0.0148, Spu: 0.0000, FD: 0.0599, Var: 0.0000, Ctx: 2, Train: 99.97%, Valid: 97.32%, Test In: 97.23% Test OOD1: 89.86% 
Epoch: 387, Loss: 0.1392, Cls: 0.0613, Ind: 0.0001, Med: 0.0153, Spu: 0.0000, FD: 0.0625, Var: 0.0000, Ctx: 2, Train: 99.95%, Valid: 97.19%, Test In: 97.04% Test OOD1: 90.40% 
Epoch: 388, Loss: 0.1331, Cls: 0.0588, Ind: 0.0001, Med: 0.0147, Spu: 0.0000, FD: 0.0596, Var: 0.0000, Ctx: 2, Train: 99.95%, Valid: 97.06%, Test In: 96.98% Test OOD1: 89.77% 
Epoch: 389, Loss: 0.1432, Cls: 0.0633, Ind: 0.0001, Med: 0.0159, Spu: 0.0000, FD: 0.0639, Var: 0.0000, Ctx: 2, Train: 99.98%, Valid: 97.30%, Test In: 97.07% Test OOD1: 89.55% 
Epoch: 390, Loss: 0.1337, Cls: 0.0591, Ind: 0.0001, Med: 0.0148, Spu: 0.0000, FD: 0.0597, Var: 0.0000, Ctx: 2, Train: 99.96%, Valid: 97.19%, Test In: 97.00% Test OOD1: 90.72% 
Epoch: 391, Loss: 0.1359, Cls: 0.0600, Ind: 0.0001, Med: 0.0150, Spu: 0.0000, FD: 0.0609, Var: 0.0000, Ctx: 2, Train: 99.96%, Valid: 97.20%, Test In: 97.09% Test OOD1: 90.05% 
Epoch: 392, Loss: 0.1378, Cls: 0.0609, Ind: 0.0001, Med: 0.0153, Spu: 0.0000, FD: 0.0615, Var: 0.0000, Ctx: 2, Train: 99.97%, Valid: 97.32%, Test In: 97.12% Test OOD1: 90.30% 
Epoch: 393, Loss: 0.1413, Cls: 0.0623, Ind: 0.0001, Med: 0.0156, Spu: 0.0000, FD: 0.0632, Var: 0.0000, Ctx: 2, Train: 99.96%, Valid: 97.25%, Test In: 97.09% Test OOD1: 91.42% 
Epoch: 394, Loss: 0.1392, Cls: 0.0614, Ind: 0.0001, Med: 0.0153, Spu: 0.0000, FD: 0.0624, Var: 0.0000, Ctx: 2, Train: 99.97%, Valid: 97.35%, Test In: 97.20% Test OOD1: 90.54% 
Epoch: 395, Loss: 0.1378, Cls: 0.0607, Ind: 0.0001, Med: 0.0152, Spu: 0.0000, FD: 0.0618, Var: 0.0000, Ctx: 2, Train: 99.95%, Valid: 97.26%, Test In: 97.21% Test OOD1: 90.09% 
Epoch: 396, Loss: 0.1305, Cls: 0.0576, Ind: 0.0001, Med: 0.0144, Spu: 0.0000, FD: 0.0584, Var: 0.0000, Ctx: 2, Train: 99.93%, Valid: 97.19%, Test In: 97.11% Test OOD1: 91.39% 
Epoch: 397, Loss: 0.1383, Cls: 0.0609, Ind: 0.0001, Med: 0.0152, Spu: 0.0000, FD: 0.0621, Var: 0.0000, Ctx: 2, Train: 99.94%, Valid: 97.15%, Test In: 97.14% Test OOD1: 89.41% 
Epoch: 398, Loss: 0.1419, Cls: 0.0627, Ind: 0.0001, Med: 0.0157, Spu: 0.0000, FD: 0.0634, Var: 0.0000, Ctx: 2, Train: 99.96%, Valid: 97.19%, Test In: 97.13% Test OOD1: 90.36% 
Epoch: 399, Loss: 0.1438, Cls: 0.0634, Ind: 0.0001, Med: 0.0158, Spu: 0.0000, FD: 0.0644, Var: 0.0000, Ctx: 2, Train: 99.97%, Valid: 97.25%, Test In: 97.17% Test OOD1: 89.90% 
Epoch: 400, Loss: 0.1393, Cls: 0.0616, Ind: 0.0001, Med: 0.0154, Spu: 0.0000, FD: 0.0622, Var: 0.0000, Ctx: 2, Train: 99.97%, Valid: 97.25%, Test In: 97.15% Test OOD1: 89.42% 
Epoch: 401, Loss: 0.1405, Cls: 0.0620, Ind: 0.0001, Med: 0.0155, Spu: 0.0000, FD: 0.0629, Var: 0.0000, Ctx: 2, Train: 99.94%, Valid: 97.03%, Test In: 97.05% Test OOD1: 90.29% 
Epoch: 402, Loss: 0.1335, Cls: 0.0589, Ind: 0.0001, Med: 0.0147, Spu: 0.0000, FD: 0.0598, Var: 0.0000, Ctx: 2, Train: 99.95%, Valid: 97.27%, Test In: 97.17% Test OOD1: 90.40% 
Epoch: 403, Loss: 0.1339, Cls: 0.0592, Ind: 0.0001, Med: 0.0148, Spu: 0.0000, FD: 0.0597, Var: 0.0000, Ctx: 2, Train: 99.97%, Valid: 97.40%, Test In: 97.32% Test OOD1: 88.91% 
Epoch: 404, Loss: 0.1406, Cls: 0.0621, Ind: 0.0001, Med: 0.0155, Spu: 0.0000, FD: 0.0629, Var: 0.0000, Ctx: 2, Train: 99.94%, Valid: 97.14%, Test In: 97.05% Test OOD1: 90.66% 
Epoch: 405, Loss: 0.1434, Cls: 0.0633, Ind: 0.0001, Med: 0.0159, Spu: 0.0000, FD: 0.0641, Var: 0.0000, Ctx: 2, Train: 99.96%, Valid: 97.28%, Test In: 97.13% Test OOD1: 90.76% 
Epoch: 406, Loss: 0.1395, Cls: 0.0618, Ind: 0.0001, Med: 0.0155, Spu: 0.0000, FD: 0.0621, Var: 0.0000, Ctx: 2, Train: 99.97%, Valid: 97.44%, Test In: 97.30% Test OOD1: 88.27% 
Epoch: 407, Loss: 0.1448, Cls: 0.0640, Ind: 0.0001, Med: 0.0160, Spu: 0.0000, FD: 0.0647, Var: 0.0000, Ctx: 2, Train: 99.95%, Valid: 97.30%, Test In: 97.06% Test OOD1: 90.75% 
Epoch: 408, Loss: 0.1289, Cls: 0.0569, Ind: 0.0001, Med: 0.0142, Spu: 0.0000, FD: 0.0577, Var: 0.0000, Ctx: 2, Train: 99.91%, Valid: 97.13%, Test In: 96.95% Test OOD1: 90.63% 
Epoch: 409, Loss: 0.1409, Cls: 0.0621, Ind: 0.0001, Med: 0.0155, Spu: 0.0000, FD: 0.0631, Var: 0.0000, Ctx: 2, Train: 99.96%, Valid: 97.36%, Test In: 97.17% Test OOD1: 88.32% 
Epoch: 410, Loss: 0.1384, Cls: 0.0612, Ind: 0.0001, Med: 0.0153, Spu: 0.0000, FD: 0.0618, Var: 0.0000, Ctx: 2, Train: 99.92%, Valid: 97.24%, Test In: 97.09% Test OOD1: 90.17% 
Epoch: 411, Loss: 0.1327, Cls: 0.0586, Ind: 0.0001, Med: 0.0147, Spu: 0.0000, FD: 0.0593, Var: 0.0000, Ctx: 2, Train: 99.94%, Valid: 97.18%, Test In: 97.10% Test OOD1: 90.12% 
Epoch: 412, Loss: 0.1270, Cls: 0.0560, Ind: 0.0001, Med: 0.0140, Spu: 0.0000, FD: 0.0569, Var: 0.0000, Ctx: 2, Train: 99.96%, Valid: 97.23%, Test In: 97.15% Test OOD1: 89.65% 
Epoch: 413, Loss: 0.1370, Cls: 0.0605, Ind: 0.0001, Med: 0.0152, Spu: 0.0000, FD: 0.0612, Var: 0.0000, Ctx: 2, Train: 99.94%, Valid: 97.11%, Test In: 97.12% Test OOD1: 91.07% 
Epoch: 414, Loss: 0.1321, Cls: 0.0582, Ind: 0.0001, Med: 0.0146, Spu: 0.0000, FD: 0.0592, Var: 0.0000, Ctx: 2, Train: 99.95%, Valid: 97.23%, Test In: 97.17% Test OOD1: 90.93% 
Epoch: 415, Loss: 0.1361, Cls: 0.0599, Ind: 0.0001, Med: 0.0150, Spu: 0.0000, FD: 0.0612, Var: 0.0000, Ctx: 2, Train: 99.96%, Valid: 97.41%, Test In: 97.26% Test OOD1: 89.61% 
Epoch: 416, Loss: 0.1387, Cls: 0.0613, Ind: 0.0001, Med: 0.0153, Spu: 0.0000, FD: 0.0620, Var: 0.0000, Ctx: 2, Train: 99.96%, Valid: 97.41%, Test In: 97.23% Test OOD1: 90.76% 
Epoch: 417, Loss: 0.1355, Cls: 0.0598, Ind: 0.0001, Med: 0.0150, Spu: 0.0000, FD: 0.0605, Var: 0.0000, Ctx: 2, Train: 99.96%, Valid: 97.38%, Test In: 97.25% Test OOD1: 91.35% 
Epoch: 418, Loss: 0.1376, Cls: 0.0609, Ind: 0.0001, Med: 0.0153, Spu: 0.0000, FD: 0.0613, Var: 0.0000, Ctx: 2, Train: 99.97%, Valid: 97.48%, Test In: 97.15% Test OOD1: 91.14% 
Epoch: 419, Loss: 0.1333, Cls: 0.0589, Ind: 0.0001, Med: 0.0148, Spu: 0.0000, FD: 0.0594, Var: 0.0000, Ctx: 2, Train: 99.98%, Valid: 97.46%, Test In: 97.28% Test OOD1: 90.39% 
Epoch: 420, Loss: 0.1336, Cls: 0.0591, Ind: 0.0001, Med: 0.0148, Spu: 0.0000, FD: 0.0596, Var: 0.0000, Ctx: 2, Train: 99.96%, Valid: 97.25%, Test In: 97.06% Test OOD1: 91.88% 
Epoch: 421, Loss: 0.1354, Cls: 0.0598, Ind: 0.0001, Med: 0.0150, Spu: 0.0000, FD: 0.0606, Var: 0.0000, Ctx: 2, Train: 99.96%, Valid: 97.25%, Test In: 97.11% Test OOD1: 90.76% 
Epoch: 422, Loss: 0.1335, Cls: 0.0589, Ind: 0.0001, Med: 0.0147, Spu: 0.0000, FD: 0.0598, Var: 0.0000, Ctx: 2, Train: 99.97%, Valid: 97.36%, Test In: 97.16% Test OOD1: 89.33% 
Epoch: 423, Loss: 0.1354, Cls: 0.0597, Ind: 0.0001, Med: 0.0149, Spu: 0.0000, FD: 0.0606, Var: 0.0000, Ctx: 2, Train: 99.94%, Valid: 97.26%, Test In: 97.08% Test OOD1: 90.62% 
Epoch: 424, Loss: 0.1269, Cls: 0.0559, Ind: 0.0001, Med: 0.0140, Spu: 0.0000, FD: 0.0569, Var: 0.0000, Ctx: 2, Train: 99.96%, Valid: 97.26%, Test In: 97.12% Test OOD1: 90.17% 
Epoch: 425, Loss: 0.1286, Cls: 0.0568, Ind: 0.0001, Med: 0.0142, Spu: 0.0000, FD: 0.0576, Var: 0.0000, Ctx: 2, Train: 99.97%, Valid: 97.42%, Test In: 97.21% Test OOD1: 89.42% 
Epoch: 426, Loss: 0.1366, Cls: 0.0603, Ind: 0.0001, Med: 0.0151, Spu: 0.0000, FD: 0.0611, Var: 0.0000, Ctx: 2, Train: 99.96%, Valid: 97.21%, Test In: 97.15% Test OOD1: 90.48% 
Epoch: 427, Loss: 0.1274, Cls: 0.0563, Ind: 0.0001, Med: 0.0141, Spu: 0.0000, FD: 0.0569, Var: 0.0000, Ctx: 2, Train: 99.98%, Valid: 97.30%, Test In: 97.16% Test OOD1: 90.41% 
Epoch: 428, Loss: 0.1392, Cls: 0.0615, Ind: 0.0001, Med: 0.0154, Spu: 0.0000, FD: 0.0622, Var: 0.0000, Ctx: 2, Train: 99.98%, Valid: 97.38%, Test In: 97.19% Test OOD1: 89.90% 
Epoch: 429, Loss: 0.1317, Cls: 0.0582, Ind: 0.0001, Med: 0.0146, Spu: 0.0000, FD: 0.0589, Var: 0.0000, Ctx: 2, Train: 99.96%, Valid: 97.20%, Test In: 97.10% Test OOD1: 90.53% 
Epoch: 430, Loss: 0.1195, Cls: 0.0528, Ind: 0.0001, Med: 0.0132, Spu: 0.0000, FD: 0.0534, Var: 0.0000, Ctx: 2, Train: 99.93%, Valid: 97.21%, Test In: 97.05% Test OOD1: 90.50% 
Epoch: 431, Loss: 0.1390, Cls: 0.0613, Ind: 0.0001, Med: 0.0153, Spu: 0.0000, FD: 0.0623, Var: 0.0000, Ctx: 2, Train: 99.97%, Valid: 97.45%, Test In: 97.25% Test OOD1: 89.72% 
Epoch: 432, Loss: 0.1359, Cls: 0.0601, Ind: 0.0001, Med: 0.0150, Spu: 0.0000, FD: 0.0607, Var: 0.0000, Ctx: 2, Train: 99.97%, Valid: 97.43%, Test In: 97.25% Test OOD1: 90.32% 
Epoch: 433, Loss: 0.1243, Cls: 0.0549, Ind: 0.0001, Med: 0.0137, Spu: 0.0000, FD: 0.0556, Var: 0.0000, Ctx: 2, Train: 99.92%, Valid: 97.02%, Test In: 96.96% Test OOD1: 91.70% 
Epoch: 434, Loss: 0.1303, Cls: 0.0575, Ind: 0.0001, Med: 0.0144, Spu: 0.0000, FD: 0.0583, Var: 0.0000, Ctx: 2, Train: 99.97%, Valid: 97.38%, Test In: 97.27% Test OOD1: 91.03% 
Epoch: 435, Loss: 0.1248, Cls: 0.0551, Ind: 0.0001, Med: 0.0138, Spu: 0.0000, FD: 0.0557, Var: 0.0000, Ctx: 2, Train: 99.98%, Valid: 97.53%, Test In: 97.33% Test OOD1: 90.13% 
Epoch: 436, Loss: 0.1300, Cls: 0.0573, Ind: 0.0001, Med: 0.0143, Spu: 0.0000, FD: 0.0584, Var: 0.0000, Ctx: 2, Train: 99.97%, Valid: 97.15%, Test In: 97.12% Test OOD1: 92.00% 
Epoch: 437, Loss: 0.1271, Cls: 0.0562, Ind: 0.0001, Med: 0.0141, Spu: 0.0000, FD: 0.0568, Var: 0.0000, Ctx: 2, Train: 99.97%, Valid: 97.27%, Test In: 97.22% Test OOD1: 90.67% 
Epoch: 438, Loss: 0.1279, Cls: 0.0565, Ind: 0.0001, Med: 0.0141, Spu: 0.0000, FD: 0.0572, Var: 0.0000, Ctx: 2, Train: 99.97%, Valid: 97.42%, Test In: 97.32% Test OOD1: 90.21% 
Epoch: 439, Loss: 0.1307, Cls: 0.0577, Ind: 0.0001, Med: 0.0145, Spu: 0.0000, FD: 0.0584, Var: 0.0000, Ctx: 2, Train: 99.93%, Valid: 97.13%, Test In: 96.94% Test OOD1: 92.59% 
Epoch: 440, Loss: 0.1270, Cls: 0.0562, Ind: 0.0001, Med: 0.0141, Spu: 0.0000, FD: 0.0565, Var: 0.0000, Ctx: 2, Train: 99.98%, Valid: 97.44%, Test In: 97.29% Test OOD1: 90.29% 
Epoch: 441, Loss: 0.1348, Cls: 0.0595, Ind: 0.0001, Med: 0.0149, Spu: 0.0000, FD: 0.0603, Var: 0.0000, Ctx: 2, Train: 99.98%, Valid: 97.44%, Test In: 97.27% Test OOD1: 89.62% 
Epoch: 442, Loss: 0.1278, Cls: 0.0563, Ind: 0.0001, Med: 0.0141, Spu: 0.0000, FD: 0.0573, Var: 0.0000, Ctx: 2, Train: 99.91%, Valid: 97.13%, Test In: 96.94% Test OOD1: 91.98% 
Epoch: 443, Loss: 0.1402, Cls: 0.0622, Ind: 0.0001, Med: 0.0157, Spu: 0.0000, FD: 0.0622, Var: 0.0000, Ctx: 2, Train: 99.96%, Valid: 97.29%, Test In: 97.19% Test OOD1: 89.15% 
Epoch: 444, Loss: 0.1262, Cls: 0.0556, Ind: 0.0001, Med: 0.0139, Spu: 0.0000, FD: 0.0566, Var: 0.0000, Ctx: 2, Train: 99.96%, Valid: 97.35%, Test In: 97.27% Test OOD1: 89.19% 
Epoch: 445, Loss: 0.1347, Cls: 0.0594, Ind: 0.0001, Med: 0.0148, Spu: 0.0000, FD: 0.0604, Var: 0.0000, Ctx: 2, Train: 99.91%, Valid: 97.09%, Test In: 96.81% Test OOD1: 92.17% 
Epoch: 446, Loss: 0.1455, Cls: 0.0643, Ind: 0.0001, Med: 0.0161, Spu: 0.0000, FD: 0.0650, Var: 0.0000, Ctx: 2, Train: 99.96%, Valid: 97.41%, Test In: 97.27% Test OOD1: 88.45% 
Epoch: 447, Loss: 0.1340, Cls: 0.0591, Ind: 0.0001, Med: 0.0148, Spu: 0.0000, FD: 0.0600, Var: 0.0000, Ctx: 2, Train: 99.96%, Valid: 97.40%, Test In: 97.24% Test OOD1: 89.45% 
Epoch: 448, Loss: 0.1320, Cls: 0.0584, Ind: 0.0001, Med: 0.0146, Spu: 0.0000, FD: 0.0589, Var: 0.0000, Ctx: 2, Train: 99.88%, Valid: 97.02%, Test In: 96.75% Test OOD1: 92.35% 
Epoch: 449, Loss: 0.1411, Cls: 0.0624, Ind: 0.0001, Med: 0.0156, Spu: 0.0000, FD: 0.0630, Var: 0.0000, Ctx: 2, Train: 99.98%, Valid: 97.50%, Test In: 97.30% Test OOD1: 88.69% 
Epoch: 450, Loss: 0.1355, Cls: 0.0598, Ind: 0.0001, Med: 0.0150, Spu: 0.0000, FD: 0.0605, Var: 0.0000, Ctx: 2, Train: 99.98%, Valid: 97.43%, Test In: 97.32% Test OOD1: 89.79% 
Epoch: 451, Loss: 0.1179, Cls: 0.0520, Ind: 0.0001, Med: 0.0130, Spu: 0.0000, FD: 0.0528, Var: 0.0000, Ctx: 2, Train: 99.93%, Valid: 97.28%, Test In: 97.15% Test OOD1: 91.15% 
Epoch: 452, Loss: 0.1370, Cls: 0.0605, Ind: 0.0001, Med: 0.0151, Spu: 0.0000, FD: 0.0612, Var: 0.0000, Ctx: 2, Train: 99.97%, Valid: 97.39%, Test In: 97.42% Test OOD1: 88.11% 
Epoch: 453, Loss: 0.1310, Cls: 0.0579, Ind: 0.0001, Med: 0.0145, Spu: 0.0000, FD: 0.0586, Var: 0.0000, Ctx: 2, Train: 99.99%, Valid: 97.50%, Test In: 97.45% Test OOD1: 88.84% 
Epoch: 454, Loss: 0.1305, Cls: 0.0576, Ind: 0.0001, Med: 0.0144, Spu: 0.0000, FD: 0.0584, Var: 0.0000, Ctx: 2, Train: 99.97%, Valid: 97.42%, Test In: 97.34% Test OOD1: 89.74% 
Epoch: 455, Loss: 0.1359, Cls: 0.0601, Ind: 0.0001, Med: 0.0150, Spu: 0.0000, FD: 0.0607, Var: 0.0000, Ctx: 2, Train: 99.96%, Valid: 97.38%, Test In: 97.27% Test OOD1: 90.19% 
Epoch: 456, Loss: 0.1236, Cls: 0.0546, Ind: 0.0001, Med: 0.0137, Spu: 0.0000, FD: 0.0552, Var: 0.0000, Ctx: 2, Train: 99.98%, Valid: 97.40%, Test In: 97.32% Test OOD1: 90.28% 
Epoch: 457, Loss: 0.1246, Cls: 0.0550, Ind: 0.0001, Med: 0.0138, Spu: 0.0000, FD: 0.0557, Var: 0.0000, Ctx: 2, Train: 99.98%, Valid: 97.51%, Test In: 97.34% Test OOD1: 89.38% 
Epoch: 458, Loss: 0.1355, Cls: 0.0597, Ind: 0.0001, Med: 0.0149, Spu: 0.0000, FD: 0.0607, Var: 0.0000, Ctx: 2, Train: 99.98%, Valid: 97.53%, Test In: 97.31% Test OOD1: 90.26% 
Epoch: 459, Loss: 0.1237, Cls: 0.0547, Ind: 0.0001, Med: 0.0137, Spu: 0.0000, FD: 0.0553, Var: 0.0000, Ctx: 2, Train: 99.98%, Valid: 97.50%, Test In: 97.20% Test OOD1: 90.63% 
Epoch: 460, Loss: 0.1298, Cls: 0.0573, Ind: 0.0001, Med: 0.0143, Spu: 0.0000, FD: 0.0581, Var: 0.0000, Ctx: 2, Train: 99.98%, Valid: 97.56%, Test In: 97.34% Test OOD1: 88.68% 
Epoch: 461, Loss: 0.1333, Cls: 0.0587, Ind: 0.0001, Med: 0.0147, Spu: 0.0000, FD: 0.0598, Var: 0.0000, Ctx: 2, Train: 99.97%, Valid: 97.38%, Test In: 97.23% Test OOD1: 90.80% 
Epoch: 462, Loss: 0.1181, Cls: 0.0521, Ind: 0.0001, Med: 0.0131, Spu: 0.0000, FD: 0.0528, Var: 0.0000, Ctx: 2, Train: 99.98%, Valid: 97.40%, Test In: 97.30% Test OOD1: 90.66% 
Epoch: 463, Loss: 0.1228, Cls: 0.0544, Ind: 0.0001, Med: 0.0137, Spu: 0.0000, FD: 0.0546, Var: 0.0000, Ctx: 2, Train: 99.98%, Valid: 97.46%, Test In: 97.32% Test OOD1: 89.14% 
Epoch: 464, Loss: 0.1277, Cls: 0.0565, Ind: 0.0001, Med: 0.0142, Spu: 0.0000, FD: 0.0569, Var: 0.0000, Ctx: 2, Train: 99.98%, Valid: 97.39%, Test In: 97.26% Test OOD1: 90.95% 
Epoch: 465, Loss: 0.1268, Cls: 0.0560, Ind: 0.0001, Med: 0.0140, Spu: 0.0000, FD: 0.0568, Var: 0.0000, Ctx: 2, Train: 99.97%, Valid: 97.46%, Test In: 97.19% Test OOD1: 91.04% 
Epoch: 466, Loss: 0.1244, Cls: 0.0550, Ind: 0.0001, Med: 0.0138, Spu: 0.0000, FD: 0.0556, Var: 0.0000, Ctx: 2, Train: 99.96%, Valid: 97.44%, Test In: 97.23% Test OOD1: 89.45% 
Epoch: 467, Loss: 0.1269, Cls: 0.0561, Ind: 0.0001, Med: 0.0141, Spu: 0.0000, FD: 0.0567, Var: 0.0000, Ctx: 2, Train: 99.97%, Valid: 97.50%, Test In: 97.20% Test OOD1: 90.99% 
Epoch: 468, Loss: 0.1264, Cls: 0.0558, Ind: 0.0001, Med: 0.0139, Spu: 0.0000, FD: 0.0566, Var: 0.0000, Ctx: 2, Train: 99.97%, Valid: 97.41%, Test In: 97.31% Test OOD1: 90.61% 
Epoch: 469, Loss: 0.1227, Cls: 0.0542, Ind: 0.0001, Med: 0.0136, Spu: 0.0000, FD: 0.0549, Var: 0.0000, Ctx: 2, Train: 99.97%, Valid: 97.35%, Test In: 97.23% Test OOD1: 90.56% 
Epoch: 470, Loss: 0.1321, Cls: 0.0582, Ind: 0.0001, Med: 0.0145, Spu: 0.0000, FD: 0.0592, Var: 0.0000, Ctx: 2, Train: 99.96%, Valid: 97.36%, Test In: 97.15% Test OOD1: 91.43% 
Epoch: 471, Loss: 0.1345, Cls: 0.0594, Ind: 0.0001, Med: 0.0148, Spu: 0.0000, FD: 0.0602, Var: 0.0000, Ctx: 2, Train: 99.99%, Valid: 97.43%, Test In: 97.26% Test OOD1: 90.36% 
Epoch: 472, Loss: 0.1262, Cls: 0.0557, Ind: 0.0001, Med: 0.0140, Spu: 0.0000, FD: 0.0564, Var: 0.0000, Ctx: 2, Train: 99.94%, Valid: 97.27%, Test In: 97.15% Test OOD1: 89.53% 
Epoch: 473, Loss: 0.1321, Cls: 0.0584, Ind: 0.0001, Med: 0.0146, Spu: 0.0000, FD: 0.0591, Var: 0.0000, Ctx: 2, Train: 99.92%, Valid: 97.09%, Test In: 97.05% Test OOD1: 92.12% 
Epoch: 474, Loss: 0.1304, Cls: 0.0576, Ind: 0.0001, Med: 0.0144, Spu: 0.0000, FD: 0.0582, Var: 0.0000, Ctx: 2, Train: 99.98%, Valid: 97.53%, Test In: 97.37% Test OOD1: 89.60% 
Epoch: 475, Loss: 0.1277, Cls: 0.0565, Ind: 0.0001, Med: 0.0142, Spu: 0.0000, FD: 0.0570, Var: 0.0000, Ctx: 2, Train: 99.96%, Valid: 97.43%, Test In: 97.31% Test OOD1: 90.99% 
Epoch: 476, Loss: 0.1231, Cls: 0.0544, Ind: 0.0001, Med: 0.0136, Spu: 0.0000, FD: 0.0550, Var: 0.0000, Ctx: 2, Train: 99.96%, Valid: 97.38%, Test In: 97.24% Test OOD1: 91.57% 
Epoch: 477, Loss: 0.1248, Cls: 0.0551, Ind: 0.0001, Med: 0.0138, Spu: 0.0000, FD: 0.0559, Var: 0.0000, Ctx: 2, Train: 99.98%, Valid: 97.52%, Test In: 97.36% Test OOD1: 89.77% 
Epoch: 478, Loss: 0.1238, Cls: 0.0546, Ind: 0.0001, Med: 0.0136, Spu: 0.0000, FD: 0.0554, Var: 0.0000, Ctx: 2, Train: 99.97%, Valid: 97.53%, Test In: 97.21% Test OOD1: 90.59% 
Epoch: 479, Loss: 0.1270, Cls: 0.0561, Ind: 0.0001, Med: 0.0141, Spu: 0.0000, FD: 0.0567, Var: 0.0000, Ctx: 2, Train: 99.97%, Valid: 97.46%, Test In: 97.30% Test OOD1: 90.97% 
Epoch: 480, Loss: 0.1221, Cls: 0.0540, Ind: 0.0001, Med: 0.0136, Spu: 0.0000, FD: 0.0544, Var: 0.0000, Ctx: 2, Train: 99.99%, Valid: 97.42%, Test In: 97.38% Test OOD1: 90.85% 
Epoch: 481, Loss: 0.1254, Cls: 0.0552, Ind: 0.0001, Med: 0.0138, Spu: 0.0000, FD: 0.0563, Var: 0.0000, Ctx: 2, Train: 99.98%, Valid: 97.49%, Test In: 97.46% Test OOD1: 90.35% 
Epoch: 482, Loss: 0.1269, Cls: 0.0560, Ind: 0.0001, Med: 0.0140, Spu: 0.0000, FD: 0.0567, Var: 0.0000, Ctx: 2, Train: 99.97%, Valid: 97.30%, Test In: 97.27% Test OOD1: 91.81% 
Epoch: 483, Loss: 0.1210, Cls: 0.0534, Ind: 0.0001, Med: 0.0134, Spu: 0.0000, FD: 0.0541, Var: 0.0000, Ctx: 2, Train: 99.98%, Valid: 97.42%, Test In: 97.43% Test OOD1: 90.74% 
Epoch: 484, Loss: 0.1195, Cls: 0.0527, Ind: 0.0001, Med: 0.0132, Spu: 0.0000, FD: 0.0535, Var: 0.0000, Ctx: 2, Train: 99.98%, Valid: 97.45%, Test In: 97.50% Test OOD1: 91.25% 
Epoch: 485, Loss: 0.1238, Cls: 0.0546, Ind: 0.0001, Med: 0.0136, Spu: 0.0000, FD: 0.0555, Var: 0.0000, Ctx: 2, Train: 99.98%, Valid: 97.47%, Test In: 97.44% Test OOD1: 91.82% 
Epoch: 486, Loss: 0.1270, Cls: 0.0562, Ind: 0.0001, Med: 0.0141, Spu: 0.0000, FD: 0.0566, Var: 0.0000, Ctx: 2, Train: 99.98%, Valid: 97.47%, Test In: 97.46% Test OOD1: 90.95% 
Epoch: 487, Loss: 0.1259, Cls: 0.0555, Ind: 0.0001, Med: 0.0138, Spu: 0.0000, FD: 0.0565, Var: 0.0000, Ctx: 2, Train: 99.97%, Valid: 97.44%, Test In: 97.39% Test OOD1: 91.57% 
Epoch: 488, Loss: 0.1225, Cls: 0.0539, Ind: 0.0001, Med: 0.0135, Spu: 0.0000, FD: 0.0550, Var: 0.0000, Ctx: 2, Train: 99.97%, Valid: 97.40%, Test In: 97.36% Test OOD1: 90.99% 
Epoch: 489, Loss: 0.1280, Cls: 0.0566, Ind: 0.0001, Med: 0.0142, Spu: 0.0000, FD: 0.0572, Var: 0.0000, Ctx: 2, Train: 99.97%, Valid: 97.29%, Test In: 97.26% Test OOD1: 91.43% 
Epoch: 490, Loss: 0.1241, Cls: 0.0548, Ind: 0.0001, Med: 0.0137, Spu: 0.0000, FD: 0.0555, Var: 0.0000, Ctx: 2, Train: 99.97%, Valid: 97.34%, Test In: 97.40% Test OOD1: 90.36% 
Epoch: 491, Loss: 0.1252, Cls: 0.0552, Ind: 0.0001, Med: 0.0138, Spu: 0.0000, FD: 0.0561, Var: 0.0000, Ctx: 2, Train: 99.98%, Valid: 97.56%, Test In: 97.42% Test OOD1: 89.67% 
Epoch: 492, Loss: 0.1294, Cls: 0.0572, Ind: 0.0001, Med: 0.0143, Spu: 0.0000, FD: 0.0578, Var: 0.0000, Ctx: 2, Train: 99.97%, Valid: 97.37%, Test In: 97.26% Test OOD1: 91.42% 
Epoch: 493, Loss: 0.1262, Cls: 0.0558, Ind: 0.0001, Med: 0.0140, Spu: 0.0000, FD: 0.0564, Var: 0.0000, Ctx: 2, Train: 99.98%, Valid: 97.46%, Test In: 97.39% Test OOD1: 90.45% 
Epoch: 494, Loss: 0.1154, Cls: 0.0509, Ind: 0.0001, Med: 0.0127, Spu: 0.0000, FD: 0.0517, Var: 0.0000, Ctx: 2, Train: 99.98%, Valid: 97.48%, Test In: 97.40% Test OOD1: 89.70% 
Epoch: 495, Loss: 0.1203, Cls: 0.0531, Ind: 0.0001, Med: 0.0133, Spu: 0.0000, FD: 0.0538, Var: 0.0000, Ctx: 2, Train: 99.98%, Valid: 97.42%, Test In: 97.34% Test OOD1: 91.32% 
Epoch: 496, Loss: 0.1253, Cls: 0.0553, Ind: 0.0001, Med: 0.0138, Spu: 0.0000, FD: 0.0560, Var: 0.0000, Ctx: 2, Train: 99.97%, Valid: 97.37%, Test In: 97.41% Test OOD1: 90.83% 
Epoch: 497, Loss: 0.1180, Cls: 0.0522, Ind: 0.0001, Med: 0.0131, Spu: 0.0000, FD: 0.0527, Var: 0.0000, Ctx: 2, Train: 99.98%, Valid: 97.40%, Test In: 97.43% Test OOD1: 89.42% 
Epoch: 498, Loss: 0.1213, Cls: 0.0536, Ind: 0.0001, Med: 0.0134, Spu: 0.0000, FD: 0.0542, Var: 0.0000, Ctx: 2, Train: 99.98%, Valid: 97.53%, Test In: 97.47% Test OOD1: 89.88% 
Epoch: 499, Loss: 0.1181, Cls: 0.0522, Ind: 0.0001, Med: 0.0131, Spu: 0.0000, FD: 0.0527, Var: 0.0000, Ctx: 2, Train: 99.98%, Valid: 97.45%, Test In: 97.50% Test OOD1: 90.50% 
Run 01:
Highest Train: 99.99
Highest Valid: 97.56
Highest In Test: 97.50
Highest OOD Test: 92.59
Chosen epoch: 461
Final Train: 99.98
Final In Test: 97.34
Final OOD Test: 88.68
Epoch: 00, Loss: 2.6279, Cls: 1.1315, Ind: 0.0006, Med: 0.2947, Spu: 0.0076, FD: 1.1934, Var: 0.0001, Ctx: 2, Train: 45.01%, Valid: 44.92%, Test In: 44.95% Test OOD1: 63.46% 
Epoch: 01, Loss: 2.5255, Cls: 1.0458, Ind: 0.0008, Med: 0.2678, Spu: 0.0025, FD: 1.2085, Var: 0.0001, Ctx: 2, Train: 72.03%, Valid: 71.63%, Test In: 72.07% Test OOD1: 54.10% 
Epoch: 02, Loss: 2.2315, Cls: 0.9813, Ind: 0.0007, Med: 0.2630, Spu: 0.0054, FD: 0.9810, Var: 0.0001, Ctx: 2, Train: 71.82%, Valid: 71.42%, Test In: 71.89% Test OOD1: 53.99% 
Epoch: 03, Loss: 1.9861, Cls: 0.8822, Ind: 0.0006, Med: 0.2357, Spu: 0.0038, FD: 0.8637, Var: 0.0001, Ctx: 2, Train: 73.15%, Valid: 73.02%, Test In: 73.51% Test OOD1: 57.13% 
Epoch: 04, Loss: 1.7470, Cls: 0.7607, Ind: 0.0005, Med: 0.2041, Spu: 0.0020, FD: 0.7796, Var: 0.0001, Ctx: 2, Train: 79.77%, Valid: 79.60%, Test In: 80.00% Test OOD1: 61.96% 
Epoch: 05, Loss: 1.4958, Cls: 0.6519, Ind: 0.0005, Med: 0.1779, Spu: 0.0019, FD: 0.6635, Var: 0.0001, Ctx: 2, Train: 83.94%, Valid: 83.91%, Test In: 84.07% Test OOD1: 62.61% 
Epoch: 06, Loss: 1.2671, Cls: 0.5593, Ind: 0.0007, Med: 0.1535, Spu: 0.0025, FD: 0.5511, Var: 0.0001, Ctx: 2, Train: 86.79%, Valid: 86.73%, Test In: 86.58% Test OOD1: 61.69% 
Epoch: 07, Loss: 1.1021, Cls: 0.4883, Ind: 0.0009, Med: 0.1323, Spu: 0.0022, FD: 0.4782, Var: 0.0001, Ctx: 2, Train: 88.06%, Valid: 87.92%, Test In: 88.08% Test OOD1: 62.03% 
Epoch: 08, Loss: 0.9971, Cls: 0.4415, Ind: 0.0012, Med: 0.1185, Spu: 0.0018, FD: 0.4340, Var: 0.0001, Ctx: 2, Train: 88.66%, Valid: 88.57%, Test In: 88.66% Test OOD1: 63.74% 
Epoch: 09, Loss: 0.9295, Cls: 0.4116, Ind: 0.0014, Med: 0.1106, Spu: 0.0016, FD: 0.4041, Var: 0.0000, Ctx: 2, Train: 88.96%, Valid: 88.79%, Test In: 89.07% Test OOD1: 64.65% 
Epoch: 10, Loss: 0.8787, Cls: 0.3845, Ind: 0.0015, Med: 0.1023, Spu: 0.0016, FD: 0.3887, Var: 0.0000, Ctx: 2, Train: 89.25%, Valid: 88.99%, Test In: 89.38% Test OOD1: 65.28% 
Epoch: 11, Loss: 0.8455, Cls: 0.3668, Ind: 0.0016, Med: 0.0962, Spu: 0.0014, FD: 0.3795, Var: 0.0000, Ctx: 2, Train: 89.62%, Valid: 89.36%, Test In: 89.73% Test OOD1: 66.23% 
Epoch: 12, Loss: 0.8139, Cls: 0.3517, Ind: 0.0016, Med: 0.0914, Spu: 0.0012, FD: 0.3679, Var: 0.0000, Ctx: 2, Train: 89.85%, Valid: 89.53%, Test In: 89.90% Test OOD1: 66.58% 
Epoch: 13, Loss: 0.8021, Cls: 0.3492, Ind: 0.0015, Med: 0.0908, Spu: 0.0010, FD: 0.3595, Var: 0.0000, Ctx: 2, Train: 90.09%, Valid: 89.73%, Test In: 90.04% Test OOD1: 66.61% 
Epoch: 14, Loss: 0.7911, Cls: 0.3459, Ind: 0.0014, Med: 0.0897, Spu: 0.0009, FD: 0.3531, Var: 0.0000, Ctx: 2, Train: 90.24%, Valid: 89.90%, Test In: 90.30% Test OOD1: 66.94% 
Epoch: 15, Loss: 0.7854, Cls: 0.3434, Ind: 0.0013, Med: 0.0886, Spu: 0.0009, FD: 0.3512, Var: 0.0000, Ctx: 2, Train: 90.33%, Valid: 90.02%, Test In: 90.37% Test OOD1: 67.67% 
Epoch: 16, Loss: 0.7731, Cls: 0.3386, Ind: 0.0011, Med: 0.0869, Spu: 0.0008, FD: 0.3457, Var: 0.0000, Ctx: 2, Train: 90.41%, Valid: 90.13%, Test In: 90.45% Test OOD1: 68.65% 
Epoch: 17, Loss: 0.7509, Cls: 0.3285, Ind: 0.0009, Med: 0.0839, Spu: 0.0008, FD: 0.3367, Var: 0.0000, Ctx: 2, Train: 90.56%, Valid: 90.26%, Test In: 90.56% Test OOD1: 69.34% 
Epoch: 18, Loss: 0.7341, Cls: 0.3208, Ind: 0.0008, Med: 0.0814, Spu: 0.0008, FD: 0.3304, Var: 0.0000, Ctx: 2, Train: 90.69%, Valid: 90.24%, Test In: 90.61% Test OOD1: 69.12% 
Epoch: 19, Loss: 0.7199, Cls: 0.3155, Ind: 0.0006, Med: 0.0801, Spu: 0.0007, FD: 0.3230, Var: 0.0000, Ctx: 2, Train: 90.68%, Valid: 90.35%, Test In: 90.63% Test OOD1: 68.87% 
Epoch: 20, Loss: 0.7081, Cls: 0.3120, Ind: 0.0005, Med: 0.0794, Spu: 0.0006, FD: 0.3156, Var: 0.0000, Ctx: 2, Train: 90.78%, Valid: 90.34%, Test In: 90.80% Test OOD1: 69.84% 
Epoch: 21, Loss: 0.6994, Cls: 0.3076, Ind: 0.0004, Med: 0.0779, Spu: 0.0005, FD: 0.3129, Var: 0.0000, Ctx: 2, Train: 90.88%, Valid: 90.38%, Test In: 90.93% Test OOD1: 70.83% 
Epoch: 22, Loss: 0.6919, Cls: 0.3046, Ind: 0.0003, Med: 0.0772, Spu: 0.0005, FD: 0.3093, Var: 0.0000, Ctx: 2, Train: 91.03%, Valid: 90.61%, Test In: 90.96% Test OOD1: 70.62% 
Epoch: 23, Loss: 0.6824, Cls: 0.3003, Ind: 0.0003, Med: 0.0760, Spu: 0.0005, FD: 0.3052, Var: 0.0000, Ctx: 2, Train: 91.11%, Valid: 90.74%, Test In: 91.04% Test OOD1: 69.86% 
Epoch: 24, Loss: 0.6786, Cls: 0.2985, Ind: 0.0002, Med: 0.0755, Spu: 0.0004, FD: 0.3038, Var: 0.0000, Ctx: 2, Train: 91.27%, Valid: 90.86%, Test In: 91.18% Test OOD1: 70.02% 
Epoch: 25, Loss: 0.6644, Cls: 0.2917, Ind: 0.0002, Med: 0.0737, Spu: 0.0004, FD: 0.2984, Var: 0.0000, Ctx: 2, Train: 91.36%, Valid: 90.99%, Test In: 91.35% Test OOD1: 70.68% 
Epoch: 26, Loss: 0.6658, Cls: 0.2926, Ind: 0.0002, Med: 0.0740, Spu: 0.0003, FD: 0.2987, Var: 0.0000, Ctx: 2, Train: 91.43%, Valid: 90.98%, Test In: 91.41% Test OOD1: 70.95% 
Epoch: 27, Loss: 0.6675, Cls: 0.2932, Ind: 0.0002, Med: 0.0741, Spu: 0.0003, FD: 0.2996, Var: 0.0000, Ctx: 2, Train: 91.54%, Valid: 91.08%, Test In: 91.51% Test OOD1: 70.54% 
Epoch: 28, Loss: 0.6506, Cls: 0.2853, Ind: 0.0002, Med: 0.0719, Spu: 0.0003, FD: 0.2929, Var: 0.0000, Ctx: 2, Train: 91.60%, Valid: 91.20%, Test In: 91.52% Test OOD1: 70.42% 
Epoch: 29, Loss: 0.6438, Cls: 0.2826, Ind: 0.0002, Med: 0.0712, Spu: 0.0003, FD: 0.2895, Var: 0.0000, Ctx: 2, Train: 91.65%, Valid: 91.24%, Test In: 91.58% Test OOD1: 70.90% 
Epoch: 30, Loss: 0.6420, Cls: 0.2830, Ind: 0.0002, Med: 0.0715, Spu: 0.0003, FD: 0.2870, Var: 0.0000, Ctx: 2, Train: 91.77%, Valid: 91.32%, Test In: 91.68% Test OOD1: 71.80% 
Epoch: 31, Loss: 0.6273, Cls: 0.2773, Ind: 0.0002, Med: 0.0702, Spu: 0.0002, FD: 0.2793, Var: 0.0000, Ctx: 2, Train: 91.87%, Valid: 91.36%, Test In: 91.74% Test OOD1: 71.97% 
Epoch: 32, Loss: 0.6269, Cls: 0.2767, Ind: 0.0002, Med: 0.0699, Spu: 0.0002, FD: 0.2799, Var: 0.0000, Ctx: 2, Train: 91.99%, Valid: 91.31%, Test In: 91.80% Test OOD1: 71.18% 
Epoch: 33, Loss: 0.6210, Cls: 0.2744, Ind: 0.0002, Med: 0.0693, Spu: 0.0002, FD: 0.2769, Var: 0.0000, Ctx: 2, Train: 92.05%, Valid: 91.33%, Test In: 91.81% Test OOD1: 70.63% 
Epoch: 34, Loss: 0.6139, Cls: 0.2717, Ind: 0.0002, Med: 0.0687, Spu: 0.0002, FD: 0.2730, Var: 0.0000, Ctx: 2, Train: 92.13%, Valid: 91.54%, Test In: 91.90% Test OOD1: 71.40% 
Epoch: 35, Loss: 0.6093, Cls: 0.2692, Ind: 0.0002, Med: 0.0679, Spu: 0.0002, FD: 0.2717, Var: 0.0000, Ctx: 2, Train: 92.24%, Valid: 91.57%, Test In: 91.95% Test OOD1: 71.94% 
Epoch: 36, Loss: 0.6034, Cls: 0.2660, Ind: 0.0002, Med: 0.0669, Spu: 0.0002, FD: 0.2700, Var: 0.0000, Ctx: 2, Train: 92.32%, Valid: 91.57%, Test In: 92.08% Test OOD1: 71.76% 
Epoch: 37, Loss: 0.5959, Cls: 0.2630, Ind: 0.0002, Med: 0.0662, Spu: 0.0002, FD: 0.2662, Var: 0.0000, Ctx: 2, Train: 92.40%, Valid: 91.61%, Test In: 92.12% Test OOD1: 71.12% 
Epoch: 38, Loss: 0.5919, Cls: 0.2618, Ind: 0.0002, Med: 0.0661, Spu: 0.0002, FD: 0.2637, Var: 0.0000, Ctx: 2, Train: 92.48%, Valid: 91.67%, Test In: 92.14% Test OOD1: 71.21% 
Epoch: 39, Loss: 0.5758, Cls: 0.2542, Ind: 0.0002, Med: 0.0640, Spu: 0.0002, FD: 0.2573, Var: 0.0000, Ctx: 2, Train: 92.55%, Valid: 91.68%, Test In: 92.21% Test OOD1: 72.10% 
Epoch: 40, Loss: 0.5850, Cls: 0.2583, Ind: 0.0002, Med: 0.0650, Spu: 0.0002, FD: 0.2612, Var: 0.0000, Ctx: 2, Train: 92.60%, Valid: 91.82%, Test In: 92.20% Test OOD1: 72.78% 
Epoch: 41, Loss: 0.5766, Cls: 0.2546, Ind: 0.0002, Med: 0.0641, Spu: 0.0001, FD: 0.2575, Var: 0.0000, Ctx: 2, Train: 92.66%, Valid: 91.82%, Test In: 92.26% Test OOD1: 72.81% 
Epoch: 42, Loss: 0.5680, Cls: 0.2509, Ind: 0.0002, Med: 0.0632, Spu: 0.0001, FD: 0.2535, Var: 0.0000, Ctx: 2, Train: 92.71%, Valid: 91.84%, Test In: 92.37% Test OOD1: 72.68% 
Epoch: 43, Loss: 0.5645, Cls: 0.2492, Ind: 0.0002, Med: 0.0627, Spu: 0.0001, FD: 0.2522, Var: 0.0000, Ctx: 2, Train: 92.80%, Valid: 91.89%, Test In: 92.38% Test OOD1: 73.08% 
Epoch: 44, Loss: 0.5615, Cls: 0.2477, Ind: 0.0002, Med: 0.0623, Spu: 0.0001, FD: 0.2511, Var: 0.0000, Ctx: 2, Train: 92.87%, Valid: 92.00%, Test In: 92.45% Test OOD1: 74.07% 
Epoch: 45, Loss: 0.5565, Cls: 0.2458, Ind: 0.0002, Med: 0.0619, Spu: 0.0001, FD: 0.2485, Var: 0.0000, Ctx: 2, Train: 93.01%, Valid: 92.07%, Test In: 92.51% Test OOD1: 74.77% 
Epoch: 46, Loss: 0.5535, Cls: 0.2447, Ind: 0.0001, Med: 0.0617, Spu: 0.0001, FD: 0.2468, Var: 0.0000, Ctx: 2, Train: 93.08%, Valid: 92.01%, Test In: 92.56% Test OOD1: 74.15% 
Epoch: 47, Loss: 0.5479, Cls: 0.2420, Ind: 0.0001, Med: 0.0609, Spu: 0.0001, FD: 0.2447, Var: 0.0000, Ctx: 2, Train: 93.11%, Valid: 92.11%, Test In: 92.58% Test OOD1: 74.41% 
Epoch: 48, Loss: 0.5475, Cls: 0.2417, Ind: 0.0001, Med: 0.0608, Spu: 0.0001, FD: 0.2447, Var: 0.0000, Ctx: 2, Train: 93.17%, Valid: 92.15%, Test In: 92.57% Test OOD1: 76.02% 
Epoch: 49, Loss: 0.5315, Cls: 0.2349, Ind: 0.0001, Med: 0.0592, Spu: 0.0001, FD: 0.2372, Var: 0.0000, Ctx: 2, Train: 93.25%, Valid: 92.22%, Test In: 92.63% Test OOD1: 76.26% 
Epoch: 50, Loss: 0.5307, Cls: 0.2341, Ind: 0.0001, Med: 0.0588, Spu: 0.0001, FD: 0.2376, Var: 0.0000, Ctx: 2, Train: 93.35%, Valid: 92.22%, Test In: 92.71% Test OOD1: 75.87% 
Epoch: 51, Loss: 0.5324, Cls: 0.2355, Ind: 0.0001, Med: 0.0593, Spu: 0.0001, FD: 0.2374, Var: 0.0000, Ctx: 2, Train: 93.37%, Valid: 92.26%, Test In: 92.72% Test OOD1: 76.08% 
Epoch: 52, Loss: 0.5240, Cls: 0.2313, Ind: 0.0001, Med: 0.0581, Spu: 0.0001, FD: 0.2343, Var: 0.0000, Ctx: 2, Train: 93.49%, Valid: 92.36%, Test In: 92.71% Test OOD1: 77.05% 
Epoch: 53, Loss: 0.5332, Cls: 0.2357, Ind: 0.0001, Med: 0.0593, Spu: 0.0001, FD: 0.2380, Var: 0.0000, Ctx: 2, Train: 93.54%, Valid: 92.42%, Test In: 92.69% Test OOD1: 77.18% 
Epoch: 54, Loss: 0.5206, Cls: 0.2303, Ind: 0.0001, Med: 0.0580, Spu: 0.0001, FD: 0.2321, Var: 0.0000, Ctx: 2, Train: 93.59%, Valid: 92.46%, Test In: 92.87% Test OOD1: 76.59% 
Epoch: 55, Loss: 0.5187, Cls: 0.2291, Ind: 0.0001, Med: 0.0576, Spu: 0.0001, FD: 0.2319, Var: 0.0000, Ctx: 2, Train: 93.70%, Valid: 92.54%, Test In: 92.88% Test OOD1: 77.38% 
Epoch: 56, Loss: 0.5166, Cls: 0.2281, Ind: 0.0001, Med: 0.0573, Spu: 0.0001, FD: 0.2309, Var: 0.0000, Ctx: 2, Train: 93.74%, Valid: 92.59%, Test In: 92.85% Test OOD1: 77.85% 
Epoch: 57, Loss: 0.5079, Cls: 0.2243, Ind: 0.0001, Med: 0.0564, Spu: 0.0001, FD: 0.2269, Var: 0.0000, Ctx: 2, Train: 93.79%, Valid: 92.58%, Test In: 92.89% Test OOD1: 77.66% 
Epoch: 58, Loss: 0.5008, Cls: 0.2215, Ind: 0.0001, Med: 0.0558, Spu: 0.0001, FD: 0.2233, Var: 0.0000, Ctx: 2, Train: 93.90%, Valid: 92.72%, Test In: 92.98% Test OOD1: 77.17% 
Epoch: 59, Loss: 0.4986, Cls: 0.2201, Ind: 0.0001, Med: 0.0553, Spu: 0.0001, FD: 0.2229, Var: 0.0000, Ctx: 2, Train: 94.00%, Valid: 92.72%, Test In: 92.94% Test OOD1: 78.46% 
Epoch: 60, Loss: 0.5064, Cls: 0.2236, Ind: 0.0001, Med: 0.0562, Spu: 0.0001, FD: 0.2264, Var: 0.0000, Ctx: 2, Train: 94.03%, Valid: 92.76%, Test In: 93.01% Test OOD1: 77.90% 
Epoch: 61, Loss: 0.4952, Cls: 0.2190, Ind: 0.0001, Med: 0.0551, Spu: 0.0001, FD: 0.2209, Var: 0.0000, Ctx: 2, Train: 94.12%, Valid: 92.87%, Test In: 93.06% Test OOD1: 78.69% 
Epoch: 62, Loss: 0.4873, Cls: 0.2157, Ind: 0.0001, Med: 0.0543, Spu: 0.0001, FD: 0.2170, Var: 0.0000, Ctx: 2, Train: 94.23%, Valid: 92.93%, Test In: 93.18% Test OOD1: 79.43% 
Epoch: 63, Loss: 0.4855, Cls: 0.2145, Ind: 0.0001, Med: 0.0540, Spu: 0.0001, FD: 0.2167, Var: 0.0000, Ctx: 2, Train: 94.34%, Valid: 92.95%, Test In: 93.26% Test OOD1: 78.87% 
Epoch: 64, Loss: 0.4838, Cls: 0.2136, Ind: 0.0001, Med: 0.0537, Spu: 0.0001, FD: 0.2163, Var: 0.0000, Ctx: 2, Train: 94.24%, Valid: 92.93%, Test In: 93.22% Test OOD1: 79.64% 
Epoch: 65, Loss: 0.4735, Cls: 0.2093, Ind: 0.0001, Med: 0.0527, Spu: 0.0001, FD: 0.2113, Var: 0.0000, Ctx: 2, Train: 94.39%, Valid: 92.99%, Test In: 93.26% Test OOD1: 79.43% 
Epoch: 66, Loss: 0.4716, Cls: 0.2085, Ind: 0.0001, Med: 0.0524, Spu: 0.0001, FD: 0.2104, Var: 0.0000, Ctx: 2, Train: 94.49%, Valid: 93.01%, Test In: 93.29% Test OOD1: 79.24% 
Epoch: 67, Loss: 0.4718, Cls: 0.2087, Ind: 0.0002, Med: 0.0526, Spu: 0.0001, FD: 0.2102, Var: 0.0000, Ctx: 2, Train: 94.53%, Valid: 93.04%, Test In: 93.29% Test OOD1: 78.78% 
Epoch: 68, Loss: 0.4645, Cls: 0.2054, Ind: 0.0002, Med: 0.0517, Spu: 0.0001, FD: 0.2072, Var: 0.0000, Ctx: 2, Train: 94.46%, Valid: 93.06%, Test In: 93.31% Test OOD1: 79.03% 
Epoch: 69, Loss: 0.4660, Cls: 0.2056, Ind: 0.0002, Med: 0.0516, Spu: 0.0001, FD: 0.2085, Var: 0.0000, Ctx: 2, Train: 94.63%, Valid: 93.16%, Test In: 93.33% Test OOD1: 79.17% 
Epoch: 70, Loss: 0.4579, Cls: 0.2023, Ind: 0.0002, Med: 0.0509, Spu: 0.0001, FD: 0.2045, Var: 0.0000, Ctx: 2, Train: 94.79%, Valid: 93.25%, Test In: 93.39% Test OOD1: 79.29% 
Epoch: 71, Loss: 0.4546, Cls: 0.2006, Ind: 0.0002, Med: 0.0504, Spu: 0.0001, FD: 0.2033, Var: 0.0000, Ctx: 2, Train: 94.83%, Valid: 93.29%, Test In: 93.47% Test OOD1: 79.65% 
Epoch: 72, Loss: 0.4576, Cls: 0.2024, Ind: 0.0002, Med: 0.0510, Spu: 0.0001, FD: 0.2040, Var: 0.0000, Ctx: 2, Train: 94.92%, Valid: 93.33%, Test In: 93.41% Test OOD1: 80.48% 
Epoch: 73, Loss: 0.4400, Cls: 0.1945, Ind: 0.0002, Med: 0.0489, Spu: 0.0001, FD: 0.1963, Var: 0.0000, Ctx: 2, Train: 94.97%, Valid: 93.38%, Test In: 93.49% Test OOD1: 79.77% 
Epoch: 74, Loss: 0.4478, Cls: 0.1979, Ind: 0.0002, Med: 0.0498, Spu: 0.0001, FD: 0.2000, Var: 0.0000, Ctx: 2, Train: 94.95%, Valid: 93.41%, Test In: 93.54% Test OOD1: 79.94% 
Epoch: 75, Loss: 0.4410, Cls: 0.1946, Ind: 0.0002, Med: 0.0489, Spu: 0.0001, FD: 0.1972, Var: 0.0000, Ctx: 2, Train: 95.04%, Valid: 93.40%, Test In: 93.60% Test OOD1: 79.82% 
Epoch: 76, Loss: 0.4411, Cls: 0.1947, Ind: 0.0002, Med: 0.0489, Spu: 0.0001, FD: 0.1972, Var: 0.0000, Ctx: 2, Train: 95.21%, Valid: 93.47%, Test In: 93.65% Test OOD1: 79.66% 
Epoch: 77, Loss: 0.4381, Cls: 0.1939, Ind: 0.0002, Med: 0.0489, Spu: 0.0001, FD: 0.1950, Var: 0.0000, Ctx: 2, Train: 95.13%, Valid: 93.43%, Test In: 93.40% Test OOD1: 80.42% 
Epoch: 78, Loss: 0.4321, Cls: 0.1913, Ind: 0.0002, Med: 0.0482, Spu: 0.0001, FD: 0.1924, Var: 0.0000, Ctx: 2, Train: 95.19%, Valid: 93.62%, Test In: 93.71% Test OOD1: 78.58% 
Epoch: 79, Loss: 0.4301, Cls: 0.1900, Ind: 0.0002, Med: 0.0478, Spu: 0.0001, FD: 0.1921, Var: 0.0000, Ctx: 2, Train: 95.35%, Valid: 93.40%, Test In: 93.59% Test OOD1: 79.85% 
Epoch: 80, Loss: 0.4242, Cls: 0.1878, Ind: 0.0002, Med: 0.0473, Spu: 0.0001, FD: 0.1889, Var: 0.0000, Ctx: 2, Train: 95.36%, Valid: 93.60%, Test In: 93.68% Test OOD1: 79.33% 
Epoch: 81, Loss: 0.4251, Cls: 0.1879, Ind: 0.0002, Med: 0.0473, Spu: 0.0001, FD: 0.1897, Var: 0.0000, Ctx: 2, Train: 95.30%, Valid: 93.58%, Test In: 93.79% Test OOD1: 78.73% 
Epoch: 82, Loss: 0.4221, Cls: 0.1866, Ind: 0.0002, Med: 0.0469, Spu: 0.0001, FD: 0.1882, Var: 0.0000, Ctx: 2, Train: 95.57%, Valid: 93.82%, Test In: 93.79% Test OOD1: 79.50% 
Epoch: 83, Loss: 0.4155, Cls: 0.1837, Ind: 0.0002, Med: 0.0462, Spu: 0.0001, FD: 0.1853, Var: 0.0000, Ctx: 2, Train: 95.52%, Valid: 93.70%, Test In: 93.69% Test OOD1: 80.96% 
Epoch: 84, Loss: 0.4090, Cls: 0.1809, Ind: 0.0002, Med: 0.0455, Spu: 0.0001, FD: 0.1823, Var: 0.0000, Ctx: 2, Train: 95.77%, Valid: 93.83%, Test In: 94.02% Test OOD1: 79.00% 
Epoch: 85, Loss: 0.4176, Cls: 0.1844, Ind: 0.0002, Med: 0.0463, Spu: 0.0001, FD: 0.1866, Var: 0.0000, Ctx: 2, Train: 95.73%, Valid: 93.72%, Test In: 93.79% Test OOD1: 81.45% 
Epoch: 86, Loss: 0.4051, Cls: 0.1788, Ind: 0.0002, Med: 0.0449, Spu: 0.0001, FD: 0.1811, Var: 0.0000, Ctx: 2, Train: 95.83%, Valid: 93.85%, Test In: 93.89% Test OOD1: 81.28% 
Epoch: 87, Loss: 0.4047, Cls: 0.1786, Ind: 0.0002, Med: 0.0448, Spu: 0.0001, FD: 0.1811, Var: 0.0000, Ctx: 2, Train: 95.91%, Valid: 93.95%, Test In: 94.09% Test OOD1: 79.79% 
Epoch: 88, Loss: 0.4063, Cls: 0.1796, Ind: 0.0002, Med: 0.0451, Spu: 0.0001, FD: 0.1813, Var: 0.0000, Ctx: 2, Train: 95.81%, Valid: 93.83%, Test In: 93.87% Test OOD1: 81.45% 
Epoch: 89, Loss: 0.4000, Cls: 0.1766, Ind: 0.0002, Med: 0.0444, Spu: 0.0001, FD: 0.1788, Var: 0.0000, Ctx: 2, Train: 95.99%, Valid: 93.93%, Test In: 94.04% Test OOD1: 81.48% 
Epoch: 90, Loss: 0.3944, Cls: 0.1745, Ind: 0.0002, Med: 0.0439, Spu: 0.0001, FD: 0.1757, Var: 0.0000, Ctx: 2, Train: 96.03%, Valid: 94.05%, Test In: 94.05% Test OOD1: 80.94% 
Epoch: 91, Loss: 0.3947, Cls: 0.1745, Ind: 0.0002, Med: 0.0439, Spu: 0.0001, FD: 0.1760, Var: 0.0000, Ctx: 2, Train: 95.98%, Valid: 94.06%, Test In: 94.06% Test OOD1: 81.29% 
Epoch: 92, Loss: 0.3911, Cls: 0.1726, Ind: 0.0002, Med: 0.0433, Spu: 0.0001, FD: 0.1749, Var: 0.0000, Ctx: 2, Train: 96.18%, Valid: 94.02%, Test In: 94.03% Test OOD1: 81.47% 
Epoch: 93, Loss: 0.3799, Cls: 0.1678, Ind: 0.0002, Med: 0.0422, Spu: 0.0001, FD: 0.1697, Var: 0.0000, Ctx: 2, Train: 96.13%, Valid: 93.96%, Test In: 94.00% Test OOD1: 81.38% 
Epoch: 94, Loss: 0.3859, Cls: 0.1705, Ind: 0.0002, Med: 0.0428, Spu: 0.0001, FD: 0.1723, Var: 0.0000, Ctx: 2, Train: 96.25%, Valid: 94.04%, Test In: 93.97% Test OOD1: 81.17% 
Epoch: 95, Loss: 0.3754, Cls: 0.1657, Ind: 0.0002, Med: 0.0416, Spu: 0.0001, FD: 0.1678, Var: 0.0000, Ctx: 2, Train: 96.44%, Valid: 94.13%, Test In: 94.09% Test OOD1: 80.81% 
Epoch: 96, Loss: 0.3827, Cls: 0.1688, Ind: 0.0002, Med: 0.0424, Spu: 0.0001, FD: 0.1713, Var: 0.0000, Ctx: 2, Train: 96.26%, Valid: 94.09%, Test In: 93.97% Test OOD1: 81.31% 
Epoch: 97, Loss: 0.3742, Cls: 0.1654, Ind: 0.0002, Med: 0.0416, Spu: 0.0001, FD: 0.1670, Var: 0.0000, Ctx: 2, Train: 96.49%, Valid: 94.17%, Test In: 94.14% Test OOD1: 81.24% 
Epoch: 98, Loss: 0.3736, Cls: 0.1651, Ind: 0.0002, Med: 0.0415, Spu: 0.0001, FD: 0.1668, Var: 0.0000, Ctx: 2, Train: 96.54%, Valid: 94.26%, Test In: 94.33% Test OOD1: 80.43% 
Epoch: 99, Loss: 0.3638, Cls: 0.1609, Ind: 0.0002, Med: 0.0405, Spu: 0.0001, FD: 0.1621, Var: 0.0000, Ctx: 2, Train: 96.41%, Valid: 94.10%, Test In: 94.02% Test OOD1: 80.90% 
Epoch: 100, Loss: 0.3657, Cls: 0.1616, Ind: 0.0002, Med: 0.0406, Spu: 0.0001, FD: 0.1633, Var: 0.0000, Ctx: 2, Train: 96.74%, Valid: 94.33%, Test In: 94.40% Test OOD1: 80.12% 
Epoch: 101, Loss: 0.3644, Cls: 0.1608, Ind: 0.0002, Med: 0.0404, Spu: 0.0001, FD: 0.1630, Var: 0.0000, Ctx: 2, Train: 96.56%, Valid: 94.12%, Test In: 94.12% Test OOD1: 81.72% 
Epoch: 102, Loss: 0.3561, Cls: 0.1574, Ind: 0.0002, Med: 0.0396, Spu: 0.0001, FD: 0.1589, Var: 0.0000, Ctx: 2, Train: 96.83%, Valid: 94.35%, Test In: 94.33% Test OOD1: 78.82% 
Epoch: 103, Loss: 0.3635, Cls: 0.1602, Ind: 0.0002, Med: 0.0401, Spu: 0.0001, FD: 0.1629, Var: 0.0000, Ctx: 2, Train: 96.62%, Valid: 94.01%, Test In: 93.90% Test OOD1: 82.60% 
Epoch: 104, Loss: 0.3615, Cls: 0.1601, Ind: 0.0002, Med: 0.0403, Spu: 0.0000, FD: 0.1608, Var: 0.0000, Ctx: 2, Train: 96.90%, Valid: 94.57%, Test In: 94.47% Test OOD1: 79.91% 
Epoch: 105, Loss: 0.3559, Cls: 0.1574, Ind: 0.0002, Med: 0.0396, Spu: 0.0000, FD: 0.1587, Var: 0.0000, Ctx: 2, Train: 96.85%, Valid: 94.46%, Test In: 94.38% Test OOD1: 81.40% 
Epoch: 106, Loss: 0.3418, Cls: 0.1511, Ind: 0.0002, Med: 0.0380, Spu: 0.0000, FD: 0.1524, Var: 0.0000, Ctx: 2, Train: 96.83%, Valid: 94.43%, Test In: 94.36% Test OOD1: 82.22% 
Epoch: 107, Loss: 0.3474, Cls: 0.1534, Ind: 0.0002, Med: 0.0385, Spu: 0.0000, FD: 0.1552, Var: 0.0000, Ctx: 2, Train: 97.00%, Valid: 94.54%, Test In: 94.42% Test OOD1: 80.46% 
Epoch: 108, Loss: 0.3489, Cls: 0.1540, Ind: 0.0002, Med: 0.0386, Spu: 0.0000, FD: 0.1561, Var: 0.0000, Ctx: 2, Train: 96.95%, Valid: 94.45%, Test In: 94.37% Test OOD1: 82.25% 
Epoch: 109, Loss: 0.3372, Cls: 0.1490, Ind: 0.0002, Med: 0.0374, Spu: 0.0000, FD: 0.1506, Var: 0.0000, Ctx: 2, Train: 97.11%, Valid: 94.77%, Test In: 94.73% Test OOD1: 80.92% 
Epoch: 110, Loss: 0.3487, Cls: 0.1539, Ind: 0.0002, Med: 0.0386, Spu: 0.0000, FD: 0.1559, Var: 0.0000, Ctx: 2, Train: 96.85%, Valid: 94.25%, Test In: 94.10% Test OOD1: 81.49% 
Epoch: 111, Loss: 0.3500, Cls: 0.1545, Ind: 0.0002, Med: 0.0387, Spu: 0.0000, FD: 0.1565, Var: 0.0000, Ctx: 2, Train: 97.17%, Valid: 94.74%, Test In: 94.66% Test OOD1: 80.69% 
Epoch: 112, Loss: 0.3367, Cls: 0.1487, Ind: 0.0002, Med: 0.0373, Spu: 0.0000, FD: 0.1505, Var: 0.0000, Ctx: 2, Train: 97.24%, Valid: 94.62%, Test In: 94.66% Test OOD1: 81.89% 
Epoch: 113, Loss: 0.3307, Cls: 0.1460, Ind: 0.0002, Med: 0.0366, Spu: 0.0000, FD: 0.1479, Var: 0.0000, Ctx: 2, Train: 97.20%, Valid: 94.56%, Test In: 94.33% Test OOD1: 82.14% 
Epoch: 114, Loss: 0.3325, Cls: 0.1467, Ind: 0.0002, Med: 0.0368, Spu: 0.0000, FD: 0.1487, Var: 0.0000, Ctx: 2, Train: 97.40%, Valid: 94.74%, Test In: 94.85% Test OOD1: 81.66% 
Epoch: 115, Loss: 0.3245, Cls: 0.1434, Ind: 0.0002, Med: 0.0360, Spu: 0.0000, FD: 0.1449, Var: 0.0000, Ctx: 2, Train: 97.10%, Valid: 94.37%, Test In: 94.26% Test OOD1: 83.97% 
Epoch: 116, Loss: 0.3325, Cls: 0.1470, Ind: 0.0002, Med: 0.0369, Spu: 0.0000, FD: 0.1483, Var: 0.0000, Ctx: 2, Train: 97.43%, Valid: 94.71%, Test In: 94.52% Test OOD1: 80.80% 
Epoch: 117, Loss: 0.3299, Cls: 0.1459, Ind: 0.0002, Med: 0.0366, Spu: 0.0000, FD: 0.1472, Var: 0.0000, Ctx: 2, Train: 97.32%, Valid: 94.73%, Test In: 94.65% Test OOD1: 82.57% 
Epoch: 118, Loss: 0.3207, Cls: 0.1419, Ind: 0.0002, Med: 0.0357, Spu: 0.0000, FD: 0.1429, Var: 0.0000, Ctx: 2, Train: 97.65%, Valid: 95.10%, Test In: 95.07% Test OOD1: 79.96% 
Epoch: 119, Loss: 0.3241, Cls: 0.1432, Ind: 0.0002, Med: 0.0360, Spu: 0.0000, FD: 0.1447, Var: 0.0000, Ctx: 2, Train: 97.58%, Valid: 94.64%, Test In: 94.59% Test OOD1: 81.70% 
Epoch: 120, Loss: 0.3147, Cls: 0.1390, Ind: 0.0002, Med: 0.0349, Spu: 0.0000, FD: 0.1405, Var: 0.0000, Ctx: 2, Train: 97.67%, Valid: 94.95%, Test In: 95.02% Test OOD1: 80.82% 
Epoch: 121, Loss: 0.3177, Cls: 0.1404, Ind: 0.0002, Med: 0.0353, Spu: 0.0000, FD: 0.1417, Var: 0.0000, Ctx: 2, Train: 97.62%, Valid: 94.75%, Test In: 94.71% Test OOD1: 82.55% 
Epoch: 122, Loss: 0.3034, Cls: 0.1339, Ind: 0.0002, Med: 0.0336, Spu: 0.0000, FD: 0.1357, Var: 0.0000, Ctx: 2, Train: 97.73%, Valid: 94.73%, Test In: 94.67% Test OOD1: 82.57% 
Epoch: 123, Loss: 0.3144, Cls: 0.1388, Ind: 0.0002, Med: 0.0348, Spu: 0.0000, FD: 0.1405, Var: 0.0000, Ctx: 2, Train: 97.77%, Valid: 95.07%, Test In: 94.81% Test OOD1: 83.38% 
Epoch: 124, Loss: 0.3090, Cls: 0.1366, Ind: 0.0002, Med: 0.0343, Spu: 0.0000, FD: 0.1379, Var: 0.0000, Ctx: 2, Train: 97.94%, Valid: 95.09%, Test In: 94.95% Test OOD1: 82.52% 
Epoch: 125, Loss: 0.3017, Cls: 0.1335, Ind: 0.0001, Med: 0.0336, Spu: 0.0000, FD: 0.1344, Var: 0.0000, Ctx: 2, Train: 97.84%, Valid: 94.83%, Test In: 94.87% Test OOD1: 82.50% 
Epoch: 126, Loss: 0.3032, Cls: 0.1339, Ind: 0.0002, Med: 0.0336, Spu: 0.0000, FD: 0.1356, Var: 0.0000, Ctx: 2, Train: 97.80%, Valid: 95.10%, Test In: 94.93% Test OOD1: 83.82% 
Epoch: 127, Loss: 0.2991, Cls: 0.1320, Ind: 0.0001, Med: 0.0331, Spu: 0.0000, FD: 0.1337, Var: 0.0000, Ctx: 2, Train: 97.98%, Valid: 95.14%, Test In: 95.17% Test OOD1: 81.37% 
Epoch: 128, Loss: 0.3014, Cls: 0.1334, Ind: 0.0001, Med: 0.0335, Spu: 0.0000, FD: 0.1343, Var: 0.0000, Ctx: 2, Train: 97.26%, Valid: 94.34%, Test In: 94.23% Test OOD1: 85.77% 
Epoch: 129, Loss: 0.3142, Cls: 0.1388, Ind: 0.0001, Med: 0.0348, Spu: 0.0000, FD: 0.1403, Var: 0.0000, Ctx: 2, Train: 97.93%, Valid: 95.06%, Test In: 95.21% Test OOD1: 79.86% 
Epoch: 130, Loss: 0.3256, Cls: 0.1439, Ind: 0.0001, Med: 0.0361, Spu: 0.0000, FD: 0.1454, Var: 0.0000, Ctx: 2, Train: 97.90%, Valid: 95.05%, Test In: 94.89% Test OOD1: 84.78% 
Epoch: 131, Loss: 0.2871, Cls: 0.1268, Ind: 0.0001, Med: 0.0318, Spu: 0.0000, FD: 0.1283, Var: 0.0000, Ctx: 2, Train: 97.91%, Valid: 94.88%, Test In: 94.74% Test OOD1: 84.72% 
Epoch: 132, Loss: 0.2937, Cls: 0.1297, Ind: 0.0001, Med: 0.0326, Spu: 0.0000, FD: 0.1312, Var: 0.0000, Ctx: 2, Train: 98.14%, Valid: 95.27%, Test In: 95.26% Test OOD1: 80.82% 
Epoch: 133, Loss: 0.2977, Cls: 0.1317, Ind: 0.0001, Med: 0.0331, Spu: 0.0000, FD: 0.1327, Var: 0.0000, Ctx: 2, Train: 98.08%, Valid: 95.14%, Test In: 95.12% Test OOD1: 84.36% 
Epoch: 134, Loss: 0.2823, Cls: 0.1246, Ind: 0.0001, Med: 0.0312, Spu: 0.0000, FD: 0.1264, Var: 0.0000, Ctx: 2, Train: 97.92%, Valid: 94.89%, Test In: 94.83% Test OOD1: 84.87% 
Epoch: 135, Loss: 0.2852, Cls: 0.1261, Ind: 0.0001, Med: 0.0317, Spu: 0.0000, FD: 0.1272, Var: 0.0000, Ctx: 2, Train: 98.22%, Valid: 95.29%, Test In: 95.31% Test OOD1: 81.78% 
Epoch: 136, Loss: 0.2838, Cls: 0.1256, Ind: 0.0001, Med: 0.0316, Spu: 0.0000, FD: 0.1265, Var: 0.0000, Ctx: 2, Train: 98.22%, Valid: 95.37%, Test In: 95.25% Test OOD1: 83.45% 
Epoch: 137, Loss: 0.2845, Cls: 0.1255, Ind: 0.0001, Med: 0.0315, Spu: 0.0000, FD: 0.1274, Var: 0.0000, Ctx: 2, Train: 98.03%, Valid: 95.02%, Test In: 95.04% Test OOD1: 84.82% 
Epoch: 138, Loss: 0.2860, Cls: 0.1264, Ind: 0.0001, Med: 0.0317, Spu: 0.0000, FD: 0.1276, Var: 0.0000, Ctx: 2, Train: 98.38%, Valid: 95.34%, Test In: 95.37% Test OOD1: 82.96% 
Epoch: 139, Loss: 0.2716, Cls: 0.1199, Ind: 0.0001, Med: 0.0301, Spu: 0.0000, FD: 0.1215, Var: 0.0000, Ctx: 2, Train: 98.40%, Valid: 95.57%, Test In: 95.35% Test OOD1: 82.99% 
Epoch: 140, Loss: 0.2733, Cls: 0.1207, Ind: 0.0001, Med: 0.0303, Spu: 0.0000, FD: 0.1222, Var: 0.0000, Ctx: 2, Train: 98.44%, Valid: 95.39%, Test In: 95.41% Test OOD1: 84.85% 
Epoch: 141, Loss: 0.2678, Cls: 0.1182, Ind: 0.0001, Med: 0.0297, Spu: 0.0000, FD: 0.1197, Var: 0.0000, Ctx: 2, Train: 98.23%, Valid: 95.07%, Test In: 95.16% Test OOD1: 83.77% 
Epoch: 142, Loss: 0.2833, Cls: 0.1251, Ind: 0.0001, Med: 0.0314, Spu: 0.0000, FD: 0.1266, Var: 0.0000, Ctx: 2, Train: 98.49%, Valid: 95.58%, Test In: 95.34% Test OOD1: 84.74% 
Epoch: 143, Loss: 0.2755, Cls: 0.1215, Ind: 0.0001, Med: 0.0304, Spu: 0.0000, FD: 0.1234, Var: 0.0000, Ctx: 2, Train: 98.59%, Valid: 95.69%, Test In: 95.55% Test OOD1: 84.24% 
Epoch: 144, Loss: 0.2713, Cls: 0.1199, Ind: 0.0001, Med: 0.0301, Spu: 0.0000, FD: 0.1211, Var: 0.0000, Ctx: 2, Train: 98.31%, Valid: 95.17%, Test In: 95.08% Test OOD1: 83.91% 
Epoch: 145, Loss: 0.2767, Cls: 0.1226, Ind: 0.0001, Med: 0.0309, Spu: 0.0000, FD: 0.1231, Var: 0.0000, Ctx: 2, Train: 98.53%, Valid: 95.58%, Test In: 95.39% Test OOD1: 85.09% 
Epoch: 146, Loss: 0.2565, Cls: 0.1134, Ind: 0.0001, Med: 0.0285, Spu: 0.0000, FD: 0.1144, Var: 0.0000, Ctx: 2, Train: 98.70%, Valid: 95.70%, Test In: 95.60% Test OOD1: 84.24% 
Epoch: 147, Loss: 0.2614, Cls: 0.1155, Ind: 0.0001, Med: 0.0290, Spu: 0.0000, FD: 0.1169, Var: 0.0000, Ctx: 2, Train: 98.62%, Valid: 95.54%, Test In: 95.61% Test OOD1: 84.63% 
Epoch: 148, Loss: 0.2652, Cls: 0.1172, Ind: 0.0001, Med: 0.0294, Spu: 0.0000, FD: 0.1184, Var: 0.0000, Ctx: 2, Train: 98.60%, Valid: 95.46%, Test In: 95.54% Test OOD1: 86.72% 
Epoch: 149, Loss: 0.2601, Cls: 0.1149, Ind: 0.0001, Med: 0.0288, Spu: 0.0000, FD: 0.1162, Var: 0.0000, Ctx: 2, Train: 98.78%, Valid: 95.73%, Test In: 95.72% Test OOD1: 83.99% 
Epoch: 150, Loss: 0.2647, Cls: 0.1168, Ind: 0.0001, Med: 0.0292, Spu: 0.0000, FD: 0.1186, Var: 0.0000, Ctx: 2, Train: 98.77%, Valid: 95.67%, Test In: 95.63% Test OOD1: 85.62% 
Epoch: 151, Loss: 0.2513, Cls: 0.1111, Ind: 0.0001, Med: 0.0279, Spu: 0.0000, FD: 0.1121, Var: 0.0000, Ctx: 2, Train: 98.58%, Valid: 95.58%, Test In: 95.52% Test OOD1: 86.00% 
Epoch: 152, Loss: 0.2541, Cls: 0.1121, Ind: 0.0001, Med: 0.0281, Spu: 0.0000, FD: 0.1137, Var: 0.0000, Ctx: 2, Train: 98.81%, Valid: 95.80%, Test In: 95.81% Test OOD1: 84.20% 
Epoch: 153, Loss: 0.2545, Cls: 0.1124, Ind: 0.0001, Med: 0.0282, Spu: 0.0000, FD: 0.1138, Var: 0.0000, Ctx: 2, Train: 98.82%, Valid: 95.81%, Test In: 95.62% Test OOD1: 85.71% 
Epoch: 154, Loss: 0.2510, Cls: 0.1110, Ind: 0.0001, Med: 0.0279, Spu: 0.0000, FD: 0.1120, Var: 0.0000, Ctx: 2, Train: 98.77%, Valid: 95.72%, Test In: 95.61% Test OOD1: 85.45% 
Epoch: 155, Loss: 0.2564, Cls: 0.1134, Ind: 0.0001, Med: 0.0285, Spu: 0.0000, FD: 0.1145, Var: 0.0000, Ctx: 2, Train: 98.95%, Valid: 95.90%, Test In: 95.81% Test OOD1: 84.49% 
Epoch: 156, Loss: 0.2386, Cls: 0.1055, Ind: 0.0001, Med: 0.0265, Spu: 0.0000, FD: 0.1064, Var: 0.0000, Ctx: 2, Train: 98.90%, Valid: 95.94%, Test In: 95.75% Test OOD1: 85.57% 
Epoch: 157, Loss: 0.2486, Cls: 0.1100, Ind: 0.0001, Med: 0.0276, Spu: 0.0000, FD: 0.1108, Var: 0.0000, Ctx: 2, Train: 98.94%, Valid: 95.89%, Test In: 95.77% Test OOD1: 85.22% 
Epoch: 158, Loss: 0.2453, Cls: 0.1086, Ind: 0.0001, Med: 0.0273, Spu: 0.0000, FD: 0.1092, Var: 0.0000, Ctx: 2, Train: 99.04%, Valid: 96.08%, Test In: 95.90% Test OOD1: 84.78% 
Epoch: 159, Loss: 0.2476, Cls: 0.1091, Ind: 0.0001, Med: 0.0273, Spu: 0.0000, FD: 0.1110, Var: 0.0000, Ctx: 2, Train: 98.94%, Valid: 95.80%, Test In: 95.71% Test OOD1: 86.57% 
Epoch: 160, Loss: 0.2428, Cls: 0.1072, Ind: 0.0001, Med: 0.0269, Spu: 0.0000, FD: 0.1085, Var: 0.0000, Ctx: 2, Train: 99.03%, Valid: 96.01%, Test In: 95.87% Test OOD1: 84.87% 
Epoch: 161, Loss: 0.2348, Cls: 0.1037, Ind: 0.0001, Med: 0.0260, Spu: 0.0000, FD: 0.1049, Var: 0.0000, Ctx: 2, Train: 98.97%, Valid: 95.97%, Test In: 95.85% Test OOD1: 86.46% 
Epoch: 162, Loss: 0.2287, Cls: 0.1013, Ind: 0.0001, Med: 0.0255, Spu: 0.0000, FD: 0.1017, Var: 0.0000, Ctx: 2, Train: 99.07%, Valid: 96.06%, Test In: 95.90% Test OOD1: 86.80% 
Epoch: 163, Loss: 0.2374, Cls: 0.1048, Ind: 0.0001, Med: 0.0263, Spu: 0.0000, FD: 0.1061, Var: 0.0000, Ctx: 2, Train: 99.11%, Valid: 96.04%, Test In: 95.98% Test OOD1: 85.33% 
Epoch: 164, Loss: 0.2372, Cls: 0.1047, Ind: 0.0001, Med: 0.0262, Spu: 0.0000, FD: 0.1061, Var: 0.0000, Ctx: 2, Train: 98.92%, Valid: 95.75%, Test In: 95.71% Test OOD1: 88.23% 
Epoch: 165, Loss: 0.2433, Cls: 0.1075, Ind: 0.0001, Med: 0.0270, Spu: 0.0000, FD: 0.1087, Var: 0.0000, Ctx: 2, Train: 99.17%, Valid: 96.04%, Test In: 95.96% Test OOD1: 85.64% 
Epoch: 166, Loss: 0.2407, Cls: 0.1062, Ind: 0.0001, Med: 0.0266, Spu: 0.0000, FD: 0.1078, Var: 0.0000, Ctx: 2, Train: 99.10%, Valid: 95.94%, Test In: 95.79% Test OOD1: 87.61% 
Epoch: 167, Loss: 0.2317, Cls: 0.1023, Ind: 0.0001, Med: 0.0256, Spu: 0.0000, FD: 0.1036, Var: 0.0000, Ctx: 2, Train: 99.10%, Valid: 95.98%, Test In: 95.87% Test OOD1: 87.71% 
Epoch: 168, Loss: 0.2273, Cls: 0.1005, Ind: 0.0001, Med: 0.0253, Spu: 0.0000, FD: 0.1013, Var: 0.0000, Ctx: 2, Train: 99.22%, Valid: 96.31%, Test In: 96.02% Test OOD1: 86.63% 
Epoch: 169, Loss: 0.2257, Cls: 0.0999, Ind: 0.0001, Med: 0.0251, Spu: 0.0000, FD: 0.1006, Var: 0.0000, Ctx: 2, Train: 99.29%, Valid: 96.29%, Test In: 96.12% Test OOD1: 87.10% 
Epoch: 170, Loss: 0.2288, Cls: 0.1012, Ind: 0.0001, Med: 0.0254, Spu: 0.0000, FD: 0.1020, Var: 0.0000, Ctx: 2, Train: 99.08%, Valid: 96.02%, Test In: 95.86% Test OOD1: 87.52% 
Epoch: 171, Loss: 0.2243, Cls: 0.0992, Ind: 0.0001, Med: 0.0249, Spu: 0.0000, FD: 0.1001, Var: 0.0000, Ctx: 2, Train: 99.23%, Valid: 96.10%, Test In: 95.99% Test OOD1: 85.64% 
Epoch: 172, Loss: 0.2276, Cls: 0.1006, Ind: 0.0001, Med: 0.0252, Spu: 0.0000, FD: 0.1016, Var: 0.0000, Ctx: 2, Train: 99.16%, Valid: 96.02%, Test In: 95.95% Test OOD1: 87.40% 
Epoch: 173, Loss: 0.2226, Cls: 0.0981, Ind: 0.0001, Med: 0.0245, Spu: 0.0000, FD: 0.0998, Var: 0.0000, Ctx: 2, Train: 99.13%, Valid: 96.08%, Test In: 95.91% Test OOD1: 85.82% 
Epoch: 174, Loss: 0.2237, Cls: 0.0989, Ind: 0.0001, Med: 0.0248, Spu: 0.0000, FD: 0.0998, Var: 0.0000, Ctx: 2, Train: 99.22%, Valid: 96.16%, Test In: 95.95% Test OOD1: 87.23% 
Epoch: 175, Loss: 0.2154, Cls: 0.0952, Ind: 0.0001, Med: 0.0239, Spu: 0.0000, FD: 0.0962, Var: 0.0000, Ctx: 2, Train: 99.30%, Valid: 96.27%, Test In: 96.02% Test OOD1: 87.11% 
Epoch: 176, Loss: 0.2193, Cls: 0.0967, Ind: 0.0001, Med: 0.0242, Spu: 0.0000, FD: 0.0982, Var: 0.0000, Ctx: 2, Train: 99.21%, Valid: 96.25%, Test In: 96.09% Test OOD1: 86.27% 
Epoch: 177, Loss: 0.2197, Cls: 0.0971, Ind: 0.0001, Med: 0.0244, Spu: 0.0000, FD: 0.0980, Var: 0.0000, Ctx: 2, Train: 99.32%, Valid: 96.20%, Test In: 96.00% Test OOD1: 88.30% 
Epoch: 178, Loss: 0.2139, Cls: 0.0943, Ind: 0.0001, Med: 0.0236, Spu: 0.0000, FD: 0.0959, Var: 0.0000, Ctx: 2, Train: 99.40%, Valid: 96.24%, Test In: 96.22% Test OOD1: 85.93% 
Epoch: 179, Loss: 0.2251, Cls: 0.0993, Ind: 0.0001, Med: 0.0249, Spu: 0.0000, FD: 0.1007, Var: 0.0000, Ctx: 2, Train: 99.29%, Valid: 96.16%, Test In: 96.04% Test OOD1: 87.15% 
Epoch: 180, Loss: 0.2092, Cls: 0.0925, Ind: 0.0001, Med: 0.0232, Spu: 0.0000, FD: 0.0933, Var: 0.0000, Ctx: 2, Train: 99.39%, Valid: 96.31%, Test In: 96.18% Test OOD1: 87.03% 
Epoch: 181, Loss: 0.2110, Cls: 0.0931, Ind: 0.0001, Med: 0.0234, Spu: 0.0000, FD: 0.0944, Var: 0.0000, Ctx: 2, Train: 99.41%, Valid: 96.37%, Test In: 96.33% Test OOD1: 85.31% 
Epoch: 182, Loss: 0.2042, Cls: 0.0901, Ind: 0.0001, Med: 0.0226, Spu: 0.0000, FD: 0.0914, Var: 0.0000, Ctx: 2, Train: 99.29%, Valid: 96.21%, Test In: 96.12% Test OOD1: 87.17% 
Epoch: 183, Loss: 0.2096, Cls: 0.0925, Ind: 0.0001, Med: 0.0232, Spu: 0.0000, FD: 0.0938, Var: 0.0000, Ctx: 2, Train: 99.46%, Valid: 96.33%, Test In: 96.37% Test OOD1: 86.33% 
Epoch: 184, Loss: 0.2069, Cls: 0.0914, Ind: 0.0001, Med: 0.0229, Spu: 0.0000, FD: 0.0926, Var: 0.0000, Ctx: 2, Train: 99.44%, Valid: 96.31%, Test In: 96.40% Test OOD1: 86.96% 
Epoch: 185, Loss: 0.2027, Cls: 0.0894, Ind: 0.0001, Med: 0.0224, Spu: 0.0000, FD: 0.0907, Var: 0.0000, Ctx: 2, Train: 99.40%, Valid: 96.37%, Test In: 96.43% Test OOD1: 86.69% 
Epoch: 186, Loss: 0.2059, Cls: 0.0909, Ind: 0.0001, Med: 0.0228, Spu: 0.0000, FD: 0.0921, Var: 0.0000, Ctx: 2, Train: 99.48%, Valid: 96.50%, Test In: 96.40% Test OOD1: 87.54% 
Epoch: 187, Loss: 0.2103, Cls: 0.0929, Ind: 0.0001, Med: 0.0233, Spu: 0.0000, FD: 0.0939, Var: 0.0000, Ctx: 2, Train: 99.48%, Valid: 96.48%, Test In: 96.42% Test OOD1: 86.90% 
Epoch: 188, Loss: 0.2026, Cls: 0.0895, Ind: 0.0001, Med: 0.0224, Spu: 0.0000, FD: 0.0906, Var: 0.0000, Ctx: 2, Train: 99.38%, Valid: 96.21%, Test In: 96.22% Test OOD1: 88.58% 
Epoch: 189, Loss: 0.2011, Cls: 0.0890, Ind: 0.0001, Med: 0.0224, Spu: 0.0000, FD: 0.0896, Var: 0.0000, Ctx: 2, Train: 99.52%, Valid: 96.46%, Test In: 96.50% Test OOD1: 86.00% 
Epoch: 190, Loss: 0.2070, Cls: 0.0913, Ind: 0.0001, Med: 0.0228, Spu: 0.0000, FD: 0.0928, Var: 0.0000, Ctx: 2, Train: 99.48%, Valid: 96.41%, Test In: 96.40% Test OOD1: 88.28% 
Epoch: 191, Loss: 0.1982, Cls: 0.0874, Ind: 0.0001, Med: 0.0219, Spu: 0.0000, FD: 0.0887, Var: 0.0000, Ctx: 2, Train: 99.47%, Valid: 96.43%, Test In: 96.42% Test OOD1: 87.37% 
Epoch: 192, Loss: 0.1962, Cls: 0.0868, Ind: 0.0001, Med: 0.0218, Spu: 0.0000, FD: 0.0874, Var: 0.0000, Ctx: 2, Train: 99.55%, Valid: 96.61%, Test In: 96.64% Test OOD1: 87.50% 
Epoch: 193, Loss: 0.1991, Cls: 0.0879, Ind: 0.0001, Med: 0.0220, Spu: 0.0000, FD: 0.0890, Var: 0.0000, Ctx: 2, Train: 99.57%, Valid: 96.66%, Test In: 96.57% Test OOD1: 86.66% 
Epoch: 194, Loss: 0.1943, Cls: 0.0858, Ind: 0.0001, Med: 0.0215, Spu: 0.0000, FD: 0.0869, Var: 0.0000, Ctx: 2, Train: 99.48%, Valid: 96.48%, Test In: 96.41% Test OOD1: 87.63% 
Epoch: 195, Loss: 0.1916, Cls: 0.0847, Ind: 0.0001, Med: 0.0213, Spu: 0.0000, FD: 0.0856, Var: 0.0000, Ctx: 2, Train: 99.58%, Valid: 96.47%, Test In: 96.50% Test OOD1: 86.37% 
Epoch: 196, Loss: 0.1992, Cls: 0.0881, Ind: 0.0001, Med: 0.0221, Spu: 0.0000, FD: 0.0889, Var: 0.0000, Ctx: 2, Train: 99.55%, Valid: 96.51%, Test In: 96.36% Test OOD1: 87.80% 
Epoch: 197, Loss: 0.1939, Cls: 0.0857, Ind: 0.0001, Med: 0.0215, Spu: 0.0000, FD: 0.0866, Var: 0.0000, Ctx: 2, Train: 99.55%, Valid: 96.41%, Test In: 96.37% Test OOD1: 88.25% 
Epoch: 198, Loss: 0.1896, Cls: 0.0838, Ind: 0.0001, Med: 0.0210, Spu: 0.0000, FD: 0.0846, Var: 0.0000, Ctx: 2, Train: 99.62%, Valid: 96.63%, Test In: 96.54% Test OOD1: 87.47% 
Epoch: 199, Loss: 0.1882, Cls: 0.0829, Ind: 0.0001, Med: 0.0208, Spu: 0.0000, FD: 0.0843, Var: 0.0000, Ctx: 2, Train: 99.62%, Valid: 96.52%, Test In: 96.49% Test OOD1: 88.19% 
Epoch: 200, Loss: 0.1865, Cls: 0.0824, Ind: 0.0001, Med: 0.0207, Spu: 0.0000, FD: 0.0833, Var: 0.0000, Ctx: 2, Train: 99.53%, Valid: 96.35%, Test In: 96.29% Test OOD1: 88.41% 
Epoch: 201, Loss: 0.1942, Cls: 0.0858, Ind: 0.0001, Med: 0.0215, Spu: 0.0000, FD: 0.0867, Var: 0.0000, Ctx: 2, Train: 99.67%, Valid: 96.59%, Test In: 96.71% Test OOD1: 86.08% 
Epoch: 202, Loss: 0.1930, Cls: 0.0852, Ind: 0.0001, Med: 0.0213, Spu: 0.0000, FD: 0.0864, Var: 0.0000, Ctx: 2, Train: 99.58%, Valid: 96.49%, Test In: 96.57% Test OOD1: 88.05% 
Epoch: 203, Loss: 0.1884, Cls: 0.0832, Ind: 0.0001, Med: 0.0209, Spu: 0.0000, FD: 0.0842, Var: 0.0000, Ctx: 2, Train: 99.58%, Valid: 96.40%, Test In: 96.50% Test OOD1: 86.30% 
Epoch: 204, Loss: 0.1965, Cls: 0.0868, Ind: 0.0001, Med: 0.0217, Spu: 0.0000, FD: 0.0878, Var: 0.0000, Ctx: 2, Train: 99.67%, Valid: 96.62%, Test In: 96.70% Test OOD1: 88.04% 
Epoch: 205, Loss: 0.1962, Cls: 0.0868, Ind: 0.0001, Med: 0.0218, Spu: 0.0000, FD: 0.0875, Var: 0.0000, Ctx: 2, Train: 99.63%, Valid: 96.54%, Test In: 96.55% Test OOD1: 85.92% 
Epoch: 206, Loss: 0.1911, Cls: 0.0844, Ind: 0.0001, Med: 0.0212, Spu: 0.0000, FD: 0.0854, Var: 0.0000, Ctx: 2, Train: 99.53%, Valid: 96.46%, Test In: 96.35% Test OOD1: 89.31% 
Epoch: 207, Loss: 0.1911, Cls: 0.0846, Ind: 0.0001, Med: 0.0213, Spu: 0.0000, FD: 0.0851, Var: 0.0000, Ctx: 2, Train: 99.69%, Valid: 96.77%, Test In: 96.69% Test OOD1: 86.00% 
Epoch: 208, Loss: 0.1887, Cls: 0.0831, Ind: 0.0001, Med: 0.0208, Spu: 0.0000, FD: 0.0847, Var: 0.0000, Ctx: 2, Train: 99.69%, Valid: 96.77%, Test In: 96.66% Test OOD1: 87.39% 
Epoch: 209, Loss: 0.1793, Cls: 0.0791, Ind: 0.0001, Med: 0.0198, Spu: 0.0000, FD: 0.0803, Var: 0.0000, Ctx: 2, Train: 99.64%, Valid: 96.70%, Test In: 96.57% Test OOD1: 88.30% 
Epoch: 210, Loss: 0.1846, Cls: 0.0815, Ind: 0.0001, Med: 0.0204, Spu: 0.0000, FD: 0.0825, Var: 0.0000, Ctx: 2, Train: 99.69%, Valid: 96.72%, Test In: 96.64% Test OOD1: 86.22% 
Epoch: 211, Loss: 0.1938, Cls: 0.0855, Ind: 0.0001, Med: 0.0214, Spu: 0.0000, FD: 0.0867, Var: 0.0000, Ctx: 2, Train: 99.65%, Valid: 96.69%, Test In: 96.58% Test OOD1: 89.03% 
Epoch: 212, Loss: 0.1905, Cls: 0.0842, Ind: 0.0001, Med: 0.0211, Spu: 0.0000, FD: 0.0851, Var: 0.0000, Ctx: 2, Train: 99.68%, Valid: 96.74%, Test In: 96.63% Test OOD1: 86.67% 
Epoch: 213, Loss: 0.1821, Cls: 0.0807, Ind: 0.0001, Med: 0.0203, Spu: 0.0000, FD: 0.0811, Var: 0.0000, Ctx: 2, Train: 99.62%, Valid: 96.61%, Test In: 96.40% Test OOD1: 89.02% 
Epoch: 214, Loss: 0.1869, Cls: 0.0827, Ind: 0.0001, Med: 0.0208, Spu: 0.0000, FD: 0.0833, Var: 0.0000, Ctx: 2, Train: 99.76%, Valid: 96.87%, Test In: 96.67% Test OOD1: 88.14% 
Epoch: 215, Loss: 0.1830, Cls: 0.0807, Ind: 0.0001, Med: 0.0202, Spu: 0.0000, FD: 0.0820, Var: 0.0000, Ctx: 2, Train: 99.69%, Valid: 96.70%, Test In: 96.69% Test OOD1: 87.50% 
Epoch: 216, Loss: 0.1825, Cls: 0.0806, Ind: 0.0001, Med: 0.0202, Spu: 0.0000, FD: 0.0816, Var: 0.0000, Ctx: 2, Train: 99.68%, Valid: 96.64%, Test In: 96.59% Test OOD1: 89.34% 
Epoch: 217, Loss: 0.1807, Cls: 0.0800, Ind: 0.0001, Med: 0.0201, Spu: 0.0000, FD: 0.0804, Var: 0.0000, Ctx: 2, Train: 99.78%, Valid: 96.80%, Test In: 96.78% Test OOD1: 88.35% 
Epoch: 218, Loss: 0.1769, Cls: 0.0782, Ind: 0.0001, Med: 0.0196, Spu: 0.0000, FD: 0.0790, Var: 0.0000, Ctx: 2, Train: 99.75%, Valid: 96.73%, Test In: 96.83% Test OOD1: 89.37% 
Epoch: 219, Loss: 0.1753, Cls: 0.0773, Ind: 0.0001, Med: 0.0194, Spu: 0.0000, FD: 0.0785, Var: 0.0000, Ctx: 2, Train: 99.67%, Valid: 96.69%, Test In: 96.65% Test OOD1: 88.51% 
Epoch: 220, Loss: 0.1714, Cls: 0.0756, Ind: 0.0001, Med: 0.0189, Spu: 0.0000, FD: 0.0767, Var: 0.0000, Ctx: 2, Train: 99.78%, Valid: 96.81%, Test In: 96.92% Test OOD1: 88.74% 
Epoch: 221, Loss: 0.1747, Cls: 0.0770, Ind: 0.0001, Med: 0.0193, Spu: 0.0000, FD: 0.0783, Var: 0.0000, Ctx: 2, Train: 99.79%, Valid: 96.87%, Test In: 96.93% Test OOD1: 87.66% 
Epoch: 222, Loss: 0.1770, Cls: 0.0782, Ind: 0.0001, Med: 0.0196, Spu: 0.0000, FD: 0.0791, Var: 0.0000, Ctx: 2, Train: 99.67%, Valid: 96.65%, Test In: 96.59% Test OOD1: 89.78% 
Epoch: 223, Loss: 0.1793, Cls: 0.0792, Ind: 0.0001, Med: 0.0199, Spu: 0.0000, FD: 0.0801, Var: 0.0000, Ctx: 2, Train: 99.73%, Valid: 96.77%, Test In: 96.73% Test OOD1: 88.50% 
Epoch: 224, Loss: 0.1697, Cls: 0.0748, Ind: 0.0001, Med: 0.0187, Spu: 0.0000, FD: 0.0760, Var: 0.0000, Ctx: 2, Train: 99.81%, Valid: 96.93%, Test In: 96.90% Test OOD1: 89.28% 
Epoch: 225, Loss: 0.1631, Cls: 0.0719, Ind: 0.0001, Med: 0.0180, Spu: 0.0000, FD: 0.0731, Var: 0.0000, Ctx: 2, Train: 99.72%, Valid: 96.83%, Test In: 96.71% Test OOD1: 89.80% 
Epoch: 226, Loss: 0.1743, Cls: 0.0770, Ind: 0.0001, Med: 0.0193, Spu: 0.0000, FD: 0.0779, Var: 0.0000, Ctx: 2, Train: 99.77%, Valid: 97.03%, Test In: 96.88% Test OOD1: 89.18% 
Epoch: 227, Loss: 0.1695, Cls: 0.0747, Ind: 0.0001, Med: 0.0187, Spu: 0.0000, FD: 0.0760, Var: 0.0000, Ctx: 2, Train: 99.78%, Valid: 96.99%, Test In: 96.88% Test OOD1: 89.90% 
Epoch: 228, Loss: 0.1751, Cls: 0.0774, Ind: 0.0001, Med: 0.0194, Spu: 0.0000, FD: 0.0782, Var: 0.0000, Ctx: 2, Train: 99.79%, Valid: 96.90%, Test In: 96.77% Test OOD1: 87.81% 
Epoch: 229, Loss: 0.1731, Cls: 0.0763, Ind: 0.0001, Med: 0.0191, Spu: 0.0000, FD: 0.0775, Var: 0.0000, Ctx: 2, Train: 99.71%, Valid: 96.69%, Test In: 96.63% Test OOD1: 90.38% 
Epoch: 230, Loss: 0.1687, Cls: 0.0745, Ind: 0.0001, Med: 0.0187, Spu: 0.0000, FD: 0.0754, Var: 0.0000, Ctx: 2, Train: 99.83%, Valid: 96.88%, Test In: 96.92% Test OOD1: 88.65% 
Epoch: 231, Loss: 0.1636, Cls: 0.0722, Ind: 0.0001, Med: 0.0181, Spu: 0.0000, FD: 0.0733, Var: 0.0000, Ctx: 2, Train: 99.81%, Valid: 96.90%, Test In: 96.96% Test OOD1: 88.07% 
Epoch: 232, Loss: 0.1715, Cls: 0.0758, Ind: 0.0001, Med: 0.0190, Spu: 0.0000, FD: 0.0767, Var: 0.0000, Ctx: 2, Train: 99.73%, Valid: 96.82%, Test In: 96.63% Test OOD1: 90.72% 
Epoch: 233, Loss: 0.1760, Cls: 0.0777, Ind: 0.0001, Med: 0.0195, Spu: 0.0000, FD: 0.0787, Var: 0.0000, Ctx: 2, Train: 99.84%, Valid: 96.88%, Test In: 97.04% Test OOD1: 86.96% 
Epoch: 234, Loss: 0.1717, Cls: 0.0757, Ind: 0.0001, Med: 0.0189, Spu: 0.0000, FD: 0.0770, Var: 0.0000, Ctx: 2, Train: 99.82%, Valid: 97.00%, Test In: 97.07% Test OOD1: 88.26% 
Epoch: 235, Loss: 0.1571, Cls: 0.0695, Ind: 0.0001, Med: 0.0175, Spu: 0.0000, FD: 0.0700, Var: 0.0000, Ctx: 2, Train: 99.73%, Valid: 96.81%, Test In: 96.75% Test OOD1: 90.08% 
Epoch: 236, Loss: 0.1697, Cls: 0.0749, Ind: 0.0001, Med: 0.0187, Spu: 0.0000, FD: 0.0760, Var: 0.0000, Ctx: 2, Train: 99.82%, Valid: 96.97%, Test In: 96.98% Test OOD1: 87.16% 
Epoch: 237, Loss: 0.1648, Cls: 0.0727, Ind: 0.0001, Med: 0.0182, Spu: 0.0000, FD: 0.0738, Var: 0.0000, Ctx: 2, Train: 99.83%, Valid: 97.00%, Test In: 96.94% Test OOD1: 89.46% 
Epoch: 238, Loss: 0.1598, Cls: 0.0708, Ind: 0.0001, Med: 0.0178, Spu: 0.0000, FD: 0.0711, Var: 0.0000, Ctx: 2, Train: 99.78%, Valid: 96.87%, Test In: 96.96% Test OOD1: 88.87% 
Epoch: 239, Loss: 0.1694, Cls: 0.0748, Ind: 0.0001, Med: 0.0187, Spu: 0.0000, FD: 0.0758, Var: 0.0000, Ctx: 2, Train: 99.85%, Valid: 97.04%, Test In: 97.19% Test OOD1: 87.99% 
Epoch: 240, Loss: 0.1594, Cls: 0.0703, Ind: 0.0001, Med: 0.0176, Spu: 0.0000, FD: 0.0714, Var: 0.0000, Ctx: 2, Train: 99.83%, Valid: 97.02%, Test In: 97.02% Test OOD1: 89.33% 
Epoch: 241, Loss: 0.1626, Cls: 0.0718, Ind: 0.0001, Med: 0.0180, Spu: 0.0000, FD: 0.0727, Var: 0.0000, Ctx: 2, Train: 99.81%, Valid: 96.96%, Test In: 96.99% Test OOD1: 88.19% 
Epoch: 242, Loss: 0.1620, Cls: 0.0715, Ind: 0.0001, Med: 0.0179, Spu: 0.0000, FD: 0.0725, Var: 0.0000, Ctx: 2, Train: 99.85%, Valid: 97.04%, Test In: 97.11% Test OOD1: 88.29% 
Epoch: 243, Loss: 0.1665, Cls: 0.0735, Ind: 0.0001, Med: 0.0184, Spu: 0.0000, FD: 0.0744, Var: 0.0000, Ctx: 2, Train: 99.81%, Valid: 96.95%, Test In: 96.96% Test OOD1: 89.94% 
Epoch: 244, Loss: 0.1786, Cls: 0.0787, Ind: 0.0001, Med: 0.0197, Spu: 0.0000, FD: 0.0801, Var: 0.0000, Ctx: 2, Train: 99.79%, Valid: 96.76%, Test In: 96.94% Test OOD1: 86.49% 
Epoch: 245, Loss: 0.1666, Cls: 0.0737, Ind: 0.0001, Med: 0.0185, Spu: 0.0000, FD: 0.0742, Var: 0.0000, Ctx: 2, Train: 99.78%, Valid: 96.75%, Test In: 96.78% Test OOD1: 90.41% 
Epoch: 246, Loss: 0.1780, Cls: 0.0784, Ind: 0.0001, Med: 0.0196, Spu: 0.0000, FD: 0.0799, Var: 0.0000, Ctx: 2, Train: 99.86%, Valid: 97.08%, Test In: 96.98% Test OOD1: 88.35% 
Epoch: 247, Loss: 0.1671, Cls: 0.0736, Ind: 0.0001, Med: 0.0184, Spu: 0.0000, FD: 0.0750, Var: 0.0000, Ctx: 2, Train: 99.89%, Valid: 97.05%, Test In: 97.07% Test OOD1: 88.43% 
Epoch: 248, Loss: 0.1583, Cls: 0.0699, Ind: 0.0001, Med: 0.0175, Spu: 0.0000, FD: 0.0707, Var: 0.0000, Ctx: 2, Train: 99.71%, Valid: 96.61%, Test In: 96.60% Test OOD1: 91.75% 
Epoch: 249, Loss: 0.1690, Cls: 0.0748, Ind: 0.0001, Med: 0.0188, Spu: 0.0000, FD: 0.0753, Var: 0.0000, Ctx: 2, Train: 99.87%, Valid: 97.07%, Test In: 97.15% Test OOD1: 88.08% 
Epoch: 250, Loss: 0.1659, Cls: 0.0733, Ind: 0.0001, Med: 0.0184, Spu: 0.0000, FD: 0.0742, Var: 0.0000, Ctx: 2, Train: 99.88%, Valid: 97.23%, Test In: 97.21% Test OOD1: 89.91% 
Epoch: 251, Loss: 0.1541, Cls: 0.0680, Ind: 0.0001, Med: 0.0170, Spu: 0.0000, FD: 0.0690, Var: 0.0000, Ctx: 2, Train: 99.79%, Valid: 96.75%, Test In: 96.79% Test OOD1: 91.31% 
Epoch: 252, Loss: 0.1648, Cls: 0.0729, Ind: 0.0001, Med: 0.0183, Spu: 0.0000, FD: 0.0736, Var: 0.0000, Ctx: 2, Train: 99.88%, Valid: 97.11%, Test In: 97.06% Test OOD1: 88.46% 
Epoch: 253, Loss: 0.1610, Cls: 0.0713, Ind: 0.0001, Med: 0.0179, Spu: 0.0000, FD: 0.0717, Var: 0.0000, Ctx: 2, Train: 99.86%, Valid: 97.12%, Test In: 97.13% Test OOD1: 89.49% 
Epoch: 254, Loss: 0.1583, Cls: 0.0699, Ind: 0.0001, Med: 0.0175, Spu: 0.0000, FD: 0.0709, Var: 0.0000, Ctx: 2, Train: 99.86%, Valid: 96.98%, Test In: 96.90% Test OOD1: 91.37% 
Epoch: 255, Loss: 0.1615, Cls: 0.0715, Ind: 0.0001, Med: 0.0180, Spu: 0.0000, FD: 0.0719, Var: 0.0000, Ctx: 2, Train: 99.89%, Valid: 97.08%, Test In: 97.13% Test OOD1: 88.82% 
Epoch: 256, Loss: 0.1659, Cls: 0.0733, Ind: 0.0001, Med: 0.0184, Spu: 0.0000, FD: 0.0741, Var: 0.0000, Ctx: 2, Train: 99.88%, Valid: 97.32%, Test In: 97.07% Test OOD1: 90.86% 
Epoch: 257, Loss: 0.1590, Cls: 0.0700, Ind: 0.0001, Med: 0.0175, Spu: 0.0000, FD: 0.0714, Var: 0.0000, Ctx: 2, Train: 99.89%, Valid: 97.37%, Test In: 97.12% Test OOD1: 90.19% 
Epoch: 258, Loss: 0.1516, Cls: 0.0669, Ind: 0.0001, Med: 0.0168, Spu: 0.0000, FD: 0.0678, Var: 0.0000, Ctx: 2, Train: 99.87%, Valid: 97.30%, Test In: 97.20% Test OOD1: 88.56% 
Epoch: 259, Loss: 0.1654, Cls: 0.0731, Ind: 0.0001, Med: 0.0183, Spu: 0.0000, FD: 0.0739, Var: 0.0000, Ctx: 2, Train: 99.85%, Valid: 97.17%, Test In: 96.98% Test OOD1: 90.94% 
Epoch: 260, Loss: 0.1619, Cls: 0.0715, Ind: 0.0001, Med: 0.0179, Spu: 0.0000, FD: 0.0723, Var: 0.0000, Ctx: 2, Train: 99.89%, Valid: 97.25%, Test In: 97.17% Test OOD1: 88.33% 
Epoch: 261, Loss: 0.1544, Cls: 0.0682, Ind: 0.0001, Med: 0.0171, Spu: 0.0000, FD: 0.0691, Var: 0.0000, Ctx: 2, Train: 99.87%, Valid: 97.17%, Test In: 97.14% Test OOD1: 88.73% 
Epoch: 262, Loss: 0.1487, Cls: 0.0657, Ind: 0.0001, Med: 0.0165, Spu: 0.0000, FD: 0.0664, Var: 0.0000, Ctx: 2, Train: 99.83%, Valid: 97.07%, Test In: 96.80% Test OOD1: 90.87% 
Epoch: 263, Loss: 0.1620, Cls: 0.0715, Ind: 0.0001, Med: 0.0179, Spu: 0.0000, FD: 0.0724, Var: 0.0000, Ctx: 2, Train: 99.86%, Valid: 97.15%, Test In: 97.08% Test OOD1: 87.06% 
Epoch: 264, Loss: 0.1574, Cls: 0.0695, Ind: 0.0001, Med: 0.0174, Spu: 0.0000, FD: 0.0703, Var: 0.0000, Ctx: 2, Train: 99.90%, Valid: 97.19%, Test In: 97.16% Test OOD1: 88.77% 
Epoch: 265, Loss: 0.1522, Cls: 0.0673, Ind: 0.0001, Med: 0.0169, Spu: 0.0000, FD: 0.0679, Var: 0.0000, Ctx: 2, Train: 99.87%, Valid: 97.07%, Test In: 97.01% Test OOD1: 90.10% 
Epoch: 266, Loss: 0.1588, Cls: 0.0701, Ind: 0.0001, Med: 0.0176, Spu: 0.0000, FD: 0.0711, Var: 0.0000, Ctx: 2, Train: 99.89%, Valid: 97.18%, Test In: 97.25% Test OOD1: 87.16% 
Epoch: 267, Loss: 0.1507, Cls: 0.0666, Ind: 0.0001, Med: 0.0167, Spu: 0.0000, FD: 0.0673, Var: 0.0000, Ctx: 2, Train: 99.91%, Valid: 97.16%, Test In: 97.31% Test OOD1: 88.56% 
Epoch: 268, Loss: 0.1553, Cls: 0.0686, Ind: 0.0001, Med: 0.0172, Spu: 0.0000, FD: 0.0694, Var: 0.0000, Ctx: 2, Train: 99.87%, Valid: 97.06%, Test In: 97.02% Test OOD1: 90.81% 
Epoch: 269, Loss: 0.1486, Cls: 0.0657, Ind: 0.0001, Med: 0.0165, Spu: 0.0000, FD: 0.0663, Var: 0.0000, Ctx: 2, Train: 99.91%, Valid: 97.27%, Test In: 97.27% Test OOD1: 87.76% 
Epoch: 270, Loss: 0.1503, Cls: 0.0664, Ind: 0.0001, Med: 0.0166, Spu: 0.0000, FD: 0.0671, Var: 0.0000, Ctx: 2, Train: 99.90%, Valid: 97.24%, Test In: 97.30% Test OOD1: 88.88% 
Epoch: 271, Loss: 0.1415, Cls: 0.0624, Ind: 0.0001, Med: 0.0156, Spu: 0.0000, FD: 0.0634, Var: 0.0000, Ctx: 2, Train: 99.87%, Valid: 97.08%, Test In: 96.95% Test OOD1: 90.88% 
Epoch: 272, Loss: 0.1467, Cls: 0.0649, Ind: 0.0001, Med: 0.0163, Spu: 0.0000, FD: 0.0654, Var: 0.0000, Ctx: 2, Train: 99.86%, Valid: 97.15%, Test In: 97.26% Test OOD1: 88.31% 
Epoch: 273, Loss: 0.1526, Cls: 0.0674, Ind: 0.0001, Med: 0.0169, Spu: 0.0000, FD: 0.0682, Var: 0.0000, Ctx: 2, Train: 99.90%, Valid: 97.25%, Test In: 97.29% Test OOD1: 89.07% 
Epoch: 274, Loss: 0.1461, Cls: 0.0645, Ind: 0.0001, Med: 0.0162, Spu: 0.0000, FD: 0.0654, Var: 0.0000, Ctx: 2, Train: 99.87%, Valid: 97.15%, Test In: 97.11% Test OOD1: 90.79% 
Epoch: 275, Loss: 0.1440, Cls: 0.0635, Ind: 0.0001, Med: 0.0159, Spu: 0.0000, FD: 0.0645, Var: 0.0000, Ctx: 2, Train: 99.90%, Valid: 97.17%, Test In: 97.25% Test OOD1: 88.63% 
Epoch: 276, Loss: 0.1496, Cls: 0.0661, Ind: 0.0001, Med: 0.0166, Spu: 0.0000, FD: 0.0668, Var: 0.0000, Ctx: 2, Train: 99.90%, Valid: 97.24%, Test In: 97.14% Test OOD1: 90.01% 
Epoch: 277, Loss: 0.1465, Cls: 0.0646, Ind: 0.0001, Med: 0.0162, Spu: 0.0000, FD: 0.0657, Var: 0.0000, Ctx: 2, Train: 99.91%, Valid: 97.18%, Test In: 97.13% Test OOD1: 90.50% 
Epoch: 278, Loss: 0.1470, Cls: 0.0648, Ind: 0.0001, Med: 0.0162, Spu: 0.0000, FD: 0.0659, Var: 0.0000, Ctx: 2, Train: 99.92%, Valid: 97.25%, Test In: 97.36% Test OOD1: 88.76% 
Epoch: 279, Loss: 0.1484, Cls: 0.0656, Ind: 0.0001, Med: 0.0164, Spu: 0.0000, FD: 0.0664, Var: 0.0000, Ctx: 2, Train: 99.92%, Valid: 97.24%, Test In: 97.22% Test OOD1: 89.73% 
Epoch: 280, Loss: 0.1444, Cls: 0.0637, Ind: 0.0001, Med: 0.0160, Spu: 0.0000, FD: 0.0646, Var: 0.0000, Ctx: 2, Train: 99.91%, Valid: 97.15%, Test In: 97.09% Test OOD1: 90.19% 
Epoch: 281, Loss: 0.1517, Cls: 0.0672, Ind: 0.0001, Med: 0.0169, Spu: 0.0000, FD: 0.0675, Var: 0.0000, Ctx: 2, Train: 99.93%, Valid: 97.37%, Test In: 97.29% Test OOD1: 89.21% 
Epoch: 282, Loss: 0.1397, Cls: 0.0617, Ind: 0.0001, Med: 0.0155, Spu: 0.0000, FD: 0.0624, Var: 0.0000, Ctx: 2, Train: 99.93%, Valid: 97.32%, Test In: 97.16% Test OOD1: 90.34% 
Epoch: 283, Loss: 0.1478, Cls: 0.0652, Ind: 0.0001, Med: 0.0163, Spu: 0.0000, FD: 0.0661, Var: 0.0000, Ctx: 2, Train: 99.90%, Valid: 97.13%, Test In: 97.15% Test OOD1: 90.87% 
Epoch: 284, Loss: 0.1482, Cls: 0.0654, Ind: 0.0001, Med: 0.0164, Spu: 0.0000, FD: 0.0663, Var: 0.0000, Ctx: 2, Train: 99.93%, Valid: 97.35%, Test In: 97.27% Test OOD1: 89.60% 
Epoch: 285, Loss: 0.1466, Cls: 0.0649, Ind: 0.0001, Med: 0.0163, Spu: 0.0000, FD: 0.0653, Var: 0.0000, Ctx: 2, Train: 99.92%, Valid: 97.27%, Test In: 97.17% Test OOD1: 90.76% 
Epoch: 286, Loss: 0.1469, Cls: 0.0648, Ind: 0.0001, Med: 0.0162, Spu: 0.0000, FD: 0.0657, Var: 0.0000, Ctx: 2, Train: 99.89%, Valid: 97.19%, Test In: 97.23% Test OOD1: 89.71% 
Epoch: 287, Loss: 0.1512, Cls: 0.0667, Ind: 0.0001, Med: 0.0167, Spu: 0.0000, FD: 0.0676, Var: 0.0000, Ctx: 2, Train: 99.91%, Valid: 97.25%, Test In: 97.32% Test OOD1: 89.55% 
Epoch: 288, Loss: 0.1387, Cls: 0.0612, Ind: 0.0001, Med: 0.0153, Spu: 0.0000, FD: 0.0621, Var: 0.0000, Ctx: 2, Train: 99.91%, Valid: 97.21%, Test In: 97.13% Test OOD1: 90.12% 
Epoch: 289, Loss: 0.1370, Cls: 0.0604, Ind: 0.0001, Med: 0.0151, Spu: 0.0000, FD: 0.0613, Var: 0.0000, Ctx: 2, Train: 99.92%, Valid: 97.29%, Test In: 97.19% Test OOD1: 88.99% 
Epoch: 290, Loss: 0.1418, Cls: 0.0625, Ind: 0.0001, Med: 0.0156, Spu: 0.0000, FD: 0.0636, Var: 0.0000, Ctx: 2, Train: 99.92%, Valid: 97.33%, Test In: 97.20% Test OOD1: 89.27% 
Epoch: 291, Loss: 0.1409, Cls: 0.0623, Ind: 0.0001, Med: 0.0156, Spu: 0.0000, FD: 0.0629, Var: 0.0000, Ctx: 2, Train: 99.93%, Valid: 97.36%, Test In: 97.14% Test OOD1: 90.04% 
Epoch: 292, Loss: 0.1453, Cls: 0.0642, Ind: 0.0001, Med: 0.0161, Spu: 0.0000, FD: 0.0650, Var: 0.0000, Ctx: 2, Train: 99.91%, Valid: 97.27%, Test In: 97.29% Test OOD1: 87.97% 
Epoch: 293, Loss: 0.1407, Cls: 0.0624, Ind: 0.0001, Med: 0.0157, Spu: 0.0000, FD: 0.0626, Var: 0.0000, Ctx: 2, Train: 99.89%, Valid: 97.22%, Test In: 97.12% Test OOD1: 90.86% 
Epoch: 294, Loss: 0.1468, Cls: 0.0648, Ind: 0.0001, Med: 0.0162, Spu: 0.0000, FD: 0.0657, Var: 0.0000, Ctx: 2, Train: 99.92%, Valid: 97.33%, Test In: 97.27% Test OOD1: 89.32% 
Epoch: 295, Loss: 0.1388, Cls: 0.0612, Ind: 0.0001, Med: 0.0153, Spu: 0.0000, FD: 0.0622, Var: 0.0000, Ctx: 2, Train: 99.92%, Valid: 97.13%, Test In: 97.21% Test OOD1: 88.50% 
Epoch: 296, Loss: 0.1498, Cls: 0.0661, Ind: 0.0001, Med: 0.0165, Spu: 0.0000, FD: 0.0670, Var: 0.0000, Ctx: 2, Train: 99.84%, Valid: 97.08%, Test In: 96.87% Test OOD1: 91.95% 
Epoch: 297, Loss: 0.1526, Cls: 0.0675, Ind: 0.0001, Med: 0.0169, Spu: 0.0000, FD: 0.0681, Var: 0.0000, Ctx: 2, Train: 99.93%, Valid: 97.23%, Test In: 97.24% Test OOD1: 88.87% 
Epoch: 298, Loss: 0.1534, Cls: 0.0676, Ind: 0.0001, Med: 0.0169, Spu: 0.0000, FD: 0.0688, Var: 0.0000, Ctx: 2, Train: 99.93%, Valid: 97.29%, Test In: 97.26% Test OOD1: 89.31% 
Epoch: 299, Loss: 0.1377, Cls: 0.0607, Ind: 0.0001, Med: 0.0152, Spu: 0.0000, FD: 0.0617, Var: 0.0000, Ctx: 2, Train: 99.89%, Valid: 97.12%, Test In: 97.13% Test OOD1: 91.05% 
Epoch: 300, Loss: 0.1381, Cls: 0.0609, Ind: 0.0001, Med: 0.0152, Spu: 0.0000, FD: 0.0618, Var: 0.0000, Ctx: 2, Train: 99.93%, Valid: 97.36%, Test In: 97.27% Test OOD1: 90.02% 
Epoch: 301, Loss: 0.1338, Cls: 0.0591, Ind: 0.0001, Med: 0.0148, Spu: 0.0000, FD: 0.0598, Var: 0.0000, Ctx: 2, Train: 99.93%, Valid: 97.38%, Test In: 97.32% Test OOD1: 89.53% 
Epoch: 302, Loss: 0.1361, Cls: 0.0601, Ind: 0.0001, Med: 0.0151, Spu: 0.0000, FD: 0.0608, Var: 0.0000, Ctx: 2, Train: 99.92%, Valid: 97.40%, Test In: 97.27% Test OOD1: 90.77% 
Epoch: 303, Loss: 0.1350, Cls: 0.0596, Ind: 0.0001, Med: 0.0149, Spu: 0.0000, FD: 0.0603, Var: 0.0000, Ctx: 2, Train: 99.93%, Valid: 97.38%, Test In: 97.23% Test OOD1: 91.39% 
Epoch: 304, Loss: 0.1434, Cls: 0.0633, Ind: 0.0001, Med: 0.0159, Spu: 0.0000, FD: 0.0641, Var: 0.0000, Ctx: 2, Train: 99.92%, Valid: 97.36%, Test In: 97.42% Test OOD1: 90.30% 
Epoch: 305, Loss: 0.1372, Cls: 0.0606, Ind: 0.0001, Med: 0.0152, Spu: 0.0000, FD: 0.0612, Var: 0.0000, Ctx: 2, Train: 99.93%, Valid: 97.40%, Test In: 97.30% Test OOD1: 91.10% 
Epoch: 306, Loss: 0.1383, Cls: 0.0610, Ind: 0.0001, Med: 0.0153, Spu: 0.0000, FD: 0.0620, Var: 0.0000, Ctx: 2, Train: 99.93%, Valid: 97.34%, Test In: 97.31% Test OOD1: 90.90% 
Epoch: 307, Loss: 0.1366, Cls: 0.0604, Ind: 0.0001, Med: 0.0151, Spu: 0.0000, FD: 0.0610, Var: 0.0000, Ctx: 2, Train: 99.92%, Valid: 97.26%, Test In: 97.35% Test OOD1: 88.50% 
Epoch: 308, Loss: 0.1395, Cls: 0.0617, Ind: 0.0001, Med: 0.0155, Spu: 0.0000, FD: 0.0622, Var: 0.0000, Ctx: 2, Train: 99.93%, Valid: 97.28%, Test In: 97.26% Test OOD1: 90.72% 
Epoch: 309, Loss: 0.1345, Cls: 0.0595, Ind: 0.0001, Med: 0.0149, Spu: 0.0000, FD: 0.0600, Var: 0.0000, Ctx: 2, Train: 99.93%, Valid: 97.30%, Test In: 97.34% Test OOD1: 90.37% 
Epoch: 310, Loss: 0.1332, Cls: 0.0589, Ind: 0.0001, Med: 0.0147, Spu: 0.0000, FD: 0.0595, Var: 0.0000, Ctx: 2, Train: 99.93%, Valid: 97.30%, Test In: 97.41% Test OOD1: 89.31% 
Epoch: 311, Loss: 0.1370, Cls: 0.0604, Ind: 0.0001, Med: 0.0151, Spu: 0.0000, FD: 0.0613, Var: 0.0000, Ctx: 2, Train: 99.94%, Valid: 97.32%, Test In: 97.38% Test OOD1: 90.90% 
Epoch: 312, Loss: 0.1289, Cls: 0.0569, Ind: 0.0001, Med: 0.0143, Spu: 0.0000, FD: 0.0577, Var: 0.0000, Ctx: 2, Train: 99.95%, Valid: 97.31%, Test In: 97.36% Test OOD1: 91.07% 
Epoch: 313, Loss: 0.1363, Cls: 0.0600, Ind: 0.0001, Med: 0.0150, Spu: 0.0000, FD: 0.0612, Var: 0.0000, Ctx: 2, Train: 99.95%, Valid: 97.22%, Test In: 97.40% Test OOD1: 89.39% 
Epoch: 314, Loss: 0.1411, Cls: 0.0622, Ind: 0.0001, Med: 0.0155, Spu: 0.0000, FD: 0.0633, Var: 0.0000, Ctx: 2, Train: 99.94%, Valid: 97.33%, Test In: 97.22% Test OOD1: 90.40% 
Epoch: 315, Loss: 0.1355, Cls: 0.0600, Ind: 0.0001, Med: 0.0151, Spu: 0.0000, FD: 0.0603, Var: 0.0000, Ctx: 2, Train: 99.92%, Valid: 97.17%, Test In: 97.22% Test OOD1: 90.09% 
Epoch: 316, Loss: 0.1348, Cls: 0.0595, Ind: 0.0001, Med: 0.0149, Spu: 0.0000, FD: 0.0602, Var: 0.0000, Ctx: 2, Train: 99.93%, Valid: 97.26%, Test In: 97.34% Test OOD1: 89.44% 
Epoch: 317, Loss: 0.1302, Cls: 0.0576, Ind: 0.0001, Med: 0.0144, Spu: 0.0000, FD: 0.0582, Var: 0.0000, Ctx: 2, Train: 99.95%, Valid: 97.36%, Test In: 97.27% Test OOD1: 89.69% 
Epoch: 318, Loss: 0.1340, Cls: 0.0592, Ind: 0.0001, Med: 0.0148, Spu: 0.0000, FD: 0.0599, Var: 0.0000, Ctx: 2, Train: 99.93%, Valid: 97.34%, Test In: 97.25% Test OOD1: 90.09% 
Epoch: 319, Loss: 0.1366, Cls: 0.0604, Ind: 0.0001, Med: 0.0152, Spu: 0.0000, FD: 0.0610, Var: 0.0000, Ctx: 2, Train: 99.92%, Valid: 97.31%, Test In: 97.21% Test OOD1: 88.51% 
Epoch: 320, Loss: 0.1361, Cls: 0.0600, Ind: 0.0001, Med: 0.0150, Spu: 0.0000, FD: 0.0609, Var: 0.0000, Ctx: 2, Train: 99.94%, Valid: 97.39%, Test In: 97.30% Test OOD1: 89.99% 
Epoch: 321, Loss: 0.1353, Cls: 0.0596, Ind: 0.0001, Med: 0.0149, Spu: 0.0000, FD: 0.0607, Var: 0.0000, Ctx: 2, Train: 99.94%, Valid: 97.37%, Test In: 97.33% Test OOD1: 89.85% 
Epoch: 322, Loss: 0.1273, Cls: 0.0562, Ind: 0.0001, Med: 0.0141, Spu: 0.0000, FD: 0.0569, Var: 0.0000, Ctx: 2, Train: 99.94%, Valid: 97.32%, Test In: 97.30% Test OOD1: 88.46% 
Epoch: 323, Loss: 0.1376, Cls: 0.0608, Ind: 0.0001, Med: 0.0152, Spu: 0.0000, FD: 0.0616, Var: 0.0000, Ctx: 2, Train: 99.93%, Valid: 97.27%, Test In: 97.28% Test OOD1: 90.57% 
Epoch: 324, Loss: 0.1334, Cls: 0.0588, Ind: 0.0001, Med: 0.0147, Spu: 0.0000, FD: 0.0598, Var: 0.0000, Ctx: 2, Train: 99.96%, Valid: 97.42%, Test In: 97.41% Test OOD1: 89.16% 
Epoch: 325, Loss: 0.1327, Cls: 0.0585, Ind: 0.0001, Med: 0.0146, Spu: 0.0000, FD: 0.0595, Var: 0.0000, Ctx: 2, Train: 99.95%, Valid: 97.30%, Test In: 97.44% Test OOD1: 90.03% 
Epoch: 326, Loss: 0.1316, Cls: 0.0581, Ind: 0.0001, Med: 0.0145, Spu: 0.0000, FD: 0.0589, Var: 0.0000, Ctx: 2, Train: 99.94%, Valid: 97.27%, Test In: 97.32% Test OOD1: 90.76% 
Epoch: 327, Loss: 0.1296, Cls: 0.0572, Ind: 0.0001, Med: 0.0143, Spu: 0.0000, FD: 0.0579, Var: 0.0000, Ctx: 2, Train: 99.95%, Valid: 97.42%, Test In: 97.42% Test OOD1: 89.01% 
Epoch: 328, Loss: 0.1304, Cls: 0.0575, Ind: 0.0001, Med: 0.0144, Spu: 0.0000, FD: 0.0584, Var: 0.0000, Ctx: 2, Train: 99.94%, Valid: 97.39%, Test In: 97.41% Test OOD1: 90.16% 
Epoch: 329, Loss: 0.1281, Cls: 0.0566, Ind: 0.0001, Med: 0.0142, Spu: 0.0000, FD: 0.0572, Var: 0.0000, Ctx: 2, Train: 99.93%, Valid: 97.36%, Test In: 97.35% Test OOD1: 90.67% 
Epoch: 330, Loss: 0.1304, Cls: 0.0577, Ind: 0.0001, Med: 0.0145, Spu: 0.0000, FD: 0.0582, Var: 0.0000, Ctx: 2, Train: 99.91%, Valid: 97.34%, Test In: 97.38% Test OOD1: 89.00% 
Epoch: 331, Loss: 0.1306, Cls: 0.0576, Ind: 0.0001, Med: 0.0144, Spu: 0.0000, FD: 0.0585, Var: 0.0000, Ctx: 2, Train: 99.94%, Valid: 97.50%, Test In: 97.41% Test OOD1: 89.92% 
Epoch: 332, Loss: 0.1351, Cls: 0.0597, Ind: 0.0001, Med: 0.0150, Spu: 0.0000, FD: 0.0604, Var: 0.0000, Ctx: 2, Train: 99.94%, Valid: 97.45%, Test In: 97.53% Test OOD1: 90.33% 
Epoch: 333, Loss: 0.1268, Cls: 0.0560, Ind: 0.0001, Med: 0.0140, Spu: 0.0000, FD: 0.0566, Var: 0.0000, Ctx: 2, Train: 99.95%, Valid: 97.44%, Test In: 97.55% Test OOD1: 89.81% 
Epoch: 334, Loss: 0.1263, Cls: 0.0559, Ind: 0.0001, Med: 0.0140, Spu: 0.0000, FD: 0.0562, Var: 0.0000, Ctx: 2, Train: 99.94%, Valid: 97.46%, Test In: 97.44% Test OOD1: 90.81% 
Epoch: 335, Loss: 0.1338, Cls: 0.0591, Ind: 0.0001, Med: 0.0148, Spu: 0.0000, FD: 0.0598, Var: 0.0000, Ctx: 2, Train: 99.96%, Valid: 97.40%, Test In: 97.50% Test OOD1: 89.80% 
Epoch: 336, Loss: 0.1379, Cls: 0.0609, Ind: 0.0001, Med: 0.0153, Spu: 0.0000, FD: 0.0616, Var: 0.0000, Ctx: 2, Train: 99.93%, Valid: 97.31%, Test In: 97.35% Test OOD1: 90.49% 
Epoch: 337, Loss: 0.1262, Cls: 0.0555, Ind: 0.0001, Med: 0.0139, Spu: 0.0000, FD: 0.0567, Var: 0.0000, Ctx: 2, Train: 99.96%, Valid: 97.38%, Test In: 97.27% Test OOD1: 91.31% 
Epoch: 338, Loss: 0.1255, Cls: 0.0553, Ind: 0.0001, Med: 0.0138, Spu: 0.0000, FD: 0.0562, Var: 0.0000, Ctx: 2, Train: 99.94%, Valid: 97.50%, Test In: 97.40% Test OOD1: 88.95% 
Epoch: 339, Loss: 0.1297, Cls: 0.0573, Ind: 0.0001, Med: 0.0144, Spu: 0.0000, FD: 0.0580, Var: 0.0000, Ctx: 2, Train: 99.95%, Valid: 97.44%, Test In: 97.35% Test OOD1: 91.27% 
Epoch: 340, Loss: 0.1285, Cls: 0.0567, Ind: 0.0001, Med: 0.0142, Spu: 0.0000, FD: 0.0576, Var: 0.0000, Ctx: 2, Train: 99.95%, Valid: 97.52%, Test In: 97.51% Test OOD1: 90.23% 
Epoch: 341, Loss: 0.1281, Cls: 0.0567, Ind: 0.0001, Med: 0.0142, Spu: 0.0000, FD: 0.0571, Var: 0.0000, Ctx: 2, Train: 99.97%, Valid: 97.56%, Test In: 97.59% Test OOD1: 89.68% 
Epoch: 342, Loss: 0.1206, Cls: 0.0533, Ind: 0.0001, Med: 0.0133, Spu: 0.0000, FD: 0.0539, Var: 0.0000, Ctx: 2, Train: 99.93%, Valid: 97.36%, Test In: 97.44% Test OOD1: 91.71% 
Epoch: 343, Loss: 0.1383, Cls: 0.0609, Ind: 0.0001, Med: 0.0152, Spu: 0.0000, FD: 0.0620, Var: 0.0000, Ctx: 2, Train: 99.96%, Valid: 97.49%, Test In: 97.55% Test OOD1: 90.95% 
Epoch: 344, Loss: 0.1235, Cls: 0.0546, Ind: 0.0001, Med: 0.0137, Spu: 0.0000, FD: 0.0551, Var: 0.0000, Ctx: 2, Train: 99.96%, Valid: 97.56%, Test In: 97.61% Test OOD1: 89.84% 
Epoch: 345, Loss: 0.1289, Cls: 0.0569, Ind: 0.0001, Med: 0.0143, Spu: 0.0000, FD: 0.0576, Var: 0.0000, Ctx: 2, Train: 99.95%, Valid: 97.47%, Test In: 97.50% Test OOD1: 90.71% 
Epoch: 346, Loss: 0.1274, Cls: 0.0563, Ind: 0.0001, Med: 0.0141, Spu: 0.0000, FD: 0.0569, Var: 0.0000, Ctx: 2, Train: 99.92%, Valid: 97.32%, Test In: 97.36% Test OOD1: 91.79% 
Epoch: 347, Loss: 0.1189, Cls: 0.0525, Ind: 0.0001, Med: 0.0132, Spu: 0.0000, FD: 0.0531, Var: 0.0000, Ctx: 2, Train: 99.96%, Valid: 97.65%, Test In: 97.64% Test OOD1: 89.95% 
Epoch: 348, Loss: 0.1255, Cls: 0.0554, Ind: 0.0001, Med: 0.0139, Spu: 0.0000, FD: 0.0561, Var: 0.0000, Ctx: 2, Train: 99.95%, Valid: 97.41%, Test In: 97.40% Test OOD1: 91.86% 
Epoch: 349, Loss: 0.1282, Cls: 0.0566, Ind: 0.0001, Med: 0.0142, Spu: 0.0000, FD: 0.0574, Var: 0.0000, Ctx: 2, Train: 99.94%, Valid: 97.49%, Test In: 97.44% Test OOD1: 91.07% 
Epoch: 350, Loss: 0.1182, Cls: 0.0522, Ind: 0.0001, Med: 0.0131, Spu: 0.0000, FD: 0.0528, Var: 0.0000, Ctx: 2, Train: 99.95%, Valid: 97.44%, Test In: 97.40% Test OOD1: 89.84% 
Epoch: 351, Loss: 0.1344, Cls: 0.0593, Ind: 0.0001, Med: 0.0148, Spu: 0.0000, FD: 0.0602, Var: 0.0000, Ctx: 2, Train: 99.96%, Valid: 97.49%, Test In: 97.31% Test OOD1: 91.32% 
Epoch: 352, Loss: 0.1275, Cls: 0.0564, Ind: 0.0001, Med: 0.0141, Spu: 0.0000, FD: 0.0569, Var: 0.0000, Ctx: 2, Train: 99.96%, Valid: 97.47%, Test In: 97.43% Test OOD1: 90.35% 
Epoch: 353, Loss: 0.1262, Cls: 0.0557, Ind: 0.0001, Med: 0.0140, Spu: 0.0000, FD: 0.0564, Var: 0.0000, Ctx: 2, Train: 99.95%, Valid: 97.31%, Test In: 97.34% Test OOD1: 88.63% 
Epoch: 354, Loss: 0.1372, Cls: 0.0606, Ind: 0.0001, Med: 0.0151, Spu: 0.0000, FD: 0.0614, Var: 0.0000, Ctx: 2, Train: 99.95%, Valid: 97.44%, Test In: 97.28% Test OOD1: 91.19% 
Epoch: 355, Loss: 0.1294, Cls: 0.0572, Ind: 0.0001, Med: 0.0144, Spu: 0.0000, FD: 0.0578, Var: 0.0000, Ctx: 2, Train: 99.96%, Valid: 97.53%, Test In: 97.53% Test OOD1: 89.63% 
Epoch: 356, Loss: 0.1193, Cls: 0.0527, Ind: 0.0001, Med: 0.0132, Spu: 0.0000, FD: 0.0533, Var: 0.0000, Ctx: 2, Train: 99.96%, Valid: 97.61%, Test In: 97.57% Test OOD1: 89.84% 
Epoch: 357, Loss: 0.1236, Cls: 0.0546, Ind: 0.0001, Med: 0.0137, Spu: 0.0000, FD: 0.0552, Var: 0.0000, Ctx: 2, Train: 99.95%, Valid: 97.50%, Test In: 97.38% Test OOD1: 91.71% 
Epoch: 358, Loss: 0.1358, Cls: 0.0600, Ind: 0.0001, Med: 0.0150, Spu: 0.0000, FD: 0.0607, Var: 0.0000, Ctx: 2, Train: 99.96%, Valid: 97.57%, Test In: 97.63% Test OOD1: 90.43% 
Epoch: 359, Loss: 0.1283, Cls: 0.0567, Ind: 0.0001, Med: 0.0142, Spu: 0.0000, FD: 0.0573, Var: 0.0000, Ctx: 2, Train: 99.95%, Valid: 97.51%, Test In: 97.59% Test OOD1: 89.70% 
Epoch: 360, Loss: 0.1321, Cls: 0.0583, Ind: 0.0001, Med: 0.0146, Spu: 0.0000, FD: 0.0592, Var: 0.0000, Ctx: 2, Train: 99.97%, Valid: 97.48%, Test In: 97.48% Test OOD1: 91.72% 
Epoch: 361, Loss: 0.1268, Cls: 0.0559, Ind: 0.0001, Med: 0.0140, Spu: 0.0000, FD: 0.0568, Var: 0.0000, Ctx: 2, Train: 99.97%, Valid: 97.58%, Test In: 97.52% Test OOD1: 90.56% 
Epoch: 362, Loss: 0.1308, Cls: 0.0578, Ind: 0.0001, Med: 0.0145, Spu: 0.0000, FD: 0.0585, Var: 0.0000, Ctx: 2, Train: 99.96%, Valid: 97.43%, Test In: 97.46% Test OOD1: 90.26% 
Epoch: 363, Loss: 0.1232, Cls: 0.0544, Ind: 0.0001, Med: 0.0136, Spu: 0.0000, FD: 0.0550, Var: 0.0000, Ctx: 2, Train: 99.95%, Valid: 97.32%, Test In: 97.29% Test OOD1: 91.34% 
Epoch: 364, Loss: 0.1276, Cls: 0.0563, Ind: 0.0001, Med: 0.0141, Spu: 0.0000, FD: 0.0571, Var: 0.0000, Ctx: 2, Train: 99.98%, Valid: 97.52%, Test In: 97.42% Test OOD1: 89.66% 
Epoch: 365, Loss: 0.1333, Cls: 0.0588, Ind: 0.0001, Med: 0.0147, Spu: 0.0000, FD: 0.0598, Var: 0.0000, Ctx: 2, Train: 99.96%, Valid: 97.40%, Test In: 97.51% Test OOD1: 90.29% 
Epoch: 366, Loss: 0.1103, Cls: 0.0488, Ind: 0.0001, Med: 0.0123, Spu: 0.0000, FD: 0.0492, Var: 0.0000, Ctx: 2, Train: 99.93%, Valid: 97.16%, Test In: 97.34% Test OOD1: 90.42% 
Epoch: 367, Loss: 0.1260, Cls: 0.0557, Ind: 0.0001, Med: 0.0140, Spu: 0.0000, FD: 0.0562, Var: 0.0000, Ctx: 2, Train: 99.98%, Valid: 97.59%, Test In: 97.48% Test OOD1: 89.20% 
Epoch: 368, Loss: 0.1227, Cls: 0.0543, Ind: 0.0001, Med: 0.0136, Spu: 0.0000, FD: 0.0547, Var: 0.0000, Ctx: 2, Train: 99.96%, Valid: 97.57%, Test In: 97.48% Test OOD1: 90.65% 
Epoch: 369, Loss: 0.1235, Cls: 0.0546, Ind: 0.0001, Med: 0.0137, Spu: 0.0000, FD: 0.0551, Var: 0.0000, Ctx: 2, Train: 99.94%, Valid: 97.36%, Test In: 97.44% Test OOD1: 91.18% 
Epoch: 370, Loss: 0.1215, Cls: 0.0535, Ind: 0.0001, Med: 0.0134, Spu: 0.0000, FD: 0.0545, Var: 0.0000, Ctx: 2, Train: 99.97%, Valid: 97.56%, Test In: 97.46% Test OOD1: 90.45% 
Epoch: 371, Loss: 0.1265, Cls: 0.0560, Ind: 0.0001, Med: 0.0140, Spu: 0.0000, FD: 0.0564, Var: 0.0000, Ctx: 2, Train: 99.97%, Valid: 97.61%, Test In: 97.43% Test OOD1: 91.22% 
Epoch: 372, Loss: 0.1363, Cls: 0.0601, Ind: 0.0001, Med: 0.0150, Spu: 0.0000, FD: 0.0611, Var: 0.0000, Ctx: 2, Train: 99.96%, Valid: 97.47%, Test In: 97.59% Test OOD1: 90.55% 
Epoch: 373, Loss: 0.1267, Cls: 0.0561, Ind: 0.0001, Med: 0.0141, Spu: 0.0000, FD: 0.0565, Var: 0.0000, Ctx: 2, Train: 99.94%, Valid: 97.34%, Test In: 97.43% Test OOD1: 91.27% 
Epoch: 374, Loss: 0.1294, Cls: 0.0572, Ind: 0.0001, Med: 0.0143, Spu: 0.0000, FD: 0.0578, Var: 0.0000, Ctx: 2, Train: 99.97%, Valid: 97.55%, Test In: 97.45% Test OOD1: 91.03% 
Epoch: 375, Loss: 0.1220, Cls: 0.0538, Ind: 0.0001, Med: 0.0135, Spu: 0.0000, FD: 0.0546, Var: 0.0000, Ctx: 2, Train: 99.97%, Valid: 97.44%, Test In: 97.48% Test OOD1: 89.82% 
Epoch: 376, Loss: 0.1316, Cls: 0.0581, Ind: 0.0001, Med: 0.0145, Spu: 0.0000, FD: 0.0589, Var: 0.0000, Ctx: 2, Train: 99.92%, Valid: 97.36%, Test In: 97.37% Test OOD1: 91.58% 
Epoch: 377, Loss: 0.1330, Cls: 0.0588, Ind: 0.0001, Med: 0.0148, Spu: 0.0000, FD: 0.0593, Var: 0.0000, Ctx: 2, Train: 99.96%, Valid: 97.45%, Test In: 97.50% Test OOD1: 91.21% 
Epoch: 378, Loss: 0.1191, Cls: 0.0526, Ind: 0.0001, Med: 0.0132, Spu: 0.0000, FD: 0.0533, Var: 0.0000, Ctx: 2, Train: 99.97%, Valid: 97.60%, Test In: 97.53% Test OOD1: 89.81% 
Epoch: 379, Loss: 0.1235, Cls: 0.0546, Ind: 0.0001, Med: 0.0137, Spu: 0.0000, FD: 0.0551, Var: 0.0000, Ctx: 2, Train: 99.96%, Valid: 97.47%, Test In: 97.52% Test OOD1: 91.17% 
Epoch: 380, Loss: 0.1256, Cls: 0.0554, Ind: 0.0001, Med: 0.0138, Spu: 0.0000, FD: 0.0563, Var: 0.0000, Ctx: 2, Train: 99.95%, Valid: 97.34%, Test In: 97.42% Test OOD1: 91.96% 
Epoch: 381, Loss: 0.1184, Cls: 0.0522, Ind: 0.0001, Med: 0.0130, Spu: 0.0000, FD: 0.0532, Var: 0.0000, Ctx: 2, Train: 99.97%, Valid: 97.56%, Test In: 97.60% Test OOD1: 89.44% 
Epoch: 382, Loss: 0.1291, Cls: 0.0570, Ind: 0.0001, Med: 0.0143, Spu: 0.0000, FD: 0.0577, Var: 0.0000, Ctx: 2, Train: 99.98%, Valid: 97.43%, Test In: 97.60% Test OOD1: 91.37% 
Epoch: 383, Loss: 0.1258, Cls: 0.0556, Ind: 0.0001, Med: 0.0139, Spu: 0.0000, FD: 0.0562, Var: 0.0000, Ctx: 2, Train: 99.96%, Valid: 97.48%, Test In: 97.48% Test OOD1: 91.23% 
Epoch: 384, Loss: 0.1217, Cls: 0.0537, Ind: 0.0001, Med: 0.0134, Spu: 0.0000, FD: 0.0545, Var: 0.0000, Ctx: 2, Train: 99.97%, Valid: 97.56%, Test In: 97.48% Test OOD1: 88.65% 
Epoch: 385, Loss: 0.1229, Cls: 0.0542, Ind: 0.0001, Med: 0.0136, Spu: 0.0000, FD: 0.0550, Var: 0.0000, Ctx: 2, Train: 99.96%, Valid: 97.38%, Test In: 97.42% Test OOD1: 91.59% 
Epoch: 386, Loss: 0.1311, Cls: 0.0580, Ind: 0.0001, Med: 0.0145, Spu: 0.0000, FD: 0.0585, Var: 0.0000, Ctx: 2, Train: 99.97%, Valid: 97.50%, Test In: 97.60% Test OOD1: 90.74% 
Epoch: 387, Loss: 0.1211, Cls: 0.0535, Ind: 0.0001, Med: 0.0134, Spu: 0.0000, FD: 0.0541, Var: 0.0000, Ctx: 2, Train: 99.98%, Valid: 97.58%, Test In: 97.59% Test OOD1: 89.46% 
Epoch: 388, Loss: 0.1208, Cls: 0.0534, Ind: 0.0001, Med: 0.0134, Spu: 0.0000, FD: 0.0540, Var: 0.0000, Ctx: 2, Train: 99.97%, Valid: 97.59%, Test In: 97.58% Test OOD1: 90.79% 
Epoch: 389, Loss: 0.1191, Cls: 0.0526, Ind: 0.0001, Med: 0.0132, Spu: 0.0000, FD: 0.0533, Var: 0.0000, Ctx: 2, Train: 99.97%, Valid: 97.46%, Test In: 97.53% Test OOD1: 91.09% 
Epoch: 390, Loss: 0.1175, Cls: 0.0521, Ind: 0.0001, Med: 0.0131, Spu: 0.0000, FD: 0.0523, Var: 0.0000, Ctx: 2, Train: 99.97%, Valid: 97.49%, Test In: 97.49% Test OOD1: 89.50% 
Epoch: 391, Loss: 0.1197, Cls: 0.0529, Ind: 0.0001, Med: 0.0133, Spu: 0.0000, FD: 0.0534, Var: 0.0000, Ctx: 2, Train: 99.97%, Valid: 97.44%, Test In: 97.46% Test OOD1: 90.39% 
Epoch: 392, Loss: 0.1237, Cls: 0.0546, Ind: 0.0001, Med: 0.0137, Spu: 0.0000, FD: 0.0554, Var: 0.0000, Ctx: 2, Train: 99.96%, Valid: 97.46%, Test In: 97.40% Test OOD1: 91.89% 
Epoch: 393, Loss: 0.1226, Cls: 0.0540, Ind: 0.0001, Med: 0.0135, Spu: 0.0000, FD: 0.0551, Var: 0.0000, Ctx: 2, Train: 99.97%, Valid: 97.55%, Test In: 97.49% Test OOD1: 90.23% 
Epoch: 394, Loss: 0.1217, Cls: 0.0537, Ind: 0.0001, Med: 0.0134, Spu: 0.0000, FD: 0.0545, Var: 0.0000, Ctx: 2, Train: 99.97%, Valid: 97.58%, Test In: 97.48% Test OOD1: 91.82% 
Epoch: 395, Loss: 0.1248, Cls: 0.0552, Ind: 0.0001, Med: 0.0138, Spu: 0.0000, FD: 0.0557, Var: 0.0000, Ctx: 2, Train: 99.96%, Valid: 97.38%, Test In: 97.38% Test OOD1: 93.25% 
Epoch: 396, Loss: 0.1210, Cls: 0.0535, Ind: 0.0001, Med: 0.0134, Spu: 0.0000, FD: 0.0541, Var: 0.0000, Ctx: 2, Train: 99.97%, Valid: 97.53%, Test In: 97.59% Test OOD1: 89.72% 
Epoch: 397, Loss: 0.1297, Cls: 0.0573, Ind: 0.0001, Med: 0.0144, Spu: 0.0000, FD: 0.0579, Var: 0.0000, Ctx: 2, Train: 99.97%, Valid: 97.50%, Test In: 97.42% Test OOD1: 92.39% 
Epoch: 398, Loss: 0.1206, Cls: 0.0533, Ind: 0.0001, Med: 0.0134, Spu: 0.0000, FD: 0.0538, Var: 0.0000, Ctx: 2, Train: 99.95%, Valid: 97.44%, Test In: 97.36% Test OOD1: 92.52% 
Epoch: 399, Loss: 0.1226, Cls: 0.0541, Ind: 0.0001, Med: 0.0135, Spu: 0.0000, FD: 0.0549, Var: 0.0000, Ctx: 2, Train: 99.96%, Valid: 97.49%, Test In: 97.45% Test OOD1: 88.85% 
Epoch: 400, Loss: 0.1264, Cls: 0.0560, Ind: 0.0001, Med: 0.0141, Spu: 0.0000, FD: 0.0563, Var: 0.0000, Ctx: 2, Train: 99.96%, Valid: 97.46%, Test In: 97.50% Test OOD1: 90.81% 
Epoch: 401, Loss: 0.1219, Cls: 0.0539, Ind: 0.0001, Med: 0.0135, Spu: 0.0000, FD: 0.0545, Var: 0.0000, Ctx: 2, Train: 99.96%, Valid: 97.32%, Test In: 97.44% Test OOD1: 91.06% 
Epoch: 402, Loss: 0.1249, Cls: 0.0550, Ind: 0.0001, Med: 0.0137, Spu: 0.0000, FD: 0.0560, Var: 0.0000, Ctx: 2, Train: 99.96%, Valid: 97.52%, Test In: 97.48% Test OOD1: 87.46% 
Epoch: 403, Loss: 0.1276, Cls: 0.0564, Ind: 0.0001, Med: 0.0141, Spu: 0.0000, FD: 0.0569, Var: 0.0000, Ctx: 2, Train: 99.97%, Valid: 97.41%, Test In: 97.55% Test OOD1: 90.24% 
Epoch: 404, Loss: 0.1127, Cls: 0.0498, Ind: 0.0001, Med: 0.0125, Spu: 0.0000, FD: 0.0503, Var: 0.0000, Ctx: 2, Train: 99.95%, Valid: 97.23%, Test In: 97.36% Test OOD1: 91.75% 
Epoch: 405, Loss: 0.1197, Cls: 0.0529, Ind: 0.0001, Med: 0.0133, Spu: 0.0000, FD: 0.0534, Var: 0.0000, Ctx: 2, Train: 99.96%, Valid: 97.52%, Test In: 97.44% Test OOD1: 88.03% 
Epoch: 406, Loss: 0.1267, Cls: 0.0560, Ind: 0.0001, Med: 0.0140, Spu: 0.0000, FD: 0.0567, Var: 0.0000, Ctx: 2, Train: 99.97%, Valid: 97.48%, Test In: 97.52% Test OOD1: 90.95% 
Epoch: 407, Loss: 0.1163, Cls: 0.0513, Ind: 0.0001, Med: 0.0128, Spu: 0.0000, FD: 0.0521, Var: 0.0000, Ctx: 2, Train: 99.94%, Valid: 97.42%, Test In: 97.41% Test OOD1: 91.95% 
Epoch: 408, Loss: 0.1264, Cls: 0.0558, Ind: 0.0001, Med: 0.0139, Spu: 0.0000, FD: 0.0567, Var: 0.0000, Ctx: 2, Train: 99.98%, Valid: 97.56%, Test In: 97.46% Test OOD1: 88.47% 
Epoch: 409, Loss: 0.1167, Cls: 0.0514, Ind: 0.0001, Med: 0.0128, Spu: 0.0000, FD: 0.0524, Var: 0.0000, Ctx: 2, Train: 99.98%, Valid: 97.44%, Test In: 97.61% Test OOD1: 90.05% 
Epoch: 410, Loss: 0.1196, Cls: 0.0527, Ind: 0.0001, Med: 0.0132, Spu: 0.0000, FD: 0.0536, Var: 0.0000, Ctx: 2, Train: 99.94%, Valid: 97.23%, Test In: 97.26% Test OOD1: 92.22% 
Epoch: 411, Loss: 0.1323, Cls: 0.0584, Ind: 0.0001, Med: 0.0146, Spu: 0.0000, FD: 0.0592, Var: 0.0000, Ctx: 2, Train: 99.97%, Valid: 97.59%, Test In: 97.67% Test OOD1: 88.40% 
Epoch: 412, Loss: 0.1154, Cls: 0.0509, Ind: 0.0001, Med: 0.0127, Spu: 0.0000, FD: 0.0516, Var: 0.0000, Ctx: 2, Train: 99.95%, Valid: 97.45%, Test In: 97.59% Test OOD1: 88.01% 
Epoch: 413, Loss: 0.1257, Cls: 0.0555, Ind: 0.0001, Med: 0.0139, Spu: 0.0000, FD: 0.0562, Var: 0.0000, Ctx: 2, Train: 99.95%, Valid: 97.15%, Test In: 97.26% Test OOD1: 91.95% 
Epoch: 414, Loss: 0.1236, Cls: 0.0547, Ind: 0.0001, Med: 0.0137, Spu: 0.0000, FD: 0.0550, Var: 0.0000, Ctx: 2, Train: 99.97%, Valid: 97.53%, Test In: 97.56% Test OOD1: 89.91% 
Epoch: 415, Loss: 0.1100, Cls: 0.0485, Ind: 0.0001, Med: 0.0121, Spu: 0.0000, FD: 0.0492, Var: 0.0000, Ctx: 2, Train: 99.97%, Valid: 97.50%, Test In: 97.50% Test OOD1: 87.56% 
Epoch: 416, Loss: 0.1279, Cls: 0.0565, Ind: 0.0001, Med: 0.0141, Spu: 0.0000, FD: 0.0572, Var: 0.0000, Ctx: 2, Train: 99.95%, Valid: 97.50%, Test In: 97.40% Test OOD1: 91.25% 
Epoch: 417, Loss: 0.1254, Cls: 0.0555, Ind: 0.0001, Med: 0.0139, Spu: 0.0000, FD: 0.0560, Var: 0.0000, Ctx: 2, Train: 99.95%, Valid: 97.49%, Test In: 97.50% Test OOD1: 91.14% 
Epoch: 418, Loss: 0.1230, Cls: 0.0543, Ind: 0.0001, Med: 0.0136, Spu: 0.0000, FD: 0.0550, Var: 0.0000, Ctx: 2, Train: 99.96%, Valid: 97.53%, Test In: 97.63% Test OOD1: 88.13% 
Epoch: 419, Loss: 0.1337, Cls: 0.0590, Ind: 0.0001, Med: 0.0147, Spu: 0.0000, FD: 0.0598, Var: 0.0000, Ctx: 2, Train: 99.98%, Valid: 97.69%, Test In: 97.65% Test OOD1: 89.98% 
Epoch: 420, Loss: 0.1133, Cls: 0.0499, Ind: 0.0001, Med: 0.0125, Spu: 0.0000, FD: 0.0508, Var: 0.0000, Ctx: 2, Train: 99.96%, Valid: 97.48%, Test In: 97.50% Test OOD1: 91.29% 
Epoch: 421, Loss: 0.1207, Cls: 0.0534, Ind: 0.0001, Med: 0.0134, Spu: 0.0000, FD: 0.0538, Var: 0.0000, Ctx: 2, Train: 99.97%, Valid: 97.56%, Test In: 97.64% Test OOD1: 88.35% 
Epoch: 422, Loss: 0.1259, Cls: 0.0557, Ind: 0.0001, Med: 0.0140, Spu: 0.0000, FD: 0.0562, Var: 0.0000, Ctx: 2, Train: 99.98%, Valid: 97.67%, Test In: 97.69% Test OOD1: 89.83% 
Epoch: 423, Loss: 0.1160, Cls: 0.0513, Ind: 0.0001, Med: 0.0128, Spu: 0.0000, FD: 0.0518, Var: 0.0000, Ctx: 2, Train: 99.98%, Valid: 97.44%, Test In: 97.44% Test OOD1: 90.88% 
Epoch: 424, Loss: 0.1270, Cls: 0.0560, Ind: 0.0001, Med: 0.0140, Spu: 0.0000, FD: 0.0569, Var: 0.0000, Ctx: 2, Train: 99.98%, Valid: 97.55%, Test In: 97.67% Test OOD1: 90.37% 
Epoch: 425, Loss: 0.1107, Cls: 0.0488, Ind: 0.0001, Med: 0.0122, Spu: 0.0000, FD: 0.0496, Var: 0.0000, Ctx: 2, Train: 99.97%, Valid: 97.55%, Test In: 97.59% Test OOD1: 89.98% 
Epoch: 426, Loss: 0.1213, Cls: 0.0537, Ind: 0.0001, Med: 0.0135, Spu: 0.0000, FD: 0.0541, Var: 0.0000, Ctx: 2, Train: 99.96%, Valid: 97.48%, Test In: 97.48% Test OOD1: 91.54% 
Epoch: 427, Loss: 0.1132, Cls: 0.0500, Ind: 0.0001, Med: 0.0125, Spu: 0.0000, FD: 0.0507, Var: 0.0000, Ctx: 2, Train: 99.96%, Valid: 97.50%, Test In: 97.54% Test OOD1: 91.24% 
Epoch: 428, Loss: 0.1144, Cls: 0.0504, Ind: 0.0001, Med: 0.0126, Spu: 0.0000, FD: 0.0514, Var: 0.0000, Ctx: 2, Train: 99.96%, Valid: 97.55%, Test In: 97.52% Test OOD1: 89.36% 
Epoch: 429, Loss: 0.1205, Cls: 0.0533, Ind: 0.0001, Med: 0.0134, Spu: 0.0000, FD: 0.0538, Var: 0.0000, Ctx: 2, Train: 99.97%, Valid: 97.55%, Test In: 97.58% Test OOD1: 90.51% 
Epoch: 430, Loss: 0.1168, Cls: 0.0516, Ind: 0.0001, Med: 0.0129, Spu: 0.0000, FD: 0.0522, Var: 0.0000, Ctx: 2, Train: 99.96%, Valid: 97.49%, Test In: 97.51% Test OOD1: 91.16% 
Epoch: 431, Loss: 0.1183, Cls: 0.0524, Ind: 0.0001, Med: 0.0131, Spu: 0.0000, FD: 0.0527, Var: 0.0000, Ctx: 2, Train: 99.96%, Valid: 97.57%, Test In: 97.63% Test OOD1: 90.04% 
Epoch: 432, Loss: 0.1130, Cls: 0.0499, Ind: 0.0001, Med: 0.0125, Spu: 0.0000, FD: 0.0505, Var: 0.0000, Ctx: 2, Train: 99.97%, Valid: 97.61%, Test In: 97.67% Test OOD1: 89.65% 
Epoch: 433, Loss: 0.1161, Cls: 0.0514, Ind: 0.0001, Med: 0.0129, Spu: 0.0000, FD: 0.0518, Var: 0.0000, Ctx: 2, Train: 99.96%, Valid: 97.44%, Test In: 97.45% Test OOD1: 91.50% 
Epoch: 434, Loss: 0.1140, Cls: 0.0504, Ind: 0.0001, Med: 0.0126, Spu: 0.0000, FD: 0.0509, Var: 0.0000, Ctx: 2, Train: 99.98%, Valid: 97.65%, Test In: 97.59% Test OOD1: 89.95% 
Epoch: 435, Loss: 0.1204, Cls: 0.0530, Ind: 0.0001, Med: 0.0132, Spu: 0.0000, FD: 0.0541, Var: 0.0000, Ctx: 2, Train: 99.98%, Valid: 97.56%, Test In: 97.61% Test OOD1: 90.80% 
Epoch: 436, Loss: 0.1099, Cls: 0.0486, Ind: 0.0001, Med: 0.0122, Spu: 0.0000, FD: 0.0491, Var: 0.0000, Ctx: 2, Train: 99.97%, Valid: 97.49%, Test In: 97.55% Test OOD1: 91.54% 
Epoch: 437, Loss: 0.1127, Cls: 0.0498, Ind: 0.0001, Med: 0.0125, Spu: 0.0000, FD: 0.0504, Var: 0.0000, Ctx: 2, Train: 99.98%, Valid: 97.53%, Test In: 97.68% Test OOD1: 90.48% 
Epoch: 438, Loss: 0.1060, Cls: 0.0467, Ind: 0.0001, Med: 0.0117, Spu: 0.0000, FD: 0.0476, Var: 0.0000, Ctx: 2, Train: 99.98%, Valid: 97.57%, Test In: 97.62% Test OOD1: 90.87% 
Epoch: 439, Loss: 0.1037, Cls: 0.0458, Ind: 0.0001, Med: 0.0114, Spu: 0.0000, FD: 0.0464, Var: 0.0000, Ctx: 2, Train: 99.98%, Valid: 97.54%, Test In: 97.66% Test OOD1: 90.53% 
Epoch: 440, Loss: 0.1108, Cls: 0.0490, Ind: 0.0001, Med: 0.0123, Spu: 0.0000, FD: 0.0494, Var: 0.0000, Ctx: 2, Train: 99.99%, Valid: 97.64%, Test In: 97.61% Test OOD1: 89.90% 
Epoch: 441, Loss: 0.1053, Cls: 0.0464, Ind: 0.0001, Med: 0.0116, Spu: 0.0000, FD: 0.0472, Var: 0.0000, Ctx: 2, Train: 99.98%, Valid: 97.55%, Test In: 97.53% Test OOD1: 90.99% 
Epoch: 442, Loss: 0.1138, Cls: 0.0504, Ind: 0.0001, Med: 0.0126, Spu: 0.0000, FD: 0.0507, Var: 0.0000, Ctx: 2, Train: 99.98%, Valid: 97.61%, Test In: 97.58% Test OOD1: 89.34% 
Epoch: 443, Loss: 0.1048, Cls: 0.0464, Ind: 0.0001, Med: 0.0116, Spu: 0.0000, FD: 0.0468, Var: 0.0000, Ctx: 2, Train: 99.98%, Valid: 97.59%, Test In: 97.52% Test OOD1: 89.96% 
Epoch: 444, Loss: 0.1084, Cls: 0.0480, Ind: 0.0001, Med: 0.0121, Spu: 0.0000, FD: 0.0482, Var: 0.0000, Ctx: 2, Train: 99.97%, Valid: 97.54%, Test In: 97.48% Test OOD1: 90.53% 
Epoch: 445, Loss: 0.1163, Cls: 0.0513, Ind: 0.0001, Med: 0.0128, Spu: 0.0000, FD: 0.0521, Var: 0.0000, Ctx: 2, Train: 99.97%, Valid: 97.63%, Test In: 97.57% Test OOD1: 90.03% 
Epoch: 446, Loss: 0.1106, Cls: 0.0488, Ind: 0.0001, Med: 0.0122, Spu: 0.0000, FD: 0.0495, Var: 0.0000, Ctx: 2, Train: 99.98%, Valid: 97.63%, Test In: 97.61% Test OOD1: 90.00% 
Epoch: 447, Loss: 0.1028, Cls: 0.0454, Ind: 0.0001, Med: 0.0113, Spu: 0.0000, FD: 0.0460, Var: 0.0000, Ctx: 2, Train: 99.98%, Valid: 97.63%, Test In: 97.65% Test OOD1: 89.78% 
Epoch: 448, Loss: 0.1080, Cls: 0.0477, Ind: 0.0001, Med: 0.0119, Spu: 0.0000, FD: 0.0483, Var: 0.0000, Ctx: 2, Train: 99.97%, Valid: 97.63%, Test In: 97.63% Test OOD1: 90.74% 
Epoch: 449, Loss: 0.1130, Cls: 0.0500, Ind: 0.0001, Med: 0.0125, Spu: 0.0000, FD: 0.0504, Var: 0.0000, Ctx: 2, Train: 99.98%, Valid: 97.73%, Test In: 97.68% Test OOD1: 90.01% 
Epoch: 450, Loss: 0.1113, Cls: 0.0491, Ind: 0.0001, Med: 0.0123, Spu: 0.0000, FD: 0.0499, Var: 0.0000, Ctx: 2, Train: 99.97%, Valid: 97.66%, Test In: 97.59% Test OOD1: 90.64% 
Epoch: 451, Loss: 0.1126, Cls: 0.0497, Ind: 0.0001, Med: 0.0124, Spu: 0.0000, FD: 0.0503, Var: 0.0000, Ctx: 2, Train: 99.96%, Valid: 97.55%, Test In: 97.46% Test OOD1: 91.66% 
Epoch: 452, Loss: 0.1172, Cls: 0.0518, Ind: 0.0001, Med: 0.0130, Spu: 0.0000, FD: 0.0524, Var: 0.0000, Ctx: 2, Train: 99.98%, Valid: 97.65%, Test In: 97.60% Test OOD1: 90.46% 
Epoch: 453, Loss: 0.1031, Cls: 0.0454, Ind: 0.0001, Med: 0.0113, Spu: 0.0000, FD: 0.0463, Var: 0.0000, Ctx: 2, Train: 99.99%, Valid: 97.67%, Test In: 97.53% Test OOD1: 90.45% 
Epoch: 454, Loss: 0.1125, Cls: 0.0497, Ind: 0.0001, Med: 0.0124, Spu: 0.0000, FD: 0.0503, Var: 0.0000, Ctx: 2, Train: 99.98%, Valid: 97.52%, Test In: 97.53% Test OOD1: 90.86% 
Epoch: 455, Loss: 0.1093, Cls: 0.0483, Ind: 0.0001, Med: 0.0121, Spu: 0.0000, FD: 0.0489, Var: 0.0000, Ctx: 2, Train: 99.98%, Valid: 97.59%, Test In: 97.50% Test OOD1: 90.73% 
Epoch: 456, Loss: 0.1084, Cls: 0.0479, Ind: 0.0001, Med: 0.0120, Spu: 0.0000, FD: 0.0485, Var: 0.0000, Ctx: 2, Train: 99.98%, Valid: 97.67%, Test In: 97.59% Test OOD1: 89.97% 
Epoch: 457, Loss: 0.1083, Cls: 0.0479, Ind: 0.0001, Med: 0.0120, Spu: 0.0000, FD: 0.0483, Var: 0.0000, Ctx: 2, Train: 99.98%, Valid: 97.65%, Test In: 97.65% Test OOD1: 90.50% 
Epoch: 458, Loss: 0.1107, Cls: 0.0489, Ind: 0.0001, Med: 0.0123, Spu: 0.0000, FD: 0.0494, Var: 0.0000, Ctx: 2, Train: 99.96%, Valid: 97.51%, Test In: 97.56% Test OOD1: 91.60% 
Epoch: 459, Loss: 0.1194, Cls: 0.0528, Ind: 0.0001, Med: 0.0132, Spu: 0.0000, FD: 0.0534, Var: 0.0000, Ctx: 2, Train: 99.98%, Valid: 97.69%, Test In: 97.71% Test OOD1: 90.39% 
Epoch: 460, Loss: 0.1122, Cls: 0.0494, Ind: 0.0001, Med: 0.0123, Spu: 0.0000, FD: 0.0504, Var: 0.0000, Ctx: 2, Train: 99.99%, Valid: 97.73%, Test In: 97.67% Test OOD1: 90.75% 
Epoch: 461, Loss: 0.1123, Cls: 0.0495, Ind: 0.0001, Med: 0.0124, Spu: 0.0000, FD: 0.0504, Var: 0.0000, Ctx: 2, Train: 99.98%, Valid: 97.56%, Test In: 97.67% Test OOD1: 91.32% 
Epoch: 462, Loss: 0.1144, Cls: 0.0506, Ind: 0.0001, Med: 0.0127, Spu: 0.0000, FD: 0.0511, Var: 0.0000, Ctx: 2, Train: 99.98%, Valid: 97.65%, Test In: 97.74% Test OOD1: 90.00% 
Epoch: 463, Loss: 0.1121, Cls: 0.0496, Ind: 0.0001, Med: 0.0124, Spu: 0.0000, FD: 0.0500, Var: 0.0000, Ctx: 2, Train: 99.99%, Valid: 97.71%, Test In: 97.67% Test OOD1: 90.29% 
Epoch: 464, Loss: 0.1139, Cls: 0.0502, Ind: 0.0001, Med: 0.0126, Spu: 0.0000, FD: 0.0510, Var: 0.0000, Ctx: 2, Train: 99.98%, Valid: 97.59%, Test In: 97.53% Test OOD1: 91.90% 
Epoch: 465, Loss: 0.1065, Cls: 0.0471, Ind: 0.0001, Med: 0.0118, Spu: 0.0000, FD: 0.0476, Var: 0.0000, Ctx: 2, Train: 99.98%, Valid: 97.62%, Test In: 97.65% Test OOD1: 90.01% 
Epoch: 466, Loss: 0.1095, Cls: 0.0483, Ind: 0.0001, Med: 0.0121, Spu: 0.0000, FD: 0.0491, Var: 0.0000, Ctx: 2, Train: 99.98%, Valid: 97.66%, Test In: 97.64% Test OOD1: 90.42% 
Epoch: 467, Loss: 0.1113, Cls: 0.0492, Ind: 0.0001, Med: 0.0123, Spu: 0.0000, FD: 0.0498, Var: 0.0000, Ctx: 2, Train: 99.98%, Valid: 97.63%, Test In: 97.61% Test OOD1: 91.43% 
Epoch: 468, Loss: 0.1113, Cls: 0.0492, Ind: 0.0001, Med: 0.0124, Spu: 0.0000, FD: 0.0496, Var: 0.0000, Ctx: 2, Train: 99.97%, Valid: 97.65%, Test In: 97.62% Test OOD1: 89.58% 
Epoch: 469, Loss: 0.1144, Cls: 0.0504, Ind: 0.0001, Med: 0.0126, Spu: 0.0000, FD: 0.0513, Var: 0.0000, Ctx: 2, Train: 99.99%, Valid: 97.72%, Test In: 97.72% Test OOD1: 90.40% 
Epoch: 470, Loss: 0.1061, Cls: 0.0468, Ind: 0.0001, Med: 0.0117, Spu: 0.0000, FD: 0.0476, Var: 0.0000, Ctx: 2, Train: 99.99%, Valid: 97.77%, Test In: 97.73% Test OOD1: 91.25% 
Epoch: 471, Loss: 0.1069, Cls: 0.0473, Ind: 0.0001, Med: 0.0118, Spu: 0.0000, FD: 0.0477, Var: 0.0000, Ctx: 2, Train: 99.99%, Valid: 97.71%, Test In: 97.78% Test OOD1: 90.50% 
Epoch: 472, Loss: 0.1093, Cls: 0.0483, Ind: 0.0001, Med: 0.0121, Spu: 0.0000, FD: 0.0489, Var: 0.0000, Ctx: 2, Train: 99.99%, Valid: 97.63%, Test In: 97.72% Test OOD1: 90.75% 
Epoch: 473, Loss: 0.1047, Cls: 0.0463, Ind: 0.0001, Med: 0.0116, Spu: 0.0000, FD: 0.0467, Var: 0.0000, Ctx: 2, Train: 99.99%, Valid: 97.61%, Test In: 97.67% Test OOD1: 90.51% 
Epoch: 474, Loss: 0.1067, Cls: 0.0472, Ind: 0.0001, Med: 0.0119, Spu: 0.0000, FD: 0.0476, Var: 0.0000, Ctx: 2, Train: 99.99%, Valid: 97.56%, Test In: 97.69% Test OOD1: 90.04% 
Epoch: 475, Loss: 0.0991, Cls: 0.0437, Ind: 0.0001, Med: 0.0109, Spu: 0.0000, FD: 0.0444, Var: 0.0000, Ctx: 2, Train: 99.98%, Valid: 97.51%, Test In: 97.64% Test OOD1: 89.76% 
Epoch: 476, Loss: 0.1102, Cls: 0.0487, Ind: 0.0001, Med: 0.0122, Spu: 0.0000, FD: 0.0493, Var: 0.0000, Ctx: 2, Train: 99.97%, Valid: 97.55%, Test In: 97.64% Test OOD1: 91.48% 
Epoch: 477, Loss: 0.1092, Cls: 0.0484, Ind: 0.0001, Med: 0.0122, Spu: 0.0000, FD: 0.0485, Var: 0.0000, Ctx: 2, Train: 99.99%, Valid: 97.56%, Test In: 97.70% Test OOD1: 90.63% 
Epoch: 478, Loss: 0.1056, Cls: 0.0467, Ind: 0.0001, Med: 0.0117, Spu: 0.0000, FD: 0.0470, Var: 0.0000, Ctx: 2, Train: 99.98%, Valid: 97.58%, Test In: 97.73% Test OOD1: 90.98% 
Epoch: 479, Loss: 0.1113, Cls: 0.0492, Ind: 0.0001, Med: 0.0123, Spu: 0.0000, FD: 0.0497, Var: 0.0000, Ctx: 2, Train: 99.97%, Valid: 97.48%, Test In: 97.63% Test OOD1: 92.60% 
Epoch: 480, Loss: 0.1150, Cls: 0.0507, Ind: 0.0001, Med: 0.0127, Spu: 0.0000, FD: 0.0515, Var: 0.0000, Ctx: 2, Train: 99.99%, Valid: 97.61%, Test In: 97.78% Test OOD1: 90.97% 
Epoch: 481, Loss: 0.1065, Cls: 0.0469, Ind: 0.0001, Med: 0.0117, Spu: 0.0000, FD: 0.0478, Var: 0.0000, Ctx: 2, Train: 99.99%, Valid: 97.65%, Test In: 97.72% Test OOD1: 91.12% 
Epoch: 482, Loss: 0.1113, Cls: 0.0492, Ind: 0.0001, Med: 0.0123, Spu: 0.0000, FD: 0.0497, Var: 0.0000, Ctx: 2, Train: 99.98%, Valid: 97.65%, Test In: 97.66% Test OOD1: 91.50% 
Epoch: 483, Loss: 0.1095, Cls: 0.0483, Ind: 0.0001, Med: 0.0121, Spu: 0.0000, FD: 0.0490, Var: 0.0000, Ctx: 2, Train: 99.98%, Valid: 97.59%, Test In: 97.68% Test OOD1: 89.81% 
Epoch: 484, Loss: 0.1091, Cls: 0.0481, Ind: 0.0001, Med: 0.0120, Spu: 0.0000, FD: 0.0489, Var: 0.0000, Ctx: 2, Train: 99.97%, Valid: 97.53%, Test In: 97.67% Test OOD1: 91.11% 
Epoch: 485, Loss: 0.1085, Cls: 0.0480, Ind: 0.0001, Med: 0.0120, Spu: 0.0000, FD: 0.0484, Var: 0.0000, Ctx: 2, Train: 99.98%, Valid: 97.53%, Test In: 97.67% Test OOD1: 90.90% 
Epoch: 486, Loss: 0.1050, Cls: 0.0463, Ind: 0.0001, Med: 0.0116, Spu: 0.0000, FD: 0.0470, Var: 0.0000, Ctx: 2, Train: 99.99%, Valid: 97.56%, Test In: 97.70% Test OOD1: 90.48% 
Epoch: 487, Loss: 0.1086, Cls: 0.0479, Ind: 0.0001, Med: 0.0120, Spu: 0.0000, FD: 0.0486, Var: 0.0000, Ctx: 2, Train: 99.99%, Valid: 97.53%, Test In: 97.71% Test OOD1: 90.98% 
Epoch: 488, Loss: 0.1076, Cls: 0.0476, Ind: 0.0001, Med: 0.0119, Spu: 0.0000, FD: 0.0481, Var: 0.0000, Ctx: 2, Train: 99.99%, Valid: 97.56%, Test In: 97.75% Test OOD1: 90.97% 
Epoch: 489, Loss: 0.1116, Cls: 0.0493, Ind: 0.0001, Med: 0.0124, Spu: 0.0000, FD: 0.0499, Var: 0.0000, Ctx: 2, Train: 99.99%, Valid: 97.66%, Test In: 97.73% Test OOD1: 91.06% 
Epoch: 490, Loss: 0.1047, Cls: 0.0463, Ind: 0.0001, Med: 0.0116, Spu: 0.0000, FD: 0.0466, Var: 0.0000, Ctx: 2, Train: 99.99%, Valid: 97.64%, Test In: 97.77% Test OOD1: 90.84% 
Epoch: 491, Loss: 0.1020, Cls: 0.0451, Ind: 0.0001, Med: 0.0113, Spu: 0.0000, FD: 0.0455, Var: 0.0000, Ctx: 2, Train: 99.98%, Valid: 97.52%, Test In: 97.72% Test OOD1: 91.70% 
Epoch: 492, Loss: 0.1064, Cls: 0.0470, Ind: 0.0001, Med: 0.0117, Spu: 0.0000, FD: 0.0476, Var: 0.0000, Ctx: 2, Train: 99.99%, Valid: 97.63%, Test In: 97.75% Test OOD1: 91.13% 
Epoch: 493, Loss: 0.1098, Cls: 0.0485, Ind: 0.0001, Med: 0.0121, Spu: 0.0000, FD: 0.0491, Var: 0.0000, Ctx: 2, Train: 99.99%, Valid: 97.56%, Test In: 97.61% Test OOD1: 91.31% 
Epoch: 494, Loss: 0.1073, Cls: 0.0473, Ind: 0.0001, Med: 0.0118, Spu: 0.0000, FD: 0.0481, Var: 0.0000, Ctx: 2, Train: 99.98%, Valid: 97.47%, Test In: 97.61% Test OOD1: 90.25% 
Epoch: 495, Loss: 0.1112, Cls: 0.0491, Ind: 0.0001, Med: 0.0123, Spu: 0.0000, FD: 0.0498, Var: 0.0000, Ctx: 2, Train: 99.96%, Valid: 97.41%, Test In: 97.46% Test OOD1: 92.08% 
Epoch: 496, Loss: 0.1104, Cls: 0.0488, Ind: 0.0001, Med: 0.0122, Spu: 0.0000, FD: 0.0493, Var: 0.0000, Ctx: 2, Train: 99.99%, Valid: 97.58%, Test In: 97.70% Test OOD1: 90.27% 
Epoch: 497, Loss: 0.1071, Cls: 0.0473, Ind: 0.0001, Med: 0.0118, Spu: 0.0000, FD: 0.0479, Var: 0.0000, Ctx: 2, Train: 99.98%, Valid: 97.63%, Test In: 97.76% Test OOD1: 90.57% 
Epoch: 498, Loss: 0.0974, Cls: 0.0430, Ind: 0.0001, Med: 0.0108, Spu: 0.0000, FD: 0.0436, Var: 0.0000, Ctx: 2, Train: 99.97%, Valid: 97.57%, Test In: 97.72% Test OOD1: 91.79% 
Epoch: 499, Loss: 0.1041, Cls: 0.0459, Ind: 0.0001, Med: 0.0115, Spu: 0.0000, FD: 0.0467, Var: 0.0000, Ctx: 2, Train: 99.99%, Valid: 97.68%, Test In: 97.84% Test OOD1: 89.84% 
Run 02:
Highest Train: 99.99
Highest Valid: 97.77
Highest In Test: 97.84
Highest OOD Test: 93.25
Chosen epoch: 471
Final Train: 99.99
Final In Test: 97.73
Final OOD Test: 91.25
All runs:
Highest Train: 99.99 ± 0.00
Highest Valid: 97.66 ± 0.15
Highest In Test: 97.67 ± 0.24
Highest OOD Test: 92.92 ± 0.47
  Final Train: 99.98 ± 0.00
   Final In  Test: 97.53 ± 0.28
   Final OOD Test: 89.97 ± 1.81
[INFO] TensorBoard writer closed.

Command: python main_frontdoor.py --dataset pubmed --backbone_type gcn --store_result --epochs 500 --runs 2 --num_layers 2 --device 1 --combine_result --lr 0.005 --weight_decay 5e-05 --dropout 0.2 --hidden_channels 64 --K 2 --lambda_fd 1.0 --lambda_spu 0.05 --lambda_ind 0.05 --context_gate_temp 1.0 --fd_blend 0.3 --lambda_med 0.25 --result_name pubmed_gcn_frontdoor_stage2_lr0.005_weight_decay5e-05_dropout0.2_hidden_channels64_K2_lambda_fd1.0_lambda_spu0.05_lambda_ind0.05_context_gate_temp1.0_fd_blend0.3_lambda_med0.25
Return code: 0
Elapsed: 98.15s
