Namespace(K=2, backbone_type='gcn', causal_strength_ema=0.95, causal_strength_min=0.1, combine_result=True, context_gate_temp=0.5, cpu=False, data_dir='./data/', dataset='pubmed', device=1, display_step=1, dropout=0.2, env_type='node', epochs=500, expert_agg='mean', fd_blend=0.3, gamma=0.99, gate_hidden=64, hidden_channels=64, infer_env=False, infer_env_components=64, infer_env_iters=30, infer_env_num=3, lambda_fd=1.0, lambda_ind=0.1, lambda_med=0.5, lambda_spu=0.05, lambda_var=0.05, lamda=1.0, lr=0.005, num_layers=2, other_env_reduce='sample', pos_weight=5.0, result_name='pubmed_gcn_frontdoor_stage2_lr0.005_weight_decay5e-05_dropout0.2_hidden_channels64_K2_lambda_fd1.0_lambda_spu0.05_lambda_ind0.1_context_gate_temp0.5_fd_blend0.3_lambda_med0.5', runs=2, seed=123, store_result=True, tau=1, use_bn=False, use_causal_strength_ind=True, variant=False, weight_decay=5e-05)
using existing synthetic data...
dataset pubmed: all nodes 118302 | edges 531888 | classes 3 | feats 510
train nodes 29575 | valid nodes 14788 | test in nodes 14788
test ood1 nodes 59151 
[INFO] env numbers: 6 train env numbers: 3
MODEL: GraphFrontDoor(
  (act_fn): ReLU()
  (input_proj): Linear(in_features=510, out_features=64, bias=True)
  (backbone_layers): ModuleList(
    (0): FrontDoorBackboneLayer()
    (1): FrontDoorBackboneLayer()
  )
  (causal_adapter): Linear(in_features=64, out_features=64, bias=True)
  (spurious_adapter): Linear(in_features=64, out_features=64, bias=True)
  (causal_norm): LayerNorm((64,), eps=1e-05, elementwise_affine=True)
  (spurious_norm): LayerNorm((64,), eps=1e-05, elementwise_affine=True)
  (classifier): Linear(in_features=64, out_features=3, bias=True)
  (spurious_classifier): Linear(in_features=64, out_features=3, bias=True)
  (fd_classifier): Linear(in_features=64, out_features=3, bias=True)
  (query_proj): Linear(in_features=64, out_features=64, bias=True)
  (key_proj): Linear(in_features=64, out_features=64, bias=True)
  (value_proj): Linear(in_features=64, out_features=64, bias=True)
  (aug_norm): LayerNorm((64,), eps=1e-05, elementwise_affine=True)
)
[INFO] TensorBoard logging activated. Logs will be saved to: ./runs/pubmed/frontdoor/pubmed_gcn_frontdoor_stage2_lr0.005_weight_decay5e-05_dropout0.2_hidden_channels64_K2_lambda_fd1.0_lambda_spu0.05_lambda_ind0.1_context_gate_temp0.5_fd_blend0.3_lambda_med0.5
[INFO] Independence loss: causal-strength masked | strength EMA: 0.95 | min weight: 0.1
Epoch: 00, Loss: 3.0805, Cls: 1.1940, Ind: 0.0227, Med: 0.6034, Spu: 0.0057, FD: 1.2546, Var: 0.0001, CStr: 0.502, Ctx: 2, Train: 39.32%, Valid: 39.07%, Test In: 39.32% Test OOD1: 39.26% 
Epoch: 01, Loss: 2.7359, Cls: 1.0514, Ind: 0.0263, Med: 0.5237, Spu: 0.0045, FD: 1.1298, Var: 0.0001, CStr: 0.504, Ctx: 2, Train: 68.07%, Valid: 67.47%, Test In: 68.15% Test OOD1: 51.40% 
Epoch: 02, Loss: 2.5060, Cls: 0.9604, Ind: 0.0263, Med: 0.4793, Spu: 0.0044, FD: 1.0356, Var: 0.0001, CStr: 0.506, Ctx: 2, Train: 71.68%, Valid: 71.38%, Test In: 72.23% Test OOD1: 61.41% 
Epoch: 03, Loss: 2.2412, Cls: 0.8561, Ind: 0.0343, Med: 0.4270, Spu: 0.0029, FD: 0.9209, Var: 0.0001, CStr: 0.507, Ctx: 2, Train: 72.67%, Valid: 72.48%, Test In: 73.34% Test OOD1: 60.54% 
Epoch: 04, Loss: 1.9560, Cls: 0.7447, Ind: 0.0514, Med: 0.3731, Spu: 0.0021, FD: 0.7847, Var: 0.0001, CStr: 0.509, Ctx: 2, Train: 82.30%, Valid: 82.14%, Test In: 82.65% Test OOD1: 62.16% 
Epoch: 05, Loss: 1.7305, Cls: 0.6536, Ind: 0.0655, Med: 0.3291, Spu: 0.0020, FD: 0.6802, Var: 0.0001, CStr: 0.510, Ctx: 2, Train: 86.74%, Valid: 86.56%, Test In: 86.86% Test OOD1: 63.03% 
Epoch: 06, Loss: 1.5351, Cls: 0.5722, Ind: 0.0686, Med: 0.2866, Spu: 0.0020, FD: 0.6055, Var: 0.0001, CStr: 0.511, Ctx: 2, Train: 87.42%, Valid: 87.37%, Test In: 87.56% Test OOD1: 63.51% 
Epoch: 07, Loss: 1.3666, Cls: 0.5027, Ind: 0.0684, Med: 0.2505, Spu: 0.0021, FD: 0.5428, Var: 0.0001, CStr: 0.510, Ctx: 2, Train: 88.17%, Valid: 87.94%, Test In: 88.19% Test OOD1: 63.43% 
Epoch: 08, Loss: 1.2267, Cls: 0.4475, Ind: 0.0647, Med: 0.2226, Spu: 0.0019, FD: 0.4899, Var: 0.0001, CStr: 0.510, Ctx: 2, Train: 88.86%, Valid: 88.48%, Test In: 88.78% Test OOD1: 63.21% 
Epoch: 09, Loss: 1.1329, Cls: 0.4122, Ind: 0.0611, Med: 0.2049, Spu: 0.0017, FD: 0.4528, Var: 0.0001, CStr: 0.510, Ctx: 2, Train: 89.39%, Valid: 89.18%, Test In: 89.42% Test OOD1: 63.45% 
Epoch: 10, Loss: 1.0702, Cls: 0.3906, Ind: 0.0573, Med: 0.1948, Spu: 0.0016, FD: 0.4259, Var: 0.0000, CStr: 0.510, Ctx: 2, Train: 89.82%, Valid: 89.53%, Test In: 89.84% Test OOD1: 63.77% 
Epoch: 11, Loss: 1.0016, Cls: 0.3653, Ind: 0.0594, Med: 0.1831, Spu: 0.0017, FD: 0.3921, Var: 0.0000, CStr: 0.509, Ctx: 2, Train: 90.06%, Valid: 89.68%, Test In: 89.86% Test OOD1: 64.02% 
Epoch: 12, Loss: 0.9756, Cls: 0.3580, Ind: 0.0608, Med: 0.1812, Spu: 0.0017, FD: 0.3739, Var: 0.0000, CStr: 0.508, Ctx: 2, Train: 90.15%, Valid: 89.69%, Test In: 90.04% Test OOD1: 63.63% 
Epoch: 13, Loss: 0.9520, Cls: 0.3519, Ind: 0.0559, Med: 0.1782, Spu: 0.0016, FD: 0.3644, Var: 0.0000, CStr: 0.508, Ctx: 2, Train: 90.13%, Valid: 89.72%, Test In: 89.86% Test OOD1: 63.38% 
Epoch: 14, Loss: 0.9387, Cls: 0.3517, Ind: 0.0484, Med: 0.1789, Spu: 0.0015, FD: 0.3582, Var: 0.0000, CStr: 0.507, Ctx: 2, Train: 90.17%, Valid: 89.79%, Test In: 90.05% Test OOD1: 65.02% 
Epoch: 15, Loss: 0.9047, Cls: 0.3418, Ind: 0.0412, Med: 0.1738, Spu: 0.0013, FD: 0.3465, Var: 0.0000, CStr: 0.507, Ctx: 2, Train: 90.26%, Valid: 89.91%, Test In: 90.24% Test OOD1: 67.05% 
Epoch: 16, Loss: 0.8734, Cls: 0.3321, Ind: 0.0343, Med: 0.1688, Spu: 0.0013, FD: 0.3368, Var: 0.0000, CStr: 0.506, Ctx: 2, Train: 90.38%, Valid: 90.05%, Test In: 90.40% Test OOD1: 68.24% 
Epoch: 17, Loss: 0.8546, Cls: 0.3267, Ind: 0.0286, Med: 0.1660, Spu: 0.0013, FD: 0.3319, Var: 0.0000, CStr: 0.506, Ctx: 2, Train: 90.43%, Valid: 90.03%, Test In: 90.42% Test OOD1: 68.66% 
Epoch: 18, Loss: 0.8518, Cls: 0.3274, Ind: 0.0231, Med: 0.1659, Spu: 0.0013, FD: 0.3340, Var: 0.0000, CStr: 0.505, Ctx: 2, Train: 90.57%, Valid: 90.13%, Test In: 90.54% Test OOD1: 68.37% 
Epoch: 19, Loss: 0.8376, Cls: 0.3236, Ind: 0.0188, Med: 0.1637, Spu: 0.0012, FD: 0.3303, Var: 0.0000, CStr: 0.505, Ctx: 2, Train: 90.74%, Valid: 90.22%, Test In: 90.57% Test OOD1: 67.75% 
Epoch: 20, Loss: 0.8280, Cls: 0.3216, Ind: 0.0165, Med: 0.1631, Spu: 0.0011, FD: 0.3256, Var: 0.0000, CStr: 0.504, Ctx: 2, Train: 90.98%, Valid: 90.36%, Test In: 90.74% Test OOD1: 67.62% 
Epoch: 21, Loss: 0.8056, Cls: 0.3132, Ind: 0.0152, Med: 0.1588, Spu: 0.0010, FD: 0.3173, Var: 0.0000, CStr: 0.504, Ctx: 2, Train: 91.03%, Valid: 90.55%, Test In: 90.90% Test OOD1: 68.05% 
Epoch: 22, Loss: 0.7932, Cls: 0.3082, Ind: 0.0145, Med: 0.1561, Spu: 0.0010, FD: 0.3134, Var: 0.0000, CStr: 0.504, Ctx: 2, Train: 91.13%, Valid: 90.68%, Test In: 91.10% Test OOD1: 68.27% 
Epoch: 23, Loss: 0.7833, Cls: 0.3047, Ind: 0.0134, Med: 0.1543, Spu: 0.0010, FD: 0.3099, Var: 0.0000, CStr: 0.504, Ctx: 2, Train: 91.23%, Valid: 90.80%, Test In: 91.22% Test OOD1: 67.93% 
Epoch: 24, Loss: 0.7821, Cls: 0.3047, Ind: 0.0122, Med: 0.1542, Spu: 0.0009, FD: 0.3100, Var: 0.0000, CStr: 0.503, Ctx: 2, Train: 91.36%, Valid: 90.89%, Test In: 91.22% Test OOD1: 67.95% 
Epoch: 25, Loss: 0.7585, Cls: 0.2964, Ind: 0.0106, Med: 0.1502, Spu: 0.0009, FD: 0.3004, Var: 0.0000, CStr: 0.503, Ctx: 2, Train: 91.39%, Valid: 90.89%, Test In: 91.28% Test OOD1: 68.09% 
Epoch: 26, Loss: 0.7511, Cls: 0.2939, Ind: 0.0094, Med: 0.1487, Spu: 0.0008, FD: 0.2983, Var: 0.0000, CStr: 0.503, Ctx: 2, Train: 91.54%, Valid: 90.97%, Test In: 91.32% Test OOD1: 68.47% 
Epoch: 27, Loss: 0.7386, Cls: 0.2897, Ind: 0.0083, Med: 0.1464, Spu: 0.0007, FD: 0.2934, Var: 0.0000, CStr: 0.504, Ctx: 2, Train: 91.60%, Valid: 91.11%, Test In: 91.43% Test OOD1: 69.75% 
Epoch: 28, Loss: 0.7338, Cls: 0.2877, Ind: 0.0077, Med: 0.1451, Spu: 0.0007, FD: 0.2925, Var: 0.0000, CStr: 0.504, Ctx: 2, Train: 91.64%, Valid: 91.07%, Test In: 91.41% Test OOD1: 70.99% 
Epoch: 29, Loss: 0.7445, Cls: 0.2924, Ind: 0.0072, Med: 0.1474, Spu: 0.0007, FD: 0.2966, Var: 0.0000, CStr: 0.504, Ctx: 2, Train: 91.72%, Valid: 91.17%, Test In: 91.49% Test OOD1: 71.21% 
Epoch: 30, Loss: 0.7180, Cls: 0.2825, Ind: 0.0070, Med: 0.1428, Spu: 0.0007, FD: 0.2849, Var: 0.0000, CStr: 0.505, Ctx: 2, Train: 91.84%, Valid: 91.26%, Test In: 91.49% Test OOD1: 70.45% 
Epoch: 31, Loss: 0.7161, Cls: 0.2815, Ind: 0.0066, Med: 0.1420, Spu: 0.0006, FD: 0.2853, Var: 0.0000, CStr: 0.505, Ctx: 2, Train: 91.99%, Valid: 91.36%, Test In: 91.62% Test OOD1: 70.84% 
Epoch: 32, Loss: 0.7119, Cls: 0.2800, Ind: 0.0064, Med: 0.1415, Spu: 0.0006, FD: 0.2834, Var: 0.0000, CStr: 0.506, Ctx: 2, Train: 92.14%, Valid: 91.41%, Test In: 91.77% Test OOD1: 71.66% 
Epoch: 33, Loss: 0.6883, Cls: 0.2709, Ind: 0.0061, Med: 0.1370, Spu: 0.0006, FD: 0.2737, Var: 0.0000, CStr: 0.507, Ctx: 2, Train: 92.29%, Valid: 91.56%, Test In: 91.89% Test OOD1: 71.93% 
Epoch: 34, Loss: 0.6836, Cls: 0.2697, Ind: 0.0056, Med: 0.1366, Spu: 0.0006, FD: 0.2712, Var: 0.0000, CStr: 0.507, Ctx: 2, Train: 92.38%, Valid: 91.59%, Test In: 91.90% Test OOD1: 71.77% 
Epoch: 35, Loss: 0.6782, Cls: 0.2679, Ind: 0.0050, Med: 0.1357, Spu: 0.0005, FD: 0.2691, Var: 0.0000, CStr: 0.508, Ctx: 2, Train: 92.48%, Valid: 91.70%, Test In: 92.07% Test OOD1: 72.01% 
Epoch: 36, Loss: 0.6817, Cls: 0.2693, Ind: 0.0045, Med: 0.1360, Spu: 0.0005, FD: 0.2714, Var: 0.0000, CStr: 0.508, Ctx: 2, Train: 92.55%, Valid: 91.75%, Test In: 92.24% Test OOD1: 72.54% 
Epoch: 37, Loss: 0.6723, Cls: 0.2657, Ind: 0.0039, Med: 0.1341, Spu: 0.0005, FD: 0.2681, Var: 0.0000, CStr: 0.509, Ctx: 2, Train: 92.65%, Valid: 91.73%, Test In: 92.24% Test OOD1: 72.58% 
Epoch: 38, Loss: 0.6565, Cls: 0.2592, Ind: 0.0038, Med: 0.1306, Spu: 0.0004, FD: 0.2625, Var: 0.0000, CStr: 0.509, Ctx: 2, Train: 92.68%, Valid: 91.78%, Test In: 92.23% Test OOD1: 72.66% 
Epoch: 39, Loss: 0.6558, Cls: 0.2592, Ind: 0.0036, Med: 0.1307, Spu: 0.0004, FD: 0.2619, Var: 0.0000, CStr: 0.509, Ctx: 2, Train: 92.72%, Valid: 91.87%, Test In: 92.26% Test OOD1: 73.65% 
Epoch: 40, Loss: 0.6383, Cls: 0.2521, Ind: 0.0033, Med: 0.1269, Spu: 0.0004, FD: 0.2555, Var: 0.0000, CStr: 0.509, Ctx: 2, Train: 92.79%, Valid: 91.95%, Test In: 92.35% Test OOD1: 73.82% 
Epoch: 41, Loss: 0.6407, Cls: 0.2535, Ind: 0.0032, Med: 0.1278, Spu: 0.0004, FD: 0.2558, Var: 0.0000, CStr: 0.509, Ctx: 2, Train: 92.93%, Valid: 91.93%, Test In: 92.41% Test OOD1: 73.75% 
Epoch: 42, Loss: 0.6249, Cls: 0.2471, Ind: 0.0029, Med: 0.1245, Spu: 0.0004, FD: 0.2500, Var: 0.0000, CStr: 0.508, Ctx: 2, Train: 92.99%, Valid: 91.99%, Test In: 92.45% Test OOD1: 74.25% 
Epoch: 43, Loss: 0.6195, Cls: 0.2450, Ind: 0.0027, Med: 0.1234, Spu: 0.0004, FD: 0.2481, Var: 0.0000, CStr: 0.508, Ctx: 2, Train: 93.05%, Valid: 92.16%, Test In: 92.50% Test OOD1: 74.81% 
Epoch: 44, Loss: 0.6212, Cls: 0.2459, Ind: 0.0025, Med: 0.1239, Spu: 0.0003, FD: 0.2486, Var: 0.0000, CStr: 0.508, Ctx: 2, Train: 93.15%, Valid: 92.13%, Test In: 92.59% Test OOD1: 75.35% 
Epoch: 45, Loss: 0.6144, Cls: 0.2431, Ind: 0.0022, Med: 0.1224, Spu: 0.0003, FD: 0.2463, Var: 0.0000, CStr: 0.507, Ctx: 2, Train: 93.21%, Valid: 92.16%, Test In: 92.58% Test OOD1: 75.45% 
Epoch: 46, Loss: 0.6094, Cls: 0.2413, Ind: 0.0022, Med: 0.1215, Spu: 0.0003, FD: 0.2442, Var: 0.0000, CStr: 0.507, Ctx: 2, Train: 93.27%, Valid: 92.24%, Test In: 92.68% Test OOD1: 75.49% 
Epoch: 47, Loss: 0.6100, Cls: 0.2415, Ind: 0.0021, Med: 0.1216, Spu: 0.0003, FD: 0.2444, Var: 0.0000, CStr: 0.506, Ctx: 2, Train: 93.33%, Valid: 92.23%, Test In: 92.54% Test OOD1: 76.59% 
Epoch: 48, Loss: 0.5992, Cls: 0.2374, Ind: 0.0020, Med: 0.1196, Spu: 0.0003, FD: 0.2400, Var: 0.0000, CStr: 0.505, Ctx: 2, Train: 93.39%, Valid: 92.32%, Test In: 92.61% Test OOD1: 76.74% 
Epoch: 49, Loss: 0.5972, Cls: 0.2365, Ind: 0.0019, Med: 0.1190, Spu: 0.0003, FD: 0.2395, Var: 0.0000, CStr: 0.505, Ctx: 2, Train: 93.52%, Valid: 92.34%, Test In: 92.75% Test OOD1: 75.63% 
Epoch: 50, Loss: 0.5949, Cls: 0.2354, Ind: 0.0018, Med: 0.1183, Spu: 0.0003, FD: 0.2390, Var: 0.0000, CStr: 0.504, Ctx: 2, Train: 93.44%, Valid: 92.26%, Test In: 92.58% Test OOD1: 77.43% 
Epoch: 51, Loss: 0.5795, Cls: 0.2295, Ind: 0.0018, Med: 0.1155, Spu: 0.0003, FD: 0.2324, Var: 0.0000, CStr: 0.503, Ctx: 2, Train: 93.55%, Valid: 92.31%, Test In: 92.64% Test OOD1: 77.74% 
Epoch: 52, Loss: 0.5750, Cls: 0.2275, Ind: 0.0018, Med: 0.1144, Spu: 0.0003, FD: 0.2310, Var: 0.0000, CStr: 0.503, Ctx: 2, Train: 93.66%, Valid: 92.49%, Test In: 92.86% Test OOD1: 76.33% 
Epoch: 53, Loss: 0.5776, Cls: 0.2284, Ind: 0.0018, Med: 0.1147, Spu: 0.0002, FD: 0.2324, Var: 0.0000, CStr: 0.502, Ctx: 2, Train: 93.67%, Valid: 92.44%, Test In: 92.79% Test OOD1: 77.84% 
Epoch: 54, Loss: 0.5740, Cls: 0.2273, Ind: 0.0018, Med: 0.1143, Spu: 0.0002, FD: 0.2303, Var: 0.0000, CStr: 0.501, Ctx: 2, Train: 93.63%, Valid: 92.30%, Test In: 92.57% Test OOD1: 79.39% 
Epoch: 55, Loss: 0.5726, Cls: 0.2266, Ind: 0.0018, Med: 0.1138, Spu: 0.0002, FD: 0.2302, Var: 0.0000, CStr: 0.500, Ctx: 2, Train: 93.76%, Valid: 92.56%, Test In: 92.87% Test OOD1: 77.87% 
Epoch: 56, Loss: 0.5684, Cls: 0.2251, Ind: 0.0017, Med: 0.1132, Spu: 0.0002, FD: 0.2282, Var: 0.0000, CStr: 0.499, Ctx: 2, Train: 93.92%, Valid: 92.58%, Test In: 92.93% Test OOD1: 78.14% 
Epoch: 57, Loss: 0.5586, Cls: 0.2212, Ind: 0.0017, Med: 0.1111, Spu: 0.0002, FD: 0.2245, Var: 0.0000, CStr: 0.498, Ctx: 2, Train: 93.84%, Valid: 92.47%, Test In: 92.70% Test OOD1: 79.68% 
Epoch: 58, Loss: 0.5497, Cls: 0.2177, Ind: 0.0017, Med: 0.1095, Spu: 0.0002, FD: 0.2206, Var: 0.0000, CStr: 0.498, Ctx: 2, Train: 93.93%, Valid: 92.70%, Test In: 92.82% Test OOD1: 78.88% 
Epoch: 59, Loss: 0.5406, Cls: 0.2141, Ind: 0.0016, Med: 0.1076, Spu: 0.0002, FD: 0.2171, Var: 0.0000, CStr: 0.497, Ctx: 2, Train: 94.04%, Valid: 92.69%, Test In: 92.96% Test OOD1: 77.81% 
Epoch: 60, Loss: 0.5501, Cls: 0.2178, Ind: 0.0015, Med: 0.1093, Spu: 0.0002, FD: 0.2212, Var: 0.0000, CStr: 0.496, Ctx: 2, Train: 94.03%, Valid: 92.65%, Test In: 92.87% Test OOD1: 79.05% 
Epoch: 61, Loss: 0.5384, Cls: 0.2134, Ind: 0.0015, Med: 0.1073, Spu: 0.0002, FD: 0.2160, Var: 0.0000, CStr: 0.495, Ctx: 2, Train: 94.03%, Valid: 92.66%, Test In: 92.78% Test OOD1: 79.79% 
Epoch: 62, Loss: 0.5438, Cls: 0.2156, Ind: 0.0015, Med: 0.1085, Spu: 0.0002, FD: 0.2180, Var: 0.0000, CStr: 0.494, Ctx: 2, Train: 94.33%, Valid: 92.95%, Test In: 93.08% Test OOD1: 78.48% 
Epoch: 63, Loss: 0.5348, Cls: 0.2119, Ind: 0.0014, Med: 0.1064, Spu: 0.0002, FD: 0.2150, Var: 0.0000, CStr: 0.493, Ctx: 2, Train: 94.30%, Valid: 92.95%, Test In: 93.08% Test OOD1: 79.41% 
Epoch: 64, Loss: 0.5237, Cls: 0.2076, Ind: 0.0013, Med: 0.1044, Spu: 0.0002, FD: 0.2102, Var: 0.0000, CStr: 0.493, Ctx: 2, Train: 94.25%, Valid: 92.85%, Test In: 92.87% Test OOD1: 80.93% 
Epoch: 65, Loss: 0.5225, Cls: 0.2070, Ind: 0.0014, Med: 0.1040, Spu: 0.0001, FD: 0.2100, Var: 0.0000, CStr: 0.492, Ctx: 2, Train: 94.55%, Valid: 93.10%, Test In: 93.15% Test OOD1: 80.21% 
Epoch: 66, Loss: 0.5208, Cls: 0.2063, Ind: 0.0013, Med: 0.1035, Spu: 0.0001, FD: 0.2096, Var: 0.0000, CStr: 0.492, Ctx: 2, Train: 94.61%, Valid: 93.08%, Test In: 93.24% Test OOD1: 79.98% 
Epoch: 67, Loss: 0.5180, Cls: 0.2052, Ind: 0.0013, Med: 0.1030, Spu: 0.0001, FD: 0.2083, Var: 0.0000, CStr: 0.492, Ctx: 2, Train: 94.38%, Valid: 92.93%, Test In: 93.06% Test OOD1: 81.13% 
Epoch: 68, Loss: 0.5130, Cls: 0.2035, Ind: 0.0013, Med: 0.1023, Spu: 0.0001, FD: 0.2057, Var: 0.0000, CStr: 0.491, Ctx: 2, Train: 94.57%, Valid: 93.06%, Test In: 93.19% Test OOD1: 80.42% 
Epoch: 69, Loss: 0.4993, Cls: 0.1979, Ind: 0.0013, Med: 0.0995, Spu: 0.0001, FD: 0.2004, Var: 0.0000, CStr: 0.491, Ctx: 2, Train: 94.66%, Valid: 93.22%, Test In: 93.26% Test OOD1: 80.06% 
Epoch: 70, Loss: 0.4994, Cls: 0.1980, Ind: 0.0013, Med: 0.0995, Spu: 0.0001, FD: 0.2004, Var: 0.0000, CStr: 0.491, Ctx: 2, Train: 94.74%, Valid: 93.22%, Test In: 93.20% Test OOD1: 80.48% 
Epoch: 71, Loss: 0.5022, Cls: 0.1994, Ind: 0.0013, Med: 0.1004, Spu: 0.0001, FD: 0.2010, Var: 0.0000, CStr: 0.491, Ctx: 2, Train: 94.75%, Valid: 93.19%, Test In: 93.10% Test OOD1: 81.20% 
Epoch: 72, Loss: 0.4990, Cls: 0.1980, Ind: 0.0012, Med: 0.0996, Spu: 0.0001, FD: 0.2001, Var: 0.0000, CStr: 0.491, Ctx: 2, Train: 94.85%, Valid: 93.26%, Test In: 93.39% Test OOD1: 80.24% 
Epoch: 73, Loss: 0.4955, Cls: 0.1964, Ind: 0.0013, Med: 0.0986, Spu: 0.0001, FD: 0.1991, Var: 0.0000, CStr: 0.491, Ctx: 2, Train: 94.91%, Valid: 93.23%, Test In: 93.35% Test OOD1: 81.18% 
Epoch: 74, Loss: 0.4921, Cls: 0.1952, Ind: 0.0012, Med: 0.0981, Spu: 0.0001, FD: 0.1975, Var: 0.0000, CStr: 0.491, Ctx: 2, Train: 94.92%, Valid: 93.11%, Test In: 93.21% Test OOD1: 81.58% 
Epoch: 75, Loss: 0.4926, Cls: 0.1953, Ind: 0.0012, Med: 0.0980, Spu: 0.0001, FD: 0.1980, Var: 0.0000, CStr: 0.491, Ctx: 2, Train: 95.07%, Valid: 93.36%, Test In: 93.47% Test OOD1: 79.90% 
Epoch: 76, Loss: 0.4841, Cls: 0.1922, Ind: 0.0012, Med: 0.0967, Spu: 0.0001, FD: 0.1938, Var: 0.0000, CStr: 0.491, Ctx: 2, Train: 95.09%, Valid: 93.34%, Test In: 93.36% Test OOD1: 80.72% 
Epoch: 77, Loss: 0.4772, Cls: 0.1894, Ind: 0.0012, Med: 0.0952, Spu: 0.0001, FD: 0.1914, Var: 0.0000, CStr: 0.491, Ctx: 2, Train: 95.13%, Valid: 93.39%, Test In: 93.37% Test OOD1: 81.14% 
Epoch: 78, Loss: 0.4698, Cls: 0.1860, Ind: 0.0012, Med: 0.0933, Spu: 0.0001, FD: 0.1892, Var: 0.0000, CStr: 0.492, Ctx: 2, Train: 95.19%, Valid: 93.39%, Test In: 93.38% Test OOD1: 80.85% 
Epoch: 79, Loss: 0.4677, Cls: 0.1854, Ind: 0.0012, Med: 0.0931, Spu: 0.0001, FD: 0.1878, Var: 0.0000, CStr: 0.492, Ctx: 2, Train: 95.26%, Valid: 93.49%, Test In: 93.37% Test OOD1: 81.29% 
Epoch: 80, Loss: 0.4694, Cls: 0.1862, Ind: 0.0012, Med: 0.0935, Spu: 0.0001, FD: 0.1884, Var: 0.0000, CStr: 0.492, Ctx: 2, Train: 95.31%, Valid: 93.50%, Test In: 93.37% Test OOD1: 82.08% 
Epoch: 81, Loss: 0.4681, Cls: 0.1855, Ind: 0.0012, Med: 0.0930, Spu: 0.0001, FD: 0.1883, Var: 0.0000, CStr: 0.492, Ctx: 2, Train: 95.51%, Valid: 93.60%, Test In: 93.61% Test OOD1: 81.13% 
Epoch: 82, Loss: 0.4534, Cls: 0.1797, Ind: 0.0012, Med: 0.0901, Spu: 0.0001, FD: 0.1823, Var: 0.0000, CStr: 0.492, Ctx: 2, Train: 95.46%, Valid: 93.53%, Test In: 93.51% Test OOD1: 82.03% 
Epoch: 83, Loss: 0.4610, Cls: 0.1828, Ind: 0.0011, Med: 0.0918, Spu: 0.0001, FD: 0.1852, Var: 0.0000, CStr: 0.492, Ctx: 2, Train: 95.72%, Valid: 93.70%, Test In: 93.70% Test OOD1: 81.74% 
Epoch: 84, Loss: 0.4497, Cls: 0.1782, Ind: 0.0011, Med: 0.0894, Spu: 0.0001, FD: 0.1809, Var: 0.0000, CStr: 0.493, Ctx: 2, Train: 95.73%, Valid: 93.77%, Test In: 93.73% Test OOD1: 81.96% 
Epoch: 85, Loss: 0.4575, Cls: 0.1812, Ind: 0.0011, Med: 0.0908, Spu: 0.0001, FD: 0.1843, Var: 0.0000, CStr: 0.493, Ctx: 2, Train: 95.67%, Valid: 93.69%, Test In: 93.67% Test OOD1: 81.67% 
Epoch: 86, Loss: 0.4493, Cls: 0.1781, Ind: 0.0011, Med: 0.0894, Spu: 0.0001, FD: 0.1806, Var: 0.0000, CStr: 0.493, Ctx: 2, Train: 95.69%, Valid: 93.71%, Test In: 93.58% Test OOD1: 82.23% 
Epoch: 87, Loss: 0.4449, Cls: 0.1764, Ind: 0.0010, Med: 0.0886, Spu: 0.0001, FD: 0.1788, Var: 0.0000, CStr: 0.493, Ctx: 2, Train: 95.89%, Valid: 93.87%, Test In: 93.85% Test OOD1: 80.69% 
Epoch: 88, Loss: 0.4439, Cls: 0.1764, Ind: 0.0010, Med: 0.0887, Spu: 0.0001, FD: 0.1777, Var: 0.0000, CStr: 0.493, Ctx: 2, Train: 95.82%, Valid: 93.72%, Test In: 93.59% Test OOD1: 82.62% 
Epoch: 89, Loss: 0.4395, Cls: 0.1742, Ind: 0.0011, Med: 0.0874, Spu: 0.0001, FD: 0.1768, Var: 0.0000, CStr: 0.493, Ctx: 2, Train: 95.94%, Valid: 93.72%, Test In: 93.83% Test OOD1: 80.97% 
Epoch: 90, Loss: 0.4376, Cls: 0.1736, Ind: 0.0010, Med: 0.0872, Spu: 0.0001, FD: 0.1757, Var: 0.0000, CStr: 0.493, Ctx: 2, Train: 95.89%, Valid: 93.58%, Test In: 93.51% Test OOD1: 82.86% 
Epoch: 91, Loss: 0.4422, Cls: 0.1755, Ind: 0.0010, Med: 0.0882, Spu: 0.0001, FD: 0.1774, Var: 0.0000, CStr: 0.493, Ctx: 2, Train: 95.98%, Valid: 93.69%, Test In: 93.75% Test OOD1: 79.37% 
Epoch: 92, Loss: 0.4379, Cls: 0.1737, Ind: 0.0010, Med: 0.0872, Spu: 0.0001, FD: 0.1758, Var: 0.0000, CStr: 0.494, Ctx: 2, Train: 95.65%, Valid: 93.38%, Test In: 93.27% Test OOD1: 83.35% 
Epoch: 93, Loss: 0.4343, Cls: 0.1723, Ind: 0.0010, Med: 0.0865, Spu: 0.0001, FD: 0.1745, Var: 0.0000, CStr: 0.494, Ctx: 2, Train: 96.29%, Valid: 93.89%, Test In: 93.95% Test OOD1: 80.56% 
Epoch: 94, Loss: 0.4207, Cls: 0.1668, Ind: 0.0010, Med: 0.0837, Spu: 0.0001, FD: 0.1692, Var: 0.0000, CStr: 0.494, Ctx: 2, Train: 96.31%, Valid: 93.86%, Test In: 93.83% Test OOD1: 81.47% 
Epoch: 95, Loss: 0.4159, Cls: 0.1649, Ind: 0.0009, Med: 0.0828, Spu: 0.0000, FD: 0.1672, Var: 0.0000, CStr: 0.494, Ctx: 2, Train: 95.86%, Valid: 93.56%, Test In: 93.40% Test OOD1: 84.21% 
Epoch: 96, Loss: 0.4228, Cls: 0.1674, Ind: 0.0010, Med: 0.0839, Spu: 0.0000, FD: 0.1704, Var: 0.0000, CStr: 0.494, Ctx: 2, Train: 96.37%, Valid: 93.94%, Test In: 94.09% Test OOD1: 80.81% 
Epoch: 97, Loss: 0.4184, Cls: 0.1662, Ind: 0.0009, Med: 0.0835, Spu: 0.0000, FD: 0.1678, Var: 0.0000, CStr: 0.494, Ctx: 2, Train: 96.52%, Valid: 94.10%, Test In: 93.93% Test OOD1: 82.22% 
Epoch: 98, Loss: 0.4084, Cls: 0.1621, Ind: 0.0008, Med: 0.0814, Spu: 0.0000, FD: 0.1641, Var: 0.0000, CStr: 0.494, Ctx: 2, Train: 96.25%, Valid: 93.93%, Test In: 93.66% Test OOD1: 83.17% 
Epoch: 99, Loss: 0.4132, Cls: 0.1640, Ind: 0.0008, Med: 0.0823, Spu: 0.0000, FD: 0.1661, Var: 0.0000, CStr: 0.494, Ctx: 2, Train: 96.28%, Valid: 93.87%, Test In: 93.94% Test OOD1: 80.69% 
Epoch: 100, Loss: 0.4116, Cls: 0.1634, Ind: 0.0008, Med: 0.0820, Spu: 0.0000, FD: 0.1652, Var: 0.0000, CStr: 0.495, Ctx: 2, Train: 96.57%, Valid: 94.16%, Test In: 93.95% Test OOD1: 82.48% 
Epoch: 101, Loss: 0.4107, Cls: 0.1631, Ind: 0.0008, Med: 0.0819, Spu: 0.0000, FD: 0.1648, Var: 0.0000, CStr: 0.495, Ctx: 2, Train: 96.68%, Valid: 94.21%, Test In: 94.07% Test OOD1: 82.05% 
Epoch: 102, Loss: 0.3947, Cls: 0.1566, Ind: 0.0008, Med: 0.0786, Spu: 0.0000, FD: 0.1586, Var: 0.0000, CStr: 0.495, Ctx: 2, Train: 96.73%, Valid: 94.11%, Test In: 94.08% Test OOD1: 80.95% 
Epoch: 103, Loss: 0.4057, Cls: 0.1609, Ind: 0.0008, Med: 0.0807, Spu: 0.0000, FD: 0.1632, Var: 0.0000, CStr: 0.495, Ctx: 2, Train: 96.59%, Valid: 94.06%, Test In: 93.87% Test OOD1: 82.94% 
Epoch: 104, Loss: 0.4009, Cls: 0.1593, Ind: 0.0007, Med: 0.0801, Spu: 0.0000, FD: 0.1607, Var: 0.0000, CStr: 0.495, Ctx: 2, Train: 96.88%, Valid: 94.23%, Test In: 94.02% Test OOD1: 81.76% 
Epoch: 105, Loss: 0.3966, Cls: 0.1573, Ind: 0.0007, Med: 0.0788, Spu: 0.0000, FD: 0.1598, Var: 0.0000, CStr: 0.495, Ctx: 2, Train: 96.74%, Valid: 94.08%, Test In: 94.23% Test OOD1: 80.12% 
Epoch: 106, Loss: 0.3938, Cls: 0.1564, Ind: 0.0007, Med: 0.0785, Spu: 0.0000, FD: 0.1580, Var: 0.0000, CStr: 0.495, Ctx: 2, Train: 96.42%, Valid: 93.90%, Test In: 93.68% Test OOD1: 83.96% 
Epoch: 107, Loss: 0.3882, Cls: 0.1541, Ind: 0.0007, Med: 0.0773, Spu: 0.0000, FD: 0.1561, Var: 0.0000, CStr: 0.495, Ctx: 2, Train: 97.16%, Valid: 94.37%, Test In: 94.35% Test OOD1: 81.46% 
Epoch: 108, Loss: 0.3766, Cls: 0.1497, Ind: 0.0006, Med: 0.0752, Spu: 0.0000, FD: 0.1510, Var: 0.0000, CStr: 0.495, Ctx: 2, Train: 97.22%, Valid: 94.51%, Test In: 94.41% Test OOD1: 81.09% 
Epoch: 109, Loss: 0.3855, Cls: 0.1530, Ind: 0.0006, Med: 0.0768, Spu: 0.0000, FD: 0.1550, Var: 0.0000, CStr: 0.495, Ctx: 2, Train: 96.89%, Valid: 94.35%, Test In: 94.18% Test OOD1: 84.07% 
Epoch: 110, Loss: 0.3866, Cls: 0.1536, Ind: 0.0006, Med: 0.0772, Spu: 0.0000, FD: 0.1551, Var: 0.0000, CStr: 0.495, Ctx: 2, Train: 97.21%, Valid: 94.55%, Test In: 94.41% Test OOD1: 82.32% 
Epoch: 111, Loss: 0.3690, Cls: 0.1463, Ind: 0.0006, Med: 0.0734, Spu: 0.0000, FD: 0.1486, Var: 0.0000, CStr: 0.495, Ctx: 2, Train: 97.38%, Valid: 94.56%, Test In: 94.48% Test OOD1: 81.44% 
Epoch: 112, Loss: 0.3764, Cls: 0.1495, Ind: 0.0006, Med: 0.0751, Spu: 0.0000, FD: 0.1511, Var: 0.0000, CStr: 0.495, Ctx: 2, Train: 97.08%, Valid: 94.34%, Test In: 94.13% Test OOD1: 84.22% 
Epoch: 113, Loss: 0.3763, Cls: 0.1494, Ind: 0.0006, Med: 0.0750, Spu: 0.0000, FD: 0.1513, Var: 0.0000, CStr: 0.496, Ctx: 2, Train: 97.36%, Valid: 94.45%, Test In: 94.37% Test OOD1: 82.28% 
Epoch: 114, Loss: 0.3673, Cls: 0.1458, Ind: 0.0006, Med: 0.0732, Spu: 0.0000, FD: 0.1477, Var: 0.0000, CStr: 0.496, Ctx: 2, Train: 97.40%, Valid: 94.56%, Test In: 94.44% Test OOD1: 82.01% 
Epoch: 115, Loss: 0.3652, Cls: 0.1451, Ind: 0.0006, Med: 0.0729, Spu: 0.0000, FD: 0.1465, Var: 0.0000, CStr: 0.496, Ctx: 2, Train: 97.21%, Valid: 94.45%, Test In: 94.19% Test OOD1: 84.07% 
Epoch: 116, Loss: 0.3591, Cls: 0.1424, Ind: 0.0006, Med: 0.0714, Spu: 0.0000, FD: 0.1446, Var: 0.0000, CStr: 0.496, Ctx: 2, Train: 97.49%, Valid: 94.64%, Test In: 94.51% Test OOD1: 81.90% 
Epoch: 117, Loss: 0.3651, Cls: 0.1449, Ind: 0.0006, Med: 0.0726, Spu: 0.0000, FD: 0.1469, Var: 0.0000, CStr: 0.496, Ctx: 2, Train: 97.54%, Valid: 94.62%, Test In: 94.53% Test OOD1: 82.59% 
Epoch: 118, Loss: 0.3577, Cls: 0.1420, Ind: 0.0006, Med: 0.0712, Spu: 0.0000, FD: 0.1438, Var: 0.0000, CStr: 0.496, Ctx: 2, Train: 97.46%, Valid: 94.54%, Test In: 94.45% Test OOD1: 83.72% 
Epoch: 119, Loss: 0.3559, Cls: 0.1412, Ind: 0.0005, Med: 0.0708, Spu: 0.0000, FD: 0.1434, Var: 0.0000, CStr: 0.496, Ctx: 2, Train: 97.65%, Valid: 94.69%, Test In: 94.62% Test OOD1: 80.73% 
Epoch: 120, Loss: 0.3627, Cls: 0.1441, Ind: 0.0006, Med: 0.0723, Spu: 0.0000, FD: 0.1457, Var: 0.0000, CStr: 0.496, Ctx: 2, Train: 97.18%, Valid: 94.18%, Test In: 94.08% Test OOD1: 84.62% 
Epoch: 121, Loss: 0.3634, Cls: 0.1444, Ind: 0.0005, Med: 0.0725, Spu: 0.0000, FD: 0.1459, Var: 0.0000, CStr: 0.496, Ctx: 2, Train: 97.63%, Valid: 94.71%, Test In: 94.56% Test OOD1: 81.34% 
Epoch: 122, Loss: 0.3572, Cls: 0.1420, Ind: 0.0005, Med: 0.0713, Spu: 0.0000, FD: 0.1434, Var: 0.0000, CStr: 0.497, Ctx: 2, Train: 97.70%, Valid: 95.04%, Test In: 94.68% Test OOD1: 79.57% 
Epoch: 123, Loss: 0.3526, Cls: 0.1401, Ind: 0.0005, Med: 0.0703, Spu: 0.0000, FD: 0.1417, Var: 0.0000, CStr: 0.497, Ctx: 2, Train: 97.33%, Valid: 94.35%, Test In: 94.29% Test OOD1: 84.20% 
Epoch: 124, Loss: 0.3450, Cls: 0.1369, Ind: 0.0005, Med: 0.0687, Spu: 0.0000, FD: 0.1389, Var: 0.0000, CStr: 0.497, Ctx: 2, Train: 97.79%, Valid: 94.93%, Test In: 94.67% Test OOD1: 81.79% 
Epoch: 125, Loss: 0.3376, Cls: 0.1340, Ind: 0.0005, Med: 0.0672, Spu: 0.0000, FD: 0.1358, Var: 0.0000, CStr: 0.497, Ctx: 2, Train: 97.88%, Valid: 95.11%, Test In: 94.81% Test OOD1: 82.03% 
Epoch: 126, Loss: 0.3402, Cls: 0.1351, Ind: 0.0005, Med: 0.0677, Spu: 0.0000, FD: 0.1370, Var: 0.0000, CStr: 0.497, Ctx: 2, Train: 97.72%, Valid: 94.67%, Test In: 94.53% Test OOD1: 85.12% 
Epoch: 127, Loss: 0.3504, Cls: 0.1390, Ind: 0.0005, Med: 0.0696, Spu: 0.0000, FD: 0.1413, Var: 0.0000, CStr: 0.498, Ctx: 2, Train: 97.71%, Valid: 94.68%, Test In: 94.55% Test OOD1: 82.87% 
Epoch: 128, Loss: 0.3475, Cls: 0.1379, Ind: 0.0005, Med: 0.0691, Spu: 0.0000, FD: 0.1399, Var: 0.0000, CStr: 0.498, Ctx: 2, Train: 98.00%, Valid: 95.05%, Test In: 94.87% Test OOD1: 83.91% 
Epoch: 129, Loss: 0.3321, Cls: 0.1320, Ind: 0.0005, Med: 0.0663, Spu: 0.0000, FD: 0.1333, Var: 0.0000, CStr: 0.498, Ctx: 2, Train: 97.82%, Valid: 94.75%, Test In: 94.54% Test OOD1: 84.63% 
Epoch: 130, Loss: 0.3348, Cls: 0.1329, Ind: 0.0005, Med: 0.0666, Spu: 0.0000, FD: 0.1349, Var: 0.0000, CStr: 0.498, Ctx: 2, Train: 97.92%, Valid: 94.89%, Test In: 94.77% Test OOD1: 83.77% 
Epoch: 131, Loss: 0.3185, Cls: 0.1265, Ind: 0.0004, Med: 0.0635, Spu: 0.0000, FD: 0.1280, Var: 0.0000, CStr: 0.498, Ctx: 2, Train: 98.04%, Valid: 95.09%, Test In: 94.75% Test OOD1: 83.73% 
Epoch: 132, Loss: 0.3214, Cls: 0.1277, Ind: 0.0004, Med: 0.0641, Spu: 0.0000, FD: 0.1292, Var: 0.0000, CStr: 0.498, Ctx: 2, Train: 97.85%, Valid: 94.70%, Test In: 94.49% Test OOD1: 83.79% 
Epoch: 133, Loss: 0.3282, Cls: 0.1304, Ind: 0.0004, Med: 0.0654, Spu: 0.0000, FD: 0.1320, Var: 0.0000, CStr: 0.498, Ctx: 2, Train: 98.17%, Valid: 95.10%, Test In: 94.78% Test OOD1: 83.67% 
Epoch: 134, Loss: 0.3230, Cls: 0.1286, Ind: 0.0004, Med: 0.0647, Spu: 0.0000, FD: 0.1294, Var: 0.0000, CStr: 0.499, Ctx: 2, Train: 98.26%, Valid: 95.12%, Test In: 94.93% Test OOD1: 83.33% 
Epoch: 135, Loss: 0.3189, Cls: 0.1267, Ind: 0.0004, Med: 0.0635, Spu: 0.0000, FD: 0.1283, Var: 0.0000, CStr: 0.499, Ctx: 2, Train: 98.09%, Valid: 94.87%, Test In: 94.78% Test OOD1: 84.60% 
Epoch: 136, Loss: 0.3213, Cls: 0.1276, Ind: 0.0004, Med: 0.0640, Spu: 0.0000, FD: 0.1293, Var: 0.0000, CStr: 0.499, Ctx: 2, Train: 98.31%, Valid: 95.24%, Test In: 95.15% Test OOD1: 83.91% 
Epoch: 137, Loss: 0.3186, Cls: 0.1265, Ind: 0.0004, Med: 0.0633, Spu: 0.0000, FD: 0.1284, Var: 0.0000, CStr: 0.499, Ctx: 2, Train: 98.30%, Valid: 95.24%, Test In: 95.06% Test OOD1: 84.21% 
Epoch: 138, Loss: 0.3138, Cls: 0.1248, Ind: 0.0004, Med: 0.0627, Spu: 0.0000, FD: 0.1258, Var: 0.0000, CStr: 0.499, Ctx: 2, Train: 98.21%, Valid: 94.98%, Test In: 95.06% Test OOD1: 85.10% 
Epoch: 139, Loss: 0.3089, Cls: 0.1225, Ind: 0.0004, Med: 0.0613, Spu: 0.0000, FD: 0.1247, Var: 0.0000, CStr: 0.499, Ctx: 2, Train: 98.35%, Valid: 95.37%, Test In: 95.20% Test OOD1: 83.89% 
Epoch: 140, Loss: 0.3184, Cls: 0.1265, Ind: 0.0004, Med: 0.0634, Spu: 0.0000, FD: 0.1281, Var: 0.0000, CStr: 0.499, Ctx: 2, Train: 98.38%, Valid: 95.37%, Test In: 95.25% Test OOD1: 84.61% 
Epoch: 141, Loss: 0.3108, Cls: 0.1236, Ind: 0.0004, Med: 0.0621, Spu: 0.0000, FD: 0.1247, Var: 0.0000, CStr: 0.500, Ctx: 2, Train: 98.26%, Valid: 94.98%, Test In: 95.00% Test OOD1: 84.98% 
Epoch: 142, Loss: 0.3049, Cls: 0.1209, Ind: 0.0003, Med: 0.0605, Spu: 0.0000, FD: 0.1231, Var: 0.0000, CStr: 0.500, Ctx: 2, Train: 98.46%, Valid: 95.49%, Test In: 95.24% Test OOD1: 84.37% 
Epoch: 143, Loss: 0.3082, Cls: 0.1225, Ind: 0.0003, Med: 0.0614, Spu: 0.0000, FD: 0.1239, Var: 0.0000, CStr: 0.500, Ctx: 2, Train: 98.42%, Valid: 95.28%, Test In: 95.14% Test OOD1: 84.84% 
Epoch: 144, Loss: 0.3030, Cls: 0.1202, Ind: 0.0004, Med: 0.0602, Spu: 0.0000, FD: 0.1222, Var: 0.0000, CStr: 0.500, Ctx: 2, Train: 98.37%, Valid: 95.18%, Test In: 95.05% Test OOD1: 85.71% 
Epoch: 145, Loss: 0.2957, Cls: 0.1176, Ind: 0.0003, Med: 0.0591, Spu: 0.0000, FD: 0.1186, Var: 0.0000, CStr: 0.500, Ctx: 2, Train: 98.52%, Valid: 95.33%, Test In: 95.25% Test OOD1: 85.03% 
Epoch: 146, Loss: 0.2968, Cls: 0.1179, Ind: 0.0003, Med: 0.0591, Spu: 0.0000, FD: 0.1194, Var: 0.0000, CStr: 0.500, Ctx: 2, Train: 98.47%, Valid: 95.22%, Test In: 95.06% Test OOD1: 86.63% 
Epoch: 147, Loss: 0.2942, Cls: 0.1168, Ind: 0.0003, Med: 0.0586, Spu: 0.0000, FD: 0.1185, Var: 0.0000, CStr: 0.500, Ctx: 2, Train: 98.62%, Valid: 95.29%, Test In: 95.36% Test OOD1: 84.61% 
Epoch: 148, Loss: 0.3037, Cls: 0.1207, Ind: 0.0003, Med: 0.0606, Spu: 0.0000, FD: 0.1220, Var: 0.0000, CStr: 0.501, Ctx: 2, Train: 98.39%, Valid: 94.98%, Test In: 94.78% Test OOD1: 88.26% 
Epoch: 149, Loss: 0.3141, Cls: 0.1247, Ind: 0.0004, Med: 0.0624, Spu: 0.0000, FD: 0.1266, Var: 0.0000, CStr: 0.501, Ctx: 2, Train: 98.54%, Valid: 95.33%, Test In: 95.37% Test OOD1: 83.29% 
Epoch: 150, Loss: 0.3166, Cls: 0.1258, Ind: 0.0003, Med: 0.0630, Spu: 0.0000, FD: 0.1275, Var: 0.0000, CStr: 0.501, Ctx: 2, Train: 98.43%, Valid: 95.16%, Test In: 94.96% Test OOD1: 88.07% 
Epoch: 151, Loss: 0.3154, Cls: 0.1253, Ind: 0.0004, Med: 0.0627, Spu: 0.0000, FD: 0.1271, Var: 0.0000, CStr: 0.501, Ctx: 2, Train: 98.62%, Valid: 95.42%, Test In: 95.54% Test OOD1: 85.00% 
Epoch: 152, Loss: 0.2810, Cls: 0.1115, Ind: 0.0003, Med: 0.0558, Spu: 0.0000, FD: 0.1134, Var: 0.0000, CStr: 0.501, Ctx: 2, Train: 98.71%, Valid: 95.62%, Test In: 95.52% Test OOD1: 85.17% 
Epoch: 153, Loss: 0.2774, Cls: 0.1101, Ind: 0.0003, Med: 0.0552, Spu: 0.0000, FD: 0.1118, Var: 0.0000, CStr: 0.501, Ctx: 2, Train: 98.65%, Valid: 95.39%, Test In: 95.27% Test OOD1: 86.68% 
Epoch: 154, Loss: 0.2946, Cls: 0.1172, Ind: 0.0003, Med: 0.0588, Spu: 0.0000, FD: 0.1182, Var: 0.0000, CStr: 0.501, Ctx: 2, Train: 98.53%, Valid: 95.23%, Test In: 95.51% Test OOD1: 84.04% 
Epoch: 155, Loss: 0.2947, Cls: 0.1170, Ind: 0.0003, Med: 0.0586, Spu: 0.0000, FD: 0.1187, Var: 0.0000, CStr: 0.501, Ctx: 2, Train: 98.84%, Valid: 95.65%, Test In: 95.43% Test OOD1: 86.36% 
Epoch: 156, Loss: 0.2911, Cls: 0.1157, Ind: 0.0003, Med: 0.0581, Spu: 0.0000, FD: 0.1170, Var: 0.0000, CStr: 0.501, Ctx: 2, Train: 98.89%, Valid: 95.62%, Test In: 95.56% Test OOD1: 85.13% 
Epoch: 157, Loss: 0.2744, Cls: 0.1090, Ind: 0.0003, Med: 0.0546, Spu: 0.0000, FD: 0.1106, Var: 0.0000, CStr: 0.502, Ctx: 2, Train: 98.92%, Valid: 95.68%, Test In: 95.65% Test OOD1: 85.45% 
Epoch: 158, Loss: 0.2751, Cls: 0.1094, Ind: 0.0003, Med: 0.0549, Spu: 0.0000, FD: 0.1105, Var: 0.0000, CStr: 0.502, Ctx: 2, Train: 98.90%, Valid: 95.63%, Test In: 95.59% Test OOD1: 86.18% 
Epoch: 159, Loss: 0.2834, Cls: 0.1125, Ind: 0.0003, Med: 0.0564, Spu: 0.0000, FD: 0.1142, Var: 0.0000, CStr: 0.502, Ctx: 2, Train: 98.87%, Valid: 95.58%, Test In: 95.51% Test OOD1: 85.27% 
Epoch: 160, Loss: 0.2754, Cls: 0.1094, Ind: 0.0003, Med: 0.0548, Spu: 0.0000, FD: 0.1109, Var: 0.0000, CStr: 0.502, Ctx: 2, Train: 98.91%, Valid: 95.60%, Test In: 95.52% Test OOD1: 86.52% 
Epoch: 161, Loss: 0.2775, Cls: 0.1106, Ind: 0.0003, Med: 0.0557, Spu: 0.0000, FD: 0.1110, Var: 0.0000, CStr: 0.502, Ctx: 2, Train: 98.88%, Valid: 95.61%, Test In: 95.70% Test OOD1: 84.94% 
Epoch: 162, Loss: 0.2790, Cls: 0.1109, Ind: 0.0003, Med: 0.0556, Spu: 0.0000, FD: 0.1122, Var: 0.0000, CStr: 0.502, Ctx: 2, Train: 98.97%, Valid: 95.71%, Test In: 95.74% Test OOD1: 84.53% 
Epoch: 163, Loss: 0.2695, Cls: 0.1071, Ind: 0.0003, Med: 0.0537, Spu: 0.0000, FD: 0.1084, Var: 0.0000, CStr: 0.502, Ctx: 2, Train: 98.96%, Valid: 95.74%, Test In: 95.73% Test OOD1: 85.27% 
Epoch: 164, Loss: 0.2746, Cls: 0.1092, Ind: 0.0003, Med: 0.0548, Spu: 0.0000, FD: 0.1103, Var: 0.0000, CStr: 0.502, Ctx: 2, Train: 98.91%, Valid: 95.46%, Test In: 95.61% Test OOD1: 84.31% 
Epoch: 165, Loss: 0.2752, Cls: 0.1094, Ind: 0.0003, Med: 0.0548, Spu: 0.0000, FD: 0.1107, Var: 0.0000, CStr: 0.502, Ctx: 2, Train: 99.02%, Valid: 95.80%, Test In: 95.68% Test OOD1: 85.91% 
Epoch: 166, Loss: 0.2638, Cls: 0.1050, Ind: 0.0003, Med: 0.0528, Spu: 0.0000, FD: 0.1057, Var: 0.0000, CStr: 0.503, Ctx: 2, Train: 99.08%, Valid: 95.80%, Test In: 95.76% Test OOD1: 85.62% 
Epoch: 167, Loss: 0.2584, Cls: 0.1026, Ind: 0.0003, Med: 0.0514, Spu: 0.0000, FD: 0.1041, Var: 0.0000, CStr: 0.503, Ctx: 2, Train: 98.77%, Valid: 95.36%, Test In: 95.46% Test OOD1: 84.62% 
Epoch: 168, Loss: 0.2788, Cls: 0.1108, Ind: 0.0003, Med: 0.0555, Spu: 0.0000, FD: 0.1123, Var: 0.0000, CStr: 0.503, Ctx: 2, Train: 98.90%, Valid: 95.67%, Test In: 95.51% Test OOD1: 86.29% 
Epoch: 169, Loss: 0.2750, Cls: 0.1093, Ind: 0.0003, Med: 0.0548, Spu: 0.0000, FD: 0.1106, Var: 0.0000, CStr: 0.503, Ctx: 2, Train: 99.10%, Valid: 95.79%, Test In: 95.88% Test OOD1: 83.66% 
Epoch: 170, Loss: 0.2574, Cls: 0.1023, Ind: 0.0003, Med: 0.0513, Spu: 0.0000, FD: 0.1035, Var: 0.0000, CStr: 0.503, Ctx: 2, Train: 98.86%, Valid: 95.36%, Test In: 95.43% Test OOD1: 85.25% 
Epoch: 171, Loss: 0.2711, Cls: 0.1077, Ind: 0.0003, Med: 0.0540, Spu: 0.0000, FD: 0.1091, Var: 0.0000, CStr: 0.503, Ctx: 2, Train: 98.93%, Valid: 95.56%, Test In: 95.43% Test OOD1: 86.88% 
Epoch: 172, Loss: 0.2799, Cls: 0.1112, Ind: 0.0003, Med: 0.0557, Spu: 0.0000, FD: 0.1128, Var: 0.0000, CStr: 0.503, Ctx: 2, Train: 99.03%, Valid: 95.91%, Test In: 95.79% Test OOD1: 82.23% 
Epoch: 173, Loss: 0.2836, Cls: 0.1125, Ind: 0.0003, Med: 0.0563, Spu: 0.0000, FD: 0.1146, Var: 0.0000, CStr: 0.504, Ctx: 2, Train: 98.61%, Valid: 94.98%, Test In: 94.99% Test OOD1: 87.89% 
Epoch: 174, Loss: 0.2950, Cls: 0.1172, Ind: 0.0003, Med: 0.0587, Spu: 0.0000, FD: 0.1188, Var: 0.0000, CStr: 0.504, Ctx: 2, Train: 99.22%, Valid: 96.05%, Test In: 96.09% Test OOD1: 83.47% 
Epoch: 175, Loss: 0.2599, Cls: 0.1032, Ind: 0.0003, Med: 0.0517, Spu: 0.0000, FD: 0.1047, Var: 0.0000, CStr: 0.504, Ctx: 2, Train: 99.27%, Valid: 96.10%, Test In: 96.15% Test OOD1: 84.63% 
Epoch: 176, Loss: 0.2583, Cls: 0.1026, Ind: 0.0003, Med: 0.0514, Spu: 0.0000, FD: 0.1040, Var: 0.0000, CStr: 0.504, Ctx: 2, Train: 98.76%, Valid: 95.16%, Test In: 95.23% Test OOD1: 87.87% 
Epoch: 177, Loss: 0.2815, Cls: 0.1116, Ind: 0.0003, Med: 0.0557, Spu: 0.0000, FD: 0.1139, Var: 0.0000, CStr: 0.504, Ctx: 2, Train: 99.21%, Valid: 95.97%, Test In: 95.96% Test OOD1: 83.52% 
Epoch: 178, Loss: 0.2629, Cls: 0.1045, Ind: 0.0003, Med: 0.0524, Spu: 0.0000, FD: 0.1057, Var: 0.0000, CStr: 0.505, Ctx: 2, Train: 99.14%, Valid: 95.95%, Test In: 95.89% Test OOD1: 86.19% 
Epoch: 179, Loss: 0.2709, Cls: 0.1078, Ind: 0.0003, Med: 0.0541, Spu: 0.0000, FD: 0.1087, Var: 0.0000, CStr: 0.505, Ctx: 2, Train: 99.15%, Valid: 95.76%, Test In: 95.78% Test OOD1: 86.52% 
Epoch: 180, Loss: 0.2441, Cls: 0.0971, Ind: 0.0003, Med: 0.0488, Spu: 0.0000, FD: 0.0980, Var: 0.0000, CStr: 0.505, Ctx: 2, Train: 98.89%, Valid: 95.54%, Test In: 95.59% Test OOD1: 85.64% 
Epoch: 181, Loss: 0.2575, Cls: 0.1024, Ind: 0.0003, Med: 0.0513, Spu: 0.0000, FD: 0.1035, Var: 0.0000, CStr: 0.505, Ctx: 2, Train: 99.13%, Valid: 95.89%, Test In: 95.65% Test OOD1: 86.82% 
Epoch: 182, Loss: 0.2525, Cls: 0.1003, Ind: 0.0003, Med: 0.0503, Spu: 0.0000, FD: 0.1016, Var: 0.0000, CStr: 0.505, Ctx: 2, Train: 99.31%, Valid: 96.21%, Test In: 96.14% Test OOD1: 85.05% 
Epoch: 183, Loss: 0.2447, Cls: 0.0972, Ind: 0.0003, Med: 0.0488, Spu: 0.0000, FD: 0.0984, Var: 0.0000, CStr: 0.506, Ctx: 2, Train: 99.25%, Valid: 95.96%, Test In: 95.81% Test OOD1: 86.47% 
Epoch: 184, Loss: 0.2526, Cls: 0.1004, Ind: 0.0003, Med: 0.0503, Spu: 0.0000, FD: 0.1017, Var: 0.0000, CStr: 0.506, Ctx: 2, Train: 99.26%, Valid: 95.95%, Test In: 95.83% Test OOD1: 87.70% 
Epoch: 185, Loss: 0.2484, Cls: 0.0988, Ind: 0.0003, Med: 0.0495, Spu: 0.0000, FD: 0.0998, Var: 0.0000, CStr: 0.506, Ctx: 2, Train: 99.44%, Valid: 96.46%, Test In: 96.24% Test OOD1: 84.49% 
Epoch: 186, Loss: 0.2568, Cls: 0.1021, Ind: 0.0003, Med: 0.0511, Spu: 0.0000, FD: 0.1034, Var: 0.0000, CStr: 0.506, Ctx: 2, Train: 99.37%, Valid: 96.30%, Test In: 96.15% Test OOD1: 86.50% 
Epoch: 187, Loss: 0.2444, Cls: 0.0970, Ind: 0.0002, Med: 0.0486, Spu: 0.0000, FD: 0.0985, Var: 0.0000, CStr: 0.506, Ctx: 2, Train: 99.25%, Valid: 95.99%, Test In: 95.79% Test OOD1: 87.35% 
Epoch: 188, Loss: 0.2468, Cls: 0.0980, Ind: 0.0002, Med: 0.0491, Spu: 0.0000, FD: 0.0994, Var: 0.0000, CStr: 0.507, Ctx: 2, Train: 99.41%, Valid: 96.33%, Test In: 96.21% Test OOD1: 85.69% 
Epoch: 189, Loss: 0.2326, Cls: 0.0924, Ind: 0.0002, Med: 0.0463, Spu: 0.0000, FD: 0.0937, Var: 0.0000, CStr: 0.507, Ctx: 2, Train: 99.39%, Valid: 96.25%, Test In: 96.08% Test OOD1: 86.62% 
Epoch: 190, Loss: 0.2455, Cls: 0.0975, Ind: 0.0003, Med: 0.0489, Spu: 0.0000, FD: 0.0989, Var: 0.0000, CStr: 0.507, Ctx: 2, Train: 99.28%, Valid: 95.92%, Test In: 95.78% Test OOD1: 87.99% 
Epoch: 191, Loss: 0.2405, Cls: 0.0955, Ind: 0.0002, Med: 0.0479, Spu: 0.0000, FD: 0.0969, Var: 0.0000, CStr: 0.507, Ctx: 2, Train: 99.34%, Valid: 96.14%, Test In: 95.98% Test OOD1: 85.67% 
Epoch: 192, Loss: 0.2521, Cls: 0.1001, Ind: 0.0002, Med: 0.0501, Spu: 0.0000, FD: 0.1016, Var: 0.0000, CStr: 0.508, Ctx: 2, Train: 99.26%, Valid: 96.06%, Test In: 95.84% Test OOD1: 87.98% 
Epoch: 193, Loss: 0.2342, Cls: 0.0931, Ind: 0.0002, Med: 0.0466, Spu: 0.0000, FD: 0.0943, Var: 0.0000, CStr: 0.508, Ctx: 2, Train: 99.46%, Valid: 96.36%, Test In: 96.13% Test OOD1: 86.24% 
Epoch: 194, Loss: 0.2248, Cls: 0.0895, Ind: 0.0002, Med: 0.0450, Spu: 0.0000, FD: 0.0901, Var: 0.0000, CStr: 0.508, Ctx: 2, Train: 99.43%, Valid: 96.22%, Test In: 96.15% Test OOD1: 85.04% 
Epoch: 195, Loss: 0.2436, Cls: 0.0968, Ind: 0.0002, Med: 0.0485, Spu: 0.0000, FD: 0.0981, Var: 0.0000, CStr: 0.508, Ctx: 2, Train: 99.32%, Valid: 96.09%, Test In: 95.97% Test OOD1: 87.71% 
Epoch: 196, Loss: 0.2472, Cls: 0.0983, Ind: 0.0002, Med: 0.0493, Spu: 0.0000, FD: 0.0993, Var: 0.0000, CStr: 0.508, Ctx: 2, Train: 99.45%, Valid: 96.32%, Test In: 96.35% Test OOD1: 83.37% 
Epoch: 197, Loss: 0.2385, Cls: 0.0948, Ind: 0.0002, Med: 0.0475, Spu: 0.0000, FD: 0.0960, Var: 0.0000, CStr: 0.509, Ctx: 2, Train: 99.44%, Valid: 96.35%, Test In: 96.33% Test OOD1: 85.62% 
Epoch: 198, Loss: 0.2341, Cls: 0.0929, Ind: 0.0002, Med: 0.0464, Spu: 0.0000, FD: 0.0945, Var: 0.0000, CStr: 0.509, Ctx: 2, Train: 99.39%, Valid: 96.17%, Test In: 96.12% Test OOD1: 86.77% 
Epoch: 199, Loss: 0.2325, Cls: 0.0924, Ind: 0.0002, Med: 0.0464, Spu: 0.0000, FD: 0.0934, Var: 0.0000, CStr: 0.509, Ctx: 2, Train: 99.46%, Valid: 96.40%, Test In: 96.38% Test OOD1: 83.35% 
Epoch: 200, Loss: 0.2391, Cls: 0.0950, Ind: 0.0002, Med: 0.0475, Spu: 0.0000, FD: 0.0964, Var: 0.0000, CStr: 0.509, Ctx: 2, Train: 99.53%, Valid: 96.43%, Test In: 96.40% Test OOD1: 85.78% 
Epoch: 201, Loss: 0.2158, Cls: 0.0857, Ind: 0.0002, Med: 0.0430, Spu: 0.0000, FD: 0.0869, Var: 0.0000, CStr: 0.509, Ctx: 2, Train: 99.48%, Valid: 96.24%, Test In: 96.25% Test OOD1: 86.37% 
Epoch: 202, Loss: 0.2332, Cls: 0.0927, Ind: 0.0002, Med: 0.0465, Spu: 0.0000, FD: 0.0937, Var: 0.0000, CStr: 0.510, Ctx: 2, Train: 99.54%, Valid: 96.48%, Test In: 96.52% Test OOD1: 83.91% 
Epoch: 203, Loss: 0.2258, Cls: 0.0897, Ind: 0.0002, Med: 0.0450, Spu: 0.0000, FD: 0.0909, Var: 0.0000, CStr: 0.510, Ctx: 2, Train: 99.48%, Valid: 96.31%, Test In: 96.34% Test OOD1: 86.53% 
Epoch: 204, Loss: 0.2296, Cls: 0.0913, Ind: 0.0002, Med: 0.0458, Spu: 0.0000, FD: 0.0922, Var: 0.0000, CStr: 0.510, Ctx: 2, Train: 99.58%, Valid: 96.33%, Test In: 96.40% Test OOD1: 85.57% 
Epoch: 205, Loss: 0.2300, Cls: 0.0916, Ind: 0.0002, Med: 0.0460, Spu: 0.0000, FD: 0.0921, Var: 0.0000, CStr: 0.510, Ctx: 2, Train: 99.59%, Valid: 96.40%, Test In: 96.45% Test OOD1: 85.99% 
Epoch: 206, Loss: 0.2142, Cls: 0.0849, Ind: 0.0002, Med: 0.0425, Spu: 0.0000, FD: 0.0866, Var: 0.0000, CStr: 0.510, Ctx: 2, Train: 99.58%, Valid: 96.51%, Test In: 96.49% Test OOD1: 85.98% 
Epoch: 207, Loss: 0.2243, Cls: 0.0891, Ind: 0.0002, Med: 0.0446, Spu: 0.0000, FD: 0.0904, Var: 0.0000, CStr: 0.510, Ctx: 2, Train: 99.61%, Valid: 96.48%, Test In: 96.50% Test OOD1: 85.61% 
Epoch: 208, Loss: 0.2244, Cls: 0.0891, Ind: 0.0002, Med: 0.0446, Spu: 0.0000, FD: 0.0904, Var: 0.0000, CStr: 0.511, Ctx: 2, Train: 99.57%, Valid: 96.48%, Test In: 96.47% Test OOD1: 85.46% 
Epoch: 209, Loss: 0.2316, Cls: 0.0922, Ind: 0.0002, Med: 0.0463, Spu: 0.0000, FD: 0.0929, Var: 0.0000, CStr: 0.511, Ctx: 2, Train: 99.51%, Valid: 96.36%, Test In: 96.36% Test OOD1: 86.30% 
Epoch: 210, Loss: 0.2237, Cls: 0.0889, Ind: 0.0002, Med: 0.0446, Spu: 0.0000, FD: 0.0900, Var: 0.0000, CStr: 0.511, Ctx: 2, Train: 99.55%, Valid: 96.43%, Test In: 96.43% Test OOD1: 83.88% 
Epoch: 211, Loss: 0.2223, Cls: 0.0885, Ind: 0.0002, Med: 0.0444, Spu: 0.0000, FD: 0.0891, Var: 0.0000, CStr: 0.511, Ctx: 2, Train: 99.51%, Valid: 96.38%, Test In: 96.34% Test OOD1: 85.98% 
Epoch: 212, Loss: 0.2224, Cls: 0.0883, Ind: 0.0002, Med: 0.0442, Spu: 0.0000, FD: 0.0896, Var: 0.0000, CStr: 0.511, Ctx: 2, Train: 99.56%, Valid: 96.42%, Test In: 96.39% Test OOD1: 86.05% 
Epoch: 213, Loss: 0.2249, Cls: 0.0893, Ind: 0.0002, Med: 0.0447, Spu: 0.0000, FD: 0.0906, Var: 0.0000, CStr: 0.511, Ctx: 2, Train: 99.55%, Valid: 96.42%, Test In: 96.47% Test OOD1: 84.49% 
Epoch: 214, Loss: 0.2246, Cls: 0.0894, Ind: 0.0002, Med: 0.0449, Spu: 0.0000, FD: 0.0900, Var: 0.0000, CStr: 0.511, Ctx: 2, Train: 99.49%, Valid: 96.13%, Test In: 96.13% Test OOD1: 88.16% 
Epoch: 215, Loss: 0.2203, Cls: 0.0875, Ind: 0.0002, Med: 0.0438, Spu: 0.0000, FD: 0.0888, Var: 0.0000, CStr: 0.511, Ctx: 2, Train: 99.65%, Valid: 96.54%, Test In: 96.58% Test OOD1: 86.03% 
Epoch: 216, Loss: 0.2142, Cls: 0.0851, Ind: 0.0002, Med: 0.0427, Spu: 0.0000, FD: 0.0862, Var: 0.0000, CStr: 0.512, Ctx: 2, Train: 99.68%, Valid: 96.67%, Test In: 96.69% Test OOD1: 86.80% 
Epoch: 217, Loss: 0.2185, Cls: 0.0868, Ind: 0.0002, Med: 0.0435, Spu: 0.0000, FD: 0.0879, Var: 0.0000, CStr: 0.512, Ctx: 2, Train: 99.69%, Valid: 96.67%, Test In: 96.52% Test OOD1: 87.57% 
Epoch: 218, Loss: 0.2086, Cls: 0.0828, Ind: 0.0002, Med: 0.0415, Spu: 0.0000, FD: 0.0840, Var: 0.0000, CStr: 0.512, Ctx: 2, Train: 99.61%, Valid: 96.66%, Test In: 96.63% Test OOD1: 85.66% 
Epoch: 219, Loss: 0.2196, Cls: 0.0874, Ind: 0.0002, Med: 0.0438, Spu: 0.0000, FD: 0.0882, Var: 0.0000, CStr: 0.512, Ctx: 2, Train: 99.61%, Valid: 96.59%, Test In: 96.26% Test OOD1: 88.16% 
Epoch: 220, Loss: 0.2134, Cls: 0.0848, Ind: 0.0002, Med: 0.0425, Spu: 0.0000, FD: 0.0859, Var: 0.0000, CStr: 0.512, Ctx: 2, Train: 99.66%, Valid: 96.59%, Test In: 96.56% Test OOD1: 86.27% 
Epoch: 221, Loss: 0.2147, Cls: 0.0852, Ind: 0.0002, Med: 0.0426, Spu: 0.0000, FD: 0.0866, Var: 0.0000, CStr: 0.512, Ctx: 2, Train: 99.62%, Valid: 96.57%, Test In: 96.42% Test OOD1: 86.51% 
Epoch: 222, Loss: 0.2061, Cls: 0.0818, Ind: 0.0002, Med: 0.0409, Spu: 0.0000, FD: 0.0831, Var: 0.0000, CStr: 0.512, Ctx: 2, Train: 99.65%, Valid: 96.60%, Test In: 96.33% Test OOD1: 87.14% 
Epoch: 223, Loss: 0.2147, Cls: 0.0854, Ind: 0.0002, Med: 0.0428, Spu: 0.0000, FD: 0.0862, Var: 0.0000, CStr: 0.512, Ctx: 2, Train: 99.64%, Valid: 96.54%, Test In: 96.44% Test OOD1: 86.09% 
Epoch: 224, Loss: 0.2028, Cls: 0.0804, Ind: 0.0002, Med: 0.0401, Spu: 0.0000, FD: 0.0821, Var: 0.0000, CStr: 0.512, Ctx: 2, Train: 99.66%, Valid: 96.61%, Test In: 96.44% Test OOD1: 86.50% 
Epoch: 225, Loss: 0.2026, Cls: 0.0806, Ind: 0.0002, Med: 0.0404, Spu: 0.0000, FD: 0.0814, Var: 0.0000, CStr: 0.512, Ctx: 2, Train: 99.67%, Valid: 96.67%, Test In: 96.43% Test OOD1: 86.97% 
Epoch: 226, Loss: 0.2117, Cls: 0.0842, Ind: 0.0002, Med: 0.0422, Spu: 0.0000, FD: 0.0851, Var: 0.0000, CStr: 0.512, Ctx: 2, Train: 99.68%, Valid: 96.72%, Test In: 96.64% Test OOD1: 85.36% 
Epoch: 227, Loss: 0.2081, Cls: 0.0829, Ind: 0.0002, Med: 0.0416, Spu: 0.0000, FD: 0.0834, Var: 0.0000, CStr: 0.512, Ctx: 2, Train: 99.66%, Valid: 96.49%, Test In: 96.42% Test OOD1: 88.60% 
Epoch: 228, Loss: 0.2158, Cls: 0.0857, Ind: 0.0002, Med: 0.0429, Spu: 0.0000, FD: 0.0869, Var: 0.0000, CStr: 0.512, Ctx: 2, Train: 99.74%, Valid: 96.65%, Test In: 96.66% Test OOD1: 87.33% 
Epoch: 229, Loss: 0.2050, Cls: 0.0816, Ind: 0.0002, Med: 0.0409, Spu: 0.0000, FD: 0.0823, Var: 0.0000, CStr: 0.512, Ctx: 2, Train: 99.76%, Valid: 96.86%, Test In: 96.68% Test OOD1: 86.77% 
Epoch: 230, Loss: 0.2107, Cls: 0.0837, Ind: 0.0002, Med: 0.0419, Spu: 0.0000, FD: 0.0848, Var: 0.0000, CStr: 0.512, Ctx: 2, Train: 99.61%, Valid: 96.37%, Test In: 96.29% Test OOD1: 88.29% 
Epoch: 231, Loss: 0.2113, Cls: 0.0839, Ind: 0.0002, Med: 0.0419, Spu: 0.0000, FD: 0.0853, Var: 0.0000, CStr: 0.512, Ctx: 2, Train: 99.72%, Valid: 96.65%, Test In: 96.60% Test OOD1: 86.28% 
Epoch: 232, Loss: 0.2064, Cls: 0.0820, Ind: 0.0002, Med: 0.0411, Spu: 0.0000, FD: 0.0830, Var: 0.0000, CStr: 0.512, Ctx: 2, Train: 99.74%, Valid: 96.62%, Test In: 96.54% Test OOD1: 86.81% 
Epoch: 233, Loss: 0.2047, Cls: 0.0813, Ind: 0.0002, Med: 0.0407, Spu: 0.0000, FD: 0.0825, Var: 0.0000, CStr: 0.512, Ctx: 2, Train: 99.73%, Valid: 96.69%, Test In: 96.59% Test OOD1: 85.77% 
Epoch: 234, Loss: 0.2029, Cls: 0.0806, Ind: 0.0002, Med: 0.0403, Spu: 0.0000, FD: 0.0818, Var: 0.0000, CStr: 0.512, Ctx: 2, Train: 99.72%, Valid: 96.65%, Test In: 96.42% Test OOD1: 87.45% 
Epoch: 235, Loss: 0.2019, Cls: 0.0802, Ind: 0.0002, Med: 0.0402, Spu: 0.0000, FD: 0.0813, Var: 0.0000, CStr: 0.513, Ctx: 2, Train: 99.76%, Valid: 96.72%, Test In: 96.56% Test OOD1: 87.51% 
Epoch: 236, Loss: 0.2044, Cls: 0.0812, Ind: 0.0002, Med: 0.0406, Spu: 0.0000, FD: 0.0824, Var: 0.0000, CStr: 0.513, Ctx: 2, Train: 99.81%, Valid: 96.88%, Test In: 96.73% Test OOD1: 86.67% 
Epoch: 237, Loss: 0.1995, Cls: 0.0792, Ind: 0.0002, Med: 0.0396, Spu: 0.0000, FD: 0.0804, Var: 0.0000, CStr: 0.513, Ctx: 2, Train: 99.75%, Valid: 96.69%, Test In: 96.56% Test OOD1: 88.53% 
Epoch: 238, Loss: 0.1956, Cls: 0.0776, Ind: 0.0002, Med: 0.0388, Spu: 0.0000, FD: 0.0790, Var: 0.0000, CStr: 0.513, Ctx: 2, Train: 99.70%, Valid: 96.73%, Test In: 96.59% Test OOD1: 87.85% 
Epoch: 239, Loss: 0.2048, Cls: 0.0814, Ind: 0.0002, Med: 0.0408, Spu: 0.0000, FD: 0.0823, Var: 0.0000, CStr: 0.513, Ctx: 2, Train: 99.73%, Valid: 96.84%, Test In: 96.69% Test OOD1: 87.29% 
Epoch: 240, Loss: 0.1917, Cls: 0.0763, Ind: 0.0002, Med: 0.0383, Spu: 0.0000, FD: 0.0770, Var: 0.0000, CStr: 0.513, Ctx: 2, Train: 99.72%, Valid: 96.81%, Test In: 96.53% Test OOD1: 87.68% 
Epoch: 241, Loss: 0.1936, Cls: 0.0769, Ind: 0.0002, Med: 0.0385, Spu: 0.0000, FD: 0.0780, Var: 0.0000, CStr: 0.513, Ctx: 2, Train: 99.75%, Valid: 96.77%, Test In: 96.72% Test OOD1: 86.11% 
Epoch: 242, Loss: 0.2061, Cls: 0.0819, Ind: 0.0002, Med: 0.0410, Spu: 0.0000, FD: 0.0831, Var: 0.0000, CStr: 0.513, Ctx: 2, Train: 99.67%, Valid: 96.54%, Test In: 96.40% Test OOD1: 88.31% 
Epoch: 243, Loss: 0.2077, Cls: 0.0826, Ind: 0.0002, Med: 0.0413, Spu: 0.0000, FD: 0.0836, Var: 0.0000, CStr: 0.514, Ctx: 2, Train: 99.79%, Valid: 96.84%, Test In: 96.79% Test OOD1: 86.46% 
Epoch: 244, Loss: 0.1989, Cls: 0.0790, Ind: 0.0002, Med: 0.0396, Spu: 0.0000, FD: 0.0801, Var: 0.0000, CStr: 0.514, Ctx: 2, Train: 99.75%, Valid: 96.81%, Test In: 96.69% Test OOD1: 86.49% 
Epoch: 245, Loss: 0.1999, Cls: 0.0793, Ind: 0.0002, Med: 0.0397, Spu: 0.0000, FD: 0.0807, Var: 0.0000, CStr: 0.514, Ctx: 2, Train: 99.60%, Valid: 96.63%, Test In: 96.40% Test OOD1: 88.86% 
Epoch: 246, Loss: 0.1976, Cls: 0.0785, Ind: 0.0002, Med: 0.0393, Spu: 0.0000, FD: 0.0796, Var: 0.0000, CStr: 0.514, Ctx: 2, Train: 99.78%, Valid: 96.84%, Test In: 96.75% Test OOD1: 86.18% 
Epoch: 247, Loss: 0.2047, Cls: 0.0814, Ind: 0.0002, Med: 0.0408, Spu: 0.0000, FD: 0.0823, Var: 0.0000, CStr: 0.515, Ctx: 2, Train: 99.78%, Valid: 96.80%, Test In: 96.73% Test OOD1: 87.36% 
Epoch: 248, Loss: 0.1998, Cls: 0.0794, Ind: 0.0002, Med: 0.0398, Spu: 0.0000, FD: 0.0804, Var: 0.0000, CStr: 0.515, Ctx: 2, Train: 99.74%, Valid: 96.70%, Test In: 96.61% Test OOD1: 86.89% 
Epoch: 249, Loss: 0.1994, Cls: 0.0794, Ind: 0.0002, Med: 0.0398, Spu: 0.0000, FD: 0.0801, Var: 0.0000, CStr: 0.515, Ctx: 2, Train: 99.80%, Valid: 96.81%, Test In: 96.79% Test OOD1: 86.10% 
Epoch: 250, Loss: 0.2009, Cls: 0.0798, Ind: 0.0002, Med: 0.0400, Spu: 0.0000, FD: 0.0809, Var: 0.0000, CStr: 0.515, Ctx: 2, Train: 99.73%, Valid: 96.72%, Test In: 96.61% Test OOD1: 87.97% 
Epoch: 251, Loss: 0.2061, Cls: 0.0819, Ind: 0.0002, Med: 0.0410, Spu: 0.0000, FD: 0.0830, Var: 0.0000, CStr: 0.516, Ctx: 2, Train: 99.72%, Valid: 96.71%, Test In: 96.62% Test OOD1: 84.88% 
Epoch: 252, Loss: 0.2144, Cls: 0.0852, Ind: 0.0002, Med: 0.0427, Spu: 0.0000, FD: 0.0863, Var: 0.0000, CStr: 0.516, Ctx: 2, Train: 99.72%, Valid: 96.69%, Test In: 96.50% Test OOD1: 88.54% 
Epoch: 253, Loss: 0.1997, Cls: 0.0795, Ind: 0.0002, Med: 0.0399, Spu: 0.0000, FD: 0.0802, Var: 0.0000, CStr: 0.516, Ctx: 2, Train: 99.82%, Valid: 96.95%, Test In: 96.98% Test OOD1: 85.71% 
Epoch: 254, Loss: 0.1910, Cls: 0.0759, Ind: 0.0002, Med: 0.0380, Spu: 0.0000, FD: 0.0769, Var: 0.0000, CStr: 0.516, Ctx: 2, Train: 99.80%, Valid: 96.87%, Test In: 96.90% Test OOD1: 85.83% 
Epoch: 255, Loss: 0.1900, Cls: 0.0755, Ind: 0.0002, Med: 0.0378, Spu: 0.0000, FD: 0.0764, Var: 0.0000, CStr: 0.517, Ctx: 2, Train: 99.58%, Valid: 96.44%, Test In: 96.31% Test OOD1: 89.19% 
Epoch: 256, Loss: 0.2015, Cls: 0.0801, Ind: 0.0002, Med: 0.0401, Spu: 0.0000, FD: 0.0811, Var: 0.0000, CStr: 0.517, Ctx: 2, Train: 99.77%, Valid: 96.79%, Test In: 96.84% Test OOD1: 84.33% 
Epoch: 257, Loss: 0.2045, Cls: 0.0813, Ind: 0.0002, Med: 0.0407, Spu: 0.0000, FD: 0.0823, Var: 0.0000, CStr: 0.517, Ctx: 2, Train: 99.71%, Valid: 96.80%, Test In: 96.64% Test OOD1: 88.30% 
Epoch: 258, Loss: 0.1910, Cls: 0.0760, Ind: 0.0002, Med: 0.0381, Spu: 0.0000, FD: 0.0767, Var: 0.0000, CStr: 0.517, Ctx: 2, Train: 99.65%, Valid: 96.55%, Test In: 96.52% Test OOD1: 88.58% 
Epoch: 259, Loss: 0.1877, Cls: 0.0747, Ind: 0.0002, Med: 0.0375, Spu: 0.0000, FD: 0.0753, Var: 0.0000, CStr: 0.518, Ctx: 2, Train: 99.78%, Valid: 96.87%, Test In: 96.92% Test OOD1: 85.45% 
Epoch: 260, Loss: 0.1866, Cls: 0.0740, Ind: 0.0002, Med: 0.0370, Spu: 0.0000, FD: 0.0754, Var: 0.0000, CStr: 0.518, Ctx: 2, Train: 99.80%, Valid: 96.77%, Test In: 96.74% Test OOD1: 88.54% 
Epoch: 261, Loss: 0.1925, Cls: 0.0765, Ind: 0.0002, Med: 0.0383, Spu: 0.0000, FD: 0.0775, Var: 0.0000, CStr: 0.518, Ctx: 2, Train: 99.82%, Valid: 96.78%, Test In: 96.73% Test OOD1: 88.61% 
Epoch: 262, Loss: 0.1812, Cls: 0.0720, Ind: 0.0002, Med: 0.0361, Spu: 0.0000, FD: 0.0729, Var: 0.0000, CStr: 0.518, Ctx: 2, Train: 99.83%, Valid: 96.94%, Test In: 96.94% Test OOD1: 86.38% 
Epoch: 263, Loss: 0.1916, Cls: 0.0761, Ind: 0.0002, Med: 0.0381, Spu: 0.0000, FD: 0.0771, Var: 0.0000, CStr: 0.518, Ctx: 2, Train: 99.81%, Valid: 96.90%, Test In: 96.61% Test OOD1: 89.24% 
Epoch: 264, Loss: 0.2057, Cls: 0.0817, Ind: 0.0002, Med: 0.0409, Spu: 0.0000, FD: 0.0829, Var: 0.0000, CStr: 0.519, Ctx: 2, Train: 99.83%, Valid: 96.98%, Test In: 96.84% Test OOD1: 87.88% 
Epoch: 265, Loss: 0.1875, Cls: 0.0746, Ind: 0.0002, Med: 0.0374, Spu: 0.0000, FD: 0.0754, Var: 0.0000, CStr: 0.519, Ctx: 2, Train: 99.81%, Valid: 96.96%, Test In: 96.88% Test OOD1: 86.76% 
Epoch: 266, Loss: 0.1825, Cls: 0.0725, Ind: 0.0002, Med: 0.0363, Spu: 0.0000, FD: 0.0734, Var: 0.0000, CStr: 0.519, Ctx: 2, Train: 99.81%, Valid: 96.89%, Test In: 96.79% Test OOD1: 87.51% 
Epoch: 267, Loss: 0.2001, Cls: 0.0796, Ind: 0.0002, Med: 0.0398, Spu: 0.0000, FD: 0.0805, Var: 0.0000, CStr: 0.519, Ctx: 2, Train: 99.84%, Valid: 96.95%, Test In: 96.88% Test OOD1: 86.81% 
Epoch: 268, Loss: 0.1839, Cls: 0.0731, Ind: 0.0002, Med: 0.0366, Spu: 0.0000, FD: 0.0740, Var: 0.0000, CStr: 0.519, Ctx: 2, Train: 99.71%, Valid: 96.65%, Test In: 96.64% Test OOD1: 87.87% 
Epoch: 269, Loss: 0.1914, Cls: 0.0761, Ind: 0.0002, Med: 0.0382, Spu: 0.0000, FD: 0.0770, Var: 0.0000, CStr: 0.519, Ctx: 2, Train: 99.83%, Valid: 96.98%, Test In: 96.79% Test OOD1: 87.15% 
Epoch: 270, Loss: 0.1854, Cls: 0.0738, Ind: 0.0002, Med: 0.0371, Spu: 0.0000, FD: 0.0743, Var: 0.0000, CStr: 0.519, Ctx: 2, Train: 99.86%, Valid: 97.00%, Test In: 96.92% Test OOD1: 86.56% 
Epoch: 271, Loss: 0.1819, Cls: 0.0723, Ind: 0.0002, Med: 0.0363, Spu: 0.0000, FD: 0.0731, Var: 0.0000, CStr: 0.520, Ctx: 2, Train: 99.71%, Valid: 96.64%, Test In: 96.54% Test OOD1: 88.60% 
Epoch: 272, Loss: 0.1947, Cls: 0.0773, Ind: 0.0002, Med: 0.0387, Spu: 0.0000, FD: 0.0785, Var: 0.0000, CStr: 0.520, Ctx: 2, Train: 99.85%, Valid: 96.90%, Test In: 96.93% Test OOD1: 87.21% 
Epoch: 273, Loss: 0.1862, Cls: 0.0740, Ind: 0.0002, Med: 0.0371, Spu: 0.0000, FD: 0.0749, Var: 0.0000, CStr: 0.520, Ctx: 2, Train: 99.87%, Valid: 97.12%, Test In: 96.95% Test OOD1: 86.71% 
Epoch: 274, Loss: 0.1840, Cls: 0.0731, Ind: 0.0001, Med: 0.0365, Spu: 0.0000, FD: 0.0742, Var: 0.0000, CStr: 0.520, Ctx: 2, Train: 99.81%, Valid: 96.81%, Test In: 96.77% Test OOD1: 88.51% 
Epoch: 275, Loss: 0.1877, Cls: 0.0746, Ind: 0.0002, Med: 0.0373, Spu: 0.0000, FD: 0.0756, Var: 0.0000, CStr: 0.520, Ctx: 2, Train: 99.86%, Valid: 96.96%, Test In: 96.92% Test OOD1: 88.06% 
Epoch: 276, Loss: 0.1851, Cls: 0.0735, Ind: 0.0001, Med: 0.0368, Spu: 0.0000, FD: 0.0746, Var: 0.0000, CStr: 0.520, Ctx: 2, Train: 99.86%, Valid: 97.03%, Test In: 96.98% Test OOD1: 87.47% 
Epoch: 277, Loss: 0.1872, Cls: 0.0745, Ind: 0.0001, Med: 0.0373, Spu: 0.0000, FD: 0.0753, Var: 0.0000, CStr: 0.520, Ctx: 2, Train: 99.82%, Valid: 96.85%, Test In: 96.76% Test OOD1: 88.60% 
Epoch: 278, Loss: 0.1821, Cls: 0.0724, Ind: 0.0001, Med: 0.0363, Spu: 0.0000, FD: 0.0733, Var: 0.0000, CStr: 0.520, Ctx: 2, Train: 99.81%, Valid: 96.86%, Test In: 96.67% Test OOD1: 87.58% 
Epoch: 279, Loss: 0.1874, Cls: 0.0744, Ind: 0.0002, Med: 0.0372, Spu: 0.0000, FD: 0.0756, Var: 0.0000, CStr: 0.520, Ctx: 2, Train: 99.85%, Valid: 97.04%, Test In: 96.92% Test OOD1: 87.52% 
Epoch: 280, Loss: 0.1846, Cls: 0.0734, Ind: 0.0002, Med: 0.0368, Spu: 0.0000, FD: 0.0742, Var: 0.0000, CStr: 0.521, Ctx: 2, Train: 99.89%, Valid: 97.10%, Test In: 96.98% Test OOD1: 87.35% 
Epoch: 281, Loss: 0.1694, Cls: 0.0674, Ind: 0.0002, Med: 0.0338, Spu: 0.0000, FD: 0.0680, Var: 0.0000, CStr: 0.521, Ctx: 2, Train: 99.83%, Valid: 96.81%, Test In: 96.82% Test OOD1: 88.38% 
Epoch: 282, Loss: 0.1753, Cls: 0.0697, Ind: 0.0002, Med: 0.0349, Spu: 0.0000, FD: 0.0705, Var: 0.0000, CStr: 0.521, Ctx: 2, Train: 99.87%, Valid: 97.07%, Test In: 96.96% Test OOD1: 87.88% 
Epoch: 283, Loss: 0.1727, Cls: 0.0686, Ind: 0.0002, Med: 0.0344, Spu: 0.0000, FD: 0.0695, Var: 0.0000, CStr: 0.521, Ctx: 2, Train: 99.87%, Valid: 97.07%, Test In: 97.02% Test OOD1: 88.01% 
Epoch: 284, Loss: 0.1803, Cls: 0.0717, Ind: 0.0002, Med: 0.0359, Spu: 0.0000, FD: 0.0724, Var: 0.0000, CStr: 0.521, Ctx: 2, Train: 99.80%, Valid: 96.88%, Test In: 96.94% Test OOD1: 89.71% 
Epoch: 285, Loss: 0.1808, Cls: 0.0718, Ind: 0.0002, Med: 0.0359, Spu: 0.0000, FD: 0.0730, Var: 0.0000, CStr: 0.521, Ctx: 2, Train: 99.84%, Valid: 96.88%, Test In: 96.86% Test OOD1: 86.90% 
Epoch: 286, Loss: 0.1782, Cls: 0.0708, Ind: 0.0002, Med: 0.0354, Spu: 0.0000, FD: 0.0719, Var: 0.0000, CStr: 0.521, Ctx: 2, Train: 99.79%, Valid: 96.80%, Test In: 96.84% Test OOD1: 89.68% 
Epoch: 287, Loss: 0.1825, Cls: 0.0725, Ind: 0.0002, Med: 0.0363, Spu: 0.0000, FD: 0.0735, Var: 0.0000, CStr: 0.521, Ctx: 2, Train: 99.89%, Valid: 97.11%, Test In: 97.05% Test OOD1: 87.58% 
Epoch: 288, Loss: 0.1731, Cls: 0.0688, Ind: 0.0002, Med: 0.0345, Spu: 0.0000, FD: 0.0696, Var: 0.0000, CStr: 0.521, Ctx: 2, Train: 99.86%, Valid: 97.09%, Test In: 96.93% Test OOD1: 86.19% 
Epoch: 289, Loss: 0.1786, Cls: 0.0710, Ind: 0.0002, Med: 0.0356, Spu: 0.0000, FD: 0.0718, Var: 0.0000, CStr: 0.521, Ctx: 2, Train: 99.77%, Valid: 96.71%, Test In: 96.59% Test OOD1: 89.75% 
Epoch: 290, Loss: 0.1894, Cls: 0.0753, Ind: 0.0001, Med: 0.0376, Spu: 0.0000, FD: 0.0764, Var: 0.0000, CStr: 0.521, Ctx: 2, Train: 99.91%, Valid: 97.13%, Test In: 97.00% Test OOD1: 86.16% 
Epoch: 291, Loss: 0.1730, Cls: 0.0688, Ind: 0.0002, Med: 0.0345, Spu: 0.0000, FD: 0.0696, Var: 0.0000, CStr: 0.521, Ctx: 2, Train: 99.86%, Valid: 97.04%, Test In: 96.86% Test OOD1: 86.55% 
Epoch: 292, Loss: 0.1830, Cls: 0.0728, Ind: 0.0002, Med: 0.0364, Spu: 0.0000, FD: 0.0736, Var: 0.0000, CStr: 0.521, Ctx: 2, Train: 99.73%, Valid: 96.67%, Test In: 96.67% Test OOD1: 89.00% 
Epoch: 293, Loss: 0.1873, Cls: 0.0745, Ind: 0.0002, Med: 0.0374, Spu: 0.0000, FD: 0.0752, Var: 0.0000, CStr: 0.521, Ctx: 2, Train: 99.87%, Valid: 97.19%, Test In: 96.97% Test OOD1: 85.65% 
Epoch: 294, Loss: 0.1801, Cls: 0.0716, Ind: 0.0002, Med: 0.0359, Spu: 0.0000, FD: 0.0724, Var: 0.0000, CStr: 0.522, Ctx: 2, Train: 99.85%, Valid: 97.07%, Test In: 97.00% Test OOD1: 87.47% 
Epoch: 295, Loss: 0.1720, Cls: 0.0683, Ind: 0.0002, Med: 0.0341, Spu: 0.0000, FD: 0.0694, Var: 0.0000, CStr: 0.522, Ctx: 2, Train: 99.82%, Valid: 96.79%, Test In: 96.83% Test OOD1: 89.08% 
Epoch: 296, Loss: 0.1802, Cls: 0.0716, Ind: 0.0002, Med: 0.0359, Spu: 0.0000, FD: 0.0725, Var: 0.0000, CStr: 0.522, Ctx: 2, Train: 99.91%, Valid: 97.17%, Test In: 97.01% Test OOD1: 86.42% 
Epoch: 297, Loss: 0.1819, Cls: 0.0723, Ind: 0.0001, Med: 0.0362, Spu: 0.0000, FD: 0.0733, Var: 0.0000, CStr: 0.522, Ctx: 2, Train: 99.87%, Valid: 97.00%, Test In: 96.85% Test OOD1: 89.13% 
Epoch: 298, Loss: 0.1675, Cls: 0.0665, Ind: 0.0002, Med: 0.0333, Spu: 0.0000, FD: 0.0674, Var: 0.0000, CStr: 0.522, Ctx: 2, Train: 99.89%, Valid: 97.00%, Test In: 96.92% Test OOD1: 88.18% 
Epoch: 299, Loss: 0.1694, Cls: 0.0673, Ind: 0.0001, Med: 0.0336, Spu: 0.0000, FD: 0.0684, Var: 0.0000, CStr: 0.522, Ctx: 2, Train: 99.89%, Valid: 97.01%, Test In: 96.87% Test OOD1: 87.04% 
Epoch: 300, Loss: 0.1744, Cls: 0.0693, Ind: 0.0002, Med: 0.0346, Spu: 0.0000, FD: 0.0703, Var: 0.0000, CStr: 0.522, Ctx: 2, Train: 99.78%, Valid: 96.69%, Test In: 96.70% Test OOD1: 90.07% 
Epoch: 301, Loss: 0.2025, Cls: 0.0806, Ind: 0.0002, Med: 0.0404, Spu: 0.0000, FD: 0.0813, Var: 0.0000, CStr: 0.522, Ctx: 2, Train: 99.89%, Valid: 97.08%, Test In: 96.99% Test OOD1: 86.22% 
Epoch: 302, Loss: 0.1821, Cls: 0.0723, Ind: 0.0002, Med: 0.0361, Spu: 0.0000, FD: 0.0735, Var: 0.0000, CStr: 0.522, Ctx: 2, Train: 99.86%, Valid: 96.92%, Test In: 96.95% Test OOD1: 88.04% 
Epoch: 303, Loss: 0.1685, Cls: 0.0670, Ind: 0.0002, Med: 0.0336, Spu: 0.0000, FD: 0.0677, Var: 0.0000, CStr: 0.522, Ctx: 2, Train: 99.85%, Valid: 96.92%, Test In: 96.87% Test OOD1: 88.71% 
Epoch: 304, Loss: 0.1758, Cls: 0.0699, Ind: 0.0002, Med: 0.0350, Spu: 0.0000, FD: 0.0707, Var: 0.0000, CStr: 0.522, Ctx: 2, Train: 99.90%, Valid: 97.22%, Test In: 97.15% Test OOD1: 86.04% 
Epoch: 305, Loss: 0.1738, Cls: 0.0692, Ind: 0.0001, Med: 0.0347, Spu: 0.0000, FD: 0.0698, Var: 0.0000, CStr: 0.522, Ctx: 2, Train: 99.86%, Valid: 97.07%, Test In: 97.02% Test OOD1: 88.11% 
Epoch: 306, Loss: 0.1712, Cls: 0.0680, Ind: 0.0002, Med: 0.0340, Spu: 0.0000, FD: 0.0690, Var: 0.0000, CStr: 0.522, Ctx: 2, Train: 99.89%, Valid: 97.18%, Test In: 97.14% Test OOD1: 88.14% 
Epoch: 307, Loss: 0.1604, Cls: 0.0638, Ind: 0.0001, Med: 0.0319, Spu: 0.0000, FD: 0.0646, Var: 0.0000, CStr: 0.522, Ctx: 2, Train: 99.92%, Valid: 97.33%, Test In: 97.18% Test OOD1: 86.87% 
Epoch: 308, Loss: 0.1729, Cls: 0.0689, Ind: 0.0001, Med: 0.0346, Spu: 0.0000, FD: 0.0693, Var: 0.0000, CStr: 0.522, Ctx: 2, Train: 99.88%, Valid: 97.14%, Test In: 97.00% Test OOD1: 88.47% 
Epoch: 309, Loss: 0.1680, Cls: 0.0669, Ind: 0.0001, Med: 0.0336, Spu: 0.0000, FD: 0.0674, Var: 0.0000, CStr: 0.522, Ctx: 2, Train: 99.91%, Valid: 97.20%, Test In: 97.02% Test OOD1: 87.06% 
Epoch: 310, Loss: 0.1727, Cls: 0.0686, Ind: 0.0002, Med: 0.0343, Spu: 0.0000, FD: 0.0697, Var: 0.0000, CStr: 0.522, Ctx: 2, Train: 99.92%, Valid: 97.27%, Test In: 97.14% Test OOD1: 85.99% 
Epoch: 311, Loss: 0.1627, Cls: 0.0647, Ind: 0.0002, Med: 0.0324, Spu: 0.0000, FD: 0.0653, Var: 0.0000, CStr: 0.522, Ctx: 2, Train: 99.87%, Valid: 97.13%, Test In: 96.97% Test OOD1: 87.61% 
Epoch: 312, Loss: 0.1667, Cls: 0.0662, Ind: 0.0002, Med: 0.0331, Spu: 0.0000, FD: 0.0672, Var: 0.0000, CStr: 0.522, Ctx: 2, Train: 99.80%, Valid: 96.91%, Test In: 96.81% Test OOD1: 87.31% 
Epoch: 313, Loss: 0.1723, Cls: 0.0686, Ind: 0.0001, Med: 0.0344, Spu: 0.0000, FD: 0.0692, Var: 0.0000, CStr: 0.522, Ctx: 2, Train: 99.89%, Valid: 97.15%, Test In: 97.09% Test OOD1: 87.21% 
Epoch: 314, Loss: 0.1739, Cls: 0.0692, Ind: 0.0002, Med: 0.0346, Spu: 0.0000, FD: 0.0699, Var: 0.0000, CStr: 0.522, Ctx: 2, Train: 99.91%, Valid: 97.21%, Test In: 97.13% Test OOD1: 86.90% 
Epoch: 315, Loss: 0.1751, Cls: 0.0697, Ind: 0.0002, Med: 0.0350, Spu: 0.0000, FD: 0.0703, Var: 0.0000, CStr: 0.522, Ctx: 2, Train: 99.84%, Valid: 97.01%, Test In: 96.98% Test OOD1: 88.55% 
Epoch: 316, Loss: 0.1677, Cls: 0.0668, Ind: 0.0002, Med: 0.0335, Spu: 0.0000, FD: 0.0672, Var: 0.0000, CStr: 0.522, Ctx: 2, Train: 99.88%, Valid: 97.00%, Test In: 97.05% Test OOD1: 88.47% 
Epoch: 317, Loss: 0.1698, Cls: 0.0677, Ind: 0.0002, Med: 0.0340, Spu: 0.0000, FD: 0.0680, Var: 0.0000, CStr: 0.522, Ctx: 2, Train: 99.94%, Valid: 97.29%, Test In: 97.19% Test OOD1: 86.30% 
Epoch: 318, Loss: 0.1679, Cls: 0.0668, Ind: 0.0002, Med: 0.0334, Spu: 0.0000, FD: 0.0675, Var: 0.0000, CStr: 0.522, Ctx: 2, Train: 99.91%, Valid: 97.22%, Test In: 97.09% Test OOD1: 88.66% 
Epoch: 319, Loss: 0.1682, Cls: 0.0669, Ind: 0.0001, Med: 0.0336, Spu: 0.0000, FD: 0.0675, Var: 0.0000, CStr: 0.522, Ctx: 2, Train: 99.91%, Valid: 97.15%, Test In: 97.14% Test OOD1: 87.67% 
Epoch: 320, Loss: 0.1668, Cls: 0.0663, Ind: 0.0001, Med: 0.0332, Spu: 0.0000, FD: 0.0671, Var: 0.0000, CStr: 0.522, Ctx: 2, Train: 99.92%, Valid: 97.22%, Test In: 97.21% Test OOD1: 88.04% 
Epoch: 321, Loss: 0.1612, Cls: 0.0641, Ind: 0.0001, Med: 0.0321, Spu: 0.0000, FD: 0.0648, Var: 0.0000, CStr: 0.522, Ctx: 2, Train: 99.91%, Valid: 97.24%, Test In: 97.17% Test OOD1: 88.30% 
Epoch: 322, Loss: 0.1598, Cls: 0.0635, Ind: 0.0002, Med: 0.0318, Spu: 0.0000, FD: 0.0643, Var: 0.0000, CStr: 0.522, Ctx: 2, Train: 99.91%, Valid: 97.21%, Test In: 97.12% Test OOD1: 87.46% 
Epoch: 323, Loss: 0.1677, Cls: 0.0667, Ind: 0.0002, Med: 0.0334, Spu: 0.0000, FD: 0.0675, Var: 0.0000, CStr: 0.522, Ctx: 2, Train: 99.89%, Valid: 97.09%, Test In: 96.90% Test OOD1: 88.26% 
Epoch: 324, Loss: 0.1607, Cls: 0.0638, Ind: 0.0001, Med: 0.0320, Spu: 0.0000, FD: 0.0647, Var: 0.0000, CStr: 0.522, Ctx: 2, Train: 99.91%, Valid: 97.22%, Test In: 97.11% Test OOD1: 87.67% 
Epoch: 325, Loss: 0.1556, Cls: 0.0619, Ind: 0.0002, Med: 0.0311, Spu: 0.0000, FD: 0.0624, Var: 0.0000, CStr: 0.522, Ctx: 2, Train: 99.91%, Valid: 97.22%, Test In: 97.17% Test OOD1: 87.33% 
Epoch: 326, Loss: 0.1636, Cls: 0.0650, Ind: 0.0002, Med: 0.0325, Spu: 0.0000, FD: 0.0659, Var: 0.0000, CStr: 0.522, Ctx: 2, Train: 99.90%, Valid: 97.15%, Test In: 97.07% Test OOD1: 88.32% 
Epoch: 327, Loss: 0.1656, Cls: 0.0659, Ind: 0.0002, Med: 0.0330, Spu: 0.0000, FD: 0.0665, Var: 0.0000, CStr: 0.522, Ctx: 2, Train: 99.90%, Valid: 97.23%, Test In: 97.11% Test OOD1: 87.87% 
Epoch: 328, Loss: 0.1587, Cls: 0.0630, Ind: 0.0001, Med: 0.0315, Spu: 0.0000, FD: 0.0640, Var: 0.0000, CStr: 0.523, Ctx: 2, Train: 99.90%, Valid: 97.26%, Test In: 97.19% Test OOD1: 87.47% 
Epoch: 329, Loss: 0.1549, Cls: 0.0615, Ind: 0.0001, Med: 0.0308, Spu: 0.0000, FD: 0.0624, Var: 0.0000, CStr: 0.523, Ctx: 2, Train: 99.88%, Valid: 97.06%, Test In: 97.04% Test OOD1: 88.92% 
Epoch: 330, Loss: 0.1704, Cls: 0.0677, Ind: 0.0001, Med: 0.0339, Spu: 0.0000, FD: 0.0687, Var: 0.0000, CStr: 0.523, Ctx: 2, Train: 99.93%, Valid: 97.30%, Test In: 97.28% Test OOD1: 87.01% 
Epoch: 331, Loss: 0.1572, Cls: 0.0625, Ind: 0.0001, Med: 0.0313, Spu: 0.0000, FD: 0.0632, Var: 0.0000, CStr: 0.523, Ctx: 2, Train: 99.92%, Valid: 97.18%, Test In: 97.15% Test OOD1: 89.07% 
Epoch: 332, Loss: 0.1640, Cls: 0.0650, Ind: 0.0001, Med: 0.0324, Spu: 0.0000, FD: 0.0664, Var: 0.0000, CStr: 0.523, Ctx: 2, Train: 99.93%, Valid: 97.19%, Test In: 97.19% Test OOD1: 88.64% 
Epoch: 333, Loss: 0.1535, Cls: 0.0610, Ind: 0.0001, Med: 0.0305, Spu: 0.0000, FD: 0.0619, Var: 0.0000, CStr: 0.523, Ctx: 2, Train: 99.94%, Valid: 97.20%, Test In: 97.26% Test OOD1: 88.39% 
Epoch: 334, Loss: 0.1557, Cls: 0.0619, Ind: 0.0002, Med: 0.0310, Spu: 0.0000, FD: 0.0627, Var: 0.0000, CStr: 0.523, Ctx: 2, Train: 99.89%, Valid: 97.11%, Test In: 97.11% Test OOD1: 89.90% 
Epoch: 335, Loss: 0.1636, Cls: 0.0650, Ind: 0.0001, Med: 0.0325, Spu: 0.0000, FD: 0.0659, Var: 0.0000, CStr: 0.523, Ctx: 2, Train: 99.94%, Valid: 97.27%, Test In: 97.31% Test OOD1: 87.54% 
Epoch: 336, Loss: 0.1634, Cls: 0.0649, Ind: 0.0001, Med: 0.0324, Spu: 0.0000, FD: 0.0659, Var: 0.0000, CStr: 0.523, Ctx: 2, Train: 99.89%, Valid: 97.07%, Test In: 97.11% Test OOD1: 88.88% 
Epoch: 337, Loss: 0.1563, Cls: 0.0622, Ind: 0.0001, Med: 0.0312, Spu: 0.0000, FD: 0.0627, Var: 0.0000, CStr: 0.523, Ctx: 2, Train: 99.87%, Valid: 97.04%, Test In: 96.97% Test OOD1: 89.19% 
Epoch: 338, Loss: 0.1599, Cls: 0.0637, Ind: 0.0002, Med: 0.0319, Spu: 0.0000, FD: 0.0642, Var: 0.0000, CStr: 0.523, Ctx: 2, Train: 99.89%, Valid: 97.15%, Test In: 97.15% Test OOD1: 87.55% 
Epoch: 339, Loss: 0.1626, Cls: 0.0647, Ind: 0.0001, Med: 0.0324, Spu: 0.0000, FD: 0.0653, Var: 0.0000, CStr: 0.523, Ctx: 2, Train: 99.92%, Valid: 97.16%, Test In: 97.19% Test OOD1: 87.85% 
Epoch: 340, Loss: 0.1667, Cls: 0.0663, Ind: 0.0002, Med: 0.0332, Spu: 0.0000, FD: 0.0671, Var: 0.0000, CStr: 0.523, Ctx: 2, Train: 99.92%, Valid: 97.15%, Test In: 97.14% Test OOD1: 88.44% 
Epoch: 341, Loss: 0.1659, Cls: 0.0659, Ind: 0.0001, Med: 0.0329, Spu: 0.0000, FD: 0.0669, Var: 0.0000, CStr: 0.523, Ctx: 2, Train: 99.94%, Valid: 97.23%, Test In: 97.17% Test OOD1: 87.35% 
Epoch: 342, Loss: 0.1600, Cls: 0.0636, Ind: 0.0001, Med: 0.0319, Spu: 0.0000, FD: 0.0643, Var: 0.0000, CStr: 0.523, Ctx: 2, Train: 99.94%, Valid: 97.23%, Test In: 97.17% Test OOD1: 88.55% 
Epoch: 343, Loss: 0.1549, Cls: 0.0617, Ind: 0.0002, Med: 0.0310, Spu: 0.0000, FD: 0.0621, Var: 0.0000, CStr: 0.523, Ctx: 2, Train: 99.94%, Valid: 97.26%, Test In: 97.21% Test OOD1: 88.05% 
Epoch: 344, Loss: 0.1560, Cls: 0.0620, Ind: 0.0001, Med: 0.0310, Spu: 0.0000, FD: 0.0628, Var: 0.0000, CStr: 0.523, Ctx: 2, Train: 99.94%, Valid: 97.32%, Test In: 97.16% Test OOD1: 86.78% 
Epoch: 345, Loss: 0.1580, Cls: 0.0629, Ind: 0.0002, Med: 0.0316, Spu: 0.0000, FD: 0.0633, Var: 0.0000, CStr: 0.523, Ctx: 2, Train: 99.93%, Valid: 97.21%, Test In: 97.04% Test OOD1: 88.41% 
Epoch: 346, Loss: 0.1608, Cls: 0.0640, Ind: 0.0001, Med: 0.0321, Spu: 0.0000, FD: 0.0645, Var: 0.0000, CStr: 0.523, Ctx: 2, Train: 99.93%, Valid: 97.34%, Test In: 97.11% Test OOD1: 87.82% 
Epoch: 347, Loss: 0.1706, Cls: 0.0679, Ind: 0.0001, Med: 0.0340, Spu: 0.0000, FD: 0.0686, Var: 0.0000, CStr: 0.523, Ctx: 2, Train: 99.94%, Valid: 97.35%, Test In: 97.15% Test OOD1: 87.15% 
Epoch: 348, Loss: 0.1487, Cls: 0.0591, Ind: 0.0001, Med: 0.0296, Spu: 0.0000, FD: 0.0598, Var: 0.0000, CStr: 0.523, Ctx: 2, Train: 99.95%, Valid: 97.38%, Test In: 97.23% Test OOD1: 87.29% 
Epoch: 349, Loss: 0.1597, Cls: 0.0635, Ind: 0.0001, Med: 0.0317, Spu: 0.0000, FD: 0.0644, Var: 0.0000, CStr: 0.523, Ctx: 2, Train: 99.95%, Valid: 97.40%, Test In: 97.25% Test OOD1: 87.24% 
Epoch: 350, Loss: 0.1546, Cls: 0.0614, Ind: 0.0001, Med: 0.0307, Spu: 0.0000, FD: 0.0623, Var: 0.0000, CStr: 0.523, Ctx: 2, Train: 99.91%, Valid: 97.26%, Test In: 97.14% Test OOD1: 87.98% 
Epoch: 351, Loss: 0.1574, Cls: 0.0625, Ind: 0.0001, Med: 0.0312, Spu: 0.0000, FD: 0.0635, Var: 0.0000, CStr: 0.523, Ctx: 2, Train: 99.92%, Valid: 97.34%, Test In: 97.21% Test OOD1: 88.13% 
Epoch: 352, Loss: 0.1607, Cls: 0.0639, Ind: 0.0001, Med: 0.0320, Spu: 0.0000, FD: 0.0647, Var: 0.0000, CStr: 0.523, Ctx: 2, Train: 99.93%, Valid: 97.40%, Test In: 97.22% Test OOD1: 88.05% 
Epoch: 353, Loss: 0.1669, Cls: 0.0664, Ind: 0.0001, Med: 0.0333, Spu: 0.0000, FD: 0.0671, Var: 0.0000, CStr: 0.523, Ctx: 2, Train: 99.93%, Valid: 97.42%, Test In: 97.15% Test OOD1: 88.44% 
Epoch: 354, Loss: 0.1537, Cls: 0.0612, Ind: 0.0001, Med: 0.0307, Spu: 0.0000, FD: 0.0617, Var: 0.0000, CStr: 0.523, Ctx: 2, Train: 99.94%, Valid: 97.44%, Test In: 97.27% Test OOD1: 88.52% 
Epoch: 355, Loss: 0.1545, Cls: 0.0616, Ind: 0.0001, Med: 0.0309, Spu: 0.0000, FD: 0.0619, Var: 0.0000, CStr: 0.523, Ctx: 2, Train: 99.95%, Valid: 97.40%, Test In: 97.32% Test OOD1: 88.36% 
Epoch: 356, Loss: 0.1577, Cls: 0.0627, Ind: 0.0001, Med: 0.0314, Spu: 0.0000, FD: 0.0635, Var: 0.0000, CStr: 0.523, Ctx: 2, Train: 99.94%, Valid: 97.30%, Test In: 97.31% Test OOD1: 88.65% 
Epoch: 357, Loss: 0.1529, Cls: 0.0607, Ind: 0.0001, Med: 0.0303, Spu: 0.0000, FD: 0.0617, Var: 0.0000, CStr: 0.523, Ctx: 2, Train: 99.94%, Valid: 97.36%, Test In: 97.29% Test OOD1: 88.90% 
Epoch: 358, Loss: 0.1555, Cls: 0.0618, Ind: 0.0001, Med: 0.0310, Spu: 0.0000, FD: 0.0625, Var: 0.0000, CStr: 0.524, Ctx: 2, Train: 99.94%, Valid: 97.34%, Test In: 97.24% Test OOD1: 88.93% 
Epoch: 359, Loss: 0.1520, Cls: 0.0605, Ind: 0.0001, Med: 0.0303, Spu: 0.0000, FD: 0.0611, Var: 0.0000, CStr: 0.524, Ctx: 2, Train: 99.94%, Valid: 97.38%, Test In: 97.21% Test OOD1: 88.98% 
Epoch: 360, Loss: 0.1581, Cls: 0.0629, Ind: 0.0002, Med: 0.0315, Spu: 0.0000, FD: 0.0635, Var: 0.0000, CStr: 0.524, Ctx: 2, Train: 99.93%, Valid: 97.33%, Test In: 97.27% Test OOD1: 89.04% 
Epoch: 361, Loss: 0.1561, Cls: 0.0619, Ind: 0.0001, Med: 0.0309, Spu: 0.0000, FD: 0.0631, Var: 0.0000, CStr: 0.524, Ctx: 2, Train: 99.95%, Valid: 97.30%, Test In: 97.13% Test OOD1: 90.03% 
Epoch: 362, Loss: 0.1643, Cls: 0.0654, Ind: 0.0001, Med: 0.0328, Spu: 0.0000, FD: 0.0660, Var: 0.0000, CStr: 0.524, Ctx: 2, Train: 99.95%, Valid: 97.33%, Test In: 97.28% Test OOD1: 88.18% 
Epoch: 363, Loss: 0.1517, Cls: 0.0604, Ind: 0.0001, Med: 0.0303, Spu: 0.0000, FD: 0.0608, Var: 0.0000, CStr: 0.524, Ctx: 2, Train: 99.95%, Valid: 97.24%, Test In: 97.17% Test OOD1: 89.29% 
Epoch: 364, Loss: 0.1585, Cls: 0.0630, Ind: 0.0001, Med: 0.0316, Spu: 0.0000, FD: 0.0638, Var: 0.0000, CStr: 0.524, Ctx: 2, Train: 99.90%, Valid: 97.17%, Test In: 97.11% Test OOD1: 89.74% 
Epoch: 365, Loss: 0.1598, Cls: 0.0634, Ind: 0.0001, Med: 0.0317, Spu: 0.0000, FD: 0.0645, Var: 0.0000, CStr: 0.524, Ctx: 2, Train: 99.95%, Valid: 97.36%, Test In: 97.25% Test OOD1: 87.13% 
Epoch: 366, Loss: 0.1565, Cls: 0.0623, Ind: 0.0001, Med: 0.0312, Spu: 0.0000, FD: 0.0629, Var: 0.0000, CStr: 0.524, Ctx: 2, Train: 99.86%, Valid: 97.15%, Test In: 97.03% Test OOD1: 89.80% 
Epoch: 367, Loss: 0.1694, Cls: 0.0674, Ind: 0.0002, Med: 0.0338, Spu: 0.0000, FD: 0.0679, Var: 0.0000, CStr: 0.524, Ctx: 2, Train: 99.94%, Valid: 97.38%, Test In: 97.31% Test OOD1: 87.92% 
Epoch: 368, Loss: 0.1540, Cls: 0.0612, Ind: 0.0001, Med: 0.0306, Spu: 0.0000, FD: 0.0620, Var: 0.0000, CStr: 0.524, Ctx: 2, Train: 99.94%, Valid: 97.33%, Test In: 97.30% Test OOD1: 88.39% 
Epoch: 369, Loss: 0.1553, Cls: 0.0618, Ind: 0.0001, Med: 0.0309, Spu: 0.0000, FD: 0.0625, Var: 0.0000, CStr: 0.524, Ctx: 2, Train: 99.91%, Valid: 97.24%, Test In: 97.07% Test OOD1: 90.49% 
Epoch: 370, Loss: 0.1551, Cls: 0.0617, Ind: 0.0001, Med: 0.0309, Spu: 0.0000, FD: 0.0624, Var: 0.0000, CStr: 0.524, Ctx: 2, Train: 99.94%, Valid: 97.26%, Test In: 97.21% Test OOD1: 88.97% 
Epoch: 371, Loss: 0.1508, Cls: 0.0599, Ind: 0.0002, Med: 0.0299, Spu: 0.0000, FD: 0.0609, Var: 0.0000, CStr: 0.524, Ctx: 2, Train: 99.94%, Valid: 97.32%, Test In: 97.13% Test OOD1: 90.09% 
Epoch: 372, Loss: 0.1593, Cls: 0.0633, Ind: 0.0001, Med: 0.0316, Spu: 0.0000, FD: 0.0642, Var: 0.0000, CStr: 0.524, Ctx: 2, Train: 99.94%, Valid: 97.40%, Test In: 97.17% Test OOD1: 90.38% 
Epoch: 373, Loss: 0.1560, Cls: 0.0620, Ind: 0.0001, Med: 0.0310, Spu: 0.0000, FD: 0.0629, Var: 0.0000, CStr: 0.524, Ctx: 2, Train: 99.96%, Valid: 97.44%, Test In: 97.32% Test OOD1: 88.24% 
Epoch: 374, Loss: 0.1616, Cls: 0.0642, Ind: 0.0001, Med: 0.0321, Spu: 0.0000, FD: 0.0651, Var: 0.0000, CStr: 0.524, Ctx: 2, Train: 99.87%, Valid: 97.07%, Test In: 96.90% Test OOD1: 91.29% 
Epoch: 375, Loss: 0.1604, Cls: 0.0639, Ind: 0.0001, Med: 0.0321, Spu: 0.0000, FD: 0.0643, Var: 0.0000, CStr: 0.524, Ctx: 2, Train: 99.95%, Valid: 97.38%, Test In: 97.28% Test OOD1: 88.46% 
Epoch: 376, Loss: 0.1618, Cls: 0.0644, Ind: 0.0001, Med: 0.0322, Spu: 0.0000, FD: 0.0651, Var: 0.0000, CStr: 0.524, Ctx: 2, Train: 99.96%, Valid: 97.40%, Test In: 97.24% Test OOD1: 88.30% 
Epoch: 377, Loss: 0.1507, Cls: 0.0599, Ind: 0.0001, Med: 0.0300, Spu: 0.0000, FD: 0.0606, Var: 0.0000, CStr: 0.524, Ctx: 2, Train: 99.87%, Valid: 97.15%, Test In: 96.88% Test OOD1: 90.80% 
Epoch: 378, Loss: 0.1578, Cls: 0.0627, Ind: 0.0001, Med: 0.0313, Spu: 0.0000, FD: 0.0637, Var: 0.0000, CStr: 0.525, Ctx: 2, Train: 99.96%, Valid: 97.38%, Test In: 97.33% Test OOD1: 88.15% 
Epoch: 379, Loss: 0.1556, Cls: 0.0618, Ind: 0.0001, Med: 0.0309, Spu: 0.0000, FD: 0.0627, Var: 0.0000, CStr: 0.525, Ctx: 2, Train: 99.94%, Valid: 97.40%, Test In: 97.33% Test OOD1: 89.08% 
Epoch: 380, Loss: 0.1517, Cls: 0.0603, Ind: 0.0001, Med: 0.0301, Spu: 0.0000, FD: 0.0612, Var: 0.0000, CStr: 0.525, Ctx: 2, Train: 99.92%, Valid: 97.19%, Test In: 97.07% Test OOD1: 90.49% 
Epoch: 381, Loss: 0.1512, Cls: 0.0602, Ind: 0.0001, Med: 0.0301, Spu: 0.0000, FD: 0.0608, Var: 0.0000, CStr: 0.525, Ctx: 2, Train: 99.94%, Valid: 97.43%, Test In: 97.30% Test OOD1: 88.68% 
Epoch: 382, Loss: 0.1527, Cls: 0.0607, Ind: 0.0001, Med: 0.0304, Spu: 0.0000, FD: 0.0615, Var: 0.0000, CStr: 0.525, Ctx: 2, Train: 99.94%, Valid: 97.37%, Test In: 97.28% Test OOD1: 89.30% 
Epoch: 383, Loss: 0.1444, Cls: 0.0573, Ind: 0.0001, Med: 0.0287, Spu: 0.0000, FD: 0.0583, Var: 0.0000, CStr: 0.525, Ctx: 2, Train: 99.95%, Valid: 97.40%, Test In: 97.28% Test OOD1: 90.23% 
Epoch: 384, Loss: 0.1428, Cls: 0.0567, Ind: 0.0001, Med: 0.0284, Spu: 0.0000, FD: 0.0575, Var: 0.0000, CStr: 0.525, Ctx: 2, Train: 99.93%, Valid: 97.21%, Test In: 97.15% Test OOD1: 90.65% 
Epoch: 385, Loss: 0.1476, Cls: 0.0588, Ind: 0.0001, Med: 0.0295, Spu: 0.0000, FD: 0.0592, Var: 0.0000, CStr: 0.525, Ctx: 2, Train: 99.97%, Valid: 97.37%, Test In: 97.32% Test OOD1: 90.25% 
Epoch: 386, Loss: 0.1460, Cls: 0.0581, Ind: 0.0001, Med: 0.0291, Spu: 0.0000, FD: 0.0587, Var: 0.0000, CStr: 0.525, Ctx: 2, Train: 99.97%, Valid: 97.33%, Test In: 97.26% Test OOD1: 90.24% 
Epoch: 387, Loss: 0.1563, Cls: 0.0621, Ind: 0.0001, Med: 0.0310, Spu: 0.0000, FD: 0.0631, Var: 0.0000, CStr: 0.525, Ctx: 2, Train: 99.91%, Valid: 97.09%, Test In: 97.00% Test OOD1: 90.44% 
Epoch: 388, Loss: 0.1541, Cls: 0.0613, Ind: 0.0001, Med: 0.0307, Spu: 0.0000, FD: 0.0620, Var: 0.0000, CStr: 0.525, Ctx: 2, Train: 99.96%, Valid: 97.36%, Test In: 97.23% Test OOD1: 90.03% 
Epoch: 389, Loss: 0.1522, Cls: 0.0605, Ind: 0.0001, Med: 0.0302, Spu: 0.0000, FD: 0.0613, Var: 0.0000, CStr: 0.525, Ctx: 2, Train: 99.94%, Valid: 97.55%, Test In: 97.19% Test OOD1: 89.42% 
Epoch: 390, Loss: 0.1538, Cls: 0.0611, Ind: 0.0001, Med: 0.0306, Spu: 0.0000, FD: 0.0619, Var: 0.0000, CStr: 0.525, Ctx: 2, Train: 99.94%, Valid: 97.37%, Test In: 97.13% Test OOD1: 89.09% 
Epoch: 391, Loss: 0.1476, Cls: 0.0586, Ind: 0.0001, Med: 0.0293, Spu: 0.0000, FD: 0.0596, Var: 0.0000, CStr: 0.525, Ctx: 2, Train: 99.92%, Valid: 97.31%, Test In: 97.13% Test OOD1: 88.49% 
Epoch: 392, Loss: 0.1558, Cls: 0.0620, Ind: 0.0001, Med: 0.0310, Spu: 0.0000, FD: 0.0626, Var: 0.0000, CStr: 0.525, Ctx: 2, Train: 99.92%, Valid: 97.40%, Test In: 97.17% Test OOD1: 89.03% 
Epoch: 393, Loss: 0.1604, Cls: 0.0637, Ind: 0.0001, Med: 0.0318, Spu: 0.0000, FD: 0.0647, Var: 0.0000, CStr: 0.525, Ctx: 2, Train: 99.97%, Valid: 97.42%, Test In: 97.34% Test OOD1: 87.66% 
Epoch: 394, Loss: 0.1502, Cls: 0.0598, Ind: 0.0001, Med: 0.0300, Spu: 0.0000, FD: 0.0603, Var: 0.0000, CStr: 0.525, Ctx: 2, Train: 99.92%, Valid: 97.17%, Test In: 97.11% Test OOD1: 89.48% 
Epoch: 395, Loss: 0.1469, Cls: 0.0584, Ind: 0.0001, Med: 0.0292, Spu: 0.0000, FD: 0.0591, Var: 0.0000, CStr: 0.525, Ctx: 2, Train: 99.92%, Valid: 97.22%, Test In: 97.07% Test OOD1: 90.13% 
Epoch: 396, Loss: 0.1469, Cls: 0.0584, Ind: 0.0001, Med: 0.0292, Spu: 0.0000, FD: 0.0592, Var: 0.0000, CStr: 0.525, Ctx: 2, Train: 99.95%, Valid: 97.49%, Test In: 97.29% Test OOD1: 87.93% 
Epoch: 397, Loss: 0.1490, Cls: 0.0592, Ind: 0.0001, Med: 0.0296, Spu: 0.0000, FD: 0.0600, Var: 0.0000, CStr: 0.525, Ctx: 2, Train: 99.92%, Valid: 97.23%, Test In: 97.12% Test OOD1: 89.86% 
Epoch: 398, Loss: 0.1530, Cls: 0.0608, Ind: 0.0001, Med: 0.0304, Spu: 0.0000, FD: 0.0617, Var: 0.0000, CStr: 0.525, Ctx: 2, Train: 99.87%, Valid: 97.04%, Test In: 96.92% Test OOD1: 90.87% 
Epoch: 399, Loss: 0.1517, Cls: 0.0603, Ind: 0.0001, Med: 0.0302, Spu: 0.0000, FD: 0.0610, Var: 0.0000, CStr: 0.525, Ctx: 2, Train: 99.96%, Valid: 97.56%, Test In: 97.40% Test OOD1: 87.27% 
Epoch: 400, Loss: 0.1577, Cls: 0.0628, Ind: 0.0001, Med: 0.0315, Spu: 0.0000, FD: 0.0633, Var: 0.0000, CStr: 0.525, Ctx: 2, Train: 99.93%, Valid: 97.46%, Test In: 97.23% Test OOD1: 89.14% 
Epoch: 401, Loss: 0.1469, Cls: 0.0585, Ind: 0.0001, Med: 0.0293, Spu: 0.0000, FD: 0.0590, Var: 0.0000, CStr: 0.525, Ctx: 2, Train: 99.93%, Valid: 97.28%, Test In: 97.23% Test OOD1: 89.01% 
Epoch: 402, Loss: 0.1483, Cls: 0.0589, Ind: 0.0001, Med: 0.0295, Spu: 0.0000, FD: 0.0598, Var: 0.0000, CStr: 0.525, Ctx: 2, Train: 99.97%, Valid: 97.54%, Test In: 97.33% Test OOD1: 87.44% 
Epoch: 403, Loss: 0.1472, Cls: 0.0586, Ind: 0.0001, Med: 0.0294, Spu: 0.0000, FD: 0.0590, Var: 0.0000, CStr: 0.525, Ctx: 2, Train: 99.95%, Valid: 97.55%, Test In: 97.26% Test OOD1: 87.64% 
Epoch: 404, Loss: 0.1491, Cls: 0.0594, Ind: 0.0001, Med: 0.0298, Spu: 0.0000, FD: 0.0598, Var: 0.0000, CStr: 0.525, Ctx: 2, Train: 99.95%, Valid: 97.32%, Test In: 97.09% Test OOD1: 89.72% 
Epoch: 405, Loss: 0.1468, Cls: 0.0585, Ind: 0.0001, Med: 0.0293, Spu: 0.0000, FD: 0.0589, Var: 0.0000, CStr: 0.525, Ctx: 2, Train: 99.92%, Valid: 97.24%, Test In: 97.17% Test OOD1: 88.13% 
Epoch: 406, Loss: 0.1635, Cls: 0.0650, Ind: 0.0001, Med: 0.0325, Spu: 0.0000, FD: 0.0659, Var: 0.0000, CStr: 0.525, Ctx: 2, Train: 99.96%, Valid: 97.53%, Test In: 97.35% Test OOD1: 89.43% 
Epoch: 407, Loss: 0.1472, Cls: 0.0586, Ind: 0.0001, Med: 0.0294, Spu: 0.0000, FD: 0.0591, Var: 0.0000, CStr: 0.525, Ctx: 2, Train: 99.95%, Valid: 97.50%, Test In: 97.34% Test OOD1: 90.25% 
Epoch: 408, Loss: 0.1445, Cls: 0.0574, Ind: 0.0001, Med: 0.0286, Spu: 0.0000, FD: 0.0583, Var: 0.0000, CStr: 0.525, Ctx: 2, Train: 99.96%, Valid: 97.32%, Test In: 97.18% Test OOD1: 90.38% 
Epoch: 409, Loss: 0.1484, Cls: 0.0591, Ind: 0.0001, Med: 0.0296, Spu: 0.0000, FD: 0.0595, Var: 0.0000, CStr: 0.525, Ctx: 2, Train: 99.91%, Valid: 97.21%, Test In: 97.04% Test OOD1: 92.00% 
Epoch: 410, Loss: 0.1527, Cls: 0.0608, Ind: 0.0001, Med: 0.0304, Spu: 0.0000, FD: 0.0614, Var: 0.0000, CStr: 0.525, Ctx: 2, Train: 99.95%, Valid: 97.50%, Test In: 97.27% Test OOD1: 90.17% 
Epoch: 411, Loss: 0.1425, Cls: 0.0567, Ind: 0.0001, Med: 0.0284, Spu: 0.0000, FD: 0.0572, Var: 0.0000, CStr: 0.525, Ctx: 2, Train: 99.96%, Valid: 97.46%, Test In: 97.34% Test OOD1: 88.79% 
Epoch: 412, Loss: 0.1430, Cls: 0.0568, Ind: 0.0001, Med: 0.0283, Spu: 0.0000, FD: 0.0578, Var: 0.0000, CStr: 0.525, Ctx: 2, Train: 99.88%, Valid: 97.12%, Test In: 96.86% Test OOD1: 91.64% 
Epoch: 413, Loss: 0.1493, Cls: 0.0593, Ind: 0.0001, Med: 0.0297, Spu: 0.0000, FD: 0.0601, Var: 0.0000, CStr: 0.525, Ctx: 2, Train: 99.96%, Valid: 97.46%, Test In: 97.21% Test OOD1: 89.97% 
Epoch: 414, Loss: 0.1446, Cls: 0.0575, Ind: 0.0001, Med: 0.0288, Spu: 0.0000, FD: 0.0581, Var: 0.0000, CStr: 0.525, Ctx: 2, Train: 99.98%, Valid: 97.55%, Test In: 97.36% Test OOD1: 87.71% 
Epoch: 415, Loss: 0.1530, Cls: 0.0609, Ind: 0.0001, Med: 0.0305, Spu: 0.0000, FD: 0.0616, Var: 0.0000, CStr: 0.525, Ctx: 2, Train: 99.89%, Valid: 97.13%, Test In: 96.96% Test OOD1: 91.55% 
Epoch: 416, Loss: 0.1556, Cls: 0.0619, Ind: 0.0001, Med: 0.0309, Spu: 0.0000, FD: 0.0627, Var: 0.0000, CStr: 0.525, Ctx: 2, Train: 99.96%, Valid: 97.36%, Test In: 97.27% Test OOD1: 88.86% 
Epoch: 417, Loss: 0.1554, Cls: 0.0618, Ind: 0.0001, Med: 0.0309, Spu: 0.0000, FD: 0.0625, Var: 0.0000, CStr: 0.525, Ctx: 2, Train: 99.96%, Valid: 97.56%, Test In: 97.34% Test OOD1: 89.66% 
Epoch: 418, Loss: 0.1455, Cls: 0.0579, Ind: 0.0001, Med: 0.0290, Spu: 0.0000, FD: 0.0585, Var: 0.0000, CStr: 0.525, Ctx: 2, Train: 99.90%, Valid: 97.36%, Test In: 97.03% Test OOD1: 91.67% 
Epoch: 419, Loss: 0.1473, Cls: 0.0586, Ind: 0.0001, Med: 0.0293, Spu: 0.0000, FD: 0.0593, Var: 0.0000, CStr: 0.525, Ctx: 2, Train: 99.96%, Valid: 97.59%, Test In: 97.36% Test OOD1: 89.88% 
Epoch: 420, Loss: 0.1413, Cls: 0.0561, Ind: 0.0001, Med: 0.0281, Spu: 0.0000, FD: 0.0569, Var: 0.0000, CStr: 0.525, Ctx: 2, Train: 99.96%, Valid: 97.33%, Test In: 97.20% Test OOD1: 90.60% 
Epoch: 421, Loss: 0.1433, Cls: 0.0570, Ind: 0.0001, Med: 0.0286, Spu: 0.0000, FD: 0.0576, Var: 0.0000, CStr: 0.525, Ctx: 2, Train: 99.95%, Valid: 97.36%, Test In: 97.02% Test OOD1: 91.61% 
Epoch: 422, Loss: 0.1426, Cls: 0.0566, Ind: 0.0001, Med: 0.0283, Spu: 0.0000, FD: 0.0575, Var: 0.0000, CStr: 0.525, Ctx: 2, Train: 99.96%, Valid: 97.64%, Test In: 97.36% Test OOD1: 89.14% 
Epoch: 423, Loss: 0.1450, Cls: 0.0577, Ind: 0.0001, Med: 0.0289, Spu: 0.0000, FD: 0.0583, Var: 0.0000, CStr: 0.525, Ctx: 2, Train: 99.95%, Valid: 97.33%, Test In: 97.19% Test OOD1: 89.85% 
Epoch: 424, Loss: 0.1467, Cls: 0.0582, Ind: 0.0001, Med: 0.0291, Spu: 0.0000, FD: 0.0592, Var: 0.0000, CStr: 0.525, Ctx: 2, Train: 99.94%, Valid: 97.40%, Test In: 97.08% Test OOD1: 90.87% 
Epoch: 425, Loss: 0.1372, Cls: 0.0546, Ind: 0.0001, Med: 0.0273, Spu: 0.0000, FD: 0.0552, Var: 0.0000, CStr: 0.525, Ctx: 2, Train: 99.97%, Valid: 97.63%, Test In: 97.42% Test OOD1: 88.67% 
Epoch: 426, Loss: 0.1475, Cls: 0.0588, Ind: 0.0001, Med: 0.0295, Spu: 0.0000, FD: 0.0591, Var: 0.0000, CStr: 0.525, Ctx: 2, Train: 99.97%, Valid: 97.53%, Test In: 97.40% Test OOD1: 89.25% 
Epoch: 427, Loss: 0.1397, Cls: 0.0556, Ind: 0.0001, Med: 0.0278, Spu: 0.0000, FD: 0.0563, Var: 0.0000, CStr: 0.525, Ctx: 2, Train: 99.95%, Valid: 97.42%, Test In: 97.19% Test OOD1: 90.45% 
Epoch: 428, Loss: 0.1493, Cls: 0.0593, Ind: 0.0001, Med: 0.0297, Spu: 0.0000, FD: 0.0602, Var: 0.0000, CStr: 0.525, Ctx: 2, Train: 99.97%, Valid: 97.55%, Test In: 97.34% Test OOD1: 89.13% 
Epoch: 429, Loss: 0.1405, Cls: 0.0559, Ind: 0.0001, Med: 0.0280, Spu: 0.0000, FD: 0.0565, Var: 0.0000, CStr: 0.525, Ctx: 2, Train: 99.97%, Valid: 97.60%, Test In: 97.42% Test OOD1: 88.31% 
Epoch: 430, Loss: 0.1345, Cls: 0.0535, Ind: 0.0002, Med: 0.0268, Spu: 0.0000, FD: 0.0540, Var: 0.0000, CStr: 0.525, Ctx: 2, Train: 99.92%, Valid: 97.19%, Test In: 97.04% Test OOD1: 90.97% 
Epoch: 431, Loss: 0.1478, Cls: 0.0586, Ind: 0.0001, Med: 0.0292, Spu: 0.0000, FD: 0.0598, Var: 0.0000, CStr: 0.525, Ctx: 2, Train: 99.96%, Valid: 97.43%, Test In: 97.20% Test OOD1: 90.31% 
Epoch: 432, Loss: 0.1369, Cls: 0.0544, Ind: 0.0001, Med: 0.0272, Spu: 0.0000, FD: 0.0551, Var: 0.0000, CStr: 0.525, Ctx: 2, Train: 99.98%, Valid: 97.63%, Test In: 97.42% Test OOD1: 87.73% 
Epoch: 433, Loss: 0.1438, Cls: 0.0572, Ind: 0.0001, Med: 0.0286, Spu: 0.0000, FD: 0.0579, Var: 0.0000, CStr: 0.525, Ctx: 2, Train: 99.90%, Valid: 97.22%, Test In: 97.02% Test OOD1: 91.69% 
Epoch: 434, Loss: 0.1437, Cls: 0.0570, Ind: 0.0001, Med: 0.0285, Spu: 0.0000, FD: 0.0580, Var: 0.0000, CStr: 0.525, Ctx: 2, Train: 99.95%, Valid: 97.30%, Test In: 97.14% Test OOD1: 90.33% 
Epoch: 435, Loss: 0.1328, Cls: 0.0528, Ind: 0.0001, Med: 0.0264, Spu: 0.0000, FD: 0.0535, Var: 0.0000, CStr: 0.525, Ctx: 2, Train: 99.97%, Valid: 97.53%, Test In: 97.34% Test OOD1: 89.17% 
Epoch: 436, Loss: 0.1386, Cls: 0.0551, Ind: 0.0001, Med: 0.0276, Spu: 0.0000, FD: 0.0558, Var: 0.0000, CStr: 0.525, Ctx: 2, Train: 99.95%, Valid: 97.36%, Test In: 97.09% Test OOD1: 90.86% 
Epoch: 437, Loss: 0.1487, Cls: 0.0591, Ind: 0.0001, Med: 0.0296, Spu: 0.0000, FD: 0.0598, Var: 0.0000, CStr: 0.525, Ctx: 2, Train: 99.98%, Valid: 97.53%, Test In: 97.32% Test OOD1: 89.66% 
Epoch: 438, Loss: 0.1466, Cls: 0.0583, Ind: 0.0001, Med: 0.0291, Spu: 0.0000, FD: 0.0591, Var: 0.0000, CStr: 0.525, Ctx: 2, Train: 99.97%, Valid: 97.37%, Test In: 97.29% Test OOD1: 88.81% 
Epoch: 439, Loss: 0.1407, Cls: 0.0560, Ind: 0.0001, Med: 0.0280, Spu: 0.0000, FD: 0.0567, Var: 0.0000, CStr: 0.525, Ctx: 2, Train: 99.93%, Valid: 97.33%, Test In: 97.11% Test OOD1: 91.55% 
Epoch: 440, Loss: 0.1390, Cls: 0.0554, Ind: 0.0001, Med: 0.0277, Spu: 0.0000, FD: 0.0558, Var: 0.0000, CStr: 0.525, Ctx: 2, Train: 99.97%, Valid: 97.65%, Test In: 97.40% Test OOD1: 89.14% 
Epoch: 441, Loss: 0.1418, Cls: 0.0563, Ind: 0.0001, Med: 0.0281, Spu: 0.0000, FD: 0.0572, Var: 0.0000, CStr: 0.525, Ctx: 2, Train: 99.97%, Valid: 97.51%, Test In: 97.36% Test OOD1: 88.67% 
Epoch: 442, Loss: 0.1428, Cls: 0.0568, Ind: 0.0001, Med: 0.0284, Spu: 0.0000, FD: 0.0575, Var: 0.0000, CStr: 0.526, Ctx: 2, Train: 99.87%, Valid: 96.92%, Test In: 96.90% Test OOD1: 92.43% 
Epoch: 443, Loss: 0.1542, Cls: 0.0613, Ind: 0.0002, Med: 0.0307, Spu: 0.0000, FD: 0.0621, Var: 0.0000, CStr: 0.526, Ctx: 2, Train: 99.98%, Valid: 97.59%, Test In: 97.32% Test OOD1: 89.15% 
Epoch: 444, Loss: 0.1389, Cls: 0.0552, Ind: 0.0001, Med: 0.0275, Spu: 0.0000, FD: 0.0561, Var: 0.0000, CStr: 0.526, Ctx: 2, Train: 99.98%, Valid: 97.59%, Test In: 97.36% Test OOD1: 87.37% 
Epoch: 445, Loss: 0.1518, Cls: 0.0602, Ind: 0.0001, Med: 0.0300, Spu: 0.0000, FD: 0.0614, Var: 0.0000, CStr: 0.526, Ctx: 2, Train: 99.85%, Valid: 96.84%, Test In: 96.81% Test OOD1: 92.36% 
Epoch: 446, Loss: 0.1589, Cls: 0.0633, Ind: 0.0001, Med: 0.0317, Spu: 0.0000, FD: 0.0639, Var: 0.0000, CStr: 0.526, Ctx: 2, Train: 99.96%, Valid: 97.36%, Test In: 97.30% Test OOD1: 89.41% 
Epoch: 447, Loss: 0.1381, Cls: 0.0549, Ind: 0.0001, Med: 0.0274, Spu: 0.0000, FD: 0.0556, Var: 0.0000, CStr: 0.526, Ctx: 2, Train: 99.97%, Valid: 97.53%, Test In: 97.37% Test OOD1: 87.06% 
Epoch: 448, Loss: 0.1496, Cls: 0.0595, Ind: 0.0001, Med: 0.0297, Spu: 0.0000, FD: 0.0602, Var: 0.0000, CStr: 0.526, Ctx: 2, Train: 99.87%, Valid: 97.25%, Test In: 97.06% Test OOD1: 91.80% 
Epoch: 449, Loss: 0.1510, Cls: 0.0600, Ind: 0.0001, Med: 0.0300, Spu: 0.0000, FD: 0.0609, Var: 0.0000, CStr: 0.526, Ctx: 2, Train: 99.97%, Valid: 97.46%, Test In: 97.23% Test OOD1: 90.10% 
Epoch: 450, Loss: 0.1295, Cls: 0.0515, Ind: 0.0001, Med: 0.0259, Spu: 0.0000, FD: 0.0519, Var: 0.0000, CStr: 0.526, Ctx: 2, Train: 99.98%, Valid: 97.53%, Test In: 97.42% Test OOD1: 88.11% 
Epoch: 451, Loss: 0.1400, Cls: 0.0556, Ind: 0.0001, Med: 0.0278, Spu: 0.0000, FD: 0.0564, Var: 0.0000, CStr: 0.526, Ctx: 2, Train: 99.95%, Valid: 97.53%, Test In: 97.33% Test OOD1: 90.23% 
Epoch: 452, Loss: 0.1497, Cls: 0.0595, Ind: 0.0001, Med: 0.0298, Spu: 0.0000, FD: 0.0603, Var: 0.0000, CStr: 0.526, Ctx: 2, Train: 99.97%, Valid: 97.50%, Test In: 97.24% Test OOD1: 89.88% 
Epoch: 453, Loss: 0.1353, Cls: 0.0539, Ind: 0.0001, Med: 0.0270, Spu: 0.0000, FD: 0.0543, Var: 0.0000, CStr: 0.526, Ctx: 2, Train: 99.94%, Valid: 97.38%, Test In: 97.20% Test OOD1: 89.79% 
Epoch: 454, Loss: 0.1429, Cls: 0.0568, Ind: 0.0001, Med: 0.0284, Spu: 0.0000, FD: 0.0575, Var: 0.0000, CStr: 0.526, Ctx: 2, Train: 99.94%, Valid: 97.56%, Test In: 97.24% Test OOD1: 90.42% 
Epoch: 455, Loss: 0.1424, Cls: 0.0566, Ind: 0.0001, Med: 0.0283, Spu: 0.0000, FD: 0.0574, Var: 0.0000, CStr: 0.526, Ctx: 2, Train: 99.96%, Valid: 97.53%, Test In: 97.25% Test OOD1: 90.56% 
Epoch: 456, Loss: 0.1379, Cls: 0.0549, Ind: 0.0001, Med: 0.0275, Spu: 0.0000, FD: 0.0555, Var: 0.0000, CStr: 0.526, Ctx: 2, Train: 99.96%, Valid: 97.39%, Test In: 97.24% Test OOD1: 90.21% 
Epoch: 457, Loss: 0.1407, Cls: 0.0560, Ind: 0.0001, Med: 0.0280, Spu: 0.0000, FD: 0.0566, Var: 0.0000, CStr: 0.526, Ctx: 2, Train: 99.96%, Valid: 97.47%, Test In: 97.30% Test OOD1: 91.14% 
Epoch: 458, Loss: 0.1329, Cls: 0.0528, Ind: 0.0001, Med: 0.0265, Spu: 0.0000, FD: 0.0534, Var: 0.0000, CStr: 0.526, Ctx: 2, Train: 99.96%, Valid: 97.53%, Test In: 97.29% Test OOD1: 91.24% 
Epoch: 459, Loss: 0.1420, Cls: 0.0565, Ind: 0.0001, Med: 0.0282, Spu: 0.0000, FD: 0.0573, Var: 0.0000, CStr: 0.526, Ctx: 2, Train: 99.97%, Valid: 97.60%, Test In: 97.38% Test OOD1: 90.89% 
Epoch: 460, Loss: 0.1373, Cls: 0.0546, Ind: 0.0001, Med: 0.0273, Spu: 0.0000, FD: 0.0553, Var: 0.0000, CStr: 0.526, Ctx: 2, Train: 99.96%, Valid: 97.34%, Test In: 97.26% Test OOD1: 90.86% 
Epoch: 461, Loss: 0.1428, Cls: 0.0568, Ind: 0.0001, Med: 0.0284, Spu: 0.0000, FD: 0.0574, Var: 0.0000, CStr: 0.526, Ctx: 2, Train: 99.91%, Valid: 97.35%, Test In: 97.24% Test OOD1: 92.63% 
Epoch: 462, Loss: 0.1405, Cls: 0.0560, Ind: 0.0001, Med: 0.0280, Spu: 0.0000, FD: 0.0564, Var: 0.0000, CStr: 0.526, Ctx: 2, Train: 99.98%, Valid: 97.69%, Test In: 97.55% Test OOD1: 89.23% 
Epoch: 463, Loss: 0.1334, Cls: 0.0530, Ind: 0.0001, Med: 0.0265, Spu: 0.0000, FD: 0.0538, Var: 0.0000, CStr: 0.526, Ctx: 2, Train: 99.97%, Valid: 97.59%, Test In: 97.44% Test OOD1: 89.31% 
Epoch: 464, Loss: 0.1334, Cls: 0.0531, Ind: 0.0001, Med: 0.0266, Spu: 0.0000, FD: 0.0537, Var: 0.0000, CStr: 0.526, Ctx: 2, Train: 99.91%, Valid: 97.10%, Test In: 97.08% Test OOD1: 92.24% 
Epoch: 465, Loss: 0.1422, Cls: 0.0565, Ind: 0.0001, Med: 0.0283, Spu: 0.0000, FD: 0.0573, Var: 0.0000, CStr: 0.526, Ctx: 2, Train: 99.97%, Valid: 97.53%, Test In: 97.42% Test OOD1: 89.67% 
Epoch: 466, Loss: 0.1356, Cls: 0.0539, Ind: 0.0001, Med: 0.0269, Spu: 0.0000, FD: 0.0546, Var: 0.0000, CStr: 0.526, Ctx: 2, Train: 99.98%, Valid: 97.64%, Test In: 97.50% Test OOD1: 88.02% 
Epoch: 467, Loss: 0.1422, Cls: 0.0564, Ind: 0.0001, Med: 0.0281, Spu: 0.0000, FD: 0.0575, Var: 0.0000, CStr: 0.526, Ctx: 2, Train: 99.95%, Valid: 97.51%, Test In: 97.28% Test OOD1: 91.18% 
Epoch: 468, Loss: 0.1393, Cls: 0.0555, Ind: 0.0001, Med: 0.0278, Spu: 0.0000, FD: 0.0559, Var: 0.0000, CStr: 0.526, Ctx: 2, Train: 99.97%, Valid: 97.59%, Test In: 97.50% Test OOD1: 89.94% 
Epoch: 469, Loss: 0.1313, Cls: 0.0522, Ind: 0.0001, Med: 0.0261, Spu: 0.0000, FD: 0.0529, Var: 0.0000, CStr: 0.527, Ctx: 2, Train: 99.97%, Valid: 97.67%, Test In: 97.49% Test OOD1: 89.14% 
Epoch: 470, Loss: 0.1435, Cls: 0.0569, Ind: 0.0001, Med: 0.0284, Spu: 0.0000, FD: 0.0581, Var: 0.0000, CStr: 0.527, Ctx: 2, Train: 99.95%, Valid: 97.44%, Test In: 97.31% Test OOD1: 91.78% 
Epoch: 471, Loss: 0.1410, Cls: 0.0561, Ind: 0.0001, Med: 0.0281, Spu: 0.0000, FD: 0.0568, Var: 0.0000, CStr: 0.527, Ctx: 2, Train: 99.97%, Valid: 97.59%, Test In: 97.52% Test OOD1: 90.44% 
Epoch: 472, Loss: 0.1285, Cls: 0.0510, Ind: 0.0001, Med: 0.0255, Spu: 0.0000, FD: 0.0518, Var: 0.0000, CStr: 0.527, Ctx: 2, Train: 99.97%, Valid: 97.50%, Test In: 97.50% Test OOD1: 88.74% 
Epoch: 473, Loss: 0.1430, Cls: 0.0568, Ind: 0.0001, Med: 0.0284, Spu: 0.0000, FD: 0.0577, Var: 0.0000, CStr: 0.527, Ctx: 2, Train: 99.89%, Valid: 97.17%, Test In: 97.06% Test OOD1: 92.62% 
Epoch: 474, Loss: 0.1324, Cls: 0.0527, Ind: 0.0001, Med: 0.0264, Spu: 0.0000, FD: 0.0532, Var: 0.0000, CStr: 0.527, Ctx: 2, Train: 99.95%, Valid: 97.55%, Test In: 97.24% Test OOD1: 91.44% 
Epoch: 475, Loss: 0.1316, Cls: 0.0524, Ind: 0.0001, Med: 0.0263, Spu: 0.0000, FD: 0.0528, Var: 0.0000, CStr: 0.527, Ctx: 2, Train: 99.97%, Valid: 97.54%, Test In: 97.44% Test OOD1: 89.80% 
Epoch: 476, Loss: 0.1347, Cls: 0.0536, Ind: 0.0001, Med: 0.0268, Spu: 0.0000, FD: 0.0542, Var: 0.0000, CStr: 0.527, Ctx: 2, Train: 99.96%, Valid: 97.40%, Test In: 97.29% Test OOD1: 91.67% 
Epoch: 477, Loss: 0.1350, Cls: 0.0536, Ind: 0.0001, Med: 0.0267, Spu: 0.0000, FD: 0.0546, Var: 0.0000, CStr: 0.527, Ctx: 2, Train: 99.97%, Valid: 97.55%, Test In: 97.39% Test OOD1: 91.42% 
Epoch: 478, Loss: 0.1350, Cls: 0.0537, Ind: 0.0001, Med: 0.0269, Spu: 0.0000, FD: 0.0543, Var: 0.0000, CStr: 0.527, Ctx: 2, Train: 99.98%, Valid: 97.67%, Test In: 97.55% Test OOD1: 89.41% 
Epoch: 479, Loss: 0.1377, Cls: 0.0547, Ind: 0.0001, Med: 0.0274, Spu: 0.0000, FD: 0.0555, Var: 0.0000, CStr: 0.527, Ctx: 2, Train: 99.97%, Valid: 97.38%, Test In: 97.32% Test OOD1: 91.41% 
Epoch: 480, Loss: 0.1283, Cls: 0.0511, Ind: 0.0001, Med: 0.0257, Spu: 0.0000, FD: 0.0514, Var: 0.0000, CStr: 0.527, Ctx: 2, Train: 99.94%, Valid: 97.34%, Test In: 97.20% Test OOD1: 92.27% 
Epoch: 481, Loss: 0.1376, Cls: 0.0547, Ind: 0.0001, Med: 0.0273, Spu: 0.0000, FD: 0.0555, Var: 0.0000, CStr: 0.527, Ctx: 2, Train: 99.98%, Valid: 97.60%, Test In: 97.50% Test OOD1: 89.08% 
Epoch: 482, Loss: 0.1457, Cls: 0.0580, Ind: 0.0001, Med: 0.0290, Spu: 0.0000, FD: 0.0587, Var: 0.0000, CStr: 0.527, Ctx: 2, Train: 99.97%, Valid: 97.55%, Test In: 97.39% Test OOD1: 91.31% 
Epoch: 483, Loss: 0.1306, Cls: 0.0520, Ind: 0.0001, Med: 0.0260, Spu: 0.0000, FD: 0.0525, Var: 0.0000, CStr: 0.527, Ctx: 2, Train: 99.94%, Valid: 97.31%, Test In: 97.25% Test OOD1: 92.41% 
Epoch: 484, Loss: 0.1283, Cls: 0.0510, Ind: 0.0001, Med: 0.0255, Spu: 0.0000, FD: 0.0518, Var: 0.0000, CStr: 0.527, Ctx: 2, Train: 99.98%, Valid: 97.48%, Test In: 97.48% Test OOD1: 90.24% 
Epoch: 485, Loss: 0.1370, Cls: 0.0546, Ind: 0.0001, Med: 0.0274, Spu: 0.0000, FD: 0.0549, Var: 0.0000, CStr: 0.528, Ctx: 2, Train: 99.98%, Valid: 97.57%, Test In: 97.44% Test OOD1: 90.70% 
Epoch: 486, Loss: 0.1320, Cls: 0.0525, Ind: 0.0001, Med: 0.0263, Spu: 0.0000, FD: 0.0532, Var: 0.0000, CStr: 0.528, Ctx: 2, Train: 99.96%, Valid: 97.42%, Test In: 97.35% Test OOD1: 91.62% 
Epoch: 487, Loss: 0.1340, Cls: 0.0532, Ind: 0.0001, Med: 0.0266, Spu: 0.0000, FD: 0.0540, Var: 0.0000, CStr: 0.528, Ctx: 2, Train: 99.98%, Valid: 97.54%, Test In: 97.45% Test OOD1: 90.01% 
Epoch: 488, Loss: 0.1370, Cls: 0.0544, Ind: 0.0001, Med: 0.0272, Spu: 0.0000, FD: 0.0553, Var: 0.0000, CStr: 0.528, Ctx: 2, Train: 99.98%, Valid: 97.61%, Test In: 97.46% Test OOD1: 89.55% 
Epoch: 489, Loss: 0.1354, Cls: 0.0538, Ind: 0.0001, Med: 0.0269, Spu: 0.0000, FD: 0.0545, Var: 0.0000, CStr: 0.528, Ctx: 2, Train: 99.95%, Valid: 97.42%, Test In: 97.25% Test OOD1: 91.52% 
Epoch: 490, Loss: 0.1322, Cls: 0.0526, Ind: 0.0001, Med: 0.0263, Spu: 0.0000, FD: 0.0532, Var: 0.0000, CStr: 0.528, Ctx: 2, Train: 99.97%, Valid: 97.55%, Test In: 97.41% Test OOD1: 90.05% 
Epoch: 491, Loss: 0.1371, Cls: 0.0544, Ind: 0.0001, Med: 0.0272, Spu: 0.0000, FD: 0.0553, Var: 0.0000, CStr: 0.528, Ctx: 2, Train: 99.97%, Valid: 97.60%, Test In: 97.47% Test OOD1: 90.36% 
Epoch: 492, Loss: 0.1362, Cls: 0.0541, Ind: 0.0001, Med: 0.0271, Spu: 0.0000, FD: 0.0549, Var: 0.0000, CStr: 0.528, Ctx: 2, Train: 99.95%, Valid: 97.56%, Test In: 97.38% Test OOD1: 91.49% 
Epoch: 493, Loss: 0.1357, Cls: 0.0539, Ind: 0.0001, Med: 0.0270, Spu: 0.0000, FD: 0.0547, Var: 0.0000, CStr: 0.528, Ctx: 2, Train: 99.98%, Valid: 97.57%, Test In: 97.49% Test OOD1: 90.45% 
Epoch: 494, Loss: 0.1230, Cls: 0.0489, Ind: 0.0001, Med: 0.0245, Spu: 0.0000, FD: 0.0494, Var: 0.0000, CStr: 0.528, Ctx: 2, Train: 99.98%, Valid: 97.46%, Test In: 97.43% Test OOD1: 90.76% 
Epoch: 495, Loss: 0.1318, Cls: 0.0524, Ind: 0.0001, Med: 0.0262, Spu: 0.0000, FD: 0.0531, Var: 0.0000, CStr: 0.528, Ctx: 2, Train: 99.98%, Valid: 97.54%, Test In: 97.38% Test OOD1: 91.92% 
Epoch: 496, Loss: 0.1387, Cls: 0.0552, Ind: 0.0001, Med: 0.0276, Spu: 0.0000, FD: 0.0557, Var: 0.0000, CStr: 0.528, Ctx: 2, Train: 99.99%, Valid: 97.69%, Test In: 97.48% Test OOD1: 90.70% 
Epoch: 497, Loss: 0.1313, Cls: 0.0522, Ind: 0.0001, Med: 0.0261, Spu: 0.0000, FD: 0.0529, Var: 0.0000, CStr: 0.528, Ctx: 2, Train: 99.98%, Valid: 97.55%, Test In: 97.53% Test OOD1: 90.11% 
Epoch: 498, Loss: 0.1378, Cls: 0.0547, Ind: 0.0001, Med: 0.0273, Spu: 0.0000, FD: 0.0556, Var: 0.0000, CStr: 0.529, Ctx: 2, Train: 99.98%, Valid: 97.48%, Test In: 97.37% Test OOD1: 91.76% 
Epoch: 499, Loss: 0.1245, Cls: 0.0496, Ind: 0.0001, Med: 0.0248, Spu: 0.0000, FD: 0.0500, Var: 0.0000, CStr: 0.529, Ctx: 2, Train: 99.99%, Valid: 97.75%, Test In: 97.57% Test OOD1: 90.34% 
Run 01:
Highest Train: 99.99
Highest Valid: 97.75
Highest In Test: 97.57
Highest OOD Test: 92.63
Chosen epoch: 500
Final Train: 99.99
Final In Test: 97.57
Final OOD Test: 90.34
Epoch: 00, Loss: 2.9550, Cls: 1.1318, Ind: 0.0347, Med: 0.5894, Spu: 0.0076, FD: 1.1914, Var: 0.0001, CStr: 0.501, Ctx: 2, Train: 52.55%, Valid: 52.54%, Test In: 52.58% Test OOD1: 67.50% 
Epoch: 01, Loss: 2.8158, Cls: 1.0455, Ind: 0.0282, Med: 0.5384, Spu: 0.0024, FD: 1.2011, Var: 0.0001, CStr: 0.501, Ctx: 2, Train: 72.32%, Valid: 72.22%, Test In: 72.75% Test OOD1: 59.20% 
Epoch: 02, Loss: 2.5129, Cls: 0.9768, Ind: 0.0268, Med: 0.5143, Spu: 0.0044, FD: 0.9905, Var: 0.0001, CStr: 0.502, Ctx: 2, Train: 72.62%, Valid: 72.42%, Test In: 72.92% Test OOD1: 56.90% 
Epoch: 03, Loss: 2.2423, Cls: 0.8682, Ind: 0.0350, Med: 0.4569, Spu: 0.0041, FD: 0.8779, Var: 0.0001, CStr: 0.502, Ctx: 2, Train: 73.38%, Valid: 73.26%, Test In: 73.75% Test OOD1: 57.60% 
Epoch: 04, Loss: 1.9885, Cls: 0.7458, Ind: 0.0528, Med: 0.3919, Spu: 0.0026, FD: 0.7953, Var: 0.0001, CStr: 0.503, Ctx: 2, Train: 81.80%, Valid: 81.65%, Test In: 81.94% Test OOD1: 62.04% 
Epoch: 05, Loss: 1.7283, Cls: 0.6370, Ind: 0.0743, Med: 0.3357, Spu: 0.0018, FD: 0.6794, Var: 0.0001, CStr: 0.503, Ctx: 2, Train: 86.16%, Valid: 85.95%, Test In: 85.99% Test OOD1: 62.53% 
Epoch: 06, Loss: 1.4920, Cls: 0.5481, Ind: 0.0867, Med: 0.2898, Spu: 0.0018, FD: 0.5655, Var: 0.0001, CStr: 0.502, Ctx: 2, Train: 87.72%, Valid: 87.52%, Test In: 87.67% Test OOD1: 61.94% 
Epoch: 07, Loss: 1.3126, Cls: 0.4809, Ind: 0.0878, Med: 0.2549, Spu: 0.0021, FD: 0.4869, Var: 0.0001, CStr: 0.501, Ctx: 2, Train: 88.43%, Valid: 88.23%, Test In: 88.61% Test OOD1: 62.37% 
Epoch: 08, Loss: 1.1888, Cls: 0.4328, Ind: 0.0860, Med: 0.2297, Spu: 0.0023, FD: 0.4380, Var: 0.0001, CStr: 0.499, Ctx: 2, Train: 88.95%, Valid: 88.73%, Test In: 88.98% Test OOD1: 64.43% 
Epoch: 09, Loss: 1.0988, Cls: 0.4000, Ind: 0.0818, Med: 0.2128, Spu: 0.0020, FD: 0.4022, Var: 0.0001, CStr: 0.497, Ctx: 2, Train: 89.25%, Valid: 89.03%, Test In: 89.42% Test OOD1: 66.12% 
Epoch: 10, Loss: 1.0306, Cls: 0.3742, Ind: 0.0751, Med: 0.1973, Spu: 0.0016, FD: 0.3824, Var: 0.0000, CStr: 0.496, Ctx: 2, Train: 89.59%, Valid: 89.36%, Test In: 89.75% Test OOD1: 66.88% 
Epoch: 11, Loss: 0.9898, Cls: 0.3595, Ind: 0.0684, Med: 0.1877, Spu: 0.0013, FD: 0.3729, Var: 0.0000, CStr: 0.494, Ctx: 2, Train: 89.79%, Valid: 89.57%, Test In: 90.00% Test OOD1: 67.92% 
Epoch: 12, Loss: 0.9542, Cls: 0.3483, Ind: 0.0590, Med: 0.1806, Spu: 0.0012, FD: 0.3650, Var: 0.0000, CStr: 0.493, Ctx: 2, Train: 90.01%, Valid: 89.67%, Test In: 90.16% Test OOD1: 67.97% 
Epoch: 13, Loss: 0.9398, Cls: 0.3468, Ind: 0.0510, Med: 0.1787, Spu: 0.0013, FD: 0.3619, Var: 0.0000, CStr: 0.491, Ctx: 2, Train: 90.20%, Valid: 89.90%, Test In: 90.27% Test OOD1: 68.16% 
Epoch: 14, Loss: 0.9146, Cls: 0.3416, Ind: 0.0408, Med: 0.1751, Spu: 0.0015, FD: 0.3556, Var: 0.0000, CStr: 0.490, Ctx: 2, Train: 90.32%, Valid: 89.99%, Test In: 90.38% Test OOD1: 68.50% 
Epoch: 15, Loss: 0.8914, Cls: 0.3350, Ind: 0.0330, Med: 0.1707, Spu: 0.0014, FD: 0.3512, Var: 0.0000, CStr: 0.488, Ctx: 2, Train: 90.41%, Valid: 90.03%, Test In: 90.39% Test OOD1: 68.44% 
Epoch: 16, Loss: 0.8696, Cls: 0.3301, Ind: 0.0264, Med: 0.1684, Spu: 0.0012, FD: 0.3434, Var: 0.0000, CStr: 0.486, Ctx: 2, Train: 90.47%, Valid: 90.16%, Test In: 90.53% Test OOD1: 68.93% 
Epoch: 17, Loss: 0.8440, Cls: 0.3219, Ind: 0.0219, Med: 0.1642, Spu: 0.0010, FD: 0.3350, Var: 0.0000, CStr: 0.485, Ctx: 2, Train: 90.62%, Valid: 90.30%, Test In: 90.67% Test OOD1: 69.36% 
Epoch: 18, Loss: 0.8295, Cls: 0.3163, Ind: 0.0185, Med: 0.1603, Spu: 0.0009, FD: 0.3333, Var: 0.0000, CStr: 0.483, Ctx: 2, Train: 90.69%, Valid: 90.23%, Test In: 90.73% Test OOD1: 68.69% 
Epoch: 19, Loss: 0.8110, Cls: 0.3118, Ind: 0.0163, Med: 0.1586, Spu: 0.0010, FD: 0.3232, Var: 0.0000, CStr: 0.482, Ctx: 2, Train: 90.77%, Valid: 90.36%, Test In: 90.74% Test OOD1: 68.68% 
Epoch: 20, Loss: 0.8000, Cls: 0.3108, Ind: 0.0145, Med: 0.1586, Spu: 0.0010, FD: 0.3151, Var: 0.0000, CStr: 0.480, Ctx: 2, Train: 91.01%, Valid: 90.52%, Test In: 90.92% Test OOD1: 69.99% 
Epoch: 21, Loss: 0.7874, Cls: 0.3054, Ind: 0.0130, Med: 0.1545, Spu: 0.0010, FD: 0.3134, Var: 0.0000, CStr: 0.479, Ctx: 2, Train: 91.07%, Valid: 90.59%, Test In: 91.16% Test OOD1: 70.59% 
Epoch: 22, Loss: 0.7765, Cls: 0.3019, Ind: 0.0116, Med: 0.1526, Spu: 0.0009, FD: 0.3095, Var: 0.0000, CStr: 0.477, Ctx: 2, Train: 91.25%, Valid: 90.70%, Test In: 91.21% Test OOD1: 69.74% 
Epoch: 23, Loss: 0.7621, Cls: 0.2967, Ind: 0.0103, Med: 0.1498, Spu: 0.0008, FD: 0.3045, Var: 0.0000, CStr: 0.476, Ctx: 2, Train: 91.34%, Valid: 90.92%, Test In: 91.28% Test OOD1: 69.30% 
Epoch: 24, Loss: 0.7551, Cls: 0.2945, Ind: 0.0091, Med: 0.1488, Spu: 0.0007, FD: 0.3019, Var: 0.0000, CStr: 0.475, Ctx: 2, Train: 91.43%, Valid: 90.99%, Test In: 91.45% Test OOD1: 70.04% 
Epoch: 25, Loss: 0.7348, Cls: 0.2870, Ind: 0.0083, Med: 0.1452, Spu: 0.0007, FD: 0.2936, Var: 0.0000, CStr: 0.473, Ctx: 2, Train: 91.55%, Valid: 91.01%, Test In: 91.49% Test OOD1: 70.41% 
Epoch: 26, Loss: 0.7324, Cls: 0.2870, Ind: 0.0077, Med: 0.1455, Spu: 0.0007, FD: 0.2916, Var: 0.0000, CStr: 0.472, Ctx: 2, Train: 91.69%, Valid: 91.14%, Test In: 91.51% Test OOD1: 69.87% 
Epoch: 27, Loss: 0.7337, Cls: 0.2872, Ind: 0.0071, Med: 0.1452, Spu: 0.0007, FD: 0.2934, Var: 0.0000, CStr: 0.471, Ctx: 2, Train: 91.72%, Valid: 91.18%, Test In: 91.59% Test OOD1: 69.61% 
Epoch: 28, Loss: 0.7145, Cls: 0.2794, Ind: 0.0065, Med: 0.1408, Spu: 0.0006, FD: 0.2871, Var: 0.0000, CStr: 0.470, Ctx: 2, Train: 91.84%, Valid: 91.26%, Test In: 91.67% Test OOD1: 70.36% 
Epoch: 29, Loss: 0.7071, Cls: 0.2772, Ind: 0.0058, Med: 0.1399, Spu: 0.0006, FD: 0.2835, Var: 0.0000, CStr: 0.469, Ctx: 2, Train: 91.79%, Valid: 91.39%, Test In: 91.70% Test OOD1: 71.17% 
Epoch: 30, Loss: 0.7060, Cls: 0.2778, Ind: 0.0053, Med: 0.1405, Spu: 0.0006, FD: 0.2818, Var: 0.0000, CStr: 0.468, Ctx: 2, Train: 91.99%, Valid: 91.49%, Test In: 91.81% Test OOD1: 71.33% 
Epoch: 31, Loss: 0.6905, Cls: 0.2722, Ind: 0.0048, Med: 0.1378, Spu: 0.0006, FD: 0.2752, Var: 0.0000, CStr: 0.468, Ctx: 2, Train: 92.07%, Valid: 91.49%, Test In: 91.94% Test OOD1: 70.78% 
Epoch: 32, Loss: 0.6865, Cls: 0.2704, Ind: 0.0043, Med: 0.1364, Spu: 0.0006, FD: 0.2748, Var: 0.0000, CStr: 0.467, Ctx: 2, Train: 92.20%, Valid: 91.52%, Test In: 91.95% Test OOD1: 70.52% 
Epoch: 33, Loss: 0.6823, Cls: 0.2692, Ind: 0.0038, Med: 0.1358, Spu: 0.0005, FD: 0.2730, Var: 0.0000, CStr: 0.467, Ctx: 2, Train: 92.29%, Valid: 91.61%, Test In: 91.93% Test OOD1: 71.07% 
Epoch: 34, Loss: 0.6709, Cls: 0.2648, Ind: 0.0036, Med: 0.1336, Spu: 0.0005, FD: 0.2684, Var: 0.0000, CStr: 0.467, Ctx: 2, Train: 92.40%, Valid: 91.73%, Test In: 92.05% Test OOD1: 71.97% 
Epoch: 35, Loss: 0.6647, Cls: 0.2621, Ind: 0.0032, Med: 0.1319, Spu: 0.0005, FD: 0.2670, Var: 0.0000, CStr: 0.467, Ctx: 2, Train: 92.53%, Valid: 91.71%, Test In: 92.15% Test OOD1: 71.29% 
Epoch: 36, Loss: 0.6570, Cls: 0.2593, Ind: 0.0028, Med: 0.1305, Spu: 0.0005, FD: 0.2639, Var: 0.0000, CStr: 0.467, Ctx: 2, Train: 92.59%, Valid: 91.80%, Test In: 92.17% Test OOD1: 71.06% 
Epoch: 37, Loss: 0.6489, Cls: 0.2561, Ind: 0.0026, Med: 0.1289, Spu: 0.0005, FD: 0.2608, Var: 0.0000, CStr: 0.467, Ctx: 2, Train: 92.69%, Valid: 91.86%, Test In: 92.22% Test OOD1: 72.31% 
Epoch: 38, Loss: 0.6434, Cls: 0.2541, Ind: 0.0023, Med: 0.1281, Spu: 0.0004, FD: 0.2584, Var: 0.0000, CStr: 0.467, Ctx: 2, Train: 92.74%, Valid: 91.92%, Test In: 92.24% Test OOD1: 73.12% 
Epoch: 39, Loss: 0.6258, Cls: 0.2469, Ind: 0.0021, Med: 0.1243, Spu: 0.0004, FD: 0.2520, Var: 0.0000, CStr: 0.468, Ctx: 2, Train: 92.80%, Valid: 91.92%, Test In: 92.28% Test OOD1: 72.85% 
Epoch: 40, Loss: 0.6390, Cls: 0.2525, Ind: 0.0020, Med: 0.1273, Spu: 0.0004, FD: 0.2567, Var: 0.0000, CStr: 0.468, Ctx: 2, Train: 92.89%, Valid: 91.92%, Test In: 92.33% Test OOD1: 72.97% 
Epoch: 41, Loss: 0.6251, Cls: 0.2471, Ind: 0.0019, Med: 0.1245, Spu: 0.0004, FD: 0.2512, Var: 0.0000, CStr: 0.469, Ctx: 2, Train: 93.03%, Valid: 91.96%, Test In: 92.44% Test OOD1: 73.91% 
Epoch: 42, Loss: 0.6152, Cls: 0.2432, Ind: 0.0018, Med: 0.1224, Spu: 0.0004, FD: 0.2475, Var: 0.0000, CStr: 0.470, Ctx: 2, Train: 93.05%, Valid: 92.06%, Test In: 92.48% Test OOD1: 74.30% 
Epoch: 43, Loss: 0.6132, Cls: 0.2426, Ind: 0.0016, Med: 0.1222, Spu: 0.0004, FD: 0.2464, Var: 0.0000, CStr: 0.470, Ctx: 2, Train: 93.14%, Valid: 92.11%, Test In: 92.51% Test OOD1: 73.56% 
Epoch: 44, Loss: 0.6086, Cls: 0.2407, Ind: 0.0016, Med: 0.1210, Spu: 0.0003, FD: 0.2449, Var: 0.0000, CStr: 0.471, Ctx: 2, Train: 93.19%, Valid: 92.08%, Test In: 92.55% Test OOD1: 73.81% 
Epoch: 45, Loss: 0.6014, Cls: 0.2381, Ind: 0.0016, Med: 0.1199, Spu: 0.0003, FD: 0.2414, Var: 0.0000, CStr: 0.472, Ctx: 2, Train: 93.26%, Valid: 92.20%, Test In: 92.60% Test OOD1: 75.05% 
Epoch: 46, Loss: 0.5951, Cls: 0.2356, Ind: 0.0014, Med: 0.1185, Spu: 0.0003, FD: 0.2392, Var: 0.0000, CStr: 0.472, Ctx: 2, Train: 93.32%, Valid: 92.18%, Test In: 92.64% Test OOD1: 74.41% 
Epoch: 47, Loss: 0.5914, Cls: 0.2341, Ind: 0.0015, Med: 0.1177, Spu: 0.0003, FD: 0.2378, Var: 0.0000, CStr: 0.473, Ctx: 2, Train: 93.39%, Valid: 92.27%, Test In: 92.74% Test OOD1: 74.31% 
Epoch: 48, Loss: 0.5885, Cls: 0.2331, Ind: 0.0014, Med: 0.1173, Spu: 0.0003, FD: 0.2364, Var: 0.0000, CStr: 0.474, Ctx: 2, Train: 93.51%, Valid: 92.38%, Test In: 92.71% Test OOD1: 76.05% 
Epoch: 49, Loss: 0.5716, Cls: 0.2261, Ind: 0.0014, Med: 0.1137, Spu: 0.0003, FD: 0.2301, Var: 0.0000, CStr: 0.475, Ctx: 2, Train: 93.60%, Valid: 92.42%, Test In: 92.71% Test OOD1: 75.87% 
Epoch: 50, Loss: 0.5688, Cls: 0.2252, Ind: 0.0013, Med: 0.1133, Spu: 0.0003, FD: 0.2288, Var: 0.0000, CStr: 0.475, Ctx: 2, Train: 93.78%, Valid: 92.48%, Test In: 92.86% Test OOD1: 76.26% 
Epoch: 51, Loss: 0.5724, Cls: 0.2266, Ind: 0.0013, Med: 0.1139, Spu: 0.0003, FD: 0.2302, Var: 0.0000, CStr: 0.476, Ctx: 2, Train: 93.83%, Valid: 92.66%, Test In: 92.84% Test OOD1: 77.21% 
Epoch: 52, Loss: 0.5613, Cls: 0.2220, Ind: 0.0013, Med: 0.1114, Spu: 0.0003, FD: 0.2264, Var: 0.0000, CStr: 0.477, Ctx: 2, Train: 93.88%, Valid: 92.64%, Test In: 92.87% Test OOD1: 77.47% 
Epoch: 53, Loss: 0.5687, Cls: 0.2255, Ind: 0.0012, Med: 0.1135, Spu: 0.0003, FD: 0.2283, Var: 0.0000, CStr: 0.477, Ctx: 2, Train: 93.97%, Valid: 92.66%, Test In: 92.91% Test OOD1: 76.87% 
Epoch: 54, Loss: 0.5603, Cls: 0.2220, Ind: 0.0012, Med: 0.1117, Spu: 0.0002, FD: 0.2251, Var: 0.0000, CStr: 0.478, Ctx: 2, Train: 94.03%, Valid: 92.77%, Test In: 93.00% Test OOD1: 77.88% 
Epoch: 55, Loss: 0.5569, Cls: 0.2206, Ind: 0.0012, Med: 0.1109, Spu: 0.0002, FD: 0.2239, Var: 0.0000, CStr: 0.478, Ctx: 2, Train: 94.13%, Valid: 92.87%, Test In: 93.09% Test OOD1: 77.59% 
Epoch: 56, Loss: 0.5523, Cls: 0.2188, Ind: 0.0011, Med: 0.1099, Spu: 0.0002, FD: 0.2222, Var: 0.0000, CStr: 0.479, Ctx: 2, Train: 94.16%, Valid: 92.85%, Test In: 93.06% Test OOD1: 76.80% 
Epoch: 57, Loss: 0.5422, Cls: 0.2145, Ind: 0.0012, Med: 0.1077, Spu: 0.0002, FD: 0.2187, Var: 0.0000, CStr: 0.479, Ctx: 2, Train: 94.18%, Valid: 93.00%, Test In: 93.00% Test OOD1: 77.77% 
Epoch: 58, Loss: 0.5323, Cls: 0.2110, Ind: 0.0012, Med: 0.1062, Spu: 0.0002, FD: 0.2137, Var: 0.0000, CStr: 0.480, Ctx: 2, Train: 94.33%, Valid: 93.06%, Test In: 93.07% Test OOD1: 76.34% 
Epoch: 59, Loss: 0.5301, Cls: 0.2098, Ind: 0.0012, Med: 0.1054, Spu: 0.0002, FD: 0.2135, Var: 0.0000, CStr: 0.480, Ctx: 2, Train: 94.29%, Valid: 93.00%, Test In: 93.10% Test OOD1: 77.07% 
Epoch: 60, Loss: 0.5385, Cls: 0.2132, Ind: 0.0012, Med: 0.1071, Spu: 0.0002, FD: 0.2168, Var: 0.0000, CStr: 0.480, Ctx: 2, Train: 94.50%, Valid: 93.22%, Test In: 93.23% Test OOD1: 77.17% 
Epoch: 61, Loss: 0.5271, Cls: 0.2089, Ind: 0.0012, Med: 0.1051, Spu: 0.0002, FD: 0.2117, Var: 0.0000, CStr: 0.481, Ctx: 2, Train: 94.62%, Valid: 93.31%, Test In: 93.33% Test OOD1: 77.86% 
Epoch: 62, Loss: 0.5192, Cls: 0.2059, Ind: 0.0011, Med: 0.1037, Spu: 0.0002, FD: 0.2083, Var: 0.0000, CStr: 0.481, Ctx: 2, Train: 94.75%, Valid: 93.30%, Test In: 93.41% Test OOD1: 77.66% 
Epoch: 63, Loss: 0.5147, Cls: 0.2039, Ind: 0.0012, Med: 0.1025, Spu: 0.0002, FD: 0.2069, Var: 0.0000, CStr: 0.481, Ctx: 2, Train: 94.79%, Valid: 93.31%, Test In: 93.48% Test OOD1: 77.79% 
Epoch: 64, Loss: 0.5090, Cls: 0.2018, Ind: 0.0012, Med: 0.1015, Spu: 0.0002, FD: 0.2044, Var: 0.0000, CStr: 0.481, Ctx: 2, Train: 94.79%, Valid: 93.36%, Test In: 93.49% Test OOD1: 79.01% 
Epoch: 65, Loss: 0.5019, Cls: 0.1988, Ind: 0.0012, Med: 0.0999, Spu: 0.0002, FD: 0.2018, Var: 0.0000, CStr: 0.481, Ctx: 2, Train: 94.96%, Valid: 93.33%, Test In: 93.60% Test OOD1: 77.50% 
Epoch: 66, Loss: 0.5039, Cls: 0.1998, Ind: 0.0012, Med: 0.1006, Spu: 0.0002, FD: 0.2021, Var: 0.0000, CStr: 0.482, Ctx: 2, Train: 94.93%, Valid: 93.41%, Test In: 93.52% Test OOD1: 79.37% 
Epoch: 67, Loss: 0.4970, Cls: 0.1970, Ind: 0.0012, Med: 0.0991, Spu: 0.0002, FD: 0.1996, Var: 0.0000, CStr: 0.482, Ctx: 2, Train: 95.10%, Valid: 93.45%, Test In: 93.68% Test OOD1: 78.22% 
Epoch: 68, Loss: 0.4910, Cls: 0.1946, Ind: 0.0011, Med: 0.0979, Spu: 0.0001, FD: 0.1972, Var: 0.0000, CStr: 0.482, Ctx: 2, Train: 95.15%, Valid: 93.54%, Test In: 93.70% Test OOD1: 77.54% 
Epoch: 69, Loss: 0.4914, Cls: 0.1944, Ind: 0.0011, Med: 0.0976, Spu: 0.0001, FD: 0.1981, Var: 0.0000, CStr: 0.482, Ctx: 2, Train: 95.10%, Valid: 93.43%, Test In: 93.50% Test OOD1: 78.61% 
Epoch: 70, Loss: 0.4808, Cls: 0.1904, Ind: 0.0011, Med: 0.0957, Spu: 0.0001, FD: 0.1934, Var: 0.0000, CStr: 0.481, Ctx: 2, Train: 95.33%, Valid: 93.44%, Test In: 93.68% Test OOD1: 77.81% 
Epoch: 71, Loss: 0.4780, Cls: 0.1895, Ind: 0.0010, Med: 0.0952, Spu: 0.0001, FD: 0.1921, Var: 0.0000, CStr: 0.481, Ctx: 2, Train: 95.38%, Valid: 93.43%, Test In: 93.76% Test OOD1: 78.17% 
Epoch: 72, Loss: 0.4814, Cls: 0.1910, Ind: 0.0010, Med: 0.0960, Spu: 0.0001, FD: 0.1933, Var: 0.0000, CStr: 0.481, Ctx: 2, Train: 95.29%, Valid: 93.43%, Test In: 93.58% Test OOD1: 80.21% 
Epoch: 73, Loss: 0.4643, Cls: 0.1842, Ind: 0.0010, Med: 0.0928, Spu: 0.0001, FD: 0.1861, Var: 0.0000, CStr: 0.481, Ctx: 2, Train: 95.52%, Valid: 93.67%, Test In: 93.94% Test OOD1: 77.88% 
Epoch: 74, Loss: 0.4754, Cls: 0.1885, Ind: 0.0010, Med: 0.0947, Spu: 0.0001, FD: 0.1911, Var: 0.0000, CStr: 0.480, Ctx: 2, Train: 95.27%, Valid: 93.46%, Test In: 93.56% Test OOD1: 80.47% 
Epoch: 75, Loss: 0.4656, Cls: 0.1844, Ind: 0.0010, Med: 0.0926, Spu: 0.0001, FD: 0.1874, Var: 0.0000, CStr: 0.480, Ctx: 2, Train: 95.59%, Valid: 93.77%, Test In: 93.92% Test OOD1: 79.11% 
Epoch: 76, Loss: 0.4673, Cls: 0.1850, Ind: 0.0009, Med: 0.0927, Spu: 0.0001, FD: 0.1885, Var: 0.0000, CStr: 0.480, Ctx: 2, Train: 95.65%, Valid: 93.79%, Test In: 94.03% Test OOD1: 77.89% 
Epoch: 77, Loss: 0.4617, Cls: 0.1833, Ind: 0.0009, Med: 0.0922, Spu: 0.0001, FD: 0.1852, Var: 0.0000, CStr: 0.479, Ctx: 2, Train: 94.97%, Valid: 93.13%, Test In: 93.06% Test OOD1: 81.06% 
Epoch: 78, Loss: 0.4653, Cls: 0.1847, Ind: 0.0010, Med: 0.0930, Spu: 0.0001, FD: 0.1865, Var: 0.0000, CStr: 0.479, Ctx: 2, Train: 95.85%, Valid: 93.83%, Test In: 93.99% Test OOD1: 75.92% 
Epoch: 79, Loss: 0.4598, Cls: 0.1823, Ind: 0.0009, Med: 0.0915, Spu: 0.0001, FD: 0.1850, Var: 0.0000, CStr: 0.478, Ctx: 2, Train: 95.78%, Valid: 93.72%, Test In: 93.84% Test OOD1: 78.59% 
Epoch: 80, Loss: 0.4424, Cls: 0.1755, Ind: 0.0009, Med: 0.0883, Spu: 0.0001, FD: 0.1776, Var: 0.0000, CStr: 0.477, Ctx: 2, Train: 95.44%, Valid: 93.52%, Test In: 93.43% Test OOD1: 80.05% 
Epoch: 81, Loss: 0.4564, Cls: 0.1811, Ind: 0.0010, Med: 0.0911, Spu: 0.0001, FD: 0.1832, Var: 0.0000, CStr: 0.477, Ctx: 2, Train: 95.99%, Valid: 94.07%, Test In: 94.03% Test OOD1: 77.38% 
Epoch: 82, Loss: 0.4431, Cls: 0.1759, Ind: 0.0010, Med: 0.0884, Spu: 0.0001, FD: 0.1777, Var: 0.0000, CStr: 0.476, Ctx: 2, Train: 96.09%, Valid: 93.97%, Test In: 94.02% Test OOD1: 78.55% 
Epoch: 83, Loss: 0.4487, Cls: 0.1780, Ind: 0.0009, Med: 0.0894, Spu: 0.0001, FD: 0.1804, Var: 0.0000, CStr: 0.475, Ctx: 2, Train: 95.75%, Valid: 93.67%, Test In: 93.58% Test OOD1: 80.43% 
Epoch: 84, Loss: 0.4356, Cls: 0.1726, Ind: 0.0008, Med: 0.0867, Spu: 0.0001, FD: 0.1753, Var: 0.0000, CStr: 0.474, Ctx: 2, Train: 96.20%, Valid: 93.98%, Test In: 94.07% Test OOD1: 78.73% 
Epoch: 85, Loss: 0.4360, Cls: 0.1727, Ind: 0.0008, Med: 0.0867, Spu: 0.0001, FD: 0.1756, Var: 0.0000, CStr: 0.473, Ctx: 2, Train: 96.21%, Valid: 94.06%, Test In: 94.00% Test OOD1: 79.33% 
Epoch: 86, Loss: 0.4375, Cls: 0.1732, Ind: 0.0009, Med: 0.0869, Spu: 0.0001, FD: 0.1764, Var: 0.0000, CStr: 0.472, Ctx: 2, Train: 96.05%, Valid: 93.95%, Test In: 93.93% Test OOD1: 80.44% 
Epoch: 87, Loss: 0.4213, Cls: 0.1670, Ind: 0.0008, Med: 0.0838, Spu: 0.0001, FD: 0.1695, Var: 0.0000, CStr: 0.471, Ctx: 2, Train: 96.14%, Valid: 93.96%, Test In: 93.81% Test OOD1: 79.18% 
Epoch: 88, Loss: 0.4299, Cls: 0.1706, Ind: 0.0009, Med: 0.0857, Spu: 0.0001, FD: 0.1726, Var: 0.0000, CStr: 0.469, Ctx: 2, Train: 96.42%, Valid: 94.10%, Test In: 94.21% Test OOD1: 79.70% 
Epoch: 89, Loss: 0.4246, Cls: 0.1683, Ind: 0.0008, Med: 0.0844, Spu: 0.0001, FD: 0.1712, Var: 0.0000, CStr: 0.468, Ctx: 2, Train: 96.46%, Valid: 94.16%, Test In: 94.13% Test OOD1: 80.23% 
Epoch: 90, Loss: 0.4137, Cls: 0.1642, Ind: 0.0008, Med: 0.0826, Spu: 0.0001, FD: 0.1660, Var: 0.0000, CStr: 0.467, Ctx: 2, Train: 96.23%, Valid: 93.93%, Test In: 93.81% Test OOD1: 80.46% 
Epoch: 91, Loss: 0.4217, Cls: 0.1672, Ind: 0.0008, Med: 0.0839, Spu: 0.0001, FD: 0.1697, Var: 0.0000, CStr: 0.465, Ctx: 2, Train: 96.74%, Valid: 94.30%, Test In: 94.24% Test OOD1: 79.91% 
Epoch: 92, Loss: 0.4076, Cls: 0.1614, Ind: 0.0007, Med: 0.0809, Spu: 0.0001, FD: 0.1645, Var: 0.0000, CStr: 0.464, Ctx: 2, Train: 96.70%, Valid: 94.28%, Test In: 94.12% Test OOD1: 80.22% 
Epoch: 93, Loss: 0.4059, Cls: 0.1610, Ind: 0.0007, Med: 0.0809, Spu: 0.0001, FD: 0.1632, Var: 0.0000, CStr: 0.462, Ctx: 2, Train: 96.41%, Valid: 94.05%, Test In: 93.97% Test OOD1: 80.67% 
Epoch: 94, Loss: 0.4088, Cls: 0.1620, Ind: 0.0007, Med: 0.0812, Spu: 0.0001, FD: 0.1648, Var: 0.0000, CStr: 0.461, Ctx: 2, Train: 96.52%, Valid: 94.09%, Test In: 94.02% Test OOD1: 80.46% 
Epoch: 95, Loss: 0.3938, Cls: 0.1562, Ind: 0.0007, Med: 0.0785, Spu: 0.0001, FD: 0.1583, Var: 0.0000, CStr: 0.459, Ctx: 2, Train: 96.86%, Valid: 94.29%, Test In: 94.22% Test OOD1: 78.76% 
Epoch: 96, Loss: 0.4082, Cls: 0.1619, Ind: 0.0007, Med: 0.0812, Spu: 0.0001, FD: 0.1643, Var: 0.0000, CStr: 0.458, Ctx: 2, Train: 96.86%, Valid: 94.32%, Test In: 94.30% Test OOD1: 79.78% 
Epoch: 97, Loss: 0.3880, Cls: 0.1540, Ind: 0.0007, Med: 0.0773, Spu: 0.0001, FD: 0.1559, Var: 0.0000, CStr: 0.456, Ctx: 2, Train: 96.47%, Valid: 94.00%, Test In: 93.68% Test OOD1: 80.92% 
Epoch: 98, Loss: 0.3925, Cls: 0.1557, Ind: 0.0007, Med: 0.0781, Spu: 0.0001, FD: 0.1580, Var: 0.0000, CStr: 0.455, Ctx: 2, Train: 97.09%, Valid: 94.47%, Test In: 94.52% Test OOD1: 78.79% 
Epoch: 99, Loss: 0.3835, Cls: 0.1522, Ind: 0.0007, Med: 0.0764, Spu: 0.0001, FD: 0.1542, Var: 0.0000, CStr: 0.453, Ctx: 2, Train: 96.91%, Valid: 94.36%, Test In: 94.23% Test OOD1: 80.83% 
Epoch: 100, Loss: 0.3827, Cls: 0.1517, Ind: 0.0006, Med: 0.0761, Spu: 0.0001, FD: 0.1542, Var: 0.0000, CStr: 0.451, Ctx: 2, Train: 96.93%, Valid: 94.26%, Test In: 94.21% Test OOD1: 80.77% 
Epoch: 101, Loss: 0.3806, Cls: 0.1508, Ind: 0.0007, Med: 0.0756, Spu: 0.0001, FD: 0.1534, Var: 0.0000, CStr: 0.450, Ctx: 2, Train: 97.00%, Valid: 94.35%, Test In: 94.35% Test OOD1: 80.97% 
Epoch: 102, Loss: 0.3718, Cls: 0.1474, Ind: 0.0006, Med: 0.0739, Spu: 0.0001, FD: 0.1498, Var: 0.0000, CStr: 0.448, Ctx: 2, Train: 97.21%, Valid: 94.56%, Test In: 94.44% Test OOD1: 80.38% 
Epoch: 103, Loss: 0.3696, Cls: 0.1465, Ind: 0.0006, Med: 0.0734, Spu: 0.0000, FD: 0.1489, Var: 0.0000, CStr: 0.446, Ctx: 2, Train: 97.21%, Valid: 94.44%, Test In: 94.44% Test OOD1: 80.89% 
Epoch: 104, Loss: 0.3708, Cls: 0.1473, Ind: 0.0006, Med: 0.0741, Spu: 0.0000, FD: 0.1487, Var: 0.0000, CStr: 0.444, Ctx: 2, Train: 97.06%, Valid: 94.31%, Test In: 94.18% Test OOD1: 80.48% 
Epoch: 105, Loss: 0.3786, Cls: 0.1503, Ind: 0.0006, Med: 0.0755, Spu: 0.0000, FD: 0.1522, Var: 0.0000, CStr: 0.442, Ctx: 2, Train: 97.22%, Valid: 94.54%, Test In: 94.37% Test OOD1: 80.57% 
Epoch: 106, Loss: 0.3624, Cls: 0.1438, Ind: 0.0006, Med: 0.0721, Spu: 0.0000, FD: 0.1459, Var: 0.0000, CStr: 0.440, Ctx: 2, Train: 97.36%, Valid: 94.87%, Test In: 94.64% Test OOD1: 79.27% 
Epoch: 107, Loss: 0.3645, Cls: 0.1446, Ind: 0.0005, Med: 0.0725, Spu: 0.0000, FD: 0.1468, Var: 0.0000, CStr: 0.439, Ctx: 2, Train: 96.98%, Valid: 94.23%, Test In: 93.97% Test OOD1: 82.14% 
Epoch: 108, Loss: 0.3721, Cls: 0.1475, Ind: 0.0005, Med: 0.0739, Spu: 0.0000, FD: 0.1500, Var: 0.0000, CStr: 0.437, Ctx: 2, Train: 97.49%, Valid: 94.88%, Test In: 94.70% Test OOD1: 79.08% 
Epoch: 109, Loss: 0.3602, Cls: 0.1431, Ind: 0.0006, Med: 0.0719, Spu: 0.0000, FD: 0.1446, Var: 0.0000, CStr: 0.435, Ctx: 2, Train: 97.21%, Valid: 94.40%, Test In: 94.21% Test OOD1: 82.27% 
Epoch: 110, Loss: 0.3734, Cls: 0.1480, Ind: 0.0005, Med: 0.0741, Spu: 0.0000, FD: 0.1507, Var: 0.0000, CStr: 0.433, Ctx: 2, Train: 97.47%, Valid: 94.63%, Test In: 94.62% Test OOD1: 79.00% 
Epoch: 111, Loss: 0.3717, Cls: 0.1476, Ind: 0.0005, Med: 0.0741, Spu: 0.0000, FD: 0.1494, Var: 0.0000, CStr: 0.431, Ctx: 2, Train: 97.10%, Valid: 94.22%, Test In: 94.14% Test OOD1: 82.69% 
Epoch: 112, Loss: 0.3587, Cls: 0.1423, Ind: 0.0005, Med: 0.0714, Spu: 0.0000, FD: 0.1445, Var: 0.0000, CStr: 0.429, Ctx: 2, Train: 97.82%, Valid: 95.01%, Test In: 94.85% Test OOD1: 78.45% 
Epoch: 113, Loss: 0.3592, Cls: 0.1425, Ind: 0.0005, Med: 0.0714, Spu: 0.0000, FD: 0.1447, Var: 0.0000, CStr: 0.428, Ctx: 2, Train: 97.56%, Valid: 94.78%, Test In: 94.52% Test OOD1: 81.17% 
Epoch: 114, Loss: 0.3509, Cls: 0.1392, Ind: 0.0005, Med: 0.0698, Spu: 0.0000, FD: 0.1414, Var: 0.0000, CStr: 0.426, Ctx: 2, Train: 97.67%, Valid: 94.94%, Test In: 94.72% Test OOD1: 81.28% 
Epoch: 115, Loss: 0.3388, Cls: 0.1347, Ind: 0.0005, Med: 0.0677, Spu: 0.0000, FD: 0.1359, Var: 0.0000, CStr: 0.424, Ctx: 2, Train: 97.85%, Valid: 95.02%, Test In: 94.92% Test OOD1: 79.82% 
Epoch: 116, Loss: 0.3523, Cls: 0.1399, Ind: 0.0005, Med: 0.0702, Spu: 0.0000, FD: 0.1417, Var: 0.0000, CStr: 0.422, Ctx: 2, Train: 97.42%, Valid: 94.63%, Test In: 94.39% Test OOD1: 82.83% 
Epoch: 117, Loss: 0.3441, Cls: 0.1365, Ind: 0.0004, Med: 0.0685, Spu: 0.0000, FD: 0.1385, Var: 0.0000, CStr: 0.420, Ctx: 2, Train: 97.71%, Valid: 94.77%, Test In: 94.66% Test OOD1: 80.03% 
Epoch: 118, Loss: 0.3418, Cls: 0.1356, Ind: 0.0004, Med: 0.0680, Spu: 0.0000, FD: 0.1377, Var: 0.0000, CStr: 0.419, Ctx: 2, Train: 97.94%, Valid: 95.23%, Test In: 95.00% Test OOD1: 80.38% 
Epoch: 119, Loss: 0.3421, Cls: 0.1357, Ind: 0.0004, Med: 0.0680, Spu: 0.0000, FD: 0.1379, Var: 0.0000, CStr: 0.417, Ctx: 2, Train: 97.68%, Valid: 94.96%, Test In: 94.73% Test OOD1: 82.37% 
Epoch: 120, Loss: 0.3351, Cls: 0.1332, Ind: 0.0005, Med: 0.0669, Spu: 0.0000, FD: 0.1345, Var: 0.0000, CStr: 0.415, Ctx: 2, Train: 97.74%, Valid: 94.73%, Test In: 94.62% Test OOD1: 79.31% 
Epoch: 121, Loss: 0.3484, Cls: 0.1383, Ind: 0.0004, Med: 0.0693, Spu: 0.0000, FD: 0.1403, Var: 0.0000, CStr: 0.414, Ctx: 2, Train: 97.73%, Valid: 94.90%, Test In: 94.82% Test OOD1: 82.57% 
Epoch: 122, Loss: 0.3217, Cls: 0.1277, Ind: 0.0004, Med: 0.0642, Spu: 0.0000, FD: 0.1293, Var: 0.0000, CStr: 0.412, Ctx: 2, Train: 97.97%, Valid: 94.99%, Test In: 94.89% Test OOD1: 82.16% 
Epoch: 123, Loss: 0.3266, Cls: 0.1296, Ind: 0.0004, Med: 0.0651, Spu: 0.0000, FD: 0.1314, Var: 0.0000, CStr: 0.410, Ctx: 2, Train: 98.02%, Valid: 94.98%, Test In: 94.79% Test OOD1: 80.26% 
Epoch: 124, Loss: 0.3334, Cls: 0.1323, Ind: 0.0005, Med: 0.0664, Spu: 0.0000, FD: 0.1342, Var: 0.0000, CStr: 0.409, Ctx: 2, Train: 97.89%, Valid: 95.04%, Test In: 94.68% Test OOD1: 83.06% 
Epoch: 125, Loss: 0.3347, Cls: 0.1331, Ind: 0.0004, Med: 0.0669, Spu: 0.0000, FD: 0.1343, Var: 0.0000, CStr: 0.407, Ctx: 2, Train: 98.30%, Valid: 95.39%, Test In: 95.25% Test OOD1: 80.72% 
Epoch: 126, Loss: 0.3197, Cls: 0.1268, Ind: 0.0004, Med: 0.0636, Spu: 0.0000, FD: 0.1289, Var: 0.0000, CStr: 0.406, Ctx: 2, Train: 98.06%, Valid: 95.12%, Test In: 94.87% Test OOD1: 81.57% 
Epoch: 127, Loss: 0.3152, Cls: 0.1251, Ind: 0.0004, Med: 0.0628, Spu: 0.0000, FD: 0.1269, Var: 0.0000, CStr: 0.404, Ctx: 2, Train: 98.05%, Valid: 95.22%, Test In: 94.92% Test OOD1: 83.35% 
Epoch: 128, Loss: 0.3154, Cls: 0.1253, Ind: 0.0004, Med: 0.0629, Spu: 0.0000, FD: 0.1267, Var: 0.0000, CStr: 0.403, Ctx: 2, Train: 98.29%, Valid: 95.31%, Test In: 95.10% Test OOD1: 81.75% 
Epoch: 129, Loss: 0.3124, Cls: 0.1241, Ind: 0.0004, Med: 0.0622, Spu: 0.0000, FD: 0.1257, Var: 0.0000, CStr: 0.401, Ctx: 2, Train: 98.27%, Valid: 95.18%, Test In: 95.17% Test OOD1: 81.59% 
Epoch: 130, Loss: 0.3191, Cls: 0.1265, Ind: 0.0004, Med: 0.0633, Spu: 0.0000, FD: 0.1288, Var: 0.0000, CStr: 0.400, Ctx: 2, Train: 98.02%, Valid: 95.04%, Test In: 94.73% Test OOD1: 84.34% 
Epoch: 131, Loss: 0.3065, Cls: 0.1217, Ind: 0.0004, Med: 0.0611, Spu: 0.0000, FD: 0.1234, Var: 0.0000, CStr: 0.398, Ctx: 2, Train: 98.49%, Valid: 95.46%, Test In: 95.46% Test OOD1: 79.94% 
Epoch: 132, Loss: 0.3142, Cls: 0.1247, Ind: 0.0004, Med: 0.0625, Spu: 0.0000, FD: 0.1266, Var: 0.0000, CStr: 0.397, Ctx: 2, Train: 98.32%, Valid: 95.16%, Test In: 94.96% Test OOD1: 82.09% 
Epoch: 133, Loss: 0.3030, Cls: 0.1203, Ind: 0.0004, Med: 0.0603, Spu: 0.0000, FD: 0.1219, Var: 0.0000, CStr: 0.396, Ctx: 2, Train: 97.99%, Valid: 94.80%, Test In: 94.77% Test OOD1: 84.43% 
Epoch: 134, Loss: 0.3113, Cls: 0.1234, Ind: 0.0004, Med: 0.0618, Spu: 0.0000, FD: 0.1257, Var: 0.0000, CStr: 0.394, Ctx: 2, Train: 98.46%, Valid: 95.42%, Test In: 95.25% Test OOD1: 79.82% 
Epoch: 135, Loss: 0.3158, Cls: 0.1254, Ind: 0.0004, Med: 0.0629, Spu: 0.0000, FD: 0.1271, Var: 0.0000, CStr: 0.393, Ctx: 2, Train: 98.37%, Valid: 95.19%, Test In: 95.04% Test OOD1: 83.56% 
Epoch: 136, Loss: 0.2902, Cls: 0.1153, Ind: 0.0003, Med: 0.0579, Spu: 0.0000, FD: 0.1167, Var: 0.0000, CStr: 0.391, Ctx: 2, Train: 98.22%, Valid: 94.86%, Test In: 94.90% Test OOD1: 85.56% 
Epoch: 137, Loss: 0.3047, Cls: 0.1208, Ind: 0.0003, Med: 0.0605, Spu: 0.0000, FD: 0.1230, Var: 0.0000, CStr: 0.390, Ctx: 2, Train: 98.69%, Valid: 95.44%, Test In: 95.42% Test OOD1: 80.66% 
Epoch: 138, Loss: 0.3083, Cls: 0.1226, Ind: 0.0003, Med: 0.0616, Spu: 0.0000, FD: 0.1238, Var: 0.0000, CStr: 0.389, Ctx: 2, Train: 98.59%, Valid: 95.37%, Test In: 95.33% Test OOD1: 83.88% 
Epoch: 139, Loss: 0.2889, Cls: 0.1145, Ind: 0.0003, Med: 0.0574, Spu: 0.0000, FD: 0.1166, Var: 0.0000, CStr: 0.387, Ctx: 2, Train: 98.20%, Valid: 94.88%, Test In: 94.96% Test OOD1: 85.16% 
Epoch: 140, Loss: 0.2975, Cls: 0.1180, Ind: 0.0003, Med: 0.0592, Spu: 0.0000, FD: 0.1199, Var: 0.0000, CStr: 0.386, Ctx: 2, Train: 98.79%, Valid: 95.68%, Test In: 95.57% Test OOD1: 81.66% 
Epoch: 141, Loss: 0.2912, Cls: 0.1155, Ind: 0.0003, Med: 0.0579, Spu: 0.0000, FD: 0.1174, Var: 0.0000, CStr: 0.385, Ctx: 2, Train: 98.81%, Valid: 95.66%, Test In: 95.54% Test OOD1: 82.48% 
Epoch: 142, Loss: 0.2864, Cls: 0.1136, Ind: 0.0003, Med: 0.0569, Spu: 0.0000, FD: 0.1156, Var: 0.0000, CStr: 0.383, Ctx: 2, Train: 98.28%, Valid: 94.91%, Test In: 94.83% Test OOD1: 86.18% 
Epoch: 143, Loss: 0.2967, Cls: 0.1178, Ind: 0.0003, Med: 0.0590, Spu: 0.0000, FD: 0.1195, Var: 0.0000, CStr: 0.382, Ctx: 2, Train: 98.88%, Valid: 95.66%, Test In: 95.52% Test OOD1: 82.35% 
Epoch: 144, Loss: 0.2835, Cls: 0.1126, Ind: 0.0003, Med: 0.0565, Spu: 0.0000, FD: 0.1141, Var: 0.0000, CStr: 0.381, Ctx: 2, Train: 98.86%, Valid: 95.70%, Test In: 95.60% Test OOD1: 83.03% 
Epoch: 145, Loss: 0.2769, Cls: 0.1100, Ind: 0.0003, Med: 0.0552, Spu: 0.0000, FD: 0.1113, Var: 0.0000, CStr: 0.379, Ctx: 2, Train: 98.57%, Valid: 95.34%, Test In: 95.23% Test OOD1: 85.27% 
Epoch: 146, Loss: 0.2752, Cls: 0.1094, Ind: 0.0003, Med: 0.0550, Spu: 0.0000, FD: 0.1105, Var: 0.0000, CStr: 0.378, Ctx: 2, Train: 98.91%, Valid: 95.73%, Test In: 95.61% Test OOD1: 83.97% 
Epoch: 147, Loss: 0.2803, Cls: 0.1112, Ind: 0.0003, Med: 0.0557, Spu: 0.0000, FD: 0.1131, Var: 0.0000, CStr: 0.377, Ctx: 2, Train: 98.98%, Valid: 95.88%, Test In: 95.73% Test OOD1: 82.34% 
Epoch: 148, Loss: 0.2798, Cls: 0.1110, Ind: 0.0003, Med: 0.0555, Spu: 0.0000, FD: 0.1130, Var: 0.0000, CStr: 0.376, Ctx: 2, Train: 98.87%, Valid: 95.56%, Test In: 95.49% Test OOD1: 85.26% 
Epoch: 149, Loss: 0.2704, Cls: 0.1074, Ind: 0.0003, Med: 0.0540, Spu: 0.0000, FD: 0.1087, Var: 0.0000, CStr: 0.374, Ctx: 2, Train: 98.87%, Valid: 95.58%, Test In: 95.39% Test OOD1: 84.89% 
Epoch: 150, Loss: 0.2739, Cls: 0.1087, Ind: 0.0003, Med: 0.0545, Spu: 0.0000, FD: 0.1104, Var: 0.0000, CStr: 0.373, Ctx: 2, Train: 98.91%, Valid: 95.96%, Test In: 95.63% Test OOD1: 83.70% 
Epoch: 151, Loss: 0.2782, Cls: 0.1105, Ind: 0.0003, Med: 0.0555, Spu: 0.0000, FD: 0.1119, Var: 0.0000, CStr: 0.372, Ctx: 2, Train: 98.92%, Valid: 95.73%, Test In: 95.44% Test OOD1: 83.97% 
Epoch: 152, Loss: 0.2610, Cls: 0.1034, Ind: 0.0003, Med: 0.0517, Spu: 0.0000, FD: 0.1055, Var: 0.0000, CStr: 0.371, Ctx: 2, Train: 98.81%, Valid: 95.54%, Test In: 95.22% Test OOD1: 86.03% 
Epoch: 153, Loss: 0.2743, Cls: 0.1089, Ind: 0.0003, Med: 0.0546, Spu: 0.0000, FD: 0.1104, Var: 0.0000, CStr: 0.370, Ctx: 2, Train: 99.04%, Valid: 96.04%, Test In: 95.62% Test OOD1: 84.18% 
Epoch: 154, Loss: 0.2752, Cls: 0.1094, Ind: 0.0003, Med: 0.0550, Spu: 0.0000, FD: 0.1105, Var: 0.0000, CStr: 0.369, Ctx: 2, Train: 99.04%, Valid: 95.81%, Test In: 95.69% Test OOD1: 83.48% 
Epoch: 155, Loss: 0.2730, Cls: 0.1085, Ind: 0.0003, Med: 0.0545, Spu: 0.0000, FD: 0.1097, Var: 0.0000, CStr: 0.368, Ctx: 2, Train: 98.74%, Valid: 95.54%, Test In: 95.22% Test OOD1: 87.12% 
Epoch: 156, Loss: 0.2649, Cls: 0.1053, Ind: 0.0003, Med: 0.0529, Spu: 0.0000, FD: 0.1063, Var: 0.0000, CStr: 0.367, Ctx: 2, Train: 99.13%, Valid: 95.98%, Test In: 95.73% Test OOD1: 84.11% 
Epoch: 157, Loss: 0.2586, Cls: 0.1027, Ind: 0.0003, Med: 0.0515, Spu: 0.0000, FD: 0.1041, Var: 0.0000, CStr: 0.366, Ctx: 2, Train: 99.13%, Valid: 96.02%, Test In: 95.77% Test OOD1: 83.88% 
Epoch: 158, Loss: 0.2567, Cls: 0.1020, Ind: 0.0003, Med: 0.0513, Spu: 0.0000, FD: 0.1032, Var: 0.0000, CStr: 0.366, Ctx: 2, Train: 99.13%, Valid: 95.80%, Test In: 95.68% Test OOD1: 85.33% 
Epoch: 159, Loss: 0.2634, Cls: 0.1044, Ind: 0.0003, Med: 0.0523, Spu: 0.0000, FD: 0.1063, Var: 0.0000, CStr: 0.365, Ctx: 2, Train: 99.20%, Valid: 95.93%, Test In: 95.69% Test OOD1: 84.38% 
Epoch: 160, Loss: 0.2488, Cls: 0.0987, Ind: 0.0003, Med: 0.0494, Spu: 0.0000, FD: 0.1004, Var: 0.0000, CStr: 0.364, Ctx: 2, Train: 99.21%, Valid: 95.92%, Test In: 95.81% Test OOD1: 84.10% 
Epoch: 161, Loss: 0.2475, Cls: 0.0983, Ind: 0.0003, Med: 0.0494, Spu: 0.0000, FD: 0.0994, Var: 0.0000, CStr: 0.363, Ctx: 2, Train: 99.13%, Valid: 95.81%, Test In: 95.57% Test OOD1: 85.93% 
Epoch: 162, Loss: 0.2506, Cls: 0.0996, Ind: 0.0003, Med: 0.0500, Spu: 0.0000, FD: 0.1006, Var: 0.0000, CStr: 0.362, Ctx: 2, Train: 99.20%, Valid: 95.96%, Test In: 95.75% Test OOD1: 85.27% 
Epoch: 163, Loss: 0.2480, Cls: 0.0984, Ind: 0.0003, Med: 0.0493, Spu: 0.0000, FD: 0.0999, Var: 0.0000, CStr: 0.361, Ctx: 2, Train: 99.30%, Valid: 96.19%, Test In: 95.89% Test OOD1: 85.00% 
Epoch: 164, Loss: 0.2555, Cls: 0.1015, Ind: 0.0003, Med: 0.0509, Spu: 0.0000, FD: 0.1029, Var: 0.0000, CStr: 0.360, Ctx: 2, Train: 99.16%, Valid: 96.01%, Test In: 95.75% Test OOD1: 86.17% 
Epoch: 165, Loss: 0.2553, Cls: 0.1014, Ind: 0.0003, Med: 0.0509, Spu: 0.0000, FD: 0.1026, Var: 0.0000, CStr: 0.359, Ctx: 2, Train: 99.30%, Valid: 96.13%, Test In: 95.87% Test OOD1: 84.87% 
Epoch: 166, Loss: 0.2506, Cls: 0.0994, Ind: 0.0003, Med: 0.0498, Spu: 0.0000, FD: 0.1011, Var: 0.0000, CStr: 0.359, Ctx: 2, Train: 99.25%, Valid: 96.14%, Test In: 95.89% Test OOD1: 85.34% 
Epoch: 167, Loss: 0.2412, Cls: 0.0957, Ind: 0.0003, Med: 0.0479, Spu: 0.0000, FD: 0.0974, Var: 0.0000, CStr: 0.358, Ctx: 2, Train: 99.24%, Valid: 95.99%, Test In: 95.69% Test OOD1: 86.17% 
Epoch: 168, Loss: 0.2468, Cls: 0.0979, Ind: 0.0003, Med: 0.0491, Spu: 0.0000, FD: 0.0995, Var: 0.0000, CStr: 0.357, Ctx: 2, Train: 99.38%, Valid: 96.19%, Test In: 95.99% Test OOD1: 85.44% 
Epoch: 169, Loss: 0.2414, Cls: 0.0959, Ind: 0.0003, Med: 0.0482, Spu: 0.0000, FD: 0.0970, Var: 0.0000, CStr: 0.357, Ctx: 2, Train: 99.43%, Valid: 96.36%, Test In: 96.03% Test OOD1: 85.57% 
Epoch: 170, Loss: 0.2381, Cls: 0.0947, Ind: 0.0003, Med: 0.0476, Spu: 0.0000, FD: 0.0956, Var: 0.0000, CStr: 0.356, Ctx: 2, Train: 99.23%, Valid: 96.08%, Test In: 95.83% Test OOD1: 87.23% 
Epoch: 171, Loss: 0.2390, Cls: 0.0949, Ind: 0.0002, Med: 0.0476, Spu: 0.0000, FD: 0.0962, Var: 0.0000, CStr: 0.355, Ctx: 2, Train: 99.33%, Valid: 96.17%, Test In: 96.10% Test OOD1: 85.40% 
Epoch: 172, Loss: 0.2462, Cls: 0.0977, Ind: 0.0003, Med: 0.0489, Spu: 0.0000, FD: 0.0993, Var: 0.0000, CStr: 0.355, Ctx: 2, Train: 99.29%, Valid: 96.06%, Test In: 95.95% Test OOD1: 86.89% 
Epoch: 173, Loss: 0.2451, Cls: 0.0973, Ind: 0.0003, Med: 0.0488, Spu: 0.0000, FD: 0.0988, Var: 0.0000, CStr: 0.354, Ctx: 2, Train: 99.05%, Valid: 95.94%, Test In: 95.67% Test OOD1: 85.67% 
Epoch: 174, Loss: 0.2478, Cls: 0.0985, Ind: 0.0003, Med: 0.0494, Spu: 0.0000, FD: 0.0996, Var: 0.0000, CStr: 0.353, Ctx: 2, Train: 99.35%, Valid: 96.20%, Test In: 96.01% Test OOD1: 87.01% 
Epoch: 175, Loss: 0.2353, Cls: 0.0934, Ind: 0.0003, Med: 0.0468, Spu: 0.0000, FD: 0.0948, Var: 0.0000, CStr: 0.353, Ctx: 2, Train: 99.51%, Valid: 96.43%, Test In: 96.18% Test OOD1: 85.22% 
Epoch: 176, Loss: 0.2379, Cls: 0.0943, Ind: 0.0003, Med: 0.0471, Spu: 0.0000, FD: 0.0962, Var: 0.0000, CStr: 0.352, Ctx: 2, Train: 99.18%, Valid: 95.85%, Test In: 95.56% Test OOD1: 86.92% 
Epoch: 177, Loss: 0.2370, Cls: 0.0942, Ind: 0.0003, Med: 0.0474, Spu: 0.0000, FD: 0.0951, Var: 0.0000, CStr: 0.352, Ctx: 2, Train: 99.46%, Valid: 96.26%, Test In: 95.93% Test OOD1: 87.30% 
Epoch: 178, Loss: 0.2379, Cls: 0.0943, Ind: 0.0003, Med: 0.0472, Spu: 0.0000, FD: 0.0960, Var: 0.0000, CStr: 0.352, Ctx: 2, Train: 99.45%, Valid: 96.30%, Test In: 96.16% Test OOD1: 84.60% 
Epoch: 179, Loss: 0.2460, Cls: 0.0976, Ind: 0.0003, Med: 0.0488, Spu: 0.0000, FD: 0.0993, Var: 0.0000, CStr: 0.351, Ctx: 2, Train: 99.22%, Valid: 95.85%, Test In: 95.73% Test OOD1: 88.50% 
Epoch: 180, Loss: 0.2383, Cls: 0.0946, Ind: 0.0003, Med: 0.0474, Spu: 0.0000, FD: 0.0960, Var: 0.0000, CStr: 0.351, Ctx: 2, Train: 99.48%, Valid: 96.44%, Test In: 96.31% Test OOD1: 85.87% 
Epoch: 181, Loss: 0.2250, Cls: 0.0893, Ind: 0.0003, Med: 0.0448, Spu: 0.0000, FD: 0.0906, Var: 0.0000, CStr: 0.350, Ctx: 2, Train: 99.53%, Valid: 96.40%, Test In: 96.33% Test OOD1: 84.97% 
Epoch: 182, Loss: 0.2277, Cls: 0.0904, Ind: 0.0003, Med: 0.0454, Spu: 0.0000, FD: 0.0916, Var: 0.0000, CStr: 0.350, Ctx: 2, Train: 99.35%, Valid: 96.06%, Test In: 96.00% Test OOD1: 88.25% 
Epoch: 183, Loss: 0.2257, Cls: 0.0895, Ind: 0.0003, Med: 0.0448, Spu: 0.0000, FD: 0.0912, Var: 0.0000, CStr: 0.350, Ctx: 2, Train: 99.47%, Valid: 96.42%, Test In: 96.27% Test OOD1: 85.50% 
Epoch: 184, Loss: 0.2222, Cls: 0.0882, Ind: 0.0002, Med: 0.0443, Spu: 0.0000, FD: 0.0894, Var: 0.0000, CStr: 0.349, Ctx: 2, Train: 99.50%, Valid: 96.46%, Test In: 96.19% Test OOD1: 87.12% 
Epoch: 185, Loss: 0.2268, Cls: 0.0899, Ind: 0.0003, Med: 0.0450, Spu: 0.0000, FD: 0.0915, Var: 0.0000, CStr: 0.349, Ctx: 2, Train: 99.51%, Valid: 96.48%, Test In: 96.22% Test OOD1: 86.19% 
Epoch: 186, Loss: 0.2205, Cls: 0.0875, Ind: 0.0003, Med: 0.0438, Spu: 0.0000, FD: 0.0890, Var: 0.0000, CStr: 0.349, Ctx: 2, Train: 99.52%, Valid: 96.37%, Test In: 96.13% Test OOD1: 86.51% 
Epoch: 187, Loss: 0.2289, Cls: 0.0910, Ind: 0.0003, Med: 0.0457, Spu: 0.0000, FD: 0.0919, Var: 0.0000, CStr: 0.348, Ctx: 2, Train: 99.35%, Valid: 96.04%, Test In: 95.90% Test OOD1: 88.40% 
Epoch: 188, Loss: 0.2349, Cls: 0.0933, Ind: 0.0003, Med: 0.0468, Spu: 0.0000, FD: 0.0945, Var: 0.0000, CStr: 0.348, Ctx: 2, Train: 99.51%, Valid: 96.24%, Test In: 96.20% Test OOD1: 84.98% 
Epoch: 189, Loss: 0.2263, Cls: 0.0899, Ind: 0.0003, Med: 0.0450, Spu: 0.0000, FD: 0.0911, Var: 0.0000, CStr: 0.348, Ctx: 2, Train: 99.52%, Valid: 96.21%, Test In: 96.06% Test OOD1: 87.58% 
Epoch: 190, Loss: 0.2181, Cls: 0.0866, Ind: 0.0002, Med: 0.0435, Spu: 0.0000, FD: 0.0877, Var: 0.0000, CStr: 0.348, Ctx: 2, Train: 99.64%, Valid: 96.44%, Test In: 96.36% Test OOD1: 87.54% 
Epoch: 191, Loss: 0.2209, Cls: 0.0877, Ind: 0.0002, Med: 0.0440, Spu: 0.0000, FD: 0.0889, Var: 0.0000, CStr: 0.347, Ctx: 2, Train: 99.60%, Valid: 96.43%, Test In: 96.41% Test OOD1: 84.48% 
Epoch: 192, Loss: 0.2294, Cls: 0.0912, Ind: 0.0002, Med: 0.0458, Spu: 0.0000, FD: 0.0922, Var: 0.0000, CStr: 0.347, Ctx: 2, Train: 99.27%, Valid: 95.77%, Test In: 95.67% Test OOD1: 88.53% 
Epoch: 193, Loss: 0.2313, Cls: 0.0920, Ind: 0.0003, Med: 0.0462, Spu: 0.0000, FD: 0.0929, Var: 0.0000, CStr: 0.347, Ctx: 2, Train: 99.65%, Valid: 96.52%, Test In: 96.44% Test OOD1: 86.43% 
Epoch: 194, Loss: 0.2053, Cls: 0.0816, Ind: 0.0003, Med: 0.0410, Spu: 0.0000, FD: 0.0824, Var: 0.0000, CStr: 0.347, Ctx: 2, Train: 99.61%, Valid: 96.45%, Test In: 96.46% Test OOD1: 84.43% 
Epoch: 195, Loss: 0.2146, Cls: 0.0852, Ind: 0.0003, Med: 0.0427, Spu: 0.0000, FD: 0.0865, Var: 0.0000, CStr: 0.346, Ctx: 2, Train: 99.55%, Valid: 96.19%, Test In: 96.06% Test OOD1: 88.43% 
Epoch: 196, Loss: 0.2149, Cls: 0.0854, Ind: 0.0003, Med: 0.0428, Spu: 0.0000, FD: 0.0864, Var: 0.0000, CStr: 0.346, Ctx: 2, Train: 99.61%, Valid: 96.30%, Test In: 96.17% Test OOD1: 87.41% 
Epoch: 197, Loss: 0.2140, Cls: 0.0850, Ind: 0.0002, Med: 0.0426, Spu: 0.0000, FD: 0.0862, Var: 0.0000, CStr: 0.346, Ctx: 2, Train: 99.66%, Valid: 96.53%, Test In: 96.38% Test OOD1: 84.20% 
Epoch: 198, Loss: 0.2131, Cls: 0.0848, Ind: 0.0002, Med: 0.0426, Spu: 0.0000, FD: 0.0855, Var: 0.0000, CStr: 0.346, Ctx: 2, Train: 99.66%, Valid: 96.56%, Test In: 96.40% Test OOD1: 87.24% 
Epoch: 199, Loss: 0.2086, Cls: 0.0827, Ind: 0.0002, Med: 0.0414, Spu: 0.0000, FD: 0.0843, Var: 0.0000, CStr: 0.346, Ctx: 2, Train: 99.48%, Valid: 96.24%, Test In: 96.13% Test OOD1: 87.25% 
Epoch: 200, Loss: 0.2091, Cls: 0.0830, Ind: 0.0003, Med: 0.0415, Spu: 0.0000, FD: 0.0843, Var: 0.0000, CStr: 0.345, Ctx: 2, Train: 99.69%, Valid: 96.50%, Test In: 96.47% Test OOD1: 85.30% 
Epoch: 201, Loss: 0.2082, Cls: 0.0826, Ind: 0.0003, Med: 0.0413, Spu: 0.0000, FD: 0.0840, Var: 0.0000, CStr: 0.345, Ctx: 2, Train: 99.66%, Valid: 96.61%, Test In: 96.54% Test OOD1: 87.10% 
Epoch: 202, Loss: 0.2138, Cls: 0.0848, Ind: 0.0003, Med: 0.0424, Spu: 0.0000, FD: 0.0863, Var: 0.0000, CStr: 0.345, Ctx: 2, Train: 99.61%, Valid: 96.28%, Test In: 96.38% Test OOD1: 88.00% 
Epoch: 203, Loss: 0.2088, Cls: 0.0828, Ind: 0.0002, Med: 0.0415, Spu: 0.0000, FD: 0.0842, Var: 0.0000, CStr: 0.345, Ctx: 2, Train: 99.72%, Valid: 96.65%, Test In: 96.63% Test OOD1: 86.60% 
Epoch: 204, Loss: 0.2034, Cls: 0.0808, Ind: 0.0002, Med: 0.0405, Spu: 0.0000, FD: 0.0819, Var: 0.0000, CStr: 0.345, Ctx: 2, Train: 99.72%, Valid: 96.71%, Test In: 96.60% Test OOD1: 87.76% 
Epoch: 205, Loss: 0.2094, Cls: 0.0831, Ind: 0.0002, Med: 0.0416, Spu: 0.0000, FD: 0.0844, Var: 0.0000, CStr: 0.345, Ctx: 2, Train: 99.61%, Valid: 96.48%, Test In: 96.34% Test OOD1: 87.89% 
Epoch: 206, Loss: 0.1993, Cls: 0.0792, Ind: 0.0002, Med: 0.0398, Spu: 0.0000, FD: 0.0801, Var: 0.0000, CStr: 0.344, Ctx: 2, Train: 99.66%, Valid: 96.56%, Test In: 96.40% Test OOD1: 87.18% 
Epoch: 207, Loss: 0.2060, Cls: 0.0817, Ind: 0.0002, Med: 0.0409, Spu: 0.0000, FD: 0.0830, Var: 0.0000, CStr: 0.344, Ctx: 2, Train: 99.66%, Valid: 96.48%, Test In: 96.33% Test OOD1: 88.29% 
Epoch: 208, Loss: 0.2048, Cls: 0.0814, Ind: 0.0002, Med: 0.0409, Spu: 0.0000, FD: 0.0823, Var: 0.0000, CStr: 0.344, Ctx: 2, Train: 99.71%, Valid: 96.68%, Test In: 96.48% Test OOD1: 86.09% 
Epoch: 209, Loss: 0.1939, Cls: 0.0769, Ind: 0.0002, Med: 0.0385, Spu: 0.0000, FD: 0.0783, Var: 0.0000, CStr: 0.344, Ctx: 2, Train: 99.66%, Valid: 96.53%, Test In: 96.41% Test OOD1: 87.92% 
Epoch: 210, Loss: 0.1990, Cls: 0.0791, Ind: 0.0002, Med: 0.0398, Spu: 0.0000, FD: 0.0799, Var: 0.0000, CStr: 0.344, Ctx: 2, Train: 99.77%, Valid: 96.76%, Test In: 96.64% Test OOD1: 87.39% 
Epoch: 211, Loss: 0.2010, Cls: 0.0798, Ind: 0.0003, Med: 0.0400, Spu: 0.0000, FD: 0.0809, Var: 0.0000, CStr: 0.344, Ctx: 2, Train: 99.76%, Valid: 96.81%, Test In: 96.67% Test OOD1: 85.02% 
Epoch: 212, Loss: 0.2003, Cls: 0.0795, Ind: 0.0002, Med: 0.0398, Spu: 0.0000, FD: 0.0808, Var: 0.0000, CStr: 0.344, Ctx: 2, Train: 99.71%, Valid: 96.69%, Test In: 96.52% Test OOD1: 86.68% 
Epoch: 213, Loss: 0.1935, Cls: 0.0769, Ind: 0.0002, Med: 0.0385, Spu: 0.0000, FD: 0.0778, Var: 0.0000, CStr: 0.344, Ctx: 2, Train: 99.67%, Valid: 96.53%, Test In: 96.50% Test OOD1: 88.40% 
Epoch: 214, Loss: 0.1996, Cls: 0.0793, Ind: 0.0003, Med: 0.0398, Spu: 0.0000, FD: 0.0802, Var: 0.0000, CStr: 0.344, Ctx: 2, Train: 99.74%, Valid: 96.88%, Test In: 96.69% Test OOD1: 84.49% 
Epoch: 215, Loss: 0.2062, Cls: 0.0818, Ind: 0.0002, Med: 0.0409, Spu: 0.0000, FD: 0.0833, Var: 0.0000, CStr: 0.344, Ctx: 2, Train: 99.71%, Valid: 96.67%, Test In: 96.61% Test OOD1: 87.57% 
Epoch: 216, Loss: 0.1931, Cls: 0.0766, Ind: 0.0002, Med: 0.0383, Spu: 0.0000, FD: 0.0779, Var: 0.0000, CStr: 0.344, Ctx: 2, Train: 99.71%, Valid: 96.61%, Test In: 96.52% Test OOD1: 88.45% 
Epoch: 217, Loss: 0.2016, Cls: 0.0800, Ind: 0.0002, Med: 0.0401, Spu: 0.0000, FD: 0.0812, Var: 0.0000, CStr: 0.344, Ctx: 2, Train: 99.77%, Valid: 96.97%, Test In: 96.75% Test OOD1: 86.28% 
Epoch: 218, Loss: 0.1980, Cls: 0.0788, Ind: 0.0002, Med: 0.0396, Spu: 0.0000, FD: 0.0793, Var: 0.0000, CStr: 0.344, Ctx: 2, Train: 99.76%, Valid: 96.83%, Test In: 96.63% Test OOD1: 88.95% 
Epoch: 219, Loss: 0.1882, Cls: 0.0747, Ind: 0.0002, Med: 0.0374, Spu: 0.0000, FD: 0.0759, Var: 0.0000, CStr: 0.344, Ctx: 2, Train: 99.70%, Valid: 96.73%, Test In: 96.56% Test OOD1: 88.76% 
Epoch: 220, Loss: 0.1874, Cls: 0.0743, Ind: 0.0002, Med: 0.0372, Spu: 0.0000, FD: 0.0757, Var: 0.0000, CStr: 0.344, Ctx: 2, Train: 99.79%, Valid: 97.03%, Test In: 96.83% Test OOD1: 86.75% 
Epoch: 221, Loss: 0.1854, Cls: 0.0736, Ind: 0.0003, Med: 0.0369, Spu: 0.0000, FD: 0.0746, Var: 0.0000, CStr: 0.344, Ctx: 2, Train: 99.82%, Valid: 97.08%, Test In: 96.88% Test OOD1: 86.60% 
Epoch: 222, Loss: 0.1906, Cls: 0.0757, Ind: 0.0003, Med: 0.0380, Spu: 0.0000, FD: 0.0766, Var: 0.0000, CStr: 0.344, Ctx: 2, Train: 99.71%, Valid: 96.73%, Test In: 96.54% Test OOD1: 89.04% 
Epoch: 223, Loss: 0.1876, Cls: 0.0744, Ind: 0.0002, Med: 0.0372, Spu: 0.0000, FD: 0.0758, Var: 0.0000, CStr: 0.344, Ctx: 2, Train: 99.70%, Valid: 96.88%, Test In: 96.76% Test OOD1: 87.52% 
Epoch: 224, Loss: 0.1904, Cls: 0.0755, Ind: 0.0003, Med: 0.0378, Spu: 0.0000, FD: 0.0768, Var: 0.0000, CStr: 0.344, Ctx: 2, Train: 99.80%, Valid: 97.05%, Test In: 96.75% Test OOD1: 87.77% 
Epoch: 225, Loss: 0.1881, Cls: 0.0747, Ind: 0.0002, Med: 0.0374, Spu: 0.0000, FD: 0.0759, Var: 0.0000, CStr: 0.344, Ctx: 2, Train: 99.79%, Valid: 97.00%, Test In: 96.87% Test OOD1: 88.05% 
Epoch: 226, Loss: 0.1784, Cls: 0.0707, Ind: 0.0002, Med: 0.0353, Spu: 0.0000, FD: 0.0721, Var: 0.0000, CStr: 0.344, Ctx: 2, Train: 99.72%, Valid: 96.87%, Test In: 96.61% Test OOD1: 88.87% 
Epoch: 227, Loss: 0.1908, Cls: 0.0758, Ind: 0.0002, Med: 0.0380, Spu: 0.0000, FD: 0.0769, Var: 0.0000, CStr: 0.343, Ctx: 2, Train: 99.83%, Valid: 97.04%, Test In: 96.88% Test OOD1: 88.08% 
Epoch: 228, Loss: 0.1866, Cls: 0.0740, Ind: 0.0002, Med: 0.0370, Spu: 0.0000, FD: 0.0755, Var: 0.0000, CStr: 0.343, Ctx: 2, Train: 99.84%, Valid: 97.03%, Test In: 96.81% Test OOD1: 87.17% 
Epoch: 229, Loss: 0.1790, Cls: 0.0709, Ind: 0.0002, Med: 0.0355, Spu: 0.0000, FD: 0.0722, Var: 0.0000, CStr: 0.343, Ctx: 2, Train: 99.76%, Valid: 96.78%, Test In: 96.60% Test OOD1: 88.27% 
Epoch: 230, Loss: 0.1846, Cls: 0.0733, Ind: 0.0003, Med: 0.0367, Spu: 0.0000, FD: 0.0744, Var: 0.0000, CStr: 0.343, Ctx: 2, Train: 99.80%, Valid: 96.86%, Test In: 96.71% Test OOD1: 89.45% 
Epoch: 231, Loss: 0.1784, Cls: 0.0710, Ind: 0.0003, Med: 0.0357, Spu: 0.0000, FD: 0.0714, Var: 0.0000, CStr: 0.343, Ctx: 2, Train: 99.85%, Valid: 97.04%, Test In: 96.86% Test OOD1: 86.79% 
Epoch: 232, Loss: 0.1905, Cls: 0.0753, Ind: 0.0002, Med: 0.0375, Spu: 0.0000, FD: 0.0775, Var: 0.0000, CStr: 0.343, Ctx: 2, Train: 99.83%, Valid: 96.84%, Test In: 96.85% Test OOD1: 89.28% 
Epoch: 233, Loss: 0.1825, Cls: 0.0726, Ind: 0.0002, Med: 0.0365, Spu: 0.0000, FD: 0.0731, Var: 0.0000, CStr: 0.343, Ctx: 2, Train: 99.81%, Valid: 96.70%, Test In: 96.75% Test OOD1: 89.51% 
Epoch: 234, Loss: 0.1847, Cls: 0.0734, Ind: 0.0002, Med: 0.0368, Spu: 0.0000, FD: 0.0743, Var: 0.0000, CStr: 0.343, Ctx: 2, Train: 99.85%, Valid: 97.04%, Test In: 97.02% Test OOD1: 85.69% 
Epoch: 235, Loss: 0.1853, Cls: 0.0735, Ind: 0.0002, Med: 0.0368, Spu: 0.0000, FD: 0.0748, Var: 0.0000, CStr: 0.343, Ctx: 2, Train: 99.82%, Valid: 97.05%, Test In: 96.88% Test OOD1: 88.59% 
Epoch: 236, Loss: 0.1815, Cls: 0.0721, Ind: 0.0002, Med: 0.0361, Spu: 0.0000, FD: 0.0730, Var: 0.0000, CStr: 0.343, Ctx: 2, Train: 99.82%, Valid: 96.96%, Test In: 96.88% Test OOD1: 87.11% 
Epoch: 237, Loss: 0.1767, Cls: 0.0702, Ind: 0.0002, Med: 0.0352, Spu: 0.0000, FD: 0.0711, Var: 0.0000, CStr: 0.343, Ctx: 2, Train: 99.85%, Valid: 97.09%, Test In: 96.95% Test OOD1: 85.87% 
Epoch: 238, Loss: 0.1776, Cls: 0.0706, Ind: 0.0002, Med: 0.0355, Spu: 0.0000, FD: 0.0712, Var: 0.0000, CStr: 0.343, Ctx: 2, Train: 99.83%, Valid: 97.00%, Test In: 96.91% Test OOD1: 87.09% 
Epoch: 239, Loss: 0.1750, Cls: 0.0694, Ind: 0.0002, Med: 0.0348, Spu: 0.0000, FD: 0.0705, Var: 0.0000, CStr: 0.343, Ctx: 2, Train: 99.79%, Valid: 96.90%, Test In: 96.84% Test OOD1: 86.71% 
Epoch: 240, Loss: 0.1731, Cls: 0.0686, Ind: 0.0002, Med: 0.0343, Spu: 0.0000, FD: 0.0701, Var: 0.0000, CStr: 0.343, Ctx: 2, Train: 99.79%, Valid: 96.94%, Test In: 96.88% Test OOD1: 86.49% 
Epoch: 241, Loss: 0.1751, Cls: 0.0695, Ind: 0.0002, Med: 0.0349, Spu: 0.0000, FD: 0.0704, Var: 0.0000, CStr: 0.344, Ctx: 2, Train: 99.86%, Valid: 97.16%, Test In: 96.96% Test OOD1: 87.61% 
Epoch: 242, Loss: 0.1829, Cls: 0.0727, Ind: 0.0002, Med: 0.0364, Spu: 0.0000, FD: 0.0736, Var: 0.0000, CStr: 0.344, Ctx: 2, Train: 99.85%, Valid: 97.14%, Test In: 97.07% Test OOD1: 86.57% 
Epoch: 243, Loss: 0.1812, Cls: 0.0719, Ind: 0.0002, Med: 0.0360, Spu: 0.0000, FD: 0.0730, Var: 0.0000, CStr: 0.344, Ctx: 2, Train: 99.85%, Valid: 97.08%, Test In: 97.02% Test OOD1: 87.63% 
Epoch: 244, Loss: 0.1726, Cls: 0.0684, Ind: 0.0002, Med: 0.0342, Spu: 0.0000, FD: 0.0697, Var: 0.0000, CStr: 0.344, Ctx: 2, Train: 99.84%, Valid: 96.94%, Test In: 97.02% Test OOD1: 88.74% 
Epoch: 245, Loss: 0.1692, Cls: 0.0671, Ind: 0.0002, Med: 0.0336, Spu: 0.0000, FD: 0.0682, Var: 0.0000, CStr: 0.344, Ctx: 2, Train: 99.84%, Valid: 96.97%, Test In: 96.97% Test OOD1: 86.28% 
Epoch: 246, Loss: 0.1873, Cls: 0.0744, Ind: 0.0002, Med: 0.0373, Spu: 0.0000, FD: 0.0754, Var: 0.0000, CStr: 0.344, Ctx: 2, Train: 99.84%, Valid: 97.00%, Test In: 97.04% Test OOD1: 88.60% 
Epoch: 247, Loss: 0.1709, Cls: 0.0675, Ind: 0.0002, Med: 0.0336, Spu: 0.0000, FD: 0.0695, Var: 0.0000, CStr: 0.344, Ctx: 2, Train: 99.88%, Valid: 97.02%, Test In: 97.00% Test OOD1: 88.27% 
Epoch: 248, Loss: 0.1635, Cls: 0.0649, Ind: 0.0002, Med: 0.0326, Spu: 0.0000, FD: 0.0657, Var: 0.0000, CStr: 0.344, Ctx: 2, Train: 99.84%, Valid: 96.99%, Test In: 97.00% Test OOD1: 87.62% 
Epoch: 249, Loss: 0.1687, Cls: 0.0671, Ind: 0.0002, Med: 0.0337, Spu: 0.0000, FD: 0.0678, Var: 0.0000, CStr: 0.344, Ctx: 2, Train: 99.87%, Valid: 96.90%, Test In: 97.05% Test OOD1: 89.43% 
Epoch: 250, Loss: 0.1662, Cls: 0.0661, Ind: 0.0002, Med: 0.0332, Spu: 0.0000, FD: 0.0668, Var: 0.0000, CStr: 0.344, Ctx: 2, Train: 99.89%, Valid: 97.05%, Test In: 97.06% Test OOD1: 88.07% 
Epoch: 251, Loss: 0.1670, Cls: 0.0663, Ind: 0.0002, Med: 0.0332, Spu: 0.0000, FD: 0.0672, Var: 0.0000, CStr: 0.344, Ctx: 2, Train: 99.87%, Valid: 96.92%, Test In: 97.07% Test OOD1: 88.31% 
Epoch: 252, Loss: 0.1722, Cls: 0.0683, Ind: 0.0002, Med: 0.0342, Spu: 0.0000, FD: 0.0693, Var: 0.0000, CStr: 0.344, Ctx: 2, Train: 99.88%, Valid: 96.97%, Test In: 97.05% Test OOD1: 89.20% 
Epoch: 253, Loss: 0.1777, Cls: 0.0708, Ind: 0.0002, Med: 0.0356, Spu: 0.0000, FD: 0.0711, Var: 0.0000, CStr: 0.344, Ctx: 2, Train: 99.88%, Valid: 97.13%, Test In: 97.04% Test OOD1: 87.18% 
Epoch: 254, Loss: 0.1745, Cls: 0.0691, Ind: 0.0002, Med: 0.0344, Spu: 0.0000, FD: 0.0707, Var: 0.0000, CStr: 0.344, Ctx: 2, Train: 99.80%, Valid: 96.79%, Test In: 96.99% Test OOD1: 89.58% 
Epoch: 255, Loss: 0.1714, Cls: 0.0682, Ind: 0.0002, Med: 0.0342, Spu: 0.0000, FD: 0.0687, Var: 0.0000, CStr: 0.344, Ctx: 2, Train: 99.87%, Valid: 97.16%, Test In: 97.09% Test OOD1: 89.17% 
Epoch: 256, Loss: 0.1646, Cls: 0.0654, Ind: 0.0002, Med: 0.0328, Spu: 0.0000, FD: 0.0662, Var: 0.0000, CStr: 0.344, Ctx: 2, Train: 99.88%, Valid: 97.04%, Test In: 97.14% Test OOD1: 87.76% 
Epoch: 257, Loss: 0.1748, Cls: 0.0693, Ind: 0.0002, Med: 0.0346, Spu: 0.0000, FD: 0.0706, Var: 0.0000, CStr: 0.345, Ctx: 2, Train: 99.86%, Valid: 97.05%, Test In: 97.05% Test OOD1: 89.72% 
Epoch: 258, Loss: 0.1677, Cls: 0.0666, Ind: 0.0002, Med: 0.0334, Spu: 0.0000, FD: 0.0675, Var: 0.0000, CStr: 0.345, Ctx: 2, Train: 99.90%, Valid: 97.25%, Test In: 97.15% Test OOD1: 88.55% 
Epoch: 259, Loss: 0.1673, Cls: 0.0664, Ind: 0.0002, Med: 0.0333, Spu: 0.0000, FD: 0.0674, Var: 0.0000, CStr: 0.345, Ctx: 2, Train: 99.89%, Valid: 97.19%, Test In: 97.12% Test OOD1: 87.89% 
Epoch: 260, Loss: 0.1608, Cls: 0.0639, Ind: 0.0002, Med: 0.0321, Spu: 0.0000, FD: 0.0646, Var: 0.0000, CStr: 0.344, Ctx: 2, Train: 99.82%, Valid: 96.97%, Test In: 96.95% Test OOD1: 89.05% 
Epoch: 261, Loss: 0.1640, Cls: 0.0652, Ind: 0.0002, Med: 0.0327, Spu: 0.0000, FD: 0.0659, Var: 0.0000, CStr: 0.344, Ctx: 2, Train: 99.90%, Valid: 97.24%, Test In: 97.15% Test OOD1: 87.19% 
Epoch: 262, Loss: 0.1645, Cls: 0.0654, Ind: 0.0002, Med: 0.0327, Spu: 0.0000, FD: 0.0662, Var: 0.0000, CStr: 0.344, Ctx: 2, Train: 99.89%, Valid: 97.26%, Test In: 97.13% Test OOD1: 88.50% 
Epoch: 263, Loss: 0.1626, Cls: 0.0646, Ind: 0.0002, Med: 0.0324, Spu: 0.0000, FD: 0.0654, Var: 0.0000, CStr: 0.344, Ctx: 2, Train: 99.87%, Valid: 97.01%, Test In: 97.09% Test OOD1: 87.52% 
Epoch: 264, Loss: 0.1660, Cls: 0.0659, Ind: 0.0002, Med: 0.0331, Spu: 0.0000, FD: 0.0667, Var: 0.0000, CStr: 0.344, Ctx: 2, Train: 99.92%, Valid: 97.08%, Test In: 97.11% Test OOD1: 88.01% 
Epoch: 265, Loss: 0.1587, Cls: 0.0631, Ind: 0.0002, Med: 0.0316, Spu: 0.0000, FD: 0.0638, Var: 0.0000, CStr: 0.344, Ctx: 2, Train: 99.91%, Valid: 97.19%, Test In: 97.15% Test OOD1: 87.02% 
Epoch: 266, Loss: 0.1680, Cls: 0.0668, Ind: 0.0002, Med: 0.0335, Spu: 0.0000, FD: 0.0676, Var: 0.0000, CStr: 0.344, Ctx: 2, Train: 99.86%, Valid: 96.99%, Test In: 97.07% Test OOD1: 87.07% 
Epoch: 267, Loss: 0.1655, Cls: 0.0658, Ind: 0.0002, Med: 0.0329, Spu: 0.0000, FD: 0.0666, Var: 0.0000, CStr: 0.344, Ctx: 2, Train: 99.87%, Valid: 97.07%, Test In: 97.10% Test OOD1: 87.57% 
Epoch: 268, Loss: 0.1643, Cls: 0.0654, Ind: 0.0002, Med: 0.0328, Spu: 0.0000, FD: 0.0659, Var: 0.0000, CStr: 0.344, Ctx: 2, Train: 99.91%, Valid: 97.20%, Test In: 97.17% Test OOD1: 87.56% 
Epoch: 269, Loss: 0.1675, Cls: 0.0666, Ind: 0.0002, Med: 0.0334, Spu: 0.0000, FD: 0.0673, Var: 0.0000, CStr: 0.345, Ctx: 2, Train: 99.92%, Valid: 97.25%, Test In: 97.21% Test OOD1: 87.51% 
Epoch: 270, Loss: 0.1655, Cls: 0.0657, Ind: 0.0002, Med: 0.0328, Spu: 0.0000, FD: 0.0668, Var: 0.0000, CStr: 0.345, Ctx: 2, Train: 99.86%, Valid: 97.08%, Test In: 97.07% Test OOD1: 88.94% 
Epoch: 271, Loss: 0.1632, Cls: 0.0648, Ind: 0.0002, Med: 0.0325, Spu: 0.0000, FD: 0.0658, Var: 0.0000, CStr: 0.345, Ctx: 2, Train: 99.91%, Valid: 97.32%, Test In: 97.23% Test OOD1: 89.06% 
Epoch: 272, Loss: 0.1593, Cls: 0.0634, Ind: 0.0002, Med: 0.0319, Spu: 0.0000, FD: 0.0638, Var: 0.0000, CStr: 0.345, Ctx: 2, Train: 99.92%, Valid: 97.39%, Test In: 97.23% Test OOD1: 87.77% 
Epoch: 273, Loss: 0.1619, Cls: 0.0643, Ind: 0.0002, Med: 0.0322, Spu: 0.0000, FD: 0.0652, Var: 0.0000, CStr: 0.345, Ctx: 2, Train: 99.84%, Valid: 96.96%, Test In: 96.99% Test OOD1: 90.31% 
Epoch: 274, Loss: 0.1702, Cls: 0.0676, Ind: 0.0002, Med: 0.0339, Spu: 0.0000, FD: 0.0685, Var: 0.0000, CStr: 0.345, Ctx: 2, Train: 99.90%, Valid: 97.22%, Test In: 97.13% Test OOD1: 88.10% 
Epoch: 275, Loss: 0.1548, Cls: 0.0615, Ind: 0.0002, Med: 0.0309, Spu: 0.0000, FD: 0.0622, Var: 0.0000, CStr: 0.345, Ctx: 2, Train: 99.92%, Valid: 97.27%, Test In: 97.16% Test OOD1: 86.95% 
Epoch: 276, Loss: 0.1646, Cls: 0.0653, Ind: 0.0002, Med: 0.0326, Spu: 0.0000, FD: 0.0664, Var: 0.0000, CStr: 0.345, Ctx: 2, Train: 99.86%, Valid: 97.01%, Test In: 96.95% Test OOD1: 89.97% 
Epoch: 277, Loss: 0.1695, Cls: 0.0673, Ind: 0.0002, Med: 0.0337, Spu: 0.0000, FD: 0.0683, Var: 0.0000, CStr: 0.345, Ctx: 2, Train: 99.89%, Valid: 97.16%, Test In: 97.10% Test OOD1: 87.68% 
Epoch: 278, Loss: 0.1653, Cls: 0.0656, Ind: 0.0002, Med: 0.0329, Spu: 0.0000, FD: 0.0666, Var: 0.0000, CStr: 0.345, Ctx: 2, Train: 99.92%, Valid: 97.32%, Test In: 97.19% Test OOD1: 87.97% 
Epoch: 279, Loss: 0.1653, Cls: 0.0656, Ind: 0.0002, Med: 0.0329, Spu: 0.0000, FD: 0.0666, Var: 0.0000, CStr: 0.345, Ctx: 2, Train: 99.88%, Valid: 97.17%, Test In: 97.06% Test OOD1: 89.75% 
Epoch: 280, Loss: 0.1676, Cls: 0.0666, Ind: 0.0002, Med: 0.0334, Spu: 0.0000, FD: 0.0674, Var: 0.0000, CStr: 0.345, Ctx: 2, Train: 99.81%, Valid: 97.01%, Test In: 97.09% Test OOD1: 86.95% 
Epoch: 281, Loss: 0.1733, Cls: 0.0688, Ind: 0.0002, Med: 0.0344, Spu: 0.0000, FD: 0.0699, Var: 0.0000, CStr: 0.346, Ctx: 2, Train: 99.91%, Valid: 97.23%, Test In: 97.16% Test OOD1: 88.70% 
Epoch: 282, Loss: 0.1569, Cls: 0.0624, Ind: 0.0002, Med: 0.0313, Spu: 0.0000, FD: 0.0630, Var: 0.0000, CStr: 0.346, Ctx: 2, Train: 99.92%, Valid: 97.30%, Test In: 97.16% Test OOD1: 88.75% 
Epoch: 283, Loss: 0.1596, Cls: 0.0633, Ind: 0.0002, Med: 0.0316, Spu: 0.0000, FD: 0.0645, Var: 0.0000, CStr: 0.346, Ctx: 2, Train: 99.91%, Valid: 97.29%, Test In: 97.14% Test OOD1: 87.97% 
Epoch: 284, Loss: 0.1569, Cls: 0.0623, Ind: 0.0002, Med: 0.0312, Spu: 0.0000, FD: 0.0633, Var: 0.0000, CStr: 0.346, Ctx: 2, Train: 99.93%, Valid: 97.33%, Test In: 97.19% Test OOD1: 89.20% 
Epoch: 285, Loss: 0.1557, Cls: 0.0617, Ind: 0.0001, Med: 0.0309, Spu: 0.0000, FD: 0.0629, Var: 0.0000, CStr: 0.346, Ctx: 2, Train: 99.93%, Valid: 97.36%, Test In: 97.25% Test OOD1: 90.18% 
Epoch: 286, Loss: 0.1584, Cls: 0.0628, Ind: 0.0002, Med: 0.0314, Spu: 0.0000, FD: 0.0639, Var: 0.0000, CStr: 0.346, Ctx: 2, Train: 99.94%, Valid: 97.32%, Test In: 97.24% Test OOD1: 88.45% 
Epoch: 287, Loss: 0.1573, Cls: 0.0625, Ind: 0.0002, Med: 0.0313, Spu: 0.0000, FD: 0.0633, Var: 0.0000, CStr: 0.346, Ctx: 2, Train: 99.91%, Valid: 97.40%, Test In: 97.19% Test OOD1: 90.32% 
Epoch: 288, Loss: 0.1537, Cls: 0.0608, Ind: 0.0002, Med: 0.0304, Spu: 0.0000, FD: 0.0623, Var: 0.0000, CStr: 0.346, Ctx: 2, Train: 99.91%, Valid: 97.28%, Test In: 97.19% Test OOD1: 88.66% 
Epoch: 289, Loss: 0.1473, Cls: 0.0585, Ind: 0.0002, Med: 0.0293, Spu: 0.0000, FD: 0.0593, Var: 0.0000, CStr: 0.346, Ctx: 2, Train: 99.91%, Valid: 97.25%, Test In: 97.19% Test OOD1: 88.20% 
Epoch: 290, Loss: 0.1490, Cls: 0.0590, Ind: 0.0002, Med: 0.0294, Spu: 0.0000, FD: 0.0604, Var: 0.0000, CStr: 0.346, Ctx: 2, Train: 99.93%, Valid: 97.33%, Test In: 97.17% Test OOD1: 88.36% 
Epoch: 291, Loss: 0.1531, Cls: 0.0608, Ind: 0.0002, Med: 0.0305, Spu: 0.0000, FD: 0.0615, Var: 0.0000, CStr: 0.346, Ctx: 2, Train: 99.93%, Valid: 97.21%, Test In: 97.13% Test OOD1: 89.06% 
Epoch: 292, Loss: 0.1565, Cls: 0.0621, Ind: 0.0002, Med: 0.0311, Spu: 0.0000, FD: 0.0630, Var: 0.0000, CStr: 0.346, Ctx: 2, Train: 99.94%, Valid: 97.36%, Test In: 97.25% Test OOD1: 88.46% 
Epoch: 293, Loss: 0.1498, Cls: 0.0596, Ind: 0.0002, Med: 0.0299, Spu: 0.0000, FD: 0.0601, Var: 0.0000, CStr: 0.347, Ctx: 2, Train: 99.94%, Valid: 97.43%, Test In: 97.26% Test OOD1: 89.51% 
Epoch: 294, Loss: 0.1544, Cls: 0.0612, Ind: 0.0002, Med: 0.0306, Spu: 0.0000, FD: 0.0623, Var: 0.0000, CStr: 0.347, Ctx: 2, Train: 99.92%, Valid: 97.33%, Test In: 97.19% Test OOD1: 89.53% 
Epoch: 295, Loss: 0.1480, Cls: 0.0588, Ind: 0.0002, Med: 0.0295, Spu: 0.0000, FD: 0.0596, Var: 0.0000, CStr: 0.347, Ctx: 2, Train: 99.92%, Valid: 97.29%, Test In: 97.16% Test OOD1: 88.02% 
Epoch: 296, Loss: 0.1548, Cls: 0.0615, Ind: 0.0002, Med: 0.0308, Spu: 0.0000, FD: 0.0624, Var: 0.0000, CStr: 0.347, Ctx: 2, Train: 99.93%, Valid: 97.34%, Test In: 97.18% Test OOD1: 88.64% 
Epoch: 297, Loss: 0.1512, Cls: 0.0601, Ind: 0.0002, Med: 0.0301, Spu: 0.0000, FD: 0.0608, Var: 0.0000, CStr: 0.347, Ctx: 2, Train: 99.92%, Valid: 97.28%, Test In: 97.21% Test OOD1: 88.61% 
Epoch: 298, Loss: 0.1609, Cls: 0.0638, Ind: 0.0002, Med: 0.0319, Spu: 0.0000, FD: 0.0650, Var: 0.0000, CStr: 0.347, Ctx: 2, Train: 99.91%, Valid: 97.30%, Test In: 97.14% Test OOD1: 86.87% 
Epoch: 299, Loss: 0.1548, Cls: 0.0613, Ind: 0.0002, Med: 0.0306, Spu: 0.0000, FD: 0.0626, Var: 0.0000, CStr: 0.347, Ctx: 2, Train: 99.93%, Valid: 97.36%, Test In: 97.28% Test OOD1: 89.01% 
Epoch: 300, Loss: 0.1440, Cls: 0.0571, Ind: 0.0002, Med: 0.0286, Spu: 0.0000, FD: 0.0581, Var: 0.0000, CStr: 0.347, Ctx: 2, Train: 99.94%, Valid: 97.34%, Test In: 97.21% Test OOD1: 89.65% 
Epoch: 301, Loss: 0.1495, Cls: 0.0593, Ind: 0.0002, Med: 0.0296, Spu: 0.0000, FD: 0.0604, Var: 0.0000, CStr: 0.347, Ctx: 2, Train: 99.93%, Valid: 97.34%, Test In: 97.19% Test OOD1: 87.36% 
Epoch: 302, Loss: 0.1552, Cls: 0.0618, Ind: 0.0002, Med: 0.0310, Spu: 0.0000, FD: 0.0622, Var: 0.0000, CStr: 0.348, Ctx: 2, Train: 99.92%, Valid: 97.17%, Test In: 97.13% Test OOD1: 90.58% 
Epoch: 303, Loss: 0.1472, Cls: 0.0584, Ind: 0.0002, Med: 0.0292, Spu: 0.0000, FD: 0.0595, Var: 0.0000, CStr: 0.348, Ctx: 2, Train: 99.95%, Valid: 97.30%, Test In: 97.25% Test OOD1: 89.15% 
Epoch: 304, Loss: 0.1498, Cls: 0.0593, Ind: 0.0002, Med: 0.0296, Spu: 0.0000, FD: 0.0607, Var: 0.0000, CStr: 0.348, Ctx: 2, Train: 99.93%, Valid: 97.30%, Test In: 97.27% Test OOD1: 87.38% 
Epoch: 305, Loss: 0.1527, Cls: 0.0608, Ind: 0.0002, Med: 0.0305, Spu: 0.0000, FD: 0.0612, Var: 0.0000, CStr: 0.348, Ctx: 2, Train: 99.93%, Valid: 97.15%, Test In: 97.23% Test OOD1: 90.41% 
Epoch: 306, Loss: 0.1537, Cls: 0.0611, Ind: 0.0002, Med: 0.0306, Spu: 0.0000, FD: 0.0619, Var: 0.0000, CStr: 0.348, Ctx: 2, Train: 99.94%, Valid: 97.17%, Test In: 97.25% Test OOD1: 90.14% 
Epoch: 307, Loss: 0.1449, Cls: 0.0575, Ind: 0.0002, Med: 0.0287, Spu: 0.0000, FD: 0.0585, Var: 0.0000, CStr: 0.348, Ctx: 2, Train: 99.95%, Valid: 97.25%, Test In: 97.25% Test OOD1: 86.54% 
Epoch: 308, Loss: 0.1525, Cls: 0.0606, Ind: 0.0002, Med: 0.0303, Spu: 0.0000, FD: 0.0614, Var: 0.0000, CStr: 0.348, Ctx: 2, Train: 99.94%, Valid: 97.19%, Test In: 97.07% Test OOD1: 89.70% 
Epoch: 309, Loss: 0.1454, Cls: 0.0577, Ind: 0.0002, Med: 0.0288, Spu: 0.0000, FD: 0.0587, Var: 0.0000, CStr: 0.348, Ctx: 2, Train: 99.94%, Valid: 97.29%, Test In: 97.20% Test OOD1: 88.91% 
Epoch: 310, Loss: 0.1483, Cls: 0.0589, Ind: 0.0002, Med: 0.0295, Spu: 0.0000, FD: 0.0598, Var: 0.0000, CStr: 0.348, Ctx: 2, Train: 99.92%, Valid: 97.29%, Test In: 97.27% Test OOD1: 86.37% 
Epoch: 311, Loss: 0.1624, Cls: 0.0644, Ind: 0.0002, Med: 0.0322, Spu: 0.0000, FD: 0.0656, Var: 0.0000, CStr: 0.348, Ctx: 2, Train: 99.91%, Valid: 97.27%, Test In: 97.19% Test OOD1: 88.96% 
Epoch: 312, Loss: 0.1489, Cls: 0.0591, Ind: 0.0002, Med: 0.0295, Spu: 0.0000, FD: 0.0601, Var: 0.0000, CStr: 0.348, Ctx: 2, Train: 99.93%, Valid: 97.31%, Test In: 97.31% Test OOD1: 88.41% 
Epoch: 313, Loss: 0.1562, Cls: 0.0621, Ind: 0.0002, Med: 0.0311, Spu: 0.0000, FD: 0.0630, Var: 0.0000, CStr: 0.348, Ctx: 2, Train: 99.91%, Valid: 97.26%, Test In: 97.19% Test OOD1: 86.07% 
Epoch: 314, Loss: 0.1638, Cls: 0.0649, Ind: 0.0002, Med: 0.0323, Spu: 0.0000, FD: 0.0664, Var: 0.0000, CStr: 0.348, Ctx: 2, Train: 99.95%, Valid: 97.27%, Test In: 97.35% Test OOD1: 88.48% 
Epoch: 315, Loss: 0.1459, Cls: 0.0580, Ind: 0.0002, Med: 0.0291, Spu: 0.0000, FD: 0.0586, Var: 0.0000, CStr: 0.348, Ctx: 2, Train: 99.94%, Valid: 97.23%, Test In: 97.25% Test OOD1: 88.99% 
Epoch: 316, Loss: 0.1464, Cls: 0.0580, Ind: 0.0002, Med: 0.0289, Spu: 0.0000, FD: 0.0593, Var: 0.0000, CStr: 0.348, Ctx: 2, Train: 99.94%, Valid: 97.19%, Test In: 97.23% Test OOD1: 87.60% 
Epoch: 317, Loss: 0.1541, Cls: 0.0611, Ind: 0.0002, Med: 0.0306, Spu: 0.0000, FD: 0.0622, Var: 0.0000, CStr: 0.348, Ctx: 2, Train: 99.96%, Valid: 97.30%, Test In: 97.23% Test OOD1: 88.28% 
Epoch: 318, Loss: 0.1457, Cls: 0.0579, Ind: 0.0002, Med: 0.0290, Spu: 0.0000, FD: 0.0587, Var: 0.0000, CStr: 0.348, Ctx: 2, Train: 99.96%, Valid: 97.36%, Test In: 97.30% Test OOD1: 88.54% 
Epoch: 319, Loss: 0.1486, Cls: 0.0590, Ind: 0.0002, Med: 0.0295, Spu: 0.0000, FD: 0.0599, Var: 0.0000, CStr: 0.348, Ctx: 2, Train: 99.92%, Valid: 97.27%, Test In: 97.12% Test OOD1: 87.90% 
Epoch: 320, Loss: 0.1523, Cls: 0.0604, Ind: 0.0002, Med: 0.0302, Spu: 0.0000, FD: 0.0614, Var: 0.0000, CStr: 0.348, Ctx: 2, Train: 99.95%, Valid: 97.32%, Test In: 97.22% Test OOD1: 89.39% 
Epoch: 321, Loss: 0.1409, Cls: 0.0560, Ind: 0.0002, Med: 0.0281, Spu: 0.0000, FD: 0.0567, Var: 0.0000, CStr: 0.348, Ctx: 2, Train: 99.95%, Valid: 97.38%, Test In: 97.25% Test OOD1: 88.71% 
Epoch: 322, Loss: 0.1478, Cls: 0.0587, Ind: 0.0002, Med: 0.0294, Spu: 0.0000, FD: 0.0595, Var: 0.0000, CStr: 0.348, Ctx: 2, Train: 99.94%, Valid: 97.27%, Test In: 97.30% Test OOD1: 87.93% 
Epoch: 323, Loss: 0.1584, Cls: 0.0630, Ind: 0.0002, Med: 0.0316, Spu: 0.0000, FD: 0.0636, Var: 0.0000, CStr: 0.348, Ctx: 2, Train: 99.92%, Valid: 97.07%, Test In: 97.19% Test OOD1: 89.38% 
Epoch: 324, Loss: 0.1431, Cls: 0.0568, Ind: 0.0002, Med: 0.0285, Spu: 0.0000, FD: 0.0576, Var: 0.0000, CStr: 0.349, Ctx: 2, Train: 99.97%, Valid: 97.26%, Test In: 97.26% Test OOD1: 87.75% 
Epoch: 325, Loss: 0.1457, Cls: 0.0578, Ind: 0.0002, Med: 0.0289, Spu: 0.0000, FD: 0.0589, Var: 0.0000, CStr: 0.349, Ctx: 2, Train: 99.97%, Valid: 97.30%, Test In: 97.31% Test OOD1: 87.85% 
Epoch: 326, Loss: 0.1487, Cls: 0.0590, Ind: 0.0002, Med: 0.0295, Spu: 0.0000, FD: 0.0601, Var: 0.0000, CStr: 0.349, Ctx: 2, Train: 99.94%, Valid: 97.10%, Test In: 97.21% Test OOD1: 89.36% 
Epoch: 327, Loss: 0.1434, Cls: 0.0570, Ind: 0.0002, Med: 0.0286, Spu: 0.0000, FD: 0.0576, Var: 0.0000, CStr: 0.349, Ctx: 2, Train: 99.96%, Valid: 97.24%, Test In: 97.32% Test OOD1: 88.48% 
Epoch: 328, Loss: 0.1455, Cls: 0.0577, Ind: 0.0002, Med: 0.0288, Spu: 0.0000, FD: 0.0588, Var: 0.0000, CStr: 0.349, Ctx: 2, Train: 99.97%, Valid: 97.38%, Test In: 97.27% Test OOD1: 88.44% 
Epoch: 329, Loss: 0.1458, Cls: 0.0579, Ind: 0.0002, Med: 0.0290, Spu: 0.0000, FD: 0.0588, Var: 0.0000, CStr: 0.349, Ctx: 2, Train: 99.95%, Valid: 97.17%, Test In: 97.20% Test OOD1: 90.45% 
Epoch: 330, Loss: 0.1493, Cls: 0.0593, Ind: 0.0002, Med: 0.0297, Spu: 0.0000, FD: 0.0602, Var: 0.0000, CStr: 0.349, Ctx: 2, Train: 99.91%, Valid: 97.19%, Test In: 97.23% Test OOD1: 87.52% 
Epoch: 331, Loss: 0.1502, Cls: 0.0596, Ind: 0.0002, Med: 0.0298, Spu: 0.0000, FD: 0.0605, Var: 0.0000, CStr: 0.349, Ctx: 2, Train: 99.97%, Valid: 97.33%, Test In: 97.27% Test OOD1: 89.61% 
Epoch: 332, Loss: 0.1420, Cls: 0.0564, Ind: 0.0002, Med: 0.0283, Spu: 0.0000, FD: 0.0572, Var: 0.0000, CStr: 0.349, Ctx: 2, Train: 99.96%, Valid: 97.36%, Test In: 97.32% Test OOD1: 89.16% 
Epoch: 333, Loss: 0.1507, Cls: 0.0599, Ind: 0.0001, Med: 0.0300, Spu: 0.0000, FD: 0.0607, Var: 0.0000, CStr: 0.349, Ctx: 2, Train: 99.89%, Valid: 97.12%, Test In: 97.13% Test OOD1: 86.73% 
Epoch: 334, Loss: 0.1651, Cls: 0.0657, Ind: 0.0002, Med: 0.0329, Spu: 0.0000, FD: 0.0664, Var: 0.0000, CStr: 0.350, Ctx: 2, Train: 99.94%, Valid: 97.13%, Test In: 97.10% Test OOD1: 90.61% 
Epoch: 335, Loss: 0.1482, Cls: 0.0589, Ind: 0.0002, Med: 0.0295, Spu: 0.0000, FD: 0.0596, Var: 0.0000, CStr: 0.350, Ctx: 2, Train: 99.97%, Valid: 97.41%, Test In: 97.38% Test OOD1: 89.10% 
Epoch: 336, Loss: 0.1504, Cls: 0.0597, Ind: 0.0002, Med: 0.0298, Spu: 0.0000, FD: 0.0607, Var: 0.0000, CStr: 0.350, Ctx: 2, Train: 99.97%, Valid: 97.39%, Test In: 97.42% Test OOD1: 88.93% 
Epoch: 337, Loss: 0.1412, Cls: 0.0561, Ind: 0.0002, Med: 0.0281, Spu: 0.0000, FD: 0.0568, Var: 0.0000, CStr: 0.350, Ctx: 2, Train: 99.91%, Valid: 97.06%, Test In: 97.11% Test OOD1: 90.56% 
Epoch: 338, Loss: 0.1473, Cls: 0.0585, Ind: 0.0002, Med: 0.0293, Spu: 0.0000, FD: 0.0593, Var: 0.0000, CStr: 0.350, Ctx: 2, Train: 99.95%, Valid: 97.40%, Test In: 97.39% Test OOD1: 89.47% 
Epoch: 339, Loss: 0.1322, Cls: 0.0524, Ind: 0.0002, Med: 0.0262, Spu: 0.0000, FD: 0.0534, Var: 0.0000, CStr: 0.350, Ctx: 2, Train: 99.96%, Valid: 97.46%, Test In: 97.35% Test OOD1: 88.01% 
Epoch: 340, Loss: 0.1450, Cls: 0.0576, Ind: 0.0002, Med: 0.0288, Spu: 0.0000, FD: 0.0583, Var: 0.0000, CStr: 0.350, Ctx: 2, Train: 99.93%, Valid: 97.36%, Test In: 97.30% Test OOD1: 89.48% 
Epoch: 341, Loss: 0.1415, Cls: 0.0562, Ind: 0.0002, Med: 0.0282, Spu: 0.0000, FD: 0.0569, Var: 0.0000, CStr: 0.350, Ctx: 2, Train: 99.93%, Valid: 97.25%, Test In: 97.33% Test OOD1: 89.49% 
Epoch: 342, Loss: 0.1298, Cls: 0.0516, Ind: 0.0002, Med: 0.0259, Spu: 0.0000, FD: 0.0521, Var: 0.0000, CStr: 0.350, Ctx: 2, Train: 99.96%, Valid: 97.37%, Test In: 97.42% Test OOD1: 89.01% 
Epoch: 343, Loss: 0.1484, Cls: 0.0589, Ind: 0.0002, Med: 0.0294, Spu: 0.0000, FD: 0.0600, Var: 0.0000, CStr: 0.350, Ctx: 2, Train: 99.96%, Valid: 97.30%, Test In: 97.42% Test OOD1: 89.85% 
Epoch: 344, Loss: 0.1376, Cls: 0.0547, Ind: 0.0002, Med: 0.0275, Spu: 0.0000, FD: 0.0553, Var: 0.0000, CStr: 0.350, Ctx: 2, Train: 99.96%, Valid: 97.25%, Test In: 97.42% Test OOD1: 90.13% 
Epoch: 345, Loss: 0.1443, Cls: 0.0573, Ind: 0.0002, Med: 0.0286, Spu: 0.0000, FD: 0.0583, Var: 0.0000, CStr: 0.350, Ctx: 2, Train: 99.97%, Valid: 97.27%, Test In: 97.39% Test OOD1: 90.42% 
Epoch: 346, Loss: 0.1378, Cls: 0.0547, Ind: 0.0002, Med: 0.0274, Spu: 0.0000, FD: 0.0556, Var: 0.0000, CStr: 0.351, Ctx: 2, Train: 99.96%, Valid: 97.30%, Test In: 97.33% Test OOD1: 90.70% 
Epoch: 347, Loss: 0.1407, Cls: 0.0558, Ind: 0.0002, Med: 0.0279, Spu: 0.0000, FD: 0.0568, Var: 0.0000, CStr: 0.351, Ctx: 2, Train: 99.96%, Valid: 97.34%, Test In: 97.38% Test OOD1: 89.33% 
Epoch: 348, Loss: 0.1411, Cls: 0.0560, Ind: 0.0002, Med: 0.0279, Spu: 0.0000, FD: 0.0570, Var: 0.0000, CStr: 0.351, Ctx: 2, Train: 99.93%, Valid: 97.17%, Test In: 97.25% Test OOD1: 90.38% 
Epoch: 349, Loss: 0.1432, Cls: 0.0568, Ind: 0.0002, Med: 0.0284, Spu: 0.0000, FD: 0.0577, Var: 0.0000, CStr: 0.351, Ctx: 2, Train: 99.96%, Valid: 97.32%, Test In: 97.37% Test OOD1: 89.60% 
Epoch: 350, Loss: 0.1285, Cls: 0.0510, Ind: 0.0002, Med: 0.0256, Spu: 0.0000, FD: 0.0518, Var: 0.0000, CStr: 0.351, Ctx: 2, Train: 99.97%, Valid: 97.36%, Test In: 97.42% Test OOD1: 88.54% 
Epoch: 351, Loss: 0.1400, Cls: 0.0556, Ind: 0.0002, Med: 0.0279, Spu: 0.0000, FD: 0.0563, Var: 0.0000, CStr: 0.351, Ctx: 2, Train: 99.95%, Valid: 97.26%, Test In: 97.35% Test OOD1: 90.11% 
Epoch: 352, Loss: 0.1428, Cls: 0.0568, Ind: 0.0002, Med: 0.0284, Spu: 0.0000, FD: 0.0575, Var: 0.0000, CStr: 0.351, Ctx: 2, Train: 99.96%, Valid: 97.40%, Test In: 97.38% Test OOD1: 89.57% 
Epoch: 353, Loss: 0.1343, Cls: 0.0534, Ind: 0.0002, Med: 0.0268, Spu: 0.0000, FD: 0.0540, Var: 0.0000, CStr: 0.351, Ctx: 2, Train: 99.97%, Valid: 97.46%, Test In: 97.42% Test OOD1: 87.39% 
Epoch: 354, Loss: 0.1501, Cls: 0.0595, Ind: 0.0002, Med: 0.0297, Spu: 0.0000, FD: 0.0608, Var: 0.0000, CStr: 0.351, Ctx: 2, Train: 99.96%, Valid: 97.45%, Test In: 97.34% Test OOD1: 89.62% 
Epoch: 355, Loss: 0.1304, Cls: 0.0518, Ind: 0.0002, Med: 0.0260, Spu: 0.0000, FD: 0.0524, Var: 0.0000, CStr: 0.352, Ctx: 2, Train: 99.96%, Valid: 97.32%, Test In: 97.36% Test OOD1: 89.30% 
Epoch: 356, Loss: 0.1382, Cls: 0.0549, Ind: 0.0002, Med: 0.0274, Spu: 0.0000, FD: 0.0557, Var: 0.0000, CStr: 0.352, Ctx: 2, Train: 99.96%, Valid: 97.43%, Test In: 97.34% Test OOD1: 86.60% 
Epoch: 357, Loss: 0.1463, Cls: 0.0581, Ind: 0.0002, Med: 0.0291, Spu: 0.0000, FD: 0.0589, Var: 0.0000, CStr: 0.352, Ctx: 2, Train: 99.93%, Valid: 97.33%, Test In: 97.30% Test OOD1: 89.72% 
Epoch: 358, Loss: 0.1409, Cls: 0.0560, Ind: 0.0002, Med: 0.0280, Spu: 0.0000, FD: 0.0568, Var: 0.0000, CStr: 0.352, Ctx: 2, Train: 99.96%, Valid: 97.29%, Test In: 97.37% Test OOD1: 88.49% 
Epoch: 359, Loss: 0.1397, Cls: 0.0555, Ind: 0.0001, Med: 0.0277, Spu: 0.0000, FD: 0.0564, Var: 0.0000, CStr: 0.352, Ctx: 2, Train: 99.96%, Valid: 97.40%, Test In: 97.44% Test OOD1: 85.48% 
Epoch: 360, Loss: 0.1392, Cls: 0.0552, Ind: 0.0002, Med: 0.0275, Spu: 0.0000, FD: 0.0564, Var: 0.0000, CStr: 0.352, Ctx: 2, Train: 99.97%, Valid: 97.28%, Test In: 97.27% Test OOD1: 89.35% 
Epoch: 361, Loss: 0.1385, Cls: 0.0550, Ind: 0.0002, Med: 0.0276, Spu: 0.0000, FD: 0.0557, Var: 0.0000, CStr: 0.352, Ctx: 2, Train: 99.97%, Valid: 97.36%, Test In: 97.34% Test OOD1: 89.30% 
Epoch: 362, Loss: 0.1394, Cls: 0.0554, Ind: 0.0002, Med: 0.0277, Spu: 0.0000, FD: 0.0561, Var: 0.0000, CStr: 0.352, Ctx: 2, Train: 99.96%, Valid: 97.39%, Test In: 97.42% Test OOD1: 86.04% 
Epoch: 363, Loss: 0.1464, Cls: 0.0582, Ind: 0.0001, Med: 0.0292, Spu: 0.0000, FD: 0.0588, Var: 0.0000, CStr: 0.353, Ctx: 2, Train: 99.94%, Valid: 97.25%, Test In: 97.21% Test OOD1: 89.96% 
Epoch: 364, Loss: 0.1374, Cls: 0.0546, Ind: 0.0002, Med: 0.0274, Spu: 0.0000, FD: 0.0552, Var: 0.0000, CStr: 0.353, Ctx: 2, Train: 99.96%, Valid: 97.36%, Test In: 97.37% Test OOD1: 90.15% 
Epoch: 365, Loss: 0.1346, Cls: 0.0534, Ind: 0.0002, Med: 0.0267, Spu: 0.0000, FD: 0.0544, Var: 0.0000, CStr: 0.353, Ctx: 2, Train: 99.96%, Valid: 97.45%, Test In: 97.48% Test OOD1: 86.87% 
Epoch: 366, Loss: 0.1425, Cls: 0.0567, Ind: 0.0002, Med: 0.0284, Spu: 0.0000, FD: 0.0572, Var: 0.0000, CStr: 0.353, Ctx: 2, Train: 99.94%, Valid: 97.30%, Test In: 97.24% Test OOD1: 90.00% 
Epoch: 367, Loss: 0.1371, Cls: 0.0544, Ind: 0.0002, Med: 0.0272, Spu: 0.0000, FD: 0.0552, Var: 0.0000, CStr: 0.353, Ctx: 2, Train: 99.95%, Valid: 97.23%, Test In: 97.22% Test OOD1: 90.84% 
Epoch: 368, Loss: 0.1382, Cls: 0.0550, Ind: 0.0002, Med: 0.0276, Spu: 0.0000, FD: 0.0555, Var: 0.0000, CStr: 0.353, Ctx: 2, Train: 99.98%, Valid: 97.55%, Test In: 97.50% Test OOD1: 87.13% 
Epoch: 369, Loss: 0.1439, Cls: 0.0571, Ind: 0.0001, Med: 0.0286, Spu: 0.0000, FD: 0.0581, Var: 0.0000, CStr: 0.353, Ctx: 2, Train: 99.97%, Valid: 97.49%, Test In: 97.42% Test OOD1: 88.46% 
Epoch: 370, Loss: 0.1336, Cls: 0.0530, Ind: 0.0002, Med: 0.0265, Spu: 0.0000, FD: 0.0539, Var: 0.0000, CStr: 0.353, Ctx: 2, Train: 99.89%, Valid: 97.00%, Test In: 97.00% Test OOD1: 91.19% 
Epoch: 371, Loss: 0.1492, Cls: 0.0591, Ind: 0.0002, Med: 0.0295, Spu: 0.0000, FD: 0.0604, Var: 0.0000, CStr: 0.353, Ctx: 2, Train: 99.97%, Valid: 97.46%, Test In: 97.49% Test OOD1: 87.97% 
Epoch: 372, Loss: 0.1274, Cls: 0.0506, Ind: 0.0001, Med: 0.0254, Spu: 0.0000, FD: 0.0513, Var: 0.0000, CStr: 0.353, Ctx: 2, Train: 99.97%, Valid: 97.51%, Test In: 97.52% Test OOD1: 86.86% 
Epoch: 373, Loss: 0.1466, Cls: 0.0583, Ind: 0.0002, Med: 0.0292, Spu: 0.0000, FD: 0.0588, Var: 0.0000, CStr: 0.354, Ctx: 2, Train: 99.95%, Valid: 97.24%, Test In: 97.23% Test OOD1: 90.68% 
Epoch: 374, Loss: 0.1423, Cls: 0.0564, Ind: 0.0002, Med: 0.0281, Spu: 0.0000, FD: 0.0577, Var: 0.0000, CStr: 0.354, Ctx: 2, Train: 99.93%, Valid: 97.27%, Test In: 97.34% Test OOD1: 89.14% 
Epoch: 375, Loss: 0.1370, Cls: 0.0544, Ind: 0.0002, Med: 0.0272, Spu: 0.0000, FD: 0.0553, Var: 0.0000, CStr: 0.354, Ctx: 2, Train: 99.97%, Valid: 97.50%, Test In: 97.44% Test OOD1: 87.88% 
Epoch: 376, Loss: 0.1406, Cls: 0.0558, Ind: 0.0002, Med: 0.0279, Spu: 0.0000, FD: 0.0566, Var: 0.0000, CStr: 0.354, Ctx: 2, Train: 99.98%, Valid: 97.50%, Test In: 97.44% Test OOD1: 89.37% 
Epoch: 377, Loss: 0.1357, Cls: 0.0539, Ind: 0.0001, Med: 0.0270, Spu: 0.0000, FD: 0.0546, Var: 0.0000, CStr: 0.354, Ctx: 2, Train: 99.96%, Valid: 97.38%, Test In: 97.30% Test OOD1: 89.69% 
Epoch: 378, Loss: 0.1351, Cls: 0.0537, Ind: 0.0001, Med: 0.0269, Spu: 0.0000, FD: 0.0543, Var: 0.0000, CStr: 0.354, Ctx: 2, Train: 99.94%, Valid: 97.28%, Test In: 97.16% Test OOD1: 88.60% 
Epoch: 379, Loss: 0.1303, Cls: 0.0516, Ind: 0.0001, Med: 0.0257, Spu: 0.0000, FD: 0.0528, Var: 0.0000, CStr: 0.354, Ctx: 2, Train: 99.97%, Valid: 97.48%, Test In: 97.38% Test OOD1: 88.75% 
Epoch: 380, Loss: 0.1356, Cls: 0.0538, Ind: 0.0002, Med: 0.0269, Spu: 0.0000, FD: 0.0546, Var: 0.0000, CStr: 0.354, Ctx: 2, Train: 99.97%, Valid: 97.52%, Test In: 97.30% Test OOD1: 89.47% 
Epoch: 381, Loss: 0.1383, Cls: 0.0549, Ind: 0.0002, Med: 0.0274, Spu: 0.0000, FD: 0.0558, Var: 0.0000, CStr: 0.354, Ctx: 2, Train: 99.97%, Valid: 97.37%, Test In: 97.36% Test OOD1: 87.99% 
Epoch: 382, Loss: 0.1346, Cls: 0.0535, Ind: 0.0002, Med: 0.0268, Spu: 0.0000, FD: 0.0542, Var: 0.0000, CStr: 0.355, Ctx: 2, Train: 99.97%, Valid: 97.37%, Test In: 97.33% Test OOD1: 88.85% 
Epoch: 383, Loss: 0.1425, Cls: 0.0567, Ind: 0.0002, Med: 0.0284, Spu: 0.0000, FD: 0.0573, Var: 0.0000, CStr: 0.355, Ctx: 2, Train: 99.98%, Valid: 97.38%, Test In: 97.23% Test OOD1: 90.05% 
Epoch: 384, Loss: 0.1412, Cls: 0.0560, Ind: 0.0002, Med: 0.0280, Spu: 0.0000, FD: 0.0569, Var: 0.0000, CStr: 0.355, Ctx: 2, Train: 99.98%, Valid: 97.48%, Test In: 97.43% Test OOD1: 88.20% 
Epoch: 385, Loss: 0.1373, Cls: 0.0545, Ind: 0.0002, Med: 0.0272, Spu: 0.0000, FD: 0.0555, Var: 0.0000, CStr: 0.355, Ctx: 2, Train: 99.94%, Valid: 97.22%, Test In: 97.21% Test OOD1: 89.46% 
Epoch: 386, Loss: 0.1399, Cls: 0.0555, Ind: 0.0001, Med: 0.0277, Spu: 0.0000, FD: 0.0565, Var: 0.0000, CStr: 0.355, Ctx: 2, Train: 99.96%, Valid: 97.32%, Test In: 97.29% Test OOD1: 90.61% 
Epoch: 387, Loss: 0.1324, Cls: 0.0526, Ind: 0.0002, Med: 0.0263, Spu: 0.0000, FD: 0.0533, Var: 0.0000, CStr: 0.356, Ctx: 2, Train: 99.97%, Valid: 97.59%, Test In: 97.53% Test OOD1: 89.26% 
Epoch: 388, Loss: 0.1291, Cls: 0.0513, Ind: 0.0002, Med: 0.0257, Spu: 0.0000, FD: 0.0520, Var: 0.0000, CStr: 0.356, Ctx: 2, Train: 99.98%, Valid: 97.50%, Test In: 97.58% Test OOD1: 88.22% 
Epoch: 389, Loss: 0.1330, Cls: 0.0528, Ind: 0.0002, Med: 0.0264, Spu: 0.0000, FD: 0.0535, Var: 0.0000, CStr: 0.356, Ctx: 2, Train: 99.97%, Valid: 97.33%, Test In: 97.35% Test OOD1: 90.03% 
Epoch: 390, Loss: 0.1384, Cls: 0.0550, Ind: 0.0002, Med: 0.0275, Spu: 0.0000, FD: 0.0558, Var: 0.0000, CStr: 0.356, Ctx: 2, Train: 99.98%, Valid: 97.46%, Test In: 97.51% Test OOD1: 88.36% 
Epoch: 391, Loss: 0.1237, Cls: 0.0492, Ind: 0.0002, Med: 0.0247, Spu: 0.0000, FD: 0.0496, Var: 0.0000, CStr: 0.357, Ctx: 2, Train: 99.98%, Valid: 97.49%, Test In: 97.53% Test OOD1: 87.67% 
Epoch: 392, Loss: 0.1354, Cls: 0.0538, Ind: 0.0002, Med: 0.0269, Spu: 0.0000, FD: 0.0546, Var: 0.0000, CStr: 0.357, Ctx: 2, Train: 99.97%, Valid: 97.43%, Test In: 97.38% Test OOD1: 89.99% 
Epoch: 393, Loss: 0.1365, Cls: 0.0541, Ind: 0.0002, Med: 0.0270, Spu: 0.0000, FD: 0.0552, Var: 0.0000, CStr: 0.357, Ctx: 2, Train: 99.98%, Valid: 97.50%, Test In: 97.54% Test OOD1: 89.25% 
Epoch: 394, Loss: 0.1274, Cls: 0.0505, Ind: 0.0002, Med: 0.0252, Spu: 0.0000, FD: 0.0515, Var: 0.0000, CStr: 0.357, Ctx: 2, Train: 99.95%, Valid: 97.42%, Test In: 97.48% Test OOD1: 89.53% 
Epoch: 395, Loss: 0.1478, Cls: 0.0588, Ind: 0.0002, Med: 0.0295, Spu: 0.0000, FD: 0.0594, Var: 0.0000, CStr: 0.357, Ctx: 2, Train: 99.97%, Valid: 97.53%, Test In: 97.44% Test OOD1: 90.82% 
Epoch: 396, Loss: 0.1279, Cls: 0.0508, Ind: 0.0002, Med: 0.0254, Spu: 0.0000, FD: 0.0516, Var: 0.0000, CStr: 0.358, Ctx: 2, Train: 99.98%, Valid: 97.55%, Test In: 97.48% Test OOD1: 88.55% 
Epoch: 397, Loss: 0.1360, Cls: 0.0542, Ind: 0.0002, Med: 0.0272, Spu: 0.0000, FD: 0.0545, Var: 0.0000, CStr: 0.358, Ctx: 2, Train: 99.98%, Valid: 97.38%, Test In: 97.42% Test OOD1: 90.24% 
Epoch: 398, Loss: 0.1321, Cls: 0.0525, Ind: 0.0002, Med: 0.0263, Spu: 0.0000, FD: 0.0532, Var: 0.0000, CStr: 0.358, Ctx: 2, Train: 99.94%, Valid: 97.32%, Test In: 97.23% Test OOD1: 91.19% 
Epoch: 399, Loss: 0.1405, Cls: 0.0558, Ind: 0.0002, Med: 0.0279, Spu: 0.0000, FD: 0.0566, Var: 0.0000, CStr: 0.358, Ctx: 2, Train: 99.98%, Valid: 97.43%, Test In: 97.46% Test OOD1: 87.47% 
Epoch: 400, Loss: 0.1353, Cls: 0.0539, Ind: 0.0002, Med: 0.0270, Spu: 0.0000, FD: 0.0542, Var: 0.0000, CStr: 0.358, Ctx: 2, Train: 99.98%, Valid: 97.44%, Test In: 97.36% Test OOD1: 87.96% 
Epoch: 401, Loss: 0.1312, Cls: 0.0521, Ind: 0.0002, Med: 0.0261, Spu: 0.0000, FD: 0.0527, Var: 0.0000, CStr: 0.358, Ctx: 2, Train: 99.96%, Valid: 97.35%, Test In: 97.17% Test OOD1: 90.34% 
Epoch: 402, Loss: 0.1407, Cls: 0.0559, Ind: 0.0002, Med: 0.0279, Spu: 0.0000, FD: 0.0568, Var: 0.0000, CStr: 0.359, Ctx: 2, Train: 99.95%, Valid: 97.41%, Test In: 97.35% Test OOD1: 87.67% 
Epoch: 403, Loss: 0.1353, Cls: 0.0538, Ind: 0.0002, Med: 0.0270, Spu: 0.0000, FD: 0.0544, Var: 0.0000, CStr: 0.359, Ctx: 2, Train: 99.98%, Valid: 97.54%, Test In: 97.38% Test OOD1: 88.29% 
Epoch: 404, Loss: 0.1253, Cls: 0.0497, Ind: 0.0002, Med: 0.0249, Spu: 0.0000, FD: 0.0505, Var: 0.0000, CStr: 0.359, Ctx: 2, Train: 99.97%, Valid: 97.44%, Test In: 97.25% Test OOD1: 90.23% 
Epoch: 405, Loss: 0.1278, Cls: 0.0507, Ind: 0.0002, Med: 0.0254, Spu: 0.0000, FD: 0.0516, Var: 0.0000, CStr: 0.359, Ctx: 2, Train: 99.96%, Valid: 97.45%, Test In: 97.43% Test OOD1: 88.51% 
Epoch: 406, Loss: 0.1282, Cls: 0.0509, Ind: 0.0002, Med: 0.0255, Spu: 0.0000, FD: 0.0517, Var: 0.0000, CStr: 0.359, Ctx: 2, Train: 99.96%, Valid: 97.46%, Test In: 97.38% Test OOD1: 89.60% 
Epoch: 407, Loss: 0.1257, Cls: 0.0500, Ind: 0.0002, Med: 0.0250, Spu: 0.0000, FD: 0.0505, Var: 0.0000, CStr: 0.359, Ctx: 2, Train: 99.97%, Valid: 97.38%, Test In: 97.28% Test OOD1: 91.27% 
Epoch: 408, Loss: 0.1321, Cls: 0.0525, Ind: 0.0002, Med: 0.0263, Spu: 0.0000, FD: 0.0531, Var: 0.0000, CStr: 0.359, Ctx: 2, Train: 99.98%, Valid: 97.55%, Test In: 97.57% Test OOD1: 89.18% 
Epoch: 409, Loss: 0.1214, Cls: 0.0480, Ind: 0.0002, Med: 0.0239, Spu: 0.0000, FD: 0.0492, Var: 0.0000, CStr: 0.360, Ctx: 2, Train: 99.98%, Valid: 97.50%, Test In: 97.53% Test OOD1: 88.83% 
Epoch: 410, Loss: 0.1302, Cls: 0.0517, Ind: 0.0002, Med: 0.0259, Spu: 0.0000, FD: 0.0525, Var: 0.0000, CStr: 0.360, Ctx: 2, Train: 99.94%, Valid: 97.30%, Test In: 97.15% Test OOD1: 91.84% 
Epoch: 411, Loss: 0.1421, Cls: 0.0565, Ind: 0.0002, Med: 0.0283, Spu: 0.0000, FD: 0.0571, Var: 0.0000, CStr: 0.360, Ctx: 2, Train: 99.98%, Valid: 97.60%, Test In: 97.59% Test OOD1: 89.22% 
Epoch: 412, Loss: 0.1209, Cls: 0.0481, Ind: 0.0001, Med: 0.0241, Spu: 0.0000, FD: 0.0486, Var: 0.0000, CStr: 0.360, Ctx: 2, Train: 99.98%, Valid: 97.52%, Test In: 97.53% Test OOD1: 86.14% 
Epoch: 413, Loss: 0.1372, Cls: 0.0545, Ind: 0.0001, Med: 0.0272, Spu: 0.0000, FD: 0.0554, Var: 0.0000, CStr: 0.360, Ctx: 2, Train: 99.97%, Valid: 97.41%, Test In: 97.38% Test OOD1: 90.27% 
Epoch: 414, Loss: 0.1236, Cls: 0.0492, Ind: 0.0002, Med: 0.0247, Spu: 0.0000, FD: 0.0496, Var: 0.0000, CStr: 0.360, Ctx: 2, Train: 99.93%, Valid: 97.25%, Test In: 97.23% Test OOD1: 91.10% 
Epoch: 415, Loss: 0.1425, Cls: 0.0566, Ind: 0.0001, Med: 0.0283, Spu: 0.0000, FD: 0.0575, Var: 0.0000, CStr: 0.360, Ctx: 2, Train: 99.98%, Valid: 97.53%, Test In: 97.56% Test OOD1: 86.89% 
Epoch: 416, Loss: 0.1374, Cls: 0.0546, Ind: 0.0001, Med: 0.0273, Spu: 0.0000, FD: 0.0554, Var: 0.0000, CStr: 0.360, Ctx: 2, Train: 99.98%, Valid: 97.57%, Test In: 97.53% Test OOD1: 89.00% 
Epoch: 417, Loss: 0.1305, Cls: 0.0519, Ind: 0.0002, Med: 0.0260, Spu: 0.0000, FD: 0.0524, Var: 0.0000, CStr: 0.361, Ctx: 2, Train: 99.92%, Valid: 97.29%, Test In: 97.11% Test OOD1: 91.64% 
Epoch: 418, Loss: 0.1426, Cls: 0.0565, Ind: 0.0002, Med: 0.0282, Spu: 0.0000, FD: 0.0577, Var: 0.0000, CStr: 0.361, Ctx: 2, Train: 99.93%, Valid: 97.49%, Test In: 97.34% Test OOD1: 87.32% 
Epoch: 419, Loss: 0.1412, Cls: 0.0561, Ind: 0.0001, Med: 0.0281, Spu: 0.0000, FD: 0.0568, Var: 0.0000, CStr: 0.361, Ctx: 2, Train: 99.98%, Valid: 97.55%, Test In: 97.52% Test OOD1: 87.48% 
Epoch: 420, Loss: 0.1358, Cls: 0.0539, Ind: 0.0001, Med: 0.0269, Spu: 0.0000, FD: 0.0549, Var: 0.0000, CStr: 0.361, Ctx: 2, Train: 99.93%, Valid: 97.27%, Test In: 97.21% Test OOD1: 90.73% 
Epoch: 421, Loss: 0.1468, Cls: 0.0583, Ind: 0.0001, Med: 0.0291, Spu: 0.0000, FD: 0.0592, Var: 0.0000, CStr: 0.361, Ctx: 2, Train: 99.98%, Valid: 97.50%, Test In: 97.49% Test OOD1: 87.64% 
Epoch: 422, Loss: 0.1342, Cls: 0.0533, Ind: 0.0001, Med: 0.0267, Spu: 0.0000, FD: 0.0540, Var: 0.0000, CStr: 0.361, Ctx: 2, Train: 99.98%, Valid: 97.46%, Test In: 97.48% Test OOD1: 88.15% 
Epoch: 423, Loss: 0.1301, Cls: 0.0516, Ind: 0.0001, Med: 0.0258, Spu: 0.0000, FD: 0.0526, Var: 0.0000, CStr: 0.361, Ctx: 2, Train: 99.97%, Valid: 97.56%, Test In: 97.48% Test OOD1: 90.25% 
Epoch: 424, Loss: 0.1300, Cls: 0.0515, Ind: 0.0001, Med: 0.0257, Spu: 0.0000, FD: 0.0526, Var: 0.0000, CStr: 0.361, Ctx: 2, Train: 99.98%, Valid: 97.65%, Test In: 97.55% Test OOD1: 89.04% 
Epoch: 425, Loss: 0.1255, Cls: 0.0498, Ind: 0.0001, Med: 0.0249, Spu: 0.0000, FD: 0.0506, Var: 0.0000, CStr: 0.361, Ctx: 2, Train: 99.98%, Valid: 97.51%, Test In: 97.55% Test OOD1: 87.92% 
Epoch: 426, Loss: 0.1244, Cls: 0.0494, Ind: 0.0002, Med: 0.0247, Spu: 0.0000, FD: 0.0502, Var: 0.0000, CStr: 0.361, Ctx: 2, Train: 99.96%, Valid: 97.45%, Test In: 97.42% Test OOD1: 89.47% 
Epoch: 427, Loss: 0.1220, Cls: 0.0484, Ind: 0.0001, Med: 0.0242, Spu: 0.0000, FD: 0.0492, Var: 0.0000, CStr: 0.362, Ctx: 2, Train: 99.98%, Valid: 97.51%, Test In: 97.48% Test OOD1: 89.57% 
Epoch: 428, Loss: 0.1250, Cls: 0.0497, Ind: 0.0001, Med: 0.0249, Spu: 0.0000, FD: 0.0503, Var: 0.0000, CStr: 0.362, Ctx: 2, Train: 99.98%, Valid: 97.63%, Test In: 97.55% Test OOD1: 87.72% 
Epoch: 429, Loss: 0.1231, Cls: 0.0488, Ind: 0.0001, Med: 0.0243, Spu: 0.0000, FD: 0.0498, Var: 0.0000, CStr: 0.362, Ctx: 2, Train: 99.98%, Valid: 97.61%, Test In: 97.55% Test OOD1: 88.88% 
Epoch: 430, Loss: 0.1197, Cls: 0.0475, Ind: 0.0002, Med: 0.0238, Spu: 0.0000, FD: 0.0482, Var: 0.0000, CStr: 0.362, Ctx: 2, Train: 99.97%, Valid: 97.42%, Test In: 97.36% Test OOD1: 90.41% 
Epoch: 431, Loss: 0.1280, Cls: 0.0510, Ind: 0.0001, Med: 0.0256, Spu: 0.0000, FD: 0.0514, Var: 0.0000, CStr: 0.363, Ctx: 2, Train: 99.99%, Valid: 97.57%, Test In: 97.57% Test OOD1: 89.43% 
Epoch: 432, Loss: 0.1212, Cls: 0.0481, Ind: 0.0001, Med: 0.0240, Spu: 0.0000, FD: 0.0490, Var: 0.0000, CStr: 0.363, Ctx: 2, Train: 99.99%, Valid: 97.59%, Test In: 97.54% Test OOD1: 88.47% 
Epoch: 433, Loss: 0.1305, Cls: 0.0518, Ind: 0.0002, Med: 0.0259, Spu: 0.0000, FD: 0.0527, Var: 0.0000, CStr: 0.363, Ctx: 2, Train: 99.98%, Valid: 97.50%, Test In: 97.44% Test OOD1: 89.73% 
Epoch: 434, Loss: 0.1170, Cls: 0.0465, Ind: 0.0002, Med: 0.0233, Spu: 0.0000, FD: 0.0470, Var: 0.0000, CStr: 0.363, Ctx: 2, Train: 99.97%, Valid: 97.40%, Test In: 97.40% Test OOD1: 90.60% 
Epoch: 435, Loss: 0.1337, Cls: 0.0530, Ind: 0.0002, Med: 0.0265, Spu: 0.0000, FD: 0.0541, Var: 0.0000, CStr: 0.364, Ctx: 2, Train: 99.98%, Valid: 97.59%, Test In: 97.55% Test OOD1: 89.70% 
Epoch: 436, Loss: 0.1294, Cls: 0.0514, Ind: 0.0001, Med: 0.0257, Spu: 0.0000, FD: 0.0522, Var: 0.0000, CStr: 0.364, Ctx: 2, Train: 99.98%, Valid: 97.67%, Test In: 97.53% Test OOD1: 89.29% 
Epoch: 437, Loss: 0.1315, Cls: 0.0521, Ind: 0.0001, Med: 0.0260, Spu: 0.0000, FD: 0.0533, Var: 0.0000, CStr: 0.364, Ctx: 2, Train: 99.96%, Valid: 97.50%, Test In: 97.38% Test OOD1: 91.88% 
Epoch: 438, Loss: 0.1298, Cls: 0.0516, Ind: 0.0001, Med: 0.0258, Spu: 0.0000, FD: 0.0524, Var: 0.0000, CStr: 0.365, Ctx: 2, Train: 99.97%, Valid: 97.43%, Test In: 97.52% Test OOD1: 90.68% 
Epoch: 439, Loss: 0.1210, Cls: 0.0480, Ind: 0.0001, Med: 0.0240, Spu: 0.0000, FD: 0.0489, Var: 0.0000, CStr: 0.365, Ctx: 2, Train: 99.98%, Valid: 97.61%, Test In: 97.59% Test OOD1: 89.00% 
Epoch: 440, Loss: 0.1215, Cls: 0.0482, Ind: 0.0001, Med: 0.0241, Spu: 0.0000, FD: 0.0490, Var: 0.0000, CStr: 0.365, Ctx: 2, Train: 99.99%, Valid: 97.45%, Test In: 97.50% Test OOD1: 89.92% 
Epoch: 441, Loss: 0.1180, Cls: 0.0469, Ind: 0.0001, Med: 0.0235, Spu: 0.0000, FD: 0.0475, Var: 0.0000, CStr: 0.365, Ctx: 2, Train: 99.98%, Valid: 97.42%, Test In: 97.58% Test OOD1: 89.33% 
Epoch: 442, Loss: 0.1140, Cls: 0.0453, Ind: 0.0001, Med: 0.0227, Spu: 0.0000, FD: 0.0459, Var: 0.0000, CStr: 0.366, Ctx: 2, Train: 99.97%, Valid: 97.32%, Test In: 97.53% Test OOD1: 89.07% 
Epoch: 443, Loss: 0.1237, Cls: 0.0492, Ind: 0.0001, Med: 0.0246, Spu: 0.0000, FD: 0.0498, Var: 0.0000, CStr: 0.366, Ctx: 2, Train: 99.99%, Valid: 97.50%, Test In: 97.53% Test OOD1: 89.25% 
Epoch: 444, Loss: 0.1256, Cls: 0.0499, Ind: 0.0002, Med: 0.0250, Spu: 0.0000, FD: 0.0506, Var: 0.0000, CStr: 0.366, Ctx: 2, Train: 99.99%, Valid: 97.50%, Test In: 97.58% Test OOD1: 89.09% 
Epoch: 445, Loss: 0.1275, Cls: 0.0507, Ind: 0.0001, Med: 0.0254, Spu: 0.0000, FD: 0.0513, Var: 0.0000, CStr: 0.366, Ctx: 2, Train: 99.97%, Valid: 97.45%, Test In: 97.46% Test OOD1: 90.55% 
Epoch: 446, Loss: 0.1136, Cls: 0.0451, Ind: 0.0002, Med: 0.0226, Spu: 0.0000, FD: 0.0456, Var: 0.0000, CStr: 0.366, Ctx: 2, Train: 99.96%, Valid: 97.38%, Test In: 97.43% Test OOD1: 90.99% 
Epoch: 447, Loss: 0.1174, Cls: 0.0466, Ind: 0.0001, Med: 0.0233, Spu: 0.0000, FD: 0.0474, Var: 0.0000, CStr: 0.366, Ctx: 2, Train: 99.99%, Valid: 97.52%, Test In: 97.60% Test OOD1: 90.19% 
Epoch: 448, Loss: 0.1196, Cls: 0.0475, Ind: 0.0001, Med: 0.0237, Spu: 0.0000, FD: 0.0482, Var: 0.0000, CStr: 0.367, Ctx: 2, Train: 99.98%, Valid: 97.59%, Test In: 97.48% Test OOD1: 90.76% 
Epoch: 449, Loss: 0.1207, Cls: 0.0479, Ind: 0.0001, Med: 0.0240, Spu: 0.0000, FD: 0.0486, Var: 0.0000, CStr: 0.367, Ctx: 2, Train: 99.99%, Valid: 97.58%, Test In: 97.57% Test OOD1: 90.00% 
Epoch: 450, Loss: 0.1161, Cls: 0.0461, Ind: 0.0001, Med: 0.0231, Spu: 0.0000, FD: 0.0468, Var: 0.0000, CStr: 0.367, Ctx: 2, Train: 99.98%, Valid: 97.52%, Test In: 97.50% Test OOD1: 89.25% 
Epoch: 451, Loss: 0.1221, Cls: 0.0485, Ind: 0.0002, Med: 0.0243, Spu: 0.0000, FD: 0.0491, Var: 0.0000, CStr: 0.367, Ctx: 2, Train: 99.99%, Valid: 97.55%, Test In: 97.56% Test OOD1: 90.05% 
Epoch: 452, Loss: 0.1203, Cls: 0.0478, Ind: 0.0001, Med: 0.0239, Spu: 0.0000, FD: 0.0485, Var: 0.0000, CStr: 0.367, Ctx: 2, Train: 99.99%, Valid: 97.53%, Test In: 97.48% Test OOD1: 90.13% 
Epoch: 453, Loss: 0.1158, Cls: 0.0459, Ind: 0.0001, Med: 0.0229, Spu: 0.0000, FD: 0.0468, Var: 0.0000, CStr: 0.367, Ctx: 2, Train: 99.98%, Valid: 97.55%, Test In: 97.57% Test OOD1: 89.47% 
Epoch: 454, Loss: 0.1190, Cls: 0.0473, Ind: 0.0002, Med: 0.0237, Spu: 0.0000, FD: 0.0479, Var: 0.0000, CStr: 0.368, Ctx: 2, Train: 99.98%, Valid: 97.49%, Test In: 97.53% Test OOD1: 89.81% 
Epoch: 455, Loss: 0.1154, Cls: 0.0458, Ind: 0.0001, Med: 0.0229, Spu: 0.0000, FD: 0.0465, Var: 0.0000, CStr: 0.368, Ctx: 2, Train: 99.98%, Valid: 97.55%, Test In: 97.55% Test OOD1: 89.82% 
Epoch: 456, Loss: 0.1157, Cls: 0.0460, Ind: 0.0001, Med: 0.0230, Spu: 0.0000, FD: 0.0465, Var: 0.0000, CStr: 0.368, Ctx: 2, Train: 99.98%, Valid: 97.61%, Test In: 97.50% Test OOD1: 88.98% 
Epoch: 457, Loss: 0.1181, Cls: 0.0471, Ind: 0.0002, Med: 0.0236, Spu: 0.0000, FD: 0.0472, Var: 0.0000, CStr: 0.368, Ctx: 2, Train: 99.98%, Valid: 97.52%, Test In: 97.53% Test OOD1: 89.64% 
Epoch: 458, Loss: 0.1181, Cls: 0.0469, Ind: 0.0001, Med: 0.0235, Spu: 0.0000, FD: 0.0475, Var: 0.0000, CStr: 0.368, Ctx: 2, Train: 99.98%, Valid: 97.44%, Test In: 97.46% Test OOD1: 90.90% 
Epoch: 459, Loss: 0.1219, Cls: 0.0484, Ind: 0.0001, Med: 0.0242, Spu: 0.0000, FD: 0.0491, Var: 0.0000, CStr: 0.369, Ctx: 2, Train: 99.98%, Valid: 97.62%, Test In: 97.60% Test OOD1: 89.09% 
Epoch: 460, Loss: 0.1203, Cls: 0.0478, Ind: 0.0001, Med: 0.0239, Spu: 0.0000, FD: 0.0485, Var: 0.0000, CStr: 0.369, Ctx: 2, Train: 99.98%, Valid: 97.59%, Test In: 97.55% Test OOD1: 89.94% 
Epoch: 461, Loss: 0.1218, Cls: 0.0484, Ind: 0.0001, Med: 0.0243, Spu: 0.0000, FD: 0.0490, Var: 0.0000, CStr: 0.369, Ctx: 2, Train: 99.97%, Valid: 97.40%, Test In: 97.45% Test OOD1: 91.62% 
Epoch: 462, Loss: 0.1208, Cls: 0.0479, Ind: 0.0002, Med: 0.0239, Spu: 0.0000, FD: 0.0487, Var: 0.0000, CStr: 0.369, Ctx: 2, Train: 99.98%, Valid: 97.57%, Test In: 97.55% Test OOD1: 89.73% 
Epoch: 463, Loss: 0.1262, Cls: 0.0501, Ind: 0.0001, Med: 0.0250, Spu: 0.0000, FD: 0.0509, Var: 0.0000, CStr: 0.369, Ctx: 2, Train: 99.99%, Valid: 97.60%, Test In: 97.61% Test OOD1: 89.09% 
Epoch: 464, Loss: 0.1215, Cls: 0.0483, Ind: 0.0001, Med: 0.0241, Spu: 0.0000, FD: 0.0490, Var: 0.0000, CStr: 0.369, Ctx: 2, Train: 99.98%, Valid: 97.57%, Test In: 97.46% Test OOD1: 90.81% 
Epoch: 465, Loss: 0.1214, Cls: 0.0482, Ind: 0.0001, Med: 0.0241, Spu: 0.0000, FD: 0.0490, Var: 0.0000, CStr: 0.370, Ctx: 2, Train: 99.99%, Valid: 97.57%, Test In: 97.55% Test OOD1: 89.71% 
Epoch: 466, Loss: 0.1140, Cls: 0.0452, Ind: 0.0001, Med: 0.0226, Spu: 0.0000, FD: 0.0461, Var: 0.0000, CStr: 0.370, Ctx: 2, Train: 99.98%, Valid: 97.50%, Test In: 97.51% Test OOD1: 89.77% 
Epoch: 467, Loss: 0.1234, Cls: 0.0490, Ind: 0.0002, Med: 0.0245, Spu: 0.0000, FD: 0.0498, Var: 0.0000, CStr: 0.370, Ctx: 2, Train: 99.99%, Valid: 97.59%, Test In: 97.53% Test OOD1: 90.27% 
Epoch: 468, Loss: 0.1097, Cls: 0.0436, Ind: 0.0002, Med: 0.0219, Spu: 0.0000, FD: 0.0440, Var: 0.0000, CStr: 0.370, Ctx: 2, Train: 99.99%, Valid: 97.58%, Test In: 97.51% Test OOD1: 90.07% 
Epoch: 469, Loss: 0.1097, Cls: 0.0435, Ind: 0.0001, Med: 0.0218, Spu: 0.0000, FD: 0.0443, Var: 0.0000, CStr: 0.370, Ctx: 2, Train: 99.99%, Valid: 97.62%, Test In: 97.59% Test OOD1: 89.91% 
Epoch: 470, Loss: 0.1163, Cls: 0.0461, Ind: 0.0001, Med: 0.0231, Spu: 0.0000, FD: 0.0470, Var: 0.0000, CStr: 0.370, Ctx: 2, Train: 99.98%, Valid: 97.63%, Test In: 97.51% Test OOD1: 90.78% 
Epoch: 471, Loss: 0.1185, Cls: 0.0470, Ind: 0.0001, Med: 0.0235, Spu: 0.0000, FD: 0.0480, Var: 0.0000, CStr: 0.370, Ctx: 2, Train: 99.99%, Valid: 97.65%, Test In: 97.55% Test OOD1: 91.10% 
Epoch: 472, Loss: 0.1155, Cls: 0.0458, Ind: 0.0002, Med: 0.0229, Spu: 0.0000, FD: 0.0466, Var: 0.0000, CStr: 0.370, Ctx: 2, Train: 99.99%, Valid: 97.64%, Test In: 97.61% Test OOD1: 91.00% 
Epoch: 473, Loss: 0.1108, Cls: 0.0440, Ind: 0.0001, Med: 0.0221, Spu: 0.0000, FD: 0.0446, Var: 0.0000, CStr: 0.371, Ctx: 2, Train: 99.99%, Valid: 97.64%, Test In: 97.61% Test OOD1: 90.31% 
Epoch: 474, Loss: 0.1095, Cls: 0.0436, Ind: 0.0001, Med: 0.0219, Spu: 0.0000, FD: 0.0439, Var: 0.0000, CStr: 0.371, Ctx: 2, Train: 99.99%, Valid: 97.55%, Test In: 97.49% Test OOD1: 91.49% 
Epoch: 475, Loss: 0.1100, Cls: 0.0436, Ind: 0.0001, Med: 0.0218, Spu: 0.0000, FD: 0.0445, Var: 0.0000, CStr: 0.371, Ctx: 2, Train: 99.99%, Valid: 97.61%, Test In: 97.57% Test OOD1: 90.57% 
Epoch: 476, Loss: 0.1124, Cls: 0.0447, Ind: 0.0001, Med: 0.0223, Spu: 0.0000, FD: 0.0452, Var: 0.0000, CStr: 0.371, Ctx: 2, Train: 99.99%, Valid: 97.64%, Test In: 97.60% Test OOD1: 89.89% 
Epoch: 477, Loss: 0.1128, Cls: 0.0448, Ind: 0.0001, Med: 0.0224, Spu: 0.0000, FD: 0.0455, Var: 0.0000, CStr: 0.371, Ctx: 2, Train: 99.99%, Valid: 97.59%, Test In: 97.50% Test OOD1: 91.14% 
Epoch: 478, Loss: 0.1142, Cls: 0.0453, Ind: 0.0001, Med: 0.0226, Spu: 0.0000, FD: 0.0462, Var: 0.0000, CStr: 0.371, Ctx: 2, Train: 99.99%, Valid: 97.59%, Test In: 97.56% Test OOD1: 90.79% 
Epoch: 479, Loss: 0.1132, Cls: 0.0449, Ind: 0.0001, Med: 0.0224, Spu: 0.0000, FD: 0.0457, Var: 0.0000, CStr: 0.372, Ctx: 2, Train: 99.99%, Valid: 97.58%, Test In: 97.59% Test OOD1: 89.60% 
Epoch: 480, Loss: 0.1198, Cls: 0.0476, Ind: 0.0001, Med: 0.0238, Spu: 0.0000, FD: 0.0484, Var: 0.0000, CStr: 0.372, Ctx: 2, Train: 99.98%, Valid: 97.44%, Test In: 97.46% Test OOD1: 90.66% 
Epoch: 481, Loss: 0.1212, Cls: 0.0481, Ind: 0.0001, Med: 0.0240, Spu: 0.0000, FD: 0.0489, Var: 0.0000, CStr: 0.372, Ctx: 2, Train: 99.98%, Valid: 97.42%, Test In: 97.52% Test OOD1: 90.35% 
Epoch: 482, Loss: 0.1208, Cls: 0.0480, Ind: 0.0001, Med: 0.0240, Spu: 0.0000, FD: 0.0486, Var: 0.0000, CStr: 0.372, Ctx: 2, Train: 99.99%, Valid: 97.55%, Test In: 97.46% Test OOD1: 89.53% 
Epoch: 483, Loss: 0.1281, Cls: 0.0508, Ind: 0.0001, Med: 0.0254, Spu: 0.0000, FD: 0.0518, Var: 0.0000, CStr: 0.372, Ctx: 2, Train: 99.99%, Valid: 97.45%, Test In: 97.58% Test OOD1: 89.45% 
Epoch: 484, Loss: 0.1155, Cls: 0.0458, Ind: 0.0001, Med: 0.0229, Spu: 0.0000, FD: 0.0467, Var: 0.0000, CStr: 0.372, Ctx: 2, Train: 99.98%, Valid: 97.42%, Test In: 97.48% Test OOD1: 90.25% 
Epoch: 485, Loss: 0.1210, Cls: 0.0481, Ind: 0.0001, Med: 0.0241, Spu: 0.0000, FD: 0.0487, Var: 0.0000, CStr: 0.373, Ctx: 2, Train: 99.99%, Valid: 97.48%, Test In: 97.55% Test OOD1: 90.66% 
Epoch: 486, Loss: 0.1108, Cls: 0.0440, Ind: 0.0001, Med: 0.0219, Spu: 0.0000, FD: 0.0448, Var: 0.0000, CStr: 0.373, Ctx: 2, Train: 99.99%, Valid: 97.57%, Test In: 97.57% Test OOD1: 89.96% 
Epoch: 487, Loss: 0.1138, Cls: 0.0452, Ind: 0.0001, Med: 0.0226, Spu: 0.0000, FD: 0.0459, Var: 0.0000, CStr: 0.373, Ctx: 2, Train: 99.99%, Valid: 97.57%, Test In: 97.55% Test OOD1: 89.85% 
Epoch: 488, Loss: 0.1242, Cls: 0.0494, Ind: 0.0002, Med: 0.0247, Spu: 0.0000, FD: 0.0499, Var: 0.0000, CStr: 0.373, Ctx: 2, Train: 99.99%, Valid: 97.53%, Test In: 97.49% Test OOD1: 89.89% 
Epoch: 489, Loss: 0.1133, Cls: 0.0450, Ind: 0.0001, Med: 0.0225, Spu: 0.0000, FD: 0.0456, Var: 0.0000, CStr: 0.373, Ctx: 2, Train: 99.99%, Valid: 97.49%, Test In: 97.44% Test OOD1: 90.79% 
Epoch: 490, Loss: 0.1151, Cls: 0.0457, Ind: 0.0001, Med: 0.0229, Spu: 0.0000, FD: 0.0463, Var: 0.0000, CStr: 0.373, Ctx: 2, Train: 99.99%, Valid: 97.52%, Test In: 97.50% Test OOD1: 88.84% 
Epoch: 491, Loss: 0.1132, Cls: 0.0449, Ind: 0.0001, Med: 0.0225, Spu: 0.0000, FD: 0.0456, Var: 0.0000, CStr: 0.373, Ctx: 2, Train: 99.99%, Valid: 97.50%, Test In: 97.51% Test OOD1: 89.92% 
Epoch: 492, Loss: 0.1175, Cls: 0.0466, Ind: 0.0001, Med: 0.0232, Spu: 0.0000, FD: 0.0476, Var: 0.0000, CStr: 0.373, Ctx: 2, Train: 99.98%, Valid: 97.46%, Test In: 97.48% Test OOD1: 90.47% 
Epoch: 493, Loss: 0.1134, Cls: 0.0450, Ind: 0.0001, Med: 0.0225, Spu: 0.0000, FD: 0.0458, Var: 0.0000, CStr: 0.374, Ctx: 2, Train: 99.98%, Valid: 97.46%, Test In: 97.46% Test OOD1: 89.82% 
Epoch: 494, Loss: 0.1075, Cls: 0.0427, Ind: 0.0001, Med: 0.0214, Spu: 0.0000, FD: 0.0433, Var: 0.0000, CStr: 0.374, Ctx: 2, Train: 99.98%, Valid: 97.55%, Test In: 97.46% Test OOD1: 88.80% 
Epoch: 495, Loss: 0.1201, Cls: 0.0476, Ind: 0.0001, Med: 0.0238, Spu: 0.0000, FD: 0.0485, Var: 0.0000, CStr: 0.374, Ctx: 2, Train: 99.99%, Valid: 97.46%, Test In: 97.41% Test OOD1: 90.95% 
Epoch: 496, Loss: 0.1140, Cls: 0.0452, Ind: 0.0001, Med: 0.0226, Spu: 0.0000, FD: 0.0460, Var: 0.0000, CStr: 0.374, Ctx: 2, Train: 99.98%, Valid: 97.50%, Test In: 97.50% Test OOD1: 90.01% 
Epoch: 497, Loss: 0.1139, Cls: 0.0453, Ind: 0.0002, Med: 0.0227, Spu: 0.0000, FD: 0.0458, Var: 0.0000, CStr: 0.374, Ctx: 2, Train: 99.99%, Valid: 97.60%, Test In: 97.57% Test OOD1: 89.49% 
Epoch: 498, Loss: 0.1119, Cls: 0.0445, Ind: 0.0001, Med: 0.0222, Spu: 0.0000, FD: 0.0451, Var: 0.0000, CStr: 0.374, Ctx: 2, Train: 99.98%, Valid: 97.52%, Test In: 97.48% Test OOD1: 91.34% 
Epoch: 499, Loss: 0.1148, Cls: 0.0455, Ind: 0.0001, Med: 0.0227, Spu: 0.0000, FD: 0.0464, Var: 0.0000, CStr: 0.374, Ctx: 2, Train: 99.98%, Valid: 97.53%, Test In: 97.64% Test OOD1: 89.37% 
Run 02:
Highest Train: 99.99
Highest Valid: 97.67
Highest In Test: 97.64
Highest OOD Test: 91.88
Chosen epoch: 437
Final Train: 99.98
Final In Test: 97.53
Final OOD Test: 89.29
All runs:
Highest Train: 99.99 ± 0.00
Highest Valid: 97.71 ± 0.05
Highest In Test: 97.61 ± 0.05
Highest OOD Test: 92.26 ± 0.53
  Final Train: 99.98 ± 0.00
   Final In  Test: 97.55 ± 0.03
   Final OOD Test: 89.81 ± 0.75
[INFO] TensorBoard writer closed.

Command: python main_frontdoor.py --dataset pubmed --backbone_type gcn --store_result --epochs 500 --runs 2 --num_layers 2 --device 1 --combine_result --lr 0.005 --weight_decay 5e-05 --dropout 0.2 --hidden_channels 64 --K 2 --lambda_fd 1.0 --lambda_spu 0.05 --lambda_ind 0.1 --context_gate_temp 0.5 --fd_blend 0.3 --lambda_med 0.5 --result_name pubmed_gcn_frontdoor_stage2_lr0.005_weight_decay5e-05_dropout0.2_hidden_channels64_K2_lambda_fd1.0_lambda_spu0.05_lambda_ind0.1_context_gate_temp0.5_fd_blend0.3_lambda_med0.5
Return code: 0
Elapsed: 103.27s
