Namespace(K=2, backbone_type='gcn', causal_strength_ema=0.95, causal_strength_min=0.1, combine_result=True, context_gate_temp=1.0, cpu=False, data_dir='./data/', dataset='pubmed', device=1, display_step=1, dropout=0.2, env_type='node', epochs=500, expert_agg='mean', fd_blend=0.7, gamma=0.99, gate_hidden=64, hidden_channels=64, infer_env=False, infer_env_components=64, infer_env_iters=30, infer_env_num=3, lambda_fd=1.0, lambda_ind=0.1, lambda_med=0.25, lambda_spu=0.05, lambda_var=0.05, lamda=1.0, lr=0.005, num_layers=2, other_env_reduce='sample', pos_weight=5.0, result_name='pubmed_gcn_frontdoor_stage2_lr0.005_weight_decay5e-05_dropout0.2_hidden_channels64_K2_lambda_fd1.0_lambda_spu0.05_lambda_ind0.1_context_gate_temp1.0_fd_blend0.7_lambda_med0.25', runs=2, seed=123, store_result=True, tau=1, use_bn=False, use_causal_strength_ind=True, variant=False, weight_decay=5e-05)
using existing synthetic data...
dataset pubmed: all nodes 118302 | edges 531888 | classes 3 | feats 510
train nodes 29575 | valid nodes 14788 | test in nodes 14788
test ood1 nodes 59151 
[INFO] env numbers: 6 train env numbers: 3
MODEL: GraphFrontDoor(
  (act_fn): ReLU()
  (input_proj): Linear(in_features=510, out_features=64, bias=True)
  (backbone_layers): ModuleList(
    (0): FrontDoorBackboneLayer()
    (1): FrontDoorBackboneLayer()
  )
  (causal_adapter): Linear(in_features=64, out_features=64, bias=True)
  (spurious_adapter): Linear(in_features=64, out_features=64, bias=True)
  (causal_norm): LayerNorm((64,), eps=1e-05, elementwise_affine=True)
  (spurious_norm): LayerNorm((64,), eps=1e-05, elementwise_affine=True)
  (classifier): Linear(in_features=64, out_features=3, bias=True)
  (spurious_classifier): Linear(in_features=64, out_features=3, bias=True)
  (fd_classifier): Linear(in_features=64, out_features=3, bias=True)
  (query_proj): Linear(in_features=64, out_features=64, bias=True)
  (key_proj): Linear(in_features=64, out_features=64, bias=True)
  (value_proj): Linear(in_features=64, out_features=64, bias=True)
  (aug_norm): LayerNorm((64,), eps=1e-05, elementwise_affine=True)
)
[INFO] TensorBoard logging activated. Logs will be saved to: ./runs/pubmed/frontdoor/pubmed_gcn_frontdoor_stage2_lr0.005_weight_decay5e-05_dropout0.2_hidden_channels64_K2_lambda_fd1.0_lambda_spu0.05_lambda_ind0.1_context_gate_temp1.0_fd_blend0.7_lambda_med0.25
[INFO] Independence loss: causal-strength masked | strength EMA: 0.95 | min weight: 0.1
Epoch: 00, Loss: 2.8124, Cls: 1.2188, Ind: 0.0227, Med: 0.3017, Spu: 0.0057, FD: 1.2633, Var: 0.0001, CStr: 0.502, Ctx: 2, Train: 39.32%, Valid: 39.07%, Test In: 39.30% Test OOD1: 39.25% 
Epoch: 01, Loss: 2.5110, Cls: 1.0780, Ind: 0.0251, Med: 0.2624, Spu: 0.0048, FD: 1.1407, Var: 0.0001, CStr: 0.504, Ctx: 2, Train: 71.50%, Valid: 71.26%, Test In: 71.97% Test OOD1: 61.24% 
Epoch: 02, Loss: 2.2804, Cls: 0.9856, Ind: 0.0255, Med: 0.2495, Spu: 0.0043, FD: 1.0154, Var: 0.0001, CStr: 0.506, Ctx: 2, Train: 69.86%, Valid: 69.49%, Test In: 70.23% Test OOD1: 64.49% 
Epoch: 03, Loss: 2.0280, Cls: 0.8756, Ind: 0.0357, Med: 0.2332, Spu: 0.0028, FD: 0.8807, Var: 0.0001, CStr: 0.506, Ctx: 2, Train: 72.84%, Valid: 72.69%, Test In: 73.55% Test OOD1: 59.92% 
Epoch: 04, Loss: 1.7558, Cls: 0.7536, Ind: 0.0515, Med: 0.2114, Spu: 0.0021, FD: 0.7372, Var: 0.0001, CStr: 0.506, Ctx: 2, Train: 76.34%, Valid: 76.35%, Test In: 76.63% Test OOD1: 58.03% 
Epoch: 05, Loss: 1.5571, Cls: 0.6610, Ind: 0.0639, Med: 0.1914, Spu: 0.0020, FD: 0.6387, Var: 0.0001, CStr: 0.506, Ctx: 2, Train: 85.07%, Valid: 84.85%, Test In: 85.16% Test OOD1: 61.60% 
Epoch: 06, Loss: 1.3975, Cls: 0.5860, Ind: 0.0687, Med: 0.1688, Spu: 0.0020, FD: 0.5719, Var: 0.0001, CStr: 0.507, Ctx: 2, Train: 86.19%, Valid: 86.05%, Test In: 86.24% Test OOD1: 62.87% 
Epoch: 07, Loss: 1.2651, Cls: 0.5268, Ind: 0.0676, Med: 0.1506, Spu: 0.0020, FD: 0.5180, Var: 0.0001, CStr: 0.507, Ctx: 2, Train: 87.10%, Valid: 87.08%, Test In: 87.15% Test OOD1: 62.61% 
Epoch: 08, Loss: 1.1456, Cls: 0.4767, Ind: 0.0615, Med: 0.1363, Spu: 0.0018, FD: 0.4693, Var: 0.0001, CStr: 0.507, Ctx: 2, Train: 88.12%, Valid: 87.73%, Test In: 88.17% Test OOD1: 61.95% 
Epoch: 09, Loss: 1.0643, Cls: 0.4437, Ind: 0.0549, Med: 0.1254, Spu: 0.0016, FD: 0.4387, Var: 0.0000, CStr: 0.507, Ctx: 2, Train: 88.79%, Valid: 88.41%, Test In: 88.82% Test OOD1: 62.62% 
Epoch: 10, Loss: 1.0088, Cls: 0.4201, Ind: 0.0519, Med: 0.1171, Spu: 0.0016, FD: 0.4181, Var: 0.0000, CStr: 0.506, Ctx: 2, Train: 89.42%, Valid: 89.17%, Test In: 89.35% Test OOD1: 63.94% 
Epoch: 11, Loss: 0.9379, Cls: 0.3871, Ind: 0.0553, Med: 0.1065, Spu: 0.0016, FD: 0.3874, Var: 0.0000, CStr: 0.504, Ctx: 2, Train: 89.86%, Valid: 89.53%, Test In: 89.76% Test OOD1: 65.06% 
Epoch: 12, Loss: 0.9000, Cls: 0.3695, Ind: 0.0557, Med: 0.0992, Spu: 0.0017, FD: 0.3740, Var: 0.0000, CStr: 0.502, Ctx: 2, Train: 90.10%, Valid: 89.64%, Test In: 89.86% Test OOD1: 64.65% 
Epoch: 13, Loss: 0.8753, Cls: 0.3597, Ind: 0.0520, Med: 0.0940, Spu: 0.0015, FD: 0.3680, Var: 0.0000, CStr: 0.500, Ctx: 2, Train: 90.05%, Valid: 89.62%, Test In: 89.75% Test OOD1: 63.93% 
Epoch: 14, Loss: 0.8566, Cls: 0.3549, Ind: 0.0459, Med: 0.0916, Spu: 0.0014, FD: 0.3628, Var: 0.0000, CStr: 0.498, Ctx: 2, Train: 90.08%, Valid: 89.75%, Test In: 89.85% Test OOD1: 65.27% 
Epoch: 15, Loss: 0.8218, Cls: 0.3436, Ind: 0.0388, Med: 0.0884, Spu: 0.0013, FD: 0.3497, Var: 0.0000, CStr: 0.497, Ctx: 2, Train: 90.39%, Valid: 89.95%, Test In: 90.24% Test OOD1: 67.88% 
Epoch: 16, Loss: 0.7947, Cls: 0.3348, Ind: 0.0322, Med: 0.0857, Spu: 0.0012, FD: 0.3407, Var: 0.0000, CStr: 0.496, Ctx: 2, Train: 90.50%, Valid: 90.09%, Test In: 90.34% Test OOD1: 69.88% 
Epoch: 17, Loss: 0.7733, Cls: 0.3283, Ind: 0.0265, Med: 0.0849, Spu: 0.0013, FD: 0.3322, Var: 0.0000, CStr: 0.494, Ctx: 2, Train: 90.55%, Valid: 90.19%, Test In: 90.40% Test OOD1: 70.16% 
Epoch: 18, Loss: 0.7646, Cls: 0.3268, Ind: 0.0221, Med: 0.0844, Spu: 0.0012, FD: 0.3301, Var: 0.0000, CStr: 0.492, Ctx: 2, Train: 90.54%, Valid: 90.12%, Test In: 90.41% Test OOD1: 68.99% 
Epoch: 19, Loss: 0.7535, Cls: 0.3237, Ind: 0.0186, Med: 0.0835, Spu: 0.0012, FD: 0.3265, Var: 0.0000, CStr: 0.491, Ctx: 2, Train: 90.61%, Valid: 90.14%, Test In: 90.47% Test OOD1: 68.34% 
Epoch: 20, Loss: 0.7460, Cls: 0.3215, Ind: 0.0163, Med: 0.0828, Spu: 0.0011, FD: 0.3243, Var: 0.0000, CStr: 0.489, Ctx: 2, Train: 90.87%, Valid: 90.42%, Test In: 90.59% Test OOD1: 69.12% 
Epoch: 21, Loss: 0.7280, Cls: 0.3142, Ind: 0.0148, Med: 0.0808, Spu: 0.0010, FD: 0.3170, Var: 0.0000, CStr: 0.487, Ctx: 2, Train: 90.97%, Valid: 90.55%, Test In: 90.80% Test OOD1: 70.31% 
Epoch: 22, Loss: 0.7171, Cls: 0.3102, Ind: 0.0135, Med: 0.0801, Spu: 0.0010, FD: 0.3123, Var: 0.0000, CStr: 0.485, Ctx: 2, Train: 91.12%, Valid: 90.56%, Test In: 91.02% Test OOD1: 70.27% 
Epoch: 23, Loss: 0.7049, Cls: 0.3053, Ind: 0.0125, Med: 0.0787, Spu: 0.0010, FD: 0.3075, Var: 0.0000, CStr: 0.483, Ctx: 2, Train: 91.20%, Valid: 90.60%, Test In: 91.03% Test OOD1: 69.28% 
Epoch: 24, Loss: 0.7127, Cls: 0.3092, Ind: 0.0113, Med: 0.0789, Spu: 0.0009, FD: 0.3123, Var: 0.0000, CStr: 0.480, Ctx: 2, Train: 91.31%, Valid: 90.78%, Test In: 91.12% Test OOD1: 69.14% 
Epoch: 25, Loss: 0.6871, Cls: 0.2985, Ind: 0.0098, Med: 0.0762, Spu: 0.0009, FD: 0.3017, Var: 0.0000, CStr: 0.478, Ctx: 2, Train: 91.36%, Valid: 90.91%, Test In: 91.24% Test OOD1: 69.80% 
Epoch: 26, Loss: 0.6733, Cls: 0.2929, Ind: 0.0087, Med: 0.0745, Spu: 0.0008, FD: 0.2964, Var: 0.0000, CStr: 0.476, Ctx: 2, Train: 91.46%, Valid: 91.02%, Test In: 91.28% Test OOD1: 70.37% 
Epoch: 27, Loss: 0.6693, Cls: 0.2916, Ind: 0.0076, Med: 0.0741, Spu: 0.0007, FD: 0.2952, Var: 0.0000, CStr: 0.474, Ctx: 2, Train: 91.51%, Valid: 91.14%, Test In: 91.41% Test OOD1: 70.55% 
Epoch: 28, Loss: 0.6630, Cls: 0.2893, Ind: 0.0068, Med: 0.0734, Spu: 0.0007, FD: 0.2927, Var: 0.0000, CStr: 0.471, Ctx: 2, Train: 91.63%, Valid: 91.21%, Test In: 91.51% Test OOD1: 70.61% 
Epoch: 29, Loss: 0.6695, Cls: 0.2928, Ind: 0.0061, Med: 0.0749, Spu: 0.0007, FD: 0.2951, Var: 0.0000, CStr: 0.469, Ctx: 2, Train: 91.72%, Valid: 91.28%, Test In: 91.57% Test OOD1: 70.83% 
Epoch: 30, Loss: 0.6464, Cls: 0.2828, Ind: 0.0054, Med: 0.0722, Spu: 0.0007, FD: 0.2853, Var: 0.0000, CStr: 0.466, Ctx: 2, Train: 91.85%, Valid: 91.33%, Test In: 91.60% Test OOD1: 71.20% 
Epoch: 31, Loss: 0.6475, Cls: 0.2836, Ind: 0.0048, Med: 0.0722, Spu: 0.0006, FD: 0.2862, Var: 0.0000, CStr: 0.464, Ctx: 2, Train: 91.99%, Valid: 91.40%, Test In: 91.65% Test OOD1: 71.74% 
Epoch: 32, Loss: 0.6427, Cls: 0.2816, Ind: 0.0044, Med: 0.0714, Spu: 0.0006, FD: 0.2848, Var: 0.0000, CStr: 0.462, Ctx: 2, Train: 92.11%, Valid: 91.46%, Test In: 91.71% Test OOD1: 71.59% 
Epoch: 33, Loss: 0.6215, Cls: 0.2725, Ind: 0.0040, Med: 0.0693, Spu: 0.0006, FD: 0.2751, Var: 0.0000, CStr: 0.459, Ctx: 2, Train: 92.18%, Valid: 91.51%, Test In: 91.78% Test OOD1: 71.35% 
Epoch: 34, Loss: 0.6156, Cls: 0.2701, Ind: 0.0038, Med: 0.0688, Spu: 0.0006, FD: 0.2723, Var: 0.0000, CStr: 0.457, Ctx: 2, Train: 92.31%, Valid: 91.55%, Test In: 91.89% Test OOD1: 71.61% 
Epoch: 35, Loss: 0.6119, Cls: 0.2686, Ind: 0.0036, Med: 0.0686, Spu: 0.0005, FD: 0.2704, Var: 0.0000, CStr: 0.454, Ctx: 2, Train: 92.43%, Valid: 91.64%, Test In: 92.01% Test OOD1: 72.47% 
Epoch: 36, Loss: 0.6113, Cls: 0.2687, Ind: 0.0033, Med: 0.0687, Spu: 0.0005, FD: 0.2702, Var: 0.0000, CStr: 0.452, Ctx: 2, Train: 92.52%, Valid: 91.68%, Test In: 92.08% Test OOD1: 72.79% 
Epoch: 37, Loss: 0.6037, Cls: 0.2653, Ind: 0.0031, Med: 0.0676, Spu: 0.0005, FD: 0.2672, Var: 0.0000, CStr: 0.450, Ctx: 2, Train: 92.60%, Valid: 91.77%, Test In: 92.16% Test OOD1: 72.39% 
Epoch: 38, Loss: 0.5880, Cls: 0.2582, Ind: 0.0031, Med: 0.0654, Spu: 0.0005, FD: 0.2608, Var: 0.0000, CStr: 0.448, Ctx: 2, Train: 92.68%, Valid: 91.82%, Test In: 92.19% Test OOD1: 72.60% 
Epoch: 39, Loss: 0.5861, Cls: 0.2576, Ind: 0.0030, Med: 0.0655, Spu: 0.0004, FD: 0.2595, Var: 0.0000, CStr: 0.446, Ctx: 2, Train: 92.77%, Valid: 91.83%, Test In: 92.31% Test OOD1: 73.96% 
Epoch: 40, Loss: 0.5748, Cls: 0.2526, Ind: 0.0030, Med: 0.0642, Spu: 0.0004, FD: 0.2546, Var: 0.0000, CStr: 0.444, Ctx: 2, Train: 92.86%, Valid: 91.90%, Test In: 92.39% Test OOD1: 74.30% 
Epoch: 41, Loss: 0.5749, Cls: 0.2528, Ind: 0.0029, Med: 0.0643, Spu: 0.0004, FD: 0.2546, Var: 0.0000, CStr: 0.442, Ctx: 2, Train: 92.90%, Valid: 92.03%, Test In: 92.39% Test OOD1: 73.75% 
Epoch: 42, Loss: 0.5602, Cls: 0.2462, Ind: 0.0028, Med: 0.0623, Spu: 0.0004, FD: 0.2485, Var: 0.0000, CStr: 0.441, Ctx: 2, Train: 93.01%, Valid: 92.16%, Test In: 92.47% Test OOD1: 74.30% 
Epoch: 43, Loss: 0.5578, Cls: 0.2453, Ind: 0.0026, Med: 0.0620, Spu: 0.0004, FD: 0.2476, Var: 0.0000, CStr: 0.439, Ctx: 2, Train: 93.12%, Valid: 92.19%, Test In: 92.51% Test OOD1: 75.26% 
Epoch: 44, Loss: 0.5586, Cls: 0.2458, Ind: 0.0023, Med: 0.0623, Spu: 0.0003, FD: 0.2477, Var: 0.0000, CStr: 0.438, Ctx: 2, Train: 93.19%, Valid: 92.22%, Test In: 92.57% Test OOD1: 75.71% 
Epoch: 45, Loss: 0.5519, Cls: 0.2430, Ind: 0.0022, Med: 0.0615, Spu: 0.0003, FD: 0.2449, Var: 0.0000, CStr: 0.436, Ctx: 2, Train: 93.21%, Valid: 92.25%, Test In: 92.60% Test OOD1: 75.26% 
Epoch: 46, Loss: 0.5459, Cls: 0.2404, Ind: 0.0020, Med: 0.0609, Spu: 0.0003, FD: 0.2422, Var: 0.0000, CStr: 0.435, Ctx: 2, Train: 93.32%, Valid: 92.24%, Test In: 92.66% Test OOD1: 75.19% 
Epoch: 47, Loss: 0.5474, Cls: 0.2411, Ind: 0.0020, Med: 0.0610, Spu: 0.0003, FD: 0.2431, Var: 0.0000, CStr: 0.433, Ctx: 2, Train: 93.40%, Valid: 92.18%, Test In: 92.64% Test OOD1: 76.58% 
Epoch: 48, Loss: 0.5367, Cls: 0.2364, Ind: 0.0019, Med: 0.0599, Spu: 0.0003, FD: 0.2382, Var: 0.0000, CStr: 0.432, Ctx: 2, Train: 93.38%, Valid: 92.22%, Test In: 92.71% Test OOD1: 76.89% 
Epoch: 49, Loss: 0.5387, Cls: 0.2373, Ind: 0.0019, Med: 0.0601, Spu: 0.0003, FD: 0.2391, Var: 0.0000, CStr: 0.431, Ctx: 2, Train: 93.50%, Valid: 92.37%, Test In: 92.71% Test OOD1: 75.27% 
Epoch: 50, Loss: 0.5372, Cls: 0.2367, Ind: 0.0017, Med: 0.0599, Spu: 0.0003, FD: 0.2386, Var: 0.0000, CStr: 0.430, Ctx: 2, Train: 93.62%, Valid: 92.39%, Test In: 92.70% Test OOD1: 76.53% 
Epoch: 51, Loss: 0.5203, Cls: 0.2293, Ind: 0.0017, Med: 0.0581, Spu: 0.0003, FD: 0.2309, Var: 0.0000, CStr: 0.429, Ctx: 2, Train: 93.63%, Valid: 92.29%, Test In: 92.71% Test OOD1: 78.17% 
Epoch: 52, Loss: 0.5191, Cls: 0.2288, Ind: 0.0017, Med: 0.0579, Spu: 0.0002, FD: 0.2306, Var: 0.0000, CStr: 0.428, Ctx: 2, Train: 93.73%, Valid: 92.68%, Test In: 92.89% Test OOD1: 76.51% 
Epoch: 53, Loss: 0.5136, Cls: 0.2263, Ind: 0.0016, Med: 0.0571, Spu: 0.0002, FD: 0.2283, Var: 0.0000, CStr: 0.427, Ctx: 2, Train: 93.83%, Valid: 92.73%, Test In: 92.93% Test OOD1: 76.59% 
Epoch: 54, Loss: 0.5118, Cls: 0.2256, Ind: 0.0016, Med: 0.0570, Spu: 0.0002, FD: 0.2273, Var: 0.0000, CStr: 0.426, Ctx: 2, Train: 93.89%, Valid: 92.53%, Test In: 92.88% Test OOD1: 78.52% 
Epoch: 55, Loss: 0.5123, Cls: 0.2258, Ind: 0.0016, Med: 0.0569, Spu: 0.0002, FD: 0.2277, Var: 0.0000, CStr: 0.425, Ctx: 2, Train: 93.85%, Valid: 92.56%, Test In: 92.85% Test OOD1: 78.63% 
Epoch: 56, Loss: 0.5094, Cls: 0.2247, Ind: 0.0015, Med: 0.0568, Spu: 0.0002, FD: 0.2262, Var: 0.0000, CStr: 0.424, Ctx: 2, Train: 93.98%, Valid: 92.74%, Test In: 93.06% Test OOD1: 77.12% 
Epoch: 57, Loss: 0.5018, Cls: 0.2213, Ind: 0.0015, Med: 0.0559, Spu: 0.0002, FD: 0.2230, Var: 0.0000, CStr: 0.423, Ctx: 2, Train: 94.10%, Valid: 92.71%, Test In: 92.96% Test OOD1: 77.67% 
Epoch: 58, Loss: 0.4904, Cls: 0.2162, Ind: 0.0015, Med: 0.0547, Spu: 0.0002, FD: 0.2178, Var: 0.0000, CStr: 0.423, Ctx: 2, Train: 94.02%, Valid: 92.74%, Test In: 92.80% Test OOD1: 78.77% 
Epoch: 59, Loss: 0.4899, Cls: 0.2160, Ind: 0.0015, Med: 0.0545, Spu: 0.0002, FD: 0.2177, Var: 0.0000, CStr: 0.422, Ctx: 2, Train: 94.09%, Valid: 92.71%, Test In: 92.93% Test OOD1: 77.85% 
Epoch: 60, Loss: 0.4876, Cls: 0.2150, Ind: 0.0015, Med: 0.0542, Spu: 0.0002, FD: 0.2168, Var: 0.0000, CStr: 0.421, Ctx: 2, Train: 94.12%, Valid: 92.76%, Test In: 93.01% Test OOD1: 77.25% 
Epoch: 61, Loss: 0.4839, Cls: 0.2134, Ind: 0.0014, Med: 0.0538, Spu: 0.0002, FD: 0.2150, Var: 0.0000, CStr: 0.421, Ctx: 2, Train: 94.16%, Valid: 92.87%, Test In: 92.90% Test OOD1: 78.79% 
Epoch: 62, Loss: 0.4889, Cls: 0.2157, Ind: 0.0014, Med: 0.0546, Spu: 0.0002, FD: 0.2171, Var: 0.0000, CStr: 0.420, Ctx: 2, Train: 94.30%, Valid: 92.96%, Test In: 93.01% Test OOD1: 78.91% 
Epoch: 63, Loss: 0.4793, Cls: 0.2114, Ind: 0.0014, Med: 0.0534, Spu: 0.0002, FD: 0.2130, Var: 0.0000, CStr: 0.420, Ctx: 2, Train: 94.39%, Valid: 93.03%, Test In: 93.21% Test OOD1: 77.82% 
Epoch: 64, Loss: 0.4674, Cls: 0.2061, Ind: 0.0013, Med: 0.0520, Spu: 0.0001, FD: 0.2078, Var: 0.0000, CStr: 0.419, Ctx: 2, Train: 94.36%, Valid: 92.99%, Test In: 93.22% Test OOD1: 78.92% 
Epoch: 65, Loss: 0.4716, Cls: 0.2080, Ind: 0.0013, Med: 0.0524, Spu: 0.0001, FD: 0.2097, Var: 0.0000, CStr: 0.419, Ctx: 2, Train: 94.41%, Valid: 92.99%, Test In: 93.09% Test OOD1: 80.18% 
Epoch: 66, Loss: 0.4738, Cls: 0.2090, Ind: 0.0013, Med: 0.0526, Spu: 0.0001, FD: 0.2108, Var: 0.0000, CStr: 0.418, Ctx: 2, Train: 94.68%, Valid: 93.14%, Test In: 93.27% Test OOD1: 78.74% 
Epoch: 67, Loss: 0.4630, Cls: 0.2043, Ind: 0.0012, Med: 0.0515, Spu: 0.0001, FD: 0.2058, Var: 0.0000, CStr: 0.418, Ctx: 2, Train: 94.68%, Valid: 93.16%, Test In: 93.26% Test OOD1: 78.72% 
Epoch: 68, Loss: 0.4604, Cls: 0.2031, Ind: 0.0012, Med: 0.0513, Spu: 0.0001, FD: 0.2046, Var: 0.0000, CStr: 0.418, Ctx: 2, Train: 94.54%, Valid: 93.10%, Test In: 93.16% Test OOD1: 80.36% 
Epoch: 69, Loss: 0.4528, Cls: 0.1998, Ind: 0.0012, Med: 0.0505, Spu: 0.0001, FD: 0.2011, Var: 0.0000, CStr: 0.417, Ctx: 2, Train: 94.69%, Valid: 93.14%, Test In: 93.29% Test OOD1: 79.69% 
Epoch: 70, Loss: 0.4498, Cls: 0.1985, Ind: 0.0011, Med: 0.0502, Spu: 0.0001, FD: 0.1998, Var: 0.0000, CStr: 0.417, Ctx: 2, Train: 94.89%, Valid: 93.29%, Test In: 93.43% Test OOD1: 78.57% 
Epoch: 71, Loss: 0.4540, Cls: 0.2004, Ind: 0.0012, Med: 0.0507, Spu: 0.0001, FD: 0.2016, Var: 0.0000, CStr: 0.417, Ctx: 2, Train: 94.66%, Valid: 93.14%, Test In: 93.18% Test OOD1: 80.48% 
Epoch: 72, Loss: 0.4519, Cls: 0.1995, Ind: 0.0011, Med: 0.0504, Spu: 0.0001, FD: 0.2008, Var: 0.0000, CStr: 0.416, Ctx: 2, Train: 94.95%, Valid: 93.31%, Test In: 93.36% Test OOD1: 79.52% 
Epoch: 73, Loss: 0.4433, Cls: 0.1956, Ind: 0.0011, Med: 0.0492, Spu: 0.0001, FD: 0.1973, Var: 0.0000, CStr: 0.416, Ctx: 2, Train: 95.04%, Valid: 93.37%, Test In: 93.45% Test OOD1: 78.97% 
Epoch: 74, Loss: 0.4405, Cls: 0.1945, Ind: 0.0011, Med: 0.0490, Spu: 0.0001, FD: 0.1959, Var: 0.0000, CStr: 0.416, Ctx: 2, Train: 94.96%, Valid: 93.33%, Test In: 93.42% Test OOD1: 80.37% 
Epoch: 75, Loss: 0.4445, Cls: 0.1963, Ind: 0.0010, Med: 0.0494, Spu: 0.0001, FD: 0.1978, Var: 0.0000, CStr: 0.415, Ctx: 2, Train: 95.10%, Valid: 93.35%, Test In: 93.43% Test OOD1: 80.04% 
Epoch: 76, Loss: 0.4384, Cls: 0.1936, Ind: 0.0010, Med: 0.0490, Spu: 0.0001, FD: 0.1947, Var: 0.0000, CStr: 0.415, Ctx: 2, Train: 95.21%, Valid: 93.47%, Test In: 93.54% Test OOD1: 79.34% 
Epoch: 77, Loss: 0.4272, Cls: 0.1886, Ind: 0.0010, Med: 0.0476, Spu: 0.0001, FD: 0.1899, Var: 0.0000, CStr: 0.415, Ctx: 2, Train: 95.22%, Valid: 93.50%, Test In: 93.47% Test OOD1: 80.31% 
Epoch: 78, Loss: 0.4279, Cls: 0.1888, Ind: 0.0009, Med: 0.0472, Spu: 0.0001, FD: 0.1908, Var: 0.0000, CStr: 0.414, Ctx: 2, Train: 95.19%, Valid: 93.37%, Test In: 93.43% Test OOD1: 80.76% 
Epoch: 79, Loss: 0.4245, Cls: 0.1874, Ind: 0.0010, Med: 0.0473, Spu: 0.0001, FD: 0.1888, Var: 0.0000, CStr: 0.414, Ctx: 2, Train: 95.39%, Valid: 93.60%, Test In: 93.55% Test OOD1: 79.55% 
Epoch: 80, Loss: 0.4258, Cls: 0.1880, Ind: 0.0009, Med: 0.0473, Spu: 0.0001, FD: 0.1895, Var: 0.0000, CStr: 0.414, Ctx: 2, Train: 95.28%, Valid: 93.35%, Test In: 93.46% Test OOD1: 80.65% 
Epoch: 81, Loss: 0.4248, Cls: 0.1876, Ind: 0.0009, Med: 0.0471, Spu: 0.0001, FD: 0.1892, Var: 0.0000, CStr: 0.414, Ctx: 2, Train: 95.37%, Valid: 93.45%, Test In: 93.57% Test OOD1: 80.30% 
Epoch: 82, Loss: 0.4130, Cls: 0.1823, Ind: 0.0009, Med: 0.0459, Spu: 0.0001, FD: 0.1838, Var: 0.0000, CStr: 0.413, Ctx: 2, Train: 95.51%, Valid: 93.68%, Test In: 93.66% Test OOD1: 79.60% 
Epoch: 83, Loss: 0.4181, Cls: 0.1847, Ind: 0.0008, Med: 0.0465, Spu: 0.0001, FD: 0.1861, Var: 0.0000, CStr: 0.413, Ctx: 2, Train: 95.62%, Valid: 93.52%, Test In: 93.54% Test OOD1: 80.45% 
Epoch: 84, Loss: 0.4124, Cls: 0.1821, Ind: 0.0008, Med: 0.0458, Spu: 0.0001, FD: 0.1836, Var: 0.0000, CStr: 0.413, Ctx: 2, Train: 95.67%, Valid: 93.60%, Test In: 93.65% Test OOD1: 80.88% 
Epoch: 85, Loss: 0.4187, Cls: 0.1849, Ind: 0.0008, Med: 0.0464, Spu: 0.0001, FD: 0.1866, Var: 0.0000, CStr: 0.413, Ctx: 2, Train: 95.78%, Valid: 93.77%, Test In: 93.79% Test OOD1: 80.10% 
Epoch: 86, Loss: 0.4083, Cls: 0.1803, Ind: 0.0008, Med: 0.0454, Spu: 0.0001, FD: 0.1817, Var: 0.0000, CStr: 0.412, Ctx: 2, Train: 95.74%, Valid: 93.61%, Test In: 93.73% Test OOD1: 80.62% 
Epoch: 87, Loss: 0.4063, Cls: 0.1795, Ind: 0.0008, Med: 0.0454, Spu: 0.0001, FD: 0.1806, Var: 0.0000, CStr: 0.412, Ctx: 2, Train: 95.88%, Valid: 93.78%, Test In: 93.80% Test OOD1: 79.81% 
Epoch: 88, Loss: 0.4062, Cls: 0.1796, Ind: 0.0008, Med: 0.0456, Spu: 0.0001, FD: 0.1802, Var: 0.0000, CStr: 0.412, Ctx: 2, Train: 95.84%, Valid: 93.66%, Test In: 93.72% Test OOD1: 80.75% 
Epoch: 89, Loss: 0.4052, Cls: 0.1790, Ind: 0.0008, Med: 0.0449, Spu: 0.0001, FD: 0.1805, Var: 0.0000, CStr: 0.412, Ctx: 2, Train: 96.00%, Valid: 93.81%, Test In: 93.84% Test OOD1: 80.14% 
Epoch: 90, Loss: 0.3912, Cls: 0.1728, Ind: 0.0007, Med: 0.0435, Spu: 0.0001, FD: 0.1741, Var: 0.0000, CStr: 0.412, Ctx: 2, Train: 96.03%, Valid: 93.79%, Test In: 93.83% Test OOD1: 80.71% 
Epoch: 91, Loss: 0.3948, Cls: 0.1744, Ind: 0.0007, Med: 0.0438, Spu: 0.0001, FD: 0.1759, Var: 0.0000, CStr: 0.412, Ctx: 2, Train: 96.05%, Valid: 93.81%, Test In: 93.95% Test OOD1: 80.49% 
Epoch: 92, Loss: 0.3894, Cls: 0.1720, Ind: 0.0008, Med: 0.0433, Spu: 0.0001, FD: 0.1733, Var: 0.0000, CStr: 0.411, Ctx: 2, Train: 96.16%, Valid: 93.89%, Test In: 94.04% Test OOD1: 79.84% 
Epoch: 93, Loss: 0.3918, Cls: 0.1731, Ind: 0.0007, Med: 0.0436, Spu: 0.0000, FD: 0.1744, Var: 0.0000, CStr: 0.411, Ctx: 2, Train: 96.20%, Valid: 93.85%, Test In: 93.90% Test OOD1: 80.42% 
Epoch: 94, Loss: 0.3803, Cls: 0.1680, Ind: 0.0007, Med: 0.0424, Spu: 0.0000, FD: 0.1692, Var: 0.0000, CStr: 0.411, Ctx: 2, Train: 96.13%, Valid: 93.77%, Test In: 93.81% Test OOD1: 81.20% 
Epoch: 95, Loss: 0.3787, Cls: 0.1673, Ind: 0.0007, Med: 0.0421, Spu: 0.0000, FD: 0.1686, Var: 0.0000, CStr: 0.411, Ctx: 2, Train: 96.31%, Valid: 93.95%, Test In: 94.12% Test OOD1: 80.42% 
Epoch: 96, Loss: 0.3805, Cls: 0.1680, Ind: 0.0007, Med: 0.0421, Spu: 0.0000, FD: 0.1697, Var: 0.0000, CStr: 0.411, Ctx: 2, Train: 96.45%, Valid: 94.04%, Test In: 94.06% Test OOD1: 80.76% 
Epoch: 97, Loss: 0.3754, Cls: 0.1658, Ind: 0.0007, Med: 0.0417, Spu: 0.0000, FD: 0.1672, Var: 0.0000, CStr: 0.411, Ctx: 2, Train: 96.51%, Valid: 94.16%, Test In: 94.23% Test OOD1: 80.31% 
Epoch: 98, Loss: 0.3704, Cls: 0.1636, Ind: 0.0006, Med: 0.0412, Spu: 0.0000, FD: 0.1649, Var: 0.0000, CStr: 0.410, Ctx: 2, Train: 96.41%, Valid: 94.02%, Test In: 94.08% Test OOD1: 80.63% 
Epoch: 99, Loss: 0.3719, Cls: 0.1643, Ind: 0.0006, Med: 0.0414, Spu: 0.0000, FD: 0.1655, Var: 0.0000, CStr: 0.410, Ctx: 2, Train: 96.70%, Valid: 94.20%, Test In: 94.21% Test OOD1: 79.51% 
Epoch: 100, Loss: 0.3627, Cls: 0.1602, Ind: 0.0006, Med: 0.0402, Spu: 0.0000, FD: 0.1616, Var: 0.0000, CStr: 0.410, Ctx: 2, Train: 96.39%, Valid: 94.00%, Test In: 93.81% Test OOD1: 82.01% 
Epoch: 101, Loss: 0.3718, Cls: 0.1643, Ind: 0.0006, Med: 0.0413, Spu: 0.0000, FD: 0.1656, Var: 0.0000, CStr: 0.410, Ctx: 2, Train: 96.64%, Valid: 94.16%, Test In: 94.18% Test OOD1: 78.57% 
Epoch: 102, Loss: 0.3740, Cls: 0.1654, Ind: 0.0006, Med: 0.0418, Spu: 0.0000, FD: 0.1661, Var: 0.0000, CStr: 0.410, Ctx: 2, Train: 96.20%, Valid: 93.82%, Test In: 93.72% Test OOD1: 82.76% 
Epoch: 103, Loss: 0.3857, Cls: 0.1704, Ind: 0.0006, Med: 0.0427, Spu: 0.0000, FD: 0.1719, Var: 0.0000, CStr: 0.410, Ctx: 2, Train: 96.77%, Valid: 94.20%, Test In: 94.18% Test OOD1: 79.52% 
Epoch: 104, Loss: 0.3665, Cls: 0.1620, Ind: 0.0005, Med: 0.0409, Spu: 0.0000, FD: 0.1630, Var: 0.0000, CStr: 0.410, Ctx: 2, Train: 96.72%, Valid: 94.12%, Test In: 94.20% Test OOD1: 81.16% 
Epoch: 105, Loss: 0.3628, Cls: 0.1603, Ind: 0.0005, Med: 0.0402, Spu: 0.0000, FD: 0.1616, Var: 0.0000, CStr: 0.409, Ctx: 2, Train: 96.88%, Valid: 94.31%, Test In: 94.23% Test OOD1: 81.58% 
Epoch: 106, Loss: 0.3552, Cls: 0.1570, Ind: 0.0005, Med: 0.0395, Spu: 0.0000, FD: 0.1581, Var: 0.0000, CStr: 0.409, Ctx: 2, Train: 97.07%, Valid: 94.45%, Test In: 94.58% Test OOD1: 80.32% 
Epoch: 107, Loss: 0.3527, Cls: 0.1559, Ind: 0.0005, Med: 0.0392, Spu: 0.0000, FD: 0.1571, Var: 0.0000, CStr: 0.409, Ctx: 2, Train: 96.70%, Valid: 94.12%, Test In: 94.06% Test OOD1: 82.20% 
Epoch: 108, Loss: 0.3488, Cls: 0.1541, Ind: 0.0005, Med: 0.0388, Spu: 0.0000, FD: 0.1553, Var: 0.0000, CStr: 0.409, Ctx: 2, Train: 97.17%, Valid: 94.52%, Test In: 94.60% Test OOD1: 80.84% 
Epoch: 109, Loss: 0.3511, Cls: 0.1552, Ind: 0.0005, Med: 0.0389, Spu: 0.0000, FD: 0.1564, Var: 0.0000, CStr: 0.409, Ctx: 2, Train: 97.24%, Valid: 94.59%, Test In: 94.65% Test OOD1: 80.00% 
Epoch: 110, Loss: 0.3546, Cls: 0.1567, Ind: 0.0005, Med: 0.0393, Spu: 0.0000, FD: 0.1580, Var: 0.0000, CStr: 0.409, Ctx: 2, Train: 96.65%, Valid: 94.03%, Test In: 93.92% Test OOD1: 83.55% 
Epoch: 111, Loss: 0.3515, Cls: 0.1554, Ind: 0.0005, Med: 0.0391, Spu: 0.0000, FD: 0.1565, Var: 0.0000, CStr: 0.409, Ctx: 2, Train: 97.20%, Valid: 94.54%, Test In: 94.60% Test OOD1: 80.23% 
Epoch: 112, Loss: 0.3461, Cls: 0.1530, Ind: 0.0005, Med: 0.0384, Spu: 0.0000, FD: 0.1542, Var: 0.0000, CStr: 0.409, Ctx: 2, Train: 97.37%, Valid: 94.71%, Test In: 94.69% Test OOD1: 81.22% 
Epoch: 113, Loss: 0.3383, Cls: 0.1496, Ind: 0.0005, Med: 0.0376, Spu: 0.0000, FD: 0.1506, Var: 0.0000, CStr: 0.409, Ctx: 2, Train: 97.03%, Valid: 94.34%, Test In: 94.13% Test OOD1: 84.04% 
Epoch: 114, Loss: 0.3387, Cls: 0.1497, Ind: 0.0005, Med: 0.0376, Spu: 0.0000, FD: 0.1508, Var: 0.0000, CStr: 0.409, Ctx: 2, Train: 97.09%, Valid: 94.30%, Test In: 94.33% Test OOD1: 80.51% 
Epoch: 115, Loss: 0.3444, Cls: 0.1522, Ind: 0.0005, Med: 0.0383, Spu: 0.0000, FD: 0.1533, Var: 0.0000, CStr: 0.409, Ctx: 2, Train: 97.44%, Valid: 94.77%, Test In: 94.66% Test OOD1: 82.49% 
Epoch: 116, Loss: 0.3318, Cls: 0.1467, Ind: 0.0004, Med: 0.0367, Spu: 0.0000, FD: 0.1480, Var: 0.0000, CStr: 0.409, Ctx: 2, Train: 97.28%, Valid: 94.56%, Test In: 94.46% Test OOD1: 83.48% 
Epoch: 117, Loss: 0.3361, Cls: 0.1486, Ind: 0.0005, Med: 0.0372, Spu: 0.0000, FD: 0.1499, Var: 0.0000, CStr: 0.409, Ctx: 2, Train: 97.34%, Valid: 94.54%, Test In: 94.62% Test OOD1: 81.73% 
Epoch: 118, Loss: 0.3348, Cls: 0.1480, Ind: 0.0005, Med: 0.0371, Spu: 0.0000, FD: 0.1492, Var: 0.0000, CStr: 0.410, Ctx: 2, Train: 97.61%, Valid: 94.87%, Test In: 94.81% Test OOD1: 82.80% 
Epoch: 119, Loss: 0.3302, Cls: 0.1459, Ind: 0.0004, Med: 0.0365, Spu: 0.0000, FD: 0.1473, Var: 0.0000, CStr: 0.410, Ctx: 2, Train: 97.67%, Valid: 94.91%, Test In: 94.81% Test OOD1: 82.43% 
Epoch: 120, Loss: 0.3307, Cls: 0.1462, Ind: 0.0005, Med: 0.0367, Spu: 0.0000, FD: 0.1473, Var: 0.0000, CStr: 0.410, Ctx: 2, Train: 97.30%, Valid: 94.37%, Test In: 94.47% Test OOD1: 82.44% 
Epoch: 121, Loss: 0.3297, Cls: 0.1458, Ind: 0.0004, Med: 0.0367, Spu: 0.0000, FD: 0.1468, Var: 0.0000, CStr: 0.410, Ctx: 2, Train: 97.49%, Valid: 94.71%, Test In: 94.52% Test OOD1: 83.22% 
Epoch: 122, Loss: 0.3233, Cls: 0.1430, Ind: 0.0004, Med: 0.0361, Spu: 0.0000, FD: 0.1438, Var: 0.0000, CStr: 0.410, Ctx: 2, Train: 97.64%, Valid: 94.82%, Test In: 94.82% Test OOD1: 81.72% 
Epoch: 123, Loss: 0.3263, Cls: 0.1443, Ind: 0.0004, Med: 0.0361, Spu: 0.0000, FD: 0.1455, Var: 0.0000, CStr: 0.411, Ctx: 2, Train: 97.71%, Valid: 94.79%, Test In: 94.87% Test OOD1: 82.72% 
Epoch: 124, Loss: 0.3078, Cls: 0.1361, Ind: 0.0004, Med: 0.0342, Spu: 0.0000, FD: 0.1371, Var: 0.0000, CStr: 0.411, Ctx: 2, Train: 97.59%, Valid: 94.60%, Test In: 94.60% Test OOD1: 83.52% 
Epoch: 125, Loss: 0.3175, Cls: 0.1404, Ind: 0.0004, Med: 0.0353, Spu: 0.0000, FD: 0.1414, Var: 0.0000, CStr: 0.411, Ctx: 2, Train: 97.88%, Valid: 95.01%, Test In: 94.99% Test OOD1: 82.60% 
Epoch: 126, Loss: 0.3159, Cls: 0.1396, Ind: 0.0004, Med: 0.0349, Spu: 0.0000, FD: 0.1409, Var: 0.0000, CStr: 0.412, Ctx: 2, Train: 97.93%, Valid: 95.02%, Test In: 95.02% Test OOD1: 82.52% 
Epoch: 127, Loss: 0.3190, Cls: 0.1410, Ind: 0.0004, Med: 0.0353, Spu: 0.0000, FD: 0.1422, Var: 0.0000, CStr: 0.412, Ctx: 2, Train: 97.66%, Valid: 94.63%, Test In: 94.61% Test OOD1: 83.64% 
Epoch: 128, Loss: 0.3173, Cls: 0.1403, Ind: 0.0004, Med: 0.0350, Spu: 0.0000, FD: 0.1416, Var: 0.0000, CStr: 0.412, Ctx: 2, Train: 97.92%, Valid: 94.95%, Test In: 95.02% Test OOD1: 83.12% 
Epoch: 129, Loss: 0.2986, Cls: 0.1321, Ind: 0.0004, Med: 0.0333, Spu: 0.0000, FD: 0.1328, Var: 0.0000, CStr: 0.413, Ctx: 2, Train: 97.95%, Valid: 95.05%, Test In: 95.08% Test OOD1: 83.30% 
Epoch: 130, Loss: 0.3132, Cls: 0.1385, Ind: 0.0004, Med: 0.0347, Spu: 0.0000, FD: 0.1396, Var: 0.0000, CStr: 0.413, Ctx: 2, Train: 97.93%, Valid: 94.93%, Test In: 94.87% Test OOD1: 84.24% 
Epoch: 131, Loss: 0.2918, Cls: 0.1290, Ind: 0.0004, Med: 0.0324, Spu: 0.0000, FD: 0.1301, Var: 0.0000, CStr: 0.414, Ctx: 2, Train: 97.94%, Valid: 94.96%, Test In: 94.87% Test OOD1: 83.74% 
Epoch: 132, Loss: 0.2957, Cls: 0.1308, Ind: 0.0004, Med: 0.0329, Spu: 0.0000, FD: 0.1317, Var: 0.0000, CStr: 0.414, Ctx: 2, Train: 98.06%, Valid: 95.02%, Test In: 94.89% Test OOD1: 84.53% 
Epoch: 133, Loss: 0.3038, Cls: 0.1344, Ind: 0.0004, Med: 0.0338, Spu: 0.0000, FD: 0.1352, Var: 0.0000, CStr: 0.415, Ctx: 2, Train: 98.18%, Valid: 95.19%, Test In: 95.06% Test OOD1: 82.90% 
Epoch: 134, Loss: 0.3049, Cls: 0.1349, Ind: 0.0003, Med: 0.0339, Spu: 0.0000, FD: 0.1358, Var: 0.0000, CStr: 0.415, Ctx: 2, Train: 98.04%, Valid: 94.84%, Test In: 94.83% Test OOD1: 84.68% 
Epoch: 135, Loss: 0.2953, Cls: 0.1305, Ind: 0.0004, Med: 0.0327, Spu: 0.0000, FD: 0.1316, Var: 0.0000, CStr: 0.416, Ctx: 2, Train: 98.25%, Valid: 95.25%, Test In: 95.12% Test OOD1: 83.64% 
Epoch: 136, Loss: 0.2938, Cls: 0.1299, Ind: 0.0003, Med: 0.0326, Spu: 0.0000, FD: 0.1310, Var: 0.0000, CStr: 0.417, Ctx: 2, Train: 98.22%, Valid: 95.23%, Test In: 95.21% Test OOD1: 84.34% 
Epoch: 137, Loss: 0.2941, Cls: 0.1300, Ind: 0.0004, Med: 0.0326, Spu: 0.0000, FD: 0.1311, Var: 0.0000, CStr: 0.417, Ctx: 2, Train: 98.17%, Valid: 95.16%, Test In: 95.19% Test OOD1: 84.13% 
Epoch: 138, Loss: 0.2872, Cls: 0.1270, Ind: 0.0003, Med: 0.0318, Spu: 0.0000, FD: 0.1280, Var: 0.0000, CStr: 0.418, Ctx: 2, Train: 98.12%, Valid: 95.22%, Test In: 95.12% Test OOD1: 84.26% 
Epoch: 139, Loss: 0.2821, Cls: 0.1247, Ind: 0.0003, Med: 0.0311, Spu: 0.0000, FD: 0.1259, Var: 0.0000, CStr: 0.418, Ctx: 2, Train: 98.26%, Valid: 95.29%, Test In: 95.20% Test OOD1: 83.48% 
Epoch: 140, Loss: 0.2893, Cls: 0.1279, Ind: 0.0003, Med: 0.0322, Spu: 0.0000, FD: 0.1288, Var: 0.0000, CStr: 0.419, Ctx: 2, Train: 98.18%, Valid: 95.23%, Test In: 95.07% Test OOD1: 84.44% 
Epoch: 141, Loss: 0.2886, Cls: 0.1277, Ind: 0.0003, Med: 0.0321, Spu: 0.0000, FD: 0.1286, Var: 0.0000, CStr: 0.420, Ctx: 2, Train: 98.21%, Valid: 95.11%, Test In: 95.05% Test OOD1: 83.95% 
Epoch: 142, Loss: 0.2844, Cls: 0.1258, Ind: 0.0003, Med: 0.0316, Spu: 0.0000, FD: 0.1267, Var: 0.0000, CStr: 0.420, Ctx: 2, Train: 98.42%, Valid: 95.48%, Test In: 95.30% Test OOD1: 84.30% 
Epoch: 143, Loss: 0.2833, Cls: 0.1253, Ind: 0.0003, Med: 0.0315, Spu: 0.0000, FD: 0.1262, Var: 0.0000, CStr: 0.421, Ctx: 2, Train: 98.43%, Valid: 95.36%, Test In: 95.37% Test OOD1: 85.03% 
Epoch: 144, Loss: 0.2802, Cls: 0.1239, Ind: 0.0003, Med: 0.0309, Spu: 0.0000, FD: 0.1250, Var: 0.0000, CStr: 0.422, Ctx: 2, Train: 98.36%, Valid: 95.26%, Test In: 95.31% Test OOD1: 84.65% 
Epoch: 145, Loss: 0.2764, Cls: 0.1223, Ind: 0.0003, Med: 0.0309, Spu: 0.0000, FD: 0.1229, Var: 0.0000, CStr: 0.422, Ctx: 2, Train: 98.50%, Valid: 95.37%, Test In: 95.35% Test OOD1: 84.62% 
Epoch: 146, Loss: 0.2777, Cls: 0.1228, Ind: 0.0003, Med: 0.0307, Spu: 0.0000, FD: 0.1239, Var: 0.0000, CStr: 0.423, Ctx: 2, Train: 98.53%, Valid: 95.39%, Test In: 95.33% Test OOD1: 84.73% 
Epoch: 147, Loss: 0.2716, Cls: 0.1201, Ind: 0.0003, Med: 0.0300, Spu: 0.0000, FD: 0.1212, Var: 0.0000, CStr: 0.424, Ctx: 2, Train: 98.39%, Valid: 95.16%, Test In: 95.25% Test OOD1: 84.41% 
Epoch: 148, Loss: 0.2806, Cls: 0.1241, Ind: 0.0003, Med: 0.0309, Spu: 0.0000, FD: 0.1253, Var: 0.0000, CStr: 0.425, Ctx: 2, Train: 98.50%, Valid: 95.46%, Test In: 95.29% Test OOD1: 85.58% 
Epoch: 149, Loss: 0.2814, Cls: 0.1245, Ind: 0.0003, Med: 0.0312, Spu: 0.0000, FD: 0.1254, Var: 0.0000, CStr: 0.425, Ctx: 2, Train: 98.57%, Valid: 95.42%, Test In: 95.37% Test OOD1: 82.16% 
Epoch: 150, Loss: 0.2861, Cls: 0.1266, Ind: 0.0003, Med: 0.0318, Spu: 0.0000, FD: 0.1274, Var: 0.0000, CStr: 0.426, Ctx: 2, Train: 98.02%, Valid: 94.66%, Test In: 94.64% Test OOD1: 87.45% 
Epoch: 151, Loss: 0.2952, Cls: 0.1306, Ind: 0.0003, Med: 0.0326, Spu: 0.0000, FD: 0.1316, Var: 0.0000, CStr: 0.426, Ctx: 2, Train: 98.45%, Valid: 95.39%, Test In: 95.42% Test OOD1: 82.59% 
Epoch: 152, Loss: 0.2808, Cls: 0.1242, Ind: 0.0003, Med: 0.0312, Spu: 0.0000, FD: 0.1251, Var: 0.0000, CStr: 0.427, Ctx: 2, Train: 98.62%, Valid: 95.54%, Test In: 95.36% Test OOD1: 84.99% 
Epoch: 153, Loss: 0.2676, Cls: 0.1184, Ind: 0.0003, Med: 0.0298, Spu: 0.0000, FD: 0.1191, Var: 0.0000, CStr: 0.428, Ctx: 2, Train: 98.63%, Valid: 95.51%, Test In: 95.45% Test OOD1: 85.10% 
Epoch: 154, Loss: 0.2601, Cls: 0.1150, Ind: 0.0003, Med: 0.0287, Spu: 0.0000, FD: 0.1161, Var: 0.0000, CStr: 0.428, Ctx: 2, Train: 98.53%, Valid: 95.44%, Test In: 95.58% Test OOD1: 83.19% 
Epoch: 155, Loss: 0.2702, Cls: 0.1195, Ind: 0.0003, Med: 0.0299, Spu: 0.0000, FD: 0.1204, Var: 0.0000, CStr: 0.429, Ctx: 2, Train: 98.71%, Valid: 95.68%, Test In: 95.42% Test OOD1: 85.03% 
Epoch: 156, Loss: 0.2692, Cls: 0.1191, Ind: 0.0002, Med: 0.0298, Spu: 0.0000, FD: 0.1201, Var: 0.0000, CStr: 0.429, Ctx: 2, Train: 98.80%, Valid: 95.58%, Test In: 95.56% Test OOD1: 84.75% 
Epoch: 157, Loss: 0.2523, Cls: 0.1116, Ind: 0.0003, Med: 0.0279, Spu: 0.0000, FD: 0.1125, Var: 0.0000, CStr: 0.430, Ctx: 2, Train: 98.78%, Valid: 95.62%, Test In: 95.56% Test OOD1: 84.75% 
Epoch: 158, Loss: 0.2540, Cls: 0.1124, Ind: 0.0003, Med: 0.0282, Spu: 0.0000, FD: 0.1131, Var: 0.0000, CStr: 0.431, Ctx: 2, Train: 98.87%, Valid: 95.77%, Test In: 95.65% Test OOD1: 85.13% 
Epoch: 159, Loss: 0.2538, Cls: 0.1122, Ind: 0.0003, Med: 0.0281, Spu: 0.0000, FD: 0.1132, Var: 0.0000, CStr: 0.431, Ctx: 2, Train: 98.87%, Valid: 95.71%, Test In: 95.53% Test OOD1: 85.12% 
Epoch: 160, Loss: 0.2508, Cls: 0.1109, Ind: 0.0003, Med: 0.0278, Spu: 0.0000, FD: 0.1118, Var: 0.0000, CStr: 0.432, Ctx: 2, Train: 98.84%, Valid: 95.63%, Test In: 95.62% Test OOD1: 84.49% 
Epoch: 161, Loss: 0.2530, Cls: 0.1119, Ind: 0.0002, Med: 0.0282, Spu: 0.0000, FD: 0.1126, Var: 0.0000, CStr: 0.432, Ctx: 2, Train: 98.97%, Valid: 95.73%, Test In: 95.48% Test OOD1: 85.07% 
Epoch: 162, Loss: 0.2568, Cls: 0.1136, Ind: 0.0003, Med: 0.0285, Spu: 0.0000, FD: 0.1145, Var: 0.0000, CStr: 0.433, Ctx: 2, Train: 98.93%, Valid: 95.71%, Test In: 95.68% Test OOD1: 83.68% 
Epoch: 163, Loss: 0.2479, Cls: 0.1097, Ind: 0.0003, Med: 0.0274, Spu: 0.0000, FD: 0.1106, Var: 0.0000, CStr: 0.433, Ctx: 2, Train: 98.93%, Valid: 95.77%, Test In: 95.35% Test OOD1: 86.00% 
Epoch: 164, Loss: 0.2424, Cls: 0.1072, Ind: 0.0003, Med: 0.0269, Spu: 0.0000, FD: 0.1080, Var: 0.0000, CStr: 0.434, Ctx: 2, Train: 99.03%, Valid: 95.90%, Test In: 95.54% Test OOD1: 84.86% 
Epoch: 165, Loss: 0.2460, Cls: 0.1088, Ind: 0.0002, Med: 0.0272, Spu: 0.0000, FD: 0.1097, Var: 0.0000, CStr: 0.434, Ctx: 2, Train: 98.97%, Valid: 95.92%, Test In: 95.58% Test OOD1: 85.49% 
Epoch: 166, Loss: 0.2352, Cls: 0.1040, Ind: 0.0003, Med: 0.0261, Spu: 0.0000, FD: 0.1048, Var: 0.0000, CStr: 0.434, Ctx: 2, Train: 99.01%, Valid: 95.83%, Test In: 95.54% Test OOD1: 86.15% 
Epoch: 167, Loss: 0.2350, Cls: 0.1039, Ind: 0.0002, Med: 0.0260, Spu: 0.0000, FD: 0.1049, Var: 0.0000, CStr: 0.435, Ctx: 2, Train: 98.98%, Valid: 95.82%, Test In: 95.67% Test OOD1: 84.93% 
Epoch: 168, Loss: 0.2397, Cls: 0.1060, Ind: 0.0002, Med: 0.0265, Spu: 0.0000, FD: 0.1069, Var: 0.0000, CStr: 0.435, Ctx: 2, Train: 98.91%, Valid: 95.73%, Test In: 95.41% Test OOD1: 87.46% 
Epoch: 169, Loss: 0.2494, Cls: 0.1103, Ind: 0.0003, Med: 0.0275, Spu: 0.0000, FD: 0.1113, Var: 0.0000, CStr: 0.436, Ctx: 2, Train: 99.13%, Valid: 95.90%, Test In: 95.66% Test OOD1: 84.60% 
Epoch: 170, Loss: 0.2450, Cls: 0.1084, Ind: 0.0002, Med: 0.0272, Spu: 0.0000, FD: 0.1092, Var: 0.0000, CStr: 0.436, Ctx: 2, Train: 99.18%, Valid: 95.90%, Test In: 95.68% Test OOD1: 87.08% 
Epoch: 171, Loss: 0.2400, Cls: 0.1062, Ind: 0.0002, Med: 0.0266, Spu: 0.0000, FD: 0.1070, Var: 0.0000, CStr: 0.436, Ctx: 2, Train: 99.26%, Valid: 95.87%, Test In: 95.62% Test OOD1: 87.44% 
Epoch: 172, Loss: 0.2423, Cls: 0.1072, Ind: 0.0002, Med: 0.0268, Spu: 0.0000, FD: 0.1080, Var: 0.0000, CStr: 0.437, Ctx: 2, Train: 99.17%, Valid: 95.88%, Test In: 95.80% Test OOD1: 85.24% 
Epoch: 173, Loss: 0.2429, Cls: 0.1075, Ind: 0.0002, Med: 0.0269, Spu: 0.0000, FD: 0.1083, Var: 0.0000, CStr: 0.437, Ctx: 2, Train: 99.09%, Valid: 95.69%, Test In: 95.52% Test OOD1: 87.95% 
Epoch: 174, Loss: 0.2495, Cls: 0.1103, Ind: 0.0003, Med: 0.0274, Spu: 0.0000, FD: 0.1115, Var: 0.0000, CStr: 0.437, Ctx: 2, Train: 99.23%, Valid: 96.06%, Test In: 95.84% Test OOD1: 85.18% 
Epoch: 175, Loss: 0.2318, Cls: 0.1025, Ind: 0.0003, Med: 0.0258, Spu: 0.0000, FD: 0.1032, Var: 0.0000, CStr: 0.437, Ctx: 2, Train: 99.25%, Valid: 96.04%, Test In: 95.83% Test OOD1: 85.81% 
Epoch: 176, Loss: 0.2331, Cls: 0.1031, Ind: 0.0002, Med: 0.0257, Spu: 0.0000, FD: 0.1040, Var: 0.0000, CStr: 0.438, Ctx: 2, Train: 99.17%, Valid: 95.96%, Test In: 95.69% Test OOD1: 86.61% 
Epoch: 177, Loss: 0.2394, Cls: 0.1058, Ind: 0.0003, Med: 0.0263, Spu: 0.0000, FD: 0.1070, Var: 0.0000, CStr: 0.438, Ctx: 2, Train: 99.19%, Valid: 96.13%, Test In: 95.96% Test OOD1: 84.03% 
Epoch: 178, Loss: 0.2294, Cls: 0.1014, Ind: 0.0002, Med: 0.0254, Spu: 0.0000, FD: 0.1022, Var: 0.0000, CStr: 0.438, Ctx: 2, Train: 99.20%, Valid: 95.95%, Test In: 95.66% Test OOD1: 87.32% 
Epoch: 179, Loss: 0.2408, Cls: 0.1065, Ind: 0.0002, Med: 0.0266, Spu: 0.0000, FD: 0.1075, Var: 0.0000, CStr: 0.439, Ctx: 2, Train: 99.22%, Valid: 96.12%, Test In: 95.88% Test OOD1: 85.18% 
Epoch: 180, Loss: 0.2300, Cls: 0.1018, Ind: 0.0002, Med: 0.0256, Spu: 0.0000, FD: 0.1024, Var: 0.0000, CStr: 0.439, Ctx: 2, Train: 99.32%, Valid: 96.03%, Test In: 95.90% Test OOD1: 86.69% 
Epoch: 181, Loss: 0.2227, Cls: 0.0985, Ind: 0.0002, Med: 0.0246, Spu: 0.0000, FD: 0.0993, Var: 0.0000, CStr: 0.439, Ctx: 2, Train: 99.33%, Valid: 96.06%, Test In: 95.84% Test OOD1: 87.52% 
Epoch: 182, Loss: 0.2244, Cls: 0.0992, Ind: 0.0002, Med: 0.0248, Spu: 0.0000, FD: 0.1002, Var: 0.0000, CStr: 0.440, Ctx: 2, Train: 99.28%, Valid: 96.10%, Test In: 95.95% Test OOD1: 85.34% 
Epoch: 183, Loss: 0.2308, Cls: 0.1022, Ind: 0.0003, Med: 0.0257, Spu: 0.0000, FD: 0.1027, Var: 0.0000, CStr: 0.440, Ctx: 2, Train: 99.20%, Valid: 95.98%, Test In: 95.75% Test OOD1: 88.26% 
Epoch: 184, Loss: 0.2325, Cls: 0.1028, Ind: 0.0003, Med: 0.0256, Spu: 0.0000, FD: 0.1038, Var: 0.0000, CStr: 0.440, Ctx: 2, Train: 99.39%, Valid: 96.23%, Test In: 96.01% Test OOD1: 85.68% 
Epoch: 185, Loss: 0.2263, Cls: 0.1001, Ind: 0.0003, Med: 0.0251, Spu: 0.0000, FD: 0.1008, Var: 0.0000, CStr: 0.440, Ctx: 2, Train: 99.35%, Valid: 96.27%, Test In: 96.10% Test OOD1: 84.50% 
Epoch: 186, Loss: 0.2305, Cls: 0.1020, Ind: 0.0002, Med: 0.0255, Spu: 0.0000, FD: 0.1027, Var: 0.0000, CStr: 0.441, Ctx: 2, Train: 99.09%, Valid: 95.77%, Test In: 95.60% Test OOD1: 88.52% 
Epoch: 187, Loss: 0.2418, Cls: 0.1070, Ind: 0.0002, Med: 0.0267, Spu: 0.0000, FD: 0.1078, Var: 0.0000, CStr: 0.441, Ctx: 2, Train: 99.34%, Valid: 96.32%, Test In: 96.09% Test OOD1: 84.14% 
Epoch: 188, Loss: 0.2349, Cls: 0.1039, Ind: 0.0002, Med: 0.0261, Spu: 0.0000, FD: 0.1046, Var: 0.0000, CStr: 0.441, Ctx: 2, Train: 99.43%, Valid: 96.21%, Test In: 96.21% Test OOD1: 85.76% 
Epoch: 189, Loss: 0.2194, Cls: 0.0970, Ind: 0.0002, Med: 0.0243, Spu: 0.0000, FD: 0.0979, Var: 0.0000, CStr: 0.441, Ctx: 2, Train: 99.31%, Valid: 95.92%, Test In: 95.97% Test OOD1: 87.23% 
Epoch: 190, Loss: 0.2253, Cls: 0.0996, Ind: 0.0003, Med: 0.0249, Spu: 0.0000, FD: 0.1005, Var: 0.0000, CStr: 0.442, Ctx: 2, Train: 99.33%, Valid: 96.13%, Test In: 96.09% Test OOD1: 85.53% 
Epoch: 191, Loss: 0.2173, Cls: 0.0961, Ind: 0.0002, Med: 0.0241, Spu: 0.0000, FD: 0.0969, Var: 0.0000, CStr: 0.442, Ctx: 2, Train: 99.46%, Valid: 96.22%, Test In: 96.25% Test OOD1: 85.53% 
Epoch: 192, Loss: 0.2284, Cls: 0.1010, Ind: 0.0002, Med: 0.0252, Spu: 0.0000, FD: 0.1019, Var: 0.0000, CStr: 0.442, Ctx: 2, Train: 99.32%, Valid: 96.15%, Test In: 96.00% Test OOD1: 87.37% 
Epoch: 193, Loss: 0.2190, Cls: 0.0968, Ind: 0.0002, Med: 0.0242, Spu: 0.0000, FD: 0.0977, Var: 0.0000, CStr: 0.442, Ctx: 2, Train: 99.41%, Valid: 96.27%, Test In: 96.18% Test OOD1: 86.18% 
Epoch: 194, Loss: 0.2107, Cls: 0.0932, Ind: 0.0002, Med: 0.0234, Spu: 0.0000, FD: 0.0939, Var: 0.0000, CStr: 0.443, Ctx: 2, Train: 99.48%, Valid: 96.21%, Test In: 96.17% Test OOD1: 86.51% 
Epoch: 195, Loss: 0.2192, Cls: 0.0969, Ind: 0.0002, Med: 0.0241, Spu: 0.0000, FD: 0.0979, Var: 0.0000, CStr: 0.443, Ctx: 2, Train: 99.36%, Valid: 96.01%, Test In: 96.06% Test OOD1: 87.57% 
Epoch: 196, Loss: 0.2204, Cls: 0.0975, Ind: 0.0002, Med: 0.0243, Spu: 0.0000, FD: 0.0984, Var: 0.0000, CStr: 0.443, Ctx: 2, Train: 99.48%, Valid: 96.38%, Test In: 96.35% Test OOD1: 85.91% 
Epoch: 197, Loss: 0.2159, Cls: 0.0955, Ind: 0.0002, Med: 0.0238, Spu: 0.0000, FD: 0.0964, Var: 0.0000, CStr: 0.443, Ctx: 2, Train: 99.47%, Valid: 96.31%, Test In: 96.37% Test OOD1: 86.84% 
Epoch: 198, Loss: 0.2134, Cls: 0.0944, Ind: 0.0002, Med: 0.0236, Spu: 0.0000, FD: 0.0952, Var: 0.0000, CStr: 0.444, Ctx: 2, Train: 99.34%, Valid: 96.04%, Test In: 96.11% Test OOD1: 88.08% 
Epoch: 199, Loss: 0.2127, Cls: 0.0941, Ind: 0.0002, Med: 0.0236, Spu: 0.0000, FD: 0.0947, Var: 0.0000, CStr: 0.444, Ctx: 2, Train: 99.53%, Valid: 96.36%, Test In: 96.23% Test OOD1: 86.84% 
Epoch: 200, Loss: 0.2142, Cls: 0.0948, Ind: 0.0002, Med: 0.0237, Spu: 0.0000, FD: 0.0955, Var: 0.0000, CStr: 0.444, Ctx: 2, Train: 99.57%, Valid: 96.40%, Test In: 96.21% Test OOD1: 86.45% 
Epoch: 201, Loss: 0.1981, Cls: 0.0876, Ind: 0.0002, Med: 0.0218, Spu: 0.0000, FD: 0.0885, Var: 0.0000, CStr: 0.445, Ctx: 2, Train: 99.47%, Valid: 96.27%, Test In: 96.14% Test OOD1: 87.04% 
Epoch: 202, Loss: 0.2138, Cls: 0.0946, Ind: 0.0002, Med: 0.0237, Spu: 0.0000, FD: 0.0953, Var: 0.0000, CStr: 0.445, Ctx: 2, Train: 99.55%, Valid: 96.36%, Test In: 96.30% Test OOD1: 87.03% 
Epoch: 203, Loss: 0.2141, Cls: 0.0947, Ind: 0.0002, Med: 0.0237, Spu: 0.0000, FD: 0.0955, Var: 0.0000, CStr: 0.445, Ctx: 2, Train: 99.56%, Valid: 96.46%, Test In: 96.44% Test OOD1: 86.18% 
Epoch: 204, Loss: 0.2090, Cls: 0.0925, Ind: 0.0002, Med: 0.0231, Spu: 0.0000, FD: 0.0932, Var: 0.0000, CStr: 0.445, Ctx: 2, Train: 99.49%, Valid: 96.25%, Test In: 96.31% Test OOD1: 87.35% 
Epoch: 205, Loss: 0.2059, Cls: 0.0911, Ind: 0.0002, Med: 0.0229, Spu: 0.0000, FD: 0.0917, Var: 0.0000, CStr: 0.445, Ctx: 2, Train: 99.56%, Valid: 96.40%, Test In: 96.33% Test OOD1: 86.73% 
Epoch: 206, Loss: 0.1968, Cls: 0.0870, Ind: 0.0002, Med: 0.0217, Spu: 0.0000, FD: 0.0879, Var: 0.0000, CStr: 0.446, Ctx: 2, Train: 99.56%, Valid: 96.33%, Test In: 96.35% Test OOD1: 86.50% 
Epoch: 207, Loss: 0.2031, Cls: 0.0899, Ind: 0.0002, Med: 0.0225, Spu: 0.0000, FD: 0.0906, Var: 0.0000, CStr: 0.446, Ctx: 2, Train: 99.48%, Valid: 96.24%, Test In: 96.21% Test OOD1: 87.18% 
Epoch: 208, Loss: 0.2084, Cls: 0.0922, Ind: 0.0002, Med: 0.0230, Spu: 0.0000, FD: 0.0930, Var: 0.0000, CStr: 0.446, Ctx: 2, Train: 99.59%, Valid: 96.37%, Test In: 96.38% Test OOD1: 86.89% 
Epoch: 209, Loss: 0.2068, Cls: 0.0915, Ind: 0.0002, Med: 0.0229, Spu: 0.0000, FD: 0.0922, Var: 0.0000, CStr: 0.446, Ctx: 2, Train: 99.61%, Valid: 96.45%, Test In: 96.31% Test OOD1: 86.43% 
Epoch: 210, Loss: 0.2057, Cls: 0.0910, Ind: 0.0002, Med: 0.0227, Spu: 0.0000, FD: 0.0917, Var: 0.0000, CStr: 0.446, Ctx: 2, Train: 99.50%, Valid: 96.27%, Test In: 96.24% Test OOD1: 87.18% 
Epoch: 211, Loss: 0.2017, Cls: 0.0892, Ind: 0.0002, Med: 0.0224, Spu: 0.0000, FD: 0.0899, Var: 0.0000, CStr: 0.447, Ctx: 2, Train: 99.62%, Valid: 96.48%, Test In: 96.44% Test OOD1: 86.96% 
Epoch: 212, Loss: 0.2023, Cls: 0.0895, Ind: 0.0002, Med: 0.0224, Spu: 0.0000, FD: 0.0902, Var: 0.0000, CStr: 0.447, Ctx: 2, Train: 99.59%, Valid: 96.42%, Test In: 96.44% Test OOD1: 87.73% 
Epoch: 213, Loss: 0.1996, Cls: 0.0883, Ind: 0.0002, Med: 0.0220, Spu: 0.0000, FD: 0.0890, Var: 0.0000, CStr: 0.447, Ctx: 2, Train: 99.49%, Valid: 96.31%, Test In: 96.41% Test OOD1: 87.46% 
Epoch: 214, Loss: 0.2033, Cls: 0.0900, Ind: 0.0002, Med: 0.0226, Spu: 0.0000, FD: 0.0906, Var: 0.0000, CStr: 0.447, Ctx: 2, Train: 99.56%, Valid: 96.38%, Test In: 96.44% Test OOD1: 88.48% 
Epoch: 215, Loss: 0.2034, Cls: 0.0900, Ind: 0.0002, Med: 0.0225, Spu: 0.0000, FD: 0.0907, Var: 0.0000, CStr: 0.447, Ctx: 2, Train: 99.55%, Valid: 96.46%, Test In: 96.50% Test OOD1: 86.64% 
Epoch: 216, Loss: 0.2078, Cls: 0.0920, Ind: 0.0002, Med: 0.0231, Spu: 0.0000, FD: 0.0925, Var: 0.0000, CStr: 0.448, Ctx: 2, Train: 99.60%, Valid: 96.38%, Test In: 96.52% Test OOD1: 88.15% 
Epoch: 217, Loss: 0.2033, Cls: 0.0899, Ind: 0.0002, Med: 0.0225, Spu: 0.0000, FD: 0.0906, Var: 0.0000, CStr: 0.448, Ctx: 2, Train: 99.58%, Valid: 96.67%, Test In: 96.54% Test OOD1: 86.05% 
Epoch: 218, Loss: 0.1968, Cls: 0.0871, Ind: 0.0002, Med: 0.0219, Spu: 0.0000, FD: 0.0875, Var: 0.0000, CStr: 0.448, Ctx: 2, Train: 99.55%, Valid: 96.49%, Test In: 96.48% Test OOD1: 87.11% 
Epoch: 219, Loss: 0.1925, Cls: 0.0852, Ind: 0.0002, Med: 0.0213, Spu: 0.0000, FD: 0.0858, Var: 0.0000, CStr: 0.448, Ctx: 2, Train: 99.49%, Valid: 96.36%, Test In: 96.29% Test OOD1: 87.52% 
Epoch: 220, Loss: 0.1932, Cls: 0.0855, Ind: 0.0002, Med: 0.0213, Spu: 0.0000, FD: 0.0862, Var: 0.0000, CStr: 0.448, Ctx: 2, Train: 99.57%, Valid: 96.50%, Test In: 96.46% Test OOD1: 86.70% 
Epoch: 221, Loss: 0.1999, Cls: 0.0884, Ind: 0.0002, Med: 0.0220, Spu: 0.0000, FD: 0.0892, Var: 0.0000, CStr: 0.448, Ctx: 2, Train: 99.64%, Valid: 96.52%, Test In: 96.46% Test OOD1: 87.48% 
Epoch: 222, Loss: 0.1925, Cls: 0.0851, Ind: 0.0002, Med: 0.0212, Spu: 0.0000, FD: 0.0860, Var: 0.0000, CStr: 0.448, Ctx: 2, Train: 99.59%, Valid: 96.47%, Test In: 96.42% Test OOD1: 88.17% 
Epoch: 223, Loss: 0.1898, Cls: 0.0840, Ind: 0.0002, Med: 0.0211, Spu: 0.0000, FD: 0.0845, Var: 0.0000, CStr: 0.449, Ctx: 2, Train: 99.63%, Valid: 96.73%, Test In: 96.53% Test OOD1: 87.16% 
Epoch: 224, Loss: 0.1860, Cls: 0.0822, Ind: 0.0002, Med: 0.0204, Spu: 0.0000, FD: 0.0832, Var: 0.0000, CStr: 0.449, Ctx: 2, Train: 99.67%, Valid: 96.67%, Test In: 96.51% Test OOD1: 88.00% 
Epoch: 225, Loss: 0.1853, Cls: 0.0820, Ind: 0.0002, Med: 0.0205, Spu: 0.0000, FD: 0.0826, Var: 0.0000, CStr: 0.449, Ctx: 2, Train: 99.69%, Valid: 96.69%, Test In: 96.53% Test OOD1: 87.01% 
Epoch: 226, Loss: 0.1857, Cls: 0.0822, Ind: 0.0002, Med: 0.0206, Spu: 0.0000, FD: 0.0827, Var: 0.0000, CStr: 0.449, Ctx: 2, Train: 99.65%, Valid: 96.68%, Test In: 96.56% Test OOD1: 86.96% 
Epoch: 227, Loss: 0.1803, Cls: 0.0798, Ind: 0.0002, Med: 0.0199, Spu: 0.0000, FD: 0.0804, Var: 0.0000, CStr: 0.449, Ctx: 2, Train: 99.68%, Valid: 96.59%, Test In: 96.59% Test OOD1: 88.17% 
Epoch: 228, Loss: 0.1910, Cls: 0.0845, Ind: 0.0002, Med: 0.0212, Spu: 0.0000, FD: 0.0851, Var: 0.0000, CStr: 0.449, Ctx: 2, Train: 99.70%, Valid: 96.79%, Test In: 96.73% Test OOD1: 86.59% 
Epoch: 229, Loss: 0.1875, Cls: 0.0830, Ind: 0.0002, Med: 0.0208, Spu: 0.0000, FD: 0.0835, Var: 0.0000, CStr: 0.449, Ctx: 2, Train: 99.71%, Valid: 96.65%, Test In: 96.60% Test OOD1: 88.38% 
Epoch: 230, Loss: 0.1919, Cls: 0.0849, Ind: 0.0002, Med: 0.0212, Spu: 0.0000, FD: 0.0856, Var: 0.0000, CStr: 0.449, Ctx: 2, Train: 99.71%, Valid: 96.65%, Test In: 96.52% Test OOD1: 88.96% 
Epoch: 231, Loss: 0.1935, Cls: 0.0856, Ind: 0.0002, Med: 0.0213, Spu: 0.0000, FD: 0.0864, Var: 0.0000, CStr: 0.450, Ctx: 2, Train: 99.72%, Valid: 96.81%, Test In: 96.76% Test OOD1: 86.82% 
Epoch: 232, Loss: 0.1966, Cls: 0.0870, Ind: 0.0002, Med: 0.0217, Spu: 0.0000, FD: 0.0876, Var: 0.0000, CStr: 0.450, Ctx: 2, Train: 99.67%, Valid: 96.47%, Test In: 96.44% Test OOD1: 89.47% 
Epoch: 233, Loss: 0.1917, Cls: 0.0848, Ind: 0.0002, Med: 0.0212, Spu: 0.0000, FD: 0.0855, Var: 0.0000, CStr: 0.450, Ctx: 2, Train: 99.73%, Valid: 96.88%, Test In: 96.66% Test OOD1: 87.34% 
Epoch: 234, Loss: 0.1915, Cls: 0.0847, Ind: 0.0002, Med: 0.0212, Spu: 0.0000, FD: 0.0854, Var: 0.0000, CStr: 0.450, Ctx: 2, Train: 99.74%, Valid: 96.86%, Test In: 96.71% Test OOD1: 86.27% 
Epoch: 235, Loss: 0.1858, Cls: 0.0822, Ind: 0.0002, Med: 0.0205, Spu: 0.0000, FD: 0.0829, Var: 0.0000, CStr: 0.450, Ctx: 2, Train: 99.69%, Valid: 96.53%, Test In: 96.54% Test OOD1: 88.59% 
Epoch: 236, Loss: 0.1971, Cls: 0.0872, Ind: 0.0002, Med: 0.0217, Spu: 0.0000, FD: 0.0880, Var: 0.0000, CStr: 0.450, Ctx: 2, Train: 99.73%, Valid: 96.81%, Test In: 96.71% Test OOD1: 87.19% 
Epoch: 237, Loss: 0.1851, Cls: 0.0819, Ind: 0.0002, Med: 0.0204, Spu: 0.0000, FD: 0.0827, Var: 0.0000, CStr: 0.450, Ctx: 2, Train: 99.75%, Valid: 96.81%, Test In: 96.79% Test OOD1: 88.51% 
Epoch: 238, Loss: 0.1806, Cls: 0.0799, Ind: 0.0002, Med: 0.0199, Spu: 0.0000, FD: 0.0806, Var: 0.0000, CStr: 0.450, Ctx: 2, Train: 99.73%, Valid: 96.69%, Test In: 96.81% Test OOD1: 89.24% 
Epoch: 239, Loss: 0.1821, Cls: 0.0806, Ind: 0.0002, Med: 0.0201, Spu: 0.0000, FD: 0.0813, Var: 0.0000, CStr: 0.451, Ctx: 2, Train: 99.68%, Valid: 96.92%, Test In: 96.77% Test OOD1: 87.29% 
Epoch: 240, Loss: 0.1870, Cls: 0.0828, Ind: 0.0002, Med: 0.0207, Spu: 0.0000, FD: 0.0834, Var: 0.0000, CStr: 0.451, Ctx: 2, Train: 99.74%, Valid: 96.75%, Test In: 96.84% Test OOD1: 89.00% 
Epoch: 241, Loss: 0.1835, Cls: 0.0812, Ind: 0.0002, Med: 0.0203, Spu: 0.0000, FD: 0.0818, Var: 0.0000, CStr: 0.451, Ctx: 2, Train: 99.70%, Valid: 96.77%, Test In: 96.75% Test OOD1: 87.29% 
Epoch: 242, Loss: 0.1815, Cls: 0.0803, Ind: 0.0002, Med: 0.0200, Spu: 0.0000, FD: 0.0810, Var: 0.0000, CStr: 0.451, Ctx: 2, Train: 99.73%, Valid: 96.67%, Test In: 96.64% Test OOD1: 89.47% 
Epoch: 243, Loss: 0.1919, Cls: 0.0849, Ind: 0.0002, Med: 0.0213, Spu: 0.0000, FD: 0.0855, Var: 0.0000, CStr: 0.451, Ctx: 2, Train: 99.72%, Valid: 96.96%, Test In: 96.81% Test OOD1: 86.10% 
Epoch: 244, Loss: 0.1794, Cls: 0.0793, Ind: 0.0002, Med: 0.0198, Spu: 0.0000, FD: 0.0800, Var: 0.0000, CStr: 0.451, Ctx: 2, Train: 99.69%, Valid: 96.59%, Test In: 96.60% Test OOD1: 89.01% 
Epoch: 245, Loss: 0.1895, Cls: 0.0839, Ind: 0.0002, Med: 0.0210, Spu: 0.0000, FD: 0.0844, Var: 0.0000, CStr: 0.452, Ctx: 2, Train: 99.75%, Valid: 96.88%, Test In: 96.78% Test OOD1: 87.76% 
Epoch: 246, Loss: 0.1813, Cls: 0.0802, Ind: 0.0002, Med: 0.0201, Spu: 0.0000, FD: 0.0808, Var: 0.0000, CStr: 0.452, Ctx: 2, Train: 99.76%, Valid: 96.94%, Test In: 96.78% Test OOD1: 86.43% 
Epoch: 247, Loss: 0.1908, Cls: 0.0844, Ind: 0.0002, Med: 0.0211, Spu: 0.0000, FD: 0.0851, Var: 0.0000, CStr: 0.452, Ctx: 2, Train: 99.65%, Valid: 96.50%, Test In: 96.47% Test OOD1: 89.49% 
Epoch: 248, Loss: 0.1877, Cls: 0.0831, Ind: 0.0002, Med: 0.0207, Spu: 0.0000, FD: 0.0838, Var: 0.0000, CStr: 0.452, Ctx: 2, Train: 99.68%, Valid: 96.77%, Test In: 96.75% Test OOD1: 86.52% 
Epoch: 249, Loss: 0.1845, Cls: 0.0816, Ind: 0.0002, Med: 0.0204, Spu: 0.0000, FD: 0.0822, Var: 0.0000, CStr: 0.452, Ctx: 2, Train: 99.82%, Valid: 96.98%, Test In: 96.84% Test OOD1: 87.68% 
Epoch: 250, Loss: 0.1901, Cls: 0.0841, Ind: 0.0002, Med: 0.0209, Spu: 0.0000, FD: 0.0848, Var: 0.0000, CStr: 0.452, Ctx: 2, Train: 99.73%, Valid: 96.80%, Test In: 96.67% Test OOD1: 89.22% 
Epoch: 251, Loss: 0.1815, Cls: 0.0803, Ind: 0.0002, Med: 0.0201, Spu: 0.0000, FD: 0.0808, Var: 0.0000, CStr: 0.452, Ctx: 2, Train: 99.72%, Valid: 96.88%, Test In: 96.83% Test OOD1: 86.86% 
Epoch: 252, Loss: 0.1891, Cls: 0.0836, Ind: 0.0002, Med: 0.0208, Spu: 0.0000, FD: 0.0844, Var: 0.0000, CStr: 0.452, Ctx: 2, Train: 99.81%, Valid: 96.97%, Test In: 96.89% Test OOD1: 88.40% 
Epoch: 253, Loss: 0.1786, Cls: 0.0790, Ind: 0.0002, Med: 0.0198, Spu: 0.0000, FD: 0.0796, Var: 0.0000, CStr: 0.453, Ctx: 2, Train: 99.70%, Valid: 96.95%, Test In: 96.84% Test OOD1: 87.62% 
Epoch: 254, Loss: 0.1817, Cls: 0.0804, Ind: 0.0002, Med: 0.0201, Spu: 0.0000, FD: 0.0810, Var: 0.0000, CStr: 0.453, Ctx: 2, Train: 99.74%, Valid: 96.98%, Test In: 96.91% Test OOD1: 87.67% 
Epoch: 255, Loss: 0.1763, Cls: 0.0780, Ind: 0.0002, Med: 0.0195, Spu: 0.0000, FD: 0.0786, Var: 0.0000, CStr: 0.453, Ctx: 2, Train: 99.78%, Valid: 96.92%, Test In: 96.86% Test OOD1: 88.51% 
Epoch: 256, Loss: 0.1823, Cls: 0.0806, Ind: 0.0002, Med: 0.0200, Spu: 0.0000, FD: 0.0814, Var: 0.0000, CStr: 0.453, Ctx: 2, Train: 99.66%, Valid: 96.81%, Test In: 96.61% Test OOD1: 86.06% 
Epoch: 257, Loss: 0.1916, Cls: 0.0849, Ind: 0.0002, Med: 0.0213, Spu: 0.0000, FD: 0.0853, Var: 0.0000, CStr: 0.453, Ctx: 2, Train: 99.69%, Valid: 96.79%, Test In: 96.70% Test OOD1: 89.07% 
Epoch: 258, Loss: 0.1760, Cls: 0.0779, Ind: 0.0002, Med: 0.0194, Spu: 0.0000, FD: 0.0786, Var: 0.0000, CStr: 0.453, Ctx: 2, Train: 99.75%, Valid: 96.79%, Test In: 96.82% Test OOD1: 87.82% 
Epoch: 259, Loss: 0.1753, Cls: 0.0776, Ind: 0.0002, Med: 0.0194, Spu: 0.0000, FD: 0.0782, Var: 0.0000, CStr: 0.453, Ctx: 2, Train: 99.79%, Valid: 96.99%, Test In: 96.98% Test OOD1: 86.78% 
Epoch: 260, Loss: 0.1751, Cls: 0.0775, Ind: 0.0002, Med: 0.0193, Spu: 0.0000, FD: 0.0782, Var: 0.0000, CStr: 0.453, Ctx: 2, Train: 99.77%, Valid: 96.90%, Test In: 96.79% Test OOD1: 88.66% 
Epoch: 261, Loss: 0.1778, Cls: 0.0787, Ind: 0.0002, Med: 0.0197, Spu: 0.0000, FD: 0.0792, Var: 0.0000, CStr: 0.453, Ctx: 2, Train: 99.76%, Valid: 96.96%, Test In: 96.84% Test OOD1: 87.42% 
Epoch: 262, Loss: 0.1791, Cls: 0.0792, Ind: 0.0002, Med: 0.0198, Spu: 0.0000, FD: 0.0799, Var: 0.0000, CStr: 0.453, Ctx: 2, Train: 99.78%, Valid: 97.10%, Test In: 96.95% Test OOD1: 87.00% 
Epoch: 263, Loss: 0.1731, Cls: 0.0766, Ind: 0.0002, Med: 0.0191, Spu: 0.0000, FD: 0.0772, Var: 0.0000, CStr: 0.454, Ctx: 2, Train: 99.78%, Valid: 97.11%, Test In: 96.94% Test OOD1: 87.20% 
Epoch: 264, Loss: 0.1812, Cls: 0.0802, Ind: 0.0002, Med: 0.0200, Spu: 0.0000, FD: 0.0808, Var: 0.0000, CStr: 0.454, Ctx: 2, Train: 99.75%, Valid: 97.05%, Test In: 96.97% Test OOD1: 86.91% 
Epoch: 265, Loss: 0.1721, Cls: 0.0761, Ind: 0.0002, Med: 0.0189, Spu: 0.0000, FD: 0.0769, Var: 0.0000, CStr: 0.454, Ctx: 2, Train: 99.75%, Valid: 96.96%, Test In: 96.86% Test OOD1: 88.66% 
Epoch: 266, Loss: 0.1705, Cls: 0.0754, Ind: 0.0002, Med: 0.0187, Spu: 0.0000, FD: 0.0762, Var: 0.0000, CStr: 0.454, Ctx: 2, Train: 99.83%, Valid: 97.29%, Test In: 97.17% Test OOD1: 86.69% 
Epoch: 267, Loss: 0.1875, Cls: 0.0830, Ind: 0.0002, Med: 0.0208, Spu: 0.0000, FD: 0.0835, Var: 0.0000, CStr: 0.454, Ctx: 2, Train: 99.78%, Valid: 97.13%, Test In: 96.96% Test OOD1: 88.95% 
Epoch: 268, Loss: 0.1758, Cls: 0.0778, Ind: 0.0002, Med: 0.0194, Spu: 0.0000, FD: 0.0785, Var: 0.0000, CStr: 0.454, Ctx: 2, Train: 99.77%, Valid: 96.98%, Test In: 96.82% Test OOD1: 89.32% 
Epoch: 269, Loss: 0.1765, Cls: 0.0781, Ind: 0.0002, Med: 0.0195, Spu: 0.0000, FD: 0.0787, Var: 0.0000, CStr: 0.454, Ctx: 2, Train: 99.81%, Valid: 97.07%, Test In: 96.96% Test OOD1: 85.81% 
Epoch: 270, Loss: 0.1732, Cls: 0.0767, Ind: 0.0002, Med: 0.0191, Spu: 0.0000, FD: 0.0773, Var: 0.0000, CStr: 0.454, Ctx: 2, Train: 99.80%, Valid: 96.90%, Test In: 96.77% Test OOD1: 89.11% 
Epoch: 271, Loss: 0.1679, Cls: 0.0743, Ind: 0.0002, Med: 0.0185, Spu: 0.0000, FD: 0.0749, Var: 0.0000, CStr: 0.454, Ctx: 2, Train: 99.80%, Valid: 96.90%, Test In: 96.84% Test OOD1: 89.14% 
Epoch: 272, Loss: 0.1727, Cls: 0.0764, Ind: 0.0002, Med: 0.0190, Spu: 0.0000, FD: 0.0770, Var: 0.0000, CStr: 0.454, Ctx: 2, Train: 99.82%, Valid: 97.09%, Test In: 96.90% Test OOD1: 86.63% 
Epoch: 273, Loss: 0.1806, Cls: 0.0799, Ind: 0.0002, Med: 0.0200, Spu: 0.0000, FD: 0.0805, Var: 0.0000, CStr: 0.455, Ctx: 2, Train: 99.83%, Valid: 97.11%, Test In: 96.94% Test OOD1: 89.10% 
Epoch: 274, Loss: 0.1694, Cls: 0.0749, Ind: 0.0002, Med: 0.0186, Spu: 0.0000, FD: 0.0757, Var: 0.0000, CStr: 0.455, Ctx: 2, Train: 99.74%, Valid: 96.96%, Test In: 96.78% Test OOD1: 88.84% 
Epoch: 275, Loss: 0.1776, Cls: 0.0786, Ind: 0.0002, Med: 0.0196, Spu: 0.0000, FD: 0.0792, Var: 0.0000, CStr: 0.455, Ctx: 2, Train: 99.85%, Valid: 97.23%, Test In: 97.04% Test OOD1: 87.87% 
Epoch: 276, Loss: 0.1697, Cls: 0.0751, Ind: 0.0002, Med: 0.0188, Spu: 0.0000, FD: 0.0756, Var: 0.0000, CStr: 0.455, Ctx: 2, Train: 99.84%, Valid: 97.25%, Test In: 97.08% Test OOD1: 88.13% 
Epoch: 277, Loss: 0.1716, Cls: 0.0760, Ind: 0.0002, Med: 0.0190, Spu: 0.0000, FD: 0.0764, Var: 0.0000, CStr: 0.455, Ctx: 2, Train: 99.77%, Valid: 97.19%, Test In: 97.02% Test OOD1: 89.00% 
Epoch: 278, Loss: 0.1685, Cls: 0.0746, Ind: 0.0002, Med: 0.0187, Spu: 0.0000, FD: 0.0751, Var: 0.0000, CStr: 0.456, Ctx: 2, Train: 99.84%, Valid: 97.21%, Test In: 97.02% Test OOD1: 89.41% 
Epoch: 279, Loss: 0.1652, Cls: 0.0731, Ind: 0.0002, Med: 0.0182, Spu: 0.0000, FD: 0.0737, Var: 0.0000, CStr: 0.456, Ctx: 2, Train: 99.85%, Valid: 97.30%, Test In: 97.06% Test OOD1: 87.61% 
Epoch: 280, Loss: 0.1716, Cls: 0.0760, Ind: 0.0002, Med: 0.0191, Spu: 0.0000, FD: 0.0764, Var: 0.0000, CStr: 0.456, Ctx: 2, Train: 99.82%, Valid: 97.21%, Test In: 97.00% Test OOD1: 88.67% 
Epoch: 281, Loss: 0.1617, Cls: 0.0715, Ind: 0.0002, Med: 0.0179, Spu: 0.0000, FD: 0.0721, Var: 0.0000, CStr: 0.456, Ctx: 2, Train: 99.82%, Valid: 97.24%, Test In: 97.08% Test OOD1: 88.73% 
Epoch: 282, Loss: 0.1645, Cls: 0.0728, Ind: 0.0002, Med: 0.0182, Spu: 0.0000, FD: 0.0733, Var: 0.0000, CStr: 0.456, Ctx: 2, Train: 99.83%, Valid: 97.23%, Test In: 97.11% Test OOD1: 86.76% 
Epoch: 283, Loss: 0.1703, Cls: 0.0753, Ind: 0.0002, Med: 0.0188, Spu: 0.0000, FD: 0.0760, Var: 0.0000, CStr: 0.457, Ctx: 2, Train: 99.80%, Valid: 96.86%, Test In: 96.88% Test OOD1: 89.76% 
Epoch: 284, Loss: 0.1785, Cls: 0.0790, Ind: 0.0002, Med: 0.0197, Spu: 0.0000, FD: 0.0797, Var: 0.0000, CStr: 0.457, Ctx: 2, Train: 99.80%, Valid: 97.10%, Test In: 97.04% Test OOD1: 88.46% 
Epoch: 285, Loss: 0.1708, Cls: 0.0756, Ind: 0.0001, Med: 0.0188, Spu: 0.0000, FD: 0.0762, Var: 0.0000, CStr: 0.457, Ctx: 2, Train: 99.86%, Valid: 97.19%, Test In: 97.11% Test OOD1: 87.63% 
Epoch: 286, Loss: 0.1684, Cls: 0.0745, Ind: 0.0002, Med: 0.0187, Spu: 0.0000, FD: 0.0750, Var: 0.0000, CStr: 0.458, Ctx: 2, Train: 99.84%, Valid: 97.07%, Test In: 96.95% Test OOD1: 89.79% 
Epoch: 287, Loss: 0.1627, Cls: 0.0720, Ind: 0.0002, Med: 0.0180, Spu: 0.0000, FD: 0.0726, Var: 0.0000, CStr: 0.458, Ctx: 2, Train: 99.81%, Valid: 97.00%, Test In: 96.90% Test OOD1: 89.22% 
Epoch: 288, Loss: 0.1638, Cls: 0.0725, Ind: 0.0002, Med: 0.0181, Spu: 0.0000, FD: 0.0730, Var: 0.0000, CStr: 0.458, Ctx: 2, Train: 99.87%, Valid: 97.27%, Test In: 97.15% Test OOD1: 88.91% 
Epoch: 289, Loss: 0.1587, Cls: 0.0702, Ind: 0.0002, Med: 0.0176, Spu: 0.0000, FD: 0.0707, Var: 0.0000, CStr: 0.458, Ctx: 2, Train: 99.89%, Valid: 97.23%, Test In: 97.15% Test OOD1: 89.09% 
Epoch: 290, Loss: 0.1638, Cls: 0.0725, Ind: 0.0001, Med: 0.0181, Spu: 0.0000, FD: 0.0731, Var: 0.0000, CStr: 0.459, Ctx: 2, Train: 99.83%, Valid: 97.14%, Test In: 97.03% Test OOD1: 89.55% 
Epoch: 291, Loss: 0.1577, Cls: 0.0698, Ind: 0.0002, Med: 0.0175, Spu: 0.0000, FD: 0.0703, Var: 0.0000, CStr: 0.459, Ctx: 2, Train: 99.87%, Valid: 97.19%, Test In: 97.23% Test OOD1: 88.37% 
Epoch: 292, Loss: 0.1694, Cls: 0.0750, Ind: 0.0002, Med: 0.0186, Spu: 0.0000, FD: 0.0757, Var: 0.0000, CStr: 0.459, Ctx: 2, Train: 99.86%, Valid: 97.23%, Test In: 97.05% Test OOD1: 89.76% 
Epoch: 293, Loss: 0.1610, Cls: 0.0712, Ind: 0.0002, Med: 0.0177, Spu: 0.0000, FD: 0.0719, Var: 0.0000, CStr: 0.460, Ctx: 2, Train: 99.85%, Valid: 97.13%, Test In: 97.16% Test OOD1: 88.40% 
Epoch: 294, Loss: 0.1580, Cls: 0.0699, Ind: 0.0002, Med: 0.0175, Spu: 0.0000, FD: 0.0704, Var: 0.0000, CStr: 0.460, Ctx: 2, Train: 99.80%, Valid: 96.98%, Test In: 96.95% Test OOD1: 88.50% 
Epoch: 295, Loss: 0.1645, Cls: 0.0728, Ind: 0.0001, Med: 0.0182, Spu: 0.0000, FD: 0.0733, Var: 0.0000, CStr: 0.460, Ctx: 2, Train: 99.84%, Valid: 97.05%, Test In: 96.97% Test OOD1: 90.05% 
Epoch: 296, Loss: 0.1613, Cls: 0.0714, Ind: 0.0002, Med: 0.0179, Spu: 0.0000, FD: 0.0719, Var: 0.0000, CStr: 0.460, Ctx: 2, Train: 99.87%, Valid: 97.21%, Test In: 97.17% Test OOD1: 87.18% 
Epoch: 297, Loss: 0.1676, Cls: 0.0742, Ind: 0.0002, Med: 0.0184, Spu: 0.0000, FD: 0.0749, Var: 0.0000, CStr: 0.460, Ctx: 2, Train: 99.88%, Valid: 97.18%, Test In: 97.04% Test OOD1: 90.03% 
Epoch: 298, Loss: 0.1678, Cls: 0.0742, Ind: 0.0002, Med: 0.0185, Spu: 0.0000, FD: 0.0748, Var: 0.0000, CStr: 0.461, Ctx: 2, Train: 99.91%, Valid: 97.29%, Test In: 97.22% Test OOD1: 88.22% 
Epoch: 299, Loss: 0.1652, Cls: 0.0731, Ind: 0.0001, Med: 0.0183, Spu: 0.0000, FD: 0.0737, Var: 0.0000, CStr: 0.461, Ctx: 2, Train: 99.90%, Valid: 97.27%, Test In: 97.22% Test OOD1: 87.18% 
Epoch: 300, Loss: 0.1617, Cls: 0.0716, Ind: 0.0002, Med: 0.0179, Spu: 0.0000, FD: 0.0720, Var: 0.0000, CStr: 0.461, Ctx: 2, Train: 99.86%, Valid: 97.23%, Test In: 97.00% Test OOD1: 89.55% 
Epoch: 301, Loss: 0.1676, Cls: 0.0741, Ind: 0.0002, Med: 0.0184, Spu: 0.0000, FD: 0.0748, Var: 0.0000, CStr: 0.461, Ctx: 2, Train: 99.83%, Valid: 97.12%, Test In: 97.19% Test OOD1: 86.82% 
Epoch: 302, Loss: 0.1659, Cls: 0.0734, Ind: 0.0001, Med: 0.0183, Spu: 0.0000, FD: 0.0740, Var: 0.0000, CStr: 0.461, Ctx: 2, Train: 99.87%, Valid: 97.21%, Test In: 97.13% Test OOD1: 89.19% 
Epoch: 303, Loss: 0.1596, Cls: 0.0706, Ind: 0.0001, Med: 0.0176, Spu: 0.0000, FD: 0.0712, Var: 0.0000, CStr: 0.461, Ctx: 2, Train: 99.87%, Valid: 97.25%, Test In: 97.19% Test OOD1: 88.54% 
Epoch: 304, Loss: 0.1626, Cls: 0.0719, Ind: 0.0002, Med: 0.0180, Spu: 0.0000, FD: 0.0725, Var: 0.0000, CStr: 0.462, Ctx: 2, Train: 99.86%, Valid: 97.18%, Test In: 97.20% Test OOD1: 89.24% 
Epoch: 305, Loss: 0.1573, Cls: 0.0696, Ind: 0.0001, Med: 0.0174, Spu: 0.0000, FD: 0.0702, Var: 0.0000, CStr: 0.462, Ctx: 2, Train: 99.89%, Valid: 97.16%, Test In: 97.20% Test OOD1: 90.05% 
Epoch: 306, Loss: 0.1583, Cls: 0.0700, Ind: 0.0002, Med: 0.0175, Spu: 0.0000, FD: 0.0706, Var: 0.0000, CStr: 0.462, Ctx: 2, Train: 99.91%, Valid: 97.32%, Test In: 97.30% Test OOD1: 88.80% 
Epoch: 307, Loss: 0.1619, Cls: 0.0716, Ind: 0.0001, Med: 0.0178, Spu: 0.0000, FD: 0.0723, Var: 0.0000, CStr: 0.462, Ctx: 2, Train: 99.91%, Valid: 97.34%, Test In: 97.32% Test OOD1: 89.02% 
Epoch: 308, Loss: 0.1561, Cls: 0.0691, Ind: 0.0002, Med: 0.0172, Spu: 0.0000, FD: 0.0696, Var: 0.0000, CStr: 0.462, Ctx: 2, Train: 99.87%, Valid: 97.28%, Test In: 97.15% Test OOD1: 90.23% 
Epoch: 309, Loss: 0.1662, Cls: 0.0736, Ind: 0.0002, Med: 0.0184, Spu: 0.0000, FD: 0.0741, Var: 0.0000, CStr: 0.463, Ctx: 2, Train: 99.91%, Valid: 97.42%, Test In: 97.38% Test OOD1: 87.63% 
Epoch: 310, Loss: 0.1674, Cls: 0.0741, Ind: 0.0002, Med: 0.0185, Spu: 0.0000, FD: 0.0747, Var: 0.0000, CStr: 0.463, Ctx: 2, Train: 99.91%, Valid: 97.38%, Test In: 97.22% Test OOD1: 89.41% 
Epoch: 311, Loss: 0.1517, Cls: 0.0671, Ind: 0.0001, Med: 0.0167, Spu: 0.0000, FD: 0.0677, Var: 0.0000, CStr: 0.463, Ctx: 2, Train: 99.87%, Valid: 97.26%, Test In: 97.11% Test OOD1: 89.25% 
Epoch: 312, Loss: 0.1595, Cls: 0.0706, Ind: 0.0002, Med: 0.0176, Spu: 0.0000, FD: 0.0712, Var: 0.0000, CStr: 0.463, Ctx: 2, Train: 99.89%, Valid: 97.22%, Test In: 97.27% Test OOD1: 87.47% 
Epoch: 313, Loss: 0.1640, Cls: 0.0726, Ind: 0.0001, Med: 0.0181, Spu: 0.0000, FD: 0.0731, Var: 0.0000, CStr: 0.463, Ctx: 2, Train: 99.89%, Valid: 97.18%, Test In: 97.20% Test OOD1: 89.53% 
Epoch: 314, Loss: 0.1691, Cls: 0.0749, Ind: 0.0001, Med: 0.0187, Spu: 0.0000, FD: 0.0754, Var: 0.0000, CStr: 0.463, Ctx: 2, Train: 99.85%, Valid: 97.13%, Test In: 97.14% Test OOD1: 88.22% 
Epoch: 315, Loss: 0.1658, Cls: 0.0734, Ind: 0.0001, Med: 0.0184, Spu: 0.0000, FD: 0.0738, Var: 0.0000, CStr: 0.463, Ctx: 2, Train: 99.90%, Valid: 97.23%, Test In: 97.25% Test OOD1: 88.71% 
Epoch: 316, Loss: 0.1481, Cls: 0.0656, Ind: 0.0001, Med: 0.0165, Spu: 0.0000, FD: 0.0659, Var: 0.0000, CStr: 0.463, Ctx: 2, Train: 99.90%, Valid: 97.30%, Test In: 97.17% Test OOD1: 89.26% 
Epoch: 317, Loss: 0.1599, Cls: 0.0708, Ind: 0.0002, Med: 0.0177, Spu: 0.0000, FD: 0.0712, Var: 0.0000, CStr: 0.463, Ctx: 2, Train: 99.88%, Valid: 97.32%, Test In: 97.23% Test OOD1: 88.49% 
Epoch: 318, Loss: 0.1482, Cls: 0.0656, Ind: 0.0002, Med: 0.0164, Spu: 0.0000, FD: 0.0661, Var: 0.0000, CStr: 0.464, Ctx: 2, Train: 99.90%, Valid: 97.40%, Test In: 97.34% Test OOD1: 88.96% 
Epoch: 319, Loss: 0.1513, Cls: 0.0669, Ind: 0.0001, Med: 0.0167, Spu: 0.0000, FD: 0.0675, Var: 0.0000, CStr: 0.464, Ctx: 2, Train: 99.91%, Valid: 97.28%, Test In: 97.31% Test OOD1: 89.64% 
Epoch: 320, Loss: 0.1563, Cls: 0.0692, Ind: 0.0001, Med: 0.0173, Spu: 0.0000, FD: 0.0697, Var: 0.0000, CStr: 0.464, Ctx: 2, Train: 99.86%, Valid: 97.26%, Test In: 97.32% Test OOD1: 88.71% 
Epoch: 321, Loss: 0.1572, Cls: 0.0696, Ind: 0.0002, Med: 0.0174, Spu: 0.0000, FD: 0.0701, Var: 0.0000, CStr: 0.464, Ctx: 2, Train: 99.88%, Valid: 97.30%, Test In: 97.27% Test OOD1: 89.59% 
Epoch: 322, Loss: 0.1510, Cls: 0.0668, Ind: 0.0002, Med: 0.0167, Spu: 0.0000, FD: 0.0672, Var: 0.0000, CStr: 0.464, Ctx: 2, Train: 99.90%, Valid: 97.35%, Test In: 97.30% Test OOD1: 89.09% 
Epoch: 323, Loss: 0.1597, Cls: 0.0707, Ind: 0.0002, Med: 0.0176, Spu: 0.0000, FD: 0.0712, Var: 0.0000, CStr: 0.464, Ctx: 2, Train: 99.88%, Valid: 97.25%, Test In: 97.19% Test OOD1: 89.46% 
Epoch: 324, Loss: 0.1633, Cls: 0.0723, Ind: 0.0001, Med: 0.0179, Spu: 0.0000, FD: 0.0730, Var: 0.0000, CStr: 0.464, Ctx: 2, Train: 99.89%, Valid: 97.19%, Test In: 97.23% Test OOD1: 90.62% 
Epoch: 325, Loss: 0.1476, Cls: 0.0653, Ind: 0.0002, Med: 0.0163, Spu: 0.0000, FD: 0.0658, Var: 0.0000, CStr: 0.464, Ctx: 2, Train: 99.91%, Valid: 97.38%, Test In: 97.30% Test OOD1: 89.41% 
Epoch: 326, Loss: 0.1571, Cls: 0.0695, Ind: 0.0001, Med: 0.0173, Spu: 0.0000, FD: 0.0702, Var: 0.0000, CStr: 0.464, Ctx: 2, Train: 99.89%, Valid: 97.27%, Test In: 97.30% Test OOD1: 88.99% 
Epoch: 327, Loss: 0.1594, Cls: 0.0705, Ind: 0.0002, Med: 0.0175, Spu: 0.0000, FD: 0.0712, Var: 0.0000, CStr: 0.464, Ctx: 2, Train: 99.91%, Valid: 97.19%, Test In: 97.14% Test OOD1: 90.57% 
Epoch: 328, Loss: 0.1480, Cls: 0.0655, Ind: 0.0001, Med: 0.0164, Spu: 0.0000, FD: 0.0660, Var: 0.0000, CStr: 0.464, Ctx: 2, Train: 99.91%, Valid: 97.36%, Test In: 97.41% Test OOD1: 87.97% 
Epoch: 329, Loss: 0.1540, Cls: 0.0682, Ind: 0.0001, Med: 0.0170, Spu: 0.0000, FD: 0.0688, Var: 0.0000, CStr: 0.464, Ctx: 2, Train: 99.92%, Valid: 97.41%, Test In: 97.31% Test OOD1: 89.97% 
Epoch: 330, Loss: 0.1545, Cls: 0.0684, Ind: 0.0001, Med: 0.0170, Spu: 0.0000, FD: 0.0690, Var: 0.0000, CStr: 0.464, Ctx: 2, Train: 99.91%, Valid: 97.44%, Test In: 97.36% Test OOD1: 89.65% 
Epoch: 331, Loss: 0.1538, Cls: 0.0681, Ind: 0.0002, Med: 0.0170, Spu: 0.0000, FD: 0.0685, Var: 0.0000, CStr: 0.464, Ctx: 2, Train: 99.84%, Valid: 97.27%, Test In: 97.42% Test OOD1: 87.33% 
Epoch: 332, Loss: 0.1721, Cls: 0.0762, Ind: 0.0002, Med: 0.0190, Spu: 0.0000, FD: 0.0767, Var: 0.0000, CStr: 0.464, Ctx: 2, Train: 99.81%, Valid: 97.13%, Test In: 97.04% Test OOD1: 91.07% 
Epoch: 333, Loss: 0.1583, Cls: 0.0701, Ind: 0.0001, Med: 0.0175, Spu: 0.0000, FD: 0.0706, Var: 0.0000, CStr: 0.464, Ctx: 2, Train: 99.86%, Valid: 97.41%, Test In: 97.38% Test OOD1: 87.50% 
Epoch: 334, Loss: 0.1506, Cls: 0.0667, Ind: 0.0002, Med: 0.0166, Spu: 0.0000, FD: 0.0672, Var: 0.0000, CStr: 0.464, Ctx: 2, Train: 99.90%, Valid: 97.55%, Test In: 97.40% Test OOD1: 88.63% 
Epoch: 335, Loss: 0.1479, Cls: 0.0654, Ind: 0.0001, Med: 0.0163, Spu: 0.0000, FD: 0.0660, Var: 0.0000, CStr: 0.464, Ctx: 2, Train: 99.92%, Valid: 97.46%, Test In: 97.30% Test OOD1: 90.47% 
Epoch: 336, Loss: 0.1523, Cls: 0.0675, Ind: 0.0001, Med: 0.0169, Spu: 0.0000, FD: 0.0678, Var: 0.0000, CStr: 0.464, Ctx: 2, Train: 99.89%, Valid: 97.45%, Test In: 97.38% Test OOD1: 88.91% 
Epoch: 337, Loss: 0.1489, Cls: 0.0659, Ind: 0.0002, Med: 0.0165, Spu: 0.0000, FD: 0.0664, Var: 0.0000, CStr: 0.465, Ctx: 2, Train: 99.90%, Valid: 97.44%, Test In: 97.35% Test OOD1: 89.10% 
Epoch: 338, Loss: 0.1525, Cls: 0.0675, Ind: 0.0001, Med: 0.0168, Spu: 0.0000, FD: 0.0681, Var: 0.0000, CStr: 0.465, Ctx: 2, Train: 99.89%, Valid: 97.33%, Test In: 97.15% Test OOD1: 90.75% 
Epoch: 339, Loss: 0.1493, Cls: 0.0661, Ind: 0.0001, Med: 0.0166, Spu: 0.0000, FD: 0.0665, Var: 0.0000, CStr: 0.465, Ctx: 2, Train: 99.89%, Valid: 97.36%, Test In: 97.39% Test OOD1: 88.51% 
Epoch: 340, Loss: 0.1522, Cls: 0.0674, Ind: 0.0002, Med: 0.0168, Spu: 0.0000, FD: 0.0679, Var: 0.0000, CStr: 0.465, Ctx: 2, Train: 99.90%, Valid: 97.42%, Test In: 97.21% Test OOD1: 90.10% 
Epoch: 341, Loss: 0.1579, Cls: 0.0699, Ind: 0.0001, Med: 0.0174, Spu: 0.0000, FD: 0.0704, Var: 0.0000, CStr: 0.465, Ctx: 2, Train: 99.89%, Valid: 97.37%, Test In: 97.27% Test OOD1: 90.28% 
Epoch: 342, Loss: 0.1417, Cls: 0.0627, Ind: 0.0001, Med: 0.0156, Spu: 0.0000, FD: 0.0632, Var: 0.0000, CStr: 0.465, Ctx: 2, Train: 99.90%, Valid: 97.42%, Test In: 97.38% Test OOD1: 88.09% 
Epoch: 343, Loss: 0.1551, Cls: 0.0687, Ind: 0.0002, Med: 0.0172, Spu: 0.0000, FD: 0.0690, Var: 0.0000, CStr: 0.465, Ctx: 2, Train: 99.93%, Valid: 97.46%, Test In: 97.34% Test OOD1: 90.27% 
Epoch: 344, Loss: 0.1499, Cls: 0.0663, Ind: 0.0001, Med: 0.0165, Spu: 0.0000, FD: 0.0669, Var: 0.0000, CStr: 0.465, Ctx: 2, Train: 99.85%, Valid: 97.29%, Test In: 97.22% Test OOD1: 90.11% 
Epoch: 345, Loss: 0.1503, Cls: 0.0665, Ind: 0.0001, Med: 0.0167, Spu: 0.0000, FD: 0.0669, Var: 0.0000, CStr: 0.465, Ctx: 2, Train: 99.92%, Valid: 97.53%, Test In: 97.49% Test OOD1: 88.76% 
Epoch: 346, Loss: 0.1457, Cls: 0.0645, Ind: 0.0001, Med: 0.0161, Spu: 0.0000, FD: 0.0650, Var: 0.0000, CStr: 0.465, Ctx: 2, Train: 99.93%, Valid: 97.48%, Test In: 97.42% Test OOD1: 90.24% 
Epoch: 347, Loss: 0.1532, Cls: 0.0678, Ind: 0.0001, Med: 0.0168, Spu: 0.0000, FD: 0.0684, Var: 0.0000, CStr: 0.465, Ctx: 2, Train: 99.85%, Valid: 97.36%, Test In: 97.09% Test OOD1: 89.39% 
Epoch: 348, Loss: 0.1545, Cls: 0.0684, Ind: 0.0002, Med: 0.0171, Spu: 0.0000, FD: 0.0688, Var: 0.0000, CStr: 0.465, Ctx: 2, Train: 99.93%, Valid: 97.48%, Test In: 97.37% Test OOD1: 89.22% 
Epoch: 349, Loss: 0.1364, Cls: 0.0603, Ind: 0.0001, Med: 0.0151, Spu: 0.0000, FD: 0.0608, Var: 0.0000, CStr: 0.465, Ctx: 2, Train: 99.93%, Valid: 97.51%, Test In: 97.36% Test OOD1: 89.08% 
Epoch: 350, Loss: 0.1517, Cls: 0.0672, Ind: 0.0001, Med: 0.0168, Spu: 0.0000, FD: 0.0676, Var: 0.0000, CStr: 0.466, Ctx: 2, Train: 99.78%, Valid: 97.15%, Test In: 96.96% Test OOD1: 89.87% 
Epoch: 351, Loss: 0.1618, Cls: 0.0717, Ind: 0.0002, Med: 0.0179, Spu: 0.0000, FD: 0.0722, Var: 0.0000, CStr: 0.466, Ctx: 2, Train: 99.92%, Valid: 97.54%, Test In: 97.32% Test OOD1: 89.88% 
Epoch: 352, Loss: 0.1521, Cls: 0.0673, Ind: 0.0002, Med: 0.0168, Spu: 0.0000, FD: 0.0678, Var: 0.0000, CStr: 0.466, Ctx: 2, Train: 99.93%, Valid: 97.59%, Test In: 97.36% Test OOD1: 89.44% 
Epoch: 353, Loss: 0.1508, Cls: 0.0667, Ind: 0.0002, Med: 0.0166, Spu: 0.0000, FD: 0.0673, Var: 0.0000, CStr: 0.466, Ctx: 2, Train: 99.85%, Valid: 97.38%, Test In: 97.22% Test OOD1: 90.16% 
Epoch: 354, Loss: 0.1486, Cls: 0.0658, Ind: 0.0002, Med: 0.0165, Spu: 0.0000, FD: 0.0662, Var: 0.0000, CStr: 0.466, Ctx: 2, Train: 99.93%, Valid: 97.53%, Test In: 97.25% Test OOD1: 91.32% 
Epoch: 355, Loss: 0.1533, Cls: 0.0679, Ind: 0.0001, Med: 0.0170, Spu: 0.0000, FD: 0.0683, Var: 0.0000, CStr: 0.466, Ctx: 2, Train: 99.94%, Valid: 97.53%, Test In: 97.36% Test OOD1: 87.23% 
Epoch: 356, Loss: 0.1689, Cls: 0.0748, Ind: 0.0002, Med: 0.0188, Spu: 0.0000, FD: 0.0752, Var: 0.0000, CStr: 0.466, Ctx: 2, Train: 99.92%, Valid: 97.40%, Test In: 97.25% Test OOD1: 91.27% 
Epoch: 357, Loss: 0.1408, Cls: 0.0623, Ind: 0.0001, Med: 0.0155, Spu: 0.0000, FD: 0.0629, Var: 0.0000, CStr: 0.466, Ctx: 2, Train: 99.91%, Valid: 97.37%, Test In: 97.21% Test OOD1: 91.15% 
Epoch: 358, Loss: 0.1432, Cls: 0.0634, Ind: 0.0001, Med: 0.0158, Spu: 0.0000, FD: 0.0639, Var: 0.0000, CStr: 0.466, Ctx: 2, Train: 99.92%, Valid: 97.48%, Test In: 97.31% Test OOD1: 87.94% 
Epoch: 359, Loss: 0.1586, Cls: 0.0702, Ind: 0.0001, Med: 0.0176, Spu: 0.0000, FD: 0.0707, Var: 0.0000, CStr: 0.466, Ctx: 2, Train: 99.92%, Valid: 97.46%, Test In: 97.33% Test OOD1: 90.05% 
Epoch: 360, Loss: 0.1513, Cls: 0.0670, Ind: 0.0002, Med: 0.0167, Spu: 0.0000, FD: 0.0674, Var: 0.0000, CStr: 0.466, Ctx: 2, Train: 99.86%, Valid: 97.28%, Test In: 97.17% Test OOD1: 90.09% 
Epoch: 361, Loss: 0.1471, Cls: 0.0651, Ind: 0.0002, Med: 0.0162, Spu: 0.0000, FD: 0.0657, Var: 0.0000, CStr: 0.467, Ctx: 2, Train: 99.92%, Valid: 97.39%, Test In: 97.36% Test OOD1: 88.03% 
Epoch: 362, Loss: 0.1442, Cls: 0.0638, Ind: 0.0001, Med: 0.0159, Spu: 0.0000, FD: 0.0643, Var: 0.0000, CStr: 0.467, Ctx: 2, Train: 99.95%, Valid: 97.53%, Test In: 97.41% Test OOD1: 88.46% 
Epoch: 363, Loss: 0.1419, Cls: 0.0628, Ind: 0.0001, Med: 0.0157, Spu: 0.0000, FD: 0.0632, Var: 0.0000, CStr: 0.467, Ctx: 2, Train: 99.94%, Valid: 97.55%, Test In: 97.42% Test OOD1: 88.94% 
Epoch: 364, Loss: 0.1528, Cls: 0.0676, Ind: 0.0001, Med: 0.0169, Spu: 0.0000, FD: 0.0681, Var: 0.0000, CStr: 0.467, Ctx: 2, Train: 99.91%, Valid: 97.46%, Test In: 97.32% Test OOD1: 89.07% 
Epoch: 365, Loss: 0.1495, Cls: 0.0662, Ind: 0.0001, Med: 0.0164, Spu: 0.0000, FD: 0.0668, Var: 0.0000, CStr: 0.467, Ctx: 2, Train: 99.94%, Valid: 97.63%, Test In: 97.43% Test OOD1: 89.23% 
Epoch: 366, Loss: 0.1383, Cls: 0.0612, Ind: 0.0001, Med: 0.0153, Spu: 0.0000, FD: 0.0616, Var: 0.0000, CStr: 0.467, Ctx: 2, Train: 99.94%, Valid: 97.67%, Test In: 97.40% Test OOD1: 89.23% 
Epoch: 367, Loss: 0.1450, Cls: 0.0642, Ind: 0.0001, Med: 0.0161, Spu: 0.0000, FD: 0.0646, Var: 0.0000, CStr: 0.467, Ctx: 2, Train: 99.87%, Valid: 97.48%, Test In: 97.31% Test OOD1: 89.27% 
Epoch: 368, Loss: 0.1491, Cls: 0.0660, Ind: 0.0001, Med: 0.0165, Spu: 0.0000, FD: 0.0664, Var: 0.0000, CStr: 0.467, Ctx: 2, Train: 99.90%, Valid: 97.38%, Test In: 97.25% Test OOD1: 90.63% 
Epoch: 369, Loss: 0.1469, Cls: 0.0650, Ind: 0.0002, Med: 0.0162, Spu: 0.0000, FD: 0.0655, Var: 0.0000, CStr: 0.468, Ctx: 2, Train: 99.93%, Valid: 97.60%, Test In: 97.39% Test OOD1: 89.30% 
Epoch: 370, Loss: 0.1433, Cls: 0.0634, Ind: 0.0002, Med: 0.0159, Spu: 0.0000, FD: 0.0639, Var: 0.0000, CStr: 0.468, Ctx: 2, Train: 99.92%, Valid: 97.56%, Test In: 97.40% Test OOD1: 89.46% 
Epoch: 371, Loss: 0.1405, Cls: 0.0621, Ind: 0.0001, Med: 0.0154, Spu: 0.0000, FD: 0.0628, Var: 0.0000, CStr: 0.468, Ctx: 2, Train: 99.92%, Valid: 97.41%, Test In: 97.30% Test OOD1: 90.74% 
Epoch: 372, Loss: 0.1471, Cls: 0.0651, Ind: 0.0002, Med: 0.0163, Spu: 0.0000, FD: 0.0655, Var: 0.0000, CStr: 0.468, Ctx: 2, Train: 99.95%, Valid: 97.63%, Test In: 97.38% Test OOD1: 89.86% 
Epoch: 373, Loss: 0.1514, Cls: 0.0670, Ind: 0.0002, Med: 0.0166, Spu: 0.0000, FD: 0.0676, Var: 0.0000, CStr: 0.468, Ctx: 2, Train: 99.92%, Valid: 97.52%, Test In: 97.41% Test OOD1: 89.33% 
Epoch: 374, Loss: 0.1555, Cls: 0.0688, Ind: 0.0001, Med: 0.0171, Spu: 0.0000, FD: 0.0694, Var: 0.0000, CStr: 0.468, Ctx: 2, Train: 99.92%, Valid: 97.33%, Test In: 97.21% Test OOD1: 91.80% 
Epoch: 375, Loss: 0.1471, Cls: 0.0652, Ind: 0.0001, Med: 0.0164, Spu: 0.0000, FD: 0.0654, Var: 0.0000, CStr: 0.468, Ctx: 2, Train: 99.94%, Valid: 97.57%, Test In: 97.39% Test OOD1: 89.53% 
Epoch: 376, Loss: 0.1459, Cls: 0.0646, Ind: 0.0001, Med: 0.0161, Spu: 0.0000, FD: 0.0650, Var: 0.0000, CStr: 0.468, Ctx: 2, Train: 99.93%, Valid: 97.57%, Test In: 97.34% Test OOD1: 89.64% 
Epoch: 377, Loss: 0.1429, Cls: 0.0632, Ind: 0.0001, Med: 0.0158, Spu: 0.0000, FD: 0.0637, Var: 0.0000, CStr: 0.468, Ctx: 2, Train: 99.89%, Valid: 97.38%, Test In: 97.11% Test OOD1: 91.41% 
Epoch: 378, Loss: 0.1532, Cls: 0.0678, Ind: 0.0001, Med: 0.0169, Spu: 0.0000, FD: 0.0683, Var: 0.0000, CStr: 0.469, Ctx: 2, Train: 99.93%, Valid: 97.63%, Test In: 97.34% Test OOD1: 89.40% 
Epoch: 379, Loss: 0.1410, Cls: 0.0624, Ind: 0.0001, Med: 0.0155, Spu: 0.0000, FD: 0.0630, Var: 0.0000, CStr: 0.469, Ctx: 2, Train: 99.95%, Valid: 97.65%, Test In: 97.36% Test OOD1: 89.41% 
Epoch: 380, Loss: 0.1414, Cls: 0.0626, Ind: 0.0001, Med: 0.0156, Spu: 0.0000, FD: 0.0631, Var: 0.0000, CStr: 0.469, Ctx: 2, Train: 99.87%, Valid: 97.34%, Test In: 97.17% Test OOD1: 91.49% 
Epoch: 381, Loss: 0.1462, Cls: 0.0648, Ind: 0.0001, Med: 0.0162, Spu: 0.0000, FD: 0.0651, Var: 0.0000, CStr: 0.469, Ctx: 2, Train: 99.94%, Valid: 97.59%, Test In: 97.38% Test OOD1: 90.67% 
Epoch: 382, Loss: 0.1420, Cls: 0.0629, Ind: 0.0002, Med: 0.0157, Spu: 0.0000, FD: 0.0633, Var: 0.0000, CStr: 0.469, Ctx: 2, Train: 99.96%, Valid: 97.61%, Test In: 97.51% Test OOD1: 89.70% 
Epoch: 383, Loss: 0.1413, Cls: 0.0625, Ind: 0.0001, Med: 0.0155, Spu: 0.0000, FD: 0.0631, Var: 0.0000, CStr: 0.469, Ctx: 2, Train: 99.88%, Valid: 97.40%, Test In: 97.19% Test OOD1: 91.96% 
Epoch: 384, Loss: 0.1381, Cls: 0.0611, Ind: 0.0001, Med: 0.0153, Spu: 0.0000, FD: 0.0615, Var: 0.0000, CStr: 0.469, Ctx: 2, Train: 99.89%, Valid: 97.40%, Test In: 97.18% Test OOD1: 91.30% 
Epoch: 385, Loss: 0.1396, Cls: 0.0618, Ind: 0.0001, Med: 0.0154, Spu: 0.0000, FD: 0.0622, Var: 0.0000, CStr: 0.469, Ctx: 2, Train: 99.94%, Valid: 97.68%, Test In: 97.40% Test OOD1: 90.48% 
Epoch: 386, Loss: 0.1428, Cls: 0.0633, Ind: 0.0001, Med: 0.0158, Spu: 0.0000, FD: 0.0637, Var: 0.0000, CStr: 0.469, Ctx: 2, Train: 99.95%, Valid: 97.62%, Test In: 97.43% Test OOD1: 90.31% 
Epoch: 387, Loss: 0.1450, Cls: 0.0642, Ind: 0.0001, Med: 0.0159, Spu: 0.0000, FD: 0.0648, Var: 0.0000, CStr: 0.469, Ctx: 2, Train: 99.87%, Valid: 97.30%, Test In: 97.07% Test OOD1: 91.60% 
Epoch: 388, Loss: 0.1428, Cls: 0.0632, Ind: 0.0001, Med: 0.0158, Spu: 0.0000, FD: 0.0636, Var: 0.0000, CStr: 0.469, Ctx: 2, Train: 99.92%, Valid: 97.54%, Test In: 97.38% Test OOD1: 89.32% 
Epoch: 389, Loss: 0.1454, Cls: 0.0644, Ind: 0.0001, Med: 0.0161, Spu: 0.0000, FD: 0.0648, Var: 0.0000, CStr: 0.469, Ctx: 2, Train: 99.92%, Valid: 97.55%, Test In: 97.27% Test OOD1: 90.24% 
Epoch: 390, Loss: 0.1448, Cls: 0.0641, Ind: 0.0001, Med: 0.0160, Spu: 0.0000, FD: 0.0646, Var: 0.0000, CStr: 0.470, Ctx: 2, Train: 99.89%, Valid: 97.41%, Test In: 97.20% Test OOD1: 91.55% 
Epoch: 391, Loss: 0.1398, Cls: 0.0619, Ind: 0.0001, Med: 0.0154, Spu: 0.0000, FD: 0.0624, Var: 0.0000, CStr: 0.470, Ctx: 2, Train: 99.90%, Valid: 97.42%, Test In: 97.38% Test OOD1: 89.66% 
Epoch: 392, Loss: 0.1420, Cls: 0.0629, Ind: 0.0001, Med: 0.0157, Spu: 0.0000, FD: 0.0632, Var: 0.0000, CStr: 0.470, Ctx: 2, Train: 99.94%, Valid: 97.61%, Test In: 97.37% Test OOD1: 90.55% 
Epoch: 393, Loss: 0.1415, Cls: 0.0626, Ind: 0.0001, Med: 0.0156, Spu: 0.0000, FD: 0.0631, Var: 0.0000, CStr: 0.470, Ctx: 2, Train: 99.94%, Valid: 97.49%, Test In: 97.42% Test OOD1: 91.13% 
Epoch: 394, Loss: 0.1410, Cls: 0.0624, Ind: 0.0001, Med: 0.0156, Spu: 0.0000, FD: 0.0629, Var: 0.0000, CStr: 0.470, Ctx: 2, Train: 99.87%, Valid: 97.50%, Test In: 97.28% Test OOD1: 89.70% 
Epoch: 395, Loss: 0.1478, Cls: 0.0654, Ind: 0.0001, Med: 0.0164, Spu: 0.0000, FD: 0.0658, Var: 0.0000, CStr: 0.470, Ctx: 2, Train: 99.93%, Valid: 97.55%, Test In: 97.39% Test OOD1: 91.69% 
Epoch: 396, Loss: 0.1427, Cls: 0.0631, Ind: 0.0002, Med: 0.0157, Spu: 0.0000, FD: 0.0636, Var: 0.0000, CStr: 0.470, Ctx: 2, Train: 99.95%, Valid: 97.60%, Test In: 97.52% Test OOD1: 89.73% 
Epoch: 397, Loss: 0.1338, Cls: 0.0592, Ind: 0.0002, Med: 0.0148, Spu: 0.0000, FD: 0.0597, Var: 0.0000, CStr: 0.470, Ctx: 2, Train: 99.91%, Valid: 97.50%, Test In: 97.41% Test OOD1: 90.43% 
Epoch: 398, Loss: 0.1452, Cls: 0.0643, Ind: 0.0001, Med: 0.0160, Spu: 0.0000, FD: 0.0647, Var: 0.0000, CStr: 0.470, Ctx: 2, Train: 99.94%, Valid: 97.54%, Test In: 97.42% Test OOD1: 91.41% 
Epoch: 399, Loss: 0.1360, Cls: 0.0602, Ind: 0.0001, Med: 0.0150, Spu: 0.0000, FD: 0.0607, Var: 0.0000, CStr: 0.470, Ctx: 2, Train: 99.95%, Valid: 97.66%, Test In: 97.51% Test OOD1: 89.85% 
Epoch: 400, Loss: 0.1455, Cls: 0.0644, Ind: 0.0002, Med: 0.0161, Spu: 0.0000, FD: 0.0648, Var: 0.0000, CStr: 0.470, Ctx: 2, Train: 99.96%, Valid: 97.61%, Test In: 97.49% Test OOD1: 89.62% 
Epoch: 401, Loss: 0.1435, Cls: 0.0635, Ind: 0.0001, Med: 0.0158, Spu: 0.0000, FD: 0.0640, Var: 0.0000, CStr: 0.470, Ctx: 2, Train: 99.95%, Valid: 97.43%, Test In: 97.38% Test OOD1: 91.82% 
Epoch: 402, Loss: 0.1427, Cls: 0.0632, Ind: 0.0001, Med: 0.0158, Spu: 0.0000, FD: 0.0636, Var: 0.0000, CStr: 0.470, Ctx: 2, Train: 99.93%, Valid: 97.45%, Test In: 97.42% Test OOD1: 89.00% 
Epoch: 403, Loss: 0.1421, Cls: 0.0629, Ind: 0.0001, Med: 0.0158, Spu: 0.0000, FD: 0.0633, Var: 0.0000, CStr: 0.470, Ctx: 2, Train: 99.96%, Valid: 97.64%, Test In: 97.51% Test OOD1: 89.20% 
Epoch: 404, Loss: 0.1415, Cls: 0.0626, Ind: 0.0001, Med: 0.0156, Spu: 0.0000, FD: 0.0631, Var: 0.0000, CStr: 0.471, Ctx: 2, Train: 99.95%, Valid: 97.52%, Test In: 97.34% Test OOD1: 91.68% 
Epoch: 405, Loss: 0.1489, Cls: 0.0659, Ind: 0.0001, Med: 0.0165, Spu: 0.0000, FD: 0.0664, Var: 0.0000, CStr: 0.471, Ctx: 2, Train: 99.88%, Valid: 97.42%, Test In: 97.30% Test OOD1: 88.42% 
Epoch: 406, Loss: 0.1498, Cls: 0.0663, Ind: 0.0001, Med: 0.0166, Spu: 0.0000, FD: 0.0667, Var: 0.0000, CStr: 0.471, Ctx: 2, Train: 99.95%, Valid: 97.69%, Test In: 97.53% Test OOD1: 89.29% 
Epoch: 407, Loss: 0.1406, Cls: 0.0623, Ind: 0.0001, Med: 0.0156, Spu: 0.0000, FD: 0.0627, Var: 0.0000, CStr: 0.471, Ctx: 2, Train: 99.94%, Valid: 97.71%, Test In: 97.51% Test OOD1: 89.65% 
Epoch: 408, Loss: 0.1346, Cls: 0.0595, Ind: 0.0001, Med: 0.0148, Spu: 0.0000, FD: 0.0601, Var: 0.0000, CStr: 0.471, Ctx: 2, Train: 99.89%, Valid: 97.57%, Test In: 97.42% Test OOD1: 88.86% 
Epoch: 409, Loss: 0.1442, Cls: 0.0639, Ind: 0.0001, Med: 0.0159, Spu: 0.0000, FD: 0.0644, Var: 0.0000, CStr: 0.471, Ctx: 2, Train: 99.94%, Valid: 97.54%, Test In: 97.37% Test OOD1: 91.32% 
Epoch: 410, Loss: 0.1428, Cls: 0.0632, Ind: 0.0001, Med: 0.0158, Spu: 0.0000, FD: 0.0637, Var: 0.0000, CStr: 0.471, Ctx: 2, Train: 99.95%, Valid: 97.69%, Test In: 97.56% Test OOD1: 89.59% 
Epoch: 411, Loss: 0.1293, Cls: 0.0572, Ind: 0.0001, Med: 0.0143, Spu: 0.0000, FD: 0.0577, Var: 0.0000, CStr: 0.471, Ctx: 2, Train: 99.95%, Valid: 97.69%, Test In: 97.56% Test OOD1: 89.89% 
Epoch: 412, Loss: 0.1291, Cls: 0.0571, Ind: 0.0001, Med: 0.0142, Spu: 0.0000, FD: 0.0576, Var: 0.0000, CStr: 0.471, Ctx: 2, Train: 99.96%, Valid: 97.58%, Test In: 97.38% Test OOD1: 91.56% 
Epoch: 413, Loss: 0.1366, Cls: 0.0605, Ind: 0.0001, Med: 0.0151, Spu: 0.0000, FD: 0.0609, Var: 0.0000, CStr: 0.471, Ctx: 2, Train: 99.96%, Valid: 97.68%, Test In: 97.50% Test OOD1: 90.35% 
Epoch: 414, Loss: 0.1289, Cls: 0.0570, Ind: 0.0001, Med: 0.0142, Spu: 0.0000, FD: 0.0576, Var: 0.0000, CStr: 0.471, Ctx: 2, Train: 99.95%, Valid: 97.60%, Test In: 97.51% Test OOD1: 89.32% 
Epoch: 415, Loss: 0.1465, Cls: 0.0649, Ind: 0.0001, Med: 0.0162, Spu: 0.0000, FD: 0.0654, Var: 0.0000, CStr: 0.471, Ctx: 2, Train: 99.95%, Valid: 97.53%, Test In: 97.27% Test OOD1: 91.10% 
Epoch: 416, Loss: 0.1364, Cls: 0.0604, Ind: 0.0001, Med: 0.0151, Spu: 0.0000, FD: 0.0607, Var: 0.0000, CStr: 0.471, Ctx: 2, Train: 99.92%, Valid: 97.60%, Test In: 97.49% Test OOD1: 89.20% 
Epoch: 417, Loss: 0.1362, Cls: 0.0603, Ind: 0.0001, Med: 0.0151, Spu: 0.0000, FD: 0.0607, Var: 0.0000, CStr: 0.471, Ctx: 2, Train: 99.94%, Valid: 97.56%, Test In: 97.50% Test OOD1: 89.69% 
Epoch: 418, Loss: 0.1392, Cls: 0.0617, Ind: 0.0001, Med: 0.0154, Spu: 0.0000, FD: 0.0620, Var: 0.0000, CStr: 0.471, Ctx: 2, Train: 99.95%, Valid: 97.59%, Test In: 97.48% Test OOD1: 91.14% 
Epoch: 419, Loss: 0.1302, Cls: 0.0577, Ind: 0.0001, Med: 0.0144, Spu: 0.0000, FD: 0.0580, Var: 0.0000, CStr: 0.471, Ctx: 2, Train: 99.94%, Valid: 97.55%, Test In: 97.52% Test OOD1: 90.17% 
Epoch: 420, Loss: 0.1375, Cls: 0.0609, Ind: 0.0001, Med: 0.0152, Spu: 0.0000, FD: 0.0613, Var: 0.0000, CStr: 0.471, Ctx: 2, Train: 99.96%, Valid: 97.56%, Test In: 97.50% Test OOD1: 90.85% 
Epoch: 421, Loss: 0.1340, Cls: 0.0594, Ind: 0.0001, Med: 0.0149, Spu: 0.0000, FD: 0.0596, Var: 0.0000, CStr: 0.471, Ctx: 2, Train: 99.95%, Valid: 97.57%, Test In: 97.47% Test OOD1: 91.42% 
Epoch: 422, Loss: 0.1358, Cls: 0.0601, Ind: 0.0001, Med: 0.0150, Spu: 0.0000, FD: 0.0606, Var: 0.0000, CStr: 0.471, Ctx: 2, Train: 99.95%, Valid: 97.66%, Test In: 97.54% Test OOD1: 90.15% 
Epoch: 423, Loss: 0.1355, Cls: 0.0600, Ind: 0.0002, Med: 0.0149, Spu: 0.0000, FD: 0.0605, Var: 0.0000, CStr: 0.471, Ctx: 2, Train: 99.94%, Valid: 97.55%, Test In: 97.50% Test OOD1: 91.39% 
Epoch: 424, Loss: 0.1284, Cls: 0.0568, Ind: 0.0002, Med: 0.0141, Spu: 0.0000, FD: 0.0573, Var: 0.0000, CStr: 0.472, Ctx: 2, Train: 99.95%, Valid: 97.63%, Test In: 97.47% Test OOD1: 91.13% 
Epoch: 425, Loss: 0.1352, Cls: 0.0598, Ind: 0.0001, Med: 0.0149, Spu: 0.0000, FD: 0.0603, Var: 0.0000, CStr: 0.472, Ctx: 2, Train: 99.96%, Valid: 97.63%, Test In: 97.56% Test OOD1: 90.53% 
Epoch: 426, Loss: 0.1338, Cls: 0.0592, Ind: 0.0001, Med: 0.0148, Spu: 0.0000, FD: 0.0597, Var: 0.0000, CStr: 0.472, Ctx: 2, Train: 99.95%, Valid: 97.59%, Test In: 97.52% Test OOD1: 91.07% 
Epoch: 427, Loss: 0.1270, Cls: 0.0562, Ind: 0.0001, Med: 0.0140, Spu: 0.0000, FD: 0.0567, Var: 0.0000, CStr: 0.472, Ctx: 2, Train: 99.96%, Valid: 97.61%, Test In: 97.55% Test OOD1: 91.36% 
Epoch: 428, Loss: 0.1389, Cls: 0.0615, Ind: 0.0001, Med: 0.0154, Spu: 0.0000, FD: 0.0619, Var: 0.0000, CStr: 0.472, Ctx: 2, Train: 99.95%, Valid: 97.65%, Test In: 97.57% Test OOD1: 90.17% 
Epoch: 429, Loss: 0.1413, Cls: 0.0626, Ind: 0.0001, Med: 0.0156, Spu: 0.0000, FD: 0.0629, Var: 0.0000, CStr: 0.472, Ctx: 2, Train: 99.96%, Valid: 97.59%, Test In: 97.48% Test OOD1: 92.04% 
Epoch: 430, Loss: 0.1282, Cls: 0.0567, Ind: 0.0001, Med: 0.0141, Spu: 0.0000, FD: 0.0572, Var: 0.0000, CStr: 0.472, Ctx: 2, Train: 99.93%, Valid: 97.49%, Test In: 97.42% Test OOD1: 92.00% 
Epoch: 431, Loss: 0.1318, Cls: 0.0584, Ind: 0.0001, Med: 0.0146, Spu: 0.0000, FD: 0.0588, Var: 0.0000, CStr: 0.472, Ctx: 2, Train: 99.94%, Valid: 97.60%, Test In: 97.59% Test OOD1: 89.89% 
Epoch: 432, Loss: 0.1345, Cls: 0.0596, Ind: 0.0001, Med: 0.0148, Spu: 0.0000, FD: 0.0600, Var: 0.0000, CStr: 0.472, Ctx: 2, Train: 99.96%, Valid: 97.59%, Test In: 97.53% Test OOD1: 91.01% 
Epoch: 433, Loss: 0.1263, Cls: 0.0559, Ind: 0.0001, Med: 0.0139, Spu: 0.0000, FD: 0.0564, Var: 0.0000, CStr: 0.472, Ctx: 2, Train: 99.96%, Valid: 97.60%, Test In: 97.51% Test OOD1: 91.21% 
Epoch: 434, Loss: 0.1316, Cls: 0.0582, Ind: 0.0001, Med: 0.0145, Spu: 0.0000, FD: 0.0587, Var: 0.0000, CStr: 0.472, Ctx: 2, Train: 99.94%, Valid: 97.51%, Test In: 97.50% Test OOD1: 89.82% 
Epoch: 435, Loss: 0.1236, Cls: 0.0547, Ind: 0.0001, Med: 0.0136, Spu: 0.0000, FD: 0.0551, Var: 0.0000, CStr: 0.472, Ctx: 2, Train: 99.96%, Valid: 97.69%, Test In: 97.50% Test OOD1: 90.95% 
Epoch: 436, Loss: 0.1308, Cls: 0.0579, Ind: 0.0001, Med: 0.0144, Spu: 0.0000, FD: 0.0583, Var: 0.0000, CStr: 0.472, Ctx: 2, Train: 99.98%, Valid: 97.73%, Test In: 97.53% Test OOD1: 90.97% 
Epoch: 437, Loss: 0.1302, Cls: 0.0577, Ind: 0.0001, Med: 0.0144, Spu: 0.0000, FD: 0.0580, Var: 0.0000, CStr: 0.472, Ctx: 2, Train: 99.96%, Valid: 97.66%, Test In: 97.55% Test OOD1: 91.38% 
Epoch: 438, Loss: 0.1332, Cls: 0.0590, Ind: 0.0001, Med: 0.0147, Spu: 0.0000, FD: 0.0594, Var: 0.0000, CStr: 0.472, Ctx: 2, Train: 99.93%, Valid: 97.52%, Test In: 97.50% Test OOD1: 89.98% 
Epoch: 439, Loss: 0.1386, Cls: 0.0614, Ind: 0.0001, Med: 0.0153, Spu: 0.0000, FD: 0.0618, Var: 0.0000, CStr: 0.472, Ctx: 2, Train: 99.95%, Valid: 97.51%, Test In: 97.33% Test OOD1: 93.03% 
Epoch: 440, Loss: 0.1406, Cls: 0.0623, Ind: 0.0001, Med: 0.0156, Spu: 0.0000, FD: 0.0626, Var: 0.0000, CStr: 0.473, Ctx: 2, Train: 99.96%, Valid: 97.63%, Test In: 97.57% Test OOD1: 90.39% 
Epoch: 441, Loss: 0.1311, Cls: 0.0580, Ind: 0.0001, Med: 0.0144, Spu: 0.0000, FD: 0.0585, Var: 0.0000, CStr: 0.473, Ctx: 2, Train: 99.97%, Valid: 97.66%, Test In: 97.62% Test OOD1: 91.09% 
Epoch: 442, Loss: 0.1246, Cls: 0.0552, Ind: 0.0001, Med: 0.0138, Spu: 0.0000, FD: 0.0555, Var: 0.0000, CStr: 0.473, Ctx: 2, Train: 99.97%, Valid: 97.62%, Test In: 97.42% Test OOD1: 91.79% 
Epoch: 443, Loss: 0.1334, Cls: 0.0591, Ind: 0.0001, Med: 0.0147, Spu: 0.0000, FD: 0.0595, Var: 0.0000, CStr: 0.473, Ctx: 2, Train: 99.96%, Valid: 97.54%, Test In: 97.48% Test OOD1: 90.12% 
Epoch: 444, Loss: 0.1264, Cls: 0.0560, Ind: 0.0001, Med: 0.0139, Spu: 0.0000, FD: 0.0564, Var: 0.0000, CStr: 0.473, Ctx: 2, Train: 99.97%, Valid: 97.57%, Test In: 97.51% Test OOD1: 88.82% 
Epoch: 445, Loss: 0.1378, Cls: 0.0610, Ind: 0.0001, Med: 0.0152, Spu: 0.0000, FD: 0.0615, Var: 0.0000, CStr: 0.473, Ctx: 2, Train: 99.94%, Valid: 97.43%, Test In: 97.34% Test OOD1: 91.22% 
Epoch: 446, Loss: 0.1393, Cls: 0.0617, Ind: 0.0001, Med: 0.0153, Spu: 0.0000, FD: 0.0622, Var: 0.0000, CStr: 0.473, Ctx: 2, Train: 99.92%, Valid: 97.48%, Test In: 97.46% Test OOD1: 90.33% 
Epoch: 447, Loss: 0.1332, Cls: 0.0590, Ind: 0.0001, Med: 0.0148, Spu: 0.0000, FD: 0.0593, Var: 0.0000, CStr: 0.473, Ctx: 2, Train: 99.95%, Valid: 97.51%, Test In: 97.57% Test OOD1: 89.34% 
Epoch: 448, Loss: 0.1369, Cls: 0.0606, Ind: 0.0001, Med: 0.0151, Spu: 0.0000, FD: 0.0611, Var: 0.0000, CStr: 0.473, Ctx: 2, Train: 99.94%, Valid: 97.55%, Test In: 97.44% Test OOD1: 92.05% 
Epoch: 449, Loss: 0.1322, Cls: 0.0585, Ind: 0.0001, Med: 0.0146, Spu: 0.0000, FD: 0.0589, Var: 0.0000, CStr: 0.473, Ctx: 2, Train: 99.95%, Valid: 97.57%, Test In: 97.62% Test OOD1: 90.89% 
Epoch: 450, Loss: 0.1234, Cls: 0.0546, Ind: 0.0001, Med: 0.0136, Spu: 0.0000, FD: 0.0550, Var: 0.0000, CStr: 0.473, Ctx: 2, Train: 99.96%, Valid: 97.63%, Test In: 97.61% Test OOD1: 90.14% 
Epoch: 451, Loss: 0.1355, Cls: 0.0600, Ind: 0.0001, Med: 0.0150, Spu: 0.0000, FD: 0.0603, Var: 0.0000, CStr: 0.473, Ctx: 2, Train: 99.96%, Valid: 97.63%, Test In: 97.57% Test OOD1: 91.50% 
Epoch: 452, Loss: 0.1382, Cls: 0.0612, Ind: 0.0001, Med: 0.0153, Spu: 0.0000, FD: 0.0616, Var: 0.0000, CStr: 0.473, Ctx: 2, Train: 99.96%, Valid: 97.65%, Test In: 97.57% Test OOD1: 90.32% 
Epoch: 453, Loss: 0.1292, Cls: 0.0572, Ind: 0.0001, Med: 0.0143, Spu: 0.0000, FD: 0.0576, Var: 0.0000, CStr: 0.473, Ctx: 2, Train: 99.96%, Valid: 97.69%, Test In: 97.60% Test OOD1: 90.52% 
Epoch: 454, Loss: 0.1295, Cls: 0.0573, Ind: 0.0001, Med: 0.0142, Spu: 0.0000, FD: 0.0579, Var: 0.0000, CStr: 0.474, Ctx: 2, Train: 99.96%, Valid: 97.68%, Test In: 97.57% Test OOD1: 90.43% 
Epoch: 455, Loss: 0.1308, Cls: 0.0579, Ind: 0.0001, Med: 0.0144, Spu: 0.0000, FD: 0.0583, Var: 0.0000, CStr: 0.474, Ctx: 2, Train: 99.96%, Valid: 97.62%, Test In: 97.48% Test OOD1: 91.30% 
Epoch: 456, Loss: 0.1322, Cls: 0.0585, Ind: 0.0001, Med: 0.0146, Spu: 0.0000, FD: 0.0590, Var: 0.0000, CStr: 0.474, Ctx: 2, Train: 99.97%, Valid: 97.65%, Test In: 97.53% Test OOD1: 90.72% 
Epoch: 457, Loss: 0.1259, Cls: 0.0557, Ind: 0.0001, Med: 0.0140, Spu: 0.0000, FD: 0.0560, Var: 0.0000, CStr: 0.474, Ctx: 2, Train: 99.97%, Valid: 97.64%, Test In: 97.49% Test OOD1: 89.64% 
Epoch: 458, Loss: 0.1326, Cls: 0.0587, Ind: 0.0001, Med: 0.0146, Spu: 0.0000, FD: 0.0592, Var: 0.0000, CStr: 0.474, Ctx: 2, Train: 99.95%, Valid: 97.57%, Test In: 97.46% Test OOD1: 90.77% 
Epoch: 459, Loss: 0.1288, Cls: 0.0570, Ind: 0.0001, Med: 0.0143, Spu: 0.0000, FD: 0.0573, Var: 0.0000, CStr: 0.474, Ctx: 2, Train: 99.95%, Valid: 97.55%, Test In: 97.48% Test OOD1: 91.29% 
Epoch: 460, Loss: 0.1318, Cls: 0.0584, Ind: 0.0001, Med: 0.0146, Spu: 0.0000, FD: 0.0587, Var: 0.0000, CStr: 0.474, Ctx: 2, Train: 99.96%, Valid: 97.54%, Test In: 97.44% Test OOD1: 89.12% 
Epoch: 461, Loss: 0.1374, Cls: 0.0608, Ind: 0.0001, Med: 0.0151, Spu: 0.0000, FD: 0.0614, Var: 0.0000, CStr: 0.474, Ctx: 2, Train: 99.95%, Valid: 97.55%, Test In: 97.52% Test OOD1: 91.61% 
Epoch: 462, Loss: 0.1307, Cls: 0.0579, Ind: 0.0001, Med: 0.0145, Spu: 0.0000, FD: 0.0581, Var: 0.0000, CStr: 0.474, Ctx: 2, Train: 99.97%, Valid: 97.59%, Test In: 97.59% Test OOD1: 90.59% 
Epoch: 463, Loss: 0.1247, Cls: 0.0552, Ind: 0.0001, Med: 0.0138, Spu: 0.0000, FD: 0.0555, Var: 0.0000, CStr: 0.475, Ctx: 2, Train: 99.97%, Valid: 97.62%, Test In: 97.55% Test OOD1: 89.13% 
Epoch: 464, Loss: 0.1341, Cls: 0.0594, Ind: 0.0001, Med: 0.0147, Spu: 0.0000, FD: 0.0599, Var: 0.0000, CStr: 0.475, Ctx: 2, Train: 99.96%, Valid: 97.59%, Test In: 97.49% Test OOD1: 92.10% 
Epoch: 465, Loss: 0.1392, Cls: 0.0616, Ind: 0.0002, Med: 0.0154, Spu: 0.0000, FD: 0.0620, Var: 0.0000, CStr: 0.475, Ctx: 2, Train: 99.94%, Valid: 97.57%, Test In: 97.50% Test OOD1: 89.63% 
Epoch: 466, Loss: 0.1399, Cls: 0.0620, Ind: 0.0001, Med: 0.0155, Spu: 0.0000, FD: 0.0624, Var: 0.0000, CStr: 0.475, Ctx: 2, Train: 99.96%, Valid: 97.53%, Test In: 97.61% Test OOD1: 90.08% 
Epoch: 467, Loss: 0.1274, Cls: 0.0564, Ind: 0.0001, Med: 0.0141, Spu: 0.0000, FD: 0.0568, Var: 0.0000, CStr: 0.475, Ctx: 2, Train: 99.94%, Valid: 97.60%, Test In: 97.43% Test OOD1: 91.86% 
Epoch: 468, Loss: 0.1496, Cls: 0.0663, Ind: 0.0001, Med: 0.0165, Spu: 0.0000, FD: 0.0667, Var: 0.0000, CStr: 0.475, Ctx: 2, Train: 99.91%, Valid: 97.44%, Test In: 97.42% Test OOD1: 88.58% 
Epoch: 469, Loss: 0.1422, Cls: 0.0630, Ind: 0.0001, Med: 0.0157, Spu: 0.0000, FD: 0.0634, Var: 0.0000, CStr: 0.475, Ctx: 2, Train: 99.94%, Valid: 97.54%, Test In: 97.59% Test OOD1: 91.30% 
Epoch: 470, Loss: 0.1336, Cls: 0.0592, Ind: 0.0001, Med: 0.0147, Spu: 0.0000, FD: 0.0596, Var: 0.0000, CStr: 0.475, Ctx: 2, Train: 99.95%, Valid: 97.67%, Test In: 97.50% Test OOD1: 91.60% 
Epoch: 471, Loss: 0.1367, Cls: 0.0605, Ind: 0.0001, Med: 0.0151, Spu: 0.0000, FD: 0.0609, Var: 0.0000, CStr: 0.476, Ctx: 2, Train: 99.94%, Valid: 97.59%, Test In: 97.47% Test OOD1: 88.30% 
Epoch: 472, Loss: 0.1383, Cls: 0.0613, Ind: 0.0001, Med: 0.0152, Spu: 0.0000, FD: 0.0617, Var: 0.0000, CStr: 0.476, Ctx: 2, Train: 99.96%, Valid: 97.54%, Test In: 97.46% Test OOD1: 91.26% 
Epoch: 473, Loss: 0.1275, Cls: 0.0564, Ind: 0.0001, Med: 0.0140, Spu: 0.0000, FD: 0.0569, Var: 0.0000, CStr: 0.476, Ctx: 2, Train: 99.90%, Valid: 97.48%, Test In: 97.19% Test OOD1: 92.82% 
Epoch: 474, Loss: 0.1411, Cls: 0.0625, Ind: 0.0001, Med: 0.0156, Spu: 0.0000, FD: 0.0629, Var: 0.0000, CStr: 0.476, Ctx: 2, Train: 99.94%, Valid: 97.44%, Test In: 97.40% Test OOD1: 87.55% 
Epoch: 475, Loss: 0.1493, Cls: 0.0661, Ind: 0.0001, Med: 0.0165, Spu: 0.0000, FD: 0.0666, Var: 0.0000, CStr: 0.476, Ctx: 2, Train: 99.94%, Valid: 97.52%, Test In: 97.48% Test OOD1: 91.21% 
Epoch: 476, Loss: 0.1336, Cls: 0.0592, Ind: 0.0001, Med: 0.0147, Spu: 0.0000, FD: 0.0596, Var: 0.0000, CStr: 0.476, Ctx: 2, Train: 99.91%, Valid: 97.36%, Test In: 97.21% Test OOD1: 92.92% 
Epoch: 477, Loss: 0.1456, Cls: 0.0645, Ind: 0.0002, Med: 0.0161, Spu: 0.0000, FD: 0.0649, Var: 0.0000, CStr: 0.476, Ctx: 2, Train: 99.97%, Valid: 97.55%, Test In: 97.37% Test OOD1: 87.48% 
Epoch: 478, Loss: 0.1444, Cls: 0.0639, Ind: 0.0001, Med: 0.0159, Spu: 0.0000, FD: 0.0644, Var: 0.0000, CStr: 0.476, Ctx: 2, Train: 99.96%, Valid: 97.62%, Test In: 97.61% Test OOD1: 89.35% 
Epoch: 479, Loss: 0.1265, Cls: 0.0560, Ind: 0.0001, Med: 0.0139, Spu: 0.0000, FD: 0.0564, Var: 0.0000, CStr: 0.477, Ctx: 2, Train: 99.90%, Valid: 97.34%, Test In: 97.18% Test OOD1: 92.68% 
Epoch: 480, Loss: 0.1457, Cls: 0.0645, Ind: 0.0001, Med: 0.0160, Spu: 0.0000, FD: 0.0650, Var: 0.0000, CStr: 0.477, Ctx: 2, Train: 99.95%, Valid: 97.69%, Test In: 97.58% Test OOD1: 89.36% 
Epoch: 481, Loss: 0.1260, Cls: 0.0558, Ind: 0.0001, Med: 0.0139, Spu: 0.0000, FD: 0.0562, Var: 0.0000, CStr: 0.477, Ctx: 2, Train: 99.92%, Valid: 97.58%, Test In: 97.39% Test OOD1: 88.20% 
Epoch: 482, Loss: 0.1448, Cls: 0.0641, Ind: 0.0001, Med: 0.0159, Spu: 0.0000, FD: 0.0646, Var: 0.0000, CStr: 0.477, Ctx: 2, Train: 99.96%, Valid: 97.53%, Test In: 97.42% Test OOD1: 92.06% 
Epoch: 483, Loss: 0.1278, Cls: 0.0566, Ind: 0.0001, Med: 0.0141, Spu: 0.0000, FD: 0.0570, Var: 0.0000, CStr: 0.477, Ctx: 2, Train: 99.95%, Valid: 97.54%, Test In: 97.44% Test OOD1: 91.97% 
Epoch: 484, Loss: 0.1328, Cls: 0.0588, Ind: 0.0001, Med: 0.0146, Spu: 0.0000, FD: 0.0594, Var: 0.0000, CStr: 0.477, Ctx: 2, Train: 99.95%, Valid: 97.57%, Test In: 97.47% Test OOD1: 88.89% 
Epoch: 485, Loss: 0.1506, Cls: 0.0668, Ind: 0.0001, Med: 0.0167, Spu: 0.0000, FD: 0.0670, Var: 0.0000, CStr: 0.477, Ctx: 2, Train: 99.97%, Valid: 97.71%, Test In: 97.52% Test OOD1: 91.47% 
Epoch: 486, Loss: 0.1293, Cls: 0.0573, Ind: 0.0001, Med: 0.0142, Spu: 0.0000, FD: 0.0577, Var: 0.0000, CStr: 0.478, Ctx: 2, Train: 99.92%, Valid: 97.38%, Test In: 97.27% Test OOD1: 93.03% 
Epoch: 487, Loss: 0.1370, Cls: 0.0607, Ind: 0.0001, Med: 0.0151, Spu: 0.0000, FD: 0.0611, Var: 0.0000, CStr: 0.478, Ctx: 2, Train: 99.93%, Valid: 97.60%, Test In: 97.50% Test OOD1: 90.06% 
Epoch: 488, Loss: 0.1408, Cls: 0.0624, Ind: 0.0001, Med: 0.0156, Spu: 0.0000, FD: 0.0628, Var: 0.0000, CStr: 0.478, Ctx: 2, Train: 99.97%, Valid: 97.80%, Test In: 97.57% Test OOD1: 89.76% 
Epoch: 489, Loss: 0.1324, Cls: 0.0586, Ind: 0.0001, Med: 0.0146, Spu: 0.0000, FD: 0.0591, Var: 0.0000, CStr: 0.478, Ctx: 2, Train: 99.95%, Valid: 97.54%, Test In: 97.42% Test OOD1: 92.12% 
Epoch: 490, Loss: 0.1267, Cls: 0.0561, Ind: 0.0001, Med: 0.0140, Spu: 0.0000, FD: 0.0565, Var: 0.0000, CStr: 0.478, Ctx: 2, Train: 99.95%, Valid: 97.64%, Test In: 97.50% Test OOD1: 90.59% 
Epoch: 491, Loss: 0.1363, Cls: 0.0604, Ind: 0.0001, Med: 0.0150, Spu: 0.0000, FD: 0.0608, Var: 0.0000, CStr: 0.478, Ctx: 2, Train: 99.96%, Valid: 97.64%, Test In: 97.58% Test OOD1: 89.27% 
Epoch: 492, Loss: 0.1368, Cls: 0.0606, Ind: 0.0001, Med: 0.0151, Spu: 0.0000, FD: 0.0610, Var: 0.0000, CStr: 0.478, Ctx: 2, Train: 99.96%, Valid: 97.73%, Test In: 97.58% Test OOD1: 91.73% 
Epoch: 493, Loss: 0.1320, Cls: 0.0584, Ind: 0.0001, Med: 0.0145, Spu: 0.0000, FD: 0.0590, Var: 0.0000, CStr: 0.478, Ctx: 2, Train: 99.97%, Valid: 97.61%, Test In: 97.54% Test OOD1: 92.29% 
Epoch: 494, Loss: 0.1243, Cls: 0.0550, Ind: 0.0001, Med: 0.0137, Spu: 0.0000, FD: 0.0554, Var: 0.0000, CStr: 0.479, Ctx: 2, Train: 99.91%, Valid: 97.55%, Test In: 97.52% Test OOD1: 90.39% 
Epoch: 495, Loss: 0.1337, Cls: 0.0592, Ind: 0.0001, Med: 0.0148, Spu: 0.0000, FD: 0.0596, Var: 0.0000, CStr: 0.479, Ctx: 2, Train: 99.97%, Valid: 97.80%, Test In: 97.62% Test OOD1: 91.15% 
Epoch: 496, Loss: 0.1275, Cls: 0.0565, Ind: 0.0001, Med: 0.0141, Spu: 0.0000, FD: 0.0569, Var: 0.0000, CStr: 0.479, Ctx: 2, Train: 99.95%, Valid: 97.51%, Test In: 97.35% Test OOD1: 93.47% 
Epoch: 497, Loss: 0.1325, Cls: 0.0587, Ind: 0.0001, Med: 0.0146, Spu: 0.0000, FD: 0.0592, Var: 0.0000, CStr: 0.479, Ctx: 2, Train: 99.94%, Valid: 97.68%, Test In: 97.59% Test OOD1: 91.18% 
Epoch: 498, Loss: 0.1236, Cls: 0.0547, Ind: 0.0001, Med: 0.0137, Spu: 0.0000, FD: 0.0550, Var: 0.0000, CStr: 0.479, Ctx: 2, Train: 99.95%, Valid: 97.61%, Test In: 97.56% Test OOD1: 90.59% 
Epoch: 499, Loss: 0.1271, Cls: 0.0563, Ind: 0.0001, Med: 0.0140, Spu: 0.0000, FD: 0.0567, Var: 0.0000, CStr: 0.479, Ctx: 2, Train: 99.95%, Valid: 97.73%, Test In: 97.49% Test OOD1: 92.62% 
Run 01:
Highest Train: 99.98
Highest Valid: 97.80
Highest In Test: 97.62
Highest OOD Test: 93.47
Chosen epoch: 496
Final Train: 99.97
Final In Test: 97.62
Final OOD Test: 91.15
Epoch: 00, Loss: 2.6671, Cls: 1.1365, Ind: 0.0347, Med: 0.2947, Spu: 0.0076, FD: 1.1934, Var: 0.0001, CStr: 0.501, Ctx: 2, Train: 39.90%, Valid: 39.99%, Test In: 39.97% Test OOD1: 39.94% 
Epoch: 01, Loss: 2.7457, Cls: 1.1647, Ind: 0.0261, Med: 0.2648, Spu: 0.0025, FD: 1.2875, Var: 0.0001, CStr: 0.502, Ctx: 2, Train: 43.49%, Valid: 43.31%, Test In: 43.43% Test OOD1: 64.90% 
Epoch: 02, Loss: 2.2451, Cls: 0.9707, Ind: 0.0235, Med: 0.2636, Spu: 0.0043, FD: 0.9828, Var: 0.0001, CStr: 0.503, Ctx: 2, Train: 68.03%, Valid: 68.39%, Test In: 68.15% Test OOD1: 50.27% 
Epoch: 03, Loss: 2.0284, Cls: 0.8815, Ind: 0.0290, Med: 0.2609, Spu: 0.0045, FD: 0.8525, Var: 0.0001, CStr: 0.503, Ctx: 2, Train: 76.85%, Valid: 76.92%, Test In: 76.53% Test OOD1: 48.66% 
Epoch: 04, Loss: 1.9136, Cls: 0.8164, Ind: 0.0401, Med: 0.2444, Spu: 0.0028, FD: 0.8098, Var: 0.0001, CStr: 0.503, Ctx: 2, Train: 81.81%, Valid: 81.95%, Test In: 81.45% Test OOD1: 50.37% 
Epoch: 05, Loss: 1.7204, Cls: 0.7166, Ind: 0.0551, Med: 0.2210, Spu: 0.0016, FD: 0.7261, Var: 0.0001, CStr: 0.503, Ctx: 2, Train: 87.01%, Valid: 86.91%, Test In: 86.79% Test OOD1: 57.18% 
Epoch: 06, Loss: 1.4834, Cls: 0.6066, Ind: 0.0694, Med: 0.2004, Spu: 0.0017, FD: 0.6051, Var: 0.0001, CStr: 0.502, Ctx: 2, Train: 87.32%, Valid: 87.26%, Test In: 87.19% Test OOD1: 62.56% 
Epoch: 07, Loss: 1.3105, Cls: 0.5333, Ind: 0.0755, Med: 0.1826, Spu: 0.0024, FD: 0.5166, Var: 0.0001, CStr: 0.501, Ctx: 2, Train: 86.84%, Valid: 86.71%, Test In: 86.74% Test OOD1: 65.82% 
Epoch: 08, Loss: 1.1950, Cls: 0.4894, Ind: 0.0725, Med: 0.1618, Spu: 0.0027, FD: 0.4685, Var: 0.0001, CStr: 0.499, Ctx: 2, Train: 87.55%, Valid: 87.29%, Test In: 87.42% Test OOD1: 66.90% 
Epoch: 09, Loss: 1.0950, Cls: 0.4502, Ind: 0.0646, Med: 0.1382, Spu: 0.0026, FD: 0.4394, Var: 0.0001, CStr: 0.498, Ctx: 2, Train: 88.61%, Valid: 88.21%, Test In: 88.47% Test OOD1: 65.05% 
Epoch: 10, Loss: 0.9960, Cls: 0.4082, Ind: 0.0593, Med: 0.1191, Spu: 0.0022, FD: 0.4071, Var: 0.0001, CStr: 0.496, Ctx: 2, Train: 88.65%, Valid: 88.64%, Test In: 88.87% Test OOD1: 62.46% 
Epoch: 11, Loss: 0.9538, Cls: 0.3911, Ind: 0.0567, Med: 0.1135, Spu: 0.0017, FD: 0.3907, Var: 0.0000, CStr: 0.495, Ctx: 2, Train: 88.76%, Valid: 88.55%, Test In: 88.93% Test OOD1: 61.40% 
Epoch: 12, Loss: 0.9245, Cls: 0.3810, Ind: 0.0516, Med: 0.1104, Spu: 0.0014, FD: 0.3801, Var: 0.0000, CStr: 0.495, Ctx: 2, Train: 89.11%, Valid: 88.83%, Test In: 89.14% Test OOD1: 62.63% 
Epoch: 13, Loss: 0.8978, Cls: 0.3713, Ind: 0.0476, Med: 0.1051, Spu: 0.0014, FD: 0.3724, Var: 0.0000, CStr: 0.495, Ctx: 2, Train: 89.52%, Valid: 89.20%, Test In: 89.63% Test OOD1: 65.80% 
Epoch: 14, Loss: 0.8552, Cls: 0.3543, Ind: 0.0426, Med: 0.0952, Spu: 0.0016, FD: 0.3614, Var: 0.0000, CStr: 0.496, Ctx: 2, Train: 89.80%, Valid: 89.50%, Test In: 89.87% Test OOD1: 69.19% 
Epoch: 15, Loss: 0.8433, Cls: 0.3515, Ind: 0.0366, Med: 0.0896, Spu: 0.0018, FD: 0.3639, Var: 0.0000, CStr: 0.497, Ctx: 2, Train: 89.92%, Valid: 89.63%, Test In: 89.96% Test OOD1: 70.71% 
Epoch: 16, Loss: 0.8157, Cls: 0.3431, Ind: 0.0300, Med: 0.0865, Spu: 0.0016, FD: 0.3544, Var: 0.0000, CStr: 0.498, Ctx: 2, Train: 90.21%, Valid: 89.88%, Test In: 90.30% Test OOD1: 70.23% 
Epoch: 17, Loss: 0.7892, Cls: 0.3353, Ind: 0.0242, Med: 0.0850, Spu: 0.0012, FD: 0.3435, Var: 0.0000, CStr: 0.498, Ctx: 2, Train: 90.47%, Valid: 90.17%, Test In: 90.47% Test OOD1: 69.27% 
Epoch: 18, Loss: 0.7627, Cls: 0.3263, Ind: 0.0205, Med: 0.0840, Spu: 0.0010, FD: 0.3309, Var: 0.0000, CStr: 0.499, Ctx: 2, Train: 90.63%, Valid: 90.35%, Test In: 90.60% Test OOD1: 68.78% 
Epoch: 19, Loss: 0.7552, Cls: 0.3245, Ind: 0.0183, Med: 0.0844, Spu: 0.0009, FD: 0.3271, Var: 0.0000, CStr: 0.499, Ctx: 2, Train: 90.75%, Valid: 90.52%, Test In: 90.76% Test OOD1: 69.51% 
Epoch: 20, Loss: 0.7451, Cls: 0.3211, Ind: 0.0158, Med: 0.0828, Spu: 0.0011, FD: 0.3243, Var: 0.0000, CStr: 0.499, Ctx: 2, Train: 90.89%, Valid: 90.72%, Test In: 91.01% Test OOD1: 71.61% 
Epoch: 21, Loss: 0.7373, Cls: 0.3184, Ind: 0.0133, Med: 0.0819, Spu: 0.0011, FD: 0.3225, Var: 0.0000, CStr: 0.498, Ctx: 2, Train: 91.11%, Valid: 90.68%, Test In: 91.07% Test OOD1: 73.80% 
Epoch: 22, Loss: 0.7266, Cls: 0.3146, Ind: 0.0114, Med: 0.0817, Spu: 0.0011, FD: 0.3177, Var: 0.0000, CStr: 0.498, Ctx: 2, Train: 91.20%, Valid: 90.79%, Test In: 91.18% Test OOD1: 74.15% 
Epoch: 23, Loss: 0.7172, Cls: 0.3109, Ind: 0.0101, Med: 0.0808, Spu: 0.0009, FD: 0.3144, Var: 0.0000, CStr: 0.497, Ctx: 2, Train: 91.24%, Valid: 90.86%, Test In: 91.36% Test OOD1: 72.97% 
Epoch: 24, Loss: 0.7014, Cls: 0.3043, Ind: 0.0090, Med: 0.0787, Spu: 0.0008, FD: 0.3085, Var: 0.0000, CStr: 0.497, Ctx: 2, Train: 91.31%, Valid: 90.94%, Test In: 91.34% Test OOD1: 71.67% 
Epoch: 25, Loss: 0.6897, Cls: 0.2995, Ind: 0.0080, Med: 0.0763, Spu: 0.0007, FD: 0.3050, Var: 0.0000, CStr: 0.496, Ctx: 2, Train: 91.39%, Valid: 90.98%, Test In: 91.32% Test OOD1: 71.18% 
Epoch: 26, Loss: 0.6868, Cls: 0.2986, Ind: 0.0074, Med: 0.0758, Spu: 0.0008, FD: 0.3042, Var: 0.0000, CStr: 0.495, Ctx: 2, Train: 91.45%, Valid: 91.06%, Test In: 91.53% Test OOD1: 71.79% 
Epoch: 27, Loss: 0.6802, Cls: 0.2962, Ind: 0.0068, Med: 0.0751, Spu: 0.0008, FD: 0.3013, Var: 0.0000, CStr: 0.495, Ctx: 2, Train: 91.58%, Valid: 91.09%, Test In: 91.57% Test OOD1: 72.72% 
Epoch: 28, Loss: 0.6633, Cls: 0.2891, Ind: 0.0064, Med: 0.0735, Spu: 0.0008, FD: 0.2935, Var: 0.0000, CStr: 0.493, Ctx: 2, Train: 91.62%, Valid: 91.19%, Test In: 91.63% Test OOD1: 73.35% 
Epoch: 29, Loss: 0.6629, Cls: 0.2892, Ind: 0.0063, Med: 0.0736, Spu: 0.0007, FD: 0.2930, Var: 0.0000, CStr: 0.492, Ctx: 2, Train: 91.67%, Valid: 91.22%, Test In: 91.65% Test OOD1: 72.98% 
Epoch: 30, Loss: 0.6588, Cls: 0.2877, Ind: 0.0059, Med: 0.0731, Spu: 0.0007, FD: 0.2913, Var: 0.0000, CStr: 0.490, Ctx: 2, Train: 91.75%, Valid: 91.31%, Test In: 91.64% Test OOD1: 72.12% 
Epoch: 31, Loss: 0.6434, Cls: 0.2815, Ind: 0.0051, Med: 0.0721, Spu: 0.0006, FD: 0.2839, Var: 0.0000, CStr: 0.488, Ctx: 2, Train: 91.78%, Valid: 91.32%, Test In: 91.65% Test OOD1: 71.54% 
Epoch: 32, Loss: 0.6478, Cls: 0.2838, Ind: 0.0046, Med: 0.0723, Spu: 0.0006, FD: 0.2865, Var: 0.0000, CStr: 0.486, Ctx: 2, Train: 91.83%, Valid: 91.38%, Test In: 91.68% Test OOD1: 71.54% 
Epoch: 33, Loss: 0.6362, Cls: 0.2790, Ind: 0.0040, Med: 0.0713, Spu: 0.0006, FD: 0.2812, Var: 0.0000, CStr: 0.484, Ctx: 2, Train: 91.92%, Valid: 91.40%, Test In: 91.73% Test OOD1: 72.06% 
Epoch: 34, Loss: 0.6289, Cls: 0.2759, Ind: 0.0035, Med: 0.0705, Spu: 0.0006, FD: 0.2784, Var: 0.0000, CStr: 0.482, Ctx: 2, Train: 92.01%, Valid: 91.40%, Test In: 91.80% Test OOD1: 72.74% 
Epoch: 35, Loss: 0.6250, Cls: 0.2743, Ind: 0.0029, Med: 0.0695, Spu: 0.0006, FD: 0.2777, Var: 0.0000, CStr: 0.480, Ctx: 2, Train: 92.11%, Valid: 91.46%, Test In: 91.95% Test OOD1: 72.83% 
Epoch: 36, Loss: 0.6170, Cls: 0.2709, Ind: 0.0027, Med: 0.0686, Spu: 0.0005, FD: 0.2744, Var: 0.0000, CStr: 0.478, Ctx: 2, Train: 92.11%, Valid: 91.46%, Test In: 91.98% Test OOD1: 72.73% 
Epoch: 37, Loss: 0.6082, Cls: 0.2671, Ind: 0.0026, Med: 0.0678, Spu: 0.0005, FD: 0.2702, Var: 0.0000, CStr: 0.475, Ctx: 2, Train: 92.18%, Valid: 91.62%, Test In: 92.01% Test OOD1: 72.50% 
Epoch: 38, Loss: 0.6014, Cls: 0.2643, Ind: 0.0024, Med: 0.0673, Spu: 0.0005, FD: 0.2668, Var: 0.0000, CStr: 0.473, Ctx: 2, Train: 92.26%, Valid: 91.64%, Test In: 92.12% Test OOD1: 72.51% 
Epoch: 39, Loss: 0.5884, Cls: 0.2585, Ind: 0.0025, Med: 0.0657, Spu: 0.0005, FD: 0.2613, Var: 0.0000, CStr: 0.470, Ctx: 2, Train: 92.40%, Valid: 91.80%, Test In: 92.13% Test OOD1: 72.84% 
Epoch: 40, Loss: 0.5997, Cls: 0.2637, Ind: 0.0023, Med: 0.0670, Spu: 0.0005, FD: 0.2662, Var: 0.0000, CStr: 0.468, Ctx: 2, Train: 92.49%, Valid: 91.82%, Test In: 92.20% Test OOD1: 73.58% 
Epoch: 41, Loss: 0.5860, Cls: 0.2577, Ind: 0.0020, Med: 0.0653, Spu: 0.0005, FD: 0.2604, Var: 0.0000, CStr: 0.466, Ctx: 2, Train: 92.55%, Valid: 91.82%, Test In: 92.20% Test OOD1: 74.42% 
Epoch: 42, Loss: 0.5805, Cls: 0.2555, Ind: 0.0019, Med: 0.0650, Spu: 0.0004, FD: 0.2576, Var: 0.0000, CStr: 0.463, Ctx: 2, Train: 92.61%, Valid: 91.89%, Test In: 92.28% Test OOD1: 74.44% 
Epoch: 43, Loss: 0.5762, Cls: 0.2536, Ind: 0.0018, Med: 0.0644, Spu: 0.0004, FD: 0.2559, Var: 0.0000, CStr: 0.461, Ctx: 2, Train: 92.71%, Valid: 91.91%, Test In: 92.36% Test OOD1: 73.89% 
Epoch: 44, Loss: 0.5759, Cls: 0.2535, Ind: 0.0016, Med: 0.0642, Spu: 0.0004, FD: 0.2562, Var: 0.0000, CStr: 0.458, Ctx: 2, Train: 92.78%, Valid: 91.92%, Test In: 92.39% Test OOD1: 73.69% 
Epoch: 45, Loss: 0.5678, Cls: 0.2500, Ind: 0.0014, Med: 0.0634, Spu: 0.0004, FD: 0.2524, Var: 0.0000, CStr: 0.456, Ctx: 2, Train: 92.86%, Valid: 92.01%, Test In: 92.45% Test OOD1: 74.37% 
Epoch: 46, Loss: 0.5646, Cls: 0.2487, Ind: 0.0014, Med: 0.0632, Spu: 0.0004, FD: 0.2509, Var: 0.0000, CStr: 0.454, Ctx: 2, Train: 92.91%, Valid: 92.07%, Test In: 92.51% Test OOD1: 74.85% 
Epoch: 47, Loss: 0.5598, Cls: 0.2466, Ind: 0.0012, Med: 0.0625, Spu: 0.0004, FD: 0.2491, Var: 0.0000, CStr: 0.451, Ctx: 2, Train: 93.03%, Valid: 92.16%, Test In: 92.51% Test OOD1: 74.78% 
Epoch: 48, Loss: 0.5562, Cls: 0.2451, Ind: 0.0012, Med: 0.0623, Spu: 0.0004, FD: 0.2472, Var: 0.0000, CStr: 0.449, Ctx: 2, Train: 93.07%, Valid: 92.17%, Test In: 92.53% Test OOD1: 74.75% 
Epoch: 49, Loss: 0.5425, Cls: 0.2390, Ind: 0.0012, Med: 0.0608, Spu: 0.0003, FD: 0.2411, Var: 0.0000, CStr: 0.447, Ctx: 2, Train: 93.15%, Valid: 92.20%, Test In: 92.52% Test OOD1: 74.65% 
Epoch: 50, Loss: 0.5470, Cls: 0.2411, Ind: 0.0011, Med: 0.0610, Spu: 0.0003, FD: 0.2434, Var: 0.0000, CStr: 0.445, Ctx: 2, Train: 93.23%, Valid: 92.24%, Test In: 92.55% Test OOD1: 74.78% 
Epoch: 51, Loss: 0.5456, Cls: 0.2405, Ind: 0.0011, Med: 0.0611, Spu: 0.0003, FD: 0.2425, Var: 0.0000, CStr: 0.443, Ctx: 2, Train: 93.25%, Valid: 92.34%, Test In: 92.61% Test OOD1: 75.23% 
Epoch: 52, Loss: 0.5354, Cls: 0.2360, Ind: 0.0012, Med: 0.0598, Spu: 0.0003, FD: 0.2380, Var: 0.0000, CStr: 0.441, Ctx: 2, Train: 93.31%, Valid: 92.37%, Test In: 92.69% Test OOD1: 75.75% 
Epoch: 53, Loss: 0.5410, Cls: 0.2387, Ind: 0.0011, Med: 0.0609, Spu: 0.0003, FD: 0.2400, Var: 0.0000, CStr: 0.439, Ctx: 2, Train: 93.39%, Valid: 92.40%, Test In: 92.72% Test OOD1: 75.52% 
Epoch: 54, Loss: 0.5302, Cls: 0.2338, Ind: 0.0011, Med: 0.0594, Spu: 0.0003, FD: 0.2356, Var: 0.0000, CStr: 0.437, Ctx: 2, Train: 93.45%, Valid: 92.53%, Test In: 92.82% Test OOD1: 74.99% 
Epoch: 55, Loss: 0.5271, Cls: 0.2325, Ind: 0.0011, Med: 0.0589, Spu: 0.0003, FD: 0.2343, Var: 0.0000, CStr: 0.435, Ctx: 2, Train: 93.57%, Valid: 92.62%, Test In: 92.92% Test OOD1: 75.21% 
Epoch: 56, Loss: 0.5233, Cls: 0.2308, Ind: 0.0010, Med: 0.0587, Spu: 0.0003, FD: 0.2325, Var: 0.0000, CStr: 0.433, Ctx: 2, Train: 93.59%, Valid: 92.56%, Test In: 92.73% Test OOD1: 76.69% 
Epoch: 57, Loss: 0.5182, Cls: 0.2284, Ind: 0.0010, Med: 0.0577, Spu: 0.0003, FD: 0.2308, Var: 0.0000, CStr: 0.431, Ctx: 2, Train: 93.66%, Valid: 92.59%, Test In: 92.79% Test OOD1: 77.02% 
Epoch: 58, Loss: 0.5107, Cls: 0.2253, Ind: 0.0010, Med: 0.0572, Spu: 0.0003, FD: 0.2270, Var: 0.0000, CStr: 0.429, Ctx: 2, Train: 93.77%, Valid: 92.78%, Test In: 92.96% Test OOD1: 76.35% 
Epoch: 59, Loss: 0.5078, Cls: 0.2240, Ind: 0.0009, Med: 0.0570, Spu: 0.0003, FD: 0.2255, Var: 0.0000, CStr: 0.427, Ctx: 2, Train: 93.75%, Valid: 92.78%, Test In: 92.91% Test OOD1: 77.38% 
Epoch: 60, Loss: 0.5133, Cls: 0.2264, Ind: 0.0010, Med: 0.0574, Spu: 0.0002, FD: 0.2283, Var: 0.0000, CStr: 0.425, Ctx: 2, Train: 93.87%, Valid: 92.73%, Test In: 92.83% Test OOD1: 78.06% 
Epoch: 61, Loss: 0.5087, Cls: 0.2245, Ind: 0.0009, Med: 0.0569, Spu: 0.0002, FD: 0.2262, Var: 0.0000, CStr: 0.424, Ctx: 2, Train: 93.87%, Valid: 92.77%, Test In: 92.91% Test OOD1: 77.82% 
Epoch: 62, Loss: 0.4988, Cls: 0.2201, Ind: 0.0009, Med: 0.0559, Spu: 0.0002, FD: 0.2216, Var: 0.0000, CStr: 0.422, Ctx: 2, Train: 93.97%, Valid: 92.95%, Test In: 93.01% Test OOD1: 77.35% 
Epoch: 63, Loss: 0.4965, Cls: 0.2191, Ind: 0.0009, Med: 0.0556, Spu: 0.0002, FD: 0.2207, Var: 0.0000, CStr: 0.420, Ctx: 2, Train: 94.02%, Valid: 92.93%, Test In: 93.02% Test OOD1: 77.67% 
Epoch: 64, Loss: 0.4900, Cls: 0.2162, Ind: 0.0008, Med: 0.0547, Spu: 0.0002, FD: 0.2181, Var: 0.0000, CStr: 0.419, Ctx: 2, Train: 93.99%, Valid: 92.78%, Test In: 92.89% Test OOD1: 78.85% 
Epoch: 65, Loss: 0.4839, Cls: 0.2136, Ind: 0.0008, Med: 0.0542, Spu: 0.0002, FD: 0.2151, Var: 0.0000, CStr: 0.417, Ctx: 2, Train: 94.10%, Valid: 92.94%, Test In: 93.12% Test OOD1: 78.46% 
Epoch: 66, Loss: 0.4832, Cls: 0.2132, Ind: 0.0009, Med: 0.0541, Spu: 0.0002, FD: 0.2148, Var: 0.0000, CStr: 0.416, Ctx: 2, Train: 94.16%, Valid: 93.00%, Test In: 93.14% Test OOD1: 78.33% 
Epoch: 67, Loss: 0.4832, Cls: 0.2133, Ind: 0.0008, Med: 0.0541, Spu: 0.0002, FD: 0.2148, Var: 0.0000, CStr: 0.414, Ctx: 2, Train: 94.19%, Valid: 92.93%, Test In: 93.08% Test OOD1: 79.32% 
Epoch: 68, Loss: 0.4775, Cls: 0.2107, Ind: 0.0008, Med: 0.0534, Spu: 0.0002, FD: 0.2123, Var: 0.0000, CStr: 0.413, Ctx: 2, Train: 94.23%, Valid: 92.98%, Test In: 93.09% Test OOD1: 79.61% 
Epoch: 69, Loss: 0.4749, Cls: 0.2095, Ind: 0.0008, Med: 0.0529, Spu: 0.0002, FD: 0.2114, Var: 0.0000, CStr: 0.412, Ctx: 2, Train: 94.41%, Valid: 93.18%, Test In: 93.22% Test OOD1: 79.64% 
Epoch: 70, Loss: 0.4695, Cls: 0.2071, Ind: 0.0008, Med: 0.0524, Spu: 0.0002, FD: 0.2090, Var: 0.0000, CStr: 0.410, Ctx: 2, Train: 94.47%, Valid: 93.20%, Test In: 93.26% Test OOD1: 79.85% 
Epoch: 71, Loss: 0.4625, Cls: 0.2041, Ind: 0.0008, Med: 0.0517, Spu: 0.0002, FD: 0.2057, Var: 0.0000, CStr: 0.409, Ctx: 2, Train: 94.49%, Valid: 93.16%, Test In: 93.29% Test OOD1: 80.33% 
Epoch: 72, Loss: 0.4652, Cls: 0.2054, Ind: 0.0008, Med: 0.0523, Spu: 0.0002, FD: 0.2066, Var: 0.0000, CStr: 0.408, Ctx: 2, Train: 94.58%, Valid: 93.23%, Test In: 93.29% Test OOD1: 80.19% 
Epoch: 73, Loss: 0.4505, Cls: 0.1989, Ind: 0.0008, Med: 0.0506, Spu: 0.0002, FD: 0.2001, Var: 0.0000, CStr: 0.407, Ctx: 2, Train: 94.60%, Valid: 93.25%, Test In: 93.24% Test OOD1: 80.55% 
Epoch: 74, Loss: 0.4615, Cls: 0.2037, Ind: 0.0008, Med: 0.0516, Spu: 0.0002, FD: 0.2053, Var: 0.0000, CStr: 0.406, Ctx: 2, Train: 94.63%, Valid: 93.26%, Test In: 93.23% Test OOD1: 80.70% 
Epoch: 75, Loss: 0.4521, Cls: 0.1995, Ind: 0.0008, Med: 0.0505, Spu: 0.0002, FD: 0.2011, Var: 0.0000, CStr: 0.405, Ctx: 2, Train: 94.76%, Valid: 93.34%, Test In: 93.46% Test OOD1: 80.13% 
Epoch: 76, Loss: 0.4543, Cls: 0.2005, Ind: 0.0008, Med: 0.0508, Spu: 0.0001, FD: 0.2021, Var: 0.0000, CStr: 0.404, Ctx: 2, Train: 94.78%, Valid: 93.35%, Test In: 93.44% Test OOD1: 80.75% 
Epoch: 77, Loss: 0.4500, Cls: 0.1987, Ind: 0.0007, Med: 0.0505, Spu: 0.0001, FD: 0.1999, Var: 0.0000, CStr: 0.404, Ctx: 2, Train: 94.76%, Valid: 93.37%, Test In: 93.34% Test OOD1: 81.48% 
Epoch: 78, Loss: 0.4433, Cls: 0.1957, Ind: 0.0008, Med: 0.0497, Spu: 0.0001, FD: 0.1970, Var: 0.0000, CStr: 0.403, Ctx: 2, Train: 94.94%, Valid: 93.45%, Test In: 93.52% Test OOD1: 80.17% 
Epoch: 79, Loss: 0.4411, Cls: 0.1946, Ind: 0.0008, Med: 0.0491, Spu: 0.0001, FD: 0.1964, Var: 0.0000, CStr: 0.402, Ctx: 2, Train: 95.01%, Valid: 93.55%, Test In: 93.51% Test OOD1: 80.04% 
Epoch: 80, Loss: 0.4396, Cls: 0.1941, Ind: 0.0007, Med: 0.0492, Spu: 0.0001, FD: 0.1955, Var: 0.0000, CStr: 0.401, Ctx: 2, Train: 94.99%, Valid: 93.55%, Test In: 93.45% Test OOD1: 81.05% 
Epoch: 81, Loss: 0.4381, Cls: 0.1935, Ind: 0.0007, Med: 0.0492, Spu: 0.0001, FD: 0.1945, Var: 0.0000, CStr: 0.401, Ctx: 2, Train: 95.00%, Valid: 93.54%, Test In: 93.56% Test OOD1: 80.23% 
Epoch: 82, Loss: 0.4326, Cls: 0.1910, Ind: 0.0007, Med: 0.0483, Spu: 0.0001, FD: 0.1925, Var: 0.0000, CStr: 0.400, Ctx: 2, Train: 95.22%, Valid: 93.80%, Test In: 93.70% Test OOD1: 79.36% 
Epoch: 83, Loss: 0.4322, Cls: 0.1909, Ind: 0.0007, Med: 0.0486, Spu: 0.0001, FD: 0.1919, Var: 0.0000, CStr: 0.399, Ctx: 2, Train: 94.96%, Valid: 93.43%, Test In: 93.29% Test OOD1: 81.55% 
Epoch: 84, Loss: 0.4249, Cls: 0.1876, Ind: 0.0007, Med: 0.0477, Spu: 0.0001, FD: 0.1888, Var: 0.0000, CStr: 0.399, Ctx: 2, Train: 95.23%, Valid: 93.64%, Test In: 93.60% Test OOD1: 80.71% 
Epoch: 85, Loss: 0.4252, Cls: 0.1877, Ind: 0.0007, Med: 0.0473, Spu: 0.0001, FD: 0.1894, Var: 0.0000, CStr: 0.398, Ctx: 2, Train: 95.45%, Valid: 93.83%, Test In: 93.81% Test OOD1: 80.32% 
Epoch: 86, Loss: 0.4197, Cls: 0.1853, Ind: 0.0007, Med: 0.0469, Spu: 0.0001, FD: 0.1867, Var: 0.0000, CStr: 0.398, Ctx: 2, Train: 95.17%, Valid: 93.58%, Test In: 93.47% Test OOD1: 82.57% 
Epoch: 87, Loss: 0.4207, Cls: 0.1857, Ind: 0.0007, Med: 0.0469, Spu: 0.0001, FD: 0.1873, Var: 0.0000, CStr: 0.397, Ctx: 2, Train: 95.45%, Valid: 93.77%, Test In: 93.71% Test OOD1: 81.15% 
Epoch: 88, Loss: 0.4195, Cls: 0.1852, Ind: 0.0007, Med: 0.0468, Spu: 0.0001, FD: 0.1867, Var: 0.0000, CStr: 0.397, Ctx: 2, Train: 95.56%, Valid: 93.88%, Test In: 93.83% Test OOD1: 80.67% 
Epoch: 89, Loss: 0.4130, Cls: 0.1823, Ind: 0.0007, Med: 0.0460, Spu: 0.0001, FD: 0.1839, Var: 0.0000, CStr: 0.396, Ctx: 2, Train: 95.40%, Valid: 93.68%, Test In: 93.59% Test OOD1: 82.21% 
Epoch: 90, Loss: 0.4081, Cls: 0.1802, Ind: 0.0007, Med: 0.0457, Spu: 0.0001, FD: 0.1814, Var: 0.0000, CStr: 0.396, Ctx: 2, Train: 95.54%, Valid: 93.76%, Test In: 93.67% Test OOD1: 82.02% 
Epoch: 91, Loss: 0.4132, Cls: 0.1824, Ind: 0.0007, Med: 0.0462, Spu: 0.0001, FD: 0.1838, Var: 0.0000, CStr: 0.396, Ctx: 2, Train: 95.79%, Valid: 93.94%, Test In: 93.95% Test OOD1: 80.07% 
Epoch: 92, Loss: 0.4157, Cls: 0.1836, Ind: 0.0007, Med: 0.0464, Spu: 0.0001, FD: 0.1850, Var: 0.0000, CStr: 0.395, Ctx: 2, Train: 95.54%, Valid: 93.70%, Test In: 93.58% Test OOD1: 82.77% 
Epoch: 93, Loss: 0.4020, Cls: 0.1775, Ind: 0.0006, Med: 0.0449, Spu: 0.0001, FD: 0.1788, Var: 0.0000, CStr: 0.395, Ctx: 2, Train: 95.63%, Valid: 93.70%, Test In: 93.63% Test OOD1: 82.74% 
Epoch: 94, Loss: 0.4025, Cls: 0.1778, Ind: 0.0006, Med: 0.0451, Spu: 0.0001, FD: 0.1789, Var: 0.0000, CStr: 0.395, Ctx: 2, Train: 95.92%, Valid: 93.96%, Test In: 93.98% Test OOD1: 80.61% 
Epoch: 95, Loss: 0.3947, Cls: 0.1743, Ind: 0.0006, Med: 0.0441, Spu: 0.0001, FD: 0.1757, Var: 0.0000, CStr: 0.394, Ctx: 2, Train: 95.91%, Valid: 93.99%, Test In: 93.77% Test OOD1: 82.12% 
Epoch: 96, Loss: 0.4010, Cls: 0.1771, Ind: 0.0006, Med: 0.0448, Spu: 0.0001, FD: 0.1785, Var: 0.0000, CStr: 0.394, Ctx: 2, Train: 95.91%, Valid: 93.91%, Test In: 93.74% Test OOD1: 82.69% 
Epoch: 97, Loss: 0.3896, Cls: 0.1720, Ind: 0.0006, Med: 0.0435, Spu: 0.0001, FD: 0.1734, Var: 0.0000, CStr: 0.394, Ctx: 2, Train: 96.20%, Valid: 94.20%, Test In: 94.02% Test OOD1: 80.81% 
Epoch: 98, Loss: 0.3897, Cls: 0.1720, Ind: 0.0006, Med: 0.0434, Spu: 0.0001, FD: 0.1735, Var: 0.0000, CStr: 0.394, Ctx: 2, Train: 96.07%, Valid: 93.97%, Test In: 93.85% Test OOD1: 81.75% 
Epoch: 99, Loss: 0.3806, Cls: 0.1681, Ind: 0.0006, Med: 0.0427, Spu: 0.0001, FD: 0.1692, Var: 0.0000, CStr: 0.394, Ctx: 2, Train: 96.08%, Valid: 93.97%, Test In: 93.74% Test OOD1: 82.31% 
Epoch: 100, Loss: 0.3832, Cls: 0.1692, Ind: 0.0006, Med: 0.0427, Spu: 0.0001, FD: 0.1707, Var: 0.0000, CStr: 0.393, Ctx: 2, Train: 96.28%, Valid: 94.18%, Test In: 94.01% Test OOD1: 81.24% 
Epoch: 101, Loss: 0.3796, Cls: 0.1676, Ind: 0.0006, Med: 0.0423, Spu: 0.0001, FD: 0.1690, Var: 0.0000, CStr: 0.393, Ctx: 2, Train: 96.16%, Valid: 94.04%, Test In: 93.89% Test OOD1: 82.10% 
Epoch: 102, Loss: 0.3744, Cls: 0.1653, Ind: 0.0006, Med: 0.0416, Spu: 0.0001, FD: 0.1669, Var: 0.0000, CStr: 0.393, Ctx: 2, Train: 96.29%, Valid: 94.19%, Test In: 94.03% Test OOD1: 81.72% 
Epoch: 103, Loss: 0.3744, Cls: 0.1653, Ind: 0.0006, Med: 0.0418, Spu: 0.0001, FD: 0.1666, Var: 0.0000, CStr: 0.393, Ctx: 2, Train: 96.41%, Valid: 94.28%, Test In: 94.04% Test OOD1: 81.37% 
Epoch: 104, Loss: 0.3750, Cls: 0.1656, Ind: 0.0006, Med: 0.0419, Spu: 0.0001, FD: 0.1668, Var: 0.0000, CStr: 0.393, Ctx: 2, Train: 96.19%, Valid: 94.06%, Test In: 93.89% Test OOD1: 82.56% 
Epoch: 105, Loss: 0.3809, Cls: 0.1683, Ind: 0.0006, Med: 0.0427, Spu: 0.0001, FD: 0.1692, Var: 0.0000, CStr: 0.393, Ctx: 2, Train: 96.47%, Valid: 94.34%, Test In: 94.10% Test OOD1: 82.26% 
Epoch: 106, Loss: 0.3673, Cls: 0.1623, Ind: 0.0005, Med: 0.0411, Spu: 0.0001, FD: 0.1634, Var: 0.0000, CStr: 0.393, Ctx: 2, Train: 96.60%, Valid: 94.39%, Test In: 94.18% Test OOD1: 82.43% 
Epoch: 107, Loss: 0.3583, Cls: 0.1583, Ind: 0.0005, Med: 0.0399, Spu: 0.0001, FD: 0.1596, Var: 0.0000, CStr: 0.393, Ctx: 2, Train: 96.47%, Valid: 94.23%, Test In: 94.04% Test OOD1: 83.54% 
Epoch: 108, Loss: 0.3678, Cls: 0.1624, Ind: 0.0005, Med: 0.0408, Spu: 0.0001, FD: 0.1640, Var: 0.0000, CStr: 0.393, Ctx: 2, Train: 96.74%, Valid: 94.56%, Test In: 94.33% Test OOD1: 81.80% 
Epoch: 109, Loss: 0.3582, Cls: 0.1582, Ind: 0.0006, Med: 0.0400, Spu: 0.0001, FD: 0.1593, Var: 0.0000, CStr: 0.393, Ctx: 2, Train: 96.72%, Valid: 94.49%, Test In: 94.15% Test OOD1: 82.80% 
Epoch: 110, Loss: 0.3566, Cls: 0.1575, Ind: 0.0005, Med: 0.0398, Spu: 0.0000, FD: 0.1587, Var: 0.0000, CStr: 0.393, Ctx: 2, Train: 96.68%, Valid: 94.28%, Test In: 94.10% Test OOD1: 82.92% 
Epoch: 111, Loss: 0.3625, Cls: 0.1601, Ind: 0.0005, Med: 0.0405, Spu: 0.0000, FD: 0.1613, Var: 0.0000, CStr: 0.393, Ctx: 2, Train: 96.86%, Valid: 94.45%, Test In: 94.25% Test OOD1: 80.72% 
Epoch: 112, Loss: 0.3575, Cls: 0.1579, Ind: 0.0005, Med: 0.0399, Spu: 0.0000, FD: 0.1592, Var: 0.0000, CStr: 0.393, Ctx: 2, Train: 96.82%, Valid: 94.53%, Test In: 94.31% Test OOD1: 81.71% 
Epoch: 113, Loss: 0.3552, Cls: 0.1569, Ind: 0.0005, Med: 0.0397, Spu: 0.0000, FD: 0.1581, Var: 0.0000, CStr: 0.393, Ctx: 2, Train: 96.86%, Valid: 94.52%, Test In: 94.29% Test OOD1: 82.67% 
Epoch: 114, Loss: 0.3481, Cls: 0.1536, Ind: 0.0005, Med: 0.0386, Spu: 0.0000, FD: 0.1553, Var: 0.0000, CStr: 0.393, Ctx: 2, Train: 97.04%, Valid: 94.59%, Test In: 94.48% Test OOD1: 80.69% 
Epoch: 115, Loss: 0.3526, Cls: 0.1558, Ind: 0.0005, Med: 0.0395, Spu: 0.0000, FD: 0.1566, Var: 0.0000, CStr: 0.393, Ctx: 2, Train: 96.70%, Valid: 94.22%, Test In: 94.13% Test OOD1: 84.78% 
Epoch: 116, Loss: 0.3548, Cls: 0.1568, Ind: 0.0005, Med: 0.0397, Spu: 0.0000, FD: 0.1577, Var: 0.0000, CStr: 0.393, Ctx: 2, Train: 97.04%, Valid: 94.55%, Test In: 94.37% Test OOD1: 83.78% 
Epoch: 117, Loss: 0.3422, Cls: 0.1512, Ind: 0.0005, Med: 0.0384, Spu: 0.0000, FD: 0.1521, Var: 0.0000, CStr: 0.393, Ctx: 2, Train: 97.26%, Valid: 94.76%, Test In: 94.57% Test OOD1: 81.62% 
Epoch: 118, Loss: 0.3381, Cls: 0.1494, Ind: 0.0004, Med: 0.0376, Spu: 0.0000, FD: 0.1506, Var: 0.0000, CStr: 0.393, Ctx: 2, Train: 97.08%, Valid: 94.52%, Test In: 94.28% Test OOD1: 84.19% 
Epoch: 119, Loss: 0.3397, Cls: 0.1501, Ind: 0.0005, Med: 0.0380, Spu: 0.0000, FD: 0.1511, Var: 0.0000, CStr: 0.393, Ctx: 2, Train: 97.32%, Valid: 94.69%, Test In: 94.58% Test OOD1: 82.79% 
Epoch: 120, Loss: 0.3244, Cls: 0.1433, Ind: 0.0004, Med: 0.0363, Spu: 0.0000, FD: 0.1444, Var: 0.0000, CStr: 0.393, Ctx: 2, Train: 97.35%, Valid: 94.79%, Test In: 94.74% Test OOD1: 81.88% 
Epoch: 121, Loss: 0.3341, Cls: 0.1477, Ind: 0.0004, Med: 0.0373, Spu: 0.0000, FD: 0.1486, Var: 0.0000, CStr: 0.393, Ctx: 2, Train: 96.99%, Valid: 94.35%, Test In: 94.18% Test OOD1: 84.54% 
Epoch: 122, Loss: 0.3293, Cls: 0.1455, Ind: 0.0004, Med: 0.0368, Spu: 0.0000, FD: 0.1465, Var: 0.0000, CStr: 0.393, Ctx: 2, Train: 97.51%, Valid: 94.83%, Test In: 94.81% Test OOD1: 82.72% 
Epoch: 123, Loss: 0.3353, Cls: 0.1482, Ind: 0.0004, Med: 0.0374, Spu: 0.0000, FD: 0.1492, Var: 0.0000, CStr: 0.393, Ctx: 2, Train: 97.53%, Valid: 94.94%, Test In: 94.79% Test OOD1: 83.02% 
Epoch: 124, Loss: 0.3180, Cls: 0.1405, Ind: 0.0004, Med: 0.0356, Spu: 0.0000, FD: 0.1414, Var: 0.0000, CStr: 0.393, Ctx: 2, Train: 97.37%, Valid: 94.74%, Test In: 94.57% Test OOD1: 84.67% 
Epoch: 125, Loss: 0.3254, Cls: 0.1438, Ind: 0.0004, Med: 0.0365, Spu: 0.0000, FD: 0.1446, Var: 0.0000, CStr: 0.394, Ctx: 2, Train: 97.60%, Valid: 94.93%, Test In: 94.77% Test OOD1: 82.25% 
Epoch: 126, Loss: 0.3272, Cls: 0.1446, Ind: 0.0004, Med: 0.0365, Spu: 0.0000, FD: 0.1457, Var: 0.0000, CStr: 0.394, Ctx: 2, Train: 97.40%, Valid: 94.71%, Test In: 94.68% Test OOD1: 84.87% 
Epoch: 127, Loss: 0.3174, Cls: 0.1402, Ind: 0.0004, Med: 0.0353, Spu: 0.0000, FD: 0.1414, Var: 0.0000, CStr: 0.394, Ctx: 2, Train: 97.63%, Valid: 94.86%, Test In: 94.74% Test OOD1: 84.10% 
Epoch: 128, Loss: 0.3109, Cls: 0.1375, Ind: 0.0004, Med: 0.0348, Spu: 0.0000, FD: 0.1382, Var: 0.0000, CStr: 0.394, Ctx: 2, Train: 97.72%, Valid: 95.08%, Test In: 94.87% Test OOD1: 83.00% 
Epoch: 129, Loss: 0.3137, Cls: 0.1386, Ind: 0.0004, Med: 0.0350, Spu: 0.0000, FD: 0.1397, Var: 0.0000, CStr: 0.394, Ctx: 2, Train: 97.74%, Valid: 95.09%, Test In: 94.86% Test OOD1: 84.01% 
Epoch: 130, Loss: 0.3127, Cls: 0.1382, Ind: 0.0004, Med: 0.0349, Spu: 0.0000, FD: 0.1392, Var: 0.0000, CStr: 0.394, Ctx: 2, Train: 97.53%, Valid: 94.85%, Test In: 94.75% Test OOD1: 84.76% 
Epoch: 131, Loss: 0.3095, Cls: 0.1367, Ind: 0.0004, Med: 0.0344, Spu: 0.0000, FD: 0.1379, Var: 0.0000, CStr: 0.394, Ctx: 2, Train: 97.87%, Valid: 95.18%, Test In: 95.02% Test OOD1: 82.23% 
Epoch: 132, Loss: 0.3138, Cls: 0.1387, Ind: 0.0004, Med: 0.0350, Spu: 0.0000, FD: 0.1397, Var: 0.0000, CStr: 0.394, Ctx: 2, Train: 97.68%, Valid: 94.97%, Test In: 94.82% Test OOD1: 84.56% 
Epoch: 133, Loss: 0.3054, Cls: 0.1350, Ind: 0.0004, Med: 0.0341, Spu: 0.0000, FD: 0.1360, Var: 0.0000, CStr: 0.394, Ctx: 2, Train: 97.67%, Valid: 94.92%, Test In: 94.79% Test OOD1: 85.02% 
Epoch: 134, Loss: 0.3077, Cls: 0.1360, Ind: 0.0004, Med: 0.0341, Spu: 0.0000, FD: 0.1372, Var: 0.0000, CStr: 0.394, Ctx: 2, Train: 97.96%, Valid: 95.29%, Test In: 95.10% Test OOD1: 82.19% 
Epoch: 135, Loss: 0.3094, Cls: 0.1368, Ind: 0.0003, Med: 0.0346, Spu: 0.0000, FD: 0.1375, Var: 0.0000, CStr: 0.394, Ctx: 2, Train: 97.73%, Valid: 94.99%, Test In: 94.78% Test OOD1: 84.29% 
Epoch: 136, Loss: 0.3012, Cls: 0.1331, Ind: 0.0004, Med: 0.0335, Spu: 0.0000, FD: 0.1342, Var: 0.0000, CStr: 0.394, Ctx: 2, Train: 97.65%, Valid: 94.78%, Test In: 94.63% Test OOD1: 85.60% 
Epoch: 137, Loss: 0.3107, Cls: 0.1373, Ind: 0.0004, Med: 0.0347, Spu: 0.0000, FD: 0.1383, Var: 0.0000, CStr: 0.394, Ctx: 2, Train: 98.09%, Valid: 95.35%, Test In: 95.14% Test OOD1: 81.60% 
Epoch: 138, Loss: 0.3209, Cls: 0.1418, Ind: 0.0004, Med: 0.0355, Spu: 0.0000, FD: 0.1432, Var: 0.0000, CStr: 0.394, Ctx: 2, Train: 97.66%, Valid: 94.84%, Test In: 94.70% Test OOD1: 86.39% 
Epoch: 139, Loss: 0.2960, Cls: 0.1308, Ind: 0.0004, Med: 0.0330, Spu: 0.0000, FD: 0.1319, Var: 0.0000, CStr: 0.394, Ctx: 2, Train: 98.00%, Valid: 95.39%, Test In: 95.07% Test OOD1: 84.73% 
Epoch: 140, Loss: 0.2890, Cls: 0.1277, Ind: 0.0003, Med: 0.0323, Spu: 0.0000, FD: 0.1287, Var: 0.0000, CStr: 0.394, Ctx: 2, Train: 98.22%, Valid: 95.54%, Test In: 95.23% Test OOD1: 83.11% 
Epoch: 141, Loss: 0.2955, Cls: 0.1305, Ind: 0.0004, Med: 0.0327, Spu: 0.0000, FD: 0.1319, Var: 0.0000, CStr: 0.394, Ctx: 2, Train: 97.97%, Valid: 95.24%, Test In: 94.98% Test OOD1: 86.03% 
Epoch: 142, Loss: 0.2896, Cls: 0.1279, Ind: 0.0004, Med: 0.0321, Spu: 0.0000, FD: 0.1291, Var: 0.0000, CStr: 0.394, Ctx: 2, Train: 98.20%, Valid: 95.62%, Test In: 95.27% Test OOD1: 84.63% 
Epoch: 143, Loss: 0.2745, Cls: 0.1213, Ind: 0.0003, Med: 0.0306, Spu: 0.0000, FD: 0.1223, Var: 0.0000, CStr: 0.394, Ctx: 2, Train: 98.28%, Valid: 95.65%, Test In: 95.37% Test OOD1: 83.45% 
Epoch: 144, Loss: 0.2872, Cls: 0.1270, Ind: 0.0003, Med: 0.0321, Spu: 0.0000, FD: 0.1278, Var: 0.0000, CStr: 0.395, Ctx: 2, Train: 98.07%, Valid: 95.25%, Test In: 94.97% Test OOD1: 85.98% 
Epoch: 145, Loss: 0.2821, Cls: 0.1246, Ind: 0.0003, Med: 0.0315, Spu: 0.0000, FD: 0.1255, Var: 0.0000, CStr: 0.395, Ctx: 2, Train: 98.38%, Valid: 95.62%, Test In: 95.40% Test OOD1: 84.02% 
Epoch: 146, Loss: 0.2685, Cls: 0.1187, Ind: 0.0003, Med: 0.0300, Spu: 0.0000, FD: 0.1195, Var: 0.0000, CStr: 0.395, Ctx: 2, Train: 98.43%, Valid: 95.56%, Test In: 95.54% Test OOD1: 83.23% 
Epoch: 147, Loss: 0.2876, Cls: 0.1271, Ind: 0.0003, Med: 0.0320, Spu: 0.0000, FD: 0.1281, Var: 0.0000, CStr: 0.395, Ctx: 2, Train: 98.29%, Valid: 95.47%, Test In: 95.33% Test OOD1: 86.02% 
Epoch: 148, Loss: 0.2811, Cls: 0.1242, Ind: 0.0003, Med: 0.0312, Spu: 0.0000, FD: 0.1253, Var: 0.0000, CStr: 0.395, Ctx: 2, Train: 98.55%, Valid: 95.78%, Test In: 95.50% Test OOD1: 85.07% 
Epoch: 149, Loss: 0.2676, Cls: 0.1183, Ind: 0.0003, Med: 0.0299, Spu: 0.0000, FD: 0.1191, Var: 0.0000, CStr: 0.395, Ctx: 2, Train: 98.54%, Valid: 95.65%, Test In: 95.48% Test OOD1: 84.94% 
Epoch: 150, Loss: 0.2805, Cls: 0.1240, Ind: 0.0003, Med: 0.0313, Spu: 0.0000, FD: 0.1249, Var: 0.0000, CStr: 0.395, Ctx: 2, Train: 98.01%, Valid: 95.13%, Test In: 94.83% Test OOD1: 88.17% 
Epoch: 151, Loss: 0.2903, Cls: 0.1284, Ind: 0.0003, Med: 0.0327, Spu: 0.0000, FD: 0.1289, Var: 0.0000, CStr: 0.395, Ctx: 2, Train: 98.32%, Valid: 95.42%, Test In: 95.36% Test OOD1: 84.95% 
Epoch: 152, Loss: 0.2864, Cls: 0.1266, Ind: 0.0003, Med: 0.0319, Spu: 0.0000, FD: 0.1275, Var: 0.0000, CStr: 0.395, Ctx: 2, Train: 98.57%, Valid: 95.83%, Test In: 95.43% Test OOD1: 85.16% 
Epoch: 153, Loss: 0.2735, Cls: 0.1208, Ind: 0.0003, Med: 0.0303, Spu: 0.0000, FD: 0.1220, Var: 0.0000, CStr: 0.395, Ctx: 2, Train: 98.15%, Valid: 95.12%, Test In: 94.76% Test OOD1: 87.86% 
Epoch: 154, Loss: 0.2771, Cls: 0.1225, Ind: 0.0003, Med: 0.0309, Spu: 0.0000, FD: 0.1234, Var: 0.0000, CStr: 0.395, Ctx: 2, Train: 98.57%, Valid: 95.71%, Test In: 95.46% Test OOD1: 84.82% 
Epoch: 155, Loss: 0.2727, Cls: 0.1206, Ind: 0.0003, Med: 0.0305, Spu: 0.0000, FD: 0.1213, Var: 0.0000, CStr: 0.395, Ctx: 2, Train: 98.68%, Valid: 96.08%, Test In: 95.69% Test OOD1: 83.96% 
Epoch: 156, Loss: 0.2691, Cls: 0.1190, Ind: 0.0003, Med: 0.0301, Spu: 0.0000, FD: 0.1196, Var: 0.0000, CStr: 0.395, Ctx: 2, Train: 98.38%, Valid: 95.54%, Test In: 95.21% Test OOD1: 87.20% 
Epoch: 157, Loss: 0.2740, Cls: 0.1211, Ind: 0.0003, Med: 0.0305, Spu: 0.0000, FD: 0.1221, Var: 0.0000, CStr: 0.395, Ctx: 2, Train: 98.48%, Valid: 95.60%, Test In: 95.48% Test OOD1: 85.51% 
Epoch: 158, Loss: 0.2698, Cls: 0.1193, Ind: 0.0003, Med: 0.0302, Spu: 0.0000, FD: 0.1200, Var: 0.0000, CStr: 0.395, Ctx: 2, Train: 98.71%, Valid: 96.08%, Test In: 95.82% Test OOD1: 83.81% 
Epoch: 159, Loss: 0.2758, Cls: 0.1219, Ind: 0.0003, Med: 0.0307, Spu: 0.0000, FD: 0.1228, Var: 0.0000, CStr: 0.395, Ctx: 2, Train: 98.57%, Valid: 95.74%, Test In: 95.46% Test OOD1: 87.15% 
Epoch: 160, Loss: 0.2577, Cls: 0.1139, Ind: 0.0003, Med: 0.0288, Spu: 0.0000, FD: 0.1148, Var: 0.0000, CStr: 0.395, Ctx: 2, Train: 98.68%, Valid: 95.84%, Test In: 95.51% Test OOD1: 86.29% 
Epoch: 161, Loss: 0.2559, Cls: 0.1131, Ind: 0.0003, Med: 0.0285, Spu: 0.0000, FD: 0.1140, Var: 0.0000, CStr: 0.395, Ctx: 2, Train: 98.83%, Valid: 96.15%, Test In: 95.90% Test OOD1: 84.15% 
Epoch: 162, Loss: 0.2552, Cls: 0.1128, Ind: 0.0003, Med: 0.0285, Spu: 0.0000, FD: 0.1136, Var: 0.0000, CStr: 0.395, Ctx: 2, Train: 98.67%, Valid: 95.86%, Test In: 95.66% Test OOD1: 87.00% 
Epoch: 163, Loss: 0.2596, Cls: 0.1147, Ind: 0.0003, Med: 0.0290, Spu: 0.0000, FD: 0.1156, Var: 0.0000, CStr: 0.395, Ctx: 2, Train: 98.70%, Valid: 95.82%, Test In: 95.56% Test OOD1: 87.36% 
Epoch: 164, Loss: 0.2548, Cls: 0.1126, Ind: 0.0003, Med: 0.0284, Spu: 0.0000, FD: 0.1135, Var: 0.0000, CStr: 0.395, Ctx: 2, Train: 98.96%, Valid: 96.21%, Test In: 95.89% Test OOD1: 85.77% 
Epoch: 165, Loss: 0.2583, Cls: 0.1141, Ind: 0.0003, Med: 0.0288, Spu: 0.0000, FD: 0.1150, Var: 0.0000, CStr: 0.395, Ctx: 2, Train: 98.90%, Valid: 96.14%, Test In: 95.86% Test OOD1: 86.71% 
Epoch: 166, Loss: 0.2487, Cls: 0.1098, Ind: 0.0003, Med: 0.0276, Spu: 0.0000, FD: 0.1109, Var: 0.0000, CStr: 0.395, Ctx: 2, Train: 98.73%, Valid: 95.86%, Test In: 95.54% Test OOD1: 87.66% 
Epoch: 167, Loss: 0.2482, Cls: 0.1097, Ind: 0.0003, Med: 0.0276, Spu: 0.0000, FD: 0.1107, Var: 0.0000, CStr: 0.395, Ctx: 2, Train: 98.86%, Valid: 96.02%, Test In: 95.79% Test OOD1: 85.73% 
Epoch: 168, Loss: 0.2477, Cls: 0.1095, Ind: 0.0003, Med: 0.0278, Spu: 0.0000, FD: 0.1101, Var: 0.0000, CStr: 0.395, Ctx: 2, Train: 98.87%, Valid: 96.08%, Test In: 95.79% Test OOD1: 86.12% 
Epoch: 169, Loss: 0.2503, Cls: 0.1107, Ind: 0.0002, Med: 0.0279, Spu: 0.0000, FD: 0.1114, Var: 0.0000, CStr: 0.395, Ctx: 2, Train: 98.99%, Valid: 96.26%, Test In: 95.85% Test OOD1: 86.94% 
Epoch: 170, Loss: 0.2404, Cls: 0.1063, Ind: 0.0002, Med: 0.0269, Spu: 0.0000, FD: 0.1069, Var: 0.0000, CStr: 0.395, Ctx: 2, Train: 99.03%, Valid: 96.34%, Test In: 95.88% Test OOD1: 87.51% 
Epoch: 171, Loss: 0.2404, Cls: 0.1062, Ind: 0.0003, Med: 0.0268, Spu: 0.0000, FD: 0.1071, Var: 0.0000, CStr: 0.395, Ctx: 2, Train: 99.09%, Valid: 96.46%, Test In: 96.04% Test OOD1: 86.42% 
Epoch: 172, Loss: 0.2504, Cls: 0.1106, Ind: 0.0003, Med: 0.0279, Spu: 0.0000, FD: 0.1116, Var: 0.0000, CStr: 0.395, Ctx: 2, Train: 98.99%, Valid: 96.17%, Test In: 95.83% Test OOD1: 86.78% 
Epoch: 173, Loss: 0.2445, Cls: 0.1081, Ind: 0.0003, Med: 0.0272, Spu: 0.0000, FD: 0.1090, Var: 0.0000, CStr: 0.395, Ctx: 2, Train: 98.91%, Valid: 96.15%, Test In: 95.70% Test OOD1: 87.64% 
Epoch: 174, Loss: 0.2434, Cls: 0.1075, Ind: 0.0002, Med: 0.0271, Spu: 0.0000, FD: 0.1086, Var: 0.0000, CStr: 0.395, Ctx: 2, Train: 99.09%, Valid: 96.52%, Test In: 96.07% Test OOD1: 84.90% 
Epoch: 175, Loss: 0.2431, Cls: 0.1075, Ind: 0.0003, Med: 0.0273, Spu: 0.0000, FD: 0.1080, Var: 0.0000, CStr: 0.395, Ctx: 2, Train: 98.96%, Valid: 96.23%, Test In: 95.77% Test OOD1: 87.52% 
Epoch: 176, Loss: 0.2343, Cls: 0.1035, Ind: 0.0003, Med: 0.0261, Spu: 0.0000, FD: 0.1045, Var: 0.0000, CStr: 0.395, Ctx: 2, Train: 98.97%, Valid: 96.17%, Test In: 95.77% Test OOD1: 87.70% 
Epoch: 177, Loss: 0.2324, Cls: 0.1028, Ind: 0.0003, Med: 0.0262, Spu: 0.0000, FD: 0.1031, Var: 0.0000, CStr: 0.395, Ctx: 2, Train: 99.08%, Valid: 96.54%, Test In: 96.19% Test OOD1: 84.68% 
Epoch: 178, Loss: 0.2340, Cls: 0.1033, Ind: 0.0003, Med: 0.0258, Spu: 0.0000, FD: 0.1045, Var: 0.0000, CStr: 0.395, Ctx: 2, Train: 99.06%, Valid: 96.22%, Test In: 95.95% Test OOD1: 87.36% 
Epoch: 179, Loss: 0.2377, Cls: 0.1050, Ind: 0.0002, Med: 0.0264, Spu: 0.0000, FD: 0.1060, Var: 0.0000, CStr: 0.395, Ctx: 2, Train: 99.01%, Valid: 96.20%, Test In: 95.80% Test OOD1: 88.43% 
Epoch: 180, Loss: 0.2355, Cls: 0.1041, Ind: 0.0003, Med: 0.0263, Spu: 0.0000, FD: 0.1048, Var: 0.0000, CStr: 0.395, Ctx: 2, Train: 99.21%, Valid: 96.50%, Test In: 96.29% Test OOD1: 84.89% 
Epoch: 181, Loss: 0.2380, Cls: 0.1052, Ind: 0.0002, Med: 0.0265, Spu: 0.0000, FD: 0.1060, Var: 0.0000, CStr: 0.395, Ctx: 2, Train: 99.18%, Valid: 96.53%, Test In: 96.08% Test OOD1: 87.33% 
Epoch: 182, Loss: 0.2219, Cls: 0.0981, Ind: 0.0002, Med: 0.0248, Spu: 0.0000, FD: 0.0988, Var: 0.0000, CStr: 0.395, Ctx: 2, Train: 99.04%, Valid: 96.14%, Test In: 95.80% Test OOD1: 88.72% 
Epoch: 183, Loss: 0.2290, Cls: 0.1013, Ind: 0.0002, Med: 0.0257, Spu: 0.0000, FD: 0.1018, Var: 0.0000, CStr: 0.395, Ctx: 2, Train: 99.22%, Valid: 96.49%, Test In: 96.29% Test OOD1: 85.40% 
Epoch: 184, Loss: 0.2378, Cls: 0.1051, Ind: 0.0002, Med: 0.0263, Spu: 0.0000, FD: 0.1062, Var: 0.0000, CStr: 0.395, Ctx: 2, Train: 99.23%, Valid: 96.59%, Test In: 96.17% Test OOD1: 87.43% 
Epoch: 185, Loss: 0.2254, Cls: 0.0996, Ind: 0.0003, Med: 0.0251, Spu: 0.0000, FD: 0.1004, Var: 0.0000, CStr: 0.395, Ctx: 2, Train: 99.08%, Valid: 96.14%, Test In: 95.88% Test OOD1: 88.47% 
Epoch: 186, Loss: 0.2271, Cls: 0.1004, Ind: 0.0003, Med: 0.0254, Spu: 0.0000, FD: 0.1010, Var: 0.0000, CStr: 0.395, Ctx: 2, Train: 99.34%, Valid: 96.57%, Test In: 96.38% Test OOD1: 86.19% 
Epoch: 187, Loss: 0.2281, Cls: 0.1008, Ind: 0.0003, Med: 0.0253, Spu: 0.0000, FD: 0.1017, Var: 0.0000, CStr: 0.395, Ctx: 2, Train: 99.29%, Valid: 96.56%, Test In: 96.21% Test OOD1: 87.07% 
Epoch: 188, Loss: 0.2153, Cls: 0.0951, Ind: 0.0002, Med: 0.0239, Spu: 0.0000, FD: 0.0960, Var: 0.0000, CStr: 0.395, Ctx: 2, Train: 99.06%, Valid: 96.15%, Test In: 95.71% Test OOD1: 88.64% 
Epoch: 189, Loss: 0.2324, Cls: 0.1027, Ind: 0.0002, Med: 0.0259, Spu: 0.0000, FD: 0.1035, Var: 0.0000, CStr: 0.395, Ctx: 2, Train: 99.33%, Valid: 96.54%, Test In: 96.33% Test OOD1: 85.35% 
Epoch: 190, Loss: 0.2280, Cls: 0.1008, Ind: 0.0002, Med: 0.0253, Spu: 0.0000, FD: 0.1017, Var: 0.0000, CStr: 0.395, Ctx: 2, Train: 99.37%, Valid: 96.54%, Test In: 96.29% Test OOD1: 86.15% 
Epoch: 191, Loss: 0.2198, Cls: 0.0972, Ind: 0.0002, Med: 0.0245, Spu: 0.0000, FD: 0.0979, Var: 0.0000, CStr: 0.395, Ctx: 2, Train: 99.11%, Valid: 96.10%, Test In: 95.85% Test OOD1: 88.04% 
Epoch: 192, Loss: 0.2246, Cls: 0.0993, Ind: 0.0002, Med: 0.0251, Spu: 0.0000, FD: 0.1000, Var: 0.0000, CStr: 0.396, Ctx: 2, Train: 99.31%, Valid: 96.47%, Test In: 96.23% Test OOD1: 86.18% 
Epoch: 193, Loss: 0.2192, Cls: 0.0969, Ind: 0.0003, Med: 0.0246, Spu: 0.0000, FD: 0.0974, Var: 0.0000, CStr: 0.396, Ctx: 2, Train: 99.40%, Valid: 96.58%, Test In: 96.42% Test OOD1: 85.69% 
Epoch: 194, Loss: 0.2152, Cls: 0.0952, Ind: 0.0003, Med: 0.0241, Spu: 0.0000, FD: 0.0957, Var: 0.0000, CStr: 0.396, Ctx: 2, Train: 99.26%, Valid: 96.27%, Test In: 96.08% Test OOD1: 87.80% 
Epoch: 195, Loss: 0.2139, Cls: 0.0945, Ind: 0.0003, Med: 0.0238, Spu: 0.0000, FD: 0.0953, Var: 0.0000, CStr: 0.396, Ctx: 2, Train: 99.35%, Valid: 96.56%, Test In: 96.27% Test OOD1: 86.28% 
Epoch: 196, Loss: 0.2171, Cls: 0.0960, Ind: 0.0002, Med: 0.0242, Spu: 0.0000, FD: 0.0967, Var: 0.0000, CStr: 0.396, Ctx: 2, Train: 99.45%, Valid: 96.67%, Test In: 96.52% Test OOD1: 85.35% 
Epoch: 197, Loss: 0.2151, Cls: 0.0951, Ind: 0.0003, Med: 0.0241, Spu: 0.0000, FD: 0.0956, Var: 0.0000, CStr: 0.396, Ctx: 2, Train: 99.12%, Valid: 96.17%, Test In: 95.93% Test OOD1: 88.73% 
Epoch: 198, Loss: 0.2134, Cls: 0.0944, Ind: 0.0002, Med: 0.0239, Spu: 0.0000, FD: 0.0950, Var: 0.0000, CStr: 0.396, Ctx: 2, Train: 99.37%, Valid: 96.62%, Test In: 96.43% Test OOD1: 86.77% 
Epoch: 199, Loss: 0.2063, Cls: 0.0911, Ind: 0.0002, Med: 0.0228, Spu: 0.0000, FD: 0.0921, Var: 0.0000, CStr: 0.396, Ctx: 2, Train: 99.46%, Valid: 96.74%, Test In: 96.48% Test OOD1: 86.60% 
Epoch: 200, Loss: 0.2149, Cls: 0.0950, Ind: 0.0002, Med: 0.0238, Spu: 0.0000, FD: 0.0959, Var: 0.0000, CStr: 0.396, Ctx: 2, Train: 99.32%, Valid: 96.34%, Test In: 96.10% Test OOD1: 88.64% 
Epoch: 201, Loss: 0.2142, Cls: 0.0947, Ind: 0.0002, Med: 0.0239, Spu: 0.0000, FD: 0.0954, Var: 0.0000, CStr: 0.396, Ctx: 2, Train: 99.47%, Valid: 96.63%, Test In: 96.43% Test OOD1: 87.59% 
Epoch: 202, Loss: 0.2116, Cls: 0.0935, Ind: 0.0002, Med: 0.0235, Spu: 0.0000, FD: 0.0943, Var: 0.0000, CStr: 0.396, Ctx: 2, Train: 99.50%, Valid: 96.68%, Test In: 96.58% Test OOD1: 87.23% 
Epoch: 203, Loss: 0.2075, Cls: 0.0916, Ind: 0.0002, Med: 0.0230, Spu: 0.0000, FD: 0.0926, Var: 0.0000, CStr: 0.396, Ctx: 2, Train: 99.42%, Valid: 96.64%, Test In: 96.36% Test OOD1: 88.03% 
Epoch: 204, Loss: 0.2113, Cls: 0.0933, Ind: 0.0002, Med: 0.0234, Spu: 0.0000, FD: 0.0944, Var: 0.0000, CStr: 0.396, Ctx: 2, Train: 99.42%, Valid: 96.57%, Test In: 96.43% Test OOD1: 87.91% 
Epoch: 205, Loss: 0.2027, Cls: 0.0896, Ind: 0.0002, Med: 0.0226, Spu: 0.0000, FD: 0.0903, Var: 0.0000, CStr: 0.396, Ctx: 2, Train: 99.47%, Valid: 96.63%, Test In: 96.46% Test OOD1: 87.05% 
Epoch: 206, Loss: 0.2035, Cls: 0.0899, Ind: 0.0003, Med: 0.0228, Spu: 0.0000, FD: 0.0905, Var: 0.0000, CStr: 0.396, Ctx: 2, Train: 99.51%, Valid: 96.71%, Test In: 96.54% Test OOD1: 86.86% 
Epoch: 207, Loss: 0.2082, Cls: 0.0920, Ind: 0.0002, Med: 0.0233, Spu: 0.0000, FD: 0.0926, Var: 0.0000, CStr: 0.396, Ctx: 2, Train: 99.35%, Valid: 96.36%, Test In: 96.19% Test OOD1: 88.98% 
Epoch: 208, Loss: 0.2083, Cls: 0.0919, Ind: 0.0002, Med: 0.0229, Spu: 0.0000, FD: 0.0932, Var: 0.0000, CStr: 0.396, Ctx: 2, Train: 99.57%, Valid: 96.85%, Test In: 96.81% Test OOD1: 85.33% 
Epoch: 209, Loss: 0.2097, Cls: 0.0927, Ind: 0.0002, Med: 0.0234, Spu: 0.0000, FD: 0.0933, Var: 0.0000, CStr: 0.396, Ctx: 2, Train: 99.52%, Valid: 96.66%, Test In: 96.49% Test OOD1: 87.02% 
Epoch: 210, Loss: 0.2047, Cls: 0.0905, Ind: 0.0002, Med: 0.0228, Spu: 0.0000, FD: 0.0912, Var: 0.0000, CStr: 0.396, Ctx: 2, Train: 99.35%, Valid: 96.36%, Test In: 96.11% Test OOD1: 88.62% 
Epoch: 211, Loss: 0.2187, Cls: 0.0966, Ind: 0.0002, Med: 0.0242, Spu: 0.0000, FD: 0.0976, Var: 0.0000, CStr: 0.396, Ctx: 2, Train: 99.56%, Valid: 96.79%, Test In: 96.71% Test OOD1: 85.19% 
Epoch: 212, Loss: 0.2099, Cls: 0.0928, Ind: 0.0002, Med: 0.0234, Spu: 0.0000, FD: 0.0935, Var: 0.0000, CStr: 0.396, Ctx: 2, Train: 99.58%, Valid: 96.92%, Test In: 96.70% Test OOD1: 87.37% 
Epoch: 213, Loss: 0.1943, Cls: 0.0859, Ind: 0.0002, Med: 0.0217, Spu: 0.0000, FD: 0.0865, Var: 0.0000, CStr: 0.396, Ctx: 2, Train: 99.30%, Valid: 96.44%, Test In: 96.13% Test OOD1: 90.01% 
Epoch: 214, Loss: 0.2124, Cls: 0.0940, Ind: 0.0002, Med: 0.0239, Spu: 0.0000, FD: 0.0943, Var: 0.0000, CStr: 0.396, Ctx: 2, Train: 99.57%, Valid: 96.88%, Test In: 96.69% Test OOD1: 86.80% 
Epoch: 215, Loss: 0.2076, Cls: 0.0918, Ind: 0.0002, Med: 0.0230, Spu: 0.0000, FD: 0.0926, Var: 0.0000, CStr: 0.396, Ctx: 2, Train: 99.55%, Valid: 96.92%, Test In: 96.69% Test OOD1: 87.80% 
Epoch: 216, Loss: 0.1958, Cls: 0.0865, Ind: 0.0002, Med: 0.0218, Spu: 0.0000, FD: 0.0872, Var: 0.0000, CStr: 0.396, Ctx: 2, Train: 99.48%, Valid: 96.59%, Test In: 96.27% Test OOD1: 89.01% 
Epoch: 217, Loss: 0.2051, Cls: 0.0907, Ind: 0.0002, Med: 0.0229, Spu: 0.0000, FD: 0.0912, Var: 0.0000, CStr: 0.396, Ctx: 2, Train: 99.61%, Valid: 96.94%, Test In: 96.75% Test OOD1: 87.50% 
Epoch: 218, Loss: 0.1990, Cls: 0.0880, Ind: 0.0002, Med: 0.0221, Spu: 0.0000, FD: 0.0887, Var: 0.0000, CStr: 0.396, Ctx: 2, Train: 99.65%, Valid: 96.97%, Test In: 96.76% Test OOD1: 87.36% 
Epoch: 219, Loss: 0.1953, Cls: 0.0863, Ind: 0.0002, Med: 0.0215, Spu: 0.0000, FD: 0.0874, Var: 0.0000, CStr: 0.396, Ctx: 2, Train: 99.56%, Valid: 96.67%, Test In: 96.49% Test OOD1: 88.74% 
Epoch: 220, Loss: 0.1893, Cls: 0.0837, Ind: 0.0002, Med: 0.0211, Spu: 0.0000, FD: 0.0843, Var: 0.0000, CStr: 0.396, Ctx: 2, Train: 99.59%, Valid: 96.84%, Test In: 96.53% Test OOD1: 88.34% 
Epoch: 221, Loss: 0.1961, Cls: 0.0867, Ind: 0.0002, Med: 0.0219, Spu: 0.0000, FD: 0.0872, Var: 0.0000, CStr: 0.396, Ctx: 2, Train: 99.68%, Valid: 96.96%, Test In: 96.79% Test OOD1: 86.66% 
Epoch: 222, Loss: 0.2025, Cls: 0.0895, Ind: 0.0002, Med: 0.0226, Spu: 0.0000, FD: 0.0901, Var: 0.0000, CStr: 0.396, Ctx: 2, Train: 99.54%, Valid: 96.67%, Test In: 96.47% Test OOD1: 89.50% 
Epoch: 223, Loss: 0.1951, Cls: 0.0863, Ind: 0.0002, Med: 0.0218, Spu: 0.0000, FD: 0.0868, Var: 0.0000, CStr: 0.396, Ctx: 2, Train: 99.58%, Valid: 96.90%, Test In: 96.63% Test OOD1: 89.10% 
Epoch: 224, Loss: 0.1917, Cls: 0.0847, Ind: 0.0002, Med: 0.0214, Spu: 0.0000, FD: 0.0854, Var: 0.0000, CStr: 0.396, Ctx: 2, Train: 99.69%, Valid: 96.98%, Test In: 96.89% Test OOD1: 86.65% 
Epoch: 225, Loss: 0.1915, Cls: 0.0846, Ind: 0.0003, Med: 0.0211, Spu: 0.0000, FD: 0.0855, Var: 0.0000, CStr: 0.396, Ctx: 2, Train: 99.65%, Valid: 96.95%, Test In: 96.76% Test OOD1: 88.70% 
Epoch: 226, Loss: 0.1899, Cls: 0.0839, Ind: 0.0002, Med: 0.0211, Spu: 0.0000, FD: 0.0847, Var: 0.0000, CStr: 0.396, Ctx: 2, Train: 99.60%, Valid: 96.81%, Test In: 96.63% Test OOD1: 89.05% 
Epoch: 227, Loss: 0.2000, Cls: 0.0884, Ind: 0.0002, Med: 0.0221, Spu: 0.0000, FD: 0.0893, Var: 0.0000, CStr: 0.396, Ctx: 2, Train: 99.72%, Valid: 97.08%, Test In: 96.99% Test OOD1: 86.90% 
Epoch: 228, Loss: 0.1955, Cls: 0.0864, Ind: 0.0002, Med: 0.0217, Spu: 0.0000, FD: 0.0872, Var: 0.0000, CStr: 0.396, Ctx: 2, Train: 99.70%, Valid: 97.06%, Test In: 96.91% Test OOD1: 87.90% 
Epoch: 229, Loss: 0.1875, Cls: 0.0828, Ind: 0.0002, Med: 0.0208, Spu: 0.0000, FD: 0.0836, Var: 0.0000, CStr: 0.396, Ctx: 2, Train: 99.59%, Valid: 96.74%, Test In: 96.45% Test OOD1: 89.49% 
Epoch: 230, Loss: 0.1842, Cls: 0.0814, Ind: 0.0003, Med: 0.0205, Spu: 0.0000, FD: 0.0821, Var: 0.0000, CStr: 0.396, Ctx: 2, Train: 99.70%, Valid: 97.12%, Test In: 96.93% Test OOD1: 88.14% 
Epoch: 231, Loss: 0.1842, Cls: 0.0814, Ind: 0.0002, Med: 0.0204, Spu: 0.0000, FD: 0.0822, Var: 0.0000, CStr: 0.396, Ctx: 2, Train: 99.71%, Valid: 97.12%, Test In: 97.02% Test OOD1: 87.76% 
Epoch: 232, Loss: 0.1847, Cls: 0.0817, Ind: 0.0002, Med: 0.0206, Spu: 0.0000, FD: 0.0823, Var: 0.0000, CStr: 0.396, Ctx: 2, Train: 99.63%, Valid: 96.86%, Test In: 96.76% Test OOD1: 89.26% 
Epoch: 233, Loss: 0.1825, Cls: 0.0806, Ind: 0.0002, Med: 0.0203, Spu: 0.0000, FD: 0.0813, Var: 0.0000, CStr: 0.396, Ctx: 2, Train: 99.66%, Valid: 96.88%, Test In: 96.71% Test OOD1: 88.78% 
Epoch: 234, Loss: 0.1785, Cls: 0.0789, Ind: 0.0002, Med: 0.0199, Spu: 0.0000, FD: 0.0795, Var: 0.0000, CStr: 0.396, Ctx: 2, Train: 99.71%, Valid: 97.11%, Test In: 96.93% Test OOD1: 86.79% 
Epoch: 235, Loss: 0.1869, Cls: 0.0826, Ind: 0.0002, Med: 0.0207, Spu: 0.0000, FD: 0.0833, Var: 0.0000, CStr: 0.396, Ctx: 2, Train: 99.66%, Valid: 96.89%, Test In: 96.71% Test OOD1: 88.59% 
Epoch: 236, Loss: 0.1827, Cls: 0.0807, Ind: 0.0002, Med: 0.0202, Spu: 0.0000, FD: 0.0815, Var: 0.0000, CStr: 0.396, Ctx: 2, Train: 99.66%, Valid: 96.98%, Test In: 96.79% Test OOD1: 88.22% 
Epoch: 237, Loss: 0.1790, Cls: 0.0791, Ind: 0.0002, Med: 0.0198, Spu: 0.0000, FD: 0.0799, Var: 0.0000, CStr: 0.396, Ctx: 2, Train: 99.75%, Valid: 97.05%, Test In: 96.94% Test OOD1: 87.01% 
Epoch: 238, Loss: 0.1806, Cls: 0.0799, Ind: 0.0002, Med: 0.0203, Spu: 0.0000, FD: 0.0802, Var: 0.0000, CStr: 0.396, Ctx: 2, Train: 99.73%, Valid: 96.96%, Test In: 96.73% Test OOD1: 89.22% 
Epoch: 239, Loss: 0.1843, Cls: 0.0815, Ind: 0.0002, Med: 0.0206, Spu: 0.0000, FD: 0.0821, Var: 0.0000, CStr: 0.396, Ctx: 2, Train: 99.73%, Valid: 97.07%, Test In: 97.09% Test OOD1: 88.50% 
Epoch: 240, Loss: 0.1675, Cls: 0.0740, Ind: 0.0002, Med: 0.0186, Spu: 0.0000, FD: 0.0747, Var: 0.0000, CStr: 0.396, Ctx: 2, Train: 99.72%, Valid: 96.98%, Test In: 97.04% Test OOD1: 88.75% 
Epoch: 241, Loss: 0.1743, Cls: 0.0770, Ind: 0.0002, Med: 0.0193, Spu: 0.0000, FD: 0.0777, Var: 0.0000, CStr: 0.396, Ctx: 2, Train: 99.70%, Valid: 96.90%, Test In: 96.83% Test OOD1: 89.61% 
Epoch: 242, Loss: 0.1753, Cls: 0.0775, Ind: 0.0002, Med: 0.0196, Spu: 0.0000, FD: 0.0780, Var: 0.0000, CStr: 0.396, Ctx: 2, Train: 99.76%, Valid: 97.05%, Test In: 97.02% Test OOD1: 88.70% 
Epoch: 243, Loss: 0.1747, Cls: 0.0772, Ind: 0.0002, Med: 0.0193, Spu: 0.0000, FD: 0.0780, Var: 0.0000, CStr: 0.396, Ctx: 2, Train: 99.75%, Valid: 97.12%, Test In: 96.82% Test OOD1: 89.14% 
Epoch: 244, Loss: 0.1816, Cls: 0.0803, Ind: 0.0002, Med: 0.0202, Spu: 0.0000, FD: 0.0810, Var: 0.0000, CStr: 0.396, Ctx: 2, Train: 99.77%, Valid: 96.97%, Test In: 96.90% Test OOD1: 88.98% 
Epoch: 245, Loss: 0.1764, Cls: 0.0780, Ind: 0.0002, Med: 0.0197, Spu: 0.0000, FD: 0.0785, Var: 0.0000, CStr: 0.396, Ctx: 2, Train: 99.78%, Valid: 97.24%, Test In: 96.94% Test OOD1: 88.67% 
Epoch: 246, Loss: 0.1795, Cls: 0.0794, Ind: 0.0002, Med: 0.0200, Spu: 0.0000, FD: 0.0799, Var: 0.0000, CStr: 0.396, Ctx: 2, Train: 99.80%, Valid: 97.18%, Test In: 96.82% Test OOD1: 88.33% 
Epoch: 247, Loss: 0.1781, Cls: 0.0787, Ind: 0.0002, Med: 0.0198, Spu: 0.0000, FD: 0.0793, Var: 0.0000, CStr: 0.396, Ctx: 2, Train: 99.75%, Valid: 97.00%, Test In: 96.86% Test OOD1: 88.38% 
Epoch: 248, Loss: 0.1831, Cls: 0.0809, Ind: 0.0002, Med: 0.0203, Spu: 0.0000, FD: 0.0817, Var: 0.0000, CStr: 0.396, Ctx: 2, Train: 99.76%, Valid: 97.00%, Test In: 96.78% Test OOD1: 89.19% 
Epoch: 249, Loss: 0.1774, Cls: 0.0784, Ind: 0.0002, Med: 0.0198, Spu: 0.0000, FD: 0.0790, Var: 0.0000, CStr: 0.396, Ctx: 2, Train: 99.78%, Valid: 97.16%, Test In: 96.96% Test OOD1: 88.13% 
Epoch: 250, Loss: 0.1762, Cls: 0.0779, Ind: 0.0002, Med: 0.0197, Spu: 0.0000, FD: 0.0784, Var: 0.0000, CStr: 0.396, Ctx: 2, Train: 99.79%, Valid: 97.25%, Test In: 97.03% Test OOD1: 88.18% 
Epoch: 251, Loss: 0.1705, Cls: 0.0753, Ind: 0.0002, Med: 0.0190, Spu: 0.0000, FD: 0.0759, Var: 0.0000, CStr: 0.396, Ctx: 2, Train: 99.73%, Valid: 97.11%, Test In: 96.83% Test OOD1: 89.17% 
Epoch: 252, Loss: 0.1743, Cls: 0.0771, Ind: 0.0002, Med: 0.0195, Spu: 0.0000, FD: 0.0775, Var: 0.0000, CStr: 0.396, Ctx: 2, Train: 99.78%, Valid: 97.06%, Test In: 96.87% Test OOD1: 88.52% 
Epoch: 253, Loss: 0.1745, Cls: 0.0771, Ind: 0.0002, Med: 0.0193, Spu: 0.0000, FD: 0.0779, Var: 0.0000, CStr: 0.396, Ctx: 2, Train: 99.81%, Valid: 97.27%, Test In: 97.06% Test OOD1: 88.85% 
Epoch: 254, Loss: 0.1640, Cls: 0.0725, Ind: 0.0002, Med: 0.0183, Spu: 0.0000, FD: 0.0730, Var: 0.0000, CStr: 0.396, Ctx: 2, Train: 99.81%, Valid: 97.21%, Test In: 96.93% Test OOD1: 89.74% 
Epoch: 255, Loss: 0.1787, Cls: 0.0790, Ind: 0.0002, Med: 0.0200, Spu: 0.0000, FD: 0.0795, Var: 0.0000, CStr: 0.396, Ctx: 2, Train: 99.83%, Valid: 97.21%, Test In: 97.16% Test OOD1: 88.67% 
Epoch: 256, Loss: 0.1626, Cls: 0.0718, Ind: 0.0002, Med: 0.0181, Spu: 0.0000, FD: 0.0725, Var: 0.0000, CStr: 0.396, Ctx: 2, Train: 99.77%, Valid: 97.17%, Test In: 97.03% Test OOD1: 89.55% 
Epoch: 257, Loss: 0.1682, Cls: 0.0743, Ind: 0.0002, Med: 0.0186, Spu: 0.0000, FD: 0.0751, Var: 0.0000, CStr: 0.396, Ctx: 2, Train: 99.77%, Valid: 97.12%, Test In: 96.94% Test OOD1: 90.43% 
Epoch: 258, Loss: 0.1712, Cls: 0.0757, Ind: 0.0002, Med: 0.0191, Spu: 0.0000, FD: 0.0762, Var: 0.0000, CStr: 0.396, Ctx: 2, Train: 99.84%, Valid: 97.18%, Test In: 97.18% Test OOD1: 88.02% 
Epoch: 259, Loss: 0.1787, Cls: 0.0790, Ind: 0.0002, Med: 0.0200, Spu: 0.0000, FD: 0.0794, Var: 0.0000, CStr: 0.396, Ctx: 2, Train: 99.79%, Valid: 97.07%, Test In: 96.98% Test OOD1: 90.52% 
Epoch: 260, Loss: 0.1690, Cls: 0.0747, Ind: 0.0002, Med: 0.0189, Spu: 0.0000, FD: 0.0751, Var: 0.0000, CStr: 0.396, Ctx: 2, Train: 99.82%, Valid: 97.31%, Test In: 97.08% Test OOD1: 89.73% 
Epoch: 261, Loss: 0.1631, Cls: 0.0721, Ind: 0.0002, Med: 0.0182, Spu: 0.0000, FD: 0.0726, Var: 0.0000, CStr: 0.397, Ctx: 2, Train: 99.81%, Valid: 97.16%, Test In: 97.18% Test OOD1: 87.89% 
Epoch: 262, Loss: 0.1721, Cls: 0.0761, Ind: 0.0002, Med: 0.0193, Spu: 0.0000, FD: 0.0765, Var: 0.0000, CStr: 0.397, Ctx: 2, Train: 99.69%, Valid: 97.05%, Test In: 96.65% Test OOD1: 90.50% 
Epoch: 263, Loss: 0.1735, Cls: 0.0767, Ind: 0.0002, Med: 0.0192, Spu: 0.0000, FD: 0.0775, Var: 0.0000, CStr: 0.397, Ctx: 2, Train: 99.82%, Valid: 97.26%, Test In: 97.12% Test OOD1: 88.32% 
Epoch: 264, Loss: 0.1639, Cls: 0.0724, Ind: 0.0002, Med: 0.0183, Spu: 0.0000, FD: 0.0730, Var: 0.0000, CStr: 0.397, Ctx: 2, Train: 99.83%, Valid: 97.25%, Test In: 97.16% Test OOD1: 88.05% 
Epoch: 265, Loss: 0.1603, Cls: 0.0708, Ind: 0.0002, Med: 0.0178, Spu: 0.0000, FD: 0.0714, Var: 0.0000, CStr: 0.397, Ctx: 2, Train: 99.81%, Valid: 97.15%, Test In: 96.90% Test OOD1: 89.17% 
Epoch: 266, Loss: 0.1708, Cls: 0.0755, Ind: 0.0002, Med: 0.0190, Spu: 0.0000, FD: 0.0762, Var: 0.0000, CStr: 0.397, Ctx: 2, Train: 99.82%, Valid: 97.11%, Test In: 96.99% Test OOD1: 88.72% 
Epoch: 267, Loss: 0.1668, Cls: 0.0737, Ind: 0.0002, Med: 0.0187, Spu: 0.0000, FD: 0.0742, Var: 0.0000, CStr: 0.397, Ctx: 2, Train: 99.83%, Valid: 97.26%, Test In: 97.09% Test OOD1: 89.16% 
Epoch: 268, Loss: 0.1628, Cls: 0.0720, Ind: 0.0002, Med: 0.0182, Spu: 0.0000, FD: 0.0725, Var: 0.0000, CStr: 0.397, Ctx: 2, Train: 99.81%, Valid: 97.26%, Test In: 97.06% Test OOD1: 89.50% 
Epoch: 269, Loss: 0.1610, Cls: 0.0712, Ind: 0.0002, Med: 0.0180, Spu: 0.0000, FD: 0.0717, Var: 0.0000, CStr: 0.397, Ctx: 2, Train: 99.84%, Valid: 97.18%, Test In: 97.10% Test OOD1: 89.44% 
Epoch: 270, Loss: 0.1551, Cls: 0.0686, Ind: 0.0002, Med: 0.0174, Spu: 0.0000, FD: 0.0689, Var: 0.0000, CStr: 0.397, Ctx: 2, Train: 99.83%, Valid: 97.24%, Test In: 97.11% Test OOD1: 90.42% 
Epoch: 271, Loss: 0.1544, Cls: 0.0683, Ind: 0.0002, Med: 0.0172, Spu: 0.0000, FD: 0.0688, Var: 0.0000, CStr: 0.398, Ctx: 2, Train: 99.86%, Valid: 97.27%, Test In: 97.14% Test OOD1: 89.82% 
Epoch: 272, Loss: 0.1649, Cls: 0.0730, Ind: 0.0002, Med: 0.0186, Spu: 0.0000, FD: 0.0731, Var: 0.0000, CStr: 0.398, Ctx: 2, Train: 99.85%, Valid: 97.17%, Test In: 97.08% Test OOD1: 89.24% 
Epoch: 273, Loss: 0.1672, Cls: 0.0739, Ind: 0.0002, Med: 0.0186, Spu: 0.0000, FD: 0.0744, Var: 0.0000, CStr: 0.398, Ctx: 2, Train: 99.84%, Valid: 97.21%, Test In: 97.04% Test OOD1: 90.14% 
Epoch: 274, Loss: 0.1584, Cls: 0.0700, Ind: 0.0002, Med: 0.0175, Spu: 0.0000, FD: 0.0707, Var: 0.0000, CStr: 0.398, Ctx: 2, Train: 99.84%, Valid: 97.28%, Test In: 97.06% Test OOD1: 89.47% 
Epoch: 275, Loss: 0.1604, Cls: 0.0709, Ind: 0.0002, Med: 0.0178, Spu: 0.0000, FD: 0.0715, Var: 0.0000, CStr: 0.398, Ctx: 2, Train: 99.87%, Valid: 97.31%, Test In: 97.10% Test OOD1: 88.45% 
Epoch: 276, Loss: 0.1609, Cls: 0.0711, Ind: 0.0002, Med: 0.0180, Spu: 0.0000, FD: 0.0716, Var: 0.0000, CStr: 0.398, Ctx: 2, Train: 99.76%, Valid: 96.88%, Test In: 96.62% Test OOD1: 90.90% 
Epoch: 277, Loss: 0.1711, Cls: 0.0756, Ind: 0.0002, Med: 0.0190, Spu: 0.0000, FD: 0.0762, Var: 0.0000, CStr: 0.398, Ctx: 2, Train: 99.87%, Valid: 97.36%, Test In: 97.19% Test OOD1: 88.12% 
Epoch: 278, Loss: 0.1583, Cls: 0.0700, Ind: 0.0002, Med: 0.0177, Spu: 0.0000, FD: 0.0704, Var: 0.0000, CStr: 0.398, Ctx: 2, Train: 99.84%, Valid: 97.22%, Test In: 96.99% Test OOD1: 88.74% 
Epoch: 279, Loss: 0.1652, Cls: 0.0730, Ind: 0.0002, Med: 0.0184, Spu: 0.0000, FD: 0.0736, Var: 0.0000, CStr: 0.398, Ctx: 2, Train: 99.77%, Valid: 96.76%, Test In: 96.64% Test OOD1: 90.87% 
Epoch: 280, Loss: 0.1622, Cls: 0.0717, Ind: 0.0002, Med: 0.0180, Spu: 0.0000, FD: 0.0723, Var: 0.0000, CStr: 0.399, Ctx: 2, Train: 99.87%, Valid: 97.42%, Test In: 97.25% Test OOD1: 87.53% 
Epoch: 281, Loss: 0.1707, Cls: 0.0755, Ind: 0.0002, Med: 0.0190, Spu: 0.0000, FD: 0.0760, Var: 0.0000, CStr: 0.399, Ctx: 2, Train: 99.88%, Valid: 97.35%, Test In: 97.21% Test OOD1: 89.70% 
Epoch: 282, Loss: 0.1551, Cls: 0.0685, Ind: 0.0002, Med: 0.0172, Spu: 0.0000, FD: 0.0692, Var: 0.0000, CStr: 0.399, Ctx: 2, Train: 99.80%, Valid: 96.98%, Test In: 96.76% Test OOD1: 91.60% 
Epoch: 283, Loss: 0.1632, Cls: 0.0722, Ind: 0.0002, Med: 0.0182, Spu: 0.0000, FD: 0.0727, Var: 0.0000, CStr: 0.399, Ctx: 2, Train: 99.89%, Valid: 97.47%, Test In: 97.48% Test OOD1: 89.11% 
Epoch: 284, Loss: 0.1571, Cls: 0.0694, Ind: 0.0002, Med: 0.0175, Spu: 0.0000, FD: 0.0700, Var: 0.0000, CStr: 0.399, Ctx: 2, Train: 99.88%, Valid: 97.42%, Test In: 97.46% Test OOD1: 89.39% 
Epoch: 285, Loss: 0.1529, Cls: 0.0676, Ind: 0.0002, Med: 0.0170, Spu: 0.0000, FD: 0.0681, Var: 0.0000, CStr: 0.399, Ctx: 2, Train: 99.66%, Valid: 96.75%, Test In: 96.46% Test OOD1: 92.19% 
Epoch: 286, Loss: 0.1781, Cls: 0.0788, Ind: 0.0002, Med: 0.0200, Spu: 0.0000, FD: 0.0791, Var: 0.0000, CStr: 0.399, Ctx: 2, Train: 99.87%, Valid: 97.38%, Test In: 97.32% Test OOD1: 88.10% 
Epoch: 287, Loss: 0.1653, Cls: 0.0731, Ind: 0.0002, Med: 0.0183, Spu: 0.0000, FD: 0.0738, Var: 0.0000, CStr: 0.399, Ctx: 2, Train: 99.87%, Valid: 97.36%, Test In: 97.19% Test OOD1: 88.54% 
Epoch: 288, Loss: 0.1628, Cls: 0.0719, Ind: 0.0002, Med: 0.0180, Spu: 0.0000, FD: 0.0726, Var: 0.0000, CStr: 0.399, Ctx: 2, Train: 99.65%, Valid: 96.63%, Test In: 96.40% Test OOD1: 91.27% 
Epoch: 289, Loss: 0.1677, Cls: 0.0742, Ind: 0.0002, Med: 0.0187, Spu: 0.0000, FD: 0.0747, Var: 0.0000, CStr: 0.399, Ctx: 2, Train: 99.84%, Valid: 97.26%, Test In: 97.15% Test OOD1: 89.25% 
Epoch: 290, Loss: 0.1518, Cls: 0.0671, Ind: 0.0002, Med: 0.0169, Spu: 0.0000, FD: 0.0677, Var: 0.0000, CStr: 0.399, Ctx: 2, Train: 99.86%, Valid: 97.39%, Test In: 97.20% Test OOD1: 87.02% 
Epoch: 291, Loss: 0.1762, Cls: 0.0779, Ind: 0.0002, Med: 0.0195, Spu: 0.0000, FD: 0.0786, Var: 0.0000, CStr: 0.399, Ctx: 2, Train: 99.80%, Valid: 97.15%, Test In: 96.91% Test OOD1: 90.25% 
Epoch: 292, Loss: 0.1565, Cls: 0.0692, Ind: 0.0002, Med: 0.0174, Spu: 0.0000, FD: 0.0697, Var: 0.0000, CStr: 0.399, Ctx: 2, Train: 99.79%, Valid: 97.02%, Test In: 96.99% Test OOD1: 89.75% 
Epoch: 293, Loss: 0.1518, Cls: 0.0671, Ind: 0.0002, Med: 0.0170, Spu: 0.0000, FD: 0.0675, Var: 0.0000, CStr: 0.399, Ctx: 2, Train: 99.87%, Valid: 97.45%, Test In: 97.25% Test OOD1: 87.59% 
Epoch: 294, Loss: 0.1687, Cls: 0.0746, Ind: 0.0002, Med: 0.0187, Spu: 0.0000, FD: 0.0753, Var: 0.0000, CStr: 0.399, Ctx: 2, Train: 99.87%, Valid: 97.48%, Test In: 97.34% Test OOD1: 89.31% 
Epoch: 295, Loss: 0.1501, Cls: 0.0663, Ind: 0.0002, Med: 0.0167, Spu: 0.0000, FD: 0.0669, Var: 0.0000, CStr: 0.399, Ctx: 2, Train: 99.67%, Valid: 96.79%, Test In: 96.69% Test OOD1: 90.00% 
Epoch: 296, Loss: 0.1825, Cls: 0.0807, Ind: 0.0002, Med: 0.0203, Spu: 0.0000, FD: 0.0813, Var: 0.0000, CStr: 0.399, Ctx: 2, Train: 99.84%, Valid: 97.21%, Test In: 96.97% Test OOD1: 91.41% 
Epoch: 297, Loss: 0.1554, Cls: 0.0687, Ind: 0.0002, Med: 0.0173, Spu: 0.0000, FD: 0.0692, Var: 0.0000, CStr: 0.399, Ctx: 2, Train: 99.91%, Valid: 97.46%, Test In: 97.34% Test OOD1: 88.42% 
Epoch: 298, Loss: 0.1740, Cls: 0.0769, Ind: 0.0002, Med: 0.0194, Spu: 0.0000, FD: 0.0775, Var: 0.0000, CStr: 0.398, Ctx: 2, Train: 99.89%, Valid: 97.17%, Test In: 97.10% Test OOD1: 89.94% 
Epoch: 299, Loss: 0.1581, Cls: 0.0699, Ind: 0.0002, Med: 0.0175, Spu: 0.0000, FD: 0.0706, Var: 0.0000, CStr: 0.398, Ctx: 2, Train: 99.70%, Valid: 96.85%, Test In: 96.54% Test OOD1: 92.25% 
Epoch: 300, Loss: 0.1674, Cls: 0.0740, Ind: 0.0002, Med: 0.0186, Spu: 0.0000, FD: 0.0745, Var: 0.0000, CStr: 0.398, Ctx: 2, Train: 99.87%, Valid: 97.50%, Test In: 97.27% Test OOD1: 88.84% 
Epoch: 301, Loss: 0.1614, Cls: 0.0714, Ind: 0.0002, Med: 0.0180, Spu: 0.0000, FD: 0.0719, Var: 0.0000, CStr: 0.398, Ctx: 2, Train: 99.91%, Valid: 97.48%, Test In: 97.35% Test OOD1: 88.12% 
Epoch: 302, Loss: 0.1560, Cls: 0.0689, Ind: 0.0002, Med: 0.0173, Spu: 0.0000, FD: 0.0695, Var: 0.0000, CStr: 0.398, Ctx: 2, Train: 99.81%, Valid: 97.07%, Test In: 96.85% Test OOD1: 91.30% 
Epoch: 303, Loss: 0.1564, Cls: 0.0692, Ind: 0.0002, Med: 0.0175, Spu: 0.0000, FD: 0.0696, Var: 0.0000, CStr: 0.398, Ctx: 2, Train: 99.89%, Valid: 97.26%, Test In: 97.21% Test OOD1: 90.44% 
Epoch: 304, Loss: 0.1472, Cls: 0.0651, Ind: 0.0002, Med: 0.0165, Spu: 0.0000, FD: 0.0654, Var: 0.0000, CStr: 0.398, Ctx: 2, Train: 99.88%, Valid: 97.57%, Test In: 97.36% Test OOD1: 87.35% 
Epoch: 305, Loss: 0.1569, Cls: 0.0693, Ind: 0.0002, Med: 0.0173, Spu: 0.0000, FD: 0.0700, Var: 0.0000, CStr: 0.398, Ctx: 2, Train: 99.88%, Valid: 97.36%, Test In: 97.24% Test OOD1: 89.43% 
Epoch: 306, Loss: 0.1582, Cls: 0.0700, Ind: 0.0002, Med: 0.0177, Spu: 0.0000, FD: 0.0703, Var: 0.0000, CStr: 0.398, Ctx: 2, Train: 99.81%, Valid: 97.23%, Test In: 96.98% Test OOD1: 90.36% 
Epoch: 307, Loss: 0.1494, Cls: 0.0661, Ind: 0.0002, Med: 0.0168, Spu: 0.0000, FD: 0.0664, Var: 0.0000, CStr: 0.398, Ctx: 2, Train: 99.89%, Valid: 97.44%, Test In: 97.30% Test OOD1: 88.08% 
Epoch: 308, Loss: 0.1554, Cls: 0.0687, Ind: 0.0002, Med: 0.0173, Spu: 0.0000, FD: 0.0692, Var: 0.0000, CStr: 0.398, Ctx: 2, Train: 99.92%, Valid: 97.48%, Test In: 97.34% Test OOD1: 88.30% 
Epoch: 309, Loss: 0.1513, Cls: 0.0669, Ind: 0.0002, Med: 0.0168, Spu: 0.0000, FD: 0.0674, Var: 0.0000, CStr: 0.398, Ctx: 2, Train: 99.89%, Valid: 97.35%, Test In: 97.20% Test OOD1: 90.00% 
Epoch: 310, Loss: 0.1536, Cls: 0.0679, Ind: 0.0002, Med: 0.0172, Spu: 0.0000, FD: 0.0683, Var: 0.0000, CStr: 0.398, Ctx: 2, Train: 99.87%, Valid: 97.17%, Test In: 97.09% Test OOD1: 89.58% 
Epoch: 311, Loss: 0.1584, Cls: 0.0700, Ind: 0.0002, Med: 0.0176, Spu: 0.0000, FD: 0.0706, Var: 0.0000, CStr: 0.398, Ctx: 2, Train: 99.91%, Valid: 97.40%, Test In: 97.37% Test OOD1: 89.19% 
Epoch: 312, Loss: 0.1468, Cls: 0.0649, Ind: 0.0002, Med: 0.0162, Spu: 0.0000, FD: 0.0656, Var: 0.0000, CStr: 0.398, Ctx: 2, Train: 99.87%, Valid: 97.41%, Test In: 97.27% Test OOD1: 89.38% 
Epoch: 313, Loss: 0.1540, Cls: 0.0681, Ind: 0.0002, Med: 0.0170, Spu: 0.0000, FD: 0.0688, Var: 0.0000, CStr: 0.398, Ctx: 2, Train: 99.89%, Valid: 97.17%, Test In: 97.27% Test OOD1: 88.55% 
Epoch: 314, Loss: 0.1587, Cls: 0.0701, Ind: 0.0002, Med: 0.0176, Spu: 0.0000, FD: 0.0708, Var: 0.0000, CStr: 0.398, Ctx: 2, Train: 99.86%, Valid: 97.17%, Test In: 97.19% Test OOD1: 90.47% 
Epoch: 315, Loss: 0.1443, Cls: 0.0638, Ind: 0.0002, Med: 0.0163, Spu: 0.0000, FD: 0.0640, Var: 0.0000, CStr: 0.398, Ctx: 2, Train: 99.93%, Valid: 97.40%, Test In: 97.29% Test OOD1: 89.44% 
Epoch: 316, Loss: 0.1431, Cls: 0.0633, Ind: 0.0002, Med: 0.0160, Spu: 0.0000, FD: 0.0637, Var: 0.0000, CStr: 0.398, Ctx: 2, Train: 99.94%, Valid: 97.47%, Test In: 97.41% Test OOD1: 88.04% 
Epoch: 317, Loss: 0.1453, Cls: 0.0642, Ind: 0.0002, Med: 0.0162, Spu: 0.0000, FD: 0.0646, Var: 0.0000, CStr: 0.397, Ctx: 2, Train: 99.92%, Valid: 97.31%, Test In: 97.19% Test OOD1: 90.28% 
Epoch: 318, Loss: 0.1458, Cls: 0.0644, Ind: 0.0002, Med: 0.0162, Spu: 0.0000, FD: 0.0650, Var: 0.0000, CStr: 0.397, Ctx: 2, Train: 99.88%, Valid: 97.32%, Test In: 97.17% Test OOD1: 90.80% 
Epoch: 319, Loss: 0.1444, Cls: 0.0638, Ind: 0.0002, Med: 0.0161, Spu: 0.0000, FD: 0.0642, Var: 0.0000, CStr: 0.397, Ctx: 2, Train: 99.93%, Valid: 97.34%, Test In: 97.44% Test OOD1: 87.68% 
Epoch: 320, Loss: 0.1460, Cls: 0.0645, Ind: 0.0002, Med: 0.0160, Spu: 0.0000, FD: 0.0654, Var: 0.0000, CStr: 0.397, Ctx: 2, Train: 99.94%, Valid: 97.46%, Test In: 97.33% Test OOD1: 89.40% 
Epoch: 321, Loss: 0.1402, Cls: 0.0620, Ind: 0.0002, Med: 0.0157, Spu: 0.0000, FD: 0.0623, Var: 0.0000, CStr: 0.397, Ctx: 2, Train: 99.85%, Valid: 97.23%, Test In: 97.00% Test OOD1: 91.22% 
Epoch: 322, Loss: 0.1500, Cls: 0.0663, Ind: 0.0002, Med: 0.0167, Spu: 0.0000, FD: 0.0668, Var: 0.0000, CStr: 0.397, Ctx: 2, Train: 99.94%, Valid: 97.45%, Test In: 97.47% Test OOD1: 87.68% 
Epoch: 323, Loss: 0.1548, Cls: 0.0685, Ind: 0.0002, Med: 0.0173, Spu: 0.0000, FD: 0.0688, Var: 0.0000, CStr: 0.397, Ctx: 2, Train: 99.94%, Valid: 97.49%, Test In: 97.41% Test OOD1: 89.32% 
Epoch: 324, Loss: 0.1466, Cls: 0.0648, Ind: 0.0002, Med: 0.0164, Spu: 0.0000, FD: 0.0652, Var: 0.0000, CStr: 0.397, Ctx: 2, Train: 99.90%, Valid: 97.37%, Test In: 97.36% Test OOD1: 90.41% 
Epoch: 325, Loss: 0.1408, Cls: 0.0623, Ind: 0.0002, Med: 0.0157, Spu: 0.0000, FD: 0.0627, Var: 0.0000, CStr: 0.397, Ctx: 2, Train: 99.94%, Valid: 97.50%, Test In: 97.52% Test OOD1: 88.96% 
Epoch: 326, Loss: 0.1454, Cls: 0.0643, Ind: 0.0002, Med: 0.0161, Spu: 0.0000, FD: 0.0648, Var: 0.0000, CStr: 0.397, Ctx: 2, Train: 99.95%, Valid: 97.46%, Test In: 97.54% Test OOD1: 89.23% 
Epoch: 327, Loss: 0.1400, Cls: 0.0619, Ind: 0.0002, Med: 0.0155, Spu: 0.0000, FD: 0.0624, Var: 0.0000, CStr: 0.396, Ctx: 2, Train: 99.92%, Valid: 97.29%, Test In: 97.28% Test OOD1: 91.32% 
Epoch: 328, Loss: 0.1428, Cls: 0.0631, Ind: 0.0002, Med: 0.0158, Spu: 0.0000, FD: 0.0636, Var: 0.0000, CStr: 0.396, Ctx: 2, Train: 99.93%, Valid: 97.38%, Test In: 97.37% Test OOD1: 90.62% 
Epoch: 329, Loss: 0.1368, Cls: 0.0605, Ind: 0.0002, Med: 0.0153, Spu: 0.0000, FD: 0.0608, Var: 0.0000, CStr: 0.396, Ctx: 2, Train: 99.94%, Valid: 97.46%, Test In: 97.43% Test OOD1: 90.02% 
Epoch: 330, Loss: 0.1413, Cls: 0.0625, Ind: 0.0002, Med: 0.0158, Spu: 0.0000, FD: 0.0629, Var: 0.0000, CStr: 0.396, Ctx: 2, Train: 99.92%, Valid: 97.40%, Test In: 97.25% Test OOD1: 91.81% 
Epoch: 331, Loss: 0.1369, Cls: 0.0605, Ind: 0.0002, Med: 0.0152, Spu: 0.0000, FD: 0.0610, Var: 0.0000, CStr: 0.396, Ctx: 2, Train: 99.95%, Valid: 97.45%, Test In: 97.42% Test OOD1: 91.05% 
Epoch: 332, Loss: 0.1318, Cls: 0.0583, Ind: 0.0002, Med: 0.0147, Spu: 0.0000, FD: 0.0586, Var: 0.0000, CStr: 0.396, Ctx: 2, Train: 99.95%, Valid: 97.44%, Test In: 97.42% Test OOD1: 90.59% 
Epoch: 333, Loss: 0.1416, Cls: 0.0627, Ind: 0.0002, Med: 0.0159, Spu: 0.0000, FD: 0.0628, Var: 0.0000, CStr: 0.395, Ctx: 2, Train: 99.93%, Valid: 97.40%, Test In: 97.23% Test OOD1: 91.47% 
Epoch: 334, Loss: 0.1433, Cls: 0.0633, Ind: 0.0002, Med: 0.0159, Spu: 0.0000, FD: 0.0638, Var: 0.0000, CStr: 0.395, Ctx: 2, Train: 99.94%, Valid: 97.38%, Test In: 97.27% Test OOD1: 91.09% 
Epoch: 335, Loss: 0.1481, Cls: 0.0655, Ind: 0.0002, Med: 0.0165, Spu: 0.0000, FD: 0.0660, Var: 0.0000, CStr: 0.395, Ctx: 2, Train: 99.94%, Valid: 97.53%, Test In: 97.45% Test OOD1: 89.41% 
Epoch: 336, Loss: 0.1455, Cls: 0.0643, Ind: 0.0002, Med: 0.0162, Spu: 0.0000, FD: 0.0648, Var: 0.0000, CStr: 0.395, Ctx: 2, Train: 99.93%, Valid: 97.46%, Test In: 97.41% Test OOD1: 90.27% 
Epoch: 337, Loss: 0.1424, Cls: 0.0629, Ind: 0.0002, Med: 0.0158, Spu: 0.0000, FD: 0.0635, Var: 0.0000, CStr: 0.395, Ctx: 2, Train: 99.93%, Valid: 97.46%, Test In: 97.37% Test OOD1: 90.56% 
Epoch: 338, Loss: 0.1349, Cls: 0.0596, Ind: 0.0002, Med: 0.0151, Spu: 0.0000, FD: 0.0600, Var: 0.0000, CStr: 0.395, Ctx: 2, Train: 99.95%, Valid: 97.55%, Test In: 97.55% Test OOD1: 88.86% 
Epoch: 339, Loss: 0.1316, Cls: 0.0582, Ind: 0.0002, Med: 0.0147, Spu: 0.0000, FD: 0.0585, Var: 0.0000, CStr: 0.394, Ctx: 2, Train: 99.96%, Valid: 97.49%, Test In: 97.47% Test OOD1: 89.89% 
Epoch: 340, Loss: 0.1306, Cls: 0.0577, Ind: 0.0002, Med: 0.0146, Spu: 0.0000, FD: 0.0581, Var: 0.0000, CStr: 0.394, Ctx: 2, Train: 99.93%, Valid: 97.44%, Test In: 97.36% Test OOD1: 90.92% 
Epoch: 341, Loss: 0.1402, Cls: 0.0619, Ind: 0.0002, Med: 0.0155, Spu: 0.0000, FD: 0.0626, Var: 0.0000, CStr: 0.394, Ctx: 2, Train: 99.95%, Valid: 97.57%, Test In: 97.53% Test OOD1: 89.30% 
Epoch: 342, Loss: 0.1364, Cls: 0.0603, Ind: 0.0002, Med: 0.0152, Spu: 0.0000, FD: 0.0608, Var: 0.0000, CStr: 0.394, Ctx: 2, Train: 99.95%, Valid: 97.59%, Test In: 97.46% Test OOD1: 89.32% 
Epoch: 343, Loss: 0.1417, Cls: 0.0627, Ind: 0.0002, Med: 0.0158, Spu: 0.0000, FD: 0.0631, Var: 0.0000, CStr: 0.394, Ctx: 2, Train: 99.93%, Valid: 97.44%, Test In: 97.27% Test OOD1: 91.03% 
Epoch: 344, Loss: 0.1365, Cls: 0.0604, Ind: 0.0002, Med: 0.0153, Spu: 0.0000, FD: 0.0607, Var: 0.0000, CStr: 0.394, Ctx: 2, Train: 99.95%, Valid: 97.46%, Test In: 97.33% Test OOD1: 90.64% 
Epoch: 345, Loss: 0.1327, Cls: 0.0586, Ind: 0.0002, Med: 0.0148, Spu: 0.0000, FD: 0.0591, Var: 0.0000, CStr: 0.394, Ctx: 2, Train: 99.94%, Valid: 97.52%, Test In: 97.41% Test OOD1: 89.42% 
Epoch: 346, Loss: 0.1391, Cls: 0.0615, Ind: 0.0002, Med: 0.0154, Spu: 0.0000, FD: 0.0620, Var: 0.0000, CStr: 0.394, Ctx: 2, Train: 99.92%, Valid: 97.36%, Test In: 97.26% Test OOD1: 91.45% 
Epoch: 347, Loss: 0.1275, Cls: 0.0564, Ind: 0.0002, Med: 0.0142, Spu: 0.0000, FD: 0.0568, Var: 0.0000, CStr: 0.393, Ctx: 2, Train: 99.92%, Valid: 97.35%, Test In: 97.34% Test OOD1: 91.65% 
Epoch: 348, Loss: 0.1350, Cls: 0.0597, Ind: 0.0002, Med: 0.0151, Spu: 0.0000, FD: 0.0600, Var: 0.0000, CStr: 0.393, Ctx: 2, Train: 99.94%, Valid: 97.60%, Test In: 97.49% Test OOD1: 89.30% 
Epoch: 349, Loss: 0.1422, Cls: 0.0629, Ind: 0.0002, Med: 0.0158, Spu: 0.0000, FD: 0.0634, Var: 0.0000, CStr: 0.393, Ctx: 2, Train: 99.91%, Valid: 97.36%, Test In: 97.29% Test OOD1: 91.67% 
Epoch: 350, Loss: 0.1270, Cls: 0.0562, Ind: 0.0002, Med: 0.0143, Spu: 0.0000, FD: 0.0564, Var: 0.0000, CStr: 0.393, Ctx: 2, Train: 99.92%, Valid: 97.34%, Test In: 97.33% Test OOD1: 91.47% 
Epoch: 351, Loss: 0.1365, Cls: 0.0604, Ind: 0.0002, Med: 0.0153, Spu: 0.0000, FD: 0.0606, Var: 0.0000, CStr: 0.393, Ctx: 2, Train: 99.94%, Valid: 97.68%, Test In: 97.55% Test OOD1: 89.04% 
Epoch: 352, Loss: 0.1425, Cls: 0.0630, Ind: 0.0002, Med: 0.0158, Spu: 0.0000, FD: 0.0636, Var: 0.0000, CStr: 0.393, Ctx: 2, Train: 99.93%, Valid: 97.55%, Test In: 97.42% Test OOD1: 90.24% 
Epoch: 353, Loss: 0.1320, Cls: 0.0584, Ind: 0.0002, Med: 0.0148, Spu: 0.0000, FD: 0.0587, Var: 0.0000, CStr: 0.393, Ctx: 2, Train: 99.92%, Valid: 97.39%, Test In: 97.28% Test OOD1: 90.71% 
Epoch: 354, Loss: 0.1376, Cls: 0.0608, Ind: 0.0002, Med: 0.0153, Spu: 0.0000, FD: 0.0613, Var: 0.0000, CStr: 0.393, Ctx: 2, Train: 99.95%, Valid: 97.46%, Test In: 97.43% Test OOD1: 89.54% 
Epoch: 355, Loss: 0.1288, Cls: 0.0570, Ind: 0.0002, Med: 0.0144, Spu: 0.0000, FD: 0.0573, Var: 0.0000, CStr: 0.393, Ctx: 2, Train: 99.94%, Valid: 97.53%, Test In: 97.43% Test OOD1: 89.56% 
Epoch: 356, Loss: 0.1272, Cls: 0.0562, Ind: 0.0002, Med: 0.0142, Spu: 0.0000, FD: 0.0566, Var: 0.0000, CStr: 0.393, Ctx: 2, Train: 99.93%, Valid: 97.36%, Test In: 97.21% Test OOD1: 90.70% 
Epoch: 357, Loss: 0.1313, Cls: 0.0580, Ind: 0.0002, Med: 0.0146, Spu: 0.0000, FD: 0.0585, Var: 0.0000, CStr: 0.393, Ctx: 2, Train: 99.93%, Valid: 97.26%, Test In: 97.26% Test OOD1: 90.26% 
Epoch: 358, Loss: 0.1324, Cls: 0.0585, Ind: 0.0002, Med: 0.0147, Spu: 0.0000, FD: 0.0590, Var: 0.0000, CStr: 0.393, Ctx: 2, Train: 99.95%, Valid: 97.36%, Test In: 97.41% Test OOD1: 89.88% 
Epoch: 359, Loss: 0.1300, Cls: 0.0575, Ind: 0.0001, Med: 0.0145, Spu: 0.0000, FD: 0.0578, Var: 0.0000, CStr: 0.393, Ctx: 2, Train: 99.95%, Valid: 97.46%, Test In: 97.44% Test OOD1: 89.49% 
Epoch: 360, Loss: 0.1406, Cls: 0.0621, Ind: 0.0002, Med: 0.0156, Spu: 0.0000, FD: 0.0627, Var: 0.0000, CStr: 0.393, Ctx: 2, Train: 99.94%, Valid: 97.38%, Test In: 97.30% Test OOD1: 90.10% 
Epoch: 361, Loss: 0.1302, Cls: 0.0576, Ind: 0.0002, Med: 0.0146, Spu: 0.0000, FD: 0.0579, Var: 0.0000, CStr: 0.394, Ctx: 2, Train: 99.93%, Valid: 97.41%, Test In: 97.27% Test OOD1: 90.99% 
Epoch: 362, Loss: 0.1388, Cls: 0.0614, Ind: 0.0002, Med: 0.0154, Spu: 0.0000, FD: 0.0618, Var: 0.0000, CStr: 0.394, Ctx: 2, Train: 99.96%, Valid: 97.59%, Test In: 97.45% Test OOD1: 89.89% 
Epoch: 363, Loss: 0.1289, Cls: 0.0570, Ind: 0.0002, Med: 0.0144, Spu: 0.0000, FD: 0.0573, Var: 0.0000, CStr: 0.394, Ctx: 2, Train: 99.96%, Valid: 97.55%, Test In: 97.38% Test OOD1: 90.13% 
Epoch: 364, Loss: 0.1336, Cls: 0.0591, Ind: 0.0002, Med: 0.0150, Spu: 0.0000, FD: 0.0593, Var: 0.0000, CStr: 0.394, Ctx: 2, Train: 99.93%, Valid: 97.55%, Test In: 97.25% Test OOD1: 91.39% 
Epoch: 365, Loss: 0.1287, Cls: 0.0568, Ind: 0.0002, Med: 0.0143, Spu: 0.0000, FD: 0.0574, Var: 0.0000, CStr: 0.394, Ctx: 2, Train: 99.95%, Valid: 97.57%, Test In: 97.40% Test OOD1: 91.13% 
Epoch: 366, Loss: 0.1248, Cls: 0.0552, Ind: 0.0002, Med: 0.0138, Spu: 0.0000, FD: 0.0557, Var: 0.0000, CStr: 0.394, Ctx: 2, Train: 99.95%, Valid: 97.59%, Test In: 97.39% Test OOD1: 90.54% 
Epoch: 367, Loss: 0.1173, Cls: 0.0518, Ind: 0.0002, Med: 0.0130, Spu: 0.0000, FD: 0.0523, Var: 0.0000, CStr: 0.394, Ctx: 2, Train: 99.93%, Valid: 97.42%, Test In: 97.25% Test OOD1: 91.11% 
Epoch: 368, Loss: 0.1252, Cls: 0.0554, Ind: 0.0002, Med: 0.0141, Spu: 0.0000, FD: 0.0556, Var: 0.0000, CStr: 0.394, Ctx: 2, Train: 99.95%, Valid: 97.53%, Test In: 97.36% Test OOD1: 90.98% 
Epoch: 369, Loss: 0.1381, Cls: 0.0611, Ind: 0.0002, Med: 0.0154, Spu: 0.0000, FD: 0.0615, Var: 0.0000, CStr: 0.394, Ctx: 2, Train: 99.97%, Valid: 97.55%, Test In: 97.50% Test OOD1: 90.06% 
Epoch: 370, Loss: 0.1238, Cls: 0.0547, Ind: 0.0002, Med: 0.0137, Spu: 0.0000, FD: 0.0552, Var: 0.0000, CStr: 0.394, Ctx: 2, Train: 99.95%, Valid: 97.49%, Test In: 97.41% Test OOD1: 91.58% 
Epoch: 371, Loss: 0.1327, Cls: 0.0587, Ind: 0.0002, Med: 0.0149, Spu: 0.0000, FD: 0.0589, Var: 0.0000, CStr: 0.394, Ctx: 2, Train: 99.97%, Valid: 97.56%, Test In: 97.49% Test OOD1: 91.21% 
Epoch: 372, Loss: 0.1223, Cls: 0.0541, Ind: 0.0002, Med: 0.0137, Spu: 0.0000, FD: 0.0543, Var: 0.0000, CStr: 0.394, Ctx: 2, Train: 99.97%, Valid: 97.63%, Test In: 97.54% Test OOD1: 89.69% 
Epoch: 373, Loss: 0.1327, Cls: 0.0587, Ind: 0.0002, Med: 0.0149, Spu: 0.0000, FD: 0.0589, Var: 0.0000, CStr: 0.394, Ctx: 2, Train: 99.94%, Valid: 97.41%, Test In: 97.28% Test OOD1: 91.86% 
Epoch: 374, Loss: 0.1312, Cls: 0.0580, Ind: 0.0002, Med: 0.0146, Spu: 0.0000, FD: 0.0584, Var: 0.0000, CStr: 0.394, Ctx: 2, Train: 99.93%, Valid: 97.40%, Test In: 97.33% Test OOD1: 91.16% 
Epoch: 375, Loss: 0.1339, Cls: 0.0592, Ind: 0.0002, Med: 0.0150, Spu: 0.0000, FD: 0.0595, Var: 0.0000, CStr: 0.394, Ctx: 2, Train: 99.96%, Valid: 97.62%, Test In: 97.52% Test OOD1: 89.69% 
Epoch: 376, Loss: 0.1226, Cls: 0.0542, Ind: 0.0002, Med: 0.0136, Spu: 0.0000, FD: 0.0547, Var: 0.0000, CStr: 0.395, Ctx: 2, Train: 99.96%, Valid: 97.61%, Test In: 97.53% Test OOD1: 90.23% 
Epoch: 377, Loss: 0.1275, Cls: 0.0564, Ind: 0.0001, Med: 0.0143, Spu: 0.0000, FD: 0.0566, Var: 0.0000, CStr: 0.395, Ctx: 2, Train: 99.93%, Valid: 97.44%, Test In: 97.37% Test OOD1: 91.25% 
Epoch: 378, Loss: 0.1225, Cls: 0.0542, Ind: 0.0002, Med: 0.0138, Spu: 0.0000, FD: 0.0543, Var: 0.0000, CStr: 0.395, Ctx: 2, Train: 99.94%, Valid: 97.50%, Test In: 97.36% Test OOD1: 90.83% 
Epoch: 379, Loss: 0.1256, Cls: 0.0555, Ind: 0.0002, Med: 0.0140, Spu: 0.0000, FD: 0.0559, Var: 0.0000, CStr: 0.395, Ctx: 2, Train: 99.98%, Valid: 97.60%, Test In: 97.60% Test OOD1: 89.57% 
Epoch: 380, Loss: 0.1322, Cls: 0.0584, Ind: 0.0002, Med: 0.0147, Spu: 0.0000, FD: 0.0589, Var: 0.0000, CStr: 0.395, Ctx: 2, Train: 99.96%, Valid: 97.49%, Test In: 97.45% Test OOD1: 90.84% 
Epoch: 381, Loss: 0.1294, Cls: 0.0572, Ind: 0.0002, Med: 0.0143, Spu: 0.0000, FD: 0.0577, Var: 0.0000, CStr: 0.395, Ctx: 2, Train: 99.92%, Valid: 97.42%, Test In: 97.30% Test OOD1: 91.35% 
Epoch: 382, Loss: 0.1328, Cls: 0.0587, Ind: 0.0002, Med: 0.0148, Spu: 0.0000, FD: 0.0592, Var: 0.0000, CStr: 0.395, Ctx: 2, Train: 99.97%, Valid: 97.57%, Test In: 97.57% Test OOD1: 90.08% 
Epoch: 383, Loss: 0.1288, Cls: 0.0569, Ind: 0.0002, Med: 0.0144, Spu: 0.0000, FD: 0.0573, Var: 0.0000, CStr: 0.395, Ctx: 2, Train: 99.97%, Valid: 97.65%, Test In: 97.54% Test OOD1: 90.47% 
Epoch: 384, Loss: 0.1366, Cls: 0.0604, Ind: 0.0002, Med: 0.0152, Spu: 0.0000, FD: 0.0608, Var: 0.0000, CStr: 0.395, Ctx: 2, Train: 99.96%, Valid: 97.46%, Test In: 97.52% Test OOD1: 90.89% 
Epoch: 385, Loss: 0.1255, Cls: 0.0555, Ind: 0.0002, Med: 0.0140, Spu: 0.0000, FD: 0.0558, Var: 0.0000, CStr: 0.395, Ctx: 2, Train: 99.94%, Valid: 97.44%, Test In: 97.36% Test OOD1: 91.53% 
Epoch: 386, Loss: 0.1305, Cls: 0.0577, Ind: 0.0002, Med: 0.0146, Spu: 0.0000, FD: 0.0581, Var: 0.0000, CStr: 0.395, Ctx: 2, Train: 99.96%, Valid: 97.67%, Test In: 97.52% Test OOD1: 90.77% 
Epoch: 387, Loss: 0.1327, Cls: 0.0587, Ind: 0.0002, Med: 0.0147, Spu: 0.0000, FD: 0.0591, Var: 0.0000, CStr: 0.395, Ctx: 2, Train: 99.97%, Valid: 97.70%, Test In: 97.62% Test OOD1: 89.72% 
Epoch: 388, Loss: 0.1223, Cls: 0.0540, Ind: 0.0002, Med: 0.0136, Spu: 0.0000, FD: 0.0544, Var: 0.0000, CStr: 0.396, Ctx: 2, Train: 99.93%, Valid: 97.40%, Test In: 97.31% Test OOD1: 90.97% 
Epoch: 389, Loss: 0.1316, Cls: 0.0582, Ind: 0.0002, Med: 0.0146, Spu: 0.0000, FD: 0.0587, Var: 0.0000, CStr: 0.396, Ctx: 2, Train: 99.96%, Valid: 97.46%, Test In: 97.50% Test OOD1: 91.08% 
Epoch: 390, Loss: 0.1258, Cls: 0.0556, Ind: 0.0002, Med: 0.0140, Spu: 0.0000, FD: 0.0560, Var: 0.0000, CStr: 0.396, Ctx: 2, Train: 99.97%, Valid: 97.57%, Test In: 97.58% Test OOD1: 89.01% 
Epoch: 391, Loss: 0.1332, Cls: 0.0589, Ind: 0.0002, Med: 0.0149, Spu: 0.0000, FD: 0.0592, Var: 0.0000, CStr: 0.396, Ctx: 2, Train: 99.93%, Valid: 97.40%, Test In: 97.44% Test OOD1: 91.46% 
Epoch: 392, Loss: 0.1363, Cls: 0.0603, Ind: 0.0002, Med: 0.0150, Spu: 0.0000, FD: 0.0609, Var: 0.0000, CStr: 0.396, Ctx: 2, Train: 99.95%, Valid: 97.58%, Test In: 97.41% Test OOD1: 91.77% 
Epoch: 393, Loss: 0.1286, Cls: 0.0569, Ind: 0.0002, Med: 0.0143, Spu: 0.0000, FD: 0.0573, Var: 0.0000, CStr: 0.396, Ctx: 2, Train: 99.97%, Valid: 97.64%, Test In: 97.53% Test OOD1: 91.00% 
Epoch: 394, Loss: 0.1218, Cls: 0.0539, Ind: 0.0002, Med: 0.0137, Spu: 0.0000, FD: 0.0541, Var: 0.0000, CStr: 0.396, Ctx: 2, Train: 99.95%, Valid: 97.63%, Test In: 97.50% Test OOD1: 91.09% 
Epoch: 395, Loss: 0.1333, Cls: 0.0590, Ind: 0.0002, Med: 0.0149, Spu: 0.0000, FD: 0.0593, Var: 0.0000, CStr: 0.396, Ctx: 2, Train: 99.96%, Valid: 97.59%, Test In: 97.38% Test OOD1: 92.61% 
Epoch: 396, Loss: 0.1271, Cls: 0.0562, Ind: 0.0002, Med: 0.0141, Spu: 0.0000, FD: 0.0566, Var: 0.0000, CStr: 0.396, Ctx: 2, Train: 99.97%, Valid: 97.72%, Test In: 97.55% Test OOD1: 90.77% 
Epoch: 397, Loss: 0.1231, Cls: 0.0545, Ind: 0.0002, Med: 0.0138, Spu: 0.0000, FD: 0.0546, Var: 0.0000, CStr: 0.396, Ctx: 2, Train: 99.96%, Valid: 97.59%, Test In: 97.53% Test OOD1: 91.50% 
Epoch: 398, Loss: 0.1285, Cls: 0.0568, Ind: 0.0002, Med: 0.0143, Spu: 0.0000, FD: 0.0572, Var: 0.0000, CStr: 0.396, Ctx: 2, Train: 99.94%, Valid: 97.33%, Test In: 97.26% Test OOD1: 92.63% 
Epoch: 399, Loss: 0.1310, Cls: 0.0579, Ind: 0.0001, Med: 0.0145, Spu: 0.0000, FD: 0.0584, Var: 0.0000, CStr: 0.396, Ctx: 2, Train: 99.96%, Valid: 97.61%, Test In: 97.47% Test OOD1: 89.69% 
Epoch: 400, Loss: 0.1321, Cls: 0.0584, Ind: 0.0002, Med: 0.0147, Spu: 0.0000, FD: 0.0589, Var: 0.0000, CStr: 0.396, Ctx: 2, Train: 99.95%, Valid: 97.62%, Test In: 97.49% Test OOD1: 90.87% 
Epoch: 401, Loss: 0.1280, Cls: 0.0566, Ind: 0.0002, Med: 0.0143, Spu: 0.0000, FD: 0.0569, Var: 0.0000, CStr: 0.396, Ctx: 2, Train: 99.95%, Valid: 97.61%, Test In: 97.38% Test OOD1: 90.17% 
Epoch: 402, Loss: 0.1247, Cls: 0.0551, Ind: 0.0002, Med: 0.0138, Spu: 0.0000, FD: 0.0556, Var: 0.0000, CStr: 0.396, Ctx: 2, Train: 99.95%, Valid: 97.60%, Test In: 97.41% Test OOD1: 89.18% 
Epoch: 403, Loss: 0.1225, Cls: 0.0542, Ind: 0.0002, Med: 0.0137, Spu: 0.0000, FD: 0.0545, Var: 0.0000, CStr: 0.396, Ctx: 2, Train: 99.96%, Valid: 97.60%, Test In: 97.38% Test OOD1: 89.86% 
Epoch: 404, Loss: 0.1203, Cls: 0.0532, Ind: 0.0002, Med: 0.0134, Spu: 0.0000, FD: 0.0535, Var: 0.0000, CStr: 0.396, Ctx: 2, Train: 99.95%, Valid: 97.56%, Test In: 97.34% Test OOD1: 90.79% 
Epoch: 405, Loss: 0.1240, Cls: 0.0549, Ind: 0.0002, Med: 0.0139, Spu: 0.0000, FD: 0.0551, Var: 0.0000, CStr: 0.396, Ctx: 2, Train: 99.95%, Valid: 97.46%, Test In: 97.40% Test OOD1: 89.20% 
Epoch: 406, Loss: 0.1218, Cls: 0.0538, Ind: 0.0001, Med: 0.0136, Spu: 0.0000, FD: 0.0542, Var: 0.0000, CStr: 0.396, Ctx: 2, Train: 99.96%, Valid: 97.59%, Test In: 97.36% Test OOD1: 90.42% 
Epoch: 407, Loss: 0.1236, Cls: 0.0546, Ind: 0.0002, Med: 0.0137, Spu: 0.0000, FD: 0.0551, Var: 0.0000, CStr: 0.396, Ctx: 2, Train: 99.96%, Valid: 97.61%, Test In: 97.43% Test OOD1: 90.28% 
Epoch: 408, Loss: 0.1266, Cls: 0.0560, Ind: 0.0002, Med: 0.0140, Spu: 0.0000, FD: 0.0564, Var: 0.0000, CStr: 0.396, Ctx: 2, Train: 99.96%, Valid: 97.63%, Test In: 97.46% Test OOD1: 89.51% 
Epoch: 409, Loss: 0.1222, Cls: 0.0540, Ind: 0.0002, Med: 0.0136, Spu: 0.0000, FD: 0.0544, Var: 0.0000, CStr: 0.396, Ctx: 2, Train: 99.96%, Valid: 97.50%, Test In: 97.40% Test OOD1: 91.00% 
Epoch: 410, Loss: 0.1286, Cls: 0.0568, Ind: 0.0002, Med: 0.0142, Spu: 0.0000, FD: 0.0574, Var: 0.0000, CStr: 0.396, Ctx: 2, Train: 99.95%, Valid: 97.55%, Test In: 97.33% Test OOD1: 91.51% 
Epoch: 411, Loss: 0.1250, Cls: 0.0552, Ind: 0.0002, Med: 0.0139, Spu: 0.0000, FD: 0.0556, Var: 0.0000, CStr: 0.396, Ctx: 2, Train: 99.98%, Valid: 97.63%, Test In: 97.59% Test OOD1: 89.74% 
Epoch: 412, Loss: 0.1240, Cls: 0.0549, Ind: 0.0002, Med: 0.0140, Spu: 0.0000, FD: 0.0550, Var: 0.0000, CStr: 0.396, Ctx: 2, Train: 99.96%, Valid: 97.57%, Test In: 97.40% Test OOD1: 90.64% 
Epoch: 413, Loss: 0.1280, Cls: 0.0566, Ind: 0.0002, Med: 0.0142, Spu: 0.0000, FD: 0.0570, Var: 0.0000, CStr: 0.396, Ctx: 2, Train: 99.95%, Valid: 97.40%, Test In: 97.23% Test OOD1: 91.51% 
Epoch: 414, Loss: 0.1219, Cls: 0.0539, Ind: 0.0002, Med: 0.0135, Spu: 0.0000, FD: 0.0543, Var: 0.0000, CStr: 0.396, Ctx: 2, Train: 99.97%, Valid: 97.62%, Test In: 97.50% Test OOD1: 89.47% 
Epoch: 415, Loss: 0.1292, Cls: 0.0571, Ind: 0.0001, Med: 0.0144, Spu: 0.0000, FD: 0.0575, Var: 0.0000, CStr: 0.396, Ctx: 2, Train: 99.97%, Valid: 97.56%, Test In: 97.42% Test OOD1: 90.85% 
Epoch: 416, Loss: 0.1256, Cls: 0.0555, Ind: 0.0001, Med: 0.0139, Spu: 0.0000, FD: 0.0560, Var: 0.0000, CStr: 0.396, Ctx: 2, Train: 99.94%, Valid: 97.40%, Test In: 97.36% Test OOD1: 91.80% 
Epoch: 417, Loss: 0.1172, Cls: 0.0518, Ind: 0.0002, Med: 0.0130, Spu: 0.0000, FD: 0.0522, Var: 0.0000, CStr: 0.396, Ctx: 2, Train: 99.95%, Valid: 97.57%, Test In: 97.48% Test OOD1: 90.37% 
Epoch: 418, Loss: 0.1207, Cls: 0.0534, Ind: 0.0002, Med: 0.0134, Spu: 0.0000, FD: 0.0537, Var: 0.0000, CStr: 0.396, Ctx: 2, Train: 99.96%, Valid: 97.69%, Test In: 97.54% Test OOD1: 89.75% 
Epoch: 419, Loss: 0.1338, Cls: 0.0592, Ind: 0.0002, Med: 0.0149, Spu: 0.0000, FD: 0.0595, Var: 0.0000, CStr: 0.396, Ctx: 2, Train: 99.93%, Valid: 97.53%, Test In: 97.37% Test OOD1: 91.49% 
Epoch: 420, Loss: 0.1244, Cls: 0.0550, Ind: 0.0002, Med: 0.0138, Spu: 0.0000, FD: 0.0554, Var: 0.0000, CStr: 0.396, Ctx: 2, Train: 99.96%, Valid: 97.61%, Test In: 97.42% Test OOD1: 91.13% 
Epoch: 421, Loss: 0.1273, Cls: 0.0563, Ind: 0.0002, Med: 0.0142, Spu: 0.0000, FD: 0.0567, Var: 0.0000, CStr: 0.396, Ctx: 2, Train: 99.96%, Valid: 97.77%, Test In: 97.55% Test OOD1: 90.21% 
Epoch: 422, Loss: 0.1250, Cls: 0.0553, Ind: 0.0001, Med: 0.0139, Spu: 0.0000, FD: 0.0557, Var: 0.0000, CStr: 0.396, Ctx: 2, Train: 99.96%, Valid: 97.61%, Test In: 97.43% Test OOD1: 91.00% 
Epoch: 423, Loss: 0.1189, Cls: 0.0526, Ind: 0.0002, Med: 0.0132, Spu: 0.0000, FD: 0.0530, Var: 0.0000, CStr: 0.396, Ctx: 2, Train: 99.97%, Valid: 97.60%, Test In: 97.46% Test OOD1: 90.53% 
Epoch: 424, Loss: 0.1220, Cls: 0.0540, Ind: 0.0001, Med: 0.0135, Spu: 0.0000, FD: 0.0544, Var: 0.0000, CStr: 0.396, Ctx: 2, Train: 99.98%, Valid: 97.72%, Test In: 97.49% Test OOD1: 90.07% 
Epoch: 425, Loss: 0.1185, Cls: 0.0524, Ind: 0.0002, Med: 0.0131, Spu: 0.0000, FD: 0.0528, Var: 0.0000, CStr: 0.396, Ctx: 2, Train: 99.97%, Valid: 97.61%, Test In: 97.39% Test OOD1: 91.35% 
Epoch: 426, Loss: 0.1225, Cls: 0.0542, Ind: 0.0002, Med: 0.0137, Spu: 0.0000, FD: 0.0545, Var: 0.0000, CStr: 0.396, Ctx: 2, Train: 99.97%, Valid: 97.55%, Test In: 97.43% Test OOD1: 91.00% 
Epoch: 427, Loss: 0.1199, Cls: 0.0530, Ind: 0.0001, Med: 0.0133, Spu: 0.0000, FD: 0.0535, Var: 0.0000, CStr: 0.396, Ctx: 2, Train: 99.96%, Valid: 97.73%, Test In: 97.62% Test OOD1: 90.91% 
Epoch: 428, Loss: 0.1200, Cls: 0.0531, Ind: 0.0002, Med: 0.0135, Spu: 0.0000, FD: 0.0533, Var: 0.0000, CStr: 0.396, Ctx: 2, Train: 99.95%, Valid: 97.72%, Test In: 97.62% Test OOD1: 90.99% 
Epoch: 429, Loss: 0.1284, Cls: 0.0567, Ind: 0.0001, Med: 0.0142, Spu: 0.0000, FD: 0.0573, Var: 0.0000, CStr: 0.396, Ctx: 2, Train: 99.96%, Valid: 97.51%, Test In: 97.46% Test OOD1: 90.86% 
Epoch: 430, Loss: 0.1229, Cls: 0.0543, Ind: 0.0002, Med: 0.0137, Spu: 0.0000, FD: 0.0546, Var: 0.0000, CStr: 0.396, Ctx: 2, Train: 99.96%, Valid: 97.53%, Test In: 97.46% Test OOD1: 90.79% 
Epoch: 431, Loss: 0.1188, Cls: 0.0525, Ind: 0.0002, Med: 0.0132, Spu: 0.0000, FD: 0.0529, Var: 0.0000, CStr: 0.396, Ctx: 2, Train: 99.94%, Valid: 97.56%, Test In: 97.42% Test OOD1: 90.62% 
Epoch: 432, Loss: 0.1263, Cls: 0.0558, Ind: 0.0002, Med: 0.0140, Spu: 0.0000, FD: 0.0562, Var: 0.0000, CStr: 0.396, Ctx: 2, Train: 99.97%, Valid: 97.63%, Test In: 97.51% Test OOD1: 89.60% 
Epoch: 433, Loss: 0.1308, Cls: 0.0579, Ind: 0.0002, Med: 0.0146, Spu: 0.0000, FD: 0.0582, Var: 0.0000, CStr: 0.396, Ctx: 2, Train: 99.94%, Valid: 97.44%, Test In: 97.35% Test OOD1: 90.80% 
Epoch: 434, Loss: 0.1208, Cls: 0.0534, Ind: 0.0002, Med: 0.0134, Spu: 0.0000, FD: 0.0539, Var: 0.0000, CStr: 0.396, Ctx: 2, Train: 99.94%, Valid: 97.49%, Test In: 97.32% Test OOD1: 92.16% 
Epoch: 435, Loss: 0.1214, Cls: 0.0536, Ind: 0.0002, Med: 0.0134, Spu: 0.0000, FD: 0.0542, Var: 0.0000, CStr: 0.396, Ctx: 2, Train: 99.97%, Valid: 97.71%, Test In: 97.63% Test OOD1: 90.52% 
Epoch: 436, Loss: 0.1283, Cls: 0.0567, Ind: 0.0001, Med: 0.0142, Spu: 0.0000, FD: 0.0572, Var: 0.0000, CStr: 0.396, Ctx: 2, Train: 99.97%, Valid: 97.58%, Test In: 97.53% Test OOD1: 90.41% 
Epoch: 437, Loss: 0.1218, Cls: 0.0538, Ind: 0.0002, Med: 0.0135, Spu: 0.0000, FD: 0.0543, Var: 0.0000, CStr: 0.397, Ctx: 2, Train: 99.92%, Valid: 97.15%, Test In: 97.05% Test OOD1: 93.30% 
Epoch: 438, Loss: 0.1292, Cls: 0.0572, Ind: 0.0001, Med: 0.0144, Spu: 0.0000, FD: 0.0575, Var: 0.0000, CStr: 0.397, Ctx: 2, Train: 99.97%, Valid: 97.67%, Test In: 97.69% Test OOD1: 89.84% 
Epoch: 439, Loss: 0.1245, Cls: 0.0550, Ind: 0.0001, Med: 0.0137, Spu: 0.0000, FD: 0.0556, Var: 0.0000, CStr: 0.397, Ctx: 2, Train: 99.96%, Valid: 97.64%, Test In: 97.58% Test OOD1: 89.67% 
Epoch: 440, Loss: 0.1163, Cls: 0.0514, Ind: 0.0002, Med: 0.0129, Spu: 0.0000, FD: 0.0518, Var: 0.0000, CStr: 0.397, Ctx: 2, Train: 99.94%, Valid: 97.36%, Test In: 97.30% Test OOD1: 92.25% 
Epoch: 441, Loss: 0.1233, Cls: 0.0545, Ind: 0.0001, Med: 0.0137, Spu: 0.0000, FD: 0.0549, Var: 0.0000, CStr: 0.397, Ctx: 2, Train: 99.97%, Valid: 97.67%, Test In: 97.65% Test OOD1: 90.66% 
Epoch: 442, Loss: 0.1105, Cls: 0.0489, Ind: 0.0001, Med: 0.0124, Spu: 0.0000, FD: 0.0491, Var: 0.0000, CStr: 0.397, Ctx: 2, Train: 99.97%, Valid: 97.75%, Test In: 97.68% Test OOD1: 89.49% 
Epoch: 443, Loss: 0.1203, Cls: 0.0532, Ind: 0.0001, Med: 0.0133, Spu: 0.0000, FD: 0.0536, Var: 0.0000, CStr: 0.397, Ctx: 2, Train: 99.96%, Valid: 97.50%, Test In: 97.51% Test OOD1: 92.18% 
Epoch: 444, Loss: 0.1235, Cls: 0.0547, Ind: 0.0001, Med: 0.0139, Spu: 0.0000, FD: 0.0548, Var: 0.0000, CStr: 0.397, Ctx: 2, Train: 99.97%, Valid: 97.67%, Test In: 97.70% Test OOD1: 91.18% 
Epoch: 445, Loss: 0.1238, Cls: 0.0547, Ind: 0.0001, Med: 0.0137, Spu: 0.0000, FD: 0.0551, Var: 0.0000, CStr: 0.397, Ctx: 2, Train: 99.97%, Valid: 97.69%, Test In: 97.66% Test OOD1: 90.97% 
Epoch: 446, Loss: 0.1145, Cls: 0.0506, Ind: 0.0002, Med: 0.0127, Spu: 0.0000, FD: 0.0511, Var: 0.0000, CStr: 0.397, Ctx: 2, Train: 99.96%, Valid: 97.57%, Test In: 97.44% Test OOD1: 91.84% 
Epoch: 447, Loss: 0.1209, Cls: 0.0535, Ind: 0.0001, Med: 0.0134, Spu: 0.0000, FD: 0.0539, Var: 0.0000, CStr: 0.397, Ctx: 2, Train: 99.96%, Valid: 97.55%, Test In: 97.50% Test OOD1: 91.08% 
Epoch: 448, Loss: 0.1164, Cls: 0.0515, Ind: 0.0001, Med: 0.0129, Spu: 0.0000, FD: 0.0520, Var: 0.0000, CStr: 0.397, Ctx: 2, Train: 99.97%, Valid: 97.58%, Test In: 97.53% Test OOD1: 90.74% 
Epoch: 449, Loss: 0.1156, Cls: 0.0511, Ind: 0.0001, Med: 0.0129, Spu: 0.0000, FD: 0.0515, Var: 0.0000, CStr: 0.397, Ctx: 2, Train: 99.97%, Valid: 97.55%, Test In: 97.60% Test OOD1: 89.63% 
Epoch: 450, Loss: 0.1233, Cls: 0.0545, Ind: 0.0001, Med: 0.0137, Spu: 0.0000, FD: 0.0550, Var: 0.0000, CStr: 0.397, Ctx: 2, Train: 99.97%, Valid: 97.61%, Test In: 97.46% Test OOD1: 90.87% 
Epoch: 451, Loss: 0.1149, Cls: 0.0508, Ind: 0.0002, Med: 0.0127, Spu: 0.0000, FD: 0.0513, Var: 0.0000, CStr: 0.397, Ctx: 2, Train: 99.97%, Valid: 97.60%, Test In: 97.50% Test OOD1: 91.24% 
Epoch: 452, Loss: 0.1210, Cls: 0.0535, Ind: 0.0001, Med: 0.0135, Spu: 0.0000, FD: 0.0538, Var: 0.0000, CStr: 0.397, Ctx: 2, Train: 99.97%, Valid: 97.65%, Test In: 97.66% Test OOD1: 90.09% 
Epoch: 453, Loss: 0.1163, Cls: 0.0514, Ind: 0.0001, Med: 0.0130, Spu: 0.0000, FD: 0.0517, Var: 0.0000, CStr: 0.397, Ctx: 2, Train: 99.97%, Valid: 97.63%, Test In: 97.58% Test OOD1: 91.14% 
Epoch: 454, Loss: 0.1150, Cls: 0.0508, Ind: 0.0002, Med: 0.0128, Spu: 0.0000, FD: 0.0512, Var: 0.0000, CStr: 0.397, Ctx: 2, Train: 99.97%, Valid: 97.59%, Test In: 97.55% Test OOD1: 91.06% 
Epoch: 455, Loss: 0.1239, Cls: 0.0548, Ind: 0.0001, Med: 0.0137, Spu: 0.0000, FD: 0.0552, Var: 0.0000, CStr: 0.397, Ctx: 2, Train: 99.97%, Valid: 97.71%, Test In: 97.67% Test OOD1: 89.72% 
Epoch: 456, Loss: 0.1172, Cls: 0.0518, Ind: 0.0001, Med: 0.0131, Spu: 0.0000, FD: 0.0522, Var: 0.0000, CStr: 0.397, Ctx: 2, Train: 99.97%, Valid: 97.65%, Test In: 97.71% Test OOD1: 89.26% 
Epoch: 457, Loss: 0.1213, Cls: 0.0537, Ind: 0.0001, Med: 0.0136, Spu: 0.0000, FD: 0.0538, Var: 0.0000, CStr: 0.397, Ctx: 2, Train: 99.97%, Valid: 97.60%, Test In: 97.52% Test OOD1: 90.12% 
Epoch: 458, Loss: 0.1189, Cls: 0.0526, Ind: 0.0001, Med: 0.0132, Spu: 0.0000, FD: 0.0529, Var: 0.0000, CStr: 0.397, Ctx: 2, Train: 99.97%, Valid: 97.55%, Test In: 97.56% Test OOD1: 89.49% 
Epoch: 459, Loss: 0.1196, Cls: 0.0529, Ind: 0.0001, Med: 0.0134, Spu: 0.0000, FD: 0.0532, Var: 0.0000, CStr: 0.397, Ctx: 2, Train: 99.96%, Valid: 97.51%, Test In: 97.58% Test OOD1: 90.26% 
Epoch: 460, Loss: 0.1110, Cls: 0.0491, Ind: 0.0001, Med: 0.0123, Spu: 0.0000, FD: 0.0495, Var: 0.0000, CStr: 0.397, Ctx: 2, Train: 99.97%, Valid: 97.50%, Test In: 97.61% Test OOD1: 90.51% 
Epoch: 461, Loss: 0.1207, Cls: 0.0534, Ind: 0.0001, Med: 0.0134, Spu: 0.0000, FD: 0.0537, Var: 0.0000, CStr: 0.397, Ctx: 2, Train: 99.97%, Valid: 97.60%, Test In: 97.61% Test OOD1: 89.18% 
Epoch: 462, Loss: 0.1204, Cls: 0.0532, Ind: 0.0002, Med: 0.0134, Spu: 0.0000, FD: 0.0536, Var: 0.0000, CStr: 0.397, Ctx: 2, Train: 99.96%, Valid: 97.42%, Test In: 97.53% Test OOD1: 91.64% 
Epoch: 463, Loss: 0.1203, Cls: 0.0532, Ind: 0.0001, Med: 0.0135, Spu: 0.0000, FD: 0.0535, Var: 0.0000, CStr: 0.397, Ctx: 2, Train: 99.96%, Valid: 97.53%, Test In: 97.60% Test OOD1: 91.35% 
Epoch: 464, Loss: 0.1087, Cls: 0.0481, Ind: 0.0001, Med: 0.0122, Spu: 0.0000, FD: 0.0483, Var: 0.0000, CStr: 0.397, Ctx: 2, Train: 99.97%, Valid: 97.58%, Test In: 97.66% Test OOD1: 90.51% 
Epoch: 465, Loss: 0.1228, Cls: 0.0543, Ind: 0.0001, Med: 0.0137, Spu: 0.0000, FD: 0.0546, Var: 0.0000, CStr: 0.396, Ctx: 2, Train: 99.96%, Valid: 97.50%, Test In: 97.59% Test OOD1: 91.00% 
Epoch: 466, Loss: 0.1219, Cls: 0.0539, Ind: 0.0001, Med: 0.0135, Spu: 0.0000, FD: 0.0543, Var: 0.0000, CStr: 0.396, Ctx: 2, Train: 99.97%, Valid: 97.59%, Test In: 97.54% Test OOD1: 90.93% 
Epoch: 467, Loss: 0.1174, Cls: 0.0519, Ind: 0.0001, Med: 0.0130, Spu: 0.0000, FD: 0.0523, Var: 0.0000, CStr: 0.396, Ctx: 2, Train: 99.98%, Valid: 97.67%, Test In: 97.69% Test OOD1: 89.47% 
Epoch: 468, Loss: 0.1237, Cls: 0.0547, Ind: 0.0002, Med: 0.0137, Spu: 0.0000, FD: 0.0551, Var: 0.0000, CStr: 0.396, Ctx: 2, Train: 99.98%, Valid: 97.59%, Test In: 97.63% Test OOD1: 90.52% 
Epoch: 469, Loss: 0.1183, Cls: 0.0523, Ind: 0.0001, Med: 0.0131, Spu: 0.0000, FD: 0.0527, Var: 0.0000, CStr: 0.396, Ctx: 2, Train: 99.96%, Valid: 97.38%, Test In: 97.49% Test OOD1: 91.33% 
Epoch: 470, Loss: 0.1170, Cls: 0.0517, Ind: 0.0001, Med: 0.0129, Spu: 0.0000, FD: 0.0522, Var: 0.0000, CStr: 0.396, Ctx: 2, Train: 99.98%, Valid: 97.62%, Test In: 97.65% Test OOD1: 89.61% 
Epoch: 471, Loss: 0.1213, Cls: 0.0536, Ind: 0.0002, Med: 0.0135, Spu: 0.0000, FD: 0.0540, Var: 0.0000, CStr: 0.396, Ctx: 2, Train: 99.98%, Valid: 97.60%, Test In: 97.65% Test OOD1: 90.02% 
Epoch: 472, Loss: 0.1128, Cls: 0.0498, Ind: 0.0002, Med: 0.0125, Spu: 0.0000, FD: 0.0503, Var: 0.0000, CStr: 0.396, Ctx: 2, Train: 99.98%, Valid: 97.48%, Test In: 97.57% Test OOD1: 90.84% 
Epoch: 473, Loss: 0.1114, Cls: 0.0492, Ind: 0.0001, Med: 0.0124, Spu: 0.0000, FD: 0.0496, Var: 0.0000, CStr: 0.396, Ctx: 2, Train: 99.98%, Valid: 97.46%, Test In: 97.52% Test OOD1: 90.29% 
Epoch: 474, Loss: 0.1102, Cls: 0.0487, Ind: 0.0001, Med: 0.0123, Spu: 0.0000, FD: 0.0490, Var: 0.0000, CStr: 0.396, Ctx: 2, Train: 99.98%, Valid: 97.60%, Test In: 97.59% Test OOD1: 90.00% 
Epoch: 475, Loss: 0.1130, Cls: 0.0500, Ind: 0.0001, Med: 0.0125, Spu: 0.0000, FD: 0.0504, Var: 0.0000, CStr: 0.396, Ctx: 2, Train: 99.98%, Valid: 97.65%, Test In: 97.63% Test OOD1: 90.09% 
Epoch: 476, Loss: 0.1153, Cls: 0.0510, Ind: 0.0001, Med: 0.0129, Spu: 0.0000, FD: 0.0513, Var: 0.0000, CStr: 0.396, Ctx: 2, Train: 99.98%, Valid: 97.47%, Test In: 97.50% Test OOD1: 91.69% 
Epoch: 477, Loss: 0.1143, Cls: 0.0505, Ind: 0.0001, Med: 0.0126, Spu: 0.0000, FD: 0.0510, Var: 0.0000, CStr: 0.396, Ctx: 2, Train: 99.98%, Valid: 97.56%, Test In: 97.61% Test OOD1: 90.90% 
Epoch: 478, Loss: 0.1076, Cls: 0.0476, Ind: 0.0001, Med: 0.0120, Spu: 0.0000, FD: 0.0479, Var: 0.0000, CStr: 0.396, Ctx: 2, Train: 99.97%, Valid: 97.55%, Test In: 97.48% Test OOD1: 91.90% 
Epoch: 479, Loss: 0.1200, Cls: 0.0530, Ind: 0.0001, Med: 0.0132, Spu: 0.0000, FD: 0.0537, Var: 0.0000, CStr: 0.396, Ctx: 2, Train: 99.97%, Valid: 97.52%, Test In: 97.50% Test OOD1: 91.40% 
Epoch: 480, Loss: 0.1106, Cls: 0.0489, Ind: 0.0001, Med: 0.0122, Spu: 0.0000, FD: 0.0494, Var: 0.0000, CStr: 0.396, Ctx: 2, Train: 99.97%, Valid: 97.53%, Test In: 97.48% Test OOD1: 91.01% 
Epoch: 481, Loss: 0.1180, Cls: 0.0522, Ind: 0.0001, Med: 0.0130, Spu: 0.0000, FD: 0.0527, Var: 0.0000, CStr: 0.396, Ctx: 2, Train: 99.96%, Valid: 97.31%, Test In: 97.37% Test OOD1: 92.25% 
Epoch: 482, Loss: 0.1262, Cls: 0.0558, Ind: 0.0002, Med: 0.0139, Spu: 0.0000, FD: 0.0563, Var: 0.0000, CStr: 0.396, Ctx: 2, Train: 99.98%, Valid: 97.73%, Test In: 97.73% Test OOD1: 89.79% 
Epoch: 483, Loss: 0.1234, Cls: 0.0546, Ind: 0.0001, Med: 0.0137, Spu: 0.0000, FD: 0.0550, Var: 0.0000, CStr: 0.396, Ctx: 2, Train: 99.96%, Valid: 97.49%, Test In: 97.55% Test OOD1: 90.48% 
Epoch: 484, Loss: 0.1170, Cls: 0.0518, Ind: 0.0001, Med: 0.0130, Spu: 0.0000, FD: 0.0521, Var: 0.0000, CStr: 0.397, Ctx: 2, Train: 99.91%, Valid: 97.17%, Test In: 97.23% Test OOD1: 92.51% 
Epoch: 485, Loss: 0.1262, Cls: 0.0558, Ind: 0.0001, Med: 0.0140, Spu: 0.0000, FD: 0.0562, Var: 0.0000, CStr: 0.397, Ctx: 2, Train: 99.98%, Valid: 97.60%, Test In: 97.68% Test OOD1: 89.52% 
Epoch: 486, Loss: 0.1165, Cls: 0.0515, Ind: 0.0001, Med: 0.0129, Spu: 0.0000, FD: 0.0519, Var: 0.0000, CStr: 0.397, Ctx: 2, Train: 99.97%, Valid: 97.50%, Test In: 97.53% Test OOD1: 90.50% 
Epoch: 487, Loss: 0.1199, Cls: 0.0530, Ind: 0.0001, Med: 0.0133, Spu: 0.0000, FD: 0.0535, Var: 0.0000, CStr: 0.397, Ctx: 2, Train: 99.94%, Valid: 97.32%, Test In: 97.39% Test OOD1: 92.45% 
Epoch: 488, Loss: 0.1240, Cls: 0.0549, Ind: 0.0001, Med: 0.0139, Spu: 0.0000, FD: 0.0551, Var: 0.0000, CStr: 0.397, Ctx: 2, Train: 99.98%, Valid: 97.75%, Test In: 97.67% Test OOD1: 89.66% 
Epoch: 489, Loss: 0.1210, Cls: 0.0535, Ind: 0.0001, Med: 0.0134, Spu: 0.0000, FD: 0.0540, Var: 0.0000, CStr: 0.398, Ctx: 2, Train: 99.98%, Valid: 97.69%, Test In: 97.71% Test OOD1: 90.72% 
Epoch: 490, Loss: 0.1063, Cls: 0.0470, Ind: 0.0001, Med: 0.0118, Spu: 0.0000, FD: 0.0473, Var: 0.0000, CStr: 0.398, Ctx: 2, Train: 99.95%, Valid: 97.40%, Test In: 97.43% Test OOD1: 92.79% 
Epoch: 491, Loss: 0.1177, Cls: 0.0520, Ind: 0.0002, Med: 0.0131, Spu: 0.0000, FD: 0.0523, Var: 0.0000, CStr: 0.398, Ctx: 2, Train: 99.98%, Valid: 97.69%, Test In: 97.75% Test OOD1: 90.21% 
Epoch: 492, Loss: 0.1154, Cls: 0.0510, Ind: 0.0001, Med: 0.0127, Spu: 0.0000, FD: 0.0516, Var: 0.0000, CStr: 0.398, Ctx: 2, Train: 99.98%, Valid: 97.64%, Test In: 97.81% Test OOD1: 90.45% 
Epoch: 493, Loss: 0.1201, Cls: 0.0531, Ind: 0.0002, Med: 0.0134, Spu: 0.0000, FD: 0.0535, Var: 0.0000, CStr: 0.398, Ctx: 2, Train: 99.93%, Valid: 97.32%, Test In: 97.40% Test OOD1: 92.74% 
Epoch: 494, Loss: 0.1267, Cls: 0.0561, Ind: 0.0002, Med: 0.0140, Spu: 0.0000, FD: 0.0565, Var: 0.0000, CStr: 0.398, Ctx: 2, Train: 99.97%, Valid: 97.57%, Test In: 97.65% Test OOD1: 89.27% 
Epoch: 495, Loss: 0.1125, Cls: 0.0497, Ind: 0.0001, Med: 0.0125, Spu: 0.0000, FD: 0.0501, Var: 0.0000, CStr: 0.399, Ctx: 2, Train: 99.98%, Valid: 97.65%, Test In: 97.68% Test OOD1: 90.17% 
Epoch: 496, Loss: 0.1196, Cls: 0.0529, Ind: 0.0001, Med: 0.0132, Spu: 0.0000, FD: 0.0533, Var: 0.0000, CStr: 0.399, Ctx: 2, Train: 99.95%, Valid: 97.33%, Test In: 97.34% Test OOD1: 92.15% 
Epoch: 497, Loss: 0.1143, Cls: 0.0506, Ind: 0.0001, Med: 0.0128, Spu: 0.0000, FD: 0.0509, Var: 0.0000, CStr: 0.399, Ctx: 2, Train: 99.97%, Valid: 97.44%, Test In: 97.48% Test OOD1: 90.33% 
Epoch: 498, Loss: 0.1085, Cls: 0.0480, Ind: 0.0001, Med: 0.0121, Spu: 0.0000, FD: 0.0483, Var: 0.0000, CStr: 0.399, Ctx: 2, Train: 99.98%, Valid: 97.60%, Test In: 97.67% Test OOD1: 89.42% 
Epoch: 499, Loss: 0.1071, Cls: 0.0474, Ind: 0.0001, Med: 0.0119, Spu: 0.0000, FD: 0.0477, Var: 0.0000, CStr: 0.399, Ctx: 2, Train: 99.98%, Valid: 97.62%, Test In: 97.64% Test OOD1: 89.65% 
Run 02:
Highest Train: 99.98
Highest Valid: 97.77
Highest In Test: 97.81
Highest OOD Test: 93.30
Chosen epoch: 422
Final Train: 99.96
Final In Test: 97.55
Final OOD Test: 90.21
All runs:
Highest Train: 99.98 ± 0.00
Highest Valid: 97.79 ± 0.02
Highest In Test: 97.71 ± 0.13
Highest OOD Test: 93.38 ± 0.12
  Final Train: 99.97 ± 0.00
   Final In  Test: 97.58 ± 0.05
   Final OOD Test: 90.68 ± 0.67
[INFO] TensorBoard writer closed.

Command: python main_frontdoor.py --dataset pubmed --backbone_type gcn --store_result --epochs 500 --runs 2 --num_layers 2 --device 1 --combine_result --lr 0.005 --weight_decay 5e-05 --dropout 0.2 --hidden_channels 64 --K 2 --lambda_fd 1.0 --lambda_spu 0.05 --lambda_ind 0.1 --context_gate_temp 1.0 --fd_blend 0.7 --lambda_med 0.25 --result_name pubmed_gcn_frontdoor_stage2_lr0.005_weight_decay5e-05_dropout0.2_hidden_channels64_K2_lambda_fd1.0_lambda_spu0.05_lambda_ind0.1_context_gate_temp1.0_fd_blend0.7_lambda_med0.25
Return code: 0
Elapsed: 104.99s
