Namespace(K=2, backbone_type='gcn', causal_strength_ema=0.95, causal_strength_min=0.1, combine_result=True, context_gate_temp=0.5, cpu=False, data_dir='./data/', dataset='pubmed', device=1, display_step=1, dropout=0.2, env_type='node', epochs=500, expert_agg='mean', fd_blend=0.3, gamma=0.99, gate_hidden=64, hidden_channels=64, infer_env=False, infer_env_components=64, infer_env_iters=30, infer_env_num=3, lambda_fd=1.0, lambda_ind=0.05, lambda_med=0.25, lambda_spu=0.1, lambda_var=0.05, lamda=1.0, lr=0.005, num_layers=2, other_env_reduce='sample', pos_weight=5.0, result_name='pubmed_gcn_frontdoor_stage2_lr0.005_weight_decay5e-05_dropout0.2_hidden_channels64_K2_lambda_fd1.0_lambda_spu0.1_lambda_ind0.05_context_gate_temp0.5_fd_blend0.3_lambda_med0.25', runs=2, seed=123, store_result=True, tau=1, use_bn=False, use_causal_strength_ind=True, variant=False, weight_decay=5e-05)
using existing synthetic data...
dataset pubmed: all nodes 118302 | edges 531888 | classes 3 | feats 510
train nodes 29575 | valid nodes 14788 | test in nodes 14788
test ood1 nodes 59151 
[INFO] env numbers: 6 train env numbers: 3
MODEL: GraphFrontDoor(
  (act_fn): ReLU()
  (input_proj): Linear(in_features=510, out_features=64, bias=True)
  (backbone_layers): ModuleList(
    (0): FrontDoorBackboneLayer()
    (1): FrontDoorBackboneLayer()
  )
  (causal_adapter): Linear(in_features=64, out_features=64, bias=True)
  (spurious_adapter): Linear(in_features=64, out_features=64, bias=True)
  (causal_norm): LayerNorm((64,), eps=1e-05, elementwise_affine=True)
  (spurious_norm): LayerNorm((64,), eps=1e-05, elementwise_affine=True)
  (classifier): Linear(in_features=64, out_features=3, bias=True)
  (spurious_classifier): Linear(in_features=64, out_features=3, bias=True)
  (fd_classifier): Linear(in_features=64, out_features=3, bias=True)
  (query_proj): Linear(in_features=64, out_features=64, bias=True)
  (key_proj): Linear(in_features=64, out_features=64, bias=True)
  (value_proj): Linear(in_features=64, out_features=64, bias=True)
  (aug_norm): LayerNorm((64,), eps=1e-05, elementwise_affine=True)
)
[INFO] TensorBoard logging activated. Logs will be saved to: ./runs/pubmed/frontdoor/pubmed_gcn_frontdoor_stage2_lr0.005_weight_decay5e-05_dropout0.2_hidden_channels64_K2_lambda_fd1.0_lambda_spu0.1_lambda_ind0.05_context_gate_temp0.5_fd_blend0.3_lambda_med0.25
[INFO] Independence loss: causal-strength masked | strength EMA: 0.95 | min weight: 0.1
Epoch: 00, Loss: 2.7732, Cls: 1.1940, Ind: 0.0114, Med: 0.3017, Spu: 0.0114, FD: 1.2546, Var: 0.0001, CStr: 0.502, Ctx: 2, Train: 39.53%, Valid: 39.27%, Test In: 39.44% Test OOD1: 39.59% 
Epoch: 01, Loss: 2.4670, Cls: 1.0451, Ind: 0.0143, Med: 0.2599, Spu: 0.0116, FD: 1.1360, Var: 0.0001, CStr: 0.504, Ctx: 2, Train: 68.55%, Valid: 68.07%, Test In: 68.83% Test OOD1: 52.52% 
Epoch: 02, Loss: 2.2590, Cls: 0.9630, Ind: 0.0160, Med: 0.2418, Spu: 0.0093, FD: 1.0288, Var: 0.0001, CStr: 0.506, Ctx: 2, Train: 71.87%, Valid: 71.67%, Test In: 72.38% Test OOD1: 60.45% 
Epoch: 03, Loss: 2.0073, Cls: 0.8589, Ind: 0.0224, Med: 0.2172, Spu: 0.0053, FD: 0.9034, Var: 0.0001, CStr: 0.507, Ctx: 2, Train: 72.77%, Valid: 72.57%, Test In: 73.46% Test OOD1: 59.59% 
Epoch: 04, Loss: 1.7395, Cls: 0.7482, Ind: 0.0342, Med: 0.1906, Spu: 0.0041, FD: 0.7622, Var: 0.0001, CStr: 0.509, Ctx: 2, Train: 80.79%, Valid: 80.82%, Test In: 81.09% Test OOD1: 61.21% 
Epoch: 05, Loss: 1.5341, Cls: 0.6575, Ind: 0.0447, Med: 0.1683, Spu: 0.0044, FD: 0.6590, Var: 0.0001, CStr: 0.510, Ctx: 2, Train: 86.11%, Valid: 85.96%, Test In: 86.12% Test OOD1: 62.94% 
Epoch: 06, Loss: 1.3657, Cls: 0.5773, Ind: 0.0486, Med: 0.1468, Spu: 0.0045, FD: 0.5884, Var: 0.0001, CStr: 0.510, Ctx: 2, Train: 86.93%, Valid: 86.79%, Test In: 86.97% Test OOD1: 63.29% 
Epoch: 07, Loss: 1.2256, Cls: 0.5122, Ind: 0.0491, Med: 0.1297, Spu: 0.0042, FD: 0.5303, Var: 0.0001, CStr: 0.511, Ctx: 2, Train: 87.89%, Valid: 87.63%, Test In: 87.93% Test OOD1: 63.09% 
Epoch: 08, Loss: 1.1064, Cls: 0.4588, Ind: 0.0459, Med: 0.1156, Spu: 0.0036, FD: 0.4824, Var: 0.0001, CStr: 0.511, Ctx: 2, Train: 88.77%, Valid: 88.40%, Test In: 88.73% Test OOD1: 63.11% 
Epoch: 09, Loss: 1.0250, Cls: 0.4230, Ind: 0.0434, Med: 0.1061, Spu: 0.0033, FD: 0.4492, Var: 0.0000, CStr: 0.511, Ctx: 2, Train: 89.30%, Valid: 89.05%, Test In: 89.28% Test OOD1: 63.83% 
Epoch: 10, Loss: 0.9702, Cls: 0.4006, Ind: 0.0408, Med: 0.1005, Spu: 0.0033, FD: 0.4250, Var: 0.0000, CStr: 0.511, Ctx: 2, Train: 89.72%, Valid: 89.46%, Test In: 89.71% Test OOD1: 64.43% 
Epoch: 11, Loss: 0.9044, Cls: 0.3733, Ind: 0.0411, Med: 0.0939, Spu: 0.0036, FD: 0.3925, Var: 0.0000, CStr: 0.510, Ctx: 2, Train: 89.97%, Valid: 89.64%, Test In: 89.78% Test OOD1: 64.40% 
Epoch: 12, Loss: 0.8741, Cls: 0.3630, Ind: 0.0412, Med: 0.0919, Spu: 0.0035, FD: 0.3745, Var: 0.0000, CStr: 0.510, Ctx: 2, Train: 90.11%, Valid: 89.63%, Test In: 89.89% Test OOD1: 63.61% 
Epoch: 13, Loss: 0.8556, Cls: 0.3563, Ind: 0.0397, Med: 0.0901, Spu: 0.0030, FD: 0.3665, Var: 0.0000, CStr: 0.509, Ctx: 2, Train: 90.15%, Valid: 89.55%, Test In: 89.82% Test OOD1: 63.18% 
Epoch: 14, Loss: 0.8452, Cls: 0.3546, Ind: 0.0368, Med: 0.0899, Spu: 0.0027, FD: 0.3612, Var: 0.0000, CStr: 0.509, Ctx: 2, Train: 90.08%, Valid: 89.67%, Test In: 89.84% Test OOD1: 64.35% 
Epoch: 15, Loss: 0.8161, Cls: 0.3444, Ind: 0.0333, Med: 0.0875, Spu: 0.0025, FD: 0.3482, Var: 0.0000, CStr: 0.509, Ctx: 2, Train: 90.20%, Valid: 89.84%, Test In: 90.17% Test OOD1: 66.49% 
Epoch: 16, Loss: 0.7907, Cls: 0.3350, Ind: 0.0292, Med: 0.0851, Spu: 0.0025, FD: 0.3389, Var: 0.0000, CStr: 0.508, Ctx: 2, Train: 90.26%, Valid: 89.90%, Test In: 90.29% Test OOD1: 68.04% 
Epoch: 17, Loss: 0.7740, Cls: 0.3292, Ind: 0.0249, Med: 0.0837, Spu: 0.0025, FD: 0.3337, Var: 0.0000, CStr: 0.508, Ctx: 2, Train: 90.30%, Valid: 89.90%, Test In: 90.35% Test OOD1: 68.94% 
Epoch: 18, Loss: 0.7730, Cls: 0.3304, Ind: 0.0204, Med: 0.0839, Spu: 0.0023, FD: 0.3360, Var: 0.0000, CStr: 0.508, Ctx: 2, Train: 90.38%, Valid: 89.96%, Test In: 90.36% Test OOD1: 68.90% 
Epoch: 19, Loss: 0.7650, Cls: 0.3285, Ind: 0.0164, Med: 0.0833, Spu: 0.0022, FD: 0.3346, Var: 0.0000, CStr: 0.508, Ctx: 2, Train: 90.54%, Valid: 90.10%, Test In: 90.48% Test OOD1: 68.26% 
Epoch: 20, Loss: 0.7543, Cls: 0.3253, Ind: 0.0138, Med: 0.0825, Spu: 0.0020, FD: 0.3305, Var: 0.0000, CStr: 0.507, Ctx: 2, Train: 90.78%, Valid: 90.22%, Test In: 90.57% Test OOD1: 67.97% 
Epoch: 21, Loss: 0.7326, Cls: 0.3163, Ind: 0.0122, Med: 0.0801, Spu: 0.0019, FD: 0.3220, Var: 0.0000, CStr: 0.507, Ctx: 2, Train: 90.98%, Valid: 90.42%, Test In: 90.79% Test OOD1: 68.16% 
Epoch: 22, Loss: 0.7171, Cls: 0.3103, Ind: 0.0111, Med: 0.0786, Spu: 0.0019, FD: 0.3153, Var: 0.0000, CStr: 0.507, Ctx: 2, Train: 91.07%, Valid: 90.59%, Test In: 90.92% Test OOD1: 68.31% 
Epoch: 23, Loss: 0.7062, Cls: 0.3061, Ind: 0.0101, Med: 0.0776, Spu: 0.0018, FD: 0.3106, Var: 0.0000, CStr: 0.507, Ctx: 2, Train: 91.19%, Valid: 90.69%, Test In: 91.05% Test OOD1: 67.87% 
Epoch: 24, Loss: 0.7097, Cls: 0.3077, Ind: 0.0091, Med: 0.0779, Spu: 0.0017, FD: 0.3132, Var: 0.0000, CStr: 0.507, Ctx: 2, Train: 91.26%, Valid: 90.87%, Test In: 91.24% Test OOD1: 67.53% 
Epoch: 25, Loss: 0.6870, Cls: 0.2987, Ind: 0.0080, Med: 0.0757, Spu: 0.0016, FD: 0.3029, Var: 0.0000, CStr: 0.507, Ctx: 2, Train: 91.34%, Valid: 90.88%, Test In: 91.21% Test OOD1: 67.33% 
Epoch: 26, Loss: 0.6786, Cls: 0.2955, Ind: 0.0072, Med: 0.0748, Spu: 0.0015, FD: 0.2995, Var: 0.0000, CStr: 0.507, Ctx: 2, Train: 91.44%, Valid: 90.95%, Test In: 91.28% Test OOD1: 67.58% 
Epoch: 27, Loss: 0.6708, Cls: 0.2927, Ind: 0.0064, Med: 0.0741, Spu: 0.0014, FD: 0.2961, Var: 0.0000, CStr: 0.507, Ctx: 2, Train: 91.49%, Valid: 91.11%, Test In: 91.37% Test OOD1: 68.94% 
Epoch: 28, Loss: 0.6657, Cls: 0.2900, Ind: 0.0060, Med: 0.0731, Spu: 0.0014, FD: 0.2952, Var: 0.0000, CStr: 0.508, Ctx: 2, Train: 91.57%, Valid: 91.15%, Test In: 91.35% Test OOD1: 70.31% 
Epoch: 29, Loss: 0.6733, Cls: 0.2938, Ind: 0.0056, Med: 0.0741, Spu: 0.0013, FD: 0.2984, Var: 0.0000, CStr: 0.508, Ctx: 2, Train: 91.70%, Valid: 91.22%, Test In: 91.47% Test OOD1: 70.73% 
Epoch: 30, Loss: 0.6496, Cls: 0.2841, Ind: 0.0053, Med: 0.0718, Spu: 0.0012, FD: 0.2872, Var: 0.0000, CStr: 0.509, Ctx: 2, Train: 91.78%, Valid: 91.24%, Test In: 91.50% Test OOD1: 70.32% 
Epoch: 31, Loss: 0.6494, Cls: 0.2840, Ind: 0.0047, Med: 0.0716, Spu: 0.0012, FD: 0.2879, Var: 0.0000, CStr: 0.509, Ctx: 2, Train: 91.89%, Valid: 91.39%, Test In: 91.53% Test OOD1: 71.02% 
Epoch: 32, Loss: 0.6450, Cls: 0.2825, Ind: 0.0045, Med: 0.0714, Spu: 0.0011, FD: 0.2855, Var: 0.0000, CStr: 0.510, Ctx: 2, Train: 92.03%, Valid: 91.38%, Test In: 91.63% Test OOD1: 71.75% 
Epoch: 33, Loss: 0.6231, Cls: 0.2732, Ind: 0.0040, Med: 0.0691, Spu: 0.0011, FD: 0.2757, Var: 0.0000, CStr: 0.511, Ctx: 2, Train: 92.16%, Valid: 91.47%, Test In: 91.72% Test OOD1: 71.93% 
Epoch: 34, Loss: 0.6197, Cls: 0.2722, Ind: 0.0038, Med: 0.0690, Spu: 0.0010, FD: 0.2737, Var: 0.0000, CStr: 0.511, Ctx: 2, Train: 92.31%, Valid: 91.53%, Test In: 91.92% Test OOD1: 71.82% 
Epoch: 35, Loss: 0.6146, Cls: 0.2704, Ind: 0.0036, Med: 0.0686, Spu: 0.0010, FD: 0.2711, Var: 0.0000, CStr: 0.512, Ctx: 2, Train: 92.46%, Valid: 91.60%, Test In: 92.04% Test OOD1: 72.22% 
Epoch: 36, Loss: 0.6167, Cls: 0.2713, Ind: 0.0034, Med: 0.0687, Spu: 0.0009, FD: 0.2722, Var: 0.0000, CStr: 0.512, Ctx: 2, Train: 92.54%, Valid: 91.76%, Test In: 92.15% Test OOD1: 72.59% 
Epoch: 37, Loss: 0.6079, Cls: 0.2673, Ind: 0.0031, Med: 0.0676, Spu: 0.0009, FD: 0.2689, Var: 0.0000, CStr: 0.512, Ctx: 2, Train: 92.58%, Valid: 91.80%, Test In: 92.18% Test OOD1: 72.23% 
Epoch: 38, Loss: 0.5936, Cls: 0.2604, Ind: 0.0030, Med: 0.0657, Spu: 0.0009, FD: 0.2635, Var: 0.0000, CStr: 0.512, Ctx: 2, Train: 92.65%, Valid: 91.81%, Test In: 92.26% Test OOD1: 72.31% 
Epoch: 39, Loss: 0.5912, Cls: 0.2598, Ind: 0.0028, Med: 0.0656, Spu: 0.0008, FD: 0.2622, Var: 0.0000, CStr: 0.512, Ctx: 2, Train: 92.75%, Valid: 91.87%, Test In: 92.30% Test OOD1: 73.37% 
Epoch: 40, Loss: 0.5765, Cls: 0.2532, Ind: 0.0026, Med: 0.0639, Spu: 0.0008, FD: 0.2560, Var: 0.0000, CStr: 0.512, Ctx: 2, Train: 92.83%, Valid: 91.97%, Test In: 92.30% Test OOD1: 73.50% 
Epoch: 41, Loss: 0.5799, Cls: 0.2552, Ind: 0.0025, Med: 0.0645, Spu: 0.0008, FD: 0.2570, Var: 0.0000, CStr: 0.511, Ctx: 2, Train: 92.89%, Valid: 91.95%, Test In: 92.43% Test OOD1: 73.31% 
Epoch: 42, Loss: 0.5648, Cls: 0.2483, Ind: 0.0023, Med: 0.0626, Spu: 0.0007, FD: 0.2508, Var: 0.0000, CStr: 0.511, Ctx: 2, Train: 92.95%, Valid: 92.07%, Test In: 92.47% Test OOD1: 74.12% 
Epoch: 43, Loss: 0.5608, Cls: 0.2464, Ind: 0.0022, Med: 0.0621, Spu: 0.0007, FD: 0.2494, Var: 0.0000, CStr: 0.510, Ctx: 2, Train: 93.04%, Valid: 92.13%, Test In: 92.58% Test OOD1: 74.76% 
Epoch: 44, Loss: 0.5609, Cls: 0.2467, Ind: 0.0020, Med: 0.0622, Spu: 0.0007, FD: 0.2492, Var: 0.0000, CStr: 0.510, Ctx: 2, Train: 93.17%, Valid: 92.22%, Test In: 92.65% Test OOD1: 75.14% 
Epoch: 45, Loss: 0.5553, Cls: 0.2442, Ind: 0.0018, Med: 0.0615, Spu: 0.0006, FD: 0.2470, Var: 0.0000, CStr: 0.509, Ctx: 2, Train: 93.23%, Valid: 92.22%, Test In: 92.66% Test OOD1: 75.21% 
Epoch: 46, Loss: 0.5499, Cls: 0.2420, Ind: 0.0017, Med: 0.0609, Spu: 0.0006, FD: 0.2446, Var: 0.0000, CStr: 0.508, Ctx: 2, Train: 93.31%, Valid: 92.26%, Test In: 92.70% Test OOD1: 75.69% 
Epoch: 47, Loss: 0.5498, Cls: 0.2420, Ind: 0.0016, Med: 0.0610, Spu: 0.0006, FD: 0.2446, Var: 0.0000, CStr: 0.508, Ctx: 2, Train: 93.33%, Valid: 92.15%, Test In: 92.65% Test OOD1: 76.86% 
Epoch: 48, Loss: 0.5401, Cls: 0.2379, Ind: 0.0015, Med: 0.0600, Spu: 0.0006, FD: 0.2401, Var: 0.0000, CStr: 0.507, Ctx: 2, Train: 93.41%, Valid: 92.26%, Test In: 92.70% Test OOD1: 76.58% 
Epoch: 49, Loss: 0.5388, Cls: 0.2371, Ind: 0.0015, Med: 0.0597, Spu: 0.0005, FD: 0.2398, Var: 0.0000, CStr: 0.506, Ctx: 2, Train: 93.44%, Valid: 92.40%, Test In: 92.78% Test OOD1: 75.33% 
Epoch: 50, Loss: 0.5377, Cls: 0.2363, Ind: 0.0015, Med: 0.0594, Spu: 0.0005, FD: 0.2399, Var: 0.0000, CStr: 0.505, Ctx: 2, Train: 93.47%, Valid: 92.22%, Test In: 92.60% Test OOD1: 77.25% 
Epoch: 51, Loss: 0.5237, Cls: 0.2307, Ind: 0.0014, Med: 0.0581, Spu: 0.0005, FD: 0.2330, Var: 0.0000, CStr: 0.504, Ctx: 2, Train: 93.46%, Valid: 92.29%, Test In: 92.62% Test OOD1: 77.57% 
Epoch: 52, Loss: 0.5193, Cls: 0.2285, Ind: 0.0014, Med: 0.0575, Spu: 0.0005, FD: 0.2314, Var: 0.0000, CStr: 0.503, Ctx: 2, Train: 93.69%, Valid: 92.64%, Test In: 92.74% Test OOD1: 75.85% 
Epoch: 53, Loss: 0.5204, Cls: 0.2286, Ind: 0.0014, Med: 0.0574, Spu: 0.0005, FD: 0.2324, Var: 0.0000, CStr: 0.502, Ctx: 2, Train: 93.71%, Valid: 92.45%, Test In: 92.80% Test OOD1: 77.44% 
Epoch: 54, Loss: 0.5168, Cls: 0.2275, Ind: 0.0014, Med: 0.0572, Spu: 0.0005, FD: 0.2303, Var: 0.0000, CStr: 0.501, Ctx: 2, Train: 93.58%, Valid: 92.32%, Test In: 92.64% Test OOD1: 79.07% 
Epoch: 55, Loss: 0.5190, Cls: 0.2284, Ind: 0.0014, Med: 0.0574, Spu: 0.0004, FD: 0.2313, Var: 0.0000, CStr: 0.500, Ctx: 2, Train: 93.84%, Valid: 92.51%, Test In: 92.97% Test OOD1: 77.74% 
Epoch: 56, Loss: 0.5131, Cls: 0.2259, Ind: 0.0013, Med: 0.0568, Spu: 0.0004, FD: 0.2286, Var: 0.0000, CStr: 0.499, Ctx: 2, Train: 93.95%, Valid: 92.63%, Test In: 93.06% Test OOD1: 77.79% 
Epoch: 57, Loss: 0.5063, Cls: 0.2228, Ind: 0.0013, Med: 0.0560, Spu: 0.0004, FD: 0.2258, Var: 0.0000, CStr: 0.498, Ctx: 2, Train: 93.95%, Valid: 92.56%, Test In: 92.76% Test OOD1: 79.57% 
Epoch: 58, Loss: 0.4958, Cls: 0.2184, Ind: 0.0013, Med: 0.0550, Spu: 0.0004, FD: 0.2207, Var: 0.0000, CStr: 0.497, Ctx: 2, Train: 94.09%, Valid: 92.69%, Test In: 92.90% Test OOD1: 78.83% 
Epoch: 59, Loss: 0.4890, Cls: 0.2153, Ind: 0.0012, Med: 0.0541, Spu: 0.0004, FD: 0.2179, Var: 0.0000, CStr: 0.495, Ctx: 2, Train: 94.11%, Valid: 92.62%, Test In: 93.04% Test OOD1: 77.64% 
Epoch: 60, Loss: 0.4944, Cls: 0.2176, Ind: 0.0012, Med: 0.0547, Spu: 0.0004, FD: 0.2206, Var: 0.0000, CStr: 0.494, Ctx: 2, Train: 94.09%, Valid: 92.70%, Test In: 92.87% Test OOD1: 78.60% 
Epoch: 61, Loss: 0.4858, Cls: 0.2140, Ind: 0.0012, Med: 0.0538, Spu: 0.0004, FD: 0.2164, Var: 0.0000, CStr: 0.493, Ctx: 2, Train: 94.05%, Valid: 92.67%, Test In: 92.80% Test OOD1: 79.47% 
Epoch: 62, Loss: 0.4923, Cls: 0.2171, Ind: 0.0011, Med: 0.0546, Spu: 0.0003, FD: 0.2191, Var: 0.0000, CStr: 0.492, Ctx: 2, Train: 94.34%, Valid: 93.00%, Test In: 93.12% Test OOD1: 77.74% 
Epoch: 63, Loss: 0.4830, Cls: 0.2127, Ind: 0.0011, Med: 0.0535, Spu: 0.0003, FD: 0.2153, Var: 0.0000, CStr: 0.491, Ctx: 2, Train: 94.41%, Valid: 93.07%, Test In: 93.16% Test OOD1: 78.13% 
Epoch: 64, Loss: 0.4728, Cls: 0.2084, Ind: 0.0011, Med: 0.0524, Spu: 0.0003, FD: 0.2106, Var: 0.0000, CStr: 0.490, Ctx: 2, Train: 94.29%, Valid: 92.83%, Test In: 92.93% Test OOD1: 80.13% 
Epoch: 65, Loss: 0.4736, Cls: 0.2086, Ind: 0.0011, Med: 0.0524, Spu: 0.0003, FD: 0.2112, Var: 0.0000, CStr: 0.489, Ctx: 2, Train: 94.44%, Valid: 93.03%, Test In: 93.04% Test OOD1: 79.97% 
Epoch: 66, Loss: 0.4706, Cls: 0.2071, Ind: 0.0010, Med: 0.0520, Spu: 0.0003, FD: 0.2101, Var: 0.0000, CStr: 0.488, Ctx: 2, Train: 94.65%, Valid: 93.03%, Test In: 93.29% Test OOD1: 79.28% 
Epoch: 67, Loss: 0.4671, Cls: 0.2057, Ind: 0.0010, Med: 0.0517, Spu: 0.0003, FD: 0.2083, Var: 0.0000, CStr: 0.487, Ctx: 2, Train: 94.56%, Valid: 93.11%, Test In: 93.03% Test OOD1: 80.58% 
Epoch: 68, Loss: 0.4623, Cls: 0.2038, Ind: 0.0010, Med: 0.0513, Spu: 0.0003, FD: 0.2059, Var: 0.0000, CStr: 0.486, Ctx: 2, Train: 94.48%, Valid: 93.05%, Test In: 92.94% Test OOD1: 80.91% 
Epoch: 69, Loss: 0.4525, Cls: 0.1996, Ind: 0.0010, Med: 0.0502, Spu: 0.0003, FD: 0.2014, Var: 0.0000, CStr: 0.485, Ctx: 2, Train: 94.67%, Valid: 93.14%, Test In: 93.31% Test OOD1: 79.52% 
Epoch: 70, Loss: 0.4520, Cls: 0.1994, Ind: 0.0009, Med: 0.0502, Spu: 0.0003, FD: 0.2012, Var: 0.0000, CStr: 0.484, Ctx: 2, Train: 94.79%, Valid: 93.30%, Test In: 93.27% Test OOD1: 79.44% 
Epoch: 71, Loss: 0.4532, Cls: 0.2002, Ind: 0.0009, Med: 0.0505, Spu: 0.0002, FD: 0.2013, Var: 0.0000, CStr: 0.484, Ctx: 2, Train: 94.59%, Valid: 93.12%, Test In: 92.96% Test OOD1: 80.42% 
Epoch: 72, Loss: 0.4545, Cls: 0.2006, Ind: 0.0009, Med: 0.0505, Spu: 0.0002, FD: 0.2023, Var: 0.0000, CStr: 0.483, Ctx: 2, Train: 94.90%, Valid: 93.21%, Test In: 93.44% Test OOD1: 78.87% 
Epoch: 73, Loss: 0.4483, Cls: 0.1976, Ind: 0.0009, Med: 0.0496, Spu: 0.0002, FD: 0.1999, Var: 0.0000, CStr: 0.482, Ctx: 2, Train: 94.92%, Valid: 93.30%, Test In: 93.40% Test OOD1: 79.69% 
Epoch: 74, Loss: 0.4424, Cls: 0.1952, Ind: 0.0009, Med: 0.0491, Spu: 0.0002, FD: 0.1970, Var: 0.0000, CStr: 0.482, Ctx: 2, Train: 94.85%, Valid: 93.22%, Test In: 93.20% Test OOD1: 80.74% 
Epoch: 75, Loss: 0.4448, Cls: 0.1961, Ind: 0.0008, Med: 0.0493, Spu: 0.0002, FD: 0.1984, Var: 0.0000, CStr: 0.481, Ctx: 2, Train: 95.17%, Valid: 93.37%, Test In: 93.52% Test OOD1: 79.22% 
Epoch: 76, Loss: 0.4358, Cls: 0.1925, Ind: 0.0009, Med: 0.0485, Spu: 0.0002, FD: 0.1937, Var: 0.0000, CStr: 0.481, Ctx: 2, Train: 95.19%, Valid: 93.31%, Test In: 93.56% Test OOD1: 79.77% 
Epoch: 77, Loss: 0.4300, Cls: 0.1898, Ind: 0.0009, Med: 0.0478, Spu: 0.0002, FD: 0.1913, Var: 0.0000, CStr: 0.480, Ctx: 2, Train: 95.09%, Valid: 93.39%, Test In: 93.20% Test OOD1: 80.96% 
Epoch: 78, Loss: 0.4273, Cls: 0.1882, Ind: 0.0009, Med: 0.0472, Spu: 0.0002, FD: 0.1909, Var: 0.0000, CStr: 0.480, Ctx: 2, Train: 95.20%, Valid: 93.49%, Test In: 93.39% Test OOD1: 80.46% 
Epoch: 79, Loss: 0.4210, Cls: 0.1856, Ind: 0.0009, Med: 0.0467, Spu: 0.0002, FD: 0.1876, Var: 0.0000, CStr: 0.479, Ctx: 2, Train: 95.35%, Valid: 93.59%, Test In: 93.44% Test OOD1: 79.91% 
Epoch: 80, Loss: 0.4235, Cls: 0.1868, Ind: 0.0009, Med: 0.0470, Spu: 0.0002, FD: 0.1886, Var: 0.0000, CStr: 0.479, Ctx: 2, Train: 95.20%, Valid: 93.40%, Test In: 93.18% Test OOD1: 81.40% 
Epoch: 81, Loss: 0.4265, Cls: 0.1879, Ind: 0.0008, Med: 0.0472, Spu: 0.0002, FD: 0.1905, Var: 0.0000, CStr: 0.479, Ctx: 2, Train: 95.48%, Valid: 93.58%, Test In: 93.52% Test OOD1: 79.98% 
Epoch: 82, Loss: 0.4116, Cls: 0.1815, Ind: 0.0008, Med: 0.0456, Spu: 0.0002, FD: 0.1835, Var: 0.0000, CStr: 0.478, Ctx: 2, Train: 95.55%, Valid: 93.54%, Test In: 93.51% Test OOD1: 80.31% 
Epoch: 83, Loss: 0.4171, Cls: 0.1840, Ind: 0.0008, Med: 0.0462, Spu: 0.0002, FD: 0.1859, Var: 0.0000, CStr: 0.478, Ctx: 2, Train: 95.57%, Valid: 93.58%, Test In: 93.45% Test OOD1: 81.02% 
Epoch: 84, Loss: 0.4113, Cls: 0.1814, Ind: 0.0008, Med: 0.0456, Spu: 0.0002, FD: 0.1833, Var: 0.0000, CStr: 0.477, Ctx: 2, Train: 95.73%, Valid: 93.68%, Test In: 93.60% Test OOD1: 80.59% 
Epoch: 85, Loss: 0.4156, Cls: 0.1830, Ind: 0.0008, Med: 0.0459, Spu: 0.0002, FD: 0.1857, Var: 0.0000, CStr: 0.477, Ctx: 2, Train: 95.71%, Valid: 93.64%, Test In: 93.62% Test OOD1: 80.31% 
Epoch: 86, Loss: 0.4042, Cls: 0.1782, Ind: 0.0008, Med: 0.0448, Spu: 0.0002, FD: 0.1803, Var: 0.0000, CStr: 0.477, Ctx: 2, Train: 95.67%, Valid: 93.72%, Test In: 93.62% Test OOD1: 80.48% 
Epoch: 87, Loss: 0.4054, Cls: 0.1789, Ind: 0.0007, Med: 0.0450, Spu: 0.0001, FD: 0.1806, Var: 0.0000, CStr: 0.476, Ctx: 2, Train: 95.83%, Valid: 93.87%, Test In: 93.81% Test OOD1: 79.04% 
Epoch: 88, Loss: 0.4039, Cls: 0.1786, Ind: 0.0007, Med: 0.0450, Spu: 0.0001, FD: 0.1794, Var: 0.0000, CStr: 0.476, Ctx: 2, Train: 95.56%, Valid: 93.47%, Test In: 93.35% Test OOD1: 81.99% 
Epoch: 89, Loss: 0.4052, Cls: 0.1787, Ind: 0.0007, Med: 0.0449, Spu: 0.0001, FD: 0.1808, Var: 0.0000, CStr: 0.476, Ctx: 2, Train: 95.98%, Valid: 93.86%, Test In: 93.89% Test OOD1: 78.93% 
Epoch: 90, Loss: 0.3997, Cls: 0.1764, Ind: 0.0007, Med: 0.0444, Spu: 0.0001, FD: 0.1780, Var: 0.0000, CStr: 0.475, Ctx: 2, Train: 95.59%, Valid: 93.52%, Test In: 93.30% Test OOD1: 82.63% 
Epoch: 91, Loss: 0.4009, Cls: 0.1768, Ind: 0.0007, Med: 0.0445, Spu: 0.0001, FD: 0.1787, Var: 0.0000, CStr: 0.475, Ctx: 2, Train: 96.00%, Valid: 93.80%, Test In: 93.79% Test OOD1: 79.98% 
Epoch: 92, Loss: 0.3906, Cls: 0.1724, Ind: 0.0007, Med: 0.0433, Spu: 0.0001, FD: 0.1740, Var: 0.0000, CStr: 0.475, Ctx: 2, Train: 95.97%, Valid: 93.76%, Test In: 93.66% Test OOD1: 80.71% 
Epoch: 93, Loss: 0.3859, Cls: 0.1702, Ind: 0.0007, Med: 0.0428, Spu: 0.0001, FD: 0.1721, Var: 0.0000, CStr: 0.474, Ctx: 2, Train: 95.87%, Valid: 93.64%, Test In: 93.64% Test OOD1: 82.02% 
Epoch: 94, Loss: 0.3858, Cls: 0.1701, Ind: 0.0007, Med: 0.0427, Spu: 0.0001, FD: 0.1721, Var: 0.0000, CStr: 0.474, Ctx: 2, Train: 96.18%, Valid: 93.89%, Test In: 93.93% Test OOD1: 80.74% 
Epoch: 95, Loss: 0.3784, Cls: 0.1668, Ind: 0.0006, Med: 0.0419, Spu: 0.0001, FD: 0.1690, Var: 0.0000, CStr: 0.474, Ctx: 2, Train: 96.06%, Valid: 93.56%, Test In: 93.68% Test OOD1: 82.48% 
Epoch: 96, Loss: 0.3784, Cls: 0.1666, Ind: 0.0007, Med: 0.0418, Spu: 0.0001, FD: 0.1692, Var: 0.0000, CStr: 0.474, Ctx: 2, Train: 96.42%, Valid: 93.98%, Test In: 94.01% Test OOD1: 81.80% 
Epoch: 97, Loss: 0.3722, Cls: 0.1643, Ind: 0.0006, Med: 0.0413, Spu: 0.0001, FD: 0.1659, Var: 0.0000, CStr: 0.473, Ctx: 2, Train: 96.42%, Valid: 94.12%, Test In: 94.08% Test OOD1: 81.06% 
Epoch: 98, Loss: 0.3708, Cls: 0.1637, Ind: 0.0006, Med: 0.0411, Spu: 0.0001, FD: 0.1653, Var: 0.0000, CStr: 0.473, Ctx: 2, Train: 96.13%, Valid: 93.74%, Test In: 93.65% Test OOD1: 82.48% 
Epoch: 99, Loss: 0.3728, Cls: 0.1644, Ind: 0.0006, Med: 0.0413, Spu: 0.0001, FD: 0.1665, Var: 0.0000, CStr: 0.473, Ctx: 2, Train: 96.43%, Valid: 93.91%, Test In: 94.04% Test OOD1: 80.26% 
Epoch: 100, Loss: 0.3675, Cls: 0.1622, Ind: 0.0006, Med: 0.0407, Spu: 0.0001, FD: 0.1638, Var: 0.0000, CStr: 0.473, Ctx: 2, Train: 96.40%, Valid: 93.96%, Test In: 93.95% Test OOD1: 81.82% 
Epoch: 101, Loss: 0.3726, Cls: 0.1645, Ind: 0.0006, Med: 0.0413, Spu: 0.0001, FD: 0.1661, Var: 0.0000, CStr: 0.472, Ctx: 2, Train: 96.68%, Valid: 94.20%, Test In: 94.20% Test OOD1: 80.02% 
Epoch: 102, Loss: 0.3600, Cls: 0.1588, Ind: 0.0006, Med: 0.0399, Spu: 0.0001, FD: 0.1605, Var: 0.0000, CStr: 0.472, Ctx: 2, Train: 96.57%, Valid: 94.01%, Test In: 94.08% Test OOD1: 81.21% 
Epoch: 103, Loss: 0.3644, Cls: 0.1606, Ind: 0.0005, Med: 0.0403, Spu: 0.0001, FD: 0.1628, Var: 0.0000, CStr: 0.472, Ctx: 2, Train: 96.51%, Valid: 93.98%, Test In: 93.89% Test OOD1: 81.81% 
Epoch: 104, Loss: 0.3642, Cls: 0.1609, Ind: 0.0005, Med: 0.0405, Spu: 0.0001, FD: 0.1622, Var: 0.0000, CStr: 0.472, Ctx: 2, Train: 96.79%, Valid: 94.15%, Test In: 94.29% Test OOD1: 79.44% 
Epoch: 105, Loss: 0.3626, Cls: 0.1597, Ind: 0.0006, Med: 0.0400, Spu: 0.0001, FD: 0.1622, Var: 0.0000, CStr: 0.472, Ctx: 2, Train: 96.70%, Valid: 94.10%, Test In: 94.13% Test OOD1: 81.49% 
Epoch: 106, Loss: 0.3491, Cls: 0.1542, Ind: 0.0005, Med: 0.0388, Spu: 0.0001, FD: 0.1555, Var: 0.0000, CStr: 0.471, Ctx: 2, Train: 96.74%, Valid: 94.03%, Test In: 93.96% Test OOD1: 82.57% 
Epoch: 107, Loss: 0.3492, Cls: 0.1540, Ind: 0.0005, Med: 0.0387, Spu: 0.0001, FD: 0.1559, Var: 0.0000, CStr: 0.471, Ctx: 2, Train: 97.03%, Valid: 94.36%, Test In: 94.41% Test OOD1: 79.94% 
Epoch: 108, Loss: 0.3466, Cls: 0.1531, Ind: 0.0005, Med: 0.0385, Spu: 0.0001, FD: 0.1544, Var: 0.0000, CStr: 0.471, Ctx: 2, Train: 96.80%, Valid: 94.12%, Test In: 93.97% Test OOD1: 83.13% 
Epoch: 109, Loss: 0.3537, Cls: 0.1561, Ind: 0.0005, Med: 0.0392, Spu: 0.0001, FD: 0.1579, Var: 0.0000, CStr: 0.471, Ctx: 2, Train: 97.12%, Valid: 94.36%, Test In: 94.46% Test OOD1: 81.07% 
Epoch: 110, Loss: 0.3460, Cls: 0.1527, Ind: 0.0005, Med: 0.0384, Spu: 0.0001, FD: 0.1544, Var: 0.0000, CStr: 0.470, Ctx: 2, Train: 97.03%, Valid: 94.26%, Test In: 94.27% Test OOD1: 82.12% 
Epoch: 111, Loss: 0.3377, Cls: 0.1489, Ind: 0.0005, Med: 0.0374, Spu: 0.0001, FD: 0.1509, Var: 0.0000, CStr: 0.470, Ctx: 2, Train: 97.21%, Valid: 94.31%, Test In: 94.39% Test OOD1: 81.83% 
Epoch: 112, Loss: 0.3392, Cls: 0.1497, Ind: 0.0004, Med: 0.0376, Spu: 0.0001, FD: 0.1513, Var: 0.0000, CStr: 0.470, Ctx: 2, Train: 97.22%, Valid: 94.42%, Test In: 94.36% Test OOD1: 81.52% 
Epoch: 113, Loss: 0.3357, Cls: 0.1482, Ind: 0.0005, Med: 0.0372, Spu: 0.0001, FD: 0.1497, Var: 0.0000, CStr: 0.469, Ctx: 2, Train: 97.18%, Valid: 94.28%, Test In: 94.22% Test OOD1: 83.11% 
Epoch: 114, Loss: 0.3364, Cls: 0.1484, Ind: 0.0005, Med: 0.0373, Spu: 0.0001, FD: 0.1501, Var: 0.0000, CStr: 0.469, Ctx: 2, Train: 97.33%, Valid: 94.48%, Test In: 94.46% Test OOD1: 81.21% 
Epoch: 115, Loss: 0.3324, Cls: 0.1468, Ind: 0.0005, Med: 0.0369, Spu: 0.0001, FD: 0.1482, Var: 0.0000, CStr: 0.469, Ctx: 2, Train: 97.22%, Valid: 94.35%, Test In: 94.28% Test OOD1: 82.63% 
Epoch: 116, Loss: 0.3260, Cls: 0.1437, Ind: 0.0004, Med: 0.0360, Spu: 0.0001, FD: 0.1458, Var: 0.0000, CStr: 0.469, Ctx: 2, Train: 97.41%, Valid: 94.61%, Test In: 94.58% Test OOD1: 82.05% 
Epoch: 117, Loss: 0.3316, Cls: 0.1462, Ind: 0.0004, Med: 0.0367, Spu: 0.0001, FD: 0.1482, Var: 0.0000, CStr: 0.469, Ctx: 2, Train: 97.41%, Valid: 94.48%, Test In: 94.45% Test OOD1: 81.92% 
Epoch: 118, Loss: 0.3247, Cls: 0.1433, Ind: 0.0004, Med: 0.0360, Spu: 0.0001, FD: 0.1449, Var: 0.0000, CStr: 0.469, Ctx: 2, Train: 97.44%, Valid: 94.53%, Test In: 94.33% Test OOD1: 82.75% 
Epoch: 119, Loss: 0.3252, Cls: 0.1433, Ind: 0.0004, Med: 0.0359, Spu: 0.0001, FD: 0.1454, Var: 0.0000, CStr: 0.469, Ctx: 2, Train: 97.58%, Valid: 94.75%, Test In: 94.77% Test OOD1: 78.97% 
Epoch: 120, Loss: 0.3322, Cls: 0.1468, Ind: 0.0004, Med: 0.0369, Spu: 0.0001, FD: 0.1480, Var: 0.0000, CStr: 0.469, Ctx: 2, Train: 96.49%, Valid: 93.58%, Test In: 93.43% Test OOD1: 84.50% 
Epoch: 121, Loss: 0.3461, Cls: 0.1528, Ind: 0.0005, Med: 0.0383, Spu: 0.0001, FD: 0.1544, Var: 0.0000, CStr: 0.469, Ctx: 2, Train: 97.47%, Valid: 94.77%, Test In: 94.60% Test OOD1: 78.77% 
Epoch: 122, Loss: 0.3282, Cls: 0.1452, Ind: 0.0004, Med: 0.0365, Spu: 0.0001, FD: 0.1460, Var: 0.0000, CStr: 0.469, Ctx: 2, Train: 97.62%, Valid: 94.87%, Test In: 94.73% Test OOD1: 79.94% 
Epoch: 123, Loss: 0.3251, Cls: 0.1436, Ind: 0.0004, Med: 0.0361, Spu: 0.0000, FD: 0.1449, Var: 0.0000, CStr: 0.469, Ctx: 2, Train: 97.21%, Valid: 93.98%, Test In: 94.01% Test OOD1: 83.95% 
Epoch: 124, Loss: 0.3163, Cls: 0.1394, Ind: 0.0004, Med: 0.0350, Spu: 0.0000, FD: 0.1414, Var: 0.0000, CStr: 0.469, Ctx: 2, Train: 97.69%, Valid: 94.57%, Test In: 94.60% Test OOD1: 81.14% 
Epoch: 125, Loss: 0.3157, Cls: 0.1393, Ind: 0.0004, Med: 0.0350, Spu: 0.0000, FD: 0.1410, Var: 0.0000, CStr: 0.469, Ctx: 2, Train: 97.82%, Valid: 94.98%, Test In: 94.91% Test OOD1: 82.38% 
Epoch: 126, Loss: 0.3191, Cls: 0.1407, Ind: 0.0004, Med: 0.0353, Spu: 0.0000, FD: 0.1427, Var: 0.0000, CStr: 0.469, Ctx: 2, Train: 97.68%, Valid: 94.71%, Test In: 94.60% Test OOD1: 84.09% 
Epoch: 127, Loss: 0.3156, Cls: 0.1392, Ind: 0.0004, Med: 0.0349, Spu: 0.0000, FD: 0.1411, Var: 0.0000, CStr: 0.469, Ctx: 2, Train: 97.60%, Valid: 94.52%, Test In: 94.58% Test OOD1: 83.43% 
Epoch: 128, Loss: 0.3133, Cls: 0.1380, Ind: 0.0004, Med: 0.0346, Spu: 0.0000, FD: 0.1402, Var: 0.0000, CStr: 0.469, Ctx: 2, Train: 97.93%, Valid: 95.10%, Test In: 95.03% Test OOD1: 83.41% 
Epoch: 129, Loss: 0.3028, Cls: 0.1337, Ind: 0.0004, Med: 0.0336, Spu: 0.0000, FD: 0.1351, Var: 0.0000, CStr: 0.469, Ctx: 2, Train: 97.99%, Valid: 95.05%, Test In: 94.92% Test OOD1: 82.79% 
Epoch: 130, Loss: 0.3091, Cls: 0.1364, Ind: 0.0004, Med: 0.0342, Spu: 0.0000, FD: 0.1381, Var: 0.0000, CStr: 0.469, Ctx: 2, Train: 97.60%, Valid: 94.48%, Test In: 94.48% Test OOD1: 84.48% 
Epoch: 131, Loss: 0.2965, Cls: 0.1310, Ind: 0.0003, Med: 0.0329, Spu: 0.0000, FD: 0.1322, Var: 0.0000, CStr: 0.469, Ctx: 2, Train: 98.05%, Valid: 95.15%, Test In: 94.94% Test OOD1: 82.92% 
Epoch: 132, Loss: 0.2929, Cls: 0.1293, Ind: 0.0003, Med: 0.0324, Spu: 0.0000, FD: 0.1308, Var: 0.0000, CStr: 0.469, Ctx: 2, Train: 98.08%, Valid: 95.16%, Test In: 94.94% Test OOD1: 82.54% 
Epoch: 133, Loss: 0.2976, Cls: 0.1315, Ind: 0.0003, Med: 0.0330, Spu: 0.0000, FD: 0.1328, Var: 0.0000, CStr: 0.470, Ctx: 2, Train: 97.85%, Valid: 94.73%, Test In: 94.57% Test OOD1: 83.86% 
Epoch: 134, Loss: 0.3028, Cls: 0.1340, Ind: 0.0003, Med: 0.0337, Spu: 0.0000, FD: 0.1346, Var: 0.0000, CStr: 0.470, Ctx: 2, Train: 98.10%, Valid: 94.97%, Test In: 94.71% Test OOD1: 83.46% 
Epoch: 135, Loss: 0.2881, Cls: 0.1272, Ind: 0.0003, Med: 0.0319, Spu: 0.0000, FD: 0.1287, Var: 0.0000, CStr: 0.470, Ctx: 2, Train: 98.31%, Valid: 95.23%, Test In: 95.10% Test OOD1: 82.33% 
Epoch: 136, Loss: 0.2946, Cls: 0.1302, Ind: 0.0003, Med: 0.0327, Spu: 0.0000, FD: 0.1313, Var: 0.0000, CStr: 0.470, Ctx: 2, Train: 98.23%, Valid: 95.19%, Test In: 94.96% Test OOD1: 82.66% 
Epoch: 137, Loss: 0.2851, Cls: 0.1258, Ind: 0.0003, Med: 0.0316, Spu: 0.0000, FD: 0.1274, Var: 0.0000, CStr: 0.470, Ctx: 2, Train: 97.99%, Valid: 94.87%, Test In: 94.70% Test OOD1: 83.23% 
Epoch: 138, Loss: 0.2865, Cls: 0.1266, Ind: 0.0003, Med: 0.0318, Spu: 0.0000, FD: 0.1278, Var: 0.0000, CStr: 0.470, Ctx: 2, Train: 98.27%, Valid: 95.25%, Test In: 95.04% Test OOD1: 82.39% 
Epoch: 139, Loss: 0.2840, Cls: 0.1253, Ind: 0.0003, Med: 0.0314, Spu: 0.0000, FD: 0.1269, Var: 0.0000, CStr: 0.470, Ctx: 2, Train: 98.35%, Valid: 95.16%, Test In: 95.13% Test OOD1: 82.68% 
Epoch: 140, Loss: 0.2891, Cls: 0.1278, Ind: 0.0003, Med: 0.0321, Spu: 0.0000, FD: 0.1288, Var: 0.0000, CStr: 0.470, Ctx: 2, Train: 98.14%, Valid: 94.89%, Test In: 94.83% Test OOD1: 84.07% 
Epoch: 141, Loss: 0.2886, Cls: 0.1275, Ind: 0.0003, Med: 0.0320, Spu: 0.0000, FD: 0.1288, Var: 0.0000, CStr: 0.471, Ctx: 2, Train: 98.29%, Valid: 95.12%, Test In: 95.12% Test OOD1: 83.19% 
Epoch: 142, Loss: 0.2772, Cls: 0.1224, Ind: 0.0003, Med: 0.0307, Spu: 0.0000, FD: 0.1238, Var: 0.0000, CStr: 0.471, Ctx: 2, Train: 98.39%, Valid: 95.37%, Test In: 95.13% Test OOD1: 84.03% 
Epoch: 143, Loss: 0.2861, Cls: 0.1264, Ind: 0.0003, Med: 0.0318, Spu: 0.0000, FD: 0.1275, Var: 0.0000, CStr: 0.471, Ctx: 2, Train: 98.22%, Valid: 95.00%, Test In: 94.85% Test OOD1: 83.54% 
Epoch: 144, Loss: 0.2863, Cls: 0.1262, Ind: 0.0003, Med: 0.0316, Spu: 0.0000, FD: 0.1281, Var: 0.0000, CStr: 0.471, Ctx: 2, Train: 98.35%, Valid: 95.23%, Test In: 94.94% Test OOD1: 84.92% 
Epoch: 145, Loss: 0.2710, Cls: 0.1198, Ind: 0.0003, Med: 0.0301, Spu: 0.0000, FD: 0.1208, Var: 0.0000, CStr: 0.471, Ctx: 2, Train: 98.54%, Valid: 95.39%, Test In: 95.29% Test OOD1: 83.46% 
Epoch: 146, Loss: 0.2758, Cls: 0.1218, Ind: 0.0003, Med: 0.0306, Spu: 0.0000, FD: 0.1231, Var: 0.0000, CStr: 0.472, Ctx: 2, Train: 98.40%, Valid: 95.08%, Test In: 95.00% Test OOD1: 84.70% 
Epoch: 147, Loss: 0.2726, Cls: 0.1203, Ind: 0.0003, Med: 0.0302, Spu: 0.0000, FD: 0.1219, Var: 0.0000, CStr: 0.472, Ctx: 2, Train: 98.49%, Valid: 95.20%, Test In: 95.14% Test OOD1: 84.81% 
Epoch: 148, Loss: 0.2721, Cls: 0.1202, Ind: 0.0003, Med: 0.0302, Spu: 0.0000, FD: 0.1214, Var: 0.0000, CStr: 0.472, Ctx: 2, Train: 98.68%, Valid: 95.46%, Test In: 95.39% Test OOD1: 83.30% 
Epoch: 149, Loss: 0.2830, Cls: 0.1249, Ind: 0.0003, Med: 0.0313, Spu: 0.0000, FD: 0.1265, Var: 0.0000, CStr: 0.472, Ctx: 2, Train: 98.50%, Valid: 95.25%, Test In: 95.12% Test OOD1: 85.27% 
Epoch: 150, Loss: 0.2741, Cls: 0.1211, Ind: 0.0003, Med: 0.0304, Spu: 0.0000, FD: 0.1223, Var: 0.0000, CStr: 0.472, Ctx: 2, Train: 98.58%, Valid: 95.28%, Test In: 95.30% Test OOD1: 83.62% 
Epoch: 151, Loss: 0.2760, Cls: 0.1218, Ind: 0.0003, Med: 0.0305, Spu: 0.0000, FD: 0.1234, Var: 0.0000, CStr: 0.472, Ctx: 2, Train: 98.41%, Valid: 95.21%, Test In: 95.16% Test OOD1: 85.49% 
Epoch: 152, Loss: 0.2694, Cls: 0.1190, Ind: 0.0003, Med: 0.0299, Spu: 0.0000, FD: 0.1201, Var: 0.0000, CStr: 0.473, Ctx: 2, Train: 98.39%, Valid: 95.32%, Test In: 95.29% Test OOD1: 82.28% 
Epoch: 153, Loss: 0.2744, Cls: 0.1209, Ind: 0.0003, Med: 0.0303, Spu: 0.0000, FD: 0.1228, Var: 0.0000, CStr: 0.473, Ctx: 2, Train: 98.29%, Valid: 95.15%, Test In: 95.07% Test OOD1: 86.29% 
Epoch: 154, Loss: 0.2733, Cls: 0.1208, Ind: 0.0003, Med: 0.0303, Spu: 0.0000, FD: 0.1219, Var: 0.0000, CStr: 0.473, Ctx: 2, Train: 98.68%, Valid: 95.65%, Test In: 95.46% Test OOD1: 82.58% 
Epoch: 155, Loss: 0.2686, Cls: 0.1184, Ind: 0.0003, Med: 0.0296, Spu: 0.0000, FD: 0.1202, Var: 0.0000, CStr: 0.473, Ctx: 2, Train: 98.67%, Valid: 95.42%, Test In: 95.29% Test OOD1: 84.79% 
Epoch: 156, Loss: 0.2641, Cls: 0.1166, Ind: 0.0003, Med: 0.0292, Spu: 0.0000, FD: 0.1180, Var: 0.0000, CStr: 0.473, Ctx: 2, Train: 98.77%, Valid: 95.50%, Test In: 95.37% Test OOD1: 84.98% 
Epoch: 157, Loss: 0.2598, Cls: 0.1147, Ind: 0.0003, Med: 0.0288, Spu: 0.0000, FD: 0.1160, Var: 0.0000, CStr: 0.473, Ctx: 2, Train: 98.91%, Valid: 95.72%, Test In: 95.53% Test OOD1: 84.13% 
Epoch: 158, Loss: 0.2522, Cls: 0.1115, Ind: 0.0003, Med: 0.0280, Spu: 0.0000, FD: 0.1124, Var: 0.0000, CStr: 0.474, Ctx: 2, Train: 98.80%, Valid: 95.56%, Test In: 95.43% Test OOD1: 85.45% 
Epoch: 159, Loss: 0.2530, Cls: 0.1116, Ind: 0.0003, Med: 0.0280, Spu: 0.0000, FD: 0.1131, Var: 0.0000, CStr: 0.474, Ctx: 2, Train: 98.69%, Valid: 95.40%, Test In: 95.37% Test OOD1: 85.44% 
Epoch: 160, Loss: 0.2532, Cls: 0.1118, Ind: 0.0003, Med: 0.0280, Spu: 0.0000, FD: 0.1131, Var: 0.0000, CStr: 0.474, Ctx: 2, Train: 98.85%, Valid: 95.71%, Test In: 95.64% Test OOD1: 84.16% 
Epoch: 161, Loss: 0.2524, Cls: 0.1117, Ind: 0.0003, Med: 0.0281, Spu: 0.0000, FD: 0.1122, Var: 0.0000, CStr: 0.474, Ctx: 2, Train: 98.79%, Valid: 95.58%, Test In: 95.49% Test OOD1: 85.69% 
Epoch: 162, Loss: 0.2656, Cls: 0.1171, Ind: 0.0003, Med: 0.0294, Spu: 0.0000, FD: 0.1188, Var: 0.0000, CStr: 0.474, Ctx: 2, Train: 98.64%, Valid: 95.52%, Test In: 95.48% Test OOD1: 82.73% 
Epoch: 163, Loss: 0.2571, Cls: 0.1136, Ind: 0.0003, Med: 0.0285, Spu: 0.0000, FD: 0.1147, Var: 0.0000, CStr: 0.474, Ctx: 2, Train: 98.78%, Valid: 95.57%, Test In: 95.32% Test OOD1: 85.60% 
Epoch: 164, Loss: 0.2585, Cls: 0.1143, Ind: 0.0002, Med: 0.0287, Spu: 0.0000, FD: 0.1153, Var: 0.0000, CStr: 0.474, Ctx: 2, Train: 98.88%, Valid: 95.71%, Test In: 95.54% Test OOD1: 84.04% 
Epoch: 165, Loss: 0.2481, Cls: 0.1096, Ind: 0.0002, Med: 0.0275, Spu: 0.0000, FD: 0.1108, Var: 0.0000, CStr: 0.474, Ctx: 2, Train: 98.79%, Valid: 95.61%, Test In: 95.37% Test OOD1: 84.62% 
Epoch: 166, Loss: 0.2424, Cls: 0.1071, Ind: 0.0002, Med: 0.0269, Spu: 0.0000, FD: 0.1081, Var: 0.0000, CStr: 0.474, Ctx: 2, Train: 98.81%, Valid: 95.67%, Test In: 95.37% Test OOD1: 86.12% 
Epoch: 167, Loss: 0.2511, Cls: 0.1110, Ind: 0.0002, Med: 0.0279, Spu: 0.0000, FD: 0.1120, Var: 0.0000, CStr: 0.475, Ctx: 2, Train: 98.82%, Valid: 95.60%, Test In: 95.56% Test OOD1: 83.20% 
Epoch: 168, Loss: 0.2551, Cls: 0.1126, Ind: 0.0002, Med: 0.0282, Spu: 0.0000, FD: 0.1140, Var: 0.0000, CStr: 0.475, Ctx: 2, Train: 98.81%, Valid: 95.50%, Test In: 95.27% Test OOD1: 86.47% 
Epoch: 169, Loss: 0.2503, Cls: 0.1104, Ind: 0.0002, Med: 0.0276, Spu: 0.0000, FD: 0.1120, Var: 0.0000, CStr: 0.475, Ctx: 2, Train: 99.05%, Valid: 95.98%, Test In: 95.69% Test OOD1: 83.63% 
Epoch: 170, Loss: 0.2443, Cls: 0.1080, Ind: 0.0002, Med: 0.0271, Spu: 0.0000, FD: 0.1089, Var: 0.0000, CStr: 0.475, Ctx: 2, Train: 99.00%, Valid: 95.83%, Test In: 95.73% Test OOD1: 83.73% 
Epoch: 171, Loss: 0.2453, Cls: 0.1084, Ind: 0.0002, Med: 0.0272, Spu: 0.0000, FD: 0.1095, Var: 0.0000, CStr: 0.475, Ctx: 2, Train: 98.65%, Valid: 95.20%, Test In: 95.02% Test OOD1: 87.69% 
Epoch: 172, Loss: 0.2575, Cls: 0.1135, Ind: 0.0002, Med: 0.0284, Spu: 0.0000, FD: 0.1153, Var: 0.0000, CStr: 0.475, Ctx: 2, Train: 99.07%, Valid: 96.00%, Test In: 95.82% Test OOD1: 83.09% 
Epoch: 173, Loss: 0.2503, Cls: 0.1102, Ind: 0.0002, Med: 0.0276, Spu: 0.0000, FD: 0.1122, Var: 0.0000, CStr: 0.475, Ctx: 2, Train: 99.04%, Valid: 95.89%, Test In: 95.76% Test OOD1: 85.25% 
Epoch: 174, Loss: 0.2382, Cls: 0.1052, Ind: 0.0002, Med: 0.0264, Spu: 0.0000, FD: 0.1064, Var: 0.0000, CStr: 0.475, Ctx: 2, Train: 98.87%, Valid: 95.33%, Test In: 95.32% Test OOD1: 87.21% 
Epoch: 175, Loss: 0.2414, Cls: 0.1065, Ind: 0.0002, Med: 0.0267, Spu: 0.0000, FD: 0.1079, Var: 0.0000, CStr: 0.475, Ctx: 2, Train: 99.09%, Valid: 96.06%, Test In: 95.83% Test OOD1: 83.36% 
Epoch: 176, Loss: 0.2463, Cls: 0.1086, Ind: 0.0002, Med: 0.0272, Spu: 0.0000, FD: 0.1103, Var: 0.0000, CStr: 0.475, Ctx: 2, Train: 99.08%, Valid: 95.80%, Test In: 95.75% Test OOD1: 86.09% 
Epoch: 177, Loss: 0.2383, Cls: 0.1050, Ind: 0.0002, Med: 0.0263, Spu: 0.0000, FD: 0.1067, Var: 0.0000, CStr: 0.475, Ctx: 2, Train: 98.96%, Valid: 95.80%, Test In: 95.61% Test OOD1: 85.07% 
Epoch: 178, Loss: 0.2281, Cls: 0.1007, Ind: 0.0002, Med: 0.0253, Spu: 0.0000, FD: 0.1019, Var: 0.0000, CStr: 0.475, Ctx: 2, Train: 99.07%, Valid: 95.98%, Test In: 95.82% Test OOD1: 84.90% 
Epoch: 179, Loss: 0.2273, Cls: 0.1005, Ind: 0.0002, Med: 0.0252, Spu: 0.0000, FD: 0.1014, Var: 0.0000, CStr: 0.475, Ctx: 2, Train: 99.12%, Valid: 96.05%, Test In: 95.83% Test OOD1: 85.43% 
Epoch: 180, Loss: 0.2371, Cls: 0.1048, Ind: 0.0002, Med: 0.0263, Spu: 0.0000, FD: 0.1057, Var: 0.0000, CStr: 0.475, Ctx: 2, Train: 99.03%, Valid: 95.73%, Test In: 95.77% Test OOD1: 85.95% 
Epoch: 181, Loss: 0.2292, Cls: 0.1013, Ind: 0.0002, Med: 0.0254, Spu: 0.0000, FD: 0.1022, Var: 0.0000, CStr: 0.475, Ctx: 2, Train: 99.11%, Valid: 95.84%, Test In: 95.82% Test OOD1: 85.74% 
Epoch: 182, Loss: 0.2265, Cls: 0.1001, Ind: 0.0002, Med: 0.0251, Spu: 0.0000, FD: 0.1011, Var: 0.0000, CStr: 0.475, Ctx: 2, Train: 99.28%, Valid: 96.11%, Test In: 95.94% Test OOD1: 85.66% 
Epoch: 183, Loss: 0.2277, Cls: 0.1006, Ind: 0.0002, Med: 0.0252, Spu: 0.0000, FD: 0.1017, Var: 0.0000, CStr: 0.475, Ctx: 2, Train: 99.22%, Valid: 96.14%, Test In: 95.94% Test OOD1: 85.40% 
Epoch: 184, Loss: 0.2317, Cls: 0.1023, Ind: 0.0002, Med: 0.0257, Spu: 0.0000, FD: 0.1035, Var: 0.0000, CStr: 0.475, Ctx: 2, Train: 99.06%, Valid: 95.78%, Test In: 95.71% Test OOD1: 85.66% 
Epoch: 185, Loss: 0.2364, Cls: 0.1045, Ind: 0.0002, Med: 0.0262, Spu: 0.0000, FD: 0.1055, Var: 0.0000, CStr: 0.476, Ctx: 2, Train: 99.26%, Valid: 96.13%, Test In: 95.95% Test OOD1: 85.13% 
Epoch: 186, Loss: 0.2257, Cls: 0.0997, Ind: 0.0002, Med: 0.0250, Spu: 0.0000, FD: 0.1009, Var: 0.0000, CStr: 0.476, Ctx: 2, Train: 99.30%, Valid: 95.96%, Test In: 95.87% Test OOD1: 86.03% 
Epoch: 187, Loss: 0.2282, Cls: 0.1006, Ind: 0.0002, Med: 0.0252, Spu: 0.0000, FD: 0.1022, Var: 0.0000, CStr: 0.476, Ctx: 2, Train: 99.24%, Valid: 95.84%, Test In: 95.75% Test OOD1: 86.26% 
Epoch: 188, Loss: 0.2248, Cls: 0.0993, Ind: 0.0002, Med: 0.0249, Spu: 0.0000, FD: 0.1004, Var: 0.0000, CStr: 0.476, Ctx: 2, Train: 99.25%, Valid: 95.80%, Test In: 95.88% Test OOD1: 87.21% 
Epoch: 189, Loss: 0.2188, Cls: 0.0966, Ind: 0.0002, Med: 0.0242, Spu: 0.0000, FD: 0.0977, Var: 0.0000, CStr: 0.476, Ctx: 2, Train: 99.35%, Valid: 96.06%, Test In: 95.93% Test OOD1: 85.77% 
Epoch: 190, Loss: 0.2262, Cls: 0.1000, Ind: 0.0002, Med: 0.0251, Spu: 0.0000, FD: 0.1009, Var: 0.0000, CStr: 0.476, Ctx: 2, Train: 99.23%, Valid: 95.99%, Test In: 95.98% Test OOD1: 87.26% 
Epoch: 191, Loss: 0.2209, Cls: 0.0975, Ind: 0.0002, Med: 0.0244, Spu: 0.0000, FD: 0.0987, Var: 0.0000, CStr: 0.476, Ctx: 2, Train: 99.25%, Valid: 96.08%, Test In: 96.00% Test OOD1: 86.58% 
Epoch: 192, Loss: 0.2319, Cls: 0.1024, Ind: 0.0002, Med: 0.0257, Spu: 0.0000, FD: 0.1036, Var: 0.0000, CStr: 0.476, Ctx: 2, Train: 99.27%, Valid: 96.22%, Test In: 95.96% Test OOD1: 85.54% 
Epoch: 193, Loss: 0.2200, Cls: 0.0972, Ind: 0.0002, Med: 0.0244, Spu: 0.0000, FD: 0.0983, Var: 0.0000, CStr: 0.476, Ctx: 2, Train: 99.15%, Valid: 95.73%, Test In: 95.78% Test OOD1: 88.10% 
Epoch: 194, Loss: 0.2159, Cls: 0.0955, Ind: 0.0002, Med: 0.0240, Spu: 0.0000, FD: 0.0963, Var: 0.0000, CStr: 0.476, Ctx: 2, Train: 99.22%, Valid: 96.20%, Test In: 95.97% Test OOD1: 83.93% 
Epoch: 195, Loss: 0.2329, Cls: 0.1028, Ind: 0.0002, Med: 0.0257, Spu: 0.0000, FD: 0.1042, Var: 0.0000, CStr: 0.476, Ctx: 2, Train: 99.25%, Valid: 95.95%, Test In: 95.91% Test OOD1: 87.22% 
Epoch: 196, Loss: 0.2205, Cls: 0.0975, Ind: 0.0002, Med: 0.0245, Spu: 0.0000, FD: 0.0983, Var: 0.0000, CStr: 0.476, Ctx: 2, Train: 99.35%, Valid: 96.13%, Test In: 96.10% Test OOD1: 86.22% 
Epoch: 197, Loss: 0.2167, Cls: 0.0957, Ind: 0.0002, Med: 0.0240, Spu: 0.0000, FD: 0.0968, Var: 0.0000, CStr: 0.476, Ctx: 2, Train: 99.20%, Valid: 96.24%, Test In: 95.93% Test OOD1: 83.88% 
Epoch: 198, Loss: 0.2276, Cls: 0.1003, Ind: 0.0002, Med: 0.0251, Spu: 0.0000, FD: 0.1020, Var: 0.0000, CStr: 0.476, Ctx: 2, Train: 99.23%, Valid: 95.88%, Test In: 95.75% Test OOD1: 87.70% 
Epoch: 199, Loss: 0.2193, Cls: 0.0970, Ind: 0.0002, Med: 0.0243, Spu: 0.0000, FD: 0.0978, Var: 0.0000, CStr: 0.476, Ctx: 2, Train: 99.39%, Valid: 96.45%, Test In: 96.18% Test OOD1: 85.00% 
Epoch: 200, Loss: 0.2115, Cls: 0.0935, Ind: 0.0002, Med: 0.0235, Spu: 0.0000, FD: 0.0944, Var: 0.0000, CStr: 0.476, Ctx: 2, Train: 99.33%, Valid: 96.44%, Test In: 96.12% Test OOD1: 84.60% 
Epoch: 201, Loss: 0.2026, Cls: 0.0895, Ind: 0.0001, Med: 0.0224, Spu: 0.0000, FD: 0.0906, Var: 0.0000, CStr: 0.476, Ctx: 2, Train: 99.38%, Valid: 96.12%, Test In: 96.10% Test OOD1: 86.82% 
Epoch: 202, Loss: 0.2159, Cls: 0.0956, Ind: 0.0001, Med: 0.0240, Spu: 0.0000, FD: 0.0961, Var: 0.0000, CStr: 0.476, Ctx: 2, Train: 99.42%, Valid: 96.32%, Test In: 96.21% Test OOD1: 85.45% 
Epoch: 203, Loss: 0.2083, Cls: 0.0920, Ind: 0.0001, Med: 0.0231, Spu: 0.0000, FD: 0.0932, Var: 0.0000, CStr: 0.476, Ctx: 2, Train: 99.48%, Valid: 96.33%, Test In: 96.27% Test OOD1: 85.83% 
Epoch: 204, Loss: 0.2120, Cls: 0.0938, Ind: 0.0002, Med: 0.0236, Spu: 0.0000, FD: 0.0945, Var: 0.0000, CStr: 0.477, Ctx: 2, Train: 99.37%, Valid: 96.12%, Test In: 95.88% Test OOD1: 87.70% 
Epoch: 205, Loss: 0.2166, Cls: 0.0959, Ind: 0.0001, Med: 0.0241, Spu: 0.0000, FD: 0.0965, Var: 0.0000, CStr: 0.477, Ctx: 2, Train: 99.48%, Valid: 96.44%, Test In: 96.24% Test OOD1: 85.25% 
Epoch: 206, Loss: 0.2003, Cls: 0.0884, Ind: 0.0002, Med: 0.0222, Spu: 0.0000, FD: 0.0896, Var: 0.0000, CStr: 0.477, Ctx: 2, Train: 99.48%, Valid: 96.23%, Test In: 96.10% Test OOD1: 86.70% 
Epoch: 207, Loss: 0.2101, Cls: 0.0927, Ind: 0.0001, Med: 0.0232, Spu: 0.0000, FD: 0.0940, Var: 0.0000, CStr: 0.477, Ctx: 2, Train: 99.48%, Valid: 96.15%, Test In: 96.04% Test OOD1: 86.56% 
Epoch: 208, Loss: 0.2124, Cls: 0.0938, Ind: 0.0002, Med: 0.0235, Spu: 0.0000, FD: 0.0949, Var: 0.0000, CStr: 0.477, Ctx: 2, Train: 99.55%, Valid: 96.47%, Test In: 96.21% Test OOD1: 83.92% 
Epoch: 209, Loss: 0.2275, Cls: 0.1007, Ind: 0.0002, Med: 0.0253, Spu: 0.0000, FD: 0.1013, Var: 0.0000, CStr: 0.477, Ctx: 2, Train: 99.13%, Valid: 95.52%, Test In: 95.56% Test OOD1: 88.79% 
Epoch: 210, Loss: 0.2309, Cls: 0.1018, Ind: 0.0002, Med: 0.0255, Spu: 0.0000, FD: 0.1035, Var: 0.0000, CStr: 0.477, Ctx: 2, Train: 99.24%, Valid: 96.17%, Test In: 95.92% Test OOD1: 83.64% 
Epoch: 211, Loss: 0.2236, Cls: 0.0990, Ind: 0.0002, Med: 0.0249, Spu: 0.0000, FD: 0.0996, Var: 0.0000, CStr: 0.477, Ctx: 2, Train: 99.56%, Valid: 96.46%, Test In: 96.29% Test OOD1: 85.50% 
Epoch: 212, Loss: 0.2026, Cls: 0.0894, Ind: 0.0002, Med: 0.0224, Spu: 0.0000, FD: 0.0906, Var: 0.0000, CStr: 0.478, Ctx: 2, Train: 99.27%, Valid: 95.98%, Test In: 95.88% Test OOD1: 87.99% 
Epoch: 213, Loss: 0.2257, Cls: 0.0997, Ind: 0.0002, Med: 0.0250, Spu: 0.0000, FD: 0.1009, Var: 0.0000, CStr: 0.478, Ctx: 2, Train: 99.32%, Valid: 96.40%, Test In: 96.06% Test OOD1: 83.79% 
Epoch: 214, Loss: 0.2109, Cls: 0.0933, Ind: 0.0002, Med: 0.0235, Spu: 0.0000, FD: 0.0939, Var: 0.0000, CStr: 0.478, Ctx: 2, Train: 99.49%, Valid: 96.41%, Test In: 96.29% Test OOD1: 86.62% 
Epoch: 215, Loss: 0.2025, Cls: 0.0895, Ind: 0.0001, Med: 0.0225, Spu: 0.0000, FD: 0.0904, Var: 0.0000, CStr: 0.478, Ctx: 2, Train: 99.45%, Valid: 96.26%, Test In: 96.13% Test OOD1: 87.81% 
Epoch: 216, Loss: 0.2092, Cls: 0.0925, Ind: 0.0001, Med: 0.0232, Spu: 0.0000, FD: 0.0933, Var: 0.0000, CStr: 0.478, Ctx: 2, Train: 99.53%, Valid: 96.56%, Test In: 96.39% Test OOD1: 84.48% 
Epoch: 217, Loss: 0.2072, Cls: 0.0916, Ind: 0.0001, Med: 0.0230, Spu: 0.0000, FD: 0.0924, Var: 0.0000, CStr: 0.478, Ctx: 2, Train: 99.50%, Valid: 96.52%, Test In: 96.29% Test OOD1: 85.85% 
Epoch: 218, Loss: 0.1968, Cls: 0.0871, Ind: 0.0001, Med: 0.0219, Spu: 0.0000, FD: 0.0877, Var: 0.0000, CStr: 0.479, Ctx: 2, Train: 99.44%, Valid: 96.19%, Test In: 96.15% Test OOD1: 88.11% 
Epoch: 219, Loss: 0.2076, Cls: 0.0918, Ind: 0.0002, Med: 0.0231, Spu: 0.0000, FD: 0.0925, Var: 0.0000, CStr: 0.479, Ctx: 2, Train: 99.62%, Valid: 96.67%, Test In: 96.42% Test OOD1: 84.57% 
Epoch: 220, Loss: 0.1913, Cls: 0.0846, Ind: 0.0001, Med: 0.0212, Spu: 0.0000, FD: 0.0854, Var: 0.0000, CStr: 0.479, Ctx: 2, Train: 99.47%, Valid: 96.41%, Test In: 96.27% Test OOD1: 85.64% 
Epoch: 221, Loss: 0.2045, Cls: 0.0904, Ind: 0.0001, Med: 0.0227, Spu: 0.0000, FD: 0.0913, Var: 0.0000, CStr: 0.479, Ctx: 2, Train: 99.59%, Valid: 96.30%, Test In: 96.19% Test OOD1: 87.44% 
Epoch: 222, Loss: 0.1980, Cls: 0.0874, Ind: 0.0002, Med: 0.0219, Spu: 0.0000, FD: 0.0886, Var: 0.0000, CStr: 0.479, Ctx: 2, Train: 99.69%, Valid: 96.65%, Test In: 96.30% Test OOD1: 85.44% 
Epoch: 223, Loss: 0.1975, Cls: 0.0874, Ind: 0.0002, Med: 0.0220, Spu: 0.0000, FD: 0.0880, Var: 0.0000, CStr: 0.479, Ctx: 2, Train: 99.56%, Valid: 96.55%, Test In: 96.30% Test OOD1: 86.16% 
Epoch: 224, Loss: 0.1872, Cls: 0.0824, Ind: 0.0001, Med: 0.0206, Spu: 0.0000, FD: 0.0840, Var: 0.0000, CStr: 0.479, Ctx: 2, Train: 99.60%, Valid: 96.53%, Test In: 96.27% Test OOD1: 87.51% 
Epoch: 225, Loss: 0.1938, Cls: 0.0856, Ind: 0.0001, Med: 0.0214, Spu: 0.0000, FD: 0.0867, Var: 0.0000, CStr: 0.480, Ctx: 2, Train: 99.69%, Valid: 96.67%, Test In: 96.44% Test OOD1: 85.98% 
Epoch: 226, Loss: 0.1910, Cls: 0.0845, Ind: 0.0001, Med: 0.0213, Spu: 0.0000, FD: 0.0851, Var: 0.0000, CStr: 0.480, Ctx: 2, Train: 99.59%, Valid: 96.54%, Test In: 96.35% Test OOD1: 86.77% 
Epoch: 227, Loss: 0.1889, Cls: 0.0835, Ind: 0.0001, Med: 0.0210, Spu: 0.0000, FD: 0.0842, Var: 0.0000, CStr: 0.480, Ctx: 2, Train: 99.59%, Valid: 96.42%, Test In: 96.22% Test OOD1: 88.29% 
Epoch: 228, Loss: 0.1944, Cls: 0.0855, Ind: 0.0001, Med: 0.0214, Spu: 0.0000, FD: 0.0873, Var: 0.0000, CStr: 0.480, Ctx: 2, Train: 99.72%, Valid: 96.77%, Test In: 96.52% Test OOD1: 85.84% 
Epoch: 229, Loss: 0.1884, Cls: 0.0835, Ind: 0.0001, Med: 0.0210, Spu: 0.0000, FD: 0.0837, Var: 0.0000, CStr: 0.480, Ctx: 2, Train: 99.72%, Valid: 96.68%, Test In: 96.56% Test OOD1: 86.67% 
Epoch: 230, Loss: 0.1868, Cls: 0.0825, Ind: 0.0001, Med: 0.0207, Spu: 0.0000, FD: 0.0835, Var: 0.0000, CStr: 0.480, Ctx: 2, Train: 99.54%, Valid: 96.36%, Test In: 96.16% Test OOD1: 88.16% 
Epoch: 231, Loss: 0.2065, Cls: 0.0912, Ind: 0.0001, Med: 0.0229, Spu: 0.0000, FD: 0.0923, Var: 0.0000, CStr: 0.480, Ctx: 2, Train: 99.69%, Valid: 96.62%, Test In: 96.47% Test OOD1: 85.48% 
Epoch: 232, Loss: 0.1935, Cls: 0.0855, Ind: 0.0001, Med: 0.0214, Spu: 0.0000, FD: 0.0865, Var: 0.0000, CStr: 0.480, Ctx: 2, Train: 99.68%, Valid: 96.56%, Test In: 96.21% Test OOD1: 87.24% 
Epoch: 233, Loss: 0.1912, Cls: 0.0845, Ind: 0.0002, Med: 0.0212, Spu: 0.0000, FD: 0.0853, Var: 0.0000, CStr: 0.480, Ctx: 2, Train: 99.72%, Valid: 96.54%, Test In: 96.30% Test OOD1: 86.49% 
Epoch: 234, Loss: 0.1831, Cls: 0.0809, Ind: 0.0001, Med: 0.0203, Spu: 0.0000, FD: 0.0817, Var: 0.0000, CStr: 0.480, Ctx: 2, Train: 99.68%, Valid: 96.59%, Test In: 96.36% Test OOD1: 86.11% 
Epoch: 235, Loss: 0.1935, Cls: 0.0855, Ind: 0.0001, Med: 0.0215, Spu: 0.0000, FD: 0.0864, Var: 0.0000, CStr: 0.480, Ctx: 2, Train: 99.70%, Valid: 96.58%, Test In: 96.38% Test OOD1: 87.47% 
Epoch: 236, Loss: 0.1902, Cls: 0.0841, Ind: 0.0001, Med: 0.0211, Spu: 0.0000, FD: 0.0849, Var: 0.0000, CStr: 0.481, Ctx: 2, Train: 99.72%, Valid: 96.71%, Test In: 96.52% Test OOD1: 86.94% 
Epoch: 237, Loss: 0.1855, Cls: 0.0818, Ind: 0.0001, Med: 0.0205, Spu: 0.0000, FD: 0.0830, Var: 0.0000, CStr: 0.481, Ctx: 2, Train: 99.69%, Valid: 96.67%, Test In: 96.51% Test OOD1: 87.04% 
Epoch: 238, Loss: 0.1767, Cls: 0.0778, Ind: 0.0001, Med: 0.0194, Spu: 0.0000, FD: 0.0794, Var: 0.0000, CStr: 0.481, Ctx: 2, Train: 99.66%, Valid: 96.50%, Test In: 96.23% Test OOD1: 88.39% 
Epoch: 239, Loss: 0.1882, Cls: 0.0833, Ind: 0.0001, Med: 0.0209, Spu: 0.0000, FD: 0.0838, Var: 0.0000, CStr: 0.481, Ctx: 2, Train: 99.69%, Valid: 96.68%, Test In: 96.47% Test OOD1: 86.78% 
Epoch: 240, Loss: 0.1863, Cls: 0.0823, Ind: 0.0001, Med: 0.0207, Spu: 0.0000, FD: 0.0832, Var: 0.0000, CStr: 0.481, Ctx: 2, Train: 99.73%, Valid: 96.77%, Test In: 96.48% Test OOD1: 86.78% 
Epoch: 241, Loss: 0.1802, Cls: 0.0796, Ind: 0.0001, Med: 0.0200, Spu: 0.0000, FD: 0.0805, Var: 0.0000, CStr: 0.481, Ctx: 2, Train: 99.70%, Valid: 96.71%, Test In: 96.39% Test OOD1: 87.68% 
Epoch: 242, Loss: 0.1823, Cls: 0.0804, Ind: 0.0001, Med: 0.0201, Spu: 0.0000, FD: 0.0817, Var: 0.0000, CStr: 0.481, Ctx: 2, Train: 99.69%, Valid: 96.69%, Test In: 96.38% Test OOD1: 87.27% 
Epoch: 243, Loss: 0.1941, Cls: 0.0856, Ind: 0.0001, Med: 0.0214, Spu: 0.0000, FD: 0.0869, Var: 0.0000, CStr: 0.481, Ctx: 2, Train: 99.77%, Valid: 96.81%, Test In: 96.56% Test OOD1: 87.15% 
Epoch: 244, Loss: 0.1743, Cls: 0.0772, Ind: 0.0001, Med: 0.0194, Spu: 0.0000, FD: 0.0776, Var: 0.0000, CStr: 0.481, Ctx: 2, Train: 99.76%, Valid: 96.79%, Test In: 96.58% Test OOD1: 87.81% 
Epoch: 245, Loss: 0.1801, Cls: 0.0795, Ind: 0.0001, Med: 0.0199, Spu: 0.0000, FD: 0.0805, Var: 0.0000, CStr: 0.482, Ctx: 2, Train: 99.74%, Valid: 96.78%, Test In: 96.47% Test OOD1: 87.67% 
Epoch: 246, Loss: 0.1791, Cls: 0.0792, Ind: 0.0001, Med: 0.0199, Spu: 0.0000, FD: 0.0798, Var: 0.0000, CStr: 0.482, Ctx: 2, Train: 99.76%, Valid: 96.82%, Test In: 96.48% Test OOD1: 88.62% 
Epoch: 247, Loss: 0.1830, Cls: 0.0808, Ind: 0.0001, Med: 0.0203, Spu: 0.0000, FD: 0.0817, Var: 0.0000, CStr: 0.482, Ctx: 2, Train: 99.78%, Valid: 96.91%, Test In: 96.66% Test OOD1: 87.16% 
Epoch: 248, Loss: 0.1764, Cls: 0.0779, Ind: 0.0001, Med: 0.0195, Spu: 0.0000, FD: 0.0788, Var: 0.0000, CStr: 0.482, Ctx: 2, Train: 99.73%, Valid: 96.71%, Test In: 96.46% Test OOD1: 87.33% 
Epoch: 249, Loss: 0.1794, Cls: 0.0793, Ind: 0.0001, Med: 0.0199, Spu: 0.0000, FD: 0.0800, Var: 0.0000, CStr: 0.482, Ctx: 2, Train: 99.75%, Valid: 96.84%, Test In: 96.59% Test OOD1: 88.06% 
Epoch: 250, Loss: 0.1813, Cls: 0.0800, Ind: 0.0001, Med: 0.0201, Spu: 0.0000, FD: 0.0811, Var: 0.0000, CStr: 0.482, Ctx: 2, Train: 99.80%, Valid: 97.00%, Test In: 96.64% Test OOD1: 86.82% 
Epoch: 251, Loss: 0.1805, Cls: 0.0798, Ind: 0.0001, Med: 0.0200, Spu: 0.0000, FD: 0.0805, Var: 0.0000, CStr: 0.482, Ctx: 2, Train: 99.75%, Valid: 96.80%, Test In: 96.61% Test OOD1: 86.52% 
Epoch: 252, Loss: 0.1780, Cls: 0.0786, Ind: 0.0001, Med: 0.0197, Spu: 0.0000, FD: 0.0795, Var: 0.0000, CStr: 0.482, Ctx: 2, Train: 99.74%, Valid: 96.79%, Test In: 96.58% Test OOD1: 87.60% 
Epoch: 253, Loss: 0.1802, Cls: 0.0797, Ind: 0.0001, Med: 0.0200, Spu: 0.0000, FD: 0.0803, Var: 0.0000, CStr: 0.482, Ctx: 2, Train: 99.80%, Valid: 96.94%, Test In: 96.65% Test OOD1: 86.72% 
Epoch: 254, Loss: 0.1827, Cls: 0.0809, Ind: 0.0001, Med: 0.0203, Spu: 0.0000, FD: 0.0814, Var: 0.0000, CStr: 0.482, Ctx: 2, Train: 99.77%, Valid: 96.75%, Test In: 96.64% Test OOD1: 86.41% 
Epoch: 255, Loss: 0.1799, Cls: 0.0795, Ind: 0.0001, Med: 0.0199, Spu: 0.0000, FD: 0.0804, Var: 0.0000, CStr: 0.483, Ctx: 2, Train: 99.63%, Valid: 96.42%, Test In: 96.26% Test OOD1: 89.56% 
Epoch: 256, Loss: 0.1805, Cls: 0.0797, Ind: 0.0001, Med: 0.0200, Spu: 0.0000, FD: 0.0807, Var: 0.0000, CStr: 0.483, Ctx: 2, Train: 99.76%, Valid: 96.91%, Test In: 96.72% Test OOD1: 86.01% 
Epoch: 257, Loss: 0.1816, Cls: 0.0804, Ind: 0.0001, Med: 0.0202, Spu: 0.0000, FD: 0.0808, Var: 0.0000, CStr: 0.483, Ctx: 2, Train: 99.71%, Valid: 96.73%, Test In: 96.53% Test OOD1: 89.01% 
Epoch: 258, Loss: 0.1744, Cls: 0.0770, Ind: 0.0001, Med: 0.0193, Spu: 0.0000, FD: 0.0780, Var: 0.0000, CStr: 0.483, Ctx: 2, Train: 99.75%, Valid: 96.81%, Test In: 96.56% Test OOD1: 88.49% 
Epoch: 259, Loss: 0.1662, Cls: 0.0734, Ind: 0.0001, Med: 0.0184, Spu: 0.0000, FD: 0.0743, Var: 0.0000, CStr: 0.483, Ctx: 2, Train: 99.82%, Valid: 97.01%, Test In: 96.73% Test OOD1: 86.52% 
Epoch: 260, Loss: 0.1745, Cls: 0.0770, Ind: 0.0001, Med: 0.0193, Spu: 0.0000, FD: 0.0781, Var: 0.0000, CStr: 0.483, Ctx: 2, Train: 99.79%, Valid: 96.75%, Test In: 96.48% Test OOD1: 88.65% 
Epoch: 261, Loss: 0.1730, Cls: 0.0765, Ind: 0.0001, Med: 0.0192, Spu: 0.0000, FD: 0.0771, Var: 0.0000, CStr: 0.483, Ctx: 2, Train: 99.80%, Valid: 96.84%, Test In: 96.57% Test OOD1: 88.39% 
Epoch: 262, Loss: 0.1644, Cls: 0.0727, Ind: 0.0001, Med: 0.0182, Spu: 0.0000, FD: 0.0734, Var: 0.0000, CStr: 0.483, Ctx: 2, Train: 99.83%, Valid: 96.99%, Test In: 96.71% Test OOD1: 86.71% 
Epoch: 263, Loss: 0.1675, Cls: 0.0740, Ind: 0.0001, Med: 0.0186, Spu: 0.0000, FD: 0.0748, Var: 0.0000, CStr: 0.483, Ctx: 2, Train: 99.77%, Valid: 96.83%, Test In: 96.56% Test OOD1: 88.16% 
Epoch: 264, Loss: 0.1788, Cls: 0.0791, Ind: 0.0001, Med: 0.0199, Spu: 0.0000, FD: 0.0797, Var: 0.0000, CStr: 0.483, Ctx: 2, Train: 99.79%, Valid: 96.86%, Test In: 96.59% Test OOD1: 87.36% 
Epoch: 265, Loss: 0.1663, Cls: 0.0736, Ind: 0.0001, Med: 0.0185, Spu: 0.0000, FD: 0.0741, Var: 0.0000, CStr: 0.483, Ctx: 2, Train: 99.80%, Valid: 96.81%, Test In: 96.67% Test OOD1: 87.48% 
Epoch: 266, Loss: 0.1717, Cls: 0.0758, Ind: 0.0001, Med: 0.0190, Spu: 0.0000, FD: 0.0767, Var: 0.0000, CStr: 0.483, Ctx: 2, Train: 99.82%, Valid: 96.98%, Test In: 96.85% Test OOD1: 86.67% 
Epoch: 267, Loss: 0.1738, Cls: 0.0767, Ind: 0.0001, Med: 0.0192, Spu: 0.0000, FD: 0.0778, Var: 0.0000, CStr: 0.484, Ctx: 2, Train: 99.74%, Valid: 96.65%, Test In: 96.53% Test OOD1: 88.84% 
Epoch: 268, Loss: 0.1764, Cls: 0.0778, Ind: 0.0001, Med: 0.0195, Spu: 0.0000, FD: 0.0790, Var: 0.0000, CStr: 0.484, Ctx: 2, Train: 99.82%, Valid: 96.85%, Test In: 96.67% Test OOD1: 87.92% 
Epoch: 269, Loss: 0.1713, Cls: 0.0757, Ind: 0.0001, Med: 0.0190, Spu: 0.0000, FD: 0.0764, Var: 0.0000, CStr: 0.484, Ctx: 2, Train: 99.84%, Valid: 97.00%, Test In: 96.78% Test OOD1: 86.85% 
Epoch: 270, Loss: 0.1672, Cls: 0.0740, Ind: 0.0001, Med: 0.0186, Spu: 0.0000, FD: 0.0745, Var: 0.0000, CStr: 0.484, Ctx: 2, Train: 99.80%, Valid: 96.59%, Test In: 96.61% Test OOD1: 88.40% 
Epoch: 271, Loss: 0.1647, Cls: 0.0727, Ind: 0.0001, Med: 0.0182, Spu: 0.0000, FD: 0.0736, Var: 0.0000, CStr: 0.484, Ctx: 2, Train: 99.79%, Valid: 96.74%, Test In: 96.73% Test OOD1: 87.43% 
Epoch: 272, Loss: 0.1722, Cls: 0.0760, Ind: 0.0001, Med: 0.0190, Spu: 0.0000, FD: 0.0770, Var: 0.0000, CStr: 0.484, Ctx: 2, Train: 99.81%, Valid: 96.98%, Test In: 96.79% Test OOD1: 87.30% 
Epoch: 273, Loss: 0.1750, Cls: 0.0774, Ind: 0.0001, Med: 0.0195, Spu: 0.0000, FD: 0.0780, Var: 0.0000, CStr: 0.484, Ctx: 2, Train: 99.80%, Valid: 96.75%, Test In: 96.77% Test OOD1: 88.27% 
Epoch: 274, Loss: 0.1703, Cls: 0.0750, Ind: 0.0001, Med: 0.0188, Spu: 0.0000, FD: 0.0764, Var: 0.0000, CStr: 0.484, Ctx: 2, Train: 99.80%, Valid: 96.75%, Test In: 96.75% Test OOD1: 87.96% 
Epoch: 275, Loss: 0.1759, Cls: 0.0776, Ind: 0.0001, Med: 0.0194, Spu: 0.0000, FD: 0.0787, Var: 0.0000, CStr: 0.484, Ctx: 2, Train: 99.83%, Valid: 96.90%, Test In: 96.71% Test OOD1: 88.40% 
Epoch: 276, Loss: 0.1725, Cls: 0.0763, Ind: 0.0001, Med: 0.0192, Spu: 0.0000, FD: 0.0768, Var: 0.0000, CStr: 0.484, Ctx: 2, Train: 99.83%, Valid: 96.87%, Test In: 96.71% Test OOD1: 88.37% 
Epoch: 277, Loss: 0.1689, Cls: 0.0744, Ind: 0.0001, Med: 0.0186, Spu: 0.0000, FD: 0.0757, Var: 0.0000, CStr: 0.484, Ctx: 2, Train: 99.77%, Valid: 96.67%, Test In: 96.60% Test OOD1: 88.14% 
Epoch: 278, Loss: 0.1782, Cls: 0.0787, Ind: 0.0001, Med: 0.0197, Spu: 0.0000, FD: 0.0797, Var: 0.0000, CStr: 0.484, Ctx: 2, Train: 99.79%, Valid: 96.67%, Test In: 96.53% Test OOD1: 88.70% 
Epoch: 279, Loss: 0.1826, Cls: 0.0806, Ind: 0.0001, Med: 0.0202, Spu: 0.0000, FD: 0.0816, Var: 0.0000, CStr: 0.484, Ctx: 2, Train: 99.77%, Valid: 96.72%, Test In: 96.64% Test OOD1: 87.14% 
Epoch: 280, Loss: 0.1766, Cls: 0.0780, Ind: 0.0001, Med: 0.0196, Spu: 0.0000, FD: 0.0789, Var: 0.0000, CStr: 0.484, Ctx: 2, Train: 99.81%, Valid: 96.75%, Test In: 96.61% Test OOD1: 88.44% 
Epoch: 281, Loss: 0.1611, Cls: 0.0713, Ind: 0.0001, Med: 0.0179, Spu: 0.0000, FD: 0.0718, Var: 0.0000, CStr: 0.484, Ctx: 2, Train: 99.82%, Valid: 96.76%, Test In: 96.64% Test OOD1: 89.50% 
Epoch: 282, Loss: 0.1692, Cls: 0.0748, Ind: 0.0002, Med: 0.0188, Spu: 0.0000, FD: 0.0755, Var: 0.0000, CStr: 0.484, Ctx: 2, Train: 99.83%, Valid: 96.98%, Test In: 96.93% Test OOD1: 85.98% 
Epoch: 283, Loss: 0.1801, Cls: 0.0795, Ind: 0.0001, Med: 0.0199, Spu: 0.0000, FD: 0.0805, Var: 0.0000, CStr: 0.484, Ctx: 2, Train: 99.72%, Valid: 96.40%, Test In: 96.44% Test OOD1: 89.59% 
Epoch: 284, Loss: 0.1766, Cls: 0.0781, Ind: 0.0001, Med: 0.0196, Spu: 0.0000, FD: 0.0788, Var: 0.0000, CStr: 0.484, Ctx: 2, Train: 99.84%, Valid: 96.85%, Test In: 96.86% Test OOD1: 88.33% 
Epoch: 285, Loss: 0.1658, Cls: 0.0734, Ind: 0.0001, Med: 0.0184, Spu: 0.0000, FD: 0.0738, Var: 0.0000, CStr: 0.485, Ctx: 2, Train: 99.85%, Valid: 97.11%, Test In: 96.86% Test OOD1: 86.05% 
Epoch: 286, Loss: 0.1716, Cls: 0.0759, Ind: 0.0001, Med: 0.0190, Spu: 0.0000, FD: 0.0766, Var: 0.0000, CStr: 0.485, Ctx: 2, Train: 99.67%, Valid: 96.43%, Test In: 96.25% Test OOD1: 91.12% 
Epoch: 287, Loss: 0.1713, Cls: 0.0757, Ind: 0.0001, Med: 0.0190, Spu: 0.0000, FD: 0.0765, Var: 0.0000, CStr: 0.485, Ctx: 2, Train: 99.84%, Valid: 96.98%, Test In: 96.94% Test OOD1: 88.17% 
Epoch: 288, Loss: 0.1601, Cls: 0.0708, Ind: 0.0001, Med: 0.0178, Spu: 0.0000, FD: 0.0714, Var: 0.0000, CStr: 0.485, Ctx: 2, Train: 99.88%, Valid: 97.16%, Test In: 96.93% Test OOD1: 86.68% 
Epoch: 289, Loss: 0.1610, Cls: 0.0713, Ind: 0.0001, Med: 0.0179, Spu: 0.0000, FD: 0.0717, Var: 0.0000, CStr: 0.485, Ctx: 2, Train: 99.71%, Valid: 96.67%, Test In: 96.44% Test OOD1: 89.57% 
Epoch: 290, Loss: 0.1718, Cls: 0.0758, Ind: 0.0001, Med: 0.0190, Spu: 0.0000, FD: 0.0770, Var: 0.0000, CStr: 0.485, Ctx: 2, Train: 99.77%, Valid: 96.77%, Test In: 96.65% Test OOD1: 86.88% 
Epoch: 291, Loss: 0.1638, Cls: 0.0723, Ind: 0.0001, Med: 0.0181, Spu: 0.0000, FD: 0.0733, Var: 0.0000, CStr: 0.485, Ctx: 2, Train: 99.87%, Valid: 97.04%, Test In: 96.85% Test OOD1: 86.16% 
Epoch: 292, Loss: 0.1681, Cls: 0.0743, Ind: 0.0001, Med: 0.0186, Spu: 0.0000, FD: 0.0751, Var: 0.0000, CStr: 0.485, Ctx: 2, Train: 99.79%, Valid: 96.79%, Test In: 96.65% Test OOD1: 89.06% 
Epoch: 293, Loss: 0.1655, Cls: 0.0732, Ind: 0.0001, Med: 0.0184, Spu: 0.0000, FD: 0.0738, Var: 0.0000, CStr: 0.485, Ctx: 2, Train: 99.83%, Valid: 96.81%, Test In: 96.66% Test OOD1: 87.89% 
Epoch: 294, Loss: 0.1645, Cls: 0.0727, Ind: 0.0001, Med: 0.0182, Spu: 0.0000, FD: 0.0735, Var: 0.0000, CStr: 0.485, Ctx: 2, Train: 99.87%, Valid: 96.92%, Test In: 96.84% Test OOD1: 87.09% 
Epoch: 295, Loss: 0.1634, Cls: 0.0722, Ind: 0.0001, Med: 0.0181, Spu: 0.0000, FD: 0.0731, Var: 0.0000, CStr: 0.485, Ctx: 2, Train: 99.81%, Valid: 96.76%, Test In: 96.60% Test OOD1: 89.66% 
Epoch: 296, Loss: 0.1637, Cls: 0.0724, Ind: 0.0001, Med: 0.0182, Spu: 0.0000, FD: 0.0730, Var: 0.0000, CStr: 0.485, Ctx: 2, Train: 99.85%, Valid: 96.79%, Test In: 96.77% Test OOD1: 88.89% 
Epoch: 297, Loss: 0.1633, Cls: 0.0720, Ind: 0.0001, Med: 0.0180, Spu: 0.0000, FD: 0.0731, Var: 0.0000, CStr: 0.484, Ctx: 2, Train: 99.88%, Valid: 97.01%, Test In: 96.94% Test OOD1: 87.79% 
Epoch: 298, Loss: 0.1581, Cls: 0.0698, Ind: 0.0001, Med: 0.0175, Spu: 0.0000, FD: 0.0706, Var: 0.0000, CStr: 0.484, Ctx: 2, Train: 99.86%, Valid: 96.88%, Test In: 96.82% Test OOD1: 88.99% 
Epoch: 299, Loss: 0.1606, Cls: 0.0709, Ind: 0.0001, Med: 0.0178, Spu: 0.0000, FD: 0.0718, Var: 0.0000, CStr: 0.484, Ctx: 2, Train: 99.81%, Valid: 96.71%, Test In: 96.76% Test OOD1: 88.96% 
Epoch: 300, Loss: 0.1579, Cls: 0.0699, Ind: 0.0001, Med: 0.0176, Spu: 0.0000, FD: 0.0704, Var: 0.0000, CStr: 0.484, Ctx: 2, Train: 99.86%, Valid: 96.96%, Test In: 96.82% Test OOD1: 88.25% 
Epoch: 301, Loss: 0.1676, Cls: 0.0741, Ind: 0.0001, Med: 0.0186, Spu: 0.0000, FD: 0.0748, Var: 0.0000, CStr: 0.484, Ctx: 2, Train: 99.87%, Valid: 97.01%, Test In: 96.83% Test OOD1: 88.27% 
Epoch: 302, Loss: 0.1586, Cls: 0.0700, Ind: 0.0001, Med: 0.0175, Spu: 0.0000, FD: 0.0709, Var: 0.0000, CStr: 0.484, Ctx: 2, Train: 99.80%, Valid: 96.75%, Test In: 96.69% Test OOD1: 89.67% 
Epoch: 303, Loss: 0.1577, Cls: 0.0697, Ind: 0.0001, Med: 0.0175, Spu: 0.0000, FD: 0.0703, Var: 0.0000, CStr: 0.483, Ctx: 2, Train: 99.85%, Valid: 96.93%, Test In: 96.86% Test OOD1: 87.31% 
Epoch: 304, Loss: 0.1602, Cls: 0.0708, Ind: 0.0001, Med: 0.0178, Spu: 0.0000, FD: 0.0715, Var: 0.0000, CStr: 0.483, Ctx: 2, Train: 99.89%, Valid: 97.16%, Test In: 96.90% Test OOD1: 88.04% 
Epoch: 305, Loss: 0.1501, Cls: 0.0664, Ind: 0.0001, Med: 0.0167, Spu: 0.0000, FD: 0.0669, Var: 0.0000, CStr: 0.483, Ctx: 2, Train: 99.85%, Valid: 96.94%, Test In: 96.71% Test OOD1: 88.96% 
Epoch: 306, Loss: 0.1549, Cls: 0.0685, Ind: 0.0001, Med: 0.0172, Spu: 0.0000, FD: 0.0691, Var: 0.0000, CStr: 0.483, Ctx: 2, Train: 99.83%, Valid: 96.96%, Test In: 96.87% Test OOD1: 85.82% 
Epoch: 307, Loss: 0.1593, Cls: 0.0705, Ind: 0.0001, Med: 0.0177, Spu: 0.0000, FD: 0.0711, Var: 0.0000, CStr: 0.483, Ctx: 2, Train: 99.89%, Valid: 97.07%, Test In: 96.94% Test OOD1: 88.73% 
Epoch: 308, Loss: 0.1564, Cls: 0.0693, Ind: 0.0001, Med: 0.0174, Spu: 0.0000, FD: 0.0696, Var: 0.0000, CStr: 0.483, Ctx: 2, Train: 99.84%, Valid: 96.95%, Test In: 96.86% Test OOD1: 89.69% 
Epoch: 309, Loss: 0.1593, Cls: 0.0704, Ind: 0.0001, Med: 0.0177, Spu: 0.0000, FD: 0.0711, Var: 0.0000, CStr: 0.482, Ctx: 2, Train: 99.86%, Valid: 97.03%, Test In: 97.07% Test OOD1: 86.80% 
Epoch: 310, Loss: 0.1722, Cls: 0.0762, Ind: 0.0001, Med: 0.0191, Spu: 0.0000, FD: 0.0769, Var: 0.0000, CStr: 0.482, Ctx: 2, Train: 99.87%, Valid: 97.06%, Test In: 96.92% Test OOD1: 89.19% 
Epoch: 311, Loss: 0.1506, Cls: 0.0666, Ind: 0.0001, Med: 0.0167, Spu: 0.0000, FD: 0.0673, Var: 0.0000, CStr: 0.482, Ctx: 2, Train: 99.86%, Valid: 97.03%, Test In: 96.94% Test OOD1: 89.32% 
Epoch: 312, Loss: 0.1527, Cls: 0.0674, Ind: 0.0001, Med: 0.0169, Spu: 0.0000, FD: 0.0684, Var: 0.0000, CStr: 0.482, Ctx: 2, Train: 99.82%, Valid: 96.92%, Test In: 96.83% Test OOD1: 87.57% 
Epoch: 313, Loss: 0.1596, Cls: 0.0706, Ind: 0.0001, Med: 0.0177, Spu: 0.0000, FD: 0.0712, Var: 0.0000, CStr: 0.482, Ctx: 2, Train: 99.83%, Valid: 96.92%, Test In: 96.81% Test OOD1: 89.88% 
Epoch: 314, Loss: 0.1543, Cls: 0.0681, Ind: 0.0001, Med: 0.0171, Spu: 0.0000, FD: 0.0690, Var: 0.0000, CStr: 0.482, Ctx: 2, Train: 99.85%, Valid: 97.07%, Test In: 96.94% Test OOD1: 88.79% 
Epoch: 315, Loss: 0.1596, Cls: 0.0707, Ind: 0.0001, Med: 0.0178, Spu: 0.0000, FD: 0.0710, Var: 0.0000, CStr: 0.482, Ctx: 2, Train: 99.86%, Valid: 96.94%, Test In: 96.98% Test OOD1: 87.21% 
Epoch: 316, Loss: 0.1537, Cls: 0.0679, Ind: 0.0001, Med: 0.0170, Spu: 0.0000, FD: 0.0687, Var: 0.0000, CStr: 0.482, Ctx: 2, Train: 99.78%, Valid: 96.69%, Test In: 96.64% Test OOD1: 89.62% 
Epoch: 317, Loss: 0.1614, Cls: 0.0714, Ind: 0.0001, Med: 0.0179, Spu: 0.0000, FD: 0.0720, Var: 0.0000, CStr: 0.482, Ctx: 2, Train: 99.89%, Valid: 96.95%, Test In: 96.85% Test OOD1: 88.53% 
Epoch: 318, Loss: 0.1439, Cls: 0.0636, Ind: 0.0001, Med: 0.0160, Spu: 0.0000, FD: 0.0642, Var: 0.0000, CStr: 0.481, Ctx: 2, Train: 99.91%, Valid: 97.13%, Test In: 97.04% Test OOD1: 86.62% 
Epoch: 319, Loss: 0.1594, Cls: 0.0706, Ind: 0.0001, Med: 0.0177, Spu: 0.0000, FD: 0.0709, Var: 0.0000, CStr: 0.481, Ctx: 2, Train: 99.86%, Valid: 96.78%, Test In: 96.76% Test OOD1: 90.27% 
Epoch: 320, Loss: 0.1590, Cls: 0.0704, Ind: 0.0001, Med: 0.0177, Spu: 0.0000, FD: 0.0709, Var: 0.0000, CStr: 0.481, Ctx: 2, Train: 99.90%, Valid: 97.02%, Test In: 96.90% Test OOD1: 90.04% 
Epoch: 321, Loss: 0.1523, Cls: 0.0673, Ind: 0.0001, Med: 0.0169, Spu: 0.0000, FD: 0.0680, Var: 0.0000, CStr: 0.481, Ctx: 2, Train: 99.90%, Valid: 97.17%, Test In: 97.07% Test OOD1: 87.08% 
Epoch: 322, Loss: 0.1497, Cls: 0.0662, Ind: 0.0001, Med: 0.0166, Spu: 0.0000, FD: 0.0668, Var: 0.0000, CStr: 0.481, Ctx: 2, Train: 99.89%, Valid: 97.11%, Test In: 96.90% Test OOD1: 89.54% 
Epoch: 323, Loss: 0.1547, Cls: 0.0685, Ind: 0.0001, Med: 0.0172, Spu: 0.0000, FD: 0.0688, Var: 0.0000, CStr: 0.481, Ctx: 2, Train: 99.80%, Valid: 96.73%, Test In: 96.56% Test OOD1: 90.50% 
Epoch: 324, Loss: 0.1631, Cls: 0.0719, Ind: 0.0001, Med: 0.0180, Spu: 0.0000, FD: 0.0731, Var: 0.0000, CStr: 0.481, Ctx: 2, Train: 99.89%, Valid: 97.15%, Test In: 97.03% Test OOD1: 86.16% 
Epoch: 325, Loss: 0.1616, Cls: 0.0715, Ind: 0.0001, Med: 0.0180, Spu: 0.0000, FD: 0.0720, Var: 0.0000, CStr: 0.481, Ctx: 2, Train: 99.88%, Valid: 97.13%, Test In: 96.90% Test OOD1: 88.97% 
Epoch: 326, Loss: 0.1520, Cls: 0.0672, Ind: 0.0001, Med: 0.0169, Spu: 0.0000, FD: 0.0678, Var: 0.0000, CStr: 0.480, Ctx: 2, Train: 99.79%, Valid: 96.60%, Test In: 96.57% Test OOD1: 89.98% 
Epoch: 327, Loss: 0.1582, Cls: 0.0699, Ind: 0.0001, Med: 0.0175, Spu: 0.0000, FD: 0.0706, Var: 0.0000, CStr: 0.480, Ctx: 2, Train: 99.90%, Valid: 97.07%, Test In: 97.07% Test OOD1: 87.17% 
Epoch: 328, Loss: 0.1515, Cls: 0.0667, Ind: 0.0001, Med: 0.0167, Spu: 0.0000, FD: 0.0680, Var: 0.0000, CStr: 0.480, Ctx: 2, Train: 99.92%, Valid: 97.21%, Test In: 97.02% Test OOD1: 87.54% 
Epoch: 329, Loss: 0.1487, Cls: 0.0654, Ind: 0.0001, Med: 0.0163, Spu: 0.0000, FD: 0.0668, Var: 0.0000, CStr: 0.480, Ctx: 2, Train: 99.78%, Valid: 96.81%, Test In: 96.50% Test OOD1: 90.50% 
Epoch: 330, Loss: 0.1591, Cls: 0.0702, Ind: 0.0001, Med: 0.0176, Spu: 0.0000, FD: 0.0712, Var: 0.0000, CStr: 0.480, Ctx: 2, Train: 99.93%, Valid: 97.18%, Test In: 97.00% Test OOD1: 87.49% 
Epoch: 331, Loss: 0.1455, Cls: 0.0643, Ind: 0.0001, Med: 0.0161, Spu: 0.0000, FD: 0.0650, Var: 0.0000, CStr: 0.480, Ctx: 2, Train: 99.92%, Valid: 97.17%, Test In: 97.02% Test OOD1: 87.71% 
Epoch: 332, Loss: 0.1568, Cls: 0.0692, Ind: 0.0001, Med: 0.0173, Spu: 0.0000, FD: 0.0702, Var: 0.0000, CStr: 0.480, Ctx: 2, Train: 99.83%, Valid: 96.78%, Test In: 96.70% Test OOD1: 90.49% 
Epoch: 333, Loss: 0.1531, Cls: 0.0676, Ind: 0.0001, Med: 0.0169, Spu: 0.0000, FD: 0.0685, Var: 0.0000, CStr: 0.480, Ctx: 2, Train: 99.91%, Valid: 97.01%, Test In: 97.02% Test OOD1: 87.45% 
Epoch: 334, Loss: 0.1463, Cls: 0.0647, Ind: 0.0001, Med: 0.0162, Spu: 0.0000, FD: 0.0654, Var: 0.0000, CStr: 0.480, Ctx: 2, Train: 99.93%, Valid: 97.17%, Test In: 97.10% Test OOD1: 86.99% 
Epoch: 335, Loss: 0.1519, Cls: 0.0671, Ind: 0.0001, Med: 0.0168, Spu: 0.0000, FD: 0.0679, Var: 0.0000, CStr: 0.480, Ctx: 2, Train: 99.92%, Valid: 97.19%, Test In: 97.07% Test OOD1: 88.85% 
Epoch: 336, Loss: 0.1471, Cls: 0.0650, Ind: 0.0001, Med: 0.0163, Spu: 0.0000, FD: 0.0657, Var: 0.0000, CStr: 0.480, Ctx: 2, Train: 99.90%, Valid: 97.22%, Test In: 97.04% Test OOD1: 88.66% 
Epoch: 337, Loss: 0.1407, Cls: 0.0622, Ind: 0.0001, Med: 0.0156, Spu: 0.0000, FD: 0.0628, Var: 0.0000, CStr: 0.479, Ctx: 2, Train: 99.92%, Valid: 97.26%, Test In: 97.02% Test OOD1: 87.46% 
Epoch: 338, Loss: 0.1457, Cls: 0.0644, Ind: 0.0001, Med: 0.0162, Spu: 0.0000, FD: 0.0650, Var: 0.0000, CStr: 0.479, Ctx: 2, Train: 99.93%, Valid: 97.15%, Test In: 97.04% Test OOD1: 88.88% 
Epoch: 339, Loss: 0.1436, Cls: 0.0636, Ind: 0.0001, Med: 0.0160, Spu: 0.0000, FD: 0.0639, Var: 0.0000, CStr: 0.479, Ctx: 2, Train: 99.94%, Valid: 97.11%, Test In: 96.99% Test OOD1: 88.41% 
Epoch: 340, Loss: 0.1482, Cls: 0.0655, Ind: 0.0001, Med: 0.0164, Spu: 0.0000, FD: 0.0662, Var: 0.0000, CStr: 0.479, Ctx: 2, Train: 99.93%, Valid: 97.03%, Test In: 96.94% Test OOD1: 89.15% 
Epoch: 341, Loss: 0.1524, Cls: 0.0673, Ind: 0.0001, Med: 0.0168, Spu: 0.0000, FD: 0.0682, Var: 0.0000, CStr: 0.479, Ctx: 2, Train: 99.93%, Valid: 97.09%, Test In: 97.00% Test OOD1: 88.21% 
Epoch: 342, Loss: 0.1372, Cls: 0.0607, Ind: 0.0001, Med: 0.0153, Spu: 0.0000, FD: 0.0611, Var: 0.0000, CStr: 0.479, Ctx: 2, Train: 99.93%, Valid: 97.07%, Test In: 96.96% Test OOD1: 88.36% 
Epoch: 343, Loss: 0.1446, Cls: 0.0640, Ind: 0.0001, Med: 0.0161, Spu: 0.0000, FD: 0.0644, Var: 0.0000, CStr: 0.479, Ctx: 2, Train: 99.90%, Valid: 97.03%, Test In: 96.79% Test OOD1: 89.77% 
Epoch: 344, Loss: 0.1443, Cls: 0.0637, Ind: 0.0001, Med: 0.0159, Spu: 0.0000, FD: 0.0647, Var: 0.0000, CStr: 0.479, Ctx: 2, Train: 99.91%, Valid: 97.08%, Test In: 97.01% Test OOD1: 88.37% 
Epoch: 345, Loss: 0.1482, Cls: 0.0657, Ind: 0.0001, Med: 0.0165, Spu: 0.0000, FD: 0.0660, Var: 0.0000, CStr: 0.479, Ctx: 2, Train: 99.93%, Valid: 97.19%, Test In: 97.10% Test OOD1: 88.23% 
Epoch: 346, Loss: 0.1451, Cls: 0.0643, Ind: 0.0001, Med: 0.0161, Spu: 0.0000, FD: 0.0646, Var: 0.0000, CStr: 0.479, Ctx: 2, Train: 99.91%, Valid: 97.00%, Test In: 96.91% Test OOD1: 90.21% 
Epoch: 347, Loss: 0.1477, Cls: 0.0652, Ind: 0.0001, Med: 0.0164, Spu: 0.0000, FD: 0.0660, Var: 0.0000, CStr: 0.479, Ctx: 2, Train: 99.94%, Valid: 97.16%, Test In: 97.06% Test OOD1: 88.79% 
Epoch: 348, Loss: 0.1483, Cls: 0.0656, Ind: 0.0001, Med: 0.0165, Spu: 0.0000, FD: 0.0661, Var: 0.0000, CStr: 0.479, Ctx: 2, Train: 99.94%, Valid: 97.23%, Test In: 97.04% Test OOD1: 88.52% 
Epoch: 349, Loss: 0.1435, Cls: 0.0635, Ind: 0.0001, Med: 0.0159, Spu: 0.0000, FD: 0.0640, Var: 0.0000, CStr: 0.479, Ctx: 2, Train: 99.92%, Valid: 97.12%, Test In: 97.02% Test OOD1: 89.98% 
Epoch: 350, Loss: 0.1460, Cls: 0.0644, Ind: 0.0001, Med: 0.0161, Spu: 0.0000, FD: 0.0654, Var: 0.0000, CStr: 0.479, Ctx: 2, Train: 99.92%, Valid: 97.15%, Test In: 97.11% Test OOD1: 88.56% 
Epoch: 351, Loss: 0.1437, Cls: 0.0634, Ind: 0.0001, Med: 0.0159, Spu: 0.0000, FD: 0.0643, Var: 0.0000, CStr: 0.478, Ctx: 2, Train: 99.94%, Valid: 97.15%, Test In: 97.15% Test OOD1: 88.35% 
Epoch: 352, Loss: 0.1429, Cls: 0.0632, Ind: 0.0001, Med: 0.0159, Spu: 0.0000, FD: 0.0636, Var: 0.0000, CStr: 0.478, Ctx: 2, Train: 99.93%, Valid: 97.15%, Test In: 97.08% Test OOD1: 89.72% 
Epoch: 353, Loss: 0.1490, Cls: 0.0658, Ind: 0.0001, Med: 0.0165, Spu: 0.0000, FD: 0.0666, Var: 0.0000, CStr: 0.478, Ctx: 2, Train: 99.93%, Valid: 97.22%, Test In: 97.19% Test OOD1: 88.75% 
Epoch: 354, Loss: 0.1393, Cls: 0.0616, Ind: 0.0001, Med: 0.0154, Spu: 0.0000, FD: 0.0622, Var: 0.0000, CStr: 0.478, Ctx: 2, Train: 99.92%, Valid: 97.22%, Test In: 97.19% Test OOD1: 89.35% 
Epoch: 355, Loss: 0.1410, Cls: 0.0623, Ind: 0.0001, Med: 0.0156, Spu: 0.0000, FD: 0.0629, Var: 0.0000, CStr: 0.478, Ctx: 2, Train: 99.93%, Valid: 97.16%, Test In: 97.06% Test OOD1: 90.18% 
Epoch: 356, Loss: 0.1492, Cls: 0.0659, Ind: 0.0001, Med: 0.0165, Spu: 0.0000, FD: 0.0667, Var: 0.0000, CStr: 0.478, Ctx: 2, Train: 99.95%, Valid: 97.27%, Test In: 97.20% Test OOD1: 88.43% 
Epoch: 357, Loss: 0.1338, Cls: 0.0591, Ind: 0.0001, Med: 0.0148, Spu: 0.0000, FD: 0.0598, Var: 0.0000, CStr: 0.478, Ctx: 2, Train: 99.93%, Valid: 97.19%, Test In: 97.15% Test OOD1: 88.77% 
Epoch: 358, Loss: 0.1380, Cls: 0.0608, Ind: 0.0001, Med: 0.0152, Spu: 0.0000, FD: 0.0619, Var: 0.0000, CStr: 0.478, Ctx: 2, Train: 99.90%, Valid: 97.02%, Test In: 96.92% Test OOD1: 90.73% 
Epoch: 359, Loss: 0.1450, Cls: 0.0642, Ind: 0.0001, Med: 0.0161, Spu: 0.0000, FD: 0.0646, Var: 0.0000, CStr: 0.478, Ctx: 2, Train: 99.93%, Valid: 97.16%, Test In: 97.14% Test OOD1: 88.04% 
Epoch: 360, Loss: 0.1507, Cls: 0.0666, Ind: 0.0001, Med: 0.0167, Spu: 0.0000, FD: 0.0672, Var: 0.0000, CStr: 0.478, Ctx: 2, Train: 99.94%, Valid: 97.17%, Test In: 97.17% Test OOD1: 89.30% 
Epoch: 361, Loss: 0.1404, Cls: 0.0620, Ind: 0.0001, Med: 0.0155, Spu: 0.0000, FD: 0.0628, Var: 0.0000, CStr: 0.478, Ctx: 2, Train: 99.90%, Valid: 97.07%, Test In: 96.97% Test OOD1: 91.23% 
Epoch: 362, Loss: 0.1484, Cls: 0.0658, Ind: 0.0001, Med: 0.0165, Spu: 0.0000, FD: 0.0660, Var: 0.0000, CStr: 0.478, Ctx: 2, Train: 99.94%, Valid: 97.28%, Test In: 97.25% Test OOD1: 88.80% 
Epoch: 363, Loss: 0.1421, Cls: 0.0628, Ind: 0.0001, Med: 0.0157, Spu: 0.0000, FD: 0.0635, Var: 0.0000, CStr: 0.478, Ctx: 2, Train: 99.94%, Valid: 97.17%, Test In: 97.21% Test OOD1: 89.68% 
Epoch: 364, Loss: 0.1470, Cls: 0.0651, Ind: 0.0001, Med: 0.0163, Spu: 0.0000, FD: 0.0655, Var: 0.0000, CStr: 0.478, Ctx: 2, Train: 99.90%, Valid: 97.08%, Test In: 96.95% Test OOD1: 91.41% 
Epoch: 365, Loss: 0.1480, Cls: 0.0653, Ind: 0.0001, Med: 0.0164, Spu: 0.0000, FD: 0.0662, Var: 0.0000, CStr: 0.478, Ctx: 2, Train: 99.94%, Valid: 97.23%, Test In: 97.27% Test OOD1: 88.16% 
Epoch: 366, Loss: 0.1452, Cls: 0.0642, Ind: 0.0001, Med: 0.0161, Spu: 0.0000, FD: 0.0648, Var: 0.0000, CStr: 0.478, Ctx: 2, Train: 99.94%, Valid: 97.19%, Test In: 97.17% Test OOD1: 89.86% 
Epoch: 367, Loss: 0.1464, Cls: 0.0648, Ind: 0.0001, Med: 0.0163, Spu: 0.0000, FD: 0.0652, Var: 0.0000, CStr: 0.478, Ctx: 2, Train: 99.90%, Valid: 97.12%, Test In: 96.93% Test OOD1: 90.75% 
Epoch: 368, Loss: 0.1463, Cls: 0.0646, Ind: 0.0001, Med: 0.0162, Spu: 0.0000, FD: 0.0654, Var: 0.0000, CStr: 0.478, Ctx: 2, Train: 99.96%, Valid: 97.35%, Test In: 97.23% Test OOD1: 87.90% 
Epoch: 369, Loss: 0.1435, Cls: 0.0635, Ind: 0.0001, Med: 0.0159, Spu: 0.0000, FD: 0.0639, Var: 0.0000, CStr: 0.478, Ctx: 2, Train: 99.95%, Valid: 97.35%, Test In: 97.19% Test OOD1: 88.49% 
Epoch: 370, Loss: 0.1296, Cls: 0.0574, Ind: 0.0001, Med: 0.0144, Spu: 0.0000, FD: 0.0577, Var: 0.0000, CStr: 0.478, Ctx: 2, Train: 99.92%, Valid: 97.19%, Test In: 97.03% Test OOD1: 90.48% 
Epoch: 371, Loss: 0.1372, Cls: 0.0604, Ind: 0.0001, Med: 0.0151, Spu: 0.0000, FD: 0.0615, Var: 0.0000, CStr: 0.478, Ctx: 2, Train: 99.97%, Valid: 97.27%, Test In: 97.17% Test OOD1: 89.07% 
Epoch: 372, Loss: 0.1415, Cls: 0.0625, Ind: 0.0001, Med: 0.0157, Spu: 0.0000, FD: 0.0632, Var: 0.0000, CStr: 0.478, Ctx: 2, Train: 99.95%, Valid: 97.42%, Test In: 97.20% Test OOD1: 88.41% 
Epoch: 373, Loss: 0.1439, Cls: 0.0636, Ind: 0.0001, Med: 0.0159, Spu: 0.0000, FD: 0.0642, Var: 0.0000, CStr: 0.478, Ctx: 2, Train: 99.93%, Valid: 97.19%, Test In: 97.06% Test OOD1: 90.55% 
Epoch: 374, Loss: 0.1454, Cls: 0.0642, Ind: 0.0001, Med: 0.0161, Spu: 0.0000, FD: 0.0649, Var: 0.0000, CStr: 0.478, Ctx: 2, Train: 99.93%, Valid: 97.15%, Test In: 97.07% Test OOD1: 90.20% 
Epoch: 375, Loss: 0.1398, Cls: 0.0619, Ind: 0.0001, Med: 0.0155, Spu: 0.0000, FD: 0.0623, Var: 0.0000, CStr: 0.478, Ctx: 2, Train: 99.94%, Valid: 97.45%, Test In: 97.22% Test OOD1: 88.80% 
Epoch: 376, Loss: 0.1464, Cls: 0.0647, Ind: 0.0001, Med: 0.0162, Spu: 0.0000, FD: 0.0653, Var: 0.0000, CStr: 0.478, Ctx: 2, Train: 99.94%, Valid: 97.43%, Test In: 97.24% Test OOD1: 89.36% 
Epoch: 377, Loss: 0.1351, Cls: 0.0598, Ind: 0.0001, Med: 0.0150, Spu: 0.0000, FD: 0.0601, Var: 0.0000, CStr: 0.478, Ctx: 2, Train: 99.87%, Valid: 97.07%, Test In: 96.95% Test OOD1: 90.57% 
Epoch: 378, Loss: 0.1455, Cls: 0.0643, Ind: 0.0001, Med: 0.0161, Spu: 0.0000, FD: 0.0650, Var: 0.0000, CStr: 0.478, Ctx: 2, Train: 99.93%, Valid: 97.36%, Test In: 97.15% Test OOD1: 89.90% 
Epoch: 379, Loss: 0.1366, Cls: 0.0604, Ind: 0.0001, Med: 0.0151, Spu: 0.0000, FD: 0.0610, Var: 0.0000, CStr: 0.478, Ctx: 2, Train: 99.94%, Valid: 97.44%, Test In: 97.23% Test OOD1: 89.24% 
Epoch: 380, Loss: 0.1363, Cls: 0.0604, Ind: 0.0001, Med: 0.0152, Spu: 0.0000, FD: 0.0607, Var: 0.0000, CStr: 0.478, Ctx: 2, Train: 99.91%, Valid: 97.15%, Test In: 97.06% Test OOD1: 90.51% 
Epoch: 381, Loss: 0.1416, Cls: 0.0627, Ind: 0.0001, Med: 0.0157, Spu: 0.0000, FD: 0.0631, Var: 0.0000, CStr: 0.478, Ctx: 2, Train: 99.93%, Valid: 97.20%, Test In: 97.10% Test OOD1: 90.92% 
Epoch: 382, Loss: 0.1365, Cls: 0.0603, Ind: 0.0001, Med: 0.0151, Spu: 0.0000, FD: 0.0609, Var: 0.0000, CStr: 0.478, Ctx: 2, Train: 99.95%, Valid: 97.46%, Test In: 97.42% Test OOD1: 89.37% 
Epoch: 383, Loss: 0.1400, Cls: 0.0617, Ind: 0.0001, Med: 0.0154, Spu: 0.0000, FD: 0.0627, Var: 0.0000, CStr: 0.478, Ctx: 2, Train: 99.94%, Valid: 97.34%, Test In: 97.36% Test OOD1: 90.57% 
Epoch: 384, Loss: 0.1289, Cls: 0.0570, Ind: 0.0001, Med: 0.0143, Spu: 0.0000, FD: 0.0576, Var: 0.0000, CStr: 0.478, Ctx: 2, Train: 99.90%, Valid: 97.03%, Test In: 97.00% Test OOD1: 91.80% 
Epoch: 385, Loss: 0.1407, Cls: 0.0621, Ind: 0.0001, Med: 0.0155, Spu: 0.0000, FD: 0.0630, Var: 0.0000, CStr: 0.478, Ctx: 2, Train: 99.96%, Valid: 97.44%, Test In: 97.38% Test OOD1: 90.50% 
Epoch: 386, Loss: 0.1314, Cls: 0.0581, Ind: 0.0001, Med: 0.0146, Spu: 0.0000, FD: 0.0586, Var: 0.0000, CStr: 0.478, Ctx: 2, Train: 99.96%, Valid: 97.40%, Test In: 97.31% Test OOD1: 89.79% 
Epoch: 387, Loss: 0.1379, Cls: 0.0608, Ind: 0.0001, Med: 0.0152, Spu: 0.0000, FD: 0.0618, Var: 0.0000, CStr: 0.478, Ctx: 2, Train: 99.91%, Valid: 96.94%, Test In: 97.02% Test OOD1: 91.26% 
Epoch: 388, Loss: 0.1415, Cls: 0.0626, Ind: 0.0001, Med: 0.0157, Spu: 0.0000, FD: 0.0631, Var: 0.0000, CStr: 0.478, Ctx: 2, Train: 99.96%, Valid: 97.28%, Test In: 97.24% Test OOD1: 90.51% 
Epoch: 389, Loss: 0.1356, Cls: 0.0600, Ind: 0.0001, Med: 0.0150, Spu: 0.0000, FD: 0.0604, Var: 0.0000, CStr: 0.478, Ctx: 2, Train: 99.96%, Valid: 97.46%, Test In: 97.33% Test OOD1: 88.86% 
Epoch: 390, Loss: 0.1392, Cls: 0.0616, Ind: 0.0001, Med: 0.0154, Spu: 0.0000, FD: 0.0621, Var: 0.0000, CStr: 0.478, Ctx: 2, Train: 99.94%, Valid: 97.20%, Test In: 97.17% Test OOD1: 90.64% 
Epoch: 391, Loss: 0.1313, Cls: 0.0580, Ind: 0.0001, Med: 0.0145, Spu: 0.0000, FD: 0.0587, Var: 0.0000, CStr: 0.478, Ctx: 2, Train: 99.95%, Valid: 97.26%, Test In: 97.30% Test OOD1: 90.62% 
Epoch: 392, Loss: 0.1367, Cls: 0.0604, Ind: 0.0001, Med: 0.0151, Spu: 0.0000, FD: 0.0610, Var: 0.0000, CStr: 0.478, Ctx: 2, Train: 99.96%, Valid: 97.42%, Test In: 97.36% Test OOD1: 89.65% 
Epoch: 393, Loss: 0.1357, Cls: 0.0598, Ind: 0.0001, Med: 0.0150, Spu: 0.0000, FD: 0.0608, Var: 0.0000, CStr: 0.478, Ctx: 2, Train: 99.96%, Valid: 97.35%, Test In: 97.26% Test OOD1: 90.19% 
Epoch: 394, Loss: 0.1312, Cls: 0.0580, Ind: 0.0001, Med: 0.0145, Spu: 0.0000, FD: 0.0585, Var: 0.0000, CStr: 0.477, Ctx: 2, Train: 99.93%, Valid: 97.18%, Test In: 97.18% Test OOD1: 91.06% 
Epoch: 395, Loss: 0.1339, Cls: 0.0591, Ind: 0.0001, Med: 0.0148, Spu: 0.0000, FD: 0.0600, Var: 0.0000, CStr: 0.477, Ctx: 2, Train: 99.95%, Valid: 97.32%, Test In: 97.24% Test OOD1: 90.57% 
Epoch: 396, Loss: 0.1277, Cls: 0.0564, Ind: 0.0001, Med: 0.0141, Spu: 0.0000, FD: 0.0571, Var: 0.0000, CStr: 0.477, Ctx: 2, Train: 99.95%, Valid: 97.32%, Test In: 97.24% Test OOD1: 90.82% 
Epoch: 397, Loss: 0.1338, Cls: 0.0590, Ind: 0.0001, Med: 0.0148, Spu: 0.0000, FD: 0.0599, Var: 0.0000, CStr: 0.477, Ctx: 2, Train: 99.95%, Valid: 97.34%, Test In: 97.26% Test OOD1: 90.88% 
Epoch: 398, Loss: 0.1382, Cls: 0.0610, Ind: 0.0001, Med: 0.0153, Spu: 0.0000, FD: 0.0618, Var: 0.0000, CStr: 0.477, Ctx: 2, Train: 99.95%, Valid: 97.34%, Test In: 97.25% Test OOD1: 91.08% 
Epoch: 399, Loss: 0.1328, Cls: 0.0587, Ind: 0.0001, Med: 0.0147, Spu: 0.0000, FD: 0.0592, Var: 0.0000, CStr: 0.477, Ctx: 2, Train: 99.95%, Valid: 97.45%, Test In: 97.30% Test OOD1: 90.03% 
Epoch: 400, Loss: 0.1379, Cls: 0.0610, Ind: 0.0001, Med: 0.0153, Spu: 0.0000, FD: 0.0616, Var: 0.0000, CStr: 0.477, Ctx: 2, Train: 99.95%, Valid: 97.45%, Test In: 97.28% Test OOD1: 89.79% 
Epoch: 401, Loss: 0.1318, Cls: 0.0583, Ind: 0.0001, Med: 0.0146, Spu: 0.0000, FD: 0.0587, Var: 0.0000, CStr: 0.477, Ctx: 2, Train: 99.95%, Valid: 97.41%, Test In: 97.30% Test OOD1: 89.83% 
Epoch: 402, Loss: 0.1292, Cls: 0.0571, Ind: 0.0001, Med: 0.0143, Spu: 0.0000, FD: 0.0577, Var: 0.0000, CStr: 0.477, Ctx: 2, Train: 99.95%, Valid: 97.46%, Test In: 97.27% Test OOD1: 90.27% 
Epoch: 403, Loss: 0.1356, Cls: 0.0600, Ind: 0.0001, Med: 0.0151, Spu: 0.0000, FD: 0.0604, Var: 0.0000, CStr: 0.477, Ctx: 2, Train: 99.95%, Valid: 97.55%, Test In: 97.39% Test OOD1: 88.74% 
Epoch: 404, Loss: 0.1367, Cls: 0.0603, Ind: 0.0001, Med: 0.0151, Spu: 0.0000, FD: 0.0612, Var: 0.0000, CStr: 0.477, Ctx: 2, Train: 99.95%, Valid: 97.46%, Test In: 97.30% Test OOD1: 90.50% 
Epoch: 405, Loss: 0.1389, Cls: 0.0614, Ind: 0.0001, Med: 0.0154, Spu: 0.0000, FD: 0.0619, Var: 0.0000, CStr: 0.476, Ctx: 2, Train: 99.92%, Valid: 97.32%, Test In: 97.12% Test OOD1: 90.53% 
Epoch: 406, Loss: 0.1362, Cls: 0.0603, Ind: 0.0001, Med: 0.0151, Spu: 0.0000, FD: 0.0606, Var: 0.0000, CStr: 0.476, Ctx: 2, Train: 99.96%, Valid: 97.61%, Test In: 97.39% Test OOD1: 88.67% 
Epoch: 407, Loss: 0.1363, Cls: 0.0602, Ind: 0.0001, Med: 0.0151, Spu: 0.0000, FD: 0.0609, Var: 0.0000, CStr: 0.476, Ctx: 2, Train: 99.96%, Valid: 97.44%, Test In: 97.25% Test OOD1: 90.76% 
Epoch: 408, Loss: 0.1270, Cls: 0.0560, Ind: 0.0001, Med: 0.0140, Spu: 0.0000, FD: 0.0570, Var: 0.0000, CStr: 0.476, Ctx: 2, Train: 99.91%, Valid: 97.17%, Test In: 97.08% Test OOD1: 90.99% 
Epoch: 409, Loss: 0.1396, Cls: 0.0616, Ind: 0.0001, Med: 0.0154, Spu: 0.0000, FD: 0.0624, Var: 0.0000, CStr: 0.476, Ctx: 2, Train: 99.95%, Valid: 97.44%, Test In: 97.20% Test OOD1: 90.58% 
Epoch: 410, Loss: 0.1323, Cls: 0.0585, Ind: 0.0001, Med: 0.0147, Spu: 0.0000, FD: 0.0590, Var: 0.0000, CStr: 0.476, Ctx: 2, Train: 99.92%, Valid: 97.37%, Test In: 97.12% Test OOD1: 90.69% 
Epoch: 411, Loss: 0.1298, Cls: 0.0575, Ind: 0.0001, Med: 0.0144, Spu: 0.0000, FD: 0.0578, Var: 0.0000, CStr: 0.476, Ctx: 2, Train: 99.93%, Valid: 97.31%, Test In: 97.12% Test OOD1: 90.96% 
Epoch: 412, Loss: 0.1248, Cls: 0.0551, Ind: 0.0001, Med: 0.0138, Spu: 0.0000, FD: 0.0558, Var: 0.0000, CStr: 0.476, Ctx: 2, Train: 99.97%, Valid: 97.42%, Test In: 97.24% Test OOD1: 90.92% 
Epoch: 413, Loss: 0.1302, Cls: 0.0576, Ind: 0.0001, Med: 0.0144, Spu: 0.0000, FD: 0.0581, Var: 0.0000, CStr: 0.476, Ctx: 2, Train: 99.95%, Valid: 97.39%, Test In: 97.17% Test OOD1: 91.51% 
Epoch: 414, Loss: 0.1258, Cls: 0.0556, Ind: 0.0001, Med: 0.0139, Spu: 0.0000, FD: 0.0561, Var: 0.0000, CStr: 0.476, Ctx: 2, Train: 99.94%, Valid: 97.45%, Test In: 97.25% Test OOD1: 90.84% 
Epoch: 415, Loss: 0.1339, Cls: 0.0591, Ind: 0.0001, Med: 0.0148, Spu: 0.0000, FD: 0.0599, Var: 0.0000, CStr: 0.476, Ctx: 2, Train: 99.96%, Valid: 97.49%, Test In: 97.32% Test OOD1: 89.73% 
Epoch: 416, Loss: 0.1350, Cls: 0.0597, Ind: 0.0001, Med: 0.0150, Spu: 0.0000, FD: 0.0603, Var: 0.0000, CStr: 0.476, Ctx: 2, Train: 99.95%, Valid: 97.39%, Test In: 97.21% Test OOD1: 90.93% 
Epoch: 417, Loss: 0.1385, Cls: 0.0612, Ind: 0.0001, Med: 0.0153, Spu: 0.0000, FD: 0.0619, Var: 0.0000, CStr: 0.476, Ctx: 2, Train: 99.95%, Valid: 97.36%, Test In: 97.30% Test OOD1: 90.57% 
Epoch: 418, Loss: 0.1322, Cls: 0.0586, Ind: 0.0001, Med: 0.0147, Spu: 0.0000, FD: 0.0587, Var: 0.0000, CStr: 0.476, Ctx: 2, Train: 99.94%, Valid: 97.42%, Test In: 97.32% Test OOD1: 90.64% 
Epoch: 419, Loss: 0.1272, Cls: 0.0563, Ind: 0.0001, Med: 0.0141, Spu: 0.0000, FD: 0.0567, Var: 0.0000, CStr: 0.476, Ctx: 2, Train: 99.93%, Valid: 97.33%, Test In: 97.25% Test OOD1: 91.25% 
Epoch: 420, Loss: 0.1297, Cls: 0.0574, Ind: 0.0001, Med: 0.0144, Spu: 0.0000, FD: 0.0578, Var: 0.0000, CStr: 0.476, Ctx: 2, Train: 99.95%, Valid: 97.44%, Test In: 97.30% Test OOD1: 90.68% 
Epoch: 421, Loss: 0.1357, Cls: 0.0601, Ind: 0.0001, Med: 0.0151, Spu: 0.0000, FD: 0.0605, Var: 0.0000, CStr: 0.476, Ctx: 2, Train: 99.96%, Valid: 97.44%, Test In: 97.36% Test OOD1: 90.12% 
Epoch: 422, Loss: 0.1311, Cls: 0.0579, Ind: 0.0001, Med: 0.0145, Spu: 0.0000, FD: 0.0587, Var: 0.0000, CStr: 0.476, Ctx: 2, Train: 99.95%, Valid: 97.34%, Test In: 97.29% Test OOD1: 90.26% 
Epoch: 423, Loss: 0.1357, Cls: 0.0600, Ind: 0.0001, Med: 0.0150, Spu: 0.0000, FD: 0.0606, Var: 0.0000, CStr: 0.476, Ctx: 2, Train: 99.94%, Valid: 97.32%, Test In: 97.11% Test OOD1: 91.32% 
Epoch: 424, Loss: 0.1235, Cls: 0.0544, Ind: 0.0001, Med: 0.0136, Spu: 0.0000, FD: 0.0554, Var: 0.0000, CStr: 0.476, Ctx: 2, Train: 99.95%, Valid: 97.60%, Test In: 97.27% Test OOD1: 90.27% 
Epoch: 425, Loss: 0.1316, Cls: 0.0582, Ind: 0.0001, Med: 0.0146, Spu: 0.0000, FD: 0.0588, Var: 0.0000, CStr: 0.476, Ctx: 2, Train: 99.96%, Valid: 97.61%, Test In: 97.36% Test OOD1: 90.48% 
Epoch: 426, Loss: 0.1297, Cls: 0.0573, Ind: 0.0001, Med: 0.0144, Spu: 0.0000, FD: 0.0579, Var: 0.0000, CStr: 0.476, Ctx: 2, Train: 99.92%, Valid: 97.16%, Test In: 97.21% Test OOD1: 91.82% 
Epoch: 427, Loss: 0.1315, Cls: 0.0582, Ind: 0.0001, Med: 0.0146, Spu: 0.0000, FD: 0.0587, Var: 0.0000, CStr: 0.476, Ctx: 2, Train: 99.96%, Valid: 97.50%, Test In: 97.41% Test OOD1: 89.88% 
Epoch: 428, Loss: 0.1331, Cls: 0.0588, Ind: 0.0001, Med: 0.0147, Spu: 0.0000, FD: 0.0595, Var: 0.0000, CStr: 0.476, Ctx: 2, Train: 99.96%, Valid: 97.50%, Test In: 97.35% Test OOD1: 90.61% 
Epoch: 429, Loss: 0.1332, Cls: 0.0589, Ind: 0.0001, Med: 0.0147, Spu: 0.0000, FD: 0.0595, Var: 0.0000, CStr: 0.476, Ctx: 2, Train: 99.93%, Valid: 97.09%, Test In: 97.11% Test OOD1: 91.75% 
Epoch: 430, Loss: 0.1221, Cls: 0.0540, Ind: 0.0001, Med: 0.0136, Spu: 0.0000, FD: 0.0544, Var: 0.0000, CStr: 0.476, Ctx: 2, Train: 99.97%, Valid: 97.49%, Test In: 97.28% Test OOD1: 90.11% 
Epoch: 431, Loss: 0.1337, Cls: 0.0589, Ind: 0.0001, Med: 0.0147, Spu: 0.0000, FD: 0.0600, Var: 0.0000, CStr: 0.476, Ctx: 2, Train: 99.95%, Valid: 97.45%, Test In: 97.28% Test OOD1: 90.66% 
Epoch: 432, Loss: 0.1302, Cls: 0.0576, Ind: 0.0001, Med: 0.0145, Spu: 0.0000, FD: 0.0580, Var: 0.0000, CStr: 0.476, Ctx: 2, Train: 99.96%, Valid: 97.49%, Test In: 97.32% Test OOD1: 90.20% 
Epoch: 433, Loss: 0.1211, Cls: 0.0534, Ind: 0.0001, Med: 0.0134, Spu: 0.0000, FD: 0.0542, Var: 0.0000, CStr: 0.476, Ctx: 2, Train: 99.93%, Valid: 97.39%, Test In: 97.17% Test OOD1: 91.49% 
Epoch: 434, Loss: 0.1300, Cls: 0.0575, Ind: 0.0001, Med: 0.0144, Spu: 0.0000, FD: 0.0580, Var: 0.0000, CStr: 0.476, Ctx: 2, Train: 99.92%, Valid: 97.44%, Test In: 97.17% Test OOD1: 91.49% 
Epoch: 435, Loss: 0.1280, Cls: 0.0565, Ind: 0.0001, Med: 0.0142, Spu: 0.0000, FD: 0.0572, Var: 0.0000, CStr: 0.476, Ctx: 2, Train: 99.96%, Valid: 97.55%, Test In: 97.30% Test OOD1: 89.88% 
Epoch: 436, Loss: 0.1263, Cls: 0.0558, Ind: 0.0001, Med: 0.0140, Spu: 0.0000, FD: 0.0564, Var: 0.0000, CStr: 0.476, Ctx: 2, Train: 99.96%, Valid: 97.44%, Test In: 97.27% Test OOD1: 91.13% 
Epoch: 437, Loss: 0.1231, Cls: 0.0544, Ind: 0.0001, Med: 0.0136, Spu: 0.0000, FD: 0.0550, Var: 0.0000, CStr: 0.477, Ctx: 2, Train: 99.97%, Valid: 97.46%, Test In: 97.31% Test OOD1: 91.41% 
Epoch: 438, Loss: 0.1284, Cls: 0.0568, Ind: 0.0001, Med: 0.0142, Spu: 0.0000, FD: 0.0573, Var: 0.0000, CStr: 0.477, Ctx: 2, Train: 99.96%, Valid: 97.50%, Test In: 97.42% Test OOD1: 89.29% 
Epoch: 439, Loss: 0.1311, Cls: 0.0579, Ind: 0.0001, Med: 0.0145, Spu: 0.0000, FD: 0.0587, Var: 0.0000, CStr: 0.477, Ctx: 2, Train: 99.94%, Valid: 97.31%, Test In: 97.30% Test OOD1: 92.24% 
Epoch: 440, Loss: 0.1276, Cls: 0.0564, Ind: 0.0001, Med: 0.0141, Spu: 0.0000, FD: 0.0570, Var: 0.0000, CStr: 0.477, Ctx: 2, Train: 99.95%, Valid: 97.55%, Test In: 97.38% Test OOD1: 91.60% 
Epoch: 441, Loss: 0.1275, Cls: 0.0563, Ind: 0.0001, Med: 0.0141, Spu: 0.0000, FD: 0.0570, Var: 0.0000, CStr: 0.477, Ctx: 2, Train: 99.97%, Valid: 97.53%, Test In: 97.42% Test OOD1: 89.85% 
Epoch: 442, Loss: 0.1216, Cls: 0.0537, Ind: 0.0001, Med: 0.0135, Spu: 0.0000, FD: 0.0543, Var: 0.0000, CStr: 0.477, Ctx: 2, Train: 99.97%, Valid: 97.42%, Test In: 97.31% Test OOD1: 91.25% 
Epoch: 443, Loss: 0.1227, Cls: 0.0543, Ind: 0.0001, Med: 0.0136, Spu: 0.0000, FD: 0.0546, Var: 0.0000, CStr: 0.477, Ctx: 2, Train: 99.95%, Valid: 97.25%, Test In: 97.24% Test OOD1: 91.87% 
Epoch: 444, Loss: 0.1224, Cls: 0.0540, Ind: 0.0001, Med: 0.0135, Spu: 0.0000, FD: 0.0548, Var: 0.0000, CStr: 0.477, Ctx: 2, Train: 99.97%, Valid: 97.47%, Test In: 97.37% Test OOD1: 88.93% 
Epoch: 445, Loss: 0.1295, Cls: 0.0572, Ind: 0.0001, Med: 0.0143, Spu: 0.0000, FD: 0.0579, Var: 0.0000, CStr: 0.477, Ctx: 2, Train: 99.96%, Valid: 97.34%, Test In: 97.36% Test OOD1: 90.71% 
Epoch: 446, Loss: 0.1216, Cls: 0.0537, Ind: 0.0001, Med: 0.0134, Spu: 0.0000, FD: 0.0544, Var: 0.0000, CStr: 0.477, Ctx: 2, Train: 99.92%, Valid: 97.22%, Test In: 97.21% Test OOD1: 91.31% 
Epoch: 447, Loss: 0.1290, Cls: 0.0570, Ind: 0.0001, Med: 0.0143, Spu: 0.0000, FD: 0.0576, Var: 0.0000, CStr: 0.477, Ctx: 2, Train: 99.96%, Valid: 97.50%, Test In: 97.40% Test OOD1: 88.43% 
Epoch: 448, Loss: 0.1261, Cls: 0.0557, Ind: 0.0001, Med: 0.0139, Spu: 0.0000, FD: 0.0564, Var: 0.0000, CStr: 0.477, Ctx: 2, Train: 99.94%, Valid: 97.43%, Test In: 97.34% Test OOD1: 91.26% 
Epoch: 449, Loss: 0.1210, Cls: 0.0535, Ind: 0.0001, Med: 0.0134, Spu: 0.0000, FD: 0.0540, Var: 0.0000, CStr: 0.477, Ctx: 2, Train: 99.96%, Valid: 97.48%, Test In: 97.28% Test OOD1: 91.06% 
Epoch: 450, Loss: 0.1194, Cls: 0.0527, Ind: 0.0001, Med: 0.0132, Spu: 0.0000, FD: 0.0535, Var: 0.0000, CStr: 0.478, Ctx: 2, Train: 99.96%, Valid: 97.55%, Test In: 97.48% Test OOD1: 89.20% 
Epoch: 451, Loss: 0.1222, Cls: 0.0541, Ind: 0.0001, Med: 0.0136, Spu: 0.0000, FD: 0.0544, Var: 0.0000, CStr: 0.478, Ctx: 2, Train: 99.97%, Valid: 97.50%, Test In: 97.42% Test OOD1: 90.53% 
Epoch: 452, Loss: 0.1309, Cls: 0.0578, Ind: 0.0001, Med: 0.0144, Spu: 0.0000, FD: 0.0586, Var: 0.0000, CStr: 0.478, Ctx: 2, Train: 99.95%, Valid: 97.37%, Test In: 97.48% Test OOD1: 90.07% 
Epoch: 453, Loss: 0.1182, Cls: 0.0522, Ind: 0.0001, Med: 0.0131, Spu: 0.0000, FD: 0.0528, Var: 0.0000, CStr: 0.478, Ctx: 2, Train: 99.97%, Valid: 97.45%, Test In: 97.41% Test OOD1: 89.95% 
Epoch: 454, Loss: 0.1223, Cls: 0.0540, Ind: 0.0001, Med: 0.0135, Spu: 0.0000, FD: 0.0547, Var: 0.0000, CStr: 0.478, Ctx: 2, Train: 99.96%, Valid: 97.46%, Test In: 97.47% Test OOD1: 89.28% 
Epoch: 455, Loss: 0.1221, Cls: 0.0541, Ind: 0.0001, Med: 0.0136, Spu: 0.0000, FD: 0.0544, Var: 0.0000, CStr: 0.478, Ctx: 2, Train: 99.94%, Valid: 97.30%, Test In: 97.25% Test OOD1: 91.54% 
Epoch: 456, Loss: 0.1253, Cls: 0.0554, Ind: 0.0001, Med: 0.0139, Spu: 0.0000, FD: 0.0559, Var: 0.0000, CStr: 0.478, Ctx: 2, Train: 99.95%, Valid: 97.39%, Test In: 97.36% Test OOD1: 91.27% 
Epoch: 457, Loss: 0.1234, Cls: 0.0545, Ind: 0.0001, Med: 0.0137, Spu: 0.0000, FD: 0.0551, Var: 0.0000, CStr: 0.478, Ctx: 2, Train: 99.97%, Valid: 97.63%, Test In: 97.51% Test OOD1: 89.54% 
Epoch: 458, Loss: 0.1239, Cls: 0.0547, Ind: 0.0001, Med: 0.0137, Spu: 0.0000, FD: 0.0554, Var: 0.0000, CStr: 0.478, Ctx: 2, Train: 99.97%, Valid: 97.48%, Test In: 97.42% Test OOD1: 90.99% 
Epoch: 459, Loss: 0.1219, Cls: 0.0539, Ind: 0.0001, Med: 0.0135, Spu: 0.0000, FD: 0.0544, Var: 0.0000, CStr: 0.478, Ctx: 2, Train: 99.94%, Valid: 97.31%, Test In: 97.26% Test OOD1: 91.36% 
Epoch: 460, Loss: 0.1239, Cls: 0.0547, Ind: 0.0001, Med: 0.0137, Spu: 0.0000, FD: 0.0554, Var: 0.0000, CStr: 0.478, Ctx: 2, Train: 99.97%, Valid: 97.57%, Test In: 97.52% Test OOD1: 88.86% 
Epoch: 461, Loss: 0.1342, Cls: 0.0593, Ind: 0.0001, Med: 0.0148, Spu: 0.0000, FD: 0.0600, Var: 0.0000, CStr: 0.478, Ctx: 2, Train: 99.94%, Valid: 97.34%, Test In: 97.28% Test OOD1: 91.95% 
Epoch: 462, Loss: 0.1267, Cls: 0.0560, Ind: 0.0001, Med: 0.0140, Spu: 0.0000, FD: 0.0565, Var: 0.0000, CStr: 0.478, Ctx: 2, Train: 99.97%, Valid: 97.42%, Test In: 97.35% Test OOD1: 91.25% 
Epoch: 463, Loss: 0.1174, Cls: 0.0518, Ind: 0.0001, Med: 0.0130, Spu: 0.0000, FD: 0.0524, Var: 0.0000, CStr: 0.478, Ctx: 2, Train: 99.98%, Valid: 97.55%, Test In: 97.53% Test OOD1: 90.26% 
Epoch: 464, Loss: 0.1187, Cls: 0.0525, Ind: 0.0001, Med: 0.0132, Spu: 0.0000, FD: 0.0530, Var: 0.0000, CStr: 0.478, Ctx: 2, Train: 99.97%, Valid: 97.35%, Test In: 97.25% Test OOD1: 92.31% 
Epoch: 465, Loss: 0.1287, Cls: 0.0569, Ind: 0.0001, Med: 0.0143, Spu: 0.0000, FD: 0.0574, Var: 0.0000, CStr: 0.478, Ctx: 2, Train: 99.96%, Valid: 97.43%, Test In: 97.46% Test OOD1: 91.10% 
Epoch: 466, Loss: 0.1190, Cls: 0.0525, Ind: 0.0001, Med: 0.0131, Spu: 0.0000, FD: 0.0532, Var: 0.0000, CStr: 0.478, Ctx: 2, Train: 99.97%, Valid: 97.48%, Test In: 97.46% Test OOD1: 90.53% 
Epoch: 467, Loss: 0.1165, Cls: 0.0515, Ind: 0.0001, Med: 0.0129, Spu: 0.0000, FD: 0.0519, Var: 0.0000, CStr: 0.478, Ctx: 2, Train: 99.96%, Valid: 97.44%, Test In: 97.35% Test OOD1: 91.37% 
Epoch: 468, Loss: 0.1287, Cls: 0.0570, Ind: 0.0001, Med: 0.0143, Spu: 0.0000, FD: 0.0573, Var: 0.0000, CStr: 0.478, Ctx: 2, Train: 99.97%, Valid: 97.48%, Test In: 97.44% Test OOD1: 89.28% 
Epoch: 469, Loss: 0.1169, Cls: 0.0515, Ind: 0.0001, Med: 0.0129, Spu: 0.0000, FD: 0.0523, Var: 0.0000, CStr: 0.478, Ctx: 2, Train: 99.97%, Valid: 97.43%, Test In: 97.42% Test OOD1: 90.08% 
Epoch: 470, Loss: 0.1268, Cls: 0.0559, Ind: 0.0001, Med: 0.0139, Spu: 0.0000, FD: 0.0569, Var: 0.0000, CStr: 0.478, Ctx: 2, Train: 99.93%, Valid: 97.26%, Test In: 97.18% Test OOD1: 91.55% 
Epoch: 471, Loss: 0.1374, Cls: 0.0606, Ind: 0.0001, Med: 0.0151, Spu: 0.0000, FD: 0.0615, Var: 0.0000, CStr: 0.478, Ctx: 2, Train: 99.98%, Valid: 97.46%, Test In: 97.49% Test OOD1: 88.61% 
Epoch: 472, Loss: 0.1202, Cls: 0.0531, Ind: 0.0001, Med: 0.0133, Spu: 0.0000, FD: 0.0538, Var: 0.0000, CStr: 0.478, Ctx: 2, Train: 99.97%, Valid: 97.36%, Test In: 97.38% Test OOD1: 89.98% 
Epoch: 473, Loss: 0.1245, Cls: 0.0550, Ind: 0.0001, Med: 0.0138, Spu: 0.0000, FD: 0.0557, Var: 0.0000, CStr: 0.478, Ctx: 2, Train: 99.93%, Valid: 97.07%, Test In: 97.07% Test OOD1: 92.39% 
Epoch: 474, Loss: 0.1242, Cls: 0.0550, Ind: 0.0001, Med: 0.0138, Spu: 0.0000, FD: 0.0554, Var: 0.0000, CStr: 0.478, Ctx: 2, Train: 99.97%, Valid: 97.52%, Test In: 97.53% Test OOD1: 88.88% 
Epoch: 475, Loss: 0.1233, Cls: 0.0545, Ind: 0.0001, Med: 0.0137, Spu: 0.0000, FD: 0.0551, Var: 0.0000, CStr: 0.478, Ctx: 2, Train: 99.97%, Valid: 97.41%, Test In: 97.36% Test OOD1: 90.03% 
Epoch: 476, Loss: 0.1207, Cls: 0.0533, Ind: 0.0001, Med: 0.0133, Spu: 0.0000, FD: 0.0540, Var: 0.0000, CStr: 0.478, Ctx: 2, Train: 99.94%, Valid: 97.18%, Test In: 97.12% Test OOD1: 92.58% 
Epoch: 477, Loss: 0.1275, Cls: 0.0563, Ind: 0.0001, Med: 0.0141, Spu: 0.0000, FD: 0.0570, Var: 0.0000, CStr: 0.478, Ctx: 2, Train: 99.98%, Valid: 97.63%, Test In: 97.40% Test OOD1: 89.10% 
Epoch: 478, Loss: 0.1283, Cls: 0.0567, Ind: 0.0001, Med: 0.0142, Spu: 0.0000, FD: 0.0573, Var: 0.0000, CStr: 0.478, Ctx: 2, Train: 99.97%, Valid: 97.54%, Test In: 97.49% Test OOD1: 89.93% 
Epoch: 479, Loss: 0.1239, Cls: 0.0547, Ind: 0.0001, Med: 0.0137, Spu: 0.0000, FD: 0.0554, Var: 0.0000, CStr: 0.479, Ctx: 2, Train: 99.95%, Valid: 97.17%, Test In: 97.12% Test OOD1: 92.23% 
Epoch: 480, Loss: 0.1224, Cls: 0.0543, Ind: 0.0001, Med: 0.0136, Spu: 0.0000, FD: 0.0544, Var: 0.0000, CStr: 0.479, Ctx: 2, Train: 99.98%, Valid: 97.54%, Test In: 97.54% Test OOD1: 90.12% 
Epoch: 481, Loss: 0.1206, Cls: 0.0531, Ind: 0.0001, Med: 0.0133, Spu: 0.0000, FD: 0.0541, Var: 0.0000, CStr: 0.479, Ctx: 2, Train: 99.97%, Valid: 97.47%, Test In: 97.53% Test OOD1: 89.23% 
Epoch: 482, Loss: 0.1254, Cls: 0.0553, Ind: 0.0001, Med: 0.0138, Spu: 0.0000, FD: 0.0561, Var: 0.0000, CStr: 0.479, Ctx: 2, Train: 99.97%, Valid: 97.25%, Test In: 97.32% Test OOD1: 91.81% 
Epoch: 483, Loss: 0.1177, Cls: 0.0519, Ind: 0.0001, Med: 0.0129, Spu: 0.0000, FD: 0.0528, Var: 0.0000, CStr: 0.479, Ctx: 2, Train: 99.97%, Valid: 97.40%, Test In: 97.44% Test OOD1: 90.80% 
Epoch: 484, Loss: 0.1136, Cls: 0.0502, Ind: 0.0001, Med: 0.0126, Spu: 0.0000, FD: 0.0506, Var: 0.0000, CStr: 0.479, Ctx: 2, Train: 99.97%, Valid: 97.49%, Test In: 97.61% Test OOD1: 89.68% 
Epoch: 485, Loss: 0.1346, Cls: 0.0595, Ind: 0.0001, Med: 0.0149, Spu: 0.0000, FD: 0.0602, Var: 0.0000, CStr: 0.479, Ctx: 2, Train: 99.97%, Valid: 97.40%, Test In: 97.25% Test OOD1: 92.45% 
Epoch: 486, Loss: 0.1219, Cls: 0.0538, Ind: 0.0001, Med: 0.0135, Spu: 0.0000, FD: 0.0546, Var: 0.0000, CStr: 0.479, Ctx: 2, Train: 99.97%, Valid: 97.44%, Test In: 97.35% Test OOD1: 91.85% 
Epoch: 487, Loss: 0.1219, Cls: 0.0538, Ind: 0.0001, Med: 0.0135, Spu: 0.0000, FD: 0.0545, Var: 0.0000, CStr: 0.479, Ctx: 2, Train: 99.98%, Valid: 97.55%, Test In: 97.52% Test OOD1: 90.09% 
Epoch: 488, Loss: 0.1266, Cls: 0.0559, Ind: 0.0001, Med: 0.0140, Spu: 0.0000, FD: 0.0566, Var: 0.0000, CStr: 0.479, Ctx: 2, Train: 99.97%, Valid: 97.52%, Test In: 97.34% Test OOD1: 91.88% 
Epoch: 489, Loss: 0.1265, Cls: 0.0560, Ind: 0.0001, Med: 0.0140, Spu: 0.0000, FD: 0.0564, Var: 0.0000, CStr: 0.480, Ctx: 2, Train: 99.95%, Valid: 97.32%, Test In: 97.19% Test OOD1: 92.85% 
Epoch: 490, Loss: 0.1214, Cls: 0.0536, Ind: 0.0001, Med: 0.0134, Spu: 0.0000, FD: 0.0543, Var: 0.0000, CStr: 0.480, Ctx: 2, Train: 99.97%, Valid: 97.49%, Test In: 97.52% Test OOD1: 89.79% 
Epoch: 491, Loss: 0.1215, Cls: 0.0538, Ind: 0.0001, Med: 0.0135, Spu: 0.0000, FD: 0.0541, Var: 0.0000, CStr: 0.480, Ctx: 2, Train: 99.98%, Valid: 97.55%, Test In: 97.48% Test OOD1: 91.14% 
Epoch: 492, Loss: 0.1204, Cls: 0.0533, Ind: 0.0001, Med: 0.0134, Spu: 0.0000, FD: 0.0536, Var: 0.0000, CStr: 0.480, Ctx: 2, Train: 99.97%, Valid: 97.30%, Test In: 97.21% Test OOD1: 92.95% 
Epoch: 493, Loss: 0.1250, Cls: 0.0552, Ind: 0.0001, Med: 0.0138, Spu: 0.0000, FD: 0.0559, Var: 0.0000, CStr: 0.480, Ctx: 2, Train: 99.98%, Valid: 97.47%, Test In: 97.38% Test OOD1: 90.11% 
Epoch: 494, Loss: 0.1192, Cls: 0.0527, Ind: 0.0001, Med: 0.0132, Spu: 0.0000, FD: 0.0532, Var: 0.0000, CStr: 0.480, Ctx: 2, Train: 99.98%, Valid: 97.57%, Test In: 97.46% Test OOD1: 90.22% 
Epoch: 495, Loss: 0.1219, Cls: 0.0540, Ind: 0.0001, Med: 0.0136, Spu: 0.0000, FD: 0.0542, Var: 0.0000, CStr: 0.480, Ctx: 2, Train: 99.97%, Valid: 97.43%, Test In: 97.38% Test OOD1: 91.87% 
Epoch: 496, Loss: 0.1298, Cls: 0.0573, Ind: 0.0001, Med: 0.0143, Spu: 0.0000, FD: 0.0580, Var: 0.0000, CStr: 0.480, Ctx: 2, Train: 99.95%, Valid: 97.27%, Test In: 97.35% Test OOD1: 89.99% 
Epoch: 497, Loss: 0.1298, Cls: 0.0573, Ind: 0.0001, Med: 0.0143, Spu: 0.0000, FD: 0.0581, Var: 0.0000, CStr: 0.480, Ctx: 2, Train: 99.98%, Valid: 97.50%, Test In: 97.46% Test OOD1: 89.66% 
Epoch: 498, Loss: 0.1202, Cls: 0.0531, Ind: 0.0001, Med: 0.0133, Spu: 0.0000, FD: 0.0536, Var: 0.0000, CStr: 0.480, Ctx: 2, Train: 99.98%, Valid: 97.41%, Test In: 97.39% Test OOD1: 90.85% 
Epoch: 499, Loss: 0.1182, Cls: 0.0523, Ind: 0.0001, Med: 0.0131, Spu: 0.0000, FD: 0.0528, Var: 0.0000, CStr: 0.480, Ctx: 2, Train: 99.96%, Valid: 97.42%, Test In: 97.31% Test OOD1: 90.04% 
Run 01:
Highest Train: 99.98
Highest Valid: 97.63
Highest In Test: 97.61
Highest OOD Test: 92.95
Chosen epoch: 458
Final Train: 99.97
Final In Test: 97.51
Final OOD Test: 89.54
Epoch: 00, Loss: 2.6505, Cls: 1.1318, Ind: 0.0174, Med: 0.2947, Spu: 0.0151, FD: 1.1914, Var: 0.0001, CStr: 0.501, Ctx: 2, Train: 43.57%, Valid: 43.65%, Test In: 43.62% Test OOD1: 61.41% 
Epoch: 01, Loss: 2.5602, Cls: 1.0520, Ind: 0.0154, Med: 0.2676, Spu: 0.0053, FD: 1.2199, Var: 0.0001, CStr: 0.502, Ctx: 2, Train: 71.05%, Valid: 70.62%, Test In: 71.05% Test OOD1: 52.26% 
Epoch: 02, Loss: 2.2640, Cls: 0.9885, Ind: 0.0156, Med: 0.2651, Spu: 0.0106, FD: 0.9841, Var: 0.0001, CStr: 0.502, Ctx: 2, Train: 71.51%, Valid: 71.04%, Test In: 71.48% Test OOD1: 52.96% 
Epoch: 03, Loss: 2.0253, Cls: 0.8903, Ind: 0.0198, Med: 0.2379, Spu: 0.0073, FD: 0.8698, Var: 0.0001, CStr: 0.504, Ctx: 2, Train: 73.17%, Valid: 73.12%, Test In: 73.53% Test OOD1: 57.03% 
Epoch: 04, Loss: 1.8014, Cls: 0.7711, Ind: 0.0290, Med: 0.2066, Spu: 0.0038, FD: 0.7908, Var: 0.0001, CStr: 0.505, Ctx: 2, Train: 79.50%, Valid: 79.23%, Test In: 79.78% Test OOD1: 62.14% 
Epoch: 05, Loss: 1.5646, Cls: 0.6635, Ind: 0.0428, Med: 0.1808, Spu: 0.0035, FD: 0.6740, Var: 0.0001, CStr: 0.506, Ctx: 2, Train: 83.86%, Valid: 83.91%, Test In: 83.97% Test OOD1: 62.81% 
Epoch: 06, Loss: 1.3438, Cls: 0.5683, Ind: 0.0542, Med: 0.1555, Spu: 0.0046, FD: 0.5610, Var: 0.0001, CStr: 0.506, Ctx: 2, Train: 86.94%, Valid: 86.85%, Test In: 86.76% Test OOD1: 61.86% 
Epoch: 07, Loss: 1.1760, Cls: 0.4937, Ind: 0.0579, Med: 0.1334, Spu: 0.0049, FD: 0.4861, Var: 0.0001, CStr: 0.505, Ctx: 2, Train: 88.19%, Valid: 87.98%, Test In: 88.23% Test OOD1: 62.41% 
Epoch: 08, Loss: 1.0614, Cls: 0.4438, Ind: 0.0570, Med: 0.1192, Spu: 0.0042, FD: 0.4372, Var: 0.0001, CStr: 0.505, Ctx: 2, Train: 88.73%, Valid: 88.66%, Test In: 88.76% Test OOD1: 64.18% 
Epoch: 09, Loss: 0.9846, Cls: 0.4121, Ind: 0.0535, Med: 0.1110, Spu: 0.0033, FD: 0.4045, Var: 0.0001, CStr: 0.504, Ctx: 2, Train: 89.08%, Valid: 88.86%, Test In: 89.17% Test OOD1: 65.22% 
Epoch: 10, Loss: 0.9263, Cls: 0.3829, Ind: 0.0507, Med: 0.1020, Spu: 0.0027, FD: 0.3879, Var: 0.0000, CStr: 0.503, Ctx: 2, Train: 89.34%, Valid: 89.12%, Test In: 89.48% Test OOD1: 66.06% 
Epoch: 11, Loss: 0.8925, Cls: 0.3655, Ind: 0.0485, Med: 0.0959, Spu: 0.0026, FD: 0.3799, Var: 0.0000, CStr: 0.501, Ctx: 2, Train: 89.67%, Valid: 89.50%, Test In: 89.79% Test OOD1: 67.56% 
Epoch: 12, Loss: 0.8595, Cls: 0.3522, Ind: 0.0440, Med: 0.0917, Spu: 0.0028, FD: 0.3688, Var: 0.0000, CStr: 0.499, Ctx: 2, Train: 89.89%, Valid: 89.68%, Test In: 90.05% Test OOD1: 67.72% 
Epoch: 13, Loss: 0.8444, Cls: 0.3501, Ind: 0.0398, Med: 0.0910, Spu: 0.0029, FD: 0.3606, Var: 0.0000, CStr: 0.496, Ctx: 2, Train: 90.10%, Valid: 89.85%, Test In: 90.16% Test OOD1: 67.58% 
Epoch: 14, Loss: 0.8250, Cls: 0.3456, Ind: 0.0337, Med: 0.0896, Spu: 0.0028, FD: 0.3533, Var: 0.0000, CStr: 0.494, Ctx: 2, Train: 90.23%, Valid: 89.94%, Test In: 90.21% Test OOD1: 68.25% 
Epoch: 15, Loss: 0.8104, Cls: 0.3412, Ind: 0.0286, Med: 0.0880, Spu: 0.0023, FD: 0.3503, Var: 0.0000, CStr: 0.491, Ctx: 2, Train: 90.38%, Valid: 90.07%, Test In: 90.40% Test OOD1: 69.10% 
Epoch: 16, Loss: 0.7928, Cls: 0.3363, Ind: 0.0236, Med: 0.0865, Spu: 0.0019, FD: 0.3445, Var: 0.0000, CStr: 0.489, Ctx: 2, Train: 90.50%, Valid: 90.11%, Test In: 90.55% Test OOD1: 69.63% 
Epoch: 17, Loss: 0.7690, Cls: 0.3269, Ind: 0.0198, Med: 0.0838, Spu: 0.0018, FD: 0.3367, Var: 0.0000, CStr: 0.488, Ctx: 2, Train: 90.65%, Valid: 90.31%, Test In: 90.53% Test OOD1: 69.72% 
Epoch: 18, Loss: 0.7523, Cls: 0.3199, Ind: 0.0169, Med: 0.0816, Spu: 0.0018, FD: 0.3320, Var: 0.0000, CStr: 0.487, Ctx: 2, Train: 90.68%, Valid: 90.34%, Test In: 90.62% Test OOD1: 69.25% 
Epoch: 19, Loss: 0.7367, Cls: 0.3152, Ind: 0.0149, Med: 0.0805, Spu: 0.0019, FD: 0.3242, Var: 0.0000, CStr: 0.486, Ctx: 2, Train: 90.66%, Valid: 90.44%, Test In: 90.70% Test OOD1: 69.39% 
Epoch: 20, Loss: 0.7250, Cls: 0.3134, Ind: 0.0128, Med: 0.0802, Spu: 0.0018, FD: 0.3167, Var: 0.0000, CStr: 0.484, Ctx: 2, Train: 90.89%, Valid: 90.50%, Test In: 90.89% Test OOD1: 70.53% 
Epoch: 21, Loss: 0.7140, Cls: 0.3081, Ind: 0.0108, Med: 0.0782, Spu: 0.0016, FD: 0.3153, Var: 0.0000, CStr: 0.482, Ctx: 2, Train: 91.02%, Valid: 90.59%, Test In: 91.06% Test OOD1: 70.91% 
Epoch: 22, Loss: 0.7021, Cls: 0.3040, Ind: 0.0092, Med: 0.0770, Spu: 0.0013, FD: 0.3106, Var: 0.0000, CStr: 0.481, Ctx: 2, Train: 91.12%, Valid: 90.67%, Test In: 91.05% Test OOD1: 70.19% 
Epoch: 23, Loss: 0.6902, Cls: 0.2998, Ind: 0.0077, Med: 0.0758, Spu: 0.0013, FD: 0.3057, Var: 0.0000, CStr: 0.479, Ctx: 2, Train: 91.21%, Valid: 90.84%, Test In: 91.20% Test OOD1: 69.77% 
Epoch: 24, Loss: 0.6836, Cls: 0.2975, Ind: 0.0066, Med: 0.0753, Spu: 0.0013, FD: 0.3029, Var: 0.0000, CStr: 0.476, Ctx: 2, Train: 91.34%, Valid: 90.86%, Test In: 91.30% Test OOD1: 70.32% 
Epoch: 25, Loss: 0.6676, Cls: 0.2902, Ind: 0.0061, Med: 0.0734, Spu: 0.0013, FD: 0.2965, Var: 0.0000, CStr: 0.474, Ctx: 2, Train: 91.43%, Valid: 90.95%, Test In: 91.42% Test OOD1: 70.67% 
Epoch: 26, Loss: 0.6675, Cls: 0.2909, Ind: 0.0057, Med: 0.0737, Spu: 0.0012, FD: 0.2960, Var: 0.0000, CStr: 0.473, Ctx: 2, Train: 91.50%, Valid: 91.05%, Test In: 91.47% Test OOD1: 70.24% 
Epoch: 27, Loss: 0.6685, Cls: 0.2910, Ind: 0.0055, Med: 0.0736, Spu: 0.0011, FD: 0.2973, Var: 0.0000, CStr: 0.471, Ctx: 2, Train: 91.62%, Valid: 91.18%, Test In: 91.57% Test OOD1: 69.85% 
Epoch: 28, Loss: 0.6519, Cls: 0.2831, Ind: 0.0054, Med: 0.0714, Spu: 0.0010, FD: 0.2910, Var: 0.0000, CStr: 0.470, Ctx: 2, Train: 91.67%, Valid: 91.20%, Test In: 91.53% Test OOD1: 70.31% 
Epoch: 29, Loss: 0.6452, Cls: 0.2810, Ind: 0.0054, Med: 0.0711, Spu: 0.0010, FD: 0.2866, Var: 0.0000, CStr: 0.469, Ctx: 2, Train: 91.75%, Valid: 91.30%, Test In: 91.60% Test OOD1: 71.08% 
Epoch: 30, Loss: 0.6433, Cls: 0.2815, Ind: 0.0051, Med: 0.0714, Spu: 0.0010, FD: 0.2842, Var: 0.0000, CStr: 0.467, Ctx: 2, Train: 91.84%, Valid: 91.39%, Test In: 91.68% Test OOD1: 71.60% 
Epoch: 31, Loss: 0.6287, Cls: 0.2756, Ind: 0.0047, Med: 0.0700, Spu: 0.0010, FD: 0.2774, Var: 0.0000, CStr: 0.466, Ctx: 2, Train: 91.96%, Valid: 91.35%, Test In: 91.77% Test OOD1: 71.30% 
Epoch: 32, Loss: 0.6274, Cls: 0.2745, Ind: 0.0043, Med: 0.0694, Spu: 0.0009, FD: 0.2782, Var: 0.0000, CStr: 0.464, Ctx: 2, Train: 92.03%, Valid: 91.36%, Test In: 91.81% Test OOD1: 70.66% 
Epoch: 33, Loss: 0.6219, Cls: 0.2728, Ind: 0.0037, Med: 0.0690, Spu: 0.0008, FD: 0.2755, Var: 0.0000, CStr: 0.462, Ctx: 2, Train: 92.12%, Valid: 91.42%, Test In: 91.86% Test OOD1: 70.68% 
Epoch: 34, Loss: 0.6130, Cls: 0.2696, Ind: 0.0033, Med: 0.0683, Spu: 0.0008, FD: 0.2709, Var: 0.0000, CStr: 0.461, Ctx: 2, Train: 92.26%, Valid: 91.54%, Test In: 91.92% Test OOD1: 71.59% 
Epoch: 35, Loss: 0.6082, Cls: 0.2670, Ind: 0.0028, Med: 0.0674, Spu: 0.0008, FD: 0.2701, Var: 0.0000, CStr: 0.459, Ctx: 2, Train: 92.42%, Valid: 91.65%, Test In: 92.03% Test OOD1: 71.53% 
Epoch: 36, Loss: 0.5998, Cls: 0.2631, Ind: 0.0024, Med: 0.0662, Spu: 0.0008, FD: 0.2673, Var: 0.0000, CStr: 0.458, Ctx: 2, Train: 92.51%, Valid: 91.66%, Test In: 92.15% Test OOD1: 71.02% 
Epoch: 37, Loss: 0.5921, Cls: 0.2601, Ind: 0.0021, Med: 0.0655, Spu: 0.0008, FD: 0.2636, Var: 0.0000, CStr: 0.457, Ctx: 2, Train: 92.54%, Valid: 91.74%, Test In: 92.17% Test OOD1: 71.04% 
Epoch: 38, Loss: 0.5875, Cls: 0.2584, Ind: 0.0019, Med: 0.0652, Spu: 0.0007, FD: 0.2613, Var: 0.0000, CStr: 0.456, Ctx: 2, Train: 92.61%, Valid: 91.79%, Test In: 92.18% Test OOD1: 71.75% 
Epoch: 39, Loss: 0.5711, Cls: 0.2506, Ind: 0.0017, Med: 0.0631, Spu: 0.0007, FD: 0.2550, Var: 0.0000, CStr: 0.455, Ctx: 2, Train: 92.61%, Valid: 91.87%, Test In: 92.21% Test OOD1: 72.32% 
Epoch: 40, Loss: 0.5837, Cls: 0.2567, Ind: 0.0016, Med: 0.0647, Spu: 0.0006, FD: 0.2602, Var: 0.0000, CStr: 0.454, Ctx: 2, Train: 92.65%, Valid: 91.91%, Test In: 92.23% Test OOD1: 72.46% 
Epoch: 41, Loss: 0.5730, Cls: 0.2523, Ind: 0.0015, Med: 0.0637, Spu: 0.0006, FD: 0.2549, Var: 0.0000, CStr: 0.453, Ctx: 2, Train: 92.72%, Valid: 91.89%, Test In: 92.26% Test OOD1: 72.69% 
Epoch: 42, Loss: 0.5620, Cls: 0.2469, Ind: 0.0015, Med: 0.0622, Spu: 0.0006, FD: 0.2507, Var: 0.0000, CStr: 0.452, Ctx: 2, Train: 92.86%, Valid: 91.91%, Test In: 92.32% Test OOD1: 73.39% 
Epoch: 43, Loss: 0.5600, Cls: 0.2462, Ind: 0.0014, Med: 0.0620, Spu: 0.0006, FD: 0.2499, Var: 0.0000, CStr: 0.452, Ctx: 2, Train: 92.92%, Valid: 92.10%, Test In: 92.41% Test OOD1: 73.71% 
Epoch: 44, Loss: 0.5560, Cls: 0.2444, Ind: 0.0014, Med: 0.0615, Spu: 0.0005, FD: 0.2482, Var: 0.0000, CStr: 0.451, Ctx: 2, Train: 92.97%, Valid: 92.08%, Test In: 92.51% Test OOD1: 73.80% 
Epoch: 45, Loss: 0.5494, Cls: 0.2419, Ind: 0.0013, Med: 0.0610, Spu: 0.0005, FD: 0.2446, Var: 0.0000, CStr: 0.450, Ctx: 2, Train: 93.07%, Valid: 92.18%, Test In: 92.53% Test OOD1: 74.34% 
Epoch: 46, Loss: 0.5459, Cls: 0.2404, Ind: 0.0012, Med: 0.0606, Spu: 0.0005, FD: 0.2431, Var: 0.0000, CStr: 0.450, Ctx: 2, Train: 93.14%, Valid: 92.18%, Test In: 92.59% Test OOD1: 74.45% 
Epoch: 47, Loss: 0.5421, Cls: 0.2386, Ind: 0.0012, Med: 0.0600, Spu: 0.0005, FD: 0.2418, Var: 0.0000, CStr: 0.449, Ctx: 2, Train: 93.22%, Valid: 92.19%, Test In: 92.60% Test OOD1: 74.86% 
Epoch: 48, Loss: 0.5392, Cls: 0.2376, Ind: 0.0011, Med: 0.0598, Spu: 0.0005, FD: 0.2401, Var: 0.0000, CStr: 0.449, Ctx: 2, Train: 93.28%, Valid: 92.21%, Test In: 92.66% Test OOD1: 75.77% 
Epoch: 49, Loss: 0.5240, Cls: 0.2307, Ind: 0.0011, Med: 0.0581, Spu: 0.0005, FD: 0.2336, Var: 0.0000, CStr: 0.449, Ctx: 2, Train: 93.32%, Valid: 92.27%, Test In: 92.66% Test OOD1: 75.66% 
Epoch: 50, Loss: 0.5233, Cls: 0.2304, Ind: 0.0011, Med: 0.0579, Spu: 0.0004, FD: 0.2335, Var: 0.0000, CStr: 0.448, Ctx: 2, Train: 93.41%, Valid: 92.29%, Test In: 92.68% Test OOD1: 76.19% 
Epoch: 51, Loss: 0.5242, Cls: 0.2312, Ind: 0.0011, Med: 0.0582, Spu: 0.0004, FD: 0.2333, Var: 0.0000, CStr: 0.448, Ctx: 2, Train: 93.47%, Valid: 92.35%, Test In: 92.76% Test OOD1: 77.00% 
Epoch: 52, Loss: 0.5156, Cls: 0.2268, Ind: 0.0010, Med: 0.0570, Spu: 0.0004, FD: 0.2303, Var: 0.0000, CStr: 0.448, Ctx: 2, Train: 93.58%, Valid: 92.45%, Test In: 92.79% Test OOD1: 77.06% 
Epoch: 53, Loss: 0.5227, Cls: 0.2305, Ind: 0.0010, Med: 0.0581, Spu: 0.0004, FD: 0.2327, Var: 0.0000, CStr: 0.448, Ctx: 2, Train: 93.67%, Valid: 92.53%, Test In: 92.81% Test OOD1: 76.84% 
Epoch: 54, Loss: 0.5145, Cls: 0.2270, Ind: 0.0009, Med: 0.0572, Spu: 0.0004, FD: 0.2289, Var: 0.0000, CStr: 0.448, Ctx: 2, Train: 93.78%, Valid: 92.53%, Test In: 92.89% Test OOD1: 78.07% 
Epoch: 55, Loss: 0.5104, Cls: 0.2250, Ind: 0.0009, Med: 0.0566, Spu: 0.0004, FD: 0.2276, Var: 0.0000, CStr: 0.447, Ctx: 2, Train: 93.87%, Valid: 92.76%, Test In: 92.99% Test OOD1: 78.24% 
Epoch: 56, Loss: 0.5067, Cls: 0.2232, Ind: 0.0009, Med: 0.0561, Spu: 0.0004, FD: 0.2262, Var: 0.0000, CStr: 0.447, Ctx: 2, Train: 93.93%, Valid: 92.85%, Test In: 92.95% Test OOD1: 78.09% 
Epoch: 57, Loss: 0.4986, Cls: 0.2195, Ind: 0.0009, Med: 0.0552, Spu: 0.0003, FD: 0.2227, Var: 0.0000, CStr: 0.447, Ctx: 2, Train: 93.91%, Valid: 92.66%, Test In: 92.95% Test OOD1: 79.42% 
Epoch: 58, Loss: 0.4915, Cls: 0.2169, Ind: 0.0009, Med: 0.0547, Spu: 0.0003, FD: 0.2186, Var: 0.0000, CStr: 0.447, Ctx: 2, Train: 94.06%, Valid: 92.90%, Test In: 93.12% Test OOD1: 79.17% 
Epoch: 59, Loss: 0.4885, Cls: 0.2151, Ind: 0.0010, Med: 0.0541, Spu: 0.0003, FD: 0.2179, Var: 0.0000, CStr: 0.446, Ctx: 2, Train: 94.09%, Valid: 92.97%, Test In: 93.14% Test OOD1: 79.35% 
Epoch: 60, Loss: 0.4953, Cls: 0.2182, Ind: 0.0009, Med: 0.0549, Spu: 0.0003, FD: 0.2210, Var: 0.0000, CStr: 0.446, Ctx: 2, Train: 94.20%, Valid: 93.04%, Test In: 93.16% Test OOD1: 79.80% 
Epoch: 61, Loss: 0.4860, Cls: 0.2143, Ind: 0.0009, Med: 0.0539, Spu: 0.0003, FD: 0.2166, Var: 0.0000, CStr: 0.446, Ctx: 2, Train: 94.24%, Valid: 93.01%, Test In: 93.12% Test OOD1: 80.55% 
Epoch: 62, Loss: 0.4793, Cls: 0.2115, Ind: 0.0009, Med: 0.0533, Spu: 0.0003, FD: 0.2133, Var: 0.0000, CStr: 0.446, Ctx: 2, Train: 94.40%, Valid: 93.09%, Test In: 93.24% Test OOD1: 80.01% 
Epoch: 63, Loss: 0.4764, Cls: 0.2099, Ind: 0.0009, Med: 0.0528, Spu: 0.0003, FD: 0.2125, Var: 0.0000, CStr: 0.445, Ctx: 2, Train: 94.44%, Valid: 93.10%, Test In: 93.27% Test OOD1: 80.24% 
Epoch: 64, Loss: 0.4708, Cls: 0.2074, Ind: 0.0009, Med: 0.0522, Spu: 0.0003, FD: 0.2099, Var: 0.0000, CStr: 0.445, Ctx: 2, Train: 94.33%, Valid: 93.03%, Test In: 93.24% Test OOD1: 81.77% 
Epoch: 65, Loss: 0.4642, Cls: 0.2046, Ind: 0.0010, Med: 0.0515, Spu: 0.0003, FD: 0.2068, Var: 0.0000, CStr: 0.445, Ctx: 2, Train: 94.50%, Valid: 93.20%, Test In: 93.35% Test OOD1: 80.59% 
Epoch: 66, Loss: 0.4628, Cls: 0.2041, Ind: 0.0010, Med: 0.0514, Spu: 0.0003, FD: 0.2061, Var: 0.0000, CStr: 0.445, Ctx: 2, Train: 94.62%, Valid: 93.24%, Test In: 93.36% Test OOD1: 81.35% 
Epoch: 67, Loss: 0.4623, Cls: 0.2039, Ind: 0.0010, Med: 0.0514, Spu: 0.0003, FD: 0.2058, Var: 0.0000, CStr: 0.444, Ctx: 2, Train: 94.61%, Valid: 93.25%, Test In: 93.41% Test OOD1: 81.95% 
Epoch: 68, Loss: 0.4558, Cls: 0.2009, Ind: 0.0009, Med: 0.0505, Spu: 0.0003, FD: 0.2032, Var: 0.0000, CStr: 0.444, Ctx: 2, Train: 94.75%, Valid: 93.36%, Test In: 93.54% Test OOD1: 80.65% 
Epoch: 69, Loss: 0.4573, Cls: 0.2012, Ind: 0.0009, Med: 0.0505, Spu: 0.0002, FD: 0.2044, Var: 0.0000, CStr: 0.444, Ctx: 2, Train: 94.77%, Valid: 93.29%, Test In: 93.56% Test OOD1: 81.34% 
Epoch: 70, Loss: 0.4475, Cls: 0.1970, Ind: 0.0010, Med: 0.0495, Spu: 0.0002, FD: 0.1997, Var: 0.0000, CStr: 0.444, Ctx: 2, Train: 94.82%, Valid: 93.29%, Test In: 93.48% Test OOD1: 81.62% 
Epoch: 71, Loss: 0.4422, Cls: 0.1948, Ind: 0.0010, Med: 0.0490, Spu: 0.0002, FD: 0.1971, Var: 0.0000, CStr: 0.444, Ctx: 2, Train: 94.97%, Valid: 93.42%, Test In: 93.57% Test OOD1: 80.53% 
Epoch: 72, Loss: 0.4488, Cls: 0.1981, Ind: 0.0009, Med: 0.0499, Spu: 0.0002, FD: 0.1997, Var: 0.0000, CStr: 0.443, Ctx: 2, Train: 94.93%, Valid: 93.36%, Test In: 93.39% Test OOD1: 81.84% 
Epoch: 73, Loss: 0.4316, Cls: 0.1905, Ind: 0.0009, Med: 0.0480, Spu: 0.0002, FD: 0.1920, Var: 0.0000, CStr: 0.443, Ctx: 2, Train: 95.02%, Valid: 93.45%, Test In: 93.52% Test OOD1: 81.80% 
Epoch: 74, Loss: 0.4375, Cls: 0.1930, Ind: 0.0009, Med: 0.0486, Spu: 0.0002, FD: 0.1948, Var: 0.0000, CStr: 0.443, Ctx: 2, Train: 95.13%, Valid: 93.57%, Test In: 93.54% Test OOD1: 80.96% 
Epoch: 75, Loss: 0.4317, Cls: 0.1901, Ind: 0.0009, Med: 0.0478, Spu: 0.0002, FD: 0.1926, Var: 0.0000, CStr: 0.443, Ctx: 2, Train: 95.31%, Valid: 93.62%, Test In: 93.61% Test OOD1: 81.81% 
Epoch: 76, Loss: 0.4310, Cls: 0.1898, Ind: 0.0009, Med: 0.0477, Spu: 0.0002, FD: 0.1924, Var: 0.0000, CStr: 0.442, Ctx: 2, Train: 95.38%, Valid: 93.65%, Test In: 93.65% Test OOD1: 81.50% 
Epoch: 77, Loss: 0.4273, Cls: 0.1886, Ind: 0.0009, Med: 0.0475, Spu: 0.0002, FD: 0.1900, Var: 0.0000, CStr: 0.442, Ctx: 2, Train: 95.23%, Valid: 93.60%, Test In: 93.54% Test OOD1: 81.54% 
Epoch: 78, Loss: 0.4224, Cls: 0.1865, Ind: 0.0009, Med: 0.0470, Spu: 0.0002, FD: 0.1879, Var: 0.0000, CStr: 0.442, Ctx: 2, Train: 95.52%, Valid: 93.83%, Test In: 93.79% Test OOD1: 80.07% 
Epoch: 79, Loss: 0.4208, Cls: 0.1851, Ind: 0.0008, Med: 0.0464, Spu: 0.0002, FD: 0.1882, Var: 0.0000, CStr: 0.441, Ctx: 2, Train: 95.41%, Valid: 93.70%, Test In: 93.62% Test OOD1: 81.08% 
Epoch: 80, Loss: 0.4147, Cls: 0.1831, Ind: 0.0008, Med: 0.0461, Spu: 0.0002, FD: 0.1845, Var: 0.0000, CStr: 0.441, Ctx: 2, Train: 95.46%, Valid: 93.83%, Test In: 93.82% Test OOD1: 79.90% 
Epoch: 81, Loss: 0.4183, Cls: 0.1845, Ind: 0.0009, Med: 0.0464, Spu: 0.0002, FD: 0.1862, Var: 0.0000, CStr: 0.440, Ctx: 2, Train: 95.64%, Valid: 93.80%, Test In: 93.83% Test OOD1: 80.25% 
Epoch: 82, Loss: 0.4101, Cls: 0.1809, Ind: 0.0008, Med: 0.0455, Spu: 0.0002, FD: 0.1827, Var: 0.0000, CStr: 0.440, Ctx: 2, Train: 95.75%, Valid: 93.81%, Test In: 93.83% Test OOD1: 80.48% 
Epoch: 83, Loss: 0.4084, Cls: 0.1803, Ind: 0.0008, Med: 0.0454, Spu: 0.0002, FD: 0.1817, Var: 0.0000, CStr: 0.439, Ctx: 2, Train: 95.60%, Valid: 93.66%, Test In: 93.60% Test OOD1: 81.57% 
Epoch: 84, Loss: 0.4012, Cls: 0.1770, Ind: 0.0008, Med: 0.0445, Spu: 0.0002, FD: 0.1787, Var: 0.0000, CStr: 0.439, Ctx: 2, Train: 95.96%, Valid: 93.93%, Test In: 93.92% Test OOD1: 80.77% 
Epoch: 85, Loss: 0.4053, Cls: 0.1786, Ind: 0.0008, Med: 0.0448, Spu: 0.0002, FD: 0.1810, Var: 0.0000, CStr: 0.438, Ctx: 2, Train: 95.81%, Valid: 93.81%, Test In: 93.70% Test OOD1: 82.76% 
Epoch: 86, Loss: 0.3981, Cls: 0.1754, Ind: 0.0008, Med: 0.0441, Spu: 0.0002, FD: 0.1777, Var: 0.0000, CStr: 0.438, Ctx: 2, Train: 95.96%, Valid: 93.95%, Test In: 93.98% Test OOD1: 80.96% 
Epoch: 87, Loss: 0.3981, Cls: 0.1754, Ind: 0.0008, Med: 0.0441, Spu: 0.0002, FD: 0.1776, Var: 0.0000, CStr: 0.437, Ctx: 2, Train: 95.93%, Valid: 93.91%, Test In: 93.80% Test OOD1: 82.60% 
Epoch: 88, Loss: 0.3969, Cls: 0.1748, Ind: 0.0008, Med: 0.0439, Spu: 0.0002, FD: 0.1772, Var: 0.0000, CStr: 0.437, Ctx: 2, Train: 96.14%, Valid: 94.25%, Test In: 94.14% Test OOD1: 81.15% 
Epoch: 89, Loss: 0.3928, Cls: 0.1731, Ind: 0.0008, Med: 0.0435, Spu: 0.0002, FD: 0.1752, Var: 0.0000, CStr: 0.436, Ctx: 2, Train: 95.91%, Valid: 93.91%, Test In: 93.68% Test OOD1: 82.53% 
Epoch: 90, Loss: 0.3841, Cls: 0.1696, Ind: 0.0008, Med: 0.0427, Spu: 0.0002, FD: 0.1709, Var: 0.0000, CStr: 0.436, Ctx: 2, Train: 96.11%, Valid: 94.04%, Test In: 93.88% Test OOD1: 82.57% 
Epoch: 91, Loss: 0.3895, Cls: 0.1717, Ind: 0.0008, Med: 0.0432, Spu: 0.0001, FD: 0.1737, Var: 0.0000, CStr: 0.435, Ctx: 2, Train: 96.32%, Valid: 94.23%, Test In: 94.20% Test OOD1: 80.33% 
Epoch: 92, Loss: 0.3856, Cls: 0.1698, Ind: 0.0008, Med: 0.0426, Spu: 0.0001, FD: 0.1722, Var: 0.0000, CStr: 0.434, Ctx: 2, Train: 95.61%, Valid: 93.55%, Test In: 93.32% Test OOD1: 84.14% 
Epoch: 93, Loss: 0.3849, Cls: 0.1697, Ind: 0.0008, Med: 0.0427, Spu: 0.0001, FD: 0.1716, Var: 0.0000, CStr: 0.434, Ctx: 2, Train: 96.53%, Valid: 94.37%, Test In: 94.31% Test OOD1: 79.73% 
Epoch: 94, Loss: 0.3866, Cls: 0.1706, Ind: 0.0007, Med: 0.0429, Spu: 0.0001, FD: 0.1722, Var: 0.0000, CStr: 0.433, Ctx: 2, Train: 96.40%, Valid: 94.26%, Test In: 94.08% Test OOD1: 81.91% 
Epoch: 95, Loss: 0.3661, Cls: 0.1615, Ind: 0.0007, Med: 0.0406, Spu: 0.0001, FD: 0.1631, Var: 0.0000, CStr: 0.433, Ctx: 2, Train: 96.34%, Valid: 94.12%, Test In: 93.88% Test OOD1: 82.39% 
Epoch: 96, Loss: 0.3745, Cls: 0.1649, Ind: 0.0007, Med: 0.0414, Spu: 0.0001, FD: 0.1673, Var: 0.0000, CStr: 0.432, Ctx: 2, Train: 96.71%, Valid: 94.45%, Test In: 94.35% Test OOD1: 79.71% 
Epoch: 97, Loss: 0.3698, Cls: 0.1631, Ind: 0.0007, Med: 0.0410, Spu: 0.0001, FD: 0.1648, Var: 0.0000, CStr: 0.431, Ctx: 2, Train: 96.34%, Valid: 94.07%, Test In: 93.87% Test OOD1: 83.12% 
Epoch: 98, Loss: 0.3660, Cls: 0.1615, Ind: 0.0007, Med: 0.0406, Spu: 0.0001, FD: 0.1631, Var: 0.0000, CStr: 0.430, Ctx: 2, Train: 96.57%, Valid: 94.33%, Test In: 94.13% Test OOD1: 81.37% 
Epoch: 99, Loss: 0.3559, Cls: 0.1570, Ind: 0.0007, Med: 0.0395, Spu: 0.0001, FD: 0.1585, Var: 0.0000, CStr: 0.430, Ctx: 2, Train: 96.80%, Valid: 94.50%, Test In: 94.37% Test OOD1: 80.88% 
Epoch: 100, Loss: 0.3574, Cls: 0.1575, Ind: 0.0007, Med: 0.0395, Spu: 0.0001, FD: 0.1595, Var: 0.0000, CStr: 0.429, Ctx: 2, Train: 96.52%, Valid: 94.29%, Test In: 94.00% Test OOD1: 83.36% 
Epoch: 101, Loss: 0.3563, Cls: 0.1572, Ind: 0.0007, Med: 0.0395, Spu: 0.0001, FD: 0.1588, Var: 0.0000, CStr: 0.428, Ctx: 2, Train: 96.81%, Valid: 94.50%, Test In: 94.27% Test OOD1: 81.40% 
Epoch: 102, Loss: 0.3485, Cls: 0.1535, Ind: 0.0006, Med: 0.0385, Spu: 0.0001, FD: 0.1557, Var: 0.0000, CStr: 0.427, Ctx: 2, Train: 97.03%, Valid: 94.60%, Test In: 94.46% Test OOD1: 80.90% 
Epoch: 103, Loss: 0.3494, Cls: 0.1538, Ind: 0.0006, Med: 0.0386, Spu: 0.0001, FD: 0.1563, Var: 0.0000, CStr: 0.426, Ctx: 2, Train: 96.72%, Valid: 94.24%, Test In: 93.98% Test OOD1: 83.10% 
Epoch: 104, Loss: 0.3518, Cls: 0.1553, Ind: 0.0006, Med: 0.0391, Spu: 0.0001, FD: 0.1566, Var: 0.0000, CStr: 0.425, Ctx: 2, Train: 97.01%, Valid: 94.54%, Test In: 94.26% Test OOD1: 80.71% 
Epoch: 105, Loss: 0.3502, Cls: 0.1546, Ind: 0.0006, Med: 0.0389, Spu: 0.0001, FD: 0.1560, Var: 0.0000, CStr: 0.424, Ctx: 2, Train: 96.95%, Valid: 94.44%, Test In: 94.23% Test OOD1: 82.19% 
Epoch: 106, Loss: 0.3432, Cls: 0.1513, Ind: 0.0006, Med: 0.0380, Spu: 0.0001, FD: 0.1532, Var: 0.0000, CStr: 0.423, Ctx: 2, Train: 96.76%, Valid: 94.31%, Test In: 93.93% Test OOD1: 82.95% 
Epoch: 107, Loss: 0.3406, Cls: 0.1503, Ind: 0.0006, Med: 0.0378, Spu: 0.0001, FD: 0.1518, Var: 0.0000, CStr: 0.422, Ctx: 2, Train: 97.13%, Valid: 94.68%, Test In: 94.44% Test OOD1: 82.55% 
Epoch: 108, Loss: 0.3370, Cls: 0.1484, Ind: 0.0006, Med: 0.0372, Spu: 0.0001, FD: 0.1507, Var: 0.0000, CStr: 0.421, Ctx: 2, Train: 97.23%, Valid: 94.76%, Test In: 94.52% Test OOD1: 82.56% 
Epoch: 109, Loss: 0.3317, Cls: 0.1463, Ind: 0.0006, Med: 0.0367, Spu: 0.0001, FD: 0.1480, Var: 0.0000, CStr: 0.420, Ctx: 2, Train: 97.16%, Valid: 94.58%, Test In: 94.27% Test OOD1: 83.07% 
Epoch: 110, Loss: 0.3338, Cls: 0.1473, Ind: 0.0006, Med: 0.0370, Spu: 0.0001, FD: 0.1489, Var: 0.0000, CStr: 0.418, Ctx: 2, Train: 97.26%, Valid: 94.72%, Test In: 94.51% Test OOD1: 82.54% 
Epoch: 111, Loss: 0.3329, Cls: 0.1467, Ind: 0.0005, Med: 0.0368, Spu: 0.0001, FD: 0.1487, Var: 0.0000, CStr: 0.417, Ctx: 2, Train: 97.24%, Valid: 94.71%, Test In: 94.50% Test OOD1: 82.36% 
Epoch: 112, Loss: 0.3258, Cls: 0.1437, Ind: 0.0005, Med: 0.0361, Spu: 0.0001, FD: 0.1455, Var: 0.0000, CStr: 0.416, Ctx: 2, Train: 97.39%, Valid: 94.71%, Test In: 94.50% Test OOD1: 81.37% 
Epoch: 113, Loss: 0.3258, Cls: 0.1436, Ind: 0.0005, Med: 0.0360, Spu: 0.0001, FD: 0.1456, Var: 0.0000, CStr: 0.414, Ctx: 2, Train: 97.03%, Valid: 94.45%, Test In: 94.36% Test OOD1: 83.91% 
Epoch: 114, Loss: 0.3267, Cls: 0.1440, Ind: 0.0005, Med: 0.0362, Spu: 0.0001, FD: 0.1459, Var: 0.0000, CStr: 0.413, Ctx: 2, Train: 97.69%, Valid: 94.88%, Test In: 94.85% Test OOD1: 80.33% 
Epoch: 115, Loss: 0.3299, Cls: 0.1456, Ind: 0.0006, Med: 0.0366, Spu: 0.0001, FD: 0.1470, Var: 0.0000, CStr: 0.412, Ctx: 2, Train: 96.85%, Valid: 94.17%, Test In: 94.00% Test OOD1: 84.85% 
Epoch: 116, Loss: 0.3322, Cls: 0.1467, Ind: 0.0005, Med: 0.0369, Spu: 0.0001, FD: 0.1480, Var: 0.0000, CStr: 0.410, Ctx: 2, Train: 97.54%, Valid: 94.96%, Test In: 94.73% Test OOD1: 81.94% 
Epoch: 117, Loss: 0.3194, Cls: 0.1407, Ind: 0.0005, Med: 0.0353, Spu: 0.0001, FD: 0.1428, Var: 0.0000, CStr: 0.409, Ctx: 2, Train: 97.54%, Valid: 94.88%, Test In: 94.56% Test OOD1: 80.48% 
Epoch: 118, Loss: 0.3166, Cls: 0.1397, Ind: 0.0005, Med: 0.0351, Spu: 0.0001, FD: 0.1411, Var: 0.0000, CStr: 0.407, Ctx: 2, Train: 97.21%, Valid: 94.56%, Test In: 94.39% Test OOD1: 83.40% 
Epoch: 119, Loss: 0.3246, Cls: 0.1431, Ind: 0.0005, Med: 0.0359, Spu: 0.0001, FD: 0.1451, Var: 0.0000, CStr: 0.406, Ctx: 2, Train: 97.81%, Valid: 95.04%, Test In: 94.83% Test OOD1: 80.66% 
Epoch: 120, Loss: 0.3045, Cls: 0.1343, Ind: 0.0004, Med: 0.0337, Spu: 0.0001, FD: 0.1359, Var: 0.0000, CStr: 0.405, Ctx: 2, Train: 97.84%, Valid: 95.08%, Test In: 94.93% Test OOD1: 80.77% 
Epoch: 121, Loss: 0.3073, Cls: 0.1358, Ind: 0.0004, Med: 0.0342, Spu: 0.0001, FD: 0.1368, Var: 0.0000, CStr: 0.403, Ctx: 2, Train: 97.31%, Valid: 94.37%, Test In: 94.30% Test OOD1: 84.23% 
Epoch: 122, Loss: 0.3059, Cls: 0.1350, Ind: 0.0004, Med: 0.0339, Spu: 0.0001, FD: 0.1365, Var: 0.0000, CStr: 0.402, Ctx: 2, Train: 97.95%, Valid: 95.10%, Test In: 94.91% Test OOD1: 81.80% 
Epoch: 123, Loss: 0.3068, Cls: 0.1353, Ind: 0.0004, Med: 0.0340, Spu: 0.0001, FD: 0.1370, Var: 0.0000, CStr: 0.401, Ctx: 2, Train: 97.93%, Valid: 95.06%, Test In: 94.84% Test OOD1: 82.74% 
Epoch: 124, Loss: 0.2986, Cls: 0.1318, Ind: 0.0004, Med: 0.0331, Spu: 0.0001, FD: 0.1332, Var: 0.0000, CStr: 0.399, Ctx: 2, Train: 97.36%, Valid: 94.44%, Test In: 94.37% Test OOD1: 85.32% 
Epoch: 125, Loss: 0.3037, Cls: 0.1343, Ind: 0.0004, Med: 0.0338, Spu: 0.0001, FD: 0.1352, Var: 0.0000, CStr: 0.398, Ctx: 2, Train: 98.09%, Valid: 95.12%, Test In: 94.96% Test OOD1: 82.04% 
Epoch: 126, Loss: 0.3016, Cls: 0.1328, Ind: 0.0004, Med: 0.0332, Spu: 0.0001, FD: 0.1351, Var: 0.0000, CStr: 0.396, Ctx: 2, Train: 97.87%, Valid: 94.93%, Test In: 94.61% Test OOD1: 83.96% 
Epoch: 127, Loss: 0.2875, Cls: 0.1269, Ind: 0.0004, Med: 0.0319, Spu: 0.0001, FD: 0.1284, Var: 0.0000, CStr: 0.395, Ctx: 2, Train: 97.60%, Valid: 94.74%, Test In: 94.48% Test OOD1: 85.32% 
Epoch: 128, Loss: 0.2958, Cls: 0.1308, Ind: 0.0004, Med: 0.0329, Spu: 0.0001, FD: 0.1316, Var: 0.0000, CStr: 0.394, Ctx: 2, Train: 97.92%, Valid: 94.84%, Test In: 94.69% Test OOD1: 81.85% 
Epoch: 129, Loss: 0.3024, Cls: 0.1333, Ind: 0.0004, Med: 0.0334, Spu: 0.0001, FD: 0.1352, Var: 0.0000, CStr: 0.392, Ctx: 2, Train: 98.06%, Valid: 95.35%, Test In: 95.03% Test OOD1: 83.57% 
Epoch: 130, Loss: 0.3010, Cls: 0.1325, Ind: 0.0004, Med: 0.0332, Spu: 0.0001, FD: 0.1348, Var: 0.0000, CStr: 0.391, Ctx: 2, Train: 97.39%, Valid: 94.10%, Test In: 93.93% Test OOD1: 85.94% 
Epoch: 131, Loss: 0.2972, Cls: 0.1312, Ind: 0.0004, Med: 0.0330, Spu: 0.0001, FD: 0.1326, Var: 0.0000, CStr: 0.390, Ctx: 2, Train: 98.32%, Valid: 95.26%, Test In: 95.06% Test OOD1: 80.93% 
Epoch: 132, Loss: 0.3010, Cls: 0.1326, Ind: 0.0004, Med: 0.0332, Spu: 0.0001, FD: 0.1348, Var: 0.0000, CStr: 0.388, Ctx: 2, Train: 98.23%, Valid: 95.24%, Test In: 95.00% Test OOD1: 83.51% 
Epoch: 133, Loss: 0.2772, Cls: 0.1223, Ind: 0.0003, Med: 0.0307, Spu: 0.0001, FD: 0.1238, Var: 0.0000, CStr: 0.387, Ctx: 2, Train: 97.58%, Valid: 94.44%, Test In: 94.19% Test OOD1: 85.90% 
Epoch: 134, Loss: 0.2979, Cls: 0.1312, Ind: 0.0004, Med: 0.0329, Spu: 0.0001, FD: 0.1335, Var: 0.0000, CStr: 0.386, Ctx: 2, Train: 98.36%, Valid: 95.35%, Test In: 95.10% Test OOD1: 81.15% 
Epoch: 135, Loss: 0.2854, Cls: 0.1261, Ind: 0.0003, Med: 0.0317, Spu: 0.0001, FD: 0.1272, Var: 0.0000, CStr: 0.385, Ctx: 2, Train: 98.29%, Valid: 95.28%, Test In: 95.22% Test OOD1: 83.37% 
Epoch: 136, Loss: 0.2729, Cls: 0.1207, Ind: 0.0003, Med: 0.0304, Spu: 0.0001, FD: 0.1215, Var: 0.0000, CStr: 0.384, Ctx: 2, Train: 97.48%, Valid: 94.31%, Test In: 94.30% Test OOD1: 86.92% 
Epoch: 137, Loss: 0.2930, Cls: 0.1291, Ind: 0.0003, Med: 0.0324, Spu: 0.0000, FD: 0.1311, Var: 0.0000, CStr: 0.383, Ctx: 2, Train: 98.44%, Valid: 95.33%, Test In: 95.26% Test OOD1: 82.80% 
Epoch: 138, Loss: 0.2793, Cls: 0.1233, Ind: 0.0003, Med: 0.0309, Spu: 0.0000, FD: 0.1247, Var: 0.0000, CStr: 0.382, Ctx: 2, Train: 98.50%, Valid: 95.34%, Test In: 95.40% Test OOD1: 83.54% 
Epoch: 139, Loss: 0.2765, Cls: 0.1219, Ind: 0.0003, Med: 0.0305, Spu: 0.0000, FD: 0.1237, Var: 0.0000, CStr: 0.381, Ctx: 2, Train: 97.96%, Valid: 94.72%, Test In: 94.59% Test OOD1: 86.77% 
Epoch: 140, Loss: 0.2801, Cls: 0.1236, Ind: 0.0003, Med: 0.0310, Spu: 0.0000, FD: 0.1251, Var: 0.0000, CStr: 0.380, Ctx: 2, Train: 98.53%, Valid: 95.29%, Test In: 95.28% Test OOD1: 85.23% 
Epoch: 141, Loss: 0.2651, Cls: 0.1167, Ind: 0.0003, Med: 0.0292, Spu: 0.0000, FD: 0.1188, Var: 0.0000, CStr: 0.379, Ctx: 2, Train: 98.69%, Valid: 95.45%, Test In: 95.47% Test OOD1: 83.74% 
Epoch: 142, Loss: 0.2789, Cls: 0.1230, Ind: 0.0003, Med: 0.0308, Spu: 0.0000, FD: 0.1248, Var: 0.0000, CStr: 0.378, Ctx: 2, Train: 98.23%, Valid: 94.91%, Test In: 94.82% Test OOD1: 87.30% 
Epoch: 143, Loss: 0.2648, Cls: 0.1169, Ind: 0.0003, Med: 0.0293, Spu: 0.0000, FD: 0.1183, Var: 0.0000, CStr: 0.377, Ctx: 2, Train: 98.40%, Valid: 95.12%, Test In: 95.00% Test OOD1: 86.55% 
Epoch: 144, Loss: 0.2665, Cls: 0.1178, Ind: 0.0003, Med: 0.0296, Spu: 0.0000, FD: 0.1187, Var: 0.0000, CStr: 0.376, Ctx: 2, Train: 98.64%, Valid: 95.43%, Test In: 95.45% Test OOD1: 83.65% 
Epoch: 145, Loss: 0.2658, Cls: 0.1175, Ind: 0.0003, Med: 0.0295, Spu: 0.0000, FD: 0.1185, Var: 0.0000, CStr: 0.376, Ctx: 2, Train: 98.60%, Valid: 95.33%, Test In: 95.37% Test OOD1: 85.66% 
Epoch: 146, Loss: 0.2494, Cls: 0.1101, Ind: 0.0003, Med: 0.0277, Spu: 0.0000, FD: 0.1113, Var: 0.0000, CStr: 0.375, Ctx: 2, Train: 98.25%, Valid: 95.00%, Test In: 94.80% Test OOD1: 86.93% 
Epoch: 147, Loss: 0.2697, Cls: 0.1190, Ind: 0.0003, Med: 0.0299, Spu: 0.0000, FD: 0.1205, Var: 0.0000, CStr: 0.374, Ctx: 2, Train: 98.85%, Valid: 95.70%, Test In: 95.66% Test OOD1: 83.68% 
Epoch: 148, Loss: 0.2617, Cls: 0.1154, Ind: 0.0002, Med: 0.0289, Spu: 0.0000, FD: 0.1170, Var: 0.0000, CStr: 0.373, Ctx: 2, Train: 98.86%, Valid: 95.74%, Test In: 95.65% Test OOD1: 84.64% 
Epoch: 149, Loss: 0.2573, Cls: 0.1135, Ind: 0.0002, Med: 0.0285, Spu: 0.0000, FD: 0.1150, Var: 0.0000, CStr: 0.372, Ctx: 2, Train: 98.46%, Valid: 95.11%, Test In: 95.04% Test OOD1: 86.54% 
Epoch: 150, Loss: 0.2626, Cls: 0.1159, Ind: 0.0003, Med: 0.0291, Spu: 0.0000, FD: 0.1173, Var: 0.0000, CStr: 0.372, Ctx: 2, Train: 98.73%, Valid: 95.52%, Test In: 95.46% Test OOD1: 85.94% 
Epoch: 151, Loss: 0.2507, Cls: 0.1108, Ind: 0.0003, Med: 0.0278, Spu: 0.0000, FD: 0.1118, Var: 0.0000, CStr: 0.371, Ctx: 2, Train: 98.87%, Valid: 95.68%, Test In: 95.57% Test OOD1: 84.12% 
Epoch: 152, Loss: 0.2549, Cls: 0.1122, Ind: 0.0003, Med: 0.0281, Spu: 0.0000, FD: 0.1143, Var: 0.0000, CStr: 0.370, Ctx: 2, Train: 98.66%, Valid: 95.54%, Test In: 95.27% Test OOD1: 85.89% 
Epoch: 153, Loss: 0.2527, Cls: 0.1114, Ind: 0.0003, Med: 0.0279, Spu: 0.0000, FD: 0.1130, Var: 0.0000, CStr: 0.370, Ctx: 2, Train: 98.59%, Valid: 95.38%, Test In: 95.13% Test OOD1: 87.09% 
Epoch: 154, Loss: 0.2561, Cls: 0.1132, Ind: 0.0003, Med: 0.0285, Spu: 0.0000, FD: 0.1140, Var: 0.0000, CStr: 0.369, Ctx: 2, Train: 98.93%, Valid: 95.85%, Test In: 95.75% Test OOD1: 84.53% 
Epoch: 155, Loss: 0.2541, Cls: 0.1122, Ind: 0.0002, Med: 0.0282, Spu: 0.0000, FD: 0.1134, Var: 0.0000, CStr: 0.369, Ctx: 2, Train: 98.88%, Valid: 95.75%, Test In: 95.56% Test OOD1: 86.12% 
Epoch: 156, Loss: 0.2407, Cls: 0.1064, Ind: 0.0002, Med: 0.0267, Spu: 0.0000, FD: 0.1073, Var: 0.0000, CStr: 0.368, Ctx: 2, Train: 98.76%, Valid: 95.42%, Test In: 95.42% Test OOD1: 87.18% 
Epoch: 157, Loss: 0.2500, Cls: 0.1104, Ind: 0.0002, Med: 0.0277, Spu: 0.0000, FD: 0.1116, Var: 0.0000, CStr: 0.367, Ctx: 2, Train: 98.98%, Valid: 95.75%, Test In: 95.66% Test OOD1: 84.91% 
Epoch: 158, Loss: 0.2464, Cls: 0.1088, Ind: 0.0002, Med: 0.0273, Spu: 0.0000, FD: 0.1100, Var: 0.0000, CStr: 0.367, Ctx: 2, Train: 99.00%, Valid: 95.81%, Test In: 95.79% Test OOD1: 85.45% 
Epoch: 159, Loss: 0.2488, Cls: 0.1097, Ind: 0.0002, Med: 0.0275, Spu: 0.0000, FD: 0.1114, Var: 0.0000, CStr: 0.366, Ctx: 2, Train: 98.84%, Valid: 95.48%, Test In: 95.46% Test OOD1: 86.56% 
Epoch: 160, Loss: 0.2372, Cls: 0.1046, Ind: 0.0002, Med: 0.0262, Spu: 0.0000, FD: 0.1061, Var: 0.0000, CStr: 0.366, Ctx: 2, Train: 99.05%, Valid: 95.76%, Test In: 95.72% Test OOD1: 85.59% 
Epoch: 161, Loss: 0.2322, Cls: 0.1026, Ind: 0.0002, Med: 0.0258, Spu: 0.0000, FD: 0.1036, Var: 0.0000, CStr: 0.365, Ctx: 2, Train: 99.05%, Valid: 95.84%, Test In: 95.76% Test OOD1: 86.10% 
Epoch: 162, Loss: 0.2304, Cls: 0.1018, Ind: 0.0002, Med: 0.0256, Spu: 0.0000, FD: 0.1028, Var: 0.0000, CStr: 0.365, Ctx: 2, Train: 99.05%, Valid: 95.69%, Test In: 95.57% Test OOD1: 87.27% 
Epoch: 163, Loss: 0.2343, Cls: 0.1032, Ind: 0.0002, Med: 0.0259, Spu: 0.0000, FD: 0.1050, Var: 0.0000, CStr: 0.364, Ctx: 2, Train: 99.15%, Valid: 95.79%, Test In: 95.85% Test OOD1: 87.12% 
Epoch: 164, Loss: 0.2349, Cls: 0.1038, Ind: 0.0002, Med: 0.0261, Spu: 0.0000, FD: 0.1048, Var: 0.0000, CStr: 0.364, Ctx: 2, Train: 99.16%, Valid: 95.89%, Test In: 95.83% Test OOD1: 87.18% 
Epoch: 165, Loss: 0.2320, Cls: 0.1023, Ind: 0.0002, Med: 0.0257, Spu: 0.0000, FD: 0.1037, Var: 0.0000, CStr: 0.364, Ctx: 2, Train: 99.15%, Valid: 95.88%, Test In: 95.79% Test OOD1: 86.75% 
Epoch: 166, Loss: 0.2306, Cls: 0.1017, Ind: 0.0002, Med: 0.0255, Spu: 0.0000, FD: 0.1031, Var: 0.0000, CStr: 0.363, Ctx: 2, Train: 99.10%, Valid: 95.95%, Test In: 95.73% Test OOD1: 86.73% 
Epoch: 167, Loss: 0.2330, Cls: 0.1028, Ind: 0.0002, Med: 0.0258, Spu: 0.0000, FD: 0.1042, Var: 0.0000, CStr: 0.363, Ctx: 2, Train: 99.09%, Valid: 95.91%, Test In: 95.60% Test OOD1: 86.73% 
Epoch: 168, Loss: 0.2234, Cls: 0.0985, Ind: 0.0002, Med: 0.0247, Spu: 0.0000, FD: 0.1000, Var: 0.0000, CStr: 0.362, Ctx: 2, Train: 99.13%, Valid: 95.93%, Test In: 95.73% Test OOD1: 86.84% 
Epoch: 169, Loss: 0.2253, Cls: 0.0996, Ind: 0.0002, Med: 0.0250, Spu: 0.0000, FD: 0.1004, Var: 0.0000, CStr: 0.362, Ctx: 2, Train: 99.25%, Valid: 96.09%, Test In: 95.98% Test OOD1: 86.47% 
Epoch: 170, Loss: 0.2262, Cls: 0.1000, Ind: 0.0002, Med: 0.0251, Spu: 0.0000, FD: 0.1009, Var: 0.0000, CStr: 0.361, Ctx: 2, Train: 99.06%, Valid: 95.80%, Test In: 95.72% Test OOD1: 87.55% 
Epoch: 171, Loss: 0.2211, Cls: 0.0976, Ind: 0.0002, Med: 0.0245, Spu: 0.0000, FD: 0.0989, Var: 0.0000, CStr: 0.361, Ctx: 2, Train: 99.28%, Valid: 96.06%, Test In: 96.00% Test OOD1: 86.67% 
Epoch: 172, Loss: 0.2321, Cls: 0.1024, Ind: 0.0002, Med: 0.0257, Spu: 0.0000, FD: 0.1038, Var: 0.0000, CStr: 0.361, Ctx: 2, Train: 99.28%, Valid: 96.04%, Test In: 96.08% Test OOD1: 86.43% 
Epoch: 173, Loss: 0.2212, Cls: 0.0976, Ind: 0.0002, Med: 0.0245, Spu: 0.0000, FD: 0.0989, Var: 0.0000, CStr: 0.360, Ctx: 2, Train: 99.15%, Valid: 95.99%, Test In: 95.84% Test OOD1: 87.30% 
Epoch: 174, Loss: 0.2196, Cls: 0.0971, Ind: 0.0002, Med: 0.0244, Spu: 0.0000, FD: 0.0979, Var: 0.0000, CStr: 0.360, Ctx: 2, Train: 99.22%, Valid: 96.14%, Test In: 95.88% Test OOD1: 87.08% 
Epoch: 175, Loss: 0.2198, Cls: 0.0969, Ind: 0.0002, Med: 0.0243, Spu: 0.0000, FD: 0.0984, Var: 0.0000, CStr: 0.359, Ctx: 2, Train: 99.23%, Valid: 96.17%, Test In: 96.11% Test OOD1: 85.93% 
Epoch: 176, Loss: 0.2228, Cls: 0.0980, Ind: 0.0002, Med: 0.0245, Spu: 0.0000, FD: 0.1001, Var: 0.0000, CStr: 0.359, Ctx: 2, Train: 99.09%, Valid: 95.88%, Test In: 95.73% Test OOD1: 88.70% 
Epoch: 177, Loss: 0.2148, Cls: 0.0950, Ind: 0.0002, Med: 0.0239, Spu: 0.0000, FD: 0.0957, Var: 0.0000, CStr: 0.359, Ctx: 2, Train: 99.40%, Valid: 96.29%, Test In: 96.09% Test OOD1: 86.96% 
Epoch: 178, Loss: 0.2156, Cls: 0.0950, Ind: 0.0002, Med: 0.0238, Spu: 0.0000, FD: 0.0966, Var: 0.0000, CStr: 0.358, Ctx: 2, Train: 99.26%, Valid: 96.13%, Test In: 96.01% Test OOD1: 86.70% 
Epoch: 179, Loss: 0.2205, Cls: 0.0973, Ind: 0.0002, Med: 0.0244, Spu: 0.0000, FD: 0.0987, Var: 0.0000, CStr: 0.358, Ctx: 2, Train: 99.19%, Valid: 95.81%, Test In: 95.79% Test OOD1: 89.19% 
Epoch: 180, Loss: 0.2195, Cls: 0.0969, Ind: 0.0002, Med: 0.0243, Spu: 0.0000, FD: 0.0980, Var: 0.0000, CStr: 0.358, Ctx: 2, Train: 99.31%, Valid: 96.17%, Test In: 96.10% Test OOD1: 85.65% 
Epoch: 181, Loss: 0.2179, Cls: 0.0963, Ind: 0.0002, Med: 0.0242, Spu: 0.0000, FD: 0.0972, Var: 0.0000, CStr: 0.357, Ctx: 2, Train: 99.37%, Valid: 96.18%, Test In: 96.18% Test OOD1: 87.51% 
Epoch: 182, Loss: 0.2069, Cls: 0.0915, Ind: 0.0002, Med: 0.0230, Spu: 0.0000, FD: 0.0922, Var: 0.0000, CStr: 0.357, Ctx: 2, Train: 99.34%, Valid: 96.19%, Test In: 96.02% Test OOD1: 87.42% 
Epoch: 183, Loss: 0.2099, Cls: 0.0925, Ind: 0.0002, Med: 0.0232, Spu: 0.0000, FD: 0.0940, Var: 0.0000, CStr: 0.357, Ctx: 2, Train: 99.36%, Valid: 96.12%, Test In: 96.11% Test OOD1: 86.35% 
Epoch: 184, Loss: 0.2097, Cls: 0.0925, Ind: 0.0002, Med: 0.0232, Spu: 0.0000, FD: 0.0938, Var: 0.0000, CStr: 0.357, Ctx: 2, Train: 99.23%, Valid: 95.83%, Test In: 95.81% Test OOD1: 88.29% 
Epoch: 185, Loss: 0.2238, Cls: 0.0985, Ind: 0.0002, Med: 0.0246, Spu: 0.0000, FD: 0.1004, Var: 0.0000, CStr: 0.356, Ctx: 2, Train: 99.13%, Valid: 95.85%, Test In: 95.84% Test OOD1: 86.20% 
Epoch: 186, Loss: 0.2260, Cls: 0.0998, Ind: 0.0002, Med: 0.0250, Spu: 0.0000, FD: 0.1009, Var: 0.0000, CStr: 0.356, Ctx: 2, Train: 99.42%, Valid: 96.19%, Test In: 96.12% Test OOD1: 87.38% 
Epoch: 187, Loss: 0.2083, Cls: 0.0920, Ind: 0.0002, Med: 0.0231, Spu: 0.0000, FD: 0.0930, Var: 0.0000, CStr: 0.356, Ctx: 2, Train: 99.22%, Valid: 95.92%, Test In: 95.95% Test OOD1: 88.65% 
Epoch: 188, Loss: 0.2121, Cls: 0.0936, Ind: 0.0002, Med: 0.0235, Spu: 0.0000, FD: 0.0947, Var: 0.0000, CStr: 0.356, Ctx: 2, Train: 99.17%, Valid: 95.97%, Test In: 95.94% Test OOD1: 86.49% 
Epoch: 189, Loss: 0.2223, Cls: 0.0982, Ind: 0.0002, Med: 0.0246, Spu: 0.0000, FD: 0.0993, Var: 0.0000, CStr: 0.356, Ctx: 2, Train: 99.47%, Valid: 96.22%, Test In: 96.31% Test OOD1: 87.62% 
Epoch: 190, Loss: 0.2062, Cls: 0.0909, Ind: 0.0002, Med: 0.0228, Spu: 0.0000, FD: 0.0923, Var: 0.0000, CStr: 0.355, Ctx: 2, Train: 99.41%, Valid: 96.10%, Test In: 96.16% Test OOD1: 88.51% 
Epoch: 191, Loss: 0.2039, Cls: 0.0900, Ind: 0.0002, Med: 0.0226, Spu: 0.0000, FD: 0.0911, Var: 0.0000, CStr: 0.355, Ctx: 2, Train: 99.36%, Valid: 96.21%, Test In: 96.22% Test OOD1: 86.48% 
Epoch: 192, Loss: 0.2103, Cls: 0.0928, Ind: 0.0002, Med: 0.0233, Spu: 0.0000, FD: 0.0940, Var: 0.0000, CStr: 0.355, Ctx: 2, Train: 99.36%, Valid: 96.08%, Test In: 96.07% Test OOD1: 88.27% 
Epoch: 193, Loss: 0.2029, Cls: 0.0897, Ind: 0.0002, Med: 0.0226, Spu: 0.0000, FD: 0.0904, Var: 0.0000, CStr: 0.355, Ctx: 2, Train: 99.47%, Valid: 96.33%, Test In: 96.15% Test OOD1: 87.70% 
Epoch: 194, Loss: 0.2053, Cls: 0.0907, Ind: 0.0002, Med: 0.0228, Spu: 0.0000, FD: 0.0916, Var: 0.0000, CStr: 0.355, Ctx: 2, Train: 99.51%, Valid: 96.35%, Test In: 96.19% Test OOD1: 86.99% 
Epoch: 195, Loss: 0.1940, Cls: 0.0857, Ind: 0.0002, Med: 0.0215, Spu: 0.0000, FD: 0.0867, Var: 0.0000, CStr: 0.354, Ctx: 2, Train: 99.53%, Valid: 96.34%, Test In: 96.17% Test OOD1: 87.79% 
Epoch: 196, Loss: 0.1942, Cls: 0.0857, Ind: 0.0002, Med: 0.0215, Spu: 0.0000, FD: 0.0867, Var: 0.0000, CStr: 0.354, Ctx: 2, Train: 99.60%, Valid: 96.67%, Test In: 96.39% Test OOD1: 87.53% 
Epoch: 197, Loss: 0.1939, Cls: 0.0857, Ind: 0.0002, Med: 0.0215, Spu: 0.0000, FD: 0.0865, Var: 0.0000, CStr: 0.354, Ctx: 2, Train: 99.57%, Valid: 96.47%, Test In: 96.36% Test OOD1: 87.79% 
Epoch: 198, Loss: 0.1886, Cls: 0.0834, Ind: 0.0002, Med: 0.0210, Spu: 0.0000, FD: 0.0840, Var: 0.0000, CStr: 0.354, Ctx: 2, Train: 99.54%, Valid: 96.37%, Test In: 96.36% Test OOD1: 88.03% 
Epoch: 199, Loss: 0.1924, Cls: 0.0848, Ind: 0.0002, Med: 0.0213, Spu: 0.0000, FD: 0.0861, Var: 0.0000, CStr: 0.354, Ctx: 2, Train: 99.56%, Valid: 96.41%, Test In: 96.33% Test OOD1: 88.36% 
Epoch: 200, Loss: 0.1964, Cls: 0.0865, Ind: 0.0002, Med: 0.0217, Spu: 0.0000, FD: 0.0881, Var: 0.0000, CStr: 0.354, Ctx: 2, Train: 99.60%, Valid: 96.49%, Test In: 96.45% Test OOD1: 87.49% 
Epoch: 201, Loss: 0.1889, Cls: 0.0834, Ind: 0.0002, Med: 0.0209, Spu: 0.0000, FD: 0.0844, Var: 0.0000, CStr: 0.354, Ctx: 2, Train: 99.57%, Valid: 96.28%, Test In: 96.31% Test OOD1: 88.60% 
Epoch: 202, Loss: 0.1945, Cls: 0.0858, Ind: 0.0002, Med: 0.0215, Spu: 0.0000, FD: 0.0869, Var: 0.0000, CStr: 0.354, Ctx: 2, Train: 99.59%, Valid: 96.40%, Test In: 96.43% Test OOD1: 88.17% 
Epoch: 203, Loss: 0.1920, Cls: 0.0847, Ind: 0.0002, Med: 0.0212, Spu: 0.0000, FD: 0.0859, Var: 0.0000, CStr: 0.353, Ctx: 2, Train: 99.64%, Valid: 96.61%, Test In: 96.46% Test OOD1: 87.78% 
Epoch: 204, Loss: 0.1920, Cls: 0.0847, Ind: 0.0002, Med: 0.0212, Spu: 0.0000, FD: 0.0859, Var: 0.0000, CStr: 0.353, Ctx: 2, Train: 99.56%, Valid: 96.37%, Test In: 96.29% Test OOD1: 89.51% 
Epoch: 205, Loss: 0.1936, Cls: 0.0855, Ind: 0.0002, Med: 0.0215, Spu: 0.0000, FD: 0.0864, Var: 0.0000, CStr: 0.353, Ctx: 2, Train: 99.53%, Valid: 96.40%, Test In: 96.37% Test OOD1: 88.26% 
Epoch: 206, Loss: 0.1922, Cls: 0.0849, Ind: 0.0002, Med: 0.0213, Spu: 0.0000, FD: 0.0858, Var: 0.0000, CStr: 0.353, Ctx: 2, Train: 99.62%, Valid: 96.52%, Test In: 96.30% Test OOD1: 89.18% 
Epoch: 207, Loss: 0.1945, Cls: 0.0861, Ind: 0.0002, Med: 0.0216, Spu: 0.0000, FD: 0.0867, Var: 0.0000, CStr: 0.353, Ctx: 2, Train: 99.52%, Valid: 96.29%, Test In: 96.21% Test OOD1: 90.44% 
Epoch: 208, Loss: 0.1920, Cls: 0.0846, Ind: 0.0002, Med: 0.0212, Spu: 0.0000, FD: 0.0860, Var: 0.0000, CStr: 0.353, Ctx: 2, Train: 99.53%, Valid: 96.47%, Test In: 96.50% Test OOD1: 87.15% 
Epoch: 209, Loss: 0.1952, Cls: 0.0861, Ind: 0.0002, Med: 0.0216, Spu: 0.0000, FD: 0.0873, Var: 0.0000, CStr: 0.353, Ctx: 2, Train: 99.57%, Valid: 96.31%, Test In: 96.29% Test OOD1: 90.03% 
Epoch: 210, Loss: 0.1942, Cls: 0.0856, Ind: 0.0002, Med: 0.0215, Spu: 0.0000, FD: 0.0869, Var: 0.0000, CStr: 0.353, Ctx: 2, Train: 99.69%, Valid: 96.56%, Test In: 96.52% Test OOD1: 88.42% 
Epoch: 211, Loss: 0.1866, Cls: 0.0822, Ind: 0.0002, Med: 0.0206, Spu: 0.0000, FD: 0.0836, Var: 0.0000, CStr: 0.352, Ctx: 2, Train: 99.68%, Valid: 96.59%, Test In: 96.65% Test OOD1: 87.14% 
Epoch: 212, Loss: 0.1885, Cls: 0.0831, Ind: 0.0001, Med: 0.0208, Spu: 0.0000, FD: 0.0844, Var: 0.0000, CStr: 0.352, Ctx: 2, Train: 99.67%, Valid: 96.56%, Test In: 96.52% Test OOD1: 88.87% 
Epoch: 213, Loss: 0.1812, Cls: 0.0800, Ind: 0.0002, Med: 0.0201, Spu: 0.0000, FD: 0.0809, Var: 0.0000, CStr: 0.352, Ctx: 2, Train: 99.71%, Valid: 96.66%, Test In: 96.65% Test OOD1: 88.46% 
Epoch: 214, Loss: 0.1894, Cls: 0.0836, Ind: 0.0002, Med: 0.0210, Spu: 0.0000, FD: 0.0847, Var: 0.0000, CStr: 0.352, Ctx: 2, Train: 99.67%, Valid: 96.65%, Test In: 96.61% Test OOD1: 88.04% 
Epoch: 215, Loss: 0.1817, Cls: 0.0802, Ind: 0.0002, Med: 0.0201, Spu: 0.0000, FD: 0.0812, Var: 0.0000, CStr: 0.352, Ctx: 2, Train: 99.66%, Valid: 96.52%, Test In: 96.48% Test OOD1: 89.85% 
Epoch: 216, Loss: 0.1869, Cls: 0.0824, Ind: 0.0002, Med: 0.0206, Spu: 0.0000, FD: 0.0837, Var: 0.0000, CStr: 0.352, Ctx: 2, Train: 99.67%, Valid: 96.72%, Test In: 96.71% Test OOD1: 87.65% 
Epoch: 217, Loss: 0.1840, Cls: 0.0814, Ind: 0.0002, Med: 0.0205, Spu: 0.0000, FD: 0.0819, Var: 0.0000, CStr: 0.352, Ctx: 2, Train: 99.71%, Valid: 96.65%, Test In: 96.67% Test OOD1: 88.98% 
Epoch: 218, Loss: 0.1821, Cls: 0.0804, Ind: 0.0001, Med: 0.0202, Spu: 0.0000, FD: 0.0813, Var: 0.0000, CStr: 0.352, Ctx: 2, Train: 99.61%, Valid: 96.45%, Test In: 96.36% Test OOD1: 90.61% 
Epoch: 219, Loss: 0.1796, Cls: 0.0792, Ind: 0.0002, Med: 0.0198, Spu: 0.0000, FD: 0.0804, Var: 0.0000, CStr: 0.352, Ctx: 2, Train: 99.73%, Valid: 96.79%, Test In: 96.84% Test OOD1: 87.23% 
Epoch: 220, Loss: 0.1810, Cls: 0.0798, Ind: 0.0002, Med: 0.0200, Spu: 0.0000, FD: 0.0811, Var: 0.0000, CStr: 0.352, Ctx: 2, Train: 99.61%, Valid: 96.33%, Test In: 96.25% Test OOD1: 89.85% 
Epoch: 221, Loss: 0.1795, Cls: 0.0792, Ind: 0.0001, Med: 0.0199, Spu: 0.0000, FD: 0.0803, Var: 0.0000, CStr: 0.352, Ctx: 2, Train: 99.71%, Valid: 96.56%, Test In: 96.54% Test OOD1: 89.03% 
Epoch: 222, Loss: 0.1783, Cls: 0.0787, Ind: 0.0002, Med: 0.0197, Spu: 0.0000, FD: 0.0797, Var: 0.0000, CStr: 0.352, Ctx: 2, Train: 99.74%, Valid: 96.68%, Test In: 96.73% Test OOD1: 88.56% 
Epoch: 223, Loss: 0.1744, Cls: 0.0770, Ind: 0.0001, Med: 0.0193, Spu: 0.0000, FD: 0.0780, Var: 0.0000, CStr: 0.351, Ctx: 2, Train: 99.63%, Valid: 96.44%, Test In: 96.42% Test OOD1: 90.20% 
Epoch: 224, Loss: 0.1747, Cls: 0.0772, Ind: 0.0001, Med: 0.0194, Spu: 0.0000, FD: 0.0780, Var: 0.0000, CStr: 0.351, Ctx: 2, Train: 99.77%, Valid: 96.92%, Test In: 96.85% Test OOD1: 88.72% 
Epoch: 225, Loss: 0.1683, Cls: 0.0740, Ind: 0.0001, Med: 0.0185, Spu: 0.0000, FD: 0.0757, Var: 0.0000, CStr: 0.351, Ctx: 2, Train: 99.76%, Valid: 96.94%, Test In: 96.77% Test OOD1: 89.14% 
Epoch: 226, Loss: 0.1742, Cls: 0.0768, Ind: 0.0002, Med: 0.0192, Spu: 0.0000, FD: 0.0780, Var: 0.0000, CStr: 0.351, Ctx: 2, Train: 99.69%, Valid: 96.76%, Test In: 96.54% Test OOD1: 89.87% 
Epoch: 227, Loss: 0.1737, Cls: 0.0766, Ind: 0.0001, Med: 0.0192, Spu: 0.0000, FD: 0.0777, Var: 0.0000, CStr: 0.351, Ctx: 2, Train: 99.76%, Valid: 96.86%, Test In: 96.81% Test OOD1: 88.55% 
Epoch: 228, Loss: 0.1784, Cls: 0.0786, Ind: 0.0002, Med: 0.0197, Spu: 0.0000, FD: 0.0800, Var: 0.0000, CStr: 0.351, Ctx: 2, Train: 99.79%, Valid: 96.88%, Test In: 96.80% Test OOD1: 89.27% 
Epoch: 229, Loss: 0.1736, Cls: 0.0765, Ind: 0.0001, Med: 0.0192, Spu: 0.0000, FD: 0.0778, Var: 0.0000, CStr: 0.351, Ctx: 2, Train: 99.75%, Valid: 96.60%, Test In: 96.65% Test OOD1: 90.09% 
Epoch: 230, Loss: 0.1754, Cls: 0.0774, Ind: 0.0002, Med: 0.0194, Spu: 0.0000, FD: 0.0784, Var: 0.0000, CStr: 0.351, Ctx: 2, Train: 99.78%, Valid: 96.88%, Test In: 96.86% Test OOD1: 89.53% 
Epoch: 231, Loss: 0.1655, Cls: 0.0730, Ind: 0.0002, Med: 0.0183, Spu: 0.0000, FD: 0.0740, Var: 0.0000, CStr: 0.350, Ctx: 2, Train: 99.75%, Valid: 96.68%, Test In: 96.73% Test OOD1: 89.88% 
Epoch: 232, Loss: 0.1693, Cls: 0.0747, Ind: 0.0002, Med: 0.0187, Spu: 0.0000, FD: 0.0757, Var: 0.0000, CStr: 0.350, Ctx: 2, Train: 99.74%, Valid: 96.59%, Test In: 96.61% Test OOD1: 89.83% 
Epoch: 233, Loss: 0.1718, Cls: 0.0759, Ind: 0.0002, Med: 0.0190, Spu: 0.0000, FD: 0.0766, Var: 0.0000, CStr: 0.350, Ctx: 2, Train: 99.75%, Valid: 96.72%, Test In: 96.74% Test OOD1: 89.04% 
Epoch: 234, Loss: 0.1715, Cls: 0.0756, Ind: 0.0001, Med: 0.0189, Spu: 0.0000, FD: 0.0769, Var: 0.0000, CStr: 0.350, Ctx: 2, Train: 99.79%, Valid: 96.86%, Test In: 96.74% Test OOD1: 88.63% 
Epoch: 235, Loss: 0.1638, Cls: 0.0724, Ind: 0.0001, Med: 0.0182, Spu: 0.0000, FD: 0.0731, Var: 0.0000, CStr: 0.350, Ctx: 2, Train: 99.79%, Valid: 96.74%, Test In: 96.71% Test OOD1: 89.27% 
Epoch: 236, Loss: 0.1673, Cls: 0.0738, Ind: 0.0001, Med: 0.0185, Spu: 0.0000, FD: 0.0748, Var: 0.0000, CStr: 0.349, Ctx: 2, Train: 99.83%, Valid: 96.86%, Test In: 96.87% Test OOD1: 87.81% 
Epoch: 237, Loss: 0.1624, Cls: 0.0715, Ind: 0.0001, Med: 0.0179, Spu: 0.0000, FD: 0.0729, Var: 0.0000, CStr: 0.349, Ctx: 2, Train: 99.75%, Valid: 96.65%, Test In: 96.69% Test OOD1: 89.72% 
Epoch: 238, Loss: 0.1721, Cls: 0.0761, Ind: 0.0001, Med: 0.0191, Spu: 0.0000, FD: 0.0767, Var: 0.0000, CStr: 0.349, Ctx: 2, Train: 99.80%, Valid: 96.87%, Test In: 96.96% Test OOD1: 88.04% 
Epoch: 239, Loss: 0.1656, Cls: 0.0731, Ind: 0.0001, Med: 0.0183, Spu: 0.0000, FD: 0.0740, Var: 0.0000, CStr: 0.349, Ctx: 2, Train: 99.82%, Valid: 96.94%, Test In: 97.11% Test OOD1: 87.85% 
Epoch: 240, Loss: 0.1614, Cls: 0.0710, Ind: 0.0001, Med: 0.0178, Spu: 0.0000, FD: 0.0724, Var: 0.0000, CStr: 0.349, Ctx: 2, Train: 99.70%, Valid: 96.57%, Test In: 96.59% Test OOD1: 90.47% 
Epoch: 241, Loss: 0.1727, Cls: 0.0763, Ind: 0.0002, Med: 0.0191, Spu: 0.0000, FD: 0.0772, Var: 0.0000, CStr: 0.349, Ctx: 2, Train: 99.84%, Valid: 97.03%, Test In: 97.05% Test OOD1: 87.63% 
Epoch: 242, Loss: 0.1703, Cls: 0.0751, Ind: 0.0001, Med: 0.0188, Spu: 0.0000, FD: 0.0762, Var: 0.0000, CStr: 0.348, Ctx: 2, Train: 99.75%, Valid: 96.73%, Test In: 96.70% Test OOD1: 90.43% 
Epoch: 243, Loss: 0.1705, Cls: 0.0752, Ind: 0.0002, Med: 0.0188, Spu: 0.0000, FD: 0.0762, Var: 0.0000, CStr: 0.348, Ctx: 2, Train: 99.77%, Valid: 96.74%, Test In: 96.69% Test OOD1: 90.10% 
Epoch: 244, Loss: 0.1687, Cls: 0.0744, Ind: 0.0002, Med: 0.0186, Spu: 0.0000, FD: 0.0755, Var: 0.0000, CStr: 0.348, Ctx: 2, Train: 99.84%, Valid: 97.00%, Test In: 97.16% Test OOD1: 87.51% 
Epoch: 245, Loss: 0.1664, Cls: 0.0736, Ind: 0.0002, Med: 0.0185, Spu: 0.0000, FD: 0.0742, Var: 0.0000, CStr: 0.348, Ctx: 2, Train: 99.71%, Valid: 96.63%, Test In: 96.61% Test OOD1: 89.99% 
Epoch: 246, Loss: 0.1743, Cls: 0.0768, Ind: 0.0002, Med: 0.0192, Spu: 0.0000, FD: 0.0781, Var: 0.0000, CStr: 0.348, Ctx: 2, Train: 99.82%, Valid: 96.87%, Test In: 97.07% Test OOD1: 88.58% 
Epoch: 247, Loss: 0.1585, Cls: 0.0698, Ind: 0.0002, Med: 0.0174, Spu: 0.0000, FD: 0.0711, Var: 0.0000, CStr: 0.348, Ctx: 2, Train: 99.85%, Valid: 97.00%, Test In: 97.14% Test OOD1: 87.68% 
Epoch: 248, Loss: 0.1639, Cls: 0.0725, Ind: 0.0002, Med: 0.0182, Spu: 0.0000, FD: 0.0730, Var: 0.0000, CStr: 0.348, Ctx: 2, Train: 99.73%, Valid: 96.63%, Test In: 96.64% Test OOD1: 91.05% 
Epoch: 249, Loss: 0.1623, Cls: 0.0717, Ind: 0.0001, Med: 0.0180, Spu: 0.0000, FD: 0.0724, Var: 0.0000, CStr: 0.347, Ctx: 2, Train: 99.83%, Valid: 96.90%, Test In: 97.10% Test OOD1: 90.19% 
Epoch: 250, Loss: 0.1569, Cls: 0.0692, Ind: 0.0001, Med: 0.0174, Spu: 0.0000, FD: 0.0701, Var: 0.0000, CStr: 0.347, Ctx: 2, Train: 99.86%, Valid: 97.10%, Test In: 97.09% Test OOD1: 90.14% 
Epoch: 251, Loss: 0.1671, Cls: 0.0737, Ind: 0.0001, Med: 0.0185, Spu: 0.0000, FD: 0.0748, Var: 0.0000, CStr: 0.347, Ctx: 2, Train: 99.78%, Valid: 96.67%, Test In: 96.84% Test OOD1: 91.79% 
Epoch: 252, Loss: 0.1656, Cls: 0.0732, Ind: 0.0002, Med: 0.0184, Spu: 0.0000, FD: 0.0738, Var: 0.0000, CStr: 0.347, Ctx: 2, Train: 99.86%, Valid: 96.99%, Test In: 97.13% Test OOD1: 89.58% 
Epoch: 253, Loss: 0.1617, Cls: 0.0714, Ind: 0.0002, Med: 0.0179, Spu: 0.0000, FD: 0.0722, Var: 0.0000, CStr: 0.347, Ctx: 2, Train: 99.85%, Valid: 97.00%, Test In: 96.91% Test OOD1: 89.56% 
Epoch: 254, Loss: 0.1636, Cls: 0.0722, Ind: 0.0001, Med: 0.0181, Spu: 0.0000, FD: 0.0732, Var: 0.0000, CStr: 0.347, Ctx: 2, Train: 99.73%, Valid: 96.50%, Test In: 96.53% Test OOD1: 90.95% 
Epoch: 255, Loss: 0.1669, Cls: 0.0737, Ind: 0.0001, Med: 0.0185, Spu: 0.0000, FD: 0.0745, Var: 0.0000, CStr: 0.347, Ctx: 2, Train: 99.85%, Valid: 97.07%, Test In: 97.17% Test OOD1: 88.38% 
Epoch: 256, Loss: 0.1584, Cls: 0.0700, Ind: 0.0002, Med: 0.0175, Spu: 0.0000, FD: 0.0708, Var: 0.0000, CStr: 0.347, Ctx: 2, Train: 99.81%, Valid: 96.93%, Test In: 96.84% Test OOD1: 90.76% 
Epoch: 257, Loss: 0.1649, Cls: 0.0727, Ind: 0.0002, Med: 0.0182, Spu: 0.0000, FD: 0.0739, Var: 0.0000, CStr: 0.347, Ctx: 2, Train: 99.79%, Valid: 96.89%, Test In: 96.98% Test OOD1: 90.61% 
Epoch: 258, Loss: 0.1689, Cls: 0.0745, Ind: 0.0002, Med: 0.0186, Spu: 0.0000, FD: 0.0756, Var: 0.0000, CStr: 0.347, Ctx: 2, Train: 99.87%, Valid: 97.19%, Test In: 97.17% Test OOD1: 89.26% 
Epoch: 259, Loss: 0.1646, Cls: 0.0725, Ind: 0.0002, Med: 0.0181, Spu: 0.0000, FD: 0.0737, Var: 0.0000, CStr: 0.346, Ctx: 2, Train: 99.83%, Valid: 96.98%, Test In: 96.86% Test OOD1: 91.33% 
Epoch: 260, Loss: 0.1566, Cls: 0.0690, Ind: 0.0001, Med: 0.0173, Spu: 0.0000, FD: 0.0701, Var: 0.0000, CStr: 0.346, Ctx: 2, Train: 99.73%, Valid: 96.71%, Test In: 96.84% Test OOD1: 90.56% 
Epoch: 261, Loss: 0.1625, Cls: 0.0718, Ind: 0.0001, Med: 0.0180, Spu: 0.0000, FD: 0.0725, Var: 0.0000, CStr: 0.346, Ctx: 2, Train: 99.89%, Valid: 97.17%, Test In: 97.19% Test OOD1: 88.86% 
Epoch: 262, Loss: 0.1539, Cls: 0.0680, Ind: 0.0001, Med: 0.0171, Spu: 0.0000, FD: 0.0687, Var: 0.0000, CStr: 0.346, Ctx: 2, Train: 99.76%, Valid: 96.71%, Test In: 96.61% Test OOD1: 91.74% 
Epoch: 263, Loss: 0.1729, Cls: 0.0763, Ind: 0.0001, Med: 0.0191, Spu: 0.0000, FD: 0.0774, Var: 0.0000, CStr: 0.346, Ctx: 2, Train: 99.77%, Valid: 96.85%, Test In: 97.01% Test OOD1: 88.83% 
Epoch: 264, Loss: 0.1652, Cls: 0.0731, Ind: 0.0002, Med: 0.0184, Spu: 0.0000, FD: 0.0735, Var: 0.0000, CStr: 0.346, Ctx: 2, Train: 99.87%, Valid: 97.04%, Test In: 97.07% Test OOD1: 89.85% 
Epoch: 265, Loss: 0.1533, Cls: 0.0678, Ind: 0.0001, Med: 0.0170, Spu: 0.0000, FD: 0.0683, Var: 0.0000, CStr: 0.346, Ctx: 2, Train: 99.84%, Valid: 96.86%, Test In: 96.76% Test OOD1: 90.07% 
Epoch: 266, Loss: 0.1709, Cls: 0.0754, Ind: 0.0002, Med: 0.0189, Spu: 0.0000, FD: 0.0764, Var: 0.0000, CStr: 0.346, Ctx: 2, Train: 99.81%, Valid: 97.06%, Test In: 97.05% Test OOD1: 88.64% 
Epoch: 267, Loss: 0.1596, Cls: 0.0705, Ind: 0.0001, Med: 0.0177, Spu: 0.0000, FD: 0.0712, Var: 0.0000, CStr: 0.346, Ctx: 2, Train: 99.87%, Valid: 97.02%, Test In: 97.08% Test OOD1: 89.83% 
Epoch: 268, Loss: 0.1529, Cls: 0.0676, Ind: 0.0001, Med: 0.0170, Spu: 0.0000, FD: 0.0682, Var: 0.0000, CStr: 0.346, Ctx: 2, Train: 99.78%, Valid: 96.90%, Test In: 96.92% Test OOD1: 90.53% 
Epoch: 269, Loss: 0.1568, Cls: 0.0692, Ind: 0.0001, Med: 0.0173, Spu: 0.0000, FD: 0.0702, Var: 0.0000, CStr: 0.346, Ctx: 2, Train: 99.89%, Valid: 97.21%, Test In: 97.21% Test OOD1: 88.29% 
Epoch: 270, Loss: 0.1581, Cls: 0.0698, Ind: 0.0001, Med: 0.0175, Spu: 0.0000, FD: 0.0707, Var: 0.0000, CStr: 0.346, Ctx: 2, Train: 99.78%, Valid: 96.85%, Test In: 96.94% Test OOD1: 90.62% 
Epoch: 271, Loss: 0.1532, Cls: 0.0676, Ind: 0.0001, Med: 0.0169, Spu: 0.0000, FD: 0.0685, Var: 0.0000, CStr: 0.346, Ctx: 2, Train: 99.84%, Valid: 96.95%, Test In: 96.99% Test OOD1: 90.76% 
Epoch: 272, Loss: 0.1542, Cls: 0.0682, Ind: 0.0002, Med: 0.0171, Spu: 0.0000, FD: 0.0687, Var: 0.0000, CStr: 0.346, Ctx: 2, Train: 99.91%, Valid: 97.22%, Test In: 97.34% Test OOD1: 87.78% 
Epoch: 273, Loss: 0.1615, Cls: 0.0712, Ind: 0.0001, Med: 0.0178, Spu: 0.0000, FD: 0.0724, Var: 0.0000, CStr: 0.346, Ctx: 2, Train: 99.78%, Valid: 96.78%, Test In: 96.85% Test OOD1: 91.10% 
Epoch: 274, Loss: 0.1531, Cls: 0.0675, Ind: 0.0001, Med: 0.0169, Spu: 0.0000, FD: 0.0685, Var: 0.0000, CStr: 0.346, Ctx: 2, Train: 99.85%, Valid: 97.00%, Test In: 97.18% Test OOD1: 90.63% 
Epoch: 275, Loss: 0.1448, Cls: 0.0638, Ind: 0.0001, Med: 0.0160, Spu: 0.0000, FD: 0.0648, Var: 0.0000, CStr: 0.346, Ctx: 2, Train: 99.90%, Valid: 97.37%, Test In: 97.21% Test OOD1: 87.03% 
Epoch: 276, Loss: 0.1737, Cls: 0.0766, Ind: 0.0002, Med: 0.0191, Spu: 0.0000, FD: 0.0779, Var: 0.0000, CStr: 0.346, Ctx: 2, Train: 99.73%, Valid: 96.66%, Test In: 96.63% Test OOD1: 91.79% 
Epoch: 277, Loss: 0.1613, Cls: 0.0711, Ind: 0.0001, Med: 0.0178, Spu: 0.0000, FD: 0.0722, Var: 0.0000, CStr: 0.346, Ctx: 2, Train: 99.85%, Valid: 96.93%, Test In: 97.11% Test OOD1: 89.85% 
Epoch: 278, Loss: 0.1606, Cls: 0.0707, Ind: 0.0001, Med: 0.0177, Spu: 0.0000, FD: 0.0721, Var: 0.0000, CStr: 0.346, Ctx: 2, Train: 99.91%, Valid: 97.24%, Test In: 97.24% Test OOD1: 87.49% 
Epoch: 279, Loss: 0.1652, Cls: 0.0731, Ind: 0.0001, Med: 0.0183, Spu: 0.0000, FD: 0.0736, Var: 0.0000, CStr: 0.346, Ctx: 2, Train: 99.82%, Valid: 96.86%, Test In: 96.67% Test OOD1: 91.06% 
Epoch: 280, Loss: 0.1603, Cls: 0.0707, Ind: 0.0002, Med: 0.0177, Spu: 0.0000, FD: 0.0717, Var: 0.0000, CStr: 0.346, Ctx: 2, Train: 99.80%, Valid: 96.90%, Test In: 97.09% Test OOD1: 89.41% 
Epoch: 281, Loss: 0.1635, Cls: 0.0721, Ind: 0.0002, Med: 0.0181, Spu: 0.0000, FD: 0.0731, Var: 0.0000, CStr: 0.346, Ctx: 2, Train: 99.91%, Valid: 97.28%, Test In: 97.38% Test OOD1: 88.89% 
Epoch: 282, Loss: 0.1499, Cls: 0.0663, Ind: 0.0001, Med: 0.0167, Spu: 0.0000, FD: 0.0668, Var: 0.0000, CStr: 0.346, Ctx: 2, Train: 99.87%, Valid: 97.05%, Test In: 96.93% Test OOD1: 91.13% 
Epoch: 283, Loss: 0.1571, Cls: 0.0692, Ind: 0.0001, Med: 0.0173, Spu: 0.0000, FD: 0.0705, Var: 0.0000, CStr: 0.346, Ctx: 2, Train: 99.86%, Valid: 96.96%, Test In: 97.09% Test OOD1: 90.69% 
Epoch: 284, Loss: 0.1525, Cls: 0.0671, Ind: 0.0001, Med: 0.0168, Spu: 0.0000, FD: 0.0684, Var: 0.0000, CStr: 0.346, Ctx: 2, Train: 99.88%, Valid: 97.02%, Test In: 97.30% Test OOD1: 90.02% 
Epoch: 285, Loss: 0.1489, Cls: 0.0656, Ind: 0.0001, Med: 0.0164, Spu: 0.0000, FD: 0.0667, Var: 0.0000, CStr: 0.346, Ctx: 2, Train: 99.89%, Valid: 97.03%, Test In: 97.00% Test OOD1: 91.61% 
Epoch: 286, Loss: 0.1526, Cls: 0.0675, Ind: 0.0001, Med: 0.0170, Spu: 0.0000, FD: 0.0680, Var: 0.0000, CStr: 0.346, Ctx: 2, Train: 99.91%, Valid: 97.21%, Test In: 97.17% Test OOD1: 90.76% 
Epoch: 287, Loss: 0.1451, Cls: 0.0640, Ind: 0.0001, Med: 0.0160, Spu: 0.0000, FD: 0.0649, Var: 0.0000, CStr: 0.346, Ctx: 2, Train: 99.90%, Valid: 97.09%, Test In: 97.20% Test OOD1: 90.45% 
Epoch: 288, Loss: 0.1435, Cls: 0.0633, Ind: 0.0001, Med: 0.0159, Spu: 0.0000, FD: 0.0641, Var: 0.0000, CStr: 0.346, Ctx: 2, Train: 99.89%, Valid: 97.07%, Test In: 97.09% Test OOD1: 90.73% 
Epoch: 289, Loss: 0.1402, Cls: 0.0618, Ind: 0.0001, Med: 0.0155, Spu: 0.0000, FD: 0.0628, Var: 0.0000, CStr: 0.346, Ctx: 2, Train: 99.91%, Valid: 97.21%, Test In: 97.09% Test OOD1: 90.25% 
Epoch: 290, Loss: 0.1473, Cls: 0.0648, Ind: 0.0001, Med: 0.0162, Spu: 0.0000, FD: 0.0661, Var: 0.0000, CStr: 0.346, Ctx: 2, Train: 99.90%, Valid: 97.15%, Test In: 97.26% Test OOD1: 89.94% 
Epoch: 291, Loss: 0.1487, Cls: 0.0656, Ind: 0.0001, Med: 0.0164, Spu: 0.0000, FD: 0.0665, Var: 0.0000, CStr: 0.346, Ctx: 2, Train: 99.86%, Valid: 96.95%, Test In: 96.96% Test OOD1: 91.01% 
Epoch: 292, Loss: 0.1537, Cls: 0.0678, Ind: 0.0001, Med: 0.0170, Spu: 0.0000, FD: 0.0688, Var: 0.0000, CStr: 0.347, Ctx: 2, Train: 99.91%, Valid: 97.30%, Test In: 97.36% Test OOD1: 89.55% 
Epoch: 293, Loss: 0.1376, Cls: 0.0607, Ind: 0.0001, Med: 0.0152, Spu: 0.0000, FD: 0.0616, Var: 0.0000, CStr: 0.347, Ctx: 2, Train: 99.91%, Valid: 97.27%, Test In: 97.21% Test OOD1: 90.43% 
Epoch: 294, Loss: 0.1497, Cls: 0.0661, Ind: 0.0001, Med: 0.0166, Spu: 0.0000, FD: 0.0669, Var: 0.0000, CStr: 0.347, Ctx: 2, Train: 99.85%, Valid: 97.04%, Test In: 97.13% Test OOD1: 90.76% 
Epoch: 295, Loss: 0.1421, Cls: 0.0627, Ind: 0.0001, Med: 0.0157, Spu: 0.0000, FD: 0.0635, Var: 0.0000, CStr: 0.347, Ctx: 2, Train: 99.85%, Valid: 97.12%, Test In: 97.14% Test OOD1: 89.42% 
Epoch: 296, Loss: 0.1537, Cls: 0.0678, Ind: 0.0001, Med: 0.0170, Spu: 0.0000, FD: 0.0688, Var: 0.0000, CStr: 0.347, Ctx: 2, Train: 99.88%, Valid: 97.11%, Test In: 97.08% Test OOD1: 90.19% 
Epoch: 297, Loss: 0.1463, Cls: 0.0645, Ind: 0.0001, Med: 0.0162, Spu: 0.0000, FD: 0.0655, Var: 0.0000, CStr: 0.347, Ctx: 2, Train: 99.91%, Valid: 97.17%, Test In: 97.15% Test OOD1: 90.18% 
Epoch: 298, Loss: 0.1521, Cls: 0.0670, Ind: 0.0001, Med: 0.0168, Spu: 0.0000, FD: 0.0682, Var: 0.0000, CStr: 0.347, Ctx: 2, Train: 99.87%, Valid: 97.11%, Test In: 97.18% Test OOD1: 89.53% 
Epoch: 299, Loss: 0.1458, Cls: 0.0643, Ind: 0.0001, Med: 0.0161, Spu: 0.0000, FD: 0.0653, Var: 0.0000, CStr: 0.347, Ctx: 2, Train: 99.91%, Valid: 97.16%, Test In: 97.19% Test OOD1: 90.69% 
Epoch: 300, Loss: 0.1373, Cls: 0.0605, Ind: 0.0001, Med: 0.0151, Spu: 0.0000, FD: 0.0615, Var: 0.0000, CStr: 0.347, Ctx: 2, Train: 99.87%, Valid: 97.17%, Test In: 97.04% Test OOD1: 90.80% 
Epoch: 301, Loss: 0.1472, Cls: 0.0649, Ind: 0.0001, Med: 0.0163, Spu: 0.0000, FD: 0.0658, Var: 0.0000, CStr: 0.347, Ctx: 2, Train: 99.89%, Valid: 97.13%, Test In: 97.18% Test OOD1: 89.55% 
Epoch: 302, Loss: 0.1490, Cls: 0.0660, Ind: 0.0001, Med: 0.0166, Spu: 0.0000, FD: 0.0662, Var: 0.0000, CStr: 0.347, Ctx: 2, Train: 99.85%, Valid: 97.03%, Test In: 96.97% Test OOD1: 91.42% 
Epoch: 303, Loss: 0.1431, Cls: 0.0632, Ind: 0.0001, Med: 0.0158, Spu: 0.0000, FD: 0.0639, Var: 0.0000, CStr: 0.347, Ctx: 2, Train: 99.93%, Valid: 97.16%, Test In: 97.02% Test OOD1: 90.66% 
Epoch: 304, Loss: 0.1482, Cls: 0.0651, Ind: 0.0001, Med: 0.0162, Spu: 0.0000, FD: 0.0667, Var: 0.0000, CStr: 0.347, Ctx: 2, Train: 99.89%, Valid: 97.19%, Test In: 97.37% Test OOD1: 90.00% 
Epoch: 305, Loss: 0.1399, Cls: 0.0618, Ind: 0.0001, Med: 0.0155, Spu: 0.0000, FD: 0.0624, Var: 0.0000, CStr: 0.347, Ctx: 2, Train: 99.81%, Valid: 96.86%, Test In: 96.91% Test OOD1: 91.73% 
Epoch: 306, Loss: 0.1469, Cls: 0.0649, Ind: 0.0001, Med: 0.0163, Spu: 0.0000, FD: 0.0656, Var: 0.0000, CStr: 0.347, Ctx: 2, Train: 99.92%, Valid: 97.23%, Test In: 97.18% Test OOD1: 91.07% 
Epoch: 307, Loss: 0.1361, Cls: 0.0601, Ind: 0.0001, Med: 0.0151, Spu: 0.0000, FD: 0.0607, Var: 0.0000, CStr: 0.348, Ctx: 2, Train: 99.93%, Valid: 97.23%, Test In: 97.16% Test OOD1: 90.31% 
Epoch: 308, Loss: 0.1395, Cls: 0.0618, Ind: 0.0001, Med: 0.0155, Spu: 0.0000, FD: 0.0621, Var: 0.0000, CStr: 0.348, Ctx: 2, Train: 99.89%, Valid: 97.05%, Test In: 97.09% Test OOD1: 91.26% 
Epoch: 309, Loss: 0.1391, Cls: 0.0613, Ind: 0.0001, Med: 0.0154, Spu: 0.0000, FD: 0.0622, Var: 0.0000, CStr: 0.348, Ctx: 2, Train: 99.92%, Valid: 97.21%, Test In: 97.27% Test OOD1: 90.12% 
Epoch: 310, Loss: 0.1404, Cls: 0.0621, Ind: 0.0001, Med: 0.0156, Spu: 0.0000, FD: 0.0626, Var: 0.0000, CStr: 0.348, Ctx: 2, Train: 99.93%, Valid: 97.19%, Test In: 97.21% Test OOD1: 90.41% 
Epoch: 311, Loss: 0.1388, Cls: 0.0614, Ind: 0.0001, Med: 0.0154, Spu: 0.0000, FD: 0.0619, Var: 0.0000, CStr: 0.348, Ctx: 2, Train: 99.91%, Valid: 97.20%, Test In: 97.09% Test OOD1: 90.93% 
Epoch: 312, Loss: 0.1331, Cls: 0.0586, Ind: 0.0001, Med: 0.0147, Spu: 0.0000, FD: 0.0597, Var: 0.0000, CStr: 0.348, Ctx: 2, Train: 99.93%, Valid: 97.22%, Test In: 97.34% Test OOD1: 88.87% 
Epoch: 313, Loss: 0.1444, Cls: 0.0638, Ind: 0.0001, Med: 0.0160, Spu: 0.0000, FD: 0.0645, Var: 0.0000, CStr: 0.348, Ctx: 2, Train: 99.90%, Valid: 97.07%, Test In: 97.09% Test OOD1: 90.97% 
Epoch: 314, Loss: 0.1413, Cls: 0.0622, Ind: 0.0001, Med: 0.0156, Spu: 0.0000, FD: 0.0633, Var: 0.0000, CStr: 0.347, Ctx: 2, Train: 99.93%, Valid: 97.09%, Test In: 97.17% Test OOD1: 90.02% 
Epoch: 315, Loss: 0.1396, Cls: 0.0617, Ind: 0.0001, Med: 0.0155, Spu: 0.0000, FD: 0.0623, Var: 0.0000, CStr: 0.347, Ctx: 2, Train: 99.93%, Valid: 97.19%, Test In: 97.35% Test OOD1: 88.41% 
Epoch: 316, Loss: 0.1432, Cls: 0.0631, Ind: 0.0001, Med: 0.0158, Spu: 0.0000, FD: 0.0641, Var: 0.0000, CStr: 0.347, Ctx: 2, Train: 99.84%, Valid: 96.80%, Test In: 96.93% Test OOD1: 91.42% 
Epoch: 317, Loss: 0.1435, Cls: 0.0633, Ind: 0.0001, Med: 0.0159, Spu: 0.0000, FD: 0.0641, Var: 0.0000, CStr: 0.347, Ctx: 2, Train: 99.94%, Valid: 97.16%, Test In: 97.26% Test OOD1: 89.65% 
Epoch: 318, Loss: 0.1349, Cls: 0.0596, Ind: 0.0001, Med: 0.0149, Spu: 0.0000, FD: 0.0603, Var: 0.0000, CStr: 0.347, Ctx: 2, Train: 99.94%, Valid: 97.30%, Test In: 97.25% Test OOD1: 89.73% 
Epoch: 319, Loss: 0.1389, Cls: 0.0614, Ind: 0.0001, Med: 0.0154, Spu: 0.0000, FD: 0.0619, Var: 0.0000, CStr: 0.347, Ctx: 2, Train: 99.89%, Valid: 97.08%, Test In: 97.13% Test OOD1: 91.39% 
Epoch: 320, Loss: 0.1342, Cls: 0.0592, Ind: 0.0001, Med: 0.0148, Spu: 0.0000, FD: 0.0600, Var: 0.0000, CStr: 0.347, Ctx: 2, Train: 99.93%, Valid: 97.34%, Test In: 97.30% Test OOD1: 90.69% 
Epoch: 321, Loss: 0.1455, Cls: 0.0642, Ind: 0.0001, Med: 0.0161, Spu: 0.0000, FD: 0.0651, Var: 0.0000, CStr: 0.347, Ctx: 2, Train: 99.93%, Valid: 97.35%, Test In: 97.17% Test OOD1: 90.43% 
Epoch: 322, Loss: 0.1381, Cls: 0.0611, Ind: 0.0001, Med: 0.0154, Spu: 0.0000, FD: 0.0614, Var: 0.0000, CStr: 0.347, Ctx: 2, Train: 99.93%, Valid: 97.15%, Test In: 97.18% Test OOD1: 90.83% 
Epoch: 323, Loss: 0.1370, Cls: 0.0604, Ind: 0.0001, Med: 0.0151, Spu: 0.0000, FD: 0.0613, Var: 0.0000, CStr: 0.347, Ctx: 2, Train: 99.89%, Valid: 97.07%, Test In: 97.16% Test OOD1: 90.83% 
Epoch: 324, Loss: 0.1382, Cls: 0.0610, Ind: 0.0001, Med: 0.0153, Spu: 0.0000, FD: 0.0618, Var: 0.0000, CStr: 0.347, Ctx: 2, Train: 99.95%, Valid: 97.29%, Test In: 97.32% Test OOD1: 90.20% 
Epoch: 325, Loss: 0.1384, Cls: 0.0611, Ind: 0.0001, Med: 0.0153, Spu: 0.0000, FD: 0.0619, Var: 0.0000, CStr: 0.347, Ctx: 2, Train: 99.94%, Valid: 97.33%, Test In: 97.31% Test OOD1: 90.26% 
Epoch: 326, Loss: 0.1374, Cls: 0.0606, Ind: 0.0001, Med: 0.0152, Spu: 0.0000, FD: 0.0614, Var: 0.0000, CStr: 0.347, Ctx: 2, Train: 99.91%, Valid: 97.00%, Test In: 97.20% Test OOD1: 91.37% 
Epoch: 327, Loss: 0.1334, Cls: 0.0590, Ind: 0.0001, Med: 0.0148, Spu: 0.0000, FD: 0.0594, Var: 0.0000, CStr: 0.347, Ctx: 2, Train: 99.92%, Valid: 97.11%, Test In: 97.31% Test OOD1: 90.67% 
Epoch: 328, Loss: 0.1352, Cls: 0.0595, Ind: 0.0001, Med: 0.0149, Spu: 0.0000, FD: 0.0606, Var: 0.0000, CStr: 0.347, Ctx: 2, Train: 99.94%, Valid: 97.27%, Test In: 97.34% Test OOD1: 89.80% 
Epoch: 329, Loss: 0.1363, Cls: 0.0601, Ind: 0.0001, Med: 0.0150, Spu: 0.0000, FD: 0.0611, Var: 0.0000, CStr: 0.347, Ctx: 2, Train: 99.91%, Valid: 97.11%, Test In: 97.23% Test OOD1: 91.53% 
Epoch: 330, Loss: 0.1377, Cls: 0.0607, Ind: 0.0001, Med: 0.0152, Spu: 0.0000, FD: 0.0617, Var: 0.0000, CStr: 0.347, Ctx: 2, Train: 99.90%, Valid: 97.17%, Test In: 97.26% Test OOD1: 90.91% 
Epoch: 331, Loss: 0.1310, Cls: 0.0578, Ind: 0.0001, Med: 0.0145, Spu: 0.0000, FD: 0.0586, Var: 0.0000, CStr: 0.347, Ctx: 2, Train: 99.93%, Valid: 97.23%, Test In: 97.36% Test OOD1: 90.47% 
Epoch: 332, Loss: 0.1310, Cls: 0.0578, Ind: 0.0001, Med: 0.0145, Spu: 0.0000, FD: 0.0585, Var: 0.0000, CStr: 0.347, Ctx: 2, Train: 99.94%, Valid: 97.21%, Test In: 97.23% Test OOD1: 90.83% 
Epoch: 333, Loss: 0.1360, Cls: 0.0601, Ind: 0.0001, Med: 0.0151, Spu: 0.0000, FD: 0.0606, Var: 0.0000, CStr: 0.347, Ctx: 2, Train: 99.93%, Valid: 97.19%, Test In: 97.41% Test OOD1: 90.31% 
Epoch: 334, Loss: 0.1339, Cls: 0.0592, Ind: 0.0001, Med: 0.0149, Spu: 0.0000, FD: 0.0597, Var: 0.0000, CStr: 0.347, Ctx: 2, Train: 99.93%, Valid: 97.17%, Test In: 97.35% Test OOD1: 90.96% 
Epoch: 335, Loss: 0.1309, Cls: 0.0579, Ind: 0.0001, Med: 0.0145, Spu: 0.0000, FD: 0.0584, Var: 0.0000, CStr: 0.346, Ctx: 2, Train: 99.95%, Valid: 97.32%, Test In: 97.35% Test OOD1: 89.68% 
Epoch: 336, Loss: 0.1377, Cls: 0.0608, Ind: 0.0001, Med: 0.0152, Spu: 0.0000, FD: 0.0616, Var: 0.0000, CStr: 0.346, Ctx: 2, Train: 99.88%, Valid: 96.94%, Test In: 97.00% Test OOD1: 92.80% 
Epoch: 337, Loss: 0.1378, Cls: 0.0608, Ind: 0.0001, Med: 0.0152, Spu: 0.0000, FD: 0.0616, Var: 0.0000, CStr: 0.346, Ctx: 2, Train: 99.93%, Valid: 97.23%, Test In: 97.44% Test OOD1: 90.56% 
Epoch: 338, Loss: 0.1313, Cls: 0.0579, Ind: 0.0001, Med: 0.0145, Spu: 0.0000, FD: 0.0588, Var: 0.0000, CStr: 0.346, Ctx: 2, Train: 99.92%, Valid: 97.15%, Test In: 97.22% Test OOD1: 91.53% 
Epoch: 339, Loss: 0.1229, Cls: 0.0543, Ind: 0.0001, Med: 0.0136, Spu: 0.0000, FD: 0.0549, Var: 0.0000, CStr: 0.346, Ctx: 2, Train: 99.91%, Valid: 97.15%, Test In: 97.14% Test OOD1: 91.24% 
Epoch: 340, Loss: 0.1242, Cls: 0.0548, Ind: 0.0001, Med: 0.0137, Spu: 0.0000, FD: 0.0556, Var: 0.0000, CStr: 0.346, Ctx: 2, Train: 99.93%, Valid: 97.25%, Test In: 97.48% Test OOD1: 89.40% 
Epoch: 341, Loss: 0.1310, Cls: 0.0579, Ind: 0.0001, Med: 0.0145, Spu: 0.0000, FD: 0.0584, Var: 0.0000, CStr: 0.346, Ctx: 2, Train: 99.92%, Valid: 97.04%, Test In: 97.26% Test OOD1: 91.73% 
Epoch: 342, Loss: 0.1298, Cls: 0.0572, Ind: 0.0001, Med: 0.0143, Spu: 0.0000, FD: 0.0583, Var: 0.0000, CStr: 0.346, Ctx: 2, Train: 99.96%, Valid: 97.38%, Test In: 97.46% Test OOD1: 90.66% 
Epoch: 343, Loss: 0.1336, Cls: 0.0589, Ind: 0.0001, Med: 0.0147, Spu: 0.0000, FD: 0.0599, Var: 0.0000, CStr: 0.346, Ctx: 2, Train: 99.97%, Valid: 97.37%, Test In: 97.45% Test OOD1: 90.55% 
Epoch: 344, Loss: 0.1333, Cls: 0.0589, Ind: 0.0001, Med: 0.0148, Spu: 0.0000, FD: 0.0595, Var: 0.0000, CStr: 0.346, Ctx: 2, Train: 99.93%, Valid: 97.19%, Test In: 97.35% Test OOD1: 91.08% 
Epoch: 345, Loss: 0.1328, Cls: 0.0586, Ind: 0.0001, Med: 0.0147, Spu: 0.0000, FD: 0.0594, Var: 0.0000, CStr: 0.346, Ctx: 2, Train: 99.96%, Valid: 97.31%, Test In: 97.33% Test OOD1: 90.84% 
Epoch: 346, Loss: 0.1229, Cls: 0.0542, Ind: 0.0001, Med: 0.0136, Spu: 0.0000, FD: 0.0550, Var: 0.0000, CStr: 0.346, Ctx: 2, Train: 99.95%, Valid: 97.35%, Test In: 97.37% Test OOD1: 90.66% 
Epoch: 347, Loss: 0.1197, Cls: 0.0528, Ind: 0.0001, Med: 0.0132, Spu: 0.0000, FD: 0.0535, Var: 0.0000, CStr: 0.346, Ctx: 2, Train: 99.93%, Valid: 97.36%, Test In: 97.45% Test OOD1: 90.60% 
Epoch: 348, Loss: 0.1286, Cls: 0.0567, Ind: 0.0001, Med: 0.0142, Spu: 0.0000, FD: 0.0576, Var: 0.0000, CStr: 0.346, Ctx: 2, Train: 99.92%, Valid: 97.17%, Test In: 97.18% Test OOD1: 91.79% 
Epoch: 349, Loss: 0.1265, Cls: 0.0558, Ind: 0.0001, Med: 0.0140, Spu: 0.0000, FD: 0.0566, Var: 0.0000, CStr: 0.346, Ctx: 2, Train: 99.95%, Valid: 97.46%, Test In: 97.46% Test OOD1: 90.24% 
Epoch: 350, Loss: 0.1303, Cls: 0.0574, Ind: 0.0001, Med: 0.0143, Spu: 0.0000, FD: 0.0585, Var: 0.0000, CStr: 0.346, Ctx: 2, Train: 99.94%, Valid: 97.34%, Test In: 97.32% Test OOD1: 91.26% 
Epoch: 351, Loss: 0.1322, Cls: 0.0584, Ind: 0.0001, Med: 0.0146, Spu: 0.0000, FD: 0.0591, Var: 0.0000, CStr: 0.347, Ctx: 2, Train: 99.94%, Valid: 97.25%, Test In: 97.27% Test OOD1: 91.86% 
Epoch: 352, Loss: 0.1325, Cls: 0.0586, Ind: 0.0001, Med: 0.0147, Spu: 0.0000, FD: 0.0591, Var: 0.0000, CStr: 0.347, Ctx: 2, Train: 99.97%, Valid: 97.37%, Test In: 97.53% Test OOD1: 90.43% 
Epoch: 353, Loss: 0.1298, Cls: 0.0574, Ind: 0.0001, Med: 0.0144, Spu: 0.0000, FD: 0.0578, Var: 0.0000, CStr: 0.347, Ctx: 2, Train: 99.97%, Valid: 97.32%, Test In: 97.40% Test OOD1: 90.58% 
Epoch: 354, Loss: 0.1281, Cls: 0.0566, Ind: 0.0001, Med: 0.0142, Spu: 0.0000, FD: 0.0572, Var: 0.0000, CStr: 0.347, Ctx: 2, Train: 99.94%, Valid: 97.23%, Test In: 97.20% Test OOD1: 91.13% 
Epoch: 355, Loss: 0.1260, Cls: 0.0555, Ind: 0.0001, Med: 0.0139, Spu: 0.0000, FD: 0.0564, Var: 0.0000, CStr: 0.347, Ctx: 2, Train: 99.95%, Valid: 97.35%, Test In: 97.40% Test OOD1: 88.72% 
Epoch: 356, Loss: 0.1286, Cls: 0.0567, Ind: 0.0001, Med: 0.0142, Spu: 0.0000, FD: 0.0576, Var: 0.0000, CStr: 0.347, Ctx: 2, Train: 99.96%, Valid: 97.25%, Test In: 97.28% Test OOD1: 90.57% 
Epoch: 357, Loss: 0.1244, Cls: 0.0549, Ind: 0.0001, Med: 0.0138, Spu: 0.0000, FD: 0.0556, Var: 0.0000, CStr: 0.347, Ctx: 2, Train: 99.95%, Valid: 97.22%, Test In: 97.23% Test OOD1: 91.35% 
Epoch: 358, Loss: 0.1337, Cls: 0.0591, Ind: 0.0001, Med: 0.0148, Spu: 0.0000, FD: 0.0597, Var: 0.0000, CStr: 0.347, Ctx: 2, Train: 99.94%, Valid: 97.36%, Test In: 97.49% Test OOD1: 89.99% 
Epoch: 359, Loss: 0.1336, Cls: 0.0589, Ind: 0.0001, Med: 0.0147, Spu: 0.0000, FD: 0.0599, Var: 0.0000, CStr: 0.347, Ctx: 2, Train: 99.96%, Valid: 97.34%, Test In: 97.44% Test OOD1: 91.46% 
Epoch: 360, Loss: 0.1272, Cls: 0.0562, Ind: 0.0001, Med: 0.0141, Spu: 0.0000, FD: 0.0568, Var: 0.0000, CStr: 0.347, Ctx: 2, Train: 99.96%, Valid: 97.36%, Test In: 97.53% Test OOD1: 91.30% 
Epoch: 361, Loss: 0.1246, Cls: 0.0549, Ind: 0.0001, Med: 0.0137, Spu: 0.0000, FD: 0.0558, Var: 0.0000, CStr: 0.347, Ctx: 2, Train: 99.95%, Valid: 97.31%, Test In: 97.44% Test OOD1: 91.45% 
Epoch: 362, Loss: 0.1275, Cls: 0.0563, Ind: 0.0001, Med: 0.0141, Spu: 0.0000, FD: 0.0570, Var: 0.0000, CStr: 0.347, Ctx: 2, Train: 99.95%, Valid: 97.40%, Test In: 97.46% Test OOD1: 91.00% 
Epoch: 363, Loss: 0.1233, Cls: 0.0545, Ind: 0.0001, Med: 0.0137, Spu: 0.0000, FD: 0.0550, Var: 0.0000, CStr: 0.347, Ctx: 2, Train: 99.96%, Valid: 97.35%, Test In: 97.38% Test OOD1: 91.08% 
Epoch: 364, Loss: 0.1243, Cls: 0.0550, Ind: 0.0001, Med: 0.0138, Spu: 0.0000, FD: 0.0553, Var: 0.0000, CStr: 0.347, Ctx: 2, Train: 99.96%, Valid: 97.40%, Test In: 97.41% Test OOD1: 91.29% 
Epoch: 365, Loss: 0.1241, Cls: 0.0549, Ind: 0.0001, Med: 0.0138, Spu: 0.0000, FD: 0.0554, Var: 0.0000, CStr: 0.347, Ctx: 2, Train: 99.96%, Valid: 97.50%, Test In: 97.51% Test OOD1: 90.74% 
Epoch: 366, Loss: 0.1190, Cls: 0.0525, Ind: 0.0001, Med: 0.0132, Spu: 0.0000, FD: 0.0532, Var: 0.0000, CStr: 0.347, Ctx: 2, Train: 99.95%, Valid: 97.50%, Test In: 97.45% Test OOD1: 90.99% 
Epoch: 367, Loss: 0.1174, Cls: 0.0517, Ind: 0.0001, Med: 0.0129, Spu: 0.0000, FD: 0.0527, Var: 0.0000, CStr: 0.347, Ctx: 2, Train: 99.95%, Valid: 97.45%, Test In: 97.40% Test OOD1: 90.55% 
Epoch: 368, Loss: 0.1160, Cls: 0.0513, Ind: 0.0001, Med: 0.0129, Spu: 0.0000, FD: 0.0517, Var: 0.0000, CStr: 0.348, Ctx: 2, Train: 99.97%, Valid: 97.44%, Test In: 97.48% Test OOD1: 89.71% 
Epoch: 369, Loss: 0.1203, Cls: 0.0531, Ind: 0.0001, Med: 0.0133, Spu: 0.0000, FD: 0.0537, Var: 0.0000, CStr: 0.348, Ctx: 2, Train: 99.94%, Valid: 97.23%, Test In: 97.28% Test OOD1: 90.82% 
Epoch: 370, Loss: 0.1194, Cls: 0.0526, Ind: 0.0001, Med: 0.0131, Spu: 0.0000, FD: 0.0536, Var: 0.0000, CStr: 0.348, Ctx: 2, Train: 99.94%, Valid: 97.19%, Test In: 97.25% Test OOD1: 91.11% 
Epoch: 371, Loss: 0.1290, Cls: 0.0569, Ind: 0.0001, Med: 0.0142, Spu: 0.0000, FD: 0.0577, Var: 0.0000, CStr: 0.348, Ctx: 2, Train: 99.97%, Valid: 97.44%, Test In: 97.36% Test OOD1: 90.30% 
Epoch: 372, Loss: 0.1239, Cls: 0.0547, Ind: 0.0001, Med: 0.0137, Spu: 0.0000, FD: 0.0553, Var: 0.0000, CStr: 0.348, Ctx: 2, Train: 99.95%, Valid: 97.32%, Test In: 97.27% Test OOD1: 91.71% 
Epoch: 373, Loss: 0.1245, Cls: 0.0549, Ind: 0.0001, Med: 0.0137, Spu: 0.0000, FD: 0.0557, Var: 0.0000, CStr: 0.348, Ctx: 2, Train: 99.91%, Valid: 97.12%, Test In: 97.03% Test OOD1: 92.70% 
Epoch: 374, Loss: 0.1347, Cls: 0.0594, Ind: 0.0001, Med: 0.0148, Spu: 0.0000, FD: 0.0604, Var: 0.0000, CStr: 0.348, Ctx: 2, Train: 99.94%, Valid: 97.34%, Test In: 97.40% Test OOD1: 90.56% 
Epoch: 375, Loss: 0.1262, Cls: 0.0557, Ind: 0.0001, Med: 0.0139, Spu: 0.0000, FD: 0.0565, Var: 0.0000, CStr: 0.348, Ctx: 2, Train: 99.94%, Valid: 97.21%, Test In: 97.09% Test OOD1: 92.50% 
Epoch: 376, Loss: 0.1343, Cls: 0.0592, Ind: 0.0002, Med: 0.0148, Spu: 0.0000, FD: 0.0601, Var: 0.0000, CStr: 0.348, Ctx: 2, Train: 99.97%, Valid: 97.44%, Test In: 97.45% Test OOD1: 90.75% 
Epoch: 377, Loss: 0.1239, Cls: 0.0547, Ind: 0.0001, Med: 0.0137, Spu: 0.0000, FD: 0.0554, Var: 0.0000, CStr: 0.348, Ctx: 2, Train: 99.95%, Valid: 97.42%, Test In: 97.46% Test OOD1: 91.11% 
Epoch: 378, Loss: 0.1206, Cls: 0.0532, Ind: 0.0001, Med: 0.0133, Spu: 0.0000, FD: 0.0539, Var: 0.0000, CStr: 0.349, Ctx: 2, Train: 99.89%, Valid: 97.19%, Test In: 97.01% Test OOD1: 93.08% 
Epoch: 379, Loss: 0.1330, Cls: 0.0588, Ind: 0.0001, Med: 0.0148, Spu: 0.0000, FD: 0.0593, Var: 0.0000, CStr: 0.349, Ctx: 2, Train: 99.97%, Valid: 97.46%, Test In: 97.59% Test OOD1: 89.85% 
Epoch: 380, Loss: 0.1326, Cls: 0.0586, Ind: 0.0001, Med: 0.0147, Spu: 0.0000, FD: 0.0592, Var: 0.0000, CStr: 0.349, Ctx: 2, Train: 99.94%, Valid: 97.41%, Test In: 97.34% Test OOD1: 92.29% 
Epoch: 381, Loss: 0.1223, Cls: 0.0541, Ind: 0.0001, Med: 0.0136, Spu: 0.0000, FD: 0.0545, Var: 0.0000, CStr: 0.349, Ctx: 2, Train: 99.94%, Valid: 97.44%, Test In: 97.32% Test OOD1: 92.57% 
Epoch: 382, Loss: 0.1212, Cls: 0.0536, Ind: 0.0001, Med: 0.0135, Spu: 0.0000, FD: 0.0540, Var: 0.0000, CStr: 0.349, Ctx: 2, Train: 99.97%, Valid: 97.57%, Test In: 97.52% Test OOD1: 90.94% 
Epoch: 383, Loss: 0.1240, Cls: 0.0547, Ind: 0.0001, Med: 0.0137, Spu: 0.0000, FD: 0.0554, Var: 0.0000, CStr: 0.349, Ctx: 2, Train: 99.95%, Valid: 97.43%, Test In: 97.31% Test OOD1: 92.60% 
Epoch: 384, Loss: 0.1165, Cls: 0.0513, Ind: 0.0001, Med: 0.0128, Spu: 0.0000, FD: 0.0522, Var: 0.0000, CStr: 0.349, Ctx: 2, Train: 99.96%, Valid: 97.43%, Test In: 97.27% Test OOD1: 92.54% 
Epoch: 385, Loss: 0.1223, Cls: 0.0539, Ind: 0.0001, Med: 0.0135, Spu: 0.0000, FD: 0.0547, Var: 0.0000, CStr: 0.349, Ctx: 2, Train: 99.96%, Valid: 97.57%, Test In: 97.48% Test OOD1: 91.32% 
Epoch: 386, Loss: 0.1244, Cls: 0.0549, Ind: 0.0001, Med: 0.0137, Spu: 0.0000, FD: 0.0557, Var: 0.0000, CStr: 0.349, Ctx: 2, Train: 99.94%, Valid: 97.45%, Test In: 97.36% Test OOD1: 92.32% 
Epoch: 387, Loss: 0.1222, Cls: 0.0539, Ind: 0.0001, Med: 0.0135, Spu: 0.0000, FD: 0.0547, Var: 0.0000, CStr: 0.350, Ctx: 2, Train: 99.94%, Valid: 97.46%, Test In: 97.37% Test OOD1: 92.34% 
Epoch: 388, Loss: 0.1241, Cls: 0.0548, Ind: 0.0001, Med: 0.0137, Spu: 0.0000, FD: 0.0555, Var: 0.0000, CStr: 0.350, Ctx: 2, Train: 99.96%, Valid: 97.54%, Test In: 97.59% Test OOD1: 90.60% 
Epoch: 389, Loss: 0.1286, Cls: 0.0567, Ind: 0.0001, Med: 0.0142, Spu: 0.0000, FD: 0.0576, Var: 0.0000, CStr: 0.350, Ctx: 2, Train: 99.92%, Valid: 97.35%, Test In: 97.21% Test OOD1: 92.80% 
Epoch: 390, Loss: 0.1263, Cls: 0.0560, Ind: 0.0001, Med: 0.0141, Spu: 0.0000, FD: 0.0562, Var: 0.0000, CStr: 0.350, Ctx: 2, Train: 99.95%, Valid: 97.55%, Test In: 97.50% Test OOD1: 91.63% 
Epoch: 391, Loss: 0.1153, Cls: 0.0510, Ind: 0.0001, Med: 0.0128, Spu: 0.0000, FD: 0.0514, Var: 0.0000, CStr: 0.350, Ctx: 2, Train: 99.96%, Valid: 97.63%, Test In: 97.59% Test OOD1: 90.81% 
Epoch: 392, Loss: 0.1281, Cls: 0.0566, Ind: 0.0001, Med: 0.0142, Spu: 0.0000, FD: 0.0572, Var: 0.0000, CStr: 0.350, Ctx: 2, Train: 99.92%, Valid: 97.28%, Test In: 97.08% Test OOD1: 93.41% 
Epoch: 393, Loss: 0.1296, Cls: 0.0570, Ind: 0.0001, Med: 0.0142, Spu: 0.0000, FD: 0.0582, Var: 0.0000, CStr: 0.350, Ctx: 2, Train: 99.98%, Valid: 97.65%, Test In: 97.59% Test OOD1: 91.09% 
Epoch: 394, Loss: 0.1195, Cls: 0.0526, Ind: 0.0001, Med: 0.0132, Spu: 0.0000, FD: 0.0536, Var: 0.0000, CStr: 0.350, Ctx: 2, Train: 99.97%, Valid: 97.54%, Test In: 97.57% Test OOD1: 91.05% 
Epoch: 395, Loss: 0.1327, Cls: 0.0586, Ind: 0.0001, Med: 0.0147, Spu: 0.0000, FD: 0.0592, Var: 0.0000, CStr: 0.351, Ctx: 2, Train: 99.92%, Valid: 97.20%, Test In: 97.09% Test OOD1: 93.49% 
Epoch: 396, Loss: 0.1276, Cls: 0.0563, Ind: 0.0001, Med: 0.0141, Spu: 0.0000, FD: 0.0572, Var: 0.0000, CStr: 0.351, Ctx: 2, Train: 99.99%, Valid: 97.63%, Test In: 97.60% Test OOD1: 90.08% 
Epoch: 397, Loss: 0.1286, Cls: 0.0569, Ind: 0.0001, Med: 0.0143, Spu: 0.0000, FD: 0.0573, Var: 0.0000, CStr: 0.351, Ctx: 2, Train: 99.96%, Valid: 97.46%, Test In: 97.48% Test OOD1: 92.20% 
Epoch: 398, Loss: 0.1263, Cls: 0.0558, Ind: 0.0001, Med: 0.0140, Spu: 0.0000, FD: 0.0564, Var: 0.0000, CStr: 0.351, Ctx: 2, Train: 99.91%, Valid: 97.42%, Test In: 97.30% Test OOD1: 93.04% 
Epoch: 399, Loss: 0.1276, Cls: 0.0562, Ind: 0.0001, Med: 0.0140, Spu: 0.0000, FD: 0.0572, Var: 0.0000, CStr: 0.351, Ctx: 2, Train: 99.98%, Valid: 97.62%, Test In: 97.59% Test OOD1: 90.06% 
Epoch: 400, Loss: 0.1240, Cls: 0.0549, Ind: 0.0001, Med: 0.0138, Spu: 0.0000, FD: 0.0552, Var: 0.0000, CStr: 0.351, Ctx: 2, Train: 99.98%, Valid: 97.57%, Test In: 97.51% Test OOD1: 91.04% 
Epoch: 401, Loss: 0.1252, Cls: 0.0553, Ind: 0.0001, Med: 0.0138, Spu: 0.0000, FD: 0.0560, Var: 0.0000, CStr: 0.351, Ctx: 2, Train: 99.95%, Valid: 97.40%, Test In: 97.32% Test OOD1: 91.84% 
Epoch: 402, Loss: 0.1259, Cls: 0.0554, Ind: 0.0001, Med: 0.0138, Spu: 0.0000, FD: 0.0565, Var: 0.0000, CStr: 0.352, Ctx: 2, Train: 99.98%, Valid: 97.53%, Test In: 97.59% Test OOD1: 89.48% 
Epoch: 403, Loss: 0.1238, Cls: 0.0546, Ind: 0.0001, Med: 0.0137, Spu: 0.0000, FD: 0.0554, Var: 0.0000, CStr: 0.352, Ctx: 2, Train: 99.96%, Valid: 97.39%, Test In: 97.44% Test OOD1: 91.67% 
Epoch: 404, Loss: 0.1111, Cls: 0.0490, Ind: 0.0001, Med: 0.0123, Spu: 0.0000, FD: 0.0496, Var: 0.0000, CStr: 0.352, Ctx: 2, Train: 99.96%, Valid: 97.42%, Test In: 97.39% Test OOD1: 91.98% 
Epoch: 405, Loss: 0.1206, Cls: 0.0534, Ind: 0.0001, Med: 0.0134, Spu: 0.0000, FD: 0.0538, Var: 0.0000, CStr: 0.352, Ctx: 2, Train: 99.98%, Valid: 97.56%, Test In: 97.70% Test OOD1: 89.70% 
Epoch: 406, Loss: 0.1266, Cls: 0.0558, Ind: 0.0001, Med: 0.0139, Spu: 0.0000, FD: 0.0567, Var: 0.0000, CStr: 0.352, Ctx: 2, Train: 99.95%, Valid: 97.38%, Test In: 97.35% Test OOD1: 92.40% 
Epoch: 407, Loss: 0.1196, Cls: 0.0528, Ind: 0.0001, Med: 0.0132, Spu: 0.0000, FD: 0.0534, Var: 0.0000, CStr: 0.352, Ctx: 2, Train: 99.97%, Valid: 97.51%, Test In: 97.38% Test OOD1: 91.92% 
Epoch: 408, Loss: 0.1174, Cls: 0.0518, Ind: 0.0001, Med: 0.0130, Spu: 0.0000, FD: 0.0525, Var: 0.0000, CStr: 0.352, Ctx: 2, Train: 99.98%, Valid: 97.67%, Test In: 97.49% Test OOD1: 89.41% 
Epoch: 409, Loss: 0.1239, Cls: 0.0546, Ind: 0.0001, Med: 0.0136, Spu: 0.0000, FD: 0.0557, Var: 0.0000, CStr: 0.352, Ctx: 2, Train: 99.96%, Valid: 97.42%, Test In: 97.34% Test OOD1: 92.11% 
Epoch: 410, Loss: 0.1149, Cls: 0.0508, Ind: 0.0001, Med: 0.0128, Spu: 0.0000, FD: 0.0512, Var: 0.0000, CStr: 0.352, Ctx: 2, Train: 99.92%, Valid: 97.24%, Test In: 97.07% Test OOD1: 92.99% 
Epoch: 411, Loss: 0.1305, Cls: 0.0578, Ind: 0.0001, Med: 0.0145, Spu: 0.0000, FD: 0.0581, Var: 0.0000, CStr: 0.353, Ctx: 2, Train: 99.99%, Valid: 97.67%, Test In: 97.61% Test OOD1: 89.53% 
Epoch: 412, Loss: 0.1280, Cls: 0.0564, Ind: 0.0001, Med: 0.0141, Spu: 0.0000, FD: 0.0574, Var: 0.0000, CStr: 0.353, Ctx: 2, Train: 99.97%, Valid: 97.49%, Test In: 97.37% Test OOD1: 92.13% 
Epoch: 413, Loss: 0.1194, Cls: 0.0528, Ind: 0.0001, Med: 0.0132, Spu: 0.0000, FD: 0.0533, Var: 0.0000, CStr: 0.353, Ctx: 2, Train: 99.92%, Valid: 97.34%, Test In: 97.02% Test OOD1: 93.36% 
Epoch: 414, Loss: 0.1266, Cls: 0.0559, Ind: 0.0001, Med: 0.0140, Spu: 0.0000, FD: 0.0566, Var: 0.0000, CStr: 0.353, Ctx: 2, Train: 99.99%, Valid: 97.59%, Test In: 97.58% Test OOD1: 90.56% 
Epoch: 415, Loss: 0.1236, Cls: 0.0547, Ind: 0.0001, Med: 0.0137, Spu: 0.0000, FD: 0.0552, Var: 0.0000, CStr: 0.353, Ctx: 2, Train: 99.98%, Valid: 97.50%, Test In: 97.46% Test OOD1: 91.36% 
Epoch: 416, Loss: 0.1171, Cls: 0.0517, Ind: 0.0001, Med: 0.0130, Spu: 0.0000, FD: 0.0523, Var: 0.0000, CStr: 0.353, Ctx: 2, Train: 99.91%, Valid: 97.27%, Test In: 97.13% Test OOD1: 92.98% 
Epoch: 417, Loss: 0.1208, Cls: 0.0534, Ind: 0.0001, Med: 0.0134, Spu: 0.0000, FD: 0.0539, Var: 0.0000, CStr: 0.353, Ctx: 2, Train: 99.97%, Valid: 97.43%, Test In: 97.50% Test OOD1: 90.61% 
Epoch: 418, Loss: 0.1197, Cls: 0.0529, Ind: 0.0001, Med: 0.0133, Spu: 0.0000, FD: 0.0534, Var: 0.0000, CStr: 0.353, Ctx: 2, Train: 99.99%, Valid: 97.53%, Test In: 97.53% Test OOD1: 90.02% 
Epoch: 419, Loss: 0.1315, Cls: 0.0581, Ind: 0.0001, Med: 0.0145, Spu: 0.0000, FD: 0.0588, Var: 0.0000, CStr: 0.353, Ctx: 2, Train: 99.93%, Valid: 97.27%, Test In: 97.13% Test OOD1: 92.35% 
Epoch: 420, Loss: 0.1244, Cls: 0.0549, Ind: 0.0001, Med: 0.0137, Spu: 0.0000, FD: 0.0557, Var: 0.0000, CStr: 0.353, Ctx: 2, Train: 99.97%, Valid: 97.42%, Test In: 97.45% Test OOD1: 91.08% 
Epoch: 421, Loss: 0.1105, Cls: 0.0488, Ind: 0.0001, Med: 0.0122, Spu: 0.0000, FD: 0.0495, Var: 0.0000, CStr: 0.353, Ctx: 2, Train: 99.98%, Valid: 97.57%, Test In: 97.57% Test OOD1: 90.36% 
Epoch: 422, Loss: 0.1166, Cls: 0.0514, Ind: 0.0001, Med: 0.0129, Spu: 0.0000, FD: 0.0522, Var: 0.0000, CStr: 0.353, Ctx: 2, Train: 99.97%, Valid: 97.49%, Test In: 97.45% Test OOD1: 91.81% 
Epoch: 423, Loss: 0.1145, Cls: 0.0504, Ind: 0.0001, Med: 0.0126, Spu: 0.0000, FD: 0.0513, Var: 0.0000, CStr: 0.353, Ctx: 2, Train: 99.97%, Valid: 97.55%, Test In: 97.52% Test OOD1: 91.46% 
Epoch: 424, Loss: 0.1193, Cls: 0.0525, Ind: 0.0001, Med: 0.0131, Spu: 0.0000, FD: 0.0536, Var: 0.0000, CStr: 0.353, Ctx: 2, Train: 99.99%, Valid: 97.57%, Test In: 97.54% Test OOD1: 91.15% 
Epoch: 425, Loss: 0.1159, Cls: 0.0511, Ind: 0.0001, Med: 0.0127, Spu: 0.0000, FD: 0.0520, Var: 0.0000, CStr: 0.353, Ctx: 2, Train: 99.97%, Valid: 97.51%, Test In: 97.37% Test OOD1: 91.90% 
Epoch: 426, Loss: 0.1133, Cls: 0.0500, Ind: 0.0001, Med: 0.0125, Spu: 0.0000, FD: 0.0506, Var: 0.0000, CStr: 0.353, Ctx: 2, Train: 99.96%, Valid: 97.40%, Test In: 97.40% Test OOD1: 91.38% 
Epoch: 427, Loss: 0.1169, Cls: 0.0515, Ind: 0.0001, Med: 0.0129, Spu: 0.0000, FD: 0.0524, Var: 0.0000, CStr: 0.353, Ctx: 2, Train: 99.96%, Valid: 97.50%, Test In: 97.41% Test OOD1: 91.58% 
Epoch: 428, Loss: 0.1109, Cls: 0.0489, Ind: 0.0001, Med: 0.0122, Spu: 0.0000, FD: 0.0496, Var: 0.0000, CStr: 0.354, Ctx: 2, Train: 99.98%, Valid: 97.59%, Test In: 97.53% Test OOD1: 90.48% 
Epoch: 429, Loss: 0.1203, Cls: 0.0531, Ind: 0.0001, Med: 0.0133, Spu: 0.0000, FD: 0.0539, Var: 0.0000, CStr: 0.354, Ctx: 2, Train: 99.96%, Valid: 97.49%, Test In: 97.42% Test OOD1: 91.22% 
Epoch: 430, Loss: 0.1125, Cls: 0.0496, Ind: 0.0001, Med: 0.0124, Spu: 0.0000, FD: 0.0503, Var: 0.0000, CStr: 0.354, Ctx: 2, Train: 99.96%, Valid: 97.47%, Test In: 97.34% Test OOD1: 91.58% 
Epoch: 431, Loss: 0.1122, Cls: 0.0497, Ind: 0.0001, Med: 0.0125, Spu: 0.0000, FD: 0.0499, Var: 0.0000, CStr: 0.354, Ctx: 2, Train: 99.99%, Valid: 97.59%, Test In: 97.41% Test OOD1: 91.45% 
Epoch: 432, Loss: 0.1143, Cls: 0.0504, Ind: 0.0001, Med: 0.0126, Spu: 0.0000, FD: 0.0512, Var: 0.0000, CStr: 0.354, Ctx: 2, Train: 99.98%, Valid: 97.58%, Test In: 97.48% Test OOD1: 90.89% 
Epoch: 433, Loss: 0.1194, Cls: 0.0526, Ind: 0.0001, Med: 0.0131, Spu: 0.0000, FD: 0.0535, Var: 0.0000, CStr: 0.354, Ctx: 2, Train: 99.97%, Valid: 97.55%, Test In: 97.38% Test OOD1: 91.78% 
Epoch: 434, Loss: 0.1169, Cls: 0.0517, Ind: 0.0001, Med: 0.0129, Spu: 0.0000, FD: 0.0522, Var: 0.0000, CStr: 0.354, Ctx: 2, Train: 99.96%, Valid: 97.57%, Test In: 97.36% Test OOD1: 92.06% 
Epoch: 435, Loss: 0.1181, Cls: 0.0520, Ind: 0.0001, Med: 0.0130, Spu: 0.0000, FD: 0.0531, Var: 0.0000, CStr: 0.354, Ctx: 2, Train: 99.98%, Valid: 97.65%, Test In: 97.57% Test OOD1: 91.14% 
Epoch: 436, Loss: 0.1238, Cls: 0.0546, Ind: 0.0001, Med: 0.0137, Spu: 0.0000, FD: 0.0554, Var: 0.0000, CStr: 0.355, Ctx: 2, Train: 99.98%, Valid: 97.64%, Test In: 97.46% Test OOD1: 92.08% 
Epoch: 437, Loss: 0.1151, Cls: 0.0507, Ind: 0.0001, Med: 0.0126, Spu: 0.0000, FD: 0.0517, Var: 0.0000, CStr: 0.355, Ctx: 2, Train: 99.97%, Valid: 97.46%, Test In: 97.36% Test OOD1: 92.26% 
Epoch: 438, Loss: 0.1106, Cls: 0.0487, Ind: 0.0001, Med: 0.0122, Spu: 0.0000, FD: 0.0495, Var: 0.0000, CStr: 0.355, Ctx: 2, Train: 99.99%, Valid: 97.64%, Test In: 97.47% Test OOD1: 91.09% 
Epoch: 439, Loss: 0.1119, Cls: 0.0493, Ind: 0.0001, Med: 0.0123, Spu: 0.0000, FD: 0.0503, Var: 0.0000, CStr: 0.355, Ctx: 2, Train: 99.99%, Valid: 97.57%, Test In: 97.44% Test OOD1: 91.13% 
Epoch: 440, Loss: 0.1144, Cls: 0.0505, Ind: 0.0001, Med: 0.0126, Spu: 0.0000, FD: 0.0512, Var: 0.0000, CStr: 0.355, Ctx: 2, Train: 99.94%, Valid: 97.36%, Test In: 97.38% Test OOD1: 92.01% 
Epoch: 441, Loss: 0.1146, Cls: 0.0506, Ind: 0.0001, Med: 0.0127, Spu: 0.0000, FD: 0.0511, Var: 0.0000, CStr: 0.355, Ctx: 2, Train: 99.97%, Valid: 97.52%, Test In: 97.46% Test OOD1: 91.70% 
Epoch: 442, Loss: 0.1227, Cls: 0.0543, Ind: 0.0001, Med: 0.0136, Spu: 0.0000, FD: 0.0547, Var: 0.0000, CStr: 0.356, Ctx: 2, Train: 99.98%, Valid: 97.59%, Test In: 97.57% Test OOD1: 91.41% 
Epoch: 443, Loss: 0.1187, Cls: 0.0524, Ind: 0.0001, Med: 0.0131, Spu: 0.0000, FD: 0.0531, Var: 0.0000, CStr: 0.356, Ctx: 2, Train: 99.97%, Valid: 97.59%, Test In: 97.61% Test OOD1: 91.65% 
Epoch: 444, Loss: 0.1101, Cls: 0.0486, Ind: 0.0001, Med: 0.0122, Spu: 0.0000, FD: 0.0491, Var: 0.0000, CStr: 0.356, Ctx: 2, Train: 99.96%, Valid: 97.54%, Test In: 97.56% Test OOD1: 91.43% 
Epoch: 445, Loss: 0.1171, Cls: 0.0518, Ind: 0.0001, Med: 0.0130, Spu: 0.0000, FD: 0.0522, Var: 0.0000, CStr: 0.356, Ctx: 2, Train: 99.97%, Valid: 97.46%, Test In: 97.32% Test OOD1: 92.92% 
Epoch: 446, Loss: 0.1172, Cls: 0.0517, Ind: 0.0001, Med: 0.0129, Spu: 0.0000, FD: 0.0525, Var: 0.0000, CStr: 0.356, Ctx: 2, Train: 99.98%, Valid: 97.61%, Test In: 97.58% Test OOD1: 92.07% 
Epoch: 447, Loss: 0.1065, Cls: 0.0470, Ind: 0.0001, Med: 0.0118, Spu: 0.0000, FD: 0.0476, Var: 0.0000, CStr: 0.357, Ctx: 2, Train: 99.93%, Valid: 97.42%, Test In: 97.56% Test OOD1: 91.42% 
Epoch: 448, Loss: 0.1199, Cls: 0.0529, Ind: 0.0001, Med: 0.0132, Spu: 0.0000, FD: 0.0537, Var: 0.0000, CStr: 0.357, Ctx: 2, Train: 99.91%, Valid: 97.26%, Test In: 97.02% Test OOD1: 93.50% 
Epoch: 449, Loss: 0.1196, Cls: 0.0528, Ind: 0.0001, Med: 0.0132, Spu: 0.0000, FD: 0.0536, Var: 0.0000, CStr: 0.357, Ctx: 2, Train: 99.99%, Valid: 97.65%, Test In: 97.64% Test OOD1: 89.63% 
Epoch: 450, Loss: 0.1229, Cls: 0.0541, Ind: 0.0001, Med: 0.0135, Spu: 0.0000, FD: 0.0551, Var: 0.0000, CStr: 0.357, Ctx: 2, Train: 99.98%, Valid: 97.53%, Test In: 97.63% Test OOD1: 91.29% 
Epoch: 451, Loss: 0.1127, Cls: 0.0498, Ind: 0.0001, Med: 0.0125, Spu: 0.0000, FD: 0.0503, Var: 0.0000, CStr: 0.357, Ctx: 2, Train: 99.95%, Valid: 97.35%, Test In: 97.19% Test OOD1: 93.29% 
Epoch: 452, Loss: 0.1208, Cls: 0.0533, Ind: 0.0001, Med: 0.0133, Spu: 0.0000, FD: 0.0541, Var: 0.0000, CStr: 0.358, Ctx: 2, Train: 99.99%, Valid: 97.56%, Test In: 97.62% Test OOD1: 90.54% 
Epoch: 453, Loss: 0.1255, Cls: 0.0553, Ind: 0.0001, Med: 0.0138, Spu: 0.0000, FD: 0.0562, Var: 0.0000, CStr: 0.358, Ctx: 2, Train: 99.96%, Valid: 97.42%, Test In: 97.36% Test OOD1: 92.94% 
Epoch: 454, Loss: 0.1109, Cls: 0.0490, Ind: 0.0001, Med: 0.0123, Spu: 0.0000, FD: 0.0496, Var: 0.0000, CStr: 0.358, Ctx: 2, Train: 99.95%, Valid: 97.36%, Test In: 97.38% Test OOD1: 92.71% 
Epoch: 455, Loss: 0.1133, Cls: 0.0500, Ind: 0.0001, Med: 0.0125, Spu: 0.0000, FD: 0.0507, Var: 0.0000, CStr: 0.358, Ctx: 2, Train: 99.97%, Valid: 97.53%, Test In: 97.56% Test OOD1: 90.36% 
Epoch: 456, Loss: 0.1092, Cls: 0.0482, Ind: 0.0001, Med: 0.0121, Spu: 0.0000, FD: 0.0488, Var: 0.0000, CStr: 0.359, Ctx: 2, Train: 99.99%, Valid: 97.58%, Test In: 97.54% Test OOD1: 90.96% 
Epoch: 457, Loss: 0.1130, Cls: 0.0500, Ind: 0.0001, Med: 0.0125, Spu: 0.0000, FD: 0.0503, Var: 0.0000, CStr: 0.359, Ctx: 2, Train: 99.96%, Valid: 97.46%, Test In: 97.27% Test OOD1: 92.35% 
Epoch: 458, Loss: 0.1115, Cls: 0.0492, Ind: 0.0001, Med: 0.0123, Spu: 0.0000, FD: 0.0499, Var: 0.0000, CStr: 0.359, Ctx: 2, Train: 99.96%, Valid: 97.58%, Test In: 97.58% Test OOD1: 90.99% 
Epoch: 459, Loss: 0.1173, Cls: 0.0517, Ind: 0.0001, Med: 0.0129, Spu: 0.0000, FD: 0.0526, Var: 0.0000, CStr: 0.359, Ctx: 2, Train: 99.99%, Valid: 97.70%, Test In: 97.60% Test OOD1: 90.62% 
Epoch: 460, Loss: 0.1125, Cls: 0.0496, Ind: 0.0001, Med: 0.0124, Spu: 0.0000, FD: 0.0504, Var: 0.0000, CStr: 0.359, Ctx: 2, Train: 99.94%, Valid: 97.43%, Test In: 97.23% Test OOD1: 92.71% 
Epoch: 461, Loss: 0.1197, Cls: 0.0527, Ind: 0.0001, Med: 0.0131, Spu: 0.0000, FD: 0.0538, Var: 0.0000, CStr: 0.360, Ctx: 2, Train: 99.97%, Valid: 97.61%, Test In: 97.50% Test OOD1: 91.68% 
Epoch: 462, Loss: 0.1128, Cls: 0.0497, Ind: 0.0001, Med: 0.0124, Spu: 0.0000, FD: 0.0505, Var: 0.0000, CStr: 0.360, Ctx: 2, Train: 99.98%, Valid: 97.69%, Test In: 97.65% Test OOD1: 89.99% 
Epoch: 463, Loss: 0.1207, Cls: 0.0533, Ind: 0.0001, Med: 0.0133, Spu: 0.0000, FD: 0.0539, Var: 0.0000, CStr: 0.360, Ctx: 2, Train: 99.94%, Valid: 97.34%, Test In: 97.19% Test OOD1: 92.88% 
Epoch: 464, Loss: 0.1197, Cls: 0.0529, Ind: 0.0001, Med: 0.0132, Spu: 0.0000, FD: 0.0535, Var: 0.0000, CStr: 0.360, Ctx: 2, Train: 99.97%, Valid: 97.48%, Test In: 97.55% Test OOD1: 92.19% 
Epoch: 465, Loss: 0.1105, Cls: 0.0488, Ind: 0.0001, Med: 0.0122, Spu: 0.0000, FD: 0.0494, Var: 0.0000, CStr: 0.360, Ctx: 2, Train: 99.99%, Valid: 97.59%, Test In: 97.71% Test OOD1: 89.96% 
Epoch: 466, Loss: 0.1166, Cls: 0.0514, Ind: 0.0001, Med: 0.0128, Spu: 0.0000, FD: 0.0523, Var: 0.0000, CStr: 0.360, Ctx: 2, Train: 99.97%, Valid: 97.48%, Test In: 97.43% Test OOD1: 92.58% 
Epoch: 467, Loss: 0.1090, Cls: 0.0481, Ind: 0.0001, Med: 0.0121, Spu: 0.0000, FD: 0.0487, Var: 0.0000, CStr: 0.361, Ctx: 2, Train: 99.97%, Valid: 97.49%, Test In: 97.34% Test OOD1: 92.75% 
Epoch: 468, Loss: 0.1108, Cls: 0.0490, Ind: 0.0001, Med: 0.0123, Spu: 0.0000, FD: 0.0494, Var: 0.0000, CStr: 0.361, Ctx: 2, Train: 99.97%, Valid: 97.63%, Test In: 97.67% Test OOD1: 90.21% 
Epoch: 469, Loss: 0.1179, Cls: 0.0519, Ind: 0.0001, Med: 0.0130, Spu: 0.0000, FD: 0.0529, Var: 0.0000, CStr: 0.361, Ctx: 2, Train: 99.98%, Valid: 97.56%, Test In: 97.59% Test OOD1: 91.90% 
Epoch: 470, Loss: 0.1088, Cls: 0.0480, Ind: 0.0001, Med: 0.0120, Spu: 0.0000, FD: 0.0487, Var: 0.0000, CStr: 0.361, Ctx: 2, Train: 99.97%, Valid: 97.44%, Test In: 97.27% Test OOD1: 93.27% 
Epoch: 471, Loss: 0.1134, Cls: 0.0501, Ind: 0.0001, Med: 0.0126, Spu: 0.0000, FD: 0.0507, Var: 0.0000, CStr: 0.361, Ctx: 2, Train: 99.99%, Valid: 97.69%, Test In: 97.69% Test OOD1: 91.28% 
Epoch: 472, Loss: 0.1123, Cls: 0.0497, Ind: 0.0001, Med: 0.0125, Spu: 0.0000, FD: 0.0501, Var: 0.0000, CStr: 0.361, Ctx: 2, Train: 99.99%, Valid: 97.65%, Test In: 97.66% Test OOD1: 92.03% 
Epoch: 473, Loss: 0.1005, Cls: 0.0443, Ind: 0.0001, Med: 0.0111, Spu: 0.0000, FD: 0.0450, Var: 0.0000, CStr: 0.361, Ctx: 2, Train: 99.96%, Valid: 97.46%, Test In: 97.41% Test OOD1: 93.38% 
Epoch: 474, Loss: 0.1099, Cls: 0.0486, Ind: 0.0001, Med: 0.0122, Spu: 0.0000, FD: 0.0490, Var: 0.0000, CStr: 0.361, Ctx: 2, Train: 99.98%, Valid: 97.58%, Test In: 97.59% Test OOD1: 92.17% 
Epoch: 475, Loss: 0.1030, Cls: 0.0454, Ind: 0.0001, Med: 0.0114, Spu: 0.0000, FD: 0.0462, Var: 0.0000, CStr: 0.361, Ctx: 2, Train: 99.99%, Valid: 97.67%, Test In: 97.66% Test OOD1: 90.99% 
Epoch: 476, Loss: 0.1061, Cls: 0.0467, Ind: 0.0001, Med: 0.0117, Spu: 0.0000, FD: 0.0476, Var: 0.0000, CStr: 0.361, Ctx: 2, Train: 99.97%, Valid: 97.38%, Test In: 97.38% Test OOD1: 92.81% 
Epoch: 477, Loss: 0.1190, Cls: 0.0527, Ind: 0.0001, Med: 0.0132, Spu: 0.0000, FD: 0.0530, Var: 0.0000, CStr: 0.361, Ctx: 2, Train: 99.98%, Valid: 97.55%, Test In: 97.51% Test OOD1: 92.04% 
Epoch: 478, Loss: 0.1046, Cls: 0.0462, Ind: 0.0001, Med: 0.0116, Spu: 0.0000, FD: 0.0467, Var: 0.0000, CStr: 0.362, Ctx: 2, Train: 99.99%, Valid: 97.67%, Test In: 97.56% Test OOD1: 91.84% 
Epoch: 479, Loss: 0.1053, Cls: 0.0464, Ind: 0.0001, Med: 0.0116, Spu: 0.0000, FD: 0.0471, Var: 0.0000, CStr: 0.362, Ctx: 2, Train: 99.98%, Valid: 97.50%, Test In: 97.50% Test OOD1: 92.78% 
Epoch: 480, Loss: 0.1068, Cls: 0.0471, Ind: 0.0001, Med: 0.0118, Spu: 0.0000, FD: 0.0478, Var: 0.0000, CStr: 0.362, Ctx: 2, Train: 99.97%, Valid: 97.61%, Test In: 97.57% Test OOD1: 92.43% 
Epoch: 481, Loss: 0.1141, Cls: 0.0504, Ind: 0.0001, Med: 0.0126, Spu: 0.0000, FD: 0.0510, Var: 0.0000, CStr: 0.362, Ctx: 2, Train: 100.00%, Valid: 97.70%, Test In: 97.65% Test OOD1: 91.56% 
Epoch: 482, Loss: 0.1177, Cls: 0.0519, Ind: 0.0001, Med: 0.0130, Spu: 0.0000, FD: 0.0527, Var: 0.0000, CStr: 0.362, Ctx: 2, Train: 99.97%, Valid: 97.53%, Test In: 97.32% Test OOD1: 93.05% 
Epoch: 483, Loss: 0.1085, Cls: 0.0479, Ind: 0.0001, Med: 0.0120, Spu: 0.0000, FD: 0.0484, Var: 0.0000, CStr: 0.362, Ctx: 2, Train: 99.97%, Valid: 97.57%, Test In: 97.61% Test OOD1: 91.57% 
Epoch: 484, Loss: 0.1058, Cls: 0.0465, Ind: 0.0001, Med: 0.0116, Spu: 0.0000, FD: 0.0476, Var: 0.0000, CStr: 0.362, Ctx: 2, Train: 99.97%, Valid: 97.61%, Test In: 97.55% Test OOD1: 91.74% 
Epoch: 485, Loss: 0.1138, Cls: 0.0502, Ind: 0.0001, Med: 0.0126, Spu: 0.0000, FD: 0.0509, Var: 0.0000, CStr: 0.362, Ctx: 2, Train: 99.98%, Valid: 97.64%, Test In: 97.48% Test OOD1: 91.91% 
Epoch: 486, Loss: 0.1052, Cls: 0.0464, Ind: 0.0001, Med: 0.0116, Spu: 0.0000, FD: 0.0472, Var: 0.0000, CStr: 0.362, Ctx: 2, Train: 99.99%, Valid: 97.72%, Test In: 97.64% Test OOD1: 91.12% 
Epoch: 487, Loss: 0.1112, Cls: 0.0490, Ind: 0.0001, Med: 0.0123, Spu: 0.0000, FD: 0.0498, Var: 0.0000, CStr: 0.362, Ctx: 2, Train: 99.98%, Valid: 97.56%, Test In: 97.54% Test OOD1: 92.01% 
Epoch: 488, Loss: 0.1089, Cls: 0.0481, Ind: 0.0001, Med: 0.0120, Spu: 0.0000, FD: 0.0487, Var: 0.0000, CStr: 0.362, Ctx: 2, Train: 99.99%, Valid: 97.59%, Test In: 97.61% Test OOD1: 91.67% 
Epoch: 489, Loss: 0.1094, Cls: 0.0483, Ind: 0.0001, Med: 0.0121, Spu: 0.0000, FD: 0.0488, Var: 0.0000, CStr: 0.362, Ctx: 2, Train: 99.99%, Valid: 97.65%, Test In: 97.61% Test OOD1: 91.68% 
Epoch: 490, Loss: 0.1119, Cls: 0.0495, Ind: 0.0001, Med: 0.0124, Spu: 0.0000, FD: 0.0499, Var: 0.0000, CStr: 0.363, Ctx: 2, Train: 99.97%, Valid: 97.57%, Test In: 97.53% Test OOD1: 92.66% 
Epoch: 491, Loss: 0.1045, Cls: 0.0462, Ind: 0.0001, Med: 0.0116, Spu: 0.0000, FD: 0.0467, Var: 0.0000, CStr: 0.363, Ctx: 2, Train: 99.97%, Valid: 97.58%, Test In: 97.53% Test OOD1: 92.71% 
Epoch: 492, Loss: 0.1114, Cls: 0.0490, Ind: 0.0001, Med: 0.0122, Spu: 0.0000, FD: 0.0501, Var: 0.0000, CStr: 0.363, Ctx: 2, Train: 99.99%, Valid: 97.65%, Test In: 97.62% Test OOD1: 91.41% 
Epoch: 493, Loss: 0.1126, Cls: 0.0497, Ind: 0.0001, Med: 0.0124, Spu: 0.0000, FD: 0.0503, Var: 0.0000, CStr: 0.363, Ctx: 2, Train: 99.97%, Valid: 97.44%, Test In: 97.40% Test OOD1: 93.17% 
Epoch: 494, Loss: 0.1084, Cls: 0.0478, Ind: 0.0001, Med: 0.0119, Spu: 0.0000, FD: 0.0485, Var: 0.0000, CStr: 0.363, Ctx: 2, Train: 99.98%, Valid: 97.73%, Test In: 97.59% Test OOD1: 91.01% 
Epoch: 495, Loss: 0.1048, Cls: 0.0463, Ind: 0.0001, Med: 0.0116, Spu: 0.0000, FD: 0.0468, Var: 0.0000, CStr: 0.363, Ctx: 2, Train: 99.97%, Valid: 97.65%, Test In: 97.59% Test OOD1: 90.77% 
Epoch: 496, Loss: 0.1074, Cls: 0.0474, Ind: 0.0001, Med: 0.0119, Spu: 0.0000, FD: 0.0480, Var: 0.0000, CStr: 0.363, Ctx: 2, Train: 99.94%, Valid: 97.38%, Test In: 97.32% Test OOD1: 92.53% 
Epoch: 497, Loss: 0.1107, Cls: 0.0488, Ind: 0.0001, Med: 0.0122, Spu: 0.0000, FD: 0.0496, Var: 0.0000, CStr: 0.363, Ctx: 2, Train: 99.99%, Valid: 97.61%, Test In: 97.57% Test OOD1: 91.39% 
Epoch: 498, Loss: 0.1093, Cls: 0.0482, Ind: 0.0001, Med: 0.0121, Spu: 0.0000, FD: 0.0489, Var: 0.0000, CStr: 0.363, Ctx: 2, Train: 99.98%, Valid: 97.66%, Test In: 97.63% Test OOD1: 91.25% 
Epoch: 499, Loss: 0.1016, Cls: 0.0448, Ind: 0.0001, Med: 0.0112, Spu: 0.0000, FD: 0.0455, Var: 0.0000, CStr: 0.363, Ctx: 2, Train: 99.96%, Valid: 97.65%, Test In: 97.70% Test OOD1: 91.11% 
Run 02:
Highest Train: 100.00
Highest Valid: 97.73
Highest In Test: 97.71
Highest OOD Test: 93.50
Chosen epoch: 495
Final Train: 99.98
Final In Test: 97.59
Final OOD Test: 91.01
All runs:
Highest Train: 99.99 ± 0.01
Highest Valid: 97.68 ± 0.07
Highest In Test: 97.66 ± 0.08
Highest OOD Test: 93.22 ± 0.39
  Final Train: 99.98 ± 0.01
   Final In  Test: 97.55 ± 0.05
   Final OOD Test: 90.27 ± 1.04
[INFO] TensorBoard writer closed.

Command: python main_frontdoor.py --dataset pubmed --backbone_type gcn --store_result --epochs 500 --runs 2 --num_layers 2 --device 1 --combine_result --lr 0.005 --weight_decay 5e-05 --dropout 0.2 --hidden_channels 64 --K 2 --lambda_fd 1.0 --lambda_spu 0.1 --lambda_ind 0.05 --context_gate_temp 0.5 --fd_blend 0.3 --lambda_med 0.25 --result_name pubmed_gcn_frontdoor_stage2_lr0.005_weight_decay5e-05_dropout0.2_hidden_channels64_K2_lambda_fd1.0_lambda_spu0.1_lambda_ind0.05_context_gate_temp0.5_fd_blend0.3_lambda_med0.25
Return code: 0
Elapsed: 102.63s
