Namespace(K=2, backbone_type='gcn', causal_strength_ema=0.95, causal_strength_min=0.1, combine_result=True, context_gate_temp=1.0, cpu=False, data_dir='./data/', dataset='pubmed', device=1, display_step=1, dropout=0.2, env_type='node', epochs=500, expert_agg='mean', fd_blend=0.5, gamma=0.99, gate_hidden=64, hidden_channels=64, infer_env=False, infer_env_components=64, infer_env_iters=30, infer_env_num=3, lambda_fd=1.0, lambda_ind=0.05, lambda_med=0.5, lambda_spu=0.1, lambda_var=0.05, lamda=1.0, lr=0.005, num_layers=2, other_env_reduce='sample', pos_weight=5.0, result_name='pubmed_gcn_frontdoor_stage2_lr0.005_weight_decay5e-05_dropout0.2_hidden_channels64_K2_lambda_fd1.0_lambda_spu0.1_lambda_ind0.05_context_gate_temp1.0_fd_blend0.5_lambda_med0.5', runs=2, seed=123, store_result=True, tau=1, use_bn=False, use_causal_strength_ind=True, variant=False, weight_decay=5e-05)
using existing synthetic data...
dataset pubmed: all nodes 118302 | edges 531888 | classes 3 | feats 510
train nodes 29575 | valid nodes 14788 | test in nodes 14788
test ood1 nodes 59151 
[INFO] env numbers: 6 train env numbers: 3
MODEL: GraphFrontDoor(
  (act_fn): ReLU()
  (input_proj): Linear(in_features=510, out_features=64, bias=True)
  (backbone_layers): ModuleList(
    (0): FrontDoorBackboneLayer()
    (1): FrontDoorBackboneLayer()
  )
  (causal_adapter): Linear(in_features=64, out_features=64, bias=True)
  (spurious_adapter): Linear(in_features=64, out_features=64, bias=True)
  (causal_norm): LayerNorm((64,), eps=1e-05, elementwise_affine=True)
  (spurious_norm): LayerNorm((64,), eps=1e-05, elementwise_affine=True)
  (classifier): Linear(in_features=64, out_features=3, bias=True)
  (spurious_classifier): Linear(in_features=64, out_features=3, bias=True)
  (fd_classifier): Linear(in_features=64, out_features=3, bias=True)
  (query_proj): Linear(in_features=64, out_features=64, bias=True)
  (key_proj): Linear(in_features=64, out_features=64, bias=True)
  (value_proj): Linear(in_features=64, out_features=64, bias=True)
  (aug_norm): LayerNorm((64,), eps=1e-05, elementwise_affine=True)
)
[INFO] TensorBoard logging activated. Logs will be saved to: ./runs/pubmed/frontdoor/pubmed_gcn_frontdoor_stage2_lr0.005_weight_decay5e-05_dropout0.2_hidden_channels64_K2_lambda_fd1.0_lambda_spu0.1_lambda_ind0.05_context_gate_temp1.0_fd_blend0.5_lambda_med0.5
[INFO] Independence loss: causal-strength masked | strength EMA: 0.95 | min weight: 0.1
Epoch: 00, Loss: 3.0919, Cls: 1.2024, Ind: 0.0114, Med: 0.6034, Spu: 0.0114, FD: 1.2633, Var: 0.0001, CStr: 0.502, Ctx: 2, Train: 39.32%, Valid: 39.07%, Test In: 39.31% Test OOD1: 39.26% 
Epoch: 01, Loss: 2.7482, Cls: 1.0618, Ind: 0.0147, Med: 0.5209, Spu: 0.0118, FD: 1.1388, Var: 0.0001, CStr: 0.504, Ctx: 2, Train: 70.68%, Valid: 70.34%, Test In: 71.21% Test OOD1: 55.59% 
Epoch: 02, Loss: 2.5074, Cls: 0.9743, Ind: 0.0160, Med: 0.4872, Spu: 0.0093, FD: 1.0206, Var: 0.0001, CStr: 0.506, Ctx: 2, Train: 70.48%, Valid: 70.08%, Test In: 70.84% Test OOD1: 62.95% 
Epoch: 03, Loss: 2.2432, Cls: 0.8714, Ind: 0.0219, Med: 0.4420, Spu: 0.0051, FD: 0.9027, Var: 0.0001, CStr: 0.507, Ctx: 2, Train: 72.53%, Valid: 72.35%, Test In: 73.20% Test OOD1: 60.39% 
Epoch: 04, Loss: 1.9535, Cls: 0.7573, Ind: 0.0335, Med: 0.3903, Spu: 0.0042, FD: 0.7682, Var: 0.0001, CStr: 0.508, Ctx: 2, Train: 77.10%, Valid: 76.95%, Test In: 77.47% Test OOD1: 59.29% 
Epoch: 05, Loss: 1.7235, Cls: 0.6646, Ind: 0.0439, Med: 0.3469, Spu: 0.0046, FD: 0.6635, Var: 0.0001, CStr: 0.509, Ctx: 2, Train: 84.96%, Valid: 84.84%, Test In: 85.25% Test OOD1: 61.94% 
Epoch: 06, Loss: 1.5378, Cls: 0.5882, Ind: 0.0479, Med: 0.3042, Spu: 0.0044, FD: 0.5930, Var: 0.0001, CStr: 0.509, Ctx: 2, Train: 86.25%, Valid: 86.08%, Test In: 86.30% Test OOD1: 62.69% 
Epoch: 07, Loss: 1.3836, Cls: 0.5256, Ind: 0.0488, Med: 0.2691, Spu: 0.0040, FD: 0.5359, Var: 0.0001, CStr: 0.510, Ctx: 2, Train: 87.22%, Valid: 87.27%, Test In: 87.25% Test OOD1: 62.74% 
Epoch: 08, Loss: 1.2512, Cls: 0.4736, Ind: 0.0464, Med: 0.2410, Spu: 0.0035, FD: 0.4867, Var: 0.0001, CStr: 0.510, Ctx: 2, Train: 88.38%, Valid: 88.01%, Test In: 88.37% Test OOD1: 62.48% 
Epoch: 09, Loss: 1.1570, Cls: 0.4371, Ind: 0.0434, Med: 0.2202, Spu: 0.0033, FD: 0.4529, Var: 0.0001, CStr: 0.510, Ctx: 2, Train: 89.04%, Valid: 88.68%, Test In: 88.99% Test OOD1: 63.01% 
Epoch: 10, Loss: 1.0917, Cls: 0.4122, Ind: 0.0403, Med: 0.2069, Spu: 0.0033, FD: 0.4288, Var: 0.0000, CStr: 0.510, Ctx: 2, Train: 89.50%, Valid: 89.34%, Test In: 89.48% Test OOD1: 64.05% 
Epoch: 11, Loss: 1.0120, Cls: 0.3809, Ind: 0.0401, Med: 0.1913, Spu: 0.0036, FD: 0.3961, Var: 0.0000, CStr: 0.509, Ctx: 2, Train: 89.87%, Valid: 89.53%, Test In: 89.82% Test OOD1: 64.73% 
Epoch: 12, Loss: 0.9751, Cls: 0.3662, Ind: 0.0405, Med: 0.1845, Spu: 0.0035, FD: 0.3804, Var: 0.0000, CStr: 0.509, Ctx: 2, Train: 90.08%, Valid: 89.63%, Test In: 89.84% Test OOD1: 63.88% 
Epoch: 13, Loss: 0.9513, Cls: 0.3572, Ind: 0.0401, Med: 0.1797, Spu: 0.0030, FD: 0.3712, Var: 0.0000, CStr: 0.509, Ctx: 2, Train: 90.05%, Valid: 89.62%, Test In: 89.73% Test OOD1: 63.27% 
Epoch: 14, Loss: 0.9377, Cls: 0.3540, Ind: 0.0377, Med: 0.1791, Spu: 0.0027, FD: 0.3642, Var: 0.0000, CStr: 0.508, Ctx: 2, Train: 90.09%, Valid: 89.60%, Test In: 89.74% Test OOD1: 64.74% 
Epoch: 15, Loss: 0.9095, Cls: 0.3445, Ind: 0.0341, Med: 0.1744, Spu: 0.0025, FD: 0.3539, Var: 0.0000, CStr: 0.508, Ctx: 2, Train: 90.18%, Valid: 89.87%, Test In: 90.12% Test OOD1: 67.47% 
Epoch: 16, Loss: 0.8868, Cls: 0.3363, Ind: 0.0306, Med: 0.1700, Spu: 0.0025, FD: 0.3474, Var: 0.0000, CStr: 0.508, Ctx: 2, Train: 90.26%, Valid: 89.91%, Test In: 90.32% Test OOD1: 69.47% 
Epoch: 17, Loss: 0.8716, Cls: 0.3318, Ind: 0.0271, Med: 0.1688, Spu: 0.0025, FD: 0.3413, Var: 0.0000, CStr: 0.508, Ctx: 2, Train: 90.30%, Valid: 89.87%, Test In: 90.29% Test OOD1: 70.17% 
Epoch: 18, Loss: 0.8700, Cls: 0.3334, Ind: 0.0229, Med: 0.1699, Spu: 0.0024, FD: 0.3413, Var: 0.0000, CStr: 0.508, Ctx: 2, Train: 90.43%, Valid: 90.05%, Test In: 90.35% Test OOD1: 69.43% 
Epoch: 19, Loss: 0.8481, Cls: 0.3274, Ind: 0.0186, Med: 0.1668, Spu: 0.0021, FD: 0.3332, Var: 0.0000, CStr: 0.507, Ctx: 2, Train: 90.57%, Valid: 90.17%, Test In: 90.44% Test OOD1: 68.33% 
Epoch: 20, Loss: 0.8338, Cls: 0.3234, Ind: 0.0156, Med: 0.1650, Spu: 0.0020, FD: 0.3278, Var: 0.0000, CStr: 0.507, Ctx: 2, Train: 90.67%, Valid: 90.26%, Test In: 90.51% Test OOD1: 67.97% 
Epoch: 21, Loss: 0.8119, Cls: 0.3154, Ind: 0.0136, Med: 0.1605, Spu: 0.0019, FD: 0.3205, Var: 0.0000, CStr: 0.507, Ctx: 2, Train: 91.00%, Valid: 90.39%, Test In: 90.76% Test OOD1: 68.54% 
Epoch: 22, Loss: 0.7960, Cls: 0.3095, Ind: 0.0122, Med: 0.1576, Spu: 0.0019, FD: 0.3148, Var: 0.0000, CStr: 0.507, Ctx: 2, Train: 91.06%, Valid: 90.57%, Test In: 91.00% Test OOD1: 69.06% 
Epoch: 23, Loss: 0.7862, Cls: 0.3059, Ind: 0.0109, Med: 0.1558, Spu: 0.0018, FD: 0.3117, Var: 0.0000, CStr: 0.506, Ctx: 2, Train: 91.20%, Valid: 90.68%, Test In: 91.10% Test OOD1: 68.56% 
Epoch: 24, Loss: 0.7938, Cls: 0.3094, Ind: 0.0097, Med: 0.1572, Spu: 0.0017, FD: 0.3158, Var: 0.0000, CStr: 0.506, Ctx: 2, Train: 91.23%, Valid: 90.77%, Test In: 91.20% Test OOD1: 68.27% 
Epoch: 25, Loss: 0.7677, Cls: 0.2997, Ind: 0.0084, Med: 0.1526, Spu: 0.0016, FD: 0.3053, Var: 0.0000, CStr: 0.506, Ctx: 2, Train: 91.34%, Valid: 90.88%, Test In: 91.26% Test OOD1: 68.15% 
Epoch: 26, Loss: 0.7566, Cls: 0.2959, Ind: 0.0073, Med: 0.1505, Spu: 0.0015, FD: 0.3014, Var: 0.0000, CStr: 0.506, Ctx: 2, Train: 91.43%, Valid: 90.97%, Test In: 91.30% Test OOD1: 68.33% 
Epoch: 27, Loss: 0.7482, Cls: 0.2933, Ind: 0.0062, Med: 0.1494, Spu: 0.0014, FD: 0.2979, Var: 0.0000, CStr: 0.506, Ctx: 2, Train: 91.53%, Valid: 91.03%, Test In: 91.41% Test OOD1: 69.13% 
Epoch: 28, Loss: 0.7414, Cls: 0.2908, Ind: 0.0057, Med: 0.1471, Spu: 0.0014, FD: 0.2964, Var: 0.0000, CStr: 0.506, Ctx: 2, Train: 91.57%, Valid: 91.13%, Test In: 91.41% Test OOD1: 70.02% 
Epoch: 29, Loss: 0.7492, Cls: 0.2943, Ind: 0.0053, Med: 0.1489, Spu: 0.0013, FD: 0.2993, Var: 0.0000, CStr: 0.506, Ctx: 2, Train: 91.65%, Valid: 91.16%, Test In: 91.41% Test OOD1: 70.53% 
Epoch: 30, Loss: 0.7243, Cls: 0.2847, Ind: 0.0051, Med: 0.1442, Spu: 0.0012, FD: 0.2890, Var: 0.0000, CStr: 0.507, Ctx: 2, Train: 91.70%, Valid: 91.23%, Test In: 91.49% Test OOD1: 70.39% 
Epoch: 31, Loss: 0.7263, Cls: 0.2858, Ind: 0.0048, Med: 0.1443, Spu: 0.0012, FD: 0.2903, Var: 0.0000, CStr: 0.507, Ctx: 2, Train: 91.89%, Valid: 91.31%, Test In: 91.61% Test OOD1: 70.81% 
Epoch: 32, Loss: 0.7206, Cls: 0.2836, Ind: 0.0046, Med: 0.1435, Spu: 0.0011, FD: 0.2878, Var: 0.0000, CStr: 0.508, Ctx: 2, Train: 91.99%, Valid: 91.40%, Test In: 91.65% Test OOD1: 70.96% 
Epoch: 33, Loss: 0.6973, Cls: 0.2746, Ind: 0.0042, Med: 0.1392, Spu: 0.0010, FD: 0.2781, Var: 0.0000, CStr: 0.508, Ctx: 2, Train: 92.07%, Valid: 91.46%, Test In: 91.74% Test OOD1: 70.95% 
Epoch: 34, Loss: 0.6932, Cls: 0.2733, Ind: 0.0039, Med: 0.1389, Spu: 0.0010, FD: 0.2761, Var: 0.0000, CStr: 0.509, Ctx: 2, Train: 92.19%, Valid: 91.52%, Test In: 91.91% Test OOD1: 70.98% 
Epoch: 35, Loss: 0.6860, Cls: 0.2707, Ind: 0.0035, Med: 0.1378, Spu: 0.0010, FD: 0.2730, Var: 0.0000, CStr: 0.509, Ctx: 2, Train: 92.38%, Valid: 91.59%, Test In: 92.01% Test OOD1: 71.51% 
Epoch: 36, Loss: 0.6899, Cls: 0.2724, Ind: 0.0034, Med: 0.1386, Spu: 0.0009, FD: 0.2745, Var: 0.0000, CStr: 0.509, Ctx: 2, Train: 92.47%, Valid: 91.62%, Test In: 92.05% Test OOD1: 71.87% 
Epoch: 37, Loss: 0.6808, Cls: 0.2689, Ind: 0.0031, Med: 0.1365, Spu: 0.0009, FD: 0.2714, Var: 0.0000, CStr: 0.510, Ctx: 2, Train: 92.53%, Valid: 91.67%, Test In: 92.14% Test OOD1: 71.40% 
Epoch: 38, Loss: 0.6630, Cls: 0.2616, Ind: 0.0030, Med: 0.1325, Spu: 0.0009, FD: 0.2650, Var: 0.0000, CStr: 0.510, Ctx: 2, Train: 92.59%, Valid: 91.73%, Test In: 92.23% Test OOD1: 71.54% 
Epoch: 39, Loss: 0.6620, Cls: 0.2614, Ind: 0.0028, Med: 0.1324, Spu: 0.0008, FD: 0.2644, Var: 0.0000, CStr: 0.510, Ctx: 2, Train: 92.70%, Valid: 91.82%, Test In: 92.25% Test OOD1: 72.57% 
Epoch: 40, Loss: 0.6473, Cls: 0.2557, Ind: 0.0027, Med: 0.1295, Spu: 0.0008, FD: 0.2586, Var: 0.0000, CStr: 0.510, Ctx: 2, Train: 92.76%, Valid: 91.87%, Test In: 92.29% Test OOD1: 72.78% 
Epoch: 41, Loss: 0.6494, Cls: 0.2568, Ind: 0.0026, Med: 0.1304, Spu: 0.0007, FD: 0.2589, Var: 0.0000, CStr: 0.510, Ctx: 2, Train: 92.83%, Valid: 91.90%, Test In: 92.35% Test OOD1: 72.57% 
Epoch: 42, Loss: 0.6337, Cls: 0.2504, Ind: 0.0025, Med: 0.1268, Spu: 0.0007, FD: 0.2533, Var: 0.0000, CStr: 0.510, Ctx: 2, Train: 92.91%, Valid: 91.93%, Test In: 92.30% Test OOD1: 73.41% 
Epoch: 43, Loss: 0.6294, Cls: 0.2489, Ind: 0.0022, Med: 0.1258, Spu: 0.0007, FD: 0.2519, Var: 0.0000, CStr: 0.510, Ctx: 2, Train: 92.97%, Valid: 91.98%, Test In: 92.41% Test OOD1: 73.83% 
Epoch: 44, Loss: 0.6292, Cls: 0.2489, Ind: 0.0019, Med: 0.1258, Spu: 0.0007, FD: 0.2518, Var: 0.0000, CStr: 0.509, Ctx: 2, Train: 93.11%, Valid: 92.05%, Test In: 92.55% Test OOD1: 73.81% 
Epoch: 45, Loss: 0.6226, Cls: 0.2464, Ind: 0.0017, Med: 0.1245, Spu: 0.0006, FD: 0.2493, Var: 0.0000, CStr: 0.509, Ctx: 2, Train: 93.18%, Valid: 92.08%, Test In: 92.64% Test OOD1: 73.92% 
Epoch: 46, Loss: 0.6148, Cls: 0.2434, Ind: 0.0015, Med: 0.1229, Spu: 0.0006, FD: 0.2462, Var: 0.0000, CStr: 0.508, Ctx: 2, Train: 93.18%, Valid: 92.16%, Test In: 92.58% Test OOD1: 74.57% 
Epoch: 47, Loss: 0.6175, Cls: 0.2445, Ind: 0.0015, Med: 0.1235, Spu: 0.0006, FD: 0.2473, Var: 0.0000, CStr: 0.508, Ctx: 2, Train: 93.17%, Valid: 92.12%, Test In: 92.53% Test OOD1: 75.78% 
Epoch: 48, Loss: 0.6073, Cls: 0.2405, Ind: 0.0015, Med: 0.1215, Spu: 0.0006, FD: 0.2432, Var: 0.0000, CStr: 0.507, Ctx: 2, Train: 93.28%, Valid: 92.14%, Test In: 92.56% Test OOD1: 75.69% 
Epoch: 49, Loss: 0.6073, Cls: 0.2406, Ind: 0.0014, Med: 0.1215, Spu: 0.0005, FD: 0.2433, Var: 0.0000, CStr: 0.507, Ctx: 2, Train: 93.38%, Valid: 92.34%, Test In: 92.71% Test OOD1: 74.39% 
Epoch: 50, Loss: 0.6037, Cls: 0.2391, Ind: 0.0013, Med: 0.1207, Spu: 0.0005, FD: 0.2420, Var: 0.0000, CStr: 0.506, Ctx: 2, Train: 93.43%, Valid: 92.21%, Test In: 92.56% Test OOD1: 76.06% 
Epoch: 51, Loss: 0.5869, Cls: 0.2324, Ind: 0.0013, Med: 0.1174, Spu: 0.0005, FD: 0.2352, Var: 0.0000, CStr: 0.506, Ctx: 2, Train: 93.39%, Valid: 92.11%, Test In: 92.49% Test OOD1: 77.15% 
Epoch: 52, Loss: 0.5855, Cls: 0.2319, Ind: 0.0013, Med: 0.1169, Spu: 0.0005, FD: 0.2349, Var: 0.0000, CStr: 0.505, Ctx: 2, Train: 93.58%, Valid: 92.34%, Test In: 92.70% Test OOD1: 75.65% 
Epoch: 53, Loss: 0.5829, Cls: 0.2307, Ind: 0.0014, Med: 0.1160, Spu: 0.0005, FD: 0.2343, Var: 0.0000, CStr: 0.504, Ctx: 2, Train: 93.65%, Valid: 92.43%, Test In: 92.68% Test OOD1: 76.38% 
Epoch: 54, Loss: 0.5814, Cls: 0.2303, Ind: 0.0014, Med: 0.1160, Spu: 0.0004, FD: 0.2332, Var: 0.0000, CStr: 0.504, Ctx: 2, Train: 93.54%, Valid: 92.28%, Test In: 92.58% Test OOD1: 78.40% 
Epoch: 55, Loss: 0.5822, Cls: 0.2306, Ind: 0.0013, Med: 0.1161, Spu: 0.0004, FD: 0.2336, Var: 0.0000, CStr: 0.503, Ctx: 2, Train: 93.70%, Valid: 92.47%, Test In: 92.84% Test OOD1: 77.73% 
Epoch: 56, Loss: 0.5751, Cls: 0.2279, Ind: 0.0013, Med: 0.1150, Spu: 0.0004, FD: 0.2305, Var: 0.0000, CStr: 0.502, Ctx: 2, Train: 93.83%, Valid: 92.60%, Test In: 92.92% Test OOD1: 77.07% 
Epoch: 57, Loss: 0.5708, Cls: 0.2261, Ind: 0.0012, Med: 0.1137, Spu: 0.0004, FD: 0.2294, Var: 0.0000, CStr: 0.501, Ctx: 2, Train: 93.84%, Valid: 92.50%, Test In: 92.81% Test OOD1: 78.77% 
Epoch: 58, Loss: 0.5550, Cls: 0.2200, Ind: 0.0012, Med: 0.1111, Spu: 0.0004, FD: 0.2222, Var: 0.0000, CStr: 0.501, Ctx: 2, Train: 93.89%, Valid: 92.60%, Test In: 92.78% Test OOD1: 79.21% 
Epoch: 59, Loss: 0.5510, Cls: 0.2183, Ind: 0.0012, Med: 0.1100, Spu: 0.0004, FD: 0.2211, Var: 0.0000, CStr: 0.500, Ctx: 2, Train: 94.07%, Valid: 92.71%, Test In: 93.00% Test OOD1: 77.78% 
Epoch: 60, Loss: 0.5550, Cls: 0.2199, Ind: 0.0012, Med: 0.1106, Spu: 0.0004, FD: 0.2229, Var: 0.0000, CStr: 0.499, Ctx: 2, Train: 94.06%, Valid: 92.72%, Test In: 92.97% Test OOD1: 77.96% 
Epoch: 61, Loss: 0.5489, Cls: 0.2176, Ind: 0.0011, Med: 0.1095, Spu: 0.0003, FD: 0.2203, Var: 0.0000, CStr: 0.498, Ctx: 2, Train: 93.93%, Valid: 92.64%, Test In: 92.74% Test OOD1: 79.77% 
Epoch: 62, Loss: 0.5540, Cls: 0.2198, Ind: 0.0011, Med: 0.1110, Spu: 0.0003, FD: 0.2219, Var: 0.0000, CStr: 0.497, Ctx: 2, Train: 94.15%, Valid: 92.76%, Test In: 92.91% Test OOD1: 78.76% 
Epoch: 63, Loss: 0.5429, Cls: 0.2152, Ind: 0.0011, Med: 0.1084, Spu: 0.0003, FD: 0.2179, Var: 0.0000, CStr: 0.496, Ctx: 2, Train: 94.34%, Valid: 92.85%, Test In: 93.14% Test OOD1: 77.63% 
Epoch: 64, Loss: 0.5337, Cls: 0.2116, Ind: 0.0010, Med: 0.1066, Spu: 0.0003, FD: 0.2141, Var: 0.0000, CStr: 0.495, Ctx: 2, Train: 94.30%, Valid: 92.97%, Test In: 93.02% Test OOD1: 79.22% 
Epoch: 65, Loss: 0.5315, Cls: 0.2107, Ind: 0.0010, Med: 0.1061, Spu: 0.0003, FD: 0.2133, Var: 0.0000, CStr: 0.494, Ctx: 2, Train: 94.27%, Valid: 92.94%, Test In: 92.95% Test OOD1: 80.53% 
Epoch: 66, Loss: 0.5319, Cls: 0.2107, Ind: 0.0010, Med: 0.1058, Spu: 0.0003, FD: 0.2140, Var: 0.0000, CStr: 0.493, Ctx: 2, Train: 94.46%, Valid: 92.97%, Test In: 93.24% Test OOD1: 79.11% 
Epoch: 67, Loss: 0.5243, Cls: 0.2079, Ind: 0.0010, Med: 0.1046, Spu: 0.0003, FD: 0.2105, Var: 0.0000, CStr: 0.492, Ctx: 2, Train: 94.56%, Valid: 93.03%, Test In: 93.25% Test OOD1: 79.32% 
Epoch: 68, Loss: 0.5221, Cls: 0.2071, Ind: 0.0010, Med: 0.1045, Spu: 0.0003, FD: 0.2092, Var: 0.0000, CStr: 0.491, Ctx: 2, Train: 94.47%, Valid: 93.01%, Test In: 92.99% Test OOD1: 80.96% 
Epoch: 69, Loss: 0.5121, Cls: 0.2031, Ind: 0.0010, Med: 0.1023, Spu: 0.0003, FD: 0.2053, Var: 0.0000, CStr: 0.490, Ctx: 2, Train: 94.56%, Valid: 93.10%, Test In: 93.18% Test OOD1: 79.98% 
Epoch: 70, Loss: 0.5096, Cls: 0.2021, Ind: 0.0010, Med: 0.1019, Spu: 0.0002, FD: 0.2044, Var: 0.0000, CStr: 0.489, Ctx: 2, Train: 94.70%, Valid: 93.11%, Test In: 93.36% Test OOD1: 78.81% 
Epoch: 71, Loss: 0.5146, Cls: 0.2043, Ind: 0.0010, Med: 0.1033, Spu: 0.0002, FD: 0.2059, Var: 0.0000, CStr: 0.488, Ctx: 2, Train: 94.53%, Valid: 93.04%, Test In: 92.94% Test OOD1: 80.54% 
Epoch: 72, Loss: 0.5112, Cls: 0.2029, Ind: 0.0009, Med: 0.1024, Spu: 0.0002, FD: 0.2048, Var: 0.0000, CStr: 0.487, Ctx: 2, Train: 94.74%, Valid: 93.19%, Test In: 93.16% Test OOD1: 79.62% 
Epoch: 73, Loss: 0.5036, Cls: 0.1998, Ind: 0.0009, Med: 0.1005, Spu: 0.0002, FD: 0.2021, Var: 0.0000, CStr: 0.486, Ctx: 2, Train: 94.87%, Valid: 93.26%, Test In: 93.36% Test OOD1: 78.45% 
Epoch: 74, Loss: 0.5007, Cls: 0.1986, Ind: 0.0009, Med: 0.1000, Spu: 0.0002, FD: 0.2009, Var: 0.0000, CStr: 0.485, Ctx: 2, Train: 94.75%, Valid: 93.20%, Test In: 93.23% Test OOD1: 79.81% 
Epoch: 75, Loss: 0.4997, Cls: 0.1982, Ind: 0.0009, Med: 0.0998, Spu: 0.0002, FD: 0.2006, Var: 0.0000, CStr: 0.483, Ctx: 2, Train: 94.80%, Valid: 93.18%, Test In: 93.21% Test OOD1: 80.16% 
Epoch: 76, Loss: 0.4934, Cls: 0.1959, Ind: 0.0009, Med: 0.0990, Spu: 0.0002, FD: 0.1974, Var: 0.0000, CStr: 0.482, Ctx: 2, Train: 95.06%, Valid: 93.41%, Test In: 93.51% Test OOD1: 78.45% 
Epoch: 77, Loss: 0.4891, Cls: 0.1941, Ind: 0.0009, Med: 0.0978, Spu: 0.0002, FD: 0.1961, Var: 0.0000, CStr: 0.481, Ctx: 2, Train: 95.14%, Valid: 93.41%, Test In: 93.54% Test OOD1: 79.28% 
Epoch: 78, Loss: 0.4838, Cls: 0.1918, Ind: 0.0009, Med: 0.0962, Spu: 0.0002, FD: 0.1947, Var: 0.0000, CStr: 0.480, Ctx: 2, Train: 94.86%, Valid: 93.24%, Test In: 93.10% Test OOD1: 81.37% 
Epoch: 79, Loss: 0.4804, Cls: 0.1906, Ind: 0.0009, Med: 0.0960, Spu: 0.0002, FD: 0.1928, Var: 0.0000, CStr: 0.479, Ctx: 2, Train: 95.17%, Valid: 93.47%, Test In: 93.56% Test OOD1: 79.81% 
Epoch: 80, Loss: 0.4794, Cls: 0.1902, Ind: 0.0009, Med: 0.0958, Spu: 0.0002, FD: 0.1923, Var: 0.0000, CStr: 0.478, Ctx: 2, Train: 95.31%, Valid: 93.59%, Test In: 93.56% Test OOD1: 79.93% 
Epoch: 81, Loss: 0.4803, Cls: 0.1905, Ind: 0.0008, Med: 0.0956, Spu: 0.0002, FD: 0.1932, Var: 0.0000, CStr: 0.477, Ctx: 2, Train: 95.32%, Valid: 93.52%, Test In: 93.34% Test OOD1: 81.37% 
Epoch: 82, Loss: 0.4700, Cls: 0.1865, Ind: 0.0008, Med: 0.0938, Spu: 0.0002, FD: 0.1887, Var: 0.0000, CStr: 0.476, Ctx: 2, Train: 95.38%, Valid: 93.54%, Test In: 93.54% Test OOD1: 80.05% 
Epoch: 83, Loss: 0.4725, Cls: 0.1875, Ind: 0.0008, Med: 0.0943, Spu: 0.0002, FD: 0.1897, Var: 0.0000, CStr: 0.474, Ctx: 2, Train: 95.51%, Valid: 93.66%, Test In: 93.57% Test OOD1: 80.12% 
Epoch: 84, Loss: 0.4677, Cls: 0.1856, Ind: 0.0008, Med: 0.0934, Spu: 0.0002, FD: 0.1877, Var: 0.0000, CStr: 0.473, Ctx: 2, Train: 95.36%, Valid: 93.43%, Test In: 93.31% Test OOD1: 81.97% 
Epoch: 85, Loss: 0.4785, Cls: 0.1898, Ind: 0.0008, Med: 0.0953, Spu: 0.0001, FD: 0.1924, Var: 0.0000, CStr: 0.472, Ctx: 2, Train: 95.70%, Valid: 93.80%, Test In: 93.72% Test OOD1: 79.21% 
Epoch: 86, Loss: 0.4605, Cls: 0.1827, Ind: 0.0008, Med: 0.0918, Spu: 0.0001, FD: 0.1851, Var: 0.0000, CStr: 0.471, Ctx: 2, Train: 95.51%, Valid: 93.61%, Test In: 93.55% Test OOD1: 79.83% 
Epoch: 87, Loss: 0.4591, Cls: 0.1822, Ind: 0.0008, Med: 0.0918, Spu: 0.0001, FD: 0.1842, Var: 0.0000, CStr: 0.470, Ctx: 2, Train: 95.50%, Valid: 93.64%, Test In: 93.42% Test OOD1: 80.88% 
Epoch: 88, Loss: 0.4593, Cls: 0.1825, Ind: 0.0008, Med: 0.0922, Spu: 0.0001, FD: 0.1836, Var: 0.0000, CStr: 0.469, Ctx: 2, Train: 95.72%, Valid: 93.80%, Test In: 93.66% Test OOD1: 79.44% 
Epoch: 89, Loss: 0.4555, Cls: 0.1808, Ind: 0.0007, Med: 0.0908, Spu: 0.0001, FD: 0.1830, Var: 0.0000, CStr: 0.467, Ctx: 2, Train: 95.87%, Valid: 93.83%, Test In: 93.73% Test OOD1: 79.18% 
Epoch: 90, Loss: 0.4443, Cls: 0.1764, Ind: 0.0007, Med: 0.0888, Spu: 0.0001, FD: 0.1783, Var: 0.0000, CStr: 0.466, Ctx: 2, Train: 95.51%, Valid: 93.50%, Test In: 93.24% Test OOD1: 82.32% 
Epoch: 91, Loss: 0.4522, Cls: 0.1794, Ind: 0.0007, Med: 0.0902, Spu: 0.0001, FD: 0.1818, Var: 0.0000, CStr: 0.465, Ctx: 2, Train: 95.89%, Valid: 93.84%, Test In: 93.75% Test OOD1: 79.53% 
Epoch: 92, Loss: 0.4428, Cls: 0.1758, Ind: 0.0007, Med: 0.0885, Spu: 0.0001, FD: 0.1776, Var: 0.0000, CStr: 0.464, Ctx: 2, Train: 96.00%, Valid: 93.82%, Test In: 93.66% Test OOD1: 80.08% 
Epoch: 93, Loss: 0.4381, Cls: 0.1740, Ind: 0.0007, Med: 0.0875, Spu: 0.0001, FD: 0.1758, Var: 0.0000, CStr: 0.463, Ctx: 2, Train: 95.75%, Valid: 93.62%, Test In: 93.45% Test OOD1: 81.35% 
Epoch: 94, Loss: 0.4368, Cls: 0.1734, Ind: 0.0007, Med: 0.0871, Spu: 0.0001, FD: 0.1755, Var: 0.0000, CStr: 0.462, Ctx: 2, Train: 95.94%, Valid: 93.72%, Test In: 93.69% Test OOD1: 79.95% 
Epoch: 95, Loss: 0.4325, Cls: 0.1717, Ind: 0.0007, Med: 0.0862, Spu: 0.0001, FD: 0.1738, Var: 0.0000, CStr: 0.461, Ctx: 2, Train: 96.04%, Valid: 93.68%, Test In: 93.66% Test OOD1: 81.37% 
Epoch: 96, Loss: 0.4280, Cls: 0.1698, Ind: 0.0007, Med: 0.0851, Spu: 0.0001, FD: 0.1723, Var: 0.0000, CStr: 0.460, Ctx: 2, Train: 96.27%, Valid: 93.95%, Test In: 93.92% Test OOD1: 80.86% 
Epoch: 97, Loss: 0.4241, Cls: 0.1684, Ind: 0.0007, Med: 0.0847, Spu: 0.0001, FD: 0.1703, Var: 0.0000, CStr: 0.458, Ctx: 2, Train: 96.33%, Valid: 94.03%, Test In: 94.10% Test OOD1: 80.36% 
Epoch: 98, Loss: 0.4215, Cls: 0.1674, Ind: 0.0006, Med: 0.0842, Spu: 0.0001, FD: 0.1692, Var: 0.0000, CStr: 0.457, Ctx: 2, Train: 96.02%, Valid: 93.70%, Test In: 93.60% Test OOD1: 82.07% 
Epoch: 99, Loss: 0.4224, Cls: 0.1677, Ind: 0.0006, Med: 0.0843, Spu: 0.0001, FD: 0.1697, Var: 0.0000, CStr: 0.456, Ctx: 2, Train: 96.32%, Valid: 93.96%, Test In: 93.95% Test OOD1: 79.74% 
Epoch: 100, Loss: 0.4185, Cls: 0.1662, Ind: 0.0006, Med: 0.0835, Spu: 0.0001, FD: 0.1681, Var: 0.0000, CStr: 0.455, Ctx: 2, Train: 96.28%, Valid: 93.89%, Test In: 93.89% Test OOD1: 81.14% 
Epoch: 101, Loss: 0.4184, Cls: 0.1662, Ind: 0.0006, Med: 0.0836, Spu: 0.0001, FD: 0.1679, Var: 0.0000, CStr: 0.454, Ctx: 2, Train: 96.41%, Valid: 94.10%, Test In: 94.00% Test OOD1: 80.26% 
Epoch: 102, Loss: 0.4073, Cls: 0.1617, Ind: 0.0006, Med: 0.0813, Spu: 0.0001, FD: 0.1635, Var: 0.0000, CStr: 0.453, Ctx: 2, Train: 96.50%, Valid: 94.07%, Test In: 93.99% Test OOD1: 80.56% 
Epoch: 103, Loss: 0.4161, Cls: 0.1652, Ind: 0.0006, Med: 0.0828, Spu: 0.0001, FD: 0.1674, Var: 0.0000, CStr: 0.452, Ctx: 2, Train: 96.46%, Valid: 93.91%, Test In: 93.81% Test OOD1: 81.69% 
Epoch: 104, Loss: 0.4129, Cls: 0.1640, Ind: 0.0006, Med: 0.0825, Spu: 0.0001, FD: 0.1657, Var: 0.0000, CStr: 0.451, Ctx: 2, Train: 96.67%, Valid: 94.10%, Test In: 94.18% Test OOD1: 79.61% 
Epoch: 105, Loss: 0.4074, Cls: 0.1617, Ind: 0.0005, Med: 0.0810, Spu: 0.0001, FD: 0.1640, Var: 0.0000, CStr: 0.450, Ctx: 2, Train: 96.62%, Valid: 94.02%, Test In: 94.08% Test OOD1: 80.62% 
Epoch: 106, Loss: 0.3976, Cls: 0.1580, Ind: 0.0005, Med: 0.0794, Spu: 0.0001, FD: 0.1596, Var: 0.0000, CStr: 0.449, Ctx: 2, Train: 96.56%, Valid: 93.93%, Test In: 93.73% Test OOD1: 82.12% 
Epoch: 107, Loss: 0.3992, Cls: 0.1586, Ind: 0.0005, Med: 0.0796, Spu: 0.0001, FD: 0.1604, Var: 0.0000, CStr: 0.448, Ctx: 2, Train: 96.85%, Valid: 94.30%, Test In: 94.31% Test OOD1: 79.35% 
Epoch: 108, Loss: 0.3942, Cls: 0.1566, Ind: 0.0005, Med: 0.0787, Spu: 0.0001, FD: 0.1583, Var: 0.0000, CStr: 0.447, Ctx: 2, Train: 96.67%, Valid: 94.03%, Test In: 93.96% Test OOD1: 82.02% 
Epoch: 109, Loss: 0.3994, Cls: 0.1587, Ind: 0.0005, Med: 0.0797, Spu: 0.0001, FD: 0.1604, Var: 0.0000, CStr: 0.446, Ctx: 2, Train: 96.89%, Valid: 94.36%, Test In: 94.20% Test OOD1: 80.66% 
Epoch: 110, Loss: 0.3933, Cls: 0.1563, Ind: 0.0005, Med: 0.0786, Spu: 0.0001, FD: 0.1578, Var: 0.0000, CStr: 0.445, Ctx: 2, Train: 96.87%, Valid: 94.28%, Test In: 94.12% Test OOD1: 81.50% 
Epoch: 111, Loss: 0.3846, Cls: 0.1528, Ind: 0.0005, Med: 0.0768, Spu: 0.0001, FD: 0.1545, Var: 0.0000, CStr: 0.445, Ctx: 2, Train: 96.96%, Valid: 94.36%, Test In: 94.19% Test OOD1: 81.08% 
Epoch: 112, Loss: 0.3862, Cls: 0.1534, Ind: 0.0005, Med: 0.0771, Spu: 0.0001, FD: 0.1552, Var: 0.0000, CStr: 0.444, Ctx: 2, Train: 97.03%, Valid: 94.40%, Test In: 94.23% Test OOD1: 81.62% 
Epoch: 113, Loss: 0.3802, Cls: 0.1510, Ind: 0.0005, Med: 0.0760, Spu: 0.0001, FD: 0.1526, Var: 0.0000, CStr: 0.443, Ctx: 2, Train: 97.06%, Valid: 94.41%, Test In: 94.18% Test OOD1: 82.63% 
Epoch: 114, Loss: 0.3812, Cls: 0.1514, Ind: 0.0005, Med: 0.0761, Spu: 0.0001, FD: 0.1532, Var: 0.0000, CStr: 0.442, Ctx: 2, Train: 97.14%, Valid: 94.38%, Test In: 94.33% Test OOD1: 81.27% 
Epoch: 115, Loss: 0.3762, Cls: 0.1495, Ind: 0.0005, Med: 0.0752, Spu: 0.0001, FD: 0.1510, Var: 0.0000, CStr: 0.442, Ctx: 2, Train: 97.07%, Valid: 94.32%, Test In: 94.12% Test OOD1: 82.62% 
Epoch: 116, Loss: 0.3702, Cls: 0.1470, Ind: 0.0005, Med: 0.0736, Spu: 0.0001, FD: 0.1492, Var: 0.0000, CStr: 0.441, Ctx: 2, Train: 97.30%, Valid: 94.54%, Test In: 94.49% Test OOD1: 81.45% 
Epoch: 117, Loss: 0.3751, Cls: 0.1489, Ind: 0.0005, Med: 0.0745, Spu: 0.0001, FD: 0.1511, Var: 0.0000, CStr: 0.440, Ctx: 2, Train: 97.25%, Valid: 94.40%, Test In: 94.33% Test OOD1: 81.95% 
Epoch: 118, Loss: 0.3649, Cls: 0.1449, Ind: 0.0004, Med: 0.0727, Spu: 0.0001, FD: 0.1468, Var: 0.0000, CStr: 0.440, Ctx: 2, Train: 97.30%, Valid: 94.38%, Test In: 94.14% Test OOD1: 82.15% 
Epoch: 119, Loss: 0.3676, Cls: 0.1460, Ind: 0.0004, Med: 0.0732, Spu: 0.0001, FD: 0.1479, Var: 0.0000, CStr: 0.439, Ctx: 2, Train: 97.47%, Valid: 94.57%, Test In: 94.79% Test OOD1: 78.46% 
Epoch: 120, Loss: 0.3744, Cls: 0.1487, Ind: 0.0005, Med: 0.0747, Spu: 0.0001, FD: 0.1504, Var: 0.0000, CStr: 0.439, Ctx: 2, Train: 96.31%, Valid: 93.35%, Test In: 93.18% Test OOD1: 84.48% 
Epoch: 121, Loss: 0.3926, Cls: 0.1560, Ind: 0.0005, Med: 0.0784, Spu: 0.0001, FD: 0.1576, Var: 0.0000, CStr: 0.438, Ctx: 2, Train: 97.26%, Valid: 94.45%, Test In: 94.52% Test OOD1: 78.03% 
Epoch: 122, Loss: 0.3805, Cls: 0.1514, Ind: 0.0005, Med: 0.0763, Spu: 0.0001, FD: 0.1524, Var: 0.0000, CStr: 0.438, Ctx: 2, Train: 97.44%, Valid: 94.57%, Test In: 94.52% Test OOD1: 79.85% 
Epoch: 123, Loss: 0.3767, Cls: 0.1498, Ind: 0.0004, Med: 0.0753, Spu: 0.0000, FD: 0.1512, Var: 0.0000, CStr: 0.438, Ctx: 2, Train: 97.19%, Valid: 94.15%, Test In: 94.02% Test OOD1: 83.49% 
Epoch: 124, Loss: 0.3585, Cls: 0.1424, Ind: 0.0004, Med: 0.0715, Spu: 0.0000, FD: 0.1442, Var: 0.0000, CStr: 0.437, Ctx: 2, Train: 97.31%, Valid: 94.40%, Test In: 94.49% Test OOD1: 79.92% 
Epoch: 125, Loss: 0.3684, Cls: 0.1463, Ind: 0.0004, Med: 0.0733, Spu: 0.0000, FD: 0.1483, Var: 0.0000, CStr: 0.437, Ctx: 2, Train: 97.56%, Valid: 94.76%, Test In: 94.67% Test OOD1: 82.07% 
Epoch: 126, Loss: 0.3637, Cls: 0.1445, Ind: 0.0004, Med: 0.0726, Spu: 0.0000, FD: 0.1462, Var: 0.0000, CStr: 0.437, Ctx: 2, Train: 97.51%, Valid: 94.65%, Test In: 94.52% Test OOD1: 83.52% 
Epoch: 127, Loss: 0.3564, Cls: 0.1416, Ind: 0.0004, Med: 0.0710, Spu: 0.0000, FD: 0.1433, Var: 0.0000, CStr: 0.437, Ctx: 2, Train: 97.40%, Valid: 94.33%, Test In: 94.37% Test OOD1: 81.38% 
Epoch: 128, Loss: 0.3700, Cls: 0.1470, Ind: 0.0004, Med: 0.0735, Spu: 0.0000, FD: 0.1490, Var: 0.0000, CStr: 0.436, Ctx: 2, Train: 97.74%, Valid: 94.83%, Test In: 94.84% Test OOD1: 82.78% 
Epoch: 129, Loss: 0.3364, Cls: 0.1337, Ind: 0.0004, Med: 0.0672, Spu: 0.0000, FD: 0.1352, Var: 0.0000, CStr: 0.436, Ctx: 2, Train: 97.77%, Valid: 94.60%, Test In: 94.74% Test OOD1: 82.78% 
Epoch: 130, Loss: 0.3579, Cls: 0.1422, Ind: 0.0004, Med: 0.0714, Spu: 0.0000, FD: 0.1439, Var: 0.0000, CStr: 0.436, Ctx: 2, Train: 97.83%, Valid: 94.72%, Test In: 94.63% Test OOD1: 81.96% 
Epoch: 131, Loss: 0.3384, Cls: 0.1345, Ind: 0.0004, Med: 0.0676, Spu: 0.0000, FD: 0.1359, Var: 0.0000, CStr: 0.436, Ctx: 2, Train: 97.66%, Valid: 94.50%, Test In: 94.41% Test OOD1: 83.57% 
Epoch: 132, Loss: 0.3425, Cls: 0.1362, Ind: 0.0004, Med: 0.0685, Spu: 0.0000, FD: 0.1374, Var: 0.0000, CStr: 0.436, Ctx: 2, Train: 97.84%, Valid: 94.82%, Test In: 94.77% Test OOD1: 82.93% 
Epoch: 133, Loss: 0.3411, Cls: 0.1356, Ind: 0.0004, Med: 0.0681, Spu: 0.0000, FD: 0.1369, Var: 0.0000, CStr: 0.436, Ctx: 2, Train: 97.97%, Valid: 95.11%, Test In: 95.04% Test OOD1: 80.92% 
Epoch: 134, Loss: 0.3445, Cls: 0.1370, Ind: 0.0004, Med: 0.0689, Spu: 0.0000, FD: 0.1382, Var: 0.0000, CStr: 0.435, Ctx: 2, Train: 97.72%, Valid: 94.45%, Test In: 94.35% Test OOD1: 83.76% 
Epoch: 135, Loss: 0.3320, Cls: 0.1319, Ind: 0.0004, Med: 0.0661, Spu: 0.0000, FD: 0.1335, Var: 0.0000, CStr: 0.435, Ctx: 2, Train: 97.88%, Valid: 94.73%, Test In: 94.66% Test OOD1: 83.04% 
Epoch: 136, Loss: 0.3324, Cls: 0.1321, Ind: 0.0003, Med: 0.0662, Spu: 0.0000, FD: 0.1337, Var: 0.0000, CStr: 0.435, Ctx: 2, Train: 98.07%, Valid: 95.20%, Test In: 95.14% Test OOD1: 80.41% 
Epoch: 137, Loss: 0.3377, Cls: 0.1342, Ind: 0.0004, Med: 0.0673, Spu: 0.0000, FD: 0.1359, Var: 0.0000, CStr: 0.435, Ctx: 2, Train: 97.95%, Valid: 94.71%, Test In: 94.79% Test OOD1: 83.34% 
Epoch: 138, Loss: 0.3248, Cls: 0.1291, Ind: 0.0003, Med: 0.0649, Spu: 0.0000, FD: 0.1305, Var: 0.0000, CStr: 0.435, Ctx: 2, Train: 97.91%, Valid: 94.73%, Test In: 94.52% Test OOD1: 83.26% 
Epoch: 139, Loss: 0.3260, Cls: 0.1296, Ind: 0.0003, Med: 0.0650, Spu: 0.0000, FD: 0.1311, Var: 0.0000, CStr: 0.435, Ctx: 2, Train: 98.11%, Valid: 95.08%, Test In: 95.03% Test OOD1: 81.90% 
Epoch: 140, Loss: 0.3241, Cls: 0.1288, Ind: 0.0003, Med: 0.0647, Spu: 0.0000, FD: 0.1303, Var: 0.0000, CStr: 0.435, Ctx: 2, Train: 98.08%, Valid: 95.06%, Test In: 94.95% Test OOD1: 83.21% 
Epoch: 141, Loss: 0.3338, Cls: 0.1327, Ind: 0.0003, Med: 0.0667, Spu: 0.0000, FD: 0.1341, Var: 0.0000, CStr: 0.435, Ctx: 2, Train: 98.15%, Valid: 94.92%, Test In: 94.87% Test OOD1: 83.15% 
Epoch: 142, Loss: 0.3154, Cls: 0.1253, Ind: 0.0003, Med: 0.0628, Spu: 0.0000, FD: 0.1269, Var: 0.0000, CStr: 0.435, Ctx: 2, Train: 98.17%, Valid: 94.79%, Test In: 94.75% Test OOD1: 82.86% 
Epoch: 143, Loss: 0.3199, Cls: 0.1271, Ind: 0.0003, Med: 0.0639, Spu: 0.0000, FD: 0.1285, Var: 0.0000, CStr: 0.435, Ctx: 2, Train: 98.28%, Valid: 95.12%, Test In: 95.00% Test OOD1: 83.33% 
Epoch: 144, Loss: 0.3200, Cls: 0.1270, Ind: 0.0004, Med: 0.0635, Spu: 0.0000, FD: 0.1290, Var: 0.0000, CStr: 0.435, Ctx: 2, Train: 98.25%, Valid: 95.21%, Test In: 94.91% Test OOD1: 83.59% 
Epoch: 145, Loss: 0.3046, Cls: 0.1210, Ind: 0.0003, Med: 0.0608, Spu: 0.0000, FD: 0.1223, Var: 0.0000, CStr: 0.435, Ctx: 2, Train: 98.25%, Valid: 94.81%, Test In: 94.83% Test OOD1: 83.81% 
Epoch: 146, Loss: 0.3164, Cls: 0.1257, Ind: 0.0003, Med: 0.0629, Spu: 0.0000, FD: 0.1274, Var: 0.0000, CStr: 0.435, Ctx: 2, Train: 98.40%, Valid: 95.00%, Test In: 94.97% Test OOD1: 84.22% 
Epoch: 147, Loss: 0.3050, Cls: 0.1212, Ind: 0.0003, Med: 0.0608, Spu: 0.0000, FD: 0.1227, Var: 0.0000, CStr: 0.435, Ctx: 2, Train: 98.49%, Valid: 95.28%, Test In: 95.12% Test OOD1: 84.19% 
Epoch: 148, Loss: 0.3074, Cls: 0.1222, Ind: 0.0003, Med: 0.0614, Spu: 0.0000, FD: 0.1235, Var: 0.0000, CStr: 0.435, Ctx: 2, Train: 98.56%, Valid: 95.39%, Test In: 95.06% Test OOD1: 83.85% 
Epoch: 149, Loss: 0.3165, Cls: 0.1258, Ind: 0.0003, Med: 0.0630, Spu: 0.0000, FD: 0.1274, Var: 0.0000, CStr: 0.435, Ctx: 2, Train: 98.43%, Valid: 95.07%, Test In: 94.89% Test OOD1: 84.29% 
Epoch: 150, Loss: 0.3121, Cls: 0.1241, Ind: 0.0003, Med: 0.0623, Spu: 0.0000, FD: 0.1254, Var: 0.0000, CStr: 0.435, Ctx: 2, Train: 98.56%, Valid: 95.34%, Test In: 95.19% Test OOD1: 83.88% 
Epoch: 151, Loss: 0.3048, Cls: 0.1211, Ind: 0.0003, Med: 0.0607, Spu: 0.0000, FD: 0.1226, Var: 0.0000, CStr: 0.435, Ctx: 2, Train: 98.55%, Valid: 95.37%, Test In: 95.25% Test OOD1: 83.88% 
Epoch: 152, Loss: 0.2929, Cls: 0.1164, Ind: 0.0003, Med: 0.0584, Spu: 0.0000, FD: 0.1178, Var: 0.0000, CStr: 0.435, Ctx: 2, Train: 98.55%, Valid: 95.36%, Test In: 95.28% Test OOD1: 83.16% 
Epoch: 153, Loss: 0.2916, Cls: 0.1159, Ind: 0.0003, Med: 0.0581, Spu: 0.0000, FD: 0.1173, Var: 0.0000, CStr: 0.435, Ctx: 2, Train: 98.47%, Valid: 95.18%, Test In: 95.19% Test OOD1: 84.32% 
Epoch: 154, Loss: 0.2958, Cls: 0.1175, Ind: 0.0003, Med: 0.0587, Spu: 0.0000, FD: 0.1193, Var: 0.0000, CStr: 0.435, Ctx: 2, Train: 98.60%, Valid: 95.46%, Test In: 95.32% Test OOD1: 83.57% 
Epoch: 155, Loss: 0.2932, Cls: 0.1165, Ind: 0.0003, Med: 0.0584, Spu: 0.0000, FD: 0.1180, Var: 0.0000, CStr: 0.435, Ctx: 2, Train: 98.68%, Valid: 95.68%, Test In: 95.45% Test OOD1: 83.20% 
Epoch: 156, Loss: 0.2968, Cls: 0.1180, Ind: 0.0003, Med: 0.0591, Spu: 0.0000, FD: 0.1194, Var: 0.0000, CStr: 0.435, Ctx: 2, Train: 98.66%, Valid: 95.28%, Test In: 95.18% Test OOD1: 84.44% 
Epoch: 157, Loss: 0.2909, Cls: 0.1156, Ind: 0.0003, Med: 0.0579, Spu: 0.0000, FD: 0.1172, Var: 0.0000, CStr: 0.435, Ctx: 2, Train: 98.77%, Valid: 95.46%, Test In: 95.37% Test OOD1: 84.15% 
Epoch: 158, Loss: 0.2848, Cls: 0.1132, Ind: 0.0002, Med: 0.0569, Spu: 0.0000, FD: 0.1144, Var: 0.0000, CStr: 0.435, Ctx: 2, Train: 98.82%, Valid: 95.53%, Test In: 95.46% Test OOD1: 83.95% 
Epoch: 159, Loss: 0.2873, Cls: 0.1142, Ind: 0.0003, Med: 0.0572, Spu: 0.0000, FD: 0.1157, Var: 0.0000, CStr: 0.435, Ctx: 2, Train: 98.61%, Valid: 95.22%, Test In: 95.11% Test OOD1: 85.47% 
Epoch: 160, Loss: 0.2879, Cls: 0.1144, Ind: 0.0003, Med: 0.0573, Spu: 0.0000, FD: 0.1159, Var: 0.0000, CStr: 0.435, Ctx: 2, Train: 98.83%, Valid: 95.67%, Test In: 95.58% Test OOD1: 83.08% 
Epoch: 161, Loss: 0.2863, Cls: 0.1139, Ind: 0.0003, Med: 0.0574, Spu: 0.0000, FD: 0.1147, Var: 0.0000, CStr: 0.435, Ctx: 2, Train: 98.74%, Valid: 95.42%, Test In: 95.30% Test OOD1: 84.59% 
Epoch: 162, Loss: 0.2945, Cls: 0.1171, Ind: 0.0003, Med: 0.0588, Spu: 0.0000, FD: 0.1183, Var: 0.0000, CStr: 0.434, Ctx: 2, Train: 98.79%, Valid: 95.54%, Test In: 95.43% Test OOD1: 82.63% 
Epoch: 163, Loss: 0.2805, Cls: 0.1115, Ind: 0.0003, Med: 0.0560, Spu: 0.0000, FD: 0.1127, Var: 0.0000, CStr: 0.434, Ctx: 2, Train: 98.87%, Valid: 95.52%, Test In: 95.54% Test OOD1: 83.30% 
Epoch: 164, Loss: 0.2788, Cls: 0.1109, Ind: 0.0002, Med: 0.0557, Spu: 0.0000, FD: 0.1120, Var: 0.0000, CStr: 0.434, Ctx: 2, Train: 98.91%, Valid: 95.58%, Test In: 95.58% Test OOD1: 83.11% 
Epoch: 165, Loss: 0.2758, Cls: 0.1096, Ind: 0.0002, Med: 0.0550, Spu: 0.0000, FD: 0.1109, Var: 0.0000, CStr: 0.434, Ctx: 2, Train: 98.80%, Valid: 95.44%, Test In: 95.52% Test OOD1: 82.45% 
Epoch: 166, Loss: 0.2756, Cls: 0.1095, Ind: 0.0002, Med: 0.0549, Spu: 0.0000, FD: 0.1109, Var: 0.0000, CStr: 0.434, Ctx: 2, Train: 98.78%, Valid: 95.48%, Test In: 95.43% Test OOD1: 84.83% 
Epoch: 167, Loss: 0.2754, Cls: 0.1094, Ind: 0.0003, Med: 0.0548, Spu: 0.0000, FD: 0.1109, Var: 0.0000, CStr: 0.434, Ctx: 2, Train: 98.90%, Valid: 95.77%, Test In: 95.62% Test OOD1: 81.00% 
Epoch: 168, Loss: 0.2811, Cls: 0.1117, Ind: 0.0002, Med: 0.0558, Spu: 0.0000, FD: 0.1133, Var: 0.0000, CStr: 0.434, Ctx: 2, Train: 98.54%, Valid: 95.12%, Test In: 95.12% Test OOD1: 85.87% 
Epoch: 169, Loss: 0.2931, Cls: 0.1165, Ind: 0.0002, Med: 0.0582, Spu: 0.0000, FD: 0.1181, Var: 0.0000, CStr: 0.434, Ctx: 2, Train: 98.99%, Valid: 95.98%, Test In: 95.68% Test OOD1: 81.87% 
Epoch: 170, Loss: 0.2700, Cls: 0.1073, Ind: 0.0002, Med: 0.0538, Spu: 0.0000, FD: 0.1086, Var: 0.0000, CStr: 0.434, Ctx: 2, Train: 99.12%, Valid: 96.02%, Test In: 95.73% Test OOD1: 82.84% 
Epoch: 171, Loss: 0.2734, Cls: 0.1087, Ind: 0.0002, Med: 0.0546, Spu: 0.0000, FD: 0.1099, Var: 0.0000, CStr: 0.434, Ctx: 2, Train: 98.66%, Valid: 95.15%, Test In: 94.94% Test OOD1: 87.38% 
Epoch: 172, Loss: 0.2853, Cls: 0.1133, Ind: 0.0003, Med: 0.0566, Spu: 0.0000, FD: 0.1151, Var: 0.0000, CStr: 0.434, Ctx: 2, Train: 98.85%, Valid: 95.64%, Test In: 95.48% Test OOD1: 81.95% 
Epoch: 173, Loss: 0.2875, Cls: 0.1143, Ind: 0.0002, Med: 0.0572, Spu: 0.0000, FD: 0.1158, Var: 0.0000, CStr: 0.434, Ctx: 2, Train: 99.04%, Valid: 95.73%, Test In: 95.66% Test OOD1: 84.81% 
Epoch: 174, Loss: 0.2774, Cls: 0.1103, Ind: 0.0002, Med: 0.0552, Spu: 0.0000, FD: 0.1116, Var: 0.0000, CStr: 0.434, Ctx: 2, Train: 98.98%, Valid: 95.62%, Test In: 95.64% Test OOD1: 85.67% 
Epoch: 175, Loss: 0.2629, Cls: 0.1045, Ind: 0.0002, Med: 0.0525, Spu: 0.0000, FD: 0.1057, Var: 0.0000, CStr: 0.434, Ctx: 2, Train: 98.98%, Valid: 95.65%, Test In: 95.77% Test OOD1: 82.54% 
Epoch: 176, Loss: 0.2774, Cls: 0.1103, Ind: 0.0002, Med: 0.0552, Spu: 0.0000, FD: 0.1117, Var: 0.0000, CStr: 0.434, Ctx: 2, Train: 98.99%, Valid: 95.70%, Test In: 95.67% Test OOD1: 85.45% 
Epoch: 177, Loss: 0.2726, Cls: 0.1083, Ind: 0.0002, Med: 0.0540, Spu: 0.0000, FD: 0.1101, Var: 0.0000, CStr: 0.434, Ctx: 2, Train: 99.09%, Valid: 95.86%, Test In: 95.77% Test OOD1: 84.10% 
Epoch: 178, Loss: 0.2543, Cls: 0.1011, Ind: 0.0002, Med: 0.0507, Spu: 0.0000, FD: 0.1023, Var: 0.0000, CStr: 0.434, Ctx: 2, Train: 99.00%, Valid: 95.79%, Test In: 95.67% Test OOD1: 83.97% 
Epoch: 179, Loss: 0.2666, Cls: 0.1061, Ind: 0.0002, Med: 0.0533, Spu: 0.0000, FD: 0.1070, Var: 0.0000, CStr: 0.434, Ctx: 2, Train: 99.08%, Valid: 95.90%, Test In: 95.73% Test OOD1: 84.66% 
Epoch: 180, Loss: 0.2598, Cls: 0.1033, Ind: 0.0002, Med: 0.0518, Spu: 0.0000, FD: 0.1044, Var: 0.0000, CStr: 0.434, Ctx: 2, Train: 99.16%, Valid: 95.90%, Test In: 95.69% Test OOD1: 85.24% 
Epoch: 181, Loss: 0.2519, Cls: 0.1002, Ind: 0.0002, Med: 0.0503, Spu: 0.0000, FD: 0.1013, Var: 0.0000, CStr: 0.434, Ctx: 2, Train: 99.11%, Valid: 95.87%, Test In: 95.72% Test OOD1: 84.57% 
Epoch: 182, Loss: 0.2569, Cls: 0.1022, Ind: 0.0002, Med: 0.0512, Spu: 0.0000, FD: 0.1033, Var: 0.0000, CStr: 0.434, Ctx: 2, Train: 99.21%, Valid: 95.81%, Test In: 95.71% Test OOD1: 86.14% 
Epoch: 183, Loss: 0.2508, Cls: 0.0997, Ind: 0.0002, Med: 0.0500, Spu: 0.0000, FD: 0.1009, Var: 0.0000, CStr: 0.434, Ctx: 2, Train: 99.26%, Valid: 96.01%, Test In: 95.89% Test OOD1: 85.31% 
Epoch: 184, Loss: 0.2602, Cls: 0.1035, Ind: 0.0002, Med: 0.0518, Spu: 0.0000, FD: 0.1047, Var: 0.0000, CStr: 0.434, Ctx: 2, Train: 99.22%, Valid: 95.93%, Test In: 95.87% Test OOD1: 84.68% 
Epoch: 185, Loss: 0.2576, Cls: 0.1025, Ind: 0.0002, Med: 0.0513, Spu: 0.0000, FD: 0.1036, Var: 0.0000, CStr: 0.434, Ctx: 2, Train: 99.20%, Valid: 95.96%, Test In: 95.83% Test OOD1: 84.78% 
Epoch: 186, Loss: 0.2405, Cls: 0.0956, Ind: 0.0002, Med: 0.0480, Spu: 0.0000, FD: 0.0967, Var: 0.0000, CStr: 0.434, Ctx: 2, Train: 99.25%, Valid: 96.04%, Test In: 95.88% Test OOD1: 84.81% 
Epoch: 187, Loss: 0.2560, Cls: 0.1018, Ind: 0.0002, Med: 0.0511, Spu: 0.0000, FD: 0.1029, Var: 0.0000, CStr: 0.434, Ctx: 2, Train: 99.23%, Valid: 96.05%, Test In: 95.89% Test OOD1: 84.36% 
Epoch: 188, Loss: 0.2508, Cls: 0.0998, Ind: 0.0002, Med: 0.0501, Spu: 0.0000, FD: 0.1007, Var: 0.0000, CStr: 0.434, Ctx: 2, Train: 99.11%, Valid: 95.60%, Test In: 95.68% Test OOD1: 86.73% 
Epoch: 189, Loss: 0.2460, Cls: 0.0978, Ind: 0.0002, Med: 0.0490, Spu: 0.0000, FD: 0.0989, Var: 0.0000, CStr: 0.434, Ctx: 2, Train: 99.35%, Valid: 96.15%, Test In: 95.94% Test OOD1: 84.14% 
Epoch: 190, Loss: 0.2559, Cls: 0.1017, Ind: 0.0002, Med: 0.0509, Spu: 0.0000, FD: 0.1031, Var: 0.0000, CStr: 0.434, Ctx: 2, Train: 99.30%, Valid: 95.91%, Test In: 95.88% Test OOD1: 86.62% 
Epoch: 191, Loss: 0.2423, Cls: 0.0963, Ind: 0.0002, Med: 0.0483, Spu: 0.0000, FD: 0.0974, Var: 0.0000, CStr: 0.434, Ctx: 2, Train: 99.25%, Valid: 95.87%, Test In: 95.82% Test OOD1: 86.58% 
Epoch: 192, Loss: 0.2566, Cls: 0.1021, Ind: 0.0002, Med: 0.0512, Spu: 0.0000, FD: 0.1032, Var: 0.0000, CStr: 0.434, Ctx: 2, Train: 99.26%, Valid: 96.09%, Test In: 95.93% Test OOD1: 83.88% 
Epoch: 193, Loss: 0.2478, Cls: 0.0985, Ind: 0.0002, Med: 0.0493, Spu: 0.0000, FD: 0.0998, Var: 0.0000, CStr: 0.434, Ctx: 2, Train: 99.20%, Valid: 95.62%, Test In: 95.71% Test OOD1: 86.86% 
Epoch: 194, Loss: 0.2433, Cls: 0.0968, Ind: 0.0002, Med: 0.0486, Spu: 0.0000, FD: 0.0977, Var: 0.0000, CStr: 0.434, Ctx: 2, Train: 99.31%, Valid: 96.07%, Test In: 95.92% Test OOD1: 84.05% 
Epoch: 195, Loss: 0.2420, Cls: 0.0962, Ind: 0.0002, Med: 0.0480, Spu: 0.0000, FD: 0.0976, Var: 0.0000, CStr: 0.434, Ctx: 2, Train: 99.31%, Valid: 96.02%, Test In: 95.86% Test OOD1: 83.18% 
Epoch: 196, Loss: 0.2430, Cls: 0.0966, Ind: 0.0002, Med: 0.0484, Spu: 0.0000, FD: 0.0977, Var: 0.0000, CStr: 0.434, Ctx: 2, Train: 99.22%, Valid: 95.83%, Test In: 95.85% Test OOD1: 85.23% 
Epoch: 197, Loss: 0.2509, Cls: 0.0998, Ind: 0.0002, Med: 0.0500, Spu: 0.0000, FD: 0.1009, Var: 0.0000, CStr: 0.434, Ctx: 2, Train: 99.30%, Valid: 96.19%, Test In: 95.86% Test OOD1: 82.02% 
Epoch: 198, Loss: 0.2525, Cls: 0.1004, Ind: 0.0002, Med: 0.0502, Spu: 0.0000, FD: 0.1017, Var: 0.0000, CStr: 0.434, Ctx: 2, Train: 99.36%, Valid: 96.04%, Test In: 95.99% Test OOD1: 84.19% 
Epoch: 199, Loss: 0.2402, Cls: 0.0956, Ind: 0.0002, Med: 0.0480, Spu: 0.0000, FD: 0.0964, Var: 0.0000, CStr: 0.434, Ctx: 2, Train: 99.29%, Valid: 95.75%, Test In: 95.70% Test OOD1: 86.09% 
Epoch: 200, Loss: 0.2500, Cls: 0.0995, Ind: 0.0002, Med: 0.0499, Spu: 0.0000, FD: 0.1004, Var: 0.0000, CStr: 0.434, Ctx: 2, Train: 99.32%, Valid: 96.18%, Test In: 95.92% Test OOD1: 81.94% 
Epoch: 201, Loss: 0.2382, Cls: 0.0947, Ind: 0.0002, Med: 0.0475, Spu: 0.0000, FD: 0.0959, Var: 0.0000, CStr: 0.434, Ctx: 2, Train: 99.30%, Valid: 95.81%, Test In: 95.84% Test OOD1: 86.13% 
Epoch: 202, Loss: 0.2385, Cls: 0.0949, Ind: 0.0002, Med: 0.0476, Spu: 0.0000, FD: 0.0958, Var: 0.0000, CStr: 0.435, Ctx: 2, Train: 99.27%, Valid: 95.82%, Test In: 95.69% Test OOD1: 87.46% 
Epoch: 203, Loss: 0.2373, Cls: 0.0944, Ind: 0.0002, Med: 0.0473, Spu: 0.0000, FD: 0.0954, Var: 0.0000, CStr: 0.435, Ctx: 2, Train: 99.48%, Valid: 96.39%, Test In: 96.03% Test OOD1: 83.43% 
Epoch: 204, Loss: 0.2474, Cls: 0.0985, Ind: 0.0002, Med: 0.0493, Spu: 0.0000, FD: 0.0994, Var: 0.0000, CStr: 0.435, Ctx: 2, Train: 99.33%, Valid: 95.90%, Test In: 95.81% Test OOD1: 86.47% 
Epoch: 205, Loss: 0.2441, Cls: 0.0972, Ind: 0.0002, Med: 0.0489, Spu: 0.0000, FD: 0.0978, Var: 0.0000, CStr: 0.435, Ctx: 2, Train: 99.40%, Valid: 96.07%, Test In: 95.94% Test OOD1: 87.03% 
Epoch: 206, Loss: 0.2305, Cls: 0.0916, Ind: 0.0002, Med: 0.0458, Spu: 0.0000, FD: 0.0930, Var: 0.0000, CStr: 0.435, Ctx: 2, Train: 99.45%, Valid: 96.38%, Test In: 96.05% Test OOD1: 82.89% 
Epoch: 207, Loss: 0.2415, Cls: 0.0961, Ind: 0.0002, Med: 0.0482, Spu: 0.0000, FD: 0.0971, Var: 0.0000, CStr: 0.435, Ctx: 2, Train: 99.38%, Valid: 96.16%, Test In: 96.08% Test OOD1: 86.36% 
Epoch: 208, Loss: 0.2392, Cls: 0.0951, Ind: 0.0002, Med: 0.0477, Spu: 0.0000, FD: 0.0962, Var: 0.0000, CStr: 0.435, Ctx: 2, Train: 99.42%, Valid: 96.04%, Test In: 96.10% Test OOD1: 86.55% 
Epoch: 209, Loss: 0.2383, Cls: 0.0948, Ind: 0.0002, Med: 0.0475, Spu: 0.0000, FD: 0.0958, Var: 0.0000, CStr: 0.435, Ctx: 2, Train: 99.52%, Valid: 96.44%, Test In: 96.08% Test OOD1: 83.20% 
Epoch: 210, Loss: 0.2394, Cls: 0.0953, Ind: 0.0002, Med: 0.0478, Spu: 0.0000, FD: 0.0961, Var: 0.0000, CStr: 0.435, Ctx: 2, Train: 99.32%, Valid: 95.92%, Test In: 96.06% Test OOD1: 85.32% 
Epoch: 211, Loss: 0.2275, Cls: 0.0905, Ind: 0.0002, Med: 0.0454, Spu: 0.0000, FD: 0.0914, Var: 0.0000, CStr: 0.435, Ctx: 2, Train: 99.45%, Valid: 96.06%, Test In: 96.08% Test OOD1: 85.83% 
Epoch: 212, Loss: 0.2262, Cls: 0.0899, Ind: 0.0002, Med: 0.0450, Spu: 0.0000, FD: 0.0911, Var: 0.0000, CStr: 0.435, Ctx: 2, Train: 99.55%, Valid: 96.46%, Test In: 96.21% Test OOD1: 83.45% 
Epoch: 213, Loss: 0.2380, Cls: 0.0947, Ind: 0.0002, Med: 0.0475, Spu: 0.0000, FD: 0.0956, Var: 0.0000, CStr: 0.435, Ctx: 2, Train: 99.48%, Valid: 96.06%, Test In: 96.06% Test OOD1: 85.07% 
Epoch: 214, Loss: 0.2158, Cls: 0.0859, Ind: 0.0002, Med: 0.0431, Spu: 0.0000, FD: 0.0867, Var: 0.0000, CStr: 0.435, Ctx: 2, Train: 99.37%, Valid: 95.97%, Test In: 95.85% Test OOD1: 86.21% 
Epoch: 215, Loss: 0.2314, Cls: 0.0921, Ind: 0.0002, Med: 0.0461, Spu: 0.0000, FD: 0.0931, Var: 0.0000, CStr: 0.435, Ctx: 2, Train: 99.57%, Valid: 96.50%, Test In: 96.27% Test OOD1: 84.09% 
Epoch: 216, Loss: 0.2281, Cls: 0.0908, Ind: 0.0002, Med: 0.0455, Spu: 0.0000, FD: 0.0916, Var: 0.0000, CStr: 0.435, Ctx: 2, Train: 99.58%, Valid: 96.45%, Test In: 96.27% Test OOD1: 84.55% 
Epoch: 217, Loss: 0.2325, Cls: 0.0925, Ind: 0.0002, Med: 0.0463, Spu: 0.0000, FD: 0.0935, Var: 0.0000, CStr: 0.435, Ctx: 2, Train: 99.40%, Valid: 96.02%, Test In: 95.94% Test OOD1: 86.18% 
Epoch: 218, Loss: 0.2238, Cls: 0.0891, Ind: 0.0002, Med: 0.0448, Spu: 0.0000, FD: 0.0898, Var: 0.0000, CStr: 0.435, Ctx: 2, Train: 99.59%, Valid: 96.42%, Test In: 96.23% Test OOD1: 85.30% 
Epoch: 219, Loss: 0.2156, Cls: 0.0858, Ind: 0.0001, Med: 0.0430, Spu: 0.0000, FD: 0.0867, Var: 0.0000, CStr: 0.435, Ctx: 2, Train: 99.61%, Valid: 96.45%, Test In: 96.29% Test OOD1: 85.08% 
Epoch: 220, Loss: 0.2185, Cls: 0.0869, Ind: 0.0002, Med: 0.0436, Spu: 0.0000, FD: 0.0878, Var: 0.0000, CStr: 0.435, Ctx: 2, Train: 99.52%, Valid: 96.39%, Test In: 96.13% Test OOD1: 85.80% 
Epoch: 221, Loss: 0.2259, Cls: 0.0899, Ind: 0.0002, Med: 0.0450, Spu: 0.0000, FD: 0.0908, Var: 0.0000, CStr: 0.435, Ctx: 2, Train: 99.52%, Valid: 96.38%, Test In: 96.21% Test OOD1: 85.41% 
Epoch: 222, Loss: 0.2157, Cls: 0.0857, Ind: 0.0002, Med: 0.0428, Spu: 0.0000, FD: 0.0870, Var: 0.0000, CStr: 0.435, Ctx: 2, Train: 99.64%, Valid: 96.64%, Test In: 96.37% Test OOD1: 84.61% 
Epoch: 223, Loss: 0.2235, Cls: 0.0889, Ind: 0.0002, Med: 0.0446, Spu: 0.0000, FD: 0.0898, Var: 0.0000, CStr: 0.435, Ctx: 2, Train: 99.56%, Valid: 96.46%, Test In: 96.26% Test OOD1: 85.79% 
Epoch: 224, Loss: 0.2065, Cls: 0.0820, Ind: 0.0002, Med: 0.0408, Spu: 0.0000, FD: 0.0835, Var: 0.0000, CStr: 0.436, Ctx: 2, Train: 99.32%, Valid: 96.33%, Test In: 96.06% Test OOD1: 85.00% 
Epoch: 225, Loss: 0.2262, Cls: 0.0899, Ind: 0.0002, Med: 0.0449, Spu: 0.0000, FD: 0.0911, Var: 0.0000, CStr: 0.436, Ctx: 2, Train: 99.61%, Valid: 96.50%, Test In: 96.38% Test OOD1: 85.65% 
Epoch: 226, Loss: 0.2122, Cls: 0.0844, Ind: 0.0002, Med: 0.0422, Spu: 0.0000, FD: 0.0855, Var: 0.0000, CStr: 0.436, Ctx: 2, Train: 99.67%, Valid: 96.65%, Test In: 96.42% Test OOD1: 85.26% 
Epoch: 227, Loss: 0.2041, Cls: 0.0812, Ind: 0.0001, Med: 0.0407, Spu: 0.0000, FD: 0.0821, Var: 0.0000, CStr: 0.436, Ctx: 2, Train: 99.57%, Valid: 96.46%, Test In: 96.31% Test OOD1: 86.23% 
Epoch: 228, Loss: 0.2186, Cls: 0.0870, Ind: 0.0002, Med: 0.0436, Spu: 0.0000, FD: 0.0879, Var: 0.0000, CStr: 0.436, Ctx: 2, Train: 99.63%, Valid: 96.56%, Test In: 96.33% Test OOD1: 86.38% 
Epoch: 229, Loss: 0.2156, Cls: 0.0858, Ind: 0.0002, Med: 0.0432, Spu: 0.0000, FD: 0.0864, Var: 0.0000, CStr: 0.436, Ctx: 2, Train: 99.70%, Valid: 96.67%, Test In: 96.47% Test OOD1: 84.87% 
Epoch: 230, Loss: 0.2145, Cls: 0.0853, Ind: 0.0002, Med: 0.0426, Spu: 0.0000, FD: 0.0864, Var: 0.0000, CStr: 0.436, Ctx: 2, Train: 99.64%, Valid: 96.48%, Test In: 96.30% Test OOD1: 86.61% 
Epoch: 231, Loss: 0.2217, Cls: 0.0882, Ind: 0.0002, Med: 0.0442, Spu: 0.0000, FD: 0.0891, Var: 0.0000, CStr: 0.436, Ctx: 2, Train: 99.61%, Valid: 96.56%, Test In: 96.24% Test OOD1: 85.83% 
Epoch: 232, Loss: 0.2130, Cls: 0.0848, Ind: 0.0001, Med: 0.0425, Spu: 0.0000, FD: 0.0855, Var: 0.0000, CStr: 0.436, Ctx: 2, Train: 99.65%, Valid: 96.67%, Test In: 96.50% Test OOD1: 85.57% 
Epoch: 233, Loss: 0.2155, Cls: 0.0856, Ind: 0.0001, Med: 0.0427, Spu: 0.0000, FD: 0.0870, Var: 0.0000, CStr: 0.436, Ctx: 2, Train: 99.63%, Valid: 96.69%, Test In: 96.54% Test OOD1: 85.90% 
Epoch: 234, Loss: 0.2094, Cls: 0.0833, Ind: 0.0001, Med: 0.0417, Spu: 0.0000, FD: 0.0843, Var: 0.0000, CStr: 0.437, Ctx: 2, Train: 99.62%, Valid: 96.50%, Test In: 96.30% Test OOD1: 86.11% 
Epoch: 235, Loss: 0.2089, Cls: 0.0831, Ind: 0.0001, Med: 0.0417, Spu: 0.0000, FD: 0.0839, Var: 0.0000, CStr: 0.437, Ctx: 2, Train: 99.66%, Valid: 96.57%, Test In: 96.38% Test OOD1: 86.97% 
Epoch: 236, Loss: 0.2136, Cls: 0.0850, Ind: 0.0001, Med: 0.0426, Spu: 0.0000, FD: 0.0859, Var: 0.0000, CStr: 0.437, Ctx: 2, Train: 99.72%, Valid: 96.74%, Test In: 96.43% Test OOD1: 85.75% 
Epoch: 237, Loss: 0.2124, Cls: 0.0845, Ind: 0.0002, Med: 0.0423, Spu: 0.0000, FD: 0.0855, Var: 0.0000, CStr: 0.437, Ctx: 2, Train: 99.69%, Valid: 96.65%, Test In: 96.38% Test OOD1: 86.37% 
Epoch: 238, Loss: 0.2021, Cls: 0.0803, Ind: 0.0002, Med: 0.0400, Spu: 0.0000, FD: 0.0817, Var: 0.0000, CStr: 0.437, Ctx: 2, Train: 99.66%, Valid: 96.48%, Test In: 96.34% Test OOD1: 86.90% 
Epoch: 239, Loss: 0.2120, Cls: 0.0844, Ind: 0.0002, Med: 0.0423, Spu: 0.0000, FD: 0.0851, Var: 0.0000, CStr: 0.437, Ctx: 2, Train: 99.69%, Valid: 96.65%, Test In: 96.43% Test OOD1: 85.94% 
Epoch: 240, Loss: 0.2110, Cls: 0.0840, Ind: 0.0001, Med: 0.0420, Spu: 0.0000, FD: 0.0848, Var: 0.0000, CStr: 0.437, Ctx: 2, Train: 99.69%, Valid: 96.69%, Test In: 96.44% Test OOD1: 85.63% 
Epoch: 241, Loss: 0.2043, Cls: 0.0813, Ind: 0.0001, Med: 0.0407, Spu: 0.0000, FD: 0.0822, Var: 0.0000, CStr: 0.438, Ctx: 2, Train: 99.67%, Valid: 96.54%, Test In: 96.38% Test OOD1: 87.29% 
Epoch: 242, Loss: 0.2081, Cls: 0.0827, Ind: 0.0001, Med: 0.0413, Spu: 0.0000, FD: 0.0839, Var: 0.0000, CStr: 0.438, Ctx: 2, Train: 99.65%, Valid: 96.52%, Test In: 96.31% Test OOD1: 87.21% 
Epoch: 243, Loss: 0.2136, Cls: 0.0849, Ind: 0.0001, Med: 0.0424, Spu: 0.0000, FD: 0.0861, Var: 0.0000, CStr: 0.438, Ctx: 2, Train: 99.74%, Valid: 96.73%, Test In: 96.58% Test OOD1: 85.80% 
Epoch: 244, Loss: 0.1982, Cls: 0.0789, Ind: 0.0001, Med: 0.0396, Spu: 0.0000, FD: 0.0796, Var: 0.0000, CStr: 0.438, Ctx: 2, Train: 99.71%, Valid: 96.56%, Test In: 96.49% Test OOD1: 87.52% 
Epoch: 245, Loss: 0.2053, Cls: 0.0817, Ind: 0.0001, Med: 0.0409, Spu: 0.0000, FD: 0.0826, Var: 0.0000, CStr: 0.438, Ctx: 2, Train: 99.68%, Valid: 96.72%, Test In: 96.43% Test OOD1: 85.55% 
Epoch: 246, Loss: 0.2072, Cls: 0.0825, Ind: 0.0001, Med: 0.0413, Spu: 0.0000, FD: 0.0833, Var: 0.0000, CStr: 0.438, Ctx: 2, Train: 99.71%, Valid: 96.76%, Test In: 96.65% Test OOD1: 86.76% 
Epoch: 247, Loss: 0.2070, Cls: 0.0824, Ind: 0.0001, Med: 0.0413, Spu: 0.0000, FD: 0.0832, Var: 0.0000, CStr: 0.439, Ctx: 2, Train: 99.74%, Valid: 96.88%, Test In: 96.59% Test OOD1: 86.33% 
Epoch: 248, Loss: 0.2087, Cls: 0.0831, Ind: 0.0001, Med: 0.0416, Spu: 0.0000, FD: 0.0839, Var: 0.0000, CStr: 0.439, Ctx: 2, Train: 99.72%, Valid: 96.86%, Test In: 96.61% Test OOD1: 86.22% 
Epoch: 249, Loss: 0.1984, Cls: 0.0790, Ind: 0.0001, Med: 0.0396, Spu: 0.0000, FD: 0.0798, Var: 0.0000, CStr: 0.439, Ctx: 2, Train: 99.62%, Valid: 96.67%, Test In: 96.40% Test OOD1: 87.48% 
Epoch: 250, Loss: 0.2100, Cls: 0.0835, Ind: 0.0001, Med: 0.0418, Spu: 0.0000, FD: 0.0845, Var: 0.0000, CStr: 0.439, Ctx: 2, Train: 99.68%, Valid: 96.61%, Test In: 96.29% Test OOD1: 88.44% 
Epoch: 251, Loss: 0.2131, Cls: 0.0848, Ind: 0.0001, Med: 0.0425, Spu: 0.0000, FD: 0.0857, Var: 0.0000, CStr: 0.439, Ctx: 2, Train: 99.76%, Valid: 96.90%, Test In: 96.65% Test OOD1: 84.31% 
Epoch: 252, Loss: 0.2122, Cls: 0.0844, Ind: 0.0001, Med: 0.0423, Spu: 0.0000, FD: 0.0852, Var: 0.0000, CStr: 0.439, Ctx: 2, Train: 99.57%, Valid: 96.35%, Test In: 96.15% Test OOD1: 88.54% 
Epoch: 253, Loss: 0.2118, Cls: 0.0843, Ind: 0.0001, Med: 0.0421, Spu: 0.0000, FD: 0.0853, Var: 0.0000, CStr: 0.440, Ctx: 2, Train: 99.74%, Valid: 96.71%, Test In: 96.56% Test OOD1: 87.31% 
Epoch: 254, Loss: 0.2045, Cls: 0.0814, Ind: 0.0001, Med: 0.0408, Spu: 0.0000, FD: 0.0822, Var: 0.0000, CStr: 0.440, Ctx: 2, Train: 99.77%, Valid: 96.82%, Test In: 96.66% Test OOD1: 84.10% 
Epoch: 255, Loss: 0.2173, Cls: 0.0865, Ind: 0.0001, Med: 0.0434, Spu: 0.0000, FD: 0.0872, Var: 0.0000, CStr: 0.440, Ctx: 2, Train: 99.57%, Valid: 96.30%, Test In: 96.11% Test OOD1: 89.25% 
Epoch: 256, Loss: 0.2038, Cls: 0.0811, Ind: 0.0001, Med: 0.0405, Spu: 0.0000, FD: 0.0821, Var: 0.0000, CStr: 0.440, Ctx: 2, Train: 99.57%, Valid: 96.59%, Test In: 96.42% Test OOD1: 86.39% 
Epoch: 257, Loss: 0.2083, Cls: 0.0829, Ind: 0.0001, Med: 0.0417, Spu: 0.0000, FD: 0.0835, Var: 0.0000, CStr: 0.440, Ctx: 2, Train: 99.79%, Valid: 96.92%, Test In: 96.69% Test OOD1: 86.54% 
Epoch: 258, Loss: 0.1964, Cls: 0.0781, Ind: 0.0001, Med: 0.0390, Spu: 0.0000, FD: 0.0791, Var: 0.0000, CStr: 0.440, Ctx: 2, Train: 99.69%, Valid: 96.48%, Test In: 96.41% Test OOD1: 88.43% 
Epoch: 259, Loss: 0.1995, Cls: 0.0794, Ind: 0.0001, Med: 0.0397, Spu: 0.0000, FD: 0.0804, Var: 0.0000, CStr: 0.441, Ctx: 2, Train: 99.69%, Valid: 96.79%, Test In: 96.66% Test OOD1: 86.50% 
Epoch: 260, Loss: 0.1989, Cls: 0.0791, Ind: 0.0001, Med: 0.0395, Spu: 0.0000, FD: 0.0802, Var: 0.0000, CStr: 0.441, Ctx: 2, Train: 99.74%, Valid: 96.88%, Test In: 96.73% Test OOD1: 87.05% 
Epoch: 261, Loss: 0.1926, Cls: 0.0766, Ind: 0.0001, Med: 0.0383, Spu: 0.0000, FD: 0.0775, Var: 0.0000, CStr: 0.441, Ctx: 2, Train: 99.66%, Valid: 96.42%, Test In: 96.29% Test OOD1: 89.45% 
Epoch: 262, Loss: 0.2081, Cls: 0.0828, Ind: 0.0002, Med: 0.0413, Spu: 0.0000, FD: 0.0838, Var: 0.0000, CStr: 0.441, Ctx: 2, Train: 99.79%, Valid: 97.07%, Test In: 96.79% Test OOD1: 85.63% 
Epoch: 263, Loss: 0.1996, Cls: 0.0794, Ind: 0.0001, Med: 0.0398, Spu: 0.0000, FD: 0.0802, Var: 0.0000, CStr: 0.441, Ctx: 2, Train: 99.74%, Valid: 96.90%, Test In: 96.69% Test OOD1: 87.36% 
Epoch: 264, Loss: 0.1991, Cls: 0.0793, Ind: 0.0001, Med: 0.0398, Spu: 0.0000, FD: 0.0799, Var: 0.0000, CStr: 0.441, Ctx: 2, Train: 99.67%, Valid: 96.58%, Test In: 96.42% Test OOD1: 88.67% 
Epoch: 265, Loss: 0.1991, Cls: 0.0792, Ind: 0.0001, Med: 0.0396, Spu: 0.0000, FD: 0.0802, Var: 0.0000, CStr: 0.441, Ctx: 2, Train: 99.83%, Valid: 97.00%, Test In: 96.81% Test OOD1: 85.31% 
Epoch: 266, Loss: 0.1935, Cls: 0.0769, Ind: 0.0001, Med: 0.0384, Spu: 0.0000, FD: 0.0780, Var: 0.0000, CStr: 0.442, Ctx: 2, Train: 99.81%, Valid: 96.82%, Test In: 96.71% Test OOD1: 85.81% 
Epoch: 267, Loss: 0.2000, Cls: 0.0795, Ind: 0.0001, Med: 0.0397, Spu: 0.0000, FD: 0.0806, Var: 0.0000, CStr: 0.442, Ctx: 2, Train: 99.59%, Valid: 96.32%, Test In: 96.27% Test OOD1: 88.95% 
Epoch: 268, Loss: 0.2065, Cls: 0.0822, Ind: 0.0001, Med: 0.0411, Spu: 0.0000, FD: 0.0832, Var: 0.0000, CStr: 0.442, Ctx: 2, Train: 99.80%, Valid: 96.80%, Test In: 96.73% Test OOD1: 86.13% 
Epoch: 269, Loss: 0.1904, Cls: 0.0757, Ind: 0.0001, Med: 0.0380, Spu: 0.0000, FD: 0.0765, Var: 0.0000, CStr: 0.442, Ctx: 2, Train: 99.82%, Valid: 97.00%, Test In: 96.86% Test OOD1: 85.70% 
Epoch: 270, Loss: 0.1889, Cls: 0.0752, Ind: 0.0001, Med: 0.0378, Spu: 0.0000, FD: 0.0758, Var: 0.0000, CStr: 0.442, Ctx: 2, Train: 99.73%, Valid: 96.57%, Test In: 96.50% Test OOD1: 88.59% 
Epoch: 271, Loss: 0.1877, Cls: 0.0746, Ind: 0.0001, Med: 0.0372, Spu: 0.0000, FD: 0.0758, Var: 0.0000, CStr: 0.442, Ctx: 2, Train: 99.76%, Valid: 96.84%, Test In: 96.69% Test OOD1: 87.06% 
Epoch: 272, Loss: 0.1994, Cls: 0.0794, Ind: 0.0001, Med: 0.0397, Spu: 0.0000, FD: 0.0802, Var: 0.0000, CStr: 0.442, Ctx: 2, Train: 99.83%, Valid: 97.09%, Test In: 96.88% Test OOD1: 86.10% 
Epoch: 273, Loss: 0.1971, Cls: 0.0785, Ind: 0.0001, Med: 0.0394, Spu: 0.0000, FD: 0.0791, Var: 0.0000, CStr: 0.442, Ctx: 2, Train: 99.78%, Valid: 96.89%, Test In: 96.67% Test OOD1: 88.56% 
Epoch: 274, Loss: 0.1935, Cls: 0.0769, Ind: 0.0001, Med: 0.0385, Spu: 0.0000, FD: 0.0779, Var: 0.0000, CStr: 0.443, Ctx: 2, Train: 99.73%, Valid: 96.78%, Test In: 96.79% Test OOD1: 87.39% 
Epoch: 275, Loss: 0.2027, Cls: 0.0807, Ind: 0.0001, Med: 0.0403, Spu: 0.0000, FD: 0.0817, Var: 0.0000, CStr: 0.443, Ctx: 2, Train: 99.81%, Valid: 97.14%, Test In: 96.84% Test OOD1: 86.57% 
Epoch: 276, Loss: 0.1866, Cls: 0.0743, Ind: 0.0001, Med: 0.0373, Spu: 0.0000, FD: 0.0749, Var: 0.0000, CStr: 0.443, Ctx: 2, Train: 99.80%, Valid: 96.95%, Test In: 96.69% Test OOD1: 88.24% 
Epoch: 277, Loss: 0.1976, Cls: 0.0786, Ind: 0.0001, Med: 0.0393, Spu: 0.0000, FD: 0.0795, Var: 0.0000, CStr: 0.443, Ctx: 2, Train: 99.77%, Valid: 96.88%, Test In: 96.62% Test OOD1: 88.29% 
Epoch: 278, Loss: 0.1955, Cls: 0.0778, Ind: 0.0001, Med: 0.0390, Spu: 0.0000, FD: 0.0786, Var: 0.0000, CStr: 0.443, Ctx: 2, Train: 99.80%, Valid: 96.94%, Test In: 96.77% Test OOD1: 87.01% 
Epoch: 279, Loss: 0.1939, Cls: 0.0771, Ind: 0.0001, Med: 0.0385, Spu: 0.0000, FD: 0.0782, Var: 0.0000, CStr: 0.443, Ctx: 2, Train: 99.79%, Valid: 96.88%, Test In: 96.61% Test OOD1: 88.38% 
Epoch: 280, Loss: 0.1932, Cls: 0.0768, Ind: 0.0001, Med: 0.0384, Spu: 0.0000, FD: 0.0778, Var: 0.0000, CStr: 0.443, Ctx: 2, Train: 99.84%, Valid: 96.98%, Test In: 96.86% Test OOD1: 87.36% 
Epoch: 281, Loss: 0.1870, Cls: 0.0745, Ind: 0.0001, Med: 0.0375, Spu: 0.0000, FD: 0.0749, Var: 0.0000, CStr: 0.443, Ctx: 2, Train: 99.78%, Valid: 96.90%, Test In: 96.70% Test OOD1: 86.87% 
Epoch: 282, Loss: 0.1891, Cls: 0.0752, Ind: 0.0001, Med: 0.0376, Spu: 0.0000, FD: 0.0762, Var: 0.0000, CStr: 0.444, Ctx: 2, Train: 99.85%, Valid: 96.94%, Test In: 96.77% Test OOD1: 88.14% 
Epoch: 283, Loss: 0.1872, Cls: 0.0744, Ind: 0.0001, Med: 0.0372, Spu: 0.0000, FD: 0.0754, Var: 0.0000, CStr: 0.444, Ctx: 2, Train: 99.87%, Valid: 96.98%, Test In: 96.77% Test OOD1: 87.70% 
Epoch: 284, Loss: 0.1892, Cls: 0.0753, Ind: 0.0001, Med: 0.0377, Spu: 0.0000, FD: 0.0761, Var: 0.0000, CStr: 0.444, Ctx: 2, Train: 99.84%, Valid: 96.95%, Test In: 96.81% Test OOD1: 88.39% 
Epoch: 285, Loss: 0.1869, Cls: 0.0744, Ind: 0.0001, Med: 0.0372, Spu: 0.0000, FD: 0.0752, Var: 0.0000, CStr: 0.444, Ctx: 2, Train: 99.82%, Valid: 97.01%, Test In: 96.85% Test OOD1: 88.79% 
Epoch: 286, Loss: 0.1868, Cls: 0.0743, Ind: 0.0001, Med: 0.0371, Spu: 0.0000, FD: 0.0753, Var: 0.0000, CStr: 0.444, Ctx: 2, Train: 99.86%, Valid: 97.17%, Test In: 96.86% Test OOD1: 88.37% 
Epoch: 287, Loss: 0.1789, Cls: 0.0712, Ind: 0.0001, Med: 0.0356, Spu: 0.0000, FD: 0.0719, Var: 0.0000, CStr: 0.444, Ctx: 2, Train: 99.84%, Valid: 97.10%, Test In: 96.99% Test OOD1: 88.42% 
Epoch: 288, Loss: 0.1824, Cls: 0.0726, Ind: 0.0001, Med: 0.0363, Spu: 0.0000, FD: 0.0734, Var: 0.0000, CStr: 0.445, Ctx: 2, Train: 99.78%, Valid: 96.93%, Test In: 96.85% Test OOD1: 88.41% 
Epoch: 289, Loss: 0.1817, Cls: 0.0723, Ind: 0.0001, Med: 0.0362, Spu: 0.0000, FD: 0.0730, Var: 0.0000, CStr: 0.445, Ctx: 2, Train: 99.83%, Valid: 97.02%, Test In: 96.97% Test OOD1: 88.04% 
Epoch: 290, Loss: 0.1871, Cls: 0.0744, Ind: 0.0001, Med: 0.0371, Spu: 0.0000, FD: 0.0755, Var: 0.0000, CStr: 0.445, Ctx: 2, Train: 99.85%, Valid: 97.13%, Test In: 96.93% Test OOD1: 87.90% 
Epoch: 291, Loss: 0.1849, Cls: 0.0736, Ind: 0.0001, Med: 0.0369, Spu: 0.0000, FD: 0.0743, Var: 0.0000, CStr: 0.445, Ctx: 2, Train: 99.82%, Valid: 97.04%, Test In: 96.84% Test OOD1: 88.16% 
Epoch: 292, Loss: 0.1880, Cls: 0.0748, Ind: 0.0001, Med: 0.0372, Spu: 0.0000, FD: 0.0759, Var: 0.0000, CStr: 0.445, Ctx: 2, Train: 99.80%, Valid: 96.83%, Test In: 96.73% Test OOD1: 88.96% 
Epoch: 293, Loss: 0.1824, Cls: 0.0726, Ind: 0.0001, Med: 0.0363, Spu: 0.0000, FD: 0.0734, Var: 0.0000, CStr: 0.445, Ctx: 2, Train: 99.87%, Valid: 97.09%, Test In: 96.81% Test OOD1: 88.00% 
Epoch: 294, Loss: 0.1848, Cls: 0.0735, Ind: 0.0002, Med: 0.0367, Spu: 0.0000, FD: 0.0744, Var: 0.0000, CStr: 0.446, Ctx: 2, Train: 99.85%, Valid: 97.08%, Test In: 96.86% Test OOD1: 86.64% 
Epoch: 295, Loss: 0.1858, Cls: 0.0740, Ind: 0.0001, Med: 0.0370, Spu: 0.0000, FD: 0.0747, Var: 0.0000, CStr: 0.446, Ctx: 2, Train: 99.78%, Valid: 96.62%, Test In: 96.59% Test OOD1: 89.07% 
Epoch: 296, Loss: 0.1906, Cls: 0.0759, Ind: 0.0001, Med: 0.0380, Spu: 0.0000, FD: 0.0765, Var: 0.0000, CStr: 0.446, Ctx: 2, Train: 99.83%, Valid: 96.90%, Test In: 96.75% Test OOD1: 88.16% 
Epoch: 297, Loss: 0.1843, Cls: 0.0733, Ind: 0.0001, Med: 0.0366, Spu: 0.0000, FD: 0.0742, Var: 0.0000, CStr: 0.446, Ctx: 2, Train: 99.90%, Valid: 97.28%, Test In: 96.92% Test OOD1: 86.73% 
Epoch: 298, Loss: 0.1778, Cls: 0.0708, Ind: 0.0001, Med: 0.0355, Spu: 0.0000, FD: 0.0714, Var: 0.0000, CStr: 0.446, Ctx: 2, Train: 99.88%, Valid: 97.13%, Test In: 96.96% Test OOD1: 88.47% 
Epoch: 299, Loss: 0.1829, Cls: 0.0728, Ind: 0.0001, Med: 0.0364, Spu: 0.0000, FD: 0.0736, Var: 0.0000, CStr: 0.446, Ctx: 2, Train: 99.83%, Valid: 96.99%, Test In: 96.87% Test OOD1: 88.59% 
Epoch: 300, Loss: 0.1781, Cls: 0.0709, Ind: 0.0001, Med: 0.0356, Spu: 0.0000, FD: 0.0714, Var: 0.0000, CStr: 0.446, Ctx: 2, Train: 99.87%, Valid: 97.27%, Test In: 97.01% Test OOD1: 87.65% 
Epoch: 301, Loss: 0.1942, Cls: 0.0774, Ind: 0.0001, Med: 0.0388, Spu: 0.0000, FD: 0.0780, Var: 0.0000, CStr: 0.446, Ctx: 2, Train: 99.89%, Valid: 97.18%, Test In: 96.99% Test OOD1: 87.67% 
Epoch: 302, Loss: 0.1852, Cls: 0.0737, Ind: 0.0001, Med: 0.0368, Spu: 0.0000, FD: 0.0746, Var: 0.0000, CStr: 0.447, Ctx: 2, Train: 99.79%, Valid: 96.92%, Test In: 96.81% Test OOD1: 89.07% 
Epoch: 303, Loss: 0.1755, Cls: 0.0698, Ind: 0.0001, Med: 0.0348, Spu: 0.0000, FD: 0.0708, Var: 0.0000, CStr: 0.447, Ctx: 2, Train: 99.85%, Valid: 97.21%, Test In: 96.90% Test OOD1: 86.40% 
Epoch: 304, Loss: 0.1825, Cls: 0.0727, Ind: 0.0001, Med: 0.0364, Spu: 0.0000, FD: 0.0733, Var: 0.0000, CStr: 0.447, Ctx: 2, Train: 99.85%, Valid: 96.96%, Test In: 96.86% Test OOD1: 88.19% 
Epoch: 305, Loss: 0.1731, Cls: 0.0689, Ind: 0.0001, Med: 0.0345, Spu: 0.0000, FD: 0.0697, Var: 0.0000, CStr: 0.447, Ctx: 2, Train: 99.85%, Valid: 97.03%, Test In: 96.95% Test OOD1: 88.04% 
Epoch: 306, Loss: 0.1776, Cls: 0.0707, Ind: 0.0001, Med: 0.0355, Spu: 0.0000, FD: 0.0713, Var: 0.0000, CStr: 0.447, Ctx: 2, Train: 99.84%, Valid: 97.07%, Test In: 96.88% Test OOD1: 85.51% 
Epoch: 307, Loss: 0.1850, Cls: 0.0737, Ind: 0.0001, Med: 0.0369, Spu: 0.0000, FD: 0.0744, Var: 0.0000, CStr: 0.447, Ctx: 2, Train: 99.85%, Valid: 97.00%, Test In: 96.90% Test OOD1: 88.35% 
Epoch: 308, Loss: 0.1759, Cls: 0.0700, Ind: 0.0001, Med: 0.0351, Spu: 0.0000, FD: 0.0707, Var: 0.0000, CStr: 0.447, Ctx: 2, Train: 99.88%, Valid: 97.13%, Test In: 97.00% Test OOD1: 88.09% 
Epoch: 309, Loss: 0.1783, Cls: 0.0710, Ind: 0.0001, Med: 0.0355, Spu: 0.0000, FD: 0.0717, Var: 0.0000, CStr: 0.447, Ctx: 2, Train: 99.87%, Valid: 97.19%, Test In: 96.96% Test OOD1: 85.22% 
Epoch: 310, Loss: 0.1909, Cls: 0.0760, Ind: 0.0001, Med: 0.0379, Spu: 0.0000, FD: 0.0769, Var: 0.0000, CStr: 0.447, Ctx: 2, Train: 99.83%, Valid: 96.92%, Test In: 96.79% Test OOD1: 89.06% 
Epoch: 311, Loss: 0.1731, Cls: 0.0689, Ind: 0.0001, Med: 0.0345, Spu: 0.0000, FD: 0.0696, Var: 0.0000, CStr: 0.447, Ctx: 2, Train: 99.90%, Valid: 97.17%, Test In: 96.99% Test OOD1: 87.97% 
Epoch: 312, Loss: 0.1755, Cls: 0.0698, Ind: 0.0001, Med: 0.0348, Spu: 0.0000, FD: 0.0708, Var: 0.0000, CStr: 0.447, Ctx: 2, Train: 99.89%, Valid: 97.28%, Test In: 96.96% Test OOD1: 86.23% 
Epoch: 313, Loss: 0.1820, Cls: 0.0724, Ind: 0.0001, Med: 0.0362, Spu: 0.0000, FD: 0.0732, Var: 0.0000, CStr: 0.447, Ctx: 2, Train: 99.83%, Valid: 96.97%, Test In: 96.88% Test OOD1: 89.49% 
Epoch: 314, Loss: 0.1792, Cls: 0.0713, Ind: 0.0001, Med: 0.0357, Spu: 0.0000, FD: 0.0721, Var: 0.0000, CStr: 0.447, Ctx: 2, Train: 99.90%, Valid: 97.24%, Test In: 97.05% Test OOD1: 87.56% 
Epoch: 315, Loss: 0.1705, Cls: 0.0679, Ind: 0.0001, Med: 0.0341, Spu: 0.0000, FD: 0.0684, Var: 0.0000, CStr: 0.447, Ctx: 2, Train: 99.90%, Valid: 97.19%, Test In: 96.98% Test OOD1: 86.16% 
Epoch: 316, Loss: 0.1764, Cls: 0.0702, Ind: 0.0001, Med: 0.0352, Spu: 0.0000, FD: 0.0709, Var: 0.0000, CStr: 0.447, Ctx: 2, Train: 99.73%, Valid: 96.72%, Test In: 96.63% Test OOD1: 89.66% 
Epoch: 317, Loss: 0.1879, Cls: 0.0748, Ind: 0.0001, Med: 0.0375, Spu: 0.0000, FD: 0.0754, Var: 0.0000, CStr: 0.447, Ctx: 2, Train: 99.89%, Valid: 97.25%, Test In: 97.14% Test OOD1: 86.70% 
Epoch: 318, Loss: 0.1608, Cls: 0.0639, Ind: 0.0001, Med: 0.0320, Spu: 0.0000, FD: 0.0647, Var: 0.0000, CStr: 0.448, Ctx: 2, Train: 99.89%, Valid: 97.34%, Test In: 97.11% Test OOD1: 86.52% 
Epoch: 319, Loss: 0.1775, Cls: 0.0707, Ind: 0.0001, Med: 0.0354, Spu: 0.0000, FD: 0.0713, Var: 0.0000, CStr: 0.448, Ctx: 2, Train: 99.82%, Valid: 96.89%, Test In: 96.75% Test OOD1: 89.60% 
Epoch: 320, Loss: 0.1813, Cls: 0.0721, Ind: 0.0001, Med: 0.0361, Spu: 0.0000, FD: 0.0729, Var: 0.0000, CStr: 0.448, Ctx: 2, Train: 99.85%, Valid: 97.09%, Test In: 96.88% Test OOD1: 88.53% 
Epoch: 321, Loss: 0.1734, Cls: 0.0690, Ind: 0.0001, Med: 0.0345, Spu: 0.0000, FD: 0.0698, Var: 0.0000, CStr: 0.448, Ctx: 2, Train: 99.90%, Valid: 97.25%, Test In: 97.00% Test OOD1: 86.74% 
Epoch: 322, Loss: 0.1648, Cls: 0.0656, Ind: 0.0001, Med: 0.0328, Spu: 0.0000, FD: 0.0663, Var: 0.0000, CStr: 0.448, Ctx: 2, Train: 99.89%, Valid: 97.23%, Test In: 96.90% Test OOD1: 87.54% 
Epoch: 323, Loss: 0.1750, Cls: 0.0697, Ind: 0.0001, Med: 0.0350, Spu: 0.0000, FD: 0.0702, Var: 0.0000, CStr: 0.448, Ctx: 2, Train: 99.79%, Valid: 96.88%, Test In: 96.70% Test OOD1: 89.33% 
Epoch: 324, Loss: 0.1828, Cls: 0.0728, Ind: 0.0001, Med: 0.0364, Spu: 0.0000, FD: 0.0735, Var: 0.0000, CStr: 0.448, Ctx: 2, Train: 99.89%, Valid: 97.26%, Test In: 97.00% Test OOD1: 86.81% 
Epoch: 325, Loss: 0.1673, Cls: 0.0666, Ind: 0.0001, Med: 0.0334, Spu: 0.0000, FD: 0.0672, Var: 0.0000, CStr: 0.448, Ctx: 2, Train: 99.90%, Valid: 97.34%, Test In: 97.08% Test OOD1: 87.93% 
Epoch: 326, Loss: 0.1786, Cls: 0.0710, Ind: 0.0001, Med: 0.0354, Spu: 0.0000, FD: 0.0720, Var: 0.0000, CStr: 0.448, Ctx: 2, Train: 99.88%, Valid: 97.16%, Test In: 96.95% Test OOD1: 89.31% 
Epoch: 327, Loss: 0.1738, Cls: 0.0692, Ind: 0.0001, Med: 0.0347, Spu: 0.0000, FD: 0.0698, Var: 0.0000, CStr: 0.448, Ctx: 2, Train: 99.88%, Valid: 97.17%, Test In: 97.03% Test OOD1: 89.15% 
Epoch: 328, Loss: 0.1678, Cls: 0.0668, Ind: 0.0001, Med: 0.0334, Spu: 0.0000, FD: 0.0676, Var: 0.0000, CStr: 0.448, Ctx: 2, Train: 99.90%, Valid: 97.29%, Test In: 97.07% Test OOD1: 88.35% 
Epoch: 329, Loss: 0.1752, Cls: 0.0696, Ind: 0.0001, Med: 0.0347, Spu: 0.0000, FD: 0.0707, Var: 0.0000, CStr: 0.448, Ctx: 2, Train: 99.88%, Valid: 97.15%, Test In: 96.98% Test OOD1: 90.19% 
Epoch: 330, Loss: 0.1770, Cls: 0.0705, Ind: 0.0001, Med: 0.0352, Spu: 0.0000, FD: 0.0713, Var: 0.0000, CStr: 0.448, Ctx: 2, Train: 99.92%, Valid: 97.27%, Test In: 97.12% Test OOD1: 88.32% 
Epoch: 331, Loss: 0.1661, Cls: 0.0661, Ind: 0.0001, Med: 0.0330, Spu: 0.0000, FD: 0.0669, Var: 0.0000, CStr: 0.448, Ctx: 2, Train: 99.89%, Valid: 97.08%, Test In: 97.02% Test OOD1: 88.49% 
Epoch: 332, Loss: 0.1827, Cls: 0.0727, Ind: 0.0001, Med: 0.0362, Spu: 0.0000, FD: 0.0737, Var: 0.0000, CStr: 0.448, Ctx: 2, Train: 99.85%, Valid: 96.96%, Test In: 96.80% Test OOD1: 90.24% 
Epoch: 333, Loss: 0.1742, Cls: 0.0693, Ind: 0.0001, Med: 0.0346, Spu: 0.0000, FD: 0.0702, Var: 0.0000, CStr: 0.448, Ctx: 2, Train: 99.93%, Valid: 97.23%, Test In: 96.97% Test OOD1: 87.77% 
Epoch: 334, Loss: 0.1671, Cls: 0.0665, Ind: 0.0001, Med: 0.0332, Spu: 0.0000, FD: 0.0673, Var: 0.0000, CStr: 0.448, Ctx: 2, Train: 99.91%, Valid: 97.23%, Test In: 96.90% Test OOD1: 89.24% 
Epoch: 335, Loss: 0.1697, Cls: 0.0675, Ind: 0.0001, Med: 0.0338, Spu: 0.0000, FD: 0.0683, Var: 0.0000, CStr: 0.448, Ctx: 2, Train: 99.89%, Valid: 97.09%, Test In: 96.92% Test OOD1: 90.25% 
Epoch: 336, Loss: 0.1694, Cls: 0.0674, Ind: 0.0001, Med: 0.0338, Spu: 0.0000, FD: 0.0680, Var: 0.0000, CStr: 0.449, Ctx: 2, Train: 99.93%, Valid: 97.30%, Test In: 97.07% Test OOD1: 87.98% 
Epoch: 337, Loss: 0.1610, Cls: 0.0641, Ind: 0.0001, Med: 0.0320, Spu: 0.0000, FD: 0.0649, Var: 0.0000, CStr: 0.449, Ctx: 2, Train: 99.90%, Valid: 97.24%, Test In: 96.98% Test OOD1: 89.13% 
Epoch: 338, Loss: 0.1691, Cls: 0.0673, Ind: 0.0001, Med: 0.0336, Spu: 0.0000, FD: 0.0681, Var: 0.0000, CStr: 0.449, Ctx: 2, Train: 99.86%, Valid: 97.00%, Test In: 96.81% Test OOD1: 89.82% 
Epoch: 339, Loss: 0.1670, Cls: 0.0665, Ind: 0.0001, Med: 0.0334, Spu: 0.0000, FD: 0.0669, Var: 0.0000, CStr: 0.449, Ctx: 2, Train: 99.91%, Valid: 97.27%, Test In: 97.11% Test OOD1: 87.50% 
Epoch: 340, Loss: 0.1767, Cls: 0.0703, Ind: 0.0001, Med: 0.0351, Spu: 0.0000, FD: 0.0712, Var: 0.0000, CStr: 0.449, Ctx: 2, Train: 99.90%, Valid: 97.14%, Test In: 96.96% Test OOD1: 89.36% 
Epoch: 341, Loss: 0.1767, Cls: 0.0704, Ind: 0.0001, Med: 0.0352, Spu: 0.0000, FD: 0.0710, Var: 0.0000, CStr: 0.449, Ctx: 2, Train: 99.90%, Valid: 97.13%, Test In: 97.06% Test OOD1: 88.74% 
Epoch: 342, Loss: 0.1559, Cls: 0.0621, Ind: 0.0001, Med: 0.0312, Spu: 0.0000, FD: 0.0625, Var: 0.0000, CStr: 0.449, Ctx: 2, Train: 99.93%, Valid: 97.21%, Test In: 97.04% Test OOD1: 88.09% 
Epoch: 343, Loss: 0.1728, Cls: 0.0688, Ind: 0.0001, Med: 0.0344, Spu: 0.0000, FD: 0.0695, Var: 0.0000, CStr: 0.449, Ctx: 2, Train: 99.92%, Valid: 97.27%, Test In: 97.09% Test OOD1: 88.95% 
Epoch: 344, Loss: 0.1704, Cls: 0.0678, Ind: 0.0001, Med: 0.0338, Spu: 0.0000, FD: 0.0687, Var: 0.0000, CStr: 0.449, Ctx: 2, Train: 99.94%, Valid: 97.23%, Test In: 97.13% Test OOD1: 88.33% 
Epoch: 345, Loss: 0.1634, Cls: 0.0651, Ind: 0.0001, Med: 0.0327, Spu: 0.0000, FD: 0.0656, Var: 0.0000, CStr: 0.449, Ctx: 2, Train: 99.91%, Valid: 97.10%, Test In: 97.05% Test OOD1: 88.16% 
Epoch: 346, Loss: 0.1666, Cls: 0.0663, Ind: 0.0001, Med: 0.0332, Spu: 0.0000, FD: 0.0670, Var: 0.0000, CStr: 0.449, Ctx: 2, Train: 99.91%, Valid: 97.20%, Test In: 97.04% Test OOD1: 89.51% 
Epoch: 347, Loss: 0.1692, Cls: 0.0674, Ind: 0.0001, Med: 0.0337, Spu: 0.0000, FD: 0.0680, Var: 0.0000, CStr: 0.449, Ctx: 2, Train: 99.93%, Valid: 97.34%, Test In: 97.11% Test OOD1: 88.13% 
Epoch: 348, Loss: 0.1678, Cls: 0.0668, Ind: 0.0001, Med: 0.0334, Spu: 0.0000, FD: 0.0675, Var: 0.0000, CStr: 0.449, Ctx: 2, Train: 99.92%, Valid: 97.17%, Test In: 96.97% Test OOD1: 86.90% 
Epoch: 349, Loss: 0.1659, Cls: 0.0661, Ind: 0.0001, Med: 0.0332, Spu: 0.0000, FD: 0.0665, Var: 0.0000, CStr: 0.449, Ctx: 2, Train: 99.88%, Valid: 97.00%, Test In: 96.88% Test OOD1: 89.08% 
Epoch: 350, Loss: 0.1739, Cls: 0.0692, Ind: 0.0001, Med: 0.0346, Spu: 0.0000, FD: 0.0700, Var: 0.0000, CStr: 0.449, Ctx: 2, Train: 99.92%, Valid: 97.27%, Test In: 97.10% Test OOD1: 88.09% 
Epoch: 351, Loss: 0.1659, Cls: 0.0660, Ind: 0.0001, Med: 0.0329, Spu: 0.0000, FD: 0.0669, Var: 0.0000, CStr: 0.449, Ctx: 2, Train: 99.92%, Valid: 97.30%, Test In: 97.08% Test OOD1: 87.41% 
Epoch: 352, Loss: 0.1742, Cls: 0.0694, Ind: 0.0001, Med: 0.0347, Spu: 0.0000, FD: 0.0701, Var: 0.0000, CStr: 0.449, Ctx: 2, Train: 99.86%, Valid: 97.00%, Test In: 96.86% Test OOD1: 90.42% 
Epoch: 353, Loss: 0.1774, Cls: 0.0706, Ind: 0.0001, Med: 0.0353, Spu: 0.0000, FD: 0.0713, Var: 0.0000, CStr: 0.450, Ctx: 2, Train: 99.94%, Valid: 97.39%, Test In: 97.11% Test OOD1: 88.43% 
Epoch: 354, Loss: 0.1594, Cls: 0.0634, Ind: 0.0001, Med: 0.0317, Spu: 0.0000, FD: 0.0642, Var: 0.0000, CStr: 0.450, Ctx: 2, Train: 99.94%, Valid: 97.49%, Test In: 97.04% Test OOD1: 88.39% 
Epoch: 355, Loss: 0.1648, Cls: 0.0656, Ind: 0.0001, Med: 0.0329, Spu: 0.0000, FD: 0.0662, Var: 0.0000, CStr: 0.450, Ctx: 2, Train: 99.88%, Valid: 97.13%, Test In: 96.84% Test OOD1: 90.62% 
Epoch: 356, Loss: 0.1744, Cls: 0.0694, Ind: 0.0001, Med: 0.0347, Spu: 0.0000, FD: 0.0702, Var: 0.0000, CStr: 0.450, Ctx: 2, Train: 99.92%, Valid: 97.35%, Test In: 97.04% Test OOD1: 88.94% 
Epoch: 357, Loss: 0.1578, Cls: 0.0628, Ind: 0.0001, Med: 0.0313, Spu: 0.0000, FD: 0.0637, Var: 0.0000, CStr: 0.450, Ctx: 2, Train: 99.94%, Valid: 97.35%, Test In: 97.14% Test OOD1: 88.35% 
Epoch: 358, Loss: 0.1607, Cls: 0.0639, Ind: 0.0001, Med: 0.0319, Spu: 0.0000, FD: 0.0647, Var: 0.0000, CStr: 0.450, Ctx: 2, Train: 99.92%, Valid: 97.22%, Test In: 97.01% Test OOD1: 90.10% 
Epoch: 359, Loss: 0.1575, Cls: 0.0627, Ind: 0.0001, Med: 0.0313, Spu: 0.0000, FD: 0.0634, Var: 0.0000, CStr: 0.450, Ctx: 2, Train: 99.90%, Valid: 97.20%, Test In: 97.07% Test OOD1: 88.65% 
Epoch: 360, Loss: 0.1740, Cls: 0.0693, Ind: 0.0001, Med: 0.0347, Spu: 0.0000, FD: 0.0698, Var: 0.0000, CStr: 0.450, Ctx: 2, Train: 99.93%, Valid: 97.24%, Test In: 97.13% Test OOD1: 88.58% 
Epoch: 361, Loss: 0.1629, Cls: 0.0648, Ind: 0.0001, Med: 0.0324, Spu: 0.0000, FD: 0.0655, Var: 0.0000, CStr: 0.450, Ctx: 2, Train: 99.93%, Valid: 97.30%, Test In: 97.11% Test OOD1: 89.60% 
Epoch: 362, Loss: 0.1617, Cls: 0.0643, Ind: 0.0001, Med: 0.0321, Spu: 0.0000, FD: 0.0651, Var: 0.0000, CStr: 0.450, Ctx: 2, Train: 99.94%, Valid: 97.43%, Test In: 97.16% Test OOD1: 88.64% 
Epoch: 363, Loss: 0.1590, Cls: 0.0633, Ind: 0.0001, Med: 0.0317, Spu: 0.0000, FD: 0.0638, Var: 0.0000, CStr: 0.450, Ctx: 2, Train: 99.93%, Valid: 97.44%, Test In: 97.07% Test OOD1: 88.43% 
Epoch: 364, Loss: 0.1629, Cls: 0.0649, Ind: 0.0001, Med: 0.0326, Spu: 0.0000, FD: 0.0653, Var: 0.0000, CStr: 0.450, Ctx: 2, Train: 99.92%, Valid: 97.36%, Test In: 97.07% Test OOD1: 89.19% 
Epoch: 365, Loss: 0.1630, Cls: 0.0648, Ind: 0.0001, Med: 0.0323, Spu: 0.0000, FD: 0.0658, Var: 0.0000, CStr: 0.451, Ctx: 2, Train: 99.92%, Valid: 97.44%, Test In: 97.11% Test OOD1: 88.62% 
Epoch: 366, Loss: 0.1563, Cls: 0.0622, Ind: 0.0001, Med: 0.0312, Spu: 0.0000, FD: 0.0628, Var: 0.0000, CStr: 0.451, Ctx: 2, Train: 99.91%, Valid: 97.36%, Test In: 97.09% Test OOD1: 88.87% 
Epoch: 367, Loss: 0.1677, Cls: 0.0668, Ind: 0.0001, Med: 0.0335, Spu: 0.0000, FD: 0.0673, Var: 0.0000, CStr: 0.451, Ctx: 2, Train: 99.93%, Valid: 97.37%, Test In: 97.14% Test OOD1: 88.87% 
Epoch: 368, Loss: 0.1621, Cls: 0.0645, Ind: 0.0001, Med: 0.0323, Spu: 0.0000, FD: 0.0652, Var: 0.0000, CStr: 0.451, Ctx: 2, Train: 99.94%, Valid: 97.31%, Test In: 97.17% Test OOD1: 89.60% 
Epoch: 369, Loss: 0.1611, Cls: 0.0641, Ind: 0.0001, Med: 0.0320, Spu: 0.0000, FD: 0.0649, Var: 0.0000, CStr: 0.451, Ctx: 2, Train: 99.95%, Valid: 97.34%, Test In: 97.25% Test OOD1: 89.36% 
Epoch: 370, Loss: 0.1451, Cls: 0.0577, Ind: 0.0001, Med: 0.0289, Spu: 0.0000, FD: 0.0584, Var: 0.0000, CStr: 0.451, Ctx: 2, Train: 99.95%, Valid: 97.23%, Test In: 97.11% Test OOD1: 90.30% 
Epoch: 371, Loss: 0.1526, Cls: 0.0607, Ind: 0.0001, Med: 0.0302, Spu: 0.0000, FD: 0.0616, Var: 0.0000, CStr: 0.451, Ctx: 2, Train: 99.95%, Valid: 97.33%, Test In: 97.05% Test OOD1: 90.28% 
Epoch: 372, Loss: 0.1595, Cls: 0.0634, Ind: 0.0001, Med: 0.0317, Spu: 0.0000, FD: 0.0642, Var: 0.0000, CStr: 0.452, Ctx: 2, Train: 99.95%, Valid: 97.45%, Test In: 97.15% Test OOD1: 89.57% 
Epoch: 373, Loss: 0.1555, Cls: 0.0619, Ind: 0.0001, Med: 0.0310, Spu: 0.0000, FD: 0.0625, Var: 0.0000, CStr: 0.452, Ctx: 2, Train: 99.96%, Valid: 97.25%, Test In: 97.04% Test OOD1: 90.26% 
Epoch: 374, Loss: 0.1643, Cls: 0.0654, Ind: 0.0001, Med: 0.0327, Spu: 0.0000, FD: 0.0660, Var: 0.0000, CStr: 0.452, Ctx: 2, Train: 99.94%, Valid: 97.19%, Test In: 96.97% Test OOD1: 91.04% 
Epoch: 375, Loss: 0.1617, Cls: 0.0644, Ind: 0.0001, Med: 0.0323, Spu: 0.0000, FD: 0.0649, Var: 0.0000, CStr: 0.452, Ctx: 2, Train: 99.96%, Valid: 97.36%, Test In: 97.10% Test OOD1: 90.04% 
Epoch: 376, Loss: 0.1612, Cls: 0.0642, Ind: 0.0001, Med: 0.0321, Spu: 0.0000, FD: 0.0648, Var: 0.0000, CStr: 0.452, Ctx: 2, Train: 99.94%, Valid: 97.31%, Test In: 97.00% Test OOD1: 90.58% 
Epoch: 377, Loss: 0.1542, Cls: 0.0614, Ind: 0.0001, Med: 0.0308, Spu: 0.0000, FD: 0.0618, Var: 0.0000, CStr: 0.453, Ctx: 2, Train: 99.93%, Valid: 97.26%, Test In: 97.05% Test OOD1: 90.64% 
Epoch: 378, Loss: 0.1593, Cls: 0.0634, Ind: 0.0001, Med: 0.0317, Spu: 0.0000, FD: 0.0641, Var: 0.0000, CStr: 0.453, Ctx: 2, Train: 99.94%, Valid: 97.37%, Test In: 97.10% Test OOD1: 90.28% 
Epoch: 379, Loss: 0.1549, Cls: 0.0616, Ind: 0.0001, Med: 0.0308, Spu: 0.0000, FD: 0.0623, Var: 0.0000, CStr: 0.453, Ctx: 2, Train: 99.95%, Valid: 97.40%, Test In: 97.17% Test OOD1: 89.88% 
Epoch: 380, Loss: 0.1549, Cls: 0.0617, Ind: 0.0001, Med: 0.0309, Spu: 0.0000, FD: 0.0623, Var: 0.0000, CStr: 0.453, Ctx: 2, Train: 99.95%, Valid: 97.33%, Test In: 97.09% Test OOD1: 90.55% 
Epoch: 381, Loss: 0.1620, Cls: 0.0645, Ind: 0.0001, Med: 0.0324, Spu: 0.0000, FD: 0.0650, Var: 0.0000, CStr: 0.453, Ctx: 2, Train: 99.95%, Valid: 97.41%, Test In: 97.20% Test OOD1: 89.38% 
Epoch: 382, Loss: 0.1481, Cls: 0.0589, Ind: 0.0001, Med: 0.0293, Spu: 0.0000, FD: 0.0598, Var: 0.0000, CStr: 0.454, Ctx: 2, Train: 99.94%, Valid: 97.38%, Test In: 97.14% Test OOD1: 89.29% 
Epoch: 383, Loss: 0.1561, Cls: 0.0621, Ind: 0.0001, Med: 0.0310, Spu: 0.0000, FD: 0.0629, Var: 0.0000, CStr: 0.454, Ctx: 2, Train: 99.93%, Valid: 97.30%, Test In: 96.95% Test OOD1: 91.09% 
Epoch: 384, Loss: 0.1514, Cls: 0.0603, Ind: 0.0001, Med: 0.0302, Spu: 0.0000, FD: 0.0609, Var: 0.0000, CStr: 0.454, Ctx: 2, Train: 99.94%, Valid: 97.36%, Test In: 97.01% Test OOD1: 90.18% 
Epoch: 385, Loss: 0.1514, Cls: 0.0603, Ind: 0.0001, Med: 0.0301, Spu: 0.0000, FD: 0.0609, Var: 0.0000, CStr: 0.455, Ctx: 2, Train: 99.95%, Valid: 97.40%, Test In: 97.03% Test OOD1: 90.17% 
Epoch: 386, Loss: 0.1540, Cls: 0.0613, Ind: 0.0001, Med: 0.0305, Spu: 0.0000, FD: 0.0621, Var: 0.0000, CStr: 0.455, Ctx: 2, Train: 99.93%, Valid: 97.19%, Test In: 96.94% Test OOD1: 91.43% 
Epoch: 387, Loss: 0.1614, Cls: 0.0643, Ind: 0.0001, Med: 0.0321, Spu: 0.0000, FD: 0.0650, Var: 0.0000, CStr: 0.455, Ctx: 2, Train: 99.93%, Valid: 97.25%, Test In: 97.00% Test OOD1: 89.56% 
Epoch: 388, Loss: 0.1485, Cls: 0.0591, Ind: 0.0001, Med: 0.0295, Spu: 0.0000, FD: 0.0598, Var: 0.0000, CStr: 0.455, Ctx: 2, Train: 99.94%, Valid: 97.32%, Test In: 97.04% Test OOD1: 89.51% 
Epoch: 389, Loss: 0.1527, Cls: 0.0608, Ind: 0.0001, Med: 0.0305, Spu: 0.0000, FD: 0.0613, Var: 0.0000, CStr: 0.456, Ctx: 2, Train: 99.93%, Valid: 97.19%, Test In: 97.02% Test OOD1: 90.10% 
Epoch: 390, Loss: 0.1621, Cls: 0.0645, Ind: 0.0001, Med: 0.0323, Spu: 0.0000, FD: 0.0651, Var: 0.0000, CStr: 0.456, Ctx: 2, Train: 99.95%, Valid: 97.36%, Test In: 97.13% Test OOD1: 89.29% 
Epoch: 391, Loss: 0.1484, Cls: 0.0591, Ind: 0.0001, Med: 0.0296, Spu: 0.0000, FD: 0.0597, Var: 0.0000, CStr: 0.456, Ctx: 2, Train: 99.94%, Valid: 97.34%, Test In: 97.10% Test OOD1: 89.31% 
Epoch: 392, Loss: 0.1510, Cls: 0.0601, Ind: 0.0001, Med: 0.0301, Spu: 0.0000, FD: 0.0606, Var: 0.0000, CStr: 0.456, Ctx: 2, Train: 99.92%, Valid: 97.21%, Test In: 97.01% Test OOD1: 90.98% 
Epoch: 393, Loss: 0.1596, Cls: 0.0635, Ind: 0.0001, Med: 0.0318, Spu: 0.0000, FD: 0.0642, Var: 0.0000, CStr: 0.457, Ctx: 2, Train: 99.93%, Valid: 97.36%, Test In: 97.09% Test OOD1: 88.89% 
Epoch: 394, Loss: 0.1593, Cls: 0.0634, Ind: 0.0001, Med: 0.0317, Spu: 0.0000, FD: 0.0640, Var: 0.0000, CStr: 0.457, Ctx: 2, Train: 99.94%, Valid: 97.35%, Test In: 97.07% Test OOD1: 90.67% 
Epoch: 395, Loss: 0.1532, Cls: 0.0610, Ind: 0.0001, Med: 0.0306, Spu: 0.0000, FD: 0.0615, Var: 0.0000, CStr: 0.457, Ctx: 2, Train: 99.94%, Valid: 97.32%, Test In: 97.04% Test OOD1: 91.18% 
Epoch: 396, Loss: 0.1504, Cls: 0.0599, Ind: 0.0001, Med: 0.0299, Spu: 0.0000, FD: 0.0605, Var: 0.0000, CStr: 0.457, Ctx: 2, Train: 99.95%, Valid: 97.44%, Test In: 97.18% Test OOD1: 88.55% 
Epoch: 397, Loss: 0.1535, Cls: 0.0611, Ind: 0.0001, Med: 0.0304, Spu: 0.0000, FD: 0.0619, Var: 0.0000, CStr: 0.457, Ctx: 2, Train: 99.95%, Valid: 97.44%, Test In: 97.18% Test OOD1: 89.85% 
Epoch: 398, Loss: 0.1627, Cls: 0.0648, Ind: 0.0001, Med: 0.0324, Spu: 0.0000, FD: 0.0654, Var: 0.0000, CStr: 0.458, Ctx: 2, Train: 99.90%, Valid: 97.10%, Test In: 96.88% Test OOD1: 91.27% 
Epoch: 399, Loss: 0.1617, Cls: 0.0644, Ind: 0.0001, Med: 0.0322, Spu: 0.0000, FD: 0.0650, Var: 0.0000, CStr: 0.458, Ctx: 2, Train: 99.95%, Valid: 97.36%, Test In: 97.20% Test OOD1: 88.05% 
Epoch: 400, Loss: 0.1640, Cls: 0.0653, Ind: 0.0001, Med: 0.0326, Spu: 0.0000, FD: 0.0660, Var: 0.0000, CStr: 0.458, Ctx: 2, Train: 99.96%, Valid: 97.23%, Test In: 97.17% Test OOD1: 89.49% 
Epoch: 401, Loss: 0.1572, Cls: 0.0626, Ind: 0.0001, Med: 0.0312, Spu: 0.0000, FD: 0.0633, Var: 0.0000, CStr: 0.458, Ctx: 2, Train: 99.91%, Valid: 97.07%, Test In: 96.96% Test OOD1: 90.60% 
Epoch: 402, Loss: 0.1544, Cls: 0.0614, Ind: 0.0001, Med: 0.0307, Spu: 0.0000, FD: 0.0621, Var: 0.0000, CStr: 0.458, Ctx: 2, Train: 99.93%, Valid: 97.32%, Test In: 97.13% Test OOD1: 88.38% 
Epoch: 403, Loss: 0.1558, Cls: 0.0621, Ind: 0.0001, Med: 0.0311, Spu: 0.0000, FD: 0.0625, Var: 0.0000, CStr: 0.459, Ctx: 2, Train: 99.97%, Valid: 97.38%, Test In: 97.16% Test OOD1: 88.67% 
Epoch: 404, Loss: 0.1591, Cls: 0.0633, Ind: 0.0001, Med: 0.0316, Spu: 0.0000, FD: 0.0641, Var: 0.0000, CStr: 0.459, Ctx: 2, Train: 99.92%, Valid: 97.11%, Test In: 97.08% Test OOD1: 91.12% 
Epoch: 405, Loss: 0.1645, Cls: 0.0655, Ind: 0.0001, Med: 0.0329, Spu: 0.0000, FD: 0.0660, Var: 0.0000, CStr: 0.459, Ctx: 2, Train: 99.90%, Valid: 97.25%, Test In: 97.11% Test OOD1: 88.90% 
Epoch: 406, Loss: 0.1576, Cls: 0.0628, Ind: 0.0001, Med: 0.0315, Spu: 0.0000, FD: 0.0632, Var: 0.0000, CStr: 0.459, Ctx: 2, Train: 99.97%, Valid: 97.50%, Test In: 97.36% Test OOD1: 88.78% 
Epoch: 407, Loss: 0.1525, Cls: 0.0607, Ind: 0.0001, Med: 0.0305, Spu: 0.0000, FD: 0.0612, Var: 0.0000, CStr: 0.459, Ctx: 2, Train: 99.95%, Valid: 97.36%, Test In: 97.18% Test OOD1: 90.71% 
Epoch: 408, Loss: 0.1637, Cls: 0.0651, Ind: 0.0001, Med: 0.0324, Spu: 0.0000, FD: 0.0661, Var: 0.0000, CStr: 0.460, Ctx: 2, Train: 99.93%, Valid: 97.31%, Test In: 97.23% Test OOD1: 89.44% 
Epoch: 409, Loss: 0.1547, Cls: 0.0616, Ind: 0.0001, Med: 0.0307, Spu: 0.0000, FD: 0.0623, Var: 0.0000, CStr: 0.460, Ctx: 2, Train: 99.93%, Valid: 97.34%, Test In: 97.18% Test OOD1: 90.06% 
Epoch: 410, Loss: 0.1500, Cls: 0.0597, Ind: 0.0001, Med: 0.0298, Spu: 0.0000, FD: 0.0604, Var: 0.0000, CStr: 0.460, Ctx: 2, Train: 99.94%, Valid: 97.30%, Test In: 97.21% Test OOD1: 91.18% 
Epoch: 411, Loss: 0.1435, Cls: 0.0571, Ind: 0.0001, Med: 0.0285, Spu: 0.0000, FD: 0.0578, Var: 0.0000, CStr: 0.460, Ctx: 2, Train: 99.96%, Valid: 97.50%, Test In: 97.29% Test OOD1: 89.65% 
Epoch: 412, Loss: 0.1449, Cls: 0.0577, Ind: 0.0001, Med: 0.0288, Spu: 0.0000, FD: 0.0583, Var: 0.0000, CStr: 0.461, Ctx: 2, Train: 99.96%, Valid: 97.50%, Test In: 97.25% Test OOD1: 89.33% 
Epoch: 413, Loss: 0.1568, Cls: 0.0624, Ind: 0.0001, Med: 0.0313, Spu: 0.0000, FD: 0.0630, Var: 0.0000, CStr: 0.461, Ctx: 2, Train: 99.91%, Valid: 97.20%, Test In: 96.95% Test OOD1: 92.22% 
Epoch: 414, Loss: 0.1539, Cls: 0.0612, Ind: 0.0001, Med: 0.0306, Spu: 0.0000, FD: 0.0620, Var: 0.0000, CStr: 0.461, Ctx: 2, Train: 99.95%, Valid: 97.49%, Test In: 97.26% Test OOD1: 90.43% 
Epoch: 415, Loss: 0.1604, Cls: 0.0638, Ind: 0.0001, Med: 0.0318, Spu: 0.0000, FD: 0.0647, Var: 0.0000, CStr: 0.461, Ctx: 2, Train: 99.96%, Valid: 97.48%, Test In: 97.28% Test OOD1: 88.32% 
Epoch: 416, Loss: 0.1557, Cls: 0.0620, Ind: 0.0001, Med: 0.0310, Spu: 0.0000, FD: 0.0626, Var: 0.0000, CStr: 0.461, Ctx: 2, Train: 99.92%, Valid: 97.23%, Test In: 96.99% Test OOD1: 91.11% 
Epoch: 417, Loss: 0.1580, Cls: 0.0629, Ind: 0.0001, Med: 0.0314, Spu: 0.0000, FD: 0.0637, Var: 0.0000, CStr: 0.462, Ctx: 2, Train: 99.96%, Valid: 97.36%, Test In: 97.05% Test OOD1: 90.83% 
Epoch: 418, Loss: 0.1543, Cls: 0.0615, Ind: 0.0001, Med: 0.0307, Spu: 0.0000, FD: 0.0620, Var: 0.0000, CStr: 0.462, Ctx: 2, Train: 99.97%, Valid: 97.67%, Test In: 97.23% Test OOD1: 88.78% 
Epoch: 419, Loss: 0.1587, Cls: 0.0632, Ind: 0.0001, Med: 0.0317, Spu: 0.0000, FD: 0.0636, Var: 0.0000, CStr: 0.462, Ctx: 2, Train: 99.96%, Valid: 97.30%, Test In: 97.15% Test OOD1: 91.41% 
Epoch: 420, Loss: 0.1492, Cls: 0.0594, Ind: 0.0001, Med: 0.0298, Spu: 0.0000, FD: 0.0599, Var: 0.0000, CStr: 0.462, Ctx: 2, Train: 99.96%, Valid: 97.30%, Test In: 97.20% Test OOD1: 91.28% 
Epoch: 421, Loss: 0.1558, Cls: 0.0621, Ind: 0.0001, Med: 0.0311, Spu: 0.0000, FD: 0.0625, Var: 0.0000, CStr: 0.463, Ctx: 2, Train: 99.96%, Valid: 97.48%, Test In: 97.32% Test OOD1: 89.37% 
Epoch: 422, Loss: 0.1549, Cls: 0.0616, Ind: 0.0001, Med: 0.0307, Spu: 0.0000, FD: 0.0625, Var: 0.0000, CStr: 0.463, Ctx: 2, Train: 99.96%, Valid: 97.46%, Test In: 97.24% Test OOD1: 90.44% 
Epoch: 423, Loss: 0.1569, Cls: 0.0624, Ind: 0.0001, Med: 0.0312, Spu: 0.0000, FD: 0.0631, Var: 0.0000, CStr: 0.463, Ctx: 2, Train: 99.91%, Valid: 97.25%, Test In: 97.04% Test OOD1: 91.44% 
Epoch: 424, Loss: 0.1478, Cls: 0.0588, Ind: 0.0001, Med: 0.0294, Spu: 0.0000, FD: 0.0595, Var: 0.0000, CStr: 0.463, Ctx: 2, Train: 99.97%, Valid: 97.44%, Test In: 97.25% Test OOD1: 90.33% 
Epoch: 425, Loss: 0.1443, Cls: 0.0575, Ind: 0.0001, Med: 0.0287, Spu: 0.0000, FD: 0.0580, Var: 0.0000, CStr: 0.464, Ctx: 2, Train: 99.97%, Valid: 97.49%, Test In: 97.35% Test OOD1: 90.01% 
Epoch: 426, Loss: 0.1506, Cls: 0.0600, Ind: 0.0001, Med: 0.0301, Spu: 0.0000, FD: 0.0603, Var: 0.0000, CStr: 0.464, Ctx: 2, Train: 99.93%, Valid: 97.25%, Test In: 97.09% Test OOD1: 91.39% 
Epoch: 427, Loss: 0.1516, Cls: 0.0603, Ind: 0.0001, Med: 0.0301, Spu: 0.0000, FD: 0.0611, Var: 0.0000, CStr: 0.464, Ctx: 2, Train: 99.96%, Valid: 97.41%, Test In: 97.27% Test OOD1: 90.83% 
Epoch: 428, Loss: 0.1470, Cls: 0.0585, Ind: 0.0001, Med: 0.0293, Spu: 0.0000, FD: 0.0591, Var: 0.0000, CStr: 0.464, Ctx: 2, Train: 99.97%, Valid: 97.57%, Test In: 97.33% Test OOD1: 90.16% 
Epoch: 429, Loss: 0.1524, Cls: 0.0607, Ind: 0.0001, Med: 0.0303, Spu: 0.0000, FD: 0.0613, Var: 0.0000, CStr: 0.465, Ctx: 2, Train: 99.96%, Valid: 97.43%, Test In: 97.18% Test OOD1: 91.36% 
Epoch: 430, Loss: 0.1359, Cls: 0.0541, Ind: 0.0001, Med: 0.0270, Spu: 0.0000, FD: 0.0547, Var: 0.0000, CStr: 0.465, Ctx: 2, Train: 99.94%, Valid: 97.27%, Test In: 97.15% Test OOD1: 91.51% 
Epoch: 431, Loss: 0.1574, Cls: 0.0627, Ind: 0.0001, Med: 0.0314, Spu: 0.0000, FD: 0.0631, Var: 0.0000, CStr: 0.465, Ctx: 2, Train: 99.97%, Valid: 97.66%, Test In: 97.38% Test OOD1: 89.00% 
Epoch: 432, Loss: 0.1451, Cls: 0.0577, Ind: 0.0001, Med: 0.0289, Spu: 0.0000, FD: 0.0584, Var: 0.0000, CStr: 0.466, Ctx: 2, Train: 99.98%, Valid: 97.66%, Test In: 97.41% Test OOD1: 89.73% 
Epoch: 433, Loss: 0.1391, Cls: 0.0554, Ind: 0.0001, Med: 0.0276, Spu: 0.0000, FD: 0.0561, Var: 0.0000, CStr: 0.466, Ctx: 2, Train: 99.96%, Valid: 97.45%, Test In: 97.25% Test OOD1: 91.04% 
Epoch: 434, Loss: 0.1409, Cls: 0.0561, Ind: 0.0001, Med: 0.0281, Spu: 0.0000, FD: 0.0566, Var: 0.0000, CStr: 0.466, Ctx: 2, Train: 99.96%, Valid: 97.46%, Test In: 97.26% Test OOD1: 89.84% 
Epoch: 435, Loss: 0.1406, Cls: 0.0560, Ind: 0.0001, Med: 0.0280, Spu: 0.0000, FD: 0.0565, Var: 0.0000, CStr: 0.466, Ctx: 2, Train: 99.95%, Valid: 97.47%, Test In: 97.21% Test OOD1: 90.50% 
Epoch: 436, Loss: 0.1425, Cls: 0.0568, Ind: 0.0001, Med: 0.0284, Spu: 0.0000, FD: 0.0573, Var: 0.0000, CStr: 0.467, Ctx: 2, Train: 99.97%, Valid: 97.50%, Test In: 97.33% Test OOD1: 89.92% 
Epoch: 437, Loss: 0.1395, Cls: 0.0556, Ind: 0.0001, Med: 0.0279, Spu: 0.0000, FD: 0.0559, Var: 0.0000, CStr: 0.467, Ctx: 2, Train: 99.95%, Valid: 97.26%, Test In: 97.07% Test OOD1: 90.76% 
Epoch: 438, Loss: 0.1513, Cls: 0.0602, Ind: 0.0001, Med: 0.0301, Spu: 0.0000, FD: 0.0608, Var: 0.0000, CStr: 0.467, Ctx: 2, Train: 99.97%, Valid: 97.42%, Test In: 97.22% Test OOD1: 90.60% 
Epoch: 439, Loss: 0.1480, Cls: 0.0589, Ind: 0.0001, Med: 0.0295, Spu: 0.0000, FD: 0.0595, Var: 0.0000, CStr: 0.468, Ctx: 2, Train: 99.97%, Valid: 97.51%, Test In: 97.25% Test OOD1: 90.39% 
Epoch: 440, Loss: 0.1380, Cls: 0.0549, Ind: 0.0001, Med: 0.0274, Spu: 0.0000, FD: 0.0555, Var: 0.0000, CStr: 0.468, Ctx: 2, Train: 99.98%, Valid: 97.55%, Test In: 97.32% Test OOD1: 90.07% 
Epoch: 441, Loss: 0.1459, Cls: 0.0581, Ind: 0.0001, Med: 0.0290, Spu: 0.0000, FD: 0.0587, Var: 0.0000, CStr: 0.468, Ctx: 2, Train: 99.97%, Valid: 97.50%, Test In: 97.32% Test OOD1: 90.45% 
Epoch: 442, Loss: 0.1384, Cls: 0.0551, Ind: 0.0001, Med: 0.0275, Spu: 0.0000, FD: 0.0557, Var: 0.0000, CStr: 0.469, Ctx: 2, Train: 99.98%, Valid: 97.56%, Test In: 97.39% Test OOD1: 90.03% 
Epoch: 443, Loss: 0.1432, Cls: 0.0571, Ind: 0.0001, Med: 0.0287, Spu: 0.0000, FD: 0.0573, Var: 0.0000, CStr: 0.469, Ctx: 2, Train: 99.97%, Valid: 97.57%, Test In: 97.40% Test OOD1: 89.58% 
Epoch: 444, Loss: 0.1325, Cls: 0.0527, Ind: 0.0001, Med: 0.0262, Spu: 0.0000, FD: 0.0535, Var: 0.0000, CStr: 0.469, Ctx: 2, Train: 99.98%, Valid: 97.59%, Test In: 97.40% Test OOD1: 89.63% 
Epoch: 445, Loss: 0.1403, Cls: 0.0558, Ind: 0.0001, Med: 0.0279, Spu: 0.0000, FD: 0.0565, Var: 0.0000, CStr: 0.470, Ctx: 2, Train: 99.95%, Valid: 97.38%, Test In: 97.28% Test OOD1: 91.22% 
Epoch: 446, Loss: 0.1453, Cls: 0.0578, Ind: 0.0001, Med: 0.0288, Spu: 0.0000, FD: 0.0586, Var: 0.0000, CStr: 0.470, Ctx: 2, Train: 99.97%, Valid: 97.57%, Test In: 97.46% Test OOD1: 89.50% 
Epoch: 447, Loss: 0.1373, Cls: 0.0547, Ind: 0.0001, Med: 0.0273, Spu: 0.0000, FD: 0.0552, Var: 0.0000, CStr: 0.470, Ctx: 2, Train: 99.98%, Valid: 97.65%, Test In: 97.49% Test OOD1: 89.20% 
Epoch: 448, Loss: 0.1445, Cls: 0.0575, Ind: 0.0001, Med: 0.0288, Spu: 0.0000, FD: 0.0581, Var: 0.0000, CStr: 0.471, Ctx: 2, Train: 99.93%, Valid: 97.42%, Test In: 97.15% Test OOD1: 91.81% 
Epoch: 449, Loss: 0.1522, Cls: 0.0606, Ind: 0.0001, Med: 0.0303, Spu: 0.0000, FD: 0.0612, Var: 0.0000, CStr: 0.471, Ctx: 2, Train: 99.96%, Valid: 97.59%, Test In: 97.45% Test OOD1: 88.77% 
Epoch: 450, Loss: 0.1450, Cls: 0.0577, Ind: 0.0001, Med: 0.0288, Spu: 0.0000, FD: 0.0583, Var: 0.0000, CStr: 0.471, Ctx: 2, Train: 99.98%, Valid: 97.61%, Test In: 97.52% Test OOD1: 90.24% 
Epoch: 451, Loss: 0.1374, Cls: 0.0547, Ind: 0.0001, Med: 0.0273, Spu: 0.0000, FD: 0.0553, Var: 0.0000, CStr: 0.472, Ctx: 2, Train: 99.97%, Valid: 97.53%, Test In: 97.32% Test OOD1: 91.15% 
Epoch: 452, Loss: 0.1563, Cls: 0.0622, Ind: 0.0001, Med: 0.0310, Spu: 0.0000, FD: 0.0629, Var: 0.0000, CStr: 0.472, Ctx: 2, Train: 99.90%, Valid: 97.36%, Test In: 97.31% Test OOD1: 87.99% 
Epoch: 453, Loss: 0.1565, Cls: 0.0623, Ind: 0.0001, Med: 0.0311, Spu: 0.0000, FD: 0.0630, Var: 0.0000, CStr: 0.472, Ctx: 2, Train: 99.91%, Valid: 97.21%, Test In: 97.08% Test OOD1: 92.32% 
Epoch: 454, Loss: 0.1518, Cls: 0.0605, Ind: 0.0001, Med: 0.0302, Spu: 0.0000, FD: 0.0611, Var: 0.0000, CStr: 0.473, Ctx: 2, Train: 99.98%, Valid: 97.50%, Test In: 97.40% Test OOD1: 90.10% 
Epoch: 455, Loss: 0.1469, Cls: 0.0585, Ind: 0.0001, Med: 0.0293, Spu: 0.0000, FD: 0.0590, Var: 0.0000, CStr: 0.473, Ctx: 2, Train: 99.96%, Valid: 97.50%, Test In: 97.38% Test OOD1: 89.40% 
Epoch: 456, Loss: 0.1392, Cls: 0.0554, Ind: 0.0001, Med: 0.0278, Spu: 0.0000, FD: 0.0559, Var: 0.0000, CStr: 0.473, Ctx: 2, Train: 99.96%, Valid: 97.38%, Test In: 97.32% Test OOD1: 91.86% 
Epoch: 457, Loss: 0.1445, Cls: 0.0575, Ind: 0.0001, Med: 0.0287, Spu: 0.0000, FD: 0.0582, Var: 0.0000, CStr: 0.474, Ctx: 2, Train: 99.98%, Valid: 97.63%, Test In: 97.44% Test OOD1: 90.71% 
Epoch: 458, Loss: 0.1423, Cls: 0.0566, Ind: 0.0001, Med: 0.0282, Spu: 0.0000, FD: 0.0574, Var: 0.0000, CStr: 0.474, Ctx: 2, Train: 99.98%, Valid: 97.68%, Test In: 97.48% Test OOD1: 89.24% 
Epoch: 459, Loss: 0.1478, Cls: 0.0588, Ind: 0.0001, Med: 0.0293, Spu: 0.0000, FD: 0.0595, Var: 0.0000, CStr: 0.474, Ctx: 2, Train: 99.96%, Valid: 97.46%, Test In: 97.29% Test OOD1: 91.47% 
Epoch: 460, Loss: 0.1492, Cls: 0.0594, Ind: 0.0001, Med: 0.0297, Spu: 0.0000, FD: 0.0600, Var: 0.0000, CStr: 0.474, Ctx: 2, Train: 99.96%, Valid: 97.62%, Test In: 97.45% Test OOD1: 90.75% 
Epoch: 461, Loss: 0.1442, Cls: 0.0574, Ind: 0.0001, Med: 0.0286, Spu: 0.0000, FD: 0.0581, Var: 0.0000, CStr: 0.474, Ctx: 2, Train: 99.98%, Valid: 97.70%, Test In: 97.52% Test OOD1: 90.50% 
Epoch: 462, Loss: 0.1347, Cls: 0.0536, Ind: 0.0001, Med: 0.0268, Spu: 0.0000, FD: 0.0542, Var: 0.0000, CStr: 0.475, Ctx: 2, Train: 99.98%, Valid: 97.67%, Test In: 97.46% Test OOD1: 91.24% 
Epoch: 463, Loss: 0.1360, Cls: 0.0542, Ind: 0.0001, Med: 0.0272, Spu: 0.0000, FD: 0.0545, Var: 0.0000, CStr: 0.475, Ctx: 2, Train: 99.98%, Valid: 97.63%, Test In: 97.48% Test OOD1: 91.08% 
Epoch: 464, Loss: 0.1341, Cls: 0.0534, Ind: 0.0001, Med: 0.0267, Spu: 0.0000, FD: 0.0539, Var: 0.0000, CStr: 0.475, Ctx: 2, Train: 99.97%, Valid: 97.59%, Test In: 97.40% Test OOD1: 90.77% 
Epoch: 465, Loss: 0.1451, Cls: 0.0578, Ind: 0.0001, Med: 0.0288, Spu: 0.0000, FD: 0.0585, Var: 0.0000, CStr: 0.475, Ctx: 2, Train: 99.97%, Valid: 97.62%, Test In: 97.44% Test OOD1: 90.65% 
Epoch: 466, Loss: 0.1411, Cls: 0.0562, Ind: 0.0001, Med: 0.0281, Spu: 0.0000, FD: 0.0567, Var: 0.0000, CStr: 0.475, Ctx: 2, Train: 99.97%, Valid: 97.59%, Test In: 97.43% Test OOD1: 90.92% 
Epoch: 467, Loss: 0.1385, Cls: 0.0551, Ind: 0.0001, Med: 0.0276, Spu: 0.0000, FD: 0.0556, Var: 0.0000, CStr: 0.475, Ctx: 2, Train: 99.97%, Valid: 97.57%, Test In: 97.48% Test OOD1: 90.52% 
Epoch: 468, Loss: 0.1401, Cls: 0.0558, Ind: 0.0001, Med: 0.0280, Spu: 0.0000, FD: 0.0562, Var: 0.0000, CStr: 0.476, Ctx: 2, Train: 99.96%, Valid: 97.52%, Test In: 97.38% Test OOD1: 89.40% 
Epoch: 469, Loss: 0.1384, Cls: 0.0551, Ind: 0.0001, Med: 0.0275, Spu: 0.0000, FD: 0.0558, Var: 0.0000, CStr: 0.476, Ctx: 2, Train: 99.97%, Valid: 97.59%, Test In: 97.43% Test OOD1: 90.02% 
Epoch: 470, Loss: 0.1431, Cls: 0.0570, Ind: 0.0001, Med: 0.0284, Spu: 0.0000, FD: 0.0577, Var: 0.0000, CStr: 0.476, Ctx: 2, Train: 99.96%, Valid: 97.51%, Test In: 97.34% Test OOD1: 90.29% 
Epoch: 471, Loss: 0.1513, Cls: 0.0603, Ind: 0.0001, Med: 0.0301, Spu: 0.0000, FD: 0.0609, Var: 0.0000, CStr: 0.476, Ctx: 2, Train: 99.97%, Valid: 97.62%, Test In: 97.39% Test OOD1: 88.19% 
Epoch: 472, Loss: 0.1394, Cls: 0.0555, Ind: 0.0001, Med: 0.0277, Spu: 0.0000, FD: 0.0562, Var: 0.0000, CStr: 0.476, Ctx: 2, Train: 99.97%, Valid: 97.45%, Test In: 97.34% Test OOD1: 90.35% 
Epoch: 473, Loss: 0.1453, Cls: 0.0578, Ind: 0.0001, Med: 0.0288, Spu: 0.0000, FD: 0.0585, Var: 0.0000, CStr: 0.477, Ctx: 2, Train: 99.96%, Valid: 97.34%, Test In: 97.25% Test OOD1: 91.51% 
Epoch: 474, Loss: 0.1379, Cls: 0.0549, Ind: 0.0001, Med: 0.0275, Spu: 0.0000, FD: 0.0554, Var: 0.0000, CStr: 0.477, Ctx: 2, Train: 99.97%, Valid: 97.65%, Test In: 97.38% Test OOD1: 87.76% 
Epoch: 475, Loss: 0.1579, Cls: 0.0629, Ind: 0.0001, Med: 0.0316, Spu: 0.0000, FD: 0.0632, Var: 0.0000, CStr: 0.477, Ctx: 2, Train: 99.96%, Valid: 97.26%, Test In: 97.17% Test OOD1: 91.99% 
Epoch: 476, Loss: 0.1410, Cls: 0.0561, Ind: 0.0001, Med: 0.0281, Spu: 0.0000, FD: 0.0567, Var: 0.0000, CStr: 0.477, Ctx: 2, Train: 99.96%, Valid: 97.46%, Test In: 97.27% Test OOD1: 92.30% 
Epoch: 477, Loss: 0.1401, Cls: 0.0558, Ind: 0.0001, Med: 0.0279, Spu: 0.0000, FD: 0.0564, Var: 0.0000, CStr: 0.477, Ctx: 2, Train: 99.98%, Valid: 97.61%, Test In: 97.42% Test OOD1: 88.03% 
Epoch: 478, Loss: 0.1559, Cls: 0.0621, Ind: 0.0001, Med: 0.0310, Spu: 0.0000, FD: 0.0627, Var: 0.0000, CStr: 0.478, Ctx: 2, Train: 99.97%, Valid: 97.61%, Test In: 97.42% Test OOD1: 91.03% 
Epoch: 479, Loss: 0.1463, Cls: 0.0582, Ind: 0.0001, Med: 0.0291, Spu: 0.0000, FD: 0.0588, Var: 0.0000, CStr: 0.478, Ctx: 2, Train: 99.92%, Valid: 97.40%, Test In: 97.06% Test OOD1: 92.50% 
Epoch: 480, Loss: 0.1576, Cls: 0.0628, Ind: 0.0001, Med: 0.0314, Spu: 0.0000, FD: 0.0634, Var: 0.0000, CStr: 0.478, Ctx: 2, Train: 99.97%, Valid: 97.65%, Test In: 97.46% Test OOD1: 88.65% 
Epoch: 481, Loss: 0.1457, Cls: 0.0580, Ind: 0.0001, Med: 0.0289, Spu: 0.0000, FD: 0.0587, Var: 0.0000, CStr: 0.478, Ctx: 2, Train: 99.97%, Valid: 97.68%, Test In: 97.49% Test OOD1: 89.75% 
Epoch: 482, Loss: 0.1458, Cls: 0.0580, Ind: 0.0001, Med: 0.0289, Spu: 0.0000, FD: 0.0588, Var: 0.0000, CStr: 0.478, Ctx: 2, Train: 99.92%, Valid: 97.27%, Test In: 97.10% Test OOD1: 92.66% 
Epoch: 483, Loss: 0.1574, Cls: 0.0627, Ind: 0.0001, Med: 0.0313, Spu: 0.0000, FD: 0.0633, Var: 0.0000, CStr: 0.479, Ctx: 2, Train: 99.95%, Valid: 97.57%, Test In: 97.44% Test OOD1: 89.28% 
Epoch: 484, Loss: 0.1379, Cls: 0.0549, Ind: 0.0001, Med: 0.0274, Spu: 0.0000, FD: 0.0555, Var: 0.0000, CStr: 0.479, Ctx: 2, Train: 99.99%, Valid: 97.69%, Test In: 97.55% Test OOD1: 89.52% 
Epoch: 485, Loss: 0.1500, Cls: 0.0597, Ind: 0.0001, Med: 0.0298, Spu: 0.0000, FD: 0.0603, Var: 0.0000, CStr: 0.479, Ctx: 2, Train: 99.93%, Valid: 97.28%, Test In: 97.17% Test OOD1: 92.63% 
Epoch: 486, Loss: 0.1594, Cls: 0.0635, Ind: 0.0001, Med: 0.0318, Spu: 0.0000, FD: 0.0641, Var: 0.0000, CStr: 0.479, Ctx: 2, Train: 99.92%, Valid: 97.44%, Test In: 97.25% Test OOD1: 90.88% 
Epoch: 487, Loss: 0.1497, Cls: 0.0596, Ind: 0.0001, Med: 0.0298, Spu: 0.0000, FD: 0.0602, Var: 0.0000, CStr: 0.479, Ctx: 2, Train: 99.99%, Valid: 97.59%, Test In: 97.53% Test OOD1: 89.24% 
Epoch: 488, Loss: 0.1497, Cls: 0.0596, Ind: 0.0001, Med: 0.0297, Spu: 0.0000, FD: 0.0602, Var: 0.0000, CStr: 0.480, Ctx: 2, Train: 99.97%, Valid: 97.55%, Test In: 97.43% Test OOD1: 90.86% 
Epoch: 489, Loss: 0.1417, Cls: 0.0564, Ind: 0.0001, Med: 0.0283, Spu: 0.0000, FD: 0.0569, Var: 0.0000, CStr: 0.480, Ctx: 2, Train: 99.97%, Valid: 97.48%, Test In: 97.26% Test OOD1: 91.96% 
Epoch: 490, Loss: 0.1353, Cls: 0.0539, Ind: 0.0001, Med: 0.0270, Spu: 0.0000, FD: 0.0543, Var: 0.0000, CStr: 0.480, Ctx: 2, Train: 99.96%, Valid: 97.52%, Test In: 97.46% Test OOD1: 89.54% 
Epoch: 491, Loss: 0.1460, Cls: 0.0581, Ind: 0.0001, Med: 0.0290, Spu: 0.0000, FD: 0.0588, Var: 0.0000, CStr: 0.480, Ctx: 2, Train: 99.98%, Valid: 97.69%, Test In: 97.55% Test OOD1: 90.11% 
Epoch: 492, Loss: 0.1421, Cls: 0.0566, Ind: 0.0001, Med: 0.0283, Spu: 0.0000, FD: 0.0572, Var: 0.0000, CStr: 0.480, Ctx: 2, Train: 99.96%, Valid: 97.48%, Test In: 97.44% Test OOD1: 92.31% 
Epoch: 493, Loss: 0.1505, Cls: 0.0600, Ind: 0.0001, Med: 0.0300, Spu: 0.0000, FD: 0.0604, Var: 0.0000, CStr: 0.480, Ctx: 2, Train: 99.94%, Valid: 97.48%, Test In: 97.30% Test OOD1: 90.45% 
Epoch: 494, Loss: 0.1475, Cls: 0.0588, Ind: 0.0001, Med: 0.0294, Spu: 0.0000, FD: 0.0593, Var: 0.0000, CStr: 0.480, Ctx: 2, Train: 99.97%, Valid: 97.67%, Test In: 97.43% Test OOD1: 89.21% 
Epoch: 495, Loss: 0.1440, Cls: 0.0573, Ind: 0.0001, Med: 0.0286, Spu: 0.0000, FD: 0.0579, Var: 0.0000, CStr: 0.481, Ctx: 2, Train: 99.96%, Valid: 97.37%, Test In: 97.17% Test OOD1: 91.32% 
Epoch: 496, Loss: 0.1631, Cls: 0.0650, Ind: 0.0001, Med: 0.0325, Spu: 0.0000, FD: 0.0655, Var: 0.0000, CStr: 0.481, Ctx: 2, Train: 99.97%, Valid: 97.45%, Test In: 97.38% Test OOD1: 90.91% 
Epoch: 497, Loss: 0.1398, Cls: 0.0556, Ind: 0.0001, Med: 0.0277, Spu: 0.0000, FD: 0.0563, Var: 0.0000, CStr: 0.481, Ctx: 2, Train: 99.88%, Valid: 97.38%, Test In: 97.35% Test OOD1: 88.36% 
Epoch: 498, Loss: 0.1534, Cls: 0.0611, Ind: 0.0001, Med: 0.0304, Spu: 0.0000, FD: 0.0618, Var: 0.0000, CStr: 0.481, Ctx: 2, Train: 99.98%, Valid: 97.57%, Test In: 97.34% Test OOD1: 91.11% 
Epoch: 499, Loss: 0.1327, Cls: 0.0528, Ind: 0.0001, Med: 0.0264, Spu: 0.0000, FD: 0.0534, Var: 0.0000, CStr: 0.481, Ctx: 2, Train: 99.98%, Valid: 97.53%, Test In: 97.32% Test OOD1: 91.49% 
Run 01:
Highest Train: 99.99
Highest Valid: 97.70
Highest In Test: 97.55
Highest OOD Test: 92.66
Chosen epoch: 462
Final Train: 99.98
Final In Test: 97.52
Final OOD Test: 90.50
Epoch: 00, Loss: 2.9392, Cls: 1.1238, Ind: 0.0174, Med: 0.5894, Spu: 0.0151, FD: 1.1934, Var: 0.0001, CStr: 0.501, Ctx: 2, Train: 39.90%, Valid: 39.99%, Test In: 39.97% Test OOD1: 39.98% 
Epoch: 01, Loss: 2.8384, Cls: 1.0719, Ind: 0.0153, Med: 0.5321, Spu: 0.0052, FD: 1.2137, Var: 0.0001, CStr: 0.502, Ctx: 2, Train: 71.94%, Valid: 71.80%, Test In: 72.30% Test OOD1: 60.33% 
Epoch: 02, Loss: 2.4987, Cls: 0.9616, Ind: 0.0154, Med: 0.5327, Spu: 0.0105, FD: 0.9784, Var: 0.0001, CStr: 0.502, Ctx: 2, Train: 70.82%, Valid: 70.58%, Test In: 70.87% Test OOD1: 51.44% 
Epoch: 03, Loss: 2.2405, Cls: 0.8686, Ind: 0.0195, Med: 0.4818, Spu: 0.0074, FD: 0.8631, Var: 0.0001, CStr: 0.503, Ctx: 2, Train: 79.32%, Valid: 79.35%, Test In: 79.09% Test OOD1: 57.17% 
Epoch: 04, Loss: 1.9912, Cls: 0.7562, Ind: 0.0286, Med: 0.4182, Spu: 0.0037, FD: 0.7844, Var: 0.0001, CStr: 0.505, Ctx: 2, Train: 85.06%, Valid: 84.98%, Test In: 84.97% Test OOD1: 61.04% 
Epoch: 05, Loss: 1.7292, Cls: 0.6451, Ind: 0.0424, Med: 0.3691, Spu: 0.0034, FD: 0.6690, Var: 0.0001, CStr: 0.506, Ctx: 2, Train: 86.24%, Valid: 86.24%, Test In: 86.01% Test OOD1: 61.60% 
Epoch: 06, Loss: 1.4851, Cls: 0.5497, Ind: 0.0541, Med: 0.3208, Spu: 0.0047, FD: 0.5557, Var: 0.0001, CStr: 0.506, Ctx: 2, Train: 87.05%, Valid: 86.96%, Test In: 86.96% Test OOD1: 61.48% 
Epoch: 07, Loss: 1.2989, Cls: 0.4799, Ind: 0.0577, Med: 0.2723, Spu: 0.0049, FD: 0.4840, Var: 0.0001, CStr: 0.506, Ctx: 2, Train: 87.96%, Valid: 87.92%, Test In: 88.02% Test OOD1: 62.81% 
Epoch: 08, Loss: 1.1693, Cls: 0.4328, Ind: 0.0566, Med: 0.2392, Spu: 0.0042, FD: 0.4363, Var: 0.0001, CStr: 0.506, Ctx: 2, Train: 88.56%, Valid: 88.48%, Test In: 88.59% Test OOD1: 64.68% 
Epoch: 09, Loss: 1.0880, Cls: 0.4032, Ind: 0.0532, Med: 0.2233, Spu: 0.0034, FD: 0.4049, Var: 0.0001, CStr: 0.505, Ctx: 2, Train: 88.87%, Valid: 88.77%, Test In: 88.93% Test OOD1: 65.26% 
Epoch: 10, Loss: 1.0257, Cls: 0.3783, Ind: 0.0505, Med: 0.2064, Spu: 0.0028, FD: 0.3876, Var: 0.0000, CStr: 0.504, Ctx: 2, Train: 89.22%, Valid: 89.03%, Test In: 89.31% Test OOD1: 65.76% 
Epoch: 11, Loss: 0.9885, Cls: 0.3639, Ind: 0.0485, Med: 0.1937, Spu: 0.0026, FD: 0.3797, Var: 0.0000, CStr: 0.502, Ctx: 2, Train: 89.58%, Valid: 89.34%, Test In: 89.71% Test OOD1: 66.93% 
Epoch: 12, Loss: 0.9528, Cls: 0.3515, Ind: 0.0445, Med: 0.1836, Spu: 0.0028, FD: 0.3704, Var: 0.0000, CStr: 0.499, Ctx: 2, Train: 89.90%, Valid: 89.57%, Test In: 89.97% Test OOD1: 67.40% 
Epoch: 13, Loss: 0.9339, Cls: 0.3470, Ind: 0.0409, Med: 0.1819, Spu: 0.0029, FD: 0.3611, Var: 0.0000, CStr: 0.496, Ctx: 2, Train: 90.11%, Valid: 89.73%, Test In: 90.20% Test OOD1: 66.95% 
Epoch: 14, Loss: 0.9123, Cls: 0.3422, Ind: 0.0351, Med: 0.1795, Spu: 0.0028, FD: 0.3526, Var: 0.0000, CStr: 0.493, Ctx: 2, Train: 90.27%, Valid: 89.90%, Test In: 90.29% Test OOD1: 67.06% 
Epoch: 15, Loss: 0.8986, Cls: 0.3399, Ind: 0.0299, Med: 0.1768, Spu: 0.0023, FD: 0.3497, Var: 0.0000, CStr: 0.491, Ctx: 2, Train: 90.41%, Valid: 90.11%, Test In: 90.38% Test OOD1: 68.28% 
Epoch: 16, Loss: 0.8765, Cls: 0.3347, Ind: 0.0246, Med: 0.1733, Spu: 0.0020, FD: 0.3420, Var: 0.0000, CStr: 0.488, Ctx: 2, Train: 90.51%, Valid: 90.10%, Test In: 90.41% Test OOD1: 69.89% 
Epoch: 17, Loss: 0.8516, Cls: 0.3270, Ind: 0.0204, Med: 0.1682, Spu: 0.0018, FD: 0.3341, Var: 0.0000, CStr: 0.487, Ctx: 2, Train: 90.66%, Valid: 90.28%, Test In: 90.62% Test OOD1: 70.40% 
Epoch: 18, Loss: 0.8306, Cls: 0.3201, Ind: 0.0176, Med: 0.1634, Spu: 0.0018, FD: 0.3277, Var: 0.0000, CStr: 0.485, Ctx: 2, Train: 90.78%, Valid: 90.34%, Test In: 90.72% Test OOD1: 69.57% 
Epoch: 19, Loss: 0.8128, Cls: 0.3141, Ind: 0.0155, Med: 0.1597, Spu: 0.0019, FD: 0.3216, Var: 0.0000, CStr: 0.484, Ctx: 2, Train: 90.81%, Valid: 90.56%, Test In: 90.76% Test OOD1: 69.11% 
Epoch: 20, Loss: 0.8006, Cls: 0.3108, Ind: 0.0134, Med: 0.1586, Spu: 0.0018, FD: 0.3159, Var: 0.0000, CStr: 0.483, Ctx: 2, Train: 90.90%, Valid: 90.53%, Test In: 90.97% Test OOD1: 70.28% 
Epoch: 21, Loss: 0.7896, Cls: 0.3073, Ind: 0.0110, Med: 0.1562, Spu: 0.0016, FD: 0.3134, Var: 0.0000, CStr: 0.482, Ctx: 2, Train: 91.00%, Valid: 90.62%, Test In: 91.00% Test OOD1: 71.60% 
Epoch: 22, Loss: 0.7792, Cls: 0.3041, Ind: 0.0093, Med: 0.1545, Spu: 0.0014, FD: 0.3099, Var: 0.0000, CStr: 0.481, Ctx: 2, Train: 91.10%, Valid: 90.72%, Test In: 91.07% Test OOD1: 71.25% 
Epoch: 23, Loss: 0.7667, Cls: 0.2999, Ind: 0.0078, Med: 0.1523, Spu: 0.0013, FD: 0.3054, Var: 0.0000, CStr: 0.480, Ctx: 2, Train: 91.21%, Valid: 90.81%, Test In: 91.16% Test OOD1: 69.96% 
Epoch: 24, Loss: 0.7598, Cls: 0.2977, Ind: 0.0067, Med: 0.1514, Spu: 0.0013, FD: 0.3026, Var: 0.0000, CStr: 0.479, Ctx: 2, Train: 91.32%, Valid: 90.86%, Test In: 91.25% Test OOD1: 69.71% 
Epoch: 25, Loss: 0.7430, Cls: 0.2910, Ind: 0.0061, Med: 0.1475, Spu: 0.0013, FD: 0.2970, Var: 0.0000, CStr: 0.479, Ctx: 2, Train: 91.43%, Valid: 90.97%, Test In: 91.39% Test OOD1: 70.45% 
Epoch: 26, Loss: 0.7422, Cls: 0.2910, Ind: 0.0055, Med: 0.1477, Spu: 0.0013, FD: 0.2967, Var: 0.0000, CStr: 0.479, Ctx: 2, Train: 91.47%, Valid: 91.00%, Test In: 91.45% Test OOD1: 71.11% 
Epoch: 27, Loss: 0.7436, Cls: 0.2918, Ind: 0.0052, Med: 0.1478, Spu: 0.0011, FD: 0.2976, Var: 0.0000, CStr: 0.478, Ctx: 2, Train: 91.57%, Valid: 91.11%, Test In: 91.57% Test OOD1: 70.63% 
Epoch: 28, Loss: 0.7256, Cls: 0.2846, Ind: 0.0051, Med: 0.1437, Spu: 0.0010, FD: 0.2911, Var: 0.0000, CStr: 0.478, Ctx: 2, Train: 91.63%, Valid: 91.25%, Test In: 91.53% Test OOD1: 70.06% 
Epoch: 29, Loss: 0.7191, Cls: 0.2821, Ind: 0.0053, Med: 0.1424, Spu: 0.0010, FD: 0.2883, Var: 0.0000, CStr: 0.477, Ctx: 2, Train: 91.74%, Valid: 91.23%, Test In: 91.56% Test OOD1: 70.29% 
Epoch: 30, Loss: 0.7176, Cls: 0.2820, Ind: 0.0051, Med: 0.1429, Spu: 0.0010, FD: 0.2865, Var: 0.0000, CStr: 0.476, Ctx: 2, Train: 91.78%, Valid: 91.36%, Test In: 91.66% Test OOD1: 71.43% 
Epoch: 31, Loss: 0.6983, Cls: 0.2747, Ind: 0.0049, Med: 0.1399, Spu: 0.0010, FD: 0.2777, Var: 0.0000, CStr: 0.475, Ctx: 2, Train: 91.97%, Valid: 91.43%, Test In: 91.72% Test OOD1: 72.25% 
Epoch: 32, Loss: 0.6999, Cls: 0.2755, Ind: 0.0047, Med: 0.1397, Spu: 0.0009, FD: 0.2790, Var: 0.0000, CStr: 0.473, Ctx: 2, Train: 92.01%, Valid: 91.54%, Test In: 91.85% Test OOD1: 71.79% 
Epoch: 33, Loss: 0.6919, Cls: 0.2727, Ind: 0.0041, Med: 0.1384, Spu: 0.0008, FD: 0.2758, Var: 0.0000, CStr: 0.472, Ctx: 2, Train: 92.09%, Valid: 91.39%, Test In: 91.85% Test OOD1: 71.02% 
Epoch: 34, Loss: 0.6823, Cls: 0.2693, Ind: 0.0037, Med: 0.1367, Spu: 0.0008, FD: 0.2718, Var: 0.0000, CStr: 0.470, Ctx: 2, Train: 92.16%, Valid: 91.51%, Test In: 91.92% Test OOD1: 71.25% 
Epoch: 35, Loss: 0.6778, Cls: 0.2677, Ind: 0.0031, Med: 0.1355, Spu: 0.0008, FD: 0.2707, Var: 0.0000, CStr: 0.469, Ctx: 2, Train: 92.30%, Valid: 91.64%, Test In: 91.97% Test OOD1: 71.90% 
Epoch: 36, Loss: 0.6676, Cls: 0.2636, Ind: 0.0027, Med: 0.1329, Spu: 0.0008, FD: 0.2675, Var: 0.0000, CStr: 0.467, Ctx: 2, Train: 92.41%, Valid: 91.76%, Test In: 92.05% Test OOD1: 72.31% 
Epoch: 37, Loss: 0.6602, Cls: 0.2609, Ind: 0.0022, Med: 0.1316, Spu: 0.0008, FD: 0.2647, Var: 0.0000, CStr: 0.465, Ctx: 2, Train: 92.47%, Valid: 91.76%, Test In: 92.09% Test OOD1: 71.91% 
Epoch: 38, Loss: 0.6538, Cls: 0.2587, Ind: 0.0019, Med: 0.1308, Spu: 0.0007, FD: 0.2616, Var: 0.0000, CStr: 0.463, Ctx: 2, Train: 92.52%, Valid: 91.74%, Test In: 92.14% Test OOD1: 71.42% 
Epoch: 39, Loss: 0.6367, Cls: 0.2519, Ind: 0.0017, Med: 0.1268, Spu: 0.0007, FD: 0.2556, Var: 0.0000, CStr: 0.462, Ctx: 2, Train: 92.59%, Valid: 91.78%, Test In: 92.14% Test OOD1: 71.87% 
Epoch: 40, Loss: 0.6507, Cls: 0.2576, Ind: 0.0016, Med: 0.1298, Spu: 0.0007, FD: 0.2610, Var: 0.0000, CStr: 0.460, Ctx: 2, Train: 92.57%, Valid: 91.89%, Test In: 92.19% Test OOD1: 73.10% 
Epoch: 41, Loss: 0.6376, Cls: 0.2525, Ind: 0.0015, Med: 0.1274, Spu: 0.0006, FD: 0.2555, Var: 0.0000, CStr: 0.458, Ctx: 2, Train: 92.71%, Valid: 91.90%, Test In: 92.26% Test OOD1: 73.67% 
Epoch: 42, Loss: 0.6267, Cls: 0.2481, Ind: 0.0015, Med: 0.1252, Spu: 0.0006, FD: 0.2512, Var: 0.0000, CStr: 0.457, Ctx: 2, Train: 92.79%, Valid: 91.95%, Test In: 92.24% Test OOD1: 73.46% 
Epoch: 43, Loss: 0.6232, Cls: 0.2469, Ind: 0.0014, Med: 0.1246, Spu: 0.0006, FD: 0.2498, Var: 0.0000, CStr: 0.455, Ctx: 2, Train: 92.88%, Valid: 91.95%, Test In: 92.39% Test OOD1: 73.38% 
Epoch: 44, Loss: 0.6199, Cls: 0.2455, Ind: 0.0014, Med: 0.1236, Spu: 0.0006, FD: 0.2489, Var: 0.0000, CStr: 0.454, Ctx: 2, Train: 92.99%, Valid: 92.18%, Test In: 92.47% Test OOD1: 74.26% 
Epoch: 45, Loss: 0.6130, Cls: 0.2428, Ind: 0.0014, Med: 0.1225, Spu: 0.0005, FD: 0.2458, Var: 0.0000, CStr: 0.452, Ctx: 2, Train: 93.09%, Valid: 92.20%, Test In: 92.55% Test OOD1: 75.37% 
Epoch: 46, Loss: 0.6101, Cls: 0.2417, Ind: 0.0013, Med: 0.1221, Spu: 0.0005, FD: 0.2443, Var: 0.0000, CStr: 0.451, Ctx: 2, Train: 93.15%, Valid: 92.22%, Test In: 92.67% Test OOD1: 75.08% 
Epoch: 47, Loss: 0.6055, Cls: 0.2399, Ind: 0.0013, Med: 0.1209, Spu: 0.0005, FD: 0.2428, Var: 0.0000, CStr: 0.450, Ctx: 2, Train: 93.19%, Valid: 92.26%, Test In: 92.66% Test OOD1: 74.84% 
Epoch: 48, Loss: 0.6031, Cls: 0.2390, Ind: 0.0012, Med: 0.1204, Spu: 0.0005, FD: 0.2419, Var: 0.0000, CStr: 0.449, Ctx: 2, Train: 93.22%, Valid: 92.32%, Test In: 92.63% Test OOD1: 76.10% 
Epoch: 49, Loss: 0.5848, Cls: 0.2318, Ind: 0.0011, Med: 0.1170, Spu: 0.0005, FD: 0.2344, Var: 0.0000, CStr: 0.448, Ctx: 2, Train: 93.32%, Valid: 92.34%, Test In: 92.67% Test OOD1: 76.68% 
Epoch: 50, Loss: 0.5858, Cls: 0.2321, Ind: 0.0011, Med: 0.1167, Spu: 0.0005, FD: 0.2354, Var: 0.0000, CStr: 0.447, Ctx: 2, Train: 93.42%, Valid: 92.40%, Test In: 92.74% Test OOD1: 76.68% 
Epoch: 51, Loss: 0.5871, Cls: 0.2329, Ind: 0.0011, Med: 0.1175, Spu: 0.0004, FD: 0.2352, Var: 0.0000, CStr: 0.446, Ctx: 2, Train: 93.50%, Valid: 92.41%, Test In: 92.82% Test OOD1: 76.76% 
Epoch: 52, Loss: 0.5768, Cls: 0.2286, Ind: 0.0010, Med: 0.1149, Spu: 0.0004, FD: 0.2317, Var: 0.0000, CStr: 0.445, Ctx: 2, Train: 93.50%, Valid: 92.34%, Test In: 92.70% Test OOD1: 77.51% 
Epoch: 53, Loss: 0.5851, Cls: 0.2322, Ind: 0.0010, Med: 0.1173, Spu: 0.0004, FD: 0.2343, Var: 0.0000, CStr: 0.444, Ctx: 2, Train: 93.64%, Valid: 92.45%, Test In: 92.81% Test OOD1: 77.68% 
Epoch: 54, Loss: 0.5745, Cls: 0.2279, Ind: 0.0009, Med: 0.1151, Spu: 0.0004, FD: 0.2302, Var: 0.0000, CStr: 0.443, Ctx: 2, Train: 93.73%, Valid: 92.56%, Test In: 92.91% Test OOD1: 77.65% 
Epoch: 55, Loss: 0.5731, Cls: 0.2273, Ind: 0.0008, Med: 0.1144, Spu: 0.0004, FD: 0.2301, Var: 0.0000, CStr: 0.443, Ctx: 2, Train: 93.81%, Valid: 92.79%, Test In: 92.89% Test OOD1: 78.12% 
Epoch: 56, Loss: 0.5678, Cls: 0.2253, Ind: 0.0008, Med: 0.1134, Spu: 0.0004, FD: 0.2279, Var: 0.0000, CStr: 0.442, Ctx: 2, Train: 93.87%, Valid: 92.69%, Test In: 92.85% Test OOD1: 78.62% 
Epoch: 57, Loss: 0.5591, Cls: 0.2217, Ind: 0.0008, Med: 0.1116, Spu: 0.0004, FD: 0.2245, Var: 0.0000, CStr: 0.441, Ctx: 2, Train: 93.94%, Valid: 92.82%, Test In: 92.97% Test OOD1: 79.15% 
Epoch: 58, Loss: 0.5502, Cls: 0.2183, Ind: 0.0009, Med: 0.1102, Spu: 0.0003, FD: 0.2204, Var: 0.0000, CStr: 0.441, Ctx: 2, Train: 93.91%, Valid: 92.87%, Test In: 93.06% Test OOD1: 78.95% 
Epoch: 59, Loss: 0.5488, Cls: 0.2177, Ind: 0.0009, Med: 0.1095, Spu: 0.0003, FD: 0.2204, Var: 0.0000, CStr: 0.440, Ctx: 2, Train: 93.97%, Valid: 92.83%, Test In: 93.03% Test OOD1: 79.70% 
Epoch: 60, Loss: 0.5564, Cls: 0.2208, Ind: 0.0009, Med: 0.1111, Spu: 0.0003, FD: 0.2233, Var: 0.0000, CStr: 0.439, Ctx: 2, Train: 94.04%, Valid: 92.89%, Test In: 93.08% Test OOD1: 79.55% 
Epoch: 61, Loss: 0.5468, Cls: 0.2170, Ind: 0.0009, Med: 0.1094, Spu: 0.0003, FD: 0.2193, Var: 0.0000, CStr: 0.438, Ctx: 2, Train: 94.12%, Valid: 93.01%, Test In: 93.09% Test OOD1: 80.02% 
Epoch: 62, Loss: 0.5380, Cls: 0.2136, Ind: 0.0009, Med: 0.1078, Spu: 0.0003, FD: 0.2155, Var: 0.0000, CStr: 0.438, Ctx: 2, Train: 94.24%, Valid: 93.04%, Test In: 93.18% Test OOD1: 79.99% 
Epoch: 63, Loss: 0.5351, Cls: 0.2123, Ind: 0.0009, Med: 0.1069, Spu: 0.0003, FD: 0.2147, Var: 0.0000, CStr: 0.437, Ctx: 2, Train: 94.36%, Valid: 93.06%, Test In: 93.33% Test OOD1: 79.75% 
Epoch: 64, Loss: 0.5299, Cls: 0.2102, Ind: 0.0008, Med: 0.1058, Spu: 0.0003, FD: 0.2128, Var: 0.0000, CStr: 0.436, Ctx: 2, Train: 94.35%, Valid: 93.08%, Test In: 93.24% Test OOD1: 80.85% 
Epoch: 65, Loss: 0.5208, Cls: 0.2066, Ind: 0.0009, Med: 0.1042, Spu: 0.0003, FD: 0.2088, Var: 0.0000, CStr: 0.436, Ctx: 2, Train: 94.46%, Valid: 93.13%, Test In: 93.34% Test OOD1: 80.84% 
Epoch: 66, Loss: 0.5190, Cls: 0.2059, Ind: 0.0009, Med: 0.1037, Spu: 0.0003, FD: 0.2082, Var: 0.0000, CStr: 0.435, Ctx: 2, Train: 94.54%, Valid: 93.10%, Test In: 93.40% Test OOD1: 80.95% 
Epoch: 67, Loss: 0.5225, Cls: 0.2074, Ind: 0.0009, Med: 0.1046, Spu: 0.0003, FD: 0.2093, Var: 0.0000, CStr: 0.434, Ctx: 2, Train: 94.52%, Valid: 93.22%, Test In: 93.39% Test OOD1: 81.36% 
Epoch: 68, Loss: 0.5136, Cls: 0.2038, Ind: 0.0009, Med: 0.1027, Spu: 0.0003, FD: 0.2060, Var: 0.0000, CStr: 0.434, Ctx: 2, Train: 94.51%, Valid: 93.26%, Test In: 93.45% Test OOD1: 81.33% 
Epoch: 69, Loss: 0.5138, Cls: 0.2037, Ind: 0.0009, Med: 0.1024, Spu: 0.0003, FD: 0.2066, Var: 0.0000, CStr: 0.433, Ctx: 2, Train: 94.60%, Valid: 93.30%, Test In: 93.54% Test OOD1: 81.24% 
Epoch: 70, Loss: 0.5045, Cls: 0.2001, Ind: 0.0009, Med: 0.1008, Spu: 0.0002, FD: 0.2025, Var: 0.0000, CStr: 0.433, Ctx: 2, Train: 94.69%, Valid: 93.32%, Test In: 93.57% Test OOD1: 81.37% 
Epoch: 71, Loss: 0.4973, Cls: 0.1973, Ind: 0.0009, Med: 0.0994, Spu: 0.0002, FD: 0.1995, Var: 0.0000, CStr: 0.432, Ctx: 2, Train: 94.74%, Valid: 93.40%, Test In: 93.53% Test OOD1: 81.43% 
Epoch: 72, Loss: 0.5035, Cls: 0.1999, Ind: 0.0008, Med: 0.1008, Spu: 0.0002, FD: 0.2017, Var: 0.0000, CStr: 0.432, Ctx: 2, Train: 94.90%, Valid: 93.41%, Test In: 93.54% Test OOD1: 81.67% 
Epoch: 73, Loss: 0.4878, Cls: 0.1936, Ind: 0.0009, Med: 0.0977, Spu: 0.0002, FD: 0.1954, Var: 0.0000, CStr: 0.431, Ctx: 2, Train: 94.91%, Valid: 93.44%, Test In: 93.58% Test OOD1: 82.04% 
Epoch: 74, Loss: 0.4938, Cls: 0.1959, Ind: 0.0009, Med: 0.0987, Spu: 0.0002, FD: 0.1980, Var: 0.0000, CStr: 0.431, Ctx: 2, Train: 94.93%, Valid: 93.46%, Test In: 93.57% Test OOD1: 81.70% 
Epoch: 75, Loss: 0.4876, Cls: 0.1934, Ind: 0.0009, Med: 0.0972, Spu: 0.0002, FD: 0.1959, Var: 0.0000, CStr: 0.430, Ctx: 2, Train: 95.17%, Valid: 93.64%, Test In: 93.63% Test OOD1: 81.50% 
Epoch: 76, Loss: 0.4868, Cls: 0.1931, Ind: 0.0008, Med: 0.0971, Spu: 0.0002, FD: 0.1955, Var: 0.0000, CStr: 0.430, Ctx: 2, Train: 95.18%, Valid: 93.55%, Test In: 93.49% Test OOD1: 82.08% 
Epoch: 77, Loss: 0.4844, Cls: 0.1923, Ind: 0.0008, Med: 0.0972, Spu: 0.0002, FD: 0.1938, Var: 0.0000, CStr: 0.429, Ctx: 2, Train: 95.06%, Valid: 93.56%, Test In: 93.49% Test OOD1: 81.77% 
Epoch: 78, Loss: 0.4775, Cls: 0.1895, Ind: 0.0009, Med: 0.0958, Spu: 0.0002, FD: 0.1911, Var: 0.0000, CStr: 0.428, Ctx: 2, Train: 95.27%, Valid: 93.74%, Test In: 93.75% Test OOD1: 80.14% 
Epoch: 79, Loss: 0.4740, Cls: 0.1880, Ind: 0.0008, Med: 0.0945, Spu: 0.0002, FD: 0.1904, Var: 0.0000, CStr: 0.428, Ctx: 2, Train: 95.29%, Valid: 93.60%, Test In: 93.58% Test OOD1: 81.26% 
Epoch: 80, Loss: 0.4723, Cls: 0.1875, Ind: 0.0008, Med: 0.0946, Spu: 0.0002, FD: 0.1892, Var: 0.0000, CStr: 0.427, Ctx: 2, Train: 95.33%, Valid: 93.80%, Test In: 93.71% Test OOD1: 80.10% 
Epoch: 81, Loss: 0.4710, Cls: 0.1870, Ind: 0.0009, Med: 0.0943, Spu: 0.0002, FD: 0.1887, Var: 0.0000, CStr: 0.426, Ctx: 2, Train: 95.33%, Valid: 93.80%, Test In: 93.76% Test OOD1: 80.11% 
Epoch: 82, Loss: 0.4649, Cls: 0.1845, Ind: 0.0009, Med: 0.0930, Spu: 0.0002, FD: 0.1863, Var: 0.0000, CStr: 0.426, Ctx: 2, Train: 95.53%, Valid: 93.80%, Test In: 93.79% Test OOD1: 80.85% 
Epoch: 83, Loss: 0.4648, Cls: 0.1846, Ind: 0.0008, Med: 0.0932, Spu: 0.0002, FD: 0.1860, Var: 0.0000, CStr: 0.425, Ctx: 2, Train: 95.66%, Valid: 93.85%, Test In: 93.87% Test OOD1: 81.03% 
Epoch: 84, Loss: 0.4506, Cls: 0.1788, Ind: 0.0008, Med: 0.0901, Spu: 0.0002, FD: 0.1806, Var: 0.0000, CStr: 0.424, Ctx: 2, Train: 95.68%, Valid: 93.79%, Test In: 93.80% Test OOD1: 81.33% 
Epoch: 85, Loss: 0.4563, Cls: 0.1811, Ind: 0.0008, Med: 0.0910, Spu: 0.0002, FD: 0.1832, Var: 0.0000, CStr: 0.424, Ctx: 2, Train: 95.83%, Valid: 93.96%, Test In: 93.84% Test OOD1: 81.94% 
Epoch: 86, Loss: 0.4502, Cls: 0.1786, Ind: 0.0008, Med: 0.0897, Spu: 0.0002, FD: 0.1810, Var: 0.0000, CStr: 0.423, Ctx: 2, Train: 95.84%, Valid: 93.81%, Test In: 93.85% Test OOD1: 82.59% 
Epoch: 87, Loss: 0.4445, Cls: 0.1764, Ind: 0.0008, Med: 0.0888, Spu: 0.0002, FD: 0.1783, Var: 0.0000, CStr: 0.422, Ctx: 2, Train: 95.88%, Valid: 94.08%, Test In: 94.03% Test OOD1: 81.12% 
Epoch: 88, Loss: 0.4489, Cls: 0.1782, Ind: 0.0008, Med: 0.0896, Spu: 0.0002, FD: 0.1801, Var: 0.0000, CStr: 0.421, Ctx: 2, Train: 95.80%, Valid: 93.81%, Test In: 93.87% Test OOD1: 82.85% 
Epoch: 89, Loss: 0.4433, Cls: 0.1759, Ind: 0.0008, Med: 0.0884, Spu: 0.0002, FD: 0.1780, Var: 0.0000, CStr: 0.421, Ctx: 2, Train: 96.01%, Valid: 94.18%, Test In: 94.04% Test OOD1: 81.25% 
Epoch: 90, Loss: 0.4354, Cls: 0.1729, Ind: 0.0008, Med: 0.0873, Spu: 0.0002, FD: 0.1742, Var: 0.0000, CStr: 0.420, Ctx: 2, Train: 95.74%, Valid: 93.67%, Test In: 93.68% Test OOD1: 82.88% 
Epoch: 91, Loss: 0.4416, Cls: 0.1753, Ind: 0.0007, Med: 0.0883, Spu: 0.0002, FD: 0.1771, Var: 0.0000, CStr: 0.419, Ctx: 2, Train: 96.13%, Valid: 94.21%, Test In: 94.12% Test OOD1: 80.59% 
Epoch: 92, Loss: 0.4331, Cls: 0.1718, Ind: 0.0007, Med: 0.0862, Spu: 0.0001, FD: 0.1741, Var: 0.0000, CStr: 0.418, Ctx: 2, Train: 95.95%, Valid: 93.93%, Test In: 93.71% Test OOD1: 83.34% 
Epoch: 93, Loss: 0.4253, Cls: 0.1688, Ind: 0.0007, Med: 0.0850, Spu: 0.0001, FD: 0.1706, Var: 0.0000, CStr: 0.418, Ctx: 2, Train: 96.26%, Valid: 94.16%, Test In: 94.19% Test OOD1: 81.78% 
Epoch: 94, Loss: 0.4257, Cls: 0.1690, Ind: 0.0007, Med: 0.0851, Spu: 0.0001, FD: 0.1707, Var: 0.0000, CStr: 0.417, Ctx: 2, Train: 96.37%, Valid: 94.32%, Test In: 94.25% Test OOD1: 81.61% 
Epoch: 95, Loss: 0.4150, Cls: 0.1648, Ind: 0.0007, Med: 0.0829, Spu: 0.0001, FD: 0.1665, Var: 0.0000, CStr: 0.416, Ctx: 2, Train: 96.30%, Valid: 94.14%, Test In: 94.01% Test OOD1: 82.90% 
Epoch: 96, Loss: 0.4245, Cls: 0.1685, Ind: 0.0007, Med: 0.0846, Spu: 0.0001, FD: 0.1707, Var: 0.0000, CStr: 0.415, Ctx: 2, Train: 96.43%, Valid: 94.37%, Test In: 94.18% Test OOD1: 81.02% 
Epoch: 97, Loss: 0.4155, Cls: 0.1650, Ind: 0.0007, Med: 0.0830, Spu: 0.0001, FD: 0.1667, Var: 0.0000, CStr: 0.415, Ctx: 2, Train: 96.27%, Valid: 94.01%, Test In: 93.89% Test OOD1: 83.37% 
Epoch: 98, Loss: 0.4160, Cls: 0.1651, Ind: 0.0007, Med: 0.0830, Spu: 0.0001, FD: 0.1670, Var: 0.0000, CStr: 0.414, Ctx: 2, Train: 96.56%, Valid: 94.37%, Test In: 94.26% Test OOD1: 81.38% 
Epoch: 99, Loss: 0.4049, Cls: 0.1608, Ind: 0.0007, Med: 0.0809, Spu: 0.0001, FD: 0.1623, Var: 0.0000, CStr: 0.413, Ctx: 2, Train: 96.50%, Valid: 94.26%, Test In: 94.09% Test OOD1: 82.41% 
Epoch: 100, Loss: 0.4017, Cls: 0.1594, Ind: 0.0007, Med: 0.0801, Spu: 0.0001, FD: 0.1613, Var: 0.0000, CStr: 0.412, Ctx: 2, Train: 96.65%, Valid: 94.32%, Test In: 94.21% Test OOD1: 82.55% 
Epoch: 101, Loss: 0.4009, Cls: 0.1592, Ind: 0.0006, Med: 0.0801, Spu: 0.0001, FD: 0.1609, Var: 0.0000, CStr: 0.411, Ctx: 2, Train: 96.73%, Valid: 94.48%, Test In: 94.33% Test OOD1: 81.76% 
Epoch: 102, Loss: 0.3924, Cls: 0.1557, Ind: 0.0006, Med: 0.0781, Spu: 0.0001, FD: 0.1578, Var: 0.0000, CStr: 0.410, Ctx: 2, Train: 96.87%, Valid: 94.46%, Test In: 94.25% Test OOD1: 81.54% 
Epoch: 103, Loss: 0.3912, Cls: 0.1552, Ind: 0.0006, Med: 0.0778, Spu: 0.0001, FD: 0.1575, Var: 0.0000, CStr: 0.409, Ctx: 2, Train: 96.87%, Valid: 94.46%, Test In: 94.31% Test OOD1: 82.11% 
Epoch: 104, Loss: 0.3968, Cls: 0.1576, Ind: 0.0007, Med: 0.0794, Spu: 0.0001, FD: 0.1591, Var: 0.0000, CStr: 0.409, Ctx: 2, Train: 96.91%, Valid: 94.50%, Test In: 94.29% Test OOD1: 81.17% 
Epoch: 105, Loss: 0.3898, Cls: 0.1548, Ind: 0.0006, Med: 0.0781, Spu: 0.0001, FD: 0.1561, Var: 0.0000, CStr: 0.408, Ctx: 2, Train: 96.85%, Valid: 94.43%, Test In: 94.27% Test OOD1: 82.69% 
Epoch: 106, Loss: 0.3800, Cls: 0.1509, Ind: 0.0006, Med: 0.0760, Spu: 0.0001, FD: 0.1523, Var: 0.0000, CStr: 0.407, Ctx: 2, Train: 97.07%, Valid: 94.64%, Test In: 94.58% Test OOD1: 82.26% 
Epoch: 107, Loss: 0.3839, Cls: 0.1525, Ind: 0.0006, Med: 0.0767, Spu: 0.0001, FD: 0.1540, Var: 0.0000, CStr: 0.407, Ctx: 2, Train: 96.84%, Valid: 94.37%, Test In: 94.08% Test OOD1: 83.09% 
Epoch: 108, Loss: 0.3879, Cls: 0.1540, Ind: 0.0006, Med: 0.0773, Spu: 0.0001, FD: 0.1559, Var: 0.0000, CStr: 0.406, Ctx: 2, Train: 97.23%, Valid: 94.83%, Test In: 94.75% Test OOD1: 81.72% 
Epoch: 109, Loss: 0.3732, Cls: 0.1482, Ind: 0.0006, Med: 0.0745, Spu: 0.0001, FD: 0.1498, Var: 0.0000, CStr: 0.406, Ctx: 2, Train: 96.87%, Valid: 94.31%, Test In: 94.24% Test OOD1: 83.73% 
Epoch: 110, Loss: 0.3811, Cls: 0.1514, Ind: 0.0006, Med: 0.0761, Spu: 0.0001, FD: 0.1530, Var: 0.0000, CStr: 0.405, Ctx: 2, Train: 97.13%, Valid: 94.68%, Test In: 94.45% Test OOD1: 80.97% 
Epoch: 111, Loss: 0.3893, Cls: 0.1546, Ind: 0.0006, Med: 0.0775, Spu: 0.0001, FD: 0.1565, Var: 0.0000, CStr: 0.405, Ctx: 2, Train: 96.75%, Valid: 94.22%, Test In: 94.04% Test OOD1: 83.93% 
Epoch: 112, Loss: 0.3829, Cls: 0.1521, Ind: 0.0005, Med: 0.0765, Spu: 0.0001, FD: 0.1537, Var: 0.0000, CStr: 0.405, Ctx: 2, Train: 97.41%, Valid: 94.85%, Test In: 94.69% Test OOD1: 80.11% 
Epoch: 113, Loss: 0.3790, Cls: 0.1505, Ind: 0.0005, Med: 0.0756, Spu: 0.0001, FD: 0.1523, Var: 0.0000, CStr: 0.405, Ctx: 2, Train: 96.81%, Valid: 94.16%, Test In: 93.98% Test OOD1: 84.70% 
Epoch: 114, Loss: 0.3760, Cls: 0.1493, Ind: 0.0005, Med: 0.0750, Spu: 0.0001, FD: 0.1511, Var: 0.0000, CStr: 0.405, Ctx: 2, Train: 97.47%, Valid: 94.83%, Test In: 94.88% Test OOD1: 81.37% 
Epoch: 115, Loss: 0.3674, Cls: 0.1460, Ind: 0.0005, Med: 0.0735, Spu: 0.0001, FD: 0.1473, Var: 0.0000, CStr: 0.405, Ctx: 2, Train: 97.32%, Valid: 94.76%, Test In: 94.52% Test OOD1: 82.85% 
Epoch: 116, Loss: 0.3688, Cls: 0.1466, Ind: 0.0005, Med: 0.0738, Spu: 0.0001, FD: 0.1479, Var: 0.0000, CStr: 0.405, Ctx: 2, Train: 97.02%, Valid: 94.48%, Test In: 94.26% Test OOD1: 84.69% 
Epoch: 117, Loss: 0.3634, Cls: 0.1443, Ind: 0.0005, Med: 0.0725, Spu: 0.0001, FD: 0.1459, Var: 0.0000, CStr: 0.405, Ctx: 2, Train: 97.55%, Valid: 95.10%, Test In: 94.89% Test OOD1: 80.52% 
Epoch: 118, Loss: 0.3562, Cls: 0.1415, Ind: 0.0005, Med: 0.0711, Spu: 0.0001, FD: 0.1430, Var: 0.0000, CStr: 0.405, Ctx: 2, Train: 97.62%, Valid: 95.07%, Test In: 94.81% Test OOD1: 81.92% 
Epoch: 119, Loss: 0.3580, Cls: 0.1422, Ind: 0.0005, Med: 0.0714, Spu: 0.0001, FD: 0.1438, Var: 0.0000, CStr: 0.405, Ctx: 2, Train: 97.17%, Valid: 94.64%, Test In: 94.53% Test OOD1: 83.93% 
Epoch: 120, Loss: 0.3491, Cls: 0.1387, Ind: 0.0005, Med: 0.0699, Spu: 0.0001, FD: 0.1399, Var: 0.0000, CStr: 0.405, Ctx: 2, Train: 97.68%, Valid: 95.21%, Test In: 94.92% Test OOD1: 79.99% 
Epoch: 121, Loss: 0.3556, Cls: 0.1414, Ind: 0.0004, Med: 0.0712, Spu: 0.0001, FD: 0.1425, Var: 0.0000, CStr: 0.405, Ctx: 2, Train: 97.61%, Valid: 94.90%, Test In: 94.74% Test OOD1: 82.84% 
Epoch: 122, Loss: 0.3365, Cls: 0.1337, Ind: 0.0004, Med: 0.0672, Spu: 0.0001, FD: 0.1351, Var: 0.0000, CStr: 0.405, Ctx: 2, Train: 97.37%, Valid: 94.69%, Test In: 94.52% Test OOD1: 84.51% 
Epoch: 123, Loss: 0.3506, Cls: 0.1393, Ind: 0.0004, Med: 0.0701, Spu: 0.0001, FD: 0.1407, Var: 0.0000, CStr: 0.405, Ctx: 2, Train: 97.99%, Valid: 95.18%, Test In: 94.94% Test OOD1: 81.28% 
Epoch: 124, Loss: 0.3484, Cls: 0.1385, Ind: 0.0004, Med: 0.0697, Spu: 0.0001, FD: 0.1398, Var: 0.0000, CStr: 0.405, Ctx: 2, Train: 97.74%, Valid: 95.10%, Test In: 94.83% Test OOD1: 83.81% 
Epoch: 125, Loss: 0.3381, Cls: 0.1345, Ind: 0.0004, Med: 0.0677, Spu: 0.0001, FD: 0.1354, Var: 0.0000, CStr: 0.405, Ctx: 2, Train: 97.63%, Valid: 94.90%, Test In: 94.64% Test OOD1: 84.39% 
Epoch: 126, Loss: 0.3380, Cls: 0.1343, Ind: 0.0004, Med: 0.0675, Spu: 0.0001, FD: 0.1357, Var: 0.0000, CStr: 0.406, Ctx: 2, Train: 97.99%, Valid: 95.31%, Test In: 95.16% Test OOD1: 81.44% 
Epoch: 127, Loss: 0.3377, Cls: 0.1342, Ind: 0.0004, Med: 0.0673, Spu: 0.0001, FD: 0.1358, Var: 0.0000, CStr: 0.406, Ctx: 2, Train: 97.79%, Valid: 95.10%, Test In: 94.96% Test OOD1: 84.64% 
Epoch: 128, Loss: 0.3292, Cls: 0.1309, Ind: 0.0004, Med: 0.0660, Spu: 0.0001, FD: 0.1319, Var: 0.0000, CStr: 0.406, Ctx: 2, Train: 97.70%, Valid: 94.81%, Test In: 94.66% Test OOD1: 85.44% 
Epoch: 129, Loss: 0.3320, Cls: 0.1319, Ind: 0.0004, Med: 0.0662, Spu: 0.0001, FD: 0.1334, Var: 0.0000, CStr: 0.406, Ctx: 2, Train: 98.09%, Valid: 95.30%, Test In: 95.23% Test OOD1: 81.08% 
Epoch: 130, Loss: 0.3520, Cls: 0.1398, Ind: 0.0004, Med: 0.0701, Spu: 0.0001, FD: 0.1416, Var: 0.0000, CStr: 0.407, Ctx: 2, Train: 97.91%, Valid: 95.01%, Test In: 94.91% Test OOD1: 84.76% 
Epoch: 131, Loss: 0.3205, Cls: 0.1273, Ind: 0.0004, Med: 0.0640, Spu: 0.0001, FD: 0.1288, Var: 0.0000, CStr: 0.407, Ctx: 2, Train: 97.83%, Valid: 95.02%, Test In: 94.75% Test OOD1: 85.20% 
Epoch: 132, Loss: 0.3304, Cls: 0.1313, Ind: 0.0004, Med: 0.0660, Spu: 0.0001, FD: 0.1327, Var: 0.0000, CStr: 0.407, Ctx: 2, Train: 98.14%, Valid: 95.25%, Test In: 95.23% Test OOD1: 80.96% 
Epoch: 133, Loss: 0.3323, Cls: 0.1321, Ind: 0.0004, Med: 0.0663, Spu: 0.0001, FD: 0.1335, Var: 0.0000, CStr: 0.407, Ctx: 2, Train: 98.07%, Valid: 95.37%, Test In: 95.20% Test OOD1: 84.01% 
Epoch: 134, Loss: 0.3156, Cls: 0.1254, Ind: 0.0003, Med: 0.0628, Spu: 0.0001, FD: 0.1271, Var: 0.0000, CStr: 0.408, Ctx: 2, Train: 97.77%, Valid: 94.81%, Test In: 94.65% Test OOD1: 85.82% 
Epoch: 135, Loss: 0.3189, Cls: 0.1268, Ind: 0.0003, Med: 0.0639, Spu: 0.0001, FD: 0.1278, Var: 0.0000, CStr: 0.408, Ctx: 2, Train: 98.27%, Valid: 95.47%, Test In: 95.32% Test OOD1: 81.65% 
Epoch: 136, Loss: 0.3234, Cls: 0.1287, Ind: 0.0003, Med: 0.0648, Spu: 0.0001, FD: 0.1296, Var: 0.0000, CStr: 0.408, Ctx: 2, Train: 98.40%, Valid: 95.58%, Test In: 95.42% Test OOD1: 83.85% 
Epoch: 137, Loss: 0.3105, Cls: 0.1234, Ind: 0.0003, Med: 0.0620, Spu: 0.0001, FD: 0.1247, Var: 0.0000, CStr: 0.408, Ctx: 2, Train: 97.82%, Valid: 94.78%, Test In: 94.72% Test OOD1: 86.56% 
Epoch: 138, Loss: 0.3240, Cls: 0.1288, Ind: 0.0003, Med: 0.0646, Spu: 0.0000, FD: 0.1302, Var: 0.0000, CStr: 0.409, Ctx: 2, Train: 98.40%, Valid: 95.55%, Test In: 95.41% Test OOD1: 83.74% 
Epoch: 139, Loss: 0.3054, Cls: 0.1213, Ind: 0.0003, Med: 0.0607, Spu: 0.0000, FD: 0.1230, Var: 0.0000, CStr: 0.409, Ctx: 2, Train: 98.51%, Valid: 95.68%, Test In: 95.46% Test OOD1: 83.42% 
Epoch: 140, Loss: 0.3048, Cls: 0.1212, Ind: 0.0003, Med: 0.0609, Spu: 0.0000, FD: 0.1224, Var: 0.0000, CStr: 0.409, Ctx: 2, Train: 98.10%, Valid: 95.01%, Test In: 94.89% Test OOD1: 86.95% 
Epoch: 141, Loss: 0.3093, Cls: 0.1229, Ind: 0.0003, Med: 0.0616, Spu: 0.0000, FD: 0.1244, Var: 0.0000, CStr: 0.409, Ctx: 2, Train: 98.52%, Valid: 95.62%, Test In: 95.53% Test OOD1: 85.06% 
Epoch: 142, Loss: 0.3043, Cls: 0.1209, Ind: 0.0003, Med: 0.0605, Spu: 0.0000, FD: 0.1226, Var: 0.0000, CStr: 0.410, Ctx: 2, Train: 98.54%, Valid: 95.62%, Test In: 95.55% Test OOD1: 84.57% 
Epoch: 143, Loss: 0.3021, Cls: 0.1200, Ind: 0.0003, Med: 0.0602, Spu: 0.0000, FD: 0.1215, Var: 0.0000, CStr: 0.410, Ctx: 2, Train: 98.28%, Valid: 95.31%, Test In: 95.14% Test OOD1: 86.48% 
Epoch: 144, Loss: 0.3025, Cls: 0.1203, Ind: 0.0003, Med: 0.0606, Spu: 0.0000, FD: 0.1213, Var: 0.0000, CStr: 0.410, Ctx: 2, Train: 98.52%, Valid: 95.58%, Test In: 95.36% Test OOD1: 85.75% 
Epoch: 145, Loss: 0.2854, Cls: 0.1135, Ind: 0.0003, Med: 0.0572, Spu: 0.0000, FD: 0.1143, Var: 0.0000, CStr: 0.410, Ctx: 2, Train: 98.68%, Valid: 95.74%, Test In: 95.62% Test OOD1: 84.03% 
Epoch: 146, Loss: 0.2846, Cls: 0.1131, Ind: 0.0003, Med: 0.0569, Spu: 0.0000, FD: 0.1142, Var: 0.0000, CStr: 0.410, Ctx: 2, Train: 98.57%, Valid: 95.56%, Test In: 95.30% Test OOD1: 85.55% 
Epoch: 147, Loss: 0.2964, Cls: 0.1178, Ind: 0.0003, Med: 0.0591, Spu: 0.0000, FD: 0.1191, Var: 0.0000, CStr: 0.410, Ctx: 2, Train: 98.61%, Valid: 95.74%, Test In: 95.50% Test OOD1: 85.64% 
Epoch: 148, Loss: 0.2945, Cls: 0.1171, Ind: 0.0003, Med: 0.0589, Spu: 0.0000, FD: 0.1182, Var: 0.0000, CStr: 0.410, Ctx: 2, Train: 98.82%, Valid: 95.82%, Test In: 95.84% Test OOD1: 84.03% 
Epoch: 149, Loss: 0.2884, Cls: 0.1146, Ind: 0.0003, Med: 0.0575, Spu: 0.0000, FD: 0.1159, Var: 0.0000, CStr: 0.410, Ctx: 2, Train: 98.75%, Valid: 95.77%, Test In: 95.60% Test OOD1: 86.07% 
Epoch: 150, Loss: 0.2826, Cls: 0.1123, Ind: 0.0002, Med: 0.0563, Spu: 0.0000, FD: 0.1138, Var: 0.0000, CStr: 0.410, Ctx: 2, Train: 98.58%, Valid: 95.75%, Test In: 95.44% Test OOD1: 86.96% 
Epoch: 151, Loss: 0.2808, Cls: 0.1117, Ind: 0.0003, Med: 0.0563, Spu: 0.0000, FD: 0.1125, Var: 0.0000, CStr: 0.410, Ctx: 2, Train: 98.67%, Valid: 95.65%, Test In: 95.61% Test OOD1: 84.48% 
Epoch: 152, Loss: 0.2889, Cls: 0.1148, Ind: 0.0003, Med: 0.0574, Spu: 0.0000, FD: 0.1164, Var: 0.0000, CStr: 0.410, Ctx: 2, Train: 98.76%, Valid: 95.90%, Test In: 95.53% Test OOD1: 85.58% 
Epoch: 153, Loss: 0.2864, Cls: 0.1138, Ind: 0.0003, Med: 0.0570, Spu: 0.0000, FD: 0.1153, Var: 0.0000, CStr: 0.410, Ctx: 2, Train: 98.57%, Valid: 95.49%, Test In: 95.21% Test OOD1: 87.25% 
Epoch: 154, Loss: 0.2877, Cls: 0.1144, Ind: 0.0003, Med: 0.0575, Spu: 0.0000, FD: 0.1155, Var: 0.0000, CStr: 0.410, Ctx: 2, Train: 98.93%, Valid: 96.08%, Test In: 95.77% Test OOD1: 85.43% 
Epoch: 155, Loss: 0.2819, Cls: 0.1122, Ind: 0.0002, Med: 0.0565, Spu: 0.0000, FD: 0.1129, Var: 0.0000, CStr: 0.410, Ctx: 2, Train: 98.88%, Valid: 96.04%, Test In: 95.79% Test OOD1: 85.73% 
Epoch: 156, Loss: 0.2728, Cls: 0.1085, Ind: 0.0002, Med: 0.0544, Spu: 0.0000, FD: 0.1096, Var: 0.0000, CStr: 0.410, Ctx: 2, Train: 98.77%, Valid: 95.66%, Test In: 95.44% Test OOD1: 87.27% 
Epoch: 157, Loss: 0.2795, Cls: 0.1111, Ind: 0.0002, Med: 0.0558, Spu: 0.0000, FD: 0.1123, Var: 0.0000, CStr: 0.410, Ctx: 2, Train: 99.07%, Valid: 96.08%, Test In: 96.05% Test OOD1: 85.17% 
Epoch: 158, Loss: 0.2716, Cls: 0.1080, Ind: 0.0002, Med: 0.0541, Spu: 0.0000, FD: 0.1093, Var: 0.0000, CStr: 0.410, Ctx: 2, Train: 99.03%, Valid: 96.09%, Test In: 95.96% Test OOD1: 85.05% 
Epoch: 159, Loss: 0.2779, Cls: 0.1104, Ind: 0.0002, Med: 0.0553, Spu: 0.0000, FD: 0.1119, Var: 0.0000, CStr: 0.410, Ctx: 2, Train: 98.65%, Valid: 95.56%, Test In: 95.39% Test OOD1: 86.41% 
Epoch: 160, Loss: 0.2775, Cls: 0.1103, Ind: 0.0002, Med: 0.0553, Spu: 0.0000, FD: 0.1117, Var: 0.0000, CStr: 0.410, Ctx: 2, Train: 98.87%, Valid: 95.90%, Test In: 95.72% Test OOD1: 85.21% 
Epoch: 161, Loss: 0.2696, Cls: 0.1072, Ind: 0.0002, Med: 0.0539, Spu: 0.0000, FD: 0.1083, Var: 0.0000, CStr: 0.410, Ctx: 2, Train: 99.00%, Valid: 95.88%, Test In: 95.94% Test OOD1: 85.34% 
Epoch: 162, Loss: 0.2625, Cls: 0.1044, Ind: 0.0002, Med: 0.0526, Spu: 0.0000, FD: 0.1052, Var: 0.0000, CStr: 0.410, Ctx: 2, Train: 98.88%, Valid: 95.73%, Test In: 95.58% Test OOD1: 87.86% 
Epoch: 163, Loss: 0.2691, Cls: 0.1069, Ind: 0.0002, Med: 0.0536, Spu: 0.0000, FD: 0.1084, Var: 0.0000, CStr: 0.410, Ctx: 2, Train: 99.16%, Valid: 96.13%, Test In: 96.05% Test OOD1: 85.83% 
Epoch: 164, Loss: 0.2719, Cls: 0.1081, Ind: 0.0002, Med: 0.0542, Spu: 0.0000, FD: 0.1093, Var: 0.0000, CStr: 0.410, Ctx: 2, Train: 99.01%, Valid: 96.01%, Test In: 95.87% Test OOD1: 86.89% 
Epoch: 165, Loss: 0.2648, Cls: 0.1052, Ind: 0.0002, Med: 0.0527, Spu: 0.0000, FD: 0.1066, Var: 0.0000, CStr: 0.410, Ctx: 2, Train: 99.04%, Valid: 95.88%, Test In: 95.77% Test OOD1: 87.91% 
Epoch: 166, Loss: 0.2671, Cls: 0.1062, Ind: 0.0002, Med: 0.0533, Spu: 0.0000, FD: 0.1073, Var: 0.0000, CStr: 0.410, Ctx: 2, Train: 99.14%, Valid: 96.17%, Test In: 96.08% Test OOD1: 85.91% 
Epoch: 167, Loss: 0.2666, Cls: 0.1060, Ind: 0.0002, Med: 0.0531, Spu: 0.0000, FD: 0.1072, Var: 0.0000, CStr: 0.410, Ctx: 2, Train: 99.06%, Valid: 95.93%, Test In: 95.81% Test OOD1: 87.50% 
Epoch: 168, Loss: 0.2535, Cls: 0.1008, Ind: 0.0002, Med: 0.0507, Spu: 0.0000, FD: 0.1018, Var: 0.0000, CStr: 0.410, Ctx: 2, Train: 99.08%, Valid: 96.06%, Test In: 95.74% Test OOD1: 88.47% 
Epoch: 169, Loss: 0.2592, Cls: 0.1032, Ind: 0.0002, Med: 0.0520, Spu: 0.0000, FD: 0.1038, Var: 0.0000, CStr: 0.410, Ctx: 2, Train: 99.25%, Valid: 96.23%, Test In: 96.17% Test OOD1: 85.97% 
Epoch: 170, Loss: 0.2581, Cls: 0.1026, Ind: 0.0002, Med: 0.0516, Spu: 0.0000, FD: 0.1037, Var: 0.0000, CStr: 0.410, Ctx: 2, Train: 99.17%, Valid: 96.09%, Test In: 96.00% Test OOD1: 88.34% 
Epoch: 171, Loss: 0.2505, Cls: 0.0995, Ind: 0.0002, Med: 0.0499, Spu: 0.0000, FD: 0.1008, Var: 0.0000, CStr: 0.410, Ctx: 2, Train: 99.15%, Valid: 96.14%, Test In: 96.06% Test OOD1: 88.13% 
Epoch: 172, Loss: 0.2564, Cls: 0.1019, Ind: 0.0002, Med: 0.0511, Spu: 0.0000, FD: 0.1032, Var: 0.0000, CStr: 0.410, Ctx: 2, Train: 99.26%, Valid: 96.17%, Test In: 96.15% Test OOD1: 85.44% 
Epoch: 173, Loss: 0.2538, Cls: 0.1009, Ind: 0.0002, Med: 0.0505, Spu: 0.0000, FD: 0.1022, Var: 0.0000, CStr: 0.410, Ctx: 2, Train: 99.18%, Valid: 96.23%, Test In: 95.95% Test OOD1: 87.77% 
Epoch: 174, Loss: 0.2454, Cls: 0.0975, Ind: 0.0002, Med: 0.0490, Spu: 0.0000, FD: 0.0986, Var: 0.0000, CStr: 0.410, Ctx: 2, Train: 99.22%, Valid: 96.33%, Test In: 95.98% Test OOD1: 87.29% 
Epoch: 175, Loss: 0.2423, Cls: 0.0963, Ind: 0.0002, Med: 0.0484, Spu: 0.0000, FD: 0.0974, Var: 0.0000, CStr: 0.410, Ctx: 2, Train: 99.25%, Valid: 96.27%, Test In: 96.28% Test OOD1: 85.12% 
Epoch: 176, Loss: 0.2545, Cls: 0.1011, Ind: 0.0002, Med: 0.0504, Spu: 0.0000, FD: 0.1027, Var: 0.0000, CStr: 0.410, Ctx: 2, Train: 99.19%, Valid: 96.13%, Test In: 95.69% Test OOD1: 88.47% 
Epoch: 177, Loss: 0.2446, Cls: 0.0973, Ind: 0.0002, Med: 0.0490, Spu: 0.0000, FD: 0.0981, Var: 0.0000, CStr: 0.410, Ctx: 2, Train: 99.41%, Valid: 96.36%, Test In: 96.27% Test OOD1: 86.68% 
Epoch: 178, Loss: 0.2320, Cls: 0.0922, Ind: 0.0002, Med: 0.0461, Spu: 0.0000, FD: 0.0935, Var: 0.0000, CStr: 0.410, Ctx: 2, Train: 99.38%, Valid: 96.39%, Test In: 96.31% Test OOD1: 85.97% 
Epoch: 179, Loss: 0.2413, Cls: 0.0959, Ind: 0.0002, Med: 0.0481, Spu: 0.0000, FD: 0.0970, Var: 0.0000, CStr: 0.410, Ctx: 2, Train: 99.36%, Valid: 96.33%, Test In: 96.11% Test OOD1: 87.94% 
Epoch: 180, Loss: 0.2429, Cls: 0.0966, Ind: 0.0002, Med: 0.0486, Spu: 0.0000, FD: 0.0974, Var: 0.0000, CStr: 0.409, Ctx: 2, Train: 99.34%, Valid: 96.41%, Test In: 96.19% Test OOD1: 86.54% 
Epoch: 181, Loss: 0.2343, Cls: 0.0931, Ind: 0.0002, Med: 0.0467, Spu: 0.0000, FD: 0.0942, Var: 0.0000, CStr: 0.409, Ctx: 2, Train: 99.39%, Valid: 96.49%, Test In: 96.43% Test OOD1: 85.33% 
Epoch: 182, Loss: 0.2331, Cls: 0.0927, Ind: 0.0002, Med: 0.0466, Spu: 0.0000, FD: 0.0935, Var: 0.0000, CStr: 0.409, Ctx: 2, Train: 99.34%, Valid: 96.29%, Test In: 96.21% Test OOD1: 87.23% 
Epoch: 183, Loss: 0.2285, Cls: 0.0909, Ind: 0.0002, Med: 0.0457, Spu: 0.0000, FD: 0.0918, Var: 0.0000, CStr: 0.409, Ctx: 2, Train: 99.27%, Valid: 96.27%, Test In: 96.23% Test OOD1: 86.85% 
Epoch: 184, Loss: 0.2366, Cls: 0.0940, Ind: 0.0002, Med: 0.0471, Spu: 0.0000, FD: 0.0953, Var: 0.0000, CStr: 0.409, Ctx: 2, Train: 99.34%, Valid: 96.35%, Test In: 96.18% Test OOD1: 86.21% 
Epoch: 185, Loss: 0.2459, Cls: 0.0977, Ind: 0.0002, Med: 0.0488, Spu: 0.0000, FD: 0.0991, Var: 0.0000, CStr: 0.409, Ctx: 2, Train: 99.20%, Valid: 96.15%, Test In: 96.08% Test OOD1: 86.34% 
Epoch: 186, Loss: 0.2453, Cls: 0.0976, Ind: 0.0002, Med: 0.0490, Spu: 0.0000, FD: 0.0985, Var: 0.0000, CStr: 0.409, Ctx: 2, Train: 99.41%, Valid: 96.41%, Test In: 96.20% Test OOD1: 87.93% 
Epoch: 187, Loss: 0.2327, Cls: 0.0926, Ind: 0.0002, Med: 0.0466, Spu: 0.0000, FD: 0.0933, Var: 0.0000, CStr: 0.409, Ctx: 2, Train: 99.26%, Valid: 96.45%, Test In: 96.27% Test OOD1: 87.07% 
Epoch: 188, Loss: 0.2337, Cls: 0.0929, Ind: 0.0002, Med: 0.0465, Spu: 0.0000, FD: 0.0940, Var: 0.0000, CStr: 0.409, Ctx: 2, Train: 99.29%, Valid: 96.21%, Test In: 95.92% Test OOD1: 86.86% 
Epoch: 189, Loss: 0.2472, Cls: 0.0983, Ind: 0.0002, Med: 0.0492, Spu: 0.0000, FD: 0.0995, Var: 0.0000, CStr: 0.408, Ctx: 2, Train: 99.35%, Valid: 96.38%, Test In: 96.06% Test OOD1: 88.25% 
Epoch: 190, Loss: 0.2384, Cls: 0.0948, Ind: 0.0002, Med: 0.0475, Spu: 0.0000, FD: 0.0959, Var: 0.0000, CStr: 0.408, Ctx: 2, Train: 99.50%, Valid: 96.55%, Test In: 96.48% Test OOD1: 86.47% 
Epoch: 191, Loss: 0.2289, Cls: 0.0910, Ind: 0.0002, Med: 0.0456, Spu: 0.0000, FD: 0.0921, Var: 0.0000, CStr: 0.408, Ctx: 2, Train: 99.38%, Valid: 96.37%, Test In: 96.32% Test OOD1: 86.65% 
Epoch: 192, Loss: 0.2371, Cls: 0.0943, Ind: 0.0002, Med: 0.0473, Spu: 0.0000, FD: 0.0953, Var: 0.0000, CStr: 0.408, Ctx: 2, Train: 99.25%, Valid: 96.14%, Test In: 95.83% Test OOD1: 89.35% 
Epoch: 193, Loss: 0.2348, Cls: 0.0934, Ind: 0.0002, Med: 0.0469, Spu: 0.0000, FD: 0.0943, Var: 0.0000, CStr: 0.408, Ctx: 2, Train: 99.54%, Valid: 96.59%, Test In: 96.44% Test OOD1: 85.65% 
Epoch: 194, Loss: 0.2352, Cls: 0.0936, Ind: 0.0002, Med: 0.0471, Spu: 0.0000, FD: 0.0944, Var: 0.0000, CStr: 0.408, Ctx: 2, Train: 99.52%, Valid: 96.71%, Test In: 96.38% Test OOD1: 87.73% 
Epoch: 195, Loss: 0.2139, Cls: 0.0850, Ind: 0.0002, Med: 0.0427, Spu: 0.0000, FD: 0.0860, Var: 0.0000, CStr: 0.408, Ctx: 2, Train: 99.40%, Valid: 96.38%, Test In: 96.02% Test OOD1: 89.48% 
Epoch: 196, Loss: 0.2287, Cls: 0.0910, Ind: 0.0002, Med: 0.0457, Spu: 0.0000, FD: 0.0919, Var: 0.0000, CStr: 0.408, Ctx: 2, Train: 99.56%, Valid: 96.86%, Test In: 96.72% Test OOD1: 85.62% 
Epoch: 197, Loss: 0.2245, Cls: 0.0893, Ind: 0.0002, Med: 0.0450, Spu: 0.0000, FD: 0.0900, Var: 0.0000, CStr: 0.408, Ctx: 2, Train: 99.59%, Valid: 96.75%, Test In: 96.52% Test OOD1: 88.20% 
Epoch: 198, Loss: 0.2116, Cls: 0.0842, Ind: 0.0002, Med: 0.0423, Spu: 0.0000, FD: 0.0849, Var: 0.0000, CStr: 0.408, Ctx: 2, Train: 99.43%, Valid: 96.54%, Test In: 96.21% Test OOD1: 89.50% 
Epoch: 199, Loss: 0.2147, Cls: 0.0853, Ind: 0.0002, Med: 0.0427, Spu: 0.0000, FD: 0.0865, Var: 0.0000, CStr: 0.408, Ctx: 2, Train: 99.59%, Valid: 96.67%, Test In: 96.54% Test OOD1: 86.80% 
Epoch: 200, Loss: 0.2217, Cls: 0.0881, Ind: 0.0002, Med: 0.0439, Spu: 0.0000, FD: 0.0895, Var: 0.0000, CStr: 0.408, Ctx: 2, Train: 99.59%, Valid: 96.81%, Test In: 96.54% Test OOD1: 87.88% 
Epoch: 201, Loss: 0.2169, Cls: 0.0863, Ind: 0.0002, Med: 0.0433, Spu: 0.0000, FD: 0.0871, Var: 0.0000, CStr: 0.408, Ctx: 2, Train: 99.45%, Valid: 96.52%, Test In: 96.11% Test OOD1: 89.32% 
Epoch: 202, Loss: 0.2171, Cls: 0.0863, Ind: 0.0002, Med: 0.0433, Spu: 0.0000, FD: 0.0872, Var: 0.0000, CStr: 0.408, Ctx: 2, Train: 99.60%, Valid: 96.75%, Test In: 96.65% Test OOD1: 87.51% 
Epoch: 203, Loss: 0.2073, Cls: 0.0824, Ind: 0.0001, Med: 0.0412, Spu: 0.0000, FD: 0.0836, Var: 0.0000, CStr: 0.408, Ctx: 2, Train: 99.66%, Valid: 96.89%, Test In: 96.69% Test OOD1: 87.09% 
Epoch: 204, Loss: 0.2204, Cls: 0.0876, Ind: 0.0002, Med: 0.0439, Spu: 0.0000, FD: 0.0887, Var: 0.0000, CStr: 0.408, Ctx: 2, Train: 99.59%, Valid: 96.63%, Test In: 96.51% Test OOD1: 89.13% 
Epoch: 205, Loss: 0.2192, Cls: 0.0872, Ind: 0.0002, Med: 0.0438, Spu: 0.0000, FD: 0.0880, Var: 0.0000, CStr: 0.408, Ctx: 2, Train: 99.63%, Valid: 96.71%, Test In: 96.58% Test OOD1: 87.38% 
Epoch: 206, Loss: 0.2128, Cls: 0.0846, Ind: 0.0002, Med: 0.0424, Spu: 0.0000, FD: 0.0856, Var: 0.0000, CStr: 0.408, Ctx: 2, Train: 99.63%, Valid: 96.79%, Test In: 96.68% Test OOD1: 86.74% 
Epoch: 207, Loss: 0.2216, Cls: 0.0881, Ind: 0.0002, Med: 0.0442, Spu: 0.0000, FD: 0.0891, Var: 0.0000, CStr: 0.408, Ctx: 2, Train: 99.61%, Valid: 96.73%, Test In: 96.44% Test OOD1: 88.97% 
Epoch: 208, Loss: 0.2085, Cls: 0.0829, Ind: 0.0002, Med: 0.0416, Spu: 0.0000, FD: 0.0838, Var: 0.0000, CStr: 0.408, Ctx: 2, Train: 99.59%, Valid: 96.77%, Test In: 96.52% Test OOD1: 87.24% 
Epoch: 209, Loss: 0.2087, Cls: 0.0830, Ind: 0.0002, Med: 0.0416, Spu: 0.0000, FD: 0.0839, Var: 0.0000, CStr: 0.408, Ctx: 2, Train: 99.63%, Valid: 96.86%, Test In: 96.60% Test OOD1: 88.16% 
Epoch: 210, Loss: 0.2038, Cls: 0.0810, Ind: 0.0001, Med: 0.0406, Spu: 0.0000, FD: 0.0820, Var: 0.0000, CStr: 0.408, Ctx: 2, Train: 99.67%, Valid: 96.86%, Test In: 96.70% Test OOD1: 88.39% 
Epoch: 211, Loss: 0.2079, Cls: 0.0827, Ind: 0.0002, Med: 0.0413, Spu: 0.0000, FD: 0.0837, Var: 0.0000, CStr: 0.408, Ctx: 2, Train: 99.67%, Valid: 96.86%, Test In: 96.63% Test OOD1: 88.04% 
Epoch: 212, Loss: 0.2082, Cls: 0.0828, Ind: 0.0002, Med: 0.0415, Spu: 0.0000, FD: 0.0837, Var: 0.0000, CStr: 0.408, Ctx: 2, Train: 99.71%, Valid: 96.87%, Test In: 96.68% Test OOD1: 88.31% 
Epoch: 213, Loss: 0.1947, Cls: 0.0774, Ind: 0.0002, Med: 0.0389, Spu: 0.0000, FD: 0.0782, Var: 0.0000, CStr: 0.408, Ctx: 2, Train: 99.72%, Valid: 96.84%, Test In: 96.59% Test OOD1: 88.87% 
Epoch: 214, Loss: 0.2060, Cls: 0.0819, Ind: 0.0002, Med: 0.0410, Spu: 0.0000, FD: 0.0829, Var: 0.0000, CStr: 0.408, Ctx: 2, Train: 99.66%, Valid: 96.81%, Test In: 96.67% Test OOD1: 88.56% 
Epoch: 215, Loss: 0.2026, Cls: 0.0806, Ind: 0.0001, Med: 0.0404, Spu: 0.0000, FD: 0.0815, Var: 0.0000, CStr: 0.408, Ctx: 2, Train: 99.71%, Valid: 96.81%, Test In: 96.72% Test OOD1: 89.41% 
Epoch: 216, Loss: 0.2033, Cls: 0.0809, Ind: 0.0001, Med: 0.0406, Spu: 0.0000, FD: 0.0817, Var: 0.0000, CStr: 0.408, Ctx: 2, Train: 99.72%, Valid: 96.88%, Test In: 96.90% Test OOD1: 87.00% 
Epoch: 217, Loss: 0.2058, Cls: 0.0819, Ind: 0.0001, Med: 0.0411, Spu: 0.0000, FD: 0.0826, Var: 0.0000, CStr: 0.408, Ctx: 2, Train: 99.64%, Valid: 96.81%, Test In: 96.67% Test OOD1: 89.48% 
Epoch: 218, Loss: 0.2016, Cls: 0.0802, Ind: 0.0001, Med: 0.0401, Spu: 0.0000, FD: 0.0811, Var: 0.0000, CStr: 0.408, Ctx: 2, Train: 99.61%, Valid: 96.72%, Test In: 96.55% Test OOD1: 90.13% 
Epoch: 219, Loss: 0.1991, Cls: 0.0792, Ind: 0.0001, Med: 0.0397, Spu: 0.0000, FD: 0.0801, Var: 0.0000, CStr: 0.408, Ctx: 2, Train: 99.74%, Valid: 96.93%, Test In: 96.95% Test OOD1: 87.15% 
Epoch: 220, Loss: 0.2006, Cls: 0.0798, Ind: 0.0001, Med: 0.0400, Spu: 0.0000, FD: 0.0807, Var: 0.0000, CStr: 0.408, Ctx: 2, Train: 99.69%, Valid: 96.80%, Test In: 96.63% Test OOD1: 89.80% 
Epoch: 221, Loss: 0.1953, Cls: 0.0777, Ind: 0.0001, Med: 0.0389, Spu: 0.0000, FD: 0.0786, Var: 0.0000, CStr: 0.408, Ctx: 2, Train: 99.75%, Valid: 96.84%, Test In: 96.69% Test OOD1: 89.73% 
Epoch: 222, Loss: 0.1987, Cls: 0.0790, Ind: 0.0002, Med: 0.0396, Spu: 0.0000, FD: 0.0800, Var: 0.0000, CStr: 0.408, Ctx: 2, Train: 99.76%, Valid: 96.94%, Test In: 96.89% Test OOD1: 88.65% 
Epoch: 223, Loss: 0.1967, Cls: 0.0783, Ind: 0.0002, Med: 0.0393, Spu: 0.0000, FD: 0.0790, Var: 0.0000, CStr: 0.408, Ctx: 2, Train: 99.74%, Valid: 96.91%, Test In: 96.74% Test OOD1: 90.17% 
Epoch: 224, Loss: 0.1948, Cls: 0.0774, Ind: 0.0002, Med: 0.0387, Spu: 0.0000, FD: 0.0786, Var: 0.0000, CStr: 0.408, Ctx: 2, Train: 99.76%, Valid: 96.90%, Test In: 96.76% Test OOD1: 90.02% 
Epoch: 225, Loss: 0.1848, Cls: 0.0734, Ind: 0.0001, Med: 0.0365, Spu: 0.0000, FD: 0.0747, Var: 0.0000, CStr: 0.407, Ctx: 2, Train: 99.77%, Valid: 96.96%, Test In: 96.95% Test OOD1: 88.36% 
Epoch: 226, Loss: 0.1995, Cls: 0.0793, Ind: 0.0002, Med: 0.0397, Spu: 0.0000, FD: 0.0803, Var: 0.0000, CStr: 0.407, Ctx: 2, Train: 99.74%, Valid: 96.98%, Test In: 96.79% Test OOD1: 90.04% 
Epoch: 227, Loss: 0.1987, Cls: 0.0790, Ind: 0.0001, Med: 0.0396, Spu: 0.0000, FD: 0.0799, Var: 0.0000, CStr: 0.407, Ctx: 2, Train: 99.75%, Valid: 96.99%, Test In: 96.84% Test OOD1: 89.61% 
Epoch: 228, Loss: 0.1942, Cls: 0.0772, Ind: 0.0001, Med: 0.0386, Spu: 0.0000, FD: 0.0783, Var: 0.0000, CStr: 0.407, Ctx: 2, Train: 99.79%, Valid: 97.01%, Test In: 96.94% Test OOD1: 88.80% 
Epoch: 229, Loss: 0.1890, Cls: 0.0752, Ind: 0.0001, Med: 0.0376, Spu: 0.0000, FD: 0.0761, Var: 0.0000, CStr: 0.407, Ctx: 2, Train: 99.74%, Valid: 96.95%, Test In: 96.79% Test OOD1: 90.30% 
Epoch: 230, Loss: 0.1968, Cls: 0.0783, Ind: 0.0002, Med: 0.0392, Spu: 0.0000, FD: 0.0792, Var: 0.0000, CStr: 0.407, Ctx: 2, Train: 99.78%, Valid: 96.97%, Test In: 96.92% Test OOD1: 89.71% 
Epoch: 231, Loss: 0.1859, Cls: 0.0739, Ind: 0.0002, Med: 0.0371, Spu: 0.0000, FD: 0.0746, Var: 0.0000, CStr: 0.407, Ctx: 2, Train: 99.82%, Valid: 97.07%, Test In: 96.96% Test OOD1: 89.17% 
Epoch: 232, Loss: 0.1904, Cls: 0.0757, Ind: 0.0002, Med: 0.0380, Spu: 0.0000, FD: 0.0765, Var: 0.0000, CStr: 0.407, Ctx: 2, Train: 99.78%, Valid: 96.97%, Test In: 96.76% Test OOD1: 90.31% 
Epoch: 233, Loss: 0.1938, Cls: 0.0771, Ind: 0.0001, Med: 0.0387, Spu: 0.0000, FD: 0.0779, Var: 0.0000, CStr: 0.407, Ctx: 2, Train: 99.76%, Valid: 97.07%, Test In: 96.90% Test OOD1: 88.87% 
Epoch: 234, Loss: 0.1922, Cls: 0.0763, Ind: 0.0002, Med: 0.0380, Spu: 0.0000, FD: 0.0776, Var: 0.0000, CStr: 0.407, Ctx: 2, Train: 99.78%, Valid: 97.09%, Test In: 96.92% Test OOD1: 89.43% 
Epoch: 235, Loss: 0.1863, Cls: 0.0741, Ind: 0.0001, Med: 0.0372, Spu: 0.0000, FD: 0.0749, Var: 0.0000, CStr: 0.406, Ctx: 2, Train: 99.77%, Valid: 97.04%, Test In: 96.75% Test OOD1: 89.96% 
Epoch: 236, Loss: 0.1851, Cls: 0.0736, Ind: 0.0001, Med: 0.0368, Spu: 0.0000, FD: 0.0746, Var: 0.0000, CStr: 0.406, Ctx: 2, Train: 99.80%, Valid: 96.98%, Test In: 96.96% Test OOD1: 88.50% 
Epoch: 237, Loss: 0.1816, Cls: 0.0721, Ind: 0.0001, Med: 0.0360, Spu: 0.0000, FD: 0.0733, Var: 0.0000, CStr: 0.406, Ctx: 2, Train: 99.77%, Valid: 97.12%, Test In: 96.84% Test OOD1: 89.94% 
Epoch: 238, Loss: 0.1834, Cls: 0.0730, Ind: 0.0002, Med: 0.0367, Spu: 0.0000, FD: 0.0736, Var: 0.0000, CStr: 0.406, Ctx: 2, Train: 99.84%, Valid: 97.15%, Test In: 97.12% Test OOD1: 88.79% 
Epoch: 239, Loss: 0.1819, Cls: 0.0723, Ind: 0.0001, Med: 0.0363, Spu: 0.0000, FD: 0.0731, Var: 0.0000, CStr: 0.406, Ctx: 2, Train: 99.83%, Valid: 97.16%, Test In: 97.02% Test OOD1: 88.48% 
Epoch: 240, Loss: 0.1818, Cls: 0.0723, Ind: 0.0002, Med: 0.0362, Spu: 0.0000, FD: 0.0732, Var: 0.0000, CStr: 0.406, Ctx: 2, Train: 99.67%, Valid: 96.80%, Test In: 96.59% Test OOD1: 91.16% 
Epoch: 241, Loss: 0.1945, Cls: 0.0774, Ind: 0.0002, Med: 0.0388, Spu: 0.0000, FD: 0.0781, Var: 0.0000, CStr: 0.406, Ctx: 2, Train: 99.83%, Valid: 97.08%, Test In: 97.04% Test OOD1: 87.95% 
Epoch: 242, Loss: 0.1909, Cls: 0.0760, Ind: 0.0002, Med: 0.0381, Spu: 0.0000, FD: 0.0767, Var: 0.0000, CStr: 0.406, Ctx: 2, Train: 99.75%, Valid: 96.96%, Test In: 96.87% Test OOD1: 90.17% 
Epoch: 243, Loss: 0.1902, Cls: 0.0757, Ind: 0.0002, Med: 0.0379, Spu: 0.0000, FD: 0.0764, Var: 0.0000, CStr: 0.406, Ctx: 2, Train: 99.79%, Valid: 97.04%, Test In: 96.81% Test OOD1: 90.43% 
Epoch: 244, Loss: 0.1895, Cls: 0.0753, Ind: 0.0002, Med: 0.0376, Spu: 0.0000, FD: 0.0764, Var: 0.0000, CStr: 0.406, Ctx: 2, Train: 99.85%, Valid: 97.02%, Test In: 97.19% Test OOD1: 87.10% 
Epoch: 245, Loss: 0.1846, Cls: 0.0734, Ind: 0.0002, Med: 0.0368, Spu: 0.0000, FD: 0.0743, Var: 0.0000, CStr: 0.406, Ctx: 2, Train: 99.74%, Valid: 96.84%, Test In: 96.65% Test OOD1: 90.37% 
Epoch: 246, Loss: 0.1987, Cls: 0.0790, Ind: 0.0001, Med: 0.0395, Spu: 0.0000, FD: 0.0800, Var: 0.0000, CStr: 0.406, Ctx: 2, Train: 99.81%, Valid: 97.08%, Test In: 97.08% Test OOD1: 89.58% 
Epoch: 247, Loss: 0.1796, Cls: 0.0714, Ind: 0.0001, Med: 0.0356, Spu: 0.0000, FD: 0.0725, Var: 0.0000, CStr: 0.406, Ctx: 2, Train: 99.83%, Valid: 97.02%, Test In: 97.15% Test OOD1: 87.72% 
Epoch: 248, Loss: 0.1891, Cls: 0.0753, Ind: 0.0001, Med: 0.0377, Spu: 0.0000, FD: 0.0760, Var: 0.0000, CStr: 0.406, Ctx: 2, Train: 99.71%, Valid: 96.91%, Test In: 96.87% Test OOD1: 91.50% 
Epoch: 249, Loss: 0.1765, Cls: 0.0702, Ind: 0.0001, Med: 0.0353, Spu: 0.0000, FD: 0.0708, Var: 0.0000, CStr: 0.405, Ctx: 2, Train: 99.80%, Valid: 97.00%, Test In: 97.07% Test OOD1: 91.02% 
Epoch: 250, Loss: 0.1767, Cls: 0.0703, Ind: 0.0001, Med: 0.0352, Spu: 0.0000, FD: 0.0711, Var: 0.0000, CStr: 0.405, Ctx: 2, Train: 99.86%, Valid: 97.09%, Test In: 97.14% Test OOD1: 89.16% 
Epoch: 251, Loss: 0.1826, Cls: 0.0726, Ind: 0.0002, Med: 0.0363, Spu: 0.0000, FD: 0.0735, Var: 0.0000, CStr: 0.405, Ctx: 2, Train: 99.80%, Valid: 97.01%, Test In: 96.88% Test OOD1: 91.55% 
Epoch: 252, Loss: 0.1837, Cls: 0.0731, Ind: 0.0002, Med: 0.0367, Spu: 0.0000, FD: 0.0737, Var: 0.0000, CStr: 0.405, Ctx: 2, Train: 99.84%, Valid: 96.94%, Test In: 97.00% Test OOD1: 90.53% 
Epoch: 253, Loss: 0.1729, Cls: 0.0688, Ind: 0.0001, Med: 0.0346, Spu: 0.0000, FD: 0.0693, Var: 0.0000, CStr: 0.405, Ctx: 2, Train: 99.82%, Valid: 97.08%, Test In: 97.10% Test OOD1: 87.83% 
Epoch: 254, Loss: 0.1909, Cls: 0.0759, Ind: 0.0002, Med: 0.0379, Spu: 0.0000, FD: 0.0769, Var: 0.0000, CStr: 0.405, Ctx: 2, Train: 99.78%, Valid: 96.88%, Test In: 96.71% Test OOD1: 91.54% 
Epoch: 255, Loss: 0.1801, Cls: 0.0717, Ind: 0.0001, Med: 0.0360, Spu: 0.0000, FD: 0.0723, Var: 0.0000, CStr: 0.405, Ctx: 2, Train: 99.81%, Valid: 97.00%, Test In: 96.94% Test OOD1: 90.44% 
Epoch: 256, Loss: 0.1738, Cls: 0.0692, Ind: 0.0001, Med: 0.0348, Spu: 0.0000, FD: 0.0697, Var: 0.0000, CStr: 0.405, Ctx: 2, Train: 99.86%, Valid: 97.15%, Test In: 97.18% Test OOD1: 89.15% 
Epoch: 257, Loss: 0.1827, Cls: 0.0726, Ind: 0.0001, Med: 0.0363, Spu: 0.0000, FD: 0.0737, Var: 0.0000, CStr: 0.405, Ctx: 2, Train: 99.81%, Valid: 97.08%, Test In: 96.98% Test OOD1: 91.16% 
Epoch: 258, Loss: 0.1775, Cls: 0.0706, Ind: 0.0001, Med: 0.0353, Spu: 0.0000, FD: 0.0715, Var: 0.0000, CStr: 0.405, Ctx: 2, Train: 99.82%, Valid: 97.05%, Test In: 97.13% Test OOD1: 90.41% 
Epoch: 259, Loss: 0.1835, Cls: 0.0730, Ind: 0.0001, Med: 0.0366, Spu: 0.0000, FD: 0.0737, Var: 0.0000, CStr: 0.405, Ctx: 2, Train: 99.85%, Valid: 97.24%, Test In: 97.17% Test OOD1: 90.17% 
Epoch: 260, Loss: 0.1740, Cls: 0.0693, Ind: 0.0001, Med: 0.0348, Spu: 0.0000, FD: 0.0698, Var: 0.0000, CStr: 0.404, Ctx: 2, Train: 99.82%, Valid: 97.15%, Test In: 97.17% Test OOD1: 90.71% 
Epoch: 261, Loss: 0.1647, Cls: 0.0655, Ind: 0.0001, Med: 0.0328, Spu: 0.0000, FD: 0.0663, Var: 0.0000, CStr: 0.404, Ctx: 2, Train: 99.84%, Valid: 97.03%, Test In: 97.21% Test OOD1: 90.06% 
Epoch: 262, Loss: 0.1689, Cls: 0.0672, Ind: 0.0001, Med: 0.0338, Spu: 0.0000, FD: 0.0678, Var: 0.0000, CStr: 0.404, Ctx: 2, Train: 99.85%, Valid: 97.17%, Test In: 97.11% Test OOD1: 90.18% 
Epoch: 263, Loss: 0.1716, Cls: 0.0683, Ind: 0.0001, Med: 0.0342, Spu: 0.0000, FD: 0.0690, Var: 0.0000, CStr: 0.404, Ctx: 2, Train: 99.83%, Valid: 97.10%, Test In: 97.07% Test OOD1: 90.21% 
Epoch: 264, Loss: 0.1634, Cls: 0.0650, Ind: 0.0001, Med: 0.0326, Spu: 0.0000, FD: 0.0658, Var: 0.0000, CStr: 0.404, Ctx: 2, Train: 99.84%, Valid: 97.15%, Test In: 97.04% Test OOD1: 90.13% 
Epoch: 265, Loss: 0.1694, Cls: 0.0674, Ind: 0.0001, Med: 0.0338, Spu: 0.0000, FD: 0.0681, Var: 0.0000, CStr: 0.404, Ctx: 2, Train: 99.89%, Valid: 97.19%, Test In: 97.08% Test OOD1: 89.36% 
Epoch: 266, Loss: 0.1767, Cls: 0.0703, Ind: 0.0002, Med: 0.0352, Spu: 0.0000, FD: 0.0710, Var: 0.0000, CStr: 0.404, Ctx: 2, Train: 99.85%, Valid: 97.05%, Test In: 96.99% Test OOD1: 90.29% 
Epoch: 267, Loss: 0.1728, Cls: 0.0687, Ind: 0.0002, Med: 0.0344, Spu: 0.0000, FD: 0.0695, Var: 0.0000, CStr: 0.404, Ctx: 2, Train: 99.86%, Valid: 97.15%, Test In: 97.06% Test OOD1: 90.36% 
Epoch: 268, Loss: 0.1627, Cls: 0.0647, Ind: 0.0001, Med: 0.0325, Spu: 0.0000, FD: 0.0653, Var: 0.0000, CStr: 0.403, Ctx: 2, Train: 99.84%, Valid: 97.21%, Test In: 97.03% Test OOD1: 90.38% 
Epoch: 269, Loss: 0.1707, Cls: 0.0679, Ind: 0.0002, Med: 0.0340, Spu: 0.0000, FD: 0.0686, Var: 0.0000, CStr: 0.403, Ctx: 2, Train: 99.81%, Valid: 97.09%, Test In: 97.07% Test OOD1: 90.71% 
Epoch: 270, Loss: 0.1645, Cls: 0.0655, Ind: 0.0001, Med: 0.0329, Spu: 0.0000, FD: 0.0660, Var: 0.0000, CStr: 0.403, Ctx: 2, Train: 99.84%, Valid: 97.14%, Test In: 97.10% Test OOD1: 91.18% 
Epoch: 271, Loss: 0.1628, Cls: 0.0648, Ind: 0.0001, Med: 0.0325, Spu: 0.0000, FD: 0.0655, Var: 0.0000, CStr: 0.403, Ctx: 2, Train: 99.87%, Valid: 97.23%, Test In: 97.17% Test OOD1: 90.63% 
Epoch: 272, Loss: 0.1739, Cls: 0.0693, Ind: 0.0001, Med: 0.0349, Spu: 0.0000, FD: 0.0696, Var: 0.0000, CStr: 0.403, Ctx: 2, Train: 99.85%, Valid: 97.13%, Test In: 97.19% Test OOD1: 90.57% 
Epoch: 273, Loss: 0.1659, Cls: 0.0660, Ind: 0.0001, Med: 0.0330, Spu: 0.0000, FD: 0.0668, Var: 0.0000, CStr: 0.403, Ctx: 2, Train: 99.83%, Valid: 97.06%, Test In: 96.97% Test OOD1: 91.19% 
Epoch: 274, Loss: 0.1649, Cls: 0.0656, Ind: 0.0002, Med: 0.0328, Spu: 0.0000, FD: 0.0664, Var: 0.0000, CStr: 0.403, Ctx: 2, Train: 99.86%, Valid: 97.15%, Test In: 97.01% Test OOD1: 90.70% 
Epoch: 275, Loss: 0.1668, Cls: 0.0663, Ind: 0.0001, Med: 0.0331, Spu: 0.0000, FD: 0.0672, Var: 0.0000, CStr: 0.403, Ctx: 2, Train: 99.89%, Valid: 97.20%, Test In: 97.15% Test OOD1: 88.38% 
Epoch: 276, Loss: 0.1766, Cls: 0.0703, Ind: 0.0002, Med: 0.0352, Spu: 0.0000, FD: 0.0709, Var: 0.0000, CStr: 0.403, Ctx: 2, Train: 99.73%, Valid: 96.78%, Test In: 96.65% Test OOD1: 92.25% 
Epoch: 277, Loss: 0.1780, Cls: 0.0708, Ind: 0.0001, Med: 0.0355, Spu: 0.0000, FD: 0.0716, Var: 0.0000, CStr: 0.403, Ctx: 2, Train: 99.89%, Valid: 97.25%, Test In: 97.14% Test OOD1: 89.65% 
Epoch: 278, Loss: 0.1724, Cls: 0.0686, Ind: 0.0001, Med: 0.0343, Spu: 0.0000, FD: 0.0694, Var: 0.0000, CStr: 0.403, Ctx: 2, Train: 99.89%, Valid: 97.26%, Test In: 97.15% Test OOD1: 90.26% 
Epoch: 279, Loss: 0.1688, Cls: 0.0671, Ind: 0.0001, Med: 0.0337, Spu: 0.0000, FD: 0.0678, Var: 0.0000, CStr: 0.403, Ctx: 2, Train: 99.83%, Valid: 97.02%, Test In: 96.97% Test OOD1: 91.29% 
Epoch: 280, Loss: 0.1565, Cls: 0.0622, Ind: 0.0002, Med: 0.0311, Spu: 0.0000, FD: 0.0629, Var: 0.0000, CStr: 0.403, Ctx: 2, Train: 99.86%, Valid: 97.18%, Test In: 97.21% Test OOD1: 90.01% 
Epoch: 281, Loss: 0.1689, Cls: 0.0672, Ind: 0.0001, Med: 0.0337, Spu: 0.0000, FD: 0.0679, Var: 0.0000, CStr: 0.403, Ctx: 2, Train: 99.90%, Valid: 97.25%, Test In: 97.15% Test OOD1: 90.20% 
Epoch: 282, Loss: 0.1611, Cls: 0.0641, Ind: 0.0001, Med: 0.0322, Spu: 0.0000, FD: 0.0646, Var: 0.0000, CStr: 0.403, Ctx: 2, Train: 99.89%, Valid: 97.12%, Test In: 97.04% Test OOD1: 90.87% 
Epoch: 283, Loss: 0.1696, Cls: 0.0674, Ind: 0.0001, Med: 0.0337, Spu: 0.0000, FD: 0.0683, Var: 0.0000, CStr: 0.403, Ctx: 2, Train: 99.87%, Valid: 97.11%, Test In: 96.97% Test OOD1: 90.77% 
Epoch: 284, Loss: 0.1645, Cls: 0.0654, Ind: 0.0001, Med: 0.0326, Spu: 0.0000, FD: 0.0664, Var: 0.0000, CStr: 0.403, Ctx: 2, Train: 99.90%, Valid: 97.25%, Test In: 97.17% Test OOD1: 90.69% 
Epoch: 285, Loss: 0.1646, Cls: 0.0655, Ind: 0.0001, Med: 0.0328, Spu: 0.0000, FD: 0.0662, Var: 0.0000, CStr: 0.403, Ctx: 2, Train: 99.89%, Valid: 97.17%, Test In: 97.03% Test OOD1: 90.86% 
Epoch: 286, Loss: 0.1672, Cls: 0.0665, Ind: 0.0001, Med: 0.0333, Spu: 0.0000, FD: 0.0672, Var: 0.0000, CStr: 0.403, Ctx: 2, Train: 99.89%, Valid: 97.13%, Test In: 96.81% Test OOD1: 91.32% 
Epoch: 287, Loss: 0.1649, Cls: 0.0656, Ind: 0.0001, Med: 0.0328, Spu: 0.0000, FD: 0.0664, Var: 0.0000, CStr: 0.403, Ctx: 2, Train: 99.90%, Valid: 97.38%, Test In: 97.15% Test OOD1: 90.44% 
Epoch: 288, Loss: 0.1630, Cls: 0.0648, Ind: 0.0001, Med: 0.0323, Spu: 0.0000, FD: 0.0658, Var: 0.0000, CStr: 0.403, Ctx: 2, Train: 99.91%, Valid: 97.32%, Test In: 97.18% Test OOD1: 90.42% 
Epoch: 289, Loss: 0.1476, Cls: 0.0587, Ind: 0.0001, Med: 0.0294, Spu: 0.0000, FD: 0.0594, Var: 0.0000, CStr: 0.403, Ctx: 2, Train: 99.90%, Valid: 97.23%, Test In: 97.11% Test OOD1: 90.71% 
Epoch: 290, Loss: 0.1609, Cls: 0.0639, Ind: 0.0001, Med: 0.0319, Spu: 0.0000, FD: 0.0649, Var: 0.0000, CStr: 0.403, Ctx: 2, Train: 99.91%, Valid: 97.27%, Test In: 97.19% Test OOD1: 89.94% 
Epoch: 291, Loss: 0.1599, Cls: 0.0636, Ind: 0.0001, Med: 0.0318, Spu: 0.0000, FD: 0.0644, Var: 0.0000, CStr: 0.403, Ctx: 2, Train: 99.89%, Valid: 97.29%, Test In: 97.11% Test OOD1: 90.32% 
Epoch: 292, Loss: 0.1689, Cls: 0.0672, Ind: 0.0001, Med: 0.0336, Spu: 0.0000, FD: 0.0680, Var: 0.0000, CStr: 0.403, Ctx: 2, Train: 99.89%, Valid: 97.25%, Test In: 97.18% Test OOD1: 89.23% 
Epoch: 293, Loss: 0.1531, Cls: 0.0609, Ind: 0.0001, Med: 0.0307, Spu: 0.0000, FD: 0.0613, Var: 0.0000, CStr: 0.403, Ctx: 2, Train: 99.89%, Valid: 97.27%, Test In: 97.07% Test OOD1: 90.35% 
Epoch: 294, Loss: 0.1605, Cls: 0.0639, Ind: 0.0001, Med: 0.0320, Spu: 0.0000, FD: 0.0645, Var: 0.0000, CStr: 0.403, Ctx: 2, Train: 99.90%, Valid: 97.33%, Test In: 97.30% Test OOD1: 89.82% 
Epoch: 295, Loss: 0.1525, Cls: 0.0606, Ind: 0.0001, Med: 0.0304, Spu: 0.0000, FD: 0.0613, Var: 0.0000, CStr: 0.403, Ctx: 2, Train: 99.89%, Valid: 97.29%, Test In: 97.23% Test OOD1: 89.66% 
Epoch: 296, Loss: 0.1645, Cls: 0.0654, Ind: 0.0001, Med: 0.0327, Spu: 0.0000, FD: 0.0663, Var: 0.0000, CStr: 0.403, Ctx: 2, Train: 99.90%, Valid: 97.15%, Test In: 97.02% Test OOD1: 90.48% 
Epoch: 297, Loss: 0.1581, Cls: 0.0630, Ind: 0.0001, Med: 0.0317, Spu: 0.0000, FD: 0.0633, Var: 0.0000, CStr: 0.403, Ctx: 2, Train: 99.91%, Valid: 97.23%, Test In: 97.22% Test OOD1: 90.27% 
Epoch: 298, Loss: 0.1702, Cls: 0.0676, Ind: 0.0001, Med: 0.0337, Spu: 0.0000, FD: 0.0687, Var: 0.0000, CStr: 0.403, Ctx: 2, Train: 99.91%, Valid: 97.34%, Test In: 97.30% Test OOD1: 88.71% 
Epoch: 299, Loss: 0.1561, Cls: 0.0620, Ind: 0.0001, Med: 0.0309, Spu: 0.0000, FD: 0.0630, Var: 0.0000, CStr: 0.404, Ctx: 2, Train: 99.91%, Valid: 97.27%, Test In: 97.15% Test OOD1: 90.88% 
Epoch: 300, Loss: 0.1485, Cls: 0.0590, Ind: 0.0001, Med: 0.0295, Spu: 0.0000, FD: 0.0599, Var: 0.0000, CStr: 0.404, Ctx: 2, Train: 99.90%, Valid: 97.25%, Test In: 97.13% Test OOD1: 91.15% 
Epoch: 301, Loss: 0.1490, Cls: 0.0593, Ind: 0.0001, Med: 0.0297, Spu: 0.0000, FD: 0.0599, Var: 0.0000, CStr: 0.404, Ctx: 2, Train: 99.90%, Valid: 97.37%, Test In: 97.36% Test OOD1: 89.34% 
Epoch: 302, Loss: 0.1625, Cls: 0.0646, Ind: 0.0002, Med: 0.0324, Spu: 0.0000, FD: 0.0653, Var: 0.0000, CStr: 0.404, Ctx: 2, Train: 99.83%, Valid: 97.16%, Test In: 96.95% Test OOD1: 92.05% 
Epoch: 303, Loss: 0.1599, Cls: 0.0637, Ind: 0.0001, Med: 0.0320, Spu: 0.0000, FD: 0.0641, Var: 0.0000, CStr: 0.404, Ctx: 2, Train: 99.90%, Valid: 97.29%, Test In: 97.29% Test OOD1: 90.60% 
Epoch: 304, Loss: 0.1501, Cls: 0.0597, Ind: 0.0001, Med: 0.0299, Spu: 0.0000, FD: 0.0604, Var: 0.0000, CStr: 0.404, Ctx: 2, Train: 99.90%, Valid: 97.22%, Test In: 97.25% Test OOD1: 89.20% 
Epoch: 305, Loss: 0.1570, Cls: 0.0624, Ind: 0.0001, Med: 0.0313, Spu: 0.0000, FD: 0.0631, Var: 0.0000, CStr: 0.404, Ctx: 2, Train: 99.85%, Valid: 97.17%, Test In: 97.04% Test OOD1: 91.73% 
Epoch: 306, Loss: 0.1737, Cls: 0.0691, Ind: 0.0002, Med: 0.0346, Spu: 0.0000, FD: 0.0698, Var: 0.0000, CStr: 0.404, Ctx: 2, Train: 99.92%, Valid: 97.22%, Test In: 97.14% Test OOD1: 90.43% 
Epoch: 307, Loss: 0.1482, Cls: 0.0590, Ind: 0.0001, Med: 0.0297, Spu: 0.0000, FD: 0.0594, Var: 0.0000, CStr: 0.404, Ctx: 2, Train: 99.89%, Valid: 97.24%, Test In: 97.15% Test OOD1: 89.25% 
Epoch: 308, Loss: 0.1559, Cls: 0.0621, Ind: 0.0001, Med: 0.0311, Spu: 0.0000, FD: 0.0626, Var: 0.0000, CStr: 0.404, Ctx: 2, Train: 99.90%, Valid: 97.19%, Test In: 97.11% Test OOD1: 91.30% 
Epoch: 309, Loss: 0.1653, Cls: 0.0657, Ind: 0.0002, Med: 0.0328, Spu: 0.0000, FD: 0.0666, Var: 0.0000, CStr: 0.404, Ctx: 2, Train: 99.93%, Valid: 97.36%, Test In: 97.30% Test OOD1: 90.22% 
Epoch: 310, Loss: 0.1493, Cls: 0.0594, Ind: 0.0001, Med: 0.0298, Spu: 0.0000, FD: 0.0600, Var: 0.0000, CStr: 0.403, Ctx: 2, Train: 99.90%, Valid: 97.24%, Test In: 97.15% Test OOD1: 89.67% 
Epoch: 311, Loss: 0.1630, Cls: 0.0648, Ind: 0.0001, Med: 0.0324, Spu: 0.0000, FD: 0.0656, Var: 0.0000, CStr: 0.403, Ctx: 2, Train: 99.85%, Valid: 97.11%, Test In: 96.83% Test OOD1: 92.05% 
Epoch: 312, Loss: 0.1678, Cls: 0.0667, Ind: 0.0001, Med: 0.0332, Spu: 0.0000, FD: 0.0677, Var: 0.0000, CStr: 0.403, Ctx: 2, Train: 99.92%, Valid: 97.41%, Test In: 97.34% Test OOD1: 89.21% 
Epoch: 313, Loss: 0.1612, Cls: 0.0641, Ind: 0.0001, Med: 0.0321, Spu: 0.0000, FD: 0.0649, Var: 0.0000, CStr: 0.403, Ctx: 2, Train: 99.92%, Valid: 97.27%, Test In: 97.31% Test OOD1: 90.04% 
Epoch: 314, Loss: 0.1587, Cls: 0.0632, Ind: 0.0001, Med: 0.0316, Spu: 0.0000, FD: 0.0638, Var: 0.0000, CStr: 0.403, Ctx: 2, Train: 99.91%, Valid: 97.12%, Test In: 96.98% Test OOD1: 91.88% 
Epoch: 315, Loss: 0.1604, Cls: 0.0638, Ind: 0.0001, Med: 0.0320, Spu: 0.0000, FD: 0.0645, Var: 0.0000, CStr: 0.403, Ctx: 2, Train: 99.93%, Valid: 97.40%, Test In: 97.38% Test OOD1: 89.50% 
Epoch: 316, Loss: 0.1565, Cls: 0.0623, Ind: 0.0001, Med: 0.0313, Spu: 0.0000, FD: 0.0628, Var: 0.0000, CStr: 0.403, Ctx: 2, Train: 99.93%, Valid: 97.34%, Test In: 97.39% Test OOD1: 90.10% 
Epoch: 317, Loss: 0.1442, Cls: 0.0574, Ind: 0.0001, Med: 0.0288, Spu: 0.0000, FD: 0.0579, Var: 0.0000, CStr: 0.403, Ctx: 2, Train: 99.89%, Valid: 97.05%, Test In: 97.00% Test OOD1: 92.14% 
Epoch: 318, Loss: 0.1541, Cls: 0.0613, Ind: 0.0001, Med: 0.0306, Spu: 0.0000, FD: 0.0621, Var: 0.0000, CStr: 0.403, Ctx: 2, Train: 99.93%, Valid: 97.40%, Test In: 97.34% Test OOD1: 90.20% 
Epoch: 319, Loss: 0.1559, Cls: 0.0621, Ind: 0.0001, Med: 0.0313, Spu: 0.0000, FD: 0.0625, Var: 0.0000, CStr: 0.403, Ctx: 2, Train: 99.93%, Valid: 97.32%, Test In: 97.42% Test OOD1: 89.72% 
Epoch: 320, Loss: 0.1498, Cls: 0.0596, Ind: 0.0001, Med: 0.0298, Spu: 0.0000, FD: 0.0604, Var: 0.0000, CStr: 0.402, Ctx: 2, Train: 99.86%, Valid: 97.12%, Test In: 96.96% Test OOD1: 92.42% 
Epoch: 321, Loss: 0.1623, Cls: 0.0645, Ind: 0.0001, Med: 0.0322, Spu: 0.0000, FD: 0.0654, Var: 0.0000, CStr: 0.402, Ctx: 2, Train: 99.93%, Valid: 97.33%, Test In: 97.43% Test OOD1: 90.23% 
Epoch: 322, Loss: 0.1460, Cls: 0.0581, Ind: 0.0001, Med: 0.0291, Spu: 0.0000, FD: 0.0587, Var: 0.0000, CStr: 0.402, Ctx: 2, Train: 99.94%, Valid: 97.33%, Test In: 97.44% Test OOD1: 90.02% 
Epoch: 323, Loss: 0.1518, Cls: 0.0604, Ind: 0.0001, Med: 0.0303, Spu: 0.0000, FD: 0.0609, Var: 0.0000, CStr: 0.402, Ctx: 2, Train: 99.86%, Valid: 97.07%, Test In: 96.91% Test OOD1: 92.72% 
Epoch: 324, Loss: 0.1640, Cls: 0.0652, Ind: 0.0001, Med: 0.0326, Spu: 0.0000, FD: 0.0660, Var: 0.0000, CStr: 0.402, Ctx: 2, Train: 99.95%, Valid: 97.50%, Test In: 97.45% Test OOD1: 88.91% 
Epoch: 325, Loss: 0.1570, Cls: 0.0624, Ind: 0.0001, Med: 0.0311, Spu: 0.0000, FD: 0.0633, Var: 0.0000, CStr: 0.402, Ctx: 2, Train: 99.95%, Valid: 97.39%, Test In: 97.47% Test OOD1: 90.49% 
Epoch: 326, Loss: 0.1454, Cls: 0.0578, Ind: 0.0001, Med: 0.0288, Spu: 0.0000, FD: 0.0586, Var: 0.0000, CStr: 0.402, Ctx: 2, Train: 99.83%, Valid: 96.96%, Test In: 96.86% Test OOD1: 92.80% 
Epoch: 327, Loss: 0.1551, Cls: 0.0617, Ind: 0.0001, Med: 0.0310, Spu: 0.0000, FD: 0.0622, Var: 0.0000, CStr: 0.402, Ctx: 2, Train: 99.93%, Valid: 97.42%, Test In: 97.38% Test OOD1: 89.62% 
Epoch: 328, Loss: 0.1491, Cls: 0.0593, Ind: 0.0001, Med: 0.0296, Spu: 0.0000, FD: 0.0600, Var: 0.0000, CStr: 0.402, Ctx: 2, Train: 99.94%, Valid: 97.46%, Test In: 97.40% Test OOD1: 89.90% 
Epoch: 329, Loss: 0.1487, Cls: 0.0591, Ind: 0.0001, Med: 0.0295, Spu: 0.0000, FD: 0.0600, Var: 0.0000, CStr: 0.402, Ctx: 2, Train: 99.81%, Valid: 96.86%, Test In: 96.79% Test OOD1: 93.12% 
Epoch: 330, Loss: 0.1617, Cls: 0.0644, Ind: 0.0001, Med: 0.0323, Spu: 0.0000, FD: 0.0649, Var: 0.0000, CStr: 0.402, Ctx: 2, Train: 99.94%, Valid: 97.43%, Test In: 97.35% Test OOD1: 90.65% 
Epoch: 331, Loss: 0.1452, Cls: 0.0577, Ind: 0.0001, Med: 0.0288, Spu: 0.0000, FD: 0.0586, Var: 0.0000, CStr: 0.402, Ctx: 2, Train: 99.95%, Valid: 97.55%, Test In: 97.48% Test OOD1: 89.68% 
Epoch: 332, Loss: 0.1502, Cls: 0.0598, Ind: 0.0001, Med: 0.0299, Spu: 0.0000, FD: 0.0605, Var: 0.0000, CStr: 0.402, Ctx: 2, Train: 99.92%, Valid: 97.21%, Test In: 97.13% Test OOD1: 92.91% 
Epoch: 333, Loss: 0.1556, Cls: 0.0620, Ind: 0.0001, Med: 0.0314, Spu: 0.0000, FD: 0.0621, Var: 0.0000, CStr: 0.402, Ctx: 2, Train: 99.94%, Valid: 97.41%, Test In: 97.30% Test OOD1: 91.36% 
Epoch: 334, Loss: 0.1470, Cls: 0.0585, Ind: 0.0001, Med: 0.0293, Spu: 0.0000, FD: 0.0590, Var: 0.0000, CStr: 0.401, Ctx: 2, Train: 99.96%, Valid: 97.57%, Test In: 97.46% Test OOD1: 90.23% 
Epoch: 335, Loss: 0.1447, Cls: 0.0575, Ind: 0.0001, Med: 0.0288, Spu: 0.0000, FD: 0.0582, Var: 0.0000, CStr: 0.401, Ctx: 2, Train: 99.95%, Valid: 97.46%, Test In: 97.33% Test OOD1: 91.57% 
Epoch: 336, Loss: 0.1507, Cls: 0.0600, Ind: 0.0001, Med: 0.0300, Spu: 0.0000, FD: 0.0606, Var: 0.0000, CStr: 0.401, Ctx: 2, Train: 99.93%, Valid: 97.24%, Test In: 97.23% Test OOD1: 92.13% 
Epoch: 337, Loss: 0.1471, Cls: 0.0585, Ind: 0.0001, Med: 0.0292, Spu: 0.0000, FD: 0.0593, Var: 0.0000, CStr: 0.401, Ctx: 2, Train: 99.94%, Valid: 97.44%, Test In: 97.42% Test OOD1: 90.04% 
Epoch: 338, Loss: 0.1409, Cls: 0.0560, Ind: 0.0001, Med: 0.0280, Spu: 0.0000, FD: 0.0568, Var: 0.0000, CStr: 0.401, Ctx: 2, Train: 99.95%, Valid: 97.55%, Test In: 97.43% Test OOD1: 90.15% 
Epoch: 339, Loss: 0.1451, Cls: 0.0577, Ind: 0.0001, Med: 0.0289, Spu: 0.0000, FD: 0.0584, Var: 0.0000, CStr: 0.401, Ctx: 2, Train: 99.94%, Valid: 97.32%, Test In: 97.30% Test OOD1: 91.57% 
Epoch: 340, Loss: 0.1438, Cls: 0.0572, Ind: 0.0001, Med: 0.0287, Spu: 0.0000, FD: 0.0578, Var: 0.0000, CStr: 0.401, Ctx: 2, Train: 99.93%, Valid: 97.40%, Test In: 97.42% Test OOD1: 89.89% 
Epoch: 341, Loss: 0.1434, Cls: 0.0570, Ind: 0.0001, Med: 0.0286, Spu: 0.0000, FD: 0.0577, Var: 0.0000, CStr: 0.401, Ctx: 2, Train: 99.96%, Valid: 97.61%, Test In: 97.50% Test OOD1: 90.38% 
Epoch: 342, Loss: 0.1373, Cls: 0.0547, Ind: 0.0001, Med: 0.0275, Spu: 0.0000, FD: 0.0550, Var: 0.0000, CStr: 0.401, Ctx: 2, Train: 99.96%, Valid: 97.46%, Test In: 97.36% Test OOD1: 91.72% 
Epoch: 343, Loss: 0.1489, Cls: 0.0592, Ind: 0.0001, Med: 0.0295, Spu: 0.0000, FD: 0.0601, Var: 0.0000, CStr: 0.401, Ctx: 2, Train: 99.96%, Valid: 97.41%, Test In: 97.41% Test OOD1: 91.22% 
Epoch: 344, Loss: 0.1426, Cls: 0.0567, Ind: 0.0001, Med: 0.0285, Spu: 0.0000, FD: 0.0572, Var: 0.0000, CStr: 0.402, Ctx: 2, Train: 99.96%, Valid: 97.50%, Test In: 97.52% Test OOD1: 89.79% 
Epoch: 345, Loss: 0.1480, Cls: 0.0589, Ind: 0.0001, Med: 0.0294, Spu: 0.0000, FD: 0.0596, Var: 0.0000, CStr: 0.402, Ctx: 2, Train: 99.96%, Valid: 97.44%, Test In: 97.43% Test OOD1: 90.85% 
Epoch: 346, Loss: 0.1436, Cls: 0.0572, Ind: 0.0001, Med: 0.0286, Spu: 0.0000, FD: 0.0578, Var: 0.0000, CStr: 0.402, Ctx: 2, Train: 99.92%, Valid: 97.28%, Test In: 97.19% Test OOD1: 91.74% 
Epoch: 347, Loss: 0.1416, Cls: 0.0563, Ind: 0.0001, Med: 0.0282, Spu: 0.0000, FD: 0.0569, Var: 0.0000, CStr: 0.402, Ctx: 2, Train: 99.96%, Valid: 97.48%, Test In: 97.52% Test OOD1: 90.51% 
Epoch: 348, Loss: 0.1443, Cls: 0.0574, Ind: 0.0001, Med: 0.0288, Spu: 0.0000, FD: 0.0580, Var: 0.0000, CStr: 0.402, Ctx: 2, Train: 99.95%, Valid: 97.42%, Test In: 97.34% Test OOD1: 92.03% 
Epoch: 349, Loss: 0.1349, Cls: 0.0537, Ind: 0.0001, Med: 0.0269, Spu: 0.0000, FD: 0.0542, Var: 0.0000, CStr: 0.402, Ctx: 2, Train: 99.95%, Valid: 97.35%, Test In: 97.30% Test OOD1: 92.08% 
Epoch: 350, Loss: 0.1347, Cls: 0.0535, Ind: 0.0001, Med: 0.0268, Spu: 0.0000, FD: 0.0542, Var: 0.0000, CStr: 0.402, Ctx: 2, Train: 99.95%, Valid: 97.45%, Test In: 97.35% Test OOD1: 91.19% 
Epoch: 351, Loss: 0.1449, Cls: 0.0576, Ind: 0.0001, Med: 0.0289, Spu: 0.0000, FD: 0.0582, Var: 0.0000, CStr: 0.402, Ctx: 2, Train: 99.94%, Valid: 97.41%, Test In: 97.34% Test OOD1: 92.47% 
Epoch: 352, Loss: 0.1398, Cls: 0.0556, Ind: 0.0001, Med: 0.0278, Spu: 0.0000, FD: 0.0562, Var: 0.0000, CStr: 0.402, Ctx: 2, Train: 99.96%, Valid: 97.40%, Test In: 97.38% Test OOD1: 92.18% 
Epoch: 353, Loss: 0.1438, Cls: 0.0572, Ind: 0.0001, Med: 0.0286, Spu: 0.0000, FD: 0.0579, Var: 0.0000, CStr: 0.402, Ctx: 2, Train: 99.94%, Valid: 97.40%, Test In: 97.40% Test OOD1: 90.27% 
Epoch: 354, Loss: 0.1541, Cls: 0.0613, Ind: 0.0001, Med: 0.0306, Spu: 0.0000, FD: 0.0620, Var: 0.0000, CStr: 0.402, Ctx: 2, Train: 99.95%, Valid: 97.38%, Test In: 97.44% Test OOD1: 91.85% 
Epoch: 355, Loss: 0.1365, Cls: 0.0543, Ind: 0.0001, Med: 0.0272, Spu: 0.0000, FD: 0.0549, Var: 0.0000, CStr: 0.403, Ctx: 2, Train: 99.97%, Valid: 97.50%, Test In: 97.55% Test OOD1: 90.42% 
Epoch: 356, Loss: 0.1353, Cls: 0.0538, Ind: 0.0001, Med: 0.0270, Spu: 0.0000, FD: 0.0544, Var: 0.0000, CStr: 0.403, Ctx: 2, Train: 99.95%, Valid: 97.44%, Test In: 97.48% Test OOD1: 88.92% 
Epoch: 357, Loss: 0.1457, Cls: 0.0580, Ind: 0.0001, Med: 0.0290, Spu: 0.0000, FD: 0.0586, Var: 0.0000, CStr: 0.403, Ctx: 2, Train: 99.96%, Valid: 97.40%, Test In: 97.30% Test OOD1: 91.74% 
Epoch: 358, Loss: 0.1422, Cls: 0.0566, Ind: 0.0001, Med: 0.0284, Spu: 0.0000, FD: 0.0571, Var: 0.0000, CStr: 0.403, Ctx: 2, Train: 99.97%, Valid: 97.49%, Test In: 97.46% Test OOD1: 91.34% 
Epoch: 359, Loss: 0.1339, Cls: 0.0533, Ind: 0.0001, Med: 0.0267, Spu: 0.0000, FD: 0.0538, Var: 0.0000, CStr: 0.403, Ctx: 2, Train: 99.97%, Valid: 97.59%, Test In: 97.64% Test OOD1: 89.83% 
Epoch: 360, Loss: 0.1421, Cls: 0.0566, Ind: 0.0001, Med: 0.0284, Spu: 0.0000, FD: 0.0569, Var: 0.0000, CStr: 0.403, Ctx: 2, Train: 99.97%, Valid: 97.50%, Test In: 97.49% Test OOD1: 91.98% 
Epoch: 361, Loss: 0.1315, Cls: 0.0523, Ind: 0.0001, Med: 0.0262, Spu: 0.0000, FD: 0.0529, Var: 0.0000, CStr: 0.403, Ctx: 2, Train: 99.94%, Valid: 97.47%, Test In: 97.35% Test OOD1: 92.99% 
Epoch: 362, Loss: 0.1457, Cls: 0.0580, Ind: 0.0001, Med: 0.0290, Spu: 0.0000, FD: 0.0586, Var: 0.0000, CStr: 0.403, Ctx: 2, Train: 99.97%, Valid: 97.58%, Test In: 97.56% Test OOD1: 91.01% 
Epoch: 363, Loss: 0.1415, Cls: 0.0563, Ind: 0.0001, Med: 0.0283, Spu: 0.0000, FD: 0.0568, Var: 0.0000, CStr: 0.404, Ctx: 2, Train: 99.95%, Valid: 97.42%, Test In: 97.43% Test OOD1: 91.60% 
Epoch: 364, Loss: 0.1429, Cls: 0.0569, Ind: 0.0001, Med: 0.0286, Spu: 0.0000, FD: 0.0574, Var: 0.0000, CStr: 0.404, Ctx: 2, Train: 99.94%, Valid: 97.36%, Test In: 97.27% Test OOD1: 91.92% 
Epoch: 365, Loss: 0.1303, Cls: 0.0519, Ind: 0.0001, Med: 0.0260, Spu: 0.0000, FD: 0.0523, Var: 0.0000, CStr: 0.404, Ctx: 2, Train: 99.96%, Valid: 97.42%, Test In: 97.41% Test OOD1: 91.27% 
Epoch: 366, Loss: 0.1350, Cls: 0.0537, Ind: 0.0001, Med: 0.0268, Spu: 0.0000, FD: 0.0544, Var: 0.0000, CStr: 0.404, Ctx: 2, Train: 99.94%, Valid: 97.34%, Test In: 97.32% Test OOD1: 91.54% 
Epoch: 367, Loss: 0.1338, Cls: 0.0532, Ind: 0.0001, Med: 0.0265, Spu: 0.0000, FD: 0.0540, Var: 0.0000, CStr: 0.404, Ctx: 2, Train: 99.95%, Valid: 97.32%, Test In: 97.27% Test OOD1: 91.69% 
Epoch: 368, Loss: 0.1371, Cls: 0.0546, Ind: 0.0001, Med: 0.0274, Spu: 0.0000, FD: 0.0550, Var: 0.0000, CStr: 0.404, Ctx: 2, Train: 99.97%, Valid: 97.51%, Test In: 97.39% Test OOD1: 90.89% 
Epoch: 369, Loss: 0.1359, Cls: 0.0540, Ind: 0.0001, Med: 0.0271, Spu: 0.0000, FD: 0.0547, Var: 0.0000, CStr: 0.404, Ctx: 2, Train: 99.96%, Valid: 97.39%, Test In: 97.40% Test OOD1: 91.63% 
Epoch: 370, Loss: 0.1315, Cls: 0.0523, Ind: 0.0001, Med: 0.0261, Spu: 0.0000, FD: 0.0529, Var: 0.0000, CStr: 0.405, Ctx: 2, Train: 99.96%, Valid: 97.42%, Test In: 97.42% Test OOD1: 91.11% 
Epoch: 371, Loss: 0.1431, Cls: 0.0569, Ind: 0.0001, Med: 0.0285, Spu: 0.0000, FD: 0.0575, Var: 0.0000, CStr: 0.405, Ctx: 2, Train: 99.97%, Valid: 97.63%, Test In: 97.50% Test OOD1: 90.64% 
Epoch: 372, Loss: 0.1335, Cls: 0.0532, Ind: 0.0001, Med: 0.0267, Spu: 0.0000, FD: 0.0536, Var: 0.0000, CStr: 0.405, Ctx: 2, Train: 99.97%, Valid: 97.61%, Test In: 97.51% Test OOD1: 91.03% 
Epoch: 373, Loss: 0.1396, Cls: 0.0555, Ind: 0.0001, Med: 0.0277, Spu: 0.0000, FD: 0.0562, Var: 0.0000, CStr: 0.405, Ctx: 2, Train: 99.95%, Valid: 97.42%, Test In: 97.31% Test OOD1: 92.26% 
Epoch: 374, Loss: 0.1424, Cls: 0.0566, Ind: 0.0001, Med: 0.0283, Spu: 0.0000, FD: 0.0574, Var: 0.0000, CStr: 0.405, Ctx: 2, Train: 99.97%, Valid: 97.57%, Test In: 97.46% Test OOD1: 91.05% 
Epoch: 375, Loss: 0.1334, Cls: 0.0531, Ind: 0.0001, Med: 0.0266, Spu: 0.0000, FD: 0.0537, Var: 0.0000, CStr: 0.405, Ctx: 2, Train: 99.97%, Valid: 97.63%, Test In: 97.46% Test OOD1: 90.49% 
Epoch: 376, Loss: 0.1340, Cls: 0.0533, Ind: 0.0001, Med: 0.0268, Spu: 0.0000, FD: 0.0537, Var: 0.0000, CStr: 0.406, Ctx: 2, Train: 99.95%, Valid: 97.32%, Test In: 97.28% Test OOD1: 91.70% 
Epoch: 377, Loss: 0.1359, Cls: 0.0541, Ind: 0.0001, Med: 0.0271, Spu: 0.0000, FD: 0.0546, Var: 0.0000, CStr: 0.406, Ctx: 2, Train: 99.96%, Valid: 97.44%, Test In: 97.40% Test OOD1: 91.22% 
Epoch: 378, Loss: 0.1297, Cls: 0.0516, Ind: 0.0001, Med: 0.0259, Spu: 0.0000, FD: 0.0520, Var: 0.0000, CStr: 0.406, Ctx: 2, Train: 99.95%, Valid: 97.55%, Test In: 97.53% Test OOD1: 90.89% 
Epoch: 379, Loss: 0.1335, Cls: 0.0531, Ind: 0.0001, Med: 0.0267, Spu: 0.0000, FD: 0.0536, Var: 0.0000, CStr: 0.406, Ctx: 2, Train: 99.96%, Valid: 97.49%, Test In: 97.45% Test OOD1: 91.74% 
Epoch: 380, Loss: 0.1366, Cls: 0.0543, Ind: 0.0001, Med: 0.0272, Spu: 0.0000, FD: 0.0549, Var: 0.0000, CStr: 0.406, Ctx: 2, Train: 99.95%, Valid: 97.44%, Test In: 97.34% Test OOD1: 92.52% 
Epoch: 381, Loss: 0.1329, Cls: 0.0528, Ind: 0.0001, Med: 0.0264, Spu: 0.0000, FD: 0.0535, Var: 0.0000, CStr: 0.406, Ctx: 2, Train: 99.97%, Valid: 97.68%, Test In: 97.65% Test OOD1: 91.05% 
Epoch: 382, Loss: 0.1349, Cls: 0.0537, Ind: 0.0001, Med: 0.0269, Spu: 0.0000, FD: 0.0542, Var: 0.0000, CStr: 0.406, Ctx: 2, Train: 99.97%, Valid: 97.65%, Test In: 97.57% Test OOD1: 91.58% 
Epoch: 383, Loss: 0.1270, Cls: 0.0505, Ind: 0.0001, Med: 0.0254, Spu: 0.0000, FD: 0.0510, Var: 0.0000, CStr: 0.407, Ctx: 2, Train: 99.96%, Valid: 97.57%, Test In: 97.44% Test OOD1: 92.41% 
Epoch: 384, Loss: 0.1361, Cls: 0.0541, Ind: 0.0001, Med: 0.0271, Spu: 0.0000, FD: 0.0548, Var: 0.0000, CStr: 0.407, Ctx: 2, Train: 99.96%, Valid: 97.63%, Test In: 97.58% Test OOD1: 90.59% 
Epoch: 385, Loss: 0.1328, Cls: 0.0528, Ind: 0.0001, Med: 0.0264, Spu: 0.0000, FD: 0.0534, Var: 0.0000, CStr: 0.407, Ctx: 2, Train: 99.97%, Valid: 97.64%, Test In: 97.46% Test OOD1: 92.16% 
Epoch: 386, Loss: 0.1311, Cls: 0.0522, Ind: 0.0001, Med: 0.0261, Spu: 0.0000, FD: 0.0528, Var: 0.0000, CStr: 0.407, Ctx: 2, Train: 99.97%, Valid: 97.65%, Test In: 97.43% Test OOD1: 91.33% 
Epoch: 387, Loss: 0.1340, Cls: 0.0533, Ind: 0.0001, Med: 0.0266, Spu: 0.0000, FD: 0.0540, Var: 0.0000, CStr: 0.407, Ctx: 2, Train: 99.98%, Valid: 97.61%, Test In: 97.57% Test OOD1: 90.61% 
Epoch: 388, Loss: 0.1354, Cls: 0.0539, Ind: 0.0001, Med: 0.0271, Spu: 0.0000, FD: 0.0543, Var: 0.0000, CStr: 0.407, Ctx: 2, Train: 99.96%, Valid: 97.47%, Test In: 97.35% Test OOD1: 91.87% 
Epoch: 389, Loss: 0.1378, Cls: 0.0548, Ind: 0.0001, Med: 0.0274, Spu: 0.0000, FD: 0.0555, Var: 0.0000, CStr: 0.407, Ctx: 2, Train: 99.96%, Valid: 97.53%, Test In: 97.48% Test OOD1: 90.89% 
Epoch: 390, Loss: 0.1322, Cls: 0.0526, Ind: 0.0001, Med: 0.0264, Spu: 0.0000, FD: 0.0531, Var: 0.0000, CStr: 0.407, Ctx: 2, Train: 99.98%, Valid: 97.57%, Test In: 97.53% Test OOD1: 91.25% 
Epoch: 391, Loss: 0.1338, Cls: 0.0533, Ind: 0.0001, Med: 0.0268, Spu: 0.0000, FD: 0.0536, Var: 0.0000, CStr: 0.407, Ctx: 2, Train: 99.96%, Valid: 97.51%, Test In: 97.46% Test OOD1: 92.02% 
Epoch: 392, Loss: 0.1364, Cls: 0.0542, Ind: 0.0001, Med: 0.0271, Spu: 0.0000, FD: 0.0549, Var: 0.0000, CStr: 0.407, Ctx: 2, Train: 99.96%, Valid: 97.57%, Test In: 97.59% Test OOD1: 91.90% 
Epoch: 393, Loss: 0.1350, Cls: 0.0537, Ind: 0.0001, Med: 0.0268, Spu: 0.0000, FD: 0.0544, Var: 0.0000, CStr: 0.408, Ctx: 2, Train: 99.97%, Valid: 97.60%, Test In: 97.61% Test OOD1: 91.88% 
Epoch: 394, Loss: 0.1315, Cls: 0.0523, Ind: 0.0001, Med: 0.0261, Spu: 0.0000, FD: 0.0530, Var: 0.0000, CStr: 0.408, Ctx: 2, Train: 99.95%, Valid: 97.46%, Test In: 97.55% Test OOD1: 92.54% 
Epoch: 395, Loss: 0.1443, Cls: 0.0574, Ind: 0.0001, Med: 0.0288, Spu: 0.0000, FD: 0.0580, Var: 0.0000, CStr: 0.408, Ctx: 2, Train: 99.96%, Valid: 97.48%, Test In: 97.46% Test OOD1: 92.91% 
Epoch: 396, Loss: 0.1347, Cls: 0.0536, Ind: 0.0001, Med: 0.0268, Spu: 0.0000, FD: 0.0542, Var: 0.0000, CStr: 0.408, Ctx: 2, Train: 99.96%, Valid: 97.61%, Test In: 97.63% Test OOD1: 90.97% 
Epoch: 397, Loss: 0.1351, Cls: 0.0538, Ind: 0.0001, Med: 0.0269, Spu: 0.0000, FD: 0.0544, Var: 0.0000, CStr: 0.408, Ctx: 2, Train: 99.97%, Valid: 97.53%, Test In: 97.52% Test OOD1: 92.26% 
Epoch: 398, Loss: 0.1349, Cls: 0.0537, Ind: 0.0001, Med: 0.0269, Spu: 0.0000, FD: 0.0542, Var: 0.0000, CStr: 0.408, Ctx: 2, Train: 99.97%, Valid: 97.52%, Test In: 97.44% Test OOD1: 92.46% 
Epoch: 399, Loss: 0.1377, Cls: 0.0548, Ind: 0.0001, Med: 0.0275, Spu: 0.0000, FD: 0.0553, Var: 0.0000, CStr: 0.408, Ctx: 2, Train: 99.96%, Valid: 97.54%, Test In: 97.49% Test OOD1: 89.75% 
Epoch: 400, Loss: 0.1395, Cls: 0.0555, Ind: 0.0001, Med: 0.0277, Spu: 0.0000, FD: 0.0562, Var: 0.0000, CStr: 0.408, Ctx: 2, Train: 99.98%, Valid: 97.50%, Test In: 97.49% Test OOD1: 91.56% 
Epoch: 401, Loss: 0.1338, Cls: 0.0532, Ind: 0.0001, Med: 0.0267, Spu: 0.0000, FD: 0.0536, Var: 0.0000, CStr: 0.408, Ctx: 2, Train: 99.97%, Valid: 97.50%, Test In: 97.48% Test OOD1: 90.89% 
Epoch: 402, Loss: 0.1372, Cls: 0.0545, Ind: 0.0001, Med: 0.0272, Spu: 0.0000, FD: 0.0553, Var: 0.0000, CStr: 0.408, Ctx: 2, Train: 99.97%, Valid: 97.53%, Test In: 97.59% Test OOD1: 89.65% 
Epoch: 403, Loss: 0.1377, Cls: 0.0548, Ind: 0.0001, Med: 0.0275, Spu: 0.0000, FD: 0.0552, Var: 0.0000, CStr: 0.408, Ctx: 2, Train: 99.96%, Valid: 97.45%, Test In: 97.40% Test OOD1: 91.93% 
Epoch: 404, Loss: 0.1289, Cls: 0.0513, Ind: 0.0001, Med: 0.0258, Spu: 0.0000, FD: 0.0516, Var: 0.0000, CStr: 0.408, Ctx: 2, Train: 99.96%, Valid: 97.44%, Test In: 97.57% Test OOD1: 91.58% 
Epoch: 405, Loss: 0.1283, Cls: 0.0511, Ind: 0.0001, Med: 0.0256, Spu: 0.0000, FD: 0.0516, Var: 0.0000, CStr: 0.408, Ctx: 2, Train: 99.97%, Valid: 97.50%, Test In: 97.56% Test OOD1: 90.38% 
Epoch: 406, Loss: 0.1391, Cls: 0.0553, Ind: 0.0001, Med: 0.0276, Spu: 0.0000, FD: 0.0561, Var: 0.0000, CStr: 0.408, Ctx: 2, Train: 99.95%, Valid: 97.32%, Test In: 97.32% Test OOD1: 93.04% 
Epoch: 407, Loss: 0.1339, Cls: 0.0533, Ind: 0.0001, Med: 0.0267, Spu: 0.0000, FD: 0.0538, Var: 0.0000, CStr: 0.408, Ctx: 2, Train: 99.96%, Valid: 97.48%, Test In: 97.51% Test OOD1: 91.83% 
Epoch: 408, Loss: 0.1337, Cls: 0.0532, Ind: 0.0001, Med: 0.0266, Spu: 0.0000, FD: 0.0538, Var: 0.0000, CStr: 0.408, Ctx: 2, Train: 99.97%, Valid: 97.58%, Test In: 97.57% Test OOD1: 90.35% 
Epoch: 409, Loss: 0.1350, Cls: 0.0536, Ind: 0.0001, Med: 0.0267, Spu: 0.0000, FD: 0.0546, Var: 0.0000, CStr: 0.408, Ctx: 2, Train: 99.95%, Valid: 97.43%, Test In: 97.36% Test OOD1: 92.50% 
Epoch: 410, Loss: 0.1320, Cls: 0.0525, Ind: 0.0001, Med: 0.0262, Spu: 0.0000, FD: 0.0532, Var: 0.0000, CStr: 0.408, Ctx: 2, Train: 99.95%, Valid: 97.46%, Test In: 97.42% Test OOD1: 92.58% 
Epoch: 411, Loss: 0.1346, Cls: 0.0535, Ind: 0.0001, Med: 0.0267, Spu: 0.0000, FD: 0.0542, Var: 0.0000, CStr: 0.408, Ctx: 2, Train: 99.97%, Valid: 97.65%, Test In: 97.62% Test OOD1: 90.14% 
Epoch: 412, Loss: 0.1403, Cls: 0.0559, Ind: 0.0001, Med: 0.0280, Spu: 0.0000, FD: 0.0563, Var: 0.0000, CStr: 0.408, Ctx: 2, Train: 99.97%, Valid: 97.55%, Test In: 97.63% Test OOD1: 91.75% 
Epoch: 413, Loss: 0.1295, Cls: 0.0516, Ind: 0.0001, Med: 0.0259, Spu: 0.0000, FD: 0.0520, Var: 0.0000, CStr: 0.408, Ctx: 2, Train: 99.93%, Valid: 97.20%, Test In: 97.21% Test OOD1: 93.54% 
Epoch: 414, Loss: 0.1401, Cls: 0.0558, Ind: 0.0001, Med: 0.0279, Spu: 0.0000, FD: 0.0564, Var: 0.0000, CStr: 0.408, Ctx: 2, Train: 99.97%, Valid: 97.61%, Test In: 97.78% Test OOD1: 90.06% 
Epoch: 415, Loss: 0.1390, Cls: 0.0554, Ind: 0.0001, Med: 0.0278, Spu: 0.0000, FD: 0.0558, Var: 0.0000, CStr: 0.408, Ctx: 2, Train: 99.97%, Valid: 97.49%, Test In: 97.70% Test OOD1: 90.77% 
Epoch: 416, Loss: 0.1266, Cls: 0.0504, Ind: 0.0001, Med: 0.0253, Spu: 0.0000, FD: 0.0509, Var: 0.0000, CStr: 0.408, Ctx: 2, Train: 99.90%, Valid: 97.11%, Test In: 97.04% Test OOD1: 93.18% 
Epoch: 417, Loss: 0.1496, Cls: 0.0596, Ind: 0.0001, Med: 0.0298, Spu: 0.0000, FD: 0.0602, Var: 0.0000, CStr: 0.408, Ctx: 2, Train: 99.97%, Valid: 97.50%, Test In: 97.69% Test OOD1: 89.79% 
Epoch: 418, Loss: 0.1330, Cls: 0.0529, Ind: 0.0001, Med: 0.0264, Spu: 0.0000, FD: 0.0536, Var: 0.0000, CStr: 0.408, Ctx: 2, Train: 99.98%, Valid: 97.53%, Test In: 97.69% Test OOD1: 89.44% 
Epoch: 419, Loss: 0.1375, Cls: 0.0547, Ind: 0.0001, Med: 0.0275, Spu: 0.0000, FD: 0.0552, Var: 0.0000, CStr: 0.408, Ctx: 2, Train: 99.95%, Valid: 97.32%, Test In: 97.36% Test OOD1: 91.97% 
Epoch: 420, Loss: 0.1354, Cls: 0.0539, Ind: 0.0001, Med: 0.0269, Spu: 0.0000, FD: 0.0545, Var: 0.0000, CStr: 0.408, Ctx: 2, Train: 99.98%, Valid: 97.55%, Test In: 97.72% Test OOD1: 90.21% 
Epoch: 421, Loss: 0.1254, Cls: 0.0499, Ind: 0.0001, Med: 0.0249, Spu: 0.0000, FD: 0.0505, Var: 0.0000, CStr: 0.408, Ctx: 2, Train: 99.97%, Valid: 97.51%, Test In: 97.71% Test OOD1: 89.67% 
Epoch: 422, Loss: 0.1334, Cls: 0.0531, Ind: 0.0001, Med: 0.0265, Spu: 0.0000, FD: 0.0537, Var: 0.0000, CStr: 0.408, Ctx: 2, Train: 99.96%, Valid: 97.45%, Test In: 97.50% Test OOD1: 92.29% 
Epoch: 423, Loss: 0.1275, Cls: 0.0507, Ind: 0.0001, Med: 0.0254, Spu: 0.0000, FD: 0.0513, Var: 0.0000, CStr: 0.408, Ctx: 2, Train: 99.98%, Valid: 97.51%, Test In: 97.65% Test OOD1: 91.49% 
Epoch: 424, Loss: 0.1290, Cls: 0.0513, Ind: 0.0001, Med: 0.0256, Spu: 0.0000, FD: 0.0520, Var: 0.0000, CStr: 0.408, Ctx: 2, Train: 99.98%, Valid: 97.61%, Test In: 97.69% Test OOD1: 90.81% 
Epoch: 425, Loss: 0.1315, Cls: 0.0523, Ind: 0.0001, Med: 0.0262, Spu: 0.0000, FD: 0.0529, Var: 0.0000, CStr: 0.408, Ctx: 2, Train: 99.97%, Valid: 97.49%, Test In: 97.61% Test OOD1: 92.25% 
Epoch: 426, Loss: 0.1225, Cls: 0.0488, Ind: 0.0001, Med: 0.0245, Spu: 0.0000, FD: 0.0492, Var: 0.0000, CStr: 0.408, Ctx: 2, Train: 99.97%, Valid: 97.53%, Test In: 97.75% Test OOD1: 91.51% 
Epoch: 427, Loss: 0.1296, Cls: 0.0516, Ind: 0.0001, Med: 0.0257, Spu: 0.0000, FD: 0.0522, Var: 0.0000, CStr: 0.408, Ctx: 2, Train: 99.98%, Valid: 97.58%, Test In: 97.73% Test OOD1: 90.89% 
Epoch: 428, Loss: 0.1235, Cls: 0.0491, Ind: 0.0001, Med: 0.0246, Spu: 0.0000, FD: 0.0496, Var: 0.0000, CStr: 0.408, Ctx: 2, Train: 99.97%, Valid: 97.53%, Test In: 97.76% Test OOD1: 91.02% 
Epoch: 429, Loss: 0.1256, Cls: 0.0500, Ind: 0.0001, Med: 0.0249, Spu: 0.0000, FD: 0.0506, Var: 0.0000, CStr: 0.408, Ctx: 2, Train: 99.98%, Valid: 97.46%, Test In: 97.59% Test OOD1: 92.00% 
Epoch: 430, Loss: 0.1257, Cls: 0.0500, Ind: 0.0001, Med: 0.0251, Spu: 0.0000, FD: 0.0505, Var: 0.0000, CStr: 0.408, Ctx: 2, Train: 99.98%, Valid: 97.52%, Test In: 97.67% Test OOD1: 91.73% 
Epoch: 431, Loss: 0.1264, Cls: 0.0504, Ind: 0.0001, Med: 0.0254, Spu: 0.0000, FD: 0.0506, Var: 0.0000, CStr: 0.408, Ctx: 2, Train: 99.97%, Valid: 97.53%, Test In: 97.64% Test OOD1: 91.41% 
Epoch: 432, Loss: 0.1253, Cls: 0.0499, Ind: 0.0001, Med: 0.0249, Spu: 0.0000, FD: 0.0504, Var: 0.0000, CStr: 0.408, Ctx: 2, Train: 99.97%, Valid: 97.50%, Test In: 97.57% Test OOD1: 92.31% 
Epoch: 433, Loss: 0.1350, Cls: 0.0538, Ind: 0.0001, Med: 0.0269, Spu: 0.0000, FD: 0.0542, Var: 0.0000, CStr: 0.408, Ctx: 2, Train: 99.96%, Valid: 97.50%, Test In: 97.65% Test OOD1: 92.40% 
Epoch: 434, Loss: 0.1219, Cls: 0.0485, Ind: 0.0001, Med: 0.0242, Spu: 0.0000, FD: 0.0491, Var: 0.0000, CStr: 0.408, Ctx: 2, Train: 99.97%, Valid: 97.48%, Test In: 97.75% Test OOD1: 91.54% 
Epoch: 435, Loss: 0.1334, Cls: 0.0530, Ind: 0.0001, Med: 0.0263, Spu: 0.0000, FD: 0.0540, Var: 0.0000, CStr: 0.408, Ctx: 2, Train: 99.97%, Valid: 97.48%, Test In: 97.69% Test OOD1: 92.54% 
Epoch: 436, Loss: 0.1296, Cls: 0.0516, Ind: 0.0001, Med: 0.0259, Spu: 0.0000, FD: 0.0520, Var: 0.0000, CStr: 0.408, Ctx: 2, Train: 99.97%, Valid: 97.51%, Test In: 97.69% Test OOD1: 92.55% 
Epoch: 437, Loss: 0.1277, Cls: 0.0508, Ind: 0.0001, Med: 0.0254, Spu: 0.0000, FD: 0.0514, Var: 0.0000, CStr: 0.408, Ctx: 2, Train: 99.97%, Valid: 97.53%, Test In: 97.75% Test OOD1: 91.35% 
Epoch: 438, Loss: 0.1265, Cls: 0.0503, Ind: 0.0001, Med: 0.0251, Spu: 0.0000, FD: 0.0511, Var: 0.0000, CStr: 0.408, Ctx: 2, Train: 99.97%, Valid: 97.48%, Test In: 97.57% Test OOD1: 92.95% 
Epoch: 439, Loss: 0.1269, Cls: 0.0505, Ind: 0.0001, Med: 0.0252, Spu: 0.0000, FD: 0.0511, Var: 0.0000, CStr: 0.408, Ctx: 2, Train: 99.97%, Valid: 97.46%, Test In: 97.67% Test OOD1: 92.36% 
Epoch: 440, Loss: 0.1275, Cls: 0.0507, Ind: 0.0001, Med: 0.0254, Spu: 0.0000, FD: 0.0512, Var: 0.0000, CStr: 0.408, Ctx: 2, Train: 99.97%, Valid: 97.50%, Test In: 97.65% Test OOD1: 91.09% 
Epoch: 441, Loss: 0.1258, Cls: 0.0501, Ind: 0.0001, Med: 0.0251, Spu: 0.0000, FD: 0.0505, Var: 0.0000, CStr: 0.408, Ctx: 2, Train: 99.97%, Valid: 97.50%, Test In: 97.59% Test OOD1: 92.67% 
Epoch: 442, Loss: 0.1296, Cls: 0.0516, Ind: 0.0001, Med: 0.0259, Spu: 0.0000, FD: 0.0521, Var: 0.0000, CStr: 0.408, Ctx: 2, Train: 99.96%, Valid: 97.45%, Test In: 97.58% Test OOD1: 93.05% 
Epoch: 443, Loss: 0.1197, Cls: 0.0477, Ind: 0.0001, Med: 0.0239, Spu: 0.0000, FD: 0.0481, Var: 0.0000, CStr: 0.408, Ctx: 2, Train: 99.96%, Valid: 97.47%, Test In: 97.68% Test OOD1: 90.76% 
Epoch: 444, Loss: 0.1283, Cls: 0.0510, Ind: 0.0001, Med: 0.0255, Spu: 0.0000, FD: 0.0516, Var: 0.0000, CStr: 0.408, Ctx: 2, Train: 99.98%, Valid: 97.52%, Test In: 97.71% Test OOD1: 92.01% 
Epoch: 445, Loss: 0.1311, Cls: 0.0521, Ind: 0.0001, Med: 0.0260, Spu: 0.0000, FD: 0.0528, Var: 0.0000, CStr: 0.408, Ctx: 2, Train: 99.96%, Valid: 97.36%, Test In: 97.46% Test OOD1: 93.60% 
Epoch: 446, Loss: 0.1302, Cls: 0.0518, Ind: 0.0001, Med: 0.0259, Spu: 0.0000, FD: 0.0524, Var: 0.0000, CStr: 0.408, Ctx: 2, Train: 99.97%, Valid: 97.39%, Test In: 97.57% Test OOD1: 91.97% 
Epoch: 447, Loss: 0.1239, Cls: 0.0493, Ind: 0.0001, Med: 0.0246, Spu: 0.0000, FD: 0.0499, Var: 0.0000, CStr: 0.408, Ctx: 2, Train: 99.98%, Valid: 97.48%, Test In: 97.65% Test OOD1: 91.62% 
Epoch: 448, Loss: 0.1211, Cls: 0.0482, Ind: 0.0001, Med: 0.0241, Spu: 0.0000, FD: 0.0487, Var: 0.0000, CStr: 0.408, Ctx: 2, Train: 99.98%, Valid: 97.50%, Test In: 97.47% Test OOD1: 93.24% 
Epoch: 449, Loss: 0.1276, Cls: 0.0508, Ind: 0.0001, Med: 0.0255, Spu: 0.0000, FD: 0.0512, Var: 0.0000, CStr: 0.408, Ctx: 2, Train: 99.98%, Valid: 97.55%, Test In: 97.67% Test OOD1: 91.73% 
Epoch: 450, Loss: 0.1283, Cls: 0.0510, Ind: 0.0001, Med: 0.0255, Spu: 0.0000, FD: 0.0517, Var: 0.0000, CStr: 0.408, Ctx: 2, Train: 99.98%, Valid: 97.59%, Test In: 97.72% Test OOD1: 91.83% 
Epoch: 451, Loss: 0.1310, Cls: 0.0521, Ind: 0.0001, Med: 0.0260, Spu: 0.0000, FD: 0.0528, Var: 0.0000, CStr: 0.408, Ctx: 2, Train: 99.97%, Valid: 97.55%, Test In: 97.46% Test OOD1: 93.00% 
Epoch: 452, Loss: 0.1335, Cls: 0.0531, Ind: 0.0001, Med: 0.0265, Spu: 0.0000, FD: 0.0538, Var: 0.0000, CStr: 0.408, Ctx: 2, Train: 99.97%, Valid: 97.59%, Test In: 97.72% Test OOD1: 91.39% 
Epoch: 453, Loss: 0.1213, Cls: 0.0482, Ind: 0.0001, Med: 0.0241, Spu: 0.0000, FD: 0.0489, Var: 0.0000, CStr: 0.408, Ctx: 2, Train: 99.97%, Valid: 97.53%, Test In: 97.71% Test OOD1: 91.26% 
Epoch: 454, Loss: 0.1262, Cls: 0.0502, Ind: 0.0001, Med: 0.0251, Spu: 0.0000, FD: 0.0508, Var: 0.0000, CStr: 0.408, Ctx: 2, Train: 99.96%, Valid: 97.57%, Test In: 97.64% Test OOD1: 92.21% 
Epoch: 455, Loss: 0.1218, Cls: 0.0485, Ind: 0.0001, Med: 0.0243, Spu: 0.0000, FD: 0.0490, Var: 0.0000, CStr: 0.408, Ctx: 2, Train: 99.97%, Valid: 97.55%, Test In: 97.68% Test OOD1: 91.75% 
Epoch: 456, Loss: 0.1206, Cls: 0.0480, Ind: 0.0001, Med: 0.0241, Spu: 0.0000, FD: 0.0484, Var: 0.0000, CStr: 0.408, Ctx: 2, Train: 99.98%, Valid: 97.60%, Test In: 97.69% Test OOD1: 90.30% 
Epoch: 457, Loss: 0.1252, Cls: 0.0499, Ind: 0.0001, Med: 0.0251, Spu: 0.0000, FD: 0.0501, Var: 0.0000, CStr: 0.408, Ctx: 2, Train: 99.97%, Valid: 97.64%, Test In: 97.57% Test OOD1: 91.71% 
Epoch: 458, Loss: 0.1285, Cls: 0.0512, Ind: 0.0001, Med: 0.0257, Spu: 0.0000, FD: 0.0515, Var: 0.0000, CStr: 0.408, Ctx: 2, Train: 99.94%, Valid: 97.42%, Test In: 97.55% Test OOD1: 92.21% 
Epoch: 459, Loss: 0.1264, Cls: 0.0503, Ind: 0.0001, Med: 0.0252, Spu: 0.0000, FD: 0.0508, Var: 0.0000, CStr: 0.408, Ctx: 2, Train: 99.97%, Valid: 97.52%, Test In: 97.56% Test OOD1: 89.24% 
Epoch: 460, Loss: 0.1326, Cls: 0.0528, Ind: 0.0001, Med: 0.0265, Spu: 0.0000, FD: 0.0532, Var: 0.0000, CStr: 0.408, Ctx: 2, Train: 99.95%, Valid: 97.53%, Test In: 97.53% Test OOD1: 92.30% 
Epoch: 461, Loss: 0.1317, Cls: 0.0524, Ind: 0.0001, Med: 0.0262, Spu: 0.0000, FD: 0.0530, Var: 0.0000, CStr: 0.408, Ctx: 2, Train: 99.98%, Valid: 97.53%, Test In: 97.63% Test OOD1: 91.93% 
Epoch: 462, Loss: 0.1284, Cls: 0.0511, Ind: 0.0001, Med: 0.0256, Spu: 0.0000, FD: 0.0515, Var: 0.0000, CStr: 0.408, Ctx: 2, Train: 99.98%, Valid: 97.51%, Test In: 97.63% Test OOD1: 90.16% 
Epoch: 463, Loss: 0.1297, Cls: 0.0516, Ind: 0.0001, Med: 0.0258, Spu: 0.0000, FD: 0.0522, Var: 0.0000, CStr: 0.408, Ctx: 2, Train: 99.98%, Valid: 97.52%, Test In: 97.77% Test OOD1: 92.01% 
Epoch: 464, Loss: 0.1238, Cls: 0.0493, Ind: 0.0001, Med: 0.0247, Spu: 0.0000, FD: 0.0497, Var: 0.0000, CStr: 0.408, Ctx: 2, Train: 99.97%, Valid: 97.50%, Test In: 97.48% Test OOD1: 92.98% 
Epoch: 465, Loss: 0.1305, Cls: 0.0519, Ind: 0.0001, Med: 0.0260, Spu: 0.0000, FD: 0.0524, Var: 0.0000, CStr: 0.408, Ctx: 2, Train: 99.98%, Valid: 97.59%, Test In: 97.75% Test OOD1: 90.19% 
Epoch: 466, Loss: 0.1251, Cls: 0.0498, Ind: 0.0001, Med: 0.0249, Spu: 0.0000, FD: 0.0503, Var: 0.0000, CStr: 0.408, Ctx: 2, Train: 99.98%, Valid: 97.56%, Test In: 97.79% Test OOD1: 91.62% 
Epoch: 467, Loss: 0.1220, Cls: 0.0485, Ind: 0.0001, Med: 0.0242, Spu: 0.0000, FD: 0.0491, Var: 0.0000, CStr: 0.408, Ctx: 2, Train: 99.96%, Valid: 97.44%, Test In: 97.48% Test OOD1: 92.88% 
Epoch: 468, Loss: 0.1286, Cls: 0.0513, Ind: 0.0001, Med: 0.0258, Spu: 0.0000, FD: 0.0514, Var: 0.0000, CStr: 0.408, Ctx: 2, Train: 99.97%, Valid: 97.51%, Test In: 97.74% Test OOD1: 90.17% 
Epoch: 469, Loss: 0.1292, Cls: 0.0514, Ind: 0.0001, Med: 0.0257, Spu: 0.0000, FD: 0.0520, Var: 0.0000, CStr: 0.408, Ctx: 2, Train: 99.97%, Valid: 97.49%, Test In: 97.74% Test OOD1: 90.49% 
Epoch: 470, Loss: 0.1243, Cls: 0.0494, Ind: 0.0001, Med: 0.0246, Spu: 0.0000, FD: 0.0501, Var: 0.0000, CStr: 0.408, Ctx: 2, Train: 99.96%, Valid: 97.34%, Test In: 97.54% Test OOD1: 93.18% 
Epoch: 471, Loss: 0.1286, Cls: 0.0512, Ind: 0.0001, Med: 0.0256, Spu: 0.0000, FD: 0.0517, Var: 0.0000, CStr: 0.409, Ctx: 2, Train: 99.98%, Valid: 97.60%, Test In: 97.73% Test OOD1: 91.81% 
Epoch: 472, Loss: 0.1257, Cls: 0.0500, Ind: 0.0001, Med: 0.0249, Spu: 0.0000, FD: 0.0506, Var: 0.0000, CStr: 0.409, Ctx: 2, Train: 99.98%, Valid: 97.61%, Test In: 97.82% Test OOD1: 91.67% 
Epoch: 473, Loss: 0.1189, Cls: 0.0473, Ind: 0.0001, Med: 0.0237, Spu: 0.0000, FD: 0.0478, Var: 0.0000, CStr: 0.409, Ctx: 2, Train: 99.98%, Valid: 97.42%, Test In: 97.64% Test OOD1: 93.40% 
Epoch: 474, Loss: 0.1199, Cls: 0.0477, Ind: 0.0001, Med: 0.0239, Spu: 0.0000, FD: 0.0481, Var: 0.0000, CStr: 0.409, Ctx: 2, Train: 99.98%, Valid: 97.57%, Test In: 97.76% Test OOD1: 92.77% 
Epoch: 475, Loss: 0.1187, Cls: 0.0472, Ind: 0.0001, Med: 0.0236, Spu: 0.0000, FD: 0.0478, Var: 0.0000, CStr: 0.409, Ctx: 2, Train: 99.98%, Valid: 97.67%, Test In: 97.78% Test OOD1: 91.21% 
Epoch: 476, Loss: 0.1149, Cls: 0.0458, Ind: 0.0001, Med: 0.0229, Spu: 0.0000, FD: 0.0461, Var: 0.0000, CStr: 0.409, Ctx: 2, Train: 99.98%, Valid: 97.65%, Test In: 97.70% Test OOD1: 92.19% 
Epoch: 477, Loss: 0.1215, Cls: 0.0484, Ind: 0.0001, Med: 0.0243, Spu: 0.0000, FD: 0.0487, Var: 0.0000, CStr: 0.409, Ctx: 2, Train: 99.97%, Valid: 97.50%, Test In: 97.67% Test OOD1: 92.31% 
Epoch: 478, Loss: 0.1192, Cls: 0.0474, Ind: 0.0001, Med: 0.0237, Spu: 0.0000, FD: 0.0479, Var: 0.0000, CStr: 0.410, Ctx: 2, Train: 99.99%, Valid: 97.59%, Test In: 97.73% Test OOD1: 91.04% 
Epoch: 479, Loss: 0.1235, Cls: 0.0492, Ind: 0.0001, Med: 0.0246, Spu: 0.0000, FD: 0.0496, Var: 0.0000, CStr: 0.410, Ctx: 2, Train: 99.99%, Valid: 97.57%, Test In: 97.71% Test OOD1: 91.86% 
Epoch: 480, Loss: 0.1214, Cls: 0.0483, Ind: 0.0001, Med: 0.0242, Spu: 0.0000, FD: 0.0488, Var: 0.0000, CStr: 0.410, Ctx: 2, Train: 99.98%, Valid: 97.53%, Test In: 97.67% Test OOD1: 91.89% 
Epoch: 481, Loss: 0.1241, Cls: 0.0494, Ind: 0.0001, Med: 0.0248, Spu: 0.0000, FD: 0.0498, Var: 0.0000, CStr: 0.410, Ctx: 2, Train: 99.99%, Valid: 97.67%, Test In: 97.74% Test OOD1: 91.74% 
Epoch: 482, Loss: 0.1240, Cls: 0.0494, Ind: 0.0001, Med: 0.0247, Spu: 0.0000, FD: 0.0498, Var: 0.0000, CStr: 0.410, Ctx: 2, Train: 99.99%, Valid: 97.63%, Test In: 97.60% Test OOD1: 92.33% 
Epoch: 483, Loss: 0.1322, Cls: 0.0526, Ind: 0.0001, Med: 0.0261, Spu: 0.0000, FD: 0.0534, Var: 0.0000, CStr: 0.411, Ctx: 2, Train: 99.99%, Valid: 97.63%, Test In: 97.80% Test OOD1: 90.59% 
Epoch: 484, Loss: 0.1269, Cls: 0.0505, Ind: 0.0001, Med: 0.0252, Spu: 0.0000, FD: 0.0512, Var: 0.0000, CStr: 0.411, Ctx: 2, Train: 99.99%, Valid: 97.42%, Test In: 97.67% Test OOD1: 92.67% 
Epoch: 485, Loss: 0.1280, Cls: 0.0509, Ind: 0.0001, Med: 0.0255, Spu: 0.0000, FD: 0.0514, Var: 0.0000, CStr: 0.411, Ctx: 2, Train: 99.99%, Valid: 97.52%, Test In: 97.67% Test OOD1: 92.26% 
Epoch: 486, Loss: 0.1199, Cls: 0.0477, Ind: 0.0001, Med: 0.0239, Spu: 0.0000, FD: 0.0482, Var: 0.0000, CStr: 0.411, Ctx: 2, Train: 99.98%, Valid: 97.57%, Test In: 97.71% Test OOD1: 90.65% 
Epoch: 487, Loss: 0.1234, Cls: 0.0491, Ind: 0.0001, Med: 0.0245, Spu: 0.0000, FD: 0.0497, Var: 0.0000, CStr: 0.412, Ctx: 2, Train: 99.98%, Valid: 97.42%, Test In: 97.57% Test OOD1: 92.61% 
Epoch: 488, Loss: 0.1268, Cls: 0.0505, Ind: 0.0001, Med: 0.0253, Spu: 0.0000, FD: 0.0509, Var: 0.0000, CStr: 0.412, Ctx: 2, Train: 99.98%, Valid: 97.50%, Test In: 97.55% Test OOD1: 92.78% 
Epoch: 489, Loss: 0.1245, Cls: 0.0495, Ind: 0.0001, Med: 0.0247, Spu: 0.0000, FD: 0.0501, Var: 0.0000, CStr: 0.412, Ctx: 2, Train: 99.99%, Valid: 97.65%, Test In: 97.75% Test OOD1: 92.01% 
Epoch: 490, Loss: 0.1191, Cls: 0.0474, Ind: 0.0001, Med: 0.0237, Spu: 0.0000, FD: 0.0479, Var: 0.0000, CStr: 0.412, Ctx: 2, Train: 99.96%, Valid: 97.38%, Test In: 97.64% Test OOD1: 92.79% 
Epoch: 491, Loss: 0.1265, Cls: 0.0503, Ind: 0.0001, Med: 0.0252, Spu: 0.0000, FD: 0.0508, Var: 0.0000, CStr: 0.412, Ctx: 2, Train: 99.98%, Valid: 97.61%, Test In: 97.73% Test OOD1: 92.88% 
Epoch: 492, Loss: 0.1124, Cls: 0.0447, Ind: 0.0001, Med: 0.0222, Spu: 0.0000, FD: 0.0455, Var: 0.0000, CStr: 0.412, Ctx: 2, Train: 99.98%, Valid: 97.64%, Test In: 97.74% Test OOD1: 92.53% 
Epoch: 493, Loss: 0.1219, Cls: 0.0486, Ind: 0.0001, Med: 0.0243, Spu: 0.0000, FD: 0.0489, Var: 0.0000, CStr: 0.413, Ctx: 2, Train: 99.97%, Valid: 97.48%, Test In: 97.63% Test OOD1: 93.26% 
Epoch: 494, Loss: 0.1193, Cls: 0.0474, Ind: 0.0001, Med: 0.0237, Spu: 0.0000, FD: 0.0480, Var: 0.0000, CStr: 0.413, Ctx: 2, Train: 99.98%, Valid: 97.74%, Test In: 97.79% Test OOD1: 91.80% 
Epoch: 495, Loss: 0.1173, Cls: 0.0467, Ind: 0.0001, Med: 0.0233, Spu: 0.0000, FD: 0.0472, Var: 0.0000, CStr: 0.413, Ctx: 2, Train: 99.98%, Valid: 97.73%, Test In: 97.75% Test OOD1: 92.83% 
Epoch: 496, Loss: 0.1177, Cls: 0.0468, Ind: 0.0001, Med: 0.0234, Spu: 0.0000, FD: 0.0474, Var: 0.0000, CStr: 0.413, Ctx: 2, Train: 99.95%, Valid: 97.46%, Test In: 97.55% Test OOD1: 93.15% 
Epoch: 497, Loss: 0.1214, Cls: 0.0483, Ind: 0.0001, Med: 0.0243, Spu: 0.0000, FD: 0.0486, Var: 0.0000, CStr: 0.413, Ctx: 2, Train: 99.99%, Valid: 97.69%, Test In: 97.80% Test OOD1: 91.76% 
Epoch: 498, Loss: 0.1209, Cls: 0.0482, Ind: 0.0001, Med: 0.0242, Spu: 0.0000, FD: 0.0484, Var: 0.0000, CStr: 0.414, Ctx: 2, Train: 99.99%, Valid: 97.69%, Test In: 97.71% Test OOD1: 92.19% 
Epoch: 499, Loss: 0.1140, Cls: 0.0454, Ind: 0.0001, Med: 0.0227, Spu: 0.0000, FD: 0.0458, Var: 0.0000, CStr: 0.414, Ctx: 2, Train: 99.98%, Valid: 97.59%, Test In: 97.65% Test OOD1: 92.15% 
Run 02:
Highest Train: 99.99
Highest Valid: 97.74
Highest In Test: 97.82
Highest OOD Test: 93.60
Chosen epoch: 495
Final Train: 99.98
Final In Test: 97.79
Final OOD Test: 91.80
All runs:
Highest Train: 99.99 ± 0.00
Highest Valid: 97.72 ± 0.03
Highest In Test: 97.68 ± 0.19
Highest OOD Test: 93.13 ± 0.66
  Final Train: 99.98 ± 0.00
   Final In  Test: 97.65 ± 0.19
   Final OOD Test: 91.15 ± 0.91
[INFO] TensorBoard writer closed.

Command: python main_frontdoor.py --dataset pubmed --backbone_type gcn --store_result --epochs 500 --runs 2 --num_layers 2 --device 1 --combine_result --lr 0.005 --weight_decay 5e-05 --dropout 0.2 --hidden_channels 64 --K 2 --lambda_fd 1.0 --lambda_spu 0.1 --lambda_ind 0.05 --context_gate_temp 1.0 --fd_blend 0.5 --lambda_med 0.5 --result_name pubmed_gcn_frontdoor_stage2_lr0.005_weight_decay5e-05_dropout0.2_hidden_channels64_K2_lambda_fd1.0_lambda_spu0.1_lambda_ind0.05_context_gate_temp1.0_fd_blend0.5_lambda_med0.5
Return code: 0
Elapsed: 98.40s
