Namespace(K=2, backbone_type='gcn', causal_strength_ema=0.95, causal_strength_min=0.1, combine_result=True, context_gate_temp=1.0, cpu=False, data_dir='./data/', dataset='pubmed', device=1, display_step=1, dropout=0.2, env_type='node', epochs=500, expert_agg='mean', fd_blend=0.7, gamma=0.99, gate_hidden=64, hidden_channels=64, infer_env=False, infer_env_components=64, infer_env_iters=30, infer_env_num=3, lambda_fd=1.0, lambda_ind=0.05, lambda_med=0.25, lambda_spu=0.1, lambda_var=0.05, lamda=1.0, lr=0.005, num_layers=2, other_env_reduce='sample', pos_weight=5.0, result_name='pubmed_gcn_frontdoor_stage2_lr0.005_weight_decay5e-05_dropout0.2_hidden_channels64_K2_lambda_fd1.0_lambda_spu0.1_lambda_ind0.05_context_gate_temp1.0_fd_blend0.7_lambda_med0.25', runs=2, seed=123, store_result=True, tau=1, use_bn=False, use_causal_strength_ind=True, variant=False, weight_decay=5e-05)
using existing synthetic data...
dataset pubmed: all nodes 118302 | edges 531888 | classes 3 | feats 510
train nodes 29575 | valid nodes 14788 | test in nodes 14788
test ood1 nodes 59151 
[INFO] env numbers: 6 train env numbers: 3
MODEL: GraphFrontDoor(
  (act_fn): ReLU()
  (input_proj): Linear(in_features=510, out_features=64, bias=True)
  (backbone_layers): ModuleList(
    (0): FrontDoorBackboneLayer()
    (1): FrontDoorBackboneLayer()
  )
  (causal_adapter): Linear(in_features=64, out_features=64, bias=True)
  (spurious_adapter): Linear(in_features=64, out_features=64, bias=True)
  (causal_norm): LayerNorm((64,), eps=1e-05, elementwise_affine=True)
  (spurious_norm): LayerNorm((64,), eps=1e-05, elementwise_affine=True)
  (classifier): Linear(in_features=64, out_features=3, bias=True)
  (spurious_classifier): Linear(in_features=64, out_features=3, bias=True)
  (fd_classifier): Linear(in_features=64, out_features=3, bias=True)
  (query_proj): Linear(in_features=64, out_features=64, bias=True)
  (key_proj): Linear(in_features=64, out_features=64, bias=True)
  (value_proj): Linear(in_features=64, out_features=64, bias=True)
  (aug_norm): LayerNorm((64,), eps=1e-05, elementwise_affine=True)
)
[INFO] TensorBoard logging activated. Logs will be saved to: ./runs/pubmed/frontdoor/pubmed_gcn_frontdoor_stage2_lr0.005_weight_decay5e-05_dropout0.2_hidden_channels64_K2_lambda_fd1.0_lambda_spu0.1_lambda_ind0.05_context_gate_temp1.0_fd_blend0.7_lambda_med0.25
[INFO] Independence loss: causal-strength masked | strength EMA: 0.95 | min weight: 0.1
Epoch: 00, Loss: 2.8067, Cls: 1.2188, Ind: 0.0114, Med: 0.3017, Spu: 0.0114, FD: 1.2633, Var: 0.0001, CStr: 0.502, Ctx: 2, Train: 39.32%, Valid: 39.07%, Test In: 39.30% Test OOD1: 39.25% 
Epoch: 01, Loss: 2.5099, Cls: 1.0787, Ind: 0.0137, Med: 0.2623, Spu: 0.0122, FD: 1.1428, Var: 0.0001, CStr: 0.504, Ctx: 2, Train: 71.55%, Valid: 71.33%, Test In: 72.09% Test OOD1: 60.72% 
Epoch: 02, Loss: 2.2696, Cls: 0.9832, Ind: 0.0151, Med: 0.2491, Spu: 0.0095, FD: 1.0126, Var: 0.0001, CStr: 0.506, Ctx: 2, Train: 69.91%, Valid: 69.47%, Test In: 70.29% Test OOD1: 64.41% 
Epoch: 03, Loss: 2.0130, Cls: 0.8736, Ind: 0.0219, Med: 0.2325, Spu: 0.0054, FD: 0.8795, Var: 0.0001, CStr: 0.506, Ctx: 2, Train: 72.72%, Valid: 72.57%, Test In: 73.44% Test OOD1: 60.06% 
Epoch: 04, Loss: 1.7366, Cls: 0.7521, Ind: 0.0329, Med: 0.2106, Spu: 0.0043, FD: 0.7367, Var: 0.0001, CStr: 0.506, Ctx: 2, Train: 76.26%, Valid: 76.12%, Test In: 76.54% Test OOD1: 58.05% 
Epoch: 05, Loss: 1.5357, Cls: 0.6595, Ind: 0.0428, Med: 0.1908, Spu: 0.0047, FD: 0.6379, Var: 0.0001, CStr: 0.506, Ctx: 2, Train: 84.88%, Valid: 84.78%, Test In: 85.07% Test OOD1: 61.50% 
Epoch: 06, Loss: 1.3777, Cls: 0.5851, Ind: 0.0481, Med: 0.1684, Spu: 0.0045, FD: 0.5715, Var: 0.0001, CStr: 0.507, Ctx: 2, Train: 85.97%, Valid: 85.89%, Test In: 86.06% Test OOD1: 62.65% 
Epoch: 07, Loss: 1.2509, Cls: 0.5272, Ind: 0.0505, Med: 0.1502, Spu: 0.0041, FD: 0.5189, Var: 0.0001, CStr: 0.508, Ctx: 2, Train: 86.91%, Valid: 86.83%, Test In: 86.85% Test OOD1: 62.48% 
Epoch: 08, Loss: 1.1411, Cls: 0.4800, Ind: 0.0478, Med: 0.1364, Spu: 0.0036, FD: 0.4731, Var: 0.0001, CStr: 0.508, Ctx: 2, Train: 87.98%, Valid: 87.49%, Test In: 87.99% Test OOD1: 61.84% 
Epoch: 09, Loss: 1.0645, Cls: 0.4486, Ind: 0.0428, Med: 0.1259, Spu: 0.0033, FD: 0.4438, Var: 0.0000, CStr: 0.507, Ctx: 2, Train: 88.71%, Valid: 88.30%, Test In: 88.74% Test OOD1: 62.34% 
Epoch: 10, Loss: 1.0094, Cls: 0.4260, Ind: 0.0377, Med: 0.1178, Spu: 0.0035, FD: 0.4244, Var: 0.0000, CStr: 0.507, Ctx: 2, Train: 89.35%, Valid: 89.11%, Test In: 89.25% Test OOD1: 63.59% 
Epoch: 11, Loss: 0.9342, Cls: 0.3925, Ind: 0.0378, Med: 0.1074, Spu: 0.0037, FD: 0.3929, Var: 0.0000, CStr: 0.505, Ctx: 2, Train: 89.77%, Valid: 89.44%, Test In: 89.73% Test OOD1: 64.72% 
Epoch: 12, Loss: 0.8949, Cls: 0.3737, Ind: 0.0393, Med: 0.1000, Spu: 0.0036, FD: 0.3783, Var: 0.0000, CStr: 0.504, Ctx: 2, Train: 90.01%, Valid: 89.62%, Test In: 89.85% Test OOD1: 64.34% 
Epoch: 13, Loss: 0.8725, Cls: 0.3634, Ind: 0.0392, Med: 0.0946, Spu: 0.0030, FD: 0.3721, Var: 0.0000, CStr: 0.502, Ctx: 2, Train: 89.96%, Valid: 89.45%, Test In: 89.71% Test OOD1: 63.37% 
Epoch: 14, Loss: 0.8564, Cls: 0.3582, Ind: 0.0366, Med: 0.0921, Spu: 0.0026, FD: 0.3668, Var: 0.0000, CStr: 0.501, Ctx: 2, Train: 89.97%, Valid: 89.61%, Test In: 89.69% Test OOD1: 64.10% 
Epoch: 15, Loss: 0.8283, Cls: 0.3483, Ind: 0.0328, Med: 0.0890, Spu: 0.0025, FD: 0.3557, Var: 0.0000, CStr: 0.499, Ctx: 2, Train: 90.25%, Valid: 89.81%, Test In: 89.99% Test OOD1: 66.69% 
Epoch: 16, Loss: 0.8047, Cls: 0.3397, Ind: 0.0287, Med: 0.0857, Spu: 0.0025, FD: 0.3480, Var: 0.0000, CStr: 0.498, Ctx: 2, Train: 90.44%, Valid: 89.99%, Test In: 90.34% Test OOD1: 69.36% 
Epoch: 17, Loss: 0.7825, Cls: 0.3319, Ind: 0.0250, Med: 0.0847, Spu: 0.0025, FD: 0.3383, Var: 0.0000, CStr: 0.498, Ctx: 2, Train: 90.48%, Valid: 90.09%, Test In: 90.38% Test OOD1: 70.85% 
Epoch: 18, Loss: 0.7794, Cls: 0.3326, Ind: 0.0217, Med: 0.0856, Spu: 0.0023, FD: 0.3372, Var: 0.0000, CStr: 0.497, Ctx: 2, Train: 90.54%, Valid: 90.24%, Test In: 90.46% Test OOD1: 70.13% 
Epoch: 19, Loss: 0.7629, Cls: 0.3277, Ind: 0.0179, Med: 0.0848, Spu: 0.0021, FD: 0.3304, Var: 0.0000, CStr: 0.496, Ctx: 2, Train: 90.57%, Valid: 90.04%, Test In: 90.47% Test OOD1: 68.61% 
Epoch: 20, Loss: 0.7489, Cls: 0.3228, Ind: 0.0151, Med: 0.0831, Spu: 0.0020, FD: 0.3259, Var: 0.0000, CStr: 0.495, Ctx: 2, Train: 90.66%, Valid: 90.14%, Test In: 90.50% Test OOD1: 68.15% 
Epoch: 21, Loss: 0.7344, Cls: 0.3173, Ind: 0.0129, Med: 0.0811, Spu: 0.0019, FD: 0.3211, Var: 0.0000, CStr: 0.494, Ctx: 2, Train: 90.91%, Valid: 90.51%, Test In: 90.65% Test OOD1: 69.32% 
Epoch: 22, Loss: 0.7195, Cls: 0.3117, Ind: 0.0113, Med: 0.0804, Spu: 0.0019, FD: 0.3143, Var: 0.0000, CStr: 0.493, Ctx: 2, Train: 91.06%, Valid: 90.57%, Test In: 90.88% Test OOD1: 70.51% 
Epoch: 23, Loss: 0.7109, Cls: 0.3086, Ind: 0.0100, Med: 0.0798, Spu: 0.0018, FD: 0.3107, Var: 0.0000, CStr: 0.491, Ctx: 2, Train: 91.14%, Valid: 90.59%, Test In: 91.04% Test OOD1: 69.99% 
Epoch: 24, Loss: 0.7179, Cls: 0.3120, Ind: 0.0090, Med: 0.0798, Spu: 0.0017, FD: 0.3153, Var: 0.0000, CStr: 0.490, Ctx: 2, Train: 91.19%, Valid: 90.67%, Test In: 91.05% Test OOD1: 69.01% 
Epoch: 25, Loss: 0.6941, Cls: 0.3019, Ind: 0.0080, Med: 0.0771, Spu: 0.0016, FD: 0.3054, Var: 0.0000, CStr: 0.488, Ctx: 2, Train: 91.27%, Valid: 90.78%, Test In: 91.09% Test OOD1: 68.76% 
Epoch: 26, Loss: 0.6797, Cls: 0.2959, Ind: 0.0072, Med: 0.0754, Spu: 0.0015, FD: 0.2996, Var: 0.0000, CStr: 0.487, Ctx: 2, Train: 91.43%, Valid: 90.88%, Test In: 91.24% Test OOD1: 69.43% 
Epoch: 27, Loss: 0.6755, Cls: 0.2945, Ind: 0.0064, Med: 0.0750, Spu: 0.0014, FD: 0.2981, Var: 0.0000, CStr: 0.486, Ctx: 2, Train: 91.48%, Valid: 91.03%, Test In: 91.28% Test OOD1: 70.47% 
Epoch: 28, Loss: 0.6711, Cls: 0.2928, Ind: 0.0058, Med: 0.0741, Spu: 0.0014, FD: 0.2969, Var: 0.0000, CStr: 0.484, Ctx: 2, Train: 91.54%, Valid: 91.14%, Test In: 91.30% Test OOD1: 70.74% 
Epoch: 29, Loss: 0.6774, Cls: 0.2961, Ind: 0.0052, Med: 0.0754, Spu: 0.0013, FD: 0.2993, Var: 0.0000, CStr: 0.482, Ctx: 2, Train: 91.62%, Valid: 91.17%, Test In: 91.47% Test OOD1: 70.32% 
Epoch: 30, Loss: 0.6550, Cls: 0.2866, Ind: 0.0046, Med: 0.0732, Spu: 0.0013, FD: 0.2893, Var: 0.0000, CStr: 0.481, Ctx: 2, Train: 91.70%, Valid: 91.15%, Test In: 91.53% Test OOD1: 70.11% 
Epoch: 31, Loss: 0.6601, Cls: 0.2894, Ind: 0.0040, Med: 0.0741, Spu: 0.0012, FD: 0.2914, Var: 0.0000, CStr: 0.479, Ctx: 2, Train: 91.87%, Valid: 91.29%, Test In: 91.61% Test OOD1: 70.84% 
Epoch: 32, Loss: 0.6524, Cls: 0.2859, Ind: 0.0037, Med: 0.0727, Spu: 0.0011, FD: 0.2889, Var: 0.0000, CStr: 0.477, Ctx: 2, Train: 91.94%, Valid: 91.37%, Test In: 91.61% Test OOD1: 71.59% 
Epoch: 33, Loss: 0.6319, Cls: 0.2771, Ind: 0.0034, Med: 0.0704, Spu: 0.0011, FD: 0.2799, Var: 0.0000, CStr: 0.476, Ctx: 2, Train: 92.13%, Valid: 91.42%, Test In: 91.66% Test OOD1: 71.49% 
Epoch: 34, Loss: 0.6282, Cls: 0.2756, Ind: 0.0031, Med: 0.0701, Spu: 0.0011, FD: 0.2783, Var: 0.0000, CStr: 0.474, Ctx: 2, Train: 92.10%, Valid: 91.51%, Test In: 91.78% Test OOD1: 70.78% 
Epoch: 35, Loss: 0.6217, Cls: 0.2731, Ind: 0.0029, Med: 0.0699, Spu: 0.0010, FD: 0.2749, Var: 0.0000, CStr: 0.472, Ctx: 2, Train: 92.23%, Valid: 91.51%, Test In: 91.89% Test OOD1: 70.88% 
Epoch: 36, Loss: 0.6214, Cls: 0.2732, Ind: 0.0026, Med: 0.0699, Spu: 0.0010, FD: 0.2748, Var: 0.0000, CStr: 0.471, Ctx: 2, Train: 92.33%, Valid: 91.58%, Test In: 92.03% Test OOD1: 71.72% 
Epoch: 37, Loss: 0.6144, Cls: 0.2701, Ind: 0.0023, Med: 0.0687, Spu: 0.0009, FD: 0.2722, Var: 0.0000, CStr: 0.469, Ctx: 2, Train: 92.44%, Valid: 91.65%, Test In: 92.14% Test OOD1: 72.30% 
Epoch: 38, Loss: 0.5994, Cls: 0.2634, Ind: 0.0022, Med: 0.0668, Spu: 0.0009, FD: 0.2660, Var: 0.0000, CStr: 0.468, Ctx: 2, Train: 92.47%, Valid: 91.77%, Test In: 92.16% Test OOD1: 72.10% 
Epoch: 39, Loss: 0.5958, Cls: 0.2620, Ind: 0.0021, Med: 0.0667, Spu: 0.0009, FD: 0.2641, Var: 0.0000, CStr: 0.466, Ctx: 2, Train: 92.60%, Valid: 91.74%, Test In: 92.19% Test OOD1: 72.09% 
Epoch: 40, Loss: 0.5849, Cls: 0.2572, Ind: 0.0020, Med: 0.0653, Spu: 0.0008, FD: 0.2594, Var: 0.0000, CStr: 0.465, Ctx: 2, Train: 92.71%, Valid: 91.78%, Test In: 92.25% Test OOD1: 72.61% 
Epoch: 41, Loss: 0.5841, Cls: 0.2570, Ind: 0.0020, Med: 0.0654, Spu: 0.0008, FD: 0.2589, Var: 0.0000, CStr: 0.463, Ctx: 2, Train: 92.77%, Valid: 91.84%, Test In: 92.29% Test OOD1: 73.27% 
Epoch: 42, Loss: 0.5712, Cls: 0.2512, Ind: 0.0020, Med: 0.0637, Spu: 0.0008, FD: 0.2534, Var: 0.0000, CStr: 0.461, Ctx: 2, Train: 92.86%, Valid: 91.90%, Test In: 92.39% Test OOD1: 73.77% 
Epoch: 43, Loss: 0.5683, Cls: 0.2501, Ind: 0.0020, Med: 0.0634, Spu: 0.0007, FD: 0.2521, Var: 0.0000, CStr: 0.460, Ctx: 2, Train: 92.89%, Valid: 92.02%, Test In: 92.41% Test OOD1: 73.56% 
Epoch: 44, Loss: 0.5696, Cls: 0.2508, Ind: 0.0019, Med: 0.0637, Spu: 0.0007, FD: 0.2525, Var: 0.0000, CStr: 0.458, Ctx: 2, Train: 93.00%, Valid: 92.07%, Test In: 92.53% Test OOD1: 73.87% 
Epoch: 45, Loss: 0.5632, Cls: 0.2480, Ind: 0.0017, Med: 0.0629, Spu: 0.0007, FD: 0.2498, Var: 0.0000, CStr: 0.457, Ctx: 2, Train: 93.13%, Valid: 92.14%, Test In: 92.65% Test OOD1: 74.49% 
Epoch: 46, Loss: 0.5571, Cls: 0.2454, Ind: 0.0015, Med: 0.0622, Spu: 0.0006, FD: 0.2473, Var: 0.0000, CStr: 0.455, Ctx: 2, Train: 93.20%, Valid: 92.22%, Test In: 92.64% Test OOD1: 74.53% 
Epoch: 47, Loss: 0.5574, Cls: 0.2456, Ind: 0.0015, Med: 0.0622, Spu: 0.0006, FD: 0.2475, Var: 0.0000, CStr: 0.454, Ctx: 2, Train: 93.24%, Valid: 92.16%, Test In: 92.61% Test OOD1: 74.77% 
Epoch: 48, Loss: 0.5467, Cls: 0.2409, Ind: 0.0014, Med: 0.0610, Spu: 0.0006, FD: 0.2427, Var: 0.0000, CStr: 0.452, Ctx: 2, Train: 93.25%, Valid: 92.13%, Test In: 92.58% Test OOD1: 75.55% 
Epoch: 49, Loss: 0.5495, Cls: 0.2422, Ind: 0.0014, Med: 0.0615, Spu: 0.0006, FD: 0.2438, Var: 0.0000, CStr: 0.451, Ctx: 2, Train: 93.39%, Valid: 92.22%, Test In: 92.64% Test OOD1: 75.10% 
Epoch: 50, Loss: 0.5437, Cls: 0.2397, Ind: 0.0013, Med: 0.0607, Spu: 0.0006, FD: 0.2415, Var: 0.0000, CStr: 0.449, Ctx: 2, Train: 93.43%, Valid: 92.29%, Test In: 92.68% Test OOD1: 75.49% 
Epoch: 51, Loss: 0.5307, Cls: 0.2340, Ind: 0.0013, Med: 0.0593, Spu: 0.0005, FD: 0.2356, Var: 0.0000, CStr: 0.448, Ctx: 2, Train: 93.48%, Valid: 92.35%, Test In: 92.74% Test OOD1: 76.22% 
Epoch: 52, Loss: 0.5259, Cls: 0.2319, Ind: 0.0012, Med: 0.0587, Spu: 0.0005, FD: 0.2336, Var: 0.0000, CStr: 0.446, Ctx: 2, Train: 93.54%, Valid: 92.36%, Test In: 92.83% Test OOD1: 76.19% 
Epoch: 53, Loss: 0.5218, Cls: 0.2301, Ind: 0.0012, Med: 0.0581, Spu: 0.0005, FD: 0.2319, Var: 0.0000, CStr: 0.445, Ctx: 2, Train: 93.64%, Valid: 92.43%, Test In: 92.87% Test OOD1: 76.63% 
Epoch: 54, Loss: 0.5201, Cls: 0.2294, Ind: 0.0011, Med: 0.0581, Spu: 0.0005, FD: 0.2310, Var: 0.0000, CStr: 0.444, Ctx: 2, Train: 93.66%, Valid: 92.37%, Test In: 92.87% Test OOD1: 77.19% 
Epoch: 55, Loss: 0.5213, Cls: 0.2299, Ind: 0.0011, Med: 0.0580, Spu: 0.0005, FD: 0.2317, Var: 0.0000, CStr: 0.443, Ctx: 2, Train: 93.74%, Valid: 92.47%, Test In: 92.88% Test OOD1: 77.44% 
Epoch: 56, Loss: 0.5176, Cls: 0.2284, Ind: 0.0011, Med: 0.0579, Spu: 0.0004, FD: 0.2298, Var: 0.0000, CStr: 0.442, Ctx: 2, Train: 93.81%, Valid: 92.61%, Test In: 92.92% Test OOD1: 76.96% 
Epoch: 57, Loss: 0.5105, Cls: 0.2252, Ind: 0.0011, Med: 0.0570, Spu: 0.0004, FD: 0.2267, Var: 0.0000, CStr: 0.441, Ctx: 2, Train: 93.89%, Valid: 92.56%, Test In: 92.88% Test OOD1: 77.28% 
Epoch: 58, Loss: 0.4992, Cls: 0.2202, Ind: 0.0011, Med: 0.0557, Spu: 0.0004, FD: 0.2217, Var: 0.0000, CStr: 0.440, Ctx: 2, Train: 93.88%, Valid: 92.58%, Test In: 92.85% Test OOD1: 77.90% 
Epoch: 59, Loss: 0.4980, Cls: 0.2197, Ind: 0.0011, Med: 0.0554, Spu: 0.0004, FD: 0.2215, Var: 0.0000, CStr: 0.439, Ctx: 2, Train: 93.92%, Valid: 92.62%, Test In: 92.89% Test OOD1: 77.51% 
Epoch: 60, Loss: 0.4978, Cls: 0.2196, Ind: 0.0011, Med: 0.0554, Spu: 0.0004, FD: 0.2214, Var: 0.0000, CStr: 0.438, Ctx: 2, Train: 93.96%, Valid: 92.70%, Test In: 92.91% Test OOD1: 77.25% 
Epoch: 61, Loss: 0.4937, Cls: 0.2178, Ind: 0.0011, Med: 0.0550, Spu: 0.0004, FD: 0.2194, Var: 0.0000, CStr: 0.437, Ctx: 2, Train: 93.99%, Valid: 92.75%, Test In: 92.93% Test OOD1: 78.56% 
Epoch: 62, Loss: 0.4979, Cls: 0.2197, Ind: 0.0010, Med: 0.0557, Spu: 0.0004, FD: 0.2210, Var: 0.0000, CStr: 0.436, Ctx: 2, Train: 94.07%, Valid: 92.80%, Test In: 93.02% Test OOD1: 78.71% 
Epoch: 63, Loss: 0.4886, Cls: 0.2156, Ind: 0.0010, Med: 0.0544, Spu: 0.0003, FD: 0.2172, Var: 0.0000, CStr: 0.436, Ctx: 2, Train: 94.19%, Valid: 92.87%, Test In: 93.16% Test OOD1: 78.04% 
Epoch: 64, Loss: 0.4771, Cls: 0.2105, Ind: 0.0010, Med: 0.0531, Spu: 0.0003, FD: 0.2122, Var: 0.0000, CStr: 0.435, Ctx: 2, Train: 94.19%, Valid: 92.90%, Test In: 93.12% Test OOD1: 79.18% 
Epoch: 65, Loss: 0.4813, Cls: 0.2124, Ind: 0.0010, Med: 0.0536, Spu: 0.0003, FD: 0.2141, Var: 0.0000, CStr: 0.434, Ctx: 2, Train: 94.23%, Valid: 92.85%, Test In: 93.10% Test OOD1: 79.88% 
Epoch: 66, Loss: 0.4824, Cls: 0.2129, Ind: 0.0009, Med: 0.0537, Spu: 0.0003, FD: 0.2146, Var: 0.0000, CStr: 0.434, Ctx: 2, Train: 94.45%, Valid: 92.95%, Test In: 93.21% Test OOD1: 78.56% 
Epoch: 67, Loss: 0.4722, Cls: 0.2084, Ind: 0.0009, Med: 0.0526, Spu: 0.0003, FD: 0.2100, Var: 0.0000, CStr: 0.433, Ctx: 2, Train: 94.45%, Valid: 92.98%, Test In: 93.20% Test OOD1: 78.95% 
Epoch: 68, Loss: 0.4683, Cls: 0.2067, Ind: 0.0009, Med: 0.0523, Spu: 0.0003, FD: 0.2081, Var: 0.0000, CStr: 0.433, Ctx: 2, Train: 94.40%, Valid: 92.93%, Test In: 93.10% Test OOD1: 79.96% 
Epoch: 69, Loss: 0.4620, Cls: 0.2040, Ind: 0.0009, Med: 0.0516, Spu: 0.0003, FD: 0.2052, Var: 0.0000, CStr: 0.432, Ctx: 2, Train: 94.52%, Valid: 93.10%, Test In: 93.14% Test OOD1: 79.07% 
Epoch: 70, Loss: 0.4600, Cls: 0.2031, Ind: 0.0009, Med: 0.0514, Spu: 0.0003, FD: 0.2044, Var: 0.0000, CStr: 0.432, Ctx: 2, Train: 94.58%, Valid: 93.16%, Test In: 93.20% Test OOD1: 78.85% 
Epoch: 71, Loss: 0.4609, Cls: 0.2035, Ind: 0.0009, Med: 0.0516, Spu: 0.0003, FD: 0.2046, Var: 0.0000, CStr: 0.431, Ctx: 2, Train: 94.46%, Valid: 92.95%, Test In: 93.06% Test OOD1: 80.44% 
Epoch: 72, Loss: 0.4622, Cls: 0.2041, Ind: 0.0008, Med: 0.0516, Spu: 0.0002, FD: 0.2054, Var: 0.0000, CStr: 0.431, Ctx: 2, Train: 94.76%, Valid: 93.25%, Test In: 93.34% Test OOD1: 78.73% 
Epoch: 73, Loss: 0.4540, Cls: 0.2005, Ind: 0.0008, Med: 0.0505, Spu: 0.0002, FD: 0.2020, Var: 0.0000, CStr: 0.431, Ctx: 2, Train: 94.80%, Valid: 93.18%, Test In: 93.36% Test OOD1: 79.35% 
Epoch: 74, Loss: 0.4493, Cls: 0.1984, Ind: 0.0008, Med: 0.0500, Spu: 0.0002, FD: 0.1998, Var: 0.0000, CStr: 0.430, Ctx: 2, Train: 94.76%, Valid: 93.05%, Test In: 93.25% Test OOD1: 80.51% 
Epoch: 75, Loss: 0.4565, Cls: 0.2016, Ind: 0.0008, Med: 0.0508, Spu: 0.0002, FD: 0.2031, Var: 0.0000, CStr: 0.430, Ctx: 2, Train: 94.92%, Valid: 93.28%, Test In: 93.49% Test OOD1: 78.97% 
Epoch: 76, Loss: 0.4479, Cls: 0.1979, Ind: 0.0008, Med: 0.0501, Spu: 0.0002, FD: 0.1989, Var: 0.0000, CStr: 0.430, Ctx: 2, Train: 94.99%, Valid: 93.30%, Test In: 93.43% Test OOD1: 79.26% 
Epoch: 77, Loss: 0.4379, Cls: 0.1934, Ind: 0.0008, Med: 0.0489, Spu: 0.0002, FD: 0.1946, Var: 0.0000, CStr: 0.430, Ctx: 2, Train: 94.93%, Valid: 93.16%, Test In: 93.33% Test OOD1: 80.57% 
Epoch: 78, Loss: 0.4388, Cls: 0.1937, Ind: 0.0007, Med: 0.0485, Spu: 0.0002, FD: 0.1957, Var: 0.0000, CStr: 0.430, Ctx: 2, Train: 95.07%, Valid: 93.41%, Test In: 93.42% Test OOD1: 79.63% 
Epoch: 79, Loss: 0.4337, Cls: 0.1915, Ind: 0.0008, Med: 0.0483, Spu: 0.0002, FD: 0.1929, Var: 0.0000, CStr: 0.429, Ctx: 2, Train: 95.14%, Valid: 93.31%, Test In: 93.43% Test OOD1: 79.49% 
Epoch: 80, Loss: 0.4348, Cls: 0.1920, Ind: 0.0007, Med: 0.0483, Spu: 0.0002, FD: 0.1936, Var: 0.0000, CStr: 0.429, Ctx: 2, Train: 94.94%, Valid: 93.17%, Test In: 93.24% Test OOD1: 81.04% 
Epoch: 81, Loss: 0.4363, Cls: 0.1927, Ind: 0.0007, Med: 0.0484, Spu: 0.0002, FD: 0.1943, Var: 0.0000, CStr: 0.429, Ctx: 2, Train: 95.24%, Valid: 93.41%, Test In: 93.51% Test OOD1: 79.42% 
Epoch: 82, Loss: 0.4250, Cls: 0.1877, Ind: 0.0007, Med: 0.0472, Spu: 0.0002, FD: 0.1892, Var: 0.0000, CStr: 0.429, Ctx: 2, Train: 95.32%, Valid: 93.50%, Test In: 93.56% Test OOD1: 79.68% 
Epoch: 83, Loss: 0.4281, Cls: 0.1891, Ind: 0.0007, Med: 0.0477, Spu: 0.0002, FD: 0.1905, Var: 0.0000, CStr: 0.429, Ctx: 2, Train: 95.26%, Valid: 93.43%, Test In: 93.46% Test OOD1: 80.92% 
Epoch: 84, Loss: 0.4260, Cls: 0.1881, Ind: 0.0007, Med: 0.0474, Spu: 0.0002, FD: 0.1896, Var: 0.0000, CStr: 0.429, Ctx: 2, Train: 95.54%, Valid: 93.60%, Test In: 93.72% Test OOD1: 79.61% 
Epoch: 85, Loss: 0.4291, Cls: 0.1895, Ind: 0.0007, Med: 0.0476, Spu: 0.0002, FD: 0.1912, Var: 0.0000, CStr: 0.429, Ctx: 2, Train: 95.52%, Valid: 93.53%, Test In: 93.56% Test OOD1: 80.35% 
Epoch: 86, Loss: 0.4195, Cls: 0.1853, Ind: 0.0006, Med: 0.0467, Spu: 0.0002, FD: 0.1867, Var: 0.0000, CStr: 0.428, Ctx: 2, Train: 95.49%, Valid: 93.45%, Test In: 93.58% Test OOD1: 80.28% 
Epoch: 87, Loss: 0.4175, Cls: 0.1845, Ind: 0.0006, Med: 0.0466, Spu: 0.0002, FD: 0.1856, Var: 0.0000, CStr: 0.428, Ctx: 2, Train: 95.64%, Valid: 93.68%, Test In: 93.74% Test OOD1: 78.63% 
Epoch: 88, Loss: 0.4199, Cls: 0.1857, Ind: 0.0006, Med: 0.0471, Spu: 0.0002, FD: 0.1863, Var: 0.0000, CStr: 0.428, Ctx: 2, Train: 95.44%, Valid: 93.40%, Test In: 93.47% Test OOD1: 81.29% 
Epoch: 89, Loss: 0.4192, Cls: 0.1852, Ind: 0.0006, Med: 0.0466, Spu: 0.0001, FD: 0.1867, Var: 0.0000, CStr: 0.428, Ctx: 2, Train: 95.71%, Valid: 93.68%, Test In: 93.75% Test OOD1: 79.72% 
Epoch: 90, Loss: 0.4034, Cls: 0.1783, Ind: 0.0006, Med: 0.0448, Spu: 0.0001, FD: 0.1796, Var: 0.0000, CStr: 0.428, Ctx: 2, Train: 95.81%, Valid: 93.64%, Test In: 93.72% Test OOD1: 80.16% 
Epoch: 91, Loss: 0.4067, Cls: 0.1797, Ind: 0.0006, Med: 0.0451, Spu: 0.0001, FD: 0.1812, Var: 0.0000, CStr: 0.428, Ctx: 2, Train: 95.60%, Valid: 93.58%, Test In: 93.59% Test OOD1: 80.95% 
Epoch: 92, Loss: 0.4038, Cls: 0.1784, Ind: 0.0006, Med: 0.0450, Spu: 0.0001, FD: 0.1796, Var: 0.0000, CStr: 0.428, Ctx: 2, Train: 95.82%, Valid: 93.66%, Test In: 93.79% Test OOD1: 78.67% 
Epoch: 93, Loss: 0.4069, Cls: 0.1798, Ind: 0.0006, Med: 0.0452, Spu: 0.0001, FD: 0.1811, Var: 0.0000, CStr: 0.428, Ctx: 2, Train: 95.77%, Valid: 93.62%, Test In: 93.64% Test OOD1: 80.46% 
Epoch: 94, Loss: 0.3931, Cls: 0.1737, Ind: 0.0006, Med: 0.0438, Spu: 0.0001, FD: 0.1748, Var: 0.0000, CStr: 0.428, Ctx: 2, Train: 95.76%, Valid: 93.54%, Test In: 93.59% Test OOD1: 81.24% 
Epoch: 95, Loss: 0.3898, Cls: 0.1723, Ind: 0.0006, Med: 0.0433, Spu: 0.0001, FD: 0.1735, Var: 0.0000, CStr: 0.428, Ctx: 2, Train: 95.90%, Valid: 93.72%, Test In: 93.93% Test OOD1: 79.69% 
Epoch: 96, Loss: 0.3958, Cls: 0.1748, Ind: 0.0006, Med: 0.0437, Spu: 0.0001, FD: 0.1765, Var: 0.0000, CStr: 0.428, Ctx: 2, Train: 96.07%, Valid: 93.78%, Test In: 93.83% Test OOD1: 81.26% 
Epoch: 97, Loss: 0.3880, Cls: 0.1715, Ind: 0.0006, Med: 0.0431, Spu: 0.0001, FD: 0.1727, Var: 0.0000, CStr: 0.428, Ctx: 2, Train: 96.26%, Valid: 93.83%, Test In: 94.04% Test OOD1: 80.45% 
Epoch: 98, Loss: 0.3840, Cls: 0.1697, Ind: 0.0006, Med: 0.0427, Spu: 0.0001, FD: 0.1709, Var: 0.0000, CStr: 0.428, Ctx: 2, Train: 96.18%, Valid: 93.85%, Test In: 94.06% Test OOD1: 79.58% 
Epoch: 99, Loss: 0.3847, Cls: 0.1701, Ind: 0.0005, Med: 0.0429, Spu: 0.0001, FD: 0.1711, Var: 0.0000, CStr: 0.427, Ctx: 2, Train: 96.10%, Valid: 93.73%, Test In: 93.78% Test OOD1: 81.38% 
Epoch: 100, Loss: 0.3778, Cls: 0.1669, Ind: 0.0005, Med: 0.0419, Spu: 0.0001, FD: 0.1683, Var: 0.0000, CStr: 0.427, Ctx: 2, Train: 96.45%, Valid: 94.00%, Test In: 94.11% Test OOD1: 79.42% 
Epoch: 101, Loss: 0.3800, Cls: 0.1680, Ind: 0.0005, Med: 0.0423, Spu: 0.0001, FD: 0.1691, Var: 0.0000, CStr: 0.427, Ctx: 2, Train: 96.43%, Valid: 93.91%, Test In: 94.14% Test OOD1: 80.53% 
Epoch: 102, Loss: 0.3726, Cls: 0.1647, Ind: 0.0005, Med: 0.0415, Spu: 0.0001, FD: 0.1657, Var: 0.0000, CStr: 0.427, Ctx: 2, Train: 96.44%, Valid: 93.93%, Test In: 94.10% Test OOD1: 81.17% 
Epoch: 103, Loss: 0.3792, Cls: 0.1676, Ind: 0.0005, Med: 0.0421, Spu: 0.0001, FD: 0.1689, Var: 0.0000, CStr: 0.427, Ctx: 2, Train: 96.64%, Valid: 94.04%, Test In: 94.27% Test OOD1: 79.98% 
Epoch: 104, Loss: 0.3730, Cls: 0.1649, Ind: 0.0005, Med: 0.0416, Spu: 0.0001, FD: 0.1659, Var: 0.0000, CStr: 0.427, Ctx: 2, Train: 96.46%, Valid: 93.99%, Test In: 93.97% Test OOD1: 81.76% 
Epoch: 105, Loss: 0.3766, Cls: 0.1664, Ind: 0.0005, Med: 0.0418, Spu: 0.0001, FD: 0.1678, Var: 0.0000, CStr: 0.427, Ctx: 2, Train: 96.67%, Valid: 94.20%, Test In: 94.33% Test OOD1: 79.63% 
Epoch: 106, Loss: 0.3649, Cls: 0.1614, Ind: 0.0005, Med: 0.0407, Spu: 0.0001, FD: 0.1622, Var: 0.0000, CStr: 0.427, Ctx: 2, Train: 96.58%, Valid: 94.11%, Test In: 94.04% Test OOD1: 81.75% 
Epoch: 107, Loss: 0.3644, Cls: 0.1611, Ind: 0.0005, Med: 0.0405, Spu: 0.0001, FD: 0.1623, Var: 0.0000, CStr: 0.427, Ctx: 2, Train: 96.70%, Valid: 94.18%, Test In: 94.26% Test OOD1: 80.69% 
Epoch: 108, Loss: 0.3536, Cls: 0.1563, Ind: 0.0004, Med: 0.0394, Spu: 0.0001, FD: 0.1573, Var: 0.0000, CStr: 0.427, Ctx: 2, Train: 96.86%, Valid: 94.46%, Test In: 94.47% Test OOD1: 79.89% 
Epoch: 109, Loss: 0.3630, Cls: 0.1605, Ind: 0.0004, Med: 0.0403, Spu: 0.0001, FD: 0.1616, Var: 0.0000, CStr: 0.427, Ctx: 2, Train: 96.70%, Valid: 94.28%, Test In: 94.16% Test OOD1: 81.48% 
Epoch: 110, Loss: 0.3625, Cls: 0.1603, Ind: 0.0004, Med: 0.0404, Spu: 0.0001, FD: 0.1612, Var: 0.0000, CStr: 0.427, Ctx: 2, Train: 96.76%, Valid: 94.28%, Test In: 94.27% Test OOD1: 81.01% 
Epoch: 111, Loss: 0.3516, Cls: 0.1554, Ind: 0.0004, Med: 0.0390, Spu: 0.0001, FD: 0.1566, Var: 0.0000, CStr: 0.427, Ctx: 2, Train: 97.00%, Valid: 94.39%, Test In: 94.48% Test OOD1: 80.04% 
Epoch: 112, Loss: 0.3543, Cls: 0.1566, Ind: 0.0004, Med: 0.0393, Spu: 0.0001, FD: 0.1579, Var: 0.0000, CStr: 0.427, Ctx: 2, Train: 96.88%, Valid: 94.28%, Test In: 94.31% Test OOD1: 82.15% 
Epoch: 113, Loss: 0.3490, Cls: 0.1543, Ind: 0.0004, Med: 0.0388, Spu: 0.0001, FD: 0.1553, Var: 0.0000, CStr: 0.427, Ctx: 2, Train: 97.08%, Valid: 94.37%, Test In: 94.43% Test OOD1: 80.51% 
Epoch: 114, Loss: 0.3438, Cls: 0.1520, Ind: 0.0004, Med: 0.0382, Spu: 0.0001, FD: 0.1531, Var: 0.0000, CStr: 0.427, Ctx: 2, Train: 97.01%, Valid: 94.37%, Test In: 94.30% Test OOD1: 82.73% 
Epoch: 115, Loss: 0.3444, Cls: 0.1523, Ind: 0.0004, Med: 0.0384, Spu: 0.0001, FD: 0.1532, Var: 0.0000, CStr: 0.427, Ctx: 2, Train: 97.32%, Valid: 94.52%, Test In: 94.54% Test OOD1: 80.21% 
Epoch: 116, Loss: 0.3452, Cls: 0.1526, Ind: 0.0004, Med: 0.0382, Spu: 0.0001, FD: 0.1539, Var: 0.0000, CStr: 0.427, Ctx: 2, Train: 96.88%, Valid: 94.32%, Test In: 94.05% Test OOD1: 84.06% 
Epoch: 117, Loss: 0.3468, Cls: 0.1533, Ind: 0.0004, Med: 0.0384, Spu: 0.0001, FD: 0.1546, Var: 0.0000, CStr: 0.426, Ctx: 2, Train: 97.33%, Valid: 94.56%, Test In: 94.53% Test OOD1: 81.46% 
Epoch: 118, Loss: 0.3362, Cls: 0.1486, Ind: 0.0004, Med: 0.0372, Spu: 0.0001, FD: 0.1499, Var: 0.0000, CStr: 0.426, Ctx: 2, Train: 97.38%, Valid: 94.61%, Test In: 94.67% Test OOD1: 82.26% 
Epoch: 119, Loss: 0.3385, Cls: 0.1496, Ind: 0.0004, Med: 0.0375, Spu: 0.0001, FD: 0.1510, Var: 0.0000, CStr: 0.426, Ctx: 2, Train: 97.38%, Valid: 94.62%, Test In: 94.47% Test OOD1: 82.68% 
Epoch: 120, Loss: 0.3300, Cls: 0.1459, Ind: 0.0004, Med: 0.0366, Spu: 0.0001, FD: 0.1470, Var: 0.0000, CStr: 0.426, Ctx: 2, Train: 97.33%, Valid: 94.57%, Test In: 94.40% Test OOD1: 82.24% 
Epoch: 121, Loss: 0.3348, Cls: 0.1481, Ind: 0.0004, Med: 0.0372, Spu: 0.0001, FD: 0.1490, Var: 0.0000, CStr: 0.426, Ctx: 2, Train: 97.41%, Valid: 94.64%, Test In: 94.63% Test OOD1: 82.76% 
Epoch: 122, Loss: 0.3327, Cls: 0.1472, Ind: 0.0004, Med: 0.0372, Spu: 0.0001, FD: 0.1479, Var: 0.0000, CStr: 0.426, Ctx: 2, Train: 97.51%, Valid: 94.69%, Test In: 94.68% Test OOD1: 82.05% 
Epoch: 123, Loss: 0.3248, Cls: 0.1436, Ind: 0.0004, Med: 0.0359, Spu: 0.0001, FD: 0.1449, Var: 0.0000, CStr: 0.427, Ctx: 2, Train: 97.43%, Valid: 94.70%, Test In: 94.48% Test OOD1: 83.79% 
Epoch: 124, Loss: 0.3191, Cls: 0.1410, Ind: 0.0004, Med: 0.0354, Spu: 0.0001, FD: 0.1421, Var: 0.0000, CStr: 0.427, Ctx: 2, Train: 97.68%, Valid: 94.85%, Test In: 94.79% Test OOD1: 81.90% 
Epoch: 125, Loss: 0.3225, Cls: 0.1426, Ind: 0.0004, Med: 0.0357, Spu: 0.0001, FD: 0.1437, Var: 0.0000, CStr: 0.427, Ctx: 2, Train: 97.55%, Valid: 94.72%, Test In: 94.57% Test OOD1: 83.33% 
Epoch: 126, Loss: 0.3221, Cls: 0.1424, Ind: 0.0004, Med: 0.0357, Spu: 0.0001, FD: 0.1437, Var: 0.0000, CStr: 0.427, Ctx: 2, Train: 97.68%, Valid: 94.81%, Test In: 94.77% Test OOD1: 82.78% 
Epoch: 127, Loss: 0.3221, Cls: 0.1424, Ind: 0.0004, Med: 0.0357, Spu: 0.0001, FD: 0.1436, Var: 0.0000, CStr: 0.428, Ctx: 2, Train: 97.77%, Valid: 94.88%, Test In: 94.92% Test OOD1: 82.01% 
Epoch: 128, Loss: 0.3216, Cls: 0.1422, Ind: 0.0004, Med: 0.0355, Spu: 0.0001, FD: 0.1434, Var: 0.0000, CStr: 0.428, Ctx: 2, Train: 97.66%, Valid: 94.68%, Test In: 94.71% Test OOD1: 84.09% 
Epoch: 129, Loss: 0.3092, Cls: 0.1367, Ind: 0.0003, Med: 0.0345, Spu: 0.0001, FD: 0.1376, Var: 0.0000, CStr: 0.428, Ctx: 2, Train: 97.83%, Valid: 94.96%, Test In: 94.88% Test OOD1: 82.40% 
Epoch: 130, Loss: 0.3161, Cls: 0.1398, Ind: 0.0003, Med: 0.0351, Spu: 0.0000, FD: 0.1408, Var: 0.0000, CStr: 0.429, Ctx: 2, Train: 97.70%, Valid: 94.74%, Test In: 94.52% Test OOD1: 85.01% 
Epoch: 131, Loss: 0.3052, Cls: 0.1349, Ind: 0.0003, Med: 0.0338, Spu: 0.0000, FD: 0.1360, Var: 0.0000, CStr: 0.429, Ctx: 2, Train: 97.86%, Valid: 94.89%, Test In: 94.88% Test OOD1: 81.45% 
Epoch: 132, Loss: 0.3134, Cls: 0.1386, Ind: 0.0004, Med: 0.0349, Spu: 0.0000, FD: 0.1394, Var: 0.0000, CStr: 0.429, Ctx: 2, Train: 97.64%, Valid: 94.52%, Test In: 94.36% Test OOD1: 85.20% 
Epoch: 133, Loss: 0.3207, Cls: 0.1419, Ind: 0.0003, Med: 0.0358, Spu: 0.0000, FD: 0.1426, Var: 0.0000, CStr: 0.430, Ctx: 2, Train: 97.89%, Valid: 94.96%, Test In: 94.85% Test OOD1: 81.29% 
Epoch: 134, Loss: 0.3213, Cls: 0.1422, Ind: 0.0003, Med: 0.0357, Spu: 0.0000, FD: 0.1431, Var: 0.0000, CStr: 0.430, Ctx: 2, Train: 97.96%, Valid: 94.99%, Test In: 94.98% Test OOD1: 83.08% 
Epoch: 135, Loss: 0.3019, Cls: 0.1335, Ind: 0.0003, Med: 0.0335, Spu: 0.0000, FD: 0.1345, Var: 0.0000, CStr: 0.431, Ctx: 2, Train: 97.96%, Valid: 94.98%, Test In: 94.94% Test OOD1: 83.87% 
Epoch: 136, Loss: 0.3046, Cls: 0.1347, Ind: 0.0003, Med: 0.0338, Spu: 0.0000, FD: 0.1357, Var: 0.0000, CStr: 0.431, Ctx: 2, Train: 98.03%, Valid: 95.14%, Test In: 95.06% Test OOD1: 81.65% 
Epoch: 137, Loss: 0.3008, Cls: 0.1330, Ind: 0.0003, Med: 0.0334, Spu: 0.0000, FD: 0.1340, Var: 0.0000, CStr: 0.432, Ctx: 2, Train: 97.93%, Valid: 95.08%, Test In: 94.85% Test OOD1: 84.45% 
Epoch: 138, Loss: 0.2960, Cls: 0.1309, Ind: 0.0003, Med: 0.0328, Spu: 0.0000, FD: 0.1319, Var: 0.0000, CStr: 0.433, Ctx: 2, Train: 98.07%, Valid: 95.16%, Test In: 94.98% Test OOD1: 83.64% 
Epoch: 139, Loss: 0.2872, Cls: 0.1270, Ind: 0.0003, Med: 0.0317, Spu: 0.0000, FD: 0.1282, Var: 0.0000, CStr: 0.433, Ctx: 2, Train: 98.16%, Valid: 95.14%, Test In: 95.14% Test OOD1: 82.03% 
Epoch: 140, Loss: 0.2961, Cls: 0.1310, Ind: 0.0003, Med: 0.0329, Spu: 0.0000, FD: 0.1319, Var: 0.0000, CStr: 0.434, Ctx: 2, Train: 97.97%, Valid: 94.97%, Test In: 94.83% Test OOD1: 84.71% 
Epoch: 141, Loss: 0.2976, Cls: 0.1317, Ind: 0.0003, Med: 0.0331, Spu: 0.0000, FD: 0.1326, Var: 0.0000, CStr: 0.434, Ctx: 2, Train: 98.12%, Valid: 95.00%, Test In: 94.93% Test OOD1: 82.87% 
Epoch: 142, Loss: 0.2899, Cls: 0.1282, Ind: 0.0003, Med: 0.0322, Spu: 0.0000, FD: 0.1292, Var: 0.0000, CStr: 0.435, Ctx: 2, Train: 98.33%, Valid: 95.33%, Test In: 95.18% Test OOD1: 83.06% 
Epoch: 143, Loss: 0.2913, Cls: 0.1288, Ind: 0.0003, Med: 0.0324, Spu: 0.0000, FD: 0.1298, Var: 0.0000, CStr: 0.436, Ctx: 2, Train: 98.06%, Valid: 94.84%, Test In: 94.81% Test OOD1: 85.45% 
Epoch: 144, Loss: 0.2963, Cls: 0.1310, Ind: 0.0003, Med: 0.0327, Spu: 0.0000, FD: 0.1322, Var: 0.0000, CStr: 0.436, Ctx: 2, Train: 98.38%, Valid: 95.29%, Test In: 95.25% Test OOD1: 83.56% 
Epoch: 145, Loss: 0.2800, Cls: 0.1239, Ind: 0.0003, Med: 0.0312, Spu: 0.0000, FD: 0.1246, Var: 0.0000, CStr: 0.437, Ctx: 2, Train: 98.35%, Valid: 95.25%, Test In: 95.17% Test OOD1: 84.36% 
Epoch: 146, Loss: 0.2862, Cls: 0.1265, Ind: 0.0003, Med: 0.0316, Spu: 0.0000, FD: 0.1277, Var: 0.0000, CStr: 0.437, Ctx: 2, Train: 98.23%, Valid: 95.01%, Test In: 94.95% Test OOD1: 84.78% 
Epoch: 147, Loss: 0.2793, Cls: 0.1235, Ind: 0.0003, Med: 0.0309, Spu: 0.0000, FD: 0.1246, Var: 0.0000, CStr: 0.438, Ctx: 2, Train: 98.49%, Valid: 95.35%, Test In: 95.31% Test OOD1: 83.44% 
Epoch: 148, Loss: 0.2806, Cls: 0.1241, Ind: 0.0002, Med: 0.0310, Spu: 0.0000, FD: 0.1252, Var: 0.0000, CStr: 0.439, Ctx: 2, Train: 98.46%, Valid: 95.46%, Test In: 95.32% Test OOD1: 83.53% 
Epoch: 149, Loss: 0.2929, Cls: 0.1296, Ind: 0.0003, Med: 0.0326, Spu: 0.0000, FD: 0.1304, Var: 0.0000, CStr: 0.439, Ctx: 2, Train: 98.23%, Valid: 95.04%, Test In: 95.10% Test OOD1: 82.97% 
Epoch: 150, Loss: 0.2827, Cls: 0.1251, Ind: 0.0003, Med: 0.0315, Spu: 0.0000, FD: 0.1258, Var: 0.0000, CStr: 0.440, Ctx: 2, Train: 98.32%, Valid: 95.16%, Test In: 95.12% Test OOD1: 85.12% 
Epoch: 151, Loss: 0.2815, Cls: 0.1245, Ind: 0.0002, Med: 0.0311, Spu: 0.0000, FD: 0.1256, Var: 0.0000, CStr: 0.440, Ctx: 2, Train: 98.51%, Valid: 95.53%, Test In: 95.41% Test OOD1: 82.84% 
Epoch: 152, Loss: 0.2794, Cls: 0.1236, Ind: 0.0003, Med: 0.0311, Spu: 0.0000, FD: 0.1244, Var: 0.0000, CStr: 0.441, Ctx: 2, Train: 98.38%, Valid: 95.28%, Test In: 95.27% Test OOD1: 84.37% 
Epoch: 153, Loss: 0.2695, Cls: 0.1192, Ind: 0.0002, Med: 0.0299, Spu: 0.0000, FD: 0.1201, Var: 0.0000, CStr: 0.441, Ctx: 2, Train: 98.51%, Valid: 95.33%, Test In: 95.29% Test OOD1: 84.66% 
Epoch: 154, Loss: 0.2690, Cls: 0.1190, Ind: 0.0002, Med: 0.0297, Spu: 0.0000, FD: 0.1201, Var: 0.0000, CStr: 0.442, Ctx: 2, Train: 98.68%, Valid: 95.59%, Test In: 95.47% Test OOD1: 83.14% 
Epoch: 155, Loss: 0.2756, Cls: 0.1219, Ind: 0.0003, Med: 0.0305, Spu: 0.0000, FD: 0.1229, Var: 0.0000, CStr: 0.443, Ctx: 2, Train: 98.60%, Valid: 95.45%, Test In: 95.21% Test OOD1: 84.44% 
Epoch: 156, Loss: 0.2646, Cls: 0.1171, Ind: 0.0002, Med: 0.0293, Spu: 0.0000, FD: 0.1180, Var: 0.0000, CStr: 0.443, Ctx: 2, Train: 98.57%, Valid: 95.21%, Test In: 95.19% Test OOD1: 84.64% 
Epoch: 157, Loss: 0.2603, Cls: 0.1152, Ind: 0.0002, Med: 0.0289, Spu: 0.0000, FD: 0.1160, Var: 0.0000, CStr: 0.444, Ctx: 2, Train: 98.63%, Valid: 95.57%, Test In: 95.34% Test OOD1: 83.88% 
Epoch: 158, Loss: 0.2642, Cls: 0.1169, Ind: 0.0002, Med: 0.0294, Spu: 0.0000, FD: 0.1176, Var: 0.0000, CStr: 0.444, Ctx: 2, Train: 98.73%, Valid: 95.58%, Test In: 95.45% Test OOD1: 83.58% 
Epoch: 159, Loss: 0.2610, Cls: 0.1154, Ind: 0.0002, Med: 0.0289, Spu: 0.0000, FD: 0.1164, Var: 0.0000, CStr: 0.445, Ctx: 2, Train: 98.36%, Valid: 94.83%, Test In: 94.91% Test OOD1: 86.10% 
Epoch: 160, Loss: 0.2726, Cls: 0.1206, Ind: 0.0003, Med: 0.0303, Spu: 0.0000, FD: 0.1215, Var: 0.0000, CStr: 0.445, Ctx: 2, Train: 98.86%, Valid: 95.70%, Test In: 95.54% Test OOD1: 82.18% 
Epoch: 161, Loss: 0.2698, Cls: 0.1194, Ind: 0.0003, Med: 0.0301, Spu: 0.0000, FD: 0.1200, Var: 0.0000, CStr: 0.445, Ctx: 2, Train: 98.86%, Valid: 95.44%, Test In: 95.37% Test OOD1: 84.14% 
Epoch: 162, Loss: 0.2634, Cls: 0.1165, Ind: 0.0002, Med: 0.0291, Spu: 0.0000, FD: 0.1175, Var: 0.0000, CStr: 0.446, Ctx: 2, Train: 98.53%, Valid: 94.96%, Test In: 95.24% Test OOD1: 83.83% 
Epoch: 163, Loss: 0.2640, Cls: 0.1168, Ind: 0.0003, Med: 0.0292, Spu: 0.0000, FD: 0.1177, Var: 0.0000, CStr: 0.446, Ctx: 2, Train: 98.83%, Valid: 95.54%, Test In: 95.42% Test OOD1: 83.36% 
Epoch: 164, Loss: 0.2546, Cls: 0.1126, Ind: 0.0002, Med: 0.0283, Spu: 0.0000, FD: 0.1134, Var: 0.0000, CStr: 0.447, Ctx: 2, Train: 98.87%, Valid: 95.67%, Test In: 95.52% Test OOD1: 83.65% 
Epoch: 165, Loss: 0.2553, Cls: 0.1130, Ind: 0.0002, Med: 0.0284, Spu: 0.0000, FD: 0.1137, Var: 0.0000, CStr: 0.447, Ctx: 2, Train: 98.70%, Valid: 95.36%, Test In: 95.37% Test OOD1: 84.42% 
Epoch: 166, Loss: 0.2490, Cls: 0.1102, Ind: 0.0002, Med: 0.0276, Spu: 0.0000, FD: 0.1110, Var: 0.0000, CStr: 0.447, Ctx: 2, Train: 98.87%, Valid: 95.67%, Test In: 95.51% Test OOD1: 84.96% 
Epoch: 167, Loss: 0.2437, Cls: 0.1078, Ind: 0.0002, Med: 0.0270, Spu: 0.0000, FD: 0.1087, Var: 0.0000, CStr: 0.448, Ctx: 2, Train: 99.01%, Valid: 95.83%, Test In: 95.63% Test OOD1: 83.45% 
Epoch: 168, Loss: 0.2486, Cls: 0.1100, Ind: 0.0002, Med: 0.0275, Spu: 0.0000, FD: 0.1109, Var: 0.0000, CStr: 0.448, Ctx: 2, Train: 98.79%, Valid: 95.33%, Test In: 95.25% Test OOD1: 86.66% 
Epoch: 169, Loss: 0.2550, Cls: 0.1128, Ind: 0.0002, Med: 0.0281, Spu: 0.0000, FD: 0.1138, Var: 0.0000, CStr: 0.448, Ctx: 2, Train: 98.85%, Valid: 95.63%, Test In: 95.49% Test OOD1: 83.52% 
Epoch: 170, Loss: 0.2575, Cls: 0.1139, Ind: 0.0002, Med: 0.0286, Spu: 0.0000, FD: 0.1147, Var: 0.0000, CStr: 0.449, Ctx: 2, Train: 99.05%, Valid: 95.77%, Test In: 95.58% Test OOD1: 85.29% 
Epoch: 171, Loss: 0.2495, Cls: 0.1104, Ind: 0.0002, Med: 0.0277, Spu: 0.0000, FD: 0.1112, Var: 0.0000, CStr: 0.449, Ctx: 2, Train: 99.07%, Valid: 95.71%, Test In: 95.52% Test OOD1: 86.09% 
Epoch: 172, Loss: 0.2479, Cls: 0.1097, Ind: 0.0002, Med: 0.0274, Spu: 0.0000, FD: 0.1106, Var: 0.0000, CStr: 0.449, Ctx: 2, Train: 98.79%, Valid: 95.47%, Test In: 95.50% Test OOD1: 84.52% 
Epoch: 173, Loss: 0.2523, Cls: 0.1116, Ind: 0.0002, Med: 0.0279, Spu: 0.0000, FD: 0.1126, Var: 0.0000, CStr: 0.450, Ctx: 2, Train: 98.97%, Valid: 95.42%, Test In: 95.44% Test OOD1: 87.06% 
Epoch: 174, Loss: 0.2572, Cls: 0.1138, Ind: 0.0002, Med: 0.0284, Spu: 0.0000, FD: 0.1148, Var: 0.0000, CStr: 0.450, Ctx: 2, Train: 99.11%, Valid: 95.80%, Test In: 95.63% Test OOD1: 83.32% 
Epoch: 175, Loss: 0.2514, Cls: 0.1113, Ind: 0.0002, Med: 0.0279, Spu: 0.0000, FD: 0.1120, Var: 0.0000, CStr: 0.450, Ctx: 2, Train: 99.03%, Valid: 95.67%, Test In: 95.60% Test OOD1: 86.41% 
Epoch: 176, Loss: 0.2426, Cls: 0.1073, Ind: 0.0002, Med: 0.0268, Spu: 0.0000, FD: 0.1082, Var: 0.0000, CStr: 0.450, Ctx: 2, Train: 99.09%, Valid: 95.73%, Test In: 95.67% Test OOD1: 86.22% 
Epoch: 177, Loss: 0.2457, Cls: 0.1087, Ind: 0.0002, Med: 0.0270, Spu: 0.0000, FD: 0.1099, Var: 0.0000, CStr: 0.451, Ctx: 2, Train: 99.06%, Valid: 95.88%, Test In: 95.70% Test OOD1: 83.04% 
Epoch: 178, Loss: 0.2467, Cls: 0.1092, Ind: 0.0002, Med: 0.0274, Spu: 0.0000, FD: 0.1099, Var: 0.0000, CStr: 0.451, Ctx: 2, Train: 98.99%, Valid: 95.53%, Test In: 95.38% Test OOD1: 87.53% 
Epoch: 179, Loss: 0.2501, Cls: 0.1107, Ind: 0.0002, Med: 0.0277, Spu: 0.0000, FD: 0.1116, Var: 0.0000, CStr: 0.451, Ctx: 2, Train: 99.13%, Valid: 95.81%, Test In: 95.75% Test OOD1: 85.06% 
Epoch: 180, Loss: 0.2362, Cls: 0.1045, Ind: 0.0002, Med: 0.0263, Spu: 0.0000, FD: 0.1052, Var: 0.0000, CStr: 0.451, Ctx: 2, Train: 99.24%, Valid: 95.86%, Test In: 95.77% Test OOD1: 84.88% 
Epoch: 181, Loss: 0.2324, Cls: 0.1028, Ind: 0.0002, Med: 0.0257, Spu: 0.0000, FD: 0.1037, Var: 0.0000, CStr: 0.451, Ctx: 2, Train: 99.09%, Valid: 95.61%, Test In: 95.46% Test OOD1: 87.02% 
Epoch: 182, Loss: 0.2351, Cls: 0.1039, Ind: 0.0002, Med: 0.0259, Spu: 0.0000, FD: 0.1050, Var: 0.0000, CStr: 0.452, Ctx: 2, Train: 99.11%, Valid: 95.79%, Test In: 95.54% Test OOD1: 83.96% 
Epoch: 183, Loss: 0.2415, Cls: 0.1069, Ind: 0.0002, Med: 0.0269, Spu: 0.0000, FD: 0.1074, Var: 0.0000, CStr: 0.452, Ctx: 2, Train: 99.21%, Valid: 95.86%, Test In: 95.60% Test OOD1: 86.52% 
Epoch: 184, Loss: 0.2405, Cls: 0.1064, Ind: 0.0002, Med: 0.0266, Spu: 0.0000, FD: 0.1073, Var: 0.0000, CStr: 0.452, Ctx: 2, Train: 99.28%, Valid: 95.96%, Test In: 95.72% Test OOD1: 86.24% 
Epoch: 185, Loss: 0.2353, Cls: 0.1041, Ind: 0.0002, Med: 0.0260, Spu: 0.0000, FD: 0.1050, Var: 0.0000, CStr: 0.452, Ctx: 2, Train: 99.15%, Valid: 95.96%, Test In: 95.88% Test OOD1: 83.67% 
Epoch: 186, Loss: 0.2409, Cls: 0.1066, Ind: 0.0002, Med: 0.0267, Spu: 0.0000, FD: 0.1074, Var: 0.0000, CStr: 0.453, Ctx: 2, Train: 99.26%, Valid: 95.90%, Test In: 95.76% Test OOD1: 86.85% 
Epoch: 187, Loss: 0.2311, Cls: 0.1022, Ind: 0.0002, Med: 0.0256, Spu: 0.0000, FD: 0.1030, Var: 0.0000, CStr: 0.453, Ctx: 2, Train: 99.28%, Valid: 96.01%, Test In: 95.86% Test OOD1: 86.20% 
Epoch: 188, Loss: 0.2318, Cls: 0.1026, Ind: 0.0002, Med: 0.0258, Spu: 0.0000, FD: 0.1032, Var: 0.0000, CStr: 0.453, Ctx: 2, Train: 99.20%, Valid: 95.89%, Test In: 95.80% Test OOD1: 84.10% 
Epoch: 189, Loss: 0.2293, Cls: 0.1015, Ind: 0.0002, Med: 0.0254, Spu: 0.0000, FD: 0.1022, Var: 0.0000, CStr: 0.453, Ctx: 2, Train: 99.28%, Valid: 95.91%, Test In: 95.78% Test OOD1: 86.96% 
Epoch: 190, Loss: 0.2301, Cls: 0.1018, Ind: 0.0002, Med: 0.0255, Spu: 0.0000, FD: 0.1026, Var: 0.0000, CStr: 0.453, Ctx: 2, Train: 99.28%, Valid: 95.83%, Test In: 95.74% Test OOD1: 87.37% 
Epoch: 191, Loss: 0.2269, Cls: 0.1004, Ind: 0.0002, Med: 0.0251, Spu: 0.0000, FD: 0.1013, Var: 0.0000, CStr: 0.454, Ctx: 2, Train: 99.28%, Valid: 96.02%, Test In: 95.98% Test OOD1: 84.87% 
Epoch: 192, Loss: 0.2337, Cls: 0.1034, Ind: 0.0002, Med: 0.0258, Spu: 0.0000, FD: 0.1043, Var: 0.0000, CStr: 0.454, Ctx: 2, Train: 99.34%, Valid: 95.79%, Test In: 95.81% Test OOD1: 87.23% 
Epoch: 193, Loss: 0.2213, Cls: 0.0979, Ind: 0.0002, Med: 0.0244, Spu: 0.0000, FD: 0.0988, Var: 0.0000, CStr: 0.454, Ctx: 2, Train: 99.40%, Valid: 95.92%, Test In: 95.92% Test OOD1: 86.15% 
Epoch: 194, Loss: 0.2192, Cls: 0.0970, Ind: 0.0001, Med: 0.0244, Spu: 0.0000, FD: 0.0977, Var: 0.0000, CStr: 0.454, Ctx: 2, Train: 99.32%, Valid: 95.91%, Test In: 95.89% Test OOD1: 84.66% 
Epoch: 195, Loss: 0.2289, Cls: 0.1013, Ind: 0.0002, Med: 0.0252, Spu: 0.0000, FD: 0.1023, Var: 0.0000, CStr: 0.455, Ctx: 2, Train: 99.32%, Valid: 95.81%, Test In: 95.76% Test OOD1: 87.26% 
Epoch: 196, Loss: 0.2283, Cls: 0.1010, Ind: 0.0002, Med: 0.0253, Spu: 0.0000, FD: 0.1018, Var: 0.0000, CStr: 0.455, Ctx: 2, Train: 99.43%, Valid: 96.13%, Test In: 96.09% Test OOD1: 85.43% 
Epoch: 197, Loss: 0.2149, Cls: 0.0951, Ind: 0.0002, Med: 0.0237, Spu: 0.0000, FD: 0.0959, Var: 0.0000, CStr: 0.455, Ctx: 2, Train: 99.35%, Valid: 96.07%, Test In: 96.03% Test OOD1: 85.30% 
Epoch: 198, Loss: 0.2214, Cls: 0.0980, Ind: 0.0002, Med: 0.0245, Spu: 0.0000, FD: 0.0987, Var: 0.0000, CStr: 0.455, Ctx: 2, Train: 99.35%, Valid: 95.92%, Test In: 95.75% Test OOD1: 88.18% 
Epoch: 199, Loss: 0.2191, Cls: 0.0970, Ind: 0.0002, Med: 0.0244, Spu: 0.0000, FD: 0.0976, Var: 0.0000, CStr: 0.456, Ctx: 2, Train: 99.46%, Valid: 96.21%, Test In: 96.17% Test OOD1: 85.70% 
Epoch: 200, Loss: 0.2211, Cls: 0.0978, Ind: 0.0002, Med: 0.0244, Spu: 0.0000, FD: 0.0986, Var: 0.0000, CStr: 0.456, Ctx: 2, Train: 99.45%, Valid: 96.13%, Test In: 96.02% Test OOD1: 85.32% 
Epoch: 201, Loss: 0.2055, Cls: 0.0909, Ind: 0.0002, Med: 0.0226, Spu: 0.0000, FD: 0.0918, Var: 0.0000, CStr: 0.456, Ctx: 2, Train: 99.42%, Valid: 96.06%, Test In: 95.91% Test OOD1: 87.47% 
Epoch: 202, Loss: 0.2239, Cls: 0.0991, Ind: 0.0002, Med: 0.0248, Spu: 0.0000, FD: 0.0999, Var: 0.0000, CStr: 0.457, Ctx: 2, Train: 99.52%, Valid: 96.31%, Test In: 96.16% Test OOD1: 85.48% 
Epoch: 203, Loss: 0.2162, Cls: 0.0957, Ind: 0.0002, Med: 0.0240, Spu: 0.0000, FD: 0.0963, Var: 0.0000, CStr: 0.457, Ctx: 2, Train: 99.47%, Valid: 96.27%, Test In: 96.11% Test OOD1: 85.74% 
Epoch: 204, Loss: 0.2077, Cls: 0.0919, Ind: 0.0002, Med: 0.0230, Spu: 0.0000, FD: 0.0926, Var: 0.0000, CStr: 0.457, Ctx: 2, Train: 99.35%, Valid: 95.86%, Test In: 95.82% Test OOD1: 87.73% 
Epoch: 205, Loss: 0.2154, Cls: 0.0953, Ind: 0.0001, Med: 0.0239, Spu: 0.0000, FD: 0.0960, Var: 0.0000, CStr: 0.457, Ctx: 2, Train: 99.49%, Valid: 96.36%, Test In: 96.13% Test OOD1: 85.30% 
Epoch: 206, Loss: 0.2089, Cls: 0.0924, Ind: 0.0002, Med: 0.0231, Spu: 0.0000, FD: 0.0932, Var: 0.0000, CStr: 0.458, Ctx: 2, Train: 99.47%, Valid: 96.27%, Test In: 96.09% Test OOD1: 86.15% 
Epoch: 207, Loss: 0.2094, Cls: 0.0927, Ind: 0.0001, Med: 0.0232, Spu: 0.0000, FD: 0.0934, Var: 0.0000, CStr: 0.458, Ctx: 2, Train: 99.40%, Valid: 95.94%, Test In: 95.81% Test OOD1: 87.54% 
Epoch: 208, Loss: 0.2208, Cls: 0.0977, Ind: 0.0002, Med: 0.0244, Spu: 0.0000, FD: 0.0986, Var: 0.0000, CStr: 0.458, Ctx: 2, Train: 99.51%, Valid: 96.36%, Test In: 96.21% Test OOD1: 84.55% 
Epoch: 209, Loss: 0.2169, Cls: 0.0960, Ind: 0.0002, Med: 0.0240, Spu: 0.0000, FD: 0.0967, Var: 0.0000, CStr: 0.458, Ctx: 2, Train: 99.49%, Valid: 96.26%, Test In: 96.13% Test OOD1: 86.44% 
Epoch: 210, Loss: 0.2114, Cls: 0.0936, Ind: 0.0002, Med: 0.0234, Spu: 0.0000, FD: 0.0943, Var: 0.0000, CStr: 0.459, Ctx: 2, Train: 99.33%, Valid: 95.98%, Test In: 95.92% Test OOD1: 86.49% 
Epoch: 211, Loss: 0.2056, Cls: 0.0910, Ind: 0.0002, Med: 0.0228, Spu: 0.0000, FD: 0.0917, Var: 0.0000, CStr: 0.459, Ctx: 2, Train: 99.51%, Valid: 96.30%, Test In: 96.17% Test OOD1: 85.83% 
Epoch: 212, Loss: 0.2097, Cls: 0.0928, Ind: 0.0002, Med: 0.0232, Spu: 0.0000, FD: 0.0935, Var: 0.0000, CStr: 0.459, Ctx: 2, Train: 99.49%, Valid: 96.26%, Test In: 96.07% Test OOD1: 87.12% 
Epoch: 213, Loss: 0.2169, Cls: 0.0960, Ind: 0.0002, Med: 0.0240, Spu: 0.0000, FD: 0.0968, Var: 0.0000, CStr: 0.459, Ctx: 2, Train: 99.31%, Valid: 95.95%, Test In: 95.95% Test OOD1: 86.42% 
Epoch: 214, Loss: 0.2101, Cls: 0.0930, Ind: 0.0002, Med: 0.0234, Spu: 0.0000, FD: 0.0936, Var: 0.0000, CStr: 0.459, Ctx: 2, Train: 99.58%, Valid: 96.27%, Test In: 96.33% Test OOD1: 87.44% 
Epoch: 215, Loss: 0.2012, Cls: 0.0890, Ind: 0.0001, Med: 0.0222, Spu: 0.0000, FD: 0.0898, Var: 0.0000, CStr: 0.460, Ctx: 2, Train: 99.57%, Valid: 96.36%, Test In: 96.36% Test OOD1: 87.11% 
Epoch: 216, Loss: 0.2057, Cls: 0.0911, Ind: 0.0001, Med: 0.0228, Spu: 0.0000, FD: 0.0917, Var: 0.0000, CStr: 0.460, Ctx: 2, Train: 99.51%, Valid: 96.38%, Test In: 96.15% Test OOD1: 86.32% 
Epoch: 217, Loss: 0.2082, Cls: 0.0922, Ind: 0.0001, Med: 0.0232, Spu: 0.0000, FD: 0.0927, Var: 0.0000, CStr: 0.460, Ctx: 2, Train: 99.58%, Valid: 96.38%, Test In: 96.26% Test OOD1: 87.42% 
Epoch: 218, Loss: 0.2014, Cls: 0.0892, Ind: 0.0001, Med: 0.0224, Spu: 0.0000, FD: 0.0897, Var: 0.0000, CStr: 0.460, Ctx: 2, Train: 99.58%, Valid: 96.39%, Test In: 96.27% Test OOD1: 87.19% 
Epoch: 219, Loss: 0.2042, Cls: 0.0904, Ind: 0.0001, Med: 0.0227, Spu: 0.0000, FD: 0.0910, Var: 0.0000, CStr: 0.461, Ctx: 2, Train: 99.54%, Valid: 96.38%, Test In: 96.24% Test OOD1: 86.01% 
Epoch: 220, Loss: 0.1995, Cls: 0.0883, Ind: 0.0002, Med: 0.0221, Spu: 0.0000, FD: 0.0889, Var: 0.0000, CStr: 0.461, Ctx: 2, Train: 99.53%, Valid: 96.13%, Test In: 96.10% Test OOD1: 88.08% 
Epoch: 221, Loss: 0.2087, Cls: 0.0924, Ind: 0.0001, Med: 0.0230, Spu: 0.0000, FD: 0.0932, Var: 0.0000, CStr: 0.461, Ctx: 2, Train: 99.65%, Valid: 96.51%, Test In: 96.45% Test OOD1: 86.83% 
Epoch: 222, Loss: 0.2080, Cls: 0.0920, Ind: 0.0002, Med: 0.0229, Spu: 0.0000, FD: 0.0929, Var: 0.0000, CStr: 0.461, Ctx: 2, Train: 99.62%, Valid: 96.40%, Test In: 96.44% Test OOD1: 86.62% 
Epoch: 223, Loss: 0.1961, Cls: 0.0868, Ind: 0.0001, Med: 0.0218, Spu: 0.0000, FD: 0.0874, Var: 0.0000, CStr: 0.461, Ctx: 2, Train: 99.49%, Valid: 96.11%, Test In: 96.07% Test OOD1: 87.80% 
Epoch: 224, Loss: 0.1908, Cls: 0.0844, Ind: 0.0001, Med: 0.0209, Spu: 0.0000, FD: 0.0853, Var: 0.0000, CStr: 0.461, Ctx: 2, Train: 99.64%, Valid: 96.54%, Test In: 96.36% Test OOD1: 86.97% 
Epoch: 225, Loss: 0.1888, Cls: 0.0836, Ind: 0.0002, Med: 0.0209, Spu: 0.0000, FD: 0.0841, Var: 0.0000, CStr: 0.462, Ctx: 2, Train: 99.62%, Valid: 96.55%, Test In: 96.46% Test OOD1: 85.63% 
Epoch: 226, Loss: 0.2026, Cls: 0.0897, Ind: 0.0001, Med: 0.0224, Spu: 0.0000, FD: 0.0904, Var: 0.0000, CStr: 0.462, Ctx: 2, Train: 99.51%, Valid: 96.28%, Test In: 96.19% Test OOD1: 87.50% 
Epoch: 227, Loss: 0.1871, Cls: 0.0828, Ind: 0.0001, Med: 0.0208, Spu: 0.0000, FD: 0.0833, Var: 0.0000, CStr: 0.462, Ctx: 2, Train: 99.53%, Valid: 96.30%, Test In: 96.21% Test OOD1: 87.30% 
Epoch: 228, Loss: 0.1979, Cls: 0.0876, Ind: 0.0001, Med: 0.0220, Spu: 0.0000, FD: 0.0882, Var: 0.0000, CStr: 0.462, Ctx: 2, Train: 99.65%, Valid: 96.66%, Test In: 96.48% Test OOD1: 84.94% 
Epoch: 229, Loss: 0.1989, Cls: 0.0881, Ind: 0.0001, Med: 0.0220, Spu: 0.0000, FD: 0.0887, Var: 0.0000, CStr: 0.462, Ctx: 2, Train: 99.69%, Valid: 96.52%, Test In: 96.44% Test OOD1: 86.46% 
Epoch: 230, Loss: 0.1958, Cls: 0.0867, Ind: 0.0001, Med: 0.0216, Spu: 0.0000, FD: 0.0874, Var: 0.0000, CStr: 0.463, Ctx: 2, Train: 99.52%, Valid: 96.17%, Test In: 96.17% Test OOD1: 87.85% 
Epoch: 231, Loss: 0.2072, Cls: 0.0917, Ind: 0.0001, Med: 0.0230, Spu: 0.0000, FD: 0.0924, Var: 0.0000, CStr: 0.463, Ctx: 2, Train: 99.67%, Valid: 96.67%, Test In: 96.48% Test OOD1: 84.56% 
Epoch: 232, Loss: 0.2005, Cls: 0.0887, Ind: 0.0001, Med: 0.0221, Spu: 0.0000, FD: 0.0895, Var: 0.0000, CStr: 0.463, Ctx: 2, Train: 99.66%, Valid: 96.56%, Test In: 96.39% Test OOD1: 86.88% 
Epoch: 233, Loss: 0.1946, Cls: 0.0861, Ind: 0.0001, Med: 0.0214, Spu: 0.0000, FD: 0.0869, Var: 0.0000, CStr: 0.463, Ctx: 2, Train: 99.58%, Valid: 96.36%, Test In: 96.31% Test OOD1: 87.56% 
Epoch: 234, Loss: 0.1947, Cls: 0.0862, Ind: 0.0001, Med: 0.0217, Spu: 0.0000, FD: 0.0867, Var: 0.0000, CStr: 0.463, Ctx: 2, Train: 99.66%, Valid: 96.54%, Test In: 96.53% Test OOD1: 86.07% 
Epoch: 235, Loss: 0.1871, Cls: 0.0828, Ind: 0.0001, Med: 0.0207, Spu: 0.0000, FD: 0.0835, Var: 0.0000, CStr: 0.464, Ctx: 2, Train: 99.71%, Valid: 96.72%, Test In: 96.61% Test OOD1: 86.20% 
Epoch: 236, Loss: 0.1983, Cls: 0.0877, Ind: 0.0001, Med: 0.0218, Spu: 0.0000, FD: 0.0886, Var: 0.0000, CStr: 0.464, Ctx: 2, Train: 99.71%, Valid: 96.65%, Test In: 96.54% Test OOD1: 87.87% 
Epoch: 237, Loss: 0.1866, Cls: 0.0826, Ind: 0.0001, Med: 0.0206, Spu: 0.0000, FD: 0.0832, Var: 0.0000, CStr: 0.464, Ctx: 2, Train: 99.54%, Valid: 96.47%, Test In: 96.47% Test OOD1: 87.16% 
Epoch: 238, Loss: 0.1853, Cls: 0.0820, Ind: 0.0001, Med: 0.0204, Spu: 0.0000, FD: 0.0828, Var: 0.0000, CStr: 0.464, Ctx: 2, Train: 99.68%, Valid: 96.60%, Test In: 96.54% Test OOD1: 87.12% 
Epoch: 239, Loss: 0.1828, Cls: 0.0809, Ind: 0.0001, Med: 0.0202, Spu: 0.0000, FD: 0.0816, Var: 0.0000, CStr: 0.465, Ctx: 2, Train: 99.68%, Valid: 96.54%, Test In: 96.62% Test OOD1: 86.62% 
Epoch: 240, Loss: 0.1864, Cls: 0.0825, Ind: 0.0001, Med: 0.0206, Spu: 0.0000, FD: 0.0832, Var: 0.0000, CStr: 0.465, Ctx: 2, Train: 99.67%, Valid: 96.48%, Test In: 96.54% Test OOD1: 87.17% 
Epoch: 241, Loss: 0.1844, Cls: 0.0816, Ind: 0.0001, Med: 0.0204, Spu: 0.0000, FD: 0.0822, Var: 0.0000, CStr: 0.465, Ctx: 2, Train: 99.68%, Valid: 96.39%, Test In: 96.42% Test OOD1: 87.75% 
Epoch: 242, Loss: 0.1811, Cls: 0.0801, Ind: 0.0001, Med: 0.0200, Spu: 0.0000, FD: 0.0809, Var: 0.0000, CStr: 0.465, Ctx: 2, Train: 99.72%, Valid: 96.48%, Test In: 96.49% Test OOD1: 87.85% 
Epoch: 243, Loss: 0.1901, Cls: 0.0842, Ind: 0.0001, Med: 0.0211, Spu: 0.0000, FD: 0.0846, Var: 0.0000, CStr: 0.465, Ctx: 2, Train: 99.75%, Valid: 96.63%, Test In: 96.46% Test OOD1: 86.18% 
Epoch: 244, Loss: 0.1778, Cls: 0.0787, Ind: 0.0002, Med: 0.0198, Spu: 0.0000, FD: 0.0791, Var: 0.0000, CStr: 0.466, Ctx: 2, Train: 99.73%, Valid: 96.67%, Test In: 96.50% Test OOD1: 87.87% 
Epoch: 245, Loss: 0.1814, Cls: 0.0803, Ind: 0.0001, Med: 0.0201, Spu: 0.0000, FD: 0.0808, Var: 0.0000, CStr: 0.466, Ctx: 2, Train: 99.72%, Valid: 96.61%, Test In: 96.50% Test OOD1: 88.16% 
Epoch: 246, Loss: 0.1861, Cls: 0.0824, Ind: 0.0001, Med: 0.0207, Spu: 0.0000, FD: 0.0829, Var: 0.0000, CStr: 0.466, Ctx: 2, Train: 99.75%, Valid: 96.75%, Test In: 96.57% Test OOD1: 86.60% 
Epoch: 247, Loss: 0.1876, Cls: 0.0830, Ind: 0.0001, Med: 0.0207, Spu: 0.0000, FD: 0.0837, Var: 0.0000, CStr: 0.466, Ctx: 2, Train: 99.75%, Valid: 96.71%, Test In: 96.57% Test OOD1: 88.07% 
Epoch: 248, Loss: 0.1835, Cls: 0.0812, Ind: 0.0001, Med: 0.0203, Spu: 0.0000, FD: 0.0819, Var: 0.0000, CStr: 0.467, Ctx: 2, Train: 99.70%, Valid: 96.62%, Test In: 96.56% Test OOD1: 87.52% 
Epoch: 249, Loss: 0.1858, Cls: 0.0822, Ind: 0.0001, Med: 0.0205, Spu: 0.0000, FD: 0.0829, Var: 0.0000, CStr: 0.467, Ctx: 2, Train: 99.75%, Valid: 96.67%, Test In: 96.58% Test OOD1: 87.38% 
Epoch: 250, Loss: 0.1857, Cls: 0.0822, Ind: 0.0001, Med: 0.0205, Spu: 0.0000, FD: 0.0828, Var: 0.0000, CStr: 0.467, Ctx: 2, Train: 99.73%, Valid: 96.72%, Test In: 96.50% Test OOD1: 88.60% 
Epoch: 251, Loss: 0.1895, Cls: 0.0839, Ind: 0.0001, Med: 0.0210, Spu: 0.0000, FD: 0.0844, Var: 0.0000, CStr: 0.467, Ctx: 2, Train: 99.75%, Valid: 96.69%, Test In: 96.57% Test OOD1: 85.67% 
Epoch: 252, Loss: 0.1960, Cls: 0.0867, Ind: 0.0002, Med: 0.0216, Spu: 0.0000, FD: 0.0875, Var: 0.0000, CStr: 0.467, Ctx: 2, Train: 99.68%, Valid: 96.52%, Test In: 96.40% Test OOD1: 88.84% 
Epoch: 253, Loss: 0.1813, Cls: 0.0802, Ind: 0.0001, Med: 0.0201, Spu: 0.0000, FD: 0.0808, Var: 0.0000, CStr: 0.468, Ctx: 2, Train: 99.78%, Valid: 96.84%, Test In: 96.73% Test OOD1: 86.79% 
Epoch: 254, Loss: 0.1829, Cls: 0.0810, Ind: 0.0001, Med: 0.0203, Spu: 0.0000, FD: 0.0815, Var: 0.0000, CStr: 0.468, Ctx: 2, Train: 99.75%, Valid: 96.82%, Test In: 96.69% Test OOD1: 86.98% 
Epoch: 255, Loss: 0.1782, Cls: 0.0789, Ind: 0.0001, Med: 0.0198, Spu: 0.0000, FD: 0.0794, Var: 0.0000, CStr: 0.468, Ctx: 2, Train: 99.62%, Valid: 96.53%, Test In: 96.38% Test OOD1: 89.34% 
Epoch: 256, Loss: 0.1873, Cls: 0.0829, Ind: 0.0002, Med: 0.0206, Spu: 0.0000, FD: 0.0837, Var: 0.0000, CStr: 0.468, Ctx: 2, Train: 99.75%, Valid: 96.87%, Test In: 96.73% Test OOD1: 86.73% 
Epoch: 257, Loss: 0.1832, Cls: 0.0811, Ind: 0.0001, Med: 0.0203, Spu: 0.0000, FD: 0.0816, Var: 0.0000, CStr: 0.468, Ctx: 2, Train: 99.75%, Valid: 97.00%, Test In: 96.73% Test OOD1: 87.14% 
Epoch: 258, Loss: 0.1748, Cls: 0.0774, Ind: 0.0001, Med: 0.0193, Spu: 0.0000, FD: 0.0780, Var: 0.0000, CStr: 0.468, Ctx: 2, Train: 99.71%, Valid: 96.67%, Test In: 96.54% Test OOD1: 88.15% 
Epoch: 259, Loss: 0.1779, Cls: 0.0787, Ind: 0.0001, Med: 0.0196, Spu: 0.0000, FD: 0.0794, Var: 0.0000, CStr: 0.468, Ctx: 2, Train: 99.74%, Valid: 96.75%, Test In: 96.72% Test OOD1: 86.98% 
Epoch: 260, Loss: 0.1691, Cls: 0.0748, Ind: 0.0001, Med: 0.0186, Spu: 0.0000, FD: 0.0755, Var: 0.0000, CStr: 0.469, Ctx: 2, Train: 99.79%, Valid: 96.85%, Test In: 96.81% Test OOD1: 86.47% 
Epoch: 261, Loss: 0.1814, Cls: 0.0803, Ind: 0.0001, Med: 0.0202, Spu: 0.0000, FD: 0.0807, Var: 0.0000, CStr: 0.469, Ctx: 2, Train: 99.72%, Valid: 96.71%, Test In: 96.58% Test OOD1: 88.32% 
Epoch: 262, Loss: 0.1828, Cls: 0.0809, Ind: 0.0001, Med: 0.0202, Spu: 0.0000, FD: 0.0816, Var: 0.0000, CStr: 0.469, Ctx: 2, Train: 99.77%, Valid: 96.80%, Test In: 96.76% Test OOD1: 86.84% 
Epoch: 263, Loss: 0.1704, Cls: 0.0754, Ind: 0.0001, Med: 0.0189, Spu: 0.0000, FD: 0.0760, Var: 0.0000, CStr: 0.469, Ctx: 2, Train: 99.80%, Valid: 97.00%, Test In: 96.79% Test OOD1: 86.24% 
Epoch: 264, Loss: 0.1845, Cls: 0.0817, Ind: 0.0001, Med: 0.0204, Spu: 0.0000, FD: 0.0822, Var: 0.0000, CStr: 0.469, Ctx: 2, Train: 99.73%, Valid: 96.73%, Test In: 96.61% Test OOD1: 88.09% 
Epoch: 265, Loss: 0.1805, Cls: 0.0799, Ind: 0.0001, Med: 0.0199, Spu: 0.0000, FD: 0.0806, Var: 0.0000, CStr: 0.469, Ctx: 2, Train: 99.70%, Valid: 96.74%, Test In: 96.72% Test OOD1: 86.97% 
Epoch: 266, Loss: 0.1783, Cls: 0.0789, Ind: 0.0001, Med: 0.0197, Spu: 0.0000, FD: 0.0796, Var: 0.0000, CStr: 0.469, Ctx: 2, Train: 99.80%, Valid: 96.96%, Test In: 96.86% Test OOD1: 88.33% 
Epoch: 267, Loss: 0.1813, Cls: 0.0803, Ind: 0.0001, Med: 0.0201, Spu: 0.0000, FD: 0.0808, Var: 0.0000, CStr: 0.469, Ctx: 2, Train: 99.82%, Valid: 96.93%, Test In: 96.78% Test OOD1: 88.72% 
Epoch: 268, Loss: 0.1844, Cls: 0.0816, Ind: 0.0001, Med: 0.0203, Spu: 0.0000, FD: 0.0824, Var: 0.0000, CStr: 0.470, Ctx: 2, Train: 99.75%, Valid: 96.86%, Test In: 96.61% Test OOD1: 88.79% 
Epoch: 269, Loss: 0.1784, Cls: 0.0790, Ind: 0.0001, Med: 0.0197, Spu: 0.0000, FD: 0.0796, Var: 0.0000, CStr: 0.470, Ctx: 2, Train: 99.80%, Valid: 96.88%, Test In: 96.65% Test OOD1: 88.79% 
Epoch: 270, Loss: 0.1700, Cls: 0.0752, Ind: 0.0001, Med: 0.0188, Spu: 0.0000, FD: 0.0758, Var: 0.0000, CStr: 0.470, Ctx: 2, Train: 99.83%, Valid: 96.93%, Test In: 96.70% Test OOD1: 87.86% 
Epoch: 271, Loss: 0.1727, Cls: 0.0764, Ind: 0.0001, Med: 0.0190, Spu: 0.0000, FD: 0.0771, Var: 0.0000, CStr: 0.470, Ctx: 2, Train: 99.77%, Valid: 96.73%, Test In: 96.48% Test OOD1: 90.18% 
Epoch: 272, Loss: 0.1749, Cls: 0.0774, Ind: 0.0001, Med: 0.0193, Spu: 0.0000, FD: 0.0781, Var: 0.0000, CStr: 0.470, Ctx: 2, Train: 99.82%, Valid: 97.00%, Test In: 96.77% Test OOD1: 88.88% 
Epoch: 273, Loss: 0.1731, Cls: 0.0766, Ind: 0.0001, Med: 0.0191, Spu: 0.0000, FD: 0.0773, Var: 0.0000, CStr: 0.471, Ctx: 2, Train: 99.84%, Valid: 97.02%, Test In: 96.86% Test OOD1: 87.51% 
Epoch: 274, Loss: 0.1685, Cls: 0.0746, Ind: 0.0001, Med: 0.0186, Spu: 0.0000, FD: 0.0752, Var: 0.0000, CStr: 0.471, Ctx: 2, Train: 99.77%, Valid: 96.77%, Test In: 96.54% Test OOD1: 89.61% 
Epoch: 275, Loss: 0.1786, Cls: 0.0791, Ind: 0.0001, Med: 0.0198, Spu: 0.0000, FD: 0.0796, Var: 0.0000, CStr: 0.471, Ctx: 2, Train: 99.82%, Valid: 96.94%, Test In: 96.83% Test OOD1: 87.44% 
Epoch: 276, Loss: 0.1690, Cls: 0.0748, Ind: 0.0001, Med: 0.0187, Spu: 0.0000, FD: 0.0753, Var: 0.0000, CStr: 0.471, Ctx: 2, Train: 99.83%, Valid: 97.02%, Test In: 96.78% Test OOD1: 87.35% 
Epoch: 277, Loss: 0.1735, Cls: 0.0768, Ind: 0.0001, Med: 0.0192, Spu: 0.0000, FD: 0.0773, Var: 0.0000, CStr: 0.471, Ctx: 2, Train: 99.80%, Valid: 96.88%, Test In: 96.74% Test OOD1: 88.51% 
Epoch: 278, Loss: 0.1728, Cls: 0.0765, Ind: 0.0001, Med: 0.0192, Spu: 0.0000, FD: 0.0769, Var: 0.0000, CStr: 0.471, Ctx: 2, Train: 99.79%, Valid: 96.94%, Test In: 96.74% Test OOD1: 88.99% 
Epoch: 279, Loss: 0.1734, Cls: 0.0767, Ind: 0.0001, Med: 0.0190, Spu: 0.0000, FD: 0.0775, Var: 0.0000, CStr: 0.472, Ctx: 2, Train: 99.84%, Valid: 96.98%, Test In: 96.78% Test OOD1: 87.83% 
Epoch: 280, Loss: 0.1682, Cls: 0.0745, Ind: 0.0001, Med: 0.0186, Spu: 0.0000, FD: 0.0750, Var: 0.0000, CStr: 0.472, Ctx: 2, Train: 99.79%, Valid: 96.92%, Test In: 96.63% Test OOD1: 88.61% 
Epoch: 281, Loss: 0.1729, Cls: 0.0765, Ind: 0.0001, Med: 0.0191, Spu: 0.0000, FD: 0.0771, Var: 0.0000, CStr: 0.472, Ctx: 2, Train: 99.80%, Valid: 96.91%, Test In: 96.65% Test OOD1: 87.62% 
Epoch: 282, Loss: 0.1677, Cls: 0.0742, Ind: 0.0001, Med: 0.0186, Spu: 0.0000, FD: 0.0748, Var: 0.0000, CStr: 0.472, Ctx: 2, Train: 99.82%, Valid: 96.92%, Test In: 96.71% Test OOD1: 87.65% 
Epoch: 283, Loss: 0.1679, Cls: 0.0743, Ind: 0.0001, Med: 0.0185, Spu: 0.0000, FD: 0.0750, Var: 0.0000, CStr: 0.472, Ctx: 2, Train: 99.83%, Valid: 96.94%, Test In: 96.82% Test OOD1: 88.52% 
Epoch: 284, Loss: 0.1744, Cls: 0.0772, Ind: 0.0001, Med: 0.0192, Spu: 0.0000, FD: 0.0779, Var: 0.0000, CStr: 0.473, Ctx: 2, Train: 99.85%, Valid: 97.15%, Test In: 96.94% Test OOD1: 87.46% 
Epoch: 285, Loss: 0.1700, Cls: 0.0752, Ind: 0.0001, Med: 0.0188, Spu: 0.0000, FD: 0.0759, Var: 0.0000, CStr: 0.473, Ctx: 2, Train: 99.84%, Valid: 97.15%, Test In: 96.88% Test OOD1: 88.18% 
Epoch: 286, Loss: 0.1657, Cls: 0.0733, Ind: 0.0001, Med: 0.0183, Spu: 0.0000, FD: 0.0739, Var: 0.0000, CStr: 0.473, Ctx: 2, Train: 99.83%, Valid: 97.13%, Test In: 96.92% Test OOD1: 88.70% 
Epoch: 287, Loss: 0.1679, Cls: 0.0744, Ind: 0.0001, Med: 0.0186, Spu: 0.0000, FD: 0.0749, Var: 0.0000, CStr: 0.473, Ctx: 2, Train: 99.85%, Valid: 97.13%, Test In: 96.94% Test OOD1: 86.96% 
Epoch: 288, Loss: 0.1752, Cls: 0.0776, Ind: 0.0001, Med: 0.0194, Spu: 0.0000, FD: 0.0781, Var: 0.0000, CStr: 0.473, Ctx: 2, Train: 99.72%, Valid: 96.74%, Test In: 96.63% Test OOD1: 90.41% 
Epoch: 289, Loss: 0.1755, Cls: 0.0777, Ind: 0.0001, Med: 0.0193, Spu: 0.0000, FD: 0.0784, Var: 0.0000, CStr: 0.474, Ctx: 2, Train: 99.83%, Valid: 97.01%, Test In: 96.85% Test OOD1: 86.09% 
Epoch: 290, Loss: 0.1751, Cls: 0.0775, Ind: 0.0001, Med: 0.0193, Spu: 0.0000, FD: 0.0782, Var: 0.0000, CStr: 0.474, Ctx: 2, Train: 99.87%, Valid: 97.10%, Test In: 96.97% Test OOD1: 88.04% 
Epoch: 291, Loss: 0.1627, Cls: 0.0720, Ind: 0.0001, Med: 0.0181, Spu: 0.0000, FD: 0.0725, Var: 0.0000, CStr: 0.474, Ctx: 2, Train: 99.81%, Valid: 96.92%, Test In: 96.81% Test OOD1: 88.19% 
Epoch: 292, Loss: 0.1716, Cls: 0.0759, Ind: 0.0001, Med: 0.0189, Spu: 0.0000, FD: 0.0766, Var: 0.0000, CStr: 0.474, Ctx: 2, Train: 99.81%, Valid: 97.02%, Test In: 96.91% Test OOD1: 86.96% 
Epoch: 293, Loss: 0.1727, Cls: 0.0764, Ind: 0.0001, Med: 0.0191, Spu: 0.0000, FD: 0.0770, Var: 0.0000, CStr: 0.474, Ctx: 2, Train: 99.84%, Valid: 97.13%, Test In: 96.90% Test OOD1: 86.62% 
Epoch: 294, Loss: 0.1799, Cls: 0.0797, Ind: 0.0001, Med: 0.0199, Spu: 0.0000, FD: 0.0802, Var: 0.0000, CStr: 0.474, Ctx: 2, Train: 99.81%, Valid: 97.04%, Test In: 96.84% Test OOD1: 86.39% 
Epoch: 295, Loss: 0.1718, Cls: 0.0761, Ind: 0.0001, Med: 0.0190, Spu: 0.0000, FD: 0.0767, Var: 0.0000, CStr: 0.475, Ctx: 2, Train: 99.79%, Valid: 96.92%, Test In: 96.88% Test OOD1: 88.52% 
Epoch: 296, Loss: 0.1594, Cls: 0.0706, Ind: 0.0001, Med: 0.0177, Spu: 0.0000, FD: 0.0711, Var: 0.0000, CStr: 0.475, Ctx: 2, Train: 99.88%, Valid: 97.21%, Test In: 96.94% Test OOD1: 87.20% 
Epoch: 297, Loss: 0.1763, Cls: 0.0780, Ind: 0.0001, Med: 0.0193, Spu: 0.0000, FD: 0.0789, Var: 0.0000, CStr: 0.475, Ctx: 2, Train: 99.90%, Valid: 97.19%, Test In: 96.94% Test OOD1: 86.85% 
Epoch: 298, Loss: 0.1656, Cls: 0.0733, Ind: 0.0001, Med: 0.0183, Spu: 0.0000, FD: 0.0739, Var: 0.0000, CStr: 0.475, Ctx: 2, Train: 99.79%, Valid: 96.84%, Test In: 96.66% Test OOD1: 89.21% 
Epoch: 299, Loss: 0.1706, Cls: 0.0756, Ind: 0.0001, Med: 0.0190, Spu: 0.0000, FD: 0.0760, Var: 0.0000, CStr: 0.475, Ctx: 2, Train: 99.89%, Valid: 97.15%, Test In: 96.96% Test OOD1: 87.76% 
Epoch: 300, Loss: 0.1589, Cls: 0.0704, Ind: 0.0001, Med: 0.0176, Spu: 0.0000, FD: 0.0709, Var: 0.0000, CStr: 0.475, Ctx: 2, Train: 99.87%, Valid: 97.25%, Test In: 96.90% Test OOD1: 86.67% 
Epoch: 301, Loss: 0.1784, Cls: 0.0790, Ind: 0.0001, Med: 0.0197, Spu: 0.0000, FD: 0.0796, Var: 0.0000, CStr: 0.475, Ctx: 2, Train: 99.84%, Valid: 96.97%, Test In: 96.85% Test OOD1: 87.08% 
Epoch: 302, Loss: 0.1606, Cls: 0.0711, Ind: 0.0001, Med: 0.0177, Spu: 0.0000, FD: 0.0717, Var: 0.0000, CStr: 0.476, Ctx: 2, Train: 99.67%, Valid: 96.61%, Test In: 96.47% Test OOD1: 89.04% 
Epoch: 303, Loss: 0.1739, Cls: 0.0770, Ind: 0.0001, Med: 0.0192, Spu: 0.0000, FD: 0.0776, Var: 0.0000, CStr: 0.476, Ctx: 2, Train: 99.85%, Valid: 97.21%, Test In: 97.00% Test OOD1: 85.42% 
Epoch: 304, Loss: 0.1739, Cls: 0.0770, Ind: 0.0001, Med: 0.0192, Spu: 0.0000, FD: 0.0775, Var: 0.0000, CStr: 0.476, Ctx: 2, Train: 99.88%, Valid: 97.26%, Test In: 96.99% Test OOD1: 87.59% 
Epoch: 305, Loss: 0.1639, Cls: 0.0726, Ind: 0.0001, Med: 0.0181, Spu: 0.0000, FD: 0.0732, Var: 0.0000, CStr: 0.476, Ctx: 2, Train: 99.81%, Valid: 96.90%, Test In: 96.77% Test OOD1: 88.85% 
Epoch: 306, Loss: 0.1655, Cls: 0.0732, Ind: 0.0001, Med: 0.0183, Spu: 0.0000, FD: 0.0738, Var: 0.0000, CStr: 0.476, Ctx: 2, Train: 99.89%, Valid: 97.26%, Test In: 97.06% Test OOD1: 86.74% 
Epoch: 307, Loss: 0.1633, Cls: 0.0723, Ind: 0.0001, Med: 0.0180, Spu: 0.0000, FD: 0.0729, Var: 0.0000, CStr: 0.476, Ctx: 2, Train: 99.88%, Valid: 97.21%, Test In: 96.99% Test OOD1: 87.63% 
Epoch: 308, Loss: 0.1763, Cls: 0.0781, Ind: 0.0001, Med: 0.0196, Spu: 0.0000, FD: 0.0786, Var: 0.0000, CStr: 0.477, Ctx: 2, Train: 99.87%, Valid: 97.19%, Test In: 96.92% Test OOD1: 88.75% 
Epoch: 309, Loss: 0.1588, Cls: 0.0703, Ind: 0.0001, Med: 0.0176, Spu: 0.0000, FD: 0.0708, Var: 0.0000, CStr: 0.477, Ctx: 2, Train: 99.81%, Valid: 96.97%, Test In: 96.81% Test OOD1: 87.49% 
Epoch: 310, Loss: 0.1725, Cls: 0.0764, Ind: 0.0001, Med: 0.0190, Spu: 0.0000, FD: 0.0770, Var: 0.0000, CStr: 0.477, Ctx: 2, Train: 99.89%, Valid: 97.28%, Test In: 96.97% Test OOD1: 88.64% 
Epoch: 311, Loss: 0.1628, Cls: 0.0721, Ind: 0.0001, Med: 0.0180, Spu: 0.0000, FD: 0.0727, Var: 0.0000, CStr: 0.477, Ctx: 2, Train: 99.89%, Valid: 97.28%, Test In: 97.11% Test OOD1: 86.70% 
Epoch: 312, Loss: 0.1673, Cls: 0.0741, Ind: 0.0001, Med: 0.0185, Spu: 0.0000, FD: 0.0746, Var: 0.0000, CStr: 0.477, Ctx: 2, Train: 99.83%, Valid: 97.03%, Test In: 96.92% Test OOD1: 87.72% 
Epoch: 313, Loss: 0.1674, Cls: 0.0741, Ind: 0.0001, Med: 0.0184, Spu: 0.0000, FD: 0.0748, Var: 0.0000, CStr: 0.478, Ctx: 2, Train: 99.83%, Valid: 97.04%, Test In: 96.74% Test OOD1: 89.97% 
Epoch: 314, Loss: 0.1731, Cls: 0.0766, Ind: 0.0001, Med: 0.0191, Spu: 0.0000, FD: 0.0772, Var: 0.0000, CStr: 0.478, Ctx: 2, Train: 99.86%, Valid: 97.27%, Test In: 97.00% Test OOD1: 85.42% 
Epoch: 315, Loss: 0.1726, Cls: 0.0765, Ind: 0.0001, Med: 0.0192, Spu: 0.0000, FD: 0.0768, Var: 0.0000, CStr: 0.478, Ctx: 2, Train: 99.86%, Valid: 97.21%, Test In: 97.02% Test OOD1: 87.49% 
Epoch: 316, Loss: 0.1512, Cls: 0.0669, Ind: 0.0001, Med: 0.0167, Spu: 0.0000, FD: 0.0674, Var: 0.0000, CStr: 0.478, Ctx: 2, Train: 99.73%, Valid: 96.79%, Test In: 96.42% Test OOD1: 90.28% 
Epoch: 317, Loss: 0.1797, Cls: 0.0796, Ind: 0.0001, Med: 0.0199, Spu: 0.0000, FD: 0.0801, Var: 0.0000, CStr: 0.478, Ctx: 2, Train: 99.80%, Valid: 97.02%, Test In: 96.84% Test OOD1: 84.99% 
Epoch: 318, Loss: 0.1653, Cls: 0.0732, Ind: 0.0001, Med: 0.0182, Spu: 0.0000, FD: 0.0738, Var: 0.0000, CStr: 0.478, Ctx: 2, Train: 99.89%, Valid: 97.25%, Test In: 97.06% Test OOD1: 87.53% 
Epoch: 319, Loss: 0.1648, Cls: 0.0730, Ind: 0.0001, Med: 0.0183, Spu: 0.0000, FD: 0.0734, Var: 0.0000, CStr: 0.478, Ctx: 2, Train: 99.79%, Valid: 96.86%, Test In: 96.72% Test OOD1: 90.59% 
Epoch: 320, Loss: 0.1707, Cls: 0.0756, Ind: 0.0001, Med: 0.0189, Spu: 0.0000, FD: 0.0761, Var: 0.0000, CStr: 0.479, Ctx: 2, Train: 99.68%, Valid: 96.75%, Test In: 96.56% Test OOD1: 86.60% 
Epoch: 321, Loss: 0.1770, Cls: 0.0784, Ind: 0.0001, Med: 0.0196, Spu: 0.0000, FD: 0.0788, Var: 0.0000, CStr: 0.479, Ctx: 2, Train: 99.89%, Valid: 97.16%, Test In: 96.94% Test OOD1: 88.39% 
Epoch: 322, Loss: 0.1550, Cls: 0.0686, Ind: 0.0001, Med: 0.0172, Spu: 0.0000, FD: 0.0690, Var: 0.0000, CStr: 0.479, Ctx: 2, Train: 99.86%, Valid: 97.15%, Test In: 96.90% Test OOD1: 89.39% 
Epoch: 323, Loss: 0.1699, Cls: 0.0753, Ind: 0.0001, Med: 0.0188, Spu: 0.0000, FD: 0.0757, Var: 0.0000, CStr: 0.479, Ctx: 2, Train: 99.76%, Valid: 97.01%, Test In: 96.76% Test OOD1: 87.81% 
Epoch: 324, Loss: 0.1753, Cls: 0.0776, Ind: 0.0001, Med: 0.0193, Spu: 0.0000, FD: 0.0782, Var: 0.0000, CStr: 0.479, Ctx: 2, Train: 99.86%, Valid: 97.00%, Test In: 96.80% Test OOD1: 89.76% 
Epoch: 325, Loss: 0.1521, Cls: 0.0673, Ind: 0.0001, Med: 0.0168, Spu: 0.0000, FD: 0.0679, Var: 0.0000, CStr: 0.479, Ctx: 2, Train: 99.89%, Valid: 97.19%, Test In: 96.97% Test OOD1: 89.61% 
Epoch: 326, Loss: 0.1587, Cls: 0.0703, Ind: 0.0001, Med: 0.0176, Spu: 0.0000, FD: 0.0708, Var: 0.0000, CStr: 0.479, Ctx: 2, Train: 99.89%, Valid: 97.27%, Test In: 97.04% Test OOD1: 86.46% 
Epoch: 327, Loss: 0.1640, Cls: 0.0726, Ind: 0.0001, Med: 0.0180, Spu: 0.0000, FD: 0.0732, Var: 0.0000, CStr: 0.479, Ctx: 2, Train: 99.88%, Valid: 97.16%, Test In: 96.96% Test OOD1: 88.44% 
Epoch: 328, Loss: 0.1511, Cls: 0.0669, Ind: 0.0001, Med: 0.0167, Spu: 0.0000, FD: 0.0674, Var: 0.0000, CStr: 0.480, Ctx: 2, Train: 99.87%, Valid: 97.07%, Test In: 96.90% Test OOD1: 89.26% 
Epoch: 329, Loss: 0.1575, Cls: 0.0697, Ind: 0.0001, Med: 0.0174, Spu: 0.0000, FD: 0.0702, Var: 0.0000, CStr: 0.480, Ctx: 2, Train: 99.92%, Valid: 97.32%, Test In: 97.15% Test OOD1: 87.90% 
Epoch: 330, Loss: 0.1573, Cls: 0.0696, Ind: 0.0001, Med: 0.0174, Spu: 0.0000, FD: 0.0701, Var: 0.0000, CStr: 0.480, Ctx: 2, Train: 99.92%, Valid: 97.39%, Test In: 97.12% Test OOD1: 88.15% 
Epoch: 331, Loss: 0.1497, Cls: 0.0663, Ind: 0.0001, Med: 0.0165, Spu: 0.0000, FD: 0.0668, Var: 0.0000, CStr: 0.480, Ctx: 2, Train: 99.86%, Valid: 97.19%, Test In: 96.99% Test OOD1: 89.58% 
Epoch: 332, Loss: 0.1609, Cls: 0.0712, Ind: 0.0001, Med: 0.0177, Spu: 0.0000, FD: 0.0718, Var: 0.0000, CStr: 0.480, Ctx: 2, Train: 99.83%, Valid: 97.03%, Test In: 96.90% Test OOD1: 90.55% 
Epoch: 333, Loss: 0.1511, Cls: 0.0669, Ind: 0.0001, Med: 0.0168, Spu: 0.0000, FD: 0.0673, Var: 0.0000, CStr: 0.480, Ctx: 2, Train: 99.90%, Valid: 97.40%, Test In: 97.13% Test OOD1: 88.32% 
Epoch: 334, Loss: 0.1539, Cls: 0.0681, Ind: 0.0001, Med: 0.0170, Spu: 0.0000, FD: 0.0687, Var: 0.0000, CStr: 0.480, Ctx: 2, Train: 99.91%, Valid: 97.37%, Test In: 97.13% Test OOD1: 88.85% 
Epoch: 335, Loss: 0.1623, Cls: 0.0718, Ind: 0.0001, Med: 0.0179, Spu: 0.0000, FD: 0.0725, Var: 0.0000, CStr: 0.480, Ctx: 2, Train: 99.90%, Valid: 97.20%, Test In: 96.94% Test OOD1: 89.57% 
Epoch: 336, Loss: 0.1491, Cls: 0.0660, Ind: 0.0001, Med: 0.0166, Spu: 0.0000, FD: 0.0664, Var: 0.0000, CStr: 0.481, Ctx: 2, Train: 99.89%, Valid: 97.06%, Test In: 96.89% Test OOD1: 89.95% 
Epoch: 337, Loss: 0.1481, Cls: 0.0656, Ind: 0.0001, Med: 0.0165, Spu: 0.0000, FD: 0.0659, Var: 0.0000, CStr: 0.481, Ctx: 2, Train: 99.91%, Valid: 97.18%, Test In: 97.02% Test OOD1: 88.49% 
Epoch: 338, Loss: 0.1561, Cls: 0.0691, Ind: 0.0001, Med: 0.0172, Spu: 0.0000, FD: 0.0696, Var: 0.0000, CStr: 0.481, Ctx: 2, Train: 99.91%, Valid: 97.17%, Test In: 96.96% Test OOD1: 89.39% 
Epoch: 339, Loss: 0.1451, Cls: 0.0642, Ind: 0.0001, Med: 0.0161, Spu: 0.0000, FD: 0.0646, Var: 0.0000, CStr: 0.481, Ctx: 2, Train: 99.87%, Valid: 97.13%, Test In: 96.88% Test OOD1: 89.60% 
Epoch: 340, Loss: 0.1480, Cls: 0.0655, Ind: 0.0001, Med: 0.0164, Spu: 0.0000, FD: 0.0659, Var: 0.0000, CStr: 0.481, Ctx: 2, Train: 99.90%, Valid: 97.13%, Test In: 97.01% Test OOD1: 89.66% 
Epoch: 341, Loss: 0.1616, Cls: 0.0716, Ind: 0.0001, Med: 0.0178, Spu: 0.0000, FD: 0.0721, Var: 0.0000, CStr: 0.481, Ctx: 2, Train: 99.92%, Valid: 97.27%, Test In: 97.09% Test OOD1: 88.49% 
Epoch: 342, Loss: 0.1460, Cls: 0.0647, Ind: 0.0001, Med: 0.0161, Spu: 0.0000, FD: 0.0651, Var: 0.0000, CStr: 0.482, Ctx: 2, Train: 99.90%, Valid: 97.21%, Test In: 96.94% Test OOD1: 88.73% 
Epoch: 343, Loss: 0.1554, Cls: 0.0688, Ind: 0.0001, Med: 0.0173, Spu: 0.0000, FD: 0.0692, Var: 0.0000, CStr: 0.482, Ctx: 2, Train: 99.90%, Valid: 97.30%, Test In: 97.04% Test OOD1: 89.17% 
Epoch: 344, Loss: 0.1522, Cls: 0.0674, Ind: 0.0001, Med: 0.0168, Spu: 0.0000, FD: 0.0679, Var: 0.0000, CStr: 0.482, Ctx: 2, Train: 99.90%, Valid: 97.35%, Test In: 97.11% Test OOD1: 89.48% 
Epoch: 345, Loss: 0.1454, Cls: 0.0644, Ind: 0.0001, Med: 0.0161, Spu: 0.0000, FD: 0.0648, Var: 0.0000, CStr: 0.482, Ctx: 2, Train: 99.90%, Valid: 97.35%, Test In: 97.07% Test OOD1: 88.29% 
Epoch: 346, Loss: 0.1487, Cls: 0.0659, Ind: 0.0001, Med: 0.0165, Spu: 0.0000, FD: 0.0663, Var: 0.0000, CStr: 0.482, Ctx: 2, Train: 99.90%, Valid: 97.23%, Test In: 97.00% Test OOD1: 89.44% 
Epoch: 347, Loss: 0.1555, Cls: 0.0688, Ind: 0.0001, Med: 0.0172, Spu: 0.0000, FD: 0.0694, Var: 0.0000, CStr: 0.483, Ctx: 2, Train: 99.91%, Valid: 97.30%, Test In: 97.02% Test OOD1: 89.81% 
Epoch: 348, Loss: 0.1562, Cls: 0.0691, Ind: 0.0001, Med: 0.0172, Spu: 0.0000, FD: 0.0697, Var: 0.0000, CStr: 0.483, Ctx: 2, Train: 99.93%, Valid: 97.40%, Test In: 97.09% Test OOD1: 88.45% 
Epoch: 349, Loss: 0.1415, Cls: 0.0626, Ind: 0.0001, Med: 0.0157, Spu: 0.0000, FD: 0.0631, Var: 0.0000, CStr: 0.483, Ctx: 2, Train: 99.92%, Valid: 97.34%, Test In: 97.13% Test OOD1: 88.91% 
Epoch: 350, Loss: 0.1502, Cls: 0.0665, Ind: 0.0001, Med: 0.0166, Spu: 0.0000, FD: 0.0670, Var: 0.0000, CStr: 0.483, Ctx: 2, Train: 99.89%, Valid: 97.05%, Test In: 96.85% Test OOD1: 90.44% 
Epoch: 351, Loss: 0.1561, Cls: 0.0691, Ind: 0.0001, Med: 0.0172, Spu: 0.0000, FD: 0.0697, Var: 0.0000, CStr: 0.483, Ctx: 2, Train: 99.92%, Valid: 97.29%, Test In: 97.07% Test OOD1: 87.92% 
Epoch: 352, Loss: 0.1537, Cls: 0.0681, Ind: 0.0001, Med: 0.0170, Spu: 0.0000, FD: 0.0686, Var: 0.0000, CStr: 0.484, Ctx: 2, Train: 99.91%, Valid: 97.29%, Test In: 97.08% Test OOD1: 89.12% 
Epoch: 353, Loss: 0.1537, Cls: 0.0681, Ind: 0.0001, Med: 0.0169, Spu: 0.0000, FD: 0.0686, Var: 0.0000, CStr: 0.484, Ctx: 2, Train: 99.90%, Valid: 97.23%, Test In: 96.98% Test OOD1: 90.24% 
Epoch: 354, Loss: 0.1478, Cls: 0.0654, Ind: 0.0001, Med: 0.0163, Spu: 0.0000, FD: 0.0659, Var: 0.0000, CStr: 0.484, Ctx: 2, Train: 99.89%, Valid: 97.32%, Test In: 96.92% Test OOD1: 88.43% 
Epoch: 355, Loss: 0.1467, Cls: 0.0650, Ind: 0.0001, Med: 0.0163, Spu: 0.0000, FD: 0.0653, Var: 0.0000, CStr: 0.484, Ctx: 2, Train: 99.92%, Valid: 97.39%, Test In: 97.00% Test OOD1: 88.90% 
Epoch: 356, Loss: 0.1483, Cls: 0.0657, Ind: 0.0001, Med: 0.0165, Spu: 0.0000, FD: 0.0661, Var: 0.0000, CStr: 0.485, Ctx: 2, Train: 99.92%, Valid: 97.34%, Test In: 96.98% Test OOD1: 88.68% 
Epoch: 357, Loss: 0.1378, Cls: 0.0610, Ind: 0.0001, Med: 0.0151, Spu: 0.0000, FD: 0.0616, Var: 0.0000, CStr: 0.485, Ctx: 2, Train: 99.92%, Valid: 97.30%, Test In: 96.96% Test OOD1: 88.10% 
Epoch: 358, Loss: 0.1422, Cls: 0.0630, Ind: 0.0001, Med: 0.0157, Spu: 0.0000, FD: 0.0635, Var: 0.0000, CStr: 0.485, Ctx: 2, Train: 99.92%, Valid: 97.19%, Test In: 97.00% Test OOD1: 89.25% 
Epoch: 359, Loss: 0.1480, Cls: 0.0655, Ind: 0.0001, Med: 0.0163, Spu: 0.0000, FD: 0.0662, Var: 0.0000, CStr: 0.485, Ctx: 2, Train: 99.93%, Valid: 97.39%, Test In: 97.04% Test OOD1: 88.40% 
Epoch: 360, Loss: 0.1533, Cls: 0.0679, Ind: 0.0001, Med: 0.0170, Spu: 0.0000, FD: 0.0683, Var: 0.0000, CStr: 0.486, Ctx: 2, Train: 99.92%, Valid: 97.30%, Test In: 97.04% Test OOD1: 87.65% 
Epoch: 361, Loss: 0.1425, Cls: 0.0631, Ind: 0.0001, Med: 0.0157, Spu: 0.0000, FD: 0.0635, Var: 0.0000, CStr: 0.486, Ctx: 2, Train: 99.89%, Valid: 97.15%, Test In: 96.93% Test OOD1: 89.61% 
Epoch: 362, Loss: 0.1447, Cls: 0.0640, Ind: 0.0001, Med: 0.0159, Spu: 0.0000, FD: 0.0646, Var: 0.0000, CStr: 0.486, Ctx: 2, Train: 99.92%, Valid: 97.34%, Test In: 97.15% Test OOD1: 88.04% 
Epoch: 363, Loss: 0.1356, Cls: 0.0601, Ind: 0.0001, Med: 0.0151, Spu: 0.0000, FD: 0.0604, Var: 0.0000, CStr: 0.486, Ctx: 2, Train: 99.93%, Valid: 97.36%, Test In: 97.17% Test OOD1: 86.71% 
Epoch: 364, Loss: 0.1511, Cls: 0.0669, Ind: 0.0001, Med: 0.0167, Spu: 0.0000, FD: 0.0674, Var: 0.0000, CStr: 0.487, Ctx: 2, Train: 99.91%, Valid: 97.12%, Test In: 96.96% Test OOD1: 90.46% 
Epoch: 365, Loss: 0.1502, Cls: 0.0665, Ind: 0.0001, Med: 0.0165, Spu: 0.0000, FD: 0.0671, Var: 0.0000, CStr: 0.487, Ctx: 2, Train: 99.88%, Valid: 97.25%, Test In: 96.96% Test OOD1: 88.71% 
Epoch: 366, Loss: 0.1428, Cls: 0.0632, Ind: 0.0001, Med: 0.0158, Spu: 0.0000, FD: 0.0637, Var: 0.0000, CStr: 0.487, Ctx: 2, Train: 99.93%, Valid: 97.40%, Test In: 97.11% Test OOD1: 88.60% 
Epoch: 367, Loss: 0.1512, Cls: 0.0670, Ind: 0.0001, Med: 0.0168, Spu: 0.0000, FD: 0.0673, Var: 0.0000, CStr: 0.487, Ctx: 2, Train: 99.93%, Valid: 97.25%, Test In: 97.04% Test OOD1: 89.76% 
Epoch: 368, Loss: 0.1545, Cls: 0.0684, Ind: 0.0001, Med: 0.0170, Spu: 0.0000, FD: 0.0689, Var: 0.0000, CStr: 0.487, Ctx: 2, Train: 99.89%, Valid: 97.20%, Test In: 96.94% Test OOD1: 89.50% 
Epoch: 369, Loss: 0.1453, Cls: 0.0643, Ind: 0.0001, Med: 0.0160, Spu: 0.0000, FD: 0.0648, Var: 0.0000, CStr: 0.488, Ctx: 2, Train: 99.92%, Valid: 97.33%, Test In: 96.95% Test OOD1: 88.66% 
Epoch: 370, Loss: 0.1418, Cls: 0.0628, Ind: 0.0001, Med: 0.0157, Spu: 0.0000, FD: 0.0632, Var: 0.0000, CStr: 0.488, Ctx: 2, Train: 99.91%, Valid: 97.30%, Test In: 96.93% Test OOD1: 90.51% 
Epoch: 371, Loss: 0.1429, Cls: 0.0633, Ind: 0.0001, Med: 0.0158, Spu: 0.0000, FD: 0.0637, Var: 0.0000, CStr: 0.488, Ctx: 2, Train: 99.93%, Valid: 97.35%, Test In: 97.04% Test OOD1: 89.07% 
Epoch: 372, Loss: 0.1497, Cls: 0.0663, Ind: 0.0001, Med: 0.0166, Spu: 0.0000, FD: 0.0667, Var: 0.0000, CStr: 0.488, Ctx: 2, Train: 99.94%, Valid: 97.37%, Test In: 97.09% Test OOD1: 89.16% 
Epoch: 373, Loss: 0.1468, Cls: 0.0650, Ind: 0.0001, Med: 0.0162, Spu: 0.0000, FD: 0.0655, Var: 0.0000, CStr: 0.489, Ctx: 2, Train: 99.91%, Valid: 97.28%, Test In: 96.95% Test OOD1: 90.70% 
Epoch: 374, Loss: 0.1549, Cls: 0.0686, Ind: 0.0001, Med: 0.0171, Spu: 0.0000, FD: 0.0691, Var: 0.0000, CStr: 0.489, Ctx: 2, Train: 99.93%, Valid: 97.40%, Test In: 97.02% Test OOD1: 89.05% 
Epoch: 375, Loss: 0.1411, Cls: 0.0625, Ind: 0.0001, Med: 0.0156, Spu: 0.0000, FD: 0.0629, Var: 0.0000, CStr: 0.489, Ctx: 2, Train: 99.92%, Valid: 97.38%, Test In: 97.01% Test OOD1: 88.51% 
Epoch: 376, Loss: 0.1487, Cls: 0.0658, Ind: 0.0001, Med: 0.0164, Spu: 0.0000, FD: 0.0663, Var: 0.0000, CStr: 0.490, Ctx: 2, Train: 99.89%, Valid: 97.29%, Test In: 96.95% Test OOD1: 90.48% 
Epoch: 377, Loss: 0.1470, Cls: 0.0651, Ind: 0.0001, Med: 0.0163, Spu: 0.0000, FD: 0.0655, Var: 0.0000, CStr: 0.490, Ctx: 2, Train: 99.92%, Valid: 97.35%, Test In: 97.15% Test OOD1: 88.17% 
Epoch: 378, Loss: 0.1506, Cls: 0.0667, Ind: 0.0001, Med: 0.0166, Spu: 0.0000, FD: 0.0673, Var: 0.0000, CStr: 0.490, Ctx: 2, Train: 99.92%, Valid: 97.45%, Test In: 97.21% Test OOD1: 88.75% 
Epoch: 379, Loss: 0.1401, Cls: 0.0620, Ind: 0.0001, Med: 0.0154, Spu: 0.0000, FD: 0.0626, Var: 0.0000, CStr: 0.490, Ctx: 2, Train: 99.94%, Valid: 97.44%, Test In: 97.15% Test OOD1: 89.42% 
Epoch: 380, Loss: 0.1404, Cls: 0.0622, Ind: 0.0001, Med: 0.0155, Spu: 0.0000, FD: 0.0627, Var: 0.0000, CStr: 0.491, Ctx: 2, Train: 99.92%, Valid: 97.36%, Test In: 97.09% Test OOD1: 88.54% 
Epoch: 381, Loss: 0.1455, Cls: 0.0644, Ind: 0.0001, Med: 0.0161, Spu: 0.0000, FD: 0.0649, Var: 0.0000, CStr: 0.491, Ctx: 2, Train: 99.93%, Valid: 97.36%, Test In: 97.18% Test OOD1: 89.79% 
Epoch: 382, Loss: 0.1370, Cls: 0.0606, Ind: 0.0001, Med: 0.0152, Spu: 0.0000, FD: 0.0611, Var: 0.0000, CStr: 0.491, Ctx: 2, Train: 99.94%, Valid: 97.36%, Test In: 97.09% Test OOD1: 90.09% 
Epoch: 383, Loss: 0.1376, Cls: 0.0609, Ind: 0.0001, Med: 0.0152, Spu: 0.0000, FD: 0.0614, Var: 0.0000, CStr: 0.491, Ctx: 2, Train: 99.93%, Valid: 97.41%, Test In: 97.09% Test OOD1: 88.75% 
Epoch: 384, Loss: 0.1369, Cls: 0.0606, Ind: 0.0001, Med: 0.0151, Spu: 0.0000, FD: 0.0611, Var: 0.0000, CStr: 0.492, Ctx: 2, Train: 99.93%, Valid: 97.23%, Test In: 96.98% Test OOD1: 89.77% 
Epoch: 385, Loss: 0.1406, Cls: 0.0622, Ind: 0.0001, Med: 0.0156, Spu: 0.0000, FD: 0.0626, Var: 0.0000, CStr: 0.492, Ctx: 2, Train: 99.93%, Valid: 97.27%, Test In: 97.09% Test OOD1: 90.34% 
Epoch: 386, Loss: 0.1420, Cls: 0.0629, Ind: 0.0001, Med: 0.0157, Spu: 0.0000, FD: 0.0633, Var: 0.0000, CStr: 0.492, Ctx: 2, Train: 99.95%, Valid: 97.46%, Test In: 97.22% Test OOD1: 88.20% 
Epoch: 387, Loss: 0.1523, Cls: 0.0674, Ind: 0.0001, Med: 0.0167, Spu: 0.0000, FD: 0.0680, Var: 0.0000, CStr: 0.492, Ctx: 2, Train: 99.94%, Valid: 97.29%, Test In: 97.08% Test OOD1: 89.96% 
Epoch: 388, Loss: 0.1350, Cls: 0.0598, Ind: 0.0001, Med: 0.0150, Spu: 0.0000, FD: 0.0602, Var: 0.0000, CStr: 0.493, Ctx: 2, Train: 99.93%, Valid: 97.38%, Test In: 97.04% Test OOD1: 88.75% 
Epoch: 389, Loss: 0.1436, Cls: 0.0636, Ind: 0.0001, Med: 0.0159, Spu: 0.0000, FD: 0.0640, Var: 0.0000, CStr: 0.493, Ctx: 2, Train: 99.92%, Valid: 97.38%, Test In: 97.07% Test OOD1: 89.29% 
Epoch: 390, Loss: 0.1402, Cls: 0.0621, Ind: 0.0001, Med: 0.0155, Spu: 0.0000, FD: 0.0626, Var: 0.0000, CStr: 0.493, Ctx: 2, Train: 99.91%, Valid: 97.39%, Test In: 97.12% Test OOD1: 89.86% 
Epoch: 391, Loss: 0.1383, Cls: 0.0612, Ind: 0.0001, Med: 0.0152, Spu: 0.0000, FD: 0.0617, Var: 0.0000, CStr: 0.493, Ctx: 2, Train: 99.93%, Valid: 97.38%, Test In: 97.18% Test OOD1: 88.42% 
Epoch: 392, Loss: 0.1428, Cls: 0.0633, Ind: 0.0001, Med: 0.0159, Spu: 0.0000, FD: 0.0636, Var: 0.0000, CStr: 0.494, Ctx: 2, Train: 99.94%, Valid: 97.37%, Test In: 97.20% Test OOD1: 90.08% 
Epoch: 393, Loss: 0.1332, Cls: 0.0589, Ind: 0.0001, Med: 0.0147, Spu: 0.0000, FD: 0.0595, Var: 0.0000, CStr: 0.494, Ctx: 2, Train: 99.94%, Valid: 97.40%, Test In: 97.19% Test OOD1: 90.32% 
Epoch: 394, Loss: 0.1386, Cls: 0.0614, Ind: 0.0001, Med: 0.0154, Spu: 0.0000, FD: 0.0618, Var: 0.0000, CStr: 0.494, Ctx: 2, Train: 99.95%, Valid: 97.49%, Test In: 97.26% Test OOD1: 87.58% 
Epoch: 395, Loss: 0.1408, Cls: 0.0624, Ind: 0.0001, Med: 0.0156, Spu: 0.0000, FD: 0.0627, Var: 0.0000, CStr: 0.494, Ctx: 2, Train: 99.92%, Valid: 97.26%, Test In: 97.13% Test OOD1: 90.32% 
Epoch: 396, Loss: 0.1399, Cls: 0.0619, Ind: 0.0001, Med: 0.0155, Spu: 0.0000, FD: 0.0623, Var: 0.0000, CStr: 0.494, Ctx: 2, Train: 99.95%, Valid: 97.40%, Test In: 97.17% Test OOD1: 89.11% 
Epoch: 397, Loss: 0.1310, Cls: 0.0580, Ind: 0.0001, Med: 0.0145, Spu: 0.0000, FD: 0.0584, Var: 0.0000, CStr: 0.495, Ctx: 2, Train: 99.95%, Valid: 97.40%, Test In: 97.28% Test OOD1: 89.01% 
Epoch: 398, Loss: 0.1440, Cls: 0.0638, Ind: 0.0001, Med: 0.0159, Spu: 0.0000, FD: 0.0642, Var: 0.0000, CStr: 0.495, Ctx: 2, Train: 99.95%, Valid: 97.35%, Test In: 97.22% Test OOD1: 90.38% 
Epoch: 399, Loss: 0.1355, Cls: 0.0600, Ind: 0.0001, Med: 0.0149, Spu: 0.0000, FD: 0.0605, Var: 0.0000, CStr: 0.495, Ctx: 2, Train: 99.94%, Valid: 97.26%, Test In: 97.13% Test OOD1: 89.89% 
Epoch: 400, Loss: 0.1456, Cls: 0.0645, Ind: 0.0001, Med: 0.0161, Spu: 0.0000, FD: 0.0649, Var: 0.0000, CStr: 0.495, Ctx: 2, Train: 99.94%, Valid: 97.38%, Test In: 97.21% Test OOD1: 89.47% 
Epoch: 401, Loss: 0.1374, Cls: 0.0608, Ind: 0.0001, Med: 0.0151, Spu: 0.0000, FD: 0.0614, Var: 0.0000, CStr: 0.495, Ctx: 2, Train: 99.94%, Valid: 97.41%, Test In: 97.26% Test OOD1: 89.36% 
Epoch: 402, Loss: 0.1337, Cls: 0.0592, Ind: 0.0001, Med: 0.0147, Spu: 0.0000, FD: 0.0597, Var: 0.0000, CStr: 0.495, Ctx: 2, Train: 99.94%, Valid: 97.32%, Test In: 97.22% Test OOD1: 89.25% 
Epoch: 403, Loss: 0.1409, Cls: 0.0624, Ind: 0.0001, Med: 0.0156, Spu: 0.0000, FD: 0.0627, Var: 0.0000, CStr: 0.495, Ctx: 2, Train: 99.94%, Valid: 97.38%, Test In: 97.28% Test OOD1: 88.62% 
Epoch: 404, Loss: 0.1330, Cls: 0.0588, Ind: 0.0001, Med: 0.0146, Spu: 0.0000, FD: 0.0594, Var: 0.0000, CStr: 0.495, Ctx: 2, Train: 99.95%, Valid: 97.40%, Test In: 97.23% Test OOD1: 89.73% 
Epoch: 405, Loss: 0.1388, Cls: 0.0614, Ind: 0.0001, Med: 0.0153, Spu: 0.0000, FD: 0.0619, Var: 0.0000, CStr: 0.495, Ctx: 2, Train: 99.95%, Valid: 97.44%, Test In: 97.25% Test OOD1: 88.81% 
Epoch: 406, Loss: 0.1346, Cls: 0.0596, Ind: 0.0001, Med: 0.0149, Spu: 0.0000, FD: 0.0600, Var: 0.0000, CStr: 0.496, Ctx: 2, Train: 99.96%, Valid: 97.46%, Test In: 97.25% Test OOD1: 88.28% 
Epoch: 407, Loss: 0.1391, Cls: 0.0616, Ind: 0.0001, Med: 0.0153, Spu: 0.0000, FD: 0.0621, Var: 0.0000, CStr: 0.496, Ctx: 2, Train: 99.94%, Valid: 97.34%, Test In: 97.18% Test OOD1: 90.25% 
Epoch: 408, Loss: 0.1346, Cls: 0.0596, Ind: 0.0001, Med: 0.0148, Spu: 0.0000, FD: 0.0601, Var: 0.0000, CStr: 0.496, Ctx: 2, Train: 99.94%, Valid: 97.51%, Test In: 97.22% Test OOD1: 89.14% 
Epoch: 409, Loss: 0.1375, Cls: 0.0609, Ind: 0.0001, Med: 0.0153, Spu: 0.0000, FD: 0.0612, Var: 0.0000, CStr: 0.496, Ctx: 2, Train: 99.93%, Valid: 97.44%, Test In: 97.12% Test OOD1: 89.88% 
Epoch: 410, Loss: 0.1373, Cls: 0.0608, Ind: 0.0001, Med: 0.0152, Spu: 0.0000, FD: 0.0612, Var: 0.0000, CStr: 0.496, Ctx: 2, Train: 99.92%, Valid: 97.25%, Test In: 97.12% Test OOD1: 91.35% 
Epoch: 411, Loss: 0.1255, Cls: 0.0556, Ind: 0.0001, Med: 0.0139, Spu: 0.0000, FD: 0.0560, Var: 0.0000, CStr: 0.496, Ctx: 2, Train: 99.95%, Valid: 97.46%, Test In: 97.28% Test OOD1: 88.94% 
Epoch: 412, Loss: 0.1362, Cls: 0.0603, Ind: 0.0001, Med: 0.0150, Spu: 0.0000, FD: 0.0608, Var: 0.0000, CStr: 0.496, Ctx: 2, Train: 99.96%, Valid: 97.44%, Test In: 97.25% Test OOD1: 90.37% 
Epoch: 413, Loss: 0.1407, Cls: 0.0623, Ind: 0.0001, Med: 0.0156, Spu: 0.0000, FD: 0.0627, Var: 0.0000, CStr: 0.496, Ctx: 2, Train: 99.93%, Valid: 97.25%, Test In: 97.12% Test OOD1: 91.58% 
Epoch: 414, Loss: 0.1325, Cls: 0.0586, Ind: 0.0001, Med: 0.0146, Spu: 0.0000, FD: 0.0592, Var: 0.0000, CStr: 0.496, Ctx: 2, Train: 99.95%, Valid: 97.44%, Test In: 97.21% Test OOD1: 89.41% 
Epoch: 415, Loss: 0.1428, Cls: 0.0633, Ind: 0.0001, Med: 0.0158, Spu: 0.0000, FD: 0.0636, Var: 0.0000, CStr: 0.496, Ctx: 2, Train: 99.97%, Valid: 97.34%, Test In: 97.31% Test OOD1: 90.37% 
Epoch: 416, Loss: 0.1369, Cls: 0.0606, Ind: 0.0001, Med: 0.0152, Spu: 0.0000, FD: 0.0610, Var: 0.0000, CStr: 0.496, Ctx: 2, Train: 99.97%, Valid: 97.34%, Test In: 97.34% Test OOD1: 90.74% 
Epoch: 417, Loss: 0.1375, Cls: 0.0609, Ind: 0.0001, Med: 0.0153, Spu: 0.0000, FD: 0.0612, Var: 0.0000, CStr: 0.496, Ctx: 2, Train: 99.93%, Valid: 97.31%, Test In: 97.19% Test OOD1: 90.16% 
Epoch: 418, Loss: 0.1410, Cls: 0.0625, Ind: 0.0001, Med: 0.0157, Spu: 0.0000, FD: 0.0628, Var: 0.0000, CStr: 0.496, Ctx: 2, Train: 99.96%, Valid: 97.32%, Test In: 97.23% Test OOD1: 91.50% 
Epoch: 419, Loss: 0.1342, Cls: 0.0594, Ind: 0.0001, Med: 0.0149, Spu: 0.0000, FD: 0.0597, Var: 0.0000, CStr: 0.496, Ctx: 2, Train: 99.95%, Valid: 97.34%, Test In: 97.26% Test OOD1: 90.32% 
Epoch: 420, Loss: 0.1338, Cls: 0.0592, Ind: 0.0001, Med: 0.0148, Spu: 0.0000, FD: 0.0596, Var: 0.0000, CStr: 0.496, Ctx: 2, Train: 99.95%, Valid: 97.40%, Test In: 97.28% Test OOD1: 89.75% 
Epoch: 421, Loss: 0.1377, Cls: 0.0610, Ind: 0.0001, Med: 0.0153, Spu: 0.0000, FD: 0.0613, Var: 0.0000, CStr: 0.496, Ctx: 2, Train: 99.94%, Valid: 97.31%, Test In: 97.27% Test OOD1: 90.25% 
Epoch: 422, Loss: 0.1328, Cls: 0.0588, Ind: 0.0001, Med: 0.0146, Spu: 0.0000, FD: 0.0593, Var: 0.0000, CStr: 0.496, Ctx: 2, Train: 99.95%, Valid: 97.40%, Test In: 97.34% Test OOD1: 88.42% 
Epoch: 423, Loss: 0.1402, Cls: 0.0621, Ind: 0.0001, Med: 0.0155, Spu: 0.0000, FD: 0.0625, Var: 0.0000, CStr: 0.496, Ctx: 2, Train: 99.94%, Valid: 97.42%, Test In: 97.19% Test OOD1: 90.20% 
Epoch: 424, Loss: 0.1267, Cls: 0.0561, Ind: 0.0001, Med: 0.0140, Spu: 0.0000, FD: 0.0565, Var: 0.0000, CStr: 0.496, Ctx: 2, Train: 99.95%, Valid: 97.42%, Test In: 97.19% Test OOD1: 90.33% 
Epoch: 425, Loss: 0.1310, Cls: 0.0580, Ind: 0.0001, Med: 0.0145, Spu: 0.0000, FD: 0.0584, Var: 0.0000, CStr: 0.496, Ctx: 2, Train: 99.96%, Valid: 97.44%, Test In: 97.21% Test OOD1: 89.39% 
Epoch: 426, Loss: 0.1380, Cls: 0.0611, Ind: 0.0001, Med: 0.0153, Spu: 0.0000, FD: 0.0615, Var: 0.0000, CStr: 0.496, Ctx: 2, Train: 99.94%, Valid: 97.40%, Test In: 97.20% Test OOD1: 90.20% 
Epoch: 427, Loss: 0.1291, Cls: 0.0572, Ind: 0.0001, Med: 0.0142, Spu: 0.0000, FD: 0.0577, Var: 0.0000, CStr: 0.496, Ctx: 2, Train: 99.95%, Valid: 97.34%, Test In: 97.23% Test OOD1: 90.56% 
Epoch: 428, Loss: 0.1414, Cls: 0.0627, Ind: 0.0001, Med: 0.0157, Spu: 0.0000, FD: 0.0630, Var: 0.0000, CStr: 0.496, Ctx: 2, Train: 99.96%, Valid: 97.48%, Test In: 97.30% Test OOD1: 90.65% 
Epoch: 429, Loss: 0.1349, Cls: 0.0597, Ind: 0.0001, Med: 0.0149, Spu: 0.0000, FD: 0.0602, Var: 0.0000, CStr: 0.496, Ctx: 2, Train: 99.96%, Valid: 97.38%, Test In: 97.24% Test OOD1: 90.80% 
Epoch: 430, Loss: 0.1277, Cls: 0.0565, Ind: 0.0001, Med: 0.0141, Spu: 0.0000, FD: 0.0570, Var: 0.0000, CStr: 0.496, Ctx: 2, Train: 99.94%, Valid: 97.31%, Test In: 97.11% Test OOD1: 90.65% 
Epoch: 431, Loss: 0.1352, Cls: 0.0599, Ind: 0.0001, Med: 0.0150, Spu: 0.0000, FD: 0.0602, Var: 0.0000, CStr: 0.497, Ctx: 2, Train: 99.96%, Valid: 97.41%, Test In: 97.27% Test OOD1: 89.97% 
Epoch: 432, Loss: 0.1353, Cls: 0.0599, Ind: 0.0001, Med: 0.0150, Spu: 0.0000, FD: 0.0603, Var: 0.0000, CStr: 0.497, Ctx: 2, Train: 99.96%, Valid: 97.56%, Test In: 97.27% Test OOD1: 88.72% 
Epoch: 433, Loss: 0.1353, Cls: 0.0599, Ind: 0.0001, Med: 0.0149, Spu: 0.0000, FD: 0.0604, Var: 0.0000, CStr: 0.497, Ctx: 2, Train: 99.96%, Valid: 97.46%, Test In: 97.17% Test OOD1: 89.68% 
Epoch: 434, Loss: 0.1302, Cls: 0.0577, Ind: 0.0001, Med: 0.0145, Spu: 0.0000, FD: 0.0579, Var: 0.0000, CStr: 0.497, Ctx: 2, Train: 99.92%, Valid: 97.32%, Test In: 97.13% Test OOD1: 90.87% 
Epoch: 435, Loss: 0.1309, Cls: 0.0580, Ind: 0.0001, Med: 0.0145, Spu: 0.0000, FD: 0.0584, Var: 0.0000, CStr: 0.497, Ctx: 2, Train: 99.97%, Valid: 97.53%, Test In: 97.25% Test OOD1: 89.45% 
Epoch: 436, Loss: 0.1256, Cls: 0.0556, Ind: 0.0001, Med: 0.0138, Spu: 0.0000, FD: 0.0561, Var: 0.0000, CStr: 0.497, Ctx: 2, Train: 99.97%, Valid: 97.56%, Test In: 97.29% Test OOD1: 89.84% 
Epoch: 437, Loss: 0.1307, Cls: 0.0579, Ind: 0.0001, Med: 0.0145, Spu: 0.0000, FD: 0.0583, Var: 0.0000, CStr: 0.497, Ctx: 2, Train: 99.96%, Valid: 97.44%, Test In: 97.23% Test OOD1: 90.46% 
Epoch: 438, Loss: 0.1399, Cls: 0.0619, Ind: 0.0001, Med: 0.0154, Spu: 0.0000, FD: 0.0624, Var: 0.0000, CStr: 0.497, Ctx: 2, Train: 99.95%, Valid: 97.50%, Test In: 97.23% Test OOD1: 89.54% 
Epoch: 439, Loss: 0.1380, Cls: 0.0611, Ind: 0.0001, Med: 0.0152, Spu: 0.0000, FD: 0.0616, Var: 0.0000, CStr: 0.497, Ctx: 2, Train: 99.95%, Valid: 97.30%, Test In: 97.16% Test OOD1: 91.55% 
Epoch: 440, Loss: 0.1362, Cls: 0.0603, Ind: 0.0001, Med: 0.0151, Spu: 0.0000, FD: 0.0606, Var: 0.0000, CStr: 0.497, Ctx: 2, Train: 99.96%, Valid: 97.63%, Test In: 97.23% Test OOD1: 89.52% 
Epoch: 441, Loss: 0.1306, Cls: 0.0579, Ind: 0.0001, Med: 0.0145, Spu: 0.0000, FD: 0.0582, Var: 0.0000, CStr: 0.497, Ctx: 2, Train: 99.96%, Valid: 97.52%, Test In: 97.27% Test OOD1: 90.25% 
Epoch: 442, Loss: 0.1302, Cls: 0.0577, Ind: 0.0001, Med: 0.0145, Spu: 0.0000, FD: 0.0580, Var: 0.0000, CStr: 0.498, Ctx: 2, Train: 99.95%, Valid: 97.40%, Test In: 97.26% Test OOD1: 90.84% 
Epoch: 443, Loss: 0.1283, Cls: 0.0568, Ind: 0.0001, Med: 0.0142, Spu: 0.0000, FD: 0.0572, Var: 0.0000, CStr: 0.498, Ctx: 2, Train: 99.95%, Valid: 97.48%, Test In: 97.30% Test OOD1: 89.93% 
Epoch: 444, Loss: 0.1288, Cls: 0.0570, Ind: 0.0001, Med: 0.0142, Spu: 0.0000, FD: 0.0575, Var: 0.0000, CStr: 0.498, Ctx: 2, Train: 99.94%, Valid: 97.55%, Test In: 97.29% Test OOD1: 88.33% 
Epoch: 445, Loss: 0.1314, Cls: 0.0582, Ind: 0.0001, Med: 0.0145, Spu: 0.0000, FD: 0.0587, Var: 0.0000, CStr: 0.498, Ctx: 2, Train: 99.94%, Valid: 97.30%, Test In: 97.24% Test OOD1: 90.68% 
Epoch: 446, Loss: 0.1320, Cls: 0.0584, Ind: 0.0001, Med: 0.0146, Spu: 0.0000, FD: 0.0589, Var: 0.0000, CStr: 0.498, Ctx: 2, Train: 99.93%, Valid: 97.41%, Test In: 97.25% Test OOD1: 89.64% 
Epoch: 447, Loss: 0.1322, Cls: 0.0586, Ind: 0.0001, Med: 0.0146, Spu: 0.0000, FD: 0.0589, Var: 0.0000, CStr: 0.498, Ctx: 2, Train: 99.93%, Valid: 97.48%, Test In: 97.23% Test OOD1: 88.50% 
Epoch: 448, Loss: 0.1365, Cls: 0.0605, Ind: 0.0001, Med: 0.0151, Spu: 0.0000, FD: 0.0609, Var: 0.0000, CStr: 0.498, Ctx: 2, Train: 99.92%, Valid: 97.31%, Test In: 97.11% Test OOD1: 91.16% 
Epoch: 449, Loss: 0.1349, Cls: 0.0598, Ind: 0.0001, Med: 0.0150, Spu: 0.0000, FD: 0.0601, Var: 0.0000, CStr: 0.498, Ctx: 2, Train: 99.95%, Valid: 97.50%, Test In: 97.27% Test OOD1: 89.22% 
Epoch: 450, Loss: 0.1245, Cls: 0.0551, Ind: 0.0001, Med: 0.0138, Spu: 0.0000, FD: 0.0556, Var: 0.0000, CStr: 0.499, Ctx: 2, Train: 99.95%, Valid: 97.44%, Test In: 97.25% Test OOD1: 90.70% 
Epoch: 451, Loss: 0.1359, Cls: 0.0602, Ind: 0.0001, Med: 0.0150, Spu: 0.0000, FD: 0.0606, Var: 0.0000, CStr: 0.499, Ctx: 2, Train: 99.95%, Valid: 97.48%, Test In: 97.26% Test OOD1: 90.54% 
Epoch: 452, Loss: 0.1411, Cls: 0.0625, Ind: 0.0001, Med: 0.0156, Spu: 0.0000, FD: 0.0630, Var: 0.0000, CStr: 0.499, Ctx: 2, Train: 99.94%, Valid: 97.55%, Test In: 97.31% Test OOD1: 88.48% 
Epoch: 453, Loss: 0.1338, Cls: 0.0593, Ind: 0.0001, Med: 0.0149, Spu: 0.0000, FD: 0.0596, Var: 0.0000, CStr: 0.499, Ctx: 2, Train: 99.94%, Valid: 97.46%, Test In: 97.21% Test OOD1: 91.34% 
Epoch: 454, Loss: 0.1369, Cls: 0.0607, Ind: 0.0001, Med: 0.0151, Spu: 0.0000, FD: 0.0610, Var: 0.0000, CStr: 0.499, Ctx: 2, Train: 99.95%, Valid: 97.55%, Test In: 97.34% Test OOD1: 89.18% 
Epoch: 455, Loss: 0.1283, Cls: 0.0568, Ind: 0.0001, Med: 0.0142, Spu: 0.0000, FD: 0.0572, Var: 0.0000, CStr: 0.499, Ctx: 2, Train: 99.94%, Valid: 97.57%, Test In: 97.36% Test OOD1: 90.48% 
Epoch: 456, Loss: 0.1247, Cls: 0.0552, Ind: 0.0001, Med: 0.0138, Spu: 0.0000, FD: 0.0556, Var: 0.0000, CStr: 0.499, Ctx: 2, Train: 99.95%, Valid: 97.50%, Test In: 97.31% Test OOD1: 90.94% 
Epoch: 457, Loss: 0.1307, Cls: 0.0579, Ind: 0.0001, Med: 0.0144, Spu: 0.0000, FD: 0.0583, Var: 0.0000, CStr: 0.499, Ctx: 2, Train: 99.94%, Valid: 97.66%, Test In: 97.19% Test OOD1: 87.68% 
Epoch: 458, Loss: 0.1352, Cls: 0.0599, Ind: 0.0001, Med: 0.0149, Spu: 0.0000, FD: 0.0603, Var: 0.0000, CStr: 0.499, Ctx: 2, Train: 99.97%, Valid: 97.48%, Test In: 97.23% Test OOD1: 90.49% 
Epoch: 459, Loss: 0.1234, Cls: 0.0546, Ind: 0.0001, Med: 0.0137, Spu: 0.0000, FD: 0.0549, Var: 0.0000, CStr: 0.499, Ctx: 2, Train: 99.95%, Valid: 97.36%, Test In: 97.09% Test OOD1: 91.77% 
Epoch: 460, Loss: 0.1406, Cls: 0.0623, Ind: 0.0001, Med: 0.0156, Spu: 0.0000, FD: 0.0626, Var: 0.0000, CStr: 0.500, Ctx: 2, Train: 99.90%, Valid: 97.38%, Test In: 97.06% Test OOD1: 86.78% 
Epoch: 461, Loss: 0.1532, Cls: 0.0678, Ind: 0.0001, Med: 0.0168, Spu: 0.0000, FD: 0.0685, Var: 0.0000, CStr: 0.500, Ctx: 2, Train: 99.94%, Valid: 97.30%, Test In: 97.02% Test OOD1: 91.88% 
Epoch: 462, Loss: 0.1343, Cls: 0.0595, Ind: 0.0001, Med: 0.0149, Spu: 0.0000, FD: 0.0598, Var: 0.0000, CStr: 0.500, Ctx: 2, Train: 99.95%, Valid: 97.21%, Test In: 97.07% Test OOD1: 91.62% 
Epoch: 463, Loss: 0.1244, Cls: 0.0551, Ind: 0.0001, Med: 0.0138, Spu: 0.0000, FD: 0.0554, Var: 0.0000, CStr: 0.500, Ctx: 2, Train: 99.90%, Valid: 97.31%, Test In: 97.11% Test OOD1: 87.24% 
Epoch: 464, Loss: 0.1495, Cls: 0.0662, Ind: 0.0001, Med: 0.0165, Spu: 0.0000, FD: 0.0667, Var: 0.0000, CStr: 0.500, Ctx: 2, Train: 99.97%, Valid: 97.34%, Test In: 97.16% Test OOD1: 91.29% 
Epoch: 465, Loss: 0.1395, Cls: 0.0618, Ind: 0.0001, Med: 0.0153, Spu: 0.0000, FD: 0.0623, Var: 0.0000, CStr: 0.500, Ctx: 2, Train: 99.92%, Valid: 97.27%, Test In: 97.12% Test OOD1: 91.36% 
Epoch: 466, Loss: 0.1265, Cls: 0.0560, Ind: 0.0001, Med: 0.0140, Spu: 0.0000, FD: 0.0564, Var: 0.0000, CStr: 0.500, Ctx: 2, Train: 99.90%, Valid: 97.33%, Test In: 97.06% Test OOD1: 88.58% 
Epoch: 467, Loss: 0.1381, Cls: 0.0611, Ind: 0.0001, Med: 0.0152, Spu: 0.0000, FD: 0.0616, Var: 0.0000, CStr: 0.500, Ctx: 2, Train: 99.97%, Valid: 97.42%, Test In: 97.17% Test OOD1: 90.51% 
Epoch: 468, Loss: 0.1437, Cls: 0.0637, Ind: 0.0001, Med: 0.0159, Spu: 0.0000, FD: 0.0640, Var: 0.0000, CStr: 0.500, Ctx: 2, Train: 99.97%, Valid: 97.47%, Test In: 97.19% Test OOD1: 90.38% 
Epoch: 469, Loss: 0.1268, Cls: 0.0562, Ind: 0.0001, Med: 0.0140, Spu: 0.0000, FD: 0.0566, Var: 0.0000, CStr: 0.500, Ctx: 2, Train: 99.92%, Valid: 97.41%, Test In: 97.12% Test OOD1: 89.43% 
Epoch: 470, Loss: 0.1355, Cls: 0.0600, Ind: 0.0001, Med: 0.0150, Spu: 0.0000, FD: 0.0604, Var: 0.0000, CStr: 0.500, Ctx: 2, Train: 99.96%, Valid: 97.48%, Test In: 97.25% Test OOD1: 91.01% 
Epoch: 471, Loss: 0.1281, Cls: 0.0567, Ind: 0.0001, Med: 0.0141, Spu: 0.0000, FD: 0.0572, Var: 0.0000, CStr: 0.500, Ctx: 2, Train: 99.97%, Valid: 97.56%, Test In: 97.24% Test OOD1: 90.15% 
Epoch: 472, Loss: 0.1317, Cls: 0.0583, Ind: 0.0001, Med: 0.0146, Spu: 0.0000, FD: 0.0587, Var: 0.0000, CStr: 0.500, Ctx: 2, Train: 99.94%, Valid: 97.50%, Test In: 97.25% Test OOD1: 89.47% 
Epoch: 473, Loss: 0.1305, Cls: 0.0578, Ind: 0.0001, Med: 0.0144, Spu: 0.0000, FD: 0.0582, Var: 0.0000, CStr: 0.500, Ctx: 2, Train: 99.92%, Valid: 97.27%, Test In: 97.17% Test OOD1: 91.45% 
Epoch: 474, Loss: 0.1233, Cls: 0.0546, Ind: 0.0001, Med: 0.0136, Spu: 0.0000, FD: 0.0549, Var: 0.0000, CStr: 0.500, Ctx: 2, Train: 99.97%, Valid: 97.46%, Test In: 97.19% Test OOD1: 90.28% 
Epoch: 475, Loss: 0.1256, Cls: 0.0556, Ind: 0.0001, Med: 0.0139, Spu: 0.0000, FD: 0.0561, Var: 0.0000, CStr: 0.500, Ctx: 2, Train: 99.97%, Valid: 97.50%, Test In: 97.19% Test OOD1: 89.49% 
Epoch: 476, Loss: 0.1273, Cls: 0.0564, Ind: 0.0001, Med: 0.0140, Spu: 0.0000, FD: 0.0568, Var: 0.0000, CStr: 0.500, Ctx: 2, Train: 99.94%, Valid: 97.38%, Test In: 97.18% Test OOD1: 90.20% 
Epoch: 477, Loss: 0.1221, Cls: 0.0541, Ind: 0.0001, Med: 0.0135, Spu: 0.0000, FD: 0.0544, Var: 0.0000, CStr: 0.500, Ctx: 2, Train: 99.94%, Valid: 97.36%, Test In: 97.19% Test OOD1: 90.59% 
Epoch: 478, Loss: 0.1228, Cls: 0.0544, Ind: 0.0001, Med: 0.0136, Spu: 0.0000, FD: 0.0547, Var: 0.0000, CStr: 0.501, Ctx: 2, Train: 99.96%, Valid: 97.61%, Test In: 97.27% Test OOD1: 89.30% 
Epoch: 479, Loss: 0.1285, Cls: 0.0569, Ind: 0.0001, Med: 0.0142, Spu: 0.0000, FD: 0.0573, Var: 0.0000, CStr: 0.501, Ctx: 2, Train: 99.95%, Valid: 97.53%, Test In: 97.24% Test OOD1: 89.67% 
Epoch: 480, Loss: 0.1210, Cls: 0.0536, Ind: 0.0001, Med: 0.0133, Spu: 0.0000, FD: 0.0540, Var: 0.0000, CStr: 0.501, Ctx: 2, Train: 99.93%, Valid: 97.38%, Test In: 97.27% Test OOD1: 90.51% 
Epoch: 481, Loss: 0.1247, Cls: 0.0553, Ind: 0.0001, Med: 0.0138, Spu: 0.0000, FD: 0.0556, Var: 0.0000, CStr: 0.501, Ctx: 2, Train: 99.95%, Valid: 97.49%, Test In: 97.27% Test OOD1: 89.50% 
Epoch: 482, Loss: 0.1312, Cls: 0.0581, Ind: 0.0001, Med: 0.0145, Spu: 0.0000, FD: 0.0585, Var: 0.0000, CStr: 0.501, Ctx: 2, Train: 99.96%, Valid: 97.55%, Test In: 97.32% Test OOD1: 89.45% 
Epoch: 483, Loss: 0.1231, Cls: 0.0545, Ind: 0.0001, Med: 0.0136, Spu: 0.0000, FD: 0.0549, Var: 0.0000, CStr: 0.501, Ctx: 2, Train: 99.94%, Valid: 97.46%, Test In: 97.36% Test OOD1: 89.59% 
Epoch: 484, Loss: 0.1259, Cls: 0.0558, Ind: 0.0001, Med: 0.0139, Spu: 0.0000, FD: 0.0562, Var: 0.0000, CStr: 0.501, Ctx: 2, Train: 99.95%, Valid: 97.38%, Test In: 97.30% Test OOD1: 90.64% 
Epoch: 485, Loss: 0.1276, Cls: 0.0565, Ind: 0.0001, Med: 0.0141, Spu: 0.0000, FD: 0.0568, Var: 0.0000, CStr: 0.501, Ctx: 2, Train: 99.96%, Valid: 97.45%, Test In: 97.23% Test OOD1: 90.85% 
Epoch: 486, Loss: 0.1253, Cls: 0.0555, Ind: 0.0001, Med: 0.0138, Spu: 0.0000, FD: 0.0559, Var: 0.0000, CStr: 0.501, Ctx: 2, Train: 99.95%, Valid: 97.40%, Test In: 97.25% Test OOD1: 90.39% 
Epoch: 487, Loss: 0.1227, Cls: 0.0543, Ind: 0.0001, Med: 0.0135, Spu: 0.0000, FD: 0.0548, Var: 0.0000, CStr: 0.502, Ctx: 2, Train: 99.97%, Valid: 97.38%, Test In: 97.25% Test OOD1: 90.51% 
Epoch: 488, Loss: 0.1294, Cls: 0.0573, Ind: 0.0001, Med: 0.0143, Spu: 0.0000, FD: 0.0577, Var: 0.0000, CStr: 0.502, Ctx: 2, Train: 99.96%, Valid: 97.40%, Test In: 97.21% Test OOD1: 91.29% 
Epoch: 489, Loss: 0.1298, Cls: 0.0575, Ind: 0.0001, Med: 0.0143, Spu: 0.0000, FD: 0.0579, Var: 0.0000, CStr: 0.502, Ctx: 2, Train: 99.97%, Valid: 97.55%, Test In: 97.34% Test OOD1: 89.23% 
Epoch: 490, Loss: 0.1208, Cls: 0.0535, Ind: 0.0001, Med: 0.0134, Spu: 0.0000, FD: 0.0537, Var: 0.0000, CStr: 0.502, Ctx: 2, Train: 99.96%, Valid: 97.50%, Test In: 97.31% Test OOD1: 90.14% 
Epoch: 491, Loss: 0.1276, Cls: 0.0565, Ind: 0.0001, Med: 0.0140, Spu: 0.0000, FD: 0.0569, Var: 0.0000, CStr: 0.502, Ctx: 2, Train: 99.95%, Valid: 97.39%, Test In: 97.30% Test OOD1: 91.20% 
Epoch: 492, Loss: 0.1296, Cls: 0.0574, Ind: 0.0001, Med: 0.0144, Spu: 0.0000, FD: 0.0577, Var: 0.0000, CStr: 0.502, Ctx: 2, Train: 99.97%, Valid: 97.53%, Test In: 97.34% Test OOD1: 89.82% 
Epoch: 493, Loss: 0.1276, Cls: 0.0565, Ind: 0.0001, Med: 0.0141, Spu: 0.0000, FD: 0.0569, Var: 0.0000, CStr: 0.503, Ctx: 2, Train: 99.97%, Valid: 97.55%, Test In: 97.34% Test OOD1: 90.45% 
Epoch: 494, Loss: 0.1218, Cls: 0.0539, Ind: 0.0001, Med: 0.0134, Spu: 0.0000, FD: 0.0544, Var: 0.0000, CStr: 0.503, Ctx: 2, Train: 99.96%, Valid: 97.42%, Test In: 97.25% Test OOD1: 90.54% 
Epoch: 495, Loss: 0.1179, Cls: 0.0522, Ind: 0.0001, Med: 0.0131, Spu: 0.0000, FD: 0.0525, Var: 0.0000, CStr: 0.503, Ctx: 2, Train: 99.97%, Valid: 97.42%, Test In: 97.26% Test OOD1: 90.77% 
Epoch: 496, Loss: 0.1275, Cls: 0.0565, Ind: 0.0001, Med: 0.0141, Spu: 0.0000, FD: 0.0569, Var: 0.0000, CStr: 0.503, Ctx: 2, Train: 99.97%, Valid: 97.32%, Test In: 97.21% Test OOD1: 91.46% 
Epoch: 497, Loss: 0.1162, Cls: 0.0515, Ind: 0.0001, Med: 0.0128, Spu: 0.0000, FD: 0.0518, Var: 0.0000, CStr: 0.503, Ctx: 2, Train: 99.98%, Valid: 97.49%, Test In: 97.23% Test OOD1: 89.99% 
Epoch: 498, Loss: 0.1175, Cls: 0.0520, Ind: 0.0001, Med: 0.0130, Spu: 0.0000, FD: 0.0524, Var: 0.0000, CStr: 0.503, Ctx: 2, Train: 99.97%, Valid: 97.50%, Test In: 97.23% Test OOD1: 90.42% 
Epoch: 499, Loss: 0.1231, Cls: 0.0545, Ind: 0.0001, Med: 0.0136, Spu: 0.0000, FD: 0.0549, Var: 0.0000, CStr: 0.503, Ctx: 2, Train: 99.96%, Valid: 97.32%, Test In: 97.20% Test OOD1: 91.83% 
Run 01:
Highest Train: 99.98
Highest Valid: 97.66
Highest In Test: 97.36
Highest OOD Test: 91.88
Chosen epoch: 458
Final Train: 99.94
Final In Test: 97.19
Final OOD Test: 87.68
Epoch: 00, Loss: 2.6573, Cls: 1.1365, Ind: 0.0174, Med: 0.2947, Spu: 0.0151, FD: 1.1934, Var: 0.0001, CStr: 0.501, Ctx: 2, Train: 39.90%, Valid: 39.99%, Test In: 39.97% Test OOD1: 39.94% 
Epoch: 01, Loss: 2.7391, Cls: 1.1649, Ind: 0.0148, Med: 0.2646, Spu: 0.0051, FD: 1.2896, Var: 0.0001, CStr: 0.502, Ctx: 2, Train: 43.91%, Valid: 43.80%, Test In: 43.93% Test OOD1: 65.11% 
Epoch: 02, Loss: 2.2387, Cls: 0.9687, Ind: 0.0143, Med: 0.2636, Spu: 0.0111, FD: 0.9809, Var: 0.0001, CStr: 0.503, Ctx: 2, Train: 68.06%, Valid: 68.43%, Test In: 68.12% Test OOD1: 50.23% 
Epoch: 03, Loss: 2.0158, Cls: 0.8788, Ind: 0.0179, Med: 0.2608, Spu: 0.0086, FD: 0.8496, Var: 0.0001, CStr: 0.503, Ctx: 2, Train: 77.18%, Valid: 77.26%, Test In: 76.75% Test OOD1: 48.68% 
Epoch: 04, Loss: 1.8902, Cls: 0.8118, Ind: 0.0249, Med: 0.2440, Spu: 0.0041, FD: 0.8054, Var: 0.0001, CStr: 0.503, Ctx: 2, Train: 81.84%, Valid: 81.98%, Test In: 81.42% Test OOD1: 50.14% 
Epoch: 05, Loss: 1.6901, Cls: 0.7108, Ind: 0.0350, Med: 0.2200, Spu: 0.0032, FD: 0.7210, Var: 0.0001, CStr: 0.503, Ctx: 2, Train: 86.96%, Valid: 86.79%, Test In: 86.73% Test OOD1: 56.80% 
Epoch: 06, Loss: 1.4508, Cls: 0.6009, Ind: 0.0451, Med: 0.1993, Spu: 0.0054, FD: 0.6001, Var: 0.0001, CStr: 0.502, Ctx: 2, Train: 87.19%, Valid: 87.12%, Test In: 87.06% Test OOD1: 61.88% 
Epoch: 07, Loss: 1.2809, Cls: 0.5289, Ind: 0.0510, Med: 0.1819, Spu: 0.0063, FD: 0.5127, Var: 0.0001, CStr: 0.501, Ctx: 2, Train: 86.76%, Valid: 86.69%, Test In: 86.57% Test OOD1: 65.13% 
Epoch: 08, Loss: 1.1709, Cls: 0.4860, Ind: 0.0525, Med: 0.1614, Spu: 0.0052, FD: 0.4657, Var: 0.0001, CStr: 0.500, Ctx: 2, Train: 87.45%, Valid: 87.24%, Test In: 87.34% Test OOD1: 66.49% 
Epoch: 09, Loss: 1.0786, Cls: 0.4490, Ind: 0.0491, Med: 0.1382, Spu: 0.0042, FD: 0.4381, Var: 0.0001, CStr: 0.498, Ctx: 2, Train: 88.57%, Valid: 88.19%, Test In: 88.46% Test OOD1: 64.87% 
Epoch: 10, Loss: 0.9855, Cls: 0.4093, Ind: 0.0450, Med: 0.1190, Spu: 0.0036, FD: 0.4085, Var: 0.0001, CStr: 0.496, Ctx: 2, Train: 88.66%, Valid: 88.61%, Test In: 88.83% Test OOD1: 62.39% 
Epoch: 11, Loss: 0.9446, Cls: 0.3928, Ind: 0.0423, Med: 0.1128, Spu: 0.0033, FD: 0.3933, Var: 0.0000, CStr: 0.495, Ctx: 2, Train: 88.66%, Valid: 88.54%, Test In: 88.88% Test OOD1: 61.42% 
Epoch: 12, Loss: 0.9183, Cls: 0.3828, Ind: 0.0397, Med: 0.1099, Spu: 0.0032, FD: 0.3826, Var: 0.0000, CStr: 0.494, Ctx: 2, Train: 89.04%, Valid: 88.71%, Test In: 89.11% Test OOD1: 62.63% 
Epoch: 13, Loss: 0.8955, Cls: 0.3740, Ind: 0.0377, Med: 0.1056, Spu: 0.0031, FD: 0.3751, Var: 0.0000, CStr: 0.495, Ctx: 2, Train: 89.45%, Valid: 89.21%, Test In: 89.59% Test OOD1: 65.61% 
Epoch: 14, Loss: 0.8552, Cls: 0.3569, Ind: 0.0353, Med: 0.0961, Spu: 0.0032, FD: 0.3637, Var: 0.0000, CStr: 0.495, Ctx: 2, Train: 89.71%, Valid: 89.37%, Test In: 89.87% Test OOD1: 68.91% 
Epoch: 15, Loss: 0.8453, Cls: 0.3534, Ind: 0.0324, Med: 0.0903, Spu: 0.0030, FD: 0.3662, Var: 0.0000, CStr: 0.496, Ctx: 2, Train: 89.91%, Valid: 89.54%, Test In: 89.92% Test OOD1: 70.37% 
Epoch: 16, Loss: 0.8220, Cls: 0.3455, Ind: 0.0287, Med: 0.0870, Spu: 0.0026, FD: 0.3581, Var: 0.0000, CStr: 0.497, Ctx: 2, Train: 90.18%, Valid: 89.80%, Test In: 90.23% Test OOD1: 70.05% 
Epoch: 17, Loss: 0.7984, Cls: 0.3383, Ind: 0.0245, Med: 0.0858, Spu: 0.0021, FD: 0.3476, Var: 0.0000, CStr: 0.497, Ctx: 2, Train: 90.40%, Valid: 90.07%, Test In: 90.42% Test OOD1: 69.06% 
Epoch: 18, Loss: 0.7712, Cls: 0.3292, Ind: 0.0209, Med: 0.0853, Spu: 0.0019, FD: 0.3339, Var: 0.0000, CStr: 0.497, Ctx: 2, Train: 90.60%, Valid: 90.32%, Test In: 90.53% Test OOD1: 68.44% 
Epoch: 19, Loss: 0.7637, Cls: 0.3281, Ind: 0.0180, Med: 0.0863, Spu: 0.0018, FD: 0.3295, Var: 0.0000, CStr: 0.497, Ctx: 2, Train: 90.71%, Valid: 90.44%, Test In: 90.68% Test OOD1: 69.02% 
Epoch: 20, Loss: 0.7526, Cls: 0.3245, Ind: 0.0150, Med: 0.0845, Spu: 0.0019, FD: 0.3266, Var: 0.0000, CStr: 0.496, Ctx: 2, Train: 90.87%, Valid: 90.65%, Test In: 90.95% Test OOD1: 71.07% 
Epoch: 21, Loss: 0.7432, Cls: 0.3213, Ind: 0.0122, Med: 0.0826, Spu: 0.0019, FD: 0.3252, Var: 0.0000, CStr: 0.496, Ctx: 2, Train: 91.05%, Valid: 90.63%, Test In: 91.06% Test OOD1: 73.50% 
Epoch: 22, Loss: 0.7307, Cls: 0.3168, Ind: 0.0101, Med: 0.0816, Spu: 0.0018, FD: 0.3204, Var: 0.0000, CStr: 0.495, Ctx: 2, Train: 91.12%, Valid: 90.68%, Test In: 91.13% Test OOD1: 74.36% 
Epoch: 23, Loss: 0.7213, Cls: 0.3134, Ind: 0.0083, Med: 0.0808, Spu: 0.0015, FD: 0.3173, Var: 0.0000, CStr: 0.494, Ctx: 2, Train: 91.24%, Valid: 90.83%, Test In: 91.30% Test OOD1: 73.55% 
Epoch: 24, Loss: 0.7054, Cls: 0.3068, Ind: 0.0072, Med: 0.0792, Spu: 0.0013, FD: 0.3108, Var: 0.0000, CStr: 0.493, Ctx: 2, Train: 91.24%, Valid: 90.90%, Test In: 91.29% Test OOD1: 72.17% 
Epoch: 25, Loss: 0.6933, Cls: 0.3016, Ind: 0.0066, Med: 0.0771, Spu: 0.0013, FD: 0.3067, Var: 0.0000, CStr: 0.492, Ctx: 2, Train: 91.29%, Valid: 90.86%, Test In: 91.24% Test OOD1: 71.44% 
Epoch: 26, Loss: 0.6924, Cls: 0.3013, Ind: 0.0061, Med: 0.0765, Spu: 0.0014, FD: 0.3071, Var: 0.0000, CStr: 0.491, Ctx: 2, Train: 91.43%, Valid: 90.98%, Test In: 91.39% Test OOD1: 71.74% 
Epoch: 27, Loss: 0.6868, Cls: 0.2991, Ind: 0.0056, Med: 0.0757, Spu: 0.0014, FD: 0.3048, Var: 0.0000, CStr: 0.489, Ctx: 2, Train: 91.46%, Valid: 91.02%, Test In: 91.53% Test OOD1: 72.62% 
Epoch: 28, Loss: 0.6692, Cls: 0.2917, Ind: 0.0056, Med: 0.0740, Spu: 0.0013, FD: 0.2966, Var: 0.0000, CStr: 0.487, Ctx: 2, Train: 91.63%, Valid: 91.09%, Test In: 91.57% Test OOD1: 73.31% 
Epoch: 29, Loss: 0.6688, Cls: 0.2919, Ind: 0.0055, Med: 0.0743, Spu: 0.0011, FD: 0.2960, Var: 0.0000, CStr: 0.485, Ctx: 2, Train: 91.64%, Valid: 91.22%, Test In: 91.58% Test OOD1: 73.11% 
Epoch: 30, Loss: 0.6651, Cls: 0.2907, Ind: 0.0051, Med: 0.0740, Spu: 0.0010, FD: 0.2943, Var: 0.0000, CStr: 0.483, Ctx: 2, Train: 91.69%, Valid: 91.27%, Test In: 91.58% Test OOD1: 72.35% 
Epoch: 31, Loss: 0.6485, Cls: 0.2838, Ind: 0.0046, Med: 0.0725, Spu: 0.0010, FD: 0.2865, Var: 0.0000, CStr: 0.481, Ctx: 2, Train: 91.75%, Valid: 91.29%, Test In: 91.61% Test OOD1: 71.67% 
Epoch: 32, Loss: 0.6520, Cls: 0.2856, Ind: 0.0042, Med: 0.0725, Spu: 0.0011, FD: 0.2886, Var: 0.0000, CStr: 0.478, Ctx: 2, Train: 91.82%, Valid: 91.30%, Test In: 91.65% Test OOD1: 71.38% 
Epoch: 33, Loss: 0.6420, Cls: 0.2814, Ind: 0.0038, Med: 0.0716, Spu: 0.0011, FD: 0.2841, Var: 0.0000, CStr: 0.476, Ctx: 2, Train: 91.86%, Valid: 91.36%, Test In: 91.70% Test OOD1: 71.59% 
Epoch: 34, Loss: 0.6354, Cls: 0.2788, Ind: 0.0033, Med: 0.0710, Spu: 0.0010, FD: 0.2813, Var: 0.0000, CStr: 0.473, Ctx: 2, Train: 91.93%, Valid: 91.40%, Test In: 91.78% Test OOD1: 72.13% 
Epoch: 35, Loss: 0.6311, Cls: 0.2771, Ind: 0.0028, Med: 0.0701, Spu: 0.0009, FD: 0.2802, Var: 0.0000, CStr: 0.471, Ctx: 2, Train: 92.04%, Valid: 91.39%, Test In: 91.84% Test OOD1: 72.37% 
Epoch: 36, Loss: 0.6241, Cls: 0.2740, Ind: 0.0025, Med: 0.0692, Spu: 0.0008, FD: 0.2774, Var: 0.0000, CStr: 0.468, Ctx: 2, Train: 92.12%, Valid: 91.49%, Test In: 91.88% Test OOD1: 72.50% 
Epoch: 37, Loss: 0.6152, Cls: 0.2703, Ind: 0.0023, Med: 0.0684, Spu: 0.0008, FD: 0.2733, Var: 0.0000, CStr: 0.466, Ctx: 2, Train: 92.17%, Valid: 91.47%, Test In: 91.95% Test OOD1: 72.32% 
Epoch: 38, Loss: 0.6088, Cls: 0.2676, Ind: 0.0021, Med: 0.0679, Spu: 0.0009, FD: 0.2702, Var: 0.0000, CStr: 0.463, Ctx: 2, Train: 92.18%, Valid: 91.59%, Test In: 92.03% Test OOD1: 72.12% 
Epoch: 39, Loss: 0.5957, Cls: 0.2618, Ind: 0.0021, Med: 0.0664, Spu: 0.0008, FD: 0.2645, Var: 0.0000, CStr: 0.461, Ctx: 2, Train: 92.29%, Valid: 91.65%, Test In: 92.07% Test OOD1: 72.12% 
Epoch: 40, Loss: 0.6056, Cls: 0.2664, Ind: 0.0020, Med: 0.0676, Spu: 0.0008, FD: 0.2688, Var: 0.0000, CStr: 0.458, Ctx: 2, Train: 92.37%, Valid: 91.71%, Test In: 92.12% Test OOD1: 72.78% 
Epoch: 41, Loss: 0.5917, Cls: 0.2603, Ind: 0.0019, Med: 0.0660, Spu: 0.0007, FD: 0.2627, Var: 0.0000, CStr: 0.455, Ctx: 2, Train: 92.44%, Valid: 91.77%, Test In: 92.09% Test OOD1: 73.85% 
Epoch: 42, Loss: 0.5871, Cls: 0.2585, Ind: 0.0017, Med: 0.0656, Spu: 0.0007, FD: 0.2606, Var: 0.0000, CStr: 0.453, Ctx: 2, Train: 92.52%, Valid: 91.80%, Test In: 92.19% Test OOD1: 74.32% 
Epoch: 43, Loss: 0.5818, Cls: 0.2562, Ind: 0.0016, Med: 0.0649, Spu: 0.0007, FD: 0.2584, Var: 0.0000, CStr: 0.450, Ctx: 2, Train: 92.61%, Valid: 91.91%, Test In: 92.30% Test OOD1: 73.87% 
Epoch: 44, Loss: 0.5815, Cls: 0.2560, Ind: 0.0015, Med: 0.0647, Spu: 0.0007, FD: 0.2585, Var: 0.0000, CStr: 0.448, Ctx: 2, Train: 92.64%, Valid: 91.87%, Test In: 92.28% Test OOD1: 73.32% 
Epoch: 45, Loss: 0.5739, Cls: 0.2528, Ind: 0.0014, Med: 0.0640, Spu: 0.0007, FD: 0.2549, Var: 0.0000, CStr: 0.446, Ctx: 2, Train: 92.73%, Valid: 91.95%, Test In: 92.33% Test OOD1: 73.84% 
Epoch: 46, Loss: 0.5719, Cls: 0.2520, Ind: 0.0013, Med: 0.0639, Spu: 0.0006, FD: 0.2541, Var: 0.0000, CStr: 0.443, Ctx: 2, Train: 92.85%, Valid: 92.05%, Test In: 92.45% Test OOD1: 74.43% 
Epoch: 47, Loss: 0.5654, Cls: 0.2491, Ind: 0.0012, Med: 0.0630, Spu: 0.0006, FD: 0.2515, Var: 0.0000, CStr: 0.441, Ctx: 2, Train: 92.94%, Valid: 92.06%, Test In: 92.44% Test OOD1: 74.82% 
Epoch: 48, Loss: 0.5629, Cls: 0.2481, Ind: 0.0012, Med: 0.0628, Spu: 0.0006, FD: 0.2501, Var: 0.0000, CStr: 0.439, Ctx: 2, Train: 93.03%, Valid: 92.18%, Test In: 92.51% Test OOD1: 75.02% 
Epoch: 49, Loss: 0.5504, Cls: 0.2425, Ind: 0.0012, Med: 0.0615, Spu: 0.0006, FD: 0.2446, Var: 0.0000, CStr: 0.437, Ctx: 2, Train: 93.04%, Valid: 92.15%, Test In: 92.51% Test OOD1: 74.81% 
Epoch: 50, Loss: 0.5524, Cls: 0.2435, Ind: 0.0011, Med: 0.0614, Spu: 0.0006, FD: 0.2459, Var: 0.0000, CStr: 0.436, Ctx: 2, Train: 93.14%, Valid: 92.11%, Test In: 92.58% Test OOD1: 74.89% 
Epoch: 51, Loss: 0.5504, Cls: 0.2427, Ind: 0.0010, Med: 0.0615, Spu: 0.0005, FD: 0.2446, Var: 0.0000, CStr: 0.434, Ctx: 2, Train: 93.20%, Valid: 92.18%, Test In: 92.62% Test OOD1: 75.43% 
Epoch: 52, Loss: 0.5413, Cls: 0.2387, Ind: 0.0010, Med: 0.0604, Spu: 0.0005, FD: 0.2407, Var: 0.0000, CStr: 0.432, Ctx: 2, Train: 93.27%, Valid: 92.28%, Test In: 92.64% Test OOD1: 76.13% 
Epoch: 53, Loss: 0.5471, Cls: 0.2414, Ind: 0.0010, Med: 0.0614, Spu: 0.0005, FD: 0.2428, Var: 0.0000, CStr: 0.431, Ctx: 2, Train: 93.34%, Valid: 92.34%, Test In: 92.71% Test OOD1: 76.21% 
Epoch: 54, Loss: 0.5358, Cls: 0.2363, Ind: 0.0009, Med: 0.0599, Spu: 0.0005, FD: 0.2381, Var: 0.0000, CStr: 0.429, Ctx: 2, Train: 93.44%, Valid: 92.41%, Test In: 92.79% Test OOD1: 75.68% 
Epoch: 55, Loss: 0.5318, Cls: 0.2346, Ind: 0.0009, Med: 0.0593, Spu: 0.0005, FD: 0.2364, Var: 0.0000, CStr: 0.428, Ctx: 2, Train: 93.47%, Valid: 92.50%, Test In: 92.88% Test OOD1: 75.54% 
Epoch: 56, Loss: 0.5279, Cls: 0.2329, Ind: 0.0009, Med: 0.0590, Spu: 0.0005, FD: 0.2346, Var: 0.0000, CStr: 0.427, Ctx: 2, Train: 93.56%, Valid: 92.50%, Test In: 92.80% Test OOD1: 76.50% 
Epoch: 57, Loss: 0.5222, Cls: 0.2303, Ind: 0.0009, Med: 0.0582, Spu: 0.0004, FD: 0.2324, Var: 0.0000, CStr: 0.425, Ctx: 2, Train: 93.55%, Valid: 92.48%, Test In: 92.70% Test OOD1: 77.32% 
Epoch: 58, Loss: 0.5160, Cls: 0.2277, Ind: 0.0009, Med: 0.0577, Spu: 0.0004, FD: 0.2293, Var: 0.0000, CStr: 0.424, Ctx: 2, Train: 93.62%, Valid: 92.66%, Test In: 92.90% Test OOD1: 76.98% 
Epoch: 59, Loss: 0.5134, Cls: 0.2265, Ind: 0.0009, Med: 0.0574, Spu: 0.0004, FD: 0.2281, Var: 0.0000, CStr: 0.423, Ctx: 2, Train: 93.70%, Valid: 92.76%, Test In: 92.99% Test OOD1: 76.99% 
Epoch: 60, Loss: 0.5178, Cls: 0.2285, Ind: 0.0009, Med: 0.0578, Spu: 0.0004, FD: 0.2302, Var: 0.0000, CStr: 0.422, Ctx: 2, Train: 93.76%, Valid: 92.70%, Test In: 92.86% Test OOD1: 77.40% 
Epoch: 61, Loss: 0.5124, Cls: 0.2261, Ind: 0.0008, Med: 0.0573, Spu: 0.0004, FD: 0.2277, Var: 0.0000, CStr: 0.421, Ctx: 2, Train: 93.73%, Valid: 92.70%, Test In: 92.79% Test OOD1: 78.29% 
Epoch: 62, Loss: 0.5029, Cls: 0.2219, Ind: 0.0008, Med: 0.0563, Spu: 0.0004, FD: 0.2234, Var: 0.0000, CStr: 0.420, Ctx: 2, Train: 93.85%, Valid: 92.76%, Test In: 92.82% Test OOD1: 78.28% 
Epoch: 63, Loss: 0.5002, Cls: 0.2207, Ind: 0.0008, Med: 0.0558, Spu: 0.0004, FD: 0.2224, Var: 0.0000, CStr: 0.419, Ctx: 2, Train: 93.97%, Valid: 92.89%, Test In: 93.00% Test OOD1: 77.73% 
Epoch: 64, Loss: 0.4956, Cls: 0.2187, Ind: 0.0008, Med: 0.0552, Spu: 0.0004, FD: 0.2206, Var: 0.0000, CStr: 0.418, Ctx: 2, Train: 93.96%, Valid: 92.73%, Test In: 92.96% Test OOD1: 78.95% 
Epoch: 65, Loss: 0.4885, Cls: 0.2156, Ind: 0.0008, Med: 0.0547, Spu: 0.0003, FD: 0.2171, Var: 0.0000, CStr: 0.417, Ctx: 2, Train: 94.00%, Valid: 92.87%, Test In: 92.95% Test OOD1: 79.65% 
Epoch: 66, Loss: 0.4883, Cls: 0.2155, Ind: 0.0008, Med: 0.0546, Spu: 0.0003, FD: 0.2170, Var: 0.0000, CStr: 0.417, Ctx: 2, Train: 94.08%, Valid: 92.86%, Test In: 93.03% Test OOD1: 79.67% 
Epoch: 67, Loss: 0.4891, Cls: 0.2159, Ind: 0.0008, Med: 0.0547, Spu: 0.0003, FD: 0.2173, Var: 0.0000, CStr: 0.416, Ctx: 2, Train: 94.19%, Valid: 92.96%, Test In: 93.10% Test OOD1: 79.88% 
Epoch: 68, Loss: 0.4816, Cls: 0.2126, Ind: 0.0008, Med: 0.0538, Spu: 0.0003, FD: 0.2141, Var: 0.0000, CStr: 0.415, Ctx: 2, Train: 94.12%, Valid: 92.91%, Test In: 93.08% Test OOD1: 80.47% 
Epoch: 69, Loss: 0.4816, Cls: 0.2125, Ind: 0.0008, Med: 0.0537, Spu: 0.0003, FD: 0.2142, Var: 0.0000, CStr: 0.415, Ctx: 2, Train: 94.26%, Valid: 92.99%, Test In: 93.07% Test OOD1: 80.82% 
Epoch: 70, Loss: 0.4758, Cls: 0.2100, Ind: 0.0008, Med: 0.0531, Spu: 0.0003, FD: 0.2116, Var: 0.0000, CStr: 0.414, Ctx: 2, Train: 94.33%, Valid: 93.03%, Test In: 93.18% Test OOD1: 80.54% 
Epoch: 71, Loss: 0.4692, Cls: 0.2071, Ind: 0.0008, Med: 0.0524, Spu: 0.0003, FD: 0.2086, Var: 0.0000, CStr: 0.413, Ctx: 2, Train: 94.42%, Valid: 93.10%, Test In: 93.20% Test OOD1: 80.51% 
Epoch: 72, Loss: 0.4693, Cls: 0.2072, Ind: 0.0008, Med: 0.0527, Spu: 0.0003, FD: 0.2084, Var: 0.0000, CStr: 0.413, Ctx: 2, Train: 94.48%, Valid: 93.15%, Test In: 93.19% Test OOD1: 80.67% 
Epoch: 73, Loss: 0.4576, Cls: 0.2020, Ind: 0.0008, Med: 0.0513, Spu: 0.0003, FD: 0.2033, Var: 0.0000, CStr: 0.412, Ctx: 2, Train: 94.47%, Valid: 93.09%, Test In: 93.18% Test OOD1: 80.79% 
Epoch: 74, Loss: 0.4667, Cls: 0.2060, Ind: 0.0008, Med: 0.0521, Spu: 0.0003, FD: 0.2076, Var: 0.0000, CStr: 0.412, Ctx: 2, Train: 94.57%, Valid: 93.21%, Test In: 93.24% Test OOD1: 80.55% 
Epoch: 75, Loss: 0.4567, Cls: 0.2015, Ind: 0.0007, Med: 0.0509, Spu: 0.0003, FD: 0.2032, Var: 0.0000, CStr: 0.411, Ctx: 2, Train: 94.68%, Valid: 93.29%, Test In: 93.33% Test OOD1: 80.13% 
Epoch: 76, Loss: 0.4597, Cls: 0.2029, Ind: 0.0007, Med: 0.0513, Spu: 0.0003, FD: 0.2045, Var: 0.0000, CStr: 0.411, Ctx: 2, Train: 94.69%, Valid: 93.22%, Test In: 93.27% Test OOD1: 81.01% 
Epoch: 77, Loss: 0.4549, Cls: 0.2009, Ind: 0.0007, Med: 0.0510, Spu: 0.0002, FD: 0.2021, Var: 0.0000, CStr: 0.410, Ctx: 2, Train: 94.70%, Valid: 93.33%, Test In: 93.33% Test OOD1: 81.48% 
Epoch: 78, Loss: 0.4502, Cls: 0.1988, Ind: 0.0007, Med: 0.0505, Spu: 0.0002, FD: 0.2000, Var: 0.0000, CStr: 0.410, Ctx: 2, Train: 94.89%, Valid: 93.42%, Test In: 93.51% Test OOD1: 80.22% 
Epoch: 79, Loss: 0.4468, Cls: 0.1971, Ind: 0.0007, Med: 0.0496, Spu: 0.0002, FD: 0.1990, Var: 0.0000, CStr: 0.409, Ctx: 2, Train: 94.98%, Valid: 93.42%, Test In: 93.53% Test OOD1: 80.18% 
Epoch: 80, Loss: 0.4447, Cls: 0.1963, Ind: 0.0007, Med: 0.0497, Spu: 0.0002, FD: 0.1978, Var: 0.0000, CStr: 0.409, Ctx: 2, Train: 94.91%, Valid: 93.37%, Test In: 93.35% Test OOD1: 80.72% 
Epoch: 81, Loss: 0.4459, Cls: 0.1969, Ind: 0.0007, Med: 0.0499, Spu: 0.0002, FD: 0.1981, Var: 0.0000, CStr: 0.408, Ctx: 2, Train: 94.95%, Valid: 93.51%, Test In: 93.48% Test OOD1: 80.15% 
Epoch: 82, Loss: 0.4369, Cls: 0.1929, Ind: 0.0007, Med: 0.0487, Spu: 0.0002, FD: 0.1944, Var: 0.0000, CStr: 0.408, Ctx: 2, Train: 95.06%, Valid: 93.57%, Test In: 93.47% Test OOD1: 79.05% 
Epoch: 83, Loss: 0.4395, Cls: 0.1942, Ind: 0.0007, Med: 0.0493, Spu: 0.0002, FD: 0.1951, Var: 0.0000, CStr: 0.407, Ctx: 2, Train: 94.88%, Valid: 93.31%, Test In: 93.20% Test OOD1: 81.25% 
Epoch: 84, Loss: 0.4299, Cls: 0.1898, Ind: 0.0007, Med: 0.0482, Spu: 0.0002, FD: 0.1909, Var: 0.0000, CStr: 0.407, Ctx: 2, Train: 95.08%, Valid: 93.52%, Test In: 93.47% Test OOD1: 80.58% 
Epoch: 85, Loss: 0.4308, Cls: 0.1902, Ind: 0.0007, Med: 0.0480, Spu: 0.0002, FD: 0.1917, Var: 0.0000, CStr: 0.407, Ctx: 2, Train: 95.33%, Valid: 93.65%, Test In: 93.65% Test OOD1: 80.09% 
Epoch: 86, Loss: 0.4266, Cls: 0.1883, Ind: 0.0007, Med: 0.0477, Spu: 0.0002, FD: 0.1897, Var: 0.0000, CStr: 0.406, Ctx: 2, Train: 95.08%, Valid: 93.45%, Test In: 93.40% Test OOD1: 82.39% 
Epoch: 87, Loss: 0.4262, Cls: 0.1881, Ind: 0.0007, Med: 0.0474, Spu: 0.0002, FD: 0.1898, Var: 0.0000, CStr: 0.406, Ctx: 2, Train: 95.32%, Valid: 93.72%, Test In: 93.59% Test OOD1: 81.27% 
Epoch: 88, Loss: 0.4265, Cls: 0.1883, Ind: 0.0007, Med: 0.0475, Spu: 0.0002, FD: 0.1898, Var: 0.0000, CStr: 0.405, Ctx: 2, Train: 95.48%, Valid: 93.83%, Test In: 93.71% Test OOD1: 80.54% 
Epoch: 89, Loss: 0.4195, Cls: 0.1852, Ind: 0.0007, Med: 0.0467, Spu: 0.0002, FD: 0.1867, Var: 0.0000, CStr: 0.405, Ctx: 2, Train: 95.30%, Valid: 93.64%, Test In: 93.55% Test OOD1: 82.07% 
Epoch: 90, Loss: 0.4125, Cls: 0.1821, Ind: 0.0007, Med: 0.0461, Spu: 0.0002, FD: 0.1834, Var: 0.0000, CStr: 0.404, Ctx: 2, Train: 95.40%, Valid: 93.72%, Test In: 93.52% Test OOD1: 82.09% 
Epoch: 91, Loss: 0.4191, Cls: 0.1850, Ind: 0.0007, Med: 0.0468, Spu: 0.0002, FD: 0.1864, Var: 0.0000, CStr: 0.404, Ctx: 2, Train: 95.74%, Valid: 93.89%, Test In: 93.76% Test OOD1: 79.63% 
Epoch: 92, Loss: 0.4206, Cls: 0.1857, Ind: 0.0007, Med: 0.0470, Spu: 0.0002, FD: 0.1870, Var: 0.0000, CStr: 0.404, Ctx: 2, Train: 95.52%, Valid: 93.73%, Test In: 93.62% Test OOD1: 82.14% 
Epoch: 93, Loss: 0.4091, Cls: 0.1806, Ind: 0.0006, Med: 0.0457, Spu: 0.0002, FD: 0.1820, Var: 0.0000, CStr: 0.403, Ctx: 2, Train: 95.51%, Valid: 93.66%, Test In: 93.56% Test OOD1: 82.66% 
Epoch: 94, Loss: 0.4088, Cls: 0.1805, Ind: 0.0006, Med: 0.0459, Spu: 0.0002, FD: 0.1816, Var: 0.0000, CStr: 0.403, Ctx: 2, Train: 95.83%, Valid: 93.94%, Test In: 93.83% Test OOD1: 80.58% 
Epoch: 95, Loss: 0.3992, Cls: 0.1763, Ind: 0.0006, Med: 0.0445, Spu: 0.0002, FD: 0.1776, Var: 0.0000, CStr: 0.403, Ctx: 2, Train: 95.79%, Valid: 93.97%, Test In: 93.77% Test OOD1: 81.57% 
Epoch: 96, Loss: 0.4093, Cls: 0.1807, Ind: 0.0007, Med: 0.0456, Spu: 0.0002, FD: 0.1821, Var: 0.0000, CStr: 0.403, Ctx: 2, Train: 95.68%, Valid: 93.76%, Test In: 93.61% Test OOD1: 82.59% 
Epoch: 97, Loss: 0.4002, Cls: 0.1767, Ind: 0.0006, Med: 0.0446, Spu: 0.0002, FD: 0.1782, Var: 0.0000, CStr: 0.402, Ctx: 2, Train: 96.05%, Valid: 94.02%, Test In: 93.86% Test OOD1: 80.95% 
Epoch: 98, Loss: 0.3961, Cls: 0.1749, Ind: 0.0006, Med: 0.0440, Spu: 0.0001, FD: 0.1765, Var: 0.0000, CStr: 0.402, Ctx: 2, Train: 96.13%, Valid: 93.98%, Test In: 93.95% Test OOD1: 81.08% 
Epoch: 99, Loss: 0.3893, Cls: 0.1719, Ind: 0.0006, Med: 0.0436, Spu: 0.0001, FD: 0.1730, Var: 0.0000, CStr: 0.402, Ctx: 2, Train: 95.96%, Valid: 93.81%, Test In: 93.80% Test OOD1: 82.01% 
Epoch: 100, Loss: 0.3933, Cls: 0.1737, Ind: 0.0006, Med: 0.0439, Spu: 0.0001, FD: 0.1750, Var: 0.0000, CStr: 0.402, Ctx: 2, Train: 96.13%, Valid: 94.08%, Test In: 93.85% Test OOD1: 80.86% 
Epoch: 101, Loss: 0.3884, Cls: 0.1715, Ind: 0.0006, Med: 0.0432, Spu: 0.0001, FD: 0.1729, Var: 0.0000, CStr: 0.401, Ctx: 2, Train: 96.16%, Valid: 94.04%, Test In: 93.87% Test OOD1: 81.14% 
Epoch: 102, Loss: 0.3808, Cls: 0.1681, Ind: 0.0006, Med: 0.0423, Spu: 0.0001, FD: 0.1696, Var: 0.0000, CStr: 0.401, Ctx: 2, Train: 96.11%, Valid: 94.04%, Test In: 93.83% Test OOD1: 81.34% 
Epoch: 103, Loss: 0.3857, Cls: 0.1704, Ind: 0.0006, Med: 0.0431, Spu: 0.0001, FD: 0.1716, Var: 0.0000, CStr: 0.401, Ctx: 2, Train: 96.17%, Valid: 94.13%, Test In: 93.78% Test OOD1: 81.06% 
Epoch: 104, Loss: 0.3847, Cls: 0.1699, Ind: 0.0006, Med: 0.0430, Spu: 0.0001, FD: 0.1711, Var: 0.0000, CStr: 0.401, Ctx: 2, Train: 96.24%, Valid: 94.12%, Test In: 94.00% Test OOD1: 81.38% 
Epoch: 105, Loss: 0.3858, Cls: 0.1705, Ind: 0.0006, Med: 0.0433, Spu: 0.0001, FD: 0.1713, Var: 0.0000, CStr: 0.401, Ctx: 2, Train: 96.27%, Valid: 94.15%, Test In: 93.99% Test OOD1: 82.31% 
Epoch: 106, Loss: 0.3755, Cls: 0.1659, Ind: 0.0006, Med: 0.0420, Spu: 0.0001, FD: 0.1669, Var: 0.0000, CStr: 0.401, Ctx: 2, Train: 96.42%, Valid: 94.20%, Test In: 94.12% Test OOD1: 81.62% 
Epoch: 107, Loss: 0.3690, Cls: 0.1630, Ind: 0.0005, Med: 0.0411, Spu: 0.0001, FD: 0.1642, Var: 0.0000, CStr: 0.400, Ctx: 2, Train: 96.36%, Valid: 94.18%, Test In: 93.97% Test OOD1: 82.62% 
Epoch: 108, Loss: 0.3755, Cls: 0.1658, Ind: 0.0005, Med: 0.0417, Spu: 0.0001, FD: 0.1673, Var: 0.0000, CStr: 0.400, Ctx: 2, Train: 96.59%, Valid: 94.25%, Test In: 94.17% Test OOD1: 82.25% 
Epoch: 109, Loss: 0.3626, Cls: 0.1602, Ind: 0.0005, Med: 0.0406, Spu: 0.0001, FD: 0.1612, Var: 0.0000, CStr: 0.400, Ctx: 2, Train: 96.64%, Valid: 94.33%, Test In: 94.10% Test OOD1: 81.60% 
Epoch: 110, Loss: 0.3707, Cls: 0.1638, Ind: 0.0005, Med: 0.0413, Spu: 0.0001, FD: 0.1650, Var: 0.0000, CStr: 0.400, Ctx: 2, Train: 96.43%, Valid: 94.13%, Test In: 93.95% Test OOD1: 82.47% 
Epoch: 111, Loss: 0.3723, Cls: 0.1645, Ind: 0.0005, Med: 0.0415, Spu: 0.0001, FD: 0.1657, Var: 0.0000, CStr: 0.400, Ctx: 2, Train: 96.70%, Valid: 94.37%, Test In: 94.14% Test OOD1: 81.13% 
Epoch: 112, Loss: 0.3619, Cls: 0.1599, Ind: 0.0005, Med: 0.0404, Spu: 0.0001, FD: 0.1611, Var: 0.0000, CStr: 0.400, Ctx: 2, Train: 96.78%, Valid: 94.53%, Test In: 94.37% Test OOD1: 80.10% 
Epoch: 113, Loss: 0.3628, Cls: 0.1603, Ind: 0.0005, Med: 0.0405, Spu: 0.0001, FD: 0.1613, Var: 0.0000, CStr: 0.400, Ctx: 2, Train: 96.51%, Valid: 94.29%, Test In: 94.04% Test OOD1: 83.01% 
Epoch: 114, Loss: 0.3616, Cls: 0.1596, Ind: 0.0005, Med: 0.0400, Spu: 0.0001, FD: 0.1613, Var: 0.0000, CStr: 0.400, Ctx: 2, Train: 96.89%, Valid: 94.55%, Test In: 94.35% Test OOD1: 80.51% 
Epoch: 115, Loss: 0.3603, Cls: 0.1593, Ind: 0.0005, Med: 0.0404, Spu: 0.0001, FD: 0.1600, Var: 0.0000, CStr: 0.400, Ctx: 2, Train: 96.84%, Valid: 94.48%, Test In: 94.27% Test OOD1: 83.23% 
Epoch: 116, Loss: 0.3559, Cls: 0.1573, Ind: 0.0005, Med: 0.0398, Spu: 0.0001, FD: 0.1583, Var: 0.0000, CStr: 0.399, Ctx: 2, Train: 96.63%, Valid: 94.23%, Test In: 94.02% Test OOD1: 84.24% 
Epoch: 117, Loss: 0.3533, Cls: 0.1562, Ind: 0.0005, Med: 0.0397, Spu: 0.0001, FD: 0.1568, Var: 0.0000, CStr: 0.399, Ctx: 2, Train: 97.11%, Valid: 94.65%, Test In: 94.50% Test OOD1: 81.01% 
Epoch: 118, Loss: 0.3442, Cls: 0.1521, Ind: 0.0004, Med: 0.0383, Spu: 0.0001, FD: 0.1533, Var: 0.0000, CStr: 0.399, Ctx: 2, Train: 97.11%, Valid: 94.70%, Test In: 94.41% Test OOD1: 82.05% 
Epoch: 119, Loss: 0.3449, Cls: 0.1524, Ind: 0.0005, Med: 0.0385, Spu: 0.0001, FD: 0.1534, Var: 0.0000, CStr: 0.399, Ctx: 2, Train: 96.74%, Valid: 94.41%, Test In: 94.05% Test OOD1: 83.79% 
Epoch: 120, Loss: 0.3421, Cls: 0.1512, Ind: 0.0005, Med: 0.0383, Spu: 0.0001, FD: 0.1521, Var: 0.0000, CStr: 0.399, Ctx: 2, Train: 97.16%, Valid: 94.74%, Test In: 94.66% Test OOD1: 80.27% 
Epoch: 121, Loss: 0.3481, Cls: 0.1539, Ind: 0.0004, Med: 0.0390, Spu: 0.0001, FD: 0.1547, Var: 0.0000, CStr: 0.399, Ctx: 2, Train: 97.06%, Valid: 94.68%, Test In: 94.38% Test OOD1: 82.37% 
Epoch: 122, Loss: 0.3318, Cls: 0.1466, Ind: 0.0004, Med: 0.0369, Spu: 0.0001, FD: 0.1477, Var: 0.0000, CStr: 0.399, Ctx: 2, Train: 96.83%, Valid: 94.43%, Test In: 94.08% Test OOD1: 84.28% 
Epoch: 123, Loss: 0.3439, Cls: 0.1520, Ind: 0.0004, Med: 0.0384, Spu: 0.0001, FD: 0.1530, Var: 0.0000, CStr: 0.399, Ctx: 2, Train: 97.35%, Valid: 94.88%, Test In: 94.72% Test OOD1: 81.31% 
Epoch: 124, Loss: 0.3323, Cls: 0.1469, Ind: 0.0004, Med: 0.0372, Spu: 0.0001, FD: 0.1477, Var: 0.0000, CStr: 0.399, Ctx: 2, Train: 97.39%, Valid: 94.88%, Test In: 94.69% Test OOD1: 82.51% 
Epoch: 125, Loss: 0.3297, Cls: 0.1457, Ind: 0.0004, Med: 0.0370, Spu: 0.0001, FD: 0.1465, Var: 0.0000, CStr: 0.399, Ctx: 2, Train: 97.14%, Valid: 94.64%, Test In: 94.26% Test OOD1: 83.86% 
Epoch: 126, Loss: 0.3312, Cls: 0.1464, Ind: 0.0004, Med: 0.0370, Spu: 0.0001, FD: 0.1474, Var: 0.0000, CStr: 0.399, Ctx: 2, Train: 97.44%, Valid: 95.00%, Test In: 94.73% Test OOD1: 82.24% 
Epoch: 127, Loss: 0.3228, Cls: 0.1426, Ind: 0.0004, Med: 0.0359, Spu: 0.0001, FD: 0.1438, Var: 0.0000, CStr: 0.399, Ctx: 2, Train: 97.48%, Valid: 95.00%, Test In: 94.66% Test OOD1: 82.58% 
Epoch: 128, Loss: 0.3198, Cls: 0.1413, Ind: 0.0004, Med: 0.0357, Spu: 0.0001, FD: 0.1423, Var: 0.0000, CStr: 0.399, Ctx: 2, Train: 97.21%, Valid: 94.66%, Test In: 94.30% Test OOD1: 84.67% 
Epoch: 129, Loss: 0.3270, Cls: 0.1445, Ind: 0.0004, Med: 0.0365, Spu: 0.0001, FD: 0.1456, Var: 0.0000, CStr: 0.399, Ctx: 2, Train: 97.69%, Valid: 95.09%, Test In: 94.89% Test OOD1: 80.96% 
Epoch: 130, Loss: 0.3288, Cls: 0.1454, Ind: 0.0004, Med: 0.0368, Spu: 0.0001, FD: 0.1462, Var: 0.0000, CStr: 0.399, Ctx: 2, Train: 97.48%, Valid: 94.98%, Test In: 94.72% Test OOD1: 83.77% 
Epoch: 131, Loss: 0.3106, Cls: 0.1373, Ind: 0.0004, Med: 0.0347, Spu: 0.0001, FD: 0.1382, Var: 0.0000, CStr: 0.399, Ctx: 2, Train: 97.47%, Valid: 94.96%, Test In: 94.67% Test OOD1: 83.81% 
Epoch: 132, Loss: 0.3161, Cls: 0.1397, Ind: 0.0004, Med: 0.0351, Spu: 0.0001, FD: 0.1408, Var: 0.0000, CStr: 0.399, Ctx: 2, Train: 97.79%, Valid: 95.21%, Test In: 94.94% Test OOD1: 81.77% 
Epoch: 133, Loss: 0.3183, Cls: 0.1407, Ind: 0.0004, Med: 0.0355, Spu: 0.0001, FD: 0.1416, Var: 0.0000, CStr: 0.399, Ctx: 2, Train: 97.52%, Valid: 95.06%, Test In: 94.62% Test OOD1: 84.33% 
Epoch: 134, Loss: 0.3173, Cls: 0.1402, Ind: 0.0004, Med: 0.0353, Spu: 0.0001, FD: 0.1414, Var: 0.0000, CStr: 0.399, Ctx: 2, Train: 97.62%, Valid: 95.02%, Test In: 94.69% Test OOD1: 84.62% 
Epoch: 135, Loss: 0.3052, Cls: 0.1349, Ind: 0.0003, Med: 0.0342, Spu: 0.0001, FD: 0.1357, Var: 0.0000, CStr: 0.398, Ctx: 2, Train: 97.87%, Valid: 95.23%, Test In: 94.96% Test OOD1: 81.28% 
Epoch: 136, Loss: 0.3149, Cls: 0.1392, Ind: 0.0004, Med: 0.0351, Spu: 0.0001, FD: 0.1402, Var: 0.0000, CStr: 0.398, Ctx: 2, Train: 97.59%, Valid: 94.88%, Test In: 94.58% Test OOD1: 84.88% 
Epoch: 137, Loss: 0.3152, Cls: 0.1393, Ind: 0.0003, Med: 0.0351, Spu: 0.0001, FD: 0.1404, Var: 0.0000, CStr: 0.398, Ctx: 2, Train: 97.45%, Valid: 94.81%, Test In: 94.58% Test OOD1: 84.19% 
Epoch: 138, Loss: 0.3233, Cls: 0.1428, Ind: 0.0003, Med: 0.0358, Spu: 0.0001, FD: 0.1443, Var: 0.0000, CStr: 0.398, Ctx: 2, Train: 97.68%, Valid: 95.04%, Test In: 94.80% Test OOD1: 81.65% 
Epoch: 139, Loss: 0.3190, Cls: 0.1410, Ind: 0.0003, Med: 0.0355, Spu: 0.0001, FD: 0.1421, Var: 0.0000, CStr: 0.398, Ctx: 2, Train: 97.91%, Valid: 95.27%, Test In: 94.89% Test OOD1: 83.32% 
Epoch: 140, Loss: 0.3015, Cls: 0.1332, Ind: 0.0003, Med: 0.0336, Spu: 0.0001, FD: 0.1342, Var: 0.0000, CStr: 0.398, Ctx: 2, Train: 97.77%, Valid: 95.07%, Test In: 94.75% Test OOD1: 85.49% 
Epoch: 141, Loss: 0.2968, Cls: 0.1311, Ind: 0.0003, Med: 0.0330, Spu: 0.0001, FD: 0.1322, Var: 0.0000, CStr: 0.398, Ctx: 2, Train: 98.06%, Valid: 95.37%, Test In: 95.12% Test OOD1: 82.84% 
Epoch: 142, Loss: 0.3002, Cls: 0.1327, Ind: 0.0004, Med: 0.0333, Spu: 0.0001, FD: 0.1338, Var: 0.0000, CStr: 0.398, Ctx: 2, Train: 98.21%, Valid: 95.50%, Test In: 95.09% Test OOD1: 83.39% 
Epoch: 143, Loss: 0.2834, Cls: 0.1253, Ind: 0.0003, Med: 0.0316, Spu: 0.0001, FD: 0.1262, Var: 0.0000, CStr: 0.398, Ctx: 2, Train: 97.74%, Valid: 95.06%, Test In: 94.73% Test OOD1: 86.19% 
Epoch: 144, Loss: 0.2986, Cls: 0.1320, Ind: 0.0003, Med: 0.0336, Spu: 0.0001, FD: 0.1326, Var: 0.0000, CStr: 0.398, Ctx: 2, Train: 98.24%, Valid: 95.48%, Test In: 95.12% Test OOD1: 83.40% 
Epoch: 145, Loss: 0.2884, Cls: 0.1275, Ind: 0.0003, Med: 0.0322, Spu: 0.0000, FD: 0.1283, Var: 0.0000, CStr: 0.398, Ctx: 2, Train: 98.29%, Valid: 95.50%, Test In: 95.31% Test OOD1: 82.42% 
Epoch: 146, Loss: 0.2800, Cls: 0.1238, Ind: 0.0003, Med: 0.0313, Spu: 0.0000, FD: 0.1246, Var: 0.0000, CStr: 0.398, Ctx: 2, Train: 98.01%, Valid: 95.20%, Test In: 94.89% Test OOD1: 85.12% 
Epoch: 147, Loss: 0.2965, Cls: 0.1310, Ind: 0.0003, Med: 0.0330, Spu: 0.0000, FD: 0.1321, Var: 0.0000, CStr: 0.398, Ctx: 2, Train: 98.26%, Valid: 95.35%, Test In: 95.27% Test OOD1: 83.38% 
Epoch: 148, Loss: 0.2814, Cls: 0.1244, Ind: 0.0003, Med: 0.0314, Spu: 0.0000, FD: 0.1253, Var: 0.0000, CStr: 0.398, Ctx: 2, Train: 98.40%, Valid: 95.60%, Test In: 95.33% Test OOD1: 82.32% 
Epoch: 149, Loss: 0.2819, Cls: 0.1245, Ind: 0.0003, Med: 0.0314, Spu: 0.0000, FD: 0.1256, Var: 0.0000, CStr: 0.398, Ctx: 2, Train: 98.23%, Valid: 95.35%, Test In: 95.23% Test OOD1: 85.08% 
Epoch: 150, Loss: 0.2827, Cls: 0.1249, Ind: 0.0003, Med: 0.0316, Spu: 0.0000, FD: 0.1258, Var: 0.0000, CStr: 0.398, Ctx: 2, Train: 98.24%, Valid: 95.41%, Test In: 95.20% Test OOD1: 85.88% 
Epoch: 151, Loss: 0.2778, Cls: 0.1228, Ind: 0.0003, Med: 0.0313, Spu: 0.0000, FD: 0.1233, Var: 0.0000, CStr: 0.398, Ctx: 2, Train: 98.53%, Valid: 95.79%, Test In: 95.54% Test OOD1: 82.71% 
Epoch: 152, Loss: 0.2868, Cls: 0.1268, Ind: 0.0003, Med: 0.0319, Spu: 0.0000, FD: 0.1278, Var: 0.0000, CStr: 0.398, Ctx: 2, Train: 98.38%, Valid: 95.52%, Test In: 95.26% Test OOD1: 85.78% 
Epoch: 153, Loss: 0.2765, Cls: 0.1222, Ind: 0.0002, Med: 0.0308, Spu: 0.0000, FD: 0.1232, Var: 0.0000, CStr: 0.398, Ctx: 2, Train: 98.33%, Valid: 95.39%, Test In: 95.16% Test OOD1: 85.85% 
Epoch: 154, Loss: 0.2739, Cls: 0.1211, Ind: 0.0003, Med: 0.0306, Spu: 0.0000, FD: 0.1219, Var: 0.0000, CStr: 0.398, Ctx: 2, Train: 98.56%, Valid: 95.79%, Test In: 95.54% Test OOD1: 83.62% 
Epoch: 155, Loss: 0.2750, Cls: 0.1216, Ind: 0.0002, Med: 0.0307, Spu: 0.0000, FD: 0.1225, Var: 0.0000, CStr: 0.398, Ctx: 2, Train: 98.48%, Valid: 95.85%, Test In: 95.42% Test OOD1: 84.10% 
Epoch: 156, Loss: 0.2698, Cls: 0.1193, Ind: 0.0003, Med: 0.0302, Spu: 0.0000, FD: 0.1200, Var: 0.0000, CStr: 0.398, Ctx: 2, Train: 98.52%, Valid: 95.79%, Test In: 95.37% Test OOD1: 85.06% 
Epoch: 157, Loss: 0.2708, Cls: 0.1197, Ind: 0.0003, Med: 0.0304, Spu: 0.0000, FD: 0.1203, Var: 0.0000, CStr: 0.398, Ctx: 2, Train: 98.59%, Valid: 96.04%, Test In: 95.49% Test OOD1: 84.56% 
Epoch: 158, Loss: 0.2635, Cls: 0.1165, Ind: 0.0002, Med: 0.0296, Spu: 0.0000, FD: 0.1171, Var: 0.0000, CStr: 0.398, Ctx: 2, Train: 98.64%, Valid: 96.10%, Test In: 95.69% Test OOD1: 83.96% 
Epoch: 159, Loss: 0.2711, Cls: 0.1198, Ind: 0.0002, Med: 0.0302, Spu: 0.0000, FD: 0.1208, Var: 0.0000, CStr: 0.398, Ctx: 2, Train: 98.53%, Valid: 95.79%, Test In: 95.35% Test OOD1: 85.67% 
Epoch: 160, Loss: 0.2572, Cls: 0.1136, Ind: 0.0002, Med: 0.0286, Spu: 0.0000, FD: 0.1147, Var: 0.0000, CStr: 0.398, Ctx: 2, Train: 98.70%, Valid: 96.06%, Test In: 95.59% Test OOD1: 85.02% 
Epoch: 161, Loss: 0.2531, Cls: 0.1119, Ind: 0.0002, Med: 0.0284, Spu: 0.0000, FD: 0.1125, Var: 0.0000, CStr: 0.398, Ctx: 2, Train: 98.79%, Valid: 96.10%, Test In: 95.69% Test OOD1: 84.49% 
Epoch: 162, Loss: 0.2518, Cls: 0.1113, Ind: 0.0002, Med: 0.0282, Spu: 0.0000, FD: 0.1120, Var: 0.0000, CStr: 0.398, Ctx: 2, Train: 98.80%, Valid: 95.97%, Test In: 95.48% Test OOD1: 85.71% 
Epoch: 163, Loss: 0.2604, Cls: 0.1151, Ind: 0.0003, Med: 0.0291, Spu: 0.0000, FD: 0.1159, Var: 0.0000, CStr: 0.398, Ctx: 2, Train: 98.92%, Valid: 96.09%, Test In: 95.61% Test OOD1: 85.20% 
Epoch: 164, Loss: 0.2611, Cls: 0.1154, Ind: 0.0003, Med: 0.0292, Spu: 0.0000, FD: 0.1162, Var: 0.0000, CStr: 0.398, Ctx: 2, Train: 98.94%, Valid: 96.10%, Test In: 95.62% Test OOD1: 85.55% 
Epoch: 165, Loss: 0.2616, Cls: 0.1156, Ind: 0.0003, Med: 0.0292, Spu: 0.0000, FD: 0.1164, Var: 0.0000, CStr: 0.398, Ctx: 2, Train: 98.92%, Valid: 96.05%, Test In: 95.70% Test OOD1: 85.60% 
Epoch: 166, Loss: 0.2557, Cls: 0.1130, Ind: 0.0003, Med: 0.0285, Spu: 0.0000, FD: 0.1140, Var: 0.0000, CStr: 0.398, Ctx: 2, Train: 98.85%, Valid: 96.00%, Test In: 95.60% Test OOD1: 85.86% 
Epoch: 167, Loss: 0.2540, Cls: 0.1123, Ind: 0.0002, Med: 0.0284, Spu: 0.0000, FD: 0.1130, Var: 0.0000, CStr: 0.398, Ctx: 2, Train: 98.82%, Valid: 95.98%, Test In: 95.49% Test OOD1: 86.13% 
Epoch: 168, Loss: 0.2536, Cls: 0.1121, Ind: 0.0002, Med: 0.0284, Spu: 0.0000, FD: 0.1128, Var: 0.0000, CStr: 0.398, Ctx: 2, Train: 99.00%, Valid: 96.17%, Test In: 95.80% Test OOD1: 84.94% 
Epoch: 169, Loss: 0.2522, Cls: 0.1115, Ind: 0.0002, Med: 0.0282, Spu: 0.0000, FD: 0.1121, Var: 0.0000, CStr: 0.398, Ctx: 2, Train: 99.06%, Valid: 96.23%, Test In: 95.79% Test OOD1: 85.68% 
Epoch: 170, Loss: 0.2461, Cls: 0.1089, Ind: 0.0002, Med: 0.0277, Spu: 0.0000, FD: 0.1093, Var: 0.0000, CStr: 0.398, Ctx: 2, Train: 98.86%, Valid: 95.86%, Test In: 95.48% Test OOD1: 87.42% 
Epoch: 171, Loss: 0.2484, Cls: 0.1097, Ind: 0.0002, Med: 0.0275, Spu: 0.0000, FD: 0.1109, Var: 0.0000, CStr: 0.398, Ctx: 2, Train: 99.00%, Valid: 96.17%, Test In: 95.73% Test OOD1: 83.29% 
Epoch: 172, Loss: 0.2676, Cls: 0.1184, Ind: 0.0002, Med: 0.0300, Spu: 0.0000, FD: 0.1190, Var: 0.0000, CStr: 0.398, Ctx: 2, Train: 98.73%, Valid: 95.79%, Test In: 95.38% Test OOD1: 87.03% 
Epoch: 173, Loss: 0.2577, Cls: 0.1139, Ind: 0.0002, Med: 0.0287, Spu: 0.0000, FD: 0.1149, Var: 0.0000, CStr: 0.398, Ctx: 2, Train: 98.86%, Valid: 95.85%, Test In: 95.44% Test OOD1: 85.25% 
Epoch: 174, Loss: 0.2619, Cls: 0.1159, Ind: 0.0002, Med: 0.0293, Spu: 0.0000, FD: 0.1165, Var: 0.0000, CStr: 0.398, Ctx: 2, Train: 98.90%, Valid: 96.06%, Test In: 95.79% Test OOD1: 84.07% 
Epoch: 175, Loss: 0.2560, Cls: 0.1132, Ind: 0.0002, Med: 0.0286, Spu: 0.0000, FD: 0.1140, Var: 0.0000, CStr: 0.398, Ctx: 2, Train: 99.01%, Valid: 95.96%, Test In: 95.60% Test OOD1: 86.59% 
Epoch: 176, Loss: 0.2371, Cls: 0.1048, Ind: 0.0002, Med: 0.0264, Spu: 0.0000, FD: 0.1056, Var: 0.0000, CStr: 0.398, Ctx: 2, Train: 98.78%, Valid: 95.87%, Test In: 95.50% Test OOD1: 85.92% 
Epoch: 177, Loss: 0.2510, Cls: 0.1110, Ind: 0.0002, Med: 0.0282, Spu: 0.0000, FD: 0.1115, Var: 0.0000, CStr: 0.398, Ctx: 2, Train: 98.89%, Valid: 96.05%, Test In: 95.71% Test OOD1: 84.67% 
Epoch: 178, Loss: 0.2558, Cls: 0.1131, Ind: 0.0002, Med: 0.0284, Spu: 0.0000, FD: 0.1141, Var: 0.0000, CStr: 0.398, Ctx: 2, Train: 99.16%, Valid: 96.27%, Test In: 96.06% Test OOD1: 86.01% 
Epoch: 179, Loss: 0.2380, Cls: 0.1053, Ind: 0.0002, Med: 0.0266, Spu: 0.0000, FD: 0.1059, Var: 0.0000, CStr: 0.398, Ctx: 2, Train: 98.87%, Valid: 95.90%, Test In: 95.55% Test OOD1: 87.23% 
Epoch: 180, Loss: 0.2524, Cls: 0.1116, Ind: 0.0002, Med: 0.0281, Spu: 0.0000, FD: 0.1125, Var: 0.0000, CStr: 0.398, Ctx: 2, Train: 99.08%, Valid: 96.33%, Test In: 96.04% Test OOD1: 84.39% 
Epoch: 181, Loss: 0.2423, Cls: 0.1071, Ind: 0.0002, Med: 0.0271, Spu: 0.0000, FD: 0.1078, Var: 0.0000, CStr: 0.398, Ctx: 2, Train: 99.18%, Valid: 96.39%, Test In: 96.10% Test OOD1: 83.69% 
Epoch: 182, Loss: 0.2358, Cls: 0.1042, Ind: 0.0002, Med: 0.0263, Spu: 0.0000, FD: 0.1051, Var: 0.0000, CStr: 0.398, Ctx: 2, Train: 98.88%, Valid: 95.83%, Test In: 95.42% Test OOD1: 86.67% 
Epoch: 183, Loss: 0.2440, Cls: 0.1078, Ind: 0.0002, Med: 0.0271, Spu: 0.0000, FD: 0.1089, Var: 0.0000, CStr: 0.398, Ctx: 2, Train: 99.20%, Valid: 96.24%, Test In: 96.03% Test OOD1: 84.96% 
Epoch: 184, Loss: 0.2310, Cls: 0.1021, Ind: 0.0002, Med: 0.0256, Spu: 0.0000, FD: 0.1031, Var: 0.0000, CStr: 0.398, Ctx: 2, Train: 99.08%, Valid: 96.16%, Test In: 95.90% Test OOD1: 83.40% 
Epoch: 185, Loss: 0.2401, Cls: 0.1061, Ind: 0.0002, Med: 0.0267, Spu: 0.0000, FD: 0.1071, Var: 0.0000, CStr: 0.398, Ctx: 2, Train: 99.19%, Valid: 96.33%, Test In: 95.84% Test OOD1: 85.56% 
Epoch: 186, Loss: 0.2260, Cls: 0.0999, Ind: 0.0002, Med: 0.0254, Spu: 0.0000, FD: 0.1005, Var: 0.0000, CStr: 0.398, Ctx: 2, Train: 99.12%, Valid: 95.96%, Test In: 95.63% Test OOD1: 86.59% 
Epoch: 187, Loss: 0.2389, Cls: 0.1056, Ind: 0.0002, Med: 0.0268, Spu: 0.0000, FD: 0.1062, Var: 0.0000, CStr: 0.398, Ctx: 2, Train: 99.19%, Valid: 96.37%, Test In: 96.02% Test OOD1: 84.49% 
Epoch: 188, Loss: 0.2292, Cls: 0.1013, Ind: 0.0002, Med: 0.0255, Spu: 0.0000, FD: 0.1022, Var: 0.0000, CStr: 0.398, Ctx: 2, Train: 99.23%, Valid: 96.40%, Test In: 96.04% Test OOD1: 85.17% 
Epoch: 189, Loss: 0.2279, Cls: 0.1007, Ind: 0.0002, Med: 0.0255, Spu: 0.0000, FD: 0.1015, Var: 0.0000, CStr: 0.398, Ctx: 2, Train: 99.21%, Valid: 96.29%, Test In: 95.96% Test OOD1: 85.19% 
Epoch: 190, Loss: 0.2304, Cls: 0.1018, Ind: 0.0002, Med: 0.0256, Spu: 0.0000, FD: 0.1028, Var: 0.0000, CStr: 0.399, Ctx: 2, Train: 99.27%, Valid: 96.50%, Test In: 96.08% Test OOD1: 85.46% 
Epoch: 191, Loss: 0.2275, Cls: 0.1006, Ind: 0.0002, Med: 0.0254, Spu: 0.0000, FD: 0.1013, Var: 0.0000, CStr: 0.399, Ctx: 2, Train: 99.29%, Valid: 96.44%, Test In: 96.11% Test OOD1: 83.98% 
Epoch: 192, Loss: 0.2323, Cls: 0.1027, Ind: 0.0002, Med: 0.0258, Spu: 0.0000, FD: 0.1036, Var: 0.0000, CStr: 0.399, Ctx: 2, Train: 99.28%, Valid: 96.38%, Test In: 95.97% Test OOD1: 85.69% 
Epoch: 193, Loss: 0.2196, Cls: 0.0971, Ind: 0.0002, Med: 0.0248, Spu: 0.0000, FD: 0.0974, Var: 0.0000, CStr: 0.399, Ctx: 2, Train: 99.23%, Valid: 96.31%, Test In: 96.01% Test OOD1: 85.15% 
Epoch: 194, Loss: 0.2200, Cls: 0.0973, Ind: 0.0002, Med: 0.0246, Spu: 0.0000, FD: 0.0979, Var: 0.0000, CStr: 0.399, Ctx: 2, Train: 99.33%, Valid: 96.42%, Test In: 96.04% Test OOD1: 85.17% 
Epoch: 195, Loss: 0.2122, Cls: 0.0938, Ind: 0.0002, Med: 0.0237, Spu: 0.0000, FD: 0.0945, Var: 0.0000, CStr: 0.399, Ctx: 2, Train: 99.31%, Valid: 96.44%, Test In: 96.12% Test OOD1: 85.07% 
Epoch: 196, Loss: 0.2214, Cls: 0.0979, Ind: 0.0002, Med: 0.0248, Spu: 0.0000, FD: 0.0985, Var: 0.0000, CStr: 0.399, Ctx: 2, Train: 99.40%, Valid: 96.40%, Test In: 96.16% Test OOD1: 84.71% 
Epoch: 197, Loss: 0.2149, Cls: 0.0951, Ind: 0.0002, Med: 0.0241, Spu: 0.0000, FD: 0.0956, Var: 0.0000, CStr: 0.399, Ctx: 2, Train: 99.11%, Valid: 96.01%, Test In: 95.80% Test OOD1: 87.71% 
Epoch: 198, Loss: 0.2170, Cls: 0.0960, Ind: 0.0002, Med: 0.0244, Spu: 0.0000, FD: 0.0964, Var: 0.0000, CStr: 0.399, Ctx: 2, Train: 99.44%, Valid: 96.69%, Test In: 96.38% Test OOD1: 83.60% 
Epoch: 199, Loss: 0.2218, Cls: 0.0980, Ind: 0.0002, Med: 0.0246, Spu: 0.0000, FD: 0.0989, Var: 0.0000, CStr: 0.400, Ctx: 2, Train: 99.43%, Valid: 96.46%, Test In: 96.20% Test OOD1: 86.50% 
Epoch: 200, Loss: 0.2125, Cls: 0.0939, Ind: 0.0002, Med: 0.0236, Spu: 0.0000, FD: 0.0948, Var: 0.0000, CStr: 0.400, Ctx: 2, Train: 99.20%, Valid: 96.02%, Test In: 95.81% Test OOD1: 88.35% 
Epoch: 201, Loss: 0.2241, Cls: 0.0991, Ind: 0.0002, Med: 0.0250, Spu: 0.0000, FD: 0.0998, Var: 0.0000, CStr: 0.400, Ctx: 2, Train: 99.50%, Valid: 96.78%, Test In: 96.46% Test OOD1: 84.50% 
Epoch: 202, Loss: 0.2209, Cls: 0.0977, Ind: 0.0002, Med: 0.0246, Spu: 0.0000, FD: 0.0984, Var: 0.0000, CStr: 0.400, Ctx: 2, Train: 99.43%, Valid: 96.54%, Test In: 96.33% Test OOD1: 86.51% 
Epoch: 203, Loss: 0.2159, Cls: 0.0954, Ind: 0.0002, Med: 0.0239, Spu: 0.0000, FD: 0.0964, Var: 0.0000, CStr: 0.400, Ctx: 2, Train: 99.34%, Valid: 96.25%, Test In: 96.09% Test OOD1: 88.20% 
Epoch: 204, Loss: 0.2197, Cls: 0.0971, Ind: 0.0002, Med: 0.0243, Spu: 0.0000, FD: 0.0981, Var: 0.0000, CStr: 0.399, Ctx: 2, Train: 99.53%, Valid: 96.64%, Test In: 96.37% Test OOD1: 86.32% 
Epoch: 205, Loss: 0.2122, Cls: 0.0938, Ind: 0.0002, Med: 0.0237, Spu: 0.0000, FD: 0.0945, Var: 0.0000, CStr: 0.399, Ctx: 2, Train: 99.39%, Valid: 96.56%, Test In: 96.29% Test OOD1: 86.28% 
Epoch: 206, Loss: 0.2131, Cls: 0.0942, Ind: 0.0002, Med: 0.0238, Spu: 0.0000, FD: 0.0949, Var: 0.0000, CStr: 0.399, Ctx: 2, Train: 99.52%, Valid: 96.81%, Test In: 96.49% Test OOD1: 86.71% 
Epoch: 207, Loss: 0.2062, Cls: 0.0912, Ind: 0.0002, Med: 0.0231, Spu: 0.0000, FD: 0.0917, Var: 0.0000, CStr: 0.399, Ctx: 2, Train: 99.36%, Valid: 96.33%, Test In: 96.12% Test OOD1: 88.31% 
Epoch: 208, Loss: 0.2101, Cls: 0.0928, Ind: 0.0002, Med: 0.0231, Spu: 0.0000, FD: 0.0940, Var: 0.0000, CStr: 0.399, Ctx: 2, Train: 99.58%, Valid: 96.77%, Test In: 96.52% Test OOD1: 85.67% 
Epoch: 209, Loss: 0.2069, Cls: 0.0915, Ind: 0.0002, Med: 0.0231, Spu: 0.0000, FD: 0.0921, Var: 0.0000, CStr: 0.399, Ctx: 2, Train: 99.60%, Valid: 96.86%, Test In: 96.55% Test OOD1: 85.86% 
Epoch: 210, Loss: 0.2045, Cls: 0.0904, Ind: 0.0002, Med: 0.0229, Spu: 0.0000, FD: 0.0910, Var: 0.0000, CStr: 0.399, Ctx: 2, Train: 99.41%, Valid: 96.46%, Test In: 96.23% Test OOD1: 88.09% 
Epoch: 211, Loss: 0.2122, Cls: 0.0938, Ind: 0.0002, Med: 0.0235, Spu: 0.0000, FD: 0.0947, Var: 0.0000, CStr: 0.399, Ctx: 2, Train: 99.54%, Valid: 96.73%, Test In: 96.47% Test OOD1: 86.36% 
Epoch: 212, Loss: 0.2054, Cls: 0.0908, Ind: 0.0002, Med: 0.0229, Spu: 0.0000, FD: 0.0915, Var: 0.0000, CStr: 0.399, Ctx: 2, Train: 99.55%, Valid: 96.87%, Test In: 96.54% Test OOD1: 85.16% 
Epoch: 213, Loss: 0.2051, Cls: 0.0907, Ind: 0.0002, Med: 0.0229, Spu: 0.0000, FD: 0.0913, Var: 0.0000, CStr: 0.399, Ctx: 2, Train: 99.46%, Valid: 96.50%, Test In: 96.27% Test OOD1: 88.16% 
Epoch: 214, Loss: 0.2050, Cls: 0.0906, Ind: 0.0002, Med: 0.0229, Spu: 0.0000, FD: 0.0913, Var: 0.0000, CStr: 0.399, Ctx: 2, Train: 99.56%, Valid: 96.73%, Test In: 96.53% Test OOD1: 86.50% 
Epoch: 215, Loss: 0.2045, Cls: 0.0904, Ind: 0.0002, Med: 0.0228, Spu: 0.0000, FD: 0.0910, Var: 0.0000, CStr: 0.399, Ctx: 2, Train: 99.59%, Valid: 96.90%, Test In: 96.63% Test OOD1: 85.96% 
Epoch: 216, Loss: 0.1977, Cls: 0.0874, Ind: 0.0002, Med: 0.0220, Spu: 0.0000, FD: 0.0881, Var: 0.0000, CStr: 0.399, Ctx: 2, Train: 99.59%, Valid: 96.84%, Test In: 96.63% Test OOD1: 86.46% 
Epoch: 217, Loss: 0.1963, Cls: 0.0868, Ind: 0.0002, Med: 0.0220, Spu: 0.0000, FD: 0.0873, Var: 0.0000, CStr: 0.399, Ctx: 2, Train: 99.47%, Valid: 96.63%, Test In: 96.50% Test OOD1: 87.89% 
Epoch: 218, Loss: 0.2012, Cls: 0.0890, Ind: 0.0002, Med: 0.0224, Spu: 0.0000, FD: 0.0897, Var: 0.0000, CStr: 0.399, Ctx: 2, Train: 99.59%, Valid: 96.92%, Test In: 96.79% Test OOD1: 87.05% 
Epoch: 219, Loss: 0.1891, Cls: 0.0836, Ind: 0.0002, Med: 0.0209, Spu: 0.0000, FD: 0.0845, Var: 0.0000, CStr: 0.399, Ctx: 2, Train: 99.67%, Valid: 96.96%, Test In: 96.89% Test OOD1: 86.61% 
Epoch: 220, Loss: 0.1865, Cls: 0.0825, Ind: 0.0002, Med: 0.0208, Spu: 0.0000, FD: 0.0831, Var: 0.0000, CStr: 0.399, Ctx: 2, Train: 99.56%, Valid: 96.63%, Test In: 96.51% Test OOD1: 88.39% 
Epoch: 221, Loss: 0.1957, Cls: 0.0865, Ind: 0.0002, Med: 0.0219, Spu: 0.0000, FD: 0.0871, Var: 0.0000, CStr: 0.399, Ctx: 2, Train: 99.67%, Valid: 96.95%, Test In: 96.77% Test OOD1: 86.70% 
Epoch: 222, Loss: 0.1954, Cls: 0.0864, Ind: 0.0002, Med: 0.0219, Spu: 0.0000, FD: 0.0869, Var: 0.0000, CStr: 0.399, Ctx: 2, Train: 99.63%, Valid: 96.79%, Test In: 96.63% Test OOD1: 88.08% 
Epoch: 223, Loss: 0.1998, Cls: 0.0884, Ind: 0.0002, Med: 0.0223, Spu: 0.0000, FD: 0.0890, Var: 0.0000, CStr: 0.399, Ctx: 2, Train: 99.63%, Valid: 96.88%, Test In: 96.71% Test OOD1: 87.89% 
Epoch: 224, Loss: 0.1932, Cls: 0.0855, Ind: 0.0002, Med: 0.0217, Spu: 0.0000, FD: 0.0859, Var: 0.0000, CStr: 0.399, Ctx: 2, Train: 99.68%, Valid: 97.08%, Test In: 96.86% Test OOD1: 86.92% 
Epoch: 225, Loss: 0.1877, Cls: 0.0829, Ind: 0.0002, Med: 0.0208, Spu: 0.0000, FD: 0.0838, Var: 0.0000, CStr: 0.399, Ctx: 2, Train: 99.70%, Valid: 96.94%, Test In: 96.77% Test OOD1: 87.37% 
Epoch: 226, Loss: 0.1924, Cls: 0.0849, Ind: 0.0002, Med: 0.0213, Spu: 0.0000, FD: 0.0859, Var: 0.0000, CStr: 0.399, Ctx: 2, Train: 99.69%, Valid: 97.09%, Test In: 96.88% Test OOD1: 86.86% 
Epoch: 227, Loss: 0.1941, Cls: 0.0858, Ind: 0.0002, Med: 0.0216, Spu: 0.0000, FD: 0.0865, Var: 0.0000, CStr: 0.399, Ctx: 2, Train: 99.66%, Valid: 96.99%, Test In: 96.79% Test OOD1: 87.62% 
Epoch: 228, Loss: 0.1931, Cls: 0.0853, Ind: 0.0002, Med: 0.0215, Spu: 0.0000, FD: 0.0861, Var: 0.0000, CStr: 0.399, Ctx: 2, Train: 99.68%, Valid: 96.95%, Test In: 96.83% Test OOD1: 87.09% 
Epoch: 229, Loss: 0.1885, Cls: 0.0833, Ind: 0.0002, Med: 0.0210, Spu: 0.0000, FD: 0.0840, Var: 0.0000, CStr: 0.399, Ctx: 2, Train: 99.67%, Valid: 96.88%, Test In: 96.79% Test OOD1: 87.52% 
Epoch: 230, Loss: 0.1819, Cls: 0.0804, Ind: 0.0002, Med: 0.0202, Spu: 0.0000, FD: 0.0811, Var: 0.0000, CStr: 0.399, Ctx: 2, Train: 99.55%, Valid: 96.76%, Test In: 96.53% Test OOD1: 88.88% 
Epoch: 231, Loss: 0.1872, Cls: 0.0827, Ind: 0.0002, Med: 0.0208, Spu: 0.0000, FD: 0.0834, Var: 0.0000, CStr: 0.399, Ctx: 2, Train: 99.73%, Valid: 97.06%, Test In: 96.88% Test OOD1: 86.80% 
Epoch: 232, Loss: 0.1891, Cls: 0.0836, Ind: 0.0001, Med: 0.0211, Spu: 0.0000, FD: 0.0842, Var: 0.0000, CStr: 0.399, Ctx: 2, Train: 99.72%, Valid: 96.90%, Test In: 96.71% Test OOD1: 87.79% 
Epoch: 233, Loss: 0.1827, Cls: 0.0808, Ind: 0.0002, Med: 0.0203, Spu: 0.0000, FD: 0.0814, Var: 0.0000, CStr: 0.399, Ctx: 2, Train: 99.66%, Valid: 96.69%, Test In: 96.54% Test OOD1: 88.73% 
Epoch: 234, Loss: 0.1861, Cls: 0.0823, Ind: 0.0002, Med: 0.0206, Spu: 0.0000, FD: 0.0830, Var: 0.0000, CStr: 0.398, Ctx: 2, Train: 99.74%, Valid: 97.08%, Test In: 96.82% Test OOD1: 86.62% 
Epoch: 235, Loss: 0.1897, Cls: 0.0839, Ind: 0.0002, Med: 0.0211, Spu: 0.0000, FD: 0.0845, Var: 0.0000, CStr: 0.398, Ctx: 2, Train: 99.64%, Valid: 96.72%, Test In: 96.57% Test OOD1: 89.11% 
Epoch: 236, Loss: 0.1891, Cls: 0.0836, Ind: 0.0002, Med: 0.0209, Spu: 0.0000, FD: 0.0845, Var: 0.0000, CStr: 0.398, Ctx: 2, Train: 99.76%, Valid: 96.99%, Test In: 96.74% Test OOD1: 87.32% 
Epoch: 237, Loss: 0.1767, Cls: 0.0781, Ind: 0.0002, Med: 0.0197, Spu: 0.0000, FD: 0.0787, Var: 0.0000, CStr: 0.398, Ctx: 2, Train: 99.77%, Valid: 97.09%, Test In: 96.84% Test OOD1: 87.73% 
Epoch: 238, Loss: 0.1764, Cls: 0.0781, Ind: 0.0002, Med: 0.0199, Spu: 0.0000, FD: 0.0783, Var: 0.0000, CStr: 0.398, Ctx: 2, Train: 99.70%, Valid: 96.75%, Test In: 96.64% Test OOD1: 88.58% 
Epoch: 239, Loss: 0.1912, Cls: 0.0846, Ind: 0.0002, Med: 0.0214, Spu: 0.0000, FD: 0.0850, Var: 0.0000, CStr: 0.398, Ctx: 2, Train: 99.68%, Valid: 97.05%, Test In: 96.79% Test OOD1: 86.68% 
Epoch: 240, Loss: 0.1826, Cls: 0.0807, Ind: 0.0002, Med: 0.0203, Spu: 0.0000, FD: 0.0814, Var: 0.0000, CStr: 0.398, Ctx: 2, Train: 99.67%, Valid: 96.68%, Test In: 96.63% Test OOD1: 89.20% 
Epoch: 241, Loss: 0.1802, Cls: 0.0797, Ind: 0.0002, Med: 0.0200, Spu: 0.0000, FD: 0.0804, Var: 0.0000, CStr: 0.398, Ctx: 2, Train: 99.75%, Valid: 97.01%, Test In: 96.78% Test OOD1: 88.21% 
Epoch: 242, Loss: 0.1750, Cls: 0.0774, Ind: 0.0001, Med: 0.0195, Spu: 0.0000, FD: 0.0780, Var: 0.0000, CStr: 0.398, Ctx: 2, Train: 99.73%, Valid: 97.07%, Test In: 96.82% Test OOD1: 86.64% 
Epoch: 243, Loss: 0.1939, Cls: 0.0857, Ind: 0.0001, Med: 0.0214, Spu: 0.0000, FD: 0.0867, Var: 0.0000, CStr: 0.398, Ctx: 2, Train: 99.54%, Valid: 96.39%, Test In: 96.40% Test OOD1: 90.11% 
Epoch: 244, Loss: 0.2012, Cls: 0.0889, Ind: 0.0002, Med: 0.0223, Spu: 0.0000, FD: 0.0897, Var: 0.0000, CStr: 0.397, Ctx: 2, Train: 99.80%, Valid: 97.00%, Test In: 96.99% Test OOD1: 86.18% 
Epoch: 245, Loss: 0.1783, Cls: 0.0789, Ind: 0.0002, Med: 0.0200, Spu: 0.0000, FD: 0.0793, Var: 0.0000, CStr: 0.397, Ctx: 2, Train: 99.76%, Valid: 96.96%, Test In: 96.86% Test OOD1: 87.62% 
Epoch: 246, Loss: 0.1834, Cls: 0.0811, Ind: 0.0002, Med: 0.0203, Spu: 0.0000, FD: 0.0818, Var: 0.0000, CStr: 0.397, Ctx: 2, Train: 99.64%, Valid: 96.66%, Test In: 96.56% Test OOD1: 89.26% 
Epoch: 247, Loss: 0.1910, Cls: 0.0845, Ind: 0.0002, Med: 0.0212, Spu: 0.0000, FD: 0.0851, Var: 0.0000, CStr: 0.397, Ctx: 2, Train: 99.80%, Valid: 96.98%, Test In: 96.93% Test OOD1: 85.85% 
Epoch: 248, Loss: 0.1862, Cls: 0.0824, Ind: 0.0002, Med: 0.0208, Spu: 0.0000, FD: 0.0829, Var: 0.0000, CStr: 0.397, Ctx: 2, Train: 99.79%, Valid: 96.99%, Test In: 96.77% Test OOD1: 87.77% 
Epoch: 249, Loss: 0.1718, Cls: 0.0760, Ind: 0.0002, Med: 0.0191, Spu: 0.0000, FD: 0.0766, Var: 0.0000, CStr: 0.397, Ctx: 2, Train: 99.68%, Valid: 96.72%, Test In: 96.61% Test OOD1: 89.89% 
Epoch: 250, Loss: 0.1839, Cls: 0.0813, Ind: 0.0002, Med: 0.0206, Spu: 0.0000, FD: 0.0818, Var: 0.0000, CStr: 0.397, Ctx: 2, Train: 99.80%, Valid: 97.16%, Test In: 96.98% Test OOD1: 85.88% 
Epoch: 251, Loss: 0.1867, Cls: 0.0826, Ind: 0.0002, Med: 0.0209, Spu: 0.0000, FD: 0.0831, Var: 0.0000, CStr: 0.397, Ctx: 2, Train: 99.81%, Valid: 97.19%, Test In: 96.82% Test OOD1: 88.23% 
Epoch: 252, Loss: 0.1675, Cls: 0.0740, Ind: 0.0002, Med: 0.0187, Spu: 0.0000, FD: 0.0746, Var: 0.0000, CStr: 0.397, Ctx: 2, Train: 99.72%, Valid: 96.85%, Test In: 96.68% Test OOD1: 89.56% 
Epoch: 253, Loss: 0.1831, Cls: 0.0810, Ind: 0.0001, Med: 0.0204, Spu: 0.0000, FD: 0.0815, Var: 0.0000, CStr: 0.397, Ctx: 2, Train: 99.82%, Valid: 97.08%, Test In: 96.92% Test OOD1: 86.50% 
Epoch: 254, Loss: 0.1757, Cls: 0.0777, Ind: 0.0002, Med: 0.0196, Spu: 0.0000, FD: 0.0783, Var: 0.0000, CStr: 0.397, Ctx: 2, Train: 99.82%, Valid: 97.17%, Test In: 96.94% Test OOD1: 88.60% 
Epoch: 255, Loss: 0.1763, Cls: 0.0780, Ind: 0.0001, Med: 0.0196, Spu: 0.0000, FD: 0.0786, Var: 0.0000, CStr: 0.397, Ctx: 2, Train: 99.77%, Valid: 96.96%, Test In: 96.81% Test OOD1: 90.24% 
Epoch: 256, Loss: 0.1721, Cls: 0.0761, Ind: 0.0001, Med: 0.0192, Spu: 0.0000, FD: 0.0766, Var: 0.0000, CStr: 0.397, Ctx: 2, Train: 99.76%, Valid: 97.11%, Test In: 96.98% Test OOD1: 88.16% 
Epoch: 257, Loss: 0.1844, Cls: 0.0815, Ind: 0.0002, Med: 0.0204, Spu: 0.0000, FD: 0.0824, Var: 0.0000, CStr: 0.397, Ctx: 2, Train: 99.80%, Valid: 97.13%, Test In: 96.93% Test OOD1: 88.85% 
Epoch: 258, Loss: 0.1725, Cls: 0.0763, Ind: 0.0001, Med: 0.0193, Spu: 0.0000, FD: 0.0767, Var: 0.0000, CStr: 0.397, Ctx: 2, Train: 99.77%, Valid: 97.02%, Test In: 96.85% Test OOD1: 89.52% 
Epoch: 259, Loss: 0.1715, Cls: 0.0759, Ind: 0.0002, Med: 0.0193, Spu: 0.0000, FD: 0.0762, Var: 0.0000, CStr: 0.397, Ctx: 2, Train: 99.71%, Valid: 96.86%, Test In: 96.70% Test OOD1: 88.55% 
Epoch: 260, Loss: 0.1739, Cls: 0.0769, Ind: 0.0002, Med: 0.0193, Spu: 0.0000, FD: 0.0775, Var: 0.0000, CStr: 0.397, Ctx: 2, Train: 99.80%, Valid: 97.08%, Test In: 96.81% Test OOD1: 88.48% 
Epoch: 261, Loss: 0.1635, Cls: 0.0723, Ind: 0.0002, Med: 0.0182, Spu: 0.0000, FD: 0.0728, Var: 0.0000, CStr: 0.397, Ctx: 2, Train: 99.80%, Valid: 97.11%, Test In: 96.87% Test OOD1: 88.30% 
Epoch: 262, Loss: 0.1695, Cls: 0.0750, Ind: 0.0001, Med: 0.0190, Spu: 0.0000, FD: 0.0754, Var: 0.0000, CStr: 0.397, Ctx: 2, Train: 99.77%, Valid: 97.01%, Test In: 96.87% Test OOD1: 88.18% 
Epoch: 263, Loss: 0.1738, Cls: 0.0769, Ind: 0.0001, Med: 0.0193, Spu: 0.0000, FD: 0.0775, Var: 0.0000, CStr: 0.397, Ctx: 2, Train: 99.82%, Valid: 97.17%, Test In: 96.98% Test OOD1: 87.47% 
Epoch: 264, Loss: 0.1660, Cls: 0.0734, Ind: 0.0001, Med: 0.0184, Spu: 0.0000, FD: 0.0740, Var: 0.0000, CStr: 0.397, Ctx: 2, Train: 99.85%, Valid: 97.08%, Test In: 96.97% Test OOD1: 87.66% 
Epoch: 265, Loss: 0.1656, Cls: 0.0732, Ind: 0.0001, Med: 0.0185, Spu: 0.0000, FD: 0.0738, Var: 0.0000, CStr: 0.397, Ctx: 2, Train: 99.85%, Valid: 97.11%, Test In: 97.01% Test OOD1: 86.36% 
Epoch: 266, Loss: 0.1645, Cls: 0.0727, Ind: 0.0001, Med: 0.0183, Spu: 0.0000, FD: 0.0733, Var: 0.0000, CStr: 0.397, Ctx: 2, Train: 99.82%, Valid: 96.99%, Test In: 96.98% Test OOD1: 87.11% 
Epoch: 267, Loss: 0.1671, Cls: 0.0739, Ind: 0.0001, Med: 0.0188, Spu: 0.0000, FD: 0.0743, Var: 0.0000, CStr: 0.397, Ctx: 2, Train: 99.79%, Valid: 96.93%, Test In: 96.86% Test OOD1: 88.58% 
Epoch: 268, Loss: 0.1652, Cls: 0.0731, Ind: 0.0001, Med: 0.0185, Spu: 0.0000, FD: 0.0734, Var: 0.0000, CStr: 0.397, Ctx: 2, Train: 99.85%, Valid: 97.16%, Test In: 97.08% Test OOD1: 87.02% 
Epoch: 269, Loss: 0.1642, Cls: 0.0726, Ind: 0.0002, Med: 0.0183, Spu: 0.0000, FD: 0.0731, Var: 0.0000, CStr: 0.397, Ctx: 2, Train: 99.84%, Valid: 97.16%, Test In: 97.02% Test OOD1: 87.57% 
Epoch: 270, Loss: 0.1613, Cls: 0.0714, Ind: 0.0002, Med: 0.0181, Spu: 0.0000, FD: 0.0716, Var: 0.0000, CStr: 0.397, Ctx: 2, Train: 99.80%, Valid: 96.90%, Test In: 96.90% Test OOD1: 89.50% 
Epoch: 271, Loss: 0.1608, Cls: 0.0711, Ind: 0.0001, Med: 0.0179, Spu: 0.0000, FD: 0.0716, Var: 0.0000, CStr: 0.397, Ctx: 2, Train: 99.86%, Valid: 97.18%, Test In: 97.03% Test OOD1: 88.47% 
Epoch: 272, Loss: 0.1592, Cls: 0.0704, Ind: 0.0002, Med: 0.0180, Spu: 0.0000, FD: 0.0706, Var: 0.0000, CStr: 0.397, Ctx: 2, Train: 99.86%, Valid: 97.17%, Test In: 97.10% Test OOD1: 88.18% 
Epoch: 273, Loss: 0.1642, Cls: 0.0726, Ind: 0.0002, Med: 0.0184, Spu: 0.0000, FD: 0.0730, Var: 0.0000, CStr: 0.397, Ctx: 2, Train: 99.84%, Valid: 97.05%, Test In: 96.94% Test OOD1: 89.44% 
Epoch: 274, Loss: 0.1598, Cls: 0.0706, Ind: 0.0001, Med: 0.0176, Spu: 0.0000, FD: 0.0714, Var: 0.0000, CStr: 0.397, Ctx: 2, Train: 99.85%, Valid: 97.27%, Test In: 97.11% Test OOD1: 88.62% 
Epoch: 275, Loss: 0.1547, Cls: 0.0684, Ind: 0.0001, Med: 0.0172, Spu: 0.0000, FD: 0.0690, Var: 0.0000, CStr: 0.397, Ctx: 2, Train: 99.85%, Valid: 97.36%, Test In: 97.22% Test OOD1: 87.26% 
Epoch: 276, Loss: 0.1567, Cls: 0.0693, Ind: 0.0002, Med: 0.0175, Spu: 0.0000, FD: 0.0697, Var: 0.0000, CStr: 0.397, Ctx: 2, Train: 99.79%, Valid: 96.94%, Test In: 96.93% Test OOD1: 89.37% 
Epoch: 277, Loss: 0.1696, Cls: 0.0750, Ind: 0.0002, Med: 0.0188, Spu: 0.0000, FD: 0.0756, Var: 0.0000, CStr: 0.397, Ctx: 2, Train: 99.85%, Valid: 97.07%, Test In: 97.17% Test OOD1: 87.66% 
Epoch: 278, Loss: 0.1571, Cls: 0.0694, Ind: 0.0002, Med: 0.0175, Spu: 0.0000, FD: 0.0700, Var: 0.0000, CStr: 0.397, Ctx: 2, Train: 99.87%, Valid: 97.21%, Test In: 97.22% Test OOD1: 86.64% 
Epoch: 279, Loss: 0.1664, Cls: 0.0736, Ind: 0.0001, Med: 0.0185, Spu: 0.0000, FD: 0.0742, Var: 0.0000, CStr: 0.397, Ctx: 2, Train: 99.84%, Valid: 96.86%, Test In: 96.98% Test OOD1: 88.58% 
Epoch: 280, Loss: 0.1563, Cls: 0.0691, Ind: 0.0002, Med: 0.0174, Spu: 0.0000, FD: 0.0696, Var: 0.0000, CStr: 0.397, Ctx: 2, Train: 99.86%, Valid: 97.01%, Test In: 97.13% Test OOD1: 88.12% 
Epoch: 281, Loss: 0.1665, Cls: 0.0736, Ind: 0.0001, Med: 0.0186, Spu: 0.0000, FD: 0.0742, Var: 0.0000, CStr: 0.397, Ctx: 2, Train: 99.88%, Valid: 97.11%, Test In: 97.19% Test OOD1: 88.47% 
Epoch: 282, Loss: 0.1559, Cls: 0.0689, Ind: 0.0001, Med: 0.0174, Spu: 0.0000, FD: 0.0695, Var: 0.0000, CStr: 0.397, Ctx: 2, Train: 99.83%, Valid: 96.96%, Test In: 97.02% Test OOD1: 90.04% 
Epoch: 283, Loss: 0.1577, Cls: 0.0697, Ind: 0.0001, Med: 0.0176, Spu: 0.0000, FD: 0.0702, Var: 0.0000, CStr: 0.397, Ctx: 2, Train: 99.85%, Valid: 97.02%, Test In: 97.16% Test OOD1: 89.61% 
Epoch: 284, Loss: 0.1587, Cls: 0.0701, Ind: 0.0002, Med: 0.0176, Spu: 0.0000, FD: 0.0707, Var: 0.0000, CStr: 0.397, Ctx: 2, Train: 99.87%, Valid: 97.19%, Test In: 97.19% Test OOD1: 89.19% 
Epoch: 285, Loss: 0.1536, Cls: 0.0679, Ind: 0.0001, Med: 0.0171, Spu: 0.0000, FD: 0.0684, Var: 0.0000, CStr: 0.397, Ctx: 2, Train: 99.81%, Valid: 96.89%, Test In: 96.93% Test OOD1: 90.42% 
Epoch: 286, Loss: 0.1665, Cls: 0.0737, Ind: 0.0002, Med: 0.0187, Spu: 0.0000, FD: 0.0740, Var: 0.0000, CStr: 0.397, Ctx: 2, Train: 99.85%, Valid: 97.17%, Test In: 97.13% Test OOD1: 87.51% 
Epoch: 287, Loss: 0.1724, Cls: 0.0762, Ind: 0.0001, Med: 0.0190, Spu: 0.0000, FD: 0.0770, Var: 0.0000, CStr: 0.397, Ctx: 2, Train: 99.87%, Valid: 97.05%, Test In: 96.96% Test OOD1: 89.67% 
Epoch: 288, Loss: 0.1577, Cls: 0.0697, Ind: 0.0001, Med: 0.0176, Spu: 0.0000, FD: 0.0702, Var: 0.0000, CStr: 0.397, Ctx: 2, Train: 99.86%, Valid: 96.91%, Test In: 97.00% Test OOD1: 89.39% 
Epoch: 289, Loss: 0.1536, Cls: 0.0679, Ind: 0.0001, Med: 0.0171, Spu: 0.0000, FD: 0.0684, Var: 0.0000, CStr: 0.397, Ctx: 2, Train: 99.90%, Valid: 97.31%, Test In: 97.21% Test OOD1: 86.97% 
Epoch: 290, Loss: 0.1619, Cls: 0.0715, Ind: 0.0002, Med: 0.0180, Spu: 0.0000, FD: 0.0722, Var: 0.0000, CStr: 0.396, Ctx: 2, Train: 99.86%, Valid: 97.01%, Test In: 96.90% Test OOD1: 89.29% 
Epoch: 291, Loss: 0.1579, Cls: 0.0697, Ind: 0.0001, Med: 0.0174, Spu: 0.0000, FD: 0.0706, Var: 0.0000, CStr: 0.396, Ctx: 2, Train: 99.83%, Valid: 97.05%, Test In: 96.92% Test OOD1: 89.52% 
Epoch: 292, Loss: 0.1589, Cls: 0.0702, Ind: 0.0001, Med: 0.0177, Spu: 0.0000, FD: 0.0708, Var: 0.0000, CStr: 0.396, Ctx: 2, Train: 99.85%, Valid: 97.29%, Test In: 97.20% Test OOD1: 87.42% 
Epoch: 293, Loss: 0.1579, Cls: 0.0698, Ind: 0.0001, Med: 0.0176, Spu: 0.0000, FD: 0.0703, Var: 0.0000, CStr: 0.396, Ctx: 2, Train: 99.76%, Valid: 96.96%, Test In: 96.71% Test OOD1: 90.37% 
Epoch: 294, Loss: 0.1732, Cls: 0.0766, Ind: 0.0001, Med: 0.0193, Spu: 0.0000, FD: 0.0772, Var: 0.0000, CStr: 0.396, Ctx: 2, Train: 99.87%, Valid: 97.16%, Test In: 97.15% Test OOD1: 89.49% 
Epoch: 295, Loss: 0.1460, Cls: 0.0646, Ind: 0.0001, Med: 0.0164, Spu: 0.0000, FD: 0.0649, Var: 0.0000, CStr: 0.396, Ctx: 2, Train: 99.83%, Valid: 97.13%, Test In: 97.05% Test OOD1: 88.13% 
Epoch: 296, Loss: 0.1715, Cls: 0.0759, Ind: 0.0001, Med: 0.0190, Spu: 0.0000, FD: 0.0766, Var: 0.0000, CStr: 0.396, Ctx: 2, Train: 99.87%, Valid: 96.98%, Test In: 96.84% Test OOD1: 90.37% 
Epoch: 297, Loss: 0.1638, Cls: 0.0725, Ind: 0.0001, Med: 0.0184, Spu: 0.0000, FD: 0.0728, Var: 0.0000, CStr: 0.396, Ctx: 2, Train: 99.91%, Valid: 97.19%, Test In: 97.12% Test OOD1: 89.61% 
Epoch: 298, Loss: 0.1661, Cls: 0.0734, Ind: 0.0001, Med: 0.0185, Spu: 0.0000, FD: 0.0740, Var: 0.0000, CStr: 0.395, Ctx: 2, Train: 99.82%, Valid: 97.10%, Test In: 96.96% Test OOD1: 87.90% 
Epoch: 299, Loss: 0.1701, Cls: 0.0752, Ind: 0.0002, Med: 0.0189, Spu: 0.0000, FD: 0.0758, Var: 0.0000, CStr: 0.395, Ctx: 2, Train: 99.90%, Valid: 97.13%, Test In: 97.02% Test OOD1: 89.91% 
Epoch: 300, Loss: 0.1539, Cls: 0.0680, Ind: 0.0001, Med: 0.0171, Spu: 0.0000, FD: 0.0686, Var: 0.0000, CStr: 0.395, Ctx: 2, Train: 99.88%, Valid: 97.15%, Test In: 96.92% Test OOD1: 89.17% 
Epoch: 301, Loss: 0.1602, Cls: 0.0708, Ind: 0.0001, Med: 0.0178, Spu: 0.0000, FD: 0.0715, Var: 0.0000, CStr: 0.395, Ctx: 2, Train: 99.82%, Valid: 97.17%, Test In: 97.09% Test OOD1: 87.72% 
Epoch: 302, Loss: 0.1655, Cls: 0.0732, Ind: 0.0002, Med: 0.0184, Spu: 0.0000, FD: 0.0738, Var: 0.0000, CStr: 0.395, Ctx: 2, Train: 99.88%, Valid: 97.12%, Test In: 97.09% Test OOD1: 89.56% 
Epoch: 303, Loss: 0.1548, Cls: 0.0684, Ind: 0.0001, Med: 0.0172, Spu: 0.0000, FD: 0.0691, Var: 0.0000, CStr: 0.395, Ctx: 2, Train: 99.85%, Valid: 97.09%, Test In: 96.94% Test OOD1: 89.57% 
Epoch: 304, Loss: 0.1635, Cls: 0.0723, Ind: 0.0002, Med: 0.0182, Spu: 0.0000, FD: 0.0728, Var: 0.0000, CStr: 0.394, Ctx: 2, Train: 99.89%, Valid: 97.19%, Test In: 97.20% Test OOD1: 87.58% 
Epoch: 305, Loss: 0.1540, Cls: 0.0681, Ind: 0.0001, Med: 0.0172, Spu: 0.0000, FD: 0.0685, Var: 0.0000, CStr: 0.394, Ctx: 2, Train: 99.88%, Valid: 97.04%, Test In: 96.99% Test OOD1: 89.08% 
Epoch: 306, Loss: 0.1585, Cls: 0.0701, Ind: 0.0001, Med: 0.0177, Spu: 0.0000, FD: 0.0705, Var: 0.0000, CStr: 0.394, Ctx: 2, Train: 99.85%, Valid: 96.92%, Test In: 96.90% Test OOD1: 89.41% 
Epoch: 307, Loss: 0.1582, Cls: 0.0699, Ind: 0.0001, Med: 0.0176, Spu: 0.0000, FD: 0.0705, Var: 0.0000, CStr: 0.394, Ctx: 2, Train: 99.90%, Valid: 97.23%, Test In: 97.23% Test OOD1: 86.70% 
Epoch: 308, Loss: 0.1564, Cls: 0.0692, Ind: 0.0001, Med: 0.0176, Spu: 0.0000, FD: 0.0694, Var: 0.0000, CStr: 0.394, Ctx: 2, Train: 99.90%, Valid: 97.28%, Test In: 97.30% Test OOD1: 87.54% 
Epoch: 309, Loss: 0.1534, Cls: 0.0678, Ind: 0.0001, Med: 0.0172, Spu: 0.0000, FD: 0.0681, Var: 0.0000, CStr: 0.394, Ctx: 2, Train: 99.82%, Valid: 96.99%, Test In: 96.95% Test OOD1: 90.37% 
Epoch: 310, Loss: 0.1629, Cls: 0.0720, Ind: 0.0001, Med: 0.0180, Spu: 0.0000, FD: 0.0728, Var: 0.0000, CStr: 0.394, Ctx: 2, Train: 99.93%, Valid: 97.36%, Test In: 97.39% Test OOD1: 88.03% 
Epoch: 311, Loss: 0.1553, Cls: 0.0687, Ind: 0.0002, Med: 0.0173, Spu: 0.0000, FD: 0.0692, Var: 0.0000, CStr: 0.393, Ctx: 2, Train: 99.92%, Valid: 97.38%, Test In: 97.41% Test OOD1: 87.20% 
Epoch: 312, Loss: 0.1553, Cls: 0.0686, Ind: 0.0001, Med: 0.0172, Spu: 0.0000, FD: 0.0693, Var: 0.0000, CStr: 0.393, Ctx: 2, Train: 99.75%, Valid: 96.86%, Test In: 96.86% Test OOD1: 90.48% 
Epoch: 313, Loss: 0.1662, Cls: 0.0735, Ind: 0.0001, Med: 0.0184, Spu: 0.0000, FD: 0.0741, Var: 0.0000, CStr: 0.393, Ctx: 2, Train: 99.91%, Valid: 97.37%, Test In: 97.35% Test OOD1: 87.05% 
Epoch: 314, Loss: 0.1584, Cls: 0.0700, Ind: 0.0001, Med: 0.0176, Spu: 0.0000, FD: 0.0706, Var: 0.0000, CStr: 0.393, Ctx: 2, Train: 99.92%, Valid: 97.36%, Test In: 97.35% Test OOD1: 87.17% 
Epoch: 315, Loss: 0.1458, Cls: 0.0645, Ind: 0.0002, Med: 0.0164, Spu: 0.0000, FD: 0.0648, Var: 0.0000, CStr: 0.393, Ctx: 2, Train: 99.84%, Valid: 96.90%, Test In: 96.87% Test OOD1: 90.33% 
Epoch: 316, Loss: 0.1540, Cls: 0.0681, Ind: 0.0001, Med: 0.0171, Spu: 0.0000, FD: 0.0686, Var: 0.0000, CStr: 0.393, Ctx: 2, Train: 99.88%, Valid: 97.34%, Test In: 97.27% Test OOD1: 88.30% 
Epoch: 317, Loss: 0.1448, Cls: 0.0640, Ind: 0.0001, Med: 0.0162, Spu: 0.0000, FD: 0.0644, Var: 0.0000, CStr: 0.392, Ctx: 2, Train: 99.90%, Valid: 97.42%, Test In: 97.34% Test OOD1: 87.65% 
Epoch: 318, Loss: 0.1506, Cls: 0.0666, Ind: 0.0001, Med: 0.0167, Spu: 0.0000, FD: 0.0672, Var: 0.0000, CStr: 0.392, Ctx: 2, Train: 99.83%, Valid: 96.96%, Test In: 96.89% Test OOD1: 90.54% 
Epoch: 319, Loss: 0.1647, Cls: 0.0729, Ind: 0.0001, Med: 0.0185, Spu: 0.0000, FD: 0.0732, Var: 0.0000, CStr: 0.392, Ctx: 2, Train: 99.91%, Valid: 97.29%, Test In: 97.24% Test OOD1: 87.55% 
Epoch: 320, Loss: 0.1443, Cls: 0.0637, Ind: 0.0001, Med: 0.0159, Spu: 0.0000, FD: 0.0646, Var: 0.0000, CStr: 0.392, Ctx: 2, Train: 99.90%, Valid: 97.40%, Test In: 97.28% Test OOD1: 86.05% 
Epoch: 321, Loss: 0.1534, Cls: 0.0678, Ind: 0.0001, Med: 0.0170, Spu: 0.0000, FD: 0.0685, Var: 0.0000, CStr: 0.392, Ctx: 2, Train: 99.86%, Valid: 97.11%, Test In: 97.00% Test OOD1: 88.95% 
Epoch: 322, Loss: 0.1584, Cls: 0.0701, Ind: 0.0001, Med: 0.0177, Spu: 0.0000, FD: 0.0704, Var: 0.0000, CStr: 0.392, Ctx: 2, Train: 99.90%, Valid: 97.21%, Test In: 97.27% Test OOD1: 87.27% 
Epoch: 323, Loss: 0.1525, Cls: 0.0675, Ind: 0.0001, Med: 0.0171, Spu: 0.0000, FD: 0.0677, Var: 0.0000, CStr: 0.392, Ctx: 2, Train: 99.91%, Valid: 97.27%, Test In: 97.34% Test OOD1: 87.01% 
Epoch: 324, Loss: 0.1538, Cls: 0.0681, Ind: 0.0001, Med: 0.0172, Spu: 0.0000, FD: 0.0684, Var: 0.0000, CStr: 0.391, Ctx: 2, Train: 99.90%, Valid: 97.28%, Test In: 97.17% Test OOD1: 88.40% 
Epoch: 325, Loss: 0.1481, Cls: 0.0655, Ind: 0.0001, Med: 0.0165, Spu: 0.0000, FD: 0.0660, Var: 0.0000, CStr: 0.391, Ctx: 2, Train: 99.92%, Valid: 97.29%, Test In: 97.21% Test OOD1: 88.90% 
Epoch: 326, Loss: 0.1473, Cls: 0.0651, Ind: 0.0001, Med: 0.0163, Spu: 0.0000, FD: 0.0657, Var: 0.0000, CStr: 0.391, Ctx: 2, Train: 99.90%, Valid: 97.20%, Test In: 97.17% Test OOD1: 87.88% 
Epoch: 327, Loss: 0.1493, Cls: 0.0660, Ind: 0.0001, Med: 0.0166, Spu: 0.0000, FD: 0.0665, Var: 0.0000, CStr: 0.391, Ctx: 2, Train: 99.91%, Valid: 97.27%, Test In: 97.25% Test OOD1: 88.81% 
Epoch: 328, Loss: 0.1457, Cls: 0.0644, Ind: 0.0001, Med: 0.0162, Spu: 0.0000, FD: 0.0650, Var: 0.0000, CStr: 0.391, Ctx: 2, Train: 99.90%, Valid: 97.20%, Test In: 97.18% Test OOD1: 88.96% 
Epoch: 329, Loss: 0.1481, Cls: 0.0655, Ind: 0.0001, Med: 0.0165, Spu: 0.0000, FD: 0.0660, Var: 0.0000, CStr: 0.391, Ctx: 2, Train: 99.87%, Valid: 97.13%, Test In: 97.21% Test OOD1: 88.21% 
Epoch: 330, Loss: 0.1506, Cls: 0.0666, Ind: 0.0001, Med: 0.0168, Spu: 0.0000, FD: 0.0670, Var: 0.0000, CStr: 0.391, Ctx: 2, Train: 99.88%, Valid: 97.12%, Test In: 97.07% Test OOD1: 89.70% 
Epoch: 331, Loss: 0.1488, Cls: 0.0658, Ind: 0.0001, Med: 0.0165, Spu: 0.0000, FD: 0.0664, Var: 0.0000, CStr: 0.390, Ctx: 2, Train: 99.90%, Valid: 97.29%, Test In: 97.09% Test OOD1: 88.75% 
Epoch: 332, Loss: 0.1428, Cls: 0.0631, Ind: 0.0001, Med: 0.0158, Spu: 0.0000, FD: 0.0637, Var: 0.0000, CStr: 0.390, Ctx: 2, Train: 99.92%, Valid: 97.50%, Test In: 97.35% Test OOD1: 88.55% 
Epoch: 333, Loss: 0.1399, Cls: 0.0619, Ind: 0.0001, Med: 0.0157, Spu: 0.0000, FD: 0.0621, Var: 0.0000, CStr: 0.390, Ctx: 2, Train: 99.89%, Valid: 97.23%, Test In: 97.10% Test OOD1: 89.55% 
Epoch: 334, Loss: 0.1528, Cls: 0.0676, Ind: 0.0001, Med: 0.0171, Spu: 0.0000, FD: 0.0679, Var: 0.0000, CStr: 0.390, Ctx: 2, Train: 99.92%, Valid: 97.32%, Test In: 97.17% Test OOD1: 89.87% 
Epoch: 335, Loss: 0.1460, Cls: 0.0646, Ind: 0.0001, Med: 0.0163, Spu: 0.0000, FD: 0.0650, Var: 0.0000, CStr: 0.390, Ctx: 2, Train: 99.93%, Valid: 97.45%, Test In: 97.30% Test OOD1: 88.09% 
Epoch: 336, Loss: 0.1607, Cls: 0.0711, Ind: 0.0001, Med: 0.0179, Spu: 0.0000, FD: 0.0716, Var: 0.0000, CStr: 0.390, Ctx: 2, Train: 99.92%, Valid: 97.14%, Test In: 97.12% Test OOD1: 89.71% 
Epoch: 337, Loss: 0.1437, Cls: 0.0635, Ind: 0.0001, Med: 0.0159, Spu: 0.0000, FD: 0.0641, Var: 0.0000, CStr: 0.390, Ctx: 2, Train: 99.91%, Valid: 97.11%, Test In: 97.13% Test OOD1: 89.54% 
Epoch: 338, Loss: 0.1383, Cls: 0.0612, Ind: 0.0002, Med: 0.0154, Spu: 0.0000, FD: 0.0616, Var: 0.0000, CStr: 0.390, Ctx: 2, Train: 99.93%, Valid: 97.42%, Test In: 97.33% Test OOD1: 87.32% 
Epoch: 339, Loss: 0.1386, Cls: 0.0613, Ind: 0.0001, Med: 0.0154, Spu: 0.0000, FD: 0.0617, Var: 0.0000, CStr: 0.390, Ctx: 2, Train: 99.93%, Valid: 97.43%, Test In: 97.36% Test OOD1: 88.10% 
Epoch: 340, Loss: 0.1334, Cls: 0.0590, Ind: 0.0001, Med: 0.0148, Spu: 0.0000, FD: 0.0595, Var: 0.0000, CStr: 0.390, Ctx: 2, Train: 99.90%, Valid: 97.17%, Test In: 97.23% Test OOD1: 89.43% 
Epoch: 341, Loss: 0.1501, Cls: 0.0664, Ind: 0.0002, Med: 0.0167, Spu: 0.0000, FD: 0.0668, Var: 0.0000, CStr: 0.389, Ctx: 2, Train: 99.94%, Valid: 97.50%, Test In: 97.46% Test OOD1: 88.40% 
Epoch: 342, Loss: 0.1349, Cls: 0.0597, Ind: 0.0001, Med: 0.0151, Spu: 0.0000, FD: 0.0600, Var: 0.0000, CStr: 0.389, Ctx: 2, Train: 99.94%, Valid: 97.44%, Test In: 97.41% Test OOD1: 88.44% 
Epoch: 343, Loss: 0.1478, Cls: 0.0653, Ind: 0.0001, Med: 0.0164, Spu: 0.0000, FD: 0.0659, Var: 0.0000, CStr: 0.389, Ctx: 2, Train: 99.91%, Valid: 97.22%, Test In: 97.20% Test OOD1: 90.07% 
Epoch: 344, Loss: 0.1363, Cls: 0.0602, Ind: 0.0001, Med: 0.0151, Spu: 0.0000, FD: 0.0608, Var: 0.0000, CStr: 0.389, Ctx: 2, Train: 99.92%, Valid: 97.19%, Test In: 97.26% Test OOD1: 90.00% 
Epoch: 345, Loss: 0.1407, Cls: 0.0622, Ind: 0.0001, Med: 0.0157, Spu: 0.0000, FD: 0.0626, Var: 0.0000, CStr: 0.389, Ctx: 2, Train: 99.93%, Valid: 97.46%, Test In: 97.44% Test OOD1: 88.02% 
Epoch: 346, Loss: 0.1426, Cls: 0.0630, Ind: 0.0001, Med: 0.0158, Spu: 0.0000, FD: 0.0636, Var: 0.0000, CStr: 0.389, Ctx: 2, Train: 99.93%, Valid: 97.38%, Test In: 97.34% Test OOD1: 89.72% 
Epoch: 347, Loss: 0.1360, Cls: 0.0601, Ind: 0.0001, Med: 0.0152, Spu: 0.0000, FD: 0.0606, Var: 0.0000, CStr: 0.389, Ctx: 2, Train: 99.91%, Valid: 97.19%, Test In: 97.17% Test OOD1: 90.76% 
Epoch: 348, Loss: 0.1358, Cls: 0.0601, Ind: 0.0001, Med: 0.0152, Spu: 0.0000, FD: 0.0604, Var: 0.0000, CStr: 0.389, Ctx: 2, Train: 99.93%, Valid: 97.46%, Test In: 97.42% Test OOD1: 89.43% 
Epoch: 349, Loss: 0.1375, Cls: 0.0608, Ind: 0.0001, Med: 0.0153, Spu: 0.0000, FD: 0.0613, Var: 0.0000, CStr: 0.389, Ctx: 2, Train: 99.93%, Valid: 97.45%, Test In: 97.30% Test OOD1: 90.29% 
Epoch: 350, Loss: 0.1298, Cls: 0.0574, Ind: 0.0001, Med: 0.0146, Spu: 0.0000, FD: 0.0577, Var: 0.0000, CStr: 0.389, Ctx: 2, Train: 99.93%, Valid: 97.41%, Test In: 97.32% Test OOD1: 90.77% 
Epoch: 351, Loss: 0.1413, Cls: 0.0625, Ind: 0.0001, Med: 0.0159, Spu: 0.0000, FD: 0.0628, Var: 0.0000, CStr: 0.389, Ctx: 2, Train: 99.93%, Valid: 97.38%, Test In: 97.36% Test OOD1: 90.02% 
Epoch: 352, Loss: 0.1416, Cls: 0.0626, Ind: 0.0001, Med: 0.0158, Spu: 0.0000, FD: 0.0630, Var: 0.0000, CStr: 0.389, Ctx: 2, Train: 99.92%, Valid: 97.30%, Test In: 97.28% Test OOD1: 89.88% 
Epoch: 353, Loss: 0.1322, Cls: 0.0585, Ind: 0.0001, Med: 0.0148, Spu: 0.0000, FD: 0.0588, Var: 0.0000, CStr: 0.389, Ctx: 2, Train: 99.93%, Valid: 97.36%, Test In: 97.27% Test OOD1: 89.15% 
Epoch: 354, Loss: 0.1424, Cls: 0.0630, Ind: 0.0001, Med: 0.0159, Spu: 0.0000, FD: 0.0634, Var: 0.0000, CStr: 0.390, Ctx: 2, Train: 99.93%, Valid: 97.32%, Test In: 97.31% Test OOD1: 89.46% 
Epoch: 355, Loss: 0.1287, Cls: 0.0569, Ind: 0.0001, Med: 0.0144, Spu: 0.0000, FD: 0.0573, Var: 0.0000, CStr: 0.389, Ctx: 2, Train: 99.95%, Valid: 97.38%, Test In: 97.31% Test OOD1: 89.39% 
Epoch: 356, Loss: 0.1358, Cls: 0.0600, Ind: 0.0001, Med: 0.0150, Spu: 0.0000, FD: 0.0606, Var: 0.0000, CStr: 0.389, Ctx: 2, Train: 99.95%, Valid: 97.42%, Test In: 97.41% Test OOD1: 89.32% 
Epoch: 357, Loss: 0.1307, Cls: 0.0578, Ind: 0.0001, Med: 0.0145, Spu: 0.0000, FD: 0.0582, Var: 0.0000, CStr: 0.389, Ctx: 2, Train: 99.93%, Valid: 97.40%, Test In: 97.38% Test OOD1: 89.73% 
Epoch: 358, Loss: 0.1364, Cls: 0.0603, Ind: 0.0001, Med: 0.0153, Spu: 0.0000, FD: 0.0607, Var: 0.0000, CStr: 0.389, Ctx: 2, Train: 99.95%, Valid: 97.40%, Test In: 97.30% Test OOD1: 89.61% 
Epoch: 359, Loss: 0.1412, Cls: 0.0625, Ind: 0.0001, Med: 0.0157, Spu: 0.0000, FD: 0.0629, Var: 0.0000, CStr: 0.389, Ctx: 2, Train: 99.96%, Valid: 97.51%, Test In: 97.36% Test OOD1: 89.48% 
Epoch: 360, Loss: 0.1337, Cls: 0.0591, Ind: 0.0001, Med: 0.0148, Spu: 0.0000, FD: 0.0597, Var: 0.0000, CStr: 0.389, Ctx: 2, Train: 99.96%, Valid: 97.53%, Test In: 97.32% Test OOD1: 89.45% 
Epoch: 361, Loss: 0.1307, Cls: 0.0578, Ind: 0.0001, Med: 0.0147, Spu: 0.0000, FD: 0.0580, Var: 0.0000, CStr: 0.389, Ctx: 2, Train: 99.95%, Valid: 97.43%, Test In: 97.34% Test OOD1: 89.93% 
Epoch: 362, Loss: 0.1343, Cls: 0.0594, Ind: 0.0001, Med: 0.0149, Spu: 0.0000, FD: 0.0599, Var: 0.0000, CStr: 0.389, Ctx: 2, Train: 99.95%, Valid: 97.48%, Test In: 97.42% Test OOD1: 89.51% 
Epoch: 363, Loss: 0.1284, Cls: 0.0568, Ind: 0.0001, Med: 0.0143, Spu: 0.0000, FD: 0.0572, Var: 0.0000, CStr: 0.389, Ctx: 2, Train: 99.94%, Valid: 97.44%, Test In: 97.28% Test OOD1: 90.24% 
Epoch: 364, Loss: 0.1416, Cls: 0.0626, Ind: 0.0001, Med: 0.0159, Spu: 0.0000, FD: 0.0630, Var: 0.0000, CStr: 0.389, Ctx: 2, Train: 99.95%, Valid: 97.53%, Test In: 97.36% Test OOD1: 89.57% 
Epoch: 365, Loss: 0.1281, Cls: 0.0566, Ind: 0.0001, Med: 0.0142, Spu: 0.0000, FD: 0.0572, Var: 0.0000, CStr: 0.389, Ctx: 2, Train: 99.94%, Valid: 97.36%, Test In: 97.26% Test OOD1: 90.08% 
Epoch: 366, Loss: 0.1283, Cls: 0.0567, Ind: 0.0001, Med: 0.0143, Spu: 0.0000, FD: 0.0571, Var: 0.0000, CStr: 0.389, Ctx: 2, Train: 99.92%, Valid: 97.34%, Test In: 97.26% Test OOD1: 90.16% 
Epoch: 367, Loss: 0.1264, Cls: 0.0559, Ind: 0.0001, Med: 0.0141, Spu: 0.0000, FD: 0.0563, Var: 0.0000, CStr: 0.389, Ctx: 2, Train: 99.93%, Valid: 97.48%, Test In: 97.34% Test OOD1: 87.72% 
Epoch: 368, Loss: 0.1334, Cls: 0.0591, Ind: 0.0001, Med: 0.0149, Spu: 0.0000, FD: 0.0593, Var: 0.0000, CStr: 0.389, Ctx: 2, Train: 99.92%, Valid: 97.46%, Test In: 97.32% Test OOD1: 89.87% 
Epoch: 369, Loss: 0.1345, Cls: 0.0596, Ind: 0.0001, Med: 0.0151, Spu: 0.0000, FD: 0.0598, Var: 0.0000, CStr: 0.389, Ctx: 2, Train: 99.92%, Valid: 97.49%, Test In: 97.36% Test OOD1: 90.59% 
Epoch: 370, Loss: 0.1288, Cls: 0.0569, Ind: 0.0001, Med: 0.0142, Spu: 0.0000, FD: 0.0575, Var: 0.0000, CStr: 0.389, Ctx: 2, Train: 99.94%, Valid: 97.56%, Test In: 97.50% Test OOD1: 88.78% 
Epoch: 371, Loss: 0.1387, Cls: 0.0614, Ind: 0.0002, Med: 0.0155, Spu: 0.0000, FD: 0.0617, Var: 0.0000, CStr: 0.389, Ctx: 2, Train: 99.95%, Valid: 97.55%, Test In: 97.45% Test OOD1: 90.00% 
Epoch: 372, Loss: 0.1303, Cls: 0.0576, Ind: 0.0001, Med: 0.0146, Spu: 0.0000, FD: 0.0579, Var: 0.0000, CStr: 0.389, Ctx: 2, Train: 99.93%, Valid: 97.34%, Test In: 97.34% Test OOD1: 90.37% 
Epoch: 373, Loss: 0.1349, Cls: 0.0597, Ind: 0.0001, Med: 0.0151, Spu: 0.0000, FD: 0.0600, Var: 0.0000, CStr: 0.389, Ctx: 2, Train: 99.91%, Valid: 97.32%, Test In: 97.25% Test OOD1: 89.46% 
Epoch: 374, Loss: 0.1370, Cls: 0.0606, Ind: 0.0001, Med: 0.0153, Spu: 0.0000, FD: 0.0609, Var: 0.0000, CStr: 0.389, Ctx: 2, Train: 99.94%, Valid: 97.36%, Test In: 97.37% Test OOD1: 89.22% 
Epoch: 375, Loss: 0.1379, Cls: 0.0610, Ind: 0.0001, Med: 0.0154, Spu: 0.0000, FD: 0.0613, Var: 0.0000, CStr: 0.389, Ctx: 2, Train: 99.94%, Valid: 97.31%, Test In: 97.34% Test OOD1: 90.38% 
Epoch: 376, Loss: 0.1317, Cls: 0.0582, Ind: 0.0001, Med: 0.0145, Spu: 0.0000, FD: 0.0589, Var: 0.0000, CStr: 0.389, Ctx: 2, Train: 99.93%, Valid: 97.38%, Test In: 97.39% Test OOD1: 89.81% 
Epoch: 377, Loss: 0.1380, Cls: 0.0611, Ind: 0.0001, Med: 0.0155, Spu: 0.0000, FD: 0.0613, Var: 0.0000, CStr: 0.389, Ctx: 2, Train: 99.93%, Valid: 97.42%, Test In: 97.42% Test OOD1: 89.97% 
Epoch: 378, Loss: 0.1279, Cls: 0.0566, Ind: 0.0001, Med: 0.0143, Spu: 0.0000, FD: 0.0569, Var: 0.0000, CStr: 0.390, Ctx: 2, Train: 99.93%, Valid: 97.38%, Test In: 97.20% Test OOD1: 90.72% 
Epoch: 379, Loss: 0.1298, Cls: 0.0574, Ind: 0.0001, Med: 0.0145, Spu: 0.0000, FD: 0.0577, Var: 0.0000, CStr: 0.390, Ctx: 2, Train: 99.93%, Valid: 97.51%, Test In: 97.38% Test OOD1: 88.64% 
Epoch: 380, Loss: 0.1361, Cls: 0.0602, Ind: 0.0001, Med: 0.0151, Spu: 0.0000, FD: 0.0607, Var: 0.0000, CStr: 0.390, Ctx: 2, Train: 99.93%, Valid: 97.36%, Test In: 97.31% Test OOD1: 89.94% 
Epoch: 381, Loss: 0.1282, Cls: 0.0567, Ind: 0.0001, Med: 0.0142, Spu: 0.0000, FD: 0.0571, Var: 0.0000, CStr: 0.390, Ctx: 2, Train: 99.93%, Valid: 97.36%, Test In: 97.34% Test OOD1: 90.09% 
Epoch: 382, Loss: 0.1326, Cls: 0.0586, Ind: 0.0001, Med: 0.0147, Spu: 0.0000, FD: 0.0591, Var: 0.0000, CStr: 0.390, Ctx: 2, Train: 99.96%, Valid: 97.46%, Test In: 97.49% Test OOD1: 88.44% 
Epoch: 383, Loss: 0.1368, Cls: 0.0605, Ind: 0.0001, Med: 0.0153, Spu: 0.0000, FD: 0.0609, Var: 0.0000, CStr: 0.390, Ctx: 2, Train: 99.94%, Valid: 97.48%, Test In: 97.42% Test OOD1: 89.01% 
Epoch: 384, Loss: 0.1259, Cls: 0.0557, Ind: 0.0001, Med: 0.0140, Spu: 0.0000, FD: 0.0562, Var: 0.0000, CStr: 0.390, Ctx: 2, Train: 99.94%, Valid: 97.46%, Test In: 97.36% Test OOD1: 89.49% 
Epoch: 385, Loss: 0.1327, Cls: 0.0587, Ind: 0.0001, Med: 0.0148, Spu: 0.0000, FD: 0.0591, Var: 0.0000, CStr: 0.390, Ctx: 2, Train: 99.94%, Valid: 97.43%, Test In: 97.33% Test OOD1: 89.46% 
Epoch: 386, Loss: 0.1312, Cls: 0.0580, Ind: 0.0001, Med: 0.0147, Spu: 0.0000, FD: 0.0583, Var: 0.0000, CStr: 0.390, Ctx: 2, Train: 99.94%, Valid: 97.54%, Test In: 97.40% Test OOD1: 89.20% 
Epoch: 387, Loss: 0.1314, Cls: 0.0581, Ind: 0.0001, Med: 0.0146, Spu: 0.0000, FD: 0.0585, Var: 0.0000, CStr: 0.390, Ctx: 2, Train: 99.94%, Valid: 97.51%, Test In: 97.28% Test OOD1: 90.26% 
Epoch: 388, Loss: 0.1268, Cls: 0.0561, Ind: 0.0001, Med: 0.0142, Spu: 0.0000, FD: 0.0564, Var: 0.0000, CStr: 0.390, Ctx: 2, Train: 99.94%, Valid: 97.48%, Test In: 97.38% Test OOD1: 89.88% 
Epoch: 389, Loss: 0.1273, Cls: 0.0563, Ind: 0.0001, Med: 0.0142, Spu: 0.0000, FD: 0.0567, Var: 0.0000, CStr: 0.390, Ctx: 2, Train: 99.94%, Valid: 97.45%, Test In: 97.38% Test OOD1: 90.23% 
Epoch: 390, Loss: 0.1265, Cls: 0.0559, Ind: 0.0001, Med: 0.0142, Spu: 0.0000, FD: 0.0563, Var: 0.0000, CStr: 0.390, Ctx: 2, Train: 99.94%, Valid: 97.49%, Test In: 97.43% Test OOD1: 89.80% 
Epoch: 391, Loss: 0.1290, Cls: 0.0571, Ind: 0.0001, Med: 0.0144, Spu: 0.0000, FD: 0.0574, Var: 0.0000, CStr: 0.390, Ctx: 2, Train: 99.94%, Valid: 97.46%, Test In: 97.37% Test OOD1: 89.75% 
Epoch: 392, Loss: 0.1347, Cls: 0.0596, Ind: 0.0001, Med: 0.0150, Spu: 0.0000, FD: 0.0600, Var: 0.0000, CStr: 0.390, Ctx: 2, Train: 99.95%, Valid: 97.52%, Test In: 97.47% Test OOD1: 89.13% 
Epoch: 393, Loss: 0.1296, Cls: 0.0573, Ind: 0.0001, Med: 0.0145, Spu: 0.0000, FD: 0.0576, Var: 0.0000, CStr: 0.390, Ctx: 2, Train: 99.95%, Valid: 97.41%, Test In: 97.34% Test OOD1: 90.06% 
Epoch: 394, Loss: 0.1195, Cls: 0.0529, Ind: 0.0001, Med: 0.0134, Spu: 0.0000, FD: 0.0530, Var: 0.0000, CStr: 0.390, Ctx: 2, Train: 99.95%, Valid: 97.44%, Test In: 97.42% Test OOD1: 89.06% 
Epoch: 395, Loss: 0.1386, Cls: 0.0613, Ind: 0.0001, Med: 0.0155, Spu: 0.0000, FD: 0.0616, Var: 0.0000, CStr: 0.390, Ctx: 2, Train: 99.95%, Valid: 97.39%, Test In: 97.36% Test OOD1: 91.15% 
Epoch: 396, Loss: 0.1242, Cls: 0.0549, Ind: 0.0001, Med: 0.0139, Spu: 0.0000, FD: 0.0552, Var: 0.0000, CStr: 0.390, Ctx: 2, Train: 99.96%, Valid: 97.58%, Test In: 97.49% Test OOD1: 90.39% 
Epoch: 397, Loss: 0.1245, Cls: 0.0551, Ind: 0.0001, Med: 0.0139, Spu: 0.0000, FD: 0.0555, Var: 0.0000, CStr: 0.390, Ctx: 2, Train: 99.95%, Valid: 97.55%, Test In: 97.46% Test OOD1: 90.20% 
Epoch: 398, Loss: 0.1372, Cls: 0.0607, Ind: 0.0001, Med: 0.0153, Spu: 0.0000, FD: 0.0610, Var: 0.0000, CStr: 0.390, Ctx: 2, Train: 99.92%, Valid: 97.34%, Test In: 97.30% Test OOD1: 91.08% 
Epoch: 399, Loss: 0.1315, Cls: 0.0581, Ind: 0.0001, Med: 0.0147, Spu: 0.0000, FD: 0.0585, Var: 0.0000, CStr: 0.390, Ctx: 2, Train: 99.96%, Valid: 97.53%, Test In: 97.45% Test OOD1: 89.41% 
Epoch: 400, Loss: 0.1237, Cls: 0.0547, Ind: 0.0001, Med: 0.0138, Spu: 0.0000, FD: 0.0551, Var: 0.0000, CStr: 0.390, Ctx: 2, Train: 99.96%, Valid: 97.51%, Test In: 97.36% Test OOD1: 88.64% 
Epoch: 401, Loss: 0.1296, Cls: 0.0573, Ind: 0.0001, Med: 0.0145, Spu: 0.0000, FD: 0.0576, Var: 0.0000, CStr: 0.390, Ctx: 2, Train: 99.95%, Valid: 97.47%, Test In: 97.32% Test OOD1: 89.08% 
Epoch: 402, Loss: 0.1280, Cls: 0.0566, Ind: 0.0001, Med: 0.0142, Spu: 0.0000, FD: 0.0570, Var: 0.0000, CStr: 0.390, Ctx: 2, Train: 99.94%, Valid: 97.42%, Test In: 97.30% Test OOD1: 89.61% 
Epoch: 403, Loss: 0.1172, Cls: 0.0519, Ind: 0.0001, Med: 0.0132, Spu: 0.0000, FD: 0.0521, Var: 0.0000, CStr: 0.390, Ctx: 2, Train: 99.96%, Valid: 97.59%, Test In: 97.36% Test OOD1: 88.79% 
Epoch: 404, Loss: 0.1201, Cls: 0.0531, Ind: 0.0001, Med: 0.0134, Spu: 0.0000, FD: 0.0535, Var: 0.0000, CStr: 0.390, Ctx: 2, Train: 99.94%, Valid: 97.61%, Test In: 97.38% Test OOD1: 90.46% 
Epoch: 405, Loss: 0.1235, Cls: 0.0546, Ind: 0.0001, Med: 0.0137, Spu: 0.0000, FD: 0.0550, Var: 0.0000, CStr: 0.390, Ctx: 2, Train: 99.94%, Valid: 97.46%, Test In: 97.42% Test OOD1: 90.42% 
Epoch: 406, Loss: 0.1216, Cls: 0.0538, Ind: 0.0001, Med: 0.0136, Spu: 0.0000, FD: 0.0541, Var: 0.0000, CStr: 0.390, Ctx: 2, Train: 99.95%, Valid: 97.50%, Test In: 97.43% Test OOD1: 90.91% 
Epoch: 407, Loss: 0.1277, Cls: 0.0565, Ind: 0.0001, Med: 0.0141, Spu: 0.0000, FD: 0.0570, Var: 0.0000, CStr: 0.390, Ctx: 2, Train: 99.95%, Valid: 97.56%, Test In: 97.46% Test OOD1: 89.68% 
Epoch: 408, Loss: 0.1266, Cls: 0.0560, Ind: 0.0001, Med: 0.0140, Spu: 0.0000, FD: 0.0565, Var: 0.0000, CStr: 0.390, Ctx: 2, Train: 99.95%, Valid: 97.54%, Test In: 97.42% Test OOD1: 89.60% 
Epoch: 409, Loss: 0.1206, Cls: 0.0533, Ind: 0.0001, Med: 0.0134, Spu: 0.0000, FD: 0.0537, Var: 0.0000, CStr: 0.390, Ctx: 2, Train: 99.94%, Valid: 97.47%, Test In: 97.35% Test OOD1: 89.76% 
Epoch: 410, Loss: 0.1291, Cls: 0.0571, Ind: 0.0001, Med: 0.0143, Spu: 0.0000, FD: 0.0577, Var: 0.0000, CStr: 0.390, Ctx: 2, Train: 99.95%, Valid: 97.50%, Test In: 97.33% Test OOD1: 89.83% 
Epoch: 411, Loss: 0.1249, Cls: 0.0553, Ind: 0.0001, Med: 0.0139, Spu: 0.0000, FD: 0.0556, Var: 0.0000, CStr: 0.390, Ctx: 2, Train: 99.96%, Valid: 97.56%, Test In: 97.34% Test OOD1: 88.91% 
Epoch: 412, Loss: 0.1236, Cls: 0.0547, Ind: 0.0001, Med: 0.0140, Spu: 0.0000, FD: 0.0548, Var: 0.0000, CStr: 0.390, Ctx: 2, Train: 99.96%, Valid: 97.47%, Test In: 97.36% Test OOD1: 90.13% 
Epoch: 413, Loss: 0.1261, Cls: 0.0557, Ind: 0.0001, Med: 0.0140, Spu: 0.0000, FD: 0.0562, Var: 0.0000, CStr: 0.390, Ctx: 2, Train: 99.96%, Valid: 97.46%, Test In: 97.32% Test OOD1: 90.69% 
Epoch: 414, Loss: 0.1239, Cls: 0.0548, Ind: 0.0001, Med: 0.0139, Spu: 0.0000, FD: 0.0551, Var: 0.0000, CStr: 0.390, Ctx: 2, Train: 99.96%, Valid: 97.49%, Test In: 97.36% Test OOD1: 89.76% 
Epoch: 415, Loss: 0.1273, Cls: 0.0563, Ind: 0.0001, Med: 0.0142, Spu: 0.0000, FD: 0.0567, Var: 0.0000, CStr: 0.390, Ctx: 2, Train: 99.96%, Valid: 97.43%, Test In: 97.36% Test OOD1: 90.00% 
Epoch: 416, Loss: 0.1269, Cls: 0.0561, Ind: 0.0001, Med: 0.0141, Spu: 0.0000, FD: 0.0566, Var: 0.0000, CStr: 0.390, Ctx: 2, Train: 99.95%, Valid: 97.33%, Test In: 97.25% Test OOD1: 90.40% 
Epoch: 417, Loss: 0.1295, Cls: 0.0573, Ind: 0.0001, Med: 0.0144, Spu: 0.0000, FD: 0.0576, Var: 0.0000, CStr: 0.390, Ctx: 2, Train: 99.97%, Valid: 97.48%, Test In: 97.46% Test OOD1: 88.72% 
Epoch: 418, Loss: 0.1228, Cls: 0.0543, Ind: 0.0001, Med: 0.0137, Spu: 0.0000, FD: 0.0547, Var: 0.0000, CStr: 0.390, Ctx: 2, Train: 99.96%, Valid: 97.40%, Test In: 97.39% Test OOD1: 89.08% 
Epoch: 419, Loss: 0.1344, Cls: 0.0595, Ind: 0.0001, Med: 0.0150, Spu: 0.0000, FD: 0.0597, Var: 0.0000, CStr: 0.390, Ctx: 2, Train: 99.91%, Valid: 97.25%, Test In: 97.25% Test OOD1: 90.65% 
Epoch: 420, Loss: 0.1270, Cls: 0.0561, Ind: 0.0001, Med: 0.0141, Spu: 0.0000, FD: 0.0566, Var: 0.0000, CStr: 0.390, Ctx: 2, Train: 99.96%, Valid: 97.49%, Test In: 97.46% Test OOD1: 88.54% 
Epoch: 421, Loss: 0.1287, Cls: 0.0569, Ind: 0.0001, Med: 0.0142, Spu: 0.0000, FD: 0.0574, Var: 0.0000, CStr: 0.390, Ctx: 2, Train: 99.96%, Valid: 97.42%, Test In: 97.35% Test OOD1: 89.11% 
Epoch: 422, Loss: 0.1316, Cls: 0.0582, Ind: 0.0001, Med: 0.0147, Spu: 0.0000, FD: 0.0586, Var: 0.0000, CStr: 0.390, Ctx: 2, Train: 99.95%, Valid: 97.36%, Test In: 97.31% Test OOD1: 89.85% 
Epoch: 423, Loss: 0.1237, Cls: 0.0547, Ind: 0.0001, Med: 0.0137, Spu: 0.0000, FD: 0.0552, Var: 0.0000, CStr: 0.390, Ctx: 2, Train: 99.97%, Valid: 97.46%, Test In: 97.41% Test OOD1: 88.84% 
Epoch: 424, Loss: 0.1254, Cls: 0.0555, Ind: 0.0001, Med: 0.0139, Spu: 0.0000, FD: 0.0560, Var: 0.0000, CStr: 0.390, Ctx: 2, Train: 99.97%, Valid: 97.49%, Test In: 97.40% Test OOD1: 88.98% 
Epoch: 425, Loss: 0.1271, Cls: 0.0562, Ind: 0.0001, Med: 0.0141, Spu: 0.0000, FD: 0.0566, Var: 0.0000, CStr: 0.390, Ctx: 2, Train: 99.97%, Valid: 97.34%, Test In: 97.28% Test OOD1: 90.02% 
Epoch: 426, Loss: 0.1210, Cls: 0.0535, Ind: 0.0001, Med: 0.0135, Spu: 0.0000, FD: 0.0539, Var: 0.0000, CStr: 0.390, Ctx: 2, Train: 99.97%, Valid: 97.55%, Test In: 97.39% Test OOD1: 88.94% 
Epoch: 427, Loss: 0.1234, Cls: 0.0545, Ind: 0.0001, Med: 0.0136, Spu: 0.0000, FD: 0.0551, Var: 0.0000, CStr: 0.390, Ctx: 2, Train: 99.97%, Valid: 97.63%, Test In: 97.48% Test OOD1: 89.74% 
Epoch: 428, Loss: 0.1272, Cls: 0.0562, Ind: 0.0001, Med: 0.0141, Spu: 0.0000, FD: 0.0567, Var: 0.0000, CStr: 0.390, Ctx: 2, Train: 99.98%, Valid: 97.69%, Test In: 97.55% Test OOD1: 89.02% 
Epoch: 429, Loss: 0.1207, Cls: 0.0534, Ind: 0.0001, Med: 0.0135, Spu: 0.0000, FD: 0.0537, Var: 0.0000, CStr: 0.390, Ctx: 2, Train: 99.97%, Valid: 97.41%, Test In: 97.31% Test OOD1: 90.54% 
Epoch: 430, Loss: 0.1270, Cls: 0.0562, Ind: 0.0001, Med: 0.0142, Spu: 0.0000, FD: 0.0565, Var: 0.0000, CStr: 0.390, Ctx: 2, Train: 99.97%, Valid: 97.48%, Test In: 97.38% Test OOD1: 90.54% 
Epoch: 431, Loss: 0.1261, Cls: 0.0558, Ind: 0.0001, Med: 0.0142, Spu: 0.0000, FD: 0.0560, Var: 0.0000, CStr: 0.390, Ctx: 2, Train: 99.96%, Valid: 97.62%, Test In: 97.42% Test OOD1: 87.53% 
Epoch: 432, Loss: 0.1389, Cls: 0.0614, Ind: 0.0001, Med: 0.0154, Spu: 0.0000, FD: 0.0618, Var: 0.0000, CStr: 0.390, Ctx: 2, Train: 99.94%, Valid: 97.36%, Test In: 97.23% Test OOD1: 90.36% 
Epoch: 433, Loss: 0.1317, Cls: 0.0583, Ind: 0.0001, Med: 0.0147, Spu: 0.0000, FD: 0.0586, Var: 0.0000, CStr: 0.390, Ctx: 2, Train: 99.93%, Valid: 97.37%, Test In: 97.22% Test OOD1: 90.28% 
Epoch: 434, Loss: 0.1251, Cls: 0.0553, Ind: 0.0001, Med: 0.0139, Spu: 0.0000, FD: 0.0557, Var: 0.0000, CStr: 0.390, Ctx: 2, Train: 99.97%, Valid: 97.54%, Test In: 97.42% Test OOD1: 89.18% 
Epoch: 435, Loss: 0.1269, Cls: 0.0561, Ind: 0.0001, Med: 0.0141, Spu: 0.0000, FD: 0.0566, Var: 0.0000, CStr: 0.390, Ctx: 2, Train: 99.94%, Valid: 97.32%, Test In: 97.30% Test OOD1: 91.32% 
Epoch: 436, Loss: 0.1312, Cls: 0.0580, Ind: 0.0001, Med: 0.0146, Spu: 0.0000, FD: 0.0585, Var: 0.0000, CStr: 0.390, Ctx: 2, Train: 99.98%, Valid: 97.46%, Test In: 97.47% Test OOD1: 90.20% 
Epoch: 437, Loss: 0.1241, Cls: 0.0549, Ind: 0.0001, Med: 0.0139, Spu: 0.0000, FD: 0.0552, Var: 0.0000, CStr: 0.390, Ctx: 2, Train: 99.95%, Valid: 97.43%, Test In: 97.34% Test OOD1: 91.27% 
Epoch: 438, Loss: 0.1167, Cls: 0.0516, Ind: 0.0001, Med: 0.0129, Spu: 0.0000, FD: 0.0520, Var: 0.0000, CStr: 0.390, Ctx: 2, Train: 99.95%, Valid: 97.52%, Test In: 97.50% Test OOD1: 90.51% 
Epoch: 439, Loss: 0.1192, Cls: 0.0527, Ind: 0.0001, Med: 0.0131, Spu: 0.0000, FD: 0.0533, Var: 0.0000, CStr: 0.390, Ctx: 2, Train: 99.96%, Valid: 97.50%, Test In: 97.48% Test OOD1: 90.00% 
Epoch: 440, Loss: 0.1216, Cls: 0.0538, Ind: 0.0001, Med: 0.0136, Spu: 0.0000, FD: 0.0541, Var: 0.0000, CStr: 0.390, Ctx: 2, Train: 99.97%, Valid: 97.59%, Test In: 97.56% Test OOD1: 89.32% 
Epoch: 441, Loss: 0.1188, Cls: 0.0525, Ind: 0.0001, Med: 0.0131, Spu: 0.0000, FD: 0.0531, Var: 0.0000, CStr: 0.390, Ctx: 2, Train: 99.97%, Valid: 97.44%, Test In: 97.44% Test OOD1: 90.50% 
Epoch: 442, Loss: 0.1167, Cls: 0.0516, Ind: 0.0001, Med: 0.0130, Spu: 0.0000, FD: 0.0520, Var: 0.0000, CStr: 0.390, Ctx: 2, Train: 99.97%, Valid: 97.41%, Test In: 97.53% Test OOD1: 90.15% 
Epoch: 443, Loss: 0.1139, Cls: 0.0504, Ind: 0.0001, Med: 0.0127, Spu: 0.0000, FD: 0.0506, Var: 0.0000, CStr: 0.390, Ctx: 2, Train: 99.97%, Valid: 97.57%, Test In: 97.49% Test OOD1: 89.08% 
Epoch: 444, Loss: 0.1259, Cls: 0.0557, Ind: 0.0001, Med: 0.0141, Spu: 0.0000, FD: 0.0559, Var: 0.0000, CStr: 0.390, Ctx: 2, Train: 99.95%, Valid: 97.36%, Test In: 97.37% Test OOD1: 90.83% 
Epoch: 445, Loss: 0.1295, Cls: 0.0573, Ind: 0.0001, Med: 0.0145, Spu: 0.0000, FD: 0.0576, Var: 0.0000, CStr: 0.390, Ctx: 2, Train: 99.95%, Valid: 97.34%, Test In: 97.34% Test OOD1: 90.74% 
Epoch: 446, Loss: 0.1209, Cls: 0.0534, Ind: 0.0001, Med: 0.0134, Spu: 0.0000, FD: 0.0539, Var: 0.0000, CStr: 0.390, Ctx: 2, Train: 99.97%, Valid: 97.59%, Test In: 97.46% Test OOD1: 89.24% 
Epoch: 447, Loss: 0.1233, Cls: 0.0545, Ind: 0.0001, Med: 0.0137, Spu: 0.0000, FD: 0.0549, Var: 0.0000, CStr: 0.390, Ctx: 2, Train: 99.94%, Valid: 97.35%, Test In: 97.30% Test OOD1: 90.92% 
Epoch: 448, Loss: 0.1140, Cls: 0.0504, Ind: 0.0001, Med: 0.0127, Spu: 0.0000, FD: 0.0508, Var: 0.0000, CStr: 0.390, Ctx: 2, Train: 99.95%, Valid: 97.41%, Test In: 97.39% Test OOD1: 90.40% 
Epoch: 449, Loss: 0.1119, Cls: 0.0495, Ind: 0.0001, Med: 0.0125, Spu: 0.0000, FD: 0.0498, Var: 0.0000, CStr: 0.390, Ctx: 2, Train: 99.96%, Valid: 97.54%, Test In: 97.50% Test OOD1: 88.61% 
Epoch: 450, Loss: 0.1216, Cls: 0.0538, Ind: 0.0001, Med: 0.0136, Spu: 0.0000, FD: 0.0541, Var: 0.0000, CStr: 0.390, Ctx: 2, Train: 99.95%, Valid: 97.48%, Test In: 97.42% Test OOD1: 90.58% 
Epoch: 451, Loss: 0.1249, Cls: 0.0552, Ind: 0.0001, Med: 0.0137, Spu: 0.0000, FD: 0.0559, Var: 0.0000, CStr: 0.390, Ctx: 2, Train: 99.98%, Valid: 97.59%, Test In: 97.55% Test OOD1: 89.66% 
Epoch: 452, Loss: 0.1201, Cls: 0.0532, Ind: 0.0001, Med: 0.0135, Spu: 0.0000, FD: 0.0534, Var: 0.0000, CStr: 0.390, Ctx: 2, Train: 99.97%, Valid: 97.65%, Test In: 97.54% Test OOD1: 89.93% 
Epoch: 453, Loss: 0.1213, Cls: 0.0537, Ind: 0.0001, Med: 0.0136, Spu: 0.0000, FD: 0.0540, Var: 0.0000, CStr: 0.390, Ctx: 2, Train: 99.96%, Valid: 97.57%, Test In: 97.44% Test OOD1: 91.21% 
Epoch: 454, Loss: 0.1195, Cls: 0.0528, Ind: 0.0001, Med: 0.0132, Spu: 0.0000, FD: 0.0534, Var: 0.0000, CStr: 0.389, Ctx: 2, Train: 99.96%, Valid: 97.57%, Test In: 97.48% Test OOD1: 90.07% 
Epoch: 455, Loss: 0.1189, Cls: 0.0526, Ind: 0.0001, Med: 0.0132, Spu: 0.0000, FD: 0.0530, Var: 0.0000, CStr: 0.389, Ctx: 2, Train: 99.96%, Valid: 97.60%, Test In: 97.41% Test OOD1: 90.38% 
Epoch: 456, Loss: 0.1196, Cls: 0.0529, Ind: 0.0001, Med: 0.0134, Spu: 0.0000, FD: 0.0532, Var: 0.0000, CStr: 0.389, Ctx: 2, Train: 99.97%, Valid: 97.57%, Test In: 97.43% Test OOD1: 89.27% 
Epoch: 457, Loss: 0.1215, Cls: 0.0538, Ind: 0.0001, Med: 0.0137, Spu: 0.0000, FD: 0.0539, Var: 0.0000, CStr: 0.389, Ctx: 2, Train: 99.97%, Valid: 97.47%, Test In: 97.38% Test OOD1: 89.43% 
Epoch: 458, Loss: 0.1206, Cls: 0.0534, Ind: 0.0001, Med: 0.0134, Spu: 0.0000, FD: 0.0537, Var: 0.0000, CStr: 0.390, Ctx: 2, Train: 99.95%, Valid: 97.27%, Test In: 97.34% Test OOD1: 90.96% 
Epoch: 459, Loss: 0.1257, Cls: 0.0557, Ind: 0.0001, Med: 0.0141, Spu: 0.0000, FD: 0.0559, Var: 0.0000, CStr: 0.390, Ctx: 2, Train: 99.98%, Valid: 97.54%, Test In: 97.48% Test OOD1: 89.21% 
Epoch: 460, Loss: 0.1239, Cls: 0.0548, Ind: 0.0001, Med: 0.0137, Spu: 0.0000, FD: 0.0553, Var: 0.0000, CStr: 0.390, Ctx: 2, Train: 99.96%, Valid: 97.37%, Test In: 97.34% Test OOD1: 90.89% 
Epoch: 461, Loss: 0.1273, Cls: 0.0563, Ind: 0.0001, Med: 0.0142, Spu: 0.0000, FD: 0.0567, Var: 0.0000, CStr: 0.390, Ctx: 2, Train: 99.98%, Valid: 97.57%, Test In: 97.53% Test OOD1: 88.84% 
Epoch: 462, Loss: 0.1258, Cls: 0.0557, Ind: 0.0001, Med: 0.0140, Spu: 0.0000, FD: 0.0561, Var: 0.0000, CStr: 0.390, Ctx: 2, Train: 99.97%, Valid: 97.44%, Test In: 97.40% Test OOD1: 90.58% 
Epoch: 463, Loss: 0.1246, Cls: 0.0551, Ind: 0.0001, Med: 0.0139, Spu: 0.0000, FD: 0.0554, Var: 0.0000, CStr: 0.390, Ctx: 2, Train: 99.97%, Valid: 97.42%, Test In: 97.38% Test OOD1: 91.14% 
Epoch: 464, Loss: 0.1186, Cls: 0.0525, Ind: 0.0001, Med: 0.0132, Spu: 0.0000, FD: 0.0528, Var: 0.0000, CStr: 0.390, Ctx: 2, Train: 99.98%, Valid: 97.57%, Test In: 97.60% Test OOD1: 89.79% 
Epoch: 465, Loss: 0.1222, Cls: 0.0541, Ind: 0.0001, Med: 0.0136, Spu: 0.0000, FD: 0.0545, Var: 0.0000, CStr: 0.390, Ctx: 2, Train: 99.98%, Valid: 97.56%, Test In: 97.55% Test OOD1: 90.76% 
Epoch: 466, Loss: 0.1203, Cls: 0.0532, Ind: 0.0001, Med: 0.0133, Spu: 0.0000, FD: 0.0536, Var: 0.0000, CStr: 0.390, Ctx: 2, Train: 99.96%, Valid: 97.43%, Test In: 97.39% Test OOD1: 91.78% 
Epoch: 467, Loss: 0.1281, Cls: 0.0567, Ind: 0.0001, Med: 0.0142, Spu: 0.0000, FD: 0.0571, Var: 0.0000, CStr: 0.390, Ctx: 2, Train: 99.98%, Valid: 97.71%, Test In: 97.59% Test OOD1: 88.14% 
Epoch: 468, Loss: 0.1302, Cls: 0.0576, Ind: 0.0001, Med: 0.0144, Spu: 0.0000, FD: 0.0581, Var: 0.0000, CStr: 0.390, Ctx: 2, Train: 99.97%, Valid: 97.43%, Test In: 97.42% Test OOD1: 90.62% 
Epoch: 469, Loss: 0.1212, Cls: 0.0536, Ind: 0.0001, Med: 0.0136, Spu: 0.0000, FD: 0.0538, Var: 0.0000, CStr: 0.390, Ctx: 2, Train: 99.96%, Valid: 97.41%, Test In: 97.32% Test OOD1: 91.29% 
Epoch: 470, Loss: 0.1146, Cls: 0.0507, Ind: 0.0001, Med: 0.0128, Spu: 0.0000, FD: 0.0510, Var: 0.0000, CStr: 0.390, Ctx: 2, Train: 99.98%, Valid: 97.62%, Test In: 97.54% Test OOD1: 87.76% 
Epoch: 471, Loss: 0.1320, Cls: 0.0584, Ind: 0.0001, Med: 0.0146, Spu: 0.0000, FD: 0.0589, Var: 0.0000, CStr: 0.389, Ctx: 2, Train: 99.97%, Valid: 97.53%, Test In: 97.45% Test OOD1: 90.85% 
Epoch: 472, Loss: 0.1230, Cls: 0.0544, Ind: 0.0001, Med: 0.0136, Spu: 0.0000, FD: 0.0548, Var: 0.0000, CStr: 0.389, Ctx: 2, Train: 99.96%, Valid: 97.41%, Test In: 97.39% Test OOD1: 90.94% 
Epoch: 473, Loss: 0.1182, Cls: 0.0523, Ind: 0.0001, Med: 0.0131, Spu: 0.0000, FD: 0.0527, Var: 0.0000, CStr: 0.389, Ctx: 2, Train: 99.97%, Valid: 97.73%, Test In: 97.54% Test OOD1: 87.67% 
Epoch: 474, Loss: 0.1225, Cls: 0.0542, Ind: 0.0001, Med: 0.0135, Spu: 0.0000, FD: 0.0546, Var: 0.0000, CStr: 0.389, Ctx: 2, Train: 99.97%, Valid: 97.47%, Test In: 97.41% Test OOD1: 90.14% 
Epoch: 475, Loss: 0.1204, Cls: 0.0532, Ind: 0.0001, Med: 0.0133, Spu: 0.0000, FD: 0.0538, Var: 0.0000, CStr: 0.389, Ctx: 2, Train: 99.98%, Valid: 97.53%, Test In: 97.55% Test OOD1: 89.49% 
Epoch: 476, Loss: 0.1136, Cls: 0.0502, Ind: 0.0001, Med: 0.0126, Spu: 0.0000, FD: 0.0507, Var: 0.0000, CStr: 0.389, Ctx: 2, Train: 99.98%, Valid: 97.60%, Test In: 97.59% Test OOD1: 89.05% 
Epoch: 477, Loss: 0.1073, Cls: 0.0475, Ind: 0.0001, Med: 0.0120, Spu: 0.0000, FD: 0.0478, Var: 0.0000, CStr: 0.389, Ctx: 2, Train: 99.96%, Valid: 97.46%, Test In: 97.58% Test OOD1: 90.35% 
Epoch: 478, Loss: 0.1135, Cls: 0.0502, Ind: 0.0001, Med: 0.0126, Spu: 0.0000, FD: 0.0506, Var: 0.0000, CStr: 0.389, Ctx: 2, Train: 99.96%, Valid: 97.44%, Test In: 97.53% Test OOD1: 91.00% 
Epoch: 479, Loss: 0.1189, Cls: 0.0526, Ind: 0.0001, Med: 0.0130, Spu: 0.0000, FD: 0.0532, Var: 0.0000, CStr: 0.389, Ctx: 2, Train: 99.98%, Valid: 97.52%, Test In: 97.55% Test OOD1: 89.46% 
Epoch: 480, Loss: 0.1168, Cls: 0.0516, Ind: 0.0001, Med: 0.0129, Spu: 0.0000, FD: 0.0521, Var: 0.0000, CStr: 0.389, Ctx: 2, Train: 99.98%, Valid: 97.49%, Test In: 97.51% Test OOD1: 89.98% 
Epoch: 481, Loss: 0.1138, Cls: 0.0503, Ind: 0.0001, Med: 0.0127, Spu: 0.0000, FD: 0.0506, Var: 0.0000, CStr: 0.389, Ctx: 2, Train: 99.95%, Valid: 97.33%, Test In: 97.31% Test OOD1: 91.67% 
Epoch: 482, Loss: 0.1339, Cls: 0.0593, Ind: 0.0001, Med: 0.0149, Spu: 0.0000, FD: 0.0597, Var: 0.0000, CStr: 0.389, Ctx: 2, Train: 99.99%, Valid: 97.61%, Test In: 97.57% Test OOD1: 88.98% 
Epoch: 483, Loss: 0.1193, Cls: 0.0528, Ind: 0.0001, Med: 0.0133, Spu: 0.0000, FD: 0.0531, Var: 0.0000, CStr: 0.389, Ctx: 2, Train: 99.98%, Valid: 97.57%, Test In: 97.55% Test OOD1: 88.46% 
Epoch: 484, Loss: 0.1209, Cls: 0.0535, Ind: 0.0001, Med: 0.0134, Spu: 0.0000, FD: 0.0539, Var: 0.0000, CStr: 0.389, Ctx: 2, Train: 99.93%, Valid: 97.32%, Test In: 97.19% Test OOD1: 91.60% 
Epoch: 485, Loss: 0.1242, Cls: 0.0550, Ind: 0.0001, Med: 0.0138, Spu: 0.0000, FD: 0.0554, Var: 0.0000, CStr: 0.389, Ctx: 2, Train: 99.98%, Valid: 97.65%, Test In: 97.61% Test OOD1: 89.26% 
Epoch: 486, Loss: 0.1099, Cls: 0.0486, Ind: 0.0001, Med: 0.0123, Spu: 0.0000, FD: 0.0489, Var: 0.0000, CStr: 0.389, Ctx: 2, Train: 99.98%, Valid: 97.69%, Test In: 97.67% Test OOD1: 89.01% 
Epoch: 487, Loss: 0.1174, Cls: 0.0519, Ind: 0.0001, Med: 0.0130, Spu: 0.0000, FD: 0.0523, Var: 0.0000, CStr: 0.389, Ctx: 2, Train: 99.97%, Valid: 97.45%, Test In: 97.33% Test OOD1: 91.39% 
Epoch: 488, Loss: 0.1213, Cls: 0.0537, Ind: 0.0001, Med: 0.0136, Spu: 0.0000, FD: 0.0539, Var: 0.0000, CStr: 0.389, Ctx: 2, Train: 99.98%, Valid: 97.67%, Test In: 97.66% Test OOD1: 88.91% 
Epoch: 489, Loss: 0.1158, Cls: 0.0512, Ind: 0.0001, Med: 0.0129, Spu: 0.0000, FD: 0.0516, Var: 0.0000, CStr: 0.389, Ctx: 2, Train: 99.99%, Valid: 97.75%, Test In: 97.66% Test OOD1: 89.63% 
Epoch: 490, Loss: 0.1064, Cls: 0.0471, Ind: 0.0001, Med: 0.0119, Spu: 0.0000, FD: 0.0473, Var: 0.0000, CStr: 0.389, Ctx: 2, Train: 99.97%, Valid: 97.53%, Test In: 97.42% Test OOD1: 91.53% 
Epoch: 491, Loss: 0.1218, Cls: 0.0539, Ind: 0.0001, Med: 0.0135, Spu: 0.0000, FD: 0.0543, Var: 0.0000, CStr: 0.389, Ctx: 2, Train: 99.97%, Valid: 97.53%, Test In: 97.52% Test OOD1: 88.58% 
Epoch: 492, Loss: 0.1195, Cls: 0.0529, Ind: 0.0001, Med: 0.0132, Spu: 0.0000, FD: 0.0534, Var: 0.0000, CStr: 0.389, Ctx: 2, Train: 99.99%, Valid: 97.58%, Test In: 97.56% Test OOD1: 90.32% 
Epoch: 493, Loss: 0.1106, Cls: 0.0489, Ind: 0.0001, Med: 0.0123, Spu: 0.0000, FD: 0.0493, Var: 0.0000, CStr: 0.389, Ctx: 2, Train: 99.96%, Valid: 97.43%, Test In: 97.42% Test OOD1: 91.14% 
Epoch: 494, Loss: 0.1223, Cls: 0.0541, Ind: 0.0001, Med: 0.0136, Spu: 0.0000, FD: 0.0545, Var: 0.0000, CStr: 0.389, Ctx: 2, Train: 99.98%, Valid: 97.63%, Test In: 97.57% Test OOD1: 87.80% 
Epoch: 495, Loss: 0.1171, Cls: 0.0518, Ind: 0.0001, Med: 0.0130, Spu: 0.0000, FD: 0.0522, Var: 0.0000, CStr: 0.389, Ctx: 2, Train: 99.98%, Valid: 97.50%, Test In: 97.49% Test OOD1: 90.26% 
Epoch: 496, Loss: 0.1142, Cls: 0.0505, Ind: 0.0001, Med: 0.0127, Spu: 0.0000, FD: 0.0509, Var: 0.0000, CStr: 0.389, Ctx: 2, Train: 99.94%, Valid: 97.38%, Test In: 97.38% Test OOD1: 91.59% 
Epoch: 497, Loss: 0.1156, Cls: 0.0512, Ind: 0.0001, Med: 0.0129, Spu: 0.0000, FD: 0.0514, Var: 0.0000, CStr: 0.389, Ctx: 2, Train: 99.99%, Valid: 97.61%, Test In: 97.64% Test OOD1: 89.11% 
Epoch: 498, Loss: 0.1094, Cls: 0.0484, Ind: 0.0001, Med: 0.0122, Spu: 0.0000, FD: 0.0488, Var: 0.0000, CStr: 0.389, Ctx: 2, Train: 99.98%, Valid: 97.62%, Test In: 97.50% Test OOD1: 89.43% 
Epoch: 499, Loss: 0.1085, Cls: 0.0480, Ind: 0.0001, Med: 0.0120, Spu: 0.0000, FD: 0.0484, Var: 0.0000, CStr: 0.389, Ctx: 2, Train: 99.96%, Valid: 97.50%, Test In: 97.42% Test OOD1: 91.12% 
Run 02:
Highest Train: 99.99
Highest Valid: 97.75
Highest In Test: 97.67
Highest OOD Test: 91.78
Chosen epoch: 490
Final Train: 99.99
Final In Test: 97.66
Final OOD Test: 89.63
All runs:
Highest Train: 99.98 ± 0.01
Highest Valid: 97.71 ± 0.07
Highest In Test: 97.51 ± 0.22
Highest OOD Test: 91.83 ± 0.07
  Final Train: 99.96 ± 0.03
   Final In  Test: 97.43 ± 0.33
   Final OOD Test: 88.66 ± 1.38
[INFO] TensorBoard writer closed.

Command: python main_frontdoor.py --dataset pubmed --backbone_type gcn --store_result --epochs 500 --runs 2 --num_layers 2 --device 1 --combine_result --lr 0.005 --weight_decay 5e-05 --dropout 0.2 --hidden_channels 64 --K 2 --lambda_fd 1.0 --lambda_spu 0.1 --lambda_ind 0.05 --context_gate_temp 1.0 --fd_blend 0.7 --lambda_med 0.25 --result_name pubmed_gcn_frontdoor_stage2_lr0.005_weight_decay5e-05_dropout0.2_hidden_channels64_K2_lambda_fd1.0_lambda_spu0.1_lambda_ind0.05_context_gate_temp1.0_fd_blend0.7_lambda_med0.25
Return code: 0
Elapsed: 100.10s
