Namespace(K=2, backbone_type='gcn', causal_strength_ema=0.95, causal_strength_min=0.1, combine_result=True, context_gate_temp=0.5, cpu=False, data_dir='./data/', dataset='pubmed', device=1, display_step=1, dropout=0.2, env_type='node', epochs=500, expert_agg='mean', fd_blend=0.3, gamma=0.99, gate_hidden=64, hidden_channels=64, infer_env=False, infer_env_components=64, infer_env_iters=30, infer_env_num=3, lambda_fd=1.0, lambda_ind=0.1, lambda_med=0.5, lambda_spu=0.1, lambda_var=0.05, lamda=1.0, lr=0.005, num_layers=2, other_env_reduce='sample', pos_weight=5.0, result_name='pubmed_gcn_frontdoor_stage2_lr0.005_weight_decay5e-05_dropout0.2_hidden_channels64_K2_lambda_fd1.0_lambda_spu0.1_lambda_ind0.1_context_gate_temp0.5_fd_blend0.3_lambda_med0.5', runs=2, seed=123, store_result=True, tau=1, use_bn=False, use_causal_strength_ind=True, variant=False, weight_decay=5e-05)
using existing synthetic data...
dataset pubmed: all nodes 118302 | edges 531888 | classes 3 | feats 510
train nodes 29575 | valid nodes 14788 | test in nodes 14788
test ood1 nodes 59151 
[INFO] env numbers: 6 train env numbers: 3
MODEL: GraphFrontDoor(
  (act_fn): ReLU()
  (input_proj): Linear(in_features=510, out_features=64, bias=True)
  (backbone_layers): ModuleList(
    (0): FrontDoorBackboneLayer()
    (1): FrontDoorBackboneLayer()
  )
  (causal_adapter): Linear(in_features=64, out_features=64, bias=True)
  (spurious_adapter): Linear(in_features=64, out_features=64, bias=True)
  (causal_norm): LayerNorm((64,), eps=1e-05, elementwise_affine=True)
  (spurious_norm): LayerNorm((64,), eps=1e-05, elementwise_affine=True)
  (classifier): Linear(in_features=64, out_features=3, bias=True)
  (spurious_classifier): Linear(in_features=64, out_features=3, bias=True)
  (fd_classifier): Linear(in_features=64, out_features=3, bias=True)
  (query_proj): Linear(in_features=64, out_features=64, bias=True)
  (key_proj): Linear(in_features=64, out_features=64, bias=True)
  (value_proj): Linear(in_features=64, out_features=64, bias=True)
  (aug_norm): LayerNorm((64,), eps=1e-05, elementwise_affine=True)
)
[INFO] TensorBoard logging activated. Logs will be saved to: ./runs/pubmed/frontdoor/pubmed_gcn_frontdoor_stage2_lr0.005_weight_decay5e-05_dropout0.2_hidden_channels64_K2_lambda_fd1.0_lambda_spu0.1_lambda_ind0.1_context_gate_temp0.5_fd_blend0.3_lambda_med0.5
[INFO] Independence loss: causal-strength masked | strength EMA: 0.95 | min weight: 0.1
Epoch: 00, Loss: 3.0862, Cls: 1.1940, Ind: 0.0227, Med: 0.6034, Spu: 0.0114, FD: 1.2546, Var: 0.0001, CStr: 0.502, Ctx: 2, Train: 39.32%, Valid: 39.07%, Test In: 39.32% Test OOD1: 39.26% 
Epoch: 01, Loss: 2.7472, Cls: 1.0531, Ind: 0.0272, Med: 0.5246, Spu: 0.0108, FD: 1.1314, Var: 0.0001, CStr: 0.504, Ctx: 2, Train: 67.88%, Valid: 67.25%, Test In: 67.92% Test OOD1: 51.49% 
Epoch: 02, Loss: 2.5153, Cls: 0.9617, Ind: 0.0277, Med: 0.4802, Spu: 0.0092, FD: 1.0364, Var: 0.0001, CStr: 0.506, Ctx: 2, Train: 71.56%, Valid: 71.23%, Test In: 72.15% Test OOD1: 61.45% 
Epoch: 03, Loss: 2.2521, Cls: 0.8587, Ind: 0.0363, Med: 0.4284, Spu: 0.0054, FD: 0.9232, Var: 0.0001, CStr: 0.507, Ctx: 2, Train: 72.61%, Valid: 72.46%, Test In: 73.28% Test OOD1: 60.62% 
Epoch: 04, Loss: 1.9693, Cls: 0.7480, Ind: 0.0548, Med: 0.3748, Spu: 0.0040, FD: 0.7876, Var: 0.0001, CStr: 0.509, Ctx: 2, Train: 82.23%, Valid: 82.08%, Test In: 82.58% Test OOD1: 62.20% 
Epoch: 05, Loss: 1.7455, Cls: 0.6566, Ind: 0.0708, Med: 0.3307, Spu: 0.0042, FD: 0.6831, Var: 0.0001, CStr: 0.510, Ctx: 2, Train: 86.79%, Valid: 86.64%, Test In: 86.97% Test OOD1: 63.12% 
Epoch: 06, Loss: 1.5500, Cls: 0.5746, Ind: 0.0749, Med: 0.2878, Spu: 0.0043, FD: 0.6081, Var: 0.0001, CStr: 0.511, Ctx: 2, Train: 87.49%, Valid: 87.39%, Test In: 87.63% Test OOD1: 63.58% 
Epoch: 07, Loss: 1.3787, Cls: 0.5041, Ind: 0.0744, Med: 0.2513, Spu: 0.0042, FD: 0.5446, Var: 0.0001, CStr: 0.511, Ctx: 2, Train: 88.19%, Valid: 87.96%, Test In: 88.23% Test OOD1: 63.55% 
Epoch: 08, Loss: 1.2362, Cls: 0.4482, Ind: 0.0703, Med: 0.2230, Spu: 0.0037, FD: 0.4909, Var: 0.0001, CStr: 0.511, Ctx: 2, Train: 88.88%, Valid: 88.50%, Test In: 88.77% Test OOD1: 63.24% 
Epoch: 09, Loss: 1.1420, Cls: 0.4125, Ind: 0.0675, Med: 0.2051, Spu: 0.0033, FD: 0.4536, Var: 0.0001, CStr: 0.511, Ctx: 2, Train: 89.39%, Valid: 89.15%, Test In: 89.43% Test OOD1: 63.47% 
Epoch: 10, Loss: 1.0792, Cls: 0.3907, Ind: 0.0636, Med: 0.1948, Spu: 0.0033, FD: 0.4268, Var: 0.0000, CStr: 0.511, Ctx: 2, Train: 89.85%, Valid: 89.55%, Test In: 89.84% Test OOD1: 63.79% 
Epoch: 11, Loss: 1.0089, Cls: 0.3651, Ind: 0.0647, Med: 0.1830, Spu: 0.0035, FD: 0.3925, Var: 0.0000, CStr: 0.510, Ctx: 2, Train: 90.07%, Valid: 89.67%, Test In: 89.91% Test OOD1: 64.06% 
Epoch: 12, Loss: 0.9819, Cls: 0.3578, Ind: 0.0656, Med: 0.1812, Spu: 0.0036, FD: 0.3736, Var: 0.0000, CStr: 0.509, Ctx: 2, Train: 90.15%, Valid: 89.75%, Test In: 90.06% Test OOD1: 63.69% 
Epoch: 13, Loss: 0.9579, Cls: 0.3516, Ind: 0.0610, Med: 0.1781, Spu: 0.0032, FD: 0.3640, Var: 0.0000, CStr: 0.509, Ctx: 2, Train: 90.14%, Valid: 89.74%, Test In: 89.91% Test OOD1: 63.42% 
Epoch: 14, Loss: 0.9456, Cls: 0.3516, Ind: 0.0540, Med: 0.1789, Spu: 0.0028, FD: 0.3582, Var: 0.0000, CStr: 0.508, Ctx: 2, Train: 90.19%, Valid: 89.77%, Test In: 90.07% Test OOD1: 64.82% 
Epoch: 15, Loss: 0.9112, Cls: 0.3418, Ind: 0.0466, Med: 0.1739, Spu: 0.0025, FD: 0.3463, Var: 0.0000, CStr: 0.508, Ctx: 2, Train: 90.30%, Valid: 89.92%, Test In: 90.26% Test OOD1: 66.88% 
Epoch: 16, Loss: 0.8778, Cls: 0.3317, Ind: 0.0387, Med: 0.1686, Spu: 0.0025, FD: 0.3361, Var: 0.0000, CStr: 0.508, Ctx: 2, Train: 90.39%, Valid: 90.05%, Test In: 90.41% Test OOD1: 68.16% 
Epoch: 17, Loss: 0.8578, Cls: 0.3263, Ind: 0.0320, Med: 0.1657, Spu: 0.0026, FD: 0.3312, Var: 0.0000, CStr: 0.507, Ctx: 2, Train: 90.44%, Valid: 90.09%, Test In: 90.44% Test OOD1: 68.61% 
Epoch: 18, Loss: 0.8547, Cls: 0.3271, Ind: 0.0257, Med: 0.1657, Spu: 0.0026, FD: 0.3335, Var: 0.0000, CStr: 0.507, Ctx: 2, Train: 90.58%, Valid: 90.12%, Test In: 90.57% Test OOD1: 68.32% 
Epoch: 19, Loss: 0.8408, Cls: 0.3235, Ind: 0.0211, Med: 0.1637, Spu: 0.0024, FD: 0.3301, Var: 0.0000, CStr: 0.507, Ctx: 2, Train: 90.71%, Valid: 90.26%, Test In: 90.58% Test OOD1: 67.68% 
Epoch: 20, Loss: 0.8313, Cls: 0.3217, Ind: 0.0186, Med: 0.1632, Spu: 0.0022, FD: 0.3257, Var: 0.0000, CStr: 0.507, Ctx: 2, Train: 90.95%, Valid: 90.39%, Test In: 90.74% Test OOD1: 67.60% 
Epoch: 21, Loss: 0.8083, Cls: 0.3131, Ind: 0.0171, Med: 0.1588, Spu: 0.0020, FD: 0.3172, Var: 0.0000, CStr: 0.506, Ctx: 2, Train: 91.02%, Valid: 90.54%, Test In: 90.90% Test OOD1: 68.05% 
Epoch: 22, Loss: 0.7959, Cls: 0.3083, Ind: 0.0161, Med: 0.1562, Spu: 0.0019, FD: 0.3134, Var: 0.0000, CStr: 0.506, Ctx: 2, Train: 91.14%, Valid: 90.68%, Test In: 91.09% Test OOD1: 68.28% 
Epoch: 23, Loss: 0.7853, Cls: 0.3047, Ind: 0.0147, Med: 0.1543, Spu: 0.0019, FD: 0.3096, Var: 0.0000, CStr: 0.506, Ctx: 2, Train: 91.21%, Valid: 90.80%, Test In: 91.22% Test OOD1: 67.89% 
Epoch: 24, Loss: 0.7840, Cls: 0.3047, Ind: 0.0133, Med: 0.1543, Spu: 0.0019, FD: 0.3098, Var: 0.0000, CStr: 0.506, Ctx: 2, Train: 91.36%, Valid: 90.87%, Test In: 91.22% Test OOD1: 67.94% 
Epoch: 25, Loss: 0.7602, Cls: 0.2963, Ind: 0.0117, Med: 0.1502, Spu: 0.0017, FD: 0.3002, Var: 0.0000, CStr: 0.506, Ctx: 2, Train: 91.39%, Valid: 90.88%, Test In: 91.27% Test OOD1: 68.09% 
Epoch: 26, Loss: 0.7526, Cls: 0.2938, Ind: 0.0104, Med: 0.1486, Spu: 0.0016, FD: 0.2982, Var: 0.0000, CStr: 0.506, Ctx: 2, Train: 91.54%, Valid: 90.98%, Test In: 91.33% Test OOD1: 68.53% 
Epoch: 27, Loss: 0.7397, Cls: 0.2894, Ind: 0.0093, Med: 0.1463, Spu: 0.0015, FD: 0.2932, Var: 0.0000, CStr: 0.506, Ctx: 2, Train: 91.59%, Valid: 91.12%, Test In: 91.38% Test OOD1: 69.77% 
Epoch: 28, Loss: 0.7348, Cls: 0.2875, Ind: 0.0086, Med: 0.1450, Spu: 0.0014, FD: 0.2923, Var: 0.0000, CStr: 0.507, Ctx: 2, Train: 91.65%, Valid: 91.09%, Test In: 91.38% Test OOD1: 70.98% 
Epoch: 29, Loss: 0.7455, Cls: 0.2922, Ind: 0.0080, Med: 0.1474, Spu: 0.0014, FD: 0.2965, Var: 0.0000, CStr: 0.507, Ctx: 2, Train: 91.74%, Valid: 91.18%, Test In: 91.45% Test OOD1: 71.21% 
Epoch: 30, Loss: 0.7191, Cls: 0.2824, Ind: 0.0078, Med: 0.1428, Spu: 0.0013, FD: 0.2847, Var: 0.0000, CStr: 0.508, Ctx: 2, Train: 91.84%, Valid: 91.25%, Test In: 91.49% Test OOD1: 70.41% 
Epoch: 31, Loss: 0.7170, Cls: 0.2814, Ind: 0.0072, Med: 0.1420, Spu: 0.0013, FD: 0.2851, Var: 0.0000, CStr: 0.509, Ctx: 2, Train: 92.00%, Valid: 91.36%, Test In: 91.63% Test OOD1: 70.87% 
Epoch: 32, Loss: 0.7129, Cls: 0.2800, Ind: 0.0071, Med: 0.1415, Spu: 0.0012, FD: 0.2831, Var: 0.0000, CStr: 0.509, Ctx: 2, Train: 92.14%, Valid: 91.43%, Test In: 91.78% Test OOD1: 71.78% 
Epoch: 33, Loss: 0.6889, Cls: 0.2707, Ind: 0.0067, Med: 0.1370, Spu: 0.0011, FD: 0.2734, Var: 0.0000, CStr: 0.510, Ctx: 2, Train: 92.30%, Valid: 91.57%, Test In: 91.92% Test OOD1: 72.04% 
Epoch: 34, Loss: 0.6844, Cls: 0.2695, Ind: 0.0062, Med: 0.1365, Spu: 0.0011, FD: 0.2710, Var: 0.0000, CStr: 0.510, Ctx: 2, Train: 92.40%, Valid: 91.62%, Test In: 91.95% Test OOD1: 71.81% 
Epoch: 35, Loss: 0.6783, Cls: 0.2674, Ind: 0.0056, Med: 0.1355, Spu: 0.0011, FD: 0.2687, Var: 0.0000, CStr: 0.511, Ctx: 2, Train: 92.51%, Valid: 91.71%, Test In: 92.08% Test OOD1: 72.02% 
Epoch: 36, Loss: 0.6824, Cls: 0.2690, Ind: 0.0051, Med: 0.1360, Spu: 0.0010, FD: 0.2712, Var: 0.0000, CStr: 0.511, Ctx: 2, Train: 92.58%, Valid: 91.72%, Test In: 92.17% Test OOD1: 72.61% 
Epoch: 37, Loss: 0.6730, Cls: 0.2655, Ind: 0.0046, Med: 0.1340, Spu: 0.0009, FD: 0.2679, Var: 0.0000, CStr: 0.511, Ctx: 2, Train: 92.63%, Valid: 91.77%, Test In: 92.20% Test OOD1: 72.68% 
Epoch: 38, Loss: 0.6564, Cls: 0.2587, Ind: 0.0044, Med: 0.1304, Spu: 0.0009, FD: 0.2620, Var: 0.0000, CStr: 0.511, Ctx: 2, Train: 92.69%, Valid: 91.83%, Test In: 92.22% Test OOD1: 72.78% 
Epoch: 39, Loss: 0.6561, Cls: 0.2589, Ind: 0.0043, Med: 0.1306, Spu: 0.0009, FD: 0.2615, Var: 0.0000, CStr: 0.511, Ctx: 2, Train: 92.71%, Valid: 91.91%, Test In: 92.29% Test OOD1: 73.71% 
Epoch: 40, Loss: 0.6387, Cls: 0.2519, Ind: 0.0039, Med: 0.1269, Spu: 0.0008, FD: 0.2552, Var: 0.0000, CStr: 0.511, Ctx: 2, Train: 92.83%, Valid: 92.01%, Test In: 92.35% Test OOD1: 73.96% 
Epoch: 41, Loss: 0.6408, Cls: 0.2532, Ind: 0.0037, Med: 0.1277, Spu: 0.0008, FD: 0.2555, Var: 0.0000, CStr: 0.511, Ctx: 2, Train: 92.94%, Valid: 91.99%, Test In: 92.42% Test OOD1: 73.87% 
Epoch: 42, Loss: 0.6247, Cls: 0.2467, Ind: 0.0032, Med: 0.1244, Spu: 0.0008, FD: 0.2496, Var: 0.0000, CStr: 0.511, Ctx: 2, Train: 92.99%, Valid: 92.03%, Test In: 92.48% Test OOD1: 74.39% 
Epoch: 43, Loss: 0.6193, Cls: 0.2446, Ind: 0.0030, Med: 0.1232, Spu: 0.0007, FD: 0.2477, Var: 0.0000, CStr: 0.510, Ctx: 2, Train: 93.07%, Valid: 92.12%, Test In: 92.49% Test OOD1: 74.95% 
Epoch: 44, Loss: 0.6209, Cls: 0.2454, Ind: 0.0028, Med: 0.1237, Spu: 0.0007, FD: 0.2482, Var: 0.0000, CStr: 0.510, Ctx: 2, Train: 93.13%, Valid: 92.11%, Test In: 92.55% Test OOD1: 75.47% 
Epoch: 45, Loss: 0.6141, Cls: 0.2427, Ind: 0.0025, Med: 0.1222, Spu: 0.0007, FD: 0.2459, Var: 0.0000, CStr: 0.509, Ctx: 2, Train: 93.22%, Valid: 92.17%, Test In: 92.58% Test OOD1: 75.53% 
Epoch: 46, Loss: 0.6090, Cls: 0.2409, Ind: 0.0024, Med: 0.1213, Spu: 0.0007, FD: 0.2437, Var: 0.0000, CStr: 0.509, Ctx: 2, Train: 93.31%, Valid: 92.30%, Test In: 92.72% Test OOD1: 75.45% 
Epoch: 47, Loss: 0.6102, Cls: 0.2413, Ind: 0.0025, Med: 0.1215, Spu: 0.0006, FD: 0.2442, Var: 0.0000, CStr: 0.508, Ctx: 2, Train: 93.34%, Valid: 92.23%, Test In: 92.58% Test OOD1: 76.69% 
Epoch: 48, Loss: 0.5991, Cls: 0.2371, Ind: 0.0024, Med: 0.1194, Spu: 0.0006, FD: 0.2396, Var: 0.0000, CStr: 0.507, Ctx: 2, Train: 93.39%, Valid: 92.28%, Test In: 92.57% Test OOD1: 76.89% 
Epoch: 49, Loss: 0.5971, Cls: 0.2362, Ind: 0.0023, Med: 0.1189, Spu: 0.0006, FD: 0.2391, Var: 0.0000, CStr: 0.507, Ctx: 2, Train: 93.48%, Valid: 92.38%, Test In: 92.79% Test OOD1: 75.68% 
Epoch: 50, Loss: 0.5955, Cls: 0.2354, Ind: 0.0023, Med: 0.1183, Spu: 0.0006, FD: 0.2389, Var: 0.0000, CStr: 0.506, Ctx: 2, Train: 93.45%, Valid: 92.30%, Test In: 92.64% Test OOD1: 77.50% 
Epoch: 51, Loss: 0.5795, Cls: 0.2292, Ind: 0.0023, Med: 0.1154, Spu: 0.0006, FD: 0.2320, Var: 0.0000, CStr: 0.505, Ctx: 2, Train: 93.54%, Valid: 92.30%, Test In: 92.64% Test OOD1: 77.90% 
Epoch: 52, Loss: 0.5756, Cls: 0.2275, Ind: 0.0022, Med: 0.1144, Spu: 0.0005, FD: 0.2309, Var: 0.0000, CStr: 0.504, Ctx: 2, Train: 93.68%, Valid: 92.49%, Test In: 92.87% Test OOD1: 76.36% 
Epoch: 53, Loss: 0.5782, Cls: 0.2284, Ind: 0.0022, Med: 0.1147, Spu: 0.0005, FD: 0.2324, Var: 0.0000, CStr: 0.504, Ctx: 2, Train: 93.69%, Valid: 92.47%, Test In: 92.80% Test OOD1: 77.87% 
Epoch: 54, Loss: 0.5739, Cls: 0.2270, Ind: 0.0021, Med: 0.1142, Spu: 0.0005, FD: 0.2301, Var: 0.0000, CStr: 0.503, Ctx: 2, Train: 93.58%, Valid: 92.25%, Test In: 92.53% Test OOD1: 79.56% 
Epoch: 55, Loss: 0.5726, Cls: 0.2264, Ind: 0.0021, Med: 0.1137, Spu: 0.0005, FD: 0.2299, Var: 0.0000, CStr: 0.502, Ctx: 2, Train: 93.76%, Valid: 92.58%, Test In: 92.91% Test OOD1: 77.92% 
Epoch: 56, Loss: 0.5680, Cls: 0.2248, Ind: 0.0019, Med: 0.1130, Spu: 0.0005, FD: 0.2278, Var: 0.0000, CStr: 0.501, Ctx: 2, Train: 93.91%, Valid: 92.62%, Test In: 92.87% Test OOD1: 78.02% 
Epoch: 57, Loss: 0.5583, Cls: 0.2209, Ind: 0.0019, Med: 0.1110, Spu: 0.0004, FD: 0.2241, Var: 0.0000, CStr: 0.500, Ctx: 2, Train: 93.80%, Valid: 92.43%, Test In: 92.74% Test OOD1: 79.69% 
Epoch: 58, Loss: 0.5495, Cls: 0.2175, Ind: 0.0019, Med: 0.1094, Spu: 0.0004, FD: 0.2203, Var: 0.0000, CStr: 0.499, Ctx: 2, Train: 93.98%, Valid: 92.66%, Test In: 92.82% Test OOD1: 78.97% 
Epoch: 59, Loss: 0.5416, Cls: 0.2144, Ind: 0.0018, Med: 0.1078, Spu: 0.0004, FD: 0.2173, Var: 0.0000, CStr: 0.498, Ctx: 2, Train: 94.05%, Valid: 92.74%, Test In: 92.97% Test OOD1: 77.77% 
Epoch: 60, Loss: 0.5504, Cls: 0.2178, Ind: 0.0017, Med: 0.1094, Spu: 0.0004, FD: 0.2211, Var: 0.0000, CStr: 0.498, Ctx: 2, Train: 94.06%, Valid: 92.69%, Test In: 92.84% Test OOD1: 78.94% 
Epoch: 61, Loss: 0.5386, Cls: 0.2133, Ind: 0.0017, Med: 0.1072, Spu: 0.0004, FD: 0.2159, Var: 0.0000, CStr: 0.497, Ctx: 2, Train: 94.03%, Valid: 92.66%, Test In: 92.76% Test OOD1: 80.06% 
Epoch: 62, Loss: 0.5446, Cls: 0.2158, Ind: 0.0016, Med: 0.1085, Spu: 0.0004, FD: 0.2182, Var: 0.0000, CStr: 0.496, Ctx: 2, Train: 94.36%, Valid: 92.97%, Test In: 93.03% Test OOD1: 78.66% 
Epoch: 63, Loss: 0.5348, Cls: 0.2117, Ind: 0.0016, Med: 0.1064, Spu: 0.0004, FD: 0.2147, Var: 0.0000, CStr: 0.496, Ctx: 2, Train: 94.38%, Valid: 92.99%, Test In: 93.12% Test OOD1: 79.15% 
Epoch: 64, Loss: 0.5239, Cls: 0.2075, Ind: 0.0015, Med: 0.1043, Spu: 0.0003, FD: 0.2101, Var: 0.0000, CStr: 0.495, Ctx: 2, Train: 94.27%, Valid: 92.83%, Test In: 92.85% Test OOD1: 80.88% 
Epoch: 65, Loss: 0.5223, Cls: 0.2068, Ind: 0.0016, Med: 0.1039, Spu: 0.0003, FD: 0.2097, Var: 0.0000, CStr: 0.495, Ctx: 2, Train: 94.53%, Valid: 93.04%, Test In: 93.10% Test OOD1: 80.42% 
Epoch: 66, Loss: 0.5210, Cls: 0.2062, Ind: 0.0015, Med: 0.1035, Spu: 0.0003, FD: 0.2095, Var: 0.0000, CStr: 0.494, Ctx: 2, Train: 94.68%, Valid: 93.14%, Test In: 93.27% Test OOD1: 79.62% 
Epoch: 67, Loss: 0.5192, Cls: 0.2056, Ind: 0.0015, Med: 0.1032, Spu: 0.0003, FD: 0.2086, Var: 0.0000, CStr: 0.494, Ctx: 2, Train: 94.46%, Valid: 92.97%, Test In: 93.01% Test OOD1: 81.02% 
Epoch: 68, Loss: 0.5132, Cls: 0.2035, Ind: 0.0014, Med: 0.1024, Spu: 0.0003, FD: 0.2056, Var: 0.0000, CStr: 0.494, Ctx: 2, Train: 94.53%, Valid: 93.03%, Test In: 93.11% Test OOD1: 80.89% 
Epoch: 69, Loss: 0.4997, Cls: 0.1980, Ind: 0.0014, Med: 0.0996, Spu: 0.0003, FD: 0.2004, Var: 0.0000, CStr: 0.494, Ctx: 2, Train: 94.73%, Valid: 93.19%, Test In: 93.32% Test OOD1: 79.84% 
Epoch: 70, Loss: 0.5000, Cls: 0.1982, Ind: 0.0014, Med: 0.0996, Spu: 0.0003, FD: 0.2006, Var: 0.0000, CStr: 0.494, Ctx: 2, Train: 94.81%, Valid: 93.16%, Test In: 93.22% Test OOD1: 80.20% 
Epoch: 71, Loss: 0.5026, Cls: 0.1995, Ind: 0.0014, Med: 0.1004, Spu: 0.0003, FD: 0.2011, Var: 0.0000, CStr: 0.494, Ctx: 2, Train: 94.68%, Valid: 93.03%, Test In: 93.06% Test OOD1: 81.45% 
Epoch: 72, Loss: 0.5018, Cls: 0.1990, Ind: 0.0014, Med: 0.1001, Spu: 0.0003, FD: 0.2011, Var: 0.0000, CStr: 0.494, Ctx: 2, Train: 94.89%, Valid: 93.24%, Test In: 93.36% Test OOD1: 80.02% 
Epoch: 73, Loss: 0.4972, Cls: 0.1970, Ind: 0.0014, Med: 0.0989, Spu: 0.0002, FD: 0.1996, Var: 0.0000, CStr: 0.494, Ctx: 2, Train: 94.93%, Valid: 93.28%, Test In: 93.37% Test OOD1: 80.71% 
Epoch: 74, Loss: 0.4924, Cls: 0.1952, Ind: 0.0014, Med: 0.0981, Spu: 0.0002, FD: 0.1975, Var: 0.0000, CStr: 0.494, Ctx: 2, Train: 94.90%, Valid: 93.09%, Test In: 93.20% Test OOD1: 81.90% 
Epoch: 75, Loss: 0.4951, Cls: 0.1962, Ind: 0.0013, Med: 0.0985, Spu: 0.0002, FD: 0.1989, Var: 0.0000, CStr: 0.494, Ctx: 2, Train: 95.16%, Valid: 93.34%, Test In: 93.49% Test OOD1: 80.08% 
Epoch: 76, Loss: 0.4849, Cls: 0.1924, Ind: 0.0013, Med: 0.0969, Spu: 0.0002, FD: 0.1940, Var: 0.0000, CStr: 0.494, Ctx: 2, Train: 95.15%, Valid: 93.31%, Test In: 93.47% Test OOD1: 80.50% 
Epoch: 77, Loss: 0.4779, Cls: 0.1896, Ind: 0.0013, Med: 0.0953, Spu: 0.0002, FD: 0.1914, Var: 0.0000, CStr: 0.494, Ctx: 2, Train: 95.14%, Valid: 93.36%, Test In: 93.24% Test OOD1: 81.70% 
Epoch: 78, Loss: 0.4718, Cls: 0.1867, Ind: 0.0013, Med: 0.0936, Spu: 0.0002, FD: 0.1899, Var: 0.0000, CStr: 0.494, Ctx: 2, Train: 95.22%, Valid: 93.33%, Test In: 93.38% Test OOD1: 81.07% 
Epoch: 79, Loss: 0.4685, Cls: 0.1857, Ind: 0.0013, Med: 0.0932, Spu: 0.0002, FD: 0.1881, Var: 0.0000, CStr: 0.495, Ctx: 2, Train: 95.30%, Valid: 93.36%, Test In: 93.45% Test OOD1: 80.61% 
Epoch: 80, Loss: 0.4719, Cls: 0.1871, Ind: 0.0013, Med: 0.0940, Spu: 0.0002, FD: 0.1893, Var: 0.0000, CStr: 0.495, Ctx: 2, Train: 95.22%, Valid: 93.37%, Test In: 93.24% Test OOD1: 82.41% 
Epoch: 81, Loss: 0.4720, Cls: 0.1870, Ind: 0.0012, Med: 0.0938, Spu: 0.0002, FD: 0.1898, Var: 0.0000, CStr: 0.495, Ctx: 2, Train: 95.50%, Valid: 93.47%, Test In: 93.66% Test OOD1: 81.38% 
Epoch: 82, Loss: 0.4541, Cls: 0.1799, Ind: 0.0013, Med: 0.0903, Spu: 0.0002, FD: 0.1825, Var: 0.0000, CStr: 0.495, Ctx: 2, Train: 95.56%, Valid: 93.61%, Test In: 93.70% Test OOD1: 81.11% 
Epoch: 83, Loss: 0.4630, Cls: 0.1836, Ind: 0.0011, Med: 0.0921, Spu: 0.0002, FD: 0.1860, Var: 0.0000, CStr: 0.495, Ctx: 2, Train: 95.53%, Valid: 93.56%, Test In: 93.50% Test OOD1: 82.39% 
Epoch: 84, Loss: 0.4529, Cls: 0.1795, Ind: 0.0011, Med: 0.0901, Spu: 0.0002, FD: 0.1820, Var: 0.0000, CStr: 0.496, Ctx: 2, Train: 95.73%, Valid: 93.67%, Test In: 93.77% Test OOD1: 81.69% 
Epoch: 85, Loss: 0.4583, Cls: 0.1815, Ind: 0.0011, Med: 0.0909, Spu: 0.0002, FD: 0.1846, Var: 0.0000, CStr: 0.496, Ctx: 2, Train: 95.73%, Valid: 93.66%, Test In: 93.85% Test OOD1: 81.04% 
Epoch: 86, Loss: 0.4505, Cls: 0.1786, Ind: 0.0011, Med: 0.0896, Spu: 0.0002, FD: 0.1810, Var: 0.0000, CStr: 0.496, Ctx: 2, Train: 95.69%, Valid: 93.47%, Test In: 93.52% Test OOD1: 82.29% 
Epoch: 87, Loss: 0.4486, Cls: 0.1779, Ind: 0.0011, Med: 0.0893, Spu: 0.0002, FD: 0.1802, Var: 0.0000, CStr: 0.496, Ctx: 2, Train: 95.91%, Valid: 93.79%, Test In: 93.80% Test OOD1: 80.42% 
Epoch: 88, Loss: 0.4460, Cls: 0.1771, Ind: 0.0011, Med: 0.0891, Spu: 0.0002, FD: 0.1785, Var: 0.0000, CStr: 0.496, Ctx: 2, Train: 95.91%, Valid: 93.74%, Test In: 93.72% Test OOD1: 81.51% 
Epoch: 89, Loss: 0.4399, Cls: 0.1743, Ind: 0.0011, Med: 0.0874, Spu: 0.0001, FD: 0.1769, Var: 0.0000, CStr: 0.497, Ctx: 2, Train: 95.92%, Valid: 93.69%, Test In: 93.56% Test OOD1: 81.86% 
Epoch: 90, Loss: 0.4349, Cls: 0.1725, Ind: 0.0011, Med: 0.0867, Spu: 0.0001, FD: 0.1745, Var: 0.0000, CStr: 0.497, Ctx: 2, Train: 96.15%, Valid: 93.78%, Test In: 93.79% Test OOD1: 81.45% 
Epoch: 91, Loss: 0.4350, Cls: 0.1725, Ind: 0.0010, Med: 0.0866, Spu: 0.0001, FD: 0.1747, Var: 0.0000, CStr: 0.497, Ctx: 2, Train: 96.10%, Valid: 93.70%, Test In: 93.74% Test OOD1: 80.80% 
Epoch: 92, Loss: 0.4295, Cls: 0.1704, Ind: 0.0010, Med: 0.0856, Spu: 0.0001, FD: 0.1723, Var: 0.0000, CStr: 0.497, Ctx: 2, Train: 95.97%, Valid: 93.58%, Test In: 93.52% Test OOD1: 82.34% 
Epoch: 93, Loss: 0.4282, Cls: 0.1699, Ind: 0.0010, Med: 0.0853, Spu: 0.0001, FD: 0.1719, Var: 0.0000, CStr: 0.497, Ctx: 2, Train: 96.20%, Valid: 93.83%, Test In: 93.90% Test OOD1: 79.99% 
Epoch: 94, Loss: 0.4249, Cls: 0.1684, Ind: 0.0010, Med: 0.0845, Spu: 0.0001, FD: 0.1709, Var: 0.0000, CStr: 0.498, Ctx: 2, Train: 95.99%, Valid: 93.54%, Test In: 93.58% Test OOD1: 83.25% 
Epoch: 95, Loss: 0.4211, Cls: 0.1669, Ind: 0.0010, Med: 0.0837, Spu: 0.0001, FD: 0.1694, Var: 0.0000, CStr: 0.498, Ctx: 2, Train: 96.19%, Valid: 93.73%, Test In: 93.87% Test OOD1: 81.57% 
Epoch: 96, Loss: 0.4180, Cls: 0.1655, Ind: 0.0010, Med: 0.0830, Spu: 0.0001, FD: 0.1684, Var: 0.0000, CStr: 0.498, Ctx: 2, Train: 96.47%, Valid: 93.85%, Test In: 93.97% Test OOD1: 81.99% 
Epoch: 97, Loss: 0.4128, Cls: 0.1638, Ind: 0.0010, Med: 0.0823, Spu: 0.0001, FD: 0.1656, Var: 0.0000, CStr: 0.498, Ctx: 2, Train: 96.43%, Valid: 93.98%, Test In: 93.86% Test OOD1: 82.76% 
Epoch: 98, Loss: 0.4095, Cls: 0.1624, Ind: 0.0009, Med: 0.0816, Spu: 0.0001, FD: 0.1644, Var: 0.0000, CStr: 0.499, Ctx: 2, Train: 96.34%, Valid: 93.90%, Test In: 94.01% Test OOD1: 81.16% 
Epoch: 99, Loss: 0.4148, Cls: 0.1647, Ind: 0.0008, Med: 0.0827, Spu: 0.0001, FD: 0.1665, Var: 0.0000, CStr: 0.499, Ctx: 2, Train: 96.47%, Valid: 94.04%, Test In: 93.83% Test OOD1: 82.54% 
Epoch: 100, Loss: 0.4032, Cls: 0.1599, Ind: 0.0009, Med: 0.0802, Spu: 0.0001, FD: 0.1622, Var: 0.0000, CStr: 0.499, Ctx: 2, Train: 96.65%, Valid: 94.18%, Test In: 94.04% Test OOD1: 81.70% 
Epoch: 101, Loss: 0.4065, Cls: 0.1614, Ind: 0.0008, Med: 0.0811, Spu: 0.0001, FD: 0.1630, Var: 0.0000, CStr: 0.499, Ctx: 2, Train: 96.67%, Valid: 94.14%, Test In: 94.02% Test OOD1: 80.98% 
Epoch: 102, Loss: 0.3984, Cls: 0.1581, Ind: 0.0009, Med: 0.0794, Spu: 0.0001, FD: 0.1599, Var: 0.0000, CStr: 0.499, Ctx: 2, Train: 96.55%, Valid: 94.00%, Test In: 93.89% Test OOD1: 82.84% 
Epoch: 103, Loss: 0.4049, Cls: 0.1605, Ind: 0.0008, Med: 0.0805, Spu: 0.0001, FD: 0.1630, Var: 0.0000, CStr: 0.500, Ctx: 2, Train: 96.75%, Valid: 94.19%, Test In: 94.16% Test OOD1: 79.79% 
Epoch: 104, Loss: 0.4061, Cls: 0.1613, Ind: 0.0008, Med: 0.0811, Spu: 0.0001, FD: 0.1628, Var: 0.0000, CStr: 0.500, Ctx: 2, Train: 96.18%, Valid: 93.75%, Test In: 93.54% Test OOD1: 83.60% 
Epoch: 105, Loss: 0.4071, Cls: 0.1614, Ind: 0.0008, Med: 0.0809, Spu: 0.0001, FD: 0.1639, Var: 0.0000, CStr: 0.500, Ctx: 2, Train: 96.93%, Valid: 94.31%, Test In: 94.38% Test OOD1: 80.45% 
Epoch: 106, Loss: 0.3943, Cls: 0.1565, Ind: 0.0008, Med: 0.0786, Spu: 0.0001, FD: 0.1583, Var: 0.0000, CStr: 0.500, Ctx: 2, Train: 96.83%, Valid: 94.08%, Test In: 94.06% Test OOD1: 83.28% 
Epoch: 107, Loss: 0.3819, Cls: 0.1515, Ind: 0.0007, Med: 0.0761, Spu: 0.0001, FD: 0.1535, Var: 0.0000, CStr: 0.500, Ctx: 2, Train: 96.78%, Valid: 94.10%, Test In: 94.04% Test OOD1: 83.24% 
Epoch: 108, Loss: 0.3805, Cls: 0.1512, Ind: 0.0007, Med: 0.0761, Spu: 0.0001, FD: 0.1524, Var: 0.0000, CStr: 0.501, Ctx: 2, Train: 97.23%, Valid: 94.53%, Test In: 94.43% Test OOD1: 80.76% 
Epoch: 109, Loss: 0.3889, Cls: 0.1543, Ind: 0.0007, Med: 0.0774, Spu: 0.0001, FD: 0.1563, Var: 0.0000, CStr: 0.501, Ctx: 2, Train: 97.07%, Valid: 94.37%, Test In: 94.18% Test OOD1: 83.06% 
Epoch: 110, Loss: 0.3841, Cls: 0.1526, Ind: 0.0007, Med: 0.0766, Spu: 0.0001, FD: 0.1541, Var: 0.0000, CStr: 0.501, Ctx: 2, Train: 96.87%, Valid: 94.27%, Test In: 94.08% Test OOD1: 83.15% 
Epoch: 111, Loss: 0.3747, Cls: 0.1486, Ind: 0.0007, Med: 0.0745, Spu: 0.0001, FD: 0.1509, Var: 0.0000, CStr: 0.501, Ctx: 2, Train: 97.38%, Valid: 94.64%, Test In: 94.57% Test OOD1: 81.07% 
Epoch: 112, Loss: 0.3787, Cls: 0.1504, Ind: 0.0007, Med: 0.0755, Spu: 0.0001, FD: 0.1521, Var: 0.0000, CStr: 0.501, Ctx: 2, Train: 97.19%, Valid: 94.51%, Test In: 94.33% Test OOD1: 83.38% 
Epoch: 113, Loss: 0.3708, Cls: 0.1472, Ind: 0.0007, Med: 0.0739, Spu: 0.0001, FD: 0.1490, Var: 0.0000, CStr: 0.501, Ctx: 2, Train: 97.21%, Valid: 94.41%, Test In: 94.30% Test OOD1: 82.79% 
Epoch: 114, Loss: 0.3696, Cls: 0.1467, Ind: 0.0007, Med: 0.0736, Spu: 0.0001, FD: 0.1486, Var: 0.0000, CStr: 0.501, Ctx: 2, Train: 97.43%, Valid: 94.66%, Test In: 94.52% Test OOD1: 82.35% 
Epoch: 115, Loss: 0.3655, Cls: 0.1452, Ind: 0.0007, Med: 0.0730, Spu: 0.0001, FD: 0.1465, Var: 0.0000, CStr: 0.501, Ctx: 2, Train: 97.39%, Valid: 94.55%, Test In: 94.47% Test OOD1: 83.35% 
Epoch: 116, Loss: 0.3562, Cls: 0.1413, Ind: 0.0006, Med: 0.0708, Spu: 0.0001, FD: 0.1435, Var: 0.0000, CStr: 0.501, Ctx: 2, Train: 97.35%, Valid: 94.47%, Test In: 94.42% Test OOD1: 82.45% 
Epoch: 117, Loss: 0.3669, Cls: 0.1456, Ind: 0.0006, Med: 0.0729, Spu: 0.0001, FD: 0.1477, Var: 0.0000, CStr: 0.501, Ctx: 2, Train: 97.40%, Valid: 94.50%, Test In: 94.43% Test OOD1: 83.75% 
Epoch: 118, Loss: 0.3584, Cls: 0.1423, Ind: 0.0006, Med: 0.0714, Spu: 0.0001, FD: 0.1440, Var: 0.0000, CStr: 0.502, Ctx: 2, Train: 97.70%, Valid: 94.77%, Test In: 94.75% Test OOD1: 82.27% 
Epoch: 119, Loss: 0.3543, Cls: 0.1405, Ind: 0.0006, Med: 0.0704, Spu: 0.0001, FD: 0.1427, Var: 0.0000, CStr: 0.502, Ctx: 2, Train: 97.58%, Valid: 94.55%, Test In: 94.61% Test OOD1: 83.05% 
Epoch: 120, Loss: 0.3489, Cls: 0.1386, Ind: 0.0006, Med: 0.0696, Spu: 0.0001, FD: 0.1401, Var: 0.0000, CStr: 0.502, Ctx: 2, Train: 97.37%, Valid: 94.31%, Test In: 94.35% Test OOD1: 83.69% 
Epoch: 121, Loss: 0.3542, Cls: 0.1407, Ind: 0.0006, Med: 0.0707, Spu: 0.0001, FD: 0.1421, Var: 0.0000, CStr: 0.502, Ctx: 2, Train: 97.70%, Valid: 94.94%, Test In: 94.78% Test OOD1: 80.45% 
Epoch: 122, Loss: 0.3599, Cls: 0.1430, Ind: 0.0006, Med: 0.0718, Spu: 0.0001, FD: 0.1443, Var: 0.0000, CStr: 0.503, Ctx: 2, Train: 97.71%, Valid: 94.75%, Test In: 94.61% Test OOD1: 81.84% 
Epoch: 123, Loss: 0.3439, Cls: 0.1366, Ind: 0.0005, Med: 0.0685, Spu: 0.0000, FD: 0.1382, Var: 0.0000, CStr: 0.503, Ctx: 2, Train: 97.69%, Valid: 94.63%, Test In: 94.50% Test OOD1: 82.81% 
Epoch: 124, Loss: 0.3343, Cls: 0.1326, Ind: 0.0006, Med: 0.0665, Spu: 0.0000, FD: 0.1345, Var: 0.0000, CStr: 0.503, Ctx: 2, Train: 97.91%, Valid: 94.99%, Test In: 94.85% Test OOD1: 81.95% 
Epoch: 125, Loss: 0.3397, Cls: 0.1348, Ind: 0.0006, Med: 0.0676, Spu: 0.0000, FD: 0.1366, Var: 0.0000, CStr: 0.503, Ctx: 2, Train: 97.67%, Valid: 94.65%, Test In: 94.41% Test OOD1: 83.86% 
Epoch: 126, Loss: 0.3413, Cls: 0.1355, Ind: 0.0005, Med: 0.0679, Spu: 0.0000, FD: 0.1373, Var: 0.0000, CStr: 0.504, Ctx: 2, Train: 97.91%, Valid: 94.91%, Test In: 94.81% Test OOD1: 83.76% 
Epoch: 127, Loss: 0.3401, Cls: 0.1349, Ind: 0.0005, Med: 0.0676, Spu: 0.0000, FD: 0.1370, Var: 0.0000, CStr: 0.504, Ctx: 2, Train: 97.96%, Valid: 94.98%, Test In: 94.84% Test OOD1: 83.72% 
Epoch: 128, Loss: 0.3383, Cls: 0.1343, Ind: 0.0005, Med: 0.0673, Spu: 0.0000, FD: 0.1362, Var: 0.0000, CStr: 0.504, Ctx: 2, Train: 97.88%, Valid: 94.74%, Test In: 94.72% Test OOD1: 84.44% 
Epoch: 129, Loss: 0.3243, Cls: 0.1288, Ind: 0.0005, Med: 0.0647, Spu: 0.0000, FD: 0.1302, Var: 0.0000, CStr: 0.504, Ctx: 2, Train: 98.08%, Valid: 95.04%, Test In: 94.96% Test OOD1: 83.01% 
Epoch: 130, Loss: 0.3335, Cls: 0.1323, Ind: 0.0005, Med: 0.0663, Spu: 0.0000, FD: 0.1343, Var: 0.0000, CStr: 0.505, Ctx: 2, Train: 97.66%, Valid: 94.66%, Test In: 94.42% Test OOD1: 85.44% 
Epoch: 131, Loss: 0.3254, Cls: 0.1292, Ind: 0.0005, Med: 0.0648, Spu: 0.0000, FD: 0.1310, Var: 0.0000, CStr: 0.505, Ctx: 2, Train: 97.74%, Valid: 94.68%, Test In: 94.64% Test OOD1: 80.42% 
Epoch: 132, Loss: 0.3456, Cls: 0.1372, Ind: 0.0006, Med: 0.0688, Spu: 0.0000, FD: 0.1389, Var: 0.0000, CStr: 0.505, Ctx: 2, Train: 96.97%, Valid: 93.93%, Test In: 93.79% Test OOD1: 87.15% 
Epoch: 133, Loss: 0.3741, Cls: 0.1487, Ind: 0.0005, Med: 0.0746, Spu: 0.0000, FD: 0.1502, Var: 0.0000, CStr: 0.505, Ctx: 2, Train: 97.57%, Valid: 94.51%, Test In: 94.45% Test OOD1: 80.10% 
Epoch: 134, Loss: 0.3642, Cls: 0.1446, Ind: 0.0005, Med: 0.0724, Spu: 0.0000, FD: 0.1467, Var: 0.0000, CStr: 0.505, Ctx: 2, Train: 98.15%, Valid: 95.10%, Test In: 94.87% Test OOD1: 83.96% 
Epoch: 135, Loss: 0.3183, Cls: 0.1264, Ind: 0.0005, Med: 0.0634, Spu: 0.0000, FD: 0.1280, Var: 0.0000, CStr: 0.506, Ctx: 2, Train: 97.54%, Valid: 94.55%, Test In: 94.41% Test OOD1: 86.62% 
Epoch: 136, Loss: 0.3499, Cls: 0.1392, Ind: 0.0005, Med: 0.0700, Spu: 0.0000, FD: 0.1401, Var: 0.0000, CStr: 0.506, Ctx: 2, Train: 97.90%, Valid: 94.83%, Test In: 94.89% Test OOD1: 80.74% 
Epoch: 137, Loss: 0.3448, Cls: 0.1366, Ind: 0.0005, Med: 0.0682, Spu: 0.0000, FD: 0.1395, Var: 0.0000, CStr: 0.506, Ctx: 2, Train: 97.99%, Valid: 95.05%, Test In: 94.93% Test OOD1: 82.92% 
Epoch: 138, Loss: 0.3182, Cls: 0.1265, Ind: 0.0004, Med: 0.0635, Spu: 0.0000, FD: 0.1278, Var: 0.0000, CStr: 0.506, Ctx: 2, Train: 97.55%, Valid: 94.41%, Test In: 94.54% Test OOD1: 86.43% 
Epoch: 139, Loss: 0.3403, Cls: 0.1352, Ind: 0.0005, Med: 0.0678, Spu: 0.0000, FD: 0.1368, Var: 0.0000, CStr: 0.506, Ctx: 2, Train: 98.23%, Valid: 95.31%, Test In: 95.21% Test OOD1: 82.01% 
Epoch: 140, Loss: 0.3216, Cls: 0.1277, Ind: 0.0004, Med: 0.0639, Spu: 0.0000, FD: 0.1296, Var: 0.0000, CStr: 0.507, Ctx: 2, Train: 98.03%, Valid: 94.91%, Test In: 94.92% Test OOD1: 81.27% 
Epoch: 141, Loss: 0.3305, Cls: 0.1313, Ind: 0.0005, Med: 0.0658, Spu: 0.0000, FD: 0.1329, Var: 0.0000, CStr: 0.507, Ctx: 2, Train: 98.11%, Valid: 94.79%, Test In: 95.06% Test OOD1: 86.06% 
Epoch: 142, Loss: 0.3180, Cls: 0.1262, Ind: 0.0004, Med: 0.0632, Spu: 0.0000, FD: 0.1281, Var: 0.0000, CStr: 0.507, Ctx: 2, Train: 98.37%, Valid: 95.39%, Test In: 95.24% Test OOD1: 84.60% 
Epoch: 143, Loss: 0.3212, Cls: 0.1276, Ind: 0.0004, Med: 0.0640, Spu: 0.0000, FD: 0.1291, Var: 0.0000, CStr: 0.507, Ctx: 2, Train: 98.13%, Valid: 94.87%, Test In: 95.12% Test OOD1: 82.03% 
Epoch: 144, Loss: 0.3241, Cls: 0.1287, Ind: 0.0004, Med: 0.0645, Spu: 0.0000, FD: 0.1304, Var: 0.0000, CStr: 0.507, Ctx: 2, Train: 98.25%, Valid: 95.17%, Test In: 95.08% Test OOD1: 85.04% 
Epoch: 145, Loss: 0.2935, Cls: 0.1166, Ind: 0.0004, Med: 0.0586, Spu: 0.0000, FD: 0.1179, Var: 0.0000, CStr: 0.508, Ctx: 2, Train: 98.06%, Valid: 94.78%, Test In: 94.77% Test OOD1: 86.74% 
Epoch: 146, Loss: 0.3127, Cls: 0.1241, Ind: 0.0004, Med: 0.0622, Spu: 0.0000, FD: 0.1260, Var: 0.0000, CStr: 0.508, Ctx: 2, Train: 98.48%, Valid: 95.54%, Test In: 95.28% Test OOD1: 83.92% 
Epoch: 147, Loss: 0.2978, Cls: 0.1183, Ind: 0.0005, Med: 0.0594, Spu: 0.0000, FD: 0.1195, Var: 0.0000, CStr: 0.508, Ctx: 2, Train: 98.46%, Valid: 95.16%, Test In: 95.02% Test OOD1: 84.10% 
Epoch: 148, Loss: 0.3091, Cls: 0.1230, Ind: 0.0004, Med: 0.0617, Spu: 0.0000, FD: 0.1240, Var: 0.0000, CStr: 0.508, Ctx: 2, Train: 98.45%, Valid: 95.28%, Test In: 95.07% Test OOD1: 86.99% 
Epoch: 149, Loss: 0.3084, Cls: 0.1224, Ind: 0.0004, Med: 0.0613, Spu: 0.0000, FD: 0.1244, Var: 0.0000, CStr: 0.508, Ctx: 2, Train: 98.68%, Valid: 95.73%, Test In: 95.44% Test OOD1: 85.21% 
Epoch: 150, Loss: 0.3051, Cls: 0.1213, Ind: 0.0004, Med: 0.0609, Spu: 0.0000, FD: 0.1225, Var: 0.0000, CStr: 0.509, Ctx: 2, Train: 98.51%, Valid: 95.21%, Test In: 95.16% Test OOD1: 84.02% 
Epoch: 151, Loss: 0.3144, Cls: 0.1249, Ind: 0.0004, Med: 0.0625, Spu: 0.0000, FD: 0.1266, Var: 0.0000, CStr: 0.509, Ctx: 2, Train: 98.51%, Valid: 95.35%, Test In: 95.18% Test OOD1: 86.11% 
Epoch: 152, Loss: 0.2800, Cls: 0.1112, Ind: 0.0003, Med: 0.0557, Spu: 0.0000, FD: 0.1128, Var: 0.0000, CStr: 0.509, Ctx: 2, Train: 98.42%, Valid: 95.28%, Test In: 95.22% Test OOD1: 86.21% 
Epoch: 153, Loss: 0.2898, Cls: 0.1152, Ind: 0.0004, Med: 0.0578, Spu: 0.0000, FD: 0.1164, Var: 0.0000, CStr: 0.509, Ctx: 2, Train: 98.57%, Valid: 95.54%, Test In: 95.48% Test OOD1: 83.63% 
Epoch: 154, Loss: 0.2940, Cls: 0.1169, Ind: 0.0003, Med: 0.0586, Spu: 0.0000, FD: 0.1182, Var: 0.0000, CStr: 0.509, Ctx: 2, Train: 98.45%, Valid: 95.16%, Test In: 95.21% Test OOD1: 85.28% 
Epoch: 155, Loss: 0.2926, Cls: 0.1162, Ind: 0.0004, Med: 0.0583, Spu: 0.0000, FD: 0.1176, Var: 0.0000, CStr: 0.510, Ctx: 2, Train: 98.71%, Valid: 95.43%, Test In: 95.29% Test OOD1: 86.68% 
Epoch: 156, Loss: 0.2956, Cls: 0.1174, Ind: 0.0004, Med: 0.0589, Spu: 0.0000, FD: 0.1188, Var: 0.0000, CStr: 0.510, Ctx: 2, Train: 98.84%, Valid: 95.90%, Test In: 95.73% Test OOD1: 83.99% 
Epoch: 157, Loss: 0.2811, Cls: 0.1116, Ind: 0.0004, Med: 0.0559, Spu: 0.0000, FD: 0.1132, Var: 0.0000, CStr: 0.510, Ctx: 2, Train: 98.70%, Valid: 95.52%, Test In: 95.35% Test OOD1: 84.74% 
Epoch: 158, Loss: 0.2827, Cls: 0.1124, Ind: 0.0004, Med: 0.0564, Spu: 0.0000, FD: 0.1136, Var: 0.0000, CStr: 0.510, Ctx: 2, Train: 98.78%, Valid: 95.52%, Test In: 95.53% Test OOD1: 85.82% 
Epoch: 159, Loss: 0.2820, Cls: 0.1120, Ind: 0.0004, Med: 0.0561, Spu: 0.0000, FD: 0.1134, Var: 0.0000, CStr: 0.510, Ctx: 2, Train: 98.85%, Valid: 95.81%, Test In: 95.62% Test OOD1: 84.69% 
Epoch: 160, Loss: 0.2781, Cls: 0.1105, Ind: 0.0003, Med: 0.0554, Spu: 0.0000, FD: 0.1118, Var: 0.0000, CStr: 0.510, Ctx: 2, Train: 98.84%, Valid: 95.65%, Test In: 95.46% Test OOD1: 84.99% 
Epoch: 161, Loss: 0.2761, Cls: 0.1099, Ind: 0.0003, Med: 0.0553, Spu: 0.0000, FD: 0.1105, Var: 0.0000, CStr: 0.510, Ctx: 2, Train: 98.80%, Valid: 95.52%, Test In: 95.40% Test OOD1: 85.76% 
Epoch: 162, Loss: 0.2815, Cls: 0.1119, Ind: 0.0003, Med: 0.0561, Spu: 0.0000, FD: 0.1131, Var: 0.0000, CStr: 0.510, Ctx: 2, Train: 98.99%, Valid: 95.90%, Test In: 95.66% Test OOD1: 84.57% 
Epoch: 163, Loss: 0.2723, Cls: 0.1082, Ind: 0.0003, Med: 0.0543, Spu: 0.0000, FD: 0.1095, Var: 0.0000, CStr: 0.510, Ctx: 2, Train: 99.01%, Valid: 95.92%, Test In: 95.64% Test OOD1: 85.10% 
Epoch: 164, Loss: 0.2704, Cls: 0.1074, Ind: 0.0003, Med: 0.0539, Spu: 0.0000, FD: 0.1087, Var: 0.0000, CStr: 0.510, Ctx: 2, Train: 98.91%, Valid: 95.58%, Test In: 95.50% Test OOD1: 85.73% 
Epoch: 165, Loss: 0.2721, Cls: 0.1081, Ind: 0.0003, Med: 0.0542, Spu: 0.0000, FD: 0.1094, Var: 0.0000, CStr: 0.510, Ctx: 2, Train: 99.04%, Valid: 95.92%, Test In: 95.71% Test OOD1: 85.08% 
Epoch: 166, Loss: 0.2638, Cls: 0.1050, Ind: 0.0003, Med: 0.0528, Spu: 0.0000, FD: 0.1057, Var: 0.0000, CStr: 0.510, Ctx: 2, Train: 99.07%, Valid: 95.98%, Test In: 95.66% Test OOD1: 85.36% 
Epoch: 167, Loss: 0.2620, Cls: 0.1040, Ind: 0.0003, Med: 0.0521, Spu: 0.0000, FD: 0.1056, Var: 0.0000, CStr: 0.510, Ctx: 2, Train: 98.90%, Valid: 95.53%, Test In: 95.48% Test OOD1: 85.59% 
Epoch: 168, Loss: 0.2690, Cls: 0.1068, Ind: 0.0003, Med: 0.0534, Spu: 0.0000, FD: 0.1085, Var: 0.0000, CStr: 0.510, Ctx: 2, Train: 99.07%, Valid: 95.88%, Test In: 95.67% Test OOD1: 84.51% 
Epoch: 169, Loss: 0.2607, Cls: 0.1035, Ind: 0.0003, Med: 0.0518, Spu: 0.0000, FD: 0.1051, Var: 0.0000, CStr: 0.510, Ctx: 2, Train: 99.07%, Valid: 95.85%, Test In: 95.62% Test OOD1: 84.93% 
Epoch: 170, Loss: 0.2626, Cls: 0.1044, Ind: 0.0003, Med: 0.0523, Spu: 0.0000, FD: 0.1056, Var: 0.0000, CStr: 0.510, Ctx: 2, Train: 98.98%, Valid: 95.81%, Test In: 95.66% Test OOD1: 84.50% 
Epoch: 171, Loss: 0.2650, Cls: 0.1053, Ind: 0.0003, Med: 0.0528, Spu: 0.0000, FD: 0.1066, Var: 0.0000, CStr: 0.510, Ctx: 2, Train: 98.98%, Valid: 95.65%, Test In: 95.48% Test OOD1: 86.07% 
Epoch: 172, Loss: 0.2690, Cls: 0.1068, Ind: 0.0003, Med: 0.0535, Spu: 0.0000, FD: 0.1084, Var: 0.0000, CStr: 0.510, Ctx: 2, Train: 99.14%, Valid: 96.00%, Test In: 95.83% Test OOD1: 84.97% 
Epoch: 173, Loss: 0.2718, Cls: 0.1078, Ind: 0.0003, Med: 0.0540, Spu: 0.0000, FD: 0.1096, Var: 0.0000, CStr: 0.510, Ctx: 2, Train: 99.11%, Valid: 95.82%, Test In: 95.68% Test OOD1: 85.76% 
Epoch: 174, Loss: 0.2640, Cls: 0.1048, Ind: 0.0003, Med: 0.0525, Spu: 0.0000, FD: 0.1063, Var: 0.0000, CStr: 0.510, Ctx: 2, Train: 99.15%, Valid: 95.93%, Test In: 95.71% Test OOD1: 85.52% 
Epoch: 175, Loss: 0.2538, Cls: 0.1007, Ind: 0.0003, Med: 0.0505, Spu: 0.0000, FD: 0.1022, Var: 0.0000, CStr: 0.510, Ctx: 2, Train: 99.17%, Valid: 96.06%, Test In: 95.78% Test OOD1: 85.30% 
Epoch: 176, Loss: 0.2580, Cls: 0.1024, Ind: 0.0003, Med: 0.0513, Spu: 0.0000, FD: 0.1038, Var: 0.0000, CStr: 0.510, Ctx: 2, Train: 99.16%, Valid: 95.99%, Test In: 95.83% Test OOD1: 85.47% 
Epoch: 177, Loss: 0.2569, Cls: 0.1018, Ind: 0.0003, Med: 0.0509, Spu: 0.0000, FD: 0.1038, Var: 0.0000, CStr: 0.510, Ctx: 2, Train: 99.04%, Valid: 95.91%, Test In: 95.82% Test OOD1: 84.54% 
Epoch: 178, Loss: 0.2523, Cls: 0.1003, Ind: 0.0003, Med: 0.0503, Spu: 0.0000, FD: 0.1014, Var: 0.0000, CStr: 0.510, Ctx: 2, Train: 99.13%, Valid: 95.88%, Test In: 95.73% Test OOD1: 87.21% 
Epoch: 179, Loss: 0.2588, Cls: 0.1029, Ind: 0.0003, Med: 0.0516, Spu: 0.0000, FD: 0.1039, Var: 0.0000, CStr: 0.510, Ctx: 2, Train: 99.28%, Valid: 96.25%, Test In: 96.07% Test OOD1: 84.56% 
Epoch: 180, Loss: 0.2534, Cls: 0.1009, Ind: 0.0003, Med: 0.0507, Spu: 0.0000, FD: 0.1015, Var: 0.0000, CStr: 0.510, Ctx: 2, Train: 99.09%, Valid: 95.67%, Test In: 95.60% Test OOD1: 86.78% 
Epoch: 181, Loss: 0.2510, Cls: 0.0998, Ind: 0.0003, Med: 0.0500, Spu: 0.0000, FD: 0.1008, Var: 0.0000, CStr: 0.510, Ctx: 2, Train: 99.20%, Valid: 95.91%, Test In: 95.76% Test OOD1: 87.17% 
Epoch: 182, Loss: 0.2460, Cls: 0.0977, Ind: 0.0003, Med: 0.0489, Spu: 0.0000, FD: 0.0990, Var: 0.0000, CStr: 0.510, Ctx: 2, Train: 99.29%, Valid: 96.21%, Test In: 96.14% Test OOD1: 84.74% 
Epoch: 183, Loss: 0.2468, Cls: 0.0981, Ind: 0.0003, Med: 0.0492, Spu: 0.0000, FD: 0.0992, Var: 0.0000, CStr: 0.510, Ctx: 2, Train: 99.28%, Valid: 96.06%, Test In: 95.84% Test OOD1: 86.60% 
Epoch: 184, Loss: 0.2488, Cls: 0.0989, Ind: 0.0003, Med: 0.0495, Spu: 0.0000, FD: 0.1001, Var: 0.0000, CStr: 0.510, Ctx: 2, Train: 99.21%, Valid: 95.97%, Test In: 95.69% Test OOD1: 86.79% 
Epoch: 185, Loss: 0.2497, Cls: 0.0993, Ind: 0.0003, Med: 0.0498, Spu: 0.0000, FD: 0.1002, Var: 0.0000, CStr: 0.511, Ctx: 2, Train: 99.37%, Valid: 96.46%, Test In: 96.12% Test OOD1: 84.07% 
Epoch: 186, Loss: 0.2550, Cls: 0.1013, Ind: 0.0003, Med: 0.0508, Spu: 0.0000, FD: 0.1026, Var: 0.0000, CStr: 0.511, Ctx: 2, Train: 99.26%, Valid: 96.15%, Test In: 95.77% Test OOD1: 87.36% 
Epoch: 187, Loss: 0.2519, Cls: 0.1000, Ind: 0.0003, Med: 0.0501, Spu: 0.0000, FD: 0.1015, Var: 0.0000, CStr: 0.511, Ctx: 2, Train: 99.24%, Valid: 96.16%, Test In: 95.96% Test OOD1: 85.49% 
Epoch: 188, Loss: 0.2463, Cls: 0.0979, Ind: 0.0003, Med: 0.0491, Spu: 0.0000, FD: 0.0990, Var: 0.0000, CStr: 0.511, Ctx: 2, Train: 99.27%, Valid: 96.18%, Test In: 95.96% Test OOD1: 86.48% 
Epoch: 189, Loss: 0.2324, Cls: 0.0923, Ind: 0.0002, Med: 0.0463, Spu: 0.0000, FD: 0.0936, Var: 0.0000, CStr: 0.511, Ctx: 2, Train: 99.34%, Valid: 96.16%, Test In: 95.91% Test OOD1: 87.21% 
Epoch: 190, Loss: 0.2488, Cls: 0.0989, Ind: 0.0003, Med: 0.0496, Spu: 0.0000, FD: 0.1001, Var: 0.0000, CStr: 0.511, Ctx: 2, Train: 99.35%, Valid: 96.08%, Test In: 96.04% Test OOD1: 86.13% 
Epoch: 191, Loss: 0.2407, Cls: 0.0956, Ind: 0.0003, Med: 0.0479, Spu: 0.0000, FD: 0.0968, Var: 0.0000, CStr: 0.511, Ctx: 2, Train: 99.34%, Valid: 95.96%, Test In: 95.91% Test OOD1: 86.70% 
Epoch: 192, Loss: 0.2467, Cls: 0.0980, Ind: 0.0003, Med: 0.0491, Spu: 0.0000, FD: 0.0993, Var: 0.0000, CStr: 0.512, Ctx: 2, Train: 99.30%, Valid: 96.04%, Test In: 95.83% Test OOD1: 87.02% 
Epoch: 193, Loss: 0.2335, Cls: 0.0927, Ind: 0.0003, Med: 0.0465, Spu: 0.0000, FD: 0.0940, Var: 0.0000, CStr: 0.512, Ctx: 2, Train: 99.47%, Valid: 96.33%, Test In: 96.17% Test OOD1: 85.52% 
Epoch: 194, Loss: 0.2278, Cls: 0.0907, Ind: 0.0003, Med: 0.0455, Spu: 0.0000, FD: 0.0913, Var: 0.0000, CStr: 0.512, Ctx: 2, Train: 99.45%, Valid: 96.33%, Test In: 96.13% Test OOD1: 85.42% 
Epoch: 195, Loss: 0.2374, Cls: 0.0943, Ind: 0.0003, Med: 0.0472, Spu: 0.0000, FD: 0.0956, Var: 0.0000, CStr: 0.512, Ctx: 2, Train: 99.40%, Valid: 96.19%, Test In: 95.98% Test OOD1: 86.57% 
Epoch: 196, Loss: 0.2396, Cls: 0.0952, Ind: 0.0003, Med: 0.0477, Spu: 0.0000, FD: 0.0964, Var: 0.0000, CStr: 0.512, Ctx: 2, Train: 99.42%, Valid: 96.46%, Test In: 96.30% Test OOD1: 83.35% 
Epoch: 197, Loss: 0.2359, Cls: 0.0937, Ind: 0.0003, Med: 0.0470, Spu: 0.0000, FD: 0.0949, Var: 0.0000, CStr: 0.512, Ctx: 2, Train: 99.37%, Valid: 96.21%, Test In: 96.04% Test OOD1: 85.88% 
Epoch: 198, Loss: 0.2399, Cls: 0.0952, Ind: 0.0003, Med: 0.0476, Spu: 0.0000, FD: 0.0968, Var: 0.0000, CStr: 0.512, Ctx: 2, Train: 99.39%, Valid: 96.15%, Test In: 96.17% Test OOD1: 85.32% 
Epoch: 199, Loss: 0.2282, Cls: 0.0907, Ind: 0.0003, Med: 0.0455, Spu: 0.0000, FD: 0.0918, Var: 0.0000, CStr: 0.512, Ctx: 2, Train: 99.50%, Valid: 96.44%, Test In: 96.34% Test OOD1: 84.17% 
Epoch: 200, Loss: 0.2343, Cls: 0.0930, Ind: 0.0003, Med: 0.0466, Spu: 0.0000, FD: 0.0944, Var: 0.0000, CStr: 0.513, Ctx: 2, Train: 99.48%, Valid: 96.31%, Test In: 96.19% Test OOD1: 86.10% 
Epoch: 201, Loss: 0.2180, Cls: 0.0866, Ind: 0.0002, Med: 0.0434, Spu: 0.0000, FD: 0.0877, Var: 0.0000, CStr: 0.513, Ctx: 2, Train: 99.46%, Valid: 96.23%, Test In: 96.12% Test OOD1: 85.11% 
Epoch: 202, Loss: 0.2360, Cls: 0.0939, Ind: 0.0002, Med: 0.0471, Spu: 0.0000, FD: 0.0947, Var: 0.0000, CStr: 0.513, Ctx: 2, Train: 99.51%, Valid: 96.44%, Test In: 96.30% Test OOD1: 85.79% 
Epoch: 203, Loss: 0.2199, Cls: 0.0874, Ind: 0.0002, Med: 0.0438, Spu: 0.0000, FD: 0.0884, Var: 0.0000, CStr: 0.513, Ctx: 2, Train: 99.55%, Valid: 96.36%, Test In: 96.35% Test OOD1: 86.15% 
Epoch: 204, Loss: 0.2285, Cls: 0.0909, Ind: 0.0003, Med: 0.0456, Spu: 0.0000, FD: 0.0917, Var: 0.0000, CStr: 0.513, Ctx: 2, Train: 99.41%, Valid: 96.15%, Test In: 96.17% Test OOD1: 84.91% 
Epoch: 205, Loss: 0.2417, Cls: 0.0962, Ind: 0.0002, Med: 0.0483, Spu: 0.0000, FD: 0.0970, Var: 0.0000, CStr: 0.513, Ctx: 2, Train: 99.37%, Valid: 96.16%, Test In: 95.98% Test OOD1: 88.10% 
Epoch: 206, Loss: 0.2271, Cls: 0.0901, Ind: 0.0003, Med: 0.0451, Spu: 0.0000, FD: 0.0917, Var: 0.0000, CStr: 0.513, Ctx: 2, Train: 99.55%, Valid: 96.61%, Test In: 96.44% Test OOD1: 84.01% 
Epoch: 207, Loss: 0.2340, Cls: 0.0929, Ind: 0.0002, Med: 0.0465, Spu: 0.0000, FD: 0.0944, Var: 0.0000, CStr: 0.514, Ctx: 2, Train: 99.52%, Valid: 96.40%, Test In: 96.17% Test OOD1: 86.61% 
Epoch: 208, Loss: 0.2278, Cls: 0.0904, Ind: 0.0002, Med: 0.0453, Spu: 0.0000, FD: 0.0918, Var: 0.0000, CStr: 0.514, Ctx: 2, Train: 99.55%, Valid: 96.40%, Test In: 96.30% Test OOD1: 86.38% 
Epoch: 209, Loss: 0.2310, Cls: 0.0920, Ind: 0.0002, Med: 0.0463, Spu: 0.0000, FD: 0.0925, Var: 0.0000, CStr: 0.514, Ctx: 2, Train: 99.56%, Valid: 96.55%, Test In: 96.44% Test OOD1: 84.63% 
Epoch: 210, Loss: 0.2302, Cls: 0.0915, Ind: 0.0002, Med: 0.0459, Spu: 0.0000, FD: 0.0926, Var: 0.0000, CStr: 0.514, Ctx: 2, Train: 99.52%, Valid: 96.35%, Test In: 96.11% Test OOD1: 86.33% 
Epoch: 211, Loss: 0.2230, Cls: 0.0887, Ind: 0.0002, Med: 0.0445, Spu: 0.0000, FD: 0.0895, Var: 0.0000, CStr: 0.514, Ctx: 2, Train: 99.51%, Valid: 96.44%, Test In: 96.19% Test OOD1: 86.09% 
Epoch: 212, Loss: 0.2260, Cls: 0.0898, Ind: 0.0003, Med: 0.0450, Spu: 0.0000, FD: 0.0909, Var: 0.0000, CStr: 0.514, Ctx: 2, Train: 99.55%, Valid: 96.50%, Test In: 96.27% Test OOD1: 85.46% 
Epoch: 213, Loss: 0.2283, Cls: 0.0907, Ind: 0.0003, Med: 0.0454, Spu: 0.0000, FD: 0.0919, Var: 0.0000, CStr: 0.514, Ctx: 2, Train: 99.56%, Valid: 96.42%, Test In: 96.27% Test OOD1: 86.64% 
Epoch: 214, Loss: 0.2154, Cls: 0.0857, Ind: 0.0003, Med: 0.0430, Spu: 0.0000, FD: 0.0864, Var: 0.0000, CStr: 0.514, Ctx: 2, Train: 99.54%, Valid: 96.31%, Test In: 96.25% Test OOD1: 86.93% 
Epoch: 215, Loss: 0.2176, Cls: 0.0865, Ind: 0.0002, Med: 0.0434, Spu: 0.0000, FD: 0.0875, Var: 0.0000, CStr: 0.514, Ctx: 2, Train: 99.67%, Valid: 96.50%, Test In: 96.46% Test OOD1: 87.19% 
Epoch: 216, Loss: 0.2139, Cls: 0.0850, Ind: 0.0003, Med: 0.0426, Spu: 0.0000, FD: 0.0860, Var: 0.0000, CStr: 0.514, Ctx: 2, Train: 99.68%, Valid: 96.56%, Test In: 96.56% Test OOD1: 87.14% 
Epoch: 217, Loss: 0.2185, Cls: 0.0868, Ind: 0.0002, Med: 0.0435, Spu: 0.0000, FD: 0.0880, Var: 0.0000, CStr: 0.514, Ctx: 2, Train: 99.59%, Valid: 96.60%, Test In: 96.47% Test OOD1: 86.63% 
Epoch: 218, Loss: 0.2116, Cls: 0.0841, Ind: 0.0003, Med: 0.0422, Spu: 0.0000, FD: 0.0851, Var: 0.0000, CStr: 0.514, Ctx: 2, Train: 99.64%, Valid: 96.50%, Test In: 96.39% Test OOD1: 87.10% 
Epoch: 219, Loss: 0.2170, Cls: 0.0862, Ind: 0.0003, Med: 0.0432, Spu: 0.0000, FD: 0.0873, Var: 0.0000, CStr: 0.514, Ctx: 2, Train: 99.65%, Valid: 96.58%, Test In: 96.37% Test OOD1: 86.74% 
Epoch: 220, Loss: 0.2080, Cls: 0.0828, Ind: 0.0002, Med: 0.0416, Spu: 0.0000, FD: 0.0835, Var: 0.0000, CStr: 0.514, Ctx: 2, Train: 99.63%, Valid: 96.40%, Test In: 96.29% Test OOD1: 87.01% 
Epoch: 221, Loss: 0.2148, Cls: 0.0853, Ind: 0.0002, Med: 0.0428, Spu: 0.0000, FD: 0.0865, Var: 0.0000, CStr: 0.514, Ctx: 2, Train: 99.65%, Valid: 96.40%, Test In: 96.36% Test OOD1: 86.71% 
Epoch: 222, Loss: 0.2048, Cls: 0.0813, Ind: 0.0002, Med: 0.0407, Spu: 0.0000, FD: 0.0826, Var: 0.0000, CStr: 0.515, Ctx: 2, Train: 99.67%, Valid: 96.61%, Test In: 96.46% Test OOD1: 86.17% 
Epoch: 223, Loss: 0.2201, Cls: 0.0876, Ind: 0.0002, Med: 0.0440, Spu: 0.0000, FD: 0.0882, Var: 0.0000, CStr: 0.515, Ctx: 2, Train: 99.63%, Valid: 96.37%, Test In: 96.23% Test OOD1: 87.30% 
Epoch: 224, Loss: 0.2069, Cls: 0.0819, Ind: 0.0002, Med: 0.0409, Spu: 0.0000, FD: 0.0838, Var: 0.0000, CStr: 0.515, Ctx: 2, Train: 99.65%, Valid: 96.40%, Test In: 96.30% Test OOD1: 86.05% 
Epoch: 225, Loss: 0.2092, Cls: 0.0831, Ind: 0.0003, Med: 0.0417, Spu: 0.0000, FD: 0.0841, Var: 0.0000, CStr: 0.515, Ctx: 2, Train: 99.69%, Valid: 96.54%, Test In: 96.27% Test OOD1: 87.21% 
Epoch: 226, Loss: 0.2143, Cls: 0.0852, Ind: 0.0002, Med: 0.0427, Spu: 0.0000, FD: 0.0862, Var: 0.0000, CStr: 0.515, Ctx: 2, Train: 99.72%, Valid: 96.53%, Test In: 96.50% Test OOD1: 86.25% 
Epoch: 227, Loss: 0.2004, Cls: 0.0798, Ind: 0.0002, Med: 0.0401, Spu: 0.0000, FD: 0.0803, Var: 0.0000, CStr: 0.515, Ctx: 2, Train: 99.65%, Valid: 96.48%, Test In: 96.36% Test OOD1: 87.35% 
Epoch: 228, Loss: 0.2149, Cls: 0.0854, Ind: 0.0002, Med: 0.0428, Spu: 0.0000, FD: 0.0865, Var: 0.0000, CStr: 0.515, Ctx: 2, Train: 99.72%, Valid: 96.52%, Test In: 96.40% Test OOD1: 87.77% 
Epoch: 229, Loss: 0.2071, Cls: 0.0823, Ind: 0.0002, Med: 0.0413, Spu: 0.0000, FD: 0.0833, Var: 0.0000, CStr: 0.515, Ctx: 2, Train: 99.76%, Valid: 96.69%, Test In: 96.65% Test OOD1: 86.01% 
Epoch: 230, Loss: 0.2151, Cls: 0.0855, Ind: 0.0002, Med: 0.0428, Spu: 0.0000, FD: 0.0866, Var: 0.0000, CStr: 0.515, Ctx: 2, Train: 99.57%, Valid: 96.34%, Test In: 96.08% Test OOD1: 88.37% 
Epoch: 231, Loss: 0.2120, Cls: 0.0842, Ind: 0.0002, Med: 0.0421, Spu: 0.0000, FD: 0.0855, Var: 0.0000, CStr: 0.515, Ctx: 2, Train: 99.74%, Valid: 96.69%, Test In: 96.51% Test OOD1: 85.97% 
Epoch: 232, Loss: 0.2071, Cls: 0.0823, Ind: 0.0002, Med: 0.0413, Spu: 0.0000, FD: 0.0833, Var: 0.0000, CStr: 0.515, Ctx: 2, Train: 99.67%, Valid: 96.55%, Test In: 96.30% Test OOD1: 87.51% 
Epoch: 233, Loss: 0.2082, Cls: 0.0827, Ind: 0.0002, Med: 0.0415, Spu: 0.0000, FD: 0.0837, Var: 0.0000, CStr: 0.515, Ctx: 2, Train: 99.68%, Valid: 96.61%, Test In: 96.67% Test OOD1: 85.06% 
Epoch: 234, Loss: 0.2095, Cls: 0.0831, Ind: 0.0003, Med: 0.0415, Spu: 0.0000, FD: 0.0847, Var: 0.0000, CStr: 0.515, Ctx: 2, Train: 99.58%, Valid: 96.44%, Test In: 96.27% Test OOD1: 88.47% 
Epoch: 235, Loss: 0.2085, Cls: 0.0830, Ind: 0.0002, Med: 0.0416, Spu: 0.0000, FD: 0.0837, Var: 0.0000, CStr: 0.515, Ctx: 2, Train: 99.74%, Valid: 96.75%, Test In: 96.60% Test OOD1: 86.94% 
Epoch: 236, Loss: 0.2077, Cls: 0.0824, Ind: 0.0002, Med: 0.0412, Spu: 0.0000, FD: 0.0838, Var: 0.0000, CStr: 0.515, Ctx: 2, Train: 99.75%, Valid: 96.83%, Test In: 96.75% Test OOD1: 86.24% 
Epoch: 237, Loss: 0.2013, Cls: 0.0799, Ind: 0.0002, Med: 0.0399, Spu: 0.0000, FD: 0.0813, Var: 0.0000, CStr: 0.515, Ctx: 2, Train: 99.61%, Valid: 96.56%, Test In: 96.46% Test OOD1: 89.12% 
Epoch: 238, Loss: 0.1993, Cls: 0.0792, Ind: 0.0002, Med: 0.0396, Spu: 0.0000, FD: 0.0803, Var: 0.0000, CStr: 0.515, Ctx: 2, Train: 99.70%, Valid: 96.67%, Test In: 96.55% Test OOD1: 87.18% 
Epoch: 239, Loss: 0.2055, Cls: 0.0817, Ind: 0.0002, Med: 0.0410, Spu: 0.0000, FD: 0.0826, Var: 0.0000, CStr: 0.515, Ctx: 2, Train: 99.71%, Valid: 96.78%, Test In: 96.60% Test OOD1: 87.36% 
Epoch: 240, Loss: 0.1965, Cls: 0.0783, Ind: 0.0002, Med: 0.0393, Spu: 0.0000, FD: 0.0787, Var: 0.0000, CStr: 0.515, Ctx: 2, Train: 99.68%, Valid: 96.67%, Test In: 96.40% Test OOD1: 88.32% 
Epoch: 241, Loss: 0.2014, Cls: 0.0800, Ind: 0.0002, Med: 0.0400, Spu: 0.0000, FD: 0.0811, Var: 0.0000, CStr: 0.515, Ctx: 2, Train: 99.72%, Valid: 96.65%, Test In: 96.52% Test OOD1: 85.88% 
Epoch: 242, Loss: 0.2097, Cls: 0.0833, Ind: 0.0002, Med: 0.0417, Spu: 0.0000, FD: 0.0846, Var: 0.0000, CStr: 0.515, Ctx: 2, Train: 99.64%, Valid: 96.48%, Test In: 96.29% Test OOD1: 88.82% 
Epoch: 243, Loss: 0.2117, Cls: 0.0842, Ind: 0.0002, Med: 0.0421, Spu: 0.0000, FD: 0.0852, Var: 0.0000, CStr: 0.516, Ctx: 2, Train: 99.79%, Valid: 96.85%, Test In: 96.77% Test OOD1: 85.56% 
Epoch: 244, Loss: 0.2010, Cls: 0.0799, Ind: 0.0003, Med: 0.0400, Spu: 0.0000, FD: 0.0808, Var: 0.0000, CStr: 0.516, Ctx: 2, Train: 99.77%, Valid: 96.75%, Test In: 96.73% Test OOD1: 86.74% 
Epoch: 245, Loss: 0.1943, Cls: 0.0771, Ind: 0.0002, Med: 0.0386, Spu: 0.0000, FD: 0.0784, Var: 0.0000, CStr: 0.516, Ctx: 2, Train: 99.64%, Valid: 96.56%, Test In: 96.33% Test OOD1: 88.80% 
Epoch: 246, Loss: 0.2004, Cls: 0.0795, Ind: 0.0002, Med: 0.0398, Spu: 0.0000, FD: 0.0809, Var: 0.0000, CStr: 0.516, Ctx: 2, Train: 99.74%, Valid: 96.79%, Test In: 96.69% Test OOD1: 85.80% 
Epoch: 247, Loss: 0.2099, Cls: 0.0835, Ind: 0.0002, Med: 0.0419, Spu: 0.0000, FD: 0.0843, Var: 0.0000, CStr: 0.517, Ctx: 2, Train: 99.71%, Valid: 96.65%, Test In: 96.53% Test OOD1: 88.02% 
Epoch: 248, Loss: 0.2000, Cls: 0.0795, Ind: 0.0002, Med: 0.0398, Spu: 0.0000, FD: 0.0805, Var: 0.0000, CStr: 0.517, Ctx: 2, Train: 99.74%, Valid: 96.70%, Test In: 96.57% Test OOD1: 86.14% 
Epoch: 249, Loss: 0.1984, Cls: 0.0789, Ind: 0.0002, Med: 0.0396, Spu: 0.0000, FD: 0.0796, Var: 0.0000, CStr: 0.517, Ctx: 2, Train: 99.76%, Valid: 96.88%, Test In: 96.64% Test OOD1: 86.29% 
Epoch: 250, Loss: 0.2023, Cls: 0.0804, Ind: 0.0002, Med: 0.0402, Spu: 0.0000, FD: 0.0815, Var: 0.0000, CStr: 0.517, Ctx: 2, Train: 99.66%, Valid: 96.47%, Test In: 96.42% Test OOD1: 88.65% 
Epoch: 251, Loss: 0.2113, Cls: 0.0839, Ind: 0.0002, Med: 0.0420, Spu: 0.0000, FD: 0.0851, Var: 0.0000, CStr: 0.518, Ctx: 2, Train: 99.72%, Valid: 96.69%, Test In: 96.56% Test OOD1: 84.26% 
Epoch: 252, Loss: 0.2220, Cls: 0.0882, Ind: 0.0003, Med: 0.0442, Spu: 0.0000, FD: 0.0893, Var: 0.0000, CStr: 0.518, Ctx: 2, Train: 99.66%, Valid: 96.48%, Test In: 96.33% Test OOD1: 88.95% 
Epoch: 253, Loss: 0.1994, Cls: 0.0793, Ind: 0.0002, Med: 0.0398, Spu: 0.0000, FD: 0.0801, Var: 0.0000, CStr: 0.518, Ctx: 2, Train: 99.79%, Valid: 96.81%, Test In: 96.77% Test OOD1: 86.63% 
Epoch: 254, Loss: 0.1932, Cls: 0.0768, Ind: 0.0002, Med: 0.0384, Spu: 0.0000, FD: 0.0778, Var: 0.0000, CStr: 0.518, Ctx: 2, Train: 99.77%, Valid: 96.84%, Test In: 96.84% Test OOD1: 85.40% 
Epoch: 255, Loss: 0.1945, Cls: 0.0773, Ind: 0.0002, Med: 0.0387, Spu: 0.0000, FD: 0.0782, Var: 0.0000, CStr: 0.519, Ctx: 2, Train: 99.60%, Valid: 96.40%, Test In: 96.34% Test OOD1: 89.06% 
Epoch: 256, Loss: 0.1938, Cls: 0.0771, Ind: 0.0002, Med: 0.0386, Spu: 0.0000, FD: 0.0779, Var: 0.0000, CStr: 0.519, Ctx: 2, Train: 99.75%, Valid: 96.84%, Test In: 96.82% Test OOD1: 85.73% 
Epoch: 257, Loss: 0.1954, Cls: 0.0777, Ind: 0.0002, Med: 0.0389, Spu: 0.0000, FD: 0.0786, Var: 0.0000, CStr: 0.519, Ctx: 2, Train: 99.80%, Valid: 96.94%, Test In: 96.83% Test OOD1: 86.64% 
Epoch: 258, Loss: 0.1900, Cls: 0.0756, Ind: 0.0002, Med: 0.0379, Spu: 0.0000, FD: 0.0763, Var: 0.0000, CStr: 0.519, Ctx: 2, Train: 99.67%, Valid: 96.56%, Test In: 96.51% Test OOD1: 88.64% 
Epoch: 259, Loss: 0.1914, Cls: 0.0761, Ind: 0.0002, Med: 0.0382, Spu: 0.0000, FD: 0.0768, Var: 0.0000, CStr: 0.519, Ctx: 2, Train: 99.80%, Valid: 96.87%, Test In: 96.79% Test OOD1: 86.08% 
Epoch: 260, Loss: 0.1866, Cls: 0.0741, Ind: 0.0002, Med: 0.0370, Spu: 0.0000, FD: 0.0753, Var: 0.0000, CStr: 0.520, Ctx: 2, Train: 99.79%, Valid: 96.84%, Test In: 96.81% Test OOD1: 87.88% 
Epoch: 261, Loss: 0.1867, Cls: 0.0742, Ind: 0.0002, Med: 0.0371, Spu: 0.0000, FD: 0.0751, Var: 0.0000, CStr: 0.520, Ctx: 2, Train: 99.79%, Valid: 96.68%, Test In: 96.65% Test OOD1: 88.96% 
Epoch: 262, Loss: 0.1826, Cls: 0.0726, Ind: 0.0002, Med: 0.0364, Spu: 0.0000, FD: 0.0734, Var: 0.0000, CStr: 0.520, Ctx: 2, Train: 99.76%, Valid: 96.79%, Test In: 96.73% Test OOD1: 86.68% 
Epoch: 263, Loss: 0.1956, Cls: 0.0777, Ind: 0.0002, Med: 0.0389, Spu: 0.0000, FD: 0.0787, Var: 0.0000, CStr: 0.520, Ctx: 2, Train: 99.74%, Valid: 96.54%, Test In: 96.61% Test OOD1: 89.54% 
Epoch: 264, Loss: 0.2077, Cls: 0.0826, Ind: 0.0002, Med: 0.0413, Spu: 0.0000, FD: 0.0835, Var: 0.0000, CStr: 0.520, Ctx: 2, Train: 99.83%, Valid: 97.00%, Test In: 96.90% Test OOD1: 87.27% 
Epoch: 265, Loss: 0.1848, Cls: 0.0735, Ind: 0.0002, Med: 0.0368, Spu: 0.0000, FD: 0.0743, Var: 0.0000, CStr: 0.520, Ctx: 2, Train: 99.77%, Valid: 96.75%, Test In: 96.64% Test OOD1: 87.60% 
Epoch: 266, Loss: 0.1835, Cls: 0.0729, Ind: 0.0002, Med: 0.0365, Spu: 0.0000, FD: 0.0738, Var: 0.0000, CStr: 0.520, Ctx: 2, Train: 99.80%, Valid: 96.85%, Test In: 96.75% Test OOD1: 87.93% 
Epoch: 267, Loss: 0.1957, Cls: 0.0777, Ind: 0.0002, Med: 0.0389, Spu: 0.0000, FD: 0.0788, Var: 0.0000, CStr: 0.521, Ctx: 2, Train: 99.85%, Valid: 97.03%, Test In: 96.84% Test OOD1: 87.06% 
Epoch: 268, Loss: 0.1867, Cls: 0.0742, Ind: 0.0002, Med: 0.0372, Spu: 0.0000, FD: 0.0751, Var: 0.0000, CStr: 0.521, Ctx: 2, Train: 99.74%, Valid: 96.80%, Test In: 96.65% Test OOD1: 89.11% 
Epoch: 269, Loss: 0.1896, Cls: 0.0753, Ind: 0.0002, Med: 0.0377, Spu: 0.0000, FD: 0.0763, Var: 0.0000, CStr: 0.521, Ctx: 2, Train: 99.83%, Valid: 96.98%, Test In: 96.91% Test OOD1: 88.09% 
Epoch: 270, Loss: 0.1801, Cls: 0.0717, Ind: 0.0002, Med: 0.0360, Spu: 0.0000, FD: 0.0721, Var: 0.0000, CStr: 0.521, Ctx: 2, Train: 99.83%, Valid: 97.02%, Test In: 96.92% Test OOD1: 87.03% 
Epoch: 271, Loss: 0.1822, Cls: 0.0725, Ind: 0.0002, Med: 0.0363, Spu: 0.0000, FD: 0.0733, Var: 0.0000, CStr: 0.521, Ctx: 2, Train: 99.74%, Valid: 96.70%, Test In: 96.74% Test OOD1: 89.20% 
Epoch: 272, Loss: 0.1872, Cls: 0.0743, Ind: 0.0002, Med: 0.0372, Spu: 0.0000, FD: 0.0755, Var: 0.0000, CStr: 0.521, Ctx: 2, Train: 99.84%, Valid: 96.87%, Test In: 96.86% Test OOD1: 88.25% 
Epoch: 273, Loss: 0.1856, Cls: 0.0738, Ind: 0.0002, Med: 0.0370, Spu: 0.0000, FD: 0.0746, Var: 0.0000, CStr: 0.521, Ctx: 2, Train: 99.85%, Valid: 96.98%, Test In: 96.95% Test OOD1: 87.83% 
Epoch: 274, Loss: 0.1803, Cls: 0.0716, Ind: 0.0002, Med: 0.0358, Spu: 0.0000, FD: 0.0728, Var: 0.0000, CStr: 0.522, Ctx: 2, Train: 99.82%, Valid: 96.81%, Test In: 96.88% Test OOD1: 88.63% 
Epoch: 275, Loss: 0.1854, Cls: 0.0737, Ind: 0.0002, Med: 0.0369, Spu: 0.0000, FD: 0.0745, Var: 0.0000, CStr: 0.522, Ctx: 2, Train: 99.85%, Valid: 96.90%, Test In: 96.84% Test OOD1: 88.31% 
Epoch: 276, Loss: 0.1829, Cls: 0.0727, Ind: 0.0002, Med: 0.0364, Spu: 0.0000, FD: 0.0736, Var: 0.0000, CStr: 0.522, Ctx: 2, Train: 99.84%, Valid: 96.88%, Test In: 96.83% Test OOD1: 88.83% 
Epoch: 277, Loss: 0.1799, Cls: 0.0716, Ind: 0.0002, Med: 0.0359, Spu: 0.0000, FD: 0.0723, Var: 0.0000, CStr: 0.522, Ctx: 2, Train: 99.84%, Valid: 96.85%, Test In: 96.90% Test OOD1: 88.06% 
Epoch: 278, Loss: 0.1832, Cls: 0.0729, Ind: 0.0002, Med: 0.0365, Spu: 0.0000, FD: 0.0737, Var: 0.0000, CStr: 0.522, Ctx: 2, Train: 99.79%, Valid: 96.91%, Test In: 96.77% Test OOD1: 88.91% 
Epoch: 279, Loss: 0.1891, Cls: 0.0751, Ind: 0.0002, Med: 0.0375, Spu: 0.0000, FD: 0.0763, Var: 0.0000, CStr: 0.522, Ctx: 2, Train: 99.86%, Valid: 97.08%, Test In: 97.00% Test OOD1: 87.60% 
Epoch: 280, Loss: 0.1835, Cls: 0.0729, Ind: 0.0002, Med: 0.0365, Spu: 0.0000, FD: 0.0739, Var: 0.0000, CStr: 0.522, Ctx: 2, Train: 99.84%, Valid: 96.97%, Test In: 97.02% Test OOD1: 87.92% 
Epoch: 281, Loss: 0.1700, Cls: 0.0676, Ind: 0.0002, Med: 0.0339, Spu: 0.0000, FD: 0.0684, Var: 0.0000, CStr: 0.522, Ctx: 2, Train: 99.80%, Valid: 96.83%, Test In: 96.81% Test OOD1: 89.59% 
Epoch: 282, Loss: 0.1751, Cls: 0.0696, Ind: 0.0002, Med: 0.0349, Spu: 0.0000, FD: 0.0704, Var: 0.0000, CStr: 0.522, Ctx: 2, Train: 99.88%, Valid: 97.18%, Test In: 97.06% Test OOD1: 87.26% 
Epoch: 283, Loss: 0.1802, Cls: 0.0716, Ind: 0.0002, Med: 0.0359, Spu: 0.0000, FD: 0.0725, Var: 0.0000, CStr: 0.522, Ctx: 2, Train: 99.84%, Valid: 96.89%, Test In: 96.79% Test OOD1: 89.31% 
Epoch: 284, Loss: 0.1802, Cls: 0.0716, Ind: 0.0002, Med: 0.0359, Spu: 0.0000, FD: 0.0725, Var: 0.0000, CStr: 0.523, Ctx: 2, Train: 99.79%, Valid: 96.75%, Test In: 96.57% Test OOD1: 89.87% 
Epoch: 285, Loss: 0.1784, Cls: 0.0709, Ind: 0.0002, Med: 0.0355, Spu: 0.0000, FD: 0.0719, Var: 0.0000, CStr: 0.523, Ctx: 2, Train: 99.88%, Valid: 97.04%, Test In: 96.98% Test OOD1: 85.54% 
Epoch: 286, Loss: 0.1872, Cls: 0.0743, Ind: 0.0002, Med: 0.0371, Spu: 0.0000, FD: 0.0756, Var: 0.0000, CStr: 0.523, Ctx: 2, Train: 99.71%, Valid: 96.46%, Test In: 96.35% Test OOD1: 90.45% 
Epoch: 287, Loss: 0.1888, Cls: 0.0750, Ind: 0.0002, Med: 0.0376, Spu: 0.0000, FD: 0.0760, Var: 0.0000, CStr: 0.523, Ctx: 2, Train: 99.81%, Valid: 96.90%, Test In: 96.77% Test OOD1: 87.66% 
Epoch: 288, Loss: 0.1806, Cls: 0.0718, Ind: 0.0002, Med: 0.0360, Spu: 0.0000, FD: 0.0726, Var: 0.0000, CStr: 0.523, Ctx: 2, Train: 99.90%, Valid: 97.08%, Test In: 96.97% Test OOD1: 85.86% 
Epoch: 289, Loss: 0.1808, Cls: 0.0718, Ind: 0.0002, Med: 0.0359, Spu: 0.0000, FD: 0.0728, Var: 0.0000, CStr: 0.523, Ctx: 2, Train: 99.75%, Valid: 96.73%, Test In: 96.56% Test OOD1: 89.44% 
Epoch: 290, Loss: 0.1920, Cls: 0.0764, Ind: 0.0002, Med: 0.0383, Spu: 0.0000, FD: 0.0772, Var: 0.0000, CStr: 0.523, Ctx: 2, Train: 99.83%, Valid: 96.92%, Test In: 96.77% Test OOD1: 87.22% 
Epoch: 291, Loss: 0.1768, Cls: 0.0703, Ind: 0.0002, Med: 0.0352, Spu: 0.0000, FD: 0.0711, Var: 0.0000, CStr: 0.523, Ctx: 2, Train: 99.87%, Valid: 97.17%, Test In: 96.92% Test OOD1: 86.43% 
Epoch: 292, Loss: 0.1802, Cls: 0.0716, Ind: 0.0002, Med: 0.0359, Spu: 0.0000, FD: 0.0725, Var: 0.0000, CStr: 0.523, Ctx: 2, Train: 99.77%, Valid: 96.88%, Test In: 96.75% Test OOD1: 88.70% 
Epoch: 293, Loss: 0.1914, Cls: 0.0762, Ind: 0.0002, Med: 0.0382, Spu: 0.0000, FD: 0.0769, Var: 0.0000, CStr: 0.523, Ctx: 2, Train: 99.84%, Valid: 97.15%, Test In: 97.00% Test OOD1: 86.94% 
Epoch: 294, Loss: 0.1726, Cls: 0.0686, Ind: 0.0002, Med: 0.0344, Spu: 0.0000, FD: 0.0694, Var: 0.0000, CStr: 0.523, Ctx: 2, Train: 99.83%, Valid: 97.07%, Test In: 96.96% Test OOD1: 87.46% 
Epoch: 295, Loss: 0.1741, Cls: 0.0692, Ind: 0.0002, Med: 0.0346, Spu: 0.0000, FD: 0.0701, Var: 0.0000, CStr: 0.523, Ctx: 2, Train: 99.82%, Valid: 97.00%, Test In: 96.83% Test OOD1: 89.30% 
Epoch: 296, Loss: 0.1809, Cls: 0.0719, Ind: 0.0002, Med: 0.0360, Spu: 0.0000, FD: 0.0727, Var: 0.0000, CStr: 0.523, Ctx: 2, Train: 99.89%, Valid: 97.21%, Test In: 97.01% Test OOD1: 87.10% 
Epoch: 297, Loss: 0.1758, Cls: 0.0699, Ind: 0.0002, Med: 0.0350, Spu: 0.0000, FD: 0.0707, Var: 0.0000, CStr: 0.523, Ctx: 2, Train: 99.86%, Valid: 97.05%, Test In: 96.88% Test OOD1: 88.92% 
Epoch: 298, Loss: 0.1649, Cls: 0.0655, Ind: 0.0002, Med: 0.0328, Spu: 0.0000, FD: 0.0665, Var: 0.0000, CStr: 0.523, Ctx: 2, Train: 99.86%, Valid: 97.07%, Test In: 96.87% Test OOD1: 88.91% 
Epoch: 299, Loss: 0.1681, Cls: 0.0668, Ind: 0.0002, Med: 0.0334, Spu: 0.0000, FD: 0.0678, Var: 0.0000, CStr: 0.523, Ctx: 2, Train: 99.88%, Valid: 97.10%, Test In: 97.03% Test OOD1: 86.32% 
Epoch: 300, Loss: 0.1779, Cls: 0.0707, Ind: 0.0002, Med: 0.0354, Spu: 0.0000, FD: 0.0716, Var: 0.0000, CStr: 0.523, Ctx: 2, Train: 99.70%, Valid: 96.59%, Test In: 96.42% Test OOD1: 90.68% 
Epoch: 301, Loss: 0.2021, Cls: 0.0802, Ind: 0.0002, Med: 0.0400, Spu: 0.0000, FD: 0.0817, Var: 0.0000, CStr: 0.523, Ctx: 2, Train: 99.87%, Valid: 97.05%, Test In: 97.07% Test OOD1: 86.53% 
Epoch: 302, Loss: 0.1783, Cls: 0.0708, Ind: 0.0002, Med: 0.0354, Spu: 0.0000, FD: 0.0718, Var: 0.0000, CStr: 0.523, Ctx: 2, Train: 99.86%, Valid: 97.04%, Test In: 97.02% Test OOD1: 87.60% 
Epoch: 303, Loss: 0.1627, Cls: 0.0647, Ind: 0.0002, Med: 0.0325, Spu: 0.0000, FD: 0.0653, Var: 0.0000, CStr: 0.523, Ctx: 2, Train: 99.82%, Valid: 97.01%, Test In: 96.96% Test OOD1: 89.36% 
Epoch: 304, Loss: 0.1778, Cls: 0.0707, Ind: 0.0002, Med: 0.0354, Spu: 0.0000, FD: 0.0715, Var: 0.0000, CStr: 0.523, Ctx: 2, Train: 99.87%, Valid: 97.19%, Test In: 97.04% Test OOD1: 87.30% 
Epoch: 305, Loss: 0.1659, Cls: 0.0661, Ind: 0.0002, Med: 0.0332, Spu: 0.0000, FD: 0.0665, Var: 0.0000, CStr: 0.523, Ctx: 2, Train: 99.86%, Valid: 97.12%, Test In: 97.08% Test OOD1: 87.49% 
Epoch: 306, Loss: 0.1666, Cls: 0.0662, Ind: 0.0002, Med: 0.0331, Spu: 0.0000, FD: 0.0671, Var: 0.0000, CStr: 0.523, Ctx: 2, Train: 99.88%, Valid: 97.16%, Test In: 97.09% Test OOD1: 88.64% 
Epoch: 307, Loss: 0.1637, Cls: 0.0651, Ind: 0.0002, Med: 0.0327, Spu: 0.0000, FD: 0.0657, Var: 0.0000, CStr: 0.523, Ctx: 2, Train: 99.90%, Valid: 97.23%, Test In: 97.15% Test OOD1: 88.25% 
Epoch: 308, Loss: 0.1691, Cls: 0.0673, Ind: 0.0002, Med: 0.0337, Spu: 0.0000, FD: 0.0679, Var: 0.0000, CStr: 0.523, Ctx: 2, Train: 99.87%, Valid: 97.09%, Test In: 97.04% Test OOD1: 88.14% 
Epoch: 309, Loss: 0.1666, Cls: 0.0664, Ind: 0.0002, Med: 0.0334, Spu: 0.0000, FD: 0.0667, Var: 0.0000, CStr: 0.523, Ctx: 2, Train: 99.90%, Valid: 97.16%, Test In: 97.15% Test OOD1: 87.92% 
Epoch: 310, Loss: 0.1756, Cls: 0.0697, Ind: 0.0002, Med: 0.0348, Spu: 0.0000, FD: 0.0709, Var: 0.0000, CStr: 0.523, Ctx: 2, Train: 99.91%, Valid: 97.18%, Test In: 97.11% Test OOD1: 87.96% 
Epoch: 311, Loss: 0.1647, Cls: 0.0655, Ind: 0.0002, Med: 0.0329, Spu: 0.0000, FD: 0.0661, Var: 0.0000, CStr: 0.523, Ctx: 2, Train: 99.88%, Valid: 97.07%, Test In: 97.16% Test OOD1: 88.32% 
Epoch: 312, Loss: 0.1716, Cls: 0.0682, Ind: 0.0002, Med: 0.0341, Spu: 0.0000, FD: 0.0692, Var: 0.0000, CStr: 0.523, Ctx: 2, Train: 99.86%, Valid: 96.99%, Test In: 97.04% Test OOD1: 87.34% 
Epoch: 313, Loss: 0.1734, Cls: 0.0691, Ind: 0.0002, Med: 0.0346, Spu: 0.0000, FD: 0.0695, Var: 0.0000, CStr: 0.523, Ctx: 2, Train: 99.85%, Valid: 97.09%, Test In: 96.99% Test OOD1: 88.55% 
Epoch: 314, Loss: 0.1724, Cls: 0.0685, Ind: 0.0002, Med: 0.0343, Spu: 0.0000, FD: 0.0694, Var: 0.0000, CStr: 0.523, Ctx: 2, Train: 99.89%, Valid: 97.33%, Test In: 97.13% Test OOD1: 87.06% 
Epoch: 315, Loss: 0.1772, Cls: 0.0706, Ind: 0.0002, Med: 0.0354, Spu: 0.0000, FD: 0.0710, Var: 0.0000, CStr: 0.523, Ctx: 2, Train: 99.85%, Valid: 97.16%, Test In: 97.04% Test OOD1: 87.43% 
Epoch: 316, Loss: 0.1638, Cls: 0.0651, Ind: 0.0002, Med: 0.0327, Spu: 0.0000, FD: 0.0658, Var: 0.0000, CStr: 0.523, Ctx: 2, Train: 99.87%, Valid: 97.19%, Test In: 97.07% Test OOD1: 88.40% 
Epoch: 317, Loss: 0.1692, Cls: 0.0673, Ind: 0.0002, Med: 0.0338, Spu: 0.0000, FD: 0.0678, Var: 0.0000, CStr: 0.523, Ctx: 2, Train: 99.91%, Valid: 97.36%, Test In: 97.04% Test OOD1: 86.28% 
Epoch: 318, Loss: 0.1669, Cls: 0.0663, Ind: 0.0002, Med: 0.0332, Spu: 0.0000, FD: 0.0671, Var: 0.0000, CStr: 0.523, Ctx: 2, Train: 99.89%, Valid: 97.25%, Test In: 97.13% Test OOD1: 88.14% 
Epoch: 319, Loss: 0.1616, Cls: 0.0643, Ind: 0.0002, Med: 0.0323, Spu: 0.0000, FD: 0.0648, Var: 0.0000, CStr: 0.523, Ctx: 2, Train: 99.87%, Valid: 97.21%, Test In: 96.98% Test OOD1: 89.25% 
Epoch: 320, Loss: 0.1684, Cls: 0.0669, Ind: 0.0002, Med: 0.0335, Spu: 0.0000, FD: 0.0678, Var: 0.0000, CStr: 0.523, Ctx: 2, Train: 99.92%, Valid: 97.33%, Test In: 97.11% Test OOD1: 88.07% 
Epoch: 321, Loss: 0.1635, Cls: 0.0651, Ind: 0.0002, Med: 0.0326, Spu: 0.0000, FD: 0.0656, Var: 0.0000, CStr: 0.523, Ctx: 2, Train: 99.91%, Valid: 97.30%, Test In: 97.09% Test OOD1: 88.98% 
Epoch: 322, Loss: 0.1565, Cls: 0.0622, Ind: 0.0002, Med: 0.0311, Spu: 0.0000, FD: 0.0631, Var: 0.0000, CStr: 0.523, Ctx: 2, Train: 99.87%, Valid: 97.12%, Test In: 96.96% Test OOD1: 90.03% 
Epoch: 323, Loss: 0.1669, Cls: 0.0663, Ind: 0.0002, Med: 0.0332, Spu: 0.0000, FD: 0.0672, Var: 0.0000, CStr: 0.523, Ctx: 2, Train: 99.90%, Valid: 97.30%, Test In: 97.10% Test OOD1: 88.96% 
Epoch: 324, Loss: 0.1611, Cls: 0.0640, Ind: 0.0002, Med: 0.0321, Spu: 0.0000, FD: 0.0648, Var: 0.0000, CStr: 0.523, Ctx: 2, Train: 99.90%, Valid: 97.27%, Test In: 97.07% Test OOD1: 89.39% 
Epoch: 325, Loss: 0.1541, Cls: 0.0613, Ind: 0.0002, Med: 0.0308, Spu: 0.0000, FD: 0.0618, Var: 0.0000, CStr: 0.523, Ctx: 2, Train: 99.90%, Valid: 97.20%, Test In: 97.02% Test OOD1: 89.33% 
Epoch: 326, Loss: 0.1616, Cls: 0.0641, Ind: 0.0002, Med: 0.0321, Spu: 0.0000, FD: 0.0652, Var: 0.0000, CStr: 0.523, Ctx: 2, Train: 99.91%, Valid: 97.12%, Test In: 96.99% Test OOD1: 89.38% 
Epoch: 327, Loss: 0.1618, Cls: 0.0644, Ind: 0.0002, Med: 0.0323, Spu: 0.0000, FD: 0.0650, Var: 0.0000, CStr: 0.524, Ctx: 2, Train: 99.90%, Valid: 97.23%, Test In: 97.02% Test OOD1: 89.54% 
Epoch: 328, Loss: 0.1598, Cls: 0.0635, Ind: 0.0002, Med: 0.0317, Spu: 0.0000, FD: 0.0644, Var: 0.0000, CStr: 0.524, Ctx: 2, Train: 99.91%, Valid: 97.22%, Test In: 97.10% Test OOD1: 88.85% 
Epoch: 329, Loss: 0.1512, Cls: 0.0601, Ind: 0.0002, Med: 0.0301, Spu: 0.0000, FD: 0.0609, Var: 0.0000, CStr: 0.524, Ctx: 2, Train: 99.87%, Valid: 97.13%, Test In: 96.96% Test OOD1: 90.53% 
Epoch: 330, Loss: 0.1664, Cls: 0.0661, Ind: 0.0002, Med: 0.0331, Spu: 0.0000, FD: 0.0670, Var: 0.0000, CStr: 0.524, Ctx: 2, Train: 99.93%, Valid: 97.32%, Test In: 97.20% Test OOD1: 88.44% 
Epoch: 331, Loss: 0.1556, Cls: 0.0619, Ind: 0.0002, Med: 0.0310, Spu: 0.0000, FD: 0.0625, Var: 0.0000, CStr: 0.524, Ctx: 2, Train: 99.91%, Valid: 97.36%, Test In: 97.09% Test OOD1: 89.15% 
Epoch: 332, Loss: 0.1654, Cls: 0.0656, Ind: 0.0002, Med: 0.0328, Spu: 0.0000, FD: 0.0669, Var: 0.0000, CStr: 0.524, Ctx: 2, Train: 99.87%, Valid: 97.19%, Test In: 97.02% Test OOD1: 90.33% 
Epoch: 333, Loss: 0.1555, Cls: 0.0618, Ind: 0.0002, Med: 0.0309, Spu: 0.0000, FD: 0.0626, Var: 0.0000, CStr: 0.524, Ctx: 2, Train: 99.91%, Valid: 97.29%, Test In: 97.16% Test OOD1: 88.45% 
Epoch: 334, Loss: 0.1599, Cls: 0.0635, Ind: 0.0002, Med: 0.0317, Spu: 0.0000, FD: 0.0645, Var: 0.0000, CStr: 0.524, Ctx: 2, Train: 99.89%, Valid: 97.21%, Test In: 97.02% Test OOD1: 89.81% 
Epoch: 335, Loss: 0.1642, Cls: 0.0652, Ind: 0.0002, Med: 0.0326, Spu: 0.0000, FD: 0.0662, Var: 0.0000, CStr: 0.524, Ctx: 2, Train: 99.92%, Valid: 97.17%, Test In: 97.11% Test OOD1: 89.39% 
Epoch: 336, Loss: 0.1637, Cls: 0.0650, Ind: 0.0002, Med: 0.0325, Spu: 0.0000, FD: 0.0660, Var: 0.0000, CStr: 0.524, Ctx: 2, Train: 99.93%, Valid: 97.19%, Test In: 97.12% Test OOD1: 89.32% 
Epoch: 337, Loss: 0.1535, Cls: 0.0611, Ind: 0.0002, Med: 0.0307, Spu: 0.0000, FD: 0.0615, Var: 0.0000, CStr: 0.524, Ctx: 2, Train: 99.92%, Valid: 97.27%, Test In: 97.11% Test OOD1: 88.94% 
Epoch: 338, Loss: 0.1667, Cls: 0.0664, Ind: 0.0002, Med: 0.0333, Spu: 0.0000, FD: 0.0668, Var: 0.0000, CStr: 0.524, Ctx: 2, Train: 99.90%, Valid: 97.07%, Test In: 96.92% Test OOD1: 89.48% 
Epoch: 339, Loss: 0.1681, Cls: 0.0670, Ind: 0.0002, Med: 0.0336, Spu: 0.0000, FD: 0.0673, Var: 0.0000, CStr: 0.524, Ctx: 2, Train: 99.93%, Valid: 97.24%, Test In: 97.01% Test OOD1: 88.01% 
Epoch: 340, Loss: 0.1595, Cls: 0.0634, Ind: 0.0002, Med: 0.0317, Spu: 0.0000, FD: 0.0642, Var: 0.0000, CStr: 0.524, Ctx: 2, Train: 99.91%, Valid: 97.24%, Test In: 97.02% Test OOD1: 88.67% 
Epoch: 341, Loss: 0.1665, Cls: 0.0662, Ind: 0.0002, Med: 0.0331, Spu: 0.0000, FD: 0.0671, Var: 0.0000, CStr: 0.524, Ctx: 2, Train: 99.90%, Valid: 97.16%, Test In: 97.13% Test OOD1: 87.53% 
Epoch: 342, Loss: 0.1569, Cls: 0.0625, Ind: 0.0002, Med: 0.0314, Spu: 0.0000, FD: 0.0628, Var: 0.0000, CStr: 0.524, Ctx: 2, Train: 99.87%, Valid: 97.09%, Test In: 96.88% Test OOD1: 89.57% 
Epoch: 343, Loss: 0.1631, Cls: 0.0649, Ind: 0.0002, Med: 0.0326, Spu: 0.0000, FD: 0.0653, Var: 0.0000, CStr: 0.524, Ctx: 2, Train: 99.93%, Valid: 97.30%, Test In: 97.10% Test OOD1: 88.38% 
Epoch: 344, Loss: 0.1582, Cls: 0.0628, Ind: 0.0002, Med: 0.0315, Spu: 0.0000, FD: 0.0637, Var: 0.0000, CStr: 0.524, Ctx: 2, Train: 99.94%, Valid: 97.34%, Test In: 97.17% Test OOD1: 87.48% 
Epoch: 345, Loss: 0.1524, Cls: 0.0607, Ind: 0.0002, Med: 0.0305, Spu: 0.0000, FD: 0.0611, Var: 0.0000, CStr: 0.524, Ctx: 2, Train: 99.87%, Valid: 97.14%, Test In: 96.86% Test OOD1: 89.04% 
Epoch: 346, Loss: 0.1610, Cls: 0.0641, Ind: 0.0002, Med: 0.0321, Spu: 0.0000, FD: 0.0645, Var: 0.0000, CStr: 0.524, Ctx: 2, Train: 99.91%, Valid: 97.34%, Test In: 97.04% Test OOD1: 87.73% 
Epoch: 347, Loss: 0.1666, Cls: 0.0662, Ind: 0.0002, Med: 0.0332, Spu: 0.0000, FD: 0.0670, Var: 0.0000, CStr: 0.524, Ctx: 2, Train: 99.94%, Valid: 97.37%, Test In: 97.11% Test OOD1: 86.05% 
Epoch: 348, Loss: 0.1519, Cls: 0.0604, Ind: 0.0002, Med: 0.0302, Spu: 0.0000, FD: 0.0612, Var: 0.0000, CStr: 0.524, Ctx: 2, Train: 99.90%, Valid: 97.30%, Test In: 97.02% Test OOD1: 87.32% 
Epoch: 349, Loss: 0.1623, Cls: 0.0644, Ind: 0.0002, Med: 0.0322, Spu: 0.0000, FD: 0.0655, Var: 0.0000, CStr: 0.524, Ctx: 2, Train: 99.92%, Valid: 97.36%, Test In: 97.10% Test OOD1: 86.85% 
Epoch: 350, Loss: 0.1550, Cls: 0.0616, Ind: 0.0001, Med: 0.0309, Spu: 0.0000, FD: 0.0624, Var: 0.0000, CStr: 0.524, Ctx: 2, Train: 99.90%, Valid: 97.38%, Test In: 97.07% Test OOD1: 87.88% 
Epoch: 351, Loss: 0.1576, Cls: 0.0626, Ind: 0.0002, Med: 0.0313, Spu: 0.0000, FD: 0.0636, Var: 0.0000, CStr: 0.524, Ctx: 2, Train: 99.92%, Valid: 97.30%, Test In: 97.07% Test OOD1: 87.95% 
Epoch: 352, Loss: 0.1597, Cls: 0.0635, Ind: 0.0002, Med: 0.0317, Spu: 0.0000, FD: 0.0644, Var: 0.0000, CStr: 0.524, Ctx: 2, Train: 99.92%, Valid: 97.19%, Test In: 97.03% Test OOD1: 88.83% 
Epoch: 353, Loss: 0.1637, Cls: 0.0651, Ind: 0.0002, Med: 0.0326, Spu: 0.0000, FD: 0.0658, Var: 0.0000, CStr: 0.524, Ctx: 2, Train: 99.93%, Valid: 97.28%, Test In: 97.06% Test OOD1: 88.23% 
Epoch: 354, Loss: 0.1564, Cls: 0.0622, Ind: 0.0002, Med: 0.0312, Spu: 0.0000, FD: 0.0628, Var: 0.0000, CStr: 0.524, Ctx: 2, Train: 99.95%, Valid: 97.28%, Test In: 97.13% Test OOD1: 88.67% 
Epoch: 355, Loss: 0.1537, Cls: 0.0612, Ind: 0.0002, Med: 0.0307, Spu: 0.0000, FD: 0.0616, Var: 0.0000, CStr: 0.524, Ctx: 2, Train: 99.89%, Valid: 97.21%, Test In: 97.00% Test OOD1: 89.60% 
Epoch: 356, Loss: 0.1620, Cls: 0.0643, Ind: 0.0002, Med: 0.0322, Spu: 0.0000, FD: 0.0654, Var: 0.0000, CStr: 0.524, Ctx: 2, Train: 99.93%, Valid: 97.33%, Test In: 97.19% Test OOD1: 88.03% 
Epoch: 357, Loss: 0.1534, Cls: 0.0610, Ind: 0.0001, Med: 0.0305, Spu: 0.0000, FD: 0.0619, Var: 0.0000, CStr: 0.524, Ctx: 2, Train: 99.91%, Valid: 97.26%, Test In: 97.08% Test OOD1: 88.98% 
Epoch: 358, Loss: 0.1495, Cls: 0.0594, Ind: 0.0002, Med: 0.0298, Spu: 0.0000, FD: 0.0601, Var: 0.0000, CStr: 0.524, Ctx: 2, Train: 99.92%, Valid: 97.22%, Test In: 97.04% Test OOD1: 89.20% 
Epoch: 359, Loss: 0.1548, Cls: 0.0616, Ind: 0.0001, Med: 0.0309, Spu: 0.0000, FD: 0.0621, Var: 0.0000, CStr: 0.524, Ctx: 2, Train: 99.94%, Valid: 97.30%, Test In: 97.13% Test OOD1: 88.38% 
Epoch: 360, Loss: 0.1570, Cls: 0.0625, Ind: 0.0002, Med: 0.0313, Spu: 0.0000, FD: 0.0631, Var: 0.0000, CStr: 0.524, Ctx: 2, Train: 99.94%, Valid: 97.28%, Test In: 97.14% Test OOD1: 89.30% 
Epoch: 361, Loss: 0.1560, Cls: 0.0618, Ind: 0.0002, Med: 0.0308, Spu: 0.0000, FD: 0.0632, Var: 0.0000, CStr: 0.524, Ctx: 2, Train: 99.94%, Valid: 97.30%, Test In: 97.20% Test OOD1: 89.31% 
Epoch: 362, Loss: 0.1591, Cls: 0.0633, Ind: 0.0002, Med: 0.0317, Spu: 0.0000, FD: 0.0639, Var: 0.0000, CStr: 0.525, Ctx: 2, Train: 99.94%, Valid: 97.30%, Test In: 97.30% Test OOD1: 88.02% 
Epoch: 363, Loss: 0.1486, Cls: 0.0592, Ind: 0.0002, Med: 0.0297, Spu: 0.0000, FD: 0.0596, Var: 0.0000, CStr: 0.525, Ctx: 2, Train: 99.92%, Valid: 97.23%, Test In: 97.20% Test OOD1: 88.96% 
Epoch: 364, Loss: 0.1597, Cls: 0.0635, Ind: 0.0002, Med: 0.0318, Spu: 0.0000, FD: 0.0642, Var: 0.0000, CStr: 0.525, Ctx: 2, Train: 99.90%, Valid: 97.16%, Test In: 97.13% Test OOD1: 89.61% 
Epoch: 365, Loss: 0.1612, Cls: 0.0640, Ind: 0.0001, Med: 0.0320, Spu: 0.0000, FD: 0.0651, Var: 0.0000, CStr: 0.525, Ctx: 2, Train: 99.93%, Valid: 97.34%, Test In: 97.18% Test OOD1: 87.00% 
Epoch: 366, Loss: 0.1611, Cls: 0.0641, Ind: 0.0001, Med: 0.0321, Spu: 0.0000, FD: 0.0647, Var: 0.0000, CStr: 0.525, Ctx: 2, Train: 99.85%, Valid: 97.07%, Test In: 96.81% Test OOD1: 90.58% 
Epoch: 367, Loss: 0.1750, Cls: 0.0697, Ind: 0.0002, Med: 0.0349, Spu: 0.0000, FD: 0.0703, Var: 0.0000, CStr: 0.525, Ctx: 2, Train: 99.93%, Valid: 97.36%, Test In: 97.21% Test OOD1: 87.65% 
Epoch: 368, Loss: 0.1582, Cls: 0.0629, Ind: 0.0002, Med: 0.0316, Spu: 0.0000, FD: 0.0635, Var: 0.0000, CStr: 0.525, Ctx: 2, Train: 99.92%, Valid: 97.30%, Test In: 97.12% Test OOD1: 89.38% 
Epoch: 369, Loss: 0.1510, Cls: 0.0600, Ind: 0.0002, Med: 0.0300, Spu: 0.0000, FD: 0.0608, Var: 0.0000, CStr: 0.525, Ctx: 2, Train: 99.88%, Valid: 97.19%, Test In: 97.00% Test OOD1: 90.93% 
Epoch: 370, Loss: 0.1545, Cls: 0.0614, Ind: 0.0001, Med: 0.0307, Spu: 0.0000, FD: 0.0622, Var: 0.0000, CStr: 0.525, Ctx: 2, Train: 99.92%, Valid: 97.25%, Test In: 97.19% Test OOD1: 89.44% 
Epoch: 371, Loss: 0.1501, Cls: 0.0596, Ind: 0.0002, Med: 0.0298, Spu: 0.0000, FD: 0.0606, Var: 0.0000, CStr: 0.525, Ctx: 2, Train: 99.91%, Valid: 97.22%, Test In: 97.15% Test OOD1: 90.47% 
Epoch: 372, Loss: 0.1529, Cls: 0.0607, Ind: 0.0002, Med: 0.0304, Spu: 0.0000, FD: 0.0617, Var: 0.0000, CStr: 0.525, Ctx: 2, Train: 99.90%, Valid: 97.21%, Test In: 97.17% Test OOD1: 90.54% 
Epoch: 373, Loss: 0.1583, Cls: 0.0629, Ind: 0.0002, Med: 0.0314, Spu: 0.0000, FD: 0.0639, Var: 0.0000, CStr: 0.525, Ctx: 2, Train: 99.94%, Valid: 97.36%, Test In: 97.25% Test OOD1: 88.59% 
Epoch: 374, Loss: 0.1564, Cls: 0.0621, Ind: 0.0002, Med: 0.0311, Spu: 0.0000, FD: 0.0630, Var: 0.0000, CStr: 0.525, Ctx: 2, Train: 99.89%, Valid: 97.13%, Test In: 97.00% Test OOD1: 90.86% 
Epoch: 375, Loss: 0.1566, Cls: 0.0624, Ind: 0.0002, Med: 0.0313, Spu: 0.0000, FD: 0.0628, Var: 0.0000, CStr: 0.525, Ctx: 2, Train: 99.92%, Valid: 97.23%, Test In: 97.21% Test OOD1: 89.83% 
Epoch: 376, Loss: 0.1555, Cls: 0.0619, Ind: 0.0002, Med: 0.0310, Spu: 0.0000, FD: 0.0625, Var: 0.0000, CStr: 0.525, Ctx: 2, Train: 99.95%, Valid: 97.39%, Test In: 97.31% Test OOD1: 88.14% 
Epoch: 377, Loss: 0.1515, Cls: 0.0602, Ind: 0.0002, Med: 0.0301, Spu: 0.0000, FD: 0.0610, Var: 0.0000, CStr: 0.525, Ctx: 2, Train: 99.93%, Valid: 97.25%, Test In: 97.12% Test OOD1: 90.06% 
Epoch: 378, Loss: 0.1472, Cls: 0.0584, Ind: 0.0002, Med: 0.0292, Spu: 0.0000, FD: 0.0594, Var: 0.0000, CStr: 0.525, Ctx: 2, Train: 99.92%, Valid: 97.26%, Test In: 97.05% Test OOD1: 90.37% 
Epoch: 379, Loss: 0.1478, Cls: 0.0587, Ind: 0.0002, Med: 0.0293, Spu: 0.0000, FD: 0.0596, Var: 0.0000, CStr: 0.525, Ctx: 2, Train: 99.95%, Valid: 97.46%, Test In: 97.27% Test OOD1: 88.65% 
Epoch: 380, Loss: 0.1547, Cls: 0.0615, Ind: 0.0002, Med: 0.0307, Spu: 0.0000, FD: 0.0624, Var: 0.0000, CStr: 0.525, Ctx: 2, Train: 99.93%, Valid: 97.38%, Test In: 97.19% Test OOD1: 90.50% 
Epoch: 381, Loss: 0.1484, Cls: 0.0590, Ind: 0.0002, Med: 0.0296, Spu: 0.0000, FD: 0.0596, Var: 0.0000, CStr: 0.525, Ctx: 2, Train: 99.92%, Valid: 97.27%, Test In: 97.06% Test OOD1: 91.04% 
Epoch: 382, Loss: 0.1526, Cls: 0.0607, Ind: 0.0002, Med: 0.0304, Spu: 0.0000, FD: 0.0614, Var: 0.0000, CStr: 0.525, Ctx: 2, Train: 99.94%, Valid: 97.54%, Test In: 97.35% Test OOD1: 88.78% 
Epoch: 383, Loss: 0.1404, Cls: 0.0557, Ind: 0.0002, Med: 0.0279, Spu: 0.0000, FD: 0.0566, Var: 0.0000, CStr: 0.525, Ctx: 2, Train: 99.94%, Valid: 97.44%, Test In: 97.25% Test OOD1: 89.99% 
Epoch: 384, Loss: 0.1482, Cls: 0.0589, Ind: 0.0002, Med: 0.0295, Spu: 0.0000, FD: 0.0596, Var: 0.0000, CStr: 0.525, Ctx: 2, Train: 99.92%, Valid: 97.25%, Test In: 97.03% Test OOD1: 90.77% 
Epoch: 385, Loss: 0.1449, Cls: 0.0577, Ind: 0.0002, Med: 0.0289, Spu: 0.0000, FD: 0.0581, Var: 0.0000, CStr: 0.525, Ctx: 2, Train: 99.95%, Valid: 97.40%, Test In: 97.27% Test OOD1: 89.48% 
Epoch: 386, Loss: 0.1463, Cls: 0.0582, Ind: 0.0002, Med: 0.0292, Spu: 0.0000, FD: 0.0587, Var: 0.0000, CStr: 0.525, Ctx: 2, Train: 99.95%, Valid: 97.38%, Test In: 97.25% Test OOD1: 90.40% 
Epoch: 387, Loss: 0.1589, Cls: 0.0631, Ind: 0.0002, Med: 0.0315, Spu: 0.0000, FD: 0.0642, Var: 0.0000, CStr: 0.525, Ctx: 2, Train: 99.95%, Valid: 97.34%, Test In: 97.11% Test OOD1: 90.37% 
Epoch: 388, Loss: 0.1485, Cls: 0.0590, Ind: 0.0002, Med: 0.0295, Spu: 0.0000, FD: 0.0598, Var: 0.0000, CStr: 0.525, Ctx: 2, Train: 99.96%, Valid: 97.30%, Test In: 97.30% Test OOD1: 89.62% 
Epoch: 389, Loss: 0.1576, Cls: 0.0626, Ind: 0.0002, Med: 0.0313, Spu: 0.0000, FD: 0.0635, Var: 0.0000, CStr: 0.525, Ctx: 2, Train: 99.92%, Valid: 97.32%, Test In: 97.03% Test OOD1: 90.84% 
Epoch: 390, Loss: 0.1489, Cls: 0.0592, Ind: 0.0001, Med: 0.0296, Spu: 0.0000, FD: 0.0600, Var: 0.0000, CStr: 0.525, Ctx: 2, Train: 99.95%, Valid: 97.36%, Test In: 97.24% Test OOD1: 89.99% 
Epoch: 391, Loss: 0.1410, Cls: 0.0560, Ind: 0.0001, Med: 0.0280, Spu: 0.0000, FD: 0.0569, Var: 0.0000, CStr: 0.525, Ctx: 2, Train: 99.93%, Valid: 97.33%, Test In: 97.27% Test OOD1: 89.47% 
Epoch: 392, Loss: 0.1464, Cls: 0.0582, Ind: 0.0001, Med: 0.0292, Spu: 0.0000, FD: 0.0589, Var: 0.0000, CStr: 0.525, Ctx: 2, Train: 99.94%, Valid: 97.42%, Test In: 97.11% Test OOD1: 90.39% 
Epoch: 393, Loss: 0.1504, Cls: 0.0598, Ind: 0.0001, Med: 0.0299, Spu: 0.0000, FD: 0.0606, Var: 0.0000, CStr: 0.525, Ctx: 2, Train: 99.96%, Valid: 97.55%, Test In: 97.34% Test OOD1: 88.93% 
Epoch: 394, Loss: 0.1508, Cls: 0.0600, Ind: 0.0002, Med: 0.0300, Spu: 0.0000, FD: 0.0606, Var: 0.0000, CStr: 0.525, Ctx: 2, Train: 99.94%, Valid: 97.40%, Test In: 97.19% Test OOD1: 89.98% 
Epoch: 395, Loss: 0.1451, Cls: 0.0578, Ind: 0.0002, Med: 0.0290, Spu: 0.0000, FD: 0.0583, Var: 0.0000, CStr: 0.525, Ctx: 2, Train: 99.93%, Valid: 97.30%, Test In: 97.17% Test OOD1: 91.05% 
Epoch: 396, Loss: 0.1446, Cls: 0.0575, Ind: 0.0001, Med: 0.0287, Spu: 0.0000, FD: 0.0583, Var: 0.0000, CStr: 0.525, Ctx: 2, Train: 99.96%, Valid: 97.48%, Test In: 97.41% Test OOD1: 89.27% 
Epoch: 397, Loss: 0.1441, Cls: 0.0573, Ind: 0.0002, Med: 0.0287, Spu: 0.0000, FD: 0.0579, Var: 0.0000, CStr: 0.525, Ctx: 2, Train: 99.95%, Valid: 97.32%, Test In: 97.23% Test OOD1: 90.35% 
Epoch: 398, Loss: 0.1486, Cls: 0.0590, Ind: 0.0002, Med: 0.0295, Spu: 0.0000, FD: 0.0599, Var: 0.0000, CStr: 0.525, Ctx: 2, Train: 99.92%, Valid: 97.18%, Test In: 97.07% Test OOD1: 91.01% 
Epoch: 399, Loss: 0.1505, Cls: 0.0599, Ind: 0.0002, Med: 0.0300, Spu: 0.0000, FD: 0.0604, Var: 0.0000, CStr: 0.525, Ctx: 2, Train: 99.96%, Valid: 97.40%, Test In: 97.30% Test OOD1: 88.96% 
Epoch: 400, Loss: 0.1469, Cls: 0.0585, Ind: 0.0002, Med: 0.0293, Spu: 0.0000, FD: 0.0589, Var: 0.0000, CStr: 0.525, Ctx: 2, Train: 99.95%, Valid: 97.39%, Test In: 97.24% Test OOD1: 89.38% 
Epoch: 401, Loss: 0.1459, Cls: 0.0580, Ind: 0.0002, Med: 0.0290, Spu: 0.0000, FD: 0.0587, Var: 0.0000, CStr: 0.525, Ctx: 2, Train: 99.93%, Valid: 97.27%, Test In: 97.12% Test OOD1: 89.19% 
Epoch: 402, Loss: 0.1417, Cls: 0.0563, Ind: 0.0002, Med: 0.0282, Spu: 0.0000, FD: 0.0571, Var: 0.0000, CStr: 0.525, Ctx: 2, Train: 99.95%, Valid: 97.36%, Test In: 97.13% Test OOD1: 90.10% 
Epoch: 403, Loss: 0.1498, Cls: 0.0597, Ind: 0.0002, Med: 0.0299, Spu: 0.0000, FD: 0.0600, Var: 0.0000, CStr: 0.525, Ctx: 2, Train: 99.96%, Valid: 97.55%, Test In: 97.32% Test OOD1: 87.90% 
Epoch: 404, Loss: 0.1545, Cls: 0.0614, Ind: 0.0002, Med: 0.0307, Spu: 0.0000, FD: 0.0622, Var: 0.0000, CStr: 0.525, Ctx: 2, Train: 99.92%, Valid: 97.24%, Test In: 97.09% Test OOD1: 90.66% 
Epoch: 405, Loss: 0.1465, Cls: 0.0583, Ind: 0.0002, Med: 0.0292, Spu: 0.0000, FD: 0.0588, Var: 0.0000, CStr: 0.525, Ctx: 2, Train: 99.94%, Valid: 97.15%, Test In: 97.09% Test OOD1: 90.36% 
Epoch: 406, Loss: 0.1535, Cls: 0.0610, Ind: 0.0002, Med: 0.0305, Spu: 0.0000, FD: 0.0618, Var: 0.0000, CStr: 0.525, Ctx: 2, Train: 99.97%, Valid: 97.51%, Test In: 97.35% Test OOD1: 88.97% 
Epoch: 407, Loss: 0.1446, Cls: 0.0574, Ind: 0.0002, Med: 0.0287, Spu: 0.0000, FD: 0.0582, Var: 0.0000, CStr: 0.525, Ctx: 2, Train: 99.97%, Valid: 97.41%, Test In: 97.30% Test OOD1: 91.29% 
Epoch: 408, Loss: 0.1397, Cls: 0.0555, Ind: 0.0002, Med: 0.0278, Spu: 0.0000, FD: 0.0563, Var: 0.0000, CStr: 0.525, Ctx: 2, Train: 99.93%, Valid: 97.16%, Test In: 97.23% Test OOD1: 91.31% 
Epoch: 409, Loss: 0.1463, Cls: 0.0582, Ind: 0.0002, Med: 0.0291, Spu: 0.0000, FD: 0.0589, Var: 0.0000, CStr: 0.525, Ctx: 2, Train: 99.96%, Valid: 97.33%, Test In: 97.30% Test OOD1: 90.80% 
Epoch: 410, Loss: 0.1463, Cls: 0.0582, Ind: 0.0001, Med: 0.0291, Spu: 0.0000, FD: 0.0589, Var: 0.0000, CStr: 0.525, Ctx: 2, Train: 99.93%, Valid: 97.36%, Test In: 97.17% Test OOD1: 91.08% 
Epoch: 411, Loss: 0.1376, Cls: 0.0548, Ind: 0.0001, Med: 0.0275, Spu: 0.0000, FD: 0.0551, Var: 0.0000, CStr: 0.525, Ctx: 2, Train: 99.96%, Valid: 97.44%, Test In: 97.26% Test OOD1: 89.79% 
Epoch: 412, Loss: 0.1389, Cls: 0.0550, Ind: 0.0001, Med: 0.0274, Spu: 0.0000, FD: 0.0563, Var: 0.0000, CStr: 0.525, Ctx: 2, Train: 99.94%, Valid: 97.30%, Test In: 97.20% Test OOD1: 91.82% 
Epoch: 413, Loss: 0.1408, Cls: 0.0560, Ind: 0.0002, Med: 0.0280, Spu: 0.0000, FD: 0.0566, Var: 0.0000, CStr: 0.525, Ctx: 2, Train: 99.95%, Valid: 97.34%, Test In: 97.17% Test OOD1: 91.56% 
Epoch: 414, Loss: 0.1454, Cls: 0.0578, Ind: 0.0002, Med: 0.0290, Spu: 0.0000, FD: 0.0584, Var: 0.0000, CStr: 0.526, Ctx: 2, Train: 99.95%, Valid: 97.45%, Test In: 97.30% Test OOD1: 89.23% 
Epoch: 415, Loss: 0.1535, Cls: 0.0611, Ind: 0.0002, Med: 0.0306, Spu: 0.0000, FD: 0.0617, Var: 0.0000, CStr: 0.526, Ctx: 2, Train: 99.92%, Valid: 97.16%, Test In: 96.97% Test OOD1: 92.50% 
Epoch: 416, Loss: 0.1437, Cls: 0.0571, Ind: 0.0001, Med: 0.0286, Spu: 0.0000, FD: 0.0579, Var: 0.0000, CStr: 0.526, Ctx: 2, Train: 99.95%, Valid: 97.42%, Test In: 97.21% Test OOD1: 90.63% 
Epoch: 417, Loss: 0.1446, Cls: 0.0575, Ind: 0.0001, Med: 0.0288, Spu: 0.0000, FD: 0.0582, Var: 0.0000, CStr: 0.526, Ctx: 2, Train: 99.96%, Valid: 97.56%, Test In: 97.34% Test OOD1: 90.86% 
Epoch: 418, Loss: 0.1454, Cls: 0.0578, Ind: 0.0001, Med: 0.0289, Spu: 0.0000, FD: 0.0585, Var: 0.0000, CStr: 0.526, Ctx: 2, Train: 99.94%, Valid: 97.38%, Test In: 97.02% Test OOD1: 92.54% 
Epoch: 419, Loss: 0.1394, Cls: 0.0555, Ind: 0.0002, Med: 0.0279, Spu: 0.0000, FD: 0.0559, Var: 0.0000, CStr: 0.526, Ctx: 2, Train: 99.96%, Valid: 97.50%, Test In: 97.38% Test OOD1: 90.67% 
Epoch: 420, Loss: 0.1437, Cls: 0.0571, Ind: 0.0002, Med: 0.0286, Spu: 0.0000, FD: 0.0579, Var: 0.0000, CStr: 0.526, Ctx: 2, Train: 99.95%, Valid: 97.44%, Test In: 97.28% Test OOD1: 91.44% 
Epoch: 421, Loss: 0.1401, Cls: 0.0557, Ind: 0.0002, Med: 0.0279, Spu: 0.0000, FD: 0.0563, Var: 0.0000, CStr: 0.526, Ctx: 2, Train: 99.94%, Valid: 97.41%, Test In: 97.09% Test OOD1: 91.69% 
Epoch: 422, Loss: 0.1427, Cls: 0.0566, Ind: 0.0001, Med: 0.0283, Spu: 0.0000, FD: 0.0576, Var: 0.0000, CStr: 0.526, Ctx: 2, Train: 99.95%, Valid: 97.61%, Test In: 97.30% Test OOD1: 89.28% 
Epoch: 423, Loss: 0.1480, Cls: 0.0588, Ind: 0.0002, Med: 0.0294, Spu: 0.0000, FD: 0.0596, Var: 0.0000, CStr: 0.526, Ctx: 2, Train: 99.94%, Valid: 97.38%, Test In: 97.12% Test OOD1: 91.44% 
Epoch: 424, Loss: 0.1359, Cls: 0.0540, Ind: 0.0002, Med: 0.0270, Spu: 0.0000, FD: 0.0547, Var: 0.0000, CStr: 0.526, Ctx: 2, Train: 99.97%, Valid: 97.53%, Test In: 97.22% Test OOD1: 91.08% 
Epoch: 425, Loss: 0.1322, Cls: 0.0525, Ind: 0.0001, Med: 0.0263, Spu: 0.0000, FD: 0.0532, Var: 0.0000, CStr: 0.526, Ctx: 2, Train: 99.97%, Valid: 97.50%, Test In: 97.28% Test OOD1: 90.16% 
Epoch: 426, Loss: 0.1383, Cls: 0.0550, Ind: 0.0001, Med: 0.0276, Spu: 0.0000, FD: 0.0555, Var: 0.0000, CStr: 0.526, Ctx: 2, Train: 99.96%, Valid: 97.44%, Test In: 97.25% Test OOD1: 90.68% 
Epoch: 427, Loss: 0.1405, Cls: 0.0558, Ind: 0.0002, Med: 0.0279, Spu: 0.0000, FD: 0.0565, Var: 0.0000, CStr: 0.526, Ctx: 2, Train: 99.96%, Valid: 97.38%, Test In: 97.21% Test OOD1: 90.37% 
Epoch: 428, Loss: 0.1436, Cls: 0.0571, Ind: 0.0002, Med: 0.0285, Spu: 0.0000, FD: 0.0578, Var: 0.0000, CStr: 0.526, Ctx: 2, Train: 99.94%, Valid: 97.40%, Test In: 97.17% Test OOD1: 91.56% 
Epoch: 429, Loss: 0.1516, Cls: 0.0603, Ind: 0.0001, Med: 0.0302, Spu: 0.0000, FD: 0.0610, Var: 0.0000, CStr: 0.527, Ctx: 2, Train: 99.97%, Valid: 97.46%, Test In: 97.40% Test OOD1: 90.26% 
Epoch: 430, Loss: 0.1317, Cls: 0.0524, Ind: 0.0002, Med: 0.0263, Spu: 0.0000, FD: 0.0528, Var: 0.0000, CStr: 0.527, Ctx: 2, Train: 99.92%, Valid: 97.21%, Test In: 97.11% Test OOD1: 92.46% 
Epoch: 431, Loss: 0.1380, Cls: 0.0548, Ind: 0.0002, Med: 0.0274, Spu: 0.0000, FD: 0.0556, Var: 0.0000, CStr: 0.527, Ctx: 2, Train: 99.95%, Valid: 97.46%, Test In: 97.17% Test OOD1: 91.75% 
Epoch: 432, Loss: 0.1455, Cls: 0.0579, Ind: 0.0002, Med: 0.0290, Spu: 0.0000, FD: 0.0585, Var: 0.0000, CStr: 0.527, Ctx: 2, Train: 99.94%, Valid: 97.51%, Test In: 97.25% Test OOD1: 88.54% 
Epoch: 433, Loss: 0.1504, Cls: 0.0598, Ind: 0.0002, Med: 0.0299, Spu: 0.0000, FD: 0.0605, Var: 0.0000, CStr: 0.527, Ctx: 2, Train: 99.89%, Valid: 97.19%, Test In: 96.96% Test OOD1: 92.74% 
Epoch: 434, Loss: 0.1490, Cls: 0.0592, Ind: 0.0002, Med: 0.0295, Spu: 0.0000, FD: 0.0601, Var: 0.0000, CStr: 0.527, Ctx: 2, Train: 99.97%, Valid: 97.47%, Test In: 97.31% Test OOD1: 90.43% 
Epoch: 435, Loss: 0.1282, Cls: 0.0510, Ind: 0.0001, Med: 0.0255, Spu: 0.0000, FD: 0.0515, Var: 0.0000, CStr: 0.527, Ctx: 2, Train: 99.97%, Valid: 97.56%, Test In: 97.38% Test OOD1: 89.00% 
Epoch: 436, Loss: 0.1378, Cls: 0.0548, Ind: 0.0001, Med: 0.0274, Spu: 0.0000, FD: 0.0554, Var: 0.0000, CStr: 0.527, Ctx: 2, Train: 99.93%, Valid: 97.24%, Test In: 97.04% Test OOD1: 92.10% 
Epoch: 437, Loss: 0.1439, Cls: 0.0572, Ind: 0.0002, Med: 0.0286, Spu: 0.0000, FD: 0.0579, Var: 0.0000, CStr: 0.527, Ctx: 2, Train: 99.97%, Valid: 97.44%, Test In: 97.30% Test OOD1: 90.35% 
Epoch: 438, Loss: 0.1447, Cls: 0.0575, Ind: 0.0002, Med: 0.0287, Spu: 0.0000, FD: 0.0583, Var: 0.0000, CStr: 0.527, Ctx: 2, Train: 99.97%, Valid: 97.44%, Test In: 97.41% Test OOD1: 89.11% 
Epoch: 439, Loss: 0.1391, Cls: 0.0554, Ind: 0.0002, Med: 0.0277, Spu: 0.0000, FD: 0.0559, Var: 0.0000, CStr: 0.527, Ctx: 2, Train: 99.93%, Valid: 97.26%, Test In: 97.02% Test OOD1: 92.64% 
Epoch: 440, Loss: 0.1404, Cls: 0.0558, Ind: 0.0001, Med: 0.0279, Spu: 0.0000, FD: 0.0565, Var: 0.0000, CStr: 0.527, Ctx: 2, Train: 99.97%, Valid: 97.52%, Test In: 97.29% Test OOD1: 90.48% 
Epoch: 441, Loss: 0.1396, Cls: 0.0555, Ind: 0.0002, Med: 0.0277, Spu: 0.0000, FD: 0.0563, Var: 0.0000, CStr: 0.527, Ctx: 2, Train: 99.97%, Valid: 97.48%, Test In: 97.35% Test OOD1: 89.47% 
Epoch: 442, Loss: 0.1399, Cls: 0.0556, Ind: 0.0002, Med: 0.0278, Spu: 0.0000, FD: 0.0564, Var: 0.0000, CStr: 0.527, Ctx: 2, Train: 99.90%, Valid: 97.29%, Test In: 96.92% Test OOD1: 92.52% 
Epoch: 443, Loss: 0.1466, Cls: 0.0583, Ind: 0.0002, Med: 0.0292, Spu: 0.0000, FD: 0.0589, Var: 0.0000, CStr: 0.527, Ctx: 2, Train: 99.96%, Valid: 97.50%, Test In: 97.27% Test OOD1: 90.75% 
Epoch: 444, Loss: 0.1396, Cls: 0.0553, Ind: 0.0002, Med: 0.0276, Spu: 0.0000, FD: 0.0565, Var: 0.0000, CStr: 0.527, Ctx: 2, Train: 99.96%, Valid: 97.52%, Test In: 97.38% Test OOD1: 87.41% 
Epoch: 445, Loss: 0.1542, Cls: 0.0612, Ind: 0.0002, Med: 0.0305, Spu: 0.0000, FD: 0.0623, Var: 0.0000, CStr: 0.527, Ctx: 2, Train: 99.86%, Valid: 97.19%, Test In: 96.88% Test OOD1: 92.05% 
Epoch: 446, Loss: 0.1482, Cls: 0.0589, Ind: 0.0001, Med: 0.0295, Spu: 0.0000, FD: 0.0596, Var: 0.0000, CStr: 0.527, Ctx: 2, Train: 99.95%, Valid: 97.33%, Test In: 97.19% Test OOD1: 90.23% 
Epoch: 447, Loss: 0.1373, Cls: 0.0545, Ind: 0.0001, Med: 0.0273, Spu: 0.0000, FD: 0.0553, Var: 0.0000, CStr: 0.527, Ctx: 2, Train: 99.96%, Valid: 97.46%, Test In: 97.22% Test OOD1: 86.71% 
Epoch: 448, Loss: 0.1501, Cls: 0.0597, Ind: 0.0002, Med: 0.0299, Spu: 0.0000, FD: 0.0603, Var: 0.0000, CStr: 0.527, Ctx: 2, Train: 99.96%, Valid: 97.40%, Test In: 97.14% Test OOD1: 90.71% 
Epoch: 449, Loss: 0.1398, Cls: 0.0555, Ind: 0.0001, Med: 0.0278, Spu: 0.0000, FD: 0.0563, Var: 0.0000, CStr: 0.527, Ctx: 2, Train: 99.97%, Valid: 97.32%, Test In: 97.13% Test OOD1: 90.52% 
Epoch: 450, Loss: 0.1279, Cls: 0.0509, Ind: 0.0002, Med: 0.0256, Spu: 0.0000, FD: 0.0513, Var: 0.0000, CStr: 0.527, Ctx: 2, Train: 99.95%, Valid: 97.46%, Test In: 97.29% Test OOD1: 88.11% 
Epoch: 451, Loss: 0.1388, Cls: 0.0552, Ind: 0.0001, Med: 0.0277, Spu: 0.0000, FD: 0.0558, Var: 0.0000, CStr: 0.528, Ctx: 2, Train: 99.98%, Valid: 97.60%, Test In: 97.36% Test OOD1: 88.98% 
Epoch: 452, Loss: 0.1509, Cls: 0.0600, Ind: 0.0002, Med: 0.0300, Spu: 0.0000, FD: 0.0608, Var: 0.0000, CStr: 0.528, Ctx: 2, Train: 99.93%, Valid: 97.38%, Test In: 97.27% Test OOD1: 90.28% 
Epoch: 453, Loss: 0.1441, Cls: 0.0573, Ind: 0.0002, Med: 0.0287, Spu: 0.0000, FD: 0.0579, Var: 0.0000, CStr: 0.527, Ctx: 2, Train: 99.93%, Valid: 97.32%, Test In: 97.22% Test OOD1: 90.22% 
Epoch: 454, Loss: 0.1435, Cls: 0.0571, Ind: 0.0001, Med: 0.0286, Spu: 0.0000, FD: 0.0577, Var: 0.0000, CStr: 0.527, Ctx: 2, Train: 99.96%, Valid: 97.55%, Test In: 97.47% Test OOD1: 89.96% 
Epoch: 455, Loss: 0.1412, Cls: 0.0561, Ind: 0.0001, Med: 0.0280, Spu: 0.0000, FD: 0.0569, Var: 0.0000, CStr: 0.527, Ctx: 2, Train: 99.97%, Valid: 97.56%, Test In: 97.44% Test OOD1: 90.42% 
Epoch: 456, Loss: 0.1352, Cls: 0.0538, Ind: 0.0002, Med: 0.0269, Spu: 0.0000, FD: 0.0543, Var: 0.0000, CStr: 0.527, Ctx: 2, Train: 99.94%, Valid: 97.31%, Test In: 97.20% Test OOD1: 91.08% 
Epoch: 457, Loss: 0.1426, Cls: 0.0567, Ind: 0.0002, Med: 0.0284, Spu: 0.0000, FD: 0.0573, Var: 0.0000, CStr: 0.527, Ctx: 2, Train: 99.97%, Valid: 97.54%, Test In: 97.42% Test OOD1: 90.50% 
Epoch: 458, Loss: 0.1346, Cls: 0.0536, Ind: 0.0001, Med: 0.0268, Spu: 0.0000, FD: 0.0541, Var: 0.0000, CStr: 0.527, Ctx: 2, Train: 99.96%, Valid: 97.51%, Test In: 97.36% Test OOD1: 90.14% 
Epoch: 459, Loss: 0.1419, Cls: 0.0564, Ind: 0.0002, Med: 0.0282, Spu: 0.0000, FD: 0.0572, Var: 0.0000, CStr: 0.527, Ctx: 2, Train: 99.94%, Valid: 97.42%, Test In: 97.32% Test OOD1: 91.57% 
Epoch: 460, Loss: 0.1383, Cls: 0.0549, Ind: 0.0002, Med: 0.0275, Spu: 0.0000, FD: 0.0557, Var: 0.0000, CStr: 0.527, Ctx: 2, Train: 99.94%, Valid: 97.21%, Test In: 97.19% Test OOD1: 89.88% 
Epoch: 461, Loss: 0.1487, Cls: 0.0592, Ind: 0.0002, Med: 0.0296, Spu: 0.0000, FD: 0.0597, Var: 0.0000, CStr: 0.527, Ctx: 2, Train: 99.97%, Valid: 97.41%, Test In: 97.36% Test OOD1: 91.48% 
Epoch: 462, Loss: 0.1322, Cls: 0.0526, Ind: 0.0002, Med: 0.0264, Spu: 0.0000, FD: 0.0530, Var: 0.0000, CStr: 0.527, Ctx: 2, Train: 99.96%, Valid: 97.46%, Test In: 97.36% Test OOD1: 90.37% 
Epoch: 463, Loss: 0.1380, Cls: 0.0549, Ind: 0.0001, Med: 0.0275, Spu: 0.0000, FD: 0.0556, Var: 0.0000, CStr: 0.527, Ctx: 2, Train: 99.96%, Valid: 97.42%, Test In: 97.42% Test OOD1: 90.37% 
Epoch: 464, Loss: 0.1301, Cls: 0.0518, Ind: 0.0001, Med: 0.0259, Spu: 0.0000, FD: 0.0523, Var: 0.0000, CStr: 0.527, Ctx: 2, Train: 99.92%, Valid: 97.15%, Test In: 97.21% Test OOD1: 92.32% 
Epoch: 465, Loss: 0.1391, Cls: 0.0553, Ind: 0.0002, Med: 0.0277, Spu: 0.0000, FD: 0.0559, Var: 0.0000, CStr: 0.527, Ctx: 2, Train: 99.96%, Valid: 97.50%, Test In: 97.42% Test OOD1: 91.38% 
Epoch: 466, Loss: 0.1350, Cls: 0.0536, Ind: 0.0002, Med: 0.0268, Spu: 0.0000, FD: 0.0543, Var: 0.0000, CStr: 0.527, Ctx: 2, Train: 99.97%, Valid: 97.63%, Test In: 97.51% Test OOD1: 89.21% 
Epoch: 467, Loss: 0.1343, Cls: 0.0533, Ind: 0.0002, Med: 0.0266, Spu: 0.0000, FD: 0.0541, Var: 0.0000, CStr: 0.527, Ctx: 2, Train: 99.96%, Valid: 97.40%, Test In: 97.34% Test OOD1: 91.53% 
Epoch: 468, Loss: 0.1377, Cls: 0.0548, Ind: 0.0001, Med: 0.0275, Spu: 0.0000, FD: 0.0552, Var: 0.0000, CStr: 0.527, Ctx: 2, Train: 99.97%, Valid: 97.46%, Test In: 97.38% Test OOD1: 91.29% 
Epoch: 469, Loss: 0.1325, Cls: 0.0527, Ind: 0.0002, Med: 0.0264, Spu: 0.0000, FD: 0.0533, Var: 0.0000, CStr: 0.526, Ctx: 2, Train: 99.98%, Valid: 97.63%, Test In: 97.47% Test OOD1: 88.76% 
Epoch: 470, Loss: 0.1423, Cls: 0.0564, Ind: 0.0001, Med: 0.0281, Spu: 0.0000, FD: 0.0577, Var: 0.0000, CStr: 0.526, Ctx: 2, Train: 99.95%, Valid: 97.50%, Test In: 97.33% Test OOD1: 91.26% 
Epoch: 471, Loss: 0.1376, Cls: 0.0547, Ind: 0.0002, Med: 0.0274, Spu: 0.0000, FD: 0.0553, Var: 0.0000, CStr: 0.526, Ctx: 2, Train: 99.96%, Valid: 97.49%, Test In: 97.36% Test OOD1: 91.07% 
Epoch: 472, Loss: 0.1268, Cls: 0.0504, Ind: 0.0001, Med: 0.0252, Spu: 0.0000, FD: 0.0511, Var: 0.0000, CStr: 0.526, Ctx: 2, Train: 99.97%, Valid: 97.48%, Test In: 97.36% Test OOD1: 89.53% 
Epoch: 473, Loss: 0.1383, Cls: 0.0550, Ind: 0.0001, Med: 0.0275, Spu: 0.0000, FD: 0.0557, Var: 0.0000, CStr: 0.526, Ctx: 2, Train: 99.95%, Valid: 97.36%, Test In: 97.35% Test OOD1: 91.96% 
Epoch: 474, Loss: 0.1236, Cls: 0.0491, Ind: 0.0001, Med: 0.0246, Spu: 0.0000, FD: 0.0497, Var: 0.0000, CStr: 0.526, Ctx: 2, Train: 99.97%, Valid: 97.48%, Test In: 97.36% Test OOD1: 91.16% 
Epoch: 475, Loss: 0.1266, Cls: 0.0504, Ind: 0.0001, Med: 0.0253, Spu: 0.0000, FD: 0.0507, Var: 0.0000, CStr: 0.526, Ctx: 2, Train: 99.96%, Valid: 97.50%, Test In: 97.33% Test OOD1: 90.51% 
Epoch: 476, Loss: 0.1281, Cls: 0.0509, Ind: 0.0002, Med: 0.0255, Spu: 0.0000, FD: 0.0515, Var: 0.0000, CStr: 0.526, Ctx: 2, Train: 99.96%, Valid: 97.47%, Test In: 97.28% Test OOD1: 91.79% 
Epoch: 477, Loss: 0.1283, Cls: 0.0509, Ind: 0.0002, Med: 0.0255, Spu: 0.0000, FD: 0.0517, Var: 0.0000, CStr: 0.526, Ctx: 2, Train: 99.97%, Valid: 97.58%, Test In: 97.44% Test OOD1: 91.04% 
Epoch: 478, Loss: 0.1365, Cls: 0.0542, Ind: 0.0002, Med: 0.0271, Spu: 0.0000, FD: 0.0551, Var: 0.0000, CStr: 0.526, Ctx: 2, Train: 99.97%, Valid: 97.65%, Test In: 97.35% Test OOD1: 90.60% 
Epoch: 479, Loss: 0.1316, Cls: 0.0523, Ind: 0.0002, Med: 0.0262, Spu: 0.0000, FD: 0.0530, Var: 0.0000, CStr: 0.526, Ctx: 2, Train: 99.95%, Valid: 97.50%, Test In: 97.32% Test OOD1: 91.92% 
Epoch: 480, Loss: 0.1292, Cls: 0.0515, Ind: 0.0001, Med: 0.0258, Spu: 0.0000, FD: 0.0518, Var: 0.0000, CStr: 0.526, Ctx: 2, Train: 99.96%, Valid: 97.55%, Test In: 97.40% Test OOD1: 92.31% 
Epoch: 481, Loss: 0.1305, Cls: 0.0518, Ind: 0.0002, Med: 0.0259, Spu: 0.0000, FD: 0.0527, Var: 0.0000, CStr: 0.526, Ctx: 2, Train: 99.98%, Valid: 97.65%, Test In: 97.41% Test OOD1: 89.49% 
Epoch: 482, Loss: 0.1404, Cls: 0.0558, Ind: 0.0001, Med: 0.0279, Spu: 0.0000, FD: 0.0566, Var: 0.0000, CStr: 0.526, Ctx: 2, Train: 99.96%, Valid: 97.34%, Test In: 97.33% Test OOD1: 92.50% 
Epoch: 483, Loss: 0.1346, Cls: 0.0536, Ind: 0.0001, Med: 0.0269, Spu: 0.0000, FD: 0.0540, Var: 0.0000, CStr: 0.526, Ctx: 2, Train: 99.97%, Valid: 97.39%, Test In: 97.35% Test OOD1: 91.74% 
Epoch: 484, Loss: 0.1228, Cls: 0.0488, Ind: 0.0001, Med: 0.0244, Spu: 0.0000, FD: 0.0494, Var: 0.0000, CStr: 0.526, Ctx: 2, Train: 99.98%, Valid: 97.57%, Test In: 97.38% Test OOD1: 90.32% 
Epoch: 485, Loss: 0.1363, Cls: 0.0542, Ind: 0.0002, Med: 0.0271, Spu: 0.0000, FD: 0.0548, Var: 0.0000, CStr: 0.526, Ctx: 2, Train: 99.96%, Valid: 97.34%, Test In: 97.23% Test OOD1: 92.50% 
Epoch: 486, Loss: 0.1375, Cls: 0.0547, Ind: 0.0001, Med: 0.0274, Spu: 0.0000, FD: 0.0553, Var: 0.0000, CStr: 0.526, Ctx: 2, Train: 99.98%, Valid: 97.43%, Test In: 97.45% Test OOD1: 90.87% 
Epoch: 487, Loss: 0.1352, Cls: 0.0538, Ind: 0.0001, Med: 0.0269, Spu: 0.0000, FD: 0.0543, Var: 0.0000, CStr: 0.526, Ctx: 2, Train: 99.98%, Valid: 97.56%, Test In: 97.47% Test OOD1: 89.70% 
Epoch: 488, Loss: 0.1428, Cls: 0.0567, Ind: 0.0002, Med: 0.0283, Spu: 0.0000, FD: 0.0577, Var: 0.0000, CStr: 0.526, Ctx: 2, Train: 99.97%, Valid: 97.51%, Test In: 97.40% Test OOD1: 91.15% 
Epoch: 489, Loss: 0.1342, Cls: 0.0534, Ind: 0.0001, Med: 0.0268, Spu: 0.0000, FD: 0.0539, Var: 0.0000, CStr: 0.526, Ctx: 2, Train: 99.96%, Valid: 97.51%, Test In: 97.32% Test OOD1: 91.60% 
Epoch: 490, Loss: 0.1272, Cls: 0.0506, Ind: 0.0002, Med: 0.0254, Spu: 0.0000, FD: 0.0510, Var: 0.0000, CStr: 0.526, Ctx: 2, Train: 99.97%, Valid: 97.58%, Test In: 97.47% Test OOD1: 89.62% 
Epoch: 491, Loss: 0.1369, Cls: 0.0544, Ind: 0.0001, Med: 0.0272, Spu: 0.0000, FD: 0.0551, Var: 0.0000, CStr: 0.526, Ctx: 2, Train: 99.98%, Valid: 97.59%, Test In: 97.47% Test OOD1: 91.67% 
Epoch: 492, Loss: 0.1334, Cls: 0.0530, Ind: 0.0001, Med: 0.0265, Spu: 0.0000, FD: 0.0537, Var: 0.0000, CStr: 0.526, Ctx: 2, Train: 99.97%, Valid: 97.57%, Test In: 97.36% Test OOD1: 92.02% 
Epoch: 493, Loss: 0.1360, Cls: 0.0541, Ind: 0.0002, Med: 0.0271, Spu: 0.0000, FD: 0.0547, Var: 0.0000, CStr: 0.526, Ctx: 2, Train: 99.98%, Valid: 97.62%, Test In: 97.44% Test OOD1: 90.04% 
Epoch: 494, Loss: 0.1270, Cls: 0.0506, Ind: 0.0001, Med: 0.0253, Spu: 0.0000, FD: 0.0510, Var: 0.0000, CStr: 0.526, Ctx: 2, Train: 99.97%, Valid: 97.50%, Test In: 97.38% Test OOD1: 92.08% 
Epoch: 495, Loss: 0.1223, Cls: 0.0486, Ind: 0.0001, Med: 0.0243, Spu: 0.0000, FD: 0.0493, Var: 0.0000, CStr: 0.526, Ctx: 2, Train: 99.98%, Valid: 97.49%, Test In: 97.36% Test OOD1: 92.67% 
Epoch: 496, Loss: 0.1357, Cls: 0.0539, Ind: 0.0002, Med: 0.0270, Spu: 0.0000, FD: 0.0546, Var: 0.0000, CStr: 0.526, Ctx: 2, Train: 99.99%, Valid: 97.64%, Test In: 97.51% Test OOD1: 90.74% 
Epoch: 497, Loss: 0.1369, Cls: 0.0545, Ind: 0.0001, Med: 0.0273, Spu: 0.0000, FD: 0.0550, Var: 0.0000, CStr: 0.526, Ctx: 2, Train: 99.98%, Valid: 97.51%, Test In: 97.36% Test OOD1: 91.79% 
Epoch: 498, Loss: 0.1311, Cls: 0.0521, Ind: 0.0001, Med: 0.0261, Spu: 0.0000, FD: 0.0527, Var: 0.0000, CStr: 0.527, Ctx: 2, Train: 99.97%, Valid: 97.37%, Test In: 97.27% Test OOD1: 92.59% 
Epoch: 499, Loss: 0.1242, Cls: 0.0494, Ind: 0.0001, Med: 0.0247, Spu: 0.0000, FD: 0.0500, Var: 0.0000, CStr: 0.527, Ctx: 2, Train: 99.99%, Valid: 97.61%, Test In: 97.46% Test OOD1: 90.62% 
Run 01:
Highest Train: 99.99
Highest Valid: 97.65
Highest In Test: 97.51
Highest OOD Test: 92.74
Chosen epoch: 479
Final Train: 99.97
Final In Test: 97.35
Final OOD Test: 90.60
Epoch: 00, Loss: 2.9625, Cls: 1.1318, Ind: 0.0347, Med: 0.5894, Spu: 0.0151, FD: 1.1914, Var: 0.0001, CStr: 0.501, Ctx: 2, Train: 51.39%, Valid: 51.14%, Test In: 51.41% Test OOD1: 67.51% 
Epoch: 01, Loss: 2.8184, Cls: 1.0457, Ind: 0.0292, Med: 0.5378, Spu: 0.0053, FD: 1.2003, Var: 0.0001, CStr: 0.501, Ctx: 2, Train: 72.45%, Valid: 72.38%, Test In: 72.88% Test OOD1: 58.30% 
Epoch: 02, Loss: 2.5183, Cls: 0.9762, Ind: 0.0282, Med: 0.5145, Spu: 0.0103, FD: 0.9890, Var: 0.0001, CStr: 0.502, Ctx: 2, Train: 72.65%, Valid: 72.44%, Test In: 72.98% Test OOD1: 56.40% 
Epoch: 03, Loss: 2.2452, Cls: 0.8678, Ind: 0.0372, Med: 0.4569, Spu: 0.0078, FD: 0.8754, Var: 0.0001, CStr: 0.503, Ctx: 2, Train: 73.40%, Valid: 73.34%, Test In: 73.79% Test OOD1: 57.37% 
Epoch: 04, Loss: 1.9906, Cls: 0.7452, Ind: 0.0568, Med: 0.3918, Spu: 0.0043, FD: 0.7923, Var: 0.0001, CStr: 0.503, Ctx: 2, Train: 81.68%, Valid: 81.53%, Test In: 81.83% Test OOD1: 61.79% 
Epoch: 05, Loss: 1.7345, Cls: 0.6366, Ind: 0.0810, Med: 0.3357, Spu: 0.0034, FD: 0.6777, Var: 0.0001, CStr: 0.503, Ctx: 2, Train: 86.13%, Valid: 85.85%, Test In: 85.95% Test OOD1: 62.29% 
Epoch: 06, Loss: 1.5016, Cls: 0.5478, Ind: 0.0948, Med: 0.2897, Spu: 0.0042, FD: 0.5650, Var: 0.0001, CStr: 0.502, Ctx: 2, Train: 87.74%, Valid: 87.54%, Test In: 87.73% Test OOD1: 61.82% 
Epoch: 07, Loss: 1.3223, Cls: 0.4806, Ind: 0.0954, Med: 0.2547, Spu: 0.0047, FD: 0.4867, Var: 0.0001, CStr: 0.501, Ctx: 2, Train: 88.42%, Valid: 88.28%, Test In: 88.61% Test OOD1: 62.49% 
Epoch: 08, Loss: 1.1973, Cls: 0.4322, Ind: 0.0933, Med: 0.2295, Spu: 0.0043, FD: 0.4379, Var: 0.0001, CStr: 0.500, Ctx: 2, Train: 88.95%, Valid: 88.74%, Test In: 88.97% Test OOD1: 64.71% 
Epoch: 09, Loss: 1.1089, Cls: 0.3998, Ind: 0.0900, Med: 0.2129, Spu: 0.0034, FD: 0.4028, Var: 0.0001, CStr: 0.498, Ctx: 2, Train: 89.24%, Valid: 89.01%, Test In: 89.45% Test OOD1: 66.20% 
Epoch: 10, Loss: 1.0418, Cls: 0.3741, Ind: 0.0842, Med: 0.1973, Spu: 0.0026, FD: 0.3836, Var: 0.0000, CStr: 0.497, Ctx: 2, Train: 89.60%, Valid: 89.39%, Test In: 89.76% Test OOD1: 66.68% 
Epoch: 11, Loss: 1.0003, Cls: 0.3595, Ind: 0.0768, Med: 0.1878, Spu: 0.0024, FD: 0.3738, Var: 0.0000, CStr: 0.495, Ctx: 2, Train: 89.78%, Valid: 89.57%, Test In: 90.05% Test OOD1: 67.65% 
Epoch: 12, Loss: 0.9628, Cls: 0.3486, Ind: 0.0659, Med: 0.1810, Spu: 0.0027, FD: 0.3646, Var: 0.0000, CStr: 0.494, Ctx: 2, Train: 90.06%, Valid: 89.73%, Test In: 90.17% Test OOD1: 67.74% 
Epoch: 13, Loss: 0.9470, Cls: 0.3472, Ind: 0.0568, Med: 0.1792, Spu: 0.0029, FD: 0.3608, Var: 0.0000, CStr: 0.492, Ctx: 2, Train: 90.20%, Valid: 89.94%, Test In: 90.27% Test OOD1: 67.91% 
Epoch: 14, Loss: 0.9216, Cls: 0.3421, Ind: 0.0460, Med: 0.1755, Spu: 0.0029, FD: 0.3551, Var: 0.0000, CStr: 0.490, Ctx: 2, Train: 90.32%, Valid: 89.98%, Test In: 90.38% Test OOD1: 68.30% 
Epoch: 15, Loss: 0.8976, Cls: 0.3353, Ind: 0.0381, Med: 0.1710, Spu: 0.0025, FD: 0.3506, Var: 0.0000, CStr: 0.487, Ctx: 2, Train: 90.37%, Valid: 90.04%, Test In: 90.43% Test OOD1: 68.36% 
Epoch: 16, Loss: 0.8755, Cls: 0.3303, Ind: 0.0314, Med: 0.1686, Spu: 0.0020, FD: 0.3431, Var: 0.0000, CStr: 0.485, Ctx: 2, Train: 90.48%, Valid: 90.17%, Test In: 90.53% Test OOD1: 68.96% 
Epoch: 17, Loss: 0.8490, Cls: 0.3219, Ind: 0.0266, Med: 0.1641, Spu: 0.0019, FD: 0.3347, Var: 0.0000, CStr: 0.484, Ctx: 2, Train: 90.63%, Valid: 90.24%, Test In: 90.68% Test OOD1: 69.49% 
Epoch: 18, Loss: 0.8350, Cls: 0.3169, Ind: 0.0227, Med: 0.1606, Spu: 0.0019, FD: 0.3330, Var: 0.0000, CStr: 0.482, Ctx: 2, Train: 90.67%, Valid: 90.22%, Test In: 90.67% Test OOD1: 68.81% 
Epoch: 19, Loss: 0.8163, Cls: 0.3125, Ind: 0.0197, Med: 0.1589, Spu: 0.0020, FD: 0.3231, Var: 0.0000, CStr: 0.481, Ctx: 2, Train: 90.74%, Valid: 90.41%, Test In: 90.74% Test OOD1: 68.82% 
Epoch: 20, Loss: 0.8048, Cls: 0.3115, Ind: 0.0172, Med: 0.1589, Spu: 0.0020, FD: 0.3152, Var: 0.0000, CStr: 0.480, Ctx: 2, Train: 90.95%, Valid: 90.53%, Test In: 90.95% Test OOD1: 70.20% 
Epoch: 21, Loss: 0.7920, Cls: 0.3063, Ind: 0.0148, Med: 0.1549, Spu: 0.0017, FD: 0.3141, Var: 0.0000, CStr: 0.478, Ctx: 2, Train: 91.06%, Valid: 90.55%, Test In: 91.11% Test OOD1: 70.67% 
Epoch: 22, Loss: 0.7797, Cls: 0.3025, Ind: 0.0128, Med: 0.1529, Spu: 0.0015, FD: 0.3099, Var: 0.0000, CStr: 0.476, Ctx: 2, Train: 91.24%, Valid: 90.72%, Test In: 91.20% Test OOD1: 69.69% 
Epoch: 23, Loss: 0.7652, Cls: 0.2974, Ind: 0.0112, Med: 0.1502, Spu: 0.0014, FD: 0.3050, Var: 0.0000, CStr: 0.474, Ctx: 2, Train: 91.29%, Valid: 90.89%, Test In: 91.26% Test OOD1: 69.34% 
Epoch: 24, Loss: 0.7584, Cls: 0.2953, Ind: 0.0101, Med: 0.1492, Spu: 0.0014, FD: 0.3024, Var: 0.0000, CStr: 0.472, Ctx: 2, Train: 91.46%, Valid: 90.95%, Test In: 91.42% Test OOD1: 70.09% 
Epoch: 25, Loss: 0.7386, Cls: 0.2879, Ind: 0.0094, Med: 0.1456, Spu: 0.0014, FD: 0.2942, Var: 0.0000, CStr: 0.471, Ctx: 2, Train: 91.56%, Valid: 91.01%, Test In: 91.53% Test OOD1: 70.39% 
Epoch: 26, Loss: 0.7360, Cls: 0.2877, Ind: 0.0089, Med: 0.1458, Spu: 0.0014, FD: 0.2924, Var: 0.0000, CStr: 0.469, Ctx: 2, Train: 91.67%, Valid: 91.18%, Test In: 91.50% Test OOD1: 69.66% 
Epoch: 27, Loss: 0.7372, Cls: 0.2879, Ind: 0.0083, Med: 0.1454, Spu: 0.0012, FD: 0.2943, Var: 0.0000, CStr: 0.467, Ctx: 2, Train: 91.72%, Valid: 91.19%, Test In: 91.59% Test OOD1: 69.41% 
Epoch: 28, Loss: 0.7178, Cls: 0.2802, Ind: 0.0075, Med: 0.1412, Spu: 0.0011, FD: 0.2878, Var: 0.0000, CStr: 0.466, Ctx: 2, Train: 91.82%, Valid: 91.27%, Test In: 91.63% Test OOD1: 70.27% 
Epoch: 29, Loss: 0.7104, Cls: 0.2781, Ind: 0.0067, Med: 0.1403, Spu: 0.0011, FD: 0.2842, Var: 0.0000, CStr: 0.465, Ctx: 2, Train: 91.81%, Valid: 91.34%, Test In: 91.66% Test OOD1: 71.07% 
Epoch: 30, Loss: 0.7091, Cls: 0.2786, Ind: 0.0059, Med: 0.1409, Spu: 0.0011, FD: 0.2826, Var: 0.0000, CStr: 0.464, Ctx: 2, Train: 92.00%, Valid: 91.44%, Test In: 91.80% Test OOD1: 71.23% 
Epoch: 31, Loss: 0.6933, Cls: 0.2730, Ind: 0.0052, Med: 0.1382, Spu: 0.0011, FD: 0.2758, Var: 0.0000, CStr: 0.464, Ctx: 2, Train: 92.08%, Valid: 91.43%, Test In: 91.88% Test OOD1: 70.66% 
Epoch: 32, Loss: 0.6896, Cls: 0.2713, Ind: 0.0046, Med: 0.1369, Spu: 0.0010, FD: 0.2757, Var: 0.0000, CStr: 0.463, Ctx: 2, Train: 92.19%, Valid: 91.47%, Test In: 91.93% Test OOD1: 70.47% 
Epoch: 33, Loss: 0.6843, Cls: 0.2697, Ind: 0.0040, Med: 0.1361, Spu: 0.0009, FD: 0.2736, Var: 0.0000, CStr: 0.464, Ctx: 2, Train: 92.28%, Valid: 91.60%, Test In: 91.99% Test OOD1: 71.08% 
Epoch: 34, Loss: 0.6732, Cls: 0.2655, Ind: 0.0038, Med: 0.1339, Spu: 0.0009, FD: 0.2691, Var: 0.0000, CStr: 0.464, Ctx: 2, Train: 92.41%, Valid: 91.67%, Test In: 91.99% Test OOD1: 71.95% 
Epoch: 35, Loss: 0.6671, Cls: 0.2629, Ind: 0.0034, Med: 0.1323, Spu: 0.0009, FD: 0.2676, Var: 0.0000, CStr: 0.464, Ctx: 2, Train: 92.55%, Valid: 91.77%, Test In: 92.15% Test OOD1: 71.28% 
Epoch: 36, Loss: 0.6596, Cls: 0.2601, Ind: 0.0031, Med: 0.1310, Spu: 0.0009, FD: 0.2646, Var: 0.0000, CStr: 0.465, Ctx: 2, Train: 92.60%, Valid: 91.76%, Test In: 92.22% Test OOD1: 71.06% 
Epoch: 37, Loss: 0.6520, Cls: 0.2570, Ind: 0.0029, Med: 0.1294, Spu: 0.0008, FD: 0.2618, Var: 0.0000, CStr: 0.465, Ctx: 2, Train: 92.67%, Valid: 91.82%, Test In: 92.26% Test OOD1: 72.29% 
Epoch: 38, Loss: 0.6457, Cls: 0.2548, Ind: 0.0026, Med: 0.1285, Spu: 0.0008, FD: 0.2590, Var: 0.0000, CStr: 0.466, Ctx: 2, Train: 92.73%, Valid: 91.89%, Test In: 92.23% Test OOD1: 73.08% 
Epoch: 39, Loss: 0.6282, Cls: 0.2477, Ind: 0.0024, Med: 0.1247, Spu: 0.0007, FD: 0.2526, Var: 0.0000, CStr: 0.467, Ctx: 2, Train: 92.77%, Valid: 91.86%, Test In: 92.28% Test OOD1: 72.84% 
Epoch: 40, Loss: 0.6413, Cls: 0.2532, Ind: 0.0023, Med: 0.1276, Spu: 0.0007, FD: 0.2574, Var: 0.0000, CStr: 0.468, Ctx: 2, Train: 92.83%, Valid: 91.93%, Test In: 92.33% Test OOD1: 72.99% 
Epoch: 41, Loss: 0.6276, Cls: 0.2479, Ind: 0.0022, Med: 0.1249, Spu: 0.0007, FD: 0.2519, Var: 0.0000, CStr: 0.469, Ctx: 2, Train: 92.97%, Valid: 92.00%, Test In: 92.43% Test OOD1: 73.94% 
Epoch: 42, Loss: 0.6174, Cls: 0.2438, Ind: 0.0021, Med: 0.1228, Spu: 0.0007, FD: 0.2480, Var: 0.0000, CStr: 0.470, Ctx: 2, Train: 93.05%, Valid: 92.02%, Test In: 92.43% Test OOD1: 74.40% 
Epoch: 43, Loss: 0.6159, Cls: 0.2435, Ind: 0.0019, Med: 0.1226, Spu: 0.0007, FD: 0.2473, Var: 0.0000, CStr: 0.471, Ctx: 2, Train: 93.11%, Valid: 92.07%, Test In: 92.47% Test OOD1: 73.65% 
Epoch: 44, Loss: 0.6106, Cls: 0.2413, Ind: 0.0018, Med: 0.1214, Spu: 0.0006, FD: 0.2456, Var: 0.0000, CStr: 0.472, Ctx: 2, Train: 93.19%, Valid: 92.08%, Test In: 92.51% Test OOD1: 73.57% 
Epoch: 45, Loss: 0.6040, Cls: 0.2390, Ind: 0.0019, Med: 0.1204, Spu: 0.0006, FD: 0.2421, Var: 0.0000, CStr: 0.472, Ctx: 2, Train: 93.28%, Valid: 92.19%, Test In: 92.60% Test OOD1: 74.80% 
Epoch: 46, Loss: 0.5981, Cls: 0.2366, Ind: 0.0017, Med: 0.1191, Spu: 0.0006, FD: 0.2401, Var: 0.0000, CStr: 0.473, Ctx: 2, Train: 93.28%, Valid: 92.16%, Test In: 92.63% Test OOD1: 74.16% 
Epoch: 47, Loss: 0.5922, Cls: 0.2342, Ind: 0.0017, Med: 0.1178, Spu: 0.0006, FD: 0.2379, Var: 0.0000, CStr: 0.474, Ctx: 2, Train: 93.38%, Valid: 92.29%, Test In: 92.69% Test OOD1: 74.16% 
Epoch: 48, Loss: 0.5915, Cls: 0.2341, Ind: 0.0017, Med: 0.1178, Spu: 0.0005, FD: 0.2373, Var: 0.0000, CStr: 0.475, Ctx: 2, Train: 93.51%, Valid: 92.30%, Test In: 92.69% Test OOD1: 75.76% 
Epoch: 49, Loss: 0.5746, Cls: 0.2271, Ind: 0.0017, Med: 0.1142, Spu: 0.0005, FD: 0.2312, Var: 0.0000, CStr: 0.476, Ctx: 2, Train: 93.64%, Valid: 92.45%, Test In: 92.74% Test OOD1: 75.67% 
Epoch: 50, Loss: 0.5721, Cls: 0.2263, Ind: 0.0016, Med: 0.1138, Spu: 0.0005, FD: 0.2299, Var: 0.0000, CStr: 0.477, Ctx: 2, Train: 93.73%, Valid: 92.51%, Test In: 92.76% Test OOD1: 76.26% 
Epoch: 51, Loss: 0.5754, Cls: 0.2277, Ind: 0.0015, Med: 0.1145, Spu: 0.0005, FD: 0.2312, Var: 0.0000, CStr: 0.478, Ctx: 2, Train: 93.78%, Valid: 92.60%, Test In: 92.81% Test OOD1: 77.24% 
Epoch: 52, Loss: 0.5656, Cls: 0.2235, Ind: 0.0015, Med: 0.1122, Spu: 0.0005, FD: 0.2279, Var: 0.0000, CStr: 0.478, Ctx: 2, Train: 93.86%, Valid: 92.64%, Test In: 92.90% Test OOD1: 77.36% 
Epoch: 53, Loss: 0.5720, Cls: 0.2266, Ind: 0.0014, Med: 0.1141, Spu: 0.0005, FD: 0.2294, Var: 0.0000, CStr: 0.479, Ctx: 2, Train: 93.92%, Valid: 92.66%, Test In: 92.91% Test OOD1: 76.77% 
Epoch: 54, Loss: 0.5624, Cls: 0.2226, Ind: 0.0014, Med: 0.1120, Spu: 0.0004, FD: 0.2260, Var: 0.0000, CStr: 0.480, Ctx: 2, Train: 94.01%, Valid: 92.73%, Test In: 92.94% Test OOD1: 77.72% 
Epoch: 55, Loss: 0.5601, Cls: 0.2217, Ind: 0.0014, Med: 0.1115, Spu: 0.0004, FD: 0.2250, Var: 0.0000, CStr: 0.480, Ctx: 2, Train: 94.09%, Valid: 92.84%, Test In: 92.98% Test OOD1: 77.57% 
Epoch: 56, Loss: 0.5553, Cls: 0.2198, Ind: 0.0014, Med: 0.1105, Spu: 0.0004, FD: 0.2233, Var: 0.0000, CStr: 0.481, Ctx: 2, Train: 94.15%, Valid: 92.83%, Test In: 92.98% Test OOD1: 76.88% 
Epoch: 57, Loss: 0.5455, Cls: 0.2156, Ind: 0.0014, Med: 0.1082, Spu: 0.0004, FD: 0.2198, Var: 0.0000, CStr: 0.481, Ctx: 2, Train: 94.13%, Valid: 92.83%, Test In: 92.91% Test OOD1: 77.85% 
Epoch: 58, Loss: 0.5364, Cls: 0.2125, Ind: 0.0014, Med: 0.1069, Spu: 0.0004, FD: 0.2152, Var: 0.0000, CStr: 0.482, Ctx: 2, Train: 94.25%, Valid: 93.01%, Test In: 92.96% Test OOD1: 76.94% 
Epoch: 59, Loss: 0.5321, Cls: 0.2104, Ind: 0.0014, Med: 0.1057, Spu: 0.0004, FD: 0.2142, Var: 0.0000, CStr: 0.482, Ctx: 2, Train: 94.34%, Valid: 93.02%, Test In: 93.01% Test OOD1: 77.27% 
Epoch: 60, Loss: 0.5404, Cls: 0.2138, Ind: 0.0014, Med: 0.1074, Spu: 0.0004, FD: 0.2175, Var: 0.0000, CStr: 0.482, Ctx: 2, Train: 94.49%, Valid: 93.21%, Test In: 93.09% Test OOD1: 77.32% 
Epoch: 61, Loss: 0.5304, Cls: 0.2101, Ind: 0.0014, Med: 0.1057, Spu: 0.0003, FD: 0.2129, Var: 0.0000, CStr: 0.483, Ctx: 2, Train: 94.49%, Valid: 93.17%, Test In: 93.14% Test OOD1: 78.32% 
Epoch: 62, Loss: 0.5234, Cls: 0.2073, Ind: 0.0014, Med: 0.1044, Spu: 0.0003, FD: 0.2099, Var: 0.0000, CStr: 0.483, Ctx: 2, Train: 94.71%, Valid: 93.27%, Test In: 93.31% Test OOD1: 77.98% 
Epoch: 63, Loss: 0.5177, Cls: 0.2049, Ind: 0.0014, Med: 0.1031, Spu: 0.0003, FD: 0.2079, Var: 0.0000, CStr: 0.483, Ctx: 2, Train: 94.74%, Valid: 93.29%, Test In: 93.35% Test OOD1: 77.98% 
Epoch: 64, Loss: 0.5136, Cls: 0.2034, Ind: 0.0015, Med: 0.1023, Spu: 0.0003, FD: 0.2062, Var: 0.0000, CStr: 0.483, Ctx: 2, Train: 94.64%, Valid: 93.26%, Test In: 93.37% Test OOD1: 79.47% 
Epoch: 65, Loss: 0.5062, Cls: 0.2003, Ind: 0.0014, Med: 0.1007, Spu: 0.0003, FD: 0.2034, Var: 0.0000, CStr: 0.483, Ctx: 2, Train: 94.90%, Valid: 93.32%, Test In: 93.53% Test OOD1: 78.06% 
Epoch: 66, Loss: 0.5064, Cls: 0.2006, Ind: 0.0015, Med: 0.1010, Spu: 0.0003, FD: 0.2030, Var: 0.0000, CStr: 0.484, Ctx: 2, Train: 94.90%, Valid: 93.37%, Test In: 93.45% Test OOD1: 79.15% 
Epoch: 67, Loss: 0.5015, Cls: 0.1986, Ind: 0.0015, Med: 0.0999, Spu: 0.0003, FD: 0.2012, Var: 0.0000, CStr: 0.484, Ctx: 2, Train: 94.90%, Valid: 93.32%, Test In: 93.54% Test OOD1: 78.76% 
Epoch: 68, Loss: 0.4935, Cls: 0.1954, Ind: 0.0014, Med: 0.0983, Spu: 0.0003, FD: 0.1980, Var: 0.0000, CStr: 0.484, Ctx: 2, Train: 95.04%, Valid: 93.40%, Test In: 93.60% Test OOD1: 77.50% 
Epoch: 69, Loss: 0.4953, Cls: 0.1959, Ind: 0.0014, Med: 0.0983, Spu: 0.0003, FD: 0.1995, Var: 0.0000, CStr: 0.484, Ctx: 2, Train: 95.08%, Valid: 93.29%, Test In: 93.45% Test OOD1: 78.39% 
Epoch: 70, Loss: 0.4855, Cls: 0.1921, Ind: 0.0013, Med: 0.0965, Spu: 0.0003, FD: 0.1953, Var: 0.0000, CStr: 0.483, Ctx: 2, Train: 95.15%, Valid: 93.29%, Test In: 93.58% Test OOD1: 78.35% 
Epoch: 71, Loss: 0.4808, Cls: 0.1904, Ind: 0.0013, Med: 0.0958, Spu: 0.0003, FD: 0.1930, Var: 0.0000, CStr: 0.483, Ctx: 2, Train: 95.33%, Valid: 93.46%, Test In: 93.67% Test OOD1: 78.07% 
Epoch: 72, Loss: 0.4853, Cls: 0.1924, Ind: 0.0012, Med: 0.0968, Spu: 0.0002, FD: 0.1947, Var: 0.0000, CStr: 0.483, Ctx: 2, Train: 95.28%, Valid: 93.34%, Test In: 93.44% Test OOD1: 79.79% 
Epoch: 73, Loss: 0.4672, Cls: 0.1853, Ind: 0.0012, Med: 0.0933, Spu: 0.0002, FD: 0.1872, Var: 0.0000, CStr: 0.483, Ctx: 2, Train: 95.41%, Valid: 93.66%, Test In: 93.81% Test OOD1: 78.20% 
Epoch: 74, Loss: 0.4768, Cls: 0.1889, Ind: 0.0012, Med: 0.0949, Spu: 0.0002, FD: 0.1916, Var: 0.0000, CStr: 0.483, Ctx: 2, Train: 95.29%, Valid: 93.38%, Test In: 93.47% Test OOD1: 79.69% 
Epoch: 75, Loss: 0.4693, Cls: 0.1858, Ind: 0.0012, Med: 0.0933, Spu: 0.0002, FD: 0.1888, Var: 0.0000, CStr: 0.483, Ctx: 2, Train: 95.58%, Valid: 93.56%, Test In: 93.65% Test OOD1: 79.02% 
Epoch: 76, Loss: 0.4719, Cls: 0.1867, Ind: 0.0011, Med: 0.0936, Spu: 0.0002, FD: 0.1902, Var: 0.0000, CStr: 0.483, Ctx: 2, Train: 95.66%, Valid: 93.76%, Test In: 93.84% Test OOD1: 77.85% 
Epoch: 77, Loss: 0.4647, Cls: 0.1843, Ind: 0.0011, Med: 0.0927, Spu: 0.0002, FD: 0.1863, Var: 0.0000, CStr: 0.482, Ctx: 2, Train: 95.02%, Valid: 93.18%, Test In: 93.13% Test OOD1: 80.55% 
Epoch: 78, Loss: 0.4673, Cls: 0.1853, Ind: 0.0012, Med: 0.0933, Spu: 0.0002, FD: 0.1874, Var: 0.0000, CStr: 0.482, Ctx: 2, Train: 95.85%, Valid: 93.79%, Test In: 93.87% Test OOD1: 75.96% 
Epoch: 79, Loss: 0.4651, Cls: 0.1843, Ind: 0.0011, Med: 0.0925, Spu: 0.0002, FD: 0.1870, Var: 0.0000, CStr: 0.481, Ctx: 2, Train: 95.66%, Valid: 93.55%, Test In: 93.56% Test OOD1: 79.47% 
Epoch: 80, Loss: 0.4469, Cls: 0.1772, Ind: 0.0011, Med: 0.0891, Spu: 0.0002, FD: 0.1793, Var: 0.0000, CStr: 0.480, Ctx: 2, Train: 95.44%, Valid: 93.54%, Test In: 93.45% Test OOD1: 80.18% 
Epoch: 81, Loss: 0.4553, Cls: 0.1806, Ind: 0.0012, Med: 0.0908, Spu: 0.0002, FD: 0.1826, Var: 0.0000, CStr: 0.479, Ctx: 2, Train: 95.95%, Valid: 93.93%, Test In: 93.97% Test OOD1: 78.20% 
Epoch: 82, Loss: 0.4478, Cls: 0.1776, Ind: 0.0011, Med: 0.0893, Spu: 0.0002, FD: 0.1796, Var: 0.0000, CStr: 0.479, Ctx: 2, Train: 95.99%, Valid: 93.81%, Test In: 93.88% Test OOD1: 79.96% 
Epoch: 83, Loss: 0.4483, Cls: 0.1777, Ind: 0.0011, Med: 0.0893, Spu: 0.0002, FD: 0.1800, Var: 0.0000, CStr: 0.478, Ctx: 2, Train: 95.68%, Valid: 93.66%, Test In: 93.54% Test OOD1: 80.85% 
Epoch: 84, Loss: 0.4374, Cls: 0.1732, Ind: 0.0010, Med: 0.0870, Spu: 0.0002, FD: 0.1759, Var: 0.0000, CStr: 0.476, Ctx: 2, Train: 96.22%, Valid: 94.02%, Test In: 94.13% Test OOD1: 78.79% 
Epoch: 85, Loss: 0.4374, Cls: 0.1732, Ind: 0.0010, Med: 0.0869, Spu: 0.0002, FD: 0.1761, Var: 0.0000, CStr: 0.475, Ctx: 2, Train: 96.10%, Valid: 93.84%, Test In: 93.87% Test OOD1: 80.46% 
Epoch: 86, Loss: 0.4367, Cls: 0.1728, Ind: 0.0011, Med: 0.0867, Spu: 0.0002, FD: 0.1759, Var: 0.0000, CStr: 0.474, Ctx: 2, Train: 95.98%, Valid: 93.83%, Test In: 93.72% Test OOD1: 80.88% 
Epoch: 87, Loss: 0.4257, Cls: 0.1687, Ind: 0.0010, Med: 0.0847, Spu: 0.0002, FD: 0.1712, Var: 0.0000, CStr: 0.473, Ctx: 2, Train: 96.30%, Valid: 94.12%, Test In: 94.00% Test OOD1: 79.65% 
Epoch: 88, Loss: 0.4262, Cls: 0.1690, Ind: 0.0010, Med: 0.0849, Spu: 0.0002, FD: 0.1711, Var: 0.0000, CStr: 0.471, Ctx: 2, Train: 96.26%, Valid: 93.87%, Test In: 93.92% Test OOD1: 80.98% 
Epoch: 89, Loss: 0.4306, Cls: 0.1705, Ind: 0.0010, Med: 0.0855, Spu: 0.0002, FD: 0.1735, Var: 0.0000, CStr: 0.470, Ctx: 2, Train: 96.37%, Valid: 94.04%, Test In: 93.93% Test OOD1: 81.12% 
Epoch: 90, Loss: 0.4150, Cls: 0.1647, Ind: 0.0010, Med: 0.0828, Spu: 0.0002, FD: 0.1664, Var: 0.0000, CStr: 0.469, Ctx: 2, Train: 96.24%, Valid: 93.95%, Test In: 93.79% Test OOD1: 81.61% 
Epoch: 91, Loss: 0.4199, Cls: 0.1664, Ind: 0.0010, Med: 0.0835, Spu: 0.0001, FD: 0.1688, Var: 0.0000, CStr: 0.467, Ctx: 2, Train: 96.61%, Valid: 94.11%, Test In: 94.14% Test OOD1: 80.16% 
Epoch: 92, Loss: 0.4171, Cls: 0.1650, Ind: 0.0009, Med: 0.0826, Spu: 0.0001, FD: 0.1685, Var: 0.0000, CStr: 0.466, Ctx: 2, Train: 96.62%, Valid: 94.12%, Test In: 94.11% Test OOD1: 80.92% 
Epoch: 93, Loss: 0.3996, Cls: 0.1584, Ind: 0.0009, Med: 0.0795, Spu: 0.0001, FD: 0.1606, Var: 0.0000, CStr: 0.464, Ctx: 2, Train: 96.16%, Valid: 93.80%, Test In: 93.56% Test OOD1: 81.14% 
Epoch: 94, Loss: 0.4161, Cls: 0.1648, Ind: 0.0010, Med: 0.0827, Spu: 0.0001, FD: 0.1675, Var: 0.0000, CStr: 0.463, Ctx: 2, Train: 96.65%, Valid: 94.16%, Test In: 94.14% Test OOD1: 80.16% 
Epoch: 95, Loss: 0.3953, Cls: 0.1568, Ind: 0.0010, Med: 0.0788, Spu: 0.0001, FD: 0.1586, Var: 0.0000, CStr: 0.461, Ctx: 2, Train: 96.74%, Valid: 94.12%, Test In: 94.13% Test OOD1: 80.02% 
Epoch: 96, Loss: 0.4086, Cls: 0.1619, Ind: 0.0009, Med: 0.0813, Spu: 0.0001, FD: 0.1643, Var: 0.0000, CStr: 0.460, Ctx: 2, Train: 96.42%, Valid: 93.86%, Test In: 93.62% Test OOD1: 81.35% 
Epoch: 97, Loss: 0.4026, Cls: 0.1596, Ind: 0.0009, Med: 0.0801, Spu: 0.0001, FD: 0.1619, Var: 0.0000, CStr: 0.458, Ctx: 2, Train: 96.69%, Valid: 94.12%, Test In: 93.95% Test OOD1: 82.04% 
Epoch: 98, Loss: 0.3948, Cls: 0.1565, Ind: 0.0008, Med: 0.0786, Spu: 0.0001, FD: 0.1587, Var: 0.0000, CStr: 0.456, Ctx: 2, Train: 97.04%, Valid: 94.39%, Test In: 94.44% Test OOD1: 79.52% 
Epoch: 99, Loss: 0.3939, Cls: 0.1562, Ind: 0.0009, Med: 0.0784, Spu: 0.0001, FD: 0.1583, Var: 0.0000, CStr: 0.455, Ctx: 2, Train: 96.43%, Valid: 93.79%, Test In: 93.56% Test OOD1: 83.01% 
Epoch: 100, Loss: 0.3900, Cls: 0.1546, Ind: 0.0008, Med: 0.0776, Spu: 0.0001, FD: 0.1568, Var: 0.0000, CStr: 0.453, Ctx: 2, Train: 96.94%, Valid: 94.29%, Test In: 94.20% Test OOD1: 80.69% 
Epoch: 101, Loss: 0.3864, Cls: 0.1530, Ind: 0.0009, Med: 0.0767, Spu: 0.0001, FD: 0.1557, Var: 0.0000, CStr: 0.451, Ctx: 2, Train: 96.91%, Valid: 94.20%, Test In: 94.05% Test OOD1: 81.88% 
Epoch: 102, Loss: 0.3826, Cls: 0.1516, Ind: 0.0008, Med: 0.0760, Spu: 0.0001, FD: 0.1541, Var: 0.0000, CStr: 0.449, Ctx: 2, Train: 97.10%, Valid: 94.39%, Test In: 94.27% Test OOD1: 80.86% 
Epoch: 103, Loss: 0.3700, Cls: 0.1466, Ind: 0.0008, Med: 0.0735, Spu: 0.0001, FD: 0.1490, Var: 0.0000, CStr: 0.448, Ctx: 2, Train: 96.99%, Valid: 94.23%, Test In: 94.04% Test OOD1: 81.58% 
Epoch: 104, Loss: 0.3759, Cls: 0.1491, Ind: 0.0008, Med: 0.0749, Spu: 0.0001, FD: 0.1509, Var: 0.0000, CStr: 0.446, Ctx: 2, Train: 97.23%, Valid: 94.44%, Test In: 94.31% Test OOD1: 81.12% 
Epoch: 105, Loss: 0.3815, Cls: 0.1512, Ind: 0.0008, Med: 0.0759, Spu: 0.0001, FD: 0.1535, Var: 0.0000, CStr: 0.444, Ctx: 2, Train: 97.28%, Valid: 94.50%, Test In: 94.47% Test OOD1: 79.99% 
Epoch: 106, Loss: 0.3643, Cls: 0.1445, Ind: 0.0007, Med: 0.0725, Spu: 0.0001, FD: 0.1465, Var: 0.0000, CStr: 0.442, Ctx: 2, Train: 96.92%, Valid: 94.17%, Test In: 93.94% Test OOD1: 82.34% 
Epoch: 107, Loss: 0.3683, Cls: 0.1460, Ind: 0.0007, Med: 0.0733, Spu: 0.0001, FD: 0.1481, Var: 0.0000, CStr: 0.441, Ctx: 2, Train: 97.36%, Valid: 94.58%, Test In: 94.55% Test OOD1: 80.17% 
Epoch: 108, Loss: 0.3704, Cls: 0.1468, Ind: 0.0006, Med: 0.0735, Spu: 0.0001, FD: 0.1494, Var: 0.0000, CStr: 0.439, Ctx: 2, Train: 97.37%, Valid: 94.66%, Test In: 94.49% Test OOD1: 80.87% 
Epoch: 109, Loss: 0.3585, Cls: 0.1423, Ind: 0.0007, Med: 0.0715, Spu: 0.0001, FD: 0.1439, Var: 0.0000, CStr: 0.437, Ctx: 2, Train: 97.20%, Valid: 94.33%, Test In: 94.21% Test OOD1: 82.72% 
Epoch: 110, Loss: 0.3667, Cls: 0.1453, Ind: 0.0007, Med: 0.0729, Spu: 0.0001, FD: 0.1477, Var: 0.0000, CStr: 0.435, Ctx: 2, Train: 97.60%, Valid: 94.57%, Test In: 94.61% Test OOD1: 79.10% 
Epoch: 111, Loss: 0.3750, Cls: 0.1486, Ind: 0.0007, Med: 0.0745, Spu: 0.0001, FD: 0.1511, Var: 0.0000, CStr: 0.433, Ctx: 2, Train: 96.48%, Valid: 93.47%, Test In: 93.32% Test OOD1: 84.62% 
Epoch: 112, Loss: 0.3851, Cls: 0.1528, Ind: 0.0007, Med: 0.0767, Spu: 0.0001, FD: 0.1549, Var: 0.0000, CStr: 0.432, Ctx: 2, Train: 97.45%, Valid: 94.41%, Test In: 94.44% Test OOD1: 77.99% 
Epoch: 113, Loss: 0.3853, Cls: 0.1529, Ind: 0.0007, Med: 0.0768, Spu: 0.0001, FD: 0.1547, Var: 0.0000, CStr: 0.430, Ctx: 2, Train: 97.53%, Valid: 94.66%, Test In: 94.43% Test OOD1: 82.13% 
Epoch: 114, Loss: 0.3524, Cls: 0.1396, Ind: 0.0006, Med: 0.0700, Spu: 0.0001, FD: 0.1421, Var: 0.0000, CStr: 0.428, Ctx: 2, Train: 97.39%, Valid: 94.42%, Test In: 94.16% Test OOD1: 83.51% 
Epoch: 115, Loss: 0.3542, Cls: 0.1406, Ind: 0.0006, Med: 0.0706, Spu: 0.0001, FD: 0.1423, Var: 0.0000, CStr: 0.427, Ctx: 2, Train: 97.59%, Valid: 94.52%, Test In: 94.43% Test OOD1: 80.07% 
Epoch: 116, Loss: 0.3689, Cls: 0.1466, Ind: 0.0006, Med: 0.0737, Spu: 0.0001, FD: 0.1478, Var: 0.0000, CStr: 0.425, Ctx: 2, Train: 97.66%, Valid: 94.71%, Test In: 94.56% Test OOD1: 82.54% 
Epoch: 117, Loss: 0.3464, Cls: 0.1373, Ind: 0.0006, Med: 0.0688, Spu: 0.0001, FD: 0.1397, Var: 0.0000, CStr: 0.423, Ctx: 2, Train: 97.32%, Valid: 94.37%, Test In: 94.14% Test OOD1: 84.26% 
Epoch: 118, Loss: 0.3445, Cls: 0.1366, Ind: 0.0006, Med: 0.0686, Spu: 0.0001, FD: 0.1387, Var: 0.0000, CStr: 0.422, Ctx: 2, Train: 97.80%, Valid: 94.76%, Test In: 94.56% Test OOD1: 80.65% 
Epoch: 119, Loss: 0.3468, Cls: 0.1377, Ind: 0.0005, Med: 0.0691, Spu: 0.0001, FD: 0.1394, Var: 0.0000, CStr: 0.420, Ctx: 2, Train: 97.93%, Valid: 94.95%, Test In: 94.85% Test OOD1: 81.47% 
Epoch: 120, Loss: 0.3336, Cls: 0.1324, Ind: 0.0005, Med: 0.0665, Spu: 0.0001, FD: 0.1341, Var: 0.0000, CStr: 0.419, Ctx: 2, Train: 97.68%, Valid: 94.49%, Test In: 94.52% Test OOD1: 83.78% 
Epoch: 121, Loss: 0.3407, Cls: 0.1353, Ind: 0.0005, Med: 0.0679, Spu: 0.0001, FD: 0.1369, Var: 0.0000, CStr: 0.417, Ctx: 2, Train: 97.77%, Valid: 94.64%, Test In: 94.51% Test OOD1: 81.56% 
Epoch: 122, Loss: 0.3275, Cls: 0.1298, Ind: 0.0006, Med: 0.0651, Spu: 0.0001, FD: 0.1319, Var: 0.0000, CStr: 0.416, Ctx: 2, Train: 98.06%, Valid: 94.89%, Test In: 94.86% Test OOD1: 81.62% 
Epoch: 123, Loss: 0.3376, Cls: 0.1339, Ind: 0.0005, Med: 0.0671, Spu: 0.0001, FD: 0.1360, Var: 0.0000, CStr: 0.414, Ctx: 2, Train: 97.84%, Valid: 94.71%, Test In: 94.56% Test OOD1: 83.43% 
Epoch: 124, Loss: 0.3279, Cls: 0.1303, Ind: 0.0005, Med: 0.0655, Spu: 0.0001, FD: 0.1315, Var: 0.0000, CStr: 0.413, Ctx: 2, Train: 97.87%, Valid: 94.78%, Test In: 94.55% Test OOD1: 82.23% 
Epoch: 125, Loss: 0.3329, Cls: 0.1322, Ind: 0.0005, Med: 0.0664, Spu: 0.0001, FD: 0.1338, Var: 0.0000, CStr: 0.411, Ctx: 2, Train: 98.22%, Valid: 95.12%, Test In: 94.99% Test OOD1: 81.03% 
Epoch: 126, Loss: 0.3223, Cls: 0.1277, Ind: 0.0004, Med: 0.0639, Spu: 0.0001, FD: 0.1302, Var: 0.0000, CStr: 0.410, Ctx: 2, Train: 97.96%, Valid: 95.02%, Test In: 94.74% Test OOD1: 83.41% 
Epoch: 127, Loss: 0.3135, Cls: 0.1245, Ind: 0.0005, Med: 0.0625, Spu: 0.0001, FD: 0.1260, Var: 0.0000, CStr: 0.409, Ctx: 2, Train: 98.01%, Valid: 94.77%, Test In: 94.68% Test OOD1: 83.34% 
Epoch: 128, Loss: 0.3160, Cls: 0.1255, Ind: 0.0005, Med: 0.0630, Spu: 0.0001, FD: 0.1270, Var: 0.0000, CStr: 0.407, Ctx: 2, Train: 98.34%, Valid: 95.05%, Test In: 95.06% Test OOD1: 81.96% 
Epoch: 129, Loss: 0.3145, Cls: 0.1247, Ind: 0.0005, Med: 0.0624, Spu: 0.0001, FD: 0.1269, Var: 0.0000, CStr: 0.406, Ctx: 2, Train: 98.34%, Valid: 95.19%, Test In: 95.14% Test OOD1: 83.03% 
Epoch: 130, Loss: 0.3204, Cls: 0.1270, Ind: 0.0005, Med: 0.0636, Spu: 0.0001, FD: 0.1292, Var: 0.0000, CStr: 0.405, Ctx: 2, Train: 97.91%, Valid: 94.52%, Test In: 94.55% Test OOD1: 84.76% 
Epoch: 131, Loss: 0.3153, Cls: 0.1253, Ind: 0.0005, Med: 0.0630, Spu: 0.0000, FD: 0.1265, Var: 0.0000, CStr: 0.403, Ctx: 2, Train: 98.48%, Valid: 95.25%, Test In: 95.23% Test OOD1: 81.44% 
Epoch: 132, Loss: 0.3150, Cls: 0.1249, Ind: 0.0005, Med: 0.0626, Spu: 0.0000, FD: 0.1270, Var: 0.0000, CStr: 0.402, Ctx: 2, Train: 98.36%, Valid: 95.17%, Test In: 95.02% Test OOD1: 82.94% 
Epoch: 133, Loss: 0.3041, Cls: 0.1206, Ind: 0.0005, Med: 0.0605, Spu: 0.0000, FD: 0.1224, Var: 0.0000, CStr: 0.401, Ctx: 2, Train: 97.92%, Valid: 94.52%, Test In: 94.41% Test OOD1: 84.66% 
Epoch: 134, Loss: 0.3128, Cls: 0.1240, Ind: 0.0004, Med: 0.0621, Spu: 0.0000, FD: 0.1263, Var: 0.0000, CStr: 0.399, Ctx: 2, Train: 98.51%, Valid: 95.16%, Test In: 95.14% Test OOD1: 81.55% 
Epoch: 135, Loss: 0.3054, Cls: 0.1213, Ind: 0.0004, Med: 0.0609, Spu: 0.0000, FD: 0.1226, Var: 0.0000, CStr: 0.398, Ctx: 2, Train: 98.49%, Valid: 95.25%, Test In: 95.19% Test OOD1: 83.09% 
Epoch: 136, Loss: 0.2930, Cls: 0.1163, Ind: 0.0004, Med: 0.0584, Spu: 0.0000, FD: 0.1178, Var: 0.0000, CStr: 0.397, Ctx: 2, Train: 98.14%, Valid: 94.64%, Test In: 94.59% Test OOD1: 85.24% 
Epoch: 137, Loss: 0.3057, Cls: 0.1212, Ind: 0.0004, Med: 0.0607, Spu: 0.0000, FD: 0.1233, Var: 0.0000, CStr: 0.396, Ctx: 2, Train: 98.67%, Valid: 95.42%, Test In: 95.33% Test OOD1: 82.82% 
Epoch: 138, Loss: 0.2944, Cls: 0.1169, Ind: 0.0004, Med: 0.0587, Spu: 0.0000, FD: 0.1184, Var: 0.0000, CStr: 0.394, Ctx: 2, Train: 98.63%, Valid: 95.26%, Test In: 95.31% Test OOD1: 83.76% 
Epoch: 139, Loss: 0.2920, Cls: 0.1157, Ind: 0.0004, Med: 0.0580, Spu: 0.0000, FD: 0.1178, Var: 0.0000, CStr: 0.393, Ctx: 2, Train: 98.28%, Valid: 94.78%, Test In: 94.83% Test OOD1: 85.33% 
Epoch: 140, Loss: 0.2980, Cls: 0.1182, Ind: 0.0004, Med: 0.0592, Spu: 0.0000, FD: 0.1202, Var: 0.0000, CStr: 0.392, Ctx: 2, Train: 98.66%, Valid: 95.27%, Test In: 95.24% Test OOD1: 84.57% 
Epoch: 141, Loss: 0.2913, Cls: 0.1155, Ind: 0.0004, Med: 0.0579, Spu: 0.0000, FD: 0.1174, Var: 0.0000, CStr: 0.391, Ctx: 2, Train: 98.78%, Valid: 95.56%, Test In: 95.51% Test OOD1: 83.07% 
Epoch: 142, Loss: 0.2886, Cls: 0.1144, Ind: 0.0004, Med: 0.0573, Spu: 0.0000, FD: 0.1164, Var: 0.0000, CStr: 0.390, Ctx: 2, Train: 98.45%, Valid: 94.96%, Test In: 94.88% Test OOD1: 86.20% 
Epoch: 143, Loss: 0.2875, Cls: 0.1140, Ind: 0.0004, Med: 0.0571, Spu: 0.0000, FD: 0.1159, Var: 0.0000, CStr: 0.389, Ctx: 2, Train: 98.79%, Valid: 95.38%, Test In: 95.31% Test OOD1: 84.41% 
Epoch: 144, Loss: 0.2831, Cls: 0.1123, Ind: 0.0004, Med: 0.0563, Spu: 0.0000, FD: 0.1141, Var: 0.0000, CStr: 0.388, Ctx: 2, Train: 98.88%, Valid: 95.50%, Test In: 95.45% Test OOD1: 83.41% 
Epoch: 145, Loss: 0.2811, Cls: 0.1116, Ind: 0.0004, Med: 0.0560, Spu: 0.0000, FD: 0.1131, Var: 0.0000, CStr: 0.386, Ctx: 2, Train: 98.79%, Valid: 95.31%, Test In: 95.21% Test OOD1: 84.85% 
Epoch: 146, Loss: 0.2737, Cls: 0.1087, Ind: 0.0004, Med: 0.0546, Spu: 0.0000, FD: 0.1101, Var: 0.0000, CStr: 0.385, Ctx: 2, Train: 98.88%, Valid: 95.52%, Test In: 95.36% Test OOD1: 84.70% 
Epoch: 147, Loss: 0.2839, Cls: 0.1126, Ind: 0.0004, Med: 0.0564, Spu: 0.0000, FD: 0.1145, Var: 0.0000, CStr: 0.384, Ctx: 2, Train: 98.91%, Valid: 95.61%, Test In: 95.49% Test OOD1: 82.91% 
Epoch: 148, Loss: 0.2812, Cls: 0.1115, Ind: 0.0004, Med: 0.0559, Spu: 0.0000, FD: 0.1133, Var: 0.0000, CStr: 0.383, Ctx: 2, Train: 98.57%, Valid: 95.13%, Test In: 95.03% Test OOD1: 87.39% 
Epoch: 149, Loss: 0.2819, Cls: 0.1120, Ind: 0.0004, Med: 0.0562, Spu: 0.0000, FD: 0.1132, Var: 0.0000, CStr: 0.382, Ctx: 2, Train: 98.85%, Valid: 95.53%, Test In: 95.43% Test OOD1: 84.64% 
Epoch: 150, Loss: 0.2838, Cls: 0.1126, Ind: 0.0004, Med: 0.0565, Spu: 0.0000, FD: 0.1143, Var: 0.0000, CStr: 0.381, Ctx: 2, Train: 98.86%, Valid: 95.65%, Test In: 95.43% Test OOD1: 86.30% 
Epoch: 151, Loss: 0.2787, Cls: 0.1107, Ind: 0.0004, Med: 0.0556, Spu: 0.0000, FD: 0.1119, Var: 0.0000, CStr: 0.380, Ctx: 2, Train: 98.74%, Valid: 95.42%, Test In: 95.23% Test OOD1: 86.58% 
Epoch: 152, Loss: 0.2698, Cls: 0.1069, Ind: 0.0003, Med: 0.0535, Spu: 0.0000, FD: 0.1090, Var: 0.0000, CStr: 0.379, Ctx: 2, Train: 98.99%, Valid: 95.75%, Test In: 95.56% Test OOD1: 84.97% 
Epoch: 153, Loss: 0.2740, Cls: 0.1087, Ind: 0.0003, Med: 0.0545, Spu: 0.0000, FD: 0.1103, Var: 0.0000, CStr: 0.378, Ctx: 2, Train: 98.95%, Valid: 95.68%, Test In: 95.35% Test OOD1: 86.76% 
Epoch: 154, Loss: 0.2744, Cls: 0.1090, Ind: 0.0003, Med: 0.0547, Spu: 0.0000, FD: 0.1103, Var: 0.0000, CStr: 0.378, Ctx: 2, Train: 98.85%, Valid: 95.31%, Test In: 95.28% Test OOD1: 85.88% 
Epoch: 155, Loss: 0.2781, Cls: 0.1104, Ind: 0.0003, Med: 0.0554, Spu: 0.0000, FD: 0.1119, Var: 0.0000, CStr: 0.377, Ctx: 2, Train: 99.09%, Valid: 95.88%, Test In: 95.71% Test OOD1: 85.19% 
Epoch: 156, Loss: 0.2616, Cls: 0.1040, Ind: 0.0003, Med: 0.0522, Spu: 0.0000, FD: 0.1050, Var: 0.0000, CStr: 0.376, Ctx: 2, Train: 98.95%, Valid: 95.65%, Test In: 95.41% Test OOD1: 86.98% 
Epoch: 157, Loss: 0.2706, Cls: 0.1075, Ind: 0.0003, Med: 0.0539, Spu: 0.0000, FD: 0.1088, Var: 0.0000, CStr: 0.375, Ctx: 2, Train: 98.75%, Valid: 95.35%, Test In: 95.36% Test OOD1: 84.79% 
Epoch: 158, Loss: 0.2756, Cls: 0.1095, Ind: 0.0003, Med: 0.0550, Spu: 0.0000, FD: 0.1108, Var: 0.0000, CStr: 0.374, Ctx: 2, Train: 99.19%, Valid: 95.92%, Test In: 95.75% Test OOD1: 85.04% 
Epoch: 159, Loss: 0.2741, Cls: 0.1087, Ind: 0.0003, Med: 0.0544, Spu: 0.0000, FD: 0.1107, Var: 0.0000, CStr: 0.373, Ctx: 2, Train: 99.01%, Valid: 95.53%, Test In: 95.50% Test OOD1: 86.97% 
Epoch: 160, Loss: 0.2564, Cls: 0.1018, Ind: 0.0003, Med: 0.0511, Spu: 0.0000, FD: 0.1032, Var: 0.0000, CStr: 0.373, Ctx: 2, Train: 98.98%, Valid: 95.42%, Test In: 95.49% Test OOD1: 85.43% 
Epoch: 161, Loss: 0.2655, Cls: 0.1054, Ind: 0.0003, Med: 0.0528, Spu: 0.0000, FD: 0.1069, Var: 0.0000, CStr: 0.372, Ctx: 2, Train: 99.16%, Valid: 95.83%, Test In: 95.75% Test OOD1: 86.60% 
Epoch: 162, Loss: 0.2532, Cls: 0.1007, Ind: 0.0003, Med: 0.0506, Spu: 0.0000, FD: 0.1016, Var: 0.0000, CStr: 0.371, Ctx: 2, Train: 99.20%, Valid: 95.99%, Test In: 95.75% Test OOD1: 86.87% 
Epoch: 163, Loss: 0.2561, Cls: 0.1016, Ind: 0.0003, Med: 0.0509, Spu: 0.0000, FD: 0.1033, Var: 0.0000, CStr: 0.370, Ctx: 2, Train: 99.11%, Valid: 95.70%, Test In: 95.62% Test OOD1: 85.97% 
Epoch: 164, Loss: 0.2644, Cls: 0.1049, Ind: 0.0003, Med: 0.0526, Spu: 0.0000, FD: 0.1064, Var: 0.0000, CStr: 0.369, Ctx: 2, Train: 99.10%, Valid: 95.71%, Test In: 95.46% Test OOD1: 87.87% 
Epoch: 165, Loss: 0.2622, Cls: 0.1042, Ind: 0.0003, Med: 0.0523, Spu: 0.0000, FD: 0.1054, Var: 0.0000, CStr: 0.369, Ctx: 2, Train: 99.31%, Valid: 96.11%, Test In: 95.77% Test OOD1: 84.76% 
Epoch: 166, Loss: 0.2623, Cls: 0.1040, Ind: 0.0003, Med: 0.0521, Spu: 0.0000, FD: 0.1058, Var: 0.0000, CStr: 0.368, Ctx: 2, Train: 99.19%, Valid: 95.83%, Test In: 95.56% Test OOD1: 86.52% 
Epoch: 167, Loss: 0.2534, Cls: 0.1005, Ind: 0.0003, Med: 0.0503, Spu: 0.0000, FD: 0.1023, Var: 0.0000, CStr: 0.367, Ctx: 2, Train: 99.23%, Valid: 95.83%, Test In: 95.58% Test OOD1: 87.02% 
Epoch: 168, Loss: 0.2453, Cls: 0.0974, Ind: 0.0003, Med: 0.0488, Spu: 0.0000, FD: 0.0987, Var: 0.0000, CStr: 0.367, Ctx: 2, Train: 99.38%, Valid: 96.22%, Test In: 95.96% Test OOD1: 85.18% 
Epoch: 169, Loss: 0.2496, Cls: 0.0992, Ind: 0.0003, Med: 0.0499, Spu: 0.0000, FD: 0.1002, Var: 0.0000, CStr: 0.366, Ctx: 2, Train: 99.29%, Valid: 95.99%, Test In: 95.82% Test OOD1: 87.55% 
Epoch: 170, Loss: 0.2401, Cls: 0.0954, Ind: 0.0003, Med: 0.0479, Spu: 0.0000, FD: 0.0964, Var: 0.0000, CStr: 0.365, Ctx: 2, Train: 99.22%, Valid: 95.90%, Test In: 95.81% Test OOD1: 87.58% 
Epoch: 171, Loss: 0.2409, Cls: 0.0956, Ind: 0.0003, Med: 0.0479, Spu: 0.0000, FD: 0.0971, Var: 0.0000, CStr: 0.365, Ctx: 2, Train: 99.35%, Valid: 96.16%, Test In: 96.06% Test OOD1: 85.39% 
Epoch: 172, Loss: 0.2597, Cls: 0.1029, Ind: 0.0003, Med: 0.0515, Spu: 0.0000, FD: 0.1049, Var: 0.0000, CStr: 0.364, Ctx: 2, Train: 99.35%, Valid: 96.02%, Test In: 95.91% Test OOD1: 88.07% 
Epoch: 173, Loss: 0.2462, Cls: 0.0977, Ind: 0.0003, Med: 0.0490, Spu: 0.0000, FD: 0.0992, Var: 0.0000, CStr: 0.363, Ctx: 2, Train: 99.05%, Valid: 95.67%, Test In: 95.56% Test OOD1: 86.78% 
Epoch: 174, Loss: 0.2516, Cls: 0.1000, Ind: 0.0003, Med: 0.0502, Spu: 0.0000, FD: 0.1010, Var: 0.0000, CStr: 0.363, Ctx: 2, Train: 99.40%, Valid: 96.17%, Test In: 96.05% Test OOD1: 87.00% 
Epoch: 175, Loss: 0.2336, Cls: 0.0927, Ind: 0.0003, Med: 0.0465, Spu: 0.0000, FD: 0.0940, Var: 0.0000, CStr: 0.362, Ctx: 2, Train: 99.45%, Valid: 96.17%, Test In: 96.00% Test OOD1: 87.26% 
Epoch: 176, Loss: 0.2362, Cls: 0.0935, Ind: 0.0003, Med: 0.0467, Spu: 0.0000, FD: 0.0956, Var: 0.0000, CStr: 0.361, Ctx: 2, Train: 99.10%, Valid: 95.81%, Test In: 95.75% Test OOD1: 86.64% 
Epoch: 177, Loss: 0.2408, Cls: 0.0958, Ind: 0.0003, Med: 0.0481, Spu: 0.0000, FD: 0.0965, Var: 0.0000, CStr: 0.361, Ctx: 2, Train: 99.42%, Valid: 96.12%, Test In: 95.98% Test OOD1: 88.06% 
Epoch: 178, Loss: 0.2313, Cls: 0.0917, Ind: 0.0003, Med: 0.0459, Spu: 0.0000, FD: 0.0932, Var: 0.0000, CStr: 0.360, Ctx: 2, Train: 99.53%, Valid: 96.33%, Test In: 96.10% Test OOD1: 85.61% 
Epoch: 179, Loss: 0.2468, Cls: 0.0978, Ind: 0.0003, Med: 0.0489, Spu: 0.0000, FD: 0.0998, Var: 0.0000, CStr: 0.360, Ctx: 2, Train: 99.33%, Valid: 96.07%, Test In: 95.91% Test OOD1: 87.62% 
Epoch: 180, Loss: 0.2304, Cls: 0.0915, Ind: 0.0003, Med: 0.0459, Spu: 0.0000, FD: 0.0928, Var: 0.0000, CStr: 0.359, Ctx: 2, Train: 99.35%, Valid: 96.01%, Test In: 95.94% Test OOD1: 86.85% 
Epoch: 181, Loss: 0.2311, Cls: 0.0917, Ind: 0.0003, Med: 0.0460, Spu: 0.0000, FD: 0.0931, Var: 0.0000, CStr: 0.359, Ctx: 2, Train: 99.48%, Valid: 96.25%, Test In: 96.13% Test OOD1: 84.14% 
Epoch: 182, Loss: 0.2360, Cls: 0.0937, Ind: 0.0004, Med: 0.0470, Spu: 0.0000, FD: 0.0950, Var: 0.0000, CStr: 0.358, Ctx: 2, Train: 99.34%, Valid: 95.99%, Test In: 95.88% Test OOD1: 88.42% 
Epoch: 183, Loss: 0.2305, Cls: 0.0913, Ind: 0.0003, Med: 0.0457, Spu: 0.0000, FD: 0.0932, Var: 0.0000, CStr: 0.358, Ctx: 2, Train: 99.35%, Valid: 96.07%, Test In: 96.06% Test OOD1: 86.02% 
Epoch: 184, Loss: 0.2355, Cls: 0.0936, Ind: 0.0003, Med: 0.0470, Spu: 0.0000, FD: 0.0945, Var: 0.0000, CStr: 0.357, Ctx: 2, Train: 99.46%, Valid: 96.38%, Test In: 96.09% Test OOD1: 87.51% 
Epoch: 185, Loss: 0.2321, Cls: 0.0921, Ind: 0.0003, Med: 0.0461, Spu: 0.0000, FD: 0.0936, Var: 0.0000, CStr: 0.356, Ctx: 2, Train: 99.55%, Valid: 96.42%, Test In: 96.27% Test OOD1: 85.43% 
Epoch: 186, Loss: 0.2275, Cls: 0.0903, Ind: 0.0003, Med: 0.0452, Spu: 0.0000, FD: 0.0917, Var: 0.0000, CStr: 0.356, Ctx: 2, Train: 99.42%, Valid: 96.24%, Test In: 96.10% Test OOD1: 86.79% 
Epoch: 187, Loss: 0.2318, Cls: 0.0921, Ind: 0.0003, Med: 0.0462, Spu: 0.0000, FD: 0.0931, Var: 0.0000, CStr: 0.355, Ctx: 2, Train: 99.32%, Valid: 95.94%, Test In: 95.95% Test OOD1: 89.11% 
Epoch: 188, Loss: 0.2311, Cls: 0.0918, Ind: 0.0003, Med: 0.0461, Spu: 0.0000, FD: 0.0929, Var: 0.0000, CStr: 0.355, Ctx: 2, Train: 99.54%, Valid: 96.36%, Test In: 96.05% Test OOD1: 84.96% 
Epoch: 189, Loss: 0.2305, Cls: 0.0917, Ind: 0.0003, Med: 0.0460, Spu: 0.0000, FD: 0.0926, Var: 0.0000, CStr: 0.354, Ctx: 2, Train: 99.54%, Valid: 96.18%, Test In: 96.20% Test OOD1: 87.32% 
Epoch: 190, Loss: 0.2195, Cls: 0.0872, Ind: 0.0003, Med: 0.0437, Spu: 0.0000, FD: 0.0883, Var: 0.0000, CStr: 0.353, Ctx: 2, Train: 99.41%, Valid: 95.96%, Test In: 95.95% Test OOD1: 89.25% 
Epoch: 191, Loss: 0.2302, Cls: 0.0914, Ind: 0.0003, Med: 0.0458, Spu: 0.0000, FD: 0.0927, Var: 0.0000, CStr: 0.353, Ctx: 2, Train: 99.61%, Valid: 96.46%, Test In: 96.31% Test OOD1: 84.61% 
Epoch: 192, Loss: 0.2332, Cls: 0.0926, Ind: 0.0003, Med: 0.0464, Spu: 0.0000, FD: 0.0940, Var: 0.0000, CStr: 0.352, Ctx: 2, Train: 99.59%, Valid: 96.29%, Test In: 96.21% Test OOD1: 87.19% 
Epoch: 193, Loss: 0.2165, Cls: 0.0860, Ind: 0.0003, Med: 0.0431, Spu: 0.0000, FD: 0.0871, Var: 0.0000, CStr: 0.351, Ctx: 2, Train: 99.52%, Valid: 96.15%, Test In: 96.10% Test OOD1: 87.67% 
Epoch: 194, Loss: 0.2092, Cls: 0.0832, Ind: 0.0003, Med: 0.0418, Spu: 0.0000, FD: 0.0840, Var: 0.0000, CStr: 0.351, Ctx: 2, Train: 99.60%, Valid: 96.48%, Test In: 96.50% Test OOD1: 84.96% 
Epoch: 195, Loss: 0.2051, Cls: 0.0814, Ind: 0.0003, Med: 0.0408, Spu: 0.0000, FD: 0.0826, Var: 0.0000, CStr: 0.350, Ctx: 2, Train: 99.60%, Valid: 96.48%, Test In: 96.47% Test OOD1: 86.32% 
Epoch: 196, Loss: 0.2097, Cls: 0.0833, Ind: 0.0003, Med: 0.0417, Spu: 0.0000, FD: 0.0844, Var: 0.0000, CStr: 0.350, Ctx: 2, Train: 99.53%, Valid: 96.23%, Test In: 96.21% Test OOD1: 88.38% 
Epoch: 197, Loss: 0.2180, Cls: 0.0866, Ind: 0.0003, Med: 0.0434, Spu: 0.0000, FD: 0.0877, Var: 0.0000, CStr: 0.349, Ctx: 2, Train: 99.58%, Valid: 96.49%, Test In: 96.57% Test OOD1: 85.90% 
Epoch: 198, Loss: 0.2090, Cls: 0.0831, Ind: 0.0002, Med: 0.0417, Spu: 0.0000, FD: 0.0839, Var: 0.0000, CStr: 0.348, Ctx: 2, Train: 99.65%, Valid: 96.63%, Test In: 96.54% Test OOD1: 86.84% 
Epoch: 199, Loss: 0.2130, Cls: 0.0845, Ind: 0.0002, Med: 0.0423, Spu: 0.0000, FD: 0.0859, Var: 0.0000, CStr: 0.348, Ctx: 2, Train: 99.58%, Valid: 96.46%, Test In: 96.42% Test OOD1: 87.88% 
Epoch: 200, Loss: 0.2046, Cls: 0.0813, Ind: 0.0003, Med: 0.0408, Spu: 0.0000, FD: 0.0822, Var: 0.0000, CStr: 0.347, Ctx: 2, Train: 99.45%, Valid: 96.27%, Test In: 96.36% Test OOD1: 86.48% 
Epoch: 201, Loss: 0.2117, Cls: 0.0840, Ind: 0.0003, Med: 0.0420, Spu: 0.0000, FD: 0.0854, Var: 0.0000, CStr: 0.347, Ctx: 2, Train: 99.64%, Valid: 96.50%, Test In: 96.48% Test OOD1: 86.98% 
Epoch: 202, Loss: 0.2110, Cls: 0.0836, Ind: 0.0003, Med: 0.0418, Spu: 0.0000, FD: 0.0853, Var: 0.0000, CStr: 0.346, Ctx: 2, Train: 99.63%, Valid: 96.34%, Test In: 96.33% Test OOD1: 87.86% 
Epoch: 203, Loss: 0.2108, Cls: 0.0837, Ind: 0.0003, Med: 0.0420, Spu: 0.0000, FD: 0.0848, Var: 0.0000, CStr: 0.346, Ctx: 2, Train: 99.59%, Valid: 96.40%, Test In: 96.46% Test OOD1: 86.35% 
Epoch: 204, Loss: 0.2094, Cls: 0.0831, Ind: 0.0002, Med: 0.0416, Spu: 0.0000, FD: 0.0844, Var: 0.0000, CStr: 0.345, Ctx: 2, Train: 99.64%, Valid: 96.47%, Test In: 96.36% Test OOD1: 88.34% 
Epoch: 205, Loss: 0.2008, Cls: 0.0797, Ind: 0.0003, Med: 0.0400, Spu: 0.0000, FD: 0.0808, Var: 0.0000, CStr: 0.345, Ctx: 2, Train: 99.68%, Valid: 96.56%, Test In: 96.52% Test OOD1: 87.71% 
Epoch: 206, Loss: 0.2015, Cls: 0.0800, Ind: 0.0003, Med: 0.0401, Spu: 0.0000, FD: 0.0812, Var: 0.0000, CStr: 0.344, Ctx: 2, Train: 99.68%, Valid: 96.49%, Test In: 96.51% Test OOD1: 86.97% 
Epoch: 207, Loss: 0.2094, Cls: 0.0831, Ind: 0.0003, Med: 0.0416, Spu: 0.0000, FD: 0.0844, Var: 0.0000, CStr: 0.344, Ctx: 2, Train: 99.62%, Valid: 96.39%, Test In: 96.28% Test OOD1: 89.40% 
Epoch: 208, Loss: 0.2030, Cls: 0.0808, Ind: 0.0003, Med: 0.0406, Spu: 0.0000, FD: 0.0814, Var: 0.0000, CStr: 0.344, Ctx: 2, Train: 99.75%, Valid: 96.65%, Test In: 96.68% Test OOD1: 86.62% 
Epoch: 209, Loss: 0.1975, Cls: 0.0783, Ind: 0.0003, Med: 0.0392, Spu: 0.0000, FD: 0.0798, Var: 0.0000, CStr: 0.343, Ctx: 2, Train: 99.73%, Valid: 96.67%, Test In: 96.69% Test OOD1: 87.48% 
Epoch: 210, Loss: 0.2028, Cls: 0.0805, Ind: 0.0002, Med: 0.0404, Spu: 0.0000, FD: 0.0817, Var: 0.0000, CStr: 0.343, Ctx: 2, Train: 99.67%, Valid: 96.33%, Test In: 96.33% Test OOD1: 88.90% 
Epoch: 211, Loss: 0.2073, Cls: 0.0822, Ind: 0.0003, Med: 0.0411, Spu: 0.0000, FD: 0.0837, Var: 0.0000, CStr: 0.342, Ctx: 2, Train: 99.74%, Valid: 96.55%, Test In: 96.65% Test OOD1: 86.53% 
Epoch: 212, Loss: 0.1978, Cls: 0.0785, Ind: 0.0003, Med: 0.0393, Spu: 0.0000, FD: 0.0798, Var: 0.0000, CStr: 0.342, Ctx: 2, Train: 99.73%, Valid: 96.62%, Test In: 96.61% Test OOD1: 86.69% 
Epoch: 213, Loss: 0.1911, Cls: 0.0759, Ind: 0.0003, Med: 0.0381, Spu: 0.0000, FD: 0.0767, Var: 0.0000, CStr: 0.342, Ctx: 2, Train: 99.63%, Valid: 96.36%, Test In: 96.14% Test OOD1: 89.42% 
Epoch: 214, Loss: 0.2072, Cls: 0.0821, Ind: 0.0003, Med: 0.0410, Spu: 0.0000, FD: 0.0838, Var: 0.0000, CStr: 0.341, Ctx: 2, Train: 99.70%, Valid: 96.69%, Test In: 96.58% Test OOD1: 85.76% 
Epoch: 215, Loss: 0.2054, Cls: 0.0816, Ind: 0.0003, Med: 0.0409, Spu: 0.0000, FD: 0.0826, Var: 0.0000, CStr: 0.341, Ctx: 2, Train: 99.72%, Valid: 96.72%, Test In: 96.68% Test OOD1: 87.49% 
Epoch: 216, Loss: 0.1945, Cls: 0.0771, Ind: 0.0003, Med: 0.0386, Spu: 0.0000, FD: 0.0786, Var: 0.0000, CStr: 0.341, Ctx: 2, Train: 99.68%, Valid: 96.63%, Test In: 96.56% Test OOD1: 88.82% 
Epoch: 217, Loss: 0.2022, Cls: 0.0802, Ind: 0.0003, Med: 0.0401, Spu: 0.0000, FD: 0.0817, Var: 0.0000, CStr: 0.340, Ctx: 2, Train: 99.73%, Valid: 96.73%, Test In: 96.79% Test OOD1: 86.92% 
Epoch: 218, Loss: 0.1995, Cls: 0.0795, Ind: 0.0003, Med: 0.0400, Spu: 0.0000, FD: 0.0798, Var: 0.0000, CStr: 0.340, Ctx: 2, Train: 99.70%, Valid: 96.58%, Test In: 96.61% Test OOD1: 89.85% 
Epoch: 219, Loss: 0.1942, Cls: 0.0770, Ind: 0.0003, Med: 0.0385, Spu: 0.0000, FD: 0.0784, Var: 0.0000, CStr: 0.340, Ctx: 2, Train: 99.73%, Valid: 96.71%, Test In: 96.75% Test OOD1: 89.28% 
Epoch: 220, Loss: 0.1841, Cls: 0.0730, Ind: 0.0003, Med: 0.0365, Spu: 0.0000, FD: 0.0743, Var: 0.0000, CStr: 0.339, Ctx: 2, Train: 99.75%, Valid: 96.79%, Test In: 96.80% Test OOD1: 88.09% 
Epoch: 221, Loss: 0.1876, Cls: 0.0744, Ind: 0.0002, Med: 0.0373, Spu: 0.0000, FD: 0.0757, Var: 0.0000, CStr: 0.339, Ctx: 2, Train: 99.78%, Valid: 96.84%, Test In: 96.80% Test OOD1: 88.11% 
Epoch: 222, Loss: 0.1925, Cls: 0.0765, Ind: 0.0003, Med: 0.0383, Spu: 0.0000, FD: 0.0774, Var: 0.0000, CStr: 0.338, Ctx: 2, Train: 99.71%, Valid: 96.69%, Test In: 96.59% Test OOD1: 89.41% 
Epoch: 223, Loss: 0.1834, Cls: 0.0728, Ind: 0.0002, Med: 0.0365, Spu: 0.0000, FD: 0.0738, Var: 0.0000, CStr: 0.338, Ctx: 2, Train: 99.71%, Valid: 96.81%, Test In: 96.79% Test OOD1: 88.31% 
Epoch: 224, Loss: 0.1928, Cls: 0.0764, Ind: 0.0003, Med: 0.0382, Spu: 0.0000, FD: 0.0779, Var: 0.0000, CStr: 0.338, Ctx: 2, Train: 99.78%, Valid: 96.85%, Test In: 96.74% Test OOD1: 89.19% 
Epoch: 225, Loss: 0.1890, Cls: 0.0750, Ind: 0.0003, Med: 0.0376, Spu: 0.0000, FD: 0.0762, Var: 0.0000, CStr: 0.337, Ctx: 2, Train: 99.80%, Valid: 96.90%, Test In: 96.84% Test OOD1: 88.62% 
Epoch: 226, Loss: 0.1847, Cls: 0.0732, Ind: 0.0003, Med: 0.0367, Spu: 0.0000, FD: 0.0745, Var: 0.0000, CStr: 0.337, Ctx: 2, Train: 99.76%, Valid: 96.76%, Test In: 96.69% Test OOD1: 88.64% 
Epoch: 227, Loss: 0.1937, Cls: 0.0769, Ind: 0.0003, Med: 0.0386, Spu: 0.0000, FD: 0.0779, Var: 0.0000, CStr: 0.337, Ctx: 2, Train: 99.81%, Valid: 96.81%, Test In: 96.65% Test OOD1: 89.42% 
Epoch: 228, Loss: 0.1948, Cls: 0.0773, Ind: 0.0003, Med: 0.0387, Spu: 0.0000, FD: 0.0786, Var: 0.0000, CStr: 0.336, Ctx: 2, Train: 99.80%, Valid: 96.94%, Test In: 96.87% Test OOD1: 87.56% 
Epoch: 229, Loss: 0.1813, Cls: 0.0719, Ind: 0.0003, Med: 0.0361, Spu: 0.0000, FD: 0.0731, Var: 0.0000, CStr: 0.336, Ctx: 2, Train: 99.73%, Valid: 96.82%, Test In: 96.71% Test OOD1: 88.06% 
Epoch: 230, Loss: 0.1860, Cls: 0.0737, Ind: 0.0003, Med: 0.0369, Spu: 0.0000, FD: 0.0751, Var: 0.0000, CStr: 0.336, Ctx: 2, Train: 99.74%, Valid: 96.80%, Test In: 96.72% Test OOD1: 89.31% 
Epoch: 231, Loss: 0.1806, Cls: 0.0717, Ind: 0.0003, Med: 0.0360, Spu: 0.0000, FD: 0.0725, Var: 0.0000, CStr: 0.336, Ctx: 2, Train: 99.81%, Valid: 96.99%, Test In: 96.98% Test OOD1: 87.68% 
Epoch: 232, Loss: 0.1852, Cls: 0.0734, Ind: 0.0003, Med: 0.0367, Spu: 0.0000, FD: 0.0747, Var: 0.0000, CStr: 0.335, Ctx: 2, Train: 99.80%, Valid: 96.90%, Test In: 96.84% Test OOD1: 89.17% 
Epoch: 233, Loss: 0.1836, Cls: 0.0730, Ind: 0.0003, Med: 0.0366, Spu: 0.0000, FD: 0.0737, Var: 0.0000, CStr: 0.335, Ctx: 2, Train: 99.78%, Valid: 96.76%, Test In: 96.67% Test OOD1: 89.73% 
Epoch: 234, Loss: 0.1885, Cls: 0.0748, Ind: 0.0002, Med: 0.0375, Spu: 0.0000, FD: 0.0760, Var: 0.0000, CStr: 0.335, Ctx: 2, Train: 99.81%, Valid: 96.98%, Test In: 96.96% Test OOD1: 87.54% 
Epoch: 235, Loss: 0.1876, Cls: 0.0746, Ind: 0.0002, Med: 0.0374, Spu: 0.0000, FD: 0.0754, Var: 0.0000, CStr: 0.335, Ctx: 2, Train: 99.79%, Valid: 96.98%, Test In: 96.84% Test OOD1: 88.95% 
Epoch: 236, Loss: 0.1770, Cls: 0.0702, Ind: 0.0002, Med: 0.0352, Spu: 0.0000, FD: 0.0713, Var: 0.0000, CStr: 0.335, Ctx: 2, Train: 99.77%, Valid: 96.92%, Test In: 96.79% Test OOD1: 87.95% 
Epoch: 237, Loss: 0.1791, Cls: 0.0711, Ind: 0.0002, Med: 0.0356, Spu: 0.0000, FD: 0.0722, Var: 0.0000, CStr: 0.334, Ctx: 2, Train: 99.78%, Valid: 96.94%, Test In: 96.87% Test OOD1: 87.63% 
Epoch: 238, Loss: 0.1758, Cls: 0.0698, Ind: 0.0003, Med: 0.0350, Spu: 0.0000, FD: 0.0707, Var: 0.0000, CStr: 0.334, Ctx: 2, Train: 99.79%, Valid: 96.84%, Test In: 96.86% Test OOD1: 88.50% 
Epoch: 239, Loss: 0.1778, Cls: 0.0705, Ind: 0.0003, Med: 0.0354, Spu: 0.0000, FD: 0.0716, Var: 0.0000, CStr: 0.334, Ctx: 2, Train: 99.80%, Valid: 97.00%, Test In: 96.97% Test OOD1: 87.55% 
Epoch: 240, Loss: 0.1738, Cls: 0.0690, Ind: 0.0003, Med: 0.0346, Spu: 0.0000, FD: 0.0700, Var: 0.0000, CStr: 0.334, Ctx: 2, Train: 99.80%, Valid: 96.97%, Test In: 96.95% Test OOD1: 88.70% 
Epoch: 241, Loss: 0.1802, Cls: 0.0715, Ind: 0.0002, Med: 0.0358, Spu: 0.0000, FD: 0.0727, Var: 0.0000, CStr: 0.334, Ctx: 2, Train: 99.83%, Valid: 97.02%, Test In: 96.94% Test OOD1: 89.42% 
Epoch: 242, Loss: 0.1791, Cls: 0.0711, Ind: 0.0002, Med: 0.0357, Spu: 0.0000, FD: 0.0721, Var: 0.0000, CStr: 0.334, Ctx: 2, Train: 99.86%, Valid: 96.99%, Test In: 96.99% Test OOD1: 88.20% 
Epoch: 243, Loss: 0.1823, Cls: 0.0723, Ind: 0.0002, Med: 0.0362, Spu: 0.0000, FD: 0.0735, Var: 0.0000, CStr: 0.334, Ctx: 2, Train: 99.81%, Valid: 96.91%, Test In: 96.92% Test OOD1: 90.03% 
Epoch: 244, Loss: 0.1817, Cls: 0.0721, Ind: 0.0003, Med: 0.0361, Spu: 0.0000, FD: 0.0732, Var: 0.0000, CStr: 0.334, Ctx: 2, Train: 99.84%, Valid: 96.94%, Test In: 96.99% Test OOD1: 89.18% 
Epoch: 245, Loss: 0.1678, Cls: 0.0667, Ind: 0.0003, Med: 0.0335, Spu: 0.0000, FD: 0.0674, Var: 0.0000, CStr: 0.334, Ctx: 2, Train: 99.82%, Valid: 96.84%, Test In: 96.99% Test OOD1: 88.04% 
Epoch: 246, Loss: 0.1862, Cls: 0.0738, Ind: 0.0002, Med: 0.0369, Spu: 0.0000, FD: 0.0752, Var: 0.0000, CStr: 0.334, Ctx: 2, Train: 99.82%, Valid: 96.88%, Test In: 96.89% Test OOD1: 90.16% 
Epoch: 247, Loss: 0.1737, Cls: 0.0688, Ind: 0.0002, Med: 0.0343, Spu: 0.0000, FD: 0.0704, Var: 0.0000, CStr: 0.334, Ctx: 2, Train: 99.86%, Valid: 96.92%, Test In: 97.07% Test OOD1: 89.22% 
Epoch: 248, Loss: 0.1682, Cls: 0.0668, Ind: 0.0002, Med: 0.0335, Spu: 0.0000, FD: 0.0678, Var: 0.0000, CStr: 0.334, Ctx: 2, Train: 99.82%, Valid: 96.91%, Test In: 96.99% Test OOD1: 89.62% 
Epoch: 249, Loss: 0.1694, Cls: 0.0673, Ind: 0.0002, Med: 0.0338, Spu: 0.0000, FD: 0.0681, Var: 0.0000, CStr: 0.334, Ctx: 2, Train: 99.81%, Valid: 96.81%, Test In: 96.85% Test OOD1: 90.72% 
Epoch: 250, Loss: 0.1674, Cls: 0.0664, Ind: 0.0003, Med: 0.0333, Spu: 0.0000, FD: 0.0675, Var: 0.0000, CStr: 0.334, Ctx: 2, Train: 99.86%, Valid: 96.99%, Test In: 97.00% Test OOD1: 89.21% 
Epoch: 251, Loss: 0.1744, Cls: 0.0692, Ind: 0.0003, Med: 0.0347, Spu: 0.0000, FD: 0.0701, Var: 0.0000, CStr: 0.334, Ctx: 2, Train: 99.81%, Valid: 96.93%, Test In: 96.93% Test OOD1: 90.18% 
Epoch: 252, Loss: 0.1792, Cls: 0.0712, Ind: 0.0003, Med: 0.0357, Spu: 0.0000, FD: 0.0721, Var: 0.0000, CStr: 0.334, Ctx: 2, Train: 99.86%, Valid: 96.98%, Test In: 97.07% Test OOD1: 90.47% 
Epoch: 253, Loss: 0.1751, Cls: 0.0697, Ind: 0.0002, Med: 0.0350, Spu: 0.0000, FD: 0.0703, Var: 0.0000, CStr: 0.334, Ctx: 2, Train: 99.90%, Valid: 97.15%, Test In: 97.15% Test OOD1: 88.52% 
Epoch: 254, Loss: 0.1769, Cls: 0.0701, Ind: 0.0003, Med: 0.0350, Spu: 0.0000, FD: 0.0715, Var: 0.0000, CStr: 0.334, Ctx: 2, Train: 99.81%, Valid: 96.87%, Test In: 96.98% Test OOD1: 90.76% 
Epoch: 255, Loss: 0.1764, Cls: 0.0701, Ind: 0.0002, Med: 0.0351, Spu: 0.0000, FD: 0.0710, Var: 0.0000, CStr: 0.334, Ctx: 2, Train: 99.88%, Valid: 96.96%, Test In: 97.13% Test OOD1: 89.45% 
Epoch: 256, Loss: 0.1584, Cls: 0.0629, Ind: 0.0002, Med: 0.0316, Spu: 0.0000, FD: 0.0637, Var: 0.0000, CStr: 0.334, Ctx: 2, Train: 99.87%, Valid: 96.97%, Test In: 97.19% Test OOD1: 88.06% 
Epoch: 257, Loss: 0.1721, Cls: 0.0684, Ind: 0.0002, Med: 0.0343, Spu: 0.0000, FD: 0.0693, Var: 0.0000, CStr: 0.334, Ctx: 2, Train: 99.79%, Valid: 96.87%, Test In: 96.76% Test OOD1: 90.38% 
Epoch: 258, Loss: 0.1777, Cls: 0.0704, Ind: 0.0003, Med: 0.0352, Spu: 0.0000, FD: 0.0718, Var: 0.0000, CStr: 0.334, Ctx: 2, Train: 99.84%, Valid: 97.04%, Test In: 97.18% Test OOD1: 87.26% 
Epoch: 259, Loss: 0.1751, Cls: 0.0696, Ind: 0.0003, Med: 0.0349, Spu: 0.0000, FD: 0.0702, Var: 0.0000, CStr: 0.334, Ctx: 2, Train: 99.85%, Valid: 97.05%, Test In: 97.00% Test OOD1: 89.68% 
Epoch: 260, Loss: 0.1681, Cls: 0.0666, Ind: 0.0003, Med: 0.0334, Spu: 0.0000, FD: 0.0678, Var: 0.0000, CStr: 0.334, Ctx: 2, Train: 99.86%, Valid: 97.01%, Test In: 97.00% Test OOD1: 90.21% 
Epoch: 261, Loss: 0.1653, Cls: 0.0656, Ind: 0.0002, Med: 0.0329, Spu: 0.0000, FD: 0.0666, Var: 0.0000, CStr: 0.333, Ctx: 2, Train: 99.87%, Valid: 97.04%, Test In: 97.16% Test OOD1: 87.41% 
Epoch: 262, Loss: 0.1838, Cls: 0.0731, Ind: 0.0002, Med: 0.0367, Spu: 0.0000, FD: 0.0738, Var: 0.0000, CStr: 0.333, Ctx: 2, Train: 99.78%, Valid: 96.90%, Test In: 96.79% Test OOD1: 91.39% 
Epoch: 263, Loss: 0.1788, Cls: 0.0711, Ind: 0.0002, Med: 0.0357, Spu: 0.0000, FD: 0.0718, Var: 0.0000, CStr: 0.333, Ctx: 2, Train: 99.90%, Valid: 97.12%, Test In: 97.13% Test OOD1: 88.55% 
Epoch: 264, Loss: 0.1638, Cls: 0.0650, Ind: 0.0002, Med: 0.0326, Spu: 0.0000, FD: 0.0660, Var: 0.0000, CStr: 0.333, Ctx: 2, Train: 99.90%, Valid: 97.19%, Test In: 97.20% Test OOD1: 87.12% 
Epoch: 265, Loss: 0.1654, Cls: 0.0658, Ind: 0.0002, Med: 0.0330, Spu: 0.0000, FD: 0.0664, Var: 0.0000, CStr: 0.333, Ctx: 2, Train: 99.81%, Valid: 96.90%, Test In: 96.84% Test OOD1: 89.94% 
Epoch: 266, Loss: 0.1738, Cls: 0.0691, Ind: 0.0002, Med: 0.0346, Spu: 0.0000, FD: 0.0699, Var: 0.0000, CStr: 0.333, Ctx: 2, Train: 99.88%, Valid: 97.10%, Test In: 97.01% Test OOD1: 88.01% 
Epoch: 267, Loss: 0.1637, Cls: 0.0650, Ind: 0.0002, Med: 0.0325, Spu: 0.0000, FD: 0.0660, Var: 0.0000, CStr: 0.333, Ctx: 2, Train: 99.89%, Valid: 97.13%, Test In: 97.06% Test OOD1: 87.75% 
Epoch: 268, Loss: 0.1636, Cls: 0.0650, Ind: 0.0002, Med: 0.0326, Spu: 0.0000, FD: 0.0658, Var: 0.0000, CStr: 0.333, Ctx: 2, Train: 99.87%, Valid: 97.03%, Test In: 96.98% Test OOD1: 89.73% 
Epoch: 269, Loss: 0.1601, Cls: 0.0637, Ind: 0.0003, Med: 0.0320, Spu: 0.0000, FD: 0.0642, Var: 0.0000, CStr: 0.333, Ctx: 2, Train: 99.92%, Valid: 97.04%, Test In: 97.12% Test OOD1: 88.53% 
Epoch: 270, Loss: 0.1640, Cls: 0.0651, Ind: 0.0002, Med: 0.0326, Spu: 0.0000, FD: 0.0661, Var: 0.0000, CStr: 0.333, Ctx: 2, Train: 99.90%, Valid: 97.18%, Test In: 97.17% Test OOD1: 88.48% 
Epoch: 271, Loss: 0.1603, Cls: 0.0636, Ind: 0.0002, Med: 0.0319, Spu: 0.0000, FD: 0.0645, Var: 0.0000, CStr: 0.333, Ctx: 2, Train: 99.89%, Valid: 97.09%, Test In: 97.00% Test OOD1: 90.62% 
Epoch: 272, Loss: 0.1690, Cls: 0.0673, Ind: 0.0002, Med: 0.0339, Spu: 0.0000, FD: 0.0676, Var: 0.0000, CStr: 0.333, Ctx: 2, Train: 99.91%, Valid: 97.20%, Test In: 97.17% Test OOD1: 88.37% 
Epoch: 273, Loss: 0.1699, Cls: 0.0674, Ind: 0.0002, Med: 0.0337, Spu: 0.0000, FD: 0.0686, Var: 0.0000, CStr: 0.333, Ctx: 2, Train: 99.87%, Valid: 97.17%, Test In: 97.13% Test OOD1: 90.41% 
Epoch: 274, Loss: 0.1583, Cls: 0.0630, Ind: 0.0002, Med: 0.0317, Spu: 0.0000, FD: 0.0634, Var: 0.0000, CStr: 0.333, Ctx: 2, Train: 99.89%, Valid: 97.09%, Test In: 97.07% Test OOD1: 90.23% 
Epoch: 275, Loss: 0.1574, Cls: 0.0626, Ind: 0.0002, Med: 0.0314, Spu: 0.0000, FD: 0.0631, Var: 0.0000, CStr: 0.333, Ctx: 2, Train: 99.91%, Valid: 97.19%, Test In: 97.07% Test OOD1: 87.09% 
Epoch: 276, Loss: 0.1661, Cls: 0.0658, Ind: 0.0003, Med: 0.0328, Spu: 0.0000, FD: 0.0672, Var: 0.0000, CStr: 0.333, Ctx: 2, Train: 99.79%, Valid: 96.79%, Test In: 96.74% Test OOD1: 90.91% 
Epoch: 277, Loss: 0.1792, Cls: 0.0712, Ind: 0.0003, Med: 0.0357, Spu: 0.0000, FD: 0.0721, Var: 0.0000, CStr: 0.333, Ctx: 2, Train: 99.91%, Valid: 97.18%, Test In: 97.16% Test OOD1: 88.68% 
Epoch: 278, Loss: 0.1616, Cls: 0.0641, Ind: 0.0002, Med: 0.0321, Spu: 0.0000, FD: 0.0652, Var: 0.0000, CStr: 0.333, Ctx: 2, Train: 99.92%, Valid: 97.05%, Test In: 97.16% Test OOD1: 87.43% 
Epoch: 279, Loss: 0.1734, Cls: 0.0688, Ind: 0.0002, Med: 0.0345, Spu: 0.0000, FD: 0.0698, Var: 0.0000, CStr: 0.333, Ctx: 2, Train: 99.87%, Valid: 96.90%, Test In: 96.91% Test OOD1: 90.61% 
Epoch: 280, Loss: 0.1640, Cls: 0.0650, Ind: 0.0003, Med: 0.0325, Spu: 0.0000, FD: 0.0662, Var: 0.0000, CStr: 0.333, Ctx: 2, Train: 99.92%, Valid: 97.22%, Test In: 97.19% Test OOD1: 88.53% 
Epoch: 281, Loss: 0.1685, Cls: 0.0670, Ind: 0.0002, Med: 0.0337, Spu: 0.0000, FD: 0.0676, Var: 0.0000, CStr: 0.333, Ctx: 2, Train: 99.94%, Valid: 97.31%, Test In: 97.25% Test OOD1: 88.41% 
Epoch: 282, Loss: 0.1592, Cls: 0.0633, Ind: 0.0002, Med: 0.0318, Spu: 0.0000, FD: 0.0638, Var: 0.0000, CStr: 0.333, Ctx: 2, Train: 99.91%, Valid: 97.13%, Test In: 97.11% Test OOD1: 90.63% 
Epoch: 283, Loss: 0.1629, Cls: 0.0645, Ind: 0.0002, Med: 0.0322, Spu: 0.0000, FD: 0.0660, Var: 0.0000, CStr: 0.333, Ctx: 2, Train: 99.92%, Valid: 97.19%, Test In: 97.16% Test OOD1: 90.07% 
Epoch: 284, Loss: 0.1627, Cls: 0.0645, Ind: 0.0002, Med: 0.0323, Spu: 0.0000, FD: 0.0657, Var: 0.0000, CStr: 0.333, Ctx: 2, Train: 99.95%, Valid: 97.32%, Test In: 97.28% Test OOD1: 88.60% 
Epoch: 285, Loss: 0.1593, Cls: 0.0632, Ind: 0.0002, Med: 0.0317, Spu: 0.0000, FD: 0.0642, Var: 0.0000, CStr: 0.333, Ctx: 2, Train: 99.91%, Valid: 97.18%, Test In: 97.10% Test OOD1: 90.99% 
Epoch: 286, Loss: 0.1614, Cls: 0.0641, Ind: 0.0002, Med: 0.0321, Spu: 0.0000, FD: 0.0650, Var: 0.0000, CStr: 0.333, Ctx: 2, Train: 99.93%, Valid: 97.25%, Test In: 97.13% Test OOD1: 90.06% 
Epoch: 287, Loss: 0.1592, Cls: 0.0632, Ind: 0.0002, Med: 0.0317, Spu: 0.0000, FD: 0.0640, Var: 0.0000, CStr: 0.333, Ctx: 2, Train: 99.94%, Valid: 97.33%, Test In: 97.25% Test OOD1: 88.95% 
Epoch: 288, Loss: 0.1545, Cls: 0.0612, Ind: 0.0003, Med: 0.0306, Spu: 0.0000, FD: 0.0625, Var: 0.0000, CStr: 0.333, Ctx: 2, Train: 99.94%, Valid: 97.23%, Test In: 97.07% Test OOD1: 89.90% 
Epoch: 289, Loss: 0.1504, Cls: 0.0597, Ind: 0.0002, Med: 0.0299, Spu: 0.0000, FD: 0.0605, Var: 0.0000, CStr: 0.333, Ctx: 2, Train: 99.92%, Valid: 97.23%, Test In: 97.07% Test OOD1: 90.44% 
Epoch: 290, Loss: 0.1528, Cls: 0.0605, Ind: 0.0002, Med: 0.0303, Spu: 0.0000, FD: 0.0618, Var: 0.0000, CStr: 0.333, Ctx: 2, Train: 99.96%, Valid: 97.29%, Test In: 97.21% Test OOD1: 88.34% 
Epoch: 291, Loss: 0.1636, Cls: 0.0648, Ind: 0.0002, Med: 0.0323, Spu: 0.0000, FD: 0.0664, Var: 0.0000, CStr: 0.333, Ctx: 2, Train: 99.92%, Valid: 97.23%, Test In: 97.08% Test OOD1: 90.63% 
Epoch: 292, Loss: 0.1594, Cls: 0.0632, Ind: 0.0002, Med: 0.0316, Spu: 0.0000, FD: 0.0644, Var: 0.0000, CStr: 0.333, Ctx: 2, Train: 99.94%, Valid: 97.31%, Test In: 97.23% Test OOD1: 90.06% 
Epoch: 293, Loss: 0.1548, Cls: 0.0615, Ind: 0.0002, Med: 0.0309, Spu: 0.0000, FD: 0.0622, Var: 0.0000, CStr: 0.333, Ctx: 2, Train: 99.95%, Valid: 97.34%, Test In: 97.30% Test OOD1: 87.99% 
Epoch: 294, Loss: 0.1647, Cls: 0.0653, Ind: 0.0002, Med: 0.0326, Spu: 0.0000, FD: 0.0665, Var: 0.0000, CStr: 0.333, Ctx: 2, Train: 99.90%, Valid: 97.10%, Test In: 97.07% Test OOD1: 90.45% 
Epoch: 295, Loss: 0.1557, Cls: 0.0618, Ind: 0.0002, Med: 0.0310, Spu: 0.0000, FD: 0.0626, Var: 0.0000, CStr: 0.333, Ctx: 2, Train: 99.93%, Valid: 97.20%, Test In: 97.25% Test OOD1: 88.84% 
Epoch: 296, Loss: 0.1496, Cls: 0.0592, Ind: 0.0002, Med: 0.0296, Spu: 0.0000, FD: 0.0606, Var: 0.0000, CStr: 0.333, Ctx: 2, Train: 99.95%, Valid: 97.30%, Test In: 97.24% Test OOD1: 87.20% 
Epoch: 297, Loss: 0.1557, Cls: 0.0618, Ind: 0.0002, Med: 0.0310, Spu: 0.0000, FD: 0.0627, Var: 0.0000, CStr: 0.333, Ctx: 2, Train: 99.90%, Valid: 97.11%, Test In: 97.08% Test OOD1: 89.88% 
Epoch: 298, Loss: 0.1667, Cls: 0.0661, Ind: 0.0002, Med: 0.0330, Spu: 0.0000, FD: 0.0673, Var: 0.0000, CStr: 0.333, Ctx: 2, Train: 99.91%, Valid: 97.27%, Test In: 97.25% Test OOD1: 88.43% 
Epoch: 299, Loss: 0.1523, Cls: 0.0604, Ind: 0.0002, Med: 0.0302, Spu: 0.0000, FD: 0.0615, Var: 0.0000, CStr: 0.333, Ctx: 2, Train: 99.95%, Valid: 97.25%, Test In: 97.35% Test OOD1: 87.81% 
Epoch: 300, Loss: 0.1553, Cls: 0.0616, Ind: 0.0002, Med: 0.0308, Spu: 0.0000, FD: 0.0626, Var: 0.0000, CStr: 0.333, Ctx: 2, Train: 99.92%, Valid: 97.17%, Test In: 97.06% Test OOD1: 90.57% 
Epoch: 301, Loss: 0.1605, Cls: 0.0635, Ind: 0.0002, Med: 0.0317, Spu: 0.0000, FD: 0.0651, Var: 0.0000, CStr: 0.333, Ctx: 2, Train: 99.91%, Valid: 97.21%, Test In: 97.25% Test OOD1: 89.44% 
Epoch: 302, Loss: 0.1561, Cls: 0.0621, Ind: 0.0002, Med: 0.0312, Spu: 0.0000, FD: 0.0626, Var: 0.0000, CStr: 0.333, Ctx: 2, Train: 99.95%, Valid: 97.42%, Test In: 97.39% Test OOD1: 89.00% 
Epoch: 303, Loss: 0.1494, Cls: 0.0593, Ind: 0.0002, Med: 0.0297, Spu: 0.0000, FD: 0.0602, Var: 0.0000, CStr: 0.333, Ctx: 2, Train: 99.94%, Valid: 97.40%, Test In: 97.23% Test OOD1: 90.10% 
Epoch: 304, Loss: 0.1597, Cls: 0.0632, Ind: 0.0002, Med: 0.0315, Spu: 0.0000, FD: 0.0648, Var: 0.0000, CStr: 0.333, Ctx: 2, Train: 99.91%, Valid: 97.19%, Test In: 97.23% Test OOD1: 89.82% 
Epoch: 305, Loss: 0.1552, Cls: 0.0617, Ind: 0.0002, Med: 0.0309, Spu: 0.0000, FD: 0.0623, Var: 0.0000, CStr: 0.333, Ctx: 2, Train: 99.94%, Valid: 97.32%, Test In: 97.34% Test OOD1: 89.29% 
Epoch: 306, Loss: 0.1585, Cls: 0.0630, Ind: 0.0002, Med: 0.0316, Spu: 0.0000, FD: 0.0636, Var: 0.0000, CStr: 0.333, Ctx: 2, Train: 99.93%, Valid: 97.21%, Test In: 97.19% Test OOD1: 90.02% 
Epoch: 307, Loss: 0.1539, Cls: 0.0611, Ind: 0.0002, Med: 0.0307, Spu: 0.0000, FD: 0.0619, Var: 0.0000, CStr: 0.334, Ctx: 2, Train: 99.93%, Valid: 97.25%, Test In: 97.24% Test OOD1: 87.94% 
Epoch: 308, Loss: 0.1537, Cls: 0.0611, Ind: 0.0002, Med: 0.0306, Spu: 0.0000, FD: 0.0618, Var: 0.0000, CStr: 0.334, Ctx: 2, Train: 99.94%, Valid: 97.34%, Test In: 97.27% Test OOD1: 88.56% 
Epoch: 309, Loss: 0.1476, Cls: 0.0585, Ind: 0.0002, Med: 0.0293, Spu: 0.0000, FD: 0.0596, Var: 0.0000, CStr: 0.334, Ctx: 2, Train: 99.95%, Valid: 97.33%, Test In: 97.25% Test OOD1: 89.45% 
Epoch: 310, Loss: 0.1537, Cls: 0.0610, Ind: 0.0002, Med: 0.0306, Spu: 0.0000, FD: 0.0619, Var: 0.0000, CStr: 0.334, Ctx: 2, Train: 99.95%, Valid: 97.30%, Test In: 97.32% Test OOD1: 88.28% 
Epoch: 311, Loss: 0.1511, Cls: 0.0599, Ind: 0.0002, Med: 0.0300, Spu: 0.0000, FD: 0.0609, Var: 0.0000, CStr: 0.334, Ctx: 2, Train: 99.95%, Valid: 97.34%, Test In: 97.37% Test OOD1: 88.62% 
Epoch: 312, Loss: 0.1479, Cls: 0.0586, Ind: 0.0002, Med: 0.0293, Spu: 0.0000, FD: 0.0599, Var: 0.0000, CStr: 0.334, Ctx: 2, Train: 99.95%, Valid: 97.37%, Test In: 97.39% Test OOD1: 89.66% 
Epoch: 313, Loss: 0.1566, Cls: 0.0622, Ind: 0.0002, Med: 0.0312, Spu: 0.0000, FD: 0.0631, Var: 0.0000, CStr: 0.334, Ctx: 2, Train: 99.95%, Valid: 97.39%, Test In: 97.31% Test OOD1: 89.03% 
Epoch: 314, Loss: 0.1485, Cls: 0.0588, Ind: 0.0002, Med: 0.0294, Spu: 0.0000, FD: 0.0601, Var: 0.0000, CStr: 0.334, Ctx: 2, Train: 99.95%, Valid: 97.35%, Test In: 97.23% Test OOD1: 88.86% 
Epoch: 315, Loss: 0.1428, Cls: 0.0567, Ind: 0.0002, Med: 0.0284, Spu: 0.0000, FD: 0.0575, Var: 0.0000, CStr: 0.334, Ctx: 2, Train: 99.96%, Valid: 97.34%, Test In: 97.23% Test OOD1: 90.74% 
Epoch: 316, Loss: 0.1512, Cls: 0.0600, Ind: 0.0002, Med: 0.0300, Spu: 0.0000, FD: 0.0609, Var: 0.0000, CStr: 0.335, Ctx: 2, Train: 99.96%, Valid: 97.32%, Test In: 97.30% Test OOD1: 90.19% 
Epoch: 317, Loss: 0.1479, Cls: 0.0588, Ind: 0.0002, Med: 0.0295, Spu: 0.0000, FD: 0.0595, Var: 0.0000, CStr: 0.335, Ctx: 2, Train: 99.97%, Valid: 97.44%, Test In: 97.34% Test OOD1: 88.84% 
Epoch: 318, Loss: 0.1503, Cls: 0.0597, Ind: 0.0002, Med: 0.0299, Spu: 0.0000, FD: 0.0605, Var: 0.0000, CStr: 0.335, Ctx: 2, Train: 99.96%, Valid: 97.32%, Test In: 97.25% Test OOD1: 90.51% 
Epoch: 319, Loss: 0.1465, Cls: 0.0582, Ind: 0.0002, Med: 0.0291, Spu: 0.0000, FD: 0.0590, Var: 0.0000, CStr: 0.335, Ctx: 2, Train: 99.94%, Valid: 97.37%, Test In: 97.34% Test OOD1: 88.83% 
Epoch: 320, Loss: 0.1414, Cls: 0.0561, Ind: 0.0002, Med: 0.0281, Spu: 0.0000, FD: 0.0569, Var: 0.0000, CStr: 0.335, Ctx: 2, Train: 99.94%, Valid: 97.32%, Test In: 97.32% Test OOD1: 89.30% 
Epoch: 321, Loss: 0.1457, Cls: 0.0579, Ind: 0.0002, Med: 0.0290, Spu: 0.0000, FD: 0.0586, Var: 0.0000, CStr: 0.335, Ctx: 2, Train: 99.93%, Valid: 97.31%, Test In: 97.29% Test OOD1: 89.85% 
Epoch: 322, Loss: 0.1417, Cls: 0.0563, Ind: 0.0002, Med: 0.0282, Spu: 0.0000, FD: 0.0571, Var: 0.0000, CStr: 0.335, Ctx: 2, Train: 99.95%, Valid: 97.39%, Test In: 97.36% Test OOD1: 88.70% 
Epoch: 323, Loss: 0.1549, Cls: 0.0616, Ind: 0.0002, Med: 0.0309, Spu: 0.0000, FD: 0.0622, Var: 0.0000, CStr: 0.335, Ctx: 2, Train: 99.92%, Valid: 97.21%, Test In: 97.20% Test OOD1: 90.19% 
Epoch: 324, Loss: 0.1453, Cls: 0.0577, Ind: 0.0002, Med: 0.0289, Spu: 0.0000, FD: 0.0585, Var: 0.0000, CStr: 0.335, Ctx: 2, Train: 99.97%, Valid: 97.36%, Test In: 97.42% Test OOD1: 89.47% 
Epoch: 325, Loss: 0.1399, Cls: 0.0554, Ind: 0.0002, Med: 0.0277, Spu: 0.0000, FD: 0.0565, Var: 0.0000, CStr: 0.336, Ctx: 2, Train: 99.97%, Valid: 97.48%, Test In: 97.46% Test OOD1: 89.21% 
Epoch: 326, Loss: 0.1475, Cls: 0.0586, Ind: 0.0002, Med: 0.0294, Spu: 0.0000, FD: 0.0594, Var: 0.0000, CStr: 0.336, Ctx: 2, Train: 99.95%, Valid: 97.35%, Test In: 97.27% Test OOD1: 90.89% 
Epoch: 327, Loss: 0.1452, Cls: 0.0577, Ind: 0.0002, Med: 0.0289, Spu: 0.0000, FD: 0.0584, Var: 0.0000, CStr: 0.336, Ctx: 2, Train: 99.95%, Valid: 97.32%, Test In: 97.32% Test OOD1: 90.21% 
Epoch: 328, Loss: 0.1452, Cls: 0.0575, Ind: 0.0002, Med: 0.0287, Spu: 0.0000, FD: 0.0587, Var: 0.0000, CStr: 0.336, Ctx: 2, Train: 99.96%, Valid: 97.41%, Test In: 97.48% Test OOD1: 89.83% 
Epoch: 329, Loss: 0.1432, Cls: 0.0568, Ind: 0.0002, Med: 0.0285, Spu: 0.0000, FD: 0.0577, Var: 0.0000, CStr: 0.336, Ctx: 2, Train: 99.92%, Valid: 97.23%, Test In: 97.23% Test OOD1: 91.59% 
Epoch: 330, Loss: 0.1530, Cls: 0.0607, Ind: 0.0002, Med: 0.0303, Spu: 0.0000, FD: 0.0618, Var: 0.0000, CStr: 0.336, Ctx: 2, Train: 99.90%, Valid: 97.23%, Test In: 97.19% Test OOD1: 89.86% 
Epoch: 331, Loss: 0.1545, Cls: 0.0613, Ind: 0.0002, Med: 0.0306, Spu: 0.0000, FD: 0.0623, Var: 0.0000, CStr: 0.336, Ctx: 2, Train: 99.96%, Valid: 97.47%, Test In: 97.43% Test OOD1: 90.21% 
Epoch: 332, Loss: 0.1421, Cls: 0.0564, Ind: 0.0002, Med: 0.0282, Spu: 0.0000, FD: 0.0573, Var: 0.0000, CStr: 0.336, Ctx: 2, Train: 99.95%, Valid: 97.36%, Test In: 97.34% Test OOD1: 90.98% 
Epoch: 333, Loss: 0.1572, Cls: 0.0625, Ind: 0.0002, Med: 0.0313, Spu: 0.0000, FD: 0.0631, Var: 0.0000, CStr: 0.336, Ctx: 2, Train: 99.93%, Valid: 97.34%, Test In: 97.19% Test OOD1: 88.87% 
Epoch: 334, Loss: 0.1579, Cls: 0.0627, Ind: 0.0002, Med: 0.0314, Spu: 0.0000, FD: 0.0636, Var: 0.0000, CStr: 0.336, Ctx: 2, Train: 99.95%, Valid: 97.40%, Test In: 97.30% Test OOD1: 89.90% 
Epoch: 335, Loss: 0.1470, Cls: 0.0585, Ind: 0.0002, Med: 0.0293, Spu: 0.0000, FD: 0.0590, Var: 0.0000, CStr: 0.337, Ctx: 2, Train: 99.94%, Valid: 97.27%, Test In: 97.17% Test OOD1: 91.08% 
Epoch: 336, Loss: 0.1557, Cls: 0.0619, Ind: 0.0002, Med: 0.0310, Spu: 0.0000, FD: 0.0626, Var: 0.0000, CStr: 0.337, Ctx: 2, Train: 99.97%, Valid: 97.44%, Test In: 97.40% Test OOD1: 89.75% 
Epoch: 337, Loss: 0.1447, Cls: 0.0575, Ind: 0.0002, Med: 0.0288, Spu: 0.0000, FD: 0.0582, Var: 0.0000, CStr: 0.337, Ctx: 2, Train: 99.94%, Valid: 97.16%, Test In: 97.26% Test OOD1: 90.06% 
Epoch: 338, Loss: 0.1506, Cls: 0.0599, Ind: 0.0002, Med: 0.0300, Spu: 0.0000, FD: 0.0605, Var: 0.0000, CStr: 0.337, Ctx: 2, Train: 99.97%, Valid: 97.39%, Test In: 97.40% Test OOD1: 91.13% 
Epoch: 339, Loss: 0.1373, Cls: 0.0544, Ind: 0.0002, Med: 0.0272, Spu: 0.0000, FD: 0.0554, Var: 0.0000, CStr: 0.337, Ctx: 2, Train: 99.96%, Valid: 97.48%, Test In: 97.46% Test OOD1: 89.51% 
Epoch: 340, Loss: 0.1480, Cls: 0.0588, Ind: 0.0002, Med: 0.0294, Spu: 0.0000, FD: 0.0596, Var: 0.0000, CStr: 0.337, Ctx: 2, Train: 99.93%, Valid: 97.36%, Test In: 97.34% Test OOD1: 88.99% 
Epoch: 341, Loss: 0.1478, Cls: 0.0588, Ind: 0.0002, Med: 0.0295, Spu: 0.0000, FD: 0.0594, Var: 0.0000, CStr: 0.337, Ctx: 2, Train: 99.91%, Valid: 97.25%, Test In: 97.33% Test OOD1: 90.07% 
Epoch: 342, Loss: 0.1415, Cls: 0.0562, Ind: 0.0002, Med: 0.0281, Spu: 0.0000, FD: 0.0570, Var: 0.0000, CStr: 0.338, Ctx: 2, Train: 99.97%, Valid: 97.47%, Test In: 97.53% Test OOD1: 90.04% 
Epoch: 343, Loss: 0.1490, Cls: 0.0590, Ind: 0.0002, Med: 0.0294, Spu: 0.0000, FD: 0.0603, Var: 0.0000, CStr: 0.338, Ctx: 2, Train: 99.96%, Valid: 97.52%, Test In: 97.47% Test OOD1: 89.59% 
Epoch: 344, Loss: 0.1400, Cls: 0.0556, Ind: 0.0002, Med: 0.0279, Spu: 0.0000, FD: 0.0562, Var: 0.0000, CStr: 0.338, Ctx: 2, Train: 99.95%, Valid: 97.30%, Test In: 97.28% Test OOD1: 90.55% 
Epoch: 345, Loss: 0.1456, Cls: 0.0577, Ind: 0.0002, Med: 0.0288, Spu: 0.0000, FD: 0.0588, Var: 0.0000, CStr: 0.338, Ctx: 2, Train: 99.95%, Valid: 97.34%, Test In: 97.31% Test OOD1: 91.25% 
Epoch: 346, Loss: 0.1323, Cls: 0.0525, Ind: 0.0002, Med: 0.0263, Spu: 0.0000, FD: 0.0534, Var: 0.0000, CStr: 0.339, Ctx: 2, Train: 99.94%, Valid: 97.40%, Test In: 97.36% Test OOD1: 90.62% 
Epoch: 347, Loss: 0.1295, Cls: 0.0513, Ind: 0.0002, Med: 0.0256, Spu: 0.0000, FD: 0.0524, Var: 0.0000, CStr: 0.339, Ctx: 2, Train: 99.96%, Valid: 97.37%, Test In: 97.42% Test OOD1: 90.38% 
Epoch: 348, Loss: 0.1393, Cls: 0.0552, Ind: 0.0002, Med: 0.0276, Spu: 0.0000, FD: 0.0563, Var: 0.0000, CStr: 0.339, Ctx: 2, Train: 99.94%, Valid: 97.25%, Test In: 97.26% Test OOD1: 91.43% 
Epoch: 349, Loss: 0.1393, Cls: 0.0552, Ind: 0.0002, Med: 0.0276, Spu: 0.0000, FD: 0.0563, Var: 0.0000, CStr: 0.339, Ctx: 2, Train: 99.96%, Valid: 97.37%, Test In: 97.44% Test OOD1: 89.87% 
Epoch: 350, Loss: 0.1304, Cls: 0.0517, Ind: 0.0002, Med: 0.0259, Spu: 0.0000, FD: 0.0526, Var: 0.0000, CStr: 0.339, Ctx: 2, Train: 99.95%, Valid: 97.36%, Test In: 97.44% Test OOD1: 90.41% 
Epoch: 351, Loss: 0.1388, Cls: 0.0551, Ind: 0.0002, Med: 0.0276, Spu: 0.0000, FD: 0.0559, Var: 0.0000, CStr: 0.340, Ctx: 2, Train: 99.96%, Valid: 97.38%, Test In: 97.36% Test OOD1: 90.33% 
Epoch: 352, Loss: 0.1397, Cls: 0.0555, Ind: 0.0002, Med: 0.0278, Spu: 0.0000, FD: 0.0562, Var: 0.0000, CStr: 0.340, Ctx: 2, Train: 99.96%, Valid: 97.52%, Test In: 97.38% Test OOD1: 89.89% 
Epoch: 353, Loss: 0.1365, Cls: 0.0542, Ind: 0.0002, Med: 0.0272, Spu: 0.0000, FD: 0.0549, Var: 0.0000, CStr: 0.340, Ctx: 2, Train: 99.97%, Valid: 97.55%, Test In: 97.50% Test OOD1: 89.21% 
Epoch: 354, Loss: 0.1481, Cls: 0.0587, Ind: 0.0002, Med: 0.0293, Spu: 0.0000, FD: 0.0599, Var: 0.0000, CStr: 0.340, Ctx: 2, Train: 99.96%, Valid: 97.46%, Test In: 97.38% Test OOD1: 90.14% 
Epoch: 355, Loss: 0.1348, Cls: 0.0536, Ind: 0.0002, Med: 0.0269, Spu: 0.0000, FD: 0.0541, Var: 0.0000, CStr: 0.340, Ctx: 2, Train: 99.94%, Valid: 97.47%, Test In: 97.34% Test OOD1: 88.66% 
Epoch: 356, Loss: 0.1377, Cls: 0.0546, Ind: 0.0002, Med: 0.0273, Spu: 0.0000, FD: 0.0556, Var: 0.0000, CStr: 0.340, Ctx: 2, Train: 99.96%, Valid: 97.44%, Test In: 97.40% Test OOD1: 89.60% 
Epoch: 357, Loss: 0.1341, Cls: 0.0533, Ind: 0.0002, Med: 0.0267, Spu: 0.0000, FD: 0.0539, Var: 0.0000, CStr: 0.340, Ctx: 2, Train: 99.98%, Valid: 97.48%, Test In: 97.49% Test OOD1: 89.61% 
Epoch: 358, Loss: 0.1402, Cls: 0.0557, Ind: 0.0002, Med: 0.0279, Spu: 0.0000, FD: 0.0565, Var: 0.0000, CStr: 0.341, Ctx: 2, Train: 99.97%, Valid: 97.52%, Test In: 97.47% Test OOD1: 88.97% 
Epoch: 359, Loss: 0.1348, Cls: 0.0535, Ind: 0.0002, Med: 0.0267, Spu: 0.0000, FD: 0.0544, Var: 0.0000, CStr: 0.341, Ctx: 2, Train: 99.97%, Valid: 97.57%, Test In: 97.50% Test OOD1: 89.53% 
Epoch: 360, Loss: 0.1325, Cls: 0.0525, Ind: 0.0002, Med: 0.0262, Spu: 0.0000, FD: 0.0537, Var: 0.0000, CStr: 0.341, Ctx: 2, Train: 99.97%, Valid: 97.51%, Test In: 97.50% Test OOD1: 89.94% 
Epoch: 361, Loss: 0.1367, Cls: 0.0542, Ind: 0.0002, Med: 0.0271, Spu: 0.0000, FD: 0.0552, Var: 0.0000, CStr: 0.341, Ctx: 2, Train: 99.97%, Valid: 97.63%, Test In: 97.46% Test OOD1: 89.76% 
Epoch: 362, Loss: 0.1329, Cls: 0.0527, Ind: 0.0002, Med: 0.0264, Spu: 0.0000, FD: 0.0536, Var: 0.0000, CStr: 0.341, Ctx: 2, Train: 99.95%, Valid: 97.46%, Test In: 97.36% Test OOD1: 90.33% 
Epoch: 363, Loss: 0.1391, Cls: 0.0553, Ind: 0.0002, Med: 0.0277, Spu: 0.0000, FD: 0.0559, Var: 0.0000, CStr: 0.341, Ctx: 2, Train: 99.95%, Valid: 97.46%, Test In: 97.30% Test OOD1: 90.54% 
Epoch: 364, Loss: 0.1333, Cls: 0.0529, Ind: 0.0002, Med: 0.0265, Spu: 0.0000, FD: 0.0538, Var: 0.0000, CStr: 0.342, Ctx: 2, Train: 99.98%, Valid: 97.55%, Test In: 97.51% Test OOD1: 89.92% 
Epoch: 365, Loss: 0.1348, Cls: 0.0535, Ind: 0.0002, Med: 0.0267, Spu: 0.0000, FD: 0.0544, Var: 0.0000, CStr: 0.342, Ctx: 2, Train: 99.98%, Valid: 97.51%, Test In: 97.53% Test OOD1: 90.20% 
Epoch: 366, Loss: 0.1250, Cls: 0.0496, Ind: 0.0002, Med: 0.0249, Spu: 0.0000, FD: 0.0503, Var: 0.0000, CStr: 0.342, Ctx: 2, Train: 99.96%, Valid: 97.36%, Test In: 97.29% Test OOD1: 90.10% 
Epoch: 367, Loss: 0.1397, Cls: 0.0555, Ind: 0.0002, Med: 0.0278, Spu: 0.0000, FD: 0.0563, Var: 0.0000, CStr: 0.342, Ctx: 2, Train: 99.97%, Valid: 97.43%, Test In: 97.42% Test OOD1: 89.41% 
Epoch: 368, Loss: 0.1358, Cls: 0.0541, Ind: 0.0002, Med: 0.0272, Spu: 0.0000, FD: 0.0544, Var: 0.0000, CStr: 0.342, Ctx: 2, Train: 99.97%, Valid: 97.51%, Test In: 97.42% Test OOD1: 90.10% 
Epoch: 369, Loss: 0.1342, Cls: 0.0533, Ind: 0.0002, Med: 0.0267, Spu: 0.0000, FD: 0.0541, Var: 0.0000, CStr: 0.343, Ctx: 2, Train: 99.96%, Valid: 97.44%, Test In: 97.44% Test OOD1: 89.98% 
Epoch: 370, Loss: 0.1337, Cls: 0.0529, Ind: 0.0002, Med: 0.0264, Spu: 0.0000, FD: 0.0541, Var: 0.0000, CStr: 0.343, Ctx: 2, Train: 99.92%, Valid: 97.23%, Test In: 97.22% Test OOD1: 90.27% 
Epoch: 371, Loss: 0.1493, Cls: 0.0594, Ind: 0.0002, Med: 0.0297, Spu: 0.0000, FD: 0.0600, Var: 0.0000, CStr: 0.343, Ctx: 2, Train: 99.97%, Valid: 97.43%, Test In: 97.44% Test OOD1: 90.20% 
Epoch: 372, Loss: 0.1351, Cls: 0.0537, Ind: 0.0002, Med: 0.0269, Spu: 0.0000, FD: 0.0543, Var: 0.0000, CStr: 0.343, Ctx: 2, Train: 99.97%, Valid: 97.42%, Test In: 97.49% Test OOD1: 90.16% 
Epoch: 373, Loss: 0.1397, Cls: 0.0555, Ind: 0.0002, Med: 0.0278, Spu: 0.0000, FD: 0.0562, Var: 0.0000, CStr: 0.343, Ctx: 2, Train: 99.91%, Valid: 97.29%, Test In: 97.30% Test OOD1: 91.02% 
Epoch: 374, Loss: 0.1427, Cls: 0.0565, Ind: 0.0002, Med: 0.0282, Spu: 0.0000, FD: 0.0577, Var: 0.0000, CStr: 0.344, Ctx: 2, Train: 99.97%, Valid: 97.51%, Test In: 97.46% Test OOD1: 89.41% 
Epoch: 375, Loss: 0.1415, Cls: 0.0562, Ind: 0.0002, Med: 0.0281, Spu: 0.0000, FD: 0.0570, Var: 0.0000, CStr: 0.344, Ctx: 2, Train: 99.94%, Valid: 97.44%, Test In: 97.47% Test OOD1: 90.70% 
Epoch: 376, Loss: 0.1454, Cls: 0.0578, Ind: 0.0002, Med: 0.0290, Spu: 0.0000, FD: 0.0584, Var: 0.0000, CStr: 0.344, Ctx: 2, Train: 99.97%, Valid: 97.61%, Test In: 97.52% Test OOD1: 90.51% 
Epoch: 377, Loss: 0.1337, Cls: 0.0531, Ind: 0.0002, Med: 0.0265, Spu: 0.0000, FD: 0.0539, Var: 0.0000, CStr: 0.344, Ctx: 2, Train: 99.93%, Valid: 97.43%, Test In: 97.30% Test OOD1: 89.39% 
Epoch: 378, Loss: 0.1411, Cls: 0.0560, Ind: 0.0002, Med: 0.0280, Spu: 0.0000, FD: 0.0568, Var: 0.0000, CStr: 0.344, Ctx: 2, Train: 99.97%, Valid: 97.55%, Test In: 97.44% Test OOD1: 90.90% 
Epoch: 379, Loss: 0.1288, Cls: 0.0511, Ind: 0.0002, Med: 0.0256, Spu: 0.0000, FD: 0.0520, Var: 0.0000, CStr: 0.345, Ctx: 2, Train: 99.97%, Valid: 97.55%, Test In: 97.51% Test OOD1: 89.44% 
Epoch: 380, Loss: 0.1404, Cls: 0.0558, Ind: 0.0002, Med: 0.0280, Spu: 0.0000, FD: 0.0564, Var: 0.0000, CStr: 0.345, Ctx: 2, Train: 99.95%, Valid: 97.55%, Test In: 97.35% Test OOD1: 89.88% 
Epoch: 381, Loss: 0.1376, Cls: 0.0545, Ind: 0.0002, Med: 0.0272, Spu: 0.0000, FD: 0.0556, Var: 0.0000, CStr: 0.345, Ctx: 2, Train: 99.94%, Valid: 97.41%, Test In: 97.34% Test OOD1: 90.43% 
Epoch: 382, Loss: 0.1335, Cls: 0.0531, Ind: 0.0002, Med: 0.0267, Spu: 0.0000, FD: 0.0535, Var: 0.0000, CStr: 0.345, Ctx: 2, Train: 99.98%, Valid: 97.59%, Test In: 97.49% Test OOD1: 90.57% 
Epoch: 383, Loss: 0.1305, Cls: 0.0518, Ind: 0.0002, Med: 0.0260, Spu: 0.0000, FD: 0.0525, Var: 0.0000, CStr: 0.346, Ctx: 2, Train: 99.98%, Valid: 97.59%, Test In: 97.48% Test OOD1: 89.70% 
Epoch: 384, Loss: 0.1360, Cls: 0.0539, Ind: 0.0002, Med: 0.0269, Spu: 0.0000, FD: 0.0549, Var: 0.0000, CStr: 0.346, Ctx: 2, Train: 99.97%, Valid: 97.52%, Test In: 97.40% Test OOD1: 90.53% 
Epoch: 385, Loss: 0.1287, Cls: 0.0511, Ind: 0.0002, Med: 0.0255, Spu: 0.0000, FD: 0.0519, Var: 0.0000, CStr: 0.346, Ctx: 2, Train: 99.95%, Valid: 97.41%, Test In: 97.34% Test OOD1: 90.96% 
Epoch: 386, Loss: 0.1418, Cls: 0.0563, Ind: 0.0002, Med: 0.0282, Spu: 0.0000, FD: 0.0571, Var: 0.0000, CStr: 0.346, Ctx: 2, Train: 99.97%, Valid: 97.50%, Test In: 97.44% Test OOD1: 89.65% 
Epoch: 387, Loss: 0.1463, Cls: 0.0580, Ind: 0.0002, Med: 0.0290, Spu: 0.0000, FD: 0.0591, Var: 0.0000, CStr: 0.347, Ctx: 2, Train: 99.96%, Valid: 97.55%, Test In: 97.47% Test OOD1: 91.52% 
Epoch: 388, Loss: 0.1354, Cls: 0.0539, Ind: 0.0002, Med: 0.0270, Spu: 0.0000, FD: 0.0543, Var: 0.0000, CStr: 0.347, Ctx: 2, Train: 99.97%, Valid: 97.52%, Test In: 97.45% Test OOD1: 90.70% 
Epoch: 389, Loss: 0.1369, Cls: 0.0544, Ind: 0.0002, Med: 0.0273, Spu: 0.0000, FD: 0.0550, Var: 0.0000, CStr: 0.347, Ctx: 2, Train: 99.97%, Valid: 97.54%, Test In: 97.50% Test OOD1: 90.29% 
Epoch: 390, Loss: 0.1337, Cls: 0.0531, Ind: 0.0002, Med: 0.0265, Spu: 0.0000, FD: 0.0539, Var: 0.0000, CStr: 0.347, Ctx: 2, Train: 99.98%, Valid: 97.67%, Test In: 97.42% Test OOD1: 90.43% 
Epoch: 391, Loss: 0.1304, Cls: 0.0519, Ind: 0.0002, Med: 0.0260, Spu: 0.0000, FD: 0.0523, Var: 0.0000, CStr: 0.348, Ctx: 2, Train: 99.98%, Valid: 97.65%, Test In: 97.43% Test OOD1: 89.51% 
Epoch: 392, Loss: 0.1326, Cls: 0.0525, Ind: 0.0002, Med: 0.0262, Spu: 0.0000, FD: 0.0536, Var: 0.0000, CStr: 0.348, Ctx: 2, Train: 99.97%, Valid: 97.59%, Test In: 97.36% Test OOD1: 90.20% 
Epoch: 393, Loss: 0.1323, Cls: 0.0525, Ind: 0.0002, Med: 0.0262, Spu: 0.0000, FD: 0.0534, Var: 0.0000, CStr: 0.348, Ctx: 2, Train: 99.98%, Valid: 97.53%, Test In: 97.37% Test OOD1: 89.56% 
Epoch: 394, Loss: 0.1230, Cls: 0.0487, Ind: 0.0002, Med: 0.0243, Spu: 0.0000, FD: 0.0498, Var: 0.0000, CStr: 0.349, Ctx: 2, Train: 99.98%, Valid: 97.57%, Test In: 97.40% Test OOD1: 90.62% 
Epoch: 395, Loss: 0.1450, Cls: 0.0577, Ind: 0.0002, Med: 0.0289, Spu: 0.0000, FD: 0.0582, Var: 0.0000, CStr: 0.349, Ctx: 2, Train: 99.98%, Valid: 97.61%, Test In: 97.45% Test OOD1: 90.72% 
Epoch: 396, Loss: 0.1281, Cls: 0.0509, Ind: 0.0002, Med: 0.0255, Spu: 0.0000, FD: 0.0516, Var: 0.0000, CStr: 0.349, Ctx: 2, Train: 99.98%, Valid: 97.56%, Test In: 97.36% Test OOD1: 90.55% 
Epoch: 397, Loss: 0.1317, Cls: 0.0523, Ind: 0.0002, Med: 0.0262, Spu: 0.0000, FD: 0.0530, Var: 0.0000, CStr: 0.349, Ctx: 2, Train: 99.97%, Valid: 97.57%, Test In: 97.36% Test OOD1: 92.13% 
Epoch: 398, Loss: 0.1372, Cls: 0.0545, Ind: 0.0002, Med: 0.0273, Spu: 0.0000, FD: 0.0552, Var: 0.0000, CStr: 0.350, Ctx: 2, Train: 99.98%, Valid: 97.55%, Test In: 97.37% Test OOD1: 91.42% 
Epoch: 399, Loss: 0.1322, Cls: 0.0525, Ind: 0.0002, Med: 0.0262, Spu: 0.0000, FD: 0.0533, Var: 0.0000, CStr: 0.350, Ctx: 2, Train: 99.98%, Valid: 97.60%, Test In: 97.37% Test OOD1: 90.28% 
Epoch: 400, Loss: 0.1274, Cls: 0.0507, Ind: 0.0002, Med: 0.0255, Spu: 0.0000, FD: 0.0511, Var: 0.0000, CStr: 0.350, Ctx: 2, Train: 99.96%, Valid: 97.48%, Test In: 97.34% Test OOD1: 91.39% 
Epoch: 401, Loss: 0.1335, Cls: 0.0529, Ind: 0.0002, Med: 0.0265, Spu: 0.0000, FD: 0.0539, Var: 0.0000, CStr: 0.350, Ctx: 2, Train: 99.97%, Valid: 97.56%, Test In: 97.37% Test OOD1: 89.44% 
Epoch: 402, Loss: 0.1340, Cls: 0.0532, Ind: 0.0002, Med: 0.0266, Spu: 0.0000, FD: 0.0540, Var: 0.0000, CStr: 0.350, Ctx: 2, Train: 99.96%, Valid: 97.54%, Test In: 97.40% Test OOD1: 89.93% 
Epoch: 403, Loss: 0.1277, Cls: 0.0507, Ind: 0.0002, Med: 0.0254, Spu: 0.0000, FD: 0.0513, Var: 0.0000, CStr: 0.351, Ctx: 2, Train: 99.94%, Valid: 97.53%, Test In: 97.34% Test OOD1: 90.98% 
Epoch: 404, Loss: 0.1311, Cls: 0.0521, Ind: 0.0002, Med: 0.0261, Spu: 0.0000, FD: 0.0528, Var: 0.0000, CStr: 0.351, Ctx: 2, Train: 99.97%, Valid: 97.63%, Test In: 97.50% Test OOD1: 89.81% 
Epoch: 405, Loss: 0.1221, Cls: 0.0485, Ind: 0.0002, Med: 0.0243, Spu: 0.0000, FD: 0.0492, Var: 0.0000, CStr: 0.351, Ctx: 2, Train: 99.99%, Valid: 97.69%, Test In: 97.53% Test OOD1: 89.59% 
Epoch: 406, Loss: 0.1310, Cls: 0.0520, Ind: 0.0002, Med: 0.0260, Spu: 0.0000, FD: 0.0528, Var: 0.0000, CStr: 0.351, Ctx: 2, Train: 99.96%, Valid: 97.44%, Test In: 97.29% Test OOD1: 91.74% 
Epoch: 407, Loss: 0.1266, Cls: 0.0504, Ind: 0.0002, Med: 0.0254, Spu: 0.0000, FD: 0.0506, Var: 0.0000, CStr: 0.351, Ctx: 2, Train: 99.96%, Valid: 97.71%, Test In: 97.50% Test OOD1: 89.59% 
Epoch: 408, Loss: 0.1299, Cls: 0.0516, Ind: 0.0002, Med: 0.0258, Spu: 0.0000, FD: 0.0523, Var: 0.0000, CStr: 0.352, Ctx: 2, Train: 99.97%, Valid: 97.56%, Test In: 97.51% Test OOD1: 90.72% 
Epoch: 409, Loss: 0.1180, Cls: 0.0468, Ind: 0.0002, Med: 0.0234, Spu: 0.0000, FD: 0.0476, Var: 0.0000, CStr: 0.352, Ctx: 2, Train: 99.97%, Valid: 97.49%, Test In: 97.41% Test OOD1: 91.37% 
Epoch: 410, Loss: 0.1264, Cls: 0.0503, Ind: 0.0002, Med: 0.0252, Spu: 0.0000, FD: 0.0507, Var: 0.0000, CStr: 0.352, Ctx: 2, Train: 99.98%, Valid: 97.62%, Test In: 97.48% Test OOD1: 89.50% 
Epoch: 411, Loss: 0.1289, Cls: 0.0511, Ind: 0.0002, Med: 0.0255, Spu: 0.0000, FD: 0.0522, Var: 0.0000, CStr: 0.352, Ctx: 2, Train: 99.97%, Valid: 97.57%, Test In: 97.46% Test OOD1: 90.32% 
Epoch: 412, Loss: 0.1198, Cls: 0.0477, Ind: 0.0002, Med: 0.0239, Spu: 0.0000, FD: 0.0481, Var: 0.0000, CStr: 0.352, Ctx: 2, Train: 99.97%, Valid: 97.65%, Test In: 97.58% Test OOD1: 89.94% 
Epoch: 413, Loss: 0.1246, Cls: 0.0494, Ind: 0.0002, Med: 0.0247, Spu: 0.0000, FD: 0.0503, Var: 0.0000, CStr: 0.352, Ctx: 2, Train: 99.97%, Valid: 97.62%, Test In: 97.56% Test OOD1: 90.16% 
Epoch: 414, Loss: 0.1272, Cls: 0.0505, Ind: 0.0002, Med: 0.0253, Spu: 0.0000, FD: 0.0512, Var: 0.0000, CStr: 0.353, Ctx: 2, Train: 99.96%, Valid: 97.51%, Test In: 97.42% Test OOD1: 91.22% 
Epoch: 415, Loss: 0.1302, Cls: 0.0518, Ind: 0.0002, Med: 0.0260, Spu: 0.0000, FD: 0.0522, Var: 0.0000, CStr: 0.353, Ctx: 2, Train: 99.97%, Valid: 97.67%, Test In: 97.51% Test OOD1: 89.55% 
Epoch: 416, Loss: 0.1292, Cls: 0.0513, Ind: 0.0002, Med: 0.0256, Spu: 0.0000, FD: 0.0521, Var: 0.0000, CStr: 0.353, Ctx: 2, Train: 99.97%, Valid: 97.69%, Test In: 97.53% Test OOD1: 90.41% 
Epoch: 417, Loss: 0.1252, Cls: 0.0497, Ind: 0.0002, Med: 0.0249, Spu: 0.0000, FD: 0.0504, Var: 0.0000, CStr: 0.353, Ctx: 2, Train: 99.97%, Valid: 97.65%, Test In: 97.49% Test OOD1: 90.64% 
Epoch: 418, Loss: 0.1319, Cls: 0.0524, Ind: 0.0002, Med: 0.0262, Spu: 0.0000, FD: 0.0531, Var: 0.0000, CStr: 0.353, Ctx: 2, Train: 99.96%, Valid: 97.69%, Test In: 97.59% Test OOD1: 88.04% 
Epoch: 419, Loss: 0.1406, Cls: 0.0558, Ind: 0.0002, Med: 0.0279, Spu: 0.0000, FD: 0.0567, Var: 0.0000, CStr: 0.353, Ctx: 2, Train: 99.97%, Valid: 97.55%, Test In: 97.50% Test OOD1: 90.19% 
Epoch: 420, Loss: 0.1245, Cls: 0.0494, Ind: 0.0002, Med: 0.0247, Spu: 0.0000, FD: 0.0503, Var: 0.0000, CStr: 0.353, Ctx: 2, Train: 99.98%, Valid: 97.67%, Test In: 97.55% Test OOD1: 89.81% 
Epoch: 421, Loss: 0.1294, Cls: 0.0514, Ind: 0.0002, Med: 0.0257, Spu: 0.0000, FD: 0.0521, Var: 0.0000, CStr: 0.354, Ctx: 2, Train: 99.98%, Valid: 97.69%, Test In: 97.55% Test OOD1: 88.03% 
Epoch: 422, Loss: 0.1379, Cls: 0.0549, Ind: 0.0002, Med: 0.0275, Spu: 0.0000, FD: 0.0554, Var: 0.0000, CStr: 0.354, Ctx: 2, Train: 99.95%, Valid: 97.38%, Test In: 97.27% Test OOD1: 92.32% 
Epoch: 423, Loss: 0.1295, Cls: 0.0513, Ind: 0.0002, Med: 0.0256, Spu: 0.0000, FD: 0.0525, Var: 0.0000, CStr: 0.354, Ctx: 2, Train: 99.97%, Valid: 97.62%, Test In: 97.48% Test OOD1: 89.21% 
Epoch: 424, Loss: 0.1267, Cls: 0.0503, Ind: 0.0001, Med: 0.0251, Spu: 0.0000, FD: 0.0511, Var: 0.0000, CStr: 0.354, Ctx: 2, Train: 99.98%, Valid: 97.63%, Test In: 97.61% Test OOD1: 90.19% 
Epoch: 425, Loss: 0.1258, Cls: 0.0499, Ind: 0.0002, Med: 0.0250, Spu: 0.0000, FD: 0.0507, Var: 0.0000, CStr: 0.354, Ctx: 2, Train: 99.95%, Valid: 97.22%, Test In: 97.13% Test OOD1: 93.12% 
Epoch: 426, Loss: 0.1375, Cls: 0.0545, Ind: 0.0002, Med: 0.0272, Spu: 0.0000, FD: 0.0556, Var: 0.0000, CStr: 0.354, Ctx: 2, Train: 99.97%, Valid: 97.62%, Test In: 97.37% Test OOD1: 88.81% 
Epoch: 427, Loss: 0.1288, Cls: 0.0511, Ind: 0.0002, Med: 0.0256, Spu: 0.0000, FD: 0.0518, Var: 0.0000, CStr: 0.354, Ctx: 2, Train: 99.99%, Valid: 97.69%, Test In: 97.55% Test OOD1: 90.03% 
Epoch: 428, Loss: 0.1197, Cls: 0.0475, Ind: 0.0002, Med: 0.0238, Spu: 0.0000, FD: 0.0481, Var: 0.0000, CStr: 0.354, Ctx: 2, Train: 99.95%, Valid: 97.43%, Test In: 97.31% Test OOD1: 92.53% 
Epoch: 429, Loss: 0.1315, Cls: 0.0521, Ind: 0.0002, Med: 0.0260, Spu: 0.0000, FD: 0.0531, Var: 0.0000, CStr: 0.354, Ctx: 2, Train: 99.96%, Valid: 97.59%, Test In: 97.40% Test OOD1: 89.21% 
Epoch: 430, Loss: 0.1394, Cls: 0.0554, Ind: 0.0002, Med: 0.0277, Spu: 0.0000, FD: 0.0561, Var: 0.0000, CStr: 0.354, Ctx: 2, Train: 99.99%, Valid: 97.63%, Test In: 97.50% Test OOD1: 90.82% 
Epoch: 431, Loss: 0.1257, Cls: 0.0500, Ind: 0.0002, Med: 0.0250, Spu: 0.0000, FD: 0.0505, Var: 0.0000, CStr: 0.355, Ctx: 2, Train: 99.98%, Valid: 97.46%, Test In: 97.42% Test OOD1: 91.66% 
Epoch: 432, Loss: 0.1379, Cls: 0.0547, Ind: 0.0002, Med: 0.0274, Spu: 0.0000, FD: 0.0556, Var: 0.0000, CStr: 0.355, Ctx: 2, Train: 99.98%, Valid: 97.62%, Test In: 97.40% Test OOD1: 89.49% 
Epoch: 433, Loss: 0.1319, Cls: 0.0524, Ind: 0.0002, Med: 0.0262, Spu: 0.0000, FD: 0.0531, Var: 0.0000, CStr: 0.355, Ctx: 2, Train: 99.96%, Valid: 97.50%, Test In: 97.40% Test OOD1: 89.97% 
Epoch: 434, Loss: 0.1240, Cls: 0.0492, Ind: 0.0002, Med: 0.0246, Spu: 0.0000, FD: 0.0500, Var: 0.0000, CStr: 0.355, Ctx: 2, Train: 99.94%, Valid: 97.32%, Test In: 97.24% Test OOD1: 92.23% 
Epoch: 435, Loss: 0.1362, Cls: 0.0541, Ind: 0.0002, Med: 0.0271, Spu: 0.0000, FD: 0.0549, Var: 0.0000, CStr: 0.355, Ctx: 2, Train: 99.98%, Valid: 97.63%, Test In: 97.42% Test OOD1: 89.17% 
Epoch: 436, Loss: 0.1317, Cls: 0.0522, Ind: 0.0002, Med: 0.0261, Spu: 0.0000, FD: 0.0532, Var: 0.0000, CStr: 0.355, Ctx: 2, Train: 99.98%, Valid: 97.63%, Test In: 97.48% Test OOD1: 89.70% 
Epoch: 437, Loss: 0.1324, Cls: 0.0525, Ind: 0.0002, Med: 0.0262, Spu: 0.0000, FD: 0.0535, Var: 0.0000, CStr: 0.355, Ctx: 2, Train: 99.89%, Valid: 97.04%, Test In: 96.92% Test OOD1: 92.99% 
Epoch: 438, Loss: 0.1435, Cls: 0.0569, Ind: 0.0002, Med: 0.0284, Spu: 0.0000, FD: 0.0579, Var: 0.0000, CStr: 0.356, Ctx: 2, Train: 99.99%, Valid: 97.67%, Test In: 97.56% Test OOD1: 88.38% 
Epoch: 439, Loss: 0.1278, Cls: 0.0506, Ind: 0.0002, Med: 0.0252, Spu: 0.0000, FD: 0.0518, Var: 0.0000, CStr: 0.356, Ctx: 2, Train: 99.99%, Valid: 97.65%, Test In: 97.56% Test OOD1: 89.16% 
Epoch: 440, Loss: 0.1291, Cls: 0.0513, Ind: 0.0001, Med: 0.0256, Spu: 0.0000, FD: 0.0521, Var: 0.0000, CStr: 0.356, Ctx: 2, Train: 99.92%, Valid: 97.14%, Test In: 97.13% Test OOD1: 92.58% 
Epoch: 441, Loss: 0.1466, Cls: 0.0582, Ind: 0.0001, Med: 0.0291, Spu: 0.0000, FD: 0.0592, Var: 0.0000, CStr: 0.356, Ctx: 2, Train: 99.98%, Valid: 97.67%, Test In: 97.48% Test OOD1: 87.71% 
Epoch: 442, Loss: 0.1291, Cls: 0.0514, Ind: 0.0002, Med: 0.0258, Spu: 0.0000, FD: 0.0517, Var: 0.0000, CStr: 0.356, Ctx: 2, Train: 99.99%, Valid: 97.66%, Test In: 97.54% Test OOD1: 88.39% 
Epoch: 443, Loss: 0.1297, Cls: 0.0516, Ind: 0.0002, Med: 0.0258, Spu: 0.0000, FD: 0.0521, Var: 0.0000, CStr: 0.356, Ctx: 2, Train: 99.96%, Valid: 97.33%, Test In: 97.33% Test OOD1: 91.91% 
Epoch: 444, Loss: 0.1422, Cls: 0.0564, Ind: 0.0002, Med: 0.0281, Spu: 0.0000, FD: 0.0575, Var: 0.0000, CStr: 0.356, Ctx: 2, Train: 99.96%, Valid: 97.59%, Test In: 97.46% Test OOD1: 89.15% 
Epoch: 445, Loss: 0.1334, Cls: 0.0530, Ind: 0.0002, Med: 0.0265, Spu: 0.0000, FD: 0.0537, Var: 0.0000, CStr: 0.356, Ctx: 2, Train: 99.99%, Valid: 97.64%, Test In: 97.54% Test OOD1: 88.91% 
Epoch: 446, Loss: 0.1234, Cls: 0.0491, Ind: 0.0002, Med: 0.0247, Spu: 0.0000, FD: 0.0494, Var: 0.0000, CStr: 0.356, Ctx: 2, Train: 99.94%, Valid: 97.38%, Test In: 97.32% Test OOD1: 91.52% 
Epoch: 447, Loss: 0.1318, Cls: 0.0522, Ind: 0.0002, Med: 0.0260, Spu: 0.0000, FD: 0.0534, Var: 0.0000, CStr: 0.356, Ctx: 2, Train: 99.96%, Valid: 97.55%, Test In: 97.47% Test OOD1: 90.12% 
Epoch: 448, Loss: 0.1232, Cls: 0.0489, Ind: 0.0002, Med: 0.0245, Spu: 0.0000, FD: 0.0497, Var: 0.0000, CStr: 0.356, Ctx: 2, Train: 99.97%, Valid: 97.61%, Test In: 97.48% Test OOD1: 88.59% 
Epoch: 449, Loss: 0.1265, Cls: 0.0503, Ind: 0.0002, Med: 0.0252, Spu: 0.0000, FD: 0.0508, Var: 0.0000, CStr: 0.356, Ctx: 2, Train: 99.96%, Valid: 97.57%, Test In: 97.49% Test OOD1: 90.11% 
Epoch: 450, Loss: 0.1241, Cls: 0.0492, Ind: 0.0002, Med: 0.0246, Spu: 0.0000, FD: 0.0502, Var: 0.0000, CStr: 0.356, Ctx: 2, Train: 99.97%, Valid: 97.58%, Test In: 97.50% Test OOD1: 90.39% 
Epoch: 451, Loss: 0.1248, Cls: 0.0495, Ind: 0.0002, Med: 0.0247, Spu: 0.0000, FD: 0.0504, Var: 0.0000, CStr: 0.356, Ctx: 2, Train: 99.98%, Valid: 97.63%, Test In: 97.59% Test OOD1: 89.31% 
Epoch: 452, Loss: 0.1256, Cls: 0.0498, Ind: 0.0002, Med: 0.0249, Spu: 0.0000, FD: 0.0508, Var: 0.0000, CStr: 0.356, Ctx: 2, Train: 99.98%, Valid: 97.59%, Test In: 97.56% Test OOD1: 90.13% 
Epoch: 453, Loss: 0.1226, Cls: 0.0486, Ind: 0.0002, Med: 0.0243, Spu: 0.0000, FD: 0.0495, Var: 0.0000, CStr: 0.356, Ctx: 2, Train: 99.97%, Valid: 97.46%, Test In: 97.44% Test OOD1: 90.99% 
Epoch: 454, Loss: 0.1270, Cls: 0.0505, Ind: 0.0002, Med: 0.0253, Spu: 0.0000, FD: 0.0511, Var: 0.0000, CStr: 0.356, Ctx: 2, Train: 99.99%, Valid: 97.60%, Test In: 97.52% Test OOD1: 89.01% 
Epoch: 455, Loss: 0.1187, Cls: 0.0471, Ind: 0.0002, Med: 0.0235, Spu: 0.0000, FD: 0.0478, Var: 0.0000, CStr: 0.356, Ctx: 2, Train: 99.95%, Valid: 97.46%, Test In: 97.44% Test OOD1: 89.24% 
Epoch: 456, Loss: 0.1360, Cls: 0.0541, Ind: 0.0002, Med: 0.0271, Spu: 0.0000, FD: 0.0546, Var: 0.0000, CStr: 0.356, Ctx: 2, Train: 99.98%, Valid: 97.61%, Test In: 97.52% Test OOD1: 89.98% 
Epoch: 457, Loss: 0.1255, Cls: 0.0499, Ind: 0.0002, Med: 0.0250, Spu: 0.0000, FD: 0.0504, Var: 0.0000, CStr: 0.356, Ctx: 2, Train: 99.98%, Valid: 97.56%, Test In: 97.60% Test OOD1: 89.71% 
Epoch: 458, Loss: 0.1284, Cls: 0.0509, Ind: 0.0002, Med: 0.0254, Spu: 0.0000, FD: 0.0520, Var: 0.0000, CStr: 0.356, Ctx: 2, Train: 99.98%, Valid: 97.63%, Test In: 97.59% Test OOD1: 90.45% 
Epoch: 459, Loss: 0.1200, Cls: 0.0477, Ind: 0.0001, Med: 0.0239, Spu: 0.0000, FD: 0.0483, Var: 0.0000, CStr: 0.356, Ctx: 2, Train: 99.97%, Valid: 97.63%, Test In: 97.57% Test OOD1: 90.54% 
Epoch: 460, Loss: 0.1194, Cls: 0.0475, Ind: 0.0002, Med: 0.0238, Spu: 0.0000, FD: 0.0480, Var: 0.0000, CStr: 0.357, Ctx: 2, Train: 99.99%, Valid: 97.65%, Test In: 97.63% Test OOD1: 90.17% 
Epoch: 461, Loss: 0.1254, Cls: 0.0498, Ind: 0.0002, Med: 0.0250, Spu: 0.0000, FD: 0.0504, Var: 0.0000, CStr: 0.357, Ctx: 2, Train: 99.99%, Valid: 97.57%, Test In: 97.61% Test OOD1: 90.41% 
Epoch: 462, Loss: 0.1199, Cls: 0.0476, Ind: 0.0002, Med: 0.0238, Spu: 0.0000, FD: 0.0484, Var: 0.0000, CStr: 0.357, Ctx: 2, Train: 99.98%, Valid: 97.54%, Test In: 97.55% Test OOD1: 90.25% 
Epoch: 463, Loss: 0.1199, Cls: 0.0476, Ind: 0.0002, Med: 0.0238, Spu: 0.0000, FD: 0.0483, Var: 0.0000, CStr: 0.357, Ctx: 2, Train: 99.98%, Valid: 97.59%, Test In: 97.57% Test OOD1: 90.55% 
Epoch: 464, Loss: 0.1201, Cls: 0.0478, Ind: 0.0002, Med: 0.0240, Spu: 0.0000, FD: 0.0482, Var: 0.0000, CStr: 0.357, Ctx: 2, Train: 99.98%, Valid: 97.51%, Test In: 97.59% Test OOD1: 90.59% 
Epoch: 465, Loss: 0.1189, Cls: 0.0472, Ind: 0.0002, Med: 0.0236, Spu: 0.0000, FD: 0.0478, Var: 0.0000, CStr: 0.357, Ctx: 2, Train: 99.99%, Valid: 97.57%, Test In: 97.63% Test OOD1: 90.16% 
Epoch: 466, Loss: 0.1179, Cls: 0.0468, Ind: 0.0002, Med: 0.0234, Spu: 0.0000, FD: 0.0476, Var: 0.0000, CStr: 0.357, Ctx: 2, Train: 99.98%, Valid: 97.51%, Test In: 97.51% Test OOD1: 91.77% 
Epoch: 467, Loss: 0.1303, Cls: 0.0518, Ind: 0.0002, Med: 0.0259, Spu: 0.0000, FD: 0.0524, Var: 0.0000, CStr: 0.357, Ctx: 2, Train: 99.97%, Valid: 97.61%, Test In: 97.59% Test OOD1: 91.56% 
Epoch: 468, Loss: 0.1127, Cls: 0.0448, Ind: 0.0002, Med: 0.0225, Spu: 0.0000, FD: 0.0452, Var: 0.0000, CStr: 0.357, Ctx: 2, Train: 99.98%, Valid: 97.61%, Test In: 97.65% Test OOD1: 90.95% 
Epoch: 469, Loss: 0.1173, Cls: 0.0466, Ind: 0.0002, Med: 0.0233, Spu: 0.0000, FD: 0.0473, Var: 0.0000, CStr: 0.357, Ctx: 2, Train: 99.97%, Valid: 97.61%, Test In: 97.65% Test OOD1: 91.34% 
Epoch: 470, Loss: 0.1203, Cls: 0.0478, Ind: 0.0002, Med: 0.0239, Spu: 0.0000, FD: 0.0484, Var: 0.0000, CStr: 0.357, Ctx: 2, Train: 99.98%, Valid: 97.65%, Test In: 97.62% Test OOD1: 91.53% 
Epoch: 471, Loss: 0.1216, Cls: 0.0483, Ind: 0.0002, Med: 0.0242, Spu: 0.0000, FD: 0.0490, Var: 0.0000, CStr: 0.358, Ctx: 2, Train: 99.98%, Valid: 97.61%, Test In: 97.59% Test OOD1: 91.00% 
Epoch: 472, Loss: 0.1205, Cls: 0.0479, Ind: 0.0002, Med: 0.0240, Spu: 0.0000, FD: 0.0485, Var: 0.0000, CStr: 0.358, Ctx: 2, Train: 99.99%, Valid: 97.65%, Test In: 97.61% Test OOD1: 91.19% 
Epoch: 473, Loss: 0.1179, Cls: 0.0469, Ind: 0.0002, Med: 0.0235, Spu: 0.0000, FD: 0.0473, Var: 0.0000, CStr: 0.358, Ctx: 2, Train: 99.97%, Valid: 97.65%, Test In: 97.63% Test OOD1: 91.48% 
Epoch: 474, Loss: 0.1144, Cls: 0.0455, Ind: 0.0002, Med: 0.0228, Spu: 0.0000, FD: 0.0459, Var: 0.0000, CStr: 0.358, Ctx: 2, Train: 99.98%, Valid: 97.67%, Test In: 97.69% Test OOD1: 90.85% 
Epoch: 475, Loss: 0.1153, Cls: 0.0457, Ind: 0.0002, Med: 0.0228, Spu: 0.0000, FD: 0.0467, Var: 0.0000, CStr: 0.358, Ctx: 2, Train: 99.98%, Valid: 97.57%, Test In: 97.70% Test OOD1: 91.16% 
Epoch: 476, Loss: 0.1138, Cls: 0.0452, Ind: 0.0002, Med: 0.0227, Spu: 0.0000, FD: 0.0458, Var: 0.0000, CStr: 0.358, Ctx: 2, Train: 99.97%, Valid: 97.61%, Test In: 97.61% Test OOD1: 91.27% 
Epoch: 477, Loss: 0.1168, Cls: 0.0464, Ind: 0.0002, Med: 0.0232, Spu: 0.0000, FD: 0.0470, Var: 0.0000, CStr: 0.359, Ctx: 2, Train: 99.97%, Valid: 97.62%, Test In: 97.58% Test OOD1: 90.83% 
Epoch: 478, Loss: 0.1174, Cls: 0.0465, Ind: 0.0001, Med: 0.0232, Spu: 0.0000, FD: 0.0476, Var: 0.0000, CStr: 0.359, Ctx: 2, Train: 99.99%, Valid: 97.64%, Test In: 97.73% Test OOD1: 90.79% 
Epoch: 479, Loss: 0.1178, Cls: 0.0468, Ind: 0.0002, Med: 0.0234, Spu: 0.0000, FD: 0.0475, Var: 0.0000, CStr: 0.359, Ctx: 2, Train: 99.97%, Valid: 97.55%, Test In: 97.61% Test OOD1: 92.07% 
Epoch: 480, Loss: 0.1215, Cls: 0.0482, Ind: 0.0002, Med: 0.0241, Spu: 0.0000, FD: 0.0490, Var: 0.0000, CStr: 0.359, Ctx: 2, Train: 99.98%, Valid: 97.64%, Test In: 97.57% Test OOD1: 91.76% 
Epoch: 481, Loss: 0.1154, Cls: 0.0458, Ind: 0.0002, Med: 0.0229, Spu: 0.0000, FD: 0.0465, Var: 0.0000, CStr: 0.359, Ctx: 2, Train: 99.98%, Valid: 97.67%, Test In: 97.57% Test OOD1: 91.35% 
Epoch: 482, Loss: 0.1284, Cls: 0.0509, Ind: 0.0002, Med: 0.0254, Spu: 0.0000, FD: 0.0519, Var: 0.0000, CStr: 0.359, Ctx: 2, Train: 99.98%, Valid: 97.57%, Test In: 97.55% Test OOD1: 91.81% 
Epoch: 483, Loss: 0.1233, Cls: 0.0490, Ind: 0.0002, Med: 0.0245, Spu: 0.0000, FD: 0.0496, Var: 0.0000, CStr: 0.360, Ctx: 2, Train: 99.99%, Valid: 97.57%, Test In: 97.63% Test OOD1: 90.49% 
Epoch: 484, Loss: 0.1181, Cls: 0.0468, Ind: 0.0002, Med: 0.0234, Spu: 0.0000, FD: 0.0477, Var: 0.0000, CStr: 0.360, Ctx: 2, Train: 99.97%, Valid: 97.57%, Test In: 97.57% Test OOD1: 90.61% 
Epoch: 485, Loss: 0.1216, Cls: 0.0483, Ind: 0.0002, Med: 0.0242, Spu: 0.0000, FD: 0.0489, Var: 0.0000, CStr: 0.360, Ctx: 2, Train: 99.98%, Valid: 97.65%, Test In: 97.66% Test OOD1: 90.76% 
Epoch: 486, Loss: 0.1118, Cls: 0.0444, Ind: 0.0002, Med: 0.0222, Spu: 0.0000, FD: 0.0450, Var: 0.0000, CStr: 0.360, Ctx: 2, Train: 99.98%, Valid: 97.69%, Test In: 97.67% Test OOD1: 90.31% 
Epoch: 487, Loss: 0.1171, Cls: 0.0465, Ind: 0.0001, Med: 0.0232, Spu: 0.0000, FD: 0.0474, Var: 0.0000, CStr: 0.360, Ctx: 2, Train: 99.98%, Valid: 97.67%, Test In: 97.62% Test OOD1: 90.51% 
Epoch: 488, Loss: 0.1251, Cls: 0.0497, Ind: 0.0002, Med: 0.0249, Spu: 0.0000, FD: 0.0503, Var: 0.0000, CStr: 0.361, Ctx: 2, Train: 99.97%, Valid: 97.62%, Test In: 97.55% Test OOD1: 91.05% 
Epoch: 489, Loss: 0.1196, Cls: 0.0476, Ind: 0.0002, Med: 0.0238, Spu: 0.0000, FD: 0.0480, Var: 0.0000, CStr: 0.361, Ctx: 2, Train: 99.98%, Valid: 97.65%, Test In: 97.64% Test OOD1: 90.99% 
Epoch: 490, Loss: 0.1126, Cls: 0.0448, Ind: 0.0002, Med: 0.0224, Spu: 0.0000, FD: 0.0453, Var: 0.0000, CStr: 0.361, Ctx: 2, Train: 99.99%, Valid: 97.70%, Test In: 97.70% Test OOD1: 90.30% 
Epoch: 491, Loss: 0.1129, Cls: 0.0449, Ind: 0.0002, Med: 0.0226, Spu: 0.0000, FD: 0.0452, Var: 0.0000, CStr: 0.361, Ctx: 2, Train: 99.98%, Valid: 97.63%, Test In: 97.73% Test OOD1: 90.99% 
Epoch: 492, Loss: 0.1231, Cls: 0.0488, Ind: 0.0001, Med: 0.0243, Spu: 0.0000, FD: 0.0499, Var: 0.0000, CStr: 0.361, Ctx: 2, Train: 99.99%, Valid: 97.61%, Test In: 97.72% Test OOD1: 90.53% 
Epoch: 493, Loss: 0.1170, Cls: 0.0464, Ind: 0.0002, Med: 0.0232, Spu: 0.0000, FD: 0.0472, Var: 0.0000, CStr: 0.361, Ctx: 2, Train: 99.98%, Valid: 97.63%, Test In: 97.71% Test OOD1: 91.15% 
Epoch: 494, Loss: 0.1046, Cls: 0.0415, Ind: 0.0002, Med: 0.0208, Spu: 0.0000, FD: 0.0422, Var: 0.0000, CStr: 0.361, Ctx: 2, Train: 99.99%, Valid: 97.65%, Test In: 97.67% Test OOD1: 90.78% 
Epoch: 495, Loss: 0.1182, Cls: 0.0469, Ind: 0.0002, Med: 0.0235, Spu: 0.0000, FD: 0.0476, Var: 0.0000, CStr: 0.361, Ctx: 2, Train: 99.98%, Valid: 97.66%, Test In: 97.65% Test OOD1: 91.86% 
Epoch: 496, Loss: 0.1179, Cls: 0.0467, Ind: 0.0002, Med: 0.0233, Spu: 0.0000, FD: 0.0476, Var: 0.0000, CStr: 0.361, Ctx: 2, Train: 99.98%, Valid: 97.64%, Test In: 97.64% Test OOD1: 92.01% 
Epoch: 497, Loss: 0.1114, Cls: 0.0442, Ind: 0.0002, Med: 0.0221, Spu: 0.0000, FD: 0.0449, Var: 0.0000, CStr: 0.362, Ctx: 2, Train: 99.99%, Valid: 97.68%, Test In: 97.78% Test OOD1: 89.97% 
Epoch: 498, Loss: 0.1224, Cls: 0.0486, Ind: 0.0001, Med: 0.0243, Spu: 0.0000, FD: 0.0493, Var: 0.0000, CStr: 0.362, Ctx: 2, Train: 99.98%, Valid: 97.60%, Test In: 97.63% Test OOD1: 92.32% 
Epoch: 499, Loss: 0.1179, Cls: 0.0468, Ind: 0.0002, Med: 0.0234, Spu: 0.0000, FD: 0.0475, Var: 0.0000, CStr: 0.362, Ctx: 2, Train: 99.99%, Valid: 97.74%, Test In: 97.73% Test OOD1: 90.75% 
Run 02:
Highest Train: 99.99
Highest Valid: 97.74
Highest In Test: 97.78
Highest OOD Test: 93.12
Chosen epoch: 500
Final Train: 99.99
Final In Test: 97.73
Final OOD Test: 90.75
All runs:
Highest Train: 99.99 ± 0.00
Highest Valid: 97.69 ± 0.07
Highest In Test: 97.64 ± 0.19
Highest OOD Test: 92.93 ± 0.27
  Final Train: 99.98 ± 0.01
   Final In  Test: 97.54 ± 0.27
   Final OOD Test: 90.67 ± 0.11
[INFO] TensorBoard writer closed.

Command: python main_frontdoor.py --dataset pubmed --backbone_type gcn --store_result --epochs 500 --runs 2 --num_layers 2 --device 1 --combine_result --lr 0.005 --weight_decay 5e-05 --dropout 0.2 --hidden_channels 64 --K 2 --lambda_fd 1.0 --lambda_spu 0.1 --lambda_ind 0.1 --context_gate_temp 0.5 --fd_blend 0.3 --lambda_med 0.5 --result_name pubmed_gcn_frontdoor_stage2_lr0.005_weight_decay5e-05_dropout0.2_hidden_channels64_K2_lambda_fd1.0_lambda_spu0.1_lambda_ind0.1_context_gate_temp0.5_fd_blend0.3_lambda_med0.5
Return code: 0
Elapsed: 99.63s
