index,dataset,backbone,stage,result_name,log_file,command,return_code,elapsed_seconds,lr,weight_decay,dropout,hidden_channels,K,lambda_fd,lambda_spu,lambda_ind,context_gate_temp,fd_blend,lambda_med,highest_train,highest_train_std,highest_valid,highest_valid_std,highest_in_test,highest_in_test_std,final_train,final_train_std,final_in_test,final_in_test_std,highest_ood_test_1,highest_ood_test_1_std,final_ood_test_1,final_ood_test_1_std,last_final_ood_test
1,pubmed,gcn,stage2,pubmed_gcn_frontdoor_stage2_lr0.005_weight_decay5e-05_dropout0.2_hidden_channels64_K2_lambda_fd0.5_lambda_spu0.05_lambda_ind0.05_context_gate_temp0.5_fd_blend0.3_lambda_med0.25,search_logs_frontdoor/pubmed/gcn/stage2/001_pubmed_gcn_frontdoor_stage2_lr0.005_weight_decay5e-05_dropout0.2_hidden_channels64_K2_lambda_fd0.5_lambda_spu0.05_lambda_ind0.05_context_gate_temp0.5_fd_blend0.3_lambda_med0.25.log,python main_frontdoor.py --dataset pubmed --backbone_type gcn --store_result --epochs 500 --runs 2 --num_layers 2 --device 1 --combine_result --lr 0.005 --weight_decay 5e-05 --dropout 0.2 --hidden_channels 64 --K 2 --lambda_fd 0.5 --lambda_spu 0.05 --lambda_ind 0.05 --context_gate_temp 0.5 --fd_blend 0.3 --lambda_med 0.25 --result_name pubmed_gcn_frontdoor_stage2_lr0.005_weight_decay5e-05_dropout0.2_hidden_channels64_K2_lambda_fd0.5_lambda_spu0.05_lambda_ind0.05_context_gate_temp0.5_fd_blend0.3_lambda_med0.25,0,173.71,0.005,5e-05,0.2,64,2,0.5,0.05,0.05,0.5,0.3,0.25,99.98,0.0,97.67,0.12,97.52,0.01,99.97,0.02,97.47,0.07,93.46,0.64,90.51,0.58,90.51
2,pubmed,gcn,stage2,pubmed_gcn_frontdoor_stage2_lr0.005_weight_decay5e-05_dropout0.2_hidden_channels64_K2_lambda_fd0.5_lambda_spu0.05_lambda_ind0.05_context_gate_temp0.5_fd_blend0.3_lambda_med0.5,search_logs_frontdoor/pubmed/gcn/stage2/002_pubmed_gcn_frontdoor_stage2_lr0.005_weight_decay5e-05_dropout0.2_hidden_channels64_K2_lambda_fd0.5_lambda_spu0.05_lambda_ind0.05_context_gate_temp0.5_fd_blend0.3_lambda_med0.5.log,python main_frontdoor.py --dataset pubmed --backbone_type gcn --store_result --epochs 500 --runs 2 --num_layers 2 --device 1 --combine_result --lr 0.005 --weight_decay 5e-05 --dropout 0.2 --hidden_channels 64 --K 2 --lambda_fd 0.5 --lambda_spu 0.05 --lambda_ind 0.05 --context_gate_temp 0.5 --fd_blend 0.3 --lambda_med 0.5 --result_name pubmed_gcn_frontdoor_stage2_lr0.005_weight_decay5e-05_dropout0.2_hidden_channels64_K2_lambda_fd0.5_lambda_spu0.05_lambda_ind0.05_context_gate_temp0.5_fd_blend0.3_lambda_med0.5,0,103.41,0.005,5e-05,0.2,64,2,0.5,0.05,0.05,0.5,0.3,0.5,99.99,0.0,97.7,0.14,97.59,0.02,99.98,0.01,97.45,0.01,93.33,0.52,90.57,0.13,90.57
3,pubmed,gcn,stage2,pubmed_gcn_frontdoor_stage2_lr0.005_weight_decay5e-05_dropout0.2_hidden_channels64_K2_lambda_fd0.5_lambda_spu0.05_lambda_ind0.05_context_gate_temp0.5_fd_blend0.5_lambda_med0.25,search_logs_frontdoor/pubmed/gcn/stage2/003_pubmed_gcn_frontdoor_stage2_lr0.005_weight_decay5e-05_dropout0.2_hidden_channels64_K2_lambda_fd0.5_lambda_spu0.05_lambda_ind0.05_context_gate_temp0.5_fd_blend0.5_lambda_med0.25.log,python main_frontdoor.py --dataset pubmed --backbone_type gcn --store_result --epochs 500 --runs 2 --num_layers 2 --device 1 --combine_result --lr 0.005 --weight_decay 5e-05 --dropout 0.2 --hidden_channels 64 --K 2 --lambda_fd 0.5 --lambda_spu 0.05 --lambda_ind 0.05 --context_gate_temp 0.5 --fd_blend 0.5 --lambda_med 0.25 --result_name pubmed_gcn_frontdoor_stage2_lr0.005_weight_decay5e-05_dropout0.2_hidden_channels64_K2_lambda_fd0.5_lambda_spu0.05_lambda_ind0.05_context_gate_temp0.5_fd_blend0.5_lambda_med0.25,0,99.59,0.005,5e-05,0.2,64,2,0.5,0.05,0.05,0.5,0.5,0.25,99.99,0.0,97.65,0.06,97.57,0.23,99.99,0.0,97.5,0.29,93.08,0.57,90.0,0.06,90.0
4,pubmed,gcn,stage2,pubmed_gcn_frontdoor_stage2_lr0.005_weight_decay5e-05_dropout0.2_hidden_channels64_K2_lambda_fd0.5_lambda_spu0.05_lambda_ind0.05_context_gate_temp0.5_fd_blend0.5_lambda_med0.5,search_logs_frontdoor/pubmed/gcn/stage2/004_pubmed_gcn_frontdoor_stage2_lr0.005_weight_decay5e-05_dropout0.2_hidden_channels64_K2_lambda_fd0.5_lambda_spu0.05_lambda_ind0.05_context_gate_temp0.5_fd_blend0.5_lambda_med0.5.log,python main_frontdoor.py --dataset pubmed --backbone_type gcn --store_result --epochs 500 --runs 2 --num_layers 2 --device 1 --combine_result --lr 0.005 --weight_decay 5e-05 --dropout 0.2 --hidden_channels 64 --K 2 --lambda_fd 0.5 --lambda_spu 0.05 --lambda_ind 0.05 --context_gate_temp 0.5 --fd_blend 0.5 --lambda_med 0.5 --result_name pubmed_gcn_frontdoor_stage2_lr0.005_weight_decay5e-05_dropout0.2_hidden_channels64_K2_lambda_fd0.5_lambda_spu0.05_lambda_ind0.05_context_gate_temp0.5_fd_blend0.5_lambda_med0.5,0,156.53,0.005,5e-05,0.2,64,2,0.5,0.05,0.05,0.5,0.5,0.5,99.99,0.01,97.62,0.02,97.54,0.14,99.98,0.01,97.43,0.14,93.2,0.83,90.88,1.15,90.88
5,pubmed,gcn,stage2,pubmed_gcn_frontdoor_stage2_lr0.005_weight_decay5e-05_dropout0.2_hidden_channels64_K2_lambda_fd0.5_lambda_spu0.05_lambda_ind0.05_context_gate_temp0.5_fd_blend0.7_lambda_med0.25,search_logs_frontdoor/pubmed/gcn/stage2/005_pubmed_gcn_frontdoor_stage2_lr0.005_weight_decay5e-05_dropout0.2_hidden_channels64_K2_lambda_fd0.5_lambda_spu0.05_lambda_ind0.05_context_gate_temp0.5_fd_blend0.7_lambda_med0.25.log,python main_frontdoor.py --dataset pubmed --backbone_type gcn --store_result --epochs 500 --runs 2 --num_layers 2 --device 1 --combine_result --lr 0.005 --weight_decay 5e-05 --dropout 0.2 --hidden_channels 64 --K 2 --lambda_fd 0.5 --lambda_spu 0.05 --lambda_ind 0.05 --context_gate_temp 0.5 --fd_blend 0.7 --lambda_med 0.25 --result_name pubmed_gcn_frontdoor_stage2_lr0.005_weight_decay5e-05_dropout0.2_hidden_channels64_K2_lambda_fd0.5_lambda_spu0.05_lambda_ind0.05_context_gate_temp0.5_fd_blend0.7_lambda_med0.25,0,153.41,0.005,5e-05,0.2,64,2,0.5,0.05,0.05,0.5,0.7,0.25,99.98,0.01,97.7,0.05,97.69,0.18,99.97,0.02,97.63,0.22,92.34,0.38,88.72,0.73,88.72
6,pubmed,gcn,stage2,pubmed_gcn_frontdoor_stage2_lr0.005_weight_decay5e-05_dropout0.2_hidden_channels64_K2_lambda_fd0.5_lambda_spu0.05_lambda_ind0.05_context_gate_temp0.5_fd_blend0.7_lambda_med0.5,search_logs_frontdoor/pubmed/gcn/stage2/006_pubmed_gcn_frontdoor_stage2_lr0.005_weight_decay5e-05_dropout0.2_hidden_channels64_K2_lambda_fd0.5_lambda_spu0.05_lambda_ind0.05_context_gate_temp0.5_fd_blend0.7_lambda_med0.5.log,python main_frontdoor.py --dataset pubmed --backbone_type gcn --store_result --epochs 500 --runs 2 --num_layers 2 --device 1 --combine_result --lr 0.005 --weight_decay 5e-05 --dropout 0.2 --hidden_channels 64 --K 2 --lambda_fd 0.5 --lambda_spu 0.05 --lambda_ind 0.05 --context_gate_temp 0.5 --fd_blend 0.7 --lambda_med 0.5 --result_name pubmed_gcn_frontdoor_stage2_lr0.005_weight_decay5e-05_dropout0.2_hidden_channels64_K2_lambda_fd0.5_lambda_spu0.05_lambda_ind0.05_context_gate_temp0.5_fd_blend0.7_lambda_med0.5,0,166.92,0.005,5e-05,0.2,64,2,0.5,0.05,0.05,0.5,0.7,0.5,99.99,0.0,97.61,0.0,97.65,0.11,99.98,0.01,97.6,0.11,92.82,2.07,89.82,2.12,89.82
7,pubmed,gcn,stage2,pubmed_gcn_frontdoor_stage2_lr0.005_weight_decay5e-05_dropout0.2_hidden_channels64_K2_lambda_fd0.5_lambda_spu0.05_lambda_ind0.05_context_gate_temp1.0_fd_blend0.3_lambda_med0.25,search_logs_frontdoor/pubmed/gcn/stage2/007_pubmed_gcn_frontdoor_stage2_lr0.005_weight_decay5e-05_dropout0.2_hidden_channels64_K2_lambda_fd0.5_lambda_spu0.05_lambda_ind0.05_context_gate_temp1.0_fd_blend0.3_lambda_med0.25.log,python main_frontdoor.py --dataset pubmed --backbone_type gcn --store_result --epochs 500 --runs 2 --num_layers 2 --device 1 --combine_result --lr 0.005 --weight_decay 5e-05 --dropout 0.2 --hidden_channels 64 --K 2 --lambda_fd 0.5 --lambda_spu 0.05 --lambda_ind 0.05 --context_gate_temp 1.0 --fd_blend 0.3 --lambda_med 0.25 --result_name pubmed_gcn_frontdoor_stage2_lr0.005_weight_decay5e-05_dropout0.2_hidden_channels64_K2_lambda_fd0.5_lambda_spu0.05_lambda_ind0.05_context_gate_temp1.0_fd_blend0.3_lambda_med0.25,0,157.07,0.005,5e-05,0.2,64,2,0.5,0.05,0.05,1.0,0.3,0.25,99.98,0.01,97.61,0.1,97.51,0.12,99.97,0.01,97.44,0.12,93.54,0.9,91.46,1.9,91.46
8,pubmed,gcn,stage2,pubmed_gcn_frontdoor_stage2_lr0.005_weight_decay5e-05_dropout0.2_hidden_channels64_K2_lambda_fd0.5_lambda_spu0.05_lambda_ind0.05_context_gate_temp1.0_fd_blend0.3_lambda_med0.5,search_logs_frontdoor/pubmed/gcn/stage2/008_pubmed_gcn_frontdoor_stage2_lr0.005_weight_decay5e-05_dropout0.2_hidden_channels64_K2_lambda_fd0.5_lambda_spu0.05_lambda_ind0.05_context_gate_temp1.0_fd_blend0.3_lambda_med0.5.log,python main_frontdoor.py --dataset pubmed --backbone_type gcn --store_result --epochs 500 --runs 2 --num_layers 2 --device 1 --combine_result --lr 0.005 --weight_decay 5e-05 --dropout 0.2 --hidden_channels 64 --K 2 --lambda_fd 0.5 --lambda_spu 0.05 --lambda_ind 0.05 --context_gate_temp 1.0 --fd_blend 0.3 --lambda_med 0.5 --result_name pubmed_gcn_frontdoor_stage2_lr0.005_weight_decay5e-05_dropout0.2_hidden_channels64_K2_lambda_fd0.5_lambda_spu0.05_lambda_ind0.05_context_gate_temp1.0_fd_blend0.3_lambda_med0.5,0,163.85,0.005,5e-05,0.2,64,2,0.5,0.05,0.05,1.0,0.3,0.5,99.99,0.0,97.57,0.02,97.64,0.01,99.99,0.01,97.63,0.03,92.96,0.08,90.6,0.22,90.6
9,pubmed,gcn,stage2,pubmed_gcn_frontdoor_stage2_lr0.005_weight_decay5e-05_dropout0.2_hidden_channels64_K2_lambda_fd0.5_lambda_spu0.05_lambda_ind0.05_context_gate_temp1.0_fd_blend0.5_lambda_med0.25,search_logs_frontdoor/pubmed/gcn/stage2/009_pubmed_gcn_frontdoor_stage2_lr0.005_weight_decay5e-05_dropout0.2_hidden_channels64_K2_lambda_fd0.5_lambda_spu0.05_lambda_ind0.05_context_gate_temp1.0_fd_blend0.5_lambda_med0.25.log,python main_frontdoor.py --dataset pubmed --backbone_type gcn --store_result --epochs 500 --runs 2 --num_layers 2 --device 1 --combine_result --lr 0.005 --weight_decay 5e-05 --dropout 0.2 --hidden_channels 64 --K 2 --lambda_fd 0.5 --lambda_spu 0.05 --lambda_ind 0.05 --context_gate_temp 1.0 --fd_blend 0.5 --lambda_med 0.25 --result_name pubmed_gcn_frontdoor_stage2_lr0.005_weight_decay5e-05_dropout0.2_hidden_channels64_K2_lambda_fd0.5_lambda_spu0.05_lambda_ind0.05_context_gate_temp1.0_fd_blend0.5_lambda_med0.25,0,98.59,0.005,5e-05,0.2,64,2,0.5,0.05,0.05,1.0,0.5,0.25,99.99,0.01,97.62,0.0,97.59,0.12,99.98,0.01,97.57,0.15,93.43,1.1,90.59,1.15,90.59
10,pubmed,gcn,stage2,pubmed_gcn_frontdoor_stage2_lr0.005_weight_decay5e-05_dropout0.2_hidden_channels64_K2_lambda_fd0.5_lambda_spu0.05_lambda_ind0.05_context_gate_temp1.0_fd_blend0.5_lambda_med0.5,search_logs_frontdoor/pubmed/gcn/stage2/010_pubmed_gcn_frontdoor_stage2_lr0.005_weight_decay5e-05_dropout0.2_hidden_channels64_K2_lambda_fd0.5_lambda_spu0.05_lambda_ind0.05_context_gate_temp1.0_fd_blend0.5_lambda_med0.5.log,python main_frontdoor.py --dataset pubmed --backbone_type gcn --store_result --epochs 500 --runs 2 --num_layers 2 --device 1 --combine_result --lr 0.005 --weight_decay 5e-05 --dropout 0.2 --hidden_channels 64 --K 2 --lambda_fd 0.5 --lambda_spu 0.05 --lambda_ind 0.05 --context_gate_temp 1.0 --fd_blend 0.5 --lambda_med 0.5 --result_name pubmed_gcn_frontdoor_stage2_lr0.005_weight_decay5e-05_dropout0.2_hidden_channels64_K2_lambda_fd0.5_lambda_spu0.05_lambda_ind0.05_context_gate_temp1.0_fd_blend0.5_lambda_med0.5,0,97.5,0.005,5e-05,0.2,64,2,0.5,0.05,0.05,1.0,0.5,0.5,99.99,0.01,97.64,0.03,97.54,0.0,99.98,0.0,97.49,0.02,93.53,0.56,90.31,0.5,90.31
11,pubmed,gcn,stage2,pubmed_gcn_frontdoor_stage2_lr0.005_weight_decay5e-05_dropout0.2_hidden_channels64_K2_lambda_fd0.5_lambda_spu0.05_lambda_ind0.05_context_gate_temp1.0_fd_blend0.7_lambda_med0.25,search_logs_frontdoor/pubmed/gcn/stage2/011_pubmed_gcn_frontdoor_stage2_lr0.005_weight_decay5e-05_dropout0.2_hidden_channels64_K2_lambda_fd0.5_lambda_spu0.05_lambda_ind0.05_context_gate_temp1.0_fd_blend0.7_lambda_med0.25.log,python main_frontdoor.py --dataset pubmed --backbone_type gcn --store_result --epochs 500 --runs 2 --num_layers 2 --device 1 --combine_result --lr 0.005 --weight_decay 5e-05 --dropout 0.2 --hidden_channels 64 --K 2 --lambda_fd 0.5 --lambda_spu 0.05 --lambda_ind 0.05 --context_gate_temp 1.0 --fd_blend 0.7 --lambda_med 0.25 --result_name pubmed_gcn_frontdoor_stage2_lr0.005_weight_decay5e-05_dropout0.2_hidden_channels64_K2_lambda_fd0.5_lambda_spu0.05_lambda_ind0.05_context_gate_temp1.0_fd_blend0.7_lambda_med0.25,0,97.01,0.005,5e-05,0.2,64,2,0.5,0.05,0.05,1.0,0.7,0.25,99.98,0.01,97.73,0.01,97.67,0.08,99.97,0.02,97.54,0.14,92.63,0.09,89.26,0.29,89.26
12,pubmed,gcn,stage2,pubmed_gcn_frontdoor_stage2_lr0.005_weight_decay5e-05_dropout0.2_hidden_channels64_K2_lambda_fd0.5_lambda_spu0.05_lambda_ind0.05_context_gate_temp1.0_fd_blend0.7_lambda_med0.5,search_logs_frontdoor/pubmed/gcn/stage2/012_pubmed_gcn_frontdoor_stage2_lr0.005_weight_decay5e-05_dropout0.2_hidden_channels64_K2_lambda_fd0.5_lambda_spu0.05_lambda_ind0.05_context_gate_temp1.0_fd_blend0.7_lambda_med0.5.log,python main_frontdoor.py --dataset pubmed --backbone_type gcn --store_result --epochs 500 --runs 2 --num_layers 2 --device 1 --combine_result --lr 0.005 --weight_decay 5e-05 --dropout 0.2 --hidden_channels 64 --K 2 --lambda_fd 0.5 --lambda_spu 0.05 --lambda_ind 0.05 --context_gate_temp 1.0 --fd_blend 0.7 --lambda_med 0.5 --result_name pubmed_gcn_frontdoor_stage2_lr0.005_weight_decay5e-05_dropout0.2_hidden_channels64_K2_lambda_fd0.5_lambda_spu0.05_lambda_ind0.05_context_gate_temp1.0_fd_blend0.7_lambda_med0.5,0,94.25,0.005,5e-05,0.2,64,2,0.5,0.05,0.05,1.0,0.7,0.5,99.99,0.0,97.67,0.11,97.58,0.17,99.98,0.0,97.52,0.25,93.56,0.89,89.9,2.82,89.9
13,pubmed,gcn,stage2,pubmed_gcn_frontdoor_stage2_lr0.005_weight_decay5e-05_dropout0.2_hidden_channels64_K2_lambda_fd0.5_lambda_spu0.05_lambda_ind0.1_context_gate_temp0.5_fd_blend0.3_lambda_med0.25,search_logs_frontdoor/pubmed/gcn/stage2/013_pubmed_gcn_frontdoor_stage2_lr0.005_weight_decay5e-05_dropout0.2_hidden_channels64_K2_lambda_fd0.5_lambda_spu0.05_lambda_ind0.1_context_gate_temp0.5_fd_blend0.3_lambda_med0.25.log,python main_frontdoor.py --dataset pubmed --backbone_type gcn --store_result --epochs 500 --runs 2 --num_layers 2 --device 1 --combine_result --lr 0.005 --weight_decay 5e-05 --dropout 0.2 --hidden_channels 64 --K 2 --lambda_fd 0.5 --lambda_spu 0.05 --lambda_ind 0.1 --context_gate_temp 0.5 --fd_blend 0.3 --lambda_med 0.25 --result_name pubmed_gcn_frontdoor_stage2_lr0.005_weight_decay5e-05_dropout0.2_hidden_channels64_K2_lambda_fd0.5_lambda_spu0.05_lambda_ind0.1_context_gate_temp0.5_fd_blend0.3_lambda_med0.25,0,152.16,0.005,5e-05,0.2,64,2,0.5,0.05,0.1,0.5,0.3,0.25,99.98,0.0,97.66,0.06,97.52,0.05,99.98,0.0,97.43,0.11,93.57,0.34,88.87,1.07,88.87
14,pubmed,gcn,stage2,pubmed_gcn_frontdoor_stage2_lr0.005_weight_decay5e-05_dropout0.2_hidden_channels64_K2_lambda_fd0.5_lambda_spu0.05_lambda_ind0.1_context_gate_temp0.5_fd_blend0.3_lambda_med0.5,search_logs_frontdoor/pubmed/gcn/stage2/014_pubmed_gcn_frontdoor_stage2_lr0.005_weight_decay5e-05_dropout0.2_hidden_channels64_K2_lambda_fd0.5_lambda_spu0.05_lambda_ind0.1_context_gate_temp0.5_fd_blend0.3_lambda_med0.5.log,python main_frontdoor.py --dataset pubmed --backbone_type gcn --store_result --epochs 500 --runs 2 --num_layers 2 --device 1 --combine_result --lr 0.005 --weight_decay 5e-05 --dropout 0.2 --hidden_channels 64 --K 2 --lambda_fd 0.5 --lambda_spu 0.05 --lambda_ind 0.1 --context_gate_temp 0.5 --fd_blend 0.3 --lambda_med 0.5 --result_name pubmed_gcn_frontdoor_stage2_lr0.005_weight_decay5e-05_dropout0.2_hidden_channels64_K2_lambda_fd0.5_lambda_spu0.05_lambda_ind0.1_context_gate_temp0.5_fd_blend0.3_lambda_med0.5,0,126.4,0.005,5e-05,0.2,64,2,0.5,0.05,0.1,0.5,0.3,0.5,99.99,0.0,97.68,0.1,97.63,0.01,99.98,0.01,97.53,0.01,93.17,0.32,90.51,0.12,90.51
15,pubmed,gcn,stage2,pubmed_gcn_frontdoor_stage2_lr0.005_weight_decay5e-05_dropout0.2_hidden_channels64_K2_lambda_fd0.5_lambda_spu0.05_lambda_ind0.1_context_gate_temp0.5_fd_blend0.5_lambda_med0.25,search_logs_frontdoor/pubmed/gcn/stage2/015_pubmed_gcn_frontdoor_stage2_lr0.005_weight_decay5e-05_dropout0.2_hidden_channels64_K2_lambda_fd0.5_lambda_spu0.05_lambda_ind0.1_context_gate_temp0.5_fd_blend0.5_lambda_med0.25.log,python main_frontdoor.py --dataset pubmed --backbone_type gcn --store_result --epochs 500 --runs 2 --num_layers 2 --device 1 --combine_result --lr 0.005 --weight_decay 5e-05 --dropout 0.2 --hidden_channels 64 --K 2 --lambda_fd 0.5 --lambda_spu 0.05 --lambda_ind 0.1 --context_gate_temp 0.5 --fd_blend 0.5 --lambda_med 0.25 --result_name pubmed_gcn_frontdoor_stage2_lr0.005_weight_decay5e-05_dropout0.2_hidden_channels64_K2_lambda_fd0.5_lambda_spu0.05_lambda_ind0.1_context_gate_temp0.5_fd_blend0.5_lambda_med0.25,0,149.89,0.005,5e-05,0.2,64,2,0.5,0.05,0.1,0.5,0.5,0.25,99.99,0.01,97.65,0.02,97.59,0.24,99.97,0.01,97.43,0.25,93.19,1.01,90.72,1.15,90.72
16,pubmed,gcn,stage2,pubmed_gcn_frontdoor_stage2_lr0.005_weight_decay5e-05_dropout0.2_hidden_channels64_K2_lambda_fd0.5_lambda_spu0.05_lambda_ind0.1_context_gate_temp0.5_fd_blend0.5_lambda_med0.5,search_logs_frontdoor/pubmed/gcn/stage2/016_pubmed_gcn_frontdoor_stage2_lr0.005_weight_decay5e-05_dropout0.2_hidden_channels64_K2_lambda_fd0.5_lambda_spu0.05_lambda_ind0.1_context_gate_temp0.5_fd_blend0.5_lambda_med0.5.log,python main_frontdoor.py --dataset pubmed --backbone_type gcn --store_result --epochs 500 --runs 2 --num_layers 2 --device 1 --combine_result --lr 0.005 --weight_decay 5e-05 --dropout 0.2 --hidden_channels 64 --K 2 --lambda_fd 0.5 --lambda_spu 0.05 --lambda_ind 0.1 --context_gate_temp 0.5 --fd_blend 0.5 --lambda_med 0.5 --result_name pubmed_gcn_frontdoor_stage2_lr0.005_weight_decay5e-05_dropout0.2_hidden_channels64_K2_lambda_fd0.5_lambda_spu0.05_lambda_ind0.1_context_gate_temp0.5_fd_blend0.5_lambda_med0.5,0,117.75,0.005,5e-05,0.2,64,2,0.5,0.05,0.1,0.5,0.5,0.5,99.99,0.0,97.57,0.02,97.52,0.11,99.98,0.01,97.42,0.09,93.62,0.31,89.92,2.28,89.92
17,pubmed,gcn,stage2,pubmed_gcn_frontdoor_stage2_lr0.005_weight_decay5e-05_dropout0.2_hidden_channels64_K2_lambda_fd0.5_lambda_spu0.05_lambda_ind0.1_context_gate_temp0.5_fd_blend0.7_lambda_med0.25,search_logs_frontdoor/pubmed/gcn/stage2/017_pubmed_gcn_frontdoor_stage2_lr0.005_weight_decay5e-05_dropout0.2_hidden_channels64_K2_lambda_fd0.5_lambda_spu0.05_lambda_ind0.1_context_gate_temp0.5_fd_blend0.7_lambda_med0.25.log,python main_frontdoor.py --dataset pubmed --backbone_type gcn --store_result --epochs 500 --runs 2 --num_layers 2 --device 1 --combine_result --lr 0.005 --weight_decay 5e-05 --dropout 0.2 --hidden_channels 64 --K 2 --lambda_fd 0.5 --lambda_spu 0.05 --lambda_ind 0.1 --context_gate_temp 0.5 --fd_blend 0.7 --lambda_med 0.25 --result_name pubmed_gcn_frontdoor_stage2_lr0.005_weight_decay5e-05_dropout0.2_hidden_channels64_K2_lambda_fd0.5_lambda_spu0.05_lambda_ind0.1_context_gate_temp0.5_fd_blend0.7_lambda_med0.25,0,96.04,0.005,5e-05,0.2,64,2,0.5,0.05,0.1,0.5,0.7,0.25,99.99,0.0,97.59,0.05,97.68,0.09,99.98,0.0,97.55,0.07,92.8,0.31,88.62,0.17,88.62
18,pubmed,gcn,stage2,pubmed_gcn_frontdoor_stage2_lr0.005_weight_decay5e-05_dropout0.2_hidden_channels64_K2_lambda_fd0.5_lambda_spu0.05_lambda_ind0.1_context_gate_temp0.5_fd_blend0.7_lambda_med0.5,search_logs_frontdoor/pubmed/gcn/stage2/018_pubmed_gcn_frontdoor_stage2_lr0.005_weight_decay5e-05_dropout0.2_hidden_channels64_K2_lambda_fd0.5_lambda_spu0.05_lambda_ind0.1_context_gate_temp0.5_fd_blend0.7_lambda_med0.5.log,python main_frontdoor.py --dataset pubmed --backbone_type gcn --store_result --epochs 500 --runs 2 --num_layers 2 --device 1 --combine_result --lr 0.005 --weight_decay 5e-05 --dropout 0.2 --hidden_channels 64 --K 2 --lambda_fd 0.5 --lambda_spu 0.05 --lambda_ind 0.1 --context_gate_temp 0.5 --fd_blend 0.7 --lambda_med 0.5 --result_name pubmed_gcn_frontdoor_stage2_lr0.005_weight_decay5e-05_dropout0.2_hidden_channels64_K2_lambda_fd0.5_lambda_spu0.05_lambda_ind0.1_context_gate_temp0.5_fd_blend0.7_lambda_med0.5,0,95.15,0.005,5e-05,0.2,64,2,0.5,0.05,0.1,0.5,0.7,0.5,99.99,0.0,97.58,0.09,97.61,0.07,99.98,0.0,97.55,0.13,92.87,0.72,89.26,1.83,89.26
19,pubmed,gcn,stage2,pubmed_gcn_frontdoor_stage2_lr0.005_weight_decay5e-05_dropout0.2_hidden_channels64_K2_lambda_fd0.5_lambda_spu0.05_lambda_ind0.1_context_gate_temp1.0_fd_blend0.3_lambda_med0.25,search_logs_frontdoor/pubmed/gcn/stage2/019_pubmed_gcn_frontdoor_stage2_lr0.005_weight_decay5e-05_dropout0.2_hidden_channels64_K2_lambda_fd0.5_lambda_spu0.05_lambda_ind0.1_context_gate_temp1.0_fd_blend0.3_lambda_med0.25.log,python main_frontdoor.py --dataset pubmed --backbone_type gcn --store_result --epochs 500 --runs 2 --num_layers 2 --device 1 --combine_result --lr 0.005 --weight_decay 5e-05 --dropout 0.2 --hidden_channels 64 --K 2 --lambda_fd 0.5 --lambda_spu 0.05 --lambda_ind 0.1 --context_gate_temp 1.0 --fd_blend 0.3 --lambda_med 0.25 --result_name pubmed_gcn_frontdoor_stage2_lr0.005_weight_decay5e-05_dropout0.2_hidden_channels64_K2_lambda_fd0.5_lambda_spu0.05_lambda_ind0.1_context_gate_temp1.0_fd_blend0.3_lambda_med0.25,0,96.32,0.005,5e-05,0.2,64,2,0.5,0.05,0.1,1.0,0.3,0.25,99.98,0.01,97.71,0.09,97.52,0.11,99.97,0.01,97.45,0.01,93.88,0.52,91.2,1.45,91.2
20,pubmed,gcn,stage2,pubmed_gcn_frontdoor_stage2_lr0.005_weight_decay5e-05_dropout0.2_hidden_channels64_K2_lambda_fd0.5_lambda_spu0.05_lambda_ind0.1_context_gate_temp1.0_fd_blend0.3_lambda_med0.5,search_logs_frontdoor/pubmed/gcn/stage2/020_pubmed_gcn_frontdoor_stage2_lr0.005_weight_decay5e-05_dropout0.2_hidden_channels64_K2_lambda_fd0.5_lambda_spu0.05_lambda_ind0.1_context_gate_temp1.0_fd_blend0.3_lambda_med0.5.log,python main_frontdoor.py --dataset pubmed --backbone_type gcn --store_result --epochs 500 --runs 2 --num_layers 2 --device 1 --combine_result --lr 0.005 --weight_decay 5e-05 --dropout 0.2 --hidden_channels 64 --K 2 --lambda_fd 0.5 --lambda_spu 0.05 --lambda_ind 0.1 --context_gate_temp 1.0 --fd_blend 0.3 --lambda_med 0.5 --result_name pubmed_gcn_frontdoor_stage2_lr0.005_weight_decay5e-05_dropout0.2_hidden_channels64_K2_lambda_fd0.5_lambda_spu0.05_lambda_ind0.1_context_gate_temp1.0_fd_blend0.3_lambda_med0.5,0,97.27,0.005,5e-05,0.2,64,2,0.5,0.05,0.1,1.0,0.3,0.5,99.99,0.0,97.57,0.05,97.57,0.05,99.99,0.0,97.54,0.08,93.01,0.71,91.47,1.43,91.47
21,pubmed,gcn,stage2,pubmed_gcn_frontdoor_stage2_lr0.005_weight_decay5e-05_dropout0.2_hidden_channels64_K2_lambda_fd0.5_lambda_spu0.05_lambda_ind0.1_context_gate_temp1.0_fd_blend0.5_lambda_med0.25,search_logs_frontdoor/pubmed/gcn/stage2/021_pubmed_gcn_frontdoor_stage2_lr0.005_weight_decay5e-05_dropout0.2_hidden_channels64_K2_lambda_fd0.5_lambda_spu0.05_lambda_ind0.1_context_gate_temp1.0_fd_blend0.5_lambda_med0.25.log,python main_frontdoor.py --dataset pubmed --backbone_type gcn --store_result --epochs 500 --runs 2 --num_layers 2 --device 1 --combine_result --lr 0.005 --weight_decay 5e-05 --dropout 0.2 --hidden_channels 64 --K 2 --lambda_fd 0.5 --lambda_spu 0.05 --lambda_ind 0.1 --context_gate_temp 1.0 --fd_blend 0.5 --lambda_med 0.25 --result_name pubmed_gcn_frontdoor_stage2_lr0.005_weight_decay5e-05_dropout0.2_hidden_channels64_K2_lambda_fd0.5_lambda_spu0.05_lambda_ind0.1_context_gate_temp1.0_fd_blend0.5_lambda_med0.25,0,94.34,0.005,5e-05,0.2,64,2,0.5,0.05,0.1,1.0,0.5,0.25,99.99,0.01,97.6,0.08,97.61,0.21,99.98,0.0,97.48,0.15,93.6,0.91,90.37,0.93,90.37
22,pubmed,gcn,stage2,pubmed_gcn_frontdoor_stage2_lr0.005_weight_decay5e-05_dropout0.2_hidden_channels64_K2_lambda_fd0.5_lambda_spu0.05_lambda_ind0.1_context_gate_temp1.0_fd_blend0.5_lambda_med0.5,search_logs_frontdoor/pubmed/gcn/stage2/022_pubmed_gcn_frontdoor_stage2_lr0.005_weight_decay5e-05_dropout0.2_hidden_channels64_K2_lambda_fd0.5_lambda_spu0.05_lambda_ind0.1_context_gate_temp1.0_fd_blend0.5_lambda_med0.5.log,python main_frontdoor.py --dataset pubmed --backbone_type gcn --store_result --epochs 500 --runs 2 --num_layers 2 --device 1 --combine_result --lr 0.005 --weight_decay 5e-05 --dropout 0.2 --hidden_channels 64 --K 2 --lambda_fd 0.5 --lambda_spu 0.05 --lambda_ind 0.1 --context_gate_temp 1.0 --fd_blend 0.5 --lambda_med 0.5 --result_name pubmed_gcn_frontdoor_stage2_lr0.005_weight_decay5e-05_dropout0.2_hidden_channels64_K2_lambda_fd0.5_lambda_spu0.05_lambda_ind0.1_context_gate_temp1.0_fd_blend0.5_lambda_med0.5,0,93.25,0.005,5e-05,0.2,64,2,0.5,0.05,0.1,1.0,0.5,0.5,99.99,0.01,97.6,0.03,97.49,0.04,99.97,0.01,97.3,0.02,93.28,1.06,90.39,0.82,90.39
23,pubmed,gcn,stage2,pubmed_gcn_frontdoor_stage2_lr0.005_weight_decay5e-05_dropout0.2_hidden_channels64_K2_lambda_fd0.5_lambda_spu0.05_lambda_ind0.1_context_gate_temp1.0_fd_blend0.7_lambda_med0.25,search_logs_frontdoor/pubmed/gcn/stage2/023_pubmed_gcn_frontdoor_stage2_lr0.005_weight_decay5e-05_dropout0.2_hidden_channels64_K2_lambda_fd0.5_lambda_spu0.05_lambda_ind0.1_context_gate_temp1.0_fd_blend0.7_lambda_med0.25.log,python main_frontdoor.py --dataset pubmed --backbone_type gcn --store_result --epochs 500 --runs 2 --num_layers 2 --device 1 --combine_result --lr 0.005 --weight_decay 5e-05 --dropout 0.2 --hidden_channels 64 --K 2 --lambda_fd 0.5 --lambda_spu 0.05 --lambda_ind 0.1 --context_gate_temp 1.0 --fd_blend 0.7 --lambda_med 0.25 --result_name pubmed_gcn_frontdoor_stage2_lr0.005_weight_decay5e-05_dropout0.2_hidden_channels64_K2_lambda_fd0.5_lambda_spu0.05_lambda_ind0.1_context_gate_temp1.0_fd_blend0.7_lambda_med0.25,0,94.11,0.005,5e-05,0.2,64,2,0.5,0.05,0.1,1.0,0.7,0.25,99.98,0.01,97.71,0.07,97.66,0.13,99.97,0.02,97.58,0.12,92.35,0.38,90.15,0.22,90.15
24,pubmed,gcn,stage2,pubmed_gcn_frontdoor_stage2_lr0.005_weight_decay5e-05_dropout0.2_hidden_channels64_K2_lambda_fd0.5_lambda_spu0.05_lambda_ind0.1_context_gate_temp1.0_fd_blend0.7_lambda_med0.5,search_logs_frontdoor/pubmed/gcn/stage2/024_pubmed_gcn_frontdoor_stage2_lr0.005_weight_decay5e-05_dropout0.2_hidden_channels64_K2_lambda_fd0.5_lambda_spu0.05_lambda_ind0.1_context_gate_temp1.0_fd_blend0.7_lambda_med0.5.log,python main_frontdoor.py --dataset pubmed --backbone_type gcn --store_result --epochs 500 --runs 2 --num_layers 2 --device 1 --combine_result --lr 0.005 --weight_decay 5e-05 --dropout 0.2 --hidden_channels 64 --K 2 --lambda_fd 0.5 --lambda_spu 0.05 --lambda_ind 0.1 --context_gate_temp 1.0 --fd_blend 0.7 --lambda_med 0.5 --result_name pubmed_gcn_frontdoor_stage2_lr0.005_weight_decay5e-05_dropout0.2_hidden_channels64_K2_lambda_fd0.5_lambda_spu0.05_lambda_ind0.1_context_gate_temp1.0_fd_blend0.7_lambda_med0.5,0,94.52,0.005,5e-05,0.2,64,2,0.5,0.05,0.1,1.0,0.7,0.5,99.99,0.01,97.61,0.08,97.55,0.17,99.98,0.01,97.42,0.19,93.5,1.13,89.95,1.93,89.95
25,pubmed,gcn,stage2,pubmed_gcn_frontdoor_stage2_lr0.005_weight_decay5e-05_dropout0.2_hidden_channels64_K2_lambda_fd0.5_lambda_spu0.1_lambda_ind0.05_context_gate_temp0.5_fd_blend0.3_lambda_med0.25,search_logs_frontdoor/pubmed/gcn/stage2/025_pubmed_gcn_frontdoor_stage2_lr0.005_weight_decay5e-05_dropout0.2_hidden_channels64_K2_lambda_fd0.5_lambda_spu0.1_lambda_ind0.05_context_gate_temp0.5_fd_blend0.3_lambda_med0.25.log,python main_frontdoor.py --dataset pubmed --backbone_type gcn --store_result --epochs 500 --runs 2 --num_layers 2 --device 1 --combine_result --lr 0.005 --weight_decay 5e-05 --dropout 0.2 --hidden_channels 64 --K 2 --lambda_fd 0.5 --lambda_spu 0.1 --lambda_ind 0.05 --context_gate_temp 0.5 --fd_blend 0.3 --lambda_med 0.25 --result_name pubmed_gcn_frontdoor_stage2_lr0.005_weight_decay5e-05_dropout0.2_hidden_channels64_K2_lambda_fd0.5_lambda_spu0.1_lambda_ind0.05_context_gate_temp0.5_fd_blend0.3_lambda_med0.25,0,95.59,0.005,5e-05,0.2,64,2,0.5,0.1,0.05,0.5,0.3,0.25,99.99,0.0,97.7,0.06,97.59,0.12,99.99,0.0,97.54,0.05,93.86,0.76,90.65,0.93,90.65
26,pubmed,gcn,stage2,pubmed_gcn_frontdoor_stage2_lr0.005_weight_decay5e-05_dropout0.2_hidden_channels64_K2_lambda_fd0.5_lambda_spu0.1_lambda_ind0.05_context_gate_temp0.5_fd_blend0.3_lambda_med0.5,search_logs_frontdoor/pubmed/gcn/stage2/026_pubmed_gcn_frontdoor_stage2_lr0.005_weight_decay5e-05_dropout0.2_hidden_channels64_K2_lambda_fd0.5_lambda_spu0.1_lambda_ind0.05_context_gate_temp0.5_fd_blend0.3_lambda_med0.5.log,python main_frontdoor.py --dataset pubmed --backbone_type gcn --store_result --epochs 500 --runs 2 --num_layers 2 --device 1 --combine_result --lr 0.005 --weight_decay 5e-05 --dropout 0.2 --hidden_channels 64 --K 2 --lambda_fd 0.5 --lambda_spu 0.1 --lambda_ind 0.05 --context_gate_temp 0.5 --fd_blend 0.3 --lambda_med 0.5 --result_name pubmed_gcn_frontdoor_stage2_lr0.005_weight_decay5e-05_dropout0.2_hidden_channels64_K2_lambda_fd0.5_lambda_spu0.1_lambda_ind0.05_context_gate_temp0.5_fd_blend0.3_lambda_med0.5,0,97.43,0.005,5e-05,0.2,64,2,0.5,0.1,0.05,0.5,0.3,0.5,99.99,0.0,97.7,0.08,97.57,0.04,99.99,0.0,97.55,0.07,93.52,0.13,90.34,0.08,90.34
27,pubmed,gcn,stage2,pubmed_gcn_frontdoor_stage2_lr0.005_weight_decay5e-05_dropout0.2_hidden_channels64_K2_lambda_fd0.5_lambda_spu0.1_lambda_ind0.05_context_gate_temp0.5_fd_blend0.5_lambda_med0.25,search_logs_frontdoor/pubmed/gcn/stage2/027_pubmed_gcn_frontdoor_stage2_lr0.005_weight_decay5e-05_dropout0.2_hidden_channels64_K2_lambda_fd0.5_lambda_spu0.1_lambda_ind0.05_context_gate_temp0.5_fd_blend0.5_lambda_med0.25.log,python main_frontdoor.py --dataset pubmed --backbone_type gcn --store_result --epochs 500 --runs 2 --num_layers 2 --device 1 --combine_result --lr 0.005 --weight_decay 5e-05 --dropout 0.2 --hidden_channels 64 --K 2 --lambda_fd 0.5 --lambda_spu 0.1 --lambda_ind 0.05 --context_gate_temp 0.5 --fd_blend 0.5 --lambda_med 0.25 --result_name pubmed_gcn_frontdoor_stage2_lr0.005_weight_decay5e-05_dropout0.2_hidden_channels64_K2_lambda_fd0.5_lambda_spu0.1_lambda_ind0.05_context_gate_temp0.5_fd_blend0.5_lambda_med0.25,0,97.64,0.005,5e-05,0.2,64,2,0.5,0.1,0.05,0.5,0.5,0.25,99.99,0.01,97.72,0.03,97.56,0.15,99.97,0.02,97.4,0.26,93.68,0.3,90.14,0.41,90.14
28,pubmed,gcn,stage2,pubmed_gcn_frontdoor_stage2_lr0.005_weight_decay5e-05_dropout0.2_hidden_channels64_K2_lambda_fd0.5_lambda_spu0.1_lambda_ind0.05_context_gate_temp0.5_fd_blend0.5_lambda_med0.5,search_logs_frontdoor/pubmed/gcn/stage2/028_pubmed_gcn_frontdoor_stage2_lr0.005_weight_decay5e-05_dropout0.2_hidden_channels64_K2_lambda_fd0.5_lambda_spu0.1_lambda_ind0.05_context_gate_temp0.5_fd_blend0.5_lambda_med0.5.log,python main_frontdoor.py --dataset pubmed --backbone_type gcn --store_result --epochs 500 --runs 2 --num_layers 2 --device 1 --combine_result --lr 0.005 --weight_decay 5e-05 --dropout 0.2 --hidden_channels 64 --K 2 --lambda_fd 0.5 --lambda_spu 0.1 --lambda_ind 0.05 --context_gate_temp 0.5 --fd_blend 0.5 --lambda_med 0.5 --result_name pubmed_gcn_frontdoor_stage2_lr0.005_weight_decay5e-05_dropout0.2_hidden_channels64_K2_lambda_fd0.5_lambda_spu0.1_lambda_ind0.05_context_gate_temp0.5_fd_blend0.5_lambda_med0.5,0,97.51,0.005,5e-05,0.2,64,2,0.5,0.1,0.05,0.5,0.5,0.5,99.99,0.0,97.65,0.04,97.56,0.16,99.98,0.0,97.5,0.23,92.82,1.39,89.85,2.44,89.85
29,pubmed,gcn,stage2,pubmed_gcn_frontdoor_stage2_lr0.005_weight_decay5e-05_dropout0.2_hidden_channels64_K2_lambda_fd0.5_lambda_spu0.1_lambda_ind0.05_context_gate_temp0.5_fd_blend0.7_lambda_med0.25,search_logs_frontdoor/pubmed/gcn/stage2/029_pubmed_gcn_frontdoor_stage2_lr0.005_weight_decay5e-05_dropout0.2_hidden_channels64_K2_lambda_fd0.5_lambda_spu0.1_lambda_ind0.05_context_gate_temp0.5_fd_blend0.7_lambda_med0.25.log,python main_frontdoor.py --dataset pubmed --backbone_type gcn --store_result --epochs 500 --runs 2 --num_layers 2 --device 1 --combine_result --lr 0.005 --weight_decay 5e-05 --dropout 0.2 --hidden_channels 64 --K 2 --lambda_fd 0.5 --lambda_spu 0.1 --lambda_ind 0.05 --context_gate_temp 0.5 --fd_blend 0.7 --lambda_med 0.25 --result_name pubmed_gcn_frontdoor_stage2_lr0.005_weight_decay5e-05_dropout0.2_hidden_channels64_K2_lambda_fd0.5_lambda_spu0.1_lambda_ind0.05_context_gate_temp0.5_fd_blend0.7_lambda_med0.25,0,99.33,0.005,5e-05,0.2,64,2,0.5,0.1,0.05,0.5,0.7,0.25,99.99,0.01,97.61,0.04,97.63,0.15,99.97,0.02,97.58,0.22,92.43,0.05,90.17,1.55,90.17
30,pubmed,gcn,stage2,pubmed_gcn_frontdoor_stage2_lr0.005_weight_decay5e-05_dropout0.2_hidden_channels64_K2_lambda_fd0.5_lambda_spu0.1_lambda_ind0.05_context_gate_temp0.5_fd_blend0.7_lambda_med0.5,search_logs_frontdoor/pubmed/gcn/stage2/030_pubmed_gcn_frontdoor_stage2_lr0.005_weight_decay5e-05_dropout0.2_hidden_channels64_K2_lambda_fd0.5_lambda_spu0.1_lambda_ind0.05_context_gate_temp0.5_fd_blend0.7_lambda_med0.5.log,python main_frontdoor.py --dataset pubmed --backbone_type gcn --store_result --epochs 500 --runs 2 --num_layers 2 --device 1 --combine_result --lr 0.005 --weight_decay 5e-05 --dropout 0.2 --hidden_channels 64 --K 2 --lambda_fd 0.5 --lambda_spu 0.1 --lambda_ind 0.05 --context_gate_temp 0.5 --fd_blend 0.7 --lambda_med 0.5 --result_name pubmed_gcn_frontdoor_stage2_lr0.005_weight_decay5e-05_dropout0.2_hidden_channels64_K2_lambda_fd0.5_lambda_spu0.1_lambda_ind0.05_context_gate_temp0.5_fd_blend0.7_lambda_med0.5,0,95.46,0.005,5e-05,0.2,64,2,0.5,0.1,0.05,0.5,0.7,0.5,99.99,0.01,97.63,0.01,97.58,0.18,99.98,0.02,97.44,0.17,93.23,1.12,90.68,1.64,90.68
31,pubmed,gcn,stage2,pubmed_gcn_frontdoor_stage2_lr0.005_weight_decay5e-05_dropout0.2_hidden_channels64_K2_lambda_fd0.5_lambda_spu0.1_lambda_ind0.05_context_gate_temp1.0_fd_blend0.3_lambda_med0.25,search_logs_frontdoor/pubmed/gcn/stage2/031_pubmed_gcn_frontdoor_stage2_lr0.005_weight_decay5e-05_dropout0.2_hidden_channels64_K2_lambda_fd0.5_lambda_spu0.1_lambda_ind0.05_context_gate_temp1.0_fd_blend0.3_lambda_med0.25.log,python main_frontdoor.py --dataset pubmed --backbone_type gcn --store_result --epochs 500 --runs 2 --num_layers 2 --device 1 --combine_result --lr 0.005 --weight_decay 5e-05 --dropout 0.2 --hidden_channels 64 --K 2 --lambda_fd 0.5 --lambda_spu 0.1 --lambda_ind 0.05 --context_gate_temp 1.0 --fd_blend 0.3 --lambda_med 0.25 --result_name pubmed_gcn_frontdoor_stage2_lr0.005_weight_decay5e-05_dropout0.2_hidden_channels64_K2_lambda_fd0.5_lambda_spu0.1_lambda_ind0.05_context_gate_temp1.0_fd_blend0.3_lambda_med0.25,0,94.08,0.005,5e-05,0.2,64,2,0.5,0.1,0.05,1.0,0.3,0.25,99.99,0.0,97.66,0.16,97.55,0.09,99.98,0.01,97.44,0.15,93.69,0.0,90.84,0.63,90.84
32,pubmed,gcn,stage2,pubmed_gcn_frontdoor_stage2_lr0.005_weight_decay5e-05_dropout0.2_hidden_channels64_K2_lambda_fd0.5_lambda_spu0.1_lambda_ind0.05_context_gate_temp1.0_fd_blend0.3_lambda_med0.5,search_logs_frontdoor/pubmed/gcn/stage2/032_pubmed_gcn_frontdoor_stage2_lr0.005_weight_decay5e-05_dropout0.2_hidden_channels64_K2_lambda_fd0.5_lambda_spu0.1_lambda_ind0.05_context_gate_temp1.0_fd_blend0.3_lambda_med0.5.log,python main_frontdoor.py --dataset pubmed --backbone_type gcn --store_result --epochs 500 --runs 2 --num_layers 2 --device 1 --combine_result --lr 0.005 --weight_decay 5e-05 --dropout 0.2 --hidden_channels 64 --K 2 --lambda_fd 0.5 --lambda_spu 0.1 --lambda_ind 0.05 --context_gate_temp 1.0 --fd_blend 0.3 --lambda_med 0.5 --result_name pubmed_gcn_frontdoor_stage2_lr0.005_weight_decay5e-05_dropout0.2_hidden_channels64_K2_lambda_fd0.5_lambda_spu0.1_lambda_ind0.05_context_gate_temp1.0_fd_blend0.3_lambda_med0.5,0,98.28,0.005,5e-05,0.2,64,2,0.5,0.1,0.05,1.0,0.3,0.5,99.99,0.0,97.6,0.07,97.64,0.06,99.98,0.0,97.54,0.04,93.29,0.54,90.79,0.22,90.79
33,pubmed,gcn,stage2,pubmed_gcn_frontdoor_stage2_lr0.005_weight_decay5e-05_dropout0.2_hidden_channels64_K2_lambda_fd0.5_lambda_spu0.1_lambda_ind0.05_context_gate_temp1.0_fd_blend0.5_lambda_med0.25,search_logs_frontdoor/pubmed/gcn/stage2/033_pubmed_gcn_frontdoor_stage2_lr0.005_weight_decay5e-05_dropout0.2_hidden_channels64_K2_lambda_fd0.5_lambda_spu0.1_lambda_ind0.05_context_gate_temp1.0_fd_blend0.5_lambda_med0.25.log,python main_frontdoor.py --dataset pubmed --backbone_type gcn --store_result --epochs 500 --runs 2 --num_layers 2 --device 1 --combine_result --lr 0.005 --weight_decay 5e-05 --dropout 0.2 --hidden_channels 64 --K 2 --lambda_fd 0.5 --lambda_spu 0.1 --lambda_ind 0.05 --context_gate_temp 1.0 --fd_blend 0.5 --lambda_med 0.25 --result_name pubmed_gcn_frontdoor_stage2_lr0.005_weight_decay5e-05_dropout0.2_hidden_channels64_K2_lambda_fd0.5_lambda_spu0.1_lambda_ind0.05_context_gate_temp1.0_fd_blend0.5_lambda_med0.25,0,95.16,0.005,5e-05,0.2,64,2,0.5,0.1,0.05,1.0,0.5,0.25,99.99,0.01,97.59,0.04,97.6,0.24,99.99,0.01,97.53,0.25,93.51,0.6,90.5,1.67,90.5
34,pubmed,gcn,stage2,pubmed_gcn_frontdoor_stage2_lr0.005_weight_decay5e-05_dropout0.2_hidden_channels64_K2_lambda_fd0.5_lambda_spu0.1_lambda_ind0.05_context_gate_temp1.0_fd_blend0.5_lambda_med0.5,search_logs_frontdoor/pubmed/gcn/stage2/034_pubmed_gcn_frontdoor_stage2_lr0.005_weight_decay5e-05_dropout0.2_hidden_channels64_K2_lambda_fd0.5_lambda_spu0.1_lambda_ind0.05_context_gate_temp1.0_fd_blend0.5_lambda_med0.5.log,python main_frontdoor.py --dataset pubmed --backbone_type gcn --store_result --epochs 500 --runs 2 --num_layers 2 --device 1 --combine_result --lr 0.005 --weight_decay 5e-05 --dropout 0.2 --hidden_channels 64 --K 2 --lambda_fd 0.5 --lambda_spu 0.1 --lambda_ind 0.05 --context_gate_temp 1.0 --fd_blend 0.5 --lambda_med 0.5 --result_name pubmed_gcn_frontdoor_stage2_lr0.005_weight_decay5e-05_dropout0.2_hidden_channels64_K2_lambda_fd0.5_lambda_spu0.1_lambda_ind0.05_context_gate_temp1.0_fd_blend0.5_lambda_med0.5,0,100.97,0.005,5e-05,0.2,64,2,0.5,0.1,0.05,1.0,0.5,0.5,99.99,0.0,97.6,0.04,97.61,0.01,99.98,0.01,97.59,0.01,93.53,0.71,90.58,1.41,90.58
35,pubmed,gcn,stage2,pubmed_gcn_frontdoor_stage2_lr0.005_weight_decay5e-05_dropout0.2_hidden_channels64_K2_lambda_fd0.5_lambda_spu0.1_lambda_ind0.05_context_gate_temp1.0_fd_blend0.7_lambda_med0.25,search_logs_frontdoor/pubmed/gcn/stage2/035_pubmed_gcn_frontdoor_stage2_lr0.005_weight_decay5e-05_dropout0.2_hidden_channels64_K2_lambda_fd0.5_lambda_spu0.1_lambda_ind0.05_context_gate_temp1.0_fd_blend0.7_lambda_med0.25.log,python main_frontdoor.py --dataset pubmed --backbone_type gcn --store_result --epochs 500 --runs 2 --num_layers 2 --device 1 --combine_result --lr 0.005 --weight_decay 5e-05 --dropout 0.2 --hidden_channels 64 --K 2 --lambda_fd 0.5 --lambda_spu 0.1 --lambda_ind 0.05 --context_gate_temp 1.0 --fd_blend 0.7 --lambda_med 0.25 --result_name pubmed_gcn_frontdoor_stage2_lr0.005_weight_decay5e-05_dropout0.2_hidden_channels64_K2_lambda_fd0.5_lambda_spu0.1_lambda_ind0.05_context_gate_temp1.0_fd_blend0.7_lambda_med0.25,0,98.86,0.005,5e-05,0.2,64,2,0.5,0.1,0.05,1.0,0.7,0.25,99.98,0.0,97.66,0.03,97.65,0.12,99.97,0.01,97.5,0.0,92.53,0.22,89.54,0.55,89.54
36,pubmed,gcn,stage2,pubmed_gcn_frontdoor_stage2_lr0.005_weight_decay5e-05_dropout0.2_hidden_channels64_K2_lambda_fd0.5_lambda_spu0.1_lambda_ind0.05_context_gate_temp1.0_fd_blend0.7_lambda_med0.5,search_logs_frontdoor/pubmed/gcn/stage2/036_pubmed_gcn_frontdoor_stage2_lr0.005_weight_decay5e-05_dropout0.2_hidden_channels64_K2_lambda_fd0.5_lambda_spu0.1_lambda_ind0.05_context_gate_temp1.0_fd_blend0.7_lambda_med0.5.log,python main_frontdoor.py --dataset pubmed --backbone_type gcn --store_result --epochs 500 --runs 2 --num_layers 2 --device 1 --combine_result --lr 0.005 --weight_decay 5e-05 --dropout 0.2 --hidden_channels 64 --K 2 --lambda_fd 0.5 --lambda_spu 0.1 --lambda_ind 0.05 --context_gate_temp 1.0 --fd_blend 0.7 --lambda_med 0.5 --result_name pubmed_gcn_frontdoor_stage2_lr0.005_weight_decay5e-05_dropout0.2_hidden_channels64_K2_lambda_fd0.5_lambda_spu0.1_lambda_ind0.05_context_gate_temp1.0_fd_blend0.7_lambda_med0.5,0,98.61,0.005,5e-05,0.2,64,2,0.5,0.1,0.05,1.0,0.7,0.5,99.99,0.0,97.54,0.03,97.57,0.19,99.98,0.0,97.46,0.18,93.02,0.98,90.51,0.69,90.51
37,pubmed,gcn,stage2,pubmed_gcn_frontdoor_stage2_lr0.005_weight_decay5e-05_dropout0.2_hidden_channels64_K2_lambda_fd0.5_lambda_spu0.1_lambda_ind0.1_context_gate_temp0.5_fd_blend0.3_lambda_med0.25,search_logs_frontdoor/pubmed/gcn/stage2/037_pubmed_gcn_frontdoor_stage2_lr0.005_weight_decay5e-05_dropout0.2_hidden_channels64_K2_lambda_fd0.5_lambda_spu0.1_lambda_ind0.1_context_gate_temp0.5_fd_blend0.3_lambda_med0.25.log,python main_frontdoor.py --dataset pubmed --backbone_type gcn --store_result --epochs 500 --runs 2 --num_layers 2 --device 1 --combine_result --lr 0.005 --weight_decay 5e-05 --dropout 0.2 --hidden_channels 64 --K 2 --lambda_fd 0.5 --lambda_spu 0.1 --lambda_ind 0.1 --context_gate_temp 0.5 --fd_blend 0.3 --lambda_med 0.25 --result_name pubmed_gcn_frontdoor_stage2_lr0.005_weight_decay5e-05_dropout0.2_hidden_channels64_K2_lambda_fd0.5_lambda_spu0.1_lambda_ind0.1_context_gate_temp0.5_fd_blend0.3_lambda_med0.25,0,95.82,0.005,5e-05,0.2,64,2,0.5,0.1,0.1,0.5,0.3,0.25,99.99,0.0,97.61,0.08,97.54,0.14,99.98,0.0,97.5,0.18,93.79,0.67,91.31,1.28,91.31
38,pubmed,gcn,stage2,pubmed_gcn_frontdoor_stage2_lr0.005_weight_decay5e-05_dropout0.2_hidden_channels64_K2_lambda_fd0.5_lambda_spu0.1_lambda_ind0.1_context_gate_temp0.5_fd_blend0.3_lambda_med0.5,search_logs_frontdoor/pubmed/gcn/stage2/038_pubmed_gcn_frontdoor_stage2_lr0.005_weight_decay5e-05_dropout0.2_hidden_channels64_K2_lambda_fd0.5_lambda_spu0.1_lambda_ind0.1_context_gate_temp0.5_fd_blend0.3_lambda_med0.5.log,python main_frontdoor.py --dataset pubmed --backbone_type gcn --store_result --epochs 500 --runs 2 --num_layers 2 --device 1 --combine_result --lr 0.005 --weight_decay 5e-05 --dropout 0.2 --hidden_channels 64 --K 2 --lambda_fd 0.5 --lambda_spu 0.1 --lambda_ind 0.1 --context_gate_temp 0.5 --fd_blend 0.3 --lambda_med 0.5 --result_name pubmed_gcn_frontdoor_stage2_lr0.005_weight_decay5e-05_dropout0.2_hidden_channels64_K2_lambda_fd0.5_lambda_spu0.1_lambda_ind0.1_context_gate_temp0.5_fd_blend0.3_lambda_med0.5,0,93.44,0.005,5e-05,0.2,64,2,0.5,0.1,0.1,0.5,0.3,0.5,99.99,0.0,97.67,0.06,97.66,0.0,99.98,0.01,97.5,0.07,93.51,0.21,90.37,0.04,90.37
39,pubmed,gcn,stage2,pubmed_gcn_frontdoor_stage2_lr0.005_weight_decay5e-05_dropout0.2_hidden_channels64_K2_lambda_fd0.5_lambda_spu0.1_lambda_ind0.1_context_gate_temp0.5_fd_blend0.5_lambda_med0.25,search_logs_frontdoor/pubmed/gcn/stage2/039_pubmed_gcn_frontdoor_stage2_lr0.005_weight_decay5e-05_dropout0.2_hidden_channels64_K2_lambda_fd0.5_lambda_spu0.1_lambda_ind0.1_context_gate_temp0.5_fd_blend0.5_lambda_med0.25.log,python main_frontdoor.py --dataset pubmed --backbone_type gcn --store_result --epochs 500 --runs 2 --num_layers 2 --device 1 --combine_result --lr 0.005 --weight_decay 5e-05 --dropout 0.2 --hidden_channels 64 --K 2 --lambda_fd 0.5 --lambda_spu 0.1 --lambda_ind 0.1 --context_gate_temp 0.5 --fd_blend 0.5 --lambda_med 0.25 --result_name pubmed_gcn_frontdoor_stage2_lr0.005_weight_decay5e-05_dropout0.2_hidden_channels64_K2_lambda_fd0.5_lambda_spu0.1_lambda_ind0.1_context_gate_temp0.5_fd_blend0.5_lambda_med0.25,0,93.62,0.005,5e-05,0.2,64,2,0.5,0.1,0.1,0.5,0.5,0.25,99.99,0.01,97.63,0.03,97.51,0.14,99.98,0.01,97.48,0.11,93.35,0.41,90.29,0.51,90.29
40,pubmed,gcn,stage2,pubmed_gcn_frontdoor_stage2_lr0.005_weight_decay5e-05_dropout0.2_hidden_channels64_K2_lambda_fd0.5_lambda_spu0.1_lambda_ind0.1_context_gate_temp0.5_fd_blend0.5_lambda_med0.5,search_logs_frontdoor/pubmed/gcn/stage2/040_pubmed_gcn_frontdoor_stage2_lr0.005_weight_decay5e-05_dropout0.2_hidden_channels64_K2_lambda_fd0.5_lambda_spu0.1_lambda_ind0.1_context_gate_temp0.5_fd_blend0.5_lambda_med0.5.log,python main_frontdoor.py --dataset pubmed --backbone_type gcn --store_result --epochs 500 --runs 2 --num_layers 2 --device 1 --combine_result --lr 0.005 --weight_decay 5e-05 --dropout 0.2 --hidden_channels 64 --K 2 --lambda_fd 0.5 --lambda_spu 0.1 --lambda_ind 0.1 --context_gate_temp 0.5 --fd_blend 0.5 --lambda_med 0.5 --result_name pubmed_gcn_frontdoor_stage2_lr0.005_weight_decay5e-05_dropout0.2_hidden_channels64_K2_lambda_fd0.5_lambda_spu0.1_lambda_ind0.1_context_gate_temp0.5_fd_blend0.5_lambda_med0.5,0,95.21,0.005,5e-05,0.2,64,2,0.5,0.1,0.1,0.5,0.5,0.5,99.99,0.0,97.61,0.03,97.59,0.05,99.98,0.01,97.48,0.14,93.1,0.92,90.19,0.71,90.19
41,pubmed,gcn,stage2,pubmed_gcn_frontdoor_stage2_lr0.005_weight_decay5e-05_dropout0.2_hidden_channels64_K2_lambda_fd0.5_lambda_spu0.1_lambda_ind0.1_context_gate_temp0.5_fd_blend0.7_lambda_med0.25,search_logs_frontdoor/pubmed/gcn/stage2/041_pubmed_gcn_frontdoor_stage2_lr0.005_weight_decay5e-05_dropout0.2_hidden_channels64_K2_lambda_fd0.5_lambda_spu0.1_lambda_ind0.1_context_gate_temp0.5_fd_blend0.7_lambda_med0.25.log,python main_frontdoor.py --dataset pubmed --backbone_type gcn --store_result --epochs 500 --runs 2 --num_layers 2 --device 1 --combine_result --lr 0.005 --weight_decay 5e-05 --dropout 0.2 --hidden_channels 64 --K 2 --lambda_fd 0.5 --lambda_spu 0.1 --lambda_ind 0.1 --context_gate_temp 0.5 --fd_blend 0.7 --lambda_med 0.25 --result_name pubmed_gcn_frontdoor_stage2_lr0.005_weight_decay5e-05_dropout0.2_hidden_channels64_K2_lambda_fd0.5_lambda_spu0.1_lambda_ind0.1_context_gate_temp0.5_fd_blend0.7_lambda_med0.25,0,96.26,0.005,5e-05,0.2,64,2,0.5,0.1,0.1,0.5,0.7,0.25,99.98,0.01,97.58,0.08,97.68,0.09,99.98,0.01,97.63,0.02,92.88,0.9,89.22,1.26,89.22
42,pubmed,gcn,stage2,pubmed_gcn_frontdoor_stage2_lr0.005_weight_decay5e-05_dropout0.2_hidden_channels64_K2_lambda_fd0.5_lambda_spu0.1_lambda_ind0.1_context_gate_temp0.5_fd_blend0.7_lambda_med0.5,search_logs_frontdoor/pubmed/gcn/stage2/042_pubmed_gcn_frontdoor_stage2_lr0.005_weight_decay5e-05_dropout0.2_hidden_channels64_K2_lambda_fd0.5_lambda_spu0.1_lambda_ind0.1_context_gate_temp0.5_fd_blend0.7_lambda_med0.5.log,python main_frontdoor.py --dataset pubmed --backbone_type gcn --store_result --epochs 500 --runs 2 --num_layers 2 --device 1 --combine_result --lr 0.005 --weight_decay 5e-05 --dropout 0.2 --hidden_channels 64 --K 2 --lambda_fd 0.5 --lambda_spu 0.1 --lambda_ind 0.1 --context_gate_temp 0.5 --fd_blend 0.7 --lambda_med 0.5 --result_name pubmed_gcn_frontdoor_stage2_lr0.005_weight_decay5e-05_dropout0.2_hidden_channels64_K2_lambda_fd0.5_lambda_spu0.1_lambda_ind0.1_context_gate_temp0.5_fd_blend0.7_lambda_med0.5,0,98.86,0.005,5e-05,0.2,64,2,0.5,0.1,0.1,0.5,0.7,0.5,99.98,0.01,97.6,0.08,97.65,0.07,99.98,0.0,97.56,0.08,93.51,0.26,90.92,0.62,90.92
43,pubmed,gcn,stage2,pubmed_gcn_frontdoor_stage2_lr0.005_weight_decay5e-05_dropout0.2_hidden_channels64_K2_lambda_fd0.5_lambda_spu0.1_lambda_ind0.1_context_gate_temp1.0_fd_blend0.3_lambda_med0.25,search_logs_frontdoor/pubmed/gcn/stage2/043_pubmed_gcn_frontdoor_stage2_lr0.005_weight_decay5e-05_dropout0.2_hidden_channels64_K2_lambda_fd0.5_lambda_spu0.1_lambda_ind0.1_context_gate_temp1.0_fd_blend0.3_lambda_med0.25.log,python main_frontdoor.py --dataset pubmed --backbone_type gcn --store_result --epochs 500 --runs 2 --num_layers 2 --device 1 --combine_result --lr 0.005 --weight_decay 5e-05 --dropout 0.2 --hidden_channels 64 --K 2 --lambda_fd 0.5 --lambda_spu 0.1 --lambda_ind 0.1 --context_gate_temp 1.0 --fd_blend 0.3 --lambda_med 0.25 --result_name pubmed_gcn_frontdoor_stage2_lr0.005_weight_decay5e-05_dropout0.2_hidden_channels64_K2_lambda_fd0.5_lambda_spu0.1_lambda_ind0.1_context_gate_temp1.0_fd_blend0.3_lambda_med0.25,0,94.39,0.005,5e-05,0.2,64,2,0.5,0.1,0.1,1.0,0.3,0.25,99.99,0.0,97.65,0.2,97.54,0.19,99.97,0.03,97.41,0.3,93.81,0.3,90.08,0.24,90.08
44,pubmed,gcn,stage2,pubmed_gcn_frontdoor_stage2_lr0.005_weight_decay5e-05_dropout0.2_hidden_channels64_K2_lambda_fd0.5_lambda_spu0.1_lambda_ind0.1_context_gate_temp1.0_fd_blend0.3_lambda_med0.5,search_logs_frontdoor/pubmed/gcn/stage2/044_pubmed_gcn_frontdoor_stage2_lr0.005_weight_decay5e-05_dropout0.2_hidden_channels64_K2_lambda_fd0.5_lambda_spu0.1_lambda_ind0.1_context_gate_temp1.0_fd_blend0.3_lambda_med0.5.log,python main_frontdoor.py --dataset pubmed --backbone_type gcn --store_result --epochs 500 --runs 2 --num_layers 2 --device 1 --combine_result --lr 0.005 --weight_decay 5e-05 --dropout 0.2 --hidden_channels 64 --K 2 --lambda_fd 0.5 --lambda_spu 0.1 --lambda_ind 0.1 --context_gate_temp 1.0 --fd_blend 0.3 --lambda_med 0.5 --result_name pubmed_gcn_frontdoor_stage2_lr0.005_weight_decay5e-05_dropout0.2_hidden_channels64_K2_lambda_fd0.5_lambda_spu0.1_lambda_ind0.1_context_gate_temp1.0_fd_blend0.3_lambda_med0.5,0,99.13,0.005,5e-05,0.2,64,2,0.5,0.1,0.1,1.0,0.3,0.5,99.99,0.0,97.63,0.06,97.66,0.03,99.98,0.0,97.63,0.01,93.43,0.25,91.43,0.47,91.43
45,pubmed,gcn,stage2,pubmed_gcn_frontdoor_stage2_lr0.005_weight_decay5e-05_dropout0.2_hidden_channels64_K2_lambda_fd0.5_lambda_spu0.1_lambda_ind0.1_context_gate_temp1.0_fd_blend0.5_lambda_med0.25,search_logs_frontdoor/pubmed/gcn/stage2/045_pubmed_gcn_frontdoor_stage2_lr0.005_weight_decay5e-05_dropout0.2_hidden_channels64_K2_lambda_fd0.5_lambda_spu0.1_lambda_ind0.1_context_gate_temp1.0_fd_blend0.5_lambda_med0.25.log,python main_frontdoor.py --dataset pubmed --backbone_type gcn --store_result --epochs 500 --runs 2 --num_layers 2 --device 1 --combine_result --lr 0.005 --weight_decay 5e-05 --dropout 0.2 --hidden_channels 64 --K 2 --lambda_fd 0.5 --lambda_spu 0.1 --lambda_ind 0.1 --context_gate_temp 1.0 --fd_blend 0.5 --lambda_med 0.25 --result_name pubmed_gcn_frontdoor_stage2_lr0.005_weight_decay5e-05_dropout0.2_hidden_channels64_K2_lambda_fd0.5_lambda_spu0.1_lambda_ind0.1_context_gate_temp1.0_fd_blend0.5_lambda_med0.25,0,98.28,0.005,5e-05,0.2,64,2,0.5,0.1,0.1,1.0,0.5,0.25,99.99,0.01,97.65,0.07,97.63,0.2,99.98,0.01,97.53,0.34,93.5,0.28,90.64,0.48,90.64
46,pubmed,gcn,stage2,pubmed_gcn_frontdoor_stage2_lr0.005_weight_decay5e-05_dropout0.2_hidden_channels64_K2_lambda_fd0.5_lambda_spu0.1_lambda_ind0.1_context_gate_temp1.0_fd_blend0.5_lambda_med0.5,search_logs_frontdoor/pubmed/gcn/stage2/046_pubmed_gcn_frontdoor_stage2_lr0.005_weight_decay5e-05_dropout0.2_hidden_channels64_K2_lambda_fd0.5_lambda_spu0.1_lambda_ind0.1_context_gate_temp1.0_fd_blend0.5_lambda_med0.5.log,python main_frontdoor.py --dataset pubmed --backbone_type gcn --store_result --epochs 500 --runs 2 --num_layers 2 --device 1 --combine_result --lr 0.005 --weight_decay 5e-05 --dropout 0.2 --hidden_channels 64 --K 2 --lambda_fd 0.5 --lambda_spu 0.1 --lambda_ind 0.1 --context_gate_temp 1.0 --fd_blend 0.5 --lambda_med 0.5 --result_name pubmed_gcn_frontdoor_stage2_lr0.005_weight_decay5e-05_dropout0.2_hidden_channels64_K2_lambda_fd0.5_lambda_spu0.1_lambda_ind0.1_context_gate_temp1.0_fd_blend0.5_lambda_med0.5,0,99.13,0.005,5e-05,0.2,64,2,0.5,0.1,0.1,1.0,0.5,0.5,99.98,0.01,97.63,0.05,97.59,0.01,99.97,0.0,97.54,0.04,93.59,0.44,91.8,1.12,91.8
47,pubmed,gcn,stage2,pubmed_gcn_frontdoor_stage2_lr0.005_weight_decay5e-05_dropout0.2_hidden_channels64_K2_lambda_fd0.5_lambda_spu0.1_lambda_ind0.1_context_gate_temp1.0_fd_blend0.7_lambda_med0.25,search_logs_frontdoor/pubmed/gcn/stage2/047_pubmed_gcn_frontdoor_stage2_lr0.005_weight_decay5e-05_dropout0.2_hidden_channels64_K2_lambda_fd0.5_lambda_spu0.1_lambda_ind0.1_context_gate_temp1.0_fd_blend0.7_lambda_med0.25.log,python main_frontdoor.py --dataset pubmed --backbone_type gcn --store_result --epochs 500 --runs 2 --num_layers 2 --device 1 --combine_result --lr 0.005 --weight_decay 5e-05 --dropout 0.2 --hidden_channels 64 --K 2 --lambda_fd 0.5 --lambda_spu 0.1 --lambda_ind 0.1 --context_gate_temp 1.0 --fd_blend 0.7 --lambda_med 0.25 --result_name pubmed_gcn_frontdoor_stage2_lr0.005_weight_decay5e-05_dropout0.2_hidden_channels64_K2_lambda_fd0.5_lambda_spu0.1_lambda_ind0.1_context_gate_temp1.0_fd_blend0.7_lambda_med0.25,0,93.8,0.005,5e-05,0.2,64,2,0.5,0.1,0.1,1.0,0.7,0.25,99.98,0.02,97.6,0.09,97.66,0.22,99.97,0.02,97.59,0.31,92.48,0.19,87.91,0.64,87.91
48,pubmed,gcn,stage2,pubmed_gcn_frontdoor_stage2_lr0.005_weight_decay5e-05_dropout0.2_hidden_channels64_K2_lambda_fd0.5_lambda_spu0.1_lambda_ind0.1_context_gate_temp1.0_fd_blend0.7_lambda_med0.5,search_logs_frontdoor/pubmed/gcn/stage2/048_pubmed_gcn_frontdoor_stage2_lr0.005_weight_decay5e-05_dropout0.2_hidden_channels64_K2_lambda_fd0.5_lambda_spu0.1_lambda_ind0.1_context_gate_temp1.0_fd_blend0.7_lambda_med0.5.log,python main_frontdoor.py --dataset pubmed --backbone_type gcn --store_result --epochs 500 --runs 2 --num_layers 2 --device 1 --combine_result --lr 0.005 --weight_decay 5e-05 --dropout 0.2 --hidden_channels 64 --K 2 --lambda_fd 0.5 --lambda_spu 0.1 --lambda_ind 0.1 --context_gate_temp 1.0 --fd_blend 0.7 --lambda_med 0.5 --result_name pubmed_gcn_frontdoor_stage2_lr0.005_weight_decay5e-05_dropout0.2_hidden_channels64_K2_lambda_fd0.5_lambda_spu0.1_lambda_ind0.1_context_gate_temp1.0_fd_blend0.7_lambda_med0.5,0,97.91,0.005,5e-05,0.2,64,2,0.5,0.1,0.1,1.0,0.7,0.5,99.98,0.01,97.65,0.06,97.58,0.17,99.97,0.02,97.51,0.07,93.48,1.04,90.91,1.79,90.91
49,pubmed,gcn,stage2,pubmed_gcn_frontdoor_stage2_lr0.005_weight_decay5e-05_dropout0.2_hidden_channels64_K2_lambda_fd1.0_lambda_spu0.05_lambda_ind0.05_context_gate_temp0.5_fd_blend0.3_lambda_med0.25,search_logs_frontdoor/pubmed/gcn/stage2/049_pubmed_gcn_frontdoor_stage2_lr0.005_weight_decay5e-05_dropout0.2_hidden_channels64_K2_lambda_fd1.0_lambda_spu0.05_lambda_ind0.05_context_gate_temp0.5_fd_blend0.3_lambda_med0.25.log,python main_frontdoor.py --dataset pubmed --backbone_type gcn --store_result --epochs 500 --runs 2 --num_layers 2 --device 1 --combine_result --lr 0.005 --weight_decay 5e-05 --dropout 0.2 --hidden_channels 64 --K 2 --lambda_fd 1.0 --lambda_spu 0.05 --lambda_ind 0.05 --context_gate_temp 0.5 --fd_blend 0.3 --lambda_med 0.25 --result_name pubmed_gcn_frontdoor_stage2_lr0.005_weight_decay5e-05_dropout0.2_hidden_channels64_K2_lambda_fd1.0_lambda_spu0.05_lambda_ind0.05_context_gate_temp0.5_fd_blend0.3_lambda_med0.25,0,98.59,0.005,5e-05,0.2,64,2,1.0,0.05,0.05,0.5,0.3,0.25,99.99,0.0,97.67,0.07,97.56,0.16,99.98,0.0,97.51,0.11,92.84,0.16,90.11,0.22,90.11
50,pubmed,gcn,stage2,pubmed_gcn_frontdoor_stage2_lr0.005_weight_decay5e-05_dropout0.2_hidden_channels64_K2_lambda_fd1.0_lambda_spu0.05_lambda_ind0.05_context_gate_temp0.5_fd_blend0.3_lambda_med0.5,search_logs_frontdoor/pubmed/gcn/stage2/050_pubmed_gcn_frontdoor_stage2_lr0.005_weight_decay5e-05_dropout0.2_hidden_channels64_K2_lambda_fd1.0_lambda_spu0.05_lambda_ind0.05_context_gate_temp0.5_fd_blend0.3_lambda_med0.5.log,python main_frontdoor.py --dataset pubmed --backbone_type gcn --store_result --epochs 500 --runs 2 --num_layers 2 --device 1 --combine_result --lr 0.005 --weight_decay 5e-05 --dropout 0.2 --hidden_channels 64 --K 2 --lambda_fd 1.0 --lambda_spu 0.05 --lambda_ind 0.05 --context_gate_temp 0.5 --fd_blend 0.3 --lambda_med 0.5 --result_name pubmed_gcn_frontdoor_stage2_lr0.005_weight_decay5e-05_dropout0.2_hidden_channels64_K2_lambda_fd1.0_lambda_spu0.05_lambda_ind0.05_context_gate_temp0.5_fd_blend0.3_lambda_med0.5,0,100.98,0.005,5e-05,0.2,64,2,1.0,0.05,0.05,0.5,0.3,0.5,99.99,0.0,97.69,0.04,97.54,0.12,99.99,0.01,97.44,0.13,92.54,0.14,90.55,0.37,90.55
51,pubmed,gcn,stage2,pubmed_gcn_frontdoor_stage2_lr0.005_weight_decay5e-05_dropout0.2_hidden_channels64_K2_lambda_fd1.0_lambda_spu0.05_lambda_ind0.05_context_gate_temp0.5_fd_blend0.5_lambda_med0.25,search_logs_frontdoor/pubmed/gcn/stage2/051_pubmed_gcn_frontdoor_stage2_lr0.005_weight_decay5e-05_dropout0.2_hidden_channels64_K2_lambda_fd1.0_lambda_spu0.05_lambda_ind0.05_context_gate_temp0.5_fd_blend0.5_lambda_med0.25.log,python main_frontdoor.py --dataset pubmed --backbone_type gcn --store_result --epochs 500 --runs 2 --num_layers 2 --device 1 --combine_result --lr 0.005 --weight_decay 5e-05 --dropout 0.2 --hidden_channels 64 --K 2 --lambda_fd 1.0 --lambda_spu 0.05 --lambda_ind 0.05 --context_gate_temp 0.5 --fd_blend 0.5 --lambda_med 0.25 --result_name pubmed_gcn_frontdoor_stage2_lr0.005_weight_decay5e-05_dropout0.2_hidden_channels64_K2_lambda_fd1.0_lambda_spu0.05_lambda_ind0.05_context_gate_temp0.5_fd_blend0.5_lambda_med0.25,0,98.22,0.005,5e-05,0.2,64,2,1.0,0.05,0.05,0.5,0.5,0.25,99.99,0.01,97.66,0.01,97.57,0.23,99.98,0.01,97.48,0.27,92.27,0.76,88.4,0.48,88.4
52,pubmed,gcn,stage2,pubmed_gcn_frontdoor_stage2_lr0.005_weight_decay5e-05_dropout0.2_hidden_channels64_K2_lambda_fd1.0_lambda_spu0.05_lambda_ind0.05_context_gate_temp0.5_fd_blend0.5_lambda_med0.5,search_logs_frontdoor/pubmed/gcn/stage2/052_pubmed_gcn_frontdoor_stage2_lr0.005_weight_decay5e-05_dropout0.2_hidden_channels64_K2_lambda_fd1.0_lambda_spu0.05_lambda_ind0.05_context_gate_temp0.5_fd_blend0.5_lambda_med0.5.log,python main_frontdoor.py --dataset pubmed --backbone_type gcn --store_result --epochs 500 --runs 2 --num_layers 2 --device 1 --combine_result --lr 0.005 --weight_decay 5e-05 --dropout 0.2 --hidden_channels 64 --K 2 --lambda_fd 1.0 --lambda_spu 0.05 --lambda_ind 0.05 --context_gate_temp 0.5 --fd_blend 0.5 --lambda_med 0.5 --result_name pubmed_gcn_frontdoor_stage2_lr0.005_weight_decay5e-05_dropout0.2_hidden_channels64_K2_lambda_fd1.0_lambda_spu0.05_lambda_ind0.05_context_gate_temp0.5_fd_blend0.5_lambda_med0.5,0,98.56,0.005,5e-05,0.2,64,2,1.0,0.05,0.05,0.5,0.5,0.5,99.99,0.0,97.6,0.02,97.57,0.09,99.98,0.0,97.54,0.05,92.48,0.81,89.74,0.09,89.74
53,pubmed,gcn,stage2,pubmed_gcn_frontdoor_stage2_lr0.005_weight_decay5e-05_dropout0.2_hidden_channels64_K2_lambda_fd1.0_lambda_spu0.05_lambda_ind0.05_context_gate_temp0.5_fd_blend0.7_lambda_med0.25,search_logs_frontdoor/pubmed/gcn/stage2/053_pubmed_gcn_frontdoor_stage2_lr0.005_weight_decay5e-05_dropout0.2_hidden_channels64_K2_lambda_fd1.0_lambda_spu0.05_lambda_ind0.05_context_gate_temp0.5_fd_blend0.7_lambda_med0.25.log,python main_frontdoor.py --dataset pubmed --backbone_type gcn --store_result --epochs 500 --runs 2 --num_layers 2 --device 1 --combine_result --lr 0.005 --weight_decay 5e-05 --dropout 0.2 --hidden_channels 64 --K 2 --lambda_fd 1.0 --lambda_spu 0.05 --lambda_ind 0.05 --context_gate_temp 0.5 --fd_blend 0.7 --lambda_med 0.25 --result_name pubmed_gcn_frontdoor_stage2_lr0.005_weight_decay5e-05_dropout0.2_hidden_channels64_K2_lambda_fd1.0_lambda_spu0.05_lambda_ind0.05_context_gate_temp0.5_fd_blend0.7_lambda_med0.25,0,95.23,0.005,5e-05,0.2,64,2,1.0,0.05,0.05,0.5,0.7,0.25,99.98,0.02,97.87,0.08,97.7,0.06,99.97,0.02,97.55,0.08,92.69,0.43,89.52,3.16,89.52
54,pubmed,gcn,stage2,pubmed_gcn_frontdoor_stage2_lr0.005_weight_decay5e-05_dropout0.2_hidden_channels64_K2_lambda_fd1.0_lambda_spu0.05_lambda_ind0.05_context_gate_temp0.5_fd_blend0.7_lambda_med0.5,search_logs_frontdoor/pubmed/gcn/stage2/054_pubmed_gcn_frontdoor_stage2_lr0.005_weight_decay5e-05_dropout0.2_hidden_channels64_K2_lambda_fd1.0_lambda_spu0.05_lambda_ind0.05_context_gate_temp0.5_fd_blend0.7_lambda_med0.5.log,python main_frontdoor.py --dataset pubmed --backbone_type gcn --store_result --epochs 500 --runs 2 --num_layers 2 --device 1 --combine_result --lr 0.005 --weight_decay 5e-05 --dropout 0.2 --hidden_channels 64 --K 2 --lambda_fd 1.0 --lambda_spu 0.05 --lambda_ind 0.05 --context_gate_temp 0.5 --fd_blend 0.7 --lambda_med 0.5 --result_name pubmed_gcn_frontdoor_stage2_lr0.005_weight_decay5e-05_dropout0.2_hidden_channels64_K2_lambda_fd1.0_lambda_spu0.05_lambda_ind0.05_context_gate_temp0.5_fd_blend0.7_lambda_med0.5,0,102.42,0.005,5e-05,0.2,64,2,1.0,0.05,0.05,0.5,0.7,0.5,99.99,0.01,97.64,0.14,97.59,0.21,99.98,0.01,97.57,0.17,92.17,0.14,89.75,2.68,89.75
55,pubmed,gcn,stage2,pubmed_gcn_frontdoor_stage2_lr0.005_weight_decay5e-05_dropout0.2_hidden_channels64_K2_lambda_fd1.0_lambda_spu0.05_lambda_ind0.05_context_gate_temp1.0_fd_blend0.3_lambda_med0.25,search_logs_frontdoor/pubmed/gcn/stage2/055_pubmed_gcn_frontdoor_stage2_lr0.005_weight_decay5e-05_dropout0.2_hidden_channels64_K2_lambda_fd1.0_lambda_spu0.05_lambda_ind0.05_context_gate_temp1.0_fd_blend0.3_lambda_med0.25.log,python main_frontdoor.py --dataset pubmed --backbone_type gcn --store_result --epochs 500 --runs 2 --num_layers 2 --device 1 --combine_result --lr 0.005 --weight_decay 5e-05 --dropout 0.2 --hidden_channels 64 --K 2 --lambda_fd 1.0 --lambda_spu 0.05 --lambda_ind 0.05 --context_gate_temp 1.0 --fd_blend 0.3 --lambda_med 0.25 --result_name pubmed_gcn_frontdoor_stage2_lr0.005_weight_decay5e-05_dropout0.2_hidden_channels64_K2_lambda_fd1.0_lambda_spu0.05_lambda_ind0.05_context_gate_temp1.0_fd_blend0.3_lambda_med0.25,0,98.15,0.005,5e-05,0.2,64,2,1.0,0.05,0.05,1.0,0.3,0.25,99.99,0.0,97.66,0.15,97.67,0.24,99.98,0.0,97.53,0.28,92.92,0.47,89.97,1.81,89.97
56,pubmed,gcn,stage2,pubmed_gcn_frontdoor_stage2_lr0.005_weight_decay5e-05_dropout0.2_hidden_channels64_K2_lambda_fd1.0_lambda_spu0.05_lambda_ind0.05_context_gate_temp1.0_fd_blend0.3_lambda_med0.5,search_logs_frontdoor/pubmed/gcn/stage2/056_pubmed_gcn_frontdoor_stage2_lr0.005_weight_decay5e-05_dropout0.2_hidden_channels64_K2_lambda_fd1.0_lambda_spu0.05_lambda_ind0.05_context_gate_temp1.0_fd_blend0.3_lambda_med0.5.log,python main_frontdoor.py --dataset pubmed --backbone_type gcn --store_result --epochs 500 --runs 2 --num_layers 2 --device 1 --combine_result --lr 0.005 --weight_decay 5e-05 --dropout 0.2 --hidden_channels 64 --K 2 --lambda_fd 1.0 --lambda_spu 0.05 --lambda_ind 0.05 --context_gate_temp 1.0 --fd_blend 0.3 --lambda_med 0.5 --result_name pubmed_gcn_frontdoor_stage2_lr0.005_weight_decay5e-05_dropout0.2_hidden_channels64_K2_lambda_fd1.0_lambda_spu0.05_lambda_ind0.05_context_gate_temp1.0_fd_blend0.3_lambda_med0.5,0,101.38,0.005,5e-05,0.2,64,2,1.0,0.05,0.05,1.0,0.3,0.5,99.99,0.0,97.69,0.25,97.55,0.11,99.98,0.0,97.47,0.05,92.89,0.01,90.85,0.15,90.85
57,pubmed,gcn,stage2,pubmed_gcn_frontdoor_stage2_lr0.005_weight_decay5e-05_dropout0.2_hidden_channels64_K2_lambda_fd1.0_lambda_spu0.05_lambda_ind0.05_context_gate_temp1.0_fd_blend0.5_lambda_med0.25,search_logs_frontdoor/pubmed/gcn/stage2/057_pubmed_gcn_frontdoor_stage2_lr0.005_weight_decay5e-05_dropout0.2_hidden_channels64_K2_lambda_fd1.0_lambda_spu0.05_lambda_ind0.05_context_gate_temp1.0_fd_blend0.5_lambda_med0.25.log,python main_frontdoor.py --dataset pubmed --backbone_type gcn --store_result --epochs 500 --runs 2 --num_layers 2 --device 1 --combine_result --lr 0.005 --weight_decay 5e-05 --dropout 0.2 --hidden_channels 64 --K 2 --lambda_fd 1.0 --lambda_spu 0.05 --lambda_ind 0.05 --context_gate_temp 1.0 --fd_blend 0.5 --lambda_med 0.25 --result_name pubmed_gcn_frontdoor_stage2_lr0.005_weight_decay5e-05_dropout0.2_hidden_channels64_K2_lambda_fd1.0_lambda_spu0.05_lambda_ind0.05_context_gate_temp1.0_fd_blend0.5_lambda_med0.25,0,101.21,0.005,5e-05,0.2,64,2,1.0,0.05,0.05,1.0,0.5,0.25,99.99,0.0,97.71,0.0,97.56,0.18,99.98,0.01,97.44,0.06,92.39,1.05,89.9,1.51,89.9
58,pubmed,gcn,stage2,pubmed_gcn_frontdoor_stage2_lr0.005_weight_decay5e-05_dropout0.2_hidden_channels64_K2_lambda_fd1.0_lambda_spu0.05_lambda_ind0.05_context_gate_temp1.0_fd_blend0.5_lambda_med0.5,search_logs_frontdoor/pubmed/gcn/stage2/058_pubmed_gcn_frontdoor_stage2_lr0.005_weight_decay5e-05_dropout0.2_hidden_channels64_K2_lambda_fd1.0_lambda_spu0.05_lambda_ind0.05_context_gate_temp1.0_fd_blend0.5_lambda_med0.5.log,python main_frontdoor.py --dataset pubmed --backbone_type gcn --store_result --epochs 500 --runs 2 --num_layers 2 --device 1 --combine_result --lr 0.005 --weight_decay 5e-05 --dropout 0.2 --hidden_channels 64 --K 2 --lambda_fd 1.0 --lambda_spu 0.05 --lambda_ind 0.05 --context_gate_temp 1.0 --fd_blend 0.5 --lambda_med 0.5 --result_name pubmed_gcn_frontdoor_stage2_lr0.005_weight_decay5e-05_dropout0.2_hidden_channels64_K2_lambda_fd1.0_lambda_spu0.05_lambda_ind0.05_context_gate_temp1.0_fd_blend0.5_lambda_med0.5,0,96.72,0.005,5e-05,0.2,64,2,1.0,0.05,0.05,1.0,0.5,0.5,99.98,0.0,97.65,0.06,97.53,0.14,99.98,0.0,97.45,0.03,93.05,0.84,90.36,1.9,90.36
59,pubmed,gcn,stage2,pubmed_gcn_frontdoor_stage2_lr0.005_weight_decay5e-05_dropout0.2_hidden_channels64_K2_lambda_fd1.0_lambda_spu0.05_lambda_ind0.05_context_gate_temp1.0_fd_blend0.7_lambda_med0.25,search_logs_frontdoor/pubmed/gcn/stage2/059_pubmed_gcn_frontdoor_stage2_lr0.005_weight_decay5e-05_dropout0.2_hidden_channels64_K2_lambda_fd1.0_lambda_spu0.05_lambda_ind0.05_context_gate_temp1.0_fd_blend0.7_lambda_med0.25.log,python main_frontdoor.py --dataset pubmed --backbone_type gcn --store_result --epochs 500 --runs 2 --num_layers 2 --device 1 --combine_result --lr 0.005 --weight_decay 5e-05 --dropout 0.2 --hidden_channels 64 --K 2 --lambda_fd 1.0 --lambda_spu 0.05 --lambda_ind 0.05 --context_gate_temp 1.0 --fd_blend 0.7 --lambda_med 0.25 --result_name pubmed_gcn_frontdoor_stage2_lr0.005_weight_decay5e-05_dropout0.2_hidden_channels64_K2_lambda_fd1.0_lambda_spu0.05_lambda_ind0.05_context_gate_temp1.0_fd_blend0.7_lambda_med0.25,0,98.18,0.005,5e-05,0.2,64,2,1.0,0.05,0.05,1.0,0.7,0.25,99.98,0.01,97.78,0.1,97.63,0.13,99.98,0.02,97.62,0.16,92.19,0.68,88.76,1.37,88.76
60,pubmed,gcn,stage2,pubmed_gcn_frontdoor_stage2_lr0.005_weight_decay5e-05_dropout0.2_hidden_channels64_K2_lambda_fd1.0_lambda_spu0.05_lambda_ind0.05_context_gate_temp1.0_fd_blend0.7_lambda_med0.5,search_logs_frontdoor/pubmed/gcn/stage2/060_pubmed_gcn_frontdoor_stage2_lr0.005_weight_decay5e-05_dropout0.2_hidden_channels64_K2_lambda_fd1.0_lambda_spu0.05_lambda_ind0.05_context_gate_temp1.0_fd_blend0.7_lambda_med0.5.log,python main_frontdoor.py --dataset pubmed --backbone_type gcn --store_result --epochs 500 --runs 2 --num_layers 2 --device 1 --combine_result --lr 0.005 --weight_decay 5e-05 --dropout 0.2 --hidden_channels 64 --K 2 --lambda_fd 1.0 --lambda_spu 0.05 --lambda_ind 0.05 --context_gate_temp 1.0 --fd_blend 0.7 --lambda_med 0.5 --result_name pubmed_gcn_frontdoor_stage2_lr0.005_weight_decay5e-05_dropout0.2_hidden_channels64_K2_lambda_fd1.0_lambda_spu0.05_lambda_ind0.05_context_gate_temp1.0_fd_blend0.7_lambda_med0.5,0,98.09,0.005,5e-05,0.2,64,2,1.0,0.05,0.05,1.0,0.7,0.5,99.99,0.0,97.71,0.02,97.67,0.06,99.96,0.01,97.51,0.11,91.74,0.46,89.72,1.2,89.72
61,pubmed,gcn,stage2,pubmed_gcn_frontdoor_stage2_lr0.005_weight_decay5e-05_dropout0.2_hidden_channels64_K2_lambda_fd1.0_lambda_spu0.05_lambda_ind0.1_context_gate_temp0.5_fd_blend0.3_lambda_med0.25,search_logs_frontdoor/pubmed/gcn/stage2/061_pubmed_gcn_frontdoor_stage2_lr0.005_weight_decay5e-05_dropout0.2_hidden_channels64_K2_lambda_fd1.0_lambda_spu0.05_lambda_ind0.1_context_gate_temp0.5_fd_blend0.3_lambda_med0.25.log,python main_frontdoor.py --dataset pubmed --backbone_type gcn --store_result --epochs 500 --runs 2 --num_layers 2 --device 1 --combine_result --lr 0.005 --weight_decay 5e-05 --dropout 0.2 --hidden_channels 64 --K 2 --lambda_fd 1.0 --lambda_spu 0.05 --lambda_ind 0.1 --context_gate_temp 0.5 --fd_blend 0.3 --lambda_med 0.25 --result_name pubmed_gcn_frontdoor_stage2_lr0.005_weight_decay5e-05_dropout0.2_hidden_channels64_K2_lambda_fd1.0_lambda_spu0.05_lambda_ind0.1_context_gate_temp0.5_fd_blend0.3_lambda_med0.25,0,102.75,0.005,5e-05,0.2,64,2,1.0,0.05,0.1,0.5,0.3,0.25,99.99,0.0,97.6,0.07,97.58,0.08,99.98,0.0,97.51,0.17,92.78,0.23,90.87,0.46,90.87
62,pubmed,gcn,stage2,pubmed_gcn_frontdoor_stage2_lr0.005_weight_decay5e-05_dropout0.2_hidden_channels64_K2_lambda_fd1.0_lambda_spu0.05_lambda_ind0.1_context_gate_temp0.5_fd_blend0.3_lambda_med0.5,search_logs_frontdoor/pubmed/gcn/stage2/062_pubmed_gcn_frontdoor_stage2_lr0.005_weight_decay5e-05_dropout0.2_hidden_channels64_K2_lambda_fd1.0_lambda_spu0.05_lambda_ind0.1_context_gate_temp0.5_fd_blend0.3_lambda_med0.5.log,python main_frontdoor.py --dataset pubmed --backbone_type gcn --store_result --epochs 500 --runs 2 --num_layers 2 --device 1 --combine_result --lr 0.005 --weight_decay 5e-05 --dropout 0.2 --hidden_channels 64 --K 2 --lambda_fd 1.0 --lambda_spu 0.05 --lambda_ind 0.1 --context_gate_temp 0.5 --fd_blend 0.3 --lambda_med 0.5 --result_name pubmed_gcn_frontdoor_stage2_lr0.005_weight_decay5e-05_dropout0.2_hidden_channels64_K2_lambda_fd1.0_lambda_spu0.05_lambda_ind0.1_context_gate_temp0.5_fd_blend0.3_lambda_med0.5,0,103.27,0.005,5e-05,0.2,64,2,1.0,0.05,0.1,0.5,0.3,0.5,99.99,0.0,97.71,0.05,97.61,0.05,99.98,0.0,97.55,0.03,92.26,0.53,89.81,0.75,89.81
63,pubmed,gcn,stage2,pubmed_gcn_frontdoor_stage2_lr0.005_weight_decay5e-05_dropout0.2_hidden_channels64_K2_lambda_fd1.0_lambda_spu0.05_lambda_ind0.1_context_gate_temp0.5_fd_blend0.5_lambda_med0.25,search_logs_frontdoor/pubmed/gcn/stage2/063_pubmed_gcn_frontdoor_stage2_lr0.005_weight_decay5e-05_dropout0.2_hidden_channels64_K2_lambda_fd1.0_lambda_spu0.05_lambda_ind0.1_context_gate_temp0.5_fd_blend0.5_lambda_med0.25.log,python main_frontdoor.py --dataset pubmed --backbone_type gcn --store_result --epochs 500 --runs 2 --num_layers 2 --device 1 --combine_result --lr 0.005 --weight_decay 5e-05 --dropout 0.2 --hidden_channels 64 --K 2 --lambda_fd 1.0 --lambda_spu 0.05 --lambda_ind 0.1 --context_gate_temp 0.5 --fd_blend 0.5 --lambda_med 0.25 --result_name pubmed_gcn_frontdoor_stage2_lr0.005_weight_decay5e-05_dropout0.2_hidden_channels64_K2_lambda_fd1.0_lambda_spu0.05_lambda_ind0.1_context_gate_temp0.5_fd_blend0.5_lambda_med0.25,0,103.81,0.005,5e-05,0.2,64,2,1.0,0.05,0.1,0.5,0.5,0.25,99.99,0.0,97.61,0.05,97.59,0.2,99.98,0.01,97.46,0.12,93.06,0.83,90.39,2.38,90.39
64,pubmed,gcn,stage2,pubmed_gcn_frontdoor_stage2_lr0.005_weight_decay5e-05_dropout0.2_hidden_channels64_K2_lambda_fd1.0_lambda_spu0.05_lambda_ind0.1_context_gate_temp0.5_fd_blend0.5_lambda_med0.5,search_logs_frontdoor/pubmed/gcn/stage2/064_pubmed_gcn_frontdoor_stage2_lr0.005_weight_decay5e-05_dropout0.2_hidden_channels64_K2_lambda_fd1.0_lambda_spu0.05_lambda_ind0.1_context_gate_temp0.5_fd_blend0.5_lambda_med0.5.log,python main_frontdoor.py --dataset pubmed --backbone_type gcn --store_result --epochs 500 --runs 2 --num_layers 2 --device 1 --combine_result --lr 0.005 --weight_decay 5e-05 --dropout 0.2 --hidden_channels 64 --K 2 --lambda_fd 1.0 --lambda_spu 0.05 --lambda_ind 0.1 --context_gate_temp 0.5 --fd_blend 0.5 --lambda_med 0.5 --result_name pubmed_gcn_frontdoor_stage2_lr0.005_weight_decay5e-05_dropout0.2_hidden_channels64_K2_lambda_fd1.0_lambda_spu0.05_lambda_ind0.1_context_gate_temp0.5_fd_blend0.5_lambda_med0.5,0,146.77,0.005,5e-05,0.2,64,2,1.0,0.05,0.1,0.5,0.5,0.5,99.99,0.01,97.72,0.06,97.6,0.18,99.98,0.01,97.49,0.24,93.96,0.31,90.79,1.45,90.79
65,pubmed,gcn,stage2,pubmed_gcn_frontdoor_stage2_lr0.005_weight_decay5e-05_dropout0.2_hidden_channels64_K2_lambda_fd1.0_lambda_spu0.05_lambda_ind0.1_context_gate_temp0.5_fd_blend0.7_lambda_med0.25,search_logs_frontdoor/pubmed/gcn/stage2/065_pubmed_gcn_frontdoor_stage2_lr0.005_weight_decay5e-05_dropout0.2_hidden_channels64_K2_lambda_fd1.0_lambda_spu0.05_lambda_ind0.1_context_gate_temp0.5_fd_blend0.7_lambda_med0.25.log,python main_frontdoor.py --dataset pubmed --backbone_type gcn --store_result --epochs 500 --runs 2 --num_layers 2 --device 1 --combine_result --lr 0.005 --weight_decay 5e-05 --dropout 0.2 --hidden_channels 64 --K 2 --lambda_fd 1.0 --lambda_spu 0.05 --lambda_ind 0.1 --context_gate_temp 0.5 --fd_blend 0.7 --lambda_med 0.25 --result_name pubmed_gcn_frontdoor_stage2_lr0.005_weight_decay5e-05_dropout0.2_hidden_channels64_K2_lambda_fd1.0_lambda_spu0.05_lambda_ind0.1_context_gate_temp0.5_fd_blend0.7_lambda_med0.25,0,147.75,0.005,5e-05,0.2,64,2,1.0,0.05,0.1,0.5,0.7,0.25,99.98,0.0,97.71,0.01,97.68,0.04,99.98,0.01,97.61,0.04,93.41,0.57,90.47,0.79,90.47
66,pubmed,gcn,stage2,pubmed_gcn_frontdoor_stage2_lr0.005_weight_decay5e-05_dropout0.2_hidden_channels64_K2_lambda_fd1.0_lambda_spu0.05_lambda_ind0.1_context_gate_temp0.5_fd_blend0.7_lambda_med0.5,search_logs_frontdoor/pubmed/gcn/stage2/066_pubmed_gcn_frontdoor_stage2_lr0.005_weight_decay5e-05_dropout0.2_hidden_channels64_K2_lambda_fd1.0_lambda_spu0.05_lambda_ind0.1_context_gate_temp0.5_fd_blend0.7_lambda_med0.5.log,python main_frontdoor.py --dataset pubmed --backbone_type gcn --store_result --epochs 500 --runs 2 --num_layers 2 --device 1 --combine_result --lr 0.005 --weight_decay 5e-05 --dropout 0.2 --hidden_channels 64 --K 2 --lambda_fd 1.0 --lambda_spu 0.05 --lambda_ind 0.1 --context_gate_temp 0.5 --fd_blend 0.7 --lambda_med 0.5 --result_name pubmed_gcn_frontdoor_stage2_lr0.005_weight_decay5e-05_dropout0.2_hidden_channels64_K2_lambda_fd1.0_lambda_spu0.05_lambda_ind0.1_context_gate_temp0.5_fd_blend0.7_lambda_med0.5,0,119.7,0.005,5e-05,0.2,64,2,1.0,0.05,0.1,0.5,0.7,0.5,99.99,0.01,97.71,0.07,97.74,0.16,99.97,0.02,97.63,0.28,93.76,0.78,90.92,0.33,90.92
67,pubmed,gcn,stage2,pubmed_gcn_frontdoor_stage2_lr0.005_weight_decay5e-05_dropout0.2_hidden_channels64_K2_lambda_fd1.0_lambda_spu0.05_lambda_ind0.1_context_gate_temp1.0_fd_blend0.3_lambda_med0.25,search_logs_frontdoor/pubmed/gcn/stage2/067_pubmed_gcn_frontdoor_stage2_lr0.005_weight_decay5e-05_dropout0.2_hidden_channels64_K2_lambda_fd1.0_lambda_spu0.05_lambda_ind0.1_context_gate_temp1.0_fd_blend0.3_lambda_med0.25.log,python main_frontdoor.py --dataset pubmed --backbone_type gcn --store_result --epochs 500 --runs 2 --num_layers 2 --device 1 --combine_result --lr 0.005 --weight_decay 5e-05 --dropout 0.2 --hidden_channels 64 --K 2 --lambda_fd 1.0 --lambda_spu 0.05 --lambda_ind 0.1 --context_gate_temp 1.0 --fd_blend 0.3 --lambda_med 0.25 --result_name pubmed_gcn_frontdoor_stage2_lr0.005_weight_decay5e-05_dropout0.2_hidden_channels64_K2_lambda_fd1.0_lambda_spu0.05_lambda_ind0.1_context_gate_temp1.0_fd_blend0.3_lambda_med0.25,0,103.61,0.005,5e-05,0.2,64,2,1.0,0.05,0.1,1.0,0.3,0.25,99.99,0.01,97.72,0.03,97.58,0.15,99.99,0.0,97.53,0.07,93.19,0.04,90.48,0.39,90.48
68,pubmed,gcn,stage2,pubmed_gcn_frontdoor_stage2_lr0.005_weight_decay5e-05_dropout0.2_hidden_channels64_K2_lambda_fd1.0_lambda_spu0.05_lambda_ind0.1_context_gate_temp1.0_fd_blend0.3_lambda_med0.5,search_logs_frontdoor/pubmed/gcn/stage2/068_pubmed_gcn_frontdoor_stage2_lr0.005_weight_decay5e-05_dropout0.2_hidden_channels64_K2_lambda_fd1.0_lambda_spu0.05_lambda_ind0.1_context_gate_temp1.0_fd_blend0.3_lambda_med0.5.log,python main_frontdoor.py --dataset pubmed --backbone_type gcn --store_result --epochs 500 --runs 2 --num_layers 2 --device 1 --combine_result --lr 0.005 --weight_decay 5e-05 --dropout 0.2 --hidden_channels 64 --K 2 --lambda_fd 1.0 --lambda_spu 0.05 --lambda_ind 0.1 --context_gate_temp 1.0 --fd_blend 0.3 --lambda_med 0.5 --result_name pubmed_gcn_frontdoor_stage2_lr0.005_weight_decay5e-05_dropout0.2_hidden_channels64_K2_lambda_fd1.0_lambda_spu0.05_lambda_ind0.1_context_gate_temp1.0_fd_blend0.3_lambda_med0.5,0,103.13,0.005,5e-05,0.2,64,2,1.0,0.05,0.1,1.0,0.3,0.5,99.99,0.0,97.72,0.22,97.55,0.14,99.98,0.0,97.4,0.16,93.23,0.09,89.65,0.15,89.65
69,pubmed,gcn,stage2,pubmed_gcn_frontdoor_stage2_lr0.005_weight_decay5e-05_dropout0.2_hidden_channels64_K2_lambda_fd1.0_lambda_spu0.05_lambda_ind0.1_context_gate_temp1.0_fd_blend0.5_lambda_med0.25,search_logs_frontdoor/pubmed/gcn/stage2/069_pubmed_gcn_frontdoor_stage2_lr0.005_weight_decay5e-05_dropout0.2_hidden_channels64_K2_lambda_fd1.0_lambda_spu0.05_lambda_ind0.1_context_gate_temp1.0_fd_blend0.5_lambda_med0.25.log,python main_frontdoor.py --dataset pubmed --backbone_type gcn --store_result --epochs 500 --runs 2 --num_layers 2 --device 1 --combine_result --lr 0.005 --weight_decay 5e-05 --dropout 0.2 --hidden_channels 64 --K 2 --lambda_fd 1.0 --lambda_spu 0.05 --lambda_ind 0.1 --context_gate_temp 1.0 --fd_blend 0.5 --lambda_med 0.25 --result_name pubmed_gcn_frontdoor_stage2_lr0.005_weight_decay5e-05_dropout0.2_hidden_channels64_K2_lambda_fd1.0_lambda_spu0.05_lambda_ind0.1_context_gate_temp1.0_fd_blend0.5_lambda_med0.25,0,103.68,0.005,5e-05,0.2,64,2,1.0,0.05,0.1,1.0,0.5,0.25,99.98,0.01,97.64,0.06,97.7,0.09,99.98,0.0,97.55,0.24,93.37,0.87,90.1,0.87,90.1
70,pubmed,gcn,stage2,pubmed_gcn_frontdoor_stage2_lr0.005_weight_decay5e-05_dropout0.2_hidden_channels64_K2_lambda_fd1.0_lambda_spu0.05_lambda_ind0.1_context_gate_temp1.0_fd_blend0.5_lambda_med0.5,search_logs_frontdoor/pubmed/gcn/stage2/070_pubmed_gcn_frontdoor_stage2_lr0.005_weight_decay5e-05_dropout0.2_hidden_channels64_K2_lambda_fd1.0_lambda_spu0.05_lambda_ind0.1_context_gate_temp1.0_fd_blend0.5_lambda_med0.5.log,python main_frontdoor.py --dataset pubmed --backbone_type gcn --store_result --epochs 500 --runs 2 --num_layers 2 --device 1 --combine_result --lr 0.005 --weight_decay 5e-05 --dropout 0.2 --hidden_channels 64 --K 2 --lambda_fd 1.0 --lambda_spu 0.05 --lambda_ind 0.1 --context_gate_temp 1.0 --fd_blend 0.5 --lambda_med 0.5 --result_name pubmed_gcn_frontdoor_stage2_lr0.005_weight_decay5e-05_dropout0.2_hidden_channels64_K2_lambda_fd1.0_lambda_spu0.05_lambda_ind0.1_context_gate_temp1.0_fd_blend0.5_lambda_med0.5,0,109.59,0.005,5e-05,0.2,64,2,1.0,0.05,0.1,1.0,0.5,0.5,99.99,0.0,97.79,0.09,97.6,0.26,99.98,0.01,97.56,0.22,93.29,0.64,89.51,0.1,89.51
71,pubmed,gcn,stage2,pubmed_gcn_frontdoor_stage2_lr0.005_weight_decay5e-05_dropout0.2_hidden_channels64_K2_lambda_fd1.0_lambda_spu0.05_lambda_ind0.1_context_gate_temp1.0_fd_blend0.7_lambda_med0.25,search_logs_frontdoor/pubmed/gcn/stage2/071_pubmed_gcn_frontdoor_stage2_lr0.005_weight_decay5e-05_dropout0.2_hidden_channels64_K2_lambda_fd1.0_lambda_spu0.05_lambda_ind0.1_context_gate_temp1.0_fd_blend0.7_lambda_med0.25.log,python main_frontdoor.py --dataset pubmed --backbone_type gcn --store_result --epochs 500 --runs 2 --num_layers 2 --device 1 --combine_result --lr 0.005 --weight_decay 5e-05 --dropout 0.2 --hidden_channels 64 --K 2 --lambda_fd 1.0 --lambda_spu 0.05 --lambda_ind 0.1 --context_gate_temp 1.0 --fd_blend 0.7 --lambda_med 0.25 --result_name pubmed_gcn_frontdoor_stage2_lr0.005_weight_decay5e-05_dropout0.2_hidden_channels64_K2_lambda_fd1.0_lambda_spu0.05_lambda_ind0.1_context_gate_temp1.0_fd_blend0.7_lambda_med0.25,0,104.99,0.005,5e-05,0.2,64,2,1.0,0.05,0.1,1.0,0.7,0.25,99.98,0.0,97.79,0.02,97.71,0.13,99.97,0.0,97.58,0.05,93.38,0.12,90.68,0.67,90.68
72,pubmed,gcn,stage2,pubmed_gcn_frontdoor_stage2_lr0.005_weight_decay5e-05_dropout0.2_hidden_channels64_K2_lambda_fd1.0_lambda_spu0.05_lambda_ind0.1_context_gate_temp1.0_fd_blend0.7_lambda_med0.5,search_logs_frontdoor/pubmed/gcn/stage2/072_pubmed_gcn_frontdoor_stage2_lr0.005_weight_decay5e-05_dropout0.2_hidden_channels64_K2_lambda_fd1.0_lambda_spu0.05_lambda_ind0.1_context_gate_temp1.0_fd_blend0.7_lambda_med0.5.log,python main_frontdoor.py --dataset pubmed --backbone_type gcn --store_result --epochs 500 --runs 2 --num_layers 2 --device 1 --combine_result --lr 0.005 --weight_decay 5e-05 --dropout 0.2 --hidden_channels 64 --K 2 --lambda_fd 1.0 --lambda_spu 0.05 --lambda_ind 0.1 --context_gate_temp 1.0 --fd_blend 0.7 --lambda_med 0.5 --result_name pubmed_gcn_frontdoor_stage2_lr0.005_weight_decay5e-05_dropout0.2_hidden_channels64_K2_lambda_fd1.0_lambda_spu0.05_lambda_ind0.1_context_gate_temp1.0_fd_blend0.7_lambda_med0.5,0,107.03,0.005,5e-05,0.2,64,2,1.0,0.05,0.1,1.0,0.7,0.5,99.98,0.01,97.69,0.03,97.69,0.13,99.97,0.0,97.59,0.08,92.89,0.92,90.63,2.57,90.63
73,pubmed,gcn,stage2,pubmed_gcn_frontdoor_stage2_lr0.005_weight_decay5e-05_dropout0.2_hidden_channels64_K2_lambda_fd1.0_lambda_spu0.1_lambda_ind0.05_context_gate_temp0.5_fd_blend0.3_lambda_med0.25,search_logs_frontdoor/pubmed/gcn/stage2/073_pubmed_gcn_frontdoor_stage2_lr0.005_weight_decay5e-05_dropout0.2_hidden_channels64_K2_lambda_fd1.0_lambda_spu0.1_lambda_ind0.05_context_gate_temp0.5_fd_blend0.3_lambda_med0.25.log,python main_frontdoor.py --dataset pubmed --backbone_type gcn --store_result --epochs 500 --runs 2 --num_layers 2 --device 1 --combine_result --lr 0.005 --weight_decay 5e-05 --dropout 0.2 --hidden_channels 64 --K 2 --lambda_fd 1.0 --lambda_spu 0.1 --lambda_ind 0.05 --context_gate_temp 0.5 --fd_blend 0.3 --lambda_med 0.25 --result_name pubmed_gcn_frontdoor_stage2_lr0.005_weight_decay5e-05_dropout0.2_hidden_channels64_K2_lambda_fd1.0_lambda_spu0.1_lambda_ind0.05_context_gate_temp0.5_fd_blend0.3_lambda_med0.25,0,102.63,0.005,5e-05,0.2,64,2,1.0,0.1,0.05,0.5,0.3,0.25,99.99,0.01,97.68,0.07,97.66,0.08,99.98,0.01,97.55,0.05,93.22,0.39,90.27,1.04,90.27
74,pubmed,gcn,stage2,pubmed_gcn_frontdoor_stage2_lr0.005_weight_decay5e-05_dropout0.2_hidden_channels64_K2_lambda_fd1.0_lambda_spu0.1_lambda_ind0.05_context_gate_temp0.5_fd_blend0.3_lambda_med0.5,search_logs_frontdoor/pubmed/gcn/stage2/074_pubmed_gcn_frontdoor_stage2_lr0.005_weight_decay5e-05_dropout0.2_hidden_channels64_K2_lambda_fd1.0_lambda_spu0.1_lambda_ind0.05_context_gate_temp0.5_fd_blend0.3_lambda_med0.5.log,python main_frontdoor.py --dataset pubmed --backbone_type gcn --store_result --epochs 500 --runs 2 --num_layers 2 --device 1 --combine_result --lr 0.005 --weight_decay 5e-05 --dropout 0.2 --hidden_channels 64 --K 2 --lambda_fd 1.0 --lambda_spu 0.1 --lambda_ind 0.05 --context_gate_temp 0.5 --fd_blend 0.3 --lambda_med 0.5 --result_name pubmed_gcn_frontdoor_stage2_lr0.005_weight_decay5e-05_dropout0.2_hidden_channels64_K2_lambda_fd1.0_lambda_spu0.1_lambda_ind0.05_context_gate_temp0.5_fd_blend0.3_lambda_med0.5,0,102.91,0.005,5e-05,0.2,64,2,1.0,0.1,0.05,0.5,0.3,0.5,99.98,0.01,97.69,0.05,97.64,0.07,99.98,0.0,97.47,0.02,92.01,0.0,89.58,1.36,89.58
75,pubmed,gcn,stage2,pubmed_gcn_frontdoor_stage2_lr0.005_weight_decay5e-05_dropout0.2_hidden_channels64_K2_lambda_fd1.0_lambda_spu0.1_lambda_ind0.05_context_gate_temp0.5_fd_blend0.5_lambda_med0.25,search_logs_frontdoor/pubmed/gcn/stage2/075_pubmed_gcn_frontdoor_stage2_lr0.005_weight_decay5e-05_dropout0.2_hidden_channels64_K2_lambda_fd1.0_lambda_spu0.1_lambda_ind0.05_context_gate_temp0.5_fd_blend0.5_lambda_med0.25.log,python main_frontdoor.py --dataset pubmed --backbone_type gcn --store_result --epochs 500 --runs 2 --num_layers 2 --device 1 --combine_result --lr 0.005 --weight_decay 5e-05 --dropout 0.2 --hidden_channels 64 --K 2 --lambda_fd 1.0 --lambda_spu 0.1 --lambda_ind 0.05 --context_gate_temp 0.5 --fd_blend 0.5 --lambda_med 0.25 --result_name pubmed_gcn_frontdoor_stage2_lr0.005_weight_decay5e-05_dropout0.2_hidden_channels64_K2_lambda_fd1.0_lambda_spu0.1_lambda_ind0.05_context_gate_temp0.5_fd_blend0.5_lambda_med0.25,0,103.23,0.005,5e-05,0.2,64,2,1.0,0.1,0.05,0.5,0.5,0.25,99.98,0.01,97.66,0.08,97.62,0.2,99.98,0.01,97.55,0.19,93.04,0.56,90.22,0.55,90.22
76,pubmed,gcn,stage2,pubmed_gcn_frontdoor_stage2_lr0.005_weight_decay5e-05_dropout0.2_hidden_channels64_K2_lambda_fd1.0_lambda_spu0.1_lambda_ind0.05_context_gate_temp0.5_fd_blend0.5_lambda_med0.5,search_logs_frontdoor/pubmed/gcn/stage2/076_pubmed_gcn_frontdoor_stage2_lr0.005_weight_decay5e-05_dropout0.2_hidden_channels64_K2_lambda_fd1.0_lambda_spu0.1_lambda_ind0.05_context_gate_temp0.5_fd_blend0.5_lambda_med0.5.log,python main_frontdoor.py --dataset pubmed --backbone_type gcn --store_result --epochs 500 --runs 2 --num_layers 2 --device 1 --combine_result --lr 0.005 --weight_decay 5e-05 --dropout 0.2 --hidden_channels 64 --K 2 --lambda_fd 1.0 --lambda_spu 0.1 --lambda_ind 0.05 --context_gate_temp 0.5 --fd_blend 0.5 --lambda_med 0.5 --result_name pubmed_gcn_frontdoor_stage2_lr0.005_weight_decay5e-05_dropout0.2_hidden_channels64_K2_lambda_fd1.0_lambda_spu0.1_lambda_ind0.05_context_gate_temp0.5_fd_blend0.5_lambda_med0.5,0,102.05,0.005,5e-05,0.2,64,2,1.0,0.1,0.05,0.5,0.5,0.5,99.99,0.01,97.75,0.02,97.61,0.21,99.98,0.01,97.52,0.2,93.59,0.96,90.5,0.97,90.5
77,pubmed,gcn,stage2,pubmed_gcn_frontdoor_stage2_lr0.005_weight_decay5e-05_dropout0.2_hidden_channels64_K2_lambda_fd1.0_lambda_spu0.1_lambda_ind0.05_context_gate_temp0.5_fd_blend0.7_lambda_med0.25,search_logs_frontdoor/pubmed/gcn/stage2/077_pubmed_gcn_frontdoor_stage2_lr0.005_weight_decay5e-05_dropout0.2_hidden_channels64_K2_lambda_fd1.0_lambda_spu0.1_lambda_ind0.05_context_gate_temp0.5_fd_blend0.7_lambda_med0.25.log,python main_frontdoor.py --dataset pubmed --backbone_type gcn --store_result --epochs 500 --runs 2 --num_layers 2 --device 1 --combine_result --lr 0.005 --weight_decay 5e-05 --dropout 0.2 --hidden_channels 64 --K 2 --lambda_fd 1.0 --lambda_spu 0.1 --lambda_ind 0.05 --context_gate_temp 0.5 --fd_blend 0.7 --lambda_med 0.25 --result_name pubmed_gcn_frontdoor_stage2_lr0.005_weight_decay5e-05_dropout0.2_hidden_channels64_K2_lambda_fd1.0_lambda_spu0.1_lambda_ind0.05_context_gate_temp0.5_fd_blend0.7_lambda_med0.25,0,99.67,0.005,5e-05,0.2,64,2,1.0,0.1,0.05,0.5,0.7,0.25,99.98,0.01,97.73,0.04,97.56,0.18,99.98,0.01,97.45,0.2,92.57,0.66,89.88,0.18,89.88
78,pubmed,gcn,stage2,pubmed_gcn_frontdoor_stage2_lr0.005_weight_decay5e-05_dropout0.2_hidden_channels64_K2_lambda_fd1.0_lambda_spu0.1_lambda_ind0.05_context_gate_temp0.5_fd_blend0.7_lambda_med0.5,search_logs_frontdoor/pubmed/gcn/stage2/078_pubmed_gcn_frontdoor_stage2_lr0.005_weight_decay5e-05_dropout0.2_hidden_channels64_K2_lambda_fd1.0_lambda_spu0.1_lambda_ind0.05_context_gate_temp0.5_fd_blend0.7_lambda_med0.5.log,python main_frontdoor.py --dataset pubmed --backbone_type gcn --store_result --epochs 500 --runs 2 --num_layers 2 --device 1 --combine_result --lr 0.005 --weight_decay 5e-05 --dropout 0.2 --hidden_channels 64 --K 2 --lambda_fd 1.0 --lambda_spu 0.1 --lambda_ind 0.05 --context_gate_temp 0.5 --fd_blend 0.7 --lambda_med 0.5 --result_name pubmed_gcn_frontdoor_stage2_lr0.005_weight_decay5e-05_dropout0.2_hidden_channels64_K2_lambda_fd1.0_lambda_spu0.1_lambda_ind0.05_context_gate_temp0.5_fd_blend0.7_lambda_med0.5,0,101.62,0.005,5e-05,0.2,64,2,1.0,0.1,0.05,0.5,0.7,0.5,99.99,0.0,97.7,0.1,97.69,0.06,99.98,0.0,97.62,0.04,92.6,0.36,89.79,0.42,89.79
79,pubmed,gcn,stage2,pubmed_gcn_frontdoor_stage2_lr0.005_weight_decay5e-05_dropout0.2_hidden_channels64_K2_lambda_fd1.0_lambda_spu0.1_lambda_ind0.05_context_gate_temp1.0_fd_blend0.3_lambda_med0.25,search_logs_frontdoor/pubmed/gcn/stage2/079_pubmed_gcn_frontdoor_stage2_lr0.005_weight_decay5e-05_dropout0.2_hidden_channels64_K2_lambda_fd1.0_lambda_spu0.1_lambda_ind0.05_context_gate_temp1.0_fd_blend0.3_lambda_med0.25.log,python main_frontdoor.py --dataset pubmed --backbone_type gcn --store_result --epochs 500 --runs 2 --num_layers 2 --device 1 --combine_result --lr 0.005 --weight_decay 5e-05 --dropout 0.2 --hidden_channels 64 --K 2 --lambda_fd 1.0 --lambda_spu 0.1 --lambda_ind 0.05 --context_gate_temp 1.0 --fd_blend 0.3 --lambda_med 0.25 --result_name pubmed_gcn_frontdoor_stage2_lr0.005_weight_decay5e-05_dropout0.2_hidden_channels64_K2_lambda_fd1.0_lambda_spu0.1_lambda_ind0.05_context_gate_temp1.0_fd_blend0.3_lambda_med0.25,0,101.47,0.005,5e-05,0.2,64,2,1.0,0.1,0.05,1.0,0.3,0.25,99.99,0.0,97.79,0.07,97.63,0.11,99.98,0.0,97.55,0.17,93.41,0.94,90.55,2.01,90.55
80,pubmed,gcn,stage2,pubmed_gcn_frontdoor_stage2_lr0.005_weight_decay5e-05_dropout0.2_hidden_channels64_K2_lambda_fd1.0_lambda_spu0.1_lambda_ind0.05_context_gate_temp1.0_fd_blend0.3_lambda_med0.5,search_logs_frontdoor/pubmed/gcn/stage2/080_pubmed_gcn_frontdoor_stage2_lr0.005_weight_decay5e-05_dropout0.2_hidden_channels64_K2_lambda_fd1.0_lambda_spu0.1_lambda_ind0.05_context_gate_temp1.0_fd_blend0.3_lambda_med0.5.log,python main_frontdoor.py --dataset pubmed --backbone_type gcn --store_result --epochs 500 --runs 2 --num_layers 2 --device 1 --combine_result --lr 0.005 --weight_decay 5e-05 --dropout 0.2 --hidden_channels 64 --K 2 --lambda_fd 1.0 --lambda_spu 0.1 --lambda_ind 0.05 --context_gate_temp 1.0 --fd_blend 0.3 --lambda_med 0.5 --result_name pubmed_gcn_frontdoor_stage2_lr0.005_weight_decay5e-05_dropout0.2_hidden_channels64_K2_lambda_fd1.0_lambda_spu0.1_lambda_ind0.05_context_gate_temp1.0_fd_blend0.3_lambda_med0.5,0,101.16,0.005,5e-05,0.2,64,2,1.0,0.1,0.05,1.0,0.3,0.5,99.99,0.0,97.79,0.11,97.71,0.17,99.98,0.0,97.59,0.13,92.61,0.74,90.34,0.17,90.34
81,pubmed,gcn,stage2,pubmed_gcn_frontdoor_stage2_lr0.005_weight_decay5e-05_dropout0.2_hidden_channels64_K2_lambda_fd1.0_lambda_spu0.1_lambda_ind0.05_context_gate_temp1.0_fd_blend0.5_lambda_med0.25,search_logs_frontdoor/pubmed/gcn/stage2/081_pubmed_gcn_frontdoor_stage2_lr0.005_weight_decay5e-05_dropout0.2_hidden_channels64_K2_lambda_fd1.0_lambda_spu0.1_lambda_ind0.05_context_gate_temp1.0_fd_blend0.5_lambda_med0.25.log,python main_frontdoor.py --dataset pubmed --backbone_type gcn --store_result --epochs 500 --runs 2 --num_layers 2 --device 1 --combine_result --lr 0.005 --weight_decay 5e-05 --dropout 0.2 --hidden_channels 64 --K 2 --lambda_fd 1.0 --lambda_spu 0.1 --lambda_ind 0.05 --context_gate_temp 1.0 --fd_blend 0.5 --lambda_med 0.25 --result_name pubmed_gcn_frontdoor_stage2_lr0.005_weight_decay5e-05_dropout0.2_hidden_channels64_K2_lambda_fd1.0_lambda_spu0.1_lambda_ind0.05_context_gate_temp1.0_fd_blend0.5_lambda_med0.25,0,99.17,0.005,5e-05,0.2,64,2,1.0,0.1,0.05,1.0,0.5,0.25,99.99,0.0,97.71,0.01,97.66,0.05,99.98,0.01,97.56,0.07,92.73,1.04,90.34,1.73,90.34
82,pubmed,gcn,stage2,pubmed_gcn_frontdoor_stage2_lr0.005_weight_decay5e-05_dropout0.2_hidden_channels64_K2_lambda_fd1.0_lambda_spu0.1_lambda_ind0.05_context_gate_temp1.0_fd_blend0.5_lambda_med0.5,search_logs_frontdoor/pubmed/gcn/stage2/082_pubmed_gcn_frontdoor_stage2_lr0.005_weight_decay5e-05_dropout0.2_hidden_channels64_K2_lambda_fd1.0_lambda_spu0.1_lambda_ind0.05_context_gate_temp1.0_fd_blend0.5_lambda_med0.5.log,python main_frontdoor.py --dataset pubmed --backbone_type gcn --store_result --epochs 500 --runs 2 --num_layers 2 --device 1 --combine_result --lr 0.005 --weight_decay 5e-05 --dropout 0.2 --hidden_channels 64 --K 2 --lambda_fd 1.0 --lambda_spu 0.1 --lambda_ind 0.05 --context_gate_temp 1.0 --fd_blend 0.5 --lambda_med 0.5 --result_name pubmed_gcn_frontdoor_stage2_lr0.005_weight_decay5e-05_dropout0.2_hidden_channels64_K2_lambda_fd1.0_lambda_spu0.1_lambda_ind0.05_context_gate_temp1.0_fd_blend0.5_lambda_med0.5,0,98.4,0.005,5e-05,0.2,64,2,1.0,0.1,0.05,1.0,0.5,0.5,99.99,0.0,97.72,0.03,97.68,0.19,99.98,0.0,97.65,0.19,93.13,0.66,91.15,0.91,91.15
83,pubmed,gcn,stage2,pubmed_gcn_frontdoor_stage2_lr0.005_weight_decay5e-05_dropout0.2_hidden_channels64_K2_lambda_fd1.0_lambda_spu0.1_lambda_ind0.05_context_gate_temp1.0_fd_blend0.7_lambda_med0.25,search_logs_frontdoor/pubmed/gcn/stage2/083_pubmed_gcn_frontdoor_stage2_lr0.005_weight_decay5e-05_dropout0.2_hidden_channels64_K2_lambda_fd1.0_lambda_spu0.1_lambda_ind0.05_context_gate_temp1.0_fd_blend0.7_lambda_med0.25.log,python main_frontdoor.py --dataset pubmed --backbone_type gcn --store_result --epochs 500 --runs 2 --num_layers 2 --device 1 --combine_result --lr 0.005 --weight_decay 5e-05 --dropout 0.2 --hidden_channels 64 --K 2 --lambda_fd 1.0 --lambda_spu 0.1 --lambda_ind 0.05 --context_gate_temp 1.0 --fd_blend 0.7 --lambda_med 0.25 --result_name pubmed_gcn_frontdoor_stage2_lr0.005_weight_decay5e-05_dropout0.2_hidden_channels64_K2_lambda_fd1.0_lambda_spu0.1_lambda_ind0.05_context_gate_temp1.0_fd_blend0.7_lambda_med0.25,0,100.1,0.005,5e-05,0.2,64,2,1.0,0.1,0.05,1.0,0.7,0.25,99.98,0.01,97.71,0.07,97.51,0.22,99.96,0.03,97.43,0.33,91.83,0.07,88.66,1.38,88.66
84,pubmed,gcn,stage2,pubmed_gcn_frontdoor_stage2_lr0.005_weight_decay5e-05_dropout0.2_hidden_channels64_K2_lambda_fd1.0_lambda_spu0.1_lambda_ind0.05_context_gate_temp1.0_fd_blend0.7_lambda_med0.5,search_logs_frontdoor/pubmed/gcn/stage2/084_pubmed_gcn_frontdoor_stage2_lr0.005_weight_decay5e-05_dropout0.2_hidden_channels64_K2_lambda_fd1.0_lambda_spu0.1_lambda_ind0.05_context_gate_temp1.0_fd_blend0.7_lambda_med0.5.log,python main_frontdoor.py --dataset pubmed --backbone_type gcn --store_result --epochs 500 --runs 2 --num_layers 2 --device 1 --combine_result --lr 0.005 --weight_decay 5e-05 --dropout 0.2 --hidden_channels 64 --K 2 --lambda_fd 1.0 --lambda_spu 0.1 --lambda_ind 0.05 --context_gate_temp 1.0 --fd_blend 0.7 --lambda_med 0.5 --result_name pubmed_gcn_frontdoor_stage2_lr0.005_weight_decay5e-05_dropout0.2_hidden_channels64_K2_lambda_fd1.0_lambda_spu0.1_lambda_ind0.05_context_gate_temp1.0_fd_blend0.7_lambda_med0.5,0,105.13,0.005,5e-05,0.2,64,2,1.0,0.1,0.05,1.0,0.7,0.5,99.99,0.0,97.75,0.08,97.72,0.07,99.98,0.01,97.59,0.16,92.35,1.0,88.8,0.65,88.8
85,pubmed,gcn,stage2,pubmed_gcn_frontdoor_stage2_lr0.005_weight_decay5e-05_dropout0.2_hidden_channels64_K2_lambda_fd1.0_lambda_spu0.1_lambda_ind0.1_context_gate_temp0.5_fd_blend0.3_lambda_med0.25,search_logs_frontdoor/pubmed/gcn/stage2/085_pubmed_gcn_frontdoor_stage2_lr0.005_weight_decay5e-05_dropout0.2_hidden_channels64_K2_lambda_fd1.0_lambda_spu0.1_lambda_ind0.1_context_gate_temp0.5_fd_blend0.3_lambda_med0.25.log,python main_frontdoor.py --dataset pubmed --backbone_type gcn --store_result --epochs 500 --runs 2 --num_layers 2 --device 1 --combine_result --lr 0.005 --weight_decay 5e-05 --dropout 0.2 --hidden_channels 64 --K 2 --lambda_fd 1.0 --lambda_spu 0.1 --lambda_ind 0.1 --context_gate_temp 0.5 --fd_blend 0.3 --lambda_med 0.25 --result_name pubmed_gcn_frontdoor_stage2_lr0.005_weight_decay5e-05_dropout0.2_hidden_channels64_K2_lambda_fd1.0_lambda_spu0.1_lambda_ind0.1_context_gate_temp0.5_fd_blend0.3_lambda_med0.25,0,100.25,0.005,5e-05,0.2,64,2,1.0,0.1,0.1,0.5,0.3,0.25,99.99,0.01,97.7,0.11,97.6,0.05,99.98,0.02,97.51,0.0,93.5,0.41,90.87,0.27,90.87
86,pubmed,gcn,stage2,pubmed_gcn_frontdoor_stage2_lr0.005_weight_decay5e-05_dropout0.2_hidden_channels64_K2_lambda_fd1.0_lambda_spu0.1_lambda_ind0.1_context_gate_temp0.5_fd_blend0.3_lambda_med0.5,search_logs_frontdoor/pubmed/gcn/stage2/086_pubmed_gcn_frontdoor_stage2_lr0.005_weight_decay5e-05_dropout0.2_hidden_channels64_K2_lambda_fd1.0_lambda_spu0.1_lambda_ind0.1_context_gate_temp0.5_fd_blend0.3_lambda_med0.5.log,python main_frontdoor.py --dataset pubmed --backbone_type gcn --store_result --epochs 500 --runs 2 --num_layers 2 --device 1 --combine_result --lr 0.005 --weight_decay 5e-05 --dropout 0.2 --hidden_channels 64 --K 2 --lambda_fd 1.0 --lambda_spu 0.1 --lambda_ind 0.1 --context_gate_temp 0.5 --fd_blend 0.3 --lambda_med 0.5 --result_name pubmed_gcn_frontdoor_stage2_lr0.005_weight_decay5e-05_dropout0.2_hidden_channels64_K2_lambda_fd1.0_lambda_spu0.1_lambda_ind0.1_context_gate_temp0.5_fd_blend0.3_lambda_med0.5,0,99.63,0.005,5e-05,0.2,64,2,1.0,0.1,0.1,0.5,0.3,0.5,99.99,0.0,97.69,0.07,97.64,0.19,99.98,0.01,97.54,0.27,92.93,0.27,90.67,0.11,90.67
87,pubmed,gcn,stage2,pubmed_gcn_frontdoor_stage2_lr0.005_weight_decay5e-05_dropout0.2_hidden_channels64_K2_lambda_fd1.0_lambda_spu0.1_lambda_ind0.1_context_gate_temp0.5_fd_blend0.5_lambda_med0.25,search_logs_frontdoor/pubmed/gcn/stage2/087_pubmed_gcn_frontdoor_stage2_lr0.005_weight_decay5e-05_dropout0.2_hidden_channels64_K2_lambda_fd1.0_lambda_spu0.1_lambda_ind0.1_context_gate_temp0.5_fd_blend0.5_lambda_med0.25.log,python main_frontdoor.py --dataset pubmed --backbone_type gcn --store_result --epochs 500 --runs 2 --num_layers 2 --device 1 --combine_result --lr 0.005 --weight_decay 5e-05 --dropout 0.2 --hidden_channels 64 --K 2 --lambda_fd 1.0 --lambda_spu 0.1 --lambda_ind 0.1 --context_gate_temp 0.5 --fd_blend 0.5 --lambda_med 0.25 --result_name pubmed_gcn_frontdoor_stage2_lr0.005_weight_decay5e-05_dropout0.2_hidden_channels64_K2_lambda_fd1.0_lambda_spu0.1_lambda_ind0.1_context_gate_temp0.5_fd_blend0.5_lambda_med0.25,0,98.58,0.005,5e-05,0.2,64,2,1.0,0.1,0.1,0.5,0.5,0.25,99.98,0.01,97.64,0.0,97.62,0.15,99.97,0.02,97.54,0.19,93.05,0.49,90.23,0.98,90.23
88,pubmed,gcn,stage2,pubmed_gcn_frontdoor_stage2_lr0.005_weight_decay5e-05_dropout0.2_hidden_channels64_K2_lambda_fd1.0_lambda_spu0.1_lambda_ind0.1_context_gate_temp0.5_fd_blend0.5_lambda_med0.5,search_logs_frontdoor/pubmed/gcn/stage2/088_pubmed_gcn_frontdoor_stage2_lr0.005_weight_decay5e-05_dropout0.2_hidden_channels64_K2_lambda_fd1.0_lambda_spu0.1_lambda_ind0.1_context_gate_temp0.5_fd_blend0.5_lambda_med0.5.log,python main_frontdoor.py --dataset pubmed --backbone_type gcn --store_result --epochs 500 --runs 2 --num_layers 2 --device 1 --combine_result --lr 0.005 --weight_decay 5e-05 --dropout 0.2 --hidden_channels 64 --K 2 --lambda_fd 1.0 --lambda_spu 0.1 --lambda_ind 0.1 --context_gate_temp 0.5 --fd_blend 0.5 --lambda_med 0.5 --result_name pubmed_gcn_frontdoor_stage2_lr0.005_weight_decay5e-05_dropout0.2_hidden_channels64_K2_lambda_fd1.0_lambda_spu0.1_lambda_ind0.1_context_gate_temp0.5_fd_blend0.5_lambda_med0.5,0,98.22,0.005,5e-05,0.2,64,2,1.0,0.1,0.1,0.5,0.5,0.5,99.98,0.01,97.69,0.15,97.59,0.17,99.97,0.0,97.55,0.16,94.26,0.07,89.85,1.67,89.85
89,pubmed,gcn,stage2,pubmed_gcn_frontdoor_stage2_lr0.005_weight_decay5e-05_dropout0.2_hidden_channels64_K2_lambda_fd1.0_lambda_spu0.1_lambda_ind0.1_context_gate_temp0.5_fd_blend0.7_lambda_med0.25,search_logs_frontdoor/pubmed/gcn/stage2/089_pubmed_gcn_frontdoor_stage2_lr0.005_weight_decay5e-05_dropout0.2_hidden_channels64_K2_lambda_fd1.0_lambda_spu0.1_lambda_ind0.1_context_gate_temp0.5_fd_blend0.7_lambda_med0.25.log,python main_frontdoor.py --dataset pubmed --backbone_type gcn --store_result --epochs 500 --runs 2 --num_layers 2 --device 1 --combine_result --lr 0.005 --weight_decay 5e-05 --dropout 0.2 --hidden_channels 64 --K 2 --lambda_fd 1.0 --lambda_spu 0.1 --lambda_ind 0.1 --context_gate_temp 0.5 --fd_blend 0.7 --lambda_med 0.25 --result_name pubmed_gcn_frontdoor_stage2_lr0.005_weight_decay5e-05_dropout0.2_hidden_channels64_K2_lambda_fd1.0_lambda_spu0.1_lambda_ind0.1_context_gate_temp0.5_fd_blend0.7_lambda_med0.25,0,102.14,0.005,5e-05,0.2,64,2,1.0,0.1,0.1,0.5,0.7,0.25,99.99,0.0,97.73,0.07,97.71,0.02,99.97,0.01,97.56,0.16,93.15,0.47,90.13,1.31,90.13
90,pubmed,gcn,stage2,pubmed_gcn_frontdoor_stage2_lr0.005_weight_decay5e-05_dropout0.2_hidden_channels64_K2_lambda_fd1.0_lambda_spu0.1_lambda_ind0.1_context_gate_temp0.5_fd_blend0.7_lambda_med0.5,search_logs_frontdoor/pubmed/gcn/stage2/090_pubmed_gcn_frontdoor_stage2_lr0.005_weight_decay5e-05_dropout0.2_hidden_channels64_K2_lambda_fd1.0_lambda_spu0.1_lambda_ind0.1_context_gate_temp0.5_fd_blend0.7_lambda_med0.5.log,python main_frontdoor.py --dataset pubmed --backbone_type gcn --store_result --epochs 500 --runs 2 --num_layers 2 --device 1 --combine_result --lr 0.005 --weight_decay 5e-05 --dropout 0.2 --hidden_channels 64 --K 2 --lambda_fd 1.0 --lambda_spu 0.1 --lambda_ind 0.1 --context_gate_temp 0.5 --fd_blend 0.7 --lambda_med 0.5 --result_name pubmed_gcn_frontdoor_stage2_lr0.005_weight_decay5e-05_dropout0.2_hidden_channels64_K2_lambda_fd1.0_lambda_spu0.1_lambda_ind0.1_context_gate_temp0.5_fd_blend0.7_lambda_med0.5,0,101.67,0.005,5e-05,0.2,64,2,1.0,0.1,0.1,0.5,0.7,0.5,99.99,0.0,97.72,0.11,97.72,0.25,99.98,0.0,97.69,0.23,92.86,0.6,89.4,1.0,89.4
91,pubmed,gcn,stage2,pubmed_gcn_frontdoor_stage2_lr0.005_weight_decay5e-05_dropout0.2_hidden_channels64_K2_lambda_fd1.0_lambda_spu0.1_lambda_ind0.1_context_gate_temp1.0_fd_blend0.3_lambda_med0.25,search_logs_frontdoor/pubmed/gcn/stage2/091_pubmed_gcn_frontdoor_stage2_lr0.005_weight_decay5e-05_dropout0.2_hidden_channels64_K2_lambda_fd1.0_lambda_spu0.1_lambda_ind0.1_context_gate_temp1.0_fd_blend0.3_lambda_med0.25.log,python main_frontdoor.py --dataset pubmed --backbone_type gcn --store_result --epochs 500 --runs 2 --num_layers 2 --device 1 --combine_result --lr 0.005 --weight_decay 5e-05 --dropout 0.2 --hidden_channels 64 --K 2 --lambda_fd 1.0 --lambda_spu 0.1 --lambda_ind 0.1 --context_gate_temp 1.0 --fd_blend 0.3 --lambda_med 0.25 --result_name pubmed_gcn_frontdoor_stage2_lr0.005_weight_decay5e-05_dropout0.2_hidden_channels64_K2_lambda_fd1.0_lambda_spu0.1_lambda_ind0.1_context_gate_temp1.0_fd_blend0.3_lambda_med0.25,0,106.55,0.005,5e-05,0.2,64,2,1.0,0.1,0.1,1.0,0.3,0.25,99.98,0.01,97.64,0.06,97.62,0.09,99.97,0.02,97.55,0.1,92.98,0.01,89.17,0.48,89.17
92,pubmed,gcn,stage2,pubmed_gcn_frontdoor_stage2_lr0.005_weight_decay5e-05_dropout0.2_hidden_channels64_K2_lambda_fd1.0_lambda_spu0.1_lambda_ind0.1_context_gate_temp1.0_fd_blend0.3_lambda_med0.5,search_logs_frontdoor/pubmed/gcn/stage2/092_pubmed_gcn_frontdoor_stage2_lr0.005_weight_decay5e-05_dropout0.2_hidden_channels64_K2_lambda_fd1.0_lambda_spu0.1_lambda_ind0.1_context_gate_temp1.0_fd_blend0.3_lambda_med0.5.log,python main_frontdoor.py --dataset pubmed --backbone_type gcn --store_result --epochs 500 --runs 2 --num_layers 2 --device 1 --combine_result --lr 0.005 --weight_decay 5e-05 --dropout 0.2 --hidden_channels 64 --K 2 --lambda_fd 1.0 --lambda_spu 0.1 --lambda_ind 0.1 --context_gate_temp 1.0 --fd_blend 0.3 --lambda_med 0.5 --result_name pubmed_gcn_frontdoor_stage2_lr0.005_weight_decay5e-05_dropout0.2_hidden_channels64_K2_lambda_fd1.0_lambda_spu0.1_lambda_ind0.1_context_gate_temp1.0_fd_blend0.3_lambda_med0.5,0,104.21,0.005,5e-05,0.2,64,2,1.0,0.1,0.1,1.0,0.3,0.5,99.98,0.01,97.88,0.12,97.65,0.17,99.98,0.01,97.62,0.15,93.22,1.05,89.97,1.92,89.97
93,pubmed,gcn,stage2,pubmed_gcn_frontdoor_stage2_lr0.005_weight_decay5e-05_dropout0.2_hidden_channels64_K2_lambda_fd1.0_lambda_spu0.1_lambda_ind0.1_context_gate_temp1.0_fd_blend0.5_lambda_med0.25,search_logs_frontdoor/pubmed/gcn/stage2/093_pubmed_gcn_frontdoor_stage2_lr0.005_weight_decay5e-05_dropout0.2_hidden_channels64_K2_lambda_fd1.0_lambda_spu0.1_lambda_ind0.1_context_gate_temp1.0_fd_blend0.5_lambda_med0.25.log,python main_frontdoor.py --dataset pubmed --backbone_type gcn --store_result --epochs 500 --runs 2 --num_layers 2 --device 1 --combine_result --lr 0.005 --weight_decay 5e-05 --dropout 0.2 --hidden_channels 64 --K 2 --lambda_fd 1.0 --lambda_spu 0.1 --lambda_ind 0.1 --context_gate_temp 1.0 --fd_blend 0.5 --lambda_med 0.25 --result_name pubmed_gcn_frontdoor_stage2_lr0.005_weight_decay5e-05_dropout0.2_hidden_channels64_K2_lambda_fd1.0_lambda_spu0.1_lambda_ind0.1_context_gate_temp1.0_fd_blend0.5_lambda_med0.25,0,105.7,0.005,5e-05,0.2,64,2,1.0,0.1,0.1,1.0,0.5,0.25,99.99,0.0,97.65,0.05,97.65,0.09,99.98,0.02,97.53,0.09,93.02,0.4,89.14,1.0,89.14
94,pubmed,gcn,stage2,pubmed_gcn_frontdoor_stage2_lr0.005_weight_decay5e-05_dropout0.2_hidden_channels64_K2_lambda_fd1.0_lambda_spu0.1_lambda_ind0.1_context_gate_temp1.0_fd_blend0.5_lambda_med0.5,search_logs_frontdoor/pubmed/gcn/stage2/094_pubmed_gcn_frontdoor_stage2_lr0.005_weight_decay5e-05_dropout0.2_hidden_channels64_K2_lambda_fd1.0_lambda_spu0.1_lambda_ind0.1_context_gate_temp1.0_fd_blend0.5_lambda_med0.5.log,python main_frontdoor.py --dataset pubmed --backbone_type gcn --store_result --epochs 500 --runs 2 --num_layers 2 --device 1 --combine_result --lr 0.005 --weight_decay 5e-05 --dropout 0.2 --hidden_channels 64 --K 2 --lambda_fd 1.0 --lambda_spu 0.1 --lambda_ind 0.1 --context_gate_temp 1.0 --fd_blend 0.5 --lambda_med 0.5 --result_name pubmed_gcn_frontdoor_stage2_lr0.005_weight_decay5e-05_dropout0.2_hidden_channels64_K2_lambda_fd1.0_lambda_spu0.1_lambda_ind0.1_context_gate_temp1.0_fd_blend0.5_lambda_med0.5,0,102.57,0.005,5e-05,0.2,64,2,1.0,0.1,0.1,1.0,0.5,0.5,99.99,0.0,97.78,0.03,97.65,0.2,99.99,0.0,97.58,0.25,93.11,1.28,90.75,1.06,90.75
95,pubmed,gcn,stage2,pubmed_gcn_frontdoor_stage2_lr0.005_weight_decay5e-05_dropout0.2_hidden_channels64_K2_lambda_fd1.0_lambda_spu0.1_lambda_ind0.1_context_gate_temp1.0_fd_blend0.7_lambda_med0.25,search_logs_frontdoor/pubmed/gcn/stage2/095_pubmed_gcn_frontdoor_stage2_lr0.005_weight_decay5e-05_dropout0.2_hidden_channels64_K2_lambda_fd1.0_lambda_spu0.1_lambda_ind0.1_context_gate_temp1.0_fd_blend0.7_lambda_med0.25.log,python main_frontdoor.py --dataset pubmed --backbone_type gcn --store_result --epochs 500 --runs 2 --num_layers 2 --device 1 --combine_result --lr 0.005 --weight_decay 5e-05 --dropout 0.2 --hidden_channels 64 --K 2 --lambda_fd 1.0 --lambda_spu 0.1 --lambda_ind 0.1 --context_gate_temp 1.0 --fd_blend 0.7 --lambda_med 0.25 --result_name pubmed_gcn_frontdoor_stage2_lr0.005_weight_decay5e-05_dropout0.2_hidden_channels64_K2_lambda_fd1.0_lambda_spu0.1_lambda_ind0.1_context_gate_temp1.0_fd_blend0.7_lambda_med0.25,0,105.51,0.005,5e-05,0.2,64,2,1.0,0.1,0.1,1.0,0.7,0.25,99.98,0.0,97.74,0.01,97.67,0.1,99.97,0.01,97.59,0.11,92.85,0.19,90.73,0.07,90.73
96,pubmed,gcn,stage2,pubmed_gcn_frontdoor_stage2_lr0.005_weight_decay5e-05_dropout0.2_hidden_channels64_K2_lambda_fd1.0_lambda_spu0.1_lambda_ind0.1_context_gate_temp1.0_fd_blend0.7_lambda_med0.5,search_logs_frontdoor/pubmed/gcn/stage2/096_pubmed_gcn_frontdoor_stage2_lr0.005_weight_decay5e-05_dropout0.2_hidden_channels64_K2_lambda_fd1.0_lambda_spu0.1_lambda_ind0.1_context_gate_temp1.0_fd_blend0.7_lambda_med0.5.log,python main_frontdoor.py --dataset pubmed --backbone_type gcn --store_result --epochs 500 --runs 2 --num_layers 2 --device 1 --combine_result --lr 0.005 --weight_decay 5e-05 --dropout 0.2 --hidden_channels 64 --K 2 --lambda_fd 1.0 --lambda_spu 0.1 --lambda_ind 0.1 --context_gate_temp 1.0 --fd_blend 0.7 --lambda_med 0.5 --result_name pubmed_gcn_frontdoor_stage2_lr0.005_weight_decay5e-05_dropout0.2_hidden_channels64_K2_lambda_fd1.0_lambda_spu0.1_lambda_ind0.1_context_gate_temp1.0_fd_blend0.7_lambda_med0.5,0,102.66,0.005,5e-05,0.2,64,2,1.0,0.1,0.1,1.0,0.7,0.5,99.99,0.01,97.67,0.04,97.66,0.14,99.98,0.01,97.56,0.11,92.91,0.48,89.92,1.54,89.92
