Namespace(K=3, backbone_type='gcn', combine_result=False, context_gate_temp=0.5, cpu=False, data_dir='./data/', dataset='twitch', device=1, display_step=1, dropout=0.0, env_type='node', epochs=500, expert_agg='mean', fd_blend=0.3, gamma=0.99, gate_hidden=64, hidden_channels=32, infer_env=False, infer_env_components=64, infer_env_iters=30, infer_env_num=3, lambda_fd=0.5, lambda_ind=0.05, lambda_med=0.5, lambda_spu=0.05, lambda_var=0.05, lamda=1.0, lr=0.01, num_layers=2, other_env_reduce='sample', pos_weight=3.0, result_name='twitch_gcn_frontdoor_stage2_lr0.01_weight_decay0.0001_dropout0.0_hidden_channels32_K3_lambda_fd0.5_lambda_spu0.05_lambda_ind0.05_context_gate_temp0.5_fd_blend0.3_pos_weight3.0', runs=2, seed=2024, store_result=True, tau=1, use_bn=False, variant=False, weight_decay=0.0001)
dataset twitch: all nodes 34120 | edges 892346 | classes 2 | feats 128
train nodes 7897 | valid nodes 3949 | test in nodes 3949
test ood1 nodes 4648 test ood2 nodes 6551 test ood3 nodes 7126 
[INFO] env numbers: 6 train env numbers: 3
MODEL: GraphFrontDoor(
  (act_fn): ReLU()
  (input_proj): Linear(in_features=128, out_features=32, bias=True)
  (backbone_layers): ModuleList(
    (0): FrontDoorBackboneLayer()
    (1): FrontDoorBackboneLayer()
  )
  (causal_adapter): Linear(in_features=32, out_features=32, bias=True)
  (spurious_adapter): Linear(in_features=32, out_features=32, bias=True)
  (causal_norm): LayerNorm((32,), eps=1e-05, elementwise_affine=True)
  (spurious_norm): LayerNorm((32,), eps=1e-05, elementwise_affine=True)
  (classifier): Linear(in_features=32, out_features=2, bias=True)
  (spurious_classifier): Linear(in_features=32, out_features=2, bias=True)
  (fd_classifier): Linear(in_features=32, out_features=2, bias=True)
  (query_proj): Linear(in_features=32, out_features=32, bias=True)
  (key_proj): Linear(in_features=32, out_features=32, bias=True)
  (value_proj): Linear(in_features=32, out_features=32, bias=True)
  (aug_norm): LayerNorm((32,), eps=1e-05, elementwise_affine=True)
)
[INFO] TensorBoard logging activated. Logs will be saved to: ./runs/twitch/frontdoor/twitch_gcn_frontdoor_stage2_lr0.01_weight_decay0.0001_dropout0.0_hidden_channels32_K3_lambda_fd0.5_lambda_spu0.05_lambda_ind0.05_context_gate_temp0.5_fd_blend0.3_pos_weight3.0
Epoch: 00, Loss: 2.4552, Cls: 1.1989, Ind: 0.0006, Med: 0.5843, Spu: 0.0057, FD: 0.6655, Var: 0.0000, Ctx: 3, Train: 42.98%, Valid: 42.85%, Test In: 43.96% Test OOD1: 39.13% Test OOD2: 48.83% Test OOD3: 43.02% 
Epoch: 01, Loss: 2.3165, Cls: 1.1580, Ind: 0.0002, Med: 0.5798, Spu: 0.0009, FD: 0.5776, Var: 0.0000, Ctx: 3, Train: 43.07%, Valid: 42.92%, Test In: 43.98% Test OOD1: 39.17% Test OOD2: 48.91% Test OOD3: 42.95% 
Epoch: 02, Loss: 2.3157, Cls: 1.1504, Ind: 0.0001, Med: 0.5724, Spu: 0.0023, FD: 0.5905, Var: 0.0000, Ctx: 3, Train: 43.76%, Valid: 43.48%, Test In: 44.57% Test OOD1: 39.44% Test OOD2: 48.98% Test OOD3: 43.21% 
Epoch: 03, Loss: 2.2807, Cls: 1.1312, Ind: 0.0001, Med: 0.5668, Spu: 0.0002, FD: 0.5823, Var: 0.0000, Ctx: 3, Train: 44.97%, Valid: 44.48%, Test In: 45.65% Test OOD1: 39.90% Test OOD2: 48.93% Test OOD3: 43.74% 
Epoch: 04, Loss: 2.2632, Cls: 1.1241, Ind: 0.0000, Med: 0.5669, Spu: 0.0005, FD: 0.5717, Var: 0.0000, Ctx: 3, Train: 52.85%, Valid: 53.51%, Test In: 52.94% Test OOD1: 47.19% Test OOD2: 49.09% Test OOD3: 49.24% 
Epoch: 05, Loss: 2.2577, Cls: 1.1248, Ind: 0.0000, Med: 0.5664, Spu: 0.0008, FD: 0.5656, Var: 0.0000, Ctx: 3, Train: 59.23%, Valid: 59.50%, Test In: 58.19% Test OOD1: 60.02% Test OOD2: 50.52% Test OOD3: 56.24% 
Epoch: 06, Loss: 2.2534, Cls: 1.1258, Ind: 0.0001, Med: 0.5642, Spu: 0.0002, FD: 0.5631, Var: 0.0000, Ctx: 3, Train: 59.18%, Valid: 59.44%, Test In: 58.12% Test OOD1: 60.97% Test OOD2: 50.94% Test OOD3: 56.93% 
Epoch: 07, Loss: 2.2499, Cls: 1.1247, Ind: 0.0001, Med: 0.5622, Spu: 0.0001, FD: 0.5627, Var: 0.0000, Ctx: 3, Train: 58.79%, Valid: 59.09%, Test In: 57.79% Test OOD1: 60.99% Test OOD2: 50.97% Test OOD3: 56.93% 
Epoch: 08, Loss: 2.2482, Cls: 1.1225, Ind: 0.0002, Med: 0.5614, Spu: 0.0004, FD: 0.5637, Var: 0.0000, Ctx: 3, Train: 58.77%, Valid: 58.97%, Test In: 57.76% Test OOD1: 61.03% Test OOD2: 51.01% Test OOD3: 57.01% 
Epoch: 09, Loss: 2.2473, Cls: 1.1206, Ind: 0.0002, Med: 0.5612, Spu: 0.0004, FD: 0.5651, Var: 0.0000, Ctx: 3, Train: 58.82%, Valid: 58.94%, Test In: 57.78% Test OOD1: 61.14% Test OOD2: 51.07% Test OOD3: 57.12% 
Epoch: 10, Loss: 2.2475, Cls: 1.1201, Ind: 0.0001, Med: 0.5612, Spu: 0.0000, FD: 0.5660, Var: 0.0000, Ctx: 3, Train: 58.88%, Valid: 58.94%, Test In: 57.80% Test OOD1: 61.23% Test OOD2: 51.11% Test OOD3: 57.19% 
Epoch: 11, Loss: 2.2473, Cls: 1.1204, Ind: 0.0001, Med: 0.5609, Spu: 0.0001, FD: 0.5658, Var: 0.0000, Ctx: 3, Train: 58.95%, Valid: 58.95%, Test In: 57.83% Test OOD1: 61.32% Test OOD2: 51.17% Test OOD3: 57.29% 
Epoch: 12, Loss: 2.2455, Cls: 1.1203, Ind: 0.0001, Med: 0.5602, Spu: 0.0004, FD: 0.5646, Var: 0.0000, Ctx: 3, Train: 59.03%, Valid: 58.96%, Test In: 57.92% Test OOD1: 61.38% Test OOD2: 51.19% Test OOD3: 57.39% 
Epoch: 13, Loss: 2.2418, Cls: 1.1193, Ind: 0.0002, Med: 0.5592, Spu: 0.0005, FD: 0.5627, Var: 0.0000, Ctx: 3, Train: 59.41%, Valid: 59.18%, Test In: 58.26% Test OOD1: 61.61% Test OOD2: 51.25% Test OOD3: 57.72% 
Epoch: 14, Loss: 2.2373, Cls: 1.1176, Ind: 0.0003, Med: 0.5584, Spu: 0.0002, FD: 0.5609, Var: 0.0000, Ctx: 3, Train: 59.48%, Valid: 59.14%, Test In: 58.32% Test OOD1: 61.64% Test OOD2: 51.24% Test OOD3: 57.79% 
Epoch: 15, Loss: 2.2352, Cls: 1.1168, Ind: 0.0004, Med: 0.5582, Spu: 0.0000, FD: 0.5598, Var: 0.0000, Ctx: 3, Train: 59.51%, Valid: 59.15%, Test In: 58.35% Test OOD1: 61.66% Test OOD2: 51.23% Test OOD3: 57.82% 
Epoch: 16, Loss: 2.2345, Cls: 1.1163, Ind: 0.0004, Med: 0.5579, Spu: 0.0001, FD: 0.5598, Var: 0.0000, Ctx: 3, Train: 59.68%, Valid: 59.24%, Test In: 58.51% Test OOD1: 61.73% Test OOD2: 51.26% Test OOD3: 57.93% 
Epoch: 17, Loss: 2.2324, Cls: 1.1151, Ind: 0.0002, Med: 0.5570, Spu: 0.0002, FD: 0.5599, Var: 0.0000, Ctx: 3, Train: 59.90%, Valid: 59.37%, Test In: 58.71% Test OOD1: 61.82% Test OOD2: 51.30% Test OOD3: 58.06% 
Epoch: 18, Loss: 2.2292, Cls: 1.1133, Ind: 0.0001, Med: 0.5559, Spu: 0.0002, FD: 0.5597, Var: 0.0000, Ctx: 3, Train: 60.15%, Valid: 59.53%, Test In: 58.94% Test OOD1: 61.93% Test OOD2: 51.33% Test OOD3: 58.19% 
Epoch: 19, Loss: 2.2263, Cls: 1.1118, Ind: 0.0001, Med: 0.5552, Spu: 0.0001, FD: 0.5592, Var: 0.0000, Ctx: 3, Train: 60.43%, Valid: 59.72%, Test In: 59.20% Test OOD1: 62.06% Test OOD2: 51.38% Test OOD3: 58.35% 
Epoch: 20, Loss: 2.2232, Cls: 1.1102, Ind: 0.0001, Med: 0.5544, Spu: 0.0000, FD: 0.5585, Var: 0.0000, Ctx: 3, Train: 60.79%, Valid: 59.95%, Test In: 59.52% Test OOD1: 62.22% Test OOD2: 51.44% Test OOD3: 58.55% 
Epoch: 21, Loss: 2.2191, Cls: 1.1081, Ind: 0.0001, Med: 0.5531, Spu: 0.0000, FD: 0.5577, Var: 0.0000, Ctx: 3, Train: 61.19%, Valid: 60.22%, Test In: 59.88% Test OOD1: 62.39% Test OOD2: 51.51% Test OOD3: 58.78% 
Epoch: 22, Loss: 2.2133, Cls: 1.1051, Ind: 0.0002, Med: 0.5513, Spu: 0.0000, FD: 0.5567, Var: 0.0000, Ctx: 3, Train: 61.64%, Valid: 60.52%, Test In: 60.31% Test OOD1: 62.58% Test OOD2: 51.57% Test OOD3: 59.03% 
Epoch: 23, Loss: 2.2055, Cls: 1.1009, Ind: 0.0002, Med: 0.5491, Spu: 0.0001, FD: 0.5552, Var: 0.0000, Ctx: 3, Train: 62.20%, Valid: 60.89%, Test In: 60.82% Test OOD1: 62.81% Test OOD2: 51.66% Test OOD3: 59.32% 
Epoch: 24, Loss: 2.1966, Cls: 1.0962, Ind: 0.0003, Med: 0.5467, Spu: 0.0000, FD: 0.5535, Var: 0.0000, Ctx: 3, Train: 62.83%, Valid: 61.30%, Test In: 61.41% Test OOD1: 63.07% Test OOD2: 51.76% Test OOD3: 59.64% 
Epoch: 25, Loss: 2.1862, Cls: 1.0906, Ind: 0.0003, Med: 0.5440, Spu: 0.0000, FD: 0.5513, Var: 0.0000, Ctx: 3, Train: 63.64%, Valid: 61.85%, Test In: 62.17% Test OOD1: 63.38% Test OOD2: 51.89% Test OOD3: 60.04% 
Epoch: 26, Loss: 2.1740, Cls: 1.0841, Ind: 0.0002, Med: 0.5411, Spu: 0.0000, FD: 0.5485, Var: 0.0000, Ctx: 3, Train: 64.69%, Valid: 62.58%, Test In: 63.16% Test OOD1: 63.78% Test OOD2: 52.08% Test OOD3: 60.54% 
Epoch: 27, Loss: 2.1600, Cls: 1.0766, Ind: 0.0002, Med: 0.5376, Spu: 0.0001, FD: 0.5455, Var: 0.0000, Ctx: 3, Train: 65.52%, Valid: 63.16%, Test In: 63.95% Test OOD1: 64.10% Test OOD2: 52.21% Test OOD3: 60.94% 
Epoch: 28, Loss: 2.1483, Cls: 1.0708, Ind: 0.0002, Med: 0.5364, Spu: 0.0001, FD: 0.5409, Var: 0.0000, Ctx: 3, Train: 66.76%, Valid: 63.99%, Test In: 65.13% Test OOD1: 64.50% Test OOD2: 52.46% Test OOD3: 61.43% 
Epoch: 29, Loss: 2.1423, Cls: 1.0676, Ind: 0.0001, Med: 0.5339, Spu: 0.0001, FD: 0.5405, Var: 0.0000, Ctx: 3, Train: 67.13%, Valid: 64.29%, Test In: 65.50% Test OOD1: 64.67% Test OOD2: 52.49% Test OOD3: 61.62% 
Epoch: 30, Loss: 2.1225, Cls: 1.0582, Ind: 0.0001, Med: 0.5308, Spu: 0.0000, FD: 0.5333, Var: 0.0000, Ctx: 3, Train: 68.11%, Valid: 64.99%, Test In: 66.45% Test OOD1: 65.00% Test OOD2: 52.65% Test OOD3: 61.97% 
Epoch: 31, Loss: 2.1002, Cls: 1.0470, Ind: 0.0001, Med: 0.5237, Spu: 0.0000, FD: 0.5293, Var: 0.0000, Ctx: 3, Train: 69.30%, Valid: 65.84%, Test In: 67.60% Test OOD1: 65.33% Test OOD2: 52.86% Test OOD3: 62.36% 
Epoch: 32, Loss: 2.0987, Cls: 1.0466, Ind: 0.0001, Med: 0.5231, Spu: 0.0000, FD: 0.5289, Var: 0.0000, Ctx: 3, Train: 69.81%, Valid: 66.29%, Test In: 68.12% Test OOD1: 65.60% Test OOD2: 52.91% Test OOD3: 62.55% 
Epoch: 33, Loss: 2.0818, Cls: 1.0391, Ind: 0.0001, Med: 0.5204, Spu: 0.0001, FD: 0.5221, Var: 0.0000, Ctx: 3, Train: 70.69%, Valid: 66.88%, Test In: 68.98% Test OOD1: 65.74% Test OOD2: 53.11% Test OOD3: 62.79% 
Epoch: 34, Loss: 2.0480, Cls: 1.0217, Ind: 0.0001, Med: 0.5101, Spu: 0.0001, FD: 0.5160, Var: 0.0000, Ctx: 3, Train: 71.40%, Valid: 67.37%, Test In: 69.70% Test OOD1: 65.77% Test OOD2: 53.31% Test OOD3: 62.95% 
Epoch: 35, Loss: 2.0475, Cls: 1.0220, Ind: 0.0002, Med: 0.5106, Spu: 0.0001, FD: 0.5147, Var: 0.0000, Ctx: 3, Train: 71.66%, Valid: 67.63%, Test In: 69.94% Test OOD1: 65.92% Test OOD2: 53.32% Test OOD3: 63.06% 
Epoch: 36, Loss: 2.0543, Cls: 1.0264, Ind: 0.0002, Med: 0.5138, Spu: 0.0001, FD: 0.5139, Var: 0.0000, Ctx: 3, Train: 72.15%, Valid: 67.96%, Test In: 70.54% Test OOD1: 65.59% Test OOD2: 53.58% Test OOD3: 63.10% 
Epoch: 37, Loss: 2.0180, Cls: 1.0079, Ind: 0.0002, Med: 0.5036, Spu: 0.0001, FD: 0.5063, Var: 0.0000, Ctx: 3, Train: 72.38%, Valid: 68.15%, Test In: 70.82% Test OOD1: 65.41% Test OOD2: 53.65% Test OOD3: 63.12% 
Epoch: 38, Loss: 2.0077, Cls: 1.0030, Ind: 0.0002, Med: 0.5012, Spu: 0.0001, FD: 0.5032, Var: 0.0000, Ctx: 3, Train: 72.46%, Valid: 68.29%, Test In: 70.82% Test OOD1: 65.71% Test OOD2: 53.58% Test OOD3: 63.20% 
Epoch: 39, Loss: 2.0306, Cls: 1.0152, Ind: 0.0001, Med: 0.5080, Spu: 0.0001, FD: 0.5073, Var: 0.0000, Ctx: 3, Train: 72.65%, Valid: 68.38%, Test In: 71.20% Test OOD1: 64.89% Test OOD2: 53.73% Test OOD3: 63.05% 
Epoch: 40, Loss: 2.0086, Cls: 1.0040, Ind: 0.0001, Med: 0.5020, Spu: 0.0000, FD: 0.5025, Var: 0.0000, Ctx: 3, Train: 72.75%, Valid: 68.50%, Test In: 71.33% Test OOD1: 64.86% Test OOD2: 53.75% Test OOD3: 63.06% 
Epoch: 41, Loss: 1.9944, Cls: 0.9970, Ind: 0.0001, Med: 0.4984, Spu: 0.0000, FD: 0.4989, Var: 0.0000, Ctx: 3, Train: 72.88%, Valid: 68.72%, Test In: 71.37% Test OOD1: 65.44% Test OOD2: 53.69% Test OOD3: 63.20% 
Epoch: 42, Loss: 2.0205, Cls: 1.0103, Ind: 0.0001, Med: 0.5055, Spu: 0.0000, FD: 0.5046, Var: 0.0000, Ctx: 3, Train: 72.87%, Valid: 68.61%, Test In: 71.53% Test OOD1: 64.48% Test OOD2: 53.77% Test OOD3: 62.98% 
Epoch: 43, Loss: 1.9948, Cls: 0.9972, Ind: 0.0001, Med: 0.4986, Spu: 0.0000, FD: 0.4988, Var: 0.0000, Ctx: 3, Train: 72.93%, Valid: 68.66%, Test In: 71.62% Test OOD1: 64.35% Test OOD2: 53.77% Test OOD3: 62.95% 
Epoch: 44, Loss: 1.9950, Cls: 0.9973, Ind: 0.0001, Med: 0.4987, Spu: 0.0000, FD: 0.4989, Var: 0.0000, Ctx: 3, Train: 73.16%, Valid: 69.03%, Test In: 71.74% Test OOD1: 65.21% Test OOD2: 53.76% Test OOD3: 63.19% 
Epoch: 45, Loss: 2.0038, Cls: 1.0018, Ind: 0.0001, Med: 0.5011, Spu: 0.0000, FD: 0.5008, Var: 0.0000, Ctx: 3, Train: 73.17%, Valid: 68.99%, Test In: 71.85% Test OOD1: 64.65% Test OOD2: 53.80% Test OOD3: 63.06% 
Epoch: 46, Loss: 1.9793, Cls: 0.9895, Ind: 0.0001, Med: 0.4949, Spu: 0.0001, FD: 0.4948, Var: 0.0000, Ctx: 3, Train: 73.14%, Valid: 68.92%, Test In: 71.90% Test OOD1: 64.20% Test OOD2: 53.80% Test OOD3: 62.95% 
Epoch: 47, Loss: 1.9930, Cls: 0.9963, Ind: 0.0001, Med: 0.4982, Spu: 0.0001, FD: 0.4983, Var: 0.0000, Ctx: 3, Train: 73.41%, Valid: 69.33%, Test In: 72.07% Test OOD1: 65.07% Test OOD2: 53.81% Test OOD3: 63.20% 
Epoch: 48, Loss: 1.9791, Cls: 0.9892, Ind: 0.0001, Med: 0.4946, Spu: 0.0001, FD: 0.4950, Var: 0.0000, Ctx: 3, Train: 73.51%, Valid: 69.47%, Test In: 72.18% Test OOD1: 65.16% Test OOD2: 53.81% Test OOD3: 63.23% 
Epoch: 49, Loss: 1.9759, Cls: 0.9876, Ind: 0.0001, Med: 0.4938, Spu: 0.0001, FD: 0.4944, Var: 0.0000, Ctx: 3, Train: 73.48%, Valid: 69.40%, Test In: 72.25% Test OOD1: 64.51% Test OOD2: 53.82% Test OOD3: 63.07% 
Epoch: 50, Loss: 1.9812, Cls: 0.9905, Ind: 0.0001, Med: 0.4955, Spu: 0.0001, FD: 0.4950, Var: 0.0000, Ctx: 3, Train: 73.69%, Valid: 69.70%, Test In: 72.39% Test OOD1: 65.16% Test OOD2: 53.82% Test OOD3: 63.25% 
Epoch: 51, Loss: 1.9648, Cls: 0.9821, Ind: 0.0001, Med: 0.4911, Spu: 0.0000, FD: 0.4914, Var: 0.0000, Ctx: 3, Train: 73.82%, Valid: 69.90%, Test In: 72.44% Test OOD1: 65.67% Test OOD2: 53.78% Test OOD3: 63.39% 
Epoch: 52, Loss: 1.9730, Cls: 0.9859, Ind: 0.0001, Med: 0.4927, Spu: 0.0000, FD: 0.4942, Var: 0.0000, Ctx: 3, Train: 73.85%, Valid: 69.90%, Test In: 72.59% Test OOD1: 65.01% Test OOD2: 53.84% Test OOD3: 63.22% 
Epoch: 53, Loss: 1.9686, Cls: 0.9843, Ind: 0.0001, Med: 0.4925, Spu: 0.0000, FD: 0.4917, Var: 0.0000, Ctx: 3, Train: 74.00%, Valid: 70.11%, Test In: 72.68% Test OOD1: 65.47% Test OOD2: 53.81% Test OOD3: 63.35% 
Epoch: 54, Loss: 1.9564, Cls: 0.9780, Ind: 0.0000, Med: 0.4892, Spu: 0.0000, FD: 0.4891, Var: 0.0000, Ctx: 3, Train: 74.08%, Valid: 70.28%, Test In: 72.67% Test OOD1: 66.07% Test OOD2: 53.75% Test OOD3: 63.50% 
Epoch: 55, Loss: 1.9662, Cls: 0.9827, Ind: 0.0000, Med: 0.4911, Spu: 0.0000, FD: 0.4923, Var: 0.0000, Ctx: 3, Train: 74.19%, Valid: 70.35%, Test In: 72.89% Test OOD1: 65.45% Test OOD2: 53.82% Test OOD3: 63.35% 
Epoch: 56, Loss: 1.9583, Cls: 0.9791, Ind: 0.0000, Med: 0.4898, Spu: 0.0000, FD: 0.4893, Var: 0.0000, Ctx: 3, Train: 74.30%, Valid: 70.49%, Test In: 72.97% Test OOD1: 65.79% Test OOD2: 53.79% Test OOD3: 63.44% 
Epoch: 57, Loss: 1.9487, Cls: 0.9743, Ind: 0.0000, Med: 0.4873, Spu: 0.0000, FD: 0.4871, Var: 0.0000, Ctx: 3, Train: 74.33%, Valid: 70.63%, Test In: 72.90% Test OOD1: 66.39% Test OOD2: 53.71% Test OOD3: 63.59% 
Epoch: 58, Loss: 1.9577, Cls: 0.9787, Ind: 0.0000, Med: 0.4893, Spu: 0.0000, FD: 0.4897, Var: 0.0000, Ctx: 3, Train: 74.48%, Valid: 70.74%, Test In: 73.18% Test OOD1: 65.75% Test OOD2: 53.80% Test OOD3: 63.44% 
Epoch: 59, Loss: 1.9500, Cls: 0.9749, Ind: 0.0000, Med: 0.4875, Spu: 0.0000, FD: 0.4876, Var: 0.0000, Ctx: 3, Train: 74.57%, Valid: 70.87%, Test In: 73.23% Test OOD1: 66.08% Test OOD2: 53.75% Test OOD3: 63.52% 
Epoch: 60, Loss: 1.9409, Cls: 0.9703, Ind: 0.0000, Med: 0.4852, Spu: 0.0000, FD: 0.4853, Var: 0.0000, Ctx: 3, Train: 74.58%, Valid: 70.96%, Test In: 73.15% Test OOD1: 66.59% Test OOD2: 53.68% Test OOD3: 63.64% 
Epoch: 61, Loss: 1.9481, Cls: 0.9740, Ind: 0.0000, Med: 0.4871, Spu: 0.0000, FD: 0.4870, Var: 0.0000, Ctx: 3, Train: 74.75%, Valid: 71.09%, Test In: 73.47% Test OOD1: 65.88% Test OOD2: 53.78% Test OOD3: 63.46% 
Epoch: 62, Loss: 1.9451, Cls: 0.9723, Ind: 0.0000, Med: 0.4860, Spu: 0.0000, FD: 0.4866, Var: 0.0000, Ctx: 3, Train: 74.81%, Valid: 71.21%, Test In: 73.45% Test OOD1: 66.42% Test OOD2: 53.70% Test OOD3: 63.59% 
Epoch: 63, Loss: 1.9335, Cls: 0.9666, Ind: 0.0000, Med: 0.4833, Spu: 0.0000, FD: 0.4835, Var: 0.0000, Ctx: 3, Train: 74.87%, Valid: 71.31%, Test In: 73.47% Test OOD1: 66.63% Test OOD2: 53.67% Test OOD3: 63.64% 
Epoch: 64, Loss: 1.9348, Cls: 0.9673, Ind: 0.0000, Med: 0.4837, Spu: 0.0000, FD: 0.4838, Var: 0.0000, Ctx: 3, Train: 75.01%, Valid: 71.45%, Test In: 73.74% Test OOD1: 65.85% Test OOD2: 53.75% Test OOD3: 63.43% 
Epoch: 65, Loss: 1.9421, Cls: 0.9708, Ind: 0.0000, Med: 0.4852, Spu: 0.0000, FD: 0.4860, Var: 0.0000, Ctx: 3, Train: 74.99%, Valid: 71.51%, Test In: 73.56% Test OOD1: 66.85% Test OOD2: 53.63% Test OOD3: 63.68% 
Epoch: 66, Loss: 1.9380, Cls: 0.9689, Ind: 0.0000, Med: 0.4845, Spu: 0.0000, FD: 0.4844, Var: 0.0000, Ctx: 3, Train: 75.18%, Valid: 71.68%, Test In: 73.87% Test OOD1: 66.11% Test OOD2: 53.70% Test OOD3: 63.47% 
Epoch: 67, Loss: 1.9280, Cls: 0.9638, Ind: 0.0000, Med: 0.4817, Spu: 0.0000, FD: 0.4825, Var: 0.0000, Ctx: 3, Train: 75.24%, Valid: 71.78%, Test In: 73.89% Test OOD1: 66.44% Test OOD2: 53.66% Test OOD3: 63.54% 
Epoch: 68, Loss: 1.9215, Cls: 0.9606, Ind: 0.0000, Med: 0.4801, Spu: 0.0000, FD: 0.4808, Var: 0.0000, Ctx: 3, Train: 75.28%, Valid: 71.86%, Test In: 73.90% Test OOD1: 66.71% Test OOD2: 53.62% Test OOD3: 63.60% 
Epoch: 69, Loss: 1.9227, Cls: 0.9612, Ind: 0.0000, Med: 0.4805, Spu: 0.0000, FD: 0.4810, Var: 0.0000, Ctx: 3, Train: 75.38%, Valid: 72.00%, Test In: 74.10% Test OOD1: 65.81% Test OOD2: 53.68% Test OOD3: 63.33% 
Epoch: 70, Loss: 1.9295, Cls: 0.9646, Ind: 0.0000, Med: 0.4822, Spu: 0.0000, FD: 0.4826, Var: 0.0000, Ctx: 3, Train: 75.35%, Valid: 71.99%, Test In: 73.88% Test OOD1: 67.09% Test OOD2: 53.53% Test OOD3: 63.67% 
Epoch: 71, Loss: 1.9387, Cls: 0.9692, Ind: 0.0000, Med: 0.4846, Spu: 0.0000, FD: 0.4849, Var: 0.0000, Ctx: 3, Train: 75.43%, Valid: 72.12%, Test In: 74.19% Test OOD1: 65.14% Test OOD2: 53.67% Test OOD3: 63.09% 
Epoch: 72, Loss: 1.9516, Cls: 0.9758, Ind: 0.0000, Med: 0.4882, Spu: 0.0000, FD: 0.4875, Var: 0.0000, Ctx: 3, Train: 75.45%, Valid: 72.14%, Test In: 73.96% Test OOD1: 67.20% Test OOD2: 53.49% Test OOD3: 63.67% 
Epoch: 73, Loss: 1.9432, Cls: 0.9715, Ind: 0.0000, Med: 0.4858, Spu: 0.0000, FD: 0.4859, Var: 0.0000, Ctx: 3, Train: 75.59%, Valid: 72.32%, Test In: 74.30% Test OOD1: 65.76% Test OOD2: 53.61% Test OOD3: 63.24% 
Epoch: 74, Loss: 1.9237, Cls: 0.9617, Ind: 0.0000, Med: 0.4808, Spu: 0.0000, FD: 0.4812, Var: 0.0000, Ctx: 3, Train: 75.65%, Valid: 72.38%, Test In: 74.30% Test OOD1: 66.39% Test OOD2: 53.56% Test OOD3: 63.41% 
Epoch: 75, Loss: 1.9118, Cls: 0.9557, Ind: 0.0000, Med: 0.4776, Spu: 0.0000, FD: 0.4785, Var: 0.0000, Ctx: 3, Train: 75.63%, Valid: 72.37%, Test In: 74.15% Test OOD1: 67.10% Test OOD2: 53.46% Test OOD3: 63.61% 
Epoch: 76, Loss: 1.9240, Cls: 0.9618, Ind: 0.0000, Med: 0.4808, Spu: 0.0000, FD: 0.4813, Var: 0.0000, Ctx: 3, Train: 75.67%, Valid: 72.48%, Test In: 74.38% Test OOD1: 65.44% Test OOD2: 53.57% Test OOD3: 63.11% 
Epoch: 77, Loss: 1.9359, Cls: 0.9679, Ind: 0.0000, Med: 0.4840, Spu: 0.0000, FD: 0.4840, Var: 0.0000, Ctx: 3, Train: 75.69%, Valid: 72.45%, Test In: 74.18% Test OOD1: 67.20% Test OOD2: 53.44% Test OOD3: 63.63% 
Epoch: 78, Loss: 1.9212, Cls: 0.9605, Ind: 0.0000, Med: 0.4802, Spu: 0.0000, FD: 0.4806, Var: 0.0000, Ctx: 3, Train: 75.79%, Valid: 72.57%, Test In: 74.37% Test OOD1: 66.59% Test OOD2: 53.50% Test OOD3: 63.43% 
Epoch: 79, Loss: 1.9076, Cls: 0.9536, Ind: 0.0000, Med: 0.4766, Spu: 0.0000, FD: 0.4773, Var: 0.0000, Ctx: 3, Train: 75.82%, Valid: 72.62%, Test In: 74.43% Test OOD1: 66.36% Test OOD2: 53.52% Test OOD3: 63.37% 
Epoch: 80, Loss: 1.9109, Cls: 0.9553, Ind: 0.0000, Med: 0.4775, Spu: 0.0000, FD: 0.4781, Var: 0.0000, Ctx: 3, Train: 75.76%, Valid: 72.55%, Test In: 74.19% Test OOD1: 67.40% Test OOD2: 53.39% Test OOD3: 63.67% 
Epoch: 81, Loss: 1.9219, Cls: 0.9609, Ind: 0.0000, Med: 0.4805, Spu: 0.0000, FD: 0.4805, Var: 0.0000, Ctx: 3, Train: 75.87%, Valid: 72.71%, Test In: 74.49% Test OOD1: 65.89% Test OOD2: 53.52% Test OOD3: 63.22% 
Epoch: 82, Loss: 1.9271, Cls: 0.9634, Ind: 0.0000, Med: 0.4817, Spu: 0.0000, FD: 0.4819, Var: 0.0000, Ctx: 3, Train: 75.85%, Valid: 72.65%, Test In: 74.27% Test OOD1: 67.34% Test OOD2: 53.39% Test OOD3: 63.65% 
Epoch: 83, Loss: 1.9142, Cls: 0.9570, Ind: 0.0000, Med: 0.4786, Spu: 0.0000, FD: 0.4785, Var: 0.0000, Ctx: 3, Train: 75.94%, Valid: 72.76%, Test In: 74.44% Test OOD1: 66.71% Test OOD2: 53.47% Test OOD3: 63.45% 
Epoch: 84, Loss: 1.9033, Cls: 0.9514, Ind: 0.0000, Med: 0.4756, Spu: 0.0000, FD: 0.4762, Var: 0.0000, Ctx: 3, Train: 75.98%, Valid: 72.81%, Test In: 74.49% Test OOD1: 66.49% Test OOD2: 53.49% Test OOD3: 63.39% 
Epoch: 85, Loss: 1.9052, Cls: 0.9524, Ind: 0.0000, Med: 0.4760, Spu: 0.0000, FD: 0.4768, Var: 0.0000, Ctx: 3, Train: 75.95%, Valid: 72.76%, Test In: 74.34% Test OOD1: 67.34% Test OOD2: 53.39% Test OOD3: 63.64% 
Epoch: 86, Loss: 1.9129, Cls: 0.9564, Ind: 0.0000, Med: 0.4783, Spu: 0.0000, FD: 0.4781, Var: 0.0000, Ctx: 3, Train: 76.01%, Valid: 72.88%, Test In: 74.55% Test OOD1: 65.99% Test OOD2: 53.52% Test OOD3: 63.25% 
Epoch: 87, Loss: 1.9164, Cls: 0.9581, Ind: 0.0000, Med: 0.4790, Spu: 0.0000, FD: 0.4793, Var: 0.0000, Ctx: 3, Train: 76.02%, Valid: 72.83%, Test In: 74.39% Test OOD1: 67.31% Test OOD2: 53.40% Test OOD3: 63.63% 
Epoch: 88, Loss: 1.9090, Cls: 0.9544, Ind: 0.0000, Med: 0.4772, Spu: 0.0000, FD: 0.4774, Var: 0.0000, Ctx: 3, Train: 76.09%, Valid: 72.92%, Test In: 74.53% Test OOD1: 66.57% Test OOD2: 53.49% Test OOD3: 63.42% 
Epoch: 89, Loss: 1.9006, Cls: 0.9502, Ind: 0.0000, Med: 0.4750, Spu: 0.0000, FD: 0.4754, Var: 0.0000, Ctx: 3, Train: 76.12%, Valid: 72.93%, Test In: 74.52% Test OOD1: 66.80% Test OOD2: 53.48% Test OOD3: 63.49% 
Epoch: 90, Loss: 1.8976, Cls: 0.9487, Ind: 0.0000, Med: 0.4743, Spu: 0.0000, FD: 0.4747, Var: 0.0000, Ctx: 3, Train: 76.12%, Valid: 72.92%, Test In: 74.46% Test OOD1: 67.22% Test OOD2: 53.44% Test OOD3: 63.62% 
Epoch: 91, Loss: 1.9010, Cls: 0.9503, Ind: 0.0000, Med: 0.4750, Spu: 0.0000, FD: 0.4756, Var: 0.0000, Ctx: 3, Train: 76.17%, Valid: 72.99%, Test In: 74.58% Test OOD1: 66.34% Test OOD2: 53.53% Test OOD3: 63.36% 
Epoch: 92, Loss: 1.9071, Cls: 0.9535, Ind: 0.0000, Med: 0.4769, Spu: 0.0000, FD: 0.4766, Var: 0.0000, Ctx: 3, Train: 76.14%, Valid: 72.92%, Test In: 74.42% Test OOD1: 67.50% Test OOD2: 53.41% Test OOD3: 63.72% 
Epoch: 93, Loss: 1.9105, Cls: 0.9551, Ind: 0.0000, Med: 0.4774, Spu: 0.0000, FD: 0.4781, Var: 0.0000, Ctx: 3, Train: 76.23%, Valid: 73.04%, Test In: 74.61% Test OOD1: 66.28% Test OOD2: 53.56% Test OOD3: 63.36% 
Epoch: 94, Loss: 1.9110, Cls: 0.9555, Ind: 0.0000, Med: 0.4779, Spu: 0.0000, FD: 0.4776, Var: 0.0000, Ctx: 3, Train: 76.22%, Valid: 72.99%, Test In: 74.47% Test OOD1: 67.45% Test OOD2: 53.44% Test OOD3: 63.72% 
Epoch: 95, Loss: 1.9032, Cls: 0.9515, Ind: 0.0000, Med: 0.4757, Spu: 0.0000, FD: 0.4760, Var: 0.0000, Ctx: 3, Train: 76.30%, Valid: 73.07%, Test In: 74.58% Test OOD1: 66.87% Test OOD2: 53.53% Test OOD3: 63.55% 
Epoch: 96, Loss: 1.8954, Cls: 0.9475, Ind: 0.0000, Med: 0.4737, Spu: 0.0000, FD: 0.4741, Var: 0.0000, Ctx: 3, Train: 76.32%, Valid: 73.07%, Test In: 74.56% Test OOD1: 67.11% Test OOD2: 53.51% Test OOD3: 63.63% 
Epoch: 97, Loss: 1.8923, Cls: 0.9460, Ind: 0.0000, Med: 0.4729, Spu: 0.0000, FD: 0.4733, Var: 0.0000, Ctx: 3, Train: 76.33%, Valid: 73.06%, Test In: 74.52% Test OOD1: 67.45% Test OOD2: 53.48% Test OOD3: 63.74% 
Epoch: 98, Loss: 1.8946, Cls: 0.9472, Ind: 0.0000, Med: 0.4735, Spu: 0.0000, FD: 0.4739, Var: 0.0000, Ctx: 3, Train: 76.40%, Valid: 73.13%, Test In: 74.61% Test OOD1: 66.83% Test OOD2: 53.57% Test OOD3: 63.56% 
Epoch: 99, Loss: 1.8998, Cls: 0.9498, Ind: 0.0000, Med: 0.4749, Spu: 0.0000, FD: 0.4751, Var: 0.0000, Ctx: 3, Train: 76.34%, Valid: 73.05%, Test In: 74.47% Test OOD1: 67.71% Test OOD2: 53.46% Test OOD3: 63.84% 
Epoch: 100, Loss: 1.9037, Cls: 0.9517, Ind: 0.0000, Med: 0.4757, Spu: 0.0000, FD: 0.4762, Var: 0.0000, Ctx: 3, Train: 76.47%, Valid: 73.18%, Test In: 74.64% Test OOD1: 66.69% Test OOD2: 53.62% Test OOD3: 63.53% 
Epoch: 101, Loss: 1.9079, Cls: 0.9539, Ind: 0.0000, Med: 0.4770, Spu: 0.0000, FD: 0.4769, Var: 0.0000, Ctx: 3, Train: 76.39%, Valid: 73.07%, Test In: 74.48% Test OOD1: 67.78% Test OOD2: 53.47% Test OOD3: 63.89% 
Epoch: 102, Loss: 1.9068, Cls: 0.9533, Ind: 0.0000, Med: 0.4766, Spu: 0.0000, FD: 0.4769, Var: 0.0000, Ctx: 3, Train: 76.53%, Valid: 73.23%, Test In: 74.66% Test OOD1: 66.79% Test OOD2: 53.63% Test OOD3: 63.58% 
Epoch: 103, Loss: 1.9021, Cls: 0.9509, Ind: 0.0000, Med: 0.4754, Spu: 0.0000, FD: 0.4757, Var: 0.0000, Ctx: 3, Train: 76.51%, Valid: 73.17%, Test In: 74.56% Test OOD1: 67.60% Test OOD2: 53.53% Test OOD3: 63.84% 
Epoch: 104, Loss: 1.8916, Cls: 0.9457, Ind: 0.0000, Med: 0.4728, Spu: 0.0000, FD: 0.4731, Var: 0.0000, Ctx: 3, Train: 76.57%, Valid: 73.23%, Test In: 74.61% Test OOD1: 67.37% Test OOD2: 53.59% Test OOD3: 63.78% 
Epoch: 105, Loss: 1.8861, Cls: 0.9429, Ind: 0.0000, Med: 0.4713, Spu: 0.0000, FD: 0.4718, Var: 0.0000, Ctx: 3, Train: 76.63%, Valid: 73.27%, Test In: 74.65% Test OOD1: 67.18% Test OOD2: 53.62% Test OOD3: 63.73% 
Epoch: 106, Loss: 1.8886, Cls: 0.9442, Ind: 0.0000, Med: 0.4720, Spu: 0.0000, FD: 0.4724, Var: 0.0000, Ctx: 3, Train: 76.57%, Valid: 73.18%, Test In: 74.54% Test OOD1: 67.80% Test OOD2: 53.53% Test OOD3: 63.94% 
Epoch: 107, Loss: 1.8945, Cls: 0.9471, Ind: 0.0000, Med: 0.4734, Spu: 0.0000, FD: 0.4739, Var: 0.0000, Ctx: 3, Train: 76.70%, Valid: 73.30%, Test In: 74.68% Test OOD1: 66.97% Test OOD2: 53.67% Test OOD3: 63.67% 
Epoch: 108, Loss: 1.9002, Cls: 0.9501, Ind: 0.0000, Med: 0.4751, Spu: 0.0000, FD: 0.4750, Var: 0.0000, Ctx: 3, Train: 76.59%, Valid: 73.17%, Test In: 74.54% Test OOD1: 67.91% Test OOD2: 53.53% Test OOD3: 64.00% 
Epoch: 109, Loss: 1.9019, Cls: 0.9508, Ind: 0.0000, Med: 0.4753, Spu: 0.0000, FD: 0.4758, Var: 0.0000, Ctx: 3, Train: 76.76%, Valid: 73.33%, Test In: 74.71% Test OOD1: 66.89% Test OOD2: 53.69% Test OOD3: 63.67% 
Epoch: 110, Loss: 1.9009, Cls: 0.9504, Ind: 0.0000, Med: 0.4753, Spu: 0.0000, FD: 0.4752, Var: 0.0000, Ctx: 3, Train: 76.71%, Valid: 73.25%, Test In: 74.60% Test OOD1: 67.82% Test OOD2: 53.57% Test OOD3: 63.98% 
Epoch: 111, Loss: 1.8927, Cls: 0.9463, Ind: 0.0000, Med: 0.4731, Spu: 0.0000, FD: 0.4733, Var: 0.0000, Ctx: 3, Train: 76.82%, Valid: 73.34%, Test In: 74.71% Test OOD1: 67.21% Test OOD2: 53.67% Test OOD3: 63.78% 
Epoch: 112, Loss: 1.8835, Cls: 0.9416, Ind: 0.0000, Med: 0.4707, Spu: 0.0000, FD: 0.4712, Var: 0.0000, Ctx: 3, Train: 76.84%, Valid: 73.34%, Test In: 74.70% Test OOD1: 67.41% Test OOD2: 53.66% Test OOD3: 63.86% 
Epoch: 113, Loss: 1.8794, Cls: 0.9395, Ind: 0.0000, Med: 0.4696, Spu: 0.0000, FD: 0.4702, Var: 0.0000, Ctx: 3, Train: 76.83%, Valid: 73.31%, Test In: 74.66% Test OOD1: 67.71% Test OOD2: 53.62% Test OOD3: 63.97% 
Epoch: 114, Loss: 1.8826, Cls: 0.9412, Ind: 0.0000, Med: 0.4705, Spu: 0.0000, FD: 0.4709, Var: 0.0000, Ctx: 3, Train: 76.92%, Valid: 73.38%, Test In: 74.74% Test OOD1: 67.06% Test OOD2: 53.74% Test OOD3: 63.76% 
Epoch: 115, Loss: 1.8899, Cls: 0.9449, Ind: 0.0000, Med: 0.4725, Spu: 0.0000, FD: 0.4725, Var: 0.0000, Ctx: 3, Train: 76.83%, Valid: 73.28%, Test In: 74.63% Test OOD1: 67.98% Test OOD2: 53.60% Test OOD3: 64.07% 
Epoch: 116, Loss: 1.8971, Cls: 0.9484, Ind: 0.0000, Med: 0.4741, Spu: 0.0000, FD: 0.4746, Var: 0.0000, Ctx: 3, Train: 76.99%, Valid: 73.41%, Test In: 74.75% Test OOD1: 66.81% Test OOD2: 53.78% Test OOD3: 63.69% 
Epoch: 117, Loss: 1.9064, Cls: 0.9532, Ind: 0.0000, Med: 0.4768, Spu: 0.0000, FD: 0.4763, Var: 0.0000, Ctx: 3, Train: 76.88%, Valid: 73.29%, Test In: 74.62% Test OOD1: 68.06% Test OOD2: 53.60% Test OOD3: 64.11% 
Epoch: 118, Loss: 1.9076, Cls: 0.9537, Ind: 0.0000, Med: 0.4769, Spu: 0.0000, FD: 0.4769, Var: 0.0000, Ctx: 3, Train: 77.07%, Valid: 73.44%, Test In: 74.76% Test OOD1: 66.88% Test OOD2: 53.78% Test OOD3: 63.71% 
Epoch: 119, Loss: 1.8969, Cls: 0.9484, Ind: 0.0000, Med: 0.4741, Spu: 0.0000, FD: 0.4744, Var: 0.0000, Ctx: 3, Train: 77.06%, Valid: 73.42%, Test In: 74.72% Test OOD1: 67.67% Test OOD2: 53.70% Test OOD3: 63.99% 
Epoch: 120, Loss: 1.8774, Cls: 0.9386, Ind: 0.0000, Med: 0.4692, Spu: 0.0000, FD: 0.4695, Var: 0.0000, Ctx: 3, Train: 77.08%, Valid: 73.42%, Test In: 74.71% Test OOD1: 67.75% Test OOD2: 53.70% Test OOD3: 64.03% 
Epoch: 121, Loss: 1.8770, Cls: 0.9384, Ind: 0.0000, Med: 0.4691, Spu: 0.0000, FD: 0.4695, Var: 0.0000, Ctx: 3, Train: 77.16%, Valid: 73.47%, Test In: 74.75% Test OOD1: 67.15% Test OOD2: 53.80% Test OOD3: 63.83% 
Epoch: 122, Loss: 1.8901, Cls: 0.9450, Ind: 0.0000, Med: 0.4725, Spu: 0.0000, FD: 0.4726, Var: 0.0000, Ctx: 3, Train: 77.03%, Valid: 73.35%, Test In: 74.64% Test OOD1: 68.12% Test OOD2: 53.65% Test OOD3: 64.19% 
Epoch: 123, Loss: 1.8917, Cls: 0.9457, Ind: 0.0000, Med: 0.4727, Spu: 0.0000, FD: 0.4733, Var: 0.0000, Ctx: 3, Train: 77.21%, Valid: 73.46%, Test In: 74.76% Test OOD1: 67.37% Test OOD2: 53.81% Test OOD3: 63.92% 
Epoch: 124, Loss: 1.8814, Cls: 0.9407, Ind: 0.0000, Med: 0.4704, Spu: 0.0000, FD: 0.4703, Var: 0.0000, Ctx: 3, Train: 77.19%, Valid: 73.42%, Test In: 74.73% Test OOD1: 67.82% Test OOD2: 53.74% Test OOD3: 64.09% 
Epoch: 125, Loss: 1.8702, Cls: 0.9349, Ind: 0.0000, Med: 0.4673, Spu: 0.0000, FD: 0.4680, Var: 0.0000, Ctx: 3, Train: 77.25%, Valid: 73.44%, Test In: 74.76% Test OOD1: 67.70% Test OOD2: 53.79% Test OOD3: 64.04% 
Epoch: 126, Loss: 1.8679, Cls: 0.9338, Ind: 0.0000, Med: 0.4667, Spu: 0.0000, FD: 0.4673, Var: 0.0000, Ctx: 3, Train: 77.32%, Valid: 73.47%, Test In: 74.78% Test OOD1: 67.19% Test OOD2: 53.89% Test OOD3: 63.85% 
Epoch: 127, Loss: 1.8736, Cls: 0.9367, Ind: 0.0000, Med: 0.4683, Spu: 0.0000, FD: 0.4686, Var: 0.0000, Ctx: 3, Train: 77.28%, Valid: 73.43%, Test In: 74.75% Test OOD1: 67.86% Test OOD2: 53.78% Test OOD3: 64.08% 
Epoch: 128, Loss: 1.8814, Cls: 0.9406, Ind: 0.0000, Med: 0.4703, Spu: 0.0000, FD: 0.4704, Var: 0.0000, Ctx: 3, Train: 77.38%, Valid: 73.46%, Test In: 74.77% Test OOD1: 66.82% Test OOD2: 53.93% Test OOD3: 63.69% 
Epoch: 129, Loss: 1.8849, Cls: 0.9424, Ind: 0.0000, Med: 0.4712, Spu: 0.0000, FD: 0.4714, Var: 0.0000, Ctx: 3, Train: 77.35%, Valid: 73.44%, Test In: 74.77% Test OOD1: 67.91% Test OOD2: 53.78% Test OOD3: 64.09% 
Epoch: 130, Loss: 1.8813, Cls: 0.9406, Ind: 0.0000, Med: 0.4704, Spu: 0.0000, FD: 0.4703, Var: 0.0000, Ctx: 3, Train: 77.47%, Valid: 73.50%, Test In: 74.80% Test OOD1: 67.15% Test OOD2: 53.90% Test OOD3: 63.81% 
Epoch: 131, Loss: 1.8726, Cls: 0.9362, Ind: 0.0000, Med: 0.4680, Spu: 0.0000, FD: 0.4683, Var: 0.0000, Ctx: 3, Train: 77.45%, Valid: 73.49%, Test In: 74.79% Test OOD1: 67.77% Test OOD2: 53.82% Test OOD3: 64.06% 
Epoch: 132, Loss: 1.8639, Cls: 0.9318, Ind: 0.0000, Med: 0.4658, Spu: 0.0000, FD: 0.4663, Var: 0.0000, Ctx: 3, Train: 77.50%, Valid: 73.50%, Test In: 74.80% Test OOD1: 67.68% Test OOD2: 53.84% Test OOD3: 64.03% 
Epoch: 133, Loss: 1.8605, Cls: 0.9301, Ind: 0.0000, Med: 0.4649, Spu: 0.0000, FD: 0.4655, Var: 0.0000, Ctx: 3, Train: 77.57%, Valid: 73.52%, Test In: 74.81% Test OOD1: 67.41% Test OOD2: 53.89% Test OOD3: 63.91% 
Epoch: 134, Loss: 1.8630, Cls: 0.9314, Ind: 0.0000, Med: 0.4656, Spu: 0.0000, FD: 0.4659, Var: 0.0000, Ctx: 3, Train: 77.54%, Valid: 73.50%, Test In: 74.80% Test OOD1: 67.90% Test OOD2: 53.81% Test OOD3: 64.10% 
Epoch: 135, Loss: 1.8698, Cls: 0.9348, Ind: 0.0000, Med: 0.4673, Spu: 0.0000, FD: 0.4678, Var: 0.0000, Ctx: 3, Train: 77.63%, Valid: 73.49%, Test In: 74.74% Test OOD1: 66.74% Test OOD2: 54.00% Test OOD3: 63.59% 
Epoch: 136, Loss: 1.8826, Cls: 0.9413, Ind: 0.0000, Med: 0.4708, Spu: 0.0000, FD: 0.4705, Var: 0.0000, Ctx: 3, Train: 77.57%, Valid: 73.49%, Test In: 74.77% Test OOD1: 68.03% Test OOD2: 53.80% Test OOD3: 64.12% 
Epoch: 137, Loss: 1.9043, Cls: 0.9522, Ind: 0.0000, Med: 0.4764, Spu: 0.0000, FD: 0.4757, Var: 0.0000, Ctx: 3, Train: 77.68%, Valid: 73.47%, Test In: 74.64% Test OOD1: 66.18% Test OOD2: 54.03% Test OOD3: 63.30% 
Epoch: 138, Loss: 1.9175, Cls: 0.9588, Ind: 0.0000, Med: 0.4796, Spu: 0.0000, FD: 0.4791, Var: 0.0000, Ctx: 3, Train: 77.64%, Valid: 73.54%, Test In: 74.77% Test OOD1: 68.01% Test OOD2: 53.83% Test OOD3: 64.08% 
Epoch: 139, Loss: 1.8892, Cls: 0.9447, Ind: 0.0000, Med: 0.4726, Spu: 0.0000, FD: 0.4719, Var: 0.0000, Ctx: 3, Train: 77.75%, Valid: 73.58%, Test In: 74.77% Test OOD1: 67.48% Test OOD2: 53.98% Test OOD3: 63.86% 
Epoch: 140, Loss: 1.8582, Cls: 0.9289, Ind: 0.0000, Med: 0.4644, Spu: 0.0000, FD: 0.4648, Var: 0.0000, Ctx: 3, Train: 77.76%, Valid: 73.57%, Test In: 74.77% Test OOD1: 67.37% Test OOD2: 54.04% Test OOD3: 63.80% 
Epoch: 141, Loss: 1.8713, Cls: 0.9356, Ind: 0.0000, Med: 0.4678, Spu: 0.0000, FD: 0.4680, Var: 0.0000, Ctx: 3, Train: 77.52%, Valid: 73.47%, Test In: 74.72% Test OOD1: 68.42% Test OOD2: 53.81% Test OOD3: 64.30% 
Epoch: 142, Loss: 1.8900, Cls: 0.9449, Ind: 0.0000, Med: 0.4723, Spu: 0.0000, FD: 0.4728, Var: 0.0000, Ctx: 3, Train: 77.81%, Valid: 73.51%, Test In: 74.77% Test OOD1: 67.30% Test OOD2: 54.08% Test OOD3: 63.82% 
Epoch: 143, Loss: 1.8745, Cls: 0.9373, Ind: 0.0000, Med: 0.4688, Spu: 0.0000, FD: 0.4684, Var: 0.0000, Ctx: 3, Train: 77.83%, Valid: 73.49%, Test In: 74.80% Test OOD1: 67.70% Test OOD2: 54.00% Test OOD3: 64.03% 
Epoch: 144, Loss: 1.8525, Cls: 0.9261, Ind: 0.0000, Med: 0.4629, Spu: 0.0000, FD: 0.4635, Var: 0.0000, Ctx: 3, Train: 77.84%, Valid: 73.46%, Test In: 74.81% Test OOD1: 67.72% Test OOD2: 54.03% Test OOD3: 64.02% 
Epoch: 145, Loss: 1.8596, Cls: 0.9296, Ind: 0.0000, Med: 0.4646, Spu: 0.0000, FD: 0.4653, Var: 0.0000, Ctx: 3, Train: 77.87%, Valid: 73.39%, Test In: 74.68% Test OOD1: 66.69% Test OOD2: 54.21% Test OOD3: 63.53% 
Epoch: 146, Loss: 1.8743, Cls: 0.9372, Ind: 0.0000, Med: 0.4687, Spu: 0.0000, FD: 0.4685, Var: 0.0000, Ctx: 3, Train: 77.87%, Valid: 73.48%, Test In: 74.82% Test OOD1: 67.87% Test OOD2: 54.03% Test OOD3: 64.04% 
Epoch: 147, Loss: 1.8677, Cls: 0.9338, Ind: 0.0000, Med: 0.4668, Spu: 0.0000, FD: 0.4671, Var: 0.0000, Ctx: 3, Train: 77.99%, Valid: 73.49%, Test In: 74.79% Test OOD1: 67.34% Test OOD2: 54.12% Test OOD3: 63.79% 
Epoch: 148, Loss: 1.8501, Cls: 0.9249, Ind: 0.0000, Med: 0.4624, Spu: 0.0000, FD: 0.4628, Var: 0.0000, Ctx: 3, Train: 78.02%, Valid: 73.52%, Test In: 74.78% Test OOD1: 67.43% Test OOD2: 54.09% Test OOD3: 63.82% 
Epoch: 149, Loss: 1.8500, Cls: 0.9249, Ind: 0.0000, Med: 0.4623, Spu: 0.0000, FD: 0.4628, Var: 0.0000, Ctx: 3, Train: 77.93%, Valid: 73.52%, Test In: 74.78% Test OOD1: 68.05% Test OOD2: 53.98% Test OOD3: 64.08% 
Epoch: 150, Loss: 1.8616, Cls: 0.9307, Ind: 0.0000, Med: 0.4653, Spu: 0.0000, FD: 0.4656, Var: 0.0000, Ctx: 3, Train: 78.11%, Valid: 73.51%, Test In: 74.75% Test OOD1: 67.00% Test OOD2: 54.14% Test OOD3: 63.59% 
Epoch: 151, Loss: 1.8617, Cls: 0.9308, Ind: 0.0000, Med: 0.4653, Spu: 0.0000, FD: 0.4656, Var: 0.0000, Ctx: 3, Train: 78.10%, Valid: 73.54%, Test In: 74.83% Test OOD1: 67.60% Test OOD2: 54.02% Test OOD3: 63.88% 
Epoch: 152, Loss: 1.8495, Cls: 0.9246, Ind: 0.0000, Med: 0.4623, Spu: 0.0000, FD: 0.4625, Var: 0.0000, Ctx: 3, Train: 78.17%, Valid: 73.51%, Test In: 74.81% Test OOD1: 67.18% Test OOD2: 54.07% Test OOD3: 63.69% 
Epoch: 153, Loss: 1.8428, Cls: 0.9213, Ind: 0.0000, Med: 0.4606, Spu: 0.0000, FD: 0.4610, Var: 0.0000, Ctx: 3, Train: 78.19%, Valid: 73.45%, Test In: 74.73% Test OOD1: 66.75% Test OOD2: 54.18% Test OOD3: 63.47% 
Epoch: 154, Loss: 1.8486, Cls: 0.9242, Ind: 0.0000, Med: 0.4620, Spu: 0.0000, FD: 0.4623, Var: 0.0000, Ctx: 3, Train: 78.18%, Valid: 73.52%, Test In: 74.82% Test OOD1: 67.69% Test OOD2: 54.02% Test OOD3: 63.93% 
Epoch: 155, Loss: 1.8591, Cls: 0.9294, Ind: 0.0000, Med: 0.4647, Spu: 0.0000, FD: 0.4650, Var: 0.0000, Ctx: 3, Train: 78.26%, Valid: 73.39%, Test In: 74.62% Test OOD1: 66.46% Test OOD2: 54.25% Test OOD3: 63.27% 
Epoch: 156, Loss: 1.8645, Cls: 0.9323, Ind: 0.0000, Med: 0.4663, Spu: 0.0000, FD: 0.4660, Var: 0.0000, Ctx: 3, Train: 78.25%, Valid: 73.55%, Test In: 74.79% Test OOD1: 67.68% Test OOD2: 54.05% Test OOD3: 63.86% 
Epoch: 157, Loss: 1.8631, Cls: 0.9314, Ind: 0.0000, Med: 0.4657, Spu: 0.0000, FD: 0.4659, Var: 0.0000, Ctx: 3, Train: 78.36%, Valid: 73.45%, Test In: 74.59% Test OOD1: 66.45% Test OOD2: 54.22% Test OOD3: 63.23% 
Epoch: 158, Loss: 1.8517, Cls: 0.9258, Ind: 0.0000, Med: 0.4629, Spu: 0.0000, FD: 0.4630, Var: 0.0000, Ctx: 3, Train: 78.39%, Valid: 73.58%, Test In: 74.72% Test OOD1: 67.29% Test OOD2: 54.12% Test OOD3: 63.64% 
Epoch: 159, Loss: 1.8380, Cls: 0.9189, Ind: 0.0000, Med: 0.4594, Spu: 0.0000, FD: 0.4597, Var: 0.0000, Ctx: 3, Train: 78.44%, Valid: 73.57%, Test In: 74.72% Test OOD1: 67.42% Test OOD2: 54.12% Test OOD3: 63.69% 
Epoch: 160, Loss: 1.8355, Cls: 0.9176, Ind: 0.0000, Med: 0.4587, Spu: 0.0000, FD: 0.4592, Var: 0.0000, Ctx: 3, Train: 78.47%, Valid: 73.46%, Test In: 74.60% Test OOD1: 66.83% Test OOD2: 54.25% Test OOD3: 63.36% 
Epoch: 161, Loss: 1.8446, Cls: 0.9223, Ind: 0.0000, Med: 0.4612, Spu: 0.0000, FD: 0.4611, Var: 0.0000, Ctx: 3, Train: 78.44%, Valid: 73.53%, Test In: 74.71% Test OOD1: 67.67% Test OOD2: 54.09% Test OOD3: 63.86% 
Epoch: 162, Loss: 1.8595, Cls: 0.9296, Ind: 0.0000, Med: 0.4647, Spu: 0.0000, FD: 0.4651, Var: 0.0000, Ctx: 3, Train: 78.46%, Valid: 73.21%, Test In: 74.33% Test OOD1: 65.74% Test OOD2: 54.31% Test OOD3: 62.81% 
Epoch: 163, Loss: 1.8730, Cls: 0.9366, Ind: 0.0000, Med: 0.4686, Spu: 0.0000, FD: 0.4679, Var: 0.0000, Ctx: 3, Train: 78.49%, Valid: 73.55%, Test In: 74.69% Test OOD1: 67.48% Test OOD2: 54.09% Test OOD3: 63.73% 
Epoch: 164, Loss: 1.8722, Cls: 0.9361, Ind: 0.0000, Med: 0.4682, Spu: 0.0000, FD: 0.4679, Var: 0.0000, Ctx: 3, Train: 78.62%, Valid: 73.47%, Test In: 74.50% Test OOD1: 66.56% Test OOD2: 54.25% Test OOD3: 63.21% 
Epoch: 165, Loss: 1.8432, Cls: 0.9215, Ind: 0.0000, Med: 0.4607, Spu: 0.0000, FD: 0.4609, Var: 0.0000, Ctx: 3, Train: 78.57%, Valid: 73.61%, Test In: 74.68% Test OOD1: 67.41% Test OOD2: 54.16% Test OOD3: 63.63% 
Epoch: 166, Loss: 1.8315, Cls: 0.9156, Ind: 0.0000, Med: 0.4577, Spu: 0.0000, FD: 0.4581, Var: 0.0000, Ctx: 3, Train: 78.47%, Valid: 73.59%, Test In: 74.73% Test OOD1: 68.02% Test OOD2: 54.05% Test OOD3: 64.01% 
Epoch: 167, Loss: 1.8491, Cls: 0.9244, Ind: 0.0000, Med: 0.4621, Spu: 0.0000, FD: 0.4625, Var: 0.0000, Ctx: 3, Train: 78.67%, Valid: 73.24%, Test In: 74.41% Test OOD1: 66.15% Test OOD2: 54.37% Test OOD3: 63.05% 
Epoch: 168, Loss: 1.8661, Cls: 0.9331, Ind: 0.0000, Med: 0.4667, Spu: 0.0000, FD: 0.4663, Var: 0.0000, Ctx: 3, Train: 78.66%, Valid: 73.48%, Test In: 74.68% Test OOD1: 67.28% Test OOD2: 54.19% Test OOD3: 63.72% 
Epoch: 169, Loss: 1.8661, Cls: 0.9331, Ind: 0.0000, Med: 0.4667, Spu: 0.0000, FD: 0.4664, Var: 0.0000, Ctx: 3, Train: 78.79%, Valid: 73.29%, Test In: 74.46% Test OOD1: 66.05% Test OOD2: 54.29% Test OOD3: 63.13% 
Epoch: 170, Loss: 1.8334, Cls: 0.9166, Ind: 0.0000, Med: 0.4582, Spu: 0.0000, FD: 0.4586, Var: 0.0000, Ctx: 3, Train: 78.86%, Valid: 73.44%, Test In: 74.58% Test OOD1: 66.81% Test OOD2: 54.27% Test OOD3: 63.44% 
Epoch: 171, Loss: 1.8284, Cls: 0.9141, Ind: 0.0000, Med: 0.4570, Spu: 0.0000, FD: 0.4573, Var: 0.0000, Ctx: 3, Train: 78.53%, Valid: 73.55%, Test In: 74.71% Test OOD1: 68.12% Test OOD2: 54.04% Test OOD3: 64.10% 
Epoch: 172, Loss: 1.8602, Cls: 0.9300, Ind: 0.0000, Med: 0.4649, Spu: 0.0000, FD: 0.4653, Var: 0.0000, Ctx: 3, Train: 78.89%, Valid: 73.34%, Test In: 74.49% Test OOD1: 66.43% Test OOD2: 54.32% Test OOD3: 63.21% 
Epoch: 173, Loss: 1.8605, Cls: 0.9303, Ind: 0.0000, Med: 0.4653, Spu: 0.0000, FD: 0.4649, Var: 0.0000, Ctx: 3, Train: 78.88%, Valid: 73.50%, Test In: 74.66% Test OOD1: 67.16% Test OOD2: 54.19% Test OOD3: 63.65% 
Epoch: 174, Loss: 1.8338, Cls: 0.9168, Ind: 0.0000, Med: 0.4583, Spu: 0.0000, FD: 0.4587, Var: 0.0000, Ctx: 3, Train: 78.95%, Valid: 73.44%, Test In: 74.59% Test OOD1: 66.65% Test OOD2: 54.24% Test OOD3: 63.40% 
Epoch: 175, Loss: 1.8255, Cls: 0.9126, Ind: 0.0000, Med: 0.4562, Spu: 0.0000, FD: 0.4566, Var: 0.0000, Ctx: 3, Train: 79.05%, Valid: 73.27%, Test In: 74.42% Test OOD1: 66.06% Test OOD2: 54.31% Test OOD3: 63.05% 
Epoch: 176, Loss: 1.8407, Cls: 0.9203, Ind: 0.0000, Med: 0.4601, Spu: 0.0000, FD: 0.4603, Var: 0.0000, Ctx: 3, Train: 78.82%, Valid: 73.52%, Test In: 74.69% Test OOD1: 67.81% Test OOD2: 54.08% Test OOD3: 63.92% 
Epoch: 177, Loss: 1.8429, Cls: 0.9213, Ind: 0.0000, Med: 0.4606, Spu: 0.0000, FD: 0.4610, Var: 0.0000, Ctx: 3, Train: 79.07%, Valid: 73.34%, Test In: 74.52% Test OOD1: 66.62% Test OOD2: 54.28% Test OOD3: 63.31% 
Epoch: 178, Loss: 1.8221, Cls: 0.9110, Ind: 0.0000, Med: 0.4554, Spu: 0.0000, FD: 0.4557, Var: 0.0000, Ctx: 3, Train: 79.16%, Valid: 73.32%, Test In: 74.49% Test OOD1: 66.32% Test OOD2: 54.25% Test OOD3: 63.19% 
Epoch: 179, Loss: 1.8132, Cls: 0.9065, Ind: 0.0000, Med: 0.4532, Spu: 0.0000, FD: 0.4536, Var: 0.0000, Ctx: 3, Train: 79.16%, Valid: 73.37%, Test In: 74.54% Test OOD1: 66.54% Test OOD2: 54.20% Test OOD3: 63.30% 
Epoch: 180, Loss: 1.8207, Cls: 0.9103, Ind: 0.0000, Med: 0.4551, Spu: 0.0000, FD: 0.4554, Var: 0.0000, Ctx: 3, Train: 79.25%, Valid: 73.17%, Test In: 74.31% Test OOD1: 65.85% Test OOD2: 54.25% Test OOD3: 62.86% 
Epoch: 181, Loss: 1.8231, Cls: 0.9115, Ind: 0.0000, Med: 0.4557, Spu: 0.0000, FD: 0.4558, Var: 0.0000, Ctx: 3, Train: 79.17%, Valid: 73.48%, Test In: 74.59% Test OOD1: 67.25% Test OOD2: 54.12% Test OOD3: 63.54% 
Epoch: 182, Loss: 1.8214, Cls: 0.9106, Ind: 0.0000, Med: 0.4552, Spu: 0.0000, FD: 0.4557, Var: 0.0000, Ctx: 3, Train: 79.36%, Valid: 73.26%, Test In: 74.33% Test OOD1: 66.02% Test OOD2: 54.22% Test OOD3: 62.89% 
Epoch: 183, Loss: 1.8130, Cls: 0.9064, Ind: 0.0000, Med: 0.4532, Spu: 0.0000, FD: 0.4534, Var: 0.0000, Ctx: 3, Train: 79.40%, Valid: 73.34%, Test In: 74.36% Test OOD1: 66.11% Test OOD2: 54.16% Test OOD3: 62.96% 
Epoch: 184, Loss: 1.8078, Cls: 0.9038, Ind: 0.0000, Med: 0.4519, Spu: 0.0000, FD: 0.4521, Var: 0.0000, Ctx: 3, Train: 79.47%, Valid: 73.24%, Test In: 74.26% Test OOD1: 65.75% Test OOD2: 54.16% Test OOD3: 62.75% 
Epoch: 185, Loss: 1.8027, Cls: 0.9013, Ind: 0.0000, Med: 0.4506, Spu: 0.0000, FD: 0.4509, Var: 0.0000, Ctx: 3, Train: 79.48%, Valid: 73.26%, Test In: 74.29% Test OOD1: 66.05% Test OOD2: 54.17% Test OOD3: 62.85% 
Epoch: 186, Loss: 1.8021, Cls: 0.9010, Ind: 0.0000, Med: 0.4504, Spu: 0.0000, FD: 0.4508, Var: 0.0000, Ctx: 3, Train: 79.52%, Valid: 73.40%, Test In: 74.38% Test OOD1: 66.45% Test OOD2: 54.11% Test OOD3: 63.04% 
Epoch: 187, Loss: 1.8070, Cls: 0.9034, Ind: 0.0000, Med: 0.4517, Spu: 0.0000, FD: 0.4519, Var: 0.0000, Ctx: 3, Train: 79.48%, Valid: 72.80%, Test In: 73.78% Test OOD1: 64.42% Test OOD2: 54.16% Test OOD3: 61.98% 
Epoch: 188, Loss: 1.8330, Cls: 0.9165, Ind: 0.0000, Med: 0.4583, Spu: 0.0000, FD: 0.4582, Var: 0.0000, Ctx: 3, Train: 79.27%, Valid: 73.42%, Test In: 74.38% Test OOD1: 66.74% Test OOD2: 54.04% Test OOD3: 63.22% 
Epoch: 189, Loss: 1.9124, Cls: 0.9564, Ind: 0.0000, Med: 0.4786, Spu: 0.0000, FD: 0.4773, Var: 0.0000, Ctx: 3, Train: 79.15%, Valid: 72.08%, Test In: 72.97% Test OOD1: 62.83% Test OOD2: 54.13% Test OOD3: 61.28% 
Epoch: 190, Loss: 1.9625, Cls: 0.9813, Ind: 0.0000, Med: 0.4908, Spu: 0.0000, FD: 0.4904, Var: 0.0000, Ctx: 3, Train: 79.22%, Valid: 73.59%, Test In: 74.43% Test OOD1: 67.17% Test OOD2: 53.98% Test OOD3: 63.46% 
Epoch: 191, Loss: 1.8743, Cls: 0.9374, Ind: 0.0000, Med: 0.4692, Spu: 0.0000, FD: 0.4677, Var: 0.0000, Ctx: 3, Train: 79.37%, Valid: 73.52%, Test In: 74.42% Test OOD1: 66.86% Test OOD2: 54.10% Test OOD3: 63.35% 
Epoch: 192, Loss: 1.8255, Cls: 0.9128, Ind: 0.0000, Med: 0.4567, Spu: 0.0000, FD: 0.4559, Var: 0.0000, Ctx: 3, Train: 79.41%, Valid: 72.84%, Test In: 73.94% Test OOD1: 65.29% Test OOD2: 54.28% Test OOD3: 62.66% 
Epoch: 193, Loss: 1.8934, Cls: 0.9466, Ind: 0.0000, Med: 0.4733, Spu: 0.0000, FD: 0.4735, Var: 0.0000, Ctx: 3, Train: 79.22%, Valid: 73.42%, Test In: 74.54% Test OOD1: 67.64% Test OOD2: 54.01% Test OOD3: 63.86% 
Epoch: 194, Loss: 1.8168, Cls: 0.9083, Ind: 0.0000, Med: 0.4541, Spu: 0.0000, FD: 0.4544, Var: 0.0000, Ctx: 3, Train: 79.08%, Valid: 73.28%, Test In: 74.52% Test OOD1: 67.96% Test OOD2: 53.89% Test OOD3: 64.06% 
Epoch: 195, Loss: 1.8463, Cls: 0.9229, Ind: 0.0000, Med: 0.4612, Spu: 0.0000, FD: 0.4622, Var: 0.0000, Ctx: 3, Train: 79.44%, Valid: 72.67%, Test In: 74.03% Test OOD1: 65.65% Test OOD2: 54.20% Test OOD3: 62.97% 
Epoch: 196, Loss: 1.8432, Cls: 0.9218, Ind: 0.0000, Med: 0.4612, Spu: 0.0000, FD: 0.4603, Var: 0.0000, Ctx: 3, Train: 79.57%, Valid: 72.89%, Test In: 74.23% Test OOD1: 66.15% Test OOD2: 54.21% Test OOD3: 63.24% 
Epoch: 197, Loss: 1.8120, Cls: 0.9059, Ind: 0.0000, Med: 0.4529, Spu: 0.0000, FD: 0.4533, Var: 0.0000, Ctx: 3, Train: 79.21%, Valid: 73.08%, Test In: 74.45% Test OOD1: 67.46% Test OOD2: 54.22% Test OOD3: 63.86% 
Epoch: 198, Loss: 1.8463, Cls: 0.9228, Ind: 0.0000, Med: 0.4611, Spu: 0.0000, FD: 0.4624, Var: 0.0000, Ctx: 3, Train: 79.61%, Valid: 72.96%, Test In: 74.30% Test OOD1: 66.68% Test OOD2: 54.34% Test OOD3: 63.48% 
Epoch: 199, Loss: 1.8072, Cls: 0.9036, Ind: 0.0000, Med: 0.4520, Spu: 0.0000, FD: 0.4515, Var: 0.0000, Ctx: 3, Train: 79.69%, Valid: 72.95%, Test In: 74.25% Test OOD1: 66.52% Test OOD2: 54.33% Test OOD3: 63.41% 
Epoch: 200, Loss: 1.8196, Cls: 0.9099, Ind: 0.0000, Med: 0.4553, Spu: 0.0000, FD: 0.4544, Var: 0.0000, Ctx: 3, Train: 79.36%, Valid: 73.22%, Test In: 74.44% Test OOD1: 67.53% Test OOD2: 54.12% Test OOD3: 63.84% 
Epoch: 201, Loss: 1.8247, Cls: 0.9123, Ind: 0.0000, Med: 0.4561, Spu: 0.0000, FD: 0.4563, Var: 0.0000, Ctx: 3, Train: 79.74%, Valid: 73.11%, Test In: 74.27% Test OOD1: 66.13% Test OOD2: 54.20% Test OOD3: 63.21% 
Epoch: 202, Loss: 1.7972, Cls: 0.8985, Ind: 0.0000, Med: 0.4491, Spu: 0.0000, FD: 0.4496, Var: 0.0000, Ctx: 3, Train: 79.81%, Valid: 72.74%, Test In: 73.95% Test OOD1: 64.83% Test OOD2: 54.24% Test OOD3: 62.63% 
Epoch: 203, Loss: 1.8158, Cls: 0.9076, Ind: 0.0000, Med: 0.4535, Spu: 0.0000, FD: 0.4546, Var: 0.0000, Ctx: 3, Train: 79.80%, Valid: 73.15%, Test In: 74.37% Test OOD1: 66.64% Test OOD2: 54.02% Test OOD3: 63.38% 
Epoch: 204, Loss: 1.7982, Cls: 0.8991, Ind: 0.0000, Med: 0.4497, Spu: 0.0000, FD: 0.4494, Var: 0.0000, Ctx: 3, Train: 79.85%, Valid: 73.07%, Test In: 74.33% Test OOD1: 66.53% Test OOD2: 54.03% Test OOD3: 63.25% 
Epoch: 205, Loss: 1.7927, Cls: 0.8963, Ind: 0.0000, Med: 0.4482, Spu: 0.0000, FD: 0.4482, Var: 0.0000, Ctx: 3, Train: 79.91%, Valid: 72.55%, Test In: 73.73% Test OOD1: 64.30% Test OOD2: 54.14% Test OOD3: 62.15% 
Epoch: 206, Loss: 1.8023, Cls: 0.9009, Ind: 0.0000, Med: 0.4502, Spu: 0.0000, FD: 0.4512, Var: 0.0000, Ctx: 3, Train: 79.93%, Valid: 72.89%, Test In: 73.82% Test OOD1: 64.26% Test OOD2: 54.03% Test OOD3: 62.24% 
Epoch: 207, Loss: 1.8228, Cls: 0.9116, Ind: 0.0000, Med: 0.4562, Spu: 0.0000, FD: 0.4550, Var: 0.0000, Ctx: 3, Train: 79.99%, Valid: 73.01%, Test In: 74.06% Test OOD1: 65.65% Test OOD2: 54.15% Test OOD3: 62.68% 
Epoch: 208, Loss: 1.7949, Cls: 0.8973, Ind: 0.0000, Med: 0.4485, Spu: 0.0000, FD: 0.4491, Var: 0.0000, Ctx: 3, Train: 79.94%, Valid: 73.20%, Test In: 74.28% Test OOD1: 66.34% Test OOD2: 54.11% Test OOD3: 63.02% 
Epoch: 209, Loss: 1.7931, Cls: 0.8964, Ind: 0.0000, Med: 0.4481, Spu: 0.0000, FD: 0.4485, Var: 0.0000, Ctx: 3, Train: 80.14%, Valid: 72.82%, Test In: 73.69% Test OOD1: 64.57% Test OOD2: 54.23% Test OOD3: 62.12% 
Epoch: 210, Loss: 1.7805, Cls: 0.8901, Ind: 0.0000, Med: 0.4451, Spu: 0.0000, FD: 0.4452, Var: 0.0000, Ctx: 3, Train: 79.92%, Valid: 72.16%, Test In: 73.02% Test OOD1: 62.45% Test OOD2: 54.11% Test OOD3: 61.20% 
Epoch: 211, Loss: 1.7922, Cls: 0.8961, Ind: 0.0000, Med: 0.4482, Spu: 0.0000, FD: 0.4479, Var: 0.0000, Ctx: 3, Train: 80.26%, Valid: 72.73%, Test In: 73.63% Test OOD1: 64.45% Test OOD2: 54.07% Test OOD3: 62.15% 
Epoch: 212, Loss: 1.7809, Cls: 0.8904, Ind: 0.0000, Med: 0.4451, Spu: 0.0000, FD: 0.4454, Var: 0.0000, Ctx: 3, Train: 80.18%, Valid: 72.87%, Test In: 73.93% Test OOD1: 65.50% Test OOD2: 54.06% Test OOD3: 62.62% 
Epoch: 213, Loss: 1.7819, Cls: 0.8909, Ind: 0.0000, Med: 0.4454, Spu: 0.0000, FD: 0.4456, Var: 0.0000, Ctx: 3, Train: 80.29%, Valid: 73.13%, Test In: 73.98% Test OOD1: 65.74% Test OOD2: 54.04% Test OOD3: 62.66% 
Epoch: 214, Loss: 1.7757, Cls: 0.8877, Ind: 0.0000, Med: 0.4438, Spu: 0.0000, FD: 0.4442, Var: 0.0000, Ctx: 3, Train: 80.27%, Valid: 72.84%, Test In: 73.53% Test OOD1: 64.35% Test OOD2: 54.04% Test OOD3: 61.92% 
Epoch: 215, Loss: 1.7788, Cls: 0.8893, Ind: 0.0000, Med: 0.4447, Spu: 0.0000, FD: 0.4447, Var: 0.0000, Ctx: 3, Train: 80.37%, Valid: 72.85%, Test In: 73.51% Test OOD1: 64.37% Test OOD2: 54.02% Test OOD3: 61.96% 
Epoch: 216, Loss: 1.7765, Cls: 0.8882, Ind: 0.0000, Med: 0.4441, Spu: 0.0000, FD: 0.4441, Var: 0.0000, Ctx: 3, Train: 80.54%, Valid: 72.87%, Test In: 73.70% Test OOD1: 65.34% Test OOD2: 54.06% Test OOD3: 62.49% 
Epoch: 217, Loss: 1.7665, Cls: 0.8832, Ind: 0.0000, Med: 0.4416, Spu: 0.0000, FD: 0.4418, Var: 0.0000, Ctx: 3, Train: 80.37%, Valid: 72.67%, Test In: 73.68% Test OOD1: 65.53% Test OOD2: 54.08% Test OOD3: 62.62% 
Epoch: 218, Loss: 1.7733, Cls: 0.8866, Ind: 0.0000, Med: 0.4433, Spu: 0.0000, FD: 0.4434, Var: 0.0000, Ctx: 3, Train: 80.63%, Valid: 72.77%, Test In: 73.56% Test OOD1: 65.03% Test OOD2: 54.07% Test OOD3: 62.44% 
Epoch: 219, Loss: 1.7691, Cls: 0.8845, Ind: 0.0000, Med: 0.4423, Spu: 0.0000, FD: 0.4423, Var: 0.0000, Ctx: 3, Train: 80.61%, Valid: 72.24%, Test In: 73.02% Test OOD1: 63.53% Test OOD2: 54.10% Test OOD3: 61.72% 
Epoch: 220, Loss: 1.7808, Cls: 0.8904, Ind: 0.0000, Med: 0.4452, Spu: 0.0000, FD: 0.4452, Var: 0.0000, Ctx: 3, Train: 80.51%, Valid: 72.97%, Test In: 73.70% Test OOD1: 65.79% Test OOD2: 54.11% Test OOD3: 62.77% 
Epoch: 221, Loss: 1.7848, Cls: 0.8924, Ind: 0.0000, Med: 0.4462, Spu: 0.0000, FD: 0.4462, Var: 0.0000, Ctx: 3, Train: 80.71%, Valid: 72.41%, Test In: 73.39% Test OOD1: 64.82% Test OOD2: 54.18% Test OOD3: 62.27% 
Epoch: 222, Loss: 1.8007, Cls: 0.9003, Ind: 0.0000, Med: 0.4501, Spu: 0.0000, FD: 0.4503, Var: 0.0000, Ctx: 3, Train: 80.44%, Valid: 73.09%, Test In: 73.82% Test OOD1: 66.23% Test OOD2: 54.01% Test OOD3: 63.01% 
Epoch: 223, Loss: 1.8324, Cls: 0.9163, Ind: 0.0000, Med: 0.4584, Spu: 0.0000, FD: 0.4576, Var: 0.0000, Ctx: 3, Train: 80.40%, Valid: 71.40%, Test In: 72.42% Test OOD1: 62.20% Test OOD2: 54.00% Test OOD3: 61.16% 
Epoch: 224, Loss: 1.8436, Cls: 0.9216, Ind: 0.0000, Med: 0.4607, Spu: 0.0000, FD: 0.4613, Var: 0.0000, Ctx: 3, Train: 80.75%, Valid: 72.94%, Test In: 73.69% Test OOD1: 65.39% Test OOD2: 54.05% Test OOD3: 62.69% 
Epoch: 225, Loss: 1.7825, Cls: 0.8913, Ind: 0.0000, Med: 0.4459, Spu: 0.0000, FD: 0.4452, Var: 0.0000, Ctx: 3, Train: 80.69%, Valid: 72.83%, Test In: 73.84% Test OOD1: 66.22% Test OOD2: 54.07% Test OOD3: 63.07% 
Epoch: 226, Loss: 1.7665, Cls: 0.8832, Ind: 0.0000, Med: 0.4417, Spu: 0.0000, FD: 0.4415, Var: 0.0000, Ctx: 3, Train: 80.41%, Valid: 72.12%, Test In: 73.30% Test OOD1: 64.99% Test OOD2: 54.21% Test OOD3: 62.37% 
Epoch: 227, Loss: 1.8225, Cls: 0.9113, Ind: 0.0000, Med: 0.4557, Spu: 0.0000, FD: 0.4555, Var: 0.0000, Ctx: 3, Train: 80.36%, Valid: 72.98%, Test In: 73.77% Test OOD1: 66.31% Test OOD2: 54.13% Test OOD3: 63.08% 
Epoch: 228, Loss: 1.8392, Cls: 0.9197, Ind: 0.0000, Med: 0.4600, Spu: 0.0000, FD: 0.4596, Var: 0.0000, Ctx: 3, Train: 80.63%, Valid: 72.32%, Test In: 73.01% Test OOD1: 63.54% Test OOD2: 54.14% Test OOD3: 61.85% 
Epoch: 229, Loss: 1.7904, Cls: 0.8951, Ind: 0.0000, Med: 0.4474, Spu: 0.0000, FD: 0.4479, Var: 0.0000, Ctx: 3, Train: 80.99%, Valid: 72.42%, Test In: 73.32% Test OOD1: 64.39% Test OOD2: 54.22% Test OOD3: 62.27% 
Epoch: 230, Loss: 1.7912, Cls: 0.8957, Ind: 0.0000, Med: 0.4480, Spu: 0.0000, FD: 0.4476, Var: 0.0000, Ctx: 3, Train: 80.15%, Valid: 72.93%, Test In: 74.15% Test OOD1: 67.28% Test OOD2: 53.98% Test OOD3: 63.72% 
Epoch: 231, Loss: 1.8244, Cls: 0.9121, Ind: 0.0000, Med: 0.4559, Spu: 0.0000, FD: 0.4564, Var: 0.0000, Ctx: 3, Train: 80.41%, Valid: 72.22%, Test In: 73.62% Test OOD1: 65.50% Test OOD2: 54.14% Test OOD3: 62.80% 
Epoch: 232, Loss: 1.7920, Cls: 0.8963, Ind: 0.0000, Med: 0.4487, Spu: 0.0000, FD: 0.4470, Var: 0.0000, Ctx: 3, Train: 81.01%, Valid: 72.36%, Test In: 73.45% Test OOD1: 64.30% Test OOD2: 54.07% Test OOD3: 62.38% 
Epoch: 233, Loss: 1.7597, Cls: 0.8797, Ind: 0.0000, Med: 0.4397, Spu: 0.0000, FD: 0.4403, Var: 0.0000, Ctx: 3, Train: 80.82%, Valid: 72.67%, Test In: 73.54% Test OOD1: 64.34% Test OOD2: 54.08% Test OOD3: 62.35% 
Epoch: 234, Loss: 1.7856, Cls: 0.8926, Ind: 0.0000, Med: 0.4461, Spu: 0.0000, FD: 0.4469, Var: 0.0000, Ctx: 3, Train: 81.14%, Valid: 72.51%, Test In: 73.51% Test OOD1: 64.49% Test OOD2: 54.12% Test OOD3: 62.32% 
Epoch: 235, Loss: 1.7579, Cls: 0.8788, Ind: 0.0000, Med: 0.4393, Spu: 0.0000, FD: 0.4398, Var: 0.0000, Ctx: 3, Train: 80.87%, Valid: 72.75%, Test In: 73.92% Test OOD1: 66.10% Test OOD2: 54.11% Test OOD3: 63.02% 
Epoch: 236, Loss: 1.7610, Cls: 0.8804, Ind: 0.0000, Med: 0.4402, Spu: 0.0000, FD: 0.4403, Var: 0.0000, Ctx: 3, Train: 80.67%, Valid: 72.83%, Test In: 73.99% Test OOD1: 66.69% Test OOD2: 54.04% Test OOD3: 63.32% 
Epoch: 237, Loss: 1.7769, Cls: 0.8885, Ind: 0.0000, Med: 0.4443, Spu: 0.0000, FD: 0.4441, Var: 0.0000, Ctx: 3, Train: 81.22%, Valid: 72.00%, Test In: 73.07% Test OOD1: 63.63% Test OOD2: 54.13% Test OOD3: 61.74% 
Epoch: 238, Loss: 1.7658, Cls: 0.8827, Ind: 0.0000, Med: 0.4412, Spu: 0.0000, FD: 0.4419, Var: 0.0000, Ctx: 3, Train: 81.09%, Valid: 72.23%, Test In: 72.98% Test OOD1: 63.13% Test OOD2: 54.01% Test OOD3: 61.54% 
Epoch: 239, Loss: 1.7636, Cls: 0.8818, Ind: 0.0000, Med: 0.4410, Spu: 0.0000, FD: 0.4407, Var: 0.0000, Ctx: 3, Train: 81.35%, Valid: 72.26%, Test In: 73.16% Test OOD1: 63.82% Test OOD2: 54.00% Test OOD3: 61.83% 
Epoch: 240, Loss: 1.7426, Cls: 0.8713, Ind: 0.0000, Med: 0.4357, Spu: 0.0000, FD: 0.4356, Var: 0.0000, Ctx: 3, Train: 81.02%, Valid: 72.16%, Test In: 73.35% Test OOD1: 64.60% Test OOD2: 54.07% Test OOD3: 62.08% 
Epoch: 241, Loss: 1.7728, Cls: 0.8863, Ind: 0.0000, Med: 0.4430, Spu: 0.0000, FD: 0.4434, Var: 0.0000, Ctx: 3, Train: 80.94%, Valid: 72.89%, Test In: 73.77% Test OOD1: 66.03% Test OOD2: 53.99% Test OOD3: 62.85% 
Epoch: 242, Loss: 1.8144, Cls: 0.9073, Ind: 0.0000, Med: 0.4538, Spu: 0.0000, FD: 0.4532, Var: 0.0000, Ctx: 3, Train: 80.97%, Valid: 71.29%, Test In: 72.10% Test OOD1: 61.18% Test OOD2: 53.77% Test OOD3: 60.39% 
Epoch: 243, Loss: 1.8385, Cls: 0.9191, Ind: 0.0000, Med: 0.4593, Spu: 0.0000, FD: 0.4601, Var: 0.0000, Ctx: 3, Train: 81.15%, Valid: 72.52%, Test In: 73.08% Test OOD1: 63.62% Test OOD2: 53.94% Test OOD3: 61.69% 
Epoch: 244, Loss: 1.7708, Cls: 0.8855, Ind: 0.0000, Med: 0.4429, Spu: 0.0000, FD: 0.4424, Var: 0.0000, Ctx: 3, Train: 81.44%, Valid: 72.56%, Test In: 73.39% Test OOD1: 64.90% Test OOD2: 54.04% Test OOD3: 62.36% 
Epoch: 245, Loss: 1.7464, Cls: 0.8732, Ind: 0.0000, Med: 0.4366, Spu: 0.0000, FD: 0.4365, Var: 0.0000, Ctx: 3, Train: 80.59%, Valid: 71.57%, Test In: 72.91% Test OOD1: 63.98% Test OOD2: 54.04% Test OOD3: 61.72% 
Epoch: 246, Loss: 1.8378, Cls: 0.9189, Ind: 0.0000, Med: 0.4595, Spu: 0.0000, FD: 0.4593, Var: 0.0000, Ctx: 3, Train: 80.98%, Valid: 72.83%, Test In: 73.72% Test OOD1: 66.23% Test OOD2: 54.09% Test OOD3: 63.09% 
Epoch: 247, Loss: 1.8269, Cls: 0.9135, Ind: 0.0000, Med: 0.4569, Spu: 0.0000, FD: 0.4566, Var: 0.0000, Ctx: 3, Train: 81.36%, Valid: 72.28%, Test In: 73.02% Test OOD1: 63.31% Test OOD2: 54.03% Test OOD3: 61.73% 
Epoch: 248, Loss: 1.7578, Cls: 0.8788, Ind: 0.0000, Med: 0.4394, Spu: 0.0000, FD: 0.4396, Var: 0.0000, Ctx: 3, Train: 81.37%, Valid: 71.94%, Test In: 72.88% Test OOD1: 62.98% Test OOD2: 53.97% Test OOD3: 61.58% 
Epoch: 249, Loss: 1.7931, Cls: 0.8965, Ind: 0.0000, Med: 0.4483, Spu: 0.0000, FD: 0.4483, Var: 0.0000, Ctx: 3, Train: 81.04%, Valid: 72.75%, Test In: 73.84% Test OOD1: 66.43% Test OOD2: 54.06% Test OOD3: 63.26% 
Epoch: 250, Loss: 1.7757, Cls: 0.8877, Ind: 0.0000, Med: 0.4437, Spu: 0.0000, FD: 0.4443, Var: 0.0000, Ctx: 3, Train: 81.10%, Valid: 72.38%, Test In: 73.69% Test OOD1: 66.13% Test OOD2: 54.07% Test OOD3: 63.07% 
Epoch: 251, Loss: 1.7467, Cls: 0.8733, Ind: 0.0000, Med: 0.4366, Spu: 0.0000, FD: 0.4368, Var: 0.0000, Ctx: 3, Train: 81.20%, Valid: 71.69%, Test In: 73.05% Test OOD1: 64.26% Test OOD2: 54.08% Test OOD3: 62.06% 
Epoch: 252, Loss: 1.7789, Cls: 0.8897, Ind: 0.0000, Med: 0.4453, Spu: 0.0000, FD: 0.4439, Var: 0.0000, Ctx: 3, Train: 81.41%, Valid: 72.36%, Test In: 73.35% Test OOD1: 64.78% Test OOD2: 54.16% Test OOD3: 62.48% 
Epoch: 253, Loss: 1.7609, Cls: 0.8802, Ind: 0.0000, Med: 0.4398, Spu: 0.0000, FD: 0.4408, Var: 0.0000, Ctx: 3, Train: 81.41%, Valid: 72.32%, Test In: 73.22% Test OOD1: 64.39% Test OOD2: 54.14% Test OOD3: 62.25% 
Epoch: 254, Loss: 1.7501, Cls: 0.8749, Ind: 0.0000, Med: 0.4373, Spu: 0.0000, FD: 0.4379, Var: 0.0000, Ctx: 3, Train: 81.64%, Valid: 72.06%, Test In: 73.14% Test OOD1: 64.16% Test OOD2: 54.13% Test OOD3: 62.04% 
Epoch: 255, Loss: 1.7621, Cls: 0.8811, Ind: 0.0000, Med: 0.4408, Spu: 0.0000, FD: 0.4402, Var: 0.0000, Ctx: 3, Train: 81.28%, Valid: 72.61%, Test In: 73.79% Test OOD1: 66.23% Test OOD2: 54.09% Test OOD3: 63.06% 
Epoch: 256, Loss: 1.7435, Cls: 0.8717, Ind: 0.0000, Med: 0.4358, Spu: 0.0000, FD: 0.4360, Var: 0.0000, Ctx: 3, Train: 81.49%, Valid: 72.52%, Test In: 73.72% Test OOD1: 65.82% Test OOD2: 54.07% Test OOD3: 62.85% 
Epoch: 257, Loss: 1.7356, Cls: 0.8677, Ind: 0.0000, Med: 0.4338, Spu: 0.0000, FD: 0.4340, Var: 0.0000, Ctx: 3, Train: 81.66%, Valid: 71.65%, Test In: 72.80% Test OOD1: 62.98% Test OOD2: 53.95% Test OOD3: 61.41% 
Epoch: 258, Loss: 1.7461, Cls: 0.8729, Ind: 0.0000, Med: 0.4363, Spu: 0.0000, FD: 0.4368, Var: 0.0000, Ctx: 3, Train: 81.68%, Valid: 71.99%, Test In: 72.89% Test OOD1: 63.11% Test OOD2: 53.98% Test OOD3: 61.52% 
Epoch: 259, Loss: 1.7437, Cls: 0.8720, Ind: 0.0000, Med: 0.4362, Spu: 0.0000, FD: 0.4356, Var: 0.0000, Ctx: 3, Train: 81.87%, Valid: 71.87%, Test In: 72.91% Test OOD1: 63.57% Test OOD2: 54.02% Test OOD3: 61.57% 
Epoch: 260, Loss: 1.7204, Cls: 0.8602, Ind: 0.0000, Med: 0.4302, Spu: 0.0000, FD: 0.4300, Var: 0.0000, Ctx: 3, Train: 81.70%, Valid: 71.85%, Test In: 73.03% Test OOD1: 64.17% Test OOD2: 54.07% Test OOD3: 61.69% 
Epoch: 261, Loss: 1.7404, Cls: 0.8700, Ind: 0.0000, Med: 0.4348, Spu: 0.0000, FD: 0.4356, Var: 0.0000, Ctx: 3, Train: 81.64%, Valid: 72.44%, Test In: 73.33% Test OOD1: 65.25% Test OOD2: 54.04% Test OOD3: 62.30% 
Epoch: 262, Loss: 1.7566, Cls: 0.8784, Ind: 0.0000, Med: 0.4393, Spu: 0.0000, FD: 0.4389, Var: 0.0000, Ctx: 3, Train: 81.79%, Valid: 71.34%, Test In: 72.26% Test OOD1: 61.94% Test OOD2: 53.83% Test OOD3: 60.52% 
Epoch: 263, Loss: 1.7530, Cls: 0.8764, Ind: 0.0000, Med: 0.4380, Spu: 0.0000, FD: 0.4386, Var: 0.0000, Ctx: 3, Train: 81.89%, Valid: 71.91%, Test In: 72.66% Test OOD1: 62.91% Test OOD2: 53.88% Test OOD3: 61.13% 
Epoch: 264, Loss: 1.7243, Cls: 0.8621, Ind: 0.0000, Med: 0.4311, Spu: 0.0000, FD: 0.4310, Var: 0.0000, Ctx: 3, Train: 82.05%, Valid: 71.93%, Test In: 72.97% Test OOD1: 63.99% Test OOD2: 53.94% Test OOD3: 61.71% 
Epoch: 265, Loss: 1.7157, Cls: 0.8578, Ind: 0.0000, Med: 0.4289, Spu: 0.0000, FD: 0.4290, Var: 0.0000, Ctx: 3, Train: 81.64%, Valid: 71.35%, Test In: 72.62% Test OOD1: 63.48% Test OOD2: 53.98% Test OOD3: 61.29% 
Epoch: 266, Loss: 1.7509, Cls: 0.8755, Ind: 0.0000, Med: 0.4380, Spu: 0.0000, FD: 0.4374, Var: 0.0000, Ctx: 3, Train: 81.79%, Valid: 72.13%, Test In: 72.96% Test OOD1: 64.29% Test OOD2: 54.11% Test OOD3: 61.94% 
Epoch: 267, Loss: 1.7833, Cls: 0.8915, Ind: 0.0000, Med: 0.4456, Spu: 0.0000, FD: 0.4462, Var: 0.0000, Ctx: 3, Train: 81.87%, Valid: 70.71%, Test In: 71.71% Test OOD1: 61.19% Test OOD2: 53.77% Test OOD3: 60.25% 
Epoch: 268, Loss: 1.7796, Cls: 0.8899, Ind: 0.0000, Med: 0.4451, Spu: 0.0000, FD: 0.4446, Var: 0.0000, Ctx: 3, Train: 82.11%, Valid: 72.07%, Test In: 72.95% Test OOD1: 64.13% Test OOD2: 53.99% Test OOD3: 61.87% 
Epoch: 269, Loss: 1.7143, Cls: 0.8571, Ind: 0.0000, Med: 0.4285, Spu: 0.0000, FD: 0.4287, Var: 0.0000, Ctx: 3, Train: 81.88%, Valid: 72.23%, Test In: 73.37% Test OOD1: 65.54% Test OOD2: 54.00% Test OOD3: 62.60% 
Epoch: 270, Loss: 1.7335, Cls: 0.8667, Ind: 0.0000, Med: 0.4333, Spu: 0.0000, FD: 0.4335, Var: 0.0000, Ctx: 3, Train: 81.74%, Valid: 71.29%, Test In: 72.66% Test OOD1: 63.75% Test OOD2: 53.99% Test OOD3: 61.53% 
Epoch: 271, Loss: 1.7698, Cls: 0.8849, Ind: 0.0000, Med: 0.4426, Spu: 0.0000, FD: 0.4422, Var: 0.0000, Ctx: 3, Train: 82.09%, Valid: 72.11%, Test In: 73.07% Test OOD1: 64.29% Test OOD2: 53.96% Test OOD3: 62.07% 
Epoch: 272, Loss: 1.7379, Cls: 0.8689, Ind: 0.0000, Med: 0.4344, Spu: 0.0000, FD: 0.4345, Var: 0.0000, Ctx: 3, Train: 82.14%, Valid: 71.87%, Test In: 72.81% Test OOD1: 63.35% Test OOD2: 53.90% Test OOD3: 61.61% 
Epoch: 273, Loss: 1.7189, Cls: 0.8594, Ind: 0.0000, Med: 0.4297, Spu: 0.0000, FD: 0.4298, Var: 0.0000, Ctx: 3, Train: 82.27%, Valid: 71.54%, Test In: 72.80% Test OOD1: 63.65% Test OOD2: 53.97% Test OOD3: 61.56% 
Epoch: 274, Loss: 1.7377, Cls: 0.8688, Ind: 0.0000, Med: 0.4344, Spu: 0.0000, FD: 0.4344, Var: 0.0000, Ctx: 3, Train: 81.85%, Valid: 72.26%, Test In: 73.50% Test OOD1: 65.89% Test OOD2: 54.04% Test OOD3: 62.73% 
Epoch: 275, Loss: 1.7414, Cls: 0.8707, Ind: 0.0000, Med: 0.4353, Spu: 0.0000, FD: 0.4354, Var: 0.0000, Ctx: 3, Train: 82.28%, Valid: 71.80%, Test In: 73.09% Test OOD1: 64.51% Test OOD2: 54.01% Test OOD3: 61.86% 
Epoch: 276, Loss: 1.7061, Cls: 0.8530, Ind: 0.0000, Med: 0.4265, Spu: 0.0000, FD: 0.4265, Var: 0.0000, Ctx: 3, Train: 82.37%, Valid: 71.41%, Test In: 72.54% Test OOD1: 62.68% Test OOD2: 53.82% Test OOD3: 60.85% 
Epoch: 277, Loss: 1.7099, Cls: 0.8549, Ind: 0.0000, Med: 0.4274, Spu: 0.0000, FD: 0.4276, Var: 0.0000, Ctx: 3, Train: 82.29%, Valid: 71.88%, Test In: 72.87% Test OOD1: 63.57% Test OOD2: 53.85% Test OOD3: 61.38% 
Epoch: 278, Loss: 1.7219, Cls: 0.8609, Ind: 0.0000, Med: 0.4304, Spu: 0.0000, FD: 0.4307, Var: 0.0000, Ctx: 3, Train: 82.37%, Valid: 71.46%, Test In: 72.71% Test OOD1: 63.60% Test OOD2: 53.89% Test OOD3: 61.20% 
Epoch: 279, Loss: 1.7139, Cls: 0.8570, Ind: 0.0000, Med: 0.4285, Spu: 0.0000, FD: 0.4284, Var: 0.0000, Ctx: 3, Train: 82.41%, Valid: 71.94%, Test In: 73.06% Test OOD1: 64.67% Test OOD2: 53.90% Test OOD3: 61.89% 
Epoch: 280, Loss: 1.7030, Cls: 0.8515, Ind: 0.0000, Med: 0.4257, Spu: 0.0000, FD: 0.4258, Var: 0.0000, Ctx: 3, Train: 82.58%, Valid: 71.49%, Test In: 72.50% Test OOD1: 63.29% Test OOD2: 53.84% Test OOD3: 61.12% 
Epoch: 281, Loss: 1.6921, Cls: 0.8460, Ind: 0.0000, Med: 0.4230, Spu: 0.0000, FD: 0.4232, Var: 0.0000, Ctx: 3, Train: 82.60%, Valid: 71.20%, Test In: 72.16% Test OOD1: 62.56% Test OOD2: 53.76% Test OOD3: 60.75% 
Epoch: 282, Loss: 1.6935, Cls: 0.8467, Ind: 0.0000, Med: 0.4233, Spu: 0.0000, FD: 0.4235, Var: 0.0000, Ctx: 3, Train: 82.65%, Valid: 71.53%, Test In: 72.50% Test OOD1: 63.54% Test OOD2: 53.83% Test OOD3: 61.31% 
Epoch: 283, Loss: 1.6940, Cls: 0.8470, Ind: 0.0000, Med: 0.4235, Spu: 0.0000, FD: 0.4235, Var: 0.0000, Ctx: 3, Train: 82.50%, Valid: 71.12%, Test In: 72.34% Test OOD1: 63.22% Test OOD2: 53.80% Test OOD3: 61.01% 
Epoch: 284, Loss: 1.7072, Cls: 0.8536, Ind: 0.0000, Med: 0.4268, Spu: 0.0000, FD: 0.4269, Var: 0.0000, Ctx: 3, Train: 82.46%, Valid: 71.77%, Test In: 72.58% Test OOD1: 63.53% Test OOD2: 53.79% Test OOD3: 61.43% 
Epoch: 285, Loss: 1.7376, Cls: 0.8688, Ind: 0.0000, Med: 0.4345, Spu: 0.0000, FD: 0.4342, Var: 0.0000, Ctx: 3, Train: 82.25%, Valid: 69.98%, Test In: 71.24% Test OOD1: 60.84% Test OOD2: 53.42% Test OOD3: 59.64% 
Epoch: 286, Loss: 1.8050, Cls: 0.9024, Ind: 0.0000, Med: 0.4510, Spu: 0.0000, FD: 0.4517, Var: 0.0000, Ctx: 3, Train: 82.15%, Valid: 72.03%, Test In: 72.85% Test OOD1: 64.37% Test OOD2: 53.76% Test OOD3: 61.88% 
Epoch: 287, Loss: 1.8341, Cls: 0.9173, Ind: 0.0000, Med: 0.4591, Spu: 0.0000, FD: 0.4577, Var: 0.0000, Ctx: 3, Train: 82.31%, Valid: 70.53%, Test In: 71.83% Test OOD1: 62.31% Test OOD2: 53.61% Test OOD3: 60.54% 
Epoch: 288, Loss: 1.7508, Cls: 0.8752, Ind: 0.0000, Med: 0.4375, Spu: 0.0000, FD: 0.4381, Var: 0.0000, Ctx: 3, Train: 82.67%, Valid: 71.42%, Test In: 72.61% Test OOD1: 63.86% Test OOD2: 53.71% Test OOD3: 61.56% 
Epoch: 289, Loss: 1.6981, Cls: 0.8490, Ind: 0.0000, Med: 0.4247, Spu: 0.0000, FD: 0.4243, Var: 0.0000, Ctx: 3, Train: 82.18%, Valid: 72.11%, Test In: 73.25% Test OOD1: 65.39% Test OOD2: 53.91% Test OOD3: 62.52% 
Epoch: 290, Loss: 1.7575, Cls: 0.8789, Ind: 0.0000, Med: 0.4398, Spu: 0.0000, FD: 0.4387, Var: 0.0000, Ctx: 3, Train: 82.45%, Valid: 71.27%, Test In: 72.57% Test OOD1: 63.58% Test OOD2: 53.70% Test OOD3: 61.49% 
Epoch: 291, Loss: 1.7283, Cls: 0.8641, Ind: 0.0000, Med: 0.4321, Spu: 0.0000, FD: 0.4321, Var: 0.0000, Ctx: 3, Train: 82.68%, Valid: 71.45%, Test In: 72.72% Test OOD1: 63.84% Test OOD2: 53.78% Test OOD3: 61.68% 
Epoch: 292, Loss: 1.7000, Cls: 0.8500, Ind: 0.0000, Med: 0.4250, Spu: 0.0000, FD: 0.4251, Var: 0.0000, Ctx: 3, Train: 82.34%, Valid: 71.88%, Test In: 73.11% Test OOD1: 65.06% Test OOD2: 53.92% Test OOD3: 62.33% 
Epoch: 293, Loss: 1.7362, Cls: 0.8678, Ind: 0.0000, Med: 0.4336, Spu: 0.0000, FD: 0.4349, Var: 0.0000, Ctx: 3, Train: 82.48%, Valid: 71.20%, Test In: 72.59% Test OOD1: 63.84% Test OOD2: 53.73% Test OOD3: 61.42% 
Epoch: 294, Loss: 1.7126, Cls: 0.8565, Ind: 0.0000, Med: 0.4288, Spu: 0.0000, FD: 0.4272, Var: 0.0000, Ctx: 3, Train: 82.76%, Valid: 71.50%, Test In: 72.78% Test OOD1: 63.97% Test OOD2: 53.67% Test OOD3: 61.52% 
Epoch: 295, Loss: 1.6921, Cls: 0.8461, Ind: 0.0000, Med: 0.4234, Spu: 0.0000, FD: 0.4225, Var: 0.0000, Ctx: 3, Train: 82.45%, Valid: 72.07%, Test In: 73.13% Test OOD1: 64.66% Test OOD2: 53.75% Test OOD3: 61.98% 
Epoch: 296, Loss: 1.7193, Cls: 0.8594, Ind: 0.0000, Med: 0.4295, Spu: 0.0000, FD: 0.4304, Var: 0.0000, Ctx: 3, Train: 82.66%, Valid: 71.37%, Test In: 72.51% Test OOD1: 62.86% Test OOD2: 53.58% Test OOD3: 60.78% 
Epoch: 297, Loss: 1.7128, Cls: 0.8565, Ind: 0.0000, Med: 0.4285, Spu: 0.0000, FD: 0.4278, Var: 0.0000, Ctx: 3, Train: 82.91%, Valid: 71.62%, Test In: 72.68% Test OOD1: 63.46% Test OOD2: 53.63% Test OOD3: 61.07% 
Epoch: 298, Loss: 1.6803, Cls: 0.8400, Ind: 0.0000, Med: 0.4200, Spu: 0.0000, FD: 0.4202, Var: 0.0000, Ctx: 3, Train: 82.89%, Valid: 71.47%, Test In: 72.57% Test OOD1: 63.80% Test OOD2: 53.72% Test OOD3: 61.07% 
Epoch: 299, Loss: 1.6870, Cls: 0.8435, Ind: 0.0000, Med: 0.4219, Spu: 0.0000, FD: 0.4216, Var: 0.0000, Ctx: 3, Train: 82.58%, Valid: 70.60%, Test In: 71.85% Test OOD1: 62.42% Test OOD2: 53.57% Test OOD3: 59.97% 
Epoch: 300, Loss: 1.7058, Cls: 0.8527, Ind: 0.0000, Med: 0.4261, Spu: 0.0000, FD: 0.4269, Var: 0.0000, Ctx: 3, Train: 82.98%, Valid: 71.50%, Test In: 72.32% Test OOD1: 62.95% Test OOD2: 53.60% Test OOD3: 60.61% 
Epoch: 301, Loss: 1.6999, Cls: 0.8502, Ind: 0.0000, Med: 0.4257, Spu: 0.0000, FD: 0.4240, Var: 0.0000, Ctx: 3, Train: 83.00%, Valid: 71.12%, Test In: 72.13% Test OOD1: 62.32% Test OOD2: 53.48% Test OOD3: 60.19% 
Epoch: 302, Loss: 1.6870, Cls: 0.8432, Ind: 0.0000, Med: 0.4214, Spu: 0.0000, FD: 0.4223, Var: 0.0000, Ctx: 3, Train: 83.01%, Valid: 71.57%, Test In: 72.60% Test OOD1: 63.46% Test OOD2: 53.59% Test OOD3: 61.01% 
Epoch: 303, Loss: 1.6751, Cls: 0.8375, Ind: 0.0000, Med: 0.4188, Spu: 0.0000, FD: 0.4188, Var: 0.0000, Ctx: 3, Train: 83.17%, Valid: 71.33%, Test In: 72.34% Test OOD1: 63.13% Test OOD2: 53.55% Test OOD3: 60.84% 
Epoch: 304, Loss: 1.6712, Cls: 0.8356, Ind: 0.0000, Med: 0.4179, Spu: 0.0000, FD: 0.4176, Var: 0.0000, Ctx: 3, Train: 82.91%, Valid: 70.32%, Test In: 71.53% Test OOD1: 61.68% Test OOD2: 53.39% Test OOD3: 59.89% 
Epoch: 305, Loss: 1.6920, Cls: 0.8460, Ind: 0.0000, Med: 0.4230, Spu: 0.0000, FD: 0.4231, Var: 0.0000, Ctx: 3, Train: 83.00%, Valid: 71.41%, Test In: 72.27% Test OOD1: 63.17% Test OOD2: 53.60% Test OOD3: 61.03% 
Epoch: 306, Loss: 1.7166, Cls: 0.8582, Ind: 0.0000, Med: 0.4291, Spu: 0.0000, FD: 0.4293, Var: 0.0000, Ctx: 3, Train: 82.92%, Valid: 70.40%, Test In: 71.64% Test OOD1: 62.27% Test OOD2: 53.37% Test OOD3: 60.14% 
Epoch: 307, Loss: 1.7606, Cls: 0.8804, Ind: 0.0000, Med: 0.4406, Spu: 0.0000, FD: 0.4395, Var: 0.0000, Ctx: 3, Train: 82.63%, Valid: 71.93%, Test In: 72.68% Test OOD1: 64.12% Test OOD2: 53.60% Test OOD3: 61.56% 
Epoch: 308, Loss: 1.7795, Cls: 0.8895, Ind: 0.0000, Med: 0.4446, Spu: 0.0000, FD: 0.4453, Var: 0.0000, Ctx: 3, Train: 83.00%, Valid: 70.61%, Test In: 71.64% Test OOD1: 61.56% Test OOD2: 53.18% Test OOD3: 60.14% 
Epoch: 309, Loss: 1.7103, Cls: 0.8551, Ind: 0.0000, Med: 0.4276, Spu: 0.0000, FD: 0.4275, Var: 0.0000, Ctx: 3, Train: 83.16%, Valid: 71.05%, Test In: 72.28% Test OOD1: 63.48% Test OOD2: 53.45% Test OOD3: 61.05% 
Epoch: 310, Loss: 1.6840, Cls: 0.8420, Ind: 0.0000, Med: 0.4211, Spu: 0.0000, FD: 0.4209, Var: 0.0000, Ctx: 3, Train: 82.61%, Valid: 71.75%, Test In: 73.03% Test OOD1: 65.47% Test OOD2: 53.73% Test OOD3: 62.25% 
Epoch: 311, Loss: 1.7476, Cls: 0.8738, Ind: 0.0000, Med: 0.4369, Spu: 0.0000, FD: 0.4369, Var: 0.0000, Ctx: 3, Train: 83.01%, Valid: 70.70%, Test In: 72.12% Test OOD1: 63.29% Test OOD2: 53.55% Test OOD3: 60.86% 
Epoch: 312, Loss: 1.6999, Cls: 0.8500, Ind: 0.0000, Med: 0.4251, Spu: 0.0000, FD: 0.4249, Var: 0.0000, Ctx: 3, Train: 83.26%, Valid: 70.80%, Test In: 72.07% Test OOD1: 62.77% Test OOD2: 53.56% Test OOD3: 60.78% 
Epoch: 313, Loss: 1.6867, Cls: 0.8433, Ind: 0.0000, Med: 0.4217, Spu: 0.0000, FD: 0.4217, Var: 0.0000, Ctx: 3, Train: 82.81%, Valid: 71.65%, Test In: 72.83% Test OOD1: 64.60% Test OOD2: 53.84% Test OOD3: 61.84% 
Epoch: 314, Loss: 1.7122, Cls: 0.8559, Ind: 0.0000, Med: 0.4278, Spu: 0.0000, FD: 0.4284, Var: 0.0000, Ctx: 3, Train: 83.20%, Valid: 71.23%, Test In: 72.61% Test OOD1: 64.22% Test OOD2: 53.58% Test OOD3: 61.38% 
Epoch: 315, Loss: 1.6865, Cls: 0.8434, Ind: 0.0000, Med: 0.4220, Spu: 0.0000, FD: 0.4211, Var: 0.0000, Ctx: 3, Train: 83.31%, Valid: 71.22%, Test In: 72.50% Test OOD1: 63.84% Test OOD2: 53.49% Test OOD3: 61.18% 
Epoch: 316, Loss: 1.6672, Cls: 0.8336, Ind: 0.0000, Med: 0.4170, Spu: 0.0000, FD: 0.4166, Var: 0.0000, Ctx: 3, Train: 83.23%, Valid: 71.32%, Test In: 72.40% Test OOD1: 63.26% Test OOD2: 53.42% Test OOD3: 60.99% 
Epoch: 317, Loss: 1.6948, Cls: 0.8472, Ind: 0.0000, Med: 0.4234, Spu: 0.0000, FD: 0.4242, Var: 0.0000, Ctx: 3, Train: 83.27%, Valid: 70.27%, Test In: 71.60% Test OOD1: 61.96% Test OOD2: 53.34% Test OOD3: 59.89% 
Epoch: 318, Loss: 1.6869, Cls: 0.8435, Ind: 0.0000, Med: 0.4220, Spu: 0.0000, FD: 0.4213, Var: 0.0000, Ctx: 3, Train: 83.49%, Valid: 71.22%, Test In: 72.31% Test OOD1: 63.51% Test OOD2: 53.61% Test OOD3: 60.83% 
Epoch: 319, Loss: 1.6603, Cls: 0.8301, Ind: 0.0000, Med: 0.4150, Spu: 0.0000, FD: 0.4152, Var: 0.0000, Ctx: 3, Train: 83.46%, Valid: 71.16%, Test In: 72.25% Test OOD1: 63.36% Test OOD2: 53.61% Test OOD3: 60.68% 
Epoch: 320, Loss: 1.6567, Cls: 0.8283, Ind: 0.0000, Med: 0.4142, Spu: 0.0000, FD: 0.4142, Var: 0.0000, Ctx: 3, Train: 83.60%, Valid: 70.55%, Test In: 71.61% Test OOD1: 61.95% Test OOD2: 53.33% Test OOD3: 59.80% 
Epoch: 321, Loss: 1.6628, Cls: 0.8313, Ind: 0.0000, Med: 0.4155, Spu: 0.0000, FD: 0.4160, Var: 0.0000, Ctx: 3, Train: 83.55%, Valid: 71.13%, Test In: 72.04% Test OOD1: 62.69% Test OOD2: 53.36% Test OOD3: 60.40% 
Epoch: 322, Loss: 1.6769, Cls: 0.8385, Ind: 0.0000, Med: 0.4195, Spu: 0.0000, FD: 0.4188, Var: 0.0000, Ctx: 3, Train: 83.35%, Valid: 70.27%, Test In: 71.62% Test OOD1: 62.23% Test OOD2: 53.28% Test OOD3: 59.89% 
Epoch: 323, Loss: 1.6855, Cls: 0.8426, Ind: 0.0000, Med: 0.4211, Spu: 0.0000, FD: 0.4219, Var: 0.0000, Ctx: 3, Train: 83.51%, Valid: 71.40%, Test In: 72.30% Test OOD1: 63.22% Test OOD2: 53.49% Test OOD3: 60.85% 
Epoch: 324, Loss: 1.6808, Cls: 0.8406, Ind: 0.0000, Med: 0.4206, Spu: 0.0000, FD: 0.4196, Var: 0.0000, Ctx: 3, Train: 83.58%, Valid: 70.46%, Test In: 71.49% Test OOD1: 61.79% Test OOD2: 53.27% Test OOD3: 59.84% 
Epoch: 325, Loss: 1.6791, Cls: 0.8393, Ind: 0.0000, Med: 0.4195, Spu: 0.0000, FD: 0.4202, Var: 0.0000, Ctx: 3, Train: 83.68%, Valid: 71.12%, Test In: 72.08% Test OOD1: 63.15% Test OOD2: 53.53% Test OOD3: 60.72% 
Epoch: 326, Loss: 1.6592, Cls: 0.8297, Ind: 0.0000, Med: 0.4151, Spu: 0.0000, FD: 0.4144, Var: 0.0000, Ctx: 3, Train: 83.64%, Valid: 70.49%, Test In: 71.76% Test OOD1: 62.94% Test OOD2: 53.40% Test OOD3: 60.25% 
Epoch: 327, Loss: 1.6522, Cls: 0.8261, Ind: 0.0000, Med: 0.4131, Spu: 0.0000, FD: 0.4130, Var: 0.0000, Ctx: 3, Train: 83.87%, Valid: 70.72%, Test In: 71.81% Test OOD1: 62.57% Test OOD2: 53.32% Test OOD3: 60.26% 
Epoch: 328, Loss: 1.6420, Cls: 0.8210, Ind: 0.0000, Med: 0.4105, Spu: 0.0000, FD: 0.4105, Var: 0.0000, Ctx: 3, Train: 83.90%, Valid: 70.91%, Test In: 71.94% Test OOD1: 62.59% Test OOD2: 53.35% Test OOD3: 60.33% 
Epoch: 329, Loss: 1.6388, Cls: 0.8193, Ind: 0.0000, Med: 0.4097, Spu: 0.0000, FD: 0.4098, Var: 0.0000, Ctx: 3, Train: 83.88%, Valid: 70.88%, Test In: 72.05% Test OOD1: 62.91% Test OOD2: 53.39% Test OOD3: 60.36% 
Epoch: 330, Loss: 1.6425, Cls: 0.8213, Ind: 0.0000, Med: 0.4108, Spu: 0.0000, FD: 0.4104, Var: 0.0000, Ctx: 3, Train: 83.92%, Valid: 70.86%, Test In: 71.92% Test OOD1: 62.75% Test OOD2: 53.42% Test OOD3: 60.26% 
Epoch: 331, Loss: 1.6454, Cls: 0.8225, Ind: 0.0000, Med: 0.4112, Spu: 0.0000, FD: 0.4117, Var: 0.0000, Ctx: 3, Train: 83.80%, Valid: 69.83%, Test In: 71.24% Test OOD1: 61.91% Test OOD2: 53.27% Test OOD3: 59.32% 
Epoch: 332, Loss: 1.6694, Cls: 0.8349, Ind: 0.0000, Med: 0.4179, Spu: 0.0000, FD: 0.4166, Var: 0.0000, Ctx: 3, Train: 83.61%, Valid: 71.14%, Test In: 72.15% Test OOD1: 63.22% Test OOD2: 53.56% Test OOD3: 60.61% 
Epoch: 333, Loss: 1.7234, Cls: 0.8615, Ind: 0.0000, Med: 0.4305, Spu: 0.0000, FD: 0.4314, Var: 0.0000, Ctx: 3, Train: 83.20%, Valid: 69.22%, Test In: 70.80% Test OOD1: 61.63% Test OOD2: 53.06% Test OOD3: 59.10% 
Epoch: 334, Loss: 1.8132, Cls: 0.9066, Ind: 0.0000, Med: 0.4534, Spu: 0.0000, FD: 0.4532, Var: 0.0000, Ctx: 3, Train: 83.21%, Valid: 71.54%, Test In: 72.48% Test OOD1: 63.77% Test OOD2: 53.47% Test OOD3: 61.14% 
Epoch: 335, Loss: 1.7867, Cls: 0.8936, Ind: 0.0000, Med: 0.4473, Spu: 0.0000, FD: 0.4458, Var: 0.0000, Ctx: 3, Train: 83.83%, Valid: 70.79%, Test In: 71.90% Test OOD1: 62.80% Test OOD2: 53.20% Test OOD3: 60.60% 
Epoch: 336, Loss: 1.6705, Cls: 0.8354, Ind: 0.0000, Med: 0.4183, Spu: 0.0000, FD: 0.4168, Var: 0.0000, Ctx: 3, Train: 83.23%, Valid: 70.17%, Test In: 71.82% Test OOD1: 63.73% Test OOD2: 53.38% Test OOD3: 60.77% 
Epoch: 337, Loss: 1.7467, Cls: 0.8729, Ind: 0.0000, Med: 0.4362, Spu: 0.0000, FD: 0.4377, Var: 0.0000, Ctx: 3, Train: 82.84%, Valid: 71.47%, Test In: 72.97% Test OOD1: 65.83% Test OOD2: 53.68% Test OOD3: 62.26% 
Epoch: 338, Loss: 1.7047, Cls: 0.8526, Ind: 0.0000, Med: 0.4271, Spu: 0.0000, FD: 0.4250, Var: 0.0000, Ctx: 3, Train: 83.42%, Valid: 71.43%, Test In: 72.80% Test OOD1: 64.85% Test OOD2: 53.74% Test OOD3: 61.83% 
Epoch: 339, Loss: 1.6778, Cls: 0.8390, Ind: 0.0000, Med: 0.4198, Spu: 0.0000, FD: 0.4189, Var: 0.0000, Ctx: 3, Train: 83.52%, Valid: 70.07%, Test In: 71.60% Test OOD1: 62.35% Test OOD2: 53.26% Test OOD3: 60.38% 
Epoch: 340, Loss: 1.7248, Cls: 0.8623, Ind: 0.0000, Med: 0.4311, Spu: 0.0000, FD: 0.4314, Var: 0.0000, Ctx: 3, Train: 83.86%, Valid: 71.10%, Test In: 72.47% Test OOD1: 63.79% Test OOD2: 53.53% Test OOD3: 61.21% 
Epoch: 341, Loss: 1.6480, Cls: 0.8239, Ind: 0.0000, Med: 0.4119, Spu: 0.0000, FD: 0.4122, Var: 0.0000, Ctx: 3, Train: 83.26%, Valid: 71.55%, Test In: 72.92% Test OOD1: 65.45% Test OOD2: 53.63% Test OOD3: 61.98% 
Epoch: 342, Loss: 1.7033, Cls: 0.8515, Ind: 0.0000, Med: 0.4257, Spu: 0.0000, FD: 0.4262, Var: 0.0000, Ctx: 3, Train: 83.87%, Valid: 70.37%, Test In: 71.86% Test OOD1: 62.94% Test OOD2: 53.27% Test OOD3: 60.11% 
Epoch: 343, Loss: 1.7061, Cls: 0.8536, Ind: 0.0000, Med: 0.4280, Spu: 0.0000, FD: 0.4245, Var: 0.0000, Ctx: 3, Train: 83.77%, Valid: 70.73%, Test In: 71.69% Test OOD1: 61.66% Test OOD2: 53.14% Test OOD3: 59.76% 
Epoch: 344, Loss: 1.6628, Cls: 0.8311, Ind: 0.0000, Med: 0.4155, Spu: 0.0000, FD: 0.4162, Var: 0.0000, Ctx: 3, Train: 84.03%, Valid: 71.00%, Test In: 71.93% Test OOD1: 62.58% Test OOD2: 53.28% Test OOD3: 60.08% 
Epoch: 345, Loss: 1.6535, Cls: 0.8265, Ind: 0.0000, Med: 0.4132, Spu: 0.0000, FD: 0.4138, Var: 0.0000, Ctx: 3, Train: 83.44%, Valid: 70.27%, Test In: 71.71% Test OOD1: 62.82% Test OOD2: 53.27% Test OOD3: 59.66% 
Epoch: 346, Loss: 1.7204, Cls: 0.8605, Ind: 0.0000, Med: 0.4309, Spu: 0.0000, FD: 0.4289, Var: 0.0000, Ctx: 3, Train: 83.88%, Valid: 71.47%, Test In: 72.38% Test OOD1: 63.69% Test OOD2: 53.56% Test OOD3: 60.83% 
Epoch: 347, Loss: 1.7002, Cls: 0.8501, Ind: 0.0000, Med: 0.4252, Spu: 0.0000, FD: 0.4248, Var: 0.0000, Ctx: 3, Train: 83.93%, Valid: 70.20%, Test In: 71.20% Test OOD1: 61.07% Test OOD2: 53.14% Test OOD3: 59.33% 
Epoch: 348, Loss: 1.6538, Cls: 0.8267, Ind: 0.0000, Med: 0.4132, Spu: 0.0000, FD: 0.4138, Var: 0.0000, Ctx: 3, Train: 84.21%, Valid: 70.52%, Test In: 71.69% Test OOD1: 62.44% Test OOD2: 53.22% Test OOD3: 60.13% 
Epoch: 349, Loss: 1.6421, Cls: 0.8209, Ind: 0.0000, Med: 0.4103, Spu: 0.0000, FD: 0.4109, Var: 0.0000, Ctx: 3, Train: 83.63%, Valid: 71.40%, Test In: 72.61% Test OOD1: 64.99% Test OOD2: 53.53% Test OOD3: 61.69% 
Epoch: 350, Loss: 1.6919, Cls: 0.8463, Ind: 0.0000, Med: 0.4239, Spu: 0.0000, FD: 0.4217, Var: 0.0000, Ctx: 3, Train: 84.15%, Valid: 70.57%, Test In: 71.87% Test OOD1: 63.31% Test OOD2: 53.27% Test OOD3: 60.59% 
Epoch: 351, Loss: 1.6468, Cls: 0.8232, Ind: 0.0000, Med: 0.4115, Spu: 0.0000, FD: 0.4120, Var: 0.0000, Ctx: 3, Train: 84.19%, Valid: 70.39%, Test In: 71.41% Test OOD1: 62.02% Test OOD2: 53.15% Test OOD3: 60.13% 
Epoch: 352, Loss: 1.6426, Cls: 0.8212, Ind: 0.0000, Med: 0.4107, Spu: 0.0000, FD: 0.4107, Var: 0.0000, Ctx: 3, Train: 84.09%, Valid: 71.19%, Test In: 72.17% Test OOD1: 63.43% Test OOD2: 53.49% Test OOD3: 60.90% 
Epoch: 353, Loss: 1.6571, Cls: 0.8287, Ind: 0.0000, Med: 0.4147, Spu: 0.0000, FD: 0.4137, Var: 0.0000, Ctx: 3, Train: 84.20%, Valid: 70.61%, Test In: 71.93% Test OOD1: 63.23% Test OOD2: 53.34% Test OOD3: 60.34% 
Epoch: 354, Loss: 1.6414, Cls: 0.8206, Ind: 0.0000, Med: 0.4103, Spu: 0.0000, FD: 0.4105, Var: 0.0000, Ctx: 3, Train: 84.38%, Valid: 70.81%, Test In: 71.97% Test OOD1: 63.07% Test OOD2: 53.37% Test OOD3: 60.23% 
Epoch: 355, Loss: 1.6172, Cls: 0.8086, Ind: 0.0000, Med: 0.4043, Spu: 0.0000, FD: 0.4043, Var: 0.0000, Ctx: 3, Train: 84.36%, Valid: 70.68%, Test In: 71.67% Test OOD1: 62.14% Test OOD2: 53.33% Test OOD3: 59.68% 
Epoch: 356, Loss: 1.6313, Cls: 0.8155, Ind: 0.0000, Med: 0.4077, Spu: 0.0000, FD: 0.4081, Var: 0.0000, Ctx: 3, Train: 84.38%, Valid: 69.86%, Test In: 71.12% Test OOD1: 61.62% Test OOD2: 53.16% Test OOD3: 59.05% 
Epoch: 357, Loss: 1.6426, Cls: 0.8215, Ind: 0.0000, Med: 0.4112, Spu: 0.0000, FD: 0.4099, Var: 0.0000, Ctx: 3, Train: 84.35%, Valid: 70.91%, Test In: 72.02% Test OOD1: 63.48% Test OOD2: 53.39% Test OOD3: 60.33% 
Epoch: 358, Loss: 1.6431, Cls: 0.8213, Ind: 0.0000, Med: 0.4105, Spu: 0.0000, FD: 0.4113, Var: 0.0000, Ctx: 3, Train: 84.51%, Valid: 69.98%, Test In: 71.30% Test OOD1: 62.21% Test OOD2: 53.19% Test OOD3: 59.40% 
Epoch: 359, Loss: 1.6269, Cls: 0.8136, Ind: 0.0000, Med: 0.4072, Spu: 0.0000, FD: 0.4061, Var: 0.0000, Ctx: 3, Train: 84.56%, Valid: 70.33%, Test In: 71.45% Test OOD1: 62.16% Test OOD2: 53.26% Test OOD3: 59.73% 
Epoch: 360, Loss: 1.6154, Cls: 0.8076, Ind: 0.0000, Med: 0.4037, Spu: 0.0000, FD: 0.4041, Var: 0.0000, Ctx: 3, Train: 84.67%, Valid: 70.48%, Test In: 71.70% Test OOD1: 62.86% Test OOD2: 53.35% Test OOD3: 60.07% 
Epoch: 361, Loss: 1.6050, Cls: 0.8025, Ind: 0.0000, Med: 0.4013, Spu: 0.0000, FD: 0.4013, Var: 0.0000, Ctx: 3, Train: 84.62%, Valid: 70.33%, Test In: 71.69% Test OOD1: 62.95% Test OOD2: 53.39% Test OOD3: 60.06% 
Epoch: 362, Loss: 1.6129, Cls: 0.8064, Ind: 0.0000, Med: 0.4033, Spu: 0.0000, FD: 0.4031, Var: 0.0000, Ctx: 3, Train: 84.59%, Valid: 70.65%, Test In: 71.73% Test OOD1: 62.76% Test OOD2: 53.48% Test OOD3: 60.12% 
Epoch: 363, Loss: 1.6198, Cls: 0.8098, Ind: 0.0000, Med: 0.4049, Spu: 0.0000, FD: 0.4050, Var: 0.0000, Ctx: 3, Train: 84.73%, Valid: 69.68%, Test In: 70.98% Test OOD1: 61.83% Test OOD2: 53.23% Test OOD3: 59.34% 
Epoch: 364, Loss: 1.6233, Cls: 0.8116, Ind: 0.0000, Med: 0.4059, Spu: 0.0000, FD: 0.4058, Var: 0.0000, Ctx: 3, Train: 84.73%, Valid: 70.55%, Test In: 71.74% Test OOD1: 63.05% Test OOD2: 53.40% Test OOD3: 60.11% 
Epoch: 365, Loss: 1.6147, Cls: 0.8073, Ind: 0.0000, Med: 0.4037, Spu: 0.0000, FD: 0.4036, Var: 0.0000, Ctx: 3, Train: 84.77%, Valid: 69.91%, Test In: 71.30% Test OOD1: 62.42% Test OOD2: 53.23% Test OOD3: 59.50% 
Epoch: 366, Loss: 1.6092, Cls: 0.8046, Ind: 0.0000, Med: 0.4023, Spu: 0.0000, FD: 0.4023, Var: 0.0000, Ctx: 3, Train: 84.77%, Valid: 70.22%, Test In: 71.30% Test OOD1: 61.83% Test OOD2: 53.28% Test OOD3: 59.46% 
Epoch: 367, Loss: 1.6106, Cls: 0.8053, Ind: 0.0000, Med: 0.4027, Spu: 0.0000, FD: 0.4026, Var: 0.0000, Ctx: 3, Train: 84.92%, Valid: 69.76%, Test In: 71.09% Test OOD1: 61.82% Test OOD2: 53.19% Test OOD3: 59.15% 
Epoch: 368, Loss: 1.6128, Cls: 0.8063, Ind: 0.0000, Med: 0.4032, Spu: 0.0000, FD: 0.4033, Var: 0.0000, Ctx: 3, Train: 84.66%, Valid: 70.65%, Test In: 71.78% Test OOD1: 62.85% Test OOD2: 53.48% Test OOD3: 59.95% 
Epoch: 369, Loss: 1.6499, Cls: 0.8249, Ind: 0.0000, Med: 0.4124, Spu: 0.0000, FD: 0.4125, Var: 0.0000, Ctx: 3, Train: 84.11%, Valid: 68.36%, Test In: 70.03% Test OOD1: 60.94% Test OOD2: 53.01% Test OOD3: 58.20% 
Epoch: 370, Loss: 1.7710, Cls: 0.8853, Ind: 0.0000, Med: 0.4424, Spu: 0.0000, FD: 0.4433, Var: 0.0000, Ctx: 3, Train: 83.27%, Valid: 70.77%, Test In: 71.84% Test OOD1: 62.11% Test OOD2: 53.45% Test OOD3: 60.02% 
Epoch: 371, Loss: 1.9011, Cls: 0.9507, Ind: 0.0000, Med: 0.4757, Spu: 0.0000, FD: 0.4747, Var: 0.0000, Ctx: 3, Train: 84.22%, Valid: 69.32%, Test In: 70.58% Test OOD1: 61.20% Test OOD2: 52.84% Test OOD3: 59.21% 
Epoch: 372, Loss: 1.6943, Cls: 0.8470, Ind: 0.0000, Med: 0.4235, Spu: 0.0000, FD: 0.4238, Var: 0.0000, Ctx: 3, Train: 83.60%, Valid: 69.80%, Test In: 71.56% Test OOD1: 63.69% Test OOD2: 53.19% Test OOD3: 60.52% 
Epoch: 373, Loss: 1.7318, Cls: 0.8655, Ind: 0.0000, Med: 0.4325, Spu: 0.0000, FD: 0.4338, Var: 0.0000, Ctx: 3, Train: 82.67%, Valid: 71.10%, Test In: 72.86% Test OOD1: 65.95% Test OOD2: 53.57% Test OOD3: 62.23% 
Epoch: 374, Loss: 1.7427, Cls: 0.8718, Ind: 0.0000, Med: 0.4368, Spu: 0.0000, FD: 0.4342, Var: 0.0000, Ctx: 3, Train: 83.60%, Valid: 71.14%, Test In: 72.77% Test OOD1: 65.22% Test OOD2: 53.62% Test OOD3: 61.79% 
Epoch: 375, Loss: 1.6848, Cls: 0.8426, Ind: 0.0000, Med: 0.4218, Spu: 0.0000, FD: 0.4204, Var: 0.0000, Ctx: 3, Train: 83.71%, Valid: 69.85%, Test In: 71.59% Test OOD1: 62.87% Test OOD2: 53.47% Test OOD3: 60.56% 
Epoch: 376, Loss: 1.7282, Cls: 0.8639, Ind: 0.0000, Med: 0.4318, Spu: 0.0000, FD: 0.4325, Var: 0.0000, Ctx: 3, Train: 84.00%, Valid: 70.32%, Test In: 71.98% Test OOD1: 63.41% Test OOD2: 53.64% Test OOD3: 60.91% 
Epoch: 377, Loss: 1.6920, Cls: 0.8458, Ind: 0.0000, Med: 0.4227, Spu: 0.0000, FD: 0.4234, Var: 0.0000, Ctx: 3, Train: 83.40%, Valid: 71.40%, Test In: 72.95% Test OOD1: 65.63% Test OOD2: 53.84% Test OOD3: 62.17% 
Epoch: 378, Loss: 1.6887, Cls: 0.8443, Ind: 0.0000, Med: 0.4220, Spu: 0.0000, FD: 0.4224, Var: 0.0000, Ctx: 3, Train: 83.53%, Valid: 71.27%, Test In: 72.88% Test OOD1: 65.63% Test OOD2: 53.62% Test OOD3: 62.08% 
Epoch: 379, Loss: 1.6586, Cls: 0.8293, Ind: 0.0000, Med: 0.4147, Spu: 0.0000, FD: 0.4146, Var: 0.0000, Ctx: 3, Train: 84.43%, Valid: 70.35%, Test In: 71.89% Test OOD1: 63.42% Test OOD2: 53.30% Test OOD3: 60.59% 
Epoch: 380, Loss: 1.6861, Cls: 0.8434, Ind: 0.0000, Med: 0.4224, Spu: 0.0000, FD: 0.4203, Var: 0.0000, Ctx: 3, Train: 84.27%, Valid: 70.32%, Test In: 71.40% Test OOD1: 61.67% Test OOD2: 53.15% Test OOD3: 59.93% 
Epoch: 381, Loss: 1.6463, Cls: 0.8229, Ind: 0.0000, Med: 0.4113, Spu: 0.0000, FD: 0.4121, Var: 0.0000, Ctx: 3, Train: 84.52%, Valid: 70.69%, Test In: 71.73% Test OOD1: 62.55% Test OOD2: 53.21% Test OOD3: 60.14% 
Epoch: 382, Loss: 1.6589, Cls: 0.8291, Ind: 0.0000, Med: 0.4143, Spu: 0.0000, FD: 0.4154, Var: 0.0000, Ctx: 3, Train: 83.87%, Valid: 70.14%, Test In: 71.54% Test OOD1: 63.01% Test OOD2: 53.25% Test OOD3: 59.64% 
Epoch: 383, Loss: 1.6785, Cls: 0.8397, Ind: 0.0000, Med: 0.4209, Spu: 0.0000, FD: 0.4179, Var: 0.0000, Ctx: 3, Train: 84.60%, Valid: 70.98%, Test In: 72.08% Test OOD1: 63.09% Test OOD2: 53.33% Test OOD3: 60.05% 
Epoch: 384, Loss: 1.6125, Cls: 0.8062, Ind: 0.0000, Med: 0.4034, Spu: 0.0000, FD: 0.4029, Var: 0.0000, Ctx: 3, Train: 84.45%, Valid: 70.95%, Test In: 71.85% Test OOD1: 61.74% Test OOD2: 53.43% Test OOD3: 59.44% 
Epoch: 385, Loss: 1.6290, Cls: 0.8144, Ind: 0.0000, Med: 0.4072, Spu: 0.0000, FD: 0.4074, Var: 0.0000, Ctx: 3, Train: 84.35%, Valid: 70.06%, Test In: 71.11% Test OOD1: 60.87% Test OOD2: 53.13% Test OOD3: 58.92% 
Epoch: 386, Loss: 1.6408, Cls: 0.8203, Ind: 0.0000, Med: 0.4101, Spu: 0.0000, FD: 0.4103, Var: 0.0000, Ctx: 3, Train: 84.78%, Valid: 70.86%, Test In: 72.11% Test OOD1: 63.41% Test OOD2: 53.36% Test OOD3: 60.45% 
Epoch: 387, Loss: 1.6048, Cls: 0.8024, Ind: 0.0000, Med: 0.4013, Spu: 0.0000, FD: 0.4011, Var: 0.0000, Ctx: 3, Train: 84.56%, Valid: 70.78%, Test In: 72.06% Test OOD1: 63.97% Test OOD2: 53.39% Test OOD3: 60.69% 
Epoch: 388, Loss: 1.6159, Cls: 0.8080, Ind: 0.0000, Med: 0.4042, Spu: 0.0000, FD: 0.4037, Var: 0.0000, Ctx: 3, Train: 84.84%, Valid: 70.08%, Test In: 71.15% Test OOD1: 62.07% Test OOD2: 53.12% Test OOD3: 59.89% 
Epoch: 389, Loss: 1.6207, Cls: 0.8102, Ind: 0.0000, Med: 0.4049, Spu: 0.0000, FD: 0.4056, Var: 0.0000, Ctx: 3, Train: 84.77%, Valid: 70.62%, Test In: 71.52% Test OOD1: 62.38% Test OOD2: 53.29% Test OOD3: 60.20% 
Epoch: 390, Loss: 1.6067, Cls: 0.8034, Ind: 0.0000, Med: 0.4020, Spu: 0.0000, FD: 0.4012, Var: 0.0000, Ctx: 3, Train: 85.00%, Valid: 70.76%, Test In: 71.89% Test OOD1: 63.30% Test OOD2: 53.36% Test OOD3: 60.49% 
Epoch: 391, Loss: 1.5933, Cls: 0.7967, Ind: 0.0000, Med: 0.3986, Spu: 0.0000, FD: 0.3980, Var: 0.0000, Ctx: 3, Train: 84.80%, Valid: 70.00%, Test In: 71.40% Test OOD1: 62.70% Test OOD2: 53.23% Test OOD3: 59.71% 
Epoch: 392, Loss: 1.6156, Cls: 0.8076, Ind: 0.0000, Med: 0.4037, Spu: 0.0000, FD: 0.4043, Var: 0.0000, Ctx: 3, Train: 85.12%, Valid: 70.20%, Test In: 71.24% Test OOD1: 62.05% Test OOD2: 53.37% Test OOD3: 59.40% 
Epoch: 393, Loss: 1.6140, Cls: 0.8071, Ind: 0.0000, Med: 0.4039, Spu: 0.0000, FD: 0.4030, Var: 0.0000, Ctx: 3, Train: 85.21%, Valid: 69.41%, Test In: 70.55% Test OOD1: 61.39% Test OOD2: 53.24% Test OOD3: 58.74% 
Epoch: 394, Loss: 1.5917, Cls: 0.7959, Ind: 0.0000, Med: 0.3981, Spu: 0.0000, FD: 0.3977, Var: 0.0000, Ctx: 3, Train: 85.25%, Valid: 69.96%, Test In: 71.28% Test OOD1: 62.87% Test OOD2: 53.34% Test OOD3: 59.63% 
Epoch: 395, Loss: 1.5810, Cls: 0.7905, Ind: 0.0000, Med: 0.3953, Spu: 0.0000, FD: 0.3951, Var: 0.0000, Ctx: 3, Train: 85.11%, Valid: 70.46%, Test In: 71.73% Test OOD1: 63.48% Test OOD2: 53.43% Test OOD3: 60.18% 
Epoch: 396, Loss: 1.6025, Cls: 0.8011, Ind: 0.0000, Med: 0.4004, Spu: 0.0000, FD: 0.4010, Var: 0.0000, Ctx: 3, Train: 85.18%, Valid: 69.16%, Test In: 70.63% Test OOD1: 61.69% Test OOD2: 53.19% Test OOD3: 59.02% 
Epoch: 397, Loss: 1.6178, Cls: 0.8090, Ind: 0.0000, Med: 0.4049, Spu: 0.0000, FD: 0.4038, Var: 0.0000, Ctx: 3, Train: 85.14%, Valid: 70.02%, Test In: 71.29% Test OOD1: 62.21% Test OOD2: 53.43% Test OOD3: 59.52% 
Epoch: 398, Loss: 1.6068, Cls: 0.8032, Ind: 0.0000, Med: 0.4013, Spu: 0.0000, FD: 0.4023, Var: 0.0000, Ctx: 3, Train: 85.36%, Valid: 69.80%, Test In: 71.39% Test OOD1: 62.96% Test OOD2: 53.45% Test OOD3: 59.62% 
Epoch: 399, Loss: 1.5790, Cls: 0.7896, Ind: 0.0000, Med: 0.3951, Spu: 0.0000, FD: 0.3943, Var: 0.0000, Ctx: 3, Train: 85.42%, Valid: 70.02%, Test In: 71.50% Test OOD1: 62.97% Test OOD2: 53.47% Test OOD3: 59.71% 
Epoch: 400, Loss: 1.5720, Cls: 0.7860, Ind: 0.0000, Med: 0.3932, Spu: 0.0000, FD: 0.3928, Var: 0.0000, Ctx: 3, Train: 85.40%, Valid: 69.99%, Test In: 71.22% Test OOD1: 62.13% Test OOD2: 53.41% Test OOD3: 59.35% 
Epoch: 401, Loss: 1.5786, Cls: 0.7892, Ind: 0.0000, Med: 0.3945, Spu: 0.0000, FD: 0.3949, Var: 0.0000, Ctx: 3, Train: 85.59%, Valid: 69.21%, Test In: 70.73% Test OOD1: 61.75% Test OOD2: 53.22% Test OOD3: 58.90% 
Epoch: 402, Loss: 1.5822, Cls: 0.7912, Ind: 0.0000, Med: 0.3958, Spu: 0.0000, FD: 0.3952, Var: 0.0000, Ctx: 3, Train: 84.25%, Valid: 70.78%, Test In: 72.17% Test OOD1: 64.11% Test OOD2: 53.72% Test OOD3: 60.68% 
Epoch: 403, Loss: 1.7699, Cls: 0.8843, Ind: 0.0000, Med: 0.4413, Spu: 0.0000, FD: 0.4443, Var: 0.0000, Ctx: 3, Train: 79.61%, Valid: 63.86%, Test In: 66.10% Test OOD1: 59.66% Test OOD2: 52.62% Test OOD3: 56.55% 
Epoch: 404, Loss: 2.3870, Cls: 1.1925, Ind: 0.0000, Med: 0.5948, Spu: 0.0000, FD: 0.5997, Var: 0.0000, Ctx: 3, Train: 80.99%, Valid: 68.07%, Test In: 68.85% Test OOD1: 57.31% Test OOD2: 52.49% Test OOD3: 57.14% 
Epoch: 405, Loss: 1.8587, Cls: 0.9297, Ind: 0.0000, Med: 0.4656, Spu: 0.0000, FD: 0.4635, Var: 0.0000, Ctx: 3, Train: 80.05%, Valid: 70.55%, Test In: 71.90% Test OOD1: 61.82% Test OOD2: 53.35% Test OOD3: 60.14% 
Epoch: 406, Loss: 2.1091, Cls: 1.0552, Ind: 0.0000, Med: 0.5290, Spu: 0.0000, FD: 0.5248, Var: 0.0000, Ctx: 3, Train: 79.78%, Valid: 71.18%, Test In: 72.73% Test OOD1: 64.00% Test OOD2: 53.72% Test OOD3: 61.50% 
Epoch: 407, Loss: 1.9818, Cls: 0.9917, Ind: 0.0000, Med: 0.4976, Spu: 0.0000, FD: 0.4925, Var: 0.0000, Ctx: 3, Train: 79.74%, Valid: 71.43%, Test In: 73.01% Test OOD1: 64.69% Test OOD2: 53.81% Test OOD3: 62.15% 
Epoch: 408, Loss: 1.9022, Cls: 0.9511, Ind: 0.0000, Med: 0.4762, Spu: 0.0000, FD: 0.4750, Var: 0.0000, Ctx: 3, Train: 79.55%, Valid: 71.53%, Test In: 73.18% Test OOD1: 65.36% Test OOD2: 53.79% Test OOD3: 62.64% 
Epoch: 409, Loss: 1.9392, Cls: 0.9685, Ind: 0.0000, Med: 0.4833, Spu: 0.0000, FD: 0.4875, Var: 0.0000, Ctx: 3, Train: 79.19%, Valid: 71.38%, Test In: 73.10% Test OOD1: 66.25% Test OOD2: 53.74% Test OOD3: 63.12% 
Epoch: 410, Loss: 1.8962, Cls: 0.9467, Ind: 0.0000, Med: 0.4719, Spu: 0.0000, FD: 0.4775, Var: 0.0000, Ctx: 3, Train: 78.14%, Valid: 70.70%, Test In: 72.35% Test OOD1: 66.82% Test OOD2: 53.59% Test OOD3: 63.43% 
Epoch: 411, Loss: 1.8434, Cls: 0.9216, Ind: 0.0000, Med: 0.4612, Spu: 0.0000, FD: 0.4607, Var: 0.0000, Ctx: 3, Train: 77.07%, Valid: 70.07%, Test In: 71.68% Test OOD1: 66.69% Test OOD2: 53.51% Test OOD3: 63.49% 
Epoch: 412, Loss: 1.9238, Cls: 0.9631, Ind: 0.0000, Med: 0.4840, Spu: 0.0000, FD: 0.4766, Var: 0.0000, Ctx: 3, Train: 77.16%, Valid: 70.11%, Test In: 71.84% Test OOD1: 66.65% Test OOD2: 53.54% Test OOD3: 63.45% 
Epoch: 413, Loss: 1.8955, Cls: 0.9484, Ind: 0.0000, Med: 0.4756, Spu: 0.0000, FD: 0.4715, Var: 0.0000, Ctx: 3, Train: 77.83%, Valid: 70.55%, Test In: 72.41% Test OOD1: 66.57% Test OOD2: 53.69% Test OOD3: 63.32% 
Epoch: 414, Loss: 1.8875, Cls: 0.9435, Ind: 0.0000, Med: 0.4715, Spu: 0.0000, FD: 0.4725, Var: 0.0000, Ctx: 3, Train: 78.30%, Valid: 70.86%, Test In: 72.77% Test OOD1: 66.50% Test OOD2: 53.84% Test OOD3: 63.26% 
Epoch: 415, Loss: 1.9173, Cls: 0.9585, Ind: 0.0000, Med: 0.4792, Spu: 0.0000, FD: 0.4796, Var: 0.0000, Ctx: 3, Train: 78.56%, Valid: 71.06%, Test In: 72.95% Test OOD1: 66.70% Test OOD2: 53.89% Test OOD3: 63.43% 
Epoch: 416, Loss: 1.8593, Cls: 0.9297, Ind: 0.0000, Med: 0.4652, Spu: 0.0000, FD: 0.4643, Var: 0.0000, Ctx: 3, Train: 78.51%, Valid: 71.09%, Test In: 72.99% Test OOD1: 66.87% Test OOD2: 53.93% Test OOD3: 63.61% 
Epoch: 417, Loss: 1.8451, Cls: 0.9225, Ind: 0.0000, Med: 0.4615, Spu: 0.0000, FD: 0.4610, Var: 0.0000, Ctx: 3, Train: 78.45%, Valid: 71.21%, Test In: 73.14% Test OOD1: 66.91% Test OOD2: 54.05% Test OOD3: 63.62% 
Epoch: 418, Loss: 1.8683, Cls: 0.9338, Ind: 0.0000, Med: 0.4668, Spu: 0.0000, FD: 0.4677, Var: 0.0000, Ctx: 3, Train: 78.75%, Valid: 71.50%, Test In: 73.52% Test OOD1: 66.80% Test OOD2: 54.20% Test OOD3: 63.52% 
Epoch: 419, Loss: 1.8382, Cls: 0.9187, Ind: 0.0000, Med: 0.4591, Spu: 0.0000, FD: 0.4604, Var: 0.0000, Ctx: 3, Train: 79.16%, Valid: 71.64%, Test In: 73.81% Test OOD1: 66.35% Test OOD2: 54.29% Test OOD3: 63.25% 
Epoch: 420, Loss: 1.8391, Cls: 0.9196, Ind: 0.0000, Med: 0.4604, Spu: 0.0000, FD: 0.4592, Var: 0.0000, Ctx: 3, Train: 79.54%, Valid: 71.68%, Test In: 73.86% Test OOD1: 66.10% Test OOD2: 54.23% Test OOD3: 63.07% 
Epoch: 421, Loss: 1.8468, Cls: 0.9237, Ind: 0.0000, Med: 0.4629, Spu: 0.0000, FD: 0.4602, Var: 0.0000, Ctx: 3, Train: 79.93%, Valid: 71.80%, Test In: 73.84% Test OOD1: 66.55% Test OOD2: 54.06% Test OOD3: 63.14% 
Epoch: 422, Loss: 1.8097, Cls: 0.9047, Ind: 0.0000, Med: 0.4526, Spu: 0.0000, FD: 0.4524, Var: 0.0000, Ctx: 3, Train: 80.12%, Valid: 71.79%, Test In: 73.70% Test OOD1: 67.19% Test OOD2: 53.82% Test OOD3: 63.31% 
Epoch: 423, Loss: 1.7980, Cls: 0.8983, Ind: 0.0000, Med: 0.4485, Spu: 0.0000, FD: 0.4511, Var: 0.0000, Ctx: 3, Train: 80.26%, Valid: 71.72%, Test In: 73.57% Test OOD1: 67.34% Test OOD2: 53.67% Test OOD3: 63.25% 
Epoch: 424, Loss: 1.7938, Cls: 0.8963, Ind: 0.0000, Med: 0.4475, Spu: 0.0000, FD: 0.4500, Var: 0.0000, Ctx: 3, Train: 80.69%, Valid: 71.76%, Test In: 73.61% Test OOD1: 67.01% Test OOD2: 53.67% Test OOD3: 62.92% 
Epoch: 425, Loss: 1.7705, Cls: 0.8852, Ind: 0.0000, Med: 0.4427, Spu: 0.0000, FD: 0.4426, Var: 0.0000, Ctx: 3, Train: 81.14%, Valid: 71.78%, Test In: 73.61% Test OOD1: 66.42% Test OOD2: 53.66% Test OOD3: 62.52% 
Epoch: 426, Loss: 1.7772, Cls: 0.8889, Ind: 0.0000, Med: 0.4452, Spu: 0.0000, FD: 0.4430, Var: 0.0000, Ctx: 3, Train: 81.46%, Valid: 71.90%, Test In: 73.68% Test OOD1: 66.48% Test OOD2: 53.62% Test OOD3: 62.59% 
Epoch: 427, Loss: 1.7585, Cls: 0.8795, Ind: 0.0000, Med: 0.4403, Spu: 0.0000, FD: 0.4387, Var: 0.0000, Ctx: 3, Train: 81.53%, Valid: 72.07%, Test In: 73.68% Test OOD1: 66.99% Test OOD2: 53.58% Test OOD3: 62.97% 
Epoch: 428, Loss: 1.7366, Cls: 0.8682, Ind: 0.0000, Med: 0.4342, Spu: 0.0000, FD: 0.4341, Var: 0.0000, Ctx: 3, Train: 81.68%, Valid: 72.18%, Test In: 73.69% Test OOD1: 66.95% Test OOD2: 53.64% Test OOD3: 63.02% 
Epoch: 429, Loss: 1.7342, Cls: 0.8670, Ind: 0.0000, Med: 0.4335, Spu: 0.0000, FD: 0.4337, Var: 0.0000, Ctx: 3, Train: 82.23%, Valid: 72.19%, Test In: 73.65% Test OOD1: 65.85% Test OOD2: 53.67% Test OOD3: 62.52% 
Epoch: 430, Loss: 1.7154, Cls: 0.8578, Ind: 0.0000, Med: 0.4292, Spu: 0.0000, FD: 0.4283, Var: 0.0000, Ctx: 3, Train: 82.42%, Valid: 72.02%, Test In: 73.39% Test OOD1: 64.80% Test OOD2: 53.69% Test OOD3: 62.07% 
Epoch: 431, Loss: 1.7194, Cls: 0.8599, Ind: 0.0000, Med: 0.4303, Spu: 0.0000, FD: 0.4292, Var: 0.0000, Ctx: 3, Train: 82.63%, Valid: 71.95%, Test In: 73.33% Test OOD1: 65.26% Test OOD2: 53.71% Test OOD3: 62.20% 
Epoch: 432, Loss: 1.6962, Cls: 0.8482, Ind: 0.0000, Med: 0.4244, Spu: 0.0000, FD: 0.4236, Var: 0.0000, Ctx: 3, Train: 82.88%, Valid: 71.82%, Test In: 73.24% Test OOD1: 65.72% Test OOD2: 53.71% Test OOD3: 62.25% 
Epoch: 433, Loss: 1.6919, Cls: 0.8460, Ind: 0.0000, Med: 0.4232, Spu: 0.0000, FD: 0.4227, Var: 0.0000, Ctx: 3, Train: 83.19%, Valid: 71.46%, Test In: 72.91% Test OOD1: 64.96% Test OOD2: 53.65% Test OOD3: 61.73% 
Epoch: 434, Loss: 1.6797, Cls: 0.8398, Ind: 0.0000, Med: 0.4200, Spu: 0.0000, FD: 0.4199, Var: 0.0000, Ctx: 3, Train: 83.38%, Valid: 71.18%, Test In: 72.55% Test OOD1: 64.25% Test OOD2: 53.61% Test OOD3: 61.39% 
Epoch: 435, Loss: 1.6797, Cls: 0.8397, Ind: 0.0000, Med: 0.4199, Spu: 0.0000, FD: 0.4201, Var: 0.0000, Ctx: 3, Train: 83.68%, Valid: 71.29%, Test In: 72.54% Test OOD1: 64.37% Test OOD2: 53.55% Test OOD3: 61.59% 
Epoch: 436, Loss: 1.6582, Cls: 0.8291, Ind: 0.0000, Med: 0.4149, Spu: 0.0000, FD: 0.4142, Var: 0.0000, Ctx: 3, Train: 83.76%, Valid: 71.16%, Test In: 72.22% Test OOD1: 63.71% Test OOD2: 53.52% Test OOD3: 61.38% 
Epoch: 437, Loss: 1.6577, Cls: 0.8290, Ind: 0.0000, Med: 0.4149, Spu: 0.0000, FD: 0.4138, Var: 0.0000, Ctx: 3, Train: 83.78%, Valid: 70.61%, Test In: 71.50% Test OOD1: 62.40% Test OOD2: 53.47% Test OOD3: 60.67% 
Epoch: 438, Loss: 1.6545, Cls: 0.8274, Ind: 0.0000, Med: 0.4142, Spu: 0.0000, FD: 0.4128, Var: 0.0000, Ctx: 3, Train: 84.02%, Valid: 70.36%, Test In: 71.25% Test OOD1: 62.44% Test OOD2: 53.42% Test OOD3: 60.50% 
Epoch: 439, Loss: 1.6443, Cls: 0.8223, Ind: 0.0000, Med: 0.4117, Spu: 0.0000, FD: 0.4103, Var: 0.0000, Ctx: 3, Train: 84.12%, Valid: 70.33%, Test In: 71.40% Test OOD1: 63.18% Test OOD2: 53.43% Test OOD3: 60.68% 
Epoch: 440, Loss: 1.6424, Cls: 0.8213, Ind: 0.0000, Med: 0.4110, Spu: 0.0000, FD: 0.4101, Var: 0.0000, Ctx: 3, Train: 84.11%, Valid: 69.98%, Test In: 71.07% Test OOD1: 62.84% Test OOD2: 53.39% Test OOD3: 60.30% 
Epoch: 441, Loss: 1.6389, Cls: 0.8196, Ind: 0.0000, Med: 0.4102, Spu: 0.0000, FD: 0.4092, Var: 0.0000, Ctx: 3, Train: 84.28%, Valid: 69.64%, Test In: 70.59% Test OOD1: 61.88% Test OOD2: 53.25% Test OOD3: 59.82% 
Epoch: 442, Loss: 1.6308, Cls: 0.8156, Ind: 0.0000, Med: 0.4084, Spu: 0.0000, FD: 0.4068, Var: 0.0000, Ctx: 3, Train: 84.35%, Valid: 69.84%, Test In: 70.59% Test OOD1: 61.66% Test OOD2: 53.25% Test OOD3: 59.84% 
Epoch: 443, Loss: 1.6263, Cls: 0.8134, Ind: 0.0000, Med: 0.4073, Spu: 0.0000, FD: 0.4056, Var: 0.0000, Ctx: 3, Train: 84.47%, Valid: 70.06%, Test In: 70.82% Test OOD1: 62.07% Test OOD2: 53.26% Test OOD3: 60.07% 
Epoch: 444, Loss: 1.6204, Cls: 0.8104, Ind: 0.0000, Med: 0.4057, Spu: 0.0000, FD: 0.4044, Var: 0.0000, Ctx: 3, Train: 84.62%, Valid: 69.96%, Test In: 70.86% Test OOD1: 62.39% Test OOD2: 53.29% Test OOD3: 60.12% 
Epoch: 445, Loss: 1.6127, Cls: 0.8064, Ind: 0.0000, Med: 0.4036, Spu: 0.0000, FD: 0.4026, Var: 0.0000, Ctx: 3, Train: 84.69%, Valid: 69.99%, Test In: 71.00% Test OOD1: 62.71% Test OOD2: 53.37% Test OOD3: 60.20% 
Epoch: 446, Loss: 1.6077, Cls: 0.8039, Ind: 0.0000, Med: 0.4022, Spu: 0.0000, FD: 0.4016, Var: 0.0000, Ctx: 3, Train: 84.77%, Valid: 70.12%, Test In: 71.08% Test OOD1: 62.63% Test OOD2: 53.44% Test OOD3: 60.23% 
Epoch: 447, Loss: 1.6039, Cls: 0.8020, Ind: 0.0000, Med: 0.4013, Spu: 0.0000, FD: 0.4006, Var: 0.0000, Ctx: 3, Train: 84.86%, Valid: 70.11%, Test In: 71.02% Test OOD1: 62.28% Test OOD2: 53.43% Test OOD3: 60.09% 
Epoch: 448, Loss: 1.5997, Cls: 0.7999, Ind: 0.0000, Med: 0.4002, Spu: 0.0000, FD: 0.3996, Var: 0.0000, Ctx: 3, Train: 84.98%, Valid: 70.32%, Test In: 71.31% Test OOD1: 62.75% Test OOD2: 53.43% Test OOD3: 60.32% 
Epoch: 449, Loss: 1.5939, Cls: 0.7970, Ind: 0.0000, Med: 0.3986, Spu: 0.0000, FD: 0.3983, Var: 0.0000, Ctx: 3, Train: 85.00%, Valid: 70.45%, Test In: 71.56% Test OOD1: 63.31% Test OOD2: 53.46% Test OOD3: 60.53% 
Epoch: 450, Loss: 1.5932, Cls: 0.7966, Ind: 0.0000, Med: 0.3984, Spu: 0.0000, FD: 0.3982, Var: 0.0000, Ctx: 3, Train: 85.13%, Valid: 70.11%, Test In: 71.30% Test OOD1: 62.84% Test OOD2: 53.43% Test OOD3: 60.14% 
Epoch: 451, Loss: 1.5872, Cls: 0.7936, Ind: 0.0000, Med: 0.3969, Spu: 0.0000, FD: 0.3967, Var: 0.0000, Ctx: 3, Train: 85.16%, Valid: 69.96%, Test In: 71.12% Test OOD1: 62.42% Test OOD2: 53.42% Test OOD3: 59.85% 
Epoch: 452, Loss: 1.5847, Cls: 0.7924, Ind: 0.0000, Med: 0.3963, Spu: 0.0000, FD: 0.3960, Var: 0.0000, Ctx: 3, Train: 85.20%, Valid: 70.00%, Test In: 71.18% Test OOD1: 62.53% Test OOD2: 53.43% Test OOD3: 59.85% 
Epoch: 453, Loss: 1.5829, Cls: 0.7915, Ind: 0.0000, Med: 0.3958, Spu: 0.0000, FD: 0.3956, Var: 0.0000, Ctx: 3, Train: 85.27%, Valid: 69.87%, Test In: 71.21% Test OOD1: 62.68% Test OOD2: 53.36% Test OOD3: 59.85% 
Epoch: 454, Loss: 1.5802, Cls: 0.7901, Ind: 0.0000, Med: 0.3952, Spu: 0.0000, FD: 0.3949, Var: 0.0000, Ctx: 3, Train: 85.32%, Valid: 69.87%, Test In: 71.26% Test OOD1: 62.77% Test OOD2: 53.34% Test OOD3: 59.94% 
Epoch: 455, Loss: 1.5766, Cls: 0.7883, Ind: 0.0000, Med: 0.3942, Spu: 0.0000, FD: 0.3941, Var: 0.0000, Ctx: 3, Train: 85.42%, Valid: 69.80%, Test In: 71.12% Test OOD1: 62.48% Test OOD2: 53.33% Test OOD3: 59.91% 
Epoch: 456, Loss: 1.5735, Cls: 0.7867, Ind: 0.0000, Med: 0.3934, Spu: 0.0000, FD: 0.3934, Var: 0.0000, Ctx: 3, Train: 85.49%, Valid: 69.50%, Test In: 70.90% Test OOD1: 62.23% Test OOD2: 53.28% Test OOD3: 59.83% 
Epoch: 457, Loss: 1.5709, Cls: 0.7854, Ind: 0.0000, Med: 0.3928, Spu: 0.0000, FD: 0.3927, Var: 0.0000, Ctx: 3, Train: 85.56%, Valid: 69.65%, Test In: 71.10% Test OOD1: 62.67% Test OOD2: 53.31% Test OOD3: 60.13% 
Epoch: 458, Loss: 1.5652, Cls: 0.7826, Ind: 0.0000, Med: 0.3913, Spu: 0.0000, FD: 0.3913, Var: 0.0000, Ctx: 3, Train: 85.56%, Valid: 69.74%, Test In: 71.19% Test OOD1: 62.82% Test OOD2: 53.29% Test OOD3: 60.27% 
Epoch: 459, Loss: 1.5653, Cls: 0.7826, Ind: 0.0000, Med: 0.3913, Spu: 0.0000, FD: 0.3914, Var: 0.0000, Ctx: 3, Train: 85.67%, Valid: 69.37%, Test In: 70.83% Test OOD1: 62.24% Test OOD2: 53.22% Test OOD3: 59.92% 
Epoch: 460, Loss: 1.5622, Cls: 0.7811, Ind: 0.0000, Med: 0.3906, Spu: 0.0000, FD: 0.3905, Var: 0.0000, Ctx: 3, Train: 85.69%, Valid: 69.34%, Test In: 70.72% Test OOD1: 61.92% Test OOD2: 53.18% Test OOD3: 59.72% 
Epoch: 461, Loss: 1.5596, Cls: 0.7797, Ind: 0.0000, Med: 0.3899, Spu: 0.0000, FD: 0.3900, Var: 0.0000, Ctx: 3, Train: 85.77%, Valid: 69.27%, Test In: 70.77% Test OOD1: 62.04% Test OOD2: 53.15% Test OOD3: 59.63% 
Epoch: 462, Loss: 1.5557, Cls: 0.7778, Ind: 0.0000, Med: 0.3890, Spu: 0.0000, FD: 0.3889, Var: 0.0000, Ctx: 3, Train: 85.81%, Valid: 69.14%, Test In: 70.66% Test OOD1: 61.87% Test OOD2: 53.10% Test OOD3: 59.43% 
Epoch: 463, Loss: 1.5543, Cls: 0.7771, Ind: 0.0000, Med: 0.3887, Spu: 0.0000, FD: 0.3885, Var: 0.0000, Ctx: 3, Train: 85.85%, Valid: 69.19%, Test In: 70.52% Test OOD1: 61.43% Test OOD2: 53.11% Test OOD3: 59.23% 
Epoch: 464, Loss: 1.5548, Cls: 0.7773, Ind: 0.0000, Med: 0.3888, Spu: 0.0000, FD: 0.3887, Var: 0.0000, Ctx: 3, Train: 85.89%, Valid: 68.85%, Test In: 70.30% Test OOD1: 61.50% Test OOD2: 53.08% Test OOD3: 59.16% 
Epoch: 465, Loss: 1.5532, Cls: 0.7766, Ind: 0.0000, Med: 0.3884, Spu: 0.0000, FD: 0.3882, Var: 0.0000, Ctx: 3, Train: 85.94%, Valid: 69.38%, Test In: 70.75% Test OOD1: 61.89% Test OOD2: 53.13% Test OOD3: 59.54% 
Epoch: 466, Loss: 1.5540, Cls: 0.7770, Ind: 0.0000, Med: 0.3887, Spu: 0.0000, FD: 0.3883, Var: 0.0000, Ctx: 3, Train: 85.97%, Valid: 68.92%, Test In: 70.37% Test OOD1: 61.67% Test OOD2: 53.07% Test OOD3: 59.37% 
Epoch: 467, Loss: 1.5542, Cls: 0.7771, Ind: 0.0000, Med: 0.3886, Spu: 0.0000, FD: 0.3885, Var: 0.0000, Ctx: 3, Train: 85.92%, Valid: 69.52%, Test In: 70.72% Test OOD1: 61.61% Test OOD2: 53.14% Test OOD3: 59.48% 
Epoch: 468, Loss: 1.5594, Cls: 0.7798, Ind: 0.0000, Med: 0.3901, Spu: 0.0000, FD: 0.3895, Var: 0.0000, Ctx: 3, Train: 85.95%, Valid: 68.85%, Test In: 70.33% Test OOD1: 61.86% Test OOD2: 53.08% Test OOD3: 59.31% 
Epoch: 469, Loss: 1.5647, Cls: 0.7823, Ind: 0.0000, Med: 0.3911, Spu: 0.0000, FD: 0.3913, Var: 0.0000, Ctx: 3, Train: 85.88%, Valid: 69.81%, Test In: 71.06% Test OOD1: 62.06% Test OOD2: 53.13% Test OOD3: 59.59% 
Epoch: 470, Loss: 1.5789, Cls: 0.7896, Ind: 0.0000, Med: 0.3951, Spu: 0.0000, FD: 0.3942, Var: 0.0000, Ctx: 3, Train: 85.95%, Valid: 68.51%, Test In: 70.01% Test OOD1: 61.55% Test OOD2: 52.98% Test OOD3: 59.07% 
Epoch: 471, Loss: 1.5908, Cls: 0.7952, Ind: 0.0000, Med: 0.3974, Spu: 0.0000, FD: 0.3982, Var: 0.0000, Ctx: 3, Train: 85.87%, Valid: 69.86%, Test In: 71.09% Test OOD1: 62.05% Test OOD2: 53.09% Test OOD3: 59.54% 
Epoch: 472, Loss: 1.5827, Cls: 0.7915, Ind: 0.0000, Med: 0.3961, Spu: 0.0000, FD: 0.3952, Var: 0.0000, Ctx: 3, Train: 86.14%, Valid: 68.94%, Test In: 70.47% Test OOD1: 62.11% Test OOD2: 53.05% Test OOD3: 59.35% 
Epoch: 473, Loss: 1.5557, Cls: 0.7777, Ind: 0.0000, Med: 0.3888, Spu: 0.0000, FD: 0.3892, Var: 0.0000, Ctx: 3, Train: 86.25%, Valid: 69.58%, Test In: 70.94% Test OOD1: 62.27% Test OOD2: 53.14% Test OOD3: 59.56% 
Epoch: 474, Loss: 1.5358, Cls: 0.7679, Ind: 0.0000, Med: 0.3840, Spu: 0.0000, FD: 0.3839, Var: 0.0000, Ctx: 3, Train: 86.28%, Valid: 69.57%, Test In: 70.94% Test OOD1: 62.29% Test OOD2: 53.20% Test OOD3: 59.60% 
Epoch: 475, Loss: 1.5327, Cls: 0.7663, Ind: 0.0000, Med: 0.3832, Spu: 0.0000, FD: 0.3832, Var: 0.0000, Ctx: 3, Train: 86.26%, Valid: 69.14%, Test In: 70.63% Test OOD1: 62.22% Test OOD2: 53.17% Test OOD3: 59.52% 
Epoch: 476, Loss: 1.5433, Cls: 0.7715, Ind: 0.0000, Med: 0.3857, Spu: 0.0000, FD: 0.3860, Var: 0.0000, Ctx: 3, Train: 86.10%, Valid: 69.97%, Test In: 71.20% Test OOD1: 62.25% Test OOD2: 53.19% Test OOD3: 59.77% 
Epoch: 477, Loss: 1.5622, Cls: 0.7811, Ind: 0.0000, Med: 0.3907, Spu: 0.0000, FD: 0.3904, Var: 0.0000, Ctx: 3, Train: 86.15%, Valid: 68.67%, Test In: 70.15% Test OOD1: 61.77% Test OOD2: 53.02% Test OOD3: 59.25% 
Epoch: 478, Loss: 1.5811, Cls: 0.7905, Ind: 0.0000, Med: 0.3952, Spu: 0.0000, FD: 0.3954, Var: 0.0000, Ctx: 3, Train: 86.08%, Valid: 70.01%, Test In: 71.20% Test OOD1: 62.14% Test OOD2: 53.13% Test OOD3: 59.54% 
Epoch: 479, Loss: 1.5853, Cls: 0.7926, Ind: 0.0000, Med: 0.3963, Spu: 0.0000, FD: 0.3964, Var: 0.0000, Ctx: 3, Train: 86.05%, Valid: 68.43%, Test In: 69.97% Test OOD1: 61.67% Test OOD2: 53.05% Test OOD3: 58.87% 
Epoch: 480, Loss: 1.5883, Cls: 0.7942, Ind: 0.0000, Med: 0.3972, Spu: 0.0000, FD: 0.3970, Var: 0.0000, Ctx: 3, Train: 86.09%, Valid: 69.96%, Test In: 71.13% Test OOD1: 61.80% Test OOD2: 53.14% Test OOD3: 59.29% 
Epoch: 481, Loss: 1.5794, Cls: 0.7896, Ind: 0.0000, Med: 0.3947, Spu: 0.0000, FD: 0.3951, Var: 0.0000, Ctx: 3, Train: 86.35%, Valid: 68.83%, Test In: 70.33% Test OOD1: 61.68% Test OOD2: 53.03% Test OOD3: 59.22% 
Epoch: 482, Loss: 1.5574, Cls: 0.7788, Ind: 0.0000, Med: 0.3895, Spu: 0.0000, FD: 0.3892, Var: 0.0000, Ctx: 3, Train: 86.45%, Valid: 69.60%, Test In: 71.02% Test OOD1: 62.43% Test OOD2: 53.15% Test OOD3: 59.70% 
Epoch: 483, Loss: 1.5276, Cls: 0.7637, Ind: 0.0000, Med: 0.3818, Spu: 0.0000, FD: 0.3821, Var: 0.0000, Ctx: 3, Train: 86.44%, Valid: 69.22%, Test In: 70.64% Test OOD1: 62.23% Test OOD2: 53.21% Test OOD3: 59.53% 
Epoch: 484, Loss: 1.5243, Cls: 0.7621, Ind: 0.0000, Med: 0.3810, Spu: 0.0000, FD: 0.3812, Var: 0.0000, Ctx: 3, Train: 86.61%, Valid: 69.08%, Test In: 70.42% Test OOD1: 61.90% Test OOD2: 53.18% Test OOD3: 59.48% 
Epoch: 485, Loss: 1.5226, Cls: 0.7613, Ind: 0.0000, Med: 0.3808, Spu: 0.0000, FD: 0.3805, Var: 0.0000, Ctx: 3, Train: 86.42%, Valid: 69.84%, Test In: 71.06% Test OOD1: 62.08% Test OOD2: 53.27% Test OOD3: 59.70% 
Epoch: 486, Loss: 1.5348, Cls: 0.7673, Ind: 0.0000, Med: 0.3836, Spu: 0.0000, FD: 0.3839, Var: 0.0000, Ctx: 3, Train: 86.52%, Valid: 68.92%, Test In: 70.26% Test OOD1: 61.55% Test OOD2: 53.08% Test OOD3: 59.22% 
Epoch: 487, Loss: 1.5352, Cls: 0.7676, Ind: 0.0000, Med: 0.3840, Spu: 0.0000, FD: 0.3836, Var: 0.0000, Ctx: 3, Train: 86.51%, Valid: 69.49%, Test In: 70.70% Test OOD1: 61.75% Test OOD2: 53.14% Test OOD3: 59.19% 
Epoch: 488, Loss: 1.5411, Cls: 0.7704, Ind: 0.0000, Med: 0.3851, Spu: 0.0000, FD: 0.3856, Var: 0.0000, Ctx: 3, Train: 86.42%, Valid: 68.46%, Test In: 69.95% Test OOD1: 61.71% Test OOD2: 53.09% Test OOD3: 58.92% 
Epoch: 489, Loss: 1.5535, Cls: 0.7767, Ind: 0.0000, Med: 0.3885, Spu: 0.0000, FD: 0.3882, Var: 0.0000, Ctx: 3, Train: 86.17%, Valid: 69.96%, Test In: 71.01% Test OOD1: 61.64% Test OOD2: 53.28% Test OOD3: 59.28% 
Epoch: 490, Loss: 1.5808, Cls: 0.7903, Ind: 0.0000, Med: 0.3951, Spu: 0.0000, FD: 0.3954, Var: 0.0000, Ctx: 3, Train: 85.85%, Valid: 68.27%, Test In: 69.70% Test OOD1: 60.98% Test OOD2: 53.02% Test OOD3: 58.81% 
Epoch: 491, Loss: 1.6475, Cls: 0.8237, Ind: 0.0000, Med: 0.4119, Spu: 0.0000, FD: 0.4120, Var: 0.0000, Ctx: 3, Train: 86.02%, Valid: 70.13%, Test In: 71.27% Test OOD1: 62.07% Test OOD2: 53.25% Test OOD3: 59.41% 
Epoch: 492, Loss: 1.6497, Cls: 0.8247, Ind: 0.0000, Med: 0.4123, Spu: 0.0000, FD: 0.4127, Var: 0.0000, Ctx: 3, Train: 85.35%, Valid: 67.72%, Test In: 69.30% Test OOD1: 61.65% Test OOD2: 53.02% Test OOD3: 58.72% 
Epoch: 493, Loss: 1.6477, Cls: 0.8238, Ind: 0.0000, Med: 0.4118, Spu: 0.0000, FD: 0.4122, Var: 0.0000, Ctx: 3, Train: 86.65%, Valid: 69.40%, Test In: 70.64% Test OOD1: 62.34% Test OOD2: 53.18% Test OOD3: 59.57% 
Epoch: 494, Loss: 1.5290, Cls: 0.7645, Ind: 0.0000, Med: 0.3824, Spu: 0.0000, FD: 0.3821, Var: 0.0000, Ctx: 3, Train: 85.99%, Valid: 70.26%, Test In: 71.54% Test OOD1: 63.22% Test OOD2: 53.51% Test OOD3: 60.39% 
Epoch: 495, Loss: 1.5887, Cls: 0.7944, Ind: 0.0000, Med: 0.3973, Spu: 0.0000, FD: 0.3970, Var: 0.0000, Ctx: 3, Train: 85.66%, Valid: 68.74%, Test In: 70.37% Test OOD1: 62.06% Test OOD2: 53.23% Test OOD3: 59.82% 
Epoch: 496, Loss: 1.6431, Cls: 0.8214, Ind: 0.0000, Med: 0.4106, Spu: 0.0000, FD: 0.4111, Var: 0.0000, Ctx: 3, Train: 86.51%, Valid: 69.62%, Test In: 71.00% Test OOD1: 62.00% Test OOD2: 53.31% Test OOD3: 59.82% 
Epoch: 497, Loss: 1.5357, Cls: 0.7678, Ind: 0.0000, Med: 0.3840, Spu: 0.0000, FD: 0.3839, Var: 0.0000, Ctx: 3, Train: 86.21%, Valid: 69.76%, Test In: 71.21% Test OOD1: 62.92% Test OOD2: 53.39% Test OOD3: 59.88% 
Epoch: 498, Loss: 1.5688, Cls: 0.7843, Ind: 0.0000, Med: 0.3922, Spu: 0.0000, FD: 0.3922, Var: 0.0000, Ctx: 3, Train: 85.88%, Valid: 68.44%, Test In: 70.12% Test OOD1: 62.42% Test OOD2: 53.19% Test OOD3: 59.31% 
Epoch: 499, Loss: 1.6071, Cls: 0.8034, Ind: 0.0000, Med: 0.4016, Spu: 0.0000, FD: 0.4021, Var: 0.0000, Ctx: 3, Train: 86.77%, Valid: 69.66%, Test In: 70.85% Test OOD1: 61.96% Test OOD2: 53.20% Test OOD3: 59.41% 
Run 01:
Highest Train: 86.77
Highest Valid: 73.61
Highest In Test: 74.83
Highest OOD Test: 68.42
Highest OOD Test: 54.37
Highest OOD Test: 64.30
Chosen epoch: 166
Final Train: 78.57
Final In Test: 74.68
Final OOD Test: 67.41
Final OOD Test: 54.16
Final OOD Test: 63.63
Epoch: 00, Loss: 2.7346, Cls: 1.3805, Ind: 0.0002, Med: 0.7459, Spu: 0.0056, FD: 0.6024, Var: 0.0000, Ctx: 3, Train: 46.28%, Valid: 46.15%, Test In: 46.15% Test OOD1: 43.08% Test OOD2: 49.28% Test OOD3: 43.72% 
Epoch: 01, Loss: 2.2616, Cls: 1.1241, Ind: 0.0017, Med: 0.5635, Spu: 0.0013, FD: 0.5711, Var: 0.0000, Ctx: 3, Train: 56.39%, Valid: 54.98%, Test In: 54.94% Test OOD1: 55.07% Test OOD2: 51.05% Test OOD3: 51.19% 
Epoch: 02, Loss: 2.2978, Cls: 1.1465, Ind: 0.0021, Med: 0.5741, Spu: 0.0037, FD: 0.5715, Var: 0.0000, Ctx: 3, Train: 59.34%, Valid: 57.71%, Test In: 57.22% Test OOD1: 60.21% Test OOD2: 51.33% Test OOD3: 55.47% 
Epoch: 03, Loss: 2.3028, Cls: 1.1510, Ind: 0.0017, Med: 0.5817, Spu: 0.0010, FD: 0.5675, Var: 0.0000, Ctx: 3, Train: 59.71%, Valid: 58.57%, Test In: 57.74% Test OOD1: 61.02% Test OOD2: 51.20% Test OOD3: 56.23% 
Epoch: 04, Loss: 2.2778, Cls: 1.1355, Ind: 0.0011, Med: 0.5763, Spu: 0.0001, FD: 0.5647, Var: 0.0000, Ctx: 3, Train: 59.12%, Valid: 58.52%, Test In: 57.57% Test OOD1: 60.84% Test OOD2: 51.09% Test OOD3: 56.40% 
Epoch: 05, Loss: 2.2634, Cls: 1.1239, Ind: 0.0006, Med: 0.5695, Spu: 0.0011, FD: 0.5683, Var: 0.0000, Ctx: 3, Train: 58.93%, Valid: 58.55%, Test In: 57.57% Test OOD1: 61.01% Test OOD2: 51.08% Test OOD3: 56.74% 
Epoch: 06, Loss: 2.2612, Cls: 1.1226, Ind: 0.0002, Med: 0.5644, Spu: 0.0011, FD: 0.5729, Var: 0.0000, Ctx: 3, Train: 58.86%, Valid: 58.59%, Test In: 57.57% Test OOD1: 61.12% Test OOD2: 51.06% Test OOD3: 56.91% 
Epoch: 07, Loss: 2.2541, Cls: 1.1223, Ind: 0.0001, Med: 0.5608, Spu: 0.0004, FD: 0.5706, Var: 0.0000, Ctx: 3, Train: 58.87%, Valid: 58.62%, Test In: 57.63% Test OOD1: 61.18% Test OOD2: 51.07% Test OOD3: 57.01% 
Epoch: 08, Loss: 2.2450, Cls: 1.1206, Ind: 0.0001, Med: 0.5596, Spu: 0.0000, FD: 0.5648, Var: 0.0000, Ctx: 3, Train: 58.98%, Valid: 58.67%, Test In: 57.77% Test OOD1: 61.27% Test OOD2: 51.08% Test OOD3: 57.04% 
Epoch: 09, Loss: 2.2406, Cls: 1.1194, Ind: 0.0002, Med: 0.5603, Spu: 0.0003, FD: 0.5605, Var: 0.0000, Ctx: 3, Train: 59.07%, Valid: 58.78%, Test In: 57.85% Test OOD1: 61.35% Test OOD2: 51.11% Test OOD3: 57.12% 
Epoch: 10, Loss: 2.2408, Cls: 1.1186, Ind: 0.0003, Med: 0.5611, Spu: 0.0006, FD: 0.5603, Var: 0.0000, Ctx: 3, Train: 59.16%, Valid: 58.89%, Test In: 57.93% Test OOD1: 61.41% Test OOD2: 51.14% Test OOD3: 57.25% 
Epoch: 11, Loss: 2.2418, Cls: 1.1175, Ind: 0.0004, Med: 0.5604, Spu: 0.0004, FD: 0.5630, Var: 0.0000, Ctx: 3, Train: 59.30%, Valid: 58.96%, Test In: 58.04% Test OOD1: 61.44% Test OOD2: 51.18% Test OOD3: 57.32% 
Epoch: 12, Loss: 2.2405, Cls: 1.1155, Ind: 0.0004, Med: 0.5588, Spu: 0.0001, FD: 0.5656, Var: 0.0000, Ctx: 3, Train: 59.54%, Valid: 59.12%, Test In: 58.24% Test OOD1: 61.61% Test OOD2: 51.23% Test OOD3: 57.52% 
Epoch: 13, Loss: 2.2374, Cls: 1.1134, Ind: 0.0005, Med: 0.5574, Spu: 0.0000, FD: 0.5661, Var: 0.0000, Ctx: 3, Train: 59.78%, Valid: 59.22%, Test In: 58.47% Test OOD1: 61.71% Test OOD2: 51.26% Test OOD3: 57.66% 
Epoch: 14, Loss: 2.2340, Cls: 1.1123, Ind: 0.0004, Med: 0.5570, Spu: 0.0001, FD: 0.5642, Var: 0.0000, Ctx: 3, Train: 59.88%, Valid: 59.26%, Test In: 58.57% Test OOD1: 61.77% Test OOD2: 51.27% Test OOD3: 57.75% 
Epoch: 15, Loss: 2.2296, Cls: 1.1115, Ind: 0.0004, Med: 0.5567, Spu: 0.0003, FD: 0.5608, Var: 0.0000, Ctx: 3, Train: 59.95%, Valid: 59.31%, Test In: 58.65% Test OOD1: 61.82% Test OOD2: 51.28% Test OOD3: 57.85% 
Epoch: 16, Loss: 2.2240, Cls: 1.1101, Ind: 0.0003, Med: 0.5556, Spu: 0.0003, FD: 0.5576, Var: 0.0000, Ctx: 3, Train: 59.98%, Valid: 59.32%, Test In: 58.70% Test OOD1: 61.86% Test OOD2: 51.28% Test OOD3: 57.93% 
Epoch: 17, Loss: 2.2193, Cls: 1.1087, Ind: 0.0003, Med: 0.5543, Spu: 0.0002, FD: 0.5558, Var: 0.0000, Ctx: 3, Train: 60.09%, Valid: 59.41%, Test In: 58.81% Test OOD1: 61.94% Test OOD2: 51.29% Test OOD3: 58.02% 
Epoch: 18, Loss: 2.2155, Cls: 1.1071, Ind: 0.0002, Med: 0.5530, Spu: 0.0001, FD: 0.5552, Var: 0.0000, Ctx: 3, Train: 60.25%, Valid: 59.52%, Test In: 58.97% Test OOD1: 62.02% Test OOD2: 51.31% Test OOD3: 58.12% 
Epoch: 19, Loss: 2.2112, Cls: 1.1047, Ind: 0.0001, Med: 0.5518, Spu: 0.0001, FD: 0.5545, Var: 0.0000, Ctx: 3, Train: 60.49%, Valid: 59.69%, Test In: 59.18% Test OOD1: 62.13% Test OOD2: 51.35% Test OOD3: 58.24% 
Epoch: 20, Loss: 2.2076, Cls: 1.1027, Ind: 0.0001, Med: 0.5511, Spu: 0.0002, FD: 0.5535, Var: 0.0000, Ctx: 3, Train: 60.83%, Valid: 59.90%, Test In: 59.47% Test OOD1: 62.30% Test OOD2: 51.40% Test OOD3: 58.42% 
Epoch: 21, Loss: 2.2051, Cls: 1.1014, Ind: 0.0000, Med: 0.5511, Spu: 0.0002, FD: 0.5524, Var: 0.0000, Ctx: 3, Train: 61.17%, Valid: 60.14%, Test In: 59.77% Test OOD1: 62.52% Test OOD2: 51.44% Test OOD3: 58.63% 
Epoch: 22, Loss: 2.2002, Cls: 1.0988, Ind: 0.0000, Med: 0.5500, Spu: 0.0001, FD: 0.5513, Var: 0.0000, Ctx: 3, Train: 61.62%, Valid: 60.43%, Test In: 60.15% Test OOD1: 62.83% Test OOD2: 51.49% Test OOD3: 58.87% 
Epoch: 23, Loss: 2.1961, Cls: 1.0965, Ind: 0.0000, Med: 0.5490, Spu: 0.0000, FD: 0.5506, Var: 0.0000, Ctx: 3, Train: 62.16%, Valid: 60.75%, Test In: 60.62% Test OOD1: 63.11% Test OOD2: 51.56% Test OOD3: 59.17% 
Epoch: 24, Loss: 2.1896, Cls: 1.0933, Ind: 0.0000, Med: 0.5473, Spu: 0.0001, FD: 0.5488, Var: 0.0000, Ctx: 3, Train: 62.76%, Valid: 61.09%, Test In: 61.17% Test OOD1: 63.34% Test OOD2: 51.65% Test OOD3: 59.48% 
Epoch: 25, Loss: 2.1829, Cls: 1.0904, Ind: 0.0001, Med: 0.5458, Spu: 0.0001, FD: 0.5465, Var: 0.0000, Ctx: 3, Train: 63.42%, Valid: 61.49%, Test In: 61.81% Test OOD1: 63.68% Test OOD2: 51.73% Test OOD3: 59.86% 
Epoch: 26, Loss: 2.1732, Cls: 1.0855, Ind: 0.0001, Med: 0.5429, Spu: 0.0001, FD: 0.5446, Var: 0.0000, Ctx: 3, Train: 64.23%, Valid: 61.95%, Test In: 62.58% Test OOD1: 64.07% Test OOD2: 51.82% Test OOD3: 60.36% 
Epoch: 27, Loss: 2.1639, Cls: 1.0808, Ind: 0.0001, Med: 0.5402, Spu: 0.0001, FD: 0.5428, Var: 0.0000, Ctx: 3, Train: 65.30%, Valid: 62.55%, Test In: 63.60% Test OOD1: 64.39% Test OOD2: 51.96% Test OOD3: 60.87% 
Epoch: 28, Loss: 2.1514, Cls: 1.0748, Ind: 0.0001, Med: 0.5375, Spu: 0.0000, FD: 0.5390, Var: 0.0000, Ctx: 3, Train: 66.41%, Valid: 63.13%, Test In: 64.62% Test OOD1: 64.81% Test OOD2: 52.12% Test OOD3: 61.45% 
Epoch: 29, Loss: 2.1359, Cls: 1.0669, Ind: 0.0001, Med: 0.5333, Spu: 0.0000, FD: 0.5356, Var: 0.0000, Ctx: 3, Train: 67.56%, Valid: 63.70%, Test In: 65.70% Test OOD1: 65.11% Test OOD2: 52.34% Test OOD3: 61.95% 
Epoch: 30, Loss: 2.1206, Cls: 1.0592, Ind: 0.0001, Med: 0.5295, Spu: 0.0000, FD: 0.5318, Var: 0.0000, Ctx: 3, Train: 68.73%, Valid: 64.35%, Test In: 66.90% Test OOD1: 65.33% Test OOD2: 52.59% Test OOD3: 62.34% 
Epoch: 31, Loss: 2.1091, Cls: 1.0530, Ind: 0.0001, Med: 0.5270, Spu: 0.0000, FD: 0.5289, Var: 0.0000, Ctx: 3, Train: 68.73%, Valid: 64.27%, Test In: 66.83% Test OOD1: 65.21% Test OOD2: 52.63% Test OOD3: 62.36% 
Epoch: 32, Loss: 2.1258, Cls: 1.0628, Ind: 0.0001, Med: 0.5327, Spu: 0.0000, FD: 0.5303, Var: 0.0000, Ctx: 3, Train: 69.85%, Valid: 65.08%, Test In: 68.10% Test OOD1: 65.37% Test OOD2: 52.83% Test OOD3: 62.63% 
Epoch: 33, Loss: 2.1009, Cls: 1.0488, Ind: 0.0002, Med: 0.5255, Spu: 0.0000, FD: 0.5263, Var: 0.0000, Ctx: 3, Train: 69.92%, Valid: 65.18%, Test In: 68.16% Test OOD1: 65.42% Test OOD2: 52.87% Test OOD3: 62.68% 
Epoch: 34, Loss: 2.0663, Cls: 1.0324, Ind: 0.0001, Med: 0.5174, Spu: 0.0000, FD: 0.5164, Var: 0.0000, Ctx: 3, Train: 70.05%, Valid: 65.36%, Test In: 68.24% Test OOD1: 65.52% Test OOD2: 52.88% Test OOD3: 62.73% 
Epoch: 35, Loss: 2.0809, Cls: 1.0398, Ind: 0.0001, Med: 0.5207, Spu: 0.0000, FD: 0.5203, Var: 0.0000, Ctx: 3, Train: 70.81%, Valid: 65.95%, Test In: 69.20% Test OOD1: 65.24% Test OOD2: 53.07% Test OOD3: 62.74% 
Epoch: 36, Loss: 2.0907, Cls: 1.0443, Ind: 0.0002, Med: 0.5231, Spu: 0.0000, FD: 0.5231, Var: 0.0000, Ctx: 3, Train: 70.77%, Valid: 66.03%, Test In: 69.03% Test OOD1: 65.58% Test OOD2: 53.02% Test OOD3: 62.85% 
Epoch: 37, Loss: 2.0435, Cls: 1.0213, Ind: 0.0001, Med: 0.5117, Spu: 0.0000, FD: 0.5104, Var: 0.0000, Ctx: 3, Train: 70.95%, Valid: 66.25%, Test In: 69.19% Test OOD1: 65.67% Test OOD2: 53.05% Test OOD3: 62.90% 
Epoch: 38, Loss: 2.0520, Cls: 1.0251, Ind: 0.0001, Med: 0.5133, Spu: 0.0000, FD: 0.5134, Var: 0.0000, Ctx: 3, Train: 71.41%, Valid: 66.53%, Test In: 69.84% Test OOD1: 65.08% Test OOD2: 53.24% Test OOD3: 62.77% 
Epoch: 39, Loss: 2.0576, Cls: 1.0282, Ind: 0.0002, Med: 0.5147, Spu: 0.0000, FD: 0.5146, Var: 0.0000, Ctx: 3, Train: 71.51%, Valid: 66.78%, Test In: 69.88% Test OOD1: 65.45% Test OOD2: 53.22% Test OOD3: 62.89% 
Epoch: 40, Loss: 2.0211, Cls: 1.0103, Ind: 0.0001, Med: 0.5064, Spu: 0.0000, FD: 0.5042, Var: 0.0000, Ctx: 3, Train: 71.59%, Valid: 66.98%, Test In: 69.89% Test OOD1: 65.73% Test OOD2: 53.20% Test OOD3: 62.99% 
Epoch: 41, Loss: 2.0437, Cls: 1.0208, Ind: 0.0001, Med: 0.5107, Spu: 0.0000, FD: 0.5120, Var: 0.0000, Ctx: 3, Train: 71.89%, Valid: 67.11%, Test In: 70.35% Test OOD1: 64.99% Test OOD2: 53.36% Test OOD3: 62.78% 
Epoch: 42, Loss: 2.0242, Cls: 1.0120, Ind: 0.0001, Med: 0.5070, Spu: 0.0000, FD: 0.5050, Var: 0.0000, Ctx: 3, Train: 72.04%, Valid: 67.33%, Test In: 70.51% Test OOD1: 65.03% Test OOD2: 53.40% Test OOD3: 62.81% 
Epoch: 43, Loss: 2.0135, Cls: 1.0068, Ind: 0.0001, Med: 0.5043, Spu: 0.0000, FD: 0.5023, Var: 0.0000, Ctx: 3, Train: 72.12%, Valid: 67.62%, Test In: 70.45% Test OOD1: 65.70% Test OOD2: 53.33% Test OOD3: 63.02% 
Epoch: 44, Loss: 2.0268, Cls: 1.0126, Ind: 0.0001, Med: 0.5061, Spu: 0.0000, FD: 0.5081, Var: 0.0000, Ctx: 3, Train: 72.33%, Valid: 67.74%, Test In: 70.79% Test OOD1: 65.18% Test OOD2: 53.46% Test OOD3: 62.88% 
Epoch: 45, Loss: 1.9996, Cls: 0.9998, Ind: 0.0001, Med: 0.5005, Spu: 0.0000, FD: 0.4992, Var: 0.0000, Ctx: 3, Train: 72.42%, Valid: 67.81%, Test In: 70.98% Test OOD1: 64.73% Test OOD2: 53.52% Test OOD3: 62.75% 
Epoch: 46, Loss: 2.0124, Cls: 1.0064, Ind: 0.0001, Med: 0.5039, Spu: 0.0000, FD: 0.5020, Var: 0.0000, Ctx: 3, Train: 72.56%, Valid: 68.15%, Test In: 70.97% Test OOD1: 65.54% Test OOD2: 53.46% Test OOD3: 63.01% 
Epoch: 47, Loss: 1.9994, Cls: 0.9995, Ind: 0.0001, Med: 0.4999, Spu: 0.0000, FD: 0.5000, Var: 0.0000, Ctx: 3, Train: 72.68%, Valid: 68.31%, Test In: 71.09% Test OOD1: 65.54% Test OOD2: 53.48% Test OOD3: 63.01% 
Epoch: 48, Loss: 1.9946, Cls: 0.9972, Ind: 0.0001, Med: 0.4988, Spu: 0.0000, FD: 0.4985, Var: 0.0000, Ctx: 3, Train: 72.78%, Valid: 68.30%, Test In: 71.35% Test OOD1: 64.84% Test OOD2: 53.59% Test OOD3: 62.82% 
Epoch: 49, Loss: 2.0010, Cls: 1.0004, Ind: 0.0001, Med: 0.5005, Spu: 0.0000, FD: 0.5000, Var: 0.0000, Ctx: 3, Train: 72.90%, Valid: 68.57%, Test In: 71.37% Test OOD1: 65.38% Test OOD2: 53.56% Test OOD3: 63.00% 
Epoch: 50, Loss: 1.9844, Cls: 0.9921, Ind: 0.0001, Med: 0.4964, Spu: 0.0000, FD: 0.4958, Var: 0.0000, Ctx: 3, Train: 72.94%, Valid: 68.74%, Test In: 71.31% Test OOD1: 65.78% Test OOD2: 53.51% Test OOD3: 63.12% 
Epoch: 51, Loss: 1.9946, Cls: 0.9974, Ind: 0.0000, Med: 0.4993, Spu: 0.0000, FD: 0.4978, Var: 0.0000, Ctx: 3, Train: 73.11%, Valid: 68.79%, Test In: 71.64% Test OOD1: 65.11% Test OOD2: 53.64% Test OOD3: 62.95% 
Epoch: 52, Loss: 1.9867, Cls: 0.9930, Ind: 0.0000, Med: 0.4965, Spu: 0.0000, FD: 0.4971, Var: 0.0000, Ctx: 3, Train: 73.25%, Valid: 69.00%, Test In: 71.74% Test OOD1: 65.37% Test OOD2: 53.65% Test OOD3: 63.04% 
Epoch: 53, Loss: 1.9775, Cls: 0.9885, Ind: 0.0000, Med: 0.4944, Spu: 0.0000, FD: 0.4946, Var: 0.0000, Ctx: 3, Train: 73.29%, Valid: 69.21%, Test In: 71.66% Test OOD1: 66.05% Test OOD2: 53.57% Test OOD3: 63.23% 
Epoch: 54, Loss: 1.9885, Cls: 0.9946, Ind: 0.0000, Med: 0.4982, Spu: 0.0000, FD: 0.4957, Var: 0.0000, Ctx: 3, Train: 73.50%, Valid: 69.30%, Test In: 72.05% Test OOD1: 65.24% Test OOD2: 53.73% Test OOD3: 63.01% 
Epoch: 55, Loss: 1.9790, Cls: 0.9891, Ind: 0.0000, Med: 0.4944, Spu: 0.0000, FD: 0.4955, Var: 0.0000, Ctx: 3, Train: 73.61%, Valid: 69.48%, Test In: 72.11% Test OOD1: 65.57% Test OOD2: 53.71% Test OOD3: 63.12% 
Epoch: 56, Loss: 1.9673, Cls: 0.9835, Ind: 0.0000, Med: 0.4919, Spu: 0.0000, FD: 0.4919, Var: 0.0000, Ctx: 3, Train: 73.62%, Valid: 69.62%, Test In: 72.02% Test OOD1: 66.09% Test OOD2: 53.63% Test OOD3: 63.28% 
Epoch: 57, Loss: 1.9792, Cls: 0.9898, Ind: 0.0000, Med: 0.4957, Spu: 0.0000, FD: 0.4937, Var: 0.0000, Ctx: 3, Train: 73.80%, Valid: 69.67%, Test In: 72.39% Test OOD1: 65.07% Test OOD2: 53.80% Test OOD3: 63.01% 
Epoch: 58, Loss: 1.9771, Cls: 0.9883, Ind: 0.0000, Med: 0.4941, Spu: 0.0000, FD: 0.4948, Var: 0.0000, Ctx: 3, Train: 73.90%, Valid: 69.88%, Test In: 72.40% Test OOD1: 65.67% Test OOD2: 53.75% Test OOD3: 63.19% 
Epoch: 59, Loss: 1.9588, Cls: 0.9793, Ind: 0.0000, Med: 0.4900, Spu: 0.0000, FD: 0.4895, Var: 0.0000, Ctx: 3, Train: 73.96%, Valid: 70.00%, Test In: 72.40% Test OOD1: 66.00% Test OOD2: 53.72% Test OOD3: 63.29% 
Epoch: 60, Loss: 1.9674, Cls: 0.9836, Ind: 0.0000, Med: 0.4921, Spu: 0.0000, FD: 0.4916, Var: 0.0000, Ctx: 3, Train: 74.03%, Valid: 69.96%, Test In: 72.67% Test OOD1: 64.83% Test OOD2: 53.86% Test OOD3: 62.99% 
Epoch: 61, Loss: 1.9756, Cls: 0.9876, Ind: 0.0000, Med: 0.4940, Spu: 0.0000, FD: 0.4939, Var: 0.0000, Ctx: 3, Train: 74.17%, Valid: 70.23%, Test In: 72.66% Test OOD1: 65.81% Test OOD2: 53.80% Test OOD3: 63.27% 
Epoch: 62, Loss: 1.9549, Cls: 0.9773, Ind: 0.0000, Med: 0.4889, Spu: 0.0000, FD: 0.4887, Var: 0.0000, Ctx: 3, Train: 74.25%, Valid: 70.34%, Test In: 72.75% Test OOD1: 65.85% Test OOD2: 53.81% Test OOD3: 63.29% 
Epoch: 63, Loss: 1.9534, Cls: 0.9765, Ind: 0.0000, Med: 0.4885, Spu: 0.0000, FD: 0.4883, Var: 0.0000, Ctx: 3, Train: 74.29%, Valid: 70.29%, Test In: 72.92% Test OOD1: 64.90% Test OOD2: 53.90% Test OOD3: 63.04% 
Epoch: 64, Loss: 1.9656, Cls: 0.9826, Ind: 0.0000, Med: 0.4914, Spu: 0.0000, FD: 0.4916, Var: 0.0000, Ctx: 3, Train: 74.41%, Valid: 70.56%, Test In: 72.88% Test OOD1: 66.05% Test OOD2: 53.81% Test OOD3: 63.36% 
Epoch: 65, Loss: 1.9535, Cls: 0.9766, Ind: 0.0000, Med: 0.4887, Spu: 0.0000, FD: 0.4881, Var: 0.0000, Ctx: 3, Train: 74.51%, Valid: 70.64%, Test In: 73.04% Test OOD1: 65.74% Test OOD2: 53.88% Test OOD3: 63.28% 
Epoch: 66, Loss: 1.9424, Cls: 0.9711, Ind: 0.0000, Med: 0.4858, Spu: 0.0000, FD: 0.4855, Var: 0.0000, Ctx: 3, Train: 74.58%, Valid: 70.68%, Test In: 73.16% Test OOD1: 65.37% Test OOD2: 53.92% Test OOD3: 63.20% 
Epoch: 67, Loss: 1.9477, Cls: 0.9736, Ind: 0.0000, Med: 0.4868, Spu: 0.0000, FD: 0.4873, Var: 0.0000, Ctx: 3, Train: 74.61%, Valid: 70.86%, Test In: 73.05% Test OOD1: 66.36% Test OOD2: 53.79% Test OOD3: 63.47% 
Epoch: 68, Loss: 1.9514, Cls: 0.9758, Ind: 0.0000, Med: 0.4885, Spu: 0.0000, FD: 0.4871, Var: 0.0000, Ctx: 3, Train: 74.74%, Valid: 70.90%, Test In: 73.31% Test OOD1: 65.52% Test OOD2: 53.94% Test OOD3: 63.25% 
Epoch: 69, Loss: 1.9443, Cls: 0.9718, Ind: 0.0000, Med: 0.4859, Spu: 0.0000, FD: 0.4865, Var: 0.0000, Ctx: 3, Train: 74.82%, Valid: 71.06%, Test In: 73.29% Test OOD1: 66.15% Test OOD2: 53.86% Test OOD3: 63.43% 
Epoch: 70, Loss: 1.9339, Cls: 0.9669, Ind: 0.0000, Med: 0.4839, Spu: 0.0000, FD: 0.4831, Var: 0.0000, Ctx: 3, Train: 74.89%, Valid: 71.15%, Test In: 73.33% Test OOD1: 66.32% Test OOD2: 53.83% Test OOD3: 63.48% 
Epoch: 71, Loss: 1.9337, Cls: 0.9669, Ind: 0.0000, Med: 0.4839, Spu: 0.0000, FD: 0.4829, Var: 0.0000, Ctx: 3, Train: 74.99%, Valid: 71.21%, Test In: 73.53% Test OOD1: 65.61% Test OOD2: 53.94% Test OOD3: 63.30% 
Epoch: 72, Loss: 1.9398, Cls: 0.9697, Ind: 0.0000, Med: 0.4850, Spu: 0.0000, FD: 0.4851, Var: 0.0000, Ctx: 3, Train: 75.02%, Valid: 71.32%, Test In: 73.41% Test OOD1: 66.67% Test OOD2: 53.78% Test OOD3: 63.58% 
Epoch: 73, Loss: 1.9410, Cls: 0.9704, Ind: 0.0000, Med: 0.4856, Spu: 0.0000, FD: 0.4849, Var: 0.0000, Ctx: 3, Train: 75.16%, Valid: 71.39%, Test In: 73.69% Test OOD1: 65.64% Test OOD2: 53.95% Test OOD3: 63.32% 
Epoch: 74, Loss: 1.9362, Cls: 0.9680, Ind: 0.0000, Med: 0.4842, Spu: 0.0000, FD: 0.4840, Var: 0.0000, Ctx: 3, Train: 75.23%, Valid: 71.53%, Test In: 73.64% Test OOD1: 66.54% Test OOD2: 53.83% Test OOD3: 63.55% 
Epoch: 75, Loss: 1.9265, Cls: 0.9632, Ind: 0.0000, Med: 0.4819, Spu: 0.0000, FD: 0.4814, Var: 0.0000, Ctx: 3, Train: 75.34%, Valid: 71.63%, Test In: 73.80% Test OOD1: 66.22% Test OOD2: 53.89% Test OOD3: 63.47% 
Epoch: 76, Loss: 1.9197, Cls: 0.9598, Ind: 0.0000, Med: 0.4803, Spu: 0.0000, FD: 0.4796, Var: 0.0000, Ctx: 3, Train: 75.43%, Valid: 71.72%, Test In: 73.87% Test OOD1: 66.22% Test OOD2: 53.89% Test OOD3: 63.48% 
Epoch: 77, Loss: 1.9181, Cls: 0.9590, Ind: 0.0000, Med: 0.4799, Spu: 0.0000, FD: 0.4791, Var: 0.0000, Ctx: 3, Train: 75.48%, Valid: 71.81%, Test In: 73.84% Test OOD1: 66.74% Test OOD2: 53.79% Test OOD3: 63.62% 
Epoch: 78, Loss: 1.9208, Cls: 0.9603, Ind: 0.0000, Med: 0.4805, Spu: 0.0000, FD: 0.4799, Var: 0.0000, Ctx: 3, Train: 75.57%, Valid: 71.87%, Test In: 74.03% Test OOD1: 65.77% Test OOD2: 53.94% Test OOD3: 63.36% 
Epoch: 79, Loss: 1.9302, Cls: 0.9650, Ind: 0.0000, Med: 0.4826, Spu: 0.0000, FD: 0.4826, Var: 0.0000, Ctx: 3, Train: 75.53%, Valid: 71.93%, Test In: 73.79% Test OOD1: 67.21% Test OOD2: 53.68% Test OOD3: 63.74% 
Epoch: 80, Loss: 1.9494, Cls: 0.9744, Ind: 0.0000, Med: 0.4873, Spu: 0.0000, FD: 0.4877, Var: 0.0000, Ctx: 3, Train: 75.58%, Valid: 71.90%, Test In: 74.08% Test OOD1: 64.84% Test OOD2: 53.97% Test OOD3: 63.10% 
Epoch: 81, Loss: 1.9865, Cls: 0.9927, Ind: 0.0000, Med: 0.4958, Spu: 0.0000, FD: 0.4979, Var: 0.0000, Ctx: 3, Train: 75.68%, Valid: 72.09%, Test In: 73.90% Test OOD1: 67.26% Test OOD2: 53.68% Test OOD3: 63.76% 
Epoch: 82, Loss: 1.9530, Cls: 0.9762, Ind: 0.0000, Med: 0.4882, Spu: 0.0000, FD: 0.4885, Var: 0.0000, Ctx: 3, Train: 75.86%, Valid: 72.22%, Test In: 74.19% Test OOD1: 66.24% Test OOD2: 53.88% Test OOD3: 63.51% 
Epoch: 83, Loss: 1.9113, Cls: 0.9557, Ind: 0.0000, Med: 0.4781, Spu: 0.0000, FD: 0.4775, Var: 0.0000, Ctx: 3, Train: 75.89%, Valid: 72.24%, Test In: 74.24% Test OOD1: 65.89% Test OOD2: 53.91% Test OOD3: 63.42% 
Epoch: 84, Loss: 1.9237, Cls: 0.9617, Ind: 0.0000, Med: 0.4808, Spu: 0.0000, FD: 0.4812, Var: 0.0000, Ctx: 3, Train: 75.84%, Valid: 72.25%, Test In: 74.00% Test OOD1: 67.32% Test OOD2: 53.68% Test OOD3: 63.79% 
Epoch: 85, Loss: 1.9357, Cls: 0.9680, Ind: 0.0000, Med: 0.4844, Spu: 0.0000, FD: 0.4833, Var: 0.0000, Ctx: 3, Train: 76.00%, Valid: 72.36%, Test In: 74.24% Test OOD1: 66.44% Test OOD2: 53.86% Test OOD3: 63.59% 
Epoch: 86, Loss: 1.9111, Cls: 0.9554, Ind: 0.0000, Med: 0.4778, Spu: 0.0000, FD: 0.4779, Var: 0.0000, Ctx: 3, Train: 76.02%, Valid: 72.39%, Test In: 74.23% Test OOD1: 66.64% Test OOD2: 53.83% Test OOD3: 63.64% 
Epoch: 87, Loss: 1.9081, Cls: 0.9540, Ind: 0.0000, Med: 0.4771, Spu: 0.0000, FD: 0.4771, Var: 0.0000, Ctx: 3, Train: 75.88%, Valid: 72.30%, Test In: 73.97% Test OOD1: 67.50% Test OOD2: 53.62% Test OOD3: 63.85% 
Epoch: 88, Loss: 1.9262, Cls: 0.9632, Ind: 0.0000, Med: 0.4820, Spu: 0.0000, FD: 0.4809, Var: 0.0000, Ctx: 3, Train: 76.10%, Valid: 72.46%, Test In: 74.30% Test OOD1: 66.42% Test OOD2: 53.87% Test OOD3: 63.59% 
Epoch: 89, Loss: 1.9166, Cls: 0.9582, Ind: 0.0000, Med: 0.4792, Spu: 0.0000, FD: 0.4792, Var: 0.0000, Ctx: 3, Train: 76.12%, Valid: 72.48%, Test In: 74.27% Test OOD1: 66.92% Test OOD2: 53.79% Test OOD3: 63.72% 
Epoch: 90, Loss: 1.8987, Cls: 0.9494, Ind: 0.0000, Med: 0.4750, Spu: 0.0000, FD: 0.4743, Var: 0.0000, Ctx: 3, Train: 76.12%, Valid: 72.49%, Test In: 74.23% Test OOD1: 67.22% Test OOD2: 53.73% Test OOD3: 63.80% 
Epoch: 91, Loss: 1.9104, Cls: 0.9551, Ind: 0.0000, Med: 0.4776, Spu: 0.0000, FD: 0.4777, Var: 0.0000, Ctx: 3, Train: 76.19%, Valid: 72.52%, Test In: 74.38% Test OOD1: 65.86% Test OOD2: 53.92% Test OOD3: 63.44% 
Epoch: 92, Loss: 1.9181, Cls: 0.9591, Ind: 0.0000, Med: 0.4799, Spu: 0.0000, FD: 0.4790, Var: 0.0000, Ctx: 3, Train: 76.26%, Valid: 72.59%, Test In: 74.35% Test OOD1: 66.82% Test OOD2: 53.82% Test OOD3: 63.70% 
Epoch: 93, Loss: 1.8995, Cls: 0.9496, Ind: 0.0000, Med: 0.4749, Spu: 0.0000, FD: 0.4749, Var: 0.0000, Ctx: 3, Train: 76.31%, Valid: 72.62%, Test In: 74.37% Test OOD1: 66.76% Test OOD2: 53.83% Test OOD3: 63.69% 
Epoch: 94, Loss: 1.8962, Cls: 0.9481, Ind: 0.0000, Med: 0.4742, Spu: 0.0000, FD: 0.4739, Var: 0.0000, Ctx: 3, Train: 76.33%, Valid: 72.61%, Test In: 74.41% Test OOD1: 66.02% Test OOD2: 53.92% Test OOD3: 63.50% 
Epoch: 95, Loss: 1.9092, Cls: 0.9545, Ind: 0.0000, Med: 0.4773, Spu: 0.0000, FD: 0.4773, Var: 0.0000, Ctx: 3, Train: 76.36%, Valid: 72.64%, Test In: 74.33% Test OOD1: 67.23% Test OOD2: 53.76% Test OOD3: 63.83% 
Epoch: 96, Loss: 1.9069, Cls: 0.9535, Ind: 0.0000, Med: 0.4771, Spu: 0.0000, FD: 0.4763, Var: 0.0000, Ctx: 3, Train: 76.45%, Valid: 72.69%, Test In: 74.43% Test OOD1: 66.51% Test OOD2: 53.87% Test OOD3: 63.66% 
Epoch: 97, Loss: 1.8948, Cls: 0.9472, Ind: 0.0000, Med: 0.4737, Spu: 0.0000, FD: 0.4738, Var: 0.0000, Ctx: 3, Train: 76.49%, Valid: 72.71%, Test In: 74.42% Test OOD1: 66.79% Test OOD2: 53.84% Test OOD3: 63.74% 
Epoch: 98, Loss: 1.8883, Cls: 0.9441, Ind: 0.0000, Med: 0.4723, Spu: 0.0000, FD: 0.4719, Var: 0.0000, Ctx: 3, Train: 76.52%, Valid: 72.73%, Test In: 74.41% Test OOD1: 67.07% Test OOD2: 53.79% Test OOD3: 63.83% 
Epoch: 99, Loss: 1.8935, Cls: 0.9468, Ind: 0.0000, Med: 0.4737, Spu: 0.0000, FD: 0.4730, Var: 0.0000, Ctx: 3, Train: 76.56%, Valid: 72.74%, Test In: 74.44% Test OOD1: 66.11% Test OOD2: 53.92% Test OOD3: 63.57% 
Epoch: 100, Loss: 1.9008, Cls: 0.9503, Ind: 0.0000, Med: 0.4752, Spu: 0.0000, FD: 0.4753, Var: 0.0000, Ctx: 3, Train: 76.62%, Valid: 72.78%, Test In: 74.45% Test OOD1: 67.02% Test OOD2: 53.81% Test OOD3: 63.82% 
Epoch: 101, Loss: 1.8978, Cls: 0.9488, Ind: 0.0000, Med: 0.4744, Spu: 0.0000, FD: 0.4746, Var: 0.0000, Ctx: 3, Train: 76.65%, Valid: 72.78%, Test In: 74.47% Test OOD1: 66.25% Test OOD2: 53.91% Test OOD3: 63.63% 
Epoch: 102, Loss: 1.8892, Cls: 0.9446, Ind: 0.0000, Med: 0.4726, Spu: 0.0000, FD: 0.4720, Var: 0.0000, Ctx: 3, Train: 76.72%, Valid: 72.82%, Test In: 74.48% Test OOD1: 66.74% Test OOD2: 53.85% Test OOD3: 63.77% 
Epoch: 103, Loss: 1.8829, Cls: 0.9414, Ind: 0.0000, Med: 0.4709, Spu: 0.0000, FD: 0.4705, Var: 0.0000, Ctx: 3, Train: 76.74%, Valid: 72.83%, Test In: 74.47% Test OOD1: 67.01% Test OOD2: 53.82% Test OOD3: 63.86% 
Epoch: 104, Loss: 1.8843, Cls: 0.9421, Ind: 0.0000, Med: 0.4712, Spu: 0.0000, FD: 0.4709, Var: 0.0000, Ctx: 3, Train: 76.78%, Valid: 72.83%, Test In: 74.48% Test OOD1: 66.50% Test OOD2: 53.90% Test OOD3: 63.73% 
Epoch: 105, Loss: 1.8900, Cls: 0.9450, Ind: 0.0000, Med: 0.4726, Spu: 0.0000, FD: 0.4724, Var: 0.0000, Ctx: 3, Train: 76.79%, Valid: 72.84%, Test In: 74.45% Test OOD1: 67.33% Test OOD2: 53.78% Test OOD3: 63.96% 
Epoch: 106, Loss: 1.8933, Cls: 0.9466, Ind: 0.0000, Med: 0.4735, Spu: 0.0000, FD: 0.4732, Var: 0.0000, Ctx: 3, Train: 76.85%, Valid: 72.82%, Test In: 74.48% Test OOD1: 66.36% Test OOD2: 53.93% Test OOD3: 63.69% 
Epoch: 107, Loss: 1.8927, Cls: 0.9463, Ind: 0.0000, Med: 0.4732, Spu: 0.0000, FD: 0.4732, Var: 0.0000, Ctx: 3, Train: 76.90%, Valid: 72.86%, Test In: 74.50% Test OOD1: 67.10% Test OOD2: 53.84% Test OOD3: 63.91% 
Epoch: 108, Loss: 1.8858, Cls: 0.9429, Ind: 0.0000, Med: 0.4716, Spu: 0.0000, FD: 0.4713, Var: 0.0000, Ctx: 3, Train: 76.94%, Valid: 72.85%, Test In: 74.50% Test OOD1: 66.62% Test OOD2: 53.93% Test OOD3: 63.78% 
Epoch: 109, Loss: 1.8789, Cls: 0.9394, Ind: 0.0000, Med: 0.4699, Spu: 0.0000, FD: 0.4696, Var: 0.0000, Ctx: 3, Train: 76.98%, Valid: 72.86%, Test In: 74.51% Test OOD1: 66.85% Test OOD2: 53.91% Test OOD3: 63.86% 
Epoch: 110, Loss: 1.8760, Cls: 0.9380, Ind: 0.0000, Med: 0.4692, Spu: 0.0000, FD: 0.4688, Var: 0.0000, Ctx: 3, Train: 76.99%, Valid: 72.87%, Test In: 74.52% Test OOD1: 67.18% Test OOD2: 53.87% Test OOD3: 63.97% 
Epoch: 111, Loss: 1.8780, Cls: 0.9390, Ind: 0.0000, Med: 0.4698, Spu: 0.0000, FD: 0.4692, Var: 0.0000, Ctx: 3, Train: 77.03%, Valid: 72.85%, Test In: 74.52% Test OOD1: 66.70% Test OOD2: 53.96% Test OOD3: 63.83% 
Epoch: 112, Loss: 1.8836, Cls: 0.9416, Ind: 0.0000, Med: 0.4708, Spu: 0.0000, FD: 0.4711, Var: 0.0000, Ctx: 3, Train: 77.02%, Valid: 72.88%, Test In: 74.52% Test OOD1: 67.42% Test OOD2: 53.83% Test OOD3: 64.04% 
Epoch: 113, Loss: 1.8907, Cls: 0.9453, Ind: 0.0000, Med: 0.4729, Spu: 0.0000, FD: 0.4725, Var: 0.0000, Ctx: 3, Train: 77.06%, Valid: 72.81%, Test In: 74.49% Test OOD1: 66.21% Test OOD2: 54.06% Test OOD3: 63.68% 
Epoch: 114, Loss: 1.9010, Cls: 0.9504, Ind: 0.0000, Med: 0.4752, Spu: 0.0000, FD: 0.4754, Var: 0.0000, Ctx: 3, Train: 77.10%, Valid: 72.91%, Test In: 74.54% Test OOD1: 67.30% Test OOD2: 53.88% Test OOD3: 64.02% 
Epoch: 115, Loss: 1.9019, Cls: 0.9507, Ind: 0.0000, Med: 0.4752, Spu: 0.0000, FD: 0.4760, Var: 0.0000, Ctx: 3, Train: 77.12%, Valid: 72.81%, Test In: 74.49% Test OOD1: 66.25% Test OOD2: 54.10% Test OOD3: 63.71% 
Epoch: 116, Loss: 1.8933, Cls: 0.9466, Ind: 0.0000, Med: 0.4735, Spu: 0.0000, FD: 0.4732, Var: 0.0000, Ctx: 3, Train: 77.18%, Valid: 72.91%, Test In: 74.54% Test OOD1: 67.22% Test OOD2: 53.93% Test OOD3: 64.03% 
Epoch: 117, Loss: 1.8754, Cls: 0.9376, Ind: 0.0000, Med: 0.4689, Spu: 0.0000, FD: 0.4688, Var: 0.0000, Ctx: 3, Train: 77.20%, Valid: 72.90%, Test In: 74.54% Test OOD1: 67.29% Test OOD2: 53.94% Test OOD3: 64.07% 
Epoch: 118, Loss: 1.8699, Cls: 0.9349, Ind: 0.0000, Med: 0.4676, Spu: 0.0000, FD: 0.4673, Var: 0.0000, Ctx: 3, Train: 77.24%, Valid: 72.88%, Test In: 74.55% Test OOD1: 67.08% Test OOD2: 54.02% Test OOD3: 64.01% 
Epoch: 119, Loss: 1.8786, Cls: 0.9392, Ind: 0.0000, Med: 0.4696, Spu: 0.0000, FD: 0.4699, Var: 0.0000, Ctx: 3, Train: 77.15%, Valid: 72.91%, Test In: 74.52% Test OOD1: 67.72% Test OOD2: 53.83% Test OOD3: 64.19% 
Epoch: 120, Loss: 1.8878, Cls: 0.9440, Ind: 0.0000, Med: 0.4723, Spu: 0.0000, FD: 0.4716, Var: 0.0000, Ctx: 3, Train: 77.28%, Valid: 72.88%, Test In: 74.59% Test OOD1: 66.67% Test OOD2: 54.14% Test OOD3: 63.87% 
Epoch: 121, Loss: 1.8880, Cls: 0.9439, Ind: 0.0000, Med: 0.4720, Spu: 0.0000, FD: 0.4721, Var: 0.0000, Ctx: 3, Train: 77.29%, Valid: 72.96%, Test In: 74.64% Test OOD1: 67.25% Test OOD2: 54.00% Test OOD3: 64.06% 
Epoch: 122, Loss: 1.8745, Cls: 0.9372, Ind: 0.0000, Med: 0.4687, Spu: 0.0000, FD: 0.4686, Var: 0.0000, Ctx: 3, Train: 77.34%, Valid: 72.94%, Test In: 74.63% Test OOD1: 66.96% Test OOD2: 54.09% Test OOD3: 63.98% 
Epoch: 123, Loss: 1.8664, Cls: 0.9331, Ind: 0.0000, Med: 0.4667, Spu: 0.0000, FD: 0.4665, Var: 0.0000, Ctx: 3, Train: 77.37%, Valid: 72.91%, Test In: 74.61% Test OOD1: 66.86% Test OOD2: 54.15% Test OOD3: 63.97% 
Epoch: 124, Loss: 1.8709, Cls: 0.9354, Ind: 0.0000, Med: 0.4678, Spu: 0.0000, FD: 0.4677, Var: 0.0000, Ctx: 3, Train: 77.31%, Valid: 72.95%, Test In: 74.58% Test OOD1: 67.61% Test OOD2: 53.94% Test OOD3: 64.21% 
Epoch: 125, Loss: 1.8788, Cls: 0.9395, Ind: 0.0000, Med: 0.4700, Spu: 0.0000, FD: 0.4694, Var: 0.0000, Ctx: 3, Train: 77.41%, Valid: 72.88%, Test In: 74.58% Test OOD1: 66.87% Test OOD2: 54.19% Test OOD3: 64.00% 
Epoch: 126, Loss: 1.8807, Cls: 0.9402, Ind: 0.0000, Med: 0.4700, Spu: 0.0000, FD: 0.4705, Var: 0.0000, Ctx: 3, Train: 77.40%, Valid: 72.98%, Test In: 74.63% Test OOD1: 67.46% Test OOD2: 54.01% Test OOD3: 64.17% 
Epoch: 127, Loss: 1.8725, Cls: 0.9362, Ind: 0.0000, Med: 0.4683, Spu: 0.0000, FD: 0.4679, Var: 0.0000, Ctx: 3, Train: 77.47%, Valid: 72.95%, Test In: 74.65% Test OOD1: 66.84% Test OOD2: 54.21% Test OOD3: 63.96% 
Epoch: 128, Loss: 1.8640, Cls: 0.9320, Ind: 0.0000, Med: 0.4661, Spu: 0.0000, FD: 0.4658, Var: 0.0000, Ctx: 3, Train: 77.49%, Valid: 72.97%, Test In: 74.67% Test OOD1: 66.88% Test OOD2: 54.21% Test OOD3: 63.97% 
Epoch: 129, Loss: 1.8617, Cls: 0.9309, Ind: 0.0000, Med: 0.4656, Spu: 0.0000, FD: 0.4653, Var: 0.0000, Ctx: 3, Train: 77.51%, Valid: 73.01%, Test In: 74.67% Test OOD1: 67.27% Test OOD2: 54.11% Test OOD3: 64.10% 
Epoch: 130, Loss: 1.8652, Cls: 0.9326, Ind: 0.0000, Med: 0.4664, Spu: 0.0000, FD: 0.4662, Var: 0.0000, Ctx: 3, Train: 77.56%, Valid: 72.94%, Test In: 74.62% Test OOD1: 66.86% Test OOD2: 54.26% Test OOD3: 63.98% 
Epoch: 131, Loss: 1.8695, Cls: 0.9347, Ind: 0.0000, Med: 0.4674, Spu: 0.0000, FD: 0.4674, Var: 0.0000, Ctx: 3, Train: 77.52%, Valid: 73.00%, Test In: 74.63% Test OOD1: 67.56% Test OOD2: 54.03% Test OOD3: 64.21% 
Epoch: 132, Loss: 1.8704, Cls: 0.9352, Ind: 0.0000, Med: 0.4678, Spu: 0.0000, FD: 0.4674, Var: 0.0000, Ctx: 3, Train: 77.61%, Valid: 72.95%, Test In: 74.61% Test OOD1: 66.84% Test OOD2: 54.28% Test OOD3: 63.97% 
Epoch: 133, Loss: 1.8680, Cls: 0.9340, Ind: 0.0000, Med: 0.4671, Spu: 0.0000, FD: 0.4670, Var: 0.0000, Ctx: 3, Train: 77.63%, Valid: 73.03%, Test In: 74.68% Test OOD1: 67.28% Test OOD2: 54.14% Test OOD3: 64.11% 
Epoch: 134, Loss: 1.8628, Cls: 0.9314, Ind: 0.0000, Med: 0.4658, Spu: 0.0000, FD: 0.4656, Var: 0.0000, Ctx: 3, Train: 77.66%, Valid: 72.98%, Test In: 74.66% Test OOD1: 66.88% Test OOD2: 54.28% Test OOD3: 63.96% 
Epoch: 135, Loss: 1.8578, Cls: 0.9289, Ind: 0.0000, Med: 0.4646, Spu: 0.0000, FD: 0.4642, Var: 0.0000, Ctx: 3, Train: 77.70%, Valid: 73.02%, Test In: 74.68% Test OOD1: 67.09% Test OOD2: 54.24% Test OOD3: 64.04% 
Epoch: 136, Loss: 1.8551, Cls: 0.9275, Ind: 0.0000, Med: 0.4639, Spu: 0.0000, FD: 0.4636, Var: 0.0000, Ctx: 3, Train: 77.71%, Valid: 73.04%, Test In: 74.67% Test OOD1: 67.34% Test OOD2: 54.16% Test OOD3: 64.13% 
Epoch: 137, Loss: 1.8559, Cls: 0.9280, Ind: 0.0000, Med: 0.4641, Spu: 0.0000, FD: 0.4638, Var: 0.0000, Ctx: 3, Train: 77.75%, Valid: 72.99%, Test In: 74.63% Test OOD1: 66.97% Test OOD2: 54.31% Test OOD3: 64.01% 
Epoch: 138, Loss: 1.8601, Cls: 0.9300, Ind: 0.0000, Med: 0.4651, Spu: 0.0000, FD: 0.4650, Var: 0.0000, Ctx: 3, Train: 77.74%, Valid: 73.07%, Test In: 74.69% Test OOD1: 67.44% Test OOD2: 54.12% Test OOD3: 64.17% 
Epoch: 139, Loss: 1.8676, Cls: 0.9337, Ind: 0.0000, Med: 0.4669, Spu: 0.0000, FD: 0.4669, Var: 0.0000, Ctx: 3, Train: 77.75%, Valid: 72.86%, Test In: 74.52% Test OOD1: 66.26% Test OOD2: 54.47% Test OOD3: 63.73% 
Epoch: 140, Loss: 1.8834, Cls: 0.9417, Ind: 0.0000, Med: 0.4710, Spu: 0.0000, FD: 0.4707, Var: 0.0000, Ctx: 3, Train: 77.79%, Valid: 73.09%, Test In: 74.73% Test OOD1: 67.41% Test OOD2: 54.14% Test OOD3: 64.17% 
Epoch: 141, Loss: 1.8957, Cls: 0.9475, Ind: 0.0000, Med: 0.4735, Spu: 0.0000, FD: 0.4746, Var: 0.0000, Ctx: 3, Train: 77.79%, Valid: 72.85%, Test In: 74.50% Test OOD1: 66.19% Test OOD2: 54.53% Test OOD3: 63.68% 
Epoch: 142, Loss: 1.8992, Cls: 0.9495, Ind: 0.0000, Med: 0.4748, Spu: 0.0000, FD: 0.4749, Var: 0.0000, Ctx: 3, Train: 77.82%, Valid: 73.10%, Test In: 74.69% Test OOD1: 67.57% Test OOD2: 54.12% Test OOD3: 64.22% 
Epoch: 143, Loss: 1.8707, Cls: 0.9353, Ind: 0.0000, Med: 0.4678, Spu: 0.0000, FD: 0.4675, Var: 0.0000, Ctx: 3, Train: 77.90%, Valid: 73.07%, Test In: 74.64% Test OOD1: 67.27% Test OOD2: 54.28% Test OOD3: 64.11% 
Epoch: 144, Loss: 1.8505, Cls: 0.9252, Ind: 0.0000, Med: 0.4627, Spu: 0.0000, FD: 0.4626, Var: 0.0000, Ctx: 3, Train: 77.93%, Valid: 73.07%, Test In: 74.66% Test OOD1: 67.23% Test OOD2: 54.33% Test OOD3: 64.08% 
Epoch: 145, Loss: 1.8562, Cls: 0.9280, Ind: 0.0000, Med: 0.4640, Spu: 0.0000, FD: 0.4642, Var: 0.0000, Ctx: 3, Train: 77.79%, Valid: 73.11%, Test In: 74.69% Test OOD1: 67.80% Test OOD2: 54.07% Test OOD3: 64.32% 
Epoch: 146, Loss: 1.8711, Cls: 0.9356, Ind: 0.0000, Med: 0.4681, Spu: 0.0000, FD: 0.4673, Var: 0.0000, Ctx: 3, Train: 77.98%, Valid: 73.00%, Test In: 74.65% Test OOD1: 66.83% Test OOD2: 54.49% Test OOD3: 63.93% 
Epoch: 147, Loss: 1.8712, Cls: 0.9355, Ind: 0.0000, Med: 0.4677, Spu: 0.0000, FD: 0.4679, Var: 0.0000, Ctx: 3, Train: 77.99%, Valid: 73.10%, Test In: 74.73% Test OOD1: 67.36% Test OOD2: 54.30% Test OOD3: 64.17% 
Epoch: 148, Loss: 1.8517, Cls: 0.9258, Ind: 0.0000, Med: 0.4630, Spu: 0.0000, FD: 0.4629, Var: 0.0000, Ctx: 3, Train: 78.00%, Valid: 73.08%, Test In: 74.70% Test OOD1: 67.27% Test OOD2: 54.34% Test OOD3: 64.16% 
Epoch: 149, Loss: 1.8479, Cls: 0.9239, Ind: 0.0000, Med: 0.4620, Spu: 0.0000, FD: 0.4620, Var: 0.0000, Ctx: 3, Train: 78.04%, Valid: 73.00%, Test In: 74.63% Test OOD1: 66.82% Test OOD2: 54.51% Test OOD3: 63.98% 
Epoch: 150, Loss: 1.8602, Cls: 0.9300, Ind: 0.0000, Med: 0.4651, Spu: 0.0000, FD: 0.4650, Var: 0.0000, Ctx: 3, Train: 77.94%, Valid: 73.14%, Test In: 74.79% Test OOD1: 67.62% Test OOD2: 54.19% Test OOD3: 64.27% 
Epoch: 151, Loss: 1.8663, Cls: 0.9332, Ind: 0.0000, Med: 0.4668, Spu: 0.0000, FD: 0.4664, Var: 0.0000, Ctx: 3, Train: 78.09%, Valid: 72.99%, Test In: 74.67% Test OOD1: 66.67% Test OOD2: 54.58% Test OOD3: 63.88% 
Epoch: 152, Loss: 1.8620, Cls: 0.9310, Ind: 0.0000, Med: 0.4656, Spu: 0.0000, FD: 0.4653, Var: 0.0000, Ctx: 3, Train: 78.11%, Valid: 73.10%, Test In: 74.73% Test OOD1: 67.24% Test OOD2: 54.37% Test OOD3: 64.13% 
Epoch: 153, Loss: 1.8468, Cls: 0.9234, Ind: 0.0000, Med: 0.4617, Spu: 0.0000, FD: 0.4617, Var: 0.0000, Ctx: 3, Train: 78.14%, Valid: 73.07%, Test In: 74.64% Test OOD1: 67.12% Test OOD2: 54.41% Test OOD3: 64.10% 
Epoch: 154, Loss: 1.8421, Cls: 0.9210, Ind: 0.0000, Med: 0.4606, Spu: 0.0000, FD: 0.4605, Var: 0.0000, Ctx: 3, Train: 78.18%, Valid: 73.01%, Test In: 74.56% Test OOD1: 66.88% Test OOD2: 54.49% Test OOD3: 63.98% 
Epoch: 155, Loss: 1.8486, Cls: 0.9242, Ind: 0.0000, Med: 0.4622, Spu: 0.0000, FD: 0.4621, Var: 0.0000, Ctx: 3, Train: 78.14%, Valid: 73.16%, Test In: 74.74% Test OOD1: 67.54% Test OOD2: 54.25% Test OOD3: 64.20% 
Epoch: 156, Loss: 1.8546, Cls: 0.9273, Ind: 0.0000, Med: 0.4638, Spu: 0.0000, FD: 0.4635, Var: 0.0000, Ctx: 3, Train: 78.24%, Valid: 73.00%, Test In: 74.60% Test OOD1: 66.72% Test OOD2: 54.57% Test OOD3: 63.84% 
Epoch: 157, Loss: 1.8555, Cls: 0.9277, Ind: 0.0000, Med: 0.4639, Spu: 0.0000, FD: 0.4638, Var: 0.0000, Ctx: 3, Train: 78.26%, Valid: 73.13%, Test In: 74.67% Test OOD1: 67.35% Test OOD2: 54.33% Test OOD3: 64.13% 
Epoch: 158, Loss: 1.8456, Cls: 0.9228, Ind: 0.0000, Med: 0.4615, Spu: 0.0000, FD: 0.4613, Var: 0.0000, Ctx: 3, Train: 78.30%, Valid: 73.03%, Test In: 74.53% Test OOD1: 66.98% Test OOD2: 54.43% Test OOD3: 63.99% 
Epoch: 159, Loss: 1.8378, Cls: 0.9189, Ind: 0.0000, Med: 0.4595, Spu: 0.0000, FD: 0.4594, Var: 0.0000, Ctx: 3, Train: 78.36%, Valid: 73.07%, Test In: 74.59% Test OOD1: 67.01% Test OOD2: 54.45% Test OOD3: 63.99% 
Epoch: 160, Loss: 1.8357, Cls: 0.9178, Ind: 0.0000, Med: 0.4590, Spu: 0.0000, FD: 0.4588, Var: 0.0000, Ctx: 3, Train: 78.34%, Valid: 73.16%, Test In: 74.72% Test OOD1: 67.27% Test OOD2: 54.36% Test OOD3: 64.08% 
Epoch: 161, Loss: 1.8400, Cls: 0.9200, Ind: 0.0000, Med: 0.4601, Spu: 0.0000, FD: 0.4599, Var: 0.0000, Ctx: 3, Train: 78.40%, Valid: 72.99%, Test In: 74.55% Test OOD1: 66.54% Test OOD2: 54.59% Test OOD3: 63.75% 
Epoch: 162, Loss: 1.8481, Cls: 0.9241, Ind: 0.0000, Med: 0.4622, Spu: 0.0000, FD: 0.4619, Var: 0.0000, Ctx: 3, Train: 78.39%, Valid: 73.18%, Test In: 74.70% Test OOD1: 67.27% Test OOD2: 54.31% Test OOD3: 64.10% 
Epoch: 163, Loss: 1.8562, Cls: 0.9280, Ind: 0.0000, Med: 0.4640, Spu: 0.0000, FD: 0.4642, Var: 0.0000, Ctx: 3, Train: 78.34%, Valid: 72.78%, Test In: 74.24% Test OOD1: 66.08% Test OOD2: 54.61% Test OOD3: 63.57% 
Epoch: 164, Loss: 1.8693, Cls: 0.9347, Ind: 0.0000, Med: 0.4674, Spu: 0.0000, FD: 0.4672, Var: 0.0000, Ctx: 3, Train: 78.46%, Valid: 73.17%, Test In: 74.70% Test OOD1: 67.23% Test OOD2: 54.32% Test OOD3: 64.07% 
Epoch: 165, Loss: 1.8662, Cls: 0.9329, Ind: 0.0000, Med: 0.4664, Spu: 0.0000, FD: 0.4669, Var: 0.0000, Ctx: 3, Train: 78.51%, Valid: 72.92%, Test In: 74.45% Test OOD1: 66.35% Test OOD2: 54.63% Test OOD3: 63.61% 
Epoch: 166, Loss: 1.8549, Cls: 0.9275, Ind: 0.0000, Med: 0.4639, Spu: 0.0000, FD: 0.4635, Var: 0.0000, Ctx: 3, Train: 78.51%, Valid: 73.19%, Test In: 74.67% Test OOD1: 67.34% Test OOD2: 54.32% Test OOD3: 64.10% 
Epoch: 167, Loss: 1.8346, Cls: 0.9173, Ind: 0.0000, Med: 0.4588, Spu: 0.0000, FD: 0.4585, Var: 0.0000, Ctx: 3, Train: 78.55%, Valid: 73.15%, Test In: 74.59% Test OOD1: 67.20% Test OOD2: 54.38% Test OOD3: 64.05% 
Epoch: 168, Loss: 1.8283, Cls: 0.9141, Ind: 0.0000, Med: 0.4572, Spu: 0.0000, FD: 0.4570, Var: 0.0000, Ctx: 3, Train: 78.64%, Valid: 73.05%, Test In: 74.52% Test OOD1: 66.83% Test OOD2: 54.52% Test OOD3: 63.85% 
Epoch: 169, Loss: 1.8341, Cls: 0.9170, Ind: 0.0000, Med: 0.4585, Spu: 0.0000, FD: 0.4586, Var: 0.0000, Ctx: 3, Train: 78.58%, Valid: 73.19%, Test In: 74.71% Test OOD1: 67.26% Test OOD2: 54.34% Test OOD3: 64.06% 
Epoch: 170, Loss: 1.8423, Cls: 0.9211, Ind: 0.0000, Med: 0.4607, Spu: 0.0000, FD: 0.4604, Var: 0.0000, Ctx: 3, Train: 78.68%, Valid: 72.91%, Test In: 74.42% Test OOD1: 66.30% Test OOD2: 54.64% Test OOD3: 63.59% 
Epoch: 171, Loss: 1.8442, Cls: 0.9221, Ind: 0.0000, Med: 0.4611, Spu: 0.0000, FD: 0.4610, Var: 0.0000, Ctx: 3, Train: 78.68%, Valid: 73.16%, Test In: 74.65% Test OOD1: 67.08% Test OOD2: 54.41% Test OOD3: 64.00% 
Epoch: 172, Loss: 1.8339, Cls: 0.9170, Ind: 0.0000, Med: 0.4586, Spu: 0.0000, FD: 0.4584, Var: 0.0000, Ctx: 3, Train: 78.73%, Valid: 73.01%, Test In: 74.46% Test OOD1: 66.65% Test OOD2: 54.54% Test OOD3: 63.79% 
Epoch: 173, Loss: 1.8261, Cls: 0.9130, Ind: 0.0000, Med: 0.4566, Spu: 0.0000, FD: 0.4565, Var: 0.0000, Ctx: 3, Train: 78.78%, Valid: 73.10%, Test In: 74.60% Test OOD1: 66.83% Test OOD2: 54.51% Test OOD3: 63.85% 
Epoch: 174, Loss: 1.8209, Cls: 0.9104, Ind: 0.0000, Med: 0.4553, Spu: 0.0000, FD: 0.4551, Var: 0.0000, Ctx: 3, Train: 78.80%, Valid: 73.09%, Test In: 74.61% Test OOD1: 66.79% Test OOD2: 54.50% Test OOD3: 63.78% 
Epoch: 175, Loss: 1.8209, Cls: 0.9104, Ind: 0.0000, Med: 0.4553, Spu: 0.0000, FD: 0.4551, Var: 0.0000, Ctx: 3, Train: 78.88%, Valid: 72.96%, Test In: 74.42% Test OOD1: 66.45% Test OOD2: 54.58% Test OOD3: 63.62% 
Epoch: 176, Loss: 1.8224, Cls: 0.9112, Ind: 0.0000, Med: 0.4557, Spu: 0.0000, FD: 0.4554, Var: 0.0000, Ctx: 3, Train: 78.87%, Valid: 73.11%, Test In: 74.50% Test OOD1: 66.93% Test OOD2: 54.41% Test OOD3: 63.90% 
Epoch: 177, Loss: 1.8276, Cls: 0.9138, Ind: 0.0000, Med: 0.4569, Spu: 0.0000, FD: 0.4569, Var: 0.0000, Ctx: 3, Train: 78.89%, Valid: 72.82%, Test In: 74.17% Test OOD1: 66.19% Test OOD2: 54.60% Test OOD3: 63.48% 
Epoch: 178, Loss: 1.8386, Cls: 0.9193, Ind: 0.0000, Med: 0.4598, Spu: 0.0000, FD: 0.4596, Var: 0.0000, Ctx: 3, Train: 78.83%, Valid: 73.20%, Test In: 74.63% Test OOD1: 67.10% Test OOD2: 54.32% Test OOD3: 63.89% 
Epoch: 179, Loss: 1.8591, Cls: 0.9294, Ind: 0.0000, Med: 0.4647, Spu: 0.0000, FD: 0.4649, Var: 0.0000, Ctx: 3, Train: 78.74%, Valid: 72.49%, Test In: 73.97% Test OOD1: 65.35% Test OOD2: 54.72% Test OOD3: 62.94% 
Epoch: 180, Loss: 1.9023, Cls: 0.9512, Ind: 0.0000, Med: 0.4758, Spu: 0.0000, FD: 0.4752, Var: 0.0000, Ctx: 3, Train: 78.96%, Valid: 73.10%, Test In: 74.37% Test OOD1: 67.03% Test OOD2: 54.25% Test OOD3: 63.96% 
Epoch: 181, Loss: 1.8938, Cls: 0.9466, Ind: 0.0000, Med: 0.4731, Spu: 0.0000, FD: 0.4740, Var: 0.0000, Ctx: 3, Train: 78.73%, Valid: 72.78%, Test In: 73.98% Test OOD1: 66.54% Test OOD2: 54.48% Test OOD3: 63.65% 
Epoch: 182, Loss: 1.8494, Cls: 0.9245, Ind: 0.0000, Med: 0.4621, Spu: 0.0000, FD: 0.4627, Var: 0.0000, Ctx: 3, Train: 78.88%, Valid: 73.27%, Test In: 74.57% Test OOD1: 67.42% Test OOD2: 54.30% Test OOD3: 64.05% 
Epoch: 183, Loss: 1.8173, Cls: 0.9086, Ind: 0.0000, Med: 0.4544, Spu: 0.0000, FD: 0.4543, Var: 0.0000, Ctx: 3, Train: 78.62%, Valid: 73.29%, Test In: 74.71% Test OOD1: 67.48% Test OOD2: 54.25% Test OOD3: 64.03% 
Epoch: 184, Loss: 1.8336, Cls: 0.9169, Ind: 0.0000, Med: 0.4587, Spu: 0.0000, FD: 0.4580, Var: 0.0000, Ctx: 3, Train: 78.92%, Valid: 72.93%, Test In: 74.45% Test OOD1: 66.10% Test OOD2: 54.68% Test OOD3: 63.30% 
Epoch: 185, Loss: 1.8531, Cls: 0.9265, Ind: 0.0000, Med: 0.4634, Spu: 0.0000, FD: 0.4632, Var: 0.0000, Ctx: 3, Train: 79.12%, Valid: 73.19%, Test In: 74.51% Test OOD1: 66.87% Test OOD2: 54.40% Test OOD3: 63.84% 
Epoch: 186, Loss: 1.8299, Cls: 0.9148, Ind: 0.0000, Med: 0.4573, Spu: 0.0000, FD: 0.4578, Var: 0.0000, Ctx: 3, Train: 78.85%, Valid: 73.13%, Test In: 74.35% Test OOD1: 66.99% Test OOD2: 54.40% Test OOD3: 63.99% 
Epoch: 187, Loss: 1.8227, Cls: 0.9112, Ind: 0.0000, Med: 0.4556, Spu: 0.0000, FD: 0.4559, Var: 0.0000, Ctx: 3, Train: 78.85%, Valid: 73.08%, Test In: 74.34% Test OOD1: 66.79% Test OOD2: 54.56% Test OOD3: 63.85% 
Epoch: 188, Loss: 1.8380, Cls: 0.9188, Ind: 0.0000, Med: 0.4593, Spu: 0.0000, FD: 0.4599, Var: 0.0000, Ctx: 3, Train: 78.66%, Valid: 73.29%, Test In: 74.69% Test OOD1: 67.35% Test OOD2: 54.22% Test OOD3: 64.12% 
Epoch: 189, Loss: 1.8430, Cls: 0.9216, Ind: 0.0000, Med: 0.4613, Spu: 0.0000, FD: 0.4601, Var: 0.0000, Ctx: 3, Train: 78.98%, Valid: 72.85%, Test In: 74.39% Test OOD1: 65.63% Test OOD2: 54.75% Test OOD3: 63.11% 
Epoch: 190, Loss: 1.8480, Cls: 0.9241, Ind: 0.0000, Med: 0.4623, Spu: 0.0000, FD: 0.4616, Var: 0.0000, Ctx: 3, Train: 79.10%, Valid: 73.05%, Test In: 74.48% Test OOD1: 66.19% Test OOD2: 54.56% Test OOD3: 63.43% 
Epoch: 191, Loss: 1.8283, Cls: 0.9139, Ind: 0.0000, Med: 0.4568, Spu: 0.0000, FD: 0.4576, Var: 0.0000, Ctx: 3, Train: 79.26%, Valid: 73.15%, Test In: 74.46% Test OOD1: 66.58% Test OOD2: 54.48% Test OOD3: 63.64% 
Epoch: 192, Loss: 1.8149, Cls: 0.9073, Ind: 0.0000, Med: 0.4536, Spu: 0.0000, FD: 0.4540, Var: 0.0000, Ctx: 3, Train: 79.11%, Valid: 73.05%, Test In: 74.28% Test OOD1: 66.60% Test OOD2: 54.57% Test OOD3: 63.61% 
Epoch: 193, Loss: 1.8372, Cls: 0.9185, Ind: 0.0000, Med: 0.4592, Spu: 0.0000, FD: 0.4595, Var: 0.0000, Ctx: 3, Train: 78.70%, Valid: 73.25%, Test In: 74.48% Test OOD1: 67.47% Test OOD2: 54.12% Test OOD3: 64.13% 
Epoch: 194, Loss: 1.8467, Cls: 0.9235, Ind: 0.0000, Med: 0.4622, Spu: 0.0000, FD: 0.4610, Var: 0.0000, Ctx: 3, Train: 79.30%, Valid: 72.94%, Test In: 74.24% Test OOD1: 66.10% Test OOD2: 54.63% Test OOD3: 63.24% 
Epoch: 195, Loss: 1.8333, Cls: 0.9166, Ind: 0.0000, Med: 0.4584, Spu: 0.0000, FD: 0.4583, Var: 0.0000, Ctx: 3, Train: 79.26%, Valid: 72.95%, Test In: 74.28% Test OOD1: 66.22% Test OOD2: 54.46% Test OOD3: 63.35% 
Epoch: 196, Loss: 1.8211, Cls: 0.9104, Ind: 0.0000, Med: 0.4552, Spu: 0.0000, FD: 0.4554, Var: 0.0000, Ctx: 3, Train: 79.31%, Valid: 73.03%, Test In: 74.34% Test OOD1: 66.39% Test OOD2: 54.43% Test OOD3: 63.43% 
Epoch: 197, Loss: 1.8149, Cls: 0.9074, Ind: 0.0000, Med: 0.4538, Spu: 0.0000, FD: 0.4537, Var: 0.0000, Ctx: 3, Train: 79.38%, Valid: 73.08%, Test In: 74.36% Test OOD1: 66.41% Test OOD2: 54.54% Test OOD3: 63.40% 
Epoch: 198, Loss: 1.8212, Cls: 0.9105, Ind: 0.0000, Med: 0.4552, Spu: 0.0000, FD: 0.4556, Var: 0.0000, Ctx: 3, Train: 78.92%, Valid: 73.26%, Test In: 74.47% Test OOD1: 67.32% Test OOD2: 54.16% Test OOD3: 64.01% 
Epoch: 199, Loss: 1.8333, Cls: 0.9168, Ind: 0.0000, Med: 0.4587, Spu: 0.0000, FD: 0.4578, Var: 0.0000, Ctx: 3, Train: 79.39%, Valid: 73.00%, Test In: 74.16% Test OOD1: 66.22% Test OOD2: 54.56% Test OOD3: 63.34% 
Epoch: 200, Loss: 1.8240, Cls: 0.9119, Ind: 0.0000, Med: 0.4558, Spu: 0.0000, FD: 0.4563, Var: 0.0000, Ctx: 3, Train: 79.46%, Valid: 73.05%, Test In: 74.26% Test OOD1: 66.20% Test OOD2: 54.43% Test OOD3: 63.40% 
Epoch: 201, Loss: 1.8143, Cls: 0.9071, Ind: 0.0000, Med: 0.4536, Spu: 0.0000, FD: 0.4536, Var: 0.0000, Ctx: 3, Train: 79.39%, Valid: 72.87%, Test In: 74.12% Test OOD1: 65.62% Test OOD2: 54.56% Test OOD3: 63.08% 
Epoch: 202, Loss: 1.8063, Cls: 0.9032, Ind: 0.0000, Med: 0.4517, Spu: 0.0000, FD: 0.4514, Var: 0.0000, Ctx: 3, Train: 79.47%, Valid: 73.00%, Test In: 74.21% Test OOD1: 65.81% Test OOD2: 54.61% Test OOD3: 63.15% 
Epoch: 203, Loss: 1.8074, Cls: 0.9037, Ind: 0.0000, Med: 0.4520, Spu: 0.0000, FD: 0.4517, Var: 0.0000, Ctx: 3, Train: 79.19%, Valid: 73.31%, Test In: 74.48% Test OOD1: 66.92% Test OOD2: 54.26% Test OOD3: 63.82% 
Epoch: 204, Loss: 1.8254, Cls: 0.9127, Ind: 0.0000, Med: 0.4565, Spu: 0.0000, FD: 0.4562, Var: 0.0000, Ctx: 3, Train: 79.46%, Valid: 72.87%, Test In: 73.94% Test OOD1: 65.81% Test OOD2: 54.63% Test OOD3: 63.13% 
Epoch: 205, Loss: 1.8397, Cls: 0.9199, Ind: 0.0000, Med: 0.4601, Spu: 0.0000, FD: 0.4598, Var: 0.0000, Ctx: 3, Train: 79.55%, Valid: 73.17%, Test In: 74.27% Test OOD1: 66.48% Test OOD2: 54.33% Test OOD3: 63.54% 
Epoch: 206, Loss: 1.8258, Cls: 0.9127, Ind: 0.0000, Med: 0.4562, Spu: 0.0000, FD: 0.4569, Var: 0.0000, Ctx: 3, Train: 79.54%, Valid: 72.82%, Test In: 73.94% Test OOD1: 65.59% Test OOD2: 54.56% Test OOD3: 62.98% 
Epoch: 207, Loss: 1.8039, Cls: 0.9020, Ind: 0.0000, Med: 0.4512, Spu: 0.0000, FD: 0.4507, Var: 0.0000, Ctx: 3, Train: 79.62%, Valid: 72.97%, Test In: 74.12% Test OOD1: 65.94% Test OOD2: 54.54% Test OOD3: 63.12% 
Epoch: 208, Loss: 1.8016, Cls: 0.9008, Ind: 0.0000, Med: 0.4506, Spu: 0.0000, FD: 0.4502, Var: 0.0000, Ctx: 3, Train: 79.37%, Valid: 73.27%, Test In: 74.38% Test OOD1: 66.97% Test OOD2: 54.19% Test OOD3: 63.79% 
Epoch: 209, Loss: 1.8245, Cls: 0.9122, Ind: 0.0000, Med: 0.4562, Spu: 0.0000, FD: 0.4560, Var: 0.0000, Ctx: 3, Train: 79.60%, Valid: 72.87%, Test In: 73.94% Test OOD1: 65.94% Test OOD2: 54.60% Test OOD3: 63.12% 
Epoch: 210, Loss: 1.8397, Cls: 0.9198, Ind: 0.0000, Med: 0.4599, Spu: 0.0000, FD: 0.4600, Var: 0.0000, Ctx: 3, Train: 79.62%, Valid: 73.19%, Test In: 74.28% Test OOD1: 66.64% Test OOD2: 54.28% Test OOD3: 63.59% 
Epoch: 211, Loss: 1.8117, Cls: 0.9058, Ind: 0.0000, Med: 0.4530, Spu: 0.0000, FD: 0.4529, Var: 0.0000, Ctx: 3, Train: 79.73%, Valid: 72.96%, Test In: 74.09% Test OOD1: 65.92% Test OOD2: 54.50% Test OOD3: 63.15% 
Epoch: 212, Loss: 1.7940, Cls: 0.8970, Ind: 0.0000, Med: 0.4486, Spu: 0.0000, FD: 0.4484, Var: 0.0000, Ctx: 3, Train: 79.71%, Valid: 72.85%, Test In: 73.98% Test OOD1: 65.59% Test OOD2: 54.61% Test OOD3: 62.95% 
Epoch: 213, Loss: 1.8048, Cls: 0.9024, Ind: 0.0000, Med: 0.4513, Spu: 0.0000, FD: 0.4512, Var: 0.0000, Ctx: 3, Train: 79.57%, Valid: 73.23%, Test In: 74.34% Test OOD1: 66.64% Test OOD2: 54.27% Test OOD3: 63.61% 
Epoch: 214, Loss: 1.8176, Cls: 0.9089, Ind: 0.0000, Med: 0.4547, Spu: 0.0000, FD: 0.4541, Var: 0.0000, Ctx: 3, Train: 79.72%, Valid: 72.83%, Test In: 73.91% Test OOD1: 65.74% Test OOD2: 54.61% Test OOD3: 63.02% 
Epoch: 215, Loss: 1.8159, Cls: 0.9078, Ind: 0.0000, Med: 0.4539, Spu: 0.0000, FD: 0.4542, Var: 0.0000, Ctx: 3, Train: 79.78%, Valid: 73.09%, Test In: 74.19% Test OOD1: 66.24% Test OOD2: 54.39% Test OOD3: 63.35% 
Epoch: 216, Loss: 1.7941, Cls: 0.8970, Ind: 0.0000, Med: 0.4486, Spu: 0.0000, FD: 0.4485, Var: 0.0000, Ctx: 3, Train: 79.83%, Valid: 72.99%, Test In: 74.11% Test OOD1: 65.92% Test OOD2: 54.48% Test OOD3: 63.13% 
Epoch: 217, Loss: 1.7887, Cls: 0.8943, Ind: 0.0000, Med: 0.4472, Spu: 0.0000, FD: 0.4472, Var: 0.0000, Ctx: 3, Train: 79.84%, Valid: 72.81%, Test In: 73.92% Test OOD1: 65.56% Test OOD2: 54.59% Test OOD3: 62.88% 
Epoch: 218, Loss: 1.7991, Cls: 0.8995, Ind: 0.0000, Med: 0.4499, Spu: 0.0000, FD: 0.4496, Var: 0.0000, Ctx: 3, Train: 79.77%, Valid: 73.14%, Test In: 74.20% Test OOD1: 66.44% Test OOD2: 54.30% Test OOD3: 63.44% 
Epoch: 219, Loss: 1.8063, Cls: 0.9031, Ind: 0.0000, Med: 0.4516, Spu: 0.0000, FD: 0.4516, Var: 0.0000, Ctx: 3, Train: 79.87%, Valid: 72.75%, Test In: 73.79% Test OOD1: 65.62% Test OOD2: 54.59% Test OOD3: 62.89% 
Epoch: 220, Loss: 1.8034, Cls: 0.9017, Ind: 0.0000, Med: 0.4510, Spu: 0.0000, FD: 0.4507, Var: 0.0000, Ctx: 3, Train: 79.92%, Valid: 73.04%, Test In: 74.09% Test OOD1: 66.06% Test OOD2: 54.39% Test OOD3: 63.19% 
Epoch: 221, Loss: 1.7907, Cls: 0.8953, Ind: 0.0000, Med: 0.4477, Spu: 0.0000, FD: 0.4478, Var: 0.0000, Ctx: 3, Train: 79.97%, Valid: 72.90%, Test In: 73.96% Test OOD1: 65.64% Test OOD2: 54.52% Test OOD3: 62.92% 
Epoch: 222, Loss: 1.7832, Cls: 0.8916, Ind: 0.0000, Med: 0.4459, Spu: 0.0000, FD: 0.4457, Var: 0.0000, Ctx: 3, Train: 80.00%, Valid: 72.87%, Test In: 73.89% Test OOD1: 65.65% Test OOD2: 54.53% Test OOD3: 62.91% 
Epoch: 223, Loss: 1.7835, Cls: 0.8917, Ind: 0.0000, Med: 0.4460, Spu: 0.0000, FD: 0.4458, Var: 0.0000, Ctx: 3, Train: 79.95%, Valid: 73.06%, Test In: 74.06% Test OOD1: 66.05% Test OOD2: 54.37% Test OOD3: 63.18% 
Epoch: 224, Loss: 1.7912, Cls: 0.8956, Ind: 0.0000, Med: 0.4479, Spu: 0.0000, FD: 0.4477, Var: 0.0000, Ctx: 3, Train: 80.00%, Valid: 72.65%, Test In: 73.68% Test OOD1: 65.10% Test OOD2: 54.63% Test OOD3: 62.58% 
Epoch: 225, Loss: 1.8015, Cls: 0.9007, Ind: 0.0000, Med: 0.4505, Spu: 0.0000, FD: 0.4503, Var: 0.0000, Ctx: 3, Train: 79.99%, Valid: 73.03%, Test In: 74.07% Test OOD1: 65.83% Test OOD2: 54.35% Test OOD3: 63.05% 
Epoch: 226, Loss: 1.8100, Cls: 0.9050, Ind: 0.0000, Med: 0.4526, Spu: 0.0000, FD: 0.4524, Var: 0.0000, Ctx: 3, Train: 79.97%, Valid: 72.48%, Test In: 73.49% Test OOD1: 64.79% Test OOD2: 54.66% Test OOD3: 62.39% 
Epoch: 227, Loss: 1.8156, Cls: 0.9078, Ind: 0.0000, Med: 0.4540, Spu: 0.0000, FD: 0.4538, Var: 0.0000, Ctx: 3, Train: 80.05%, Valid: 73.05%, Test In: 74.03% Test OOD1: 65.99% Test OOD2: 54.30% Test OOD3: 63.14% 
Epoch: 228, Loss: 1.8053, Cls: 0.9027, Ind: 0.0000, Med: 0.4514, Spu: 0.0000, FD: 0.4512, Var: 0.0000, Ctx: 3, Train: 80.12%, Valid: 72.73%, Test In: 73.75% Test OOD1: 65.26% Test OOD2: 54.60% Test OOD3: 62.62% 
Epoch: 229, Loss: 1.7924, Cls: 0.8961, Ind: 0.0000, Med: 0.4482, Spu: 0.0000, FD: 0.4480, Var: 0.0000, Ctx: 3, Train: 80.10%, Valid: 73.05%, Test In: 74.11% Test OOD1: 65.89% Test OOD2: 54.39% Test OOD3: 63.03% 
Epoch: 230, Loss: 1.7810, Cls: 0.8905, Ind: 0.0000, Med: 0.4453, Spu: 0.0000, FD: 0.4451, Var: 0.0000, Ctx: 3, Train: 80.19%, Valid: 72.94%, Test In: 73.95% Test OOD1: 65.65% Test OOD2: 54.48% Test OOD3: 62.87% 
Epoch: 231, Loss: 1.7751, Cls: 0.8875, Ind: 0.0000, Med: 0.4438, Spu: 0.0000, FD: 0.4437, Var: 0.0000, Ctx: 3, Train: 80.20%, Valid: 72.83%, Test In: 73.81% Test OOD1: 65.49% Test OOD2: 54.53% Test OOD3: 62.76% 
Epoch: 232, Loss: 1.7766, Cls: 0.8883, Ind: 0.0000, Med: 0.4442, Spu: 0.0000, FD: 0.4441, Var: 0.0000, Ctx: 3, Train: 80.19%, Valid: 73.00%, Test In: 74.04% Test OOD1: 65.71% Test OOD2: 54.40% Test OOD3: 62.94% 
Epoch: 233, Loss: 1.7818, Cls: 0.8909, Ind: 0.0000, Med: 0.4455, Spu: 0.0000, FD: 0.4454, Var: 0.0000, Ctx: 3, Train: 80.22%, Valid: 72.69%, Test In: 73.75% Test OOD1: 65.07% Test OOD2: 54.63% Test OOD3: 62.52% 
Epoch: 234, Loss: 1.7896, Cls: 0.8948, Ind: 0.0000, Med: 0.4475, Spu: 0.0000, FD: 0.4473, Var: 0.0000, Ctx: 3, Train: 80.16%, Valid: 73.03%, Test In: 74.04% Test OOD1: 65.92% Test OOD2: 54.29% Test OOD3: 63.12% 
Epoch: 235, Loss: 1.7965, Cls: 0.8983, Ind: 0.0000, Med: 0.4492, Spu: 0.0000, FD: 0.4491, Var: 0.0000, Ctx: 3, Train: 80.19%, Valid: 72.50%, Test In: 73.54% Test OOD1: 64.80% Test OOD2: 54.67% Test OOD3: 62.37% 
Epoch: 236, Loss: 1.8063, Cls: 0.9032, Ind: 0.0000, Med: 0.4517, Spu: 0.0000, FD: 0.4514, Var: 0.0000, Ctx: 3, Train: 80.20%, Valid: 72.99%, Test In: 74.06% Test OOD1: 65.67% Test OOD2: 54.31% Test OOD3: 62.95% 
Epoch: 237, Loss: 1.8068, Cls: 0.9033, Ind: 0.0000, Med: 0.4517, Spu: 0.0000, FD: 0.4518, Var: 0.0000, Ctx: 3, Train: 80.26%, Valid: 72.55%, Test In: 73.60% Test OOD1: 64.85% Test OOD2: 54.66% Test OOD3: 62.35% 
Epoch: 238, Loss: 1.8018, Cls: 0.9009, Ind: 0.0000, Med: 0.4506, Spu: 0.0000, FD: 0.4502, Var: 0.0000, Ctx: 3, Train: 80.22%, Valid: 73.02%, Test In: 73.98% Test OOD1: 65.95% Test OOD2: 54.28% Test OOD3: 63.09% 
Epoch: 239, Loss: 1.7878, Cls: 0.8939, Ind: 0.0000, Med: 0.4470, Spu: 0.0000, FD: 0.4469, Var: 0.0000, Ctx: 3, Train: 80.37%, Valid: 72.77%, Test In: 73.79% Test OOD1: 65.27% Test OOD2: 54.54% Test OOD3: 62.59% 
Epoch: 240, Loss: 1.7750, Cls: 0.8875, Ind: 0.0000, Med: 0.4438, Spu: 0.0000, FD: 0.4437, Var: 0.0000, Ctx: 3, Train: 80.36%, Valid: 72.88%, Test In: 73.95% Test OOD1: 65.38% Test OOD2: 54.46% Test OOD3: 62.68% 
Epoch: 241, Loss: 1.7696, Cls: 0.8848, Ind: 0.0000, Med: 0.4425, Spu: 0.0000, FD: 0.4424, Var: 0.0000, Ctx: 3, Train: 80.40%, Valid: 72.90%, Test In: 73.88% Test OOD1: 65.51% Test OOD2: 54.42% Test OOD3: 62.77% 
Epoch: 242, Loss: 1.7690, Cls: 0.8845, Ind: 0.0000, Med: 0.4423, Spu: 0.0000, FD: 0.4422, Var: 0.0000, Ctx: 3, Train: 80.40%, Valid: 72.70%, Test In: 73.67% Test OOD1: 65.19% Test OOD2: 54.57% Test OOD3: 62.55% 
Epoch: 243, Loss: 1.7752, Cls: 0.8875, Ind: 0.0000, Med: 0.4438, Spu: 0.0000, FD: 0.4438, Var: 0.0000, Ctx: 3, Train: 80.36%, Valid: 72.96%, Test In: 74.01% Test OOD1: 65.58% Test OOD2: 54.32% Test OOD3: 62.85% 
Epoch: 244, Loss: 1.7821, Cls: 0.8911, Ind: 0.0000, Med: 0.4457, Spu: 0.0000, FD: 0.4454, Var: 0.0000, Ctx: 3, Train: 80.39%, Valid: 72.48%, Test In: 73.55% Test OOD1: 64.60% Test OOD2: 54.65% Test OOD3: 62.19% 
Epoch: 245, Loss: 1.7938, Cls: 0.8969, Ind: 0.0000, Med: 0.4485, Spu: 0.0000, FD: 0.4484, Var: 0.0000, Ctx: 3, Train: 80.38%, Valid: 72.91%, Test In: 73.86% Test OOD1: 65.66% Test OOD2: 54.26% Test OOD3: 62.93% 
Epoch: 246, Loss: 1.8011, Cls: 0.9005, Ind: 0.0000, Med: 0.4504, Spu: 0.0000, FD: 0.4502, Var: 0.0000, Ctx: 3, Train: 80.36%, Valid: 72.39%, Test In: 73.39% Test OOD1: 64.53% Test OOD2: 54.68% Test OOD3: 62.12% 
Epoch: 247, Loss: 1.8119, Cls: 0.9060, Ind: 0.0000, Med: 0.4531, Spu: 0.0000, FD: 0.4529, Var: 0.0000, Ctx: 3, Train: 80.35%, Valid: 72.97%, Test In: 74.02% Test OOD1: 65.57% Test OOD2: 54.26% Test OOD3: 62.84% 
Epoch: 248, Loss: 1.8071, Cls: 0.9035, Ind: 0.0000, Med: 0.4518, Spu: 0.0000, FD: 0.4517, Var: 0.0000, Ctx: 3, Train: 80.44%, Valid: 72.44%, Test In: 73.46% Test OOD1: 64.54% Test OOD2: 54.68% Test OOD3: 62.09% 
Epoch: 249, Loss: 1.7978, Cls: 0.8989, Ind: 0.0000, Med: 0.4496, Spu: 0.0000, FD: 0.4493, Var: 0.0000, Ctx: 3, Train: 80.47%, Valid: 72.89%, Test In: 73.79% Test OOD1: 65.60% Test OOD2: 54.36% Test OOD3: 62.82% 
Epoch: 250, Loss: 1.7762, Cls: 0.8881, Ind: 0.0000, Med: 0.4441, Spu: 0.0000, FD: 0.4440, Var: 0.0000, Ctx: 3, Train: 80.57%, Valid: 72.84%, Test In: 73.85% Test OOD1: 65.32% Test OOD2: 54.50% Test OOD3: 62.58% 
Epoch: 251, Loss: 1.7623, Cls: 0.8811, Ind: 0.0000, Med: 0.4406, Spu: 0.0000, FD: 0.4405, Var: 0.0000, Ctx: 3, Train: 80.53%, Valid: 72.79%, Test In: 73.91% Test OOD1: 65.12% Test OOD2: 54.58% Test OOD3: 62.46% 
Epoch: 252, Loss: 1.7692, Cls: 0.8846, Ind: 0.0000, Med: 0.4423, Spu: 0.0000, FD: 0.4423, Var: 0.0000, Ctx: 3, Train: 80.44%, Valid: 72.97%, Test In: 73.96% Test OOD1: 65.74% Test OOD2: 54.30% Test OOD3: 62.93% 
Epoch: 253, Loss: 1.7813, Cls: 0.8907, Ind: 0.0000, Med: 0.4455, Spu: 0.0000, FD: 0.4452, Var: 0.0000, Ctx: 3, Train: 80.43%, Valid: 72.35%, Test In: 73.28% Test OOD1: 64.59% Test OOD2: 54.69% Test OOD3: 62.13% 
Epoch: 254, Loss: 1.7950, Cls: 0.8975, Ind: 0.0000, Med: 0.4488, Spu: 0.0000, FD: 0.4486, Var: 0.0000, Ctx: 3, Train: 80.59%, Valid: 72.79%, Test In: 73.83% Test OOD1: 65.14% Test OOD2: 54.42% Test OOD3: 62.56% 
Epoch: 255, Loss: 1.7818, Cls: 0.8909, Ind: 0.0000, Med: 0.4455, Spu: 0.0000, FD: 0.4455, Var: 0.0000, Ctx: 3, Train: 80.63%, Valid: 72.80%, Test In: 73.91% Test OOD1: 65.19% Test OOD2: 54.55% Test OOD3: 62.53% 
Epoch: 256, Loss: 1.7622, Cls: 0.8811, Ind: 0.0000, Med: 0.4406, Spu: 0.0000, FD: 0.4405, Var: 0.0000, Ctx: 3, Train: 80.49%, Valid: 72.91%, Test In: 73.91% Test OOD1: 65.70% Test OOD2: 54.47% Test OOD3: 62.88% 
Epoch: 257, Loss: 1.7660, Cls: 0.8830, Ind: 0.0000, Med: 0.4415, Spu: 0.0000, FD: 0.4415, Var: 0.0000, Ctx: 3, Train: 80.62%, Valid: 72.89%, Test In: 73.86% Test OOD1: 65.52% Test OOD2: 54.40% Test OOD3: 62.77% 
Epoch: 258, Loss: 1.7660, Cls: 0.8830, Ind: 0.0000, Med: 0.4416, Spu: 0.0000, FD: 0.4414, Var: 0.0000, Ctx: 3, Train: 80.44%, Valid: 72.23%, Test In: 73.29% Test OOD1: 64.01% Test OOD2: 54.69% Test OOD3: 61.79% 
Epoch: 259, Loss: 1.7822, Cls: 0.8911, Ind: 0.0000, Med: 0.4457, Spu: 0.0000, FD: 0.4453, Var: 0.0000, Ctx: 3, Train: 80.74%, Valid: 72.69%, Test In: 73.58% Test OOD1: 65.03% Test OOD2: 54.44% Test OOD3: 62.42% 
Epoch: 260, Loss: 1.7771, Cls: 0.8885, Ind: 0.0000, Med: 0.4443, Spu: 0.0000, FD: 0.4444, Var: 0.0000, Ctx: 3, Train: 80.65%, Valid: 72.78%, Test In: 73.74% Test OOD1: 65.29% Test OOD2: 54.62% Test OOD3: 62.53% 
Epoch: 261, Loss: 1.7718, Cls: 0.8858, Ind: 0.0000, Med: 0.4430, Spu: 0.0000, FD: 0.4430, Var: 0.0000, Ctx: 3, Train: 80.40%, Valid: 73.06%, Test In: 74.11% Test OOD1: 65.84% Test OOD2: 54.29% Test OOD3: 62.91% 
Epoch: 262, Loss: 1.7763, Cls: 0.8882, Ind: 0.0000, Med: 0.4442, Spu: 0.0000, FD: 0.4439, Var: 0.0000, Ctx: 3, Train: 80.61%, Valid: 72.29%, Test In: 73.29% Test OOD1: 64.12% Test OOD2: 54.70% Test OOD3: 61.76% 
Epoch: 263, Loss: 1.7797, Cls: 0.8899, Ind: 0.0000, Med: 0.4452, Spu: 0.0000, FD: 0.4446, Var: 0.0000, Ctx: 3, Train: 80.70%, Valid: 72.44%, Test In: 73.21% Test OOD1: 64.65% Test OOD2: 54.41% Test OOD3: 62.16% 
Epoch: 264, Loss: 1.8016, Cls: 0.9005, Ind: 0.0000, Med: 0.4500, Spu: 0.0000, FD: 0.4510, Var: 0.0000, Ctx: 3, Train: 80.73%, Valid: 72.64%, Test In: 73.60% Test OOD1: 64.97% Test OOD2: 54.68% Test OOD3: 62.29% 
Epoch: 265, Loss: 1.7852, Cls: 0.8926, Ind: 0.0000, Med: 0.4464, Spu: 0.0000, FD: 0.4462, Var: 0.0000, Ctx: 3, Train: 79.97%, Valid: 73.08%, Test In: 74.20% Test OOD1: 66.13% Test OOD2: 54.06% Test OOD3: 63.15% 
Epoch: 266, Loss: 1.8089, Cls: 0.9046, Ind: 0.0000, Med: 0.4526, Spu: 0.0000, FD: 0.4518, Var: 0.0000, Ctx: 3, Train: 80.70%, Valid: 72.51%, Test In: 73.61% Test OOD1: 64.42% Test OOD2: 54.75% Test OOD3: 61.94% 
Epoch: 267, Loss: 1.8174, Cls: 0.9087, Ind: 0.0000, Med: 0.4545, Spu: 0.0000, FD: 0.4542, Var: 0.0000, Ctx: 3, Train: 80.68%, Valid: 72.74%, Test In: 73.50% Test OOD1: 65.20% Test OOD2: 54.35% Test OOD3: 62.56% 
Epoch: 268, Loss: 1.8190, Cls: 0.9093, Ind: 0.0000, Med: 0.4545, Spu: 0.0000, FD: 0.4552, Var: 0.0000, Ctx: 3, Train: 80.64%, Valid: 72.60%, Test In: 73.41% Test OOD1: 65.05% Test OOD2: 54.59% Test OOD3: 62.37% 
Epoch: 269, Loss: 1.7687, Cls: 0.8843, Ind: 0.0000, Med: 0.4421, Spu: 0.0000, FD: 0.4423, Var: 0.0000, Ctx: 3, Train: 80.75%, Valid: 72.95%, Test In: 74.06% Test OOD1: 65.41% Test OOD2: 54.59% Test OOD3: 62.60% 
Epoch: 270, Loss: 1.7712, Cls: 0.8855, Ind: 0.0000, Med: 0.4427, Spu: 0.0000, FD: 0.4430, Var: 0.0000, Ctx: 3, Train: 79.73%, Valid: 73.08%, Test In: 74.24% Test OOD1: 66.26% Test OOD2: 54.00% Test OOD3: 63.28% 
Epoch: 271, Loss: 1.8229, Cls: 0.9117, Ind: 0.0000, Med: 0.4564, Spu: 0.0000, FD: 0.4548, Var: 0.0000, Ctx: 3, Train: 80.76%, Valid: 72.66%, Test In: 73.77% Test OOD1: 64.85% Test OOD2: 54.77% Test OOD3: 62.21% 
Epoch: 272, Loss: 1.8172, Cls: 0.9084, Ind: 0.0000, Med: 0.4541, Spu: 0.0000, FD: 0.4546, Var: 0.0000, Ctx: 3, Train: 80.71%, Valid: 72.78%, Test In: 73.66% Test OOD1: 65.43% Test OOD2: 54.47% Test OOD3: 62.67% 
Epoch: 273, Loss: 1.7775, Cls: 0.8886, Ind: 0.0000, Med: 0.4443, Spu: 0.0000, FD: 0.4446, Var: 0.0000, Ctx: 3, Train: 80.72%, Valid: 72.86%, Test In: 73.76% Test OOD1: 65.60% Test OOD2: 54.41% Test OOD3: 62.81% 
Epoch: 274, Loss: 1.7879, Cls: 0.8938, Ind: 0.0000, Med: 0.4469, Spu: 0.0000, FD: 0.4472, Var: 0.0000, Ctx: 3, Train: 80.81%, Valid: 72.72%, Test In: 73.84% Test OOD1: 65.08% Test OOD2: 54.74% Test OOD3: 62.38% 
Epoch: 275, Loss: 1.7970, Cls: 0.8984, Ind: 0.0000, Med: 0.4492, Spu: 0.0000, FD: 0.4494, Var: 0.0000, Ctx: 3, Train: 80.26%, Valid: 73.10%, Test In: 74.28% Test OOD1: 66.11% Test OOD2: 54.27% Test OOD3: 63.16% 
Epoch: 276, Loss: 1.7741, Cls: 0.8871, Ind: 0.0000, Med: 0.4437, Spu: 0.0000, FD: 0.4433, Var: 0.0000, Ctx: 3, Train: 80.52%, Valid: 73.07%, Test In: 74.20% Test OOD1: 66.06% Test OOD2: 54.33% Test OOD3: 63.12% 
Epoch: 277, Loss: 1.7626, Cls: 0.8813, Ind: 0.0000, Med: 0.4407, Spu: 0.0000, FD: 0.4406, Var: 0.0000, Ctx: 3, Train: 80.80%, Valid: 72.60%, Test In: 73.63% Test OOD1: 65.08% Test OOD2: 54.72% Test OOD3: 62.41% 
Epoch: 278, Loss: 1.7795, Cls: 0.8898, Ind: 0.0000, Med: 0.4450, Spu: 0.0000, FD: 0.4448, Var: 0.0000, Ctx: 3, Train: 80.87%, Valid: 72.75%, Test In: 73.74% Test OOD1: 65.21% Test OOD2: 54.48% Test OOD3: 62.57% 
Epoch: 279, Loss: 1.7751, Cls: 0.8874, Ind: 0.0000, Med: 0.4436, Spu: 0.0000, FD: 0.4441, Var: 0.0000, Ctx: 3, Train: 80.92%, Valid: 72.74%, Test In: 73.80% Test OOD1: 65.06% Test OOD2: 54.58% Test OOD3: 62.43% 
Epoch: 280, Loss: 1.7537, Cls: 0.8768, Ind: 0.0000, Med: 0.4384, Spu: 0.0000, FD: 0.4385, Var: 0.0000, Ctx: 3, Train: 80.90%, Valid: 72.83%, Test In: 73.92% Test OOD1: 65.30% Test OOD2: 54.66% Test OOD3: 62.51% 
Epoch: 281, Loss: 1.7668, Cls: 0.8833, Ind: 0.0000, Med: 0.4417, Spu: 0.0000, FD: 0.4418, Var: 0.0000, Ctx: 3, Train: 80.44%, Valid: 73.07%, Test In: 74.14% Test OOD1: 66.09% Test OOD2: 54.23% Test OOD3: 63.07% 
Epoch: 282, Loss: 1.7828, Cls: 0.8914, Ind: 0.0000, Med: 0.4459, Spu: 0.0000, FD: 0.4455, Var: 0.0000, Ctx: 3, Train: 80.95%, Valid: 72.54%, Test In: 73.61% Test OOD1: 64.64% Test OOD2: 54.73% Test OOD3: 62.03% 
Epoch: 283, Loss: 1.7704, Cls: 0.8851, Ind: 0.0000, Med: 0.4426, Spu: 0.0000, FD: 0.4426, Var: 0.0000, Ctx: 3, Train: 80.98%, Valid: 72.51%, Test In: 73.42% Test OOD1: 64.54% Test OOD2: 54.56% Test OOD3: 62.02% 
Epoch: 284, Loss: 1.7623, Cls: 0.8811, Ind: 0.0000, Med: 0.4406, Spu: 0.0000, FD: 0.4406, Var: 0.0000, Ctx: 3, Train: 80.99%, Valid: 72.49%, Test In: 73.37% Test OOD1: 64.62% Test OOD2: 54.60% Test OOD3: 62.02% 
Epoch: 285, Loss: 1.7498, Cls: 0.8749, Ind: 0.0000, Med: 0.4376, Spu: 0.0000, FD: 0.4373, Var: 0.0000, Ctx: 3, Train: 81.01%, Valid: 72.69%, Test In: 73.70% Test OOD1: 64.88% Test OOD2: 54.66% Test OOD3: 62.15% 
Epoch: 286, Loss: 1.7555, Cls: 0.8777, Ind: 0.0000, Med: 0.4389, Spu: 0.0000, FD: 0.4389, Var: 0.0000, Ctx: 3, Train: 80.65%, Valid: 73.01%, Test In: 74.05% Test OOD1: 65.56% Test OOD2: 54.32% Test OOD3: 62.67% 
Epoch: 287, Loss: 1.7768, Cls: 0.8884, Ind: 0.0000, Med: 0.4443, Spu: 0.0000, FD: 0.4441, Var: 0.0000, Ctx: 3, Train: 80.99%, Valid: 72.35%, Test In: 73.34% Test OOD1: 64.24% Test OOD2: 54.79% Test OOD3: 61.69% 
Epoch: 288, Loss: 1.7844, Cls: 0.8922, Ind: 0.0000, Med: 0.4462, Spu: 0.0000, FD: 0.4461, Var: 0.0000, Ctx: 3, Train: 81.07%, Valid: 72.58%, Test In: 73.40% Test OOD1: 64.68% Test OOD2: 54.46% Test OOD3: 62.09% 
Epoch: 289, Loss: 1.7853, Cls: 0.8925, Ind: 0.0000, Med: 0.4461, Spu: 0.0000, FD: 0.4467, Var: 0.0000, Ctx: 3, Train: 81.00%, Valid: 72.28%, Test In: 73.17% Test OOD1: 64.14% Test OOD2: 54.75% Test OOD3: 61.66% 
Epoch: 290, Loss: 1.7573, Cls: 0.8787, Ind: 0.0000, Med: 0.4395, Spu: 0.0000, FD: 0.4391, Var: 0.0000, Ctx: 3, Train: 81.07%, Valid: 72.77%, Test In: 73.82% Test OOD1: 64.86% Test OOD2: 54.60% Test OOD3: 62.18% 
Epoch: 291, Loss: 1.7431, Cls: 0.8715, Ind: 0.0000, Med: 0.4359, Spu: 0.0000, FD: 0.4357, Var: 0.0000, Ctx: 3, Train: 80.85%, Valid: 72.97%, Test In: 74.00% Test OOD1: 65.55% Test OOD2: 54.39% Test OOD3: 62.68% 
Epoch: 292, Loss: 1.7603, Cls: 0.8801, Ind: 0.0000, Med: 0.4401, Spu: 0.0000, FD: 0.4400, Var: 0.0000, Ctx: 3, Train: 81.09%, Valid: 72.48%, Test In: 73.47% Test OOD1: 64.60% Test OOD2: 54.82% Test OOD3: 61.93% 
Epoch: 293, Loss: 1.7825, Cls: 0.8913, Ind: 0.0000, Med: 0.4457, Spu: 0.0000, FD: 0.4455, Var: 0.0000, Ctx: 3, Train: 81.13%, Valid: 72.79%, Test In: 73.76% Test OOD1: 64.98% Test OOD2: 54.47% Test OOD3: 62.33% 
Epoch: 294, Loss: 1.7793, Cls: 0.8895, Ind: 0.0000, Med: 0.4447, Spu: 0.0000, FD: 0.4450, Var: 0.0000, Ctx: 3, Train: 81.12%, Valid: 72.35%, Test In: 73.32% Test OOD1: 64.27% Test OOD2: 54.78% Test OOD3: 61.78% 
Epoch: 295, Loss: 1.7534, Cls: 0.8767, Ind: 0.0000, Med: 0.4384, Spu: 0.0000, FD: 0.4382, Var: 0.0000, Ctx: 3, Train: 81.19%, Valid: 72.65%, Test In: 73.64% Test OOD1: 64.96% Test OOD2: 54.65% Test OOD3: 62.22% 
Epoch: 296, Loss: 1.7419, Cls: 0.8709, Ind: 0.0000, Med: 0.4355, Spu: 0.0000, FD: 0.4355, Var: 0.0000, Ctx: 3, Train: 80.89%, Valid: 72.93%, Test In: 73.98% Test OOD1: 65.55% Test OOD2: 54.37% Test OOD3: 62.70% 
Epoch: 297, Loss: 1.7672, Cls: 0.8836, Ind: 0.0000, Med: 0.4420, Spu: 0.0000, FD: 0.4415, Var: 0.0000, Ctx: 3, Train: 81.16%, Valid: 72.43%, Test In: 73.54% Test OOD1: 64.43% Test OOD2: 54.84% Test OOD3: 61.80% 
Epoch: 298, Loss: 1.7880, Cls: 0.8939, Ind: 0.0000, Med: 0.4468, Spu: 0.0000, FD: 0.4473, Var: 0.0000, Ctx: 3, Train: 81.16%, Valid: 72.75%, Test In: 73.70% Test OOD1: 65.20% Test OOD2: 54.46% Test OOD3: 62.44% 
Epoch: 299, Loss: 1.7628, Cls: 0.8814, Ind: 0.0000, Med: 0.4408, Spu: 0.0000, FD: 0.4405, Var: 0.0000, Ctx: 3, Train: 81.24%, Valid: 72.47%, Test In: 73.41% Test OOD1: 64.64% Test OOD2: 54.68% Test OOD3: 61.99% 
Epoch: 300, Loss: 1.7414, Cls: 0.8707, Ind: 0.0000, Med: 0.4354, Spu: 0.0000, FD: 0.4354, Var: 0.0000, Ctx: 3, Train: 81.24%, Valid: 72.45%, Test In: 73.53% Test OOD1: 64.45% Test OOD2: 54.76% Test OOD3: 61.84% 
Epoch: 301, Loss: 1.7491, Cls: 0.8745, Ind: 0.0000, Med: 0.4373, Spu: 0.0000, FD: 0.4373, Var: 0.0000, Ctx: 3, Train: 81.03%, Valid: 72.88%, Test In: 73.93% Test OOD1: 65.42% Test OOD2: 54.40% Test OOD3: 62.58% 
Epoch: 302, Loss: 1.7680, Cls: 0.8840, Ind: 0.0000, Med: 0.4422, Spu: 0.0000, FD: 0.4418, Var: 0.0000, Ctx: 3, Train: 81.25%, Valid: 72.40%, Test In: 73.42% Test OOD1: 64.57% Test OOD2: 54.82% Test OOD3: 61.84% 
Epoch: 303, Loss: 1.7723, Cls: 0.8861, Ind: 0.0000, Med: 0.4431, Spu: 0.0000, FD: 0.4431, Var: 0.0000, Ctx: 3, Train: 81.32%, Valid: 72.67%, Test In: 73.66% Test OOD1: 64.82% Test OOD2: 54.56% Test OOD3: 62.12% 
Epoch: 304, Loss: 1.7484, Cls: 0.8741, Ind: 0.0000, Med: 0.4371, Spu: 0.0000, FD: 0.4371, Var: 0.0000, Ctx: 3, Train: 81.37%, Valid: 72.44%, Test In: 73.42% Test OOD1: 64.40% Test OOD2: 54.70% Test OOD3: 61.78% 
Epoch: 305, Loss: 1.7346, Cls: 0.8673, Ind: 0.0000, Med: 0.4337, Spu: 0.0000, FD: 0.4336, Var: 0.0000, Ctx: 3, Train: 81.35%, Valid: 72.44%, Test In: 73.39% Test OOD1: 64.55% Test OOD2: 54.73% Test OOD3: 61.82% 
Epoch: 306, Loss: 1.7411, Cls: 0.8706, Ind: 0.0000, Med: 0.4354, Spu: 0.0000, FD: 0.4352, Var: 0.0000, Ctx: 3, Train: 81.20%, Valid: 72.79%, Test In: 73.79% Test OOD1: 65.11% Test OOD2: 54.47% Test OOD3: 62.30% 
Epoch: 307, Loss: 1.7583, Cls: 0.8792, Ind: 0.0000, Med: 0.4397, Spu: 0.0000, FD: 0.4395, Var: 0.0000, Ctx: 3, Train: 81.33%, Valid: 72.22%, Test In: 73.24% Test OOD1: 63.97% Test OOD2: 54.86% Test OOD3: 61.41% 
Epoch: 308, Loss: 1.7722, Cls: 0.8861, Ind: 0.0000, Med: 0.4432, Spu: 0.0000, FD: 0.4429, Var: 0.0000, Ctx: 3, Train: 81.37%, Valid: 72.61%, Test In: 73.48% Test OOD1: 64.74% Test OOD2: 54.49% Test OOD3: 62.06% 
Epoch: 309, Loss: 1.7651, Cls: 0.8825, Ind: 0.0000, Med: 0.4412, Spu: 0.0000, FD: 0.4413, Var: 0.0000, Ctx: 3, Train: 81.38%, Valid: 72.23%, Test In: 73.16% Test OOD1: 64.09% Test OOD2: 54.81% Test OOD3: 61.51% 
Epoch: 310, Loss: 1.7479, Cls: 0.8740, Ind: 0.0000, Med: 0.4371, Spu: 0.0000, FD: 0.4369, Var: 0.0000, Ctx: 3, Train: 81.42%, Valid: 72.64%, Test In: 73.65% Test OOD1: 64.62% Test OOD2: 54.64% Test OOD3: 61.93% 
Epoch: 311, Loss: 1.7316, Cls: 0.8658, Ind: 0.0000, Med: 0.4330, Spu: 0.0000, FD: 0.4328, Var: 0.0000, Ctx: 3, Train: 81.41%, Valid: 72.69%, Test In: 73.67% Test OOD1: 64.87% Test OOD2: 54.61% Test OOD3: 62.08% 
Epoch: 312, Loss: 1.7311, Cls: 0.8655, Ind: 0.0000, Med: 0.4329, Spu: 0.0000, FD: 0.4326, Var: 0.0000, Ctx: 3, Train: 81.47%, Valid: 72.36%, Test In: 73.32% Test OOD1: 64.33% Test OOD2: 54.81% Test OOD3: 61.63% 
Epoch: 313, Loss: 1.7423, Cls: 0.8711, Ind: 0.0000, Med: 0.4356, Spu: 0.0000, FD: 0.4356, Var: 0.0000, Ctx: 3, Train: 81.49%, Valid: 72.62%, Test In: 73.54% Test OOD1: 64.55% Test OOD2: 54.59% Test OOD3: 61.89% 
Epoch: 314, Loss: 1.7549, Cls: 0.8774, Ind: 0.0000, Med: 0.4388, Spu: 0.0000, FD: 0.4387, Var: 0.0000, Ctx: 3, Train: 81.45%, Valid: 72.20%, Test In: 73.15% Test OOD1: 64.00% Test OOD2: 54.88% Test OOD3: 61.39% 
Epoch: 315, Loss: 1.7576, Cls: 0.8787, Ind: 0.0000, Med: 0.4394, Spu: 0.0000, FD: 0.4394, Var: 0.0000, Ctx: 3, Train: 81.42%, Valid: 72.73%, Test In: 73.63% Test OOD1: 65.01% Test OOD2: 54.53% Test OOD3: 62.17% 
Epoch: 316, Loss: 1.7467, Cls: 0.8734, Ind: 0.0000, Med: 0.4368, Spu: 0.0000, FD: 0.4365, Var: 0.0000, Ctx: 3, Train: 81.56%, Valid: 72.43%, Test In: 73.41% Test OOD1: 64.23% Test OOD2: 54.82% Test OOD3: 61.57% 
Epoch: 317, Loss: 1.7349, Cls: 0.8674, Ind: 0.0000, Med: 0.4338, Spu: 0.0000, FD: 0.4337, Var: 0.0000, Ctx: 3, Train: 81.60%, Valid: 72.53%, Test In: 73.46% Test OOD1: 64.51% Test OOD2: 54.68% Test OOD3: 61.80% 
Epoch: 318, Loss: 1.7255, Cls: 0.8627, Ind: 0.0000, Med: 0.4314, Spu: 0.0000, FD: 0.4313, Var: 0.0000, Ctx: 3, Train: 81.60%, Valid: 72.51%, Test In: 73.40% Test OOD1: 64.58% Test OOD2: 54.68% Test OOD3: 61.81% 
Epoch: 319, Loss: 1.7247, Cls: 0.8623, Ind: 0.0000, Med: 0.4312, Spu: 0.0000, FD: 0.4311, Var: 0.0000, Ctx: 3, Train: 81.62%, Valid: 72.43%, Test In: 73.40% Test OOD1: 64.24% Test OOD2: 54.82% Test OOD3: 61.57% 
Epoch: 320, Loss: 1.7290, Cls: 0.8645, Ind: 0.0000, Med: 0.4323, Spu: 0.0000, FD: 0.4322, Var: 0.0000, Ctx: 3, Train: 81.58%, Valid: 72.65%, Test In: 73.57% Test OOD1: 64.76% Test OOD2: 54.63% Test OOD3: 61.97% 
Epoch: 321, Loss: 1.7354, Cls: 0.8677, Ind: 0.0000, Med: 0.4340, Spu: 0.0000, FD: 0.4337, Var: 0.0000, Ctx: 3, Train: 81.60%, Valid: 72.17%, Test In: 73.07% Test OOD1: 64.03% Test OOD2: 54.91% Test OOD3: 61.34% 
Epoch: 322, Loss: 1.7477, Cls: 0.8738, Ind: 0.0000, Med: 0.4370, Spu: 0.0000, FD: 0.4369, Var: 0.0000, Ctx: 3, Train: 81.62%, Valid: 72.57%, Test In: 73.44% Test OOD1: 64.44% Test OOD2: 54.63% Test OOD3: 61.78% 
Epoch: 323, Loss: 1.7591, Cls: 0.8794, Ind: 0.0000, Med: 0.4396, Spu: 0.0000, FD: 0.4401, Var: 0.0000, Ctx: 3, Train: 81.60%, Valid: 72.09%, Test In: 73.06% Test OOD1: 63.89% Test OOD2: 54.97% Test OOD3: 61.20% 
Epoch: 324, Loss: 1.7825, Cls: 0.8916, Ind: 0.0000, Med: 0.4464, Spu: 0.0000, FD: 0.4445, Var: 0.0000, Ctx: 3, Train: 81.37%, Valid: 72.74%, Test In: 73.57% Test OOD1: 65.12% Test OOD2: 54.47% Test OOD3: 62.23% 
Epoch: 325, Loss: 1.8037, Cls: 0.9017, Ind: 0.0000, Med: 0.4507, Spu: 0.0000, FD: 0.4513, Var: 0.0000, Ctx: 3, Train: 81.37%, Valid: 71.76%, Test In: 72.73% Test OOD1: 63.33% Test OOD2: 55.00% Test OOD3: 60.81% 
Epoch: 326, Loss: 1.8224, Cls: 0.9113, Ind: 0.0000, Med: 0.4559, Spu: 0.0000, FD: 0.4552, Var: 0.0000, Ctx: 3, Train: 81.71%, Valid: 72.50%, Test In: 73.30% Test OOD1: 64.44% Test OOD2: 54.69% Test OOD3: 61.71% 
Epoch: 327, Loss: 1.7528, Cls: 0.8764, Ind: 0.0000, Med: 0.4382, Spu: 0.0000, FD: 0.4382, Var: 0.0000, Ctx: 3, Train: 81.63%, Valid: 72.71%, Test In: 73.62% Test OOD1: 65.10% Test OOD2: 54.68% Test OOD3: 62.11% 
Epoch: 328, Loss: 1.7292, Cls: 0.8646, Ind: 0.0000, Med: 0.4325, Spu: 0.0000, FD: 0.4320, Var: 0.0000, Ctx: 3, Train: 81.62%, Valid: 72.53%, Test In: 73.65% Test OOD1: 64.78% Test OOD2: 54.96% Test OOD3: 61.78% 
Epoch: 329, Loss: 1.7777, Cls: 0.8885, Ind: 0.0000, Med: 0.4438, Spu: 0.0000, FD: 0.4454, Var: 0.0000, Ctx: 3, Train: 81.12%, Valid: 72.88%, Test In: 73.95% Test OOD1: 65.71% Test OOD2: 54.47% Test OOD3: 62.62% 
Epoch: 330, Loss: 1.7658, Cls: 0.8831, Ind: 0.0000, Med: 0.4420, Spu: 0.0000, FD: 0.4406, Var: 0.0000, Ctx: 3, Train: 81.73%, Valid: 72.37%, Test In: 73.40% Test OOD1: 64.61% Test OOD2: 54.91% Test OOD3: 61.79% 
Epoch: 331, Loss: 1.7295, Cls: 0.8647, Ind: 0.0000, Med: 0.4323, Spu: 0.0000, FD: 0.4326, Var: 0.0000, Ctx: 3, Train: 81.57%, Valid: 72.03%, Test In: 73.06% Test OOD1: 64.19% Test OOD2: 54.97% Test OOD3: 61.50% 
Epoch: 332, Loss: 1.7416, Cls: 0.8707, Ind: 0.0000, Med: 0.4352, Spu: 0.0000, FD: 0.4356, Var: 0.0000, Ctx: 3, Train: 81.70%, Valid: 72.59%, Test In: 73.59% Test OOD1: 65.08% Test OOD2: 54.74% Test OOD3: 62.18% 
Epoch: 333, Loss: 1.7413, Cls: 0.8707, Ind: 0.0000, Med: 0.4355, Spu: 0.0000, FD: 0.4351, Var: 0.0000, Ctx: 3, Train: 81.62%, Valid: 72.68%, Test In: 73.77% Test OOD1: 65.33% Test OOD2: 54.82% Test OOD3: 62.22% 
Epoch: 334, Loss: 1.7276, Cls: 0.8637, Ind: 0.0000, Med: 0.4319, Spu: 0.0000, FD: 0.4320, Var: 0.0000, Ctx: 3, Train: 81.56%, Valid: 72.73%, Test In: 73.83% Test OOD1: 65.45% Test OOD2: 54.78% Test OOD3: 62.30% 
Epoch: 335, Loss: 1.7294, Cls: 0.8647, Ind: 0.0000, Med: 0.4324, Spu: 0.0000, FD: 0.4323, Var: 0.0000, Ctx: 3, Train: 81.72%, Valid: 72.62%, Test In: 73.64% Test OOD1: 65.18% Test OOD2: 54.71% Test OOD3: 62.20% 
Epoch: 336, Loss: 1.7307, Cls: 0.8653, Ind: 0.0000, Med: 0.4327, Spu: 0.0000, FD: 0.4327, Var: 0.0000, Ctx: 3, Train: 81.66%, Valid: 71.85%, Test In: 72.84% Test OOD1: 63.93% Test OOD2: 54.96% Test OOD3: 61.28% 
Epoch: 337, Loss: 1.7335, Cls: 0.8668, Ind: 0.0000, Med: 0.4336, Spu: 0.0000, FD: 0.4331, Var: 0.0000, Ctx: 3, Train: 81.84%, Valid: 72.05%, Test In: 72.97% Test OOD1: 64.09% Test OOD2: 54.85% Test OOD3: 61.43% 
Epoch: 338, Loss: 1.7203, Cls: 0.8601, Ind: 0.0000, Med: 0.4300, Spu: 0.0000, FD: 0.4303, Var: 0.0000, Ctx: 3, Train: 81.81%, Valid: 72.50%, Test In: 73.53% Test OOD1: 64.84% Test OOD2: 54.76% Test OOD3: 61.91% 
Epoch: 339, Loss: 1.7164, Cls: 0.8582, Ind: 0.0000, Med: 0.4292, Spu: 0.0000, FD: 0.4291, Var: 0.0000, Ctx: 3, Train: 81.82%, Valid: 72.43%, Test In: 73.52% Test OOD1: 64.66% Test OOD2: 54.89% Test OOD3: 61.71% 
Epoch: 340, Loss: 1.7304, Cls: 0.8652, Ind: 0.0000, Med: 0.4327, Spu: 0.0000, FD: 0.4324, Var: 0.0000, Ctx: 3, Train: 81.82%, Valid: 72.46%, Test In: 73.35% Test OOD1: 64.73% Test OOD2: 54.67% Test OOD3: 61.83% 
Epoch: 341, Loss: 1.7360, Cls: 0.8679, Ind: 0.0000, Med: 0.4340, Spu: 0.0000, FD: 0.4341, Var: 0.0000, Ctx: 3, Train: 81.59%, Valid: 71.48%, Test In: 72.40% Test OOD1: 63.00% Test OOD2: 54.97% Test OOD3: 60.54% 
Epoch: 342, Loss: 1.7515, Cls: 0.8757, Ind: 0.0000, Med: 0.4380, Spu: 0.0000, FD: 0.4378, Var: 0.0000, Ctx: 3, Train: 81.91%, Valid: 72.03%, Test In: 72.79% Test OOD1: 63.93% Test OOD2: 54.76% Test OOD3: 61.23% 
Epoch: 343, Loss: 1.7420, Cls: 0.8710, Ind: 0.0000, Med: 0.4356, Spu: 0.0000, FD: 0.4354, Var: 0.0000, Ctx: 3, Train: 81.95%, Valid: 72.43%, Test In: 73.43% Test OOD1: 64.52% Test OOD2: 54.95% Test OOD3: 61.57% 
Epoch: 344, Loss: 1.7291, Cls: 0.8644, Ind: 0.0000, Med: 0.4321, Spu: 0.0000, FD: 0.4326, Var: 0.0000, Ctx: 3, Train: 81.59%, Valid: 72.81%, Test In: 73.84% Test OOD1: 65.24% Test OOD2: 54.69% Test OOD3: 62.18% 
Epoch: 345, Loss: 1.7328, Cls: 0.8664, Ind: 0.0000, Med: 0.4334, Spu: 0.0000, FD: 0.4330, Var: 0.0000, Ctx: 3, Train: 81.98%, Valid: 72.22%, Test In: 73.12% Test OOD1: 64.24% Test OOD2: 54.99% Test OOD3: 61.35% 
Epoch: 346, Loss: 1.7211, Cls: 0.8605, Ind: 0.0000, Med: 0.4303, Spu: 0.0000, FD: 0.4302, Var: 0.0000, Ctx: 3, Train: 81.98%, Valid: 71.98%, Test In: 72.76% Test OOD1: 63.65% Test OOD2: 54.87% Test OOD3: 61.07% 
Epoch: 347, Loss: 1.7307, Cls: 0.8653, Ind: 0.0000, Med: 0.4327, Spu: 0.0000, FD: 0.4327, Var: 0.0000, Ctx: 3, Train: 82.07%, Valid: 72.17%, Test In: 73.11% Test OOD1: 64.14% Test OOD2: 54.95% Test OOD3: 61.31% 
Epoch: 348, Loss: 1.7153, Cls: 0.8577, Ind: 0.0000, Med: 0.4289, Spu: 0.0000, FD: 0.4287, Var: 0.0000, Ctx: 3, Train: 81.81%, Valid: 72.71%, Test In: 73.69% Test OOD1: 65.14% Test OOD2: 54.71% Test OOD3: 62.07% 
Epoch: 349, Loss: 1.7173, Cls: 0.8586, Ind: 0.0000, Med: 0.4294, Spu: 0.0000, FD: 0.4292, Var: 0.0000, Ctx: 3, Train: 82.03%, Valid: 72.55%, Test In: 73.54% Test OOD1: 64.68% Test OOD2: 54.87% Test OOD3: 61.73% 
Epoch: 350, Loss: 1.7109, Cls: 0.8554, Ind: 0.0000, Med: 0.4278, Spu: 0.0000, FD: 0.4276, Var: 0.0000, Ctx: 3, Train: 82.07%, Valid: 72.31%, Test In: 73.17% Test OOD1: 64.41% Test OOD2: 54.84% Test OOD3: 61.53% 
Epoch: 351, Loss: 1.7106, Cls: 0.8552, Ind: 0.0000, Med: 0.4277, Spu: 0.0000, FD: 0.4277, Var: 0.0000, Ctx: 3, Train: 82.12%, Valid: 72.10%, Test In: 72.99% Test OOD1: 63.94% Test OOD2: 54.89% Test OOD3: 61.19% 
Epoch: 352, Loss: 1.7081, Cls: 0.8540, Ind: 0.0000, Med: 0.4271, Spu: 0.0000, FD: 0.4270, Var: 0.0000, Ctx: 3, Train: 82.16%, Valid: 72.35%, Test In: 73.28% Test OOD1: 64.45% Test OOD2: 54.80% Test OOD3: 61.51% 
Epoch: 353, Loss: 1.7031, Cls: 0.8515, Ind: 0.0000, Med: 0.4259, Spu: 0.0000, FD: 0.4257, Var: 0.0000, Ctx: 3, Train: 82.10%, Valid: 72.44%, Test In: 73.36% Test OOD1: 64.75% Test OOD2: 54.77% Test OOD3: 61.64% 
Epoch: 354, Loss: 1.7051, Cls: 0.8526, Ind: 0.0000, Med: 0.4264, Spu: 0.0000, FD: 0.4261, Var: 0.0000, Ctx: 3, Train: 82.21%, Valid: 72.28%, Test In: 73.16% Test OOD1: 64.23% Test OOD2: 54.81% Test OOD3: 61.28% 
Epoch: 355, Loss: 1.7005, Cls: 0.8503, Ind: 0.0000, Med: 0.4252, Spu: 0.0000, FD: 0.4250, Var: 0.0000, Ctx: 3, Train: 82.20%, Valid: 72.07%, Test In: 72.85% Test OOD1: 64.07% Test OOD2: 54.81% Test OOD3: 61.08% 
Epoch: 356, Loss: 1.7021, Cls: 0.8510, Ind: 0.0000, Med: 0.4256, Spu: 0.0000, FD: 0.4255, Var: 0.0000, Ctx: 3, Train: 82.29%, Valid: 72.12%, Test In: 72.94% Test OOD1: 64.02% Test OOD2: 54.83% Test OOD3: 61.02% 
Epoch: 357, Loss: 1.6984, Cls: 0.8492, Ind: 0.0000, Med: 0.4247, Spu: 0.0000, FD: 0.4245, Var: 0.0000, Ctx: 3, Train: 82.22%, Valid: 72.34%, Test In: 73.20% Test OOD1: 64.38% Test OOD2: 54.72% Test OOD3: 61.32% 
Epoch: 358, Loss: 1.7034, Cls: 0.8517, Ind: 0.0000, Med: 0.4260, Spu: 0.0000, FD: 0.4257, Var: 0.0000, Ctx: 3, Train: 82.31%, Valid: 71.87%, Test In: 72.77% Test OOD1: 63.79% Test OOD2: 54.90% Test OOD3: 60.70% 
Epoch: 359, Loss: 1.7210, Cls: 0.8604, Ind: 0.0000, Med: 0.4302, Spu: 0.0000, FD: 0.4304, Var: 0.0000, Ctx: 3, Train: 82.22%, Valid: 72.15%, Test In: 72.76% Test OOD1: 63.91% Test OOD2: 54.56% Test OOD3: 61.08% 
Epoch: 360, Loss: 1.8153, Cls: 0.9075, Ind: 0.0000, Med: 0.4536, Spu: 0.0000, FD: 0.4541, Var: 0.0000, Ctx: 3, Train: 81.43%, Valid: 71.31%, Test In: 72.50% Test OOD1: 63.01% Test OOD2: 55.04% Test OOD3: 59.99% 
Epoch: 361, Loss: 2.1980, Cls: 1.0989, Ind: 0.0000, Med: 0.5495, Spu: 0.0000, FD: 0.5495, Var: 0.0000, Ctx: 3, Train: 81.02%, Valid: 72.90%, Test In: 73.43% Test OOD1: 65.83% Test OOD2: 54.29% Test OOD3: 62.55% 
Epoch: 362, Loss: 2.0403, Cls: 1.0194, Ind: 0.0000, Med: 0.5088, Spu: 0.0000, FD: 0.5121, Var: 0.0000, Ctx: 3, Train: 81.79%, Valid: 72.01%, Test In: 72.83% Test OOD1: 64.00% Test OOD2: 54.81% Test OOD3: 60.91% 
Epoch: 363, Loss: 1.7649, Cls: 0.8821, Ind: 0.0000, Med: 0.4407, Spu: 0.0000, FD: 0.4421, Var: 0.0000, Ctx: 3, Train: 81.46%, Valid: 71.31%, Test In: 72.40% Test OOD1: 63.08% Test OOD2: 54.92% Test OOD3: 60.39% 
Epoch: 364, Loss: 1.9011, Cls: 0.9508, Ind: 0.0000, Med: 0.4760, Spu: 0.0000, FD: 0.4743, Var: 0.0000, Ctx: 3, Train: 82.00%, Valid: 72.59%, Test In: 73.59% Test OOD1: 65.30% Test OOD2: 54.83% Test OOD3: 62.11% 
Epoch: 365, Loss: 1.7667, Cls: 0.8828, Ind: 0.0000, Med: 0.4408, Spu: 0.0000, FD: 0.4430, Var: 0.0000, Ctx: 3, Train: 79.84%, Valid: 72.62%, Test In: 73.69% Test OOD1: 66.48% Test OOD2: 54.14% Test OOD3: 63.33% 
Epoch: 366, Loss: 1.8882, Cls: 0.9442, Ind: 0.0000, Med: 0.4725, Spu: 0.0000, FD: 0.4715, Var: 0.0000, Ctx: 3, Train: 80.88%, Valid: 72.79%, Test In: 73.97% Test OOD1: 66.48% Test OOD2: 54.58% Test OOD3: 63.05% 
Epoch: 367, Loss: 1.7728, Cls: 0.8860, Ind: 0.0000, Med: 0.4428, Spu: 0.0000, FD: 0.4439, Var: 0.0000, Ctx: 3, Train: 81.45%, Valid: 72.49%, Test In: 73.77% Test OOD1: 65.70% Test OOD2: 55.07% Test OOD3: 62.28% 
Epoch: 368, Loss: 1.8409, Cls: 0.9194, Ind: 0.0000, Med: 0.4585, Spu: 0.0000, FD: 0.4629, Var: 0.0000, Ctx: 3, Train: 81.23%, Valid: 72.66%, Test In: 73.92% Test OOD1: 66.29% Test OOD2: 54.99% Test OOD3: 62.74% 
Epoch: 369, Loss: 1.7950, Cls: 0.8965, Ind: 0.0000, Med: 0.4471, Spu: 0.0000, FD: 0.4514, Var: 0.0000, Ctx: 3, Train: 80.47%, Valid: 72.84%, Test In: 73.91% Test OOD1: 67.23% Test OOD2: 54.55% Test OOD3: 63.64% 
Epoch: 370, Loss: 1.8039, Cls: 0.9021, Ind: 0.0000, Med: 0.4517, Spu: 0.0000, FD: 0.4501, Var: 0.0000, Ctx: 3, Train: 80.49%, Valid: 72.78%, Test In: 73.87% Test OOD1: 67.18% Test OOD2: 54.57% Test OOD3: 63.61% 
Epoch: 371, Loss: 1.8130, Cls: 0.9068, Ind: 0.0000, Med: 0.4542, Spu: 0.0000, FD: 0.4520, Var: 0.0000, Ctx: 3, Train: 80.96%, Valid: 72.48%, Test In: 73.82% Test OOD1: 66.24% Test OOD2: 55.01% Test OOD3: 62.87% 
Epoch: 372, Loss: 1.7763, Cls: 0.8876, Ind: 0.0000, Med: 0.4431, Spu: 0.0000, FD: 0.4456, Var: 0.0000, Ctx: 3, Train: 80.79%, Valid: 72.20%, Test In: 73.61% Test OOD1: 65.55% Test OOD2: 55.15% Test OOD3: 62.52% 
Epoch: 373, Loss: 1.8119, Cls: 0.9054, Ind: 0.0000, Med: 0.4520, Spu: 0.0000, FD: 0.4545, Var: 0.0000, Ctx: 3, Train: 80.89%, Valid: 72.47%, Test In: 73.84% Test OOD1: 66.11% Test OOD2: 54.95% Test OOD3: 62.95% 
Epoch: 374, Loss: 1.7601, Cls: 0.8799, Ind: 0.0000, Med: 0.4399, Spu: 0.0000, FD: 0.4404, Var: 0.0000, Ctx: 3, Train: 80.75%, Valid: 72.61%, Test In: 73.89% Test OOD1: 66.63% Test OOD2: 54.64% Test OOD3: 63.37% 
Epoch: 375, Loss: 1.7967, Cls: 0.8984, Ind: 0.0000, Med: 0.4494, Spu: 0.0000, FD: 0.4489, Var: 0.0000, Ctx: 3, Train: 81.17%, Valid: 72.52%, Test In: 73.82% Test OOD1: 66.43% Test OOD2: 54.83% Test OOD3: 63.13% 
Epoch: 376, Loss: 1.7445, Cls: 0.8721, Ind: 0.0000, Med: 0.4360, Spu: 0.0000, FD: 0.4364, Var: 0.0000, Ctx: 3, Train: 81.43%, Valid: 72.26%, Test In: 73.62% Test OOD1: 65.74% Test OOD2: 55.05% Test OOD3: 62.63% 
Epoch: 377, Loss: 1.7694, Cls: 0.8846, Ind: 0.0000, Med: 0.4424, Spu: 0.0000, FD: 0.4423, Var: 0.0000, Ctx: 3, Train: 81.42%, Valid: 72.45%, Test In: 73.69% Test OOD1: 65.90% Test OOD2: 54.90% Test OOD3: 62.75% 
Epoch: 378, Loss: 1.7390, Cls: 0.8694, Ind: 0.0000, Med: 0.4347, Spu: 0.0000, FD: 0.4349, Var: 0.0000, Ctx: 3, Train: 81.36%, Valid: 72.65%, Test In: 73.70% Test OOD1: 66.34% Test OOD2: 54.68% Test OOD3: 63.08% 
Epoch: 379, Loss: 1.7563, Cls: 0.8779, Ind: 0.0000, Med: 0.4387, Spu: 0.0000, FD: 0.4397, Var: 0.0000, Ctx: 3, Train: 81.66%, Valid: 72.35%, Test In: 73.41% Test OOD1: 65.84% Test OOD2: 54.77% Test OOD3: 62.68% 
Epoch: 380, Loss: 1.7268, Cls: 0.8633, Ind: 0.0000, Med: 0.4315, Spu: 0.0000, FD: 0.4321, Var: 0.0000, Ctx: 3, Train: 81.73%, Valid: 71.65%, Test In: 72.85% Test OOD1: 64.62% Test OOD2: 54.92% Test OOD3: 61.81% 
Epoch: 381, Loss: 1.7450, Cls: 0.8725, Ind: 0.0000, Med: 0.4363, Spu: 0.0000, FD: 0.4361, Var: 0.0000, Ctx: 3, Train: 81.64%, Valid: 71.62%, Test In: 72.81% Test OOD1: 64.13% Test OOD2: 54.79% Test OOD3: 61.54% 
Epoch: 382, Loss: 1.7257, Cls: 0.8629, Ind: 0.0000, Med: 0.4315, Spu: 0.0000, FD: 0.4313, Var: 0.0000, Ctx: 3, Train: 81.71%, Valid: 72.09%, Test In: 73.14% Test OOD1: 64.77% Test OOD2: 54.65% Test OOD3: 61.97% 
Epoch: 383, Loss: 1.7407, Cls: 0.8703, Ind: 0.0000, Med: 0.4351, Spu: 0.0000, FD: 0.4353, Var: 0.0000, Ctx: 3, Train: 81.81%, Valid: 72.11%, Test In: 73.10% Test OOD1: 65.08% Test OOD2: 54.86% Test OOD3: 61.99% 
Epoch: 384, Loss: 1.7210, Cls: 0.8603, Ind: 0.0000, Med: 0.4301, Spu: 0.0000, FD: 0.4306, Var: 0.0000, Ctx: 3, Train: 81.85%, Valid: 72.17%, Test In: 73.17% Test OOD1: 64.87% Test OOD2: 54.91% Test OOD3: 61.83% 
Epoch: 385, Loss: 1.7259, Cls: 0.8627, Ind: 0.0000, Med: 0.4311, Spu: 0.0000, FD: 0.4321, Var: 0.0000, Ctx: 3, Train: 81.81%, Valid: 72.30%, Test In: 73.26% Test OOD1: 64.61% Test OOD2: 54.80% Test OOD3: 61.77% 
Epoch: 386, Loss: 1.7335, Cls: 0.8666, Ind: 0.0000, Med: 0.4333, Spu: 0.0000, FD: 0.4337, Var: 0.0000, Ctx: 3, Train: 82.03%, Valid: 71.82%, Test In: 72.87% Test OOD1: 63.96% Test OOD2: 54.92% Test OOD3: 61.27% 
Epoch: 387, Loss: 1.7084, Cls: 0.8541, Ind: 0.0000, Med: 0.4271, Spu: 0.0000, FD: 0.4273, Var: 0.0000, Ctx: 3, Train: 81.85%, Valid: 71.60%, Test In: 72.71% Test OOD1: 63.90% Test OOD2: 55.01% Test OOD3: 61.11% 
Epoch: 388, Loss: 1.7252, Cls: 0.8624, Ind: 0.0000, Med: 0.4312, Spu: 0.0000, FD: 0.4316, Var: 0.0000, Ctx: 3, Train: 82.08%, Valid: 72.03%, Test In: 73.10% Test OOD1: 64.05% Test OOD2: 54.81% Test OOD3: 61.39% 
Epoch: 389, Loss: 1.7189, Cls: 0.8592, Ind: 0.0000, Med: 0.4295, Spu: 0.0000, FD: 0.4302, Var: 0.0000, Ctx: 3, Train: 82.16%, Valid: 72.11%, Test In: 73.11% Test OOD1: 63.98% Test OOD2: 54.87% Test OOD3: 61.28% 
Epoch: 390, Loss: 1.7040, Cls: 0.8520, Ind: 0.0000, Med: 0.4261, Spu: 0.0000, FD: 0.4259, Var: 0.0000, Ctx: 3, Train: 82.17%, Valid: 72.25%, Test In: 73.19% Test OOD1: 64.47% Test OOD2: 54.91% Test OOD3: 61.50% 
Epoch: 391, Loss: 1.7082, Cls: 0.8541, Ind: 0.0000, Med: 0.4272, Spu: 0.0000, FD: 0.4268, Var: 0.0000, Ctx: 3, Train: 82.23%, Valid: 72.39%, Test In: 73.25% Test OOD1: 64.71% Test OOD2: 54.78% Test OOD3: 61.73% 
Epoch: 392, Loss: 1.7083, Cls: 0.8539, Ind: 0.0000, Med: 0.4268, Spu: 0.0000, FD: 0.4276, Var: 0.0000, Ctx: 3, Train: 82.36%, Valid: 72.02%, Test In: 72.91% Test OOD1: 63.76% Test OOD2: 54.80% Test OOD3: 61.06% 
Epoch: 393, Loss: 1.6977, Cls: 0.8489, Ind: 0.0000, Med: 0.4246, Spu: 0.0000, FD: 0.4242, Var: 0.0000, Ctx: 3, Train: 82.38%, Valid: 71.79%, Test In: 72.76% Test OOD1: 63.54% Test OOD2: 54.83% Test OOD3: 60.83% 
Epoch: 394, Loss: 1.7023, Cls: 0.8512, Ind: 0.0000, Med: 0.4259, Spu: 0.0000, FD: 0.4251, Var: 0.0000, Ctx: 3, Train: 82.34%, Valid: 72.14%, Test In: 73.05% Test OOD1: 64.33% Test OOD2: 54.76% Test OOD3: 61.37% 
Epoch: 395, Loss: 1.7020, Cls: 0.8509, Ind: 0.0000, Med: 0.4253, Spu: 0.0000, FD: 0.4258, Var: 0.0000, Ctx: 3, Train: 82.45%, Valid: 72.22%, Test In: 73.12% Test OOD1: 64.36% Test OOD2: 54.84% Test OOD3: 61.29% 
Epoch: 396, Loss: 1.6928, Cls: 0.8464, Ind: 0.0000, Med: 0.4233, Spu: 0.0000, FD: 0.4231, Var: 0.0000, Ctx: 3, Train: 82.37%, Valid: 72.25%, Test In: 73.15% Test OOD1: 64.28% Test OOD2: 54.82% Test OOD3: 61.17% 
Epoch: 397, Loss: 1.6969, Cls: 0.8485, Ind: 0.0000, Med: 0.4243, Spu: 0.0000, FD: 0.4241, Var: 0.0000, Ctx: 3, Train: 82.47%, Valid: 72.30%, Test In: 73.19% Test OOD1: 64.53% Test OOD2: 54.76% Test OOD3: 61.38% 
Epoch: 398, Loss: 1.6939, Cls: 0.8469, Ind: 0.0000, Med: 0.4235, Spu: 0.0000, FD: 0.4234, Var: 0.0000, Ctx: 3, Train: 82.49%, Valid: 71.99%, Test In: 72.97% Test OOD1: 64.24% Test OOD2: 54.80% Test OOD3: 61.12% 
Epoch: 399, Loss: 1.6906, Cls: 0.8452, Ind: 0.0000, Med: 0.4226, Spu: 0.0000, FD: 0.4227, Var: 0.0000, Ctx: 3, Train: 82.51%, Valid: 71.84%, Test In: 72.83% Test OOD1: 63.89% Test OOD2: 54.75% Test OOD3: 60.88% 
Epoch: 400, Loss: 1.6906, Cls: 0.8453, Ind: 0.0000, Med: 0.4227, Spu: 0.0000, FD: 0.4227, Var: 0.0000, Ctx: 3, Train: 82.57%, Valid: 72.04%, Test In: 72.92% Test OOD1: 64.13% Test OOD2: 54.67% Test OOD3: 61.07% 
Epoch: 401, Loss: 1.6897, Cls: 0.8449, Ind: 0.0000, Med: 0.4226, Spu: 0.0000, FD: 0.4222, Var: 0.0000, Ctx: 3, Train: 82.58%, Valid: 72.12%, Test In: 72.96% Test OOD1: 64.38% Test OOD2: 54.70% Test OOD3: 61.11% 
Epoch: 402, Loss: 1.6883, Cls: 0.8441, Ind: 0.0000, Med: 0.4220, Spu: 0.0000, FD: 0.4222, Var: 0.0000, Ctx: 3, Train: 82.62%, Valid: 72.18%, Test In: 72.95% Test OOD1: 64.44% Test OOD2: 54.65% Test OOD3: 61.14% 
Epoch: 403, Loss: 1.6849, Cls: 0.8424, Ind: 0.0000, Med: 0.4213, Spu: 0.0000, FD: 0.4212, Var: 0.0000, Ctx: 3, Train: 82.69%, Valid: 71.95%, Test In: 72.68% Test OOD1: 63.93% Test OOD2: 54.62% Test OOD3: 60.81% 
Epoch: 404, Loss: 1.6828, Cls: 0.8414, Ind: 0.0000, Med: 0.4208, Spu: 0.0000, FD: 0.4206, Var: 0.0000, Ctx: 3, Train: 82.72%, Valid: 71.75%, Test In: 72.49% Test OOD1: 63.73% Test OOD2: 54.66% Test OOD3: 60.58% 
Epoch: 405, Loss: 1.6844, Cls: 0.8422, Ind: 0.0000, Med: 0.4212, Spu: 0.0000, FD: 0.4210, Var: 0.0000, Ctx: 3, Train: 82.76%, Valid: 71.96%, Test In: 72.62% Test OOD1: 64.05% Test OOD2: 54.62% Test OOD3: 60.80% 
Epoch: 406, Loss: 1.6825, Cls: 0.8413, Ind: 0.0000, Med: 0.4207, Spu: 0.0000, FD: 0.4205, Var: 0.0000, Ctx: 3, Train: 82.75%, Valid: 72.07%, Test In: 72.73% Test OOD1: 63.97% Test OOD2: 54.68% Test OOD3: 60.69% 
Epoch: 407, Loss: 1.6828, Cls: 0.8414, Ind: 0.0000, Med: 0.4209, Spu: 0.0000, FD: 0.4204, Var: 0.0000, Ctx: 3, Train: 82.79%, Valid: 72.15%, Test In: 72.81% Test OOD1: 64.24% Test OOD2: 54.65% Test OOD3: 60.90% 
Epoch: 408, Loss: 1.6800, Cls: 0.8400, Ind: 0.0000, Med: 0.4201, Spu: 0.0000, FD: 0.4199, Var: 0.0000, Ctx: 3, Train: 82.85%, Valid: 71.84%, Test In: 72.55% Test OOD1: 63.80% Test OOD2: 54.72% Test OOD3: 60.54% 
Epoch: 409, Loss: 1.6778, Cls: 0.8390, Ind: 0.0000, Med: 0.4197, Spu: 0.0000, FD: 0.4192, Var: 0.0000, Ctx: 3, Train: 82.85%, Valid: 71.81%, Test In: 72.52% Test OOD1: 63.66% Test OOD2: 54.67% Test OOD3: 60.48% 
Epoch: 410, Loss: 1.6774, Cls: 0.8387, Ind: 0.0000, Med: 0.4194, Spu: 0.0000, FD: 0.4193, Var: 0.0000, Ctx: 3, Train: 82.91%, Valid: 72.02%, Test In: 72.72% Test OOD1: 64.06% Test OOD2: 54.71% Test OOD3: 60.71% 
Epoch: 411, Loss: 1.6746, Cls: 0.8373, Ind: 0.0000, Med: 0.4188, Spu: 0.0000, FD: 0.4184, Var: 0.0000, Ctx: 3, Train: 82.91%, Valid: 72.16%, Test In: 72.83% Test OOD1: 64.21% Test OOD2: 54.65% Test OOD3: 60.81% 
Epoch: 412, Loss: 1.6742, Cls: 0.8371, Ind: 0.0000, Med: 0.4186, Spu: 0.0000, FD: 0.4185, Var: 0.0000, Ctx: 3, Train: 83.00%, Valid: 71.92%, Test In: 72.61% Test OOD1: 63.88% Test OOD2: 54.70% Test OOD3: 60.51% 
Epoch: 413, Loss: 1.6714, Cls: 0.8357, Ind: 0.0000, Med: 0.4180, Spu: 0.0000, FD: 0.4177, Var: 0.0000, Ctx: 3, Train: 83.00%, Valid: 71.76%, Test In: 72.46% Test OOD1: 63.84% Test OOD2: 54.67% Test OOD3: 60.43% 
Epoch: 414, Loss: 1.6726, Cls: 0.8363, Ind: 0.0000, Med: 0.4182, Spu: 0.0000, FD: 0.4181, Var: 0.0000, Ctx: 3, Train: 83.02%, Valid: 71.79%, Test In: 72.50% Test OOD1: 63.69% Test OOD2: 54.72% Test OOD3: 60.28% 
Epoch: 415, Loss: 1.6735, Cls: 0.8368, Ind: 0.0000, Med: 0.4185, Spu: 0.0000, FD: 0.4183, Var: 0.0000, Ctx: 3, Train: 82.99%, Valid: 72.09%, Test In: 72.74% Test OOD1: 64.37% Test OOD2: 54.68% Test OOD3: 60.82% 
Epoch: 416, Loss: 1.6818, Cls: 0.8409, Ind: 0.0000, Med: 0.4206, Spu: 0.0000, FD: 0.4202, Var: 0.0000, Ctx: 3, Train: 83.01%, Valid: 71.67%, Test In: 72.47% Test OOD1: 63.52% Test OOD2: 54.82% Test OOD3: 60.14% 
Epoch: 417, Loss: 1.7037, Cls: 0.8517, Ind: 0.0000, Med: 0.4258, Spu: 0.0000, FD: 0.4261, Var: 0.0000, Ctx: 3, Train: 82.91%, Valid: 71.90%, Test In: 72.54% Test OOD1: 64.23% Test OOD2: 54.57% Test OOD3: 60.83% 
Epoch: 418, Loss: 1.7591, Cls: 0.8797, Ind: 0.0000, Med: 0.4401, Spu: 0.0000, FD: 0.4394, Var: 0.0000, Ctx: 3, Train: 82.57%, Valid: 71.37%, Test In: 72.38% Test OOD1: 63.19% Test OOD2: 54.91% Test OOD3: 59.87% 
Epoch: 419, Loss: 1.9060, Cls: 0.9528, Ind: 0.0000, Med: 0.4763, Spu: 0.0000, FD: 0.4769, Var: 0.0000, Ctx: 3, Train: 82.48%, Valid: 72.46%, Test In: 72.99% Test OOD1: 65.05% Test OOD2: 54.46% Test OOD3: 61.55% 
Epoch: 420, Loss: 1.8567, Cls: 0.9284, Ind: 0.0000, Med: 0.4644, Spu: 0.0000, FD: 0.4638, Var: 0.0000, Ctx: 3, Train: 82.97%, Valid: 71.59%, Test In: 72.38% Test OOD1: 63.71% Test OOD2: 54.86% Test OOD3: 60.33% 
Epoch: 421, Loss: 1.7130, Cls: 0.8564, Ind: 0.0000, Med: 0.4282, Spu: 0.0000, FD: 0.4283, Var: 0.0000, Ctx: 3, Train: 82.94%, Valid: 71.52%, Test In: 72.48% Test OOD1: 63.61% Test OOD2: 54.90% Test OOD3: 60.31% 
Epoch: 422, Loss: 1.7199, Cls: 0.8599, Ind: 0.0000, Med: 0.4300, Spu: 0.0000, FD: 0.4300, Var: 0.0000, Ctx: 3, Train: 82.12%, Valid: 72.31%, Test In: 73.16% Test OOD1: 65.20% Test OOD2: 54.45% Test OOD3: 61.73% 
Epoch: 423, Loss: 1.7761, Cls: 0.8879, Ind: 0.0000, Med: 0.4438, Spu: 0.0000, FD: 0.4444, Var: 0.0000, Ctx: 3, Train: 82.97%, Valid: 72.13%, Test In: 72.99% Test OOD1: 65.02% Test OOD2: 54.88% Test OOD3: 61.38% 
Epoch: 424, Loss: 1.6956, Cls: 0.8476, Ind: 0.0000, Med: 0.4236, Spu: 0.0000, FD: 0.4244, Var: 0.0000, Ctx: 3, Train: 82.70%, Valid: 71.97%, Test In: 72.90% Test OOD1: 64.71% Test OOD2: 54.87% Test OOD3: 61.15% 
Epoch: 425, Loss: 1.7335, Cls: 0.8665, Ind: 0.0000, Med: 0.4330, Spu: 0.0000, FD: 0.4339, Var: 0.0000, Ctx: 3, Train: 82.46%, Valid: 72.46%, Test In: 73.32% Test OOD1: 65.61% Test OOD2: 54.63% Test OOD3: 61.94% 
Epoch: 426, Loss: 1.7128, Cls: 0.8563, Ind: 0.0000, Med: 0.4282, Spu: 0.0000, FD: 0.4282, Var: 0.0000, Ctx: 3, Train: 82.67%, Valid: 72.34%, Test In: 73.24% Test OOD1: 65.67% Test OOD2: 54.75% Test OOD3: 62.09% 
Epoch: 427, Loss: 1.7008, Cls: 0.8504, Ind: 0.0000, Med: 0.4253, Spu: 0.0000, FD: 0.4251, Var: 0.0000, Ctx: 3, Train: 82.64%, Valid: 71.89%, Test In: 73.05% Test OOD1: 64.99% Test OOD2: 55.02% Test OOD3: 61.57% 
Epoch: 428, Loss: 1.7181, Cls: 0.8587, Ind: 0.0000, Med: 0.4290, Spu: 0.0000, FD: 0.4304, Var: 0.0000, Ctx: 3, Train: 82.55%, Valid: 71.92%, Test In: 73.09% Test OOD1: 64.90% Test OOD2: 54.85% Test OOD3: 61.60% 
Epoch: 429, Loss: 1.6918, Cls: 0.8457, Ind: 0.0000, Med: 0.4228, Spu: 0.0000, FD: 0.4232, Var: 0.0000, Ctx: 3, Train: 82.78%, Valid: 72.21%, Test In: 73.10% Test OOD1: 65.35% Test OOD2: 54.69% Test OOD3: 61.94% 
Epoch: 430, Loss: 1.7073, Cls: 0.8538, Ind: 0.0000, Med: 0.4272, Spu: 0.0000, FD: 0.4264, Var: 0.0000, Ctx: 3, Train: 82.63%, Valid: 72.00%, Test In: 72.90% Test OOD1: 65.28% Test OOD2: 54.72% Test OOD3: 61.78% 
Epoch: 431, Loss: 1.6984, Cls: 0.8490, Ind: 0.0000, Med: 0.4243, Spu: 0.0000, FD: 0.4251, Var: 0.0000, Ctx: 3, Train: 82.75%, Valid: 72.02%, Test In: 72.87% Test OOD1: 65.06% Test OOD2: 54.66% Test OOD3: 61.56% 
Epoch: 432, Loss: 1.6889, Cls: 0.8443, Ind: 0.0000, Med: 0.4221, Spu: 0.0000, FD: 0.4225, Var: 0.0000, Ctx: 3, Train: 82.80%, Valid: 72.06%, Test In: 72.80% Test OOD1: 64.68% Test OOD2: 54.61% Test OOD3: 61.41% 
Epoch: 433, Loss: 1.7022, Cls: 0.8511, Ind: 0.0000, Med: 0.4256, Spu: 0.0000, FD: 0.4254, Var: 0.0000, Ctx: 3, Train: 82.96%, Valid: 71.53%, Test In: 72.50% Test OOD1: 64.17% Test OOD2: 54.81% Test OOD3: 60.86% 
Epoch: 434, Loss: 1.6792, Cls: 0.8396, Ind: 0.0000, Med: 0.4199, Spu: 0.0000, FD: 0.4197, Var: 0.0000, Ctx: 3, Train: 82.94%, Valid: 71.61%, Test In: 72.54% Test OOD1: 64.32% Test OOD2: 54.86% Test OOD3: 60.94% 
Epoch: 435, Loss: 1.6794, Cls: 0.8397, Ind: 0.0000, Med: 0.4200, Spu: 0.0000, FD: 0.4197, Var: 0.0000, Ctx: 3, Train: 83.01%, Valid: 72.14%, Test In: 72.85% Test OOD1: 64.57% Test OOD2: 54.64% Test OOD3: 61.19% 
Epoch: 436, Loss: 1.6905, Cls: 0.8451, Ind: 0.0000, Med: 0.4224, Spu: 0.0000, FD: 0.4230, Var: 0.0000, Ctx: 3, Train: 82.93%, Valid: 71.86%, Test In: 72.62% Test OOD1: 64.03% Test OOD2: 54.74% Test OOD3: 60.71% 
Epoch: 437, Loss: 1.6864, Cls: 0.8433, Ind: 0.0000, Med: 0.4219, Spu: 0.0000, FD: 0.4212, Var: 0.0000, Ctx: 3, Train: 83.03%, Valid: 71.83%, Test In: 72.57% Test OOD1: 64.27% Test OOD2: 54.77% Test OOD3: 60.94% 
Epoch: 438, Loss: 1.6691, Cls: 0.8345, Ind: 0.0000, Med: 0.4173, Spu: 0.0000, FD: 0.4173, Var: 0.0000, Ctx: 3, Train: 83.15%, Valid: 71.84%, Test In: 72.70% Test OOD1: 64.08% Test OOD2: 54.69% Test OOD3: 60.80% 
Epoch: 439, Loss: 1.6762, Cls: 0.8380, Ind: 0.0000, Med: 0.4189, Spu: 0.0000, FD: 0.4193, Var: 0.0000, Ctx: 3, Train: 83.04%, Valid: 71.57%, Test In: 72.48% Test OOD1: 63.31% Test OOD2: 54.82% Test OOD3: 60.23% 
Epoch: 440, Loss: 1.7055, Cls: 0.8528, Ind: 0.0000, Med: 0.4266, Spu: 0.0000, FD: 0.4260, Var: 0.0000, Ctx: 3, Train: 83.15%, Valid: 71.96%, Test In: 72.65% Test OOD1: 64.37% Test OOD2: 54.64% Test OOD3: 61.01% 
Epoch: 441, Loss: 1.6962, Cls: 0.8480, Ind: 0.0000, Med: 0.4240, Spu: 0.0000, FD: 0.4242, Var: 0.0000, Ctx: 3, Train: 83.16%, Valid: 71.63%, Test In: 72.33% Test OOD1: 63.82% Test OOD2: 54.73% Test OOD3: 60.50% 
Epoch: 442, Loss: 1.6767, Cls: 0.8384, Ind: 0.0000, Med: 0.4194, Spu: 0.0000, FD: 0.4190, Var: 0.0000, Ctx: 3, Train: 83.25%, Valid: 71.64%, Test In: 72.29% Test OOD1: 63.51% Test OOD2: 54.64% Test OOD3: 60.34% 
Epoch: 443, Loss: 1.6593, Cls: 0.8297, Ind: 0.0000, Med: 0.4150, Spu: 0.0000, FD: 0.4146, Var: 0.0000, Ctx: 3, Train: 83.26%, Valid: 71.73%, Test In: 72.53% Test OOD1: 64.14% Test OOD2: 54.64% Test OOD3: 60.70% 
Epoch: 444, Loss: 1.6715, Cls: 0.8357, Ind: 0.0000, Med: 0.4179, Spu: 0.0000, FD: 0.4180, Var: 0.0000, Ctx: 3, Train: 83.34%, Valid: 71.55%, Test In: 72.38% Test OOD1: 63.94% Test OOD2: 54.86% Test OOD3: 60.51% 
Epoch: 445, Loss: 1.6988, Cls: 0.8493, Ind: 0.0000, Med: 0.4247, Spu: 0.0000, FD: 0.4247, Var: 0.0000, Ctx: 3, Train: 83.40%, Valid: 71.79%, Test In: 72.39% Test OOD1: 64.21% Test OOD2: 54.57% Test OOD3: 60.79% 
Epoch: 446, Loss: 1.6946, Cls: 0.8471, Ind: 0.0000, Med: 0.4234, Spu: 0.0000, FD: 0.4241, Var: 0.0000, Ctx: 3, Train: 83.32%, Valid: 71.78%, Test In: 72.52% Test OOD1: 64.06% Test OOD2: 54.68% Test OOD3: 60.64% 
Epoch: 447, Loss: 1.6729, Cls: 0.8365, Ind: 0.0000, Med: 0.4184, Spu: 0.0000, FD: 0.4180, Var: 0.0000, Ctx: 3, Train: 83.38%, Valid: 71.87%, Test In: 72.65% Test OOD1: 64.59% Test OOD2: 54.71% Test OOD3: 61.03% 
Epoch: 448, Loss: 1.6542, Cls: 0.8270, Ind: 0.0000, Med: 0.4135, Spu: 0.0000, FD: 0.4136, Var: 0.0000, Ctx: 3, Train: 83.47%, Valid: 71.71%, Test In: 72.49% Test OOD1: 64.18% Test OOD2: 54.65% Test OOD3: 60.75% 
Epoch: 449, Loss: 1.6592, Cls: 0.8295, Ind: 0.0000, Med: 0.4147, Spu: 0.0000, FD: 0.4150, Var: 0.0000, Ctx: 3, Train: 82.38%, Valid: 69.62%, Test In: 70.55% Test OOD1: 61.48% Test OOD2: 54.45% Test OOD3: 58.91% 
Epoch: 450, Loss: 1.7554, Cls: 0.8780, Ind: 0.0000, Med: 0.4396, Spu: 0.0000, FD: 0.4378, Var: 0.0000, Ctx: 3, Train: 82.28%, Valid: 72.40%, Test In: 72.89% Test OOD1: 65.55% Test OOD2: 54.19% Test OOD3: 61.99% 
Epoch: 451, Loss: 1.9007, Cls: 0.9503, Ind: 0.0000, Med: 0.4751, Spu: 0.0000, FD: 0.4754, Var: 0.0000, Ctx: 3, Train: 81.75%, Valid: 69.50%, Test In: 70.10% Test OOD1: 62.52% Test OOD2: 54.58% Test OOD3: 59.33% 
Epoch: 452, Loss: 1.7969, Cls: 0.8983, Ind: 0.0000, Med: 0.4491, Spu: 0.0000, FD: 0.4494, Var: 0.0000, Ctx: 3, Train: 74.87%, Valid: 64.19%, Test In: 64.52% Test OOD1: 58.33% Test OOD2: 53.45% Test OOD3: 57.22% 
Epoch: 453, Loss: 3.6917, Cls: 1.8449, Ind: 0.0000, Med: 0.9212, Spu: 0.0000, FD: 0.9256, Var: 0.0000, Ctx: 3, Train: 76.84%, Valid: 71.45%, Test In: 73.11% Test OOD1: 64.43% Test OOD2: 53.66% Test OOD3: 62.43% 
Epoch: 454, Loss: 3.6744, Cls: 1.8432, Ind: 0.0000, Med: 0.9311, Spu: 0.0000, FD: 0.9001, Var: 0.0000, Ctx: 3, Train: 74.89%, Valid: 70.85%, Test In: 72.61% Test OOD1: 65.94% Test OOD2: 53.01% Test OOD3: 63.26% 
Epoch: 455, Loss: 2.5573, Cls: 1.2811, Ind: 0.0000, Med: 0.6448, Spu: 0.0000, FD: 0.6314, Var: 0.0000, Ctx: 3, Train: 71.72%, Valid: 67.94%, Test In: 69.51% Test OOD1: 66.68% Test OOD2: 52.43% Test OOD3: 63.38% 
Epoch: 456, Loss: 2.0924, Cls: 1.0472, Ind: 0.0000, Med: 0.5256, Spu: 0.0000, FD: 0.5196, Var: 0.0000, Ctx: 3, Train: 69.12%, Valid: 65.81%, Test In: 66.98% Test OOD1: 65.88% Test OOD2: 52.20% Test OOD3: 62.81% 
Epoch: 457, Loss: 2.4243, Cls: 1.2158, Ind: 0.0000, Med: 0.6142, Spu: 0.0000, FD: 0.5942, Var: 0.0000, Ctx: 3, Train: 68.15%, Valid: 65.07%, Test In: 66.13% Test OOD1: 65.52% Test OOD2: 52.16% Test OOD3: 62.51% 
Epoch: 458, Loss: 2.3727, Cls: 1.1894, Ind: 0.0000, Med: 0.6000, Spu: 0.0000, FD: 0.5833, Var: 0.0000, Ctx: 3, Train: 67.87%, Valid: 64.77%, Test In: 65.94% Test OOD1: 65.39% Test OOD2: 52.13% Test OOD3: 62.41% 
Epoch: 459, Loss: 2.2545, Cls: 1.1286, Ind: 0.0000, Med: 0.5669, Spu: 0.0000, FD: 0.5590, Var: 0.0000, Ctx: 3, Train: 67.77%, Valid: 64.60%, Test In: 65.87% Test OOD1: 65.29% Test OOD2: 52.10% Test OOD3: 62.36% 
Epoch: 460, Loss: 2.2139, Cls: 1.1072, Ind: 0.0000, Med: 0.5545, Spu: 0.0000, FD: 0.5522, Var: 0.0000, Ctx: 3, Train: 67.71%, Valid: 64.47%, Test In: 65.80% Test OOD1: 65.24% Test OOD2: 52.07% Test OOD3: 62.30% 
Epoch: 461, Loss: 2.2207, Cls: 1.1104, Ind: 0.0000, Med: 0.5556, Spu: 0.0000, FD: 0.5547, Var: 0.0000, Ctx: 3, Train: 67.60%, Valid: 64.36%, Test In: 65.69% Test OOD1: 65.20% Test OOD2: 52.05% Test OOD3: 62.23% 
Epoch: 462, Loss: 2.2392, Cls: 1.1198, Ind: 0.0000, Med: 0.5607, Spu: 0.0000, FD: 0.5587, Var: 0.0000, Ctx: 3, Train: 67.24%, Valid: 64.11%, Test In: 65.34% Test OOD1: 65.09% Test OOD2: 52.03% Test OOD3: 62.12% 
Epoch: 463, Loss: 2.2497, Cls: 1.1252, Ind: 0.0000, Med: 0.5636, Spu: 0.0000, FD: 0.5609, Var: 0.0000, Ctx: 3, Train: 66.70%, Valid: 63.75%, Test In: 64.85% Test OOD1: 64.92% Test OOD2: 52.02% Test OOD3: 62.00% 
Epoch: 464, Loss: 2.2481, Cls: 1.1242, Ind: 0.0000, Med: 0.5627, Spu: 0.0000, FD: 0.5611, Var: 0.0000, Ctx: 3, Train: 66.00%, Valid: 63.21%, Test In: 64.19% Test OOD1: 64.73% Test OOD2: 52.01% Test OOD3: 61.85% 
Epoch: 465, Loss: 2.2423, Cls: 1.1209, Ind: 0.0000, Med: 0.5602, Spu: 0.0000, FD: 0.5612, Var: 0.0000, Ctx: 3, Train: 65.01%, Valid: 62.48%, Test In: 63.29% Test OOD1: 64.49% Test OOD2: 51.88% Test OOD3: 61.63% 
Epoch: 466, Loss: 2.2451, Cls: 1.1220, Ind: 0.0000, Med: 0.5603, Spu: 0.0000, FD: 0.5628, Var: 0.0000, Ctx: 3, Train: 64.40%, Valid: 62.26%, Test In: 62.87% Test OOD1: 64.42% Test OOD2: 52.10% Test OOD3: 61.47% 
Epoch: 467, Loss: 2.2556, Cls: 1.1273, Ind: 0.0000, Med: 0.5631, Spu: 0.0000, FD: 0.5652, Var: 0.0000, Ctx: 3, Train: 64.30%, Valid: 62.18%, Test In: 62.67% Test OOD1: 64.32% Test OOD2: 52.26% Test OOD3: 61.49% 
Epoch: 468, Loss: 2.2624, Cls: 1.1308, Ind: 0.0000, Med: 0.5654, Spu: 0.0000, FD: 0.5662, Var: 0.0000, Ctx: 3, Train: 64.25%, Valid: 62.16%, Test In: 62.68% Test OOD1: 64.33% Test OOD2: 52.15% Test OOD3: 61.33% 
Epoch: 469, Loss: 2.2553, Cls: 1.1273, Ind: 0.0000, Med: 0.5638, Spu: 0.0000, FD: 0.5642, Var: 0.0000, Ctx: 3, Train: 63.86%, Valid: 61.93%, Test In: 62.34% Test OOD1: 64.01% Test OOD2: 51.88% Test OOD3: 60.85% 
Epoch: 470, Loss: 2.2433, Cls: 1.1213, Ind: 0.0000, Med: 0.5606, Spu: 0.0000, FD: 0.5614, Var: 0.0000, Ctx: 3, Train: 63.77%, Valid: 61.92%, Test In: 62.23% Test OOD1: 63.88% Test OOD2: 51.81% Test OOD3: 60.65% 
Epoch: 471, Loss: 2.2345, Cls: 1.1168, Ind: 0.0000, Med: 0.5581, Spu: 0.0000, FD: 0.5595, Var: 0.0000, Ctx: 3, Train: 63.84%, Valid: 62.04%, Test In: 62.29% Test OOD1: 63.83% Test OOD2: 51.80% Test OOD3: 60.55% 
Epoch: 472, Loss: 2.2314, Cls: 1.1153, Ind: 0.0000, Med: 0.5572, Spu: 0.0000, FD: 0.5590, Var: 0.0000, Ctx: 3, Train: 63.88%, Valid: 62.11%, Test In: 62.32% Test OOD1: 63.76% Test OOD2: 51.79% Test OOD3: 60.47% 
Epoch: 473, Loss: 2.2336, Cls: 1.1164, Ind: 0.0000, Med: 0.5576, Spu: 0.0000, FD: 0.5597, Var: 0.0000, Ctx: 3, Train: 63.89%, Valid: 62.14%, Test In: 62.31% Test OOD1: 63.72% Test OOD2: 51.76% Test OOD3: 60.43% 
Epoch: 474, Loss: 2.2382, Cls: 1.1186, Ind: 0.0000, Med: 0.5587, Spu: 0.0000, FD: 0.5609, Var: 0.0000, Ctx: 3, Train: 63.88%, Valid: 62.15%, Test In: 62.30% Test OOD1: 63.69% Test OOD2: 51.74% Test OOD3: 60.39% 
Epoch: 475, Loss: 2.2421, Cls: 1.1205, Ind: 0.0000, Med: 0.5596, Spu: 0.0000, FD: 0.5619, Var: 0.0000, Ctx: 3, Train: 63.86%, Valid: 62.13%, Test In: 62.30% Test OOD1: 63.66% Test OOD2: 51.72% Test OOD3: 60.37% 
Epoch: 476, Loss: 2.2436, Cls: 1.1212, Ind: 0.0000, Med: 0.5600, Spu: 0.0000, FD: 0.5624, Var: 0.0000, Ctx: 3, Train: 63.83%, Valid: 62.10%, Test In: 62.28% Test OOD1: 63.63% Test OOD2: 51.71% Test OOD3: 60.36% 
Epoch: 477, Loss: 2.2424, Cls: 1.1206, Ind: 0.0000, Med: 0.5596, Spu: 0.0000, FD: 0.5622, Var: 0.0000, Ctx: 3, Train: 63.79%, Valid: 62.06%, Test In: 62.26% Test OOD1: 63.61% Test OOD2: 51.69% Test OOD3: 60.34% 
Epoch: 478, Loss: 2.2391, Cls: 1.1189, Ind: 0.0000, Med: 0.5588, Spu: 0.0000, FD: 0.5615, Var: 0.0000, Ctx: 3, Train: 63.75%, Valid: 62.03%, Test In: 62.23% Test OOD1: 63.60% Test OOD2: 51.67% Test OOD3: 60.33% 
Epoch: 479, Loss: 2.2353, Cls: 1.1169, Ind: 0.0000, Med: 0.5578, Spu: 0.0000, FD: 0.5606, Var: 0.0000, Ctx: 3, Train: 63.72%, Valid: 61.99%, Test In: 62.20% Test OOD1: 63.59% Test OOD2: 51.66% Test OOD3: 60.33% 
Epoch: 480, Loss: 2.2321, Cls: 1.1153, Ind: 0.0000, Med: 0.5570, Spu: 0.0000, FD: 0.5598, Var: 0.0000, Ctx: 3, Train: 63.68%, Valid: 61.95%, Test In: 62.17% Test OOD1: 63.58% Test OOD2: 51.65% Test OOD3: 60.34% 
Epoch: 481, Loss: 2.2304, Cls: 1.1145, Ind: 0.0000, Med: 0.5566, Spu: 0.0000, FD: 0.5593, Var: 0.0000, Ctx: 3, Train: 63.65%, Valid: 61.92%, Test In: 62.14% Test OOD1: 63.58% Test OOD2: 51.64% Test OOD3: 60.34% 
Epoch: 482, Loss: 2.2301, Cls: 1.1144, Ind: 0.0000, Med: 0.5566, Spu: 0.0000, FD: 0.5591, Var: 0.0000, Ctx: 3, Train: 63.63%, Valid: 61.89%, Test In: 62.12% Test OOD1: 63.58% Test OOD2: 51.63% Test OOD3: 60.35% 
Epoch: 483, Loss: 2.2307, Cls: 1.1147, Ind: 0.0000, Med: 0.5567, Spu: 0.0000, FD: 0.5592, Var: 0.0000, Ctx: 3, Train: 63.60%, Valid: 61.87%, Test In: 62.10% Test OOD1: 63.57% Test OOD2: 51.62% Test OOD3: 60.34% 
Epoch: 484, Loss: 2.2311, Cls: 1.1149, Ind: 0.0000, Med: 0.5568, Spu: 0.0000, FD: 0.5593, Var: 0.0000, Ctx: 3, Train: 63.57%, Valid: 61.84%, Test In: 62.06% Test OOD1: 63.57% Test OOD2: 51.62% Test OOD3: 60.34% 
Epoch: 485, Loss: 2.2306, Cls: 1.1147, Ind: 0.0000, Med: 0.5566, Spu: 0.0000, FD: 0.5594, Var: 0.0000, Ctx: 3, Train: 63.53%, Valid: 61.82%, Test In: 62.03% Test OOD1: 63.56% Test OOD2: 51.61% Test OOD3: 60.32% 
Epoch: 486, Loss: 2.2291, Cls: 1.1138, Ind: 0.0000, Med: 0.5560, Spu: 0.0000, FD: 0.5593, Var: 0.0000, Ctx: 3, Train: 63.49%, Valid: 61.79%, Test In: 61.98% Test OOD1: 63.55% Test OOD2: 51.61% Test OOD3: 60.30% 
Epoch: 487, Loss: 2.2266, Cls: 1.1124, Ind: 0.0000, Med: 0.5552, Spu: 0.0000, FD: 0.5590, Var: 0.0000, Ctx: 3, Train: 63.44%, Valid: 61.75%, Test In: 61.93% Test OOD1: 63.54% Test OOD2: 51.61% Test OOD3: 60.27% 
Epoch: 488, Loss: 2.2238, Cls: 1.1109, Ind: 0.0000, Med: 0.5543, Spu: 0.0000, FD: 0.5585, Var: 0.0000, Ctx: 3, Train: 63.39%, Valid: 61.72%, Test In: 61.88% Test OOD1: 63.52% Test OOD2: 51.61% Test OOD3: 60.24% 
Epoch: 489, Loss: 2.2211, Cls: 1.1095, Ind: 0.0000, Med: 0.5536, Spu: 0.0000, FD: 0.5580, Var: 0.0000, Ctx: 3, Train: 63.34%, Valid: 61.70%, Test In: 61.82% Test OOD1: 63.51% Test OOD2: 51.61% Test OOD3: 60.21% 
Epoch: 490, Loss: 2.2188, Cls: 1.1082, Ind: 0.0000, Med: 0.5530, Spu: 0.0000, FD: 0.5575, Var: 0.0000, Ctx: 3, Train: 63.30%, Valid: 61.67%, Test In: 61.77% Test OOD1: 63.49% Test OOD2: 51.61% Test OOD3: 60.19% 
Epoch: 491, Loss: 2.2168, Cls: 1.1072, Ind: 0.0000, Med: 0.5525, Spu: 0.0000, FD: 0.5571, Var: 0.0000, Ctx: 3, Train: 63.26%, Valid: 61.66%, Test In: 61.73% Test OOD1: 63.49% Test OOD2: 51.63% Test OOD3: 60.18% 
Epoch: 492, Loss: 2.2148, Cls: 1.1062, Ind: 0.0000, Med: 0.5520, Spu: 0.0000, FD: 0.5567, Var: 0.0000, Ctx: 3, Train: 63.22%, Valid: 61.65%, Test In: 61.69% Test OOD1: 63.49% Test OOD2: 51.63% Test OOD3: 60.16% 
Epoch: 493, Loss: 2.2125, Cls: 1.1050, Ind: 0.0000, Med: 0.5513, Spu: 0.0000, FD: 0.5562, Var: 0.0000, Ctx: 3, Train: 63.17%, Valid: 61.66%, Test In: 61.65% Test OOD1: 63.50% Test OOD2: 51.63% Test OOD3: 60.15% 
Epoch: 494, Loss: 2.2094, Cls: 1.1033, Ind: 0.0000, Med: 0.5505, Spu: 0.0000, FD: 0.5556, Var: 0.0000, Ctx: 3, Train: 63.14%, Valid: 61.67%, Test In: 61.63% Test OOD1: 63.53% Test OOD2: 51.64% Test OOD3: 60.16% 
Epoch: 495, Loss: 2.2055, Cls: 1.1013, Ind: 0.0000, Med: 0.5494, Spu: 0.0000, FD: 0.5548, Var: 0.0000, Ctx: 3, Train: 63.19%, Valid: 61.73%, Test In: 61.66% Test OOD1: 63.63% Test OOD2: 51.66% Test OOD3: 60.20% 
Epoch: 496, Loss: 2.2009, Cls: 1.0989, Ind: 0.0000, Med: 0.5481, Spu: 0.0000, FD: 0.5539, Var: 0.0000, Ctx: 3, Train: 63.46%, Valid: 61.93%, Test In: 61.89% Test OOD1: 63.84% Test OOD2: 51.69% Test OOD3: 60.33% 
Epoch: 497, Loss: 2.1953, Cls: 1.0960, Ind: 0.0000, Med: 0.5466, Spu: 0.0000, FD: 0.5527, Var: 0.0000, Ctx: 3, Train: 64.24%, Valid: 62.51%, Test In: 62.57% Test OOD1: 64.30% Test OOD2: 51.83% Test OOD3: 60.76% 
Epoch: 498, Loss: 2.1881, Cls: 1.0922, Ind: 0.0000, Med: 0.5447, Spu: 0.0000, FD: 0.5511, Var: 0.0000, Ctx: 3, Train: 64.92%, Valid: 62.99%, Test In: 63.18% Test OOD1: 64.62% Test OOD2: 51.90% Test OOD3: 61.12% 
Epoch: 499, Loss: 2.1823, Cls: 1.0892, Ind: 0.0000, Med: 0.5432, Spu: 0.0000, FD: 0.5499, Var: 0.0000, Ctx: 3, Train: 65.24%, Valid: 63.17%, Test In: 63.43% Test OOD1: 64.67% Test OOD2: 51.91% Test OOD3: 61.21% 
Run 02:
Highest Train: 83.47
Highest Valid: 73.31
Highest In Test: 74.79
Highest OOD Test: 67.80
Highest OOD Test: 55.15
Highest OOD Test: 64.32
Chosen epoch: 204
Final Train: 79.19
Final In Test: 74.48
Final OOD Test: 66.92
Final OOD Test: 54.26
Final OOD Test: 63.82
All runs:
Highest Train: 85.12 ± 2.33
Highest Valid: 73.46 ± 0.21
Highest In Test: 74.81 ± 0.03
Highest OOD Test: 68.11 ± 0.44
Highest OOD Test: 54.76 ± 0.55
Highest OOD Test: 64.31 ± 0.02
  Final Train: 78.88 ± 0.44
   Final In  Test: 74.58 ± 0.14
   Final OOD Test: 67.17 ± 0.35
   Final OOD Test: 54.21 ± 0.07
   Final OOD Test: 63.73 ± 0.13
[INFO] TensorBoard writer closed.

Command: python main_frontdoor.py --dataset twitch --backbone_type gcn --store_result --epochs 500 --runs 2 --num_layers 2 --device 1 --seed 2024 --lr 0.01 --weight_decay 0.0001 --dropout 0.0 --hidden_channels 32 --K 3 --lambda_fd 0.5 --lambda_spu 0.05 --lambda_ind 0.05 --context_gate_temp 0.5 --fd_blend 0.3 --pos_weight 3.0 --result_name twitch_gcn_frontdoor_stage2_lr0.01_weight_decay0.0001_dropout0.0_hidden_channels32_K3_lambda_fd0.5_lambda_spu0.05_lambda_ind0.05_context_gate_temp0.5_fd_blend0.3_pos_weight3.0
Return code: 0
Elapsed: 211.95s
