Namespace(K=3, backbone_type='gcn', combine_result=False, context_gate_temp=0.5, cpu=False, data_dir='./data/', dataset='twitch', device=1, display_step=1, dropout=0.0, env_type='node', epochs=500, expert_agg='mean', fd_blend=0.3, gamma=0.99, gate_hidden=64, hidden_channels=32, infer_env=False, infer_env_components=64, infer_env_iters=30, infer_env_num=3, lambda_fd=0.5, lambda_ind=0.1, lambda_med=0.5, lambda_spu=0.05, lambda_var=0.05, lamda=1.0, lr=0.01, num_layers=2, other_env_reduce='sample', pos_weight=5.0, result_name='twitch_gcn_frontdoor_stage2_lr0.01_weight_decay0.0001_dropout0.0_hidden_channels32_K3_lambda_fd0.5_lambda_spu0.05_lambda_ind0.1_context_gate_temp0.5_fd_blend0.3_pos_weight5.0', runs=2, seed=2024, store_result=True, tau=1, use_bn=False, variant=False, weight_decay=0.0001)
dataset twitch: all nodes 34120 | edges 892346 | classes 2 | feats 128
train nodes 7897 | valid nodes 3949 | test in nodes 3949
test ood1 nodes 4648 test ood2 nodes 6551 test ood3 nodes 7126 
[INFO] env numbers: 6 train env numbers: 3
MODEL: GraphFrontDoor(
  (act_fn): ReLU()
  (input_proj): Linear(in_features=128, out_features=32, bias=True)
  (backbone_layers): ModuleList(
    (0): FrontDoorBackboneLayer()
    (1): FrontDoorBackboneLayer()
  )
  (causal_adapter): Linear(in_features=32, out_features=32, bias=True)
  (spurious_adapter): Linear(in_features=32, out_features=32, bias=True)
  (causal_norm): LayerNorm((32,), eps=1e-05, elementwise_affine=True)
  (spurious_norm): LayerNorm((32,), eps=1e-05, elementwise_affine=True)
  (classifier): Linear(in_features=32, out_features=2, bias=True)
  (spurious_classifier): Linear(in_features=32, out_features=2, bias=True)
  (fd_classifier): Linear(in_features=32, out_features=2, bias=True)
  (query_proj): Linear(in_features=32, out_features=32, bias=True)
  (key_proj): Linear(in_features=32, out_features=32, bias=True)
  (value_proj): Linear(in_features=32, out_features=32, bias=True)
  (aug_norm): LayerNorm((32,), eps=1e-05, elementwise_affine=True)
)
[INFO] TensorBoard logging activated. Logs will be saved to: ./runs/twitch/frontdoor/twitch_gcn_frontdoor_stage2_lr0.01_weight_decay0.0001_dropout0.0_hidden_channels32_K3_lambda_fd0.5_lambda_spu0.05_lambda_ind0.1_context_gate_temp0.5_fd_blend0.3_pos_weight5.0
Epoch: 00, Loss: 3.4534, Cls: 1.6713, Ind: 0.0013, Med: 0.7920, Spu: 0.0057, FD: 0.9831, Var: 0.0000, Ctx: 3, Train: 42.84%, Valid: 42.75%, Test In: 43.85% Test OOD1: 39.09% Test OOD2: 48.81% Test OOD3: 42.94% 
Epoch: 01, Loss: 2.7176, Cls: 1.3576, Ind: 0.0003, Med: 0.6798, Spu: 0.0010, FD: 0.6789, Var: 0.0000, Ctx: 3, Train: 42.79%, Valid: 42.63%, Test In: 43.69% Test OOD1: 39.10% Test OOD2: 48.90% Test OOD3: 42.96% 
Epoch: 02, Loss: 2.7561, Cls: 1.3731, Ind: 0.0006, Med: 0.6842, Spu: 0.0009, FD: 0.6973, Var: 0.0000, Ctx: 3, Train: 42.99%, Valid: 42.89%, Test In: 43.76% Test OOD1: 39.04% Test OOD2: 48.81% Test OOD3: 43.01% 
Epoch: 03, Loss: 2.7669, Cls: 1.3741, Ind: 0.0005, Med: 0.6836, Spu: 0.0004, FD: 0.7084, Var: 0.0000, Ctx: 3, Train: 43.91%, Valid: 43.68%, Test In: 44.60% Test OOD1: 39.41% Test OOD2: 48.72% Test OOD3: 43.45% 
Epoch: 04, Loss: 2.7419, Cls: 1.3606, Ind: 0.0004, Med: 0.6795, Spu: 0.0012, FD: 0.7002, Var: 0.0000, Ctx: 3, Train: 51.51%, Valid: 50.34%, Test In: 51.51% Test OOD1: 45.06% Test OOD2: 48.24% Test OOD3: 48.20% 
Epoch: 05, Loss: 2.7168, Cls: 1.3506, Ind: 0.0002, Med: 0.6777, Spu: 0.0003, FD: 0.6880, Var: 0.0000, Ctx: 3, Train: 60.47%, Valid: 59.12%, Test In: 59.35% Test OOD1: 61.01% Test OOD2: 49.96% Test OOD3: 57.53% 
Epoch: 06, Loss: 2.7097, Cls: 1.3505, Ind: 0.0002, Med: 0.6780, Spu: 0.0003, FD: 0.6807, Var: 0.0000, Ctx: 3, Train: 59.74%, Valid: 58.74%, Test In: 58.67% Test OOD1: 61.31% Test OOD2: 50.54% Test OOD3: 57.84% 
Epoch: 07, Loss: 2.7117, Cls: 1.3538, Ind: 0.0004, Med: 0.6778, Spu: 0.0010, FD: 0.6788, Var: 0.0000, Ctx: 3, Train: 59.20%, Valid: 58.48%, Test In: 58.19% Test OOD1: 61.28% Test OOD2: 50.69% Test OOD3: 57.70% 
Epoch: 08, Loss: 2.7091, Cls: 1.3535, Ind: 0.0005, Med: 0.6761, Spu: 0.0004, FD: 0.6787, Var: 0.0000, Ctx: 3, Train: 58.98%, Valid: 58.34%, Test In: 57.96% Test OOD1: 61.30% Test OOD2: 50.80% Test OOD3: 57.67% 
Epoch: 09, Loss: 2.7039, Cls: 1.3504, Ind: 0.0004, Med: 0.6746, Spu: 0.0001, FD: 0.6784, Var: 0.0000, Ctx: 3, Train: 58.81%, Valid: 58.28%, Test In: 57.83% Test OOD1: 61.30% Test OOD2: 50.85% Test OOD3: 57.65% 
Epoch: 10, Loss: 2.7013, Cls: 1.3478, Ind: 0.0003, Med: 0.6746, Spu: 0.0005, FD: 0.6781, Var: 0.0000, Ctx: 3, Train: 58.66%, Valid: 58.22%, Test In: 57.68% Test OOD1: 61.29% Test OOD2: 50.86% Test OOD3: 57.59% 
Epoch: 11, Loss: 2.7015, Cls: 1.3474, Ind: 0.0002, Med: 0.6754, Spu: 0.0004, FD: 0.6781, Var: 0.0000, Ctx: 3, Train: 58.52%, Valid: 58.16%, Test In: 57.55% Test OOD1: 61.25% Test OOD2: 50.87% Test OOD3: 57.50% 
Epoch: 12, Loss: 2.7021, Cls: 1.3480, Ind: 0.0001, Med: 0.6755, Spu: 0.0001, FD: 0.6784, Var: 0.0000, Ctx: 3, Train: 58.39%, Valid: 58.07%, Test In: 57.44% Test OOD1: 61.21% Test OOD2: 50.85% Test OOD3: 57.40% 
Epoch: 13, Loss: 2.7015, Cls: 1.3482, Ind: 0.0001, Med: 0.6745, Spu: 0.0001, FD: 0.6786, Var: 0.0000, Ctx: 3, Train: 58.31%, Valid: 58.04%, Test In: 57.36% Test OOD1: 61.18% Test OOD2: 50.85% Test OOD3: 57.35% 
Epoch: 14, Loss: 2.6993, Cls: 1.3476, Ind: 0.0002, Med: 0.6731, Spu: 0.0003, FD: 0.6781, Var: 0.0000, Ctx: 3, Train: 58.37%, Valid: 58.08%, Test In: 57.42% Test OOD1: 61.22% Test OOD2: 50.88% Test OOD3: 57.40% 
Epoch: 15, Loss: 2.6961, Cls: 1.3464, Ind: 0.0003, Med: 0.6721, Spu: 0.0002, FD: 0.6771, Var: 0.0000, Ctx: 3, Train: 58.44%, Valid: 58.14%, Test In: 57.46% Test OOD1: 61.25% Test OOD2: 50.90% Test OOD3: 57.46% 
Epoch: 16, Loss: 2.6936, Cls: 1.3453, Ind: 0.0004, Med: 0.6720, Spu: 0.0000, FD: 0.6758, Var: 0.0000, Ctx: 3, Train: 58.46%, Valid: 58.16%, Test In: 57.47% Test OOD1: 61.26% Test OOD2: 50.92% Test OOD3: 57.47% 
Epoch: 17, Loss: 2.6924, Cls: 1.3447, Ind: 0.0003, Med: 0.6725, Spu: 0.0000, FD: 0.6750, Var: 0.0000, Ctx: 3, Train: 58.48%, Valid: 58.19%, Test In: 57.49% Test OOD1: 61.27% Test OOD2: 50.93% Test OOD3: 57.48% 
Epoch: 18, Loss: 2.6922, Cls: 1.3445, Ind: 0.0001, Med: 0.6728, Spu: 0.0001, FD: 0.6746, Var: 0.0000, Ctx: 3, Train: 58.52%, Valid: 58.22%, Test In: 57.52% Test OOD1: 61.28% Test OOD2: 50.94% Test OOD3: 57.50% 
Epoch: 19, Loss: 2.6914, Cls: 1.3442, Ind: 0.0000, Med: 0.6724, Spu: 0.0001, FD: 0.6746, Var: 0.0000, Ctx: 3, Train: 58.58%, Valid: 58.26%, Test In: 57.58% Test OOD1: 61.31% Test OOD2: 50.96% Test OOD3: 57.53% 
Epoch: 20, Loss: 2.6896, Cls: 1.3435, Ind: 0.0001, Med: 0.6713, Spu: 0.0000, FD: 0.6746, Var: 0.0000, Ctx: 3, Train: 58.66%, Valid: 58.32%, Test In: 57.65% Test OOD1: 61.35% Test OOD2: 50.97% Test OOD3: 57.58% 
Epoch: 21, Loss: 2.6873, Cls: 1.3424, Ind: 0.0003, Med: 0.6702, Spu: 0.0000, FD: 0.6744, Var: 0.0000, Ctx: 3, Train: 58.76%, Valid: 58.39%, Test In: 57.73% Test OOD1: 61.39% Test OOD2: 50.99% Test OOD3: 57.63% 
Epoch: 22, Loss: 2.6855, Cls: 1.3414, Ind: 0.0003, Med: 0.6697, Spu: 0.0001, FD: 0.6740, Var: 0.0000, Ctx: 3, Train: 58.87%, Valid: 58.47%, Test In: 57.83% Test OOD1: 61.44% Test OOD2: 51.01% Test OOD3: 57.70% 
Epoch: 23, Loss: 2.6845, Cls: 1.3408, Ind: 0.0003, Med: 0.6698, Spu: 0.0000, FD: 0.6736, Var: 0.0000, Ctx: 3, Train: 58.98%, Valid: 58.54%, Test In: 57.93% Test OOD1: 61.49% Test OOD2: 51.03% Test OOD3: 57.75% 
Epoch: 24, Loss: 2.6837, Cls: 1.3403, Ind: 0.0001, Med: 0.6699, Spu: 0.0000, FD: 0.6734, Var: 0.0000, Ctx: 3, Train: 59.12%, Valid: 58.64%, Test In: 58.06% Test OOD1: 61.55% Test OOD2: 51.05% Test OOD3: 57.83% 
Epoch: 25, Loss: 2.6818, Cls: 1.3392, Ind: 0.0000, Med: 0.6693, Spu: 0.0000, FD: 0.6732, Var: 0.0000, Ctx: 3, Train: 59.28%, Valid: 58.74%, Test In: 58.20% Test OOD1: 61.63% Test OOD2: 51.08% Test OOD3: 57.92% 
Epoch: 26, Loss: 2.6787, Cls: 1.3376, Ind: 0.0000, Med: 0.6681, Spu: 0.0000, FD: 0.6729, Var: 0.0000, Ctx: 3, Train: 59.44%, Valid: 58.85%, Test In: 58.34% Test OOD1: 61.69% Test OOD2: 51.10% Test OOD3: 58.00% 
Epoch: 27, Loss: 2.6756, Cls: 1.3361, Ind: 0.0001, Med: 0.6670, Spu: 0.0000, FD: 0.6724, Var: 0.0000, Ctx: 3, Train: 59.61%, Valid: 58.97%, Test In: 58.50% Test OOD1: 61.76% Test OOD2: 51.13% Test OOD3: 58.10% 
Epoch: 28, Loss: 2.6731, Cls: 1.3348, Ind: 0.0002, Med: 0.6662, Spu: 0.0000, FD: 0.6718, Var: 0.0000, Ctx: 3, Train: 59.81%, Valid: 59.11%, Test In: 58.68% Test OOD1: 61.85% Test OOD2: 51.15% Test OOD3: 58.20% 
Epoch: 29, Loss: 2.6700, Cls: 1.3333, Ind: 0.0002, Med: 0.6654, Spu: 0.0000, FD: 0.6711, Var: 0.0000, Ctx: 3, Train: 60.04%, Valid: 59.27%, Test In: 58.90% Test OOD1: 61.95% Test OOD2: 51.19% Test OOD3: 58.33% 
Epoch: 30, Loss: 2.6658, Cls: 1.3310, Ind: 0.0001, Med: 0.6643, Spu: 0.0000, FD: 0.6703, Var: 0.0000, Ctx: 3, Train: 60.31%, Valid: 59.47%, Test In: 59.15% Test OOD1: 62.06% Test OOD2: 51.24% Test OOD3: 58.48% 
Epoch: 31, Loss: 2.6616, Cls: 1.3288, Ind: 0.0001, Med: 0.6631, Spu: 0.0000, FD: 0.6695, Var: 0.0000, Ctx: 3, Train: 60.62%, Valid: 59.69%, Test In: 59.43% Test OOD1: 62.18% Test OOD2: 51.28% Test OOD3: 58.64% 
Epoch: 32, Loss: 2.6571, Cls: 1.3263, Ind: 0.0001, Med: 0.6619, Spu: 0.0000, FD: 0.6688, Var: 0.0000, Ctx: 3, Train: 60.95%, Valid: 59.92%, Test In: 59.73% Test OOD1: 62.33% Test OOD2: 51.34% Test OOD3: 58.81% 
Epoch: 33, Loss: 2.6513, Cls: 1.3231, Ind: 0.0001, Med: 0.6605, Spu: 0.0000, FD: 0.6677, Var: 0.0000, Ctx: 3, Train: 61.33%, Valid: 60.19%, Test In: 60.08% Test OOD1: 62.49% Test OOD2: 51.39% Test OOD3: 59.00% 
Epoch: 34, Loss: 2.6459, Cls: 1.3202, Ind: 0.0001, Med: 0.6594, Spu: 0.0000, FD: 0.6662, Var: 0.0000, Ctx: 3, Train: 61.83%, Valid: 60.55%, Test In: 60.54% Test OOD1: 62.70% Test OOD2: 51.46% Test OOD3: 59.26% 
Epoch: 35, Loss: 2.6383, Cls: 1.3162, Ind: 0.0002, Med: 0.6574, Spu: 0.0000, FD: 0.6645, Var: 0.0000, Ctx: 3, Train: 62.44%, Valid: 60.98%, Test In: 61.10% Test OOD1: 62.94% Test OOD2: 51.53% Test OOD3: 59.55% 
Epoch: 36, Loss: 2.6309, Cls: 1.3124, Ind: 0.0002, Med: 0.6558, Spu: 0.0000, FD: 0.6624, Var: 0.0000, Ctx: 3, Train: 63.02%, Valid: 61.38%, Test In: 61.65% Test OOD1: 63.17% Test OOD2: 51.61% Test OOD3: 59.84% 
Epoch: 37, Loss: 2.6211, Cls: 1.3075, Ind: 0.0003, Med: 0.6538, Spu: 0.0000, FD: 0.6595, Var: 0.0000, Ctx: 3, Train: 63.75%, Valid: 61.88%, Test In: 62.34% Test OOD1: 63.45% Test OOD2: 51.69% Test OOD3: 60.19% 
Epoch: 38, Loss: 2.6106, Cls: 1.3023, Ind: 0.0002, Med: 0.6515, Spu: 0.0000, FD: 0.6566, Var: 0.0000, Ctx: 3, Train: 64.61%, Valid: 62.49%, Test In: 63.16% Test OOD1: 63.78% Test OOD2: 51.82% Test OOD3: 60.57% 
Epoch: 39, Loss: 2.6001, Cls: 1.2970, Ind: 0.0002, Med: 0.6493, Spu: 0.0000, FD: 0.6536, Var: 0.0000, Ctx: 3, Train: 65.47%, Valid: 63.11%, Test In: 64.00% Test OOD1: 64.14% Test OOD2: 51.89% Test OOD3: 60.97% 
Epoch: 40, Loss: 2.5875, Cls: 1.2908, Ind: 0.0002, Med: 0.6459, Spu: 0.0000, FD: 0.6506, Var: 0.0000, Ctx: 3, Train: 66.41%, Valid: 63.77%, Test In: 64.90% Test OOD1: 64.50% Test OOD2: 52.04% Test OOD3: 61.34% 
Epoch: 41, Loss: 2.5712, Cls: 1.2825, Ind: 0.0002, Med: 0.6417, Spu: 0.0001, FD: 0.6467, Var: 0.0000, Ctx: 3, Train: 67.45%, Valid: 64.52%, Test In: 65.92% Test OOD1: 64.90% Test OOD2: 52.16% Test OOD3: 61.75% 
Epoch: 42, Loss: 2.5526, Cls: 1.2732, Ind: 0.0002, Med: 0.6366, Spu: 0.0001, FD: 0.6425, Var: 0.0000, Ctx: 3, Train: 68.53%, Valid: 65.32%, Test In: 66.99% Test OOD1: 65.29% Test OOD2: 52.32% Test OOD3: 62.13% 
Epoch: 43, Loss: 2.5334, Cls: 1.2637, Ind: 0.0002, Med: 0.6316, Spu: 0.0001, FD: 0.6379, Var: 0.0000, Ctx: 3, Train: 69.44%, Valid: 65.95%, Test In: 67.87% Test OOD1: 65.51% Test OOD2: 52.48% Test OOD3: 62.38% 
Epoch: 44, Loss: 2.5164, Cls: 1.2553, Ind: 0.0002, Med: 0.6272, Spu: 0.0000, FD: 0.6337, Var: 0.0000, Ctx: 3, Train: 70.45%, Valid: 66.69%, Test In: 68.88% Test OOD1: 65.87% Test OOD2: 52.63% Test OOD3: 62.72% 
Epoch: 45, Loss: 2.5183, Cls: 1.2574, Ind: 0.0003, Med: 0.6303, Spu: 0.0001, FD: 0.6302, Var: 0.0000, Ctx: 3, Train: 70.72%, Valid: 66.84%, Test In: 69.17% Test OOD1: 65.73% Test OOD2: 52.76% Test OOD3: 62.72% 
Epoch: 46, Loss: 2.5115, Cls: 1.2534, Ind: 0.0002, Med: 0.6264, Spu: 0.0000, FD: 0.6314, Var: 0.0000, Ctx: 3, Train: 71.20%, Valid: 67.20%, Test In: 69.64% Test OOD1: 65.88% Test OOD2: 52.84% Test OOD3: 62.86% 
Epoch: 47, Loss: 2.4584, Cls: 1.2268, Ind: 0.0003, Med: 0.6127, Spu: 0.0001, FD: 0.6185, Var: 0.0000, Ctx: 3, Train: 71.59%, Valid: 67.52%, Test In: 70.04% Test OOD1: 65.91% Test OOD2: 52.93% Test OOD3: 62.97% 
Epoch: 48, Loss: 2.4916, Cls: 1.2456, Ind: 0.0004, Med: 0.6266, Spu: 0.0001, FD: 0.6189, Var: 0.0000, Ctx: 3, Train: 71.80%, Valid: 67.59%, Test In: 70.25% Test OOD1: 65.68% Test OOD2: 53.03% Test OOD3: 62.95% 
Epoch: 49, Loss: 2.4692, Cls: 1.2321, Ind: 0.0003, Med: 0.6143, Spu: 0.0001, FD: 0.6224, Var: 0.0000, Ctx: 3, Train: 72.03%, Valid: 67.75%, Test In: 70.49% Test OOD1: 65.62% Test OOD2: 53.11% Test OOD3: 62.99% 
Epoch: 50, Loss: 2.4463, Cls: 1.2209, Ind: 0.0003, Med: 0.6090, Spu: 0.0001, FD: 0.6160, Var: 0.0000, Ctx: 3, Train: 72.25%, Valid: 67.99%, Test In: 70.76% Test OOD1: 65.68% Test OOD2: 53.13% Test OOD3: 63.04% 
Epoch: 51, Loss: 2.4723, Cls: 1.2370, Ind: 0.0004, Med: 0.6226, Spu: 0.0001, FD: 0.6123, Var: 0.0000, Ctx: 3, Train: 72.38%, Valid: 68.05%, Test In: 70.89% Test OOD1: 65.44% Test OOD2: 53.22% Test OOD3: 63.00% 
Epoch: 52, Loss: 2.4221, Cls: 1.2099, Ind: 0.0004, Med: 0.6050, Spu: 0.0000, FD: 0.6067, Var: 0.0000, Ctx: 3, Train: 72.47%, Valid: 68.08%, Test In: 71.04% Test OOD1: 65.09% Test OOD2: 53.31% Test OOD3: 62.95% 
Epoch: 53, Loss: 2.4516, Cls: 1.2244, Ind: 0.0005, Med: 0.6113, Spu: 0.0001, FD: 0.6154, Var: 0.0000, Ctx: 3, Train: 72.64%, Valid: 68.32%, Test In: 71.19% Test OOD1: 65.27% Test OOD2: 53.28% Test OOD3: 63.00% 
Epoch: 54, Loss: 2.4152, Cls: 1.2072, Ind: 0.0004, Med: 0.6039, Spu: 0.0001, FD: 0.6037, Var: 0.0000, Ctx: 3, Train: 72.78%, Valid: 68.54%, Test In: 71.33% Test OOD1: 65.46% Test OOD2: 53.27% Test OOD3: 63.08% 
Epoch: 55, Loss: 2.4438, Cls: 1.2220, Ind: 0.0004, Med: 0.6120, Spu: 0.0000, FD: 0.6093, Var: 0.0000, Ctx: 3, Train: 72.80%, Valid: 68.48%, Test In: 71.43% Test OOD1: 64.90% Test OOD2: 53.37% Test OOD3: 62.95% 
Epoch: 56, Loss: 2.4191, Cls: 1.2092, Ind: 0.0004, Med: 0.6048, Spu: 0.0000, FD: 0.6047, Var: 0.0000, Ctx: 3, Train: 72.87%, Valid: 68.56%, Test In: 71.54% Test OOD1: 64.75% Test OOD2: 53.40% Test OOD3: 62.92% 
Epoch: 57, Loss: 2.4258, Cls: 1.2127, Ind: 0.0004, Med: 0.6069, Spu: 0.0000, FD: 0.6057, Var: 0.0000, Ctx: 3, Train: 73.04%, Valid: 68.86%, Test In: 71.63% Test OOD1: 65.34% Test OOD2: 53.33% Test OOD3: 63.10% 
Epoch: 58, Loss: 2.4143, Cls: 1.2065, Ind: 0.0003, Med: 0.6029, Spu: 0.0001, FD: 0.6046, Var: 0.0000, Ctx: 3, Train: 73.12%, Valid: 68.96%, Test In: 71.73% Test OOD1: 65.36% Test OOD2: 53.35% Test OOD3: 63.12% 
Epoch: 59, Loss: 2.4109, Cls: 1.2046, Ind: 0.0003, Med: 0.6019, Spu: 0.0001, FD: 0.6040, Var: 0.0000, Ctx: 3, Train: 73.14%, Valid: 68.92%, Test In: 71.84% Test OOD1: 64.79% Test OOD2: 53.43% Test OOD3: 62.97% 
Epoch: 60, Loss: 2.4120, Cls: 1.2060, Ind: 0.0003, Med: 0.6038, Spu: 0.0000, FD: 0.6018, Var: 0.0000, Ctx: 3, Train: 73.24%, Valid: 69.06%, Test In: 71.93% Test OOD1: 64.93% Test OOD2: 53.43% Test OOD3: 63.02% 
Epoch: 61, Loss: 2.4027, Cls: 1.2013, Ind: 0.0003, Med: 0.6013, Spu: 0.0000, FD: 0.5999, Var: 0.0000, Ctx: 3, Train: 73.34%, Valid: 69.29%, Test In: 71.96% Test OOD1: 65.53% Test OOD2: 53.38% Test OOD3: 63.21% 
Epoch: 62, Loss: 2.4062, Cls: 1.2022, Ind: 0.0002, Med: 0.6006, Spu: 0.0000, FD: 0.6032, Var: 0.0000, Ctx: 3, Train: 73.42%, Valid: 69.36%, Test In: 72.07% Test OOD1: 65.43% Test OOD2: 53.41% Test OOD3: 63.18% 
Epoch: 63, Loss: 2.3933, Cls: 1.1961, Ind: 0.0002, Med: 0.5980, Spu: 0.0000, FD: 0.5990, Var: 0.0000, Ctx: 3, Train: 73.47%, Valid: 69.37%, Test In: 72.20% Test OOD1: 65.01% Test OOD2: 53.46% Test OOD3: 63.09% 
Epoch: 64, Loss: 2.3998, Cls: 1.1998, Ind: 0.0002, Med: 0.6005, Spu: 0.0000, FD: 0.5992, Var: 0.0000, Ctx: 3, Train: 73.57%, Valid: 69.54%, Test In: 72.26% Test OOD1: 65.38% Test OOD2: 53.44% Test OOD3: 63.19% 
Epoch: 65, Loss: 2.3865, Cls: 1.1930, Ind: 0.0002, Med: 0.5967, Spu: 0.0000, FD: 0.5966, Var: 0.0000, Ctx: 3, Train: 73.63%, Valid: 69.68%, Test In: 72.26% Test OOD1: 65.83% Test OOD2: 53.40% Test OOD3: 63.34% 
Epoch: 66, Loss: 2.3944, Cls: 1.1967, Ind: 0.0001, Med: 0.5981, Spu: 0.0000, FD: 0.5995, Var: 0.0000, Ctx: 3, Train: 73.73%, Valid: 69.76%, Test In: 72.40% Test OOD1: 65.58% Test OOD2: 53.45% Test OOD3: 63.27% 
Epoch: 67, Loss: 2.3806, Cls: 1.1901, Ind: 0.0001, Med: 0.5952, Spu: 0.0000, FD: 0.5952, Var: 0.0000, Ctx: 3, Train: 73.81%, Valid: 69.84%, Test In: 72.52% Test OOD1: 65.40% Test OOD2: 53.47% Test OOD3: 63.23% 
Epoch: 68, Loss: 2.3863, Cls: 1.1929, Ind: 0.0001, Med: 0.5966, Spu: 0.0000, FD: 0.5966, Var: 0.0000, Ctx: 3, Train: 73.88%, Valid: 69.98%, Test In: 72.51% Test OOD1: 65.88% Test OOD2: 53.44% Test OOD3: 63.38% 
Epoch: 69, Loss: 2.3766, Cls: 1.1881, Ind: 0.0001, Med: 0.5941, Spu: 0.0000, FD: 0.5943, Var: 0.0000, Ctx: 3, Train: 73.94%, Valid: 70.08%, Test In: 72.56% Test OOD1: 66.04% Test OOD2: 53.43% Test OOD3: 63.43% 
Epoch: 70, Loss: 2.3775, Cls: 1.1886, Ind: 0.0001, Med: 0.5944, Spu: 0.0000, FD: 0.5945, Var: 0.0000, Ctx: 3, Train: 74.06%, Valid: 70.18%, Test In: 72.75% Test OOD1: 65.73% Test OOD2: 53.49% Test OOD3: 63.35% 
Epoch: 71, Loss: 2.3737, Cls: 1.1865, Ind: 0.0001, Med: 0.5932, Spu: 0.0000, FD: 0.5938, Var: 0.0000, Ctx: 3, Train: 74.14%, Valid: 70.29%, Test In: 72.82% Test OOD1: 65.85% Test OOD2: 53.48% Test OOD3: 63.39% 
Epoch: 72, Loss: 2.3692, Cls: 1.1844, Ind: 0.0001, Med: 0.5921, Spu: 0.0000, FD: 0.5927, Var: 0.0000, Ctx: 3, Train: 74.18%, Valid: 70.39%, Test In: 72.79% Test OOD1: 66.22% Test OOD2: 53.44% Test OOD3: 63.50% 
Epoch: 73, Loss: 2.3702, Cls: 1.1850, Ind: 0.0001, Med: 0.5926, Spu: 0.0000, FD: 0.5926, Var: 0.0000, Ctx: 3, Train: 74.29%, Valid: 70.51%, Test In: 72.95% Test OOD1: 66.06% Test OOD2: 53.48% Test OOD3: 63.46% 
Epoch: 74, Loss: 2.3623, Cls: 1.1810, Ind: 0.0001, Med: 0.5904, Spu: 0.0000, FD: 0.5909, Var: 0.0000, Ctx: 3, Train: 74.39%, Valid: 70.61%, Test In: 73.08% Test OOD1: 65.89% Test OOD2: 53.51% Test OOD3: 63.41% 
Epoch: 75, Loss: 2.3640, Cls: 1.1818, Ind: 0.0001, Med: 0.5908, Spu: 0.0000, FD: 0.5913, Var: 0.0000, Ctx: 3, Train: 74.43%, Valid: 70.72%, Test In: 73.07% Test OOD1: 66.28% Test OOD2: 53.47% Test OOD3: 63.52% 
Epoch: 76, Loss: 2.3593, Cls: 1.1795, Ind: 0.0001, Med: 0.5897, Spu: 0.0000, FD: 0.5901, Var: 0.0000, Ctx: 3, Train: 74.53%, Valid: 70.83%, Test In: 73.17% Test OOD1: 66.24% Test OOD2: 53.48% Test OOD3: 63.51% 
Epoch: 77, Loss: 2.3550, Cls: 1.1773, Ind: 0.0000, Med: 0.5886, Spu: 0.0000, FD: 0.5891, Var: 0.0000, Ctx: 3, Train: 74.62%, Valid: 70.94%, Test In: 73.33% Test OOD1: 65.95% Test OOD2: 53.53% Test OOD3: 63.43% 
Epoch: 78, Loss: 2.3563, Cls: 1.1780, Ind: 0.0000, Med: 0.5891, Spu: 0.0000, FD: 0.5892, Var: 0.0000, Ctx: 3, Train: 74.68%, Valid: 71.05%, Test In: 73.32% Test OOD1: 66.35% Test OOD2: 53.48% Test OOD3: 63.53% 
Epoch: 79, Loss: 2.3513, Cls: 1.1754, Ind: 0.0000, Med: 0.5876, Spu: 0.0000, FD: 0.5883, Var: 0.0000, Ctx: 3, Train: 74.78%, Valid: 71.15%, Test In: 73.43% Test OOD1: 66.28% Test OOD2: 53.50% Test OOD3: 63.50% 
Epoch: 80, Loss: 2.3471, Cls: 1.1733, Ind: 0.0000, Med: 0.5866, Spu: 0.0000, FD: 0.5872, Var: 0.0000, Ctx: 3, Train: 74.87%, Valid: 71.26%, Test In: 73.58% Test OOD1: 66.02% Test OOD2: 53.54% Test OOD3: 63.42% 
Epoch: 81, Loss: 2.3480, Cls: 1.1738, Ind: 0.0000, Med: 0.5869, Spu: 0.0000, FD: 0.5872, Var: 0.0000, Ctx: 3, Train: 74.92%, Valid: 71.38%, Test In: 73.55% Test OOD1: 66.49% Test OOD2: 53.48% Test OOD3: 63.55% 
Epoch: 82, Loss: 2.3464, Cls: 1.1729, Ind: 0.0000, Med: 0.5863, Spu: 0.0000, FD: 0.5870, Var: 0.0000, Ctx: 3, Train: 75.02%, Valid: 71.49%, Test In: 73.73% Test OOD1: 66.12% Test OOD2: 53.53% Test OOD3: 63.42% 
Epoch: 83, Loss: 2.3418, Cls: 1.1707, Ind: 0.0000, Med: 0.5853, Spu: 0.0000, FD: 0.5858, Var: 0.0000, Ctx: 3, Train: 75.09%, Valid: 71.61%, Test In: 73.76% Test OOD1: 66.35% Test OOD2: 53.50% Test OOD3: 63.48% 
Epoch: 84, Loss: 2.3377, Cls: 1.1686, Ind: 0.0000, Med: 0.5842, Spu: 0.0000, FD: 0.5848, Var: 0.0000, Ctx: 3, Train: 75.16%, Valid: 71.72%, Test In: 73.81% Test OOD1: 66.44% Test OOD2: 53.48% Test OOD3: 63.49% 
Epoch: 85, Loss: 2.3361, Cls: 1.1678, Ind: 0.0000, Med: 0.5838, Spu: 0.0000, FD: 0.5844, Var: 0.0000, Ctx: 3, Train: 75.23%, Valid: 71.82%, Test In: 73.94% Test OOD1: 66.12% Test OOD2: 53.53% Test OOD3: 63.37% 
Epoch: 86, Loss: 2.3372, Cls: 1.1684, Ind: 0.0000, Med: 0.5841, Spu: 0.0000, FD: 0.5847, Var: 0.0000, Ctx: 3, Train: 75.27%, Valid: 71.93%, Test In: 73.85% Test OOD1: 66.76% Test OOD2: 53.43% Test OOD3: 63.56% 
Epoch: 87, Loss: 2.3418, Cls: 1.1707, Ind: 0.0000, Med: 0.5854, Spu: 0.0000, FD: 0.5857, Var: 0.0000, Ctx: 3, Train: 75.33%, Valid: 72.00%, Test In: 74.06% Test OOD1: 65.65% Test OOD2: 53.56% Test OOD3: 63.18% 
Epoch: 88, Loss: 2.3560, Cls: 1.1778, Ind: 0.0000, Med: 0.5889, Spu: 0.0000, FD: 0.5893, Var: 0.0000, Ctx: 3, Train: 75.30%, Valid: 72.05%, Test In: 73.83% Test OOD1: 67.10% Test OOD2: 53.36% Test OOD3: 63.65% 
Epoch: 89, Loss: 2.3686, Cls: 1.1843, Ind: 0.0000, Med: 0.5925, Spu: 0.0000, FD: 0.5917, Var: 0.0000, Ctx: 3, Train: 75.39%, Valid: 72.14%, Test In: 74.13% Test OOD1: 65.33% Test OOD2: 53.56% Test OOD3: 63.06% 
Epoch: 90, Loss: 2.3754, Cls: 1.1874, Ind: 0.0000, Med: 0.5936, Spu: 0.0000, FD: 0.5944, Var: 0.0000, Ctx: 3, Train: 75.48%, Valid: 72.25%, Test In: 74.01% Test OOD1: 66.86% Test OOD2: 53.38% Test OOD3: 63.54% 
Epoch: 91, Loss: 2.3350, Cls: 1.1674, Ind: 0.0000, Med: 0.5839, Spu: 0.0000, FD: 0.5837, Var: 0.0000, Ctx: 3, Train: 75.51%, Valid: 72.30%, Test In: 74.02% Test OOD1: 66.92% Test OOD2: 53.37% Test OOD3: 63.56% 
Epoch: 92, Loss: 2.3351, Cls: 1.1675, Ind: 0.0000, Med: 0.5839, Spu: 0.0000, FD: 0.5837, Var: 0.0000, Ctx: 3, Train: 75.53%, Valid: 72.34%, Test In: 74.21% Test OOD1: 65.68% Test OOD2: 53.53% Test OOD3: 63.16% 
Epoch: 93, Loss: 2.3604, Cls: 1.1799, Ind: 0.0000, Med: 0.5898, Spu: 0.0000, FD: 0.5906, Var: 0.0000, Ctx: 3, Train: 75.54%, Valid: 72.36%, Test In: 74.02% Test OOD1: 67.06% Test OOD2: 53.35% Test OOD3: 63.60% 
Epoch: 94, Loss: 2.3352, Cls: 1.1675, Ind: 0.0000, Med: 0.5838, Spu: 0.0000, FD: 0.5839, Var: 0.0000, Ctx: 3, Train: 75.60%, Valid: 72.40%, Test In: 74.10% Test OOD1: 66.92% Test OOD2: 53.38% Test OOD3: 63.56% 
Epoch: 95, Loss: 2.3245, Cls: 1.1620, Ind: 0.0000, Med: 0.5810, Spu: 0.0000, FD: 0.5815, Var: 0.0000, Ctx: 3, Train: 75.64%, Valid: 72.46%, Test In: 74.25% Test OOD1: 66.16% Test OOD2: 53.50% Test OOD3: 63.32% 
Epoch: 96, Loss: 2.3434, Cls: 1.1717, Ind: 0.0000, Med: 0.5861, Spu: 0.0000, FD: 0.5857, Var: 0.0000, Ctx: 3, Train: 75.58%, Valid: 72.38%, Test In: 74.00% Test OOD1: 67.25% Test OOD2: 53.33% Test OOD3: 63.68% 
Epoch: 97, Loss: 2.3387, Cls: 1.1691, Ind: 0.0000, Med: 0.5844, Spu: 0.0000, FD: 0.5852, Var: 0.0000, Ctx: 3, Train: 75.70%, Valid: 72.49%, Test In: 74.21% Test OOD1: 66.71% Test OOD2: 53.42% Test OOD3: 63.50% 
Epoch: 98, Loss: 2.3220, Cls: 1.1608, Ind: 0.0000, Med: 0.5805, Spu: 0.0000, FD: 0.5807, Var: 0.0000, Ctx: 3, Train: 75.72%, Valid: 72.51%, Test In: 74.25% Test OOD1: 66.65% Test OOD2: 53.42% Test OOD3: 63.48% 
Epoch: 99, Loss: 2.3225, Cls: 1.1611, Ind: 0.0000, Med: 0.5806, Spu: 0.0000, FD: 0.5808, Var: 0.0000, Ctx: 3, Train: 75.68%, Valid: 72.46%, Test In: 74.10% Test OOD1: 67.23% Test OOD2: 53.31% Test OOD3: 63.68% 
Epoch: 100, Loss: 2.3308, Cls: 1.1652, Ind: 0.0000, Med: 0.5826, Spu: 0.0000, FD: 0.5829, Var: 0.0000, Ctx: 3, Train: 75.78%, Valid: 72.57%, Test In: 74.30% Test OOD1: 66.47% Test OOD2: 53.44% Test OOD3: 63.43% 
Epoch: 101, Loss: 2.3255, Cls: 1.1626, Ind: 0.0000, Med: 0.5813, Spu: 0.0000, FD: 0.5816, Var: 0.0000, Ctx: 3, Train: 75.80%, Valid: 72.57%, Test In: 74.27% Test OOD1: 66.85% Test OOD2: 53.38% Test OOD3: 63.55% 
Epoch: 102, Loss: 2.3162, Cls: 1.1579, Ind: 0.0000, Med: 0.5790, Spu: 0.0000, FD: 0.5793, Var: 0.0000, Ctx: 3, Train: 75.79%, Valid: 72.56%, Test In: 74.22% Test OOD1: 67.11% Test OOD2: 53.31% Test OOD3: 63.64% 
Epoch: 103, Loss: 2.3219, Cls: 1.1608, Ind: 0.0000, Med: 0.5805, Spu: 0.0000, FD: 0.5806, Var: 0.0000, Ctx: 3, Train: 75.85%, Valid: 72.63%, Test In: 74.36% Test OOD1: 66.34% Test OOD2: 53.45% Test OOD3: 63.39% 
Epoch: 104, Loss: 2.3254, Cls: 1.1625, Ind: 0.0000, Med: 0.5812, Spu: 0.0000, FD: 0.5816, Var: 0.0000, Ctx: 3, Train: 75.86%, Valid: 72.62%, Test In: 74.30% Test OOD1: 66.98% Test OOD2: 53.34% Test OOD3: 63.60% 
Epoch: 105, Loss: 2.3152, Cls: 1.1574, Ind: 0.0000, Med: 0.5787, Spu: 0.0000, FD: 0.5790, Var: 0.0000, Ctx: 3, Train: 75.89%, Valid: 72.64%, Test In: 74.31% Test OOD1: 66.96% Test OOD2: 53.34% Test OOD3: 63.60% 
Epoch: 106, Loss: 2.3135, Cls: 1.1566, Ind: 0.0000, Med: 0.5783, Spu: 0.0000, FD: 0.5786, Var: 0.0000, Ctx: 3, Train: 75.93%, Valid: 72.69%, Test In: 74.40% Test OOD1: 66.46% Test OOD2: 53.44% Test OOD3: 63.44% 
Epoch: 107, Loss: 2.3200, Cls: 1.1598, Ind: 0.0000, Med: 0.5800, Spu: 0.0000, FD: 0.5801, Var: 0.0000, Ctx: 3, Train: 75.93%, Valid: 72.66%, Test In: 74.28% Test OOD1: 67.18% Test OOD2: 53.29% Test OOD3: 63.68% 
Epoch: 108, Loss: 2.3177, Cls: 1.1587, Ind: 0.0000, Med: 0.5794, Spu: 0.0000, FD: 0.5796, Var: 0.0000, Ctx: 3, Train: 75.99%, Valid: 72.75%, Test In: 74.39% Test OOD1: 66.77% Test OOD2: 53.41% Test OOD3: 63.54% 
Epoch: 109, Loss: 2.3109, Cls: 1.1553, Ind: 0.0000, Med: 0.5776, Spu: 0.0000, FD: 0.5780, Var: 0.0000, Ctx: 3, Train: 76.03%, Valid: 72.76%, Test In: 74.38% Test OOD1: 66.94% Test OOD2: 53.39% Test OOD3: 63.60% 
Epoch: 110, Loss: 2.3082, Cls: 1.1539, Ind: 0.0000, Med: 0.5769, Spu: 0.0000, FD: 0.5773, Var: 0.0000, Ctx: 3, Train: 76.03%, Valid: 72.76%, Test In: 74.30% Test OOD1: 67.27% Test OOD2: 53.31% Test OOD3: 63.72% 
Epoch: 111, Loss: 2.3113, Cls: 1.1555, Ind: 0.0000, Med: 0.5778, Spu: 0.0000, FD: 0.5779, Var: 0.0000, Ctx: 3, Train: 76.10%, Valid: 72.85%, Test In: 74.43% Test OOD1: 66.80% Test OOD2: 53.45% Test OOD3: 63.57% 
Epoch: 112, Loss: 2.3135, Cls: 1.1565, Ind: 0.0000, Med: 0.5782, Spu: 0.0000, FD: 0.5787, Var: 0.0000, Ctx: 3, Train: 76.10%, Valid: 72.82%, Test In: 74.30% Test OOD1: 67.36% Test OOD2: 53.32% Test OOD3: 63.77% 
Epoch: 113, Loss: 2.3090, Cls: 1.1543, Ind: 0.0000, Med: 0.5772, Spu: 0.0000, FD: 0.5774, Var: 0.0000, Ctx: 3, Train: 76.17%, Valid: 72.90%, Test In: 74.39% Test OOD1: 67.13% Test OOD2: 53.41% Test OOD3: 63.69% 
Epoch: 114, Loss: 2.3039, Cls: 1.1518, Ind: 0.0000, Med: 0.5759, Spu: 0.0000, FD: 0.5762, Var: 0.0000, Ctx: 3, Train: 76.21%, Valid: 72.94%, Test In: 74.40% Test OOD1: 67.15% Test OOD2: 53.42% Test OOD3: 63.70% 
Epoch: 115, Loss: 2.3028, Cls: 1.1512, Ind: 0.0000, Med: 0.5756, Spu: 0.0000, FD: 0.5759, Var: 0.0000, Ctx: 3, Train: 76.21%, Valid: 72.93%, Test In: 74.33% Test OOD1: 67.42% Test OOD2: 53.34% Test OOD3: 63.81% 
Epoch: 116, Loss: 2.3051, Cls: 1.1524, Ind: 0.0000, Med: 0.5762, Spu: 0.0000, FD: 0.5765, Var: 0.0000, Ctx: 3, Train: 76.29%, Valid: 73.04%, Test In: 74.47% Test OOD1: 66.99% Test OOD2: 53.48% Test OOD3: 63.65% 
Epoch: 117, Loss: 2.3079, Cls: 1.1538, Ind: 0.0000, Med: 0.5769, Spu: 0.0000, FD: 0.5771, Var: 0.0000, Ctx: 3, Train: 76.27%, Valid: 72.98%, Test In: 74.32% Test OOD1: 67.53% Test OOD2: 53.32% Test OOD3: 63.85% 
Epoch: 118, Loss: 2.3084, Cls: 1.1540, Ind: 0.0000, Med: 0.5770, Spu: 0.0000, FD: 0.5773, Var: 0.0000, Ctx: 3, Train: 76.37%, Valid: 73.10%, Test In: 74.51% Test OOD1: 66.97% Test OOD2: 53.50% Test OOD3: 63.66% 
Epoch: 119, Loss: 2.3077, Cls: 1.1537, Ind: 0.0000, Med: 0.5768, Spu: 0.0000, FD: 0.5771, Var: 0.0000, Ctx: 3, Train: 76.37%, Valid: 73.05%, Test In: 74.37% Test OOD1: 67.51% Test OOD2: 53.36% Test OOD3: 63.85% 
Epoch: 120, Loss: 2.3026, Cls: 1.1512, Ind: 0.0000, Med: 0.5756, Spu: 0.0000, FD: 0.5758, Var: 0.0000, Ctx: 3, Train: 76.45%, Valid: 73.13%, Test In: 74.50% Test OOD1: 67.17% Test OOD2: 53.47% Test OOD3: 63.74% 
Epoch: 121, Loss: 2.2981, Cls: 1.1489, Ind: 0.0000, Med: 0.5744, Spu: 0.0000, FD: 0.5748, Var: 0.0000, Ctx: 3, Train: 76.47%, Valid: 73.12%, Test In: 74.43% Test OOD1: 67.45% Test OOD2: 53.40% Test OOD3: 63.85% 
Epoch: 122, Loss: 2.2943, Cls: 1.1470, Ind: 0.0000, Med: 0.5735, Spu: 0.0000, FD: 0.5738, Var: 0.0000, Ctx: 3, Train: 76.52%, Valid: 73.15%, Test In: 74.46% Test OOD1: 67.41% Test OOD2: 53.43% Test OOD3: 63.85% 
Epoch: 123, Loss: 2.2921, Cls: 1.1459, Ind: 0.0000, Med: 0.5729, Spu: 0.0000, FD: 0.5733, Var: 0.0000, Ctx: 3, Train: 76.58%, Valid: 73.17%, Test In: 74.49% Test OOD1: 67.37% Test OOD2: 53.45% Test OOD3: 63.85% 
Epoch: 124, Loss: 2.2911, Cls: 1.1454, Ind: 0.0000, Med: 0.5727, Spu: 0.0000, FD: 0.5730, Var: 0.0000, Ctx: 3, Train: 76.59%, Valid: 73.16%, Test In: 74.46% Test OOD1: 67.54% Test OOD2: 53.40% Test OOD3: 63.92% 
Epoch: 125, Loss: 2.2921, Cls: 1.1459, Ind: 0.0000, Med: 0.5729, Spu: 0.0000, FD: 0.5733, Var: 0.0000, Ctx: 3, Train: 76.69%, Valid: 73.25%, Test In: 74.59% Test OOD1: 67.04% Test OOD2: 53.54% Test OOD3: 63.74% 
Epoch: 126, Loss: 2.2995, Cls: 1.1496, Ind: 0.0000, Med: 0.5748, Spu: 0.0000, FD: 0.5751, Var: 0.0000, Ctx: 3, Train: 76.62%, Valid: 73.14%, Test In: 74.43% Test OOD1: 67.71% Test OOD2: 53.32% Test OOD3: 63.99% 
Epoch: 127, Loss: 2.3189, Cls: 1.1595, Ind: 0.0000, Med: 0.5800, Spu: 0.0000, FD: 0.5795, Var: 0.0000, Ctx: 3, Train: 76.74%, Valid: 73.29%, Test In: 74.61% Test OOD1: 66.24% Test OOD2: 53.64% Test OOD3: 63.51% 
Epoch: 128, Loss: 2.3632, Cls: 1.1814, Ind: 0.0000, Med: 0.5906, Spu: 0.0000, FD: 0.5911, Var: 0.0000, Ctx: 3, Train: 76.66%, Valid: 73.15%, Test In: 74.41% Test OOD1: 67.83% Test OOD2: 53.30% Test OOD3: 64.05% 
Epoch: 129, Loss: 2.3504, Cls: 1.1756, Ind: 0.0000, Med: 0.5887, Spu: 0.0000, FD: 0.5860, Var: 0.0000, Ctx: 3, Train: 76.87%, Valid: 73.34%, Test In: 74.62% Test OOD1: 66.97% Test OOD2: 53.62% Test OOD3: 63.75% 
Epoch: 130, Loss: 2.3021, Cls: 1.1507, Ind: 0.0000, Med: 0.5751, Spu: 0.0000, FD: 0.5762, Var: 0.0000, Ctx: 3, Train: 76.91%, Valid: 73.34%, Test In: 74.57% Test OOD1: 67.24% Test OOD2: 53.60% Test OOD3: 63.87% 
Epoch: 131, Loss: 2.2953, Cls: 1.1474, Ind: 0.0000, Med: 0.5735, Spu: 0.0000, FD: 0.5743, Var: 0.0000, Ctx: 3, Train: 76.68%, Valid: 73.10%, Test In: 74.26% Test OOD1: 68.06% Test OOD2: 53.34% Test OOD3: 64.19% 
Epoch: 132, Loss: 2.3294, Cls: 1.1647, Ind: 0.0000, Med: 0.5825, Spu: 0.0000, FD: 0.5822, Var: 0.0000, Ctx: 3, Train: 76.95%, Valid: 73.31%, Test In: 74.51% Test OOD1: 67.38% Test OOD2: 53.67% Test OOD3: 63.99% 
Epoch: 133, Loss: 2.3161, Cls: 1.1582, Ind: 0.0000, Med: 0.5795, Spu: 0.0000, FD: 0.5784, Var: 0.0000, Ctx: 3, Train: 76.88%, Valid: 73.20%, Test In: 74.41% Test OOD1: 67.83% Test OOD2: 53.51% Test OOD3: 64.16% 
Epoch: 134, Loss: 2.2815, Cls: 1.1406, Ind: 0.0000, Med: 0.5703, Spu: 0.0000, FD: 0.5705, Var: 0.0000, Ctx: 3, Train: 76.82%, Valid: 73.13%, Test In: 74.37% Test OOD1: 67.99% Test OOD2: 53.42% Test OOD3: 64.22% 
Epoch: 135, Loss: 2.3022, Cls: 1.1509, Ind: 0.0000, Med: 0.5753, Spu: 0.0000, FD: 0.5759, Var: 0.0000, Ctx: 3, Train: 77.07%, Valid: 73.30%, Test In: 74.63% Test OOD1: 67.00% Test OOD2: 53.72% Test OOD3: 63.88% 
Epoch: 136, Loss: 2.3105, Cls: 1.1552, Ind: 0.0000, Med: 0.5777, Spu: 0.0000, FD: 0.5776, Var: 0.0000, Ctx: 3, Train: 77.04%, Valid: 73.25%, Test In: 74.63% Test OOD1: 67.42% Test OOD2: 53.58% Test OOD3: 64.02% 
Epoch: 137, Loss: 2.2795, Cls: 1.1396, Ind: 0.0000, Med: 0.5698, Spu: 0.0000, FD: 0.5700, Var: 0.0000, Ctx: 3, Train: 76.99%, Valid: 73.18%, Test In: 74.57% Test OOD1: 67.68% Test OOD2: 53.49% Test OOD3: 64.12% 
Epoch: 138, Loss: 2.2981, Cls: 1.1490, Ind: 0.0000, Med: 0.5747, Spu: 0.0000, FD: 0.5744, Var: 0.0000, Ctx: 3, Train: 77.13%, Valid: 73.26%, Test In: 74.68% Test OOD1: 66.81% Test OOD2: 53.75% Test OOD3: 63.84% 
Epoch: 139, Loss: 2.2993, Cls: 1.1495, Ind: 0.0000, Med: 0.5747, Spu: 0.0000, FD: 0.5750, Var: 0.0000, Ctx: 3, Train: 77.12%, Valid: 73.21%, Test In: 74.61% Test OOD1: 67.46% Test OOD2: 53.64% Test OOD3: 64.09% 
Epoch: 140, Loss: 2.2737, Cls: 1.1367, Ind: 0.0000, Med: 0.5683, Spu: 0.0000, FD: 0.5687, Var: 0.0000, Ctx: 3, Train: 77.05%, Valid: 73.14%, Test In: 74.52% Test OOD1: 67.81% Test OOD2: 53.53% Test OOD3: 64.22% 
Epoch: 141, Loss: 2.2912, Cls: 1.1454, Ind: 0.0000, Med: 0.5726, Spu: 0.0000, FD: 0.5731, Var: 0.0000, Ctx: 3, Train: 77.23%, Valid: 73.24%, Test In: 74.62% Test OOD1: 66.92% Test OOD2: 53.81% Test OOD3: 63.90% 
Epoch: 142, Loss: 2.2980, Cls: 1.1489, Ind: 0.0000, Med: 0.5745, Spu: 0.0000, FD: 0.5745, Var: 0.0000, Ctx: 3, Train: 77.22%, Valid: 73.23%, Test In: 74.61% Test OOD1: 67.46% Test OOD2: 53.68% Test OOD3: 64.08% 
Epoch: 143, Loss: 2.2723, Cls: 1.1360, Ind: 0.0000, Med: 0.5680, Spu: 0.0000, FD: 0.5683, Var: 0.0000, Ctx: 3, Train: 77.24%, Valid: 73.22%, Test In: 74.61% Test OOD1: 67.52% Test OOD2: 53.66% Test OOD3: 64.09% 
Epoch: 144, Loss: 2.2792, Cls: 1.1395, Ind: 0.0000, Med: 0.5699, Spu: 0.0000, FD: 0.5697, Var: 0.0000, Ctx: 3, Train: 77.34%, Valid: 73.25%, Test In: 74.63% Test OOD1: 66.73% Test OOD2: 53.87% Test OOD3: 63.80% 
Epoch: 145, Loss: 2.2876, Cls: 1.1436, Ind: 0.0000, Med: 0.5717, Spu: 0.0000, FD: 0.5723, Var: 0.0000, Ctx: 3, Train: 77.35%, Valid: 73.25%, Test In: 74.61% Test OOD1: 67.35% Test OOD2: 53.76% Test OOD3: 64.04% 
Epoch: 146, Loss: 2.2679, Cls: 1.1338, Ind: 0.0000, Med: 0.5669, Spu: 0.0000, FD: 0.5672, Var: 0.0000, Ctx: 3, Train: 77.34%, Valid: 73.23%, Test In: 74.55% Test OOD1: 67.61% Test OOD2: 53.69% Test OOD3: 64.15% 
Epoch: 147, Loss: 2.2742, Cls: 1.1370, Ind: 0.0000, Med: 0.5685, Spu: 0.0000, FD: 0.5687, Var: 0.0000, Ctx: 3, Train: 77.45%, Valid: 73.22%, Test In: 74.55% Test OOD1: 67.01% Test OOD2: 53.90% Test OOD3: 63.90% 
Epoch: 148, Loss: 2.2846, Cls: 1.1423, Ind: 0.0000, Med: 0.5714, Spu: 0.0000, FD: 0.5709, Var: 0.0000, Ctx: 3, Train: 77.44%, Valid: 73.23%, Test In: 74.56% Test OOD1: 67.52% Test OOD2: 53.73% Test OOD3: 64.12% 
Epoch: 149, Loss: 2.2674, Cls: 1.1335, Ind: 0.0000, Med: 0.5667, Spu: 0.0000, FD: 0.5671, Var: 0.0000, Ctx: 3, Train: 77.50%, Valid: 73.24%, Test In: 74.60% Test OOD1: 67.33% Test OOD2: 53.78% Test OOD3: 64.05% 
Epoch: 150, Loss: 2.2636, Cls: 1.1316, Ind: 0.0000, Med: 0.5658, Spu: 0.0000, FD: 0.5661, Var: 0.0000, Ctx: 3, Train: 77.57%, Valid: 73.20%, Test In: 74.58% Test OOD1: 66.72% Test OOD2: 53.92% Test OOD3: 63.79% 
Epoch: 151, Loss: 2.2735, Cls: 1.1367, Ind: 0.0000, Med: 0.5683, Spu: 0.0000, FD: 0.5685, Var: 0.0000, Ctx: 3, Train: 77.57%, Valid: 73.23%, Test In: 74.60% Test OOD1: 67.34% Test OOD2: 53.77% Test OOD3: 64.04% 
Epoch: 152, Loss: 2.2647, Cls: 1.1323, Ind: 0.0000, Med: 0.5661, Spu: 0.0000, FD: 0.5663, Var: 0.0000, Ctx: 3, Train: 77.63%, Valid: 73.22%, Test In: 74.58% Test OOD1: 67.23% Test OOD2: 53.82% Test OOD3: 63.99% 
Epoch: 153, Loss: 2.2573, Cls: 1.1285, Ind: 0.0000, Med: 0.5642, Spu: 0.0000, FD: 0.5645, Var: 0.0000, Ctx: 3, Train: 77.68%, Valid: 73.19%, Test In: 74.54% Test OOD1: 66.97% Test OOD2: 53.91% Test OOD3: 63.85% 
Epoch: 154, Loss: 2.2644, Cls: 1.1321, Ind: 0.0000, Med: 0.5662, Spu: 0.0000, FD: 0.5660, Var: 0.0000, Ctx: 3, Train: 77.66%, Valid: 73.22%, Test In: 74.55% Test OOD1: 67.48% Test OOD2: 53.75% Test OOD3: 64.07% 
Epoch: 155, Loss: 2.2665, Cls: 1.1331, Ind: 0.0000, Med: 0.5665, Spu: 0.0000, FD: 0.5668, Var: 0.0000, Ctx: 3, Train: 77.76%, Valid: 73.18%, Test In: 74.56% Test OOD1: 66.72% Test OOD2: 53.95% Test OOD3: 63.73% 
Epoch: 156, Loss: 2.2582, Cls: 1.1290, Ind: 0.0000, Med: 0.5645, Spu: 0.0000, FD: 0.5646, Var: 0.0000, Ctx: 3, Train: 77.80%, Valid: 73.20%, Test In: 74.57% Test OOD1: 66.83% Test OOD2: 53.93% Test OOD3: 63.77% 
Epoch: 157, Loss: 2.2523, Cls: 1.1261, Ind: 0.0000, Med: 0.5630, Spu: 0.0000, FD: 0.5632, Var: 0.0000, Ctx: 3, Train: 77.82%, Valid: 73.22%, Test In: 74.56% Test OOD1: 67.13% Test OOD2: 53.88% Test OOD3: 63.89% 
Epoch: 158, Loss: 2.2548, Cls: 1.1273, Ind: 0.0000, Med: 0.5637, Spu: 0.0000, FD: 0.5638, Var: 0.0000, Ctx: 3, Train: 77.86%, Valid: 73.15%, Test In: 74.47% Test OOD1: 66.68% Test OOD2: 53.99% Test OOD3: 63.64% 
Epoch: 159, Loss: 2.2591, Cls: 1.1295, Ind: 0.0000, Med: 0.5649, Spu: 0.0000, FD: 0.5647, Var: 0.0000, Ctx: 3, Train: 77.87%, Valid: 73.22%, Test In: 74.53% Test OOD1: 67.24% Test OOD2: 53.86% Test OOD3: 63.91% 
Epoch: 160, Loss: 2.2568, Cls: 1.1283, Ind: 0.0000, Med: 0.5642, Spu: 0.0000, FD: 0.5643, Var: 0.0000, Ctx: 3, Train: 77.95%, Valid: 73.17%, Test In: 74.51% Test OOD1: 66.54% Test OOD2: 54.02% Test OOD3: 63.57% 
Epoch: 161, Loss: 2.2498, Cls: 1.1248, Ind: 0.0000, Med: 0.5624, Spu: 0.0000, FD: 0.5626, Var: 0.0000, Ctx: 3, Train: 77.99%, Valid: 73.20%, Test In: 74.54% Test OOD1: 66.73% Test OOD2: 53.99% Test OOD3: 63.66% 
Epoch: 162, Loss: 2.2453, Cls: 1.1226, Ind: 0.0000, Med: 0.5613, Spu: 0.0000, FD: 0.5614, Var: 0.0000, Ctx: 3, Train: 78.01%, Valid: 73.21%, Test In: 74.54% Test OOD1: 67.04% Test OOD2: 53.93% Test OOD3: 63.77% 
Epoch: 163, Loss: 2.2457, Cls: 1.1228, Ind: 0.0000, Med: 0.5614, Spu: 0.0000, FD: 0.5615, Var: 0.0000, Ctx: 3, Train: 78.06%, Valid: 73.15%, Test In: 74.47% Test OOD1: 66.68% Test OOD2: 54.04% Test OOD3: 63.55% 
Epoch: 164, Loss: 2.2495, Cls: 1.1247, Ind: 0.0000, Med: 0.5624, Spu: 0.0000, FD: 0.5624, Var: 0.0000, Ctx: 3, Train: 78.06%, Valid: 73.23%, Test In: 74.55% Test OOD1: 67.16% Test OOD2: 53.91% Test OOD3: 63.82% 
Epoch: 165, Loss: 2.2504, Cls: 1.1252, Ind: 0.0000, Med: 0.5627, Spu: 0.0000, FD: 0.5626, Var: 0.0000, Ctx: 3, Train: 78.13%, Valid: 73.14%, Test In: 74.48% Test OOD1: 66.33% Test OOD2: 54.10% Test OOD3: 63.42% 
Epoch: 166, Loss: 2.2483, Cls: 1.1240, Ind: 0.0000, Med: 0.5620, Spu: 0.0000, FD: 0.5622, Var: 0.0000, Ctx: 3, Train: 78.16%, Valid: 73.20%, Test In: 74.53% Test OOD1: 67.02% Test OOD2: 53.97% Test OOD3: 63.74% 
Epoch: 167, Loss: 2.2420, Cls: 1.1209, Ind: 0.0000, Med: 0.5605, Spu: 0.0000, FD: 0.5605, Var: 0.0000, Ctx: 3, Train: 78.22%, Valid: 73.14%, Test In: 74.45% Test OOD1: 66.84% Test OOD2: 54.04% Test OOD3: 63.61% 
Epoch: 168, Loss: 2.2373, Cls: 1.1186, Ind: 0.0000, Med: 0.5593, Spu: 0.0000, FD: 0.5594, Var: 0.0000, Ctx: 3, Train: 78.27%, Valid: 73.14%, Test In: 74.45% Test OOD1: 66.88% Test OOD2: 54.03% Test OOD3: 63.63% 
Epoch: 169, Loss: 2.2346, Cls: 1.1172, Ind: 0.0000, Med: 0.5586, Spu: 0.0000, FD: 0.5588, Var: 0.0000, Ctx: 3, Train: 78.31%, Valid: 73.16%, Test In: 74.50% Test OOD1: 66.84% Test OOD2: 54.05% Test OOD3: 63.63% 
Epoch: 170, Loss: 2.2343, Cls: 1.1170, Ind: 0.0000, Med: 0.5585, Spu: 0.0000, FD: 0.5587, Var: 0.0000, Ctx: 3, Train: 78.35%, Valid: 73.09%, Test In: 74.42% Test OOD1: 66.50% Test OOD2: 54.14% Test OOD3: 63.44% 
Epoch: 171, Loss: 2.2352, Cls: 1.1175, Ind: 0.0000, Med: 0.5588, Spu: 0.0000, FD: 0.5589, Var: 0.0000, Ctx: 3, Train: 78.35%, Valid: 73.17%, Test In: 74.45% Test OOD1: 67.10% Test OOD2: 54.01% Test OOD3: 63.72% 
Epoch: 172, Loss: 2.2389, Cls: 1.1193, Ind: 0.0000, Med: 0.5596, Spu: 0.0000, FD: 0.5599, Var: 0.0000, Ctx: 3, Train: 78.39%, Valid: 72.99%, Test In: 74.29% Test OOD1: 66.18% Test OOD2: 54.19% Test OOD3: 63.20% 
Epoch: 173, Loss: 2.2499, Cls: 1.1249, Ind: 0.0000, Med: 0.5626, Spu: 0.0000, FD: 0.5623, Var: 0.0000, Ctx: 3, Train: 78.37%, Valid: 73.21%, Test In: 74.48% Test OOD1: 67.25% Test OOD2: 53.96% Test OOD3: 63.81% 
Epoch: 174, Loss: 2.2676, Cls: 1.1338, Ind: 0.0000, Med: 0.5671, Spu: 0.0000, FD: 0.5666, Var: 0.0000, Ctx: 3, Train: 78.40%, Valid: 72.88%, Test In: 74.17% Test OOD1: 65.70% Test OOD2: 54.24% Test OOD3: 62.94% 
Epoch: 175, Loss: 2.2780, Cls: 1.1389, Ind: 0.0000, Med: 0.5695, Spu: 0.0000, FD: 0.5695, Var: 0.0000, Ctx: 3, Train: 78.42%, Valid: 73.21%, Test In: 74.42% Test OOD1: 67.35% Test OOD2: 53.94% Test OOD3: 63.82% 
Epoch: 176, Loss: 2.2551, Cls: 1.1276, Ind: 0.0000, Med: 0.5641, Spu: 0.0000, FD: 0.5634, Var: 0.0000, Ctx: 3, Train: 78.57%, Valid: 73.13%, Test In: 74.37% Test OOD1: 66.70% Test OOD2: 54.10% Test OOD3: 63.44% 
Epoch: 177, Loss: 2.2280, Cls: 1.1139, Ind: 0.0000, Med: 0.5569, Spu: 0.0000, FD: 0.5571, Var: 0.0000, Ctx: 3, Train: 78.61%, Valid: 73.10%, Test In: 74.40% Test OOD1: 66.71% Test OOD2: 54.07% Test OOD3: 63.47% 
Epoch: 178, Loss: 2.2268, Cls: 1.1133, Ind: 0.0000, Med: 0.5567, Spu: 0.0000, FD: 0.5568, Var: 0.0000, Ctx: 3, Train: 78.47%, Valid: 73.15%, Test In: 74.47% Test OOD1: 67.37% Test OOD2: 53.88% Test OOD3: 63.89% 
Epoch: 179, Loss: 2.2481, Cls: 1.1239, Ind: 0.0000, Med: 0.5619, Spu: 0.0000, FD: 0.5622, Var: 0.0000, Ctx: 3, Train: 78.58%, Valid: 72.91%, Test In: 74.30% Test OOD1: 65.59% Test OOD2: 54.20% Test OOD3: 62.99% 
Epoch: 180, Loss: 2.2688, Cls: 1.1345, Ind: 0.0000, Med: 0.5675, Spu: 0.0000, FD: 0.5669, Var: 0.0000, Ctx: 3, Train: 78.58%, Valid: 73.18%, Test In: 74.48% Test OOD1: 67.13% Test OOD2: 53.93% Test OOD3: 63.80% 
Epoch: 181, Loss: 2.2497, Cls: 1.1248, Ind: 0.0000, Med: 0.5625, Spu: 0.0000, FD: 0.5624, Var: 0.0000, Ctx: 3, Train: 78.73%, Valid: 73.02%, Test In: 74.27% Test OOD1: 66.48% Test OOD2: 54.08% Test OOD3: 63.34% 
Epoch: 182, Loss: 2.2197, Cls: 1.1098, Ind: 0.0000, Med: 0.5549, Spu: 0.0000, FD: 0.5550, Var: 0.0000, Ctx: 3, Train: 78.63%, Valid: 72.96%, Test In: 74.11% Test OOD1: 66.44% Test OOD2: 54.05% Test OOD3: 63.21% 
Epoch: 183, Loss: 2.2273, Cls: 1.1136, Ind: 0.0000, Med: 0.5569, Spu: 0.0000, FD: 0.5568, Var: 0.0000, Ctx: 3, Train: 78.66%, Valid: 73.15%, Test In: 74.34% Test OOD1: 67.20% Test OOD2: 53.92% Test OOD3: 63.73% 
Epoch: 184, Loss: 2.2451, Cls: 1.1225, Ind: 0.0000, Med: 0.5613, Spu: 0.0000, FD: 0.5612, Var: 0.0000, Ctx: 3, Train: 78.68%, Valid: 72.94%, Test In: 74.24% Test OOD1: 65.22% Test OOD2: 54.22% Test OOD3: 62.79% 
Epoch: 185, Loss: 2.2500, Cls: 1.1249, Ind: 0.0000, Med: 0.5625, Spu: 0.0000, FD: 0.5626, Var: 0.0000, Ctx: 3, Train: 78.82%, Valid: 73.17%, Test In: 74.46% Test OOD1: 66.46% Test OOD2: 54.08% Test OOD3: 63.42% 
Epoch: 186, Loss: 2.2169, Cls: 1.1084, Ind: 0.0000, Med: 0.5542, Spu: 0.0000, FD: 0.5543, Var: 0.0000, Ctx: 3, Train: 78.73%, Valid: 73.10%, Test In: 74.34% Test OOD1: 67.13% Test OOD2: 53.92% Test OOD3: 63.65% 
Epoch: 187, Loss: 2.2278, Cls: 1.1138, Ind: 0.0000, Med: 0.5568, Spu: 0.0000, FD: 0.5572, Var: 0.0000, Ctx: 3, Train: 78.82%, Valid: 72.79%, Test In: 74.09% Test OOD1: 65.50% Test OOD2: 54.17% Test OOD3: 62.74% 
Epoch: 188, Loss: 2.2733, Cls: 1.1368, Ind: 0.0000, Med: 0.5688, Spu: 0.0000, FD: 0.5677, Var: 0.0000, Ctx: 3, Train: 78.82%, Valid: 73.22%, Test In: 74.40% Test OOD1: 67.11% Test OOD2: 53.91% Test OOD3: 63.77% 
Epoch: 189, Loss: 2.2620, Cls: 1.1310, Ind: 0.0000, Med: 0.5657, Spu: 0.0000, FD: 0.5653, Var: 0.0000, Ctx: 3, Train: 79.00%, Valid: 73.12%, Test In: 74.31% Test OOD1: 66.14% Test OOD2: 54.13% Test OOD3: 63.25% 
Epoch: 190, Loss: 2.2162, Cls: 1.1081, Ind: 0.0000, Med: 0.5541, Spu: 0.0000, FD: 0.5541, Var: 0.0000, Ctx: 3, Train: 78.92%, Valid: 72.95%, Test In: 74.10% Test OOD1: 65.98% Test OOD2: 54.08% Test OOD3: 63.00% 
Epoch: 191, Loss: 2.2352, Cls: 1.1175, Ind: 0.0000, Med: 0.5588, Spu: 0.0000, FD: 0.5589, Var: 0.0000, Ctx: 3, Train: 78.54%, Valid: 73.13%, Test In: 74.21% Test OOD1: 67.55% Test OOD2: 53.84% Test OOD3: 63.84% 
Epoch: 192, Loss: 2.2645, Cls: 1.1322, Ind: 0.0000, Med: 0.5661, Spu: 0.0000, FD: 0.5662, Var: 0.0000, Ctx: 3, Train: 79.03%, Valid: 72.98%, Test In: 74.24% Test OOD1: 65.32% Test OOD2: 54.17% Test OOD3: 62.85% 
Epoch: 193, Loss: 2.2405, Cls: 1.1202, Ind: 0.0000, Med: 0.5601, Spu: 0.0000, FD: 0.5603, Var: 0.0000, Ctx: 3, Train: 78.99%, Valid: 73.17%, Test In: 74.40% Test OOD1: 65.80% Test OOD2: 54.12% Test OOD3: 63.22% 
Epoch: 194, Loss: 2.2201, Cls: 1.1101, Ind: 0.0000, Med: 0.5551, Spu: 0.0000, FD: 0.5549, Var: 0.0000, Ctx: 3, Train: 78.97%, Valid: 73.19%, Test In: 74.37% Test OOD1: 67.12% Test OOD2: 53.83% Test OOD3: 63.79% 
Epoch: 195, Loss: 2.2374, Cls: 1.1186, Ind: 0.0000, Med: 0.5593, Spu: 0.0000, FD: 0.5595, Var: 0.0000, Ctx: 3, Train: 79.05%, Valid: 72.91%, Test In: 74.13% Test OOD1: 66.13% Test OOD2: 53.96% Test OOD3: 63.06% 
Epoch: 196, Loss: 2.2364, Cls: 1.1184, Ind: 0.0000, Med: 0.5595, Spu: 0.0000, FD: 0.5586, Var: 0.0000, Ctx: 3, Train: 79.09%, Valid: 73.06%, Test In: 74.20% Test OOD1: 66.71% Test OOD2: 53.91% Test OOD3: 63.43% 
Epoch: 197, Loss: 2.2017, Cls: 1.1007, Ind: 0.0000, Med: 0.5503, Spu: 0.0000, FD: 0.5506, Var: 0.0000, Ctx: 3, Train: 79.19%, Valid: 73.19%, Test In: 74.31% Test OOD1: 66.50% Test OOD2: 53.97% Test OOD3: 63.45% 
Epoch: 198, Loss: 2.2122, Cls: 1.1061, Ind: 0.0000, Med: 0.5531, Spu: 0.0000, FD: 0.5530, Var: 0.0000, Ctx: 3, Train: 79.19%, Valid: 72.99%, Test In: 74.12% Test OOD1: 65.16% Test OOD2: 54.10% Test OOD3: 62.76% 
Epoch: 199, Loss: 2.2163, Cls: 1.1081, Ind: 0.0000, Med: 0.5542, Spu: 0.0000, FD: 0.5540, Var: 0.0000, Ctx: 3, Train: 79.30%, Valid: 73.07%, Test In: 74.14% Test OOD1: 65.98% Test OOD2: 54.00% Test OOD3: 63.08% 
Epoch: 200, Loss: 2.1937, Cls: 1.0968, Ind: 0.0000, Med: 0.5484, Spu: 0.0000, FD: 0.5484, Var: 0.0000, Ctx: 3, Train: 79.11%, Valid: 73.06%, Test In: 74.08% Test OOD1: 66.74% Test OOD2: 53.89% Test OOD3: 63.39% 
Epoch: 201, Loss: 2.2140, Cls: 1.1068, Ind: 0.0000, Med: 0.5533, Spu: 0.0000, FD: 0.5538, Var: 0.0000, Ctx: 3, Train: 79.35%, Valid: 72.83%, Test In: 73.94% Test OOD1: 65.01% Test OOD2: 54.00% Test OOD3: 62.52% 
Epoch: 202, Loss: 2.2239, Cls: 1.1120, Ind: 0.0000, Med: 0.5562, Spu: 0.0000, FD: 0.5557, Var: 0.0000, Ctx: 3, Train: 79.37%, Valid: 73.22%, Test In: 74.23% Test OOD1: 65.97% Test OOD2: 53.99% Test OOD3: 63.19% 
Epoch: 203, Loss: 2.2051, Cls: 1.1026, Ind: 0.0000, Med: 0.5514, Spu: 0.0000, FD: 0.5511, Var: 0.0000, Ctx: 3, Train: 79.48%, Valid: 73.15%, Test In: 74.17% Test OOD1: 66.04% Test OOD2: 53.97% Test OOD3: 63.16% 
Epoch: 204, Loss: 2.1918, Cls: 1.0958, Ind: 0.0000, Med: 0.5480, Spu: 0.0000, FD: 0.5480, Var: 0.0000, Ctx: 3, Train: 79.42%, Valid: 72.87%, Test In: 73.90% Test OOD1: 65.37% Test OOD2: 53.99% Test OOD3: 62.59% 
Epoch: 205, Loss: 2.2192, Cls: 1.1096, Ind: 0.0000, Med: 0.5550, Spu: 0.0000, FD: 0.5545, Var: 0.0000, Ctx: 3, Train: 79.33%, Valid: 73.15%, Test In: 74.11% Test OOD1: 66.73% Test OOD2: 53.91% Test OOD3: 63.42% 
Epoch: 206, Loss: 2.2157, Cls: 1.1078, Ind: 0.0000, Med: 0.5539, Spu: 0.0000, FD: 0.5540, Var: 0.0000, Ctx: 3, Train: 79.58%, Valid: 72.98%, Test In: 73.95% Test OOD1: 65.12% Test OOD2: 54.00% Test OOD3: 62.66% 
Epoch: 207, Loss: 2.2011, Cls: 1.1005, Ind: 0.0000, Med: 0.5503, Spu: 0.0000, FD: 0.5503, Var: 0.0000, Ctx: 3, Train: 79.65%, Valid: 73.02%, Test In: 73.96% Test OOD1: 65.40% Test OOD2: 53.98% Test OOD3: 62.79% 
Epoch: 208, Loss: 2.1916, Cls: 1.0958, Ind: 0.0000, Med: 0.5480, Spu: 0.0000, FD: 0.5478, Var: 0.0000, Ctx: 3, Train: 79.49%, Valid: 73.10%, Test In: 74.01% Test OOD1: 66.60% Test OOD2: 53.88% Test OOD3: 63.30% 
Epoch: 209, Loss: 2.2024, Cls: 1.1012, Ind: 0.0000, Med: 0.5506, Spu: 0.0000, FD: 0.5507, Var: 0.0000, Ctx: 3, Train: 79.64%, Valid: 72.78%, Test In: 73.79% Test OOD1: 65.23% Test OOD2: 53.92% Test OOD3: 62.44% 
Epoch: 210, Loss: 2.2122, Cls: 1.1062, Ind: 0.0000, Med: 0.5533, Spu: 0.0000, FD: 0.5527, Var: 0.0000, Ctx: 3, Train: 79.74%, Valid: 73.16%, Test In: 74.04% Test OOD1: 65.94% Test OOD2: 53.96% Test OOD3: 63.05% 
Epoch: 211, Loss: 2.1914, Cls: 1.0957, Ind: 0.0000, Med: 0.5479, Spu: 0.0000, FD: 0.5478, Var: 0.0000, Ctx: 3, Train: 79.80%, Valid: 73.03%, Test In: 73.92% Test OOD1: 65.13% Test OOD2: 53.98% Test OOD3: 62.62% 
Epoch: 212, Loss: 2.1776, Cls: 1.0888, Ind: 0.0000, Med: 0.5445, Spu: 0.0000, FD: 0.5442, Var: 0.0000, Ctx: 3, Train: 79.85%, Valid: 72.83%, Test In: 73.73% Test OOD1: 65.08% Test OOD2: 53.92% Test OOD3: 62.39% 
Epoch: 213, Loss: 2.1809, Cls: 1.0904, Ind: 0.0000, Med: 0.5452, Spu: 0.0000, FD: 0.5452, Var: 0.0000, Ctx: 3, Train: 79.70%, Valid: 73.03%, Test In: 73.91% Test OOD1: 66.31% Test OOD2: 53.92% Test OOD3: 63.08% 
Epoch: 214, Loss: 2.2005, Cls: 1.1001, Ind: 0.0000, Med: 0.5500, Spu: 0.0000, FD: 0.5504, Var: 0.0000, Ctx: 3, Train: 79.84%, Valid: 72.61%, Test In: 73.46% Test OOD1: 64.28% Test OOD2: 53.83% Test OOD3: 61.99% 
Epoch: 215, Loss: 2.2068, Cls: 1.1034, Ind: 0.0000, Med: 0.5518, Spu: 0.0000, FD: 0.5516, Var: 0.0000, Ctx: 3, Train: 79.98%, Valid: 73.04%, Test In: 73.79% Test OOD1: 65.44% Test OOD2: 53.88% Test OOD3: 62.71% 
Epoch: 216, Loss: 2.1827, Cls: 1.0915, Ind: 0.0000, Med: 0.5460, Spu: 0.0000, FD: 0.5453, Var: 0.0000, Ctx: 3, Train: 79.96%, Valid: 72.94%, Test In: 73.78% Test OOD1: 65.84% Test OOD2: 53.87% Test OOD3: 62.76% 
Epoch: 217, Loss: 2.1701, Cls: 1.0850, Ind: 0.0000, Med: 0.5425, Spu: 0.0000, FD: 0.5426, Var: 0.0000, Ctx: 3, Train: 79.92%, Valid: 72.61%, Test In: 73.55% Test OOD1: 64.88% Test OOD2: 53.87% Test OOD3: 62.04% 
Epoch: 218, Loss: 2.2083, Cls: 1.1043, Ind: 0.0000, Med: 0.5524, Spu: 0.0000, FD: 0.5516, Var: 0.0000, Ctx: 3, Train: 79.94%, Valid: 73.13%, Test In: 73.99% Test OOD1: 66.14% Test OOD2: 53.89% Test OOD3: 63.05% 
Epoch: 219, Loss: 2.2165, Cls: 1.1082, Ind: 0.0000, Med: 0.5542, Spu: 0.0000, FD: 0.5541, Var: 0.0000, Ctx: 3, Train: 80.07%, Valid: 72.74%, Test In: 73.57% Test OOD1: 64.41% Test OOD2: 53.84% Test OOD3: 62.09% 
Epoch: 220, Loss: 2.1917, Cls: 1.0958, Ind: 0.0000, Med: 0.5479, Spu: 0.0000, FD: 0.5479, Var: 0.0000, Ctx: 3, Train: 80.23%, Valid: 72.80%, Test In: 73.59% Test OOD1: 65.21% Test OOD2: 53.76% Test OOD3: 62.38% 
Epoch: 221, Loss: 2.1642, Cls: 1.0820, Ind: 0.0000, Med: 0.5410, Spu: 0.0000, FD: 0.5412, Var: 0.0000, Ctx: 3, Train: 79.65%, Valid: 72.94%, Test In: 73.83% Test OOD1: 66.67% Test OOD2: 53.91% Test OOD3: 63.14% 
Epoch: 222, Loss: 2.2254, Cls: 1.1126, Ind: 0.0000, Med: 0.5564, Spu: 0.0000, FD: 0.5564, Var: 0.0000, Ctx: 3, Train: 80.00%, Valid: 72.24%, Test In: 73.08% Test OOD1: 63.63% Test OOD2: 53.67% Test OOD3: 61.48% 
Epoch: 223, Loss: 2.2537, Cls: 1.1267, Ind: 0.0000, Med: 0.5634, Spu: 0.0000, FD: 0.5635, Var: 0.0000, Ctx: 3, Train: 80.11%, Valid: 72.96%, Test In: 73.69% Test OOD1: 65.13% Test OOD2: 53.83% Test OOD3: 62.57% 
Epoch: 224, Loss: 2.1979, Cls: 1.0991, Ind: 0.0000, Med: 0.5498, Spu: 0.0000, FD: 0.5490, Var: 0.0000, Ctx: 3, Train: 80.23%, Valid: 73.01%, Test In: 73.81% Test OOD1: 66.17% Test OOD2: 53.72% Test OOD3: 63.03% 
Epoch: 225, Loss: 2.2007, Cls: 1.1004, Ind: 0.0000, Med: 0.5504, Spu: 0.0000, FD: 0.5500, Var: 0.0000, Ctx: 3, Train: 79.90%, Valid: 72.45%, Test In: 73.46% Test OOD1: 65.31% Test OOD2: 53.78% Test OOD3: 62.09% 
Epoch: 226, Loss: 2.2400, Cls: 1.1201, Ind: 0.0000, Med: 0.5604, Spu: 0.0000, FD: 0.5595, Var: 0.0000, Ctx: 3, Train: 80.00%, Valid: 72.90%, Test In: 73.90% Test OOD1: 66.36% Test OOD2: 53.92% Test OOD3: 62.92% 
Epoch: 227, Loss: 2.1726, Cls: 1.0862, Ind: 0.0000, Med: 0.5431, Spu: 0.0000, FD: 0.5433, Var: 0.0000, Ctx: 3, Train: 80.28%, Valid: 73.08%, Test In: 73.93% Test OOD1: 65.42% Test OOD2: 53.84% Test OOD3: 62.65% 
Epoch: 228, Loss: 2.1744, Cls: 1.0873, Ind: 0.0000, Med: 0.5439, Spu: 0.0000, FD: 0.5432, Var: 0.0000, Ctx: 3, Train: 80.19%, Valid: 72.87%, Test In: 73.72% Test OOD1: 64.24% Test OOD2: 53.81% Test OOD3: 62.04% 
Epoch: 229, Loss: 2.1912, Cls: 1.0956, Ind: 0.0000, Med: 0.5479, Spu: 0.0000, FD: 0.5477, Var: 0.0000, Ctx: 3, Train: 80.46%, Valid: 72.98%, Test In: 73.80% Test OOD1: 65.41% Test OOD2: 53.81% Test OOD3: 62.48% 
Epoch: 230, Loss: 2.1503, Cls: 1.0751, Ind: 0.0000, Med: 0.5376, Spu: 0.0000, FD: 0.5376, Var: 0.0000, Ctx: 3, Train: 79.85%, Valid: 72.88%, Test In: 73.81% Test OOD1: 66.47% Test OOD2: 53.94% Test OOD3: 62.93% 
Epoch: 231, Loss: 2.1939, Cls: 1.0968, Ind: 0.0000, Med: 0.5483, Spu: 0.0000, FD: 0.5488, Var: 0.0000, Ctx: 3, Train: 80.44%, Valid: 72.58%, Test In: 73.42% Test OOD1: 64.42% Test OOD2: 53.71% Test OOD3: 61.73% 
Epoch: 232, Loss: 2.2038, Cls: 1.1021, Ind: 0.0000, Med: 0.5515, Spu: 0.0000, FD: 0.5503, Var: 0.0000, Ctx: 3, Train: 80.47%, Valid: 73.11%, Test In: 73.90% Test OOD1: 65.31% Test OOD2: 53.82% Test OOD3: 62.49% 
Epoch: 233, Loss: 2.1640, Cls: 1.0820, Ind: 0.0000, Med: 0.5410, Spu: 0.0000, FD: 0.5410, Var: 0.0000, Ctx: 3, Train: 80.47%, Valid: 73.08%, Test In: 73.90% Test OOD1: 65.39% Test OOD2: 53.86% Test OOD3: 62.52% 
Epoch: 234, Loss: 2.1747, Cls: 1.0873, Ind: 0.0000, Med: 0.5437, Spu: 0.0000, FD: 0.5437, Var: 0.0000, Ctx: 3, Train: 80.58%, Valid: 72.64%, Test In: 73.46% Test OOD1: 64.32% Test OOD2: 53.80% Test OOD3: 61.61% 
Epoch: 235, Loss: 2.1765, Cls: 1.0882, Ind: 0.0000, Med: 0.5441, Spu: 0.0000, FD: 0.5442, Var: 0.0000, Ctx: 3, Train: 80.34%, Valid: 72.85%, Test In: 73.75% Test OOD1: 65.88% Test OOD2: 53.92% Test OOD3: 62.47% 
Epoch: 236, Loss: 2.1519, Cls: 1.0758, Ind: 0.0000, Med: 0.5379, Spu: 0.0000, FD: 0.5382, Var: 0.0000, Ctx: 3, Train: 80.54%, Valid: 72.87%, Test In: 73.72% Test OOD1: 65.83% Test OOD2: 53.85% Test OOD3: 62.56% 
Epoch: 237, Loss: 2.1505, Cls: 1.0752, Ind: 0.0000, Med: 0.5377, Spu: 0.0000, FD: 0.5375, Var: 0.0000, Ctx: 3, Train: 80.73%, Valid: 72.54%, Test In: 73.34% Test OOD1: 63.97% Test OOD2: 53.64% Test OOD3: 61.59% 
Epoch: 238, Loss: 2.1604, Cls: 1.0801, Ind: 0.0000, Med: 0.5401, Spu: 0.0000, FD: 0.5401, Var: 0.0000, Ctx: 3, Train: 80.79%, Valid: 72.71%, Test In: 73.44% Test OOD1: 64.32% Test OOD2: 53.66% Test OOD3: 61.78% 
Epoch: 239, Loss: 2.1406, Cls: 1.0703, Ind: 0.0000, Med: 0.5353, Spu: 0.0000, FD: 0.5350, Var: 0.0000, Ctx: 3, Train: 80.76%, Valid: 72.73%, Test In: 73.57% Test OOD1: 65.22% Test OOD2: 53.78% Test OOD3: 62.10% 
Epoch: 240, Loss: 2.1454, Cls: 1.0726, Ind: 0.0000, Med: 0.5363, Spu: 0.0000, FD: 0.5365, Var: 0.0000, Ctx: 3, Train: 80.77%, Valid: 72.20%, Test In: 73.00% Test OOD1: 64.15% Test OOD2: 53.57% Test OOD3: 61.29% 
Epoch: 241, Loss: 2.1702, Cls: 1.0852, Ind: 0.0000, Med: 0.5429, Spu: 0.0000, FD: 0.5421, Var: 0.0000, Ctx: 3, Train: 80.92%, Valid: 72.65%, Test In: 73.41% Test OOD1: 65.22% Test OOD2: 53.64% Test OOD3: 62.21% 
Epoch: 242, Loss: 2.1502, Cls: 1.0750, Ind: 0.0000, Med: 0.5376, Spu: 0.0000, FD: 0.5376, Var: 0.0000, Ctx: 3, Train: 81.02%, Valid: 72.38%, Test In: 73.05% Test OOD1: 64.09% Test OOD2: 53.49% Test OOD3: 61.55% 
Epoch: 243, Loss: 2.1317, Cls: 1.0659, Ind: 0.0000, Med: 0.5331, Spu: 0.0000, FD: 0.5327, Var: 0.0000, Ctx: 3, Train: 81.07%, Valid: 72.25%, Test In: 72.99% Test OOD1: 63.94% Test OOD2: 53.52% Test OOD3: 61.27% 
Epoch: 244, Loss: 2.1315, Cls: 1.0657, Ind: 0.0000, Med: 0.5328, Spu: 0.0000, FD: 0.5330, Var: 0.0000, Ctx: 3, Train: 80.77%, Valid: 72.53%, Test In: 73.45% Test OOD1: 65.49% Test OOD2: 53.86% Test OOD3: 62.16% 
Epoch: 245, Loss: 2.1620, Cls: 1.0809, Ind: 0.0000, Med: 0.5404, Spu: 0.0000, FD: 0.5408, Var: 0.0000, Ctx: 3, Train: 81.04%, Valid: 71.80%, Test In: 72.49% Test OOD1: 63.39% Test OOD2: 53.32% Test OOD3: 60.88% 
Epoch: 246, Loss: 2.1718, Cls: 1.0858, Ind: 0.0000, Med: 0.5428, Spu: 0.0000, FD: 0.5432, Var: 0.0000, Ctx: 3, Train: 81.14%, Valid: 72.35%, Test In: 72.93% Test OOD1: 64.63% Test OOD2: 53.43% Test OOD3: 61.87% 
Epoch: 247, Loss: 2.1473, Cls: 1.0738, Ind: 0.0000, Med: 0.5373, Spu: 0.0000, FD: 0.5362, Var: 0.0000, Ctx: 3, Train: 81.25%, Valid: 72.30%, Test In: 73.05% Test OOD1: 64.65% Test OOD2: 53.48% Test OOD3: 61.69% 
Epoch: 248, Loss: 2.1158, Cls: 1.0578, Ind: 0.0000, Med: 0.5290, Spu: 0.0000, FD: 0.5290, Var: 0.0000, Ctx: 3, Train: 81.06%, Valid: 71.92%, Test In: 72.83% Test OOD1: 63.84% Test OOD2: 53.53% Test OOD3: 60.87% 
Epoch: 249, Loss: 2.1775, Cls: 1.0889, Ind: 0.0000, Med: 0.5448, Spu: 0.0000, FD: 0.5438, Var: 0.0000, Ctx: 3, Train: 80.85%, Valid: 72.59%, Test In: 73.55% Test OOD1: 65.75% Test OOD2: 53.78% Test OOD3: 62.56% 
Epoch: 250, Loss: 2.2292, Cls: 1.1144, Ind: 0.0000, Med: 0.5570, Spu: 0.0000, FD: 0.5579, Var: 0.0000, Ctx: 3, Train: 80.74%, Valid: 71.59%, Test In: 72.33% Test OOD1: 63.11% Test OOD2: 53.19% Test OOD3: 60.95% 
Epoch: 251, Loss: 2.2198, Cls: 1.1098, Ind: 0.0000, Med: 0.5550, Spu: 0.0000, FD: 0.5550, Var: 0.0000, Ctx: 3, Train: 80.92%, Valid: 71.82%, Test In: 72.52% Test OOD1: 63.67% Test OOD2: 53.25% Test OOD3: 61.32% 
Epoch: 252, Loss: 2.1828, Cls: 1.0914, Ind: 0.0000, Med: 0.5460, Spu: 0.0000, FD: 0.5453, Var: 0.0000, Ctx: 3, Train: 81.11%, Valid: 72.44%, Test In: 73.14% Test OOD1: 65.54% Test OOD2: 53.52% Test OOD3: 62.36% 
Epoch: 253, Loss: 2.1905, Cls: 1.0952, Ind: 0.0000, Med: 0.5477, Spu: 0.0000, FD: 0.5475, Var: 0.0000, Ctx: 3, Train: 80.57%, Valid: 72.18%, Test In: 73.19% Test OOD1: 65.12% Test OOD2: 53.78% Test OOD3: 61.66% 
Epoch: 254, Loss: 2.1464, Cls: 1.0731, Ind: 0.0000, Med: 0.5367, Spu: 0.0000, FD: 0.5365, Var: 0.0000, Ctx: 3, Train: 81.05%, Valid: 72.04%, Test In: 73.03% Test OOD1: 64.33% Test OOD2: 53.53% Test OOD3: 61.21% 
Epoch: 255, Loss: 2.1734, Cls: 1.0869, Ind: 0.0000, Med: 0.5440, Spu: 0.0000, FD: 0.5424, Var: 0.0000, Ctx: 3, Train: 81.12%, Valid: 72.65%, Test In: 73.54% Test OOD1: 65.83% Test OOD2: 53.48% Test OOD3: 62.67% 
Epoch: 256, Loss: 2.1617, Cls: 1.0807, Ind: 0.0000, Med: 0.5402, Spu: 0.0000, FD: 0.5408, Var: 0.0000, Ctx: 3, Train: 81.01%, Valid: 72.69%, Test In: 73.59% Test OOD1: 65.50% Test OOD2: 53.35% Test OOD3: 62.50% 
Epoch: 257, Loss: 2.1490, Cls: 1.0745, Ind: 0.0000, Med: 0.5373, Spu: 0.0000, FD: 0.5372, Var: 0.0000, Ctx: 3, Train: 81.08%, Valid: 72.39%, Test In: 73.43% Test OOD1: 64.28% Test OOD2: 53.29% Test OOD3: 61.59% 
Epoch: 258, Loss: 2.1678, Cls: 1.0839, Ind: 0.0000, Med: 0.5421, Spu: 0.0000, FD: 0.5418, Var: 0.0000, Ctx: 3, Train: 81.20%, Valid: 72.66%, Test In: 73.80% Test OOD1: 65.31% Test OOD2: 53.69% Test OOD3: 62.09% 
Epoch: 259, Loss: 2.1171, Cls: 1.0584, Ind: 0.0000, Med: 0.5292, Spu: 0.0000, FD: 0.5294, Var: 0.0000, Ctx: 3, Train: 80.95%, Valid: 72.58%, Test In: 73.76% Test OOD1: 65.49% Test OOD2: 53.88% Test OOD3: 62.17% 
Epoch: 260, Loss: 2.1459, Cls: 1.0728, Ind: 0.0000, Med: 0.5364, Spu: 0.0000, FD: 0.5367, Var: 0.0000, Ctx: 3, Train: 81.22%, Valid: 71.96%, Test In: 72.75% Test OOD1: 63.25% Test OOD2: 53.31% Test OOD3: 60.86% 
Epoch: 261, Loss: 2.1603, Cls: 1.0800, Ind: 0.0000, Med: 0.5399, Spu: 0.0000, FD: 0.5404, Var: 0.0000, Ctx: 3, Train: 81.36%, Valid: 72.25%, Test In: 72.89% Test OOD1: 64.62% Test OOD2: 53.35% Test OOD3: 61.70% 
Epoch: 262, Loss: 2.1226, Cls: 1.0613, Ind: 0.0000, Med: 0.5307, Spu: 0.0000, FD: 0.5306, Var: 0.0000, Ctx: 3, Train: 81.24%, Valid: 72.37%, Test In: 73.11% Test OOD1: 65.45% Test OOD2: 53.58% Test OOD3: 62.23% 
Epoch: 263, Loss: 2.1531, Cls: 1.0767, Ind: 0.0000, Med: 0.5386, Spu: 0.0000, FD: 0.5378, Var: 0.0000, Ctx: 3, Train: 81.60%, Valid: 72.27%, Test In: 73.21% Test OOD1: 64.36% Test OOD2: 53.59% Test OOD3: 61.30% 
Epoch: 264, Loss: 2.1087, Cls: 1.0542, Ind: 0.0000, Med: 0.5270, Spu: 0.0000, FD: 0.5275, Var: 0.0000, Ctx: 3, Train: 81.33%, Valid: 72.23%, Test In: 73.29% Test OOD1: 63.91% Test OOD2: 53.68% Test OOD3: 60.81% 
Epoch: 265, Loss: 2.1265, Cls: 1.0632, Ind: 0.0000, Med: 0.5317, Spu: 0.0000, FD: 0.5316, Var: 0.0000, Ctx: 3, Train: 81.33%, Valid: 72.50%, Test In: 73.58% Test OOD1: 65.06% Test OOD2: 53.81% Test OOD3: 61.76% 
Epoch: 266, Loss: 2.1441, Cls: 1.0720, Ind: 0.0000, Med: 0.5361, Spu: 0.0000, FD: 0.5360, Var: 0.0000, Ctx: 3, Train: 81.65%, Valid: 71.84%, Test In: 72.62% Test OOD1: 63.60% Test OOD2: 53.27% Test OOD3: 60.90% 
Epoch: 267, Loss: 2.1100, Cls: 1.0550, Ind: 0.0000, Med: 0.5275, Spu: 0.0000, FD: 0.5275, Var: 0.0000, Ctx: 3, Train: 81.42%, Valid: 71.51%, Test In: 72.21% Test OOD1: 63.62% Test OOD2: 53.13% Test OOD3: 60.91% 
Epoch: 268, Loss: 2.1142, Cls: 1.0571, Ind: 0.0000, Med: 0.5286, Spu: 0.0000, FD: 0.5286, Var: 0.0000, Ctx: 3, Train: 81.74%, Valid: 72.01%, Test In: 72.81% Test OOD1: 64.39% Test OOD2: 53.45% Test OOD3: 61.36% 
Epoch: 269, Loss: 2.1176, Cls: 1.0587, Ind: 0.0000, Med: 0.5293, Spu: 0.0000, FD: 0.5296, Var: 0.0000, Ctx: 3, Train: 81.69%, Valid: 71.65%, Test In: 72.61% Test OOD1: 63.26% Test OOD2: 53.42% Test OOD3: 60.41% 
Epoch: 270, Loss: 2.1034, Cls: 1.0515, Ind: 0.0000, Med: 0.5258, Spu: 0.0000, FD: 0.5260, Var: 0.0000, Ctx: 3, Train: 81.86%, Valid: 71.90%, Test In: 72.94% Test OOD1: 64.07% Test OOD2: 53.45% Test OOD3: 60.98% 
Epoch: 271, Loss: 2.0858, Cls: 1.0428, Ind: 0.0000, Med: 0.5213, Spu: 0.0000, FD: 0.5217, Var: 0.0000, Ctx: 3, Train: 81.84%, Valid: 72.00%, Test In: 72.89% Test OOD1: 64.55% Test OOD2: 53.38% Test OOD3: 61.57% 
Epoch: 272, Loss: 2.0997, Cls: 1.0499, Ind: 0.0000, Med: 0.5252, Spu: 0.0000, FD: 0.5246, Var: 0.0000, Ctx: 3, Train: 81.93%, Valid: 71.59%, Test In: 72.43% Test OOD1: 63.73% Test OOD2: 53.17% Test OOD3: 60.94% 
Epoch: 273, Loss: 2.0964, Cls: 1.0481, Ind: 0.0000, Med: 0.5242, Spu: 0.0000, FD: 0.5241, Var: 0.0000, Ctx: 3, Train: 82.11%, Valid: 71.74%, Test In: 72.53% Test OOD1: 63.91% Test OOD2: 53.31% Test OOD3: 60.84% 
Epoch: 274, Loss: 2.0735, Cls: 1.0366, Ind: 0.0000, Med: 0.5183, Spu: 0.0000, FD: 0.5185, Var: 0.0000, Ctx: 3, Train: 81.87%, Valid: 71.79%, Test In: 72.73% Test OOD1: 64.32% Test OOD2: 53.57% Test OOD3: 60.96% 
Epoch: 275, Loss: 2.0942, Cls: 1.0469, Ind: 0.0000, Med: 0.5233, Spu: 0.0000, FD: 0.5240, Var: 0.0000, Ctx: 3, Train: 82.13%, Valid: 71.28%, Test In: 72.08% Test OOD1: 63.26% Test OOD2: 53.13% Test OOD3: 60.29% 
Epoch: 276, Loss: 2.0958, Cls: 1.0479, Ind: 0.0000, Med: 0.5241, Spu: 0.0000, FD: 0.5238, Var: 0.0000, Ctx: 3, Train: 82.12%, Valid: 71.69%, Test In: 72.50% Test OOD1: 63.89% Test OOD2: 53.29% Test OOD3: 61.05% 
Epoch: 277, Loss: 2.0999, Cls: 1.0499, Ind: 0.0000, Med: 0.5250, Spu: 0.0000, FD: 0.5251, Var: 0.0000, Ctx: 3, Train: 82.22%, Valid: 71.45%, Test In: 72.34% Test OOD1: 63.63% Test OOD2: 53.22% Test OOD3: 60.66% 
Epoch: 278, Loss: 2.0742, Cls: 1.0370, Ind: 0.0000, Med: 0.5186, Spu: 0.0000, FD: 0.5185, Var: 0.0000, Ctx: 3, Train: 82.19%, Valid: 71.58%, Test In: 72.57% Test OOD1: 63.86% Test OOD2: 53.44% Test OOD3: 60.59% 
Epoch: 279, Loss: 2.0713, Cls: 1.0355, Ind: 0.0000, Med: 0.5178, Spu: 0.0000, FD: 0.5180, Var: 0.0000, Ctx: 3, Train: 82.22%, Valid: 71.68%, Test In: 72.60% Test OOD1: 64.00% Test OOD2: 53.50% Test OOD3: 60.78% 
Epoch: 280, Loss: 2.0776, Cls: 1.0386, Ind: 0.0000, Med: 0.5191, Spu: 0.0000, FD: 0.5199, Var: 0.0000, Ctx: 3, Train: 82.15%, Valid: 70.93%, Test In: 71.59% Test OOD1: 62.90% Test OOD2: 53.00% Test OOD3: 60.04% 
Epoch: 281, Loss: 2.0955, Cls: 1.0477, Ind: 0.0000, Med: 0.5240, Spu: 0.0000, FD: 0.5238, Var: 0.0000, Ctx: 3, Train: 82.34%, Valid: 71.55%, Test In: 72.32% Test OOD1: 64.03% Test OOD2: 53.25% Test OOD3: 60.89% 
Epoch: 282, Loss: 2.0860, Cls: 1.0428, Ind: 0.0000, Med: 0.5214, Spu: 0.0000, FD: 0.5217, Var: 0.0000, Ctx: 3, Train: 82.48%, Valid: 71.46%, Test In: 72.43% Test OOD1: 63.38% Test OOD2: 53.21% Test OOD3: 60.23% 
Epoch: 283, Loss: 2.0591, Cls: 1.0295, Ind: 0.0000, Med: 0.5148, Spu: 0.0000, FD: 0.5149, Var: 0.0000, Ctx: 3, Train: 82.40%, Valid: 71.56%, Test In: 72.60% Test OOD1: 63.33% Test OOD2: 53.28% Test OOD3: 60.19% 
Epoch: 284, Loss: 2.0609, Cls: 1.0304, Ind: 0.0000, Med: 0.5152, Spu: 0.0000, FD: 0.5153, Var: 0.0000, Ctx: 3, Train: 82.56%, Valid: 71.74%, Test In: 72.62% Test OOD1: 64.08% Test OOD2: 53.29% Test OOD3: 60.86% 
Epoch: 285, Loss: 2.0631, Cls: 1.0314, Ind: 0.0000, Med: 0.5157, Spu: 0.0000, FD: 0.5159, Var: 0.0000, Ctx: 3, Train: 82.44%, Valid: 71.18%, Test In: 71.93% Test OOD1: 63.55% Test OOD2: 53.00% Test OOD3: 60.35% 
Epoch: 286, Loss: 2.0742, Cls: 1.0370, Ind: 0.0000, Med: 0.5185, Spu: 0.0000, FD: 0.5187, Var: 0.0000, Ctx: 3, Train: 82.57%, Valid: 71.59%, Test In: 72.44% Test OOD1: 63.73% Test OOD2: 53.29% Test OOD3: 60.59% 
Epoch: 287, Loss: 2.0616, Cls: 1.0306, Ind: 0.0000, Med: 0.5153, Spu: 0.0000, FD: 0.5156, Var: 0.0000, Ctx: 3, Train: 82.65%, Valid: 71.37%, Test In: 72.28% Test OOD1: 63.08% Test OOD2: 53.16% Test OOD3: 59.99% 
Epoch: 288, Loss: 2.0518, Cls: 1.0258, Ind: 0.0000, Med: 0.5129, Spu: 0.0000, FD: 0.5132, Var: 0.0000, Ctx: 3, Train: 82.68%, Valid: 71.52%, Test In: 72.51% Test OOD1: 63.80% Test OOD2: 53.16% Test OOD3: 60.52% 
Epoch: 289, Loss: 2.0453, Cls: 1.0225, Ind: 0.0000, Med: 0.5113, Spu: 0.0000, FD: 0.5115, Var: 0.0000, Ctx: 3, Train: 82.77%, Valid: 71.49%, Test In: 72.45% Test OOD1: 63.34% Test OOD2: 53.08% Test OOD3: 60.26% 
Epoch: 290, Loss: 2.0450, Cls: 1.0224, Ind: 0.0000, Med: 0.5113, Spu: 0.0000, FD: 0.5113, Var: 0.0000, Ctx: 3, Train: 82.85%, Valid: 71.27%, Test In: 72.15% Test OOD1: 62.95% Test OOD2: 53.05% Test OOD3: 59.72% 
Epoch: 291, Loss: 2.0433, Cls: 1.0215, Ind: 0.0000, Med: 0.5107, Spu: 0.0000, FD: 0.5111, Var: 0.0000, Ctx: 3, Train: 82.75%, Valid: 71.46%, Test In: 72.45% Test OOD1: 63.88% Test OOD2: 53.28% Test OOD3: 60.39% 
Epoch: 292, Loss: 2.0573, Cls: 1.0285, Ind: 0.0000, Med: 0.5142, Spu: 0.0000, FD: 0.5146, Var: 0.0000, Ctx: 3, Train: 82.73%, Valid: 70.62%, Test In: 71.41% Test OOD1: 62.31% Test OOD2: 52.77% Test OOD3: 59.26% 
Epoch: 293, Loss: 2.0852, Cls: 1.0424, Ind: 0.0000, Med: 0.5211, Spu: 0.0000, FD: 0.5216, Var: 0.0000, Ctx: 3, Train: 82.76%, Valid: 71.35%, Test In: 72.30% Test OOD1: 63.62% Test OOD2: 53.17% Test OOD3: 60.47% 
Epoch: 294, Loss: 2.1187, Cls: 1.0595, Ind: 0.0000, Med: 0.5301, Spu: 0.0000, FD: 0.5291, Var: 0.0000, Ctx: 3, Train: 82.59%, Valid: 70.68%, Test In: 71.62% Test OOD1: 62.96% Test OOD2: 52.95% Test OOD3: 59.31% 
Epoch: 295, Loss: 2.1376, Cls: 1.0685, Ind: 0.0000, Med: 0.5341, Spu: 0.0000, FD: 0.5350, Var: 0.0000, Ctx: 3, Train: 82.61%, Valid: 71.46%, Test In: 72.60% Test OOD1: 64.22% Test OOD2: 53.43% Test OOD3: 60.68% 
Epoch: 296, Loss: 2.1071, Cls: 1.0537, Ind: 0.0000, Med: 0.5273, Spu: 0.0000, FD: 0.5261, Var: 0.0000, Ctx: 3, Train: 82.96%, Valid: 71.04%, Test In: 71.84% Test OOD1: 62.69% Test OOD2: 52.88% Test OOD3: 59.55% 
Epoch: 297, Loss: 2.0649, Cls: 1.0324, Ind: 0.0000, Med: 0.5165, Spu: 0.0000, FD: 0.5160, Var: 0.0000, Ctx: 3, Train: 82.97%, Valid: 71.24%, Test In: 72.12% Test OOD1: 63.68% Test OOD2: 52.99% Test OOD3: 60.10% 
Epoch: 298, Loss: 2.0508, Cls: 1.0252, Ind: 0.0000, Med: 0.5126, Spu: 0.0000, FD: 0.5129, Var: 0.0000, Ctx: 3, Train: 82.46%, Valid: 71.80%, Test In: 73.06% Test OOD1: 64.94% Test OOD2: 53.53% Test OOD3: 61.08% 
Epoch: 299, Loss: 2.1057, Cls: 1.0525, Ind: 0.0000, Med: 0.5259, Spu: 0.0000, FD: 0.5273, Var: 0.0000, Ctx: 3, Train: 82.39%, Valid: 70.78%, Test In: 71.76% Test OOD1: 61.37% Test OOD2: 52.58% Test OOD3: 58.64% 
Epoch: 300, Loss: 2.1357, Cls: 1.0682, Ind: 0.0000, Med: 0.5349, Spu: 0.0000, FD: 0.5326, Var: 0.0000, Ctx: 3, Train: 82.76%, Valid: 71.61%, Test In: 72.63% Test OOD1: 63.76% Test OOD2: 53.01% Test OOD3: 60.59% 
Epoch: 301, Loss: 2.0787, Cls: 1.0391, Ind: 0.0000, Med: 0.5194, Spu: 0.0000, FD: 0.5201, Var: 0.0000, Ctx: 3, Train: 82.64%, Valid: 71.60%, Test In: 72.58% Test OOD1: 64.92% Test OOD2: 53.27% Test OOD3: 61.12% 
Epoch: 302, Loss: 2.0607, Cls: 1.0301, Ind: 0.0000, Med: 0.5149, Spu: 0.0000, FD: 0.5156, Var: 0.0000, Ctx: 3, Train: 82.68%, Valid: 71.09%, Test In: 72.21% Test OOD1: 63.18% Test OOD2: 53.10% Test OOD3: 59.45% 
Epoch: 303, Loss: 2.1122, Cls: 1.0563, Ind: 0.0000, Med: 0.5288, Spu: 0.0000, FD: 0.5271, Var: 0.0000, Ctx: 3, Train: 82.87%, Valid: 71.61%, Test In: 72.83% Test OOD1: 63.79% Test OOD2: 53.38% Test OOD3: 60.46% 
Epoch: 304, Loss: 2.0705, Cls: 1.0352, Ind: 0.0000, Med: 0.5176, Spu: 0.0000, FD: 0.5177, Var: 0.0000, Ctx: 3, Train: 83.20%, Valid: 71.43%, Test In: 72.46% Test OOD1: 63.18% Test OOD2: 53.06% Test OOD3: 60.06% 
Epoch: 305, Loss: 2.0420, Cls: 1.0210, Ind: 0.0000, Med: 0.5108, Spu: 0.0000, FD: 0.5102, Var: 0.0000, Ctx: 3, Train: 83.05%, Valid: 71.13%, Test In: 72.13% Test OOD1: 63.18% Test OOD2: 53.00% Test OOD3: 59.71% 
Epoch: 306, Loss: 2.0713, Cls: 1.0353, Ind: 0.0000, Med: 0.5173, Spu: 0.0000, FD: 0.5187, Var: 0.0000, Ctx: 3, Train: 82.82%, Valid: 71.67%, Test In: 72.98% Test OOD1: 64.44% Test OOD2: 53.58% Test OOD3: 60.55% 
Epoch: 307, Loss: 2.0635, Cls: 1.0317, Ind: 0.0000, Med: 0.5159, Spu: 0.0000, FD: 0.5160, Var: 0.0000, Ctx: 3, Train: 83.07%, Valid: 71.12%, Test In: 72.14% Test OOD1: 62.10% Test OOD2: 52.92% Test OOD3: 59.05% 
Epoch: 308, Loss: 2.0357, Cls: 1.0177, Ind: 0.0000, Med: 0.5089, Spu: 0.0000, FD: 0.5091, Var: 0.0000, Ctx: 3, Train: 83.31%, Valid: 71.22%, Test In: 72.20% Test OOD1: 62.83% Test OOD2: 52.97% Test OOD3: 59.57% 
Epoch: 309, Loss: 2.0227, Cls: 1.0113, Ind: 0.0000, Med: 0.5057, Spu: 0.0000, FD: 0.5058, Var: 0.0000, Ctx: 3, Train: 83.07%, Valid: 71.33%, Test In: 72.42% Test OOD1: 64.25% Test OOD2: 53.32% Test OOD3: 60.43% 
Epoch: 310, Loss: 2.0404, Cls: 1.0200, Ind: 0.0000, Med: 0.5099, Spu: 0.0000, FD: 0.5105, Var: 0.0000, Ctx: 3, Train: 83.40%, Valid: 70.60%, Test In: 71.65% Test OOD1: 61.96% Test OOD2: 52.81% Test OOD3: 58.71% 
Epoch: 311, Loss: 2.0387, Cls: 1.0193, Ind: 0.0000, Med: 0.5099, Spu: 0.0000, FD: 0.5095, Var: 0.0000, Ctx: 3, Train: 83.35%, Valid: 70.90%, Test In: 71.98% Test OOD1: 62.54% Test OOD2: 53.01% Test OOD3: 59.49% 
Epoch: 312, Loss: 2.0403, Cls: 1.0200, Ind: 0.0000, Med: 0.5100, Spu: 0.0000, FD: 0.5103, Var: 0.0000, Ctx: 3, Train: 83.44%, Valid: 70.56%, Test In: 71.54% Test OOD1: 62.84% Test OOD2: 52.90% Test OOD3: 59.27% 
Epoch: 313, Loss: 2.0182, Cls: 1.0089, Ind: 0.0000, Med: 0.5044, Spu: 0.0000, FD: 0.5049, Var: 0.0000, Ctx: 3, Train: 83.58%, Valid: 70.80%, Test In: 71.87% Test OOD1: 63.11% Test OOD2: 53.04% Test OOD3: 59.50% 
Epoch: 314, Loss: 2.0021, Cls: 1.0009, Ind: 0.0000, Med: 0.5004, Spu: 0.0000, FD: 0.5009, Var: 0.0000, Ctx: 3, Train: 83.55%, Valid: 70.75%, Test In: 71.87% Test OOD1: 62.48% Test OOD2: 52.95% Test OOD3: 59.18% 
Epoch: 315, Loss: 2.0082, Cls: 1.0040, Ind: 0.0000, Med: 0.5020, Spu: 0.0000, FD: 0.5022, Var: 0.0000, Ctx: 3, Train: 83.59%, Valid: 70.43%, Test In: 71.47% Test OOD1: 62.26% Test OOD2: 52.82% Test OOD3: 58.86% 
Epoch: 316, Loss: 2.0214, Cls: 1.0105, Ind: 0.0000, Med: 0.5052, Spu: 0.0000, FD: 0.5056, Var: 0.0000, Ctx: 3, Train: 83.48%, Valid: 70.93%, Test In: 72.08% Test OOD1: 63.61% Test OOD2: 53.24% Test OOD3: 60.04% 
Epoch: 317, Loss: 2.0492, Cls: 1.0244, Ind: 0.0000, Med: 0.5121, Spu: 0.0000, FD: 0.5127, Var: 0.0000, Ctx: 3, Train: 83.44%, Valid: 69.92%, Test In: 70.87% Test OOD1: 61.51% Test OOD2: 52.63% Test OOD3: 58.27% 
Epoch: 318, Loss: 2.0849, Cls: 1.0423, Ind: 0.0000, Med: 0.5212, Spu: 0.0000, FD: 0.5215, Var: 0.0000, Ctx: 3, Train: 83.48%, Valid: 70.80%, Test In: 71.89% Test OOD1: 63.30% Test OOD2: 53.22% Test OOD3: 60.00% 
Epoch: 319, Loss: 2.0768, Cls: 1.0385, Ind: 0.0000, Med: 0.5196, Spu: 0.0000, FD: 0.5187, Var: 0.0000, Ctx: 3, Train: 83.70%, Valid: 70.57%, Test In: 71.59% Test OOD1: 62.87% Test OOD2: 52.94% Test OOD3: 59.26% 
Epoch: 320, Loss: 2.0117, Cls: 1.0057, Ind: 0.0000, Med: 0.5029, Spu: 0.0000, FD: 0.5031, Var: 0.0000, Ctx: 3, Train: 83.68%, Valid: 70.65%, Test In: 71.75% Test OOD1: 62.81% Test OOD2: 52.96% Test OOD3: 59.16% 
Epoch: 321, Loss: 2.0107, Cls: 1.0052, Ind: 0.0000, Med: 0.5026, Spu: 0.0000, FD: 0.5029, Var: 0.0000, Ctx: 3, Train: 83.54%, Valid: 71.23%, Test In: 72.45% Test OOD1: 63.44% Test OOD2: 53.28% Test OOD3: 60.10% 
Epoch: 322, Loss: 2.0580, Cls: 1.0286, Ind: 0.0000, Med: 0.5139, Spu: 0.0000, FD: 0.5155, Var: 0.0000, Ctx: 3, Train: 83.41%, Valid: 70.26%, Test In: 71.42% Test OOD1: 61.49% Test OOD2: 52.65% Test OOD3: 58.61% 
Epoch: 323, Loss: 2.0645, Cls: 1.0324, Ind: 0.0000, Med: 0.5167, Spu: 0.0000, FD: 0.5153, Var: 0.0000, Ctx: 3, Train: 83.80%, Valid: 71.08%, Test In: 72.19% Test OOD1: 63.21% Test OOD2: 53.15% Test OOD3: 59.80% 
Epoch: 324, Loss: 1.9979, Cls: 0.9987, Ind: 0.0000, Med: 0.4992, Spu: 0.0000, FD: 0.5000, Var: 0.0000, Ctx: 3, Train: 83.61%, Valid: 71.07%, Test In: 72.33% Test OOD1: 63.27% Test OOD2: 53.28% Test OOD3: 59.67% 
Epoch: 325, Loss: 2.0087, Cls: 1.0041, Ind: 0.0000, Med: 0.5018, Spu: 0.0000, FD: 0.5028, Var: 0.0000, Ctx: 3, Train: 83.79%, Valid: 70.31%, Test In: 71.39% Test OOD1: 61.34% Test OOD2: 52.70% Test OOD3: 58.32% 
Epoch: 326, Loss: 2.0453, Cls: 1.0226, Ind: 0.0000, Med: 0.5115, Spu: 0.0000, FD: 0.5112, Var: 0.0000, Ctx: 3, Train: 83.67%, Valid: 70.99%, Test In: 72.07% Test OOD1: 63.27% Test OOD2: 53.14% Test OOD3: 59.97% 
Epoch: 327, Loss: 2.0268, Cls: 1.0133, Ind: 0.0000, Med: 0.5068, Spu: 0.0000, FD: 0.5067, Var: 0.0000, Ctx: 3, Train: 83.98%, Valid: 70.90%, Test In: 71.99% Test OOD1: 62.82% Test OOD2: 53.13% Test OOD3: 59.34% 
Epoch: 328, Loss: 1.9826, Cls: 0.9911, Ind: 0.0000, Med: 0.4955, Spu: 0.0000, FD: 0.4959, Var: 0.0000, Ctx: 3, Train: 83.54%, Valid: 70.04%, Test In: 71.28% Test OOD1: 60.82% Test OOD2: 52.74% Test OOD3: 57.71% 
Epoch: 329, Loss: 2.0494, Cls: 1.0246, Ind: 0.0000, Med: 0.5125, Spu: 0.0000, FD: 0.5123, Var: 0.0000, Ctx: 3, Train: 83.50%, Valid: 71.08%, Test In: 72.15% Test OOD1: 63.33% Test OOD2: 53.28% Test OOD3: 60.16% 
Epoch: 330, Loss: 2.1136, Cls: 1.0569, Ind: 0.0000, Med: 0.5289, Spu: 0.0000, FD: 0.5278, Var: 0.0000, Ctx: 3, Train: 83.10%, Valid: 69.76%, Test In: 70.88% Test OOD1: 61.52% Test OOD2: 52.61% Test OOD3: 58.60% 
Epoch: 331, Loss: 2.0995, Cls: 1.0490, Ind: 0.0000, Med: 0.5239, Spu: 0.0000, FD: 0.5265, Var: 0.0000, Ctx: 3, Train: 84.13%, Valid: 70.61%, Test In: 71.71% Test OOD1: 62.20% Test OOD2: 52.95% Test OOD3: 59.00% 
Epoch: 332, Loss: 1.9938, Cls: 0.9968, Ind: 0.0000, Med: 0.4986, Spu: 0.0000, FD: 0.4984, Var: 0.0000, Ctx: 3, Train: 82.44%, Valid: 70.97%, Test In: 72.41% Test OOD1: 63.59% Test OOD2: 53.80% Test OOD3: 59.95% 
Epoch: 333, Loss: 2.1358, Cls: 1.0682, Ind: 0.0000, Med: 0.5348, Spu: 0.0000, FD: 0.5329, Var: 0.0000, Ctx: 3, Train: 83.56%, Valid: 69.73%, Test In: 70.83% Test OOD1: 60.69% Test OOD2: 52.57% Test OOD3: 58.10% 
Epoch: 334, Loss: 2.1027, Cls: 1.0508, Ind: 0.0000, Med: 0.5249, Spu: 0.0000, FD: 0.5270, Var: 0.0000, Ctx: 3, Train: 82.97%, Valid: 70.29%, Test In: 71.38% Test OOD1: 63.01% Test OOD2: 52.88% Test OOD3: 60.10% 
Epoch: 335, Loss: 2.0620, Cls: 1.0309, Ind: 0.0000, Med: 0.5156, Spu: 0.0000, FD: 0.5155, Var: 0.0000, Ctx: 3, Train: 82.94%, Valid: 71.12%, Test In: 72.09% Test OOD1: 64.63% Test OOD2: 53.25% Test OOD3: 61.26% 
Epoch: 336, Loss: 2.0960, Cls: 1.0478, Ind: 0.0000, Med: 0.5238, Spu: 0.0000, FD: 0.5244, Var: 0.0000, Ctx: 3, Train: 83.67%, Valid: 71.10%, Test In: 72.39% Test OOD1: 62.93% Test OOD2: 53.16% Test OOD3: 59.42% 
Epoch: 337, Loss: 2.0100, Cls: 1.0052, Ind: 0.0000, Med: 0.5031, Spu: 0.0000, FD: 0.5017, Var: 0.0000, Ctx: 3, Train: 83.09%, Valid: 70.61%, Test In: 72.03% Test OOD1: 61.39% Test OOD2: 52.97% Test OOD3: 58.55% 
Epoch: 338, Loss: 2.0471, Cls: 1.0239, Ind: 0.0000, Med: 0.5130, Spu: 0.0000, FD: 0.5101, Var: 0.0000, Ctx: 3, Train: 83.66%, Valid: 71.46%, Test In: 72.63% Test OOD1: 63.84% Test OOD2: 53.36% Test OOD3: 60.67% 
Epoch: 339, Loss: 2.0690, Cls: 1.0339, Ind: 0.0000, Med: 0.5163, Spu: 0.0000, FD: 0.5188, Var: 0.0000, Ctx: 3, Train: 83.31%, Valid: 70.64%, Test In: 71.79% Test OOD1: 63.14% Test OOD2: 53.03% Test OOD3: 60.07% 
Epoch: 340, Loss: 2.0325, Cls: 1.0162, Ind: 0.0000, Med: 0.5081, Spu: 0.0000, FD: 0.5082, Var: 0.0000, Ctx: 3, Train: 83.94%, Valid: 70.62%, Test In: 71.75% Test OOD1: 62.48% Test OOD2: 53.09% Test OOD3: 59.41% 
Epoch: 341, Loss: 2.0255, Cls: 1.0126, Ind: 0.0000, Med: 0.5063, Spu: 0.0000, FD: 0.5066, Var: 0.0000, Ctx: 3, Train: 83.46%, Valid: 70.93%, Test In: 72.38% Test OOD1: 62.79% Test OOD2: 53.65% Test OOD3: 59.58% 
Epoch: 342, Loss: 2.0352, Cls: 1.0176, Ind: 0.0000, Med: 0.5089, Spu: 0.0000, FD: 0.5087, Var: 0.0000, Ctx: 3, Train: 83.60%, Valid: 70.49%, Test In: 71.87% Test OOD1: 61.37% Test OOD2: 53.29% Test OOD3: 58.56% 
Epoch: 343, Loss: 2.0042, Cls: 1.0021, Ind: 0.0000, Med: 0.5011, Spu: 0.0000, FD: 0.5010, Var: 0.0000, Ctx: 3, Train: 84.21%, Valid: 70.42%, Test In: 71.58% Test OOD1: 61.46% Test OOD2: 53.04% Test OOD3: 58.51% 
Epoch: 344, Loss: 2.0082, Cls: 1.0039, Ind: 0.0000, Med: 0.5018, Spu: 0.0000, FD: 0.5025, Var: 0.0000, Ctx: 3, Train: 83.70%, Valid: 70.81%, Test In: 71.84% Test OOD1: 63.17% Test OOD2: 53.33% Test OOD3: 59.91% 
Epoch: 345, Loss: 2.0000, Cls: 0.9998, Ind: 0.0000, Med: 0.4998, Spu: 0.0000, FD: 0.5003, Var: 0.0000, Ctx: 3, Train: 84.20%, Valid: 70.60%, Test In: 71.87% Test OOD1: 62.06% Test OOD2: 53.18% Test OOD3: 59.22% 
Epoch: 346, Loss: 1.9793, Cls: 0.9895, Ind: 0.0000, Med: 0.4947, Spu: 0.0000, FD: 0.4951, Var: 0.0000, Ctx: 3, Train: 83.93%, Valid: 69.63%, Test In: 71.03% Test OOD1: 59.55% Test OOD2: 52.72% Test OOD3: 57.16% 
Epoch: 347, Loss: 2.0164, Cls: 1.0083, Ind: 0.0000, Med: 0.5047, Spu: 0.0000, FD: 0.5034, Var: 0.0000, Ctx: 3, Train: 84.20%, Valid: 70.62%, Test In: 71.89% Test OOD1: 62.45% Test OOD2: 53.35% Test OOD3: 59.20% 
Epoch: 348, Loss: 1.9992, Cls: 0.9994, Ind: 0.0000, Med: 0.4997, Spu: 0.0000, FD: 0.5001, Var: 0.0000, Ctx: 3, Train: 84.30%, Valid: 69.95%, Test In: 71.03% Test OOD1: 61.91% Test OOD2: 52.87% Test OOD3: 58.84% 
Epoch: 349, Loss: 1.9801, Cls: 0.9899, Ind: 0.0000, Med: 0.4949, Spu: 0.0000, FD: 0.4954, Var: 0.0000, Ctx: 3, Train: 84.37%, Valid: 69.99%, Test In: 71.09% Test OOD1: 61.96% Test OOD2: 52.91% Test OOD3: 58.96% 
Epoch: 350, Loss: 1.9717, Cls: 0.9857, Ind: 0.0000, Med: 0.4928, Spu: 0.0000, FD: 0.4931, Var: 0.0000, Ctx: 3, Train: 84.43%, Valid: 70.41%, Test In: 71.60% Test OOD1: 62.31% Test OOD2: 53.32% Test OOD3: 59.11% 
Epoch: 351, Loss: 1.9755, Cls: 0.9876, Ind: 0.0000, Med: 0.4939, Spu: 0.0000, FD: 0.4940, Var: 0.0000, Ctx: 3, Train: 84.30%, Valid: 69.73%, Test In: 71.03% Test OOD1: 60.40% Test OOD2: 52.95% Test OOD3: 57.50% 
Epoch: 352, Loss: 1.9987, Cls: 0.9992, Ind: 0.0000, Med: 0.4996, Spu: 0.0000, FD: 0.5000, Var: 0.0000, Ctx: 3, Train: 84.26%, Valid: 70.25%, Test In: 71.58% Test OOD1: 62.14% Test OOD2: 53.21% Test OOD3: 59.41% 
Epoch: 353, Loss: 2.0039, Cls: 1.0020, Ind: 0.0000, Med: 0.5013, Spu: 0.0000, FD: 0.5006, Var: 0.0000, Ctx: 3, Train: 84.17%, Valid: 69.90%, Test In: 71.09% Test OOD1: 62.08% Test OOD2: 52.98% Test OOD3: 58.92% 
Epoch: 354, Loss: 1.9842, Cls: 0.9918, Ind: 0.0000, Med: 0.4959, Spu: 0.0000, FD: 0.4965, Var: 0.0000, Ctx: 3, Train: 84.65%, Valid: 70.18%, Test In: 71.34% Test OOD1: 61.82% Test OOD2: 53.13% Test OOD3: 58.69% 
Epoch: 355, Loss: 1.9474, Cls: 0.9735, Ind: 0.0000, Med: 0.4869, Spu: 0.0000, FD: 0.4869, Var: 0.0000, Ctx: 3, Train: 84.20%, Valid: 70.15%, Test In: 71.50% Test OOD1: 61.33% Test OOD2: 53.26% Test OOD3: 58.58% 
Epoch: 356, Loss: 1.9826, Cls: 0.9911, Ind: 0.0000, Med: 0.4956, Spu: 0.0000, FD: 0.4958, Var: 0.0000, Ctx: 3, Train: 84.72%, Valid: 69.77%, Test In: 70.94% Test OOD1: 60.58% Test OOD2: 52.88% Test OOD3: 57.99% 
Epoch: 357, Loss: 1.9683, Cls: 0.9841, Ind: 0.0000, Med: 0.4921, Spu: 0.0000, FD: 0.4921, Var: 0.0000, Ctx: 3, Train: 84.48%, Valid: 70.22%, Test In: 71.33% Test OOD1: 62.18% Test OOD2: 53.17% Test OOD3: 59.26% 
Epoch: 358, Loss: 1.9553, Cls: 0.9774, Ind: 0.0000, Med: 0.4886, Spu: 0.0000, FD: 0.4892, Var: 0.0000, Ctx: 3, Train: 84.76%, Valid: 70.23%, Test In: 71.40% Test OOD1: 61.93% Test OOD2: 53.18% Test OOD3: 58.96% 
Epoch: 359, Loss: 1.9426, Cls: 0.9710, Ind: 0.0000, Med: 0.4853, Spu: 0.0000, FD: 0.4864, Var: 0.0000, Ctx: 3, Train: 84.42%, Valid: 69.24%, Test In: 70.60% Test OOD1: 59.41% Test OOD2: 52.65% Test OOD3: 56.97% 
Epoch: 360, Loss: 1.9891, Cls: 0.9949, Ind: 0.0000, Med: 0.4987, Spu: 0.0000, FD: 0.4955, Var: 0.0000, Ctx: 3, Train: 84.54%, Valid: 70.38%, Test In: 71.58% Test OOD1: 62.19% Test OOD2: 53.36% Test OOD3: 59.23% 
Epoch: 361, Loss: 2.0147, Cls: 1.0067, Ind: 0.0000, Med: 0.5028, Spu: 0.0000, FD: 0.5051, Var: 0.0000, Ctx: 3, Train: 84.38%, Valid: 69.30%, Test In: 70.44% Test OOD1: 60.65% Test OOD2: 52.68% Test OOD3: 57.89% 
Epoch: 362, Loss: 2.0285, Cls: 1.0143, Ind: 0.0000, Med: 0.5074, Spu: 0.0000, FD: 0.5067, Var: 0.0000, Ctx: 3, Train: 84.82%, Valid: 69.99%, Test In: 71.02% Test OOD1: 61.84% Test OOD2: 53.05% Test OOD3: 59.00% 
Epoch: 363, Loss: 1.9567, Cls: 0.9783, Ind: 0.0000, Med: 0.4893, Spu: 0.0000, FD: 0.4890, Var: 0.0000, Ctx: 3, Train: 84.51%, Valid: 70.33%, Test In: 71.50% Test OOD1: 62.01% Test OOD2: 53.38% Test OOD3: 58.96% 
Epoch: 364, Loss: 1.9865, Cls: 0.9932, Ind: 0.0000, Med: 0.4968, Spu: 0.0000, FD: 0.4965, Var: 0.0000, Ctx: 3, Train: 84.17%, Valid: 68.94%, Test In: 70.27% Test OOD1: 58.96% Test OOD2: 52.63% Test OOD3: 56.64% 
Epoch: 365, Loss: 2.0482, Cls: 1.0236, Ind: 0.0000, Med: 0.5114, Spu: 0.0000, FD: 0.5131, Var: 0.0000, Ctx: 3, Train: 84.50%, Valid: 70.58%, Test In: 71.79% Test OOD1: 62.69% Test OOD2: 53.34% Test OOD3: 59.93% 
Epoch: 366, Loss: 2.0047, Cls: 1.0026, Ind: 0.0000, Med: 0.5019, Spu: 0.0000, FD: 0.5002, Var: 0.0000, Ctx: 3, Train: 84.33%, Valid: 70.45%, Test In: 71.61% Test OOD1: 62.61% Test OOD2: 53.19% Test OOD3: 59.61% 
Epoch: 367, Loss: 1.9609, Cls: 0.9803, Ind: 0.0000, Med: 0.4903, Spu: 0.0000, FD: 0.4903, Var: 0.0000, Ctx: 3, Train: 84.99%, Valid: 69.75%, Test In: 71.09% Test OOD1: 60.52% Test OOD2: 52.89% Test OOD3: 57.84% 
Epoch: 368, Loss: 1.9713, Cls: 0.9851, Ind: 0.0000, Med: 0.4920, Spu: 0.0000, FD: 0.4941, Var: 0.0000, Ctx: 3, Train: 84.09%, Valid: 70.10%, Test In: 71.53% Test OOD1: 61.37% Test OOD2: 53.40% Test OOD3: 58.87% 
Epoch: 369, Loss: 2.0170, Cls: 1.0085, Ind: 0.0000, Med: 0.5046, Spu: 0.0000, FD: 0.5039, Var: 0.0000, Ctx: 3, Train: 85.10%, Valid: 69.85%, Test In: 70.95% Test OOD1: 60.86% Test OOD2: 52.93% Test OOD3: 58.31% 
Epoch: 370, Loss: 1.9473, Cls: 0.9734, Ind: 0.0000, Med: 0.4865, Spu: 0.0000, FD: 0.4874, Var: 0.0000, Ctx: 3, Train: 84.60%, Valid: 70.19%, Test In: 71.21% Test OOD1: 62.23% Test OOD2: 53.03% Test OOD3: 59.19% 
Epoch: 371, Loss: 1.9633, Cls: 0.9814, Ind: 0.0000, Med: 0.4906, Spu: 0.0000, FD: 0.4913, Var: 0.0000, Ctx: 3, Train: 84.75%, Valid: 70.51%, Test In: 71.62% Test OOD1: 62.53% Test OOD2: 53.31% Test OOD3: 59.74% 
Epoch: 372, Loss: 1.9647, Cls: 0.9821, Ind: 0.0000, Med: 0.4910, Spu: 0.0000, FD: 0.4916, Var: 0.0000, Ctx: 3, Train: 84.85%, Valid: 69.35%, Test In: 70.85% Test OOD1: 59.26% Test OOD2: 52.73% Test OOD3: 57.18% 
Epoch: 373, Loss: 1.9452, Cls: 0.9727, Ind: 0.0000, Med: 0.4869, Spu: 0.0000, FD: 0.4856, Var: 0.0000, Ctx: 3, Train: 85.00%, Valid: 69.92%, Test In: 71.27% Test OOD1: 60.68% Test OOD2: 53.12% Test OOD3: 57.92% 
Epoch: 374, Loss: 1.9338, Cls: 0.9666, Ind: 0.0000, Med: 0.4834, Spu: 0.0000, FD: 0.4838, Var: 0.0000, Ctx: 3, Train: 85.23%, Valid: 69.74%, Test In: 70.99% Test OOD1: 60.98% Test OOD2: 52.96% Test OOD3: 58.42% 
Epoch: 375, Loss: 1.9157, Cls: 0.9577, Ind: 0.0000, Med: 0.4787, Spu: 0.0000, FD: 0.4793, Var: 0.0000, Ctx: 3, Train: 85.11%, Valid: 69.49%, Test In: 70.63% Test OOD1: 60.60% Test OOD2: 52.88% Test OOD3: 58.08% 
Epoch: 376, Loss: 1.9274, Cls: 0.9636, Ind: 0.0000, Med: 0.4818, Spu: 0.0000, FD: 0.4820, Var: 0.0000, Ctx: 3, Train: 85.26%, Valid: 69.68%, Test In: 70.72% Test OOD1: 60.50% Test OOD2: 53.12% Test OOD3: 57.91% 
Epoch: 377, Loss: 1.9129, Cls: 0.9563, Ind: 0.0000, Med: 0.4781, Spu: 0.0000, FD: 0.4785, Var: 0.0000, Ctx: 3, Train: 85.12%, Valid: 69.08%, Test In: 70.32% Test OOD1: 59.34% Test OOD2: 52.84% Test OOD3: 57.12% 
Epoch: 378, Loss: 1.9160, Cls: 0.9578, Ind: 0.0000, Med: 0.4788, Spu: 0.0000, FD: 0.4794, Var: 0.0000, Ctx: 3, Train: 85.41%, Valid: 69.49%, Test In: 70.73% Test OOD1: 60.77% Test OOD2: 52.98% Test OOD3: 58.20% 
Epoch: 379, Loss: 1.9012, Cls: 0.9504, Ind: 0.0000, Med: 0.4751, Spu: 0.0000, FD: 0.4757, Var: 0.0000, Ctx: 3, Train: 85.21%, Valid: 69.71%, Test In: 70.88% Test OOD1: 61.36% Test OOD2: 53.04% Test OOD3: 58.50% 
Epoch: 380, Loss: 1.9131, Cls: 0.9563, Ind: 0.0000, Med: 0.4781, Spu: 0.0000, FD: 0.4786, Var: 0.0000, Ctx: 3, Train: 85.41%, Valid: 69.15%, Test In: 70.44% Test OOD1: 59.84% Test OOD2: 52.81% Test OOD3: 57.66% 
Epoch: 381, Loss: 1.9030, Cls: 0.9514, Ind: 0.0000, Med: 0.4758, Spu: 0.0000, FD: 0.4757, Var: 0.0000, Ctx: 3, Train: 85.21%, Valid: 69.35%, Test In: 70.44% Test OOD1: 60.50% Test OOD2: 52.94% Test OOD3: 57.70% 
Epoch: 382, Loss: 1.9183, Cls: 0.9589, Ind: 0.0000, Med: 0.4793, Spu: 0.0000, FD: 0.4802, Var: 0.0000, Ctx: 3, Train: 85.43%, Valid: 69.38%, Test In: 70.58% Test OOD1: 60.82% Test OOD2: 53.07% Test OOD3: 58.62% 
Epoch: 383, Loss: 1.9165, Cls: 0.9582, Ind: 0.0000, Med: 0.4793, Spu: 0.0000, FD: 0.4789, Var: 0.0000, Ctx: 3, Train: 85.41%, Valid: 69.35%, Test In: 70.55% Test OOD1: 60.44% Test OOD2: 52.86% Test OOD3: 57.88% 
Epoch: 384, Loss: 1.9257, Cls: 0.9627, Ind: 0.0000, Med: 0.4813, Spu: 0.0000, FD: 0.4817, Var: 0.0000, Ctx: 3, Train: 85.34%, Valid: 69.92%, Test In: 71.12% Test OOD1: 61.17% Test OOD2: 53.38% Test OOD3: 58.61% 
Epoch: 385, Loss: 1.9441, Cls: 0.9718, Ind: 0.0000, Med: 0.4858, Spu: 0.0000, FD: 0.4864, Var: 0.0000, Ctx: 3, Train: 84.73%, Valid: 68.19%, Test In: 69.58% Test OOD1: 58.28% Test OOD2: 52.40% Test OOD3: 56.33% 
Epoch: 386, Loss: 2.0153, Cls: 1.0076, Ind: 0.0000, Med: 0.5039, Spu: 0.0000, FD: 0.5038, Var: 0.0000, Ctx: 3, Train: 84.99%, Valid: 70.22%, Test In: 71.05% Test OOD1: 62.53% Test OOD2: 53.56% Test OOD3: 59.92% 
Epoch: 387, Loss: 2.0217, Cls: 1.0108, Ind: 0.0000, Med: 0.5056, Spu: 0.0000, FD: 0.5052, Var: 0.0000, Ctx: 3, Train: 85.45%, Valid: 69.67%, Test In: 70.66% Test OOD1: 60.87% Test OOD2: 53.08% Test OOD3: 58.48% 
Epoch: 388, Loss: 1.9230, Cls: 0.9614, Ind: 0.0000, Med: 0.4807, Spu: 0.0000, FD: 0.4809, Var: 0.0000, Ctx: 3, Train: 85.55%, Valid: 69.25%, Test In: 70.42% Test OOD1: 59.25% Test OOD2: 52.84% Test OOD3: 57.21% 
Epoch: 389, Loss: 1.9390, Cls: 0.9692, Ind: 0.0000, Med: 0.4844, Spu: 0.0000, FD: 0.4854, Var: 0.0000, Ctx: 3, Train: 84.57%, Valid: 70.07%, Test In: 71.44% Test OOD1: 61.47% Test OOD2: 53.64% Test OOD3: 59.21% 
Epoch: 390, Loss: 2.0640, Cls: 1.0317, Ind: 0.0000, Med: 0.5156, Spu: 0.0000, FD: 0.5167, Var: 0.0000, Ctx: 3, Train: 84.77%, Valid: 68.92%, Test In: 70.35% Test OOD1: 59.31% Test OOD2: 52.57% Test OOD3: 57.31% 
Epoch: 391, Loss: 2.0622, Cls: 1.0310, Ind: 0.0000, Med: 0.5155, Spu: 0.0000, FD: 0.5157, Var: 0.0000, Ctx: 3, Train: 84.69%, Valid: 70.54%, Test In: 71.38% Test OOD1: 62.83% Test OOD2: 53.22% Test OOD3: 59.97% 
Epoch: 392, Loss: 1.9675, Cls: 0.9837, Ind: 0.0000, Med: 0.4920, Spu: 0.0000, FD: 0.4918, Var: 0.0000, Ctx: 3, Train: 84.20%, Valid: 70.95%, Test In: 71.72% Test OOD1: 63.94% Test OOD2: 53.68% Test OOD3: 60.78% 
Epoch: 393, Loss: 2.0315, Cls: 1.0157, Ind: 0.0000, Med: 0.5079, Spu: 0.0000, FD: 0.5079, Var: 0.0000, Ctx: 3, Train: 85.32%, Valid: 69.78%, Test In: 71.02% Test OOD1: 59.72% Test OOD2: 53.08% Test OOD3: 57.66% 
Epoch: 394, Loss: 1.9230, Cls: 0.9613, Ind: 0.0000, Med: 0.4807, Spu: 0.0000, FD: 0.4809, Var: 0.0000, Ctx: 3, Train: 84.51%, Valid: 68.77%, Test In: 70.44% Test OOD1: 57.71% Test OOD2: 52.76% Test OOD3: 56.49% 
Epoch: 395, Loss: 1.9628, Cls: 0.9813, Ind: 0.0000, Med: 0.4909, Spu: 0.0000, FD: 0.4906, Var: 0.0000, Ctx: 3, Train: 84.84%, Valid: 70.27%, Test In: 71.68% Test OOD1: 62.04% Test OOD2: 53.59% Test OOD3: 59.71% 
Epoch: 396, Loss: 2.0426, Cls: 1.0209, Ind: 0.0000, Med: 0.5101, Spu: 0.0000, FD: 0.5116, Var: 0.0000, Ctx: 3, Train: 84.95%, Valid: 69.17%, Test In: 70.57% Test OOD1: 60.52% Test OOD2: 52.78% Test OOD3: 57.95% 
Epoch: 397, Loss: 2.0083, Cls: 1.0038, Ind: 0.0000, Med: 0.5016, Spu: 0.0000, FD: 0.5028, Var: 0.0000, Ctx: 3, Train: 85.13%, Valid: 69.94%, Test In: 71.01% Test OOD1: 61.55% Test OOD2: 53.00% Test OOD3: 58.73% 
Epoch: 398, Loss: 1.9653, Cls: 0.9825, Ind: 0.0000, Med: 0.4913, Spu: 0.0000, FD: 0.4915, Var: 0.0000, Ctx: 3, Train: 85.00%, Valid: 70.53%, Test In: 71.39% Test OOD1: 62.80% Test OOD2: 53.62% Test OOD3: 59.73% 
Epoch: 399, Loss: 1.9921, Cls: 0.9963, Ind: 0.0000, Med: 0.4988, Spu: 0.0000, FD: 0.4970, Var: 0.0000, Ctx: 3, Train: 85.07%, Valid: 69.76%, Test In: 71.04% Test OOD1: 60.39% Test OOD2: 53.44% Test OOD3: 57.94% 
Epoch: 400, Loss: 1.9183, Cls: 0.9590, Ind: 0.0000, Med: 0.4795, Spu: 0.0000, FD: 0.4798, Var: 0.0000, Ctx: 3, Train: 84.80%, Valid: 68.25%, Test In: 69.88% Test OOD1: 57.46% Test OOD2: 52.80% Test OOD3: 56.08% 
Epoch: 401, Loss: 1.9823, Cls: 0.9909, Ind: 0.0000, Med: 0.4952, Spu: 0.0000, FD: 0.4962, Var: 0.0000, Ctx: 3, Train: 84.79%, Valid: 69.78%, Test In: 71.21% Test OOD1: 61.16% Test OOD2: 53.40% Test OOD3: 59.34% 
Epoch: 402, Loss: 2.0074, Cls: 1.0035, Ind: 0.0000, Med: 0.5017, Spu: 0.0000, FD: 0.5022, Var: 0.0000, Ctx: 3, Train: 84.89%, Valid: 69.74%, Test In: 70.88% Test OOD1: 61.77% Test OOD2: 53.07% Test OOD3: 58.99% 
Epoch: 403, Loss: 1.9378, Cls: 0.9686, Ind: 0.0000, Med: 0.4841, Spu: 0.0000, FD: 0.4850, Var: 0.0000, Ctx: 3, Train: 85.56%, Valid: 69.73%, Test In: 70.77% Test OOD1: 60.87% Test OOD2: 52.94% Test OOD3: 58.11% 
Epoch: 404, Loss: 1.9360, Cls: 0.9678, Ind: 0.0000, Med: 0.4838, Spu: 0.0000, FD: 0.4844, Var: 0.0000, Ctx: 3, Train: 85.23%, Valid: 70.05%, Test In: 71.14% Test OOD1: 61.29% Test OOD2: 53.37% Test OOD3: 58.75% 
Epoch: 405, Loss: 1.9429, Cls: 0.9714, Ind: 0.0000, Med: 0.4857, Spu: 0.0000, FD: 0.4859, Var: 0.0000, Ctx: 3, Train: 85.40%, Valid: 69.67%, Test In: 70.90% Test OOD1: 59.55% Test OOD2: 53.19% Test OOD3: 57.75% 
Epoch: 406, Loss: 1.9003, Cls: 0.9499, Ind: 0.0000, Med: 0.4749, Spu: 0.0000, FD: 0.4755, Var: 0.0000, Ctx: 3, Train: 85.50%, Valid: 69.27%, Test In: 70.48% Test OOD1: 59.15% Test OOD2: 53.02% Test OOD3: 57.29% 
Epoch: 407, Loss: 1.9295, Cls: 0.9647, Ind: 0.0000, Med: 0.4825, Spu: 0.0000, FD: 0.4824, Var: 0.0000, Ctx: 3, Train: 85.37%, Valid: 70.24%, Test In: 71.26% Test OOD1: 61.51% Test OOD2: 53.44% Test OOD3: 59.56% 
Epoch: 408, Loss: 1.9388, Cls: 0.9690, Ind: 0.0000, Med: 0.4842, Spu: 0.0000, FD: 0.4855, Var: 0.0000, Ctx: 3, Train: 85.96%, Valid: 69.64%, Test In: 70.89% Test OOD1: 60.28% Test OOD2: 53.05% Test OOD3: 58.24% 
Epoch: 409, Loss: 1.8772, Cls: 0.9385, Ind: 0.0000, Med: 0.4693, Spu: 0.0000, FD: 0.4695, Var: 0.0000, Ctx: 3, Train: 85.76%, Valid: 69.19%, Test In: 70.43% Test OOD1: 59.19% Test OOD2: 52.77% Test OOD3: 56.94% 
Epoch: 410, Loss: 1.9138, Cls: 0.9568, Ind: 0.0000, Med: 0.4785, Spu: 0.0000, FD: 0.4785, Var: 0.0000, Ctx: 3, Train: 85.63%, Valid: 69.80%, Test In: 71.01% Test OOD1: 60.63% Test OOD2: 53.45% Test OOD3: 58.58% 
Epoch: 411, Loss: 1.9525, Cls: 0.9760, Ind: 0.0000, Med: 0.4879, Spu: 0.0000, FD: 0.4885, Var: 0.0000, Ctx: 3, Train: 85.74%, Valid: 68.83%, Test In: 70.01% Test OOD1: 58.84% Test OOD2: 52.85% Test OOD3: 57.38% 
Epoch: 412, Loss: 1.9190, Cls: 0.9594, Ind: 0.0000, Med: 0.4797, Spu: 0.0000, FD: 0.4799, Var: 0.0000, Ctx: 3, Train: 85.64%, Valid: 69.49%, Test In: 70.37% Test OOD1: 60.66% Test OOD2: 53.21% Test OOD3: 58.40% 
Epoch: 413, Loss: 1.8965, Cls: 0.9480, Ind: 0.0000, Med: 0.4738, Spu: 0.0000, FD: 0.4747, Var: 0.0000, Ctx: 3, Train: 85.70%, Valid: 69.92%, Test In: 70.85% Test OOD1: 61.46% Test OOD2: 53.60% Test OOD3: 59.11% 
Epoch: 414, Loss: 1.9335, Cls: 0.9665, Ind: 0.0000, Med: 0.4832, Spu: 0.0000, FD: 0.4838, Var: 0.0000, Ctx: 3, Train: 85.21%, Valid: 67.73%, Test In: 69.31% Test OOD1: 57.03% Test OOD2: 52.38% Test OOD3: 55.97% 
Epoch: 415, Loss: 1.9336, Cls: 0.9668, Ind: 0.0000, Med: 0.4836, Spu: 0.0000, FD: 0.4832, Var: 0.0000, Ctx: 3, Train: 86.37%, Valid: 69.16%, Test In: 70.45% Test OOD1: 59.64% Test OOD2: 52.96% Test OOD3: 57.59% 
Epoch: 416, Loss: 1.8434, Cls: 0.9215, Ind: 0.0000, Med: 0.4607, Spu: 0.0000, FD: 0.4613, Var: 0.0000, Ctx: 3, Train: 85.20%, Valid: 69.94%, Test In: 70.87% Test OOD1: 62.18% Test OOD2: 53.59% Test OOD3: 59.43% 
Epoch: 417, Loss: 1.9580, Cls: 0.9785, Ind: 0.0000, Med: 0.4888, Spu: 0.0000, FD: 0.4906, Var: 0.0000, Ctx: 3, Train: 83.67%, Valid: 67.12%, Test In: 68.72% Test OOD1: 57.02% Test OOD2: 52.28% Test OOD3: 56.36% 
Epoch: 418, Loss: 2.0509, Cls: 1.0256, Ind: 0.0000, Med: 0.5132, Spu: 0.0000, FD: 0.5121, Var: 0.0000, Ctx: 3, Train: 84.78%, Valid: 68.44%, Test In: 69.71% Test OOD1: 58.91% Test OOD2: 52.88% Test OOD3: 57.99% 
Epoch: 419, Loss: 1.9652, Cls: 0.9828, Ind: 0.0000, Med: 0.4919, Spu: 0.0000, FD: 0.4905, Var: 0.0000, Ctx: 3, Train: 84.87%, Valid: 70.01%, Test In: 70.78% Test OOD1: 62.69% Test OOD2: 53.73% Test OOD3: 59.78% 
Epoch: 420, Loss: 1.9492, Cls: 0.9745, Ind: 0.0000, Med: 0.4873, Spu: 0.0000, FD: 0.4874, Var: 0.0000, Ctx: 3, Train: 85.37%, Valid: 69.85%, Test In: 70.88% Test OOD1: 61.89% Test OOD2: 53.44% Test OOD3: 58.98% 
Epoch: 421, Loss: 1.9193, Cls: 0.9593, Ind: 0.0000, Med: 0.4795, Spu: 0.0000, FD: 0.4805, Var: 0.0000, Ctx: 3, Train: 85.16%, Valid: 68.90%, Test In: 70.58% Test OOD1: 59.61% Test OOD2: 53.06% Test OOD3: 58.38% 
Epoch: 422, Loss: 1.9267, Cls: 0.9634, Ind: 0.0000, Med: 0.4821, Spu: 0.0000, FD: 0.4811, Var: 0.0000, Ctx: 3, Train: 85.09%, Valid: 68.88%, Test In: 70.76% Test OOD1: 59.70% Test OOD2: 52.98% Test OOD3: 58.37% 
Epoch: 423, Loss: 1.9204, Cls: 0.9602, Ind: 0.0000, Med: 0.4804, Spu: 0.0000, FD: 0.4798, Var: 0.0000, Ctx: 3, Train: 85.45%, Valid: 69.39%, Test In: 70.88% Test OOD1: 61.37% Test OOD2: 53.38% Test OOD3: 58.81% 
Epoch: 424, Loss: 1.9137, Cls: 0.9565, Ind: 0.0000, Med: 0.4780, Spu: 0.0000, FD: 0.4791, Var: 0.0000, Ctx: 3, Train: 86.16%, Valid: 69.63%, Test In: 71.09% Test OOD1: 61.25% Test OOD2: 53.55% Test OOD3: 59.00% 
Epoch: 425, Loss: 1.8579, Cls: 0.9287, Ind: 0.0000, Med: 0.4641, Spu: 0.0000, FD: 0.4651, Var: 0.0000, Ctx: 3, Train: 86.25%, Valid: 69.18%, Test In: 70.49% Test OOD1: 59.33% Test OOD2: 53.18% Test OOD3: 57.93% 
Epoch: 426, Loss: 1.8738, Cls: 0.9368, Ind: 0.0000, Med: 0.4684, Spu: 0.0000, FD: 0.4686, Var: 0.0000, Ctx: 3, Train: 86.20%, Valid: 69.40%, Test In: 70.48% Test OOD1: 59.27% Test OOD2: 53.14% Test OOD3: 57.80% 
Epoch: 427, Loss: 1.8760, Cls: 0.9378, Ind: 0.0000, Med: 0.4689, Spu: 0.0000, FD: 0.4693, Var: 0.0000, Ctx: 3, Train: 86.19%, Valid: 69.94%, Test In: 70.81% Test OOD1: 60.83% Test OOD2: 53.38% Test OOD3: 58.71% 
Epoch: 428, Loss: 1.8561, Cls: 0.9277, Ind: 0.0000, Med: 0.4638, Spu: 0.0000, FD: 0.4646, Var: 0.0000, Ctx: 3, Train: 86.53%, Valid: 69.21%, Test In: 70.34% Test OOD1: 59.96% Test OOD2: 53.11% Test OOD3: 57.94% 
Epoch: 429, Loss: 1.8360, Cls: 0.9176, Ind: 0.0000, Med: 0.4588, Spu: 0.0000, FD: 0.4595, Var: 0.0000, Ctx: 3, Train: 85.94%, Valid: 67.67%, Test In: 69.29% Test OOD1: 57.14% Test OOD2: 52.45% Test OOD3: 56.17% 
Epoch: 430, Loss: 1.8722, Cls: 0.9362, Ind: 0.0000, Med: 0.4689, Spu: 0.0000, FD: 0.4671, Var: 0.0000, Ctx: 3, Train: 86.46%, Valid: 69.08%, Test In: 70.31% Test OOD1: 59.44% Test OOD2: 53.06% Test OOD3: 57.66% 
Epoch: 431, Loss: 1.8489, Cls: 0.9243, Ind: 0.0000, Med: 0.4623, Spu: 0.0000, FD: 0.4623, Var: 0.0000, Ctx: 3, Train: 85.99%, Valid: 69.35%, Test In: 70.17% Test OOD1: 60.29% Test OOD2: 52.93% Test OOD3: 57.67% 
Epoch: 432, Loss: 1.8905, Cls: 0.9449, Ind: 0.0000, Med: 0.4723, Spu: 0.0000, FD: 0.4734, Var: 0.0000, Ctx: 3, Train: 86.62%, Valid: 69.32%, Test In: 70.21% Test OOD1: 60.07% Test OOD2: 53.28% Test OOD3: 58.37% 
Epoch: 433, Loss: 1.8687, Cls: 0.9347, Ind: 0.0000, Med: 0.4682, Spu: 0.0000, FD: 0.4658, Var: 0.0000, Ctx: 3, Train: 86.44%, Valid: 68.53%, Test In: 69.63% Test OOD1: 58.49% Test OOD2: 52.88% Test OOD3: 57.24% 
Epoch: 434, Loss: 1.8577, Cls: 0.9288, Ind: 0.0000, Med: 0.4648, Spu: 0.0000, FD: 0.4640, Var: 0.0000, Ctx: 3, Train: 86.56%, Valid: 69.04%, Test In: 70.17% Test OOD1: 59.39% Test OOD2: 53.12% Test OOD3: 57.69% 
Epoch: 435, Loss: 1.8399, Cls: 0.9194, Ind: 0.0000, Med: 0.4593, Spu: 0.0000, FD: 0.4612, Var: 0.0000, Ctx: 3, Train: 86.23%, Valid: 69.84%, Test In: 70.86% Test OOD1: 61.10% Test OOD2: 53.55% Test OOD3: 59.21% 
Epoch: 436, Loss: 1.8832, Cls: 0.9413, Ind: 0.0000, Med: 0.4705, Spu: 0.0000, FD: 0.4714, Var: 0.0000, Ctx: 3, Train: 85.94%, Valid: 68.28%, Test In: 69.70% Test OOD1: 58.21% Test OOD2: 52.34% Test OOD3: 57.01% 
Epoch: 437, Loss: 1.9383, Cls: 0.9690, Ind: 0.0000, Med: 0.4845, Spu: 0.0000, FD: 0.4848, Var: 0.0000, Ctx: 3, Train: 86.45%, Valid: 69.34%, Test In: 70.56% Test OOD1: 60.28% Test OOD2: 53.06% Test OOD3: 58.52% 
Epoch: 438, Loss: 1.8697, Cls: 0.9349, Ind: 0.0000, Med: 0.4677, Spu: 0.0000, FD: 0.4671, Var: 0.0000, Ctx: 3, Train: 86.08%, Valid: 69.47%, Test In: 70.58% Test OOD1: 60.53% Test OOD2: 53.23% Test OOD3: 58.35% 
Epoch: 439, Loss: 1.8643, Cls: 0.9317, Ind: 0.0000, Med: 0.4654, Spu: 0.0000, FD: 0.4672, Var: 0.0000, Ctx: 3, Train: 86.55%, Valid: 68.03%, Test In: 69.33% Test OOD1: 57.69% Test OOD2: 52.59% Test OOD3: 56.40% 
Epoch: 440, Loss: 1.9121, Cls: 0.9562, Ind: 0.0000, Med: 0.4788, Spu: 0.0000, FD: 0.4771, Var: 0.0000, Ctx: 3, Train: 85.13%, Valid: 69.15%, Test In: 70.27% Test OOD1: 60.33% Test OOD2: 53.56% Test OOD3: 59.40% 
Epoch: 441, Loss: 2.0676, Cls: 1.0334, Ind: 0.0000, Med: 0.5164, Spu: 0.0000, FD: 0.5177, Var: 0.0000, Ctx: 3, Train: 86.23%, Valid: 69.33%, Test In: 70.31% Test OOD1: 60.36% Test OOD2: 53.14% Test OOD3: 58.79% 
Epoch: 442, Loss: 1.8741, Cls: 0.9370, Ind: 0.0000, Med: 0.4687, Spu: 0.0000, FD: 0.4684, Var: 0.0000, Ctx: 3, Train: 85.57%, Valid: 68.77%, Test In: 69.78% Test OOD1: 59.82% Test OOD2: 52.91% Test OOD3: 57.55% 
Epoch: 443, Loss: 1.9792, Cls: 0.9889, Ind: 0.0000, Med: 0.4937, Spu: 0.0000, FD: 0.4966, Var: 0.0000, Ctx: 3, Train: 85.52%, Valid: 69.66%, Test In: 70.83% Test OOD1: 61.16% Test OOD2: 53.73% Test OOD3: 59.16% 
Epoch: 444, Loss: 1.9418, Cls: 0.9709, Ind: 0.0000, Med: 0.4857, Spu: 0.0000, FD: 0.4853, Var: 0.0000, Ctx: 3, Train: 86.06%, Valid: 69.26%, Test In: 70.70% Test OOD1: 58.90% Test OOD2: 52.89% Test OOD3: 58.04% 
Epoch: 445, Loss: 1.9136, Cls: 0.9572, Ind: 0.0000, Med: 0.4794, Spu: 0.0000, FD: 0.4770, Var: 0.0000, Ctx: 3, Train: 86.00%, Valid: 69.03%, Test In: 70.39% Test OOD1: 58.13% Test OOD2: 52.56% Test OOD3: 57.39% 
Epoch: 446, Loss: 1.9438, Cls: 0.9719, Ind: 0.0000, Med: 0.4861, Spu: 0.0000, FD: 0.4857, Var: 0.0000, Ctx: 3, Train: 86.27%, Valid: 70.20%, Test In: 71.19% Test OOD1: 61.26% Test OOD2: 53.20% Test OOD3: 59.21% 
Epoch: 447, Loss: 1.8534, Cls: 0.9265, Ind: 0.0000, Med: 0.4631, Spu: 0.0000, FD: 0.4638, Var: 0.0000, Ctx: 3, Train: 85.74%, Valid: 70.16%, Test In: 71.29% Test OOD1: 61.41% Test OOD2: 53.47% Test OOD3: 59.14% 
Epoch: 448, Loss: 1.9078, Cls: 0.9533, Ind: 0.0000, Med: 0.4760, Spu: 0.0000, FD: 0.4785, Var: 0.0000, Ctx: 3, Train: 85.49%, Valid: 68.13%, Test In: 69.45% Test OOD1: 56.29% Test OOD2: 52.50% Test OOD3: 55.97% 
Epoch: 449, Loss: 1.9469, Cls: 0.9738, Ind: 0.0000, Med: 0.4877, Spu: 0.0000, FD: 0.4854, Var: 0.0000, Ctx: 3, Train: 85.85%, Valid: 69.61%, Test In: 70.72% Test OOD1: 59.19% Test OOD2: 53.34% Test OOD3: 58.33% 
Epoch: 450, Loss: 1.9062, Cls: 0.9530, Ind: 0.0000, Med: 0.4767, Spu: 0.0000, FD: 0.4765, Var: 0.0000, Ctx: 3, Train: 86.52%, Valid: 70.03%, Test In: 70.88% Test OOD1: 61.48% Test OOD2: 53.43% Test OOD3: 59.28% 
Epoch: 451, Loss: 1.8453, Cls: 0.9225, Ind: 0.0000, Med: 0.4613, Spu: 0.0000, FD: 0.4616, Var: 0.0000, Ctx: 3, Train: 85.47%, Valid: 69.02%, Test In: 69.81% Test OOD1: 60.35% Test OOD2: 52.82% Test OOD3: 57.62% 
Epoch: 452, Loss: 1.9627, Cls: 0.9813, Ind: 0.0000, Med: 0.4910, Spu: 0.0000, FD: 0.4904, Var: 0.0000, Ctx: 3, Train: 86.86%, Valid: 68.93%, Test In: 70.28% Test OOD1: 60.05% Test OOD2: 53.22% Test OOD3: 58.34% 
Epoch: 453, Loss: 1.8694, Cls: 0.9348, Ind: 0.0000, Med: 0.4677, Spu: 0.0000, FD: 0.4669, Var: 0.0000, Ctx: 3, Train: 86.39%, Valid: 68.12%, Test In: 69.66% Test OOD1: 57.99% Test OOD2: 52.66% Test OOD3: 56.95% 
Epoch: 454, Loss: 1.8573, Cls: 0.9288, Ind: 0.0000, Med: 0.4648, Spu: 0.0000, FD: 0.4638, Var: 0.0000, Ctx: 3, Train: 87.00%, Valid: 68.57%, Test In: 69.74% Test OOD1: 58.63% Test OOD2: 52.70% Test OOD3: 57.01% 
Epoch: 455, Loss: 1.8547, Cls: 0.9268, Ind: 0.0000, Med: 0.4629, Spu: 0.0000, FD: 0.4649, Var: 0.0000, Ctx: 3, Train: 85.41%, Valid: 69.71%, Test In: 70.55% Test OOD1: 61.82% Test OOD2: 53.76% Test OOD3: 59.37% 
Epoch: 456, Loss: 1.9419, Cls: 0.9705, Ind: 0.0000, Med: 0.4850, Spu: 0.0000, FD: 0.4864, Var: 0.0000, Ctx: 3, Train: 87.05%, Valid: 68.52%, Test In: 69.69% Test OOD1: 58.49% Test OOD2: 52.73% Test OOD3: 57.23% 
Epoch: 457, Loss: 1.8577, Cls: 0.9287, Ind: 0.0000, Med: 0.4643, Spu: 0.0000, FD: 0.4647, Var: 0.0000, Ctx: 3, Train: 86.33%, Valid: 68.70%, Test In: 69.72% Test OOD1: 58.05% Test OOD2: 52.86% Test OOD3: 57.27% 
Epoch: 458, Loss: 1.8786, Cls: 0.9393, Ind: 0.0000, Med: 0.4699, Spu: 0.0000, FD: 0.4694, Var: 0.0000, Ctx: 3, Train: 86.81%, Valid: 69.79%, Test In: 70.78% Test OOD1: 60.58% Test OOD2: 53.43% Test OOD3: 58.91% 
Epoch: 459, Loss: 1.8529, Cls: 0.9264, Ind: 0.0000, Med: 0.4633, Spu: 0.0000, FD: 0.4632, Var: 0.0000, Ctx: 3, Train: 86.28%, Valid: 69.45%, Test In: 70.51% Test OOD1: 60.31% Test OOD2: 53.13% Test OOD3: 58.05% 
Epoch: 460, Loss: 1.8669, Cls: 0.9334, Ind: 0.0000, Med: 0.4670, Spu: 0.0000, FD: 0.4664, Var: 0.0000, Ctx: 3, Train: 87.29%, Valid: 68.77%, Test In: 69.99% Test OOD1: 59.35% Test OOD2: 52.82% Test OOD3: 57.83% 
Epoch: 461, Loss: 1.7883, Cls: 0.8939, Ind: 0.0000, Med: 0.4469, Spu: 0.0000, FD: 0.4475, Var: 0.0000, Ctx: 3, Train: 86.77%, Valid: 68.57%, Test In: 69.98% Test OOD1: 59.13% Test OOD2: 52.83% Test OOD3: 57.94% 
Epoch: 462, Loss: 1.8371, Cls: 0.9183, Ind: 0.0000, Med: 0.4591, Spu: 0.0000, FD: 0.4597, Var: 0.0000, Ctx: 3, Train: 87.17%, Valid: 68.59%, Test In: 69.48% Test OOD1: 59.38% Test OOD2: 52.70% Test OOD3: 57.53% 
Epoch: 463, Loss: 1.7978, Cls: 0.8986, Ind: 0.0000, Med: 0.4494, Spu: 0.0000, FD: 0.4499, Var: 0.0000, Ctx: 3, Train: 86.39%, Valid: 68.87%, Test In: 69.94% Test OOD1: 58.59% Test OOD2: 53.36% Test OOD3: 57.04% 
Epoch: 464, Loss: 1.8511, Cls: 0.9252, Ind: 0.0000, Med: 0.4626, Spu: 0.0000, FD: 0.4633, Var: 0.0000, Ctx: 3, Train: 87.21%, Valid: 68.78%, Test In: 69.62% Test OOD1: 59.30% Test OOD2: 52.80% Test OOD3: 57.85% 
Epoch: 465, Loss: 1.8095, Cls: 0.9046, Ind: 0.0000, Med: 0.4524, Spu: 0.0000, FD: 0.4525, Var: 0.0000, Ctx: 3, Train: 86.74%, Valid: 69.13%, Test In: 70.01% Test OOD1: 60.22% Test OOD2: 53.00% Test OOD3: 58.86% 
Epoch: 466, Loss: 1.8426, Cls: 0.9211, Ind: 0.0000, Med: 0.4605, Spu: 0.0000, FD: 0.4610, Var: 0.0000, Ctx: 3, Train: 87.42%, Valid: 69.10%, Test In: 70.06% Test OOD1: 59.02% Test OOD2: 53.00% Test OOD3: 57.96% 
Epoch: 467, Loss: 1.7770, Cls: 0.8883, Ind: 0.0000, Med: 0.4441, Spu: 0.0000, FD: 0.4446, Var: 0.0000, Ctx: 3, Train: 86.64%, Valid: 68.77%, Test In: 69.80% Test OOD1: 57.65% Test OOD2: 52.91% Test OOD3: 56.67% 
Epoch: 468, Loss: 1.8588, Cls: 0.9293, Ind: 0.0000, Med: 0.4649, Spu: 0.0000, FD: 0.4647, Var: 0.0000, Ctx: 3, Train: 87.38%, Valid: 69.09%, Test In: 70.25% Test OOD1: 59.94% Test OOD2: 53.18% Test OOD3: 58.51% 
Epoch: 469, Loss: 1.8100, Cls: 0.9049, Ind: 0.0000, Med: 0.4527, Spu: 0.0000, FD: 0.4524, Var: 0.0000, Ctx: 3, Train: 86.70%, Valid: 68.72%, Test In: 69.82% Test OOD1: 59.62% Test OOD2: 52.64% Test OOD3: 58.03% 
Epoch: 470, Loss: 1.8468, Cls: 0.9233, Ind: 0.0000, Med: 0.4619, Spu: 0.0000, FD: 0.4615, Var: 0.0000, Ctx: 3, Train: 87.24%, Valid: 69.05%, Test In: 69.97% Test OOD1: 59.82% Test OOD2: 52.76% Test OOD3: 58.08% 
Epoch: 471, Loss: 1.7965, Cls: 0.8981, Ind: 0.0000, Med: 0.4491, Spu: 0.0000, FD: 0.4494, Var: 0.0000, Ctx: 3, Train: 86.86%, Valid: 69.11%, Test In: 70.26% Test OOD1: 59.30% Test OOD2: 53.41% Test OOD3: 57.89% 
Epoch: 472, Loss: 1.8447, Cls: 0.9218, Ind: 0.0000, Med: 0.4605, Spu: 0.0000, FD: 0.4623, Var: 0.0000, Ctx: 3, Train: 85.98%, Valid: 66.50%, Test In: 67.56% Test OOD1: 55.30% Test OOD2: 52.17% Test OOD3: 55.06% 
Epoch: 473, Loss: 1.9712, Cls: 0.9853, Ind: 0.0000, Med: 0.4925, Spu: 0.0000, FD: 0.4934, Var: 0.0000, Ctx: 3, Train: 86.67%, Valid: 69.10%, Test In: 69.97% Test OOD1: 60.97% Test OOD2: 53.49% Test OOD3: 59.49% 
Epoch: 474, Loss: 1.9919, Cls: 0.9962, Ind: 0.0000, Med: 0.4987, Spu: 0.0000, FD: 0.4969, Var: 0.0000, Ctx: 3, Train: 86.64%, Valid: 69.38%, Test In: 70.09% Test OOD1: 61.17% Test OOD2: 53.36% Test OOD3: 59.38% 
Epoch: 475, Loss: 1.8877, Cls: 0.9442, Ind: 0.0000, Med: 0.4727, Spu: 0.0000, FD: 0.4708, Var: 0.0000, Ctx: 3, Train: 86.74%, Valid: 68.30%, Test In: 69.25% Test OOD1: 58.20% Test OOD2: 52.61% Test OOD3: 56.92% 
Epoch: 476, Loss: 1.9568, Cls: 0.9775, Ind: 0.0000, Med: 0.4878, Spu: 0.0000, FD: 0.4915, Var: 0.0000, Ctx: 3, Train: 87.29%, Valid: 69.01%, Test In: 70.20% Test OOD1: 59.22% Test OOD2: 53.25% Test OOD3: 57.75% 
Epoch: 477, Loss: 1.7894, Cls: 0.8946, Ind: 0.0000, Med: 0.4474, Spu: 0.0000, FD: 0.4475, Var: 0.0000, Ctx: 3, Train: 85.71%, Valid: 69.02%, Test In: 70.62% Test OOD1: 59.99% Test OOD2: 53.62% Test OOD3: 58.59% 
Epoch: 478, Loss: 1.9557, Cls: 0.9778, Ind: 0.0000, Med: 0.4890, Spu: 0.0000, FD: 0.4889, Var: 0.0000, Ctx: 3, Train: 87.01%, Valid: 68.59%, Test In: 70.04% Test OOD1: 58.10% Test OOD2: 52.45% Test OOD3: 57.00% 
Epoch: 479, Loss: 1.9247, Cls: 0.9622, Ind: 0.0000, Med: 0.4810, Spu: 0.0000, FD: 0.4815, Var: 0.0000, Ctx: 3, Train: 86.78%, Valid: 69.37%, Test In: 70.56% Test OOD1: 60.46% Test OOD2: 52.80% Test OOD3: 58.47% 
Epoch: 480, Loss: 1.8699, Cls: 0.9348, Ind: 0.0000, Med: 0.4673, Spu: 0.0000, FD: 0.4678, Var: 0.0000, Ctx: 3, Train: 86.19%, Valid: 69.91%, Test In: 70.86% Test OOD1: 62.28% Test OOD2: 53.36% Test OOD3: 59.78% 
Epoch: 481, Loss: 1.9154, Cls: 0.9573, Ind: 0.0000, Med: 0.4782, Spu: 0.0000, FD: 0.4799, Var: 0.0000, Ctx: 3, Train: 87.21%, Valid: 69.05%, Test In: 70.27% Test OOD1: 58.87% Test OOD2: 52.94% Test OOD3: 57.64% 
Epoch: 482, Loss: 1.8052, Cls: 0.9023, Ind: 0.0000, Med: 0.4510, Spu: 0.0000, FD: 0.4519, Var: 0.0000, Ctx: 3, Train: 85.69%, Valid: 67.37%, Test In: 68.50% Test OOD1: 55.52% Test OOD2: 52.38% Test OOD3: 55.24% 
Epoch: 483, Loss: 1.9168, Cls: 0.9584, Ind: 0.0000, Med: 0.4797, Spu: 0.0000, FD: 0.4786, Var: 0.0000, Ctx: 3, Train: 87.24%, Valid: 69.31%, Test In: 70.40% Test OOD1: 59.33% Test OOD2: 53.38% Test OOD3: 58.06% 
Epoch: 484, Loss: 1.8090, Cls: 0.9041, Ind: 0.0000, Med: 0.4519, Spu: 0.0000, FD: 0.4529, Var: 0.0000, Ctx: 3, Train: 87.27%, Valid: 69.24%, Test In: 70.03% Test OOD1: 60.65% Test OOD2: 53.18% Test OOD3: 58.55% 
Epoch: 485, Loss: 1.7916, Cls: 0.8955, Ind: 0.0000, Med: 0.4475, Spu: 0.0000, FD: 0.4486, Var: 0.0000, Ctx: 3, Train: 87.08%, Valid: 68.32%, Test In: 69.15% Test OOD1: 58.96% Test OOD2: 52.53% Test OOD3: 57.25% 
Epoch: 486, Loss: 1.8611, Cls: 0.9306, Ind: 0.0000, Med: 0.4657, Spu: 0.0000, FD: 0.4648, Var: 0.0000, Ctx: 3, Train: 87.68%, Valid: 69.08%, Test In: 69.94% Test OOD1: 59.97% Test OOD2: 53.12% Test OOD3: 58.21% 
Epoch: 487, Loss: 1.7662, Cls: 0.8829, Ind: 0.0000, Med: 0.4415, Spu: 0.0000, FD: 0.4418, Var: 0.0000, Ctx: 3, Train: 87.54%, Valid: 68.90%, Test In: 69.88% Test OOD1: 58.97% Test OOD2: 53.13% Test OOD3: 57.64% 
Epoch: 488, Loss: 1.7800, Cls: 0.8898, Ind: 0.0000, Med: 0.4450, Spu: 0.0000, FD: 0.4452, Var: 0.0000, Ctx: 3, Train: 87.03%, Valid: 67.03%, Test In: 68.00% Test OOD1: 56.74% Test OOD2: 52.22% Test OOD3: 55.71% 
Epoch: 489, Loss: 1.8875, Cls: 0.9439, Ind: 0.0000, Med: 0.4727, Spu: 0.0000, FD: 0.4708, Var: 0.0000, Ctx: 3, Train: 87.08%, Valid: 68.65%, Test In: 69.60% Test OOD1: 60.89% Test OOD2: 53.34% Test OOD3: 58.97% 
Epoch: 490, Loss: 1.9022, Cls: 0.9510, Ind: 0.0000, Med: 0.4756, Spu: 0.0000, FD: 0.4756, Var: 0.0000, Ctx: 3, Train: 87.81%, Valid: 68.97%, Test In: 69.83% Test OOD1: 60.12% Test OOD2: 53.04% Test OOD3: 58.32% 
Epoch: 491, Loss: 1.7860, Cls: 0.8931, Ind: 0.0000, Med: 0.4471, Spu: 0.0000, FD: 0.4458, Var: 0.0000, Ctx: 3, Train: 87.42%, Valid: 68.56%, Test In: 69.25% Test OOD1: 58.04% Test OOD2: 52.55% Test OOD3: 56.64% 
Epoch: 492, Loss: 1.8785, Cls: 0.9388, Ind: 0.0000, Med: 0.4690, Spu: 0.0000, FD: 0.4708, Var: 0.0000, Ctx: 3, Train: 87.62%, Valid: 69.31%, Test In: 70.24% Test OOD1: 59.54% Test OOD2: 53.20% Test OOD3: 57.89% 
Epoch: 493, Loss: 1.7631, Cls: 0.8814, Ind: 0.0000, Med: 0.4408, Spu: 0.0000, FD: 0.4408, Var: 0.0000, Ctx: 3, Train: 87.53%, Valid: 68.65%, Test In: 70.14% Test OOD1: 58.60% Test OOD2: 52.96% Test OOD3: 57.71% 
Epoch: 494, Loss: 1.8011, Cls: 0.9004, Ind: 0.0000, Med: 0.4502, Spu: 0.0000, FD: 0.4506, Var: 0.0000, Ctx: 3, Train: 87.10%, Valid: 67.18%, Test In: 68.65% Test OOD1: 56.14% Test OOD2: 51.98% Test OOD3: 56.07% 
Epoch: 495, Loss: 1.8453, Cls: 0.9226, Ind: 0.0000, Med: 0.4615, Spu: 0.0000, FD: 0.4612, Var: 0.0000, Ctx: 3, Train: 87.92%, Valid: 69.01%, Test In: 69.99% Test OOD1: 59.94% Test OOD2: 52.85% Test OOD3: 58.42% 
Epoch: 496, Loss: 1.7499, Cls: 0.8747, Ind: 0.0000, Med: 0.4372, Spu: 0.0000, FD: 0.4381, Var: 0.0000, Ctx: 3, Train: 87.75%, Valid: 69.13%, Test In: 70.09% Test OOD1: 60.53% Test OOD2: 53.20% Test OOD3: 58.75% 
Epoch: 497, Loss: 1.7783, Cls: 0.8887, Ind: 0.0000, Med: 0.4439, Spu: 0.0000, FD: 0.4457, Var: 0.0000, Ctx: 3, Train: 87.93%, Valid: 67.44%, Test In: 68.56% Test OOD1: 56.87% Test OOD2: 52.42% Test OOD3: 56.32% 
Epoch: 498, Loss: 1.7898, Cls: 0.8950, Ind: 0.0000, Med: 0.4482, Spu: 0.0000, FD: 0.4465, Var: 0.0000, Ctx: 3, Train: 87.99%, Valid: 68.12%, Test In: 69.30% Test OOD1: 58.20% Test OOD2: 52.91% Test OOD3: 57.37% 
Epoch: 499, Loss: 1.7366, Cls: 0.8680, Ind: 0.0000, Med: 0.4342, Spu: 0.0000, FD: 0.4344, Var: 0.0000, Ctx: 3, Train: 88.10%, Valid: 68.05%, Test In: 69.09% Test OOD1: 58.94% Test OOD2: 53.04% Test OOD3: 57.80% 
Run 01:
Highest Train: 88.10
Highest Valid: 73.34
Highest In Test: 74.68
Highest OOD Test: 68.06
Highest OOD Test: 54.24
Highest OOD Test: 64.22
Chosen epoch: 130
Final Train: 76.87
Final In Test: 74.62
Final OOD Test: 66.97
Final OOD Test: 53.62
Final OOD Test: 63.75
Epoch: 00, Loss: 4.0566, Cls: 2.0652, Ind: 0.0003, Med: 1.1398, Spu: 0.0056, FD: 0.8457, Var: 0.0000, Ctx: 3, Train: 46.39%, Valid: 46.19%, Test In: 46.21% Test OOD1: 43.20% Test OOD2: 49.28% Test OOD3: 43.76% 
Epoch: 01, Loss: 2.8643, Cls: 1.4256, Ind: 0.0030, Med: 0.7205, Spu: 0.0010, FD: 0.7142, Var: 0.0000, Ctx: 3, Train: 53.48%, Valid: 52.54%, Test In: 52.28% Test OOD1: 51.59% Test OOD2: 50.92% Test OOD3: 48.50% 
Epoch: 02, Loss: 2.7108, Cls: 1.3503, Ind: 0.0039, Med: 0.6748, Spu: 0.0040, FD: 0.6778, Var: 0.0000, Ctx: 3, Train: 57.26%, Valid: 55.98%, Test In: 55.50% Test OOD1: 56.88% Test OOD2: 51.32% Test OOD3: 52.40% 
Epoch: 03, Loss: 2.7483, Cls: 1.3726, Ind: 0.0034, Med: 0.6904, Spu: 0.0014, FD: 0.6806, Var: 0.0000, Ctx: 3, Train: 58.47%, Valid: 57.90%, Test In: 56.68% Test OOD1: 59.30% Test OOD2: 51.22% Test OOD3: 54.09% 
Epoch: 04, Loss: 2.7744, Cls: 1.3845, Ind: 0.0024, Med: 0.6999, Spu: 0.0001, FD: 0.6875, Var: 0.0000, Ctx: 3, Train: 59.00%, Valid: 58.77%, Test In: 57.43% Test OOD1: 60.72% Test OOD2: 51.25% Test OOD3: 55.48% 
Epoch: 05, Loss: 2.7639, Cls: 1.3765, Ind: 0.0014, Med: 0.6980, Spu: 0.0013, FD: 0.6867, Var: 0.0000, Ctx: 3, Train: 58.84%, Valid: 58.64%, Test In: 57.39% Test OOD1: 61.10% Test OOD2: 51.12% Test OOD3: 56.46% 
Epoch: 06, Loss: 2.7353, Cls: 1.3607, Ind: 0.0007, Med: 0.6899, Spu: 0.0012, FD: 0.6828, Var: 0.0000, Ctx: 3, Train: 58.95%, Valid: 58.70%, Test In: 57.53% Test OOD1: 61.28% Test OOD2: 51.13% Test OOD3: 56.87% 
Epoch: 07, Loss: 2.7149, Cls: 1.3505, Ind: 0.0003, Med: 0.6819, Spu: 0.0002, FD: 0.6820, Var: 0.0000, Ctx: 3, Train: 59.14%, Valid: 58.86%, Test In: 57.78% Test OOD1: 61.45% Test OOD2: 51.13% Test OOD3: 57.17% 
Epoch: 08, Loss: 2.7140, Cls: 1.3513, Ind: 0.0002, Med: 0.6778, Spu: 0.0001, FD: 0.6847, Var: 0.0000, Ctx: 3, Train: 59.15%, Valid: 58.86%, Test In: 57.82% Test OOD1: 61.48% Test OOD2: 51.13% Test OOD3: 57.28% 
Epoch: 09, Loss: 2.7129, Cls: 1.3530, Ind: 0.0001, Med: 0.6757, Spu: 0.0006, FD: 0.6835, Var: 0.0000, Ctx: 3, Train: 59.14%, Valid: 58.87%, Test In: 57.89% Test OOD1: 61.51% Test OOD2: 51.11% Test OOD3: 57.37% 
Epoch: 10, Loss: 2.7043, Cls: 1.3503, Ind: 0.0003, Med: 0.6739, Spu: 0.0006, FD: 0.6792, Var: 0.0000, Ctx: 3, Train: 59.33%, Valid: 59.01%, Test In: 58.15% Test OOD1: 61.62% Test OOD2: 51.11% Test OOD3: 57.47% 
Epoch: 11, Loss: 2.6974, Cls: 1.3468, Ind: 0.0005, Med: 0.6734, Spu: 0.0002, FD: 0.6765, Var: 0.0000, Ctx: 3, Train: 59.43%, Valid: 59.11%, Test In: 58.22% Test OOD1: 61.68% Test OOD2: 51.15% Test OOD3: 57.59% 
Epoch: 12, Loss: 2.6976, Cls: 1.3456, Ind: 0.0007, Med: 0.6740, Spu: 0.0000, FD: 0.6772, Var: 0.0000, Ctx: 3, Train: 59.56%, Valid: 59.18%, Test In: 58.34% Test OOD1: 61.74% Test OOD2: 51.19% Test OOD3: 57.75% 
Epoch: 13, Loss: 2.6994, Cls: 1.3456, Ind: 0.0008, Med: 0.6745, Spu: 0.0003, FD: 0.6783, Var: 0.0000, Ctx: 3, Train: 59.70%, Valid: 59.27%, Test In: 58.47% Test OOD1: 61.83% Test OOD2: 51.23% Test OOD3: 57.85% 
Epoch: 14, Loss: 2.6979, Cls: 1.3446, Ind: 0.0008, Med: 0.6740, Spu: 0.0004, FD: 0.6782, Var: 0.0000, Ctx: 3, Train: 59.83%, Valid: 59.34%, Test In: 58.56% Test OOD1: 61.85% Test OOD2: 51.26% Test OOD3: 57.88% 
Epoch: 15, Loss: 2.6931, Cls: 1.3426, Ind: 0.0007, Med: 0.6728, Spu: 0.0002, FD: 0.6769, Var: 0.0000, Ctx: 3, Train: 59.92%, Valid: 59.35%, Test In: 58.64% Test OOD1: 61.89% Test OOD2: 51.28% Test OOD3: 57.92% 
Epoch: 16, Loss: 2.6883, Cls: 1.3408, Ind: 0.0005, Med: 0.6717, Spu: 0.0000, FD: 0.6753, Var: 0.0000, Ctx: 3, Train: 60.03%, Valid: 59.41%, Test In: 58.76% Test OOD1: 61.94% Test OOD2: 51.31% Test OOD3: 58.04% 
Epoch: 17, Loss: 2.6849, Cls: 1.3398, Ind: 0.0003, Med: 0.6712, Spu: 0.0000, FD: 0.6736, Var: 0.0000, Ctx: 3, Train: 60.25%, Valid: 59.55%, Test In: 58.96% Test OOD1: 62.02% Test OOD2: 51.34% Test OOD3: 58.18% 
Epoch: 18, Loss: 2.6818, Cls: 1.3389, Ind: 0.0002, Med: 0.6705, Spu: 0.0001, FD: 0.6721, Var: 0.0000, Ctx: 3, Train: 60.41%, Valid: 59.65%, Test In: 59.12% Test OOD1: 62.09% Test OOD2: 51.36% Test OOD3: 58.28% 
Epoch: 19, Loss: 2.6770, Cls: 1.3371, Ind: 0.0001, Med: 0.6688, Spu: 0.0001, FD: 0.6709, Var: 0.0000, Ctx: 3, Train: 60.54%, Valid: 59.75%, Test In: 59.25% Test OOD1: 62.16% Test OOD2: 51.38% Test OOD3: 58.37% 
Epoch: 20, Loss: 2.6716, Cls: 1.3347, Ind: 0.0001, Med: 0.6668, Spu: 0.0000, FD: 0.6700, Var: 0.0000, Ctx: 3, Train: 60.69%, Valid: 59.87%, Test In: 59.38% Test OOD1: 62.22% Test OOD2: 51.41% Test OOD3: 58.45% 
Epoch: 21, Loss: 2.6681, Cls: 1.3329, Ind: 0.0000, Med: 0.6657, Spu: 0.0000, FD: 0.6694, Var: 0.0000, Ctx: 3, Train: 60.87%, Valid: 60.00%, Test In: 59.56% Test OOD1: 62.30% Test OOD2: 51.44% Test OOD3: 58.55% 
Epoch: 22, Loss: 2.6655, Cls: 1.3314, Ind: 0.0001, Med: 0.6654, Spu: 0.0000, FD: 0.6685, Var: 0.0000, Ctx: 3, Train: 61.12%, Valid: 60.18%, Test In: 59.79% Test OOD1: 62.40% Test OOD2: 51.48% Test OOD3: 58.68% 
Epoch: 23, Loss: 2.6619, Cls: 1.3295, Ind: 0.0001, Med: 0.6649, Spu: 0.0000, FD: 0.6673, Var: 0.0000, Ctx: 3, Train: 61.43%, Valid: 60.38%, Test In: 60.08% Test OOD1: 62.53% Test OOD2: 51.53% Test OOD3: 58.85% 
Epoch: 24, Loss: 2.6572, Cls: 1.3269, Ind: 0.0001, Med: 0.6638, Spu: 0.0000, FD: 0.6662, Var: 0.0000, Ctx: 3, Train: 61.76%, Valid: 60.60%, Test In: 60.39% Test OOD1: 62.68% Test OOD2: 51.58% Test OOD3: 59.03% 
Epoch: 25, Loss: 2.6511, Cls: 1.3237, Ind: 0.0002, Med: 0.6620, Spu: 0.0000, FD: 0.6652, Var: 0.0000, Ctx: 3, Train: 62.08%, Valid: 60.82%, Test In: 60.69% Test OOD1: 62.83% Test OOD2: 51.63% Test OOD3: 59.20% 
Epoch: 26, Loss: 2.6438, Cls: 1.3197, Ind: 0.0002, Med: 0.6597, Spu: 0.0000, FD: 0.6643, Var: 0.0000, Ctx: 3, Train: 62.39%, Valid: 61.03%, Test In: 60.98% Test OOD1: 62.96% Test OOD2: 51.68% Test OOD3: 59.37% 
Epoch: 27, Loss: 2.6369, Cls: 1.3162, Ind: 0.0001, Med: 0.6576, Spu: 0.0000, FD: 0.6629, Var: 0.0000, Ctx: 3, Train: 62.80%, Valid: 61.30%, Test In: 61.35% Test OOD1: 63.13% Test OOD2: 51.74% Test OOD3: 59.58% 
Epoch: 28, Loss: 2.6287, Cls: 1.3125, Ind: 0.0001, Med: 0.6558, Spu: 0.0000, FD: 0.6603, Var: 0.0000, Ctx: 3, Train: 63.30%, Valid: 61.63%, Test In: 61.81% Test OOD1: 63.33% Test OOD2: 51.82% Test OOD3: 59.83% 
Epoch: 29, Loss: 2.6206, Cls: 1.3088, Ind: 0.0001, Med: 0.6542, Spu: 0.0000, FD: 0.6576, Var: 0.0000, Ctx: 3, Train: 63.80%, Valid: 61.98%, Test In: 62.28% Test OOD1: 63.55% Test OOD2: 51.90% Test OOD3: 60.08% 
Epoch: 30, Loss: 2.6113, Cls: 1.3040, Ind: 0.0000, Med: 0.6518, Spu: 0.0000, FD: 0.6554, Var: 0.0000, Ctx: 3, Train: 64.44%, Valid: 62.43%, Test In: 62.89% Test OOD1: 63.83% Test OOD2: 51.99% Test OOD3: 60.40% 
Epoch: 31, Loss: 2.6017, Cls: 1.2991, Ind: 0.0000, Med: 0.6494, Spu: 0.0000, FD: 0.6532, Var: 0.0000, Ctx: 3, Train: 65.21%, Valid: 62.94%, Test In: 63.64% Test OOD1: 64.13% Test OOD2: 52.13% Test OOD3: 60.76% 
Epoch: 32, Loss: 2.5912, Cls: 1.2935, Ind: 0.0001, Med: 0.6470, Spu: 0.0000, FD: 0.6506, Var: 0.0000, Ctx: 3, Train: 66.01%, Valid: 63.50%, Test In: 64.41% Test OOD1: 64.47% Test OOD2: 52.24% Test OOD3: 61.13% 
Epoch: 33, Loss: 2.5785, Cls: 1.2873, Ind: 0.0001, Med: 0.6438, Spu: 0.0000, FD: 0.6473, Var: 0.0000, Ctx: 3, Train: 66.90%, Valid: 64.09%, Test In: 65.26% Test OOD1: 64.78% Test OOD2: 52.37% Test OOD3: 61.50% 
Epoch: 34, Loss: 2.5636, Cls: 1.2798, Ind: 0.0001, Med: 0.6405, Spu: 0.0000, FD: 0.6431, Var: 0.0000, Ctx: 3, Train: 67.85%, Valid: 64.75%, Test In: 66.19% Test OOD1: 65.15% Test OOD2: 52.50% Test OOD3: 61.89% 
Epoch: 35, Loss: 2.5468, Cls: 1.2719, Ind: 0.0002, Med: 0.6365, Spu: 0.0000, FD: 0.6383, Var: 0.0000, Ctx: 3, Train: 68.85%, Valid: 65.43%, Test In: 67.18% Test OOD1: 65.44% Test OOD2: 52.64% Test OOD3: 62.26% 
Epoch: 36, Loss: 2.5305, Cls: 1.2638, Ind: 0.0002, Med: 0.6328, Spu: 0.0000, FD: 0.6337, Var: 0.0000, Ctx: 3, Train: 69.72%, Valid: 66.06%, Test In: 68.04% Test OOD1: 65.85% Test OOD2: 52.77% Test OOD3: 62.61% 
Epoch: 37, Loss: 2.5269, Cls: 1.2625, Ind: 0.0002, Med: 0.6321, Spu: 0.0000, FD: 0.6321, Var: 0.0000, Ctx: 3, Train: 70.56%, Valid: 66.64%, Test In: 68.89% Test OOD1: 65.87% Test OOD2: 52.96% Test OOD3: 62.82% 
Epoch: 38, Loss: 2.5241, Cls: 1.2610, Ind: 0.0002, Med: 0.6315, Spu: 0.0000, FD: 0.6314, Var: 0.0000, Ctx: 3, Train: 70.90%, Valid: 66.88%, Test In: 69.21% Test OOD1: 66.06% Test OOD2: 52.99% Test OOD3: 62.98% 
Epoch: 39, Loss: 2.4898, Cls: 1.2440, Ind: 0.0002, Med: 0.6229, Spu: 0.0000, FD: 0.6227, Var: 0.0000, Ctx: 3, Train: 71.33%, Valid: 67.16%, Test In: 69.65% Test OOD1: 66.08% Test OOD2: 53.10% Test OOD3: 63.09% 
Epoch: 40, Loss: 2.4809, Cls: 1.2395, Ind: 0.0002, Med: 0.6207, Spu: 0.0000, FD: 0.6204, Var: 0.0000, Ctx: 3, Train: 71.81%, Valid: 67.40%, Test In: 70.18% Test OOD1: 65.76% Test OOD2: 53.29% Test OOD3: 63.13% 
Epoch: 41, Loss: 2.4824, Cls: 1.2405, Ind: 0.0002, Med: 0.6212, Spu: 0.0000, FD: 0.6205, Var: 0.0000, Ctx: 3, Train: 71.96%, Valid: 67.53%, Test In: 70.34% Test OOD1: 65.79% Test OOD2: 53.31% Test OOD3: 63.19% 
Epoch: 42, Loss: 2.4533, Cls: 1.2258, Ind: 0.0002, Med: 0.6138, Spu: 0.0000, FD: 0.6136, Var: 0.0000, Ctx: 3, Train: 72.14%, Valid: 67.64%, Test In: 70.54% Test OOD1: 65.63% Test OOD2: 53.36% Test OOD3: 63.20% 
Epoch: 43, Loss: 2.4514, Cls: 1.2244, Ind: 0.0001, Med: 0.6128, Spu: 0.0000, FD: 0.6140, Var: 0.0000, Ctx: 3, Train: 72.29%, Valid: 67.65%, Test In: 70.79% Test OOD1: 64.94% Test OOD2: 53.49% Test OOD3: 63.04% 
Epoch: 44, Loss: 2.4563, Cls: 1.2279, Ind: 0.0002, Med: 0.6157, Spu: 0.0000, FD: 0.6125, Var: 0.0000, Ctx: 3, Train: 72.42%, Valid: 67.84%, Test In: 70.92% Test OOD1: 65.22% Test OOD2: 53.46% Test OOD3: 63.15% 
Epoch: 45, Loss: 2.4390, Cls: 1.2179, Ind: 0.0001, Med: 0.6092, Spu: 0.0000, FD: 0.6118, Var: 0.0000, Ctx: 3, Train: 72.52%, Valid: 67.91%, Test In: 71.06% Test OOD1: 64.94% Test OOD2: 53.51% Test OOD3: 63.07% 
Epoch: 46, Loss: 2.4303, Cls: 1.2139, Ind: 0.0001, Med: 0.6075, Spu: 0.0000, FD: 0.6087, Var: 0.0000, Ctx: 3, Train: 72.50%, Valid: 67.84%, Test In: 71.17% Test OOD1: 64.19% Test OOD2: 53.56% Test OOD3: 62.83% 
Epoch: 47, Loss: 2.4399, Cls: 1.2198, Ind: 0.0002, Med: 0.6115, Spu: 0.0000, FD: 0.6085, Var: 0.0000, Ctx: 3, Train: 72.77%, Valid: 68.24%, Test In: 71.35% Test OOD1: 64.98% Test OOD2: 53.53% Test OOD3: 63.09% 
Epoch: 48, Loss: 2.4364, Cls: 1.2168, Ind: 0.0001, Med: 0.6081, Spu: 0.0000, FD: 0.6114, Var: 0.0000, Ctx: 3, Train: 72.76%, Valid: 68.20%, Test In: 71.47% Test OOD1: 64.30% Test OOD2: 53.58% Test OOD3: 62.88% 
Epoch: 49, Loss: 2.4198, Cls: 1.2096, Ind: 0.0001, Med: 0.6056, Spu: 0.0000, FD: 0.6045, Var: 0.0000, Ctx: 3, Train: 72.86%, Valid: 68.34%, Test In: 71.61% Test OOD1: 64.26% Test OOD2: 53.60% Test OOD3: 62.87% 
Epoch: 50, Loss: 2.4168, Cls: 1.2082, Ind: 0.0001, Med: 0.6047, Spu: 0.0000, FD: 0.6038, Var: 0.0000, Ctx: 3, Train: 73.10%, Valid: 68.72%, Test In: 71.74% Test OOD1: 65.04% Test OOD2: 53.60% Test OOD3: 63.13% 
Epoch: 51, Loss: 2.4225, Cls: 1.2110, Ind: 0.0001, Med: 0.6057, Spu: 0.0000, FD: 0.6058, Var: 0.0000, Ctx: 3, Train: 73.06%, Valid: 68.65%, Test In: 71.85% Test OOD1: 64.25% Test OOD2: 53.63% Test OOD3: 62.90% 
Epoch: 52, Loss: 2.4136, Cls: 1.2066, Ind: 0.0000, Med: 0.6036, Spu: 0.0000, FD: 0.6033, Var: 0.0000, Ctx: 3, Train: 73.25%, Valid: 68.94%, Test In: 71.98% Test OOD1: 64.78% Test OOD2: 53.64% Test OOD3: 63.08% 
Epoch: 53, Loss: 2.4021, Cls: 1.2010, Ind: 0.0001, Med: 0.6008, Spu: 0.0000, FD: 0.6003, Var: 0.0000, Ctx: 3, Train: 73.38%, Valid: 69.16%, Test In: 72.03% Test OOD1: 65.34% Test OOD2: 53.63% Test OOD3: 63.24% 
Epoch: 54, Loss: 2.4064, Cls: 1.2032, Ind: 0.0001, Med: 0.6019, Spu: 0.0000, FD: 0.6012, Var: 0.0000, Ctx: 3, Train: 73.39%, Valid: 69.14%, Test In: 72.18% Test OOD1: 64.63% Test OOD2: 53.67% Test OOD3: 63.05% 
Epoch: 55, Loss: 2.4062, Cls: 1.2030, Ind: 0.0000, Med: 0.6017, Spu: 0.0000, FD: 0.6015, Var: 0.0000, Ctx: 3, Train: 73.54%, Valid: 69.40%, Test In: 72.22% Test OOD1: 65.42% Test OOD2: 53.67% Test OOD3: 63.29% 
Epoch: 56, Loss: 2.3933, Cls: 1.1966, Ind: 0.0001, Med: 0.5985, Spu: 0.0000, FD: 0.5981, Var: 0.0000, Ctx: 3, Train: 73.62%, Valid: 69.53%, Test In: 72.25% Test OOD1: 65.70% Test OOD2: 53.66% Test OOD3: 63.38% 
Epoch: 57, Loss: 2.3937, Cls: 1.1968, Ind: 0.0001, Med: 0.5986, Spu: 0.0000, FD: 0.5983, Var: 0.0000, Ctx: 3, Train: 73.71%, Valid: 69.60%, Test In: 72.46% Test OOD1: 65.14% Test OOD2: 53.71% Test OOD3: 63.23% 
Epoch: 58, Loss: 2.3973, Cls: 1.1986, Ind: 0.0001, Med: 0.5995, Spu: 0.0000, FD: 0.5992, Var: 0.0000, Ctx: 3, Train: 73.79%, Valid: 69.78%, Test In: 72.41% Test OOD1: 65.91% Test OOD2: 53.68% Test OOD3: 63.45% 
Epoch: 59, Loss: 2.3869, Cls: 1.1934, Ind: 0.0001, Med: 0.5967, Spu: 0.0000, FD: 0.5968, Var: 0.0000, Ctx: 3, Train: 73.89%, Valid: 69.90%, Test In: 72.51% Test OOD1: 65.94% Test OOD2: 53.69% Test OOD3: 63.47% 
Epoch: 60, Loss: 2.3823, Cls: 1.1910, Ind: 0.0001, Med: 0.5955, Spu: 0.0000, FD: 0.5957, Var: 0.0000, Ctx: 3, Train: 74.01%, Valid: 70.01%, Test In: 72.72% Test OOD1: 65.53% Test OOD2: 53.74% Test OOD3: 63.37% 
Epoch: 61, Loss: 2.3858, Cls: 1.1928, Ind: 0.0001, Med: 0.5964, Spu: 0.0000, FD: 0.5966, Var: 0.0000, Ctx: 3, Train: 74.05%, Valid: 70.13%, Test In: 72.64% Test OOD1: 66.21% Test OOD2: 53.70% Test OOD3: 63.57% 
Epoch: 62, Loss: 2.3806, Cls: 1.1902, Ind: 0.0001, Med: 0.5951, Spu: 0.0000, FD: 0.5953, Var: 0.0000, Ctx: 3, Train: 74.20%, Valid: 70.28%, Test In: 72.86% Test OOD1: 65.95% Test OOD2: 53.74% Test OOD3: 63.51% 
Epoch: 63, Loss: 2.3723, Cls: 1.1860, Ind: 0.0000, Med: 0.5930, Spu: 0.0000, FD: 0.5933, Var: 0.0000, Ctx: 3, Train: 74.31%, Valid: 70.40%, Test In: 72.99% Test OOD1: 65.87% Test OOD2: 53.77% Test OOD3: 63.50% 
Epoch: 64, Loss: 2.3706, Cls: 1.1852, Ind: 0.0000, Med: 0.5926, Spu: 0.0000, FD: 0.5929, Var: 0.0000, Ctx: 3, Train: 74.35%, Valid: 70.50%, Test In: 72.94% Test OOD1: 66.37% Test OOD2: 53.72% Test OOD3: 63.63% 
Epoch: 65, Loss: 2.3727, Cls: 1.1862, Ind: 0.0000, Med: 0.5932, Spu: 0.0000, FD: 0.5933, Var: 0.0000, Ctx: 3, Train: 74.50%, Valid: 70.61%, Test In: 73.24% Test OOD1: 65.60% Test OOD2: 53.81% Test OOD3: 63.43% 
Epoch: 66, Loss: 2.3734, Cls: 1.1866, Ind: 0.0000, Med: 0.5934, Spu: 0.0000, FD: 0.5935, Var: 0.0000, Ctx: 3, Train: 74.56%, Valid: 70.73%, Test In: 73.15% Test OOD1: 66.41% Test OOD2: 53.74% Test OOD3: 63.66% 
Epoch: 67, Loss: 2.3677, Cls: 1.1837, Ind: 0.0000, Med: 0.5919, Spu: 0.0000, FD: 0.5920, Var: 0.0000, Ctx: 3, Train: 74.68%, Valid: 70.85%, Test In: 73.42% Test OOD1: 65.73% Test OOD2: 53.82% Test OOD3: 63.47% 
Epoch: 68, Loss: 2.3605, Cls: 1.1801, Ind: 0.0000, Med: 0.5901, Spu: 0.0000, FD: 0.5903, Var: 0.0000, Ctx: 3, Train: 74.78%, Valid: 70.97%, Test In: 73.44% Test OOD1: 66.18% Test OOD2: 53.79% Test OOD3: 63.60% 
Epoch: 69, Loss: 2.3537, Cls: 1.1767, Ind: 0.0000, Med: 0.5884, Spu: 0.0000, FD: 0.5886, Var: 0.0000, Ctx: 3, Train: 74.88%, Valid: 71.09%, Test In: 73.57% Test OOD1: 66.05% Test OOD2: 53.81% Test OOD3: 63.57% 
Epoch: 70, Loss: 2.3495, Cls: 1.1746, Ind: 0.0000, Med: 0.5873, Spu: 0.0000, FD: 0.5875, Var: 0.0000, Ctx: 3, Train: 74.97%, Valid: 71.19%, Test In: 73.69% Test OOD1: 65.86% Test OOD2: 53.84% Test OOD3: 63.50% 
Epoch: 71, Loss: 2.3477, Cls: 1.1737, Ind: 0.0000, Med: 0.5869, Spu: 0.0000, FD: 0.5871, Var: 0.0000, Ctx: 3, Train: 75.06%, Valid: 71.31%, Test In: 73.70% Test OOD1: 66.45% Test OOD2: 53.79% Test OOD3: 63.66% 
Epoch: 72, Loss: 2.3498, Cls: 1.1748, Ind: 0.0000, Med: 0.5876, Spu: 0.0000, FD: 0.5873, Var: 0.0000, Ctx: 3, Train: 75.09%, Valid: 71.34%, Test In: 73.85% Test OOD1: 65.25% Test OOD2: 53.88% Test OOD3: 63.30% 
Epoch: 73, Loss: 2.3664, Cls: 1.1830, Ind: 0.0000, Med: 0.5914, Spu: 0.0000, FD: 0.5920, Var: 0.0000, Ctx: 3, Train: 75.11%, Valid: 71.44%, Test In: 73.61% Test OOD1: 67.15% Test OOD2: 53.69% Test OOD3: 63.85% 
Epoch: 74, Loss: 2.4076, Cls: 1.2040, Ind: 0.0000, Med: 0.6027, Spu: 0.0000, FD: 0.6008, Var: 0.0000, Ctx: 3, Train: 75.03%, Valid: 71.31%, Test In: 73.82% Test OOD1: 64.21% Test OOD2: 53.84% Test OOD3: 62.95% 
Epoch: 75, Loss: 2.4405, Cls: 1.2201, Ind: 0.0000, Med: 0.6101, Spu: 0.0000, FD: 0.6103, Var: 0.0000, Ctx: 3, Train: 75.38%, Valid: 71.71%, Test In: 73.97% Test OOD1: 66.61% Test OOD2: 53.79% Test OOD3: 63.70% 
Epoch: 76, Loss: 2.3406, Cls: 1.1700, Ind: 0.0000, Med: 0.5849, Spu: 0.0000, FD: 0.5856, Var: 0.0000, Ctx: 3, Train: 75.31%, Valid: 71.68%, Test In: 73.79% Test OOD1: 67.23% Test OOD2: 53.69% Test OOD3: 63.87% 
Epoch: 77, Loss: 2.3886, Cls: 1.1942, Ind: 0.0000, Med: 0.5972, Spu: 0.0000, FD: 0.5972, Var: 0.0000, Ctx: 3, Train: 75.37%, Valid: 71.73%, Test In: 74.08% Test OOD1: 65.17% Test OOD2: 53.87% Test OOD3: 63.26% 
Epoch: 78, Loss: 2.3834, Cls: 1.1914, Ind: 0.0000, Med: 0.5957, Spu: 0.0000, FD: 0.5962, Var: 0.0000, Ctx: 3, Train: 75.51%, Valid: 71.87%, Test In: 74.14% Test OOD1: 65.98% Test OOD2: 53.85% Test OOD3: 63.51% 
Epoch: 79, Loss: 2.3470, Cls: 1.1733, Ind: 0.0000, Med: 0.5866, Spu: 0.0000, FD: 0.5871, Var: 0.0000, Ctx: 3, Train: 75.34%, Valid: 71.74%, Test In: 73.74% Test OOD1: 67.49% Test OOD2: 53.61% Test OOD3: 63.93% 
Epoch: 80, Loss: 2.3928, Cls: 1.1964, Ind: 0.0000, Med: 0.5985, Spu: 0.0000, FD: 0.5978, Var: 0.0000, Ctx: 3, Train: 75.59%, Valid: 71.95%, Test In: 74.12% Test OOD1: 66.79% Test OOD2: 53.76% Test OOD3: 63.73% 
Epoch: 81, Loss: 2.3305, Cls: 1.1651, Ind: 0.0000, Med: 0.5826, Spu: 0.0000, FD: 0.5827, Var: 0.0000, Ctx: 3, Train: 75.59%, Valid: 71.98%, Test In: 74.22% Test OOD1: 65.77% Test OOD2: 53.85% Test OOD3: 63.44% 
Epoch: 82, Loss: 2.3770, Cls: 1.1881, Ind: 0.0000, Med: 0.5938, Spu: 0.0000, FD: 0.5950, Var: 0.0000, Ctx: 3, Train: 75.60%, Valid: 71.98%, Test In: 74.07% Test OOD1: 67.16% Test OOD2: 53.71% Test OOD3: 63.84% 
Epoch: 83, Loss: 2.3310, Cls: 1.1653, Ind: 0.0000, Med: 0.5827, Spu: 0.0000, FD: 0.5829, Var: 0.0000, Ctx: 3, Train: 75.51%, Valid: 71.92%, Test In: 73.89% Test OOD1: 67.52% Test OOD2: 53.63% Test OOD3: 63.94% 
Epoch: 84, Loss: 2.3594, Cls: 1.1795, Ind: 0.0000, Med: 0.5897, Spu: 0.0000, FD: 0.5902, Var: 0.0000, Ctx: 3, Train: 75.75%, Valid: 72.14%, Test In: 74.27% Test OOD1: 66.41% Test OOD2: 53.83% Test OOD3: 63.62% 
Epoch: 85, Loss: 2.3376, Cls: 1.1688, Ind: 0.0000, Med: 0.5846, Spu: 0.0000, FD: 0.5842, Var: 0.0000, Ctx: 3, Train: 75.78%, Valid: 72.19%, Test In: 74.30% Test OOD1: 66.26% Test OOD2: 53.86% Test OOD3: 63.58% 
Epoch: 86, Loss: 2.3403, Cls: 1.1702, Ind: 0.0000, Med: 0.5853, Spu: 0.0000, FD: 0.5848, Var: 0.0000, Ctx: 3, Train: 75.71%, Valid: 72.12%, Test In: 74.09% Test OOD1: 67.36% Test OOD2: 53.71% Test OOD3: 63.89% 
Epoch: 87, Loss: 2.3402, Cls: 1.1698, Ind: 0.0000, Med: 0.5847, Spu: 0.0000, FD: 0.5857, Var: 0.0000, Ctx: 3, Train: 75.81%, Valid: 72.23%, Test In: 74.23% Test OOD1: 67.07% Test OOD2: 53.77% Test OOD3: 63.81% 
Epoch: 88, Loss: 2.3244, Cls: 1.1619, Ind: 0.0000, Med: 0.5808, Spu: 0.0000, FD: 0.5816, Var: 0.0000, Ctx: 3, Train: 75.86%, Valid: 72.32%, Test In: 74.37% Test OOD1: 65.88% Test OOD2: 53.91% Test OOD3: 63.46% 
Epoch: 89, Loss: 2.3412, Cls: 1.1706, Ind: 0.0000, Med: 0.5856, Spu: 0.0000, FD: 0.5850, Var: 0.0000, Ctx: 3, Train: 75.92%, Valid: 72.37%, Test In: 74.35% Test OOD1: 66.53% Test OOD2: 53.86% Test OOD3: 63.66% 
Epoch: 90, Loss: 2.3160, Cls: 1.1579, Ind: 0.0000, Med: 0.5790, Spu: 0.0000, FD: 0.5791, Var: 0.0000, Ctx: 3, Train: 75.91%, Valid: 72.35%, Test In: 74.24% Test OOD1: 67.18% Test OOD2: 53.77% Test OOD3: 63.84% 
Epoch: 91, Loss: 2.3385, Cls: 1.1690, Ind: 0.0000, Med: 0.5844, Spu: 0.0000, FD: 0.5851, Var: 0.0000, Ctx: 3, Train: 75.98%, Valid: 72.46%, Test In: 74.40% Test OOD1: 66.14% Test OOD2: 53.91% Test OOD3: 63.54% 
Epoch: 92, Loss: 2.3177, Cls: 1.1587, Ind: 0.0000, Med: 0.5795, Spu: 0.0000, FD: 0.5794, Var: 0.0000, Ctx: 3, Train: 76.00%, Valid: 72.49%, Test In: 74.42% Test OOD1: 65.87% Test OOD2: 53.93% Test OOD3: 63.46% 
Epoch: 93, Loss: 2.3231, Cls: 1.1615, Ind: 0.0000, Med: 0.5808, Spu: 0.0000, FD: 0.5808, Var: 0.0000, Ctx: 3, Train: 76.06%, Valid: 72.52%, Test In: 74.36% Test OOD1: 66.93% Test OOD2: 53.83% Test OOD3: 63.78% 
Epoch: 94, Loss: 2.3241, Cls: 1.1619, Ind: 0.0000, Med: 0.5810, Spu: 0.0000, FD: 0.5811, Var: 0.0000, Ctx: 3, Train: 76.11%, Valid: 72.59%, Test In: 74.42% Test OOD1: 66.53% Test OOD2: 53.88% Test OOD3: 63.66% 
Epoch: 95, Loss: 2.3096, Cls: 1.1547, Ind: 0.0000, Med: 0.5775, Spu: 0.0000, FD: 0.5774, Var: 0.0000, Ctx: 3, Train: 76.11%, Valid: 72.61%, Test In: 74.46% Test OOD1: 65.78% Test OOD2: 53.94% Test OOD3: 63.43% 
Epoch: 96, Loss: 2.3218, Cls: 1.1608, Ind: 0.0000, Med: 0.5804, Spu: 0.0000, FD: 0.5806, Var: 0.0000, Ctx: 3, Train: 76.21%, Valid: 72.66%, Test In: 74.45% Test OOD1: 66.68% Test OOD2: 53.87% Test OOD3: 63.70% 
Epoch: 97, Loss: 2.3081, Cls: 1.1540, Ind: 0.0000, Med: 0.5771, Spu: 0.0000, FD: 0.5770, Var: 0.0000, Ctx: 3, Train: 76.25%, Valid: 72.68%, Test In: 74.44% Test OOD1: 66.94% Test OOD2: 53.83% Test OOD3: 63.78% 
Epoch: 98, Loss: 2.3120, Cls: 1.1559, Ind: 0.0000, Med: 0.5781, Spu: 0.0000, FD: 0.5780, Var: 0.0000, Ctx: 3, Train: 76.27%, Valid: 72.72%, Test In: 74.50% Test OOD1: 66.20% Test OOD2: 53.91% Test OOD3: 63.56% 
Epoch: 99, Loss: 2.3122, Cls: 1.1561, Ind: 0.0000, Med: 0.5782, Spu: 0.0000, FD: 0.5780, Var: 0.0000, Ctx: 3, Train: 76.33%, Valid: 72.75%, Test In: 74.49% Test OOD1: 66.64% Test OOD2: 53.86% Test OOD3: 63.69% 
Epoch: 100, Loss: 2.3029, Cls: 1.1514, Ind: 0.0000, Med: 0.5758, Spu: 0.0000, FD: 0.5757, Var: 0.0000, Ctx: 3, Train: 76.34%, Valid: 72.72%, Test In: 74.42% Test OOD1: 67.20% Test OOD2: 53.78% Test OOD3: 63.85% 
Epoch: 101, Loss: 2.3112, Cls: 1.1555, Ind: 0.0000, Med: 0.5777, Spu: 0.0000, FD: 0.5780, Var: 0.0000, Ctx: 3, Train: 76.41%, Valid: 72.79%, Test In: 74.51% Test OOD1: 66.58% Test OOD2: 53.86% Test OOD3: 63.68% 
Epoch: 102, Loss: 2.3033, Cls: 1.1516, Ind: 0.0000, Med: 0.5760, Spu: 0.0000, FD: 0.5757, Var: 0.0000, Ctx: 3, Train: 76.45%, Valid: 72.81%, Test In: 74.52% Test OOD1: 66.62% Test OOD2: 53.86% Test OOD3: 63.69% 
Epoch: 103, Loss: 2.3012, Cls: 1.1506, Ind: 0.0000, Med: 0.5755, Spu: 0.0000, FD: 0.5751, Var: 0.0000, Ctx: 3, Train: 76.46%, Valid: 72.79%, Test In: 74.47% Test OOD1: 67.16% Test OOD2: 53.78% Test OOD3: 63.85% 
Epoch: 104, Loss: 2.3062, Cls: 1.1530, Ind: 0.0000, Med: 0.5765, Spu: 0.0000, FD: 0.5767, Var: 0.0000, Ctx: 3, Train: 76.52%, Valid: 72.84%, Test In: 74.53% Test OOD1: 66.57% Test OOD2: 53.86% Test OOD3: 63.68% 
Epoch: 105, Loss: 2.2978, Cls: 1.1489, Ind: 0.0000, Med: 0.5746, Spu: 0.0000, FD: 0.5744, Var: 0.0000, Ctx: 3, Train: 76.55%, Valid: 72.86%, Test In: 74.54% Test OOD1: 66.44% Test OOD2: 53.87% Test OOD3: 63.64% 
Epoch: 106, Loss: 2.2980, Cls: 1.1489, Ind: 0.0000, Med: 0.5746, Spu: 0.0000, FD: 0.5744, Var: 0.0000, Ctx: 3, Train: 76.58%, Valid: 72.85%, Test In: 74.52% Test OOD1: 66.97% Test OOD2: 53.81% Test OOD3: 63.81% 
Epoch: 107, Loss: 2.3010, Cls: 1.1504, Ind: 0.0000, Med: 0.5754, Spu: 0.0000, FD: 0.5752, Var: 0.0000, Ctx: 3, Train: 76.61%, Valid: 72.87%, Test In: 74.54% Test OOD1: 66.45% Test OOD2: 53.88% Test OOD3: 63.65% 
Epoch: 108, Loss: 2.2945, Cls: 1.1471, Ind: 0.0000, Med: 0.5737, Spu: 0.0000, FD: 0.5736, Var: 0.0000, Ctx: 3, Train: 76.64%, Valid: 72.87%, Test In: 74.54% Test OOD1: 66.47% Test OOD2: 53.89% Test OOD3: 63.67% 
Epoch: 109, Loss: 2.2932, Cls: 1.1465, Ind: 0.0000, Med: 0.5734, Spu: 0.0000, FD: 0.5733, Var: 0.0000, Ctx: 3, Train: 76.68%, Valid: 72.87%, Test In: 74.51% Test OOD1: 66.95% Test OOD2: 53.84% Test OOD3: 63.83% 
Epoch: 110, Loss: 2.2966, Cls: 1.1482, Ind: 0.0000, Med: 0.5743, Spu: 0.0000, FD: 0.5740, Var: 0.0000, Ctx: 3, Train: 76.71%, Valid: 72.87%, Test In: 74.53% Test OOD1: 66.43% Test OOD2: 53.92% Test OOD3: 63.68% 
Epoch: 111, Loss: 2.2931, Cls: 1.1465, Ind: 0.0000, Med: 0.5734, Spu: 0.0000, FD: 0.5732, Var: 0.0000, Ctx: 3, Train: 76.75%, Valid: 72.88%, Test In: 74.52% Test OOD1: 66.70% Test OOD2: 53.91% Test OOD3: 63.77% 
Epoch: 112, Loss: 2.2887, Cls: 1.1443, Ind: 0.0000, Med: 0.5723, Spu: 0.0000, FD: 0.5721, Var: 0.0000, Ctx: 3, Train: 76.78%, Valid: 72.88%, Test In: 74.51% Test OOD1: 66.88% Test OOD2: 53.91% Test OOD3: 63.84% 
Epoch: 113, Loss: 2.2903, Cls: 1.1451, Ind: 0.0000, Med: 0.5727, Spu: 0.0000, FD: 0.5725, Var: 0.0000, Ctx: 3, Train: 76.80%, Valid: 72.88%, Test In: 74.51% Test OOD1: 66.38% Test OOD2: 53.99% Test OOD3: 63.70% 
Epoch: 114, Loss: 2.2917, Cls: 1.1458, Ind: 0.0000, Med: 0.5730, Spu: 0.0000, FD: 0.5728, Var: 0.0000, Ctx: 3, Train: 76.84%, Valid: 72.89%, Test In: 74.50% Test OOD1: 66.82% Test OOD2: 53.97% Test OOD3: 63.85% 
Epoch: 115, Loss: 2.2878, Cls: 1.1439, Ind: 0.0000, Med: 0.5721, Spu: 0.0000, FD: 0.5719, Var: 0.0000, Ctx: 3, Train: 76.87%, Valid: 72.89%, Test In: 74.51% Test OOD1: 66.67% Test OOD2: 54.00% Test OOD3: 63.81% 
Epoch: 116, Loss: 2.2847, Cls: 1.1423, Ind: 0.0000, Med: 0.5713, Spu: 0.0000, FD: 0.5711, Var: 0.0000, Ctx: 3, Train: 76.90%, Valid: 72.88%, Test In: 74.50% Test OOD1: 66.56% Test OOD2: 54.03% Test OOD3: 63.79% 
Epoch: 117, Loss: 2.2855, Cls: 1.1427, Ind: 0.0000, Med: 0.5715, Spu: 0.0000, FD: 0.5713, Var: 0.0000, Ctx: 3, Train: 76.94%, Valid: 72.89%, Test In: 74.50% Test OOD1: 67.01% Test OOD2: 53.98% Test OOD3: 63.94% 
Epoch: 118, Loss: 2.2864, Cls: 1.1431, Ind: 0.0000, Med: 0.5717, Spu: 0.0000, FD: 0.5715, Var: 0.0000, Ctx: 3, Train: 76.96%, Valid: 72.88%, Test In: 74.50% Test OOD1: 66.65% Test OOD2: 54.05% Test OOD3: 63.85% 
Epoch: 119, Loss: 2.2847, Cls: 1.1423, Ind: 0.0000, Med: 0.5713, Spu: 0.0000, FD: 0.5711, Var: 0.0000, Ctx: 3, Train: 77.00%, Valid: 72.89%, Test In: 74.51% Test OOD1: 66.98% Test OOD2: 54.02% Test OOD3: 63.96% 
Epoch: 120, Loss: 2.2812, Cls: 1.1405, Ind: 0.0000, Med: 0.5704, Spu: 0.0000, FD: 0.5703, Var: 0.0000, Ctx: 3, Train: 77.03%, Valid: 72.89%, Test In: 74.51% Test OOD1: 66.93% Test OOD2: 54.04% Test OOD3: 63.95% 
Epoch: 121, Loss: 2.2795, Cls: 1.1397, Ind: 0.0000, Med: 0.5700, Spu: 0.0000, FD: 0.5698, Var: 0.0000, Ctx: 3, Train: 77.06%, Valid: 72.88%, Test In: 74.51% Test OOD1: 66.78% Test OOD2: 54.09% Test OOD3: 63.91% 
Epoch: 122, Loss: 2.2797, Cls: 1.1398, Ind: 0.0000, Med: 0.5700, Spu: 0.0000, FD: 0.5699, Var: 0.0000, Ctx: 3, Train: 77.09%, Valid: 72.90%, Test In: 74.52% Test OOD1: 67.09% Test OOD2: 54.07% Test OOD3: 64.01% 
Epoch: 123, Loss: 2.2799, Cls: 1.1399, Ind: 0.0000, Med: 0.5700, Spu: 0.0000, FD: 0.5700, Var: 0.0000, Ctx: 3, Train: 77.12%, Valid: 72.90%, Test In: 74.52% Test OOD1: 66.78% Test OOD2: 54.13% Test OOD3: 63.94% 
Epoch: 124, Loss: 2.2791, Cls: 1.1395, Ind: 0.0000, Med: 0.5699, Spu: 0.0000, FD: 0.5697, Var: 0.0000, Ctx: 3, Train: 77.15%, Valid: 72.92%, Test In: 74.53% Test OOD1: 67.16% Test OOD2: 54.09% Test OOD3: 64.06% 
Epoch: 125, Loss: 2.2769, Cls: 1.1384, Ind: 0.0000, Med: 0.5693, Spu: 0.0000, FD: 0.5692, Var: 0.0000, Ctx: 3, Train: 77.19%, Valid: 72.92%, Test In: 74.53% Test OOD1: 66.98% Test OOD2: 54.13% Test OOD3: 64.01% 
Epoch: 126, Loss: 2.2746, Cls: 1.1372, Ind: 0.0000, Med: 0.5687, Spu: 0.0000, FD: 0.5686, Var: 0.0000, Ctx: 3, Train: 77.22%, Valid: 72.93%, Test In: 74.55% Test OOD1: 67.13% Test OOD2: 54.13% Test OOD3: 64.06% 
Epoch: 127, Loss: 2.2728, Cls: 1.1363, Ind: 0.0000, Med: 0.5683, Spu: 0.0000, FD: 0.5682, Var: 0.0000, Ctx: 3, Train: 77.25%, Valid: 72.95%, Test In: 74.56% Test OOD1: 67.13% Test OOD2: 54.14% Test OOD3: 64.07% 
Epoch: 128, Loss: 2.2716, Cls: 1.1357, Ind: 0.0000, Med: 0.5680, Spu: 0.0000, FD: 0.5679, Var: 0.0000, Ctx: 3, Train: 77.28%, Valid: 72.96%, Test In: 74.57% Test OOD1: 67.02% Test OOD2: 54.17% Test OOD3: 64.04% 
Epoch: 129, Loss: 2.2709, Cls: 1.1354, Ind: 0.0000, Med: 0.5678, Spu: 0.0000, FD: 0.5677, Var: 0.0000, Ctx: 3, Train: 77.31%, Valid: 72.99%, Test In: 74.58% Test OOD1: 67.24% Test OOD2: 54.15% Test OOD3: 64.10% 
Epoch: 130, Loss: 2.2707, Cls: 1.1353, Ind: 0.0000, Med: 0.5677, Spu: 0.0000, FD: 0.5677, Var: 0.0000, Ctx: 3, Train: 77.35%, Valid: 72.98%, Test In: 74.57% Test OOD1: 66.95% Test OOD2: 54.21% Test OOD3: 64.02% 
Epoch: 131, Loss: 2.2715, Cls: 1.1357, Ind: 0.0000, Med: 0.5679, Spu: 0.0000, FD: 0.5678, Var: 0.0000, Ctx: 3, Train: 77.37%, Valid: 73.03%, Test In: 74.59% Test OOD1: 67.42% Test OOD2: 54.15% Test OOD3: 64.16% 
Epoch: 132, Loss: 2.2740, Cls: 1.1369, Ind: 0.0000, Med: 0.5686, Spu: 0.0000, FD: 0.5685, Var: 0.0000, Ctx: 3, Train: 77.40%, Valid: 72.99%, Test In: 74.56% Test OOD1: 66.71% Test OOD2: 54.27% Test OOD3: 63.95% 
Epoch: 133, Loss: 2.2820, Cls: 1.1409, Ind: 0.0000, Med: 0.5706, Spu: 0.0000, FD: 0.5705, Var: 0.0000, Ctx: 3, Train: 77.40%, Valid: 73.07%, Test In: 74.60% Test OOD1: 67.64% Test OOD2: 54.13% Test OOD3: 64.21% 
Epoch: 134, Loss: 2.2952, Cls: 1.1475, Ind: 0.0000, Med: 0.5738, Spu: 0.0000, FD: 0.5739, Var: 0.0000, Ctx: 3, Train: 77.40%, Valid: 72.94%, Test In: 74.52% Test OOD1: 66.17% Test OOD2: 54.34% Test OOD3: 63.79% 
Epoch: 135, Loss: 2.3227, Cls: 1.1613, Ind: 0.0000, Med: 0.5807, Spu: 0.0000, FD: 0.5807, Var: 0.0000, Ctx: 3, Train: 77.43%, Valid: 73.09%, Test In: 74.63% Test OOD1: 67.76% Test OOD2: 54.10% Test OOD3: 64.24% 
Epoch: 136, Loss: 2.3116, Cls: 1.1557, Ind: 0.0000, Med: 0.5778, Spu: 0.0000, FD: 0.5781, Var: 0.0000, Ctx: 3, Train: 77.51%, Valid: 73.02%, Test In: 74.60% Test OOD1: 66.68% Test OOD2: 54.31% Test OOD3: 63.93% 
Epoch: 137, Loss: 2.2828, Cls: 1.1414, Ind: 0.0000, Med: 0.5708, Spu: 0.0000, FD: 0.5707, Var: 0.0000, Ctx: 3, Train: 77.54%, Valid: 73.09%, Test In: 74.65% Test OOD1: 67.31% Test OOD2: 54.21% Test OOD3: 64.12% 
Epoch: 138, Loss: 2.2628, Cls: 1.1313, Ind: 0.0000, Med: 0.5657, Spu: 0.0000, FD: 0.5657, Var: 0.0000, Ctx: 3, Train: 77.47%, Valid: 73.08%, Test In: 74.63% Test OOD1: 67.90% Test OOD2: 54.06% Test OOD3: 64.29% 
Epoch: 139, Loss: 2.2840, Cls: 1.1418, Ind: 0.0000, Med: 0.5708, Spu: 0.0000, FD: 0.5713, Var: 0.0000, Ctx: 3, Train: 77.57%, Valid: 73.06%, Test In: 74.61% Test OOD1: 66.80% Test OOD2: 54.34% Test OOD3: 63.97% 
Epoch: 140, Loss: 2.3013, Cls: 1.1506, Ind: 0.0000, Med: 0.5754, Spu: 0.0000, FD: 0.5752, Var: 0.0000, Ctx: 3, Train: 77.56%, Valid: 73.12%, Test In: 74.68% Test OOD1: 67.67% Test OOD2: 54.17% Test OOD3: 64.22% 
Epoch: 141, Loss: 2.2696, Cls: 1.1347, Ind: 0.0000, Med: 0.5673, Spu: 0.0000, FD: 0.5675, Var: 0.0000, Ctx: 3, Train: 77.62%, Valid: 73.14%, Test In: 74.71% Test OOD1: 67.41% Test OOD2: 54.25% Test OOD3: 64.14% 
Epoch: 142, Loss: 2.2622, Cls: 1.1311, Ind: 0.0000, Med: 0.5656, Spu: 0.0000, FD: 0.5655, Var: 0.0000, Ctx: 3, Train: 77.63%, Valid: 73.07%, Test In: 74.66% Test OOD1: 66.54% Test OOD2: 54.41% Test OOD3: 63.88% 
Epoch: 143, Loss: 2.2816, Cls: 1.1407, Ind: 0.0000, Med: 0.5704, Spu: 0.0000, FD: 0.5705, Var: 0.0000, Ctx: 3, Train: 77.66%, Valid: 73.16%, Test In: 74.73% Test OOD1: 67.51% Test OOD2: 54.24% Test OOD3: 64.18% 
Epoch: 144, Loss: 2.2688, Cls: 1.1344, Ind: 0.0000, Med: 0.5673, Spu: 0.0000, FD: 0.5672, Var: 0.0000, Ctx: 3, Train: 77.71%, Valid: 73.16%, Test In: 74.72% Test OOD1: 67.29% Test OOD2: 54.31% Test OOD3: 64.12% 
Epoch: 145, Loss: 2.2557, Cls: 1.1278, Ind: 0.0000, Med: 0.5640, Spu: 0.0000, FD: 0.5639, Var: 0.0000, Ctx: 3, Train: 77.73%, Valid: 73.15%, Test In: 74.69% Test OOD1: 67.05% Test OOD2: 54.35% Test OOD3: 64.06% 
Epoch: 146, Loss: 2.2651, Cls: 1.1325, Ind: 0.0000, Med: 0.5663, Spu: 0.0000, FD: 0.5663, Var: 0.0000, Ctx: 3, Train: 77.70%, Valid: 73.18%, Test In: 74.70% Test OOD1: 67.74% Test OOD2: 54.20% Test OOD3: 64.27% 
Epoch: 147, Loss: 2.2684, Cls: 1.1341, Ind: 0.0000, Med: 0.5671, Spu: 0.0000, FD: 0.5671, Var: 0.0000, Ctx: 3, Train: 77.79%, Valid: 73.18%, Test In: 74.73% Test OOD1: 66.99% Test OOD2: 54.38% Test OOD3: 64.05% 
Epoch: 148, Loss: 2.2578, Cls: 1.1288, Ind: 0.0000, Med: 0.5645, Spu: 0.0000, FD: 0.5645, Var: 0.0000, Ctx: 3, Train: 77.82%, Valid: 73.20%, Test In: 74.76% Test OOD1: 67.01% Test OOD2: 54.38% Test OOD3: 64.05% 
Epoch: 149, Loss: 2.2516, Cls: 1.1258, Ind: 0.0000, Med: 0.5630, Spu: 0.0000, FD: 0.5629, Var: 0.0000, Ctx: 3, Train: 77.84%, Valid: 73.24%, Test In: 74.78% Test OOD1: 67.28% Test OOD2: 54.34% Test OOD3: 64.12% 
Epoch: 150, Loss: 2.2580, Cls: 1.1290, Ind: 0.0000, Med: 0.5646, Spu: 0.0000, FD: 0.5644, Var: 0.0000, Ctx: 3, Train: 77.86%, Valid: 73.20%, Test In: 74.72% Test OOD1: 66.58% Test OOD2: 54.47% Test OOD3: 63.91% 
Epoch: 151, Loss: 2.2624, Cls: 1.1312, Ind: 0.0000, Med: 0.5656, Spu: 0.0000, FD: 0.5656, Var: 0.0000, Ctx: 3, Train: 77.90%, Valid: 73.26%, Test In: 74.76% Test OOD1: 67.39% Test OOD2: 54.33% Test OOD3: 64.14% 
Epoch: 152, Loss: 2.2549, Cls: 1.1274, Ind: 0.0000, Med: 0.5638, Spu: 0.0000, FD: 0.5637, Var: 0.0000, Ctx: 3, Train: 77.95%, Valid: 73.26%, Test In: 74.74% Test OOD1: 67.04% Test OOD2: 54.40% Test OOD3: 64.03% 
Epoch: 153, Loss: 2.2472, Cls: 1.1236, Ind: 0.0000, Med: 0.5619, Spu: 0.0000, FD: 0.5617, Var: 0.0000, Ctx: 3, Train: 77.99%, Valid: 73.28%, Test In: 74.74% Test OOD1: 67.03% Test OOD2: 54.38% Test OOD3: 64.02% 
Epoch: 154, Loss: 2.2454, Cls: 1.1227, Ind: 0.0000, Med: 0.5615, Spu: 0.0000, FD: 0.5612, Var: 0.0000, Ctx: 3, Train: 78.00%, Valid: 73.31%, Test In: 74.76% Test OOD1: 67.33% Test OOD2: 54.30% Test OOD3: 64.12% 
Epoch: 155, Loss: 2.2496, Cls: 1.1247, Ind: 0.0000, Med: 0.5624, Spu: 0.0000, FD: 0.5624, Var: 0.0000, Ctx: 3, Train: 78.03%, Valid: 73.27%, Test In: 74.71% Test OOD1: 66.60% Test OOD2: 54.42% Test OOD3: 63.89% 
Epoch: 156, Loss: 2.2552, Cls: 1.1276, Ind: 0.0000, Med: 0.5640, Spu: 0.0000, FD: 0.5635, Var: 0.0000, Ctx: 3, Train: 78.05%, Valid: 73.34%, Test In: 74.75% Test OOD1: 67.45% Test OOD2: 54.26% Test OOD3: 64.14% 
Epoch: 157, Loss: 2.2553, Cls: 1.1275, Ind: 0.0000, Med: 0.5636, Spu: 0.0000, FD: 0.5642, Var: 0.0000, Ctx: 3, Train: 78.10%, Valid: 73.30%, Test In: 74.69% Test OOD1: 66.56% Test OOD2: 54.42% Test OOD3: 63.85% 
Epoch: 158, Loss: 2.2554, Cls: 1.1278, Ind: 0.0000, Med: 0.5642, Spu: 0.0000, FD: 0.5634, Var: 0.0000, Ctx: 3, Train: 78.12%, Valid: 73.36%, Test In: 74.73% Test OOD1: 67.38% Test OOD2: 54.28% Test OOD3: 64.09% 
Epoch: 159, Loss: 2.2507, Cls: 1.1252, Ind: 0.0000, Med: 0.5625, Spu: 0.0000, FD: 0.5630, Var: 0.0000, Ctx: 3, Train: 78.18%, Valid: 73.33%, Test In: 74.67% Test OOD1: 66.58% Test OOD2: 54.41% Test OOD3: 63.82% 
Epoch: 160, Loss: 2.2473, Cls: 1.1237, Ind: 0.0000, Med: 0.5621, Spu: 0.0000, FD: 0.5615, Var: 0.0000, Ctx: 3, Train: 78.20%, Valid: 73.38%, Test In: 74.71% Test OOD1: 67.24% Test OOD2: 54.30% Test OOD3: 64.01% 
Epoch: 161, Loss: 2.2424, Cls: 1.1211, Ind: 0.0000, Med: 0.5606, Spu: 0.0000, FD: 0.5607, Var: 0.0000, Ctx: 3, Train: 78.25%, Valid: 73.37%, Test In: 74.67% Test OOD1: 66.71% Test OOD2: 54.39% Test OOD3: 63.83% 
Epoch: 162, Loss: 2.2390, Cls: 1.1195, Ind: 0.0000, Med: 0.5599, Spu: 0.0000, FD: 0.5595, Var: 0.0000, Ctx: 3, Train: 78.27%, Valid: 73.40%, Test In: 74.69% Test OOD1: 67.15% Test OOD2: 54.30% Test OOD3: 63.96% 
Epoch: 163, Loss: 2.2362, Cls: 1.1181, Ind: 0.0000, Med: 0.5591, Spu: 0.0000, FD: 0.5590, Var: 0.0000, Ctx: 3, Train: 78.31%, Valid: 73.41%, Test In: 74.65% Test OOD1: 66.67% Test OOD2: 54.38% Test OOD3: 63.80% 
Epoch: 164, Loss: 2.2353, Cls: 1.1177, Ind: 0.0000, Med: 0.5590, Spu: 0.0000, FD: 0.5587, Var: 0.0000, Ctx: 3, Train: 78.33%, Valid: 73.43%, Test In: 74.67% Test OOD1: 67.10% Test OOD2: 54.30% Test OOD3: 63.92% 
Epoch: 165, Loss: 2.2371, Cls: 1.1185, Ind: 0.0000, Med: 0.5593, Spu: 0.0000, FD: 0.5592, Var: 0.0000, Ctx: 3, Train: 78.35%, Valid: 73.36%, Test In: 74.58% Test OOD1: 66.14% Test OOD2: 54.44% Test OOD3: 63.60% 
Epoch: 166, Loss: 2.2487, Cls: 1.1243, Ind: 0.0000, Med: 0.5623, Spu: 0.0000, FD: 0.5621, Var: 0.0000, Ctx: 3, Train: 78.29%, Valid: 73.42%, Test In: 74.65% Test OOD1: 67.38% Test OOD2: 54.20% Test OOD3: 63.98% 
Epoch: 167, Loss: 2.2850, Cls: 1.1423, Ind: 0.0000, Med: 0.5711, Spu: 0.0000, FD: 0.5716, Var: 0.0000, Ctx: 3, Train: 78.15%, Valid: 72.99%, Test In: 74.24% Test OOD1: 64.62% Test OOD2: 54.49% Test OOD3: 62.98% 
Epoch: 168, Loss: 2.3828, Cls: 1.1911, Ind: 0.0000, Med: 0.5953, Spu: 0.0000, FD: 0.5965, Var: 0.0000, Ctx: 3, Train: 78.27%, Valid: 73.40%, Test In: 74.67% Test OOD1: 67.50% Test OOD2: 54.11% Test OOD3: 64.01% 
Epoch: 169, Loss: 2.3374, Cls: 1.1687, Ind: 0.0000, Med: 0.5844, Spu: 0.0000, FD: 0.5843, Var: 0.0000, Ctx: 3, Train: 78.28%, Valid: 73.18%, Test In: 74.53% Test OOD1: 66.08% Test OOD2: 54.30% Test OOD3: 63.40% 
Epoch: 170, Loss: 2.2478, Cls: 1.1235, Ind: 0.0000, Med: 0.5615, Spu: 0.0000, FD: 0.5628, Var: 0.0000, Ctx: 3, Train: 78.22%, Valid: 73.08%, Test In: 74.47% Test OOD1: 66.00% Test OOD2: 54.24% Test OOD3: 63.34% 
Epoch: 171, Loss: 2.2733, Cls: 1.1363, Ind: 0.0000, Med: 0.5680, Spu: 0.0000, FD: 0.5690, Var: 0.0000, Ctx: 3, Train: 78.15%, Valid: 73.22%, Test In: 74.61% Test OOD1: 67.71% Test OOD2: 53.88% Test OOD3: 64.09% 
Epoch: 172, Loss: 2.2745, Cls: 1.1372, Ind: 0.0000, Med: 0.5686, Spu: 0.0000, FD: 0.5687, Var: 0.0000, Ctx: 3, Train: 78.25%, Valid: 73.17%, Test In: 74.63% Test OOD1: 67.35% Test OOD2: 53.94% Test OOD3: 63.98% 
Epoch: 173, Loss: 2.2363, Cls: 1.1181, Ind: 0.0000, Med: 0.5591, Spu: 0.0000, FD: 0.5590, Var: 0.0000, Ctx: 3, Train: 78.32%, Valid: 73.08%, Test In: 74.60% Test OOD1: 66.64% Test OOD2: 54.06% Test OOD3: 63.73% 
Epoch: 174, Loss: 2.2700, Cls: 1.1347, Ind: 0.0000, Med: 0.5672, Spu: 0.0000, FD: 0.5680, Var: 0.0000, Ctx: 3, Train: 78.27%, Valid: 73.19%, Test In: 74.71% Test OOD1: 67.43% Test OOD2: 53.92% Test OOD3: 64.08% 
Epoch: 175, Loss: 2.2382, Cls: 1.1188, Ind: 0.0000, Med: 0.5593, Spu: 0.0000, FD: 0.5601, Var: 0.0000, Ctx: 3, Train: 78.26%, Valid: 73.24%, Test In: 74.73% Test OOD1: 67.54% Test OOD2: 53.92% Test OOD3: 64.16% 
Epoch: 176, Loss: 2.2555, Cls: 1.1272, Ind: 0.0000, Med: 0.5633, Spu: 0.0000, FD: 0.5650, Var: 0.0000, Ctx: 3, Train: 78.39%, Valid: 73.18%, Test In: 74.70% Test OOD1: 66.39% Test OOD2: 54.18% Test OOD3: 63.71% 
Epoch: 177, Loss: 2.2491, Cls: 1.1243, Ind: 0.0000, Med: 0.5621, Spu: 0.0000, FD: 0.5627, Var: 0.0000, Ctx: 3, Train: 78.42%, Valid: 73.24%, Test In: 74.70% Test OOD1: 66.43% Test OOD2: 54.22% Test OOD3: 63.70% 
Epoch: 178, Loss: 2.2364, Cls: 1.1181, Ind: 0.0000, Med: 0.5591, Spu: 0.0000, FD: 0.5592, Var: 0.0000, Ctx: 3, Train: 78.37%, Valid: 73.34%, Test In: 74.72% Test OOD1: 67.17% Test OOD2: 54.14% Test OOD3: 63.95% 
Epoch: 179, Loss: 2.2530, Cls: 1.1263, Ind: 0.0000, Med: 0.5630, Spu: 0.0000, FD: 0.5637, Var: 0.0000, Ctx: 3, Train: 78.45%, Valid: 73.29%, Test In: 74.65% Test OOD1: 66.38% Test OOD2: 54.32% Test OOD3: 63.61% 
Epoch: 180, Loss: 2.2285, Cls: 1.1142, Ind: 0.0000, Med: 0.5572, Spu: 0.0000, FD: 0.5570, Var: 0.0000, Ctx: 3, Train: 78.47%, Valid: 73.25%, Test In: 74.59% Test OOD1: 65.95% Test OOD2: 54.41% Test OOD3: 63.43% 
Epoch: 181, Loss: 2.2396, Cls: 1.1196, Ind: 0.0000, Med: 0.5598, Spu: 0.0000, FD: 0.5602, Var: 0.0000, Ctx: 3, Train: 78.51%, Valid: 73.43%, Test In: 74.67% Test OOD1: 66.83% Test OOD2: 54.31% Test OOD3: 63.80% 
Epoch: 182, Loss: 2.2339, Cls: 1.1168, Ind: 0.0000, Med: 0.5586, Spu: 0.0000, FD: 0.5585, Var: 0.0000, Ctx: 3, Train: 78.55%, Valid: 73.46%, Test In: 74.67% Test OOD1: 66.63% Test OOD2: 54.36% Test OOD3: 63.74% 
Epoch: 183, Loss: 2.2239, Cls: 1.1116, Ind: 0.0000, Med: 0.5559, Spu: 0.0000, FD: 0.5564, Var: 0.0000, Ctx: 3, Train: 78.60%, Valid: 73.41%, Test In: 74.61% Test OOD1: 66.08% Test OOD2: 54.43% Test OOD3: 63.52% 
Epoch: 184, Loss: 2.2339, Cls: 1.1165, Ind: 0.0000, Med: 0.5579, Spu: 0.0000, FD: 0.5595, Var: 0.0000, Ctx: 3, Train: 78.59%, Valid: 73.46%, Test In: 74.69% Test OOD1: 66.79% Test OOD2: 54.31% Test OOD3: 63.76% 
Epoch: 185, Loss: 2.2243, Cls: 1.1121, Ind: 0.0000, Med: 0.5562, Spu: 0.0000, FD: 0.5560, Var: 0.0000, Ctx: 3, Train: 78.64%, Valid: 73.46%, Test In: 74.69% Test OOD1: 66.42% Test OOD2: 54.35% Test OOD3: 63.61% 
Epoch: 186, Loss: 2.2180, Cls: 1.1089, Ind: 0.0000, Med: 0.5545, Spu: 0.0000, FD: 0.5545, Var: 0.0000, Ctx: 3, Train: 78.65%, Valid: 73.38%, Test In: 74.60% Test OOD1: 65.64% Test OOD2: 54.41% Test OOD3: 63.34% 
Epoch: 187, Loss: 2.2253, Cls: 1.1125, Ind: 0.0000, Med: 0.5563, Spu: 0.0000, FD: 0.5565, Var: 0.0000, Ctx: 3, Train: 78.69%, Valid: 73.48%, Test In: 74.64% Test OOD1: 66.46% Test OOD2: 54.32% Test OOD3: 63.66% 
Epoch: 188, Loss: 2.2231, Cls: 1.1115, Ind: 0.0000, Med: 0.5559, Spu: 0.0000, FD: 0.5557, Var: 0.0000, Ctx: 3, Train: 78.75%, Valid: 73.45%, Test In: 74.54% Test OOD1: 66.12% Test OOD2: 54.36% Test OOD3: 63.50% 
Epoch: 189, Loss: 2.2148, Cls: 1.1074, Ind: 0.0000, Med: 0.5539, Spu: 0.0000, FD: 0.5535, Var: 0.0000, Ctx: 3, Train: 78.78%, Valid: 73.45%, Test In: 74.50% Test OOD1: 66.30% Test OOD2: 54.31% Test OOD3: 63.51% 
Epoch: 190, Loss: 2.2142, Cls: 1.1070, Ind: 0.0000, Med: 0.5537, Spu: 0.0000, FD: 0.5534, Var: 0.0000, Ctx: 3, Train: 78.75%, Valid: 73.47%, Test In: 74.50% Test OOD1: 66.86% Test OOD2: 54.19% Test OOD3: 63.69% 
Epoch: 191, Loss: 2.2197, Cls: 1.1095, Ind: 0.0000, Med: 0.5545, Spu: 0.0000, FD: 0.5557, Var: 0.0000, Ctx: 3, Train: 78.84%, Valid: 73.38%, Test In: 74.42% Test OOD1: 65.91% Test OOD2: 54.29% Test OOD3: 63.32% 
Epoch: 192, Loss: 2.2201, Cls: 1.1102, Ind: 0.0000, Med: 0.5557, Spu: 0.0000, FD: 0.5541, Var: 0.0000, Ctx: 3, Train: 78.86%, Valid: 73.45%, Test In: 74.49% Test OOD1: 66.46% Test OOD2: 54.20% Test OOD3: 63.55% 
Epoch: 193, Loss: 2.2142, Cls: 1.1068, Ind: 0.0000, Med: 0.5532, Spu: 0.0000, FD: 0.5542, Var: 0.0000, Ctx: 3, Train: 78.89%, Valid: 73.37%, Test In: 74.41% Test OOD1: 65.91% Test OOD2: 54.23% Test OOD3: 63.33% 
Epoch: 194, Loss: 2.2088, Cls: 1.1044, Ind: 0.0000, Med: 0.5525, Spu: 0.0000, FD: 0.5519, Var: 0.0000, Ctx: 3, Train: 78.94%, Valid: 73.39%, Test In: 74.40% Test OOD1: 66.12% Test OOD2: 54.20% Test OOD3: 63.39% 
Epoch: 195, Loss: 2.2060, Cls: 1.1029, Ind: 0.0000, Med: 0.5517, Spu: 0.0000, FD: 0.5514, Var: 0.0000, Ctx: 3, Train: 78.95%, Valid: 73.42%, Test In: 74.38% Test OOD1: 66.50% Test OOD2: 54.15% Test OOD3: 63.49% 
Epoch: 196, Loss: 2.2077, Cls: 1.1036, Ind: 0.0000, Med: 0.5517, Spu: 0.0000, FD: 0.5524, Var: 0.0000, Ctx: 3, Train: 78.98%, Valid: 73.34%, Test In: 74.23% Test OOD1: 65.87% Test OOD2: 54.23% Test OOD3: 63.22% 
Epoch: 197, Loss: 2.2114, Cls: 1.1058, Ind: 0.0000, Med: 0.5533, Spu: 0.0000, FD: 0.5523, Var: 0.0000, Ctx: 3, Train: 79.00%, Valid: 73.43%, Test In: 74.32% Test OOD1: 66.46% Test OOD2: 54.17% Test OOD3: 63.45% 
Epoch: 198, Loss: 2.2152, Cls: 1.1074, Ind: 0.0000, Med: 0.5535, Spu: 0.0000, FD: 0.5543, Var: 0.0000, Ctx: 3, Train: 79.00%, Valid: 73.21%, Test In: 74.12% Test OOD1: 65.18% Test OOD2: 54.26% Test OOD3: 62.93% 
Epoch: 199, Loss: 2.2218, Cls: 1.1109, Ind: 0.0000, Med: 0.5556, Spu: 0.0000, FD: 0.5553, Var: 0.0000, Ctx: 3, Train: 79.04%, Valid: 73.44%, Test In: 74.39% Test OOD1: 66.45% Test OOD2: 54.15% Test OOD3: 63.41% 
Epoch: 200, Loss: 2.2244, Cls: 1.1122, Ind: 0.0000, Med: 0.5562, Spu: 0.0000, FD: 0.5560, Var: 0.0000, Ctx: 3, Train: 79.05%, Valid: 73.19%, Test In: 74.15% Test OOD1: 65.21% Test OOD2: 54.21% Test OOD3: 62.90% 
Epoch: 201, Loss: 2.2265, Cls: 1.1129, Ind: 0.0000, Med: 0.5562, Spu: 0.0000, FD: 0.5573, Var: 0.0000, Ctx: 3, Train: 79.09%, Valid: 73.45%, Test In: 74.39% Test OOD1: 66.63% Test OOD2: 54.09% Test OOD3: 63.47% 
Epoch: 202, Loss: 2.2165, Cls: 1.1084, Ind: 0.0000, Med: 0.5546, Spu: 0.0000, FD: 0.5535, Var: 0.0000, Ctx: 3, Train: 79.15%, Valid: 73.30%, Test In: 74.22% Test OOD1: 65.81% Test OOD2: 54.18% Test OOD3: 63.15% 
Epoch: 203, Loss: 2.2072, Cls: 1.1033, Ind: 0.0000, Med: 0.5514, Spu: 0.0000, FD: 0.5525, Var: 0.0000, Ctx: 3, Train: 79.16%, Valid: 73.41%, Test In: 74.35% Test OOD1: 66.39% Test OOD2: 54.12% Test OOD3: 63.34% 
Epoch: 204, Loss: 2.1973, Cls: 1.0986, Ind: 0.0000, Med: 0.5495, Spu: 0.0000, FD: 0.5492, Var: 0.0000, Ctx: 3, Train: 79.18%, Valid: 73.41%, Test In: 74.37% Test OOD1: 66.34% Test OOD2: 54.12% Test OOD3: 63.29% 
Epoch: 205, Loss: 2.1960, Cls: 1.0980, Ind: 0.0000, Med: 0.5491, Spu: 0.0000, FD: 0.5489, Var: 0.0000, Ctx: 3, Train: 79.23%, Valid: 73.32%, Test In: 74.28% Test OOD1: 65.77% Test OOD2: 54.17% Test OOD3: 63.08% 
Epoch: 206, Loss: 2.2005, Cls: 1.1001, Ind: 0.0000, Med: 0.5500, Spu: 0.0000, FD: 0.5504, Var: 0.0000, Ctx: 3, Train: 79.24%, Valid: 73.49%, Test In: 74.38% Test OOD1: 66.46% Test OOD2: 54.11% Test OOD3: 63.38% 
Epoch: 207, Loss: 2.2037, Cls: 1.1018, Ind: 0.0000, Med: 0.5510, Spu: 0.0000, FD: 0.5509, Var: 0.0000, Ctx: 3, Train: 79.28%, Valid: 73.33%, Test In: 74.19% Test OOD1: 65.52% Test OOD2: 54.19% Test OOD3: 63.03% 
Epoch: 208, Loss: 2.2055, Cls: 1.1027, Ind: 0.0000, Med: 0.5515, Spu: 0.0000, FD: 0.5513, Var: 0.0000, Ctx: 3, Train: 79.27%, Valid: 73.51%, Test In: 74.37% Test OOD1: 66.48% Test OOD2: 54.11% Test OOD3: 63.35% 
Epoch: 209, Loss: 2.2019, Cls: 1.1008, Ind: 0.0000, Med: 0.5503, Spu: 0.0000, FD: 0.5508, Var: 0.0000, Ctx: 3, Train: 79.35%, Valid: 73.35%, Test In: 74.21% Test OOD1: 65.56% Test OOD2: 54.19% Test OOD3: 62.99% 
Epoch: 210, Loss: 2.2000, Cls: 1.1000, Ind: 0.0000, Med: 0.5502, Spu: 0.0000, FD: 0.5498, Var: 0.0000, Ctx: 3, Train: 79.37%, Valid: 73.50%, Test In: 74.31% Test OOD1: 66.35% Test OOD2: 54.14% Test OOD3: 63.31% 
Epoch: 211, Loss: 2.1963, Cls: 1.0980, Ind: 0.0000, Med: 0.5489, Spu: 0.0000, FD: 0.5493, Var: 0.0000, Ctx: 3, Train: 79.42%, Valid: 73.36%, Test In: 74.14% Test OOD1: 65.57% Test OOD2: 54.18% Test OOD3: 63.02% 
Epoch: 212, Loss: 2.1956, Cls: 1.0978, Ind: 0.0000, Med: 0.5490, Spu: 0.0000, FD: 0.5488, Var: 0.0000, Ctx: 3, Train: 79.40%, Valid: 73.51%, Test In: 74.32% Test OOD1: 66.43% Test OOD2: 54.09% Test OOD3: 63.31% 
Epoch: 213, Loss: 2.1950, Cls: 1.0974, Ind: 0.0000, Med: 0.5487, Spu: 0.0000, FD: 0.5489, Var: 0.0000, Ctx: 3, Train: 79.47%, Valid: 73.33%, Test In: 74.15% Test OOD1: 65.46% Test OOD2: 54.15% Test OOD3: 62.95% 
Epoch: 214, Loss: 2.1990, Cls: 1.0994, Ind: 0.0000, Med: 0.5498, Spu: 0.0000, FD: 0.5498, Var: 0.0000, Ctx: 3, Train: 79.46%, Valid: 73.53%, Test In: 74.27% Test OOD1: 66.51% Test OOD2: 54.06% Test OOD3: 63.35% 
Epoch: 215, Loss: 2.2035, Cls: 1.1017, Ind: 0.0000, Med: 0.5510, Spu: 0.0000, FD: 0.5508, Var: 0.0000, Ctx: 3, Train: 79.50%, Valid: 73.24%, Test In: 73.94% Test OOD1: 64.99% Test OOD2: 54.16% Test OOD3: 62.76% 
Epoch: 216, Loss: 2.2206, Cls: 1.1101, Ind: 0.0000, Med: 0.5549, Spu: 0.0000, FD: 0.5555, Var: 0.0000, Ctx: 3, Train: 79.42%, Valid: 73.55%, Test In: 74.28% Test OOD1: 66.62% Test OOD2: 54.01% Test OOD3: 63.33% 
Epoch: 217, Loss: 2.2326, Cls: 1.1163, Ind: 0.0000, Med: 0.5583, Spu: 0.0000, FD: 0.5580, Var: 0.0000, Ctx: 3, Train: 79.40%, Valid: 73.07%, Test In: 73.94% Test OOD1: 64.55% Test OOD2: 54.12% Test OOD3: 62.44% 
Epoch: 218, Loss: 2.2537, Cls: 1.1266, Ind: 0.0000, Med: 0.5632, Spu: 0.0000, FD: 0.5639, Var: 0.0000, Ctx: 3, Train: 79.54%, Valid: 73.52%, Test In: 74.23% Test OOD1: 66.56% Test OOD2: 53.96% Test OOD3: 63.35% 
Epoch: 219, Loss: 2.2112, Cls: 1.1055, Ind: 0.0000, Med: 0.5528, Spu: 0.0000, FD: 0.5529, Var: 0.0000, Ctx: 3, Train: 79.58%, Valid: 73.35%, Test In: 74.07% Test OOD1: 65.86% Test OOD2: 54.01% Test OOD3: 63.12% 
Epoch: 220, Loss: 2.1860, Cls: 1.0929, Ind: 0.0000, Med: 0.5464, Spu: 0.0000, FD: 0.5467, Var: 0.0000, Ctx: 3, Train: 79.61%, Valid: 73.32%, Test In: 74.18% Test OOD1: 65.85% Test OOD2: 53.99% Test OOD3: 63.03% 
Epoch: 221, Loss: 2.1857, Cls: 1.0928, Ind: 0.0000, Med: 0.5464, Spu: 0.0000, FD: 0.5465, Var: 0.0000, Ctx: 3, Train: 79.45%, Valid: 73.46%, Test In: 74.34% Test OOD1: 66.66% Test OOD2: 53.88% Test OOD3: 63.32% 
Epoch: 222, Loss: 2.2024, Cls: 1.1010, Ind: 0.0000, Med: 0.5503, Spu: 0.0000, FD: 0.5511, Var: 0.0000, Ctx: 3, Train: 79.58%, Valid: 73.19%, Test In: 74.10% Test OOD1: 65.20% Test OOD2: 54.02% Test OOD3: 62.71% 
Epoch: 223, Loss: 2.1980, Cls: 1.0989, Ind: 0.0000, Med: 0.5496, Spu: 0.0000, FD: 0.5495, Var: 0.0000, Ctx: 3, Train: 79.75%, Valid: 73.38%, Test In: 74.09% Test OOD1: 65.85% Test OOD2: 54.04% Test OOD3: 63.05% 
Epoch: 224, Loss: 2.1798, Cls: 1.0898, Ind: 0.0000, Med: 0.5449, Spu: 0.0000, FD: 0.5451, Var: 0.0000, Ctx: 3, Train: 79.71%, Valid: 73.43%, Test In: 74.07% Test OOD1: 66.07% Test OOD2: 54.00% Test OOD3: 63.17% 
Epoch: 225, Loss: 2.1800, Cls: 1.0899, Ind: 0.0000, Med: 0.5450, Spu: 0.0000, FD: 0.5451, Var: 0.0000, Ctx: 3, Train: 79.77%, Valid: 73.35%, Test In: 74.10% Test OOD1: 65.64% Test OOD2: 54.04% Test OOD3: 62.92% 
Epoch: 226, Loss: 2.1864, Cls: 1.0931, Ind: 0.0000, Med: 0.5466, Spu: 0.0000, FD: 0.5467, Var: 0.0000, Ctx: 3, Train: 79.58%, Valid: 73.49%, Test In: 74.25% Test OOD1: 66.52% Test OOD2: 53.94% Test OOD3: 63.21% 
Epoch: 227, Loss: 2.1938, Cls: 1.0968, Ind: 0.0000, Med: 0.5484, Spu: 0.0000, FD: 0.5487, Var: 0.0000, Ctx: 3, Train: 79.82%, Valid: 73.26%, Test In: 73.98% Test OOD1: 65.10% Test OOD2: 54.11% Test OOD3: 62.65% 
Epoch: 228, Loss: 2.1862, Cls: 1.0930, Ind: 0.0000, Med: 0.5464, Spu: 0.0000, FD: 0.5468, Var: 0.0000, Ctx: 3, Train: 79.83%, Valid: 73.41%, Test In: 73.93% Test OOD1: 65.81% Test OOD2: 54.09% Test OOD3: 63.02% 
Epoch: 229, Loss: 2.1803, Cls: 1.0902, Ind: 0.0000, Med: 0.5453, Spu: 0.0000, FD: 0.5448, Var: 0.0000, Ctx: 3, Train: 79.87%, Valid: 73.32%, Test In: 73.90% Test OOD1: 65.55% Test OOD2: 54.06% Test OOD3: 62.95% 
Epoch: 230, Loss: 2.1704, Cls: 1.0850, Ind: 0.0000, Med: 0.5425, Spu: 0.0000, FD: 0.5429, Var: 0.0000, Ctx: 3, Train: 79.88%, Valid: 73.38%, Test In: 74.16% Test OOD1: 65.95% Test OOD2: 54.00% Test OOD3: 63.02% 
Epoch: 231, Loss: 2.1673, Cls: 1.0834, Ind: 0.0000, Med: 0.5417, Spu: 0.0000, FD: 0.5421, Var: 0.0000, Ctx: 3, Train: 79.85%, Valid: 73.41%, Test In: 74.16% Test OOD1: 66.12% Test OOD2: 53.96% Test OOD3: 63.05% 
Epoch: 232, Loss: 2.1702, Cls: 1.0849, Ind: 0.0000, Med: 0.5425, Spu: 0.0000, FD: 0.5428, Var: 0.0000, Ctx: 3, Train: 80.01%, Valid: 73.23%, Test In: 73.80% Test OOD1: 65.18% Test OOD2: 54.08% Test OOD3: 62.74% 
Epoch: 233, Loss: 2.1694, Cls: 1.0846, Ind: 0.0000, Med: 0.5423, Spu: 0.0000, FD: 0.5424, Var: 0.0000, Ctx: 3, Train: 79.98%, Valid: 73.37%, Test In: 73.82% Test OOD1: 65.77% Test OOD2: 54.04% Test OOD3: 62.97% 
Epoch: 234, Loss: 2.1830, Cls: 1.0914, Ind: 0.0000, Med: 0.5457, Spu: 0.0000, FD: 0.5458, Var: 0.0000, Ctx: 3, Train: 79.97%, Valid: 73.08%, Test In: 73.70% Test OOD1: 64.47% Test OOD2: 54.06% Test OOD3: 62.48% 
Epoch: 235, Loss: 2.2070, Cls: 1.1036, Ind: 0.0000, Med: 0.5521, Spu: 0.0000, FD: 0.5513, Var: 0.0000, Ctx: 3, Train: 79.80%, Valid: 73.51%, Test In: 74.15% Test OOD1: 66.61% Test OOD2: 53.79% Test OOD3: 63.27% 
Epoch: 236, Loss: 2.2477, Cls: 1.1231, Ind: 0.0000, Med: 0.5607, Spu: 0.0000, FD: 0.5638, Var: 0.0000, Ctx: 3, Train: 79.76%, Valid: 72.62%, Test In: 73.36% Test OOD1: 63.53% Test OOD2: 53.99% Test OOD3: 61.84% 
Epoch: 237, Loss: 2.3159, Cls: 1.1581, Ind: 0.0000, Med: 0.5795, Spu: 0.0000, FD: 0.5783, Var: 0.0000, Ctx: 3, Train: 79.98%, Valid: 73.30%, Test In: 73.78% Test OOD1: 65.93% Test OOD2: 53.95% Test OOD3: 62.99% 
Epoch: 238, Loss: 2.2230, Cls: 1.1110, Ind: 0.0000, Med: 0.5550, Spu: 0.0000, FD: 0.5570, Var: 0.0000, Ctx: 3, Train: 80.04%, Valid: 73.23%, Test In: 73.90% Test OOD1: 65.72% Test OOD2: 53.82% Test OOD3: 63.04% 
Epoch: 239, Loss: 2.1731, Cls: 1.0863, Ind: 0.0000, Med: 0.5429, Spu: 0.0000, FD: 0.5439, Var: 0.0000, Ctx: 3, Train: 79.82%, Valid: 73.08%, Test In: 74.09% Test OOD1: 65.34% Test OOD2: 53.79% Test OOD3: 62.95% 
Epoch: 240, Loss: 2.2095, Cls: 1.1049, Ind: 0.0000, Med: 0.5528, Spu: 0.0000, FD: 0.5518, Var: 0.0000, Ctx: 3, Train: 79.36%, Valid: 73.29%, Test In: 74.35% Test OOD1: 66.84% Test OOD2: 53.65% Test OOD3: 63.49% 
Epoch: 241, Loss: 2.2003, Cls: 1.0999, Ind: 0.0000, Med: 0.5498, Spu: 0.0000, FD: 0.5506, Var: 0.0000, Ctx: 3, Train: 79.66%, Valid: 73.28%, Test In: 74.29% Test OOD1: 66.36% Test OOD2: 53.73% Test OOD3: 63.22% 
Epoch: 242, Loss: 2.1743, Cls: 1.0870, Ind: 0.0000, Med: 0.5435, Spu: 0.0000, FD: 0.5438, Var: 0.0000, Ctx: 3, Train: 80.09%, Valid: 73.11%, Test In: 73.88% Test OOD1: 65.06% Test OOD2: 53.89% Test OOD3: 62.66% 
Epoch: 243, Loss: 2.1827, Cls: 1.0913, Ind: 0.0000, Med: 0.5457, Spu: 0.0000, FD: 0.5457, Var: 0.0000, Ctx: 3, Train: 80.19%, Valid: 73.22%, Test In: 73.78% Test OOD1: 65.30% Test OOD2: 53.99% Test OOD3: 62.74% 
Epoch: 244, Loss: 2.1813, Cls: 1.0906, Ind: 0.0000, Med: 0.5454, Spu: 0.0000, FD: 0.5453, Var: 0.0000, Ctx: 3, Train: 80.26%, Valid: 73.25%, Test In: 73.90% Test OOD1: 65.37% Test OOD2: 53.98% Test OOD3: 62.80% 
Epoch: 245, Loss: 2.1694, Cls: 1.0846, Ind: 0.0000, Med: 0.5424, Spu: 0.0000, FD: 0.5423, Var: 0.0000, Ctx: 3, Train: 80.18%, Valid: 73.20%, Test In: 74.09% Test OOD1: 65.21% Test OOD2: 53.91% Test OOD3: 62.79% 
Epoch: 246, Loss: 2.1721, Cls: 1.0856, Ind: 0.0000, Med: 0.5425, Spu: 0.0000, FD: 0.5440, Var: 0.0000, Ctx: 3, Train: 79.96%, Valid: 73.40%, Test In: 74.31% Test OOD1: 66.41% Test OOD2: 53.79% Test OOD3: 63.32% 
Epoch: 247, Loss: 2.1700, Cls: 1.0848, Ind: 0.0000, Med: 0.5423, Spu: 0.0000, FD: 0.5428, Var: 0.0000, Ctx: 3, Train: 80.23%, Valid: 73.29%, Test In: 74.11% Test OOD1: 65.96% Test OOD2: 53.93% Test OOD3: 63.10% 
Epoch: 248, Loss: 2.1529, Cls: 1.0762, Ind: 0.0000, Med: 0.5381, Spu: 0.0000, FD: 0.5385, Var: 0.0000, Ctx: 3, Train: 80.27%, Valid: 73.09%, Test In: 73.73% Test OOD1: 65.07% Test OOD2: 54.12% Test OOD3: 62.71% 
Epoch: 249, Loss: 2.1567, Cls: 1.0781, Ind: 0.0000, Med: 0.5390, Spu: 0.0000, FD: 0.5395, Var: 0.0000, Ctx: 3, Train: 80.23%, Valid: 73.17%, Test In: 73.80% Test OOD1: 65.29% Test OOD2: 54.11% Test OOD3: 62.80% 
Epoch: 250, Loss: 2.1614, Cls: 1.0808, Ind: 0.0000, Med: 0.5410, Spu: 0.0000, FD: 0.5397, Var: 0.0000, Ctx: 3, Train: 80.35%, Valid: 73.14%, Test In: 73.84% Test OOD1: 64.84% Test OOD2: 54.06% Test OOD3: 62.62% 
Epoch: 251, Loss: 2.1525, Cls: 1.0757, Ind: 0.0000, Med: 0.5377, Spu: 0.0000, FD: 0.5391, Var: 0.0000, Ctx: 3, Train: 80.26%, Valid: 73.41%, Test In: 74.09% Test OOD1: 65.96% Test OOD2: 53.89% Test OOD3: 63.08% 
Epoch: 252, Loss: 2.1546, Cls: 1.0769, Ind: 0.0000, Med: 0.5385, Spu: 0.0000, FD: 0.5391, Var: 0.0000, Ctx: 3, Train: 80.41%, Valid: 73.26%, Test In: 73.85% Test OOD1: 65.56% Test OOD2: 53.96% Test OOD3: 62.82% 
Epoch: 253, Loss: 2.1485, Cls: 1.0738, Ind: 0.0000, Med: 0.5368, Spu: 0.0000, FD: 0.5379, Var: 0.0000, Ctx: 3, Train: 80.44%, Valid: 73.16%, Test In: 73.63% Test OOD1: 65.29% Test OOD2: 54.01% Test OOD3: 62.71% 
Epoch: 254, Loss: 2.1438, Cls: 1.0717, Ind: 0.0000, Med: 0.5358, Spu: 0.0000, FD: 0.5364, Var: 0.0000, Ctx: 3, Train: 80.47%, Valid: 72.95%, Test In: 73.49% Test OOD1: 64.60% Test OOD2: 53.97% Test OOD3: 62.46% 
Epoch: 255, Loss: 2.1426, Cls: 1.0711, Ind: 0.0000, Med: 0.5356, Spu: 0.0000, FD: 0.5359, Var: 0.0000, Ctx: 3, Train: 80.51%, Valid: 73.00%, Test In: 73.64% Test OOD1: 64.66% Test OOD2: 53.85% Test OOD3: 62.49% 
Epoch: 256, Loss: 2.1386, Cls: 1.0692, Ind: 0.0000, Med: 0.5347, Spu: 0.0000, FD: 0.5346, Var: 0.0000, Ctx: 3, Train: 80.59%, Valid: 73.15%, Test In: 73.76% Test OOD1: 65.39% Test OOD2: 53.76% Test OOD3: 62.73% 
Epoch: 257, Loss: 2.1368, Cls: 1.0681, Ind: 0.0000, Med: 0.5339, Spu: 0.0000, FD: 0.5348, Var: 0.0000, Ctx: 3, Train: 80.65%, Valid: 72.99%, Test In: 73.50% Test OOD1: 65.05% Test OOD2: 53.73% Test OOD3: 62.52% 
Epoch: 258, Loss: 2.1392, Cls: 1.0695, Ind: 0.0000, Med: 0.5352, Spu: 0.0000, FD: 0.5345, Var: 0.0000, Ctx: 3, Train: 80.69%, Valid: 73.04%, Test In: 73.46% Test OOD1: 65.16% Test OOD2: 53.66% Test OOD3: 62.58% 
Epoch: 259, Loss: 2.1420, Cls: 1.0702, Ind: 0.0000, Med: 0.5346, Spu: 0.0000, FD: 0.5373, Var: 0.0000, Ctx: 3, Train: 80.63%, Valid: 72.45%, Test In: 72.92% Test OOD1: 63.38% Test OOD2: 53.69% Test OOD3: 61.74% 
Epoch: 260, Loss: 2.1613, Cls: 1.0809, Ind: 0.0000, Med: 0.5414, Spu: 0.0000, FD: 0.5390, Var: 0.0000, Ctx: 3, Train: 80.64%, Valid: 73.11%, Test In: 73.50% Test OOD1: 65.24% Test OOD2: 53.69% Test OOD3: 62.54% 
Epoch: 261, Loss: 2.1894, Cls: 1.0936, Ind: 0.0000, Med: 0.5458, Spu: 0.0000, FD: 0.5500, Var: 0.0000, Ctx: 3, Train: 80.65%, Valid: 72.42%, Test In: 73.03% Test OOD1: 63.54% Test OOD2: 53.66% Test OOD3: 61.77% 
Epoch: 262, Loss: 2.2462, Cls: 1.1231, Ind: 0.0000, Med: 0.5619, Spu: 0.0000, FD: 0.5611, Var: 0.0000, Ctx: 3, Train: 80.31%, Valid: 73.19%, Test In: 73.81% Test OOD1: 66.22% Test OOD2: 53.42% Test OOD3: 63.10% 
Epoch: 263, Loss: 2.2262, Cls: 1.1128, Ind: 0.0000, Med: 0.5561, Spu: 0.0000, FD: 0.5572, Var: 0.0000, Ctx: 3, Train: 80.72%, Valid: 72.40%, Test In: 73.04% Test OOD1: 63.80% Test OOD2: 53.69% Test OOD3: 61.87% 
Epoch: 264, Loss: 2.1818, Cls: 1.0905, Ind: 0.0000, Med: 0.5449, Spu: 0.0000, FD: 0.5463, Var: 0.0000, Ctx: 3, Train: 80.68%, Valid: 72.54%, Test In: 73.27% Test OOD1: 64.17% Test OOD2: 53.76% Test OOD3: 62.07% 
Epoch: 265, Loss: 2.1516, Cls: 1.0755, Ind: 0.0000, Med: 0.5376, Spu: 0.0000, FD: 0.5385, Var: 0.0000, Ctx: 3, Train: 80.68%, Valid: 73.06%, Test In: 73.89% Test OOD1: 65.68% Test OOD2: 53.56% Test OOD3: 62.91% 
Epoch: 266, Loss: 2.1862, Cls: 1.0931, Ind: 0.0000, Med: 0.5468, Spu: 0.0000, FD: 0.5463, Var: 0.0000, Ctx: 3, Train: 80.62%, Valid: 72.75%, Test In: 73.68% Test OOD1: 64.81% Test OOD2: 53.63% Test OOD3: 62.48% 
Epoch: 267, Loss: 2.1681, Cls: 1.0835, Ind: 0.0000, Med: 0.5413, Spu: 0.0000, FD: 0.5433, Var: 0.0000, Ctx: 3, Train: 80.49%, Valid: 73.01%, Test In: 73.79% Test OOD1: 65.82% Test OOD2: 53.63% Test OOD3: 62.85% 
Epoch: 268, Loss: 2.1404, Cls: 1.0700, Ind: 0.0000, Med: 0.5348, Spu: 0.0000, FD: 0.5356, Var: 0.0000, Ctx: 3, Train: 80.50%, Valid: 73.19%, Test In: 73.80% Test OOD1: 66.20% Test OOD2: 53.58% Test OOD3: 63.04% 
Epoch: 269, Loss: 2.1742, Cls: 1.0873, Ind: 0.0000, Med: 0.5441, Spu: 0.0000, FD: 0.5428, Var: 0.0000, Ctx: 3, Train: 80.88%, Valid: 72.48%, Test In: 73.14% Test OOD1: 63.72% Test OOD2: 53.83% Test OOD3: 61.84% 
Epoch: 270, Loss: 2.1700, Cls: 1.0846, Ind: 0.0000, Med: 0.5420, Spu: 0.0000, FD: 0.5433, Var: 0.0000, Ctx: 3, Train: 80.84%, Valid: 72.58%, Test In: 73.21% Test OOD1: 63.96% Test OOD2: 53.86% Test OOD3: 62.04% 
Epoch: 271, Loss: 2.1399, Cls: 1.0699, Ind: 0.0000, Med: 0.5351, Spu: 0.0000, FD: 0.5349, Var: 0.0000, Ctx: 3, Train: 80.91%, Valid: 73.00%, Test In: 73.62% Test OOD1: 65.38% Test OOD2: 53.71% Test OOD3: 62.75% 
Epoch: 272, Loss: 2.1529, Cls: 1.0764, Ind: 0.0000, Med: 0.5383, Spu: 0.0000, FD: 0.5381, Var: 0.0000, Ctx: 3, Train: 80.81%, Valid: 72.89%, Test In: 73.63% Test OOD1: 65.08% Test OOD2: 53.75% Test OOD3: 62.64% 
Epoch: 273, Loss: 2.1737, Cls: 1.0866, Ind: 0.0000, Med: 0.5431, Spu: 0.0000, FD: 0.5440, Var: 0.0000, Ctx: 3, Train: 80.57%, Valid: 73.18%, Test In: 73.88% Test OOD1: 66.26% Test OOD2: 53.63% Test OOD3: 63.10% 
Epoch: 274, Loss: 2.1463, Cls: 1.0731, Ind: 0.0000, Med: 0.5367, Spu: 0.0000, FD: 0.5366, Var: 0.0000, Ctx: 3, Train: 80.86%, Valid: 73.03%, Test In: 73.64% Test OOD1: 65.41% Test OOD2: 53.77% Test OOD3: 62.69% 
Epoch: 275, Loss: 2.1236, Cls: 1.0617, Ind: 0.0000, Med: 0.5309, Spu: 0.0000, FD: 0.5310, Var: 0.0000, Ctx: 3, Train: 80.97%, Valid: 72.41%, Test In: 73.12% Test OOD1: 63.78% Test OOD2: 53.71% Test OOD3: 62.10% 
Epoch: 276, Loss: 2.1403, Cls: 1.0699, Ind: 0.0000, Med: 0.5348, Spu: 0.0000, FD: 0.5355, Var: 0.0000, Ctx: 3, Train: 80.96%, Valid: 72.68%, Test In: 73.28% Test OOD1: 64.59% Test OOD2: 53.64% Test OOD3: 62.53% 
Epoch: 277, Loss: 2.1392, Cls: 1.0694, Ind: 0.0000, Med: 0.5345, Spu: 0.0000, FD: 0.5353, Var: 0.0000, Ctx: 3, Train: 81.20%, Valid: 72.93%, Test In: 73.55% Test OOD1: 64.99% Test OOD2: 53.68% Test OOD3: 62.67% 
Epoch: 278, Loss: 2.1097, Cls: 1.0546, Ind: 0.0000, Med: 0.5272, Spu: 0.0000, FD: 0.5278, Var: 0.0000, Ctx: 3, Train: 80.96%, Valid: 72.98%, Test In: 73.66% Test OOD1: 65.18% Test OOD2: 53.70% Test OOD3: 62.67% 
Epoch: 279, Loss: 2.1294, Cls: 1.0646, Ind: 0.0000, Med: 0.5323, Spu: 0.0000, FD: 0.5325, Var: 0.0000, Ctx: 3, Train: 80.99%, Valid: 73.14%, Test In: 73.75% Test OOD1: 65.68% Test OOD2: 53.54% Test OOD3: 62.95% 
Epoch: 280, Loss: 2.1305, Cls: 1.0650, Ind: 0.0000, Med: 0.5323, Spu: 0.0000, FD: 0.5333, Var: 0.0000, Ctx: 3, Train: 81.24%, Valid: 72.39%, Test In: 72.94% Test OOD1: 63.63% Test OOD2: 53.57% Test OOD3: 62.02% 
Epoch: 281, Loss: 2.1247, Cls: 1.0625, Ind: 0.0000, Med: 0.5317, Spu: 0.0000, FD: 0.5306, Var: 0.0000, Ctx: 3, Train: 81.17%, Valid: 72.42%, Test In: 72.89% Test OOD1: 63.77% Test OOD2: 53.56% Test OOD3: 62.06% 
Epoch: 282, Loss: 2.1211, Cls: 1.0603, Ind: 0.0000, Med: 0.5300, Spu: 0.0000, FD: 0.5307, Var: 0.0000, Ctx: 3, Train: 81.36%, Valid: 72.57%, Test In: 73.12% Test OOD1: 63.94% Test OOD2: 53.50% Test OOD3: 62.14% 
Epoch: 283, Loss: 2.1015, Cls: 1.0506, Ind: 0.0000, Med: 0.5255, Spu: 0.0000, FD: 0.5253, Var: 0.0000, Ctx: 3, Train: 81.26%, Valid: 72.87%, Test In: 73.37% Test OOD1: 64.88% Test OOD2: 53.48% Test OOD3: 62.53% 
Epoch: 284, Loss: 2.1064, Cls: 1.0530, Ind: 0.0000, Med: 0.5265, Spu: 0.0000, FD: 0.5268, Var: 0.0000, Ctx: 3, Train: 81.25%, Valid: 72.91%, Test In: 73.32% Test OOD1: 65.10% Test OOD2: 53.46% Test OOD3: 62.62% 
Epoch: 285, Loss: 2.1081, Cls: 1.0537, Ind: 0.0000, Med: 0.5267, Spu: 0.0000, FD: 0.5276, Var: 0.0000, Ctx: 3, Train: 81.46%, Valid: 72.32%, Test In: 72.83% Test OOD1: 63.57% Test OOD2: 53.50% Test OOD3: 61.92% 
Epoch: 286, Loss: 2.1065, Cls: 1.0533, Ind: 0.0000, Med: 0.5269, Spu: 0.0000, FD: 0.5263, Var: 0.0000, Ctx: 3, Train: 81.40%, Valid: 72.31%, Test In: 72.78% Test OOD1: 63.82% Test OOD2: 53.40% Test OOD3: 62.08% 
Epoch: 287, Loss: 2.1147, Cls: 1.0572, Ind: 0.0000, Med: 0.5286, Spu: 0.0000, FD: 0.5289, Var: 0.0000, Ctx: 3, Train: 81.44%, Valid: 72.21%, Test In: 72.72% Test OOD1: 63.71% Test OOD2: 53.39% Test OOD3: 61.98% 
Epoch: 288, Loss: 2.1114, Cls: 1.0556, Ind: 0.0000, Med: 0.5279, Spu: 0.0000, FD: 0.5279, Var: 0.0000, Ctx: 3, Train: 81.30%, Valid: 72.86%, Test In: 73.35% Test OOD1: 65.24% Test OOD2: 53.45% Test OOD3: 62.63% 
Epoch: 289, Loss: 2.1177, Cls: 1.0587, Ind: 0.0000, Med: 0.5294, Spu: 0.0000, FD: 0.5295, Var: 0.0000, Ctx: 3, Train: 81.44%, Valid: 72.52%, Test In: 73.10% Test OOD1: 64.19% Test OOD2: 53.49% Test OOD3: 62.11% 
Epoch: 290, Loss: 2.1222, Cls: 1.0608, Ind: 0.0000, Med: 0.5302, Spu: 0.0000, FD: 0.5312, Var: 0.0000, Ctx: 3, Train: 81.51%, Valid: 72.56%, Test In: 72.98% Test OOD1: 64.64% Test OOD2: 53.36% Test OOD3: 62.34% 
Epoch: 291, Loss: 2.1121, Cls: 1.0560, Ind: 0.0000, Med: 0.5281, Spu: 0.0000, FD: 0.5281, Var: 0.0000, Ctx: 3, Train: 81.52%, Valid: 71.80%, Test In: 72.17% Test OOD1: 63.17% Test OOD2: 53.44% Test OOD3: 61.52% 
Epoch: 292, Loss: 2.1120, Cls: 1.0558, Ind: 0.0000, Med: 0.5279, Spu: 0.0000, FD: 0.5283, Var: 0.0000, Ctx: 3, Train: 81.50%, Valid: 72.44%, Test In: 72.92% Test OOD1: 64.04% Test OOD2: 53.52% Test OOD3: 61.97% 
Epoch: 293, Loss: 2.1020, Cls: 1.0510, Ind: 0.0000, Med: 0.5256, Spu: 0.0000, FD: 0.5255, Var: 0.0000, Ctx: 3, Train: 81.52%, Valid: 72.61%, Test In: 73.27% Test OOD1: 64.47% Test OOD2: 53.40% Test OOD3: 62.29% 
Epoch: 294, Loss: 2.0932, Cls: 1.0464, Ind: 0.0000, Med: 0.5232, Spu: 0.0000, FD: 0.5235, Var: 0.0000, Ctx: 3, Train: 81.39%, Valid: 72.60%, Test In: 73.06% Test OOD1: 65.03% Test OOD2: 53.37% Test OOD3: 62.48% 
Epoch: 295, Loss: 2.0955, Cls: 1.0476, Ind: 0.0000, Med: 0.5238, Spu: 0.0000, FD: 0.5240, Var: 0.0000, Ctx: 3, Train: 81.62%, Valid: 72.31%, Test In: 72.74% Test OOD1: 64.32% Test OOD2: 53.58% Test OOD3: 62.11% 
Epoch: 296, Loss: 2.0874, Cls: 1.0436, Ind: 0.0000, Med: 0.5219, Spu: 0.0000, FD: 0.5219, Var: 0.0000, Ctx: 3, Train: 81.52%, Valid: 71.81%, Test In: 72.54% Test OOD1: 62.96% Test OOD2: 53.39% Test OOD3: 61.63% 
Epoch: 297, Loss: 2.0937, Cls: 1.0468, Ind: 0.0000, Med: 0.5235, Spu: 0.0000, FD: 0.5233, Var: 0.0000, Ctx: 3, Train: 81.79%, Valid: 72.31%, Test In: 72.98% Test OOD1: 64.02% Test OOD2: 53.39% Test OOD3: 62.14% 
Epoch: 298, Loss: 2.0858, Cls: 1.0427, Ind: 0.0000, Med: 0.5213, Spu: 0.0000, FD: 0.5218, Var: 0.0000, Ctx: 3, Train: 81.68%, Valid: 72.30%, Test In: 72.72% Test OOD1: 64.39% Test OOD2: 53.44% Test OOD3: 62.14% 
Epoch: 299, Loss: 2.1065, Cls: 1.0531, Ind: 0.0000, Med: 0.5265, Spu: 0.0000, FD: 0.5269, Var: 0.0000, Ctx: 3, Train: 81.58%, Valid: 72.76%, Test In: 73.18% Test OOD1: 65.23% Test OOD2: 53.28% Test OOD3: 62.61% 
Epoch: 300, Loss: 2.1392, Cls: 1.0694, Ind: 0.0000, Med: 0.5345, Spu: 0.0000, FD: 0.5353, Var: 0.0000, Ctx: 3, Train: 81.33%, Valid: 70.99%, Test In: 71.72% Test OOD1: 61.80% Test OOD2: 53.16% Test OOD3: 60.84% 
Epoch: 301, Loss: 2.2865, Cls: 1.1434, Ind: 0.0000, Med: 0.5722, Spu: 0.0000, FD: 0.5709, Var: 0.0000, Ctx: 3, Train: 81.65%, Valid: 72.49%, Test In: 72.98% Test OOD1: 64.65% Test OOD2: 53.45% Test OOD3: 62.32% 
Epoch: 302, Loss: 2.2902, Cls: 1.1446, Ind: 0.0000, Med: 0.5717, Spu: 0.0000, FD: 0.5738, Var: 0.0000, Ctx: 3, Train: 81.61%, Valid: 71.72%, Test In: 72.48% Test OOD1: 63.22% Test OOD2: 53.27% Test OOD3: 61.67% 
Epoch: 303, Loss: 2.1985, Cls: 1.0990, Ind: 0.0000, Med: 0.5495, Spu: 0.0000, FD: 0.5499, Var: 0.0000, Ctx: 3, Train: 80.94%, Valid: 72.45%, Test In: 73.28% Test OOD1: 64.79% Test OOD2: 53.26% Test OOD3: 62.63% 
Epoch: 304, Loss: 2.1288, Cls: 1.0640, Ind: 0.0000, Med: 0.5318, Spu: 0.0000, FD: 0.5329, Var: 0.0000, Ctx: 3, Train: 80.21%, Valid: 72.74%, Test In: 73.52% Test OOD1: 66.06% Test OOD2: 53.06% Test OOD3: 63.26% 
Epoch: 305, Loss: 2.2514, Cls: 1.1255, Ind: 0.0000, Med: 0.5628, Spu: 0.0000, FD: 0.5631, Var: 0.0000, Ctx: 3, Train: 81.08%, Valid: 72.01%, Test In: 72.68% Test OOD1: 64.00% Test OOD2: 53.52% Test OOD3: 61.97% 
Epoch: 306, Loss: 2.1852, Cls: 1.0923, Ind: 0.0000, Med: 0.5459, Spu: 0.0000, FD: 0.5470, Var: 0.0000, Ctx: 3, Train: 81.08%, Valid: 71.74%, Test In: 72.44% Test OOD1: 63.43% Test OOD2: 53.60% Test OOD3: 61.55% 
Epoch: 307, Loss: 2.1872, Cls: 1.0934, Ind: 0.0000, Med: 0.5466, Spu: 0.0000, FD: 0.5471, Var: 0.0000, Ctx: 3, Train: 81.66%, Valid: 72.29%, Test In: 73.11% Test OOD1: 64.37% Test OOD2: 53.38% Test OOD3: 62.34% 
Epoch: 308, Loss: 2.1698, Cls: 1.0845, Ind: 0.0000, Med: 0.5420, Spu: 0.0000, FD: 0.5433, Var: 0.0000, Ctx: 3, Train: 81.14%, Valid: 72.24%, Test In: 73.16% Test OOD1: 64.40% Test OOD2: 53.08% Test OOD3: 62.46% 
Epoch: 309, Loss: 2.1469, Cls: 1.0730, Ind: 0.0000, Med: 0.5363, Spu: 0.0000, FD: 0.5375, Var: 0.0000, Ctx: 3, Train: 81.38%, Valid: 72.37%, Test In: 73.23% Test OOD1: 64.23% Test OOD2: 53.40% Test OOD3: 62.23% 
Epoch: 310, Loss: 2.1526, Cls: 1.0754, Ind: 0.0000, Med: 0.5369, Spu: 0.0000, FD: 0.5403, Var: 0.0000, Ctx: 3, Train: 81.12%, Valid: 72.85%, Test In: 73.51% Test OOD1: 65.57% Test OOD2: 53.60% Test OOD3: 62.76% 
Epoch: 311, Loss: 2.1241, Cls: 1.0609, Ind: 0.0000, Med: 0.5295, Spu: 0.0000, FD: 0.5337, Var: 0.0000, Ctx: 3, Train: 80.76%, Valid: 72.98%, Test In: 73.48% Test OOD1: 66.11% Test OOD2: 53.59% Test OOD3: 63.11% 
Epoch: 312, Loss: 2.1707, Cls: 1.0851, Ind: 0.0000, Med: 0.5428, Spu: 0.0000, FD: 0.5428, Var: 0.0000, Ctx: 3, Train: 81.57%, Valid: 72.57%, Test In: 73.37% Test OOD1: 64.39% Test OOD2: 53.89% Test OOD3: 62.40% 
Epoch: 313, Loss: 2.1092, Cls: 1.0539, Ind: 0.0000, Med: 0.5264, Spu: 0.0000, FD: 0.5288, Var: 0.0000, Ctx: 3, Train: 81.31%, Valid: 71.73%, Test In: 72.86% Test OOD1: 62.88% Test OOD2: 53.64% Test OOD3: 61.99% 
Epoch: 314, Loss: 2.1173, Cls: 1.0584, Ind: 0.0000, Med: 0.5290, Spu: 0.0000, FD: 0.5299, Var: 0.0000, Ctx: 3, Train: 81.20%, Valid: 71.94%, Test In: 72.95% Test OOD1: 63.82% Test OOD2: 53.49% Test OOD3: 62.45% 
Epoch: 315, Loss: 2.1360, Cls: 1.0682, Ind: 0.0000, Med: 0.5348, Spu: 0.0000, FD: 0.5330, Var: 0.0000, Ctx: 3, Train: 81.64%, Valid: 72.32%, Test In: 73.23% Test OOD1: 64.69% Test OOD2: 53.63% Test OOD3: 62.73% 
Epoch: 316, Loss: 2.0876, Cls: 1.0434, Ind: 0.0000, Med: 0.5216, Spu: 0.0000, FD: 0.5227, Var: 0.0000, Ctx: 3, Train: 81.52%, Valid: 72.67%, Test In: 73.42% Test OOD1: 65.18% Test OOD2: 53.70% Test OOD3: 62.85% 
Epoch: 317, Loss: 2.1081, Cls: 1.0533, Ind: 0.0000, Med: 0.5261, Spu: 0.0000, FD: 0.5286, Var: 0.0000, Ctx: 3, Train: 81.41%, Valid: 72.98%, Test In: 73.76% Test OOD1: 65.73% Test OOD2: 53.38% Test OOD3: 63.15% 
Epoch: 318, Loss: 2.1061, Cls: 1.0526, Ind: 0.0000, Med: 0.5263, Spu: 0.0000, FD: 0.5272, Var: 0.0000, Ctx: 3, Train: 81.64%, Valid: 72.68%, Test In: 73.61% Test OOD1: 64.57% Test OOD2: 53.29% Test OOD3: 62.64% 
Epoch: 319, Loss: 2.0851, Cls: 1.0418, Ind: 0.0000, Med: 0.5207, Spu: 0.0000, FD: 0.5226, Var: 0.0000, Ctx: 3, Train: 81.97%, Valid: 71.96%, Test In: 72.72% Test OOD1: 63.32% Test OOD2: 53.21% Test OOD3: 61.89% 
Epoch: 320, Loss: 2.0864, Cls: 1.0426, Ind: 0.0000, Med: 0.5212, Spu: 0.0000, FD: 0.5226, Var: 0.0000, Ctx: 3, Train: 81.70%, Valid: 71.86%, Test In: 72.37% Test OOD1: 63.65% Test OOD2: 53.33% Test OOD3: 61.99% 
Epoch: 321, Loss: 2.0967, Cls: 1.0477, Ind: 0.0000, Med: 0.5234, Spu: 0.0000, FD: 0.5255, Var: 0.0000, Ctx: 3, Train: 82.01%, Valid: 72.10%, Test In: 72.62% Test OOD1: 63.66% Test OOD2: 53.30% Test OOD3: 61.99% 
Epoch: 322, Loss: 2.0714, Cls: 1.0355, Ind: 0.0000, Med: 0.5177, Spu: 0.0000, FD: 0.5182, Var: 0.0000, Ctx: 3, Train: 81.93%, Valid: 72.42%, Test In: 73.11% Test OOD1: 63.58% Test OOD2: 53.28% Test OOD3: 62.11% 
Epoch: 323, Loss: 2.0787, Cls: 1.0394, Ind: 0.0000, Med: 0.5202, Spu: 0.0000, FD: 0.5191, Var: 0.0000, Ctx: 3, Train: 81.77%, Valid: 72.67%, Test In: 73.39% Test OOD1: 64.37% Test OOD2: 53.19% Test OOD3: 62.58% 
Epoch: 324, Loss: 2.0864, Cls: 1.0425, Ind: 0.0000, Med: 0.5207, Spu: 0.0000, FD: 0.5232, Var: 0.0000, Ctx: 3, Train: 82.10%, Valid: 72.20%, Test In: 72.73% Test OOD1: 63.89% Test OOD2: 53.25% Test OOD3: 62.17% 
Epoch: 325, Loss: 2.0675, Cls: 1.0336, Ind: 0.0000, Med: 0.5171, Spu: 0.0000, FD: 0.5168, Var: 0.0000, Ctx: 3, Train: 82.03%, Valid: 71.71%, Test In: 72.40% Test OOD1: 63.37% Test OOD2: 53.28% Test OOD3: 61.92% 
Epoch: 326, Loss: 2.0681, Cls: 1.0337, Ind: 0.0000, Med: 0.5169, Spu: 0.0000, FD: 0.5175, Var: 0.0000, Ctx: 3, Train: 82.08%, Valid: 71.44%, Test In: 72.30% Test OOD1: 62.70% Test OOD2: 53.03% Test OOD3: 61.70% 
Epoch: 327, Loss: 2.0653, Cls: 1.0322, Ind: 0.0000, Med: 0.5161, Spu: 0.0000, FD: 0.5170, Var: 0.0000, Ctx: 3, Train: 82.20%, Valid: 71.70%, Test In: 72.55% Test OOD1: 62.90% Test OOD2: 53.01% Test OOD3: 61.77% 
Epoch: 328, Loss: 2.0611, Cls: 1.0302, Ind: 0.0000, Med: 0.5152, Spu: 0.0000, FD: 0.5156, Var: 0.0000, Ctx: 3, Train: 82.23%, Valid: 72.34%, Test In: 72.92% Test OOD1: 64.21% Test OOD2: 53.09% Test OOD3: 62.25% 
Epoch: 329, Loss: 2.0584, Cls: 1.0287, Ind: 0.0000, Med: 0.5140, Spu: 0.0000, FD: 0.5157, Var: 0.0000, Ctx: 3, Train: 82.18%, Valid: 72.13%, Test In: 72.58% Test OOD1: 63.98% Test OOD2: 53.16% Test OOD3: 62.00% 
Epoch: 330, Loss: 2.0592, Cls: 1.0293, Ind: 0.0000, Med: 0.5146, Spu: 0.0000, FD: 0.5153, Var: 0.0000, Ctx: 3, Train: 82.44%, Valid: 71.84%, Test In: 72.42% Test OOD1: 63.31% Test OOD2: 53.04% Test OOD3: 61.72% 
Epoch: 331, Loss: 2.0448, Cls: 1.0223, Ind: 0.0000, Med: 0.5113, Spu: 0.0000, FD: 0.5112, Var: 0.0000, Ctx: 3, Train: 82.28%, Valid: 71.48%, Test In: 72.16% Test OOD1: 62.67% Test OOD2: 52.96% Test OOD3: 61.47% 
Epoch: 332, Loss: 2.0553, Cls: 1.0276, Ind: 0.0000, Med: 0.5140, Spu: 0.0000, FD: 0.5137, Var: 0.0000, Ctx: 3, Train: 82.47%, Valid: 71.60%, Test In: 72.22% Test OOD1: 63.02% Test OOD2: 53.16% Test OOD3: 61.50% 
Epoch: 333, Loss: 2.0468, Cls: 1.0233, Ind: 0.0000, Med: 0.5117, Spu: 0.0000, FD: 0.5119, Var: 0.0000, Ctx: 3, Train: 82.42%, Valid: 72.01%, Test In: 72.56% Test OOD1: 63.97% Test OOD2: 53.14% Test OOD3: 61.95% 
Epoch: 334, Loss: 2.0459, Cls: 1.0228, Ind: 0.0000, Med: 0.5114, Spu: 0.0000, FD: 0.5117, Var: 0.0000, Ctx: 3, Train: 82.46%, Valid: 72.02%, Test In: 72.64% Test OOD1: 63.88% Test OOD2: 53.00% Test OOD3: 61.97% 
Epoch: 335, Loss: 2.0440, Cls: 1.0217, Ind: 0.0000, Med: 0.5108, Spu: 0.0000, FD: 0.5114, Var: 0.0000, Ctx: 3, Train: 82.58%, Valid: 71.76%, Test In: 72.39% Test OOD1: 63.35% Test OOD2: 53.00% Test OOD3: 61.74% 
Epoch: 336, Loss: 2.0379, Cls: 1.0187, Ind: 0.0000, Med: 0.5094, Spu: 0.0000, FD: 0.5098, Var: 0.0000, Ctx: 3, Train: 82.57%, Valid: 71.59%, Test In: 72.12% Test OOD1: 63.27% Test OOD2: 53.05% Test OOD3: 61.64% 
Epoch: 337, Loss: 2.0425, Cls: 1.0211, Ind: 0.0000, Med: 0.5107, Spu: 0.0000, FD: 0.5107, Var: 0.0000, Ctx: 3, Train: 82.61%, Valid: 71.17%, Test In: 71.68% Test OOD1: 62.88% Test OOD2: 52.87% Test OOD3: 61.32% 
Epoch: 338, Loss: 2.0457, Cls: 1.0227, Ind: 0.0000, Med: 0.5115, Spu: 0.0000, FD: 0.5114, Var: 0.0000, Ctx: 3, Train: 82.61%, Valid: 71.90%, Test In: 72.41% Test OOD1: 63.67% Test OOD2: 52.83% Test OOD3: 61.84% 
Epoch: 339, Loss: 2.0549, Cls: 1.0273, Ind: 0.0000, Med: 0.5136, Spu: 0.0000, FD: 0.5140, Var: 0.0000, Ctx: 3, Train: 82.59%, Valid: 71.29%, Test In: 71.75% Test OOD1: 62.86% Test OOD2: 52.98% Test OOD3: 61.21% 
Epoch: 340, Loss: 2.0921, Cls: 1.0461, Ind: 0.0000, Med: 0.5234, Spu: 0.0000, FD: 0.5225, Var: 0.0000, Ctx: 3, Train: 82.61%, Valid: 71.99%, Test In: 72.52% Test OOD1: 63.96% Test OOD2: 52.88% Test OOD3: 61.94% 
Epoch: 341, Loss: 2.1213, Cls: 1.0602, Ind: 0.0000, Med: 0.5297, Spu: 0.0000, FD: 0.5313, Var: 0.0000, Ctx: 3, Train: 82.32%, Valid: 70.24%, Test In: 70.84% Test OOD1: 61.66% Test OOD2: 52.75% Test OOD3: 60.52% 
Epoch: 342, Loss: 2.2025, Cls: 1.1014, Ind: 0.0000, Med: 0.5512, Spu: 0.0000, FD: 0.5498, Var: 0.0000, Ctx: 3, Train: 82.69%, Valid: 71.91%, Test In: 72.45% Test OOD1: 63.62% Test OOD2: 52.98% Test OOD3: 61.83% 
Epoch: 343, Loss: 2.0820, Cls: 1.0408, Ind: 0.0000, Med: 0.5202, Spu: 0.0000, FD: 0.5211, Var: 0.0000, Ctx: 3, Train: 82.65%, Valid: 71.98%, Test In: 72.46% Test OOD1: 63.74% Test OOD2: 53.01% Test OOD3: 61.82% 
Epoch: 344, Loss: 2.0428, Cls: 1.0213, Ind: 0.0000, Med: 0.5107, Spu: 0.0000, FD: 0.5108, Var: 0.0000, Ctx: 3, Train: 82.49%, Valid: 71.54%, Test In: 72.02% Test OOD1: 63.14% Test OOD2: 52.98% Test OOD3: 61.35% 
Epoch: 345, Loss: 2.0963, Cls: 1.0480, Ind: 0.0000, Med: 0.5241, Spu: 0.0000, FD: 0.5241, Var: 0.0000, Ctx: 3, Train: 82.42%, Valid: 72.02%, Test In: 72.63% Test OOD1: 63.88% Test OOD2: 52.81% Test OOD3: 61.93% 
Epoch: 346, Loss: 2.0568, Cls: 1.0283, Ind: 0.0000, Med: 0.5142, Spu: 0.0000, FD: 0.5144, Var: 0.0000, Ctx: 3, Train: 82.75%, Valid: 71.87%, Test In: 72.45% Test OOD1: 63.54% Test OOD2: 52.99% Test OOD3: 61.68% 
Epoch: 347, Loss: 2.0411, Cls: 1.0204, Ind: 0.0000, Med: 0.5102, Spu: 0.0000, FD: 0.5104, Var: 0.0000, Ctx: 3, Train: 82.74%, Valid: 71.17%, Test In: 71.85% Test OOD1: 62.50% Test OOD2: 53.05% Test OOD3: 61.10% 
Epoch: 348, Loss: 2.0638, Cls: 1.0318, Ind: 0.0000, Med: 0.5159, Spu: 0.0000, FD: 0.5161, Var: 0.0000, Ctx: 3, Train: 82.80%, Valid: 71.72%, Test In: 72.44% Test OOD1: 63.36% Test OOD2: 52.88% Test OOD3: 61.71% 
Epoch: 349, Loss: 2.0318, Cls: 1.0157, Ind: 0.0000, Med: 0.5078, Spu: 0.0000, FD: 0.5083, Var: 0.0000, Ctx: 3, Train: 82.79%, Valid: 72.02%, Test In: 72.66% Test OOD1: 63.92% Test OOD2: 52.97% Test OOD3: 61.97% 
Epoch: 350, Loss: 2.0283, Cls: 1.0139, Ind: 0.0000, Med: 0.5069, Spu: 0.0000, FD: 0.5074, Var: 0.0000, Ctx: 3, Train: 82.77%, Valid: 71.70%, Test In: 72.35% Test OOD1: 63.45% Test OOD2: 53.23% Test OOD3: 61.65% 
Epoch: 351, Loss: 2.0585, Cls: 1.0289, Ind: 0.0000, Med: 0.5142, Spu: 0.0000, FD: 0.5155, Var: 0.0000, Ctx: 3, Train: 82.83%, Valid: 72.06%, Test In: 72.75% Test OOD1: 63.90% Test OOD2: 53.02% Test OOD3: 62.05% 
Epoch: 352, Loss: 2.0567, Cls: 1.0283, Ind: 0.0000, Med: 0.5143, Spu: 0.0000, FD: 0.5141, Var: 0.0000, Ctx: 3, Train: 82.86%, Valid: 70.99%, Test In: 71.72% Test OOD1: 62.68% Test OOD2: 52.89% Test OOD3: 61.22% 
Epoch: 353, Loss: 2.0502, Cls: 1.0249, Ind: 0.0000, Med: 0.5124, Spu: 0.0000, FD: 0.5128, Var: 0.0000, Ctx: 3, Train: 82.94%, Valid: 71.66%, Test In: 72.25% Test OOD1: 63.53% Test OOD2: 52.93% Test OOD3: 61.67% 
Epoch: 354, Loss: 2.0234, Cls: 1.0117, Ind: 0.0000, Med: 0.5060, Spu: 0.0000, FD: 0.5057, Var: 0.0000, Ctx: 3, Train: 82.94%, Valid: 71.82%, Test In: 72.36% Test OOD1: 63.31% Test OOD2: 52.83% Test OOD3: 61.64% 
Epoch: 355, Loss: 2.0160, Cls: 1.0079, Ind: 0.0000, Med: 0.5041, Spu: 0.0000, FD: 0.5039, Var: 0.0000, Ctx: 3, Train: 83.07%, Valid: 71.51%, Test In: 71.95% Test OOD1: 62.97% Test OOD2: 52.77% Test OOD3: 61.34% 
Epoch: 356, Loss: 2.0239, Cls: 1.0118, Ind: 0.0000, Med: 0.5059, Spu: 0.0000, FD: 0.5063, Var: 0.0000, Ctx: 3, Train: 83.01%, Valid: 71.70%, Test In: 72.10% Test OOD1: 63.41% Test OOD2: 52.73% Test OOD3: 61.61% 
Epoch: 357, Loss: 2.0286, Cls: 1.0141, Ind: 0.0000, Med: 0.5072, Spu: 0.0000, FD: 0.5073, Var: 0.0000, Ctx: 3, Train: 83.10%, Valid: 71.13%, Test In: 71.71% Test OOD1: 62.25% Test OOD2: 52.69% Test OOD3: 61.10% 
Epoch: 358, Loss: 2.0196, Cls: 1.0095, Ind: 0.0000, Med: 0.5047, Spu: 0.0000, FD: 0.5054, Var: 0.0000, Ctx: 3, Train: 83.14%, Valid: 71.49%, Test In: 72.09% Test OOD1: 62.72% Test OOD2: 52.75% Test OOD3: 61.39% 
Epoch: 359, Loss: 2.0063, Cls: 1.0030, Ind: 0.0000, Med: 0.5014, Spu: 0.0000, FD: 0.5020, Var: 0.0000, Ctx: 3, Train: 83.08%, Valid: 71.65%, Test In: 72.18% Test OOD1: 63.29% Test OOD2: 52.79% Test OOD3: 61.56% 
Epoch: 360, Loss: 2.0107, Cls: 1.0051, Ind: 0.0000, Med: 0.5025, Spu: 0.0000, FD: 0.5030, Var: 0.0000, Ctx: 3, Train: 83.20%, Valid: 71.24%, Test In: 71.82% Test OOD1: 62.46% Test OOD2: 52.79% Test OOD3: 61.12% 
Epoch: 361, Loss: 2.0179, Cls: 1.0088, Ind: 0.0000, Med: 0.5045, Spu: 0.0000, FD: 0.5046, Var: 0.0000, Ctx: 3, Train: 83.09%, Valid: 71.64%, Test In: 72.24% Test OOD1: 62.83% Test OOD2: 52.79% Test OOD3: 61.47% 
Epoch: 362, Loss: 2.0326, Cls: 1.0160, Ind: 0.0000, Med: 0.5078, Spu: 0.0000, FD: 0.5088, Var: 0.0000, Ctx: 3, Train: 82.79%, Valid: 70.64%, Test In: 71.03% Test OOD1: 62.27% Test OOD2: 53.00% Test OOD3: 60.71% 
Epoch: 363, Loss: 2.0674, Cls: 1.0337, Ind: 0.0000, Med: 0.5172, Spu: 0.0000, FD: 0.5164, Var: 0.0000, Ctx: 3, Train: 83.17%, Valid: 71.39%, Test In: 71.87% Test OOD1: 63.07% Test OOD2: 52.71% Test OOD3: 61.40% 
Epoch: 364, Loss: 2.0374, Cls: 1.0183, Ind: 0.0000, Med: 0.5088, Spu: 0.0000, FD: 0.5103, Var: 0.0000, Ctx: 3, Train: 82.85%, Valid: 70.81%, Test In: 71.42% Test OOD1: 62.06% Test OOD2: 52.63% Test OOD3: 60.86% 
Epoch: 365, Loss: 2.0454, Cls: 1.0228, Ind: 0.0000, Med: 0.5118, Spu: 0.0000, FD: 0.5109, Var: 0.0000, Ctx: 3, Train: 83.05%, Valid: 71.83%, Test In: 72.14% Test OOD1: 63.56% Test OOD2: 52.81% Test OOD3: 61.63% 
Epoch: 366, Loss: 2.0118, Cls: 1.0057, Ind: 0.0000, Med: 0.5028, Spu: 0.0000, FD: 0.5032, Var: 0.0000, Ctx: 3, Train: 82.93%, Valid: 71.36%, Test In: 71.61% Test OOD1: 63.35% Test OOD2: 52.91% Test OOD3: 61.35% 
Epoch: 367, Loss: 2.0174, Cls: 1.0086, Ind: 0.0000, Med: 0.5044, Spu: 0.0000, FD: 0.5043, Var: 0.0000, Ctx: 3, Train: 82.96%, Valid: 70.27%, Test In: 70.84% Test OOD1: 61.54% Test OOD2: 52.48% Test OOD3: 60.53% 
Epoch: 368, Loss: 2.0229, Cls: 1.0115, Ind: 0.0000, Med: 0.5061, Spu: 0.0000, FD: 0.5053, Var: 0.0000, Ctx: 3, Train: 83.28%, Valid: 71.39%, Test In: 71.89% Test OOD1: 62.58% Test OOD2: 52.69% Test OOD3: 61.24% 
Epoch: 369, Loss: 2.0153, Cls: 1.0074, Ind: 0.0000, Med: 0.5036, Spu: 0.0000, FD: 0.5042, Var: 0.0000, Ctx: 3, Train: 82.87%, Valid: 71.19%, Test In: 71.45% Test OOD1: 62.96% Test OOD2: 53.06% Test OOD3: 61.00% 
Epoch: 370, Loss: 2.0380, Cls: 1.0189, Ind: 0.0000, Med: 0.5096, Spu: 0.0000, FD: 0.5095, Var: 0.0000, Ctx: 3, Train: 83.21%, Valid: 71.65%, Test In: 72.08% Test OOD1: 63.35% Test OOD2: 52.79% Test OOD3: 61.44% 
Epoch: 371, Loss: 2.0051, Cls: 1.0024, Ind: 0.0000, Med: 0.5012, Spu: 0.0000, FD: 0.5015, Var: 0.0000, Ctx: 3, Train: 82.94%, Valid: 70.66%, Test In: 71.33% Test OOD1: 61.79% Test OOD2: 52.57% Test OOD3: 60.79% 
Epoch: 372, Loss: 2.0128, Cls: 1.0063, Ind: 0.0000, Med: 0.5032, Spu: 0.0000, FD: 0.5033, Var: 0.0000, Ctx: 3, Train: 83.31%, Valid: 71.01%, Test In: 71.54% Test OOD1: 62.49% Test OOD2: 52.86% Test OOD3: 61.08% 
Epoch: 373, Loss: 1.9976, Cls: 0.9988, Ind: 0.0000, Med: 0.4995, Spu: 0.0000, FD: 0.4994, Var: 0.0000, Ctx: 3, Train: 83.22%, Valid: 71.53%, Test In: 71.86% Test OOD1: 63.47% Test OOD2: 52.83% Test OOD3: 61.54% 
Epoch: 374, Loss: 2.0133, Cls: 1.0066, Ind: 0.0000, Med: 0.5035, Spu: 0.0000, FD: 0.5032, Var: 0.0000, Ctx: 3, Train: 83.36%, Valid: 71.01%, Test In: 71.45% Test OOD1: 62.50% Test OOD2: 52.59% Test OOD3: 60.99% 
Epoch: 375, Loss: 2.0198, Cls: 1.0097, Ind: 0.0000, Med: 0.5048, Spu: 0.0000, FD: 0.5052, Var: 0.0000, Ctx: 3, Train: 83.24%, Valid: 71.60%, Test In: 72.13% Test OOD1: 63.00% Test OOD2: 52.56% Test OOD3: 61.45% 
Epoch: 376, Loss: 2.0173, Cls: 1.0086, Ind: 0.0000, Med: 0.5044, Spu: 0.0000, FD: 0.5043, Var: 0.0000, Ctx: 3, Train: 82.99%, Valid: 70.63%, Test In: 71.02% Test OOD1: 62.47% Test OOD2: 52.90% Test OOD3: 60.71% 
Epoch: 377, Loss: 2.0378, Cls: 1.0188, Ind: 0.0000, Med: 0.5095, Spu: 0.0000, FD: 0.5095, Var: 0.0000, Ctx: 3, Train: 83.17%, Valid: 70.94%, Test In: 71.43% Test OOD1: 62.75% Test OOD2: 52.78% Test OOD3: 61.04% 
Epoch: 378, Loss: 2.0170, Cls: 1.0084, Ind: 0.0000, Med: 0.5042, Spu: 0.0000, FD: 0.5043, Var: 0.0000, Ctx: 3, Train: 83.19%, Valid: 70.98%, Test In: 71.55% Test OOD1: 62.10% Test OOD2: 52.57% Test OOD3: 60.87% 
Epoch: 379, Loss: 1.9988, Cls: 0.9993, Ind: 0.0000, Med: 0.4998, Spu: 0.0000, FD: 0.4997, Var: 0.0000, Ctx: 3, Train: 83.27%, Valid: 71.57%, Test In: 71.98% Test OOD1: 62.76% Test OOD2: 52.82% Test OOD3: 61.22% 
Epoch: 380, Loss: 2.0010, Cls: 1.0004, Ind: 0.0000, Med: 0.5003, Spu: 0.0000, FD: 0.5003, Var: 0.0000, Ctx: 3, Train: 83.28%, Valid: 71.70%, Test In: 71.97% Test OOD1: 63.46% Test OOD2: 52.82% Test OOD3: 61.56% 
Epoch: 381, Loss: 2.0107, Cls: 1.0053, Ind: 0.0000, Med: 0.5028, Spu: 0.0000, FD: 0.5026, Var: 0.0000, Ctx: 3, Train: 83.45%, Valid: 70.46%, Test In: 71.01% Test OOD1: 62.07% Test OOD2: 52.67% Test OOD3: 60.75% 
Epoch: 382, Loss: 2.0164, Cls: 1.0081, Ind: 0.0000, Med: 0.5041, Spu: 0.0000, FD: 0.5042, Var: 0.0000, Ctx: 3, Train: 83.28%, Valid: 70.71%, Test In: 71.43% Test OOD1: 61.86% Test OOD2: 52.41% Test OOD3: 60.94% 
Epoch: 383, Loss: 2.0198, Cls: 1.0097, Ind: 0.0000, Med: 0.5047, Spu: 0.0000, FD: 0.5055, Var: 0.0000, Ctx: 3, Train: 83.65%, Valid: 70.85%, Test In: 71.33% Test OOD1: 62.35% Test OOD2: 52.58% Test OOD3: 60.76% 
Epoch: 384, Loss: 2.0119, Cls: 1.0059, Ind: 0.0000, Med: 0.5031, Spu: 0.0000, FD: 0.5028, Var: 0.0000, Ctx: 3, Train: 83.26%, Valid: 71.77%, Test In: 72.16% Test OOD1: 63.66% Test OOD2: 52.70% Test OOD3: 61.55% 
Epoch: 385, Loss: 2.0174, Cls: 1.0085, Ind: 0.0000, Med: 0.5041, Spu: 0.0000, FD: 0.5048, Var: 0.0000, Ctx: 3, Train: 83.60%, Valid: 70.70%, Test In: 71.15% Test OOD1: 62.21% Test OOD2: 52.71% Test OOD3: 60.72% 
Epoch: 386, Loss: 2.0023, Cls: 1.0012, Ind: 0.0000, Med: 0.5009, Spu: 0.0000, FD: 0.5002, Var: 0.0000, Ctx: 3, Train: 83.32%, Valid: 70.46%, Test In: 71.07% Test OOD1: 61.83% Test OOD2: 52.55% Test OOD3: 60.78% 
Epoch: 387, Loss: 2.0088, Cls: 1.0042, Ind: 0.0000, Med: 0.5021, Spu: 0.0000, FD: 0.5024, Var: 0.0000, Ctx: 3, Train: 83.65%, Valid: 70.52%, Test In: 70.98% Test OOD1: 62.43% Test OOD2: 52.58% Test OOD3: 60.77% 
Epoch: 388, Loss: 1.9849, Cls: 0.9924, Ind: 0.0000, Med: 0.4964, Spu: 0.0000, FD: 0.4960, Var: 0.0000, Ctx: 3, Train: 83.48%, Valid: 71.56%, Test In: 71.95% Test OOD1: 63.54% Test OOD2: 52.79% Test OOD3: 61.44% 
Epoch: 389, Loss: 1.9851, Cls: 0.9924, Ind: 0.0000, Med: 0.4962, Spu: 0.0000, FD: 0.4964, Var: 0.0000, Ctx: 3, Train: 83.65%, Valid: 71.20%, Test In: 71.68% Test OOD1: 62.79% Test OOD2: 52.67% Test OOD3: 61.07% 
Epoch: 390, Loss: 1.9747, Cls: 0.9873, Ind: 0.0000, Med: 0.4937, Spu: 0.0000, FD: 0.4937, Var: 0.0000, Ctx: 3, Train: 83.60%, Valid: 70.14%, Test In: 70.86% Test OOD1: 61.76% Test OOD2: 52.34% Test OOD3: 60.53% 
Epoch: 391, Loss: 1.9766, Cls: 0.9882, Ind: 0.0000, Med: 0.4942, Spu: 0.0000, FD: 0.4942, Var: 0.0000, Ctx: 3, Train: 83.75%, Valid: 70.64%, Test In: 71.27% Test OOD1: 62.29% Test OOD2: 52.59% Test OOD3: 60.87% 
Epoch: 392, Loss: 1.9710, Cls: 0.9855, Ind: 0.0000, Med: 0.4928, Spu: 0.0000, FD: 0.4927, Var: 0.0000, Ctx: 3, Train: 83.72%, Valid: 71.00%, Test In: 71.47% Test OOD1: 62.50% Test OOD2: 52.73% Test OOD3: 60.93% 
Epoch: 393, Loss: 1.9760, Cls: 0.9879, Ind: 0.0000, Med: 0.4940, Spu: 0.0000, FD: 0.4941, Var: 0.0000, Ctx: 3, Train: 83.56%, Valid: 71.42%, Test In: 71.91% Test OOD1: 62.86% Test OOD2: 52.53% Test OOD3: 61.20% 
Epoch: 394, Loss: 2.0043, Cls: 1.0021, Ind: 0.0000, Med: 0.5012, Spu: 0.0000, FD: 0.5010, Var: 0.0000, Ctx: 3, Train: 83.52%, Valid: 69.55%, Test In: 70.18% Test OOD1: 61.41% Test OOD2: 52.56% Test OOD3: 60.00% 
Epoch: 395, Loss: 2.0958, Cls: 1.0477, Ind: 0.0000, Med: 0.5238, Spu: 0.0000, FD: 0.5243, Var: 0.0000, Ctx: 3, Train: 83.47%, Valid: 71.00%, Test In: 71.70% Test OOD1: 62.63% Test OOD2: 52.65% Test OOD3: 61.17% 
Epoch: 396, Loss: 2.1394, Cls: 1.0693, Ind: 0.0000, Med: 0.5342, Spu: 0.0000, FD: 0.5358, Var: 0.0000, Ctx: 3, Train: 83.48%, Valid: 69.76%, Test In: 70.23% Test OOD1: 61.55% Test OOD2: 52.46% Test OOD3: 59.86% 
Epoch: 397, Loss: 2.1427, Cls: 1.0714, Ind: 0.0000, Med: 0.5360, Spu: 0.0000, FD: 0.5352, Var: 0.0000, Ctx: 3, Train: 82.79%, Valid: 71.45%, Test In: 71.86% Test OOD1: 63.24% Test OOD2: 52.57% Test OOD3: 61.27% 
Epoch: 398, Loss: 2.0166, Cls: 1.0081, Ind: 0.0000, Med: 0.5039, Spu: 0.0000, FD: 0.5046, Var: 0.0000, Ctx: 3, Train: 83.13%, Valid: 71.75%, Test In: 72.13% Test OOD1: 63.67% Test OOD2: 52.62% Test OOD3: 61.67% 
Epoch: 399, Loss: 2.0675, Cls: 1.0332, Ind: 0.0000, Med: 0.5160, Spu: 0.0000, FD: 0.5182, Var: 0.0000, Ctx: 3, Train: 83.19%, Valid: 69.93%, Test In: 70.42% Test OOD1: 62.00% Test OOD2: 52.76% Test OOD3: 60.48% 
Epoch: 400, Loss: 2.0832, Cls: 1.0415, Ind: 0.0000, Med: 0.5207, Spu: 0.0000, FD: 0.5210, Var: 0.0000, Ctx: 3, Train: 83.23%, Valid: 69.41%, Test In: 70.13% Test OOD1: 61.20% Test OOD2: 52.60% Test OOD3: 60.21% 
Epoch: 401, Loss: 2.0599, Cls: 1.0299, Ind: 0.0000, Med: 0.5150, Spu: 0.0000, FD: 0.5150, Var: 0.0000, Ctx: 3, Train: 83.44%, Valid: 70.66%, Test In: 71.36% Test OOD1: 62.28% Test OOD2: 52.46% Test OOD3: 61.08% 
Epoch: 402, Loss: 2.0746, Cls: 1.0370, Ind: 0.0000, Med: 0.5183, Spu: 0.0000, FD: 0.5193, Var: 0.0000, Ctx: 3, Train: 83.66%, Valid: 71.40%, Test In: 71.80% Test OOD1: 63.34% Test OOD2: 52.79% Test OOD3: 61.19% 
Epoch: 403, Loss: 1.9825, Cls: 0.9911, Ind: 0.0000, Med: 0.4955, Spu: 0.0000, FD: 0.4959, Var: 0.0000, Ctx: 3, Train: 83.07%, Valid: 71.57%, Test In: 72.08% Test OOD1: 63.96% Test OOD2: 53.05% Test OOD3: 61.40% 
Epoch: 404, Loss: 2.0383, Cls: 1.0186, Ind: 0.0000, Med: 0.5088, Spu: 0.0000, FD: 0.5109, Var: 0.0000, Ctx: 3, Train: 83.30%, Valid: 71.81%, Test In: 72.51% Test OOD1: 64.29% Test OOD2: 52.88% Test OOD3: 61.87% 
Epoch: 405, Loss: 2.0273, Cls: 1.0134, Ind: 0.0000, Med: 0.5066, Spu: 0.0000, FD: 0.5072, Var: 0.0000, Ctx: 3, Train: 83.26%, Valid: 69.74%, Test In: 70.83% Test OOD1: 61.86% Test OOD2: 52.76% Test OOD3: 60.72% 
Epoch: 406, Loss: 2.0095, Cls: 1.0045, Ind: 0.0000, Med: 0.5021, Spu: 0.0000, FD: 0.5030, Var: 0.0000, Ctx: 3, Train: 83.13%, Valid: 69.81%, Test In: 70.86% Test OOD1: 62.13% Test OOD2: 52.85% Test OOD3: 61.00% 
Epoch: 407, Loss: 2.0033, Cls: 1.0016, Ind: 0.0000, Med: 0.5009, Spu: 0.0000, FD: 0.5008, Var: 0.0000, Ctx: 3, Train: 83.58%, Valid: 71.28%, Test In: 71.98% Test OOD1: 63.66% Test OOD2: 52.86% Test OOD3: 61.83% 
Epoch: 408, Loss: 1.9945, Cls: 0.9974, Ind: 0.0000, Med: 0.4991, Spu: 0.0000, FD: 0.4981, Var: 0.0000, Ctx: 3, Train: 83.36%, Valid: 71.55%, Test In: 72.05% Test OOD1: 63.84% Test OOD2: 52.83% Test OOD3: 61.68% 
Epoch: 409, Loss: 2.0048, Cls: 1.0020, Ind: 0.0000, Med: 0.5007, Spu: 0.0000, FD: 0.5021, Var: 0.0000, Ctx: 3, Train: 83.48%, Valid: 71.60%, Test In: 72.15% Test OOD1: 63.70% Test OOD2: 52.53% Test OOD3: 61.54% 
Epoch: 410, Loss: 1.9795, Cls: 0.9896, Ind: 0.0000, Med: 0.4948, Spu: 0.0000, FD: 0.4951, Var: 0.0000, Ctx: 3, Train: 83.79%, Valid: 70.78%, Test In: 71.58% Test OOD1: 62.80% Test OOD2: 52.40% Test OOD3: 61.06% 
Epoch: 411, Loss: 1.9718, Cls: 0.9856, Ind: 0.0000, Med: 0.4927, Spu: 0.0000, FD: 0.4934, Var: 0.0000, Ctx: 3, Train: 83.54%, Valid: 69.80%, Test In: 70.72% Test OOD1: 61.58% Test OOD2: 52.47% Test OOD3: 60.39% 
Epoch: 412, Loss: 1.9917, Cls: 0.9956, Ind: 0.0000, Med: 0.4978, Spu: 0.0000, FD: 0.4983, Var: 0.0000, Ctx: 3, Train: 84.03%, Valid: 70.32%, Test In: 71.20% Test OOD1: 61.95% Test OOD2: 52.55% Test OOD3: 60.75% 
Epoch: 413, Loss: 1.9604, Cls: 0.9799, Ind: 0.0000, Med: 0.4898, Spu: 0.0000, FD: 0.4907, Var: 0.0000, Ctx: 3, Train: 83.79%, Valid: 71.36%, Test In: 71.94% Test OOD1: 63.11% Test OOD2: 52.60% Test OOD3: 61.44% 
Epoch: 414, Loss: 1.9669, Cls: 0.9832, Ind: 0.0000, Med: 0.4914, Spu: 0.0000, FD: 0.4923, Var: 0.0000, Ctx: 3, Train: 83.73%, Valid: 71.22%, Test In: 71.83% Test OOD1: 63.15% Test OOD2: 52.86% Test OOD3: 61.31% 
Epoch: 415, Loss: 1.9911, Cls: 0.9955, Ind: 0.0000, Med: 0.4979, Spu: 0.0000, FD: 0.4977, Var: 0.0000, Ctx: 3, Train: 83.98%, Valid: 71.33%, Test In: 72.03% Test OOD1: 63.07% Test OOD2: 52.74% Test OOD3: 61.42% 
Epoch: 416, Loss: 1.9708, Cls: 0.9850, Ind: 0.0000, Med: 0.4921, Spu: 0.0000, FD: 0.4937, Var: 0.0000, Ctx: 3, Train: 84.02%, Valid: 69.54%, Test In: 70.52% Test OOD1: 61.28% Test OOD2: 52.42% Test OOD3: 60.17% 
Epoch: 417, Loss: 1.9664, Cls: 0.9833, Ind: 0.0000, Med: 0.4921, Spu: 0.0000, FD: 0.4909, Var: 0.0000, Ctx: 3, Train: 84.09%, Valid: 69.83%, Test In: 70.70% Test OOD1: 61.47% Test OOD2: 52.33% Test OOD3: 60.28% 
Epoch: 418, Loss: 1.9511, Cls: 0.9754, Ind: 0.0000, Med: 0.4877, Spu: 0.0000, FD: 0.4880, Var: 0.0000, Ctx: 3, Train: 84.19%, Valid: 70.86%, Test In: 71.36% Test OOD1: 62.51% Test OOD2: 52.52% Test OOD3: 60.78% 
Epoch: 419, Loss: 1.9398, Cls: 0.9697, Ind: 0.0000, Med: 0.4849, Spu: 0.0000, FD: 0.4853, Var: 0.0000, Ctx: 3, Train: 84.07%, Valid: 70.67%, Test In: 71.10% Test OOD1: 62.72% Test OOD2: 52.57% Test OOD3: 60.69% 
Epoch: 420, Loss: 1.9613, Cls: 0.9806, Ind: 0.0000, Med: 0.4905, Spu: 0.0000, FD: 0.4902, Var: 0.0000, Ctx: 3, Train: 84.24%, Valid: 70.67%, Test In: 71.24% Test OOD1: 62.70% Test OOD2: 52.45% Test OOD3: 60.90% 
Epoch: 421, Loss: 1.9609, Cls: 0.9800, Ind: 0.0000, Med: 0.4897, Spu: 0.0000, FD: 0.4911, Var: 0.0000, Ctx: 3, Train: 84.02%, Valid: 69.20%, Test In: 70.05% Test OOD1: 61.39% Test OOD2: 52.54% Test OOD3: 59.98% 
Epoch: 422, Loss: 1.9847, Cls: 0.9924, Ind: 0.0000, Med: 0.4966, Spu: 0.0000, FD: 0.4957, Var: 0.0000, Ctx: 3, Train: 84.25%, Valid: 69.92%, Test In: 70.83% Test OOD1: 62.00% Test OOD2: 52.50% Test OOD3: 60.55% 
Epoch: 423, Loss: 1.9645, Cls: 0.9820, Ind: 0.0000, Med: 0.4908, Spu: 0.0000, FD: 0.4916, Var: 0.0000, Ctx: 3, Train: 84.24%, Valid: 69.92%, Test In: 70.61% Test OOD1: 62.24% Test OOD2: 52.34% Test OOD3: 60.28% 
Epoch: 424, Loss: 1.9508, Cls: 0.9753, Ind: 0.0000, Med: 0.4877, Spu: 0.0000, FD: 0.4879, Var: 0.0000, Ctx: 3, Train: 83.97%, Valid: 71.03%, Test In: 71.47% Test OOD1: 63.12% Test OOD2: 52.70% Test OOD3: 60.96% 
Epoch: 425, Loss: 1.9496, Cls: 0.9747, Ind: 0.0000, Med: 0.4875, Spu: 0.0000, FD: 0.4874, Var: 0.0000, Ctx: 3, Train: 84.38%, Valid: 70.64%, Test In: 71.14% Test OOD1: 62.58% Test OOD2: 52.54% Test OOD3: 60.76% 
Epoch: 426, Loss: 1.9305, Cls: 0.9652, Ind: 0.0000, Med: 0.4828, Spu: 0.0000, FD: 0.4824, Var: 0.0000, Ctx: 3, Train: 84.08%, Valid: 68.96%, Test In: 69.71% Test OOD1: 60.99% Test OOD2: 52.16% Test OOD3: 59.72% 
Epoch: 427, Loss: 1.9592, Cls: 0.9795, Ind: 0.0000, Med: 0.4897, Spu: 0.0000, FD: 0.4901, Var: 0.0000, Ctx: 3, Train: 84.41%, Valid: 70.24%, Test In: 71.02% Test OOD1: 61.85% Test OOD2: 52.47% Test OOD3: 60.50% 
Epoch: 428, Loss: 1.9455, Cls: 0.9727, Ind: 0.0000, Med: 0.4866, Spu: 0.0000, FD: 0.4861, Var: 0.0000, Ctx: 3, Train: 84.43%, Valid: 70.34%, Test In: 71.04% Test OOD1: 62.23% Test OOD2: 52.62% Test OOD3: 60.41% 
Epoch: 429, Loss: 1.9446, Cls: 0.9722, Ind: 0.0000, Med: 0.4861, Spu: 0.0000, FD: 0.4864, Var: 0.0000, Ctx: 3, Train: 84.05%, Valid: 70.79%, Test In: 71.64% Test OOD1: 62.84% Test OOD2: 52.41% Test OOD3: 60.84% 
Epoch: 430, Loss: 1.9642, Cls: 0.9820, Ind: 0.0000, Med: 0.4911, Spu: 0.0000, FD: 0.4912, Var: 0.0000, Ctx: 3, Train: 84.33%, Valid: 69.65%, Test In: 70.52% Test OOD1: 61.84% Test OOD2: 52.73% Test OOD3: 60.20% 
Epoch: 431, Loss: 1.9671, Cls: 0.9834, Ind: 0.0000, Med: 0.4918, Spu: 0.0000, FD: 0.4918, Var: 0.0000, Ctx: 3, Train: 84.18%, Valid: 69.91%, Test In: 70.84% Test OOD1: 61.73% Test OOD2: 52.60% Test OOD3: 60.49% 
Epoch: 432, Loss: 1.9882, Cls: 0.9939, Ind: 0.0000, Med: 0.4969, Spu: 0.0000, FD: 0.4974, Var: 0.0000, Ctx: 3, Train: 84.07%, Valid: 68.92%, Test In: 69.81% Test OOD1: 61.50% Test OOD2: 52.29% Test OOD3: 59.65% 
Epoch: 433, Loss: 2.0103, Cls: 1.0051, Ind: 0.0000, Med: 0.5028, Spu: 0.0000, FD: 0.5024, Var: 0.0000, Ctx: 3, Train: 84.02%, Valid: 71.09%, Test In: 71.90% Test OOD1: 63.37% Test OOD2: 52.59% Test OOD3: 61.05% 
Epoch: 434, Loss: 1.9772, Cls: 0.9883, Ind: 0.0000, Med: 0.4940, Spu: 0.0000, FD: 0.4948, Var: 0.0000, Ctx: 3, Train: 83.87%, Valid: 70.30%, Test In: 70.98% Test OOD1: 62.12% Test OOD2: 52.70% Test OOD3: 60.19% 
Epoch: 435, Loss: 1.9773, Cls: 0.9888, Ind: 0.0000, Med: 0.4948, Spu: 0.0000, FD: 0.4938, Var: 0.0000, Ctx: 3, Train: 84.69%, Valid: 69.68%, Test In: 70.70% Test OOD1: 61.65% Test OOD2: 52.37% Test OOD3: 60.15% 
Epoch: 436, Loss: 1.9223, Cls: 0.9610, Ind: 0.0000, Med: 0.4804, Spu: 0.0000, FD: 0.4809, Var: 0.0000, Ctx: 3, Train: 84.07%, Valid: 69.55%, Test In: 70.57% Test OOD1: 61.78% Test OOD2: 52.18% Test OOD3: 60.29% 
Epoch: 437, Loss: 1.9640, Cls: 0.9817, Ind: 0.0000, Med: 0.4906, Spu: 0.0000, FD: 0.4917, Var: 0.0000, Ctx: 3, Train: 84.64%, Valid: 69.90%, Test In: 70.82% Test OOD1: 61.98% Test OOD2: 52.59% Test OOD3: 60.19% 
Epoch: 438, Loss: 1.9507, Cls: 0.9753, Ind: 0.0000, Med: 0.4877, Spu: 0.0000, FD: 0.4877, Var: 0.0000, Ctx: 3, Train: 84.03%, Valid: 71.19%, Test In: 71.97% Test OOD1: 62.98% Test OOD2: 52.76% Test OOD3: 61.02% 
Epoch: 439, Loss: 1.9664, Cls: 0.9831, Ind: 0.0000, Med: 0.4917, Spu: 0.0000, FD: 0.4916, Var: 0.0000, Ctx: 3, Train: 84.42%, Valid: 70.16%, Test In: 71.10% Test OOD1: 62.66% Test OOD2: 52.64% Test OOD3: 60.48% 
Epoch: 440, Loss: 1.9398, Cls: 0.9698, Ind: 0.0000, Med: 0.4849, Spu: 0.0000, FD: 0.4851, Var: 0.0000, Ctx: 3, Train: 84.51%, Valid: 69.44%, Test In: 70.62% Test OOD1: 61.64% Test OOD2: 52.29% Test OOD3: 60.02% 
Epoch: 441, Loss: 1.9239, Cls: 0.9618, Ind: 0.0000, Med: 0.4808, Spu: 0.0000, FD: 0.4813, Var: 0.0000, Ctx: 3, Train: 84.37%, Valid: 70.10%, Test In: 71.11% Test OOD1: 61.77% Test OOD2: 52.53% Test OOD3: 60.43% 
Epoch: 442, Loss: 1.9438, Cls: 0.9719, Ind: 0.0000, Med: 0.4861, Spu: 0.0000, FD: 0.4859, Var: 0.0000, Ctx: 3, Train: 84.25%, Valid: 69.73%, Test In: 70.56% Test OOD1: 62.38% Test OOD2: 52.73% Test OOD3: 60.29% 
Epoch: 443, Loss: 1.9910, Cls: 0.9952, Ind: 0.0000, Med: 0.4975, Spu: 0.0000, FD: 0.4983, Var: 0.0000, Ctx: 3, Train: 84.46%, Valid: 70.55%, Test In: 71.48% Test OOD1: 63.00% Test OOD2: 52.39% Test OOD3: 60.92% 
Epoch: 444, Loss: 1.9535, Cls: 0.9766, Ind: 0.0000, Med: 0.4883, Spu: 0.0000, FD: 0.4885, Var: 0.0000, Ctx: 3, Train: 84.51%, Valid: 69.18%, Test In: 70.24% Test OOD1: 61.18% Test OOD2: 52.29% Test OOD3: 59.61% 
Epoch: 445, Loss: 1.9351, Cls: 0.9675, Ind: 0.0000, Med: 0.4838, Spu: 0.0000, FD: 0.4839, Var: 0.0000, Ctx: 3, Train: 84.75%, Valid: 69.82%, Test In: 70.72% Test OOD1: 61.94% Test OOD2: 52.63% Test OOD3: 60.17% 
Epoch: 446, Loss: 1.9109, Cls: 0.9553, Ind: 0.0000, Med: 0.4777, Spu: 0.0000, FD: 0.4778, Var: 0.0000, Ctx: 3, Train: 84.82%, Valid: 69.89%, Test In: 70.91% Test OOD1: 62.27% Test OOD2: 52.38% Test OOD3: 60.39% 
Epoch: 447, Loss: 1.9131, Cls: 0.9563, Ind: 0.0000, Med: 0.4780, Spu: 0.0000, FD: 0.4787, Var: 0.0000, Ctx: 3, Train: 84.70%, Valid: 69.04%, Test In: 70.12% Test OOD1: 61.05% Test OOD2: 52.11% Test OOD3: 59.42% 
Epoch: 448, Loss: 1.9377, Cls: 0.9688, Ind: 0.0000, Med: 0.4845, Spu: 0.0000, FD: 0.4844, Var: 0.0000, Ctx: 3, Train: 84.64%, Valid: 70.60%, Test In: 71.47% Test OOD1: 62.48% Test OOD2: 52.55% Test OOD3: 60.64% 
Epoch: 449, Loss: 1.9405, Cls: 0.9701, Ind: 0.0000, Med: 0.4850, Spu: 0.0000, FD: 0.4853, Var: 0.0000, Ctx: 3, Train: 84.34%, Valid: 69.11%, Test In: 70.06% Test OOD1: 61.79% Test OOD2: 52.57% Test OOD3: 59.79% 
Epoch: 450, Loss: 1.9871, Cls: 0.9935, Ind: 0.0000, Med: 0.4969, Spu: 0.0000, FD: 0.4967, Var: 0.0000, Ctx: 3, Train: 84.78%, Valid: 69.60%, Test In: 70.81% Test OOD1: 61.62% Test OOD2: 52.20% Test OOD3: 60.10% 
Epoch: 451, Loss: 1.9367, Cls: 0.9681, Ind: 0.0000, Med: 0.4838, Spu: 0.0000, FD: 0.4848, Var: 0.0000, Ctx: 3, Train: 84.39%, Valid: 68.94%, Test In: 70.00% Test OOD1: 60.72% Test OOD2: 52.31% Test OOD3: 59.37% 
Epoch: 452, Loss: 1.9354, Cls: 0.9677, Ind: 0.0000, Med: 0.4841, Spu: 0.0000, FD: 0.4836, Var: 0.0000, Ctx: 3, Train: 84.72%, Valid: 70.35%, Test In: 71.18% Test OOD1: 62.79% Test OOD2: 52.75% Test OOD3: 60.62% 
Epoch: 453, Loss: 1.9027, Cls: 0.9513, Ind: 0.0000, Med: 0.4757, Spu: 0.0000, FD: 0.4758, Var: 0.0000, Ctx: 3, Train: 84.55%, Valid: 70.16%, Test In: 71.24% Test OOD1: 63.11% Test OOD2: 52.49% Test OOD3: 60.79% 
Epoch: 454, Loss: 1.9229, Cls: 0.9613, Ind: 0.0000, Med: 0.4805, Spu: 0.0000, FD: 0.4811, Var: 0.0000, Ctx: 3, Train: 84.74%, Valid: 68.58%, Test In: 69.69% Test OOD1: 60.88% Test OOD2: 52.12% Test OOD3: 59.34% 
Epoch: 455, Loss: 1.9351, Cls: 0.9675, Ind: 0.0000, Med: 0.4839, Spu: 0.0000, FD: 0.4837, Var: 0.0000, Ctx: 3, Train: 84.70%, Valid: 69.83%, Test In: 70.83% Test OOD1: 61.67% Test OOD2: 52.46% Test OOD3: 60.25% 
Epoch: 456, Loss: 1.9479, Cls: 0.9737, Ind: 0.0000, Med: 0.4868, Spu: 0.0000, FD: 0.4874, Var: 0.0000, Ctx: 3, Train: 83.83%, Valid: 68.94%, Test In: 69.98% Test OOD1: 62.14% Test OOD2: 52.60% Test OOD3: 59.81% 
Epoch: 457, Loss: 2.0141, Cls: 1.0070, Ind: 0.0000, Med: 0.5036, Spu: 0.0000, FD: 0.5034, Var: 0.0000, Ctx: 3, Train: 84.06%, Valid: 70.01%, Test In: 71.24% Test OOD1: 62.97% Test OOD2: 52.59% Test OOD3: 60.58% 
Epoch: 458, Loss: 1.9591, Cls: 0.9793, Ind: 0.0000, Med: 0.4895, Spu: 0.0000, FD: 0.4903, Var: 0.0000, Ctx: 3, Train: 83.83%, Valid: 69.38%, Test In: 70.38% Test OOD1: 60.77% Test OOD2: 52.37% Test OOD3: 59.71% 
Epoch: 459, Loss: 1.9532, Cls: 0.9766, Ind: 0.0000, Med: 0.4885, Spu: 0.0000, FD: 0.4881, Var: 0.0000, Ctx: 3, Train: 84.75%, Valid: 68.83%, Test In: 69.93% Test OOD1: 61.01% Test OOD2: 52.39% Test OOD3: 59.48% 
Epoch: 460, Loss: 1.9452, Cls: 0.9726, Ind: 0.0000, Med: 0.4865, Spu: 0.0000, FD: 0.4861, Var: 0.0000, Ctx: 3, Train: 84.46%, Valid: 70.09%, Test In: 71.30% Test OOD1: 63.08% Test OOD2: 52.39% Test OOD3: 60.98% 
Epoch: 461, Loss: 1.9765, Cls: 0.9880, Ind: 0.0000, Med: 0.4937, Spu: 0.0000, FD: 0.4949, Var: 0.0000, Ctx: 3, Train: 85.07%, Valid: 69.41%, Test In: 70.59% Test OOD1: 62.47% Test OOD2: 52.53% Test OOD3: 60.27% 
Epoch: 462, Loss: 1.9211, Cls: 0.9605, Ind: 0.0000, Med: 0.4804, Spu: 0.0000, FD: 0.4803, Var: 0.0000, Ctx: 3, Train: 84.57%, Valid: 69.66%, Test In: 70.60% Test OOD1: 61.93% Test OOD2: 52.45% Test OOD3: 60.10% 
Epoch: 463, Loss: 1.9094, Cls: 0.9546, Ind: 0.0000, Med: 0.4774, Spu: 0.0000, FD: 0.4775, Var: 0.0000, Ctx: 3, Train: 84.80%, Valid: 69.67%, Test In: 70.86% Test OOD1: 62.06% Test OOD2: 52.27% Test OOD3: 60.20% 
Epoch: 464, Loss: 1.9090, Cls: 0.9542, Ind: 0.0000, Med: 0.4769, Spu: 0.0000, FD: 0.4778, Var: 0.0000, Ctx: 3, Train: 84.66%, Valid: 69.11%, Test In: 70.33% Test OOD1: 62.27% Test OOD2: 52.55% Test OOD3: 60.09% 
Epoch: 465, Loss: 1.9581, Cls: 0.9790, Ind: 0.0000, Med: 0.4896, Spu: 0.0000, FD: 0.4895, Var: 0.0000, Ctx: 3, Train: 84.71%, Valid: 70.07%, Test In: 71.24% Test OOD1: 62.94% Test OOD2: 52.70% Test OOD3: 60.87% 
Epoch: 466, Loss: 1.9306, Cls: 0.9652, Ind: 0.0000, Med: 0.4825, Spu: 0.0000, FD: 0.4829, Var: 0.0000, Ctx: 3, Train: 84.94%, Valid: 69.53%, Test In: 70.66% Test OOD1: 61.54% Test OOD2: 52.42% Test OOD3: 59.99% 
Epoch: 467, Loss: 1.8890, Cls: 0.9445, Ind: 0.0000, Med: 0.4724, Spu: 0.0000, FD: 0.4721, Var: 0.0000, Ctx: 3, Train: 84.85%, Valid: 68.78%, Test In: 70.04% Test OOD1: 60.97% Test OOD2: 52.19% Test OOD3: 59.39% 
Epoch: 468, Loss: 1.9241, Cls: 0.9619, Ind: 0.0000, Med: 0.4810, Spu: 0.0000, FD: 0.4812, Var: 0.0000, Ctx: 3, Train: 85.01%, Valid: 70.25%, Test In: 71.60% Test OOD1: 62.89% Test OOD2: 52.51% Test OOD3: 60.80% 
Epoch: 469, Loss: 1.9419, Cls: 0.9708, Ind: 0.0000, Med: 0.4853, Spu: 0.0000, FD: 0.4858, Var: 0.0000, Ctx: 3, Train: 84.45%, Valid: 68.48%, Test In: 69.67% Test OOD1: 61.77% Test OOD2: 52.58% Test OOD3: 59.60% 
Epoch: 470, Loss: 2.0370, Cls: 1.0182, Ind: 0.0000, Med: 0.5089, Spu: 0.0000, FD: 0.5099, Var: 0.0000, Ctx: 3, Train: 85.33%, Valid: 69.43%, Test In: 70.62% Test OOD1: 61.94% Test OOD2: 52.37% Test OOD3: 60.26% 
Epoch: 471, Loss: 1.8951, Cls: 0.9473, Ind: 0.0000, Med: 0.4735, Spu: 0.0000, FD: 0.4742, Var: 0.0000, Ctx: 3, Train: 84.74%, Valid: 69.19%, Test In: 70.41% Test OOD1: 61.49% Test OOD2: 51.99% Test OOD3: 59.82% 
Epoch: 472, Loss: 1.9233, Cls: 0.9614, Ind: 0.0000, Med: 0.4806, Spu: 0.0000, FD: 0.4813, Var: 0.0000, Ctx: 3, Train: 85.09%, Valid: 68.60%, Test In: 69.67% Test OOD1: 61.65% Test OOD2: 52.41% Test OOD3: 59.13% 
Epoch: 473, Loss: 2.0368, Cls: 1.0183, Ind: 0.0000, Med: 0.5092, Spu: 0.0000, FD: 0.5093, Var: 0.0000, Ctx: 3, Train: 84.80%, Valid: 70.37%, Test In: 71.52% Test OOD1: 63.21% Test OOD2: 52.81% Test OOD3: 60.81% 
Epoch: 474, Loss: 1.9240, Cls: 0.9617, Ind: 0.0000, Med: 0.4806, Spu: 0.0000, FD: 0.4817, Var: 0.0000, Ctx: 3, Train: 85.46%, Valid: 69.69%, Test In: 70.96% Test OOD1: 62.21% Test OOD2: 52.44% Test OOD3: 60.41% 
Epoch: 475, Loss: 1.8935, Cls: 0.9465, Ind: 0.0000, Med: 0.4730, Spu: 0.0000, FD: 0.4740, Var: 0.0000, Ctx: 3, Train: 84.70%, Valid: 67.55%, Test In: 68.79% Test OOD1: 60.22% Test OOD2: 52.06% Test OOD3: 58.74% 
Epoch: 476, Loss: 1.9972, Cls: 0.9986, Ind: 0.0000, Med: 0.4995, Spu: 0.0000, FD: 0.4990, Var: 0.0000, Ctx: 3, Train: 85.01%, Valid: 70.02%, Test In: 71.08% Test OOD1: 62.15% Test OOD2: 52.52% Test OOD3: 60.44% 
Epoch: 477, Loss: 1.9108, Cls: 0.9553, Ind: 0.0000, Med: 0.4777, Spu: 0.0000, FD: 0.4778, Var: 0.0000, Ctx: 3, Train: 85.01%, Valid: 69.93%, Test In: 71.26% Test OOD1: 62.99% Test OOD2: 52.58% Test OOD3: 60.55% 
Epoch: 478, Loss: 1.8840, Cls: 0.9419, Ind: 0.0000, Med: 0.4709, Spu: 0.0000, FD: 0.4712, Var: 0.0000, Ctx: 3, Train: 85.47%, Valid: 68.94%, Test In: 70.38% Test OOD1: 62.05% Test OOD2: 52.35% Test OOD3: 59.71% 
Epoch: 479, Loss: 1.8987, Cls: 0.9492, Ind: 0.0000, Med: 0.4747, Spu: 0.0000, FD: 0.4747, Var: 0.0000, Ctx: 3, Train: 85.18%, Valid: 69.37%, Test In: 70.68% Test OOD1: 61.73% Test OOD2: 52.33% Test OOD3: 60.08% 
Epoch: 480, Loss: 1.9077, Cls: 0.9536, Ind: 0.0000, Med: 0.4766, Spu: 0.0000, FD: 0.4775, Var: 0.0000, Ctx: 3, Train: 85.56%, Valid: 68.57%, Test In: 69.92% Test OOD1: 61.62% Test OOD2: 52.50% Test OOD3: 59.54% 
Epoch: 481, Loss: 1.8918, Cls: 0.9458, Ind: 0.0000, Med: 0.4730, Spu: 0.0000, FD: 0.4730, Var: 0.0000, Ctx: 3, Train: 85.52%, Valid: 69.40%, Test In: 70.77% Test OOD1: 62.48% Test OOD2: 52.53% Test OOD3: 60.31% 
Epoch: 482, Loss: 1.8608, Cls: 0.9302, Ind: 0.0000, Med: 0.4651, Spu: 0.0000, FD: 0.4655, Var: 0.0000, Ctx: 3, Train: 85.53%, Valid: 69.42%, Test In: 70.68% Test OOD1: 62.18% Test OOD2: 52.30% Test OOD3: 60.11% 
Epoch: 483, Loss: 1.8616, Cls: 0.9306, Ind: 0.0000, Med: 0.4653, Spu: 0.0000, FD: 0.4657, Var: 0.0000, Ctx: 3, Train: 85.65%, Valid: 68.22%, Test In: 69.42% Test OOD1: 61.23% Test OOD2: 52.27% Test OOD3: 59.03% 
Epoch: 484, Loss: 1.9232, Cls: 0.9614, Ind: 0.0000, Med: 0.4806, Spu: 0.0000, FD: 0.4812, Var: 0.0000, Ctx: 3, Train: 85.50%, Valid: 69.56%, Test In: 70.91% Test OOD1: 62.10% Test OOD2: 52.41% Test OOD3: 60.31% 
Epoch: 485, Loss: 1.9249, Cls: 0.9622, Ind: 0.0000, Med: 0.4810, Spu: 0.0000, FD: 0.4816, Var: 0.0000, Ctx: 3, Train: 85.36%, Valid: 68.01%, Test In: 69.34% Test OOD1: 61.28% Test OOD2: 52.47% Test OOD3: 58.99% 
Epoch: 486, Loss: 1.9561, Cls: 0.9779, Ind: 0.0000, Med: 0.4889, Spu: 0.0000, FD: 0.4893, Var: 0.0000, Ctx: 3, Train: 85.69%, Valid: 69.41%, Test In: 70.75% Test OOD1: 62.04% Test OOD2: 52.57% Test OOD3: 59.90% 
Epoch: 487, Loss: 1.8520, Cls: 0.9258, Ind: 0.0000, Med: 0.4629, Spu: 0.0000, FD: 0.4633, Var: 0.0000, Ctx: 3, Train: 85.54%, Valid: 69.34%, Test In: 70.51% Test OOD1: 61.54% Test OOD2: 52.31% Test OOD3: 59.70% 
Epoch: 488, Loss: 1.8760, Cls: 0.9378, Ind: 0.0000, Med: 0.4689, Spu: 0.0000, FD: 0.4693, Var: 0.0000, Ctx: 3, Train: 85.57%, Valid: 67.67%, Test In: 68.90% Test OOD1: 60.79% Test OOD2: 52.11% Test OOD3: 58.57% 
Epoch: 489, Loss: 1.9720, Cls: 0.9859, Ind: 0.0000, Med: 0.4931, Spu: 0.0000, FD: 0.4930, Var: 0.0000, Ctx: 3, Train: 85.48%, Valid: 69.72%, Test In: 70.95% Test OOD1: 62.43% Test OOD2: 52.48% Test OOD3: 60.30% 
Epoch: 490, Loss: 1.8829, Cls: 0.9412, Ind: 0.0000, Med: 0.4704, Spu: 0.0000, FD: 0.4714, Var: 0.0000, Ctx: 3, Train: 85.63%, Valid: 69.51%, Test In: 70.62% Test OOD1: 61.88% Test OOD2: 52.34% Test OOD3: 59.95% 
Epoch: 491, Loss: 1.8579, Cls: 0.9288, Ind: 0.0000, Med: 0.4644, Spu: 0.0000, FD: 0.4647, Var: 0.0000, Ctx: 3, Train: 85.54%, Valid: 67.92%, Test In: 69.18% Test OOD1: 60.96% Test OOD2: 52.19% Test OOD3: 58.66% 
Epoch: 492, Loss: 1.9537, Cls: 0.9769, Ind: 0.0000, Med: 0.4888, Spu: 0.0000, FD: 0.4880, Var: 0.0000, Ctx: 3, Train: 85.54%, Valid: 69.94%, Test In: 71.36% Test OOD1: 62.84% Test OOD2: 52.68% Test OOD3: 60.55% 
Epoch: 493, Loss: 1.8895, Cls: 0.9444, Ind: 0.0000, Med: 0.4719, Spu: 0.0000, FD: 0.4732, Var: 0.0000, Ctx: 3, Train: 85.90%, Valid: 69.14%, Test In: 70.43% Test OOD1: 61.87% Test OOD2: 52.47% Test OOD3: 59.79% 
Epoch: 494, Loss: 1.8348, Cls: 0.9174, Ind: 0.0000, Med: 0.4588, Spu: 0.0000, FD: 0.4586, Var: 0.0000, Ctx: 3, Train: 85.60%, Valid: 68.03%, Test In: 69.33% Test OOD1: 60.63% Test OOD2: 51.91% Test OOD3: 58.84% 
Epoch: 495, Loss: 1.8711, Cls: 0.9355, Ind: 0.0000, Med: 0.4679, Spu: 0.0000, FD: 0.4676, Var: 0.0000, Ctx: 3, Train: 85.62%, Valid: 69.84%, Test In: 71.07% Test OOD1: 62.22% Test OOD2: 52.43% Test OOD3: 60.29% 
Epoch: 496, Loss: 1.8720, Cls: 0.9358, Ind: 0.0000, Med: 0.4678, Spu: 0.0000, FD: 0.4685, Var: 0.0000, Ctx: 3, Train: 85.48%, Valid: 68.67%, Test In: 70.05% Test OOD1: 61.90% Test OOD2: 52.67% Test OOD3: 59.47% 
Epoch: 497, Loss: 1.9034, Cls: 0.9516, Ind: 0.0000, Med: 0.4759, Spu: 0.0000, FD: 0.4758, Var: 0.0000, Ctx: 3, Train: 85.71%, Valid: 68.70%, Test In: 70.23% Test OOD1: 61.49% Test OOD2: 52.34% Test OOD3: 59.50% 
Epoch: 498, Loss: 1.8520, Cls: 0.9257, Ind: 0.0000, Med: 0.4626, Spu: 0.0000, FD: 0.4637, Var: 0.0000, Ctx: 3, Train: 85.57%, Valid: 68.79%, Test In: 69.85% Test OOD1: 61.10% Test OOD2: 52.36% Test OOD3: 59.35% 
Epoch: 499, Loss: 1.8558, Cls: 0.9278, Ind: 0.0000, Med: 0.4639, Spu: 0.0000, FD: 0.4641, Var: 0.0000, Ctx: 3, Train: 85.87%, Valid: 68.28%, Test In: 69.61% Test OOD1: 61.69% Test OOD2: 52.30% Test OOD3: 59.15% 
Run 02:
Highest Train: 85.90
Highest Valid: 73.55
Highest In Test: 74.78
Highest OOD Test: 67.90
Highest OOD Test: 54.49
Highest OOD Test: 64.29
Chosen epoch: 217
Final Train: 79.42
Final In Test: 74.28
Final OOD Test: 66.62
Final OOD Test: 54.01
Final OOD Test: 63.33
All runs:
Highest Train: 87.00 ± 1.55
Highest Valid: 73.44 ± 0.15
Highest In Test: 74.73 ± 0.07
Highest OOD Test: 67.98 ± 0.12
Highest OOD Test: 54.36 ± 0.18
Highest OOD Test: 64.26 ± 0.05
  Final Train: 78.14 ± 1.80
   Final In  Test: 74.45 ± 0.24
   Final OOD Test: 66.79 ± 0.25
   Final OOD Test: 53.81 ± 0.28
   Final OOD Test: 63.54 ± 0.30
[INFO] TensorBoard writer closed.

Command: python main_frontdoor.py --dataset twitch --backbone_type gcn --store_result --epochs 500 --runs 2 --num_layers 2 --device 1 --seed 2024 --lr 0.01 --weight_decay 0.0001 --dropout 0.0 --hidden_channels 32 --K 3 --lambda_fd 0.5 --lambda_spu 0.05 --lambda_ind 0.1 --context_gate_temp 0.5 --fd_blend 0.3 --pos_weight 5.0 --result_name twitch_gcn_frontdoor_stage2_lr0.01_weight_decay0.0001_dropout0.0_hidden_channels32_K3_lambda_fd0.5_lambda_spu0.05_lambda_ind0.1_context_gate_temp0.5_fd_blend0.3_pos_weight5.0
Return code: 0
Elapsed: 142.17s
