Namespace(K=3, backbone_type='gcn', combine_result=False, context_gate_temp=0.5, cpu=False, data_dir='./data/', dataset='twitch', device=1, display_step=1, dropout=0.0, env_type='node', epochs=500, expert_agg='mean', fd_blend=0.3, gamma=0.99, gate_hidden=64, hidden_channels=32, infer_env=False, infer_env_components=64, infer_env_iters=30, infer_env_num=3, lambda_fd=0.5, lambda_fd_aug=0.5, lambda_ind=0.05, lambda_med=0.5, lambda_spu=0.1, lambda_var=0.05, lamda=1.0, lr=0.01, num_layers=2, other_env_reduce='sample', pos_weight=7.0, proto_aug_k=3, proto_mix_alpha=1.0, result_name='twitch_gcn_frontdoor_stage2_lr0.01_weight_decay0.0001_dropout0.0_hidden_channels32_K3_lambda_fd0.5_lambda_spu0.1_lambda_ind0.05_context_gate_temp0.5_fd_blend0.3_pos_weight7.0', runs=2, seed=2024, store_result=True, tau=1, use_bn=False, variant=False, weight_decay=0.0001)
dataset twitch: all nodes 34120 | edges 892346 | classes 2 | feats 128
train nodes 7897 | valid nodes 3949 | test in nodes 3949
test ood1 nodes 4648 test ood2 nodes 6551 test ood3 nodes 7126 
[INFO] env numbers: 6 train env numbers: 3
MODEL: GraphFrontDoor(
  (act_fn): ReLU()
  (input_proj): Linear(in_features=128, out_features=32, bias=True)
  (backbone_layers): ModuleList(
    (0): FrontDoorBackboneLayer()
    (1): FrontDoorBackboneLayer()
  )
  (causal_adapter): Linear(in_features=32, out_features=32, bias=True)
  (spurious_adapter): Linear(in_features=32, out_features=32, bias=True)
  (causal_norm): LayerNorm((32,), eps=1e-05, elementwise_affine=True)
  (spurious_norm): LayerNorm((32,), eps=1e-05, elementwise_affine=True)
  (classifier): Linear(in_features=32, out_features=2, bias=True)
  (spurious_classifier): Linear(in_features=32, out_features=2, bias=True)
  (fd_classifier): Linear(in_features=32, out_features=2, bias=True)
  (query_proj): Linear(in_features=32, out_features=32, bias=True)
  (key_proj): Linear(in_features=32, out_features=32, bias=True)
  (value_proj): Linear(in_features=32, out_features=32, bias=True)
  (aug_norm): LayerNorm((32,), eps=1e-05, elementwise_affine=True)
)
[INFO] TensorBoard logging activated. Logs will be saved to: ./runs/twitch/frontdoor/twitch_gcn_frontdoor_stage2_lr0.01_weight_decay0.0001_dropout0.0_hidden_channels32_K3_lambda_fd0.5_lambda_spu0.1_lambda_ind0.05_context_gate_temp0.5_fd_blend0.3_pos_weight7.0
Epoch: 00, Loss: 5.7443, Cls: 2.1416, Ind: 0.0006, Med: 0.9998, Spu: 0.0115, FD: 1.2971, FDAug: 1.2937, Var: 0.0000, Ctx: 6, MixCtx: 3, Train: 42.60%, Valid: 42.75%, Test In: 43.77% Test OOD1: 39.06% Test OOD2: 48.77% Test OOD3: 42.86% 
Epoch: 01, Loss: 3.9231, Cls: 1.5794, Ind: 0.0003, Med: 0.8024, Spu: 0.0026, FD: 0.7676, FDAug: 0.7707, Var: 0.0000, Ctx: 6, MixCtx: 3, Train: 42.50%, Valid: 42.52%, Test In: 43.54% Test OOD1: 39.08% Test OOD2: 48.88% Test OOD3: 42.89% 
Epoch: 02, Loss: 3.8044, Cls: 1.5099, Ind: 0.0010, Med: 0.7589, Spu: 0.0020, FD: 0.7680, FDAug: 0.7646, Var: 0.0000, Ctx: 6, MixCtx: 3, Train: 42.45%, Valid: 42.68%, Test In: 43.57% Test OOD1: 38.98% Test OOD2: 48.78% Test OOD3: 42.78% 
Epoch: 03, Loss: 3.8304, Cls: 1.5176, Ind: 0.0014, Med: 0.7556, Spu: 0.0008, FD: 0.7802, FDAug: 0.7748, Var: 0.0000, Ctx: 6, MixCtx: 3, Train: 42.68%, Valid: 42.80%, Test In: 43.72% Test OOD1: 39.06% Test OOD2: 48.73% Test OOD3: 42.90% 
Epoch: 04, Loss: 3.8320, Cls: 1.5233, Ind: 0.0013, Med: 0.7585, Spu: 0.0023, FD: 0.7756, FDAug: 0.7708, Var: 0.0000, Ctx: 6, MixCtx: 3, Train: 43.66%, Valid: 43.48%, Test In: 44.54% Test OOD1: 39.38% Test OOD2: 48.34% Test OOD3: 43.47% 
Epoch: 05, Loss: 3.8044, Cls: 1.5187, Ind: 0.0012, Med: 0.7584, Spu: 0.0006, FD: 0.7642, FDAug: 0.7613, Var: 0.0000, Ctx: 6, MixCtx: 3, Train: 47.32%, Valid: 46.49%, Test In: 48.07% Test OOD1: 42.26% Test OOD2: 47.80% Test OOD3: 45.94% 
Epoch: 06, Loss: 3.7760, Cls: 1.5100, Ind: 0.0010, Med: 0.7556, Spu: 0.0003, FD: 0.7550, FDAug: 0.7542, Var: 0.0000, Ctx: 6, MixCtx: 3, Train: 58.29%, Valid: 57.46%, Test In: 57.69% Test OOD1: 59.43% Test OOD2: 49.23% Test OOD3: 56.31% 
Epoch: 07, Loss: 3.7672, Cls: 1.5052, Ind: 0.0007, Med: 0.7530, Spu: 0.0013, FD: 0.7534, FDAug: 0.7537, Var: 0.0000, Ctx: 6, MixCtx: 3, Train: 58.45%, Valid: 57.94%, Test In: 57.66% Test OOD1: 60.55% Test OOD2: 50.05% Test OOD3: 57.08% 
Epoch: 08, Loss: 3.7776, Cls: 1.5071, Ind: 0.0004, Med: 0.7527, Spu: 0.0007, FD: 0.7580, FDAug: 0.7586, Var: 0.0000, Ctx: 6, MixCtx: 3, Train: 58.45%, Valid: 57.98%, Test In: 57.60% Test OOD1: 60.87% Test OOD2: 50.41% Test OOD3: 57.27% 
Epoch: 09, Loss: 3.7867, Cls: 1.5099, Ind: 0.0002, Med: 0.7532, Spu: 0.0001, FD: 0.7614, FDAug: 0.7619, Var: 0.0000, Ctx: 6, MixCtx: 3, Train: 58.41%, Valid: 57.99%, Test In: 57.51% Test OOD1: 60.96% Test OOD2: 50.52% Test OOD3: 57.33% 
Epoch: 10, Loss: 3.7825, Cls: 1.5087, Ind: 0.0000, Med: 0.7529, Spu: 0.0002, FD: 0.7602, FDAug: 0.7606, Var: 0.0000, Ctx: 6, MixCtx: 3, Train: 58.38%, Valid: 58.00%, Test In: 57.47% Test OOD1: 61.00% Test OOD2: 50.59% Test OOD3: 57.34% 
Epoch: 11, Loss: 3.7716, Cls: 1.5055, Ind: 0.0001, Med: 0.7520, Spu: 0.0004, FD: 0.7566, FDAug: 0.7570, Var: 0.0000, Ctx: 6, MixCtx: 3, Train: 58.36%, Valid: 58.00%, Test In: 57.46% Test OOD1: 61.03% Test OOD2: 50.63% Test OOD3: 57.39% 
Epoch: 12, Loss: 3.7644, Cls: 1.5037, Ind: 0.0004, Med: 0.7517, Spu: 0.0001, FD: 0.7541, FDAug: 0.7544, Var: 0.0000, Ctx: 6, MixCtx: 3, Train: 58.38%, Valid: 57.98%, Test In: 57.48% Test OOD1: 61.04% Test OOD2: 50.67% Test OOD3: 57.42% 
Epoch: 13, Loss: 3.7648, Cls: 1.5042, Ind: 0.0007, Med: 0.7522, Spu: 0.0000, FD: 0.7538, FDAug: 0.7539, Var: 0.0000, Ctx: 6, MixCtx: 3, Train: 58.39%, Valid: 57.99%, Test In: 57.49% Test OOD1: 61.06% Test OOD2: 50.70% Test OOD3: 57.45% 
Epoch: 14, Loss: 3.7686, Cls: 1.5055, Ind: 0.0009, Med: 0.7525, Spu: 0.0002, FD: 0.7548, FDAug: 0.7548, Var: 0.0000, Ctx: 6, MixCtx: 3, Train: 58.39%, Valid: 57.99%, Test In: 57.49% Test OOD1: 61.08% Test OOD2: 50.72% Test OOD3: 57.46% 
Epoch: 15, Loss: 3.7701, Cls: 1.5057, Ind: 0.0010, Med: 0.7522, Spu: 0.0001, FD: 0.7556, FDAug: 0.7556, Var: 0.0000, Ctx: 6, MixCtx: 3, Train: 58.37%, Valid: 57.99%, Test In: 57.47% Test OOD1: 61.09% Test OOD2: 50.73% Test OOD3: 57.46% 
Epoch: 16, Loss: 3.7681, Cls: 1.5046, Ind: 0.0009, Med: 0.7516, Spu: 0.0000, FD: 0.7555, FDAug: 0.7555, Var: 0.0000, Ctx: 6, MixCtx: 3, Train: 58.34%, Valid: 57.99%, Test In: 57.43% Test OOD1: 61.10% Test OOD2: 50.74% Test OOD3: 57.45% 
Epoch: 17, Loss: 3.7645, Cls: 1.5033, Ind: 0.0007, Med: 0.7511, Spu: 0.0001, FD: 0.7546, FDAug: 0.7547, Var: 0.0000, Ctx: 6, MixCtx: 3, Train: 58.31%, Valid: 57.99%, Test In: 57.41% Test OOD1: 61.11% Test OOD2: 50.74% Test OOD3: 57.43% 
Epoch: 18, Loss: 3.7618, Cls: 1.5027, Ind: 0.0005, Med: 0.7513, Spu: 0.0002, FD: 0.7535, FDAug: 0.7536, Var: 0.0000, Ctx: 6, MixCtx: 3, Train: 58.30%, Valid: 57.98%, Test In: 57.39% Test OOD1: 61.11% Test OOD2: 50.75% Test OOD3: 57.42% 
Epoch: 19, Loss: 3.7611, Cls: 1.5031, Ind: 0.0003, Med: 0.7520, Spu: 0.0001, FD: 0.7528, FDAug: 0.7528, Var: 0.0000, Ctx: 6, MixCtx: 3, Train: 58.27%, Valid: 57.97%, Test In: 57.36% Test OOD1: 61.10% Test OOD2: 50.76% Test OOD3: 57.40% 
Epoch: 20, Loss: 3.7615, Cls: 1.5038, Ind: 0.0002, Med: 0.7524, Spu: 0.0000, FD: 0.7526, FDAug: 0.7525, Var: 0.0000, Ctx: 6, MixCtx: 3, Train: 58.28%, Valid: 57.97%, Test In: 57.36% Test OOD1: 61.11% Test OOD2: 50.76% Test OOD3: 57.40% 
Epoch: 21, Loss: 3.7614, Cls: 1.5039, Ind: 0.0001, Med: 0.7522, Spu: 0.0000, FD: 0.7527, FDAug: 0.7526, Var: 0.0000, Ctx: 6, MixCtx: 3, Train: 58.29%, Valid: 57.99%, Test In: 57.37% Test OOD1: 61.12% Test OOD2: 50.77% Test OOD3: 57.41% 
Epoch: 22, Loss: 3.7602, Cls: 1.5031, Ind: 0.0000, Med: 0.7513, Spu: 0.0001, FD: 0.7529, FDAug: 0.7527, Var: 0.0000, Ctx: 6, MixCtx: 3, Train: 58.30%, Valid: 57.99%, Test In: 57.37% Test OOD1: 61.12% Test OOD2: 50.78% Test OOD3: 57.42% 
Epoch: 23, Loss: 3.7585, Cls: 1.5022, Ind: 0.0000, Med: 0.7507, Spu: 0.0001, FD: 0.7528, FDAug: 0.7527, Var: 0.0000, Ctx: 6, MixCtx: 3, Train: 58.31%, Valid: 58.00%, Test In: 57.38% Test OOD1: 61.13% Test OOD2: 50.79% Test OOD3: 57.43% 
Epoch: 24, Loss: 3.7575, Cls: 1.5018, Ind: 0.0001, Med: 0.7506, Spu: 0.0000, FD: 0.7526, FDAug: 0.7525, Var: 0.0000, Ctx: 6, MixCtx: 3, Train: 58.32%, Valid: 58.01%, Test In: 57.39% Test OOD1: 61.14% Test OOD2: 50.79% Test OOD3: 57.43% 
Epoch: 25, Loss: 3.7577, Cls: 1.5020, Ind: 0.0001, Med: 0.7511, Spu: 0.0000, FD: 0.7523, FDAug: 0.7522, Var: 0.0000, Ctx: 6, MixCtx: 3, Train: 58.33%, Valid: 58.03%, Test In: 57.39% Test OOD1: 61.15% Test OOD2: 50.80% Test OOD3: 57.44% 
Epoch: 26, Loss: 3.7582, Cls: 1.5024, Ind: 0.0001, Med: 0.7516, Spu: 0.0000, FD: 0.7520, FDAug: 0.7520, Var: 0.0000, Ctx: 6, MixCtx: 3, Train: 58.34%, Valid: 58.04%, Test In: 57.40% Test OOD1: 61.15% Test OOD2: 50.81% Test OOD3: 57.45% 
Epoch: 27, Loss: 3.7581, Cls: 1.5024, Ind: 0.0002, Med: 0.7515, Spu: 0.0000, FD: 0.7519, FDAug: 0.7519, Var: 0.0000, Ctx: 6, MixCtx: 3, Train: 58.34%, Valid: 58.05%, Test In: 57.41% Test OOD1: 61.16% Test OOD2: 50.81% Test OOD3: 57.46% 
Epoch: 28, Loss: 3.7569, Cls: 1.5019, Ind: 0.0002, Med: 0.7510, Spu: 0.0000, FD: 0.7519, FDAug: 0.7519, Var: 0.0000, Ctx: 6, MixCtx: 3, Train: 58.36%, Valid: 58.06%, Test In: 57.42% Test OOD1: 61.17% Test OOD2: 50.82% Test OOD3: 57.46% 
Epoch: 29, Loss: 3.7553, Cls: 1.5011, Ind: 0.0002, Med: 0.7502, Spu: 0.0000, FD: 0.7519, FDAug: 0.7519, Var: 0.0000, Ctx: 6, MixCtx: 3, Train: 58.37%, Valid: 58.08%, Test In: 57.43% Test OOD1: 61.18% Test OOD2: 50.82% Test OOD3: 57.47% 
Epoch: 30, Loss: 3.7541, Cls: 1.5006, Ind: 0.0002, Med: 0.7497, Spu: 0.0000, FD: 0.7518, FDAug: 0.7518, Var: 0.0000, Ctx: 6, MixCtx: 3, Train: 58.38%, Valid: 58.09%, Test In: 57.44% Test OOD1: 61.19% Test OOD2: 50.83% Test OOD3: 57.48% 
Epoch: 31, Loss: 3.7538, Cls: 1.5005, Ind: 0.0001, Med: 0.7497, Spu: 0.0000, FD: 0.7517, FDAug: 0.7518, Var: 0.0000, Ctx: 6, MixCtx: 3, Train: 58.40%, Valid: 58.12%, Test In: 57.45% Test OOD1: 61.20% Test OOD2: 50.84% Test OOD3: 57.49% 
Epoch: 32, Loss: 3.7539, Cls: 1.5005, Ind: 0.0001, Med: 0.7500, Spu: 0.0000, FD: 0.7516, FDAug: 0.7516, Var: 0.0000, Ctx: 6, MixCtx: 3, Train: 58.42%, Valid: 58.14%, Test In: 57.47% Test OOD1: 61.22% Test OOD2: 50.85% Test OOD3: 57.50% 
Epoch: 33, Loss: 3.7535, Cls: 1.5004, Ind: 0.0001, Med: 0.7500, Spu: 0.0000, FD: 0.7515, FDAug: 0.7515, Var: 0.0000, Ctx: 6, MixCtx: 3, Train: 58.44%, Valid: 58.17%, Test In: 57.49% Test OOD1: 61.23% Test OOD2: 50.85% Test OOD3: 57.52% 
Epoch: 34, Loss: 3.7525, Cls: 1.4999, Ind: 0.0000, Med: 0.7497, Spu: 0.0000, FD: 0.7514, FDAug: 0.7514, Var: 0.0000, Ctx: 6, MixCtx: 3, Train: 58.46%, Valid: 58.19%, Test In: 57.51% Test OOD1: 61.25% Test OOD2: 50.86% Test OOD3: 57.53% 
Epoch: 35, Loss: 3.7511, Cls: 1.4992, Ind: 0.0000, Med: 0.7492, Spu: 0.0000, FD: 0.7513, FDAug: 0.7514, Var: 0.0000, Ctx: 6, MixCtx: 3, Train: 58.49%, Valid: 58.23%, Test In: 57.53% Test OOD1: 61.27% Test OOD2: 50.87% Test OOD3: 57.55% 
Epoch: 36, Loss: 3.7499, Cls: 1.4987, Ind: 0.0000, Med: 0.7487, Spu: 0.0000, FD: 0.7512, FDAug: 0.7513, Var: 0.0000, Ctx: 6, MixCtx: 3, Train: 58.52%, Valid: 58.26%, Test In: 57.57% Test OOD1: 61.29% Test OOD2: 50.88% Test OOD3: 57.57% 
Epoch: 37, Loss: 3.7490, Cls: 1.4983, Ind: 0.0000, Med: 0.7484, Spu: 0.0000, FD: 0.7511, FDAug: 0.7512, Var: 0.0000, Ctx: 6, MixCtx: 3, Train: 58.56%, Valid: 58.30%, Test In: 57.60% Test OOD1: 61.31% Test OOD2: 50.89% Test OOD3: 57.59% 
Epoch: 38, Loss: 3.7481, Cls: 1.4979, Ind: 0.0000, Med: 0.7482, Spu: 0.0000, FD: 0.7509, FDAug: 0.7510, Var: 0.0000, Ctx: 6, MixCtx: 3, Train: 58.60%, Valid: 58.34%, Test In: 57.63% Test OOD1: 61.34% Test OOD2: 50.90% Test OOD3: 57.62% 
Epoch: 39, Loss: 3.7470, Cls: 1.4974, Ind: 0.0000, Med: 0.7480, Spu: 0.0000, FD: 0.7507, FDAug: 0.7508, Var: 0.0000, Ctx: 6, MixCtx: 3, Train: 58.64%, Valid: 58.39%, Test In: 57.67% Test OOD1: 61.36% Test OOD2: 50.91% Test OOD3: 57.64% 
Epoch: 40, Loss: 3.7454, Cls: 1.4967, Ind: 0.0000, Med: 0.7476, Spu: 0.0000, FD: 0.7505, FDAug: 0.7505, Var: 0.0000, Ctx: 6, MixCtx: 3, Train: 58.69%, Valid: 58.43%, Test In: 57.71% Test OOD1: 61.39% Test OOD2: 50.93% Test OOD3: 57.67% 
Epoch: 41, Loss: 3.7438, Cls: 1.4959, Ind: 0.0001, Med: 0.7472, Spu: 0.0000, FD: 0.7503, FDAug: 0.7503, Var: 0.0000, Ctx: 6, MixCtx: 3, Train: 58.75%, Valid: 58.49%, Test In: 57.76% Test OOD1: 61.42% Test OOD2: 50.94% Test OOD3: 57.70% 
Epoch: 42, Loss: 3.7421, Cls: 1.4951, Ind: 0.0000, Med: 0.7467, Spu: 0.0000, FD: 0.7502, FDAug: 0.7501, Var: 0.0000, Ctx: 6, MixCtx: 3, Train: 58.81%, Valid: 58.55%, Test In: 57.81% Test OOD1: 61.45% Test OOD2: 50.96% Test OOD3: 57.73% 
Epoch: 43, Loss: 3.7404, Cls: 1.4943, Ind: 0.0000, Med: 0.7462, Spu: 0.0000, FD: 0.7499, FDAug: 0.7499, Var: 0.0000, Ctx: 6, MixCtx: 3, Train: 58.88%, Valid: 58.61%, Test In: 57.87% Test OOD1: 61.49% Test OOD2: 50.97% Test OOD3: 57.77% 
Epoch: 44, Loss: 3.7382, Cls: 1.4933, Ind: 0.0000, Med: 0.7457, Spu: 0.0000, FD: 0.7496, FDAug: 0.7496, Var: 0.0000, Ctx: 6, MixCtx: 3, Train: 58.96%, Valid: 58.68%, Test In: 57.93% Test OOD1: 61.53% Test OOD2: 50.99% Test OOD3: 57.81% 
Epoch: 45, Loss: 3.7356, Cls: 1.4922, Ind: 0.0000, Med: 0.7451, Spu: 0.0000, FD: 0.7491, FDAug: 0.7491, Var: 0.0000, Ctx: 6, MixCtx: 3, Train: 59.04%, Valid: 58.76%, Test In: 58.01% Test OOD1: 61.58% Test OOD2: 51.00% Test OOD3: 57.85% 
Epoch: 46, Loss: 3.7328, Cls: 1.4910, Ind: 0.0000, Med: 0.7445, Spu: 0.0000, FD: 0.7486, FDAug: 0.7487, Var: 0.0000, Ctx: 6, MixCtx: 3, Train: 59.15%, Valid: 58.84%, Test In: 58.11% Test OOD1: 61.64% Test OOD2: 51.02% Test OOD3: 57.90% 
Epoch: 47, Loss: 3.7299, Cls: 1.4897, Ind: 0.0000, Med: 0.7438, Spu: 0.0000, FD: 0.7481, FDAug: 0.7482, Var: 0.0000, Ctx: 6, MixCtx: 3, Train: 59.26%, Valid: 58.93%, Test In: 58.22% Test OOD1: 61.70% Test OOD2: 51.04% Test OOD3: 57.97% 
Epoch: 48, Loss: 3.7268, Cls: 1.4883, Ind: 0.0000, Med: 0.7431, Spu: 0.0000, FD: 0.7476, FDAug: 0.7477, Var: 0.0000, Ctx: 6, MixCtx: 3, Train: 59.40%, Valid: 59.04%, Test In: 58.34% Test OOD1: 61.77% Test OOD2: 51.06% Test OOD3: 58.04% 
Epoch: 49, Loss: 3.7234, Cls: 1.4868, Ind: 0.0000, Med: 0.7424, Spu: 0.0000, FD: 0.7470, FDAug: 0.7472, Var: 0.0000, Ctx: 6, MixCtx: 3, Train: 59.55%, Valid: 59.15%, Test In: 58.47% Test OOD1: 61.85% Test OOD2: 51.08% Test OOD3: 58.12% 
Epoch: 50, Loss: 3.7196, Cls: 1.4852, Ind: 0.0000, Med: 0.7415, Spu: 0.0000, FD: 0.7463, FDAug: 0.7465, Var: 0.0000, Ctx: 6, MixCtx: 3, Train: 59.72%, Valid: 59.28%, Test In: 58.61% Test OOD1: 61.94% Test OOD2: 51.11% Test OOD3: 58.21% 
Epoch: 51, Loss: 3.7153, Cls: 1.4834, Ind: 0.0000, Med: 0.7407, Spu: 0.0000, FD: 0.7455, FDAug: 0.7456, Var: 0.0000, Ctx: 6, MixCtx: 3, Train: 59.91%, Valid: 59.42%, Test In: 58.78% Test OOD1: 62.04% Test OOD2: 51.13% Test OOD3: 58.31% 
Epoch: 52, Loss: 3.7107, Cls: 1.4816, Ind: 0.0000, Med: 0.7399, Spu: 0.0000, FD: 0.7445, FDAug: 0.7446, Var: 0.0000, Ctx: 6, MixCtx: 3, Train: 60.12%, Valid: 59.58%, Test In: 58.98% Test OOD1: 62.16% Test OOD2: 51.16% Test OOD3: 58.43% 
Epoch: 53, Loss: 3.7060, Cls: 1.4797, Ind: 0.0000, Med: 0.7391, Spu: 0.0000, FD: 0.7435, FDAug: 0.7436, Var: 0.0000, Ctx: 6, MixCtx: 3, Train: 60.37%, Valid: 59.75%, Test In: 59.20% Test OOD1: 62.28% Test OOD2: 51.20% Test OOD3: 58.57% 
Epoch: 54, Loss: 3.7012, Cls: 1.4778, Ind: 0.0000, Med: 0.7384, Spu: 0.0000, FD: 0.7424, FDAug: 0.7425, Var: 0.0000, Ctx: 6, MixCtx: 3, Train: 60.66%, Valid: 59.96%, Test In: 59.46% Test OOD1: 62.42% Test OOD2: 51.23% Test OOD3: 58.73% 
Epoch: 55, Loss: 3.6959, Cls: 1.4758, Ind: 0.0000, Med: 0.7375, Spu: 0.0000, FD: 0.7412, FDAug: 0.7413, Var: 0.0000, Ctx: 6, MixCtx: 3, Train: 60.99%, Valid: 60.20%, Test In: 59.77% Test OOD1: 62.59% Test OOD2: 51.28% Test OOD3: 58.90% 
Epoch: 56, Loss: 3.6903, Cls: 1.4736, Ind: 0.0000, Med: 0.7366, Spu: 0.0000, FD: 0.7399, FDAug: 0.7400, Var: 0.0000, Ctx: 6, MixCtx: 3, Train: 61.38%, Valid: 60.48%, Test In: 60.13% Test OOD1: 62.78% Test OOD2: 51.33% Test OOD3: 59.10% 
Epoch: 57, Loss: 3.6841, Cls: 1.4713, Ind: 0.0000, Med: 0.7356, Spu: 0.0000, FD: 0.7385, FDAug: 0.7386, Var: 0.0000, Ctx: 6, MixCtx: 3, Train: 61.83%, Valid: 60.79%, Test In: 60.55% Test OOD1: 62.99% Test OOD2: 51.38% Test OOD3: 59.34% 
Epoch: 58, Loss: 3.6770, Cls: 1.4686, Ind: 0.0000, Med: 0.7344, Spu: 0.0000, FD: 0.7369, FDAug: 0.7370, Var: 0.0000, Ctx: 6, MixCtx: 3, Train: 62.35%, Valid: 61.16%, Test In: 61.05% Test OOD1: 63.22% Test OOD2: 51.44% Test OOD3: 59.61% 
Epoch: 59, Loss: 3.6685, Cls: 1.4653, Ind: 0.0000, Med: 0.7328, Spu: 0.0000, FD: 0.7351, FDAug: 0.7352, Var: 0.0000, Ctx: 6, MixCtx: 3, Train: 62.97%, Valid: 61.60%, Test In: 61.66% Test OOD1: 63.50% Test OOD2: 51.51% Test OOD3: 59.93% 
Epoch: 60, Loss: 3.6580, Cls: 1.4611, Ind: 0.0000, Med: 0.7305, Spu: 0.0000, FD: 0.7331, FDAug: 0.7332, Var: 0.0000, Ctx: 6, MixCtx: 3, Train: 63.67%, Valid: 62.07%, Test In: 62.33% Test OOD1: 63.76% Test OOD2: 51.58% Test OOD3: 60.27% 
Epoch: 61, Loss: 3.6450, Cls: 1.4558, Ind: 0.0000, Med: 0.7277, Spu: 0.0000, FD: 0.7307, FDAug: 0.7308, Var: 0.0000, Ctx: 6, MixCtx: 3, Train: 64.52%, Valid: 62.66%, Test In: 63.15% Test OOD1: 64.14% Test OOD2: 51.67% Test OOD3: 60.67% 
Epoch: 62, Loss: 3.6297, Cls: 1.4496, Ind: 0.0000, Med: 0.7243, Spu: 0.0000, FD: 0.7279, FDAug: 0.7279, Var: 0.0000, Ctx: 6, MixCtx: 3, Train: 65.39%, Valid: 63.22%, Test In: 64.01% Test OOD1: 64.44% Test OOD2: 51.76% Test OOD3: 61.05% 
Epoch: 63, Loss: 3.6121, Cls: 1.4423, Ind: 0.0000, Med: 0.7204, Spu: 0.0000, FD: 0.7246, FDAug: 0.7248, Var: 0.0000, Ctx: 6, MixCtx: 3, Train: 66.49%, Valid: 63.97%, Test In: 65.09% Test OOD1: 64.91% Test OOD2: 51.88% Test OOD3: 61.52% 
Epoch: 64, Loss: 3.5921, Cls: 1.4343, Ind: 0.0000, Med: 0.7163, Spu: 0.0000, FD: 0.7207, FDAug: 0.7208, Var: 0.0000, Ctx: 6, MixCtx: 3, Train: 67.39%, Valid: 64.58%, Test In: 65.97% Test OOD1: 65.17% Test OOD2: 52.00% Test OOD3: 61.84% 
Epoch: 65, Loss: 3.5693, Cls: 1.4250, Ind: 0.0000, Med: 0.7114, Spu: 0.0000, FD: 0.7163, FDAug: 0.7166, Var: 0.0000, Ctx: 6, MixCtx: 3, Train: 68.54%, Valid: 65.41%, Test In: 67.06% Test OOD1: 65.59% Test OOD2: 52.20% Test OOD3: 62.24% 
Epoch: 66, Loss: 3.5435, Cls: 1.4149, Ind: 0.0000, Med: 0.7064, Spu: 0.0000, FD: 0.7110, FDAug: 0.7111, Var: 0.0000, Ctx: 6, MixCtx: 3, Train: 69.35%, Valid: 65.99%, Test In: 67.85% Test OOD1: 65.77% Test OOD2: 52.31% Test OOD3: 62.48% 
Epoch: 67, Loss: 3.5151, Cls: 1.4036, Ind: 0.0000, Med: 0.7008, Spu: 0.0000, FD: 0.7052, FDAug: 0.7054, Var: 0.0000, Ctx: 6, MixCtx: 3, Train: 70.27%, Valid: 66.65%, Test In: 68.74% Test OOD1: 66.00% Test OOD2: 52.53% Test OOD3: 62.73% 
Epoch: 68, Loss: 3.4927, Cls: 1.3955, Ind: 0.0000, Med: 0.6973, Spu: 0.0000, FD: 0.7000, FDAug: 0.6999, Var: 0.0000, Ctx: 6, MixCtx: 3, Train: 70.77%, Valid: 67.06%, Test In: 69.28% Test OOD1: 66.04% Test OOD2: 52.60% Test OOD3: 62.80% 
Epoch: 69, Loss: 3.4951, Cls: 1.3970, Ind: 0.0001, Med: 0.6986, Spu: 0.0000, FD: 0.6996, FDAug: 0.6999, Var: 0.0000, Ctx: 6, MixCtx: 3, Train: 71.20%, Valid: 67.24%, Test In: 69.65% Test OOD1: 66.00% Test OOD2: 52.74% Test OOD3: 62.88% 
Epoch: 70, Loss: 3.5068, Cls: 1.4037, Ind: 0.0001, Med: 0.7033, Spu: 0.0000, FD: 0.7002, FDAug: 0.6995, Var: 0.0000, Ctx: 6, MixCtx: 3, Train: 71.50%, Valid: 67.55%, Test In: 70.02% Test OOD1: 66.04% Test OOD2: 52.80% Test OOD3: 62.94% 
Epoch: 71, Loss: 3.4471, Cls: 1.3775, Ind: 0.0001, Med: 0.6884, Spu: 0.0000, FD: 0.6904, FDAug: 0.6908, Var: 0.0000, Ctx: 6, MixCtx: 3, Train: 71.75%, Valid: 67.73%, Test In: 70.30% Test OOD1: 65.94% Test OOD2: 52.88% Test OOD3: 62.97% 
Epoch: 72, Loss: 3.4395, Cls: 1.3744, Ind: 0.0001, Med: 0.6869, Spu: 0.0000, FD: 0.6889, FDAug: 0.6893, Var: 0.0000, Ctx: 6, MixCtx: 3, Train: 71.91%, Valid: 67.80%, Test In: 70.41% Test OOD1: 65.86% Test OOD2: 52.95% Test OOD3: 62.98% 
Epoch: 73, Loss: 3.4518, Cls: 1.3821, Ind: 0.0001, Med: 0.6927, Spu: 0.0000, FD: 0.6886, FDAug: 0.6882, Var: 0.0000, Ctx: 6, MixCtx: 3, Train: 72.12%, Valid: 68.00%, Test In: 70.70% Test OOD1: 65.70% Test OOD2: 53.02% Test OOD3: 62.99% 
Epoch: 74, Loss: 3.4032, Cls: 1.3606, Ind: 0.0001, Med: 0.6804, Spu: 0.0000, FD: 0.6810, FDAug: 0.6811, Var: 0.0000, Ctx: 6, MixCtx: 3, Train: 72.26%, Valid: 68.08%, Test In: 70.90% Test OOD1: 65.42% Test OOD2: 53.06% Test OOD3: 62.96% 
Epoch: 75, Loss: 3.4262, Cls: 1.3694, Ind: 0.0001, Med: 0.6846, Spu: 0.0000, FD: 0.6859, FDAug: 0.6863, Var: 0.0000, Ctx: 6, MixCtx: 3, Train: 72.42%, Valid: 68.26%, Test In: 71.05% Test OOD1: 65.49% Test OOD2: 53.12% Test OOD3: 62.99% 
Epoch: 76, Loss: 3.3968, Cls: 1.3588, Ind: 0.0001, Med: 0.6799, Spu: 0.0000, FD: 0.6791, FDAug: 0.6790, Var: 0.0000, Ctx: 6, MixCtx: 3, Train: 72.55%, Valid: 68.40%, Test In: 71.19% Test OOD1: 65.45% Test OOD2: 53.15% Test OOD3: 62.99% 
Epoch: 77, Loss: 3.3992, Cls: 1.3597, Ind: 0.0001, Med: 0.6803, Spu: 0.0000, FD: 0.6797, FDAug: 0.6794, Var: 0.0000, Ctx: 6, MixCtx: 3, Train: 72.60%, Valid: 68.39%, Test In: 71.30% Test OOD1: 65.11% Test OOD2: 53.18% Test OOD3: 62.94% 
Epoch: 78, Loss: 3.4046, Cls: 1.3622, Ind: 0.0001, Med: 0.6820, Spu: 0.0000, FD: 0.6800, FDAug: 0.6803, Var: 0.0000, Ctx: 6, MixCtx: 3, Train: 72.77%, Valid: 68.60%, Test In: 71.44% Test OOD1: 65.26% Test OOD2: 53.22% Test OOD3: 62.99% 
Epoch: 79, Loss: 3.3771, Cls: 1.3508, Ind: 0.0001, Med: 0.6759, Spu: 0.0000, FD: 0.6751, FDAug: 0.6752, Var: 0.0000, Ctx: 6, MixCtx: 3, Train: 72.94%, Valid: 68.83%, Test In: 71.57% Test OOD1: 65.57% Test OOD2: 53.22% Test OOD3: 63.08% 
Epoch: 80, Loss: 3.3987, Cls: 1.3584, Ind: 0.0001, Med: 0.6788, Spu: 0.0000, FD: 0.6809, FDAug: 0.6804, Var: 0.0000, Ctx: 6, MixCtx: 3, Train: 72.99%, Valid: 68.84%, Test In: 71.67% Test OOD1: 65.26% Test OOD2: 53.27% Test OOD3: 63.02% 
Epoch: 81, Loss: 3.3747, Cls: 1.3502, Ind: 0.0001, Med: 0.6759, Spu: 0.0000, FD: 0.6742, FDAug: 0.6744, Var: 0.0000, Ctx: 6, MixCtx: 3, Train: 73.10%, Valid: 68.97%, Test In: 71.77% Test OOD1: 65.30% Test OOD2: 53.31% Test OOD3: 63.04% 
Epoch: 82, Loss: 3.3734, Cls: 1.3497, Ind: 0.0001, Med: 0.6757, Spu: 0.0000, FD: 0.6738, FDAug: 0.6741, Var: 0.0000, Ctx: 6, MixCtx: 3, Train: 73.26%, Valid: 69.22%, Test In: 71.85% Test OOD1: 65.78% Test OOD2: 53.26% Test OOD3: 63.19% 
Epoch: 83, Loss: 3.3725, Cls: 1.3482, Ind: 0.0001, Med: 0.6740, Spu: 0.0000, FD: 0.6753, FDAug: 0.6749, Var: 0.0000, Ctx: 6, MixCtx: 3, Train: 73.35%, Valid: 69.31%, Test In: 71.97% Test OOD1: 65.74% Test OOD2: 53.30% Test OOD3: 63.19% 
Epoch: 84, Loss: 3.3522, Cls: 1.3406, Ind: 0.0001, Med: 0.6705, Spu: 0.0000, FD: 0.6706, FDAug: 0.6705, Var: 0.0000, Ctx: 6, MixCtx: 3, Train: 73.42%, Valid: 69.38%, Test In: 72.08% Test OOD1: 65.58% Test OOD2: 53.36% Test OOD3: 63.14% 
Epoch: 85, Loss: 3.3618, Cls: 1.3447, Ind: 0.0001, Med: 0.6728, Spu: 0.0000, FD: 0.6719, FDAug: 0.6723, Var: 0.0000, Ctx: 6, MixCtx: 3, Train: 73.52%, Valid: 69.56%, Test In: 72.11% Test OOD1: 65.98% Test OOD2: 53.30% Test OOD3: 63.28% 
Epoch: 86, Loss: 3.3441, Cls: 1.3373, Ind: 0.0001, Med: 0.6686, Spu: 0.0000, FD: 0.6691, FDAug: 0.6690, Var: 0.0000, Ctx: 6, MixCtx: 3, Train: 73.58%, Valid: 69.69%, Test In: 72.11% Test OOD1: 66.20% Test OOD2: 53.28% Test OOD3: 63.35% 
Epoch: 87, Loss: 3.3485, Cls: 1.3391, Ind: 0.0001, Med: 0.6695, Spu: 0.0000, FD: 0.6700, FDAug: 0.6697, Var: 0.0000, Ctx: 6, MixCtx: 3, Train: 73.69%, Valid: 69.76%, Test In: 72.31% Test OOD1: 65.94% Test OOD2: 53.35% Test OOD3: 63.28% 
Epoch: 88, Loss: 3.3454, Cls: 1.3377, Ind: 0.0001, Med: 0.6690, Spu: 0.0000, FD: 0.6690, FDAug: 0.6696, Var: 0.0000, Ctx: 6, MixCtx: 3, Train: 73.76%, Valid: 69.88%, Test In: 72.33% Test OOD1: 66.15% Test OOD2: 53.33% Test OOD3: 63.35% 
Epoch: 89, Loss: 3.3347, Cls: 1.3334, Ind: 0.0001, Med: 0.6667, Spu: 0.0000, FD: 0.6671, FDAug: 0.6674, Var: 0.0000, Ctx: 6, MixCtx: 3, Train: 73.77%, Valid: 69.98%, Test In: 72.24% Test OOD1: 66.48% Test OOD2: 53.28% Test OOD3: 63.45% 
Epoch: 90, Loss: 3.3425, Cls: 1.3370, Ind: 0.0001, Med: 0.6687, Spu: 0.0000, FD: 0.6685, FDAug: 0.6682, Var: 0.0000, Ctx: 6, MixCtx: 3, Train: 73.90%, Valid: 70.07%, Test In: 72.47% Test OOD1: 66.24% Test OOD2: 53.35% Test OOD3: 63.40% 
Epoch: 91, Loss: 3.3306, Cls: 1.3316, Ind: 0.0001, Med: 0.6657, Spu: 0.0000, FD: 0.6664, FDAug: 0.6667, Var: 0.0000, Ctx: 6, MixCtx: 3, Train: 73.98%, Valid: 70.16%, Test In: 72.56% Test OOD1: 66.23% Test OOD2: 53.37% Test OOD3: 63.40% 
Epoch: 92, Loss: 3.3303, Cls: 1.3314, Ind: 0.0001, Med: 0.6656, Spu: 0.0000, FD: 0.6664, FDAug: 0.6668, Var: 0.0000, Ctx: 6, MixCtx: 3, Train: 73.99%, Valid: 70.25%, Test In: 72.45% Test OOD1: 66.59% Test OOD2: 53.32% Test OOD3: 63.51% 
Epoch: 93, Loss: 3.3294, Cls: 1.3317, Ind: 0.0001, Med: 0.6659, Spu: 0.0000, FD: 0.6660, FDAug: 0.6658, Var: 0.0000, Ctx: 6, MixCtx: 3, Train: 74.10%, Valid: 70.35%, Test In: 72.62% Test OOD1: 66.46% Test OOD2: 53.37% Test OOD3: 63.47% 
Epoch: 94, Loss: 3.3197, Cls: 1.3275, Ind: 0.0001, Med: 0.6637, Spu: 0.0000, FD: 0.6641, FDAug: 0.6643, Var: 0.0000, Ctx: 6, MixCtx: 3, Train: 74.21%, Valid: 70.43%, Test In: 72.79% Test OOD1: 66.26% Test OOD2: 53.43% Test OOD3: 63.41% 
Epoch: 95, Loss: 3.3229, Cls: 1.3287, Ind: 0.0001, Med: 0.6644, Spu: 0.0000, FD: 0.6645, FDAug: 0.6651, Var: 0.0000, Ctx: 6, MixCtx: 3, Train: 74.23%, Valid: 70.52%, Test In: 72.72% Test OOD1: 66.57% Test OOD2: 53.39% Test OOD3: 63.52% 
Epoch: 96, Loss: 3.3172, Cls: 1.3265, Ind: 0.0001, Med: 0.6632, Spu: 0.0000, FD: 0.6638, FDAug: 0.6637, Var: 0.0000, Ctx: 6, MixCtx: 3, Train: 74.32%, Valid: 70.61%, Test In: 72.86% Test OOD1: 66.47% Test OOD2: 53.43% Test OOD3: 63.48% 
Epoch: 97, Loss: 3.3111, Cls: 1.3241, Ind: 0.0001, Med: 0.6620, Spu: 0.0000, FD: 0.6624, FDAug: 0.6625, Var: 0.0000, Ctx: 6, MixCtx: 3, Train: 74.41%, Valid: 70.67%, Test In: 73.03% Test OOD1: 66.18% Test OOD2: 53.48% Test OOD3: 63.39% 
Epoch: 98, Loss: 3.3128, Cls: 1.3249, Ind: 0.0001, Med: 0.6626, Spu: 0.0000, FD: 0.6624, FDAug: 0.6628, Var: 0.0000, Ctx: 6, MixCtx: 3, Train: 74.45%, Valid: 70.77%, Test In: 72.99% Test OOD1: 66.50% Test OOD2: 53.45% Test OOD3: 63.49% 
Epoch: 99, Loss: 3.3080, Cls: 1.3228, Ind: 0.0001, Med: 0.6613, Spu: 0.0000, FD: 0.6620, FDAug: 0.6618, Var: 0.0000, Ctx: 6, MixCtx: 3, Train: 74.53%, Valid: 70.84%, Test In: 73.13% Test OOD1: 66.32% Test OOD2: 53.50% Test OOD3: 63.43% 
Epoch: 100, Loss: 3.3025, Cls: 1.3207, Ind: 0.0001, Med: 0.6604, Spu: 0.0000, FD: 0.6607, FDAug: 0.6607, Var: 0.0000, Ctx: 6, MixCtx: 3, Train: 74.59%, Valid: 70.89%, Test In: 73.24% Test OOD1: 66.07% Test OOD2: 53.53% Test OOD3: 63.35% 
Epoch: 101, Loss: 3.3028, Cls: 1.3209, Ind: 0.0001, Med: 0.6606, Spu: 0.0000, FD: 0.6605, FDAug: 0.6608, Var: 0.0000, Ctx: 6, MixCtx: 3, Train: 74.64%, Valid: 70.99%, Test In: 73.22% Test OOD1: 66.42% Test OOD2: 53.51% Test OOD3: 63.47% 
Epoch: 102, Loss: 3.3011, Cls: 1.3201, Ind: 0.0001, Med: 0.6599, Spu: 0.0000, FD: 0.6606, FDAug: 0.6604, Var: 0.0000, Ctx: 6, MixCtx: 3, Train: 74.70%, Valid: 71.03%, Test In: 73.35% Test OOD1: 66.09% Test OOD2: 53.56% Test OOD3: 63.34% 
Epoch: 103, Loss: 3.2961, Cls: 1.3182, Ind: 0.0001, Med: 0.6591, Spu: 0.0000, FD: 0.6593, FDAug: 0.6595, Var: 0.0000, Ctx: 6, MixCtx: 3, Train: 74.75%, Valid: 71.10%, Test In: 73.39% Test OOD1: 66.16% Test OOD2: 53.57% Test OOD3: 63.36% 
Epoch: 104, Loss: 3.2930, Cls: 1.3169, Ind: 0.0001, Med: 0.6585, Spu: 0.0000, FD: 0.6587, FDAug: 0.6588, Var: 0.0000, Ctx: 6, MixCtx: 3, Train: 74.80%, Valid: 71.18%, Test In: 73.39% Test OOD1: 66.36% Test OOD2: 53.55% Test OOD3: 63.44% 
Epoch: 105, Loss: 3.2929, Cls: 1.3169, Ind: 0.0001, Med: 0.6584, Spu: 0.0000, FD: 0.6588, FDAug: 0.6587, Var: 0.0000, Ctx: 6, MixCtx: 3, Train: 74.84%, Valid: 71.20%, Test In: 73.50% Test OOD1: 65.93% Test OOD2: 53.62% Test OOD3: 63.28% 
Epoch: 106, Loss: 3.2927, Cls: 1.3168, Ind: 0.0001, Med: 0.6585, Spu: 0.0000, FD: 0.6585, FDAug: 0.6589, Var: 0.0000, Ctx: 6, MixCtx: 3, Train: 74.90%, Valid: 71.33%, Test In: 73.48% Test OOD1: 66.42% Test OOD2: 53.55% Test OOD3: 63.45% 
Epoch: 107, Loss: 3.2901, Cls: 1.3158, Ind: 0.0001, Med: 0.6579, Spu: 0.0000, FD: 0.6582, FDAug: 0.6581, Var: 0.0000, Ctx: 6, MixCtx: 3, Train: 74.95%, Valid: 71.34%, Test In: 73.59% Test OOD1: 66.03% Test OOD2: 53.62% Test OOD3: 63.31% 
Epoch: 108, Loss: 3.2866, Cls: 1.3144, Ind: 0.0000, Med: 0.6572, Spu: 0.0000, FD: 0.6573, FDAug: 0.6576, Var: 0.0000, Ctx: 6, MixCtx: 3, Train: 75.01%, Valid: 71.45%, Test In: 73.59% Test OOD1: 66.35% Test OOD2: 53.58% Test OOD3: 63.42% 
Epoch: 109, Loss: 3.2828, Cls: 1.3129, Ind: 0.0000, Med: 0.6564, Spu: 0.0000, FD: 0.6567, FDAug: 0.6567, Var: 0.0000, Ctx: 6, MixCtx: 3, Train: 75.06%, Valid: 71.51%, Test In: 73.64% Test OOD1: 66.33% Test OOD2: 53.59% Test OOD3: 63.41% 
Epoch: 110, Loss: 3.2800, Cls: 1.3118, Ind: 0.0000, Med: 0.6559, Spu: 0.0000, FD: 0.6561, FDAug: 0.6562, Var: 0.0000, Ctx: 6, MixCtx: 3, Train: 75.11%, Valid: 71.56%, Test In: 73.69% Test OOD1: 66.33% Test OOD2: 53.59% Test OOD3: 63.41% 
Epoch: 111, Loss: 3.2782, Cls: 1.3110, Ind: 0.0000, Med: 0.6555, Spu: 0.0000, FD: 0.6557, FDAug: 0.6559, Var: 0.0000, Ctx: 6, MixCtx: 3, Train: 75.15%, Valid: 71.66%, Test In: 73.67% Test OOD1: 66.62% Test OOD2: 53.55% Test OOD3: 63.50% 
Epoch: 112, Loss: 3.2776, Cls: 1.3108, Ind: 0.0000, Med: 0.6553, Spu: 0.0000, FD: 0.6558, FDAug: 0.6557, Var: 0.0000, Ctx: 6, MixCtx: 3, Train: 75.21%, Valid: 71.69%, Test In: 73.78% Test OOD1: 66.26% Test OOD2: 53.62% Test OOD3: 63.37% 
Epoch: 113, Loss: 3.2790, Cls: 1.3114, Ind: 0.0000, Med: 0.6559, Spu: 0.0000, FD: 0.6556, FDAug: 0.6560, Var: 0.0000, Ctx: 6, MixCtx: 3, Train: 75.24%, Valid: 71.81%, Test In: 73.69% Test OOD1: 66.91% Test OOD2: 53.52% Test OOD3: 63.61% 
Epoch: 114, Loss: 3.2849, Cls: 1.3136, Ind: 0.0001, Med: 0.6565, Spu: 0.0000, FD: 0.6576, FDAug: 0.6571, Var: 0.0000, Ctx: 6, MixCtx: 3, Train: 75.27%, Valid: 71.77%, Test In: 73.90% Test OOD1: 65.83% Test OOD2: 53.69% Test OOD3: 63.22% 
Epoch: 115, Loss: 3.3048, Cls: 1.3219, Ind: 0.0000, Med: 0.6613, Spu: 0.0000, FD: 0.6603, FDAug: 0.6612, Var: 0.0000, Ctx: 6, MixCtx: 3, Train: 75.26%, Valid: 71.90%, Test In: 73.66% Test OOD1: 67.22% Test OOD2: 53.46% Test OOD3: 63.70% 
Epoch: 116, Loss: 3.3150, Cls: 1.3258, Ind: 0.0001, Med: 0.6626, Spu: 0.0000, FD: 0.6638, FDAug: 0.6628, Var: 0.0000, Ctx: 6, MixCtx: 3, Train: 75.36%, Valid: 71.88%, Test In: 73.97% Test OOD1: 65.83% Test OOD2: 53.70% Test OOD3: 63.21% 
Epoch: 117, Loss: 3.3108, Cls: 1.3240, Ind: 0.0000, Med: 0.6622, Spu: 0.0000, FD: 0.6618, FDAug: 0.6627, Var: 0.0000, Ctx: 6, MixCtx: 3, Train: 75.42%, Valid: 72.03%, Test In: 73.86% Test OOD1: 66.92% Test OOD2: 53.54% Test OOD3: 63.60% 
Epoch: 118, Loss: 3.2698, Cls: 1.3078, Ind: 0.0000, Med: 0.6539, Spu: 0.0000, FD: 0.6541, FDAug: 0.6540, Var: 0.0000, Ctx: 6, MixCtx: 3, Train: 75.40%, Valid: 72.04%, Test In: 73.81% Test OOD1: 67.17% Test OOD2: 53.49% Test OOD3: 63.68% 
Epoch: 119, Loss: 3.2826, Cls: 1.3130, Ind: 0.0000, Med: 0.6565, Spu: 0.0000, FD: 0.6567, FDAug: 0.6563, Var: 0.0000, Ctx: 6, MixCtx: 3, Train: 75.47%, Valid: 72.03%, Test In: 74.04% Test OOD1: 66.03% Test OOD2: 53.69% Test OOD3: 63.27% 
Epoch: 120, Loss: 3.3106, Cls: 1.3239, Ind: 0.0000, Med: 0.6621, Spu: 0.0000, FD: 0.6617, FDAug: 0.6628, Var: 0.0000, Ctx: 6, MixCtx: 3, Train: 75.46%, Valid: 72.10%, Test In: 73.86% Test OOD1: 67.19% Test OOD2: 53.49% Test OOD3: 63.69% 
Epoch: 121, Loss: 3.2726, Cls: 1.3089, Ind: 0.0000, Med: 0.6544, Spu: 0.0000, FD: 0.6548, FDAug: 0.6545, Var: 0.0000, Ctx: 6, MixCtx: 3, Train: 75.50%, Valid: 72.15%, Test In: 73.90% Test OOD1: 67.16% Test OOD2: 53.50% Test OOD3: 63.67% 
Epoch: 122, Loss: 3.2658, Cls: 1.3061, Ind: 0.0000, Med: 0.6530, Spu: 0.0000, FD: 0.6534, FDAug: 0.6533, Var: 0.0000, Ctx: 6, MixCtx: 3, Train: 75.58%, Valid: 72.16%, Test In: 74.08% Test OOD1: 66.34% Test OOD2: 53.66% Test OOD3: 63.36% 
Epoch: 123, Loss: 3.2931, Cls: 1.3170, Ind: 0.0000, Med: 0.6587, Spu: 0.0000, FD: 0.6582, FDAug: 0.6592, Var: 0.0000, Ctx: 6, MixCtx: 3, Train: 75.52%, Valid: 72.18%, Test In: 73.88% Test OOD1: 67.32% Test OOD2: 53.46% Test OOD3: 63.72% 
Epoch: 124, Loss: 3.2760, Cls: 1.3103, Ind: 0.0000, Med: 0.6551, Spu: 0.0000, FD: 0.6555, FDAug: 0.6551, Var: 0.0000, Ctx: 6, MixCtx: 3, Train: 75.63%, Valid: 72.26%, Test In: 74.03% Test OOD1: 67.00% Test OOD2: 53.55% Test OOD3: 63.59% 
Epoch: 125, Loss: 3.2567, Cls: 1.3024, Ind: 0.0000, Med: 0.6512, Spu: 0.0000, FD: 0.6514, FDAug: 0.6516, Var: 0.0000, Ctx: 6, MixCtx: 3, Train: 75.67%, Valid: 72.29%, Test In: 74.12% Test OOD1: 66.59% Test OOD2: 53.63% Test OOD3: 63.43% 
Epoch: 126, Loss: 3.2689, Cls: 1.3072, Ind: 0.0000, Med: 0.6536, Spu: 0.0000, FD: 0.6537, FDAug: 0.6543, Var: 0.0000, Ctx: 6, MixCtx: 3, Train: 75.63%, Valid: 72.30%, Test In: 73.99% Test OOD1: 67.29% Test OOD2: 53.48% Test OOD3: 63.70% 
Epoch: 127, Loss: 3.2714, Cls: 1.3085, Ind: 0.0000, Med: 0.6542, Spu: 0.0000, FD: 0.6546, FDAug: 0.6540, Var: 0.0000, Ctx: 6, MixCtx: 3, Train: 75.73%, Valid: 72.37%, Test In: 74.16% Test OOD1: 66.72% Test OOD2: 53.62% Test OOD3: 63.46% 
Epoch: 128, Loss: 3.2569, Cls: 1.3025, Ind: 0.0000, Med: 0.6512, Spu: 0.0000, FD: 0.6514, FDAug: 0.6518, Var: 0.0000, Ctx: 6, MixCtx: 3, Train: 75.76%, Valid: 72.41%, Test In: 74.18% Test OOD1: 66.74% Test OOD2: 53.61% Test OOD3: 63.46% 
Epoch: 129, Loss: 3.2533, Cls: 1.3011, Ind: 0.0000, Med: 0.6505, Spu: 0.0000, FD: 0.6507, FDAug: 0.6510, Var: 0.0000, Ctx: 6, MixCtx: 3, Train: 75.75%, Valid: 72.43%, Test In: 74.10% Test OOD1: 67.19% Test OOD2: 53.52% Test OOD3: 63.63% 
Epoch: 130, Loss: 3.2629, Cls: 1.3050, Ind: 0.0000, Med: 0.6523, Spu: 0.0000, FD: 0.6530, FDAug: 0.6526, Var: 0.0000, Ctx: 6, MixCtx: 3, Train: 75.79%, Valid: 72.46%, Test In: 74.26% Test OOD1: 66.29% Test OOD2: 53.69% Test OOD3: 63.28% 
Epoch: 131, Loss: 3.2642, Cls: 1.3055, Ind: 0.0000, Med: 0.6529, Spu: 0.0000, FD: 0.6525, FDAug: 0.6532, Var: 0.0000, Ctx: 6, MixCtx: 3, Train: 75.83%, Valid: 72.52%, Test In: 74.19% Test OOD1: 66.99% Test OOD2: 53.56% Test OOD3: 63.54% 
Epoch: 132, Loss: 3.2509, Cls: 1.3002, Ind: 0.0000, Med: 0.6500, Spu: 0.0000, FD: 0.6504, FDAug: 0.6503, Var: 0.0000, Ctx: 6, MixCtx: 3, Train: 75.87%, Valid: 72.56%, Test In: 74.23% Test OOD1: 66.89% Test OOD2: 53.58% Test OOD3: 63.50% 
Epoch: 133, Loss: 3.2474, Cls: 1.2988, Ind: 0.0000, Med: 0.6493, Spu: 0.0000, FD: 0.6497, FDAug: 0.6496, Var: 0.0000, Ctx: 6, MixCtx: 3, Train: 75.88%, Valid: 72.58%, Test In: 74.31% Test OOD1: 66.36% Test OOD2: 53.67% Test OOD3: 63.29% 
Epoch: 134, Loss: 3.2547, Cls: 1.3016, Ind: 0.0000, Med: 0.6509, Spu: 0.0000, FD: 0.6508, FDAug: 0.6513, Var: 0.0000, Ctx: 6, MixCtx: 3, Train: 75.91%, Valid: 72.63%, Test In: 74.22% Test OOD1: 67.16% Test OOD2: 53.53% Test OOD3: 63.60% 
Epoch: 135, Loss: 3.2555, Cls: 1.3021, Ind: 0.0000, Med: 0.6510, Spu: 0.0000, FD: 0.6514, FDAug: 0.6510, Var: 0.0000, Ctx: 6, MixCtx: 3, Train: 75.94%, Valid: 72.66%, Test In: 74.34% Test OOD1: 66.52% Test OOD2: 53.64% Test OOD3: 63.34% 
Epoch: 136, Loss: 3.2490, Cls: 1.2993, Ind: 0.0000, Med: 0.6497, Spu: 0.0000, FD: 0.6497, FDAug: 0.6502, Var: 0.0000, Ctx: 6, MixCtx: 3, Train: 75.98%, Valid: 72.70%, Test In: 74.30% Test OOD1: 66.95% Test OOD2: 53.57% Test OOD3: 63.50% 
Epoch: 137, Loss: 3.2419, Cls: 1.2966, Ind: 0.0000, Med: 0.6483, Spu: 0.0000, FD: 0.6485, FDAug: 0.6485, Var: 0.0000, Ctx: 6, MixCtx: 3, Train: 76.00%, Valid: 72.73%, Test In: 74.29% Test OOD1: 67.12% Test OOD2: 53.54% Test OOD3: 63.57% 
Epoch: 138, Loss: 3.2432, Cls: 1.2971, Ind: 0.0000, Med: 0.6485, Spu: 0.0000, FD: 0.6488, FDAug: 0.6487, Var: 0.0000, Ctx: 6, MixCtx: 3, Train: 76.03%, Valid: 72.76%, Test In: 74.39% Test OOD1: 66.59% Test OOD2: 53.62% Test OOD3: 63.35% 
Epoch: 139, Loss: 3.2492, Cls: 1.2994, Ind: 0.0000, Med: 0.6498, Spu: 0.0000, FD: 0.6497, FDAug: 0.6502, Var: 0.0000, Ctx: 6, MixCtx: 3, Train: 76.03%, Valid: 72.79%, Test In: 74.29% Test OOD1: 67.37% Test OOD2: 53.50% Test OOD3: 63.66% 
Epoch: 140, Loss: 3.2514, Cls: 1.3004, Ind: 0.0000, Med: 0.6501, Spu: 0.0000, FD: 0.6506, FDAug: 0.6502, Var: 0.0000, Ctx: 6, MixCtx: 3, Train: 76.09%, Valid: 72.83%, Test In: 74.42% Test OOD1: 66.59% Test OOD2: 53.61% Test OOD3: 63.34% 
Epoch: 141, Loss: 3.2505, Cls: 1.3000, Ind: 0.0000, Med: 0.6501, Spu: 0.0000, FD: 0.6499, FDAug: 0.6505, Var: 0.0000, Ctx: 6, MixCtx: 3, Train: 76.09%, Valid: 72.86%, Test In: 74.34% Test OOD1: 67.34% Test OOD2: 53.50% Test OOD3: 63.64% 
Epoch: 142, Loss: 3.2429, Cls: 1.2970, Ind: 0.0000, Med: 0.6484, Spu: 0.0000, FD: 0.6488, FDAug: 0.6486, Var: 0.0000, Ctx: 6, MixCtx: 3, Train: 76.15%, Valid: 72.91%, Test In: 74.42% Test OOD1: 66.99% Test OOD2: 53.55% Test OOD3: 63.50% 
Epoch: 143, Loss: 3.2362, Cls: 1.2943, Ind: 0.0000, Med: 0.6472, Spu: 0.0000, FD: 0.6472, FDAug: 0.6475, Var: 0.0000, Ctx: 6, MixCtx: 3, Train: 76.17%, Valid: 72.94%, Test In: 74.43% Test OOD1: 67.06% Test OOD2: 53.54% Test OOD3: 63.52% 
Epoch: 144, Loss: 3.2346, Cls: 1.2937, Ind: 0.0000, Med: 0.6469, Spu: 0.0000, FD: 0.6469, FDAug: 0.6471, Var: 0.0000, Ctx: 6, MixCtx: 3, Train: 76.17%, Valid: 72.95%, Test In: 74.39% Test OOD1: 67.39% Test OOD2: 53.48% Test OOD3: 63.65% 
Epoch: 145, Loss: 3.2378, Cls: 1.2950, Ind: 0.0000, Med: 0.6474, Spu: 0.0000, FD: 0.6478, FDAug: 0.6476, Var: 0.0000, Ctx: 6, MixCtx: 3, Train: 76.23%, Valid: 73.01%, Test In: 74.49% Test OOD1: 66.81% Test OOD2: 53.57% Test OOD3: 63.41% 
Epoch: 146, Loss: 3.2432, Cls: 1.2971, Ind: 0.0000, Med: 0.6486, Spu: 0.0000, FD: 0.6484, FDAug: 0.6490, Var: 0.0000, Ctx: 6, MixCtx: 3, Train: 76.20%, Valid: 72.98%, Test In: 74.38% Test OOD1: 67.57% Test OOD2: 53.44% Test OOD3: 63.72% 
Epoch: 147, Loss: 3.2457, Cls: 1.2982, Ind: 0.0000, Med: 0.6490, Spu: 0.0000, FD: 0.6494, FDAug: 0.6490, Var: 0.0000, Ctx: 6, MixCtx: 3, Train: 76.28%, Valid: 73.07%, Test In: 74.53% Test OOD1: 66.72% Test OOD2: 53.56% Test OOD3: 63.37% 
Epoch: 148, Loss: 3.2472, Cls: 1.2987, Ind: 0.0000, Med: 0.6495, Spu: 0.0000, FD: 0.6492, FDAug: 0.6499, Var: 0.0000, Ctx: 6, MixCtx: 3, Train: 76.26%, Valid: 73.04%, Test In: 74.42% Test OOD1: 67.56% Test OOD2: 53.44% Test OOD3: 63.71% 
Epoch: 149, Loss: 3.2419, Cls: 1.2967, Ind: 0.0000, Med: 0.6483, Spu: 0.0000, FD: 0.6486, FDAug: 0.6482, Var: 0.0000, Ctx: 6, MixCtx: 3, Train: 76.33%, Valid: 73.12%, Test In: 74.55% Test OOD1: 66.89% Test OOD2: 53.53% Test OOD3: 63.44% 
Epoch: 150, Loss: 3.2355, Cls: 1.2940, Ind: 0.0000, Med: 0.6471, Spu: 0.0000, FD: 0.6470, FDAug: 0.6475, Var: 0.0000, Ctx: 6, MixCtx: 3, Train: 76.34%, Valid: 73.13%, Test In: 74.50% Test OOD1: 67.35% Test OOD2: 53.47% Test OOD3: 63.62% 
Epoch: 151, Loss: 3.2283, Cls: 1.2912, Ind: 0.0000, Med: 0.6456, Spu: 0.0000, FD: 0.6457, FDAug: 0.6457, Var: 0.0000, Ctx: 6, MixCtx: 3, Train: 76.37%, Valid: 73.15%, Test In: 74.53% Test OOD1: 67.27% Test OOD2: 53.48% Test OOD3: 63.59% 
Epoch: 152, Loss: 3.2256, Cls: 1.2901, Ind: 0.0000, Med: 0.6451, Spu: 0.0000, FD: 0.6452, FDAug: 0.6452, Var: 0.0000, Ctx: 6, MixCtx: 3, Train: 76.40%, Valid: 73.18%, Test In: 74.57% Test OOD1: 67.04% Test OOD2: 53.51% Test OOD3: 63.50% 
Epoch: 153, Loss: 3.2276, Cls: 1.2908, Ind: 0.0000, Med: 0.6455, Spu: 0.0000, FD: 0.6454, FDAug: 0.6458, Var: 0.0000, Ctx: 6, MixCtx: 3, Train: 76.39%, Valid: 73.17%, Test In: 74.50% Test OOD1: 67.55% Test OOD2: 53.43% Test OOD3: 63.70% 
Epoch: 154, Loss: 3.2332, Cls: 1.2932, Ind: 0.0000, Med: 0.6465, Spu: 0.0000, FD: 0.6469, FDAug: 0.6466, Var: 0.0000, Ctx: 6, MixCtx: 3, Train: 76.44%, Valid: 73.25%, Test In: 74.62% Test OOD1: 66.63% Test OOD2: 53.54% Test OOD3: 63.34% 
Epoch: 155, Loss: 3.2448, Cls: 1.2978, Ind: 0.0000, Med: 0.6491, Spu: 0.0000, FD: 0.6485, FDAug: 0.6493, Var: 0.0000, Ctx: 6, MixCtx: 3, Train: 76.40%, Valid: 73.19%, Test In: 74.48% Test OOD1: 67.76% Test OOD2: 53.39% Test OOD3: 63.80% 
Epoch: 156, Loss: 3.2594, Cls: 1.3037, Ind: 0.0000, Med: 0.6517, Spu: 0.0000, FD: 0.6523, FDAug: 0.6516, Var: 0.0000, Ctx: 6, MixCtx: 3, Train: 76.44%, Valid: 73.30%, Test In: 74.64% Test OOD1: 66.12% Test OOD2: 53.58% Test OOD3: 63.17% 
Epoch: 157, Loss: 3.2760, Cls: 1.3101, Ind: 0.0000, Med: 0.6553, Spu: 0.0000, FD: 0.6548, FDAug: 0.6558, Var: 0.0000, Ctx: 6, MixCtx: 3, Train: 76.46%, Valid: 73.25%, Test In: 74.51% Test OOD1: 67.72% Test OOD2: 53.41% Test OOD3: 63.79% 
Epoch: 158, Loss: 3.2514, Cls: 1.3007, Ind: 0.0000, Med: 0.6504, Spu: 0.0000, FD: 0.6504, FDAug: 0.6498, Var: 0.0000, Ctx: 6, MixCtx: 3, Train: 76.54%, Valid: 73.34%, Test In: 74.62% Test OOD1: 67.09% Test OOD2: 53.50% Test OOD3: 63.56% 
Epoch: 159, Loss: 3.2247, Cls: 1.2897, Ind: 0.0000, Med: 0.6449, Spu: 0.0000, FD: 0.6449, FDAug: 0.6452, Var: 0.0000, Ctx: 6, MixCtx: 3, Train: 76.56%, Valid: 73.35%, Test In: 74.62% Test OOD1: 67.10% Test OOD2: 53.50% Test OOD3: 63.57% 
Epoch: 160, Loss: 3.2262, Cls: 1.2903, Ind: 0.0000, Med: 0.6452, Spu: 0.0000, FD: 0.6451, FDAug: 0.6455, Var: 0.0000, Ctx: 6, MixCtx: 3, Train: 76.48%, Valid: 73.24%, Test In: 74.48% Test OOD1: 67.87% Test OOD2: 53.37% Test OOD3: 63.89% 
Epoch: 161, Loss: 3.2442, Cls: 1.2977, Ind: 0.0000, Med: 0.6489, Spu: 0.0000, FD: 0.6491, FDAug: 0.6485, Var: 0.0000, Ctx: 6, MixCtx: 3, Train: 76.59%, Valid: 73.36%, Test In: 74.63% Test OOD1: 66.95% Test OOD2: 53.52% Test OOD3: 63.52% 
Epoch: 162, Loss: 3.2498, Cls: 1.2998, Ind: 0.0000, Med: 0.6502, Spu: 0.0000, FD: 0.6494, FDAug: 0.6504, Var: 0.0000, Ctx: 6, MixCtx: 3, Train: 76.52%, Valid: 73.26%, Test In: 74.50% Test OOD1: 67.84% Test OOD2: 53.39% Test OOD3: 63.88% 
Epoch: 163, Loss: 3.2294, Cls: 1.2917, Ind: 0.0000, Med: 0.6458, Spu: 0.0000, FD: 0.6460, FDAug: 0.6457, Var: 0.0000, Ctx: 6, MixCtx: 3, Train: 76.60%, Valid: 73.34%, Test In: 74.58% Test OOD1: 67.54% Test OOD2: 53.45% Test OOD3: 63.76% 
Epoch: 164, Loss: 3.2161, Cls: 1.2863, Ind: 0.0000, Med: 0.6432, Spu: 0.0000, FD: 0.6431, FDAug: 0.6434, Var: 0.0000, Ctx: 6, MixCtx: 3, Train: 76.65%, Valid: 73.39%, Test In: 74.63% Test OOD1: 67.25% Test OOD2: 53.49% Test OOD3: 63.66% 
Epoch: 165, Loss: 3.2222, Cls: 1.2887, Ind: 0.0000, Med: 0.6444, Spu: 0.0000, FD: 0.6442, FDAug: 0.6448, Var: 0.0000, Ctx: 6, MixCtx: 3, Train: 76.60%, Valid: 73.33%, Test In: 74.55% Test OOD1: 67.79% Test OOD2: 53.42% Test OOD3: 63.87% 
Epoch: 166, Loss: 3.2301, Cls: 1.2922, Ind: 0.0000, Med: 0.6462, Spu: 0.0000, FD: 0.6461, FDAug: 0.6457, Var: 0.0000, Ctx: 6, MixCtx: 3, Train: 76.69%, Valid: 73.44%, Test In: 74.67% Test OOD1: 67.04% Test OOD2: 53.52% Test OOD3: 63.58% 
Epoch: 167, Loss: 3.2246, Cls: 1.2896, Ind: 0.0000, Med: 0.6449, Spu: 0.0000, FD: 0.6448, FDAug: 0.6453, Var: 0.0000, Ctx: 6, MixCtx: 3, Train: 76.69%, Valid: 73.41%, Test In: 74.64% Test OOD1: 67.46% Test OOD2: 53.48% Test OOD3: 63.74% 
Epoch: 168, Loss: 3.2133, Cls: 1.2852, Ind: 0.0000, Med: 0.6427, Spu: 0.0000, FD: 0.6426, FDAug: 0.6427, Var: 0.0000, Ctx: 6, MixCtx: 3, Train: 76.70%, Valid: 73.40%, Test In: 74.63% Test OOD1: 67.56% Test OOD2: 53.47% Test OOD3: 63.78% 
Epoch: 169, Loss: 3.2151, Cls: 1.2860, Ind: 0.0000, Med: 0.6431, Spu: 0.0000, FD: 0.6430, FDAug: 0.6429, Var: 0.0000, Ctx: 6, MixCtx: 3, Train: 76.74%, Valid: 73.46%, Test In: 74.69% Test OOD1: 66.92% Test OOD2: 53.54% Test OOD3: 63.54% 
Epoch: 170, Loss: 3.2253, Cls: 1.2899, Ind: 0.0000, Med: 0.6451, Spu: 0.0000, FD: 0.6448, FDAug: 0.6454, Var: 0.0000, Ctx: 6, MixCtx: 3, Train: 76.71%, Valid: 73.39%, Test In: 74.61% Test OOD1: 67.72% Test OOD2: 53.45% Test OOD3: 63.85% 
Epoch: 171, Loss: 3.2273, Cls: 1.2909, Ind: 0.0000, Med: 0.6454, Spu: 0.0000, FD: 0.6457, FDAug: 0.6452, Var: 0.0000, Ctx: 6, MixCtx: 3, Train: 76.78%, Valid: 73.49%, Test In: 74.71% Test OOD1: 66.88% Test OOD2: 53.55% Test OOD3: 63.54% 
Epoch: 172, Loss: 3.2218, Cls: 1.2885, Ind: 0.0000, Med: 0.6444, Spu: 0.0000, FD: 0.6441, FDAug: 0.6447, Var: 0.0000, Ctx: 6, MixCtx: 3, Train: 76.79%, Valid: 73.47%, Test In: 74.67% Test OOD1: 67.47% Test OOD2: 53.49% Test OOD3: 63.76% 
Epoch: 173, Loss: 3.2114, Cls: 1.2845, Ind: 0.0000, Med: 0.6423, Spu: 0.0000, FD: 0.6424, FDAug: 0.6422, Var: 0.0000, Ctx: 6, MixCtx: 3, Train: 76.82%, Valid: 73.51%, Test In: 74.70% Test OOD1: 67.23% Test OOD2: 53.52% Test OOD3: 63.67% 
Epoch: 174, Loss: 3.2068, Cls: 1.2826, Ind: 0.0000, Med: 0.6414, Spu: 0.0000, FD: 0.6413, FDAug: 0.6414, Var: 0.0000, Ctx: 6, MixCtx: 3, Train: 76.85%, Valid: 73.54%, Test In: 74.72% Test OOD1: 67.07% Test OOD2: 53.54% Test OOD3: 63.62% 
Epoch: 175, Loss: 3.2082, Cls: 1.2832, Ind: 0.0000, Med: 0.6417, Spu: 0.0000, FD: 0.6415, FDAug: 0.6418, Var: 0.0000, Ctx: 6, MixCtx: 3, Train: 76.86%, Valid: 73.51%, Test In: 74.68% Test OOD1: 67.55% Test OOD2: 53.49% Test OOD3: 63.81% 
Epoch: 176, Loss: 3.2111, Cls: 1.2844, Ind: 0.0000, Med: 0.6422, Spu: 0.0000, FD: 0.6423, FDAug: 0.6421, Var: 0.0000, Ctx: 6, MixCtx: 3, Train: 76.91%, Valid: 73.56%, Test In: 74.74% Test OOD1: 66.99% Test OOD2: 53.55% Test OOD3: 63.61% 
Epoch: 177, Loss: 3.2130, Cls: 1.2851, Ind: 0.0000, Med: 0.6427, Spu: 0.0000, FD: 0.6423, FDAug: 0.6429, Var: 0.0000, Ctx: 6, MixCtx: 3, Train: 76.90%, Valid: 73.51%, Test In: 74.67% Test OOD1: 67.66% Test OOD2: 53.47% Test OOD3: 63.87% 
Epoch: 178, Loss: 3.2115, Cls: 1.2845, Ind: 0.0000, Med: 0.6422, Spu: 0.0000, FD: 0.6425, FDAug: 0.6422, Var: 0.0000, Ctx: 6, MixCtx: 3, Train: 76.96%, Valid: 73.58%, Test In: 74.74% Test OOD1: 67.09% Test OOD2: 53.54% Test OOD3: 63.67% 
Epoch: 179, Loss: 3.2086, Cls: 1.2834, Ind: 0.0000, Med: 0.6419, Spu: 0.0000, FD: 0.6414, FDAug: 0.6419, Var: 0.0000, Ctx: 6, MixCtx: 3, Train: 76.96%, Valid: 73.56%, Test In: 74.70% Test OOD1: 67.58% Test OOD2: 53.49% Test OOD3: 63.84% 
Epoch: 180, Loss: 3.2040, Cls: 1.2816, Ind: 0.0000, Med: 0.6408, Spu: 0.0000, FD: 0.6409, FDAug: 0.6408, Var: 0.0000, Ctx: 6, MixCtx: 3, Train: 77.01%, Valid: 73.60%, Test In: 74.74% Test OOD1: 67.27% Test OOD2: 53.52% Test OOD3: 63.74% 
Epoch: 181, Loss: 3.2005, Cls: 1.2801, Ind: 0.0000, Med: 0.6402, Spu: 0.0000, FD: 0.6399, FDAug: 0.6402, Var: 0.0000, Ctx: 6, MixCtx: 3, Train: 77.03%, Valid: 73.61%, Test In: 74.73% Test OOD1: 67.39% Test OOD2: 53.51% Test OOD3: 63.79% 
Epoch: 182, Loss: 3.1984, Cls: 1.2793, Ind: 0.0000, Med: 0.6398, Spu: 0.0000, FD: 0.6396, FDAug: 0.6397, Var: 0.0000, Ctx: 6, MixCtx: 3, Train: 77.05%, Valid: 73.60%, Test In: 74.73% Test OOD1: 67.50% Test OOD2: 53.50% Test OOD3: 63.83% 
Epoch: 183, Loss: 3.1981, Cls: 1.2792, Ind: 0.0000, Med: 0.6397, Spu: 0.0000, FD: 0.6396, FDAug: 0.6396, Var: 0.0000, Ctx: 6, MixCtx: 3, Train: 77.09%, Valid: 73.62%, Test In: 74.77% Test OOD1: 67.21% Test OOD2: 53.52% Test OOD3: 63.74% 
Epoch: 184, Loss: 3.1997, Cls: 1.2797, Ind: 0.0000, Med: 0.6400, Spu: 0.0000, FD: 0.6397, FDAug: 0.6402, Var: 0.0000, Ctx: 6, MixCtx: 3, Train: 77.09%, Valid: 73.59%, Test In: 74.72% Test OOD1: 67.67% Test OOD2: 53.48% Test OOD3: 63.91% 
Epoch: 185, Loss: 3.2033, Cls: 1.2813, Ind: 0.0000, Med: 0.6407, Spu: 0.0000, FD: 0.6407, FDAug: 0.6405, Var: 0.0000, Ctx: 6, MixCtx: 3, Train: 77.14%, Valid: 73.65%, Test In: 74.79% Test OOD1: 66.87% Test OOD2: 53.57% Test OOD3: 63.62% 
Epoch: 186, Loss: 3.2124, Cls: 1.2847, Ind: 0.0000, Med: 0.6425, Spu: 0.0000, FD: 0.6422, FDAug: 0.6429, Var: 0.0000, Ctx: 6, MixCtx: 3, Train: 77.11%, Valid: 73.59%, Test In: 74.70% Test OOD1: 67.85% Test OOD2: 53.46% Test OOD3: 63.99% 
Epoch: 187, Loss: 3.2303, Cls: 1.2923, Ind: 0.0000, Med: 0.6462, Spu: 0.0000, FD: 0.6462, FDAug: 0.6456, Var: 0.0000, Ctx: 6, MixCtx: 3, Train: 77.15%, Valid: 73.65%, Test In: 74.77% Test OOD1: 66.24% Test OOD2: 53.61% Test OOD3: 63.41% 
Epoch: 188, Loss: 3.2666, Cls: 1.3062, Ind: 0.0000, Med: 0.6533, Spu: 0.0000, FD: 0.6530, FDAug: 0.6542, Var: 0.0000, Ctx: 6, MixCtx: 3, Train: 77.11%, Valid: 73.55%, Test In: 74.66% Test OOD1: 68.04% Test OOD2: 53.44% Test OOD3: 64.09% 
Epoch: 189, Loss: 3.2708, Cls: 1.3086, Ind: 0.0000, Med: 0.6543, Spu: 0.0000, FD: 0.6544, FDAug: 0.6534, Var: 0.0000, Ctx: 6, MixCtx: 3, Train: 77.23%, Valid: 73.68%, Test In: 74.79% Test OOD1: 66.66% Test OOD2: 53.61% Test OOD3: 63.58% 
Epoch: 190, Loss: 3.2399, Cls: 1.2958, Ind: 0.0000, Med: 0.6481, Spu: 0.0000, FD: 0.6476, FDAug: 0.6484, Var: 0.0000, Ctx: 6, MixCtx: 3, Train: 77.24%, Valid: 73.63%, Test In: 74.73% Test OOD1: 67.67% Test OOD2: 53.51% Test OOD3: 63.96% 
Epoch: 191, Loss: 3.1935, Cls: 1.2775, Ind: 0.0000, Med: 0.6389, Spu: 0.0000, FD: 0.6385, FDAug: 0.6386, Var: 0.0000, Ctx: 6, MixCtx: 3, Train: 77.14%, Valid: 73.48%, Test In: 74.61% Test OOD1: 68.15% Test OOD2: 53.43% Test OOD3: 64.18% 
Epoch: 192, Loss: 3.2231, Cls: 1.2893, Ind: 0.0000, Med: 0.6447, Spu: 0.0000, FD: 0.6447, FDAug: 0.6443, Var: 0.0000, Ctx: 6, MixCtx: 3, Train: 77.28%, Valid: 73.62%, Test In: 74.77% Test OOD1: 67.12% Test OOD2: 53.60% Test OOD3: 63.75% 
Epoch: 193, Loss: 3.2507, Cls: 1.3002, Ind: 0.0000, Med: 0.6505, Spu: 0.0000, FD: 0.6494, FDAug: 0.6505, Var: 0.0000, Ctx: 6, MixCtx: 3, Train: 77.17%, Valid: 73.48%, Test In: 74.62% Test OOD1: 68.14% Test OOD2: 53.48% Test OOD3: 64.17% 
Epoch: 194, Loss: 3.2020, Cls: 1.2808, Ind: 0.0000, Med: 0.6404, Spu: 0.0000, FD: 0.6405, FDAug: 0.6403, Var: 0.0000, Ctx: 6, MixCtx: 3, Train: 77.22%, Valid: 73.51%, Test In: 74.64% Test OOD1: 68.07% Test OOD2: 53.50% Test OOD3: 64.14% 
Epoch: 195, Loss: 3.1979, Cls: 1.2791, Ind: 0.0000, Med: 0.6395, Spu: 0.0000, FD: 0.6397, FDAug: 0.6396, Var: 0.0000, Ctx: 6, MixCtx: 3, Train: 77.35%, Valid: 73.64%, Test In: 74.78% Test OOD1: 67.14% Test OOD2: 53.64% Test OOD3: 63.77% 
Epoch: 196, Loss: 3.2276, Cls: 1.2911, Ind: 0.0000, Med: 0.6459, Spu: 0.0000, FD: 0.6449, FDAug: 0.6457, Var: 0.0000, Ctx: 6, MixCtx: 3, Train: 77.30%, Valid: 73.57%, Test In: 74.70% Test OOD1: 67.92% Test OOD2: 53.55% Test OOD3: 64.07% 
Epoch: 197, Loss: 3.1997, Cls: 1.2799, Ind: 0.0000, Med: 0.6400, Spu: 0.0000, FD: 0.6400, FDAug: 0.6398, Var: 0.0000, Ctx: 6, MixCtx: 3, Train: 77.34%, Valid: 73.60%, Test In: 74.73% Test OOD1: 67.76% Test OOD2: 53.59% Test OOD3: 64.00% 
Epoch: 198, Loss: 3.1911, Cls: 1.2765, Ind: 0.0000, Med: 0.6383, Spu: 0.0000, FD: 0.6382, FDAug: 0.6381, Var: 0.0000, Ctx: 6, MixCtx: 3, Train: 77.40%, Valid: 73.64%, Test In: 74.80% Test OOD1: 67.03% Test OOD2: 53.69% Test OOD3: 63.72% 
Epoch: 199, Loss: 3.2120, Cls: 1.2845, Ind: 0.0000, Med: 0.6423, Spu: 0.0000, FD: 0.6422, FDAug: 0.6430, Var: 0.0000, Ctx: 6, MixCtx: 3, Train: 77.35%, Valid: 73.55%, Test In: 74.71% Test OOD1: 67.86% Test OOD2: 53.60% Test OOD3: 64.04% 
Epoch: 200, Loss: 3.1958, Cls: 1.2785, Ind: 0.0000, Med: 0.6394, Spu: 0.0000, FD: 0.6391, FDAug: 0.6388, Var: 0.0000, Ctx: 6, MixCtx: 3, Train: 77.40%, Valid: 73.59%, Test In: 74.74% Test OOD1: 67.60% Test OOD2: 53.66% Test OOD3: 63.93% 
Epoch: 201, Loss: 3.1829, Cls: 1.2731, Ind: 0.0000, Med: 0.6366, Spu: 0.0000, FD: 0.6365, FDAug: 0.6366, Var: 0.0000, Ctx: 6, MixCtx: 3, Train: 77.44%, Valid: 73.63%, Test In: 74.79% Test OOD1: 67.10% Test OOD2: 53.73% Test OOD3: 63.74% 
Epoch: 202, Loss: 3.1960, Cls: 1.2780, Ind: 0.0000, Med: 0.6391, Spu: 0.0000, FD: 0.6391, FDAug: 0.6397, Var: 0.0000, Ctx: 6, MixCtx: 3, Train: 77.43%, Valid: 73.60%, Test In: 74.73% Test OOD1: 67.71% Test OOD2: 53.67% Test OOD3: 63.98% 
Epoch: 203, Loss: 3.1973, Cls: 1.2791, Ind: 0.0000, Med: 0.6397, Spu: 0.0000, FD: 0.6394, FDAug: 0.6391, Var: 0.0000, Ctx: 6, MixCtx: 3, Train: 77.48%, Valid: 73.68%, Test In: 74.79% Test OOD1: 67.06% Test OOD2: 53.77% Test OOD3: 63.73% 
Epoch: 204, Loss: 3.1835, Cls: 1.2732, Ind: 0.0000, Med: 0.6367, Spu: 0.0000, FD: 0.6365, FDAug: 0.6370, Var: 0.0000, Ctx: 6, MixCtx: 3, Train: 77.51%, Valid: 73.69%, Test In: 74.79% Test OOD1: 67.11% Test OOD2: 53.79% Test OOD3: 63.76% 
Epoch: 205, Loss: 3.1796, Cls: 1.2718, Ind: 0.0000, Med: 0.6360, Spu: 0.0000, FD: 0.6357, FDAug: 0.6360, Var: 0.0000, Ctx: 6, MixCtx: 3, Train: 77.52%, Valid: 73.67%, Test In: 74.75% Test OOD1: 67.55% Test OOD2: 53.75% Test OOD3: 63.93% 
Epoch: 206, Loss: 3.1876, Cls: 1.2750, Ind: 0.0000, Med: 0.6375, Spu: 0.0000, FD: 0.6377, FDAug: 0.6374, Var: 0.0000, Ctx: 6, MixCtx: 3, Train: 77.55%, Valid: 73.68%, Test In: 74.78% Test OOD1: 67.00% Test OOD2: 53.82% Test OOD3: 63.73% 
Epoch: 207, Loss: 3.1885, Cls: 1.2754, Ind: 0.0000, Med: 0.6380, Spu: 0.0000, FD: 0.6372, FDAug: 0.6379, Var: 0.0000, Ctx: 6, MixCtx: 3, Train: 77.57%, Valid: 73.65%, Test In: 74.74% Test OOD1: 67.59% Test OOD2: 53.76% Test OOD3: 63.96% 
Epoch: 208, Loss: 3.1785, Cls: 1.2713, Ind: 0.0000, Med: 0.6357, Spu: 0.0000, FD: 0.6358, FDAug: 0.6357, Var: 0.0000, Ctx: 6, MixCtx: 3, Train: 77.60%, Valid: 73.67%, Test In: 74.74% Test OOD1: 67.49% Test OOD2: 53.78% Test OOD3: 63.92% 
Epoch: 209, Loss: 3.1738, Cls: 1.2695, Ind: 0.0000, Med: 0.6348, Spu: 0.0000, FD: 0.6347, FDAug: 0.6348, Var: 0.0000, Ctx: 6, MixCtx: 3, Train: 77.63%, Valid: 73.68%, Test In: 74.75% Test OOD1: 67.21% Test OOD2: 53.82% Test OOD3: 63.82% 
Epoch: 210, Loss: 3.1782, Cls: 1.2712, Ind: 0.0000, Med: 0.6358, Spu: 0.0000, FD: 0.6353, FDAug: 0.6358, Var: 0.0000, Ctx: 6, MixCtx: 3, Train: 77.64%, Valid: 73.66%, Test In: 74.71% Test OOD1: 67.64% Test OOD2: 53.77% Test OOD3: 63.99% 
Epoch: 211, Loss: 3.1803, Cls: 1.2720, Ind: 0.0000, Med: 0.6360, Spu: 0.0000, FD: 0.6362, FDAug: 0.6360, Var: 0.0000, Ctx: 6, MixCtx: 3, Train: 77.69%, Valid: 73.69%, Test In: 74.74% Test OOD1: 67.18% Test OOD2: 53.84% Test OOD3: 63.81% 
Epoch: 212, Loss: 3.1755, Cls: 1.2701, Ind: 0.0000, Med: 0.6352, Spu: 0.0000, FD: 0.6348, FDAug: 0.6353, Var: 0.0000, Ctx: 6, MixCtx: 3, Train: 77.70%, Valid: 73.66%, Test In: 74.72% Test OOD1: 67.45% Test OOD2: 53.80% Test OOD3: 63.90% 
Epoch: 213, Loss: 3.1691, Cls: 1.2676, Ind: 0.0000, Med: 0.6339, Spu: 0.0000, FD: 0.6337, FDAug: 0.6338, Var: 0.0000, Ctx: 6, MixCtx: 3, Train: 77.72%, Valid: 73.64%, Test In: 74.71% Test OOD1: 67.54% Test OOD2: 53.78% Test OOD3: 63.94% 
Epoch: 214, Loss: 3.1699, Cls: 1.2679, Ind: 0.0000, Med: 0.6340, Spu: 0.0000, FD: 0.6340, FDAug: 0.6340, Var: 0.0000, Ctx: 6, MixCtx: 3, Train: 77.75%, Valid: 73.65%, Test In: 74.73% Test OOD1: 67.12% Test OOD2: 53.83% Test OOD3: 63.77% 
Epoch: 215, Loss: 3.1747, Cls: 1.2696, Ind: 0.0000, Med: 0.6349, Spu: 0.0000, FD: 0.6348, FDAug: 0.6354, Var: 0.0000, Ctx: 6, MixCtx: 3, Train: 77.76%, Valid: 73.62%, Test In: 74.70% Test OOD1: 67.55% Test OOD2: 53.78% Test OOD3: 63.94% 
Epoch: 216, Loss: 3.1766, Cls: 1.2707, Ind: 0.0000, Med: 0.6354, Spu: 0.0000, FD: 0.6353, FDAug: 0.6351, Var: 0.0000, Ctx: 6, MixCtx: 3, Train: 77.79%, Valid: 73.63%, Test In: 74.71% Test OOD1: 66.90% Test OOD2: 53.86% Test OOD3: 63.66% 
Epoch: 217, Loss: 3.1751, Cls: 1.2699, Ind: 0.0000, Med: 0.6351, Spu: 0.0000, FD: 0.6348, FDAug: 0.6353, Var: 0.0000, Ctx: 6, MixCtx: 3, Train: 77.81%, Valid: 73.63%, Test In: 74.68% Test OOD1: 67.37% Test OOD2: 53.81% Test OOD3: 63.85% 
Epoch: 218, Loss: 3.1691, Cls: 1.2676, Ind: 0.0000, Med: 0.6339, Spu: 0.0000, FD: 0.6338, FDAug: 0.6337, Var: 0.0000, Ctx: 6, MixCtx: 3, Train: 77.84%, Valid: 73.62%, Test In: 74.68% Test OOD1: 67.15% Test OOD2: 53.85% Test OOD3: 63.75% 
Epoch: 219, Loss: 3.1638, Cls: 1.2654, Ind: 0.0000, Med: 0.6328, Spu: 0.0000, FD: 0.6326, FDAug: 0.6329, Var: 0.0000, Ctx: 6, MixCtx: 3, Train: 77.86%, Valid: 73.61%, Test In: 74.66% Test OOD1: 67.30% Test OOD2: 53.84% Test OOD3: 63.83% 
Epoch: 220, Loss: 3.1614, Cls: 1.2644, Ind: 0.0000, Med: 0.6323, Spu: 0.0000, FD: 0.6322, FDAug: 0.6324, Var: 0.0000, Ctx: 6, MixCtx: 3, Train: 77.88%, Valid: 73.61%, Test In: 74.64% Test OOD1: 67.35% Test OOD2: 53.85% Test OOD3: 63.86% 
Epoch: 221, Loss: 3.1612, Cls: 1.2644, Ind: 0.0000, Med: 0.6323, Spu: 0.0000, FD: 0.6323, FDAug: 0.6323, Var: 0.0000, Ctx: 6, MixCtx: 3, Train: 77.91%, Valid: 73.62%, Test In: 74.66% Test OOD1: 67.04% Test OOD2: 53.92% Test OOD3: 63.73% 
Epoch: 222, Loss: 3.1631, Cls: 1.2651, Ind: 0.0000, Med: 0.6327, Spu: 0.0000, FD: 0.6324, FDAug: 0.6328, Var: 0.0000, Ctx: 6, MixCtx: 3, Train: 77.92%, Valid: 73.62%, Test In: 74.64% Test OOD1: 67.38% Test OOD2: 53.90% Test OOD3: 63.89% 
Epoch: 223, Loss: 3.1661, Cls: 1.2664, Ind: 0.0000, Med: 0.6332, Spu: 0.0000, FD: 0.6334, FDAug: 0.6332, Var: 0.0000, Ctx: 6, MixCtx: 3, Train: 77.94%, Valid: 73.62%, Test In: 74.65% Test OOD1: 66.87% Test OOD2: 53.98% Test OOD3: 63.67% 
Epoch: 224, Loss: 3.1714, Cls: 1.2685, Ind: 0.0000, Med: 0.6345, Spu: 0.0000, FD: 0.6339, FDAug: 0.6345, Var: 0.0000, Ctx: 6, MixCtx: 3, Train: 77.94%, Valid: 73.61%, Test In: 74.62% Test OOD1: 67.57% Test OOD2: 53.91% Test OOD3: 63.99% 
Epoch: 225, Loss: 3.1786, Cls: 1.2713, Ind: 0.0000, Med: 0.6356, Spu: 0.0000, FD: 0.6360, FDAug: 0.6356, Var: 0.0000, Ctx: 6, MixCtx: 3, Train: 77.97%, Valid: 73.61%, Test In: 74.63% Test OOD1: 66.71% Test OOD2: 54.03% Test OOD3: 63.61% 
Epoch: 226, Loss: 3.1922, Cls: 1.2769, Ind: 0.0000, Med: 0.6387, Spu: 0.0000, FD: 0.6379, FDAug: 0.6386, Var: 0.0000, Ctx: 6, MixCtx: 3, Train: 77.97%, Valid: 73.61%, Test In: 74.61% Test OOD1: 67.65% Test OOD2: 53.94% Test OOD3: 64.04% 
Epoch: 227, Loss: 3.1958, Cls: 1.2784, Ind: 0.0000, Med: 0.6392, Spu: 0.0000, FD: 0.6394, FDAug: 0.6388, Var: 0.0000, Ctx: 6, MixCtx: 3, Train: 78.01%, Valid: 73.63%, Test In: 74.63% Test OOD1: 66.74% Test OOD2: 54.08% Test OOD3: 63.64% 
Epoch: 228, Loss: 3.1903, Cls: 1.2760, Ind: 0.0000, Med: 0.6382, Spu: 0.0000, FD: 0.6377, FDAug: 0.6385, Var: 0.0000, Ctx: 6, MixCtx: 3, Train: 78.01%, Valid: 73.62%, Test In: 74.60% Test OOD1: 67.57% Test OOD2: 53.99% Test OOD3: 64.01% 
Epoch: 229, Loss: 3.1629, Cls: 1.2652, Ind: 0.0000, Med: 0.6327, Spu: 0.0000, FD: 0.6325, FDAug: 0.6324, Var: 0.0000, Ctx: 6, MixCtx: 3, Train: 78.03%, Valid: 73.63%, Test In: 74.60% Test OOD1: 67.48% Test OOD2: 54.00% Test OOD3: 63.97% 
Epoch: 230, Loss: 3.1524, Cls: 1.2609, Ind: 0.0000, Med: 0.6305, Spu: 0.0000, FD: 0.6304, FDAug: 0.6305, Var: 0.0000, Ctx: 6, MixCtx: 3, Train: 78.06%, Valid: 73.63%, Test In: 74.61% Test OOD1: 67.16% Test OOD2: 54.06% Test OOD3: 63.83% 
Epoch: 231, Loss: 3.1647, Cls: 1.2656, Ind: 0.0000, Med: 0.6329, Spu: 0.0000, FD: 0.6328, FDAug: 0.6333, Var: 0.0000, Ctx: 6, MixCtx: 3, Train: 78.03%, Valid: 73.60%, Test In: 74.59% Test OOD1: 67.70% Test OOD2: 53.99% Test OOD3: 64.08% 
Epoch: 232, Loss: 3.1744, Cls: 1.2700, Ind: 0.0000, Med: 0.6351, Spu: 0.0000, FD: 0.6349, FDAug: 0.6344, Var: 0.0000, Ctx: 6, MixCtx: 3, Train: 78.10%, Valid: 73.66%, Test In: 74.62% Test OOD1: 66.77% Test OOD2: 54.16% Test OOD3: 63.68% 
Epoch: 233, Loss: 3.1717, Cls: 1.2684, Ind: 0.0000, Med: 0.6343, Spu: 0.0000, FD: 0.6342, FDAug: 0.6349, Var: 0.0000, Ctx: 6, MixCtx: 3, Train: 78.13%, Valid: 73.67%, Test In: 74.64% Test OOD1: 67.24% Test OOD2: 54.12% Test OOD3: 63.89% 
Epoch: 234, Loss: 3.1546, Cls: 1.2618, Ind: 0.0000, Med: 0.6309, Spu: 0.0000, FD: 0.6310, FDAug: 0.6309, Var: 0.0000, Ctx: 6, MixCtx: 3, Train: 78.14%, Valid: 73.65%, Test In: 74.62% Test OOD1: 67.20% Test OOD2: 54.13% Test OOD3: 63.87% 
Epoch: 235, Loss: 3.1461, Cls: 1.2583, Ind: 0.0000, Med: 0.6292, Spu: 0.0000, FD: 0.6292, FDAug: 0.6293, Var: 0.0000, Ctx: 6, MixCtx: 3, Train: 78.15%, Valid: 73.64%, Test In: 74.61% Test OOD1: 66.98% Test OOD2: 54.15% Test OOD3: 63.77% 
Epoch: 236, Loss: 3.1565, Cls: 1.2623, Ind: 0.0000, Med: 0.6313, Spu: 0.0000, FD: 0.6312, FDAug: 0.6317, Var: 0.0000, Ctx: 6, MixCtx: 3, Train: 78.13%, Valid: 73.63%, Test In: 74.60% Test OOD1: 67.51% Test OOD2: 54.09% Test OOD3: 64.01% 
Epoch: 237, Loss: 3.1678, Cls: 1.2672, Ind: 0.0000, Med: 0.6336, Spu: 0.0000, FD: 0.6337, FDAug: 0.6333, Var: 0.0000, Ctx: 6, MixCtx: 3, Train: 78.17%, Valid: 73.64%, Test In: 74.59% Test OOD1: 66.49% Test OOD2: 54.27% Test OOD3: 63.59% 
Epoch: 238, Loss: 3.1734, Cls: 1.2692, Ind: 0.0000, Med: 0.6348, Spu: 0.0000, FD: 0.6343, FDAug: 0.6350, Var: 0.0000, Ctx: 6, MixCtx: 3, Train: 78.20%, Valid: 73.69%, Test In: 74.63% Test OOD1: 67.19% Test OOD2: 54.21% Test OOD3: 63.89% 
Epoch: 239, Loss: 3.1570, Cls: 1.2627, Ind: 0.0000, Med: 0.6313, Spu: 0.0000, FD: 0.6316, FDAug: 0.6314, Var: 0.0000, Ctx: 6, MixCtx: 3, Train: 78.24%, Valid: 73.67%, Test In: 74.60% Test OOD1: 67.13% Test OOD2: 54.21% Test OOD3: 63.87% 
Epoch: 240, Loss: 3.1404, Cls: 1.2560, Ind: 0.0000, Med: 0.6281, Spu: 0.0000, FD: 0.6281, FDAug: 0.6282, Var: 0.0000, Ctx: 6, MixCtx: 3, Train: 78.23%, Valid: 73.64%, Test In: 74.57% Test OOD1: 67.17% Test OOD2: 54.18% Test OOD3: 63.88% 
Epoch: 241, Loss: 3.1474, Cls: 1.2588, Ind: 0.0000, Med: 0.6295, Spu: 0.0000, FD: 0.6294, FDAug: 0.6298, Var: 0.0000, Ctx: 6, MixCtx: 3, Train: 78.21%, Valid: 73.63%, Test In: 74.57% Test OOD1: 67.54% Test OOD2: 54.14% Test OOD3: 64.06% 
Epoch: 242, Loss: 3.1565, Cls: 1.2625, Ind: 0.0000, Med: 0.6312, Spu: 0.0000, FD: 0.6315, FDAug: 0.6312, Var: 0.0000, Ctx: 6, MixCtx: 3, Train: 78.26%, Valid: 73.66%, Test In: 74.58% Test OOD1: 66.54% Test OOD2: 54.34% Test OOD3: 63.65% 
Epoch: 243, Loss: 3.1657, Cls: 1.2663, Ind: 0.0000, Med: 0.6334, Spu: 0.0000, FD: 0.6327, FDAug: 0.6333, Var: 0.0000, Ctx: 6, MixCtx: 3, Train: 78.30%, Valid: 73.68%, Test In: 74.62% Test OOD1: 67.19% Test OOD2: 54.27% Test OOD3: 63.92% 
Epoch: 244, Loss: 3.1530, Cls: 1.2611, Ind: 0.0000, Med: 0.6305, Spu: 0.0000, FD: 0.6308, FDAug: 0.6306, Var: 0.0000, Ctx: 6, MixCtx: 3, Train: 78.33%, Valid: 73.66%, Test In: 74.58% Test OOD1: 67.14% Test OOD2: 54.24% Test OOD3: 63.90% 
Epoch: 245, Loss: 3.1349, Cls: 1.2538, Ind: 0.0000, Med: 0.6269, Spu: 0.0000, FD: 0.6270, FDAug: 0.6272, Var: 0.0000, Ctx: 6, MixCtx: 3, Train: 78.31%, Valid: 73.62%, Test In: 74.55% Test OOD1: 67.22% Test OOD2: 54.20% Test OOD3: 63.92% 
Epoch: 246, Loss: 3.1415, Cls: 1.2563, Ind: 0.0000, Med: 0.6281, Spu: 0.0000, FD: 0.6283, FDAug: 0.6287, Var: 0.0000, Ctx: 6, MixCtx: 3, Train: 78.33%, Valid: 73.63%, Test In: 74.56% Test OOD1: 67.42% Test OOD2: 54.18% Test OOD3: 64.03% 
Epoch: 247, Loss: 3.1452, Cls: 1.2581, Ind: 0.0000, Med: 0.6291, Spu: 0.0000, FD: 0.6291, FDAug: 0.6289, Var: 0.0000, Ctx: 6, MixCtx: 3, Train: 78.33%, Valid: 73.62%, Test In: 74.54% Test OOD1: 66.34% Test OOD2: 54.39% Test OOD3: 63.61% 
Epoch: 248, Loss: 3.1594, Cls: 1.2635, Ind: 0.0000, Med: 0.6319, Spu: 0.0000, FD: 0.6317, FDAug: 0.6323, Var: 0.0000, Ctx: 6, MixCtx: 3, Train: 78.40%, Valid: 73.65%, Test In: 74.59% Test OOD1: 67.04% Test OOD2: 54.30% Test OOD3: 63.89% 
Epoch: 249, Loss: 3.1484, Cls: 1.2594, Ind: 0.0000, Med: 0.6298, Spu: 0.0000, FD: 0.6296, FDAug: 0.6294, Var: 0.0000, Ctx: 6, MixCtx: 3, Train: 78.42%, Valid: 73.63%, Test In: 74.52% Test OOD1: 66.99% Test OOD2: 54.26% Test OOD3: 63.85% 
Epoch: 250, Loss: 3.1307, Cls: 1.2520, Ind: 0.0000, Med: 0.6260, Spu: 0.0000, FD: 0.6262, FDAug: 0.6265, Var: 0.0000, Ctx: 6, MixCtx: 3, Train: 78.39%, Valid: 73.59%, Test In: 74.49% Test OOD1: 67.17% Test OOD2: 54.21% Test OOD3: 63.90% 
Epoch: 251, Loss: 3.1343, Cls: 1.2534, Ind: 0.0000, Med: 0.6267, Spu: 0.0000, FD: 0.6270, FDAug: 0.6272, Var: 0.0000, Ctx: 6, MixCtx: 3, Train: 78.46%, Valid: 73.64%, Test In: 74.52% Test OOD1: 67.11% Test OOD2: 54.28% Test OOD3: 63.91% 
Epoch: 252, Loss: 3.1304, Cls: 1.2520, Ind: 0.0000, Med: 0.6260, Spu: 0.0000, FD: 0.6262, FDAug: 0.6261, Var: 0.0000, Ctx: 6, MixCtx: 3, Train: 78.43%, Valid: 73.61%, Test In: 74.50% Test OOD1: 66.32% Test OOD2: 54.44% Test OOD3: 63.59% 
Epoch: 253, Loss: 3.1420, Cls: 1.2567, Ind: 0.0000, Med: 0.6285, Spu: 0.0000, FD: 0.6282, FDAug: 0.6286, Var: 0.0000, Ctx: 6, MixCtx: 3, Train: 78.51%, Valid: 73.65%, Test In: 74.53% Test OOD1: 67.00% Test OOD2: 54.34% Test OOD3: 63.87% 
Epoch: 254, Loss: 3.1349, Cls: 1.2539, Ind: 0.0000, Med: 0.6269, Spu: 0.0000, FD: 0.6272, FDAug: 0.6270, Var: 0.0000, Ctx: 6, MixCtx: 3, Train: 78.51%, Valid: 73.61%, Test In: 74.46% Test OOD1: 66.81% Test OOD2: 54.33% Test OOD3: 63.77% 
Epoch: 255, Loss: 3.1337, Cls: 1.2533, Ind: 0.0000, Med: 0.6268, Spu: 0.0000, FD: 0.6266, FDAug: 0.6270, Var: 0.0000, Ctx: 6, MixCtx: 3, Train: 78.51%, Valid: 73.62%, Test In: 74.47% Test OOD1: 67.20% Test OOD2: 54.28% Test OOD3: 63.95% 
Epoch: 256, Loss: 3.1314, Cls: 1.2523, Ind: 0.0000, Med: 0.6260, Spu: 0.0000, FD: 0.6266, FDAug: 0.6264, Var: 0.0000, Ctx: 6, MixCtx: 3, Train: 78.50%, Valid: 73.61%, Test In: 74.47% Test OOD1: 66.24% Test OOD2: 54.49% Test OOD3: 63.59% 
Epoch: 257, Loss: 3.1390, Cls: 1.2555, Ind: 0.0000, Med: 0.6280, Spu: 0.0000, FD: 0.6275, FDAug: 0.6280, Var: 0.0000, Ctx: 6, MixCtx: 3, Train: 78.57%, Valid: 73.67%, Test In: 74.52% Test OOD1: 66.90% Test OOD2: 54.43% Test OOD3: 63.86% 
Epoch: 258, Loss: 3.1422, Cls: 1.2568, Ind: 0.0000, Med: 0.6284, Spu: 0.0000, FD: 0.6287, FDAug: 0.6284, Var: 0.0000, Ctx: 6, MixCtx: 3, Train: 78.60%, Valid: 73.61%, Test In: 74.43% Test OOD1: 66.68% Test OOD2: 54.42% Test OOD3: 63.77% 
Epoch: 259, Loss: 3.1388, Cls: 1.2553, Ind: 0.0000, Med: 0.6278, Spu: 0.0000, FD: 0.6276, FDAug: 0.6281, Var: 0.0000, Ctx: 6, MixCtx: 3, Train: 78.47%, Valid: 73.57%, Test In: 74.41% Test OOD1: 67.46% Test OOD2: 54.24% Test OOD3: 64.06% 
Epoch: 260, Loss: 3.1523, Cls: 1.2608, Ind: 0.0000, Med: 0.6303, Spu: 0.0000, FD: 0.6308, FDAug: 0.6303, Var: 0.0000, Ctx: 6, MixCtx: 3, Train: 78.52%, Valid: 73.58%, Test In: 74.39% Test OOD1: 65.99% Test OOD2: 54.56% Test OOD3: 63.53% 
Epoch: 261, Loss: 3.1808, Cls: 1.2723, Ind: 0.0000, Med: 0.6364, Spu: 0.0000, FD: 0.6357, FDAug: 0.6362, Var: 0.0000, Ctx: 6, MixCtx: 3, Train: 78.60%, Valid: 73.69%, Test In: 74.53% Test OOD1: 66.93% Test OOD2: 54.53% Test OOD3: 63.91% 
Epoch: 262, Loss: 3.1773, Cls: 1.2711, Ind: 0.0000, Med: 0.6357, Spu: 0.0000, FD: 0.6354, FDAug: 0.6351, Var: 0.0000, Ctx: 6, MixCtx: 3, Train: 78.68%, Valid: 73.65%, Test In: 74.44% Test OOD1: 66.94% Test OOD2: 54.49% Test OOD3: 63.88% 
Epoch: 263, Loss: 3.1203, Cls: 1.2479, Ind: 0.0000, Med: 0.6240, Spu: 0.0000, FD: 0.6240, FDAug: 0.6243, Var: 0.0000, Ctx: 6, MixCtx: 3, Train: 78.44%, Valid: 73.51%, Test In: 74.36% Test OOD1: 67.41% Test OOD2: 54.32% Test OOD3: 63.97% 
Epoch: 264, Loss: 3.1397, Cls: 1.2555, Ind: 0.0000, Med: 0.6277, Spu: 0.0000, FD: 0.6281, FDAug: 0.6283, Var: 0.0000, Ctx: 6, MixCtx: 3, Train: 78.58%, Valid: 73.58%, Test In: 74.43% Test OOD1: 67.43% Test OOD2: 54.38% Test OOD3: 64.08% 
Epoch: 265, Loss: 3.1217, Cls: 1.2486, Ind: 0.0000, Med: 0.6243, Spu: 0.0000, FD: 0.6244, FDAug: 0.6243, Var: 0.0000, Ctx: 6, MixCtx: 3, Train: 78.64%, Valid: 73.66%, Test In: 74.50% Test OOD1: 66.38% Test OOD2: 54.70% Test OOD3: 63.77% 
Epoch: 266, Loss: 3.1430, Cls: 1.2570, Ind: 0.0000, Med: 0.6286, Spu: 0.0000, FD: 0.6285, FDAug: 0.6289, Var: 0.0000, Ctx: 6, MixCtx: 3, Train: 78.67%, Valid: 73.69%, Test In: 74.56% Test OOD1: 66.70% Test OOD2: 54.69% Test OOD3: 63.91% 
Epoch: 267, Loss: 3.1358, Cls: 1.2541, Ind: 0.0000, Med: 0.6271, Spu: 0.0000, FD: 0.6272, FDAug: 0.6273, Var: 0.0000, Ctx: 6, MixCtx: 3, Train: 78.71%, Valid: 73.63%, Test In: 74.50% Test OOD1: 67.10% Test OOD2: 54.53% Test OOD3: 64.02% 
Epoch: 268, Loss: 3.1104, Cls: 1.2440, Ind: 0.0000, Med: 0.6220, Spu: 0.0000, FD: 0.6222, FDAug: 0.6222, Var: 0.0000, Ctx: 6, MixCtx: 3, Train: 78.62%, Valid: 73.54%, Test In: 74.45% Test OOD1: 67.06% Test OOD2: 54.46% Test OOD3: 63.92% 
Epoch: 269, Loss: 3.1409, Cls: 1.2562, Ind: 0.0000, Med: 0.6283, Spu: 0.0000, FD: 0.6280, FDAug: 0.6285, Var: 0.0000, Ctx: 6, MixCtx: 3, Train: 78.72%, Valid: 73.64%, Test In: 74.49% Test OOD1: 67.23% Test OOD2: 54.47% Test OOD3: 64.03% 
Epoch: 270, Loss: 3.1244, Cls: 1.2497, Ind: 0.0000, Med: 0.6248, Spu: 0.0000, FD: 0.6251, FDAug: 0.6248, Var: 0.0000, Ctx: 6, MixCtx: 3, Train: 78.62%, Valid: 73.68%, Test In: 74.44% Test OOD1: 65.82% Test OOD2: 54.72% Test OOD3: 63.52% 
Epoch: 271, Loss: 3.1510, Cls: 1.2604, Ind: 0.0000, Med: 0.6304, Spu: 0.0000, FD: 0.6299, FDAug: 0.6303, Var: 0.0000, Ctx: 6, MixCtx: 3, Train: 78.73%, Valid: 73.77%, Test In: 74.52% Test OOD1: 66.40% Test OOD2: 54.74% Test OOD3: 63.73% 
Epoch: 272, Loss: 3.1351, Cls: 1.2540, Ind: 0.0000, Med: 0.6270, Spu: 0.0000, FD: 0.6271, FDAug: 0.6270, Var: 0.0000, Ctx: 6, MixCtx: 3, Train: 78.81%, Valid: 73.69%, Test In: 74.46% Test OOD1: 66.99% Test OOD2: 54.53% Test OOD3: 63.90% 
Epoch: 273, Loss: 3.1058, Cls: 1.2421, Ind: 0.0000, Med: 0.6210, Spu: 0.0000, FD: 0.6213, FDAug: 0.6213, Var: 0.0000, Ctx: 6, MixCtx: 3, Train: 78.72%, Valid: 73.57%, Test In: 74.37% Test OOD1: 66.87% Test OOD2: 54.49% Test OOD3: 63.74% 
Epoch: 274, Loss: 3.1485, Cls: 1.2593, Ind: 0.0000, Med: 0.6298, Spu: 0.0000, FD: 0.6295, FDAug: 0.6299, Var: 0.0000, Ctx: 6, MixCtx: 3, Train: 78.71%, Valid: 73.63%, Test In: 74.41% Test OOD1: 67.36% Test OOD2: 54.44% Test OOD3: 64.03% 
Epoch: 275, Loss: 3.1484, Cls: 1.2595, Ind: 0.0000, Med: 0.6297, Spu: 0.0000, FD: 0.6299, FDAug: 0.6293, Var: 0.0000, Ctx: 6, MixCtx: 3, Train: 78.56%, Valid: 73.65%, Test In: 74.31% Test OOD1: 65.35% Test OOD2: 54.74% Test OOD3: 63.35% 
Epoch: 276, Loss: 3.2023, Cls: 1.2810, Ind: 0.0000, Med: 0.6408, Spu: 0.0000, FD: 0.6400, FDAug: 0.6405, Var: 0.0000, Ctx: 6, MixCtx: 3, Train: 78.63%, Valid: 73.76%, Test In: 74.49% Test OOD1: 66.10% Test OOD2: 54.85% Test OOD3: 63.66% 
Epoch: 277, Loss: 3.1667, Cls: 1.2668, Ind: 0.0000, Med: 0.6336, Spu: 0.0000, FD: 0.6331, FDAug: 0.6331, Var: 0.0000, Ctx: 6, MixCtx: 3, Train: 78.87%, Valid: 73.75%, Test In: 74.55% Test OOD1: 67.07% Test OOD2: 54.74% Test OOD3: 64.01% 
Epoch: 278, Loss: 3.1244, Cls: 1.2498, Ind: 0.0000, Med: 0.6250, Spu: 0.0000, FD: 0.6249, FDAug: 0.6248, Var: 0.0000, Ctx: 6, MixCtx: 3, Train: 78.76%, Valid: 73.57%, Test In: 74.44% Test OOD1: 66.95% Test OOD2: 54.60% Test OOD3: 63.82% 
Epoch: 279, Loss: 3.1884, Cls: 1.2749, Ind: 0.0000, Med: 0.6375, Spu: 0.0000, FD: 0.6375, FDAug: 0.6385, Var: 0.0000, Ctx: 6, MixCtx: 3, Train: 78.25%, Valid: 73.30%, Test In: 74.21% Test OOD1: 67.89% Test OOD2: 54.30% Test OOD3: 64.21% 
Epoch: 280, Loss: 3.2380, Cls: 1.2960, Ind: 0.0000, Med: 0.6484, Spu: 0.0000, FD: 0.6472, FDAug: 0.6463, Var: 0.0000, Ctx: 6, MixCtx: 3, Train: 78.74%, Valid: 73.69%, Test In: 74.49% Test OOD1: 66.01% Test OOD2: 54.88% Test OOD3: 63.63% 
Epoch: 281, Loss: 3.2512, Cls: 1.3004, Ind: 0.0000, Med: 0.6504, Spu: 0.0000, FD: 0.6500, FDAug: 0.6504, Var: 0.0000, Ctx: 6, MixCtx: 3, Train: 78.55%, Valid: 73.77%, Test In: 74.63% Test OOD1: 66.21% Test OOD2: 55.03% Test OOD3: 63.75% 
Epoch: 282, Loss: 3.2008, Cls: 1.2803, Ind: 0.0000, Med: 0.6403, Spu: 0.0000, FD: 0.6399, FDAug: 0.6401, Var: 0.0000, Ctx: 6, MixCtx: 3, Train: 78.56%, Valid: 73.81%, Test In: 74.72% Test OOD1: 66.96% Test OOD2: 55.03% Test OOD3: 64.00% 
Epoch: 283, Loss: 3.2863, Cls: 1.3148, Ind: 0.0000, Med: 0.6576, Spu: 0.0000, FD: 0.6571, FDAug: 0.6567, Var: 0.0000, Ctx: 6, MixCtx: 3, Train: 78.72%, Valid: 73.86%, Test In: 74.76% Test OOD1: 66.87% Test OOD2: 54.99% Test OOD3: 63.96% 
Epoch: 284, Loss: 3.1601, Cls: 1.2639, Ind: 0.0000, Med: 0.6320, Spu: 0.0000, FD: 0.6320, FDAug: 0.6323, Var: 0.0000, Ctx: 6, MixCtx: 3, Train: 78.61%, Valid: 73.71%, Test In: 74.65% Test OOD1: 67.38% Test OOD2: 54.78% Test OOD3: 64.13% 
Epoch: 285, Loss: 3.1691, Cls: 1.2673, Ind: 0.0000, Med: 0.6337, Spu: 0.0000, FD: 0.6337, FDAug: 0.6345, Var: 0.0000, Ctx: 6, MixCtx: 3, Train: 77.84%, Valid: 73.10%, Test In: 74.10% Test OOD1: 68.24% Test OOD2: 54.33% Test OOD3: 64.40% 
Epoch: 286, Loss: 3.2576, Cls: 1.3043, Ind: 0.0000, Med: 0.6529, Spu: 0.0000, FD: 0.6506, FDAug: 0.6497, Var: 0.0000, Ctx: 6, MixCtx: 3, Train: 78.35%, Valid: 73.53%, Test In: 74.50% Test OOD1: 67.72% Test OOD2: 54.62% Test OOD3: 64.18% 
Epoch: 287, Loss: 3.1709, Cls: 1.2682, Ind: 0.0000, Med: 0.6343, Spu: 0.0000, FD: 0.6339, FDAug: 0.6346, Var: 0.0000, Ctx: 6, MixCtx: 3, Train: 78.55%, Valid: 73.71%, Test In: 74.68% Test OOD1: 67.52% Test OOD2: 54.75% Test OOD3: 64.16% 
Epoch: 288, Loss: 3.1442, Cls: 1.2573, Ind: 0.0000, Med: 0.6287, Spu: 0.0000, FD: 0.6289, FDAug: 0.6293, Var: 0.0000, Ctx: 6, MixCtx: 3, Train: 78.57%, Valid: 73.70%, Test In: 74.69% Test OOD1: 67.80% Test OOD2: 54.73% Test OOD3: 64.29% 
Epoch: 289, Loss: 3.1655, Cls: 1.2661, Ind: 0.0000, Med: 0.6330, Spu: 0.0000, FD: 0.6334, FDAug: 0.6330, Var: 0.0000, Ctx: 6, MixCtx: 3, Train: 78.73%, Valid: 73.82%, Test In: 74.79% Test OOD1: 67.39% Test OOD2: 54.85% Test OOD3: 64.16% 
Epoch: 290, Loss: 3.1583, Cls: 1.2627, Ind: 0.0000, Med: 0.6310, Spu: 0.0000, FD: 0.6324, FDAug: 0.6322, Var: 0.0000, Ctx: 6, MixCtx: 3, Train: 78.78%, Valid: 73.81%, Test In: 74.77% Test OOD1: 66.57% Test OOD2: 54.94% Test OOD3: 63.86% 
Epoch: 291, Loss: 3.1662, Cls: 1.2658, Ind: 0.0000, Med: 0.6326, Spu: 0.0000, FD: 0.6339, FDAug: 0.6339, Var: 0.0000, Ctx: 6, MixCtx: 3, Train: 78.82%, Valid: 73.77%, Test In: 74.73% Test OOD1: 66.80% Test OOD2: 54.81% Test OOD3: 63.92% 
Epoch: 292, Loss: 3.1328, Cls: 1.2526, Ind: 0.0000, Med: 0.6261, Spu: 0.0000, FD: 0.6270, FDAug: 0.6271, Var: 0.0000, Ctx: 6, MixCtx: 3, Train: 78.66%, Valid: 73.59%, Test In: 74.61% Test OOD1: 67.56% Test OOD2: 54.52% Test OOD3: 64.15% 
Epoch: 293, Loss: 3.1442, Cls: 1.2579, Ind: 0.0000, Med: 0.6291, Spu: 0.0000, FD: 0.6288, FDAug: 0.6283, Var: 0.0000, Ctx: 6, MixCtx: 3, Train: 78.66%, Valid: 73.56%, Test In: 74.59% Test OOD1: 67.22% Test OOD2: 54.50% Test OOD3: 63.95% 
Epoch: 294, Loss: 3.1235, Cls: 1.2493, Ind: 0.0000, Med: 0.6247, Spu: 0.0000, FD: 0.6247, FDAug: 0.6247, Var: 0.0000, Ctx: 6, MixCtx: 3, Train: 78.73%, Valid: 73.57%, Test In: 74.58% Test OOD1: 66.64% Test OOD2: 54.56% Test OOD3: 63.68% 
Epoch: 295, Loss: 3.1477, Cls: 1.2587, Ind: 0.0000, Med: 0.6293, Spu: 0.0000, FD: 0.6296, FDAug: 0.6301, Var: 0.0000, Ctx: 6, MixCtx: 3, Train: 78.83%, Valid: 73.71%, Test In: 74.62% Test OOD1: 66.97% Test OOD2: 54.56% Test OOD3: 63.83% 
Epoch: 296, Loss: 3.1188, Cls: 1.2475, Ind: 0.0000, Med: 0.6237, Spu: 0.0000, FD: 0.6239, FDAug: 0.6237, Var: 0.0000, Ctx: 6, MixCtx: 3, Train: 78.93%, Valid: 73.82%, Test In: 74.62% Test OOD1: 66.47% Test OOD2: 54.67% Test OOD3: 63.62% 
Epoch: 297, Loss: 3.1122, Cls: 1.2448, Ind: 0.0000, Med: 0.6224, Spu: 0.0000, FD: 0.6225, FDAug: 0.6225, Var: 0.0000, Ctx: 6, MixCtx: 3, Train: 78.86%, Valid: 73.75%, Test In: 74.48% Test OOD1: 65.59% Test OOD2: 54.71% Test OOD3: 63.26% 
Epoch: 298, Loss: 3.1309, Cls: 1.2523, Ind: 0.0000, Med: 0.6264, Spu: 0.0000, FD: 0.6259, FDAug: 0.6262, Var: 0.0000, Ctx: 6, MixCtx: 3, Train: 78.96%, Valid: 73.82%, Test In: 74.54% Test OOD1: 66.19% Test OOD2: 54.69% Test OOD3: 63.48% 
Epoch: 299, Loss: 3.1066, Cls: 1.2426, Ind: 0.0000, Med: 0.6214, Spu: 0.0000, FD: 0.6212, FDAug: 0.6213, Var: 0.0000, Ctx: 6, MixCtx: 3, Train: 78.95%, Valid: 73.78%, Test In: 74.53% Test OOD1: 66.91% Test OOD2: 54.61% Test OOD3: 63.76% 
Epoch: 300, Loss: 3.1166, Cls: 1.2464, Ind: 0.0000, Med: 0.6231, Spu: 0.0000, FD: 0.6236, FDAug: 0.6234, Var: 0.0000, Ctx: 6, MixCtx: 3, Train: 78.97%, Valid: 73.69%, Test In: 74.48% Test OOD1: 66.51% Test OOD2: 54.63% Test OOD3: 63.62% 
Epoch: 301, Loss: 3.1114, Cls: 1.2443, Ind: 0.0000, Med: 0.6221, Spu: 0.0000, FD: 0.6223, FDAug: 0.6227, Var: 0.0000, Ctx: 6, MixCtx: 3, Train: 78.99%, Valid: 73.69%, Test In: 74.48% Test OOD1: 66.77% Test OOD2: 54.63% Test OOD3: 63.76% 
Epoch: 302, Loss: 3.0990, Cls: 1.2392, Ind: 0.0000, Med: 0.6195, Spu: 0.0000, FD: 0.6201, FDAug: 0.6202, Var: 0.0000, Ctx: 6, MixCtx: 3, Train: 79.02%, Valid: 73.70%, Test In: 74.50% Test OOD1: 66.92% Test OOD2: 54.69% Test OOD3: 63.88% 
Epoch: 303, Loss: 3.1059, Cls: 1.2419, Ind: 0.0000, Med: 0.6207, Spu: 0.0000, FD: 0.6218, FDAug: 0.6215, Var: 0.0000, Ctx: 6, MixCtx: 3, Train: 79.02%, Valid: 73.69%, Test In: 74.46% Test OOD1: 65.98% Test OOD2: 54.85% Test OOD3: 63.56% 
Epoch: 304, Loss: 3.1078, Cls: 1.2433, Ind: 0.0000, Med: 0.6220, Spu: 0.0000, FD: 0.6211, FDAug: 0.6214, Var: 0.0000, Ctx: 6, MixCtx: 3, Train: 79.03%, Valid: 73.72%, Test In: 74.48% Test OOD1: 66.20% Test OOD2: 54.88% Test OOD3: 63.68% 
Epoch: 305, Loss: 3.0959, Cls: 1.2384, Ind: 0.0000, Med: 0.6194, Spu: 0.0000, FD: 0.6190, FDAug: 0.6191, Var: 0.0000, Ctx: 6, MixCtx: 3, Train: 79.08%, Valid: 73.71%, Test In: 74.48% Test OOD1: 66.69% Test OOD2: 54.82% Test OOD3: 63.85% 
Epoch: 306, Loss: 3.1034, Cls: 1.2411, Ind: 0.0000, Med: 0.6205, Spu: 0.0000, FD: 0.6210, FDAug: 0.6207, Var: 0.0000, Ctx: 6, MixCtx: 3, Train: 79.15%, Valid: 73.64%, Test In: 74.41% Test OOD1: 66.28% Test OOD2: 54.84% Test OOD3: 63.65% 
Epoch: 307, Loss: 3.1051, Cls: 1.2419, Ind: 0.0000, Med: 0.6211, Spu: 0.0000, FD: 0.6209, FDAug: 0.6212, Var: 0.0000, Ctx: 6, MixCtx: 3, Train: 79.11%, Valid: 73.62%, Test In: 74.40% Test OOD1: 66.88% Test OOD2: 54.74% Test OOD3: 63.87% 
Epoch: 308, Loss: 3.0931, Cls: 1.2367, Ind: 0.0000, Med: 0.6181, Spu: 0.0000, FD: 0.6192, FDAug: 0.6191, Var: 0.0000, Ctx: 6, MixCtx: 3, Train: 79.17%, Valid: 73.65%, Test In: 74.39% Test OOD1: 66.70% Test OOD2: 54.80% Test OOD3: 63.80% 
Epoch: 309, Loss: 3.0838, Cls: 1.2332, Ind: 0.0000, Med: 0.6165, Spu: 0.0000, FD: 0.6171, FDAug: 0.6170, Var: 0.0000, Ctx: 6, MixCtx: 3, Train: 79.18%, Valid: 73.65%, Test In: 74.34% Test OOD1: 66.15% Test OOD2: 54.93% Test OOD3: 63.61% 
Epoch: 310, Loss: 3.0907, Cls: 1.2363, Ind: 0.0000, Med: 0.6183, Spu: 0.0000, FD: 0.6179, FDAug: 0.6182, Var: 0.0000, Ctx: 6, MixCtx: 3, Train: 79.20%, Valid: 73.70%, Test In: 74.37% Test OOD1: 66.43% Test OOD2: 54.93% Test OOD3: 63.74% 
Epoch: 311, Loss: 3.0897, Cls: 1.2360, Ind: 0.0000, Med: 0.6181, Spu: 0.0000, FD: 0.6178, FDAug: 0.6177, Var: 0.0000, Ctx: 6, MixCtx: 3, Train: 79.24%, Valid: 73.65%, Test In: 74.33% Test OOD1: 66.31% Test OOD2: 54.91% Test OOD3: 63.68% 
Epoch: 312, Loss: 3.0791, Cls: 1.2315, Ind: 0.0000, Med: 0.6158, Spu: 0.0000, FD: 0.6158, FDAug: 0.6159, Var: 0.0000, Ctx: 6, MixCtx: 3, Train: 79.27%, Valid: 73.56%, Test In: 74.28% Test OOD1: 66.27% Test OOD2: 54.85% Test OOD3: 63.63% 
Epoch: 313, Loss: 3.0824, Cls: 1.2326, Ind: 0.0000, Med: 0.6162, Spu: 0.0000, FD: 0.6167, FDAug: 0.6169, Var: 0.0000, Ctx: 6, MixCtx: 3, Train: 79.24%, Valid: 73.56%, Test In: 74.31% Test OOD1: 66.64% Test OOD2: 54.79% Test OOD3: 63.79% 
Epoch: 314, Loss: 3.0887, Cls: 1.2351, Ind: 0.0000, Med: 0.6174, Spu: 0.0000, FD: 0.6182, FDAug: 0.6180, Var: 0.0000, Ctx: 6, MixCtx: 3, Train: 79.29%, Valid: 73.53%, Test In: 74.22% Test OOD1: 65.98% Test OOD2: 54.92% Test OOD3: 63.56% 
Epoch: 315, Loss: 3.0836, Cls: 1.2332, Ind: 0.0000, Med: 0.6166, Spu: 0.0000, FD: 0.6167, FDAug: 0.6170, Var: 0.0000, Ctx: 6, MixCtx: 3, Train: 79.32%, Valid: 73.62%, Test In: 74.28% Test OOD1: 66.22% Test OOD2: 54.95% Test OOD3: 63.67% 
Epoch: 316, Loss: 3.0793, Cls: 1.2316, Ind: 0.0000, Med: 0.6158, Spu: 0.0000, FD: 0.6160, FDAug: 0.6159, Var: 0.0000, Ctx: 6, MixCtx: 3, Train: 79.35%, Valid: 73.59%, Test In: 74.24% Test OOD1: 66.14% Test OOD2: 54.95% Test OOD3: 63.63% 
Epoch: 317, Loss: 3.0734, Cls: 1.2292, Ind: 0.0000, Med: 0.6146, Spu: 0.0000, FD: 0.6148, FDAug: 0.6148, Var: 0.0000, Ctx: 6, MixCtx: 3, Train: 79.39%, Valid: 73.53%, Test In: 74.20% Test OOD1: 66.17% Test OOD2: 54.90% Test OOD3: 63.61% 
Epoch: 318, Loss: 3.0733, Cls: 1.2291, Ind: 0.0000, Med: 0.6146, Spu: 0.0000, FD: 0.6147, FDAug: 0.6148, Var: 0.0000, Ctx: 6, MixCtx: 3, Train: 79.36%, Valid: 73.54%, Test In: 74.24% Test OOD1: 66.59% Test OOD2: 54.82% Test OOD3: 63.76% 
Epoch: 319, Loss: 3.0787, Cls: 1.2312, Ind: 0.0000, Med: 0.6154, Spu: 0.0000, FD: 0.6161, FDAug: 0.6160, Var: 0.0000, Ctx: 6, MixCtx: 3, Train: 79.44%, Valid: 73.53%, Test In: 74.17% Test OOD1: 66.08% Test OOD2: 54.91% Test OOD3: 63.56% 
Epoch: 320, Loss: 3.0752, Cls: 1.2300, Ind: 0.0000, Med: 0.6151, Spu: 0.0000, FD: 0.6150, FDAug: 0.6151, Var: 0.0000, Ctx: 6, MixCtx: 3, Train: 79.46%, Valid: 73.60%, Test In: 74.22% Test OOD1: 66.29% Test OOD2: 54.93% Test OOD3: 63.64% 
Epoch: 321, Loss: 3.0710, Cls: 1.2281, Ind: 0.0000, Med: 0.6140, Spu: 0.0000, FD: 0.6144, FDAug: 0.6144, Var: 0.0000, Ctx: 6, MixCtx: 3, Train: 79.48%, Valid: 73.58%, Test In: 74.18% Test OOD1: 66.06% Test OOD2: 54.94% Test OOD3: 63.54% 
Epoch: 322, Loss: 3.0657, Cls: 1.2261, Ind: 0.0000, Med: 0.6131, Spu: 0.0000, FD: 0.6132, FDAug: 0.6133, Var: 0.0000, Ctx: 6, MixCtx: 3, Train: 79.51%, Valid: 73.56%, Test In: 74.19% Test OOD1: 66.16% Test OOD2: 54.90% Test OOD3: 63.57% 
Epoch: 323, Loss: 3.0629, Cls: 1.2249, Ind: 0.0000, Med: 0.6125, Spu: 0.0000, FD: 0.6127, FDAug: 0.6128, Var: 0.0000, Ctx: 6, MixCtx: 3, Train: 79.49%, Valid: 73.55%, Test In: 74.22% Test OOD1: 66.43% Test OOD2: 54.84% Test OOD3: 63.66% 
Epoch: 324, Loss: 3.0675, Cls: 1.2268, Ind: 0.0000, Med: 0.6133, Spu: 0.0000, FD: 0.6137, FDAug: 0.6136, Var: 0.0000, Ctx: 6, MixCtx: 3, Train: 79.55%, Valid: 73.52%, Test In: 74.13% Test OOD1: 65.94% Test OOD2: 54.90% Test OOD3: 63.45% 
Epoch: 325, Loss: 3.0705, Cls: 1.2280, Ind: 0.0000, Med: 0.6140, Spu: 0.0000, FD: 0.6141, FDAug: 0.6144, Var: 0.0000, Ctx: 6, MixCtx: 3, Train: 79.57%, Valid: 73.61%, Test In: 74.18% Test OOD1: 66.33% Test OOD2: 54.90% Test OOD3: 63.59% 
Epoch: 326, Loss: 3.0744, Cls: 1.2297, Ind: 0.0000, Med: 0.6149, Spu: 0.0000, FD: 0.6149, FDAug: 0.6148, Var: 0.0000, Ctx: 6, MixCtx: 3, Train: 79.57%, Valid: 73.50%, Test In: 74.02% Test OOD1: 65.71% Test OOD2: 54.91% Test OOD3: 63.34% 
Epoch: 327, Loss: 3.0774, Cls: 1.2307, Ind: 0.0000, Med: 0.6154, Spu: 0.0000, FD: 0.6155, FDAug: 0.6158, Var: 0.0000, Ctx: 6, MixCtx: 3, Train: 79.61%, Valid: 73.58%, Test In: 74.13% Test OOD1: 66.38% Test OOD2: 54.87% Test OOD3: 63.59% 
Epoch: 328, Loss: 3.0667, Cls: 1.2267, Ind: 0.0000, Med: 0.6134, Spu: 0.0000, FD: 0.6134, FDAug: 0.6132, Var: 0.0000, Ctx: 6, MixCtx: 3, Train: 79.65%, Valid: 73.47%, Test In: 74.03% Test OOD1: 66.04% Test OOD2: 54.86% Test OOD3: 63.45% 
Epoch: 329, Loss: 3.0619, Cls: 1.2245, Ind: 0.0000, Med: 0.6122, Spu: 0.0000, FD: 0.6125, FDAug: 0.6127, Var: 0.0000, Ctx: 6, MixCtx: 3, Train: 79.65%, Valid: 73.51%, Test In: 74.07% Test OOD1: 66.35% Test OOD2: 54.85% Test OOD3: 63.57% 
Epoch: 330, Loss: 3.0575, Cls: 1.2228, Ind: 0.0000, Med: 0.6114, Spu: 0.0000, FD: 0.6116, FDAug: 0.6116, Var: 0.0000, Ctx: 6, MixCtx: 3, Train: 79.69%, Valid: 73.44%, Test In: 73.97% Test OOD1: 65.93% Test OOD2: 54.88% Test OOD3: 63.41% 
Epoch: 331, Loss: 3.0558, Cls: 1.2221, Ind: 0.0000, Med: 0.6111, Spu: 0.0000, FD: 0.6112, FDAug: 0.6113, Var: 0.0000, Ctx: 6, MixCtx: 3, Train: 79.72%, Valid: 73.50%, Test In: 74.01% Test OOD1: 66.18% Test OOD2: 54.88% Test OOD3: 63.50% 
Epoch: 332, Loss: 3.0538, Cls: 1.2214, Ind: 0.0000, Med: 0.6107, Spu: 0.0000, FD: 0.6109, FDAug: 0.6108, Var: 0.0000, Ctx: 6, MixCtx: 3, Train: 79.74%, Valid: 73.42%, Test In: 73.94% Test OOD1: 65.98% Test OOD2: 54.86% Test OOD3: 63.42% 
Epoch: 333, Loss: 3.0519, Cls: 1.2206, Ind: 0.0000, Med: 0.6103, Spu: 0.0000, FD: 0.6104, FDAug: 0.6106, Var: 0.0000, Ctx: 6, MixCtx: 3, Train: 79.74%, Valid: 73.48%, Test In: 74.01% Test OOD1: 66.30% Test OOD2: 54.84% Test OOD3: 63.53% 
Epoch: 334, Loss: 3.0530, Cls: 1.2210, Ind: 0.0000, Med: 0.6104, Spu: 0.0000, FD: 0.6108, FDAug: 0.6107, Var: 0.0000, Ctx: 6, MixCtx: 3, Train: 79.77%, Valid: 73.40%, Test In: 73.88% Test OOD1: 65.83% Test OOD2: 54.88% Test OOD3: 63.34% 
Epoch: 335, Loss: 3.0600, Cls: 1.2239, Ind: 0.0000, Med: 0.6121, Spu: 0.0000, FD: 0.6119, FDAug: 0.6121, Var: 0.0000, Ctx: 6, MixCtx: 3, Train: 79.77%, Valid: 73.56%, Test In: 74.00% Test OOD1: 66.35% Test OOD2: 54.88% Test OOD3: 63.53% 
Epoch: 336, Loss: 3.0781, Cls: 1.2311, Ind: 0.0000, Med: 0.6155, Spu: 0.0000, FD: 0.6159, FDAug: 0.6157, Var: 0.0000, Ctx: 6, MixCtx: 3, Train: 79.67%, Valid: 73.25%, Test In: 73.71% Test OOD1: 65.34% Test OOD2: 54.84% Test OOD3: 63.15% 
Epoch: 337, Loss: 3.1404, Cls: 1.2564, Ind: 0.0000, Med: 0.6286, Spu: 0.0000, FD: 0.6276, FDAug: 0.6278, Var: 0.0000, Ctx: 6, MixCtx: 3, Train: 79.69%, Valid: 73.52%, Test In: 74.01% Test OOD1: 66.65% Test OOD2: 54.82% Test OOD3: 63.64% 
Epoch: 338, Loss: 3.1619, Cls: 1.2649, Ind: 0.0000, Med: 0.6325, Spu: 0.0000, FD: 0.6325, FDAug: 0.6320, Var: 0.0000, Ctx: 6, MixCtx: 3, Train: 79.46%, Valid: 73.05%, Test In: 73.53% Test OOD1: 64.94% Test OOD2: 54.81% Test OOD3: 62.95% 
Epoch: 339, Loss: 3.2448, Cls: 1.2980, Ind: 0.0000, Med: 0.6492, Spu: 0.0000, FD: 0.6487, FDAug: 0.6489, Var: 0.0000, Ctx: 6, MixCtx: 3, Train: 79.79%, Valid: 73.40%, Test In: 73.94% Test OOD1: 66.31% Test OOD2: 54.94% Test OOD3: 63.55% 
Epoch: 340, Loss: 3.0719, Cls: 1.2290, Ind: 0.0000, Med: 0.6147, Spu: 0.0000, FD: 0.6141, FDAug: 0.6141, Var: 0.0000, Ctx: 6, MixCtx: 3, Train: 79.54%, Valid: 73.26%, Test In: 73.92% Test OOD1: 66.97% Test OOD2: 54.75% Test OOD3: 63.82% 
Epoch: 341, Loss: 3.1690, Cls: 1.2684, Ind: 0.0000, Med: 0.6348, Spu: 0.0000, FD: 0.6331, FDAug: 0.6327, Var: 0.0000, Ctx: 6, MixCtx: 3, Train: 79.38%, Valid: 72.72%, Test In: 73.50% Test OOD1: 65.09% Test OOD2: 54.74% Test OOD3: 62.96% 
Epoch: 342, Loss: 3.3252, Cls: 1.3295, Ind: 0.0000, Med: 0.6646, Spu: 0.0000, FD: 0.6654, FDAug: 0.6658, Var: 0.0000, Ctx: 6, MixCtx: 3, Train: 79.71%, Valid: 73.16%, Test In: 73.90% Test OOD1: 66.24% Test OOD2: 54.88% Test OOD3: 63.54% 
Epoch: 343, Loss: 3.0737, Cls: 1.2292, Ind: 0.0000, Med: 0.6145, Spu: 0.0000, FD: 0.6150, FDAug: 0.6149, Var: 0.0000, Ctx: 6, MixCtx: 3, Train: 79.14%, Valid: 73.05%, Test In: 73.81% Test OOD1: 67.30% Test OOD2: 54.63% Test OOD3: 63.97% 
Epoch: 344, Loss: 3.3573, Cls: 1.3454, Ind: 0.0000, Med: 0.6745, Spu: 0.0000, FD: 0.6690, FDAug: 0.6684, Var: 0.0000, Ctx: 6, MixCtx: 3, Train: 79.54%, Valid: 72.99%, Test In: 73.75% Test OOD1: 65.70% Test OOD2: 54.87% Test OOD3: 63.32% 
Epoch: 345, Loss: 3.1740, Cls: 1.2688, Ind: 0.0000, Med: 0.6339, Spu: 0.0000, FD: 0.6358, FDAug: 0.6356, Var: 0.0000, Ctx: 6, MixCtx: 3, Train: 79.29%, Valid: 72.74%, Test In: 73.56% Test OOD1: 65.27% Test OOD2: 54.82% Test OOD3: 63.13% 
Epoch: 346, Loss: 3.2967, Cls: 1.3176, Ind: 0.0000, Med: 0.6583, Spu: 0.0000, FD: 0.6603, FDAug: 0.6605, Var: 0.0000, Ctx: 6, MixCtx: 3, Train: 79.57%, Valid: 73.18%, Test In: 73.95% Test OOD1: 66.70% Test OOD2: 54.83% Test OOD3: 63.78% 
Epoch: 347, Loss: 3.1055, Cls: 1.2416, Ind: 0.0000, Med: 0.6205, Spu: 0.0000, FD: 0.6218, FDAug: 0.6216, Var: 0.0000, Ctx: 6, MixCtx: 3, Train: 78.90%, Valid: 72.93%, Test In: 73.74% Test OOD1: 67.49% Test OOD2: 54.57% Test OOD3: 64.06% 
Epoch: 348, Loss: 3.2847, Cls: 1.3157, Ind: 0.0000, Med: 0.6591, Spu: 0.0000, FD: 0.6552, FDAug: 0.6547, Var: 0.0000, Ctx: 6, MixCtx: 3, Train: 79.17%, Valid: 72.97%, Test In: 73.94% Test OOD1: 66.88% Test OOD2: 54.64% Test OOD3: 63.82% 
Epoch: 349, Loss: 3.0908, Cls: 1.2357, Ind: 0.0000, Med: 0.6176, Spu: 0.0000, FD: 0.6187, FDAug: 0.6188, Var: 0.0000, Ctx: 6, MixCtx: 3, Train: 79.03%, Valid: 72.70%, Test In: 73.86% Test OOD1: 66.15% Test OOD2: 54.57% Test OOD3: 63.43% 
Epoch: 350, Loss: 3.2422, Cls: 1.2972, Ind: 0.0000, Med: 0.6492, Spu: 0.0000, FD: 0.6476, FDAug: 0.6482, Var: 0.0000, Ctx: 6, MixCtx: 3, Train: 79.30%, Valid: 73.04%, Test In: 74.05% Test OOD1: 66.85% Test OOD2: 54.62% Test OOD3: 63.83% 
Epoch: 351, Loss: 3.0854, Cls: 1.2334, Ind: 0.0000, Med: 0.6163, Spu: 0.0000, FD: 0.6179, FDAug: 0.6178, Var: 0.0000, Ctx: 6, MixCtx: 3, Train: 79.22%, Valid: 73.14%, Test In: 74.03% Test OOD1: 67.32% Test OOD2: 54.58% Test OOD3: 63.99% 
Epoch: 352, Loss: 3.2076, Cls: 1.2830, Ind: 0.0000, Med: 0.6416, Spu: 0.0000, FD: 0.6415, FDAug: 0.6415, Var: 0.0000, Ctx: 6, MixCtx: 3, Train: 79.58%, Valid: 73.29%, Test In: 74.17% Test OOD1: 66.82% Test OOD2: 54.65% Test OOD3: 63.79% 
Epoch: 353, Loss: 3.0983, Cls: 1.2384, Ind: 0.0000, Med: 0.6186, Spu: 0.0000, FD: 0.6207, FDAug: 0.6205, Var: 0.0000, Ctx: 6, MixCtx: 3, Train: 79.54%, Valid: 73.11%, Test In: 74.07% Test OOD1: 65.94% Test OOD2: 54.60% Test OOD3: 63.37% 
Epoch: 354, Loss: 3.1503, Cls: 1.2598, Ind: 0.0000, Med: 0.6298, Spu: 0.0000, FD: 0.6304, FDAug: 0.6303, Var: 0.0000, Ctx: 6, MixCtx: 3, Train: 79.56%, Valid: 73.25%, Test In: 74.12% Test OOD1: 66.18% Test OOD2: 54.57% Test OOD3: 63.38% 
Epoch: 355, Loss: 3.1107, Cls: 1.2437, Ind: 0.0000, Med: 0.6217, Spu: 0.0000, FD: 0.6225, FDAug: 0.6228, Var: 0.0000, Ctx: 6, MixCtx: 3, Train: 79.19%, Valid: 73.40%, Test In: 74.12% Test OOD1: 67.05% Test OOD2: 54.53% Test OOD3: 63.65% 
Epoch: 356, Loss: 3.1237, Cls: 1.2495, Ind: 0.0000, Med: 0.6248, Spu: 0.0000, FD: 0.6248, FDAug: 0.6246, Var: 0.0000, Ctx: 6, MixCtx: 3, Train: 79.55%, Valid: 73.52%, Test In: 74.19% Test OOD1: 66.69% Test OOD2: 54.63% Test OOD3: 63.52% 
Epoch: 357, Loss: 3.0771, Cls: 1.2306, Ind: 0.0000, Med: 0.6151, Spu: 0.0000, FD: 0.6158, FDAug: 0.6156, Var: 0.0000, Ctx: 6, MixCtx: 3, Train: 79.78%, Valid: 73.37%, Test In: 74.10% Test OOD1: 65.62% Test OOD2: 54.68% Test OOD3: 63.19% 
Epoch: 358, Loss: 3.1012, Cls: 1.2404, Ind: 0.0000, Med: 0.6202, Spu: 0.0000, FD: 0.6203, FDAug: 0.6203, Var: 0.0000, Ctx: 6, MixCtx: 3, Train: 79.81%, Valid: 73.42%, Test In: 74.08% Test OOD1: 65.60% Test OOD2: 54.74% Test OOD3: 63.19% 
Epoch: 359, Loss: 3.0788, Cls: 1.2314, Ind: 0.0000, Med: 0.6157, Spu: 0.0000, FD: 0.6158, FDAug: 0.6159, Var: 0.0000, Ctx: 6, MixCtx: 3, Train: 79.77%, Valid: 73.59%, Test In: 74.17% Test OOD1: 66.31% Test OOD2: 54.76% Test OOD3: 63.44% 
Epoch: 360, Loss: 3.0863, Cls: 1.2344, Ind: 0.0000, Med: 0.6172, Spu: 0.0000, FD: 0.6174, FDAug: 0.6174, Var: 0.0000, Ctx: 6, MixCtx: 3, Train: 79.79%, Valid: 73.50%, Test In: 74.15% Test OOD1: 66.17% Test OOD2: 54.75% Test OOD3: 63.41% 
Epoch: 361, Loss: 3.0517, Cls: 1.2204, Ind: 0.0000, Med: 0.6101, Spu: 0.0000, FD: 0.6106, FDAug: 0.6106, Var: 0.0000, Ctx: 6, MixCtx: 3, Train: 79.79%, Valid: 73.27%, Test In: 74.03% Test OOD1: 65.55% Test OOD2: 54.72% Test OOD3: 63.20% 
Epoch: 362, Loss: 3.0893, Cls: 1.2356, Ind: 0.0000, Med: 0.6179, Spu: 0.0000, FD: 0.6178, FDAug: 0.6180, Var: 0.0000, Ctx: 6, MixCtx: 3, Train: 79.88%, Valid: 73.39%, Test In: 74.03% Test OOD1: 65.90% Test OOD2: 54.77% Test OOD3: 63.33% 
Epoch: 363, Loss: 3.0396, Cls: 1.2155, Ind: 0.0000, Med: 0.6077, Spu: 0.0000, FD: 0.6081, FDAug: 0.6082, Var: 0.0000, Ctx: 6, MixCtx: 3, Train: 79.86%, Valid: 73.45%, Test In: 73.99% Test OOD1: 66.20% Test OOD2: 54.77% Test OOD3: 63.41% 
Epoch: 364, Loss: 3.0810, Cls: 1.2319, Ind: 0.0000, Med: 0.6158, Spu: 0.0000, FD: 0.6167, FDAug: 0.6166, Var: 0.0000, Ctx: 6, MixCtx: 3, Train: 79.91%, Valid: 73.31%, Test In: 73.85% Test OOD1: 65.49% Test OOD2: 54.78% Test OOD3: 63.15% 
Epoch: 365, Loss: 3.0498, Cls: 1.2200, Ind: 0.0000, Med: 0.6102, Spu: 0.0000, FD: 0.6098, FDAug: 0.6098, Var: 0.0000, Ctx: 6, MixCtx: 3, Train: 79.92%, Valid: 73.21%, Test In: 73.79% Test OOD1: 65.38% Test OOD2: 54.73% Test OOD3: 63.12% 
Epoch: 366, Loss: 3.0599, Cls: 1.2240, Ind: 0.0000, Med: 0.6121, Spu: 0.0000, FD: 0.6119, FDAug: 0.6120, Var: 0.0000, Ctx: 6, MixCtx: 3, Train: 79.89%, Valid: 73.25%, Test In: 73.89% Test OOD1: 66.14% Test OOD2: 54.70% Test OOD3: 63.40% 
Epoch: 367, Loss: 3.0573, Cls: 1.2222, Ind: 0.0000, Med: 0.6108, Spu: 0.0000, FD: 0.6122, FDAug: 0.6121, Var: 0.0000, Ctx: 6, MixCtx: 3, Train: 79.99%, Valid: 73.21%, Test In: 73.84% Test OOD1: 65.83% Test OOD2: 54.74% Test OOD3: 63.31% 
Epoch: 368, Loss: 3.0332, Cls: 1.2129, Ind: 0.0000, Med: 0.6063, Spu: 0.0000, FD: 0.6070, FDAug: 0.6070, Var: 0.0000, Ctx: 6, MixCtx: 3, Train: 79.95%, Valid: 73.10%, Test In: 73.71% Test OOD1: 65.32% Test OOD2: 54.70% Test OOD3: 63.14% 
Epoch: 369, Loss: 3.0513, Cls: 1.2204, Ind: 0.0000, Med: 0.6103, Spu: 0.0000, FD: 0.6103, FDAug: 0.6104, Var: 0.0000, Ctx: 6, MixCtx: 3, Train: 80.04%, Valid: 73.20%, Test In: 73.76% Test OOD1: 65.72% Test OOD2: 54.76% Test OOD3: 63.29% 
Epoch: 370, Loss: 3.0317, Cls: 1.2125, Ind: 0.0000, Med: 0.6062, Spu: 0.0000, FD: 0.6065, FDAug: 0.6065, Var: 0.0000, Ctx: 6, MixCtx: 3, Train: 80.06%, Valid: 73.23%, Test In: 73.76% Test OOD1: 65.97% Test OOD2: 54.73% Test OOD3: 63.38% 
Epoch: 371, Loss: 3.0399, Cls: 1.2156, Ind: 0.0000, Med: 0.6076, Spu: 0.0000, FD: 0.6084, FDAug: 0.6083, Var: 0.0000, Ctx: 6, MixCtx: 3, Train: 80.06%, Valid: 73.12%, Test In: 73.65% Test OOD1: 65.60% Test OOD2: 54.68% Test OOD3: 63.22% 
Epoch: 372, Loss: 3.0415, Cls: 1.2163, Ind: 0.0000, Med: 0.6081, Spu: 0.0000, FD: 0.6085, FDAug: 0.6086, Var: 0.0000, Ctx: 6, MixCtx: 3, Train: 80.11%, Valid: 73.20%, Test In: 73.68% Test OOD1: 65.78% Test OOD2: 54.71% Test OOD3: 63.27% 
Epoch: 373, Loss: 3.0248, Cls: 1.2096, Ind: 0.0000, Med: 0.6048, Spu: 0.0000, FD: 0.6052, FDAug: 0.6052, Var: 0.0000, Ctx: 6, MixCtx: 3, Train: 80.13%, Valid: 73.26%, Test In: 73.71% Test OOD1: 65.94% Test OOD2: 54.72% Test OOD3: 63.29% 
Epoch: 374, Loss: 3.0382, Cls: 1.2150, Ind: 0.0000, Med: 0.6074, Spu: 0.0000, FD: 0.6079, FDAug: 0.6079, Var: 0.0000, Ctx: 6, MixCtx: 3, Train: 80.16%, Valid: 73.15%, Test In: 73.64% Test OOD1: 65.48% Test OOD2: 54.68% Test OOD3: 63.11% 
Epoch: 375, Loss: 3.0298, Cls: 1.2119, Ind: 0.0000, Med: 0.6060, Spu: 0.0000, FD: 0.6059, FDAug: 0.6060, Var: 0.0000, Ctx: 6, MixCtx: 3, Train: 80.20%, Valid: 73.18%, Test In: 73.68% Test OOD1: 65.60% Test OOD2: 54.69% Test OOD3: 63.13% 
Epoch: 376, Loss: 3.0212, Cls: 1.2083, Ind: 0.0000, Med: 0.6042, Spu: 0.0000, FD: 0.6043, FDAug: 0.6043, Var: 0.0000, Ctx: 6, MixCtx: 3, Train: 80.15%, Valid: 73.27%, Test In: 73.77% Test OOD1: 65.92% Test OOD2: 54.68% Test OOD3: 63.23% 
Epoch: 377, Loss: 3.0348, Cls: 1.2135, Ind: 0.0000, Med: 0.6065, Spu: 0.0000, FD: 0.6074, FDAug: 0.6074, Var: 0.0000, Ctx: 6, MixCtx: 3, Train: 80.25%, Valid: 73.18%, Test In: 73.68% Test OOD1: 65.44% Test OOD2: 54.68% Test OOD3: 63.03% 
Epoch: 378, Loss: 3.0254, Cls: 1.2101, Ind: 0.0000, Med: 0.6052, Spu: 0.0000, FD: 0.6050, FDAug: 0.6051, Var: 0.0000, Ctx: 6, MixCtx: 3, Train: 80.27%, Valid: 73.24%, Test In: 73.69% Test OOD1: 65.53% Test OOD2: 54.72% Test OOD3: 63.06% 
Epoch: 379, Loss: 3.0168, Cls: 1.2066, Ind: 0.0000, Med: 0.6034, Spu: 0.0000, FD: 0.6034, FDAug: 0.6034, Var: 0.0000, Ctx: 6, MixCtx: 3, Train: 80.25%, Valid: 73.31%, Test In: 73.75% Test OOD1: 65.86% Test OOD2: 54.75% Test OOD3: 63.20% 
Epoch: 380, Loss: 3.0286, Cls: 1.2110, Ind: 0.0000, Med: 0.6053, Spu: 0.0000, FD: 0.6061, FDAug: 0.6061, Var: 0.0000, Ctx: 6, MixCtx: 3, Train: 80.31%, Valid: 73.16%, Test In: 73.68% Test OOD1: 65.56% Test OOD2: 54.69% Test OOD3: 63.12% 
Epoch: 381, Loss: 3.0228, Cls: 1.2090, Ind: 0.0000, Med: 0.6046, Spu: 0.0000, FD: 0.6045, FDAug: 0.6046, Var: 0.0000, Ctx: 6, MixCtx: 3, Train: 80.34%, Valid: 73.17%, Test In: 73.68% Test OOD1: 65.67% Test OOD2: 54.71% Test OOD3: 63.17% 
Epoch: 382, Loss: 3.0104, Cls: 1.2039, Ind: 0.0000, Med: 0.6019, Spu: 0.0000, FD: 0.6022, FDAug: 0.6023, Var: 0.0000, Ctx: 6, MixCtx: 3, Train: 80.33%, Valid: 73.19%, Test In: 73.67% Test OOD1: 65.76% Test OOD2: 54.73% Test OOD3: 63.19% 
Epoch: 383, Loss: 3.0208, Cls: 1.2080, Ind: 0.0000, Med: 0.6039, Spu: 0.0000, FD: 0.6045, FDAug: 0.6045, Var: 0.0000, Ctx: 6, MixCtx: 3, Train: 80.37%, Valid: 73.01%, Test In: 73.55% Test OOD1: 65.36% Test OOD2: 54.65% Test OOD3: 63.04% 
Epoch: 384, Loss: 3.0183, Cls: 1.2072, Ind: 0.0000, Med: 0.6037, Spu: 0.0000, FD: 0.6037, FDAug: 0.6037, Var: 0.0000, Ctx: 6, MixCtx: 3, Train: 80.41%, Valid: 73.03%, Test In: 73.56% Test OOD1: 65.53% Test OOD2: 54.68% Test OOD3: 63.10% 
Epoch: 385, Loss: 3.0055, Cls: 1.2020, Ind: 0.0000, Med: 0.6009, Spu: 0.0000, FD: 0.6013, FDAug: 0.6013, Var: 0.0000, Ctx: 6, MixCtx: 3, Train: 80.38%, Valid: 73.08%, Test In: 73.59% Test OOD1: 65.73% Test OOD2: 54.68% Test OOD3: 63.15% 
Epoch: 386, Loss: 3.0169, Cls: 1.2065, Ind: 0.0000, Med: 0.6031, Spu: 0.0000, FD: 0.6036, FDAug: 0.6037, Var: 0.0000, Ctx: 6, MixCtx: 3, Train: 80.44%, Valid: 72.94%, Test In: 73.43% Test OOD1: 65.32% Test OOD2: 54.63% Test OOD3: 62.96% 
Epoch: 387, Loss: 3.0188, Cls: 1.2073, Ind: 0.0000, Med: 0.6036, Spu: 0.0000, FD: 0.6039, FDAug: 0.6039, Var: 0.0000, Ctx: 6, MixCtx: 3, Train: 80.49%, Valid: 73.05%, Test In: 73.47% Test OOD1: 65.54% Test OOD2: 54.69% Test OOD3: 63.02% 
Epoch: 388, Loss: 3.0014, Cls: 1.2004, Ind: 0.0000, Med: 0.6002, Spu: 0.0000, FD: 0.6004, FDAug: 0.6004, Var: 0.0000, Ctx: 6, MixCtx: 3, Train: 80.47%, Valid: 73.08%, Test In: 73.52% Test OOD1: 65.72% Test OOD2: 54.69% Test OOD3: 63.09% 
Epoch: 389, Loss: 3.0092, Cls: 1.2035, Ind: 0.0000, Med: 0.6018, Spu: 0.0000, FD: 0.6019, FDAug: 0.6020, Var: 0.0000, Ctx: 6, MixCtx: 3, Train: 80.49%, Valid: 72.89%, Test In: 73.37% Test OOD1: 65.37% Test OOD2: 54.62% Test OOD3: 62.97% 
Epoch: 390, Loss: 3.0208, Cls: 1.2079, Ind: 0.0000, Med: 0.6038, Spu: 0.0000, FD: 0.6045, FDAug: 0.6046, Var: 0.0000, Ctx: 6, MixCtx: 3, Train: 80.54%, Valid: 73.01%, Test In: 73.42% Test OOD1: 65.60% Test OOD2: 54.69% Test OOD3: 63.03% 
Epoch: 391, Loss: 3.0013, Cls: 1.2003, Ind: 0.0000, Med: 0.6001, Spu: 0.0000, FD: 0.6004, FDAug: 0.6004, Var: 0.0000, Ctx: 6, MixCtx: 3, Train: 80.57%, Valid: 72.98%, Test In: 73.37% Test OOD1: 65.56% Test OOD2: 54.67% Test OOD3: 63.00% 
Epoch: 392, Loss: 2.9966, Cls: 1.1984, Ind: 0.0000, Med: 0.5992, Spu: 0.0000, FD: 0.5995, FDAug: 0.5995, Var: 0.0000, Ctx: 6, MixCtx: 3, Train: 80.57%, Valid: 72.83%, Test In: 73.25% Test OOD1: 65.32% Test OOD2: 54.61% Test OOD3: 62.90% 
Epoch: 393, Loss: 3.0073, Cls: 1.2027, Ind: 0.0000, Med: 0.6013, Spu: 0.0000, FD: 0.6016, FDAug: 0.6016, Var: 0.0000, Ctx: 6, MixCtx: 3, Train: 80.58%, Valid: 72.96%, Test In: 73.33% Test OOD1: 65.52% Test OOD2: 54.67% Test OOD3: 62.94% 
Epoch: 394, Loss: 3.0016, Cls: 1.2004, Ind: 0.0000, Med: 0.6001, Spu: 0.0000, FD: 0.6005, FDAug: 0.6006, Var: 0.0000, Ctx: 6, MixCtx: 3, Train: 80.62%, Valid: 72.85%, Test In: 73.21% Test OOD1: 65.21% Test OOD2: 54.64% Test OOD3: 62.80% 
Epoch: 395, Loss: 2.9929, Cls: 1.1970, Ind: 0.0000, Med: 0.5985, Spu: 0.0000, FD: 0.5987, FDAug: 0.5987, Var: 0.0000, Ctx: 6, MixCtx: 3, Train: 80.65%, Valid: 72.86%, Test In: 73.24% Test OOD1: 65.31% Test OOD2: 54.64% Test OOD3: 62.84% 
Epoch: 396, Loss: 2.9888, Cls: 1.1953, Ind: 0.0000, Med: 0.5976, Spu: 0.0000, FD: 0.5979, FDAug: 0.5979, Var: 0.0000, Ctx: 6, MixCtx: 3, Train: 80.64%, Valid: 72.93%, Test In: 73.34% Test OOD1: 65.56% Test OOD2: 54.67% Test OOD3: 62.94% 
Epoch: 397, Loss: 2.9950, Cls: 1.1977, Ind: 0.0000, Med: 0.5988, Spu: 0.0000, FD: 0.5992, FDAug: 0.5993, Var: 0.0000, Ctx: 6, MixCtx: 3, Train: 80.66%, Valid: 72.80%, Test In: 73.18% Test OOD1: 65.18% Test OOD2: 54.60% Test OOD3: 62.76% 
Epoch: 398, Loss: 3.0005, Cls: 1.2001, Ind: 0.0000, Med: 0.6001, Spu: 0.0000, FD: 0.6002, FDAug: 0.6002, Var: 0.0000, Ctx: 6, MixCtx: 3, Train: 80.71%, Valid: 72.92%, Test In: 73.22% Test OOD1: 65.34% Test OOD2: 54.66% Test OOD3: 62.79% 
Epoch: 399, Loss: 2.9933, Cls: 1.1972, Ind: 0.0000, Med: 0.5986, Spu: 0.0000, FD: 0.5988, FDAug: 0.5988, Var: 0.0000, Ctx: 6, MixCtx: 3, Train: 80.75%, Valid: 72.82%, Test In: 73.22% Test OOD1: 65.39% Test OOD2: 54.61% Test OOD3: 62.81% 
Epoch: 400, Loss: 2.9833, Cls: 1.1931, Ind: 0.0000, Med: 0.5965, Spu: 0.0000, FD: 0.5969, FDAug: 0.5969, Var: 0.0000, Ctx: 6, MixCtx: 3, Train: 80.76%, Valid: 72.81%, Test In: 73.22% Test OOD1: 65.42% Test OOD2: 54.60% Test OOD3: 62.79% 
Epoch: 401, Loss: 2.9814, Cls: 1.1923, Ind: 0.0000, Med: 0.5960, Spu: 0.0000, FD: 0.5965, FDAug: 0.5966, Var: 0.0000, Ctx: 6, MixCtx: 3, Train: 80.79%, Valid: 72.82%, Test In: 73.14% Test OOD1: 65.19% Test OOD2: 54.60% Test OOD3: 62.66% 
Epoch: 402, Loss: 2.9825, Cls: 1.1928, Ind: 0.0000, Med: 0.5964, Spu: 0.0000, FD: 0.5966, FDAug: 0.5966, Var: 0.0000, Ctx: 6, MixCtx: 3, Train: 80.81%, Valid: 72.72%, Test In: 73.07% Test OOD1: 65.05% Test OOD2: 54.54% Test OOD3: 62.58% 
Epoch: 403, Loss: 2.9859, Cls: 1.1942, Ind: 0.0000, Med: 0.5971, Spu: 0.0000, FD: 0.5973, FDAug: 0.5972, Var: 0.0000, Ctx: 6, MixCtx: 3, Train: 80.81%, Valid: 72.86%, Test In: 73.21% Test OOD1: 65.43% Test OOD2: 54.59% Test OOD3: 62.75% 
Epoch: 404, Loss: 2.9847, Cls: 1.1936, Ind: 0.0000, Med: 0.5968, Spu: 0.0000, FD: 0.5971, FDAug: 0.5972, Var: 0.0000, Ctx: 6, MixCtx: 3, Train: 80.85%, Valid: 72.73%, Test In: 73.10% Test OOD1: 65.22% Test OOD2: 54.53% Test OOD3: 62.65% 
Epoch: 405, Loss: 2.9843, Cls: 1.1936, Ind: 0.0000, Med: 0.5968, Spu: 0.0000, FD: 0.5970, FDAug: 0.5970, Var: 0.0000, Ctx: 6, MixCtx: 3, Train: 80.88%, Valid: 72.83%, Test In: 73.14% Test OOD1: 65.29% Test OOD2: 54.57% Test OOD3: 62.65% 
Epoch: 406, Loss: 2.9827, Cls: 1.1928, Ind: 0.0000, Med: 0.5964, Spu: 0.0000, FD: 0.5967, FDAug: 0.5968, Var: 0.0000, Ctx: 6, MixCtx: 3, Train: 80.91%, Valid: 72.69%, Test In: 73.11% Test OOD1: 65.27% Test OOD2: 54.52% Test OOD3: 62.65% 
Epoch: 407, Loss: 2.9799, Cls: 1.1917, Ind: 0.0000, Med: 0.5958, Spu: 0.0000, FD: 0.5961, FDAug: 0.5962, Var: 0.0000, Ctx: 6, MixCtx: 3, Train: 80.91%, Valid: 72.78%, Test In: 73.16% Test OOD1: 65.42% Test OOD2: 54.55% Test OOD3: 62.69% 
Epoch: 408, Loss: 2.9770, Cls: 1.1905, Ind: 0.0000, Med: 0.5951, Spu: 0.0000, FD: 0.5957, FDAug: 0.5957, Var: 0.0000, Ctx: 6, MixCtx: 3, Train: 80.94%, Valid: 72.64%, Test In: 72.98% Test OOD1: 65.07% Test OOD2: 54.48% Test OOD3: 62.50% 
Epoch: 409, Loss: 2.9792, Cls: 1.1915, Ind: 0.0000, Med: 0.5958, Spu: 0.0000, FD: 0.5959, FDAug: 0.5959, Var: 0.0000, Ctx: 6, MixCtx: 3, Train: 80.98%, Valid: 72.76%, Test In: 73.08% Test OOD1: 65.33% Test OOD2: 54.52% Test OOD3: 62.61% 
Epoch: 410, Loss: 2.9736, Cls: 1.1892, Ind: 0.0000, Med: 0.5945, Spu: 0.0000, FD: 0.5949, FDAug: 0.5949, Var: 0.0000, Ctx: 6, MixCtx: 3, Train: 80.99%, Valid: 72.65%, Test In: 73.05% Test OOD1: 65.34% Test OOD2: 54.47% Test OOD3: 62.64% 
Epoch: 411, Loss: 2.9756, Cls: 1.1900, Ind: 0.0000, Med: 0.5950, Spu: 0.0000, FD: 0.5953, FDAug: 0.5954, Var: 0.0000, Ctx: 6, MixCtx: 3, Train: 81.02%, Valid: 72.75%, Test In: 73.11% Test OOD1: 65.31% Test OOD2: 54.52% Test OOD3: 62.60% 
Epoch: 412, Loss: 2.9765, Cls: 1.1903, Ind: 0.0000, Med: 0.5951, Spu: 0.0000, FD: 0.5955, FDAug: 0.5955, Var: 0.0000, Ctx: 6, MixCtx: 3, Train: 80.99%, Valid: 72.55%, Test In: 72.91% Test OOD1: 65.04% Test OOD2: 54.40% Test OOD3: 62.43% 
Epoch: 413, Loss: 2.9906, Cls: 1.1962, Ind: 0.0000, Med: 0.5982, Spu: 0.0000, FD: 0.5981, FDAug: 0.5980, Var: 0.0000, Ctx: 6, MixCtx: 3, Train: 81.01%, Valid: 72.77%, Test In: 73.09% Test OOD1: 65.41% Test OOD2: 54.50% Test OOD3: 62.58% 
Epoch: 414, Loss: 2.9944, Cls: 1.1974, Ind: 0.0000, Med: 0.5986, Spu: 0.0000, FD: 0.5991, FDAug: 0.5993, Var: 0.0000, Ctx: 6, MixCtx: 3, Train: 81.00%, Valid: 72.45%, Test In: 72.83% Test OOD1: 65.12% Test OOD2: 54.35% Test OOD3: 62.43% 
Epoch: 415, Loss: 3.0286, Cls: 1.2115, Ind: 0.0000, Med: 0.6059, Spu: 0.0000, FD: 0.6057, FDAug: 0.6056, Var: 0.0000, Ctx: 6, MixCtx: 3, Train: 81.04%, Valid: 72.71%, Test In: 73.07% Test OOD1: 65.44% Test OOD2: 54.48% Test OOD3: 62.61% 
Epoch: 416, Loss: 3.0151, Cls: 1.2057, Ind: 0.0000, Med: 0.6028, Spu: 0.0000, FD: 0.6032, FDAug: 0.6035, Var: 0.0000, Ctx: 6, MixCtx: 3, Train: 81.06%, Valid: 72.45%, Test In: 72.93% Test OOD1: 65.30% Test OOD2: 54.34% Test OOD3: 62.54% 
Epoch: 417, Loss: 3.0036, Cls: 1.2011, Ind: 0.0000, Med: 0.6005, Spu: 0.0000, FD: 0.6010, FDAug: 0.6010, Var: 0.0000, Ctx: 6, MixCtx: 3, Train: 81.08%, Valid: 72.67%, Test In: 73.13% Test OOD1: 65.68% Test OOD2: 54.45% Test OOD3: 62.75% 
Epoch: 418, Loss: 2.9659, Cls: 1.1861, Ind: 0.0000, Med: 0.5930, Spu: 0.0000, FD: 0.5934, FDAug: 0.5934, Var: 0.0000, Ctx: 6, MixCtx: 3, Train: 81.18%, Valid: 72.63%, Test In: 73.10% Test OOD1: 65.50% Test OOD2: 54.39% Test OOD3: 62.66% 
Epoch: 419, Loss: 2.9557, Cls: 1.1820, Ind: 0.0000, Med: 0.5909, Spu: 0.0000, FD: 0.5914, FDAug: 0.5914, Var: 0.0000, Ctx: 6, MixCtx: 3, Train: 81.18%, Valid: 72.58%, Test In: 73.03% Test OOD1: 65.39% Test OOD2: 54.32% Test OOD3: 62.60% 
Epoch: 420, Loss: 2.9684, Cls: 1.1870, Ind: 0.0000, Med: 0.5933, Spu: 0.0000, FD: 0.5941, FDAug: 0.5940, Var: 0.0000, Ctx: 6, MixCtx: 3, Train: 81.14%, Valid: 72.81%, Test In: 73.15% Test OOD1: 65.58% Test OOD2: 54.42% Test OOD3: 62.66% 
Epoch: 421, Loss: 2.9832, Cls: 1.1932, Ind: 0.0000, Med: 0.5967, Spu: 0.0000, FD: 0.5966, FDAug: 0.5967, Var: 0.0000, Ctx: 6, MixCtx: 3, Train: 81.12%, Valid: 72.47%, Test In: 72.81% Test OOD1: 65.06% Test OOD2: 54.22% Test OOD3: 62.34% 
Epoch: 422, Loss: 3.0134, Cls: 1.2052, Ind: 0.0000, Med: 0.6026, Spu: 0.0000, FD: 0.6029, FDAug: 0.6028, Var: 0.0000, Ctx: 6, MixCtx: 3, Train: 81.22%, Valid: 72.72%, Test In: 72.95% Test OOD1: 65.19% Test OOD2: 54.34% Test OOD3: 62.36% 
Epoch: 423, Loss: 2.9799, Cls: 1.1919, Ind: 0.0000, Med: 0.5960, Spu: 0.0000, FD: 0.5960, FDAug: 0.5960, Var: 0.0000, Ctx: 6, MixCtx: 3, Train: 81.22%, Valid: 72.67%, Test In: 73.10% Test OOD1: 65.61% Test OOD2: 54.33% Test OOD3: 62.62% 
Epoch: 424, Loss: 2.9569, Cls: 1.1824, Ind: 0.0000, Med: 0.5912, Spu: 0.0000, FD: 0.5916, FDAug: 0.5917, Var: 0.0000, Ctx: 6, MixCtx: 3, Train: 81.31%, Valid: 72.63%, Test In: 73.12% Test OOD1: 65.49% Test OOD2: 54.33% Test OOD3: 62.57% 
Epoch: 425, Loss: 2.9442, Cls: 1.1774, Ind: 0.0000, Med: 0.5886, Spu: 0.0000, FD: 0.5891, FDAug: 0.5891, Var: 0.0000, Ctx: 6, MixCtx: 3, Train: 81.30%, Valid: 72.63%, Test In: 73.08% Test OOD1: 65.34% Test OOD2: 54.34% Test OOD3: 62.49% 
Epoch: 426, Loss: 2.9575, Cls: 1.1826, Ind: 0.0000, Med: 0.5912, Spu: 0.0000, FD: 0.5918, FDAug: 0.5919, Var: 0.0000, Ctx: 6, MixCtx: 3, Train: 81.32%, Valid: 72.59%, Test In: 73.03% Test OOD1: 65.56% Test OOD2: 54.28% Test OOD3: 62.60% 
Epoch: 427, Loss: 2.9672, Cls: 1.1868, Ind: 0.0000, Med: 0.5934, Spu: 0.0000, FD: 0.5935, FDAug: 0.5935, Var: 0.0000, Ctx: 6, MixCtx: 3, Train: 81.26%, Valid: 72.81%, Test In: 73.15% Test OOD1: 65.68% Test OOD2: 54.38% Test OOD3: 62.64% 
Epoch: 428, Loss: 2.9761, Cls: 1.1900, Ind: 0.0000, Med: 0.5949, Spu: 0.0000, FD: 0.5955, FDAug: 0.5958, Var: 0.0000, Ctx: 6, MixCtx: 3, Train: 81.20%, Valid: 72.36%, Test In: 72.76% Test OOD1: 64.99% Test OOD2: 54.14% Test OOD3: 62.27% 
Epoch: 429, Loss: 3.0072, Cls: 1.2030, Ind: 0.0000, Med: 0.6016, Spu: 0.0000, FD: 0.6015, FDAug: 0.6011, Var: 0.0000, Ctx: 6, MixCtx: 3, Train: 81.37%, Valid: 72.54%, Test In: 72.90% Test OOD1: 65.00% Test OOD2: 54.23% Test OOD3: 62.26% 
Epoch: 430, Loss: 2.9677, Cls: 1.1869, Ind: 0.0000, Med: 0.5935, Spu: 0.0000, FD: 0.5936, FDAug: 0.5937, Var: 0.0000, Ctx: 6, MixCtx: 3, Train: 81.17%, Valid: 72.72%, Test In: 73.17% Test OOD1: 65.90% Test OOD2: 54.34% Test OOD3: 62.78% 
Epoch: 431, Loss: 2.9608, Cls: 1.1838, Ind: 0.0000, Med: 0.5917, Spu: 0.0000, FD: 0.5925, FDAug: 0.5927, Var: 0.0000, Ctx: 6, MixCtx: 3, Train: 81.46%, Valid: 72.52%, Test In: 72.96% Test OOD1: 65.46% Test OOD2: 54.21% Test OOD3: 62.47% 
Epoch: 432, Loss: 2.9509, Cls: 1.1801, Ind: 0.0000, Med: 0.5900, Spu: 0.0000, FD: 0.5904, FDAug: 0.5903, Var: 0.0000, Ctx: 6, MixCtx: 3, Train: 81.35%, Valid: 72.57%, Test In: 72.95% Test OOD1: 65.23% Test OOD2: 54.27% Test OOD3: 62.34% 
Epoch: 433, Loss: 3.0000, Cls: 1.1999, Ind: 0.0000, Med: 0.6001, Spu: 0.0000, FD: 0.5999, FDAug: 0.6001, Var: 0.0000, Ctx: 6, MixCtx: 3, Train: 81.37%, Valid: 72.52%, Test In: 73.02% Test OOD1: 65.75% Test OOD2: 54.23% Test OOD3: 62.63% 
Epoch: 434, Loss: 3.0220, Cls: 1.2084, Ind: 0.0000, Med: 0.6040, Spu: 0.0000, FD: 0.6048, FDAug: 0.6048, Var: 0.0000, Ctx: 6, MixCtx: 3, Train: 81.23%, Valid: 72.82%, Test In: 73.24% Test OOD1: 65.85% Test OOD2: 54.43% Test OOD3: 62.69% 
Epoch: 435, Loss: 2.9968, Cls: 1.1986, Ind: 0.0000, Med: 0.5994, Spu: 0.0000, FD: 0.5993, FDAug: 0.5995, Var: 0.0000, Ctx: 6, MixCtx: 3, Train: 81.15%, Valid: 72.24%, Test In: 72.66% Test OOD1: 64.64% Test OOD2: 54.12% Test OOD3: 61.91% 
Epoch: 436, Loss: 3.0135, Cls: 1.2053, Ind: 0.0000, Med: 0.6025, Spu: 0.0000, FD: 0.6030, FDAug: 0.6027, Var: 0.0000, Ctx: 6, MixCtx: 3, Train: 81.30%, Valid: 72.36%, Test In: 72.88% Test OOD1: 64.92% Test OOD2: 54.16% Test OOD3: 62.16% 
Epoch: 437, Loss: 2.9706, Cls: 1.1880, Ind: 0.0000, Med: 0.5939, Spu: 0.0000, FD: 0.5944, FDAug: 0.5942, Var: 0.0000, Ctx: 6, MixCtx: 3, Train: 81.24%, Valid: 72.79%, Test In: 73.44% Test OOD1: 66.10% Test OOD2: 54.44% Test OOD3: 63.02% 
Epoch: 438, Loss: 3.0116, Cls: 1.2045, Ind: 0.0000, Med: 0.6024, Spu: 0.0000, FD: 0.6021, FDAug: 0.6025, Var: 0.0000, Ctx: 6, MixCtx: 3, Train: 81.01%, Valid: 72.24%, Test In: 73.04% Test OOD1: 65.80% Test OOD2: 54.16% Test OOD3: 62.85% 
Epoch: 439, Loss: 3.1121, Cls: 1.2450, Ind: 0.0000, Med: 0.6228, Spu: 0.0000, FD: 0.6221, FDAug: 0.6222, Var: 0.0000, Ctx: 6, MixCtx: 3, Train: 81.22%, Valid: 72.52%, Test In: 72.74% Test OOD1: 65.02% Test OOD2: 54.18% Test OOD3: 62.11% 
Epoch: 440, Loss: 3.0719, Cls: 1.2288, Ind: 0.0000, Med: 0.6145, Spu: 0.0000, FD: 0.6144, FDAug: 0.6143, Var: 0.0000, Ctx: 6, MixCtx: 3, Train: 81.48%, Valid: 72.70%, Test In: 73.02% Test OOD1: 65.46% Test OOD2: 54.24% Test OOD3: 62.27% 
Epoch: 441, Loss: 2.9589, Cls: 1.1835, Ind: 0.0000, Med: 0.5918, Spu: 0.0000, FD: 0.5919, FDAug: 0.5917, Var: 0.0000, Ctx: 6, MixCtx: 3, Train: 80.73%, Valid: 72.76%, Test In: 73.33% Test OOD1: 66.11% Test OOD2: 54.40% Test OOD3: 62.70% 
Epoch: 442, Loss: 3.0333, Cls: 1.2128, Ind: 0.0000, Med: 0.6063, Spu: 0.0000, FD: 0.6070, FDAug: 0.6072, Var: 0.0000, Ctx: 6, MixCtx: 3, Train: 80.59%, Valid: 72.93%, Test In: 73.65% Test OOD1: 66.33% Test OOD2: 54.54% Test OOD3: 62.92% 
Epoch: 443, Loss: 3.0115, Cls: 1.2043, Ind: 0.0000, Med: 0.6021, Spu: 0.0000, FD: 0.6025, FDAug: 0.6026, Var: 0.0000, Ctx: 6, MixCtx: 3, Train: 81.17%, Valid: 72.51%, Test In: 73.36% Test OOD1: 64.97% Test OOD2: 54.32% Test OOD3: 62.24% 
Epoch: 444, Loss: 3.0017, Cls: 1.2005, Ind: 0.0000, Med: 0.6001, Spu: 0.0000, FD: 0.6008, FDAug: 0.6004, Var: 0.0000, Ctx: 6, MixCtx: 3, Train: 80.98%, Valid: 72.57%, Test In: 73.21% Test OOD1: 65.03% Test OOD2: 54.31% Test OOD3: 62.28% 
Epoch: 445, Loss: 3.0214, Cls: 1.2082, Ind: 0.0000, Med: 0.6038, Spu: 0.0000, FD: 0.6049, FDAug: 0.6045, Var: 0.0000, Ctx: 6, MixCtx: 3, Train: 81.18%, Valid: 72.97%, Test In: 73.50% Test OOD1: 66.15% Test OOD2: 54.38% Test OOD3: 62.95% 
Epoch: 446, Loss: 2.9632, Cls: 1.1849, Ind: 0.0000, Med: 0.5923, Spu: 0.0000, FD: 0.5930, FDAug: 0.5929, Var: 0.0000, Ctx: 6, MixCtx: 3, Train: 80.74%, Valid: 73.11%, Test In: 73.74% Test OOD1: 66.77% Test OOD2: 54.50% Test OOD3: 63.43% 
Epoch: 447, Loss: 3.0034, Cls: 1.2015, Ind: 0.0000, Med: 0.6012, Spu: 0.0000, FD: 0.6001, FDAug: 0.6005, Var: 0.0000, Ctx: 6, MixCtx: 3, Train: 81.04%, Valid: 73.15%, Test In: 73.80% Test OOD1: 66.34% Test OOD2: 54.44% Test OOD3: 63.18% 
Epoch: 448, Loss: 2.9807, Cls: 1.1924, Ind: 0.0000, Med: 0.5966, Spu: 0.0000, FD: 0.5957, FDAug: 0.5959, Var: 0.0000, Ctx: 6, MixCtx: 3, Train: 81.47%, Valid: 72.91%, Test In: 73.42% Test OOD1: 64.81% Test OOD2: 54.20% Test OOD3: 62.15% 
Epoch: 449, Loss: 2.9436, Cls: 1.1773, Ind: 0.0000, Med: 0.5886, Spu: 0.0000, FD: 0.5889, FDAug: 0.5888, Var: 0.0000, Ctx: 6, MixCtx: 3, Train: 81.27%, Valid: 72.59%, Test In: 72.90% Test OOD1: 63.76% Test OOD2: 54.04% Test OOD3: 61.49% 
Epoch: 450, Loss: 2.9726, Cls: 1.1889, Ind: 0.0000, Med: 0.5944, Spu: 0.0000, FD: 0.5948, FDAug: 0.5946, Var: 0.0000, Ctx: 6, MixCtx: 3, Train: 81.33%, Valid: 73.06%, Test In: 73.10% Test OOD1: 64.78% Test OOD2: 54.24% Test OOD3: 61.88% 
Epoch: 451, Loss: 2.9456, Cls: 1.1781, Ind: 0.0000, Med: 0.5890, Spu: 0.0000, FD: 0.5893, FDAug: 0.5891, Var: 0.0000, Ctx: 6, MixCtx: 3, Train: 80.75%, Valid: 73.29%, Test In: 73.31% Test OOD1: 65.74% Test OOD2: 54.41% Test OOD3: 62.39% 
Epoch: 452, Loss: 2.9860, Cls: 1.1940, Ind: 0.0000, Med: 0.5969, Spu: 0.0000, FD: 0.5975, FDAug: 0.5976, Var: 0.0000, Ctx: 6, MixCtx: 3, Train: 81.53%, Valid: 72.96%, Test In: 73.06% Test OOD1: 65.34% Test OOD2: 54.23% Test OOD3: 62.21% 
Epoch: 453, Loss: 2.9653, Cls: 1.1861, Ind: 0.0000, Med: 0.5931, Spu: 0.0000, FD: 0.5931, FDAug: 0.5930, Var: 0.0000, Ctx: 6, MixCtx: 3, Train: 81.63%, Valid: 72.80%, Test In: 73.23% Test OOD1: 65.31% Test OOD2: 54.26% Test OOD3: 62.38% 
Epoch: 454, Loss: 2.9470, Cls: 1.1785, Ind: 0.0000, Med: 0.5891, Spu: 0.0000, FD: 0.5896, FDAug: 0.5897, Var: 0.0000, Ctx: 6, MixCtx: 3, Train: 81.60%, Valid: 72.69%, Test In: 73.49% Test OOD1: 65.68% Test OOD2: 54.30% Test OOD3: 62.72% 
Epoch: 455, Loss: 2.9295, Cls: 1.1714, Ind: 0.0000, Med: 0.5856, Spu: 0.0000, FD: 0.5862, FDAug: 0.5863, Var: 0.0000, Ctx: 6, MixCtx: 3, Train: 81.46%, Valid: 72.63%, Test In: 73.59% Test OOD1: 66.14% Test OOD2: 54.29% Test OOD3: 63.02% 
Epoch: 456, Loss: 2.9664, Cls: 1.1861, Ind: 0.0000, Med: 0.5929, Spu: 0.0000, FD: 0.5936, FDAug: 0.5938, Var: 0.0000, Ctx: 6, MixCtx: 3, Train: 81.50%, Valid: 72.85%, Test In: 73.64% Test OOD1: 66.36% Test OOD2: 54.46% Test OOD3: 63.08% 
Epoch: 457, Loss: 2.9786, Cls: 1.1910, Ind: 0.0000, Med: 0.5953, Spu: 0.0000, FD: 0.5961, FDAug: 0.5962, Var: 0.0000, Ctx: 6, MixCtx: 3, Train: 81.61%, Valid: 72.51%, Test In: 73.14% Test OOD1: 65.35% Test OOD2: 54.15% Test OOD3: 62.33% 
Epoch: 458, Loss: 2.9753, Cls: 1.1901, Ind: 0.0000, Med: 0.5950, Spu: 0.0000, FD: 0.5952, FDAug: 0.5950, Var: 0.0000, Ctx: 6, MixCtx: 3, Train: 81.64%, Valid: 72.49%, Test In: 72.91% Test OOD1: 64.97% Test OOD2: 54.17% Test OOD3: 62.07% 
Epoch: 459, Loss: 2.9459, Cls: 1.1786, Ind: 0.0000, Med: 0.5895, Spu: 0.0000, FD: 0.5890, FDAug: 0.5888, Var: 0.0000, Ctx: 6, MixCtx: 3, Train: 81.70%, Valid: 72.78%, Test In: 73.05% Test OOD1: 65.44% Test OOD2: 54.31% Test OOD3: 62.39% 
Epoch: 460, Loss: 2.9578, Cls: 1.1830, Ind: 0.0000, Med: 0.5916, Spu: 0.0000, FD: 0.5915, FDAug: 0.5916, Var: 0.0000, Ctx: 6, MixCtx: 3, Train: 81.67%, Valid: 72.54%, Test In: 72.92% Test OOD1: 65.31% Test OOD2: 54.20% Test OOD3: 62.22% 
Epoch: 461, Loss: 3.0117, Cls: 1.2040, Ind: 0.0000, Med: 0.6017, Spu: 0.0000, FD: 0.6029, FDAug: 0.6030, Var: 0.0000, Ctx: 6, MixCtx: 3, Train: 81.75%, Valid: 72.78%, Test In: 73.16% Test OOD1: 65.49% Test OOD2: 54.38% Test OOD3: 62.43% 
Epoch: 462, Loss: 2.9240, Cls: 1.1692, Ind: 0.0000, Med: 0.5845, Spu: 0.0000, FD: 0.5851, FDAug: 0.5852, Var: 0.0000, Ctx: 6, MixCtx: 3, Train: 81.89%, Valid: 72.51%, Test In: 72.94% Test OOD1: 65.01% Test OOD2: 54.20% Test OOD3: 62.15% 
Epoch: 463, Loss: 2.9210, Cls: 1.1683, Ind: 0.0000, Med: 0.5842, Spu: 0.0000, FD: 0.5843, FDAug: 0.5843, Var: 0.0000, Ctx: 6, MixCtx: 3, Train: 81.81%, Valid: 72.43%, Test In: 72.90% Test OOD1: 65.25% Test OOD2: 54.13% Test OOD3: 62.25% 
Epoch: 464, Loss: 2.9466, Cls: 1.1787, Ind: 0.0000, Med: 0.5894, Spu: 0.0000, FD: 0.5894, FDAug: 0.5892, Var: 0.0000, Ctx: 6, MixCtx: 3, Train: 81.87%, Valid: 72.73%, Test In: 73.20% Test OOD1: 65.86% Test OOD2: 54.34% Test OOD3: 62.63% 
Epoch: 465, Loss: 2.9129, Cls: 1.1647, Ind: 0.0000, Med: 0.5822, Spu: 0.0000, FD: 0.5830, FDAug: 0.5830, Var: 0.0000, Ctx: 6, MixCtx: 3, Train: 81.89%, Valid: 72.64%, Test In: 73.26% Test OOD1: 65.80% Test OOD2: 54.38% Test OOD3: 62.63% 
Epoch: 466, Loss: 2.9055, Cls: 1.1617, Ind: 0.0000, Med: 0.5806, Spu: 0.0000, FD: 0.5815, FDAug: 0.5816, Var: 0.0000, Ctx: 6, MixCtx: 3, Train: 82.03%, Valid: 72.31%, Test In: 72.99% Test OOD1: 65.07% Test OOD2: 54.18% Test OOD3: 62.19% 
Epoch: 467, Loss: 2.9076, Cls: 1.1628, Ind: 0.0000, Med: 0.5814, Spu: 0.0000, FD: 0.5817, FDAug: 0.5817, Var: 0.0000, Ctx: 6, MixCtx: 3, Train: 82.00%, Valid: 72.31%, Test In: 72.80% Test OOD1: 64.64% Test OOD2: 54.23% Test OOD3: 61.95% 
Epoch: 468, Loss: 2.9205, Cls: 1.1678, Ind: 0.0000, Med: 0.5837, Spu: 0.0000, FD: 0.5845, FDAug: 0.5844, Var: 0.0000, Ctx: 6, MixCtx: 3, Train: 82.06%, Valid: 72.40%, Test In: 72.64% Test OOD1: 65.01% Test OOD2: 54.18% Test OOD3: 61.94% 
Epoch: 469, Loss: 2.9056, Cls: 1.1621, Ind: 0.0000, Med: 0.5811, Spu: 0.0000, FD: 0.5812, FDAug: 0.5812, Var: 0.0000, Ctx: 6, MixCtx: 3, Train: 81.90%, Valid: 72.61%, Test In: 72.75% Test OOD1: 65.42% Test OOD2: 54.32% Test OOD3: 62.20% 
Epoch: 470, Loss: 2.8990, Cls: 1.1592, Ind: 0.0000, Med: 0.5794, Spu: 0.0000, FD: 0.5802, FDAug: 0.5802, Var: 0.0000, Ctx: 6, MixCtx: 3, Train: 82.17%, Valid: 72.38%, Test In: 72.79% Test OOD1: 65.14% Test OOD2: 54.23% Test OOD3: 62.08% 
Epoch: 471, Loss: 2.8849, Cls: 1.1535, Ind: 0.0000, Med: 0.5766, Spu: 0.0000, FD: 0.5773, FDAug: 0.5774, Var: 0.0000, Ctx: 6, MixCtx: 3, Train: 82.10%, Valid: 71.97%, Test In: 72.66% Test OOD1: 64.80% Test OOD2: 54.06% Test OOD3: 61.93% 
Epoch: 472, Loss: 2.9003, Cls: 1.1600, Ind: 0.0000, Med: 0.5800, Spu: 0.0000, FD: 0.5802, FDAug: 0.5801, Var: 0.0000, Ctx: 6, MixCtx: 3, Train: 82.17%, Valid: 72.22%, Test In: 72.83% Test OOD1: 65.13% Test OOD2: 54.18% Test OOD3: 62.15% 
Epoch: 473, Loss: 2.8955, Cls: 1.1578, Ind: 0.0000, Med: 0.5788, Spu: 0.0000, FD: 0.5795, FDAug: 0.5795, Var: 0.0000, Ctx: 6, MixCtx: 3, Train: 82.10%, Valid: 72.25%, Test In: 72.73% Test OOD1: 65.53% Test OOD2: 54.11% Test OOD3: 62.19% 
Epoch: 474, Loss: 2.9080, Cls: 1.1628, Ind: 0.0000, Med: 0.5813, Spu: 0.0000, FD: 0.5818, FDAug: 0.5821, Var: 0.0000, Ctx: 6, MixCtx: 3, Train: 82.19%, Valid: 72.33%, Test In: 72.67% Test OOD1: 65.18% Test OOD2: 54.21% Test OOD3: 62.02% 
Epoch: 475, Loss: 2.9062, Cls: 1.1621, Ind: 0.0000, Med: 0.5810, Spu: 0.0000, FD: 0.5815, FDAug: 0.5816, Var: 0.0000, Ctx: 6, MixCtx: 3, Train: 82.25%, Valid: 71.81%, Test In: 72.35% Test OOD1: 64.47% Test OOD2: 53.97% Test OOD3: 61.52% 
Epoch: 476, Loss: 2.9187, Cls: 1.1676, Ind: 0.0000, Med: 0.5839, Spu: 0.0000, FD: 0.5837, FDAug: 0.5835, Var: 0.0000, Ctx: 6, MixCtx: 3, Train: 82.23%, Valid: 72.06%, Test In: 72.63% Test OOD1: 64.60% Test OOD2: 54.20% Test OOD3: 61.76% 
Epoch: 477, Loss: 2.8913, Cls: 1.1562, Ind: 0.0000, Med: 0.5780, Spu: 0.0000, FD: 0.5785, FDAug: 0.5786, Var: 0.0000, Ctx: 6, MixCtx: 3, Train: 82.33%, Valid: 72.23%, Test In: 72.73% Test OOD1: 65.23% Test OOD2: 54.22% Test OOD3: 62.03% 
Epoch: 478, Loss: 2.8743, Cls: 1.1492, Ind: 0.0000, Med: 0.5745, Spu: 0.0000, FD: 0.5753, FDAug: 0.5753, Var: 0.0000, Ctx: 6, MixCtx: 3, Train: 82.39%, Valid: 72.21%, Test In: 72.60% Test OOD1: 65.30% Test OOD2: 54.12% Test OOD3: 62.00% 
Epoch: 479, Loss: 2.8657, Cls: 1.1460, Ind: 0.0000, Med: 0.5729, Spu: 0.0000, FD: 0.5734, FDAug: 0.5734, Var: 0.0000, Ctx: 6, MixCtx: 3, Train: 82.34%, Valid: 72.14%, Test In: 72.56% Test OOD1: 65.01% Test OOD2: 54.09% Test OOD3: 61.92% 
Epoch: 480, Loss: 2.8810, Cls: 1.1522, Ind: 0.0000, Med: 0.5760, Spu: 0.0000, FD: 0.5764, FDAug: 0.5764, Var: 0.0000, Ctx: 6, MixCtx: 3, Train: 82.34%, Valid: 71.94%, Test In: 72.64% Test OOD1: 65.15% Test OOD2: 54.04% Test OOD3: 61.94% 
Epoch: 481, Loss: 2.9085, Cls: 1.1629, Ind: 0.0000, Med: 0.5814, Spu: 0.0000, FD: 0.5820, FDAug: 0.5823, Var: 0.0000, Ctx: 6, MixCtx: 3, Train: 82.26%, Valid: 72.30%, Test In: 72.80% Test OOD1: 64.84% Test OOD2: 54.26% Test OOD3: 61.89% 
Epoch: 482, Loss: 2.9750, Cls: 1.1894, Ind: 0.0000, Med: 0.5946, Spu: 0.0000, FD: 0.5954, FDAug: 0.5956, Var: 0.0000, Ctx: 6, MixCtx: 3, Train: 81.84%, Valid: 71.38%, Test In: 71.89% Test OOD1: 64.29% Test OOD2: 53.70% Test OOD3: 61.11% 
Epoch: 483, Loss: 3.1693, Cls: 1.2680, Ind: 0.0000, Med: 0.6344, Spu: 0.0000, FD: 0.6333, FDAug: 0.6336, Var: 0.0000, Ctx: 6, MixCtx: 3, Train: 81.95%, Valid: 71.99%, Test In: 72.25% Test OOD1: 64.69% Test OOD2: 54.07% Test OOD3: 61.39% 
Epoch: 484, Loss: 2.9453, Cls: 1.1782, Ind: 0.0000, Med: 0.5893, Spu: 0.0000, FD: 0.5890, FDAug: 0.5888, Var: 0.0000, Ctx: 6, MixCtx: 3, Train: 81.79%, Valid: 72.40%, Test In: 72.73% Test OOD1: 65.72% Test OOD2: 54.31% Test OOD3: 62.28% 
Epoch: 485, Loss: 3.1156, Cls: 1.2469, Ind: 0.0000, Med: 0.6240, Spu: 0.0000, FD: 0.6224, FDAug: 0.6223, Var: 0.0000, Ctx: 6, MixCtx: 3, Train: 81.66%, Valid: 71.65%, Test In: 72.41% Test OOD1: 65.41% Test OOD2: 53.89% Test OOD3: 61.92% 
Epoch: 486, Loss: 3.1741, Cls: 1.2696, Ind: 0.0000, Med: 0.6348, Spu: 0.0000, FD: 0.6350, FDAug: 0.6346, Var: 0.0000, Ctx: 6, MixCtx: 3, Train: 82.24%, Valid: 72.05%, Test In: 72.90% Test OOD1: 65.50% Test OOD2: 54.00% Test OOD3: 62.05% 
Epoch: 487, Loss: 2.9708, Cls: 1.1880, Ind: 0.0000, Med: 0.5938, Spu: 0.0000, FD: 0.5947, FDAug: 0.5943, Var: 0.0000, Ctx: 6, MixCtx: 3, Train: 81.81%, Valid: 72.50%, Test In: 73.29% Test OOD1: 66.00% Test OOD2: 54.30% Test OOD3: 62.65% 
Epoch: 488, Loss: 3.1845, Cls: 1.2757, Ind: 0.0000, Med: 0.6394, Spu: 0.0000, FD: 0.6347, FDAug: 0.6348, Var: 0.0000, Ctx: 6, MixCtx: 3, Train: 82.32%, Valid: 72.32%, Test In: 73.16% Test OOD1: 65.58% Test OOD2: 53.98% Test OOD3: 62.24% 
Epoch: 489, Loss: 2.9433, Cls: 1.1767, Ind: 0.0000, Med: 0.5880, Spu: 0.0000, FD: 0.5894, FDAug: 0.5892, Var: 0.0000, Ctx: 6, MixCtx: 3, Train: 81.62%, Valid: 72.06%, Test In: 72.92% Test OOD1: 65.77% Test OOD2: 53.85% Test OOD3: 62.35% 
Epoch: 490, Loss: 3.0931, Cls: 1.2356, Ind: 0.0000, Med: 0.6170, Spu: 0.0000, FD: 0.6200, FDAug: 0.6206, Var: 0.0000, Ctx: 6, MixCtx: 3, Train: 81.95%, Valid: 72.76%, Test In: 73.24% Test OOD1: 66.27% Test OOD2: 54.18% Test OOD3: 62.72% 
Epoch: 491, Loss: 2.9110, Cls: 1.1637, Ind: 0.0000, Med: 0.5815, Spu: 0.0000, FD: 0.5829, FDAug: 0.5828, Var: 0.0000, Ctx: 6, MixCtx: 3, Train: 81.60%, Valid: 72.86%, Test In: 73.33% Test OOD1: 66.22% Test OOD2: 54.35% Test OOD3: 62.82% 
Epoch: 492, Loss: 3.1034, Cls: 1.2430, Ind: 0.0000, Med: 0.6229, Spu: 0.0000, FD: 0.6187, FDAug: 0.6187, Var: 0.0000, Ctx: 6, MixCtx: 3, Train: 82.04%, Valid: 72.02%, Test In: 73.13% Test OOD1: 64.98% Test OOD2: 53.86% Test OOD3: 62.11% 
Epoch: 493, Loss: 2.9907, Cls: 1.1951, Ind: 0.0000, Med: 0.5970, Spu: 0.0000, FD: 0.5993, FDAug: 0.5993, Var: 0.0000, Ctx: 6, MixCtx: 3, Train: 81.50%, Valid: 71.59%, Test In: 72.90% Test OOD1: 64.37% Test OOD2: 53.69% Test OOD3: 61.86% 
Epoch: 494, Loss: 3.0988, Cls: 1.2391, Ind: 0.0000, Med: 0.6195, Spu: 0.0000, FD: 0.6200, FDAug: 0.6202, Var: 0.0000, Ctx: 6, MixCtx: 3, Train: 82.36%, Valid: 72.36%, Test In: 73.25% Test OOD1: 65.27% Test OOD2: 54.09% Test OOD3: 62.26% 
Epoch: 495, Loss: 2.9225, Cls: 1.1679, Ind: 0.0000, Med: 0.5834, Spu: 0.0000, FD: 0.5856, FDAug: 0.5856, Var: 0.0000, Ctx: 6, MixCtx: 3, Train: 81.56%, Valid: 72.84%, Test In: 73.28% Test OOD1: 66.21% Test OOD2: 54.32% Test OOD3: 62.76% 
Epoch: 496, Loss: 3.0844, Cls: 1.2349, Ind: 0.0000, Med: 0.6185, Spu: 0.0000, FD: 0.6156, FDAug: 0.6154, Var: 0.0000, Ctx: 6, MixCtx: 3, Train: 82.01%, Valid: 72.56%, Test In: 73.26% Test OOD1: 66.14% Test OOD2: 54.02% Test OOD3: 62.61% 
Epoch: 497, Loss: 2.9702, Cls: 1.1882, Ind: 0.0000, Med: 0.5943, Spu: 0.0000, FD: 0.5939, FDAug: 0.5938, Var: 0.0000, Ctx: 6, MixCtx: 3, Train: 82.08%, Valid: 72.38%, Test In: 73.11% Test OOD1: 65.71% Test OOD2: 53.84% Test OOD3: 62.32% 
Epoch: 498, Loss: 3.0179, Cls: 1.2073, Ind: 0.0000, Med: 0.6038, Spu: 0.0000, FD: 0.6034, FDAug: 0.6033, Var: 0.0000, Ctx: 6, MixCtx: 3, Train: 82.28%, Valid: 72.52%, Test In: 73.03% Test OOD1: 65.50% Test OOD2: 53.98% Test OOD3: 62.21% 
Epoch: 499, Loss: 2.9389, Cls: 1.1752, Ind: 0.0000, Med: 0.5873, Spu: 0.0000, FD: 0.5883, FDAug: 0.5881, Var: 0.0000, Ctx: 6, MixCtx: 3, Train: 82.22%, Valid: 72.56%, Test In: 73.11% Test OOD1: 65.74% Test OOD2: 54.10% Test OOD3: 62.43% 
Run 01:
Highest Train: 82.39
Highest Valid: 73.86
Highest In Test: 74.80
Highest OOD Test: 68.24
Highest OOD Test: 55.03
Highest OOD Test: 64.40
Chosen epoch: 284
Final Train: 78.72
Final In Test: 74.76
Final OOD Test: 66.87
Final OOD Test: 54.99
Final OOD Test: 63.96
Epoch: 00, Loss: 6.9602, Cls: 2.6079, Ind: 0.0018, Med: 1.2081, Spu: 0.0130, FD: 1.5804, FDAug: 1.5490, Var: 0.0000, Ctx: 6, MixCtx: 3, Train: 56.30%, Valid: 57.09%, Test In: 55.91% Test OOD1: 59.47% Test OOD2: 51.53% Test OOD3: 56.09% 
Epoch: 01, Loss: 4.5526, Cls: 1.6692, Ind: 0.0021, Med: 0.7956, Spu: 0.0023, FD: 1.0377, FDAug: 1.0458, Var: 0.0000, Ctx: 6, MixCtx: 3, Train: 56.49%, Valid: 57.31%, Test In: 56.49% Test OOD1: 59.30% Test OOD2: 52.29% Test OOD3: 56.97% 
Epoch: 02, Loss: 3.9383, Cls: 1.5178, Ind: 0.0027, Med: 0.7523, Spu: 0.0063, FD: 0.8248, FDAug: 0.8344, Var: 0.0000, Ctx: 6, MixCtx: 3, Train: 57.43%, Valid: 57.97%, Test In: 57.30% Test OOD1: 59.97% Test OOD2: 52.33% Test OOD3: 57.56% 
Epoch: 03, Loss: 3.7930, Cls: 1.5035, Ind: 0.0031, Med: 0.7536, Spu: 0.0018, FD: 0.7637, FDAug: 0.7673, Var: 0.0000, Ctx: 6, MixCtx: 3, Train: 58.34%, Valid: 58.65%, Test In: 57.80% Test OOD1: 61.12% Test OOD2: 52.02% Test OOD3: 57.90% 
Epoch: 04, Loss: 3.7725, Cls: 1.5061, Ind: 0.0028, Med: 0.7545, Spu: 0.0003, FD: 0.7553, FDAug: 0.7535, Var: 0.0001, Ctx: 6, MixCtx: 3, Train: 58.76%, Valid: 58.94%, Test In: 58.03% Test OOD1: 61.51% Test OOD2: 51.82% Test OOD3: 58.02% 
Epoch: 05, Loss: 3.7797, Cls: 1.5076, Ind: 0.0020, Med: 0.7534, Spu: 0.0027, FD: 0.7585, FDAug: 0.7553, Var: 0.0001, Ctx: 6, MixCtx: 3, Train: 58.97%, Valid: 59.01%, Test In: 58.11% Test OOD1: 61.61% Test OOD2: 51.64% Test OOD3: 58.07% 
Epoch: 06, Loss: 3.7863, Cls: 1.5068, Ind: 0.0013, Med: 0.7519, Spu: 0.0029, FD: 0.7626, FDAug: 0.7607, Var: 0.0000, Ctx: 6, MixCtx: 3, Train: 59.01%, Valid: 58.96%, Test In: 58.10% Test OOD1: 61.63% Test OOD2: 51.51% Test OOD3: 58.04% 
Epoch: 07, Loss: 3.7894, Cls: 1.5048, Ind: 0.0008, Med: 0.7514, Spu: 0.0010, FD: 0.7658, FDAug: 0.7656, Var: 0.0000, Ctx: 6, MixCtx: 3, Train: 58.95%, Valid: 58.88%, Test In: 58.02% Test OOD1: 61.59% Test OOD2: 51.41% Test OOD3: 57.95% 
Epoch: 08, Loss: 3.7904, Cls: 1.5029, Ind: 0.0005, Med: 0.7525, Spu: 0.0001, FD: 0.7668, FDAug: 0.7677, Var: 0.0000, Ctx: 6, MixCtx: 3, Train: 58.86%, Valid: 58.80%, Test In: 57.92% Test OOD1: 61.53% Test OOD2: 51.34% Test OOD3: 57.85% 
Epoch: 09, Loss: 3.7893, Cls: 1.5022, Ind: 0.0002, Med: 0.7545, Spu: 0.0009, FD: 0.7650, FDAug: 0.7664, Var: 0.0000, Ctx: 6, MixCtx: 3, Train: 58.75%, Valid: 58.71%, Test In: 57.80% Test OOD1: 61.47% Test OOD2: 51.28% Test OOD3: 57.73% 
Epoch: 10, Loss: 3.7838, Cls: 1.5025, Ind: 0.0001, Med: 0.7559, Spu: 0.0017, FD: 0.7611, FDAug: 0.7625, Var: 0.0000, Ctx: 6, MixCtx: 3, Train: 58.60%, Valid: 58.59%, Test In: 57.67% Test OOD1: 61.40% Test OOD2: 51.21% Test OOD3: 57.60% 
Epoch: 11, Loss: 3.7742, Cls: 1.5029, Ind: 0.0000, Med: 0.7555, Spu: 0.0013, FD: 0.7567, FDAug: 0.7578, Var: 0.0000, Ctx: 6, MixCtx: 3, Train: 58.46%, Valid: 58.48%, Test In: 57.55% Test OOD1: 61.30% Test OOD2: 51.17% Test OOD3: 57.53% 
Epoch: 12, Loss: 3.7635, Cls: 1.5027, Ind: 0.0000, Med: 0.7536, Spu: 0.0004, FD: 0.7530, FDAug: 0.7538, Var: 0.0000, Ctx: 6, MixCtx: 3, Train: 58.40%, Valid: 58.38%, Test In: 57.48% Test OOD1: 61.27% Test OOD2: 51.13% Test OOD3: 57.50% 
Epoch: 13, Loss: 3.7557, Cls: 1.5020, Ind: 0.0000, Med: 0.7516, Spu: 0.0000, FD: 0.7509, FDAug: 0.7512, Var: 0.0000, Ctx: 6, MixCtx: 3, Train: 58.39%, Valid: 58.35%, Test In: 57.45% Test OOD1: 61.27% Test OOD2: 51.11% Test OOD3: 57.50% 
Epoch: 14, Loss: 3.7537, Cls: 1.5013, Ind: 0.0000, Med: 0.7507, Spu: 0.0004, FD: 0.7509, FDAug: 0.7504, Var: 0.0000, Ctx: 6, MixCtx: 3, Train: 58.38%, Valid: 58.33%, Test In: 57.43% Test OOD1: 61.25% Test OOD2: 51.09% Test OOD3: 57.46% 
Epoch: 15, Loss: 3.7560, Cls: 1.5007, Ind: 0.0000, Med: 0.7509, Spu: 0.0008, FD: 0.7524, FDAug: 0.7511, Var: 0.0000, Ctx: 6, MixCtx: 3, Train: 58.33%, Valid: 58.28%, Test In: 57.38% Test OOD1: 61.21% Test OOD2: 51.05% Test OOD3: 57.36% 
Epoch: 16, Loss: 3.7590, Cls: 1.5001, Ind: 0.0000, Med: 0.7516, Spu: 0.0008, FD: 0.7542, FDAug: 0.7521, Var: 0.0000, Ctx: 6, MixCtx: 3, Train: 58.32%, Valid: 58.28%, Test In: 57.37% Test OOD1: 61.20% Test OOD2: 51.04% Test OOD3: 57.36% 
Epoch: 17, Loss: 3.7594, Cls: 1.4997, Ind: 0.0001, Med: 0.7521, Spu: 0.0004, FD: 0.7547, FDAug: 0.7524, Var: 0.0000, Ctx: 6, MixCtx: 3, Train: 58.39%, Valid: 58.33%, Test In: 57.43% Test OOD1: 61.25% Test OOD2: 51.05% Test OOD3: 57.39% 
Epoch: 18, Loss: 3.7564, Cls: 1.4991, Ind: 0.0001, Med: 0.7519, Spu: 0.0001, FD: 0.7537, FDAug: 0.7516, Var: 0.0000, Ctx: 6, MixCtx: 3, Train: 58.45%, Valid: 58.38%, Test In: 57.49% Test OOD1: 61.28% Test OOD2: 51.06% Test OOD3: 57.42% 
Epoch: 19, Loss: 3.7512, Cls: 1.4981, Ind: 0.0001, Med: 0.7509, Spu: 0.0001, FD: 0.7518, FDAug: 0.7502, Var: 0.0000, Ctx: 6, MixCtx: 3, Train: 58.51%, Valid: 58.42%, Test In: 57.53% Test OOD1: 61.31% Test OOD2: 51.07% Test OOD3: 57.46% 
Epoch: 20, Loss: 3.7456, Cls: 1.4969, Ind: 0.0001, Med: 0.7495, Spu: 0.0004, FD: 0.7498, FDAug: 0.7488, Var: 0.0000, Ctx: 6, MixCtx: 3, Train: 58.55%, Valid: 58.46%, Test In: 57.57% Test OOD1: 61.33% Test OOD2: 51.07% Test OOD3: 57.48% 
Epoch: 21, Loss: 3.7409, Cls: 1.4957, Ind: 0.0001, Med: 0.7481, Spu: 0.0006, FD: 0.7484, FDAug: 0.7479, Var: 0.0000, Ctx: 6, MixCtx: 3, Train: 58.59%, Valid: 58.49%, Test In: 57.61% Test OOD1: 61.34% Test OOD2: 51.08% Test OOD3: 57.50% 
Epoch: 22, Loss: 3.7376, Cls: 1.4948, Ind: 0.0001, Med: 0.7473, Spu: 0.0005, FD: 0.7476, FDAug: 0.7473, Var: 0.0000, Ctx: 6, MixCtx: 3, Train: 58.65%, Valid: 58.53%, Test In: 57.66% Test OOD1: 61.36% Test OOD2: 51.09% Test OOD3: 57.52% 
Epoch: 23, Loss: 3.7356, Cls: 1.4939, Ind: 0.0001, Med: 0.7471, Spu: 0.0002, FD: 0.7472, FDAug: 0.7471, Var: 0.0000, Ctx: 6, MixCtx: 3, Train: 58.72%, Valid: 58.58%, Test In: 57.72% Test OOD1: 61.39% Test OOD2: 51.11% Test OOD3: 57.55% 
Epoch: 24, Loss: 3.7342, Cls: 1.4931, Ind: 0.0001, Med: 0.7471, Spu: 0.0000, FD: 0.7470, FDAug: 0.7470, Var: 0.0000, Ctx: 6, MixCtx: 3, Train: 58.81%, Valid: 58.64%, Test In: 57.81% Test OOD1: 61.44% Test OOD2: 51.12% Test OOD3: 57.59% 
Epoch: 25, Loss: 3.7325, Cls: 1.4920, Ind: 0.0000, Med: 0.7468, Spu: 0.0001, FD: 0.7467, FDAug: 0.7468, Var: 0.0000, Ctx: 6, MixCtx: 3, Train: 58.94%, Valid: 58.72%, Test In: 57.92% Test OOD1: 61.49% Test OOD2: 51.14% Test OOD3: 57.65% 
Epoch: 26, Loss: 3.7298, Cls: 1.4907, Ind: 0.0000, Med: 0.7461, Spu: 0.0003, FD: 0.7463, FDAug: 0.7465, Var: 0.0000, Ctx: 6, MixCtx: 3, Train: 59.08%, Valid: 58.81%, Test In: 58.05% Test OOD1: 61.56% Test OOD2: 51.16% Test OOD3: 57.73% 
Epoch: 27, Loss: 3.7263, Cls: 1.4892, Ind: 0.0000, Med: 0.7452, Spu: 0.0003, FD: 0.7457, FDAug: 0.7459, Var: 0.0000, Ctx: 6, MixCtx: 3, Train: 59.25%, Valid: 58.90%, Test In: 58.20% Test OOD1: 61.63% Test OOD2: 51.18% Test OOD3: 57.82% 
Epoch: 28, Loss: 3.7220, Cls: 1.4878, Ind: 0.0000, Med: 0.7442, Spu: 0.0003, FD: 0.7448, FDAug: 0.7450, Var: 0.0000, Ctx: 6, MixCtx: 3, Train: 59.43%, Valid: 59.00%, Test In: 58.37% Test OOD1: 61.72% Test OOD2: 51.21% Test OOD3: 57.92% 
Epoch: 29, Loss: 3.7172, Cls: 1.4864, Ind: 0.0000, Med: 0.7433, Spu: 0.0001, FD: 0.7436, FDAug: 0.7438, Var: 0.0000, Ctx: 6, MixCtx: 3, Train: 59.66%, Valid: 59.12%, Test In: 58.56% Test OOD1: 61.83% Test OOD2: 51.24% Test OOD3: 58.04% 
Epoch: 30, Loss: 3.7121, Cls: 1.4847, Ind: 0.0000, Med: 0.7424, Spu: 0.0000, FD: 0.7425, FDAug: 0.7426, Var: 0.0000, Ctx: 6, MixCtx: 3, Train: 59.93%, Valid: 59.27%, Test In: 58.80% Test OOD1: 61.95% Test OOD2: 51.27% Test OOD3: 58.20% 
Epoch: 31, Loss: 3.7071, Cls: 1.4827, Ind: 0.0000, Med: 0.7414, Spu: 0.0001, FD: 0.7415, FDAug: 0.7415, Var: 0.0000, Ctx: 6, MixCtx: 3, Train: 60.25%, Valid: 59.46%, Test In: 59.09% Test OOD1: 62.10% Test OOD2: 51.30% Test OOD3: 58.39% 
Epoch: 32, Loss: 3.7021, Cls: 1.4804, Ind: 0.0000, Med: 0.7403, Spu: 0.0002, FD: 0.7407, FDAug: 0.7406, Var: 0.0000, Ctx: 6, MixCtx: 3, Train: 60.63%, Valid: 59.68%, Test In: 59.45% Test OOD1: 62.28% Test OOD2: 51.34% Test OOD3: 58.61% 
Epoch: 33, Loss: 3.6964, Cls: 1.4778, Ind: 0.0000, Med: 0.7389, Spu: 0.0002, FD: 0.7398, FDAug: 0.7396, Var: 0.0000, Ctx: 6, MixCtx: 3, Train: 61.12%, Valid: 59.99%, Test In: 59.90% Test OOD1: 62.50% Test OOD2: 51.40% Test OOD3: 58.90% 
Epoch: 34, Loss: 3.6891, Cls: 1.4747, Ind: 0.0000, Med: 0.7376, Spu: 0.0001, FD: 0.7384, FDAug: 0.7382, Var: 0.0000, Ctx: 6, MixCtx: 3, Train: 61.69%, Valid: 60.35%, Test In: 60.44% Test OOD1: 62.76% Test OOD2: 51.47% Test OOD3: 59.24% 
Epoch: 35, Loss: 3.6802, Cls: 1.4712, Ind: 0.0000, Med: 0.7360, Spu: 0.0000, FD: 0.7366, FDAug: 0.7364, Var: 0.0000, Ctx: 6, MixCtx: 3, Train: 62.36%, Valid: 60.77%, Test In: 61.05% Test OOD1: 63.05% Test OOD2: 51.55% Test OOD3: 59.61% 
Epoch: 36, Loss: 3.6692, Cls: 1.4668, Ind: 0.0000, Med: 0.7336, Spu: 0.0000, FD: 0.7345, FDAug: 0.7344, Var: 0.0000, Ctx: 6, MixCtx: 3, Train: 63.12%, Valid: 61.27%, Test In: 61.77% Test OOD1: 63.39% Test OOD2: 51.65% Test OOD3: 60.02% 
Epoch: 37, Loss: 3.6558, Cls: 1.4615, Ind: 0.0000, Med: 0.7307, Spu: 0.0000, FD: 0.7318, FDAug: 0.7318, Var: 0.0000, Ctx: 6, MixCtx: 3, Train: 64.00%, Valid: 61.84%, Test In: 62.62% Test OOD1: 63.76% Test OOD2: 51.76% Test OOD3: 60.47% 
Epoch: 38, Loss: 3.6398, Cls: 1.4550, Ind: 0.0000, Med: 0.7272, Spu: 0.0001, FD: 0.7287, FDAug: 0.7288, Var: 0.0000, Ctx: 6, MixCtx: 3, Train: 65.03%, Valid: 62.53%, Test In: 63.61% Test OOD1: 64.20% Test OOD2: 51.90% Test OOD3: 60.98% 
Epoch: 39, Loss: 3.6210, Cls: 1.4473, Ind: 0.0000, Med: 0.7232, Spu: 0.0001, FD: 0.7251, FDAug: 0.7253, Var: 0.0000, Ctx: 6, MixCtx: 3, Train: 66.24%, Valid: 63.32%, Test In: 64.73% Test OOD1: 64.67% Test OOD2: 52.05% Test OOD3: 61.53% 
Epoch: 40, Loss: 3.5989, Cls: 1.4381, Ind: 0.0000, Med: 0.7185, Spu: 0.0001, FD: 0.7210, FDAug: 0.7213, Var: 0.0000, Ctx: 6, MixCtx: 3, Train: 67.50%, Valid: 64.17%, Test In: 65.93% Test OOD1: 65.16% Test OOD2: 52.26% Test OOD3: 62.07% 
Epoch: 41, Loss: 3.5753, Cls: 1.4288, Ind: 0.0000, Med: 0.7141, Spu: 0.0000, FD: 0.7160, FDAug: 0.7164, Var: 0.0000, Ctx: 6, MixCtx: 3, Train: 68.68%, Valid: 65.04%, Test In: 67.11% Test OOD1: 65.52% Test OOD2: 52.47% Test OOD3: 62.50% 
Epoch: 42, Loss: 3.5790, Cls: 1.4291, Ind: 0.0000, Med: 0.7135, Spu: 0.0000, FD: 0.7179, FDAug: 0.7185, Var: 0.0000, Ctx: 6, MixCtx: 3, Train: 69.02%, Valid: 65.19%, Test In: 67.43% Test OOD1: 65.71% Test OOD2: 52.52% Test OOD3: 62.66% 
Epoch: 43, Loss: 3.5774, Cls: 1.4313, Ind: 0.0000, Med: 0.7167, Spu: 0.0000, FD: 0.7147, FDAug: 0.7147, Var: 0.0000, Ctx: 6, MixCtx: 3, Train: 69.63%, Valid: 65.61%, Test In: 68.03% Test OOD1: 65.82% Test OOD2: 52.65% Test OOD3: 62.83% 
Epoch: 44, Loss: 3.5232, Cls: 1.4078, Ind: 0.0000, Med: 0.7035, Spu: 0.0001, FD: 0.7057, FDAug: 0.7061, Var: 0.0000, Ctx: 6, MixCtx: 3, Train: 70.35%, Valid: 66.25%, Test In: 68.76% Test OOD1: 65.89% Test OOD2: 52.82% Test OOD3: 62.97% 
Epoch: 45, Loss: 3.5735, Cls: 1.4280, Ind: 0.0000, Med: 0.7135, Spu: 0.0001, FD: 0.7157, FDAug: 0.7162, Var: 0.0000, Ctx: 6, MixCtx: 3, Train: 70.36%, Valid: 66.13%, Test In: 68.76% Test OOD1: 65.89% Test OOD2: 52.80% Test OOD3: 63.03% 
Epoch: 46, Loss: 3.4949, Cls: 1.3967, Ind: 0.0000, Med: 0.6980, Spu: 0.0000, FD: 0.6999, FDAug: 0.7002, Var: 0.0000, Ctx: 6, MixCtx: 3, Train: 70.52%, Valid: 66.21%, Test In: 68.93% Test OOD1: 65.85% Test OOD2: 52.84% Test OOD3: 63.07% 
Epoch: 47, Loss: 3.5291, Cls: 1.4118, Ind: 0.0000, Med: 0.7064, Spu: 0.0000, FD: 0.7056, FDAug: 0.7053, Var: 0.0000, Ctx: 6, MixCtx: 3, Train: 71.10%, Valid: 66.75%, Test In: 69.50% Test OOD1: 65.92% Test OOD2: 53.02% Test OOD3: 63.15% 
Epoch: 48, Loss: 3.4694, Cls: 1.3867, Ind: 0.0000, Med: 0.6931, Spu: 0.0000, FD: 0.6946, FDAug: 0.6950, Var: 0.0000, Ctx: 6, MixCtx: 3, Train: 71.48%, Valid: 67.08%, Test In: 69.88% Test OOD1: 65.88% Test OOD2: 53.17% Test OOD3: 63.16% 
Epoch: 49, Loss: 3.4981, Cls: 1.3989, Ind: 0.0000, Med: 0.6997, Spu: 0.0000, FD: 0.6995, FDAug: 0.6999, Var: 0.0000, Ctx: 6, MixCtx: 3, Train: 71.37%, Valid: 66.93%, Test In: 69.76% Test OOD1: 65.82% Test OOD2: 53.11% Test OOD3: 63.22% 
Epoch: 50, Loss: 3.4608, Cls: 1.3839, Ind: 0.0000, Med: 0.6920, Spu: 0.0000, FD: 0.6925, FDAug: 0.6924, Var: 0.0000, Ctx: 6, MixCtx: 3, Train: 71.55%, Valid: 67.09%, Test In: 69.95% Test OOD1: 65.77% Test OOD2: 53.18% Test OOD3: 63.24% 
Epoch: 51, Loss: 3.4614, Cls: 1.3844, Ind: 0.0000, Med: 0.6925, Spu: 0.0000, FD: 0.6923, FDAug: 0.6921, Var: 0.0000, Ctx: 6, MixCtx: 3, Train: 72.03%, Valid: 67.53%, Test In: 70.43% Test OOD1: 65.65% Test OOD2: 53.41% Test OOD3: 63.20% 
Epoch: 52, Loss: 3.4542, Cls: 1.3817, Ind: 0.0000, Med: 0.6914, Spu: 0.0000, FD: 0.6903, FDAug: 0.6907, Var: 0.0000, Ctx: 6, MixCtx: 3, Train: 72.14%, Valid: 67.62%, Test In: 70.53% Test OOD1: 65.60% Test OOD2: 53.46% Test OOD3: 63.22% 
Epoch: 53, Loss: 3.4290, Cls: 1.3716, Ind: 0.0000, Med: 0.6863, Spu: 0.0000, FD: 0.6854, FDAug: 0.6857, Var: 0.0000, Ctx: 6, MixCtx: 3, Train: 72.07%, Valid: 67.58%, Test In: 70.47% Test OOD1: 65.67% Test OOD2: 53.39% Test OOD3: 63.30% 
Epoch: 54, Loss: 3.4511, Cls: 1.3809, Ind: 0.0001, Med: 0.6911, Spu: 0.0000, FD: 0.6897, FDAug: 0.6893, Var: 0.0000, Ctx: 6, MixCtx: 3, Train: 72.35%, Valid: 67.84%, Test In: 70.75% Test OOD1: 65.52% Test OOD2: 53.53% Test OOD3: 63.24% 
Epoch: 55, Loss: 3.4073, Cls: 1.3630, Ind: 0.0000, Med: 0.6819, Spu: 0.0000, FD: 0.6812, FDAug: 0.6812, Var: 0.0000, Ctx: 6, MixCtx: 3, Train: 72.54%, Valid: 68.04%, Test In: 70.96% Test OOD1: 65.19% Test OOD2: 53.66% Test OOD3: 63.17% 
Epoch: 56, Loss: 3.4376, Cls: 1.3752, Ind: 0.0000, Med: 0.6881, Spu: 0.0000, FD: 0.6869, FDAug: 0.6873, Var: 0.0000, Ctx: 6, MixCtx: 3, Train: 72.58%, Valid: 68.11%, Test In: 70.97% Test OOD1: 65.47% Test OOD2: 53.60% Test OOD3: 63.25% 
Epoch: 57, Loss: 3.4007, Cls: 1.3606, Ind: 0.0000, Med: 0.6807, Spu: 0.0000, FD: 0.6797, FDAug: 0.6796, Var: 0.0000, Ctx: 6, MixCtx: 3, Train: 72.66%, Valid: 68.22%, Test In: 71.06% Test OOD1: 65.55% Test OOD2: 53.60% Test OOD3: 63.29% 
Epoch: 58, Loss: 3.4154, Cls: 1.3668, Ind: 0.0000, Med: 0.6840, Spu: 0.0000, FD: 0.6825, FDAug: 0.6821, Var: 0.0000, Ctx: 6, MixCtx: 3, Train: 72.83%, Valid: 68.41%, Test In: 71.27% Test OOD1: 65.06% Test OOD2: 53.73% Test OOD3: 63.17% 
Epoch: 59, Loss: 3.4071, Cls: 1.3630, Ind: 0.0000, Med: 0.6819, Spu: 0.0000, FD: 0.6810, FDAug: 0.6812, Var: 0.0000, Ctx: 6, MixCtx: 3, Train: 72.93%, Valid: 68.54%, Test In: 71.38% Test OOD1: 65.15% Test OOD2: 53.74% Test OOD3: 63.21% 
Epoch: 60, Loss: 3.3907, Cls: 1.3565, Ind: 0.0000, Med: 0.6786, Spu: 0.0000, FD: 0.6777, FDAug: 0.6778, Var: 0.0000, Ctx: 6, MixCtx: 3, Train: 73.00%, Valid: 68.65%, Test In: 71.39% Test OOD1: 65.63% Test OOD2: 53.65% Test OOD3: 63.34% 
Epoch: 61, Loss: 3.4074, Cls: 1.3635, Ind: 0.0000, Med: 0.6822, Spu: 0.0000, FD: 0.6810, FDAug: 0.6806, Var: 0.0000, Ctx: 6, MixCtx: 3, Train: 73.12%, Valid: 68.81%, Test In: 71.58% Test OOD1: 65.30% Test OOD2: 53.75% Test OOD3: 63.27% 
Epoch: 62, Loss: 3.3770, Cls: 1.3511, Ind: 0.0000, Med: 0.6760, Spu: 0.0000, FD: 0.6749, FDAug: 0.6749, Var: 0.0000, Ctx: 6, MixCtx: 3, Train: 73.21%, Valid: 68.92%, Test In: 71.70% Test OOD1: 65.05% Test OOD2: 53.78% Test OOD3: 63.21% 
Epoch: 63, Loss: 3.3911, Cls: 1.3568, Ind: 0.0000, Med: 0.6788, Spu: 0.0000, FD: 0.6776, FDAug: 0.6778, Var: 0.0000, Ctx: 6, MixCtx: 3, Train: 73.29%, Valid: 69.05%, Test In: 71.72% Test OOD1: 65.65% Test OOD2: 53.71% Test OOD3: 63.37% 
Epoch: 64, Loss: 3.3752, Cls: 1.3505, Ind: 0.0000, Med: 0.6756, Spu: 0.0000, FD: 0.6746, FDAug: 0.6745, Var: 0.0000, Ctx: 6, MixCtx: 3, Train: 73.37%, Valid: 69.16%, Test In: 71.80% Test OOD1: 65.72% Test OOD2: 53.71% Test OOD3: 63.39% 
Epoch: 65, Loss: 3.3713, Cls: 1.3489, Ind: 0.0000, Med: 0.6748, Spu: 0.0000, FD: 0.6739, FDAug: 0.6737, Var: 0.0000, Ctx: 6, MixCtx: 3, Train: 73.48%, Valid: 69.28%, Test In: 71.97% Test OOD1: 65.27% Test OOD2: 53.79% Test OOD3: 63.28% 
Epoch: 66, Loss: 3.3758, Cls: 1.3507, Ind: 0.0000, Med: 0.6758, Spu: 0.0000, FD: 0.6746, FDAug: 0.6748, Var: 0.0000, Ctx: 6, MixCtx: 3, Train: 73.55%, Valid: 69.40%, Test In: 72.01% Test OOD1: 65.67% Test OOD2: 53.75% Test OOD3: 63.39% 
Epoch: 67, Loss: 3.3570, Cls: 1.3431, Ind: 0.0000, Med: 0.6720, Spu: 0.0000, FD: 0.6709, FDAug: 0.6709, Var: 0.0000, Ctx: 6, MixCtx: 3, Train: 73.59%, Valid: 69.48%, Test In: 72.00% Test OOD1: 66.02% Test OOD2: 53.68% Test OOD3: 63.49% 
Epoch: 68, Loss: 3.3669, Cls: 1.3469, Ind: 0.0000, Med: 0.6736, Spu: 0.0000, FD: 0.6734, FDAug: 0.6731, Var: 0.0000, Ctx: 6, MixCtx: 3, Train: 73.72%, Valid: 69.63%, Test In: 72.22% Test OOD1: 65.56% Test OOD2: 53.78% Test OOD3: 63.37% 
Epoch: 69, Loss: 3.3566, Cls: 1.3430, Ind: 0.0000, Med: 0.6720, Spu: 0.0000, FD: 0.6707, FDAug: 0.6709, Var: 0.0000, Ctx: 6, MixCtx: 3, Train: 73.80%, Valid: 69.72%, Test In: 72.28% Test OOD1: 65.72% Test OOD2: 53.77% Test OOD3: 63.42% 
Epoch: 70, Loss: 3.3473, Cls: 1.3392, Ind: 0.0000, Med: 0.6700, Spu: 0.0000, FD: 0.6690, FDAug: 0.6691, Var: 0.0000, Ctx: 6, MixCtx: 3, Train: 73.80%, Valid: 69.79%, Test In: 72.22% Test OOD1: 66.17% Test OOD2: 53.68% Test OOD3: 63.56% 
Epoch: 71, Loss: 3.3552, Cls: 1.3421, Ind: 0.0000, Med: 0.6711, Spu: 0.0000, FD: 0.6712, FDAug: 0.6708, Var: 0.0000, Ctx: 6, MixCtx: 3, Train: 73.95%, Valid: 69.92%, Test In: 72.45% Test OOD1: 65.74% Test OOD2: 53.78% Test OOD3: 63.44% 
Epoch: 72, Loss: 3.3418, Cls: 1.3370, Ind: 0.0000, Med: 0.6689, Spu: 0.0000, FD: 0.6679, FDAug: 0.6681, Var: 0.0000, Ctx: 6, MixCtx: 3, Train: 74.01%, Valid: 70.02%, Test In: 72.53% Test OOD1: 65.77% Test OOD2: 53.78% Test OOD3: 63.45% 
Epoch: 73, Loss: 3.3375, Cls: 1.3352, Ind: 0.0000, Med: 0.6680, Spu: 0.0000, FD: 0.6671, FDAug: 0.6673, Var: 0.0000, Ctx: 6, MixCtx: 3, Train: 74.00%, Valid: 70.07%, Test In: 72.47% Test OOD1: 66.24% Test OOD2: 53.70% Test OOD3: 63.59% 
Epoch: 74, Loss: 3.3429, Cls: 1.3373, Ind: 0.0000, Med: 0.6688, Spu: 0.0000, FD: 0.6686, FDAug: 0.6681, Var: 0.0000, Ctx: 6, MixCtx: 3, Train: 74.15%, Valid: 70.21%, Test In: 72.72% Test OOD1: 65.73% Test OOD2: 53.79% Test OOD3: 63.45% 
Epoch: 75, Loss: 3.3319, Cls: 1.3329, Ind: 0.0000, Med: 0.6668, Spu: 0.0000, FD: 0.6660, FDAug: 0.6663, Var: 0.0000, Ctx: 6, MixCtx: 3, Train: 74.21%, Valid: 70.28%, Test In: 72.78% Test OOD1: 65.81% Test OOD2: 53.78% Test OOD3: 63.48% 
Epoch: 76, Loss: 3.3262, Cls: 1.3306, Ind: 0.0000, Med: 0.6656, Spu: 0.0000, FD: 0.6649, FDAug: 0.6651, Var: 0.0000, Ctx: 6, MixCtx: 3, Train: 74.21%, Valid: 70.35%, Test In: 72.73% Test OOD1: 66.22% Test OOD2: 53.72% Test OOD3: 63.60% 
Epoch: 77, Loss: 3.3310, Cls: 1.3327, Ind: 0.0000, Med: 0.6666, Spu: 0.0000, FD: 0.6660, FDAug: 0.6655, Var: 0.0000, Ctx: 6, MixCtx: 3, Train: 74.33%, Valid: 70.45%, Test In: 72.99% Test OOD1: 65.55% Test OOD2: 53.82% Test OOD3: 63.38% 
Epoch: 78, Loss: 3.3254, Cls: 1.3301, Ind: 0.0000, Med: 0.6653, Spu: 0.0000, FD: 0.6647, FDAug: 0.6653, Var: 0.0000, Ctx: 6, MixCtx: 3, Train: 74.38%, Valid: 70.52%, Test In: 72.99% Test OOD1: 65.91% Test OOD2: 53.78% Test OOD3: 63.50% 
Epoch: 79, Loss: 3.3160, Cls: 1.3266, Ind: 0.0000, Med: 0.6636, Spu: 0.0000, FD: 0.6629, FDAug: 0.6629, Var: 0.0000, Ctx: 6, MixCtx: 3, Train: 74.43%, Valid: 70.60%, Test In: 73.02% Test OOD1: 66.08% Test OOD2: 53.75% Test OOD3: 63.55% 
Epoch: 80, Loss: 3.3163, Cls: 1.3269, Ind: 0.0000, Med: 0.6637, Spu: 0.0000, FD: 0.6630, FDAug: 0.6628, Var: 0.0000, Ctx: 6, MixCtx: 3, Train: 74.49%, Valid: 70.66%, Test In: 73.20% Test OOD1: 65.36% Test OOD2: 53.83% Test OOD3: 63.31% 
Epoch: 81, Loss: 3.3185, Cls: 1.3273, Ind: 0.0000, Med: 0.6639, Spu: 0.0000, FD: 0.6633, FDAug: 0.6640, Var: 0.0000, Ctx: 6, MixCtx: 3, Train: 74.54%, Valid: 70.73%, Test In: 73.15% Test OOD1: 66.13% Test OOD2: 53.74% Test OOD3: 63.57% 
Epoch: 82, Loss: 3.3135, Cls: 1.3257, Ind: 0.0000, Med: 0.6631, Spu: 0.0000, FD: 0.6624, FDAug: 0.6622, Var: 0.0000, Ctx: 6, MixCtx: 3, Train: 74.61%, Valid: 70.81%, Test In: 73.31% Test OOD1: 65.60% Test OOD2: 53.81% Test OOD3: 63.39% 
Epoch: 83, Loss: 3.3059, Cls: 1.3224, Ind: 0.0000, Med: 0.6615, Spu: 0.0000, FD: 0.6608, FDAug: 0.6612, Var: 0.0000, Ctx: 6, MixCtx: 3, Train: 74.67%, Valid: 70.88%, Test In: 73.36% Test OOD1: 65.70% Test OOD2: 53.80% Test OOD3: 63.42% 
Epoch: 84, Loss: 3.3022, Cls: 1.3210, Ind: 0.0000, Med: 0.6608, Spu: 0.0000, FD: 0.6601, FDAug: 0.6603, Var: 0.0000, Ctx: 6, MixCtx: 3, Train: 74.72%, Valid: 70.95%, Test In: 73.36% Test OOD1: 66.06% Test OOD2: 53.76% Test OOD3: 63.53% 
Epoch: 85, Loss: 3.3031, Cls: 1.3214, Ind: 0.0000, Med: 0.6609, Spu: 0.0000, FD: 0.6605, FDAug: 0.6603, Var: 0.0000, Ctx: 6, MixCtx: 3, Train: 74.75%, Valid: 70.99%, Test In: 73.52% Test OOD1: 65.25% Test OOD2: 53.83% Test OOD3: 63.25% 
Epoch: 86, Loss: 3.3066, Cls: 1.3227, Ind: 0.0000, Med: 0.6618, Spu: 0.0000, FD: 0.6607, FDAug: 0.6615, Var: 0.0000, Ctx: 6, MixCtx: 3, Train: 74.80%, Valid: 71.06%, Test In: 73.40% Test OOD1: 66.37% Test OOD2: 53.71% Test OOD3: 63.62% 
Epoch: 87, Loss: 3.3099, Cls: 1.3241, Ind: 0.0000, Med: 0.6622, Spu: 0.0000, FD: 0.6621, FDAug: 0.6615, Var: 0.0000, Ctx: 6, MixCtx: 3, Train: 74.83%, Valid: 71.10%, Test In: 73.62% Test OOD1: 65.06% Test OOD2: 53.84% Test OOD3: 63.18% 
Epoch: 88, Loss: 3.3110, Cls: 1.3244, Ind: 0.0000, Med: 0.6627, Spu: 0.0000, FD: 0.6613, FDAug: 0.6625, Var: 0.0000, Ctx: 6, MixCtx: 3, Train: 74.90%, Valid: 71.19%, Test In: 73.49% Test OOD1: 66.43% Test OOD2: 53.71% Test OOD3: 63.63% 
Epoch: 89, Loss: 3.3040, Cls: 1.3217, Ind: 0.0000, Med: 0.6609, Spu: 0.0000, FD: 0.6610, FDAug: 0.6604, Var: 0.0000, Ctx: 6, MixCtx: 3, Train: 74.97%, Valid: 71.26%, Test In: 73.70% Test OOD1: 65.54% Test OOD2: 53.83% Test OOD3: 63.35% 
Epoch: 90, Loss: 3.2939, Cls: 1.3175, Ind: 0.0000, Med: 0.6591, Spu: 0.0000, FD: 0.6582, FDAug: 0.6589, Var: 0.0000, Ctx: 6, MixCtx: 3, Train: 75.03%, Valid: 71.33%, Test In: 73.68% Test OOD1: 66.10% Test OOD2: 53.78% Test OOD3: 63.53% 
Epoch: 91, Loss: 3.2858, Cls: 1.3144, Ind: 0.0000, Med: 0.6574, Spu: 0.0000, FD: 0.6570, FDAug: 0.6570, Var: 0.0000, Ctx: 6, MixCtx: 3, Train: 75.07%, Valid: 71.39%, Test In: 73.69% Test OOD1: 66.27% Test OOD2: 53.76% Test OOD3: 63.58% 
Epoch: 92, Loss: 3.2851, Cls: 1.3142, Ind: 0.0000, Med: 0.6573, Spu: 0.0000, FD: 0.6568, FDAug: 0.6567, Var: 0.0000, Ctx: 6, MixCtx: 3, Train: 75.11%, Valid: 71.43%, Test In: 73.82% Test OOD1: 65.61% Test OOD2: 53.83% Test OOD3: 63.36% 
Epoch: 93, Loss: 3.2908, Cls: 1.3160, Ind: 0.0000, Med: 0.6583, Spu: 0.0000, FD: 0.6577, FDAug: 0.6587, Var: 0.0000, Ctx: 6, MixCtx: 3, Train: 75.10%, Valid: 71.46%, Test In: 73.64% Test OOD1: 66.76% Test OOD2: 53.67% Test OOD3: 63.72% 
Epoch: 94, Loss: 3.3016, Cls: 1.3211, Ind: 0.0000, Med: 0.6607, Spu: 0.0000, FD: 0.6604, FDAug: 0.6594, Var: 0.0000, Ctx: 6, MixCtx: 3, Train: 75.12%, Valid: 71.51%, Test In: 73.89% Test OOD1: 64.92% Test OOD2: 53.86% Test OOD3: 63.14% 
Epoch: 95, Loss: 3.3208, Cls: 1.3279, Ind: 0.0000, Med: 0.6646, Spu: 0.0000, FD: 0.6631, FDAug: 0.6651, Var: 0.0000, Ctx: 6, MixCtx: 3, Train: 75.14%, Valid: 71.53%, Test In: 73.64% Test OOD1: 67.00% Test OOD2: 53.62% Test OOD3: 63.79% 
Epoch: 96, Loss: 3.3188, Cls: 1.3275, Ind: 0.0000, Med: 0.6635, Spu: 0.0000, FD: 0.6647, FDAug: 0.6631, Var: 0.0000, Ctx: 6, MixCtx: 3, Train: 75.26%, Valid: 71.65%, Test In: 73.95% Test OOD1: 65.50% Test OOD2: 53.85% Test OOD3: 63.34% 
Epoch: 97, Loss: 3.2942, Cls: 1.3177, Ind: 0.0000, Med: 0.6594, Spu: 0.0000, FD: 0.6581, FDAug: 0.6589, Var: 0.0000, Ctx: 6, MixCtx: 3, Train: 75.34%, Valid: 71.71%, Test In: 73.91% Test OOD1: 66.27% Test OOD2: 53.79% Test OOD3: 63.59% 
Epoch: 98, Loss: 3.2740, Cls: 1.3096, Ind: 0.0000, Med: 0.6550, Spu: 0.0000, FD: 0.6547, FDAug: 0.6546, Var: 0.0000, Ctx: 6, MixCtx: 3, Train: 75.31%, Valid: 71.71%, Test In: 73.81% Test OOD1: 66.89% Test OOD2: 53.67% Test OOD3: 63.77% 
Epoch: 99, Loss: 3.2896, Cls: 1.3161, Ind: 0.0000, Med: 0.6582, Spu: 0.0000, FD: 0.6580, FDAug: 0.6572, Var: 0.0000, Ctx: 6, MixCtx: 3, Train: 75.33%, Valid: 71.77%, Test In: 74.02% Test OOD1: 65.29% Test OOD2: 53.87% Test OOD3: 63.28% 
Epoch: 100, Loss: 3.3106, Cls: 1.3235, Ind: 0.0000, Med: 0.6618, Spu: 0.0000, FD: 0.6619, FDAug: 0.6634, Var: 0.0000, Ctx: 6, MixCtx: 3, Train: 75.34%, Valid: 71.77%, Test In: 73.82% Test OOD1: 67.06% Test OOD2: 53.63% Test OOD3: 63.81% 
Epoch: 101, Loss: 3.2962, Cls: 1.3189, Ind: 0.0000, Med: 0.6596, Spu: 0.0000, FD: 0.6593, FDAug: 0.6584, Var: 0.0000, Ctx: 6, MixCtx: 3, Train: 75.47%, Valid: 71.89%, Test In: 74.03% Test OOD1: 66.14% Test OOD2: 53.81% Test OOD3: 63.55% 
Epoch: 102, Loss: 3.2708, Cls: 1.3083, Ind: 0.0000, Med: 0.6544, Spu: 0.0000, FD: 0.6538, FDAug: 0.6542, Var: 0.0000, Ctx: 6, MixCtx: 3, Train: 75.49%, Valid: 71.93%, Test In: 74.06% Test OOD1: 66.09% Test OOD2: 53.82% Test OOD3: 63.53% 
Epoch: 103, Loss: 3.2712, Cls: 1.3086, Ind: 0.0000, Med: 0.6546, Spu: 0.0000, FD: 0.6537, FDAug: 0.6542, Var: 0.0000, Ctx: 6, MixCtx: 3, Train: 75.46%, Valid: 71.89%, Test In: 73.92% Test OOD1: 67.04% Test OOD2: 53.63% Test OOD3: 63.81% 
Epoch: 104, Loss: 3.2858, Cls: 1.3143, Ind: 0.0000, Med: 0.6570, Spu: 0.0000, FD: 0.6576, FDAug: 0.6568, Var: 0.0000, Ctx: 6, MixCtx: 3, Train: 75.53%, Valid: 72.00%, Test In: 74.12% Test OOD1: 65.70% Test OOD2: 53.85% Test OOD3: 63.41% 
Epoch: 105, Loss: 3.2825, Cls: 1.3129, Ind: 0.0000, Med: 0.6569, Spu: 0.0000, FD: 0.6558, FDAug: 0.6569, Var: 0.0000, Ctx: 6, MixCtx: 3, Train: 75.56%, Valid: 72.00%, Test In: 74.05% Test OOD1: 66.78% Test OOD2: 53.69% Test OOD3: 63.72% 
Epoch: 106, Loss: 3.2653, Cls: 1.3063, Ind: 0.0000, Med: 0.6533, Spu: 0.0000, FD: 0.6530, FDAug: 0.6528, Var: 0.0000, Ctx: 6, MixCtx: 3, Train: 75.61%, Valid: 72.05%, Test In: 74.09% Test OOD1: 66.63% Test OOD2: 53.71% Test OOD3: 63.68% 
Epoch: 107, Loss: 3.2609, Cls: 1.3045, Ind: 0.0000, Med: 0.6524, Spu: 0.0000, FD: 0.6520, FDAug: 0.6520, Var: 0.0000, Ctx: 6, MixCtx: 3, Train: 75.62%, Valid: 72.12%, Test In: 74.18% Test OOD1: 65.91% Test OOD2: 53.81% Test OOD3: 63.47% 
Epoch: 108, Loss: 3.2704, Cls: 1.3079, Ind: 0.0000, Med: 0.6542, Spu: 0.0000, FD: 0.6537, FDAug: 0.6546, Var: 0.0000, Ctx: 6, MixCtx: 3, Train: 75.62%, Valid: 72.07%, Test In: 74.06% Test OOD1: 67.06% Test OOD2: 53.61% Test OOD3: 63.80% 
Epoch: 109, Loss: 3.2785, Cls: 1.3117, Ind: 0.0000, Med: 0.6559, Spu: 0.0000, FD: 0.6558, FDAug: 0.6551, Var: 0.0000, Ctx: 6, MixCtx: 3, Train: 75.66%, Valid: 72.19%, Test In: 74.23% Test OOD1: 65.64% Test OOD2: 53.83% Test OOD3: 63.39% 
Epoch: 110, Loss: 3.2750, Cls: 1.3099, Ind: 0.0000, Med: 0.6553, Spu: 0.0000, FD: 0.6544, FDAug: 0.6554, Var: 0.0000, Ctx: 6, MixCtx: 3, Train: 75.73%, Valid: 72.19%, Test In: 74.18% Test OOD1: 66.73% Test OOD2: 53.68% Test OOD3: 63.71% 
Epoch: 111, Loss: 3.2602, Cls: 1.3041, Ind: 0.0000, Med: 0.6521, Spu: 0.0000, FD: 0.6522, FDAug: 0.6518, Var: 0.0000, Ctx: 6, MixCtx: 3, Train: 75.76%, Valid: 72.25%, Test In: 74.22% Test OOD1: 66.59% Test OOD2: 53.70% Test OOD3: 63.67% 
Epoch: 112, Loss: 3.2555, Cls: 1.3023, Ind: 0.0000, Med: 0.6512, Spu: 0.0000, FD: 0.6511, FDAug: 0.6509, Var: 0.0000, Ctx: 6, MixCtx: 3, Train: 75.77%, Valid: 72.31%, Test In: 74.29% Test OOD1: 65.88% Test OOD2: 53.80% Test OOD3: 63.47% 
Epoch: 113, Loss: 3.2643, Cls: 1.3055, Ind: 0.0000, Med: 0.6530, Spu: 0.0000, FD: 0.6525, FDAug: 0.6533, Var: 0.0000, Ctx: 6, MixCtx: 3, Train: 75.77%, Valid: 72.25%, Test In: 74.17% Test OOD1: 67.10% Test OOD2: 53.60% Test OOD3: 63.81% 
Epoch: 114, Loss: 3.2705, Cls: 1.3086, Ind: 0.0000, Med: 0.6545, Spu: 0.0000, FD: 0.6541, FDAug: 0.6534, Var: 0.0000, Ctx: 6, MixCtx: 3, Train: 75.82%, Valid: 72.38%, Test In: 74.34% Test OOD1: 65.86% Test OOD2: 53.80% Test OOD3: 63.46% 
Epoch: 115, Loss: 3.2669, Cls: 1.3064, Ind: 0.0000, Med: 0.6533, Spu: 0.0000, FD: 0.6532, FDAug: 0.6540, Var: 0.0000, Ctx: 6, MixCtx: 3, Train: 75.85%, Valid: 72.35%, Test In: 74.25% Test OOD1: 66.94% Test OOD2: 53.64% Test OOD3: 63.76% 
Epoch: 116, Loss: 3.2556, Cls: 1.3024, Ind: 0.0000, Med: 0.6513, Spu: 0.0000, FD: 0.6511, FDAug: 0.6507, Var: 0.0000, Ctx: 6, MixCtx: 3, Train: 75.90%, Valid: 72.43%, Test In: 74.33% Test OOD1: 66.53% Test OOD2: 53.71% Test OOD3: 63.65% 
Epoch: 117, Loss: 3.2486, Cls: 1.2995, Ind: 0.0000, Med: 0.6499, Spu: 0.0000, FD: 0.6495, FDAug: 0.6497, Var: 0.0000, Ctx: 6, MixCtx: 3, Train: 75.92%, Valid: 72.47%, Test In: 74.37% Test OOD1: 66.34% Test OOD2: 53.73% Test OOD3: 63.59% 
Epoch: 118, Loss: 3.2503, Cls: 1.3001, Ind: 0.0000, Med: 0.6503, Spu: 0.0000, FD: 0.6497, FDAug: 0.6501, Var: 0.0000, Ctx: 6, MixCtx: 3, Train: 75.92%, Valid: 72.43%, Test In: 74.29% Test OOD1: 67.06% Test OOD2: 53.61% Test OOD3: 63.79% 
Epoch: 119, Loss: 3.2551, Cls: 1.3021, Ind: 0.0000, Med: 0.6511, Spu: 0.0000, FD: 0.6512, FDAug: 0.6507, Var: 0.0000, Ctx: 6, MixCtx: 3, Train: 75.96%, Valid: 72.53%, Test In: 74.42% Test OOD1: 66.03% Test OOD2: 53.77% Test OOD3: 63.51% 
Epoch: 120, Loss: 3.2593, Cls: 1.3036, Ind: 0.0000, Med: 0.6521, Spu: 0.0000, FD: 0.6514, FDAug: 0.6522, Var: 0.0000, Ctx: 6, MixCtx: 3, Train: 75.96%, Valid: 72.47%, Test In: 74.30% Test OOD1: 67.19% Test OOD2: 53.57% Test OOD3: 63.83% 
Epoch: 121, Loss: 3.2589, Cls: 1.3037, Ind: 0.0000, Med: 0.6519, Spu: 0.0000, FD: 0.6519, FDAug: 0.6513, Var: 0.0000, Ctx: 6, MixCtx: 3, Train: 76.01%, Valid: 72.60%, Test In: 74.45% Test OOD1: 66.05% Test OOD2: 53.76% Test OOD3: 63.51% 
Epoch: 122, Loss: 3.2567, Cls: 1.3026, Ind: 0.0000, Med: 0.6516, Spu: 0.0000, FD: 0.6509, FDAug: 0.6517, Var: 0.0000, Ctx: 6, MixCtx: 3, Train: 76.03%, Valid: 72.56%, Test In: 74.37% Test OOD1: 67.05% Test OOD2: 53.60% Test OOD3: 63.80% 
Epoch: 123, Loss: 3.2502, Cls: 1.3001, Ind: 0.0000, Med: 0.6501, Spu: 0.0000, FD: 0.6502, FDAug: 0.6497, Var: 0.0000, Ctx: 6, MixCtx: 3, Train: 76.08%, Valid: 72.65%, Test In: 74.47% Test OOD1: 66.43% Test OOD2: 53.71% Test OOD3: 63.61% 
Epoch: 124, Loss: 3.2437, Cls: 1.2975, Ind: 0.0000, Med: 0.6489, Spu: 0.0000, FD: 0.6485, FDAug: 0.6488, Var: 0.0000, Ctx: 6, MixCtx: 3, Train: 76.10%, Valid: 72.66%, Test In: 74.47% Test OOD1: 66.68% Test OOD2: 53.67% Test OOD3: 63.68% 
Epoch: 125, Loss: 3.2402, Cls: 1.2961, Ind: 0.0000, Med: 0.6482, Spu: 0.0000, FD: 0.6479, FDAug: 0.6480, Var: 0.0000, Ctx: 6, MixCtx: 3, Train: 76.12%, Valid: 72.66%, Test In: 74.45% Test OOD1: 66.92% Test OOD2: 53.62% Test OOD3: 63.75% 
Epoch: 126, Loss: 3.2412, Cls: 1.2966, Ind: 0.0000, Med: 0.6484, Spu: 0.0000, FD: 0.6482, FDAug: 0.6480, Var: 0.0000, Ctx: 6, MixCtx: 3, Train: 76.14%, Valid: 72.73%, Test In: 74.52% Test OOD1: 66.33% Test OOD2: 53.72% Test OOD3: 63.58% 
Epoch: 127, Loss: 3.2454, Cls: 1.2980, Ind: 0.0000, Med: 0.6491, Spu: 0.0000, FD: 0.6488, FDAug: 0.6495, Var: 0.0000, Ctx: 6, MixCtx: 3, Train: 76.13%, Valid: 72.65%, Test In: 74.41% Test OOD1: 67.28% Test OOD2: 53.54% Test OOD3: 63.85% 
Epoch: 128, Loss: 3.2530, Cls: 1.3015, Ind: 0.0000, Med: 0.6509, Spu: 0.0000, FD: 0.6506, FDAug: 0.6500, Var: 0.0000, Ctx: 6, MixCtx: 3, Train: 76.15%, Valid: 72.78%, Test In: 74.54% Test OOD1: 65.79% Test OOD2: 53.77% Test OOD3: 63.45% 
Epoch: 129, Loss: 3.2679, Cls: 1.3069, Ind: 0.0000, Med: 0.6537, Spu: 0.0000, FD: 0.6531, FDAug: 0.6543, Var: 0.0000, Ctx: 6, MixCtx: 3, Train: 76.12%, Valid: 72.64%, Test In: 74.36% Test OOD1: 67.56% Test OOD2: 53.48% Test OOD3: 63.94% 
Epoch: 130, Loss: 3.2818, Cls: 1.3127, Ind: 0.0000, Med: 0.6562, Spu: 0.0000, FD: 0.6570, FDAug: 0.6559, Var: 0.0000, Ctx: 6, MixCtx: 3, Train: 76.17%, Valid: 72.83%, Test In: 74.56% Test OOD1: 65.50% Test OOD2: 53.79% Test OOD3: 63.38% 
Epoch: 131, Loss: 3.2869, Cls: 1.3147, Ind: 0.0000, Med: 0.6579, Spu: 0.0000, FD: 0.6564, FDAug: 0.6578, Var: 0.0000, Ctx: 6, MixCtx: 3, Train: 76.23%, Valid: 72.75%, Test In: 74.46% Test OOD1: 67.36% Test OOD2: 53.54% Test OOD3: 63.89% 
Epoch: 132, Loss: 3.2541, Cls: 1.3015, Ind: 0.0000, Med: 0.6506, Spu: 0.0000, FD: 0.6513, FDAug: 0.6507, Var: 0.0000, Ctx: 6, MixCtx: 3, Train: 76.29%, Valid: 72.85%, Test In: 74.55% Test OOD1: 66.95% Test OOD2: 53.64% Test OOD3: 63.78% 
Epoch: 133, Loss: 3.2348, Cls: 1.2940, Ind: 0.0000, Med: 0.6471, Spu: 0.0000, FD: 0.6469, FDAug: 0.6469, Var: 0.0000, Ctx: 6, MixCtx: 3, Train: 76.31%, Valid: 72.91%, Test In: 74.58% Test OOD1: 66.44% Test OOD2: 53.73% Test OOD3: 63.65% 
Epoch: 134, Loss: 3.2516, Cls: 1.3004, Ind: 0.0000, Med: 0.6503, Spu: 0.0000, FD: 0.6501, FDAug: 0.6508, Var: 0.0000, Ctx: 6, MixCtx: 3, Train: 76.20%, Valid: 72.71%, Test In: 74.36% Test OOD1: 67.73% Test OOD2: 53.47% Test OOD3: 64.00% 
Epoch: 135, Loss: 3.2718, Cls: 1.3093, Ind: 0.0000, Med: 0.6548, Spu: 0.0000, FD: 0.6543, FDAug: 0.6533, Var: 0.0000, Ctx: 6, MixCtx: 3, Train: 76.33%, Valid: 72.93%, Test In: 74.60% Test OOD1: 66.23% Test OOD2: 53.75% Test OOD3: 63.61% 
Epoch: 136, Loss: 3.2703, Cls: 1.3077, Ind: 0.0000, Med: 0.6539, Spu: 0.0000, FD: 0.6538, FDAug: 0.6550, Var: 0.0000, Ctx: 6, MixCtx: 3, Train: 76.31%, Valid: 72.82%, Test In: 74.47% Test OOD1: 67.48% Test OOD2: 53.55% Test OOD3: 63.93% 
Epoch: 137, Loss: 3.2415, Cls: 1.2967, Ind: 0.0000, Med: 0.6483, Spu: 0.0000, FD: 0.6485, FDAug: 0.6480, Var: 0.0000, Ctx: 6, MixCtx: 3, Train: 76.37%, Valid: 72.89%, Test In: 74.54% Test OOD1: 67.20% Test OOD2: 53.60% Test OOD3: 63.85% 
Epoch: 138, Loss: 3.2323, Cls: 1.2929, Ind: 0.0000, Med: 0.6466, Spu: 0.0000, FD: 0.6464, FDAug: 0.6464, Var: 0.0000, Ctx: 6, MixCtx: 3, Train: 76.40%, Valid: 72.97%, Test In: 74.62% Test OOD1: 66.52% Test OOD2: 53.71% Test OOD3: 63.68% 
Epoch: 139, Loss: 3.2474, Cls: 1.2990, Ind: 0.0000, Med: 0.6498, Spu: 0.0000, FD: 0.6489, FDAug: 0.6497, Var: 0.0000, Ctx: 6, MixCtx: 3, Train: 76.32%, Valid: 72.80%, Test In: 74.44% Test OOD1: 67.65% Test OOD2: 53.51% Test OOD3: 63.98% 
Epoch: 140, Loss: 3.2540, Cls: 1.3017, Ind: 0.0000, Med: 0.6508, Spu: 0.0000, FD: 0.6511, FDAug: 0.6504, Var: 0.0000, Ctx: 6, MixCtx: 3, Train: 76.43%, Valid: 72.98%, Test In: 74.64% Test OOD1: 66.49% Test OOD2: 53.71% Test OOD3: 63.68% 
Epoch: 141, Loss: 3.2458, Cls: 1.2981, Ind: 0.0000, Med: 0.6492, Spu: 0.0000, FD: 0.6488, FDAug: 0.6497, Var: 0.0000, Ctx: 6, MixCtx: 3, Train: 76.43%, Valid: 72.91%, Test In: 74.56% Test OOD1: 67.26% Test OOD2: 53.59% Test OOD3: 63.88% 
Epoch: 142, Loss: 3.2304, Cls: 1.2923, Ind: 0.0000, Med: 0.6463, Spu: 0.0000, FD: 0.6461, FDAug: 0.6458, Var: 0.0000, Ctx: 6, MixCtx: 3, Train: 76.47%, Valid: 72.95%, Test In: 74.62% Test OOD1: 67.01% Test OOD2: 53.63% Test OOD3: 63.81% 
Epoch: 143, Loss: 3.2252, Cls: 1.2902, Ind: 0.0000, Med: 0.6452, Spu: 0.0000, FD: 0.6449, FDAug: 0.6449, Var: 0.0000, Ctx: 6, MixCtx: 3, Train: 76.49%, Valid: 73.01%, Test In: 74.67% Test OOD1: 66.44% Test OOD2: 53.71% Test OOD3: 63.66% 
Epoch: 144, Loss: 3.2322, Cls: 1.2928, Ind: 0.0000, Med: 0.6466, Spu: 0.0000, FD: 0.6461, FDAug: 0.6466, Var: 0.0000, Ctx: 6, MixCtx: 3, Train: 76.48%, Valid: 72.95%, Test In: 74.60% Test OOD1: 67.27% Test OOD2: 53.58% Test OOD3: 63.89% 
Epoch: 145, Loss: 3.2392, Cls: 1.2957, Ind: 0.0000, Med: 0.6478, Spu: 0.0000, FD: 0.6482, FDAug: 0.6476, Var: 0.0000, Ctx: 6, MixCtx: 3, Train: 76.51%, Valid: 73.03%, Test In: 74.69% Test OOD1: 66.16% Test OOD2: 53.73% Test OOD3: 63.60% 
Epoch: 146, Loss: 3.2374, Cls: 1.2949, Ind: 0.0000, Med: 0.6477, Spu: 0.0000, FD: 0.6470, FDAug: 0.6478, Var: 0.0000, Ctx: 6, MixCtx: 3, Train: 76.55%, Valid: 73.01%, Test In: 74.64% Test OOD1: 67.09% Test OOD2: 53.62% Test OOD3: 63.83% 
Epoch: 147, Loss: 3.2272, Cls: 1.2909, Ind: 0.0000, Med: 0.6455, Spu: 0.0000, FD: 0.6455, FDAug: 0.6452, Var: 0.0000, Ctx: 6, MixCtx: 3, Train: 76.58%, Valid: 73.06%, Test In: 74.68% Test OOD1: 66.74% Test OOD2: 53.67% Test OOD3: 63.75% 
Epoch: 148, Loss: 3.2206, Cls: 1.2882, Ind: 0.0000, Med: 0.6442, Spu: 0.0000, FD: 0.6440, FDAug: 0.6442, Var: 0.0000, Ctx: 6, MixCtx: 3, Train: 76.60%, Valid: 73.08%, Test In: 74.69% Test OOD1: 66.71% Test OOD2: 53.68% Test OOD3: 63.74% 
Epoch: 149, Loss: 3.2209, Cls: 1.2883, Ind: 0.0000, Med: 0.6443, Spu: 0.0000, FD: 0.6440, FDAug: 0.6443, Var: 0.0000, Ctx: 6, MixCtx: 3, Train: 76.60%, Valid: 73.04%, Test In: 74.64% Test OOD1: 67.22% Test OOD2: 53.61% Test OOD3: 63.88% 
Epoch: 150, Loss: 3.2265, Cls: 1.2907, Ind: 0.0000, Med: 0.6454, Spu: 0.0000, FD: 0.6453, FDAug: 0.6449, Var: 0.0000, Ctx: 6, MixCtx: 3, Train: 76.63%, Valid: 73.12%, Test In: 74.72% Test OOD1: 66.27% Test OOD2: 53.73% Test OOD3: 63.63% 
Epoch: 151, Loss: 3.2351, Cls: 1.2938, Ind: 0.0000, Med: 0.6471, Spu: 0.0000, FD: 0.6467, FDAug: 0.6475, Var: 0.0000, Ctx: 6, MixCtx: 3, Train: 76.61%, Valid: 73.05%, Test In: 74.62% Test OOD1: 67.43% Test OOD2: 53.57% Test OOD3: 63.96% 
Epoch: 152, Loss: 3.2410, Cls: 1.2964, Ind: 0.0000, Med: 0.6481, Spu: 0.0000, FD: 0.6486, FDAug: 0.6478, Var: 0.0000, Ctx: 6, MixCtx: 3, Train: 76.67%, Valid: 73.16%, Test In: 74.74% Test OOD1: 66.14% Test OOD2: 53.74% Test OOD3: 63.60% 
Epoch: 153, Loss: 3.2394, Cls: 1.2957, Ind: 0.0000, Med: 0.6482, Spu: 0.0000, FD: 0.6473, FDAug: 0.6482, Var: 0.0000, Ctx: 6, MixCtx: 3, Train: 76.69%, Valid: 73.12%, Test In: 74.68% Test OOD1: 67.26% Test OOD2: 53.62% Test OOD3: 63.92% 
Epoch: 154, Loss: 3.2261, Cls: 1.2904, Ind: 0.0000, Med: 0.6451, Spu: 0.0000, FD: 0.6455, FDAug: 0.6451, Var: 0.0000, Ctx: 6, MixCtx: 3, Train: 76.75%, Valid: 73.19%, Test In: 74.72% Test OOD1: 66.85% Test OOD2: 53.69% Test OOD3: 63.80% 
Epoch: 155, Loss: 3.2154, Cls: 1.2861, Ind: 0.0000, Med: 0.6432, Spu: 0.0000, FD: 0.6429, FDAug: 0.6431, Var: 0.0000, Ctx: 6, MixCtx: 3, Train: 76.77%, Valid: 73.20%, Test In: 74.72% Test OOD1: 66.84% Test OOD2: 53.70% Test OOD3: 63.80% 
Epoch: 156, Loss: 3.2163, Cls: 1.2865, Ind: 0.0000, Med: 0.6434, Spu: 0.0000, FD: 0.6431, FDAug: 0.6434, Var: 0.0000, Ctx: 6, MixCtx: 3, Train: 76.73%, Valid: 73.13%, Test In: 74.66% Test OOD1: 67.48% Test OOD2: 53.59% Test OOD3: 63.99% 
Epoch: 157, Loss: 3.2262, Cls: 1.2907, Ind: 0.0000, Med: 0.6454, Spu: 0.0000, FD: 0.6453, FDAug: 0.6447, Var: 0.0000, Ctx: 6, MixCtx: 3, Train: 76.80%, Valid: 73.23%, Test In: 74.75% Test OOD1: 66.33% Test OOD2: 53.74% Test OOD3: 63.66% 
Epoch: 158, Loss: 3.2409, Cls: 1.2961, Ind: 0.0000, Med: 0.6482, Spu: 0.0000, FD: 0.6478, FDAug: 0.6489, Var: 0.0000, Ctx: 6, MixCtx: 3, Train: 76.72%, Valid: 73.10%, Test In: 74.63% Test OOD1: 67.71% Test OOD2: 53.53% Test OOD3: 64.08% 
Epoch: 159, Loss: 3.2524, Cls: 1.3009, Ind: 0.0000, Med: 0.6502, Spu: 0.0000, FD: 0.6512, FDAug: 0.6501, Var: 0.0000, Ctx: 6, MixCtx: 3, Train: 76.84%, Valid: 73.25%, Test In: 74.76% Test OOD1: 66.14% Test OOD2: 53.75% Test OOD3: 63.62% 
Epoch: 160, Loss: 3.2477, Cls: 1.2991, Ind: 0.0000, Med: 0.6500, Spu: 0.0000, FD: 0.6487, FDAug: 0.6498, Var: 0.0000, Ctx: 6, MixCtx: 3, Train: 76.85%, Valid: 73.20%, Test In: 74.73% Test OOD1: 67.34% Test OOD2: 53.63% Test OOD3: 63.98% 
Epoch: 161, Loss: 3.2208, Cls: 1.2882, Ind: 0.0000, Med: 0.6440, Spu: 0.0000, FD: 0.6445, FDAug: 0.6441, Var: 0.0000, Ctx: 6, MixCtx: 3, Train: 76.88%, Valid: 73.23%, Test In: 74.73% Test OOD1: 67.24% Test OOD2: 53.66% Test OOD3: 63.95% 
Epoch: 162, Loss: 3.2104, Cls: 1.2842, Ind: 0.0000, Med: 0.6422, Spu: 0.0000, FD: 0.6420, FDAug: 0.6420, Var: 0.0000, Ctx: 6, MixCtx: 3, Train: 76.93%, Valid: 73.28%, Test In: 74.76% Test OOD1: 66.70% Test OOD2: 53.73% Test OOD3: 63.78% 
Epoch: 163, Loss: 3.2279, Cls: 1.2908, Ind: 0.0000, Med: 0.6455, Spu: 0.0000, FD: 0.6454, FDAug: 0.6462, Var: 0.0000, Ctx: 6, MixCtx: 3, Train: 76.79%, Valid: 73.13%, Test In: 74.62% Test OOD1: 67.85% Test OOD2: 53.53% Test OOD3: 64.15% 
Epoch: 164, Loss: 3.2485, Cls: 1.2999, Ind: 0.0000, Med: 0.6500, Spu: 0.0000, FD: 0.6499, FDAug: 0.6487, Var: 0.0000, Ctx: 6, MixCtx: 3, Train: 76.96%, Valid: 73.29%, Test In: 74.76% Test OOD1: 66.37% Test OOD2: 53.75% Test OOD3: 63.69% 
Epoch: 165, Loss: 3.2519, Cls: 1.3003, Ind: 0.0000, Med: 0.6503, Spu: 0.0000, FD: 0.6500, FDAug: 0.6513, Var: 0.0000, Ctx: 6, MixCtx: 3, Train: 76.91%, Valid: 73.21%, Test In: 74.72% Test OOD1: 67.59% Test OOD2: 53.60% Test OOD3: 64.08% 
Epoch: 166, Loss: 3.2275, Cls: 1.2909, Ind: 0.0000, Med: 0.6453, Spu: 0.0000, FD: 0.6460, FDAug: 0.6453, Var: 0.0000, Ctx: 6, MixCtx: 3, Train: 77.00%, Valid: 73.31%, Test In: 74.79% Test OOD1: 67.05% Test OOD2: 53.72% Test OOD3: 63.91% 
Epoch: 167, Loss: 3.2087, Cls: 1.2835, Ind: 0.0000, Med: 0.6419, Spu: 0.0000, FD: 0.6416, FDAug: 0.6418, Var: 0.0000, Ctx: 6, MixCtx: 3, Train: 77.03%, Valid: 73.32%, Test In: 74.78% Test OOD1: 66.72% Test OOD2: 53.76% Test OOD3: 63.80% 
Epoch: 168, Loss: 3.2181, Cls: 1.2873, Ind: 0.0000, Med: 0.6439, Spu: 0.0000, FD: 0.6431, FDAug: 0.6438, Var: 0.0000, Ctx: 6, MixCtx: 3, Train: 76.93%, Valid: 73.21%, Test In: 74.70% Test OOD1: 67.73% Test OOD2: 53.58% Test OOD3: 64.13% 
Epoch: 169, Loss: 3.2290, Cls: 1.2917, Ind: 0.0000, Med: 0.6458, Spu: 0.0000, FD: 0.6461, FDAug: 0.6453, Var: 0.0000, Ctx: 6, MixCtx: 3, Train: 77.07%, Valid: 73.32%, Test In: 74.77% Test OOD1: 66.78% Test OOD2: 53.75% Test OOD3: 63.82% 
Epoch: 170, Loss: 3.2244, Cls: 1.2894, Ind: 0.0000, Med: 0.6448, Spu: 0.0000, FD: 0.6447, FDAug: 0.6456, Var: 0.0000, Ctx: 6, MixCtx: 3, Train: 77.02%, Valid: 73.26%, Test In: 74.75% Test OOD1: 67.53% Test OOD2: 53.65% Test OOD3: 64.06% 
Epoch: 171, Loss: 3.2088, Cls: 1.2837, Ind: 0.0000, Med: 0.6419, Spu: 0.0000, FD: 0.6418, FDAug: 0.6414, Var: 0.0000, Ctx: 6, MixCtx: 3, Train: 77.09%, Valid: 73.33%, Test In: 74.79% Test OOD1: 67.10% Test OOD2: 53.74% Test OOD3: 63.93% 
Epoch: 172, Loss: 3.1994, Cls: 1.2797, Ind: 0.0000, Med: 0.6400, Spu: 0.0000, FD: 0.6397, FDAug: 0.6399, Var: 0.0000, Ctx: 6, MixCtx: 3, Train: 77.12%, Valid: 73.35%, Test In: 74.81% Test OOD1: 66.81% Test OOD2: 53.77% Test OOD3: 63.84% 
Epoch: 173, Loss: 3.2022, Cls: 1.2808, Ind: 0.0000, Med: 0.6406, Spu: 0.0000, FD: 0.6401, FDAug: 0.6406, Var: 0.0000, Ctx: 6, MixCtx: 3, Train: 77.10%, Valid: 73.32%, Test In: 74.81% Test OOD1: 67.28% Test OOD2: 53.70% Test OOD3: 64.01% 
Epoch: 174, Loss: 3.2083, Cls: 1.2832, Ind: 0.0000, Med: 0.6415, Spu: 0.0000, FD: 0.6420, FDAug: 0.6416, Var: 0.0000, Ctx: 6, MixCtx: 3, Train: 77.16%, Valid: 73.35%, Test In: 74.80% Test OOD1: 66.52% Test OOD2: 53.80% Test OOD3: 63.75% 
Epoch: 175, Loss: 3.2081, Cls: 1.2832, Ind: 0.0000, Med: 0.6418, Spu: 0.0000, FD: 0.6412, FDAug: 0.6419, Var: 0.0000, Ctx: 6, MixCtx: 3, Train: 77.15%, Valid: 73.34%, Test In: 74.81% Test OOD1: 67.25% Test OOD2: 53.73% Test OOD3: 63.99% 
Epoch: 176, Loss: 3.2026, Cls: 1.2811, Ind: 0.0000, Med: 0.6406, Spu: 0.0000, FD: 0.6407, FDAug: 0.6403, Var: 0.0000, Ctx: 6, MixCtx: 3, Train: 77.21%, Valid: 73.36%, Test In: 74.81% Test OOD1: 66.79% Test OOD2: 53.80% Test OOD3: 63.83% 
Epoch: 177, Loss: 3.1972, Cls: 1.2788, Ind: 0.0000, Med: 0.6395, Spu: 0.0000, FD: 0.6393, FDAug: 0.6397, Var: 0.0000, Ctx: 6, MixCtx: 3, Train: 77.22%, Valid: 73.37%, Test In: 74.82% Test OOD1: 67.04% Test OOD2: 53.78% Test OOD3: 63.92% 
Epoch: 178, Loss: 3.1936, Cls: 1.2775, Ind: 0.0000, Med: 0.6388, Spu: 0.0000, FD: 0.6387, FDAug: 0.6386, Var: 0.0000, Ctx: 6, MixCtx: 3, Train: 77.25%, Valid: 73.39%, Test In: 74.82% Test OOD1: 66.93% Test OOD2: 53.79% Test OOD3: 63.88% 
Epoch: 179, Loss: 3.1917, Cls: 1.2767, Ind: 0.0000, Med: 0.6384, Spu: 0.0000, FD: 0.6383, FDAug: 0.6384, Var: 0.0000, Ctx: 6, MixCtx: 3, Train: 77.29%, Valid: 73.40%, Test In: 74.81% Test OOD1: 66.78% Test OOD2: 53.82% Test OOD3: 63.83% 
Epoch: 180, Loss: 3.1916, Cls: 1.2766, Ind: 0.0000, Med: 0.6384, Spu: 0.0000, FD: 0.6381, FDAug: 0.6384, Var: 0.0000, Ctx: 6, MixCtx: 3, Train: 77.29%, Valid: 73.41%, Test In: 74.82% Test OOD1: 67.08% Test OOD2: 53.78% Test OOD3: 63.93% 
Epoch: 181, Loss: 3.1926, Cls: 1.2770, Ind: 0.0000, Med: 0.6385, Spu: 0.0000, FD: 0.6386, FDAug: 0.6384, Var: 0.0000, Ctx: 6, MixCtx: 3, Train: 77.34%, Valid: 73.42%, Test In: 74.79% Test OOD1: 66.67% Test OOD2: 53.83% Test OOD3: 63.77% 
Epoch: 182, Loss: 3.1947, Cls: 1.2778, Ind: 0.0000, Med: 0.6391, Spu: 0.0000, FD: 0.6386, FDAug: 0.6392, Var: 0.0000, Ctx: 6, MixCtx: 3, Train: 77.31%, Valid: 73.41%, Test In: 74.81% Test OOD1: 67.33% Test OOD2: 53.74% Test OOD3: 64.02% 
Epoch: 183, Loss: 3.2001, Cls: 1.2801, Ind: 0.0000, Med: 0.6400, Spu: 0.0000, FD: 0.6403, FDAug: 0.6398, Var: 0.0000, Ctx: 6, MixCtx: 3, Train: 77.38%, Valid: 73.41%, Test In: 74.76% Test OOD1: 66.41% Test OOD2: 53.86% Test OOD3: 63.67% 
Epoch: 184, Loss: 3.2130, Cls: 1.2850, Ind: 0.0000, Med: 0.6427, Spu: 0.0000, FD: 0.6421, FDAug: 0.6431, Var: 0.0000, Ctx: 6, MixCtx: 3, Train: 77.29%, Valid: 73.39%, Test In: 74.79% Test OOD1: 67.57% Test OOD2: 53.68% Test OOD3: 64.14% 
Epoch: 185, Loss: 3.2374, Cls: 1.2949, Ind: 0.0000, Med: 0.6471, Spu: 0.0000, FD: 0.6483, FDAug: 0.6471, Var: 0.0000, Ctx: 6, MixCtx: 3, Train: 77.38%, Valid: 73.37%, Test In: 74.66% Test OOD1: 65.88% Test OOD2: 53.88% Test OOD3: 63.49% 
Epoch: 186, Loss: 3.2626, Cls: 1.3050, Ind: 0.0000, Med: 0.6529, Spu: 0.0000, FD: 0.6516, FDAug: 0.6531, Var: 0.0000, Ctx: 6, MixCtx: 3, Train: 77.31%, Valid: 73.41%, Test In: 74.80% Test OOD1: 67.60% Test OOD2: 53.70% Test OOD3: 64.18% 
Epoch: 187, Loss: 3.2476, Cls: 1.2987, Ind: 0.0000, Med: 0.6489, Spu: 0.0000, FD: 0.6506, FDAug: 0.6495, Var: 0.0000, Ctx: 6, MixCtx: 3, Train: 77.50%, Valid: 73.48%, Test In: 74.79% Test OOD1: 66.86% Test OOD2: 53.89% Test OOD3: 63.86% 
Epoch: 188, Loss: 3.1966, Cls: 1.2787, Ind: 0.0000, Med: 0.6396, Spu: 0.0000, FD: 0.6389, FDAug: 0.6395, Var: 0.0000, Ctx: 6, MixCtx: 3, Train: 77.52%, Valid: 73.47%, Test In: 74.76% Test OOD1: 67.11% Test OOD2: 53.87% Test OOD3: 63.91% 
Epoch: 189, Loss: 3.1961, Cls: 1.2783, Ind: 0.0000, Med: 0.6393, Spu: 0.0000, FD: 0.6389, FDAug: 0.6396, Var: 0.0000, Ctx: 6, MixCtx: 3, Train: 77.24%, Valid: 73.32%, Test In: 74.63% Test OOD1: 68.07% Test OOD2: 53.64% Test OOD3: 64.31% 
Epoch: 190, Loss: 3.2427, Cls: 1.2977, Ind: 0.0000, Med: 0.6490, Spu: 0.0000, FD: 0.6486, FDAug: 0.6474, Var: 0.0000, Ctx: 6, MixCtx: 3, Train: 77.52%, Valid: 73.40%, Test In: 74.69% Test OOD1: 66.81% Test OOD2: 53.88% Test OOD3: 63.78% 
Epoch: 191, Loss: 3.2624, Cls: 1.3040, Ind: 0.0000, Med: 0.6518, Spu: 0.0000, FD: 0.6525, FDAug: 0.6541, Var: 0.0000, Ctx: 6, MixCtx: 3, Train: 77.36%, Valid: 73.35%, Test In: 74.71% Test OOD1: 67.92% Test OOD2: 53.71% Test OOD3: 64.26% 
Epoch: 192, Loss: 3.2171, Cls: 1.2869, Ind: 0.0000, Med: 0.6434, Spu: 0.0000, FD: 0.6438, FDAug: 0.6430, Var: 0.0000, Ctx: 6, MixCtx: 3, Train: 77.53%, Valid: 73.44%, Test In: 74.80% Test OOD1: 67.44% Test OOD2: 53.85% Test OOD3: 64.08% 
Epoch: 193, Loss: 3.1862, Cls: 1.2744, Ind: 0.0000, Med: 0.6373, Spu: 0.0000, FD: 0.6372, FDAug: 0.6373, Var: 0.0000, Ctx: 6, MixCtx: 3, Train: 77.60%, Valid: 73.43%, Test In: 74.78% Test OOD1: 66.82% Test OOD2: 53.93% Test OOD3: 63.83% 
Epoch: 194, Loss: 3.2165, Cls: 1.2866, Ind: 0.0000, Med: 0.6436, Spu: 0.0000, FD: 0.6426, FDAug: 0.6436, Var: 0.0000, Ctx: 6, MixCtx: 3, Train: 77.41%, Valid: 73.34%, Test In: 74.75% Test OOD1: 67.82% Test OOD2: 53.76% Test OOD3: 64.25% 
Epoch: 195, Loss: 3.2142, Cls: 1.2857, Ind: 0.0000, Med: 0.6428, Spu: 0.0000, FD: 0.6432, FDAug: 0.6424, Var: 0.0000, Ctx: 6, MixCtx: 3, Train: 77.59%, Valid: 73.41%, Test In: 74.81% Test OOD1: 67.24% Test OOD2: 53.91% Test OOD3: 64.00% 
Epoch: 196, Loss: 3.1817, Cls: 1.2725, Ind: 0.0000, Med: 0.6364, Spu: 0.0000, FD: 0.6362, FDAug: 0.6366, Var: 0.0000, Ctx: 6, MixCtx: 3, Train: 77.61%, Valid: 73.41%, Test In: 74.81% Test OOD1: 67.11% Test OOD2: 53.93% Test OOD3: 63.95% 
Epoch: 197, Loss: 3.1843, Cls: 1.2735, Ind: 0.0000, Med: 0.6368, Spu: 0.0000, FD: 0.6367, FDAug: 0.6372, Var: 0.0000, Ctx: 6, MixCtx: 3, Train: 77.48%, Valid: 73.34%, Test In: 74.80% Test OOD1: 67.63% Test OOD2: 53.82% Test OOD3: 64.20% 
Epoch: 198, Loss: 3.2084, Cls: 1.2836, Ind: 0.0000, Med: 0.6418, Spu: 0.0000, FD: 0.6419, FDAug: 0.6411, Var: 0.0000, Ctx: 6, MixCtx: 3, Train: 77.64%, Valid: 73.38%, Test In: 74.78% Test OOD1: 66.36% Test OOD2: 54.02% Test OOD3: 63.70% 
Epoch: 199, Loss: 3.2078, Cls: 1.2831, Ind: 0.0000, Med: 0.6419, Spu: 0.0000, FD: 0.6409, FDAug: 0.6419, Var: 0.0000, Ctx: 6, MixCtx: 3, Train: 77.62%, Valid: 73.43%, Test In: 74.87% Test OOD1: 67.03% Test OOD2: 53.94% Test OOD3: 63.98% 
Epoch: 200, Loss: 3.1807, Cls: 1.2721, Ind: 0.0000, Med: 0.6360, Spu: 0.0000, FD: 0.6364, FDAug: 0.6362, Var: 0.0000, Ctx: 6, MixCtx: 3, Train: 77.64%, Valid: 73.44%, Test In: 74.86% Test OOD1: 67.11% Test OOD2: 53.94% Test OOD3: 64.00% 
Epoch: 201, Loss: 3.1794, Cls: 1.2716, Ind: 0.0000, Med: 0.6358, Spu: 0.0000, FD: 0.6361, FDAug: 0.6359, Var: 0.0000, Ctx: 6, MixCtx: 3, Train: 77.71%, Valid: 73.41%, Test In: 74.77% Test OOD1: 66.47% Test OOD2: 54.04% Test OOD3: 63.71% 
Epoch: 202, Loss: 3.1990, Cls: 1.2794, Ind: 0.0000, Med: 0.6398, Spu: 0.0000, FD: 0.6394, FDAug: 0.6403, Var: 0.0000, Ctx: 6, MixCtx: 3, Train: 77.60%, Valid: 73.41%, Test In: 74.79% Test OOD1: 67.56% Test OOD2: 53.86% Test OOD3: 64.14% 
Epoch: 203, Loss: 3.1990, Cls: 1.2798, Ind: 0.0000, Med: 0.6400, Spu: 0.0000, FD: 0.6399, FDAug: 0.6392, Var: 0.0000, Ctx: 6, MixCtx: 3, Train: 77.75%, Valid: 73.46%, Test In: 74.77% Test OOD1: 66.77% Test OOD2: 54.02% Test OOD3: 63.80% 
Epoch: 204, Loss: 3.1796, Cls: 1.2716, Ind: 0.0000, Med: 0.6359, Spu: 0.0000, FD: 0.6358, FDAug: 0.6363, Var: 0.0000, Ctx: 6, MixCtx: 3, Train: 77.76%, Valid: 73.50%, Test In: 74.81% Test OOD1: 67.04% Test OOD2: 54.00% Test OOD3: 63.93% 
Epoch: 205, Loss: 3.1677, Cls: 1.2670, Ind: 0.0000, Med: 0.6336, Spu: 0.0000, FD: 0.6335, FDAug: 0.6336, Var: 0.0000, Ctx: 6, MixCtx: 3, Train: 77.74%, Valid: 73.50%, Test In: 74.83% Test OOD1: 67.19% Test OOD2: 53.97% Test OOD3: 64.02% 
Epoch: 206, Loss: 3.1753, Cls: 1.2701, Ind: 0.0000, Med: 0.6350, Spu: 0.0000, FD: 0.6352, FDAug: 0.6350, Var: 0.0000, Ctx: 6, MixCtx: 3, Train: 77.81%, Valid: 73.48%, Test In: 74.76% Test OOD1: 66.58% Test OOD2: 54.07% Test OOD3: 63.74% 
Epoch: 207, Loss: 3.1799, Cls: 1.2719, Ind: 0.0000, Med: 0.6361, Spu: 0.0000, FD: 0.6356, FDAug: 0.6363, Var: 0.0000, Ctx: 6, MixCtx: 3, Train: 77.78%, Valid: 73.50%, Test In: 74.82% Test OOD1: 67.21% Test OOD2: 53.98% Test OOD3: 64.01% 
Epoch: 208, Loss: 3.1704, Cls: 1.2682, Ind: 0.0000, Med: 0.6341, Spu: 0.0000, FD: 0.6342, FDAug: 0.6339, Var: 0.0000, Ctx: 6, MixCtx: 3, Train: 77.84%, Valid: 73.50%, Test In: 74.80% Test OOD1: 66.96% Test OOD2: 54.05% Test OOD3: 63.89% 
Epoch: 209, Loss: 3.1630, Cls: 1.2651, Ind: 0.0000, Med: 0.6326, Spu: 0.0000, FD: 0.6325, FDAug: 0.6327, Var: 0.0000, Ctx: 6, MixCtx: 3, Train: 77.87%, Valid: 73.49%, Test In: 74.79% Test OOD1: 66.77% Test OOD2: 54.08% Test OOD3: 63.82% 
Epoch: 210, Loss: 3.1647, Cls: 1.2658, Ind: 0.0000, Med: 0.6330, Spu: 0.0000, FD: 0.6328, FDAug: 0.6332, Var: 0.0000, Ctx: 6, MixCtx: 3, Train: 77.84%, Valid: 73.50%, Test In: 74.84% Test OOD1: 67.10% Test OOD2: 54.03% Test OOD3: 63.99% 
Epoch: 211, Loss: 3.1703, Cls: 1.2681, Ind: 0.0000, Med: 0.6341, Spu: 0.0000, FD: 0.6342, FDAug: 0.6338, Var: 0.0000, Ctx: 6, MixCtx: 3, Train: 77.90%, Valid: 73.45%, Test In: 74.76% Test OOD1: 66.36% Test OOD2: 54.14% Test OOD3: 63.69% 
Epoch: 212, Loss: 3.1719, Cls: 1.2686, Ind: 0.0000, Med: 0.6345, Spu: 0.0000, FD: 0.6340, FDAug: 0.6347, Var: 0.0000, Ctx: 6, MixCtx: 3, Train: 77.88%, Valid: 73.52%, Test In: 74.84% Test OOD1: 66.92% Test OOD2: 54.08% Test OOD3: 63.95% 
Epoch: 213, Loss: 3.1655, Cls: 1.2661, Ind: 0.0000, Med: 0.6331, Spu: 0.0000, FD: 0.6332, FDAug: 0.6330, Var: 0.0000, Ctx: 6, MixCtx: 3, Train: 77.95%, Valid: 73.50%, Test In: 74.80% Test OOD1: 66.69% Test OOD2: 54.14% Test OOD3: 63.83% 
Epoch: 214, Loss: 3.1575, Cls: 1.2629, Ind: 0.0000, Med: 0.6316, Spu: 0.0000, FD: 0.6314, FDAug: 0.6316, Var: 0.0000, Ctx: 6, MixCtx: 3, Train: 77.97%, Valid: 73.50%, Test In: 74.78% Test OOD1: 66.81% Test OOD2: 54.14% Test OOD3: 63.86% 
Epoch: 215, Loss: 3.1566, Cls: 1.2625, Ind: 0.0000, Med: 0.6313, Spu: 0.0000, FD: 0.6313, FDAug: 0.6315, Var: 0.0000, Ctx: 6, MixCtx: 3, Train: 77.95%, Valid: 73.51%, Test In: 74.80% Test OOD1: 67.13% Test OOD2: 54.09% Test OOD3: 64.00% 
Epoch: 216, Loss: 3.1607, Cls: 1.2643, Ind: 0.0000, Med: 0.6322, Spu: 0.0000, FD: 0.6322, FDAug: 0.6319, Var: 0.0000, Ctx: 6, MixCtx: 3, Train: 78.01%, Valid: 73.46%, Test In: 74.71% Test OOD1: 66.53% Test OOD2: 54.19% Test OOD3: 63.73% 
Epoch: 217, Loss: 3.1663, Cls: 1.2664, Ind: 0.0000, Med: 0.6333, Spu: 0.0000, FD: 0.6330, FDAug: 0.6336, Var: 0.0000, Ctx: 6, MixCtx: 3, Train: 77.97%, Valid: 73.53%, Test In: 74.82% Test OOD1: 67.12% Test OOD2: 54.11% Test OOD3: 64.04% 
Epoch: 218, Loss: 3.1696, Cls: 1.2678, Ind: 0.0000, Med: 0.6338, Spu: 0.0000, FD: 0.6343, FDAug: 0.6338, Var: 0.0000, Ctx: 6, MixCtx: 3, Train: 78.06%, Valid: 73.48%, Test In: 74.70% Test OOD1: 66.49% Test OOD2: 54.21% Test OOD3: 63.71% 
Epoch: 219, Loss: 3.1635, Cls: 1.2654, Ind: 0.0000, Med: 0.6330, Spu: 0.0000, FD: 0.6323, FDAug: 0.6329, Var: 0.0000, Ctx: 6, MixCtx: 3, Train: 78.05%, Valid: 73.53%, Test In: 74.77% Test OOD1: 67.00% Test OOD2: 54.15% Test OOD3: 63.96% 
Epoch: 220, Loss: 3.1531, Cls: 1.2612, Ind: 0.0000, Med: 0.6306, Spu: 0.0000, FD: 0.6307, FDAug: 0.6306, Var: 0.0000, Ctx: 6, MixCtx: 3, Train: 78.09%, Valid: 73.51%, Test In: 74.74% Test OOD1: 66.90% Test OOD2: 54.18% Test OOD3: 63.88% 
Epoch: 221, Loss: 3.1487, Cls: 1.2594, Ind: 0.0000, Med: 0.6298, Spu: 0.0000, FD: 0.6297, FDAug: 0.6298, Var: 0.0000, Ctx: 6, MixCtx: 3, Train: 78.12%, Valid: 73.50%, Test In: 74.72% Test OOD1: 66.75% Test OOD2: 54.21% Test OOD3: 63.82% 
Epoch: 222, Loss: 3.1493, Cls: 1.2596, Ind: 0.0000, Med: 0.6299, Spu: 0.0000, FD: 0.6298, FDAug: 0.6300, Var: 0.0000, Ctx: 6, MixCtx: 3, Train: 78.10%, Valid: 73.53%, Test In: 74.79% Test OOD1: 66.95% Test OOD2: 54.18% Test OOD3: 63.96% 
Epoch: 223, Loss: 3.1537, Cls: 1.2614, Ind: 0.0000, Med: 0.6307, Spu: 0.0000, FD: 0.6309, FDAug: 0.6306, Var: 0.0000, Ctx: 6, MixCtx: 3, Train: 78.15%, Valid: 73.43%, Test In: 74.63% Test OOD1: 66.23% Test OOD2: 54.28% Test OOD3: 63.58% 
Epoch: 224, Loss: 3.1638, Cls: 1.2655, Ind: 0.0000, Med: 0.6330, Spu: 0.0000, FD: 0.6323, FDAug: 0.6330, Var: 0.0000, Ctx: 6, MixCtx: 3, Train: 78.08%, Valid: 73.54%, Test In: 74.81% Test OOD1: 67.02% Test OOD2: 54.18% Test OOD3: 64.03% 
Epoch: 225, Loss: 3.1737, Cls: 1.2694, Ind: 0.0000, Med: 0.6346, Spu: 0.0000, FD: 0.6352, FDAug: 0.6345, Var: 0.0000, Ctx: 6, MixCtx: 3, Train: 78.19%, Valid: 73.38%, Test In: 74.55% Test OOD1: 66.16% Test OOD2: 54.29% Test OOD3: 63.50% 
Epoch: 226, Loss: 3.1785, Cls: 1.2712, Ind: 0.0000, Med: 0.6358, Spu: 0.0000, FD: 0.6353, FDAug: 0.6362, Var: 0.0000, Ctx: 6, MixCtx: 3, Train: 78.09%, Valid: 73.53%, Test In: 74.78% Test OOD1: 67.23% Test OOD2: 54.17% Test OOD3: 64.10% 
Epoch: 227, Loss: 3.1823, Cls: 1.2730, Ind: 0.0000, Med: 0.6364, Spu: 0.0000, FD: 0.6368, FDAug: 0.6360, Var: 0.0000, Ctx: 6, MixCtx: 3, Train: 78.24%, Valid: 73.39%, Test In: 74.54% Test OOD1: 66.31% Test OOD2: 54.29% Test OOD3: 63.54% 
Epoch: 228, Loss: 3.1778, Cls: 1.2709, Ind: 0.0000, Med: 0.6357, Spu: 0.0000, FD: 0.6351, FDAug: 0.6360, Var: 0.0000, Ctx: 6, MixCtx: 3, Train: 78.16%, Valid: 73.56%, Test In: 74.76% Test OOD1: 67.21% Test OOD2: 54.21% Test OOD3: 64.08% 
Epoch: 229, Loss: 3.1614, Cls: 1.2645, Ind: 0.0000, Med: 0.6322, Spu: 0.0000, FD: 0.6325, FDAug: 0.6321, Var: 0.0000, Ctx: 6, MixCtx: 3, Train: 78.28%, Valid: 73.51%, Test In: 74.66% Test OOD1: 66.86% Test OOD2: 54.25% Test OOD3: 63.83% 
Epoch: 230, Loss: 3.1420, Cls: 1.2567, Ind: 0.0000, Med: 0.6285, Spu: 0.0000, FD: 0.6282, FDAug: 0.6286, Var: 0.0000, Ctx: 6, MixCtx: 3, Train: 78.29%, Valid: 73.47%, Test In: 74.66% Test OOD1: 66.92% Test OOD2: 54.24% Test OOD3: 63.84% 
Epoch: 231, Loss: 3.1409, Cls: 1.2561, Ind: 0.0000, Med: 0.6281, Spu: 0.0000, FD: 0.6281, FDAug: 0.6285, Var: 0.0000, Ctx: 6, MixCtx: 3, Train: 78.20%, Valid: 73.51%, Test In: 74.74% Test OOD1: 67.29% Test OOD2: 54.20% Test OOD3: 64.08% 
Epoch: 232, Loss: 3.1576, Cls: 1.2632, Ind: 0.0000, Med: 0.6317, Spu: 0.0000, FD: 0.6316, FDAug: 0.6311, Var: 0.0000, Ctx: 6, MixCtx: 3, Train: 78.32%, Valid: 73.32%, Test In: 74.54% Test OOD1: 66.22% Test OOD2: 54.31% Test OOD3: 63.44% 
Epoch: 233, Loss: 3.1816, Cls: 1.2725, Ind: 0.0000, Med: 0.6365, Spu: 0.0000, FD: 0.6358, FDAug: 0.6367, Var: 0.0000, Ctx: 6, MixCtx: 3, Train: 78.15%, Valid: 73.54%, Test In: 74.81% Test OOD1: 67.12% Test OOD2: 54.28% Test OOD3: 64.09% 
Epoch: 234, Loss: 3.1904, Cls: 1.2758, Ind: 0.0000, Med: 0.6375, Spu: 0.0000, FD: 0.6389, FDAug: 0.6382, Var: 0.0000, Ctx: 6, MixCtx: 3, Train: 78.37%, Valid: 73.43%, Test In: 74.65% Test OOD1: 66.38% Test OOD2: 54.35% Test OOD3: 63.58% 
Epoch: 235, Loss: 3.1520, Cls: 1.2608, Ind: 0.0000, Med: 0.6307, Spu: 0.0000, FD: 0.6299, FDAug: 0.6306, Var: 0.0000, Ctx: 6, MixCtx: 3, Train: 78.39%, Valid: 73.48%, Test In: 74.69% Test OOD1: 66.76% Test OOD2: 54.31% Test OOD3: 63.75% 
Epoch: 236, Loss: 3.1353, Cls: 1.2540, Ind: 0.0000, Med: 0.6271, Spu: 0.0000, FD: 0.6270, FDAug: 0.6273, Var: 0.0000, Ctx: 6, MixCtx: 3, Train: 78.20%, Valid: 73.49%, Test In: 74.72% Test OOD1: 67.46% Test OOD2: 54.21% Test OOD3: 64.13% 
Epoch: 237, Loss: 3.1834, Cls: 1.2740, Ind: 0.0000, Med: 0.6373, Spu: 0.0000, FD: 0.6365, FDAug: 0.6356, Var: 0.0000, Ctx: 6, MixCtx: 3, Train: 78.27%, Valid: 73.15%, Test In: 74.30% Test OOD1: 65.83% Test OOD2: 54.30% Test OOD3: 63.14% 
Epoch: 238, Loss: 3.2606, Cls: 1.3039, Ind: 0.0000, Med: 0.6522, Spu: 0.0000, FD: 0.6515, FDAug: 0.6529, Var: 0.0000, Ctx: 6, MixCtx: 3, Train: 78.09%, Valid: 73.59%, Test In: 74.78% Test OOD1: 67.32% Test OOD2: 54.32% Test OOD3: 64.21% 
Epoch: 239, Loss: 3.2522, Cls: 1.3000, Ind: 0.0000, Med: 0.6492, Spu: 0.0000, FD: 0.6520, FDAug: 0.6510, Var: 0.0000, Ctx: 6, MixCtx: 3, Train: 78.27%, Valid: 73.64%, Test In: 74.79% Test OOD1: 66.96% Test OOD2: 54.42% Test OOD3: 64.04% 
Epoch: 240, Loss: 3.1889, Cls: 1.2751, Ind: 0.0000, Med: 0.6374, Spu: 0.0000, FD: 0.6382, FDAug: 0.6382, Var: 0.0000, Ctx: 6, MixCtx: 3, Train: 78.42%, Valid: 73.35%, Test In: 74.42% Test OOD1: 66.36% Test OOD2: 54.38% Test OOD3: 63.43% 
Epoch: 241, Loss: 3.2358, Cls: 1.2944, Ind: 0.0000, Med: 0.6476, Spu: 0.0000, FD: 0.6463, FDAug: 0.6476, Var: 0.0000, Ctx: 6, MixCtx: 3, Train: 78.11%, Valid: 73.43%, Test In: 74.57% Test OOD1: 67.77% Test OOD2: 54.18% Test OOD3: 64.21% 
Epoch: 242, Loss: 3.1720, Cls: 1.2694, Ind: 0.0000, Med: 0.6350, Spu: 0.0000, FD: 0.6341, FDAug: 0.6334, Var: 0.0000, Ctx: 6, MixCtx: 3, Train: 78.26%, Valid: 73.45%, Test In: 74.62% Test OOD1: 67.55% Test OOD2: 54.23% Test OOD3: 64.07% 
Epoch: 243, Loss: 3.1424, Cls: 1.2570, Ind: 0.0000, Med: 0.6286, Spu: 0.0000, FD: 0.6285, FDAug: 0.6283, Var: 0.0000, Ctx: 6, MixCtx: 3, Train: 78.48%, Valid: 73.37%, Test In: 74.61% Test OOD1: 66.69% Test OOD2: 54.37% Test OOD3: 63.60% 
Epoch: 244, Loss: 3.1774, Cls: 1.2706, Ind: 0.0000, Med: 0.6354, Spu: 0.0000, FD: 0.6353, FDAug: 0.6362, Var: 0.0000, Ctx: 6, MixCtx: 3, Train: 78.26%, Valid: 73.54%, Test In: 74.81% Test OOD1: 67.31% Test OOD2: 54.36% Test OOD3: 64.15% 
Epoch: 245, Loss: 3.1681, Cls: 1.2669, Ind: 0.0000, Med: 0.6332, Spu: 0.0000, FD: 0.6341, FDAug: 0.6337, Var: 0.0000, Ctx: 6, MixCtx: 3, Train: 78.33%, Valid: 73.51%, Test In: 74.84% Test OOD1: 67.00% Test OOD2: 54.40% Test OOD3: 63.99% 
Epoch: 246, Loss: 3.1503, Cls: 1.2598, Ind: 0.0000, Med: 0.6297, Spu: 0.0000, FD: 0.6304, FDAug: 0.6304, Var: 0.0000, Ctx: 6, MixCtx: 3, Train: 78.46%, Valid: 73.33%, Test In: 74.68% Test OOD1: 66.31% Test OOD2: 54.41% Test OOD3: 63.50% 
Epoch: 247, Loss: 3.1686, Cls: 1.2673, Ind: 0.0000, Med: 0.6338, Spu: 0.0000, FD: 0.6333, FDAug: 0.6341, Var: 0.0000, Ctx: 6, MixCtx: 3, Train: 78.34%, Valid: 73.51%, Test In: 74.81% Test OOD1: 67.29% Test OOD2: 54.30% Test OOD3: 64.03% 
Epoch: 248, Loss: 3.1473, Cls: 1.2592, Ind: 0.0000, Med: 0.6298, Spu: 0.0000, FD: 0.6294, FDAug: 0.6289, Var: 0.0000, Ctx: 6, MixCtx: 3, Train: 78.45%, Valid: 73.52%, Test In: 74.80% Test OOD1: 67.05% Test OOD2: 54.35% Test OOD3: 63.90% 
Epoch: 249, Loss: 3.1293, Cls: 1.2517, Ind: 0.0000, Med: 0.6259, Spu: 0.0000, FD: 0.6259, FDAug: 0.6258, Var: 0.0000, Ctx: 6, MixCtx: 3, Train: 78.55%, Valid: 73.48%, Test In: 74.72% Test OOD1: 66.61% Test OOD2: 54.45% Test OOD3: 63.63% 
Epoch: 250, Loss: 3.1419, Cls: 1.2567, Ind: 0.0000, Med: 0.6285, Spu: 0.0000, FD: 0.6281, FDAug: 0.6286, Var: 0.0000, Ctx: 6, MixCtx: 3, Train: 78.43%, Valid: 73.61%, Test In: 74.79% Test OOD1: 67.13% Test OOD2: 54.45% Test OOD3: 64.01% 
Epoch: 251, Loss: 3.1404, Cls: 1.2560, Ind: 0.0000, Med: 0.6279, Spu: 0.0000, FD: 0.6284, FDAug: 0.6281, Var: 0.0000, Ctx: 6, MixCtx: 3, Train: 78.52%, Valid: 73.62%, Test In: 74.75% Test OOD1: 66.99% Test OOD2: 54.46% Test OOD3: 63.87% 
Epoch: 252, Loss: 3.1262, Cls: 1.2504, Ind: 0.0000, Med: 0.6253, Spu: 0.0000, FD: 0.6252, FDAug: 0.6253, Var: 0.0000, Ctx: 6, MixCtx: 3, Train: 78.56%, Valid: 73.49%, Test In: 74.61% Test OOD1: 66.60% Test OOD2: 54.46% Test OOD3: 63.55% 
Epoch: 253, Loss: 3.1405, Cls: 1.2560, Ind: 0.0000, Med: 0.6282, Spu: 0.0000, FD: 0.6279, FDAug: 0.6284, Var: 0.0000, Ctx: 6, MixCtx: 3, Train: 78.45%, Valid: 73.59%, Test In: 74.71% Test OOD1: 67.24% Test OOD2: 54.39% Test OOD3: 63.97% 
Epoch: 254, Loss: 3.1461, Cls: 1.2585, Ind: 0.0000, Med: 0.6292, Spu: 0.0000, FD: 0.6294, FDAug: 0.6289, Var: 0.0000, Ctx: 6, MixCtx: 3, Train: 78.61%, Valid: 73.50%, Test In: 74.61% Test OOD1: 66.49% Test OOD2: 54.51% Test OOD3: 63.51% 
Epoch: 255, Loss: 3.1290, Cls: 1.2515, Ind: 0.0000, Med: 0.6259, Spu: 0.0000, FD: 0.6255, FDAug: 0.6260, Var: 0.0000, Ctx: 6, MixCtx: 3, Train: 78.61%, Valid: 73.56%, Test In: 74.70% Test OOD1: 66.57% Test OOD2: 54.54% Test OOD3: 63.63% 
Epoch: 256, Loss: 3.1216, Cls: 1.2486, Ind: 0.0000, Med: 0.6244, Spu: 0.0000, FD: 0.6242, FDAug: 0.6244, Var: 0.0000, Ctx: 6, MixCtx: 3, Train: 78.58%, Valid: 73.57%, Test In: 74.74% Test OOD1: 66.74% Test OOD2: 54.53% Test OOD3: 63.75% 
Epoch: 257, Loss: 3.1264, Cls: 1.2505, Ind: 0.0000, Med: 0.6252, Spu: 0.0000, FD: 0.6254, FDAug: 0.6252, Var: 0.0000, Ctx: 6, MixCtx: 3, Train: 78.63%, Valid: 73.40%, Test In: 74.57% Test OOD1: 66.24% Test OOD2: 54.55% Test OOD3: 63.36% 
Epoch: 258, Loss: 3.1290, Cls: 1.2514, Ind: 0.0000, Med: 0.6257, Spu: 0.0000, FD: 0.6257, FDAug: 0.6262, Var: 0.0000, Ctx: 6, MixCtx: 3, Train: 78.62%, Valid: 73.54%, Test In: 74.70% Test OOD1: 66.79% Test OOD2: 54.51% Test OOD3: 63.74% 
Epoch: 259, Loss: 3.1237, Cls: 1.2495, Ind: 0.0000, Med: 0.6248, Spu: 0.0000, FD: 0.6248, FDAug: 0.6245, Var: 0.0000, Ctx: 6, MixCtx: 3, Train: 78.68%, Valid: 73.46%, Test In: 74.61% Test OOD1: 66.51% Test OOD2: 54.56% Test OOD3: 63.54% 
Epoch: 260, Loss: 3.1145, Cls: 1.2457, Ind: 0.0000, Med: 0.6229, Spu: 0.0000, FD: 0.6228, FDAug: 0.6230, Var: 0.0000, Ctx: 6, MixCtx: 3, Train: 78.71%, Valid: 73.47%, Test In: 74.62% Test OOD1: 66.58% Test OOD2: 54.56% Test OOD3: 63.58% 
Epoch: 261, Loss: 3.1141, Cls: 1.2456, Ind: 0.0000, Med: 0.6229, Spu: 0.0000, FD: 0.6227, FDAug: 0.6229, Var: 0.0000, Ctx: 6, MixCtx: 3, Train: 78.70%, Valid: 73.52%, Test In: 74.65% Test OOD1: 66.82% Test OOD2: 54.52% Test OOD3: 63.74% 
Epoch: 262, Loss: 3.1147, Cls: 1.2458, Ind: 0.0000, Med: 0.6229, Spu: 0.0000, FD: 0.6230, FDAug: 0.6229, Var: 0.0000, Ctx: 6, MixCtx: 3, Train: 78.74%, Valid: 73.42%, Test In: 74.52% Test OOD1: 66.61% Test OOD2: 54.51% Test OOD3: 63.51% 
Epoch: 263, Loss: 3.1152, Cls: 1.2459, Ind: 0.0000, Med: 0.6230, Spu: 0.0000, FD: 0.6230, FDAug: 0.6233, Var: 0.0000, Ctx: 6, MixCtx: 3, Train: 78.74%, Valid: 73.51%, Test In: 74.61% Test OOD1: 66.86% Test OOD2: 54.48% Test OOD3: 63.72% 
Epoch: 264, Loss: 3.1120, Cls: 1.2447, Ind: 0.0000, Med: 0.6224, Spu: 0.0000, FD: 0.6225, FDAug: 0.6224, Var: 0.0000, Ctx: 6, MixCtx: 3, Train: 78.80%, Valid: 73.45%, Test In: 74.55% Test OOD1: 66.64% Test OOD2: 54.51% Test OOD3: 63.56% 
Epoch: 265, Loss: 3.1085, Cls: 1.2433, Ind: 0.0000, Med: 0.6217, Spu: 0.0000, FD: 0.6216, FDAug: 0.6218, Var: 0.0000, Ctx: 6, MixCtx: 3, Train: 78.81%, Valid: 73.45%, Test In: 74.57% Test OOD1: 66.66% Test OOD2: 54.51% Test OOD3: 63.58% 
Epoch: 266, Loss: 3.1069, Cls: 1.2427, Ind: 0.0000, Med: 0.6214, Spu: 0.0000, FD: 0.6213, FDAug: 0.6215, Var: 0.0000, Ctx: 6, MixCtx: 3, Train: 78.81%, Valid: 73.45%, Test In: 74.58% Test OOD1: 66.74% Test OOD2: 54.48% Test OOD3: 63.62% 
Epoch: 267, Loss: 3.1061, Cls: 1.2424, Ind: 0.0000, Med: 0.6212, Spu: 0.0000, FD: 0.6213, FDAug: 0.6213, Var: 0.0000, Ctx: 6, MixCtx: 3, Train: 78.84%, Valid: 73.39%, Test In: 74.49% Test OOD1: 66.59% Test OOD2: 54.48% Test OOD3: 63.46% 
Epoch: 268, Loss: 3.1076, Cls: 1.2428, Ind: 0.0000, Med: 0.6214, Spu: 0.0000, FD: 0.6216, FDAug: 0.6218, Var: 0.0000, Ctx: 6, MixCtx: 3, Train: 78.83%, Valid: 73.49%, Test In: 74.58% Test OOD1: 66.81% Test OOD2: 54.50% Test OOD3: 63.68% 
Epoch: 269, Loss: 3.1085, Cls: 1.2434, Ind: 0.0000, Med: 0.6217, Spu: 0.0000, FD: 0.6218, FDAug: 0.6216, Var: 0.0000, Ctx: 6, MixCtx: 3, Train: 78.88%, Valid: 73.38%, Test In: 74.42% Test OOD1: 66.52% Test OOD2: 54.50% Test OOD3: 63.41% 
Epoch: 270, Loss: 3.1091, Cls: 1.2435, Ind: 0.0000, Med: 0.6219, Spu: 0.0000, FD: 0.6216, FDAug: 0.6220, Var: 0.0000, Ctx: 6, MixCtx: 3, Train: 78.87%, Valid: 73.49%, Test In: 74.54% Test OOD1: 66.84% Test OOD2: 54.50% Test OOD3: 63.67% 
Epoch: 271, Loss: 3.1051, Cls: 1.2420, Ind: 0.0000, Med: 0.6210, Spu: 0.0000, FD: 0.6211, FDAug: 0.6210, Var: 0.0000, Ctx: 6, MixCtx: 3, Train: 78.91%, Valid: 73.38%, Test In: 74.41% Test OOD1: 66.61% Test OOD2: 54.49% Test OOD3: 63.44% 
Epoch: 272, Loss: 3.1033, Cls: 1.2411, Ind: 0.0000, Med: 0.6205, Spu: 0.0000, FD: 0.6207, FDAug: 0.6210, Var: 0.0000, Ctx: 6, MixCtx: 3, Train: 78.91%, Valid: 73.46%, Test In: 74.51% Test OOD1: 66.76% Test OOD2: 54.52% Test OOD3: 63.61% 
Epoch: 273, Loss: 3.1011, Cls: 1.2404, Ind: 0.0000, Med: 0.6202, Spu: 0.0000, FD: 0.6203, FDAug: 0.6203, Var: 0.0000, Ctx: 6, MixCtx: 3, Train: 78.95%, Valid: 73.36%, Test In: 74.39% Test OOD1: 66.48% Test OOD2: 54.53% Test OOD3: 63.38% 
Epoch: 274, Loss: 3.1012, Cls: 1.2404, Ind: 0.0000, Med: 0.6203, Spu: 0.0000, FD: 0.6201, FDAug: 0.6204, Var: 0.0000, Ctx: 6, MixCtx: 3, Train: 78.94%, Valid: 73.45%, Test In: 74.52% Test OOD1: 66.72% Test OOD2: 54.53% Test OOD3: 63.59% 
Epoch: 275, Loss: 3.1006, Cls: 1.2402, Ind: 0.0000, Med: 0.6201, Spu: 0.0000, FD: 0.6203, FDAug: 0.6201, Var: 0.0000, Ctx: 6, MixCtx: 3, Train: 78.96%, Valid: 73.30%, Test In: 74.33% Test OOD1: 66.39% Test OOD2: 54.51% Test OOD3: 63.27% 
Epoch: 276, Loss: 3.1049, Cls: 1.2418, Ind: 0.0000, Med: 0.6210, Spu: 0.0000, FD: 0.6208, FDAug: 0.6213, Var: 0.0000, Ctx: 6, MixCtx: 3, Train: 78.91%, Valid: 73.50%, Test In: 74.57% Test OOD1: 66.85% Test OOD2: 54.54% Test OOD3: 63.72% 
Epoch: 277, Loss: 3.1198, Cls: 1.2479, Ind: 0.0000, Med: 0.6239, Spu: 0.0000, FD: 0.6243, FDAug: 0.6238, Var: 0.0000, Ctx: 6, MixCtx: 3, Train: 78.92%, Valid: 73.18%, Test In: 74.07% Test OOD1: 66.05% Test OOD2: 54.47% Test OOD3: 63.03% 
Epoch: 278, Loss: 3.1504, Cls: 1.2603, Ind: 0.0000, Med: 0.6306, Spu: 0.0000, FD: 0.6293, FDAug: 0.6301, Var: 0.0000, Ctx: 6, MixCtx: 3, Train: 78.80%, Valid: 73.57%, Test In: 74.59% Test OOD1: 67.07% Test OOD2: 54.49% Test OOD3: 63.90% 
Epoch: 279, Loss: 3.1722, Cls: 1.2688, Ind: 0.0000, Med: 0.6342, Spu: 0.0000, FD: 0.6350, FDAug: 0.6341, Var: 0.0000, Ctx: 6, MixCtx: 3, Train: 78.92%, Valid: 73.14%, Test In: 73.98% Test OOD1: 66.08% Test OOD2: 54.41% Test OOD3: 63.01% 
Epoch: 280, Loss: 3.1677, Cls: 1.2672, Ind: 0.0000, Med: 0.6340, Spu: 0.0000, FD: 0.6328, FDAug: 0.6337, Var: 0.0000, Ctx: 6, MixCtx: 3, Train: 78.95%, Valid: 73.54%, Test In: 74.56% Test OOD1: 67.12% Test OOD2: 54.47% Test OOD3: 63.81% 
Epoch: 281, Loss: 3.1229, Cls: 1.2491, Ind: 0.0000, Med: 0.6245, Spu: 0.0000, FD: 0.6249, FDAug: 0.6244, Var: 0.0000, Ctx: 6, MixCtx: 3, Train: 79.05%, Valid: 73.40%, Test In: 74.45% Test OOD1: 66.91% Test OOD2: 54.45% Test OOD3: 63.55% 
Epoch: 282, Loss: 3.0907, Cls: 1.2361, Ind: 0.0000, Med: 0.6181, Spu: 0.0000, FD: 0.6182, FDAug: 0.6183, Var: 0.0000, Ctx: 6, MixCtx: 3, Train: 78.99%, Valid: 73.25%, Test In: 74.33% Test OOD1: 66.63% Test OOD2: 54.39% Test OOD3: 63.31% 
Epoch: 283, Loss: 3.1139, Cls: 1.2452, Ind: 0.0000, Med: 0.6226, Spu: 0.0000, FD: 0.6228, FDAug: 0.6233, Var: 0.0000, Ctx: 6, MixCtx: 3, Train: 78.83%, Valid: 73.54%, Test In: 74.63% Test OOD1: 67.27% Test OOD2: 54.44% Test OOD3: 63.98% 
Epoch: 284, Loss: 3.1673, Cls: 1.2672, Ind: 0.0000, Med: 0.6337, Spu: 0.0000, FD: 0.6336, FDAug: 0.6328, Var: 0.0000, Ctx: 6, MixCtx: 3, Train: 78.97%, Valid: 73.13%, Test In: 74.09% Test OOD1: 66.07% Test OOD2: 54.45% Test OOD3: 63.02% 
Epoch: 285, Loss: 3.1961, Cls: 1.2787, Ind: 0.0000, Med: 0.6398, Spu: 0.0000, FD: 0.6384, FDAug: 0.6393, Var: 0.0000, Ctx: 6, MixCtx: 3, Train: 79.09%, Valid: 73.45%, Test In: 74.54% Test OOD1: 66.93% Test OOD2: 54.56% Test OOD3: 63.62% 
Epoch: 286, Loss: 3.1066, Cls: 1.2425, Ind: 0.0000, Med: 0.6213, Spu: 0.0000, FD: 0.6213, FDAug: 0.6215, Var: 0.0000, Ctx: 6, MixCtx: 3, Train: 78.76%, Valid: 73.53%, Test In: 74.58% Test OOD1: 67.50% Test OOD2: 54.35% Test OOD3: 64.03% 
Epoch: 287, Loss: 3.2034, Cls: 1.2824, Ind: 0.0000, Med: 0.6417, Spu: 0.0000, FD: 0.6402, FDAug: 0.6391, Var: 0.0000, Ctx: 6, MixCtx: 3, Train: 78.29%, Valid: 72.45%, Test In: 73.37% Test OOD1: 65.17% Test OOD2: 53.94% Test OOD3: 62.36% 
Epoch: 288, Loss: 3.4041, Cls: 1.3616, Ind: 0.0000, Med: 0.6813, Spu: 0.0000, FD: 0.6798, FDAug: 0.6815, Var: 0.0000, Ctx: 6, MixCtx: 3, Train: 78.67%, Valid: 73.67%, Test In: 74.69% Test OOD1: 67.58% Test OOD2: 54.51% Test OOD3: 64.13% 
Epoch: 289, Loss: 3.2624, Cls: 1.3042, Ind: 0.0000, Med: 0.6516, Spu: 0.0000, FD: 0.6535, FDAug: 0.6531, Var: 0.0000, Ctx: 6, MixCtx: 3, Train: 78.07%, Valid: 73.43%, Test In: 74.46% Test OOD1: 67.93% Test OOD2: 54.36% Test OOD3: 64.50% 
Epoch: 290, Loss: 3.3880, Cls: 1.3542, Ind: 0.0000, Med: 0.6763, Spu: 0.0000, FD: 0.6792, FDAug: 0.6782, Var: 0.0000, Ctx: 6, MixCtx: 3, Train: 78.64%, Valid: 73.74%, Test In: 74.70% Test OOD1: 67.81% Test OOD2: 54.43% Test OOD3: 64.26% 
Epoch: 291, Loss: 3.2300, Cls: 1.2916, Ind: 0.0000, Med: 0.6457, Spu: 0.0000, FD: 0.6461, FDAug: 0.6466, Var: 0.0000, Ctx: 6, MixCtx: 3, Train: 78.93%, Valid: 73.58%, Test In: 74.48% Test OOD1: 67.40% Test OOD2: 54.37% Test OOD3: 63.76% 
Epoch: 292, Loss: 3.2597, Cls: 1.3034, Ind: 0.0000, Med: 0.6516, Spu: 0.0000, FD: 0.6519, FDAug: 0.6527, Var: 0.0000, Ctx: 6, MixCtx: 3, Train: 78.26%, Valid: 73.23%, Test In: 74.21% Test OOD1: 68.02% Test OOD2: 54.15% Test OOD3: 64.11% 
Epoch: 293, Loss: 3.1608, Cls: 1.2644, Ind: 0.0001, Med: 0.6323, Spu: 0.0000, FD: 0.6321, FDAug: 0.6319, Var: 0.0000, Ctx: 6, MixCtx: 3, Train: 78.03%, Valid: 73.16%, Test In: 74.18% Test OOD1: 68.17% Test OOD2: 54.17% Test OOD3: 64.25% 
Epoch: 294, Loss: 3.2617, Cls: 1.3062, Ind: 0.0001, Med: 0.6541, Spu: 0.0000, FD: 0.6511, FDAug: 0.6501, Var: 0.0000, Ctx: 6, MixCtx: 3, Train: 78.91%, Valid: 73.15%, Test In: 74.48% Test OOD1: 66.46% Test OOD2: 54.38% Test OOD3: 63.33% 
Epoch: 295, Loss: 3.3109, Cls: 1.3242, Ind: 0.0001, Med: 0.6624, Spu: 0.0000, FD: 0.6617, FDAug: 0.6625, Var: 0.0000, Ctx: 6, MixCtx: 3, Train: 78.76%, Valid: 73.39%, Test In: 74.91% Test OOD1: 66.92% Test OOD2: 54.62% Test OOD3: 63.82% 
Epoch: 296, Loss: 3.1886, Cls: 1.2744, Ind: 0.0000, Med: 0.6366, Spu: 0.0000, FD: 0.6387, FDAug: 0.6388, Var: 0.0000, Ctx: 6, MixCtx: 3, Train: 78.14%, Valid: 73.27%, Test In: 74.69% Test OOD1: 67.51% Test OOD2: 54.49% Test OOD3: 64.34% 
Epoch: 297, Loss: 3.3004, Cls: 1.3197, Ind: 0.0000, Med: 0.6595, Spu: 0.0000, FD: 0.6608, FDAug: 0.6604, Var: 0.0000, Ctx: 6, MixCtx: 3, Train: 78.21%, Valid: 73.29%, Test In: 74.78% Test OOD1: 67.37% Test OOD2: 54.54% Test OOD3: 64.26% 
Epoch: 298, Loss: 3.2655, Cls: 1.3058, Ind: 0.0000, Med: 0.6527, Spu: 0.0000, FD: 0.6536, FDAug: 0.6533, Var: 0.0000, Ctx: 6, MixCtx: 3, Train: 78.63%, Valid: 73.26%, Test In: 74.89% Test OOD1: 66.59% Test OOD2: 54.63% Test OOD3: 63.75% 
Epoch: 299, Loss: 3.1899, Cls: 1.2751, Ind: 0.0001, Med: 0.6372, Spu: 0.0000, FD: 0.6386, FDAug: 0.6389, Var: 0.0000, Ctx: 6, MixCtx: 3, Train: 78.80%, Valid: 73.26%, Test In: 74.73% Test OOD1: 66.54% Test OOD2: 54.51% Test OOD3: 63.61% 
Epoch: 300, Loss: 3.2305, Cls: 1.2911, Ind: 0.0001, Med: 0.6451, Spu: 0.0000, FD: 0.6470, FDAug: 0.6472, Var: 0.0000, Ctx: 6, MixCtx: 3, Train: 78.52%, Valid: 73.49%, Test In: 74.73% Test OOD1: 67.89% Test OOD2: 54.38% Test OOD3: 64.29% 
Epoch: 301, Loss: 3.1417, Cls: 1.2565, Ind: 0.0000, Med: 0.6282, Spu: 0.0000, FD: 0.6287, FDAug: 0.6282, Var: 0.0000, Ctx: 6, MixCtx: 3, Train: 78.13%, Valid: 73.35%, Test In: 74.46% Test OOD1: 68.22% Test OOD2: 54.28% Test OOD3: 64.40% 
Epoch: 302, Loss: 3.2371, Cls: 1.2954, Ind: 0.0000, Med: 0.6480, Spu: 0.0000, FD: 0.6473, FDAug: 0.6464, Var: 0.0000, Ctx: 6, MixCtx: 3, Train: 78.67%, Valid: 73.35%, Test In: 74.59% Test OOD1: 67.09% Test OOD2: 54.39% Test OOD3: 63.78% 
Epoch: 303, Loss: 3.2112, Cls: 1.2846, Ind: 0.0000, Med: 0.6426, Spu: 0.0000, FD: 0.6419, FDAug: 0.6421, Var: 0.0000, Ctx: 6, MixCtx: 3, Train: 78.81%, Valid: 73.54%, Test In: 74.75% Test OOD1: 67.33% Test OOD2: 54.48% Test OOD3: 63.93% 
Epoch: 304, Loss: 3.1480, Cls: 1.2596, Ind: 0.0000, Med: 0.6302, Spu: 0.0000, FD: 0.6290, FDAug: 0.6293, Var: 0.0000, Ctx: 6, MixCtx: 3, Train: 78.47%, Valid: 73.60%, Test In: 74.72% Test OOD1: 68.01% Test OOD2: 54.50% Test OOD3: 64.37% 
Epoch: 305, Loss: 3.1828, Cls: 1.2724, Ind: 0.0000, Med: 0.6358, Spu: 0.0000, FD: 0.6373, FDAug: 0.6371, Var: 0.0000, Ctx: 6, MixCtx: 3, Train: 78.56%, Valid: 73.64%, Test In: 74.82% Test OOD1: 67.88% Test OOD2: 54.59% Test OOD3: 64.35% 
Epoch: 306, Loss: 3.1823, Cls: 1.2721, Ind: 0.0000, Med: 0.6356, Spu: 0.0000, FD: 0.6373, FDAug: 0.6373, Var: 0.0000, Ctx: 6, MixCtx: 3, Train: 78.93%, Valid: 73.61%, Test In: 74.93% Test OOD1: 67.19% Test OOD2: 54.70% Test OOD3: 63.96% 
Epoch: 307, Loss: 3.1603, Cls: 1.2640, Ind: 0.0000, Med: 0.6321, Spu: 0.0000, FD: 0.6319, FDAug: 0.6324, Var: 0.0000, Ctx: 6, MixCtx: 3, Train: 78.98%, Valid: 73.49%, Test In: 74.84% Test OOD1: 66.86% Test OOD2: 54.71% Test OOD3: 63.77% 
Epoch: 308, Loss: 3.1734, Cls: 1.2694, Ind: 0.0000, Med: 0.6349, Spu: 0.0000, FD: 0.6343, FDAug: 0.6347, Var: 0.0000, Ctx: 6, MixCtx: 3, Train: 78.81%, Valid: 73.59%, Test In: 74.88% Test OOD1: 67.54% Test OOD2: 54.64% Test OOD3: 64.14% 
Epoch: 309, Loss: 3.1144, Cls: 1.2458, Ind: 0.0000, Med: 0.6229, Spu: 0.0000, FD: 0.6229, FDAug: 0.6228, Var: 0.0000, Ctx: 6, MixCtx: 3, Train: 78.60%, Valid: 73.51%, Test In: 74.76% Test OOD1: 67.84% Test OOD2: 54.54% Test OOD3: 64.28% 
Epoch: 310, Loss: 3.1678, Cls: 1.2679, Ind: 0.0000, Med: 0.6344, Spu: 0.0000, FD: 0.6330, FDAug: 0.6324, Var: 0.0000, Ctx: 6, MixCtx: 3, Train: 78.89%, Valid: 73.48%, Test In: 74.84% Test OOD1: 67.01% Test OOD2: 54.60% Test OOD3: 63.78% 
Epoch: 311, Loss: 3.1406, Cls: 1.2560, Ind: 0.0000, Med: 0.6279, Spu: 0.0000, FD: 0.6284, FDAug: 0.6283, Var: 0.0000, Ctx: 6, MixCtx: 3, Train: 78.94%, Valid: 73.46%, Test In: 74.83% Test OOD1: 66.90% Test OOD2: 54.63% Test OOD3: 63.72% 
Epoch: 312, Loss: 3.1318, Cls: 1.2525, Ind: 0.0000, Med: 0.6261, Spu: 0.0000, FD: 0.6266, FDAug: 0.6266, Var: 0.0000, Ctx: 6, MixCtx: 3, Train: 78.81%, Valid: 73.58%, Test In: 74.83% Test OOD1: 67.55% Test OOD2: 54.64% Test OOD3: 64.12% 
Epoch: 313, Loss: 3.1317, Cls: 1.2528, Ind: 0.0000, Med: 0.6264, Spu: 0.0000, FD: 0.6264, FDAug: 0.6261, Var: 0.0000, Ctx: 6, MixCtx: 3, Train: 78.94%, Valid: 73.61%, Test In: 74.85% Test OOD1: 67.29% Test OOD2: 54.70% Test OOD3: 63.97% 
Epoch: 314, Loss: 3.1123, Cls: 1.2449, Ind: 0.0000, Med: 0.6225, Spu: 0.0000, FD: 0.6224, FDAug: 0.6224, Var: 0.0000, Ctx: 6, MixCtx: 3, Train: 79.07%, Valid: 73.47%, Test In: 74.74% Test OOD1: 66.65% Test OOD2: 54.73% Test OOD3: 63.55% 
Epoch: 315, Loss: 3.1324, Cls: 1.2533, Ind: 0.0000, Med: 0.6271, Spu: 0.0000, FD: 0.6258, FDAug: 0.6262, Var: 0.0000, Ctx: 6, MixCtx: 3, Train: 79.10%, Valid: 73.55%, Test In: 74.76% Test OOD1: 66.88% Test OOD2: 54.71% Test OOD3: 63.63% 
Epoch: 316, Loss: 3.1163, Cls: 1.2468, Ind: 0.0000, Med: 0.6238, Spu: 0.0000, FD: 0.6227, FDAug: 0.6230, Var: 0.0000, Ctx: 6, MixCtx: 3, Train: 78.98%, Valid: 73.67%, Test In: 74.76% Test OOD1: 67.47% Test OOD2: 54.66% Test OOD3: 63.97% 
Epoch: 317, Loss: 3.1147, Cls: 1.2459, Ind: 0.0000, Med: 0.6229, Spu: 0.0000, FD: 0.6230, FDAug: 0.6229, Var: 0.0000, Ctx: 6, MixCtx: 3, Train: 79.05%, Valid: 73.62%, Test In: 74.72% Test OOD1: 67.33% Test OOD2: 54.63% Test OOD3: 63.84% 
Epoch: 318, Loss: 3.0987, Cls: 1.2393, Ind: 0.0000, Med: 0.6196, Spu: 0.0000, FD: 0.6199, FDAug: 0.6198, Var: 0.0000, Ctx: 6, MixCtx: 3, Train: 79.10%, Valid: 73.44%, Test In: 74.58% Test OOD1: 66.63% Test OOD2: 54.59% Test OOD3: 63.39% 
Epoch: 319, Loss: 3.1199, Cls: 1.2476, Ind: 0.0000, Med: 0.6236, Spu: 0.0000, FD: 0.6243, FDAug: 0.6244, Var: 0.0000, Ctx: 6, MixCtx: 3, Train: 79.13%, Valid: 73.56%, Test In: 74.69% Test OOD1: 67.06% Test OOD2: 54.61% Test OOD3: 63.66% 
Epoch: 320, Loss: 3.0939, Cls: 1.2374, Ind: 0.0000, Med: 0.6186, Spu: 0.0000, FD: 0.6190, FDAug: 0.6189, Var: 0.0000, Ctx: 6, MixCtx: 3, Train: 79.12%, Valid: 73.61%, Test In: 74.73% Test OOD1: 67.19% Test OOD2: 54.64% Test OOD3: 63.80% 
Epoch: 321, Loss: 3.1041, Cls: 1.2416, Ind: 0.0000, Med: 0.6208, Spu: 0.0000, FD: 0.6210, FDAug: 0.6206, Var: 0.0000, Ctx: 6, MixCtx: 3, Train: 79.19%, Valid: 73.40%, Test In: 74.60% Test OOD1: 66.50% Test OOD2: 54.70% Test OOD3: 63.37% 
Epoch: 322, Loss: 3.0947, Cls: 1.2380, Ind: 0.0000, Med: 0.6192, Spu: 0.0000, FD: 0.6187, FDAug: 0.6188, Var: 0.0000, Ctx: 6, MixCtx: 3, Train: 79.19%, Valid: 73.35%, Test In: 74.55% Test OOD1: 66.33% Test OOD2: 54.70% Test OOD3: 63.28% 
Epoch: 323, Loss: 3.0982, Cls: 1.2394, Ind: 0.0000, Med: 0.6199, Spu: 0.0000, FD: 0.6193, FDAug: 0.6195, Var: 0.0000, Ctx: 6, MixCtx: 3, Train: 79.22%, Valid: 73.53%, Test In: 74.69% Test OOD1: 66.87% Test OOD2: 54.65% Test OOD3: 63.61% 
Epoch: 324, Loss: 3.0924, Cls: 1.2368, Ind: 0.0000, Med: 0.6184, Spu: 0.0000, FD: 0.6187, FDAug: 0.6185, Var: 0.0000, Ctx: 6, MixCtx: 3, Train: 79.26%, Valid: 73.51%, Test In: 74.63% Test OOD1: 66.86% Test OOD2: 54.61% Test OOD3: 63.56% 
Epoch: 325, Loss: 3.0836, Cls: 1.2332, Ind: 0.0000, Med: 0.6165, Spu: 0.0000, FD: 0.6169, FDAug: 0.6169, Var: 0.0000, Ctx: 6, MixCtx: 3, Train: 79.24%, Valid: 73.34%, Test In: 74.43% Test OOD1: 66.43% Test OOD2: 54.56% Test OOD3: 63.27% 
Epoch: 326, Loss: 3.0953, Cls: 1.2380, Ind: 0.0000, Med: 0.6191, Spu: 0.0000, FD: 0.6190, FDAug: 0.6192, Var: 0.0000, Ctx: 6, MixCtx: 3, Train: 79.27%, Valid: 73.50%, Test In: 74.54% Test OOD1: 66.96% Test OOD2: 54.58% Test OOD3: 63.58% 
Epoch: 327, Loss: 3.0819, Cls: 1.2325, Ind: 0.0000, Med: 0.6161, Spu: 0.0000, FD: 0.6166, FDAug: 0.6166, Var: 0.0000, Ctx: 6, MixCtx: 3, Train: 79.30%, Valid: 73.54%, Test In: 74.57% Test OOD1: 67.08% Test OOD2: 54.60% Test OOD3: 63.67% 
Epoch: 328, Loss: 3.0828, Cls: 1.2329, Ind: 0.0000, Med: 0.6164, Spu: 0.0000, FD: 0.6168, FDAug: 0.6167, Var: 0.0000, Ctx: 6, MixCtx: 3, Train: 79.38%, Valid: 73.41%, Test In: 74.46% Test OOD1: 66.72% Test OOD2: 54.64% Test OOD3: 63.42% 
Epoch: 329, Loss: 3.0828, Cls: 1.2331, Ind: 0.0000, Med: 0.6167, Spu: 0.0000, FD: 0.6164, FDAug: 0.6166, Var: 0.0000, Ctx: 6, MixCtx: 3, Train: 79.38%, Valid: 73.43%, Test In: 74.51% Test OOD1: 66.77% Test OOD2: 54.65% Test OOD3: 63.48% 
Epoch: 330, Loss: 3.0780, Cls: 1.2312, Ind: 0.0000, Med: 0.6157, Spu: 0.0000, FD: 0.6155, FDAug: 0.6156, Var: 0.0000, Ctx: 6, MixCtx: 3, Train: 79.34%, Valid: 73.50%, Test In: 74.57% Test OOD1: 67.00% Test OOD2: 54.63% Test OOD3: 63.67% 
Epoch: 331, Loss: 3.0801, Cls: 1.2320, Ind: 0.0000, Med: 0.6160, Spu: 0.0000, FD: 0.6161, FDAug: 0.6160, Var: 0.0000, Ctx: 6, MixCtx: 3, Train: 79.40%, Valid: 73.37%, Test In: 74.45% Test OOD1: 66.70% Test OOD2: 54.63% Test OOD3: 63.44% 
Epoch: 332, Loss: 3.0731, Cls: 1.2291, Ind: 0.0000, Med: 0.6145, Spu: 0.0000, FD: 0.6148, FDAug: 0.6148, Var: 0.0000, Ctx: 6, MixCtx: 3, Train: 79.40%, Valid: 73.34%, Test In: 74.41% Test OOD1: 66.60% Test OOD2: 54.62% Test OOD3: 63.38% 
Epoch: 333, Loss: 3.0748, Cls: 1.2297, Ind: 0.0000, Med: 0.6148, Spu: 0.0000, FD: 0.6152, FDAug: 0.6152, Var: 0.0000, Ctx: 6, MixCtx: 3, Train: 79.40%, Valid: 73.45%, Test In: 74.51% Test OOD1: 66.87% Test OOD2: 54.64% Test OOD3: 63.58% 
Epoch: 334, Loss: 3.0753, Cls: 1.2301, Ind: 0.0000, Med: 0.6150, Spu: 0.0000, FD: 0.6152, FDAug: 0.6150, Var: 0.0000, Ctx: 6, MixCtx: 3, Train: 79.46%, Valid: 73.38%, Test In: 74.41% Test OOD1: 66.59% Test OOD2: 54.67% Test OOD3: 63.36% 
Epoch: 335, Loss: 3.0691, Cls: 1.2275, Ind: 0.0000, Med: 0.6138, Spu: 0.0000, FD: 0.6138, FDAug: 0.6140, Var: 0.0000, Ctx: 6, MixCtx: 3, Train: 79.48%, Valid: 73.38%, Test In: 74.38% Test OOD1: 66.57% Test OOD2: 54.68% Test OOD3: 63.32% 
Epoch: 336, Loss: 3.0696, Cls: 1.2277, Ind: 0.0000, Med: 0.6139, Spu: 0.0000, FD: 0.6139, FDAug: 0.6141, Var: 0.0000, Ctx: 6, MixCtx: 3, Train: 79.48%, Valid: 73.48%, Test In: 74.46% Test OOD1: 66.83% Test OOD2: 54.65% Test OOD3: 63.49% 
Epoch: 337, Loss: 3.0691, Cls: 1.2276, Ind: 0.0000, Med: 0.6138, Spu: 0.0000, FD: 0.6139, FDAug: 0.6139, Var: 0.0000, Ctx: 6, MixCtx: 3, Train: 79.51%, Valid: 73.38%, Test In: 74.36% Test OOD1: 66.60% Test OOD2: 54.63% Test OOD3: 63.31% 
Epoch: 338, Loss: 3.0644, Cls: 1.2256, Ind: 0.0000, Med: 0.6128, Spu: 0.0000, FD: 0.6130, FDAug: 0.6130, Var: 0.0000, Ctx: 6, MixCtx: 3, Train: 79.54%, Valid: 73.36%, Test In: 74.34% Test OOD1: 66.51% Test OOD2: 54.65% Test OOD3: 63.25% 
Epoch: 339, Loss: 3.0630, Cls: 1.2250, Ind: 0.0000, Med: 0.6125, Spu: 0.0000, FD: 0.6127, FDAug: 0.6128, Var: 0.0000, Ctx: 6, MixCtx: 3, Train: 79.57%, Valid: 73.46%, Test In: 74.41% Test OOD1: 66.67% Test OOD2: 54.70% Test OOD3: 63.36% 
Epoch: 340, Loss: 3.0663, Cls: 1.2265, Ind: 0.0000, Med: 0.6132, Spu: 0.0000, FD: 0.6133, FDAug: 0.6132, Var: 0.0000, Ctx: 6, MixCtx: 3, Train: 79.59%, Valid: 73.27%, Test In: 74.24% Test OOD1: 66.24% Test OOD2: 54.68% Test OOD3: 63.10% 
Epoch: 341, Loss: 3.0679, Cls: 1.2271, Ind: 0.0000, Med: 0.6137, Spu: 0.0000, FD: 0.6134, FDAug: 0.6137, Var: 0.0000, Ctx: 6, MixCtx: 3, Train: 79.61%, Valid: 73.46%, Test In: 74.45% Test OOD1: 66.67% Test OOD2: 54.69% Test OOD3: 63.38% 
Epoch: 342, Loss: 3.0608, Cls: 1.2242, Ind: 0.0000, Med: 0.6121, Spu: 0.0000, FD: 0.6123, FDAug: 0.6122, Var: 0.0000, Ctx: 6, MixCtx: 3, Train: 79.64%, Valid: 73.43%, Test In: 74.42% Test OOD1: 66.61% Test OOD2: 54.66% Test OOD3: 63.33% 
Epoch: 343, Loss: 3.0558, Cls: 1.2222, Ind: 0.0000, Med: 0.6111, Spu: 0.0000, FD: 0.6113, FDAug: 0.6113, Var: 0.0000, Ctx: 6, MixCtx: 3, Train: 79.67%, Valid: 73.38%, Test In: 74.36% Test OOD1: 66.49% Test OOD2: 54.65% Test OOD3: 63.24% 
Epoch: 344, Loss: 3.0589, Cls: 1.2235, Ind: 0.0000, Med: 0.6118, Spu: 0.0000, FD: 0.6117, FDAug: 0.6119, Var: 0.0000, Ctx: 6, MixCtx: 3, Train: 79.63%, Valid: 73.51%, Test In: 74.50% Test OOD1: 66.82% Test OOD2: 54.65% Test OOD3: 63.47% 
Epoch: 345, Loss: 3.0601, Cls: 1.2238, Ind: 0.0000, Med: 0.6118, Spu: 0.0000, FD: 0.6123, FDAug: 0.6121, Var: 0.0000, Ctx: 6, MixCtx: 3, Train: 79.73%, Valid: 73.39%, Test In: 74.33% Test OOD1: 66.49% Test OOD2: 54.65% Test OOD3: 63.23% 
Epoch: 346, Loss: 3.0546, Cls: 1.2218, Ind: 0.0000, Med: 0.6110, Spu: 0.0000, FD: 0.6108, FDAug: 0.6110, Var: 0.0000, Ctx: 6, MixCtx: 3, Train: 79.74%, Valid: 73.44%, Test In: 74.37% Test OOD1: 66.56% Test OOD2: 54.65% Test OOD3: 63.27% 
Epoch: 347, Loss: 3.0496, Cls: 1.2197, Ind: 0.0000, Med: 0.6099, Spu: 0.0000, FD: 0.6100, FDAug: 0.6100, Var: 0.0000, Ctx: 6, MixCtx: 3, Train: 79.75%, Valid: 73.47%, Test In: 74.41% Test OOD1: 66.61% Test OOD2: 54.64% Test OOD3: 63.31% 
Epoch: 348, Loss: 3.0509, Cls: 1.2202, Ind: 0.0000, Med: 0.6101, Spu: 0.0000, FD: 0.6103, FDAug: 0.6102, Var: 0.0000, Ctx: 6, MixCtx: 3, Train: 79.74%, Valid: 73.30%, Test In: 74.22% Test OOD1: 66.25% Test OOD2: 54.59% Test OOD3: 63.08% 
Epoch: 349, Loss: 3.0535, Cls: 1.2212, Ind: 0.0000, Med: 0.6106, Spu: 0.0000, FD: 0.6107, FDAug: 0.6109, Var: 0.0000, Ctx: 6, MixCtx: 3, Train: 79.79%, Valid: 73.50%, Test In: 74.42% Test OOD1: 66.64% Test OOD2: 54.65% Test OOD3: 63.32% 
Epoch: 350, Loss: 3.0519, Cls: 1.2207, Ind: 0.0000, Med: 0.6104, Spu: 0.0000, FD: 0.6105, FDAug: 0.6103, Var: 0.0000, Ctx: 6, MixCtx: 3, Train: 79.81%, Valid: 73.35%, Test In: 74.26% Test OOD1: 66.36% Test OOD2: 54.62% Test OOD3: 63.12% 
Epoch: 351, Loss: 3.0474, Cls: 1.2188, Ind: 0.0000, Med: 0.6094, Spu: 0.0000, FD: 0.6095, FDAug: 0.6097, Var: 0.0000, Ctx: 6, MixCtx: 3, Train: 79.85%, Valid: 73.46%, Test In: 74.37% Test OOD1: 66.58% Test OOD2: 54.64% Test OOD3: 63.26% 
Epoch: 352, Loss: 3.0421, Cls: 1.2167, Ind: 0.0000, Med: 0.6084, Spu: 0.0000, FD: 0.6085, FDAug: 0.6085, Var: 0.0000, Ctx: 6, MixCtx: 3, Train: 79.87%, Valid: 73.49%, Test In: 74.39% Test OOD1: 66.62% Test OOD2: 54.63% Test OOD3: 63.28% 
Epoch: 353, Loss: 3.0413, Cls: 1.2164, Ind: 0.0000, Med: 0.6082, Spu: 0.0000, FD: 0.6084, FDAug: 0.6083, Var: 0.0000, Ctx: 6, MixCtx: 3, Train: 79.89%, Valid: 73.39%, Test In: 74.26% Test OOD1: 66.41% Test OOD2: 54.62% Test OOD3: 63.15% 
Epoch: 354, Loss: 3.0432, Cls: 1.2171, Ind: 0.0000, Med: 0.6086, Spu: 0.0000, FD: 0.6087, FDAug: 0.6089, Var: 0.0000, Ctx: 6, MixCtx: 3, Train: 79.89%, Valid: 73.58%, Test In: 74.42% Test OOD1: 66.77% Test OOD2: 54.66% Test OOD3: 63.38% 
Epoch: 355, Loss: 3.0488, Cls: 1.2194, Ind: 0.0000, Med: 0.6097, Spu: 0.0000, FD: 0.6099, FDAug: 0.6098, Var: 0.0000, Ctx: 6, MixCtx: 3, Train: 79.92%, Valid: 73.32%, Test In: 74.14% Test OOD1: 66.26% Test OOD2: 54.59% Test OOD3: 63.02% 
Epoch: 356, Loss: 3.0559, Cls: 1.2223, Ind: 0.0000, Med: 0.6113, Spu: 0.0000, FD: 0.6110, FDAug: 0.6113, Var: 0.0000, Ctx: 6, MixCtx: 3, Train: 79.89%, Valid: 73.64%, Test In: 74.44% Test OOD1: 66.91% Test OOD2: 54.65% Test OOD3: 63.46% 
Epoch: 357, Loss: 3.0594, Cls: 1.2237, Ind: 0.0000, Med: 0.6118, Spu: 0.0000, FD: 0.6121, FDAug: 0.6118, Var: 0.0000, Ctx: 6, MixCtx: 3, Train: 79.95%, Valid: 73.29%, Test In: 74.11% Test OOD1: 66.23% Test OOD2: 54.56% Test OOD3: 62.97% 
Epoch: 358, Loss: 3.0660, Cls: 1.2265, Ind: 0.0000, Med: 0.6134, Spu: 0.0000, FD: 0.6129, FDAug: 0.6132, Var: 0.0000, Ctx: 6, MixCtx: 3, Train: 79.91%, Valid: 73.64%, Test In: 74.45% Test OOD1: 66.99% Test OOD2: 54.64% Test OOD3: 63.50% 
Epoch: 359, Loss: 3.0627, Cls: 1.2249, Ind: 0.0000, Med: 0.6124, Spu: 0.0000, FD: 0.6128, FDAug: 0.6125, Var: 0.0000, Ctx: 6, MixCtx: 3, Train: 80.00%, Valid: 73.29%, Test In: 74.14% Test OOD1: 66.30% Test OOD2: 54.57% Test OOD3: 63.02% 
Epoch: 360, Loss: 3.0568, Cls: 1.2228, Ind: 0.0000, Med: 0.6116, Spu: 0.0000, FD: 0.6111, FDAug: 0.6114, Var: 0.0000, Ctx: 6, MixCtx: 3, Train: 80.01%, Valid: 73.57%, Test In: 74.42% Test OOD1: 66.88% Test OOD2: 54.65% Test OOD3: 63.43% 
Epoch: 361, Loss: 3.0412, Cls: 1.2163, Ind: 0.0000, Med: 0.6081, Spu: 0.0000, FD: 0.6085, FDAug: 0.6083, Var: 0.0000, Ctx: 6, MixCtx: 3, Train: 80.06%, Valid: 73.38%, Test In: 74.25% Test OOD1: 66.51% Test OOD2: 54.61% Test OOD3: 63.19% 
Epoch: 362, Loss: 3.0302, Cls: 1.2120, Ind: 0.0000, Med: 0.6060, Spu: 0.0000, FD: 0.6060, FDAug: 0.6062, Var: 0.0000, Ctx: 6, MixCtx: 3, Train: 80.09%, Valid: 73.45%, Test In: 74.29% Test OOD1: 66.62% Test OOD2: 54.62% Test OOD3: 63.25% 
Epoch: 363, Loss: 3.0257, Cls: 1.2102, Ind: 0.0000, Med: 0.6051, Spu: 0.0000, FD: 0.6052, FDAug: 0.6052, Var: 0.0000, Ctx: 6, MixCtx: 3, Train: 80.12%, Valid: 73.51%, Test In: 74.32% Test OOD1: 66.71% Test OOD2: 54.62% Test OOD3: 63.28% 
Epoch: 364, Loss: 3.0258, Cls: 1.2102, Ind: 0.0000, Med: 0.6051, Spu: 0.0000, FD: 0.6053, FDAug: 0.6052, Var: 0.0000, Ctx: 6, MixCtx: 3, Train: 80.15%, Valid: 73.37%, Test In: 74.15% Test OOD1: 66.40% Test OOD2: 54.56% Test OOD3: 63.03% 
Epoch: 365, Loss: 3.0313, Cls: 1.2124, Ind: 0.0000, Med: 0.6062, Spu: 0.0000, FD: 0.6062, FDAug: 0.6064, Var: 0.0000, Ctx: 6, MixCtx: 3, Train: 80.12%, Valid: 73.65%, Test In: 74.37% Test OOD1: 66.90% Test OOD2: 54.61% Test OOD3: 63.36% 
Epoch: 366, Loss: 3.0424, Cls: 1.2170, Ind: 0.0000, Med: 0.6085, Spu: 0.0000, FD: 0.6086, FDAug: 0.6083, Var: 0.0000, Ctx: 6, MixCtx: 3, Train: 80.13%, Valid: 73.22%, Test In: 73.98% Test OOD1: 66.07% Test OOD2: 54.47% Test OOD3: 62.79% 
Epoch: 367, Loss: 3.0708, Cls: 1.2282, Ind: 0.0000, Med: 0.6143, Spu: 0.0000, FD: 0.6139, FDAug: 0.6144, Var: 0.0000, Ctx: 6, MixCtx: 3, Train: 79.95%, Valid: 73.73%, Test In: 74.45% Test OOD1: 67.17% Test OOD2: 54.59% Test OOD3: 63.52% 
Epoch: 368, Loss: 3.1129, Cls: 1.2452, Ind: 0.0000, Med: 0.6226, Spu: 0.0000, FD: 0.6228, FDAug: 0.6223, Var: 0.0000, Ctx: 6, MixCtx: 3, Train: 79.96%, Valid: 72.95%, Test In: 73.68% Test OOD1: 65.64% Test OOD2: 54.33% Test OOD3: 62.45% 
Epoch: 369, Loss: 3.1721, Cls: 1.2692, Ind: 0.0000, Med: 0.6351, Spu: 0.0000, FD: 0.6336, FDAug: 0.6341, Var: 0.0000, Ctx: 6, MixCtx: 3, Train: 80.04%, Valid: 73.65%, Test In: 74.40% Test OOD1: 67.26% Test OOD2: 54.58% Test OOD3: 63.54% 
Epoch: 370, Loss: 3.0777, Cls: 1.2311, Ind: 0.0000, Med: 0.6155, Spu: 0.0000, FD: 0.6157, FDAug: 0.6154, Var: 0.0000, Ctx: 6, MixCtx: 3, Train: 80.17%, Valid: 73.57%, Test In: 74.37% Test OOD1: 67.08% Test OOD2: 54.61% Test OOD3: 63.48% 
Epoch: 371, Loss: 3.0366, Cls: 1.2145, Ind: 0.0000, Med: 0.6072, Spu: 0.0000, FD: 0.6075, FDAug: 0.6074, Var: 0.0000, Ctx: 6, MixCtx: 3, Train: 79.68%, Valid: 72.67%, Test In: 73.61% Test OOD1: 65.54% Test OOD2: 54.25% Test OOD3: 62.56% 
Epoch: 372, Loss: 3.1788, Cls: 1.2719, Ind: 0.0000, Med: 0.6365, Spu: 0.0000, FD: 0.6349, FDAug: 0.6354, Var: 0.0000, Ctx: 6, MixCtx: 3, Train: 79.53%, Valid: 73.55%, Test In: 74.43% Test OOD1: 67.52% Test OOD2: 54.44% Test OOD3: 63.90% 
Epoch: 373, Loss: 3.2487, Cls: 1.2997, Ind: 0.0000, Med: 0.6498, Spu: 0.0000, FD: 0.6500, FDAug: 0.6491, Var: 0.0000, Ctx: 6, MixCtx: 3, Train: 80.01%, Valid: 73.16%, Test In: 74.02% Test OOD1: 66.31% Test OOD2: 54.45% Test OOD3: 62.89% 
Epoch: 374, Loss: 3.1821, Cls: 1.2730, Ind: 0.0000, Med: 0.6368, Spu: 0.0000, FD: 0.6360, FDAug: 0.6364, Var: 0.0000, Ctx: 6, MixCtx: 3, Train: 79.86%, Valid: 73.05%, Test In: 73.81% Test OOD1: 66.04% Test OOD2: 54.31% Test OOD3: 62.68% 
Epoch: 375, Loss: 3.2476, Cls: 1.2992, Ind: 0.0000, Med: 0.6499, Spu: 0.0000, FD: 0.6490, FDAug: 0.6494, Var: 0.0000, Ctx: 6, MixCtx: 3, Train: 80.02%, Valid: 73.57%, Test In: 74.37% Test OOD1: 67.46% Test OOD2: 54.52% Test OOD3: 63.61% 
Epoch: 376, Loss: 3.1082, Cls: 1.2431, Ind: 0.0000, Med: 0.6215, Spu: 0.0000, FD: 0.6218, FDAug: 0.6219, Var: 0.0000, Ctx: 6, MixCtx: 3, Train: 79.58%, Valid: 73.44%, Test In: 74.23% Test OOD1: 67.59% Test OOD2: 54.40% Test OOD3: 63.88% 
Epoch: 377, Loss: 3.1694, Cls: 1.2687, Ind: 0.0000, Med: 0.6349, Spu: 0.0000, FD: 0.6332, FDAug: 0.6325, Var: 0.0000, Ctx: 6, MixCtx: 3, Train: 78.82%, Valid: 72.31%, Test In: 73.34% Test OOD1: 65.67% Test OOD2: 53.88% Test OOD3: 62.73% 
Epoch: 378, Loss: 3.2673, Cls: 1.3068, Ind: 0.0000, Med: 0.6535, Spu: 0.0000, FD: 0.6532, FDAug: 0.6538, Var: 0.0000, Ctx: 6, MixCtx: 3, Train: 79.90%, Valid: 73.40%, Test In: 74.38% Test OOD1: 67.21% Test OOD2: 54.49% Test OOD3: 63.76% 
Epoch: 379, Loss: 3.0619, Cls: 1.2249, Ind: 0.0000, Med: 0.6125, Spu: 0.0000, FD: 0.6124, FDAug: 0.6122, Var: 0.0000, Ctx: 6, MixCtx: 3, Train: 79.98%, Valid: 73.52%, Test In: 74.60% Test OOD1: 67.38% Test OOD2: 54.59% Test OOD3: 63.86% 
Epoch: 380, Loss: 3.1030, Cls: 1.2410, Ind: 0.0000, Med: 0.6203, Spu: 0.0000, FD: 0.6210, FDAug: 0.6208, Var: 0.0000, Ctx: 6, MixCtx: 3, Train: 79.92%, Valid: 73.23%, Test In: 74.39% Test OOD1: 66.61% Test OOD2: 54.44% Test OOD3: 63.33% 
Epoch: 381, Loss: 3.0979, Cls: 1.2389, Ind: 0.0000, Med: 0.6194, Spu: 0.0000, FD: 0.6197, FDAug: 0.6199, Var: 0.0000, Ctx: 6, MixCtx: 3, Train: 80.00%, Valid: 73.39%, Test In: 74.51% Test OOD1: 66.77% Test OOD2: 54.43% Test OOD3: 63.38% 
Epoch: 382, Loss: 3.0962, Cls: 1.2383, Ind: 0.0000, Med: 0.6192, Spu: 0.0000, FD: 0.6192, FDAug: 0.6195, Var: 0.0000, Ctx: 6, MixCtx: 3, Train: 79.77%, Valid: 73.69%, Test In: 74.73% Test OOD1: 67.80% Test OOD2: 54.43% Test OOD3: 64.04% 
Epoch: 383, Loss: 3.0675, Cls: 1.2270, Ind: 0.0000, Med: 0.6135, Spu: 0.0000, FD: 0.6136, FDAug: 0.6134, Var: 0.0000, Ctx: 6, MixCtx: 3, Train: 79.78%, Valid: 73.72%, Test In: 74.68% Test OOD1: 67.76% Test OOD2: 54.40% Test OOD3: 63.99% 
Epoch: 384, Loss: 3.0573, Cls: 1.2228, Ind: 0.0000, Med: 0.6114, Spu: 0.0000, FD: 0.6116, FDAug: 0.6114, Var: 0.0000, Ctx: 6, MixCtx: 3, Train: 80.06%, Valid: 73.62%, Test In: 74.51% Test OOD1: 66.90% Test OOD2: 54.33% Test OOD3: 63.40% 
Epoch: 385, Loss: 3.1108, Cls: 1.2438, Ind: 0.0000, Med: 0.6217, Spu: 0.0000, FD: 0.6224, FDAug: 0.6228, Var: 0.0000, Ctx: 6, MixCtx: 3, Train: 80.12%, Valid: 73.81%, Test In: 74.70% Test OOD1: 67.51% Test OOD2: 54.52% Test OOD3: 63.80% 
Epoch: 386, Loss: 3.0317, Cls: 1.2124, Ind: 0.0000, Med: 0.6061, Spu: 0.0000, FD: 0.6066, FDAug: 0.6065, Var: 0.0000, Ctx: 6, MixCtx: 3, Train: 80.03%, Valid: 73.86%, Test In: 74.73% Test OOD1: 67.52% Test OOD2: 54.62% Test OOD3: 63.82% 
Epoch: 387, Loss: 3.0788, Cls: 1.2312, Ind: 0.0000, Med: 0.6154, Spu: 0.0000, FD: 0.6161, FDAug: 0.6160, Var: 0.0000, Ctx: 6, MixCtx: 3, Train: 80.33%, Valid: 73.56%, Test In: 74.49% Test OOD1: 66.67% Test OOD2: 54.59% Test OOD3: 63.25% 
Epoch: 388, Loss: 3.0490, Cls: 1.2193, Ind: 0.0000, Med: 0.6096, Spu: 0.0000, FD: 0.6100, FDAug: 0.6101, Var: 0.0000, Ctx: 6, MixCtx: 3, Train: 80.27%, Valid: 73.39%, Test In: 74.33% Test OOD1: 66.26% Test OOD2: 54.53% Test OOD3: 63.03% 
Epoch: 389, Loss: 3.0566, Cls: 1.2225, Ind: 0.0000, Med: 0.6113, Spu: 0.0000, FD: 0.6113, FDAug: 0.6115, Var: 0.0000, Ctx: 6, MixCtx: 3, Train: 80.15%, Valid: 73.73%, Test In: 74.61% Test OOD1: 67.08% Test OOD2: 54.66% Test OOD3: 63.61% 
Epoch: 390, Loss: 3.0551, Cls: 1.2219, Ind: 0.0000, Med: 0.6109, Spu: 0.0000, FD: 0.6113, FDAug: 0.6111, Var: 0.0000, Ctx: 6, MixCtx: 3, Train: 80.29%, Valid: 73.59%, Test In: 74.54% Test OOD1: 66.85% Test OOD2: 54.61% Test OOD3: 63.38% 
Epoch: 391, Loss: 3.0172, Cls: 1.2067, Ind: 0.0000, Med: 0.6033, Spu: 0.0000, FD: 0.6036, FDAug: 0.6036, Var: 0.0000, Ctx: 6, MixCtx: 3, Train: 80.34%, Valid: 73.42%, Test In: 74.38% Test OOD1: 66.47% Test OOD2: 54.52% Test OOD3: 63.05% 
Epoch: 392, Loss: 3.0439, Cls: 1.2172, Ind: 0.0000, Med: 0.6085, Spu: 0.0000, FD: 0.6090, FDAug: 0.6092, Var: 0.0000, Ctx: 6, MixCtx: 3, Train: 80.30%, Valid: 73.60%, Test In: 74.56% Test OOD1: 67.17% Test OOD2: 54.65% Test OOD3: 63.46% 
Epoch: 393, Loss: 3.0237, Cls: 1.2094, Ind: 0.0000, Med: 0.6047, Spu: 0.0000, FD: 0.6048, FDAug: 0.6047, Var: 0.0000, Ctx: 6, MixCtx: 3, Train: 80.36%, Valid: 73.59%, Test In: 74.52% Test OOD1: 67.07% Test OOD2: 54.65% Test OOD3: 63.38% 
Epoch: 394, Loss: 3.0221, Cls: 1.2087, Ind: 0.0000, Med: 0.6043, Spu: 0.0000, FD: 0.6046, FDAug: 0.6045, Var: 0.0000, Ctx: 6, MixCtx: 3, Train: 80.43%, Valid: 73.31%, Test In: 74.19% Test OOD1: 66.16% Test OOD2: 54.51% Test OOD3: 62.81% 
Epoch: 395, Loss: 3.0288, Cls: 1.2115, Ind: 0.0000, Med: 0.6058, Spu: 0.0000, FD: 0.6056, FDAug: 0.6058, Var: 0.0000, Ctx: 6, MixCtx: 3, Train: 80.46%, Valid: 73.45%, Test In: 74.27% Test OOD1: 66.40% Test OOD2: 54.59% Test OOD3: 63.02% 
Epoch: 396, Loss: 3.0038, Cls: 1.2013, Ind: 0.0000, Med: 0.6006, Spu: 0.0000, FD: 0.6010, FDAug: 0.6010, Var: 0.0000, Ctx: 6, MixCtx: 3, Train: 80.45%, Valid: 73.55%, Test In: 74.25% Test OOD1: 66.56% Test OOD2: 54.60% Test OOD3: 63.14% 
Epoch: 397, Loss: 3.0195, Cls: 1.2074, Ind: 0.0000, Med: 0.6034, Spu: 0.0000, FD: 0.6045, FDAug: 0.6043, Var: 0.0000, Ctx: 6, MixCtx: 3, Train: 80.51%, Valid: 73.18%, Test In: 73.90% Test OOD1: 65.93% Test OOD2: 54.46% Test OOD3: 62.66% 
Epoch: 398, Loss: 3.0245, Cls: 1.2099, Ind: 0.0000, Med: 0.6052, Spu: 0.0000, FD: 0.6046, FDAug: 0.6048, Var: 0.0000, Ctx: 6, MixCtx: 3, Train: 80.60%, Valid: 73.48%, Test In: 74.11% Test OOD1: 66.67% Test OOD2: 54.59% Test OOD3: 63.09% 
Epoch: 399, Loss: 3.0017, Cls: 1.2005, Ind: 0.0000, Med: 0.6002, Spu: 0.0000, FD: 0.6004, FDAug: 0.6005, Var: 0.0000, Ctx: 6, MixCtx: 3, Train: 80.57%, Valid: 73.52%, Test In: 74.15% Test OOD1: 66.84% Test OOD2: 54.55% Test OOD3: 63.22% 
Epoch: 400, Loss: 3.0043, Cls: 1.2016, Ind: 0.0000, Med: 0.6007, Spu: 0.0000, FD: 0.6011, FDAug: 0.6009, Var: 0.0000, Ctx: 6, MixCtx: 3, Train: 80.64%, Valid: 73.23%, Test In: 73.99% Test OOD1: 66.24% Test OOD2: 54.41% Test OOD3: 62.84% 
Epoch: 401, Loss: 3.0212, Cls: 1.2083, Ind: 0.0000, Med: 0.6042, Spu: 0.0000, FD: 0.6043, FDAug: 0.6045, Var: 0.0000, Ctx: 6, MixCtx: 3, Train: 80.61%, Valid: 73.48%, Test In: 74.12% Test OOD1: 66.70% Test OOD2: 54.51% Test OOD3: 63.19% 
Epoch: 402, Loss: 3.0078, Cls: 1.2029, Ind: 0.0000, Med: 0.6013, Spu: 0.0000, FD: 0.6019, FDAug: 0.6017, Var: 0.0000, Ctx: 6, MixCtx: 3, Train: 80.74%, Valid: 73.25%, Test In: 73.88% Test OOD1: 66.20% Test OOD2: 54.49% Test OOD3: 62.81% 
Epoch: 403, Loss: 2.9912, Cls: 1.1965, Ind: 0.0000, Med: 0.5984, Spu: 0.0000, FD: 0.5982, FDAug: 0.5982, Var: 0.0000, Ctx: 6, MixCtx: 3, Train: 80.77%, Valid: 73.20%, Test In: 73.78% Test OOD1: 66.08% Test OOD2: 54.45% Test OOD3: 62.72% 
Epoch: 404, Loss: 2.9900, Cls: 1.1960, Ind: 0.0000, Med: 0.5981, Spu: 0.0000, FD: 0.5979, FDAug: 0.5980, Var: 0.0000, Ctx: 6, MixCtx: 3, Train: 80.75%, Valid: 73.43%, Test In: 73.91% Test OOD1: 66.43% Test OOD2: 54.46% Test OOD3: 62.98% 
Epoch: 405, Loss: 2.9973, Cls: 1.1987, Ind: 0.0000, Med: 0.5993, Spu: 0.0000, FD: 0.5998, FDAug: 0.5996, Var: 0.0000, Ctx: 6, MixCtx: 3, Train: 80.77%, Valid: 73.09%, Test In: 73.78% Test OOD1: 66.00% Test OOD2: 54.30% Test OOD3: 62.69% 
Epoch: 406, Loss: 3.0036, Cls: 1.2013, Ind: 0.0000, Med: 0.6007, Spu: 0.0000, FD: 0.6007, FDAug: 0.6008, Var: 0.0000, Ctx: 6, MixCtx: 3, Train: 80.79%, Valid: 73.42%, Test In: 73.98% Test OOD1: 66.59% Test OOD2: 54.45% Test OOD3: 63.06% 
Epoch: 407, Loss: 2.9935, Cls: 1.1972, Ind: 0.0000, Med: 0.5986, Spu: 0.0000, FD: 0.5989, FDAug: 0.5988, Var: 0.0000, Ctx: 6, MixCtx: 3, Train: 80.90%, Valid: 73.21%, Test In: 73.90% Test OOD1: 66.28% Test OOD2: 54.41% Test OOD3: 62.80% 
Epoch: 408, Loss: 2.9819, Cls: 1.1927, Ind: 0.0000, Med: 0.5965, Spu: 0.0000, FD: 0.5963, FDAug: 0.5964, Var: 0.0000, Ctx: 6, MixCtx: 3, Train: 80.92%, Valid: 73.19%, Test In: 73.90% Test OOD1: 66.17% Test OOD2: 54.42% Test OOD3: 62.76% 
Epoch: 409, Loss: 2.9764, Cls: 1.1905, Ind: 0.0000, Med: 0.5953, Spu: 0.0000, FD: 0.5953, FDAug: 0.5953, Var: 0.0000, Ctx: 6, MixCtx: 3, Train: 80.89%, Valid: 73.38%, Test In: 73.97% Test OOD1: 66.31% Test OOD2: 54.43% Test OOD3: 62.90% 
Epoch: 410, Loss: 2.9880, Cls: 1.1949, Ind: 0.0000, Med: 0.5973, Spu: 0.0000, FD: 0.5980, FDAug: 0.5978, Var: 0.0000, Ctx: 6, MixCtx: 3, Train: 80.89%, Valid: 72.91%, Test In: 73.61% Test OOD1: 65.63% Test OOD2: 54.21% Test OOD3: 62.36% 
Epoch: 411, Loss: 3.0042, Cls: 1.2016, Ind: 0.0000, Med: 0.6009, Spu: 0.0000, FD: 0.6007, FDAug: 0.6009, Var: 0.0000, Ctx: 6, MixCtx: 3, Train: 80.87%, Valid: 73.41%, Test In: 73.76% Test OOD1: 66.33% Test OOD2: 54.42% Test OOD3: 62.77% 
Epoch: 412, Loss: 3.0198, Cls: 1.2079, Ind: 0.0000, Med: 0.6040, Spu: 0.0000, FD: 0.6040, FDAug: 0.6038, Var: 0.0000, Ctx: 6, MixCtx: 3, Train: 81.00%, Valid: 72.96%, Test In: 73.74% Test OOD1: 65.89% Test OOD2: 54.24% Test OOD3: 62.50% 
Epoch: 413, Loss: 3.0023, Cls: 1.2009, Ind: 0.0000, Med: 0.6006, Spu: 0.0000, FD: 0.6003, FDAug: 0.6005, Var: 0.0000, Ctx: 6, MixCtx: 3, Train: 80.97%, Valid: 73.29%, Test In: 74.03% Test OOD1: 66.51% Test OOD2: 54.44% Test OOD3: 63.02% 
Epoch: 414, Loss: 2.9752, Cls: 1.1898, Ind: 0.0000, Med: 0.5949, Spu: 0.0000, FD: 0.5953, FDAug: 0.5952, Var: 0.0000, Ctx: 6, MixCtx: 3, Train: 81.05%, Valid: 73.15%, Test In: 73.92% Test OOD1: 66.25% Test OOD2: 54.41% Test OOD3: 62.86% 
Epoch: 415, Loss: 2.9649, Cls: 1.1858, Ind: 0.0000, Med: 0.5929, Spu: 0.0000, FD: 0.5931, FDAug: 0.5931, Var: 0.0000, Ctx: 6, MixCtx: 3, Train: 81.11%, Valid: 72.95%, Test In: 73.65% Test OOD1: 65.81% Test OOD2: 54.26% Test OOD3: 62.47% 
Epoch: 416, Loss: 2.9731, Cls: 1.1893, Ind: 0.0000, Med: 0.5948, Spu: 0.0000, FD: 0.5944, FDAug: 0.5946, Var: 0.0000, Ctx: 6, MixCtx: 3, Train: 81.10%, Valid: 73.33%, Test In: 73.74% Test OOD1: 66.20% Test OOD2: 54.32% Test OOD3: 62.67% 
Epoch: 417, Loss: 2.9875, Cls: 1.1948, Ind: 0.0000, Med: 0.5974, Spu: 0.0000, FD: 0.5977, FDAug: 0.5976, Var: 0.0000, Ctx: 6, MixCtx: 3, Train: 81.15%, Valid: 72.91%, Test In: 73.60% Test OOD1: 65.65% Test OOD2: 54.11% Test OOD3: 62.28% 
Epoch: 418, Loss: 2.9888, Cls: 1.1955, Ind: 0.0000, Med: 0.5979, Spu: 0.0000, FD: 0.5976, FDAug: 0.5977, Var: 0.0000, Ctx: 6, MixCtx: 3, Train: 81.10%, Valid: 73.37%, Test In: 73.96% Test OOD1: 66.41% Test OOD2: 54.33% Test OOD3: 62.82% 
Epoch: 419, Loss: 2.9823, Cls: 1.1927, Ind: 0.0000, Med: 0.5963, Spu: 0.0000, FD: 0.5967, FDAug: 0.5966, Var: 0.0000, Ctx: 6, MixCtx: 3, Train: 81.24%, Valid: 72.90%, Test In: 73.73% Test OOD1: 65.85% Test OOD2: 54.22% Test OOD3: 62.35% 
Epoch: 420, Loss: 2.9797, Cls: 1.1918, Ind: 0.0000, Med: 0.5960, Spu: 0.0000, FD: 0.5958, FDAug: 0.5960, Var: 0.0000, Ctx: 6, MixCtx: 3, Train: 81.23%, Valid: 73.21%, Test In: 73.80% Test OOD1: 66.22% Test OOD2: 54.34% Test OOD3: 62.63% 
Epoch: 421, Loss: 2.9681, Cls: 1.1871, Ind: 0.0000, Med: 0.5935, Spu: 0.0000, FD: 0.5938, FDAug: 0.5937, Var: 0.0000, Ctx: 6, MixCtx: 3, Train: 81.32%, Valid: 72.93%, Test In: 73.60% Test OOD1: 65.75% Test OOD2: 54.21% Test OOD3: 62.32% 
Epoch: 422, Loss: 2.9553, Cls: 1.1821, Ind: 0.0000, Med: 0.5912, Spu: 0.0000, FD: 0.5910, FDAug: 0.5910, Var: 0.0000, Ctx: 6, MixCtx: 3, Train: 81.34%, Valid: 73.17%, Test In: 73.70% Test OOD1: 65.99% Test OOD2: 54.23% Test OOD3: 62.47% 
Epoch: 423, Loss: 2.9480, Cls: 1.1790, Ind: 0.0000, Med: 0.5895, Spu: 0.0000, FD: 0.5898, FDAug: 0.5897, Var: 0.0000, Ctx: 6, MixCtx: 3, Train: 81.42%, Valid: 73.07%, Test In: 73.64% Test OOD1: 65.85% Test OOD2: 54.18% Test OOD3: 62.29% 
Epoch: 424, Loss: 2.9428, Cls: 1.1770, Ind: 0.0000, Med: 0.5886, Spu: 0.0000, FD: 0.5886, FDAug: 0.5886, Var: 0.0000, Ctx: 6, MixCtx: 3, Train: 81.45%, Valid: 73.06%, Test In: 73.66% Test OOD1: 65.80% Test OOD2: 54.20% Test OOD3: 62.23% 
Epoch: 425, Loss: 2.9406, Cls: 1.1761, Ind: 0.0000, Med: 0.5881, Spu: 0.0000, FD: 0.5882, FDAug: 0.5882, Var: 0.0000, Ctx: 6, MixCtx: 3, Train: 81.46%, Valid: 73.06%, Test In: 73.67% Test OOD1: 65.75% Test OOD2: 54.24% Test OOD3: 62.24% 
Epoch: 426, Loss: 2.9387, Cls: 1.1752, Ind: 0.0000, Med: 0.5876, Spu: 0.0000, FD: 0.5879, FDAug: 0.5879, Var: 0.0000, Ctx: 6, MixCtx: 3, Train: 81.51%, Valid: 72.89%, Test In: 73.53% Test OOD1: 65.48% Test OOD2: 54.16% Test OOD3: 62.04% 
Epoch: 427, Loss: 2.9388, Cls: 1.1754, Ind: 0.0000, Med: 0.5878, Spu: 0.0000, FD: 0.5878, FDAug: 0.5878, Var: 0.0000, Ctx: 6, MixCtx: 3, Train: 81.44%, Valid: 73.14%, Test In: 73.47% Test OOD1: 65.79% Test OOD2: 54.24% Test OOD3: 62.19% 
Epoch: 428, Loss: 2.9561, Cls: 1.1822, Ind: 0.0000, Med: 0.5911, Spu: 0.0000, FD: 0.5914, FDAug: 0.5913, Var: 0.0000, Ctx: 6, MixCtx: 3, Train: 81.30%, Valid: 72.32%, Test In: 73.08% Test OOD1: 64.81% Test OOD2: 53.92% Test OOD3: 61.50% 
Epoch: 429, Loss: 3.0469, Cls: 1.2190, Ind: 0.0000, Med: 0.6098, Spu: 0.0000, FD: 0.6091, FDAug: 0.6090, Var: 0.0000, Ctx: 6, MixCtx: 3, Train: 79.45%, Valid: 72.79%, Test In: 73.14% Test OOD1: 65.97% Test OOD2: 53.92% Test OOD3: 62.52% 
Epoch: 430, Loss: 3.7876, Cls: 1.5209, Ind: 0.0000, Med: 0.7644, Spu: 0.0000, FD: 0.7517, FDAug: 0.7506, Var: 0.0000, Ctx: 6, MixCtx: 3, Train: 75.84%, Valid: 68.35%, Test In: 69.22% Test OOD1: 60.09% Test OOD2: 52.71% Test OOD3: 58.84% 
Epoch: 431, Loss: 4.0879, Cls: 1.6388, Ind: 0.0000, Med: 0.8220, Spu: 0.0000, FD: 0.8137, FDAug: 0.8133, Var: 0.0000, Ctx: 6, MixCtx: 3, Train: 76.75%, Valid: 69.75%, Test In: 69.63% Test OOD1: 62.42% Test OOD2: 53.19% Test OOD3: 60.52% 
Epoch: 432, Loss: 3.6335, Cls: 1.4575, Ind: 0.0001, Med: 0.7318, Spu: 0.0000, FD: 0.7223, FDAug: 0.7219, Var: 0.0000, Ctx: 6, MixCtx: 3, Train: 76.85%, Valid: 70.86%, Test In: 71.04% Test OOD1: 64.49% Test OOD2: 53.72% Test OOD3: 62.56% 
Epoch: 433, Loss: 3.6672, Cls: 1.4651, Ind: 0.0000, Med: 0.7317, Spu: 0.0000, FD: 0.7354, FDAug: 0.7350, Var: 0.0000, Ctx: 6, MixCtx: 3, Train: 74.74%, Valid: 69.95%, Test In: 70.16% Test OOD1: 65.71% Test OOD2: 53.65% Test OOD3: 63.29% 
Epoch: 434, Loss: 3.7869, Cls: 1.5103, Ind: 0.0000, Med: 0.7524, Spu: 0.0000, FD: 0.7622, FDAug: 0.7619, Var: 0.0000, Ctx: 6, MixCtx: 3, Train: 72.64%, Valid: 68.61%, Test In: 68.64% Test OOD1: 65.62% Test OOD2: 53.45% Test OOD3: 63.10% 
Epoch: 435, Loss: 3.8052, Cls: 1.5190, Ind: 0.0000, Med: 0.7575, Spu: 0.0000, FD: 0.7644, FDAug: 0.7642, Var: 0.0000, Ctx: 6, MixCtx: 3, Train: 71.36%, Valid: 67.85%, Test In: 67.68% Test OOD1: 65.40% Test OOD2: 53.24% Test OOD3: 62.72% 
Epoch: 436, Loss: 3.7120, Cls: 1.4844, Ind: 0.0000, Med: 0.7419, Spu: 0.0000, FD: 0.7429, FDAug: 0.7428, Var: 0.0000, Ctx: 6, MixCtx: 3, Train: 70.64%, Valid: 67.37%, Test In: 67.04% Test OOD1: 65.27% Test OOD2: 53.02% Test OOD3: 62.38% 
Epoch: 437, Loss: 3.6338, Cls: 1.4533, Ind: 0.0000, Med: 0.7267, Spu: 0.0000, FD: 0.7269, FDAug: 0.7269, Var: 0.0000, Ctx: 6, MixCtx: 3, Train: 70.16%, Valid: 67.03%, Test In: 66.63% Test OOD1: 65.24% Test OOD2: 52.84% Test OOD3: 62.16% 
Epoch: 438, Loss: 3.6772, Cls: 1.4677, Ind: 0.0000, Med: 0.7321, Spu: 0.0000, FD: 0.7387, FDAug: 0.7386, Var: 0.0000, Ctx: 6, MixCtx: 3, Train: 69.73%, Valid: 66.70%, Test In: 66.37% Test OOD1: 65.26% Test OOD2: 52.73% Test OOD3: 61.99% 
Epoch: 439, Loss: 3.7471, Cls: 1.4931, Ind: 0.0000, Med: 0.7432, Spu: 0.0000, FD: 0.7555, FDAug: 0.7553, Var: 0.0000, Ctx: 6, MixCtx: 3, Train: 69.33%, Valid: 66.44%, Test In: 66.11% Test OOD1: 65.31% Test OOD2: 52.68% Test OOD3: 61.91% 
Epoch: 440, Loss: 3.7081, Cls: 1.4783, Ind: 0.0000, Med: 0.7363, Spu: 0.0000, FD: 0.7468, FDAug: 0.7467, Var: 0.0000, Ctx: 6, MixCtx: 3, Train: 69.03%, Valid: 66.25%, Test In: 65.92% Test OOD1: 65.36% Test OOD2: 52.62% Test OOD3: 61.87% 
Epoch: 441, Loss: 3.6318, Cls: 1.4503, Ind: 0.0000, Med: 0.7238, Spu: 0.0000, FD: 0.7288, FDAug: 0.7289, Var: 0.0000, Ctx: 6, MixCtx: 3, Train: 68.81%, Valid: 66.10%, Test In: 65.79% Test OOD1: 65.43% Test OOD2: 52.57% Test OOD3: 61.87% 
Epoch: 442, Loss: 3.6177, Cls: 1.4464, Ind: 0.0000, Med: 0.7229, Spu: 0.0000, FD: 0.7242, FDAug: 0.7242, Var: 0.0000, Ctx: 6, MixCtx: 3, Train: 68.78%, Valid: 66.06%, Test In: 65.80% Test OOD1: 65.55% Test OOD2: 52.53% Test OOD3: 61.93% 
Epoch: 443, Loss: 3.6484, Cls: 1.4590, Ind: 0.0000, Med: 0.7293, Spu: 0.0000, FD: 0.7300, FDAug: 0.7301, Var: 0.0000, Ctx: 6, MixCtx: 3, Train: 69.01%, Valid: 66.24%, Test In: 66.03% Test OOD1: 65.77% Test OOD2: 52.53% Test OOD3: 62.09% 
Epoch: 444, Loss: 3.6666, Cls: 1.4656, Ind: 0.0000, Med: 0.7322, Spu: 0.0000, FD: 0.7344, FDAug: 0.7344, Var: 0.0000, Ctx: 6, MixCtx: 3, Train: 69.55%, Valid: 66.64%, Test In: 66.54% Test OOD1: 66.13% Test OOD2: 52.57% Test OOD3: 62.41% 
Epoch: 445, Loss: 3.6469, Cls: 1.4568, Ind: 0.0000, Med: 0.7272, Spu: 0.0000, FD: 0.7314, FDAug: 0.7314, Var: 0.0000, Ctx: 6, MixCtx: 3, Train: 70.44%, Valid: 67.26%, Test In: 67.43% Test OOD1: 66.62% Test OOD2: 52.63% Test OOD3: 63.00% 
Epoch: 446, Loss: 3.6063, Cls: 1.4402, Ind: 0.0000, Med: 0.7188, Spu: 0.0000, FD: 0.7236, FDAug: 0.7237, Var: 0.0000, Ctx: 6, MixCtx: 3, Train: 71.65%, Valid: 68.12%, Test In: 68.58% Test OOD1: 67.10% Test OOD2: 52.74% Test OOD3: 63.75% 
Epoch: 447, Loss: 3.5807, Cls: 1.4307, Ind: 0.0000, Med: 0.7147, Spu: 0.0000, FD: 0.7176, FDAug: 0.7177, Var: 0.0000, Ctx: 6, MixCtx: 3, Train: 72.61%, Valid: 68.67%, Test In: 69.47% Test OOD1: 67.46% Test OOD2: 52.88% Test OOD3: 64.18% 
Epoch: 448, Loss: 3.5851, Cls: 1.4340, Ind: 0.0000, Med: 0.7175, Spu: 0.0000, FD: 0.7167, FDAug: 0.7168, Var: 0.0000, Ctx: 6, MixCtx: 3, Train: 72.69%, Valid: 68.77%, Test In: 69.61% Test OOD1: 67.52% Test OOD2: 52.89% Test OOD3: 64.21% 
Epoch: 449, Loss: 3.5794, Cls: 1.4323, Ind: 0.0000, Med: 0.7171, Spu: 0.0000, FD: 0.7150, FDAug: 0.7151, Var: 0.0000, Ctx: 6, MixCtx: 3, Train: 72.02%, Valid: 68.44%, Test In: 69.08% Test OOD1: 67.31% Test OOD2: 52.77% Test OOD3: 63.96% 
Epoch: 450, Loss: 3.5418, Cls: 1.4163, Ind: 0.0000, Med: 0.7083, Spu: 0.0000, FD: 0.7086, FDAug: 0.7086, Var: 0.0000, Ctx: 6, MixCtx: 3, Train: 71.17%, Valid: 67.88%, Test In: 68.36% Test OOD1: 67.02% Test OOD2: 52.68% Test OOD3: 63.59% 
Epoch: 451, Loss: 3.5186, Cls: 1.4064, Ind: 0.0000, Med: 0.7027, Spu: 0.0000, FD: 0.7048, FDAug: 0.7048, Var: 0.0000, Ctx: 6, MixCtx: 3, Train: 70.87%, Valid: 67.64%, Test In: 68.10% Test OOD1: 66.91% Test OOD2: 52.65% Test OOD3: 63.47% 
Epoch: 452, Loss: 3.5176, Cls: 1.4061, Ind: 0.0000, Med: 0.7026, Spu: 0.0000, FD: 0.7045, FDAug: 0.7044, Var: 0.0000, Ctx: 6, MixCtx: 3, Train: 71.42%, Valid: 68.05%, Test In: 68.66% Test OOD1: 67.18% Test OOD2: 52.71% Test OOD3: 63.76% 
Epoch: 453, Loss: 3.4886, Cls: 1.3945, Ind: 0.0000, Med: 0.6967, Spu: 0.0000, FD: 0.6987, FDAug: 0.6987, Var: 0.0000, Ctx: 6, MixCtx: 3, Train: 72.72%, Valid: 68.89%, Test In: 69.88% Test OOD1: 67.73% Test OOD2: 52.88% Test OOD3: 64.25% 
Epoch: 454, Loss: 3.4349, Cls: 1.3725, Ind: 0.0000, Med: 0.6855, Spu: 0.0000, FD: 0.6884, FDAug: 0.6884, Var: 0.0000, Ctx: 6, MixCtx: 3, Train: 73.83%, Valid: 69.46%, Test In: 71.00% Test OOD1: 67.87% Test OOD2: 53.17% Test OOD3: 64.43% 
Epoch: 455, Loss: 3.4235, Cls: 1.3679, Ind: 0.0000, Med: 0.6832, Spu: 0.0000, FD: 0.6861, FDAug: 0.6862, Var: 0.0000, Ctx: 6, MixCtx: 3, Train: 74.11%, Valid: 69.58%, Test In: 71.35% Test OOD1: 67.81% Test OOD2: 53.24% Test OOD3: 64.41% 
Epoch: 456, Loss: 3.4034, Cls: 1.3601, Ind: 0.0000, Med: 0.6796, Spu: 0.0000, FD: 0.6817, FDAug: 0.6818, Var: 0.0000, Ctx: 6, MixCtx: 3, Train: 73.93%, Valid: 69.52%, Test In: 71.19% Test OOD1: 67.91% Test OOD2: 53.19% Test OOD3: 64.39% 
Epoch: 457, Loss: 3.3546, Cls: 1.3413, Ind: 0.0000, Med: 0.6707, Spu: 0.0000, FD: 0.6712, FDAug: 0.6713, Var: 0.0000, Ctx: 6, MixCtx: 3, Train: 73.89%, Valid: 69.53%, Test In: 71.15% Test OOD1: 67.97% Test OOD2: 53.16% Test OOD3: 64.39% 
Epoch: 458, Loss: 3.3604, Cls: 1.3443, Ind: 0.0000, Med: 0.6725, Spu: 0.0000, FD: 0.6718, FDAug: 0.6717, Var: 0.0000, Ctx: 6, MixCtx: 3, Train: 74.40%, Valid: 69.79%, Test In: 71.77% Test OOD1: 67.74% Test OOD2: 53.33% Test OOD3: 64.36% 
Epoch: 459, Loss: 3.3196, Cls: 1.3278, Ind: 0.0000, Med: 0.6641, Spu: 0.0000, FD: 0.6639, FDAug: 0.6639, Var: 0.0000, Ctx: 6, MixCtx: 3, Train: 74.61%, Valid: 69.68%, Test In: 72.07% Test OOD1: 67.03% Test OOD2: 53.47% Test OOD3: 64.12% 
Epoch: 460, Loss: 3.3434, Cls: 1.3374, Ind: 0.0000, Med: 0.6689, Spu: 0.0000, FD: 0.6685, FDAug: 0.6685, Var: 0.0000, Ctx: 6, MixCtx: 3, Train: 74.77%, Valid: 69.97%, Test In: 72.21% Test OOD1: 67.34% Test OOD2: 53.52% Test OOD3: 64.22% 
Epoch: 461, Loss: 3.3112, Cls: 1.3248, Ind: 0.0000, Med: 0.6627, Spu: 0.0000, FD: 0.6618, FDAug: 0.6618, Var: 0.0000, Ctx: 6, MixCtx: 3, Train: 74.91%, Valid: 70.26%, Test In: 72.29% Test OOD1: 67.68% Test OOD2: 53.50% Test OOD3: 64.33% 
Epoch: 462, Loss: 3.3340, Cls: 1.3344, Ind: 0.0000, Med: 0.6677, Spu: 0.0000, FD: 0.6660, FDAug: 0.6659, Var: 0.0000, Ctx: 6, MixCtx: 3, Train: 75.19%, Valid: 70.41%, Test In: 72.63% Test OOD1: 67.06% Test OOD2: 53.69% Test OOD3: 64.15% 
Epoch: 463, Loss: 3.2962, Cls: 1.3189, Ind: 0.0000, Med: 0.6598, Spu: 0.0000, FD: 0.6588, FDAug: 0.6587, Var: 0.0000, Ctx: 6, MixCtx: 3, Train: 75.43%, Valid: 70.67%, Test In: 72.86% Test OOD1: 66.93% Test OOD2: 53.74% Test OOD3: 64.10% 
Epoch: 464, Loss: 3.2928, Cls: 1.3173, Ind: 0.0000, Med: 0.6588, Spu: 0.0000, FD: 0.6583, FDAug: 0.6584, Var: 0.0000, Ctx: 6, MixCtx: 3, Train: 75.62%, Valid: 71.12%, Test In: 72.93% Test OOD1: 67.75% Test OOD2: 53.73% Test OOD3: 64.38% 
Epoch: 465, Loss: 3.2661, Cls: 1.3068, Ind: 0.0000, Med: 0.6537, Spu: 0.0000, FD: 0.6528, FDAug: 0.6528, Var: 0.0000, Ctx: 6, MixCtx: 3, Train: 75.74%, Valid: 71.31%, Test In: 72.98% Test OOD1: 67.90% Test OOD2: 53.75% Test OOD3: 64.46% 
Epoch: 466, Loss: 3.2632, Cls: 1.3055, Ind: 0.0000, Med: 0.6530, Spu: 0.0000, FD: 0.6523, FDAug: 0.6523, Var: 0.0000, Ctx: 6, MixCtx: 3, Train: 76.08%, Valid: 71.58%, Test In: 73.31% Test OOD1: 67.60% Test OOD2: 53.92% Test OOD3: 64.44% 
Epoch: 467, Loss: 3.2510, Cls: 1.3002, Ind: 0.0000, Med: 0.6501, Spu: 0.0000, FD: 0.6503, FDAug: 0.6503, Var: 0.0000, Ctx: 6, MixCtx: 3, Train: 76.30%, Valid: 71.75%, Test In: 73.49% Test OOD1: 67.40% Test OOD2: 54.01% Test OOD3: 64.40% 
Epoch: 468, Loss: 3.2547, Cls: 1.3017, Ind: 0.0000, Med: 0.6508, Spu: 0.0000, FD: 0.6511, FDAug: 0.6511, Var: 0.0000, Ctx: 6, MixCtx: 3, Train: 76.35%, Valid: 71.84%, Test In: 73.48% Test OOD1: 67.62% Test OOD2: 53.96% Test OOD3: 64.44% 
Epoch: 469, Loss: 3.2402, Cls: 1.2960, Ind: 0.0000, Med: 0.6480, Spu: 0.0000, FD: 0.6481, FDAug: 0.6481, Var: 0.0000, Ctx: 6, MixCtx: 3, Train: 76.42%, Valid: 71.92%, Test In: 73.50% Test OOD1: 67.70% Test OOD2: 53.96% Test OOD3: 64.43% 
Epoch: 470, Loss: 3.2428, Cls: 1.2971, Ind: 0.0000, Med: 0.6487, Spu: 0.0000, FD: 0.6485, FDAug: 0.6485, Var: 0.0000, Ctx: 6, MixCtx: 3, Train: 76.66%, Valid: 72.06%, Test In: 73.79% Test OOD1: 67.35% Test OOD2: 54.11% Test OOD3: 64.35% 
Epoch: 471, Loss: 3.2298, Cls: 1.2920, Ind: 0.0000, Med: 0.6461, Spu: 0.0000, FD: 0.6458, FDAug: 0.6458, Var: 0.0000, Ctx: 6, MixCtx: 3, Train: 76.81%, Valid: 72.15%, Test In: 74.02% Test OOD1: 66.81% Test OOD2: 54.24% Test OOD3: 64.22% 
Epoch: 472, Loss: 3.2307, Cls: 1.2924, Ind: 0.0000, Med: 0.6464, Spu: 0.0000, FD: 0.6459, FDAug: 0.6459, Var: 0.0000, Ctx: 6, MixCtx: 3, Train: 76.90%, Valid: 72.22%, Test In: 74.11% Test OOD1: 66.83% Test OOD2: 54.25% Test OOD3: 64.22% 
Epoch: 473, Loss: 3.2204, Cls: 1.2883, Ind: 0.0000, Med: 0.6444, Spu: 0.0000, FD: 0.6438, FDAug: 0.6438, Var: 0.0000, Ctx: 6, MixCtx: 3, Train: 76.95%, Valid: 72.28%, Test In: 74.13% Test OOD1: 67.10% Test OOD2: 54.24% Test OOD3: 64.29% 
Epoch: 474, Loss: 3.2183, Cls: 1.2874, Ind: 0.0000, Med: 0.6439, Spu: 0.0000, FD: 0.6435, FDAug: 0.6435, Var: 0.0000, Ctx: 6, MixCtx: 3, Train: 77.05%, Valid: 72.34%, Test In: 74.25% Test OOD1: 66.93% Test OOD2: 54.28% Test OOD3: 64.24% 
Epoch: 475, Loss: 3.2083, Cls: 1.2834, Ind: 0.0000, Med: 0.6418, Spu: 0.0000, FD: 0.6416, FDAug: 0.6415, Var: 0.0000, Ctx: 6, MixCtx: 3, Train: 77.14%, Valid: 72.37%, Test In: 74.37% Test OOD1: 66.57% Test OOD2: 54.32% Test OOD3: 64.13% 
Epoch: 476, Loss: 3.2056, Cls: 1.2823, Ind: 0.0000, Med: 0.6413, Spu: 0.0000, FD: 0.6410, FDAug: 0.6410, Var: 0.0000, Ctx: 6, MixCtx: 3, Train: 77.22%, Valid: 72.45%, Test In: 74.40% Test OOD1: 66.81% Test OOD2: 54.32% Test OOD3: 64.20% 
Epoch: 477, Loss: 3.1964, Cls: 1.2786, Ind: 0.0000, Med: 0.6394, Spu: 0.0000, FD: 0.6392, FDAug: 0.6392, Var: 0.0000, Ctx: 6, MixCtx: 3, Train: 77.27%, Valid: 72.51%, Test In: 74.40% Test OOD1: 67.20% Test OOD2: 54.30% Test OOD3: 64.31% 
Epoch: 478, Loss: 3.1965, Cls: 1.2785, Ind: 0.0000, Med: 0.6394, Spu: 0.0000, FD: 0.6393, FDAug: 0.6393, Var: 0.0000, Ctx: 6, MixCtx: 3, Train: 77.36%, Valid: 72.56%, Test In: 74.49% Test OOD1: 67.03% Test OOD2: 54.33% Test OOD3: 64.26% 
Epoch: 479, Loss: 3.1887, Cls: 1.2755, Ind: 0.0000, Med: 0.6380, Spu: 0.0000, FD: 0.6376, FDAug: 0.6376, Var: 0.0000, Ctx: 6, MixCtx: 3, Train: 77.45%, Valid: 72.61%, Test In: 74.57% Test OOD1: 66.85% Test OOD2: 54.35% Test OOD3: 64.21% 
Epoch: 480, Loss: 3.1895, Cls: 1.2759, Ind: 0.0000, Med: 0.6382, Spu: 0.0000, FD: 0.6376, FDAug: 0.6377, Var: 0.0000, Ctx: 6, MixCtx: 3, Train: 77.50%, Valid: 72.67%, Test In: 74.57% Test OOD1: 67.14% Test OOD2: 54.32% Test OOD3: 64.29% 
Epoch: 481, Loss: 3.1832, Cls: 1.2733, Ind: 0.0000, Med: 0.6368, Spu: 0.0000, FD: 0.6365, FDAug: 0.6365, Var: 0.0000, Ctx: 6, MixCtx: 3, Train: 77.55%, Valid: 72.72%, Test In: 74.61% Test OOD1: 67.24% Test OOD2: 54.30% Test OOD3: 64.32% 
Epoch: 482, Loss: 3.1824, Cls: 1.2729, Ind: 0.0000, Med: 0.6365, Spu: 0.0000, FD: 0.6365, FDAug: 0.6365, Var: 0.0000, Ctx: 6, MixCtx: 3, Train: 77.63%, Valid: 72.76%, Test In: 74.69% Test OOD1: 66.93% Test OOD2: 54.32% Test OOD3: 64.23% 
Epoch: 483, Loss: 3.1774, Cls: 1.2709, Ind: 0.0000, Med: 0.6356, Spu: 0.0000, FD: 0.6354, FDAug: 0.6355, Var: 0.0000, Ctx: 6, MixCtx: 3, Train: 77.68%, Valid: 72.81%, Test In: 74.73% Test OOD1: 66.89% Test OOD2: 54.32% Test OOD3: 64.22% 
Epoch: 484, Loss: 3.1744, Cls: 1.2696, Ind: 0.0000, Med: 0.6349, Spu: 0.0000, FD: 0.6349, FDAug: 0.6349, Var: 0.0000, Ctx: 6, MixCtx: 3, Train: 77.73%, Valid: 72.86%, Test In: 74.73% Test OOD1: 67.17% Test OOD2: 54.29% Test OOD3: 64.30% 
Epoch: 485, Loss: 3.1716, Cls: 1.2684, Ind: 0.0000, Med: 0.6341, Spu: 0.0000, FD: 0.6345, FDAug: 0.6345, Var: 0.0000, Ctx: 6, MixCtx: 3, Train: 77.79%, Valid: 72.91%, Test In: 74.77% Test OOD1: 67.12% Test OOD2: 54.31% Test OOD3: 64.28% 
Epoch: 486, Loss: 3.1675, Cls: 1.2668, Ind: 0.0000, Med: 0.6334, Spu: 0.0000, FD: 0.6336, FDAug: 0.6336, Var: 0.0000, Ctx: 6, MixCtx: 3, Train: 77.85%, Valid: 72.97%, Test In: 74.82% Test OOD1: 66.96% Test OOD2: 54.35% Test OOD3: 64.23% 
Epoch: 487, Loss: 3.1667, Cls: 1.2666, Ind: 0.0000, Med: 0.6335, Spu: 0.0000, FD: 0.6333, FDAug: 0.6333, Var: 0.0000, Ctx: 6, MixCtx: 3, Train: 77.90%, Valid: 73.03%, Test In: 74.82% Test OOD1: 67.18% Test OOD2: 54.34% Test OOD3: 64.28% 
Epoch: 488, Loss: 3.1627, Cls: 1.2651, Ind: 0.0000, Med: 0.6327, Spu: 0.0000, FD: 0.6325, FDAug: 0.6325, Var: 0.0000, Ctx: 6, MixCtx: 3, Train: 77.94%, Valid: 73.08%, Test In: 74.81% Test OOD1: 67.35% Test OOD2: 54.33% Test OOD3: 64.32% 
Epoch: 489, Loss: 3.1622, Cls: 1.2649, Ind: 0.0000, Med: 0.6326, Spu: 0.0000, FD: 0.6324, FDAug: 0.6323, Var: 0.0000, Ctx: 6, MixCtx: 3, Train: 78.00%, Valid: 73.13%, Test In: 74.84% Test OOD1: 67.23% Test OOD2: 54.36% Test OOD3: 64.27% 
Epoch: 490, Loss: 3.1585, Cls: 1.2634, Ind: 0.0000, Med: 0.6319, Spu: 0.0000, FD: 0.6316, FDAug: 0.6316, Var: 0.0000, Ctx: 6, MixCtx: 3, Train: 78.05%, Valid: 73.18%, Test In: 74.86% Test OOD1: 67.22% Test OOD2: 54.38% Test OOD3: 64.26% 
Epoch: 491, Loss: 3.1562, Cls: 1.2625, Ind: 0.0000, Med: 0.6314, Spu: 0.0000, FD: 0.6312, FDAug: 0.6312, Var: 0.0000, Ctx: 6, MixCtx: 3, Train: 78.09%, Valid: 73.21%, Test In: 74.85% Test OOD1: 67.39% Test OOD2: 54.36% Test OOD3: 64.30% 
Epoch: 492, Loss: 3.1531, Cls: 1.2612, Ind: 0.0000, Med: 0.6307, Spu: 0.0000, FD: 0.6306, FDAug: 0.6306, Var: 0.0000, Ctx: 6, MixCtx: 3, Train: 78.15%, Valid: 73.25%, Test In: 74.87% Test OOD1: 67.34% Test OOD2: 54.39% Test OOD3: 64.28% 
Epoch: 493, Loss: 3.1498, Cls: 1.2599, Ind: 0.0000, Med: 0.6300, Spu: 0.0000, FD: 0.6299, FDAug: 0.6299, Var: 0.0000, Ctx: 6, MixCtx: 3, Train: 78.20%, Valid: 73.28%, Test In: 74.90% Test OOD1: 67.16% Test OOD2: 54.42% Test OOD3: 64.22% 
Epoch: 494, Loss: 3.1479, Cls: 1.2591, Ind: 0.0000, Med: 0.6297, Spu: 0.0000, FD: 0.6295, FDAug: 0.6296, Var: 0.0000, Ctx: 6, MixCtx: 3, Train: 78.24%, Valid: 73.30%, Test In: 74.90% Test OOD1: 67.19% Test OOD2: 54.42% Test OOD3: 64.23% 
Epoch: 495, Loss: 3.1445, Cls: 1.2578, Ind: 0.0000, Med: 0.6290, Spu: 0.0000, FD: 0.6289, FDAug: 0.6289, Var: 0.0000, Ctx: 6, MixCtx: 3, Train: 78.27%, Valid: 73.32%, Test In: 74.91% Test OOD1: 67.25% Test OOD2: 54.41% Test OOD3: 64.24% 
Epoch: 496, Loss: 3.1432, Cls: 1.2572, Ind: 0.0000, Med: 0.6287, Spu: 0.0000, FD: 0.6287, FDAug: 0.6286, Var: 0.0000, Ctx: 6, MixCtx: 3, Train: 78.31%, Valid: 73.34%, Test In: 74.92% Test OOD1: 67.07% Test OOD2: 54.44% Test OOD3: 64.19% 
Epoch: 497, Loss: 3.1404, Cls: 1.2561, Ind: 0.0000, Med: 0.6281, Spu: 0.0000, FD: 0.6281, FDAug: 0.6281, Var: 0.0000, Ctx: 6, MixCtx: 3, Train: 78.35%, Valid: 73.36%, Test In: 74.93% Test OOD1: 67.03% Test OOD2: 54.44% Test OOD3: 64.17% 
Epoch: 498, Loss: 3.1385, Cls: 1.2554, Ind: 0.0000, Med: 0.6277, Spu: 0.0000, FD: 0.6277, FDAug: 0.6277, Var: 0.0000, Ctx: 6, MixCtx: 3, Train: 78.38%, Valid: 73.38%, Test In: 74.91% Test OOD1: 67.18% Test OOD2: 54.44% Test OOD3: 64.21% 
Epoch: 499, Loss: 3.1365, Cls: 1.2545, Ind: 0.0000, Med: 0.6272, Spu: 0.0000, FD: 0.6274, FDAug: 0.6274, Var: 0.0000, Ctx: 6, MixCtx: 3, Train: 78.43%, Valid: 73.40%, Test In: 74.90% Test OOD1: 67.12% Test OOD2: 54.46% Test OOD3: 64.19% 
Run 02:
Highest Train: 81.51
Highest Valid: 73.86
Highest In Test: 74.93
Highest OOD Test: 68.22
Highest OOD Test: 54.73
Highest OOD Test: 64.50
Chosen epoch: 387
Final Train: 80.03
Final In Test: 74.73
Final OOD Test: 67.52
Final OOD Test: 54.62
Final OOD Test: 63.82
All runs:
Highest Train: 81.95 ± 0.62
Highest Valid: 73.86 ± 0.00
Highest In Test: 74.86 ± 0.09
Highest OOD Test: 68.23 ± 0.02
Highest OOD Test: 54.88 ± 0.21
Highest OOD Test: 64.45 ± 0.07
  Final Train: 79.38 ± 0.93
   Final In  Test: 74.75 ± 0.02
   Final OOD Test: 67.20 ± 0.46
   Final OOD Test: 54.80 ± 0.27
   Final OOD Test: 63.89 ± 0.10
[INFO] TensorBoard writer closed.

Command: python main_frontdoor.py --dataset twitch --backbone_type gcn --store_result --epochs 500 --runs 2 --num_layers 2 --device 1 --seed 2024 --lr 0.01 --weight_decay 0.0001 --dropout 0.0 --hidden_channels 32 --K 3 --lambda_fd 0.5 --lambda_spu 0.1 --lambda_ind 0.05 --context_gate_temp 0.5 --fd_blend 0.3 --pos_weight 7.0 --result_name twitch_gcn_frontdoor_stage2_lr0.01_weight_decay0.0001_dropout0.0_hidden_channels32_K3_lambda_fd0.5_lambda_spu0.1_lambda_ind0.05_context_gate_temp0.5_fd_blend0.3_pos_weight7.0
Return code: 0
Elapsed: 235.34s
