Namespace(K=3, backbone_type='gcn', combine_result=False, context_gate_temp=1.0, cpu=False, data_dir='./data/', dataset='twitch', device=1, display_step=1, dropout=0.0, env_type='node', epochs=500, expert_agg='mean', fd_blend=0.5, gamma=0.99, gate_hidden=64, hidden_channels=32, infer_env=False, infer_env_components=64, infer_env_iters=30, infer_env_num=3, lambda_fd=0.5, lambda_fd_aug=0.5, lambda_ind=0.1, lambda_med=0.5, lambda_spu=0.1, lambda_var=0.05, lamda=1.0, lr=0.01, num_layers=2, other_env_reduce='sample', pos_weight=3.0, proto_aug_k=3, proto_mix_alpha=1.0, result_name='twitch_gcn_frontdoor_stage2_lr0.01_weight_decay0.0001_dropout0.0_hidden_channels32_K3_lambda_fd0.5_lambda_spu0.1_lambda_ind0.1_context_gate_temp1.0_fd_blend0.5_pos_weight3.0', runs=2, seed=2024, store_result=True, tau=1, use_bn=False, variant=False, weight_decay=0.0001)
dataset twitch: all nodes 34120 | edges 892346 | classes 2 | feats 128
train nodes 7897 | valid nodes 3949 | test in nodes 3949
test ood1 nodes 4648 test ood2 nodes 6551 test ood3 nodes 7126 
[INFO] env numbers: 6 train env numbers: 3
MODEL: GraphFrontDoor(
  (act_fn): ReLU()
  (input_proj): Linear(in_features=128, out_features=32, bias=True)
  (backbone_layers): ModuleList(
    (0): FrontDoorBackboneLayer()
    (1): FrontDoorBackboneLayer()
  )
  (causal_adapter): Linear(in_features=32, out_features=32, bias=True)
  (spurious_adapter): Linear(in_features=32, out_features=32, bias=True)
  (causal_norm): LayerNorm((32,), eps=1e-05, elementwise_affine=True)
  (spurious_norm): LayerNorm((32,), eps=1e-05, elementwise_affine=True)
  (classifier): Linear(in_features=32, out_features=2, bias=True)
  (spurious_classifier): Linear(in_features=32, out_features=2, bias=True)
  (fd_classifier): Linear(in_features=32, out_features=2, bias=True)
  (query_proj): Linear(in_features=32, out_features=32, bias=True)
  (key_proj): Linear(in_features=32, out_features=32, bias=True)
  (value_proj): Linear(in_features=32, out_features=32, bias=True)
  (aug_norm): LayerNorm((32,), eps=1e-05, elementwise_affine=True)
)
[INFO] TensorBoard logging activated. Logs will be saved to: ./runs/twitch/frontdoor/twitch_gcn_frontdoor_stage2_lr0.01_weight_decay0.0001_dropout0.0_hidden_channels32_K3_lambda_fd0.5_lambda_spu0.1_lambda_ind0.1_context_gate_temp1.0_fd_blend0.5_pos_weight3.0
Epoch: 00, Loss: 3.1516, Cls: 1.2266, Ind: 0.0013, Med: 0.5843, Spu: 0.0115, FD: 0.6643, FDAug: 0.6636, Var: 0.0000, Ctx: 6, MixCtx: 3, Train: 43.21%, Valid: 43.27%, Test In: 44.34% Test OOD1: 39.63% Test OOD2: 48.98% Test OOD3: 43.05% 
Epoch: 01, Loss: 2.8942, Cls: 1.1518, Ind: 0.0008, Med: 0.5705, Spu: 0.0033, FD: 0.5849, FDAug: 0.5830, Var: 0.0000, Ctx: 6, MixCtx: 3, Train: 43.60%, Valid: 43.30%, Test In: 44.58% Test OOD1: 39.67% Test OOD2: 49.10% Test OOD3: 43.03% 
Epoch: 02, Loss: 2.9135, Cls: 1.1575, Ind: 0.0003, Med: 0.5708, Spu: 0.0034, FD: 0.5911, FDAug: 0.5904, Var: 0.0000, Ctx: 6, MixCtx: 3, Train: 44.24%, Valid: 43.79%, Test In: 45.09% Test OOD1: 39.68% Test OOD2: 49.04% Test OOD3: 43.02% 
Epoch: 03, Loss: 2.8625, Cls: 1.1399, Ind: 0.0001, Med: 0.5661, Spu: 0.0002, FD: 0.5779, FDAug: 0.5783, Var: 0.0000, Ctx: 6, MixCtx: 3, Train: 45.85%, Valid: 45.98%, Test In: 47.15% Test OOD1: 40.36% Test OOD2: 49.08% Test OOD3: 43.46% 
Epoch: 04, Loss: 2.8232, Cls: 1.1262, Ind: 0.0000, Med: 0.5629, Spu: 0.0011, FD: 0.5663, FDAug: 0.5666, Var: 0.0000, Ctx: 6, MixCtx: 3, Train: 53.31%, Valid: 53.43%, Test In: 53.63% Test OOD1: 47.82% Test OOD2: 49.42% Test OOD3: 48.98% 
Epoch: 05, Loss: 2.8118, Cls: 1.1230, Ind: 0.0001, Med: 0.5628, Spu: 0.0012, FD: 0.5624, FDAug: 0.5623, Var: 0.0000, Ctx: 6, MixCtx: 3, Train: 57.29%, Valid: 57.58%, Test In: 56.95% Test OOD1: 58.73% Test OOD2: 51.14% Test OOD3: 54.46% 
Epoch: 06, Loss: 2.8151, Cls: 1.1256, Ind: 0.0002, Med: 0.5643, Spu: 0.0001, FD: 0.5625, FDAug: 0.5624, Var: 0.0000, Ctx: 6, MixCtx: 3, Train: 58.05%, Valid: 58.64%, Test In: 57.41% Test OOD1: 60.60% Test OOD2: 51.16% Test OOD3: 56.14% 
Epoch: 07, Loss: 2.8208, Cls: 1.1280, Ind: 0.0003, Med: 0.5644, Spu: 0.0002, FD: 0.5641, FDAug: 0.5639, Var: 0.0000, Ctx: 6, MixCtx: 3, Train: 57.95%, Valid: 58.54%, Test In: 57.20% Test OOD1: 60.61% Test OOD2: 51.15% Test OOD3: 56.34% 
Epoch: 08, Loss: 2.8219, Cls: 1.1277, Ind: 0.0003, Med: 0.5630, Spu: 0.0007, FD: 0.5652, FDAug: 0.5650, Var: 0.0000, Ctx: 6, MixCtx: 3, Train: 58.41%, Valid: 58.70%, Test In: 57.55% Test OOD1: 60.94% Test OOD2: 51.19% Test OOD3: 56.82% 
Epoch: 09, Loss: 2.8177, Cls: 1.1253, Ind: 0.0003, Med: 0.5614, Spu: 0.0005, FD: 0.5651, FDAug: 0.5650, Var: 0.0000, Ctx: 6, MixCtx: 3, Train: 58.83%, Valid: 58.93%, Test In: 57.85% Test OOD1: 61.21% Test OOD2: 51.25% Test OOD3: 57.18% 
Epoch: 10, Loss: 2.8113, Cls: 1.1225, Ind: 0.0002, Med: 0.5606, Spu: 0.0001, FD: 0.5639, FDAug: 0.5639, Var: 0.0000, Ctx: 6, MixCtx: 3, Train: 59.01%, Valid: 59.07%, Test In: 58.02% Test OOD1: 61.42% Test OOD2: 51.25% Test OOD3: 57.40% 
Epoch: 11, Loss: 2.8066, Cls: 1.1207, Ind: 0.0001, Med: 0.5609, Spu: 0.0001, FD: 0.5624, FDAug: 0.5624, Var: 0.0000, Ctx: 6, MixCtx: 3, Train: 59.10%, Valid: 59.11%, Test In: 58.09% Test OOD1: 61.49% Test OOD2: 51.26% Test OOD3: 57.52% 
Epoch: 12, Loss: 2.8042, Cls: 1.1202, Ind: 0.0001, Med: 0.5615, Spu: 0.0004, FD: 0.5610, FDAug: 0.5611, Var: 0.0000, Ctx: 6, MixCtx: 3, Train: 59.24%, Valid: 59.16%, Test In: 58.20% Test OOD1: 61.57% Test OOD2: 51.27% Test OOD3: 57.64% 
Epoch: 13, Loss: 2.8025, Cls: 1.1201, Ind: 0.0002, Med: 0.5613, Spu: 0.0005, FD: 0.5602, FDAug: 0.5602, Var: 0.0000, Ctx: 6, MixCtx: 3, Train: 59.39%, Valid: 59.23%, Test In: 58.33% Test OOD1: 61.65% Test OOD2: 51.27% Test OOD3: 57.76% 
Epoch: 14, Loss: 2.8005, Cls: 1.1197, Ind: 0.0005, Med: 0.5603, Spu: 0.0002, FD: 0.5599, FDAug: 0.5599, Var: 0.0000, Ctx: 6, MixCtx: 3, Train: 59.52%, Valid: 59.29%, Test In: 58.45% Test OOD1: 61.73% Test OOD2: 51.28% Test OOD3: 57.87% 
Epoch: 15, Loss: 2.7988, Cls: 1.1188, Ind: 0.0009, Med: 0.5593, Spu: 0.0000, FD: 0.5599, FDAug: 0.5599, Var: 0.0000, Ctx: 6, MixCtx: 3, Train: 59.64%, Valid: 59.34%, Test In: 58.55% Test OOD1: 61.79% Test OOD2: 51.28% Test OOD3: 57.97% 
Epoch: 16, Loss: 2.7973, Cls: 1.1178, Ind: 0.0009, Med: 0.5587, Spu: 0.0001, FD: 0.5599, FDAug: 0.5599, Var: 0.0000, Ctx: 6, MixCtx: 3, Train: 59.75%, Valid: 59.38%, Test In: 58.65% Test OOD1: 61.83% Test OOD2: 51.28% Test OOD3: 58.06% 
Epoch: 17, Loss: 2.7951, Cls: 1.1166, Ind: 0.0007, Med: 0.5585, Spu: 0.0002, FD: 0.5595, FDAug: 0.5595, Var: 0.0000, Ctx: 6, MixCtx: 3, Train: 59.90%, Valid: 59.47%, Test In: 58.79% Test OOD1: 61.90% Test OOD2: 51.29% Test OOD3: 58.17% 
Epoch: 18, Loss: 2.7914, Cls: 1.1153, Ind: 0.0003, Med: 0.5580, Spu: 0.0001, FD: 0.5588, FDAug: 0.5588, Var: 0.0000, Ctx: 6, MixCtx: 3, Train: 60.09%, Valid: 59.60%, Test In: 58.96% Test OOD1: 62.00% Test OOD2: 51.32% Test OOD3: 58.28% 
Epoch: 19, Loss: 2.7866, Cls: 1.1138, Ind: 0.0001, Med: 0.5568, Spu: 0.0000, FD: 0.5579, FDAug: 0.5579, Var: 0.0000, Ctx: 6, MixCtx: 3, Train: 60.29%, Valid: 59.71%, Test In: 59.14% Test OOD1: 62.09% Test OOD2: 51.34% Test OOD3: 58.40% 
Epoch: 20, Loss: 2.7817, Cls: 1.1120, Ind: 0.0001, Med: 0.5552, Spu: 0.0000, FD: 0.5572, FDAug: 0.5572, Var: 0.0000, Ctx: 6, MixCtx: 3, Train: 60.51%, Valid: 59.84%, Test In: 59.33% Test OOD1: 62.18% Test OOD2: 51.37% Test OOD3: 58.52% 
Epoch: 21, Loss: 2.7774, Cls: 1.1099, Ind: 0.0004, Med: 0.5539, Spu: 0.0001, FD: 0.5566, FDAug: 0.5566, Var: 0.0000, Ctx: 6, MixCtx: 3, Train: 60.75%, Valid: 59.98%, Test In: 59.55% Test OOD1: 62.27% Test OOD2: 51.39% Test OOD3: 58.65% 
Epoch: 22, Loss: 2.7732, Cls: 1.1077, Ind: 0.0006, Med: 0.5529, Spu: 0.0001, FD: 0.5560, FDAug: 0.5560, Var: 0.0000, Ctx: 6, MixCtx: 3, Train: 61.07%, Valid: 60.20%, Test In: 59.85% Test OOD1: 62.40% Test OOD2: 51.43% Test OOD3: 58.82% 
Epoch: 23, Loss: 2.7668, Cls: 1.1048, Ind: 0.0007, Med: 0.5513, Spu: 0.0000, FD: 0.5550, FDAug: 0.5550, Var: 0.0000, Ctx: 6, MixCtx: 3, Train: 61.50%, Valid: 60.47%, Test In: 60.24% Test OOD1: 62.57% Test OOD2: 51.50% Test OOD3: 59.04% 
Epoch: 24, Loss: 2.7584, Cls: 1.1015, Ind: 0.0006, Med: 0.5490, Spu: 0.0000, FD: 0.5536, FDAug: 0.5536, Var: 0.0000, Ctx: 6, MixCtx: 3, Train: 61.95%, Valid: 60.77%, Test In: 60.67% Test OOD1: 62.76% Test OOD2: 51.57% Test OOD3: 59.28% 
Epoch: 25, Loss: 2.7485, Cls: 1.0975, Ind: 0.0005, Med: 0.5468, Spu: 0.0001, FD: 0.5518, FDAug: 0.5518, Var: 0.0000, Ctx: 6, MixCtx: 3, Train: 62.45%, Valid: 61.10%, Test In: 61.12% Test OOD1: 62.95% Test OOD2: 51.63% Test OOD3: 59.52% 
Epoch: 26, Loss: 2.7375, Cls: 1.0929, Ind: 0.0003, Med: 0.5447, Spu: 0.0002, FD: 0.5496, FDAug: 0.5497, Var: 0.0000, Ctx: 6, MixCtx: 3, Train: 63.18%, Valid: 61.59%, Test In: 61.81% Test OOD1: 63.24% Test OOD2: 51.74% Test OOD3: 59.89% 
Epoch: 27, Loss: 2.7244, Cls: 1.0874, Ind: 0.0002, Med: 0.5421, Spu: 0.0002, FD: 0.5472, FDAug: 0.5472, Var: 0.0000, Ctx: 6, MixCtx: 3, Train: 64.07%, Valid: 62.20%, Test In: 62.65% Test OOD1: 63.58% Test OOD2: 51.88% Test OOD3: 60.32% 
Epoch: 28, Loss: 2.7084, Cls: 1.0808, Ind: 0.0001, Med: 0.5390, Spu: 0.0003, FD: 0.5441, FDAug: 0.5441, Var: 0.0000, Ctx: 6, MixCtx: 3, Train: 64.99%, Valid: 62.86%, Test In: 63.52% Test OOD1: 63.93% Test OOD2: 52.02% Test OOD3: 60.74% 
Epoch: 29, Loss: 2.6894, Cls: 1.0731, Ind: 0.0001, Med: 0.5353, Spu: 0.0002, FD: 0.5403, FDAug: 0.5403, Var: 0.0000, Ctx: 6, MixCtx: 3, Train: 66.37%, Valid: 63.81%, Test In: 64.84% Test OOD1: 64.45% Test OOD2: 52.24% Test OOD3: 61.33% 
Epoch: 30, Loss: 2.6701, Cls: 1.0653, Ind: 0.0001, Med: 0.5321, Spu: 0.0002, FD: 0.5362, FDAug: 0.5362, Var: 0.0000, Ctx: 6, MixCtx: 3, Train: 66.91%, Valid: 64.25%, Test In: 65.35% Test OOD1: 64.69% Test OOD2: 52.28% Test OOD3: 61.56% 
Epoch: 31, Loss: 2.6587, Cls: 1.0613, Ind: 0.0002, Med: 0.5309, Spu: 0.0001, FD: 0.5331, FDAug: 0.5331, Var: 0.0000, Ctx: 6, MixCtx: 3, Train: 68.31%, Valid: 65.19%, Test In: 66.68% Test OOD1: 65.16% Test OOD2: 52.52% Test OOD3: 62.04% 
Epoch: 32, Loss: 2.6371, Cls: 1.0527, Ind: 0.0002, Med: 0.5269, Spu: 0.0001, FD: 0.5286, FDAug: 0.5286, Var: 0.0000, Ctx: 6, MixCtx: 3, Train: 68.93%, Valid: 65.66%, Test In: 67.31% Test OOD1: 65.44% Test OOD2: 52.58% Test OOD3: 62.26% 
Epoch: 33, Loss: 2.6068, Cls: 1.0408, Ind: 0.0002, Med: 0.5204, Spu: 0.0000, FD: 0.5227, FDAug: 0.5227, Var: 0.0000, Ctx: 6, MixCtx: 3, Train: 69.74%, Valid: 66.27%, Test In: 68.10% Test OOD1: 65.73% Test OOD2: 52.68% Test OOD3: 62.53% 
Epoch: 34, Loss: 2.5914, Cls: 1.0350, Ind: 0.0002, Med: 0.5178, Spu: 0.0000, FD: 0.5192, FDAug: 0.5192, Var: 0.0000, Ctx: 6, MixCtx: 3, Train: 70.74%, Valid: 66.93%, Test In: 69.10% Test OOD1: 65.82% Test OOD2: 52.91% Test OOD3: 62.78% 
Epoch: 35, Loss: 2.5883, Cls: 1.0339, Ind: 0.0003, Med: 0.5171, Spu: 0.0001, FD: 0.5185, FDAug: 0.5185, Var: 0.0000, Ctx: 6, MixCtx: 3, Train: 71.02%, Valid: 67.22%, Test In: 69.38% Test OOD1: 66.04% Test OOD2: 52.89% Test OOD3: 62.89% 
Epoch: 36, Loss: 2.5685, Cls: 1.0266, Ind: 0.0001, Med: 0.5143, Spu: 0.0001, FD: 0.5137, FDAug: 0.5136, Var: 0.0000, Ctx: 6, MixCtx: 3, Train: 71.65%, Valid: 67.62%, Test In: 69.99% Test OOD1: 65.98% Test OOD2: 53.09% Test OOD3: 63.02% 
Epoch: 37, Loss: 2.5290, Cls: 1.0102, Ind: 0.0002, Med: 0.5043, Spu: 0.0002, FD: 0.5070, FDAug: 0.5071, Var: 0.0000, Ctx: 6, MixCtx: 3, Train: 72.12%, Valid: 67.94%, Test In: 70.47% Test OOD1: 65.85% Test OOD2: 53.25% Test OOD3: 63.10% 
Epoch: 38, Loss: 2.5234, Cls: 1.0080, Ind: 0.0002, Med: 0.5028, Spu: 0.0002, FD: 0.5061, FDAug: 0.5061, Var: 0.0000, Ctx: 6, MixCtx: 3, Train: 72.20%, Valid: 68.09%, Test In: 70.54% Test OOD1: 65.97% Test OOD2: 53.18% Test OOD3: 63.15% 
Epoch: 39, Loss: 2.5423, Cls: 1.0170, Ind: 0.0001, Med: 0.5111, Spu: 0.0002, FD: 0.5070, FDAug: 0.5069, Var: 0.0000, Ctx: 6, MixCtx: 3, Train: 72.53%, Valid: 68.20%, Test In: 71.13% Test OOD1: 65.08% Test OOD2: 53.44% Test OOD3: 63.00% 
Epoch: 40, Loss: 2.5239, Cls: 1.0083, Ind: 0.0002, Med: 0.5029, Spu: 0.0001, FD: 0.5062, FDAug: 0.5062, Var: 0.0000, Ctx: 6, MixCtx: 3, Train: 72.62%, Valid: 68.32%, Test In: 71.22% Test OOD1: 65.13% Test OOD2: 53.43% Test OOD3: 63.03% 
Epoch: 41, Loss: 2.4921, Cls: 0.9962, Ind: 0.0002, Med: 0.4980, Spu: 0.0001, FD: 0.4988, FDAug: 0.4988, Var: 0.0000, Ctx: 6, MixCtx: 3, Train: 72.72%, Valid: 68.49%, Test In: 71.24% Test OOD1: 65.51% Test OOD2: 53.36% Test OOD3: 63.12% 
Epoch: 42, Loss: 2.5278, Cls: 1.0115, Ind: 0.0001, Med: 0.5080, Spu: 0.0002, FD: 0.5040, FDAug: 0.5039, Var: 0.0000, Ctx: 6, MixCtx: 3, Train: 72.64%, Valid: 68.25%, Test In: 71.44% Test OOD1: 64.17% Test OOD2: 53.52% Test OOD3: 62.79% 
Epoch: 43, Loss: 2.5081, Cls: 1.0028, Ind: 0.0001, Med: 0.5011, Spu: 0.0001, FD: 0.5020, FDAug: 0.5020, Var: 0.0000, Ctx: 6, MixCtx: 3, Train: 72.74%, Valid: 68.38%, Test In: 71.56% Test OOD1: 64.24% Test OOD2: 53.54% Test OOD3: 62.83% 
Epoch: 44, Loss: 2.4941, Cls: 0.9974, Ind: 0.0001, Med: 0.4988, Spu: 0.0001, FD: 0.4989, FDAug: 0.4989, Var: 0.0000, Ctx: 6, MixCtx: 3, Train: 73.00%, Valid: 68.78%, Test In: 71.64% Test OOD1: 65.31% Test OOD2: 53.45% Test OOD3: 63.13% 
Epoch: 45, Loss: 2.5163, Cls: 1.0065, Ind: 0.0001, Med: 0.5038, Spu: 0.0001, FD: 0.5030, FDAug: 0.5029, Var: 0.0000, Ctx: 6, MixCtx: 3, Train: 73.00%, Valid: 68.71%, Test In: 71.80% Test OOD1: 64.58% Test OOD2: 53.55% Test OOD3: 62.94% 
Epoch: 46, Loss: 2.4785, Cls: 0.9912, Ind: 0.0001, Med: 0.4959, Spu: 0.0001, FD: 0.4956, FDAug: 0.4957, Var: 0.0000, Ctx: 6, MixCtx: 3, Train: 72.96%, Valid: 68.63%, Test In: 71.85% Test OOD1: 64.07% Test OOD2: 53.59% Test OOD3: 62.80% 
Epoch: 47, Loss: 2.4987, Cls: 0.9994, Ind: 0.0001, Med: 0.5005, Spu: 0.0001, FD: 0.4993, FDAug: 0.4993, Var: 0.0000, Ctx: 6, MixCtx: 3, Train: 73.26%, Valid: 69.10%, Test In: 71.98% Test OOD1: 65.18% Test OOD2: 53.52% Test OOD3: 63.13% 
Epoch: 48, Loss: 2.4769, Cls: 0.9903, Ind: 0.0001, Med: 0.4949, Spu: 0.0001, FD: 0.4958, FDAug: 0.4958, Var: 0.0000, Ctx: 6, MixCtx: 3, Train: 73.36%, Valid: 69.25%, Test In: 72.05% Test OOD1: 65.40% Test OOD2: 53.50% Test OOD3: 63.20% 
Epoch: 49, Loss: 2.4784, Cls: 0.9908, Ind: 0.0001, Med: 0.4948, Spu: 0.0000, FD: 0.4964, FDAug: 0.4963, Var: 0.0000, Ctx: 6, MixCtx: 3, Train: 73.36%, Valid: 69.16%, Test In: 72.22% Test OOD1: 64.58% Test OOD2: 53.60% Test OOD3: 62.98% 
Epoch: 50, Loss: 2.4809, Cls: 0.9924, Ind: 0.0001, Med: 0.4972, Spu: 0.0000, FD: 0.4956, FDAug: 0.4956, Var: 0.0000, Ctx: 6, MixCtx: 3, Train: 73.53%, Valid: 69.43%, Test In: 72.30% Test OOD1: 65.15% Test OOD2: 53.57% Test OOD3: 63.16% 
Epoch: 51, Loss: 2.4614, Cls: 0.9843, Ind: 0.0001, Med: 0.4925, Spu: 0.0000, FD: 0.4922, FDAug: 0.4922, Var: 0.0000, Ctx: 6, MixCtx: 3, Train: 73.62%, Valid: 69.63%, Test In: 72.22% Test OOD1: 65.93% Test OOD2: 53.46% Test OOD3: 63.38% 
Epoch: 52, Loss: 2.4778, Cls: 0.9904, Ind: 0.0001, Med: 0.4943, Spu: 0.0001, FD: 0.4965, FDAug: 0.4964, Var: 0.0000, Ctx: 6, MixCtx: 3, Train: 73.73%, Valid: 69.70%, Test In: 72.48% Test OOD1: 65.38% Test OOD2: 53.57% Test OOD3: 63.25% 
Epoch: 53, Loss: 2.4562, Cls: 0.9823, Ind: 0.0001, Med: 0.4916, Spu: 0.0001, FD: 0.4911, FDAug: 0.4911, Var: 0.0000, Ctx: 6, MixCtx: 3, Train: 73.82%, Valid: 69.80%, Test In: 72.60% Test OOD1: 65.32% Test OOD2: 53.60% Test OOD3: 63.24% 
Epoch: 54, Loss: 2.4607, Cls: 0.9842, Ind: 0.0001, Med: 0.4926, Spu: 0.0000, FD: 0.4919, FDAug: 0.4919, Var: 0.0000, Ctx: 6, MixCtx: 3, Train: 73.89%, Valid: 69.97%, Test In: 72.49% Test OOD1: 66.15% Test OOD2: 53.46% Test OOD3: 63.47% 
Epoch: 55, Loss: 2.4559, Cls: 0.9820, Ind: 0.0001, Med: 0.4909, Spu: 0.0000, FD: 0.4915, FDAug: 0.4914, Var: 0.0000, Ctx: 6, MixCtx: 3, Train: 74.00%, Valid: 70.09%, Test In: 72.64% Test OOD1: 66.08% Test OOD2: 53.49% Test OOD3: 63.47% 
Epoch: 56, Loss: 2.4452, Cls: 0.9779, Ind: 0.0001, Med: 0.4891, Spu: 0.0000, FD: 0.4891, FDAug: 0.4890, Var: 0.0000, Ctx: 6, MixCtx: 3, Train: 74.12%, Valid: 70.19%, Test In: 72.87% Test OOD1: 65.69% Test OOD2: 53.58% Test OOD3: 63.37% 
Epoch: 57, Loss: 2.4518, Cls: 0.9805, Ind: 0.0000, Med: 0.4905, Spu: 0.0000, FD: 0.4903, FDAug: 0.4903, Var: 0.0000, Ctx: 6, MixCtx: 3, Train: 74.19%, Valid: 70.32%, Test In: 72.82% Test OOD1: 66.24% Test OOD2: 53.48% Test OOD3: 63.53% 
Epoch: 58, Loss: 2.4379, Cls: 0.9750, Ind: 0.0000, Med: 0.4877, Spu: 0.0000, FD: 0.4875, FDAug: 0.4875, Var: 0.0000, Ctx: 6, MixCtx: 3, Train: 74.22%, Valid: 70.41%, Test In: 72.80% Test OOD1: 66.52% Test OOD2: 53.43% Test OOD3: 63.61% 
Epoch: 59, Loss: 2.4420, Cls: 0.9767, Ind: 0.0000, Med: 0.4884, Spu: 0.0000, FD: 0.4884, FDAug: 0.4884, Var: 0.0000, Ctx: 6, MixCtx: 3, Train: 74.41%, Valid: 70.57%, Test In: 73.14% Test OOD1: 66.03% Test OOD2: 53.55% Test OOD3: 63.49% 
Epoch: 60, Loss: 2.4388, Cls: 0.9754, Ind: 0.0000, Med: 0.4878, Spu: 0.0000, FD: 0.4877, FDAug: 0.4878, Var: 0.0000, Ctx: 6, MixCtx: 3, Train: 74.48%, Valid: 70.68%, Test In: 73.15% Test OOD1: 66.35% Test OOD2: 53.49% Test OOD3: 63.58% 
Epoch: 61, Loss: 2.4278, Cls: 0.9710, Ind: 0.0000, Med: 0.4856, Spu: 0.0000, FD: 0.4855, FDAug: 0.4856, Var: 0.0000, Ctx: 6, MixCtx: 3, Train: 74.49%, Valid: 70.75%, Test In: 73.08% Test OOD1: 66.76% Test OOD2: 53.41% Test OOD3: 63.68% 
Epoch: 62, Loss: 2.4345, Cls: 0.9737, Ind: 0.0000, Med: 0.4868, Spu: 0.0000, FD: 0.4870, FDAug: 0.4869, Var: 0.0000, Ctx: 6, MixCtx: 3, Train: 74.70%, Valid: 70.92%, Test In: 73.47% Test OOD1: 66.14% Test OOD2: 53.54% Test OOD3: 63.51% 
Epoch: 63, Loss: 2.4291, Cls: 0.9715, Ind: 0.0000, Med: 0.4859, Spu: 0.0000, FD: 0.4857, FDAug: 0.4858, Var: 0.0000, Ctx: 6, MixCtx: 3, Train: 74.77%, Valid: 71.05%, Test In: 73.47% Test OOD1: 66.51% Test OOD2: 53.48% Test OOD3: 63.60% 
Epoch: 64, Loss: 2.4170, Cls: 0.9667, Ind: 0.0000, Med: 0.4833, Spu: 0.0000, FD: 0.4834, FDAug: 0.4834, Var: 0.0000, Ctx: 6, MixCtx: 3, Train: 74.81%, Valid: 71.14%, Test In: 73.45% Test OOD1: 66.86% Test OOD2: 53.40% Test OOD3: 63.68% 
Epoch: 65, Loss: 2.4222, Cls: 0.9688, Ind: 0.0000, Med: 0.4843, Spu: 0.0000, FD: 0.4846, FDAug: 0.4845, Var: 0.0000, Ctx: 6, MixCtx: 3, Train: 74.97%, Valid: 71.28%, Test In: 73.81% Test OOD1: 65.94% Test OOD2: 53.57% Test OOD3: 63.43% 
Epoch: 66, Loss: 2.4264, Cls: 0.9705, Ind: 0.0001, Med: 0.4854, Spu: 0.0000, FD: 0.4851, FDAug: 0.4853, Var: 0.0000, Ctx: 6, MixCtx: 3, Train: 75.02%, Valid: 71.40%, Test In: 73.68% Test OOD1: 66.85% Test OOD2: 53.40% Test OOD3: 63.67% 
Epoch: 67, Loss: 2.4136, Cls: 0.9654, Ind: 0.0000, Med: 0.4826, Spu: 0.0000, FD: 0.4829, FDAug: 0.4828, Var: 0.0000, Ctx: 6, MixCtx: 3, Train: 75.15%, Valid: 71.53%, Test In: 73.88% Test OOD1: 66.57% Test OOD2: 53.45% Test OOD3: 63.59% 
Epoch: 68, Loss: 2.4048, Cls: 0.9618, Ind: 0.0000, Med: 0.4808, Spu: 0.0000, FD: 0.4810, FDAug: 0.4811, Var: 0.0000, Ctx: 6, MixCtx: 3, Train: 75.25%, Valid: 71.64%, Test In: 74.03% Test OOD1: 66.20% Test OOD2: 53.50% Test OOD3: 63.47% 
Epoch: 69, Loss: 2.4077, Cls: 0.9629, Ind: 0.0001, Med: 0.4815, Spu: 0.0000, FD: 0.4816, FDAug: 0.4817, Var: 0.0000, Ctx: 6, MixCtx: 3, Train: 75.25%, Valid: 71.70%, Test In: 73.87% Test OOD1: 67.10% Test OOD2: 53.31% Test OOD3: 63.72% 
Epoch: 70, Loss: 2.4150, Cls: 0.9660, Ind: 0.0000, Med: 0.4830, Spu: 0.0000, FD: 0.4831, FDAug: 0.4829, Var: 0.0000, Ctx: 6, MixCtx: 3, Train: 75.36%, Valid: 71.81%, Test In: 74.19% Test OOD1: 65.75% Test OOD2: 53.52% Test OOD3: 63.31% 
Epoch: 71, Loss: 2.4213, Cls: 0.9683, Ind: 0.0000, Med: 0.4842, Spu: 0.0000, FD: 0.4842, FDAug: 0.4844, Var: 0.0000, Ctx: 6, MixCtx: 3, Train: 75.39%, Valid: 71.90%, Test In: 73.97% Test OOD1: 67.21% Test OOD2: 53.27% Test OOD3: 63.74% 
Epoch: 72, Loss: 2.4143, Cls: 0.9658, Ind: 0.0000, Med: 0.4831, Spu: 0.0000, FD: 0.4828, FDAug: 0.4826, Var: 0.0000, Ctx: 6, MixCtx: 3, Train: 75.53%, Valid: 72.04%, Test In: 74.27% Test OOD1: 66.13% Test OOD2: 53.47% Test OOD3: 63.41% 
Epoch: 73, Loss: 2.4025, Cls: 0.9608, Ind: 0.0000, Med: 0.4802, Spu: 0.0000, FD: 0.4807, FDAug: 0.4808, Var: 0.0000, Ctx: 6, MixCtx: 3, Train: 75.59%, Valid: 72.14%, Test In: 74.21% Test OOD1: 66.83% Test OOD2: 53.34% Test OOD3: 63.61% 
Epoch: 74, Loss: 2.3919, Cls: 0.9566, Ind: 0.0000, Med: 0.4783, Spu: 0.0000, FD: 0.4785, FDAug: 0.4785, Var: 0.0000, Ctx: 6, MixCtx: 3, Train: 75.64%, Valid: 72.22%, Test In: 74.24% Test OOD1: 66.93% Test OOD2: 53.32% Test OOD3: 63.63% 
Epoch: 75, Loss: 2.3909, Cls: 0.9563, Ind: 0.0000, Med: 0.4781, Spu: 0.0000, FD: 0.4782, FDAug: 0.4782, Var: 0.0000, Ctx: 6, MixCtx: 3, Train: 75.70%, Valid: 72.31%, Test In: 74.39% Test OOD1: 66.22% Test OOD2: 53.43% Test OOD3: 63.42% 
Epoch: 76, Loss: 2.3976, Cls: 0.9588, Ind: 0.0000, Med: 0.4793, Spu: 0.0000, FD: 0.4796, FDAug: 0.4798, Var: 0.0000, Ctx: 6, MixCtx: 3, Train: 75.67%, Valid: 72.32%, Test In: 74.17% Test OOD1: 67.38% Test OOD2: 53.22% Test OOD3: 63.76% 
Epoch: 77, Loss: 2.4072, Cls: 0.9630, Ind: 0.0000, Med: 0.4818, Spu: 0.0000, FD: 0.4813, FDAug: 0.4811, Var: 0.0000, Ctx: 6, MixCtx: 3, Train: 75.77%, Valid: 72.44%, Test In: 74.47% Test OOD1: 65.72% Test OOD2: 53.46% Test OOD3: 63.27% 
Epoch: 78, Loss: 2.4205, Cls: 0.9681, Ind: 0.0000, Med: 0.4842, Spu: 0.0000, FD: 0.4840, FDAug: 0.4842, Var: 0.0000, Ctx: 6, MixCtx: 3, Train: 75.73%, Valid: 72.42%, Test In: 74.16% Test OOD1: 67.50% Test OOD2: 53.18% Test OOD3: 63.80% 
Epoch: 79, Loss: 2.4173, Cls: 0.9671, Ind: 0.0000, Med: 0.4839, Spu: 0.0000, FD: 0.4832, FDAug: 0.4829, Var: 0.0000, Ctx: 6, MixCtx: 3, Train: 75.89%, Valid: 72.59%, Test In: 74.51% Test OOD1: 66.09% Test OOD2: 53.43% Test OOD3: 63.38% 
Epoch: 80, Loss: 2.4002, Cls: 0.9599, Ind: 0.0000, Med: 0.4798, Spu: 0.0000, FD: 0.4801, FDAug: 0.4803, Var: 0.0000, Ctx: 6, MixCtx: 3, Train: 75.93%, Valid: 72.64%, Test In: 74.43% Test OOD1: 66.90% Test OOD2: 53.32% Test OOD3: 63.63% 
Epoch: 81, Loss: 2.3818, Cls: 0.9526, Ind: 0.0000, Med: 0.4763, Spu: 0.0000, FD: 0.4764, FDAug: 0.4765, Var: 0.0000, Ctx: 6, MixCtx: 3, Train: 75.92%, Valid: 72.64%, Test In: 74.35% Test OOD1: 67.26% Test OOD2: 53.27% Test OOD3: 63.73% 
Epoch: 82, Loss: 2.3905, Cls: 0.9562, Ind: 0.0000, Med: 0.4783, Spu: 0.0000, FD: 0.4780, FDAug: 0.4779, Var: 0.0000, Ctx: 6, MixCtx: 3, Train: 75.98%, Valid: 72.71%, Test In: 74.55% Test OOD1: 66.06% Test OOD2: 53.46% Test OOD3: 63.39% 
Epoch: 83, Loss: 2.4030, Cls: 0.9610, Ind: 0.0000, Med: 0.4806, Spu: 0.0000, FD: 0.4805, FDAug: 0.4808, Var: 0.0000, Ctx: 6, MixCtx: 3, Train: 75.96%, Valid: 72.70%, Test In: 74.35% Test OOD1: 67.35% Test OOD2: 53.29% Test OOD3: 63.78% 
Epoch: 84, Loss: 2.3903, Cls: 0.9561, Ind: 0.0000, Med: 0.4781, Spu: 0.0000, FD: 0.4781, FDAug: 0.4779, Var: 0.0000, Ctx: 6, MixCtx: 3, Train: 76.05%, Valid: 72.78%, Test In: 74.50% Test OOD1: 66.88% Test OOD2: 53.38% Test OOD3: 63.65% 
Epoch: 85, Loss: 2.3766, Cls: 0.9505, Ind: 0.0000, Med: 0.4753, Spu: 0.0000, FD: 0.4753, FDAug: 0.4754, Var: 0.0000, Ctx: 6, MixCtx: 3, Train: 76.09%, Valid: 72.81%, Test In: 74.55% Test OOD1: 66.66% Test OOD2: 53.42% Test OOD3: 63.60% 
Epoch: 86, Loss: 2.3808, Cls: 0.9522, Ind: 0.0000, Med: 0.4763, Spu: 0.0000, FD: 0.4761, FDAug: 0.4762, Var: 0.0000, Ctx: 6, MixCtx: 3, Train: 76.03%, Valid: 72.75%, Test In: 74.35% Test OOD1: 67.45% Test OOD2: 53.31% Test OOD3: 63.84% 
Epoch: 87, Loss: 2.3911, Cls: 0.9564, Ind: 0.0000, Med: 0.4780, Spu: 0.0000, FD: 0.4784, FDAug: 0.4782, Var: 0.0000, Ctx: 6, MixCtx: 3, Train: 76.14%, Valid: 72.86%, Test In: 74.59% Test OOD1: 66.37% Test OOD2: 53.49% Test OOD3: 63.54% 
Epoch: 88, Loss: 2.3928, Cls: 0.9571, Ind: 0.0000, Med: 0.4789, Spu: 0.0000, FD: 0.4783, FDAug: 0.4785, Var: 0.0000, Ctx: 6, MixCtx: 3, Train: 76.13%, Valid: 72.84%, Test In: 74.45% Test OOD1: 67.30% Test OOD2: 53.37% Test OOD3: 63.82% 
Epoch: 89, Loss: 2.3795, Cls: 0.9517, Ind: 0.0000, Med: 0.4758, Spu: 0.0000, FD: 0.4760, FDAug: 0.4759, Var: 0.0000, Ctx: 6, MixCtx: 3, Train: 76.19%, Valid: 72.90%, Test In: 74.55% Test OOD1: 66.95% Test OOD2: 53.43% Test OOD3: 63.73% 
Epoch: 90, Loss: 2.3704, Cls: 0.9481, Ind: 0.0000, Med: 0.4741, Spu: 0.0000, FD: 0.4741, FDAug: 0.4742, Var: 0.0000, Ctx: 6, MixCtx: 3, Train: 76.24%, Valid: 72.93%, Test In: 74.61% Test OOD1: 66.65% Test OOD2: 53.48% Test OOD3: 63.65% 
Epoch: 91, Loss: 2.3749, Cls: 0.9498, Ind: 0.0000, Med: 0.4750, Spu: 0.0000, FD: 0.4749, FDAug: 0.4751, Var: 0.0000, Ctx: 6, MixCtx: 3, Train: 76.22%, Valid: 72.90%, Test In: 74.49% Test OOD1: 67.34% Test OOD2: 53.39% Test OOD3: 63.85% 
Epoch: 92, Loss: 2.3809, Cls: 0.9523, Ind: 0.0000, Med: 0.4761, Spu: 0.0000, FD: 0.4763, FDAug: 0.4761, Var: 0.0000, Ctx: 6, MixCtx: 3, Train: 76.31%, Valid: 72.97%, Test In: 74.64% Test OOD1: 66.56% Test OOD2: 53.51% Test OOD3: 63.64% 
Epoch: 93, Loss: 2.3777, Cls: 0.9509, Ind: 0.0000, Med: 0.4756, Spu: 0.0000, FD: 0.4754, FDAug: 0.4757, Var: 0.0000, Ctx: 6, MixCtx: 3, Train: 76.32%, Valid: 72.97%, Test In: 74.57% Test OOD1: 67.19% Test OOD2: 53.44% Test OOD3: 63.83% 
Epoch: 94, Loss: 2.3681, Cls: 0.9471, Ind: 0.0000, Med: 0.4735, Spu: 0.0000, FD: 0.4737, FDAug: 0.4737, Var: 0.0000, Ctx: 6, MixCtx: 3, Train: 76.36%, Valid: 73.00%, Test In: 74.61% Test OOD1: 67.11% Test OOD2: 53.45% Test OOD3: 63.81% 
Epoch: 95, Loss: 2.3645, Cls: 0.9457, Ind: 0.0000, Med: 0.4728, Spu: 0.0000, FD: 0.4729, FDAug: 0.4730, Var: 0.0000, Ctx: 6, MixCtx: 3, Train: 76.42%, Valid: 73.05%, Test In: 74.65% Test OOD1: 66.80% Test OOD2: 53.50% Test OOD3: 63.73% 
Epoch: 96, Loss: 2.3689, Cls: 0.9474, Ind: 0.0000, Med: 0.4739, Spu: 0.0000, FD: 0.4736, FDAug: 0.4739, Var: 0.0000, Ctx: 6, MixCtx: 3, Train: 76.38%, Valid: 73.00%, Test In: 74.53% Test OOD1: 67.48% Test OOD2: 53.38% Test OOD3: 63.94% 
Epoch: 97, Loss: 2.3784, Cls: 0.9513, Ind: 0.0000, Med: 0.4754, Spu: 0.0000, FD: 0.4759, FDAug: 0.4756, Var: 0.0000, Ctx: 6, MixCtx: 3, Train: 76.48%, Valid: 73.10%, Test In: 74.69% Test OOD1: 66.50% Test OOD2: 53.53% Test OOD3: 63.66% 
Epoch: 98, Loss: 2.3873, Cls: 0.9547, Ind: 0.0000, Med: 0.4778, Spu: 0.0000, FD: 0.4770, FDAug: 0.4776, Var: 0.0000, Ctx: 6, MixCtx: 3, Train: 76.43%, Valid: 73.04%, Test In: 74.52% Test OOD1: 67.57% Test OOD2: 53.37% Test OOD3: 63.99% 
Epoch: 99, Loss: 2.3874, Cls: 0.9550, Ind: 0.0000, Med: 0.4774, Spu: 0.0000, FD: 0.4777, FDAug: 0.4772, Var: 0.0000, Ctx: 6, MixCtx: 3, Train: 76.56%, Valid: 73.14%, Test In: 74.69% Test OOD1: 66.66% Test OOD2: 53.53% Test OOD3: 63.72% 
Epoch: 100, Loss: 2.3762, Cls: 0.9502, Ind: 0.0000, Med: 0.4753, Spu: 0.0000, FD: 0.4751, FDAug: 0.4756, Var: 0.0000, Ctx: 6, MixCtx: 3, Train: 76.56%, Valid: 73.13%, Test In: 74.64% Test OOD1: 67.31% Test OOD2: 53.47% Test OOD3: 63.92% 
Epoch: 101, Loss: 2.3607, Cls: 0.9443, Ind: 0.0000, Med: 0.4721, Spu: 0.0000, FD: 0.4722, FDAug: 0.4721, Var: 0.0000, Ctx: 6, MixCtx: 3, Train: 76.59%, Valid: 73.15%, Test In: 74.64% Test OOD1: 67.33% Test OOD2: 53.47% Test OOD3: 63.94% 
Epoch: 102, Loss: 2.3592, Cls: 0.9436, Ind: 0.0000, Med: 0.4719, Spu: 0.0000, FD: 0.4719, FDAug: 0.4718, Var: 0.0000, Ctx: 6, MixCtx: 3, Train: 76.66%, Valid: 73.19%, Test In: 74.69% Test OOD1: 66.88% Test OOD2: 53.55% Test OOD3: 63.80% 
Epoch: 103, Loss: 2.3695, Cls: 0.9476, Ind: 0.0000, Med: 0.4738, Spu: 0.0000, FD: 0.4739, FDAug: 0.4742, Var: 0.0000, Ctx: 6, MixCtx: 3, Train: 76.58%, Valid: 73.12%, Test In: 74.56% Test OOD1: 67.67% Test OOD2: 53.41% Test OOD3: 64.07% 
Epoch: 104, Loss: 2.3774, Cls: 0.9510, Ind: 0.0000, Med: 0.4756, Spu: 0.0000, FD: 0.4755, FDAug: 0.4753, Var: 0.0000, Ctx: 6, MixCtx: 3, Train: 76.72%, Valid: 73.22%, Test In: 74.70% Test OOD1: 66.87% Test OOD2: 53.58% Test OOD3: 63.82% 
Epoch: 105, Loss: 2.3750, Cls: 0.9498, Ind: 0.0000, Med: 0.4750, Spu: 0.0000, FD: 0.4749, FDAug: 0.4752, Var: 0.0000, Ctx: 6, MixCtx: 3, Train: 76.68%, Valid: 73.17%, Test In: 74.61% Test OOD1: 67.60% Test OOD2: 53.47% Test OOD3: 64.06% 
Epoch: 106, Loss: 2.3633, Cls: 0.9453, Ind: 0.0000, Med: 0.4726, Spu: 0.0000, FD: 0.4727, FDAug: 0.4726, Var: 0.0000, Ctx: 6, MixCtx: 3, Train: 76.78%, Valid: 73.23%, Test In: 74.69% Test OOD1: 67.22% Test OOD2: 53.57% Test OOD3: 63.94% 
Epoch: 107, Loss: 2.3528, Cls: 0.9410, Ind: 0.0000, Med: 0.4705, Spu: 0.0000, FD: 0.4706, FDAug: 0.4707, Var: 0.0000, Ctx: 6, MixCtx: 3, Train: 76.81%, Valid: 73.24%, Test In: 74.69% Test OOD1: 67.25% Test OOD2: 53.59% Test OOD3: 63.96% 
Epoch: 108, Loss: 2.3508, Cls: 0.9402, Ind: 0.0000, Med: 0.4701, Spu: 0.0000, FD: 0.4702, FDAug: 0.4703, Var: 0.0000, Ctx: 6, MixCtx: 3, Train: 76.79%, Valid: 73.22%, Test In: 74.66% Test OOD1: 67.51% Test OOD2: 53.54% Test OOD3: 64.06% 
Epoch: 109, Loss: 2.3561, Cls: 0.9423, Ind: 0.0000, Med: 0.4711, Spu: 0.0000, FD: 0.4713, FDAug: 0.4713, Var: 0.0000, Ctx: 6, MixCtx: 3, Train: 76.87%, Valid: 73.27%, Test In: 74.71% Test OOD1: 66.93% Test OOD2: 53.65% Test OOD3: 63.88% 
Epoch: 110, Loss: 2.3621, Cls: 0.9447, Ind: 0.0000, Med: 0.4725, Spu: 0.0000, FD: 0.4723, FDAug: 0.4725, Var: 0.0000, Ctx: 6, MixCtx: 3, Train: 76.83%, Valid: 73.24%, Test In: 74.65% Test OOD1: 67.59% Test OOD2: 53.55% Test OOD3: 64.11% 
Epoch: 111, Loss: 2.3628, Cls: 0.9450, Ind: 0.0000, Med: 0.4724, Spu: 0.0000, FD: 0.4727, FDAug: 0.4726, Var: 0.0000, Ctx: 6, MixCtx: 3, Train: 76.93%, Valid: 73.29%, Test In: 74.71% Test OOD1: 66.93% Test OOD2: 53.68% Test OOD3: 63.89% 
Epoch: 112, Loss: 2.3584, Cls: 0.9432, Ind: 0.0000, Med: 0.4718, Spu: 0.0000, FD: 0.4715, FDAug: 0.4717, Var: 0.0000, Ctx: 6, MixCtx: 3, Train: 76.92%, Valid: 73.28%, Test In: 74.69% Test OOD1: 67.47% Test OOD2: 53.61% Test OOD3: 64.08% 
Epoch: 113, Loss: 2.3505, Cls: 0.9401, Ind: 0.0000, Med: 0.4699, Spu: 0.0000, FD: 0.4702, FDAug: 0.4702, Var: 0.0000, Ctx: 6, MixCtx: 3, Train: 76.99%, Valid: 73.31%, Test In: 74.73% Test OOD1: 67.21% Test OOD2: 53.67% Test OOD3: 63.99% 
Epoch: 114, Loss: 2.3445, Cls: 0.9377, Ind: 0.0000, Med: 0.4689, Spu: 0.0000, FD: 0.4689, FDAug: 0.4690, Var: 0.0000, Ctx: 6, MixCtx: 3, Train: 77.02%, Valid: 73.32%, Test In: 74.72% Test OOD1: 67.26% Test OOD2: 53.68% Test OOD3: 64.02% 
Epoch: 115, Loss: 2.3427, Cls: 0.9370, Ind: 0.0000, Med: 0.4685, Spu: 0.0000, FD: 0.4686, FDAug: 0.4686, Var: 0.0000, Ctx: 6, MixCtx: 3, Train: 77.03%, Valid: 73.32%, Test In: 74.71% Test OOD1: 67.44% Test OOD2: 53.66% Test OOD3: 64.10% 
Epoch: 116, Loss: 2.3442, Cls: 0.9376, Ind: 0.0000, Med: 0.4687, Spu: 0.0000, FD: 0.4689, FDAug: 0.4689, Var: 0.0000, Ctx: 6, MixCtx: 3, Train: 77.10%, Valid: 73.34%, Test In: 74.73% Test OOD1: 67.02% Test OOD2: 53.75% Test OOD3: 63.96% 
Epoch: 117, Loss: 2.3491, Cls: 0.9395, Ind: 0.0000, Med: 0.4699, Spu: 0.0000, FD: 0.4697, FDAug: 0.4699, Var: 0.0000, Ctx: 6, MixCtx: 3, Train: 77.05%, Valid: 73.31%, Test In: 74.71% Test OOD1: 67.61% Test OOD2: 53.65% Test OOD3: 64.19% 
Epoch: 118, Loss: 2.3603, Cls: 0.9441, Ind: 0.0000, Med: 0.4721, Spu: 0.0000, FD: 0.4721, FDAug: 0.4719, Var: 0.0000, Ctx: 6, MixCtx: 3, Train: 77.13%, Valid: 73.32%, Test In: 74.68% Test OOD1: 66.51% Test OOD2: 53.83% Test OOD3: 63.80% 
Epoch: 119, Loss: 2.3802, Cls: 0.9519, Ind: 0.0000, Med: 0.4762, Spu: 0.0000, FD: 0.4758, FDAug: 0.4763, Var: 0.0000, Ctx: 6, MixCtx: 3, Train: 77.06%, Valid: 73.32%, Test In: 74.72% Test OOD1: 67.71% Test OOD2: 53.65% Test OOD3: 64.24% 
Epoch: 120, Loss: 2.3941, Cls: 0.9579, Ind: 0.0000, Med: 0.4794, Spu: 0.0000, FD: 0.4786, FDAug: 0.4781, Var: 0.0000, Ctx: 6, MixCtx: 3, Train: 77.17%, Valid: 73.33%, Test In: 74.66% Test OOD1: 66.39% Test OOD2: 53.89% Test OOD3: 63.76% 
Epoch: 121, Loss: 2.3781, Cls: 0.9509, Ind: 0.0000, Med: 0.4753, Spu: 0.0000, FD: 0.4757, FDAug: 0.4762, Var: 0.0000, Ctx: 6, MixCtx: 3, Train: 77.22%, Valid: 73.38%, Test In: 74.76% Test OOD1: 67.26% Test OOD2: 53.83% Test OOD3: 64.08% 
Epoch: 122, Loss: 2.3422, Cls: 0.9368, Ind: 0.0000, Med: 0.4684, Spu: 0.0000, FD: 0.4685, FDAug: 0.4684, Var: 0.0000, Ctx: 6, MixCtx: 3, Train: 77.21%, Valid: 73.36%, Test In: 74.76% Test OOD1: 67.51% Test OOD2: 53.80% Test OOD3: 64.19% 
Epoch: 123, Loss: 2.3501, Cls: 0.9401, Ind: 0.0000, Med: 0.4702, Spu: 0.0000, FD: 0.4700, FDAug: 0.4697, Var: 0.0000, Ctx: 6, MixCtx: 3, Train: 77.28%, Valid: 73.33%, Test In: 74.71% Test OOD1: 66.79% Test OOD2: 53.96% Test OOD3: 63.94% 
Epoch: 124, Loss: 2.3757, Cls: 0.9500, Ind: 0.0000, Med: 0.4751, Spu: 0.0000, FD: 0.4750, FDAug: 0.4755, Var: 0.0000, Ctx: 6, MixCtx: 3, Train: 77.16%, Valid: 73.30%, Test In: 74.71% Test OOD1: 67.86% Test OOD2: 53.75% Test OOD3: 64.34% 
Epoch: 125, Loss: 2.3660, Cls: 0.9465, Ind: 0.0000, Med: 0.4734, Spu: 0.0000, FD: 0.4732, FDAug: 0.4729, Var: 0.0000, Ctx: 6, MixCtx: 3, Train: 77.33%, Valid: 73.35%, Test In: 74.77% Test OOD1: 67.40% Test OOD2: 53.92% Test OOD3: 64.17% 
Epoch: 126, Loss: 2.3383, Cls: 0.9352, Ind: 0.0000, Med: 0.4676, Spu: 0.0000, FD: 0.4676, FDAug: 0.4678, Var: 0.0000, Ctx: 6, MixCtx: 3, Train: 77.35%, Valid: 73.35%, Test In: 74.77% Test OOD1: 67.44% Test OOD2: 53.93% Test OOD3: 64.19% 
Epoch: 127, Loss: 2.3355, Cls: 0.9341, Ind: 0.0000, Med: 0.4671, Spu: 0.0000, FD: 0.4671, FDAug: 0.4672, Var: 0.0000, Ctx: 6, MixCtx: 3, Train: 77.25%, Valid: 73.33%, Test In: 74.74% Test OOD1: 67.82% Test OOD2: 53.82% Test OOD3: 64.34% 
Epoch: 128, Loss: 2.3519, Cls: 0.9408, Ind: 0.0000, Med: 0.4704, Spu: 0.0000, FD: 0.4705, FDAug: 0.4703, Var: 0.0000, Ctx: 6, MixCtx: 3, Train: 77.41%, Valid: 73.36%, Test In: 74.76% Test OOD1: 67.11% Test OOD2: 54.04% Test OOD3: 64.06% 
Epoch: 129, Loss: 2.3488, Cls: 0.9394, Ind: 0.0000, Med: 0.4698, Spu: 0.0000, FD: 0.4697, FDAug: 0.4699, Var: 0.0000, Ctx: 6, MixCtx: 3, Train: 77.40%, Valid: 73.37%, Test In: 74.79% Test OOD1: 67.53% Test OOD2: 53.96% Test OOD3: 64.22% 
Epoch: 130, Loss: 2.3318, Cls: 0.9326, Ind: 0.0000, Med: 0.4663, Spu: 0.0000, FD: 0.4664, FDAug: 0.4664, Var: 0.0000, Ctx: 6, MixCtx: 3, Train: 77.41%, Valid: 73.37%, Test In: 74.80% Test OOD1: 67.57% Test OOD2: 53.96% Test OOD3: 64.25% 
Epoch: 131, Loss: 2.3339, Cls: 0.9335, Ind: 0.0000, Med: 0.4667, Spu: 0.0000, FD: 0.4669, FDAug: 0.4668, Var: 0.0000, Ctx: 6, MixCtx: 3, Train: 77.48%, Valid: 73.36%, Test In: 74.77% Test OOD1: 67.05% Test OOD2: 54.12% Test OOD3: 64.04% 
Epoch: 132, Loss: 2.3439, Cls: 0.9374, Ind: 0.0000, Med: 0.4689, Spu: 0.0000, FD: 0.4686, FDAug: 0.4689, Var: 0.0000, Ctx: 6, MixCtx: 3, Train: 77.44%, Valid: 73.37%, Test In: 74.80% Test OOD1: 67.65% Test OOD2: 53.96% Test OOD3: 64.28% 
Epoch: 133, Loss: 2.3376, Cls: 0.9350, Ind: 0.0000, Med: 0.4674, Spu: 0.0000, FD: 0.4677, FDAug: 0.4675, Var: 0.0000, Ctx: 6, MixCtx: 3, Train: 77.53%, Valid: 73.37%, Test In: 74.81% Test OOD1: 67.32% Test OOD2: 54.07% Test OOD3: 64.14% 
Epoch: 134, Loss: 2.3262, Cls: 0.9304, Ind: 0.0000, Med: 0.4652, Spu: 0.0000, FD: 0.4652, FDAug: 0.4653, Var: 0.0000, Ctx: 6, MixCtx: 3, Train: 77.57%, Valid: 73.38%, Test In: 74.82% Test OOD1: 67.26% Test OOD2: 54.08% Test OOD3: 64.11% 
Epoch: 135, Loss: 2.3264, Cls: 0.9305, Ind: 0.0000, Med: 0.4653, Spu: 0.0000, FD: 0.4652, FDAug: 0.4653, Var: 0.0000, Ctx: 6, MixCtx: 3, Train: 77.53%, Valid: 73.40%, Test In: 74.83% Test OOD1: 67.60% Test OOD2: 53.98% Test OOD3: 64.26% 
Epoch: 136, Loss: 2.3343, Cls: 0.9336, Ind: 0.0000, Med: 0.4667, Spu: 0.0000, FD: 0.4671, FDAug: 0.4669, Var: 0.0000, Ctx: 6, MixCtx: 3, Train: 77.63%, Valid: 73.36%, Test In: 74.79% Test OOD1: 66.88% Test OOD2: 54.16% Test OOD3: 63.96% 
Epoch: 137, Loss: 2.3375, Cls: 0.9349, Ind: 0.0000, Med: 0.4677, Spu: 0.0000, FD: 0.4673, FDAug: 0.4676, Var: 0.0000, Ctx: 6, MixCtx: 3, Train: 77.62%, Valid: 73.41%, Test In: 74.87% Test OOD1: 67.45% Test OOD2: 54.04% Test OOD3: 64.20% 
Epoch: 138, Loss: 2.3305, Cls: 0.9321, Ind: 0.0000, Med: 0.4660, Spu: 0.0000, FD: 0.4662, FDAug: 0.4661, Var: 0.0000, Ctx: 6, MixCtx: 3, Train: 77.69%, Valid: 73.38%, Test In: 74.83% Test OOD1: 67.00% Test OOD2: 54.16% Test OOD3: 64.02% 
Epoch: 139, Loss: 2.3214, Cls: 0.9285, Ind: 0.0000, Med: 0.4643, Spu: 0.0000, FD: 0.4643, FDAug: 0.4644, Var: 0.0000, Ctx: 6, MixCtx: 3, Train: 77.73%, Valid: 73.39%, Test In: 74.83% Test OOD1: 67.03% Test OOD2: 54.18% Test OOD3: 64.03% 
Epoch: 140, Loss: 2.3195, Cls: 0.9277, Ind: 0.0000, Med: 0.4639, Spu: 0.0000, FD: 0.4639, FDAug: 0.4640, Var: 0.0000, Ctx: 6, MixCtx: 3, Train: 77.73%, Valid: 73.43%, Test In: 74.87% Test OOD1: 67.40% Test OOD2: 54.11% Test OOD3: 64.18% 
Epoch: 141, Loss: 2.3247, Cls: 0.9299, Ind: 0.0000, Med: 0.4649, Spu: 0.0000, FD: 0.4650, FDAug: 0.4649, Var: 0.0000, Ctx: 6, MixCtx: 3, Train: 77.77%, Valid: 73.36%, Test In: 74.77% Test OOD1: 66.79% Test OOD2: 54.30% Test OOD3: 63.93% 
Epoch: 142, Loss: 2.3316, Cls: 0.9325, Ind: 0.0000, Med: 0.4664, Spu: 0.0000, FD: 0.4661, FDAug: 0.4665, Var: 0.0000, Ctx: 6, MixCtx: 3, Train: 77.76%, Valid: 73.46%, Test In: 74.89% Test OOD1: 67.52% Test OOD2: 54.07% Test OOD3: 64.24% 
Epoch: 143, Loss: 2.3375, Cls: 0.9350, Ind: 0.0000, Med: 0.4676, Spu: 0.0000, FD: 0.4676, FDAug: 0.4673, Var: 0.0000, Ctx: 6, MixCtx: 3, Train: 77.84%, Valid: 73.35%, Test In: 74.73% Test OOD1: 66.51% Test OOD2: 54.31% Test OOD3: 63.81% 
Epoch: 144, Loss: 2.3372, Cls: 0.9347, Ind: 0.0000, Med: 0.4675, Spu: 0.0000, FD: 0.4673, FDAug: 0.4677, Var: 0.0000, Ctx: 6, MixCtx: 3, Train: 77.83%, Valid: 73.48%, Test In: 74.92% Test OOD1: 67.37% Test OOD2: 54.15% Test OOD3: 64.17% 
Epoch: 145, Loss: 2.3278, Cls: 0.9312, Ind: 0.0000, Med: 0.4657, Spu: 0.0000, FD: 0.4656, FDAug: 0.4653, Var: 0.0000, Ctx: 6, MixCtx: 3, Train: 77.93%, Valid: 73.41%, Test In: 74.83% Test OOD1: 66.91% Test OOD2: 54.32% Test OOD3: 63.97% 
Epoch: 146, Loss: 2.3151, Cls: 0.9259, Ind: 0.0000, Med: 0.4630, Spu: 0.0000, FD: 0.4630, FDAug: 0.4632, Var: 0.0000, Ctx: 6, MixCtx: 3, Train: 77.96%, Valid: 73.43%, Test In: 74.86% Test OOD1: 67.12% Test OOD2: 54.32% Test OOD3: 64.07% 
Epoch: 147, Loss: 2.3108, Cls: 0.9242, Ind: 0.0000, Med: 0.4621, Spu: 0.0000, FD: 0.4622, FDAug: 0.4623, Var: 0.0000, Ctx: 6, MixCtx: 3, Train: 77.94%, Valid: 73.46%, Test In: 74.91% Test OOD1: 67.48% Test OOD2: 54.26% Test OOD3: 64.23% 
Epoch: 148, Loss: 2.3174, Cls: 0.9269, Ind: 0.0000, Med: 0.4635, Spu: 0.0000, FD: 0.4636, FDAug: 0.4634, Var: 0.0000, Ctx: 6, MixCtx: 3, Train: 77.98%, Valid: 73.35%, Test In: 74.78% Test OOD1: 66.81% Test OOD2: 54.48% Test OOD3: 63.93% 
Epoch: 149, Loss: 2.3309, Cls: 0.9322, Ind: 0.0000, Med: 0.4664, Spu: 0.0000, FD: 0.4658, FDAug: 0.4664, Var: 0.0000, Ctx: 6, MixCtx: 3, Train: 77.93%, Valid: 73.49%, Test In: 74.97% Test OOD1: 67.63% Test OOD2: 54.17% Test OOD3: 64.31% 
Epoch: 150, Loss: 2.3515, Cls: 0.9407, Ind: 0.0000, Med: 0.4704, Spu: 0.0000, FD: 0.4704, FDAug: 0.4699, Var: 0.0000, Ctx: 6, MixCtx: 3, Train: 77.98%, Valid: 73.28%, Test In: 74.64% Test OOD1: 66.10% Test OOD2: 54.52% Test OOD3: 63.66% 
Epoch: 151, Loss: 2.3556, Cls: 0.9419, Ind: 0.0000, Med: 0.4712, Spu: 0.0000, FD: 0.4708, FDAug: 0.4716, Var: 0.0000, Ctx: 6, MixCtx: 3, Train: 78.01%, Valid: 73.50%, Test In: 74.97% Test OOD1: 67.32% Test OOD2: 54.34% Test OOD3: 64.16% 
Epoch: 152, Loss: 2.3262, Cls: 0.9306, Ind: 0.0000, Med: 0.4654, Spu: 0.0000, FD: 0.4653, FDAug: 0.4649, Var: 0.0000, Ctx: 6, MixCtx: 3, Train: 78.13%, Valid: 73.46%, Test In: 74.91% Test OOD1: 67.16% Test OOD2: 54.43% Test OOD3: 64.09% 
Epoch: 153, Loss: 2.3064, Cls: 0.9225, Ind: 0.0000, Med: 0.4612, Spu: 0.0000, FD: 0.4614, FDAug: 0.4613, Var: 0.0000, Ctx: 6, MixCtx: 3, Train: 78.14%, Valid: 73.36%, Test In: 74.81% Test OOD1: 66.90% Test OOD2: 54.57% Test OOD3: 63.97% 
Epoch: 154, Loss: 2.3296, Cls: 0.9315, Ind: 0.0000, Med: 0.4660, Spu: 0.0000, FD: 0.4656, FDAug: 0.4663, Var: 0.0000, Ctx: 6, MixCtx: 3, Train: 77.92%, Valid: 73.44%, Test In: 74.92% Test OOD1: 68.03% Test OOD2: 54.13% Test OOD3: 64.50% 
Epoch: 155, Loss: 2.3682, Cls: 0.9475, Ind: 0.0000, Med: 0.4739, Spu: 0.0000, FD: 0.4737, FDAug: 0.4731, Var: 0.0000, Ctx: 6, MixCtx: 3, Train: 78.20%, Valid: 73.31%, Test In: 74.74% Test OOD1: 66.56% Test OOD2: 54.65% Test OOD3: 63.83% 
Epoch: 156, Loss: 2.3587, Cls: 0.9432, Ind: 0.0000, Med: 0.4721, Spu: 0.0000, FD: 0.4712, FDAug: 0.4722, Var: 0.0000, Ctx: 6, MixCtx: 3, Train: 78.16%, Valid: 73.51%, Test In: 74.99% Test OOD1: 67.46% Test OOD2: 54.39% Test OOD3: 64.23% 
Epoch: 157, Loss: 2.3148, Cls: 0.9260, Ind: 0.0000, Med: 0.4629, Spu: 0.0000, FD: 0.4631, FDAug: 0.4628, Var: 0.0000, Ctx: 6, MixCtx: 3, Train: 78.16%, Valid: 73.51%, Test In: 75.00% Test OOD1: 67.44% Test OOD2: 54.41% Test OOD3: 64.21% 
Epoch: 158, Loss: 2.3157, Cls: 0.9263, Ind: 0.0000, Med: 0.4631, Spu: 0.0000, FD: 0.4633, FDAug: 0.4630, Var: 0.0000, Ctx: 6, MixCtx: 3, Train: 78.28%, Valid: 73.36%, Test In: 74.77% Test OOD1: 66.58% Test OOD2: 54.64% Test OOD3: 63.85% 
Epoch: 159, Loss: 2.3370, Cls: 0.9345, Ind: 0.0000, Med: 0.4675, Spu: 0.0000, FD: 0.4671, FDAug: 0.4677, Var: 0.0000, Ctx: 6, MixCtx: 3, Train: 78.20%, Valid: 73.50%, Test In: 74.98% Test OOD1: 67.73% Test OOD2: 54.33% Test OOD3: 64.35% 
Epoch: 160, Loss: 2.3120, Cls: 0.9248, Ind: 0.0000, Med: 0.4623, Spu: 0.0000, FD: 0.4626, FDAug: 0.4623, Var: 0.0000, Ctx: 6, MixCtx: 3, Train: 78.26%, Valid: 73.46%, Test In: 74.97% Test OOD1: 67.67% Test OOD2: 54.42% Test OOD3: 64.30% 
Epoch: 161, Loss: 2.3002, Cls: 0.9200, Ind: 0.0000, Med: 0.4600, Spu: 0.0000, FD: 0.4601, FDAug: 0.4601, Var: 0.0000, Ctx: 6, MixCtx: 3, Train: 78.32%, Valid: 73.38%, Test In: 74.90% Test OOD1: 67.07% Test OOD2: 54.64% Test OOD3: 64.04% 
Epoch: 162, Loss: 2.3240, Cls: 0.9294, Ind: 0.0000, Med: 0.4651, Spu: 0.0000, FD: 0.4645, FDAug: 0.4650, Var: 0.0000, Ctx: 6, MixCtx: 3, Train: 78.24%, Valid: 73.51%, Test In: 75.03% Test OOD1: 67.78% Test OOD2: 54.29% Test OOD3: 64.39% 
Epoch: 163, Loss: 2.3275, Cls: 0.9310, Ind: 0.0000, Med: 0.4654, Spu: 0.0000, FD: 0.4657, FDAug: 0.4654, Var: 0.0000, Ctx: 6, MixCtx: 3, Train: 78.42%, Valid: 73.46%, Test In: 74.93% Test OOD1: 66.85% Test OOD2: 54.57% Test OOD3: 63.97% 
Epoch: 164, Loss: 2.3003, Cls: 0.9200, Ind: 0.0000, Med: 0.4601, Spu: 0.0000, FD: 0.4600, FDAug: 0.4602, Var: 0.0000, Ctx: 6, MixCtx: 3, Train: 78.45%, Valid: 73.43%, Test In: 74.86% Test OOD1: 66.65% Test OOD2: 54.61% Test OOD3: 63.89% 
Epoch: 165, Loss: 2.3020, Cls: 0.9207, Ind: 0.0000, Med: 0.4604, Spu: 0.0000, FD: 0.4603, FDAug: 0.4605, Var: 0.0000, Ctx: 6, MixCtx: 3, Train: 78.42%, Valid: 73.55%, Test In: 75.00% Test OOD1: 67.53% Test OOD2: 54.37% Test OOD3: 64.23% 
Epoch: 166, Loss: 2.3156, Cls: 0.9263, Ind: 0.0000, Med: 0.4632, Spu: 0.0000, FD: 0.4632, FDAug: 0.4628, Var: 0.0000, Ctx: 6, MixCtx: 3, Train: 78.52%, Valid: 73.34%, Test In: 74.79% Test OOD1: 66.64% Test OOD2: 54.68% Test OOD3: 63.81% 
Epoch: 167, Loss: 2.3174, Cls: 0.9268, Ind: 0.0000, Med: 0.4637, Spu: 0.0000, FD: 0.4632, FDAug: 0.4637, Var: 0.0000, Ctx: 6, MixCtx: 3, Train: 78.50%, Valid: 73.55%, Test In: 75.03% Test OOD1: 67.52% Test OOD2: 54.40% Test OOD3: 64.22% 
Epoch: 168, Loss: 2.3013, Cls: 0.9205, Ind: 0.0000, Med: 0.4603, Spu: 0.0000, FD: 0.4603, FDAug: 0.4601, Var: 0.0000, Ctx: 6, MixCtx: 3, Train: 78.61%, Valid: 73.49%, Test In: 74.98% Test OOD1: 66.98% Test OOD2: 54.56% Test OOD3: 63.97% 
Epoch: 169, Loss: 2.2875, Cls: 0.9149, Ind: 0.0000, Med: 0.4575, Spu: 0.0000, FD: 0.4575, FDAug: 0.4576, Var: 0.0000, Ctx: 6, MixCtx: 3, Train: 78.66%, Valid: 73.44%, Test In: 74.89% Test OOD1: 66.61% Test OOD2: 54.61% Test OOD3: 63.82% 
Epoch: 170, Loss: 2.2912, Cls: 0.9164, Ind: 0.0000, Med: 0.4583, Spu: 0.0000, FD: 0.4582, FDAug: 0.4584, Var: 0.0000, Ctx: 6, MixCtx: 3, Train: 78.65%, Valid: 73.54%, Test In: 75.02% Test OOD1: 67.25% Test OOD2: 54.44% Test OOD3: 64.10% 
Epoch: 171, Loss: 2.2993, Cls: 0.9197, Ind: 0.0000, Med: 0.4597, Spu: 0.0000, FD: 0.4600, FDAug: 0.4598, Var: 0.0000, Ctx: 6, MixCtx: 3, Train: 78.74%, Valid: 73.32%, Test In: 74.71% Test OOD1: 66.32% Test OOD2: 54.66% Test OOD3: 63.65% 
Epoch: 172, Loss: 2.2959, Cls: 0.9183, Ind: 0.0000, Med: 0.4595, Spu: 0.0000, FD: 0.4589, FDAug: 0.4592, Var: 0.0000, Ctx: 6, MixCtx: 3, Train: 78.78%, Valid: 73.48%, Test In: 74.94% Test OOD1: 67.04% Test OOD2: 54.52% Test OOD3: 63.98% 
Epoch: 173, Loss: 2.2855, Cls: 0.9141, Ind: 0.0000, Med: 0.4570, Spu: 0.0000, FD: 0.4572, FDAug: 0.4571, Var: 0.0000, Ctx: 6, MixCtx: 3, Train: 78.85%, Valid: 73.43%, Test In: 74.89% Test OOD1: 66.71% Test OOD2: 54.63% Test OOD3: 63.84% 
Epoch: 174, Loss: 2.2784, Cls: 0.9113, Ind: 0.0000, Med: 0.4557, Spu: 0.0000, FD: 0.4556, FDAug: 0.4557, Var: 0.0000, Ctx: 6, MixCtx: 3, Train: 78.89%, Valid: 73.40%, Test In: 74.87% Test OOD1: 66.55% Test OOD2: 54.66% Test OOD3: 63.77% 
Epoch: 175, Loss: 2.2785, Cls: 0.9113, Ind: 0.0000, Med: 0.4558, Spu: 0.0000, FD: 0.4556, FDAug: 0.4558, Var: 0.0000, Ctx: 6, MixCtx: 3, Train: 78.91%, Valid: 73.50%, Test In: 74.97% Test OOD1: 66.98% Test OOD2: 54.54% Test OOD3: 63.96% 
Epoch: 176, Loss: 2.2827, Cls: 0.9131, Ind: 0.0000, Med: 0.4565, Spu: 0.0000, FD: 0.4566, FDAug: 0.4565, Var: 0.0000, Ctx: 6, MixCtx: 3, Train: 78.98%, Valid: 73.23%, Test In: 74.60% Test OOD1: 65.96% Test OOD2: 54.74% Test OOD3: 63.46% 
Epoch: 177, Loss: 2.2912, Cls: 0.9163, Ind: 0.0000, Med: 0.4585, Spu: 0.0000, FD: 0.4579, FDAug: 0.4585, Var: 0.0000, Ctx: 6, MixCtx: 3, Train: 78.94%, Valid: 73.52%, Test In: 74.99% Test OOD1: 67.14% Test OOD2: 54.46% Test OOD3: 64.04% 
Epoch: 178, Loss: 2.3066, Cls: 0.9228, Ind: 0.0000, Med: 0.4614, Spu: 0.0000, FD: 0.4614, FDAug: 0.4609, Var: 0.0000, Ctx: 6, MixCtx: 3, Train: 79.00%, Valid: 73.02%, Test In: 74.35% Test OOD1: 65.33% Test OOD2: 54.79% Test OOD3: 63.17% 
Epoch: 179, Loss: 2.3191, Cls: 0.9273, Ind: 0.0000, Med: 0.4640, Spu: 0.0000, FD: 0.4635, FDAug: 0.4643, Var: 0.0000, Ctx: 6, MixCtx: 3, Train: 78.97%, Valid: 73.53%, Test In: 75.02% Test OOD1: 67.22% Test OOD2: 54.44% Test OOD3: 64.09% 
Epoch: 180, Loss: 2.3251, Cls: 0.9303, Ind: 0.0000, Med: 0.4655, Spu: 0.0000, FD: 0.4649, FDAug: 0.4643, Var: 0.0000, Ctx: 6, MixCtx: 3, Train: 79.15%, Valid: 73.11%, Test In: 74.48% Test OOD1: 65.81% Test OOD2: 54.80% Test OOD3: 63.38% 
Epoch: 181, Loss: 2.2953, Cls: 0.9178, Ind: 0.0000, Med: 0.4589, Spu: 0.0000, FD: 0.4590, FDAug: 0.4596, Var: 0.0000, Ctx: 6, MixCtx: 3, Train: 79.19%, Valid: 73.42%, Test In: 74.84% Test OOD1: 67.02% Test OOD2: 54.59% Test OOD3: 63.93% 
Epoch: 182, Loss: 2.2696, Cls: 0.9079, Ind: 0.0000, Med: 0.4541, Spu: 0.0000, FD: 0.4539, FDAug: 0.4537, Var: 0.0000, Ctx: 6, MixCtx: 3, Train: 79.22%, Valid: 73.37%, Test In: 74.79% Test OOD1: 67.01% Test OOD2: 54.61% Test OOD3: 63.89% 
Epoch: 183, Loss: 2.2652, Cls: 0.9061, Ind: 0.0000, Med: 0.4532, Spu: 0.0000, FD: 0.4530, FDAug: 0.4530, Var: 0.0000, Ctx: 6, MixCtx: 3, Train: 79.33%, Valid: 73.17%, Test In: 74.56% Test OOD1: 66.32% Test OOD2: 54.79% Test OOD3: 63.56% 
Epoch: 184, Loss: 2.2770, Cls: 0.9106, Ind: 0.0000, Med: 0.4555, Spu: 0.0000, FD: 0.4552, FDAug: 0.4557, Var: 0.0000, Ctx: 6, MixCtx: 3, Train: 79.19%, Valid: 73.49%, Test In: 74.95% Test OOD1: 67.33% Test OOD2: 54.48% Test OOD3: 64.10% 
Epoch: 185, Loss: 2.2958, Cls: 0.9184, Ind: 0.0000, Med: 0.4591, Spu: 0.0000, FD: 0.4594, FDAug: 0.4589, Var: 0.0000, Ctx: 6, MixCtx: 3, Train: 79.38%, Valid: 73.06%, Test In: 74.42% Test OOD1: 65.79% Test OOD2: 54.83% Test OOD3: 63.36% 
Epoch: 186, Loss: 2.2955, Cls: 0.9180, Ind: 0.0000, Med: 0.4595, Spu: 0.0000, FD: 0.4586, FDAug: 0.4593, Var: 0.0000, Ctx: 6, MixCtx: 3, Train: 79.37%, Valid: 73.41%, Test In: 74.85% Test OOD1: 67.08% Test OOD2: 54.56% Test OOD3: 63.98% 
Epoch: 187, Loss: 2.2762, Cls: 0.9105, Ind: 0.0000, Med: 0.4550, Spu: 0.0000, FD: 0.4555, FDAug: 0.4552, Var: 0.0000, Ctx: 6, MixCtx: 3, Train: 79.49%, Valid: 73.18%, Test In: 74.59% Test OOD1: 66.47% Test OOD2: 54.76% Test OOD3: 63.64% 
Epoch: 188, Loss: 2.2569, Cls: 0.9026, Ind: 0.0000, Med: 0.4516, Spu: 0.0000, FD: 0.4512, FDAug: 0.4514, Var: 0.0000, Ctx: 6, MixCtx: 3, Train: 79.57%, Valid: 73.24%, Test In: 74.69% Test OOD1: 66.51% Test OOD2: 54.73% Test OOD3: 63.68% 
Epoch: 189, Loss: 2.2529, Cls: 0.9010, Ind: 0.0000, Med: 0.4507, Spu: 0.0000, FD: 0.4504, FDAug: 0.4507, Var: 0.0000, Ctx: 6, MixCtx: 3, Train: 79.51%, Valid: 73.42%, Test In: 74.87% Test OOD1: 66.96% Test OOD2: 54.52% Test OOD3: 63.92% 
Epoch: 190, Loss: 2.2639, Cls: 0.9056, Ind: 0.0000, Med: 0.4527, Spu: 0.0000, FD: 0.4529, FDAug: 0.4527, Var: 0.0000, Ctx: 6, MixCtx: 3, Train: 79.63%, Valid: 72.86%, Test In: 74.20% Test OOD1: 65.30% Test OOD2: 54.79% Test OOD3: 63.08% 
Epoch: 191, Loss: 2.2823, Cls: 0.9127, Ind: 0.0000, Med: 0.4568, Spu: 0.0000, FD: 0.4560, FDAug: 0.4568, Var: 0.0000, Ctx: 6, MixCtx: 3, Train: 79.57%, Valid: 73.34%, Test In: 74.76% Test OOD1: 66.81% Test OOD2: 54.44% Test OOD3: 63.85% 
Epoch: 192, Loss: 2.2993, Cls: 0.9198, Ind: 0.0000, Med: 0.4598, Spu: 0.0000, FD: 0.4601, FDAug: 0.4595, Var: 0.0000, Ctx: 6, MixCtx: 3, Train: 79.74%, Valid: 72.76%, Test In: 74.07% Test OOD1: 65.27% Test OOD2: 54.74% Test OOD3: 63.00% 
Epoch: 193, Loss: 2.2793, Cls: 0.9114, Ind: 0.0000, Med: 0.4560, Spu: 0.0000, FD: 0.4555, FDAug: 0.4563, Var: 0.0000, Ctx: 6, MixCtx: 3, Train: 79.59%, Valid: 73.43%, Test In: 74.83% Test OOD1: 66.96% Test OOD2: 54.39% Test OOD3: 63.90% 
Epoch: 194, Loss: 2.2680, Cls: 0.9074, Ind: 0.0000, Med: 0.4540, Spu: 0.0000, FD: 0.4535, FDAug: 0.4532, Var: 0.0000, Ctx: 6, MixCtx: 3, Train: 79.86%, Valid: 72.95%, Test In: 74.30% Test OOD1: 65.55% Test OOD2: 54.73% Test OOD3: 63.18% 
Epoch: 195, Loss: 2.2558, Cls: 0.9021, Ind: 0.0000, Med: 0.4511, Spu: 0.0000, FD: 0.4511, FDAug: 0.4515, Var: 0.0000, Ctx: 6, MixCtx: 3, Train: 79.93%, Valid: 73.16%, Test In: 74.48% Test OOD1: 66.25% Test OOD2: 54.52% Test OOD3: 63.52% 
Epoch: 196, Loss: 2.2447, Cls: 0.8979, Ind: 0.0000, Med: 0.4490, Spu: 0.0000, FD: 0.4490, FDAug: 0.4488, Var: 0.0000, Ctx: 6, MixCtx: 3, Train: 79.94%, Valid: 72.97%, Test In: 74.25% Test OOD1: 65.98% Test OOD2: 54.60% Test OOD3: 63.33% 
Epoch: 197, Loss: 2.2372, Cls: 0.8948, Ind: 0.0000, Med: 0.4476, Spu: 0.0000, FD: 0.4473, FDAug: 0.4474, Var: 0.0000, Ctx: 6, MixCtx: 3, Train: 80.05%, Valid: 73.07%, Test In: 74.40% Test OOD1: 66.08% Test OOD2: 54.65% Test OOD3: 63.39% 
Epoch: 198, Loss: 2.2333, Cls: 0.8932, Ind: 0.0000, Med: 0.4468, Spu: 0.0000, FD: 0.4465, FDAug: 0.4468, Var: 0.0000, Ctx: 6, MixCtx: 3, Train: 79.95%, Valid: 73.31%, Test In: 74.64% Test OOD1: 66.53% Test OOD2: 54.49% Test OOD3: 63.66% 
Epoch: 199, Loss: 2.2424, Cls: 0.8969, Ind: 0.0000, Med: 0.4485, Spu: 0.0000, FD: 0.4485, FDAug: 0.4484, Var: 0.0000, Ctx: 6, MixCtx: 3, Train: 80.13%, Valid: 72.63%, Test In: 73.88% Test OOD1: 64.63% Test OOD2: 54.71% Test OOD3: 62.75% 
Epoch: 200, Loss: 2.2609, Cls: 0.9042, Ind: 0.0000, Med: 0.4527, Spu: 0.0000, FD: 0.4516, FDAug: 0.4523, Var: 0.0000, Ctx: 6, MixCtx: 3, Train: 80.05%, Valid: 73.21%, Test In: 74.53% Test OOD1: 66.42% Test OOD2: 54.41% Test OOD3: 63.64% 
Epoch: 201, Loss: 2.2956, Cls: 0.9182, Ind: 0.0000, Med: 0.4587, Spu: 0.0000, FD: 0.4596, FDAug: 0.4591, Var: 0.0000, Ctx: 6, MixCtx: 3, Train: 80.02%, Valid: 72.16%, Test In: 73.36% Test OOD1: 64.22% Test OOD2: 54.72% Test OOD3: 62.37% 
Epoch: 202, Loss: 2.3113, Cls: 0.9242, Ind: 0.0000, Med: 0.4629, Spu: 0.0000, FD: 0.4615, FDAug: 0.4628, Var: 0.0000, Ctx: 6, MixCtx: 3, Train: 79.82%, Valid: 73.37%, Test In: 74.73% Test OOD1: 66.96% Test OOD2: 54.26% Test OOD3: 63.91% 
Epoch: 203, Loss: 2.3384, Cls: 0.9357, Ind: 0.0000, Med: 0.4681, Spu: 0.0000, FD: 0.4676, FDAug: 0.4669, Var: 0.0000, Ctx: 6, MixCtx: 3, Train: 80.14%, Valid: 72.50%, Test In: 73.70% Test OOD1: 64.42% Test OOD2: 54.71% Test OOD3: 62.58% 
Epoch: 204, Loss: 2.2753, Cls: 0.9097, Ind: 0.0000, Med: 0.4547, Spu: 0.0000, FD: 0.4551, FDAug: 0.4556, Var: 0.0000, Ctx: 6, MixCtx: 3, Train: 80.39%, Valid: 72.79%, Test In: 74.03% Test OOD1: 65.65% Test OOD2: 54.66% Test OOD3: 63.14% 
Epoch: 205, Loss: 2.2279, Cls: 0.8911, Ind: 0.0000, Med: 0.4456, Spu: 0.0000, FD: 0.4456, FDAug: 0.4456, Var: 0.0000, Ctx: 6, MixCtx: 3, Train: 79.93%, Valid: 73.10%, Test In: 74.32% Test OOD1: 67.22% Test OOD2: 54.31% Test OOD3: 63.89% 
Epoch: 206, Loss: 2.2827, Cls: 0.9133, Ind: 0.0000, Med: 0.4569, Spu: 0.0000, FD: 0.4565, FDAug: 0.4560, Var: 0.0000, Ctx: 6, MixCtx: 3, Train: 80.11%, Valid: 72.42%, Test In: 73.60% Test OOD1: 65.52% Test OOD2: 54.77% Test OOD3: 62.94% 
Epoch: 207, Loss: 2.2911, Cls: 0.9160, Ind: 0.0000, Med: 0.4583, Spu: 0.0000, FD: 0.4578, FDAug: 0.4590, Var: 0.0000, Ctx: 6, MixCtx: 3, Train: 80.31%, Valid: 73.14%, Test In: 74.43% Test OOD1: 66.57% Test OOD2: 54.49% Test OOD3: 63.69% 
Epoch: 208, Loss: 2.2385, Cls: 0.8955, Ind: 0.0000, Med: 0.4478, Spu: 0.0000, FD: 0.4477, FDAug: 0.4475, Var: 0.0000, Ctx: 6, MixCtx: 3, Train: 80.28%, Valid: 73.05%, Test In: 74.41% Test OOD1: 66.04% Test OOD2: 54.51% Test OOD3: 63.50% 
Epoch: 209, Loss: 2.2345, Cls: 0.8938, Ind: 0.0000, Med: 0.4469, Spu: 0.0000, FD: 0.4470, FDAug: 0.4468, Var: 0.0000, Ctx: 6, MixCtx: 3, Train: 80.57%, Valid: 72.58%, Test In: 73.89% Test OOD1: 64.98% Test OOD2: 54.64% Test OOD3: 62.95% 
Epoch: 210, Loss: 2.2540, Cls: 0.9015, Ind: 0.0000, Med: 0.4513, Spu: 0.0000, FD: 0.4504, FDAug: 0.4508, Var: 0.0000, Ctx: 6, MixCtx: 3, Train: 80.24%, Valid: 73.03%, Test In: 74.30% Test OOD1: 66.78% Test OOD2: 54.37% Test OOD3: 63.75% 
Epoch: 211, Loss: 2.2338, Cls: 0.8934, Ind: 0.0000, Med: 0.4466, Spu: 0.0000, FD: 0.4469, FDAug: 0.4469, Var: 0.0000, Ctx: 6, MixCtx: 3, Train: 80.54%, Valid: 72.83%, Test In: 73.98% Test OOD1: 66.12% Test OOD2: 54.60% Test OOD3: 63.39% 
Epoch: 212, Loss: 2.2115, Cls: 0.8845, Ind: 0.0000, Med: 0.4424, Spu: 0.0000, FD: 0.4422, FDAug: 0.4423, Var: 0.0000, Ctx: 6, MixCtx: 3, Train: 80.53%, Valid: 72.50%, Test In: 73.65% Test OOD1: 65.11% Test OOD2: 54.70% Test OOD3: 62.87% 
Epoch: 213, Loss: 2.2226, Cls: 0.8890, Ind: 0.0000, Med: 0.4449, Spu: 0.0000, FD: 0.4442, FDAug: 0.4445, Var: 0.0000, Ctx: 6, MixCtx: 3, Train: 80.69%, Valid: 72.83%, Test In: 74.01% Test OOD1: 65.55% Test OOD2: 54.44% Test OOD3: 63.25% 
Epoch: 214, Loss: 2.2256, Cls: 0.8901, Ind: 0.0000, Med: 0.4449, Spu: 0.0000, FD: 0.4454, FDAug: 0.4452, Var: 0.0000, Ctx: 6, MixCtx: 3, Train: 80.85%, Valid: 72.54%, Test In: 73.73% Test OOD1: 64.98% Test OOD2: 54.39% Test OOD3: 62.92% 
Epoch: 215, Loss: 2.2050, Cls: 0.8819, Ind: 0.0000, Med: 0.4412, Spu: 0.0000, FD: 0.4408, FDAug: 0.4410, Var: 0.0000, Ctx: 6, MixCtx: 3, Train: 80.64%, Valid: 72.78%, Test In: 73.95% Test OOD1: 65.56% Test OOD2: 54.29% Test OOD3: 63.17% 
Epoch: 216, Loss: 2.2072, Cls: 0.8828, Ind: 0.0000, Med: 0.4416, Spu: 0.0000, FD: 0.4413, FDAug: 0.4415, Var: 0.0000, Ctx: 6, MixCtx: 3, Train: 80.92%, Valid: 72.69%, Test In: 73.79% Test OOD1: 65.04% Test OOD2: 54.33% Test OOD3: 62.94% 
Epoch: 217, Loss: 2.1949, Cls: 0.8779, Ind: 0.0000, Med: 0.4391, Spu: 0.0000, FD: 0.4389, FDAug: 0.4389, Var: 0.0000, Ctx: 6, MixCtx: 3, Train: 80.85%, Valid: 72.18%, Test In: 73.07% Test OOD1: 63.69% Test OOD2: 54.38% Test OOD3: 62.19% 
Epoch: 218, Loss: 2.2017, Cls: 0.8806, Ind: 0.0000, Med: 0.4405, Spu: 0.0000, FD: 0.4402, FDAug: 0.4403, Var: 0.0000, Ctx: 6, MixCtx: 3, Train: 81.00%, Valid: 72.36%, Test In: 73.18% Test OOD1: 64.32% Test OOD2: 54.39% Test OOD3: 62.48% 
Epoch: 219, Loss: 2.1952, Cls: 0.8781, Ind: 0.0000, Med: 0.4393, Spu: 0.0000, FD: 0.4389, FDAug: 0.4389, Var: 0.0000, Ctx: 6, MixCtx: 3, Train: 81.04%, Valid: 72.45%, Test In: 73.36% Test OOD1: 64.82% Test OOD2: 54.43% Test OOD3: 62.69% 
Epoch: 220, Loss: 2.1921, Cls: 0.8766, Ind: 0.0000, Med: 0.4385, Spu: 0.0000, FD: 0.4383, FDAug: 0.4387, Var: 0.0000, Ctx: 6, MixCtx: 3, Train: 81.11%, Valid: 72.52%, Test In: 73.56% Test OOD1: 64.48% Test OOD2: 54.31% Test OOD3: 62.66% 
Epoch: 221, Loss: 2.1860, Cls: 0.8743, Ind: 0.0000, Med: 0.4373, Spu: 0.0000, FD: 0.4371, FDAug: 0.4373, Var: 0.0000, Ctx: 6, MixCtx: 3, Train: 81.03%, Valid: 71.96%, Test In: 72.87% Test OOD1: 62.66% Test OOD2: 54.18% Test OOD3: 61.86% 
Epoch: 222, Loss: 2.1931, Cls: 0.8772, Ind: 0.0000, Med: 0.4389, Spu: 0.0000, FD: 0.4384, FDAug: 0.4386, Var: 0.0000, Ctx: 6, MixCtx: 3, Train: 81.31%, Valid: 72.37%, Test In: 73.25% Test OOD1: 63.97% Test OOD2: 54.33% Test OOD3: 62.44% 
Epoch: 223, Loss: 2.1901, Cls: 0.8760, Ind: 0.0000, Med: 0.4381, Spu: 0.0000, FD: 0.4381, FDAug: 0.4379, Var: 0.0000, Ctx: 6, MixCtx: 3, Train: 81.07%, Valid: 71.67%, Test In: 72.46% Test OOD1: 63.75% Test OOD2: 54.53% Test OOD3: 61.99% 
Epoch: 224, Loss: 2.2398, Cls: 0.8954, Ind: 0.0000, Med: 0.4486, Spu: 0.0000, FD: 0.4470, FDAug: 0.4486, Var: 0.0000, Ctx: 6, MixCtx: 3, Train: 80.65%, Valid: 73.09%, Test In: 74.15% Test OOD1: 66.17% Test OOD2: 54.11% Test OOD3: 63.58% 
Epoch: 225, Loss: 2.4651, Cls: 0.9862, Ind: 0.0000, Med: 0.4930, Spu: 0.0000, FD: 0.4933, FDAug: 0.4925, Var: 0.0000, Ctx: 6, MixCtx: 3, Train: 79.01%, Valid: 69.05%, Test In: 69.50% Test OOD1: 59.07% Test OOD2: 53.60% Test OOD3: 59.39% 
Epoch: 226, Loss: 2.6509, Cls: 1.0587, Ind: 0.0000, Med: 0.5301, Spu: 0.0000, FD: 0.5290, FDAug: 0.5330, Var: 0.0000, Ctx: 6, MixCtx: 3, Train: 79.47%, Valid: 71.97%, Test In: 73.00% Test OOD1: 63.03% Test OOD2: 53.65% Test OOD3: 61.81% 
Epoch: 227, Loss: 2.4020, Cls: 0.9614, Ind: 0.0000, Med: 0.4813, Spu: 0.0000, FD: 0.4803, FDAug: 0.4789, Var: 0.0000, Ctx: 6, MixCtx: 3, Train: 80.05%, Valid: 72.73%, Test In: 73.85% Test OOD1: 65.42% Test OOD2: 54.17% Test OOD3: 63.08% 
Epoch: 228, Loss: 2.4324, Cls: 0.9739, Ind: 0.0000, Med: 0.4881, Spu: 0.0000, FD: 0.4861, FDAug: 0.4843, Var: 0.0000, Ctx: 6, MixCtx: 3, Train: 80.54%, Valid: 72.28%, Test In: 73.33% Test OOD1: 65.64% Test OOD2: 54.64% Test OOD3: 63.21% 
Epoch: 229, Loss: 2.2549, Cls: 0.9016, Ind: 0.0001, Med: 0.4494, Spu: 0.0000, FD: 0.4527, FDAug: 0.4512, Var: 0.0000, Ctx: 6, MixCtx: 3, Train: 78.98%, Valid: 72.28%, Test In: 73.57% Test OOD1: 66.93% Test OOD2: 54.36% Test OOD3: 63.73% 
Epoch: 230, Loss: 2.3176, Cls: 0.9262, Ind: 0.0000, Med: 0.4641, Spu: 0.0000, FD: 0.4629, FDAug: 0.4644, Var: 0.0000, Ctx: 6, MixCtx: 3, Train: 77.32%, Valid: 72.18%, Test In: 73.90% Test OOD1: 67.92% Test OOD2: 53.78% Test OOD3: 64.29% 
Epoch: 231, Loss: 2.3722, Cls: 0.9489, Ind: 0.0000, Med: 0.4761, Spu: 0.0000, FD: 0.4734, FDAug: 0.4738, Var: 0.0000, Ctx: 6, MixCtx: 3, Train: 77.87%, Valid: 72.34%, Test In: 74.10% Test OOD1: 67.91% Test OOD2: 53.80% Test OOD3: 64.27% 
Epoch: 232, Loss: 2.3202, Cls: 0.9279, Ind: 0.0000, Med: 0.4649, Spu: 0.0000, FD: 0.4636, FDAug: 0.4638, Var: 0.0000, Ctx: 6, MixCtx: 3, Train: 79.20%, Valid: 72.58%, Test In: 74.28% Test OOD1: 67.28% Test OOD2: 54.08% Test OOD3: 64.24% 
Epoch: 233, Loss: 2.3284, Cls: 0.9307, Ind: 0.0000, Med: 0.4650, Spu: 0.0000, FD: 0.4663, FDAug: 0.4663, Var: 0.0000, Ctx: 6, MixCtx: 3, Train: 79.38%, Valid: 72.76%, Test In: 74.46% Test OOD1: 67.26% Test OOD2: 54.09% Test OOD3: 64.34% 
Epoch: 234, Loss: 2.2997, Cls: 0.9195, Ind: 0.0000, Med: 0.4588, Spu: 0.0000, FD: 0.4612, FDAug: 0.4602, Var: 0.0000, Ctx: 6, MixCtx: 3, Train: 79.09%, Valid: 72.82%, Test In: 74.50% Test OOD1: 67.69% Test OOD2: 53.93% Test OOD3: 64.47% 
Epoch: 235, Loss: 2.2962, Cls: 0.9185, Ind: 0.0000, Med: 0.4587, Spu: 0.0000, FD: 0.4600, FDAug: 0.4590, Var: 0.0000, Ctx: 6, MixCtx: 3, Train: 79.03%, Valid: 72.82%, Test In: 74.44% Test OOD1: 67.65% Test OOD2: 53.91% Test OOD3: 64.39% 
Epoch: 236, Loss: 2.3201, Cls: 0.9281, Ind: 0.0000, Med: 0.4637, Spu: 0.0000, FD: 0.4645, FDAug: 0.4638, Var: 0.0000, Ctx: 6, MixCtx: 3, Train: 79.33%, Valid: 72.74%, Test In: 74.38% Test OOD1: 67.01% Test OOD2: 54.06% Test OOD3: 64.10% 
Epoch: 237, Loss: 2.2891, Cls: 0.9156, Ind: 0.0000, Med: 0.4575, Spu: 0.0000, FD: 0.4582, FDAug: 0.4578, Var: 0.0000, Ctx: 6, MixCtx: 3, Train: 79.58%, Valid: 72.58%, Test In: 74.10% Test OOD1: 66.39% Test OOD2: 54.06% Test OOD3: 63.79% 
Epoch: 238, Loss: 2.3011, Cls: 0.9205, Ind: 0.0000, Med: 0.4604, Spu: 0.0000, FD: 0.4602, FDAug: 0.4600, Var: 0.0000, Ctx: 6, MixCtx: 3, Train: 79.61%, Valid: 72.62%, Test In: 73.92% Test OOD1: 66.85% Test OOD2: 54.07% Test OOD3: 63.83% 
Epoch: 239, Loss: 2.2721, Cls: 0.9089, Ind: 0.0000, Med: 0.4550, Spu: 0.0000, FD: 0.4541, FDAug: 0.4541, Var: 0.0000, Ctx: 6, MixCtx: 3, Train: 79.23%, Valid: 72.70%, Test In: 73.86% Test OOD1: 67.53% Test OOD2: 53.99% Test OOD3: 64.02% 
Epoch: 240, Loss: 2.2724, Cls: 0.9089, Ind: 0.0000, Med: 0.4547, Spu: 0.0000, FD: 0.4544, FDAug: 0.4544, Var: 0.0000, Ctx: 6, MixCtx: 3, Train: 79.23%, Valid: 72.77%, Test In: 73.82% Test OOD1: 67.42% Test OOD2: 54.08% Test OOD3: 64.01% 
Epoch: 241, Loss: 2.2692, Cls: 0.9076, Ind: 0.0001, Med: 0.4539, Spu: 0.0000, FD: 0.4539, FDAug: 0.4538, Var: 0.0000, Ctx: 6, MixCtx: 3, Train: 79.49%, Valid: 72.77%, Test In: 73.84% Test OOD1: 66.67% Test OOD2: 54.27% Test OOD3: 63.70% 
Epoch: 242, Loss: 2.2676, Cls: 0.9070, Ind: 0.0000, Med: 0.4535, Spu: 0.0000, FD: 0.4536, FDAug: 0.4536, Var: 0.0000, Ctx: 6, MixCtx: 3, Train: 79.83%, Valid: 72.91%, Test In: 74.07% Test OOD1: 66.65% Test OOD2: 54.27% Test OOD3: 63.69% 
Epoch: 243, Loss: 2.2476, Cls: 0.8990, Ind: 0.0000, Med: 0.4496, Spu: 0.0000, FD: 0.4495, FDAug: 0.4495, Var: 0.0000, Ctx: 6, MixCtx: 3, Train: 80.03%, Valid: 73.12%, Test In: 74.32% Test OOD1: 66.86% Test OOD2: 54.01% Test OOD3: 63.91% 
Epoch: 244, Loss: 2.2403, Cls: 0.8961, Ind: 0.0000, Med: 0.4483, Spu: 0.0000, FD: 0.4479, FDAug: 0.4479, Var: 0.0000, Ctx: 6, MixCtx: 3, Train: 80.29%, Valid: 72.93%, Test In: 74.20% Test OOD1: 66.04% Test OOD2: 54.03% Test OOD3: 63.63% 
Epoch: 245, Loss: 2.2316, Cls: 0.8926, Ind: 0.0000, Med: 0.4467, Spu: 0.0000, FD: 0.4461, FDAug: 0.4461, Var: 0.0000, Ctx: 6, MixCtx: 3, Train: 80.51%, Valid: 72.42%, Test In: 73.71% Test OOD1: 64.65% Test OOD2: 54.04% Test OOD3: 63.04% 
Epoch: 246, Loss: 2.2342, Cls: 0.8937, Ind: 0.0000, Med: 0.4472, Spu: 0.0000, FD: 0.4466, FDAug: 0.4467, Var: 0.0000, Ctx: 6, MixCtx: 3, Train: 80.63%, Valid: 72.39%, Test In: 73.60% Test OOD1: 64.75% Test OOD2: 53.98% Test OOD3: 63.08% 
Epoch: 247, Loss: 2.2190, Cls: 0.8876, Ind: 0.0000, Med: 0.4441, Spu: 0.0000, FD: 0.4436, FDAug: 0.4436, Var: 0.0000, Ctx: 6, MixCtx: 3, Train: 80.67%, Valid: 72.69%, Test In: 73.88% Test OOD1: 65.67% Test OOD2: 53.93% Test OOD3: 63.46% 
Epoch: 248, Loss: 2.2122, Cls: 0.8848, Ind: 0.0000, Med: 0.4425, Spu: 0.0000, FD: 0.4424, FDAug: 0.4424, Var: 0.0000, Ctx: 6, MixCtx: 3, Train: 80.89%, Valid: 72.49%, Test In: 73.68% Test OOD1: 64.99% Test OOD2: 54.14% Test OOD3: 63.15% 
Epoch: 249, Loss: 2.1999, Cls: 0.8799, Ind: 0.0000, Med: 0.4401, Spu: 0.0000, FD: 0.4399, FDAug: 0.4399, Var: 0.0000, Ctx: 6, MixCtx: 3, Train: 80.77%, Valid: 72.18%, Test In: 73.30% Test OOD1: 64.25% Test OOD2: 54.13% Test OOD3: 62.76% 
Epoch: 250, Loss: 2.2109, Cls: 0.8844, Ind: 0.0000, Med: 0.4424, Spu: 0.0000, FD: 0.4420, FDAug: 0.4420, Var: 0.0000, Ctx: 6, MixCtx: 3, Train: 81.00%, Valid: 72.31%, Test In: 73.37% Test OOD1: 64.55% Test OOD2: 54.02% Test OOD3: 62.88% 
Epoch: 251, Loss: 2.1978, Cls: 0.8790, Ind: 0.0000, Med: 0.4394, Spu: 0.0000, FD: 0.4397, FDAug: 0.4396, Var: 0.0000, Ctx: 6, MixCtx: 3, Train: 81.14%, Valid: 71.74%, Test In: 72.62% Test OOD1: 63.24% Test OOD2: 53.88% Test OOD3: 62.30% 
Epoch: 252, Loss: 2.1896, Cls: 0.8758, Ind: 0.0000, Med: 0.4381, Spu: 0.0000, FD: 0.4378, FDAug: 0.4378, Var: 0.0000, Ctx: 6, MixCtx: 3, Train: 80.92%, Valid: 71.18%, Test In: 71.93% Test OOD1: 62.04% Test OOD2: 53.71% Test OOD3: 61.67% 
Epoch: 253, Loss: 2.1990, Cls: 0.8798, Ind: 0.0000, Med: 0.4405, Spu: 0.0000, FD: 0.4394, FDAug: 0.4394, Var: 0.0000, Ctx: 6, MixCtx: 3, Train: 81.33%, Valid: 71.85%, Test In: 72.70% Test OOD1: 63.13% Test OOD2: 53.96% Test OOD3: 62.23% 
Epoch: 254, Loss: 2.1825, Cls: 0.8729, Ind: 0.0000, Med: 0.4365, Spu: 0.0000, FD: 0.4365, FDAug: 0.4365, Var: 0.0000, Ctx: 6, MixCtx: 3, Train: 81.32%, Valid: 72.08%, Test In: 72.99% Test OOD1: 63.76% Test OOD2: 54.13% Test OOD3: 62.45% 
Epoch: 255, Loss: 2.1805, Cls: 0.8721, Ind: 0.0000, Med: 0.4359, Spu: 0.0000, FD: 0.4363, FDAug: 0.4362, Var: 0.0000, Ctx: 6, MixCtx: 3, Train: 81.35%, Valid: 71.69%, Test In: 72.59% Test OOD1: 63.08% Test OOD2: 54.20% Test OOD3: 62.07% 
Epoch: 256, Loss: 2.1887, Cls: 0.8755, Ind: 0.0000, Med: 0.4380, Spu: 0.0000, FD: 0.4376, FDAug: 0.4376, Var: 0.0000, Ctx: 6, MixCtx: 3, Train: 81.41%, Valid: 71.98%, Test In: 72.93% Test OOD1: 63.68% Test OOD2: 54.17% Test OOD3: 62.46% 
Epoch: 257, Loss: 2.1782, Cls: 0.8711, Ind: 0.0000, Med: 0.4354, Spu: 0.0000, FD: 0.4358, FDAug: 0.4358, Var: 0.0000, Ctx: 6, MixCtx: 3, Train: 81.47%, Valid: 71.36%, Test In: 72.17% Test OOD1: 62.50% Test OOD2: 54.01% Test OOD3: 61.84% 
Epoch: 258, Loss: 2.1714, Cls: 0.8686, Ind: 0.0000, Med: 0.4345, Spu: 0.0000, FD: 0.4341, FDAug: 0.4341, Var: 0.0000, Ctx: 6, MixCtx: 3, Train: 81.56%, Valid: 71.20%, Test In: 72.02% Test OOD1: 62.22% Test OOD2: 53.96% Test OOD3: 61.72% 
Epoch: 259, Loss: 2.1680, Cls: 0.8673, Ind: 0.0000, Med: 0.4339, Spu: 0.0000, FD: 0.4334, FDAug: 0.4334, Var: 0.0000, Ctx: 6, MixCtx: 3, Train: 81.68%, Valid: 71.61%, Test In: 72.56% Test OOD1: 63.25% Test OOD2: 54.17% Test OOD3: 62.19% 
Epoch: 260, Loss: 2.1670, Cls: 0.8668, Ind: 0.0000, Med: 0.4337, Spu: 0.0000, FD: 0.4332, FDAug: 0.4332, Var: 0.0000, Ctx: 6, MixCtx: 3, Train: 81.61%, Valid: 71.32%, Test In: 72.23% Test OOD1: 63.24% Test OOD2: 54.28% Test OOD3: 61.97% 
Epoch: 261, Loss: 2.1685, Cls: 0.8673, Ind: 0.0000, Med: 0.4336, Spu: 0.0000, FD: 0.4338, FDAug: 0.4338, Var: 0.0000, Ctx: 6, MixCtx: 3, Train: 81.76%, Valid: 71.69%, Test In: 72.58% Test OOD1: 64.04% Test OOD2: 54.23% Test OOD3: 62.41% 
Epoch: 262, Loss: 2.1635, Cls: 0.8654, Ind: 0.0000, Med: 0.4329, Spu: 0.0000, FD: 0.4326, FDAug: 0.4325, Var: 0.0000, Ctx: 6, MixCtx: 3, Train: 81.76%, Valid: 71.18%, Test In: 71.97% Test OOD1: 63.19% Test OOD2: 54.08% Test OOD3: 61.92% 
Epoch: 263, Loss: 2.1644, Cls: 0.8657, Ind: 0.0000, Med: 0.4329, Spu: 0.0000, FD: 0.4329, FDAug: 0.4329, Var: 0.0000, Ctx: 6, MixCtx: 3, Train: 81.82%, Valid: 71.66%, Test In: 72.51% Test OOD1: 63.71% Test OOD2: 54.08% Test OOD3: 62.33% 
Epoch: 264, Loss: 2.1605, Cls: 0.8642, Ind: 0.0000, Med: 0.4323, Spu: 0.0000, FD: 0.4320, FDAug: 0.4319, Var: 0.0000, Ctx: 6, MixCtx: 3, Train: 81.93%, Valid: 71.47%, Test In: 72.32% Test OOD1: 63.07% Test OOD2: 54.13% Test OOD3: 62.01% 
Epoch: 265, Loss: 2.1534, Cls: 0.8613, Ind: 0.0000, Med: 0.4307, Spu: 0.0000, FD: 0.4307, FDAug: 0.4307, Var: 0.0000, Ctx: 6, MixCtx: 3, Train: 81.95%, Valid: 71.65%, Test In: 72.52% Test OOD1: 63.51% Test OOD2: 54.26% Test OOD3: 62.25% 
Epoch: 266, Loss: 2.1494, Cls: 0.8597, Ind: 0.0000, Med: 0.4299, Spu: 0.0000, FD: 0.4299, FDAug: 0.4299, Var: 0.0000, Ctx: 6, MixCtx: 3, Train: 82.03%, Valid: 71.50%, Test In: 72.28% Test OOD1: 63.51% Test OOD2: 54.32% Test OOD3: 62.17% 
Epoch: 267, Loss: 2.1461, Cls: 0.8584, Ind: 0.0000, Med: 0.4293, Spu: 0.0000, FD: 0.4292, FDAug: 0.4292, Var: 0.0000, Ctx: 6, MixCtx: 3, Train: 82.06%, Valid: 71.16%, Test In: 71.82% Test OOD1: 63.00% Test OOD2: 54.23% Test OOD3: 61.82% 
Epoch: 268, Loss: 2.1462, Cls: 0.8585, Ind: 0.0000, Med: 0.4294, Spu: 0.0000, FD: 0.4291, FDAug: 0.4291, Var: 0.0000, Ctx: 6, MixCtx: 3, Train: 82.17%, Valid: 71.55%, Test In: 72.19% Test OOD1: 63.30% Test OOD2: 54.15% Test OOD3: 62.02% 
Epoch: 269, Loss: 2.1443, Cls: 0.8577, Ind: 0.0000, Med: 0.4288, Spu: 0.0000, FD: 0.4289, FDAug: 0.4288, Var: 0.0000, Ctx: 6, MixCtx: 3, Train: 82.17%, Valid: 71.27%, Test In: 71.91% Test OOD1: 62.59% Test OOD2: 54.04% Test OOD3: 61.57% 
Epoch: 270, Loss: 2.1446, Cls: 0.8578, Ind: 0.0000, Med: 0.4290, Spu: 0.0000, FD: 0.4289, FDAug: 0.4289, Var: 0.0000, Ctx: 6, MixCtx: 3, Train: 82.12%, Valid: 71.80%, Test In: 72.46% Test OOD1: 63.72% Test OOD2: 54.08% Test OOD3: 62.19% 
Epoch: 271, Loss: 2.1449, Cls: 0.8579, Ind: 0.0000, Med: 0.4290, Spu: 0.0000, FD: 0.4290, FDAug: 0.4290, Var: 0.0000, Ctx: 6, MixCtx: 3, Train: 82.26%, Valid: 71.04%, Test In: 71.58% Test OOD1: 62.44% Test OOD2: 54.00% Test OOD3: 61.44% 
Epoch: 272, Loss: 2.1463, Cls: 0.8585, Ind: 0.0000, Med: 0.4295, Spu: 0.0000, FD: 0.4291, FDAug: 0.4292, Var: 0.0000, Ctx: 6, MixCtx: 3, Train: 82.25%, Valid: 71.74%, Test In: 72.35% Test OOD1: 63.59% Test OOD2: 54.10% Test OOD3: 62.17% 
Epoch: 273, Loss: 2.1515, Cls: 0.8606, Ind: 0.0000, Med: 0.4303, Spu: 0.0000, FD: 0.4303, FDAug: 0.4302, Var: 0.0000, Ctx: 6, MixCtx: 3, Train: 82.12%, Valid: 70.68%, Test In: 71.11% Test OOD1: 61.54% Test OOD2: 53.97% Test OOD3: 60.95% 
Epoch: 274, Loss: 2.1640, Cls: 0.8655, Ind: 0.0000, Med: 0.4329, Spu: 0.0000, FD: 0.4327, FDAug: 0.4329, Var: 0.0000, Ctx: 6, MixCtx: 3, Train: 82.27%, Valid: 71.92%, Test In: 72.61% Test OOD1: 63.67% Test OOD2: 54.14% Test OOD3: 62.29% 
Epoch: 275, Loss: 2.1672, Cls: 0.8670, Ind: 0.0000, Med: 0.4336, Spu: 0.0000, FD: 0.4334, FDAug: 0.4332, Var: 0.0000, Ctx: 6, MixCtx: 3, Train: 82.31%, Valid: 70.78%, Test In: 71.27% Test OOD1: 61.81% Test OOD2: 54.03% Test OOD3: 61.10% 
Epoch: 276, Loss: 2.1649, Cls: 0.8658, Ind: 0.0000, Med: 0.4329, Spu: 0.0000, FD: 0.4330, FDAug: 0.4332, Var: 0.0000, Ctx: 6, MixCtx: 3, Train: 82.22%, Valid: 71.95%, Test In: 72.63% Test OOD1: 64.15% Test OOD2: 54.06% Test OOD3: 62.46% 
Epoch: 277, Loss: 2.1598, Cls: 0.8640, Ind: 0.0000, Med: 0.4323, Spu: 0.0000, FD: 0.4318, FDAug: 0.4316, Var: 0.0000, Ctx: 6, MixCtx: 3, Train: 82.40%, Valid: 70.88%, Test In: 71.37% Test OOD1: 61.92% Test OOD2: 53.94% Test OOD3: 61.15% 
Epoch: 278, Loss: 2.1565, Cls: 0.8624, Ind: 0.0000, Med: 0.4311, Spu: 0.0000, FD: 0.4313, FDAug: 0.4316, Var: 0.0000, Ctx: 6, MixCtx: 3, Train: 82.49%, Valid: 71.83%, Test In: 72.47% Test OOD1: 63.63% Test OOD2: 54.04% Test OOD3: 62.19% 
Epoch: 279, Loss: 2.1406, Cls: 0.8563, Ind: 0.0000, Med: 0.4284, Spu: 0.0000, FD: 0.4280, FDAug: 0.4278, Var: 0.0000, Ctx: 6, MixCtx: 3, Train: 82.59%, Valid: 71.25%, Test In: 71.87% Test OOD1: 62.88% Test OOD2: 54.14% Test OOD3: 61.67% 
Epoch: 280, Loss: 2.1227, Cls: 0.8490, Ind: 0.0000, Med: 0.4245, Spu: 0.0000, FD: 0.4245, FDAug: 0.4247, Var: 0.0000, Ctx: 6, MixCtx: 3, Train: 82.59%, Valid: 71.34%, Test In: 72.00% Test OOD1: 63.30% Test OOD2: 54.17% Test OOD3: 61.94% 
Epoch: 281, Loss: 2.1186, Cls: 0.8474, Ind: 0.0000, Med: 0.4238, Spu: 0.0000, FD: 0.4236, FDAug: 0.4237, Var: 0.0000, Ctx: 6, MixCtx: 3, Train: 82.63%, Valid: 71.64%, Test In: 72.32% Test OOD1: 63.54% Test OOD2: 54.10% Test OOD3: 62.18% 
Epoch: 282, Loss: 2.1206, Cls: 0.8482, Ind: 0.0000, Med: 0.4241, Spu: 0.0000, FD: 0.4241, FDAug: 0.4241, Var: 0.0000, Ctx: 6, MixCtx: 3, Train: 82.67%, Valid: 70.99%, Test In: 71.54% Test OOD1: 62.08% Test OOD2: 53.97% Test OOD3: 61.32% 
Epoch: 283, Loss: 2.1325, Cls: 0.8529, Ind: 0.0000, Med: 0.4267, Spu: 0.0000, FD: 0.4263, FDAug: 0.4265, Var: 0.0000, Ctx: 6, MixCtx: 3, Train: 82.60%, Valid: 71.83%, Test In: 72.42% Test OOD1: 63.76% Test OOD2: 54.01% Test OOD3: 62.32% 
Epoch: 284, Loss: 2.1463, Cls: 0.8585, Ind: 0.0000, Med: 0.4290, Spu: 0.0000, FD: 0.4296, FDAug: 0.4293, Var: 0.0000, Ctx: 6, MixCtx: 3, Train: 82.64%, Valid: 70.49%, Test In: 70.94% Test OOD1: 61.85% Test OOD2: 53.96% Test OOD3: 60.99% 
Epoch: 285, Loss: 2.1700, Cls: 0.8681, Ind: 0.0000, Med: 0.4348, Spu: 0.0000, FD: 0.4334, FDAug: 0.4338, Var: 0.0000, Ctx: 6, MixCtx: 3, Train: 82.36%, Valid: 72.05%, Test In: 72.77% Test OOD1: 64.32% Test OOD2: 53.98% Test OOD3: 62.65% 
Epoch: 286, Loss: 2.2025, Cls: 0.8809, Ind: 0.0000, Med: 0.4399, Spu: 0.0000, FD: 0.4410, FDAug: 0.4406, Var: 0.0000, Ctx: 6, MixCtx: 3, Train: 82.29%, Valid: 69.93%, Test In: 70.34% Test OOD1: 60.81% Test OOD2: 53.75% Test OOD3: 60.42% 
Epoch: 287, Loss: 2.2054, Cls: 0.8821, Ind: 0.0000, Med: 0.4416, Spu: 0.0000, FD: 0.4406, FDAug: 0.4411, Var: 0.0000, Ctx: 6, MixCtx: 3, Train: 82.85%, Valid: 71.48%, Test In: 72.06% Test OOD1: 62.99% Test OOD2: 53.80% Test OOD3: 61.92% 
Epoch: 288, Loss: 2.1457, Cls: 0.8583, Ind: 0.0000, Med: 0.4291, Spu: 0.0000, FD: 0.4293, FDAug: 0.4290, Var: 0.0000, Ctx: 6, MixCtx: 3, Train: 82.87%, Valid: 71.32%, Test In: 71.91% Test OOD1: 63.30% Test OOD2: 53.92% Test OOD3: 61.98% 
Epoch: 289, Loss: 2.1084, Cls: 0.8434, Ind: 0.0000, Med: 0.4218, Spu: 0.0000, FD: 0.4216, FDAug: 0.4216, Var: 0.0000, Ctx: 6, MixCtx: 3, Train: 82.79%, Valid: 70.80%, Test In: 71.39% Test OOD1: 62.71% Test OOD2: 54.06% Test OOD3: 61.45% 
Epoch: 290, Loss: 2.1630, Cls: 0.8650, Ind: 0.0000, Med: 0.4327, Spu: 0.0000, FD: 0.4324, FDAug: 0.4329, Var: 0.0000, Ctx: 6, MixCtx: 3, Train: 82.20%, Valid: 72.09%, Test In: 72.95% Test OOD1: 64.70% Test OOD2: 53.95% Test OOD3: 62.94% 
Epoch: 291, Loss: 2.1957, Cls: 0.8784, Ind: 0.0000, Med: 0.4392, Spu: 0.0000, FD: 0.4392, FDAug: 0.4388, Var: 0.0000, Ctx: 6, MixCtx: 3, Train: 82.68%, Valid: 70.64%, Test In: 71.19% Test OOD1: 61.62% Test OOD2: 53.74% Test OOD3: 61.17% 
Epoch: 292, Loss: 2.1458, Cls: 0.8581, Ind: 0.0000, Med: 0.4291, Spu: 0.0000, FD: 0.4291, FDAug: 0.4294, Var: 0.0000, Ctx: 6, MixCtx: 3, Train: 82.77%, Valid: 70.90%, Test In: 71.40% Test OOD1: 62.37% Test OOD2: 53.84% Test OOD3: 61.50% 
Epoch: 293, Loss: 2.1177, Cls: 0.8470, Ind: 0.0000, Med: 0.4237, Spu: 0.0000, FD: 0.4234, FDAug: 0.4236, Var: 0.0000, Ctx: 6, MixCtx: 3, Train: 82.59%, Valid: 71.89%, Test In: 72.57% Test OOD1: 64.54% Test OOD2: 54.12% Test OOD3: 62.69% 
Epoch: 294, Loss: 2.1565, Cls: 0.8626, Ind: 0.0000, Med: 0.4312, Spu: 0.0000, FD: 0.4314, FDAug: 0.4312, Var: 0.0000, Ctx: 6, MixCtx: 3, Train: 82.69%, Valid: 70.93%, Test In: 71.57% Test OOD1: 62.96% Test OOD2: 54.15% Test OOD3: 61.52% 
Epoch: 295, Loss: 2.1622, Cls: 0.8647, Ind: 0.0000, Med: 0.4326, Spu: 0.0000, FD: 0.4322, FDAug: 0.4327, Var: 0.0000, Ctx: 6, MixCtx: 3, Train: 82.92%, Valid: 71.56%, Test In: 72.35% Test OOD1: 63.70% Test OOD2: 53.80% Test OOD3: 62.31% 
Epoch: 296, Loss: 2.1089, Cls: 0.8436, Ind: 0.0000, Med: 0.4219, Spu: 0.0000, FD: 0.4217, FDAug: 0.4217, Var: 0.0000, Ctx: 6, MixCtx: 3, Train: 82.91%, Valid: 71.15%, Test In: 71.97% Test OOD1: 62.50% Test OOD2: 53.53% Test OOD3: 61.78% 
Epoch: 297, Loss: 2.1123, Cls: 0.8449, Ind: 0.0000, Med: 0.4227, Spu: 0.0000, FD: 0.4223, FDAug: 0.4223, Var: 0.0000, Ctx: 6, MixCtx: 3, Train: 82.99%, Valid: 70.62%, Test In: 71.32% Test OOD1: 61.47% Test OOD2: 53.55% Test OOD3: 61.05% 
Epoch: 298, Loss: 2.1218, Cls: 0.8487, Ind: 0.0000, Med: 0.4247, Spu: 0.0000, FD: 0.4241, FDAug: 0.4243, Var: 0.0000, Ctx: 6, MixCtx: 3, Train: 83.01%, Valid: 71.63%, Test In: 72.36% Test OOD1: 63.77% Test OOD2: 53.92% Test OOD3: 62.19% 
Epoch: 299, Loss: 2.1071, Cls: 0.8428, Ind: 0.0000, Med: 0.4214, Spu: 0.0000, FD: 0.4215, FDAug: 0.4214, Var: 0.0000, Ctx: 6, MixCtx: 3, Train: 82.98%, Valid: 71.14%, Test In: 71.71% Test OOD1: 63.25% Test OOD2: 54.03% Test OOD3: 61.63% 
Epoch: 300, Loss: 2.1014, Cls: 0.8405, Ind: 0.0000, Med: 0.4206, Spu: 0.0000, FD: 0.4201, FDAug: 0.4202, Var: 0.0000, Ctx: 6, MixCtx: 3, Train: 83.23%, Valid: 70.89%, Test In: 71.42% Test OOD1: 62.35% Test OOD2: 53.83% Test OOD3: 61.28% 
Epoch: 301, Loss: 2.0888, Cls: 0.8355, Ind: 0.0000, Med: 0.4181, Spu: 0.0000, FD: 0.4175, FDAug: 0.4176, Var: 0.0000, Ctx: 6, MixCtx: 3, Train: 83.20%, Valid: 71.17%, Test In: 71.87% Test OOD1: 62.33% Test OOD2: 53.55% Test OOD3: 61.53% 
Epoch: 302, Loss: 2.0994, Cls: 0.8398, Ind: 0.0000, Med: 0.4200, Spu: 0.0000, FD: 0.4198, FDAug: 0.4198, Var: 0.0000, Ctx: 6, MixCtx: 3, Train: 83.23%, Valid: 70.61%, Test In: 71.33% Test OOD1: 61.61% Test OOD2: 53.43% Test OOD3: 61.19% 
Epoch: 303, Loss: 2.1029, Cls: 0.8412, Ind: 0.0000, Med: 0.4211, Spu: 0.0000, FD: 0.4202, FDAug: 0.4205, Var: 0.0000, Ctx: 6, MixCtx: 3, Train: 83.11%, Valid: 71.39%, Test In: 72.10% Test OOD1: 63.41% Test OOD2: 53.70% Test OOD3: 62.08% 
Epoch: 304, Loss: 2.1022, Cls: 0.8408, Ind: 0.0000, Med: 0.4205, Spu: 0.0000, FD: 0.4204, FDAug: 0.4204, Var: 0.0000, Ctx: 6, MixCtx: 3, Train: 83.24%, Valid: 70.38%, Test In: 70.84% Test OOD1: 61.68% Test OOD2: 53.74% Test OOD3: 60.76% 
Epoch: 305, Loss: 2.0996, Cls: 0.8398, Ind: 0.0000, Med: 0.4203, Spu: 0.0000, FD: 0.4196, FDAug: 0.4199, Var: 0.0000, Ctx: 6, MixCtx: 3, Train: 83.35%, Valid: 71.04%, Test In: 71.53% Test OOD1: 62.44% Test OOD2: 53.72% Test OOD3: 61.38% 
Epoch: 306, Loss: 2.1143, Cls: 0.8457, Ind: 0.0000, Med: 0.4230, Spu: 0.0000, FD: 0.4229, FDAug: 0.4227, Var: 0.0000, Ctx: 6, MixCtx: 3, Train: 83.41%, Valid: 70.18%, Test In: 70.76% Test OOD1: 61.48% Test OOD2: 53.57% Test OOD3: 60.88% 
Epoch: 307, Loss: 2.1119, Cls: 0.8446, Ind: 0.0000, Med: 0.4227, Spu: 0.0000, FD: 0.4221, FDAug: 0.4225, Var: 0.0000, Ctx: 6, MixCtx: 3, Train: 82.84%, Valid: 71.44%, Test In: 72.40% Test OOD1: 63.52% Test OOD2: 53.66% Test OOD3: 62.29% 
Epoch: 308, Loss: 2.1392, Cls: 0.8557, Ind: 0.0000, Med: 0.4281, Spu: 0.0000, FD: 0.4278, FDAug: 0.4276, Var: 0.0000, Ctx: 6, MixCtx: 3, Train: 83.34%, Valid: 69.89%, Test In: 70.50% Test OOD1: 60.65% Test OOD2: 53.37% Test OOD3: 60.54% 
Epoch: 309, Loss: 2.1273, Cls: 0.8506, Ind: 0.0000, Med: 0.4255, Spu: 0.0000, FD: 0.4254, FDAug: 0.4257, Var: 0.0000, Ctx: 6, MixCtx: 3, Train: 83.46%, Valid: 71.03%, Test In: 71.57% Test OOD1: 62.54% Test OOD2: 53.68% Test OOD3: 61.58% 
Epoch: 310, Loss: 2.1100, Cls: 0.8441, Ind: 0.0000, Med: 0.4224, Spu: 0.0000, FD: 0.4219, FDAug: 0.4216, Var: 0.0000, Ctx: 6, MixCtx: 3, Train: 83.41%, Valid: 70.64%, Test In: 71.21% Test OOD1: 62.46% Test OOD2: 53.88% Test OOD3: 61.23% 
Epoch: 311, Loss: 2.0857, Cls: 0.8341, Ind: 0.0000, Med: 0.4174, Spu: 0.0000, FD: 0.4169, FDAug: 0.4172, Var: 0.0000, Ctx: 6, MixCtx: 3, Train: 83.50%, Valid: 71.07%, Test In: 71.79% Test OOD1: 63.14% Test OOD2: 53.80% Test OOD3: 61.83% 
Epoch: 312, Loss: 2.0734, Cls: 0.8293, Ind: 0.0000, Med: 0.4150, Spu: 0.0000, FD: 0.4145, FDAug: 0.4145, Var: 0.0000, Ctx: 6, MixCtx: 3, Train: 83.60%, Valid: 70.84%, Test In: 71.53% Test OOD1: 62.31% Test OOD2: 53.48% Test OOD3: 61.57% 
Epoch: 313, Loss: 2.0727, Cls: 0.8291, Ind: 0.0000, Med: 0.4150, Spu: 0.0000, FD: 0.4143, FDAug: 0.4143, Var: 0.0000, Ctx: 6, MixCtx: 3, Train: 83.52%, Valid: 70.43%, Test In: 71.13% Test OOD1: 61.44% Test OOD2: 53.39% Test OOD3: 61.03% 
Epoch: 314, Loss: 2.0822, Cls: 0.8328, Ind: 0.0000, Med: 0.4167, Spu: 0.0000, FD: 0.4163, FDAug: 0.4164, Var: 0.0000, Ctx: 6, MixCtx: 3, Train: 83.65%, Valid: 71.25%, Test In: 72.00% Test OOD1: 63.15% Test OOD2: 53.71% Test OOD3: 61.93% 
Epoch: 315, Loss: 2.0749, Cls: 0.8299, Ind: 0.0000, Med: 0.4153, Spu: 0.0000, FD: 0.4148, FDAug: 0.4149, Var: 0.0000, Ctx: 6, MixCtx: 3, Train: 83.60%, Valid: 70.71%, Test In: 71.27% Test OOD1: 62.64% Test OOD2: 53.85% Test OOD3: 61.38% 
Epoch: 316, Loss: 2.0874, Cls: 0.8348, Ind: 0.0000, Med: 0.4179, Spu: 0.0000, FD: 0.4172, FDAug: 0.4175, Var: 0.0000, Ctx: 6, MixCtx: 3, Train: 83.70%, Valid: 71.24%, Test In: 72.00% Test OOD1: 63.14% Test OOD2: 53.78% Test OOD3: 61.88% 
Epoch: 317, Loss: 2.0878, Cls: 0.8351, Ind: 0.0000, Med: 0.4178, Spu: 0.0000, FD: 0.4175, FDAug: 0.4175, Var: 0.0000, Ctx: 6, MixCtx: 3, Train: 83.62%, Valid: 69.91%, Test In: 70.52% Test OOD1: 60.82% Test OOD2: 53.42% Test OOD3: 60.45% 
Epoch: 318, Loss: 2.0975, Cls: 0.8389, Ind: 0.0000, Med: 0.4199, Spu: 0.0000, FD: 0.4192, FDAug: 0.4195, Var: 0.0000, Ctx: 6, MixCtx: 3, Train: 83.73%, Valid: 71.05%, Test In: 71.82% Test OOD1: 62.60% Test OOD2: 53.48% Test OOD3: 61.65% 
Epoch: 319, Loss: 2.0925, Cls: 0.8370, Ind: 0.0000, Med: 0.4189, Spu: 0.0000, FD: 0.4183, FDAug: 0.4183, Var: 0.0000, Ctx: 6, MixCtx: 3, Train: 83.90%, Valid: 70.34%, Test In: 70.95% Test OOD1: 61.70% Test OOD2: 53.57% Test OOD3: 60.89% 
Epoch: 320, Loss: 2.0762, Cls: 0.8304, Ind: 0.0000, Med: 0.4157, Spu: 0.0000, FD: 0.4149, FDAug: 0.4151, Var: 0.0000, Ctx: 6, MixCtx: 3, Train: 83.83%, Valid: 71.05%, Test In: 71.78% Test OOD1: 62.85% Test OOD2: 53.77% Test OOD3: 61.61% 
Epoch: 321, Loss: 2.0642, Cls: 0.8256, Ind: 0.0000, Med: 0.4131, Spu: 0.0000, FD: 0.4127, FDAug: 0.4127, Var: 0.0000, Ctx: 6, MixCtx: 3, Train: 83.92%, Valid: 70.44%, Test In: 71.00% Test OOD1: 61.76% Test OOD2: 53.66% Test OOD3: 60.91% 
Epoch: 322, Loss: 2.0552, Cls: 0.8220, Ind: 0.0000, Med: 0.4115, Spu: 0.0000, FD: 0.4108, FDAug: 0.4109, Var: 0.0000, Ctx: 6, MixCtx: 3, Train: 84.03%, Valid: 70.62%, Test In: 71.29% Test OOD1: 61.99% Test OOD2: 53.61% Test OOD3: 61.22% 
Epoch: 323, Loss: 2.0478, Cls: 0.8191, Ind: 0.0000, Med: 0.4100, Spu: 0.0000, FD: 0.4093, FDAug: 0.4094, Var: 0.0000, Ctx: 6, MixCtx: 3, Train: 83.98%, Valid: 70.86%, Test In: 71.62% Test OOD1: 62.55% Test OOD2: 53.60% Test OOD3: 61.60% 
Epoch: 324, Loss: 2.0498, Cls: 0.8199, Ind: 0.0000, Med: 0.4104, Spu: 0.0000, FD: 0.4097, FDAug: 0.4098, Var: 0.0000, Ctx: 6, MixCtx: 3, Train: 84.08%, Valid: 70.41%, Test In: 71.02% Test OOD1: 61.85% Test OOD2: 53.54% Test OOD3: 61.09% 
Epoch: 325, Loss: 2.0530, Cls: 0.8211, Ind: 0.0000, Med: 0.4112, Spu: 0.0000, FD: 0.4102, FDAug: 0.4104, Var: 0.0000, Ctx: 6, MixCtx: 3, Train: 84.04%, Valid: 70.93%, Test In: 71.62% Test OOD1: 62.47% Test OOD2: 53.60% Test OOD3: 61.43% 
Epoch: 326, Loss: 2.0722, Cls: 0.8288, Ind: 0.0000, Med: 0.4147, Spu: 0.0000, FD: 0.4143, FDAug: 0.4144, Var: 0.0000, Ctx: 6, MixCtx: 3, Train: 83.88%, Valid: 69.77%, Test In: 70.28% Test OOD1: 61.14% Test OOD2: 53.58% Test OOD3: 60.53% 
Epoch: 327, Loss: 2.1226, Cls: 0.8488, Ind: 0.0000, Med: 0.4251, Spu: 0.0000, FD: 0.4241, FDAug: 0.4246, Var: 0.0000, Ctx: 6, MixCtx: 3, Train: 83.36%, Valid: 71.53%, Test In: 72.42% Test OOD1: 63.79% Test OOD2: 53.64% Test OOD3: 62.55% 
Epoch: 328, Loss: 2.2792, Cls: 0.9113, Ind: 0.0000, Med: 0.4551, Spu: 0.0000, FD: 0.4564, FDAug: 0.4563, Var: 0.0000, Ctx: 6, MixCtx: 3, Train: 82.89%, Valid: 68.01%, Test In: 68.44% Test OOD1: 58.95% Test OOD2: 53.10% Test OOD3: 59.01% 
Epoch: 329, Loss: 2.3867, Cls: 0.9538, Ind: 0.0000, Med: 0.4766, Spu: 0.0000, FD: 0.4777, FDAug: 0.4786, Var: 0.0000, Ctx: 6, MixCtx: 3, Train: 83.84%, Valid: 70.92%, Test In: 71.82% Test OOD1: 62.32% Test OOD2: 53.42% Test OOD3: 61.52% 
Epoch: 330, Loss: 2.1935, Cls: 0.8776, Ind: 0.0000, Med: 0.4393, Spu: 0.0000, FD: 0.4385, FDAug: 0.4382, Var: 0.0000, Ctx: 6, MixCtx: 3, Train: 83.96%, Valid: 70.86%, Test In: 71.61% Test OOD1: 62.92% Test OOD2: 53.58% Test OOD3: 61.68% 
Epoch: 331, Loss: 2.1052, Cls: 0.8421, Ind: 0.0000, Med: 0.4213, Spu: 0.0000, FD: 0.4211, FDAug: 0.4205, Var: 0.0000, Ctx: 6, MixCtx: 3, Train: 83.31%, Valid: 69.47%, Test In: 69.91% Test OOD1: 61.58% Test OOD2: 53.70% Test OOD3: 60.23% 
Epoch: 332, Loss: 2.2486, Cls: 0.8986, Ind: 0.0000, Med: 0.4491, Spu: 0.0000, FD: 0.4503, FDAug: 0.4505, Var: 0.0000, Ctx: 6, MixCtx: 3, Train: 83.60%, Valid: 71.27%, Test In: 72.11% Test OOD1: 64.21% Test OOD2: 54.02% Test OOD3: 62.35% 
Epoch: 333, Loss: 2.0855, Cls: 0.8341, Ind: 0.0000, Med: 0.4168, Spu: 0.0000, FD: 0.4178, FDAug: 0.4169, Var: 0.0000, Ctx: 6, MixCtx: 3, Train: 83.06%, Valid: 71.76%, Test In: 72.82% Test OOD1: 64.97% Test OOD2: 53.95% Test OOD3: 63.14% 
Epoch: 334, Loss: 2.1840, Cls: 0.8739, Ind: 0.0000, Med: 0.4375, Spu: 0.0000, FD: 0.4367, FDAug: 0.4360, Var: 0.0000, Ctx: 6, MixCtx: 3, Train: 83.68%, Valid: 70.69%, Test In: 71.61% Test OOD1: 62.80% Test OOD2: 53.74% Test OOD3: 61.98% 
Epoch: 335, Loss: 2.0993, Cls: 0.8395, Ind: 0.0000, Med: 0.4195, Spu: 0.0000, FD: 0.4203, FDAug: 0.4199, Var: 0.0000, Ctx: 6, MixCtx: 3, Train: 83.42%, Valid: 70.35%, Test In: 71.13% Test OOD1: 62.63% Test OOD2: 53.76% Test OOD3: 61.78% 
Epoch: 336, Loss: 2.1466, Cls: 0.8582, Ind: 0.0001, Med: 0.4287, Spu: 0.0000, FD: 0.4298, FDAug: 0.4298, Var: 0.0000, Ctx: 6, MixCtx: 3, Train: 83.37%, Valid: 71.71%, Test In: 72.61% Test OOD1: 65.07% Test OOD2: 53.92% Test OOD3: 63.12% 
Epoch: 337, Loss: 2.1021, Cls: 0.8409, Ind: 0.0000, Med: 0.4211, Spu: 0.0000, FD: 0.4200, FDAug: 0.4200, Var: 0.0000, Ctx: 6, MixCtx: 3, Train: 83.15%, Valid: 71.84%, Test In: 72.85% Test OOD1: 65.38% Test OOD2: 54.07% Test OOD3: 63.14% 
Epoch: 338, Loss: 2.1054, Cls: 0.8422, Ind: 0.0000, Med: 0.4216, Spu: 0.0000, FD: 0.4208, FDAug: 0.4208, Var: 0.0000, Ctx: 6, MixCtx: 3, Train: 83.60%, Valid: 70.86%, Test In: 71.76% Test OOD1: 63.32% Test OOD2: 53.98% Test OOD3: 61.88% 
Epoch: 339, Loss: 2.1245, Cls: 0.8495, Ind: 0.0000, Med: 0.4245, Spu: 0.0000, FD: 0.4252, FDAug: 0.4253, Var: 0.0000, Ctx: 6, MixCtx: 3, Train: 83.81%, Valid: 70.90%, Test In: 71.61% Test OOD1: 63.22% Test OOD2: 53.67% Test OOD3: 61.98% 
Epoch: 340, Loss: 2.0668, Cls: 0.8268, Ind: 0.0000, Med: 0.4140, Spu: 0.0000, FD: 0.4129, FDAug: 0.4130, Var: 0.0000, Ctx: 6, MixCtx: 3, Train: 83.70%, Valid: 71.27%, Test In: 72.04% Test OOD1: 63.67% Test OOD2: 53.60% Test OOD3: 62.26% 
Epoch: 341, Loss: 2.1031, Cls: 0.8413, Ind: 0.0000, Med: 0.4212, Spu: 0.0000, FD: 0.4203, FDAug: 0.4203, Var: 0.0000, Ctx: 6, MixCtx: 3, Train: 84.03%, Valid: 70.55%, Test In: 71.55% Test OOD1: 62.07% Test OOD2: 53.64% Test OOD3: 61.11% 
Epoch: 342, Loss: 2.0661, Cls: 0.8266, Ind: 0.0000, Med: 0.4140, Spu: 0.0000, FD: 0.4127, FDAug: 0.4127, Var: 0.0000, Ctx: 6, MixCtx: 3, Train: 84.07%, Valid: 70.43%, Test In: 71.34% Test OOD1: 62.12% Test OOD2: 53.84% Test OOD3: 60.87% 
Epoch: 343, Loss: 2.0672, Cls: 0.8270, Ind: 0.0000, Med: 0.4142, Spu: 0.0000, FD: 0.4129, FDAug: 0.4130, Var: 0.0000, Ctx: 6, MixCtx: 3, Train: 83.67%, Valid: 71.05%, Test In: 71.68% Test OOD1: 63.40% Test OOD2: 53.80% Test OOD3: 61.77% 
Epoch: 344, Loss: 2.0880, Cls: 0.8350, Ind: 0.0000, Med: 0.4176, Spu: 0.0000, FD: 0.4177, FDAug: 0.4177, Var: 0.0000, Ctx: 6, MixCtx: 3, Train: 84.15%, Valid: 70.07%, Test In: 70.59% Test OOD1: 61.31% Test OOD2: 53.61% Test OOD3: 60.35% 
Epoch: 345, Loss: 2.0451, Cls: 0.8180, Ind: 0.0000, Med: 0.4096, Spu: 0.0000, FD: 0.4086, FDAug: 0.4087, Var: 0.0000, Ctx: 6, MixCtx: 3, Train: 84.02%, Valid: 69.86%, Test In: 70.67% Test OOD1: 60.87% Test OOD2: 53.52% Test OOD3: 60.29% 
Epoch: 346, Loss: 2.0560, Cls: 0.8224, Ind: 0.0000, Med: 0.4117, Spu: 0.0000, FD: 0.4109, FDAug: 0.4110, Var: 0.0000, Ctx: 6, MixCtx: 3, Train: 84.13%, Valid: 70.86%, Test In: 71.78% Test OOD1: 62.70% Test OOD2: 53.59% Test OOD3: 61.79% 
Epoch: 347, Loss: 2.0615, Cls: 0.8243, Ind: 0.0000, Med: 0.4120, Spu: 0.0000, FD: 0.4125, FDAug: 0.4126, Var: 0.0000, Ctx: 6, MixCtx: 3, Train: 84.32%, Valid: 70.30%, Test In: 70.95% Test OOD1: 62.06% Test OOD2: 53.58% Test OOD3: 61.34% 
Epoch: 348, Loss: 2.0429, Cls: 0.8171, Ind: 0.0000, Med: 0.4091, Spu: 0.0000, FD: 0.4083, FDAug: 0.4084, Var: 0.0000, Ctx: 6, MixCtx: 3, Train: 84.43%, Valid: 70.30%, Test In: 70.97% Test OOD1: 61.94% Test OOD2: 53.63% Test OOD3: 61.23% 
Epoch: 349, Loss: 2.0304, Cls: 0.8121, Ind: 0.0000, Med: 0.4064, Spu: 0.0000, FD: 0.4058, FDAug: 0.4060, Var: 0.0000, Ctx: 6, MixCtx: 3, Train: 84.32%, Valid: 70.67%, Test In: 71.50% Test OOD1: 62.36% Test OOD2: 53.71% Test OOD3: 61.44% 
Epoch: 350, Loss: 2.0528, Cls: 0.8209, Ind: 0.0000, Med: 0.4102, Spu: 0.0000, FD: 0.4108, FDAug: 0.4109, Var: 0.0000, Ctx: 6, MixCtx: 3, Train: 84.46%, Valid: 69.67%, Test In: 70.43% Test OOD1: 61.21% Test OOD2: 53.58% Test OOD3: 60.52% 
Epoch: 351, Loss: 2.0435, Cls: 0.8175, Ind: 0.0000, Med: 0.4094, Spu: 0.0000, FD: 0.4082, FDAug: 0.4084, Var: 0.0000, Ctx: 6, MixCtx: 3, Train: 84.38%, Valid: 70.15%, Test In: 70.84% Test OOD1: 61.79% Test OOD2: 53.48% Test OOD3: 60.97% 
Epoch: 352, Loss: 2.0375, Cls: 0.8150, Ind: 0.0000, Med: 0.4078, Spu: 0.0000, FD: 0.4073, FDAug: 0.4074, Var: 0.0000, Ctx: 6, MixCtx: 3, Train: 84.60%, Valid: 69.79%, Test In: 70.49% Test OOD1: 61.15% Test OOD2: 53.48% Test OOD3: 60.50% 
Epoch: 353, Loss: 2.0185, Cls: 0.8074, Ind: 0.0000, Med: 0.4043, Spu: 0.0000, FD: 0.4033, FDAug: 0.4034, Var: 0.0000, Ctx: 6, MixCtx: 3, Train: 84.50%, Valid: 69.86%, Test In: 70.63% Test OOD1: 61.55% Test OOD2: 53.66% Test OOD3: 60.72% 
Epoch: 354, Loss: 2.0267, Cls: 0.8107, Ind: 0.0000, Med: 0.4060, Spu: 0.0000, FD: 0.4049, FDAug: 0.4051, Var: 0.0000, Ctx: 6, MixCtx: 3, Train: 84.59%, Valid: 70.48%, Test In: 71.25% Test OOD1: 62.62% Test OOD2: 53.70% Test OOD3: 61.74% 
Epoch: 355, Loss: 2.0298, Cls: 0.8118, Ind: 0.0000, Med: 0.4061, Spu: 0.0000, FD: 0.4059, FDAug: 0.4059, Var: 0.0000, Ctx: 6, MixCtx: 3, Train: 84.61%, Valid: 69.78%, Test In: 70.45% Test OOD1: 61.79% Test OOD2: 53.56% Test OOD3: 61.25% 
Epoch: 356, Loss: 2.0288, Cls: 0.8115, Ind: 0.0000, Med: 0.4065, Spu: 0.0000, FD: 0.4052, FDAug: 0.4055, Var: 0.0000, Ctx: 6, MixCtx: 3, Train: 84.69%, Valid: 70.15%, Test In: 71.01% Test OOD1: 62.09% Test OOD2: 53.54% Test OOD3: 61.52% 
Epoch: 357, Loss: 2.0172, Cls: 0.8069, Ind: 0.0000, Med: 0.4039, Spu: 0.0000, FD: 0.4032, FDAug: 0.4032, Var: 0.0000, Ctx: 6, MixCtx: 3, Train: 84.75%, Valid: 70.07%, Test In: 70.89% Test OOD1: 62.05% Test OOD2: 53.62% Test OOD3: 61.25% 
Epoch: 358, Loss: 2.0088, Cls: 0.8035, Ind: 0.0000, Med: 0.4022, Spu: 0.0000, FD: 0.4015, FDAug: 0.4016, Var: 0.0000, Ctx: 6, MixCtx: 3, Train: 84.78%, Valid: 69.99%, Test In: 70.61% Test OOD1: 62.05% Test OOD2: 53.68% Test OOD3: 61.04% 
Epoch: 359, Loss: 2.0111, Cls: 0.8043, Ind: 0.0000, Med: 0.4027, Spu: 0.0000, FD: 0.4019, FDAug: 0.4021, Var: 0.0000, Ctx: 6, MixCtx: 3, Train: 84.81%, Valid: 70.25%, Test In: 71.00% Test OOD1: 62.26% Test OOD2: 53.71% Test OOD3: 61.29% 
Epoch: 360, Loss: 2.0158, Cls: 0.8064, Ind: 0.0000, Med: 0.4037, Spu: 0.0000, FD: 0.4029, FDAug: 0.4028, Var: 0.0000, Ctx: 6, MixCtx: 3, Train: 84.80%, Valid: 69.47%, Test In: 70.34% Test OOD1: 61.20% Test OOD2: 53.61% Test OOD3: 60.46% 
Epoch: 361, Loss: 2.0199, Cls: 0.8078, Ind: 0.0000, Med: 0.4042, Spu: 0.0000, FD: 0.4039, FDAug: 0.4040, Var: 0.0000, Ctx: 6, MixCtx: 3, Train: 84.90%, Valid: 70.20%, Test In: 71.07% Test OOD1: 62.12% Test OOD2: 53.68% Test OOD3: 61.17% 
Epoch: 362, Loss: 2.0095, Cls: 0.8039, Ind: 0.0000, Med: 0.4027, Spu: 0.0000, FD: 0.4015, FDAug: 0.4014, Var: 0.0000, Ctx: 6, MixCtx: 3, Train: 84.96%, Valid: 70.06%, Test In: 70.75% Test OOD1: 62.07% Test OOD2: 53.73% Test OOD3: 60.96% 
Epoch: 363, Loss: 2.0006, Cls: 0.8001, Ind: 0.0000, Med: 0.4006, Spu: 0.0000, FD: 0.3998, FDAug: 0.4000, Var: 0.0000, Ctx: 6, MixCtx: 3, Train: 84.98%, Valid: 70.22%, Test In: 70.98% Test OOD1: 62.19% Test OOD2: 53.76% Test OOD3: 61.04% 
Epoch: 364, Loss: 1.9951, Cls: 0.7980, Ind: 0.0000, Med: 0.3996, Spu: 0.0000, FD: 0.3987, FDAug: 0.3988, Var: 0.0000, Ctx: 6, MixCtx: 3, Train: 85.02%, Valid: 70.20%, Test In: 71.07% Test OOD1: 62.08% Test OOD2: 53.75% Test OOD3: 61.09% 
Epoch: 365, Loss: 1.9945, Cls: 0.7978, Ind: 0.0000, Med: 0.3996, Spu: 0.0000, FD: 0.3985, FDAug: 0.3986, Var: 0.0000, Ctx: 6, MixCtx: 3, Train: 85.05%, Valid: 69.82%, Test In: 70.61% Test OOD1: 61.72% Test OOD2: 53.71% Test OOD3: 60.82% 
Epoch: 366, Loss: 1.9984, Cls: 0.7992, Ind: 0.0000, Med: 0.4001, Spu: 0.0000, FD: 0.3994, FDAug: 0.3997, Var: 0.0000, Ctx: 6, MixCtx: 3, Train: 85.06%, Valid: 70.20%, Test In: 70.91% Test OOD1: 62.07% Test OOD2: 53.70% Test OOD3: 61.06% 
Epoch: 367, Loss: 2.0043, Cls: 0.8018, Ind: 0.0000, Med: 0.4018, Spu: 0.0000, FD: 0.4003, FDAug: 0.4003, Var: 0.0000, Ctx: 6, MixCtx: 3, Train: 85.02%, Valid: 69.48%, Test In: 70.22% Test OOD1: 61.22% Test OOD2: 53.68% Test OOD3: 60.20% 
Epoch: 368, Loss: 2.0193, Cls: 0.8075, Ind: 0.0000, Med: 0.4040, Spu: 0.0000, FD: 0.4038, FDAug: 0.4041, Var: 0.0000, Ctx: 6, MixCtx: 3, Train: 84.95%, Valid: 70.48%, Test In: 71.21% Test OOD1: 62.55% Test OOD2: 53.72% Test OOD3: 61.40% 
Epoch: 369, Loss: 2.0427, Cls: 0.8172, Ind: 0.0000, Med: 0.4093, Spu: 0.0000, FD: 0.4081, FDAug: 0.4081, Var: 0.0000, Ctx: 6, MixCtx: 3, Train: 84.97%, Valid: 69.09%, Test In: 69.69% Test OOD1: 60.97% Test OOD2: 53.55% Test OOD3: 60.09% 
Epoch: 370, Loss: 2.0720, Cls: 0.8285, Ind: 0.0000, Med: 0.4146, Spu: 0.0000, FD: 0.4143, FDAug: 0.4146, Var: 0.0000, Ctx: 6, MixCtx: 3, Train: 84.89%, Valid: 70.55%, Test In: 71.38% Test OOD1: 62.66% Test OOD2: 53.66% Test OOD3: 61.55% 
Epoch: 371, Loss: 2.0954, Cls: 0.8382, Ind: 0.0000, Med: 0.4196, Spu: 0.0000, FD: 0.4188, FDAug: 0.4188, Var: 0.0000, Ctx: 6, MixCtx: 3, Train: 85.06%, Valid: 69.18%, Test In: 69.88% Test OOD1: 61.07% Test OOD2: 53.56% Test OOD3: 60.07% 
Epoch: 372, Loss: 2.0488, Cls: 0.8194, Ind: 0.0000, Med: 0.4102, Spu: 0.0000, FD: 0.4095, FDAug: 0.4097, Var: 0.0000, Ctx: 6, MixCtx: 3, Train: 85.20%, Valid: 70.28%, Test In: 70.95% Test OOD1: 62.51% Test OOD2: 53.75% Test OOD3: 61.20% 
Epoch: 373, Loss: 1.9940, Cls: 0.7976, Ind: 0.0000, Med: 0.3993, Spu: 0.0000, FD: 0.3985, FDAug: 0.3985, Var: 0.0000, Ctx: 6, MixCtx: 3, Train: 85.28%, Valid: 70.27%, Test In: 71.05% Test OOD1: 62.57% Test OOD2: 53.81% Test OOD3: 61.17% 
Epoch: 374, Loss: 1.9861, Cls: 0.7945, Ind: 0.0000, Med: 0.3978, Spu: 0.0000, FD: 0.3969, FDAug: 0.3969, Var: 0.0000, Ctx: 6, MixCtx: 3, Train: 85.16%, Valid: 69.51%, Test In: 70.31% Test OOD1: 61.59% Test OOD2: 53.68% Test OOD3: 60.35% 
Epoch: 375, Loss: 2.0194, Cls: 0.8078, Ind: 0.0000, Med: 0.4047, Spu: 0.0000, FD: 0.4034, FDAug: 0.4035, Var: 0.0000, Ctx: 6, MixCtx: 3, Train: 85.17%, Valid: 70.52%, Test In: 71.30% Test OOD1: 62.87% Test OOD2: 53.68% Test OOD3: 61.53% 
Epoch: 376, Loss: 2.0302, Cls: 0.8120, Ind: 0.0000, Med: 0.4061, Spu: 0.0000, FD: 0.4060, FDAug: 0.4061, Var: 0.0000, Ctx: 6, MixCtx: 3, Train: 85.40%, Valid: 69.81%, Test In: 70.53% Test OOD1: 61.97% Test OOD2: 53.68% Test OOD3: 60.72% 
Epoch: 377, Loss: 1.9953, Cls: 0.7982, Ind: 0.0000, Med: 0.4000, Spu: 0.0000, FD: 0.3985, FDAug: 0.3986, Var: 0.0000, Ctx: 6, MixCtx: 3, Train: 85.40%, Valid: 70.22%, Test In: 70.96% Test OOD1: 62.47% Test OOD2: 53.84% Test OOD3: 61.01% 
Epoch: 378, Loss: 1.9729, Cls: 0.7892, Ind: 0.0000, Med: 0.3953, Spu: 0.0000, FD: 0.3942, FDAug: 0.3943, Var: 0.0000, Ctx: 6, MixCtx: 3, Train: 85.46%, Valid: 70.16%, Test In: 70.88% Test OOD1: 62.26% Test OOD2: 53.76% Test OOD3: 60.85% 
Epoch: 379, Loss: 1.9789, Cls: 0.7915, Ind: 0.0000, Med: 0.3963, Spu: 0.0000, FD: 0.3955, FDAug: 0.3956, Var: 0.0000, Ctx: 6, MixCtx: 3, Train: 85.34%, Valid: 69.39%, Test In: 70.02% Test OOD1: 61.21% Test OOD2: 53.58% Test OOD3: 60.06% 
Epoch: 380, Loss: 2.0018, Cls: 0.8008, Ind: 0.0000, Med: 0.4012, Spu: 0.0000, FD: 0.3998, FDAug: 0.4000, Var: 0.0000, Ctx: 6, MixCtx: 3, Train: 85.32%, Valid: 70.41%, Test In: 71.11% Test OOD1: 62.44% Test OOD2: 53.61% Test OOD3: 61.18% 
Epoch: 381, Loss: 2.0218, Cls: 0.8086, Ind: 0.0000, Med: 0.4046, Spu: 0.0000, FD: 0.4043, FDAug: 0.4043, Var: 0.0000, Ctx: 6, MixCtx: 3, Train: 85.45%, Valid: 69.40%, Test In: 70.09% Test OOD1: 61.19% Test OOD2: 53.56% Test OOD3: 60.05% 
Epoch: 382, Loss: 2.0226, Cls: 0.8089, Ind: 0.0000, Med: 0.4050, Spu: 0.0000, FD: 0.4042, FDAug: 0.4044, Var: 0.0000, Ctx: 6, MixCtx: 3, Train: 85.32%, Valid: 70.42%, Test In: 71.06% Test OOD1: 62.57% Test OOD2: 53.72% Test OOD3: 61.26% 
Epoch: 383, Loss: 2.0111, Cls: 0.8044, Ind: 0.0000, Med: 0.4027, Spu: 0.0000, FD: 0.4019, FDAug: 0.4020, Var: 0.0000, Ctx: 6, MixCtx: 3, Train: 85.42%, Valid: 69.29%, Test In: 69.96% Test OOD1: 61.10% Test OOD2: 53.62% Test OOD3: 59.88% 
Epoch: 384, Loss: 1.9917, Cls: 0.7966, Ind: 0.0000, Med: 0.3989, Spu: 0.0000, FD: 0.3981, FDAug: 0.3982, Var: 0.0000, Ctx: 6, MixCtx: 3, Train: 85.67%, Valid: 69.87%, Test In: 70.53% Test OOD1: 61.72% Test OOD2: 53.54% Test OOD3: 60.44% 
Epoch: 385, Loss: 1.9725, Cls: 0.7891, Ind: 0.0000, Med: 0.3954, Spu: 0.0000, FD: 0.3940, FDAug: 0.3940, Var: 0.0000, Ctx: 6, MixCtx: 3, Train: 85.68%, Valid: 70.05%, Test In: 70.69% Test OOD1: 62.28% Test OOD2: 53.66% Test OOD3: 60.88% 
Epoch: 386, Loss: 1.9588, Cls: 0.7834, Ind: 0.0000, Med: 0.3924, Spu: 0.0000, FD: 0.3914, FDAug: 0.3915, Var: 0.0000, Ctx: 6, MixCtx: 3, Train: 85.66%, Valid: 70.11%, Test In: 70.84% Test OOD1: 62.43% Test OOD2: 53.73% Test OOD3: 61.03% 
Epoch: 387, Loss: 1.9598, Cls: 0.7838, Ind: 0.0000, Med: 0.3925, Spu: 0.0000, FD: 0.3917, FDAug: 0.3918, Var: 0.0000, Ctx: 6, MixCtx: 3, Train: 85.77%, Valid: 69.99%, Test In: 70.75% Test OOD1: 62.10% Test OOD2: 53.59% Test OOD3: 60.86% 
Epoch: 388, Loss: 1.9603, Cls: 0.7842, Ind: 0.0000, Med: 0.3930, Spu: 0.0000, FD: 0.3915, FDAug: 0.3916, Var: 0.0000, Ctx: 6, MixCtx: 3, Train: 85.60%, Valid: 69.31%, Test In: 70.00% Test OOD1: 61.31% Test OOD2: 53.56% Test OOD3: 60.04% 
Epoch: 389, Loss: 1.9739, Cls: 0.7894, Ind: 0.0000, Med: 0.3954, Spu: 0.0000, FD: 0.3945, FDAug: 0.3946, Var: 0.0000, Ctx: 6, MixCtx: 3, Train: 85.76%, Valid: 69.95%, Test In: 70.66% Test OOD1: 61.98% Test OOD2: 53.62% Test OOD3: 60.52% 
Epoch: 390, Loss: 1.9857, Cls: 0.7943, Ind: 0.0000, Med: 0.3980, Spu: 0.0000, FD: 0.3966, FDAug: 0.3967, Var: 0.0000, Ctx: 6, MixCtx: 3, Train: 85.79%, Valid: 69.34%, Test In: 70.04% Test OOD1: 61.50% Test OOD2: 53.63% Test OOD3: 60.25% 
Epoch: 391, Loss: 2.0254, Cls: 0.8098, Ind: 0.0000, Med: 0.4053, Spu: 0.0000, FD: 0.4050, FDAug: 0.4053, Var: 0.0000, Ctx: 6, MixCtx: 3, Train: 85.30%, Valid: 70.46%, Test In: 71.19% Test OOD1: 62.84% Test OOD2: 53.60% Test OOD3: 61.60% 
Epoch: 392, Loss: 2.1045, Cls: 0.8416, Ind: 0.0000, Med: 0.4209, Spu: 0.0000, FD: 0.4210, FDAug: 0.4210, Var: 0.0000, Ctx: 6, MixCtx: 3, Train: 85.14%, Valid: 68.22%, Test In: 68.79% Test OOD1: 60.11% Test OOD2: 53.26% Test OOD3: 58.96% 
Epoch: 393, Loss: 2.1432, Cls: 0.8566, Ind: 0.0000, Med: 0.4283, Spu: 0.0000, FD: 0.4290, FDAug: 0.4292, Var: 0.0000, Ctx: 6, MixCtx: 3, Train: 85.55%, Valid: 70.08%, Test In: 70.75% Test OOD1: 62.10% Test OOD2: 53.48% Test OOD3: 60.55% 
Epoch: 394, Loss: 2.0855, Cls: 0.8342, Ind: 0.0000, Med: 0.4178, Spu: 0.0000, FD: 0.4167, FDAug: 0.4167, Var: 0.0000, Ctx: 6, MixCtx: 3, Train: 85.77%, Valid: 70.01%, Test In: 70.63% Test OOD1: 62.54% Test OOD2: 53.75% Test OOD3: 60.97% 
Epoch: 395, Loss: 1.9632, Cls: 0.7851, Ind: 0.0000, Med: 0.3933, Spu: 0.0000, FD: 0.3925, FDAug: 0.3923, Var: 0.0000, Ctx: 6, MixCtx: 3, Train: 85.56%, Valid: 69.75%, Test In: 70.54% Test OOD1: 62.29% Test OOD2: 53.82% Test OOD3: 60.97% 
Epoch: 396, Loss: 2.0107, Cls: 0.8039, Ind: 0.0000, Med: 0.4024, Spu: 0.0000, FD: 0.4022, FDAug: 0.4021, Var: 0.0000, Ctx: 6, MixCtx: 3, Train: 85.18%, Valid: 70.58%, Test In: 71.42% Test OOD1: 63.26% Test OOD2: 53.70% Test OOD3: 62.00% 
Epoch: 397, Loss: 2.0542, Cls: 0.8217, Ind: 0.0000, Med: 0.4114, Spu: 0.0000, FD: 0.4107, FDAug: 0.4105, Var: 0.0000, Ctx: 6, MixCtx: 3, Train: 85.53%, Valid: 69.99%, Test In: 70.72% Test OOD1: 62.53% Test OOD2: 53.46% Test OOD3: 61.35% 
Epoch: 398, Loss: 1.9822, Cls: 0.7928, Ind: 0.0000, Med: 0.3970, Spu: 0.0000, FD: 0.3963, FDAug: 0.3961, Var: 0.0000, Ctx: 6, MixCtx: 3, Train: 85.73%, Valid: 69.80%, Test In: 70.43% Test OOD1: 62.22% Test OOD2: 53.49% Test OOD3: 60.66% 
Epoch: 399, Loss: 1.9996, Cls: 0.7997, Ind: 0.0000, Med: 0.4003, Spu: 0.0000, FD: 0.3998, FDAug: 0.3998, Var: 0.0000, Ctx: 6, MixCtx: 3, Train: 85.60%, Valid: 70.59%, Test In: 71.26% Test OOD1: 63.07% Test OOD2: 53.68% Test OOD3: 61.05% 
Epoch: 400, Loss: 2.0248, Cls: 0.8101, Ind: 0.0000, Med: 0.4060, Spu: 0.0000, FD: 0.4043, FDAug: 0.4044, Var: 0.0000, Ctx: 6, MixCtx: 3, Train: 85.80%, Valid: 70.03%, Test In: 70.71% Test OOD1: 62.37% Test OOD2: 53.78% Test OOD3: 60.44% 
Epoch: 401, Loss: 1.9556, Cls: 0.7823, Ind: 0.0000, Med: 0.3921, Spu: 0.0000, FD: 0.3906, FDAug: 0.3907, Var: 0.0000, Ctx: 6, MixCtx: 3, Train: 85.85%, Valid: 69.70%, Test In: 70.61% Test OOD1: 61.91% Test OOD2: 53.74% Test OOD3: 60.48% 
Epoch: 402, Loss: 1.9842, Cls: 0.7936, Ind: 0.0000, Med: 0.3974, Spu: 0.0000, FD: 0.3965, FDAug: 0.3966, Var: 0.0000, Ctx: 6, MixCtx: 3, Train: 85.58%, Valid: 70.45%, Test In: 71.35% Test OOD1: 62.69% Test OOD2: 53.63% Test OOD3: 61.34% 
Epoch: 403, Loss: 2.0068, Cls: 0.8028, Ind: 0.0000, Med: 0.4021, Spu: 0.0000, FD: 0.4009, FDAug: 0.4010, Var: 0.0000, Ctx: 6, MixCtx: 3, Train: 85.60%, Valid: 69.40%, Test In: 70.20% Test OOD1: 61.06% Test OOD2: 53.31% Test OOD3: 59.62% 
Epoch: 404, Loss: 1.9704, Cls: 0.7882, Ind: 0.0000, Med: 0.3948, Spu: 0.0000, FD: 0.3936, FDAug: 0.3937, Var: 0.0000, Ctx: 6, MixCtx: 3, Train: 85.94%, Valid: 70.05%, Test In: 70.69% Test OOD1: 62.20% Test OOD2: 53.62% Test OOD3: 60.25% 
Epoch: 405, Loss: 1.9503, Cls: 0.7801, Ind: 0.0000, Med: 0.3908, Spu: 0.0000, FD: 0.3896, FDAug: 0.3897, Var: 0.0000, Ctx: 6, MixCtx: 3, Train: 85.45%, Valid: 70.78%, Test In: 71.46% Test OOD1: 63.57% Test OOD2: 53.80% Test OOD3: 61.47% 
Epoch: 406, Loss: 2.0058, Cls: 0.8022, Ind: 0.0000, Med: 0.4015, Spu: 0.0000, FD: 0.4010, FDAug: 0.4011, Var: 0.0000, Ctx: 6, MixCtx: 3, Train: 85.60%, Valid: 68.83%, Test In: 69.45% Test OOD1: 60.64% Test OOD2: 53.36% Test OOD3: 59.24% 
Epoch: 407, Loss: 1.9988, Cls: 0.7995, Ind: 0.0000, Med: 0.4006, Spu: 0.0000, FD: 0.3993, FDAug: 0.3994, Var: 0.0000, Ctx: 6, MixCtx: 3, Train: 85.90%, Valid: 69.47%, Test In: 70.08% Test OOD1: 61.21% Test OOD2: 53.29% Test OOD3: 60.32% 
Epoch: 408, Loss: 1.9775, Cls: 0.7908, Ind: 0.0000, Med: 0.3959, Spu: 0.0000, FD: 0.3953, FDAug: 0.3954, Var: 0.0000, Ctx: 6, MixCtx: 3, Train: 85.65%, Valid: 69.91%, Test In: 70.61% Test OOD1: 62.42% Test OOD2: 53.70% Test OOD3: 61.06% 
Epoch: 409, Loss: 1.9587, Cls: 0.7834, Ind: 0.0000, Med: 0.3926, Spu: 0.0000, FD: 0.3913, FDAug: 0.3914, Var: 0.0000, Ctx: 6, MixCtx: 3, Train: 86.20%, Valid: 69.53%, Test In: 70.05% Test OOD1: 61.84% Test OOD2: 53.59% Test OOD3: 60.33% 
Epoch: 410, Loss: 1.9569, Cls: 0.7827, Ind: 0.0000, Med: 0.3924, Spu: 0.0000, FD: 0.3909, FDAug: 0.3910, Var: 0.0000, Ctx: 6, MixCtx: 3, Train: 85.99%, Valid: 69.69%, Test In: 70.19% Test OOD1: 61.80% Test OOD2: 53.36% Test OOD3: 60.29% 
Epoch: 411, Loss: 2.0172, Cls: 0.8066, Ind: 0.0000, Med: 0.4034, Spu: 0.0000, FD: 0.4036, FDAug: 0.4037, Var: 0.0000, Ctx: 6, MixCtx: 3, Train: 85.84%, Valid: 69.12%, Test In: 69.85% Test OOD1: 61.40% Test OOD2: 53.58% Test OOD3: 59.88% 
Epoch: 412, Loss: 1.9848, Cls: 0.7937, Ind: 0.0000, Med: 0.3978, Spu: 0.0000, FD: 0.3966, FDAug: 0.3966, Var: 0.0000, Ctx: 6, MixCtx: 3, Train: 85.97%, Valid: 69.93%, Test In: 70.70% Test OOD1: 62.43% Test OOD2: 53.62% Test OOD3: 61.12% 
Epoch: 413, Loss: 1.9467, Cls: 0.7786, Ind: 0.0000, Med: 0.3902, Spu: 0.0000, FD: 0.3890, FDAug: 0.3889, Var: 0.0000, Ctx: 6, MixCtx: 3, Train: 86.29%, Valid: 69.42%, Test In: 70.23% Test OOD1: 61.48% Test OOD2: 53.39% Test OOD3: 60.37% 
Epoch: 414, Loss: 1.9236, Cls: 0.7694, Ind: 0.0000, Med: 0.3857, Spu: 0.0000, FD: 0.3842, FDAug: 0.3842, Var: 0.0000, Ctx: 6, MixCtx: 3, Train: 86.12%, Valid: 69.03%, Test In: 69.83% Test OOD1: 61.11% Test OOD2: 53.43% Test OOD3: 59.51% 
Epoch: 415, Loss: 1.9445, Cls: 0.7777, Ind: 0.0000, Med: 0.3899, Spu: 0.0000, FD: 0.3885, FDAug: 0.3885, Var: 0.0000, Ctx: 6, MixCtx: 3, Train: 86.15%, Valid: 70.09%, Test In: 70.76% Test OOD1: 62.66% Test OOD2: 53.69% Test OOD3: 60.83% 
Epoch: 416, Loss: 1.9451, Cls: 0.7780, Ind: 0.0000, Med: 0.3900, Spu: 0.0000, FD: 0.3885, FDAug: 0.3886, Var: 0.0000, Ctx: 6, MixCtx: 3, Train: 86.18%, Valid: 69.40%, Test In: 70.16% Test OOD1: 61.88% Test OOD2: 53.59% Test OOD3: 60.22% 
Epoch: 417, Loss: 1.9434, Cls: 0.7771, Ind: 0.0000, Med: 0.3895, Spu: 0.0000, FD: 0.3883, FDAug: 0.3884, Var: 0.0000, Ctx: 6, MixCtx: 3, Train: 86.35%, Valid: 69.55%, Test In: 70.27% Test OOD1: 61.71% Test OOD2: 53.31% Test OOD3: 60.43% 
Epoch: 418, Loss: 1.9355, Cls: 0.7742, Ind: 0.0000, Med: 0.3882, Spu: 0.0000, FD: 0.3865, FDAug: 0.3866, Var: 0.0000, Ctx: 6, MixCtx: 3, Train: 86.52%, Valid: 69.35%, Test In: 70.09% Test OOD1: 61.61% Test OOD2: 53.44% Test OOD3: 60.22% 
Epoch: 419, Loss: 1.9159, Cls: 0.7662, Ind: 0.0000, Med: 0.3840, Spu: 0.0000, FD: 0.3828, FDAug: 0.3829, Var: 0.0000, Ctx: 6, MixCtx: 3, Train: 86.21%, Valid: 69.88%, Test In: 70.64% Test OOD1: 62.37% Test OOD2: 53.70% Test OOD3: 60.73% 
Epoch: 420, Loss: 1.9234, Cls: 0.7693, Ind: 0.0000, Med: 0.3856, Spu: 0.0000, FD: 0.3842, FDAug: 0.3843, Var: 0.0000, Ctx: 6, MixCtx: 3, Train: 86.58%, Valid: 68.99%, Test In: 69.66% Test OOD1: 61.10% Test OOD2: 53.43% Test OOD3: 59.63% 
Epoch: 421, Loss: 1.9026, Cls: 0.7610, Ind: 0.0000, Med: 0.3817, Spu: 0.0000, FD: 0.3799, FDAug: 0.3800, Var: 0.0000, Ctx: 6, MixCtx: 3, Train: 86.54%, Valid: 69.01%, Test In: 69.70% Test OOD1: 61.05% Test OOD2: 53.31% Test OOD3: 59.92% 
Epoch: 422, Loss: 1.9054, Cls: 0.7622, Ind: 0.0000, Med: 0.3824, Spu: 0.0000, FD: 0.3804, FDAug: 0.3804, Var: 0.0000, Ctx: 6, MixCtx: 3, Train: 86.64%, Valid: 69.62%, Test In: 70.25% Test OOD1: 62.01% Test OOD2: 53.48% Test OOD3: 60.68% 
Epoch: 423, Loss: 1.8958, Cls: 0.7582, Ind: 0.0000, Med: 0.3805, Spu: 0.0000, FD: 0.3785, FDAug: 0.3786, Var: 0.0000, Ctx: 6, MixCtx: 3, Train: 86.63%, Valid: 69.63%, Test In: 70.27% Test OOD1: 62.04% Test OOD2: 53.49% Test OOD3: 60.51% 
Epoch: 424, Loss: 1.8972, Cls: 0.7587, Ind: 0.0000, Med: 0.3807, Spu: 0.0000, FD: 0.3788, FDAug: 0.3789, Var: 0.0000, Ctx: 6, MixCtx: 3, Train: 86.74%, Valid: 69.24%, Test In: 69.83% Test OOD1: 61.39% Test OOD2: 53.32% Test OOD3: 59.84% 
Epoch: 425, Loss: 1.8916, Cls: 0.7566, Ind: 0.0000, Med: 0.3797, Spu: 0.0000, FD: 0.3777, FDAug: 0.3777, Var: 0.0000, Ctx: 6, MixCtx: 3, Train: 86.71%, Valid: 69.03%, Test In: 69.74% Test OOD1: 61.21% Test OOD2: 53.41% Test OOD3: 59.86% 
Epoch: 426, Loss: 1.8955, Cls: 0.7580, Ind: 0.0000, Med: 0.3803, Spu: 0.0000, FD: 0.3786, FDAug: 0.3786, Var: 0.0000, Ctx: 6, MixCtx: 3, Train: 86.82%, Valid: 69.38%, Test In: 70.09% Test OOD1: 61.54% Test OOD2: 53.43% Test OOD3: 60.26% 
Epoch: 427, Loss: 1.9000, Cls: 0.7600, Ind: 0.0000, Med: 0.3815, Spu: 0.0000, FD: 0.3792, FDAug: 0.3793, Var: 0.0000, Ctx: 6, MixCtx: 3, Train: 86.60%, Valid: 68.87%, Test In: 69.59% Test OOD1: 60.99% Test OOD2: 53.43% Test OOD3: 59.51% 
Epoch: 428, Loss: 1.9372, Cls: 0.7744, Ind: 0.0000, Med: 0.3880, Spu: 0.0000, FD: 0.3874, FDAug: 0.3875, Var: 0.0000, Ctx: 6, MixCtx: 3, Train: 86.26%, Valid: 69.94%, Test In: 70.36% Test OOD1: 62.27% Test OOD2: 53.26% Test OOD3: 60.72% 
Epoch: 429, Loss: 2.0733, Cls: 0.8293, Ind: 0.0000, Med: 0.4157, Spu: 0.0000, FD: 0.4142, FDAug: 0.4142, Var: 0.0000, Ctx: 6, MixCtx: 3, Train: 86.04%, Valid: 67.98%, Test In: 68.66% Test OOD1: 60.11% Test OOD2: 53.25% Test OOD3: 59.09% 
Epoch: 430, Loss: 2.3570, Cls: 0.9401, Ind: 0.0000, Med: 0.4668, Spu: 0.0000, FD: 0.4749, FDAug: 0.4751, Var: 0.0000, Ctx: 6, MixCtx: 3, Train: 85.55%, Valid: 70.00%, Test In: 70.65% Test OOD1: 62.27% Test OOD2: 53.33% Test OOD3: 61.32% 
Epoch: 431, Loss: 2.3998, Cls: 0.9597, Ind: 0.0000, Med: 0.4804, Spu: 0.0000, FD: 0.4799, FDAug: 0.4798, Var: 0.0000, Ctx: 6, MixCtx: 3, Train: 86.30%, Valid: 68.37%, Test In: 68.86% Test OOD1: 60.54% Test OOD2: 53.15% Test OOD3: 59.22% 
Epoch: 432, Loss: 1.9674, Cls: 0.7863, Ind: 0.0000, Med: 0.3934, Spu: 0.0000, FD: 0.3941, FDAug: 0.3935, Var: 0.0000, Ctx: 6, MixCtx: 3, Train: 86.05%, Valid: 68.20%, Test In: 68.86% Test OOD1: 60.56% Test OOD2: 53.47% Test OOD3: 58.60% 
Epoch: 433, Loss: 2.1758, Cls: 0.8682, Ind: 0.0000, Med: 0.4316, Spu: 0.0000, FD: 0.4384, FDAug: 0.4375, Var: 0.0000, Ctx: 6, MixCtx: 3, Train: 85.55%, Valid: 70.55%, Test In: 71.41% Test OOD1: 63.56% Test OOD2: 53.87% Test OOD3: 61.43% 
Epoch: 434, Loss: 2.0238, Cls: 0.8096, Ind: 0.0000, Med: 0.4061, Spu: 0.0000, FD: 0.4042, FDAug: 0.4038, Var: 0.0000, Ctx: 6, MixCtx: 3, Train: 85.33%, Valid: 71.07%, Test In: 72.01% Test OOD1: 64.27% Test OOD2: 53.82% Test OOD3: 62.24% 
Epoch: 435, Loss: 2.1158, Cls: 0.8469, Ind: 0.0000, Med: 0.4257, Spu: 0.0000, FD: 0.4216, FDAug: 0.4215, Var: 0.0000, Ctx: 6, MixCtx: 3, Train: 85.73%, Valid: 69.95%, Test In: 70.82% Test OOD1: 62.70% Test OOD2: 53.38% Test OOD3: 61.05% 
Epoch: 436, Loss: 2.0032, Cls: 0.8013, Ind: 0.0000, Med: 0.4018, Spu: 0.0000, FD: 0.4001, FDAug: 0.4000, Var: 0.0000, Ctx: 6, MixCtx: 3, Train: 85.31%, Valid: 69.65%, Test In: 70.51% Test OOD1: 62.61% Test OOD2: 53.32% Test OOD3: 61.03% 
Epoch: 437, Loss: 2.0885, Cls: 0.8346, Ind: 0.0000, Med: 0.4170, Spu: 0.0000, FD: 0.4185, FDAug: 0.4184, Var: 0.0000, Ctx: 6, MixCtx: 3, Train: 85.40%, Valid: 71.16%, Test In: 72.01% Test OOD1: 64.60% Test OOD2: 53.66% Test OOD3: 62.46% 
Epoch: 438, Loss: 1.9912, Cls: 0.7967, Ind: 0.0000, Med: 0.3999, Spu: 0.0000, FD: 0.3973, FDAug: 0.3973, Var: 0.0000, Ctx: 6, MixCtx: 3, Train: 85.13%, Valid: 71.41%, Test In: 72.27% Test OOD1: 64.95% Test OOD2: 53.84% Test OOD3: 62.58% 
Epoch: 439, Loss: 2.0380, Cls: 0.8152, Ind: 0.0000, Med: 0.4085, Spu: 0.0000, FD: 0.4071, FDAug: 0.4072, Var: 0.0000, Ctx: 6, MixCtx: 3, Train: 86.03%, Valid: 70.17%, Test In: 71.07% Test OOD1: 62.66% Test OOD2: 53.78% Test OOD3: 60.59% 
Epoch: 440, Loss: 1.9783, Cls: 0.7915, Ind: 0.0000, Med: 0.3970, Spu: 0.0000, FD: 0.3949, FDAug: 0.3950, Var: 0.0000, Ctx: 6, MixCtx: 3, Train: 85.80%, Valid: 69.44%, Test In: 70.21% Test OOD1: 61.74% Test OOD2: 53.63% Test OOD3: 59.81% 
Epoch: 441, Loss: 2.0015, Cls: 0.8008, Ind: 0.0000, Med: 0.4018, Spu: 0.0000, FD: 0.3994, FDAug: 0.3994, Var: 0.0000, Ctx: 6, MixCtx: 3, Train: 86.16%, Valid: 70.52%, Test In: 71.18% Test OOD1: 63.11% Test OOD2: 53.62% Test OOD3: 61.41% 
Epoch: 442, Loss: 1.9656, Cls: 0.7862, Ind: 0.0000, Med: 0.3936, Spu: 0.0000, FD: 0.3929, FDAug: 0.3929, Var: 0.0000, Ctx: 6, MixCtx: 3, Train: 86.09%, Valid: 70.26%, Test In: 71.11% Test OOD1: 62.51% Test OOD2: 53.67% Test OOD3: 61.24% 
Epoch: 443, Loss: 1.9477, Cls: 0.7792, Ind: 0.0000, Med: 0.3906, Spu: 0.0000, FD: 0.3890, FDAug: 0.3890, Var: 0.0000, Ctx: 6, MixCtx: 3, Train: 86.19%, Valid: 69.21%, Test In: 69.98% Test OOD1: 61.04% Test OOD2: 53.41% Test OOD3: 60.17% 
Epoch: 444, Loss: 1.9739, Cls: 0.7899, Ind: 0.0000, Med: 0.3968, Spu: 0.0000, FD: 0.3936, FDAug: 0.3936, Var: 0.0000, Ctx: 6, MixCtx: 3, Train: 86.35%, Valid: 69.66%, Test In: 69.94% Test OOD1: 61.84% Test OOD2: 53.28% Test OOD3: 60.50% 
Epoch: 445, Loss: 1.9261, Cls: 0.7703, Ind: 0.0000, Med: 0.3860, Spu: 0.0000, FD: 0.3849, FDAug: 0.3849, Var: 0.0000, Ctx: 6, MixCtx: 3, Train: 86.56%, Valid: 70.03%, Test In: 70.46% Test OOD1: 62.43% Test OOD2: 53.53% Test OOD3: 60.95% 
Epoch: 446, Loss: 1.9248, Cls: 0.7696, Ind: 0.0000, Med: 0.3851, Spu: 0.0000, FD: 0.3850, FDAug: 0.3850, Var: 0.0000, Ctx: 6, MixCtx: 3, Train: 86.47%, Valid: 69.11%, Test In: 69.82% Test OOD1: 61.12% Test OOD2: 53.67% Test OOD3: 60.14% 
Epoch: 447, Loss: 1.9513, Cls: 0.7805, Ind: 0.0000, Med: 0.3911, Spu: 0.0000, FD: 0.3898, FDAug: 0.3899, Var: 0.0000, Ctx: 6, MixCtx: 3, Train: 86.87%, Valid: 69.25%, Test In: 69.89% Test OOD1: 61.09% Test OOD2: 53.46% Test OOD3: 60.27% 
Epoch: 448, Loss: 1.8916, Cls: 0.7564, Ind: 0.0000, Med: 0.3785, Spu: 0.0000, FD: 0.3784, FDAug: 0.3784, Var: 0.0000, Ctx: 6, MixCtx: 3, Train: 86.64%, Valid: 69.28%, Test In: 69.77% Test OOD1: 61.49% Test OOD2: 53.21% Test OOD3: 60.37% 
Epoch: 449, Loss: 1.9159, Cls: 0.7661, Ind: 0.0000, Med: 0.3831, Spu: 0.0000, FD: 0.3833, FDAug: 0.3834, Var: 0.0000, Ctx: 6, MixCtx: 3, Train: 86.80%, Valid: 69.21%, Test In: 69.93% Test OOD1: 61.51% Test OOD2: 53.53% Test OOD3: 60.35% 
Epoch: 450, Loss: 1.9224, Cls: 0.7688, Ind: 0.0000, Med: 0.3849, Spu: 0.0000, FD: 0.3843, FDAug: 0.3844, Var: 0.0000, Ctx: 6, MixCtx: 3, Train: 86.76%, Valid: 69.76%, Test In: 70.46% Test OOD1: 62.16% Test OOD2: 53.55% Test OOD3: 60.81% 
Epoch: 451, Loss: 1.9148, Cls: 0.7658, Ind: 0.0000, Med: 0.3833, Spu: 0.0000, FD: 0.3828, FDAug: 0.3829, Var: 0.0000, Ctx: 6, MixCtx: 3, Train: 87.04%, Valid: 68.90%, Test In: 69.40% Test OOD1: 61.09% Test OOD2: 53.33% Test OOD3: 59.90% 
Epoch: 452, Loss: 1.8753, Cls: 0.7502, Ind: 0.0000, Med: 0.3760, Spu: 0.0000, FD: 0.3745, FDAug: 0.3746, Var: 0.0000, Ctx: 6, MixCtx: 3, Train: 86.97%, Valid: 68.49%, Test In: 69.00% Test OOD1: 60.77% Test OOD2: 53.26% Test OOD3: 59.96% 
Epoch: 453, Loss: 1.8936, Cls: 0.7575, Ind: 0.0000, Med: 0.3801, Spu: 0.0000, FD: 0.3779, FDAug: 0.3780, Var: 0.0000, Ctx: 6, MixCtx: 3, Train: 86.95%, Valid: 69.03%, Test In: 69.68% Test OOD1: 61.23% Test OOD2: 53.45% Test OOD3: 60.53% 
Epoch: 454, Loss: 1.9092, Cls: 0.7635, Ind: 0.0000, Med: 0.3825, Spu: 0.0000, FD: 0.3816, FDAug: 0.3816, Var: 0.0000, Ctx: 6, MixCtx: 3, Train: 87.11%, Valid: 68.40%, Test In: 68.86% Test OOD1: 60.49% Test OOD2: 53.39% Test OOD3: 59.51% 
Epoch: 455, Loss: 1.8794, Cls: 0.7517, Ind: 0.0000, Med: 0.3775, Spu: 0.0000, FD: 0.3751, FDAug: 0.3751, Var: 0.0000, Ctx: 6, MixCtx: 3, Train: 87.17%, Valid: 68.89%, Test In: 69.20% Test OOD1: 61.11% Test OOD2: 53.21% Test OOD3: 60.01% 
Epoch: 456, Loss: 1.8646, Cls: 0.7456, Ind: 0.0000, Med: 0.3741, Spu: 0.0000, FD: 0.3724, FDAug: 0.3724, Var: 0.0000, Ctx: 6, MixCtx: 3, Train: 87.26%, Valid: 69.31%, Test In: 69.82% Test OOD1: 61.59% Test OOD2: 53.38% Test OOD3: 60.64% 
Epoch: 457, Loss: 1.8619, Cls: 0.7445, Ind: 0.0000, Med: 0.3735, Spu: 0.0000, FD: 0.3720, FDAug: 0.3720, Var: 0.0000, Ctx: 6, MixCtx: 3, Train: 87.28%, Valid: 68.73%, Test In: 69.20% Test OOD1: 60.77% Test OOD2: 53.44% Test OOD3: 59.89% 
Epoch: 458, Loss: 1.8773, Cls: 0.7505, Ind: 0.0000, Med: 0.3767, Spu: 0.0000, FD: 0.3750, FDAug: 0.3751, Var: 0.0000, Ctx: 6, MixCtx: 3, Train: 87.24%, Valid: 69.17%, Test In: 69.56% Test OOD1: 61.33% Test OOD2: 53.39% Test OOD3: 60.18% 
Epoch: 459, Loss: 1.8875, Cls: 0.7547, Ind: 0.0000, Med: 0.3783, Spu: 0.0000, FD: 0.3772, FDAug: 0.3773, Var: 0.0000, Ctx: 6, MixCtx: 3, Train: 87.33%, Valid: 69.25%, Test In: 69.80% Test OOD1: 61.68% Test OOD2: 53.55% Test OOD3: 60.62% 
Epoch: 460, Loss: 1.8872, Cls: 0.7544, Ind: 0.0000, Med: 0.3785, Spu: 0.0000, FD: 0.3771, FDAug: 0.3772, Var: 0.0000, Ctx: 6, MixCtx: 3, Train: 87.35%, Valid: 69.26%, Test In: 69.78% Test OOD1: 61.21% Test OOD2: 53.30% Test OOD3: 60.25% 
Epoch: 461, Loss: 1.8659, Cls: 0.7463, Ind: 0.0000, Med: 0.3744, Spu: 0.0000, FD: 0.3726, FDAug: 0.3726, Var: 0.0000, Ctx: 6, MixCtx: 3, Train: 87.36%, Valid: 68.67%, Test In: 68.95% Test OOD1: 60.69% Test OOD2: 53.26% Test OOD3: 59.17% 
Epoch: 462, Loss: 1.8528, Cls: 0.7409, Ind: 0.0000, Med: 0.3717, Spu: 0.0000, FD: 0.3700, FDAug: 0.3700, Var: 0.0000, Ctx: 6, MixCtx: 3, Train: 87.38%, Valid: 69.43%, Test In: 69.87% Test OOD1: 61.79% Test OOD2: 53.51% Test OOD3: 60.49% 
Epoch: 463, Loss: 1.8510, Cls: 0.7402, Ind: 0.0000, Med: 0.3715, Spu: 0.0000, FD: 0.3697, FDAug: 0.3697, Var: 0.0000, Ctx: 6, MixCtx: 3, Train: 87.42%, Valid: 69.35%, Test In: 69.86% Test OOD1: 61.30% Test OOD2: 53.33% Test OOD3: 60.37% 
Epoch: 464, Loss: 1.8556, Cls: 0.7423, Ind: 0.0000, Med: 0.3728, Spu: 0.0000, FD: 0.3703, FDAug: 0.3702, Var: 0.0000, Ctx: 6, MixCtx: 3, Train: 87.50%, Valid: 68.77%, Test In: 69.10% Test OOD1: 60.73% Test OOD2: 53.21% Test OOD3: 59.42% 
Epoch: 465, Loss: 1.8503, Cls: 0.7398, Ind: 0.0000, Med: 0.3709, Spu: 0.0000, FD: 0.3698, FDAug: 0.3698, Var: 0.0000, Ctx: 6, MixCtx: 3, Train: 87.40%, Valid: 69.61%, Test In: 69.90% Test OOD1: 61.92% Test OOD2: 53.32% Test OOD3: 60.39% 
Epoch: 466, Loss: 1.8518, Cls: 0.7408, Ind: 0.0000, Med: 0.3723, Spu: 0.0000, FD: 0.3693, FDAug: 0.3694, Var: 0.0000, Ctx: 6, MixCtx: 3, Train: 87.61%, Valid: 69.38%, Test In: 69.82% Test OOD1: 61.42% Test OOD2: 53.34% Test OOD3: 60.33% 
Epoch: 467, Loss: 1.8353, Cls: 0.7338, Ind: 0.0000, Med: 0.3680, Spu: 0.0000, FD: 0.3667, FDAug: 0.3667, Var: 0.0000, Ctx: 6, MixCtx: 3, Train: 87.64%, Valid: 68.85%, Test In: 69.21% Test OOD1: 60.68% Test OOD2: 53.18% Test OOD3: 59.83% 
Epoch: 468, Loss: 1.8317, Cls: 0.7326, Ind: 0.0000, Med: 0.3678, Spu: 0.0000, FD: 0.3656, FDAug: 0.3656, Var: 0.0000, Ctx: 6, MixCtx: 3, Train: 87.48%, Valid: 68.98%, Test In: 69.17% Test OOD1: 61.18% Test OOD2: 53.19% Test OOD3: 60.05% 
Epoch: 469, Loss: 1.8410, Cls: 0.7364, Ind: 0.0000, Med: 0.3699, Spu: 0.0000, FD: 0.3673, FDAug: 0.3674, Var: 0.0000, Ctx: 6, MixCtx: 3, Train: 87.79%, Valid: 68.67%, Test In: 68.91% Test OOD1: 60.50% Test OOD2: 53.15% Test OOD3: 59.66% 
Epoch: 470, Loss: 1.8253, Cls: 0.7299, Ind: 0.0000, Med: 0.3662, Spu: 0.0000, FD: 0.3645, FDAug: 0.3646, Var: 0.0000, Ctx: 6, MixCtx: 3, Train: 87.65%, Valid: 68.95%, Test In: 69.24% Test OOD1: 60.76% Test OOD2: 53.04% Test OOD3: 59.98% 
Epoch: 471, Loss: 1.8468, Cls: 0.7387, Ind: 0.0000, Med: 0.3710, Spu: 0.0000, FD: 0.3685, FDAug: 0.3686, Var: 0.0000, Ctx: 6, MixCtx: 3, Train: 87.54%, Valid: 68.77%, Test In: 68.97% Test OOD1: 60.95% Test OOD2: 53.14% Test OOD3: 59.79% 
Epoch: 472, Loss: 1.8939, Cls: 0.7569, Ind: 0.0000, Med: 0.3791, Spu: 0.0000, FD: 0.3789, FDAug: 0.3790, Var: 0.0000, Ctx: 6, MixCtx: 3, Train: 87.49%, Valid: 68.94%, Test In: 69.23% Test OOD1: 60.67% Test OOD2: 52.99% Test OOD3: 59.72% 
Epoch: 473, Loss: 2.0014, Cls: 0.8000, Ind: 0.0000, Med: 0.4001, Spu: 0.0000, FD: 0.4006, FDAug: 0.4006, Var: 0.0000, Ctx: 6, MixCtx: 3, Train: 86.30%, Valid: 68.50%, Test In: 69.25% Test OOD1: 60.46% Test OOD2: 53.29% Test OOD3: 60.16% 
Epoch: 474, Loss: 2.2490, Cls: 0.8978, Ind: 0.0000, Med: 0.4481, Spu: 0.0000, FD: 0.4514, FDAug: 0.4517, Var: 0.0000, Ctx: 6, MixCtx: 3, Train: 84.85%, Valid: 69.56%, Test In: 70.59% Test OOD1: 62.67% Test OOD2: 53.11% Test OOD3: 62.22% 
Epoch: 475, Loss: 2.3011, Cls: 0.9186, Ind: 0.0000, Med: 0.4566, Spu: 0.0000, FD: 0.4630, FDAug: 0.4629, Var: 0.0000, Ctx: 6, MixCtx: 3, Train: 86.59%, Valid: 69.26%, Test In: 69.62% Test OOD1: 61.65% Test OOD2: 52.90% Test OOD3: 60.96% 
Epoch: 476, Loss: 1.9713, Cls: 0.7875, Ind: 0.0000, Med: 0.3953, Spu: 0.0000, FD: 0.3945, FDAug: 0.3940, Var: 0.0000, Ctx: 6, MixCtx: 3, Train: 86.31%, Valid: 69.04%, Test In: 69.14% Test OOD1: 61.12% Test OOD2: 52.63% Test OOD3: 60.39% 
Epoch: 477, Loss: 2.0202, Cls: 0.8065, Ind: 0.0000, Med: 0.4035, Spu: 0.0000, FD: 0.4055, FDAug: 0.4048, Var: 0.0000, Ctx: 6, MixCtx: 3, Train: 86.21%, Valid: 69.93%, Test In: 70.19% Test OOD1: 62.17% Test OOD2: 52.76% Test OOD3: 60.94% 
Epoch: 478, Loss: 2.0471, Cls: 0.8174, Ind: 0.0000, Med: 0.4067, Spu: 0.0000, FD: 0.4119, FDAug: 0.4112, Var: 0.0000, Ctx: 6, MixCtx: 3, Train: 86.77%, Valid: 70.00%, Test In: 70.20% Test OOD1: 62.34% Test OOD2: 53.17% Test OOD3: 60.90% 
Epoch: 479, Loss: 1.9668, Cls: 0.7861, Ind: 0.0000, Med: 0.3927, Spu: 0.0000, FD: 0.3943, FDAug: 0.3937, Var: 0.0000, Ctx: 6, MixCtx: 3, Train: 86.55%, Valid: 69.19%, Test In: 69.67% Test OOD1: 61.53% Test OOD2: 53.35% Test OOD3: 60.22% 
Epoch: 480, Loss: 1.9933, Cls: 0.7966, Ind: 0.0000, Med: 0.3982, Spu: 0.0000, FD: 0.3995, FDAug: 0.3990, Var: 0.0000, Ctx: 6, MixCtx: 3, Train: 86.68%, Valid: 69.30%, Test In: 70.16% Test OOD1: 61.55% Test OOD2: 53.51% Test OOD3: 60.38% 
Epoch: 481, Loss: 1.9539, Cls: 0.7813, Ind: 0.0000, Med: 0.3918, Spu: 0.0000, FD: 0.3904, FDAug: 0.3903, Var: 0.0000, Ctx: 6, MixCtx: 3, Train: 86.73%, Valid: 69.91%, Test In: 70.98% Test OOD1: 61.83% Test OOD2: 53.33% Test OOD3: 60.68% 
Epoch: 482, Loss: 1.9485, Cls: 0.7802, Ind: 0.0000, Med: 0.3939, Spu: 0.0000, FD: 0.3872, FDAug: 0.3872, Var: 0.0000, Ctx: 6, MixCtx: 3, Train: 86.79%, Valid: 69.61%, Test In: 70.67% Test OOD1: 61.07% Test OOD2: 52.96% Test OOD3: 59.74% 
Epoch: 483, Loss: 1.9230, Cls: 0.7696, Ind: 0.0000, Med: 0.3881, Spu: 0.0000, FD: 0.3826, FDAug: 0.3827, Var: 0.0000, Ctx: 6, MixCtx: 3, Train: 86.66%, Valid: 69.38%, Test In: 70.14% Test OOD1: 61.16% Test OOD2: 52.97% Test OOD3: 59.35% 
Epoch: 484, Loss: 1.9417, Cls: 0.7754, Ind: 0.0000, Med: 0.3873, Spu: 0.0000, FD: 0.3895, FDAug: 0.3895, Var: 0.0000, Ctx: 6, MixCtx: 3, Train: 86.87%, Valid: 70.41%, Test In: 71.08% Test OOD1: 62.93% Test OOD2: 53.30% Test OOD3: 60.86% 
Epoch: 485, Loss: 1.8919, Cls: 0.7560, Ind: 0.0000, Med: 0.3785, Spu: 0.0000, FD: 0.3787, FDAug: 0.3787, Var: 0.0000, Ctx: 6, MixCtx: 3, Train: 86.86%, Valid: 70.28%, Test In: 70.99% Test OOD1: 62.50% Test OOD2: 53.40% Test OOD3: 61.04% 
Epoch: 486, Loss: 1.9001, Cls: 0.7597, Ind: 0.0000, Med: 0.3806, Spu: 0.0000, FD: 0.3799, FDAug: 0.3799, Var: 0.0000, Ctx: 6, MixCtx: 3, Train: 86.61%, Valid: 68.50%, Test In: 69.10% Test OOD1: 59.93% Test OOD2: 52.94% Test OOD3: 59.09% 
Epoch: 487, Loss: 1.9201, Cls: 0.7675, Ind: 0.0000, Med: 0.3841, Spu: 0.0000, FD: 0.3842, FDAug: 0.3842, Var: 0.0000, Ctx: 6, MixCtx: 3, Train: 87.29%, Valid: 68.80%, Test In: 69.26% Test OOD1: 60.37% Test OOD2: 52.95% Test OOD3: 59.77% 
Epoch: 488, Loss: 1.8666, Cls: 0.7465, Ind: 0.0000, Med: 0.3743, Spu: 0.0000, FD: 0.3728, FDAug: 0.3729, Var: 0.0000, Ctx: 6, MixCtx: 3, Train: 87.24%, Valid: 69.66%, Test In: 70.09% Test OOD1: 61.95% Test OOD2: 53.14% Test OOD3: 60.81% 
Epoch: 489, Loss: 1.8663, Cls: 0.7464, Ind: 0.0000, Med: 0.3742, Spu: 0.0000, FD: 0.3728, FDAug: 0.3729, Var: 0.0000, Ctx: 6, MixCtx: 3, Train: 87.44%, Valid: 69.00%, Test In: 69.43% Test OOD1: 60.88% Test OOD2: 53.12% Test OOD3: 59.79% 
Epoch: 490, Loss: 1.8829, Cls: 0.7530, Ind: 0.0000, Med: 0.3775, Spu: 0.0000, FD: 0.3762, FDAug: 0.3762, Var: 0.0000, Ctx: 6, MixCtx: 3, Train: 87.58%, Valid: 69.44%, Test In: 69.74% Test OOD1: 61.42% Test OOD2: 53.00% Test OOD3: 60.24% 
Epoch: 491, Loss: 1.8666, Cls: 0.7461, Ind: 0.0000, Med: 0.3735, Spu: 0.0000, FD: 0.3734, FDAug: 0.3735, Var: 0.0000, Ctx: 6, MixCtx: 3, Train: 87.87%, Valid: 69.32%, Test In: 69.55% Test OOD1: 61.48% Test OOD2: 53.11% Test OOD3: 60.60% 
Epoch: 492, Loss: 1.8180, Cls: 0.7270, Ind: 0.0000, Med: 0.3646, Spu: 0.0000, FD: 0.3632, FDAug: 0.3633, Var: 0.0000, Ctx: 6, MixCtx: 3, Train: 87.76%, Valid: 68.77%, Test In: 68.99% Test OOD1: 60.90% Test OOD2: 53.22% Test OOD3: 60.38% 
Epoch: 493, Loss: 1.8478, Cls: 0.7391, Ind: 0.0000, Med: 0.3711, Spu: 0.0000, FD: 0.3687, FDAug: 0.3688, Var: 0.0000, Ctx: 6, MixCtx: 3, Train: 87.89%, Valid: 68.87%, Test In: 69.07% Test OOD1: 60.85% Test OOD2: 53.16% Test OOD3: 60.39% 
Epoch: 494, Loss: 1.8589, Cls: 0.7428, Ind: 0.0000, Med: 0.3709, Spu: 0.0000, FD: 0.3726, FDAug: 0.3726, Var: 0.0000, Ctx: 6, MixCtx: 3, Train: 87.93%, Valid: 68.74%, Test In: 68.88% Test OOD1: 60.77% Test OOD2: 53.14% Test OOD3: 60.12% 
Epoch: 495, Loss: 1.8188, Cls: 0.7274, Ind: 0.0000, Med: 0.3648, Spu: 0.0000, FD: 0.3633, FDAug: 0.3633, Var: 0.0000, Ctx: 6, MixCtx: 3, Train: 87.92%, Valid: 69.00%, Test In: 69.19% Test OOD1: 61.26% Test OOD2: 53.04% Test OOD3: 60.30% 
Epoch: 496, Loss: 1.8157, Cls: 0.7262, Ind: 0.0000, Med: 0.3643, Spu: 0.0000, FD: 0.3626, FDAug: 0.3626, Var: 0.0000, Ctx: 6, MixCtx: 3, Train: 88.01%, Valid: 68.80%, Test In: 69.09% Test OOD1: 60.92% Test OOD2: 52.93% Test OOD3: 59.96% 
Epoch: 497, Loss: 1.8295, Cls: 0.7315, Ind: 0.0000, Med: 0.3660, Spu: 0.0000, FD: 0.3660, FDAug: 0.3660, Var: 0.0000, Ctx: 6, MixCtx: 3, Train: 87.95%, Valid: 67.94%, Test In: 68.19% Test OOD1: 59.70% Test OOD2: 53.02% Test OOD3: 59.14% 
Epoch: 498, Loss: 1.8390, Cls: 0.7358, Ind: 0.0000, Med: 0.3697, Spu: 0.0000, FD: 0.3668, FDAug: 0.3668, Var: 0.0000, Ctx: 6, MixCtx: 3, Train: 88.00%, Valid: 68.45%, Test In: 68.82% Test OOD1: 60.54% Test OOD2: 53.08% Test OOD3: 60.03% 
Epoch: 499, Loss: 1.8372, Cls: 0.7346, Ind: 0.0000, Med: 0.3678, Spu: 0.0000, FD: 0.3674, FDAug: 0.3674, Var: 0.0000, Ctx: 6, MixCtx: 3, Train: 88.18%, Valid: 68.17%, Test In: 68.38% Test OOD1: 60.16% Test OOD2: 53.09% Test OOD3: 59.43% 
Run 01:
Highest Train: 88.18
Highest Valid: 73.55
Highest In Test: 75.03
Highest OOD Test: 68.03
Highest OOD Test: 54.83
Highest OOD Test: 64.50
Chosen epoch: 166
Final Train: 78.42
Final In Test: 75.00
Final OOD Test: 67.53
Final OOD Test: 54.37
Final OOD Test: 64.23
Epoch: 00, Loss: 3.6001, Cls: 1.4003, Ind: 0.0037, Med: 0.6421, Spu: 0.0130, FD: 0.7763, FDAug: 0.7648, Var: 0.0000, Ctx: 6, MixCtx: 3, Train: 49.77%, Valid: 49.43%, Test In: 51.30% Test OOD1: 50.02% Test OOD2: 52.02% Test OOD3: 52.00% 
Epoch: 01, Loss: 2.8915, Cls: 1.1406, Ind: 0.0048, Med: 0.5648, Spu: 0.0019, FD: 0.5894, FDAug: 0.5899, Var: 0.0000, Ctx: 6, MixCtx: 3, Train: 44.92%, Valid: 45.09%, Test In: 45.99% Test OOD1: 42.87% Test OOD2: 50.86% Test OOD3: 47.44% 
Epoch: 02, Loss: 2.8353, Cls: 1.1280, Ind: 0.0062, Med: 0.5672, Spu: 0.0047, FD: 0.5649, FDAug: 0.5643, Var: 0.0000, Ctx: 6, MixCtx: 3, Train: 55.48%, Valid: 54.90%, Test In: 55.43% Test OOD1: 57.45% Test OOD2: 52.79% Test OOD3: 57.12% 
Epoch: 03, Loss: 2.8643, Cls: 1.1388, Ind: 0.0055, Med: 0.5644, Spu: 0.0012, FD: 0.5779, FDAug: 0.5766, Var: 0.0000, Ctx: 6, MixCtx: 3, Train: 58.38%, Valid: 58.06%, Test In: 57.64% Test OOD1: 61.11% Test OOD2: 52.23% Test OOD3: 58.14% 
Epoch: 04, Loss: 2.8657, Cls: 1.1384, Ind: 0.0036, Med: 0.5625, Spu: 0.0001, FD: 0.5805, FDAug: 0.5806, Var: 0.0000, Ctx: 6, MixCtx: 3, Train: 58.64%, Valid: 58.47%, Test In: 57.65% Test OOD1: 61.45% Test OOD2: 51.79% Test OOD3: 58.03% 
Epoch: 05, Loss: 2.8580, Cls: 1.1324, Ind: 0.0018, Med: 0.5608, Spu: 0.0016, FD: 0.5804, FDAug: 0.5810, Var: 0.0000, Ctx: 6, MixCtx: 3, Train: 58.69%, Valid: 58.58%, Test In: 57.69% Test OOD1: 61.45% Test OOD2: 51.55% Test OOD3: 57.93% 
Epoch: 06, Loss: 2.8438, Cls: 1.1259, Ind: 0.0008, Med: 0.5609, Spu: 0.0017, FD: 0.5770, FDAug: 0.5775, Var: 0.0000, Ctx: 6, MixCtx: 3, Train: 58.67%, Valid: 58.58%, Test In: 57.67% Test OOD1: 61.44% Test OOD2: 51.43% Test OOD3: 57.86% 
Epoch: 07, Loss: 2.8264, Cls: 1.1211, Ind: 0.0003, Med: 0.5631, Spu: 0.0005, FD: 0.5705, FDAug: 0.5709, Var: 0.0000, Ctx: 6, MixCtx: 3, Train: 58.68%, Valid: 58.59%, Test In: 57.67% Test OOD1: 61.44% Test OOD2: 51.37% Test OOD3: 57.81% 
Epoch: 08, Loss: 2.8132, Cls: 1.1195, Ind: 0.0001, Med: 0.5650, Spu: 0.0001, FD: 0.5641, FDAug: 0.5644, Var: 0.0000, Ctx: 6, MixCtx: 3, Train: 58.70%, Valid: 58.60%, Test In: 57.69% Test OOD1: 61.43% Test OOD2: 51.31% Test OOD3: 57.78% 
Epoch: 09, Loss: 2.8060, Cls: 1.1199, Ind: 0.0001, Med: 0.5638, Spu: 0.0010, FD: 0.5605, FDAug: 0.5607, Var: 0.0000, Ctx: 6, MixCtx: 3, Train: 58.70%, Valid: 58.60%, Test In: 57.69% Test OOD1: 61.41% Test OOD2: 51.26% Test OOD3: 57.74% 
Epoch: 10, Loss: 2.8022, Cls: 1.1199, Ind: 0.0003, Med: 0.5606, Spu: 0.0014, FD: 0.5600, FDAug: 0.5600, Var: 0.0000, Ctx: 6, MixCtx: 3, Train: 58.70%, Valid: 58.62%, Test In: 57.67% Test OOD1: 61.38% Test OOD2: 51.22% Test OOD3: 57.69% 
Epoch: 11, Loss: 2.8017, Cls: 1.1192, Ind: 0.0006, Med: 0.5586, Spu: 0.0008, FD: 0.5613, FDAug: 0.5612, Var: 0.0000, Ctx: 6, MixCtx: 3, Train: 58.69%, Valid: 58.62%, Test In: 57.64% Test OOD1: 61.36% Test OOD2: 51.20% Test OOD3: 57.65% 
Epoch: 12, Loss: 2.8043, Cls: 1.1184, Ind: 0.0011, Med: 0.5590, Spu: 0.0001, FD: 0.5629, FDAug: 0.5628, Var: 0.0000, Ctx: 6, MixCtx: 3, Train: 58.74%, Valid: 58.68%, Test In: 57.69% Test OOD1: 61.38% Test OOD2: 51.19% Test OOD3: 57.66% 
Epoch: 13, Loss: 2.8071, Cls: 1.1177, Ind: 0.0013, Med: 0.5603, Spu: 0.0001, FD: 0.5639, FDAug: 0.5637, Var: 0.0000, Ctx: 6, MixCtx: 3, Train: 58.98%, Valid: 58.85%, Test In: 57.91% Test OOD1: 61.48% Test OOD2: 51.24% Test OOD3: 57.75% 
Epoch: 14, Loss: 2.8071, Cls: 1.1168, Ind: 0.0014, Med: 0.5609, Spu: 0.0007, FD: 0.5637, FDAug: 0.5636, Var: 0.0000, Ctx: 6, MixCtx: 3, Train: 59.16%, Valid: 58.96%, Test In: 58.10% Test OOD1: 61.56% Test OOD2: 51.27% Test OOD3: 57.83% 
Epoch: 15, Loss: 2.8039, Cls: 1.1161, Ind: 0.0013, Med: 0.5606, Spu: 0.0009, FD: 0.5626, FDAug: 0.5625, Var: 0.0000, Ctx: 6, MixCtx: 3, Train: 59.29%, Valid: 59.04%, Test In: 58.24% Test OOD1: 61.62% Test OOD2: 51.29% Test OOD3: 57.89% 
Epoch: 16, Loss: 2.7982, Cls: 1.1153, Ind: 0.0010, Med: 0.5592, Spu: 0.0007, FD: 0.5610, FDAug: 0.5610, Var: 0.0000, Ctx: 6, MixCtx: 3, Train: 59.55%, Valid: 59.20%, Test In: 58.48% Test OOD1: 61.74% Test OOD2: 51.34% Test OOD3: 58.03% 
Epoch: 17, Loss: 2.7911, Cls: 1.1142, Ind: 0.0006, Med: 0.5572, Spu: 0.0002, FD: 0.5594, FDAug: 0.5594, Var: 0.0000, Ctx: 6, MixCtx: 3, Train: 59.77%, Valid: 59.34%, Test In: 58.67% Test OOD1: 61.84% Test OOD2: 51.38% Test OOD3: 58.17% 
Epoch: 18, Loss: 2.7853, Cls: 1.1131, Ind: 0.0003, Med: 0.5557, Spu: 0.0000, FD: 0.5581, FDAug: 0.5581, Var: 0.0000, Ctx: 6, MixCtx: 3, Train: 59.94%, Valid: 59.44%, Test In: 58.82% Test OOD1: 61.92% Test OOD2: 51.40% Test OOD3: 58.26% 
Epoch: 19, Loss: 2.7819, Cls: 1.1120, Ind: 0.0002, Med: 0.5551, Spu: 0.0002, FD: 0.5572, FDAug: 0.5572, Var: 0.0000, Ctx: 6, MixCtx: 3, Train: 60.21%, Valid: 59.62%, Test In: 59.06% Test OOD1: 62.04% Test OOD2: 51.44% Test OOD3: 58.39% 
Epoch: 20, Loss: 2.7791, Cls: 1.1105, Ind: 0.0001, Med: 0.5548, Spu: 0.0005, FD: 0.5566, FDAug: 0.5566, Var: 0.0000, Ctx: 6, MixCtx: 3, Train: 60.53%, Valid: 59.84%, Test In: 59.35% Test OOD1: 62.18% Test OOD2: 51.47% Test OOD3: 58.56% 
Epoch: 21, Loss: 2.7760, Cls: 1.1088, Ind: 0.0001, Med: 0.5543, Spu: 0.0005, FD: 0.5562, FDAug: 0.5563, Var: 0.0000, Ctx: 6, MixCtx: 3, Train: 60.90%, Valid: 60.09%, Test In: 59.68% Test OOD1: 62.34% Test OOD2: 51.53% Test OOD3: 58.76% 
Epoch: 22, Loss: 2.7722, Cls: 1.1068, Ind: 0.0001, Med: 0.5533, Spu: 0.0003, FD: 0.5558, FDAug: 0.5559, Var: 0.0000, Ctx: 6, MixCtx: 3, Train: 61.31%, Valid: 60.37%, Test In: 60.06% Test OOD1: 62.52% Test OOD2: 51.59% Test OOD3: 58.98% 
Epoch: 23, Loss: 2.7665, Cls: 1.1044, Ind: 0.0001, Med: 0.5517, Spu: 0.0001, FD: 0.5550, FDAug: 0.5551, Var: 0.0000, Ctx: 6, MixCtx: 3, Train: 61.77%, Valid: 60.69%, Test In: 60.49% Test OOD1: 62.71% Test OOD2: 51.65% Test OOD3: 59.23% 
Epoch: 24, Loss: 2.7598, Cls: 1.1019, Ind: 0.0001, Med: 0.5499, Spu: 0.0000, FD: 0.5539, FDAug: 0.5540, Var: 0.0000, Ctx: 6, MixCtx: 3, Train: 62.31%, Valid: 61.06%, Test In: 61.00% Test OOD1: 62.94% Test OOD2: 51.75% Test OOD3: 59.52% 
Epoch: 25, Loss: 2.7517, Cls: 1.0988, Ind: 0.0001, Med: 0.5480, Spu: 0.0002, FD: 0.5523, FDAug: 0.5523, Var: 0.0000, Ctx: 6, MixCtx: 3, Train: 62.97%, Valid: 61.51%, Test In: 61.61% Test OOD1: 63.20% Test OOD2: 51.85% Test OOD3: 59.85% 
Epoch: 26, Loss: 2.7422, Cls: 1.0952, Ind: 0.0001, Med: 0.5462, Spu: 0.0003, FD: 0.5502, FDAug: 0.5502, Var: 0.0000, Ctx: 6, MixCtx: 3, Train: 63.58%, Valid: 61.91%, Test In: 62.18% Test OOD1: 63.43% Test OOD2: 51.94% Test OOD3: 60.15% 
Epoch: 27, Loss: 2.7305, Cls: 1.0907, Ind: 0.0001, Med: 0.5441, Spu: 0.0002, FD: 0.5476, FDAug: 0.5477, Var: 0.0000, Ctx: 6, MixCtx: 3, Train: 64.33%, Valid: 62.43%, Test In: 62.89% Test OOD1: 63.74% Test OOD2: 52.07% Test OOD3: 60.52% 
Epoch: 28, Loss: 2.7168, Cls: 1.0853, Ind: 0.0001, Med: 0.5416, Spu: 0.0001, FD: 0.5448, FDAug: 0.5448, Var: 0.0000, Ctx: 6, MixCtx: 3, Train: 65.24%, Valid: 63.05%, Test In: 63.76% Test OOD1: 64.09% Test OOD2: 52.21% Test OOD3: 60.95% 
Epoch: 29, Loss: 2.7015, Cls: 1.0792, Ind: 0.0001, Med: 0.5387, Spu: 0.0000, FD: 0.5417, FDAug: 0.5418, Var: 0.0000, Ctx: 6, MixCtx: 3, Train: 66.03%, Valid: 63.60%, Test In: 64.50% Test OOD1: 64.39% Test OOD2: 52.33% Test OOD3: 61.32% 
Epoch: 30, Loss: 2.6876, Cls: 1.0737, Ind: 0.0001, Med: 0.5366, Spu: 0.0000, FD: 0.5385, FDAug: 0.5386, Var: 0.0000, Ctx: 6, MixCtx: 3, Train: 67.31%, Valid: 64.52%, Test In: 65.77% Test OOD1: 64.85% Test OOD2: 52.54% Test OOD3: 61.78% 
Epoch: 31, Loss: 2.6908, Cls: 1.0746, Ind: 0.0001, Med: 0.5370, Spu: 0.0001, FD: 0.5394, FDAug: 0.5396, Var: 0.0000, Ctx: 6, MixCtx: 3, Train: 67.30%, Valid: 64.51%, Test In: 65.72% Test OOD1: 64.84% Test OOD2: 52.50% Test OOD3: 61.86% 
Epoch: 32, Loss: 2.6931, Cls: 1.0763, Ind: 0.0002, Med: 0.5395, Spu: 0.0001, FD: 0.5386, FDAug: 0.5385, Var: 0.0000, Ctx: 6, MixCtx: 3, Train: 68.14%, Valid: 65.11%, Test In: 66.59% Test OOD1: 65.16% Test OOD2: 52.63% Test OOD3: 62.14% 
Epoch: 33, Loss: 2.6465, Cls: 1.0569, Ind: 0.0001, Med: 0.5278, Spu: 0.0001, FD: 0.5308, FDAug: 0.5308, Var: 0.0000, Ctx: 6, MixCtx: 3, Train: 69.09%, Valid: 65.84%, Test In: 67.55% Test OOD1: 65.42% Test OOD2: 52.78% Test OOD3: 62.44% 
Epoch: 34, Loss: 2.6857, Cls: 1.0728, Ind: 0.0001, Med: 0.5378, Spu: 0.0001, FD: 0.5374, FDAug: 0.5375, Var: 0.0000, Ctx: 6, MixCtx: 3, Train: 69.26%, Valid: 65.92%, Test In: 67.71% Test OOD1: 65.52% Test OOD2: 52.79% Test OOD3: 62.51% 
Epoch: 35, Loss: 2.6181, Cls: 1.0452, Ind: 0.0001, Med: 0.5213, Spu: 0.0000, FD: 0.5257, FDAug: 0.5257, Var: 0.0000, Ctx: 6, MixCtx: 3, Train: 69.64%, Valid: 66.19%, Test In: 68.08% Test OOD1: 65.67% Test OOD2: 52.84% Test OOD3: 62.65% 
Epoch: 36, Loss: 2.6443, Cls: 1.0558, Ind: 0.0001, Med: 0.5268, Spu: 0.0000, FD: 0.5308, FDAug: 0.5307, Var: 0.0000, Ctx: 6, MixCtx: 3, Train: 70.29%, Valid: 66.68%, Test In: 68.74% Test OOD1: 65.80% Test OOD2: 52.96% Test OOD3: 62.84% 
Epoch: 37, Loss: 2.5888, Cls: 1.0333, Ind: 0.0001, Med: 0.5153, Spu: 0.0001, FD: 0.5200, FDAug: 0.5201, Var: 0.0000, Ctx: 6, MixCtx: 3, Train: 70.88%, Valid: 67.11%, Test In: 69.34% Test OOD1: 65.90% Test OOD2: 53.10% Test OOD3: 62.98% 
Epoch: 38, Loss: 2.6222, Cls: 1.0473, Ind: 0.0001, Med: 0.5248, Spu: 0.0001, FD: 0.5249, FDAug: 0.5250, Var: 0.0000, Ctx: 6, MixCtx: 3, Train: 71.07%, Valid: 67.21%, Test In: 69.52% Test OOD1: 65.97% Test OOD2: 53.12% Test OOD3: 63.06% 
Epoch: 39, Loss: 2.5651, Cls: 1.0238, Ind: 0.0001, Med: 0.5101, Spu: 0.0001, FD: 0.5155, FDAug: 0.5155, Var: 0.0000, Ctx: 6, MixCtx: 3, Train: 71.29%, Valid: 67.36%, Test In: 69.73% Test OOD1: 66.04% Test OOD2: 53.15% Test OOD3: 63.14% 
Epoch: 40, Loss: 2.5911, Cls: 1.0347, Ind: 0.0001, Med: 0.5169, Spu: 0.0000, FD: 0.5197, FDAug: 0.5196, Var: 0.0000, Ctx: 6, MixCtx: 3, Train: 71.70%, Valid: 67.66%, Test In: 70.17% Test OOD1: 65.99% Test OOD2: 53.29% Test OOD3: 63.20% 
Epoch: 41, Loss: 2.5413, Cls: 1.0144, Ind: 0.0001, Med: 0.5055, Spu: 0.0000, FD: 0.5106, FDAug: 0.5106, Var: 0.0000, Ctx: 6, MixCtx: 3, Train: 72.02%, Valid: 67.88%, Test In: 70.51% Test OOD1: 65.84% Test OOD2: 53.41% Test OOD3: 63.23% 
Epoch: 42, Loss: 2.5680, Cls: 1.0250, Ind: 0.0001, Med: 0.5105, Spu: 0.0000, FD: 0.5161, FDAug: 0.5162, Var: 0.0000, Ctx: 6, MixCtx: 3, Train: 72.08%, Valid: 67.90%, Test In: 70.54% Test OOD1: 65.93% Test OOD2: 53.39% Test OOD3: 63.29% 
Epoch: 43, Loss: 2.5249, Cls: 1.0083, Ind: 0.0001, Med: 0.5044, Spu: 0.0001, FD: 0.5060, FDAug: 0.5060, Var: 0.0000, Ctx: 6, MixCtx: 3, Train: 72.20%, Valid: 67.99%, Test In: 70.68% Test OOD1: 65.93% Test OOD2: 53.41% Test OOD3: 63.31% 
Epoch: 44, Loss: 2.5367, Cls: 1.0138, Ind: 0.0001, Med: 0.5098, Spu: 0.0000, FD: 0.5064, FDAug: 0.5064, Var: 0.0000, Ctx: 6, MixCtx: 3, Train: 72.46%, Valid: 68.15%, Test In: 71.00% Test OOD1: 65.53% Test OOD2: 53.55% Test OOD3: 63.27% 
Epoch: 45, Loss: 2.5288, Cls: 1.0093, Ind: 0.0001, Med: 0.5028, Spu: 0.0000, FD: 0.5082, FDAug: 0.5083, Var: 0.0000, Ctx: 6, MixCtx: 3, Train: 72.54%, Valid: 68.22%, Test In: 71.08% Test OOD1: 65.56% Test OOD2: 53.55% Test OOD3: 63.28% 
Epoch: 46, Loss: 2.5000, Cls: 0.9985, Ind: 0.0001, Med: 0.4992, Spu: 0.0000, FD: 0.5011, FDAug: 0.5011, Var: 0.0000, Ctx: 6, MixCtx: 3, Train: 72.58%, Valid: 68.30%, Test In: 71.08% Test OOD1: 65.76% Test OOD2: 53.51% Test OOD3: 63.34% 
Epoch: 47, Loss: 2.5335, Cls: 1.0134, Ind: 0.0001, Med: 0.5109, Spu: 0.0000, FD: 0.5045, FDAug: 0.5045, Var: 0.0000, Ctx: 6, MixCtx: 3, Train: 72.74%, Valid: 68.40%, Test In: 71.32% Test OOD1: 65.24% Test OOD2: 53.61% Test OOD3: 63.24% 
Epoch: 48, Loss: 2.5082, Cls: 1.0023, Ind: 0.0001, Med: 0.5011, Spu: 0.0000, FD: 0.5023, FDAug: 0.5023, Var: 0.0000, Ctx: 6, MixCtx: 3, Train: 72.81%, Valid: 68.49%, Test In: 71.41% Test OOD1: 65.26% Test OOD2: 53.62% Test OOD3: 63.26% 
Epoch: 49, Loss: 2.4943, Cls: 0.9972, Ind: 0.0001, Med: 0.4992, Spu: 0.0000, FD: 0.4989, FDAug: 0.4989, Var: 0.0000, Ctx: 6, MixCtx: 3, Train: 72.87%, Valid: 68.61%, Test In: 71.41% Test OOD1: 65.66% Test OOD2: 53.58% Test OOD3: 63.36% 
Epoch: 50, Loss: 2.5216, Cls: 1.0083, Ind: 0.0001, Med: 0.5054, Spu: 0.0000, FD: 0.5039, FDAug: 0.5038, Var: 0.0000, Ctx: 6, MixCtx: 3, Train: 72.96%, Valid: 68.67%, Test In: 71.59% Test OOD1: 65.12% Test OOD2: 53.65% Test OOD3: 63.25% 
Epoch: 51, Loss: 2.4924, Cls: 0.9968, Ind: 0.0001, Med: 0.4994, Spu: 0.0000, FD: 0.4981, FDAug: 0.4981, Var: 0.0000, Ctx: 6, MixCtx: 3, Train: 73.03%, Valid: 68.75%, Test In: 71.67% Test OOD1: 65.07% Test OOD2: 53.66% Test OOD3: 63.25% 
Epoch: 52, Loss: 2.4915, Cls: 0.9965, Ind: 0.0001, Med: 0.4993, Spu: 0.0000, FD: 0.4978, FDAug: 0.4978, Var: 0.0000, Ctx: 6, MixCtx: 3, Train: 73.12%, Valid: 68.92%, Test In: 71.70% Test OOD1: 65.63% Test OOD2: 53.63% Test OOD3: 63.38% 
Epoch: 53, Loss: 2.5012, Cls: 0.9999, Ind: 0.0001, Med: 0.4996, Spu: 0.0000, FD: 0.5008, FDAug: 0.5008, Var: 0.0000, Ctx: 6, MixCtx: 3, Train: 73.19%, Valid: 68.98%, Test In: 71.83% Test OOD1: 65.29% Test OOD2: 53.67% Test OOD3: 63.32% 
Epoch: 54, Loss: 2.4759, Cls: 0.9902, Ind: 0.0001, Med: 0.4954, Spu: 0.0000, FD: 0.4950, FDAug: 0.4951, Var: 0.0000, Ctx: 6, MixCtx: 3, Train: 73.24%, Valid: 69.04%, Test In: 71.91% Test OOD1: 65.08% Test OOD2: 53.70% Test OOD3: 63.28% 
Epoch: 55, Loss: 2.4873, Cls: 0.9949, Ind: 0.0001, Med: 0.4978, Spu: 0.0000, FD: 0.4972, FDAug: 0.4972, Var: 0.0000, Ctx: 6, MixCtx: 3, Train: 73.35%, Valid: 69.23%, Test In: 71.97% Test OOD1: 65.63% Test OOD2: 53.68% Test OOD3: 63.41% 
Epoch: 56, Loss: 2.4757, Cls: 0.9902, Ind: 0.0001, Med: 0.4952, Spu: 0.0000, FD: 0.4951, FDAug: 0.4951, Var: 0.0000, Ctx: 6, MixCtx: 3, Train: 73.44%, Valid: 69.34%, Test In: 72.05% Test OOD1: 65.67% Test OOD2: 53.69% Test OOD3: 63.44% 
Epoch: 57, Loss: 2.4704, Cls: 0.9882, Ind: 0.0001, Med: 0.4944, Spu: 0.0000, FD: 0.4939, FDAug: 0.4939, Var: 0.0000, Ctx: 6, MixCtx: 3, Train: 73.50%, Valid: 69.40%, Test In: 72.16% Test OOD1: 65.33% Test OOD2: 53.73% Test OOD3: 63.38% 
Epoch: 58, Loss: 2.4760, Cls: 0.9901, Ind: 0.0001, Med: 0.4950, Spu: 0.0000, FD: 0.4954, FDAug: 0.4954, Var: 0.0000, Ctx: 6, MixCtx: 3, Train: 73.61%, Valid: 69.59%, Test In: 72.22% Test OOD1: 65.76% Test OOD2: 53.72% Test OOD3: 63.48% 
Epoch: 59, Loss: 2.4603, Cls: 0.9841, Ind: 0.0001, Med: 0.4925, Spu: 0.0000, FD: 0.4918, FDAug: 0.4918, Var: 0.0000, Ctx: 6, MixCtx: 3, Train: 73.68%, Valid: 69.74%, Test In: 72.23% Test OOD1: 66.11% Test OOD2: 53.69% Test OOD3: 63.58% 
Epoch: 60, Loss: 2.4670, Cls: 0.9867, Ind: 0.0001, Med: 0.4939, Spu: 0.0000, FD: 0.4932, FDAug: 0.4932, Var: 0.0000, Ctx: 6, MixCtx: 3, Train: 73.79%, Valid: 69.83%, Test In: 72.42% Test OOD1: 65.75% Test OOD2: 53.74% Test OOD3: 63.52% 
Epoch: 61, Loss: 2.4625, Cls: 0.9848, Ind: 0.0001, Med: 0.4927, Spu: 0.0000, FD: 0.4925, FDAug: 0.4925, Var: 0.0000, Ctx: 6, MixCtx: 3, Train: 73.86%, Valid: 69.95%, Test In: 72.44% Test OOD1: 66.05% Test OOD2: 53.73% Test OOD3: 63.58% 
Epoch: 62, Loss: 2.4512, Cls: 0.9803, Ind: 0.0001, Med: 0.4908, Spu: 0.0000, FD: 0.4900, FDAug: 0.4900, Var: 0.0000, Ctx: 6, MixCtx: 3, Train: 73.87%, Valid: 70.04%, Test In: 72.39% Test OOD1: 66.40% Test OOD2: 53.68% Test OOD3: 63.66% 
Epoch: 63, Loss: 2.4591, Cls: 0.9832, Ind: 0.0001, Med: 0.4916, Spu: 0.0000, FD: 0.4921, FDAug: 0.4921, Var: 0.0000, Ctx: 6, MixCtx: 3, Train: 74.02%, Valid: 70.16%, Test In: 72.62% Test OOD1: 66.02% Test OOD2: 53.74% Test OOD3: 63.59% 
Epoch: 64, Loss: 2.4541, Cls: 0.9817, Ind: 0.0001, Med: 0.4919, Spu: 0.0000, FD: 0.4902, FDAug: 0.4902, Var: 0.0000, Ctx: 6, MixCtx: 3, Train: 74.07%, Valid: 70.26%, Test In: 72.62% Test OOD1: 66.31% Test OOD2: 53.72% Test OOD3: 63.66% 
Epoch: 65, Loss: 2.4435, Cls: 0.9772, Ind: 0.0001, Med: 0.4895, Spu: 0.0000, FD: 0.4883, FDAug: 0.4883, Var: 0.0000, Ctx: 6, MixCtx: 3, Train: 74.07%, Valid: 70.32%, Test In: 72.57% Test OOD1: 66.58% Test OOD2: 53.67% Test OOD3: 63.72% 
Epoch: 66, Loss: 2.4498, Cls: 0.9794, Ind: 0.0001, Med: 0.4896, Spu: 0.0000, FD: 0.4904, FDAug: 0.4904, Var: 0.0000, Ctx: 6, MixCtx: 3, Train: 74.24%, Valid: 70.46%, Test In: 72.84% Test OOD1: 66.16% Test OOD2: 53.75% Test OOD3: 63.64% 
Epoch: 67, Loss: 2.4484, Cls: 0.9794, Ind: 0.0001, Med: 0.4909, Spu: 0.0000, FD: 0.4890, FDAug: 0.4890, Var: 0.0000, Ctx: 6, MixCtx: 3, Train: 74.25%, Valid: 70.54%, Test In: 72.79% Test OOD1: 66.52% Test OOD2: 53.69% Test OOD3: 63.72% 
Epoch: 68, Loss: 2.4364, Cls: 0.9744, Ind: 0.0001, Med: 0.4878, Spu: 0.0000, FD: 0.4871, FDAug: 0.4871, Var: 0.0000, Ctx: 6, MixCtx: 3, Train: 74.29%, Valid: 70.61%, Test In: 72.82% Test OOD1: 66.63% Test OOD2: 53.67% Test OOD3: 63.75% 
Epoch: 69, Loss: 2.4372, Cls: 0.9747, Ind: 0.0001, Med: 0.4878, Spu: 0.0000, FD: 0.4873, FDAug: 0.4873, Var: 0.0000, Ctx: 6, MixCtx: 3, Train: 74.46%, Valid: 70.74%, Test In: 73.09% Test OOD1: 66.21% Test OOD2: 53.74% Test OOD3: 63.66% 
Epoch: 70, Loss: 2.4414, Cls: 0.9764, Ind: 0.0001, Med: 0.4885, Spu: 0.0000, FD: 0.4882, FDAug: 0.4883, Var: 0.0000, Ctx: 6, MixCtx: 3, Train: 74.43%, Valid: 70.79%, Test In: 72.96% Test OOD1: 66.69% Test OOD2: 53.65% Test OOD3: 63.77% 
Epoch: 71, Loss: 2.4335, Cls: 0.9734, Ind: 0.0001, Med: 0.4875, Spu: 0.0000, FD: 0.4863, FDAug: 0.4863, Var: 0.0000, Ctx: 6, MixCtx: 3, Train: 74.56%, Valid: 70.90%, Test In: 73.16% Test OOD1: 66.49% Test OOD2: 53.69% Test OOD3: 63.72% 
Epoch: 72, Loss: 2.4254, Cls: 0.9701, Ind: 0.0001, Med: 0.4856, Spu: 0.0000, FD: 0.4849, FDAug: 0.4849, Var: 0.0000, Ctx: 6, MixCtx: 3, Train: 74.65%, Valid: 70.99%, Test In: 73.29% Test OOD1: 66.35% Test OOD2: 53.71% Test OOD3: 63.68% 
Epoch: 73, Loss: 2.4256, Cls: 0.9700, Ind: 0.0001, Med: 0.4852, Spu: 0.0000, FD: 0.4852, FDAug: 0.4852, Var: 0.0000, Ctx: 6, MixCtx: 3, Train: 74.65%, Valid: 71.04%, Test In: 73.20% Test OOD1: 66.74% Test OOD2: 53.63% Test OOD3: 63.79% 
Epoch: 74, Loss: 2.4283, Cls: 0.9715, Ind: 0.0001, Med: 0.4867, Spu: 0.0000, FD: 0.4851, FDAug: 0.4850, Var: 0.0000, Ctx: 6, MixCtx: 3, Train: 74.80%, Valid: 71.15%, Test In: 73.50% Test OOD1: 66.15% Test OOD2: 53.73% Test OOD3: 63.62% 
Epoch: 75, Loss: 2.4272, Cls: 0.9707, Ind: 0.0001, Med: 0.4852, Spu: 0.0000, FD: 0.4856, FDAug: 0.4856, Var: 0.0000, Ctx: 6, MixCtx: 3, Train: 74.81%, Valid: 71.22%, Test In: 73.40% Test OOD1: 66.71% Test OOD2: 53.63% Test OOD3: 63.76% 
Epoch: 76, Loss: 2.4199, Cls: 0.9680, Ind: 0.0000, Med: 0.4845, Spu: 0.0000, FD: 0.4837, FDAug: 0.4837, Var: 0.0000, Ctx: 6, MixCtx: 3, Train: 74.93%, Valid: 71.31%, Test In: 73.60% Test OOD1: 66.38% Test OOD2: 53.68% Test OOD3: 63.67% 
Epoch: 77, Loss: 2.4134, Cls: 0.9654, Ind: 0.0000, Med: 0.4830, Spu: 0.0000, FD: 0.4825, FDAug: 0.4825, Var: 0.0000, Ctx: 6, MixCtx: 3, Train: 74.99%, Valid: 71.39%, Test In: 73.64% Test OOD1: 66.47% Test OOD2: 53.66% Test OOD3: 63.68% 
Epoch: 78, Loss: 2.4098, Cls: 0.9639, Ind: 0.0000, Med: 0.4823, Spu: 0.0000, FD: 0.4817, FDAug: 0.4818, Var: 0.0000, Ctx: 6, MixCtx: 3, Train: 75.04%, Valid: 71.47%, Test In: 73.66% Test OOD1: 66.68% Test OOD2: 53.61% Test OOD3: 63.73% 
Epoch: 79, Loss: 2.4095, Cls: 0.9637, Ind: 0.0000, Med: 0.4821, Spu: 0.0000, FD: 0.4818, FDAug: 0.4818, Var: 0.0000, Ctx: 6, MixCtx: 3, Train: 75.13%, Valid: 71.53%, Test In: 73.85% Test OOD1: 66.20% Test OOD2: 53.68% Test OOD3: 63.58% 
Epoch: 80, Loss: 2.4128, Cls: 0.9652, Ind: 0.0000, Med: 0.4833, Spu: 0.0000, FD: 0.4821, FDAug: 0.4822, Var: 0.0000, Ctx: 6, MixCtx: 3, Train: 75.11%, Valid: 71.59%, Test In: 73.69% Test OOD1: 67.04% Test OOD2: 53.51% Test OOD3: 63.81% 
Epoch: 81, Loss: 2.4236, Cls: 0.9692, Ind: 0.0000, Med: 0.4844, Spu: 0.0000, FD: 0.4850, FDAug: 0.4849, Var: 0.0000, Ctx: 6, MixCtx: 3, Train: 75.19%, Valid: 71.61%, Test In: 74.01% Test OOD1: 65.50% Test OOD2: 53.72% Test OOD3: 63.33% 
Epoch: 82, Loss: 2.4557, Cls: 0.9824, Ind: 0.0000, Med: 0.4920, Spu: 0.0000, FD: 0.4906, FDAug: 0.4906, Var: 0.0000, Ctx: 6, MixCtx: 3, Train: 75.09%, Valid: 71.64%, Test In: 73.60% Test OOD1: 67.40% Test OOD2: 53.37% Test OOD3: 63.91% 
Epoch: 83, Loss: 2.4790, Cls: 0.9912, Ind: 0.0000, Med: 0.4948, Spu: 0.0000, FD: 0.4966, FDAug: 0.4964, Var: 0.0000, Ctx: 6, MixCtx: 3, Train: 75.28%, Valid: 71.76%, Test In: 74.09% Test OOD1: 65.37% Test OOD2: 53.71% Test OOD3: 63.27% 
Epoch: 84, Loss: 2.4626, Cls: 0.9852, Ind: 0.0000, Med: 0.4933, Spu: 0.0000, FD: 0.4921, FDAug: 0.4921, Var: 0.0000, Ctx: 6, MixCtx: 3, Train: 75.41%, Valid: 71.96%, Test In: 74.03% Test OOD1: 66.80% Test OOD2: 53.54% Test OOD3: 63.72% 
Epoch: 85, Loss: 2.3989, Cls: 0.9595, Ind: 0.0000, Med: 0.4799, Spu: 0.0000, FD: 0.4797, FDAug: 0.4798, Var: 0.0000, Ctx: 6, MixCtx: 3, Train: 75.31%, Valid: 71.92%, Test In: 73.83% Test OOD1: 67.40% Test OOD2: 53.38% Test OOD3: 63.89% 
Epoch: 86, Loss: 2.4416, Cls: 0.9765, Ind: 0.0000, Med: 0.4881, Spu: 0.0000, FD: 0.4885, FDAug: 0.4885, Var: 0.0000, Ctx: 6, MixCtx: 3, Train: 75.46%, Valid: 72.03%, Test In: 74.21% Test OOD1: 65.68% Test OOD2: 53.67% Test OOD3: 63.35% 
Epoch: 87, Loss: 2.4492, Cls: 0.9794, Ind: 0.0000, Med: 0.4894, Spu: 0.0000, FD: 0.4901, FDAug: 0.4902, Var: 0.0000, Ctx: 6, MixCtx: 3, Train: 75.57%, Valid: 72.18%, Test In: 74.16% Test OOD1: 66.79% Test OOD2: 53.52% Test OOD3: 63.69% 
Epoch: 88, Loss: 2.3978, Cls: 0.9590, Ind: 0.0000, Med: 0.4796, Spu: 0.0000, FD: 0.4796, FDAug: 0.4797, Var: 0.0000, Ctx: 6, MixCtx: 3, Train: 75.34%, Valid: 72.00%, Test In: 73.78% Test OOD1: 67.62% Test OOD2: 53.28% Test OOD3: 63.93% 
Epoch: 89, Loss: 2.4527, Cls: 0.9815, Ind: 0.0000, Med: 0.4920, Spu: 0.0000, FD: 0.4896, FDAug: 0.4895, Var: 0.0000, Ctx: 6, MixCtx: 3, Train: 75.64%, Valid: 72.30%, Test In: 74.29% Test OOD1: 66.29% Test OOD2: 53.60% Test OOD3: 63.51% 
Epoch: 90, Loss: 2.4262, Cls: 0.9699, Ind: 0.0000, Med: 0.4840, Spu: 0.0000, FD: 0.4861, FDAug: 0.4862, Var: 0.0000, Ctx: 6, MixCtx: 3, Train: 75.68%, Valid: 72.34%, Test In: 74.24% Test OOD1: 66.82% Test OOD2: 53.50% Test OOD3: 63.67% 
Epoch: 91, Loss: 2.3994, Cls: 0.9594, Ind: 0.0000, Med: 0.4795, Spu: 0.0000, FD: 0.4802, FDAug: 0.4803, Var: 0.0000, Ctx: 6, MixCtx: 3, Train: 75.36%, Valid: 72.08%, Test In: 73.77% Test OOD1: 67.74% Test OOD2: 53.21% Test OOD3: 63.96% 
Epoch: 92, Loss: 2.4500, Cls: 0.9804, Ind: 0.0000, Med: 0.4913, Spu: 0.0000, FD: 0.4892, FDAug: 0.4890, Var: 0.0000, Ctx: 6, MixCtx: 3, Train: 75.74%, Valid: 72.41%, Test In: 74.31% Test OOD1: 66.70% Test OOD2: 53.51% Test OOD3: 63.61% 
Epoch: 93, Loss: 2.4076, Cls: 0.9628, Ind: 0.0000, Med: 0.4812, Spu: 0.0000, FD: 0.4818, FDAug: 0.4818, Var: 0.0000, Ctx: 6, MixCtx: 3, Train: 75.76%, Valid: 72.43%, Test In: 74.31% Test OOD1: 66.82% Test OOD2: 53.48% Test OOD3: 63.65% 
Epoch: 94, Loss: 2.3994, Cls: 0.9597, Ind: 0.0000, Med: 0.4801, Spu: 0.0000, FD: 0.4798, FDAug: 0.4798, Var: 0.0000, Ctx: 6, MixCtx: 3, Train: 75.49%, Valid: 72.21%, Test In: 73.91% Test OOD1: 67.74% Test OOD2: 53.21% Test OOD3: 63.94% 
Epoch: 95, Loss: 2.4327, Cls: 0.9727, Ind: 0.0000, Med: 0.4856, Spu: 0.0000, FD: 0.4873, FDAug: 0.4871, Var: 0.0000, Ctx: 6, MixCtx: 3, Train: 75.79%, Valid: 72.47%, Test In: 74.35% Test OOD1: 66.87% Test OOD2: 53.47% Test OOD3: 63.66% 
Epoch: 96, Loss: 2.3924, Cls: 0.9571, Ind: 0.0000, Med: 0.4793, Spu: 0.0000, FD: 0.4780, FDAug: 0.4781, Var: 0.0000, Ctx: 6, MixCtx: 3, Train: 75.83%, Valid: 72.52%, Test In: 74.40% Test OOD1: 66.65% Test OOD2: 53.50% Test OOD3: 63.59% 
Epoch: 97, Loss: 2.3992, Cls: 0.9599, Ind: 0.0000, Med: 0.4810, Spu: 0.0000, FD: 0.4791, FDAug: 0.4792, Var: 0.0000, Ctx: 6, MixCtx: 3, Train: 75.70%, Valid: 72.41%, Test In: 74.15% Test OOD1: 67.59% Test OOD2: 53.28% Test OOD3: 63.89% 
Epoch: 98, Loss: 2.4158, Cls: 0.9658, Ind: 0.0000, Med: 0.4819, Spu: 0.0000, FD: 0.4841, FDAug: 0.4840, Var: 0.0000, Ctx: 6, MixCtx: 3, Train: 75.86%, Valid: 72.55%, Test In: 74.42% Test OOD1: 66.83% Test OOD2: 53.48% Test OOD3: 63.66% 
Epoch: 99, Loss: 2.3845, Cls: 0.9538, Ind: 0.0000, Med: 0.4775, Spu: 0.0000, FD: 0.4765, FDAug: 0.4766, Var: 0.0000, Ctx: 6, MixCtx: 3, Train: 75.88%, Valid: 72.57%, Test In: 74.45% Test OOD1: 66.54% Test OOD2: 53.52% Test OOD3: 63.56% 
Epoch: 100, Loss: 2.3947, Cls: 0.9579, Ind: 0.0000, Med: 0.4794, Spu: 0.0000, FD: 0.4786, FDAug: 0.4787, Var: 0.0000, Ctx: 6, MixCtx: 3, Train: 75.80%, Valid: 72.49%, Test In: 74.25% Test OOD1: 67.49% Test OOD2: 53.31% Test OOD3: 63.86% 
Epoch: 101, Loss: 2.4013, Cls: 0.9605, Ind: 0.0000, Med: 0.4804, Spu: 0.0000, FD: 0.4802, FDAug: 0.4801, Var: 0.0000, Ctx: 6, MixCtx: 3, Train: 75.92%, Valid: 72.61%, Test In: 74.43% Test OOD1: 66.92% Test OOD2: 53.47% Test OOD3: 63.68% 
Epoch: 102, Loss: 2.3793, Cls: 0.9516, Ind: 0.0000, Med: 0.4760, Spu: 0.0000, FD: 0.4758, FDAug: 0.4758, Var: 0.0000, Ctx: 6, MixCtx: 3, Train: 75.95%, Valid: 72.65%, Test In: 74.48% Test OOD1: 66.57% Test OOD2: 53.52% Test OOD3: 63.57% 
Epoch: 103, Loss: 2.3896, Cls: 0.9555, Ind: 0.0000, Med: 0.4776, Spu: 0.0000, FD: 0.4782, FDAug: 0.4782, Var: 0.0000, Ctx: 6, MixCtx: 3, Train: 75.90%, Valid: 72.61%, Test In: 74.33% Test OOD1: 67.42% Test OOD2: 53.35% Test OOD3: 63.84% 
Epoch: 104, Loss: 2.3921, Cls: 0.9570, Ind: 0.0000, Med: 0.4793, Spu: 0.0000, FD: 0.4779, FDAug: 0.4778, Var: 0.0000, Ctx: 6, MixCtx: 3, Train: 76.00%, Valid: 72.71%, Test In: 74.47% Test OOD1: 66.93% Test OOD2: 53.47% Test OOD3: 63.68% 
Epoch: 105, Loss: 2.3763, Cls: 0.9504, Ind: 0.0000, Med: 0.4754, Spu: 0.0000, FD: 0.4752, FDAug: 0.4753, Var: 0.0000, Ctx: 6, MixCtx: 3, Train: 76.04%, Valid: 72.76%, Test In: 74.51% Test OOD1: 66.65% Test OOD2: 53.51% Test OOD3: 63.59% 
Epoch: 106, Loss: 2.3828, Cls: 0.9529, Ind: 0.0000, Med: 0.4764, Spu: 0.0000, FD: 0.4767, FDAug: 0.4768, Var: 0.0000, Ctx: 6, MixCtx: 3, Train: 76.01%, Valid: 72.74%, Test In: 74.40% Test OOD1: 67.37% Test OOD2: 53.37% Test OOD3: 63.82% 
Epoch: 107, Loss: 2.3843, Cls: 0.9537, Ind: 0.0000, Med: 0.4772, Spu: 0.0000, FD: 0.4767, FDAug: 0.4767, Var: 0.0000, Ctx: 6, MixCtx: 3, Train: 76.10%, Valid: 72.84%, Test In: 74.51% Test OOD1: 66.94% Test OOD2: 53.46% Test OOD3: 63.68% 
Epoch: 108, Loss: 2.3734, Cls: 0.9493, Ind: 0.0000, Med: 0.4748, Spu: 0.0000, FD: 0.4746, FDAug: 0.4747, Var: 0.0000, Ctx: 6, MixCtx: 3, Train: 76.14%, Valid: 72.89%, Test In: 74.55% Test OOD1: 66.74% Test OOD2: 53.49% Test OOD3: 63.62% 
Epoch: 109, Loss: 2.3772, Cls: 0.9508, Ind: 0.0000, Med: 0.4756, Spu: 0.0000, FD: 0.4754, FDAug: 0.4754, Var: 0.0000, Ctx: 6, MixCtx: 3, Train: 76.11%, Valid: 72.87%, Test In: 74.45% Test OOD1: 67.35% Test OOD2: 53.38% Test OOD3: 63.82% 
Epoch: 110, Loss: 2.3794, Cls: 0.9516, Ind: 0.0000, Med: 0.4757, Spu: 0.0000, FD: 0.4760, FDAug: 0.4760, Var: 0.0000, Ctx: 6, MixCtx: 3, Train: 76.19%, Valid: 72.96%, Test In: 74.55% Test OOD1: 66.90% Test OOD2: 53.47% Test OOD3: 63.68% 
Epoch: 111, Loss: 2.3714, Cls: 0.9485, Ind: 0.0000, Med: 0.4744, Spu: 0.0000, FD: 0.4742, FDAug: 0.4743, Var: 0.0000, Ctx: 6, MixCtx: 3, Train: 76.22%, Valid: 72.99%, Test In: 74.56% Test OOD1: 66.87% Test OOD2: 53.47% Test OOD3: 63.67% 
Epoch: 112, Loss: 2.3710, Cls: 0.9483, Ind: 0.0000, Med: 0.4743, Spu: 0.0000, FD: 0.4741, FDAug: 0.4742, Var: 0.0000, Ctx: 6, MixCtx: 3, Train: 76.21%, Valid: 72.97%, Test In: 74.49% Test OOD1: 67.33% Test OOD2: 53.39% Test OOD3: 63.82% 
Epoch: 113, Loss: 2.3752, Cls: 0.9499, Ind: 0.0000, Med: 0.4749, Spu: 0.0000, FD: 0.4752, FDAug: 0.4751, Var: 0.0000, Ctx: 6, MixCtx: 3, Train: 76.28%, Valid: 73.06%, Test In: 74.59% Test OOD1: 66.74% Test OOD2: 53.50% Test OOD3: 63.62% 
Epoch: 114, Loss: 2.3720, Cls: 0.9487, Ind: 0.0000, Med: 0.4745, Spu: 0.0000, FD: 0.4744, FDAug: 0.4744, Var: 0.0000, Ctx: 6, MixCtx: 3, Train: 76.30%, Valid: 73.06%, Test In: 74.57% Test OOD1: 67.05% Test OOD2: 53.46% Test OOD3: 63.74% 
Epoch: 115, Loss: 2.3662, Cls: 0.9464, Ind: 0.0000, Med: 0.4733, Spu: 0.0000, FD: 0.4733, FDAug: 0.4733, Var: 0.0000, Ctx: 6, MixCtx: 3, Train: 76.32%, Valid: 73.07%, Test In: 74.58% Test OOD1: 67.14% Test OOD2: 53.45% Test OOD3: 63.77% 
Epoch: 116, Loss: 2.3670, Cls: 0.9467, Ind: 0.0000, Med: 0.4734, Spu: 0.0000, FD: 0.4734, FDAug: 0.4734, Var: 0.0000, Ctx: 6, MixCtx: 3, Train: 76.36%, Valid: 73.13%, Test In: 74.64% Test OOD1: 66.62% Test OOD2: 53.54% Test OOD3: 63.59% 
Epoch: 117, Loss: 2.3699, Cls: 0.9478, Ind: 0.0000, Med: 0.4740, Spu: 0.0000, FD: 0.4740, FDAug: 0.4740, Var: 0.0000, Ctx: 6, MixCtx: 3, Train: 76.37%, Valid: 73.12%, Test In: 74.60% Test OOD1: 67.17% Test OOD2: 53.47% Test OOD3: 63.79% 
Epoch: 118, Loss: 2.3673, Cls: 0.9468, Ind: 0.0000, Med: 0.4735, Spu: 0.0000, FD: 0.4735, FDAug: 0.4734, Var: 0.0000, Ctx: 6, MixCtx: 3, Train: 76.42%, Valid: 73.17%, Test In: 74.65% Test OOD1: 66.80% Test OOD2: 53.54% Test OOD3: 63.66% 
Epoch: 119, Loss: 2.3624, Cls: 0.9449, Ind: 0.0000, Med: 0.4725, Spu: 0.0000, FD: 0.4725, FDAug: 0.4725, Var: 0.0000, Ctx: 6, MixCtx: 3, Train: 76.46%, Valid: 73.19%, Test In: 74.66% Test OOD1: 66.88% Test OOD2: 53.55% Test OOD3: 63.70% 
Epoch: 120, Loss: 2.3605, Cls: 0.9441, Ind: 0.0000, Med: 0.4722, Spu: 0.0000, FD: 0.4721, FDAug: 0.4721, Var: 0.0000, Ctx: 6, MixCtx: 3, Train: 76.48%, Valid: 73.19%, Test In: 74.64% Test OOD1: 67.17% Test OOD2: 53.52% Test OOD3: 63.81% 
Epoch: 121, Loss: 2.3619, Cls: 0.9447, Ind: 0.0000, Med: 0.4725, Spu: 0.0000, FD: 0.4724, FDAug: 0.4724, Var: 0.0000, Ctx: 6, MixCtx: 3, Train: 76.54%, Valid: 73.25%, Test In: 74.68% Test OOD1: 66.75% Test OOD2: 53.60% Test OOD3: 63.65% 
Epoch: 122, Loss: 2.3633, Cls: 0.9452, Ind: 0.0000, Med: 0.4727, Spu: 0.0000, FD: 0.4727, FDAug: 0.4727, Var: 0.0000, Ctx: 6, MixCtx: 3, Train: 76.55%, Valid: 73.23%, Test In: 74.64% Test OOD1: 67.33% Test OOD2: 53.52% Test OOD3: 63.88% 
Epoch: 123, Loss: 2.3623, Cls: 0.9448, Ind: 0.0000, Med: 0.4725, Spu: 0.0000, FD: 0.4725, FDAug: 0.4724, Var: 0.0000, Ctx: 6, MixCtx: 3, Train: 76.62%, Valid: 73.30%, Test In: 74.70% Test OOD1: 66.87% Test OOD2: 53.63% Test OOD3: 63.70% 
Epoch: 124, Loss: 2.3592, Cls: 0.9436, Ind: 0.0000, Med: 0.4719, Spu: 0.0000, FD: 0.4719, FDAug: 0.4719, Var: 0.0000, Ctx: 6, MixCtx: 3, Train: 76.64%, Valid: 73.29%, Test In: 74.66% Test OOD1: 67.29% Test OOD2: 53.58% Test OOD3: 63.88% 
Epoch: 125, Loss: 2.3555, Cls: 0.9421, Ind: 0.0000, Med: 0.4711, Spu: 0.0000, FD: 0.4711, FDAug: 0.4711, Var: 0.0000, Ctx: 6, MixCtx: 3, Train: 76.71%, Valid: 73.34%, Test In: 74.70% Test OOD1: 67.05% Test OOD2: 53.67% Test OOD3: 63.80% 
Epoch: 126, Loss: 2.3525, Cls: 0.9409, Ind: 0.0000, Med: 0.4706, Spu: 0.0000, FD: 0.4705, FDAug: 0.4706, Var: 0.0000, Ctx: 6, MixCtx: 3, Train: 76.74%, Valid: 73.36%, Test In: 74.69% Test OOD1: 67.21% Test OOD2: 53.66% Test OOD3: 63.88% 
Epoch: 127, Loss: 2.3505, Cls: 0.9401, Ind: 0.0000, Med: 0.4701, Spu: 0.0000, FD: 0.4701, FDAug: 0.4701, Var: 0.0000, Ctx: 6, MixCtx: 3, Train: 76.78%, Valid: 73.39%, Test In: 74.70% Test OOD1: 67.17% Test OOD2: 53.71% Test OOD3: 63.88% 
Epoch: 128, Loss: 2.3488, Cls: 0.9394, Ind: 0.0000, Med: 0.4698, Spu: 0.0000, FD: 0.4698, FDAug: 0.4698, Var: 0.0000, Ctx: 6, MixCtx: 3, Train: 76.83%, Valid: 73.43%, Test In: 74.70% Test OOD1: 67.18% Test OOD2: 53.74% Test OOD3: 63.90% 
Epoch: 129, Loss: 2.3474, Cls: 0.9388, Ind: 0.0000, Med: 0.4695, Spu: 0.0000, FD: 0.4695, FDAug: 0.4695, Var: 0.0000, Ctx: 6, MixCtx: 3, Train: 76.86%, Valid: 73.45%, Test In: 74.70% Test OOD1: 67.24% Test OOD2: 53.77% Test OOD3: 63.94% 
Epoch: 130, Loss: 2.3461, Cls: 0.9383, Ind: 0.0000, Med: 0.4693, Spu: 0.0000, FD: 0.4693, FDAug: 0.4693, Var: 0.0000, Ctx: 6, MixCtx: 3, Train: 76.92%, Valid: 73.49%, Test In: 74.71% Test OOD1: 67.09% Test OOD2: 53.85% Test OOD3: 63.90% 
Epoch: 131, Loss: 2.3456, Cls: 0.9381, Ind: 0.0000, Med: 0.4691, Spu: 0.0000, FD: 0.4692, FDAug: 0.4692, Var: 0.0000, Ctx: 6, MixCtx: 3, Train: 76.92%, Valid: 73.46%, Test In: 74.70% Test OOD1: 67.32% Test OOD2: 53.84% Test OOD3: 64.01% 
Epoch: 132, Loss: 2.3481, Cls: 0.9392, Ind: 0.0000, Med: 0.4697, Spu: 0.0000, FD: 0.4696, FDAug: 0.4696, Var: 0.0000, Ctx: 6, MixCtx: 3, Train: 77.02%, Valid: 73.55%, Test In: 74.69% Test OOD1: 66.71% Test OOD2: 53.99% Test OOD3: 63.78% 
Epoch: 133, Loss: 2.3684, Cls: 0.9472, Ind: 0.0000, Med: 0.4738, Spu: 0.0000, FD: 0.4736, FDAug: 0.4737, Var: 0.0000, Ctx: 6, MixCtx: 3, Train: 76.80%, Valid: 73.30%, Test In: 74.57% Test OOD1: 67.86% Test OOD2: 53.72% Test OOD3: 64.27% 
Epoch: 134, Loss: 2.4609, Cls: 0.9843, Ind: 0.0000, Med: 0.4918, Spu: 0.0000, FD: 0.4926, FDAug: 0.4921, Var: 0.0000, Ctx: 6, MixCtx: 3, Train: 76.71%, Valid: 73.33%, Test In: 74.31% Test OOD1: 64.35% Test OOD2: 54.27% Test OOD3: 62.78% 
Epoch: 135, Loss: 2.6782, Cls: 1.0719, Ind: 0.0000, Med: 0.5375, Spu: 0.0000, FD: 0.5347, FDAug: 0.5341, Var: 0.0000, Ctx: 6, MixCtx: 3, Train: 76.85%, Valid: 73.26%, Test In: 74.58% Test OOD1: 67.89% Test OOD2: 53.74% Test OOD3: 64.29% 
Epoch: 136, Loss: 2.4318, Cls: 0.9718, Ind: 0.0000, Med: 0.4840, Spu: 0.0000, FD: 0.4881, FDAug: 0.4879, Var: 0.0000, Ctx: 6, MixCtx: 3, Train: 76.84%, Valid: 73.22%, Test In: 74.61% Test OOD1: 67.75% Test OOD2: 53.80% Test OOD3: 64.25% 
Epoch: 137, Loss: 2.4188, Cls: 0.9663, Ind: 0.0000, Med: 0.4809, Spu: 0.0000, FD: 0.4857, FDAug: 0.4858, Var: 0.0000, Ctx: 6, MixCtx: 3, Train: 76.80%, Valid: 73.22%, Test In: 74.57% Test OOD1: 65.61% Test OOD2: 54.26% Test OOD3: 63.58% 
Epoch: 138, Loss: 2.4711, Cls: 0.9888, Ind: 0.0000, Med: 0.4968, Spu: 0.0000, FD: 0.4925, FDAug: 0.4930, Var: 0.0000, Ctx: 6, MixCtx: 3, Train: 76.86%, Valid: 73.25%, Test In: 74.63% Test OOD1: 66.33% Test OOD2: 54.24% Test OOD3: 63.85% 
Epoch: 139, Loss: 2.4232, Cls: 0.9692, Ind: 0.0000, Med: 0.4854, Spu: 0.0000, FD: 0.4841, FDAug: 0.4846, Var: 0.0000, Ctx: 6, MixCtx: 3, Train: 76.65%, Valid: 73.05%, Test In: 74.44% Test OOD1: 67.97% Test OOD2: 53.78% Test OOD3: 64.34% 
Epoch: 140, Loss: 2.4346, Cls: 0.9738, Ind: 0.0000, Med: 0.4871, Spu: 0.0000, FD: 0.4869, FDAug: 0.4867, Var: 0.0000, Ctx: 6, MixCtx: 3, Train: 76.69%, Valid: 73.11%, Test In: 74.46% Test OOD1: 67.99% Test OOD2: 53.80% Test OOD3: 64.33% 
Epoch: 141, Loss: 2.3973, Cls: 0.9593, Ind: 0.0000, Med: 0.4811, Spu: 0.0000, FD: 0.4785, FDAug: 0.4784, Var: 0.0000, Ctx: 6, MixCtx: 3, Train: 76.97%, Valid: 73.40%, Test In: 74.67% Test OOD1: 67.19% Test OOD2: 54.19% Test OOD3: 64.02% 
Epoch: 142, Loss: 2.4156, Cls: 0.9648, Ind: 0.0000, Med: 0.4802, Spu: 0.0000, FD: 0.4851, FDAug: 0.4855, Var: 0.0000, Ctx: 6, MixCtx: 3, Train: 76.94%, Valid: 73.37%, Test In: 74.63% Test OOD1: 67.63% Test OOD2: 54.05% Test OOD3: 64.14% 
Epoch: 143, Loss: 2.3847, Cls: 0.9525, Ind: 0.0000, Med: 0.4744, Spu: 0.0000, FD: 0.4787, FDAug: 0.4791, Var: 0.0000, Ctx: 6, MixCtx: 3, Train: 76.43%, Valid: 72.84%, Test In: 74.17% Test OOD1: 68.35% Test OOD2: 53.63% Test OOD3: 64.42% 
Epoch: 144, Loss: 2.4204, Cls: 0.9691, Ind: 0.0000, Med: 0.4873, Spu: 0.0000, FD: 0.4823, FDAug: 0.4817, Var: 0.0000, Ctx: 6, MixCtx: 3, Train: 76.67%, Valid: 73.06%, Test In: 74.38% Test OOD1: 68.20% Test OOD2: 53.79% Test OOD3: 64.36% 
Epoch: 145, Loss: 2.3584, Cls: 0.9433, Ind: 0.0000, Med: 0.4721, Spu: 0.0000, FD: 0.4716, FDAug: 0.4715, Var: 0.0000, Ctx: 6, MixCtx: 3, Train: 76.97%, Valid: 73.33%, Test In: 74.64% Test OOD1: 67.59% Test OOD2: 54.11% Test OOD3: 64.09% 
Epoch: 146, Loss: 2.4162, Cls: 0.9656, Ind: 0.0000, Med: 0.4815, Spu: 0.0000, FD: 0.4844, FDAug: 0.4847, Var: 0.0000, Ctx: 6, MixCtx: 3, Train: 76.82%, Valid: 73.14%, Test In: 74.54% Test OOD1: 68.04% Test OOD2: 53.90% Test OOD3: 64.31% 
Epoch: 147, Loss: 2.3482, Cls: 0.9391, Ind: 0.0000, Med: 0.4696, Spu: 0.0000, FD: 0.4697, FDAug: 0.4698, Var: 0.0000, Ctx: 6, MixCtx: 3, Train: 76.55%, Valid: 72.86%, Test In: 74.31% Test OOD1: 68.30% Test OOD2: 53.66% Test OOD3: 64.43% 
Epoch: 148, Loss: 2.4017, Cls: 0.9597, Ind: 0.0000, Med: 0.4778, Spu: 0.0000, FD: 0.4823, FDAug: 0.4818, Var: 0.0000, Ctx: 6, MixCtx: 3, Train: 76.91%, Valid: 73.17%, Test In: 74.65% Test OOD1: 67.79% Test OOD2: 53.96% Test OOD3: 64.26% 
Epoch: 149, Loss: 2.3489, Cls: 0.9395, Ind: 0.0000, Med: 0.4707, Spu: 0.0000, FD: 0.4693, FDAug: 0.4694, Var: 0.0000, Ctx: 6, MixCtx: 3, Train: 76.99%, Valid: 73.25%, Test In: 74.75% Test OOD1: 67.19% Test OOD2: 54.15% Test OOD3: 64.05% 
Epoch: 150, Loss: 2.3874, Cls: 0.9556, Ind: 0.0000, Med: 0.4811, Spu: 0.0000, FD: 0.4751, FDAug: 0.4755, Var: 0.0000, Ctx: 6, MixCtx: 3, Train: 76.88%, Valid: 73.11%, Test In: 74.66% Test OOD1: 67.78% Test OOD2: 53.93% Test OOD3: 64.30% 
Epoch: 151, Loss: 2.3502, Cls: 0.9395, Ind: 0.0000, Med: 0.4695, Spu: 0.0000, FD: 0.4706, FDAug: 0.4706, Var: 0.0000, Ctx: 6, MixCtx: 3, Train: 76.77%, Valid: 73.00%, Test In: 74.56% Test OOD1: 68.01% Test OOD2: 53.82% Test OOD3: 64.37% 
Epoch: 152, Loss: 2.3790, Cls: 0.9506, Ind: 0.0000, Med: 0.4734, Spu: 0.0000, FD: 0.4777, FDAug: 0.4774, Var: 0.0000, Ctx: 6, MixCtx: 3, Train: 76.97%, Valid: 73.18%, Test In: 74.74% Test OOD1: 67.38% Test OOD2: 54.07% Test OOD3: 64.16% 
Epoch: 153, Loss: 2.3482, Cls: 0.9392, Ind: 0.0000, Med: 0.4701, Spu: 0.0000, FD: 0.4694, FDAug: 0.4695, Var: 0.0000, Ctx: 6, MixCtx: 3, Train: 77.02%, Valid: 73.22%, Test In: 74.77% Test OOD1: 66.96% Test OOD2: 54.20% Test OOD3: 63.99% 
Epoch: 154, Loss: 2.3671, Cls: 0.9468, Ind: 0.0000, Med: 0.4737, Spu: 0.0000, FD: 0.4731, FDAug: 0.4734, Var: 0.0000, Ctx: 6, MixCtx: 3, Train: 76.95%, Valid: 73.14%, Test In: 74.68% Test OOD1: 67.72% Test OOD2: 53.97% Test OOD3: 64.27% 
Epoch: 155, Loss: 2.3456, Cls: 0.9382, Ind: 0.0000, Med: 0.4693, Spu: 0.0000, FD: 0.4690, FDAug: 0.4690, Var: 0.0000, Ctx: 6, MixCtx: 3, Train: 76.94%, Valid: 73.12%, Test In: 74.63% Test OOD1: 67.86% Test OOD2: 53.93% Test OOD3: 64.32% 
Epoch: 156, Loss: 2.3568, Cls: 0.9430, Ind: 0.0000, Med: 0.4725, Spu: 0.0000, FD: 0.4707, FDAug: 0.4705, Var: 0.0000, Ctx: 6, MixCtx: 3, Train: 77.11%, Valid: 73.29%, Test In: 74.76% Test OOD1: 67.17% Test OOD2: 54.17% Test OOD3: 64.04% 
Epoch: 157, Loss: 2.3504, Cls: 0.9394, Ind: 0.0000, Med: 0.4688, Spu: 0.0000, FD: 0.4710, FDAug: 0.4711, Var: 0.0000, Ctx: 6, MixCtx: 3, Train: 77.14%, Valid: 73.32%, Test In: 74.75% Test OOD1: 67.22% Test OOD2: 54.15% Test OOD3: 64.06% 
Epoch: 158, Loss: 2.3460, Cls: 0.9377, Ind: 0.0000, Med: 0.4681, Spu: 0.0000, FD: 0.4700, FDAug: 0.4702, Var: 0.0000, Ctx: 6, MixCtx: 3, Train: 77.04%, Valid: 73.22%, Test In: 74.65% Test OOD1: 67.83% Test OOD2: 53.97% Test OOD3: 64.31% 
Epoch: 159, Loss: 2.3529, Cls: 0.9415, Ind: 0.0000, Med: 0.4722, Spu: 0.0000, FD: 0.4697, FDAug: 0.4695, Var: 0.0000, Ctx: 6, MixCtx: 3, Train: 77.16%, Valid: 73.32%, Test In: 74.70% Test OOD1: 67.56% Test OOD2: 54.07% Test OOD3: 64.19% 
Epoch: 160, Loss: 2.3363, Cls: 0.9344, Ind: 0.0000, Med: 0.4675, Spu: 0.0000, FD: 0.4672, FDAug: 0.4672, Var: 0.0000, Ctx: 6, MixCtx: 3, Train: 77.25%, Valid: 73.41%, Test In: 74.73% Test OOD1: 66.91% Test OOD2: 54.25% Test OOD3: 63.94% 
Epoch: 161, Loss: 2.3494, Cls: 0.9393, Ind: 0.0000, Med: 0.4691, Spu: 0.0000, FD: 0.4704, FDAug: 0.4705, Var: 0.0000, Ctx: 6, MixCtx: 3, Train: 77.24%, Valid: 73.39%, Test In: 74.71% Test OOD1: 67.39% Test OOD2: 54.13% Test OOD3: 64.12% 
Epoch: 162, Loss: 2.3332, Cls: 0.9332, Ind: 0.0000, Med: 0.4666, Spu: 0.0000, FD: 0.4667, FDAug: 0.4667, Var: 0.0000, Ctx: 6, MixCtx: 3, Train: 77.20%, Valid: 73.36%, Test In: 74.67% Test OOD1: 67.63% Test OOD2: 54.07% Test OOD3: 64.23% 
Epoch: 163, Loss: 2.3443, Cls: 0.9376, Ind: 0.0000, Med: 0.4685, Spu: 0.0000, FD: 0.4691, FDAug: 0.4690, Var: 0.0000, Ctx: 6, MixCtx: 3, Train: 77.31%, Valid: 73.45%, Test In: 74.70% Test OOD1: 66.98% Test OOD2: 54.26% Test OOD3: 63.97% 
Epoch: 164, Loss: 2.3344, Cls: 0.9337, Ind: 0.0000, Med: 0.4671, Spu: 0.0000, FD: 0.4667, FDAug: 0.4668, Var: 0.0000, Ctx: 6, MixCtx: 3, Train: 77.33%, Valid: 73.46%, Test In: 74.69% Test OOD1: 66.76% Test OOD2: 54.32% Test OOD3: 63.87% 
Epoch: 165, Loss: 2.3377, Cls: 0.9351, Ind: 0.0000, Med: 0.4681, Spu: 0.0000, FD: 0.4672, FDAug: 0.4673, Var: 0.0000, Ctx: 6, MixCtx: 3, Train: 77.31%, Valid: 73.42%, Test In: 74.69% Test OOD1: 67.32% Test OOD2: 54.20% Test OOD3: 64.10% 
Epoch: 166, Loss: 2.3357, Cls: 0.9340, Ind: 0.0000, Med: 0.4666, Spu: 0.0000, FD: 0.4676, FDAug: 0.4675, Var: 0.0000, Ctx: 6, MixCtx: 3, Train: 77.34%, Valid: 73.45%, Test In: 74.69% Test OOD1: 67.14% Test OOD2: 54.27% Test OOD3: 64.02% 
Epoch: 167, Loss: 2.3302, Cls: 0.9319, Ind: 0.0000, Med: 0.4658, Spu: 0.0000, FD: 0.4662, FDAug: 0.4662, Var: 0.0000, Ctx: 6, MixCtx: 3, Train: 77.37%, Valid: 73.45%, Test In: 74.68% Test OOD1: 66.57% Test OOD2: 54.42% Test OOD3: 63.77% 
Epoch: 168, Loss: 2.3359, Cls: 0.9344, Ind: 0.0000, Med: 0.4677, Spu: 0.0000, FD: 0.4669, FDAug: 0.4670, Var: 0.0000, Ctx: 6, MixCtx: 3, Train: 77.38%, Valid: 73.45%, Test In: 74.70% Test OOD1: 67.00% Test OOD2: 54.34% Test OOD3: 63.96% 
Epoch: 169, Loss: 2.3275, Cls: 0.9309, Ind: 0.0000, Med: 0.4655, Spu: 0.0000, FD: 0.4655, FDAug: 0.4655, Var: 0.0000, Ctx: 6, MixCtx: 3, Train: 77.37%, Valid: 73.44%, Test In: 74.69% Test OOD1: 67.21% Test OOD2: 54.30% Test OOD3: 64.05% 
Epoch: 170, Loss: 2.3322, Cls: 0.9328, Ind: 0.0000, Med: 0.4664, Spu: 0.0000, FD: 0.4665, FDAug: 0.4664, Var: 0.0000, Ctx: 6, MixCtx: 3, Train: 77.43%, Valid: 73.46%, Test In: 74.66% Test OOD1: 66.67% Test OOD2: 54.43% Test OOD3: 63.81% 
Epoch: 171, Loss: 2.3304, Cls: 0.9321, Ind: 0.0000, Med: 0.4661, Spu: 0.0000, FD: 0.4661, FDAug: 0.4661, Var: 0.0000, Ctx: 6, MixCtx: 3, Train: 77.45%, Valid: 73.45%, Test In: 74.67% Test OOD1: 66.88% Test OOD2: 54.40% Test OOD3: 63.91% 
Epoch: 172, Loss: 2.3254, Cls: 0.9301, Ind: 0.0000, Med: 0.4651, Spu: 0.0000, FD: 0.4651, FDAug: 0.4651, Var: 0.0000, Ctx: 6, MixCtx: 3, Train: 77.44%, Valid: 73.44%, Test In: 74.68% Test OOD1: 67.18% Test OOD2: 54.33% Test OOD3: 64.06% 
Epoch: 173, Loss: 2.3296, Cls: 0.9319, Ind: 0.0000, Med: 0.4661, Spu: 0.0000, FD: 0.4659, FDAug: 0.4658, Var: 0.0000, Ctx: 6, MixCtx: 3, Train: 77.49%, Valid: 73.44%, Test In: 74.66% Test OOD1: 66.74% Test OOD2: 54.46% Test OOD3: 63.86% 
Epoch: 174, Loss: 2.3251, Cls: 0.9300, Ind: 0.0000, Med: 0.4650, Spu: 0.0000, FD: 0.4650, FDAug: 0.4651, Var: 0.0000, Ctx: 6, MixCtx: 3, Train: 77.51%, Valid: 73.43%, Test In: 74.66% Test OOD1: 66.69% Test OOD2: 54.49% Test OOD3: 63.85% 
Epoch: 175, Loss: 2.3245, Cls: 0.9297, Ind: 0.0000, Med: 0.4649, Spu: 0.0000, FD: 0.4649, FDAug: 0.4650, Var: 0.0000, Ctx: 6, MixCtx: 3, Train: 77.51%, Valid: 73.43%, Test In: 74.70% Test OOD1: 67.03% Test OOD2: 54.43% Test OOD3: 64.01% 
Epoch: 176, Loss: 2.3263, Cls: 0.9305, Ind: 0.0000, Med: 0.4655, Spu: 0.0000, FD: 0.4651, FDAug: 0.4651, Var: 0.0000, Ctx: 6, MixCtx: 3, Train: 77.55%, Valid: 73.42%, Test In: 74.69% Test OOD1: 66.75% Test OOD2: 54.52% Test OOD3: 63.88% 
Epoch: 177, Loss: 2.3219, Cls: 0.9287, Ind: 0.0000, Med: 0.4645, Spu: 0.0000, FD: 0.4643, FDAug: 0.4644, Var: 0.0000, Ctx: 6, MixCtx: 3, Train: 77.57%, Valid: 73.42%, Test In: 74.68% Test OOD1: 66.65% Test OOD2: 54.57% Test OOD3: 63.81% 
Epoch: 178, Loss: 2.3230, Cls: 0.9291, Ind: 0.0000, Med: 0.4646, Spu: 0.0000, FD: 0.4646, FDAug: 0.4646, Var: 0.0000, Ctx: 6, MixCtx: 3, Train: 77.58%, Valid: 73.43%, Test In: 74.70% Test OOD1: 67.06% Test OOD2: 54.50% Test OOD3: 64.00% 
Epoch: 179, Loss: 2.3225, Cls: 0.9290, Ind: 0.0000, Med: 0.4647, Spu: 0.0000, FD: 0.4644, FDAug: 0.4643, Var: 0.0000, Ctx: 6, MixCtx: 3, Train: 77.62%, Valid: 73.44%, Test In: 74.69% Test OOD1: 66.96% Test OOD2: 54.54% Test OOD3: 63.93% 
Epoch: 180, Loss: 2.3194, Cls: 0.9277, Ind: 0.0000, Med: 0.4640, Spu: 0.0000, FD: 0.4638, FDAug: 0.4638, Var: 0.0000, Ctx: 6, MixCtx: 3, Train: 77.65%, Valid: 73.45%, Test In: 74.67% Test OOD1: 66.87% Test OOD2: 54.59% Test OOD3: 63.87% 
Epoch: 181, Loss: 2.3208, Cls: 0.9283, Ind: 0.0000, Med: 0.4642, Spu: 0.0000, FD: 0.4641, FDAug: 0.4642, Var: 0.0000, Ctx: 6, MixCtx: 3, Train: 77.64%, Valid: 73.45%, Test In: 74.69% Test OOD1: 67.20% Test OOD2: 54.52% Test OOD3: 64.04% 
Epoch: 182, Loss: 2.3201, Cls: 0.9280, Ind: 0.0000, Med: 0.4641, Spu: 0.0000, FD: 0.4640, FDAug: 0.4639, Var: 0.0000, Ctx: 6, MixCtx: 3, Train: 77.68%, Valid: 73.45%, Test In: 74.68% Test OOD1: 67.05% Test OOD2: 54.59% Test OOD3: 63.95% 
Epoch: 183, Loss: 2.3174, Cls: 0.9269, Ind: 0.0000, Med: 0.4636, Spu: 0.0000, FD: 0.4634, FDAug: 0.4634, Var: 0.0000, Ctx: 6, MixCtx: 3, Train: 77.72%, Valid: 73.45%, Test In: 74.69% Test OOD1: 66.91% Test OOD2: 54.66% Test OOD3: 63.86% 
Epoch: 184, Loss: 2.3179, Cls: 0.9271, Ind: 0.0000, Med: 0.4637, Spu: 0.0000, FD: 0.4635, FDAug: 0.4635, Var: 0.0000, Ctx: 6, MixCtx: 3, Train: 77.71%, Valid: 73.45%, Test In: 74.72% Test OOD1: 67.11% Test OOD2: 54.61% Test OOD3: 63.98% 
Epoch: 185, Loss: 2.3176, Cls: 0.9270, Ind: 0.0000, Med: 0.4636, Spu: 0.0000, FD: 0.4635, FDAug: 0.4635, Var: 0.0000, Ctx: 6, MixCtx: 3, Train: 77.75%, Valid: 73.45%, Test In: 74.72% Test OOD1: 66.93% Test OOD2: 54.69% Test OOD3: 63.89% 
Epoch: 186, Loss: 2.3154, Cls: 0.9261, Ind: 0.0000, Med: 0.4632, Spu: 0.0000, FD: 0.4630, FDAug: 0.4630, Var: 0.0000, Ctx: 6, MixCtx: 3, Train: 77.78%, Valid: 73.44%, Test In: 74.71% Test OOD1: 66.89% Test OOD2: 54.71% Test OOD3: 63.86% 
Epoch: 187, Loss: 2.3153, Cls: 0.9261, Ind: 0.0000, Med: 0.4632, Spu: 0.0000, FD: 0.4630, FDAug: 0.4630, Var: 0.0000, Ctx: 6, MixCtx: 3, Train: 77.78%, Valid: 73.44%, Test In: 74.73% Test OOD1: 67.13% Test OOD2: 54.65% Test OOD3: 63.99% 
Epoch: 188, Loss: 2.3153, Cls: 0.9261, Ind: 0.0000, Med: 0.4631, Spu: 0.0000, FD: 0.4630, FDAug: 0.4630, Var: 0.0000, Ctx: 6, MixCtx: 3, Train: 77.82%, Valid: 73.44%, Test In: 74.72% Test OOD1: 66.99% Test OOD2: 54.72% Test OOD3: 63.89% 
Epoch: 189, Loss: 2.3135, Cls: 0.9254, Ind: 0.0000, Med: 0.4628, Spu: 0.0000, FD: 0.4626, FDAug: 0.4627, Var: 0.0000, Ctx: 6, MixCtx: 3, Train: 77.84%, Valid: 73.44%, Test In: 74.73% Test OOD1: 66.99% Test OOD2: 54.73% Test OOD3: 63.88% 
Epoch: 190, Loss: 2.3127, Cls: 0.9251, Ind: 0.0000, Med: 0.4627, Spu: 0.0000, FD: 0.4625, FDAug: 0.4625, Var: 0.0000, Ctx: 6, MixCtx: 3, Train: 77.84%, Valid: 73.45%, Test In: 74.75% Test OOD1: 67.13% Test OOD2: 54.70% Test OOD3: 63.96% 
Epoch: 191, Loss: 2.3129, Cls: 0.9252, Ind: 0.0000, Med: 0.4627, Spu: 0.0000, FD: 0.4625, FDAug: 0.4625, Var: 0.0000, Ctx: 6, MixCtx: 3, Train: 77.88%, Valid: 73.44%, Test In: 74.74% Test OOD1: 66.89% Test OOD2: 54.78% Test OOD3: 63.82% 
Epoch: 192, Loss: 2.3117, Cls: 0.9246, Ind: 0.0000, Med: 0.4624, Spu: 0.0000, FD: 0.4623, FDAug: 0.4623, Var: 0.0000, Ctx: 6, MixCtx: 3, Train: 77.90%, Valid: 73.44%, Test In: 74.75% Test OOD1: 66.95% Test OOD2: 54.76% Test OOD3: 63.86% 
Epoch: 193, Loss: 2.3103, Cls: 0.9241, Ind: 0.0000, Med: 0.4622, Spu: 0.0000, FD: 0.4620, FDAug: 0.4620, Var: 0.0000, Ctx: 6, MixCtx: 3, Train: 77.92%, Valid: 73.44%, Test In: 74.75% Test OOD1: 66.95% Test OOD2: 54.75% Test OOD3: 63.87% 
Epoch: 194, Loss: 2.3098, Cls: 0.9239, Ind: 0.0000, Med: 0.4621, Spu: 0.0000, FD: 0.4619, FDAug: 0.4619, Var: 0.0000, Ctx: 6, MixCtx: 3, Train: 77.95%, Valid: 73.45%, Test In: 74.74% Test OOD1: 66.81% Test OOD2: 54.80% Test OOD3: 63.76% 
Epoch: 195, Loss: 2.3097, Cls: 0.9238, Ind: 0.0000, Med: 0.4620, Spu: 0.0000, FD: 0.4619, FDAug: 0.4619, Var: 0.0000, Ctx: 6, MixCtx: 3, Train: 77.96%, Valid: 73.46%, Test In: 74.76% Test OOD1: 67.02% Test OOD2: 54.75% Test OOD3: 63.88% 
Epoch: 196, Loss: 2.3089, Cls: 0.9235, Ind: 0.0000, Med: 0.4619, Spu: 0.0000, FD: 0.4618, FDAug: 0.4617, Var: 0.0000, Ctx: 6, MixCtx: 3, Train: 78.00%, Valid: 73.48%, Test In: 74.75% Test OOD1: 66.91% Test OOD2: 54.79% Test OOD3: 63.78% 
Epoch: 197, Loss: 2.3077, Cls: 0.9230, Ind: 0.0000, Med: 0.4616, Spu: 0.0000, FD: 0.4615, FDAug: 0.4615, Var: 0.0000, Ctx: 6, MixCtx: 3, Train: 78.01%, Valid: 73.49%, Test In: 74.76% Test OOD1: 67.00% Test OOD2: 54.78% Test OOD3: 63.83% 
Epoch: 198, Loss: 2.3066, Cls: 0.9226, Ind: 0.0000, Med: 0.4614, Spu: 0.0000, FD: 0.4613, FDAug: 0.4613, Var: 0.0000, Ctx: 6, MixCtx: 3, Train: 78.04%, Valid: 73.49%, Test In: 74.77% Test OOD1: 66.99% Test OOD2: 54.79% Test OOD3: 63.83% 
Epoch: 199, Loss: 2.3059, Cls: 0.9223, Ind: 0.0000, Med: 0.4612, Spu: 0.0000, FD: 0.4612, FDAug: 0.4611, Var: 0.0000, Ctx: 6, MixCtx: 3, Train: 78.06%, Valid: 73.49%, Test In: 74.76% Test OOD1: 66.88% Test OOD2: 54.83% Test OOD3: 63.75% 
Epoch: 200, Loss: 2.3056, Cls: 0.9222, Ind: 0.0000, Med: 0.4612, Spu: 0.0000, FD: 0.4611, FDAug: 0.4611, Var: 0.0000, Ctx: 6, MixCtx: 3, Train: 78.07%, Valid: 73.51%, Test In: 74.79% Test OOD1: 67.04% Test OOD2: 54.79% Test OOD3: 63.87% 
Epoch: 201, Loss: 2.3053, Cls: 0.9221, Ind: 0.0000, Med: 0.4611, Spu: 0.0000, FD: 0.4611, FDAug: 0.4610, Var: 0.0000, Ctx: 6, MixCtx: 3, Train: 78.11%, Valid: 73.51%, Test In: 74.77% Test OOD1: 66.84% Test OOD2: 54.85% Test OOD3: 63.72% 
Epoch: 202, Loss: 2.3049, Cls: 0.9219, Ind: 0.0000, Med: 0.4611, Spu: 0.0000, FD: 0.4609, FDAug: 0.4610, Var: 0.0000, Ctx: 6, MixCtx: 3, Train: 78.11%, Valid: 73.52%, Test In: 74.80% Test OOD1: 67.07% Test OOD2: 54.79% Test OOD3: 63.88% 
Epoch: 203, Loss: 2.3040, Cls: 0.9216, Ind: 0.0000, Med: 0.4609, Spu: 0.0000, FD: 0.4608, FDAug: 0.4607, Var: 0.0000, Ctx: 6, MixCtx: 3, Train: 78.15%, Valid: 73.52%, Test In: 74.78% Test OOD1: 66.90% Test OOD2: 54.86% Test OOD3: 63.74% 
Epoch: 204, Loss: 2.3030, Cls: 0.9212, Ind: 0.0000, Med: 0.4607, Spu: 0.0000, FD: 0.4606, FDAug: 0.4606, Var: 0.0000, Ctx: 6, MixCtx: 3, Train: 78.16%, Valid: 73.53%, Test In: 74.80% Test OOD1: 67.06% Test OOD2: 54.81% Test OOD3: 63.87% 
Epoch: 205, Loss: 2.3019, Cls: 0.9208, Ind: 0.0000, Med: 0.4605, Spu: 0.0000, FD: 0.4604, FDAug: 0.4603, Var: 0.0000, Ctx: 6, MixCtx: 3, Train: 78.20%, Valid: 73.53%, Test In: 74.79% Test OOD1: 66.88% Test OOD2: 54.87% Test OOD3: 63.74% 
Epoch: 206, Loss: 2.3008, Cls: 0.9203, Ind: 0.0000, Med: 0.4602, Spu: 0.0000, FD: 0.4601, FDAug: 0.4602, Var: 0.0000, Ctx: 6, MixCtx: 3, Train: 78.21%, Valid: 73.54%, Test In: 74.81% Test OOD1: 66.99% Test OOD2: 54.84% Test OOD3: 63.83% 
Epoch: 207, Loss: 2.2997, Cls: 0.9199, Ind: 0.0000, Med: 0.4601, Spu: 0.0000, FD: 0.4599, FDAug: 0.4599, Var: 0.0000, Ctx: 6, MixCtx: 3, Train: 78.25%, Valid: 73.54%, Test In: 74.79% Test OOD1: 66.89% Test OOD2: 54.88% Test OOD3: 63.74% 
Epoch: 208, Loss: 2.2988, Cls: 0.9195, Ind: 0.0000, Med: 0.4598, Spu: 0.0000, FD: 0.4597, FDAug: 0.4598, Var: 0.0000, Ctx: 6, MixCtx: 3, Train: 78.26%, Valid: 73.54%, Test In: 74.81% Test OOD1: 66.99% Test OOD2: 54.86% Test OOD3: 63.83% 
Epoch: 209, Loss: 2.2980, Cls: 0.9192, Ind: 0.0000, Med: 0.4597, Spu: 0.0000, FD: 0.4596, FDAug: 0.4595, Var: 0.0000, Ctx: 6, MixCtx: 3, Train: 78.30%, Valid: 73.55%, Test In: 74.79% Test OOD1: 66.87% Test OOD2: 54.90% Test OOD3: 63.73% 
Epoch: 210, Loss: 2.2975, Cls: 0.9190, Ind: 0.0000, Med: 0.4596, Spu: 0.0000, FD: 0.4594, FDAug: 0.4595, Var: 0.0000, Ctx: 6, MixCtx: 3, Train: 78.30%, Valid: 73.55%, Test In: 74.82% Test OOD1: 67.03% Test OOD2: 54.85% Test OOD3: 63.87% 
Epoch: 211, Loss: 2.2977, Cls: 0.9191, Ind: 0.0000, Med: 0.4596, Spu: 0.0000, FD: 0.4595, FDAug: 0.4594, Var: 0.0000, Ctx: 6, MixCtx: 3, Train: 78.36%, Valid: 73.55%, Test In: 74.77% Test OOD1: 66.73% Test OOD2: 54.92% Test OOD3: 63.63% 
Epoch: 212, Loss: 2.2999, Cls: 0.9199, Ind: 0.0000, Med: 0.4601, Spu: 0.0000, FD: 0.4599, FDAug: 0.4600, Var: 0.0000, Ctx: 6, MixCtx: 3, Train: 78.32%, Valid: 73.56%, Test In: 74.85% Test OOD1: 67.20% Test OOD2: 54.81% Test OOD3: 64.00% 
Epoch: 213, Loss: 2.3066, Cls: 0.9226, Ind: 0.0000, Med: 0.4613, Spu: 0.0000, FD: 0.4614, FDAug: 0.4612, Var: 0.0000, Ctx: 6, MixCtx: 3, Train: 78.39%, Valid: 73.51%, Test In: 74.69% Test OOD1: 66.33% Test OOD2: 54.97% Test OOD3: 63.37% 
Epoch: 214, Loss: 2.3238, Cls: 0.9295, Ind: 0.0000, Med: 0.4650, Spu: 0.0000, FD: 0.4646, FDAug: 0.4648, Var: 0.0000, Ctx: 6, MixCtx: 3, Train: 78.26%, Valid: 73.54%, Test In: 74.89% Test OOD1: 67.57% Test OOD2: 54.69% Test OOD3: 64.25% 
Epoch: 215, Loss: 2.3535, Cls: 0.9415, Ind: 0.0000, Med: 0.4706, Spu: 0.0000, FD: 0.4709, FDAug: 0.4704, Var: 0.0000, Ctx: 6, MixCtx: 3, Train: 78.36%, Valid: 73.41%, Test In: 74.58% Test OOD1: 65.74% Test OOD2: 55.02% Test OOD3: 62.99% 
Epoch: 216, Loss: 2.3813, Cls: 0.9525, Ind: 0.0000, Med: 0.4767, Spu: 0.0000, FD: 0.4758, FDAug: 0.4763, Var: 0.0000, Ctx: 6, MixCtx: 3, Train: 78.25%, Valid: 73.52%, Test In: 74.93% Test OOD1: 67.60% Test OOD2: 54.70% Test OOD3: 64.31% 
Epoch: 217, Loss: 2.3532, Cls: 0.9413, Ind: 0.0000, Med: 0.4703, Spu: 0.0000, FD: 0.4710, FDAug: 0.4706, Var: 0.0000, Ctx: 6, MixCtx: 3, Train: 78.43%, Valid: 73.55%, Test In: 74.89% Test OOD1: 66.83% Test OOD2: 54.94% Test OOD3: 63.79% 
Epoch: 218, Loss: 2.3013, Cls: 0.9205, Ind: 0.0000, Med: 0.4605, Spu: 0.0000, FD: 0.4601, FDAug: 0.4603, Var: 0.0000, Ctx: 6, MixCtx: 3, Train: 78.45%, Valid: 73.58%, Test In: 74.86% Test OOD1: 66.82% Test OOD2: 54.95% Test OOD3: 63.67% 
Epoch: 219, Loss: 2.3136, Cls: 0.9253, Ind: 0.0000, Med: 0.4629, Spu: 0.0000, FD: 0.4625, FDAug: 0.4629, Var: 0.0000, Ctx: 6, MixCtx: 3, Train: 78.20%, Valid: 73.58%, Test In: 74.87% Test OOD1: 67.89% Test OOD2: 54.63% Test OOD3: 64.33% 
Epoch: 220, Loss: 2.3416, Cls: 0.9368, Ind: 0.0000, Med: 0.4686, Spu: 0.0000, FD: 0.4683, FDAug: 0.4679, Var: 0.0000, Ctx: 6, MixCtx: 3, Train: 78.45%, Valid: 73.63%, Test In: 74.82% Test OOD1: 67.06% Test OOD2: 54.92% Test OOD3: 63.68% 
Epoch: 221, Loss: 2.3163, Cls: 0.9263, Ind: 0.0000, Med: 0.4630, Spu: 0.0000, FD: 0.4633, FDAug: 0.4636, Var: 0.0000, Ctx: 6, MixCtx: 3, Train: 78.39%, Valid: 73.65%, Test In: 74.86% Test OOD1: 67.50% Test OOD2: 54.80% Test OOD3: 63.99% 
Epoch: 222, Loss: 2.2928, Cls: 0.9171, Ind: 0.0000, Med: 0.4586, Spu: 0.0000, FD: 0.4585, FDAug: 0.4586, Var: 0.0000, Ctx: 6, MixCtx: 3, Train: 78.30%, Valid: 73.60%, Test In: 74.89% Test OOD1: 67.78% Test OOD2: 54.67% Test OOD3: 64.22% 
Epoch: 223, Loss: 2.3127, Cls: 0.9252, Ind: 0.0000, Med: 0.4629, Spu: 0.0000, FD: 0.4624, FDAug: 0.4622, Var: 0.0000, Ctx: 6, MixCtx: 3, Train: 78.53%, Valid: 73.57%, Test In: 74.85% Test OOD1: 66.61% Test OOD2: 55.01% Test OOD3: 63.48% 
Epoch: 224, Loss: 2.3243, Cls: 0.9295, Ind: 0.0000, Med: 0.4647, Spu: 0.0000, FD: 0.4649, FDAug: 0.4652, Var: 0.0000, Ctx: 6, MixCtx: 3, Train: 78.43%, Valid: 73.57%, Test In: 74.96% Test OOD1: 67.37% Test OOD2: 54.79% Test OOD3: 64.04% 
Epoch: 225, Loss: 2.2993, Cls: 0.9198, Ind: 0.0000, Med: 0.4600, Spu: 0.0000, FD: 0.4598, FDAug: 0.4597, Var: 0.0000, Ctx: 6, MixCtx: 3, Train: 78.48%, Valid: 73.55%, Test In: 74.95% Test OOD1: 67.14% Test OOD2: 54.83% Test OOD3: 63.91% 
Epoch: 226, Loss: 2.2929, Cls: 0.9172, Ind: 0.0000, Med: 0.4586, Spu: 0.0000, FD: 0.4586, FDAug: 0.4585, Var: 0.0000, Ctx: 6, MixCtx: 3, Train: 78.57%, Valid: 73.48%, Test In: 74.83% Test OOD1: 66.34% Test OOD2: 54.98% Test OOD3: 63.34% 
Epoch: 227, Loss: 2.3107, Cls: 0.9243, Ind: 0.0000, Med: 0.4625, Spu: 0.0000, FD: 0.4618, FDAug: 0.4621, Var: 0.0000, Ctx: 6, MixCtx: 3, Train: 78.48%, Valid: 73.58%, Test In: 74.94% Test OOD1: 67.43% Test OOD2: 54.70% Test OOD3: 63.99% 
Epoch: 228, Loss: 2.3053, Cls: 0.9221, Ind: 0.0000, Med: 0.4609, Spu: 0.0000, FD: 0.4613, FDAug: 0.4610, Var: 0.0000, Ctx: 6, MixCtx: 3, Train: 78.60%, Valid: 73.59%, Test In: 74.88% Test OOD1: 66.85% Test OOD2: 54.87% Test OOD3: 63.55% 
Epoch: 229, Loss: 2.2878, Cls: 0.9151, Ind: 0.0000, Med: 0.4577, Spu: 0.0000, FD: 0.4574, FDAug: 0.4575, Var: 0.0000, Ctx: 6, MixCtx: 3, Train: 78.63%, Valid: 73.59%, Test In: 74.86% Test OOD1: 66.75% Test OOD2: 54.87% Test OOD3: 63.46% 
Epoch: 230, Loss: 2.2893, Cls: 0.9157, Ind: 0.0000, Med: 0.4580, Spu: 0.0000, FD: 0.4577, FDAug: 0.4578, Var: 0.0000, Ctx: 6, MixCtx: 3, Train: 78.58%, Valid: 73.61%, Test In: 74.92% Test OOD1: 67.37% Test OOD2: 54.70% Test OOD3: 63.87% 
Epoch: 231, Loss: 2.3011, Cls: 0.9204, Ind: 0.0000, Med: 0.4601, Spu: 0.0000, FD: 0.4604, FDAug: 0.4602, Var: 0.0000, Ctx: 6, MixCtx: 3, Train: 78.67%, Valid: 73.46%, Test In: 74.73% Test OOD1: 66.22% Test OOD2: 54.87% Test OOD3: 63.19% 
Epoch: 232, Loss: 2.3007, Cls: 0.9203, Ind: 0.0000, Med: 0.4604, Spu: 0.0000, FD: 0.4599, FDAug: 0.4601, Var: 0.0000, Ctx: 6, MixCtx: 3, Train: 78.67%, Valid: 73.52%, Test In: 74.88% Test OOD1: 66.87% Test OOD2: 54.77% Test OOD3: 63.70% 
Epoch: 233, Loss: 2.2878, Cls: 0.9151, Ind: 0.0000, Med: 0.4576, Spu: 0.0000, FD: 0.4576, FDAug: 0.4575, Var: 0.0000, Ctx: 6, MixCtx: 3, Train: 78.71%, Valid: 73.49%, Test In: 74.85% Test OOD1: 66.66% Test OOD2: 54.81% Test OOD3: 63.59% 
Epoch: 234, Loss: 2.2823, Cls: 0.9129, Ind: 0.0000, Med: 0.4566, Spu: 0.0000, FD: 0.4564, FDAug: 0.4564, Var: 0.0000, Ctx: 6, MixCtx: 3, Train: 78.73%, Valid: 73.45%, Test In: 74.76% Test OOD1: 66.30% Test OOD2: 54.87% Test OOD3: 63.32% 
Epoch: 235, Loss: 2.2901, Cls: 0.9160, Ind: 0.0000, Med: 0.4580, Spu: 0.0000, FD: 0.4580, FDAug: 0.4582, Var: 0.0000, Ctx: 6, MixCtx: 3, Train: 78.69%, Valid: 73.55%, Test In: 74.93% Test OOD1: 67.23% Test OOD2: 54.71% Test OOD3: 63.90% 
Epoch: 236, Loss: 2.2974, Cls: 0.9191, Ind: 0.0000, Med: 0.4599, Spu: 0.0000, FD: 0.4593, FDAug: 0.4591, Var: 0.0000, Ctx: 6, MixCtx: 3, Train: 78.78%, Valid: 73.43%, Test In: 74.73% Test OOD1: 66.37% Test OOD2: 54.85% Test OOD3: 63.37% 
Epoch: 237, Loss: 2.2945, Cls: 0.9176, Ind: 0.0000, Med: 0.4587, Spu: 0.0000, FD: 0.4590, FDAug: 0.4591, Var: 0.0000, Ctx: 6, MixCtx: 3, Train: 78.75%, Valid: 73.49%, Test In: 74.89% Test OOD1: 66.98% Test OOD2: 54.78% Test OOD3: 63.85% 
Epoch: 238, Loss: 2.2845, Cls: 0.9139, Ind: 0.0000, Med: 0.4572, Spu: 0.0000, FD: 0.4568, FDAug: 0.4567, Var: 0.0000, Ctx: 6, MixCtx: 3, Train: 78.82%, Valid: 73.44%, Test In: 74.82% Test OOD1: 66.55% Test OOD2: 54.85% Test OOD3: 63.63% 
Epoch: 239, Loss: 2.2771, Cls: 0.9108, Ind: 0.0000, Med: 0.4555, Spu: 0.0000, FD: 0.4553, FDAug: 0.4554, Var: 0.0000, Ctx: 6, MixCtx: 3, Train: 78.85%, Valid: 73.45%, Test In: 74.81% Test OOD1: 66.54% Test OOD2: 54.86% Test OOD3: 63.60% 
Epoch: 240, Loss: 2.2773, Cls: 0.9109, Ind: 0.0000, Med: 0.4556, Spu: 0.0000, FD: 0.4554, FDAug: 0.4555, Var: 0.0000, Ctx: 6, MixCtx: 3, Train: 78.83%, Valid: 73.50%, Test In: 74.87% Test OOD1: 67.05% Test OOD2: 54.78% Test OOD3: 63.90% 
Epoch: 241, Loss: 2.2823, Cls: 0.9130, Ind: 0.0000, Med: 0.4566, Spu: 0.0000, FD: 0.4564, FDAug: 0.4563, Var: 0.0000, Ctx: 6, MixCtx: 3, Train: 78.92%, Valid: 73.46%, Test In: 74.68% Test OOD1: 66.48% Test OOD2: 54.85% Test OOD3: 63.48% 
Epoch: 242, Loss: 2.2866, Cls: 0.9146, Ind: 0.0000, Med: 0.4575, Spu: 0.0000, FD: 0.4572, FDAug: 0.4573, Var: 0.0000, Ctx: 6, MixCtx: 3, Train: 78.88%, Valid: 73.51%, Test In: 74.84% Test OOD1: 67.11% Test OOD2: 54.77% Test OOD3: 63.95% 
Epoch: 243, Loss: 2.2880, Cls: 0.9152, Ind: 0.0000, Med: 0.4576, Spu: 0.0000, FD: 0.4576, FDAug: 0.4575, Var: 0.0000, Ctx: 6, MixCtx: 3, Train: 78.96%, Valid: 73.43%, Test In: 74.63% Test OOD1: 66.30% Test OOD2: 54.87% Test OOD3: 63.41% 
Epoch: 244, Loss: 2.2864, Cls: 0.9145, Ind: 0.0000, Med: 0.4576, Spu: 0.0000, FD: 0.4570, FDAug: 0.4572, Var: 0.0000, Ctx: 6, MixCtx: 3, Train: 78.95%, Valid: 73.48%, Test In: 74.80% Test OOD1: 66.93% Test OOD2: 54.77% Test OOD3: 63.90% 
Epoch: 245, Loss: 2.2822, Cls: 0.9129, Ind: 0.0000, Med: 0.4564, Spu: 0.0000, FD: 0.4565, FDAug: 0.4564, Var: 0.0000, Ctx: 6, MixCtx: 3, Train: 79.02%, Valid: 73.44%, Test In: 74.64% Test OOD1: 66.43% Test OOD2: 54.83% Test OOD3: 63.52% 
Epoch: 246, Loss: 2.2767, Cls: 0.9107, Ind: 0.0000, Med: 0.4556, Spu: 0.0000, FD: 0.4552, FDAug: 0.4553, Var: 0.0000, Ctx: 6, MixCtx: 3, Train: 79.01%, Valid: 73.50%, Test In: 74.78% Test OOD1: 66.94% Test OOD2: 54.77% Test OOD3: 63.84% 
Epoch: 247, Loss: 2.2717, Cls: 0.9087, Ind: 0.0000, Med: 0.4545, Spu: 0.0000, FD: 0.4543, FDAug: 0.4542, Var: 0.0000, Ctx: 6, MixCtx: 3, Train: 79.07%, Valid: 73.50%, Test In: 74.73% Test OOD1: 66.72% Test OOD2: 54.81% Test OOD3: 63.65% 
Epoch: 248, Loss: 2.2685, Cls: 0.9074, Ind: 0.0000, Med: 0.4538, Spu: 0.0000, FD: 0.4536, FDAug: 0.4537, Var: 0.0000, Ctx: 6, MixCtx: 3, Train: 79.08%, Valid: 73.48%, Test In: 74.76% Test OOD1: 66.83% Test OOD2: 54.77% Test OOD3: 63.76% 
Epoch: 249, Loss: 2.2663, Cls: 0.9065, Ind: 0.0000, Med: 0.4534, Spu: 0.0000, FD: 0.4532, FDAug: 0.4532, Var: 0.0000, Ctx: 6, MixCtx: 3, Train: 79.13%, Valid: 73.46%, Test In: 74.74% Test OOD1: 66.65% Test OOD2: 54.79% Test OOD3: 63.66% 
Epoch: 250, Loss: 2.2648, Cls: 0.9059, Ind: 0.0000, Med: 0.4531, Spu: 0.0000, FD: 0.4529, FDAug: 0.4529, Var: 0.0000, Ctx: 6, MixCtx: 3, Train: 79.16%, Valid: 73.45%, Test In: 74.76% Test OOD1: 66.55% Test OOD2: 54.80% Test OOD3: 63.61% 
Epoch: 251, Loss: 2.2636, Cls: 0.9055, Ind: 0.0000, Med: 0.4529, Spu: 0.0000, FD: 0.4526, FDAug: 0.4527, Var: 0.0000, Ctx: 6, MixCtx: 3, Train: 79.19%, Valid: 73.47%, Test In: 74.76% Test OOD1: 66.61% Test OOD2: 54.77% Test OOD3: 63.63% 
Epoch: 252, Loss: 2.2624, Cls: 0.9050, Ind: 0.0000, Med: 0.4527, Spu: 0.0000, FD: 0.4524, FDAug: 0.4524, Var: 0.0000, Ctx: 6, MixCtx: 3, Train: 79.22%, Valid: 73.47%, Test In: 74.71% Test OOD1: 66.52% Test OOD2: 54.76% Test OOD3: 63.51% 
Epoch: 253, Loss: 2.2621, Cls: 0.9048, Ind: 0.0000, Med: 0.4525, Spu: 0.0000, FD: 0.4523, FDAug: 0.4524, Var: 0.0000, Ctx: 6, MixCtx: 3, Train: 79.25%, Valid: 73.49%, Test In: 74.78% Test OOD1: 66.62% Test OOD2: 54.74% Test OOD3: 63.64% 
Epoch: 254, Loss: 2.2632, Cls: 0.9053, Ind: 0.0000, Med: 0.4528, Spu: 0.0000, FD: 0.4526, FDAug: 0.4525, Var: 0.0000, Ctx: 6, MixCtx: 3, Train: 79.27%, Valid: 73.40%, Test In: 74.59% Test OOD1: 66.03% Test OOD2: 54.80% Test OOD3: 63.19% 
Epoch: 255, Loss: 2.2712, Cls: 0.9084, Ind: 0.0000, Med: 0.4543, Spu: 0.0000, FD: 0.4541, FDAug: 0.4543, Var: 0.0000, Ctx: 6, MixCtx: 3, Train: 79.23%, Valid: 73.44%, Test In: 74.87% Test OOD1: 66.76% Test OOD2: 54.68% Test OOD3: 63.85% 
Epoch: 256, Loss: 2.3072, Cls: 0.9229, Ind: 0.0000, Med: 0.4614, Spu: 0.0000, FD: 0.4615, FDAug: 0.4613, Var: 0.0000, Ctx: 6, MixCtx: 3, Train: 79.03%, Valid: 73.11%, Test In: 74.09% Test OOD1: 65.16% Test OOD2: 54.73% Test OOD3: 62.36% 
Epoch: 257, Loss: 2.4369, Cls: 0.9748, Ind: 0.0000, Med: 0.4877, Spu: 0.0000, FD: 0.4872, FDAug: 0.4873, Var: 0.0000, Ctx: 6, MixCtx: 3, Train: 78.69%, Valid: 73.25%, Test In: 74.89% Test OOD1: 67.62% Test OOD2: 54.34% Test OOD3: 64.44% 
Epoch: 258, Loss: 2.6236, Cls: 1.0492, Ind: 0.0000, Med: 0.5232, Spu: 0.0000, FD: 0.5261, FDAug: 0.5250, Var: 0.0000, Ctx: 6, MixCtx: 3, Train: 78.88%, Valid: 72.73%, Test In: 74.22% Test OOD1: 64.73% Test OOD2: 54.71% Test OOD3: 62.84% 
Epoch: 259, Loss: 2.4160, Cls: 0.9668, Ind: 0.0000, Med: 0.4854, Spu: 0.0000, FD: 0.4815, FDAug: 0.4822, Var: 0.0000, Ctx: 6, MixCtx: 3, Train: 78.92%, Valid: 73.02%, Test In: 74.53% Test OOD1: 65.73% Test OOD2: 54.67% Test OOD3: 63.33% 
Epoch: 260, Loss: 2.3956, Cls: 0.9585, Ind: 0.0000, Med: 0.4810, Spu: 0.0000, FD: 0.4777, FDAug: 0.4783, Var: 0.0000, Ctx: 6, MixCtx: 3, Train: 78.49%, Valid: 73.32%, Test In: 74.82% Test OOD1: 67.78% Test OOD2: 54.35% Test OOD3: 64.36% 
Epoch: 261, Loss: 2.4072, Cls: 0.9623, Ind: 0.0000, Med: 0.4789, Spu: 0.0000, FD: 0.4835, FDAug: 0.4824, Var: 0.0000, Ctx: 6, MixCtx: 3, Train: 78.24%, Valid: 73.40%, Test In: 74.69% Test OOD1: 67.88% Test OOD2: 54.31% Test OOD3: 64.16% 
Epoch: 262, Loss: 2.3476, Cls: 0.9391, Ind: 0.0000, Med: 0.4690, Spu: 0.0000, FD: 0.4702, FDAug: 0.4694, Var: 0.0000, Ctx: 6, MixCtx: 3, Train: 77.76%, Valid: 73.12%, Test In: 74.09% Test OOD1: 66.91% Test OOD2: 54.41% Test OOD3: 63.04% 
Epoch: 263, Loss: 2.4183, Cls: 0.9666, Ind: 0.0000, Med: 0.4822, Spu: 0.0000, FD: 0.4845, FDAug: 0.4850, Var: 0.0000, Ctx: 6, MixCtx: 3, Train: 78.07%, Valid: 73.39%, Test In: 74.44% Test OOD1: 67.61% Test OOD2: 54.45% Test OOD3: 63.63% 
Epoch: 264, Loss: 2.3158, Cls: 0.9259, Ind: 0.0000, Med: 0.4624, Spu: 0.0000, FD: 0.4637, FDAug: 0.4637, Var: 0.0000, Ctx: 6, MixCtx: 3, Train: 77.99%, Valid: 73.31%, Test In: 74.53% Test OOD1: 68.28% Test OOD2: 54.15% Test OOD3: 64.40% 
Epoch: 265, Loss: 2.4051, Cls: 0.9627, Ind: 0.0000, Med: 0.4829, Spu: 0.0000, FD: 0.4799, FDAug: 0.4795, Var: 0.0000, Ctx: 6, MixCtx: 3, Train: 78.55%, Valid: 73.55%, Test In: 74.80% Test OOD1: 67.89% Test OOD2: 54.47% Test OOD3: 64.13% 
Epoch: 266, Loss: 2.2979, Cls: 0.9192, Ind: 0.0000, Med: 0.4598, Spu: 0.0000, FD: 0.4595, FDAug: 0.4594, Var: 0.0000, Ctx: 6, MixCtx: 3, Train: 78.88%, Valid: 73.57%, Test In: 74.78% Test OOD1: 66.79% Test OOD2: 54.90% Test OOD3: 63.33% 
Epoch: 267, Loss: 2.3811, Cls: 0.9519, Ind: 0.0000, Med: 0.4753, Spu: 0.0000, FD: 0.4767, FDAug: 0.4771, Var: 0.0000, Ctx: 6, MixCtx: 3, Train: 78.74%, Valid: 73.54%, Test In: 74.90% Test OOD1: 67.57% Test OOD2: 54.59% Test OOD3: 63.93% 
Epoch: 268, Loss: 2.2987, Cls: 0.9194, Ind: 0.0000, Med: 0.4599, Spu: 0.0000, FD: 0.4596, FDAug: 0.4597, Var: 0.0000, Ctx: 6, MixCtx: 3, Train: 78.15%, Valid: 73.30%, Test In: 74.76% Test OOD1: 68.22% Test OOD2: 54.12% Test OOD3: 64.45% 
Epoch: 269, Loss: 2.3644, Cls: 0.9458, Ind: 0.0000, Med: 0.4727, Spu: 0.0000, FD: 0.4732, FDAug: 0.4726, Var: 0.0000, Ctx: 6, MixCtx: 3, Train: 78.63%, Valid: 73.52%, Test In: 74.91% Test OOD1: 67.73% Test OOD2: 54.50% Test OOD3: 63.97% 
Epoch: 270, Loss: 2.2878, Cls: 0.9151, Ind: 0.0000, Med: 0.4577, Spu: 0.0000, FD: 0.4575, FDAug: 0.4575, Var: 0.0000, Ctx: 6, MixCtx: 3, Train: 78.78%, Valid: 73.52%, Test In: 74.88% Test OOD1: 66.30% Test OOD2: 54.81% Test OOD3: 62.99% 
Epoch: 271, Loss: 2.3522, Cls: 0.9410, Ind: 0.0000, Med: 0.4714, Spu: 0.0000, FD: 0.4697, FDAug: 0.4701, Var: 0.0000, Ctx: 6, MixCtx: 3, Train: 78.64%, Valid: 73.57%, Test In: 74.94% Test OOD1: 67.64% Test OOD2: 54.53% Test OOD3: 63.87% 
Epoch: 272, Loss: 2.2843, Cls: 0.9136, Ind: 0.0000, Med: 0.4567, Spu: 0.0000, FD: 0.4570, FDAug: 0.4570, Var: 0.0000, Ctx: 6, MixCtx: 3, Train: 78.44%, Valid: 73.46%, Test In: 74.82% Test OOD1: 68.09% Test OOD2: 54.32% Test OOD3: 64.20% 
Epoch: 273, Loss: 2.3311, Cls: 0.9319, Ind: 0.0000, Med: 0.4645, Spu: 0.0000, FD: 0.4675, FDAug: 0.4671, Var: 0.0000, Ctx: 6, MixCtx: 3, Train: 78.96%, Valid: 73.60%, Test In: 74.91% Test OOD1: 66.62% Test OOD2: 54.73% Test OOD3: 63.18% 
Epoch: 274, Loss: 2.2903, Cls: 0.9163, Ind: 0.0000, Med: 0.4591, Spu: 0.0000, FD: 0.4574, FDAug: 0.4576, Var: 0.0000, Ctx: 6, MixCtx: 3, Train: 79.06%, Valid: 73.53%, Test In: 74.81% Test OOD1: 65.98% Test OOD2: 54.77% Test OOD3: 62.82% 
Epoch: 275, Loss: 2.3013, Cls: 0.9207, Ind: 0.0000, Med: 0.4615, Spu: 0.0000, FD: 0.4594, FDAug: 0.4597, Var: 0.0000, Ctx: 6, MixCtx: 3, Train: 78.88%, Valid: 73.57%, Test In: 74.88% Test OOD1: 67.29% Test OOD2: 54.49% Test OOD3: 63.74% 
Epoch: 276, Loss: 2.2944, Cls: 0.9176, Ind: 0.0000, Med: 0.4584, Spu: 0.0000, FD: 0.4593, FDAug: 0.4592, Var: 0.0000, Ctx: 6, MixCtx: 3, Train: 79.01%, Valid: 73.61%, Test In: 74.85% Test OOD1: 66.94% Test OOD2: 54.58% Test OOD3: 63.56% 
Epoch: 277, Loss: 2.2836, Cls: 0.9134, Ind: 0.0000, Med: 0.4567, Spu: 0.0000, FD: 0.4568, FDAug: 0.4567, Var: 0.0000, Ctx: 6, MixCtx: 3, Train: 79.11%, Valid: 73.51%, Test In: 74.58% Test OOD1: 65.29% Test OOD2: 54.72% Test OOD3: 62.50% 
Epoch: 278, Loss: 2.2942, Cls: 0.9176, Ind: 0.0000, Med: 0.4589, Spu: 0.0000, FD: 0.4588, FDAug: 0.4590, Var: 0.0000, Ctx: 6, MixCtx: 3, Train: 79.12%, Valid: 73.64%, Test In: 74.66% Test OOD1: 66.00% Test OOD2: 54.68% Test OOD3: 62.94% 
Epoch: 279, Loss: 2.2692, Cls: 0.9076, Ind: 0.0000, Med: 0.4538, Spu: 0.0000, FD: 0.4539, FDAug: 0.4540, Var: 0.0000, Ctx: 6, MixCtx: 3, Train: 79.02%, Valid: 73.68%, Test In: 74.77% Test OOD1: 67.06% Test OOD2: 54.55% Test OOD3: 63.64% 
Epoch: 280, Loss: 2.2978, Cls: 0.9195, Ind: 0.0000, Med: 0.4610, Spu: 0.0000, FD: 0.4587, FDAug: 0.4585, Var: 0.0000, Ctx: 6, MixCtx: 3, Train: 79.13%, Valid: 73.56%, Test In: 74.51% Test OOD1: 66.06% Test OOD2: 54.61% Test OOD3: 63.03% 
Epoch: 281, Loss: 2.2692, Cls: 0.9073, Ind: 0.0000, Med: 0.4533, Spu: 0.0000, FD: 0.4542, FDAug: 0.4543, Var: 0.0000, Ctx: 6, MixCtx: 3, Train: 79.18%, Valid: 73.41%, Test In: 74.40% Test OOD1: 65.66% Test OOD2: 54.62% Test OOD3: 62.92% 
Epoch: 282, Loss: 2.2750, Cls: 0.9096, Ind: 0.0000, Med: 0.4543, Spu: 0.0000, FD: 0.4555, FDAug: 0.4556, Var: 0.0000, Ctx: 6, MixCtx: 3, Train: 79.17%, Valid: 73.44%, Test In: 74.66% Test OOD1: 66.37% Test OOD2: 54.56% Test OOD3: 63.58% 
Epoch: 283, Loss: 2.2777, Cls: 0.9113, Ind: 0.0000, Med: 0.4563, Spu: 0.0000, FD: 0.4551, FDAug: 0.4551, Var: 0.0000, Ctx: 6, MixCtx: 3, Train: 79.22%, Valid: 73.32%, Test In: 74.60% Test OOD1: 65.81% Test OOD2: 54.62% Test OOD3: 63.36% 
Epoch: 284, Loss: 2.2624, Cls: 0.9049, Ind: 0.0000, Med: 0.4527, Spu: 0.0000, FD: 0.4524, FDAug: 0.4524, Var: 0.0000, Ctx: 6, MixCtx: 3, Train: 79.25%, Valid: 73.21%, Test In: 74.45% Test OOD1: 65.28% Test OOD2: 54.69% Test OOD3: 62.98% 
Epoch: 285, Loss: 2.2767, Cls: 0.9106, Ind: 0.0000, Med: 0.4554, Spu: 0.0000, FD: 0.4553, FDAug: 0.4554, Var: 0.0000, Ctx: 6, MixCtx: 3, Train: 79.28%, Valid: 73.43%, Test In: 74.73% Test OOD1: 66.38% Test OOD2: 54.59% Test OOD3: 63.52% 
Epoch: 286, Loss: 2.2598, Cls: 0.9039, Ind: 0.0000, Med: 0.4520, Spu: 0.0000, FD: 0.4520, FDAug: 0.4519, Var: 0.0000, Ctx: 6, MixCtx: 3, Train: 79.27%, Valid: 73.46%, Test In: 74.74% Test OOD1: 66.73% Test OOD2: 54.53% Test OOD3: 63.68% 
Epoch: 287, Loss: 2.2647, Cls: 0.9058, Ind: 0.0000, Med: 0.4528, Spu: 0.0000, FD: 0.4531, FDAug: 0.4530, Var: 0.0000, Ctx: 6, MixCtx: 3, Train: 79.40%, Valid: 73.31%, Test In: 74.51% Test OOD1: 66.01% Test OOD2: 54.58% Test OOD3: 63.21% 
Epoch: 288, Loss: 2.2663, Cls: 0.9066, Ind: 0.0000, Med: 0.4539, Spu: 0.0000, FD: 0.4528, FDAug: 0.4529, Var: 0.0000, Ctx: 6, MixCtx: 3, Train: 79.42%, Valid: 73.29%, Test In: 74.59% Test OOD1: 66.20% Test OOD2: 54.54% Test OOD3: 63.41% 
Epoch: 289, Loss: 2.2526, Cls: 0.9010, Ind: 0.0000, Med: 0.4507, Spu: 0.0000, FD: 0.4504, FDAug: 0.4504, Var: 0.0000, Ctx: 6, MixCtx: 3, Train: 79.40%, Valid: 73.31%, Test In: 74.67% Test OOD1: 66.40% Test OOD2: 54.50% Test OOD3: 63.55% 
Epoch: 290, Loss: 2.2613, Cls: 0.9043, Ind: 0.0000, Med: 0.4519, Spu: 0.0000, FD: 0.4525, FDAug: 0.4525, Var: 0.0000, Ctx: 6, MixCtx: 3, Train: 79.50%, Valid: 73.23%, Test In: 74.48% Test OOD1: 65.90% Test OOD2: 54.56% Test OOD3: 63.15% 
Epoch: 291, Loss: 2.2542, Cls: 0.9017, Ind: 0.0000, Med: 0.4514, Spu: 0.0000, FD: 0.4505, FDAug: 0.4506, Var: 0.0000, Ctx: 6, MixCtx: 3, Train: 79.53%, Valid: 73.27%, Test In: 74.47% Test OOD1: 66.19% Test OOD2: 54.50% Test OOD3: 63.23% 
Epoch: 292, Loss: 2.2513, Cls: 0.9005, Ind: 0.0000, Med: 0.4507, Spu: 0.0000, FD: 0.4500, FDAug: 0.4500, Var: 0.0000, Ctx: 6, MixCtx: 3, Train: 79.47%, Valid: 73.37%, Test In: 74.59% Test OOD1: 66.79% Test OOD2: 54.42% Test OOD3: 63.58% 
Epoch: 293, Loss: 2.2567, Cls: 0.9027, Ind: 0.0000, Med: 0.4515, Spu: 0.0000, FD: 0.4513, FDAug: 0.4512, Var: 0.0000, Ctx: 6, MixCtx: 3, Train: 79.56%, Valid: 73.31%, Test In: 74.50% Test OOD1: 66.34% Test OOD2: 54.51% Test OOD3: 63.21% 
Epoch: 294, Loss: 2.2481, Cls: 0.8992, Ind: 0.0000, Med: 0.4498, Spu: 0.0000, FD: 0.4495, FDAug: 0.4496, Var: 0.0000, Ctx: 6, MixCtx: 3, Train: 79.60%, Valid: 73.23%, Test In: 74.45% Test OOD1: 66.05% Test OOD2: 54.53% Test OOD3: 63.03% 
Epoch: 295, Loss: 2.2493, Cls: 0.8996, Ind: 0.0000, Med: 0.4499, Spu: 0.0000, FD: 0.4499, FDAug: 0.4499, Var: 0.0000, Ctx: 6, MixCtx: 3, Train: 79.60%, Valid: 73.22%, Test In: 74.56% Test OOD1: 66.40% Test OOD2: 54.47% Test OOD3: 63.36% 
Epoch: 296, Loss: 2.2509, Cls: 0.9005, Ind: 0.0000, Med: 0.4507, Spu: 0.0000, FD: 0.4499, FDAug: 0.4499, Var: 0.0000, Ctx: 6, MixCtx: 3, Train: 79.66%, Valid: 73.20%, Test In: 74.49% Test OOD1: 66.10% Test OOD2: 54.50% Test OOD3: 63.09% 
Epoch: 297, Loss: 2.2436, Cls: 0.8974, Ind: 0.0000, Med: 0.4489, Spu: 0.0000, FD: 0.4487, FDAug: 0.4487, Var: 0.0000, Ctx: 6, MixCtx: 3, Train: 79.70%, Valid: 73.25%, Test In: 74.49% Test OOD1: 66.01% Test OOD2: 54.52% Test OOD3: 62.93% 
Epoch: 298, Loss: 2.2456, Cls: 0.8981, Ind: 0.0000, Med: 0.4490, Spu: 0.0000, FD: 0.4492, FDAug: 0.4492, Var: 0.0000, Ctx: 6, MixCtx: 3, Train: 79.68%, Valid: 73.36%, Test In: 74.67% Test OOD1: 66.52% Test OOD2: 54.48% Test OOD3: 63.28% 
Epoch: 299, Loss: 2.2470, Cls: 0.8990, Ind: 0.0000, Med: 0.4501, Spu: 0.0000, FD: 0.4490, FDAug: 0.4490, Var: 0.0000, Ctx: 6, MixCtx: 3, Train: 79.75%, Valid: 73.30%, Test In: 74.55% Test OOD1: 66.12% Test OOD2: 54.53% Test OOD3: 62.96% 
Epoch: 300, Loss: 2.2403, Cls: 0.8961, Ind: 0.0000, Med: 0.4482, Spu: 0.0000, FD: 0.4480, FDAug: 0.4480, Var: 0.0000, Ctx: 6, MixCtx: 3, Train: 79.78%, Valid: 73.22%, Test In: 74.48% Test OOD1: 65.93% Test OOD2: 54.52% Test OOD3: 62.87% 
Epoch: 301, Loss: 2.2397, Cls: 0.8959, Ind: 0.0000, Med: 0.4480, Spu: 0.0000, FD: 0.4479, FDAug: 0.4479, Var: 0.0000, Ctx: 6, MixCtx: 3, Train: 79.79%, Valid: 73.24%, Test In: 74.57% Test OOD1: 66.20% Test OOD2: 54.48% Test OOD3: 63.14% 
Epoch: 302, Loss: 2.2416, Cls: 0.8967, Ind: 0.0000, Med: 0.4485, Spu: 0.0000, FD: 0.4482, FDAug: 0.4482, Var: 0.0000, Ctx: 6, MixCtx: 3, Train: 79.85%, Valid: 73.22%, Test In: 74.42% Test OOD1: 65.90% Test OOD2: 54.53% Test OOD3: 62.81% 
Epoch: 303, Loss: 2.2368, Cls: 0.8947, Ind: 0.0000, Med: 0.4475, Spu: 0.0000, FD: 0.4472, FDAug: 0.4473, Var: 0.0000, Ctx: 6, MixCtx: 3, Train: 79.87%, Valid: 73.28%, Test In: 74.45% Test OOD1: 66.07% Test OOD2: 54.53% Test OOD3: 62.89% 
Epoch: 304, Loss: 2.2346, Cls: 0.8938, Ind: 0.0000, Med: 0.4471, Spu: 0.0000, FD: 0.4468, FDAug: 0.4468, Var: 0.0000, Ctx: 6, MixCtx: 3, Train: 79.90%, Valid: 73.31%, Test In: 74.53% Test OOD1: 66.31% Test OOD2: 54.49% Test OOD3: 63.09% 
Epoch: 305, Loss: 2.2361, Cls: 0.8944, Ind: 0.0000, Med: 0.4473, Spu: 0.0000, FD: 0.4472, FDAug: 0.4472, Var: 0.0000, Ctx: 6, MixCtx: 3, Train: 79.94%, Valid: 73.19%, Test In: 74.35% Test OOD1: 65.87% Test OOD2: 54.51% Test OOD3: 62.76% 
Epoch: 306, Loss: 2.2349, Cls: 0.8940, Ind: 0.0000, Med: 0.4473, Spu: 0.0000, FD: 0.4468, FDAug: 0.4468, Var: 0.0000, Ctx: 6, MixCtx: 3, Train: 79.97%, Valid: 73.23%, Test In: 74.47% Test OOD1: 66.01% Test OOD2: 54.53% Test OOD3: 62.94% 
Epoch: 307, Loss: 2.2310, Cls: 0.8924, Ind: 0.0000, Med: 0.4463, Spu: 0.0000, FD: 0.4461, FDAug: 0.4461, Var: 0.0000, Ctx: 6, MixCtx: 3, Train: 80.01%, Valid: 73.27%, Test In: 74.49% Test OOD1: 66.08% Test OOD2: 54.53% Test OOD3: 62.95% 
Epoch: 308, Loss: 2.2292, Cls: 0.8917, Ind: 0.0000, Med: 0.4460, Spu: 0.0000, FD: 0.4458, FDAug: 0.4457, Var: 0.0000, Ctx: 6, MixCtx: 3, Train: 80.04%, Valid: 73.27%, Test In: 74.41% Test OOD1: 66.02% Test OOD2: 54.53% Test OOD3: 62.82% 
Epoch: 309, Loss: 2.2300, Cls: 0.8920, Ind: 0.0000, Med: 0.4462, Spu: 0.0000, FD: 0.4459, FDAug: 0.4459, Var: 0.0000, Ctx: 6, MixCtx: 3, Train: 80.06%, Valid: 73.31%, Test In: 74.53% Test OOD1: 66.22% Test OOD2: 54.51% Test OOD3: 63.04% 
Epoch: 310, Loss: 2.2296, Cls: 0.8918, Ind: 0.0000, Med: 0.4461, Spu: 0.0000, FD: 0.4458, FDAug: 0.4458, Var: 0.0000, Ctx: 6, MixCtx: 3, Train: 80.11%, Valid: 73.19%, Test In: 74.33% Test OOD1: 65.82% Test OOD2: 54.54% Test OOD3: 62.73% 
Epoch: 311, Loss: 2.2273, Cls: 0.8909, Ind: 0.0000, Med: 0.4456, Spu: 0.0000, FD: 0.4454, FDAug: 0.4454, Var: 0.0000, Ctx: 6, MixCtx: 3, Train: 80.14%, Valid: 73.25%, Test In: 74.41% Test OOD1: 66.04% Test OOD2: 54.52% Test OOD3: 62.90% 
Epoch: 312, Loss: 2.2240, Cls: 0.8896, Ind: 0.0000, Med: 0.4450, Spu: 0.0000, FD: 0.4447, FDAug: 0.4447, Var: 0.0000, Ctx: 6, MixCtx: 3, Train: 80.17%, Valid: 73.30%, Test In: 74.41% Test OOD1: 66.13% Test OOD2: 54.49% Test OOD3: 62.89% 
Epoch: 313, Loss: 2.2224, Cls: 0.8890, Ind: 0.0000, Med: 0.4447, Spu: 0.0000, FD: 0.4444, FDAug: 0.4444, Var: 0.0000, Ctx: 6, MixCtx: 3, Train: 80.20%, Valid: 73.27%, Test In: 74.34% Test OOD1: 65.95% Test OOD2: 54.51% Test OOD3: 62.73% 
Epoch: 314, Loss: 2.2223, Cls: 0.8889, Ind: 0.0000, Med: 0.4446, Spu: 0.0000, FD: 0.4444, FDAug: 0.4444, Var: 0.0000, Ctx: 6, MixCtx: 3, Train: 80.22%, Valid: 73.26%, Test In: 74.43% Test OOD1: 66.02% Test OOD2: 54.50% Test OOD3: 62.89% 
Epoch: 315, Loss: 2.2229, Cls: 0.8892, Ind: 0.0000, Med: 0.4449, Spu: 0.0000, FD: 0.4444, FDAug: 0.4444, Var: 0.0000, Ctx: 6, MixCtx: 3, Train: 80.26%, Valid: 73.21%, Test In: 74.27% Test OOD1: 65.77% Test OOD2: 54.50% Test OOD3: 62.60% 
Epoch: 316, Loss: 2.2238, Cls: 0.8894, Ind: 0.0000, Med: 0.4448, Spu: 0.0000, FD: 0.4447, FDAug: 0.4448, Var: 0.0000, Ctx: 6, MixCtx: 3, Train: 80.26%, Valid: 73.30%, Test In: 74.51% Test OOD1: 66.16% Test OOD2: 54.52% Test OOD3: 62.93% 
Epoch: 317, Loss: 2.2255, Cls: 0.8902, Ind: 0.0000, Med: 0.4454, Spu: 0.0000, FD: 0.4450, FDAug: 0.4449, Var: 0.0000, Ctx: 6, MixCtx: 3, Train: 80.33%, Valid: 73.19%, Test In: 74.23% Test OOD1: 65.74% Test OOD2: 54.50% Test OOD3: 62.51% 
Epoch: 318, Loss: 2.2281, Cls: 0.8912, Ind: 0.0000, Med: 0.4457, Spu: 0.0000, FD: 0.4456, FDAug: 0.4456, Var: 0.0000, Ctx: 6, MixCtx: 3, Train: 80.29%, Valid: 73.22%, Test In: 74.50% Test OOD1: 66.20% Test OOD2: 54.46% Test OOD3: 63.02% 
Epoch: 319, Loss: 2.2350, Cls: 0.8940, Ind: 0.0000, Med: 0.4471, Spu: 0.0000, FD: 0.4470, FDAug: 0.4469, Var: 0.0000, Ctx: 6, MixCtx: 3, Train: 80.35%, Valid: 73.07%, Test In: 74.07% Test OOD1: 65.56% Test OOD2: 54.46% Test OOD3: 62.33% 
Epoch: 320, Loss: 2.2438, Cls: 0.8975, Ind: 0.0000, Med: 0.4490, Spu: 0.0000, FD: 0.4486, FDAug: 0.4487, Var: 0.0000, Ctx: 6, MixCtx: 3, Train: 80.27%, Valid: 73.25%, Test In: 74.59% Test OOD1: 66.34% Test OOD2: 54.43% Test OOD3: 63.10% 
Epoch: 321, Loss: 2.2614, Cls: 0.9045, Ind: 0.0000, Med: 0.4521, Spu: 0.0000, FD: 0.4525, FDAug: 0.4523, Var: 0.0000, Ctx: 6, MixCtx: 3, Train: 80.34%, Valid: 73.11%, Test In: 73.99% Test OOD1: 65.59% Test OOD2: 54.41% Test OOD3: 62.19% 
Epoch: 322, Loss: 2.2754, Cls: 0.9102, Ind: 0.0000, Med: 0.4555, Spu: 0.0000, FD: 0.4548, FDAug: 0.4549, Var: 0.0000, Ctx: 6, MixCtx: 3, Train: 80.25%, Valid: 73.33%, Test In: 74.70% Test OOD1: 66.63% Test OOD2: 54.35% Test OOD3: 63.28% 
Epoch: 323, Loss: 2.2780, Cls: 0.9110, Ind: 0.0000, Med: 0.4551, Spu: 0.0000, FD: 0.4560, FDAug: 0.4559, Var: 0.0000, Ctx: 6, MixCtx: 3, Train: 80.46%, Valid: 73.06%, Test In: 74.09% Test OOD1: 65.53% Test OOD2: 54.45% Test OOD3: 62.35% 
Epoch: 324, Loss: 2.2447, Cls: 0.8979, Ind: 0.0000, Med: 0.4495, Spu: 0.0000, FD: 0.4485, FDAug: 0.4487, Var: 0.0000, Ctx: 6, MixCtx: 3, Train: 80.48%, Valid: 73.31%, Test In: 74.48% Test OOD1: 66.18% Test OOD2: 54.42% Test OOD3: 62.81% 
Epoch: 325, Loss: 2.2135, Cls: 0.8854, Ind: 0.0000, Med: 0.4428, Spu: 0.0000, FD: 0.4426, FDAug: 0.4427, Var: 0.0000, Ctx: 6, MixCtx: 3, Train: 80.41%, Valid: 73.49%, Test In: 74.61% Test OOD1: 66.71% Test OOD2: 54.37% Test OOD3: 63.01% 
Epoch: 326, Loss: 2.2237, Cls: 0.8895, Ind: 0.0000, Med: 0.4448, Spu: 0.0000, FD: 0.4447, FDAug: 0.4447, Var: 0.0000, Ctx: 6, MixCtx: 3, Train: 80.50%, Valid: 73.19%, Test In: 74.02% Test OOD1: 65.60% Test OOD2: 54.36% Test OOD3: 62.03% 
Epoch: 327, Loss: 2.2518, Cls: 0.9006, Ind: 0.0000, Med: 0.4503, Spu: 0.0000, FD: 0.4504, FDAug: 0.4505, Var: 0.0000, Ctx: 6, MixCtx: 3, Train: 80.34%, Valid: 73.15%, Test In: 74.48% Test OOD1: 65.98% Test OOD2: 54.36% Test OOD3: 62.82% 
Epoch: 328, Loss: 2.2764, Cls: 0.9107, Ind: 0.0000, Med: 0.4556, Spu: 0.0000, FD: 0.4552, FDAug: 0.4550, Var: 0.0000, Ctx: 6, MixCtx: 3, Train: 80.54%, Valid: 73.05%, Test In: 73.91% Test OOD1: 65.28% Test OOD2: 54.37% Test OOD3: 61.89% 
Epoch: 329, Loss: 2.2557, Cls: 0.9021, Ind: 0.0000, Med: 0.4509, Spu: 0.0000, FD: 0.4513, FDAug: 0.4514, Var: 0.0000, Ctx: 6, MixCtx: 3, Train: 80.53%, Valid: 73.44%, Test In: 74.57% Test OOD1: 66.64% Test OOD2: 54.39% Test OOD3: 62.92% 
Epoch: 330, Loss: 2.2199, Cls: 0.8880, Ind: 0.0000, Med: 0.4443, Spu: 0.0000, FD: 0.4438, FDAug: 0.4437, Var: 0.0000, Ctx: 6, MixCtx: 3, Train: 80.59%, Valid: 73.37%, Test In: 74.45% Test OOD1: 66.37% Test OOD2: 54.40% Test OOD3: 62.69% 
Epoch: 331, Loss: 2.2060, Cls: 0.8824, Ind: 0.0000, Med: 0.4414, Spu: 0.0000, FD: 0.4411, FDAug: 0.4411, Var: 0.0000, Ctx: 6, MixCtx: 3, Train: 80.67%, Valid: 73.25%, Test In: 74.21% Test OOD1: 65.93% Test OOD2: 54.37% Test OOD3: 62.40% 
Epoch: 332, Loss: 2.2194, Cls: 0.8877, Ind: 0.0000, Med: 0.4439, Spu: 0.0000, FD: 0.4439, FDAug: 0.4440, Var: 0.0000, Ctx: 6, MixCtx: 3, Train: 80.58%, Valid: 73.31%, Test In: 74.54% Test OOD1: 66.43% Test OOD2: 54.29% Test OOD3: 62.95% 
Epoch: 333, Loss: 2.2280, Cls: 0.8912, Ind: 0.0000, Med: 0.4458, Spu: 0.0000, FD: 0.4455, FDAug: 0.4454, Var: 0.0000, Ctx: 6, MixCtx: 3, Train: 80.74%, Valid: 73.19%, Test In: 74.14% Test OOD1: 65.70% Test OOD2: 54.36% Test OOD3: 62.27% 
Epoch: 334, Loss: 2.2116, Cls: 0.8845, Ind: 0.0000, Med: 0.4424, Spu: 0.0000, FD: 0.4423, FDAug: 0.4424, Var: 0.0000, Ctx: 6, MixCtx: 3, Train: 80.74%, Valid: 73.36%, Test In: 74.34% Test OOD1: 66.22% Test OOD2: 54.32% Test OOD3: 62.59% 
Epoch: 335, Loss: 2.1987, Cls: 0.8795, Ind: 0.0000, Med: 0.4399, Spu: 0.0000, FD: 0.4397, FDAug: 0.4397, Var: 0.0000, Ctx: 6, MixCtx: 3, Train: 80.72%, Valid: 73.35%, Test In: 74.38% Test OOD1: 66.35% Test OOD2: 54.30% Test OOD3: 62.73% 
Epoch: 336, Loss: 2.2037, Cls: 0.8815, Ind: 0.0000, Med: 0.4409, Spu: 0.0000, FD: 0.4407, FDAug: 0.4406, Var: 0.0000, Ctx: 6, MixCtx: 3, Train: 80.80%, Valid: 72.96%, Test In: 73.85% Test OOD1: 65.19% Test OOD2: 54.36% Test OOD3: 61.98% 
Epoch: 337, Loss: 2.2190, Cls: 0.8875, Ind: 0.0000, Med: 0.4438, Spu: 0.0000, FD: 0.4438, FDAug: 0.4439, Var: 0.0000, Ctx: 6, MixCtx: 3, Train: 80.66%, Valid: 73.02%, Test In: 74.27% Test OOD1: 65.89% Test OOD2: 54.33% Test OOD3: 62.72% 
Epoch: 338, Loss: 2.2381, Cls: 0.8952, Ind: 0.0000, Med: 0.4477, Spu: 0.0000, FD: 0.4477, FDAug: 0.4475, Var: 0.0000, Ctx: 6, MixCtx: 3, Train: 80.72%, Valid: 73.07%, Test In: 73.87% Test OOD1: 65.77% Test OOD2: 54.26% Test OOD3: 62.19% 
Epoch: 339, Loss: 2.2519, Cls: 0.9007, Ind: 0.0000, Med: 0.4505, Spu: 0.0000, FD: 0.4503, FDAug: 0.4504, Var: 0.0000, Ctx: 6, MixCtx: 3, Train: 80.70%, Valid: 73.25%, Test In: 74.50% Test OOD1: 66.56% Test OOD2: 54.28% Test OOD3: 63.09% 
Epoch: 340, Loss: 2.2444, Cls: 0.8978, Ind: 0.0000, Med: 0.4488, Spu: 0.0000, FD: 0.4491, FDAug: 0.4488, Var: 0.0000, Ctx: 6, MixCtx: 3, Train: 80.82%, Valid: 72.79%, Test In: 73.88% Test OOD1: 65.12% Test OOD2: 54.34% Test OOD3: 62.12% 
Epoch: 341, Loss: 2.2183, Cls: 0.8873, Ind: 0.0000, Med: 0.4441, Spu: 0.0000, FD: 0.4433, FDAug: 0.4435, Var: 0.0000, Ctx: 6, MixCtx: 3, Train: 80.89%, Valid: 73.19%, Test In: 74.25% Test OOD1: 65.94% Test OOD2: 54.25% Test OOD3: 62.60% 
Epoch: 342, Loss: 2.1953, Cls: 0.8781, Ind: 0.0000, Med: 0.4392, Spu: 0.0000, FD: 0.4389, FDAug: 0.4390, Var: 0.0000, Ctx: 6, MixCtx: 3, Train: 80.80%, Valid: 73.40%, Test In: 74.41% Test OOD1: 66.48% Test OOD2: 54.18% Test OOD3: 62.82% 
Epoch: 343, Loss: 2.2089, Cls: 0.8835, Ind: 0.0000, Med: 0.4418, Spu: 0.0000, FD: 0.4419, FDAug: 0.4417, Var: 0.0000, Ctx: 6, MixCtx: 3, Train: 80.86%, Valid: 72.89%, Test In: 73.64% Test OOD1: 64.79% Test OOD2: 54.18% Test OOD3: 61.54% 
Epoch: 344, Loss: 2.2269, Cls: 0.8907, Ind: 0.0000, Med: 0.4455, Spu: 0.0000, FD: 0.4452, FDAug: 0.4455, Var: 0.0000, Ctx: 6, MixCtx: 3, Train: 80.90%, Valid: 73.03%, Test In: 74.14% Test OOD1: 65.61% Test OOD2: 54.21% Test OOD3: 62.37% 
Epoch: 345, Loss: 2.2329, Cls: 0.8932, Ind: 0.0000, Med: 0.4467, Spu: 0.0000, FD: 0.4466, FDAug: 0.4464, Var: 0.0000, Ctx: 6, MixCtx: 3, Train: 80.81%, Valid: 73.01%, Test In: 73.70% Test OOD1: 65.41% Test OOD2: 54.13% Test OOD3: 61.77% 
Epoch: 346, Loss: 2.2338, Cls: 0.8933, Ind: 0.0000, Med: 0.4466, Spu: 0.0000, FD: 0.4468, FDAug: 0.4470, Var: 0.0000, Ctx: 6, MixCtx: 3, Train: 81.01%, Valid: 73.01%, Test In: 74.15% Test OOD1: 65.74% Test OOD2: 54.25% Test OOD3: 62.41% 
Epoch: 347, Loss: 2.2068, Cls: 0.8828, Ind: 0.0000, Med: 0.4417, Spu: 0.0000, FD: 0.4412, FDAug: 0.4411, Var: 0.0000, Ctx: 6, MixCtx: 3, Train: 80.98%, Valid: 72.81%, Test In: 73.80% Test OOD1: 64.95% Test OOD2: 54.26% Test OOD3: 61.75% 
Epoch: 348, Loss: 2.1944, Cls: 0.8776, Ind: 0.0000, Med: 0.4389, Spu: 0.0000, FD: 0.4389, FDAug: 0.4390, Var: 0.0000, Ctx: 6, MixCtx: 3, Train: 81.11%, Valid: 73.27%, Test In: 74.17% Test OOD1: 66.00% Test OOD2: 54.22% Test OOD3: 62.30% 
Epoch: 349, Loss: 2.1829, Cls: 0.8731, Ind: 0.0000, Med: 0.4367, Spu: 0.0000, FD: 0.4365, FDAug: 0.4365, Var: 0.0000, Ctx: 6, MixCtx: 3, Train: 81.05%, Valid: 73.26%, Test In: 74.24% Test OOD1: 66.01% Test OOD2: 54.15% Test OOD3: 62.42% 
Epoch: 350, Loss: 2.1897, Cls: 0.8759, Ind: 0.0000, Med: 0.4382, Spu: 0.0000, FD: 0.4378, FDAug: 0.4377, Var: 0.0000, Ctx: 6, MixCtx: 3, Train: 81.16%, Valid: 72.65%, Test In: 73.47% Test OOD1: 64.25% Test OOD2: 54.15% Test OOD3: 61.30% 
Epoch: 351, Loss: 2.1967, Cls: 0.8785, Ind: 0.0000, Med: 0.4393, Spu: 0.0000, FD: 0.4393, FDAug: 0.4395, Var: 0.0000, Ctx: 6, MixCtx: 3, Train: 81.23%, Valid: 73.09%, Test In: 74.00% Test OOD1: 65.52% Test OOD2: 54.13% Test OOD3: 62.07% 
Epoch: 352, Loss: 2.1890, Cls: 0.8757, Ind: 0.0000, Med: 0.4381, Spu: 0.0000, FD: 0.4377, FDAug: 0.4375, Var: 0.0000, Ctx: 6, MixCtx: 3, Train: 81.09%, Valid: 73.17%, Test In: 73.82% Test OOD1: 65.83% Test OOD2: 54.05% Test OOD3: 61.96% 
Epoch: 353, Loss: 2.1936, Cls: 0.8773, Ind: 0.0000, Med: 0.4386, Spu: 0.0000, FD: 0.4388, FDAug: 0.4389, Var: 0.0000, Ctx: 6, MixCtx: 3, Train: 81.23%, Valid: 72.71%, Test In: 73.75% Test OOD1: 64.91% Test OOD2: 54.18% Test OOD3: 61.77% 
Epoch: 354, Loss: 2.1845, Cls: 0.8738, Ind: 0.0000, Med: 0.4371, Spu: 0.0000, FD: 0.4368, FDAug: 0.4367, Var: 0.0000, Ctx: 6, MixCtx: 3, Train: 81.39%, Valid: 72.77%, Test In: 73.61% Test OOD1: 64.87% Test OOD2: 54.19% Test OOD3: 61.58% 
Epoch: 355, Loss: 2.1790, Cls: 0.8716, Ind: 0.0000, Med: 0.4360, Spu: 0.0000, FD: 0.4356, FDAug: 0.4358, Var: 0.0000, Ctx: 6, MixCtx: 3, Train: 81.30%, Valid: 73.15%, Test In: 74.10% Test OOD1: 65.85% Test OOD2: 54.16% Test OOD3: 62.25% 
Epoch: 356, Loss: 2.1806, Cls: 0.8722, Ind: 0.0000, Med: 0.4362, Spu: 0.0000, FD: 0.4361, FDAug: 0.4360, Var: 0.0000, Ctx: 6, MixCtx: 3, Train: 81.44%, Valid: 72.73%, Test In: 73.54% Test OOD1: 64.64% Test OOD2: 54.13% Test OOD3: 61.40% 
Epoch: 357, Loss: 2.1798, Cls: 0.8719, Ind: 0.0000, Med: 0.4363, Spu: 0.0000, FD: 0.4357, FDAug: 0.4359, Var: 0.0000, Ctx: 6, MixCtx: 3, Train: 81.45%, Valid: 72.90%, Test In: 73.88% Test OOD1: 65.23% Test OOD2: 54.11% Test OOD3: 61.90% 
Epoch: 358, Loss: 2.1821, Cls: 0.8728, Ind: 0.0000, Med: 0.4363, Spu: 0.0000, FD: 0.4366, FDAug: 0.4364, Var: 0.0000, Ctx: 6, MixCtx: 3, Train: 81.39%, Valid: 72.94%, Test In: 73.56% Test OOD1: 65.13% Test OOD2: 53.99% Test OOD3: 61.52% 
Epoch: 359, Loss: 2.1937, Cls: 0.8775, Ind: 0.0000, Med: 0.4391, Spu: 0.0000, FD: 0.4385, FDAug: 0.4387, Var: 0.0000, Ctx: 6, MixCtx: 3, Train: 81.44%, Valid: 72.74%, Test In: 73.81% Test OOD1: 64.93% Test OOD2: 54.08% Test OOD3: 61.79% 
Epoch: 360, Loss: 2.2089, Cls: 0.8835, Ind: 0.0000, Med: 0.4415, Spu: 0.0000, FD: 0.4421, FDAug: 0.4418, Var: 0.0000, Ctx: 6, MixCtx: 3, Train: 81.49%, Valid: 72.65%, Test In: 73.26% Test OOD1: 64.46% Test OOD2: 54.01% Test OOD3: 61.05% 
Epoch: 361, Loss: 2.2377, Cls: 0.8950, Ind: 0.0000, Med: 0.4479, Spu: 0.0000, FD: 0.4472, FDAug: 0.4476, Var: 0.0000, Ctx: 6, MixCtx: 3, Train: 81.19%, Valid: 73.05%, Test In: 74.28% Test OOD1: 65.99% Test OOD2: 54.10% Test OOD3: 62.53% 
Epoch: 362, Loss: 2.2946, Cls: 0.9178, Ind: 0.0000, Med: 0.4585, Spu: 0.0000, FD: 0.4594, FDAug: 0.4588, Var: 0.0000, Ctx: 6, MixCtx: 3, Train: 81.40%, Valid: 71.83%, Test In: 72.68% Test OOD1: 63.30% Test OOD2: 54.04% Test OOD3: 60.53% 
Epoch: 363, Loss: 2.2819, Cls: 0.9126, Ind: 0.0000, Med: 0.4570, Spu: 0.0000, FD: 0.4558, FDAug: 0.4565, Var: 0.0000, Ctx: 6, MixCtx: 3, Train: 81.54%, Valid: 72.72%, Test In: 73.93% Test OOD1: 65.34% Test OOD2: 54.13% Test OOD3: 62.11% 
Epoch: 364, Loss: 2.1990, Cls: 0.8795, Ind: 0.0000, Med: 0.4393, Spu: 0.0000, FD: 0.4402, FDAug: 0.4399, Var: 0.0000, Ctx: 6, MixCtx: 3, Train: 81.45%, Valid: 73.10%, Test In: 73.98% Test OOD1: 66.03% Test OOD2: 54.04% Test OOD3: 62.15% 
Epoch: 365, Loss: 2.1785, Cls: 0.8714, Ind: 0.0000, Med: 0.4357, Spu: 0.0000, FD: 0.4358, FDAug: 0.4356, Var: 0.0000, Ctx: 6, MixCtx: 3, Train: 81.37%, Valid: 72.64%, Test In: 73.09% Test OOD1: 64.33% Test OOD2: 53.84% Test OOD3: 60.65% 
Epoch: 366, Loss: 2.2412, Cls: 0.8961, Ind: 0.0000, Med: 0.4480, Spu: 0.0000, FD: 0.4482, FDAug: 0.4488, Var: 0.0000, Ctx: 6, MixCtx: 3, Train: 81.28%, Valid: 72.86%, Test In: 73.94% Test OOD1: 64.96% Test OOD2: 54.02% Test OOD3: 61.69% 
Epoch: 367, Loss: 2.2793, Cls: 0.9119, Ind: 0.0000, Med: 0.4559, Spu: 0.0000, FD: 0.4560, FDAug: 0.4554, Var: 0.0000, Ctx: 6, MixCtx: 3, Train: 81.52%, Valid: 73.03%, Test In: 73.61% Test OOD1: 65.00% Test OOD2: 54.01% Test OOD3: 61.16% 
Epoch: 368, Loss: 2.2081, Cls: 0.8830, Ind: 0.0000, Med: 0.4414, Spu: 0.0000, FD: 0.4417, FDAug: 0.4420, Var: 0.0000, Ctx: 6, MixCtx: 3, Train: 81.64%, Valid: 73.13%, Test In: 73.94% Test OOD1: 65.51% Test OOD2: 54.16% Test OOD3: 61.71% 
Epoch: 369, Loss: 2.1652, Cls: 0.8660, Ind: 0.0000, Med: 0.4330, Spu: 0.0000, FD: 0.4330, FDAug: 0.4331, Var: 0.0000, Ctx: 6, MixCtx: 3, Train: 81.20%, Valid: 72.82%, Test In: 74.06% Test OOD1: 65.15% Test OOD2: 54.06% Test OOD3: 61.85% 
Epoch: 370, Loss: 2.2216, Cls: 0.8889, Ind: 0.0000, Med: 0.4451, Spu: 0.0000, FD: 0.4440, FDAug: 0.4436, Var: 0.0000, Ctx: 6, MixCtx: 3, Train: 81.51%, Valid: 72.54%, Test In: 73.37% Test OOD1: 64.08% Test OOD2: 54.00% Test OOD3: 60.85% 
Epoch: 371, Loss: 2.2037, Cls: 0.8811, Ind: 0.0000, Med: 0.4403, Spu: 0.0000, FD: 0.4410, FDAug: 0.4413, Var: 0.0000, Ctx: 6, MixCtx: 3, Train: 81.56%, Valid: 73.28%, Test In: 73.97% Test OOD1: 65.83% Test OOD2: 53.99% Test OOD3: 61.93% 
Epoch: 372, Loss: 2.1643, Cls: 0.8657, Ind: 0.0000, Med: 0.4330, Spu: 0.0000, FD: 0.4328, FDAug: 0.4328, Var: 0.0000, Ctx: 6, MixCtx: 3, Train: 81.68%, Valid: 73.03%, Test In: 73.80% Test OOD1: 65.25% Test OOD2: 54.00% Test OOD3: 61.69% 
Epoch: 373, Loss: 2.1750, Cls: 0.8700, Ind: 0.0000, Med: 0.4351, Spu: 0.0000, FD: 0.4350, FDAug: 0.4348, Var: 0.0000, Ctx: 6, MixCtx: 3, Train: 81.60%, Valid: 72.09%, Test In: 72.75% Test OOD1: 63.15% Test OOD2: 53.90% Test OOD3: 60.23% 
Epoch: 374, Loss: 2.1898, Cls: 0.8757, Ind: 0.0000, Med: 0.4378, Spu: 0.0000, FD: 0.4380, FDAug: 0.4382, Var: 0.0000, Ctx: 6, MixCtx: 3, Train: 81.76%, Valid: 72.99%, Test In: 73.70% Test OOD1: 65.51% Test OOD2: 53.98% Test OOD3: 61.69% 
Epoch: 375, Loss: 2.1603, Cls: 0.8641, Ind: 0.0000, Med: 0.4322, Spu: 0.0000, FD: 0.4320, FDAug: 0.4319, Var: 0.0000, Ctx: 6, MixCtx: 3, Train: 81.80%, Valid: 73.04%, Test In: 73.72% Test OOD1: 65.63% Test OOD2: 54.01% Test OOD3: 61.76% 
Epoch: 376, Loss: 2.1517, Cls: 0.8606, Ind: 0.0000, Med: 0.4304, Spu: 0.0000, FD: 0.4303, FDAug: 0.4303, Var: 0.0000, Ctx: 6, MixCtx: 3, Train: 81.81%, Valid: 71.94%, Test In: 72.88% Test OOD1: 63.18% Test OOD2: 54.09% Test OOD3: 60.39% 
Epoch: 377, Loss: 2.1702, Cls: 0.8680, Ind: 0.0000, Med: 0.4342, Spu: 0.0000, FD: 0.4339, FDAug: 0.4341, Var: 0.0000, Ctx: 6, MixCtx: 3, Train: 81.86%, Valid: 72.73%, Test In: 73.77% Test OOD1: 64.99% Test OOD2: 54.07% Test OOD3: 61.64% 
Epoch: 378, Loss: 2.1714, Cls: 0.8685, Ind: 0.0000, Med: 0.4342, Spu: 0.0000, FD: 0.4344, FDAug: 0.4342, Var: 0.0000, Ctx: 6, MixCtx: 3, Train: 81.97%, Valid: 72.87%, Test In: 73.52% Test OOD1: 65.08% Test OOD2: 53.88% Test OOD3: 61.32% 
Epoch: 379, Loss: 2.1653, Cls: 0.8660, Ind: 0.0000, Med: 0.4332, Spu: 0.0000, FD: 0.4329, FDAug: 0.4330, Var: 0.0000, Ctx: 6, MixCtx: 3, Train: 82.06%, Valid: 72.62%, Test In: 73.58% Test OOD1: 64.60% Test OOD2: 53.93% Test OOD3: 61.30% 
Epoch: 380, Loss: 2.1439, Cls: 0.8575, Ind: 0.0000, Med: 0.4288, Spu: 0.0000, FD: 0.4288, FDAug: 0.4287, Var: 0.0000, Ctx: 6, MixCtx: 3, Train: 82.13%, Valid: 72.34%, Test In: 73.22% Test OOD1: 63.90% Test OOD2: 53.89% Test OOD3: 60.85% 
Epoch: 381, Loss: 2.1383, Cls: 0.8553, Ind: 0.0000, Med: 0.4278, Spu: 0.0000, FD: 0.4276, FDAug: 0.4276, Var: 0.0000, Ctx: 6, MixCtx: 3, Train: 82.09%, Valid: 72.70%, Test In: 73.30% Test OOD1: 64.64% Test OOD2: 53.77% Test OOD3: 61.06% 
Epoch: 382, Loss: 2.1478, Cls: 0.8591, Ind: 0.0000, Med: 0.4299, Spu: 0.0000, FD: 0.4293, FDAug: 0.4294, Var: 0.0000, Ctx: 6, MixCtx: 3, Train: 82.21%, Valid: 72.57%, Test In: 73.48% Test OOD1: 64.56% Test OOD2: 53.87% Test OOD3: 61.22% 
Epoch: 383, Loss: 2.1565, Cls: 0.8625, Ind: 0.0000, Med: 0.4312, Spu: 0.0000, FD: 0.4314, FDAug: 0.4313, Var: 0.0000, Ctx: 6, MixCtx: 3, Train: 82.17%, Valid: 71.97%, Test In: 72.60% Test OOD1: 63.11% Test OOD2: 53.73% Test OOD3: 60.02% 
Epoch: 384, Loss: 2.1767, Cls: 0.8705, Ind: 0.0000, Med: 0.4354, Spu: 0.0000, FD: 0.4352, FDAug: 0.4354, Var: 0.0000, Ctx: 6, MixCtx: 3, Train: 82.10%, Valid: 72.54%, Test In: 73.63% Test OOD1: 64.93% Test OOD2: 53.90% Test OOD3: 61.52% 
Epoch: 385, Loss: 2.2068, Cls: 0.8828, Ind: 0.0000, Med: 0.4416, Spu: 0.0000, FD: 0.4413, FDAug: 0.4410, Var: 0.0000, Ctx: 6, MixCtx: 3, Train: 82.20%, Valid: 71.95%, Test In: 72.57% Test OOD1: 63.39% Test OOD2: 53.63% Test OOD3: 60.04% 
Epoch: 386, Loss: 2.2197, Cls: 0.8876, Ind: 0.0000, Med: 0.4438, Spu: 0.0000, FD: 0.4440, FDAug: 0.4443, Var: 0.0000, Ctx: 6, MixCtx: 3, Train: 82.17%, Valid: 72.19%, Test In: 73.47% Test OOD1: 64.16% Test OOD2: 53.86% Test OOD3: 61.12% 
Epoch: 387, Loss: 2.2084, Cls: 0.8833, Ind: 0.0000, Med: 0.4416, Spu: 0.0000, FD: 0.4419, FDAug: 0.4416, Var: 0.0000, Ctx: 6, MixCtx: 3, Train: 82.17%, Valid: 72.62%, Test In: 73.37% Test OOD1: 64.70% Test OOD2: 53.60% Test OOD3: 60.96% 
Epoch: 388, Loss: 2.1476, Cls: 0.8589, Ind: 0.0000, Med: 0.4296, Spu: 0.0000, FD: 0.4294, FDAug: 0.4296, Var: 0.0000, Ctx: 6, MixCtx: 3, Train: 82.36%, Valid: 72.64%, Test In: 73.40% Test OOD1: 64.49% Test OOD2: 53.64% Test OOD3: 60.80% 
Epoch: 389, Loss: 2.1365, Cls: 0.8545, Ind: 0.0000, Med: 0.4274, Spu: 0.0000, FD: 0.4272, FDAug: 0.4274, Var: 0.0000, Ctx: 6, MixCtx: 3, Train: 82.24%, Valid: 72.28%, Test In: 73.42% Test OOD1: 63.73% Test OOD2: 53.79% Test OOD3: 60.65% 
Epoch: 390, Loss: 2.1781, Cls: 0.8712, Ind: 0.0000, Med: 0.4357, Spu: 0.0000, FD: 0.4357, FDAug: 0.4355, Var: 0.0000, Ctx: 6, MixCtx: 3, Train: 82.41%, Valid: 72.41%, Test In: 72.89% Test OOD1: 63.63% Test OOD2: 53.57% Test OOD3: 59.97% 
Epoch: 391, Loss: 2.1810, Cls: 0.8720, Ind: 0.0000, Med: 0.4357, Spu: 0.0000, FD: 0.4364, FDAug: 0.4368, Var: 0.0000, Ctx: 6, MixCtx: 3, Train: 82.37%, Valid: 72.72%, Test In: 73.56% Test OOD1: 64.74% Test OOD2: 53.78% Test OOD3: 61.02% 
Epoch: 392, Loss: 2.1549, Cls: 0.8621, Ind: 0.0000, Med: 0.4314, Spu: 0.0000, FD: 0.4308, FDAug: 0.4306, Var: 0.0000, Ctx: 6, MixCtx: 3, Train: 82.40%, Valid: 71.72%, Test In: 72.55% Test OOD1: 62.49% Test OOD2: 53.64% Test OOD3: 59.60% 
Epoch: 393, Loss: 2.1310, Cls: 0.8522, Ind: 0.0000, Med: 0.4261, Spu: 0.0000, FD: 0.4263, FDAug: 0.4264, Var: 0.0000, Ctx: 6, MixCtx: 3, Train: 82.43%, Valid: 72.74%, Test In: 73.32% Test OOD1: 64.82% Test OOD2: 53.56% Test OOD3: 60.85% 
Epoch: 394, Loss: 2.1241, Cls: 0.8495, Ind: 0.0000, Med: 0.4247, Spu: 0.0000, FD: 0.4249, FDAug: 0.4249, Var: 0.0000, Ctx: 6, MixCtx: 3, Train: 82.66%, Valid: 72.46%, Test In: 73.36% Test OOD1: 64.24% Test OOD2: 53.73% Test OOD3: 60.78% 
Epoch: 395, Loss: 2.1309, Cls: 0.8524, Ind: 0.0000, Med: 0.4265, Spu: 0.0000, FD: 0.4260, FDAug: 0.4259, Var: 0.0000, Ctx: 6, MixCtx: 3, Train: 82.63%, Valid: 71.70%, Test In: 72.55% Test OOD1: 62.60% Test OOD2: 53.61% Test OOD3: 59.61% 
Epoch: 396, Loss: 2.1423, Cls: 0.8567, Ind: 0.0000, Med: 0.4283, Spu: 0.0000, FD: 0.4285, FDAug: 0.4288, Var: 0.0000, Ctx: 6, MixCtx: 3, Train: 82.49%, Valid: 72.74%, Test In: 73.59% Test OOD1: 65.13% Test OOD2: 53.68% Test OOD3: 61.31% 
Epoch: 397, Loss: 2.1318, Cls: 0.8528, Ind: 0.0000, Med: 0.4268, Spu: 0.0000, FD: 0.4262, FDAug: 0.4260, Var: 0.0000, Ctx: 6, MixCtx: 3, Train: 82.82%, Valid: 71.84%, Test In: 72.74% Test OOD1: 63.15% Test OOD2: 53.69% Test OOD3: 60.03% 
Epoch: 398, Loss: 2.1086, Cls: 0.8433, Ind: 0.0000, Med: 0.4219, Spu: 0.0000, FD: 0.4216, FDAug: 0.4217, Var: 0.0000, Ctx: 6, MixCtx: 3, Train: 82.88%, Valid: 72.01%, Test In: 72.82% Test OOD1: 63.34% Test OOD2: 53.63% Test OOD3: 60.05% 
Epoch: 399, Loss: 2.1003, Cls: 0.8401, Ind: 0.0000, Med: 0.4202, Spu: 0.0000, FD: 0.4200, FDAug: 0.4200, Var: 0.0000, Ctx: 6, MixCtx: 3, Train: 82.74%, Valid: 72.70%, Test In: 73.30% Test OOD1: 64.69% Test OOD2: 53.53% Test OOD3: 60.72% 
Epoch: 400, Loss: 2.1109, Cls: 0.8442, Ind: 0.0000, Med: 0.4221, Spu: 0.0000, FD: 0.4223, FDAug: 0.4222, Var: 0.0000, Ctx: 6, MixCtx: 3, Train: 82.67%, Valid: 71.36%, Test In: 72.15% Test OOD1: 61.83% Test OOD2: 53.45% Test OOD3: 58.97% 
Epoch: 401, Loss: 2.1235, Cls: 0.8493, Ind: 0.0000, Med: 0.4250, Spu: 0.0000, FD: 0.4245, FDAug: 0.4247, Var: 0.0000, Ctx: 6, MixCtx: 3, Train: 82.77%, Valid: 72.53%, Test In: 73.38% Test OOD1: 64.79% Test OOD2: 53.55% Test OOD3: 60.99% 
Epoch: 402, Loss: 2.1384, Cls: 0.8553, Ind: 0.0000, Med: 0.4275, Spu: 0.0000, FD: 0.4280, FDAug: 0.4276, Var: 0.0000, Ctx: 6, MixCtx: 3, Train: 82.85%, Valid: 71.40%, Test In: 72.12% Test OOD1: 62.74% Test OOD2: 53.29% Test OOD3: 59.41% 
Epoch: 403, Loss: 2.1737, Cls: 0.8695, Ind: 0.0000, Med: 0.4356, Spu: 0.0000, FD: 0.4341, FDAug: 0.4345, Var: 0.0000, Ctx: 6, MixCtx: 3, Train: 82.64%, Valid: 71.54%, Test In: 72.92% Test OOD1: 63.40% Test OOD2: 53.61% Test OOD3: 60.53% 
Epoch: 404, Loss: 2.2472, Cls: 0.8986, Ind: 0.0000, Med: 0.4482, Spu: 0.0000, FD: 0.4506, FDAug: 0.4497, Var: 0.0000, Ctx: 6, MixCtx: 3, Train: 81.87%, Valid: 72.38%, Test In: 72.82% Test OOD1: 64.21% Test OOD2: 53.07% Test OOD3: 60.09% 
Epoch: 405, Loss: 2.2345, Cls: 0.8939, Ind: 0.0000, Med: 0.4481, Spu: 0.0000, FD: 0.4459, FDAug: 0.4465, Var: 0.0000, Ctx: 6, MixCtx: 3, Train: 82.00%, Valid: 73.01%, Test In: 73.79% Test OOD1: 65.16% Test OOD2: 53.44% Test OOD3: 61.04% 
Epoch: 406, Loss: 2.1524, Cls: 0.8607, Ind: 0.0000, Med: 0.4298, Spu: 0.0000, FD: 0.4310, FDAug: 0.4308, Var: 0.0000, Ctx: 6, MixCtx: 3, Train: 82.10%, Valid: 71.63%, Test In: 72.91% Test OOD1: 62.00% Test OOD2: 53.34% Test OOD3: 59.66% 
Epoch: 407, Loss: 2.1529, Cls: 0.8610, Ind: 0.0000, Med: 0.4301, Spu: 0.0000, FD: 0.4311, FDAug: 0.4308, Var: 0.0000, Ctx: 6, MixCtx: 3, Train: 82.02%, Valid: 71.34%, Test In: 72.18% Test OOD1: 60.98% Test OOD2: 52.99% Test OOD3: 58.71% 
Epoch: 408, Loss: 2.1623, Cls: 0.8649, Ind: 0.0000, Med: 0.4330, Spu: 0.0000, FD: 0.4321, FDAug: 0.4323, Var: 0.0000, Ctx: 6, MixCtx: 3, Train: 82.42%, Valid: 73.08%, Test In: 73.61% Test OOD1: 65.45% Test OOD2: 53.17% Test OOD3: 60.84% 
Epoch: 409, Loss: 2.1434, Cls: 0.8573, Ind: 0.0000, Med: 0.4287, Spu: 0.0000, FD: 0.4288, FDAug: 0.4286, Var: 0.0000, Ctx: 6, MixCtx: 3, Train: 82.86%, Valid: 71.84%, Test In: 72.25% Test OOD1: 62.82% Test OOD2: 53.19% Test OOD3: 58.84% 
Epoch: 410, Loss: 2.1109, Cls: 0.8440, Ind: 0.0000, Med: 0.4217, Spu: 0.0000, FD: 0.4225, FDAug: 0.4227, Var: 0.0000, Ctx: 6, MixCtx: 3, Train: 82.06%, Valid: 70.43%, Test In: 71.23% Test OOD1: 60.67% Test OOD2: 53.32% Test OOD3: 57.91% 
Epoch: 411, Loss: 2.1434, Cls: 0.8574, Ind: 0.0000, Med: 0.4291, Spu: 0.0000, FD: 0.4285, FDAug: 0.4284, Var: 0.0000, Ctx: 6, MixCtx: 3, Train: 81.99%, Valid: 72.85%, Test In: 73.19% Test OOD1: 65.59% Test OOD2: 53.06% Test OOD3: 60.84% 
Epoch: 412, Loss: 2.1543, Cls: 0.8611, Ind: 0.0000, Med: 0.4299, Spu: 0.0000, FD: 0.4316, FDAug: 0.4317, Var: 0.0000, Ctx: 6, MixCtx: 3, Train: 82.98%, Valid: 72.50%, Test In: 73.56% Test OOD1: 64.44% Test OOD2: 53.39% Test OOD3: 60.67% 
Epoch: 413, Loss: 2.0971, Cls: 0.8389, Ind: 0.0000, Med: 0.4200, Spu: 0.0000, FD: 0.4191, FDAug: 0.4191, Var: 0.0000, Ctx: 6, MixCtx: 3, Train: 81.93%, Valid: 70.57%, Test In: 72.12% Test OOD1: 60.65% Test OOD2: 53.39% Test OOD3: 58.99% 
Epoch: 414, Loss: 2.1540, Cls: 0.8613, Ind: 0.0000, Med: 0.4305, Spu: 0.0000, FD: 0.4310, FDAug: 0.4311, Var: 0.0000, Ctx: 6, MixCtx: 3, Train: 82.94%, Valid: 72.35%, Test In: 73.48% Test OOD1: 63.99% Test OOD2: 53.45% Test OOD3: 60.65% 
Epoch: 415, Loss: 2.1005, Cls: 0.8402, Ind: 0.0000, Med: 0.4205, Spu: 0.0000, FD: 0.4199, FDAug: 0.4198, Var: 0.0000, Ctx: 6, MixCtx: 3, Train: 82.53%, Valid: 72.85%, Test In: 73.36% Test OOD1: 65.25% Test OOD2: 53.17% Test OOD3: 61.06% 
Epoch: 416, Loss: 2.1170, Cls: 0.8466, Ind: 0.0000, Med: 0.4234, Spu: 0.0000, FD: 0.4234, FDAug: 0.4235, Var: 0.0000, Ctx: 6, MixCtx: 3, Train: 83.31%, Valid: 71.78%, Test In: 72.49% Test OOD1: 63.39% Test OOD2: 53.19% Test OOD3: 60.10% 
Epoch: 417, Loss: 2.0816, Cls: 0.8326, Ind: 0.0000, Med: 0.4166, Spu: 0.0000, FD: 0.4161, FDAug: 0.4163, Var: 0.0000, Ctx: 6, MixCtx: 3, Train: 82.52%, Valid: 70.91%, Test In: 71.91% Test OOD1: 61.45% Test OOD2: 53.27% Test OOD3: 59.07% 
Epoch: 418, Loss: 2.1437, Cls: 0.8572, Ind: 0.0000, Med: 0.4280, Spu: 0.0000, FD: 0.4294, FDAug: 0.4291, Var: 0.0000, Ctx: 6, MixCtx: 3, Train: 82.25%, Valid: 72.54%, Test In: 72.59% Test OOD1: 63.83% Test OOD2: 52.63% Test OOD3: 59.38% 
Epoch: 419, Loss: 2.2165, Cls: 0.8868, Ind: 0.0000, Med: 0.4449, Spu: 0.0000, FD: 0.4421, FDAug: 0.4426, Var: 0.0000, Ctx: 6, MixCtx: 3, Train: 81.89%, Valid: 73.11%, Test In: 73.97% Test OOD1: 65.86% Test OOD2: 53.24% Test OOD3: 61.45% 
Epoch: 420, Loss: 2.2699, Cls: 0.9067, Ind: 0.0000, Med: 0.4503, Spu: 0.0000, FD: 0.4568, FDAug: 0.4561, Var: 0.0000, Ctx: 6, MixCtx: 3, Train: 81.89%, Valid: 69.64%, Test In: 71.18% Test OOD1: 60.53% Test OOD2: 53.03% Test OOD3: 59.00% 
Epoch: 421, Loss: 2.2080, Cls: 0.8837, Ind: 0.0000, Med: 0.4445, Spu: 0.0000, FD: 0.4396, FDAug: 0.4401, Var: 0.0000, Ctx: 6, MixCtx: 3, Train: 81.36%, Valid: 69.48%, Test In: 71.18% Test OOD1: 61.77% Test OOD2: 53.14% Test OOD3: 60.32% 
Epoch: 422, Loss: 2.1885, Cls: 0.8753, Ind: 0.0000, Med: 0.4381, Spu: 0.0000, FD: 0.4376, FDAug: 0.4375, Var: 0.0000, Ctx: 6, MixCtx: 3, Train: 82.43%, Valid: 71.81%, Test In: 72.93% Test OOD1: 64.94% Test OOD2: 53.30% Test OOD3: 61.43% 
Epoch: 423, Loss: 2.1613, Cls: 0.8642, Ind: 0.0000, Med: 0.4312, Spu: 0.0000, FD: 0.4332, FDAug: 0.4327, Var: 0.0000, Ctx: 6, MixCtx: 3, Train: 82.09%, Valid: 73.00%, Test In: 73.09% Test OOD1: 64.60% Test OOD2: 52.63% Test OOD3: 59.80% 
Epoch: 424, Loss: 2.1403, Cls: 0.8560, Ind: 0.0000, Med: 0.4282, Spu: 0.0000, FD: 0.4280, FDAug: 0.4281, Var: 0.0000, Ctx: 6, MixCtx: 3, Train: 82.02%, Valid: 72.74%, Test In: 73.08% Test OOD1: 62.84% Test OOD2: 52.76% Test OOD3: 58.52% 
Epoch: 425, Loss: 2.1424, Cls: 0.8568, Ind: 0.0000, Med: 0.4282, Spu: 0.0000, FD: 0.4287, FDAug: 0.4287, Var: 0.0000, Ctx: 6, MixCtx: 3, Train: 81.47%, Valid: 71.80%, Test In: 72.42% Test OOD1: 61.05% Test OOD2: 52.86% Test OOD3: 57.41% 
Epoch: 426, Loss: 2.1748, Cls: 0.8698, Ind: 0.0000, Med: 0.4347, Spu: 0.0000, FD: 0.4352, FDAug: 0.4351, Var: 0.0000, Ctx: 6, MixCtx: 3, Train: 83.26%, Valid: 72.12%, Test In: 72.80% Test OOD1: 62.50% Test OOD2: 53.00% Test OOD3: 58.42% 
Epoch: 427, Loss: 2.1138, Cls: 0.8448, Ind: 0.0000, Med: 0.4215, Spu: 0.0000, FD: 0.4236, FDAug: 0.4238, Var: 0.0000, Ctx: 6, MixCtx: 3, Train: 82.17%, Valid: 72.26%, Test In: 73.39% Test OOD1: 65.78% Test OOD2: 53.46% Test OOD3: 61.74% 
Epoch: 428, Loss: 2.1785, Cls: 0.8721, Ind: 0.0000, Med: 0.4390, Spu: 0.0000, FD: 0.4337, FDAug: 0.4337, Var: 0.0000, Ctx: 6, MixCtx: 3, Train: 83.02%, Valid: 71.55%, Test In: 72.70% Test OOD1: 64.52% Test OOD2: 53.51% Test OOD3: 60.61% 
Epoch: 429, Loss: 2.1231, Cls: 0.8485, Ind: 0.0000, Med: 0.4232, Spu: 0.0000, FD: 0.4257, FDAug: 0.4257, Var: 0.0000, Ctx: 6, MixCtx: 3, Train: 83.18%, Valid: 71.38%, Test In: 72.64% Test OOD1: 63.48% Test OOD2: 53.46% Test OOD3: 59.95% 
Epoch: 430, Loss: 2.1226, Cls: 0.8487, Ind: 0.0000, Med: 0.4240, Spu: 0.0000, FD: 0.4250, FDAug: 0.4249, Var: 0.0000, Ctx: 6, MixCtx: 3, Train: 83.14%, Valid: 71.92%, Test In: 73.02% Test OOD1: 63.81% Test OOD2: 53.52% Test OOD3: 60.19% 
Epoch: 431, Loss: 2.1479, Cls: 0.8594, Ind: 0.0000, Med: 0.4304, Spu: 0.0000, FD: 0.4291, FDAug: 0.4289, Var: 0.0000, Ctx: 6, MixCtx: 3, Train: 83.34%, Valid: 72.36%, Test In: 72.93% Test OOD1: 64.36% Test OOD2: 53.13% Test OOD3: 60.13% 
Epoch: 432, Loss: 2.0868, Cls: 0.8344, Ind: 0.0000, Med: 0.4169, Spu: 0.0000, FD: 0.4177, FDAug: 0.4178, Var: 0.0000, Ctx: 6, MixCtx: 3, Train: 83.23%, Valid: 72.41%, Test In: 72.94% Test OOD1: 64.46% Test OOD2: 53.00% Test OOD3: 60.17% 
Epoch: 433, Loss: 2.0940, Cls: 0.8373, Ind: 0.0000, Med: 0.4183, Spu: 0.0000, FD: 0.4191, FDAug: 0.4193, Var: 0.0000, Ctx: 6, MixCtx: 3, Train: 82.86%, Valid: 71.84%, Test In: 73.06% Test OOD1: 63.71% Test OOD2: 53.23% Test OOD3: 60.06% 
Epoch: 434, Loss: 2.1399, Cls: 0.8558, Ind: 0.0000, Med: 0.4276, Spu: 0.0000, FD: 0.4283, FDAug: 0.4282, Var: 0.0000, Ctx: 6, MixCtx: 3, Train: 83.30%, Valid: 71.14%, Test In: 72.01% Test OOD1: 61.55% Test OOD2: 53.02% Test OOD3: 58.05% 
Epoch: 435, Loss: 2.1775, Cls: 0.8713, Ind: 0.0000, Med: 0.4371, Spu: 0.0000, FD: 0.4344, FDAug: 0.4347, Var: 0.0000, Ctx: 6, MixCtx: 3, Train: 83.09%, Valid: 72.50%, Test In: 73.45% Test OOD1: 64.86% Test OOD2: 53.25% Test OOD3: 60.68% 
Epoch: 436, Loss: 2.1398, Cls: 0.8553, Ind: 0.0000, Med: 0.4264, Spu: 0.0000, FD: 0.4292, FDAug: 0.4289, Var: 0.0000, Ctx: 6, MixCtx: 3, Train: 83.69%, Valid: 71.89%, Test In: 72.76% Test OOD1: 63.78% Test OOD2: 53.05% Test OOD3: 59.97% 
Epoch: 437, Loss: 2.0679, Cls: 0.8271, Ind: 0.0000, Med: 0.4140, Spu: 0.0000, FD: 0.4134, FDAug: 0.4134, Var: 0.0000, Ctx: 6, MixCtx: 3, Train: 82.93%, Valid: 71.00%, Test In: 71.81% Test OOD1: 62.46% Test OOD2: 52.79% Test OOD3: 59.36% 
Epoch: 438, Loss: 2.1315, Cls: 0.8529, Ind: 0.0000, Med: 0.4281, Spu: 0.0000, FD: 0.4251, FDAug: 0.4254, Var: 0.0000, Ctx: 6, MixCtx: 3, Train: 83.59%, Valid: 71.76%, Test In: 72.89% Test OOD1: 63.81% Test OOD2: 53.17% Test OOD3: 60.29% 
Epoch: 439, Loss: 2.1252, Cls: 0.8494, Ind: 0.0000, Med: 0.4233, Spu: 0.0000, FD: 0.4264, FDAug: 0.4261, Var: 0.0000, Ctx: 6, MixCtx: 3, Train: 83.86%, Valid: 72.01%, Test In: 72.83% Test OOD1: 63.57% Test OOD2: 53.01% Test OOD3: 59.34% 
Epoch: 440, Loss: 2.0571, Cls: 0.8228, Ind: 0.0000, Med: 0.4119, Spu: 0.0000, FD: 0.4112, FDAug: 0.4112, Var: 0.0000, Ctx: 6, MixCtx: 3, Train: 83.90%, Valid: 71.76%, Test In: 72.44% Test OOD1: 62.57% Test OOD2: 52.85% Test OOD3: 58.40% 
Epoch: 441, Loss: 2.0899, Cls: 0.8360, Ind: 0.0000, Med: 0.4187, Spu: 0.0000, FD: 0.4174, FDAug: 0.4178, Var: 0.0000, Ctx: 6, MixCtx: 3, Train: 83.23%, Valid: 71.90%, Test In: 73.15% Test OOD1: 63.69% Test OOD2: 53.11% Test OOD3: 59.84% 
Epoch: 442, Loss: 2.1863, Cls: 0.8744, Ind: 0.0000, Med: 0.4369, Spu: 0.0000, FD: 0.4376, FDAug: 0.4373, Var: 0.0000, Ctx: 6, MixCtx: 3, Train: 83.22%, Valid: 70.51%, Test In: 71.12% Test OOD1: 60.59% Test OOD2: 52.30% Test OOD3: 57.34% 
Epoch: 443, Loss: 2.2563, Cls: 0.9019, Ind: 0.0000, Med: 0.4502, Spu: 0.0000, FD: 0.4519, FDAug: 0.4523, Var: 0.0000, Ctx: 6, MixCtx: 3, Train: 83.21%, Valid: 71.96%, Test In: 73.18% Test OOD1: 64.62% Test OOD2: 53.15% Test OOD3: 60.93% 
Epoch: 444, Loss: 2.2407, Cls: 0.8967, Ind: 0.0000, Med: 0.4490, Spu: 0.0000, FD: 0.4478, FDAug: 0.4472, Var: 0.0000, Ctx: 6, MixCtx: 3, Train: 83.46%, Valid: 71.18%, Test In: 72.41% Test OOD1: 63.32% Test OOD2: 53.08% Test OOD3: 60.04% 
Epoch: 445, Loss: 2.1068, Cls: 0.8426, Ind: 0.0000, Med: 0.4213, Spu: 0.0000, FD: 0.4215, FDAug: 0.4214, Var: 0.0000, Ctx: 6, MixCtx: 3, Train: 83.01%, Valid: 70.10%, Test In: 71.24% Test OOD1: 61.75% Test OOD2: 52.62% Test OOD3: 58.88% 
Epoch: 446, Loss: 2.2387, Cls: 0.8952, Ind: 0.0000, Med: 0.4477, Spu: 0.0000, FD: 0.4476, FDAug: 0.4481, Var: 0.0000, Ctx: 6, MixCtx: 3, Train: 83.68%, Valid: 71.53%, Test In: 72.58% Test OOD1: 63.81% Test OOD2: 52.97% Test OOD3: 60.37% 
Epoch: 447, Loss: 2.0887, Cls: 0.8355, Ind: 0.0000, Med: 0.4178, Spu: 0.0000, FD: 0.4178, FDAug: 0.4176, Var: 0.0000, Ctx: 6, MixCtx: 3, Train: 83.49%, Valid: 72.32%, Test In: 73.16% Test OOD1: 64.89% Test OOD2: 52.89% Test OOD3: 60.74% 
Epoch: 448, Loss: 2.1564, Cls: 0.8629, Ind: 0.0000, Med: 0.4319, Spu: 0.0000, FD: 0.4311, FDAug: 0.4306, Var: 0.0000, Ctx: 6, MixCtx: 3, Train: 83.68%, Valid: 71.35%, Test In: 71.79% Test OOD1: 61.95% Test OOD2: 52.44% Test OOD3: 57.75% 
Epoch: 449, Loss: 2.1438, Cls: 0.8572, Ind: 0.0000, Med: 0.4284, Spu: 0.0000, FD: 0.4289, FDAug: 0.4292, Var: 0.0000, Ctx: 6, MixCtx: 3, Train: 83.33%, Valid: 71.64%, Test In: 72.44% Test OOD1: 62.53% Test OOD2: 52.94% Test OOD3: 58.29% 
Epoch: 450, Loss: 2.0766, Cls: 0.8305, Ind: 0.0000, Med: 0.4152, Spu: 0.0000, FD: 0.4154, FDAug: 0.4154, Var: 0.0000, Ctx: 6, MixCtx: 3, Train: 83.23%, Valid: 71.93%, Test In: 73.03% Test OOD1: 63.81% Test OOD2: 53.08% Test OOD3: 59.53% 
Epoch: 451, Loss: 2.1073, Cls: 0.8428, Ind: 0.0000, Med: 0.4213, Spu: 0.0000, FD: 0.4217, FDAug: 0.4216, Var: 0.0000, Ctx: 6, MixCtx: 3, Train: 83.97%, Valid: 71.60%, Test In: 72.40% Test OOD1: 63.19% Test OOD2: 52.81% Test OOD3: 59.07% 
Epoch: 452, Loss: 2.1016, Cls: 0.8402, Ind: 0.0000, Med: 0.4195, Spu: 0.0000, FD: 0.4208, FDAug: 0.4211, Var: 0.0000, Ctx: 6, MixCtx: 3, Train: 83.77%, Valid: 71.70%, Test In: 72.78% Test OOD1: 63.82% Test OOD2: 53.00% Test OOD3: 60.16% 
Epoch: 453, Loss: 2.0566, Cls: 0.8226, Ind: 0.0000, Med: 0.4115, Spu: 0.0000, FD: 0.4112, FDAug: 0.4112, Var: 0.0000, Ctx: 6, MixCtx: 3, Train: 83.94%, Valid: 71.75%, Test In: 72.93% Test OOD1: 63.65% Test OOD2: 53.10% Test OOD3: 59.96% 
Epoch: 454, Loss: 2.0807, Cls: 0.8325, Ind: 0.0000, Med: 0.4167, Spu: 0.0000, FD: 0.4159, FDAug: 0.4156, Var: 0.0000, Ctx: 6, MixCtx: 3, Train: 84.03%, Valid: 71.29%, Test In: 72.25% Test OOD1: 62.51% Test OOD2: 52.94% Test OOD3: 58.67% 
Epoch: 455, Loss: 2.0688, Cls: 0.8273, Ind: 0.0000, Med: 0.4135, Spu: 0.0000, FD: 0.4139, FDAug: 0.4141, Var: 0.0000, Ctx: 6, MixCtx: 3, Train: 84.21%, Valid: 71.33%, Test In: 72.16% Test OOD1: 62.69% Test OOD2: 52.86% Test OOD3: 58.72% 
Epoch: 456, Loss: 2.0474, Cls: 0.8187, Ind: 0.0000, Med: 0.4093, Spu: 0.0000, FD: 0.4096, FDAug: 0.4097, Var: 0.0000, Ctx: 6, MixCtx: 3, Train: 84.13%, Valid: 71.50%, Test In: 72.54% Test OOD1: 63.31% Test OOD2: 52.94% Test OOD3: 59.58% 
Epoch: 457, Loss: 2.0674, Cls: 0.8271, Ind: 0.0000, Med: 0.4140, Spu: 0.0000, FD: 0.4132, FDAug: 0.4131, Var: 0.0000, Ctx: 6, MixCtx: 3, Train: 84.17%, Valid: 71.24%, Test In: 71.99% Test OOD1: 62.24% Test OOD2: 52.61% Test OOD3: 58.49% 
Epoch: 458, Loss: 2.0510, Cls: 0.8200, Ind: 0.0000, Med: 0.4097, Spu: 0.0000, FD: 0.4106, FDAug: 0.4108, Var: 0.0000, Ctx: 6, MixCtx: 3, Train: 84.30%, Valid: 71.51%, Test In: 72.40% Test OOD1: 62.33% Test OOD2: 52.76% Test OOD3: 58.46% 
Epoch: 459, Loss: 2.0260, Cls: 0.8103, Ind: 0.0000, Med: 0.4051, Spu: 0.0000, FD: 0.4053, FDAug: 0.4053, Var: 0.0000, Ctx: 6, MixCtx: 3, Train: 84.31%, Valid: 71.23%, Test In: 72.29% Test OOD1: 62.04% Test OOD2: 52.76% Test OOD3: 58.43% 
Epoch: 460, Loss: 2.0267, Cls: 0.8105, Ind: 0.0000, Med: 0.4053, Spu: 0.0000, FD: 0.4054, FDAug: 0.4054, Var: 0.0000, Ctx: 6, MixCtx: 3, Train: 84.46%, Valid: 70.92%, Test In: 71.90% Test OOD1: 62.12% Test OOD2: 52.63% Test OOD3: 58.69% 
Epoch: 461, Loss: 2.0284, Cls: 0.8113, Ind: 0.0000, Med: 0.4061, Spu: 0.0000, FD: 0.4054, FDAug: 0.4055, Var: 0.0000, Ctx: 6, MixCtx: 3, Train: 84.41%, Valid: 71.17%, Test In: 72.15% Test OOD1: 63.04% Test OOD2: 52.69% Test OOD3: 59.45% 
Epoch: 462, Loss: 2.0304, Cls: 0.8121, Ind: 0.0000, Med: 0.4061, Spu: 0.0000, FD: 0.4062, FDAug: 0.4060, Var: 0.0000, Ctx: 6, MixCtx: 3, Train: 84.51%, Valid: 70.82%, Test In: 71.63% Test OOD1: 61.60% Test OOD2: 52.52% Test OOD3: 57.73% 
Epoch: 463, Loss: 2.0143, Cls: 0.8056, Ind: 0.0000, Med: 0.4030, Spu: 0.0000, FD: 0.4028, FDAug: 0.4028, Var: 0.0000, Ctx: 6, MixCtx: 3, Train: 84.51%, Valid: 70.75%, Test In: 71.58% Test OOD1: 61.22% Test OOD2: 52.58% Test OOD3: 57.33% 
Epoch: 464, Loss: 2.0125, Cls: 0.8049, Ind: 0.0000, Med: 0.4025, Spu: 0.0000, FD: 0.4025, FDAug: 0.4026, Var: 0.0000, Ctx: 6, MixCtx: 3, Train: 84.70%, Valid: 71.02%, Test In: 72.00% Test OOD1: 62.19% Test OOD2: 52.55% Test OOD3: 58.31% 
Epoch: 465, Loss: 2.0071, Cls: 0.8027, Ind: 0.0000, Med: 0.4014, Spu: 0.0000, FD: 0.4015, FDAug: 0.4014, Var: 0.0000, Ctx: 6, MixCtx: 3, Train: 84.73%, Valid: 70.80%, Test In: 71.76% Test OOD1: 61.66% Test OOD2: 52.42% Test OOD3: 57.98% 
Epoch: 466, Loss: 2.0125, Cls: 0.8048, Ind: 0.0000, Med: 0.4026, Spu: 0.0000, FD: 0.4024, FDAug: 0.4026, Var: 0.0000, Ctx: 6, MixCtx: 3, Train: 84.64%, Valid: 71.20%, Test In: 72.24% Test OOD1: 62.17% Test OOD2: 52.53% Test OOD3: 58.21% 
Epoch: 467, Loss: 2.0190, Cls: 0.8075, Ind: 0.0000, Med: 0.4037, Spu: 0.0000, FD: 0.4040, FDAug: 0.4038, Var: 0.0000, Ctx: 6, MixCtx: 3, Train: 84.73%, Valid: 70.37%, Test In: 71.20% Test OOD1: 60.96% Test OOD2: 52.22% Test OOD3: 57.19% 
Epoch: 468, Loss: 2.0282, Cls: 0.8110, Ind: 0.0000, Med: 0.4056, Spu: 0.0000, FD: 0.4057, FDAug: 0.4059, Var: 0.0000, Ctx: 6, MixCtx: 3, Train: 84.83%, Valid: 70.52%, Test In: 71.67% Test OOD1: 62.35% Test OOD2: 52.57% Test OOD3: 58.90% 
Epoch: 469, Loss: 2.0432, Cls: 0.8174, Ind: 0.0000, Med: 0.4093, Spu: 0.0000, FD: 0.4083, FDAug: 0.4081, Var: 0.0000, Ctx: 6, MixCtx: 3, Train: 84.39%, Valid: 70.59%, Test In: 71.22% Test OOD1: 61.77% Test OOD2: 52.07% Test OOD3: 57.74% 
Epoch: 470, Loss: 2.0436, Cls: 0.8169, Ind: 0.0000, Med: 0.4079, Spu: 0.0000, FD: 0.4093, FDAug: 0.4095, Var: 0.0000, Ctx: 6, MixCtx: 3, Train: 84.38%, Valid: 69.96%, Test In: 71.30% Test OOD1: 60.34% Test OOD2: 52.52% Test OOD3: 57.29% 
Epoch: 471, Loss: 2.0570, Cls: 0.8229, Ind: 0.0000, Med: 0.4118, Spu: 0.0000, FD: 0.4113, FDAug: 0.4110, Var: 0.0000, Ctx: 6, MixCtx: 3, Train: 84.49%, Valid: 71.30%, Test In: 71.97% Test OOD1: 62.77% Test OOD2: 52.26% Test OOD3: 58.33% 
Epoch: 472, Loss: 2.0474, Cls: 0.8186, Ind: 0.0000, Med: 0.4089, Spu: 0.0000, FD: 0.4098, FDAug: 0.4101, Var: 0.0000, Ctx: 6, MixCtx: 3, Train: 84.45%, Valid: 71.17%, Test In: 72.26% Test OOD1: 63.09% Test OOD2: 52.55% Test OOD3: 59.30% 
Epoch: 473, Loss: 2.0274, Cls: 0.8110, Ind: 0.0000, Med: 0.4060, Spu: 0.0000, FD: 0.4052, FDAug: 0.4051, Var: 0.0000, Ctx: 6, MixCtx: 3, Train: 84.64%, Valid: 69.88%, Test In: 71.00% Test OOD1: 59.67% Test OOD2: 52.21% Test OOD3: 56.79% 
Epoch: 474, Loss: 2.0104, Cls: 0.8041, Ind: 0.0000, Med: 0.4023, Spu: 0.0000, FD: 0.4020, FDAug: 0.4020, Var: 0.0000, Ctx: 6, MixCtx: 3, Train: 84.55%, Valid: 71.36%, Test In: 71.85% Test OOD1: 62.15% Test OOD2: 52.25% Test OOD3: 57.56% 
Epoch: 475, Loss: 2.0107, Cls: 0.8041, Ind: 0.0000, Med: 0.4019, Spu: 0.0000, FD: 0.4024, FDAug: 0.4024, Var: 0.0000, Ctx: 6, MixCtx: 3, Train: 85.06%, Valid: 70.65%, Test In: 71.47% Test OOD1: 61.94% Test OOD2: 52.38% Test OOD3: 57.70% 
Epoch: 476, Loss: 1.9868, Cls: 0.7946, Ind: 0.0000, Med: 0.3974, Spu: 0.0000, FD: 0.3974, FDAug: 0.3974, Var: 0.0000, Ctx: 6, MixCtx: 3, Train: 84.57%, Valid: 69.66%, Test In: 70.78% Test OOD1: 60.86% Test OOD2: 52.42% Test OOD3: 57.68% 
Epoch: 477, Loss: 2.0096, Cls: 0.8037, Ind: 0.0000, Med: 0.4020, Spu: 0.0000, FD: 0.4019, FDAug: 0.4020, Var: 0.0000, Ctx: 6, MixCtx: 3, Train: 84.65%, Valid: 71.54%, Test In: 72.19% Test OOD1: 63.20% Test OOD2: 52.33% Test OOD3: 58.54% 
Epoch: 478, Loss: 2.0058, Cls: 0.8021, Ind: 0.0000, Med: 0.4010, Spu: 0.0000, FD: 0.4013, FDAug: 0.4014, Var: 0.0000, Ctx: 6, MixCtx: 3, Train: 85.01%, Valid: 70.68%, Test In: 71.79% Test OOD1: 61.38% Test OOD2: 52.31% Test OOD3: 57.64% 
Epoch: 479, Loss: 1.9861, Cls: 0.7944, Ind: 0.0000, Med: 0.3974, Spu: 0.0000, FD: 0.3971, FDAug: 0.3972, Var: 0.0000, Ctx: 6, MixCtx: 3, Train: 84.95%, Valid: 69.92%, Test In: 71.08% Test OOD1: 60.43% Test OOD2: 52.23% Test OOD3: 57.51% 
Epoch: 480, Loss: 1.9901, Cls: 0.7960, Ind: 0.0000, Med: 0.3983, Spu: 0.0000, FD: 0.3979, FDAug: 0.3980, Var: 0.0000, Ctx: 6, MixCtx: 3, Train: 84.70%, Valid: 71.40%, Test In: 72.05% Test OOD1: 63.52% Test OOD2: 52.38% Test OOD3: 58.92% 
Epoch: 481, Loss: 2.0068, Cls: 0.8026, Ind: 0.0000, Med: 0.4013, Spu: 0.0000, FD: 0.4015, FDAug: 0.4015, Var: 0.0000, Ctx: 6, MixCtx: 3, Train: 85.24%, Valid: 69.53%, Test In: 70.59% Test OOD1: 60.46% Test OOD2: 52.24% Test OOD3: 56.89% 
Epoch: 482, Loss: 1.9776, Cls: 0.7909, Ind: 0.0000, Med: 0.3957, Spu: 0.0000, FD: 0.3954, FDAug: 0.3955, Var: 0.0000, Ctx: 6, MixCtx: 3, Train: 85.28%, Valid: 69.97%, Test In: 71.15% Test OOD1: 61.06% Test OOD2: 52.34% Test OOD3: 57.32% 
Epoch: 483, Loss: 1.9801, Cls: 0.7919, Ind: 0.0000, Med: 0.3959, Spu: 0.0000, FD: 0.3963, FDAug: 0.3961, Var: 0.0000, Ctx: 6, MixCtx: 3, Train: 84.66%, Valid: 71.26%, Test In: 71.78% Test OOD1: 63.07% Test OOD2: 52.05% Test OOD3: 58.06% 
Epoch: 484, Loss: 2.0354, Cls: 0.8139, Ind: 0.0000, Med: 0.4071, Spu: 0.0000, FD: 0.4070, FDAug: 0.4074, Var: 0.0000, Ctx: 6, MixCtx: 3, Train: 84.72%, Valid: 70.12%, Test In: 71.76% Test OOD1: 61.65% Test OOD2: 52.46% Test OOD3: 58.56% 
Epoch: 485, Loss: 2.0867, Cls: 0.8344, Ind: 0.0000, Med: 0.4163, Spu: 0.0000, FD: 0.4183, FDAug: 0.4177, Var: 0.0000, Ctx: 6, MixCtx: 3, Train: 83.98%, Valid: 69.06%, Test In: 70.04% Test OOD1: 58.66% Test OOD2: 51.35% Test OOD3: 55.00% 
Epoch: 486, Loss: 2.2151, Cls: 0.8869, Ind: 0.0000, Med: 0.4470, Spu: 0.0000, FD: 0.4403, FDAug: 0.4409, Var: 0.0000, Ctx: 6, MixCtx: 3, Train: 82.89%, Valid: 71.45%, Test In: 72.74% Test OOD1: 63.79% Test OOD2: 52.89% Test OOD3: 59.47% 
Epoch: 487, Loss: 2.3294, Cls: 0.9302, Ind: 0.0000, Med: 0.4607, Spu: 0.0000, FD: 0.4699, FDAug: 0.4687, Var: 0.0000, Ctx: 6, MixCtx: 3, Train: 84.54%, Valid: 69.16%, Test In: 70.83% Test OOD1: 61.72% Test OOD2: 52.64% Test OOD3: 58.29% 
Epoch: 488, Loss: 2.0484, Cls: 0.8189, Ind: 0.0000, Med: 0.4087, Spu: 0.0000, FD: 0.4106, FDAug: 0.4103, Var: 0.0000, Ctx: 6, MixCtx: 3, Train: 82.66%, Valid: 68.11%, Test In: 69.55% Test OOD1: 60.44% Test OOD2: 52.05% Test OOD3: 57.52% 
Epoch: 489, Loss: 2.2310, Cls: 0.8930, Ind: 0.0000, Med: 0.4494, Spu: 0.0000, FD: 0.4439, FDAug: 0.4446, Var: 0.0000, Ctx: 6, MixCtx: 3, Train: 83.75%, Valid: 70.30%, Test In: 71.97% Test OOD1: 63.09% Test OOD2: 52.66% Test OOD3: 59.99% 
Epoch: 490, Loss: 2.1441, Cls: 0.8570, Ind: 0.0000, Med: 0.4267, Spu: 0.0000, FD: 0.4305, FDAug: 0.4299, Var: 0.0000, Ctx: 6, MixCtx: 3, Train: 83.05%, Valid: 72.14%, Test In: 73.01% Test OOD1: 64.67% Test OOD2: 52.41% Test OOD3: 59.66% 
Epoch: 491, Loss: 2.0968, Cls: 0.8384, Ind: 0.0000, Med: 0.4186, Spu: 0.0000, FD: 0.4199, FDAug: 0.4198, Var: 0.0000, Ctx: 6, MixCtx: 3, Train: 83.22%, Valid: 71.82%, Test In: 72.37% Test OOD1: 62.89% Test OOD2: 52.05% Test OOD3: 57.70% 
Epoch: 492, Loss: 2.1717, Cls: 0.8686, Ind: 0.0000, Med: 0.4347, Spu: 0.0000, FD: 0.4340, FDAug: 0.4344, Var: 0.0000, Ctx: 6, MixCtx: 3, Train: 83.78%, Valid: 71.59%, Test In: 72.57% Test OOD1: 62.52% Test OOD2: 52.32% Test OOD3: 57.68% 
Epoch: 493, Loss: 2.0564, Cls: 0.8223, Ind: 0.0000, Med: 0.4109, Spu: 0.0000, FD: 0.4116, FDAug: 0.4115, Var: 0.0000, Ctx: 6, MixCtx: 3, Train: 83.91%, Valid: 71.54%, Test In: 72.70% Test OOD1: 63.21% Test OOD2: 52.56% Test OOD3: 58.88% 
Epoch: 494, Loss: 2.0608, Cls: 0.8244, Ind: 0.0000, Med: 0.4127, Spu: 0.0000, FD: 0.4119, FDAug: 0.4118, Var: 0.0000, Ctx: 6, MixCtx: 3, Train: 82.94%, Valid: 70.98%, Test In: 72.09% Test OOD1: 63.67% Test OOD2: 52.72% Test OOD3: 59.49% 
Epoch: 495, Loss: 2.1130, Cls: 0.8443, Ind: 0.0000, Med: 0.4210, Spu: 0.0000, FD: 0.4237, FDAug: 0.4239, Var: 0.0000, Ctx: 6, MixCtx: 3, Train: 83.78%, Valid: 70.83%, Test In: 72.19% Test OOD1: 63.35% Test OOD2: 53.04% Test OOD3: 59.78% 
Epoch: 496, Loss: 2.0640, Cls: 0.8254, Ind: 0.0000, Med: 0.4130, Spu: 0.0000, FD: 0.4128, FDAug: 0.4128, Var: 0.0000, Ctx: 6, MixCtx: 3, Train: 84.27%, Valid: 70.53%, Test In: 72.17% Test OOD1: 62.46% Test OOD2: 52.93% Test OOD3: 59.07% 
Epoch: 497, Loss: 2.0671, Cls: 0.8271, Ind: 0.0000, Med: 0.4145, Spu: 0.0000, FD: 0.4129, FDAug: 0.4127, Var: 0.0000, Ctx: 6, MixCtx: 3, Train: 84.84%, Valid: 70.91%, Test In: 72.36% Test OOD1: 62.21% Test OOD2: 52.70% Test OOD3: 58.39% 
Epoch: 498, Loss: 2.0321, Cls: 0.8126, Ind: 0.0000, Med: 0.4060, Spu: 0.0000, FD: 0.4067, FDAug: 0.4067, Var: 0.0000, Ctx: 6, MixCtx: 3, Train: 84.58%, Valid: 71.90%, Test In: 72.61% Test OOD1: 63.15% Test OOD2: 52.39% Test OOD3: 58.59% 
Epoch: 499, Loss: 2.0278, Cls: 0.8105, Ind: 0.0000, Med: 0.4045, Spu: 0.0000, FD: 0.4063, FDAug: 0.4065, Var: 0.0000, Ctx: 6, MixCtx: 3, Train: 84.26%, Valid: 72.05%, Test In: 72.79% Test OOD1: 64.03% Test OOD2: 52.47% Test OOD3: 59.21% 
Run 02:
Highest Train: 85.28
Highest Valid: 73.68
Highest In Test: 74.96
Highest OOD Test: 68.35
Highest OOD Test: 55.02
Highest OOD Test: 64.45
Chosen epoch: 280
Final Train: 79.02
Final In Test: 74.77
Final OOD Test: 67.06
Final OOD Test: 54.55
Final OOD Test: 63.64
All runs:
Highest Train: 86.73 ± 2.05
Highest Valid: 73.61 ± 0.09
Highest In Test: 75.00 ± 0.05
Highest OOD Test: 68.19 ± 0.23
Highest OOD Test: 54.93 ± 0.13
Highest OOD Test: 64.47 ± 0.03
  Final Train: 78.72 ± 0.42
   Final In  Test: 74.89 ± 0.17
   Final OOD Test: 67.29 ± 0.34
   Final OOD Test: 54.46 ± 0.13
   Final OOD Test: 63.94 ± 0.41
[INFO] TensorBoard writer closed.

Command: python main_frontdoor.py --dataset twitch --backbone_type gcn --store_result --epochs 500 --runs 2 --num_layers 2 --device 1 --seed 2024 --lr 0.01 --weight_decay 0.0001 --dropout 0.0 --hidden_channels 32 --K 3 --lambda_fd 0.5 --lambda_spu 0.1 --lambda_ind 0.1 --context_gate_temp 1.0 --fd_blend 0.5 --pos_weight 3.0 --result_name twitch_gcn_frontdoor_stage2_lr0.01_weight_decay0.0001_dropout0.0_hidden_channels32_K3_lambda_fd0.5_lambda_spu0.1_lambda_ind0.1_context_gate_temp1.0_fd_blend0.5_pos_weight3.0
Return code: 0
Elapsed: 167.83s
