Namespace(K=3, backbone_type='gcn', combine_result=False, context_gate_temp=0.5, cpu=False, data_dir='./data/', dataset='twitch', device=1, display_step=1, dropout=0.0, env_type='node', epochs=500, expert_agg='mean', fd_blend=0.5, gamma=0.99, gate_hidden=64, hidden_channels=32, infer_env=False, infer_env_components=64, infer_env_iters=30, infer_env_num=3, lambda_fd=1.0, lambda_fd_aug=0.5, lambda_ind=0.05, lambda_med=0.5, lambda_spu=0.05, lambda_var=0.05, lamda=1.0, lr=0.01, num_layers=2, other_env_reduce='sample', pos_weight=7.0, proto_aug_k=3, proto_mix_alpha=1.0, result_name='twitch_gcn_frontdoor_stage2_lr0.01_weight_decay0.0001_dropout0.0_hidden_channels32_K3_lambda_fd1.0_lambda_spu0.05_lambda_ind0.05_context_gate_temp0.5_fd_blend0.5_pos_weight7.0', runs=2, seed=2024, store_result=True, tau=1, use_bn=False, variant=False, weight_decay=0.0001)
dataset twitch: all nodes 34120 | edges 892346 | classes 2 | feats 128
train nodes 7897 | valid nodes 3949 | test in nodes 3949
test ood1 nodes 4648 test ood2 nodes 6551 test ood3 nodes 7126 
[INFO] env numbers: 6 train env numbers: 3
MODEL: GraphFrontDoor(
  (act_fn): ReLU()
  (input_proj): Linear(in_features=128, out_features=32, bias=True)
  (backbone_layers): ModuleList(
    (0): FrontDoorBackboneLayer()
    (1): FrontDoorBackboneLayer()
  )
  (causal_adapter): Linear(in_features=32, out_features=32, bias=True)
  (spurious_adapter): Linear(in_features=32, out_features=32, bias=True)
  (causal_norm): LayerNorm((32,), eps=1e-05, elementwise_affine=True)
  (spurious_norm): LayerNorm((32,), eps=1e-05, elementwise_affine=True)
  (classifier): Linear(in_features=32, out_features=2, bias=True)
  (spurious_classifier): Linear(in_features=32, out_features=2, bias=True)
  (fd_classifier): Linear(in_features=32, out_features=2, bias=True)
  (query_proj): Linear(in_features=32, out_features=32, bias=True)
  (key_proj): Linear(in_features=32, out_features=32, bias=True)
  (value_proj): Linear(in_features=32, out_features=32, bias=True)
  (aug_norm): LayerNorm((32,), eps=1e-05, elementwise_affine=True)
)
[INFO] TensorBoard logging activated. Logs will be saved to: ./runs/twitch/frontdoor/twitch_gcn_frontdoor_stage2_lr0.01_weight_decay0.0001_dropout0.0_hidden_channels32_K3_lambda_fd1.0_lambda_spu0.05_lambda_ind0.05_context_gate_temp0.5_fd_blend0.5_pos_weight7.0
Epoch: 00, Loss: 7.1473, Cls: 2.2532, Ind: 0.0006, Med: 0.9998, Spu: 0.0057, FD: 2.5943, FDAug: 1.2937, Var: 0.0000, Ctx: 6, MixCtx: 3, Train: 42.96%, Valid: 43.06%, Test In: 44.11% Test OOD1: 39.53% Test OOD2: 48.99% Test OOD3: 42.95% 
Epoch: 01, Loss: 4.6810, Cls: 1.5689, Ind: 0.0005, Med: 0.8170, Spu: 0.0016, FD: 1.5270, FDAug: 0.7660, Var: 0.0000, Ctx: 6, MixCtx: 3, Train: 42.85%, Valid: 42.76%, Test In: 43.84% Test OOD1: 39.41% Test OOD2: 49.06% Test OOD3: 42.89% 
Epoch: 02, Loss: 4.6136, Cls: 1.5107, Ind: 0.0007, Med: 0.7717, Spu: 0.0015, FD: 1.5548, FDAug: 0.7741, Var: 0.0000, Ctx: 6, MixCtx: 3, Train: 42.39%, Valid: 42.46%, Test In: 43.40% Test OOD1: 38.99% Test OOD2: 48.85% Test OOD3: 42.52% 
Epoch: 03, Loss: 4.6560, Cls: 1.5233, Ind: 0.0005, Med: 0.7560, Spu: 0.0003, FD: 1.5870, FDAug: 0.7889, Var: 0.0000, Ctx: 6, MixCtx: 3, Train: 42.40%, Valid: 42.46%, Test In: 43.38% Test OOD1: 38.93% Test OOD2: 48.78% Test OOD3: 42.50% 
Epoch: 04, Loss: 4.6423, Cls: 1.5291, Ind: 0.0002, Med: 0.7547, Spu: 0.0015, FD: 1.5739, FDAug: 0.7828, Var: 0.0000, Ctx: 6, MixCtx: 3, Train: 42.96%, Valid: 42.65%, Test In: 43.91% Test OOD1: 39.27% Test OOD2: 48.62% Test OOD3: 42.97% 
Epoch: 05, Loss: 4.5912, Cls: 1.5236, Ind: 0.0001, Med: 0.7566, Spu: 0.0005, FD: 1.5419, FDAug: 0.7684, Var: 0.0000, Ctx: 6, MixCtx: 3, Train: 44.12%, Valid: 43.07%, Test In: 44.80% Test OOD1: 39.77% Test OOD2: 48.47% Test OOD3: 43.45% 
Epoch: 06, Loss: 4.5414, Cls: 1.5133, Ind: 0.0001, Med: 0.7567, Spu: 0.0001, FD: 1.5148, FDAug: 0.7565, Var: 0.0000, Ctx: 6, MixCtx: 3, Train: 47.03%, Valid: 44.89%, Test In: 47.26% Test OOD1: 42.31% Test OOD2: 48.25% Test OOD3: 45.48% 
Epoch: 07, Loss: 4.5209, Cls: 1.5064, Ind: 0.0001, Med: 0.7552, Spu: 0.0009, FD: 1.5055, FDAug: 0.7528, Var: 0.0000, Ctx: 6, MixCtx: 3, Train: 55.82%, Valid: 53.81%, Test In: 55.46% Test OOD1: 55.37% Test OOD2: 48.63% Test OOD3: 53.18% 
Epoch: 08, Loss: 4.5335, Cls: 1.5067, Ind: 0.0001, Med: 0.7535, Spu: 0.0007, FD: 1.5148, FDAug: 0.7577, Var: 0.0000, Ctx: 6, MixCtx: 3, Train: 57.99%, Valid: 56.55%, Test In: 57.23% Test OOD1: 59.44% Test OOD2: 49.66% Test OOD3: 56.13% 
Epoch: 09, Loss: 4.5543, Cls: 1.5105, Ind: 0.0001, Med: 0.7529, Spu: 0.0001, FD: 1.5270, FDAug: 0.7638, Var: 0.0000, Ctx: 6, MixCtx: 3, Train: 58.20%, Valid: 57.10%, Test In: 57.34% Test OOD1: 60.24% Test OOD2: 50.05% Test OOD3: 56.76% 
Epoch: 10, Loss: 4.5583, Cls: 1.5114, Ind: 0.0001, Med: 0.7527, Spu: 0.0001, FD: 1.5291, FDAug: 0.7649, Var: 0.0000, Ctx: 6, MixCtx: 3, Train: 58.18%, Valid: 57.27%, Test In: 57.27% Test OOD1: 60.51% Test OOD2: 50.25% Test OOD3: 56.95% 
Epoch: 11, Loss: 4.5459, Cls: 1.5092, Ind: 0.0001, Med: 0.7525, Spu: 0.0004, FD: 1.5222, FDAug: 0.7615, Var: 0.0000, Ctx: 6, MixCtx: 3, Train: 58.17%, Valid: 57.40%, Test In: 57.23% Test OOD1: 60.70% Test OOD2: 50.43% Test OOD3: 57.07% 
Epoch: 12, Loss: 4.5292, Cls: 1.5062, Ind: 0.0002, Med: 0.7525, Spu: 0.0004, FD: 1.5131, FDAug: 0.7568, Var: 0.0000, Ctx: 6, MixCtx: 3, Train: 58.14%, Valid: 57.54%, Test In: 57.21% Test OOD1: 60.82% Test OOD2: 50.55% Test OOD3: 57.16% 
Epoch: 13, Loss: 4.5189, Cls: 1.5048, Ind: 0.0002, Med: 0.7527, Spu: 0.0001, FD: 1.5072, FDAug: 0.7538, Var: 0.0000, Ctx: 6, MixCtx: 3, Train: 58.07%, Valid: 57.63%, Test In: 57.14% Test OOD1: 60.92% Test OOD2: 50.62% Test OOD3: 57.18% 
Epoch: 14, Loss: 4.5175, Cls: 1.5053, Ind: 0.0002, Med: 0.7529, Spu: 0.0000, FD: 1.5060, FDAug: 0.7531, Var: 0.0000, Ctx: 6, MixCtx: 3, Train: 58.04%, Valid: 57.68%, Test In: 57.11% Test OOD1: 60.97% Test OOD2: 50.68% Test OOD3: 57.19% 
Epoch: 15, Loss: 4.5209, Cls: 1.5062, Ind: 0.0002, Med: 0.7528, Spu: 0.0001, FD: 1.5076, FDAug: 0.7539, Var: 0.0000, Ctx: 6, MixCtx: 3, Train: 58.02%, Valid: 57.71%, Test In: 57.09% Test OOD1: 61.00% Test OOD2: 50.72% Test OOD3: 57.20% 
Epoch: 16, Loss: 4.5232, Cls: 1.5064, Ind: 0.0001, Med: 0.7524, Spu: 0.0002, FD: 1.5094, FDAug: 0.7548, Var: 0.0000, Ctx: 6, MixCtx: 3, Train: 58.01%, Valid: 57.72%, Test In: 57.07% Test OOD1: 61.00% Test OOD2: 50.75% Test OOD3: 57.20% 
Epoch: 17, Loss: 4.5223, Cls: 1.5056, Ind: 0.0000, Med: 0.7520, Spu: 0.0001, FD: 1.5097, FDAug: 0.7549, Var: 0.0000, Ctx: 6, MixCtx: 3, Train: 58.00%, Valid: 57.74%, Test In: 57.05% Test OOD1: 60.99% Test OOD2: 50.76% Test OOD3: 57.17% 
Epoch: 18, Loss: 4.5193, Cls: 1.5044, Ind: 0.0001, Med: 0.7521, Spu: 0.0000, FD: 1.5085, FDAug: 0.7543, Var: 0.0000, Ctx: 6, MixCtx: 3, Train: 58.00%, Valid: 57.75%, Test In: 57.05% Test OOD1: 61.00% Test OOD2: 50.76% Test OOD3: 57.16% 
Epoch: 19, Loss: 4.5167, Cls: 1.5038, Ind: 0.0001, Med: 0.7529, Spu: 0.0001, FD: 1.5065, FDAug: 0.7532, Var: 0.0000, Ctx: 6, MixCtx: 3, Train: 57.99%, Valid: 57.76%, Test In: 57.05% Test OOD1: 60.99% Test OOD2: 50.77% Test OOD3: 57.16% 
Epoch: 20, Loss: 4.5160, Cls: 1.5041, Ind: 0.0002, Med: 0.7540, Spu: 0.0001, FD: 1.5051, FDAug: 0.7525, Var: 0.0000, Ctx: 6, MixCtx: 3, Train: 58.00%, Valid: 57.77%, Test In: 57.05% Test OOD1: 61.00% Test OOD2: 50.77% Test OOD3: 57.16% 
Epoch: 21, Loss: 4.5165, Cls: 1.5049, Ind: 0.0003, Med: 0.7545, Spu: 0.0001, FD: 1.5045, FDAug: 0.7522, Var: 0.0000, Ctx: 6, MixCtx: 3, Train: 58.00%, Valid: 57.78%, Test In: 57.06% Test OOD1: 61.00% Test OOD2: 50.77% Test OOD3: 57.16% 
Epoch: 22, Loss: 4.5157, Cls: 1.5050, Ind: 0.0002, Med: 0.7538, Spu: 0.0000, FD: 1.5045, FDAug: 0.7522, Var: 0.0000, Ctx: 6, MixCtx: 3, Train: 57.99%, Valid: 57.78%, Test In: 57.06% Test OOD1: 60.99% Test OOD2: 50.78% Test OOD3: 57.16% 
Epoch: 23, Loss: 4.5130, Cls: 1.5042, Ind: 0.0001, Med: 0.7525, Spu: 0.0000, FD: 1.5042, FDAug: 0.7520, Var: 0.0000, Ctx: 6, MixCtx: 3, Train: 57.98%, Valid: 57.77%, Test In: 57.05% Test OOD1: 61.00% Test OOD2: 50.78% Test OOD3: 57.18% 
Epoch: 24, Loss: 4.5102, Cls: 1.5032, Ind: 0.0000, Med: 0.7516, Spu: 0.0001, FD: 1.5035, FDAug: 0.7517, Var: 0.0000, Ctx: 6, MixCtx: 3, Train: 57.97%, Valid: 57.77%, Test In: 57.04% Test OOD1: 61.01% Test OOD2: 50.78% Test OOD3: 57.18% 
Epoch: 25, Loss: 4.5090, Cls: 1.5028, Ind: 0.0000, Med: 0.7517, Spu: 0.0001, FD: 1.5029, FDAug: 0.7515, Var: 0.0000, Ctx: 6, MixCtx: 3, Train: 57.97%, Valid: 57.79%, Test In: 57.04% Test OOD1: 61.01% Test OOD2: 50.79% Test OOD3: 57.18% 
Epoch: 26, Loss: 4.5096, Cls: 1.5031, Ind: 0.0000, Med: 0.7524, Spu: 0.0000, FD: 1.5026, FDAug: 0.7513, Var: 0.0000, Ctx: 6, MixCtx: 3, Train: 57.98%, Valid: 57.81%, Test In: 57.04% Test OOD1: 61.03% Test OOD2: 50.80% Test OOD3: 57.19% 
Epoch: 27, Loss: 4.5107, Cls: 1.5035, Ind: 0.0001, Med: 0.7531, Spu: 0.0000, FD: 1.5026, FDAug: 0.7514, Var: 0.0000, Ctx: 6, MixCtx: 3, Train: 57.99%, Valid: 57.84%, Test In: 57.05% Test OOD1: 61.04% Test OOD2: 50.82% Test OOD3: 57.19% 
Epoch: 28, Loss: 4.5109, Cls: 1.5035, Ind: 0.0001, Med: 0.7532, Spu: 0.0000, FD: 1.5026, FDAug: 0.7514, Var: 0.0000, Ctx: 6, MixCtx: 3, Train: 58.00%, Valid: 57.87%, Test In: 57.07% Test OOD1: 61.05% Test OOD2: 50.83% Test OOD3: 57.19% 
Epoch: 29, Loss: 4.5098, Cls: 1.5031, Ind: 0.0001, Med: 0.7526, Spu: 0.0001, FD: 1.5025, FDAug: 0.7513, Var: 0.0000, Ctx: 6, MixCtx: 3, Train: 58.01%, Valid: 57.89%, Test In: 57.08% Test OOD1: 61.05% Test OOD2: 50.84% Test OOD3: 57.19% 
Epoch: 30, Loss: 4.5077, Cls: 1.5024, Ind: 0.0001, Med: 0.7517, Spu: 0.0001, FD: 1.5022, FDAug: 0.7512, Var: 0.0000, Ctx: 6, MixCtx: 3, Train: 58.03%, Valid: 57.91%, Test In: 57.09% Test OOD1: 61.05% Test OOD2: 50.85% Test OOD3: 57.19% 
Epoch: 31, Loss: 4.5058, Cls: 1.5018, Ind: 0.0001, Med: 0.7510, Spu: 0.0000, FD: 1.5019, FDAug: 0.7510, Var: 0.0000, Ctx: 6, MixCtx: 3, Train: 58.05%, Valid: 57.94%, Test In: 57.10% Test OOD1: 61.06% Test OOD2: 50.86% Test OOD3: 57.19% 
Epoch: 32, Loss: 4.5047, Cls: 1.5016, Ind: 0.0000, Med: 0.7508, Spu: 0.0000, FD: 1.5015, FDAug: 0.7508, Var: 0.0000, Ctx: 6, MixCtx: 3, Train: 58.07%, Valid: 57.96%, Test In: 57.12% Test OOD1: 61.07% Test OOD2: 50.87% Test OOD3: 57.19% 
Epoch: 33, Loss: 4.5044, Cls: 1.5016, Ind: 0.0000, Med: 0.7511, Spu: 0.0000, FD: 1.5012, FDAug: 0.7506, Var: 0.0000, Ctx: 6, MixCtx: 3, Train: 58.10%, Valid: 58.00%, Test In: 57.14% Test OOD1: 61.07% Test OOD2: 50.88% Test OOD3: 57.20% 
Epoch: 34, Loss: 4.5040, Cls: 1.5015, Ind: 0.0000, Med: 0.7513, Spu: 0.0001, FD: 1.5008, FDAug: 0.7504, Var: 0.0000, Ctx: 6, MixCtx: 3, Train: 58.14%, Valid: 58.03%, Test In: 57.18% Test OOD1: 61.08% Test OOD2: 50.89% Test OOD3: 57.21% 
Epoch: 35, Loss: 4.5029, Cls: 1.5010, Ind: 0.0000, Med: 0.7511, Spu: 0.0000, FD: 1.5004, FDAug: 0.7502, Var: 0.0000, Ctx: 6, MixCtx: 3, Train: 58.18%, Valid: 58.08%, Test In: 57.22% Test OOD1: 61.09% Test OOD2: 50.90% Test OOD3: 57.23% 
Epoch: 36, Loss: 4.5013, Cls: 1.5004, Ind: 0.0000, Med: 0.7507, Spu: 0.0000, FD: 1.5001, FDAug: 0.7501, Var: 0.0000, Ctx: 6, MixCtx: 3, Train: 58.23%, Valid: 58.12%, Test In: 57.26% Test OOD1: 61.11% Test OOD2: 50.91% Test OOD3: 57.24% 
Epoch: 37, Loss: 4.4996, Cls: 1.4998, Ind: 0.0000, Med: 0.7501, Spu: 0.0000, FD: 1.4998, FDAug: 0.7499, Var: 0.0000, Ctx: 6, MixCtx: 3, Train: 58.28%, Valid: 58.16%, Test In: 57.31% Test OOD1: 61.13% Test OOD2: 50.92% Test OOD3: 57.26% 
Epoch: 38, Loss: 4.4980, Cls: 1.4992, Ind: 0.0000, Med: 0.7496, Spu: 0.0000, FD: 1.4994, FDAug: 0.7497, Var: 0.0000, Ctx: 6, MixCtx: 3, Train: 58.33%, Valid: 58.20%, Test In: 57.35% Test OOD1: 61.15% Test OOD2: 50.93% Test OOD3: 57.28% 
Epoch: 39, Loss: 4.4963, Cls: 1.4987, Ind: 0.0000, Med: 0.7493, Spu: 0.0000, FD: 1.4988, FDAug: 0.7494, Var: 0.0000, Ctx: 6, MixCtx: 3, Train: 58.39%, Valid: 58.24%, Test In: 57.40% Test OOD1: 61.17% Test OOD2: 50.94% Test OOD3: 57.32% 
Epoch: 40, Loss: 4.4940, Cls: 1.4980, Ind: 0.0000, Med: 0.7490, Spu: 0.0000, FD: 1.4980, FDAug: 0.7490, Var: 0.0000, Ctx: 6, MixCtx: 3, Train: 58.45%, Valid: 58.28%, Test In: 57.46% Test OOD1: 61.21% Test OOD2: 50.95% Test OOD3: 57.35% 
Epoch: 41, Loss: 4.4911, Cls: 1.4970, Ind: 0.0000, Med: 0.7486, Spu: 0.0000, FD: 1.4970, FDAug: 0.7485, Var: 0.0000, Ctx: 6, MixCtx: 3, Train: 58.51%, Valid: 58.32%, Test In: 57.51% Test OOD1: 61.23% Test OOD2: 50.96% Test OOD3: 57.39% 
Epoch: 42, Loss: 4.4877, Cls: 1.4958, Ind: 0.0000, Med: 0.7480, Spu: 0.0000, FD: 1.4959, FDAug: 0.7480, Var: 0.0000, Ctx: 6, MixCtx: 3, Train: 58.57%, Valid: 58.36%, Test In: 57.56% Test OOD1: 61.26% Test OOD2: 50.97% Test OOD3: 57.42% 
Epoch: 43, Loss: 4.4840, Cls: 1.4945, Ind: 0.0000, Med: 0.7472, Spu: 0.0000, FD: 1.4948, FDAug: 0.7475, Var: 0.0000, Ctx: 6, MixCtx: 3, Train: 58.63%, Valid: 58.39%, Test In: 57.61% Test OOD1: 61.29% Test OOD2: 50.97% Test OOD3: 57.46% 
Epoch: 44, Loss: 4.4800, Cls: 1.4930, Ind: 0.0000, Med: 0.7463, Spu: 0.0000, FD: 1.4937, FDAug: 0.7469, Var: 0.0000, Ctx: 6, MixCtx: 3, Train: 58.68%, Valid: 58.42%, Test In: 57.66% Test OOD1: 61.31% Test OOD2: 50.98% Test OOD3: 57.50% 
Epoch: 45, Loss: 4.4755, Cls: 1.4914, Ind: 0.0000, Med: 0.7454, Spu: 0.0000, FD: 1.4923, FDAug: 0.7462, Var: 0.0000, Ctx: 6, MixCtx: 3, Train: 58.75%, Valid: 58.47%, Test In: 57.71% Test OOD1: 61.35% Test OOD2: 50.99% Test OOD3: 57.53% 
Epoch: 46, Loss: 4.4701, Cls: 1.4896, Ind: 0.0000, Med: 0.7446, Spu: 0.0000, FD: 1.4906, FDAug: 0.7453, Var: 0.0000, Ctx: 6, MixCtx: 3, Train: 58.85%, Valid: 58.54%, Test In: 57.80% Test OOD1: 61.40% Test OOD2: 50.99% Test OOD3: 57.58% 
Epoch: 47, Loss: 4.4640, Cls: 1.4876, Ind: 0.0001, Med: 0.7436, Spu: 0.0000, FD: 1.4884, FDAug: 0.7442, Var: 0.0000, Ctx: 6, MixCtx: 3, Train: 58.98%, Valid: 58.62%, Test In: 57.92% Test OOD1: 61.46% Test OOD2: 51.00% Test OOD3: 57.65% 
Epoch: 48, Loss: 4.4578, Cls: 1.4856, Ind: 0.0001, Med: 0.7427, Spu: 0.0000, FD: 1.4862, FDAug: 0.7432, Var: 0.0000, Ctx: 6, MixCtx: 3, Train: 59.16%, Valid: 58.72%, Test In: 58.08% Test OOD1: 61.54% Test OOD2: 51.02% Test OOD3: 57.75% 
Epoch: 49, Loss: 4.4526, Cls: 1.4839, Ind: 0.0001, Med: 0.7419, Spu: 0.0000, FD: 1.4844, FDAug: 0.7422, Var: 0.0000, Ctx: 6, MixCtx: 3, Train: 59.39%, Valid: 58.87%, Test In: 58.29% Test OOD1: 61.65% Test OOD2: 51.03% Test OOD3: 57.89% 
Epoch: 50, Loss: 4.4481, Cls: 1.4825, Ind: 0.0001, Med: 0.7414, Spu: 0.0001, FD: 1.4827, FDAug: 0.7414, Var: 0.0000, Ctx: 6, MixCtx: 3, Train: 59.66%, Valid: 59.05%, Test In: 58.56% Test OOD1: 61.79% Test OOD2: 51.05% Test OOD3: 58.03% 
Epoch: 51, Loss: 4.4445, Cls: 1.4814, Ind: 0.0001, Med: 0.7410, Spu: 0.0001, FD: 1.4813, FDAug: 0.7406, Var: 0.0000, Ctx: 6, MixCtx: 3, Train: 60.02%, Valid: 59.29%, Test In: 58.90% Test OOD1: 61.95% Test OOD2: 51.08% Test OOD3: 58.21% 
Epoch: 52, Loss: 4.4394, Cls: 1.4798, Ind: 0.0001, Med: 0.7404, Spu: 0.0001, FD: 1.4794, FDAug: 0.7396, Var: 0.0000, Ctx: 6, MixCtx: 3, Train: 60.43%, Valid: 59.58%, Test In: 59.29% Test OOD1: 62.12% Test OOD2: 51.12% Test OOD3: 58.43% 
Epoch: 53, Loss: 4.4319, Cls: 1.4773, Ind: 0.0001, Med: 0.7392, Spu: 0.0001, FD: 1.4769, FDAug: 0.7384, Var: 0.0000, Ctx: 6, MixCtx: 3, Train: 60.90%, Valid: 59.89%, Test In: 59.72% Test OOD1: 62.31% Test OOD2: 51.16% Test OOD3: 58.68% 
Epoch: 54, Loss: 4.4229, Cls: 1.4742, Ind: 0.0001, Med: 0.7374, Spu: 0.0000, FD: 1.4741, FDAug: 0.7371, Var: 0.0000, Ctx: 6, MixCtx: 3, Train: 61.47%, Valid: 60.26%, Test In: 60.23% Test OOD1: 62.53% Test OOD2: 51.20% Test OOD3: 58.97% 
Epoch: 55, Loss: 4.4125, Cls: 1.4707, Ind: 0.0002, Med: 0.7357, Spu: 0.0000, FD: 1.4706, FDAug: 0.7353, Var: 0.0000, Ctx: 6, MixCtx: 3, Train: 62.11%, Valid: 60.71%, Test In: 60.87% Test OOD1: 62.76% Test OOD2: 51.25% Test OOD3: 59.29% 
Epoch: 56, Loss: 4.4010, Cls: 1.4668, Ind: 0.0002, Med: 0.7337, Spu: 0.0000, FD: 1.4668, FDAug: 0.7335, Var: 0.0000, Ctx: 6, MixCtx: 3, Train: 62.85%, Valid: 61.23%, Test In: 61.58% Test OOD1: 63.06% Test OOD2: 51.31% Test OOD3: 59.64% 
Epoch: 57, Loss: 4.3875, Cls: 1.4623, Ind: 0.0002, Med: 0.7313, Spu: 0.0000, FD: 1.4624, FDAug: 0.7313, Var: 0.0000, Ctx: 6, MixCtx: 3, Train: 63.72%, Valid: 61.85%, Test In: 62.41% Test OOD1: 63.37% Test OOD2: 51.41% Test OOD3: 60.04% 
Epoch: 58, Loss: 4.3708, Cls: 1.4565, Ind: 0.0002, Med: 0.7284, Spu: 0.0000, FD: 1.4570, FDAug: 0.7287, Var: 0.0000, Ctx: 6, MixCtx: 3, Train: 64.67%, Valid: 62.50%, Test In: 63.31% Test OOD1: 63.73% Test OOD2: 51.50% Test OOD3: 60.45% 
Epoch: 59, Loss: 4.3503, Cls: 1.4498, Ind: 0.0001, Med: 0.7253, Spu: 0.0000, FD: 1.4500, FDAug: 0.7251, Var: 0.0000, Ctx: 6, MixCtx: 3, Train: 65.69%, Valid: 63.20%, Test In: 64.30% Test OOD1: 64.08% Test OOD2: 51.61% Test OOD3: 60.88% 
Epoch: 60, Loss: 4.3259, Cls: 1.4415, Ind: 0.0000, Med: 0.7210, Spu: 0.0000, FD: 1.4420, FDAug: 0.7212, Var: 0.0000, Ctx: 6, MixCtx: 3, Train: 66.78%, Valid: 63.98%, Test In: 65.36% Test OOD1: 64.48% Test OOD2: 51.72% Test OOD3: 61.31% 
Epoch: 61, Loss: 4.2983, Cls: 1.4326, Ind: 0.0001, Med: 0.7169, Spu: 0.0000, FD: 1.4325, FDAug: 0.7163, Var: 0.0000, Ctx: 6, MixCtx: 3, Train: 67.86%, Valid: 64.78%, Test In: 66.38% Test OOD1: 64.73% Test OOD2: 51.90% Test OOD3: 61.72% 
Epoch: 62, Loss: 4.2879, Cls: 1.4288, Ind: 0.0002, Med: 0.7150, Spu: 0.0001, FD: 1.4290, FDAug: 0.7149, Var: 0.0000, Ctx: 6, MixCtx: 3, Train: 68.40%, Valid: 65.05%, Test In: 66.85% Test OOD1: 65.05% Test OOD2: 51.93% Test OOD3: 61.86% 
Epoch: 63, Loss: 4.3130, Cls: 1.4386, Ind: 0.0002, Med: 0.7213, Spu: 0.0000, FD: 1.4357, FDAug: 0.7172, Var: 0.0000, Ctx: 6, MixCtx: 3, Train: 69.17%, Valid: 65.73%, Test In: 67.63% Test OOD1: 65.19% Test OOD2: 52.04% Test OOD3: 62.15% 
Epoch: 64, Loss: 4.2339, Cls: 1.4107, Ind: 0.0003, Med: 0.7061, Spu: 0.0001, FD: 1.4108, FDAug: 0.7058, Var: 0.0000, Ctx: 6, MixCtx: 3, Train: 69.81%, Valid: 66.22%, Test In: 68.29% Test OOD1: 65.39% Test OOD2: 52.16% Test OOD3: 62.37% 
Epoch: 65, Loss: 4.2507, Cls: 1.4159, Ind: 0.0003, Med: 0.7085, Spu: 0.0001, FD: 1.4169, FDAug: 0.7090, Var: 0.0000, Ctx: 6, MixCtx: 3, Train: 69.98%, Valid: 66.31%, Test In: 68.46% Test OOD1: 65.50% Test OOD2: 52.16% Test OOD3: 62.41% 
Epoch: 66, Loss: 4.2012, Cls: 1.4009, Ind: 0.0002, Med: 0.7023, Spu: 0.0001, FD: 1.3985, FDAug: 0.6993, Var: 0.0000, Ctx: 6, MixCtx: 3, Train: 70.44%, Valid: 66.68%, Test In: 68.91% Test OOD1: 65.65% Test OOD2: 52.24% Test OOD3: 62.56% 
Epoch: 67, Loss: 4.1818, Cls: 1.3945, Ind: 0.0001, Med: 0.6993, Spu: 0.0001, FD: 1.3919, FDAug: 0.6958, Var: 0.0000, Ctx: 6, MixCtx: 3, Train: 71.36%, Valid: 67.45%, Test In: 69.89% Test OOD1: 65.75% Test OOD2: 52.42% Test OOD3: 62.86% 
Epoch: 68, Loss: 4.1919, Cls: 1.3959, Ind: 0.0001, Med: 0.6979, Spu: 0.0001, FD: 1.3983, FDAug: 0.6996, Var: 0.0000, Ctx: 6, MixCtx: 3, Train: 71.50%, Valid: 67.55%, Test In: 70.00% Test OOD1: 65.82% Test OOD2: 52.44% Test OOD3: 62.88% 
Epoch: 69, Loss: 4.1176, Cls: 1.3721, Ind: 0.0001, Med: 0.6868, Spu: 0.0001, FD: 1.3723, FDAug: 0.6862, Var: 0.0000, Ctx: 6, MixCtx: 3, Train: 71.59%, Valid: 67.60%, Test In: 70.06% Test OOD1: 65.86% Test OOD2: 52.48% Test OOD3: 62.87% 
Epoch: 70, Loss: 4.1622, Cls: 1.3880, Ind: 0.0001, Med: 0.6956, Spu: 0.0001, FD: 1.3860, FDAug: 0.6924, Var: 0.0000, Ctx: 6, MixCtx: 3, Train: 72.39%, Valid: 68.21%, Test In: 71.06% Test OOD1: 65.42% Test OOD2: 52.72% Test OOD3: 62.98% 
Epoch: 71, Loss: 4.1424, Cls: 1.3795, Ind: 0.0002, Med: 0.6894, Spu: 0.0001, FD: 1.3819, FDAug: 0.6914, Var: 0.0000, Ctx: 6, MixCtx: 3, Train: 72.50%, Valid: 68.34%, Test In: 71.15% Test OOD1: 65.41% Test OOD2: 52.75% Test OOD3: 62.99% 
Epoch: 72, Loss: 4.0934, Cls: 1.3639, Ind: 0.0001, Med: 0.6823, Spu: 0.0001, FD: 1.3644, FDAug: 0.6826, Var: 0.0000, Ctx: 6, MixCtx: 3, Train: 72.33%, Valid: 68.22%, Test In: 70.87% Test OOD1: 65.83% Test OOD2: 52.68% Test OOD3: 63.02% 
Epoch: 73, Loss: 4.1521, Cls: 1.3840, Ind: 0.0001, Med: 0.6924, Spu: 0.0000, FD: 1.3840, FDAug: 0.6916, Var: 0.0000, Ctx: 6, MixCtx: 3, Train: 72.74%, Valid: 68.55%, Test In: 71.50% Test OOD1: 65.05% Test OOD2: 52.83% Test OOD3: 62.87% 
Epoch: 74, Loss: 4.0731, Cls: 1.3574, Ind: 0.0001, Med: 0.6792, Spu: 0.0000, FD: 1.3575, FDAug: 0.6790, Var: 0.0000, Ctx: 6, MixCtx: 3, Train: 72.79%, Valid: 68.56%, Test In: 71.71% Test OOD1: 64.37% Test OOD2: 52.88% Test OOD3: 62.62% 
Epoch: 75, Loss: 4.1063, Cls: 1.3687, Ind: 0.0001, Med: 0.6852, Spu: 0.0000, FD: 1.3680, FDAug: 0.6843, Var: 0.0000, Ctx: 6, MixCtx: 3, Train: 72.84%, Valid: 68.72%, Test In: 71.50% Test OOD1: 65.55% Test OOD2: 52.83% Test OOD3: 63.01% 
Epoch: 76, Loss: 4.0831, Cls: 1.3603, Ind: 0.0001, Med: 0.6797, Spu: 0.0000, FD: 1.3622, FDAug: 0.6808, Var: 0.0000, Ctx: 6, MixCtx: 3, Train: 72.98%, Valid: 68.85%, Test In: 71.71% Test OOD1: 65.36% Test OOD2: 52.87% Test OOD3: 62.96% 
Epoch: 77, Loss: 4.0549, Cls: 1.3512, Ind: 0.0001, Med: 0.6755, Spu: 0.0000, FD: 1.3522, FDAug: 0.6759, Var: 0.0000, Ctx: 6, MixCtx: 3, Train: 73.05%, Valid: 68.85%, Test In: 72.00% Test OOD1: 64.36% Test OOD2: 52.94% Test OOD3: 62.61% 
Epoch: 78, Loss: 4.0856, Cls: 1.3620, Ind: 0.0001, Med: 0.6820, Spu: 0.0000, FD: 1.3609, FDAug: 0.6806, Var: 0.0000, Ctx: 6, MixCtx: 3, Train: 73.19%, Valid: 69.08%, Test In: 71.94% Test OOD1: 65.33% Test OOD2: 52.93% Test OOD3: 62.97% 
Epoch: 79, Loss: 4.0384, Cls: 1.3459, Ind: 0.0001, Med: 0.6732, Spu: 0.0000, FD: 1.3461, FDAug: 0.6730, Var: 0.0000, Ctx: 6, MixCtx: 3, Train: 73.21%, Valid: 69.16%, Test In: 71.84% Test OOD1: 65.82% Test OOD2: 52.89% Test OOD3: 63.12% 
Epoch: 80, Loss: 4.0651, Cls: 1.3549, Ind: 0.0000, Med: 0.6775, Spu: 0.0000, FD: 1.3553, FDAug: 0.6774, Var: 0.0000, Ctx: 6, MixCtx: 3, Train: 73.39%, Valid: 69.29%, Test In: 72.20% Test OOD1: 65.09% Test OOD2: 53.00% Test OOD3: 62.94% 
Epoch: 81, Loss: 4.0410, Cls: 1.3469, Ind: 0.0000, Med: 0.6737, Spu: 0.0000, FD: 1.3468, FDAug: 0.6736, Var: 0.0000, Ctx: 6, MixCtx: 3, Train: 73.49%, Valid: 69.40%, Test In: 72.29% Test OOD1: 65.17% Test OOD2: 53.03% Test OOD3: 62.98% 
Epoch: 82, Loss: 4.0408, Cls: 1.3467, Ind: 0.0000, Med: 0.6734, Spu: 0.0000, FD: 1.3470, FDAug: 0.6737, Var: 0.0000, Ctx: 6, MixCtx: 3, Train: 73.45%, Valid: 69.46%, Test In: 72.05% Test OOD1: 66.03% Test OOD2: 52.94% Test OOD3: 63.24% 
Epoch: 83, Loss: 4.0371, Cls: 1.3459, Ind: 0.0000, Med: 0.6735, Spu: 0.0000, FD: 1.3452, FDAug: 0.6725, Var: 0.0000, Ctx: 6, MixCtx: 3, Train: 73.57%, Valid: 69.58%, Test In: 72.19% Test OOD1: 66.00% Test OOD2: 52.98% Test OOD3: 63.25% 
Epoch: 84, Loss: 4.0195, Cls: 1.3399, Ind: 0.0000, Med: 0.6704, Spu: 0.0000, FD: 1.3395, FDAug: 0.6697, Var: 0.0000, Ctx: 6, MixCtx: 3, Train: 73.76%, Valid: 69.71%, Test In: 72.50% Test OOD1: 65.53% Test OOD2: 53.08% Test OOD3: 63.14% 
Epoch: 85, Loss: 4.0339, Cls: 1.3442, Ind: 0.0000, Med: 0.6718, Spu: 0.0000, FD: 1.3452, FDAug: 0.6727, Var: 0.0000, Ctx: 6, MixCtx: 3, Train: 73.75%, Valid: 69.78%, Test In: 72.37% Test OOD1: 66.06% Test OOD2: 53.03% Test OOD3: 63.31% 
Epoch: 86, Loss: 4.0075, Cls: 1.3358, Ind: 0.0000, Med: 0.6681, Spu: 0.0000, FD: 1.3357, FDAug: 0.6678, Var: 0.0000, Ctx: 6, MixCtx: 3, Train: 73.74%, Valid: 69.82%, Test In: 72.30% Test OOD1: 66.34% Test OOD2: 53.00% Test OOD3: 63.39% 
Epoch: 87, Loss: 4.0189, Cls: 1.3399, Ind: 0.0000, Med: 0.6706, Spu: 0.0000, FD: 1.3390, FDAug: 0.6693, Var: 0.0000, Ctx: 6, MixCtx: 3, Train: 73.99%, Valid: 70.01%, Test In: 72.66% Test OOD1: 65.91% Test OOD2: 53.10% Test OOD3: 63.30% 
Epoch: 88, Loss: 4.0047, Cls: 1.3345, Ind: 0.0000, Med: 0.6671, Spu: 0.0000, FD: 1.3352, FDAug: 0.6678, Var: 0.0000, Ctx: 6, MixCtx: 3, Train: 74.08%, Valid: 70.11%, Test In: 72.74% Test OOD1: 65.97% Test OOD2: 53.11% Test OOD3: 63.33% 
Epoch: 89, Loss: 3.9993, Cls: 1.3328, Ind: 0.0000, Med: 0.6662, Spu: 0.0000, FD: 1.3334, FDAug: 0.6669, Var: 0.0000, Ctx: 6, MixCtx: 3, Train: 74.02%, Valid: 70.13%, Test In: 72.59% Test OOD1: 66.42% Test OOD2: 53.05% Test OOD3: 63.46% 
Epoch: 90, Loss: 4.0022, Cls: 1.3342, Ind: 0.0000, Med: 0.6675, Spu: 0.0000, FD: 1.3337, FDAug: 0.6668, Var: 0.0000, Ctx: 6, MixCtx: 3, Train: 74.22%, Valid: 70.29%, Test In: 72.85% Test OOD1: 66.21% Test OOD2: 53.11% Test OOD3: 63.41% 
Epoch: 91, Loss: 3.9841, Cls: 1.3279, Ind: 0.0000, Med: 0.6640, Spu: 0.0000, FD: 1.3281, FDAug: 0.6641, Var: 0.0000, Ctx: 6, MixCtx: 3, Train: 74.38%, Valid: 70.42%, Test In: 73.07% Test OOD1: 65.92% Test OOD2: 53.17% Test OOD3: 63.32% 
Epoch: 92, Loss: 3.9903, Cls: 1.3298, Ind: 0.0000, Med: 0.6647, Spu: 0.0000, FD: 1.3304, FDAug: 0.6654, Var: 0.0000, Ctx: 6, MixCtx: 3, Train: 74.36%, Valid: 70.49%, Test In: 72.94% Test OOD1: 66.45% Test OOD2: 53.10% Test OOD3: 63.49% 
Epoch: 93, Loss: 3.9815, Cls: 1.3272, Ind: 0.0000, Med: 0.6638, Spu: 0.0000, FD: 1.3270, FDAug: 0.6634, Var: 0.0000, Ctx: 6, MixCtx: 3, Train: 74.53%, Valid: 70.64%, Test In: 73.16% Test OOD1: 66.28% Test OOD2: 53.16% Test OOD3: 63.44% 
Epoch: 94, Loss: 3.9677, Cls: 1.3225, Ind: 0.0000, Med: 0.6613, Spu: 0.0000, FD: 1.3226, FDAug: 0.6613, Var: 0.0000, Ctx: 6, MixCtx: 3, Train: 74.69%, Valid: 70.78%, Test In: 73.37% Test OOD1: 65.96% Test OOD2: 53.22% Test OOD3: 63.33% 
Epoch: 95, Loss: 3.9725, Cls: 1.3239, Ind: 0.0000, Med: 0.6619, Spu: 0.0000, FD: 1.3243, FDAug: 0.6623, Var: 0.0000, Ctx: 6, MixCtx: 3, Train: 74.67%, Valid: 70.87%, Test In: 73.25% Test OOD1: 66.55% Test OOD2: 53.17% Test OOD3: 63.53% 
Epoch: 96, Loss: 3.9714, Cls: 1.3239, Ind: 0.0000, Med: 0.6621, Spu: 0.0000, FD: 1.3237, FDAug: 0.6616, Var: 0.0000, Ctx: 6, MixCtx: 3, Train: 74.90%, Valid: 71.08%, Test In: 73.57% Test OOD1: 66.09% Test OOD2: 53.26% Test OOD3: 63.36% 
Epoch: 97, Loss: 3.9577, Cls: 1.3190, Ind: 0.0000, Med: 0.6595, Spu: 0.0000, FD: 1.3192, FDAug: 0.6598, Var: 0.0000, Ctx: 6, MixCtx: 3, Train: 74.98%, Valid: 71.21%, Test In: 73.60% Test OOD1: 66.37% Test OOD2: 53.26% Test OOD3: 63.47% 
Epoch: 98, Loss: 3.9464, Cls: 1.3154, Ind: 0.0000, Med: 0.6578, Spu: 0.0000, FD: 1.3154, FDAug: 0.6578, Var: 0.0000, Ctx: 6, MixCtx: 3, Train: 75.05%, Valid: 71.33%, Test In: 73.63% Test OOD1: 66.66% Test OOD2: 53.24% Test OOD3: 63.55% 
Epoch: 99, Loss: 3.9461, Cls: 1.3153, Ind: 0.0000, Med: 0.6578, Spu: 0.0000, FD: 1.3153, FDAug: 0.6576, Var: 0.0000, Ctx: 6, MixCtx: 3, Train: 75.25%, Valid: 71.50%, Test In: 73.89% Test OOD1: 66.22% Test OOD2: 53.33% Test OOD3: 63.34% 
Epoch: 100, Loss: 3.9556, Cls: 1.3184, Ind: 0.0000, Med: 0.6595, Spu: 0.0000, FD: 1.3182, FDAug: 0.6595, Var: 0.0000, Ctx: 6, MixCtx: 3, Train: 75.14%, Valid: 71.53%, Test In: 73.63% Test OOD1: 67.10% Test OOD2: 53.18% Test OOD3: 63.69% 
Epoch: 101, Loss: 3.9771, Cls: 1.3260, Ind: 0.0000, Med: 0.6635, Spu: 0.0000, FD: 1.3254, FDAug: 0.6622, Var: 0.0000, Ctx: 6, MixCtx: 3, Train: 75.43%, Valid: 71.72%, Test In: 74.09% Test OOD1: 65.94% Test OOD2: 53.36% Test OOD3: 63.15% 
Epoch: 102, Loss: 4.0155, Cls: 1.3379, Ind: 0.0000, Med: 0.6687, Spu: 0.0000, FD: 1.3388, FDAug: 0.6701, Var: 0.0000, Ctx: 6, MixCtx: 3, Train: 75.23%, Valid: 71.68%, Test In: 73.66% Test OOD1: 67.34% Test OOD2: 53.12% Test OOD3: 63.78% 
Epoch: 103, Loss: 4.0059, Cls: 1.3356, Ind: 0.0000, Med: 0.6682, Spu: 0.0000, FD: 1.3352, FDAug: 0.6669, Var: 0.0000, Ctx: 6, MixCtx: 3, Train: 75.60%, Valid: 71.98%, Test In: 74.11% Test OOD1: 66.67% Test OOD2: 53.32% Test OOD3: 63.51% 
Epoch: 104, Loss: 3.9399, Cls: 1.3130, Ind: 0.0000, Med: 0.6565, Spu: 0.0000, FD: 1.3133, FDAug: 0.6570, Var: 0.0000, Ctx: 6, MixCtx: 3, Train: 75.65%, Valid: 72.06%, Test In: 74.16% Test OOD1: 66.76% Test OOD2: 53.33% Test OOD3: 63.54% 
Epoch: 105, Loss: 3.9402, Cls: 1.3131, Ind: 0.0000, Med: 0.6566, Spu: 0.0000, FD: 1.3133, FDAug: 0.6571, Var: 0.0000, Ctx: 6, MixCtx: 3, Train: 75.41%, Valid: 71.93%, Test In: 73.80% Test OOD1: 67.49% Test OOD2: 53.13% Test OOD3: 63.82% 
Epoch: 106, Loss: 3.9765, Cls: 1.3256, Ind: 0.0000, Med: 0.6629, Spu: 0.0000, FD: 1.3257, FDAug: 0.6623, Var: 0.0000, Ctx: 6, MixCtx: 3, Train: 75.74%, Valid: 72.18%, Test In: 74.21% Test OOD1: 67.00% Test OOD2: 53.33% Test OOD3: 63.58% 
Epoch: 107, Loss: 3.9392, Cls: 1.3128, Ind: 0.0000, Med: 0.6564, Spu: 0.0000, FD: 1.3130, FDAug: 0.6570, Var: 0.0000, Ctx: 6, MixCtx: 3, Train: 75.72%, Valid: 72.21%, Test In: 74.12% Test OOD1: 67.31% Test OOD2: 53.27% Test OOD3: 63.68% 
Epoch: 108, Loss: 3.9153, Cls: 1.3050, Ind: 0.0000, Med: 0.6527, Spu: 0.0000, FD: 1.3049, FDAug: 0.6527, Var: 0.0000, Ctx: 6, MixCtx: 3, Train: 75.53%, Valid: 72.10%, Test In: 73.87% Test OOD1: 67.65% Test OOD2: 53.13% Test OOD3: 63.83% 
Epoch: 109, Loss: 3.9536, Cls: 1.3179, Ind: 0.0000, Med: 0.6590, Spu: 0.0000, FD: 1.3181, FDAug: 0.6585, Var: 0.0000, Ctx: 6, MixCtx: 3, Train: 75.88%, Valid: 72.32%, Test In: 74.31% Test OOD1: 67.00% Test OOD2: 53.36% Test OOD3: 63.51% 
Epoch: 110, Loss: 3.9670, Cls: 1.3219, Ind: 0.0000, Med: 0.6609, Spu: 0.0000, FD: 1.3223, FDAug: 0.6618, Var: 0.0000, Ctx: 6, MixCtx: 3, Train: 75.76%, Valid: 72.31%, Test In: 74.09% Test OOD1: 67.53% Test OOD2: 53.22% Test OOD3: 63.78% 
Epoch: 111, Loss: 3.9185, Cls: 1.3061, Ind: 0.0000, Med: 0.6532, Spu: 0.0000, FD: 1.3062, FDAug: 0.6529, Var: 0.0000, Ctx: 6, MixCtx: 3, Train: 75.85%, Valid: 72.40%, Test In: 74.19% Test OOD1: 67.42% Test OOD2: 53.27% Test OOD3: 63.74% 
Epoch: 112, Loss: 3.9120, Cls: 1.3039, Ind: 0.0000, Med: 0.6520, Spu: 0.0000, FD: 1.3041, FDAug: 0.6519, Var: 0.0000, Ctx: 6, MixCtx: 3, Train: 76.00%, Valid: 72.47%, Test In: 74.41% Test OOD1: 66.75% Test OOD2: 53.42% Test OOD3: 63.46% 
Epoch: 113, Loss: 3.9415, Cls: 1.3136, Ind: 0.0000, Med: 0.6569, Spu: 0.0000, FD: 1.3137, FDAug: 0.6572, Var: 0.0000, Ctx: 6, MixCtx: 3, Train: 75.91%, Valid: 72.48%, Test In: 74.24% Test OOD1: 67.40% Test OOD2: 53.28% Test OOD3: 63.75% 
Epoch: 114, Loss: 3.9194, Cls: 1.3063, Ind: 0.0000, Med: 0.6531, Spu: 0.0000, FD: 1.3068, FDAug: 0.6531, Var: 0.0000, Ctx: 6, MixCtx: 3, Train: 76.02%, Valid: 72.56%, Test In: 74.38% Test OOD1: 67.17% Test OOD2: 53.36% Test OOD3: 63.63% 
Epoch: 115, Loss: 3.8968, Cls: 1.2989, Ind: 0.0000, Med: 0.6497, Spu: 0.0000, FD: 1.2988, FDAug: 0.6494, Var: 0.0000, Ctx: 6, MixCtx: 3, Train: 76.08%, Valid: 72.58%, Test In: 74.46% Test OOD1: 66.82% Test OOD2: 53.42% Test OOD3: 63.47% 
Epoch: 116, Loss: 3.9151, Cls: 1.3048, Ind: 0.0000, Med: 0.6525, Spu: 0.0000, FD: 1.3049, FDAug: 0.6529, Var: 0.0000, Ctx: 6, MixCtx: 3, Train: 76.00%, Valid: 72.58%, Test In: 74.29% Test OOD1: 67.46% Test OOD2: 53.29% Test OOD3: 63.77% 
Epoch: 117, Loss: 3.9382, Cls: 1.3127, Ind: 0.0000, Med: 0.6563, Spu: 0.0000, FD: 1.3132, FDAug: 0.6560, Var: 0.0000, Ctx: 6, MixCtx: 3, Train: 76.11%, Valid: 72.62%, Test In: 74.49% Test OOD1: 66.44% Test OOD2: 53.45% Test OOD3: 63.33% 
Epoch: 118, Loss: 3.9357, Cls: 1.3114, Ind: 0.0000, Med: 0.6556, Spu: 0.0000, FD: 1.3120, FDAug: 0.6566, Var: 0.0000, Ctx: 6, MixCtx: 3, Train: 76.13%, Valid: 72.71%, Test In: 74.44% Test OOD1: 67.13% Test OOD2: 53.38% Test OOD3: 63.67% 
Epoch: 119, Loss: 3.9041, Cls: 1.3013, Ind: 0.0000, Med: 0.6508, Spu: 0.0000, FD: 1.3014, FDAug: 0.6505, Var: 0.0000, Ctx: 6, MixCtx: 3, Train: 76.19%, Valid: 72.74%, Test In: 74.48% Test OOD1: 66.92% Test OOD2: 53.42% Test OOD3: 63.58% 
Epoch: 120, Loss: 3.8901, Cls: 1.2967, Ind: 0.0000, Med: 0.6486, Spu: 0.0000, FD: 1.2965, FDAug: 0.6483, Var: 0.0000, Ctx: 6, MixCtx: 3, Train: 76.22%, Valid: 72.74%, Test In: 74.51% Test OOD1: 66.69% Test OOD2: 53.48% Test OOD3: 63.47% 
Epoch: 121, Loss: 3.9049, Cls: 1.3015, Ind: 0.0000, Med: 0.6510, Spu: 0.0000, FD: 1.3014, FDAug: 0.6511, Var: 0.0000, Ctx: 6, MixCtx: 3, Train: 76.20%, Valid: 72.76%, Test In: 74.40% Test OOD1: 67.42% Test OOD2: 53.37% Test OOD3: 63.79% 
Epoch: 122, Loss: 3.9121, Cls: 1.3038, Ind: 0.0000, Med: 0.6517, Spu: 0.0000, FD: 1.3046, FDAug: 0.6520, Var: 0.0000, Ctx: 6, MixCtx: 3, Train: 76.28%, Valid: 72.78%, Test In: 74.49% Test OOD1: 67.08% Test OOD2: 53.49% Test OOD3: 63.60% 
Epoch: 123, Loss: 3.8986, Cls: 1.2994, Ind: 0.0000, Med: 0.6499, Spu: 0.0000, FD: 1.2993, FDAug: 0.6500, Var: 0.0000, Ctx: 6, MixCtx: 3, Train: 76.29%, Valid: 72.80%, Test In: 74.44% Test OOD1: 67.43% Test OOD2: 53.44% Test OOD3: 63.77% 
Epoch: 124, Loss: 3.8837, Cls: 1.2944, Ind: 0.0000, Med: 0.6473, Spu: 0.0000, FD: 1.2946, FDAug: 0.6473, Var: 0.0000, Ctx: 6, MixCtx: 3, Train: 76.30%, Valid: 72.82%, Test In: 74.43% Test OOD1: 67.51% Test OOD2: 53.44% Test OOD3: 63.82% 
Epoch: 125, Loss: 3.8862, Cls: 1.2952, Ind: 0.0000, Med: 0.6476, Spu: 0.0000, FD: 1.2956, FDAug: 0.6477, Var: 0.0000, Ctx: 6, MixCtx: 3, Train: 76.38%, Valid: 72.85%, Test In: 74.50% Test OOD1: 67.15% Test OOD2: 53.52% Test OOD3: 63.65% 
Epoch: 126, Loss: 3.8975, Cls: 1.2990, Ind: 0.0000, Med: 0.6498, Spu: 0.0000, FD: 1.2989, FDAug: 0.6498, Var: 0.0000, Ctx: 6, MixCtx: 3, Train: 76.36%, Valid: 72.88%, Test In: 74.46% Test OOD1: 67.50% Test OOD2: 53.44% Test OOD3: 63.84% 
Epoch: 127, Loss: 3.8991, Cls: 1.2995, Ind: 0.0000, Med: 0.6495, Spu: 0.0000, FD: 1.3002, FDAug: 0.6499, Var: 0.0000, Ctx: 6, MixCtx: 3, Train: 76.44%, Valid: 72.90%, Test In: 74.52% Test OOD1: 67.09% Test OOD2: 53.54% Test OOD3: 63.67% 
Epoch: 128, Loss: 3.8881, Cls: 1.2958, Ind: 0.0000, Med: 0.6481, Spu: 0.0000, FD: 1.2959, FDAug: 0.6483, Var: 0.0000, Ctx: 6, MixCtx: 3, Train: 76.45%, Valid: 72.92%, Test In: 74.51% Test OOD1: 67.32% Test OOD2: 53.52% Test OOD3: 63.78% 
Epoch: 129, Loss: 3.8767, Cls: 1.2921, Ind: 0.0000, Med: 0.6461, Spu: 0.0000, FD: 1.2923, FDAug: 0.6462, Var: 0.0000, Ctx: 6, MixCtx: 3, Train: 76.46%, Valid: 72.93%, Test In: 74.50% Test OOD1: 67.48% Test OOD2: 53.51% Test OOD3: 63.83% 
Epoch: 130, Loss: 3.8787, Cls: 1.2928, Ind: 0.0000, Med: 0.6465, Spu: 0.0000, FD: 1.2930, FDAug: 0.6464, Var: 0.0000, Ctx: 6, MixCtx: 3, Train: 76.51%, Valid: 72.92%, Test In: 74.52% Test OOD1: 67.28% Test OOD2: 53.57% Test OOD3: 63.73% 
Epoch: 131, Loss: 3.8898, Cls: 1.2962, Ind: 0.0000, Med: 0.6480, Spu: 0.0000, FD: 1.2968, FDAug: 0.6488, Var: 0.0000, Ctx: 6, MixCtx: 3, Train: 76.46%, Valid: 72.92%, Test In: 74.47% Test OOD1: 67.71% Test OOD2: 53.48% Test OOD3: 63.92% 
Epoch: 132, Loss: 3.8994, Cls: 1.2999, Ind: 0.0000, Med: 0.6502, Spu: 0.0000, FD: 1.2998, FDAug: 0.6495, Var: 0.0000, Ctx: 6, MixCtx: 3, Train: 76.55%, Valid: 72.92%, Test In: 74.56% Test OOD1: 67.21% Test OOD2: 53.61% Test OOD3: 63.70% 
Epoch: 133, Loss: 3.8991, Cls: 1.2992, Ind: 0.0000, Med: 0.6494, Spu: 0.0000, FD: 1.3000, FDAug: 0.6505, Var: 0.0000, Ctx: 6, MixCtx: 3, Train: 76.54%, Valid: 72.97%, Test In: 74.53% Test OOD1: 67.58% Test OOD2: 53.53% Test OOD3: 63.89% 
Epoch: 134, Loss: 3.8862, Cls: 1.2954, Ind: 0.0000, Med: 0.6478, Spu: 0.0000, FD: 1.2955, FDAug: 0.6475, Var: 0.0000, Ctx: 6, MixCtx: 3, Train: 76.60%, Valid: 72.97%, Test In: 74.58% Test OOD1: 67.31% Test OOD2: 53.60% Test OOD3: 63.77% 
Epoch: 135, Loss: 3.8716, Cls: 1.2903, Ind: 0.0000, Med: 0.6452, Spu: 0.0000, FD: 1.2906, FDAug: 0.6454, Var: 0.0000, Ctx: 6, MixCtx: 3, Train: 76.62%, Valid: 72.97%, Test In: 74.58% Test OOD1: 67.36% Test OOD2: 53.60% Test OOD3: 63.79% 
Epoch: 136, Loss: 3.8699, Cls: 1.2898, Ind: 0.0000, Med: 0.6450, Spu: 0.0000, FD: 1.2900, FDAug: 0.6451, Var: 0.0000, Ctx: 6, MixCtx: 3, Train: 76.60%, Valid: 72.98%, Test In: 74.54% Test OOD1: 67.65% Test OOD2: 53.55% Test OOD3: 63.93% 
Epoch: 137, Loss: 3.8788, Cls: 1.2929, Ind: 0.0000, Med: 0.6465, Spu: 0.0000, FD: 1.2931, FDAug: 0.6463, Var: 0.0000, Ctx: 6, MixCtx: 3, Train: 76.66%, Valid: 72.96%, Test In: 74.59% Test OOD1: 67.38% Test OOD2: 53.64% Test OOD3: 63.77% 
Epoch: 138, Loss: 3.8861, Cls: 1.2951, Ind: 0.0000, Med: 0.6476, Spu: 0.0000, FD: 1.2954, FDAug: 0.6480, Var: 0.0000, Ctx: 6, MixCtx: 3, Train: 76.63%, Valid: 72.98%, Test In: 74.53% Test OOD1: 67.76% Test OOD2: 53.55% Test OOD3: 63.97% 
Epoch: 139, Loss: 3.8840, Cls: 1.2946, Ind: 0.0000, Med: 0.6472, Spu: 0.0000, FD: 1.2950, FDAug: 0.6473, Var: 0.0000, Ctx: 6, MixCtx: 3, Train: 76.71%, Valid: 72.97%, Test In: 74.59% Test OOD1: 67.41% Test OOD2: 53.65% Test OOD3: 63.79% 
Epoch: 140, Loss: 3.8754, Cls: 1.2917, Ind: 0.0000, Med: 0.6460, Spu: 0.0000, FD: 1.2917, FDAug: 0.6461, Var: 0.0000, Ctx: 6, MixCtx: 3, Train: 76.71%, Valid: 73.00%, Test In: 74.57% Test OOD1: 67.57% Test OOD2: 53.61% Test OOD3: 63.90% 
Epoch: 141, Loss: 3.8655, Cls: 1.2884, Ind: 0.0000, Med: 0.6442, Spu: 0.0000, FD: 1.2887, FDAug: 0.6443, Var: 0.0000, Ctx: 6, MixCtx: 3, Train: 76.74%, Valid: 73.00%, Test In: 74.58% Test OOD1: 67.51% Test OOD2: 53.64% Test OOD3: 63.87% 
Epoch: 142, Loss: 3.8608, Cls: 1.2868, Ind: 0.0000, Med: 0.6435, Spu: 0.0000, FD: 1.2870, FDAug: 0.6435, Var: 0.0000, Ctx: 6, MixCtx: 3, Train: 76.78%, Valid: 72.98%, Test In: 74.59% Test OOD1: 67.51% Test OOD2: 53.68% Test OOD3: 63.85% 
Epoch: 143, Loss: 3.8632, Cls: 1.2876, Ind: 0.0000, Med: 0.6439, Spu: 0.0000, FD: 1.2877, FDAug: 0.6440, Var: 0.0000, Ctx: 6, MixCtx: 3, Train: 76.76%, Valid: 73.00%, Test In: 74.55% Test OOD1: 67.76% Test OOD2: 53.62% Test OOD3: 63.98% 
Epoch: 144, Loss: 3.8697, Cls: 1.2898, Ind: 0.0000, Med: 0.6448, Spu: 0.0000, FD: 1.2902, FDAug: 0.6450, Var: 0.0000, Ctx: 6, MixCtx: 3, Train: 76.81%, Valid: 72.97%, Test In: 74.58% Test OOD1: 67.53% Test OOD2: 53.72% Test OOD3: 63.84% 
Epoch: 145, Loss: 3.8778, Cls: 1.2924, Ind: 0.0000, Med: 0.6462, Spu: 0.0000, FD: 1.2926, FDAug: 0.6466, Var: 0.0000, Ctx: 6, MixCtx: 3, Train: 76.78%, Valid: 73.00%, Test In: 74.54% Test OOD1: 67.84% Test OOD2: 53.63% Test OOD3: 64.02% 
Epoch: 146, Loss: 3.8845, Cls: 1.2947, Ind: 0.0000, Med: 0.6473, Spu: 0.0000, FD: 1.2951, FDAug: 0.6473, Var: 0.0000, Ctx: 6, MixCtx: 3, Train: 76.84%, Valid: 72.97%, Test In: 74.59% Test OOD1: 67.39% Test OOD2: 53.77% Test OOD3: 63.80% 
Epoch: 147, Loss: 3.8865, Cls: 1.2952, Ind: 0.0000, Med: 0.6475, Spu: 0.0000, FD: 1.2956, FDAug: 0.6482, Var: 0.0000, Ctx: 6, MixCtx: 3, Train: 76.84%, Valid: 73.02%, Test In: 74.57% Test OOD1: 67.76% Test OOD2: 53.68% Test OOD3: 64.00% 
Epoch: 148, Loss: 3.8764, Cls: 1.2920, Ind: 0.0000, Med: 0.6459, Spu: 0.0000, FD: 1.2924, FDAug: 0.6461, Var: 0.0000, Ctx: 6, MixCtx: 3, Train: 76.89%, Valid: 73.00%, Test In: 74.61% Test OOD1: 67.56% Test OOD2: 53.77% Test OOD3: 63.88% 
Epoch: 149, Loss: 3.8599, Cls: 1.2865, Ind: 0.0000, Med: 0.6433, Spu: 0.0000, FD: 1.2867, FDAug: 0.6435, Var: 0.0000, Ctx: 6, MixCtx: 3, Train: 76.90%, Valid: 73.01%, Test In: 74.60% Test OOD1: 67.73% Test OOD2: 53.75% Test OOD3: 63.96% 
Epoch: 150, Loss: 3.8536, Cls: 1.2844, Ind: 0.0000, Med: 0.6423, Spu: 0.0000, FD: 1.2845, FDAug: 0.6424, Var: 0.0000, Ctx: 6, MixCtx: 3, Train: 76.88%, Valid: 73.00%, Test In: 74.57% Test OOD1: 67.94% Test OOD2: 53.70% Test OOD3: 64.06% 
Epoch: 151, Loss: 3.8609, Cls: 1.2869, Ind: 0.0000, Med: 0.6435, Spu: 0.0000, FD: 1.2870, FDAug: 0.6434, Var: 0.0000, Ctx: 6, MixCtx: 3, Train: 76.92%, Valid: 72.98%, Test In: 74.60% Test OOD1: 67.74% Test OOD2: 53.79% Test OOD3: 63.94% 
Epoch: 152, Loss: 3.8710, Cls: 1.2900, Ind: 0.0000, Med: 0.6448, Spu: 0.0000, FD: 1.2906, FDAug: 0.6456, Var: 0.0000, Ctx: 6, MixCtx: 3, Train: 76.90%, Valid: 73.00%, Test In: 74.57% Test OOD1: 67.98% Test OOD2: 53.69% Test OOD3: 64.09% 
Epoch: 153, Loss: 3.8732, Cls: 1.2910, Ind: 0.0000, Med: 0.6456, Spu: 0.0000, FD: 1.2912, FDAug: 0.6454, Var: 0.0000, Ctx: 6, MixCtx: 3, Train: 76.97%, Valid: 72.99%, Test In: 74.62% Test OOD1: 67.57% Test OOD2: 53.83% Test OOD3: 63.89% 
Epoch: 154, Loss: 3.8673, Cls: 1.2888, Ind: 0.0000, Med: 0.6443, Spu: 0.0000, FD: 1.2892, FDAug: 0.6449, Var: 0.0000, Ctx: 6, MixCtx: 3, Train: 76.97%, Valid: 73.02%, Test In: 74.61% Test OOD1: 67.72% Test OOD2: 53.77% Test OOD3: 63.99% 
Epoch: 155, Loss: 3.8561, Cls: 1.2853, Ind: 0.0000, Med: 0.6427, Spu: 0.0000, FD: 1.2854, FDAug: 0.6427, Var: 0.0000, Ctx: 6, MixCtx: 3, Train: 77.00%, Valid: 73.01%, Test In: 74.63% Test OOD1: 67.61% Test OOD2: 53.81% Test OOD3: 63.94% 
Epoch: 156, Loss: 3.8483, Cls: 1.2827, Ind: 0.0000, Med: 0.6414, Spu: 0.0000, FD: 1.2827, FDAug: 0.6414, Var: 0.0000, Ctx: 6, MixCtx: 3, Train: 77.02%, Valid: 73.00%, Test In: 74.62% Test OOD1: 67.62% Test OOD2: 53.83% Test OOD3: 63.93% 
Epoch: 157, Loss: 3.8507, Cls: 1.2835, Ind: 0.0000, Med: 0.6418, Spu: 0.0000, FD: 1.2835, FDAug: 0.6419, Var: 0.0000, Ctx: 6, MixCtx: 3, Train: 77.01%, Valid: 73.01%, Test In: 74.60% Test OOD1: 67.90% Test OOD2: 53.76% Test OOD3: 64.07% 
Epoch: 158, Loss: 3.8615, Cls: 1.2870, Ind: 0.0000, Med: 0.6434, Spu: 0.0000, FD: 1.2875, FDAug: 0.6436, Var: 0.0000, Ctx: 6, MixCtx: 3, Train: 77.04%, Valid: 72.97%, Test In: 74.60% Test OOD1: 67.60% Test OOD2: 53.87% Test OOD3: 63.90% 
Epoch: 159, Loss: 3.8759, Cls: 1.2917, Ind: 0.0000, Med: 0.6459, Spu: 0.0000, FD: 1.2918, FDAug: 0.6463, Var: 0.0000, Ctx: 6, MixCtx: 3, Train: 77.02%, Valid: 73.03%, Test In: 74.60% Test OOD1: 67.92% Test OOD2: 53.75% Test OOD3: 64.10% 
Epoch: 160, Loss: 3.8879, Cls: 1.2957, Ind: 0.0000, Med: 0.6475, Spu: 0.0000, FD: 1.2966, FDAug: 0.6480, Var: 0.0000, Ctx: 6, MixCtx: 3, Train: 77.06%, Valid: 72.97%, Test In: 74.61% Test OOD1: 67.36% Test OOD2: 53.93% Test OOD3: 63.83% 
Epoch: 161, Loss: 3.8874, Cls: 1.2956, Ind: 0.0000, Med: 0.6480, Spu: 0.0000, FD: 1.2956, FDAug: 0.6482, Var: 0.0000, Ctx: 6, MixCtx: 3, Train: 77.08%, Valid: 73.04%, Test In: 74.63% Test OOD1: 67.76% Test OOD2: 53.82% Test OOD3: 64.05% 
Epoch: 162, Loss: 3.8620, Cls: 1.2871, Ind: 0.0000, Med: 0.6433, Spu: 0.0000, FD: 1.2877, FDAug: 0.6438, Var: 0.0000, Ctx: 6, MixCtx: 3, Train: 77.11%, Valid: 73.04%, Test In: 74.64% Test OOD1: 67.74% Test OOD2: 53.86% Test OOD3: 64.02% 
Epoch: 163, Loss: 3.8441, Cls: 1.2813, Ind: 0.0000, Med: 0.6407, Spu: 0.0000, FD: 1.2814, FDAug: 0.6407, Var: 0.0000, Ctx: 6, MixCtx: 3, Train: 77.11%, Valid: 73.02%, Test In: 74.64% Test OOD1: 67.77% Test OOD2: 53.90% Test OOD3: 64.01% 
Epoch: 164, Loss: 3.8577, Cls: 1.2859, Ind: 0.0000, Med: 0.6431, Spu: 0.0000, FD: 1.2857, FDAug: 0.6430, Var: 0.0000, Ctx: 6, MixCtx: 3, Train: 77.04%, Valid: 73.03%, Test In: 74.58% Test OOD1: 68.16% Test OOD2: 53.76% Test OOD3: 64.21% 
Epoch: 165, Loss: 3.8717, Cls: 1.2904, Ind: 0.0000, Med: 0.6450, Spu: 0.0000, FD: 1.2910, FDAug: 0.6453, Var: 0.0000, Ctx: 6, MixCtx: 3, Train: 77.12%, Valid: 73.03%, Test In: 74.63% Test OOD1: 67.89% Test OOD2: 53.90% Test OOD3: 64.05% 
Epoch: 166, Loss: 3.8608, Cls: 1.2867, Ind: 0.0000, Med: 0.6433, Spu: 0.0000, FD: 1.2870, FDAug: 0.6438, Var: 0.0000, Ctx: 6, MixCtx: 3, Train: 77.13%, Valid: 73.06%, Test In: 74.64% Test OOD1: 67.97% Test OOD2: 53.84% Test OOD3: 64.13% 
Epoch: 167, Loss: 3.8416, Cls: 1.2805, Ind: 0.0000, Med: 0.6403, Spu: 0.0000, FD: 1.2806, FDAug: 0.6403, Var: 0.0000, Ctx: 6, MixCtx: 3, Train: 77.16%, Valid: 73.07%, Test In: 74.65% Test OOD1: 67.84% Test OOD2: 53.87% Test OOD3: 64.09% 
Epoch: 168, Loss: 3.8416, Cls: 1.2805, Ind: 0.0000, Med: 0.6404, Spu: 0.0000, FD: 1.2805, FDAug: 0.6402, Var: 0.0000, Ctx: 6, MixCtx: 3, Train: 77.19%, Valid: 73.04%, Test In: 74.66% Test OOD1: 67.51% Test OOD2: 53.96% Test OOD3: 63.94% 
Epoch: 169, Loss: 3.8521, Cls: 1.2838, Ind: 0.0000, Med: 0.6418, Spu: 0.0000, FD: 1.2842, FDAug: 0.6423, Var: 0.0000, Ctx: 6, MixCtx: 3, Train: 77.19%, Valid: 73.08%, Test In: 74.66% Test OOD1: 67.78% Test OOD2: 53.86% Test OOD3: 64.07% 
Epoch: 170, Loss: 3.8499, Cls: 1.2833, Ind: 0.0000, Med: 0.6419, Spu: 0.0000, FD: 1.2831, FDAug: 0.6415, Var: 0.0000, Ctx: 6, MixCtx: 3, Train: 77.23%, Valid: 73.05%, Test In: 74.65% Test OOD1: 67.63% Test OOD2: 53.94% Test OOD3: 63.99% 
Epoch: 171, Loss: 3.8387, Cls: 1.2794, Ind: 0.0000, Med: 0.6396, Spu: 0.0000, FD: 1.2797, FDAug: 0.6400, Var: 0.0000, Ctx: 6, MixCtx: 3, Train: 77.23%, Valid: 73.07%, Test In: 74.65% Test OOD1: 67.76% Test OOD2: 53.92% Test OOD3: 64.04% 
Epoch: 172, Loss: 3.8343, Cls: 1.2780, Ind: 0.0000, Med: 0.6390, Spu: 0.0000, FD: 1.2781, FDAug: 0.6391, Var: 0.0000, Ctx: 6, MixCtx: 3, Train: 77.24%, Valid: 73.08%, Test In: 74.65% Test OOD1: 67.83% Test OOD2: 53.89% Test OOD3: 64.08% 
Epoch: 173, Loss: 3.8391, Cls: 1.2797, Ind: 0.0000, Med: 0.6399, Spu: 0.0000, FD: 1.2797, FDAug: 0.6398, Var: 0.0000, Ctx: 6, MixCtx: 3, Train: 77.26%, Valid: 73.04%, Test In: 74.63% Test OOD1: 67.49% Test OOD2: 53.99% Test OOD3: 63.92% 
Epoch: 174, Loss: 3.8495, Cls: 1.2829, Ind: 0.0000, Med: 0.6414, Spu: 0.0000, FD: 1.2832, FDAug: 0.6419, Var: 0.0000, Ctx: 6, MixCtx: 3, Train: 77.25%, Valid: 73.11%, Test In: 74.66% Test OOD1: 67.73% Test OOD2: 53.88% Test OOD3: 64.07% 
Epoch: 175, Loss: 3.8609, Cls: 1.2869, Ind: 0.0000, Med: 0.6434, Spu: 0.0000, FD: 1.2872, FDAug: 0.6434, Var: 0.0000, Ctx: 6, MixCtx: 3, Train: 77.28%, Valid: 73.04%, Test In: 74.63% Test OOD1: 67.28% Test OOD2: 54.04% Test OOD3: 63.85% 
Epoch: 176, Loss: 3.8627, Cls: 1.2875, Ind: 0.0000, Med: 0.6438, Spu: 0.0000, FD: 1.2874, FDAug: 0.6440, Var: 0.0000, Ctx: 6, MixCtx: 3, Train: 77.29%, Valid: 73.12%, Test In: 74.68% Test OOD1: 67.77% Test OOD2: 53.91% Test OOD3: 64.09% 
Epoch: 177, Loss: 3.8475, Cls: 1.2823, Ind: 0.0000, Med: 0.6409, Spu: 0.0000, FD: 1.2829, FDAug: 0.6413, Var: 0.0000, Ctx: 6, MixCtx: 3, Train: 77.33%, Valid: 73.11%, Test In: 74.68% Test OOD1: 67.75% Test OOD2: 53.97% Test OOD3: 64.07% 
Epoch: 178, Loss: 3.8311, Cls: 1.2770, Ind: 0.0000, Med: 0.6386, Spu: 0.0000, FD: 1.2769, FDAug: 0.6385, Var: 0.0000, Ctx: 6, MixCtx: 3, Train: 77.33%, Valid: 73.11%, Test In: 74.67% Test OOD1: 67.88% Test OOD2: 53.97% Test OOD3: 64.12% 
Epoch: 179, Loss: 3.8320, Cls: 1.2773, Ind: 0.0000, Med: 0.6389, Spu: 0.0000, FD: 1.2771, FDAug: 0.6386, Var: 0.0000, Ctx: 6, MixCtx: 3, Train: 77.30%, Valid: 73.13%, Test In: 74.67% Test OOD1: 68.11% Test OOD2: 53.87% Test OOD3: 64.22% 
Epoch: 180, Loss: 3.8430, Cls: 1.2808, Ind: 0.0000, Med: 0.6402, Spu: 0.0000, FD: 1.2814, FDAug: 0.6406, Var: 0.0000, Ctx: 6, MixCtx: 3, Train: 77.36%, Valid: 73.11%, Test In: 74.67% Test OOD1: 67.79% Test OOD2: 54.01% Test OOD3: 64.07% 
Epoch: 181, Loss: 3.8457, Cls: 1.2819, Ind: 0.0000, Med: 0.6411, Spu: 0.0000, FD: 1.2817, FDAug: 0.6410, Var: 0.0000, Ctx: 6, MixCtx: 3, Train: 77.36%, Valid: 73.14%, Test In: 74.69% Test OOD1: 67.92% Test OOD2: 53.90% Test OOD3: 64.15% 
Epoch: 182, Loss: 3.8374, Cls: 1.2791, Ind: 0.0000, Med: 0.6395, Spu: 0.0000, FD: 1.2792, FDAug: 0.6395, Var: 0.0000, Ctx: 6, MixCtx: 3, Train: 77.40%, Valid: 73.14%, Test In: 74.69% Test OOD1: 67.66% Test OOD2: 53.97% Test OOD3: 64.04% 
Epoch: 183, Loss: 3.8275, Cls: 1.2758, Ind: 0.0000, Med: 0.6380, Spu: 0.0000, FD: 1.2758, FDAug: 0.6380, Var: 0.0000, Ctx: 6, MixCtx: 3, Train: 77.42%, Valid: 73.13%, Test In: 74.68% Test OOD1: 67.64% Test OOD2: 53.98% Test OOD3: 64.03% 
Epoch: 184, Loss: 3.8272, Cls: 1.2756, Ind: 0.0000, Med: 0.6378, Spu: 0.0000, FD: 1.2757, FDAug: 0.6380, Var: 0.0000, Ctx: 6, MixCtx: 3, Train: 77.42%, Valid: 73.15%, Test In: 74.69% Test OOD1: 67.88% Test OOD2: 53.89% Test OOD3: 64.14% 
Epoch: 185, Loss: 3.8339, Cls: 1.2780, Ind: 0.0000, Med: 0.6391, Spu: 0.0000, FD: 1.2778, FDAug: 0.6389, Var: 0.0000, Ctx: 6, MixCtx: 3, Train: 77.45%, Valid: 73.10%, Test In: 74.65% Test OOD1: 67.65% Test OOD2: 54.01% Test OOD3: 64.00% 
Epoch: 186, Loss: 3.8409, Cls: 1.2800, Ind: 0.0000, Med: 0.6397, Spu: 0.0000, FD: 1.2807, FDAug: 0.6405, Var: 0.0000, Ctx: 6, MixCtx: 3, Train: 77.44%, Valid: 73.16%, Test In: 74.69% Test OOD1: 67.90% Test OOD2: 53.88% Test OOD3: 64.16% 
Epoch: 187, Loss: 3.8447, Cls: 1.2816, Ind: 0.0000, Med: 0.6410, Spu: 0.0000, FD: 1.2814, FDAug: 0.6406, Var: 0.0000, Ctx: 6, MixCtx: 3, Train: 77.47%, Valid: 73.09%, Test In: 74.64% Test OOD1: 67.45% Test OOD2: 54.04% Test OOD3: 63.93% 
Epoch: 188, Loss: 3.8450, Cls: 1.2814, Ind: 0.0000, Med: 0.6405, Spu: 0.0000, FD: 1.2819, FDAug: 0.6412, Var: 0.0000, Ctx: 6, MixCtx: 3, Train: 77.47%, Valid: 73.17%, Test In: 74.71% Test OOD1: 67.72% Test OOD2: 53.91% Test OOD3: 64.10% 
Epoch: 189, Loss: 3.8400, Cls: 1.2800, Ind: 0.0000, Med: 0.6400, Spu: 0.0000, FD: 1.2801, FDAug: 0.6400, Var: 0.0000, Ctx: 6, MixCtx: 3, Train: 77.51%, Valid: 73.14%, Test In: 74.67% Test OOD1: 67.54% Test OOD2: 54.04% Test OOD3: 64.00% 
Epoch: 190, Loss: 3.8280, Cls: 1.2759, Ind: 0.0000, Med: 0.6380, Spu: 0.0000, FD: 1.2760, FDAug: 0.6380, Var: 0.0000, Ctx: 6, MixCtx: 3, Train: 77.52%, Valid: 73.18%, Test In: 74.70% Test OOD1: 67.82% Test OOD2: 53.98% Test OOD3: 64.12% 
Epoch: 191, Loss: 3.8189, Cls: 1.2729, Ind: 0.0000, Med: 0.6364, Spu: 0.0000, FD: 1.2730, FDAug: 0.6365, Var: 0.0000, Ctx: 6, MixCtx: 3, Train: 77.52%, Valid: 73.18%, Test In: 74.70% Test OOD1: 67.95% Test OOD2: 53.96% Test OOD3: 64.18% 
Epoch: 192, Loss: 3.8207, Cls: 1.2734, Ind: 0.0000, Med: 0.6367, Spu: 0.0000, FD: 1.2737, FDAug: 0.6369, Var: 0.0000, Ctx: 6, MixCtx: 3, Train: 77.54%, Valid: 73.16%, Test In: 74.69% Test OOD1: 67.80% Test OOD2: 54.05% Test OOD3: 64.10% 
Epoch: 193, Loss: 3.8292, Cls: 1.2764, Ind: 0.0000, Med: 0.6385, Spu: 0.0000, FD: 1.2761, FDAug: 0.6382, Var: 0.0000, Ctx: 6, MixCtx: 3, Train: 77.53%, Valid: 73.20%, Test In: 74.72% Test OOD1: 67.95% Test OOD2: 53.92% Test OOD3: 64.19% 
Epoch: 194, Loss: 3.8371, Cls: 1.2788, Ind: 0.0000, Med: 0.6392, Spu: 0.0000, FD: 1.2794, FDAug: 0.6396, Var: 0.0000, Ctx: 6, MixCtx: 3, Train: 77.59%, Valid: 73.16%, Test In: 74.70% Test OOD1: 67.47% Test OOD2: 54.10% Test OOD3: 63.96% 
Epoch: 195, Loss: 3.8382, Cls: 1.2794, Ind: 0.0000, Med: 0.6398, Spu: 0.0000, FD: 1.2793, FDAug: 0.6397, Var: 0.0000, Ctx: 6, MixCtx: 3, Train: 77.58%, Valid: 73.22%, Test In: 74.73% Test OOD1: 67.73% Test OOD2: 53.95% Test OOD3: 64.11% 
Epoch: 196, Loss: 3.8284, Cls: 1.2761, Ind: 0.0000, Med: 0.6381, Spu: 0.0000, FD: 1.2761, FDAug: 0.6381, Var: 0.0000, Ctx: 6, MixCtx: 3, Train: 77.63%, Valid: 73.20%, Test In: 74.73% Test OOD1: 67.64% Test OOD2: 54.04% Test OOD3: 64.04% 
Epoch: 197, Loss: 3.8155, Cls: 1.2717, Ind: 0.0000, Med: 0.6359, Spu: 0.0000, FD: 1.2718, FDAug: 0.6360, Var: 0.0000, Ctx: 6, MixCtx: 3, Train: 77.63%, Valid: 73.20%, Test In: 74.72% Test OOD1: 67.80% Test OOD2: 54.01% Test OOD3: 64.11% 
Epoch: 198, Loss: 3.8129, Cls: 1.2709, Ind: 0.0000, Med: 0.6355, Spu: 0.0000, FD: 1.2710, FDAug: 0.6355, Var: 0.0000, Ctx: 6, MixCtx: 3, Train: 77.62%, Valid: 73.21%, Test In: 74.72% Test OOD1: 67.97% Test OOD2: 53.94% Test OOD3: 64.20% 
Epoch: 199, Loss: 3.8209, Cls: 1.2736, Ind: 0.0000, Med: 0.6369, Spu: 0.0000, FD: 1.2736, FDAug: 0.6367, Var: 0.0000, Ctx: 6, MixCtx: 3, Train: 77.66%, Valid: 73.16%, Test In: 74.70% Test OOD1: 67.58% Test OOD2: 54.09% Test OOD3: 63.99% 
Epoch: 200, Loss: 3.8333, Cls: 1.2775, Ind: 0.0000, Med: 0.6386, Spu: 0.0000, FD: 1.2780, FDAug: 0.6390, Var: 0.0000, Ctx: 6, MixCtx: 3, Train: 77.64%, Valid: 73.24%, Test In: 74.74% Test OOD1: 67.77% Test OOD2: 53.91% Test OOD3: 64.14% 
Epoch: 201, Loss: 3.8493, Cls: 1.2831, Ind: 0.0000, Med: 0.6418, Spu: 0.0000, FD: 1.2829, FDAug: 0.6415, Var: 0.0000, Ctx: 6, MixCtx: 3, Train: 77.67%, Valid: 73.14%, Test In: 74.67% Test OOD1: 67.17% Test OOD2: 54.14% Test OOD3: 63.83% 
Epoch: 202, Loss: 3.8548, Cls: 1.2847, Ind: 0.0000, Med: 0.6422, Spu: 0.0000, FD: 1.2852, FDAug: 0.6427, Var: 0.0000, Ctx: 6, MixCtx: 3, Train: 77.68%, Valid: 73.24%, Test In: 74.75% Test OOD1: 67.76% Test OOD2: 53.94% Test OOD3: 64.14% 
Epoch: 203, Loss: 3.8359, Cls: 1.2785, Ind: 0.0000, Med: 0.6392, Spu: 0.0000, FD: 1.2787, FDAug: 0.6394, Var: 0.0000, Ctx: 6, MixCtx: 3, Train: 77.73%, Valid: 73.22%, Test In: 74.74% Test OOD1: 67.76% Test OOD2: 54.05% Test OOD3: 64.11% 
Epoch: 204, Loss: 3.8111, Cls: 1.2703, Ind: 0.0000, Med: 0.6353, Spu: 0.0000, FD: 1.2703, FDAug: 0.6352, Var: 0.0000, Ctx: 6, MixCtx: 3, Train: 77.70%, Valid: 73.23%, Test In: 74.74% Test OOD1: 67.92% Test OOD2: 54.03% Test OOD3: 64.18% 
Epoch: 205, Loss: 3.8102, Cls: 1.2701, Ind: 0.0000, Med: 0.6352, Spu: 0.0000, FD: 1.2699, FDAug: 0.6350, Var: 0.0000, Ctx: 6, MixCtx: 3, Train: 77.68%, Valid: 73.23%, Test In: 74.74% Test OOD1: 68.09% Test OOD2: 53.92% Test OOD3: 64.29% 
Epoch: 206, Loss: 3.8257, Cls: 1.2750, Ind: 0.0000, Med: 0.6374, Spu: 0.0000, FD: 1.2755, FDAug: 0.6377, Var: 0.0000, Ctx: 6, MixCtx: 3, Train: 77.77%, Valid: 73.19%, Test In: 74.72% Test OOD1: 67.59% Test OOD2: 54.12% Test OOD3: 64.01% 
Epoch: 207, Loss: 3.8371, Cls: 1.2790, Ind: 0.0000, Med: 0.6397, Spu: 0.0000, FD: 1.2789, FDAug: 0.6396, Var: 0.0000, Ctx: 6, MixCtx: 3, Train: 77.75%, Valid: 73.26%, Test In: 74.76% Test OOD1: 67.72% Test OOD2: 53.93% Test OOD3: 64.14% 
Epoch: 208, Loss: 3.8315, Cls: 1.2771, Ind: 0.0000, Med: 0.6386, Spu: 0.0000, FD: 1.2772, FDAug: 0.6386, Var: 0.0000, Ctx: 6, MixCtx: 3, Train: 77.81%, Valid: 73.21%, Test In: 74.74% Test OOD1: 67.39% Test OOD2: 54.08% Test OOD3: 63.97% 
Epoch: 209, Loss: 3.8111, Cls: 1.2703, Ind: 0.0000, Med: 0.6352, Spu: 0.0000, FD: 1.2704, FDAug: 0.6352, Var: 0.0000, Ctx: 6, MixCtx: 3, Train: 77.83%, Valid: 73.22%, Test In: 74.74% Test OOD1: 67.62% Test OOD2: 54.04% Test OOD3: 64.07% 
Epoch: 210, Loss: 3.8019, Cls: 1.2673, Ind: 0.0000, Med: 0.6337, Spu: 0.0000, FD: 1.2673, FDAug: 0.6337, Var: 0.0000, Ctx: 6, MixCtx: 3, Train: 77.81%, Valid: 73.24%, Test In: 74.73% Test OOD1: 67.95% Test OOD2: 53.94% Test OOD3: 64.22% 
Epoch: 211, Loss: 3.8159, Cls: 1.2719, Ind: 0.0000, Med: 0.6360, Spu: 0.0000, FD: 1.2719, FDAug: 0.6360, Var: 0.0000, Ctx: 6, MixCtx: 3, Train: 77.83%, Valid: 73.16%, Test In: 74.67% Test OOD1: 67.58% Test OOD2: 54.13% Test OOD3: 64.00% 
Epoch: 212, Loss: 3.8405, Cls: 1.2799, Ind: 0.0000, Med: 0.6398, Spu: 0.0000, FD: 1.2804, FDAug: 0.6404, Var: 0.0000, Ctx: 6, MixCtx: 3, Train: 77.80%, Valid: 73.27%, Test In: 74.76% Test OOD1: 67.88% Test OOD2: 53.90% Test OOD3: 64.21% 
Epoch: 213, Loss: 3.8625, Cls: 1.2875, Ind: 0.0000, Med: 0.6439, Spu: 0.0000, FD: 1.2874, FDAug: 0.6437, Var: 0.0000, Ctx: 6, MixCtx: 3, Train: 77.86%, Valid: 73.17%, Test In: 74.70% Test OOD1: 67.10% Test OOD2: 54.21% Test OOD3: 63.83% 
Epoch: 214, Loss: 3.8532, Cls: 1.2843, Ind: 0.0000, Med: 0.6420, Spu: 0.0000, FD: 1.2847, FDAug: 0.6422, Var: 0.0000, Ctx: 6, MixCtx: 3, Train: 77.88%, Valid: 73.28%, Test In: 74.79% Test OOD1: 67.57% Test OOD2: 54.02% Test OOD3: 64.09% 
Epoch: 215, Loss: 3.8084, Cls: 1.2695, Ind: 0.0000, Med: 0.6349, Spu: 0.0000, FD: 1.2694, FDAug: 0.6346, Var: 0.0000, Ctx: 6, MixCtx: 3, Train: 77.87%, Valid: 73.29%, Test In: 74.78% Test OOD1: 67.92% Test OOD2: 53.97% Test OOD3: 64.24% 
Epoch: 216, Loss: 3.8122, Cls: 1.2706, Ind: 0.0000, Med: 0.6353, Spu: 0.0000, FD: 1.2708, FDAug: 0.6354, Var: 0.0000, Ctx: 6, MixCtx: 3, Train: 77.85%, Valid: 73.23%, Test In: 74.73% Test OOD1: 67.80% Test OOD2: 54.15% Test OOD3: 64.11% 
Epoch: 217, Loss: 3.8474, Cls: 1.2826, Ind: 0.0000, Med: 0.6417, Spu: 0.0000, FD: 1.2821, FDAug: 0.6410, Var: 0.0000, Ctx: 6, MixCtx: 3, Train: 77.78%, Valid: 73.26%, Test In: 74.74% Test OOD1: 68.21% Test OOD2: 53.88% Test OOD3: 64.36% 
Epoch: 218, Loss: 3.8348, Cls: 1.2780, Ind: 0.0000, Med: 0.6389, Spu: 0.0000, FD: 1.2785, FDAug: 0.6394, Var: 0.0000, Ctx: 6, MixCtx: 3, Train: 77.94%, Valid: 73.27%, Test In: 74.77% Test OOD1: 67.85% Test OOD2: 54.06% Test OOD3: 64.17% 
Epoch: 219, Loss: 3.7991, Cls: 1.2663, Ind: 0.0000, Med: 0.6333, Spu: 0.0000, FD: 1.2663, FDAug: 0.6332, Var: 0.0000, Ctx: 6, MixCtx: 3, Train: 78.00%, Valid: 73.24%, Test In: 74.78% Test OOD1: 67.50% Test OOD2: 54.10% Test OOD3: 64.04% 
Epoch: 220, Loss: 3.8033, Cls: 1.2677, Ind: 0.0000, Med: 0.6338, Spu: 0.0000, FD: 1.2679, FDAug: 0.6339, Var: 0.0000, Ctx: 6, MixCtx: 3, Train: 77.95%, Valid: 73.27%, Test In: 74.79% Test OOD1: 67.63% Test OOD2: 53.94% Test OOD3: 64.12% 
Epoch: 221, Loss: 3.8220, Cls: 1.2740, Ind: 0.0000, Med: 0.6373, Spu: 0.0000, FD: 1.2737, FDAug: 0.6370, Var: 0.0000, Ctx: 6, MixCtx: 3, Train: 78.02%, Valid: 73.19%, Test In: 74.72% Test OOD1: 67.43% Test OOD2: 54.13% Test OOD3: 63.99% 
Epoch: 222, Loss: 3.8090, Cls: 1.2695, Ind: 0.0000, Med: 0.6346, Spu: 0.0000, FD: 1.2700, FDAug: 0.6350, Var: 0.0000, Ctx: 6, MixCtx: 3, Train: 78.03%, Valid: 73.22%, Test In: 74.73% Test OOD1: 67.82% Test OOD2: 54.00% Test OOD3: 64.17% 
Epoch: 223, Loss: 3.7917, Cls: 1.2639, Ind: 0.0000, Med: 0.6321, Spu: 0.0000, FD: 1.2638, FDAug: 0.6319, Var: 0.0000, Ctx: 6, MixCtx: 3, Train: 78.04%, Valid: 73.22%, Test In: 74.73% Test OOD1: 67.82% Test OOD2: 54.01% Test OOD3: 64.17% 
Epoch: 224, Loss: 3.7918, Cls: 1.2639, Ind: 0.0000, Med: 0.6321, Spu: 0.0000, FD: 1.2638, FDAug: 0.6319, Var: 0.0000, Ctx: 6, MixCtx: 3, Train: 78.07%, Valid: 73.18%, Test In: 74.69% Test OOD1: 67.39% Test OOD2: 54.14% Test OOD3: 63.96% 
Epoch: 225, Loss: 3.8030, Cls: 1.2675, Ind: 0.0000, Med: 0.6336, Spu: 0.0000, FD: 1.2679, FDAug: 0.6339, Var: 0.0000, Ctx: 6, MixCtx: 3, Train: 78.05%, Valid: 73.27%, Test In: 74.77% Test OOD1: 67.48% Test OOD2: 53.99% Test OOD3: 64.05% 
Epoch: 226, Loss: 3.8138, Cls: 1.2713, Ind: 0.0000, Med: 0.6358, Spu: 0.0000, FD: 1.2710, FDAug: 0.6357, Var: 0.0000, Ctx: 6, MixCtx: 3, Train: 78.11%, Valid: 73.19%, Test In: 74.72% Test OOD1: 67.15% Test OOD2: 54.20% Test OOD3: 63.87% 
Epoch: 227, Loss: 3.8060, Cls: 1.2686, Ind: 0.0000, Med: 0.6343, Spu: 0.0000, FD: 1.2688, FDAug: 0.6343, Var: 0.0000, Ctx: 6, MixCtx: 3, Train: 78.12%, Valid: 73.28%, Test In: 74.79% Test OOD1: 67.65% Test OOD2: 54.07% Test OOD3: 64.11% 
Epoch: 228, Loss: 3.7874, Cls: 1.2624, Ind: 0.0000, Med: 0.6312, Spu: 0.0000, FD: 1.2625, FDAug: 0.6313, Var: 0.0000, Ctx: 6, MixCtx: 3, Train: 78.13%, Valid: 73.29%, Test In: 74.78% Test OOD1: 67.79% Test OOD2: 54.08% Test OOD3: 64.17% 
Epoch: 229, Loss: 3.7834, Cls: 1.2611, Ind: 0.0000, Med: 0.6306, Spu: 0.0000, FD: 1.2611, FDAug: 0.6306, Var: 0.0000, Ctx: 6, MixCtx: 3, Train: 78.16%, Valid: 73.26%, Test In: 74.76% Test OOD1: 67.65% Test OOD2: 54.17% Test OOD3: 64.08% 
Epoch: 230, Loss: 3.7937, Cls: 1.2647, Ind: 0.0000, Med: 0.6327, Spu: 0.0000, FD: 1.2642, FDAug: 0.6321, Var: 0.0000, Ctx: 6, MixCtx: 3, Train: 78.17%, Valid: 73.31%, Test In: 74.78% Test OOD1: 67.70% Test OOD2: 54.03% Test OOD3: 64.15% 
Epoch: 231, Loss: 3.8046, Cls: 1.2679, Ind: 0.0000, Med: 0.6337, Spu: 0.0000, FD: 1.2685, FDAug: 0.6345, Var: 0.0000, Ctx: 6, MixCtx: 3, Train: 78.23%, Valid: 73.21%, Test In: 74.71% Test OOD1: 67.17% Test OOD2: 54.23% Test OOD3: 63.88% 
Epoch: 232, Loss: 3.8041, Cls: 1.2681, Ind: 0.0000, Med: 0.6343, Spu: 0.0000, FD: 1.2679, FDAug: 0.6339, Var: 0.0000, Ctx: 6, MixCtx: 3, Train: 78.24%, Valid: 73.29%, Test In: 74.76% Test OOD1: 67.46% Test OOD2: 54.05% Test OOD3: 64.04% 
Epoch: 233, Loss: 3.7883, Cls: 1.2628, Ind: 0.0000, Med: 0.6315, Spu: 0.0000, FD: 1.2627, FDAug: 0.6314, Var: 0.0000, Ctx: 6, MixCtx: 3, Train: 78.29%, Valid: 73.26%, Test In: 74.74% Test OOD1: 67.60% Test OOD2: 54.11% Test OOD3: 64.07% 
Epoch: 234, Loss: 3.7748, Cls: 1.2582, Ind: 0.0000, Med: 0.6292, Spu: 0.0000, FD: 1.2582, FDAug: 0.6291, Var: 0.0000, Ctx: 6, MixCtx: 3, Train: 78.29%, Valid: 73.24%, Test In: 74.72% Test OOD1: 67.70% Test OOD2: 54.11% Test OOD3: 64.11% 
Epoch: 235, Loss: 3.7779, Cls: 1.2592, Ind: 0.0000, Med: 0.6297, Spu: 0.0000, FD: 1.2593, FDAug: 0.6297, Var: 0.0000, Ctx: 6, MixCtx: 3, Train: 78.32%, Valid: 73.29%, Test In: 74.75% Test OOD1: 67.76% Test OOD2: 54.01% Test OOD3: 64.17% 
Epoch: 236, Loss: 3.7891, Cls: 1.2630, Ind: 0.0000, Med: 0.6317, Spu: 0.0000, FD: 1.2629, FDAug: 0.6315, Var: 0.0000, Ctx: 6, MixCtx: 3, Train: 78.35%, Valid: 73.17%, Test In: 74.67% Test OOD1: 67.15% Test OOD2: 54.24% Test OOD3: 63.86% 
Epoch: 237, Loss: 3.8060, Cls: 1.2685, Ind: 0.0000, Med: 0.6341, Spu: 0.0000, FD: 1.2691, FDAug: 0.6344, Var: 0.0000, Ctx: 6, MixCtx: 3, Train: 78.30%, Valid: 73.30%, Test In: 74.76% Test OOD1: 67.36% Test OOD2: 53.98% Test OOD3: 64.03% 
Epoch: 238, Loss: 3.8144, Cls: 1.2715, Ind: 0.0000, Med: 0.6361, Spu: 0.0000, FD: 1.2710, FDAug: 0.6357, Var: 0.0000, Ctx: 6, MixCtx: 3, Train: 78.41%, Valid: 73.24%, Test In: 74.74% Test OOD1: 67.38% Test OOD2: 54.23% Test OOD3: 63.97% 
Epoch: 239, Loss: 3.7969, Cls: 1.2656, Ind: 0.0000, Med: 0.6327, Spu: 0.0000, FD: 1.2659, FDAug: 0.6327, Var: 0.0000, Ctx: 6, MixCtx: 3, Train: 78.36%, Valid: 73.34%, Test In: 74.79% Test OOD1: 67.84% Test OOD2: 54.05% Test OOD3: 64.22% 
Epoch: 240, Loss: 3.7755, Cls: 1.2584, Ind: 0.0000, Med: 0.6294, Spu: 0.0000, FD: 1.2583, FDAug: 0.6293, Var: 0.0000, Ctx: 6, MixCtx: 3, Train: 78.40%, Valid: 73.32%, Test In: 74.79% Test OOD1: 67.79% Test OOD2: 54.09% Test OOD3: 64.17% 
Epoch: 241, Loss: 3.7671, Cls: 1.2557, Ind: 0.0000, Med: 0.6280, Spu: 0.0000, FD: 1.2556, FDAug: 0.6278, Var: 0.0000, Ctx: 6, MixCtx: 3, Train: 78.50%, Valid: 73.24%, Test In: 74.73% Test OOD1: 67.41% Test OOD2: 54.19% Test OOD3: 63.99% 
Epoch: 242, Loss: 3.7745, Cls: 1.2581, Ind: 0.0000, Med: 0.6291, Spu: 0.0000, FD: 1.2582, FDAug: 0.6290, Var: 0.0000, Ctx: 6, MixCtx: 3, Train: 78.47%, Valid: 73.28%, Test In: 74.73% Test OOD1: 67.33% Test OOD2: 54.02% Test OOD3: 63.99% 
Epoch: 243, Loss: 3.7907, Cls: 1.2635, Ind: 0.0000, Med: 0.6319, Spu: 0.0000, FD: 1.2634, FDAug: 0.6320, Var: 0.0000, Ctx: 6, MixCtx: 3, Train: 78.53%, Valid: 73.10%, Test In: 74.60% Test OOD1: 67.07% Test OOD2: 54.25% Test OOD3: 63.79% 
Epoch: 244, Loss: 3.8029, Cls: 1.2676, Ind: 0.0000, Med: 0.6339, Spu: 0.0000, FD: 1.2677, FDAug: 0.6336, Var: 0.0000, Ctx: 6, MixCtx: 3, Train: 78.52%, Valid: 73.30%, Test In: 74.75% Test OOD1: 67.58% Test OOD2: 54.01% Test OOD3: 64.09% 
Epoch: 245, Loss: 3.8103, Cls: 1.2699, Ind: 0.0000, Med: 0.6350, Spu: 0.0000, FD: 1.2700, FDAug: 0.6354, Var: 0.0000, Ctx: 6, MixCtx: 3, Train: 78.56%, Valid: 73.15%, Test In: 74.63% Test OOD1: 67.29% Test OOD2: 54.26% Test OOD3: 63.88% 
Epoch: 246, Loss: 3.8063, Cls: 1.2687, Ind: 0.0000, Med: 0.6344, Spu: 0.0000, FD: 1.2688, FDAug: 0.6343, Var: 0.0000, Ctx: 6, MixCtx: 3, Train: 78.57%, Valid: 73.32%, Test In: 74.78% Test OOD1: 67.61% Test OOD2: 54.03% Test OOD3: 64.11% 
Epoch: 247, Loss: 3.7802, Cls: 1.2601, Ind: 0.0000, Med: 0.6302, Spu: 0.0000, FD: 1.2599, FDAug: 0.6300, Var: 0.0000, Ctx: 6, MixCtx: 3, Train: 78.64%, Valid: 73.29%, Test In: 74.77% Test OOD1: 67.51% Test OOD2: 54.12% Test OOD3: 64.04% 
Epoch: 248, Loss: 3.7580, Cls: 1.2527, Ind: 0.0000, Med: 0.6265, Spu: 0.0000, FD: 1.2526, FDAug: 0.6262, Var: 0.0000, Ctx: 6, MixCtx: 3, Train: 78.67%, Valid: 73.23%, Test In: 74.72% Test OOD1: 67.49% Test OOD2: 54.18% Test OOD3: 64.01% 
Epoch: 249, Loss: 3.7675, Cls: 1.2558, Ind: 0.0000, Med: 0.6280, Spu: 0.0000, FD: 1.2559, FDAug: 0.6278, Var: 0.0000, Ctx: 6, MixCtx: 3, Train: 78.64%, Valid: 73.29%, Test In: 74.76% Test OOD1: 67.68% Test OOD2: 53.99% Test OOD3: 64.14% 
Epoch: 250, Loss: 3.7908, Cls: 1.2634, Ind: 0.0000, Med: 0.6317, Spu: 0.0000, FD: 1.2635, FDAug: 0.6321, Var: 0.0000, Ctx: 6, MixCtx: 3, Train: 78.71%, Valid: 73.06%, Test In: 74.58% Test OOD1: 67.15% Test OOD2: 54.26% Test OOD3: 63.84% 
Epoch: 251, Loss: 3.8074, Cls: 1.2692, Ind: 0.0000, Med: 0.6348, Spu: 0.0000, FD: 1.2690, FDAug: 0.6344, Var: 0.0000, Ctx: 6, MixCtx: 3, Train: 78.66%, Valid: 73.23%, Test In: 74.71% Test OOD1: 67.26% Test OOD2: 53.97% Test OOD3: 63.97% 
Epoch: 252, Loss: 3.8068, Cls: 1.2688, Ind: 0.0000, Med: 0.6345, Spu: 0.0000, FD: 1.2688, FDAug: 0.6348, Var: 0.0000, Ctx: 6, MixCtx: 3, Train: 78.78%, Valid: 73.15%, Test In: 74.66% Test OOD1: 67.29% Test OOD2: 54.24% Test OOD3: 63.90% 
Epoch: 253, Loss: 3.7803, Cls: 1.2601, Ind: 0.0000, Med: 0.6301, Spu: 0.0000, FD: 1.2602, FDAug: 0.6299, Var: 0.0000, Ctx: 6, MixCtx: 3, Train: 78.74%, Valid: 73.28%, Test In: 74.76% Test OOD1: 67.73% Test OOD2: 54.06% Test OOD3: 64.12% 
Epoch: 254, Loss: 3.7507, Cls: 1.2503, Ind: 0.0000, Med: 0.6253, Spu: 0.0000, FD: 1.2501, FDAug: 0.6250, Var: 0.0000, Ctx: 6, MixCtx: 3, Train: 78.76%, Valid: 73.28%, Test In: 74.77% Test OOD1: 67.72% Test OOD2: 54.04% Test OOD3: 64.12% 
Epoch: 255, Loss: 3.7542, Cls: 1.2514, Ind: 0.0000, Med: 0.6259, Spu: 0.0000, FD: 1.2512, FDAug: 0.6257, Var: 0.0000, Ctx: 6, MixCtx: 3, Train: 78.86%, Valid: 73.13%, Test In: 74.65% Test OOD1: 67.23% Test OOD2: 54.25% Test OOD3: 63.87% 
Epoch: 256, Loss: 3.7729, Cls: 1.2575, Ind: 0.0000, Med: 0.6287, Spu: 0.0000, FD: 1.2579, FDAug: 0.6287, Var: 0.0000, Ctx: 6, MixCtx: 3, Train: 78.84%, Valid: 73.20%, Test In: 74.69% Test OOD1: 67.16% Test OOD2: 54.02% Test OOD3: 63.90% 
Epoch: 257, Loss: 3.7726, Cls: 1.2576, Ind: 0.0000, Med: 0.6292, Spu: 0.0000, FD: 1.2571, FDAug: 0.6287, Var: 0.0000, Ctx: 6, MixCtx: 3, Train: 78.93%, Valid: 73.09%, Test In: 74.60% Test OOD1: 67.12% Test OOD2: 54.22% Test OOD3: 63.83% 
Epoch: 258, Loss: 3.7520, Cls: 1.2506, Ind: 0.0000, Med: 0.6254, Spu: 0.0000, FD: 1.2507, FDAug: 0.6252, Var: 0.0000, Ctx: 6, MixCtx: 3, Train: 78.95%, Valid: 73.19%, Test In: 74.68% Test OOD1: 67.40% Test OOD2: 54.10% Test OOD3: 63.97% 
Epoch: 259, Loss: 3.7373, Cls: 1.2457, Ind: 0.0000, Med: 0.6230, Spu: 0.0000, FD: 1.2456, FDAug: 0.6229, Var: 0.0000, Ctx: 6, MixCtx: 3, Train: 79.00%, Valid: 73.18%, Test In: 74.67% Test OOD1: 67.26% Test OOD2: 54.13% Test OOD3: 63.92% 
Epoch: 260, Loss: 3.7324, Cls: 1.2441, Ind: 0.0000, Med: 0.6222, Spu: 0.0000, FD: 1.2440, FDAug: 0.6221, Var: 0.0000, Ctx: 6, MixCtx: 3, Train: 79.03%, Valid: 73.11%, Test In: 74.62% Test OOD1: 66.97% Test OOD2: 54.23% Test OOD3: 63.80% 
Epoch: 261, Loss: 3.7380, Cls: 1.2460, Ind: 0.0000, Med: 0.6232, Spu: 0.0000, FD: 1.2459, FDAug: 0.6228, Var: 0.0000, Ctx: 6, MixCtx: 3, Train: 79.02%, Valid: 73.21%, Test In: 74.68% Test OOD1: 67.11% Test OOD2: 54.10% Test OOD3: 63.89% 
Epoch: 262, Loss: 3.7470, Cls: 1.2489, Ind: 0.0000, Med: 0.6245, Spu: 0.0000, FD: 1.2489, FDAug: 0.6247, Var: 0.0000, Ctx: 6, MixCtx: 3, Train: 79.06%, Valid: 73.11%, Test In: 74.60% Test OOD1: 67.18% Test OOD2: 54.29% Test OOD3: 63.85% 
Epoch: 263, Loss: 3.7569, Cls: 1.2524, Ind: 0.0000, Med: 0.6264, Spu: 0.0000, FD: 1.2521, FDAug: 0.6259, Var: 0.0000, Ctx: 6, MixCtx: 3, Train: 79.06%, Valid: 73.25%, Test In: 74.71% Test OOD1: 67.33% Test OOD2: 54.04% Test OOD3: 63.97% 
Epoch: 264, Loss: 3.7645, Cls: 1.2547, Ind: 0.0000, Med: 0.6275, Spu: 0.0000, FD: 1.2547, FDAug: 0.6276, Var: 0.0000, Ctx: 6, MixCtx: 3, Train: 79.15%, Valid: 73.08%, Test In: 74.55% Test OOD1: 66.94% Test OOD2: 54.30% Test OOD3: 63.73% 
Epoch: 265, Loss: 3.7624, Cls: 1.2541, Ind: 0.0000, Med: 0.6271, Spu: 0.0000, FD: 1.2542, FDAug: 0.6269, Var: 0.0000, Ctx: 6, MixCtx: 3, Train: 79.15%, Valid: 73.20%, Test In: 74.65% Test OOD1: 67.06% Test OOD2: 54.04% Test OOD3: 63.84% 
Epoch: 266, Loss: 3.7463, Cls: 1.2487, Ind: 0.0000, Med: 0.6246, Spu: 0.0000, FD: 1.2485, FDAug: 0.6244, Var: 0.0000, Ctx: 6, MixCtx: 3, Train: 79.22%, Valid: 73.12%, Test In: 74.57% Test OOD1: 67.23% Test OOD2: 54.17% Test OOD3: 63.84% 
Epoch: 267, Loss: 3.7253, Cls: 1.2418, Ind: 0.0000, Med: 0.6211, Spu: 0.0000, FD: 1.2417, FDAug: 0.6207, Var: 0.0000, Ctx: 6, MixCtx: 3, Train: 79.26%, Valid: 73.14%, Test In: 74.57% Test OOD1: 67.27% Test OOD2: 54.09% Test OOD3: 63.87% 
Epoch: 268, Loss: 3.7158, Cls: 1.2386, Ind: 0.0000, Med: 0.6194, Spu: 0.0000, FD: 1.2385, FDAug: 0.6193, Var: 0.0000, Ctx: 6, MixCtx: 3, Train: 79.29%, Valid: 73.09%, Test In: 74.51% Test OOD1: 66.90% Test OOD2: 54.07% Test OOD3: 63.71% 
Epoch: 269, Loss: 3.7171, Cls: 1.2390, Ind: 0.0000, Med: 0.6197, Spu: 0.0000, FD: 1.2389, FDAug: 0.6195, Var: 0.0000, Ctx: 6, MixCtx: 3, Train: 79.33%, Valid: 72.95%, Test In: 74.39% Test OOD1: 66.65% Test OOD2: 54.20% Test OOD3: 63.57% 
Epoch: 270, Loss: 3.7324, Cls: 1.2441, Ind: 0.0000, Med: 0.6223, Spu: 0.0000, FD: 1.2440, FDAug: 0.6219, Var: 0.0000, Ctx: 6, MixCtx: 3, Train: 79.28%, Valid: 73.15%, Test In: 74.54% Test OOD1: 66.93% Test OOD2: 53.98% Test OOD3: 63.76% 
Epoch: 271, Loss: 3.7786, Cls: 1.2592, Ind: 0.0000, Med: 0.6297, Spu: 0.0000, FD: 1.2595, FDAug: 0.6302, Var: 0.0000, Ctx: 6, MixCtx: 3, Train: 79.13%, Valid: 72.88%, Test In: 74.33% Test OOD1: 66.97% Test OOD2: 54.38% Test OOD3: 63.60% 
Epoch: 272, Loss: 3.8918, Cls: 1.2973, Ind: 0.0000, Med: 0.6490, Spu: 0.0000, FD: 1.2970, FDAug: 0.6485, Var: 0.0000, Ctx: 6, MixCtx: 3, Train: 78.94%, Valid: 73.25%, Test In: 74.66% Test OOD1: 67.31% Test OOD2: 53.74% Test OOD3: 63.95% 
Epoch: 273, Loss: 3.9323, Cls: 1.3108, Ind: 0.0000, Med: 0.6560, Spu: 0.0000, FD: 1.3098, FDAug: 0.6557, Var: 0.0000, Ctx: 6, MixCtx: 3, Train: 79.18%, Valid: 73.22%, Test In: 74.61% Test OOD1: 66.86% Test OOD2: 54.09% Test OOD3: 63.71% 
Epoch: 274, Loss: 3.7945, Cls: 1.2651, Ind: 0.0000, Med: 0.6331, Spu: 0.0000, FD: 1.2645, FDAug: 0.6318, Var: 0.0000, Ctx: 6, MixCtx: 3, Train: 79.15%, Valid: 73.15%, Test In: 74.53% Test OOD1: 67.24% Test OOD2: 54.26% Test OOD3: 63.76% 
Epoch: 275, Loss: 3.8522, Cls: 1.2837, Ind: 0.0000, Med: 0.6416, Spu: 0.0000, FD: 1.2848, FDAug: 0.6420, Var: 0.0000, Ctx: 6, MixCtx: 3, Train: 78.88%, Valid: 73.22%, Test In: 74.49% Test OOD1: 68.03% Test OOD2: 53.89% Test OOD3: 64.18% 
Epoch: 276, Loss: 3.7851, Cls: 1.2617, Ind: 0.0000, Med: 0.6313, Spu: 0.0000, FD: 1.2612, FDAug: 0.6308, Var: 0.0000, Ctx: 6, MixCtx: 3, Train: 79.14%, Valid: 72.97%, Test In: 74.24% Test OOD1: 67.69% Test OOD2: 53.89% Test OOD3: 64.01% 
Epoch: 277, Loss: 3.7392, Cls: 1.2462, Ind: 0.0000, Med: 0.6230, Spu: 0.0000, FD: 1.2466, FDAug: 0.6235, Var: 0.0000, Ctx: 6, MixCtx: 3, Train: 78.84%, Valid: 72.22%, Test In: 73.43% Test OOD1: 65.86% Test OOD2: 53.96% Test OOD3: 63.13% 
Epoch: 278, Loss: 3.8363, Cls: 1.2788, Ind: 0.0000, Med: 0.6397, Spu: 0.0000, FD: 1.2787, FDAug: 0.6391, Var: 0.0000, Ctx: 6, MixCtx: 3, Train: 78.45%, Valid: 72.52%, Test In: 73.76% Test OOD1: 65.10% Test OOD2: 53.94% Test OOD3: 63.02% 
Epoch: 279, Loss: 3.8611, Cls: 1.2875, Ind: 0.0000, Med: 0.6452, Spu: 0.0000, FD: 1.2851, FDAug: 0.6432, Var: 0.0000, Ctx: 6, MixCtx: 3, Train: 79.39%, Valid: 72.93%, Test In: 74.28% Test OOD1: 67.22% Test OOD2: 54.01% Test OOD3: 63.82% 
Epoch: 280, Loss: 3.7289, Cls: 1.2429, Ind: 0.0000, Med: 0.6217, Spu: 0.0000, FD: 1.2428, FDAug: 0.6214, Var: 0.0000, Ctx: 6, MixCtx: 3, Train: 78.75%, Valid: 73.05%, Test In: 74.47% Test OOD1: 67.93% Test OOD2: 54.03% Test OOD3: 64.15% 
Epoch: 281, Loss: 3.7537, Cls: 1.2515, Ind: 0.0000, Med: 0.6266, Spu: 0.0000, FD: 1.2504, FDAug: 0.6252, Var: 0.0000, Ctx: 6, MixCtx: 3, Train: 78.51%, Valid: 73.14%, Test In: 74.59% Test OOD1: 67.99% Test OOD2: 53.86% Test OOD3: 64.18% 
Epoch: 282, Loss: 3.7713, Cls: 1.2571, Ind: 0.0000, Med: 0.6288, Spu: 0.0000, FD: 1.2568, FDAug: 0.6286, Var: 0.0000, Ctx: 6, MixCtx: 3, Train: 78.99%, Valid: 73.20%, Test In: 74.69% Test OOD1: 67.46% Test OOD2: 53.91% Test OOD3: 63.97% 
Epoch: 283, Loss: 3.7467, Cls: 1.2488, Ind: 0.0000, Med: 0.6243, Spu: 0.0000, FD: 1.2493, FDAug: 0.6244, Var: 0.0000, Ctx: 6, MixCtx: 3, Train: 79.25%, Valid: 73.13%, Test In: 74.58% Test OOD1: 66.57% Test OOD2: 54.03% Test OOD3: 63.65% 
Epoch: 284, Loss: 3.7547, Cls: 1.2513, Ind: 0.0000, Med: 0.6253, Spu: 0.0000, FD: 1.2522, FDAug: 0.6257, Var: 0.0000, Ctx: 6, MixCtx: 3, Train: 79.41%, Valid: 73.13%, Test In: 74.53% Test OOD1: 66.67% Test OOD2: 54.05% Test OOD3: 63.63% 
Epoch: 285, Loss: 3.7212, Cls: 1.2406, Ind: 0.0000, Med: 0.6207, Spu: 0.0000, FD: 1.2401, FDAug: 0.6199, Var: 0.0000, Ctx: 6, MixCtx: 3, Train: 79.42%, Valid: 72.99%, Test In: 74.36% Test OOD1: 66.95% Test OOD2: 54.15% Test OOD3: 63.68% 
Epoch: 286, Loss: 3.7095, Cls: 1.2364, Ind: 0.0000, Med: 0.6182, Spu: 0.0000, FD: 1.2365, FDAug: 0.6183, Var: 0.0000, Ctx: 6, MixCtx: 3, Train: 79.29%, Valid: 72.81%, Test In: 74.14% Test OOD1: 66.68% Test OOD2: 54.16% Test OOD3: 63.40% 
Epoch: 287, Loss: 3.7420, Cls: 1.2472, Ind: 0.0000, Med: 0.6237, Spu: 0.0000, FD: 1.2473, FDAug: 0.6237, Var: 0.0000, Ctx: 6, MixCtx: 3, Train: 79.38%, Valid: 72.95%, Test In: 74.23% Test OOD1: 66.44% Test OOD2: 54.25% Test OOD3: 63.47% 
Epoch: 288, Loss: 3.7388, Cls: 1.2460, Ind: 0.0000, Med: 0.6229, Spu: 0.0000, FD: 1.2465, FDAug: 0.6234, Var: 0.0000, Ctx: 6, MixCtx: 3, Train: 79.36%, Valid: 72.71%, Test In: 74.05% Test OOD1: 65.46% Test OOD2: 54.44% Test OOD3: 63.12% 
Epoch: 289, Loss: 3.7283, Cls: 1.2429, Ind: 0.0000, Med: 0.6220, Spu: 0.0000, FD: 1.2422, FDAug: 0.6212, Var: 0.0000, Ctx: 6, MixCtx: 3, Train: 79.50%, Valid: 72.97%, Test In: 74.33% Test OOD1: 66.09% Test OOD2: 54.46% Test OOD3: 63.54% 
Epoch: 290, Loss: 3.7088, Cls: 1.2361, Ind: 0.0000, Med: 0.6182, Spu: 0.0000, FD: 1.2363, FDAug: 0.6182, Var: 0.0000, Ctx: 6, MixCtx: 3, Train: 79.43%, Valid: 73.13%, Test In: 74.53% Test OOD1: 66.88% Test OOD2: 54.46% Test OOD3: 63.90% 
Epoch: 291, Loss: 3.7112, Cls: 1.2369, Ind: 0.0000, Med: 0.6185, Spu: 0.0000, FD: 1.2371, FDAug: 0.6186, Var: 0.0000, Ctx: 6, MixCtx: 3, Train: 79.35%, Valid: 73.07%, Test In: 74.52% Test OOD1: 67.05% Test OOD2: 54.52% Test OOD3: 63.91% 
Epoch: 292, Loss: 3.7230, Cls: 1.2412, Ind: 0.0000, Med: 0.6213, Spu: 0.0000, FD: 1.2403, FDAug: 0.6201, Var: 0.0000, Ctx: 6, MixCtx: 3, Train: 79.55%, Valid: 73.09%, Test In: 74.46% Test OOD1: 67.13% Test OOD2: 54.31% Test OOD3: 63.99% 
Epoch: 293, Loss: 3.7030, Cls: 1.2343, Ind: 0.0000, Med: 0.6173, Spu: 0.0000, FD: 1.2342, FDAug: 0.6171, Var: 0.0000, Ctx: 6, MixCtx: 3, Train: 79.70%, Valid: 72.88%, Test In: 74.20% Test OOD1: 66.61% Test OOD2: 54.22% Test OOD3: 63.71% 
Epoch: 294, Loss: 3.6906, Cls: 1.2302, Ind: 0.0000, Med: 0.6154, Spu: 0.0000, FD: 1.2300, FDAug: 0.6150, Var: 0.0000, Ctx: 6, MixCtx: 3, Train: 79.65%, Valid: 72.65%, Test In: 73.95% Test OOD1: 66.21% Test OOD2: 54.17% Test OOD3: 63.43% 
Epoch: 295, Loss: 3.7004, Cls: 1.2332, Ind: 0.0000, Med: 0.6165, Spu: 0.0000, FD: 1.2338, FDAug: 0.6169, Var: 0.0000, Ctx: 6, MixCtx: 3, Train: 79.65%, Valid: 72.83%, Test In: 74.05% Test OOD1: 66.73% Test OOD2: 54.02% Test OOD3: 63.60% 
Epoch: 296, Loss: 3.7116, Cls: 1.2373, Ind: 0.0000, Med: 0.6192, Spu: 0.0000, FD: 1.2366, FDAug: 0.6185, Var: 0.0000, Ctx: 6, MixCtx: 3, Train: 79.72%, Valid: 72.69%, Test In: 73.97% Test OOD1: 66.75% Test OOD2: 54.08% Test OOD3: 63.50% 
Epoch: 297, Loss: 3.7201, Cls: 1.2395, Ind: 0.0000, Med: 0.6193, Spu: 0.0000, FD: 1.2409, FDAug: 0.6203, Var: 0.0000, Ctx: 6, MixCtx: 3, Train: 79.76%, Valid: 73.00%, Test In: 74.21% Test OOD1: 67.05% Test OOD2: 53.94% Test OOD3: 63.75% 
Epoch: 298, Loss: 3.7106, Cls: 1.2371, Ind: 0.0000, Med: 0.6192, Spu: 0.0000, FD: 1.2361, FDAug: 0.6182, Var: 0.0000, Ctx: 6, MixCtx: 3, Train: 79.89%, Valid: 72.94%, Test In: 74.17% Test OOD1: 66.72% Test OOD2: 54.07% Test OOD3: 63.57% 
Epoch: 299, Loss: 3.6982, Cls: 1.2326, Ind: 0.0000, Med: 0.6162, Spu: 0.0000, FD: 1.2330, FDAug: 0.6164, Var: 0.0000, Ctx: 6, MixCtx: 3, Train: 79.86%, Valid: 73.08%, Test In: 74.26% Test OOD1: 66.93% Test OOD2: 54.01% Test OOD3: 63.64% 
Epoch: 300, Loss: 3.6834, Cls: 1.2278, Ind: 0.0000, Med: 0.6142, Spu: 0.0000, FD: 1.2276, FDAug: 0.6137, Var: 0.0000, Ctx: 6, MixCtx: 3, Train: 79.84%, Valid: 73.15%, Test In: 74.32% Test OOD1: 67.17% Test OOD2: 53.96% Test OOD3: 63.71% 
Epoch: 301, Loss: 3.6922, Cls: 1.2307, Ind: 0.0000, Med: 0.6155, Spu: 0.0000, FD: 1.2307, FDAug: 0.6153, Var: 0.0000, Ctx: 6, MixCtx: 3, Train: 79.98%, Valid: 72.89%, Test In: 74.08% Test OOD1: 66.73% Test OOD2: 54.06% Test OOD3: 63.37% 
Epoch: 302, Loss: 3.6958, Cls: 1.2322, Ind: 0.0000, Med: 0.6167, Spu: 0.0000, FD: 1.2313, FDAug: 0.6156, Var: 0.0000, Ctx: 6, MixCtx: 3, Train: 80.01%, Valid: 72.94%, Test In: 74.01% Test OOD1: 66.29% Test OOD2: 53.89% Test OOD3: 63.15% 
Epoch: 303, Loss: 3.6867, Cls: 1.2286, Ind: 0.0000, Med: 0.6143, Spu: 0.0000, FD: 1.2291, FDAug: 0.6147, Var: 0.0000, Ctx: 6, MixCtx: 3, Train: 80.02%, Valid: 72.67%, Test In: 73.77% Test OOD1: 66.01% Test OOD2: 53.94% Test OOD3: 62.92% 
Epoch: 304, Loss: 3.6758, Cls: 1.2254, Ind: 0.0000, Med: 0.6132, Spu: 0.0000, FD: 1.2248, FDAug: 0.6124, Var: 0.0000, Ctx: 6, MixCtx: 3, Train: 80.12%, Valid: 72.86%, Test In: 73.99% Test OOD1: 66.45% Test OOD2: 53.88% Test OOD3: 63.18% 
Epoch: 305, Loss: 3.6653, Cls: 1.2215, Ind: 0.0000, Med: 0.6107, Spu: 0.0000, FD: 1.2221, FDAug: 0.6111, Var: 0.0000, Ctx: 6, MixCtx: 3, Train: 80.18%, Valid: 72.77%, Test In: 74.01% Test OOD1: 66.39% Test OOD2: 53.92% Test OOD3: 63.24% 
Epoch: 306, Loss: 3.6575, Cls: 1.2192, Ind: 0.0000, Med: 0.6099, Spu: 0.0000, FD: 1.2189, FDAug: 0.6095, Var: 0.0000, Ctx: 6, MixCtx: 3, Train: 80.21%, Valid: 72.78%, Test In: 74.04% Test OOD1: 66.26% Test OOD2: 53.89% Test OOD3: 63.29% 
Epoch: 307, Loss: 3.6557, Cls: 1.2185, Ind: 0.0000, Med: 0.6094, Spu: 0.0000, FD: 1.2185, FDAug: 0.6092, Var: 0.0000, Ctx: 6, MixCtx: 3, Train: 80.24%, Valid: 72.72%, Test In: 74.03% Test OOD1: 66.29% Test OOD2: 53.95% Test OOD3: 63.35% 
Epoch: 308, Loss: 3.6521, Cls: 1.2174, Ind: 0.0000, Med: 0.6090, Spu: 0.0000, FD: 1.2172, FDAug: 0.6086, Var: 0.0000, Ctx: 6, MixCtx: 3, Train: 80.29%, Valid: 72.67%, Test In: 73.98% Test OOD1: 66.34% Test OOD2: 53.99% Test OOD3: 63.37% 
Epoch: 309, Loss: 3.6478, Cls: 1.2159, Ind: 0.0000, Med: 0.6082, Spu: 0.0000, FD: 1.2158, FDAug: 0.6079, Var: 0.0000, Ctx: 6, MixCtx: 3, Train: 80.32%, Valid: 72.56%, Test In: 73.79% Test OOD1: 66.04% Test OOD2: 53.95% Test OOD3: 63.20% 
Epoch: 310, Loss: 3.6460, Cls: 1.2152, Ind: 0.0000, Med: 0.6077, Spu: 0.0000, FD: 1.2154, FDAug: 0.6077, Var: 0.0000, Ctx: 6, MixCtx: 3, Train: 80.35%, Valid: 72.42%, Test In: 73.64% Test OOD1: 65.82% Test OOD2: 53.95% Test OOD3: 63.05% 
Epoch: 311, Loss: 3.6475, Cls: 1.2157, Ind: 0.0000, Med: 0.6080, Spu: 0.0000, FD: 1.2158, FDAug: 0.6080, Var: 0.0000, Ctx: 6, MixCtx: 3, Train: 80.38%, Valid: 72.64%, Test In: 73.80% Test OOD1: 66.01% Test OOD2: 53.87% Test OOD3: 63.21% 
Epoch: 312, Loss: 3.6661, Cls: 1.2217, Ind: 0.0000, Med: 0.6109, Spu: 0.0000, FD: 1.2222, FDAug: 0.6113, Var: 0.0000, Ctx: 6, MixCtx: 3, Train: 80.25%, Valid: 72.25%, Test In: 73.58% Test OOD1: 66.03% Test OOD2: 54.05% Test OOD3: 62.99% 
Epoch: 313, Loss: 3.8207, Cls: 1.2732, Ind: 0.0000, Med: 0.6364, Spu: 0.0000, FD: 1.2740, FDAug: 0.6371, Var: 0.0000, Ctx: 6, MixCtx: 3, Train: 79.46%, Valid: 72.97%, Test In: 73.85% Test OOD1: 66.14% Test OOD2: 53.42% Test OOD3: 63.28% 
Epoch: 314, Loss: 4.3356, Cls: 1.4455, Ind: 0.0000, Med: 0.7240, Spu: 0.0000, FD: 1.4435, FDAug: 0.7226, Var: 0.0000, Ctx: 6, MixCtx: 3, Train: 79.81%, Valid: 72.15%, Test In: 73.53% Test OOD1: 65.74% Test OOD2: 54.14% Test OOD3: 63.00% 
Epoch: 315, Loss: 4.2284, Cls: 1.4069, Ind: 0.0000, Med: 0.7003, Spu: 0.0000, FD: 1.4141, FDAug: 0.7071, Var: 0.0000, Ctx: 6, MixCtx: 3, Train: 78.96%, Valid: 72.48%, Test In: 73.69% Test OOD1: 66.66% Test OOD2: 54.28% Test OOD3: 63.30% 
Epoch: 316, Loss: 4.1720, Cls: 1.3902, Ind: 0.0000, Med: 0.6952, Spu: 0.0000, FD: 1.3911, FDAug: 0.6955, Var: 0.0000, Ctx: 6, MixCtx: 3, Train: 78.43%, Valid: 73.04%, Test In: 74.08% Test OOD1: 67.73% Test OOD2: 54.22% Test OOD3: 63.85% 
Epoch: 317, Loss: 4.0051, Cls: 1.3361, Ind: 0.0000, Med: 0.6701, Spu: 0.0000, FD: 1.3327, FDAug: 0.6662, Var: 0.0000, Ctx: 6, MixCtx: 3, Train: 77.79%, Valid: 73.12%, Test In: 74.06% Test OOD1: 68.19% Test OOD2: 53.90% Test OOD3: 64.14% 
Epoch: 318, Loss: 4.1526, Cls: 1.3845, Ind: 0.0000, Med: 0.6930, Spu: 0.0000, FD: 1.3837, FDAug: 0.6915, Var: 0.0000, Ctx: 6, MixCtx: 3, Train: 77.31%, Valid: 72.85%, Test In: 73.78% Test OOD1: 68.12% Test OOD2: 53.73% Test OOD3: 64.16% 
Epoch: 319, Loss: 4.1017, Cls: 1.3666, Ind: 0.0000, Med: 0.6828, Spu: 0.0000, FD: 1.3684, FDAug: 0.6840, Var: 0.0000, Ctx: 6, MixCtx: 3, Train: 76.58%, Valid: 72.11%, Test In: 73.16% Test OOD1: 67.56% Test OOD2: 53.72% Test OOD3: 63.84% 
Epoch: 320, Loss: 3.9144, Cls: 1.3035, Ind: 0.0000, Med: 0.6507, Spu: 0.0000, FD: 1.3068, FDAug: 0.6533, Var: 0.0000, Ctx: 6, MixCtx: 3, Train: 75.62%, Valid: 71.27%, Test In: 72.35% Test OOD1: 66.63% Test OOD2: 53.46% Test OOD3: 63.22% 
Epoch: 321, Loss: 4.0232, Cls: 1.3408, Ind: 0.0000, Med: 0.6710, Spu: 0.0000, FD: 1.3411, FDAug: 0.6703, Var: 0.0000, Ctx: 6, MixCtx: 3, Train: 75.77%, Valid: 71.46%, Test In: 72.49% Test OOD1: 66.73% Test OOD2: 53.33% Test OOD3: 63.23% 
Epoch: 322, Loss: 4.0133, Cls: 1.3371, Ind: 0.0000, Med: 0.6686, Spu: 0.0000, FD: 1.3383, FDAug: 0.6694, Var: 0.0000, Ctx: 6, MixCtx: 3, Train: 76.32%, Valid: 72.03%, Test In: 73.09% Test OOD1: 67.53% Test OOD2: 53.26% Test OOD3: 63.84% 
Epoch: 323, Loss: 3.8990, Cls: 1.2991, Ind: 0.0000, Med: 0.6498, Spu: 0.0000, FD: 1.3001, FDAug: 0.6501, Var: 0.0000, Ctx: 6, MixCtx: 3, Train: 76.66%, Valid: 72.22%, Test In: 73.36% Test OOD1: 67.90% Test OOD2: 53.16% Test OOD3: 64.11% 
Epoch: 324, Loss: 3.9941, Cls: 1.3329, Ind: 0.0000, Med: 0.6704, Spu: 0.0000, FD: 1.3271, FDAug: 0.6637, Var: 0.0000, Ctx: 6, MixCtx: 3, Train: 77.86%, Valid: 72.62%, Test In: 73.76% Test OOD1: 67.94% Test OOD2: 53.23% Test OOD3: 64.09% 
Epoch: 325, Loss: 3.8542, Cls: 1.2844, Ind: 0.0000, Med: 0.6428, Spu: 0.0000, FD: 1.2847, FDAug: 0.6423, Var: 0.0000, Ctx: 6, MixCtx: 3, Train: 79.11%, Valid: 72.91%, Test In: 74.13% Test OOD1: 67.27% Test OOD2: 53.53% Test OOD3: 63.82% 
Epoch: 326, Loss: 3.8482, Cls: 1.2806, Ind: 0.0000, Med: 0.6379, Spu: 0.0000, FD: 1.2865, FDAug: 0.6432, Var: 0.0000, Ctx: 6, MixCtx: 3, Train: 79.16%, Valid: 72.84%, Test In: 74.17% Test OOD1: 66.21% Test OOD2: 53.67% Test OOD3: 63.50% 
Epoch: 327, Loss: 3.9098, Cls: 1.3010, Ind: 0.0000, Med: 0.6477, Spu: 0.0000, FD: 1.3074, FDAug: 0.6538, Var: 0.0000, Ctx: 6, MixCtx: 3, Train: 78.78%, Valid: 72.85%, Test In: 74.24% Test OOD1: 66.27% Test OOD2: 53.65% Test OOD3: 63.56% 
Epoch: 328, Loss: 3.8368, Cls: 1.2773, Ind: 0.0000, Med: 0.6368, Spu: 0.0000, FD: 1.2819, FDAug: 0.6408, Var: 0.0000, Ctx: 6, MixCtx: 3, Train: 78.46%, Valid: 72.87%, Test In: 74.28% Test OOD1: 67.13% Test OOD2: 53.39% Test OOD3: 63.86% 
Epoch: 329, Loss: 3.8397, Cls: 1.2801, Ind: 0.0000, Med: 0.6412, Spu: 0.0000, FD: 1.2790, FDAug: 0.6394, Var: 0.0000, Ctx: 6, MixCtx: 3, Train: 78.28%, Valid: 72.79%, Test In: 74.25% Test OOD1: 67.63% Test OOD2: 53.38% Test OOD3: 64.06% 
Epoch: 330, Loss: 3.8494, Cls: 1.2838, Ind: 0.0000, Med: 0.6438, Spu: 0.0000, FD: 1.2812, FDAug: 0.6406, Var: 0.0000, Ctx: 6, MixCtx: 3, Train: 78.39%, Valid: 72.82%, Test In: 74.39% Test OOD1: 67.53% Test OOD2: 53.57% Test OOD3: 64.02% 
Epoch: 331, Loss: 3.7785, Cls: 1.2594, Ind: 0.0000, Med: 0.6300, Spu: 0.0000, FD: 1.2594, FDAug: 0.6297, Var: 0.0000, Ctx: 6, MixCtx: 3, Train: 78.46%, Valid: 72.77%, Test In: 74.43% Test OOD1: 67.41% Test OOD2: 53.65% Test OOD3: 63.94% 
Epoch: 332, Loss: 3.8618, Cls: 1.2877, Ind: 0.0000, Med: 0.6451, Spu: 0.0000, FD: 1.2859, FDAug: 0.6432, Var: 0.0000, Ctx: 6, MixCtx: 3, Train: 78.31%, Valid: 72.75%, Test In: 74.40% Test OOD1: 67.63% Test OOD2: 53.60% Test OOD3: 64.05% 
Epoch: 333, Loss: 3.8006, Cls: 1.2673, Ind: 0.0000, Med: 0.6347, Spu: 0.0000, FD: 1.2657, FDAug: 0.6329, Var: 0.0000, Ctx: 6, MixCtx: 3, Train: 78.21%, Valid: 72.74%, Test In: 74.32% Test OOD1: 67.79% Test OOD2: 53.51% Test OOD3: 64.14% 
Epoch: 334, Loss: 3.8259, Cls: 1.2753, Ind: 0.0000, Med: 0.6380, Spu: 0.0000, FD: 1.2750, FDAug: 0.6375, Var: 0.0000, Ctx: 6, MixCtx: 3, Train: 78.56%, Valid: 72.95%, Test In: 74.49% Test OOD1: 67.36% Test OOD2: 53.68% Test OOD3: 63.96% 
Epoch: 335, Loss: 3.7718, Cls: 1.2573, Ind: 0.0000, Med: 0.6291, Spu: 0.0000, FD: 1.2569, FDAug: 0.6285, Var: 0.0000, Ctx: 6, MixCtx: 3, Train: 78.70%, Valid: 73.01%, Test In: 74.48% Test OOD1: 66.19% Test OOD2: 54.06% Test OOD3: 63.57% 
Epoch: 336, Loss: 3.7777, Cls: 1.2599, Ind: 0.0000, Med: 0.6313, Spu: 0.0000, FD: 1.2577, FDAug: 0.6288, Var: 0.0000, Ctx: 6, MixCtx: 3, Train: 78.70%, Valid: 73.00%, Test In: 74.40% Test OOD1: 65.59% Test OOD2: 54.20% Test OOD3: 63.34% 
Epoch: 337, Loss: 3.7892, Cls: 1.2639, Ind: 0.0000, Med: 0.6335, Spu: 0.0000, FD: 1.2612, FDAug: 0.6306, Var: 0.0000, Ctx: 6, MixCtx: 3, Train: 78.94%, Valid: 73.12%, Test In: 74.46% Test OOD1: 66.23% Test OOD2: 54.15% Test OOD3: 63.58% 
Epoch: 338, Loss: 3.7526, Cls: 1.2512, Ind: 0.0000, Med: 0.6265, Spu: 0.0000, FD: 1.2499, FDAug: 0.6250, Var: 0.0000, Ctx: 6, MixCtx: 3, Train: 79.17%, Valid: 73.23%, Test In: 74.52% Test OOD1: 67.11% Test OOD2: 53.96% Test OOD3: 63.87% 
Epoch: 339, Loss: 3.7524, Cls: 1.2505, Ind: 0.0000, Med: 0.6252, Spu: 0.0000, FD: 1.2511, FDAug: 0.6257, Var: 0.0000, Ctx: 6, MixCtx: 3, Train: 79.18%, Valid: 73.25%, Test In: 74.56% Test OOD1: 67.35% Test OOD2: 54.01% Test OOD3: 63.94% 
Epoch: 340, Loss: 3.7255, Cls: 1.2417, Ind: 0.0000, Med: 0.6212, Spu: 0.0000, FD: 1.2417, FDAug: 0.6209, Var: 0.0000, Ctx: 6, MixCtx: 3, Train: 79.09%, Valid: 73.26%, Test In: 74.58% Test OOD1: 67.18% Test OOD2: 54.08% Test OOD3: 63.87% 
Epoch: 341, Loss: 3.7538, Cls: 1.2516, Ind: 0.0000, Med: 0.6267, Spu: 0.0000, FD: 1.2503, FDAug: 0.6251, Var: 0.0000, Ctx: 6, MixCtx: 3, Train: 79.10%, Valid: 73.27%, Test In: 74.56% Test OOD1: 67.21% Test OOD2: 54.06% Test OOD3: 63.85% 
Epoch: 342, Loss: 3.7374, Cls: 1.2459, Ind: 0.0000, Med: 0.6235, Spu: 0.0000, FD: 1.2454, FDAug: 0.6227, Var: 0.0000, Ctx: 6, MixCtx: 3, Train: 79.25%, Valid: 73.26%, Test In: 74.52% Test OOD1: 67.23% Test OOD2: 54.01% Test OOD3: 63.82% 
Epoch: 343, Loss: 3.7305, Cls: 1.2433, Ind: 0.0000, Med: 0.6218, Spu: 0.0000, FD: 1.2436, FDAug: 0.6218, Var: 0.0000, Ctx: 6, MixCtx: 3, Train: 79.54%, Valid: 73.18%, Test In: 74.38% Test OOD1: 66.59% Test OOD2: 54.02% Test OOD3: 63.50% 
Epoch: 344, Loss: 3.7149, Cls: 1.2386, Ind: 0.0000, Med: 0.6200, Spu: 0.0000, FD: 1.2376, FDAug: 0.6188, Var: 0.0000, Ctx: 6, MixCtx: 3, Train: 79.46%, Valid: 72.86%, Test In: 74.03% Test OOD1: 65.39% Test OOD2: 54.09% Test OOD3: 62.99% 
Epoch: 345, Loss: 3.7210, Cls: 1.2407, Ind: 0.0000, Med: 0.6213, Spu: 0.0000, FD: 1.2393, FDAug: 0.6197, Var: 0.0000, Ctx: 6, MixCtx: 3, Train: 79.50%, Valid: 72.73%, Test In: 73.93% Test OOD1: 65.21% Test OOD2: 54.09% Test OOD3: 62.92% 
Epoch: 346, Loss: 3.7202, Cls: 1.2403, Ind: 0.0000, Med: 0.6210, Spu: 0.0000, FD: 1.2392, FDAug: 0.6197, Var: 0.0000, Ctx: 6, MixCtx: 3, Train: 79.74%, Valid: 72.92%, Test In: 74.21% Test OOD1: 66.19% Test OOD2: 54.02% Test OOD3: 63.39% 
Epoch: 347, Loss: 3.6970, Cls: 1.2326, Ind: 0.0000, Med: 0.6173, Spu: 0.0000, FD: 1.2314, FDAug: 0.6157, Var: 0.0000, Ctx: 6, MixCtx: 3, Train: 79.64%, Valid: 72.98%, Test In: 74.38% Test OOD1: 66.79% Test OOD2: 54.01% Test OOD3: 63.70% 
Epoch: 348, Loss: 3.7009, Cls: 1.2338, Ind: 0.0000, Med: 0.6175, Spu: 0.0000, FD: 1.2332, FDAug: 0.6165, Var: 0.0000, Ctx: 6, MixCtx: 3, Train: 79.62%, Valid: 72.91%, Test In: 74.36% Test OOD1: 66.65% Test OOD2: 54.07% Test OOD3: 63.67% 
Epoch: 349, Loss: 3.6980, Cls: 1.2323, Ind: 0.0000, Med: 0.6162, Spu: 0.0000, FD: 1.2330, FDAug: 0.6165, Var: 0.0000, Ctx: 6, MixCtx: 3, Train: 79.78%, Valid: 72.79%, Test In: 74.25% Test OOD1: 66.38% Test OOD2: 54.10% Test OOD3: 63.57% 
Epoch: 350, Loss: 3.6926, Cls: 1.2306, Ind: 0.0000, Med: 0.6153, Spu: 0.0000, FD: 1.2312, FDAug: 0.6155, Var: 0.0000, Ctx: 6, MixCtx: 3, Train: 79.91%, Valid: 72.73%, Test In: 74.08% Test OOD1: 66.05% Test OOD2: 54.07% Test OOD3: 63.44% 
Epoch: 351, Loss: 3.6801, Cls: 1.2268, Ind: 0.0000, Med: 0.6140, Spu: 0.0000, FD: 1.2262, FDAug: 0.6131, Var: 0.0000, Ctx: 6, MixCtx: 3, Train: 79.86%, Valid: 72.61%, Test In: 73.90% Test OOD1: 65.57% Test OOD2: 54.09% Test OOD3: 63.24% 
Epoch: 352, Loss: 3.6893, Cls: 1.2300, Ind: 0.0000, Med: 0.6158, Spu: 0.0000, FD: 1.2290, FDAug: 0.6146, Var: 0.0000, Ctx: 6, MixCtx: 3, Train: 79.94%, Valid: 72.55%, Test In: 73.86% Test OOD1: 65.51% Test OOD2: 54.14% Test OOD3: 63.18% 
Epoch: 353, Loss: 3.6798, Cls: 1.2265, Ind: 0.0000, Med: 0.6136, Spu: 0.0000, FD: 1.2265, FDAug: 0.6132, Var: 0.0000, Ctx: 6, MixCtx: 3, Train: 80.04%, Valid: 72.72%, Test In: 74.06% Test OOD1: 66.17% Test OOD2: 54.13% Test OOD3: 63.43% 
Epoch: 354, Loss: 3.6712, Cls: 1.2235, Ind: 0.0000, Med: 0.6117, Spu: 0.0000, FD: 1.2240, FDAug: 0.6120, Var: 0.0000, Ctx: 6, MixCtx: 3, Train: 80.01%, Valid: 72.85%, Test In: 74.15% Test OOD1: 66.70% Test OOD2: 54.10% Test OOD3: 63.63% 
Epoch: 355, Loss: 3.6771, Cls: 1.2253, Ind: 0.0000, Med: 0.6123, Spu: 0.0000, FD: 1.2264, FDAug: 0.6131, Var: 0.0000, Ctx: 6, MixCtx: 3, Train: 80.14%, Valid: 72.79%, Test In: 74.02% Test OOD1: 66.37% Test OOD2: 54.10% Test OOD3: 63.44% 
Epoch: 356, Loss: 3.6619, Cls: 1.2203, Ind: 0.0000, Med: 0.6101, Spu: 0.0000, FD: 1.2210, FDAug: 0.6105, Var: 0.0000, Ctx: 6, MixCtx: 3, Train: 80.12%, Valid: 72.63%, Test In: 73.78% Test OOD1: 65.71% Test OOD2: 54.16% Test OOD3: 63.12% 
Epoch: 357, Loss: 3.6669, Cls: 1.2222, Ind: 0.0000, Med: 0.6114, Spu: 0.0000, FD: 1.2221, FDAug: 0.6111, Var: 0.0000, Ctx: 6, MixCtx: 3, Train: 80.15%, Valid: 72.70%, Test In: 73.77% Test OOD1: 65.84% Test OOD2: 54.14% Test OOD3: 63.15% 
Epoch: 358, Loss: 3.6609, Cls: 1.2202, Ind: 0.0000, Med: 0.6104, Spu: 0.0000, FD: 1.2202, FDAug: 0.6101, Var: 0.0000, Ctx: 6, MixCtx: 3, Train: 80.25%, Valid: 72.85%, Test In: 73.91% Test OOD1: 66.41% Test OOD2: 54.05% Test OOD3: 63.34% 
Epoch: 359, Loss: 3.6551, Cls: 1.2181, Ind: 0.0000, Med: 0.6090, Spu: 0.0000, FD: 1.2187, FDAug: 0.6093, Var: 0.0000, Ctx: 6, MixCtx: 3, Train: 80.21%, Valid: 72.83%, Test In: 73.96% Test OOD1: 66.59% Test OOD2: 54.05% Test OOD3: 63.37% 
Epoch: 360, Loss: 3.6567, Cls: 1.2187, Ind: 0.0000, Med: 0.6094, Spu: 0.0000, FD: 1.2191, FDAug: 0.6095, Var: 0.0000, Ctx: 6, MixCtx: 3, Train: 80.27%, Valid: 72.79%, Test In: 73.90% Test OOD1: 66.47% Test OOD2: 54.02% Test OOD3: 63.30% 
Epoch: 361, Loss: 3.6514, Cls: 1.2170, Ind: 0.0000, Med: 0.6086, Spu: 0.0000, FD: 1.2172, FDAug: 0.6086, Var: 0.0000, Ctx: 6, MixCtx: 3, Train: 80.37%, Valid: 72.71%, Test In: 73.77% Test OOD1: 66.15% Test OOD2: 53.95% Test OOD3: 63.16% 
Epoch: 362, Loss: 3.6483, Cls: 1.2160, Ind: 0.0000, Med: 0.6080, Spu: 0.0000, FD: 1.2162, FDAug: 0.6081, Var: 0.0000, Ctx: 6, MixCtx: 3, Train: 80.40%, Valid: 72.53%, Test In: 73.63% Test OOD1: 65.80% Test OOD2: 53.94% Test OOD3: 63.01% 
Epoch: 363, Loss: 3.6447, Cls: 1.2149, Ind: 0.0000, Med: 0.6076, Spu: 0.0000, FD: 1.2148, FDAug: 0.6074, Var: 0.0000, Ctx: 6, MixCtx: 3, Train: 80.47%, Valid: 72.49%, Test In: 73.68% Test OOD1: 66.02% Test OOD2: 53.91% Test OOD3: 63.11% 
Epoch: 364, Loss: 3.6409, Cls: 1.2136, Ind: 0.0000, Med: 0.6069, Spu: 0.0000, FD: 1.2136, FDAug: 0.6068, Var: 0.0000, Ctx: 6, MixCtx: 3, Train: 80.46%, Valid: 72.51%, Test In: 73.77% Test OOD1: 66.35% Test OOD2: 53.84% Test OOD3: 63.33% 
Epoch: 365, Loss: 3.6384, Cls: 1.2127, Ind: 0.0000, Med: 0.6063, Spu: 0.0000, FD: 1.2129, FDAug: 0.6065, Var: 0.0000, Ctx: 6, MixCtx: 3, Train: 80.52%, Valid: 72.42%, Test In: 73.70% Test OOD1: 66.21% Test OOD2: 53.80% Test OOD3: 63.29% 
Epoch: 366, Loss: 3.6351, Cls: 1.2116, Ind: 0.0000, Med: 0.6058, Spu: 0.0000, FD: 1.2118, FDAug: 0.6059, Var: 0.0000, Ctx: 6, MixCtx: 3, Train: 80.57%, Valid: 72.26%, Test In: 73.53% Test OOD1: 65.77% Test OOD2: 53.81% Test OOD3: 63.08% 
Epoch: 367, Loss: 3.6334, Cls: 1.2111, Ind: 0.0000, Med: 0.6056, Spu: 0.0000, FD: 1.2112, FDAug: 0.6056, Var: 0.0000, Ctx: 6, MixCtx: 3, Train: 80.61%, Valid: 72.25%, Test In: 73.52% Test OOD1: 65.76% Test OOD2: 53.80% Test OOD3: 63.09% 
Epoch: 368, Loss: 3.6293, Cls: 1.2097, Ind: 0.0000, Med: 0.6049, Spu: 0.0000, FD: 1.2098, FDAug: 0.6049, Var: 0.0000, Ctx: 6, MixCtx: 3, Train: 80.66%, Valid: 72.38%, Test In: 73.66% Test OOD1: 66.14% Test OOD2: 53.80% Test OOD3: 63.25% 
Epoch: 369, Loss: 3.6266, Cls: 1.2088, Ind: 0.0000, Med: 0.6045, Spu: 0.0000, FD: 1.2088, FDAug: 0.6044, Var: 0.0000, Ctx: 6, MixCtx: 3, Train: 80.68%, Valid: 72.41%, Test In: 73.70% Test OOD1: 66.19% Test OOD2: 53.87% Test OOD3: 63.27% 
Epoch: 370, Loss: 3.6234, Cls: 1.2077, Ind: 0.0000, Med: 0.6039, Spu: 0.0000, FD: 1.2079, FDAug: 0.6039, Var: 0.0000, Ctx: 6, MixCtx: 3, Train: 80.75%, Valid: 72.37%, Test In: 73.63% Test OOD1: 65.97% Test OOD2: 53.88% Test OOD3: 63.16% 
Epoch: 371, Loss: 3.6195, Cls: 1.2064, Ind: 0.0000, Med: 0.6032, Spu: 0.0000, FD: 1.2066, FDAug: 0.6033, Var: 0.0000, Ctx: 6, MixCtx: 3, Train: 80.77%, Valid: 72.36%, Test In: 73.56% Test OOD1: 65.76% Test OOD2: 53.88% Test OOD3: 63.07% 
Epoch: 372, Loss: 3.6189, Cls: 1.2063, Ind: 0.0000, Med: 0.6033, Spu: 0.0000, FD: 1.2062, FDAug: 0.6031, Var: 0.0000, Ctx: 6, MixCtx: 3, Train: 80.82%, Valid: 72.38%, Test In: 73.61% Test OOD1: 65.85% Test OOD2: 53.91% Test OOD3: 63.13% 
Epoch: 373, Loss: 3.6138, Cls: 1.2045, Ind: 0.0000, Med: 0.6024, Spu: 0.0000, FD: 1.2046, FDAug: 0.6023, Var: 0.0000, Ctx: 6, MixCtx: 3, Train: 80.84%, Valid: 72.42%, Test In: 73.66% Test OOD1: 65.99% Test OOD2: 53.93% Test OOD3: 63.21% 
Epoch: 374, Loss: 3.6125, Cls: 1.2041, Ind: 0.0000, Med: 0.6021, Spu: 0.0000, FD: 1.2042, FDAug: 0.6021, Var: 0.0000, Ctx: 6, MixCtx: 3, Train: 80.89%, Valid: 72.40%, Test In: 73.60% Test OOD1: 65.92% Test OOD2: 53.90% Test OOD3: 63.16% 
Epoch: 375, Loss: 3.6091, Cls: 1.2030, Ind: 0.0000, Med: 0.6016, Spu: 0.0000, FD: 1.2030, FDAug: 0.6015, Var: 0.0000, Ctx: 6, MixCtx: 3, Train: 80.92%, Valid: 72.28%, Test In: 73.46% Test OOD1: 65.58% Test OOD2: 53.87% Test OOD3: 63.00% 
Epoch: 376, Loss: 3.6064, Cls: 1.2021, Ind: 0.0000, Med: 0.6012, Spu: 0.0000, FD: 1.2021, FDAug: 0.6010, Var: 0.0000, Ctx: 6, MixCtx: 3, Train: 80.96%, Valid: 72.26%, Test In: 73.45% Test OOD1: 65.59% Test OOD2: 53.87% Test OOD3: 63.02% 
Epoch: 377, Loss: 3.6040, Cls: 1.2013, Ind: 0.0000, Med: 0.6007, Spu: 0.0000, FD: 1.2013, FDAug: 0.6007, Var: 0.0000, Ctx: 6, MixCtx: 3, Train: 80.98%, Valid: 72.35%, Test In: 73.53% Test OOD1: 65.86% Test OOD2: 53.87% Test OOD3: 63.15% 
Epoch: 378, Loss: 3.6021, Cls: 1.2006, Ind: 0.0000, Med: 0.6005, Spu: 0.0000, FD: 1.2006, FDAug: 0.6003, Var: 0.0000, Ctx: 6, MixCtx: 3, Train: 81.03%, Valid: 72.28%, Test In: 73.47% Test OOD1: 65.72% Test OOD2: 53.87% Test OOD3: 63.08% 
Epoch: 379, Loss: 3.5979, Cls: 1.1992, Ind: 0.0000, Med: 0.5997, Spu: 0.0000, FD: 1.1993, FDAug: 0.5996, Var: 0.0000, Ctx: 6, MixCtx: 3, Train: 81.07%, Valid: 72.21%, Test In: 73.36% Test OOD1: 65.50% Test OOD2: 53.85% Test OOD3: 62.95% 
Epoch: 380, Loss: 3.5951, Cls: 1.1983, Ind: 0.0000, Med: 0.5993, Spu: 0.0000, FD: 1.1983, FDAug: 0.5992, Var: 0.0000, Ctx: 6, MixCtx: 3, Train: 81.11%, Valid: 72.26%, Test In: 73.36% Test OOD1: 65.58% Test OOD2: 53.84% Test OOD3: 62.95% 
Epoch: 381, Loss: 3.5923, Cls: 1.1974, Ind: 0.0000, Med: 0.5988, Spu: 0.0000, FD: 1.1973, FDAug: 0.5987, Var: 0.0000, Ctx: 6, MixCtx: 3, Train: 81.14%, Valid: 72.24%, Test In: 73.38% Test OOD1: 65.66% Test OOD2: 53.87% Test OOD3: 62.97% 
Epoch: 382, Loss: 3.5900, Cls: 1.1966, Ind: 0.0000, Med: 0.5984, Spu: 0.0000, FD: 1.1967, FDAug: 0.5983, Var: 0.0000, Ctx: 6, MixCtx: 3, Train: 81.18%, Valid: 72.23%, Test In: 73.35% Test OOD1: 65.66% Test OOD2: 53.85% Test OOD3: 62.97% 
Epoch: 383, Loss: 3.5862, Cls: 1.1954, Ind: 0.0000, Med: 0.5978, Spu: 0.0000, FD: 1.1954, FDAug: 0.5977, Var: 0.0000, Ctx: 6, MixCtx: 3, Train: 81.22%, Valid: 72.16%, Test In: 73.28% Test OOD1: 65.55% Test OOD2: 53.85% Test OOD3: 62.94% 
Epoch: 384, Loss: 3.5835, Cls: 1.1945, Ind: 0.0000, Med: 0.5974, Spu: 0.0000, FD: 1.1944, FDAug: 0.5972, Var: 0.0000, Ctx: 6, MixCtx: 3, Train: 81.26%, Valid: 72.14%, Test In: 73.30% Test OOD1: 65.64% Test OOD2: 53.86% Test OOD3: 63.00% 
Epoch: 385, Loss: 3.5806, Cls: 1.1935, Ind: 0.0000, Med: 0.5969, Spu: 0.0000, FD: 1.1934, FDAug: 0.5967, Var: 0.0000, Ctx: 6, MixCtx: 3, Train: 81.29%, Valid: 72.18%, Test In: 73.29% Test OOD1: 65.71% Test OOD2: 53.84% Test OOD3: 63.00% 
Epoch: 386, Loss: 3.5784, Cls: 1.1927, Ind: 0.0000, Med: 0.5965, Spu: 0.0000, FD: 1.1927, FDAug: 0.5964, Var: 0.0000, Ctx: 6, MixCtx: 3, Train: 81.34%, Valid: 72.04%, Test In: 73.17% Test OOD1: 65.43% Test OOD2: 53.81% Test OOD3: 62.84% 
Epoch: 387, Loss: 3.5758, Cls: 1.1919, Ind: 0.0000, Med: 0.5961, Spu: 0.0000, FD: 1.1919, FDAug: 0.5959, Var: 0.0000, Ctx: 6, MixCtx: 3, Train: 81.37%, Valid: 72.11%, Test In: 73.15% Test OOD1: 65.42% Test OOD2: 53.78% Test OOD3: 62.79% 
Epoch: 388, Loss: 3.5735, Cls: 1.1911, Ind: 0.0000, Med: 0.5957, Spu: 0.0000, FD: 1.1911, FDAug: 0.5956, Var: 0.0000, Ctx: 6, MixCtx: 3, Train: 81.40%, Valid: 72.09%, Test In: 73.20% Test OOD1: 65.52% Test OOD2: 53.82% Test OOD3: 62.84% 
Epoch: 389, Loss: 3.5715, Cls: 1.1904, Ind: 0.0000, Med: 0.5953, Spu: 0.0000, FD: 1.1905, FDAug: 0.5952, Var: 0.0000, Ctx: 6, MixCtx: 3, Train: 81.44%, Valid: 72.13%, Test In: 73.14% Test OOD1: 65.44% Test OOD2: 53.78% Test OOD3: 62.78% 
Epoch: 390, Loss: 3.5680, Cls: 1.1893, Ind: 0.0000, Med: 0.5949, Spu: 0.0000, FD: 1.1892, FDAug: 0.5946, Var: 0.0000, Ctx: 6, MixCtx: 3, Train: 81.49%, Valid: 72.03%, Test In: 73.13% Test OOD1: 65.39% Test OOD2: 53.80% Test OOD3: 62.78% 
Epoch: 391, Loss: 3.5639, Cls: 1.1879, Ind: 0.0000, Med: 0.5941, Spu: 0.0000, FD: 1.1879, FDAug: 0.5939, Var: 0.0000, Ctx: 6, MixCtx: 3, Train: 81.52%, Valid: 72.09%, Test In: 73.14% Test OOD1: 65.51% Test OOD2: 53.80% Test OOD3: 62.81% 
Epoch: 392, Loss: 3.5599, Cls: 1.1866, Ind: 0.0000, Med: 0.5934, Spu: 0.0000, FD: 1.1866, FDAug: 0.5933, Var: 0.0000, Ctx: 6, MixCtx: 3, Train: 81.57%, Valid: 71.98%, Test In: 73.06% Test OOD1: 65.32% Test OOD2: 53.78% Test OOD3: 62.70% 
Epoch: 393, Loss: 3.5565, Cls: 1.1855, Ind: 0.0000, Med: 0.5929, Spu: 0.0000, FD: 1.1854, FDAug: 0.5927, Var: 0.0000, Ctx: 6, MixCtx: 3, Train: 81.61%, Valid: 71.97%, Test In: 73.04% Test OOD1: 65.33% Test OOD2: 53.78% Test OOD3: 62.69% 
Epoch: 394, Loss: 3.5533, Cls: 1.1844, Ind: 0.0000, Med: 0.5923, Spu: 0.0000, FD: 1.1844, FDAug: 0.5922, Var: 0.0000, Ctx: 6, MixCtx: 3, Train: 81.64%, Valid: 72.00%, Test In: 73.02% Test OOD1: 65.37% Test OOD2: 53.76% Test OOD3: 62.69% 
Epoch: 395, Loss: 3.5505, Cls: 1.1834, Ind: 0.0000, Med: 0.5919, Spu: 0.0000, FD: 1.1834, FDAug: 0.5917, Var: 0.0000, Ctx: 6, MixCtx: 3, Train: 81.69%, Valid: 71.87%, Test In: 72.95% Test OOD1: 65.20% Test OOD2: 53.74% Test OOD3: 62.61% 
Epoch: 396, Loss: 3.5481, Cls: 1.1827, Ind: 0.0000, Med: 0.5915, Spu: 0.0000, FD: 1.1826, FDAug: 0.5913, Var: 0.0000, Ctx: 6, MixCtx: 3, Train: 81.72%, Valid: 71.96%, Test In: 72.95% Test OOD1: 65.29% Test OOD2: 53.74% Test OOD3: 62.62% 
Epoch: 397, Loss: 3.5462, Cls: 1.1820, Ind: 0.0000, Med: 0.5912, Spu: 0.0000, FD: 1.1819, FDAug: 0.5910, Var: 0.0000, Ctx: 6, MixCtx: 3, Train: 81.76%, Valid: 71.80%, Test In: 72.92% Test OOD1: 65.19% Test OOD2: 53.75% Test OOD3: 62.57% 
Epoch: 398, Loss: 3.5476, Cls: 1.1824, Ind: 0.0000, Med: 0.5914, Spu: 0.0000, FD: 1.1825, FDAug: 0.5912, Var: 0.0000, Ctx: 6, MixCtx: 3, Train: 81.72%, Valid: 71.97%, Test In: 72.87% Test OOD1: 65.17% Test OOD2: 53.70% Test OOD3: 62.52% 
Epoch: 399, Loss: 3.5616, Cls: 1.1873, Ind: 0.0000, Med: 0.5940, Spu: 0.0000, FD: 1.1869, FDAug: 0.5934, Var: 0.0000, Ctx: 6, MixCtx: 3, Train: 81.64%, Valid: 71.60%, Test In: 72.95% Test OOD1: 65.26% Test OOD2: 53.75% Test OOD3: 62.63% 
Epoch: 400, Loss: 3.6231, Cls: 1.2076, Ind: 0.0000, Med: 0.6037, Spu: 0.0000, FD: 1.2081, FDAug: 0.6038, Var: 0.0000, Ctx: 6, MixCtx: 3, Train: 81.31%, Valid: 72.23%, Test In: 72.87% Test OOD1: 65.34% Test OOD2: 53.59% Test OOD3: 62.55% 
Epoch: 401, Loss: 3.7951, Cls: 1.2652, Ind: 0.0000, Med: 0.6328, Spu: 0.0000, FD: 1.2650, FDAug: 0.6320, Var: 0.0000, Ctx: 6, MixCtx: 3, Train: 81.21%, Valid: 70.97%, Test In: 72.70% Test OOD1: 64.67% Test OOD2: 53.66% Test OOD3: 62.35% 
Epoch: 402, Loss: 3.9770, Cls: 1.3255, Ind: 0.0000, Med: 0.6622, Spu: 0.0000, FD: 1.3269, FDAug: 0.6624, Var: 0.0000, Ctx: 6, MixCtx: 3, Train: 81.07%, Valid: 72.03%, Test In: 72.85% Test OOD1: 65.74% Test OOD2: 53.54% Test OOD3: 62.87% 
Epoch: 403, Loss: 3.6819, Cls: 1.2270, Ind: 0.0000, Med: 0.6134, Spu: 0.0000, FD: 1.2274, FDAug: 0.6140, Var: 0.0000, Ctx: 6, MixCtx: 3, Train: 80.86%, Valid: 72.40%, Test In: 73.13% Test OOD1: 66.35% Test OOD2: 53.53% Test OOD3: 63.01% 
Epoch: 404, Loss: 3.7981, Cls: 1.2657, Ind: 0.0000, Med: 0.6327, Spu: 0.0000, FD: 1.2663, FDAug: 0.6333, Var: 0.0000, Ctx: 6, MixCtx: 3, Train: 81.24%, Valid: 71.37%, Test In: 72.73% Test OOD1: 64.99% Test OOD2: 53.45% Test OOD3: 62.29% 
Epoch: 405, Loss: 3.7143, Cls: 1.2378, Ind: 0.0000, Med: 0.6189, Spu: 0.0000, FD: 1.2383, FDAug: 0.6192, Var: 0.0000, Ctx: 6, MixCtx: 3, Train: 81.10%, Valid: 71.19%, Test In: 72.54% Test OOD1: 64.84% Test OOD2: 53.37% Test OOD3: 62.12% 
Epoch: 406, Loss: 3.6901, Cls: 1.2296, Ind: 0.0000, Med: 0.6144, Spu: 0.0000, FD: 1.2307, FDAug: 0.6153, Var: 0.0000, Ctx: 6, MixCtx: 3, Train: 81.08%, Valid: 72.16%, Test In: 73.08% Test OOD1: 66.28% Test OOD2: 53.57% Test OOD3: 62.98% 
Epoch: 407, Loss: 3.7765, Cls: 1.2600, Ind: 0.0000, Med: 0.6319, Spu: 0.0000, FD: 1.2567, FDAug: 0.6280, Var: 0.0000, Ctx: 6, MixCtx: 3, Train: 81.38%, Valid: 71.84%, Test In: 73.01% Test OOD1: 65.33% Test OOD2: 53.92% Test OOD3: 62.77% 
Epoch: 408, Loss: 3.5916, Cls: 1.1969, Ind: 0.0000, Med: 0.5984, Spu: 0.0000, FD: 1.1974, FDAug: 0.5989, Var: 0.0000, Ctx: 6, MixCtx: 3, Train: 81.25%, Valid: 71.42%, Test In: 73.09% Test OOD1: 65.30% Test OOD2: 53.89% Test OOD3: 62.73% 
Epoch: 409, Loss: 3.7197, Cls: 1.2394, Ind: 0.0000, Med: 0.6193, Spu: 0.0000, FD: 1.2407, FDAug: 0.6203, Var: 0.0000, Ctx: 6, MixCtx: 3, Train: 81.19%, Valid: 72.12%, Test In: 73.51% Test OOD1: 66.46% Test OOD2: 53.99% Test OOD3: 63.39% 
Epoch: 410, Loss: 3.5848, Cls: 1.1946, Ind: 0.0000, Med: 0.5972, Spu: 0.0000, FD: 1.1953, FDAug: 0.5976, Var: 0.0000, Ctx: 6, MixCtx: 3, Train: 81.16%, Valid: 72.37%, Test In: 73.53% Test OOD1: 66.62% Test OOD2: 53.87% Test OOD3: 63.37% 
Epoch: 411, Loss: 3.6728, Cls: 1.2243, Ind: 0.0000, Med: 0.6123, Spu: 0.0000, FD: 1.2243, FDAug: 0.6119, Var: 0.0000, Ctx: 6, MixCtx: 3, Train: 81.63%, Valid: 71.82%, Test In: 73.21% Test OOD1: 64.95% Test OOD2: 53.95% Test OOD3: 62.48% 
Epoch: 412, Loss: 3.6144, Cls: 1.2043, Ind: 0.0000, Med: 0.6018, Spu: 0.0000, FD: 1.2055, FDAug: 0.6029, Var: 0.0000, Ctx: 6, MixCtx: 3, Train: 81.59%, Valid: 71.52%, Test In: 72.95% Test OOD1: 64.39% Test OOD2: 53.85% Test OOD3: 62.15% 
Epoch: 413, Loss: 3.6351, Cls: 1.2114, Ind: 0.0000, Med: 0.6056, Spu: 0.0000, FD: 1.2120, FDAug: 0.6060, Var: 0.0000, Ctx: 6, MixCtx: 3, Train: 81.58%, Valid: 72.10%, Test In: 73.19% Test OOD1: 65.83% Test OOD2: 53.73% Test OOD3: 62.84% 
Epoch: 414, Loss: 3.5968, Cls: 1.1986, Ind: 0.0000, Med: 0.5991, Spu: 0.0000, FD: 1.1993, FDAug: 0.5998, Var: 0.0000, Ctx: 6, MixCtx: 3, Train: 81.46%, Valid: 71.94%, Test In: 73.21% Test OOD1: 66.00% Test OOD2: 53.72% Test OOD3: 63.03% 
Epoch: 415, Loss: 3.5749, Cls: 1.1915, Ind: 0.0000, Med: 0.5959, Spu: 0.0000, FD: 1.1916, FDAug: 0.5958, Var: 0.0000, Ctx: 6, MixCtx: 3, Train: 81.76%, Valid: 71.22%, Test In: 72.85% Test OOD1: 65.02% Test OOD2: 53.65% Test OOD3: 62.66% 
Epoch: 416, Loss: 3.6054, Cls: 1.2022, Ind: 0.0000, Med: 0.6019, Spu: 0.0000, FD: 1.2011, FDAug: 0.6002, Var: 0.0000, Ctx: 6, MixCtx: 3, Train: 81.67%, Valid: 71.32%, Test In: 72.78% Test OOD1: 65.01% Test OOD2: 53.77% Test OOD3: 62.72% 
Epoch: 417, Loss: 3.5604, Cls: 1.1868, Ind: 0.0000, Med: 0.5938, Spu: 0.0000, FD: 1.1864, FDAug: 0.5933, Var: 0.0000, Ctx: 6, MixCtx: 3, Train: 81.76%, Valid: 71.80%, Test In: 73.02% Test OOD1: 66.08% Test OOD2: 53.69% Test OOD3: 63.11% 
Epoch: 418, Loss: 3.5762, Cls: 1.1920, Ind: 0.0000, Med: 0.5963, Spu: 0.0000, FD: 1.1919, FDAug: 0.5960, Var: 0.0000, Ctx: 6, MixCtx: 3, Train: 81.62%, Valid: 71.73%, Test In: 73.09% Test OOD1: 65.91% Test OOD2: 53.75% Test OOD3: 62.95% 
Epoch: 419, Loss: 3.5562, Cls: 1.1855, Ind: 0.0000, Med: 0.5930, Spu: 0.0000, FD: 1.1852, FDAug: 0.5924, Var: 0.0000, Ctx: 6, MixCtx: 3, Train: 81.96%, Valid: 71.56%, Test In: 72.84% Test OOD1: 65.25% Test OOD2: 53.68% Test OOD3: 62.53% 
Epoch: 420, Loss: 3.5371, Cls: 1.1791, Ind: 0.0000, Med: 0.5900, Spu: 0.0000, FD: 1.1786, FDAug: 0.5893, Var: 0.0000, Ctx: 6, MixCtx: 3, Train: 81.87%, Valid: 71.69%, Test In: 72.67% Test OOD1: 64.98% Test OOD2: 53.63% Test OOD3: 62.43% 
Epoch: 421, Loss: 3.5657, Cls: 1.1889, Ind: 0.0000, Med: 0.5952, Spu: 0.0000, FD: 1.1876, FDAug: 0.5939, Var: 0.0000, Ctx: 6, MixCtx: 3, Train: 82.03%, Valid: 71.80%, Test In: 73.05% Test OOD1: 65.57% Test OOD2: 53.72% Test OOD3: 62.84% 
Epoch: 422, Loss: 3.5195, Cls: 1.1731, Ind: 0.0000, Med: 0.5866, Spu: 0.0000, FD: 1.1732, FDAug: 0.5865, Var: 0.0000, Ctx: 6, MixCtx: 3, Train: 82.00%, Valid: 71.72%, Test In: 73.03% Test OOD1: 65.45% Test OOD2: 53.72% Test OOD3: 62.81% 
Epoch: 423, Loss: 3.5356, Cls: 1.1781, Ind: 0.0000, Med: 0.5888, Spu: 0.0000, FD: 1.1792, FDAug: 0.5895, Var: 0.0000, Ctx: 6, MixCtx: 3, Train: 81.88%, Valid: 71.71%, Test In: 72.64% Test OOD1: 64.68% Test OOD2: 53.65% Test OOD3: 62.38% 
Epoch: 424, Loss: 3.5504, Cls: 1.1837, Ind: 0.0000, Med: 0.5926, Spu: 0.0000, FD: 1.1827, FDAug: 0.5913, Var: 0.0000, Ctx: 6, MixCtx: 3, Train: 82.21%, Valid: 71.58%, Test In: 72.65% Test OOD1: 64.51% Test OOD2: 53.56% Test OOD3: 62.22% 
Epoch: 425, Loss: 3.5109, Cls: 1.1703, Ind: 0.0000, Med: 0.5856, Spu: 0.0000, FD: 1.1700, FDAug: 0.5850, Var: 0.0000, Ctx: 6, MixCtx: 3, Train: 82.08%, Valid: 71.75%, Test In: 72.88% Test OOD1: 65.15% Test OOD2: 53.65% Test OOD3: 62.50% 
Epoch: 426, Loss: 3.5242, Cls: 1.1743, Ind: 0.0000, Med: 0.5869, Spu: 0.0000, FD: 1.1753, FDAug: 0.5876, Var: 0.0000, Ctx: 6, MixCtx: 3, Train: 82.27%, Valid: 71.93%, Test In: 72.81% Test OOD1: 65.30% Test OOD2: 53.63% Test OOD3: 62.56% 
Epoch: 427, Loss: 3.5256, Cls: 1.1750, Ind: 0.0000, Med: 0.5876, Spu: 0.0000, FD: 1.1753, FDAug: 0.5876, Var: 0.0000, Ctx: 6, MixCtx: 3, Train: 82.14%, Valid: 71.18%, Test In: 72.35% Test OOD1: 64.28% Test OOD2: 53.62% Test OOD3: 62.08% 
Epoch: 428, Loss: 3.5261, Cls: 1.1756, Ind: 0.0000, Med: 0.5885, Spu: 0.0000, FD: 1.1746, FDAug: 0.5873, Var: 0.0000, Ctx: 6, MixCtx: 3, Train: 82.37%, Valid: 71.32%, Test In: 72.56% Test OOD1: 64.91% Test OOD2: 53.67% Test OOD3: 62.47% 
Epoch: 429, Loss: 3.4916, Cls: 1.1638, Ind: 0.0000, Med: 0.5823, Spu: 0.0000, FD: 1.1636, FDAug: 0.5818, Var: 0.0000, Ctx: 6, MixCtx: 3, Train: 82.23%, Valid: 71.63%, Test In: 72.69% Test OOD1: 65.42% Test OOD2: 53.72% Test OOD3: 62.73% 
Epoch: 430, Loss: 3.5372, Cls: 1.1784, Ind: 0.0000, Med: 0.5885, Spu: 0.0000, FD: 1.1803, FDAug: 0.5901, Var: 0.0000, Ctx: 6, MixCtx: 3, Train: 82.27%, Valid: 70.57%, Test In: 71.87% Test OOD1: 63.65% Test OOD2: 53.42% Test OOD3: 61.72% 
Epoch: 431, Loss: 3.5382, Cls: 1.1794, Ind: 0.0000, Med: 0.5901, Spu: 0.0000, FD: 1.1791, FDAug: 0.5896, Var: 0.0000, Ctx: 6, MixCtx: 3, Train: 82.44%, Valid: 71.06%, Test In: 72.03% Test OOD1: 64.05% Test OOD2: 53.53% Test OOD3: 61.94% 
Epoch: 432, Loss: 3.5040, Cls: 1.1681, Ind: 0.0000, Med: 0.5847, Spu: 0.0000, FD: 1.1674, FDAug: 0.5838, Var: 0.0000, Ctx: 6, MixCtx: 3, Train: 82.16%, Valid: 71.65%, Test In: 72.74% Test OOD1: 65.32% Test OOD2: 53.71% Test OOD3: 62.66% 
Epoch: 433, Loss: 3.5094, Cls: 1.1695, Ind: 0.0000, Med: 0.5846, Spu: 0.0000, FD: 1.1702, FDAug: 0.5851, Var: 0.0000, Ctx: 6, MixCtx: 3, Train: 82.56%, Valid: 71.07%, Test In: 72.40% Test OOD1: 64.52% Test OOD2: 53.53% Test OOD3: 62.24% 
Epoch: 434, Loss: 3.5118, Cls: 1.1707, Ind: 0.0000, Med: 0.5858, Spu: 0.0000, FD: 1.1704, FDAug: 0.5849, Var: 0.0000, Ctx: 6, MixCtx: 3, Train: 82.22%, Valid: 71.14%, Test In: 71.94% Test OOD1: 63.91% Test OOD2: 53.64% Test OOD3: 61.85% 
Epoch: 435, Loss: 3.5366, Cls: 1.1790, Ind: 0.0000, Med: 0.5902, Spu: 0.0000, FD: 1.1782, FDAug: 0.5892, Var: 0.0000, Ctx: 6, MixCtx: 3, Train: 82.63%, Valid: 71.35%, Test In: 72.49% Test OOD1: 64.84% Test OOD2: 53.63% Test OOD3: 62.30% 
Epoch: 436, Loss: 3.4728, Cls: 1.1575, Ind: 0.0000, Med: 0.5789, Spu: 0.0000, FD: 1.1577, FDAug: 0.5788, Var: 0.0000, Ctx: 6, MixCtx: 3, Train: 82.59%, Valid: 71.42%, Test In: 72.61% Test OOD1: 64.98% Test OOD2: 53.68% Test OOD3: 62.41% 
Epoch: 437, Loss: 3.4801, Cls: 1.1598, Ind: 0.0000, Med: 0.5798, Spu: 0.0000, FD: 1.1603, FDAug: 0.5801, Var: 0.0000, Ctx: 6, MixCtx: 3, Train: 82.38%, Valid: 71.33%, Test In: 72.18% Test OOD1: 64.39% Test OOD2: 53.69% Test OOD3: 62.02% 
Epoch: 438, Loss: 3.5130, Cls: 1.1712, Ind: 0.0000, Med: 0.5862, Spu: 0.0000, FD: 1.1703, FDAug: 0.5853, Var: 0.0000, Ctx: 6, MixCtx: 3, Train: 82.82%, Valid: 71.11%, Test In: 72.36% Test OOD1: 64.40% Test OOD2: 53.63% Test OOD3: 62.07% 
Epoch: 439, Loss: 3.4810, Cls: 1.1602, Ind: 0.0000, Med: 0.5802, Spu: 0.0000, FD: 1.1604, FDAug: 0.5802, Var: 0.0000, Ctx: 6, MixCtx: 3, Train: 82.55%, Valid: 71.54%, Test In: 72.67% Test OOD1: 65.07% Test OOD2: 53.79% Test OOD3: 62.40% 
Epoch: 440, Loss: 3.4798, Cls: 1.1598, Ind: 0.0000, Med: 0.5798, Spu: 0.0000, FD: 1.1602, FDAug: 0.5800, Var: 0.0000, Ctx: 6, MixCtx: 3, Train: 82.88%, Valid: 71.10%, Test In: 72.22% Test OOD1: 64.26% Test OOD2: 53.74% Test OOD3: 62.01% 
Epoch: 441, Loss: 3.4536, Cls: 1.1512, Ind: 0.0000, Med: 0.5759, Spu: 0.0000, FD: 1.1509, FDAug: 0.5755, Var: 0.0000, Ctx: 6, MixCtx: 3, Train: 82.80%, Valid: 70.67%, Test In: 71.99% Test OOD1: 63.79% Test OOD2: 53.71% Test OOD3: 61.87% 
Epoch: 442, Loss: 3.4692, Cls: 1.1564, Ind: 0.0000, Med: 0.5785, Spu: 0.0000, FD: 1.1561, FDAug: 0.5781, Var: 0.0000, Ctx: 6, MixCtx: 3, Train: 82.86%, Valid: 71.28%, Test In: 72.47% Test OOD1: 64.83% Test OOD2: 53.84% Test OOD3: 62.43% 
Epoch: 443, Loss: 3.4612, Cls: 1.1536, Ind: 0.0000, Med: 0.5768, Spu: 0.0000, FD: 1.1539, FDAug: 0.5769, Var: 0.0000, Ctx: 6, MixCtx: 3, Train: 82.99%, Valid: 70.90%, Test In: 72.23% Test OOD1: 64.29% Test OOD2: 53.71% Test OOD3: 62.11% 
Epoch: 444, Loss: 3.4487, Cls: 1.1495, Ind: 0.0000, Med: 0.5751, Spu: 0.0000, FD: 1.1493, FDAug: 0.5747, Var: 0.0000, Ctx: 6, MixCtx: 3, Train: 82.99%, Valid: 70.89%, Test In: 71.92% Test OOD1: 64.04% Test OOD2: 53.76% Test OOD3: 61.88% 
Epoch: 445, Loss: 3.4567, Cls: 1.1522, Ind: 0.0000, Med: 0.5764, Spu: 0.0000, FD: 1.1520, FDAug: 0.5761, Var: 0.0000, Ctx: 6, MixCtx: 3, Train: 83.09%, Valid: 70.96%, Test In: 72.20% Test OOD1: 64.42% Test OOD2: 53.71% Test OOD3: 62.15% 
Epoch: 446, Loss: 3.4370, Cls: 1.1456, Ind: 0.0000, Med: 0.5731, Spu: 0.0000, FD: 1.1455, FDAug: 0.5727, Var: 0.0000, Ctx: 6, MixCtx: 3, Train: 83.10%, Valid: 71.19%, Test In: 72.26% Test OOD1: 64.71% Test OOD2: 53.77% Test OOD3: 62.25% 
Epoch: 447, Loss: 3.4367, Cls: 1.1454, Ind: 0.0000, Med: 0.5728, Spu: 0.0000, FD: 1.1457, FDAug: 0.5727, Var: 0.0000, Ctx: 6, MixCtx: 3, Train: 83.09%, Valid: 70.58%, Test In: 71.74% Test OOD1: 63.75% Test OOD2: 53.66% Test OOD3: 61.65% 
Epoch: 448, Loss: 3.4424, Cls: 1.1476, Ind: 0.0000, Med: 0.5742, Spu: 0.0000, FD: 1.1471, FDAug: 0.5735, Var: 0.0000, Ctx: 6, MixCtx: 3, Train: 83.22%, Valid: 71.11%, Test In: 72.07% Test OOD1: 64.40% Test OOD2: 53.74% Test OOD3: 61.93% 
Epoch: 449, Loss: 3.4345, Cls: 1.1448, Ind: 0.0000, Med: 0.5725, Spu: 0.0000, FD: 1.1449, FDAug: 0.5723, Var: 0.0000, Ctx: 6, MixCtx: 3, Train: 83.12%, Valid: 70.85%, Test In: 72.15% Test OOD1: 64.31% Test OOD2: 53.65% Test OOD3: 61.96% 
Epoch: 450, Loss: 3.4639, Cls: 1.1545, Ind: 0.0000, Med: 0.5773, Spu: 0.0000, FD: 1.1548, FDAug: 0.5772, Var: 0.0000, Ctx: 6, MixCtx: 3, Train: 82.70%, Valid: 70.97%, Test In: 71.75% Test OOD1: 64.04% Test OOD2: 53.69% Test OOD3: 61.77% 
Epoch: 451, Loss: 3.5587, Cls: 1.1859, Ind: 0.0000, Med: 0.5928, Spu: 0.0000, FD: 1.1866, FDAug: 0.5935, Var: 0.0000, Ctx: 6, MixCtx: 3, Train: 83.05%, Valid: 70.26%, Test In: 71.67% Test OOD1: 63.50% Test OOD2: 53.37% Test OOD3: 61.53% 
Epoch: 452, Loss: 3.6514, Cls: 1.2162, Ind: 0.0000, Med: 0.6071, Spu: 0.0000, FD: 1.2188, FDAug: 0.6093, Var: 0.0000, Ctx: 6, MixCtx: 3, Train: 82.59%, Valid: 71.59%, Test In: 72.22% Test OOD1: 64.81% Test OOD2: 53.71% Test OOD3: 62.09% 
Epoch: 453, Loss: 3.7065, Cls: 1.2349, Ind: 0.0000, Med: 0.6168, Spu: 0.0000, FD: 1.2366, FDAug: 0.6182, Var: 0.0000, Ctx: 6, MixCtx: 3, Train: 83.21%, Valid: 70.50%, Test In: 71.66% Test OOD1: 63.60% Test OOD2: 53.49% Test OOD3: 61.56% 
Epoch: 454, Loss: 3.5226, Cls: 1.1740, Ind: 0.0000, Med: 0.5871, Spu: 0.0000, FD: 1.1742, FDAug: 0.5874, Var: 0.0000, Ctx: 6, MixCtx: 3, Train: 83.03%, Valid: 70.45%, Test In: 71.91% Test OOD1: 64.12% Test OOD2: 53.61% Test OOD3: 61.95% 
Epoch: 455, Loss: 3.5052, Cls: 1.1682, Ind: 0.0000, Med: 0.5843, Spu: 0.0000, FD: 1.1683, FDAug: 0.5843, Var: 0.0000, Ctx: 6, MixCtx: 3, Train: 82.66%, Valid: 71.30%, Test In: 72.39% Test OOD1: 65.44% Test OOD2: 53.98% Test OOD3: 62.65% 
Epoch: 456, Loss: 3.6804, Cls: 1.2272, Ind: 0.0000, Med: 0.6143, Spu: 0.0000, FD: 1.2262, FDAug: 0.6128, Var: 0.0000, Ctx: 6, MixCtx: 3, Train: 82.94%, Valid: 70.04%, Test In: 71.68% Test OOD1: 63.63% Test OOD2: 53.68% Test OOD3: 61.57% 
Epoch: 457, Loss: 3.5008, Cls: 1.1666, Ind: 0.0000, Med: 0.5834, Spu: 0.0000, FD: 1.1670, FDAug: 0.5838, Var: 0.0000, Ctx: 6, MixCtx: 3, Train: 83.20%, Valid: 70.20%, Test In: 71.80% Test OOD1: 63.75% Test OOD2: 53.71% Test OOD3: 61.67% 
Epoch: 458, Loss: 3.4932, Cls: 1.1640, Ind: 0.0000, Med: 0.5818, Spu: 0.0000, FD: 1.1648, FDAug: 0.5826, Var: 0.0000, Ctx: 6, MixCtx: 3, Train: 82.82%, Valid: 71.25%, Test In: 72.36% Test OOD1: 65.20% Test OOD2: 53.81% Test OOD3: 62.44% 
Epoch: 459, Loss: 3.5464, Cls: 1.1821, Ind: 0.0000, Med: 0.5913, Spu: 0.0000, FD: 1.1820, FDAug: 0.5910, Var: 0.0000, Ctx: 6, MixCtx: 3, Train: 83.12%, Valid: 71.05%, Test In: 72.36% Test OOD1: 64.83% Test OOD2: 53.72% Test OOD3: 62.28% 
Epoch: 460, Loss: 3.4302, Cls: 1.1431, Ind: 0.0000, Med: 0.5714, Spu: 0.0000, FD: 1.1437, FDAug: 0.5719, Var: 0.0000, Ctx: 6, MixCtx: 3, Train: 83.22%, Valid: 70.24%, Test In: 71.77% Test OOD1: 63.59% Test OOD2: 53.51% Test OOD3: 61.53% 
Epoch: 461, Loss: 3.5191, Cls: 1.1727, Ind: 0.0000, Med: 0.5861, Spu: 0.0000, FD: 1.1735, FDAug: 0.5867, Var: 0.0000, Ctx: 6, MixCtx: 3, Train: 82.86%, Valid: 70.85%, Test In: 71.81% Test OOD1: 63.91% Test OOD2: 53.68% Test OOD3: 61.69% 
Epoch: 462, Loss: 3.5286, Cls: 1.1766, Ind: 0.0000, Med: 0.5892, Spu: 0.0000, FD: 1.1753, FDAug: 0.5875, Var: 0.0000, Ctx: 6, MixCtx: 3, Train: 83.07%, Valid: 71.21%, Test In: 72.51% Test OOD1: 65.05% Test OOD2: 53.84% Test OOD3: 62.42% 
Epoch: 463, Loss: 3.4341, Cls: 1.1449, Ind: 0.0000, Med: 0.5729, Spu: 0.0000, FD: 1.1444, FDAug: 0.5720, Var: 0.0000, Ctx: 6, MixCtx: 3, Train: 83.37%, Valid: 70.75%, Test In: 72.31% Test OOD1: 64.63% Test OOD2: 53.75% Test OOD3: 62.28% 
Epoch: 464, Loss: 3.4754, Cls: 1.1587, Ind: 0.0000, Med: 0.5801, Spu: 0.0000, FD: 1.1579, FDAug: 0.5787, Var: 0.0000, Ctx: 6, MixCtx: 3, Train: 82.97%, Valid: 70.71%, Test In: 71.77% Test OOD1: 64.03% Test OOD2: 53.72% Test OOD3: 61.88% 
Epoch: 465, Loss: 3.5038, Cls: 1.1679, Ind: 0.0000, Med: 0.5841, Spu: 0.0000, FD: 1.1679, FDAug: 0.5839, Var: 0.0000, Ctx: 6, MixCtx: 3, Train: 83.48%, Valid: 70.87%, Test In: 72.12% Test OOD1: 64.46% Test OOD2: 53.76% Test OOD3: 62.12% 
Epoch: 466, Loss: 3.3985, Cls: 1.1327, Ind: 0.0000, Med: 0.5666, Spu: 0.0000, FD: 1.1327, FDAug: 0.5664, Var: 0.0000, Ctx: 6, MixCtx: 3, Train: 83.03%, Valid: 70.51%, Test In: 72.09% Test OOD1: 64.29% Test OOD2: 53.68% Test OOD3: 62.05% 
Epoch: 467, Loss: 3.4881, Cls: 1.1629, Ind: 0.0000, Med: 0.5820, Spu: 0.0000, FD: 1.1621, FDAug: 0.5810, Var: 0.0000, Ctx: 6, MixCtx: 3, Train: 82.84%, Valid: 70.77%, Test In: 71.86% Test OOD1: 64.12% Test OOD2: 53.73% Test OOD3: 62.10% 
Epoch: 468, Loss: 3.5331, Cls: 1.1776, Ind: 0.0000, Med: 0.5887, Spu: 0.0000, FD: 1.1780, FDAug: 0.5888, Var: 0.0000, Ctx: 6, MixCtx: 3, Train: 83.48%, Valid: 70.89%, Test In: 72.13% Test OOD1: 64.29% Test OOD2: 53.77% Test OOD3: 62.13% 
Epoch: 469, Loss: 3.4122, Cls: 1.1374, Ind: 0.0000, Med: 0.5690, Spu: 0.0000, FD: 1.1371, FDAug: 0.5688, Var: 0.0000, Ctx: 6, MixCtx: 3, Train: 82.75%, Valid: 70.77%, Test In: 72.26% Test OOD1: 64.09% Test OOD2: 53.75% Test OOD3: 61.76% 
Epoch: 470, Loss: 3.5361, Cls: 1.1788, Ind: 0.0000, Med: 0.5897, Spu: 0.0000, FD: 1.1786, FDAug: 0.5890, Var: 0.0000, Ctx: 6, MixCtx: 3, Train: 83.41%, Valid: 71.45%, Test In: 72.31% Test OOD1: 64.44% Test OOD2: 53.89% Test OOD3: 61.94% 
Epoch: 471, Loss: 3.5135, Cls: 1.1708, Ind: 0.0000, Med: 0.5851, Spu: 0.0000, FD: 1.1717, FDAug: 0.5859, Var: 0.0000, Ctx: 6, MixCtx: 3, Train: 82.76%, Valid: 70.31%, Test In: 71.44% Test OOD1: 62.79% Test OOD2: 53.50% Test OOD3: 61.15% 
Epoch: 472, Loss: 3.4780, Cls: 1.1595, Ind: 0.0000, Med: 0.5805, Spu: 0.0000, FD: 1.1584, FDAug: 0.5795, Var: 0.0000, Ctx: 6, MixCtx: 3, Train: 83.61%, Valid: 70.53%, Test In: 71.86% Test OOD1: 63.82% Test OOD2: 53.68% Test OOD3: 61.70% 
Epoch: 473, Loss: 3.4407, Cls: 1.1466, Ind: 0.0000, Med: 0.5734, Spu: 0.0000, FD: 1.1470, FDAug: 0.5737, Var: 0.0000, Ctx: 6, MixCtx: 3, Train: 82.67%, Valid: 71.60%, Test In: 72.62% Test OOD1: 65.37% Test OOD2: 54.03% Test OOD3: 62.52% 
Epoch: 474, Loss: 3.6045, Cls: 1.2012, Ind: 0.0000, Med: 0.6002, Spu: 0.0000, FD: 1.2027, FDAug: 0.6004, Var: 0.0000, Ctx: 6, MixCtx: 3, Train: 83.52%, Valid: 70.06%, Test In: 71.36% Test OOD1: 63.35% Test OOD2: 53.69% Test OOD3: 61.34% 
Epoch: 475, Loss: 3.4601, Cls: 1.1534, Ind: 0.0000, Med: 0.5773, Spu: 0.0000, FD: 1.1528, FDAug: 0.5766, Var: 0.0000, Ctx: 6, MixCtx: 3, Train: 82.88%, Valid: 69.76%, Test In: 70.93% Test OOD1: 62.92% Test OOD2: 53.67% Test OOD3: 61.21% 
Epoch: 476, Loss: 3.4914, Cls: 1.1641, Ind: 0.0000, Med: 0.5830, Spu: 0.0000, FD: 1.1627, FDAug: 0.5816, Var: 0.0000, Ctx: 6, MixCtx: 3, Train: 83.63%, Valid: 70.79%, Test In: 72.02% Test OOD1: 64.91% Test OOD2: 54.03% Test OOD3: 62.35% 
Epoch: 477, Loss: 3.4228, Cls: 1.1408, Ind: 0.0000, Med: 0.5706, Spu: 0.0000, FD: 1.1408, FDAug: 0.5706, Var: 0.0000, Ctx: 6, MixCtx: 3, Train: 82.44%, Valid: 70.87%, Test In: 72.40% Test OOD1: 65.03% Test OOD2: 53.93% Test OOD3: 62.40% 
Epoch: 478, Loss: 3.5098, Cls: 1.1695, Ind: 0.0000, Med: 0.5842, Spu: 0.0000, FD: 1.1710, FDAug: 0.5851, Var: 0.0000, Ctx: 6, MixCtx: 3, Train: 83.85%, Valid: 70.38%, Test In: 71.62% Test OOD1: 63.85% Test OOD2: 53.71% Test OOD3: 61.63% 
Epoch: 479, Loss: 3.3744, Cls: 1.1249, Ind: 0.0000, Med: 0.5631, Spu: 0.0000, FD: 1.1242, FDAug: 0.5622, Var: 0.0000, Ctx: 6, MixCtx: 3, Train: 83.17%, Valid: 69.89%, Test In: 70.95% Test OOD1: 62.61% Test OOD2: 53.41% Test OOD3: 60.95% 
Epoch: 480, Loss: 3.4356, Cls: 1.1455, Ind: 0.0000, Med: 0.5737, Spu: 0.0000, FD: 1.1441, FDAug: 0.5722, Var: 0.0000, Ctx: 6, MixCtx: 3, Train: 83.82%, Valid: 70.74%, Test In: 71.98% Test OOD1: 64.13% Test OOD2: 53.60% Test OOD3: 61.75% 
Epoch: 481, Loss: 3.3787, Cls: 1.1261, Ind: 0.0000, Med: 0.5632, Spu: 0.0000, FD: 1.1263, FDAug: 0.5632, Var: 0.0000, Ctx: 6, MixCtx: 3, Train: 83.38%, Valid: 71.29%, Test In: 72.42% Test OOD1: 64.85% Test OOD2: 53.85% Test OOD3: 62.08% 
Epoch: 482, Loss: 3.4271, Cls: 1.1423, Ind: 0.0000, Med: 0.5712, Spu: 0.0000, FD: 1.1426, FDAug: 0.5710, Var: 0.0000, Ctx: 6, MixCtx: 3, Train: 83.92%, Valid: 70.54%, Test In: 71.69% Test OOD1: 63.62% Test OOD2: 53.69% Test OOD3: 61.25% 
Epoch: 483, Loss: 3.3718, Cls: 1.1240, Ind: 0.0000, Med: 0.5624, Spu: 0.0000, FD: 1.1235, FDAug: 0.5618, Var: 0.0000, Ctx: 6, MixCtx: 3, Train: 83.64%, Valid: 70.43%, Test In: 71.53% Test OOD1: 63.49% Test OOD2: 53.75% Test OOD3: 61.26% 
Epoch: 484, Loss: 3.3857, Cls: 1.1287, Ind: 0.0000, Med: 0.5650, Spu: 0.0000, FD: 1.1279, FDAug: 0.5641, Var: 0.0000, Ctx: 6, MixCtx: 3, Train: 83.97%, Valid: 71.01%, Test In: 72.22% Test OOD1: 64.86% Test OOD2: 54.02% Test OOD3: 62.14% 
Epoch: 485, Loss: 3.3590, Cls: 1.1195, Ind: 0.0000, Med: 0.5598, Spu: 0.0000, FD: 1.1199, FDAug: 0.5599, Var: 0.0000, Ctx: 6, MixCtx: 3, Train: 83.73%, Valid: 70.86%, Test In: 72.26% Test OOD1: 64.72% Test OOD2: 53.93% Test OOD3: 62.09% 
Epoch: 486, Loss: 3.3810, Cls: 1.1269, Ind: 0.0000, Med: 0.5636, Spu: 0.0000, FD: 1.1271, FDAug: 0.5633, Var: 0.0000, Ctx: 6, MixCtx: 3, Train: 84.05%, Valid: 70.42%, Test In: 71.46% Test OOD1: 63.55% Test OOD2: 53.72% Test OOD3: 61.45% 
Epoch: 487, Loss: 3.3622, Cls: 1.1206, Ind: 0.0000, Med: 0.5606, Spu: 0.0000, FD: 1.1205, FDAug: 0.5605, Var: 0.0000, Ctx: 6, MixCtx: 3, Train: 84.16%, Valid: 70.08%, Test In: 71.20% Test OOD1: 62.87% Test OOD2: 53.66% Test OOD3: 60.97% 
Epoch: 488, Loss: 3.3488, Cls: 1.1163, Ind: 0.0000, Med: 0.5587, Spu: 0.0000, FD: 1.1157, FDAug: 0.5581, Var: 0.0000, Ctx: 6, MixCtx: 3, Train: 83.94%, Valid: 70.47%, Test In: 71.82% Test OOD1: 63.61% Test OOD2: 53.88% Test OOD3: 61.40% 
Epoch: 489, Loss: 3.3555, Cls: 1.1183, Ind: 0.0000, Med: 0.5592, Spu: 0.0000, FD: 1.1187, FDAug: 0.5592, Var: 0.0000, Ctx: 6, MixCtx: 3, Train: 84.17%, Valid: 70.41%, Test In: 71.59% Test OOD1: 63.62% Test OOD2: 53.87% Test OOD3: 61.48% 
Epoch: 490, Loss: 3.3567, Cls: 1.1186, Ind: 0.0000, Med: 0.5592, Spu: 0.0000, FD: 1.1194, FDAug: 0.5595, Var: 0.0000, Ctx: 6, MixCtx: 3, Train: 84.10%, Valid: 69.54%, Test In: 70.86% Test OOD1: 62.50% Test OOD2: 53.58% Test OOD3: 60.59% 
Epoch: 491, Loss: 3.3997, Cls: 1.1331, Ind: 0.0000, Med: 0.5668, Spu: 0.0000, FD: 1.1332, FDAug: 0.5666, Var: 0.0000, Ctx: 6, MixCtx: 3, Train: 84.17%, Valid: 70.44%, Test In: 71.30% Test OOD1: 63.45% Test OOD2: 53.74% Test OOD3: 61.15% 
Epoch: 492, Loss: 3.4118, Cls: 1.1369, Ind: 0.0000, Med: 0.5684, Spu: 0.0000, FD: 1.1377, FDAug: 0.5688, Var: 0.0000, Ctx: 6, MixCtx: 3, Train: 83.91%, Valid: 70.30%, Test In: 71.69% Test OOD1: 63.91% Test OOD2: 53.67% Test OOD3: 61.39% 
Epoch: 493, Loss: 3.4242, Cls: 1.1406, Ind: 0.0000, Med: 0.5696, Spu: 0.0000, FD: 1.1427, FDAug: 0.5712, Var: 0.0000, Ctx: 6, MixCtx: 3, Train: 83.61%, Valid: 70.44%, Test In: 71.31% Test OOD1: 64.00% Test OOD2: 53.64% Test OOD3: 61.55% 
Epoch: 494, Loss: 3.4382, Cls: 1.1460, Ind: 0.0000, Med: 0.5733, Spu: 0.0000, FD: 1.1460, FDAug: 0.5729, Var: 0.0000, Ctx: 6, MixCtx: 3, Train: 84.41%, Valid: 70.05%, Test In: 71.20% Test OOD1: 63.21% Test OOD2: 53.61% Test OOD3: 60.91% 
Epoch: 495, Loss: 3.3440, Cls: 1.1144, Ind: 0.0000, Med: 0.5574, Spu: 0.0000, FD: 1.1147, FDAug: 0.5576, Var: 0.0000, Ctx: 6, MixCtx: 3, Train: 83.99%, Valid: 70.38%, Test In: 71.71% Test OOD1: 63.22% Test OOD2: 53.76% Test OOD3: 60.84% 
Epoch: 496, Loss: 3.3506, Cls: 1.1166, Ind: 0.0000, Med: 0.5583, Spu: 0.0000, FD: 1.1171, FDAug: 0.5585, Var: 0.0000, Ctx: 6, MixCtx: 3, Train: 84.42%, Valid: 70.58%, Test In: 71.66% Test OOD1: 63.51% Test OOD2: 53.87% Test OOD3: 61.19% 
Epoch: 497, Loss: 3.3656, Cls: 1.1218, Ind: 0.0000, Med: 0.5611, Spu: 0.0000, FD: 1.1218, FDAug: 0.5609, Var: 0.0000, Ctx: 6, MixCtx: 3, Train: 83.99%, Valid: 69.66%, Test In: 71.17% Test OOD1: 62.98% Test OOD2: 53.51% Test OOD3: 61.00% 
Epoch: 498, Loss: 3.4508, Cls: 1.1498, Ind: 0.0000, Med: 0.5745, Spu: 0.0000, FD: 1.1510, FDAug: 0.5755, Var: 0.0000, Ctx: 6, MixCtx: 3, Train: 84.38%, Valid: 70.41%, Test In: 71.49% Test OOD1: 63.71% Test OOD2: 53.72% Test OOD3: 61.48% 
Epoch: 499, Loss: 3.3849, Cls: 1.1282, Ind: 0.0000, Med: 0.5643, Spu: 0.0000, FD: 1.1283, FDAug: 0.5641, Var: 0.0000, Ctx: 6, MixCtx: 3, Train: 84.05%, Valid: 70.18%, Test In: 71.72% Test OOD1: 63.54% Test OOD2: 53.66% Test OOD3: 61.26% 
Run 01:
Highest Train: 84.42
Highest Valid: 73.34
Highest In Test: 74.79
Highest OOD Test: 68.21
Highest OOD Test: 54.52
Highest OOD Test: 64.36
Chosen epoch: 240
Final Train: 78.36
Final In Test: 74.79
Final OOD Test: 67.84
Final OOD Test: 54.05
Final OOD Test: 64.22
Epoch: 00, Loss: 8.6773, Cls: 2.7510, Ind: 0.0018, Med: 1.2081, Spu: 0.0065, FD: 3.1609, FDAug: 1.5490, Var: 0.0000, Ctx: 6, MixCtx: 3, Train: 54.89%, Valid: 54.96%, Test In: 55.25% Test OOD1: 57.61% Test OOD2: 52.09% Test OOD3: 55.60% 
Epoch: 01, Loss: 5.5047, Cls: 1.7805, Ind: 0.0027, Med: 0.8422, Spu: 0.0005, FD: 1.9169, FDAug: 0.9619, Var: 0.0000, Ctx: 6, MixCtx: 3, Train: 55.04%, Valid: 55.07%, Test In: 55.30% Test OOD1: 58.23% Test OOD2: 52.45% Test OOD3: 56.80% 
Epoch: 02, Loss: 4.7033, Cls: 1.5576, Ind: 0.0027, Med: 0.7706, Spu: 0.0025, FD: 1.5786, FDAug: 0.7912, Var: 0.0000, Ctx: 6, MixCtx: 3, Train: 57.10%, Valid: 57.05%, Test In: 56.94% Test OOD1: 60.00% Test OOD2: 52.43% Test OOD3: 57.73% 
Epoch: 03, Loss: 4.5399, Cls: 1.5103, Ind: 0.0021, Med: 0.7540, Spu: 0.0009, FD: 1.5153, FDAug: 0.7572, Var: 0.0000, Ctx: 6, MixCtx: 3, Train: 58.48%, Valid: 58.19%, Test In: 57.86% Test OOD1: 61.21% Test OOD2: 52.03% Test OOD3: 58.34% 
Epoch: 04, Loss: 4.5137, Cls: 1.5040, Ind: 0.0013, Med: 0.7522, Spu: 0.0000, FD: 1.5044, FDAug: 0.7518, Var: 0.0000, Ctx: 6, MixCtx: 3, Train: 58.93%, Valid: 58.54%, Test In: 58.09% Test OOD1: 61.58% Test OOD2: 51.82% Test OOD3: 58.37% 
Epoch: 05, Loss: 4.5260, Cls: 1.5084, Ind: 0.0006, Med: 0.7549, Spu: 0.0008, FD: 1.5074, FDAug: 0.7540, Var: 0.0000, Ctx: 6, MixCtx: 3, Train: 59.00%, Valid: 58.62%, Test In: 58.09% Test OOD1: 61.62% Test OOD2: 51.61% Test OOD3: 58.27% 
Epoch: 06, Loss: 4.5415, Cls: 1.5128, Ind: 0.0002, Med: 0.7566, Spu: 0.0010, FD: 1.5134, FDAug: 0.7575, Var: 0.0000, Ctx: 6, MixCtx: 3, Train: 58.87%, Valid: 58.55%, Test In: 57.93% Test OOD1: 61.55% Test OOD2: 51.46% Test OOD3: 58.13% 
Epoch: 07, Loss: 4.5428, Cls: 1.5128, Ind: 0.0000, Med: 0.7562, Spu: 0.0003, FD: 1.5150, FDAug: 0.7584, Var: 0.0000, Ctx: 6, MixCtx: 3, Train: 58.77%, Valid: 58.48%, Test In: 57.81% Test OOD1: 61.48% Test OOD2: 51.34% Test OOD3: 57.95% 
Epoch: 08, Loss: 4.5304, Cls: 1.5089, Ind: 0.0000, Med: 0.7542, Spu: 0.0000, FD: 1.5110, FDAug: 0.7562, Var: 0.0000, Ctx: 6, MixCtx: 3, Train: 58.70%, Valid: 58.40%, Test In: 57.74% Test OOD1: 61.44% Test OOD2: 51.27% Test OOD3: 57.85% 
Epoch: 09, Loss: 4.5171, Cls: 1.5048, Ind: 0.0000, Med: 0.7527, Spu: 0.0004, FD: 1.5059, FDAug: 0.7532, Var: 0.0000, Ctx: 6, MixCtx: 3, Train: 58.60%, Valid: 58.32%, Test In: 57.64% Test OOD1: 61.39% Test OOD2: 51.20% Test OOD3: 57.76% 
Epoch: 10, Loss: 4.5121, Cls: 1.5039, Ind: 0.0000, Med: 0.7533, Spu: 0.0006, FD: 1.5030, FDAug: 0.7513, Var: 0.0000, Ctx: 6, MixCtx: 3, Train: 58.52%, Valid: 58.23%, Test In: 57.56% Test OOD1: 61.35% Test OOD2: 51.15% Test OOD3: 57.66% 
Epoch: 11, Loss: 4.5112, Cls: 1.5046, Ind: 0.0000, Med: 0.7542, Spu: 0.0004, FD: 1.5018, FDAug: 0.7502, Var: 0.0000, Ctx: 6, MixCtx: 3, Train: 58.43%, Valid: 58.15%, Test In: 57.48% Test OOD1: 61.30% Test OOD2: 51.09% Test OOD3: 57.58% 
Epoch: 12, Loss: 4.5110, Cls: 1.5048, Ind: 0.0000, Med: 0.7538, Spu: 0.0001, FD: 1.5023, FDAug: 0.7501, Var: 0.0000, Ctx: 6, MixCtx: 3, Train: 58.42%, Valid: 58.13%, Test In: 57.48% Test OOD1: 61.29% Test OOD2: 51.07% Test OOD3: 57.57% 
Epoch: 13, Loss: 4.5120, Cls: 1.5045, Ind: 0.0000, Med: 0.7528, Spu: 0.0000, FD: 1.5040, FDAug: 0.7506, Var: 0.0000, Ctx: 6, MixCtx: 3, Train: 58.48%, Valid: 58.17%, Test In: 57.53% Test OOD1: 61.32% Test OOD2: 51.07% Test OOD3: 57.62% 
Epoch: 14, Loss: 4.5119, Cls: 1.5041, Ind: 0.0001, Med: 0.7524, Spu: 0.0002, FD: 1.5043, FDAug: 0.7509, Var: 0.0000, Ctx: 6, MixCtx: 3, Train: 58.54%, Valid: 58.21%, Test In: 57.57% Test OOD1: 61.34% Test OOD2: 51.07% Test OOD3: 57.65% 
Epoch: 15, Loss: 4.5080, Cls: 1.5030, Ind: 0.0001, Med: 0.7523, Spu: 0.0003, FD: 1.5020, FDAug: 0.7503, Var: 0.0000, Ctx: 6, MixCtx: 3, Train: 58.56%, Valid: 58.23%, Test In: 57.59% Test OOD1: 61.34% Test OOD2: 51.06% Test OOD3: 57.66% 
Epoch: 16, Loss: 4.5022, Cls: 1.5014, Ind: 0.0001, Med: 0.7521, Spu: 0.0002, FD: 1.4991, FDAug: 0.7493, Var: 0.0000, Ctx: 6, MixCtx: 3, Train: 58.57%, Valid: 58.25%, Test In: 57.60% Test OOD1: 61.35% Test OOD2: 51.06% Test OOD3: 57.66% 
Epoch: 17, Loss: 4.4994, Cls: 1.5003, Ind: 0.0001, Med: 0.7517, Spu: 0.0000, FD: 1.4982, FDAug: 0.7490, Var: 0.0000, Ctx: 6, MixCtx: 3, Train: 58.57%, Valid: 58.25%, Test In: 57.60% Test OOD1: 61.34% Test OOD2: 51.05% Test OOD3: 57.64% 
Epoch: 18, Loss: 4.5015, Cls: 1.5006, Ind: 0.0001, Med: 0.7514, Spu: 0.0000, FD: 1.4998, FDAug: 0.7496, Var: 0.0000, Ctx: 6, MixCtx: 3, Train: 58.58%, Valid: 58.26%, Test In: 57.60% Test OOD1: 61.34% Test OOD2: 51.05% Test OOD3: 57.64% 
Epoch: 19, Loss: 4.5036, Cls: 1.5011, Ind: 0.0001, Med: 0.7513, Spu: 0.0001, FD: 1.5010, FDAug: 0.7501, Var: 0.0000, Ctx: 6, MixCtx: 3, Train: 58.58%, Valid: 58.26%, Test In: 57.61% Test OOD1: 61.34% Test OOD2: 51.04% Test OOD3: 57.63% 
Epoch: 20, Loss: 4.5010, Cls: 1.5005, Ind: 0.0000, Med: 0.7512, Spu: 0.0001, FD: 1.4996, FDAug: 0.7496, Var: 0.0000, Ctx: 6, MixCtx: 3, Train: 58.59%, Valid: 58.26%, Test In: 57.61% Test OOD1: 61.34% Test OOD2: 51.04% Test OOD3: 57.64% 
Epoch: 21, Loss: 4.4966, Cls: 1.4995, Ind: 0.0000, Med: 0.7510, Spu: 0.0001, FD: 1.4974, FDAug: 0.7487, Var: 0.0000, Ctx: 6, MixCtx: 3, Train: 58.59%, Valid: 58.26%, Test In: 57.62% Test OOD1: 61.34% Test OOD2: 51.03% Test OOD3: 57.63% 
Epoch: 22, Loss: 4.4938, Cls: 1.4986, Ind: 0.0000, Med: 0.7507, Spu: 0.0000, FD: 1.4963, FDAug: 0.7481, Var: 0.0000, Ctx: 6, MixCtx: 3, Train: 58.60%, Valid: 58.26%, Test In: 57.62% Test OOD1: 61.35% Test OOD2: 51.03% Test OOD3: 57.63% 
Epoch: 23, Loss: 4.4927, Cls: 1.4981, Ind: 0.0000, Med: 0.7503, Spu: 0.0000, FD: 1.4963, FDAug: 0.7480, Var: 0.0000, Ctx: 6, MixCtx: 3, Train: 58.61%, Valid: 58.27%, Test In: 57.63% Test OOD1: 61.35% Test OOD2: 51.03% Test OOD3: 57.63% 
Epoch: 24, Loss: 4.4916, Cls: 1.4976, Ind: 0.0000, Med: 0.7501, Spu: 0.0000, FD: 1.4961, FDAug: 0.7477, Var: 0.0000, Ctx: 6, MixCtx: 3, Train: 58.63%, Valid: 58.28%, Test In: 57.65% Test OOD1: 61.36% Test OOD2: 51.03% Test OOD3: 57.64% 
Epoch: 25, Loss: 4.4900, Cls: 1.4972, Ind: 0.0000, Med: 0.7500, Spu: 0.0001, FD: 1.4954, FDAug: 0.7473, Var: 0.0000, Ctx: 6, MixCtx: 3, Train: 58.66%, Valid: 58.30%, Test In: 57.67% Test OOD1: 61.37% Test OOD2: 51.03% Test OOD3: 57.64% 
Epoch: 26, Loss: 4.4883, Cls: 1.4968, Ind: 0.0001, Med: 0.7500, Spu: 0.0001, FD: 1.4944, FDAug: 0.7469, Var: 0.0000, Ctx: 6, MixCtx: 3, Train: 58.69%, Valid: 58.33%, Test In: 57.70% Test OOD1: 61.38% Test OOD2: 51.03% Test OOD3: 57.66% 
Epoch: 27, Loss: 4.4860, Cls: 1.4961, Ind: 0.0001, Med: 0.7497, Spu: 0.0000, FD: 1.4935, FDAug: 0.7465, Var: 0.0000, Ctx: 6, MixCtx: 3, Train: 58.73%, Valid: 58.37%, Test In: 57.74% Test OOD1: 61.40% Test OOD2: 51.04% Test OOD3: 57.67% 
Epoch: 28, Loss: 4.4827, Cls: 1.4950, Ind: 0.0001, Med: 0.7491, Spu: 0.0000, FD: 1.4924, FDAug: 0.7461, Var: 0.0000, Ctx: 6, MixCtx: 3, Train: 58.78%, Valid: 58.41%, Test In: 57.78% Test OOD1: 61.42% Test OOD2: 51.05% Test OOD3: 57.69% 
Epoch: 29, Loss: 4.4793, Cls: 1.4938, Ind: 0.0000, Med: 0.7485, Spu: 0.0000, FD: 1.4913, FDAug: 0.7456, Var: 0.0000, Ctx: 6, MixCtx: 3, Train: 58.83%, Valid: 58.45%, Test In: 57.82% Test OOD1: 61.44% Test OOD2: 51.06% Test OOD3: 57.72% 
Epoch: 30, Loss: 4.4771, Cls: 1.4930, Ind: 0.0000, Med: 0.7483, Spu: 0.0001, FD: 1.4905, FDAug: 0.7453, Var: 0.0000, Ctx: 6, MixCtx: 3, Train: 58.89%, Valid: 58.49%, Test In: 57.87% Test OOD1: 61.47% Test OOD2: 51.07% Test OOD3: 57.75% 
Epoch: 31, Loss: 4.4754, Cls: 1.4925, Ind: 0.0000, Med: 0.7481, Spu: 0.0001, FD: 1.4898, FDAug: 0.7450, Var: 0.0000, Ctx: 6, MixCtx: 3, Train: 58.95%, Valid: 58.53%, Test In: 57.93% Test OOD1: 61.50% Test OOD2: 51.08% Test OOD3: 57.78% 
Epoch: 32, Loss: 4.4723, Cls: 1.4914, Ind: 0.0000, Med: 0.7476, Spu: 0.0000, FD: 1.4888, FDAug: 0.7445, Var: 0.0000, Ctx: 6, MixCtx: 3, Train: 59.02%, Valid: 58.58%, Test In: 57.99% Test OOD1: 61.53% Test OOD2: 51.08% Test OOD3: 57.81% 
Epoch: 33, Loss: 4.4680, Cls: 1.4899, Ind: 0.0000, Med: 0.7467, Spu: 0.0000, FD: 1.4875, FDAug: 0.7438, Var: 0.0000, Ctx: 6, MixCtx: 3, Train: 59.10%, Valid: 58.64%, Test In: 58.06% Test OOD1: 61.57% Test OOD2: 51.09% Test OOD3: 57.85% 
Epoch: 34, Loss: 4.4639, Cls: 1.4885, Ind: 0.0000, Med: 0.7459, Spu: 0.0000, FD: 1.4863, FDAug: 0.7432, Var: 0.0000, Ctx: 6, MixCtx: 3, Train: 59.19%, Valid: 58.70%, Test In: 58.14% Test OOD1: 61.61% Test OOD2: 51.10% Test OOD3: 57.89% 
Epoch: 35, Loss: 4.4608, Cls: 1.4874, Ind: 0.0000, Med: 0.7453, Spu: 0.0000, FD: 1.4854, FDAug: 0.7427, Var: 0.0000, Ctx: 6, MixCtx: 3, Train: 59.29%, Valid: 58.76%, Test In: 58.23% Test OOD1: 61.65% Test OOD2: 51.12% Test OOD3: 57.94% 
Epoch: 36, Loss: 4.4578, Cls: 1.4863, Ind: 0.0000, Med: 0.7446, Spu: 0.0000, FD: 1.4846, FDAug: 0.7422, Var: 0.0000, Ctx: 6, MixCtx: 3, Train: 59.41%, Valid: 58.84%, Test In: 58.34% Test OOD1: 61.71% Test OOD2: 51.13% Test OOD3: 58.01% 
Epoch: 37, Loss: 4.4542, Cls: 1.4849, Ind: 0.0000, Med: 0.7438, Spu: 0.0000, FD: 1.4837, FDAug: 0.7417, Var: 0.0000, Ctx: 6, MixCtx: 3, Train: 59.56%, Valid: 58.95%, Test In: 58.48% Test OOD1: 61.78% Test OOD2: 51.15% Test OOD3: 58.09% 
Epoch: 38, Loss: 4.4496, Cls: 1.4834, Ind: 0.0000, Med: 0.7430, Spu: 0.0000, FD: 1.4822, FDAug: 0.7410, Var: 0.0000, Ctx: 6, MixCtx: 3, Train: 59.75%, Valid: 59.08%, Test In: 58.66% Test OOD1: 61.86% Test OOD2: 51.17% Test OOD3: 58.20% 
Epoch: 39, Loss: 4.4453, Cls: 1.4819, Ind: 0.0000, Med: 0.7422, Spu: 0.0000, FD: 1.4807, FDAug: 0.7404, Var: 0.0000, Ctx: 6, MixCtx: 3, Train: 59.97%, Valid: 59.22%, Test In: 58.87% Test OOD1: 61.96% Test OOD2: 51.19% Test OOD3: 58.33% 
Epoch: 40, Loss: 4.4418, Cls: 1.4806, Ind: 0.0000, Med: 0.7415, Spu: 0.0000, FD: 1.4797, FDAug: 0.7400, Var: 0.0000, Ctx: 6, MixCtx: 3, Train: 60.20%, Valid: 59.38%, Test In: 59.09% Test OOD1: 62.06% Test OOD2: 51.22% Test OOD3: 58.46% 
Epoch: 41, Loss: 4.4368, Cls: 1.4789, Ind: 0.0000, Med: 0.7405, Spu: 0.0000, FD: 1.4781, FDAug: 0.7392, Var: 0.0000, Ctx: 6, MixCtx: 3, Train: 60.46%, Valid: 59.55%, Test In: 59.33% Test OOD1: 62.18% Test OOD2: 51.25% Test OOD3: 58.60% 
Epoch: 42, Loss: 4.4312, Cls: 1.4771, Ind: 0.0000, Med: 0.7396, Spu: 0.0000, FD: 1.4763, FDAug: 0.7382, Var: 0.0000, Ctx: 6, MixCtx: 3, Train: 60.76%, Valid: 59.74%, Test In: 59.61% Test OOD1: 62.31% Test OOD2: 51.27% Test OOD3: 58.77% 
Epoch: 43, Loss: 4.4249, Cls: 1.4751, Ind: 0.0000, Med: 0.7386, Spu: 0.0000, FD: 1.4741, FDAug: 0.7371, Var: 0.0000, Ctx: 6, MixCtx: 3, Train: 61.13%, Valid: 59.98%, Test In: 59.95% Test OOD1: 62.46% Test OOD2: 51.31% Test OOD3: 58.97% 
Epoch: 44, Loss: 4.4184, Cls: 1.4729, Ind: 0.0000, Med: 0.7374, Spu: 0.0000, FD: 1.4720, FDAug: 0.7360, Var: 0.0000, Ctx: 6, MixCtx: 3, Train: 61.57%, Valid: 60.28%, Test In: 60.37% Test OOD1: 62.65% Test OOD2: 51.35% Test OOD3: 59.22% 
Epoch: 45, Loss: 4.4097, Cls: 1.4701, Ind: 0.0000, Med: 0.7361, Spu: 0.0000, FD: 1.4690, FDAug: 0.7345, Var: 0.0000, Ctx: 6, MixCtx: 3, Train: 62.09%, Valid: 60.63%, Test In: 60.86% Test OOD1: 62.86% Test OOD2: 51.41% Test OOD3: 59.48% 
Epoch: 46, Loss: 4.3997, Cls: 1.4669, Ind: 0.0000, Med: 0.7345, Spu: 0.0000, FD: 1.4654, FDAug: 0.7327, Var: 0.0000, Ctx: 6, MixCtx: 3, Train: 62.69%, Valid: 61.04%, Test In: 61.43% Test OOD1: 63.09% Test OOD2: 51.48% Test OOD3: 59.78% 
Epoch: 47, Loss: 4.3887, Cls: 1.4632, Ind: 0.0000, Med: 0.7326, Spu: 0.0000, FD: 1.4618, FDAug: 0.7311, Var: 0.0000, Ctx: 6, MixCtx: 3, Train: 63.34%, Valid: 61.48%, Test In: 62.05% Test OOD1: 63.34% Test OOD2: 51.56% Test OOD3: 60.09% 
Epoch: 48, Loss: 4.3767, Cls: 1.4593, Ind: 0.0000, Med: 0.7306, Spu: 0.0000, FD: 1.4577, FDAug: 0.7291, Var: 0.0000, Ctx: 6, MixCtx: 3, Train: 64.00%, Valid: 61.93%, Test In: 62.68% Test OOD1: 63.61% Test OOD2: 51.64% Test OOD3: 60.40% 
Epoch: 49, Loss: 4.3621, Cls: 1.4545, Ind: 0.0000, Med: 0.7283, Spu: 0.0000, FD: 1.4528, FDAug: 0.7265, Var: 0.0000, Ctx: 6, MixCtx: 3, Train: 64.76%, Valid: 62.46%, Test In: 63.42% Test OOD1: 63.90% Test OOD2: 51.74% Test OOD3: 60.74% 
Epoch: 50, Loss: 4.3453, Cls: 1.4490, Ind: 0.0000, Med: 0.7256, Spu: 0.0000, FD: 1.4470, FDAug: 0.7237, Var: 0.0000, Ctx: 6, MixCtx: 3, Train: 65.60%, Valid: 63.04%, Test In: 64.21% Test OOD1: 64.21% Test OOD2: 51.85% Test OOD3: 61.11% 
Epoch: 51, Loss: 4.3265, Cls: 1.4428, Ind: 0.0000, Med: 0.7225, Spu: 0.0000, FD: 1.4407, FDAug: 0.7205, Var: 0.0000, Ctx: 6, MixCtx: 3, Train: 66.53%, Valid: 63.69%, Test In: 65.11% Test OOD1: 64.54% Test OOD2: 51.97% Test OOD3: 61.51% 
Epoch: 52, Loss: 4.3042, Cls: 1.4354, Ind: 0.0000, Med: 0.7188, Spu: 0.0000, FD: 1.4333, FDAug: 0.7167, Var: 0.0000, Ctx: 6, MixCtx: 3, Train: 67.59%, Valid: 64.45%, Test In: 66.13% Test OOD1: 64.88% Test OOD2: 52.12% Test OOD3: 61.92% 
Epoch: 53, Loss: 4.2803, Cls: 1.4274, Ind: 0.0000, Med: 0.7150, Spu: 0.0000, FD: 1.4250, FDAug: 0.7128, Var: 0.0000, Ctx: 6, MixCtx: 3, Train: 68.44%, Valid: 65.07%, Test In: 66.94% Test OOD1: 65.23% Test OOD2: 52.23% Test OOD3: 62.23% 
Epoch: 54, Loss: 4.2640, Cls: 1.4218, Ind: 0.0000, Med: 0.7120, Spu: 0.0000, FD: 1.4202, FDAug: 0.7100, Var: 0.0000, Ctx: 6, MixCtx: 3, Train: 69.44%, Valid: 65.76%, Test In: 67.93% Test OOD1: 65.46% Test OOD2: 52.41% Test OOD3: 62.56% 
Epoch: 55, Loss: 4.2566, Cls: 1.4191, Ind: 0.0000, Med: 0.7106, Spu: 0.0000, FD: 1.4175, FDAug: 0.7093, Var: 0.0000, Ctx: 6, MixCtx: 3, Train: 69.84%, Valid: 66.09%, Test In: 68.31% Test OOD1: 65.68% Test OOD2: 52.44% Test OOD3: 62.69% 
Epoch: 56, Loss: 4.2232, Cls: 1.4082, Ind: 0.0000, Med: 0.7052, Spu: 0.0000, FD: 1.4066, FDAug: 0.7032, Var: 0.0000, Ctx: 6, MixCtx: 3, Train: 70.51%, Valid: 66.54%, Test In: 68.98% Test OOD1: 65.81% Test OOD2: 52.56% Test OOD3: 62.87% 
Epoch: 57, Loss: 4.1825, Cls: 1.3946, Ind: 0.0000, Med: 0.6985, Spu: 0.0000, FD: 1.3929, FDAug: 0.6966, Var: 0.0000, Ctx: 6, MixCtx: 3, Train: 71.23%, Valid: 67.00%, Test In: 69.71% Test OOD1: 65.90% Test OOD2: 52.74% Test OOD3: 63.07% 
Epoch: 58, Loss: 4.2035, Cls: 1.4005, Ind: 0.0000, Med: 0.7003, Spu: 0.0000, FD: 1.4014, FDAug: 0.7012, Var: 0.0000, Ctx: 6, MixCtx: 3, Train: 71.32%, Valid: 67.17%, Test In: 69.79% Test OOD1: 65.98% Test OOD2: 52.71% Test OOD3: 63.06% 
Epoch: 59, Loss: 4.1888, Cls: 1.3962, Ind: 0.0000, Med: 0.6983, Spu: 0.0000, FD: 1.3964, FDAug: 0.6978, Var: 0.0000, Ctx: 6, MixCtx: 3, Train: 71.79%, Valid: 67.46%, Test In: 70.29% Test OOD1: 65.91% Test OOD2: 52.87% Test OOD3: 63.16% 
Epoch: 60, Loss: 4.1237, Cls: 1.3744, Ind: 0.0000, Med: 0.6876, Spu: 0.0000, FD: 1.3744, FDAug: 0.6874, Var: 0.0000, Ctx: 6, MixCtx: 3, Train: 72.27%, Valid: 67.69%, Test In: 70.78% Test OOD1: 65.66% Test OOD2: 53.08% Test OOD3: 63.21% 
Epoch: 61, Loss: 4.1809, Cls: 1.3931, Ind: 0.0000, Med: 0.6970, Spu: 0.0000, FD: 1.3934, FDAug: 0.6973, Var: 0.0000, Ctx: 6, MixCtx: 3, Train: 72.23%, Valid: 67.81%, Test In: 70.74% Test OOD1: 65.84% Test OOD2: 52.99% Test OOD3: 63.21% 
Epoch: 62, Loss: 4.1304, Cls: 1.3759, Ind: 0.0000, Med: 0.6871, Spu: 0.0000, FD: 1.3784, FDAug: 0.6890, Var: 0.0000, Ctx: 6, MixCtx: 3, Train: 72.47%, Valid: 67.98%, Test In: 70.97% Test OOD1: 65.74% Test OOD2: 53.08% Test OOD3: 63.24% 
Epoch: 63, Loss: 4.1071, Cls: 1.3681, Ind: 0.0000, Med: 0.6832, Spu: 0.0000, FD: 1.3706, FDAug: 0.6852, Var: 0.0000, Ctx: 6, MixCtx: 3, Train: 72.78%, Valid: 68.08%, Test In: 71.33% Test OOD1: 65.13% Test OOD2: 53.29% Test OOD3: 63.19% 
Epoch: 64, Loss: 4.1449, Cls: 1.3810, Ind: 0.0000, Med: 0.6908, Spu: 0.0000, FD: 1.3816, FDAug: 0.6916, Var: 0.0000, Ctx: 6, MixCtx: 3, Train: 72.84%, Valid: 68.25%, Test In: 71.36% Test OOD1: 65.50% Test OOD2: 53.23% Test OOD3: 63.27% 
Epoch: 65, Loss: 4.0672, Cls: 1.3551, Ind: 0.0000, Med: 0.6772, Spu: 0.0000, FD: 1.3566, FDAug: 0.6782, Var: 0.0000, Ctx: 6, MixCtx: 3, Train: 72.90%, Valid: 68.40%, Test In: 71.40% Test OOD1: 65.67% Test OOD2: 53.18% Test OOD3: 63.29% 
Epoch: 66, Loss: 4.1103, Cls: 1.3696, Ind: 0.0000, Med: 0.6842, Spu: 0.0000, FD: 1.3714, FDAug: 0.6850, Var: 0.0000, Ctx: 6, MixCtx: 3, Train: 73.07%, Valid: 68.47%, Test In: 71.67% Test OOD1: 64.89% Test OOD2: 53.37% Test OOD3: 63.12% 
Epoch: 67, Loss: 4.0796, Cls: 1.3592, Ind: 0.0000, Med: 0.6795, Spu: 0.0000, FD: 1.3602, FDAug: 0.6806, Var: 0.0000, Ctx: 6, MixCtx: 3, Train: 73.18%, Valid: 68.60%, Test In: 71.77% Test OOD1: 64.93% Test OOD2: 53.39% Test OOD3: 63.13% 
Epoch: 68, Loss: 4.0622, Cls: 1.3536, Ind: 0.0000, Med: 0.6767, Spu: 0.0000, FD: 1.3544, FDAug: 0.6775, Var: 0.0000, Ctx: 6, MixCtx: 3, Train: 73.24%, Valid: 68.78%, Test In: 71.73% Test OOD1: 65.66% Test OOD2: 53.27% Test OOD3: 63.34% 
Epoch: 69, Loss: 4.0865, Cls: 1.3620, Ind: 0.0000, Med: 0.6807, Spu: 0.0000, FD: 1.3631, FDAug: 0.6808, Var: 0.0000, Ctx: 6, MixCtx: 3, Train: 73.39%, Valid: 68.91%, Test In: 71.92% Test OOD1: 65.25% Test OOD2: 53.38% Test OOD3: 63.23% 
Epoch: 70, Loss: 4.0379, Cls: 1.3458, Ind: 0.0000, Med: 0.6729, Spu: 0.0000, FD: 1.3462, FDAug: 0.6730, Var: 0.0000, Ctx: 6, MixCtx: 3, Train: 73.45%, Valid: 68.96%, Test In: 72.08% Test OOD1: 64.68% Test OOD2: 53.46% Test OOD3: 63.07% 
Epoch: 71, Loss: 4.0691, Cls: 1.3557, Ind: 0.0000, Med: 0.6776, Spu: 0.0000, FD: 1.3567, FDAug: 0.6790, Var: 0.0000, Ctx: 6, MixCtx: 3, Train: 73.56%, Valid: 69.16%, Test In: 72.05% Test OOD1: 65.59% Test OOD2: 53.37% Test OOD3: 63.35% 
Epoch: 72, Loss: 4.0345, Cls: 1.3448, Ind: 0.0000, Med: 0.6725, Spu: 0.0000, FD: 1.3450, FDAug: 0.6722, Var: 0.0000, Ctx: 6, MixCtx: 3, Train: 73.62%, Valid: 69.27%, Test In: 72.11% Test OOD1: 65.78% Test OOD2: 53.36% Test OOD3: 63.41% 
Epoch: 73, Loss: 4.0405, Cls: 1.3468, Ind: 0.0000, Med: 0.6735, Spu: 0.0000, FD: 1.3470, FDAug: 0.6731, Var: 0.0000, Ctx: 6, MixCtx: 3, Train: 73.77%, Valid: 69.39%, Test In: 72.34% Test OOD1: 65.10% Test OOD2: 53.49% Test OOD3: 63.26% 
Epoch: 74, Loss: 4.0392, Cls: 1.3459, Ind: 0.0000, Med: 0.6728, Spu: 0.0000, FD: 1.3467, FDAug: 0.6738, Var: 0.0000, Ctx: 6, MixCtx: 3, Train: 73.86%, Valid: 69.53%, Test In: 72.36% Test OOD1: 65.48% Test OOD2: 53.47% Test OOD3: 63.37% 
Epoch: 75, Loss: 4.0170, Cls: 1.3387, Ind: 0.0000, Med: 0.6694, Spu: 0.0000, FD: 1.3391, FDAug: 0.6697, Var: 0.0000, Ctx: 6, MixCtx: 3, Train: 73.85%, Valid: 69.59%, Test In: 72.29% Test OOD1: 66.12% Test OOD2: 53.37% Test OOD3: 63.53% 
Epoch: 76, Loss: 4.0353, Cls: 1.3450, Ind: 0.0000, Med: 0.6725, Spu: 0.0000, FD: 1.3455, FDAug: 0.6723, Var: 0.0000, Ctx: 6, MixCtx: 3, Train: 74.04%, Valid: 69.76%, Test In: 72.51% Test OOD1: 65.76% Test OOD2: 53.48% Test OOD3: 63.47% 
Epoch: 77, Loss: 4.0065, Cls: 1.3353, Ind: 0.0000, Med: 0.6677, Spu: 0.0000, FD: 1.3356, FDAug: 0.6679, Var: 0.0000, Ctx: 6, MixCtx: 3, Train: 74.15%, Valid: 69.88%, Test In: 72.66% Test OOD1: 65.57% Test OOD2: 53.55% Test OOD3: 63.46% 
Epoch: 78, Loss: 4.0181, Cls: 1.3390, Ind: 0.0000, Med: 0.6694, Spu: 0.0000, FD: 1.3395, FDAug: 0.6701, Var: 0.0000, Ctx: 6, MixCtx: 3, Train: 74.13%, Valid: 69.94%, Test In: 72.55% Test OOD1: 66.25% Test OOD2: 53.43% Test OOD3: 63.60% 
Epoch: 79, Loss: 4.0045, Cls: 1.3347, Ind: 0.0000, Med: 0.6674, Spu: 0.0000, FD: 1.3350, FDAug: 0.6673, Var: 0.0000, Ctx: 6, MixCtx: 3, Train: 74.23%, Valid: 70.05%, Test In: 72.64% Test OOD1: 66.30% Test OOD2: 53.45% Test OOD3: 63.62% 
Epoch: 80, Loss: 3.9974, Cls: 1.3324, Ind: 0.0000, Med: 0.6662, Spu: 0.0000, FD: 1.3326, FDAug: 0.6662, Var: 0.0000, Ctx: 6, MixCtx: 3, Train: 74.42%, Valid: 70.22%, Test In: 72.89% Test OOD1: 65.87% Test OOD2: 53.59% Test OOD3: 63.58% 
Epoch: 81, Loss: 4.0024, Cls: 1.3337, Ind: 0.0000, Med: 0.6667, Spu: 0.0000, FD: 1.3344, FDAug: 0.6676, Var: 0.0000, Ctx: 6, MixCtx: 3, Train: 74.45%, Valid: 70.29%, Test In: 72.85% Test OOD1: 66.30% Test OOD2: 53.52% Test OOD3: 63.66% 
Epoch: 82, Loss: 3.9829, Cls: 1.3275, Ind: 0.0000, Med: 0.6638, Spu: 0.0000, FD: 1.3277, FDAug: 0.6639, Var: 0.0000, Ctx: 6, MixCtx: 3, Train: 74.46%, Valid: 70.35%, Test In: 72.84% Test OOD1: 66.55% Test OOD2: 53.47% Test OOD3: 63.72% 
Epoch: 83, Loss: 3.9892, Cls: 1.3298, Ind: 0.0000, Med: 0.6652, Spu: 0.0000, FD: 1.3296, FDAug: 0.6646, Var: 0.0000, Ctx: 6, MixCtx: 3, Train: 74.69%, Valid: 70.54%, Test In: 73.13% Test OOD1: 66.09% Test OOD2: 53.62% Test OOD3: 63.67% 
Epoch: 84, Loss: 3.9812, Cls: 1.3267, Ind: 0.0000, Med: 0.6632, Spu: 0.0000, FD: 1.3272, FDAug: 0.6640, Var: 0.0000, Ctx: 6, MixCtx: 3, Train: 74.76%, Valid: 70.63%, Test In: 73.17% Test OOD1: 66.30% Test OOD2: 53.59% Test OOD3: 63.72% 
Epoch: 85, Loss: 3.9685, Cls: 1.3227, Ind: 0.0000, Med: 0.6614, Spu: 0.0000, FD: 1.3228, FDAug: 0.6616, Var: 0.0000, Ctx: 6, MixCtx: 3, Train: 74.77%, Valid: 70.68%, Test In: 73.13% Test OOD1: 66.64% Test OOD2: 53.54% Test OOD3: 63.79% 
Epoch: 86, Loss: 3.9743, Cls: 1.3250, Ind: 0.0000, Med: 0.6628, Spu: 0.0000, FD: 1.3246, FDAug: 0.6620, Var: 0.0000, Ctx: 6, MixCtx: 3, Train: 74.98%, Valid: 70.84%, Test In: 73.42% Test OOD1: 66.12% Test OOD2: 53.67% Test OOD3: 63.70% 
Epoch: 87, Loss: 3.9646, Cls: 1.3213, Ind: 0.0000, Med: 0.6606, Spu: 0.0000, FD: 1.3216, FDAug: 0.6611, Var: 0.0000, Ctx: 6, MixCtx: 3, Train: 75.05%, Valid: 70.94%, Test In: 73.47% Test OOD1: 66.34% Test OOD2: 53.65% Test OOD3: 63.76% 
Epoch: 88, Loss: 3.9532, Cls: 1.3177, Ind: 0.0000, Med: 0.6590, Spu: 0.0000, FD: 1.3176, FDAug: 0.6589, Var: 0.0000, Ctx: 6, MixCtx: 3, Train: 75.08%, Valid: 71.00%, Test In: 73.45% Test OOD1: 66.65% Test OOD2: 53.60% Test OOD3: 63.84% 
Epoch: 89, Loss: 3.9570, Cls: 1.3191, Ind: 0.0000, Med: 0.6598, Spu: 0.0000, FD: 1.3189, FDAug: 0.6592, Var: 0.0000, Ctx: 6, MixCtx: 3, Train: 75.26%, Valid: 71.15%, Test In: 73.70% Test OOD1: 65.97% Test OOD2: 53.72% Test OOD3: 63.67% 
Epoch: 90, Loss: 3.9560, Cls: 1.3184, Ind: 0.0000, Med: 0.6593, Spu: 0.0000, FD: 1.3185, FDAug: 0.6598, Var: 0.0000, Ctx: 6, MixCtx: 3, Train: 75.29%, Valid: 71.22%, Test In: 73.65% Test OOD1: 66.62% Test OOD2: 53.65% Test OOD3: 63.85% 
Epoch: 91, Loss: 3.9443, Cls: 1.3148, Ind: 0.0000, Med: 0.6576, Spu: 0.0000, FD: 1.3148, FDAug: 0.6572, Var: 0.0000, Ctx: 6, MixCtx: 3, Train: 75.41%, Valid: 71.33%, Test In: 73.79% Test OOD1: 66.40% Test OOD2: 53.71% Test OOD3: 63.79% 
Epoch: 92, Loss: 3.9344, Cls: 1.3114, Ind: 0.0000, Med: 0.6560, Spu: 0.0000, FD: 1.3113, FDAug: 0.6557, Var: 0.0000, Ctx: 6, MixCtx: 3, Train: 75.51%, Valid: 71.43%, Test In: 73.89% Test OOD1: 66.23% Test OOD2: 53.74% Test OOD3: 63.73% 
Epoch: 93, Loss: 3.9337, Cls: 1.3112, Ind: 0.0000, Med: 0.6559, Spu: 0.0000, FD: 1.3109, FDAug: 0.6558, Var: 0.0000, Ctx: 6, MixCtx: 3, Train: 75.53%, Valid: 71.48%, Test In: 73.81% Test OOD1: 66.87% Test OOD2: 53.66% Test OOD3: 63.91% 
Epoch: 94, Loss: 3.9373, Cls: 1.3125, Ind: 0.0000, Med: 0.6564, Spu: 0.0000, FD: 1.3125, FDAug: 0.6560, Var: 0.0000, Ctx: 6, MixCtx: 3, Train: 75.67%, Valid: 71.62%, Test In: 74.02% Test OOD1: 66.06% Test OOD2: 53.77% Test OOD3: 63.66% 
Epoch: 95, Loss: 3.9401, Cls: 1.3132, Ind: 0.0000, Med: 0.6570, Spu: 0.0000, FD: 1.3128, FDAug: 0.6571, Var: 0.0000, Ctx: 6, MixCtx: 3, Train: 75.65%, Valid: 71.63%, Test In: 73.86% Test OOD1: 67.11% Test OOD2: 53.66% Test OOD3: 63.97% 
Epoch: 96, Loss: 3.9430, Cls: 1.3143, Ind: 0.0000, Med: 0.6572, Spu: 0.0000, FD: 1.3146, FDAug: 0.6569, Var: 0.0000, Ctx: 6, MixCtx: 3, Train: 75.80%, Valid: 71.79%, Test In: 74.12% Test OOD1: 65.99% Test OOD2: 53.79% Test OOD3: 63.63% 
Epoch: 97, Loss: 3.9377, Cls: 1.3124, Ind: 0.0000, Med: 0.6566, Spu: 0.0000, FD: 1.3119, FDAug: 0.6567, Var: 0.0000, Ctx: 6, MixCtx: 3, Train: 75.81%, Valid: 71.81%, Test In: 74.00% Test OOD1: 67.07% Test OOD2: 53.70% Test OOD3: 63.96% 
Epoch: 98, Loss: 3.9260, Cls: 1.3086, Ind: 0.0000, Med: 0.6544, Spu: 0.0000, FD: 1.3087, FDAug: 0.6541, Var: 0.0000, Ctx: 6, MixCtx: 3, Train: 75.95%, Valid: 71.94%, Test In: 74.16% Test OOD1: 66.54% Test OOD2: 53.78% Test OOD3: 63.81% 
Epoch: 99, Loss: 3.9114, Cls: 1.3037, Ind: 0.0000, Med: 0.6523, Spu: 0.0000, FD: 1.3033, FDAug: 0.6521, Var: 0.0000, Ctx: 6, MixCtx: 3, Train: 75.99%, Valid: 72.00%, Test In: 74.15% Test OOD1: 66.81% Test OOD2: 53.76% Test OOD3: 63.88% 
Epoch: 100, Loss: 3.9051, Cls: 1.3017, Ind: 0.0000, Med: 0.6513, Spu: 0.0000, FD: 1.3012, FDAug: 0.6509, Var: 0.0000, Ctx: 6, MixCtx: 3, Train: 75.99%, Valid: 72.01%, Test In: 74.08% Test OOD1: 67.25% Test OOD2: 53.71% Test OOD3: 63.99% 
Epoch: 101, Loss: 3.9096, Cls: 1.3034, Ind: 0.0000, Med: 0.6521, Spu: 0.0000, FD: 1.3028, FDAug: 0.6513, Var: 0.0000, Ctx: 6, MixCtx: 3, Train: 76.12%, Valid: 72.16%, Test In: 74.26% Test OOD1: 66.42% Test OOD2: 53.79% Test OOD3: 63.73% 
Epoch: 102, Loss: 3.9254, Cls: 1.3080, Ind: 0.0000, Med: 0.6541, Spu: 0.0000, FD: 1.3083, FDAug: 0.6550, Var: 0.0000, Ctx: 6, MixCtx: 3, Train: 75.92%, Valid: 71.99%, Test In: 73.94% Test OOD1: 67.68% Test OOD2: 53.61% Test OOD3: 64.08% 
Epoch: 103, Loss: 3.9662, Cls: 1.3221, Ind: 0.0000, Med: 0.6609, Spu: 0.0000, FD: 1.3227, FDAug: 0.6606, Var: 0.0000, Ctx: 6, MixCtx: 3, Train: 76.13%, Valid: 72.23%, Test In: 74.29% Test OOD1: 65.42% Test OOD2: 53.83% Test OOD3: 63.38% 
Epoch: 104, Loss: 3.9869, Cls: 1.3284, Ind: 0.0000, Med: 0.6645, Spu: 0.0000, FD: 1.3283, FDAug: 0.6658, Var: 0.0000, Ctx: 6, MixCtx: 3, Train: 76.08%, Valid: 72.13%, Test In: 74.08% Test OOD1: 67.49% Test OOD2: 53.71% Test OOD3: 64.04% 
Epoch: 105, Loss: 3.9425, Cls: 1.3138, Ind: 0.0000, Med: 0.6563, Spu: 0.0000, FD: 1.3153, FDAug: 0.6571, Var: 0.0000, Ctx: 6, MixCtx: 3, Train: 76.22%, Valid: 72.28%, Test In: 74.25% Test OOD1: 67.03% Test OOD2: 53.81% Test OOD3: 63.94% 
Epoch: 106, Loss: 3.9013, Cls: 1.3004, Ind: 0.0000, Med: 0.6503, Spu: 0.0000, FD: 1.3004, FDAug: 0.6502, Var: 0.0000, Ctx: 6, MixCtx: 3, Train: 76.26%, Valid: 72.36%, Test In: 74.35% Test OOD1: 65.89% Test OOD2: 53.88% Test OOD3: 63.55% 
Epoch: 107, Loss: 3.9503, Cls: 1.3164, Ind: 0.0000, Med: 0.6584, Spu: 0.0000, FD: 1.3162, FDAug: 0.6593, Var: 0.0000, Ctx: 6, MixCtx: 3, Train: 76.06%, Valid: 72.16%, Test In: 74.01% Test OOD1: 67.74% Test OOD2: 53.64% Test OOD3: 64.08% 
Epoch: 108, Loss: 3.9520, Cls: 1.3174, Ind: 0.0000, Med: 0.6587, Spu: 0.0000, FD: 1.3178, FDAug: 0.6580, Var: 0.0000, Ctx: 6, MixCtx: 3, Train: 76.33%, Valid: 72.39%, Test In: 74.31% Test OOD1: 66.97% Test OOD2: 53.82% Test OOD3: 63.89% 
Epoch: 109, Loss: 3.8926, Cls: 1.2974, Ind: 0.0000, Med: 0.6490, Spu: 0.0000, FD: 1.2972, FDAug: 0.6490, Var: 0.0000, Ctx: 6, MixCtx: 3, Train: 76.38%, Valid: 72.44%, Test In: 74.37% Test OOD1: 66.59% Test OOD2: 53.86% Test OOD3: 63.75% 
Epoch: 110, Loss: 3.9117, Cls: 1.3035, Ind: 0.0000, Med: 0.6519, Spu: 0.0000, FD: 1.3035, FDAug: 0.6527, Var: 0.0000, Ctx: 6, MixCtx: 3, Train: 76.16%, Valid: 72.24%, Test In: 74.07% Test OOD1: 67.78% Test OOD2: 53.64% Test OOD3: 64.06% 
Epoch: 111, Loss: 3.9379, Cls: 1.3127, Ind: 0.0000, Med: 0.6562, Spu: 0.0000, FD: 1.3132, FDAug: 0.6558, Var: 0.0000, Ctx: 6, MixCtx: 3, Train: 76.42%, Valid: 72.48%, Test In: 74.36% Test OOD1: 66.83% Test OOD2: 53.85% Test OOD3: 63.81% 
Epoch: 112, Loss: 3.8926, Cls: 1.2975, Ind: 0.0000, Med: 0.6491, Spu: 0.0000, FD: 1.2970, FDAug: 0.6490, Var: 0.0000, Ctx: 6, MixCtx: 3, Train: 76.44%, Valid: 72.51%, Test In: 74.40% Test OOD1: 66.59% Test OOD2: 53.86% Test OOD3: 63.72% 
Epoch: 113, Loss: 3.9012, Cls: 1.3002, Ind: 0.0000, Med: 0.6505, Spu: 0.0000, FD: 1.2997, FDAug: 0.6507, Var: 0.0000, Ctx: 6, MixCtx: 3, Train: 76.29%, Valid: 72.36%, Test In: 74.18% Test OOD1: 67.69% Test OOD2: 53.69% Test OOD3: 64.03% 
Epoch: 114, Loss: 3.9215, Cls: 1.3072, Ind: 0.0000, Med: 0.6536, Spu: 0.0000, FD: 1.3075, FDAug: 0.6531, Var: 0.0000, Ctx: 6, MixCtx: 3, Train: 76.48%, Valid: 72.53%, Test In: 74.41% Test OOD1: 66.76% Test OOD2: 53.85% Test OOD3: 63.76% 
Epoch: 115, Loss: 3.8853, Cls: 1.2949, Ind: 0.0000, Med: 0.6478, Spu: 0.0000, FD: 1.2946, FDAug: 0.6480, Var: 0.0000, Ctx: 6, MixCtx: 3, Train: 76.51%, Valid: 72.56%, Test In: 74.43% Test OOD1: 66.63% Test OOD2: 53.86% Test OOD3: 63.71% 
Epoch: 116, Loss: 3.8865, Cls: 1.2953, Ind: 0.0000, Med: 0.6480, Spu: 0.0000, FD: 1.2950, FDAug: 0.6482, Var: 0.0000, Ctx: 6, MixCtx: 3, Train: 76.42%, Valid: 72.47%, Test In: 74.30% Test OOD1: 67.51% Test OOD2: 53.75% Test OOD3: 63.98% 
Epoch: 117, Loss: 3.9111, Cls: 1.3038, Ind: 0.0000, Med: 0.6520, Spu: 0.0000, FD: 1.3039, FDAug: 0.6515, Var: 0.0000, Ctx: 6, MixCtx: 3, Train: 76.53%, Valid: 72.58%, Test In: 74.46% Test OOD1: 66.26% Test OOD2: 53.90% Test OOD3: 63.57% 
Epoch: 118, Loss: 3.8881, Cls: 1.2960, Ind: 0.0000, Med: 0.6485, Spu: 0.0000, FD: 1.2953, FDAug: 0.6483, Var: 0.0000, Ctx: 6, MixCtx: 3, Train: 76.56%, Valid: 72.60%, Test In: 74.46% Test OOD1: 66.48% Test OOD2: 53.90% Test OOD3: 63.65% 
Epoch: 119, Loss: 3.8764, Cls: 1.2922, Ind: 0.0000, Med: 0.6465, Spu: 0.0000, FD: 1.2916, FDAug: 0.6461, Var: 0.0000, Ctx: 6, MixCtx: 3, Train: 76.54%, Valid: 72.57%, Test In: 74.41% Test OOD1: 67.22% Test OOD2: 53.83% Test OOD3: 63.89% 
Epoch: 120, Loss: 3.8944, Cls: 1.2981, Ind: 0.0000, Med: 0.6490, Spu: 0.0000, FD: 1.2984, FDAug: 0.6489, Var: 0.0000, Ctx: 6, MixCtx: 3, Train: 76.60%, Valid: 72.62%, Test In: 74.48% Test OOD1: 66.31% Test OOD2: 53.91% Test OOD3: 63.57% 
Epoch: 121, Loss: 3.8813, Cls: 1.2937, Ind: 0.0000, Med: 0.6473, Spu: 0.0000, FD: 1.2931, FDAug: 0.6472, Var: 0.0000, Ctx: 6, MixCtx: 3, Train: 76.63%, Valid: 72.64%, Test In: 74.47% Test OOD1: 66.79% Test OOD2: 53.88% Test OOD3: 63.72% 
Epoch: 122, Loss: 3.8695, Cls: 1.2898, Ind: 0.0000, Med: 0.6453, Spu: 0.0000, FD: 1.2894, FDAug: 0.6450, Var: 0.0000, Ctx: 6, MixCtx: 3, Train: 76.62%, Valid: 72.62%, Test In: 74.42% Test OOD1: 67.33% Test OOD2: 53.82% Test OOD3: 63.89% 
Epoch: 123, Loss: 3.8823, Cls: 1.2942, Ind: 0.0000, Med: 0.6475, Spu: 0.0000, FD: 1.2938, FDAug: 0.6468, Var: 0.0000, Ctx: 6, MixCtx: 3, Train: 76.67%, Valid: 72.67%, Test In: 74.49% Test OOD1: 66.44% Test OOD2: 53.93% Test OOD3: 63.58% 
Epoch: 124, Loss: 3.8843, Cls: 1.2945, Ind: 0.0000, Med: 0.6475, Spu: 0.0000, FD: 1.2944, FDAug: 0.6480, Var: 0.0000, Ctx: 6, MixCtx: 3, Train: 76.69%, Valid: 72.66%, Test In: 74.46% Test OOD1: 67.14% Test OOD2: 53.88% Test OOD3: 63.83% 
Epoch: 125, Loss: 3.8698, Cls: 1.2900, Ind: 0.0000, Med: 0.6453, Spu: 0.0000, FD: 1.2896, FDAug: 0.6448, Var: 0.0000, Ctx: 6, MixCtx: 3, Train: 76.72%, Valid: 72.69%, Test In: 74.48% Test OOD1: 67.02% Test OOD2: 53.92% Test OOD3: 63.80% 
Epoch: 126, Loss: 3.8665, Cls: 1.2888, Ind: 0.0000, Med: 0.6447, Spu: 0.0000, FD: 1.2886, FDAug: 0.6444, Var: 0.0000, Ctx: 6, MixCtx: 3, Train: 76.74%, Valid: 72.70%, Test In: 74.50% Test OOD1: 66.46% Test OOD2: 53.99% Test OOD3: 63.60% 
Epoch: 127, Loss: 3.8740, Cls: 1.2912, Ind: 0.0000, Med: 0.6460, Spu: 0.0000, FD: 1.2908, FDAug: 0.6459, Var: 0.0000, Ctx: 6, MixCtx: 3, Train: 76.75%, Valid: 72.71%, Test In: 74.47% Test OOD1: 67.22% Test OOD2: 53.93% Test OOD3: 63.86% 
Epoch: 128, Loss: 3.8689, Cls: 1.2897, Ind: 0.0000, Med: 0.6451, Spu: 0.0000, FD: 1.2895, FDAug: 0.6447, Var: 0.0000, Ctx: 6, MixCtx: 3, Train: 76.80%, Valid: 72.73%, Test In: 74.49% Test OOD1: 66.99% Test OOD2: 53.97% Test OOD3: 63.78% 
Epoch: 129, Loss: 3.8610, Cls: 1.2870, Ind: 0.0000, Med: 0.6438, Spu: 0.0000, FD: 1.2867, FDAug: 0.6435, Var: 0.0000, Ctx: 6, MixCtx: 3, Train: 76.83%, Valid: 72.74%, Test In: 74.50% Test OOD1: 66.81% Test OOD2: 54.01% Test OOD3: 63.71% 
Epoch: 130, Loss: 3.8649, Cls: 1.2882, Ind: 0.0000, Med: 0.6444, Spu: 0.0000, FD: 1.2880, FDAug: 0.6444, Var: 0.0000, Ctx: 6, MixCtx: 3, Train: 76.81%, Valid: 72.73%, Test In: 74.46% Test OOD1: 67.37% Test OOD2: 53.94% Test OOD3: 63.90% 
Epoch: 131, Loss: 3.8682, Cls: 1.2894, Ind: 0.0000, Med: 0.6449, Spu: 0.0000, FD: 1.2893, FDAug: 0.6445, Var: 0.0000, Ctx: 6, MixCtx: 3, Train: 76.87%, Valid: 72.76%, Test In: 74.51% Test OOD1: 66.79% Test OOD2: 54.05% Test OOD3: 63.71% 
Epoch: 132, Loss: 3.8618, Cls: 1.2872, Ind: 0.0000, Med: 0.6440, Spu: 0.0000, FD: 1.2868, FDAug: 0.6438, Var: 0.0000, Ctx: 6, MixCtx: 3, Train: 76.89%, Valid: 72.77%, Test In: 74.51% Test OOD1: 67.01% Test OOD2: 54.04% Test OOD3: 63.78% 
Epoch: 133, Loss: 3.8564, Cls: 1.2855, Ind: 0.0000, Med: 0.6431, Spu: 0.0000, FD: 1.2852, FDAug: 0.6427, Var: 0.0000, Ctx: 6, MixCtx: 3, Train: 76.89%, Valid: 72.78%, Test In: 74.50% Test OOD1: 67.21% Test OOD2: 54.02% Test OOD3: 63.85% 
Epoch: 134, Loss: 3.8585, Cls: 1.2861, Ind: 0.0000, Med: 0.6433, Spu: 0.0000, FD: 1.2860, FDAug: 0.6430, Var: 0.0000, Ctx: 6, MixCtx: 3, Train: 76.93%, Valid: 72.78%, Test In: 74.53% Test OOD1: 66.73% Test OOD2: 54.10% Test OOD3: 63.68% 
Epoch: 135, Loss: 3.8609, Cls: 1.2868, Ind: 0.0000, Med: 0.6438, Spu: 0.0000, FD: 1.2865, FDAug: 0.6437, Var: 0.0000, Ctx: 6, MixCtx: 3, Train: 76.93%, Valid: 72.79%, Test In: 74.51% Test OOD1: 67.32% Test OOD2: 54.03% Test OOD3: 63.88% 
Epoch: 136, Loss: 3.8582, Cls: 1.2861, Ind: 0.0000, Med: 0.6433, Spu: 0.0000, FD: 1.2859, FDAug: 0.6429, Var: 0.0000, Ctx: 6, MixCtx: 3, Train: 76.98%, Valid: 72.80%, Test In: 74.53% Test OOD1: 66.96% Test OOD2: 54.11% Test OOD3: 63.75% 
Epoch: 137, Loss: 3.8529, Cls: 1.2842, Ind: 0.0000, Med: 0.6424, Spu: 0.0000, FD: 1.2840, FDAug: 0.6423, Var: 0.0000, Ctx: 6, MixCtx: 3, Train: 77.00%, Valid: 72.81%, Test In: 74.53% Test OOD1: 67.05% Test OOD2: 54.12% Test OOD3: 63.77% 
Epoch: 138, Loss: 3.8503, Cls: 1.2834, Ind: 0.0000, Med: 0.6420, Spu: 0.0000, FD: 1.2832, FDAug: 0.6418, Var: 0.0000, Ctx: 6, MixCtx: 3, Train: 77.00%, Valid: 72.82%, Test In: 74.53% Test OOD1: 67.20% Test OOD2: 54.11% Test OOD3: 63.82% 
Epoch: 139, Loss: 3.8514, Cls: 1.2838, Ind: 0.0000, Med: 0.6421, Spu: 0.0000, FD: 1.2836, FDAug: 0.6419, Var: 0.0000, Ctx: 6, MixCtx: 3, Train: 77.04%, Valid: 72.82%, Test In: 74.55% Test OOD1: 66.76% Test OOD2: 54.18% Test OOD3: 63.67% 
Epoch: 140, Loss: 3.8530, Cls: 1.2842, Ind: 0.0000, Med: 0.6424, Spu: 0.0000, FD: 1.2840, FDAug: 0.6424, Var: 0.0000, Ctx: 6, MixCtx: 3, Train: 77.04%, Valid: 72.84%, Test In: 74.54% Test OOD1: 67.27% Test OOD2: 54.13% Test OOD3: 63.84% 
Epoch: 141, Loss: 3.8518, Cls: 1.2839, Ind: 0.0000, Med: 0.6422, Spu: 0.0000, FD: 1.2838, FDAug: 0.6419, Var: 0.0000, Ctx: 6, MixCtx: 3, Train: 77.09%, Valid: 72.84%, Test In: 74.55% Test OOD1: 66.89% Test OOD2: 54.19% Test OOD3: 63.71% 
Epoch: 142, Loss: 3.8485, Cls: 1.2827, Ind: 0.0000, Med: 0.6416, Spu: 0.0000, FD: 1.2825, FDAug: 0.6416, Var: 0.0000, Ctx: 6, MixCtx: 3, Train: 77.09%, Valid: 72.85%, Test In: 74.55% Test OOD1: 67.21% Test OOD2: 54.16% Test OOD3: 63.81% 
Epoch: 143, Loss: 3.8455, Cls: 1.2818, Ind: 0.0000, Med: 0.6412, Spu: 0.0000, FD: 1.2816, FDAug: 0.6409, Var: 0.0000, Ctx: 6, MixCtx: 3, Train: 77.12%, Valid: 72.85%, Test In: 74.56% Test OOD1: 67.15% Test OOD2: 54.18% Test OOD3: 63.79% 
Epoch: 144, Loss: 3.8436, Cls: 1.2811, Ind: 0.0000, Med: 0.6408, Spu: 0.0000, FD: 1.2809, FDAug: 0.6407, Var: 0.0000, Ctx: 6, MixCtx: 3, Train: 77.15%, Valid: 72.86%, Test In: 74.56% Test OOD1: 67.09% Test OOD2: 54.21% Test OOD3: 63.76% 
Epoch: 145, Loss: 3.8431, Cls: 1.2809, Ind: 0.0000, Med: 0.6407, Spu: 0.0000, FD: 1.2807, FDAug: 0.6406, Var: 0.0000, Ctx: 6, MixCtx: 3, Train: 77.15%, Valid: 72.87%, Test In: 74.57% Test OOD1: 67.31% Test OOD2: 54.19% Test OOD3: 63.84% 
Epoch: 146, Loss: 3.8436, Cls: 1.2812, Ind: 0.0000, Med: 0.6408, Spu: 0.0000, FD: 1.2810, FDAug: 0.6406, Var: 0.0000, Ctx: 6, MixCtx: 3, Train: 77.19%, Valid: 72.87%, Test In: 74.57% Test OOD1: 66.94% Test OOD2: 54.26% Test OOD3: 63.69% 
Epoch: 147, Loss: 3.8446, Cls: 1.2814, Ind: 0.0000, Med: 0.6410, Spu: 0.0000, FD: 1.2812, FDAug: 0.6410, Var: 0.0000, Ctx: 6, MixCtx: 3, Train: 77.18%, Valid: 72.89%, Test In: 74.57% Test OOD1: 67.42% Test OOD2: 54.19% Test OOD3: 63.87% 
Epoch: 148, Loss: 3.8456, Cls: 1.2818, Ind: 0.0000, Med: 0.6411, Spu: 0.0000, FD: 1.2818, FDAug: 0.6409, Var: 0.0000, Ctx: 6, MixCtx: 3, Train: 77.23%, Valid: 72.88%, Test In: 74.57% Test OOD1: 66.86% Test OOD2: 54.30% Test OOD3: 63.65% 
Epoch: 149, Loss: 3.8469, Cls: 1.2822, Ind: 0.0000, Med: 0.6414, Spu: 0.0000, FD: 1.2819, FDAug: 0.6414, Var: 0.0000, Ctx: 6, MixCtx: 3, Train: 77.20%, Valid: 72.91%, Test In: 74.58% Test OOD1: 67.55% Test OOD2: 54.19% Test OOD3: 63.91% 
Epoch: 150, Loss: 3.8506, Cls: 1.2835, Ind: 0.0000, Med: 0.6418, Spu: 0.0000, FD: 1.2836, FDAug: 0.6417, Var: 0.0000, Ctx: 6, MixCtx: 3, Train: 77.26%, Valid: 72.89%, Test In: 74.57% Test OOD1: 66.70% Test OOD2: 54.35% Test OOD3: 63.57% 
Epoch: 151, Loss: 3.8552, Cls: 1.2849, Ind: 0.0000, Med: 0.6428, Spu: 0.0000, FD: 1.2846, FDAug: 0.6429, Var: 0.0000, Ctx: 6, MixCtx: 3, Train: 77.20%, Valid: 72.92%, Test In: 74.58% Test OOD1: 67.71% Test OOD2: 54.17% Test OOD3: 63.97% 
Epoch: 152, Loss: 3.8631, Cls: 1.2876, Ind: 0.0000, Med: 0.6438, Spu: 0.0000, FD: 1.2880, FDAug: 0.6437, Var: 0.0000, Ctx: 6, MixCtx: 3, Train: 77.29%, Valid: 72.90%, Test In: 74.57% Test OOD1: 66.62% Test OOD2: 54.39% Test OOD3: 63.54% 
Epoch: 153, Loss: 3.8643, Cls: 1.2879, Ind: 0.0000, Med: 0.6443, Spu: 0.0000, FD: 1.2876, FDAug: 0.6445, Var: 0.0000, Ctx: 6, MixCtx: 3, Train: 77.23%, Valid: 72.94%, Test In: 74.60% Test OOD1: 67.72% Test OOD2: 54.18% Test OOD3: 63.97% 
Epoch: 154, Loss: 3.8546, Cls: 1.2848, Ind: 0.0000, Med: 0.6425, Spu: 0.0000, FD: 1.2850, FDAug: 0.6423, Var: 0.0000, Ctx: 6, MixCtx: 3, Train: 77.34%, Valid: 72.95%, Test In: 74.62% Test OOD1: 67.10% Test OOD2: 54.35% Test OOD3: 63.71% 
Epoch: 155, Loss: 3.8401, Cls: 1.2799, Ind: 0.0000, Med: 0.6402, Spu: 0.0000, FD: 1.2797, FDAug: 0.6402, Var: 0.0000, Ctx: 6, MixCtx: 3, Train: 77.32%, Valid: 72.96%, Test In: 74.62% Test OOD1: 67.49% Test OOD2: 54.26% Test OOD3: 63.87% 
Epoch: 156, Loss: 3.8320, Cls: 1.2773, Ind: 0.0000, Med: 0.6389, Spu: 0.0000, FD: 1.2771, FDAug: 0.6387, Var: 0.0000, Ctx: 6, MixCtx: 3, Train: 77.32%, Valid: 72.96%, Test In: 74.63% Test OOD1: 67.62% Test OOD2: 54.22% Test OOD3: 63.92% 
Epoch: 157, Loss: 3.8338, Cls: 1.2780, Ind: 0.0000, Med: 0.6393, Spu: 0.0000, FD: 1.2777, FDAug: 0.6389, Var: 0.0000, Ctx: 6, MixCtx: 3, Train: 77.38%, Valid: 72.96%, Test In: 74.64% Test OOD1: 67.03% Test OOD2: 54.36% Test OOD3: 63.67% 
Epoch: 158, Loss: 3.8426, Cls: 1.2806, Ind: 0.0000, Med: 0.6405, Spu: 0.0000, FD: 1.2806, FDAug: 0.6409, Var: 0.0000, Ctx: 6, MixCtx: 3, Train: 77.30%, Valid: 72.97%, Test In: 74.63% Test OOD1: 67.82% Test OOD2: 54.16% Test OOD3: 64.00% 
Epoch: 159, Loss: 3.8567, Cls: 1.2856, Ind: 0.0000, Med: 0.6429, Spu: 0.0000, FD: 1.2856, FDAug: 0.6425, Var: 0.0000, Ctx: 6, MixCtx: 3, Train: 77.40%, Valid: 72.93%, Test In: 74.61% Test OOD1: 66.50% Test OOD2: 54.46% Test OOD3: 63.45% 
Epoch: 160, Loss: 3.8655, Cls: 1.2883, Ind: 0.0000, Med: 0.6445, Spu: 0.0000, FD: 1.2880, FDAug: 0.6447, Var: 0.0000, Ctx: 6, MixCtx: 3, Train: 77.34%, Valid: 72.99%, Test In: 74.66% Test OOD1: 67.74% Test OOD2: 54.19% Test OOD3: 63.97% 
Epoch: 161, Loss: 3.8549, Cls: 1.2849, Ind: 0.0000, Med: 0.6424, Spu: 0.0000, FD: 1.2852, FDAug: 0.6423, Var: 0.0000, Ctx: 6, MixCtx: 3, Train: 77.45%, Valid: 73.00%, Test In: 74.66% Test OOD1: 67.02% Test OOD2: 54.40% Test OOD3: 63.64% 
Epoch: 162, Loss: 3.8331, Cls: 1.2777, Ind: 0.0000, Med: 0.6391, Spu: 0.0000, FD: 1.2773, FDAug: 0.6390, Var: 0.0000, Ctx: 6, MixCtx: 3, Train: 77.46%, Valid: 73.01%, Test In: 74.67% Test OOD1: 67.31% Test OOD2: 54.34% Test OOD3: 63.75% 
Epoch: 163, Loss: 3.8261, Cls: 1.2753, Ind: 0.0000, Med: 0.6379, Spu: 0.0000, FD: 1.2751, FDAug: 0.6377, Var: 0.0000, Ctx: 6, MixCtx: 3, Train: 77.41%, Valid: 73.00%, Test In: 74.66% Test OOD1: 67.77% Test OOD2: 54.21% Test OOD3: 63.93% 
Epoch: 164, Loss: 3.8387, Cls: 1.2796, Ind: 0.0000, Med: 0.6401, Spu: 0.0000, FD: 1.2794, FDAug: 0.6396, Var: 0.0000, Ctx: 6, MixCtx: 3, Train: 77.49%, Valid: 72.96%, Test In: 74.62% Test OOD1: 66.67% Test OOD2: 54.45% Test OOD3: 63.43% 
Epoch: 165, Loss: 3.8597, Cls: 1.2862, Ind: 0.0000, Med: 0.6432, Spu: 0.0000, FD: 1.2864, FDAug: 0.6439, Var: 0.0000, Ctx: 6, MixCtx: 3, Train: 77.36%, Valid: 73.01%, Test In: 74.66% Test OOD1: 67.93% Test OOD2: 54.14% Test OOD3: 64.01% 
Epoch: 166, Loss: 3.8778, Cls: 1.2925, Ind: 0.0000, Med: 0.6460, Spu: 0.0000, FD: 1.2932, FDAug: 0.6462, Var: 0.0000, Ctx: 6, MixCtx: 3, Train: 77.51%, Valid: 72.97%, Test In: 74.61% Test OOD1: 66.38% Test OOD2: 54.53% Test OOD3: 63.35% 
Epoch: 167, Loss: 3.8587, Cls: 1.2862, Ind: 0.0000, Med: 0.6436, Spu: 0.0000, FD: 1.2855, FDAug: 0.6433, Var: 0.0000, Ctx: 6, MixCtx: 3, Train: 77.52%, Valid: 73.07%, Test In: 74.72% Test OOD1: 67.26% Test OOD2: 54.37% Test OOD3: 63.74% 
Epoch: 168, Loss: 3.8262, Cls: 1.2754, Ind: 0.0000, Med: 0.6379, Spu: 0.0000, FD: 1.2752, FDAug: 0.6377, Var: 0.0000, Ctx: 6, MixCtx: 3, Train: 77.47%, Valid: 73.05%, Test In: 74.70% Test OOD1: 67.76% Test OOD2: 54.22% Test OOD3: 63.93% 
Epoch: 169, Loss: 3.8380, Cls: 1.2794, Ind: 0.0000, Med: 0.6399, Spu: 0.0000, FD: 1.2792, FDAug: 0.6394, Var: 0.0000, Ctx: 6, MixCtx: 3, Train: 77.54%, Valid: 72.95%, Test In: 74.62% Test OOD1: 66.58% Test OOD2: 54.47% Test OOD3: 63.36% 
Epoch: 170, Loss: 3.8822, Cls: 1.2933, Ind: 0.0000, Med: 0.6463, Spu: 0.0000, FD: 1.2944, FDAug: 0.6481, Var: 0.0000, Ctx: 6, MixCtx: 3, Train: 77.33%, Valid: 73.00%, Test In: 74.62% Test OOD1: 68.18% Test OOD2: 54.01% Test OOD3: 64.11% 
Epoch: 171, Loss: 3.9075, Cls: 1.3027, Ind: 0.0000, Med: 0.6515, Spu: 0.0000, FD: 1.3025, FDAug: 0.6507, Var: 0.0000, Ctx: 6, MixCtx: 3, Train: 77.58%, Valid: 73.02%, Test In: 74.64% Test OOD1: 66.53% Test OOD2: 54.54% Test OOD3: 63.38% 
Epoch: 172, Loss: 3.8605, Cls: 1.2868, Ind: 0.0000, Med: 0.6438, Spu: 0.0000, FD: 1.2862, FDAug: 0.6436, Var: 0.0000, Ctx: 6, MixCtx: 3, Train: 77.59%, Valid: 73.11%, Test In: 74.73% Test OOD1: 67.07% Test OOD2: 54.45% Test OOD3: 63.62% 
Epoch: 173, Loss: 3.8353, Cls: 1.2784, Ind: 0.0000, Med: 0.6395, Spu: 0.0000, FD: 1.2780, FDAug: 0.6392, Var: 0.0000, Ctx: 6, MixCtx: 3, Train: 77.41%, Valid: 73.07%, Test In: 74.67% Test OOD1: 68.05% Test OOD2: 54.09% Test OOD3: 64.05% 
Epoch: 174, Loss: 3.8707, Cls: 1.2902, Ind: 0.0000, Med: 0.6450, Spu: 0.0000, FD: 1.2906, FDAug: 0.6450, Var: 0.0000, Ctx: 6, MixCtx: 3, Train: 77.64%, Valid: 73.05%, Test In: 74.68% Test OOD1: 67.03% Test OOD2: 54.45% Test OOD3: 63.55% 
Epoch: 175, Loss: 3.8426, Cls: 1.2806, Ind: 0.0000, Med: 0.6403, Spu: 0.0000, FD: 1.2808, FDAug: 0.6409, Var: 0.0000, Ctx: 6, MixCtx: 3, Train: 77.60%, Valid: 73.08%, Test In: 74.71% Test OOD1: 67.64% Test OOD2: 54.29% Test OOD3: 63.83% 
Epoch: 176, Loss: 3.8191, Cls: 1.2730, Ind: 0.0000, Med: 0.6367, Spu: 0.0000, FD: 1.2729, FDAug: 0.6366, Var: 0.0000, Ctx: 6, MixCtx: 3, Train: 77.49%, Valid: 73.05%, Test In: 74.68% Test OOD1: 68.06% Test OOD2: 54.12% Test OOD3: 64.03% 
Epoch: 177, Loss: 3.8455, Cls: 1.2821, Ind: 0.0000, Med: 0.6415, Spu: 0.0000, FD: 1.2814, FDAug: 0.6405, Var: 0.0000, Ctx: 6, MixCtx: 3, Train: 77.66%, Valid: 73.01%, Test In: 74.66% Test OOD1: 66.69% Test OOD2: 54.50% Test OOD3: 63.40% 
Epoch: 178, Loss: 3.8543, Cls: 1.2845, Ind: 0.0000, Med: 0.6424, Spu: 0.0000, FD: 1.2844, FDAug: 0.6428, Var: 0.0000, Ctx: 6, MixCtx: 3, Train: 77.62%, Valid: 73.13%, Test In: 74.75% Test OOD1: 67.54% Test OOD2: 54.32% Test OOD3: 63.83% 
Epoch: 179, Loss: 3.8245, Cls: 1.2748, Ind: 0.0000, Med: 0.6375, Spu: 0.0000, FD: 1.2748, FDAug: 0.6374, Var: 0.0000, Ctx: 6, MixCtx: 3, Train: 77.62%, Valid: 73.13%, Test In: 74.76% Test OOD1: 67.62% Test OOD2: 54.30% Test OOD3: 63.86% 
Epoch: 180, Loss: 3.8299, Cls: 1.2766, Ind: 0.0000, Med: 0.6383, Spu: 0.0000, FD: 1.2768, FDAug: 0.6383, Var: 0.0000, Ctx: 6, MixCtx: 3, Train: 77.69%, Valid: 73.02%, Test In: 74.67% Test OOD1: 66.63% Test OOD2: 54.52% Test OOD3: 63.36% 
Epoch: 181, Loss: 3.8411, Cls: 1.2803, Ind: 0.0000, Med: 0.6404, Spu: 0.0000, FD: 1.2799, FDAug: 0.6405, Var: 0.0000, Ctx: 6, MixCtx: 3, Train: 77.66%, Valid: 73.10%, Test In: 74.74% Test OOD1: 67.65% Test OOD2: 54.29% Test OOD3: 63.85% 
Epoch: 182, Loss: 3.8199, Cls: 1.2734, Ind: 0.0000, Med: 0.6369, Spu: 0.0000, FD: 1.2731, FDAug: 0.6365, Var: 0.0000, Ctx: 6, MixCtx: 3, Train: 77.70%, Valid: 73.10%, Test In: 74.73% Test OOD1: 67.52% Test OOD2: 54.34% Test OOD3: 63.77% 
Epoch: 183, Loss: 3.8142, Cls: 1.2714, Ind: 0.0000, Med: 0.6359, Spu: 0.0000, FD: 1.2712, FDAug: 0.6356, Var: 0.0000, Ctx: 6, MixCtx: 3, Train: 77.74%, Valid: 73.05%, Test In: 74.68% Test OOD1: 66.80% Test OOD2: 54.51% Test OOD3: 63.41% 
Epoch: 184, Loss: 3.8273, Cls: 1.2756, Ind: 0.0000, Med: 0.6380, Spu: 0.0000, FD: 1.2755, FDAug: 0.6382, Var: 0.0000, Ctx: 6, MixCtx: 3, Train: 77.70%, Valid: 73.14%, Test In: 74.76% Test OOD1: 67.60% Test OOD2: 54.33% Test OOD3: 63.81% 
Epoch: 185, Loss: 3.8245, Cls: 1.2748, Ind: 0.0000, Med: 0.6374, Spu: 0.0000, FD: 1.2749, FDAug: 0.6373, Var: 0.0000, Ctx: 6, MixCtx: 3, Train: 77.77%, Valid: 73.12%, Test In: 74.73% Test OOD1: 67.09% Test OOD2: 54.48% Test OOD3: 63.55% 
Epoch: 186, Loss: 3.8112, Cls: 1.2704, Ind: 0.0000, Med: 0.6355, Spu: 0.0000, FD: 1.2701, FDAug: 0.6352, Var: 0.0000, Ctx: 6, MixCtx: 3, Train: 77.80%, Valid: 73.08%, Test In: 74.68% Test OOD1: 66.83% Test OOD2: 54.52% Test OOD3: 63.40% 
Epoch: 187, Loss: 3.8165, Cls: 1.2721, Ind: 0.0000, Med: 0.6364, Spu: 0.0000, FD: 1.2718, FDAug: 0.6362, Var: 0.0000, Ctx: 6, MixCtx: 3, Train: 77.74%, Valid: 73.13%, Test In: 74.73% Test OOD1: 67.69% Test OOD2: 54.30% Test OOD3: 63.82% 
Epoch: 188, Loss: 3.8218, Cls: 1.2740, Ind: 0.0000, Med: 0.6372, Spu: 0.0000, FD: 1.2738, FDAug: 0.6368, Var: 0.0000, Ctx: 6, MixCtx: 3, Train: 77.82%, Valid: 73.08%, Test In: 74.68% Test OOD1: 67.04% Test OOD2: 54.48% Test OOD3: 63.48% 
Epoch: 189, Loss: 3.8127, Cls: 1.2707, Ind: 0.0000, Med: 0.6355, Spu: 0.0000, FD: 1.2707, FDAug: 0.6357, Var: 0.0000, Ctx: 6, MixCtx: 3, Train: 77.83%, Valid: 73.13%, Test In: 74.71% Test OOD1: 67.28% Test OOD2: 54.43% Test OOD3: 63.61% 
Epoch: 190, Loss: 3.8038, Cls: 1.2679, Ind: 0.0000, Med: 0.6342, Spu: 0.0000, FD: 1.2677, FDAug: 0.6340, Var: 0.0000, Ctx: 6, MixCtx: 3, Train: 77.82%, Valid: 73.17%, Test In: 74.74% Test OOD1: 67.40% Test OOD2: 54.40% Test OOD3: 63.69% 
Epoch: 191, Loss: 3.8070, Cls: 1.2690, Ind: 0.0000, Med: 0.6347, Spu: 0.0000, FD: 1.2688, FDAug: 0.6344, Var: 0.0000, Ctx: 6, MixCtx: 3, Train: 77.86%, Valid: 73.08%, Test In: 74.66% Test OOD1: 66.62% Test OOD2: 54.56% Test OOD3: 63.31% 
Epoch: 192, Loss: 3.8154, Cls: 1.2718, Ind: 0.0000, Med: 0.6361, Spu: 0.0000, FD: 1.2714, FDAug: 0.6361, Var: 0.0000, Ctx: 6, MixCtx: 3, Train: 77.82%, Valid: 73.19%, Test In: 74.75% Test OOD1: 67.59% Test OOD2: 54.33% Test OOD3: 63.80% 
Epoch: 193, Loss: 3.8199, Cls: 1.2733, Ind: 0.0000, Med: 0.6368, Spu: 0.0000, FD: 1.2733, FDAug: 0.6365, Var: 0.0000, Ctx: 6, MixCtx: 3, Train: 77.90%, Valid: 73.09%, Test In: 74.66% Test OOD1: 66.78% Test OOD2: 54.55% Test OOD3: 63.37% 
Epoch: 194, Loss: 3.8091, Cls: 1.2696, Ind: 0.0000, Med: 0.6350, Spu: 0.0000, FD: 1.2694, FDAug: 0.6351, Var: 0.0000, Ctx: 6, MixCtx: 3, Train: 77.91%, Valid: 73.16%, Test In: 74.71% Test OOD1: 67.25% Test OOD2: 54.46% Test OOD3: 63.60% 
Epoch: 195, Loss: 3.7988, Cls: 1.2662, Ind: 0.0000, Med: 0.6333, Spu: 0.0000, FD: 1.2660, FDAug: 0.6331, Var: 0.0000, Ctx: 6, MixCtx: 3, Train: 77.90%, Valid: 73.18%, Test In: 74.72% Test OOD1: 67.44% Test OOD2: 54.41% Test OOD3: 63.70% 
Epoch: 196, Loss: 3.8027, Cls: 1.2676, Ind: 0.0000, Med: 0.6340, Spu: 0.0000, FD: 1.2674, FDAug: 0.6337, Var: 0.0000, Ctx: 6, MixCtx: 3, Train: 77.94%, Valid: 73.08%, Test In: 74.61% Test OOD1: 66.69% Test OOD2: 54.58% Test OOD3: 63.31% 
Epoch: 197, Loss: 3.8109, Cls: 1.2701, Ind: 0.0000, Med: 0.6352, Spu: 0.0000, FD: 1.2700, FDAug: 0.6354, Var: 0.0000, Ctx: 6, MixCtx: 3, Train: 77.91%, Valid: 73.23%, Test In: 74.74% Test OOD1: 67.54% Test OOD2: 54.39% Test OOD3: 63.75% 
Epoch: 198, Loss: 3.8105, Cls: 1.2702, Ind: 0.0000, Med: 0.6352, Spu: 0.0000, FD: 1.2702, FDAug: 0.6350, Var: 0.0000, Ctx: 6, MixCtx: 3, Train: 77.99%, Valid: 73.15%, Test In: 74.65% Test OOD1: 66.83% Test OOD2: 54.59% Test OOD3: 63.38% 
Epoch: 199, Loss: 3.7998, Cls: 1.2666, Ind: 0.0000, Med: 0.6336, Spu: 0.0000, FD: 1.2663, FDAug: 0.6334, Var: 0.0000, Ctx: 6, MixCtx: 3, Train: 78.01%, Valid: 73.18%, Test In: 74.68% Test OOD1: 67.07% Test OOD2: 54.55% Test OOD3: 63.49% 
Epoch: 200, Loss: 3.7936, Cls: 1.2645, Ind: 0.0000, Med: 0.6325, Spu: 0.0000, FD: 1.2643, FDAug: 0.6323, Var: 0.0000, Ctx: 6, MixCtx: 3, Train: 77.99%, Valid: 73.21%, Test In: 74.72% Test OOD1: 67.45% Test OOD2: 54.44% Test OOD3: 63.67% 
Epoch: 201, Loss: 3.8005, Cls: 1.2669, Ind: 0.0000, Med: 0.6336, Spu: 0.0000, FD: 1.2667, FDAug: 0.6333, Var: 0.0000, Ctx: 6, MixCtx: 3, Train: 78.02%, Valid: 73.07%, Test In: 74.57% Test OOD1: 66.54% Test OOD2: 54.63% Test OOD3: 63.20% 
Epoch: 202, Loss: 3.8115, Cls: 1.2703, Ind: 0.0000, Med: 0.6353, Spu: 0.0000, FD: 1.2703, FDAug: 0.6356, Var: 0.0000, Ctx: 6, MixCtx: 3, Train: 77.97%, Valid: 73.27%, Test In: 74.76% Test OOD1: 67.59% Test OOD2: 54.39% Test OOD3: 63.77% 
Epoch: 203, Loss: 3.8184, Cls: 1.2728, Ind: 0.0000, Med: 0.6364, Spu: 0.0000, FD: 1.2730, FDAug: 0.6363, Var: 0.0000, Ctx: 6, MixCtx: 3, Train: 78.06%, Valid: 73.12%, Test In: 74.61% Test OOD1: 66.43% Test OOD2: 54.69% Test OOD3: 63.17% 
Epoch: 204, Loss: 3.8090, Cls: 1.2697, Ind: 0.0000, Med: 0.6353, Spu: 0.0000, FD: 1.2691, FDAug: 0.6349, Var: 0.0000, Ctx: 6, MixCtx: 3, Train: 78.07%, Valid: 73.26%, Test In: 74.74% Test OOD1: 67.18% Test OOD2: 54.54% Test OOD3: 63.55% 
Epoch: 205, Loss: 3.7911, Cls: 1.2637, Ind: 0.0000, Med: 0.6321, Spu: 0.0000, FD: 1.2635, FDAug: 0.6318, Var: 0.0000, Ctx: 6, MixCtx: 3, Train: 78.08%, Valid: 73.24%, Test In: 74.75% Test OOD1: 67.34% Test OOD2: 54.48% Test OOD3: 63.60% 
Epoch: 206, Loss: 3.7912, Cls: 1.2638, Ind: 0.0000, Med: 0.6321, Spu: 0.0000, FD: 1.2636, FDAug: 0.6318, Var: 0.0000, Ctx: 6, MixCtx: 3, Train: 78.11%, Valid: 73.08%, Test In: 74.59% Test OOD1: 66.57% Test OOD2: 54.62% Test OOD3: 63.15% 
Epoch: 207, Loss: 3.8119, Cls: 1.2704, Ind: 0.0000, Med: 0.6353, Spu: 0.0000, FD: 1.2705, FDAug: 0.6358, Var: 0.0000, Ctx: 6, MixCtx: 3, Train: 77.99%, Valid: 73.28%, Test In: 74.78% Test OOD1: 67.82% Test OOD2: 54.27% Test OOD3: 63.85% 
Epoch: 208, Loss: 3.8368, Cls: 1.2790, Ind: 0.0000, Med: 0.6396, Spu: 0.0000, FD: 1.2791, FDAug: 0.6392, Var: 0.0000, Ctx: 6, MixCtx: 3, Train: 78.12%, Valid: 73.06%, Test In: 74.53% Test OOD1: 65.99% Test OOD2: 54.73% Test OOD3: 62.92% 
Epoch: 209, Loss: 3.8388, Cls: 1.2796, Ind: 0.0000, Med: 0.6403, Spu: 0.0000, FD: 1.2789, FDAug: 0.6400, Var: 0.0000, Ctx: 6, MixCtx: 3, Train: 78.09%, Valid: 73.35%, Test In: 74.80% Test OOD1: 67.40% Test OOD2: 54.46% Test OOD3: 63.65% 
Epoch: 210, Loss: 3.8020, Cls: 1.2673, Ind: 0.0000, Med: 0.6338, Spu: 0.0000, FD: 1.2673, FDAug: 0.6336, Var: 0.0000, Ctx: 6, MixCtx: 3, Train: 78.13%, Valid: 73.32%, Test In: 74.79% Test OOD1: 67.47% Test OOD2: 54.43% Test OOD3: 63.65% 
Epoch: 211, Loss: 3.7928, Cls: 1.2643, Ind: 0.0000, Med: 0.6324, Spu: 0.0000, FD: 1.2641, FDAug: 0.6320, Var: 0.0000, Ctx: 6, MixCtx: 3, Train: 78.18%, Valid: 73.04%, Test In: 74.53% Test OOD1: 66.30% Test OOD2: 54.64% Test OOD3: 62.95% 
Epoch: 212, Loss: 3.8393, Cls: 1.2793, Ind: 0.0000, Med: 0.6396, Spu: 0.0000, FD: 1.2798, FDAug: 0.6406, Var: 0.0000, Ctx: 6, MixCtx: 3, Train: 77.93%, Valid: 73.27%, Test In: 74.77% Test OOD1: 68.12% Test OOD2: 54.10% Test OOD3: 63.97% 
Epoch: 213, Loss: 3.8822, Cls: 1.2944, Ind: 0.0000, Med: 0.6477, Spu: 0.0000, FD: 1.2937, FDAug: 0.6464, Var: 0.0000, Ctx: 6, MixCtx: 3, Train: 78.22%, Valid: 73.12%, Test In: 74.57% Test OOD1: 66.10% Test OOD2: 54.73% Test OOD3: 62.95% 
Epoch: 214, Loss: 3.8419, Cls: 1.2806, Ind: 0.0000, Med: 0.6407, Spu: 0.0000, FD: 1.2801, FDAug: 0.6405, Var: 0.0000, Ctx: 6, MixCtx: 3, Train: 78.21%, Valid: 73.35%, Test In: 74.77% Test OOD1: 67.03% Test OOD2: 54.58% Test OOD3: 63.45% 
Epoch: 215, Loss: 3.7981, Cls: 1.2661, Ind: 0.0000, Med: 0.6334, Spu: 0.0000, FD: 1.2657, FDAug: 0.6329, Var: 0.0000, Ctx: 6, MixCtx: 3, Train: 78.04%, Valid: 73.35%, Test In: 74.81% Test OOD1: 67.93% Test OOD2: 54.19% Test OOD3: 63.88% 
Epoch: 216, Loss: 3.8392, Cls: 1.2798, Ind: 0.0000, Med: 0.6400, Spu: 0.0000, FD: 1.2798, FDAug: 0.6396, Var: 0.0000, Ctx: 6, MixCtx: 3, Train: 78.26%, Valid: 73.09%, Test In: 74.60% Test OOD1: 66.44% Test OOD2: 54.63% Test OOD3: 63.01% 
Epoch: 217, Loss: 3.8232, Cls: 1.2741, Ind: 0.0000, Med: 0.6370, Spu: 0.0000, FD: 1.2744, FDAug: 0.6378, Var: 0.0000, Ctx: 6, MixCtx: 3, Train: 78.22%, Valid: 73.25%, Test In: 74.79% Test OOD1: 67.55% Test OOD2: 54.41% Test OOD3: 63.61% 
Epoch: 218, Loss: 3.7827, Cls: 1.2610, Ind: 0.0000, Med: 0.6308, Spu: 0.0000, FD: 1.2606, FDAug: 0.6303, Var: 0.0000, Ctx: 6, MixCtx: 3, Train: 78.20%, Valid: 73.29%, Test In: 74.81% Test OOD1: 67.70% Test OOD2: 54.35% Test OOD3: 63.70% 
Epoch: 219, Loss: 3.7915, Cls: 1.2640, Ind: 0.0000, Med: 0.6323, Spu: 0.0000, FD: 1.2636, FDAug: 0.6317, Var: 0.0000, Ctx: 6, MixCtx: 3, Train: 78.33%, Valid: 73.14%, Test In: 74.64% Test OOD1: 66.34% Test OOD2: 54.67% Test OOD3: 63.01% 
Epoch: 220, Loss: 3.8106, Cls: 1.2702, Ind: 0.0000, Med: 0.6353, Spu: 0.0000, FD: 1.2698, FDAug: 0.6353, Var: 0.0000, Ctx: 6, MixCtx: 3, Train: 78.27%, Valid: 73.35%, Test In: 74.83% Test OOD1: 67.38% Test OOD2: 54.48% Test OOD3: 63.58% 
Epoch: 221, Loss: 3.7859, Cls: 1.2620, Ind: 0.0000, Med: 0.6311, Spu: 0.0000, FD: 1.2619, FDAug: 0.6309, Var: 0.0000, Ctx: 6, MixCtx: 3, Train: 78.29%, Valid: 73.32%, Test In: 74.83% Test OOD1: 67.39% Test OOD2: 54.47% Test OOD3: 63.57% 
Epoch: 222, Loss: 3.7835, Cls: 1.2612, Ind: 0.0000, Med: 0.6307, Spu: 0.0000, FD: 1.2611, FDAug: 0.6304, Var: 0.0000, Ctx: 6, MixCtx: 3, Train: 78.34%, Valid: 73.09%, Test In: 74.62% Test OOD1: 66.29% Test OOD2: 54.65% Test OOD3: 62.92% 
Epoch: 223, Loss: 3.8042, Cls: 1.2679, Ind: 0.0000, Med: 0.6342, Spu: 0.0000, FD: 1.2678, FDAug: 0.6343, Var: 0.0000, Ctx: 6, MixCtx: 3, Train: 78.30%, Valid: 73.29%, Test In: 74.82% Test OOD1: 67.54% Test OOD2: 54.41% Test OOD3: 63.62% 
Epoch: 224, Loss: 3.7914, Cls: 1.2639, Ind: 0.0000, Med: 0.6321, Spu: 0.0000, FD: 1.2638, FDAug: 0.6317, Var: 0.0000, Ctx: 6, MixCtx: 3, Train: 78.40%, Valid: 73.26%, Test In: 74.76% Test OOD1: 66.93% Test OOD2: 54.57% Test OOD3: 63.29% 
Epoch: 225, Loss: 3.7706, Cls: 1.2569, Ind: 0.0000, Med: 0.6286, Spu: 0.0000, FD: 1.2567, FDAug: 0.6284, Var: 0.0000, Ctx: 6, MixCtx: 3, Train: 78.43%, Valid: 73.20%, Test In: 74.67% Test OOD1: 66.44% Test OOD2: 54.65% Test OOD3: 63.04% 
Epoch: 226, Loss: 3.7816, Cls: 1.2606, Ind: 0.0000, Med: 0.6306, Spu: 0.0000, FD: 1.2601, FDAug: 0.6303, Var: 0.0000, Ctx: 6, MixCtx: 3, Train: 78.37%, Valid: 73.34%, Test In: 74.82% Test OOD1: 67.39% Test OOD2: 54.43% Test OOD3: 63.55% 
Epoch: 227, Loss: 3.7852, Cls: 1.2617, Ind: 0.0000, Med: 0.6309, Spu: 0.0000, FD: 1.2618, FDAug: 0.6307, Var: 0.0000, Ctx: 6, MixCtx: 3, Train: 78.46%, Valid: 73.21%, Test In: 74.70% Test OOD1: 66.73% Test OOD2: 54.58% Test OOD3: 63.15% 
Epoch: 228, Loss: 3.7686, Cls: 1.2562, Ind: 0.0000, Med: 0.6283, Spu: 0.0000, FD: 1.2560, FDAug: 0.6281, Var: 0.0000, Ctx: 6, MixCtx: 3, Train: 78.47%, Valid: 73.18%, Test In: 74.67% Test OOD1: 66.65% Test OOD2: 54.57% Test OOD3: 63.08% 
Epoch: 229, Loss: 3.7701, Cls: 1.2566, Ind: 0.0000, Med: 0.6285, Spu: 0.0000, FD: 1.2565, FDAug: 0.6285, Var: 0.0000, Ctx: 6, MixCtx: 3, Train: 78.43%, Valid: 73.31%, Test In: 74.79% Test OOD1: 67.38% Test OOD2: 54.41% Test OOD3: 63.51% 
Epoch: 230, Loss: 3.7816, Cls: 1.2606, Ind: 0.0000, Med: 0.6305, Spu: 0.0000, FD: 1.2604, FDAug: 0.6301, Var: 0.0000, Ctx: 6, MixCtx: 3, Train: 78.52%, Valid: 73.17%, Test In: 74.60% Test OOD1: 66.28% Test OOD2: 54.64% Test OOD3: 62.92% 
Epoch: 231, Loss: 3.7762, Cls: 1.2587, Ind: 0.0000, Med: 0.6296, Spu: 0.0000, FD: 1.2584, FDAug: 0.6295, Var: 0.0000, Ctx: 6, MixCtx: 3, Train: 78.53%, Valid: 73.32%, Test In: 74.73% Test OOD1: 66.88% Test OOD2: 54.55% Test OOD3: 63.26% 
Epoch: 232, Loss: 3.7634, Cls: 1.2545, Ind: 0.0000, Med: 0.6275, Spu: 0.0000, FD: 1.2543, FDAug: 0.6271, Var: 0.0000, Ctx: 6, MixCtx: 3, Train: 78.54%, Valid: 73.32%, Test In: 74.75% Test OOD1: 67.05% Test OOD2: 54.51% Test OOD3: 63.34% 
Epoch: 233, Loss: 3.7647, Cls: 1.2549, Ind: 0.0000, Med: 0.6277, Spu: 0.0000, FD: 1.2547, FDAug: 0.6273, Var: 0.0000, Ctx: 6, MixCtx: 3, Train: 78.57%, Valid: 73.13%, Test In: 74.55% Test OOD1: 66.20% Test OOD2: 54.62% Test OOD3: 62.83% 
Epoch: 234, Loss: 3.7752, Cls: 1.2582, Ind: 0.0000, Med: 0.6293, Spu: 0.0000, FD: 1.2582, FDAug: 0.6294, Var: 0.0000, Ctx: 6, MixCtx: 3, Train: 78.54%, Valid: 73.35%, Test In: 74.77% Test OOD1: 67.24% Test OOD2: 54.45% Test OOD3: 63.45% 
Epoch: 235, Loss: 3.7760, Cls: 1.2588, Ind: 0.0000, Med: 0.6296, Spu: 0.0000, FD: 1.2585, FDAug: 0.6291, Var: 0.0000, Ctx: 6, MixCtx: 3, Train: 78.63%, Valid: 73.21%, Test In: 74.59% Test OOD1: 66.23% Test OOD2: 54.65% Test OOD3: 62.89% 
Epoch: 236, Loss: 3.7652, Cls: 1.2550, Ind: 0.0000, Med: 0.6278, Spu: 0.0000, FD: 1.2547, FDAug: 0.6276, Var: 0.0000, Ctx: 6, MixCtx: 3, Train: 78.65%, Valid: 73.32%, Test In: 74.69% Test OOD1: 66.67% Test OOD2: 54.59% Test OOD3: 63.14% 
Epoch: 237, Loss: 3.7557, Cls: 1.2519, Ind: 0.0000, Med: 0.6262, Spu: 0.0000, FD: 1.2517, FDAug: 0.6259, Var: 0.0000, Ctx: 6, MixCtx: 3, Train: 78.65%, Valid: 73.33%, Test In: 74.71% Test OOD1: 66.95% Test OOD2: 54.51% Test OOD3: 63.26% 
Epoch: 238, Loss: 3.7581, Cls: 1.2527, Ind: 0.0000, Med: 0.6266, Spu: 0.0000, FD: 1.2525, FDAug: 0.6262, Var: 0.0000, Ctx: 6, MixCtx: 3, Train: 78.67%, Valid: 73.14%, Test In: 74.50% Test OOD1: 66.12% Test OOD2: 54.62% Test OOD3: 62.74% 
Epoch: 239, Loss: 3.7685, Cls: 1.2560, Ind: 0.0000, Med: 0.6282, Spu: 0.0000, FD: 1.2559, FDAug: 0.6283, Var: 0.0000, Ctx: 6, MixCtx: 3, Train: 78.63%, Valid: 73.41%, Test In: 74.77% Test OOD1: 67.21% Test OOD2: 54.44% Test OOD3: 63.43% 
Epoch: 240, Loss: 3.7738, Cls: 1.2580, Ind: 0.0000, Med: 0.6291, Spu: 0.0000, FD: 1.2579, FDAug: 0.6288, Var: 0.0000, Ctx: 6, MixCtx: 3, Train: 78.73%, Valid: 73.22%, Test In: 74.52% Test OOD1: 66.02% Test OOD2: 54.67% Test OOD3: 62.77% 
Epoch: 241, Loss: 3.7675, Cls: 1.2559, Ind: 0.0000, Med: 0.6284, Spu: 0.0000, FD: 1.2553, FDAug: 0.6279, Var: 0.0000, Ctx: 6, MixCtx: 3, Train: 78.73%, Valid: 73.39%, Test In: 74.71% Test OOD1: 66.80% Test OOD2: 54.55% Test OOD3: 63.21% 
Epoch: 242, Loss: 3.7509, Cls: 1.2503, Ind: 0.0000, Med: 0.6254, Spu: 0.0000, FD: 1.2501, FDAug: 0.6250, Var: 0.0000, Ctx: 6, MixCtx: 3, Train: 78.76%, Valid: 73.34%, Test In: 74.71% Test OOD1: 66.83% Test OOD2: 54.53% Test OOD3: 63.17% 
Epoch: 243, Loss: 3.7489, Cls: 1.2496, Ind: 0.0000, Med: 0.6250, Spu: 0.0000, FD: 1.2495, FDAug: 0.6248, Var: 0.0000, Ctx: 6, MixCtx: 3, Train: 78.78%, Valid: 73.16%, Test In: 74.51% Test OOD1: 66.06% Test OOD2: 54.63% Test OOD3: 62.70% 
Epoch: 244, Loss: 3.7625, Cls: 1.2541, Ind: 0.0000, Med: 0.6273, Spu: 0.0000, FD: 1.2539, FDAug: 0.6273, Var: 0.0000, Ctx: 6, MixCtx: 3, Train: 78.69%, Valid: 73.48%, Test In: 74.80% Test OOD1: 67.25% Test OOD2: 54.42% Test OOD3: 63.50% 
Epoch: 245, Loss: 3.7830, Cls: 1.2610, Ind: 0.0000, Med: 0.6305, Spu: 0.0000, FD: 1.2612, FDAug: 0.6303, Var: 0.0000, Ctx: 6, MixCtx: 3, Train: 78.80%, Valid: 73.18%, Test In: 74.42% Test OOD1: 65.55% Test OOD2: 54.73% Test OOD3: 62.54% 
Epoch: 246, Loss: 3.7874, Cls: 1.2626, Ind: 0.0000, Med: 0.6319, Spu: 0.0000, FD: 1.2617, FDAug: 0.6312, Var: 0.0000, Ctx: 6, MixCtx: 3, Train: 78.80%, Valid: 73.47%, Test In: 74.77% Test OOD1: 66.93% Test OOD2: 54.51% Test OOD3: 63.31% 
Epoch: 247, Loss: 3.7535, Cls: 1.2512, Ind: 0.0000, Med: 0.6258, Spu: 0.0000, FD: 1.2511, FDAug: 0.6254, Var: 0.0000, Ctx: 6, MixCtx: 3, Train: 78.87%, Valid: 73.35%, Test In: 74.72% Test OOD1: 66.77% Test OOD2: 54.53% Test OOD3: 63.12% 
Epoch: 248, Loss: 3.7420, Cls: 1.2473, Ind: 0.0000, Med: 0.6239, Spu: 0.0000, FD: 1.2472, FDAug: 0.6236, Var: 0.0000, Ctx: 6, MixCtx: 3, Train: 78.85%, Valid: 73.12%, Test In: 74.47% Test OOD1: 65.87% Test OOD2: 54.61% Test OOD3: 62.55% 
Epoch: 249, Loss: 3.7710, Cls: 1.2568, Ind: 0.0000, Med: 0.6285, Spu: 0.0000, FD: 1.2568, FDAug: 0.6288, Var: 0.0000, Ctx: 6, MixCtx: 3, Train: 78.67%, Valid: 73.52%, Test In: 74.83% Test OOD1: 67.51% Test OOD2: 54.27% Test OOD3: 63.64% 
Epoch: 250, Loss: 3.8214, Cls: 1.2738, Ind: 0.0000, Med: 0.6370, Spu: 0.0000, FD: 1.2739, FDAug: 0.6366, Var: 0.0000, Ctx: 6, MixCtx: 3, Train: 78.85%, Valid: 73.16%, Test In: 74.30% Test OOD1: 65.28% Test OOD2: 54.78% Test OOD3: 62.40% 
Epoch: 251, Loss: 3.8258, Cls: 1.2754, Ind: 0.0000, Med: 0.6384, Spu: 0.0000, FD: 1.2744, FDAug: 0.6376, Var: 0.0000, Ctx: 6, MixCtx: 3, Train: 78.92%, Valid: 73.49%, Test In: 74.74% Test OOD1: 66.67% Test OOD2: 54.55% Test OOD3: 63.15% 
Epoch: 252, Loss: 3.7467, Cls: 1.2490, Ind: 0.0000, Med: 0.6248, Spu: 0.0000, FD: 1.2486, FDAug: 0.6243, Var: 0.0000, Ctx: 6, MixCtx: 3, Train: 78.80%, Valid: 73.44%, Test In: 74.83% Test OOD1: 67.44% Test OOD2: 54.32% Test OOD3: 63.52% 
Epoch: 253, Loss: 3.7921, Cls: 1.2642, Ind: 0.0000, Med: 0.6325, Spu: 0.0000, FD: 1.2637, FDAug: 0.6316, Var: 0.0000, Ctx: 6, MixCtx: 3, Train: 78.55%, Valid: 72.60%, Test In: 73.97% Test OOD1: 64.58% Test OOD2: 54.55% Test OOD3: 61.61% 
Epoch: 254, Loss: 3.9410, Cls: 1.3129, Ind: 0.0000, Med: 0.6560, Spu: 0.0000, FD: 1.3140, FDAug: 0.6581, Var: 0.0000, Ctx: 6, MixCtx: 3, Train: 78.24%, Valid: 73.45%, Test In: 74.76% Test OOD1: 68.02% Test OOD2: 53.89% Test OOD3: 63.97% 
Epoch: 255, Loss: 3.9819, Cls: 1.3273, Ind: 0.0000, Med: 0.6636, Spu: 0.0000, FD: 1.3277, FDAug: 0.6633, Var: 0.0000, Ctx: 6, MixCtx: 3, Train: 78.54%, Valid: 73.60%, Test In: 74.66% Test OOD1: 66.99% Test OOD2: 54.45% Test OOD3: 63.49% 
Epoch: 256, Loss: 3.8592, Cls: 1.2863, Ind: 0.0000, Med: 0.6432, Spu: 0.0000, FD: 1.2863, FDAug: 0.6433, Var: 0.0000, Ctx: 6, MixCtx: 3, Train: 78.63%, Valid: 73.42%, Test In: 74.44% Test OOD1: 66.01% Test OOD2: 54.78% Test OOD3: 63.00% 
Epoch: 257, Loss: 3.9509, Cls: 1.3173, Ind: 0.0000, Med: 0.6595, Spu: 0.0000, FD: 1.3158, FDAug: 0.6583, Var: 0.0000, Ctx: 6, MixCtx: 3, Train: 78.53%, Valid: 73.56%, Test In: 74.78% Test OOD1: 67.46% Test OOD2: 54.23% Test OOD3: 63.67% 
Epoch: 258, Loss: 3.7708, Cls: 1.2569, Ind: 0.0000, Med: 0.6286, Spu: 0.0000, FD: 1.2569, FDAug: 0.6284, Var: 0.0000, Ctx: 6, MixCtx: 3, Train: 78.20%, Valid: 73.36%, Test In: 74.74% Test OOD1: 68.14% Test OOD2: 53.92% Test OOD3: 64.03% 
Epoch: 259, Loss: 3.9084, Cls: 1.3036, Ind: 0.0000, Med: 0.6530, Spu: 0.0000, FD: 1.3015, FDAug: 0.6503, Var: 0.0000, Ctx: 6, MixCtx: 3, Train: 78.81%, Valid: 73.11%, Test In: 74.57% Test OOD1: 65.55% Test OOD2: 54.65% Test OOD3: 62.38% 
Epoch: 260, Loss: 3.9742, Cls: 1.3240, Ind: 0.0000, Med: 0.6617, Spu: 0.0000, FD: 1.3249, FDAug: 0.6636, Var: 0.0000, Ctx: 6, MixCtx: 3, Train: 78.78%, Valid: 73.42%, Test In: 74.92% Test OOD1: 67.28% Test OOD2: 54.37% Test OOD3: 63.54% 
Epoch: 261, Loss: 3.7514, Cls: 1.2504, Ind: 0.0000, Med: 0.6253, Spu: 0.0000, FD: 1.2506, FDAug: 0.6252, Var: 0.0000, Ctx: 6, MixCtx: 3, Train: 78.56%, Valid: 73.44%, Test In: 74.91% Test OOD1: 67.76% Test OOD2: 54.13% Test OOD3: 63.87% 
Epoch: 262, Loss: 3.8610, Cls: 1.2870, Ind: 0.0000, Med: 0.6435, Spu: 0.0000, FD: 1.2872, FDAug: 0.6433, Var: 0.0000, Ctx: 6, MixCtx: 3, Train: 78.98%, Valid: 73.31%, Test In: 74.82% Test OOD1: 66.30% Test OOD2: 54.59% Test OOD3: 63.07% 
Epoch: 263, Loss: 3.7993, Cls: 1.2662, Ind: 0.0000, Med: 0.6328, Spu: 0.0000, FD: 1.2669, FDAug: 0.6334, Var: 0.0000, Ctx: 6, MixCtx: 3, Train: 78.89%, Valid: 72.95%, Test In: 74.50% Test OOD1: 65.32% Test OOD2: 54.62% Test OOD3: 62.40% 
Epoch: 264, Loss: 3.8447, Cls: 1.2815, Ind: 0.0000, Med: 0.6408, Spu: 0.0000, FD: 1.2815, FDAug: 0.6408, Var: 0.0000, Ctx: 6, MixCtx: 3, Train: 78.84%, Valid: 73.24%, Test In: 74.84% Test OOD1: 67.04% Test OOD2: 54.37% Test OOD3: 63.34% 
Epoch: 265, Loss: 3.7511, Cls: 1.2501, Ind: 0.0000, Med: 0.6249, Spu: 0.0000, FD: 1.2508, FDAug: 0.6253, Var: 0.0000, Ctx: 6, MixCtx: 3, Train: 78.54%, Valid: 73.27%, Test In: 74.84% Test OOD1: 67.92% Test OOD2: 54.12% Test OOD3: 63.83% 
Epoch: 266, Loss: 3.8305, Cls: 1.2772, Ind: 0.0000, Med: 0.6393, Spu: 0.0000, FD: 1.2762, FDAug: 0.6378, Var: 0.0000, Ctx: 6, MixCtx: 3, Train: 78.79%, Valid: 73.19%, Test In: 74.72% Test OOD1: 66.70% Test OOD2: 54.45% Test OOD3: 63.02% 
Epoch: 267, Loss: 3.7839, Cls: 1.2609, Ind: 0.0000, Med: 0.6302, Spu: 0.0000, FD: 1.2618, FDAug: 0.6310, Var: 0.0000, Ctx: 6, MixCtx: 3, Train: 78.94%, Valid: 73.21%, Test In: 74.63% Test OOD1: 66.51% Test OOD2: 54.53% Test OOD3: 62.96% 
Epoch: 268, Loss: 3.7757, Cls: 1.2583, Ind: 0.0000, Med: 0.6289, Spu: 0.0000, FD: 1.2590, FDAug: 0.6295, Var: 0.0000, Ctx: 6, MixCtx: 3, Train: 78.83%, Valid: 73.42%, Test In: 74.76% Test OOD1: 67.52% Test OOD2: 54.33% Test OOD3: 63.64% 
Epoch: 269, Loss: 3.7782, Cls: 1.2593, Ind: 0.0000, Med: 0.6295, Spu: 0.0000, FD: 1.2597, FDAug: 0.6297, Var: 0.0000, Ctx: 6, MixCtx: 3, Train: 78.85%, Valid: 73.45%, Test In: 74.72% Test OOD1: 67.28% Test OOD2: 54.42% Test OOD3: 63.54% 
Epoch: 270, Loss: 3.7728, Cls: 1.2574, Ind: 0.0000, Med: 0.6286, Spu: 0.0000, FD: 1.2579, FDAug: 0.6289, Var: 0.0000, Ctx: 6, MixCtx: 3, Train: 78.98%, Valid: 73.28%, Test In: 74.54% Test OOD1: 66.23% Test OOD2: 54.62% Test OOD3: 62.96% 
Epoch: 271, Loss: 3.7719, Cls: 1.2574, Ind: 0.0000, Med: 0.6291, Spu: 0.0000, FD: 1.2568, FDAug: 0.6285, Var: 0.0000, Ctx: 6, MixCtx: 3, Train: 79.02%, Valid: 73.27%, Test In: 74.62% Test OOD1: 66.37% Test OOD2: 54.54% Test OOD3: 62.97% 
Epoch: 272, Loss: 3.7531, Cls: 1.2511, Ind: 0.0000, Med: 0.6259, Spu: 0.0000, FD: 1.2507, FDAug: 0.6254, Var: 0.0000, Ctx: 6, MixCtx: 3, Train: 78.87%, Valid: 73.34%, Test In: 74.81% Test OOD1: 67.44% Test OOD2: 54.31% Test OOD3: 63.56% 
Epoch: 273, Loss: 3.7655, Cls: 1.2552, Ind: 0.0000, Med: 0.6277, Spu: 0.0000, FD: 1.2551, FDAug: 0.6275, Var: 0.0000, Ctx: 6, MixCtx: 3, Train: 78.97%, Valid: 73.29%, Test In: 74.81% Test OOD1: 66.95% Test OOD2: 54.41% Test OOD3: 63.26% 
Epoch: 274, Loss: 3.7438, Cls: 1.2478, Ind: 0.0000, Med: 0.6239, Spu: 0.0000, FD: 1.2480, FDAug: 0.6240, Var: 0.0000, Ctx: 6, MixCtx: 3, Train: 79.04%, Valid: 73.11%, Test In: 74.62% Test OOD1: 65.71% Test OOD2: 54.54% Test OOD3: 62.57% 
Epoch: 275, Loss: 3.7611, Cls: 1.2535, Ind: 0.0000, Med: 0.6266, Spu: 0.0000, FD: 1.2539, FDAug: 0.6271, Var: 0.0000, Ctx: 6, MixCtx: 3, Train: 79.11%, Valid: 73.39%, Test In: 74.83% Test OOD1: 66.42% Test OOD2: 54.51% Test OOD3: 63.10% 
Epoch: 276, Loss: 3.7300, Cls: 1.2433, Ind: 0.0000, Med: 0.6218, Spu: 0.0000, FD: 1.2433, FDAug: 0.6216, Var: 0.0000, Ctx: 6, MixCtx: 3, Train: 79.04%, Valid: 73.48%, Test In: 74.88% Test OOD1: 66.70% Test OOD2: 54.44% Test OOD3: 63.30% 
Epoch: 277, Loss: 3.7515, Cls: 1.2505, Ind: 0.0000, Med: 0.6254, Spu: 0.0000, FD: 1.2505, FDAug: 0.6251, Var: 0.0000, Ctx: 6, MixCtx: 3, Train: 79.14%, Valid: 73.36%, Test In: 74.74% Test OOD1: 65.91% Test OOD2: 54.59% Test OOD3: 62.86% 
Epoch: 278, Loss: 3.7363, Cls: 1.2455, Ind: 0.0000, Med: 0.6230, Spu: 0.0000, FD: 1.2452, FDAug: 0.6227, Var: 0.0000, Ctx: 6, MixCtx: 3, Train: 79.21%, Valid: 73.28%, Test In: 74.67% Test OOD1: 65.75% Test OOD2: 54.54% Test OOD3: 62.70% 
Epoch: 279, Loss: 3.7347, Cls: 1.2449, Ind: 0.0000, Med: 0.6227, Spu: 0.0000, FD: 1.2446, FDAug: 0.6224, Var: 0.0000, Ctx: 6, MixCtx: 3, Train: 79.16%, Valid: 73.38%, Test In: 74.81% Test OOD1: 66.83% Test OOD2: 54.31% Test OOD3: 63.23% 
Epoch: 280, Loss: 3.7334, Cls: 1.2445, Ind: 0.0000, Med: 0.6225, Spu: 0.0000, FD: 1.2443, FDAug: 0.6221, Var: 0.0000, Ctx: 6, MixCtx: 3, Train: 79.23%, Valid: 73.32%, Test In: 74.73% Test OOD1: 66.58% Test OOD2: 54.34% Test OOD3: 63.04% 
Epoch: 281, Loss: 3.7230, Cls: 1.2409, Ind: 0.0000, Med: 0.6206, Spu: 0.0000, FD: 1.2410, FDAug: 0.6205, Var: 0.0000, Ctx: 6, MixCtx: 3, Train: 79.29%, Valid: 73.19%, Test In: 74.49% Test OOD1: 65.75% Test OOD2: 54.43% Test OOD3: 62.58% 
Epoch: 282, Loss: 3.7288, Cls: 1.2429, Ind: 0.0000, Med: 0.6216, Spu: 0.0000, FD: 1.2427, FDAug: 0.6215, Var: 0.0000, Ctx: 6, MixCtx: 3, Train: 79.31%, Valid: 73.38%, Test In: 74.63% Test OOD1: 66.31% Test OOD2: 54.37% Test OOD3: 62.97% 
Epoch: 283, Loss: 3.7199, Cls: 1.2400, Ind: 0.0000, Med: 0.6202, Spu: 0.0000, FD: 1.2398, FDAug: 0.6199, Var: 0.0000, Ctx: 6, MixCtx: 3, Train: 79.34%, Valid: 73.39%, Test In: 74.61% Test OOD1: 66.28% Test OOD2: 54.37% Test OOD3: 62.97% 
Epoch: 284, Loss: 3.7243, Cls: 1.2415, Ind: 0.0000, Med: 0.6210, Spu: 0.0000, FD: 1.2412, FDAug: 0.6206, Var: 0.0000, Ctx: 6, MixCtx: 3, Train: 79.36%, Valid: 73.17%, Test In: 74.39% Test OOD1: 65.45% Test OOD2: 54.45% Test OOD3: 62.46% 
Epoch: 285, Loss: 3.7173, Cls: 1.2392, Ind: 0.0000, Med: 0.6200, Spu: 0.0000, FD: 1.2387, FDAug: 0.6195, Var: 0.0000, Ctx: 6, MixCtx: 3, Train: 79.39%, Valid: 73.21%, Test In: 74.53% Test OOD1: 65.84% Test OOD2: 54.41% Test OOD3: 62.63% 
Epoch: 286, Loss: 3.7085, Cls: 1.2361, Ind: 0.0000, Med: 0.6181, Spu: 0.0000, FD: 1.2362, FDAug: 0.6181, Var: 0.0000, Ctx: 6, MixCtx: 3, Train: 79.40%, Valid: 73.34%, Test In: 74.68% Test OOD1: 66.31% Test OOD2: 54.38% Test OOD3: 62.93% 
Epoch: 287, Loss: 3.7184, Cls: 1.2394, Ind: 0.0000, Med: 0.6197, Spu: 0.0000, FD: 1.2396, FDAug: 0.6197, Var: 0.0000, Ctx: 6, MixCtx: 3, Train: 79.45%, Valid: 73.18%, Test In: 74.44% Test OOD1: 65.34% Test OOD2: 54.49% Test OOD3: 62.42% 
Epoch: 288, Loss: 3.7100, Cls: 1.2367, Ind: 0.0000, Med: 0.6186, Spu: 0.0000, FD: 1.2365, FDAug: 0.6183, Var: 0.0000, Ctx: 6, MixCtx: 3, Train: 79.48%, Valid: 73.34%, Test In: 74.56% Test OOD1: 65.66% Test OOD2: 54.49% Test OOD3: 62.71% 
Epoch: 289, Loss: 3.7035, Cls: 1.2346, Ind: 0.0000, Med: 0.6177, Spu: 0.0000, FD: 1.2342, FDAug: 0.6171, Var: 0.0000, Ctx: 6, MixCtx: 3, Train: 79.49%, Valid: 73.44%, Test In: 74.69% Test OOD1: 66.11% Test OOD2: 54.43% Test OOD3: 62.98% 
Epoch: 290, Loss: 3.7083, Cls: 1.2362, Ind: 0.0000, Med: 0.6183, Spu: 0.0000, FD: 1.2359, FDAug: 0.6179, Var: 0.0000, Ctx: 6, MixCtx: 3, Train: 79.56%, Valid: 73.28%, Test In: 74.56% Test OOD1: 65.59% Test OOD2: 54.49% Test OOD3: 62.65% 
Epoch: 291, Loss: 3.6997, Cls: 1.2332, Ind: 0.0000, Med: 0.6169, Spu: 0.0000, FD: 1.2329, FDAug: 0.6166, Var: 0.0000, Ctx: 6, MixCtx: 3, Train: 79.58%, Valid: 73.32%, Test In: 74.64% Test OOD1: 65.89% Test OOD2: 54.45% Test OOD3: 62.77% 
Epoch: 292, Loss: 3.6967, Cls: 1.2321, Ind: 0.0000, Med: 0.6162, Spu: 0.0000, FD: 1.2322, FDAug: 0.6162, Var: 0.0000, Ctx: 6, MixCtx: 3, Train: 79.58%, Valid: 73.41%, Test In: 74.74% Test OOD1: 66.34% Test OOD2: 54.39% Test OOD3: 63.05% 
Epoch: 293, Loss: 3.7009, Cls: 1.2335, Ind: 0.0000, Med: 0.6168, Spu: 0.0000, FD: 1.2337, FDAug: 0.6168, Var: 0.0000, Ctx: 6, MixCtx: 3, Train: 79.67%, Valid: 73.24%, Test In: 74.51% Test OOD1: 65.60% Test OOD2: 54.47% Test OOD3: 62.66% 
Epoch: 294, Loss: 3.6958, Cls: 1.2319, Ind: 0.0000, Med: 0.6163, Spu: 0.0000, FD: 1.2317, FDAug: 0.6159, Var: 0.0000, Ctx: 6, MixCtx: 3, Train: 79.69%, Valid: 73.31%, Test In: 74.54% Test OOD1: 65.80% Test OOD2: 54.44% Test OOD3: 62.82% 
Epoch: 295, Loss: 3.6908, Cls: 1.2303, Ind: 0.0000, Med: 0.6155, Spu: 0.0000, FD: 1.2300, FDAug: 0.6151, Var: 0.0000, Ctx: 6, MixCtx: 3, Train: 79.71%, Valid: 73.35%, Test In: 74.61% Test OOD1: 66.05% Test OOD2: 54.41% Test OOD3: 62.94% 
Epoch: 296, Loss: 3.6905, Cls: 1.2302, Ind: 0.0000, Med: 0.6153, Spu: 0.0000, FD: 1.2300, FDAug: 0.6150, Var: 0.0000, Ctx: 6, MixCtx: 3, Train: 79.73%, Valid: 73.15%, Test In: 74.40% Test OOD1: 65.46% Test OOD2: 54.47% Test OOD3: 62.51% 
Epoch: 297, Loss: 3.6894, Cls: 1.2298, Ind: 0.0000, Med: 0.6152, Spu: 0.0000, FD: 1.2296, FDAug: 0.6149, Var: 0.0000, Ctx: 6, MixCtx: 3, Train: 79.77%, Valid: 73.29%, Test In: 74.52% Test OOD1: 65.84% Test OOD2: 54.44% Test OOD3: 62.76% 
Epoch: 298, Loss: 3.6831, Cls: 1.2277, Ind: 0.0000, Med: 0.6141, Spu: 0.0000, FD: 1.2276, FDAug: 0.6138, Var: 0.0000, Ctx: 6, MixCtx: 3, Train: 79.82%, Valid: 73.27%, Test In: 74.47% Test OOD1: 65.71% Test OOD2: 54.45% Test OOD3: 62.72% 
Epoch: 299, Loss: 3.6795, Cls: 1.2265, Ind: 0.0000, Med: 0.6135, Spu: 0.0000, FD: 1.2263, FDAug: 0.6131, Var: 0.0000, Ctx: 6, MixCtx: 3, Train: 79.85%, Valid: 73.16%, Test In: 74.34% Test OOD1: 65.34% Test OOD2: 54.48% Test OOD3: 62.52% 
Epoch: 300, Loss: 3.6805, Cls: 1.2269, Ind: 0.0000, Med: 0.6138, Spu: 0.0000, FD: 1.2264, FDAug: 0.6133, Var: 0.0000, Ctx: 6, MixCtx: 3, Train: 79.88%, Valid: 73.30%, Test In: 74.52% Test OOD1: 65.79% Test OOD2: 54.42% Test OOD3: 62.80% 
Epoch: 301, Loss: 3.6766, Cls: 1.2255, Ind: 0.0000, Med: 0.6130, Spu: 0.0000, FD: 1.2254, FDAug: 0.6127, Var: 0.0000, Ctx: 6, MixCtx: 3, Train: 79.92%, Valid: 73.19%, Test In: 74.45% Test OOD1: 65.53% Test OOD2: 54.43% Test OOD3: 62.60% 
Epoch: 302, Loss: 3.6719, Cls: 1.2239, Ind: 0.0000, Med: 0.6122, Spu: 0.0000, FD: 1.2238, FDAug: 0.6120, Var: 0.0000, Ctx: 6, MixCtx: 3, Train: 79.96%, Valid: 73.20%, Test In: 74.47% Test OOD1: 65.59% Test OOD2: 54.41% Test OOD3: 62.63% 
Epoch: 303, Loss: 3.6694, Cls: 1.2231, Ind: 0.0000, Med: 0.6118, Spu: 0.0000, FD: 1.2230, FDAug: 0.6115, Var: 0.0000, Ctx: 6, MixCtx: 3, Train: 79.99%, Valid: 73.27%, Test In: 74.53% Test OOD1: 65.78% Test OOD2: 54.36% Test OOD3: 62.77% 
Epoch: 304, Loss: 3.6677, Cls: 1.2226, Ind: 0.0000, Med: 0.6116, Spu: 0.0000, FD: 1.2224, FDAug: 0.6112, Var: 0.0000, Ctx: 6, MixCtx: 3, Train: 80.04%, Valid: 73.14%, Test In: 74.38% Test OOD1: 65.40% Test OOD2: 54.39% Test OOD3: 62.52% 
Epoch: 305, Loss: 3.6669, Cls: 1.2223, Ind: 0.0000, Med: 0.6115, Spu: 0.0000, FD: 1.2219, FDAug: 0.6111, Var: 0.0000, Ctx: 6, MixCtx: 3, Train: 80.07%, Valid: 73.26%, Test In: 74.52% Test OOD1: 65.76% Test OOD2: 54.33% Test OOD3: 62.73% 
Epoch: 306, Loss: 3.6623, Cls: 1.2208, Ind: 0.0000, Med: 0.6107, Spu: 0.0000, FD: 1.2205, FDAug: 0.6103, Var: 0.0000, Ctx: 6, MixCtx: 3, Train: 80.12%, Valid: 73.14%, Test In: 74.40% Test OOD1: 65.43% Test OOD2: 54.35% Test OOD3: 62.48% 
Epoch: 307, Loss: 3.6589, Cls: 1.2196, Ind: 0.0000, Med: 0.6100, Spu: 0.0000, FD: 1.2194, FDAug: 0.6098, Var: 0.0000, Ctx: 6, MixCtx: 3, Train: 80.16%, Valid: 73.19%, Test In: 74.46% Test OOD1: 65.58% Test OOD2: 54.32% Test OOD3: 62.57% 
Epoch: 308, Loss: 3.6550, Cls: 1.2183, Ind: 0.0000, Med: 0.6094, Spu: 0.0000, FD: 1.2181, FDAug: 0.6091, Var: 0.0000, Ctx: 6, MixCtx: 3, Train: 80.21%, Valid: 73.12%, Test In: 74.37% Test OOD1: 65.38% Test OOD2: 54.32% Test OOD3: 62.46% 
Epoch: 309, Loss: 3.6522, Cls: 1.2174, Ind: 0.0000, Med: 0.6090, Spu: 0.0000, FD: 1.2171, FDAug: 0.6086, Var: 0.0000, Ctx: 6, MixCtx: 3, Train: 80.26%, Valid: 73.12%, Test In: 74.38% Test OOD1: 65.42% Test OOD2: 54.30% Test OOD3: 62.47% 
Epoch: 310, Loss: 3.6485, Cls: 1.2162, Ind: 0.0000, Med: 0.6084, Spu: 0.0000, FD: 1.2159, FDAug: 0.6080, Var: 0.0000, Ctx: 6, MixCtx: 3, Train: 80.29%, Valid: 73.10%, Test In: 74.40% Test OOD1: 65.44% Test OOD2: 54.28% Test OOD3: 62.44% 
Epoch: 311, Loss: 3.6458, Cls: 1.2153, Ind: 0.0000, Med: 0.6079, Spu: 0.0000, FD: 1.2151, FDAug: 0.6076, Var: 0.0000, Ctx: 6, MixCtx: 3, Train: 80.34%, Valid: 73.06%, Test In: 74.37% Test OOD1: 65.39% Test OOD2: 54.27% Test OOD3: 62.40% 
Epoch: 312, Loss: 3.6423, Cls: 1.2141, Ind: 0.0000, Med: 0.6073, Spu: 0.0000, FD: 1.2139, FDAug: 0.6070, Var: 0.0000, Ctx: 6, MixCtx: 3, Train: 80.39%, Valid: 73.07%, Test In: 74.37% Test OOD1: 65.42% Test OOD2: 54.25% Test OOD3: 62.45% 
Epoch: 313, Loss: 3.6401, Cls: 1.2134, Ind: 0.0000, Med: 0.6070, Spu: 0.0000, FD: 1.2131, FDAug: 0.6066, Var: 0.0000, Ctx: 6, MixCtx: 3, Train: 80.44%, Valid: 72.97%, Test In: 74.30% Test OOD1: 65.23% Test OOD2: 54.25% Test OOD3: 62.28% 
Epoch: 314, Loss: 3.6369, Cls: 1.2123, Ind: 0.0000, Med: 0.6064, Spu: 0.0000, FD: 1.2120, FDAug: 0.6061, Var: 0.0000, Ctx: 6, MixCtx: 3, Train: 80.47%, Valid: 73.10%, Test In: 74.41% Test OOD1: 65.50% Test OOD2: 54.23% Test OOD3: 62.47% 
Epoch: 315, Loss: 3.6365, Cls: 1.2121, Ind: 0.0000, Med: 0.6063, Spu: 0.0000, FD: 1.2121, FDAug: 0.6060, Var: 0.0000, Ctx: 6, MixCtx: 3, Train: 80.46%, Valid: 72.70%, Test In: 74.05% Test OOD1: 64.72% Test OOD2: 54.24% Test OOD3: 61.89% 
Epoch: 316, Loss: 3.6461, Cls: 1.2153, Ind: 0.0000, Med: 0.6080, Spu: 0.0000, FD: 1.2151, FDAug: 0.6076, Var: 0.0000, Ctx: 6, MixCtx: 3, Train: 80.33%, Valid: 73.29%, Test In: 74.52% Test OOD1: 66.00% Test OOD2: 54.20% Test OOD3: 62.88% 
Epoch: 317, Loss: 3.7103, Cls: 1.2365, Ind: 0.0000, Med: 0.6181, Spu: 0.0000, FD: 1.2372, FDAug: 0.6184, Var: 0.0000, Ctx: 6, MixCtx: 3, Train: 79.96%, Valid: 71.69%, Test In: 72.99% Test OOD1: 63.11% Test OOD2: 54.04% Test OOD3: 60.69% 
Epoch: 318, Loss: 3.8864, Cls: 1.2952, Ind: 0.0000, Med: 0.6474, Spu: 0.0000, FD: 1.2959, FDAug: 0.6479, Var: 0.0000, Ctx: 6, MixCtx: 3, Train: 79.12%, Valid: 73.28%, Test In: 74.45% Test OOD1: 67.01% Test OOD2: 53.63% Test OOD3: 63.60% 
Epoch: 319, Loss: 4.1284, Cls: 1.3753, Ind: 0.0000, Med: 0.6864, Spu: 0.0000, FD: 1.3782, FDAug: 0.6885, Var: 0.0000, Ctx: 6, MixCtx: 3, Train: 79.75%, Valid: 72.56%, Test In: 73.72% Test OOD1: 64.87% Test OOD2: 54.10% Test OOD3: 62.49% 
Epoch: 320, Loss: 3.8691, Cls: 1.2896, Ind: 0.0000, Med: 0.6451, Spu: 0.0000, FD: 1.2893, FDAug: 0.6450, Var: 0.0000, Ctx: 6, MixCtx: 3, Train: 80.01%, Valid: 72.20%, Test In: 73.74% Test OOD1: 64.57% Test OOD2: 54.10% Test OOD3: 62.03% 
Epoch: 321, Loss: 3.9858, Cls: 1.3284, Ind: 0.0000, Med: 0.6641, Spu: 0.0000, FD: 1.3287, FDAug: 0.6646, Var: 0.0000, Ctx: 6, MixCtx: 3, Train: 79.52%, Valid: 72.99%, Test In: 74.77% Test OOD1: 67.10% Test OOD2: 53.90% Test OOD3: 63.50% 
Epoch: 322, Loss: 3.7330, Cls: 1.2443, Ind: 0.0000, Med: 0.6224, Spu: 0.0000, FD: 1.2442, FDAug: 0.6220, Var: 0.0000, Ctx: 6, MixCtx: 3, Train: 79.17%, Valid: 72.86%, Test In: 74.66% Test OOD1: 67.31% Test OOD2: 53.92% Test OOD3: 63.38% 
Epoch: 323, Loss: 3.8350, Cls: 1.2791, Ind: 0.0000, Med: 0.6410, Spu: 0.0000, FD: 1.2767, FDAug: 0.6382, Var: 0.0000, Ctx: 6, MixCtx: 3, Train: 79.12%, Valid: 71.46%, Test In: 73.35% Test OOD1: 64.23% Test OOD2: 53.93% Test OOD3: 61.09% 
Epoch: 324, Loss: 3.9663, Cls: 1.3233, Ind: 0.0000, Med: 0.6641, Spu: 0.0000, FD: 1.3191, FDAug: 0.6598, Var: 0.0000, Ctx: 6, MixCtx: 3, Train: 79.70%, Valid: 73.18%, Test In: 74.54% Test OOD1: 66.77% Test OOD2: 54.18% Test OOD3: 63.39% 
Epoch: 325, Loss: 3.8098, Cls: 1.2681, Ind: 0.0000, Med: 0.6317, Spu: 0.0000, FD: 1.2734, FDAug: 0.6366, Var: 0.0000, Ctx: 6, MixCtx: 3, Train: 78.51%, Valid: 73.00%, Test In: 74.16% Test OOD1: 66.92% Test OOD2: 53.72% Test OOD3: 63.66% 
Epoch: 326, Loss: 3.9776, Cls: 1.3237, Ind: 0.0000, Med: 0.6589, Spu: 0.0000, FD: 1.3301, FDAug: 0.6648, Var: 0.0000, Ctx: 6, MixCtx: 3, Train: 78.53%, Valid: 72.92%, Test In: 74.11% Test OOD1: 66.62% Test OOD2: 53.94% Test OOD3: 63.55% 
Epoch: 327, Loss: 3.8620, Cls: 1.2855, Ind: 0.0000, Med: 0.6405, Spu: 0.0000, FD: 1.2907, FDAug: 0.6452, Var: 0.0000, Ctx: 6, MixCtx: 3, Train: 78.99%, Valid: 72.89%, Test In: 74.28% Test OOD1: 66.24% Test OOD2: 54.24% Test OOD3: 63.25% 
Epoch: 328, Loss: 3.8223, Cls: 1.2739, Ind: 0.0000, Med: 0.6372, Spu: 0.0000, FD: 1.2741, FDAug: 0.6371, Var: 0.0000, Ctx: 6, MixCtx: 3, Train: 79.14%, Valid: 73.15%, Test In: 74.61% Test OOD1: 66.53% Test OOD2: 54.27% Test OOD3: 63.34% 
Epoch: 329, Loss: 3.7773, Cls: 1.2595, Ind: 0.0000, Med: 0.6309, Spu: 0.0000, FD: 1.2579, FDAug: 0.6290, Var: 0.0000, Ctx: 6, MixCtx: 3, Train: 78.64%, Valid: 73.24%, Test In: 74.68% Test OOD1: 67.53% Test OOD2: 54.11% Test OOD3: 63.91% 
Epoch: 330, Loss: 3.8926, Cls: 1.2985, Ind: 0.0000, Med: 0.6511, Spu: 0.0000, FD: 1.2954, FDAug: 0.6476, Var: 0.0000, Ctx: 6, MixCtx: 3, Train: 79.24%, Valid: 73.18%, Test In: 74.72% Test OOD1: 66.45% Test OOD2: 54.30% Test OOD3: 63.17% 
Epoch: 331, Loss: 3.7486, Cls: 1.2498, Ind: 0.0000, Med: 0.6259, Spu: 0.0000, FD: 1.2486, FDAug: 0.6243, Var: 0.0000, Ctx: 6, MixCtx: 3, Train: 79.35%, Valid: 72.68%, Test In: 74.37% Test OOD1: 64.65% Test OOD2: 54.32% Test OOD3: 62.05% 
Epoch: 332, Loss: 3.7836, Cls: 1.2611, Ind: 0.0001, Med: 0.6310, Spu: 0.0000, FD: 1.2609, FDAug: 0.6305, Var: 0.0000, Ctx: 6, MixCtx: 3, Train: 79.46%, Valid: 72.89%, Test In: 74.58% Test OOD1: 65.54% Test OOD2: 54.27% Test OOD3: 62.53% 
Epoch: 333, Loss: 3.7497, Cls: 1.2496, Ind: 0.0001, Med: 0.6249, Spu: 0.0000, FD: 1.2501, FDAug: 0.6251, Var: 0.0000, Ctx: 6, MixCtx: 3, Train: 79.47%, Valid: 73.04%, Test In: 74.68% Test OOD1: 66.54% Test OOD2: 54.11% Test OOD3: 63.04% 
Epoch: 334, Loss: 3.8045, Cls: 1.2683, Ind: 0.0000, Med: 0.6350, Spu: 0.0000, FD: 1.2675, FDAug: 0.6338, Var: 0.0000, Ctx: 6, MixCtx: 3, Train: 79.60%, Valid: 72.95%, Test In: 74.57% Test OOD1: 66.39% Test OOD2: 54.09% Test OOD3: 62.90% 
Epoch: 335, Loss: 3.7588, Cls: 1.2524, Ind: 0.0000, Med: 0.6261, Spu: 0.0000, FD: 1.2535, FDAug: 0.6267, Var: 0.0000, Ctx: 6, MixCtx: 3, Train: 79.57%, Valid: 72.61%, Test In: 74.20% Test OOD1: 65.64% Test OOD2: 54.08% Test OOD3: 62.48% 
Epoch: 336, Loss: 3.7382, Cls: 1.2452, Ind: 0.0000, Med: 0.6217, Spu: 0.0000, FD: 1.2475, FDAug: 0.6238, Var: 0.0000, Ctx: 6, MixCtx: 3, Train: 79.52%, Valid: 72.67%, Test In: 74.27% Test OOD1: 66.23% Test OOD2: 54.06% Test OOD3: 62.83% 
Epoch: 337, Loss: 3.7283, Cls: 1.2424, Ind: 0.0000, Med: 0.6211, Spu: 0.0000, FD: 1.2431, FDAug: 0.6216, Var: 0.0000, Ctx: 6, MixCtx: 3, Train: 79.31%, Valid: 72.99%, Test In: 74.51% Test OOD1: 67.55% Test OOD2: 53.94% Test OOD3: 63.66% 
Epoch: 338, Loss: 3.7575, Cls: 1.2531, Ind: 0.0000, Med: 0.6280, Spu: 0.0000, FD: 1.2510, FDAug: 0.6254, Var: 0.0000, Ctx: 6, MixCtx: 3, Train: 79.50%, Valid: 72.98%, Test In: 74.51% Test OOD1: 67.20% Test OOD2: 54.04% Test OOD3: 63.46% 
Epoch: 339, Loss: 3.7232, Cls: 1.2413, Ind: 0.0000, Med: 0.6213, Spu: 0.0000, FD: 1.2404, FDAug: 0.6201, Var: 0.0000, Ctx: 6, MixCtx: 3, Train: 79.81%, Valid: 72.74%, Test In: 74.33% Test OOD1: 65.91% Test OOD2: 54.17% Test OOD3: 62.72% 
Epoch: 340, Loss: 3.7263, Cls: 1.2417, Ind: 0.0000, Med: 0.6206, Spu: 0.0000, FD: 1.2426, FDAug: 0.6213, Var: 0.0000, Ctx: 6, MixCtx: 3, Train: 79.96%, Valid: 72.91%, Test In: 74.52% Test OOD1: 65.93% Test OOD2: 54.19% Test OOD3: 62.77% 
Epoch: 341, Loss: 3.6910, Cls: 1.2298, Ind: 0.0000, Med: 0.6144, Spu: 0.0000, FD: 1.2312, FDAug: 0.6156, Var: 0.0000, Ctx: 6, MixCtx: 3, Train: 79.92%, Valid: 73.03%, Test In: 74.72% Test OOD1: 66.35% Test OOD2: 54.14% Test OOD3: 63.07% 
Epoch: 342, Loss: 3.7092, Cls: 1.2362, Ind: 0.0000, Med: 0.6181, Spu: 0.0000, FD: 1.2366, FDAug: 0.6183, Var: 0.0000, Ctx: 6, MixCtx: 3, Train: 80.01%, Valid: 72.99%, Test In: 74.74% Test OOD1: 65.90% Test OOD2: 54.27% Test OOD3: 62.84% 
Epoch: 343, Loss: 3.6945, Cls: 1.2314, Ind: 0.0000, Med: 0.6159, Spu: 0.0000, FD: 1.2314, FDAug: 0.6157, Var: 0.0000, Ctx: 6, MixCtx: 3, Train: 80.09%, Valid: 72.79%, Test In: 74.58% Test OOD1: 65.00% Test OOD2: 54.39% Test OOD3: 62.25% 
Epoch: 344, Loss: 3.6800, Cls: 1.2267, Ind: 0.0000, Med: 0.6137, Spu: 0.0000, FD: 1.2263, FDAug: 0.6132, Var: 0.0000, Ctx: 6, MixCtx: 3, Train: 80.08%, Valid: 72.85%, Test In: 74.63% Test OOD1: 65.20% Test OOD2: 54.40% Test OOD3: 62.33% 
Epoch: 345, Loss: 3.6759, Cls: 1.2253, Ind: 0.0000, Med: 0.6130, Spu: 0.0000, FD: 1.2250, FDAug: 0.6125, Var: 0.0000, Ctx: 6, MixCtx: 3, Train: 79.97%, Valid: 73.12%, Test In: 74.80% Test OOD1: 66.19% Test OOD2: 54.36% Test OOD3: 63.00% 
Epoch: 346, Loss: 3.6838, Cls: 1.2276, Ind: 0.0000, Med: 0.6136, Spu: 0.0000, FD: 1.2284, FDAug: 0.6142, Var: 0.0000, Ctx: 6, MixCtx: 3, Train: 80.12%, Valid: 73.14%, Test In: 74.74% Test OOD1: 65.98% Test OOD2: 54.34% Test OOD3: 62.93% 
Epoch: 347, Loss: 3.6636, Cls: 1.2210, Ind: 0.0000, Med: 0.6104, Spu: 0.0000, FD: 1.2215, FDAug: 0.6107, Var: 0.0000, Ctx: 6, MixCtx: 3, Train: 80.36%, Valid: 73.05%, Test In: 74.54% Test OOD1: 65.22% Test OOD2: 54.33% Test OOD3: 62.50% 
Epoch: 348, Loss: 3.6637, Cls: 1.2213, Ind: 0.0000, Med: 0.6110, Spu: 0.0000, FD: 1.2209, FDAug: 0.6105, Var: 0.0000, Ctx: 6, MixCtx: 3, Train: 80.38%, Valid: 73.14%, Test In: 74.58% Test OOD1: 65.47% Test OOD2: 54.29% Test OOD3: 62.72% 
Epoch: 349, Loss: 3.6549, Cls: 1.2183, Ind: 0.0000, Med: 0.6094, Spu: 0.0000, FD: 1.2181, FDAug: 0.6091, Var: 0.0000, Ctx: 6, MixCtx: 3, Train: 80.34%, Valid: 73.21%, Test In: 74.62% Test OOD1: 65.87% Test OOD2: 54.20% Test OOD3: 62.95% 
Epoch: 350, Loss: 3.6604, Cls: 1.2201, Ind: 0.0000, Med: 0.6102, Spu: 0.0000, FD: 1.2201, FDAug: 0.6100, Var: 0.0000, Ctx: 6, MixCtx: 3, Train: 80.50%, Valid: 73.08%, Test In: 74.48% Test OOD1: 65.36% Test OOD2: 54.18% Test OOD3: 62.53% 
Epoch: 351, Loss: 3.6370, Cls: 1.2124, Ind: 0.0000, Med: 0.6066, Spu: 0.0000, FD: 1.2120, FDAug: 0.6060, Var: 0.0000, Ctx: 6, MixCtx: 3, Train: 80.51%, Valid: 72.79%, Test In: 74.17% Test OOD1: 64.65% Test OOD2: 54.11% Test OOD3: 61.95% 
Epoch: 352, Loss: 3.6473, Cls: 1.2158, Ind: 0.0000, Med: 0.6084, Spu: 0.0000, FD: 1.2153, FDAug: 0.6077, Var: 0.0000, Ctx: 6, MixCtx: 3, Train: 80.58%, Valid: 73.00%, Test In: 74.40% Test OOD1: 65.37% Test OOD2: 54.09% Test OOD3: 62.36% 
Epoch: 353, Loss: 3.6344, Cls: 1.2114, Ind: 0.0000, Med: 0.6059, Spu: 0.0000, FD: 1.2114, FDAug: 0.6057, Var: 0.0000, Ctx: 6, MixCtx: 3, Train: 80.67%, Valid: 72.98%, Test In: 74.34% Test OOD1: 65.21% Test OOD2: 54.07% Test OOD3: 62.26% 
Epoch: 354, Loss: 3.6247, Cls: 1.2081, Ind: 0.0000, Med: 0.6042, Spu: 0.0000, FD: 1.2082, FDAug: 0.6041, Var: 0.0000, Ctx: 6, MixCtx: 3, Train: 80.65%, Valid: 72.65%, Test In: 73.99% Test OOD1: 64.29% Test OOD2: 54.04% Test OOD3: 61.73% 
Epoch: 355, Loss: 3.6278, Cls: 1.2093, Ind: 0.0000, Med: 0.6050, Spu: 0.0000, FD: 1.2089, FDAug: 0.6045, Var: 0.0000, Ctx: 6, MixCtx: 3, Train: 80.72%, Valid: 72.78%, Test In: 74.12% Test OOD1: 64.67% Test OOD2: 54.01% Test OOD3: 61.99% 
Epoch: 356, Loss: 3.6196, Cls: 1.2066, Ind: 0.0000, Med: 0.6036, Spu: 0.0000, FD: 1.2063, FDAug: 0.6031, Var: 0.0000, Ctx: 6, MixCtx: 3, Train: 80.80%, Valid: 72.92%, Test In: 74.30% Test OOD1: 65.24% Test OOD2: 54.01% Test OOD3: 62.32% 
Epoch: 357, Loss: 3.6186, Cls: 1.2061, Ind: 0.0000, Med: 0.6032, Spu: 0.0000, FD: 1.2063, FDAug: 0.6031, Var: 0.0000, Ctx: 6, MixCtx: 3, Train: 80.86%, Valid: 72.69%, Test In: 74.13% Test OOD1: 64.75% Test OOD2: 53.99% Test OOD3: 61.93% 
Epoch: 358, Loss: 3.6117, Cls: 1.2036, Ind: 0.0000, Med: 0.6018, Spu: 0.0000, FD: 1.2042, FDAug: 0.6021, Var: 0.0000, Ctx: 6, MixCtx: 3, Train: 80.93%, Valid: 72.74%, Test In: 74.25% Test OOD1: 64.95% Test OOD2: 54.00% Test OOD3: 62.06% 
Epoch: 359, Loss: 3.6052, Cls: 1.2015, Ind: 0.0000, Med: 0.6007, Spu: 0.0000, FD: 1.2020, FDAug: 0.6010, Var: 0.0000, Ctx: 6, MixCtx: 3, Train: 80.96%, Valid: 72.86%, Test In: 74.41% Test OOD1: 65.36% Test OOD2: 54.01% Test OOD3: 62.44% 
Epoch: 360, Loss: 3.6038, Cls: 1.2013, Ind: 0.0000, Med: 0.6010, Spu: 0.0000, FD: 1.2010, FDAug: 0.6005, Var: 0.0000, Ctx: 6, MixCtx: 3, Train: 81.04%, Valid: 72.65%, Test In: 74.21% Test OOD1: 64.93% Test OOD2: 54.00% Test OOD3: 62.20% 
Epoch: 361, Loss: 3.5987, Cls: 1.1996, Ind: 0.0000, Med: 0.6003, Spu: 0.0000, FD: 1.1992, FDAug: 0.5996, Var: 0.0000, Ctx: 6, MixCtx: 3, Train: 81.08%, Valid: 72.60%, Test In: 74.13% Test OOD1: 64.94% Test OOD2: 54.00% Test OOD3: 62.20% 
Epoch: 362, Loss: 3.5951, Cls: 1.1984, Ind: 0.0000, Med: 0.5996, Spu: 0.0000, FD: 1.1981, FDAug: 0.5990, Var: 0.0000, Ctx: 6, MixCtx: 3, Train: 81.06%, Valid: 72.76%, Test In: 74.22% Test OOD1: 65.39% Test OOD2: 54.03% Test OOD3: 62.48% 
Epoch: 363, Loss: 3.5939, Cls: 1.1979, Ind: 0.0000, Med: 0.5992, Spu: 0.0000, FD: 1.1979, FDAug: 0.5989, Var: 0.0000, Ctx: 6, MixCtx: 3, Train: 81.11%, Valid: 72.56%, Test In: 73.97% Test OOD1: 64.98% Test OOD2: 53.99% Test OOD3: 62.10% 
Epoch: 364, Loss: 3.5899, Cls: 1.1966, Ind: 0.0000, Med: 0.5985, Spu: 0.0000, FD: 1.1965, FDAug: 0.5983, Var: 0.0000, Ctx: 6, MixCtx: 3, Train: 81.17%, Valid: 72.48%, Test In: 73.91% Test OOD1: 64.79% Test OOD2: 53.99% Test OOD3: 61.99% 
Epoch: 365, Loss: 3.5832, Cls: 1.1944, Ind: 0.0000, Med: 0.5976, Spu: 0.0000, FD: 1.1941, FDAug: 0.5970, Var: 0.0000, Ctx: 6, MixCtx: 3, Train: 81.19%, Valid: 72.52%, Test In: 73.98% Test OOD1: 64.81% Test OOD2: 53.99% Test OOD3: 62.03% 
Epoch: 366, Loss: 3.5849, Cls: 1.1950, Ind: 0.0000, Med: 0.5978, Spu: 0.0000, FD: 1.1948, FDAug: 0.5974, Var: 0.0000, Ctx: 6, MixCtx: 3, Train: 81.20%, Valid: 72.22%, Test In: 73.72% Test OOD1: 64.39% Test OOD2: 53.96% Test OOD3: 61.61% 
Epoch: 367, Loss: 3.5811, Cls: 1.1938, Ind: 0.0000, Med: 0.5974, Spu: 0.0000, FD: 1.1933, FDAug: 0.5967, Var: 0.0000, Ctx: 6, MixCtx: 3, Train: 81.26%, Valid: 72.46%, Test In: 73.97% Test OOD1: 64.95% Test OOD2: 54.00% Test OOD3: 62.00% 
Epoch: 368, Loss: 3.5771, Cls: 1.1922, Ind: 0.0000, Med: 0.5962, Spu: 0.0000, FD: 1.1924, FDAug: 0.5962, Var: 0.0000, Ctx: 6, MixCtx: 3, Train: 81.30%, Valid: 72.31%, Test In: 73.83% Test OOD1: 64.75% Test OOD2: 53.96% Test OOD3: 61.82% 
Epoch: 369, Loss: 3.5718, Cls: 1.1906, Ind: 0.0000, Med: 0.5955, Spu: 0.0000, FD: 1.1904, FDAug: 0.5952, Var: 0.0000, Ctx: 6, MixCtx: 3, Train: 81.37%, Valid: 72.36%, Test In: 73.86% Test OOD1: 64.79% Test OOD2: 53.99% Test OOD3: 61.92% 
Epoch: 370, Loss: 3.5674, Cls: 1.1891, Ind: 0.0000, Med: 0.5949, Spu: 0.0000, FD: 1.1889, FDAug: 0.5945, Var: 0.0000, Ctx: 6, MixCtx: 3, Train: 81.40%, Valid: 72.39%, Test In: 73.86% Test OOD1: 64.79% Test OOD2: 54.01% Test OOD3: 61.92% 
Epoch: 371, Loss: 3.5645, Cls: 1.1882, Ind: 0.0000, Med: 0.5943, Spu: 0.0000, FD: 1.1880, FDAug: 0.5940, Var: 0.0000, Ctx: 6, MixCtx: 3, Train: 81.45%, Valid: 72.30%, Test In: 73.76% Test OOD1: 64.65% Test OOD2: 54.00% Test OOD3: 61.73% 
Epoch: 372, Loss: 3.5612, Cls: 1.1870, Ind: 0.0000, Med: 0.5937, Spu: 0.0000, FD: 1.1870, FDAug: 0.5935, Var: 0.0000, Ctx: 6, MixCtx: 3, Train: 81.48%, Valid: 72.38%, Test In: 73.81% Test OOD1: 64.77% Test OOD2: 54.00% Test OOD3: 61.82% 
Epoch: 373, Loss: 3.5583, Cls: 1.1860, Ind: 0.0000, Med: 0.5931, Spu: 0.0000, FD: 1.1861, FDAug: 0.5931, Var: 0.0000, Ctx: 6, MixCtx: 3, Train: 81.53%, Valid: 72.18%, Test In: 73.59% Test OOD1: 64.40% Test OOD2: 53.96% Test OOD3: 61.59% 
Epoch: 374, Loss: 3.5542, Cls: 1.1847, Ind: 0.0000, Med: 0.5925, Spu: 0.0000, FD: 1.1847, FDAug: 0.5923, Var: 0.0000, Ctx: 6, MixCtx: 3, Train: 81.57%, Valid: 72.24%, Test In: 73.65% Test OOD1: 64.46% Test OOD2: 53.95% Test OOD3: 61.69% 
Epoch: 375, Loss: 3.5521, Cls: 1.1840, Ind: 0.0000, Med: 0.5922, Spu: 0.0000, FD: 1.1839, FDAug: 0.5920, Var: 0.0000, Ctx: 6, MixCtx: 3, Train: 81.60%, Valid: 72.07%, Test In: 73.51% Test OOD1: 64.23% Test OOD2: 53.90% Test OOD3: 61.43% 
Epoch: 376, Loss: 3.5483, Cls: 1.1827, Ind: 0.0000, Med: 0.5915, Spu: 0.0000, FD: 1.1827, FDAug: 0.5914, Var: 0.0000, Ctx: 6, MixCtx: 3, Train: 81.66%, Valid: 72.22%, Test In: 73.69% Test OOD1: 64.50% Test OOD2: 53.93% Test OOD3: 61.63% 
Epoch: 377, Loss: 3.5459, Cls: 1.1819, Ind: 0.0000, Med: 0.5911, Spu: 0.0000, FD: 1.1819, FDAug: 0.5909, Var: 0.0000, Ctx: 6, MixCtx: 3, Train: 81.68%, Valid: 71.96%, Test In: 73.44% Test OOD1: 64.03% Test OOD2: 53.85% Test OOD3: 61.31% 
Epoch: 378, Loss: 3.5437, Cls: 1.1812, Ind: 0.0000, Med: 0.5908, Spu: 0.0000, FD: 1.1812, FDAug: 0.5906, Var: 0.0000, Ctx: 6, MixCtx: 3, Train: 81.72%, Valid: 72.26%, Test In: 73.70% Test OOD1: 64.57% Test OOD2: 53.91% Test OOD3: 61.78% 
Epoch: 379, Loss: 3.5450, Cls: 1.1816, Ind: 0.0000, Med: 0.5910, Spu: 0.0000, FD: 1.1815, FDAug: 0.5908, Var: 0.0000, Ctx: 6, MixCtx: 3, Train: 81.73%, Valid: 71.86%, Test In: 73.32% Test OOD1: 64.01% Test OOD2: 53.76% Test OOD3: 61.24% 
Epoch: 380, Loss: 3.5475, Cls: 1.1824, Ind: 0.0000, Med: 0.5914, Spu: 0.0000, FD: 1.1824, FDAug: 0.5912, Var: 0.0000, Ctx: 6, MixCtx: 3, Train: 81.70%, Valid: 72.42%, Test In: 73.84% Test OOD1: 64.89% Test OOD2: 53.94% Test OOD3: 61.98% 
Epoch: 381, Loss: 3.5617, Cls: 1.1872, Ind: 0.0000, Med: 0.5938, Spu: 0.0000, FD: 1.1871, FDAug: 0.5935, Var: 0.0000, Ctx: 6, MixCtx: 3, Train: 81.62%, Valid: 71.40%, Test In: 72.82% Test OOD1: 63.22% Test OOD2: 53.67% Test OOD3: 60.66% 
Epoch: 382, Loss: 3.5865, Cls: 1.1954, Ind: 0.0000, Med: 0.5979, Spu: 0.0000, FD: 1.1955, FDAug: 0.5978, Var: 0.0000, Ctx: 6, MixCtx: 3, Train: 81.48%, Valid: 72.58%, Test In: 73.89% Test OOD1: 65.12% Test OOD2: 53.93% Test OOD3: 62.30% 
Epoch: 383, Loss: 3.6333, Cls: 1.2111, Ind: 0.0000, Med: 0.6057, Spu: 0.0000, FD: 1.2110, FDAug: 0.6055, Var: 0.0000, Ctx: 6, MixCtx: 3, Train: 81.68%, Valid: 71.27%, Test In: 72.72% Test OOD1: 63.15% Test OOD2: 53.60% Test OOD3: 60.71% 
Epoch: 384, Loss: 3.6100, Cls: 1.2033, Ind: 0.0000, Med: 0.6019, Spu: 0.0000, FD: 1.2032, FDAug: 0.6016, Var: 0.0000, Ctx: 6, MixCtx: 3, Train: 81.68%, Valid: 72.47%, Test In: 73.94% Test OOD1: 65.12% Test OOD2: 53.91% Test OOD3: 62.20% 
Epoch: 385, Loss: 3.5737, Cls: 1.1912, Ind: 0.0000, Med: 0.5958, Spu: 0.0000, FD: 1.1911, FDAug: 0.5955, Var: 0.0000, Ctx: 6, MixCtx: 3, Train: 81.92%, Valid: 71.87%, Test In: 73.44% Test OOD1: 64.18% Test OOD2: 53.69% Test OOD3: 61.30% 
Epoch: 386, Loss: 3.5307, Cls: 1.1768, Ind: 0.0000, Med: 0.5886, Spu: 0.0000, FD: 1.1768, FDAug: 0.5884, Var: 0.0000, Ctx: 6, MixCtx: 3, Train: 82.02%, Valid: 72.04%, Test In: 73.49% Test OOD1: 64.43% Test OOD2: 53.67% Test OOD3: 61.54% 
Epoch: 387, Loss: 3.5140, Cls: 1.1713, Ind: 0.0000, Med: 0.5858, Spu: 0.0000, FD: 1.1713, FDAug: 0.5856, Var: 0.0000, Ctx: 6, MixCtx: 3, Train: 82.01%, Valid: 72.17%, Test In: 73.53% Test OOD1: 64.64% Test OOD2: 53.68% Test OOD3: 61.74% 
Epoch: 388, Loss: 3.5216, Cls: 1.1737, Ind: 0.0000, Med: 0.5869, Spu: 0.0000, FD: 1.1740, FDAug: 0.5870, Var: 0.0000, Ctx: 6, MixCtx: 3, Train: 81.88%, Valid: 71.43%, Test In: 72.79% Test OOD1: 63.54% Test OOD2: 53.42% Test OOD3: 60.77% 
Epoch: 389, Loss: 3.5465, Cls: 1.1822, Ind: 0.0000, Med: 0.5916, Spu: 0.0000, FD: 1.1818, FDAug: 0.5909, Var: 0.0000, Ctx: 6, MixCtx: 3, Train: 81.79%, Valid: 72.44%, Test In: 73.76% Test OOD1: 64.84% Test OOD2: 53.81% Test OOD3: 62.01% 
Epoch: 390, Loss: 3.6136, Cls: 1.2042, Ind: 0.0000, Med: 0.6019, Spu: 0.0000, FD: 1.2050, FDAug: 0.6025, Var: 0.0000, Ctx: 6, MixCtx: 3, Train: 81.66%, Valid: 70.90%, Test In: 72.19% Test OOD1: 62.38% Test OOD2: 53.45% Test OOD3: 60.19% 
Epoch: 391, Loss: 3.6317, Cls: 1.2105, Ind: 0.0000, Med: 0.6054, Spu: 0.0000, FD: 1.2105, FDAug: 0.6053, Var: 0.0000, Ctx: 6, MixCtx: 3, Train: 81.78%, Valid: 72.48%, Test In: 73.81% Test OOD1: 64.96% Test OOD2: 53.89% Test OOD3: 62.26% 
Epoch: 392, Loss: 3.5857, Cls: 1.1952, Ind: 0.0000, Med: 0.5977, Spu: 0.0000, FD: 1.1952, FDAug: 0.5976, Var: 0.0000, Ctx: 6, MixCtx: 3, Train: 82.10%, Valid: 71.98%, Test In: 73.40% Test OOD1: 64.42% Test OOD2: 53.63% Test OOD3: 61.64% 
Epoch: 393, Loss: 3.5123, Cls: 1.1706, Ind: 0.0000, Med: 0.5854, Spu: 0.0000, FD: 1.1708, FDAug: 0.5854, Var: 0.0000, Ctx: 6, MixCtx: 3, Train: 82.10%, Valid: 71.79%, Test In: 73.25% Test OOD1: 64.13% Test OOD2: 53.60% Test OOD3: 61.23% 
Epoch: 394, Loss: 3.5232, Cls: 1.1742, Ind: 0.0000, Med: 0.5871, Spu: 0.0000, FD: 1.1746, FDAug: 0.5873, Var: 0.0000, Ctx: 6, MixCtx: 3, Train: 81.91%, Valid: 72.45%, Test In: 73.82% Test OOD1: 64.90% Test OOD2: 53.82% Test OOD3: 62.01% 
Epoch: 395, Loss: 3.5883, Cls: 1.1961, Ind: 0.0000, Med: 0.5984, Spu: 0.0000, FD: 1.1958, FDAug: 0.5979, Var: 0.0000, Ctx: 6, MixCtx: 3, Train: 81.89%, Valid: 71.14%, Test In: 72.35% Test OOD1: 62.64% Test OOD2: 53.42% Test OOD3: 60.28% 
Epoch: 396, Loss: 3.5637, Cls: 1.1877, Ind: 0.0000, Med: 0.5938, Spu: 0.0000, FD: 1.1881, FDAug: 0.5941, Var: 0.0000, Ctx: 6, MixCtx: 3, Train: 82.31%, Valid: 71.92%, Test In: 73.20% Test OOD1: 64.24% Test OOD2: 53.50% Test OOD3: 61.33% 
Epoch: 397, Loss: 3.4880, Cls: 1.1625, Ind: 0.0000, Med: 0.5814, Spu: 0.0000, FD: 1.1627, FDAug: 0.5814, Var: 0.0000, Ctx: 6, MixCtx: 3, Train: 81.99%, Valid: 72.19%, Test In: 73.39% Test OOD1: 65.09% Test OOD2: 53.58% Test OOD3: 61.97% 
Epoch: 398, Loss: 3.5438, Cls: 1.1811, Ind: 0.0000, Med: 0.5905, Spu: 0.0000, FD: 1.1815, FDAug: 0.5907, Var: 0.0000, Ctx: 6, MixCtx: 3, Train: 81.97%, Valid: 70.83%, Test In: 72.04% Test OOD1: 62.76% Test OOD2: 53.22% Test OOD3: 60.45% 
Epoch: 399, Loss: 3.5850, Cls: 1.1951, Ind: 0.0000, Med: 0.5979, Spu: 0.0000, FD: 1.1947, FDAug: 0.5973, Var: 0.0000, Ctx: 6, MixCtx: 3, Train: 81.76%, Valid: 72.20%, Test In: 73.62% Test OOD1: 64.07% Test OOD2: 53.64% Test OOD3: 61.83% 
Epoch: 400, Loss: 3.6320, Cls: 1.2105, Ind: 0.0000, Med: 0.6053, Spu: 0.0000, FD: 1.2108, FDAug: 0.6054, Var: 0.0000, Ctx: 6, MixCtx: 3, Train: 81.89%, Valid: 71.94%, Test In: 73.48% Test OOD1: 63.70% Test OOD2: 53.69% Test OOD3: 61.23% 
Epoch: 401, Loss: 3.5227, Cls: 1.1742, Ind: 0.0000, Med: 0.5873, Spu: 0.0000, FD: 1.1742, FDAug: 0.5871, Var: 0.0000, Ctx: 6, MixCtx: 3, Train: 81.67%, Valid: 71.52%, Test In: 72.92% Test OOD1: 63.19% Test OOD2: 53.61% Test OOD3: 60.45% 
Epoch: 402, Loss: 3.6500, Cls: 1.2159, Ind: 0.0000, Med: 0.6071, Spu: 0.0000, FD: 1.2181, FDAug: 0.6091, Var: 0.0000, Ctx: 6, MixCtx: 3, Train: 80.55%, Valid: 72.51%, Test In: 73.68% Test OOD1: 65.32% Test OOD2: 53.60% Test OOD3: 62.78% 
Epoch: 403, Loss: 3.7732, Cls: 1.2577, Ind: 0.0000, Med: 0.6291, Spu: 0.0000, FD: 1.2576, FDAug: 0.6288, Var: 0.0000, Ctx: 6, MixCtx: 3, Train: 79.79%, Valid: 70.69%, Test In: 71.72% Test OOD1: 63.22% Test OOD2: 53.23% Test OOD3: 61.79% 
Epoch: 404, Loss: 3.7290, Cls: 1.2426, Ind: 0.0000, Med: 0.6209, Spu: 0.0000, FD: 1.2436, FDAug: 0.6218, Var: 0.0000, Ctx: 6, MixCtx: 3, Train: 80.48%, Valid: 70.70%, Test In: 72.03% Test OOD1: 63.14% Test OOD2: 53.31% Test OOD3: 61.51% 
Epoch: 405, Loss: 3.7306, Cls: 1.2435, Ind: 0.0000, Med: 0.6218, Spu: 0.0000, FD: 1.2435, FDAug: 0.6218, Var: 0.0000, Ctx: 6, MixCtx: 3, Train: 81.24%, Valid: 72.47%, Test In: 74.11% Test OOD1: 65.63% Test OOD2: 53.93% Test OOD3: 62.61% 
Epoch: 406, Loss: 3.6354, Cls: 1.2116, Ind: 0.0000, Med: 0.6057, Spu: 0.0000, FD: 1.2121, FDAug: 0.6061, Var: 0.0000, Ctx: 6, MixCtx: 3, Train: 80.99%, Valid: 71.65%, Test In: 73.38% Test OOD1: 64.02% Test OOD2: 53.83% Test OOD3: 60.88% 
Epoch: 407, Loss: 3.6078, Cls: 1.2027, Ind: 0.0000, Med: 0.6017, Spu: 0.0000, FD: 1.2022, FDAug: 0.6011, Var: 0.0000, Ctx: 6, MixCtx: 3, Train: 81.08%, Valid: 71.01%, Test In: 72.56% Test OOD1: 62.66% Test OOD2: 53.58% Test OOD3: 60.18% 
Epoch: 408, Loss: 3.6016, Cls: 1.2006, Ind: 0.0000, Med: 0.6007, Spu: 0.0000, FD: 1.2001, FDAug: 0.6001, Var: 0.0000, Ctx: 6, MixCtx: 3, Train: 82.06%, Valid: 72.37%, Test In: 73.73% Test OOD1: 64.78% Test OOD2: 53.76% Test OOD3: 62.02% 
Epoch: 409, Loss: 3.5853, Cls: 1.1946, Ind: 0.0000, Med: 0.5967, Spu: 0.0000, FD: 1.1960, FDAug: 0.5980, Var: 0.0000, Ctx: 6, MixCtx: 3, Train: 82.22%, Valid: 72.19%, Test In: 73.23% Test OOD1: 64.97% Test OOD2: 53.60% Test OOD3: 62.21% 
Epoch: 410, Loss: 3.5296, Cls: 1.1760, Ind: 0.0000, Med: 0.5875, Spu: 0.0000, FD: 1.1774, FDAug: 0.5887, Var: 0.0000, Ctx: 6, MixCtx: 3, Train: 80.98%, Valid: 71.11%, Test In: 72.05% Test OOD1: 64.33% Test OOD2: 53.21% Test OOD3: 61.55% 
Epoch: 411, Loss: 3.6716, Cls: 1.2246, Ind: 0.0000, Med: 0.6139, Spu: 0.0000, FD: 1.2221, FDAug: 0.6110, Var: 0.0000, Ctx: 6, MixCtx: 3, Train: 81.70%, Valid: 72.51%, Test In: 73.57% Test OOD1: 65.59% Test OOD2: 53.69% Test OOD3: 62.82% 
Epoch: 412, Loss: 3.6180, Cls: 1.2056, Ind: 0.0000, Med: 0.6024, Spu: 0.0000, FD: 1.2066, FDAug: 0.6033, Var: 0.0000, Ctx: 6, MixCtx: 3, Train: 82.27%, Valid: 72.40%, Test In: 73.72% Test OOD1: 64.38% Test OOD2: 53.73% Test OOD3: 62.05% 
Epoch: 413, Loss: 3.5233, Cls: 1.1741, Ind: 0.0000, Med: 0.5867, Spu: 0.0000, FD: 1.1750, FDAug: 0.5875, Var: 0.0000, Ctx: 6, MixCtx: 3, Train: 82.01%, Valid: 71.37%, Test In: 72.82% Test OOD1: 62.30% Test OOD2: 53.66% Test OOD3: 60.46% 
Epoch: 414, Loss: 3.6103, Cls: 1.2033, Ind: 0.0000, Med: 0.6018, Spu: 0.0000, FD: 1.2035, FDAug: 0.6017, Var: 0.0000, Ctx: 6, MixCtx: 3, Train: 81.97%, Valid: 72.43%, Test In: 73.94% Test OOD1: 64.86% Test OOD2: 53.83% Test OOD3: 61.90% 
Epoch: 415, Loss: 3.5411, Cls: 1.1800, Ind: 0.0000, Med: 0.5898, Spu: 0.0000, FD: 1.1808, FDAug: 0.5904, Var: 0.0000, Ctx: 6, MixCtx: 3, Train: 82.20%, Valid: 72.33%, Test In: 73.75% Test OOD1: 64.83% Test OOD2: 53.65% Test OOD3: 61.79% 
Epoch: 416, Loss: 3.5108, Cls: 1.1701, Ind: 0.0000, Med: 0.5851, Spu: 0.0000, FD: 1.1704, FDAug: 0.5852, Var: 0.0000, Ctx: 6, MixCtx: 3, Train: 82.21%, Valid: 71.29%, Test In: 72.49% Test OOD1: 62.86% Test OOD2: 53.28% Test OOD3: 60.57% 
Epoch: 417, Loss: 3.5500, Cls: 1.1834, Ind: 0.0000, Med: 0.5920, Spu: 0.0000, FD: 1.1831, FDAug: 0.5915, Var: 0.0000, Ctx: 6, MixCtx: 3, Train: 82.58%, Valid: 71.83%, Test In: 72.94% Test OOD1: 64.04% Test OOD2: 53.31% Test OOD3: 61.41% 
Epoch: 418, Loss: 3.5042, Cls: 1.1681, Ind: 0.0000, Med: 0.5844, Spu: 0.0000, FD: 1.1678, FDAug: 0.5839, Var: 0.0000, Ctx: 6, MixCtx: 3, Train: 82.34%, Valid: 72.18%, Test In: 73.28% Test OOD1: 65.10% Test OOD2: 53.39% Test OOD3: 61.97% 
Epoch: 419, Loss: 3.5231, Cls: 1.1746, Ind: 0.0000, Med: 0.5879, Spu: 0.0000, FD: 1.1737, FDAug: 0.5869, Var: 0.0000, Ctx: 6, MixCtx: 3, Train: 81.89%, Valid: 71.54%, Test In: 72.60% Test OOD1: 64.18% Test OOD2: 53.22% Test OOD3: 61.11% 
Epoch: 420, Loss: 3.5323, Cls: 1.1771, Ind: 0.0000, Med: 0.5883, Spu: 0.0000, FD: 1.1779, FDAug: 0.5890, Var: 0.0000, Ctx: 6, MixCtx: 3, Train: 82.68%, Valid: 71.97%, Test In: 73.13% Test OOD1: 64.09% Test OOD2: 53.40% Test OOD3: 61.36% 
Epoch: 421, Loss: 3.4656, Cls: 1.1551, Ind: 0.0000, Med: 0.5777, Spu: 0.0000, FD: 1.1552, FDAug: 0.5776, Var: 0.0000, Ctx: 6, MixCtx: 3, Train: 82.56%, Valid: 72.10%, Test In: 73.45% Test OOD1: 63.76% Test OOD2: 53.53% Test OOD3: 61.42% 
Epoch: 422, Loss: 3.4850, Cls: 1.1616, Ind: 0.0000, Med: 0.5810, Spu: 0.0000, FD: 1.1616, FDAug: 0.5808, Var: 0.0000, Ctx: 6, MixCtx: 3, Train: 82.56%, Valid: 71.79%, Test In: 73.29% Test OOD1: 63.36% Test OOD2: 53.53% Test OOD3: 61.01% 
Epoch: 423, Loss: 3.4727, Cls: 1.1576, Ind: 0.0000, Med: 0.5791, Spu: 0.0000, FD: 1.1573, FDAug: 0.5786, Var: 0.0000, Ctx: 6, MixCtx: 3, Train: 82.53%, Valid: 71.91%, Test In: 73.41% Test OOD1: 63.86% Test OOD2: 53.61% Test OOD3: 61.22% 
Epoch: 424, Loss: 3.4797, Cls: 1.1599, Ind: 0.0000, Med: 0.5802, Spu: 0.0000, FD: 1.1597, FDAug: 0.5799, Var: 0.0000, Ctx: 6, MixCtx: 3, Train: 82.76%, Valid: 71.79%, Test In: 73.21% Test OOD1: 63.55% Test OOD2: 53.52% Test OOD3: 61.23% 
Epoch: 425, Loss: 3.4534, Cls: 1.1511, Ind: 0.0000, Med: 0.5758, Spu: 0.0000, FD: 1.1510, FDAug: 0.5755, Var: 0.0000, Ctx: 6, MixCtx: 3, Train: 82.76%, Valid: 71.10%, Test In: 72.22% Test OOD1: 62.59% Test OOD2: 53.28% Test OOD3: 60.60% 
Epoch: 426, Loss: 3.4576, Cls: 1.1526, Ind: 0.0000, Med: 0.5766, Spu: 0.0000, FD: 1.1523, FDAug: 0.5761, Var: 0.0000, Ctx: 6, MixCtx: 3, Train: 82.78%, Valid: 71.35%, Test In: 72.32% Test OOD1: 63.44% Test OOD2: 53.19% Test OOD3: 61.04% 
Epoch: 427, Loss: 3.4433, Cls: 1.1477, Ind: 0.0000, Med: 0.5740, Spu: 0.0000, FD: 1.1477, FDAug: 0.5739, Var: 0.0000, Ctx: 6, MixCtx: 3, Train: 82.71%, Valid: 71.52%, Test In: 72.36% Test OOD1: 63.94% Test OOD2: 53.18% Test OOD3: 61.27% 
Epoch: 428, Loss: 3.4553, Cls: 1.1515, Ind: 0.0000, Med: 0.5757, Spu: 0.0000, FD: 1.1520, FDAug: 0.5760, Var: 0.0000, Ctx: 6, MixCtx: 3, Train: 82.87%, Valid: 71.05%, Test In: 71.93% Test OOD1: 62.92% Test OOD2: 53.09% Test OOD3: 60.59% 
Epoch: 429, Loss: 3.4372, Cls: 1.1457, Ind: 0.0000, Med: 0.5733, Spu: 0.0000, FD: 1.1455, FDAug: 0.5727, Var: 0.0000, Ctx: 6, MixCtx: 3, Train: 82.95%, Valid: 71.45%, Test In: 72.62% Test OOD1: 63.05% Test OOD2: 53.32% Test OOD3: 60.90% 
Epoch: 430, Loss: 3.4342, Cls: 1.1449, Ind: 0.0000, Med: 0.5730, Spu: 0.0000, FD: 1.1442, FDAug: 0.5721, Var: 0.0000, Ctx: 6, MixCtx: 3, Train: 82.91%, Valid: 71.46%, Test In: 72.78% Test OOD1: 63.21% Test OOD2: 53.46% Test OOD3: 60.89% 
Epoch: 431, Loss: 3.4326, Cls: 1.1439, Ind: 0.0000, Med: 0.5720, Spu: 0.0000, FD: 1.1445, FDAug: 0.5722, Var: 0.0000, Ctx: 6, MixCtx: 3, Train: 83.03%, Valid: 71.32%, Test In: 72.61% Test OOD1: 63.13% Test OOD2: 53.41% Test OOD3: 60.82% 
Epoch: 432, Loss: 3.4299, Cls: 1.1429, Ind: 0.0000, Med: 0.5714, Spu: 0.0000, FD: 1.1438, FDAug: 0.5719, Var: 0.0000, Ctx: 6, MixCtx: 3, Train: 83.03%, Valid: 71.33%, Test In: 72.53% Test OOD1: 63.17% Test OOD2: 53.41% Test OOD3: 61.10% 
Epoch: 433, Loss: 3.4295, Cls: 1.1431, Ind: 0.0000, Med: 0.5718, Spu: 0.0000, FD: 1.1431, FDAug: 0.5715, Var: 0.0000, Ctx: 6, MixCtx: 3, Train: 82.96%, Valid: 70.59%, Test In: 71.47% Test OOD1: 62.53% Test OOD2: 53.13% Test OOD3: 60.40% 
Epoch: 434, Loss: 3.4295, Cls: 1.1431, Ind: 0.0000, Med: 0.5720, Spu: 0.0000, FD: 1.1430, FDAug: 0.5715, Var: 0.0000, Ctx: 6, MixCtx: 3, Train: 83.08%, Valid: 71.25%, Test In: 72.25% Test OOD1: 63.47% Test OOD2: 53.38% Test OOD3: 61.02% 
Epoch: 435, Loss: 3.4371, Cls: 1.1454, Ind: 0.0000, Med: 0.5726, Spu: 0.0000, FD: 1.1461, FDAug: 0.5731, Var: 0.0000, Ctx: 6, MixCtx: 3, Train: 82.90%, Valid: 70.28%, Test In: 71.12% Test OOD1: 62.02% Test OOD2: 53.08% Test OOD3: 59.85% 
Epoch: 436, Loss: 3.4395, Cls: 1.1464, Ind: 0.0000, Med: 0.5737, Spu: 0.0000, FD: 1.1462, FDAug: 0.5731, Var: 0.0000, Ctx: 6, MixCtx: 3, Train: 82.86%, Valid: 71.45%, Test In: 72.67% Test OOD1: 63.17% Test OOD2: 53.54% Test OOD3: 61.18% 
Epoch: 437, Loss: 3.5002, Cls: 1.1665, Ind: 0.0000, Med: 0.5832, Spu: 0.0000, FD: 1.1669, FDAug: 0.5835, Var: 0.0000, Ctx: 6, MixCtx: 3, Train: 82.94%, Valid: 70.38%, Test In: 71.65% Test OOD1: 62.07% Test OOD2: 53.15% Test OOD3: 59.94% 
Epoch: 438, Loss: 3.4879, Cls: 1.1626, Ind: 0.0000, Med: 0.5817, Spu: 0.0000, FD: 1.1624, FDAug: 0.5812, Var: 0.0000, Ctx: 6, MixCtx: 3, Train: 82.58%, Valid: 71.79%, Test In: 73.15% Test OOD1: 64.21% Test OOD2: 53.81% Test OOD3: 61.72% 
Epoch: 439, Loss: 3.5001, Cls: 1.1667, Ind: 0.0000, Med: 0.5838, Spu: 0.0000, FD: 1.1664, FDAug: 0.5832, Var: 0.0000, Ctx: 6, MixCtx: 3, Train: 83.14%, Valid: 70.83%, Test In: 71.97% Test OOD1: 62.49% Test OOD2: 53.34% Test OOD3: 60.38% 
Epoch: 440, Loss: 3.4522, Cls: 1.1504, Ind: 0.0000, Med: 0.5750, Spu: 0.0000, FD: 1.1513, FDAug: 0.5756, Var: 0.0000, Ctx: 6, MixCtx: 3, Train: 83.33%, Valid: 71.27%, Test In: 72.21% Test OOD1: 63.31% Test OOD2: 53.32% Test OOD3: 60.75% 
Epoch: 441, Loss: 3.3928, Cls: 1.1308, Ind: 0.0000, Med: 0.5655, Spu: 0.0000, FD: 1.1310, FDAug: 0.5655, Var: 0.0000, Ctx: 6, MixCtx: 3, Train: 83.09%, Valid: 71.52%, Test In: 72.33% Test OOD1: 63.93% Test OOD2: 53.39% Test OOD3: 61.14% 
Epoch: 442, Loss: 3.4374, Cls: 1.1455, Ind: 0.0000, Med: 0.5727, Spu: 0.0000, FD: 1.1461, FDAug: 0.5731, Var: 0.0000, Ctx: 6, MixCtx: 3, Train: 82.77%, Valid: 69.97%, Test In: 70.74% Test OOD1: 61.81% Test OOD2: 52.88% Test OOD3: 59.54% 
Epoch: 443, Loss: 3.4734, Cls: 1.1581, Ind: 0.0000, Med: 0.5799, Spu: 0.0000, FD: 1.1570, FDAug: 0.5784, Var: 0.0000, Ctx: 6, MixCtx: 3, Train: 82.84%, Valid: 71.26%, Test In: 72.70% Test OOD1: 63.09% Test OOD2: 53.52% Test OOD3: 61.17% 
Epoch: 444, Loss: 3.5584, Cls: 1.1859, Ind: 0.0000, Med: 0.5928, Spu: 0.0000, FD: 1.1864, FDAug: 0.5933, Var: 0.0000, Ctx: 6, MixCtx: 3, Train: 82.85%, Valid: 70.62%, Test In: 72.17% Test OOD1: 62.45% Test OOD2: 53.47% Test OOD3: 60.44% 
Epoch: 445, Loss: 3.4304, Cls: 1.1434, Ind: 0.0000, Med: 0.5719, Spu: 0.0000, FD: 1.1434, FDAug: 0.5717, Var: 0.0000, Ctx: 6, MixCtx: 3, Train: 83.19%, Valid: 70.98%, Test In: 72.20% Test OOD1: 63.06% Test OOD2: 53.33% Test OOD3: 60.33% 
Epoch: 446, Loss: 3.4738, Cls: 1.1578, Ind: 0.0000, Med: 0.5790, Spu: 0.0000, FD: 1.1580, FDAug: 0.5790, Var: 0.0000, Ctx: 6, MixCtx: 3, Train: 81.86%, Valid: 71.82%, Test In: 73.15% Test OOD1: 63.96% Test OOD2: 53.39% Test OOD3: 61.94% 
Epoch: 447, Loss: 3.6368, Cls: 1.2121, Ind: 0.0000, Med: 0.6061, Spu: 0.0000, FD: 1.2124, FDAug: 0.6063, Var: 0.0000, Ctx: 6, MixCtx: 3, Train: 82.19%, Valid: 70.93%, Test In: 72.20% Test OOD1: 62.26% Test OOD2: 53.23% Test OOD3: 60.79% 
Epoch: 448, Loss: 3.5462, Cls: 1.1818, Ind: 0.0000, Med: 0.5907, Spu: 0.0000, FD: 1.1825, FDAug: 0.5912, Var: 0.0000, Ctx: 6, MixCtx: 3, Train: 82.93%, Valid: 70.43%, Test In: 71.64% Test OOD1: 62.18% Test OOD2: 53.03% Test OOD3: 59.84% 
Epoch: 449, Loss: 3.5519, Cls: 1.1840, Ind: 0.0000, Med: 0.5923, Spu: 0.0000, FD: 1.1837, FDAug: 0.5918, Var: 0.0000, Ctx: 6, MixCtx: 3, Train: 81.79%, Valid: 72.06%, Test In: 73.21% Test OOD1: 65.39% Test OOD2: 53.86% Test OOD3: 62.21% 
Epoch: 450, Loss: 3.7341, Cls: 1.2449, Ind: 0.0000, Med: 0.6232, Spu: 0.0000, FD: 1.2439, FDAug: 0.6222, Var: 0.0000, Ctx: 6, MixCtx: 3, Train: 82.21%, Valid: 70.04%, Test In: 71.27% Test OOD1: 61.84% Test OOD2: 53.25% Test OOD3: 60.02% 
Epoch: 451, Loss: 3.5443, Cls: 1.1811, Ind: 0.0000, Med: 0.5903, Spu: 0.0000, FD: 1.1820, FDAug: 0.5909, Var: 0.0000, Ctx: 6, MixCtx: 3, Train: 82.69%, Valid: 69.93%, Test In: 70.97% Test OOD1: 61.51% Test OOD2: 53.15% Test OOD3: 60.04% 
Epoch: 452, Loss: 3.5728, Cls: 1.1904, Ind: 0.0000, Med: 0.5945, Spu: 0.0000, FD: 1.1920, FDAug: 0.5959, Var: 0.0000, Ctx: 6, MixCtx: 3, Train: 83.38%, Valid: 71.23%, Test In: 72.32% Test OOD1: 64.03% Test OOD2: 53.25% Test OOD3: 61.47% 
Epoch: 453, Loss: 3.4505, Cls: 1.1494, Ind: 0.0000, Med: 0.5739, Spu: 0.0000, FD: 1.1514, FDAug: 0.5757, Var: 0.0000, Ctx: 6, MixCtx: 3, Train: 81.86%, Valid: 71.20%, Test In: 72.18% Test OOD1: 64.99% Test OOD2: 53.35% Test OOD3: 61.79% 
Epoch: 454, Loss: 3.5671, Cls: 1.1894, Ind: 0.0000, Med: 0.5958, Spu: 0.0000, FD: 1.1879, FDAug: 0.5940, Var: 0.0000, Ctx: 6, MixCtx: 3, Train: 83.05%, Valid: 71.02%, Test In: 72.16% Test OOD1: 63.79% Test OOD2: 53.23% Test OOD3: 60.95% 
Epoch: 455, Loss: 3.4159, Cls: 1.1387, Ind: 0.0000, Med: 0.5700, Spu: 0.0000, FD: 1.1381, FDAug: 0.5690, Var: 0.0000, Ctx: 6, MixCtx: 3, Train: 83.01%, Valid: 70.82%, Test In: 72.24% Test OOD1: 61.91% Test OOD2: 53.54% Test OOD3: 60.45% 
Epoch: 456, Loss: 3.4684, Cls: 1.1556, Ind: 0.0000, Med: 0.5772, Spu: 0.0000, FD: 1.1571, FDAug: 0.5785, Var: 0.0000, Ctx: 6, MixCtx: 3, Train: 82.33%, Valid: 70.76%, Test In: 72.22% Test OOD1: 61.54% Test OOD2: 53.67% Test OOD3: 60.32% 
Epoch: 457, Loss: 3.5075, Cls: 1.1687, Ind: 0.0000, Med: 0.5839, Spu: 0.0000, FD: 1.1700, FDAug: 0.5850, Var: 0.0000, Ctx: 6, MixCtx: 3, Train: 82.91%, Valid: 71.52%, Test In: 72.96% Test OOD1: 63.18% Test OOD2: 53.73% Test OOD3: 61.02% 
Epoch: 458, Loss: 3.4349, Cls: 1.1448, Ind: 0.0000, Med: 0.5724, Spu: 0.0000, FD: 1.1451, FDAug: 0.5726, Var: 0.0000, Ctx: 6, MixCtx: 3, Train: 83.24%, Valid: 71.93%, Test In: 73.08% Test OOD1: 64.34% Test OOD2: 53.65% Test OOD3: 61.37% 
Epoch: 459, Loss: 3.4284, Cls: 1.1425, Ind: 0.0000, Med: 0.5713, Spu: 0.0000, FD: 1.1430, FDAug: 0.5716, Var: 0.0000, Ctx: 6, MixCtx: 3, Train: 83.04%, Valid: 71.37%, Test In: 72.51% Test OOD1: 63.93% Test OOD2: 53.29% Test OOD3: 61.20% 
Epoch: 460, Loss: 3.4270, Cls: 1.1421, Ind: 0.0000, Med: 0.5710, Spu: 0.0000, FD: 1.1426, FDAug: 0.5713, Var: 0.0000, Ctx: 6, MixCtx: 3, Train: 83.16%, Valid: 71.41%, Test In: 72.49% Test OOD1: 63.88% Test OOD2: 53.26% Test OOD3: 61.34% 
Epoch: 461, Loss: 3.4351, Cls: 1.1449, Ind: 0.0000, Med: 0.5727, Spu: 0.0000, FD: 1.1450, FDAug: 0.5725, Var: 0.0000, Ctx: 6, MixCtx: 3, Train: 83.65%, Valid: 71.07%, Test In: 72.19% Test OOD1: 63.54% Test OOD2: 53.21% Test OOD3: 60.78% 
Epoch: 462, Loss: 3.3861, Cls: 1.1287, Ind: 0.0000, Med: 0.5647, Spu: 0.0000, FD: 1.1285, FDAug: 0.5642, Var: 0.0000, Ctx: 6, MixCtx: 3, Train: 82.85%, Valid: 70.74%, Test In: 71.92% Test OOD1: 63.42% Test OOD2: 53.24% Test OOD3: 60.42% 
Epoch: 463, Loss: 3.4451, Cls: 1.1480, Ind: 0.0000, Med: 0.5739, Spu: 0.0000, FD: 1.1488, FDAug: 0.5744, Var: 0.0000, Ctx: 6, MixCtx: 3, Train: 83.39%, Valid: 71.53%, Test In: 72.97% Test OOD1: 64.35% Test OOD2: 53.49% Test OOD3: 61.39% 
Epoch: 464, Loss: 3.4615, Cls: 1.1538, Ind: 0.0000, Med: 0.5773, Spu: 0.0000, FD: 1.1536, FDAug: 0.5768, Var: 0.0000, Ctx: 6, MixCtx: 3, Train: 83.45%, Valid: 70.35%, Test In: 71.75% Test OOD1: 61.83% Test OOD2: 53.17% Test OOD3: 59.87% 
Epoch: 465, Loss: 3.4018, Cls: 1.1341, Ind: 0.0000, Med: 0.5676, Spu: 0.0000, FD: 1.1334, FDAug: 0.5666, Var: 0.0000, Ctx: 6, MixCtx: 3, Train: 83.65%, Valid: 70.50%, Test In: 71.94% Test OOD1: 62.18% Test OOD2: 53.29% Test OOD3: 60.16% 
Epoch: 466, Loss: 3.3749, Cls: 1.1251, Ind: 0.0000, Med: 0.5631, Spu: 0.0000, FD: 1.1245, FDAug: 0.5622, Var: 0.0000, Ctx: 6, MixCtx: 3, Train: 83.42%, Valid: 71.59%, Test In: 72.87% Test OOD1: 64.01% Test OOD2: 53.76% Test OOD3: 61.55% 
Epoch: 467, Loss: 3.4497, Cls: 1.1496, Ind: 0.0000, Med: 0.5747, Spu: 0.0000, FD: 1.1503, FDAug: 0.5752, Var: 0.0000, Ctx: 6, MixCtx: 3, Train: 83.25%, Valid: 70.01%, Test In: 71.28% Test OOD1: 61.79% Test OOD2: 53.30% Test OOD3: 59.95% 
Epoch: 468, Loss: 3.4478, Cls: 1.1493, Ind: 0.0000, Med: 0.5752, Spu: 0.0000, FD: 1.1489, FDAug: 0.5744, Var: 0.0000, Ctx: 6, MixCtx: 3, Train: 83.62%, Valid: 70.85%, Test In: 72.17% Test OOD1: 62.40% Test OOD2: 53.54% Test OOD3: 60.97% 
Epoch: 469, Loss: 3.4333, Cls: 1.1441, Ind: 0.0000, Med: 0.5719, Spu: 0.0000, FD: 1.1448, FDAug: 0.5724, Var: 0.0000, Ctx: 6, MixCtx: 3, Train: 83.97%, Valid: 70.52%, Test In: 71.84% Test OOD1: 62.28% Test OOD2: 53.44% Test OOD3: 60.58% 
Epoch: 470, Loss: 3.3515, Cls: 1.1170, Ind: 0.0000, Med: 0.5588, Spu: 0.0000, FD: 1.1172, FDAug: 0.5585, Var: 0.0000, Ctx: 6, MixCtx: 3, Train: 83.24%, Valid: 69.75%, Test In: 71.00% Test OOD1: 61.88% Test OOD2: 53.13% Test OOD3: 59.39% 
Epoch: 471, Loss: 3.5469, Cls: 1.1831, Ind: 0.0000, Med: 0.5936, Spu: 0.0000, FD: 1.1801, FDAug: 0.5901, Var: 0.0000, Ctx: 6, MixCtx: 3, Train: 81.49%, Valid: 71.49%, Test In: 72.63% Test OOD1: 63.58% Test OOD2: 53.77% Test OOD3: 62.00% 
Epoch: 472, Loss: 3.8838, Cls: 1.2947, Ind: 0.0000, Med: 0.6480, Spu: 0.0000, FD: 1.2939, FDAug: 0.6472, Var: 0.0000, Ctx: 6, MixCtx: 3, Train: 81.40%, Valid: 70.50%, Test In: 71.47% Test OOD1: 60.51% Test OOD2: 53.31% Test OOD3: 60.35% 
Epoch: 473, Loss: 3.7037, Cls: 1.2344, Ind: 0.0000, Med: 0.6170, Spu: 0.0000, FD: 1.2350, FDAug: 0.6174, Var: 0.0000, Ctx: 6, MixCtx: 3, Train: 80.88%, Valid: 69.40%, Test In: 70.40% Test OOD1: 59.92% Test OOD2: 53.46% Test OOD3: 59.62% 
Epoch: 474, Loss: 3.9342, Cls: 1.3098, Ind: 0.0000, Med: 0.6528, Spu: 0.0000, FD: 1.3145, FDAug: 0.6571, Var: 0.0000, Ctx: 6, MixCtx: 3, Train: 82.58%, Valid: 71.51%, Test In: 72.60% Test OOD1: 63.20% Test OOD2: 53.79% Test OOD3: 61.00% 
Epoch: 475, Loss: 3.5410, Cls: 1.1801, Ind: 0.0000, Med: 0.5899, Spu: 0.0000, FD: 1.1808, FDAug: 0.5903, Var: 0.0000, Ctx: 6, MixCtx: 3, Train: 80.92%, Valid: 72.34%, Test In: 73.08% Test OOD1: 65.80% Test OOD2: 54.07% Test OOD3: 62.43% 
Epoch: 476, Loss: 3.8516, Cls: 1.2843, Ind: 0.0000, Med: 0.6433, Spu: 0.0000, FD: 1.2825, FDAug: 0.6415, Var: 0.0000, Ctx: 6, MixCtx: 3, Train: 82.34%, Valid: 71.47%, Test In: 72.21% Test OOD1: 63.49% Test OOD2: 53.58% Test OOD3: 60.44% 
Epoch: 477, Loss: 3.5219, Cls: 1.1735, Ind: 0.0000, Med: 0.5865, Spu: 0.0000, FD: 1.1746, FDAug: 0.5873, Var: 0.0000, Ctx: 6, MixCtx: 3, Train: 82.05%, Valid: 71.07%, Test In: 71.94% Test OOD1: 62.13% Test OOD2: 53.35% Test OOD3: 60.19% 
Epoch: 478, Loss: 3.5783, Cls: 1.1928, Ind: 0.0000, Med: 0.5966, Spu: 0.0000, FD: 1.1927, FDAug: 0.5962, Var: 0.0000, Ctx: 6, MixCtx: 3, Train: 82.36%, Valid: 71.96%, Test In: 73.17% Test OOD1: 63.63% Test OOD2: 53.58% Test OOD3: 61.53% 
Epoch: 479, Loss: 3.5898, Cls: 1.1958, Ind: 0.0000, Med: 0.5969, Spu: 0.0000, FD: 1.1981, FDAug: 0.5990, Var: 0.0000, Ctx: 6, MixCtx: 3, Train: 82.45%, Valid: 72.17%, Test In: 73.64% Test OOD1: 64.52% Test OOD2: 53.72% Test OOD3: 62.08% 
Epoch: 480, Loss: 3.5801, Cls: 1.1923, Ind: 0.0000, Med: 0.5948, Spu: 0.0000, FD: 1.1954, FDAug: 0.5977, Var: 0.0000, Ctx: 6, MixCtx: 3, Train: 82.88%, Valid: 71.77%, Test In: 73.31% Test OOD1: 64.39% Test OOD2: 53.94% Test OOD3: 61.45% 
Epoch: 481, Loss: 3.4324, Cls: 1.1440, Ind: 0.0000, Med: 0.5722, Spu: 0.0000, FD: 1.1441, FDAug: 0.5720, Var: 0.0000, Ctx: 6, MixCtx: 3, Train: 82.36%, Valid: 70.93%, Test In: 72.43% Test OOD1: 63.51% Test OOD2: 53.73% Test OOD3: 60.49% 
Epoch: 482, Loss: 3.6228, Cls: 1.2093, Ind: 0.0000, Med: 0.6078, Spu: 0.0000, FD: 1.2038, FDAug: 0.6019, Var: 0.0000, Ctx: 6, MixCtx: 3, Train: 82.98%, Valid: 71.87%, Test In: 73.36% Test OOD1: 65.09% Test OOD2: 53.71% Test OOD3: 62.14% 
Epoch: 483, Loss: 3.4646, Cls: 1.1542, Ind: 0.0000, Med: 0.5767, Spu: 0.0000, FD: 1.1557, FDAug: 0.5780, Var: 0.0000, Ctx: 6, MixCtx: 3, Train: 83.10%, Valid: 71.49%, Test In: 72.87% Test OOD1: 64.42% Test OOD2: 53.36% Test OOD3: 62.05% 
Epoch: 484, Loss: 3.4849, Cls: 1.1605, Ind: 0.0000, Med: 0.5790, Spu: 0.0000, FD: 1.1635, FDAug: 0.5818, Var: 0.0000, Ctx: 6, MixCtx: 3, Train: 82.77%, Valid: 70.33%, Test In: 71.53% Test OOD1: 62.77% Test OOD2: 53.14% Test OOD3: 60.90% 
Epoch: 485, Loss: 3.4801, Cls: 1.1601, Ind: 0.0000, Med: 0.5804, Spu: 0.0000, FD: 1.1598, FDAug: 0.5798, Var: 0.0000, Ctx: 6, MixCtx: 3, Train: 82.73%, Valid: 70.01%, Test In: 71.17% Test OOD1: 62.35% Test OOD2: 53.07% Test OOD3: 60.34% 
Epoch: 486, Loss: 3.4799, Cls: 1.1603, Ind: 0.0000, Med: 0.5809, Spu: 0.0000, FD: 1.1592, FDAug: 0.5795, Var: 0.0000, Ctx: 6, MixCtx: 3, Train: 83.47%, Valid: 71.35%, Test In: 72.71% Test OOD1: 64.26% Test OOD2: 53.34% Test OOD3: 61.46% 
Epoch: 487, Loss: 3.4296, Cls: 1.1430, Ind: 0.0000, Med: 0.5716, Spu: 0.0000, FD: 1.1433, FDAug: 0.5717, Var: 0.0000, Ctx: 6, MixCtx: 3, Train: 83.26%, Valid: 71.39%, Test In: 72.75% Test OOD1: 64.31% Test OOD2: 53.41% Test OOD3: 61.24% 
Epoch: 488, Loss: 3.4349, Cls: 1.1449, Ind: 0.0000, Med: 0.5728, Spu: 0.0000, FD: 1.1447, FDAug: 0.5725, Var: 0.0000, Ctx: 6, MixCtx: 3, Train: 83.13%, Valid: 70.25%, Test In: 71.72% Test OOD1: 62.22% Test OOD2: 53.22% Test OOD3: 59.75% 
Epoch: 489, Loss: 3.4652, Cls: 1.1543, Ind: 0.0000, Med: 0.5766, Spu: 0.0000, FD: 1.1562, FDAug: 0.5780, Var: 0.0000, Ctx: 6, MixCtx: 3, Train: 83.65%, Valid: 71.31%, Test In: 72.96% Test OOD1: 63.40% Test OOD2: 53.68% Test OOD3: 61.15% 
Epoch: 490, Loss: 3.3894, Cls: 1.1301, Ind: 0.0000, Med: 0.5660, Spu: 0.0000, FD: 1.1289, FDAug: 0.5644, Var: 0.0000, Ctx: 6, MixCtx: 3, Train: 83.17%, Valid: 71.37%, Test In: 73.17% Test OOD1: 63.75% Test OOD2: 53.74% Test OOD3: 61.74% 
Epoch: 491, Loss: 3.4457, Cls: 1.1491, Ind: 0.0000, Med: 0.5757, Spu: 0.0000, FD: 1.1473, FDAug: 0.5737, Var: 0.0000, Ctx: 6, MixCtx: 3, Train: 83.34%, Valid: 70.90%, Test In: 72.65% Test OOD1: 63.30% Test OOD2: 53.65% Test OOD3: 61.29% 
Epoch: 492, Loss: 3.4039, Cls: 1.1345, Ind: 0.0000, Med: 0.5673, Spu: 0.0000, FD: 1.1348, FDAug: 0.5673, Var: 0.0000, Ctx: 6, MixCtx: 3, Train: 83.67%, Valid: 70.79%, Test In: 72.37% Test OOD1: 63.02% Test OOD2: 53.64% Test OOD3: 60.74% 
Epoch: 493, Loss: 3.3885, Cls: 1.1290, Ind: 0.0000, Med: 0.5641, Spu: 0.0000, FD: 1.1303, FDAug: 0.5651, Var: 0.0000, Ctx: 6, MixCtx: 3, Train: 83.89%, Valid: 71.16%, Test In: 72.48% Test OOD1: 63.44% Test OOD2: 53.78% Test OOD3: 60.85% 
Epoch: 494, Loss: 3.3476, Cls: 1.1159, Ind: 0.0000, Med: 0.5584, Spu: 0.0000, FD: 1.1155, FDAug: 0.5578, Var: 0.0000, Ctx: 6, MixCtx: 3, Train: 83.78%, Valid: 70.66%, Test In: 71.88% Test OOD1: 62.53% Test OOD2: 53.52% Test OOD3: 60.14% 
Epoch: 495, Loss: 3.3500, Cls: 1.1169, Ind: 0.0000, Med: 0.5591, Spu: 0.0000, FD: 1.1160, FDAug: 0.5580, Var: 0.0000, Ctx: 6, MixCtx: 3, Train: 83.40%, Valid: 69.93%, Test In: 70.96% Test OOD1: 61.25% Test OOD2: 53.22% Test OOD3: 59.42% 
Epoch: 496, Loss: 3.3748, Cls: 1.1251, Ind: 0.0000, Med: 0.5631, Spu: 0.0000, FD: 1.1244, FDAug: 0.5622, Var: 0.0000, Ctx: 6, MixCtx: 3, Train: 83.95%, Valid: 70.34%, Test In: 71.44% Test OOD1: 62.03% Test OOD2: 53.29% Test OOD3: 59.95% 
Epoch: 497, Loss: 3.3480, Cls: 1.1161, Ind: 0.0000, Med: 0.5586, Spu: 0.0000, FD: 1.1155, FDAug: 0.5578, Var: 0.0000, Ctx: 6, MixCtx: 3, Train: 84.25%, Valid: 70.53%, Test In: 71.68% Test OOD1: 62.98% Test OOD2: 53.28% Test OOD3: 60.35% 
Epoch: 498, Loss: 3.3070, Cls: 1.1024, Ind: 0.0000, Med: 0.5517, Spu: 0.0000, FD: 1.1019, FDAug: 0.5510, Var: 0.0000, Ctx: 6, MixCtx: 3, Train: 84.06%, Valid: 70.49%, Test In: 71.76% Test OOD1: 63.22% Test OOD2: 53.31% Test OOD3: 60.34% 
Epoch: 499, Loss: 3.3382, Cls: 1.1129, Ind: 0.0000, Med: 0.5573, Spu: 0.0000, FD: 1.1120, FDAug: 0.5560, Var: 0.0000, Ctx: 6, MixCtx: 3, Train: 84.15%, Valid: 70.62%, Test In: 72.20% Test OOD1: 63.02% Test OOD2: 53.57% Test OOD3: 60.61% 
Run 02:
Highest Train: 84.25
Highest Valid: 73.60
Highest In Test: 74.92
Highest OOD Test: 68.18
Highest OOD Test: 54.78
Highest OOD Test: 64.11
Chosen epoch: 256
Final Train: 78.54
Final In Test: 74.66
Final OOD Test: 66.99
Final OOD Test: 54.45
Final OOD Test: 63.49
All runs:
Highest Train: 84.34 ± 0.12
Highest Valid: 73.47 ± 0.18
Highest In Test: 74.86 ± 0.09
Highest OOD Test: 68.20 ± 0.02
Highest OOD Test: 54.65 ± 0.19
Highest OOD Test: 64.23 ± 0.17
  Final Train: 78.45 ± 0.13
   Final In  Test: 74.73 ± 0.09
   Final OOD Test: 67.42 ± 0.60
   Final OOD Test: 54.25 ± 0.28
   Final OOD Test: 63.85 ± 0.52
[INFO] TensorBoard writer closed.

Command: python main_frontdoor.py --dataset twitch --backbone_type gcn --store_result --epochs 500 --runs 2 --num_layers 2 --device 1 --seed 2024 --lr 0.01 --weight_decay 0.0001 --dropout 0.0 --hidden_channels 32 --K 3 --lambda_fd 1.0 --lambda_spu 0.05 --lambda_ind 0.05 --context_gate_temp 0.5 --fd_blend 0.5 --pos_weight 7.0 --result_name twitch_gcn_frontdoor_stage2_lr0.01_weight_decay0.0001_dropout0.0_hidden_channels32_K3_lambda_fd1.0_lambda_spu0.05_lambda_ind0.05_context_gate_temp0.5_fd_blend0.5_pos_weight7.0
Return code: 0
Elapsed: 220.70s
