Namespace(K=3, backbone_type='gcn', combine_result=False, context_gate_temp=1.0, cpu=False, data_dir='./data/', dataset='twitch', device=1, display_step=1, dropout=0.0, env_type='node', epochs=500, expert_agg='mean', fd_blend=0.5, gamma=0.99, gate_hidden=64, hidden_channels=32, infer_env=False, infer_env_components=64, infer_env_iters=30, infer_env_num=3, lambda_fd=1.0, lambda_fd_aug=0.5, lambda_ind=0.05, lambda_med=0.5, lambda_spu=0.05, lambda_var=0.05, lamda=1.0, lr=0.01, num_layers=2, other_env_reduce='sample', pos_weight=5.0, proto_aug_k=3, proto_mix_alpha=1.0, result_name='twitch_gcn_frontdoor_stage2_lr0.01_weight_decay0.0001_dropout0.0_hidden_channels32_K3_lambda_fd1.0_lambda_spu0.05_lambda_ind0.05_context_gate_temp1.0_fd_blend0.5_pos_weight5.0', runs=2, seed=2024, store_result=True, tau=1, use_bn=False, variant=False, weight_decay=0.0001)
dataset twitch: all nodes 34120 | edges 892346 | classes 2 | feats 128
train nodes 7897 | valid nodes 3949 | test in nodes 3949
test ood1 nodes 4648 test ood2 nodes 6551 test ood3 nodes 7126 
[INFO] env numbers: 6 train env numbers: 3
MODEL: GraphFrontDoor(
  (act_fn): ReLU()
  (input_proj): Linear(in_features=128, out_features=32, bias=True)
  (backbone_layers): ModuleList(
    (0): FrontDoorBackboneLayer()
    (1): FrontDoorBackboneLayer()
  )
  (causal_adapter): Linear(in_features=32, out_features=32, bias=True)
  (spurious_adapter): Linear(in_features=32, out_features=32, bias=True)
  (causal_norm): LayerNorm((32,), eps=1e-05, elementwise_affine=True)
  (spurious_norm): LayerNorm((32,), eps=1e-05, elementwise_affine=True)
  (classifier): Linear(in_features=32, out_features=2, bias=True)
  (spurious_classifier): Linear(in_features=32, out_features=2, bias=True)
  (fd_classifier): Linear(in_features=32, out_features=2, bias=True)
  (query_proj): Linear(in_features=32, out_features=32, bias=True)
  (key_proj): Linear(in_features=32, out_features=32, bias=True)
  (value_proj): Linear(in_features=32, out_features=32, bias=True)
  (aug_norm): LayerNorm((32,), eps=1e-05, elementwise_affine=True)
)
[INFO] TensorBoard logging activated. Logs will be saved to: ./runs/twitch/frontdoor/twitch_gcn_frontdoor_stage2_lr0.01_weight_decay0.0001_dropout0.0_hidden_channels32_K3_lambda_fd1.0_lambda_spu0.05_lambda_ind0.05_context_gate_temp1.0_fd_blend0.5_pos_weight5.0
Epoch: 00, Loss: 5.4773, Cls: 1.7396, Ind: 0.0006, Med: 0.7920, Spu: 0.0057, FD: 1.9607, FDAug: 0.9785, Var: 0.0000, Ctx: 6, MixCtx: 3, Train: 43.01%, Valid: 43.06%, Test In: 44.14% Test OOD1: 39.55% Test OOD2: 48.99% Test OOD3: 42.98% 
Epoch: 01, Loss: 4.0854, Cls: 1.3612, Ind: 0.0006, Med: 0.6953, Spu: 0.0016, FD: 1.3513, FDAug: 0.6755, Var: 0.0000, Ctx: 6, MixCtx: 3, Train: 43.07%, Valid: 42.90%, Test In: 44.03% Test OOD1: 39.45% Test OOD2: 49.08% Test OOD3: 42.89% 
Epoch: 02, Loss: 4.1753, Cls: 1.3722, Ind: 0.0004, Med: 0.6779, Spu: 0.0010, FD: 1.4177, FDAug: 0.7060, Var: 0.0000, Ctx: 6, MixCtx: 3, Train: 42.89%, Valid: 42.70%, Test In: 43.69% Test OOD1: 39.03% Test OOD2: 48.91% Test OOD3: 42.59% 
Epoch: 03, Loss: 4.1983, Cls: 1.3844, Ind: 0.0002, Med: 0.6814, Spu: 0.0002, FD: 1.4225, FDAug: 0.7098, Var: 0.0000, Ctx: 6, MixCtx: 3, Train: 42.75%, Valid: 42.82%, Test In: 43.73% Test OOD1: 38.83% Test OOD2: 48.79% Test OOD3: 42.49% 
Epoch: 04, Loss: 4.1580, Cls: 1.3788, Ind: 0.0001, Med: 0.6845, Spu: 0.0010, FD: 1.3956, FDAug: 0.6980, Var: 0.0000, Ctx: 6, MixCtx: 3, Train: 43.09%, Valid: 43.25%, Test In: 44.04% Test OOD1: 38.74% Test OOD2: 48.57% Test OOD3: 42.35% 
Epoch: 05, Loss: 4.1015, Cls: 1.3657, Ind: 0.0001, Med: 0.6844, Spu: 0.0003, FD: 1.3671, FDAug: 0.6839, Var: 0.0000, Ctx: 6, MixCtx: 3, Train: 44.92%, Valid: 44.68%, Test In: 46.31% Test OOD1: 39.47% Test OOD2: 47.96% Test OOD3: 42.93% 
Epoch: 06, Loss: 4.0643, Cls: 1.3541, Ind: 0.0001, Med: 0.6816, Spu: 0.0001, FD: 1.3523, FDAug: 0.6761, Var: 0.0000, Ctx: 6, MixCtx: 3, Train: 52.12%, Valid: 51.92%, Test In: 52.93% Test OOD1: 49.01% Test OOD2: 47.29% Test OOD3: 48.91% 
Epoch: 07, Loss: 4.0588, Cls: 1.3497, Ind: 0.0001, Med: 0.6782, Spu: 0.0005, FD: 1.3537, FDAug: 0.6766, Var: 0.0000, Ctx: 6, MixCtx: 3, Train: 58.01%, Valid: 57.92%, Test In: 57.37% Test OOD1: 59.06% Test OOD2: 49.72% Test OOD3: 55.09% 
Epoch: 08, Loss: 4.0715, Cls: 1.3522, Ind: 0.0001, Med: 0.6763, Spu: 0.0003, FD: 1.3619, FDAug: 0.6807, Var: 0.0000, Ctx: 6, MixCtx: 3, Train: 58.37%, Valid: 58.42%, Test In: 57.54% Test OOD1: 60.65% Test OOD2: 50.49% Test OOD3: 56.58% 
Epoch: 09, Loss: 4.0809, Cls: 1.3561, Ind: 0.0001, Med: 0.6762, Spu: 0.0000, FD: 1.3659, FDAug: 0.6827, Var: 0.0000, Ctx: 6, MixCtx: 3, Train: 58.32%, Valid: 58.37%, Test In: 57.44% Test OOD1: 60.96% Test OOD2: 50.73% Test OOD3: 56.98% 
Epoch: 10, Loss: 4.0783, Cls: 1.3569, Ind: 0.0001, Med: 0.6766, Spu: 0.0001, FD: 1.3632, FDAug: 0.6814, Var: 0.0000, Ctx: 6, MixCtx: 3, Train: 58.26%, Valid: 58.35%, Test In: 57.33% Test OOD1: 61.13% Test OOD2: 50.82% Test OOD3: 57.13% 
Epoch: 11, Loss: 4.0668, Cls: 1.3545, Ind: 0.0001, Med: 0.6764, Spu: 0.0002, FD: 1.3572, FDAug: 0.6785, Var: 0.0000, Ctx: 6, MixCtx: 3, Train: 58.24%, Valid: 58.35%, Test In: 57.27% Test OOD1: 61.18% Test OOD2: 50.88% Test OOD3: 57.18% 
Epoch: 12, Loss: 4.0554, Cls: 1.3510, Ind: 0.0000, Med: 0.6759, Spu: 0.0000, FD: 1.3522, FDAug: 0.6761, Var: 0.0000, Ctx: 6, MixCtx: 3, Train: 58.25%, Valid: 58.36%, Test In: 57.28% Test OOD1: 61.20% Test OOD2: 50.93% Test OOD3: 57.23% 
Epoch: 13, Loss: 4.0503, Cls: 1.3486, Ind: 0.0000, Med: 0.6756, Spu: 0.0001, FD: 1.3506, FDAug: 0.6754, Var: 0.0000, Ctx: 6, MixCtx: 3, Train: 58.31%, Valid: 58.41%, Test In: 57.32% Test OOD1: 61.24% Test OOD2: 50.97% Test OOD3: 57.26% 
Epoch: 14, Loss: 4.0508, Cls: 1.3480, Ind: 0.0000, Med: 0.6755, Spu: 0.0001, FD: 1.3514, FDAug: 0.6757, Var: 0.0000, Ctx: 6, MixCtx: 3, Train: 58.40%, Valid: 58.50%, Test In: 57.39% Test OOD1: 61.27% Test OOD2: 51.03% Test OOD3: 57.30% 
Epoch: 15, Loss: 4.0526, Cls: 1.3484, Ind: 0.0000, Med: 0.6756, Spu: 0.0001, FD: 1.3522, FDAug: 0.6762, Var: 0.0000, Ctx: 6, MixCtx: 3, Train: 58.50%, Valid: 58.56%, Test In: 57.50% Test OOD1: 61.30% Test OOD2: 51.06% Test OOD3: 57.36% 
Epoch: 16, Loss: 4.0530, Cls: 1.3490, Ind: 0.0001, Med: 0.6756, Spu: 0.0000, FD: 1.3521, FDAug: 0.6761, Var: 0.0000, Ctx: 6, MixCtx: 3, Train: 58.55%, Valid: 58.58%, Test In: 57.56% Test OOD1: 61.29% Test OOD2: 51.07% Test OOD3: 57.37% 
Epoch: 17, Loss: 4.0514, Cls: 1.3492, Ind: 0.0001, Med: 0.6753, Spu: 0.0001, FD: 1.3511, FDAug: 0.6756, Var: 0.0000, Ctx: 6, MixCtx: 3, Train: 58.57%, Valid: 58.58%, Test In: 57.58% Test OOD1: 61.30% Test OOD2: 51.07% Test OOD3: 57.39% 
Epoch: 18, Loss: 4.0483, Cls: 1.3488, Ind: 0.0001, Med: 0.6748, Spu: 0.0001, FD: 1.3496, FDAug: 0.6748, Var: 0.0000, Ctx: 6, MixCtx: 3, Train: 58.62%, Valid: 58.61%, Test In: 57.63% Test OOD1: 61.31% Test OOD2: 51.08% Test OOD3: 57.42% 
Epoch: 19, Loss: 4.0449, Cls: 1.3481, Ind: 0.0001, Med: 0.6743, Spu: 0.0000, FD: 1.3482, FDAug: 0.6741, Var: 0.0000, Ctx: 6, MixCtx: 3, Train: 58.68%, Valid: 58.66%, Test In: 57.69% Test OOD1: 61.33% Test OOD2: 51.09% Test OOD3: 57.47% 
Epoch: 20, Loss: 4.0424, Cls: 1.3474, Ind: 0.0000, Med: 0.6740, Spu: 0.0000, FD: 1.3473, FDAug: 0.6736, Var: 0.0000, Ctx: 6, MixCtx: 3, Train: 58.73%, Valid: 58.69%, Test In: 57.73% Test OOD1: 61.36% Test OOD2: 51.09% Test OOD3: 57.51% 
Epoch: 21, Loss: 4.0411, Cls: 1.3469, Ind: 0.0000, Med: 0.6740, Spu: 0.0001, FD: 1.3468, FDAug: 0.6734, Var: 0.0000, Ctx: 6, MixCtx: 3, Train: 58.76%, Valid: 58.71%, Test In: 57.75% Test OOD1: 61.38% Test OOD2: 51.10% Test OOD3: 57.53% 
Epoch: 22, Loss: 4.0405, Cls: 1.3466, Ind: 0.0000, Med: 0.6742, Spu: 0.0001, FD: 1.3464, FDAug: 0.6732, Var: 0.0000, Ctx: 6, MixCtx: 3, Train: 58.79%, Valid: 58.74%, Test In: 57.77% Test OOD1: 61.40% Test OOD2: 51.10% Test OOD3: 57.55% 
Epoch: 23, Loss: 4.0400, Cls: 1.3465, Ind: 0.0001, Med: 0.6744, Spu: 0.0000, FD: 1.3460, FDAug: 0.6730, Var: 0.0000, Ctx: 6, MixCtx: 3, Train: 58.74%, Valid: 58.69%, Test In: 57.74% Test OOD1: 61.38% Test OOD2: 51.10% Test OOD3: 57.54% 
Epoch: 24, Loss: 4.0398, Cls: 1.3466, Ind: 0.0001, Med: 0.6746, Spu: 0.0000, FD: 1.3458, FDAug: 0.6729, Var: 0.0000, Ctx: 6, MixCtx: 3, Train: 58.76%, Valid: 58.70%, Test In: 57.77% Test OOD1: 61.39% Test OOD2: 51.10% Test OOD3: 57.56% 
Epoch: 25, Loss: 4.0393, Cls: 1.3465, Ind: 0.0001, Med: 0.6745, Spu: 0.0000, FD: 1.3455, FDAug: 0.6727, Var: 0.0000, Ctx: 6, MixCtx: 3, Train: 58.89%, Valid: 58.78%, Test In: 57.88% Test OOD1: 61.46% Test OOD2: 51.12% Test OOD3: 57.64% 
Epoch: 26, Loss: 4.0380, Cls: 1.3462, Ind: 0.0000, Med: 0.6741, Spu: 0.0001, FD: 1.3451, FDAug: 0.6725, Var: 0.0000, Ctx: 6, MixCtx: 3, Train: 59.13%, Valid: 58.93%, Test In: 58.09% Test OOD1: 61.58% Test OOD2: 51.15% Test OOD3: 57.78% 
Epoch: 27, Loss: 4.0358, Cls: 1.3455, Ind: 0.0000, Med: 0.6737, Spu: 0.0000, FD: 1.3444, FDAug: 0.6722, Var: 0.0000, Ctx: 6, MixCtx: 3, Train: 59.33%, Valid: 59.06%, Test In: 58.26% Test OOD1: 61.66% Test OOD2: 51.19% Test OOD3: 57.89% 
Epoch: 28, Loss: 4.0331, Cls: 1.3446, Ind: 0.0000, Med: 0.6732, Spu: 0.0000, FD: 1.3435, FDAug: 0.6718, Var: 0.0000, Ctx: 6, MixCtx: 3, Train: 59.49%, Valid: 59.16%, Test In: 58.41% Test OOD1: 61.73% Test OOD2: 51.21% Test OOD3: 57.98% 
Epoch: 29, Loss: 4.0304, Cls: 1.3438, Ind: 0.0000, Med: 0.6728, Spu: 0.0000, FD: 1.3425, FDAug: 0.6713, Var: 0.0000, Ctx: 6, MixCtx: 3, Train: 59.67%, Valid: 59.26%, Test In: 58.57% Test OOD1: 61.80% Test OOD2: 51.23% Test OOD3: 58.08% 
Epoch: 30, Loss: 4.0277, Cls: 1.3430, Ind: 0.0001, Med: 0.6726, Spu: 0.0000, FD: 1.3414, FDAug: 0.6707, Var: 0.0000, Ctx: 6, MixCtx: 3, Train: 59.87%, Valid: 59.38%, Test In: 58.74% Test OOD1: 61.88% Test OOD2: 51.25% Test OOD3: 58.19% 
Epoch: 31, Loss: 4.0251, Cls: 1.3422, Ind: 0.0001, Med: 0.6724, Spu: 0.0000, FD: 1.3403, FDAug: 0.6702, Var: 0.0000, Ctx: 6, MixCtx: 3, Train: 60.08%, Valid: 59.51%, Test In: 58.94% Test OOD1: 61.97% Test OOD2: 51.27% Test OOD3: 58.31% 
Epoch: 32, Loss: 4.0222, Cls: 1.3413, Ind: 0.0001, Med: 0.6720, Spu: 0.0000, FD: 1.3392, FDAug: 0.6696, Var: 0.0000, Ctx: 6, MixCtx: 3, Train: 60.33%, Valid: 59.66%, Test In: 59.17% Test OOD1: 62.07% Test OOD2: 51.31% Test OOD3: 58.45% 
Epoch: 33, Loss: 4.0184, Cls: 1.3401, Ind: 0.0001, Med: 0.6714, Spu: 0.0000, FD: 1.3379, FDAug: 0.6690, Var: 0.0000, Ctx: 6, MixCtx: 3, Train: 60.61%, Valid: 59.84%, Test In: 59.42% Test OOD1: 62.20% Test OOD2: 51.34% Test OOD3: 58.61% 
Epoch: 34, Loss: 4.0134, Cls: 1.3383, Ind: 0.0000, Med: 0.6704, Spu: 0.0000, FD: 1.3364, FDAug: 0.6682, Var: 0.0000, Ctx: 6, MixCtx: 3, Train: 60.93%, Valid: 60.07%, Test In: 59.73% Test OOD1: 62.33% Test OOD2: 51.38% Test OOD3: 58.79% 
Epoch: 35, Loss: 4.0074, Cls: 1.3361, Ind: 0.0000, Med: 0.6692, Spu: 0.0000, FD: 1.3347, FDAug: 0.6673, Var: 0.0000, Ctx: 6, MixCtx: 3, Train: 61.28%, Valid: 60.31%, Test In: 60.05% Test OOD1: 62.49% Test OOD2: 51.43% Test OOD3: 58.99% 
Epoch: 36, Loss: 4.0005, Cls: 1.3338, Ind: 0.0000, Med: 0.6679, Spu: 0.0000, FD: 1.3325, FDAug: 0.6662, Var: 0.0000, Ctx: 6, MixCtx: 3, Train: 61.63%, Valid: 60.54%, Test In: 60.37% Test OOD1: 62.64% Test OOD2: 51.48% Test OOD3: 59.18% 
Epoch: 37, Loss: 3.9919, Cls: 1.3310, Ind: 0.0000, Med: 0.6666, Spu: 0.0000, FD: 1.3295, FDAug: 0.6648, Var: 0.0000, Ctx: 6, MixCtx: 3, Train: 61.97%, Valid: 60.78%, Test In: 60.69% Test OOD1: 62.79% Test OOD2: 51.53% Test OOD3: 59.35% 
Epoch: 38, Loss: 3.9815, Cls: 1.3276, Ind: 0.0001, Med: 0.6649, Spu: 0.0000, FD: 1.3260, FDAug: 0.6630, Var: 0.0000, Ctx: 6, MixCtx: 3, Train: 62.36%, Valid: 61.04%, Test In: 61.04% Test OOD1: 62.95% Test OOD2: 51.59% Test OOD3: 59.56% 
Epoch: 39, Loss: 3.9697, Cls: 1.3236, Ind: 0.0001, Med: 0.6627, Spu: 0.0000, FD: 1.3222, FDAug: 0.6611, Var: 0.0000, Ctx: 6, MixCtx: 3, Train: 62.89%, Valid: 61.42%, Test In: 61.55% Test OOD1: 63.16% Test OOD2: 51.67% Test OOD3: 59.82% 
Epoch: 40, Loss: 3.9551, Cls: 1.3187, Ind: 0.0001, Med: 0.6601, Spu: 0.0000, FD: 1.3175, FDAug: 0.6587, Var: 0.0000, Ctx: 6, MixCtx: 3, Train: 63.56%, Valid: 61.88%, Test In: 62.19% Test OOD1: 63.40% Test OOD2: 51.77% Test OOD3: 60.13% 
Epoch: 41, Loss: 3.9387, Cls: 1.3131, Ind: 0.0001, Med: 0.6571, Spu: 0.0000, FD: 1.3123, FDAug: 0.6562, Var: 0.0000, Ctx: 6, MixCtx: 3, Train: 64.08%, Valid: 62.25%, Test In: 62.67% Test OOD1: 63.61% Test OOD2: 51.85% Test OOD3: 60.39% 
Epoch: 42, Loss: 3.9191, Cls: 1.3061, Ind: 0.0001, Med: 0.6533, Spu: 0.0000, FD: 1.3064, FDAug: 0.6532, Var: 0.0000, Ctx: 6, MixCtx: 3, Train: 64.85%, Valid: 62.79%, Test In: 63.40% Test OOD1: 63.90% Test OOD2: 51.96% Test OOD3: 60.75% 
Epoch: 43, Loss: 3.8968, Cls: 1.2984, Ind: 0.0001, Med: 0.6492, Spu: 0.0000, FD: 1.2994, FDAug: 0.6497, Var: 0.0000, Ctx: 6, MixCtx: 3, Train: 65.74%, Valid: 63.42%, Test In: 64.26% Test OOD1: 64.22% Test OOD2: 52.08% Test OOD3: 61.13% 
Epoch: 44, Loss: 3.8729, Cls: 1.2902, Ind: 0.0002, Med: 0.6450, Spu: 0.0000, FD: 1.2917, FDAug: 0.6459, Var: 0.0000, Ctx: 6, MixCtx: 3, Train: 66.40%, Valid: 63.89%, Test In: 64.88% Test OOD1: 64.48% Test OOD2: 52.17% Test OOD3: 61.42% 
Epoch: 45, Loss: 3.8543, Cls: 1.2839, Ind: 0.0002, Med: 0.6424, Spu: 0.0000, FD: 1.2852, FDAug: 0.6426, Var: 0.0000, Ctx: 6, MixCtx: 3, Train: 67.75%, Valid: 64.89%, Test In: 66.22% Test OOD1: 64.98% Test OOD2: 52.38% Test OOD3: 61.92% 
Epoch: 46, Loss: 3.8428, Cls: 1.2798, Ind: 0.0004, Med: 0.6401, Spu: 0.0000, FD: 1.2816, FDAug: 0.6408, Var: 0.0000, Ctx: 6, MixCtx: 3, Train: 68.05%, Valid: 65.14%, Test In: 66.48% Test OOD1: 65.14% Test OOD2: 52.39% Test OOD3: 62.06% 
Epoch: 47, Loss: 3.8085, Cls: 1.2690, Ind: 0.0003, Med: 0.6359, Spu: 0.0000, FD: 1.2689, FDAug: 0.6344, Var: 0.0000, Ctx: 6, MixCtx: 3, Train: 69.02%, Valid: 65.87%, Test In: 67.46% Test OOD1: 65.49% Test OOD2: 52.53% Test OOD3: 62.37% 
Epoch: 48, Loss: 3.7739, Cls: 1.2574, Ind: 0.0003, Med: 0.6299, Spu: 0.0000, FD: 1.2575, FDAug: 0.6288, Var: 0.0000, Ctx: 6, MixCtx: 3, Train: 70.07%, Valid: 66.64%, Test In: 68.55% Test OOD1: 65.79% Test OOD2: 52.71% Test OOD3: 62.65% 
Epoch: 49, Loss: 3.7707, Cls: 1.2558, Ind: 0.0004, Med: 0.6284, Spu: 0.0001, FD: 1.2573, FDAug: 0.6287, Var: 0.0000, Ctx: 6, MixCtx: 3, Train: 70.41%, Valid: 66.95%, Test In: 68.88% Test OOD1: 66.00% Test OOD2: 52.72% Test OOD3: 62.78% 
Epoch: 50, Loss: 3.7385, Cls: 1.2461, Ind: 0.0002, Med: 0.6245, Spu: 0.0001, FD: 1.2451, FDAug: 0.6225, Var: 0.0000, Ctx: 6, MixCtx: 3, Train: 71.14%, Valid: 67.50%, Test In: 69.64% Test OOD1: 66.10% Test OOD2: 52.88% Test OOD3: 62.94% 
Epoch: 51, Loss: 3.6915, Cls: 1.2298, Ind: 0.0002, Med: 0.6151, Spu: 0.0001, FD: 1.2309, FDAug: 0.6155, Var: 0.0000, Ctx: 6, MixCtx: 3, Train: 71.79%, Valid: 67.98%, Test In: 70.33% Test OOD1: 66.09% Test OOD2: 53.07% Test OOD3: 63.06% 
Epoch: 52, Loss: 3.6966, Cls: 1.2314, Ind: 0.0002, Med: 0.6155, Spu: 0.0001, FD: 1.2329, FDAug: 0.6165, Var: 0.0000, Ctx: 6, MixCtx: 3, Train: 71.88%, Valid: 68.05%, Test In: 70.37% Test OOD1: 66.22% Test OOD2: 53.03% Test OOD3: 63.09% 
Epoch: 53, Loss: 3.6841, Cls: 1.2279, Ind: 0.0002, Med: 0.6145, Spu: 0.0001, FD: 1.2277, FDAug: 0.6138, Var: 0.0000, Ctx: 6, MixCtx: 3, Train: 72.35%, Valid: 68.38%, Test In: 70.92% Test OOD1: 66.01% Test OOD2: 53.23% Test OOD3: 63.13% 
Epoch: 54, Loss: 3.6370, Cls: 1.2117, Ind: 0.0002, Med: 0.6055, Spu: 0.0001, FD: 1.2130, FDAug: 0.6065, Var: 0.0000, Ctx: 6, MixCtx: 3, Train: 72.64%, Valid: 68.59%, Test In: 71.27% Test OOD1: 65.72% Test OOD2: 53.31% Test OOD3: 63.11% 
Epoch: 55, Loss: 3.6380, Cls: 1.2121, Ind: 0.0002, Med: 0.6057, Spu: 0.0001, FD: 1.2133, FDAug: 0.6067, Var: 0.0000, Ctx: 6, MixCtx: 3, Train: 72.71%, Valid: 68.72%, Test In: 71.30% Test OOD1: 66.01% Test OOD2: 53.26% Test OOD3: 63.17% 
Epoch: 56, Loss: 3.6590, Cls: 1.2197, Ind: 0.0002, Med: 0.6104, Spu: 0.0000, FD: 1.2192, FDAug: 0.6095, Var: 0.0000, Ctx: 6, MixCtx: 3, Train: 72.95%, Valid: 68.84%, Test In: 71.72% Test OOD1: 65.10% Test OOD2: 53.41% Test OOD3: 63.02% 
Epoch: 57, Loss: 3.6403, Cls: 1.2130, Ind: 0.0001, Med: 0.6063, Spu: 0.0000, FD: 1.2139, FDAug: 0.6070, Var: 0.0000, Ctx: 6, MixCtx: 3, Train: 73.07%, Valid: 68.98%, Test In: 71.81% Test OOD1: 65.23% Test OOD2: 53.41% Test OOD3: 63.03% 
Epoch: 58, Loss: 3.6035, Cls: 1.2008, Ind: 0.0001, Med: 0.6002, Spu: 0.0001, FD: 1.2016, FDAug: 0.6008, Var: 0.0000, Ctx: 6, MixCtx: 3, Train: 73.18%, Valid: 69.15%, Test In: 71.87% Test OOD1: 65.53% Test OOD2: 53.40% Test OOD3: 63.10% 
Epoch: 59, Loss: 3.6393, Cls: 1.2130, Ind: 0.0001, Med: 0.6068, Spu: 0.0000, FD: 1.2129, FDAug: 0.6064, Var: 0.0000, Ctx: 6, MixCtx: 3, Train: 73.10%, Valid: 68.98%, Test In: 72.06% Test OOD1: 64.12% Test OOD2: 53.48% Test OOD3: 62.75% 
Epoch: 60, Loss: 3.6404, Cls: 1.2134, Ind: 0.0001, Med: 0.6070, Spu: 0.0000, FD: 1.2132, FDAug: 0.6066, Var: 0.0000, Ctx: 6, MixCtx: 3, Train: 73.30%, Valid: 69.24%, Test In: 72.21% Test OOD1: 64.59% Test OOD2: 53.47% Test OOD3: 62.91% 
Epoch: 61, Loss: 3.5944, Cls: 1.1980, Ind: 0.0001, Med: 0.5991, Spu: 0.0000, FD: 1.1982, FDAug: 0.5991, Var: 0.0000, Ctx: 6, MixCtx: 3, Train: 73.49%, Valid: 69.52%, Test In: 72.25% Test OOD1: 65.39% Test OOD2: 53.45% Test OOD3: 63.10% 
Epoch: 62, Loss: 3.6418, Cls: 1.2137, Ind: 0.0001, Med: 0.6068, Spu: 0.0000, FD: 1.2142, FDAug: 0.6070, Var: 0.0000, Ctx: 6, MixCtx: 3, Train: 73.38%, Valid: 69.35%, Test In: 72.37% Test OOD1: 64.14% Test OOD2: 53.52% Test OOD3: 62.78% 
Epoch: 63, Loss: 3.6041, Cls: 1.2015, Ind: 0.0001, Med: 0.6011, Spu: 0.0000, FD: 1.2009, FDAug: 0.6005, Var: 0.0000, Ctx: 6, MixCtx: 3, Train: 73.47%, Valid: 69.46%, Test In: 72.46% Test OOD1: 64.17% Test OOD2: 53.54% Test OOD3: 62.79% 
Epoch: 64, Loss: 3.6029, Cls: 1.2011, Ind: 0.0001, Med: 0.6010, Spu: 0.0000, FD: 1.2004, FDAug: 0.6003, Var: 0.0000, Ctx: 6, MixCtx: 3, Train: 73.73%, Valid: 69.85%, Test In: 72.51% Test OOD1: 65.45% Test OOD2: 53.48% Test OOD3: 63.16% 
Epoch: 65, Loss: 3.6036, Cls: 1.2006, Ind: 0.0001, Med: 0.5997, Spu: 0.0000, FD: 1.2021, FDAug: 0.6010, Var: 0.0000, Ctx: 6, MixCtx: 3, Train: 73.81%, Valid: 69.94%, Test In: 72.64% Test OOD1: 65.26% Test OOD2: 53.50% Test OOD3: 63.13% 
Epoch: 66, Loss: 3.5725, Cls: 1.1903, Ind: 0.0001, Med: 0.5948, Spu: 0.0000, FD: 1.1915, FDAug: 0.5957, Var: 0.0000, Ctx: 6, MixCtx: 3, Train: 73.81%, Valid: 69.92%, Test In: 72.75% Test OOD1: 64.65% Test OOD2: 53.57% Test OOD3: 62.96% 
Epoch: 67, Loss: 3.5940, Cls: 1.1982, Ind: 0.0000, Med: 0.5998, Spu: 0.0000, FD: 1.1973, FDAug: 0.5987, Var: 0.0000, Ctx: 6, MixCtx: 3, Train: 73.99%, Valid: 70.19%, Test In: 72.80% Test OOD1: 65.51% Test OOD2: 53.51% Test OOD3: 63.22% 
Epoch: 68, Loss: 3.5589, Cls: 1.1860, Ind: 0.0001, Med: 0.5929, Spu: 0.0000, FD: 1.1866, FDAug: 0.5933, Var: 0.0000, Ctx: 6, MixCtx: 3, Train: 74.05%, Valid: 70.35%, Test In: 72.73% Test OOD1: 66.12% Test OOD2: 53.46% Test OOD3: 63.38% 
Epoch: 69, Loss: 3.5813, Cls: 1.1933, Ind: 0.0001, Med: 0.5964, Spu: 0.0000, FD: 1.1944, FDAug: 0.5971, Var: 0.0000, Ctx: 6, MixCtx: 3, Train: 74.17%, Valid: 70.43%, Test In: 72.99% Test OOD1: 65.63% Test OOD2: 53.51% Test OOD3: 63.27% 
Epoch: 70, Loss: 3.5589, Cls: 1.1862, Ind: 0.0000, Med: 0.5932, Spu: 0.0000, FD: 1.1863, FDAug: 0.5932, Var: 0.0000, Ctx: 6, MixCtx: 3, Train: 74.26%, Valid: 70.56%, Test In: 73.06% Test OOD1: 65.80% Test OOD2: 53.51% Test OOD3: 63.33% 
Epoch: 71, Loss: 3.5565, Cls: 1.1853, Ind: 0.0001, Med: 0.5926, Spu: 0.0000, FD: 1.1856, FDAug: 0.5928, Var: 0.0000, Ctx: 6, MixCtx: 3, Train: 74.25%, Valid: 70.68%, Test In: 72.89% Test OOD1: 66.53% Test OOD2: 53.42% Test OOD3: 63.51% 
Epoch: 72, Loss: 3.5638, Cls: 1.1878, Ind: 0.0001, Med: 0.5939, Spu: 0.0000, FD: 1.1881, FDAug: 0.5939, Var: 0.0000, Ctx: 6, MixCtx: 3, Train: 74.41%, Valid: 70.83%, Test In: 73.11% Test OOD1: 66.31% Test OOD2: 53.47% Test OOD3: 63.49% 
Epoch: 73, Loss: 3.5382, Cls: 1.1791, Ind: 0.0001, Med: 0.5894, Spu: 0.0000, FD: 1.1797, FDAug: 0.5898, Var: 0.0000, Ctx: 6, MixCtx: 3, Train: 74.54%, Valid: 70.95%, Test In: 73.29% Test OOD1: 66.13% Test OOD2: 53.49% Test OOD3: 63.45% 
Epoch: 74, Loss: 3.5503, Cls: 1.1830, Ind: 0.0001, Med: 0.5914, Spu: 0.0000, FD: 1.1839, FDAug: 0.5920, Var: 0.0000, Ctx: 6, MixCtx: 3, Train: 74.52%, Valid: 71.04%, Test In: 73.16% Test OOD1: 66.72% Test OOD2: 53.40% Test OOD3: 63.59% 
Epoch: 75, Loss: 3.5381, Cls: 1.1792, Ind: 0.0000, Med: 0.5897, Spu: 0.0000, FD: 1.1794, FDAug: 0.5897, Var: 0.0000, Ctx: 6, MixCtx: 3, Train: 74.63%, Valid: 71.17%, Test In: 73.28% Test OOD1: 66.71% Test OOD2: 53.41% Test OOD3: 63.59% 
Epoch: 76, Loss: 3.5294, Cls: 1.1763, Ind: 0.0000, Med: 0.5882, Spu: 0.0000, FD: 1.1766, FDAug: 0.5883, Var: 0.0000, Ctx: 6, MixCtx: 3, Train: 74.82%, Valid: 71.33%, Test In: 73.55% Test OOD1: 66.34% Test OOD2: 53.47% Test OOD3: 63.49% 
Epoch: 77, Loss: 3.5370, Cls: 1.1789, Ind: 0.0000, Med: 0.5896, Spu: 0.0000, FD: 1.1789, FDAug: 0.5895, Var: 0.0000, Ctx: 6, MixCtx: 3, Train: 74.83%, Valid: 71.40%, Test In: 73.47% Test OOD1: 66.74% Test OOD2: 53.39% Test OOD3: 63.60% 
Epoch: 78, Loss: 3.5206, Cls: 1.1734, Ind: 0.0000, Med: 0.5867, Spu: 0.0000, FD: 1.1737, FDAug: 0.5868, Var: 0.0000, Ctx: 6, MixCtx: 3, Train: 74.90%, Valid: 71.50%, Test In: 73.53% Test OOD1: 66.78% Test OOD2: 53.37% Test OOD3: 63.61% 
Epoch: 79, Loss: 3.5199, Cls: 1.1731, Ind: 0.0000, Med: 0.5865, Spu: 0.0000, FD: 1.1735, FDAug: 0.5867, Var: 0.0000, Ctx: 6, MixCtx: 3, Train: 75.07%, Valid: 71.66%, Test In: 73.81% Test OOD1: 66.23% Test OOD2: 53.44% Test OOD3: 63.43% 
Epoch: 80, Loss: 3.5238, Cls: 1.1746, Ind: 0.0000, Med: 0.5876, Spu: 0.0000, FD: 1.1743, FDAug: 0.5872, Var: 0.0000, Ctx: 6, MixCtx: 3, Train: 75.09%, Valid: 71.72%, Test In: 73.76% Test OOD1: 66.64% Test OOD2: 53.39% Test OOD3: 63.55% 
Epoch: 81, Loss: 3.5092, Cls: 1.1695, Ind: 0.0000, Med: 0.5847, Spu: 0.0000, FD: 1.1699, FDAug: 0.5849, Var: 0.0000, Ctx: 6, MixCtx: 3, Train: 75.17%, Valid: 71.82%, Test In: 73.85% Test OOD1: 66.58% Test OOD2: 53.39% Test OOD3: 63.53% 
Epoch: 82, Loss: 3.5060, Cls: 1.1685, Ind: 0.0000, Med: 0.5842, Spu: 0.0000, FD: 1.1688, FDAug: 0.5844, Var: 0.0000, Ctx: 6, MixCtx: 3, Train: 75.26%, Valid: 71.94%, Test In: 74.03% Test OOD1: 65.95% Test OOD2: 53.45% Test OOD3: 63.31% 
Epoch: 83, Loss: 3.5126, Cls: 1.1709, Ind: 0.0000, Med: 0.5859, Spu: 0.0000, FD: 1.1705, FDAug: 0.5853, Var: 0.0000, Ctx: 6, MixCtx: 3, Train: 75.29%, Valid: 72.00%, Test In: 73.97% Test OOD1: 66.60% Test OOD2: 53.38% Test OOD3: 63.52% 
Epoch: 84, Loss: 3.5075, Cls: 1.1690, Ind: 0.0000, Med: 0.5846, Spu: 0.0000, FD: 1.1693, FDAug: 0.5845, Var: 0.0000, Ctx: 6, MixCtx: 3, Train: 75.38%, Valid: 72.12%, Test In: 74.14% Test OOD1: 66.01% Test OOD2: 53.43% Test OOD3: 63.31% 
Epoch: 85, Loss: 3.4972, Cls: 1.1657, Ind: 0.0000, Med: 0.5831, Spu: 0.0000, FD: 1.1656, FDAug: 0.5829, Var: 0.0000, Ctx: 6, MixCtx: 3, Train: 75.44%, Valid: 72.22%, Test In: 74.18% Test OOD1: 66.13% Test OOD2: 53.41% Test OOD3: 63.34% 
Epoch: 86, Loss: 3.4916, Cls: 1.1637, Ind: 0.0000, Med: 0.5821, Spu: 0.0000, FD: 1.1638, FDAug: 0.5819, Var: 0.0000, Ctx: 6, MixCtx: 3, Train: 75.49%, Valid: 72.30%, Test In: 74.19% Test OOD1: 66.40% Test OOD2: 53.37% Test OOD3: 63.42% 
Epoch: 87, Loss: 3.4942, Cls: 1.1647, Ind: 0.0000, Med: 0.5826, Spu: 0.0000, FD: 1.1646, FDAug: 0.5822, Var: 0.0000, Ctx: 6, MixCtx: 3, Train: 75.53%, Valid: 72.41%, Test In: 74.31% Test OOD1: 65.59% Test OOD2: 53.41% Test OOD3: 63.08% 
Epoch: 88, Loss: 3.5026, Cls: 1.1674, Ind: 0.0000, Med: 0.5840, Spu: 0.0000, FD: 1.1673, FDAug: 0.5838, Var: 0.0000, Ctx: 6, MixCtx: 3, Train: 75.57%, Valid: 72.47%, Test In: 74.22% Test OOD1: 66.68% Test OOD2: 53.31% Test OOD3: 63.49% 
Epoch: 89, Loss: 3.5098, Cls: 1.1701, Ind: 0.0000, Med: 0.5855, Spu: 0.0000, FD: 1.1696, FDAug: 0.5846, Var: 0.0000, Ctx: 6, MixCtx: 3, Train: 75.59%, Valid: 72.59%, Test In: 74.38% Test OOD1: 65.32% Test OOD2: 53.38% Test OOD3: 62.93% 
Epoch: 90, Loss: 3.5195, Cls: 1.1731, Ind: 0.0000, Med: 0.5869, Spu: 0.0000, FD: 1.1728, FDAug: 0.5866, Var: 0.0000, Ctx: 6, MixCtx: 3, Train: 75.65%, Valid: 72.63%, Test In: 74.27% Test OOD1: 66.79% Test OOD2: 53.28% Test OOD3: 63.51% 
Epoch: 91, Loss: 3.5113, Cls: 1.1706, Ind: 0.0000, Med: 0.5858, Spu: 0.0000, FD: 1.1700, FDAug: 0.5848, Var: 0.0000, Ctx: 6, MixCtx: 3, Train: 75.70%, Valid: 72.75%, Test In: 74.43% Test OOD1: 65.75% Test OOD2: 53.37% Test OOD3: 63.09% 
Epoch: 92, Loss: 3.4965, Cls: 1.1655, Ind: 0.0000, Med: 0.5831, Spu: 0.0000, FD: 1.1652, FDAug: 0.5827, Var: 0.0000, Ctx: 6, MixCtx: 3, Train: 75.76%, Valid: 72.79%, Test In: 74.40% Test OOD1: 66.48% Test OOD2: 53.33% Test OOD3: 63.39% 
Epoch: 93, Loss: 3.4798, Cls: 1.1599, Ind: 0.0000, Med: 0.5802, Spu: 0.0000, FD: 1.1598, FDAug: 0.5799, Var: 0.0000, Ctx: 6, MixCtx: 3, Train: 75.78%, Valid: 72.84%, Test In: 74.40% Test OOD1: 66.60% Test OOD2: 53.32% Test OOD3: 63.44% 
Epoch: 94, Loss: 3.4800, Cls: 1.1600, Ind: 0.0000, Med: 0.5802, Spu: 0.0000, FD: 1.1599, FDAug: 0.5799, Var: 0.0000, Ctx: 6, MixCtx: 3, Train: 75.81%, Valid: 72.91%, Test In: 74.47% Test OOD1: 65.98% Test OOD2: 53.39% Test OOD3: 63.18% 
Epoch: 95, Loss: 3.4920, Cls: 1.1641, Ind: 0.0000, Med: 0.5825, Spu: 0.0000, FD: 1.1635, FDAug: 0.5819, Var: 0.0000, Ctx: 6, MixCtx: 3, Train: 75.80%, Valid: 72.87%, Test In: 74.34% Test OOD1: 66.96% Test OOD2: 53.31% Test OOD3: 63.58% 
Epoch: 96, Loss: 3.4989, Cls: 1.1664, Ind: 0.0000, Med: 0.5834, Spu: 0.0000, FD: 1.1663, FDAug: 0.5829, Var: 0.0000, Ctx: 6, MixCtx: 3, Train: 75.87%, Valid: 72.98%, Test In: 74.49% Test OOD1: 65.96% Test OOD2: 53.43% Test OOD3: 63.18% 
Epoch: 97, Loss: 3.4981, Cls: 1.1662, Ind: 0.0000, Med: 0.5836, Spu: 0.0000, FD: 1.1654, FDAug: 0.5829, Var: 0.0000, Ctx: 6, MixCtx: 3, Train: 75.87%, Valid: 72.95%, Test In: 74.40% Test OOD1: 66.88% Test OOD2: 53.35% Test OOD3: 63.56% 
Epoch: 98, Loss: 3.4817, Cls: 1.1606, Ind: 0.0000, Med: 0.5804, Spu: 0.0000, FD: 1.1606, FDAug: 0.5801, Var: 0.0000, Ctx: 6, MixCtx: 3, Train: 75.93%, Valid: 73.01%, Test In: 74.48% Test OOD1: 66.53% Test OOD2: 53.42% Test OOD3: 63.43% 
Epoch: 99, Loss: 3.4701, Cls: 1.1567, Ind: 0.0000, Med: 0.5785, Spu: 0.0000, FD: 1.1565, FDAug: 0.5783, Var: 0.0000, Ctx: 6, MixCtx: 3, Train: 75.95%, Valid: 73.04%, Test In: 74.51% Test OOD1: 66.42% Test OOD2: 53.44% Test OOD3: 63.40% 
Epoch: 100, Loss: 3.4717, Cls: 1.1572, Ind: 0.0000, Med: 0.5788, Spu: 0.0000, FD: 1.1570, FDAug: 0.5786, Var: 0.0000, Ctx: 6, MixCtx: 3, Train: 75.94%, Valid: 73.00%, Test In: 74.45% Test OOD1: 66.92% Test OOD2: 53.38% Test OOD3: 63.61% 
Epoch: 101, Loss: 3.4805, Cls: 1.1602, Ind: 0.0000, Med: 0.5803, Spu: 0.0000, FD: 1.1600, FDAug: 0.5799, Var: 0.0000, Ctx: 6, MixCtx: 3, Train: 75.99%, Valid: 73.07%, Test In: 74.54% Test OOD1: 66.14% Test OOD2: 53.49% Test OOD3: 63.31% 
Epoch: 102, Loss: 3.4859, Cls: 1.1619, Ind: 0.0000, Med: 0.5812, Spu: 0.0000, FD: 1.1617, FDAug: 0.5810, Var: 0.0000, Ctx: 6, MixCtx: 3, Train: 75.99%, Valid: 73.04%, Test In: 74.47% Test OOD1: 66.98% Test OOD2: 53.40% Test OOD3: 63.65% 
Epoch: 103, Loss: 3.4773, Cls: 1.1592, Ind: 0.0000, Med: 0.5798, Spu: 0.0000, FD: 1.1589, FDAug: 0.5793, Var: 0.0000, Ctx: 6, MixCtx: 3, Train: 76.05%, Valid: 73.10%, Test In: 74.55% Test OOD1: 66.56% Test OOD2: 53.48% Test OOD3: 63.48% 
Epoch: 104, Loss: 3.4658, Cls: 1.1552, Ind: 0.0000, Med: 0.5777, Spu: 0.0000, FD: 1.1552, FDAug: 0.5777, Var: 0.0000, Ctx: 6, MixCtx: 3, Train: 76.07%, Valid: 73.11%, Test In: 74.54% Test OOD1: 66.71% Test OOD2: 53.47% Test OOD3: 63.54% 
Epoch: 105, Loss: 3.4619, Cls: 1.1539, Ind: 0.0000, Med: 0.5771, Spu: 0.0000, FD: 1.1539, FDAug: 0.5770, Var: 0.0000, Ctx: 6, MixCtx: 3, Train: 76.07%, Valid: 73.10%, Test In: 74.51% Test OOD1: 67.01% Test OOD2: 53.42% Test OOD3: 63.66% 
Epoch: 106, Loss: 3.4667, Cls: 1.1556, Ind: 0.0000, Med: 0.5779, Spu: 0.0000, FD: 1.1555, FDAug: 0.5777, Var: 0.0000, Ctx: 6, MixCtx: 3, Train: 76.12%, Valid: 73.15%, Test In: 74.59% Test OOD1: 66.48% Test OOD2: 53.51% Test OOD3: 63.45% 
Epoch: 107, Loss: 3.4735, Cls: 1.1578, Ind: 0.0000, Med: 0.5791, Spu: 0.0000, FD: 1.1576, FDAug: 0.5790, Var: 0.0000, Ctx: 6, MixCtx: 3, Train: 76.11%, Valid: 73.11%, Test In: 74.51% Test OOD1: 67.21% Test OOD2: 53.41% Test OOD3: 63.74% 
Epoch: 108, Loss: 3.4748, Cls: 1.1583, Ind: 0.0000, Med: 0.5792, Spu: 0.0000, FD: 1.1583, FDAug: 0.5789, Var: 0.0000, Ctx: 6, MixCtx: 3, Train: 76.17%, Valid: 73.20%, Test In: 74.61% Test OOD1: 66.59% Test OOD2: 53.51% Test OOD3: 63.48% 
Epoch: 109, Loss: 3.4707, Cls: 1.1569, Ind: 0.0000, Med: 0.5787, Spu: 0.0000, FD: 1.1566, FDAug: 0.5785, Var: 0.0000, Ctx: 6, MixCtx: 3, Train: 76.18%, Valid: 73.18%, Test In: 74.55% Test OOD1: 67.20% Test OOD2: 53.42% Test OOD3: 63.73% 
Epoch: 110, Loss: 3.4621, Cls: 1.1540, Ind: 0.0000, Med: 0.5771, Spu: 0.0000, FD: 1.1541, FDAug: 0.5769, Var: 0.0000, Ctx: 6, MixCtx: 3, Train: 76.23%, Valid: 73.24%, Test In: 74.61% Test OOD1: 66.96% Test OOD2: 53.48% Test OOD3: 63.63% 
Epoch: 111, Loss: 3.4551, Cls: 1.1517, Ind: 0.0000, Med: 0.5759, Spu: 0.0000, FD: 1.1516, FDAug: 0.5759, Var: 0.0000, Ctx: 6, MixCtx: 3, Train: 76.26%, Valid: 73.26%, Test In: 74.61% Test OOD1: 67.02% Test OOD2: 53.48% Test OOD3: 63.65% 
Epoch: 112, Loss: 3.4535, Cls: 1.1511, Ind: 0.0000, Med: 0.5757, Spu: 0.0000, FD: 1.1511, FDAug: 0.5756, Var: 0.0000, Ctx: 6, MixCtx: 3, Train: 76.26%, Valid: 73.25%, Test In: 74.58% Test OOD1: 67.29% Test OOD2: 53.43% Test OOD3: 63.77% 
Epoch: 113, Loss: 3.4561, Cls: 1.1520, Ind: 0.0000, Med: 0.5760, Spu: 0.0000, FD: 1.1521, FDAug: 0.5760, Var: 0.0000, Ctx: 6, MixCtx: 3, Train: 76.32%, Valid: 73.33%, Test In: 74.66% Test OOD1: 66.90% Test OOD2: 53.50% Test OOD3: 63.59% 
Epoch: 114, Loss: 3.4606, Cls: 1.1535, Ind: 0.0000, Med: 0.5770, Spu: 0.0000, FD: 1.1533, FDAug: 0.5768, Var: 0.0000, Ctx: 6, MixCtx: 3, Train: 76.30%, Valid: 73.27%, Test In: 74.57% Test OOD1: 67.48% Test OOD2: 53.40% Test OOD3: 63.83% 
Epoch: 115, Loss: 3.4646, Cls: 1.1549, Ind: 0.0000, Med: 0.5774, Spu: 0.0000, FD: 1.1550, FDAug: 0.5773, Var: 0.0000, Ctx: 6, MixCtx: 3, Train: 76.38%, Valid: 73.38%, Test In: 74.70% Test OOD1: 66.78% Test OOD2: 53.51% Test OOD3: 63.54% 
Epoch: 116, Loss: 3.4713, Cls: 1.1571, Ind: 0.0000, Med: 0.5788, Spu: 0.0000, FD: 1.1567, FDAug: 0.5786, Var: 0.0000, Ctx: 6, MixCtx: 3, Train: 76.33%, Valid: 73.29%, Test In: 74.58% Test OOD1: 67.58% Test OOD2: 53.38% Test OOD3: 63.88% 
Epoch: 117, Loss: 3.4754, Cls: 1.1585, Ind: 0.0000, Med: 0.5793, Spu: 0.0000, FD: 1.1586, FDAug: 0.5790, Var: 0.0000, Ctx: 6, MixCtx: 3, Train: 76.42%, Valid: 73.43%, Test In: 74.74% Test OOD1: 66.64% Test OOD2: 53.54% Test OOD3: 63.50% 
Epoch: 118, Loss: 3.4809, Cls: 1.1603, Ind: 0.0000, Med: 0.5805, Spu: 0.0000, FD: 1.1599, FDAug: 0.5803, Var: 0.0000, Ctx: 6, MixCtx: 3, Train: 76.39%, Valid: 73.34%, Test In: 74.61% Test OOD1: 67.58% Test OOD2: 53.40% Test OOD3: 63.88% 
Epoch: 119, Loss: 3.4710, Cls: 1.1570, Ind: 0.0000, Med: 0.5786, Spu: 0.0000, FD: 1.1571, FDAug: 0.5783, Var: 0.0000, Ctx: 6, MixCtx: 3, Train: 76.47%, Valid: 73.45%, Test In: 74.73% Test OOD1: 66.92% Test OOD2: 53.53% Test OOD3: 63.62% 
Epoch: 120, Loss: 3.4570, Cls: 1.1523, Ind: 0.0000, Med: 0.5763, Spu: 0.0000, FD: 1.1521, FDAug: 0.5763, Var: 0.0000, Ctx: 6, MixCtx: 3, Train: 76.47%, Valid: 73.42%, Test In: 74.67% Test OOD1: 67.39% Test OOD2: 53.49% Test OOD3: 63.81% 
Epoch: 121, Loss: 3.4441, Cls: 1.1480, Ind: 0.0000, Med: 0.5740, Spu: 0.0000, FD: 1.1480, FDAug: 0.5740, Var: 0.0000, Ctx: 6, MixCtx: 3, Train: 76.49%, Valid: 73.43%, Test In: 74.67% Test OOD1: 67.43% Test OOD2: 53.50% Test OOD3: 63.83% 
Epoch: 122, Loss: 3.4426, Cls: 1.1475, Ind: 0.0000, Med: 0.5737, Spu: 0.0000, FD: 1.1476, FDAug: 0.5738, Var: 0.0000, Ctx: 6, MixCtx: 3, Train: 76.54%, Valid: 73.47%, Test In: 74.73% Test OOD1: 67.10% Test OOD2: 53.57% Test OOD3: 63.69% 
Epoch: 123, Loss: 3.4514, Cls: 1.1504, Ind: 0.0000, Med: 0.5754, Spu: 0.0000, FD: 1.1503, FDAug: 0.5753, Var: 0.0000, Ctx: 6, MixCtx: 3, Train: 76.48%, Valid: 73.37%, Test In: 74.62% Test OOD1: 67.72% Test OOD2: 53.46% Test OOD3: 63.94% 
Epoch: 124, Loss: 3.4635, Cls: 1.1545, Ind: 0.0000, Med: 0.5772, Spu: 0.0000, FD: 1.1548, FDAug: 0.5771, Var: 0.0000, Ctx: 6, MixCtx: 3, Train: 76.57%, Valid: 73.49%, Test In: 74.79% Test OOD1: 66.80% Test OOD2: 53.63% Test OOD3: 63.59% 
Epoch: 125, Loss: 3.4803, Cls: 1.1601, Ind: 0.0000, Med: 0.5804, Spu: 0.0000, FD: 1.1597, FDAug: 0.5801, Var: 0.0000, Ctx: 6, MixCtx: 3, Train: 76.50%, Valid: 73.37%, Test In: 74.61% Test OOD1: 67.79% Test OOD2: 53.46% Test OOD3: 63.99% 
Epoch: 126, Loss: 3.4825, Cls: 1.1609, Ind: 0.0000, Med: 0.5805, Spu: 0.0000, FD: 1.1610, FDAug: 0.5800, Var: 0.0000, Ctx: 6, MixCtx: 3, Train: 76.61%, Valid: 73.51%, Test In: 74.81% Test OOD1: 66.76% Test OOD2: 53.65% Test OOD3: 63.59% 
Epoch: 127, Loss: 3.4726, Cls: 1.1575, Ind: 0.0000, Med: 0.5790, Spu: 0.0000, FD: 1.1572, FDAug: 0.5790, Var: 0.0000, Ctx: 6, MixCtx: 3, Train: 76.60%, Valid: 73.46%, Test In: 74.70% Test OOD1: 67.53% Test OOD2: 53.56% Test OOD3: 63.90% 
Epoch: 128, Loss: 3.4440, Cls: 1.1480, Ind: 0.0000, Med: 0.5740, Spu: 0.0000, FD: 1.1480, FDAug: 0.5739, Var: 0.0000, Ctx: 6, MixCtx: 3, Train: 76.63%, Valid: 73.49%, Test In: 74.73% Test OOD1: 67.44% Test OOD2: 53.58% Test OOD3: 63.87% 
Epoch: 129, Loss: 3.4377, Cls: 1.1458, Ind: 0.0000, Med: 0.5729, Spu: 0.0000, FD: 1.1459, FDAug: 0.5730, Var: 0.0000, Ctx: 6, MixCtx: 3, Train: 76.68%, Valid: 73.54%, Test In: 74.80% Test OOD1: 67.00% Test OOD2: 53.67% Test OOD3: 63.69% 
Epoch: 130, Loss: 3.4532, Cls: 1.1510, Ind: 0.0000, Med: 0.5757, Spu: 0.0000, FD: 1.1508, FDAug: 0.5757, Var: 0.0000, Ctx: 6, MixCtx: 3, Train: 76.62%, Valid: 73.44%, Test In: 74.67% Test OOD1: 67.78% Test OOD2: 53.54% Test OOD3: 64.00% 
Epoch: 131, Loss: 3.4569, Cls: 1.1523, Ind: 0.0000, Med: 0.5762, Spu: 0.0000, FD: 1.1525, FDAug: 0.5759, Var: 0.0000, Ctx: 6, MixCtx: 3, Train: 76.71%, Valid: 73.53%, Test In: 74.78% Test OOD1: 67.21% Test OOD2: 53.67% Test OOD3: 63.78% 
Epoch: 132, Loss: 3.4459, Cls: 1.1486, Ind: 0.0000, Med: 0.5744, Spu: 0.0000, FD: 1.1485, FDAug: 0.5745, Var: 0.0000, Ctx: 6, MixCtx: 3, Train: 76.69%, Valid: 73.50%, Test In: 74.72% Test OOD1: 67.66% Test OOD2: 53.60% Test OOD3: 63.95% 
Epoch: 133, Loss: 3.4324, Cls: 1.1441, Ind: 0.0000, Med: 0.5720, Spu: 0.0000, FD: 1.1443, FDAug: 0.5720, Var: 0.0000, Ctx: 6, MixCtx: 3, Train: 76.72%, Valid: 73.51%, Test In: 74.73% Test OOD1: 67.65% Test OOD2: 53.60% Test OOD3: 63.96% 
Epoch: 134, Loss: 3.4308, Cls: 1.1436, Ind: 0.0000, Med: 0.5718, Spu: 0.0000, FD: 1.1437, FDAug: 0.5718, Var: 0.0000, Ctx: 6, MixCtx: 3, Train: 76.78%, Valid: 73.56%, Test In: 74.80% Test OOD1: 67.28% Test OOD2: 53.67% Test OOD3: 63.83% 
Epoch: 135, Loss: 3.4388, Cls: 1.1462, Ind: 0.0000, Med: 0.5732, Spu: 0.0000, FD: 1.1461, FDAug: 0.5733, Var: 0.0000, Ctx: 6, MixCtx: 3, Train: 76.74%, Valid: 73.51%, Test In: 74.73% Test OOD1: 67.77% Test OOD2: 53.55% Test OOD3: 64.02% 
Epoch: 136, Loss: 3.4470, Cls: 1.1490, Ind: 0.0000, Med: 0.5745, Spu: 0.0000, FD: 1.1492, FDAug: 0.5743, Var: 0.0000, Ctx: 6, MixCtx: 3, Train: 76.82%, Valid: 73.60%, Test In: 74.85% Test OOD1: 66.99% Test OOD2: 53.70% Test OOD3: 63.73% 
Epoch: 137, Loss: 3.4519, Cls: 1.1505, Ind: 0.0000, Med: 0.5754, Spu: 0.0000, FD: 1.1504, FDAug: 0.5756, Var: 0.0000, Ctx: 6, MixCtx: 3, Train: 76.79%, Valid: 73.56%, Test In: 74.76% Test OOD1: 67.66% Test OOD2: 53.57% Test OOD3: 64.00% 
Epoch: 138, Loss: 3.4443, Cls: 1.1481, Ind: 0.0000, Med: 0.5741, Spu: 0.0000, FD: 1.1482, FDAug: 0.5739, Var: 0.0000, Ctx: 6, MixCtx: 3, Train: 76.87%, Valid: 73.63%, Test In: 74.85% Test OOD1: 67.14% Test OOD2: 53.69% Test OOD3: 63.80% 
Epoch: 139, Loss: 3.4329, Cls: 1.1442, Ind: 0.0000, Med: 0.5722, Spu: 0.0000, FD: 1.1442, FDAug: 0.5723, Var: 0.0000, Ctx: 6, MixCtx: 3, Train: 76.87%, Valid: 73.62%, Test In: 74.81% Test OOD1: 67.51% Test OOD2: 53.63% Test OOD3: 63.92% 
Epoch: 140, Loss: 3.4238, Cls: 1.1412, Ind: 0.0000, Med: 0.5706, Spu: 0.0000, FD: 1.1413, FDAug: 0.5707, Var: 0.0000, Ctx: 6, MixCtx: 3, Train: 76.89%, Valid: 73.62%, Test In: 74.79% Test OOD1: 67.64% Test OOD2: 53.61% Test OOD3: 63.97% 
Epoch: 141, Loss: 3.4235, Cls: 1.1411, Ind: 0.0000, Med: 0.5706, Spu: 0.0000, FD: 1.1412, FDAug: 0.5706, Var: 0.0000, Ctx: 6, MixCtx: 3, Train: 76.94%, Valid: 73.65%, Test In: 74.84% Test OOD1: 67.41% Test OOD2: 53.70% Test OOD3: 63.89% 
Epoch: 142, Loss: 3.4308, Cls: 1.1435, Ind: 0.0000, Med: 0.5719, Spu: 0.0000, FD: 1.1434, FDAug: 0.5719, Var: 0.0000, Ctx: 6, MixCtx: 3, Train: 76.89%, Valid: 73.59%, Test In: 74.76% Test OOD1: 67.92% Test OOD2: 53.56% Test OOD3: 64.08% 
Epoch: 143, Loss: 3.4425, Cls: 1.1475, Ind: 0.0000, Med: 0.5737, Spu: 0.0000, FD: 1.1477, FDAug: 0.5735, Var: 0.0000, Ctx: 6, MixCtx: 3, Train: 76.98%, Valid: 73.69%, Test In: 74.89% Test OOD1: 67.14% Test OOD2: 53.77% Test OOD3: 63.78% 
Epoch: 144, Loss: 3.4637, Cls: 1.1546, Ind: 0.0000, Med: 0.5776, Spu: 0.0000, FD: 1.1542, FDAug: 0.5774, Var: 0.0000, Ctx: 6, MixCtx: 3, Train: 76.90%, Valid: 73.57%, Test In: 74.76% Test OOD1: 67.97% Test OOD2: 53.52% Test OOD3: 64.13% 
Epoch: 145, Loss: 3.4786, Cls: 1.1596, Ind: 0.0000, Med: 0.5799, Spu: 0.0000, FD: 1.1596, FDAug: 0.5794, Var: 0.0000, Ctx: 6, MixCtx: 3, Train: 77.01%, Valid: 73.70%, Test In: 74.90% Test OOD1: 66.82% Test OOD2: 53.81% Test OOD3: 63.69% 
Epoch: 146, Loss: 3.4799, Cls: 1.1599, Ind: 0.0000, Med: 0.5801, Spu: 0.0000, FD: 1.1596, FDAug: 0.5803, Var: 0.0000, Ctx: 6, MixCtx: 3, Train: 77.00%, Valid: 73.66%, Test In: 74.83% Test OOD1: 67.69% Test OOD2: 53.63% Test OOD3: 64.03% 
Epoch: 147, Loss: 3.4376, Cls: 1.1459, Ind: 0.0000, Med: 0.5731, Spu: 0.0000, FD: 1.1459, FDAug: 0.5727, Var: 0.0000, Ctx: 6, MixCtx: 3, Train: 77.05%, Valid: 73.68%, Test In: 74.87% Test OOD1: 67.54% Test OOD2: 53.72% Test OOD3: 63.98% 
Epoch: 148, Loss: 3.4203, Cls: 1.1400, Ind: 0.0000, Med: 0.5701, Spu: 0.0000, FD: 1.1401, FDAug: 0.5701, Var: 0.0000, Ctx: 6, MixCtx: 3, Train: 77.07%, Valid: 73.70%, Test In: 74.90% Test OOD1: 67.27% Test OOD2: 53.83% Test OOD3: 63.88% 
Epoch: 149, Loss: 3.4417, Cls: 1.1471, Ind: 0.0000, Med: 0.5737, Spu: 0.0000, FD: 1.1470, FDAug: 0.5738, Var: 0.0000, Ctx: 6, MixCtx: 3, Train: 76.98%, Valid: 73.58%, Test In: 74.79% Test OOD1: 68.04% Test OOD2: 53.63% Test OOD3: 64.18% 
Epoch: 150, Loss: 3.4506, Cls: 1.1503, Ind: 0.0000, Med: 0.5751, Spu: 0.0000, FD: 1.1503, FDAug: 0.5749, Var: 0.0000, Ctx: 6, MixCtx: 3, Train: 77.08%, Valid: 73.67%, Test In: 74.89% Test OOD1: 67.53% Test OOD2: 53.84% Test OOD3: 63.99% 
Epoch: 151, Loss: 3.4363, Cls: 1.1453, Ind: 0.0000, Med: 0.5727, Spu: 0.0000, FD: 1.1453, FDAug: 0.5730, Var: 0.0000, Ctx: 6, MixCtx: 3, Train: 77.06%, Valid: 73.62%, Test In: 74.83% Test OOD1: 67.88% Test OOD2: 53.74% Test OOD3: 64.13% 
Epoch: 152, Loss: 3.4153, Cls: 1.1384, Ind: 0.0000, Med: 0.5692, Spu: 0.0000, FD: 1.1385, FDAug: 0.5692, Var: 0.0000, Ctx: 6, MixCtx: 3, Train: 77.08%, Valid: 73.61%, Test In: 74.84% Test OOD1: 67.87% Test OOD2: 53.74% Test OOD3: 64.15% 
Epoch: 153, Loss: 3.4170, Cls: 1.1390, Ind: 0.0000, Med: 0.5695, Spu: 0.0000, FD: 1.1391, FDAug: 0.5694, Var: 0.0000, Ctx: 6, MixCtx: 3, Train: 77.14%, Valid: 73.67%, Test In: 74.91% Test OOD1: 67.35% Test OOD2: 53.88% Test OOD3: 63.98% 
Epoch: 154, Loss: 3.4331, Cls: 1.1442, Ind: 0.0000, Med: 0.5722, Spu: 0.0000, FD: 1.1442, FDAug: 0.5724, Var: 0.0000, Ctx: 6, MixCtx: 3, Train: 77.10%, Valid: 73.60%, Test In: 74.85% Test OOD1: 67.78% Test OOD2: 53.72% Test OOD3: 64.16% 
Epoch: 155, Loss: 3.4363, Cls: 1.1455, Ind: 0.0000, Med: 0.5728, Spu: 0.0000, FD: 1.1455, FDAug: 0.5725, Var: 0.0000, Ctx: 6, MixCtx: 3, Train: 77.16%, Valid: 73.66%, Test In: 74.93% Test OOD1: 67.17% Test OOD2: 53.90% Test OOD3: 63.94% 
Epoch: 156, Loss: 3.4248, Cls: 1.1416, Ind: 0.0000, Med: 0.5709, Spu: 0.0000, FD: 1.1414, FDAug: 0.5709, Var: 0.0000, Ctx: 6, MixCtx: 3, Train: 77.17%, Valid: 73.65%, Test In: 74.90% Test OOD1: 67.46% Test OOD2: 53.83% Test OOD3: 64.06% 
Epoch: 157, Loss: 3.4104, Cls: 1.1368, Ind: 0.0000, Med: 0.5684, Spu: 0.0000, FD: 1.1368, FDAug: 0.5684, Var: 0.0000, Ctx: 6, MixCtx: 3, Train: 77.18%, Valid: 73.64%, Test In: 74.89% Test OOD1: 67.62% Test OOD2: 53.80% Test OOD3: 64.12% 
Epoch: 158, Loss: 3.4132, Cls: 1.1377, Ind: 0.0000, Med: 0.5688, Spu: 0.0000, FD: 1.1378, FDAug: 0.5688, Var: 0.0000, Ctx: 6, MixCtx: 3, Train: 77.23%, Valid: 73.67%, Test In: 74.92% Test OOD1: 67.38% Test OOD2: 53.91% Test OOD3: 64.01% 
Epoch: 159, Loss: 3.4272, Cls: 1.1424, Ind: 0.0000, Med: 0.5714, Spu: 0.0000, FD: 1.1421, FDAug: 0.5713, Var: 0.0000, Ctx: 6, MixCtx: 3, Train: 77.18%, Valid: 73.60%, Test In: 74.85% Test OOD1: 68.00% Test OOD2: 53.74% Test OOD3: 64.25% 
Epoch: 160, Loss: 3.4327, Cls: 1.1442, Ind: 0.0000, Med: 0.5720, Spu: 0.0000, FD: 1.1445, FDAug: 0.5720, Var: 0.0000, Ctx: 6, MixCtx: 3, Train: 77.28%, Valid: 73.69%, Test In: 74.92% Test OOD1: 67.52% Test OOD2: 53.94% Test OOD3: 64.05% 
Epoch: 161, Loss: 3.4298, Cls: 1.1433, Ind: 0.0000, Med: 0.5718, Spu: 0.0000, FD: 1.1430, FDAug: 0.5718, Var: 0.0000, Ctx: 6, MixCtx: 3, Train: 77.24%, Valid: 73.64%, Test In: 74.88% Test OOD1: 67.95% Test OOD2: 53.80% Test OOD3: 64.22% 
Epoch: 162, Loss: 3.4147, Cls: 1.1382, Ind: 0.0000, Med: 0.5691, Spu: 0.0000, FD: 1.1384, FDAug: 0.5690, Var: 0.0000, Ctx: 6, MixCtx: 3, Train: 77.30%, Valid: 73.69%, Test In: 74.92% Test OOD1: 67.69% Test OOD2: 53.91% Test OOD3: 64.11% 
Epoch: 163, Loss: 3.4042, Cls: 1.1347, Ind: 0.0000, Med: 0.5674, Spu: 0.0000, FD: 1.1347, FDAug: 0.5674, Var: 0.0000, Ctx: 6, MixCtx: 3, Train: 77.33%, Valid: 73.71%, Test In: 74.94% Test OOD1: 67.60% Test OOD2: 53.93% Test OOD3: 64.08% 
Epoch: 164, Loss: 3.4051, Cls: 1.1350, Ind: 0.0000, Med: 0.5676, Spu: 0.0000, FD: 1.1349, FDAug: 0.5676, Var: 0.0000, Ctx: 6, MixCtx: 3, Train: 77.32%, Valid: 73.68%, Test In: 74.91% Test OOD1: 67.82% Test OOD2: 53.85% Test OOD3: 64.18% 
Epoch: 165, Loss: 3.4123, Cls: 1.1375, Ind: 0.0000, Med: 0.5688, Spu: 0.0000, FD: 1.1375, FDAug: 0.5686, Var: 0.0000, Ctx: 6, MixCtx: 3, Train: 77.38%, Valid: 73.72%, Test In: 74.95% Test OOD1: 67.43% Test OOD2: 53.98% Test OOD3: 64.02% 
Epoch: 166, Loss: 3.4164, Cls: 1.1387, Ind: 0.0000, Med: 0.5694, Spu: 0.0000, FD: 1.1387, FDAug: 0.5696, Var: 0.0000, Ctx: 6, MixCtx: 3, Train: 77.35%, Valid: 73.68%, Test In: 74.92% Test OOD1: 67.85% Test OOD2: 53.86% Test OOD3: 64.19% 
Epoch: 167, Loss: 3.4119, Cls: 1.1373, Ind: 0.0000, Med: 0.5687, Spu: 0.0000, FD: 1.1373, FDAug: 0.5685, Var: 0.0000, Ctx: 6, MixCtx: 3, Train: 77.41%, Valid: 73.72%, Test In: 74.96% Test OOD1: 67.53% Test OOD2: 53.98% Test OOD3: 64.07% 
Epoch: 168, Loss: 3.4058, Cls: 1.1352, Ind: 0.0000, Med: 0.5676, Spu: 0.0000, FD: 1.1352, FDAug: 0.5678, Var: 0.0000, Ctx: 6, MixCtx: 3, Train: 77.41%, Valid: 73.69%, Test In: 74.94% Test OOD1: 67.75% Test OOD2: 53.91% Test OOD3: 64.15% 
Epoch: 169, Loss: 3.3999, Cls: 1.1333, Ind: 0.0000, Med: 0.5667, Spu: 0.0000, FD: 1.1333, FDAug: 0.5666, Var: 0.0000, Ctx: 6, MixCtx: 3, Train: 77.44%, Valid: 73.71%, Test In: 74.96% Test OOD1: 67.59% Test OOD2: 53.96% Test OOD3: 64.10% 
Epoch: 170, Loss: 3.3968, Cls: 1.1322, Ind: 0.0000, Med: 0.5662, Spu: 0.0000, FD: 1.1322, FDAug: 0.5661, Var: 0.0000, Ctx: 6, MixCtx: 3, Train: 77.46%, Valid: 73.70%, Test In: 74.96% Test OOD1: 67.56% Test OOD2: 53.96% Test OOD3: 64.09% 
Epoch: 171, Loss: 3.3955, Cls: 1.1318, Ind: 0.0000, Med: 0.5660, Spu: 0.0000, FD: 1.1318, FDAug: 0.5659, Var: 0.0000, Ctx: 6, MixCtx: 3, Train: 77.47%, Valid: 73.69%, Test In: 74.96% Test OOD1: 67.59% Test OOD2: 53.94% Test OOD3: 64.11% 
Epoch: 172, Loss: 3.3960, Cls: 1.1320, Ind: 0.0000, Med: 0.5660, Spu: 0.0000, FD: 1.1320, FDAug: 0.5660, Var: 0.0000, Ctx: 6, MixCtx: 3, Train: 77.51%, Valid: 73.70%, Test In: 74.97% Test OOD1: 67.38% Test OOD2: 54.00% Test OOD3: 64.02% 
Epoch: 173, Loss: 3.3987, Cls: 1.1329, Ind: 0.0000, Med: 0.5666, Spu: 0.0000, FD: 1.1328, FDAug: 0.5665, Var: 0.0000, Ctx: 6, MixCtx: 3, Train: 77.50%, Valid: 73.68%, Test In: 74.95% Test OOD1: 67.70% Test OOD2: 53.90% Test OOD3: 64.17% 
Epoch: 174, Loss: 3.4063, Cls: 1.1354, Ind: 0.0000, Med: 0.5678, Spu: 0.0000, FD: 1.1355, FDAug: 0.5676, Var: 0.0000, Ctx: 6, MixCtx: 3, Train: 77.55%, Valid: 73.70%, Test In: 74.94% Test OOD1: 67.18% Test OOD2: 54.07% Test OOD3: 63.94% 
Epoch: 175, Loss: 3.4285, Cls: 1.1428, Ind: 0.0000, Med: 0.5717, Spu: 0.0000, FD: 1.1424, FDAug: 0.5715, Var: 0.0000, Ctx: 6, MixCtx: 3, Train: 77.47%, Valid: 73.64%, Test In: 74.91% Test OOD1: 67.98% Test OOD2: 53.81% Test OOD3: 64.32% 
Epoch: 176, Loss: 3.4729, Cls: 1.1577, Ind: 0.0000, Med: 0.5789, Spu: 0.0000, FD: 1.1579, FDAug: 0.5784, Var: 0.0000, Ctx: 6, MixCtx: 3, Train: 77.52%, Valid: 73.66%, Test In: 74.86% Test OOD1: 66.81% Test OOD2: 54.18% Test OOD3: 63.77% 
Epoch: 177, Loss: 3.5406, Cls: 1.1803, Ind: 0.0000, Med: 0.5907, Spu: 0.0000, FD: 1.1793, FDAug: 0.5903, Var: 0.0000, Ctx: 6, MixCtx: 3, Train: 77.48%, Valid: 73.63%, Test In: 74.93% Test OOD1: 68.07% Test OOD2: 53.84% Test OOD3: 64.36% 
Epoch: 178, Loss: 3.4924, Cls: 1.1643, Ind: 0.0000, Med: 0.5821, Spu: 0.0000, FD: 1.1643, FDAug: 0.5816, Var: 0.0000, Ctx: 6, MixCtx: 3, Train: 77.60%, Valid: 73.72%, Test In: 75.00% Test OOD1: 67.51% Test OOD2: 54.15% Test OOD3: 64.10% 
Epoch: 179, Loss: 3.4068, Cls: 1.1355, Ind: 0.0000, Med: 0.5678, Spu: 0.0000, FD: 1.1356, FDAug: 0.5678, Var: 0.0000, Ctx: 6, MixCtx: 3, Train: 77.57%, Valid: 73.72%, Test In: 74.97% Test OOD1: 67.48% Test OOD2: 54.20% Test OOD3: 64.07% 
Epoch: 180, Loss: 3.4336, Cls: 1.1445, Ind: 0.0000, Med: 0.5724, Spu: 0.0000, FD: 1.1444, FDAug: 0.5724, Var: 0.0000, Ctx: 6, MixCtx: 3, Train: 77.44%, Valid: 73.61%, Test In: 74.93% Test OOD1: 68.26% Test OOD2: 53.92% Test OOD3: 64.41% 
Epoch: 181, Loss: 3.4545, Cls: 1.1515, Ind: 0.0000, Med: 0.5757, Spu: 0.0000, FD: 1.1517, FDAug: 0.5755, Var: 0.0000, Ctx: 6, MixCtx: 3, Train: 77.53%, Valid: 73.71%, Test In: 74.98% Test OOD1: 67.94% Test OOD2: 54.15% Test OOD3: 64.26% 
Epoch: 182, Loss: 3.4008, Cls: 1.1335, Ind: 0.0000, Med: 0.5668, Spu: 0.0000, FD: 1.1336, FDAug: 0.5669, Var: 0.0000, Ctx: 6, MixCtx: 3, Train: 77.53%, Valid: 73.69%, Test In: 74.98% Test OOD1: 67.90% Test OOD2: 54.19% Test OOD3: 64.26% 
Epoch: 183, Loss: 3.4148, Cls: 1.1381, Ind: 0.0000, Med: 0.5690, Spu: 0.0000, FD: 1.1383, FDAug: 0.5693, Var: 0.0000, Ctx: 6, MixCtx: 3, Train: 77.41%, Valid: 73.54%, Test In: 74.89% Test OOD1: 68.37% Test OOD2: 53.92% Test OOD3: 64.47% 
Epoch: 184, Loss: 3.4418, Cls: 1.1473, Ind: 0.0000, Med: 0.5736, Spu: 0.0000, FD: 1.1474, FDAug: 0.5734, Var: 0.0000, Ctx: 6, MixCtx: 3, Train: 77.59%, Valid: 73.65%, Test In: 75.00% Test OOD1: 67.85% Test OOD2: 54.19% Test OOD3: 64.28% 
Epoch: 185, Loss: 3.4044, Cls: 1.1346, Ind: 0.0000, Med: 0.5672, Spu: 0.0000, FD: 1.1349, FDAug: 0.5676, Var: 0.0000, Ctx: 6, MixCtx: 3, Train: 77.63%, Valid: 73.64%, Test In: 75.03% Test OOD1: 67.68% Test OOD2: 54.18% Test OOD3: 64.27% 
Epoch: 186, Loss: 3.3937, Cls: 1.1311, Ind: 0.0000, Med: 0.5655, Spu: 0.0000, FD: 1.1313, FDAug: 0.5658, Var: 0.0000, Ctx: 6, MixCtx: 3, Train: 77.57%, Valid: 73.59%, Test In: 75.00% Test OOD1: 67.78% Test OOD2: 54.01% Test OOD3: 64.38% 
Epoch: 187, Loss: 3.4224, Cls: 1.1410, Ind: 0.0000, Med: 0.5709, Spu: 0.0000, FD: 1.1405, FDAug: 0.5700, Var: 0.0000, Ctx: 6, MixCtx: 3, Train: 77.64%, Valid: 73.61%, Test In: 75.03% Test OOD1: 67.10% Test OOD2: 54.23% Test OOD3: 64.11% 
Epoch: 188, Loss: 3.4065, Cls: 1.1353, Ind: 0.0000, Med: 0.5675, Spu: 0.0000, FD: 1.1356, FDAug: 0.5681, Var: 0.0000, Ctx: 6, MixCtx: 3, Train: 77.64%, Valid: 73.61%, Test In: 75.04% Test OOD1: 67.28% Test OOD2: 54.16% Test OOD3: 64.20% 
Epoch: 189, Loss: 3.3885, Cls: 1.1294, Ind: 0.0000, Med: 0.5647, Spu: 0.0000, FD: 1.1296, FDAug: 0.5649, Var: 0.0000, Ctx: 6, MixCtx: 3, Train: 77.61%, Valid: 73.59%, Test In: 75.00% Test OOD1: 67.74% Test OOD2: 54.01% Test OOD3: 64.37% 
Epoch: 190, Loss: 3.4103, Cls: 1.1369, Ind: 0.0000, Med: 0.5687, Spu: 0.0000, FD: 1.1366, FDAug: 0.5681, Var: 0.0000, Ctx: 6, MixCtx: 3, Train: 77.72%, Valid: 73.64%, Test In: 75.04% Test OOD1: 67.46% Test OOD2: 54.22% Test OOD3: 64.19% 
Epoch: 191, Loss: 3.4101, Cls: 1.1365, Ind: 0.0000, Med: 0.5683, Spu: 0.0000, FD: 1.1366, FDAug: 0.5686, Var: 0.0000, Ctx: 6, MixCtx: 3, Train: 77.68%, Valid: 73.63%, Test In: 75.01% Test OOD1: 67.92% Test OOD2: 54.07% Test OOD3: 64.36% 
Epoch: 192, Loss: 3.3864, Cls: 1.1288, Ind: 0.0000, Med: 0.5644, Spu: 0.0000, FD: 1.1288, FDAug: 0.5644, Var: 0.0000, Ctx: 6, MixCtx: 3, Train: 77.69%, Valid: 73.63%, Test In: 75.00% Test OOD1: 67.99% Test OOD2: 54.04% Test OOD3: 64.38% 
Epoch: 193, Loss: 3.3911, Cls: 1.1304, Ind: 0.0000, Med: 0.5652, Spu: 0.0000, FD: 1.1305, FDAug: 0.5651, Var: 0.0000, Ctx: 6, MixCtx: 3, Train: 77.78%, Valid: 73.68%, Test In: 75.05% Test OOD1: 67.50% Test OOD2: 54.23% Test OOD3: 64.18% 
Epoch: 194, Loss: 3.4028, Cls: 1.1343, Ind: 0.0000, Med: 0.5674, Spu: 0.0000, FD: 1.1339, FDAug: 0.5672, Var: 0.0000, Ctx: 6, MixCtx: 3, Train: 77.76%, Valid: 73.67%, Test In: 75.04% Test OOD1: 67.75% Test OOD2: 54.09% Test OOD3: 64.31% 
Epoch: 195, Loss: 3.3888, Cls: 1.1295, Ind: 0.0000, Med: 0.5647, Spu: 0.0000, FD: 1.1297, FDAug: 0.5648, Var: 0.0000, Ctx: 6, MixCtx: 3, Train: 77.81%, Valid: 73.70%, Test In: 75.06% Test OOD1: 67.54% Test OOD2: 54.16% Test OOD3: 64.22% 
Epoch: 196, Loss: 3.3808, Cls: 1.1269, Ind: 0.0000, Med: 0.5635, Spu: 0.0000, FD: 1.1269, FDAug: 0.5635, Var: 0.0000, Ctx: 6, MixCtx: 3, Train: 77.84%, Valid: 73.72%, Test In: 75.06% Test OOD1: 67.30% Test OOD2: 54.24% Test OOD3: 64.10% 
Epoch: 197, Loss: 3.3916, Cls: 1.1306, Ind: 0.0000, Med: 0.5655, Spu: 0.0000, FD: 1.1302, FDAug: 0.5652, Var: 0.0000, Ctx: 6, MixCtx: 3, Train: 77.82%, Valid: 73.70%, Test In: 75.05% Test OOD1: 67.77% Test OOD2: 54.11% Test OOD3: 64.29% 
Epoch: 198, Loss: 3.3893, Cls: 1.1297, Ind: 0.0000, Med: 0.5648, Spu: 0.0000, FD: 1.1299, FDAug: 0.5648, Var: 0.0000, Ctx: 6, MixCtx: 3, Train: 77.87%, Valid: 73.72%, Test In: 75.05% Test OOD1: 67.63% Test OOD2: 54.21% Test OOD3: 64.21% 
Epoch: 199, Loss: 3.3778, Cls: 1.1259, Ind: 0.0000, Med: 0.5630, Spu: 0.0000, FD: 1.1259, FDAug: 0.5630, Var: 0.0000, Ctx: 6, MixCtx: 3, Train: 77.88%, Valid: 73.73%, Test In: 75.05% Test OOD1: 67.62% Test OOD2: 54.23% Test OOD3: 64.20% 
Epoch: 200, Loss: 3.3793, Cls: 1.1264, Ind: 0.0000, Med: 0.5633, Spu: 0.0000, FD: 1.1264, FDAug: 0.5632, Var: 0.0000, Ctx: 6, MixCtx: 3, Train: 77.86%, Valid: 73.71%, Test In: 75.05% Test OOD1: 67.86% Test OOD2: 54.13% Test OOD3: 64.31% 
Epoch: 201, Loss: 3.3874, Cls: 1.1291, Ind: 0.0000, Med: 0.5646, Spu: 0.0000, FD: 1.1292, FDAug: 0.5645, Var: 0.0000, Ctx: 6, MixCtx: 3, Train: 77.94%, Valid: 73.73%, Test In: 75.05% Test OOD1: 67.35% Test OOD2: 54.27% Test OOD3: 64.10% 
Epoch: 202, Loss: 3.3877, Cls: 1.1292, Ind: 0.0000, Med: 0.5646, Spu: 0.0000, FD: 1.1292, FDAug: 0.5647, Var: 0.0000, Ctx: 6, MixCtx: 3, Train: 77.93%, Valid: 73.72%, Test In: 75.06% Test OOD1: 67.53% Test OOD2: 54.19% Test OOD3: 64.22% 
Epoch: 203, Loss: 3.3780, Cls: 1.1260, Ind: 0.0000, Med: 0.5631, Spu: 0.0000, FD: 1.1259, FDAug: 0.5629, Var: 0.0000, Ctx: 6, MixCtx: 3, Train: 77.96%, Valid: 73.72%, Test In: 75.06% Test OOD1: 67.37% Test OOD2: 54.24% Test OOD3: 64.16% 
Epoch: 204, Loss: 3.3715, Cls: 1.1238, Ind: 0.0000, Med: 0.5620, Spu: 0.0000, FD: 1.1238, FDAug: 0.5619, Var: 0.0000, Ctx: 6, MixCtx: 3, Train: 77.99%, Valid: 73.72%, Test In: 75.06% Test OOD1: 67.35% Test OOD2: 54.27% Test OOD3: 64.12% 
Epoch: 205, Loss: 3.3738, Cls: 1.1246, Ind: 0.0000, Med: 0.5623, Spu: 0.0000, FD: 1.1246, FDAug: 0.5624, Var: 0.0000, Ctx: 6, MixCtx: 3, Train: 77.97%, Valid: 73.72%, Test In: 75.07% Test OOD1: 67.71% Test OOD2: 54.18% Test OOD3: 64.28% 
Epoch: 206, Loss: 3.3791, Cls: 1.1264, Ind: 0.0000, Med: 0.5633, Spu: 0.0000, FD: 1.1264, FDAug: 0.5631, Var: 0.0000, Ctx: 6, MixCtx: 3, Train: 78.03%, Valid: 73.72%, Test In: 75.06% Test OOD1: 67.41% Test OOD2: 54.30% Test OOD3: 64.12% 
Epoch: 207, Loss: 3.3805, Cls: 1.1267, Ind: 0.0000, Med: 0.5634, Spu: 0.0000, FD: 1.1267, FDAug: 0.5635, Var: 0.0000, Ctx: 6, MixCtx: 3, Train: 78.02%, Valid: 73.71%, Test In: 75.09% Test OOD1: 67.67% Test OOD2: 54.20% Test OOD3: 64.27% 
Epoch: 208, Loss: 3.3762, Cls: 1.1254, Ind: 0.0000, Med: 0.5628, Spu: 0.0000, FD: 1.1254, FDAug: 0.5626, Var: 0.0000, Ctx: 6, MixCtx: 3, Train: 78.07%, Valid: 73.72%, Test In: 75.08% Test OOD1: 67.36% Test OOD2: 54.30% Test OOD3: 64.13% 
Epoch: 209, Loss: 3.3701, Cls: 1.1234, Ind: 0.0000, Med: 0.5618, Spu: 0.0000, FD: 1.1233, FDAug: 0.5617, Var: 0.0000, Ctx: 6, MixCtx: 3, Train: 78.09%, Valid: 73.72%, Test In: 75.10% Test OOD1: 67.44% Test OOD2: 54.27% Test OOD3: 64.19% 
Epoch: 210, Loss: 3.3654, Cls: 1.1218, Ind: 0.0000, Med: 0.5610, Spu: 0.0000, FD: 1.1217, FDAug: 0.5609, Var: 0.0000, Ctx: 6, MixCtx: 3, Train: 78.11%, Valid: 73.72%, Test In: 75.10% Test OOD1: 67.49% Test OOD2: 54.28% Test OOD3: 64.20% 
Epoch: 211, Loss: 3.3639, Cls: 1.1213, Ind: 0.0000, Med: 0.5607, Spu: 0.0000, FD: 1.1212, FDAug: 0.5606, Var: 0.0000, Ctx: 6, MixCtx: 3, Train: 78.14%, Valid: 73.72%, Test In: 75.08% Test OOD1: 67.45% Test OOD2: 54.32% Test OOD3: 64.16% 
Epoch: 212, Loss: 3.3658, Cls: 1.1219, Ind: 0.0000, Med: 0.5611, Spu: 0.0000, FD: 1.1218, FDAug: 0.5610, Var: 0.0000, Ctx: 6, MixCtx: 3, Train: 78.14%, Valid: 73.71%, Test In: 75.09% Test OOD1: 67.63% Test OOD2: 54.26% Test OOD3: 64.26% 
Epoch: 213, Loss: 3.3700, Cls: 1.1233, Ind: 0.0000, Med: 0.5617, Spu: 0.0000, FD: 1.1233, FDAug: 0.5616, Var: 0.0000, Ctx: 6, MixCtx: 3, Train: 78.18%, Valid: 73.71%, Test In: 75.06% Test OOD1: 67.29% Test OOD2: 54.38% Test OOD3: 64.07% 
Epoch: 214, Loss: 3.3759, Cls: 1.1253, Ind: 0.0000, Med: 0.5628, Spu: 0.0000, FD: 1.1251, FDAug: 0.5626, Var: 0.0000, Ctx: 6, MixCtx: 3, Train: 78.16%, Valid: 73.69%, Test In: 75.09% Test OOD1: 67.55% Test OOD2: 54.25% Test OOD3: 64.27% 
Epoch: 215, Loss: 3.3830, Cls: 1.1277, Ind: 0.0000, Med: 0.5640, Spu: 0.0000, FD: 1.1276, FDAug: 0.5636, Var: 0.0000, Ctx: 6, MixCtx: 3, Train: 78.22%, Valid: 73.69%, Test In: 75.05% Test OOD1: 67.17% Test OOD2: 54.43% Test OOD3: 64.00% 
Epoch: 216, Loss: 3.3919, Cls: 1.1306, Ind: 0.0000, Med: 0.5655, Spu: 0.0000, FD: 1.1304, FDAug: 0.5654, Var: 0.0000, Ctx: 6, MixCtx: 3, Train: 78.19%, Valid: 73.69%, Test In: 75.10% Test OOD1: 67.69% Test OOD2: 54.25% Test OOD3: 64.32% 
Epoch: 217, Loss: 3.3957, Cls: 1.1319, Ind: 0.0000, Med: 0.5660, Spu: 0.0000, FD: 1.1319, FDAug: 0.5658, Var: 0.0000, Ctx: 6, MixCtx: 3, Train: 78.25%, Valid: 73.69%, Test In: 75.05% Test OOD1: 67.26% Test OOD2: 54.47% Test OOD3: 64.02% 
Epoch: 218, Loss: 3.3924, Cls: 1.1308, Ind: 0.0000, Med: 0.5656, Spu: 0.0000, FD: 1.1306, FDAug: 0.5654, Var: 0.0000, Ctx: 6, MixCtx: 3, Train: 78.25%, Valid: 73.71%, Test In: 75.11% Test OOD1: 67.72% Test OOD2: 54.32% Test OOD3: 64.31% 
Epoch: 219, Loss: 3.3740, Cls: 1.1247, Ind: 0.0000, Med: 0.5624, Spu: 0.0000, FD: 1.1247, FDAug: 0.5622, Var: 0.0000, Ctx: 6, MixCtx: 3, Train: 78.30%, Valid: 73.72%, Test In: 75.09% Test OOD1: 67.48% Test OOD2: 54.45% Test OOD3: 64.17% 
Epoch: 220, Loss: 3.3578, Cls: 1.1192, Ind: 0.0000, Med: 0.5597, Spu: 0.0000, FD: 1.1192, FDAug: 0.5597, Var: 0.0000, Ctx: 6, MixCtx: 3, Train: 78.33%, Valid: 73.72%, Test In: 75.11% Test OOD1: 67.48% Test OOD2: 54.44% Test OOD3: 64.19% 
Epoch: 221, Loss: 3.3547, Cls: 1.1182, Ind: 0.0000, Med: 0.5592, Spu: 0.0000, FD: 1.1182, FDAug: 0.5591, Var: 0.0000, Ctx: 6, MixCtx: 3, Train: 78.32%, Valid: 73.69%, Test In: 75.11% Test OOD1: 67.59% Test OOD2: 54.35% Test OOD3: 64.29% 
Epoch: 222, Loss: 3.3641, Cls: 1.1214, Ind: 0.0000, Med: 0.5609, Spu: 0.0000, FD: 1.1213, FDAug: 0.5605, Var: 0.0000, Ctx: 6, MixCtx: 3, Train: 78.37%, Valid: 73.68%, Test In: 75.09% Test OOD1: 67.26% Test OOD2: 54.49% Test OOD3: 64.06% 
Epoch: 223, Loss: 3.3803, Cls: 1.1267, Ind: 0.0000, Med: 0.5634, Spu: 0.0000, FD: 1.1267, FDAug: 0.5636, Var: 0.0000, Ctx: 6, MixCtx: 3, Train: 78.29%, Valid: 73.66%, Test In: 75.12% Test OOD1: 67.64% Test OOD2: 54.29% Test OOD3: 64.35% 
Epoch: 224, Loss: 3.3960, Cls: 1.1321, Ind: 0.0000, Med: 0.5663, Spu: 0.0000, FD: 1.1318, FDAug: 0.5657, Var: 0.0000, Ctx: 6, MixCtx: 3, Train: 78.40%, Valid: 73.66%, Test In: 75.09% Test OOD1: 67.17% Test OOD2: 54.55% Test OOD3: 63.99% 
Epoch: 225, Loss: 3.4104, Cls: 1.1367, Ind: 0.0000, Med: 0.5684, Spu: 0.0000, FD: 1.1367, FDAug: 0.5686, Var: 0.0000, Ctx: 6, MixCtx: 3, Train: 78.34%, Valid: 73.67%, Test In: 75.15% Test OOD1: 67.71% Test OOD2: 54.32% Test OOD3: 64.37% 
Epoch: 226, Loss: 3.3986, Cls: 1.1330, Ind: 0.0000, Med: 0.5667, Spu: 0.0000, FD: 1.1327, FDAug: 0.5662, Var: 0.0000, Ctx: 6, MixCtx: 3, Train: 78.44%, Valid: 73.70%, Test In: 75.14% Test OOD1: 67.31% Test OOD2: 54.54% Test OOD3: 64.09% 
Epoch: 227, Loss: 3.3689, Cls: 1.1229, Ind: 0.0000, Med: 0.5615, Spu: 0.0000, FD: 1.1230, FDAug: 0.5616, Var: 0.0000, Ctx: 6, MixCtx: 3, Train: 78.44%, Valid: 73.73%, Test In: 75.17% Test OOD1: 67.52% Test OOD2: 54.50% Test OOD3: 64.23% 
Epoch: 228, Loss: 3.3494, Cls: 1.1165, Ind: 0.0000, Med: 0.5583, Spu: 0.0000, FD: 1.1165, FDAug: 0.5582, Var: 0.0000, Ctx: 6, MixCtx: 3, Train: 78.42%, Valid: 73.71%, Test In: 75.17% Test OOD1: 67.72% Test OOD2: 54.42% Test OOD3: 64.34% 
Epoch: 229, Loss: 3.3659, Cls: 1.1220, Ind: 0.0000, Med: 0.5611, Spu: 0.0000, FD: 1.1219, FDAug: 0.5608, Var: 0.0000, Ctx: 6, MixCtx: 3, Train: 78.49%, Valid: 73.69%, Test In: 75.13% Test OOD1: 67.30% Test OOD2: 54.57% Test OOD3: 64.06% 
Epoch: 230, Loss: 3.3824, Cls: 1.1274, Ind: 0.0000, Med: 0.5637, Spu: 0.0000, FD: 1.1274, FDAug: 0.5639, Var: 0.0000, Ctx: 6, MixCtx: 3, Train: 78.46%, Valid: 73.69%, Test In: 75.16% Test OOD1: 67.64% Test OOD2: 54.39% Test OOD3: 64.32% 
Epoch: 231, Loss: 3.3671, Cls: 1.1224, Ind: 0.0000, Med: 0.5613, Spu: 0.0000, FD: 1.1223, FDAug: 0.5611, Var: 0.0000, Ctx: 6, MixCtx: 3, Train: 78.55%, Valid: 73.70%, Test In: 75.15% Test OOD1: 67.31% Test OOD2: 54.51% Test OOD3: 64.13% 
Epoch: 232, Loss: 3.3467, Cls: 1.1155, Ind: 0.0000, Med: 0.5578, Spu: 0.0000, FD: 1.1155, FDAug: 0.5578, Var: 0.0000, Ctx: 6, MixCtx: 3, Train: 78.56%, Valid: 73.70%, Test In: 75.15% Test OOD1: 67.33% Test OOD2: 54.49% Test OOD3: 64.15% 
Epoch: 233, Loss: 3.3411, Cls: 1.1137, Ind: 0.0000, Med: 0.5569, Spu: 0.0000, FD: 1.1136, FDAug: 0.5569, Var: 0.0000, Ctx: 6, MixCtx: 3, Train: 78.53%, Valid: 73.69%, Test In: 75.14% Test OOD1: 67.52% Test OOD2: 54.41% Test OOD3: 64.25% 
Epoch: 234, Loss: 3.3535, Cls: 1.1178, Ind: 0.0000, Med: 0.5590, Spu: 0.0000, FD: 1.1178, FDAug: 0.5589, Var: 0.0000, Ctx: 6, MixCtx: 3, Train: 78.62%, Valid: 73.68%, Test In: 75.12% Test OOD1: 67.17% Test OOD2: 54.55% Test OOD3: 63.99% 
Epoch: 235, Loss: 3.3747, Cls: 1.1248, Ind: 0.0000, Med: 0.5626, Spu: 0.0000, FD: 1.1247, FDAug: 0.5626, Var: 0.0000, Ctx: 6, MixCtx: 3, Train: 78.54%, Valid: 73.69%, Test In: 75.15% Test OOD1: 67.62% Test OOD2: 54.35% Test OOD3: 64.30% 
Epoch: 236, Loss: 3.3826, Cls: 1.1276, Ind: 0.0000, Med: 0.5638, Spu: 0.0000, FD: 1.1276, FDAug: 0.5636, Var: 0.0000, Ctx: 6, MixCtx: 3, Train: 78.67%, Valid: 73.69%, Test In: 75.13% Test OOD1: 67.10% Test OOD2: 54.57% Test OOD3: 63.97% 
Epoch: 237, Loss: 3.3695, Cls: 1.1232, Ind: 0.0000, Med: 0.5618, Spu: 0.0000, FD: 1.1230, FDAug: 0.5616, Var: 0.0000, Ctx: 6, MixCtx: 3, Train: 78.68%, Valid: 73.73%, Test In: 75.18% Test OOD1: 67.42% Test OOD2: 54.48% Test OOD3: 64.19% 
Epoch: 238, Loss: 3.3421, Cls: 1.1140, Ind: 0.0000, Med: 0.5571, Spu: 0.0000, FD: 1.1140, FDAug: 0.5569, Var: 0.0000, Ctx: 6, MixCtx: 3, Train: 78.71%, Valid: 73.73%, Test In: 75.17% Test OOD1: 67.39% Test OOD2: 54.50% Test OOD3: 64.16% 
Epoch: 239, Loss: 3.3372, Cls: 1.1124, Ind: 0.0000, Med: 0.5563, Spu: 0.0000, FD: 1.1124, FDAug: 0.5562, Var: 0.0000, Ctx: 6, MixCtx: 3, Train: 78.74%, Valid: 73.70%, Test In: 75.13% Test OOD1: 67.16% Test OOD2: 54.57% Test OOD3: 64.00% 
Epoch: 240, Loss: 3.3527, Cls: 1.1176, Ind: 0.0000, Med: 0.5589, Spu: 0.0000, FD: 1.1174, FDAug: 0.5588, Var: 0.0000, Ctx: 6, MixCtx: 3, Train: 78.70%, Valid: 73.69%, Test In: 75.14% Test OOD1: 67.55% Test OOD2: 54.42% Test OOD3: 64.23% 
Epoch: 241, Loss: 3.3595, Cls: 1.1199, Ind: 0.0000, Med: 0.5600, Spu: 0.0000, FD: 1.1198, FDAug: 0.5598, Var: 0.0000, Ctx: 6, MixCtx: 3, Train: 78.79%, Valid: 73.67%, Test In: 75.08% Test OOD1: 67.07% Test OOD2: 54.57% Test OOD3: 63.93% 
Epoch: 242, Loss: 3.3546, Cls: 1.1182, Ind: 0.0000, Med: 0.5592, Spu: 0.0000, FD: 1.1181, FDAug: 0.5592, Var: 0.0000, Ctx: 6, MixCtx: 3, Train: 78.77%, Valid: 73.68%, Test In: 75.12% Test OOD1: 67.32% Test OOD2: 54.46% Test OOD3: 64.14% 
Epoch: 243, Loss: 3.3415, Cls: 1.1138, Ind: 0.0000, Med: 0.5570, Spu: 0.0000, FD: 1.1138, FDAug: 0.5569, Var: 0.0000, Ctx: 6, MixCtx: 3, Train: 78.86%, Valid: 73.68%, Test In: 75.11% Test OOD1: 67.11% Test OOD2: 54.55% Test OOD3: 63.99% 
Epoch: 244, Loss: 3.3307, Cls: 1.1102, Ind: 0.0000, Med: 0.5552, Spu: 0.0000, FD: 1.1101, FDAug: 0.5551, Var: 0.0000, Ctx: 6, MixCtx: 3, Train: 78.87%, Valid: 73.69%, Test In: 75.14% Test OOD1: 67.31% Test OOD2: 54.52% Test OOD3: 64.10% 
Epoch: 245, Loss: 3.3235, Cls: 1.1078, Ind: 0.0000, Med: 0.5540, Spu: 0.0000, FD: 1.1078, FDAug: 0.5539, Var: 0.0000, Ctx: 6, MixCtx: 3, Train: 78.90%, Valid: 73.69%, Test In: 75.13% Test OOD1: 67.28% Test OOD2: 54.53% Test OOD3: 64.08% 
Epoch: 246, Loss: 3.3214, Cls: 1.1071, Ind: 0.0000, Med: 0.5537, Spu: 0.0000, FD: 1.1071, FDAug: 0.5535, Var: 0.0000, Ctx: 6, MixCtx: 3, Train: 78.95%, Valid: 73.68%, Test In: 75.09% Test OOD1: 67.08% Test OOD2: 54.56% Test OOD3: 63.97% 
Epoch: 247, Loss: 3.3225, Cls: 1.1075, Ind: 0.0000, Med: 0.5539, Spu: 0.0000, FD: 1.1074, FDAug: 0.5538, Var: 0.0000, Ctx: 6, MixCtx: 3, Train: 78.95%, Valid: 73.67%, Test In: 75.10% Test OOD1: 67.18% Test OOD2: 54.51% Test OOD3: 64.05% 
Epoch: 248, Loss: 3.3258, Cls: 1.1086, Ind: 0.0000, Med: 0.5544, Spu: 0.0000, FD: 1.1085, FDAug: 0.5542, Var: 0.0000, Ctx: 6, MixCtx: 3, Train: 79.00%, Valid: 73.64%, Test In: 75.04% Test OOD1: 66.97% Test OOD2: 54.60% Test OOD3: 63.86% 
Epoch: 249, Loss: 3.3330, Cls: 1.1110, Ind: 0.0000, Med: 0.5556, Spu: 0.0000, FD: 1.1109, FDAug: 0.5555, Var: 0.0000, Ctx: 6, MixCtx: 3, Train: 78.97%, Valid: 73.65%, Test In: 75.08% Test OOD1: 67.29% Test OOD2: 54.49% Test OOD3: 64.10% 
Epoch: 250, Loss: 3.3470, Cls: 1.1157, Ind: 0.0000, Med: 0.5579, Spu: 0.0000, FD: 1.1156, FDAug: 0.5577, Var: 0.0000, Ctx: 6, MixCtx: 3, Train: 79.01%, Valid: 73.57%, Test In: 74.96% Test OOD1: 66.71% Test OOD2: 54.64% Test OOD3: 63.71% 
Epoch: 251, Loss: 3.3784, Cls: 1.1261, Ind: 0.0000, Med: 0.5632, Spu: 0.0000, FD: 1.1259, FDAug: 0.5631, Var: 0.0000, Ctx: 6, MixCtx: 3, Train: 78.95%, Valid: 73.63%, Test In: 75.10% Test OOD1: 67.25% Test OOD2: 54.41% Test OOD3: 64.15% 
Epoch: 252, Loss: 3.4183, Cls: 1.1395, Ind: 0.0000, Med: 0.5698, Spu: 0.0000, FD: 1.1394, FDAug: 0.5696, Var: 0.0000, Ctx: 6, MixCtx: 3, Train: 78.95%, Valid: 73.50%, Test In: 74.87% Test OOD1: 66.53% Test OOD2: 54.69% Test OOD3: 63.64% 
Epoch: 253, Loss: 3.4421, Cls: 1.1474, Ind: 0.0000, Med: 0.5739, Spu: 0.0000, FD: 1.1471, FDAug: 0.5737, Var: 0.0000, Ctx: 6, MixCtx: 3, Train: 79.03%, Valid: 73.70%, Test In: 75.16% Test OOD1: 67.33% Test OOD2: 54.53% Test OOD3: 64.18% 
Epoch: 254, Loss: 3.3707, Cls: 1.1237, Ind: 0.0000, Med: 0.5620, Spu: 0.0000, FD: 1.1235, FDAug: 0.5616, Var: 0.0000, Ctx: 6, MixCtx: 3, Train: 79.09%, Valid: 73.70%, Test In: 75.12% Test OOD1: 67.16% Test OOD2: 54.67% Test OOD3: 64.01% 
Epoch: 255, Loss: 3.3180, Cls: 1.1060, Ind: 0.0000, Med: 0.5531, Spu: 0.0000, FD: 1.1059, FDAug: 0.5529, Var: 0.0000, Ctx: 6, MixCtx: 3, Train: 79.02%, Valid: 73.63%, Test In: 74.98% Test OOD1: 66.95% Test OOD2: 54.73% Test OOD3: 63.85% 
Epoch: 256, Loss: 3.3607, Cls: 1.1202, Ind: 0.0000, Med: 0.5602, Spu: 0.0000, FD: 1.1201, FDAug: 0.5601, Var: 0.0000, Ctx: 6, MixCtx: 3, Train: 79.03%, Valid: 73.65%, Test In: 75.11% Test OOD1: 67.49% Test OOD2: 54.51% Test OOD3: 64.26% 
Epoch: 257, Loss: 3.3816, Cls: 1.1274, Ind: 0.0000, Med: 0.5640, Spu: 0.0000, FD: 1.1270, FDAug: 0.5633, Var: 0.0000, Ctx: 6, MixCtx: 3, Train: 79.20%, Valid: 73.62%, Test In: 75.03% Test OOD1: 66.83% Test OOD2: 54.70% Test OOD3: 63.86% 
Epoch: 258, Loss: 3.3371, Cls: 1.1123, Ind: 0.0000, Med: 0.5562, Spu: 0.0000, FD: 1.1123, FDAug: 0.5562, Var: 0.0000, Ctx: 6, MixCtx: 3, Train: 79.19%, Valid: 73.63%, Test In: 75.07% Test OOD1: 66.84% Test OOD2: 54.60% Test OOD3: 63.94% 
Epoch: 259, Loss: 3.3051, Cls: 1.1017, Ind: 0.0000, Med: 0.5509, Spu: 0.0000, FD: 1.1016, FDAug: 0.5508, Var: 0.0000, Ctx: 6, MixCtx: 3, Train: 79.11%, Valid: 73.63%, Test In: 75.09% Test OOD1: 67.17% Test OOD2: 54.50% Test OOD3: 64.14% 
Epoch: 260, Loss: 3.3320, Cls: 1.1107, Ind: 0.0000, Med: 0.5555, Spu: 0.0000, FD: 1.1106, FDAug: 0.5552, Var: 0.0000, Ctx: 6, MixCtx: 3, Train: 79.24%, Valid: 73.58%, Test In: 75.01% Test OOD1: 66.94% Test OOD2: 54.71% Test OOD3: 63.84% 
Epoch: 261, Loss: 3.3737, Cls: 1.1246, Ind: 0.0000, Med: 0.5625, Spu: 0.0000, FD: 1.1244, FDAug: 0.5622, Var: 0.0000, Ctx: 6, MixCtx: 3, Train: 79.11%, Valid: 73.61%, Test In: 75.07% Test OOD1: 67.47% Test OOD2: 54.48% Test OOD3: 64.22% 
Epoch: 262, Loss: 3.3573, Cls: 1.1192, Ind: 0.0000, Med: 0.5598, Spu: 0.0000, FD: 1.1189, FDAug: 0.5594, Var: 0.0000, Ctx: 6, MixCtx: 3, Train: 79.34%, Valid: 73.63%, Test In: 75.04% Test OOD1: 66.85% Test OOD2: 54.65% Test OOD3: 63.83% 
Epoch: 263, Loss: 3.3104, Cls: 1.1034, Ind: 0.0000, Med: 0.5517, Spu: 0.0000, FD: 1.1035, FDAug: 0.5518, Var: 0.0000, Ctx: 6, MixCtx: 3, Train: 79.37%, Valid: 73.63%, Test In: 75.03% Test OOD1: 66.77% Test OOD2: 54.63% Test OOD3: 63.79% 
Epoch: 264, Loss: 3.3091, Cls: 1.1029, Ind: 0.0000, Med: 0.5514, Spu: 0.0000, FD: 1.1031, FDAug: 0.5516, Var: 0.0000, Ctx: 6, MixCtx: 3, Train: 79.29%, Valid: 73.63%, Test In: 75.09% Test OOD1: 67.25% Test OOD2: 54.51% Test OOD3: 64.09% 
Epoch: 265, Loss: 3.3317, Cls: 1.1106, Ind: 0.0000, Med: 0.5555, Spu: 0.0000, FD: 1.1104, FDAug: 0.5551, Var: 0.0000, Ctx: 6, MixCtx: 3, Train: 79.36%, Valid: 73.63%, Test In: 75.04% Test OOD1: 67.02% Test OOD2: 54.67% Test OOD3: 63.85% 
Epoch: 266, Loss: 3.3150, Cls: 1.1049, Ind: 0.0000, Med: 0.5525, Spu: 0.0000, FD: 1.1050, FDAug: 0.5525, Var: 0.0000, Ctx: 6, MixCtx: 3, Train: 79.37%, Valid: 73.64%, Test In: 75.07% Test OOD1: 67.17% Test OOD2: 54.62% Test OOD3: 63.98% 
Epoch: 267, Loss: 3.2941, Cls: 1.0980, Ind: 0.0000, Med: 0.5491, Spu: 0.0000, FD: 1.0980, FDAug: 0.5490, Var: 0.0000, Ctx: 6, MixCtx: 3, Train: 79.39%, Valid: 73.61%, Test In: 75.05% Test OOD1: 67.00% Test OOD2: 54.54% Test OOD3: 63.97% 
Epoch: 268, Loss: 3.3036, Cls: 1.1013, Ind: 0.0000, Med: 0.5508, Spu: 0.0000, FD: 1.1011, FDAug: 0.5505, Var: 0.0000, Ctx: 6, MixCtx: 3, Train: 79.50%, Valid: 73.52%, Test In: 74.89% Test OOD1: 66.27% Test OOD2: 54.61% Test OOD3: 63.52% 
Epoch: 269, Loss: 3.3218, Cls: 1.1072, Ind: 0.0000, Med: 0.5536, Spu: 0.0000, FD: 1.1072, FDAug: 0.5537, Var: 0.0000, Ctx: 6, MixCtx: 3, Train: 79.38%, Valid: 73.53%, Test In: 74.91% Test OOD1: 66.55% Test OOD2: 54.47% Test OOD3: 63.77% 
Epoch: 270, Loss: 3.3183, Cls: 1.1061, Ind: 0.0000, Med: 0.5532, Spu: 0.0000, FD: 1.1060, FDAug: 0.5529, Var: 0.0000, Ctx: 6, MixCtx: 3, Train: 79.57%, Valid: 73.56%, Test In: 74.93% Test OOD1: 66.63% Test OOD2: 54.68% Test OOD3: 63.66% 
Epoch: 271, Loss: 3.3002, Cls: 1.1000, Ind: 0.0000, Med: 0.5501, Spu: 0.0000, FD: 1.1000, FDAug: 0.5500, Var: 0.0000, Ctx: 6, MixCtx: 3, Train: 79.53%, Valid: 73.61%, Test In: 75.01% Test OOD1: 66.94% Test OOD2: 54.60% Test OOD3: 63.87% 
Epoch: 272, Loss: 3.2868, Cls: 1.0956, Ind: 0.0000, Med: 0.5479, Spu: 0.0000, FD: 1.0956, FDAug: 0.5478, Var: 0.0000, Ctx: 6, MixCtx: 3, Train: 79.64%, Valid: 73.58%, Test In: 74.97% Test OOD1: 66.61% Test OOD2: 54.62% Test OOD3: 63.68% 
Epoch: 273, Loss: 3.2790, Cls: 1.0930, Ind: 0.0000, Med: 0.5466, Spu: 0.0000, FD: 1.0929, FDAug: 0.5464, Var: 0.0000, Ctx: 6, MixCtx: 3, Train: 79.68%, Valid: 73.51%, Test In: 74.86% Test OOD1: 66.24% Test OOD2: 54.61% Test OOD3: 63.45% 
Epoch: 274, Loss: 3.2825, Cls: 1.0942, Ind: 0.0000, Med: 0.5473, Spu: 0.0000, FD: 1.0940, FDAug: 0.5470, Var: 0.0000, Ctx: 6, MixCtx: 3, Train: 79.69%, Valid: 73.54%, Test In: 74.90% Test OOD1: 66.46% Test OOD2: 54.59% Test OOD3: 63.61% 
Epoch: 275, Loss: 3.2844, Cls: 1.0948, Ind: 0.0000, Med: 0.5475, Spu: 0.0000, FD: 1.0947, FDAug: 0.5473, Var: 0.0000, Ctx: 6, MixCtx: 3, Train: 79.72%, Valid: 73.51%, Test In: 74.87% Test OOD1: 66.46% Test OOD2: 54.68% Test OOD3: 63.50% 
Epoch: 276, Loss: 3.2861, Cls: 1.0954, Ind: 0.0000, Med: 0.5479, Spu: 0.0000, FD: 1.0952, FDAug: 0.5476, Var: 0.0000, Ctx: 6, MixCtx: 3, Train: 79.70%, Valid: 73.56%, Test In: 74.97% Test OOD1: 66.69% Test OOD2: 54.58% Test OOD3: 63.75% 
Epoch: 277, Loss: 3.2927, Cls: 1.0975, Ind: 0.0000, Med: 0.5488, Spu: 0.0000, FD: 1.0976, FDAug: 0.5488, Var: 0.0000, Ctx: 6, MixCtx: 3, Train: 79.78%, Valid: 73.37%, Test In: 74.75% Test OOD1: 65.85% Test OOD2: 54.63% Test OOD3: 63.19% 
Epoch: 278, Loss: 3.3140, Cls: 1.1047, Ind: 0.0000, Med: 0.5526, Spu: 0.0000, FD: 1.1044, FDAug: 0.5522, Var: 0.0000, Ctx: 6, MixCtx: 3, Train: 79.65%, Valid: 73.45%, Test In: 74.85% Test OOD1: 66.13% Test OOD2: 54.45% Test OOD3: 63.56% 
Epoch: 279, Loss: 3.3691, Cls: 1.1231, Ind: 0.0000, Med: 0.5617, Spu: 0.0000, FD: 1.1229, FDAug: 0.5614, Var: 0.0000, Ctx: 6, MixCtx: 3, Train: 79.51%, Valid: 73.22%, Test In: 74.41% Test OOD1: 65.72% Test OOD2: 54.73% Test OOD3: 63.01% 
Epoch: 280, Loss: 3.4756, Cls: 1.1583, Ind: 0.0000, Med: 0.5791, Spu: 0.0000, FD: 1.1586, FDAug: 0.5796, Var: 0.0000, Ctx: 6, MixCtx: 3, Train: 79.52%, Valid: 73.60%, Test In: 75.03% Test OOD1: 67.11% Test OOD2: 54.50% Test OOD3: 64.08% 
Epoch: 281, Loss: 3.5156, Cls: 1.1719, Ind: 0.0000, Med: 0.5862, Spu: 0.0000, FD: 1.1716, FDAug: 0.5858, Var: 0.0000, Ctx: 6, MixCtx: 3, Train: 79.66%, Valid: 73.40%, Test In: 74.60% Test OOD1: 65.70% Test OOD2: 54.73% Test OOD3: 63.19% 
Epoch: 282, Loss: 3.3575, Cls: 1.1192, Ind: 0.0000, Med: 0.5597, Spu: 0.0000, FD: 1.1191, FDAug: 0.5595, Var: 0.0000, Ctx: 6, MixCtx: 3, Train: 79.68%, Valid: 73.41%, Test In: 74.63% Test OOD1: 65.67% Test OOD2: 54.73% Test OOD3: 63.22% 
Epoch: 283, Loss: 3.3483, Cls: 1.1161, Ind: 0.0000, Med: 0.5582, Spu: 0.0000, FD: 1.1160, FDAug: 0.5579, Var: 0.0000, Ctx: 6, MixCtx: 3, Train: 79.71%, Valid: 73.62%, Test In: 75.08% Test OOD1: 66.85% Test OOD2: 54.57% Test OOD3: 63.96% 
Epoch: 284, Loss: 3.4024, Cls: 1.1343, Ind: 0.0000, Med: 0.5674, Spu: 0.0000, FD: 1.1338, FDAug: 0.5669, Var: 0.0000, Ctx: 6, MixCtx: 3, Train: 79.67%, Valid: 73.68%, Test In: 74.97% Test OOD1: 66.85% Test OOD2: 54.76% Test OOD3: 63.80% 
Epoch: 285, Loss: 3.2804, Cls: 1.0935, Ind: 0.0000, Med: 0.5469, Spu: 0.0000, FD: 1.0933, FDAug: 0.5467, Var: 0.0000, Ctx: 6, MixCtx: 3, Train: 79.64%, Valid: 73.58%, Test In: 74.88% Test OOD1: 66.78% Test OOD2: 54.78% Test OOD3: 63.72% 
Epoch: 286, Loss: 3.3536, Cls: 1.1177, Ind: 0.0000, Med: 0.5588, Spu: 0.0000, FD: 1.1180, FDAug: 0.5591, Var: 0.0000, Ctx: 6, MixCtx: 3, Train: 79.49%, Valid: 73.48%, Test In: 75.04% Test OOD1: 67.22% Test OOD2: 54.46% Test OOD3: 64.20% 
Epoch: 287, Loss: 3.3629, Cls: 1.1209, Ind: 0.0000, Med: 0.5605, Spu: 0.0000, FD: 1.1210, FDAug: 0.5605, Var: 0.0000, Ctx: 6, MixCtx: 3, Train: 79.72%, Valid: 73.42%, Test In: 74.95% Test OOD1: 66.08% Test OOD2: 54.50% Test OOD3: 63.62% 
Epoch: 288, Loss: 3.2783, Cls: 1.0927, Ind: 0.0000, Med: 0.5464, Spu: 0.0000, FD: 1.0927, FDAug: 0.5464, Var: 0.0000, Ctx: 6, MixCtx: 3, Train: 79.66%, Valid: 73.29%, Test In: 74.74% Test OOD1: 65.48% Test OOD2: 54.51% Test OOD3: 63.26% 
Epoch: 289, Loss: 3.3268, Cls: 1.1089, Ind: 0.0000, Med: 0.5546, Spu: 0.0000, FD: 1.1088, FDAug: 0.5545, Var: 0.0000, Ctx: 6, MixCtx: 3, Train: 79.56%, Valid: 73.39%, Test In: 74.83% Test OOD1: 66.39% Test OOD2: 54.38% Test OOD3: 63.78% 
Epoch: 290, Loss: 3.3225, Cls: 1.1075, Ind: 0.0000, Med: 0.5538, Spu: 0.0000, FD: 1.1075, FDAug: 0.5537, Var: 0.0000, Ctx: 6, MixCtx: 3, Train: 79.81%, Valid: 73.52%, Test In: 74.91% Test OOD1: 66.90% Test OOD2: 54.51% Test OOD3: 63.86% 
Epoch: 291, Loss: 3.2691, Cls: 1.0897, Ind: 0.0000, Med: 0.5449, Spu: 0.0000, FD: 1.0897, FDAug: 0.5449, Var: 0.0000, Ctx: 6, MixCtx: 3, Train: 79.77%, Valid: 73.55%, Test In: 74.85% Test OOD1: 66.90% Test OOD2: 54.59% Test OOD3: 63.75% 
Epoch: 292, Loss: 3.3067, Cls: 1.1023, Ind: 0.0000, Med: 0.5513, Spu: 0.0000, FD: 1.1021, FDAug: 0.5511, Var: 0.0000, Ctx: 6, MixCtx: 3, Train: 79.74%, Valid: 73.59%, Test In: 74.98% Test OOD1: 67.18% Test OOD2: 54.43% Test OOD3: 63.99% 
Epoch: 293, Loss: 3.2868, Cls: 1.0955, Ind: 0.0000, Med: 0.5477, Spu: 0.0000, FD: 1.0958, FDAug: 0.5478, Var: 0.0000, Ctx: 6, MixCtx: 3, Train: 80.04%, Valid: 73.55%, Test In: 75.02% Test OOD1: 66.55% Test OOD2: 54.39% Test OOD3: 63.67% 
Epoch: 294, Loss: 3.2768, Cls: 1.0921, Ind: 0.0000, Med: 0.5459, Spu: 0.0000, FD: 1.0925, FDAug: 0.5462, Var: 0.0000, Ctx: 6, MixCtx: 3, Train: 80.12%, Valid: 73.41%, Test In: 74.78% Test OOD1: 65.62% Test OOD2: 54.46% Test OOD3: 63.09% 
Epoch: 295, Loss: 3.2939, Cls: 1.0979, Ind: 0.0000, Med: 0.5489, Spu: 0.0000, FD: 1.0980, FDAug: 0.5491, Var: 0.0000, Ctx: 6, MixCtx: 3, Train: 80.10%, Valid: 73.47%, Test In: 74.84% Test OOD1: 66.12% Test OOD2: 54.43% Test OOD3: 63.37% 
Epoch: 296, Loss: 3.2597, Cls: 1.0865, Ind: 0.0000, Med: 0.5433, Spu: 0.0000, FD: 1.0865, FDAug: 0.5433, Var: 0.0000, Ctx: 6, MixCtx: 3, Train: 79.93%, Valid: 73.53%, Test In: 74.90% Test OOD1: 66.76% Test OOD2: 54.42% Test OOD3: 63.76% 
Epoch: 297, Loss: 3.2745, Cls: 1.0915, Ind: 0.0000, Med: 0.5459, Spu: 0.0000, FD: 1.0914, FDAug: 0.5457, Var: 0.0000, Ctx: 6, MixCtx: 3, Train: 80.16%, Valid: 73.54%, Test In: 74.88% Test OOD1: 66.34% Test OOD2: 54.56% Test OOD3: 63.49% 
Epoch: 298, Loss: 3.2766, Cls: 1.0921, Ind: 0.0000, Med: 0.5459, Spu: 0.0000, FD: 1.0924, FDAug: 0.5463, Var: 0.0000, Ctx: 6, MixCtx: 3, Train: 80.14%, Valid: 73.51%, Test In: 74.94% Test OOD1: 66.17% Test OOD2: 54.42% Test OOD3: 63.53% 
Epoch: 299, Loss: 3.2506, Cls: 1.0835, Ind: 0.0000, Med: 0.5419, Spu: 0.0000, FD: 1.0834, FDAug: 0.5417, Var: 0.0000, Ctx: 6, MixCtx: 3, Train: 80.11%, Valid: 73.37%, Test In: 74.82% Test OOD1: 65.65% Test OOD2: 54.36% Test OOD3: 63.27% 
Epoch: 300, Loss: 3.2538, Cls: 1.0846, Ind: 0.0000, Med: 0.5425, Spu: 0.0000, FD: 1.0844, FDAug: 0.5422, Var: 0.0000, Ctx: 6, MixCtx: 3, Train: 80.31%, Valid: 73.35%, Test In: 74.71% Test OOD1: 65.47% Test OOD2: 54.50% Test OOD3: 63.02% 
Epoch: 301, Loss: 3.2634, Cls: 1.0877, Ind: 0.0000, Med: 0.5439, Spu: 0.0000, FD: 1.0878, FDAug: 0.5440, Var: 0.0000, Ctx: 6, MixCtx: 3, Train: 80.24%, Valid: 73.49%, Test In: 74.82% Test OOD1: 66.19% Test OOD2: 54.45% Test OOD3: 63.46% 
Epoch: 302, Loss: 3.2604, Cls: 1.0868, Ind: 0.0000, Med: 0.5435, Spu: 0.0000, FD: 1.0867, FDAug: 0.5433, Var: 0.0000, Ctx: 6, MixCtx: 3, Train: 80.32%, Valid: 73.41%, Test In: 74.66% Test OOD1: 65.78% Test OOD2: 54.55% Test OOD3: 63.09% 
Epoch: 303, Loss: 3.2423, Cls: 1.0808, Ind: 0.0000, Med: 0.5405, Spu: 0.0000, FD: 1.0806, FDAug: 0.5403, Var: 0.0000, Ctx: 6, MixCtx: 3, Train: 80.43%, Valid: 73.38%, Test In: 74.69% Test OOD1: 65.54% Test OOD2: 54.51% Test OOD3: 62.97% 
Epoch: 304, Loss: 3.2339, Cls: 1.0780, Ind: 0.0000, Med: 0.5392, Spu: 0.0000, FD: 1.0778, FDAug: 0.5389, Var: 0.0000, Ctx: 6, MixCtx: 3, Train: 80.45%, Valid: 73.38%, Test In: 74.75% Test OOD1: 65.55% Test OOD2: 54.46% Test OOD3: 63.04% 
Epoch: 305, Loss: 3.2432, Cls: 1.0810, Ind: 0.0000, Med: 0.5406, Spu: 0.0000, FD: 1.0811, FDAug: 0.5405, Var: 0.0000, Ctx: 6, MixCtx: 3, Train: 80.49%, Valid: 73.28%, Test In: 74.57% Test OOD1: 65.34% Test OOD2: 54.53% Test OOD3: 62.80% 
Epoch: 306, Loss: 3.2474, Cls: 1.0825, Ind: 0.0000, Med: 0.5415, Spu: 0.0000, FD: 1.0822, FDAug: 0.5412, Var: 0.0000, Ctx: 6, MixCtx: 3, Train: 80.44%, Valid: 73.38%, Test In: 74.71% Test OOD1: 65.83% Test OOD2: 54.51% Test OOD3: 63.24% 
Epoch: 307, Loss: 3.2549, Cls: 1.0849, Ind: 0.0000, Med: 0.5425, Spu: 0.0000, FD: 1.0850, FDAug: 0.5425, Var: 0.0000, Ctx: 6, MixCtx: 3, Train: 80.51%, Valid: 73.05%, Test In: 74.35% Test OOD1: 64.83% Test OOD2: 54.52% Test OOD3: 62.50% 
Epoch: 308, Loss: 3.2619, Cls: 1.0873, Ind: 0.0000, Med: 0.5439, Spu: 0.0000, FD: 1.0871, FDAug: 0.5435, Var: 0.0000, Ctx: 6, MixCtx: 3, Train: 80.43%, Valid: 73.16%, Test In: 74.61% Test OOD1: 65.17% Test OOD2: 54.40% Test OOD3: 62.96% 
Epoch: 309, Loss: 3.2847, Cls: 1.0949, Ind: 0.0000, Med: 0.5476, Spu: 0.0000, FD: 1.0948, FDAug: 0.5474, Var: 0.0000, Ctx: 6, MixCtx: 3, Train: 80.50%, Valid: 73.12%, Test In: 74.42% Test OOD1: 65.06% Test OOD2: 54.59% Test OOD3: 62.52% 
Epoch: 310, Loss: 3.3161, Cls: 1.1054, Ind: 0.0000, Med: 0.5528, Spu: 0.0000, FD: 1.1052, FDAug: 0.5526, Var: 0.0000, Ctx: 6, MixCtx: 3, Train: 80.38%, Valid: 73.39%, Test In: 74.88% Test OOD1: 66.08% Test OOD2: 54.50% Test OOD3: 63.46% 
Epoch: 311, Loss: 3.3451, Cls: 1.1151, Ind: 0.0000, Med: 0.5578, Spu: 0.0000, FD: 1.1149, FDAug: 0.5574, Var: 0.0000, Ctx: 6, MixCtx: 3, Train: 80.46%, Valid: 72.90%, Test In: 74.07% Test OOD1: 64.34% Test OOD2: 54.49% Test OOD3: 62.17% 
Epoch: 312, Loss: 3.3060, Cls: 1.1020, Ind: 0.0000, Med: 0.5512, Spu: 0.0000, FD: 1.1019, FDAug: 0.5509, Var: 0.0000, Ctx: 6, MixCtx: 3, Train: 80.62%, Valid: 73.05%, Test In: 74.40% Test OOD1: 64.71% Test OOD2: 54.49% Test OOD3: 62.56% 
Epoch: 313, Loss: 3.2406, Cls: 1.0803, Ind: 0.0000, Med: 0.5405, Spu: 0.0000, FD: 1.0798, FDAug: 0.5399, Var: 0.0000, Ctx: 6, MixCtx: 3, Train: 80.61%, Valid: 73.33%, Test In: 74.74% Test OOD1: 65.89% Test OOD2: 54.53% Test OOD3: 63.26% 
Epoch: 314, Loss: 3.2465, Cls: 1.0822, Ind: 0.0000, Med: 0.5414, Spu: 0.0000, FD: 1.0819, FDAug: 0.5410, Var: 0.0000, Ctx: 6, MixCtx: 3, Train: 80.53%, Valid: 73.20%, Test In: 74.53% Test OOD1: 65.71% Test OOD2: 54.62% Test OOD3: 62.92% 
Epoch: 315, Loss: 3.2911, Cls: 1.0969, Ind: 0.0000, Med: 0.5484, Spu: 0.0000, FD: 1.0972, FDAug: 0.5487, Var: 0.0000, Ctx: 6, MixCtx: 3, Train: 80.50%, Valid: 73.29%, Test In: 74.82% Test OOD1: 66.08% Test OOD2: 54.47% Test OOD3: 63.50% 
Epoch: 316, Loss: 3.2641, Cls: 1.0881, Ind: 0.0000, Med: 0.5442, Spu: 0.0000, FD: 1.0879, FDAug: 0.5439, Var: 0.0000, Ctx: 6, MixCtx: 3, Train: 80.67%, Valid: 72.96%, Test In: 74.48% Test OOD1: 64.82% Test OOD2: 54.42% Test OOD3: 62.65% 
Epoch: 317, Loss: 3.2258, Cls: 1.0753, Ind: 0.0000, Med: 0.5378, Spu: 0.0000, FD: 1.0751, FDAug: 0.5375, Var: 0.0000, Ctx: 6, MixCtx: 3, Train: 80.75%, Valid: 73.01%, Test In: 74.47% Test OOD1: 64.91% Test OOD2: 54.46% Test OOD3: 62.63% 
Epoch: 318, Loss: 3.2240, Cls: 1.0747, Ind: 0.0000, Med: 0.5375, Spu: 0.0000, FD: 1.0745, FDAug: 0.5373, Var: 0.0000, Ctx: 6, MixCtx: 3, Train: 80.57%, Valid: 73.32%, Test In: 74.75% Test OOD1: 66.07% Test OOD2: 54.48% Test OOD3: 63.38% 
Epoch: 319, Loss: 3.2547, Cls: 1.0848, Ind: 0.0000, Med: 0.5424, Spu: 0.0000, FD: 1.0850, FDAug: 0.5425, Var: 0.0000, Ctx: 6, MixCtx: 3, Train: 80.77%, Valid: 73.21%, Test In: 74.55% Test OOD1: 65.51% Test OOD2: 54.48% Test OOD3: 62.59% 
Epoch: 320, Loss: 3.2556, Cls: 1.0853, Ind: 0.0000, Med: 0.5429, Spu: 0.0000, FD: 1.0849, FDAug: 0.5424, Var: 0.0000, Ctx: 6, MixCtx: 3, Train: 80.88%, Valid: 73.27%, Test In: 74.71% Test OOD1: 65.30% Test OOD2: 54.33% Test OOD3: 62.69% 
Epoch: 321, Loss: 3.2201, Cls: 1.0732, Ind: 0.0000, Med: 0.5366, Spu: 0.0000, FD: 1.0735, FDAug: 0.5368, Var: 0.0000, Ctx: 6, MixCtx: 3, Train: 80.93%, Valid: 73.25%, Test In: 74.68% Test OOD1: 65.16% Test OOD2: 54.36% Test OOD3: 62.63% 
Epoch: 322, Loss: 3.2117, Cls: 1.0705, Ind: 0.0000, Med: 0.5353, Spu: 0.0000, FD: 1.0706, FDAug: 0.5353, Var: 0.0000, Ctx: 6, MixCtx: 3, Train: 80.94%, Valid: 73.22%, Test In: 74.59% Test OOD1: 65.32% Test OOD2: 54.49% Test OOD3: 62.61% 
Epoch: 323, Loss: 3.2294, Cls: 1.0764, Ind: 0.0000, Med: 0.5383, Spu: 0.0000, FD: 1.0764, FDAug: 0.5382, Var: 0.0000, Ctx: 6, MixCtx: 3, Train: 80.76%, Valid: 73.32%, Test In: 74.71% Test OOD1: 65.83% Test OOD2: 54.41% Test OOD3: 63.24% 
Epoch: 324, Loss: 3.2332, Cls: 1.0778, Ind: 0.0000, Med: 0.5391, Spu: 0.0000, FD: 1.0775, FDAug: 0.5388, Var: 0.0000, Ctx: 6, MixCtx: 3, Train: 81.01%, Valid: 73.12%, Test In: 74.52% Test OOD1: 64.98% Test OOD2: 54.45% Test OOD3: 62.65% 
Epoch: 325, Loss: 3.2086, Cls: 1.0695, Ind: 0.0000, Med: 0.5348, Spu: 0.0000, FD: 1.0695, FDAug: 0.5348, Var: 0.0000, Ctx: 6, MixCtx: 3, Train: 80.99%, Valid: 73.12%, Test In: 74.58% Test OOD1: 64.93% Test OOD2: 54.40% Test OOD3: 62.71% 
Epoch: 326, Loss: 3.1962, Cls: 1.0654, Ind: 0.0000, Med: 0.5329, Spu: 0.0000, FD: 1.0653, FDAug: 0.5326, Var: 0.0000, Ctx: 6, MixCtx: 3, Train: 81.01%, Valid: 73.27%, Test In: 74.70% Test OOD1: 65.40% Test OOD2: 54.42% Test OOD3: 62.95% 
Epoch: 327, Loss: 3.1983, Cls: 1.0662, Ind: 0.0000, Med: 0.5333, Spu: 0.0000, FD: 1.0659, FDAug: 0.5329, Var: 0.0000, Ctx: 6, MixCtx: 3, Train: 81.12%, Valid: 73.16%, Test In: 74.50% Test OOD1: 64.98% Test OOD2: 54.43% Test OOD3: 62.35% 
Epoch: 328, Loss: 3.2091, Cls: 1.0696, Ind: 0.0000, Med: 0.5348, Spu: 0.0000, FD: 1.0698, FDAug: 0.5349, Var: 0.0000, Ctx: 6, MixCtx: 3, Train: 81.08%, Valid: 73.17%, Test In: 74.53% Test OOD1: 64.87% Test OOD2: 54.30% Test OOD3: 62.47% 
Epoch: 329, Loss: 3.2232, Cls: 1.0745, Ind: 0.0000, Med: 0.5375, Spu: 0.0000, FD: 1.0742, FDAug: 0.5370, Var: 0.0000, Ctx: 6, MixCtx: 3, Train: 81.12%, Valid: 72.90%, Test In: 74.15% Test OOD1: 63.96% Test OOD2: 54.34% Test OOD3: 61.50% 
Epoch: 330, Loss: 3.2358, Cls: 1.0786, Ind: 0.0000, Med: 0.5394, Spu: 0.0000, FD: 1.0785, FDAug: 0.5393, Var: 0.0000, Ctx: 6, MixCtx: 3, Train: 81.12%, Valid: 73.22%, Test In: 74.66% Test OOD1: 64.94% Test OOD2: 54.36% Test OOD3: 62.51% 
Epoch: 331, Loss: 3.2475, Cls: 1.0824, Ind: 0.0000, Med: 0.5412, Spu: 0.0000, FD: 1.0825, FDAug: 0.5413, Var: 0.0000, Ctx: 6, MixCtx: 3, Train: 81.13%, Valid: 72.92%, Test In: 74.18% Test OOD1: 64.15% Test OOD2: 54.41% Test OOD3: 61.64% 
Epoch: 332, Loss: 3.2546, Cls: 1.0848, Ind: 0.0000, Med: 0.5425, Spu: 0.0000, FD: 1.0848, FDAug: 0.5424, Var: 0.0000, Ctx: 6, MixCtx: 3, Train: 81.14%, Valid: 73.15%, Test In: 74.61% Test OOD1: 64.93% Test OOD2: 54.40% Test OOD3: 62.65% 
Epoch: 333, Loss: 3.2601, Cls: 1.0867, Ind: 0.0000, Med: 0.5436, Spu: 0.0000, FD: 1.0866, FDAug: 0.5432, Var: 0.0000, Ctx: 6, MixCtx: 3, Train: 81.20%, Valid: 72.86%, Test In: 74.17% Test OOD1: 64.19% Test OOD2: 54.47% Test OOD3: 61.86% 
Epoch: 334, Loss: 3.2517, Cls: 1.0839, Ind: 0.0000, Med: 0.5421, Spu: 0.0000, FD: 1.0838, FDAug: 0.5419, Var: 0.0000, Ctx: 6, MixCtx: 3, Train: 81.20%, Valid: 73.14%, Test In: 74.62% Test OOD1: 64.99% Test OOD2: 54.46% Test OOD3: 62.72% 
Epoch: 335, Loss: 3.2244, Cls: 1.0748, Ind: 0.0000, Med: 0.5376, Spu: 0.0000, FD: 1.0747, FDAug: 0.5373, Var: 0.0000, Ctx: 6, MixCtx: 3, Train: 81.35%, Valid: 73.03%, Test In: 74.42% Test OOD1: 64.68% Test OOD2: 54.48% Test OOD3: 62.23% 
Epoch: 336, Loss: 3.1881, Cls: 1.0627, Ind: 0.0000, Med: 0.5316, Spu: 0.0000, FD: 1.0625, FDAug: 0.5313, Var: 0.0000, Ctx: 6, MixCtx: 3, Train: 81.38%, Valid: 73.08%, Test In: 74.47% Test OOD1: 64.80% Test OOD2: 54.43% Test OOD3: 62.32% 
Epoch: 337, Loss: 3.1711, Cls: 1.0570, Ind: 0.0000, Med: 0.5287, Spu: 0.0000, FD: 1.0569, FDAug: 0.5285, Var: 0.0000, Ctx: 6, MixCtx: 3, Train: 81.35%, Valid: 73.08%, Test In: 74.48% Test OOD1: 64.80% Test OOD2: 54.35% Test OOD3: 62.35% 
Epoch: 338, Loss: 3.1808, Cls: 1.0602, Ind: 0.0000, Med: 0.5302, Spu: 0.0000, FD: 1.0602, FDAug: 0.5301, Var: 0.0000, Ctx: 6, MixCtx: 3, Train: 81.45%, Valid: 72.91%, Test In: 74.24% Test OOD1: 64.31% Test OOD2: 54.33% Test OOD3: 61.68% 
Epoch: 339, Loss: 3.2063, Cls: 1.0688, Ind: 0.0000, Med: 0.5346, Spu: 0.0000, FD: 1.0686, FDAug: 0.5342, Var: 0.0000, Ctx: 6, MixCtx: 3, Train: 81.26%, Valid: 73.14%, Test In: 74.53% Test OOD1: 64.88% Test OOD2: 54.24% Test OOD3: 62.47% 
Epoch: 340, Loss: 3.2406, Cls: 1.0801, Ind: 0.0000, Med: 0.5400, Spu: 0.0000, FD: 1.0803, FDAug: 0.5402, Var: 0.0000, Ctx: 6, MixCtx: 3, Train: 81.37%, Valid: 72.80%, Test In: 74.02% Test OOD1: 63.96% Test OOD2: 54.31% Test OOD3: 61.28% 
Epoch: 341, Loss: 3.2693, Cls: 1.0899, Ind: 0.0000, Med: 0.5452, Spu: 0.0000, FD: 1.0895, FDAug: 0.5447, Var: 0.0000, Ctx: 6, MixCtx: 3, Train: 81.35%, Valid: 73.14%, Test In: 74.53% Test OOD1: 64.78% Test OOD2: 54.25% Test OOD3: 62.44% 
Epoch: 342, Loss: 3.2641, Cls: 1.0879, Ind: 0.0000, Med: 0.5440, Spu: 0.0000, FD: 1.0881, FDAug: 0.5441, Var: 0.0000, Ctx: 6, MixCtx: 3, Train: 81.48%, Valid: 73.00%, Test In: 74.27% Test OOD1: 64.41% Test OOD2: 54.40% Test OOD3: 61.85% 
Epoch: 343, Loss: 3.1983, Cls: 1.0661, Ind: 0.0000, Med: 0.5332, Spu: 0.0000, FD: 1.0659, FDAug: 0.5329, Var: 0.0000, Ctx: 6, MixCtx: 3, Train: 81.50%, Valid: 73.14%, Test In: 74.47% Test OOD1: 64.91% Test OOD2: 54.45% Test OOD3: 62.34% 
Epoch: 344, Loss: 3.1670, Cls: 1.0557, Ind: 0.0000, Med: 0.5280, Spu: 0.0000, FD: 1.0556, FDAug: 0.5278, Var: 0.0000, Ctx: 6, MixCtx: 3, Train: 81.39%, Valid: 73.15%, Test In: 74.58% Test OOD1: 65.05% Test OOD2: 54.39% Test OOD3: 62.68% 
Epoch: 345, Loss: 3.2034, Cls: 1.0679, Ind: 0.0000, Med: 0.5343, Spu: 0.0000, FD: 1.0675, FDAug: 0.5337, Var: 0.0000, Ctx: 6, MixCtx: 3, Train: 81.58%, Valid: 72.85%, Test In: 74.21% Test OOD1: 64.15% Test OOD2: 54.36% Test OOD3: 61.66% 
Epoch: 346, Loss: 3.2365, Cls: 1.0785, Ind: 0.0000, Med: 0.5391, Spu: 0.0000, FD: 1.0792, FDAug: 0.5398, Var: 0.0000, Ctx: 6, MixCtx: 3, Train: 81.38%, Valid: 73.18%, Test In: 74.62% Test OOD1: 64.95% Test OOD2: 54.28% Test OOD3: 62.48% 
Epoch: 347, Loss: 3.2183, Cls: 1.0729, Ind: 0.0000, Med: 0.5368, Spu: 0.0000, FD: 1.0724, FDAug: 0.5362, Var: 0.0000, Ctx: 6, MixCtx: 3, Train: 81.64%, Valid: 73.15%, Test In: 74.45% Test OOD1: 64.63% Test OOD2: 54.35% Test OOD3: 61.67% 
Epoch: 348, Loss: 3.1757, Cls: 1.0584, Ind: 0.0000, Med: 0.5292, Spu: 0.0000, FD: 1.0587, FDAug: 0.5294, Var: 0.0000, Ctx: 6, MixCtx: 3, Train: 81.68%, Valid: 73.16%, Test In: 74.46% Test OOD1: 64.41% Test OOD2: 54.29% Test OOD3: 61.54% 
Epoch: 349, Loss: 3.1542, Cls: 1.0513, Ind: 0.0000, Med: 0.5257, Spu: 0.0000, FD: 1.0514, FDAug: 0.5257, Var: 0.0000, Ctx: 6, MixCtx: 3, Train: 81.68%, Valid: 73.13%, Test In: 74.46% Test OOD1: 64.35% Test OOD2: 54.23% Test OOD3: 61.68% 
Epoch: 350, Loss: 3.1672, Cls: 1.0556, Ind: 0.0000, Med: 0.5279, Spu: 0.0000, FD: 1.0558, FDAug: 0.5280, Var: 0.0000, Ctx: 6, MixCtx: 3, Train: 81.76%, Valid: 72.95%, Test In: 74.25% Test OOD1: 64.23% Test OOD2: 54.31% Test OOD3: 61.46% 
Epoch: 351, Loss: 3.1853, Cls: 1.0618, Ind: 0.0000, Med: 0.5311, Spu: 0.0000, FD: 1.0616, FDAug: 0.5308, Var: 0.0000, Ctx: 6, MixCtx: 3, Train: 81.58%, Valid: 73.10%, Test In: 74.54% Test OOD1: 64.91% Test OOD2: 54.31% Test OOD3: 62.46% 
Epoch: 352, Loss: 3.2008, Cls: 1.0668, Ind: 0.0000, Med: 0.5334, Spu: 0.0000, FD: 1.0670, FDAug: 0.5336, Var: 0.0000, Ctx: 6, MixCtx: 3, Train: 81.79%, Valid: 72.66%, Test In: 73.98% Test OOD1: 63.78% Test OOD2: 54.24% Test OOD3: 61.44% 
Epoch: 353, Loss: 3.1984, Cls: 1.0662, Ind: 0.0000, Med: 0.5334, Spu: 0.0000, FD: 1.0659, FDAug: 0.5329, Var: 0.0000, Ctx: 6, MixCtx: 3, Train: 81.72%, Valid: 72.94%, Test In: 74.34% Test OOD1: 64.32% Test OOD2: 54.24% Test OOD3: 62.08% 
Epoch: 354, Loss: 3.1832, Cls: 1.0610, Ind: 0.0000, Med: 0.5306, Spu: 0.0000, FD: 1.0610, FDAug: 0.5306, Var: 0.0000, Ctx: 6, MixCtx: 3, Train: 81.82%, Valid: 72.94%, Test In: 74.19% Test OOD1: 64.28% Test OOD2: 54.31% Test OOD3: 61.48% 
Epoch: 355, Loss: 3.1629, Cls: 1.0543, Ind: 0.0000, Med: 0.5272, Spu: 0.0000, FD: 1.0542, FDAug: 0.5272, Var: 0.0000, Ctx: 6, MixCtx: 3, Train: 81.88%, Valid: 73.09%, Test In: 74.33% Test OOD1: 64.29% Test OOD2: 54.28% Test OOD3: 61.55% 
Epoch: 356, Loss: 3.1432, Cls: 1.0477, Ind: 0.0000, Med: 0.5240, Spu: 0.0000, FD: 1.0477, FDAug: 0.5238, Var: 0.0000, Ctx: 6, MixCtx: 3, Train: 81.93%, Valid: 72.83%, Test In: 74.05% Test OOD1: 63.50% Test OOD2: 54.13% Test OOD3: 60.96% 
Epoch: 357, Loss: 3.1369, Cls: 1.0456, Ind: 0.0000, Med: 0.5229, Spu: 0.0000, FD: 1.0455, FDAug: 0.5228, Var: 0.0000, Ctx: 6, MixCtx: 3, Train: 82.00%, Valid: 72.95%, Test In: 74.25% Test OOD1: 64.08% Test OOD2: 54.24% Test OOD3: 61.29% 
Epoch: 358, Loss: 3.1334, Cls: 1.0444, Ind: 0.0000, Med: 0.5223, Spu: 0.0000, FD: 1.0445, FDAug: 0.5222, Var: 0.0000, Ctx: 6, MixCtx: 3, Train: 81.89%, Valid: 73.07%, Test In: 74.45% Test OOD1: 64.59% Test OOD2: 54.29% Test OOD3: 61.86% 
Epoch: 359, Loss: 3.1512, Cls: 1.0505, Ind: 0.0000, Med: 0.5257, Spu: 0.0000, FD: 1.0500, FDAug: 0.5250, Var: 0.0000, Ctx: 6, MixCtx: 3, Train: 81.93%, Valid: 72.49%, Test In: 73.67% Test OOD1: 63.13% Test OOD2: 54.08% Test OOD3: 60.54% 
Epoch: 360, Loss: 3.2085, Cls: 1.0693, Ind: 0.0000, Med: 0.5346, Spu: 0.0000, FD: 1.0698, FDAug: 0.5348, Var: 0.0000, Ctx: 6, MixCtx: 3, Train: 81.64%, Valid: 73.01%, Test In: 74.38% Test OOD1: 64.35% Test OOD2: 54.15% Test OOD3: 62.12% 
Epoch: 361, Loss: 3.3897, Cls: 1.1301, Ind: 0.0000, Med: 0.5656, Spu: 0.0000, FD: 1.1293, FDAug: 0.5647, Var: 0.0000, Ctx: 6, MixCtx: 3, Train: 80.79%, Valid: 71.95%, Test In: 72.69% Test OOD1: 63.03% Test OOD2: 53.94% Test OOD3: 59.94% 
Epoch: 362, Loss: 3.6088, Cls: 1.2033, Ind: 0.0000, Med: 0.6022, Spu: 0.0000, FD: 1.2024, FDAug: 0.6009, Var: 0.0000, Ctx: 6, MixCtx: 3, Train: 81.42%, Valid: 73.30%, Test In: 74.52% Test OOD1: 64.99% Test OOD2: 54.39% Test OOD3: 62.42% 
Epoch: 363, Loss: 3.4418, Cls: 1.1467, Ind: 0.0000, Med: 0.5726, Spu: 0.0000, FD: 1.1483, FDAug: 0.5742, Var: 0.0000, Ctx: 6, MixCtx: 3, Train: 81.81%, Valid: 73.09%, Test In: 74.18% Test OOD1: 64.19% Test OOD2: 54.36% Test OOD3: 61.90% 
Epoch: 364, Loss: 3.2641, Cls: 1.0877, Ind: 0.0000, Med: 0.5436, Spu: 0.0000, FD: 1.0884, FDAug: 0.5445, Var: 0.0000, Ctx: 6, MixCtx: 3, Train: 81.15%, Valid: 72.55%, Test In: 73.31% Test OOD1: 63.81% Test OOD2: 54.24% Test OOD3: 61.39% 
Epoch: 365, Loss: 3.4030, Cls: 1.1347, Ind: 0.0000, Med: 0.5680, Spu: 0.0000, FD: 1.1336, FDAug: 0.5667, Var: 0.0000, Ctx: 6, MixCtx: 3, Train: 81.40%, Valid: 73.12%, Test In: 74.15% Test OOD1: 65.22% Test OOD2: 54.38% Test OOD3: 62.56% 
Epoch: 366, Loss: 3.2055, Cls: 1.0686, Ind: 0.0000, Med: 0.5346, Spu: 0.0000, FD: 1.0681, FDAug: 0.5342, Var: 0.0000, Ctx: 6, MixCtx: 3, Train: 80.57%, Valid: 73.21%, Test In: 74.40% Test OOD1: 66.28% Test OOD2: 54.27% Test OOD3: 63.60% 
Epoch: 367, Loss: 3.3932, Cls: 1.1311, Ind: 0.0000, Med: 0.5658, Spu: 0.0000, FD: 1.1308, FDAug: 0.5655, Var: 0.0000, Ctx: 6, MixCtx: 3, Train: 81.39%, Valid: 73.18%, Test In: 74.59% Test OOD1: 65.39% Test OOD2: 54.32% Test OOD3: 62.81% 
Epoch: 368, Loss: 3.1835, Cls: 1.0611, Ind: 0.0000, Med: 0.5307, Spu: 0.0000, FD: 1.0610, FDAug: 0.5306, Var: 0.0000, Ctx: 6, MixCtx: 3, Train: 81.41%, Valid: 73.00%, Test In: 74.48% Test OOD1: 64.71% Test OOD2: 54.31% Test OOD3: 61.90% 
Epoch: 369, Loss: 3.3337, Cls: 1.1112, Ind: 0.0000, Med: 0.5558, Spu: 0.0000, FD: 1.1112, FDAug: 0.5555, Var: 0.0000, Ctx: 6, MixCtx: 3, Train: 81.03%, Valid: 73.32%, Test In: 74.75% Test OOD1: 65.71% Test OOD2: 54.07% Test OOD3: 62.62% 
Epoch: 370, Loss: 3.2126, Cls: 1.0706, Ind: 0.0000, Med: 0.5351, Spu: 0.0000, FD: 1.0712, FDAug: 0.5356, Var: 0.0000, Ctx: 6, MixCtx: 3, Train: 80.96%, Valid: 73.38%, Test In: 74.70% Test OOD1: 66.42% Test OOD2: 53.98% Test OOD3: 62.87% 
Epoch: 371, Loss: 3.2753, Cls: 1.0914, Ind: 0.0000, Med: 0.5453, Spu: 0.0000, FD: 1.0923, FDAug: 0.5462, Var: 0.0000, Ctx: 6, MixCtx: 3, Train: 81.48%, Valid: 73.42%, Test In: 74.47% Test OOD1: 65.43% Test OOD2: 54.04% Test OOD3: 61.62% 
Epoch: 372, Loss: 3.2239, Cls: 1.0746, Ind: 0.0000, Med: 0.5374, Spu: 0.0000, FD: 1.0746, FDAug: 0.5373, Var: 0.0000, Ctx: 6, MixCtx: 3, Train: 81.45%, Valid: 73.34%, Test In: 74.23% Test OOD1: 64.98% Test OOD2: 53.94% Test OOD3: 61.40% 
Epoch: 373, Loss: 3.2438, Cls: 1.0813, Ind: 0.0000, Med: 0.5409, Spu: 0.0000, FD: 1.0811, FDAug: 0.5405, Var: 0.0000, Ctx: 6, MixCtx: 3, Train: 81.46%, Valid: 73.42%, Test In: 74.38% Test OOD1: 65.56% Test OOD2: 53.86% Test OOD3: 62.32% 
Epoch: 374, Loss: 3.2160, Cls: 1.0718, Ind: 0.0000, Med: 0.5357, Spu: 0.0000, FD: 1.0723, FDAug: 0.5362, Var: 0.0000, Ctx: 6, MixCtx: 3, Train: 81.52%, Valid: 73.38%, Test In: 74.51% Test OOD1: 65.71% Test OOD2: 53.97% Test OOD3: 62.76% 
Epoch: 375, Loss: 3.2189, Cls: 1.0729, Ind: 0.0000, Med: 0.5365, Spu: 0.0000, FD: 1.0730, FDAug: 0.5365, Var: 0.0000, Ctx: 6, MixCtx: 3, Train: 81.76%, Valid: 73.15%, Test In: 74.53% Test OOD1: 65.38% Test OOD2: 54.24% Test OOD3: 62.63% 
Epoch: 376, Loss: 3.1917, Cls: 1.0639, Ind: 0.0000, Med: 0.5320, Spu: 0.0000, FD: 1.0638, FDAug: 0.5319, Var: 0.0000, Ctx: 6, MixCtx: 3, Train: 81.70%, Valid: 73.02%, Test In: 74.52% Test OOD1: 65.37% Test OOD2: 54.30% Test OOD3: 62.70% 
Epoch: 377, Loss: 3.2041, Cls: 1.0679, Ind: 0.0000, Med: 0.5339, Spu: 0.0000, FD: 1.0682, FDAug: 0.5341, Var: 0.0000, Ctx: 6, MixCtx: 3, Train: 81.39%, Valid: 73.11%, Test In: 74.52% Test OOD1: 65.53% Test OOD2: 54.15% Test OOD3: 63.02% 
Epoch: 378, Loss: 3.1877, Cls: 1.0626, Ind: 0.0000, Med: 0.5316, Spu: 0.0000, FD: 1.0623, FDAug: 0.5312, Var: 0.0000, Ctx: 6, MixCtx: 3, Train: 81.59%, Valid: 73.05%, Test In: 74.34% Test OOD1: 64.91% Test OOD2: 54.02% Test OOD3: 62.57% 
Epoch: 379, Loss: 3.1723, Cls: 1.0575, Ind: 0.0000, Med: 0.5291, Spu: 0.0000, FD: 1.0571, FDAug: 0.5286, Var: 0.0000, Ctx: 6, MixCtx: 3, Train: 81.95%, Valid: 72.94%, Test In: 74.01% Test OOD1: 64.01% Test OOD2: 54.00% Test OOD3: 61.47% 
Epoch: 380, Loss: 3.1812, Cls: 1.0600, Ind: 0.0000, Med: 0.5297, Spu: 0.0000, FD: 1.0610, FDAug: 0.5304, Var: 0.0000, Ctx: 6, MixCtx: 3, Train: 82.01%, Valid: 73.24%, Test In: 74.20% Test OOD1: 64.56% Test OOD2: 54.01% Test OOD3: 61.48% 
Epoch: 381, Loss: 3.1384, Cls: 1.0459, Ind: 0.0000, Med: 0.5228, Spu: 0.0000, FD: 1.0464, FDAug: 0.5232, Var: 0.0000, Ctx: 6, MixCtx: 3, Train: 81.76%, Valid: 73.44%, Test In: 74.46% Test OOD1: 65.34% Test OOD2: 53.98% Test OOD3: 61.92% 
Epoch: 382, Loss: 3.1842, Cls: 1.0615, Ind: 0.0000, Med: 0.5311, Spu: 0.0000, FD: 1.0610, FDAug: 0.5305, Var: 0.0000, Ctx: 6, MixCtx: 3, Train: 82.03%, Valid: 73.15%, Test In: 74.11% Test OOD1: 63.94% Test OOD2: 53.92% Test OOD3: 60.83% 
Epoch: 383, Loss: 3.1355, Cls: 1.0451, Ind: 0.0000, Med: 0.5225, Spu: 0.0000, FD: 1.0453, FDAug: 0.5226, Var: 0.0000, Ctx: 6, MixCtx: 3, Train: 82.13%, Valid: 72.93%, Test In: 73.95% Test OOD1: 63.67% Test OOD2: 53.96% Test OOD3: 60.94% 
Epoch: 384, Loss: 3.1429, Cls: 1.0476, Ind: 0.0000, Med: 0.5238, Spu: 0.0000, FD: 1.0478, FDAug: 0.5238, Var: 0.0000, Ctx: 6, MixCtx: 3, Train: 82.08%, Valid: 73.07%, Test In: 74.25% Test OOD1: 64.61% Test OOD2: 54.11% Test OOD3: 62.05% 
Epoch: 385, Loss: 3.1530, Cls: 1.0510, Ind: 0.0000, Med: 0.5257, Spu: 0.0000, FD: 1.0508, FDAug: 0.5254, Var: 0.0000, Ctx: 6, MixCtx: 3, Train: 82.20%, Valid: 72.75%, Test In: 73.95% Test OOD1: 64.07% Test OOD2: 54.17% Test OOD3: 61.65% 
Epoch: 386, Loss: 3.1193, Cls: 1.0397, Ind: 0.0000, Med: 0.5199, Spu: 0.0000, FD: 1.0398, FDAug: 0.5199, Var: 0.0000, Ctx: 6, MixCtx: 3, Train: 82.25%, Valid: 72.50%, Test In: 73.74% Test OOD1: 63.46% Test OOD2: 54.13% Test OOD3: 61.25% 
Epoch: 387, Loss: 3.1211, Cls: 1.0404, Ind: 0.0000, Med: 0.5204, Spu: 0.0000, FD: 1.0402, FDAug: 0.5201, Var: 0.0000, Ctx: 6, MixCtx: 3, Train: 82.23%, Valid: 72.59%, Test In: 73.93% Test OOD1: 63.47% Test OOD2: 54.10% Test OOD3: 61.30% 
Epoch: 388, Loss: 3.1415, Cls: 1.0471, Ind: 0.0000, Med: 0.5236, Spu: 0.0000, FD: 1.0472, FDAug: 0.5236, Var: 0.0000, Ctx: 6, MixCtx: 3, Train: 82.29%, Valid: 72.46%, Test In: 73.47% Test OOD1: 62.98% Test OOD2: 54.04% Test OOD3: 60.45% 
Epoch: 389, Loss: 3.1185, Cls: 1.0395, Ind: 0.0000, Med: 0.5200, Spu: 0.0000, FD: 1.0393, FDAug: 0.5197, Var: 0.0000, Ctx: 6, MixCtx: 3, Train: 82.40%, Valid: 72.61%, Test In: 73.65% Test OOD1: 63.28% Test OOD2: 54.08% Test OOD3: 60.65% 
Epoch: 390, Loss: 3.1007, Cls: 1.0335, Ind: 0.0000, Med: 0.5169, Spu: 0.0000, FD: 1.0336, FDAug: 0.5168, Var: 0.0000, Ctx: 6, MixCtx: 3, Train: 82.44%, Valid: 72.64%, Test In: 73.79% Test OOD1: 63.42% Test OOD2: 54.06% Test OOD3: 60.93% 
Epoch: 391, Loss: 3.1137, Cls: 1.0378, Ind: 0.0000, Med: 0.5189, Spu: 0.0000, FD: 1.0380, FDAug: 0.5190, Var: 0.0000, Ctx: 6, MixCtx: 3, Train: 82.48%, Valid: 72.41%, Test In: 73.53% Test OOD1: 63.07% Test OOD2: 54.04% Test OOD3: 60.40% 
Epoch: 392, Loss: 3.1308, Cls: 1.0436, Ind: 0.0000, Med: 0.5220, Spu: 0.0000, FD: 1.0434, FDAug: 0.5217, Var: 0.0000, Ctx: 6, MixCtx: 3, Train: 82.43%, Valid: 72.62%, Test In: 74.00% Test OOD1: 63.79% Test OOD2: 54.13% Test OOD3: 61.25% 
Epoch: 393, Loss: 3.1214, Cls: 1.0404, Ind: 0.0000, Med: 0.5203, Spu: 0.0000, FD: 1.0404, FDAug: 0.5203, Var: 0.0000, Ctx: 6, MixCtx: 3, Train: 82.63%, Valid: 72.41%, Test In: 73.61% Test OOD1: 63.27% Test OOD2: 54.08% Test OOD3: 60.55% 
Epoch: 394, Loss: 3.0961, Cls: 1.0320, Ind: 0.0000, Med: 0.5162, Spu: 0.0000, FD: 1.0320, FDAug: 0.5160, Var: 0.0000, Ctx: 6, MixCtx: 3, Train: 82.67%, Valid: 72.39%, Test In: 73.57% Test OOD1: 63.18% Test OOD2: 54.07% Test OOD3: 60.60% 
Epoch: 395, Loss: 3.0846, Cls: 1.0282, Ind: 0.0000, Med: 0.5143, Spu: 0.0000, FD: 1.0281, FDAug: 0.5141, Var: 0.0000, Ctx: 6, MixCtx: 3, Train: 82.70%, Valid: 72.41%, Test In: 73.66% Test OOD1: 63.31% Test OOD2: 54.09% Test OOD3: 60.79% 
Epoch: 396, Loss: 3.0894, Cls: 1.0298, Ind: 0.0000, Med: 0.5151, Spu: 0.0000, FD: 1.0296, FDAug: 0.5149, Var: 0.0000, Ctx: 6, MixCtx: 3, Train: 82.72%, Valid: 72.24%, Test In: 73.50% Test OOD1: 63.24% Test OOD2: 54.10% Test OOD3: 60.51% 
Epoch: 397, Loss: 3.0956, Cls: 1.0318, Ind: 0.0000, Med: 0.5160, Spu: 0.0000, FD: 1.0318, FDAug: 0.5159, Var: 0.0000, Ctx: 6, MixCtx: 3, Train: 82.73%, Valid: 72.48%, Test In: 73.89% Test OOD1: 63.62% Test OOD2: 54.13% Test OOD3: 61.11% 
Epoch: 398, Loss: 3.0938, Cls: 1.0313, Ind: 0.0000, Med: 0.5159, Spu: 0.0000, FD: 1.0310, FDAug: 0.5156, Var: 0.0000, Ctx: 6, MixCtx: 3, Train: 82.83%, Valid: 72.41%, Test In: 73.60% Test OOD1: 63.39% Test OOD2: 54.09% Test OOD3: 60.55% 
Epoch: 399, Loss: 3.0863, Cls: 1.0287, Ind: 0.0000, Med: 0.5145, Spu: 0.0000, FD: 1.0287, FDAug: 0.5143, Var: 0.0000, Ctx: 6, MixCtx: 3, Train: 82.83%, Valid: 72.65%, Test In: 73.81% Test OOD1: 63.67% Test OOD2: 54.08% Test OOD3: 60.87% 
Epoch: 400, Loss: 3.0798, Cls: 1.0266, Ind: 0.0000, Med: 0.5135, Spu: 0.0000, FD: 1.0264, FDAug: 0.5132, Var: 0.0000, Ctx: 6, MixCtx: 3, Train: 82.89%, Valid: 72.59%, Test In: 73.61% Test OOD1: 63.46% Test OOD2: 54.05% Test OOD3: 60.37% 
Epoch: 401, Loss: 3.0707, Cls: 1.0235, Ind: 0.0000, Med: 0.5119, Spu: 0.0000, FD: 1.0235, FDAug: 0.5117, Var: 0.0000, Ctx: 6, MixCtx: 3, Train: 82.98%, Valid: 72.56%, Test In: 73.66% Test OOD1: 63.27% Test OOD2: 54.03% Test OOD3: 60.30% 
Epoch: 402, Loss: 3.0634, Cls: 1.0211, Ind: 0.0000, Med: 0.5107, Spu: 0.0000, FD: 1.0210, FDAug: 0.5105, Var: 0.0000, Ctx: 6, MixCtx: 3, Train: 83.03%, Valid: 72.42%, Test In: 73.58% Test OOD1: 63.12% Test OOD2: 54.02% Test OOD3: 60.29% 
Epoch: 403, Loss: 3.0592, Cls: 1.0197, Ind: 0.0000, Med: 0.5101, Spu: 0.0000, FD: 1.0196, FDAug: 0.5098, Var: 0.0000, Ctx: 6, MixCtx: 3, Train: 83.05%, Valid: 72.49%, Test In: 73.67% Test OOD1: 63.52% Test OOD2: 54.11% Test OOD3: 60.66% 
Epoch: 404, Loss: 3.0576, Cls: 1.0192, Ind: 0.0000, Med: 0.5097, Spu: 0.0000, FD: 1.0192, FDAug: 0.5096, Var: 0.0000, Ctx: 6, MixCtx: 3, Train: 83.10%, Valid: 72.44%, Test In: 73.62% Test OOD1: 63.15% Test OOD2: 54.02% Test OOD3: 60.45% 
Epoch: 405, Loss: 3.0553, Cls: 1.0185, Ind: 0.0000, Med: 0.5094, Spu: 0.0000, FD: 1.0183, FDAug: 0.5092, Var: 0.0000, Ctx: 6, MixCtx: 3, Train: 83.15%, Valid: 72.47%, Test In: 73.54% Test OOD1: 63.20% Test OOD2: 53.99% Test OOD3: 60.03% 
Epoch: 406, Loss: 3.0570, Cls: 1.0189, Ind: 0.0000, Med: 0.5096, Spu: 0.0000, FD: 1.0190, FDAug: 0.5095, Var: 0.0000, Ctx: 6, MixCtx: 3, Train: 83.15%, Valid: 72.64%, Test In: 73.80% Test OOD1: 63.28% Test OOD2: 53.99% Test OOD3: 60.23% 
Epoch: 407, Loss: 3.0715, Cls: 1.0239, Ind: 0.0000, Med: 0.5122, Spu: 0.0000, FD: 1.0236, FDAug: 0.5118, Var: 0.0000, Ctx: 6, MixCtx: 3, Train: 83.11%, Valid: 72.09%, Test In: 73.03% Test OOD1: 62.43% Test OOD2: 53.79% Test OOD3: 59.25% 
Epoch: 408, Loss: 3.1187, Cls: 1.0394, Ind: 0.0000, Med: 0.5197, Spu: 0.0000, FD: 1.0398, FDAug: 0.5198, Var: 0.0000, Ctx: 6, MixCtx: 3, Train: 82.73%, Valid: 72.65%, Test In: 74.01% Test OOD1: 63.80% Test OOD2: 54.08% Test OOD3: 61.25% 
Epoch: 409, Loss: 3.2757, Cls: 1.0922, Ind: 0.0000, Med: 0.5468, Spu: 0.0000, FD: 1.0912, FDAug: 0.5455, Var: 0.0000, Ctx: 6, MixCtx: 3, Train: 82.24%, Valid: 71.40%, Test In: 72.16% Test OOD1: 62.19% Test OOD2: 53.65% Test OOD3: 58.78% 
Epoch: 410, Loss: 3.5134, Cls: 1.1709, Ind: 0.0000, Med: 0.5852, Spu: 0.0000, FD: 1.1716, FDAug: 0.5857, Var: 0.0000, Ctx: 6, MixCtx: 3, Train: 82.65%, Valid: 72.60%, Test In: 73.89% Test OOD1: 63.21% Test OOD2: 54.00% Test OOD3: 61.09% 
Epoch: 411, Loss: 3.5123, Cls: 1.1709, Ind: 0.0000, Med: 0.5857, Spu: 0.0000, FD: 1.1706, FDAug: 0.5851, Var: 0.0000, Ctx: 6, MixCtx: 3, Train: 83.01%, Valid: 72.60%, Test In: 73.61% Test OOD1: 63.74% Test OOD2: 54.11% Test OOD3: 61.05% 
Epoch: 412, Loss: 3.1415, Cls: 1.0471, Ind: 0.0000, Med: 0.5237, Spu: 0.0000, FD: 1.0470, FDAug: 0.5236, Var: 0.0000, Ctx: 6, MixCtx: 3, Train: 81.86%, Valid: 72.18%, Test In: 73.03% Test OOD1: 64.26% Test OOD2: 54.19% Test OOD3: 61.02% 
Epoch: 413, Loss: 3.4228, Cls: 1.1414, Ind: 0.0000, Med: 0.5715, Spu: 0.0000, FD: 1.1400, FDAug: 0.5699, Var: 0.0000, Ctx: 6, MixCtx: 3, Train: 81.64%, Valid: 73.02%, Test In: 74.10% Test OOD1: 65.81% Test OOD2: 54.37% Test OOD3: 62.64% 
Epoch: 414, Loss: 3.1664, Cls: 1.0555, Ind: 0.0000, Med: 0.5280, Spu: 0.0000, FD: 1.0552, FDAug: 0.5277, Var: 0.0000, Ctx: 6, MixCtx: 3, Train: 81.80%, Valid: 73.18%, Test In: 74.33% Test OOD1: 65.88% Test OOD2: 54.23% Test OOD3: 62.84% 
Epoch: 415, Loss: 3.2914, Cls: 1.0970, Ind: 0.0000, Med: 0.5486, Spu: 0.0000, FD: 1.0972, FDAug: 0.5487, Var: 0.0000, Ctx: 6, MixCtx: 3, Train: 82.28%, Valid: 72.67%, Test In: 73.56% Test OOD1: 62.67% Test OOD2: 53.86% Test OOD3: 60.00% 
Epoch: 416, Loss: 3.1769, Cls: 1.0591, Ind: 0.0000, Med: 0.5300, Spu: 0.0000, FD: 1.0584, FDAug: 0.5293, Var: 0.0000, Ctx: 6, MixCtx: 3, Train: 82.10%, Valid: 72.45%, Test In: 73.32% Test OOD1: 62.33% Test OOD2: 53.84% Test OOD3: 59.39% 
Epoch: 417, Loss: 3.2734, Cls: 1.0913, Ind: 0.0000, Med: 0.5463, Spu: 0.0000, FD: 1.0905, FDAug: 0.5453, Var: 0.0000, Ctx: 6, MixCtx: 3, Train: 82.35%, Valid: 73.16%, Test In: 74.39% Test OOD1: 65.39% Test OOD2: 54.06% Test OOD3: 61.91% 
Epoch: 418, Loss: 3.1148, Cls: 1.0380, Ind: 0.0000, Med: 0.5189, Spu: 0.0000, FD: 1.0386, FDAug: 0.5193, Var: 0.0000, Ctx: 6, MixCtx: 3, Train: 81.33%, Valid: 73.18%, Test In: 74.35% Test OOD1: 66.56% Test OOD2: 54.12% Test OOD3: 62.92% 
Epoch: 419, Loss: 3.2591, Cls: 1.0860, Ind: 0.0000, Med: 0.5426, Spu: 0.0000, FD: 1.0870, FDAug: 0.5435, Var: 0.0000, Ctx: 6, MixCtx: 3, Train: 82.67%, Valid: 72.94%, Test In: 74.10% Test OOD1: 64.52% Test OOD2: 53.97% Test OOD3: 61.21% 
Epoch: 420, Loss: 3.1439, Cls: 1.0479, Ind: 0.0000, Med: 0.5240, Spu: 0.0000, FD: 1.0480, FDAug: 0.5240, Var: 0.0000, Ctx: 6, MixCtx: 3, Train: 82.36%, Valid: 72.60%, Test In: 73.57% Test OOD1: 63.05% Test OOD2: 53.73% Test OOD3: 60.31% 
Epoch: 421, Loss: 3.1906, Cls: 1.0636, Ind: 0.0000, Med: 0.5321, Spu: 0.0000, FD: 1.0633, FDAug: 0.5316, Var: 0.0000, Ctx: 6, MixCtx: 3, Train: 82.67%, Valid: 72.98%, Test In: 74.06% Test OOD1: 64.17% Test OOD2: 53.75% Test OOD3: 61.33% 
Epoch: 422, Loss: 3.1487, Cls: 1.0494, Ind: 0.0000, Med: 0.5245, Spu: 0.0000, FD: 1.0499, FDAug: 0.5250, Var: 0.0000, Ctx: 6, MixCtx: 3, Train: 82.30%, Valid: 73.24%, Test In: 74.35% Test OOD1: 65.88% Test OOD2: 54.02% Test OOD3: 62.46% 
Epoch: 423, Loss: 3.1616, Cls: 1.0538, Ind: 0.0000, Med: 0.5270, Spu: 0.0000, FD: 1.0539, FDAug: 0.5269, Var: 0.0000, Ctx: 6, MixCtx: 3, Train: 82.34%, Valid: 73.03%, Test In: 74.12% Test OOD1: 65.57% Test OOD2: 54.13% Test OOD3: 62.17% 
Epoch: 424, Loss: 3.1347, Cls: 1.0450, Ind: 0.0000, Med: 0.5229, Spu: 0.0000, FD: 1.0446, FDAug: 0.5223, Var: 0.0000, Ctx: 6, MixCtx: 3, Train: 82.92%, Valid: 72.95%, Test In: 73.98% Test OOD1: 64.92% Test OOD2: 54.07% Test OOD3: 61.60% 
Epoch: 425, Loss: 3.1202, Cls: 1.0401, Ind: 0.0000, Med: 0.5203, Spu: 0.0000, FD: 1.0399, FDAug: 0.5199, Var: 0.0000, Ctx: 6, MixCtx: 3, Train: 82.77%, Valid: 72.93%, Test In: 73.81% Test OOD1: 63.87% Test OOD2: 53.76% Test OOD3: 61.10% 
Epoch: 426, Loss: 3.1150, Cls: 1.0384, Ind: 0.0000, Med: 0.5196, Spu: 0.0000, FD: 1.0380, FDAug: 0.5190, Var: 0.0000, Ctx: 6, MixCtx: 3, Train: 82.78%, Valid: 72.96%, Test In: 73.73% Test OOD1: 63.67% Test OOD2: 53.73% Test OOD3: 60.76% 
Epoch: 427, Loss: 3.1015, Cls: 1.0338, Ind: 0.0000, Med: 0.5173, Spu: 0.0000, FD: 1.0335, FDAug: 0.5168, Var: 0.0000, Ctx: 6, MixCtx: 3, Train: 83.06%, Valid: 73.02%, Test In: 73.85% Test OOD1: 64.42% Test OOD2: 53.98% Test OOD3: 60.79% 
Epoch: 428, Loss: 3.1089, Cls: 1.0359, Ind: 0.0000, Med: 0.5176, Spu: 0.0000, FD: 1.0370, FDAug: 0.5184, Var: 0.0000, Ctx: 6, MixCtx: 3, Train: 82.93%, Valid: 73.18%, Test In: 74.03% Test OOD1: 64.92% Test OOD2: 53.99% Test OOD3: 61.28% 
Epoch: 429, Loss: 3.0719, Cls: 1.0237, Ind: 0.0000, Med: 0.5116, Spu: 0.0000, FD: 1.0244, FDAug: 0.5122, Var: 0.0000, Ctx: 6, MixCtx: 3, Train: 83.21%, Valid: 72.99%, Test In: 73.88% Test OOD1: 63.95% Test OOD2: 53.76% Test OOD3: 60.83% 
Epoch: 430, Loss: 3.0789, Cls: 1.0266, Ind: 0.0000, Med: 0.5140, Spu: 0.0000, FD: 1.0255, FDAug: 0.5128, Var: 0.0000, Ctx: 6, MixCtx: 3, Train: 83.17%, Valid: 72.54%, Test In: 73.40% Test OOD1: 62.56% Test OOD2: 53.59% Test OOD3: 59.84% 
Epoch: 431, Loss: 3.0565, Cls: 1.0187, Ind: 0.0000, Med: 0.5095, Spu: 0.0000, FD: 1.0188, FDAug: 0.5094, Var: 0.0000, Ctx: 6, MixCtx: 3, Train: 83.33%, Valid: 72.63%, Test In: 73.69% Test OOD1: 63.55% Test OOD2: 53.90% Test OOD3: 60.46% 
Epoch: 432, Loss: 3.0585, Cls: 1.0191, Ind: 0.0000, Med: 0.5092, Spu: 0.0000, FD: 1.0201, FDAug: 0.5100, Var: 0.0000, Ctx: 6, MixCtx: 3, Train: 83.08%, Valid: 72.85%, Test In: 74.11% Test OOD1: 64.28% Test OOD2: 54.07% Test OOD3: 61.25% 
Epoch: 433, Loss: 3.0780, Cls: 1.0260, Ind: 0.0000, Med: 0.5133, Spu: 0.0000, FD: 1.0257, FDAug: 0.5129, Var: 0.0000, Ctx: 6, MixCtx: 3, Train: 83.39%, Valid: 72.05%, Test In: 73.19% Test OOD1: 61.96% Test OOD2: 53.68% Test OOD3: 59.58% 
Epoch: 434, Loss: 3.0356, Cls: 1.0117, Ind: 0.0000, Med: 0.5059, Spu: 0.0000, FD: 1.0120, FDAug: 0.5060, Var: 0.0000, Ctx: 6, MixCtx: 3, Train: 83.50%, Valid: 72.01%, Test In: 73.09% Test OOD1: 61.86% Test OOD2: 53.64% Test OOD3: 59.39% 
Epoch: 435, Loss: 3.0256, Cls: 1.0084, Ind: 0.0000, Med: 0.5043, Spu: 0.0000, FD: 1.0086, FDAug: 0.5043, Var: 0.0000, Ctx: 6, MixCtx: 3, Train: 83.35%, Valid: 72.67%, Test In: 73.78% Test OOD1: 63.77% Test OOD2: 53.94% Test OOD3: 60.66% 
Epoch: 436, Loss: 3.0592, Cls: 1.0195, Ind: 0.0000, Med: 0.5096, Spu: 0.0000, FD: 1.0201, FDAug: 0.5100, Var: 0.0000, Ctx: 6, MixCtx: 3, Train: 83.55%, Valid: 71.83%, Test In: 72.62% Test OOD1: 61.61% Test OOD2: 53.53% Test OOD3: 58.75% 
Epoch: 437, Loss: 3.0568, Cls: 1.0189, Ind: 0.0000, Med: 0.5097, Spu: 0.0000, FD: 1.0188, FDAug: 0.5094, Var: 0.0000, Ctx: 6, MixCtx: 3, Train: 83.65%, Valid: 72.03%, Test In: 73.03% Test OOD1: 61.98% Test OOD2: 53.65% Test OOD3: 59.58% 
Epoch: 438, Loss: 3.0457, Cls: 1.0151, Ind: 0.0000, Med: 0.5077, Spu: 0.0000, FD: 1.0152, FDAug: 0.5077, Var: 0.0000, Ctx: 6, MixCtx: 3, Train: 83.64%, Valid: 72.22%, Test In: 73.26% Test OOD1: 63.19% Test OOD2: 53.94% Test OOD3: 60.32% 
Epoch: 439, Loss: 3.0120, Cls: 1.0040, Ind: 0.0000, Med: 0.5022, Spu: 0.0000, FD: 1.0039, FDAug: 0.5020, Var: 0.0000, Ctx: 6, MixCtx: 3, Train: 83.71%, Valid: 71.96%, Test In: 73.06% Test OOD1: 62.96% Test OOD2: 53.94% Test OOD3: 60.04% 
Epoch: 440, Loss: 3.0206, Cls: 1.0069, Ind: 0.0000, Med: 0.5037, Spu: 0.0000, FD: 1.0066, FDAug: 0.5033, Var: 0.0000, Ctx: 6, MixCtx: 3, Train: 83.81%, Valid: 71.84%, Test In: 73.12% Test OOD1: 61.98% Test OOD2: 53.80% Test OOD3: 59.61% 
Epoch: 441, Loss: 3.0498, Cls: 1.0165, Ind: 0.0000, Med: 0.5083, Spu: 0.0000, FD: 1.0167, FDAug: 0.5084, Var: 0.0000, Ctx: 6, MixCtx: 3, Train: 83.86%, Valid: 71.61%, Test In: 72.79% Test OOD1: 62.26% Test OOD2: 53.77% Test OOD3: 59.25% 
Epoch: 442, Loss: 3.0275, Cls: 1.0092, Ind: 0.0000, Med: 0.5049, Spu: 0.0000, FD: 1.0090, FDAug: 0.5045, Var: 0.0000, Ctx: 6, MixCtx: 3, Train: 83.80%, Valid: 72.30%, Test In: 73.61% Test OOD1: 63.66% Test OOD2: 54.03% Test OOD3: 60.54% 
Epoch: 443, Loss: 3.0103, Cls: 1.0032, Ind: 0.0000, Med: 0.5015, Spu: 0.0000, FD: 1.0037, FDAug: 0.5018, Var: 0.0000, Ctx: 6, MixCtx: 3, Train: 83.98%, Valid: 71.87%, Test In: 72.98% Test OOD1: 62.45% Test OOD2: 53.71% Test OOD3: 59.43% 
Epoch: 444, Loss: 2.9894, Cls: 0.9965, Ind: 0.0000, Med: 0.4986, Spu: 0.0000, FD: 0.9962, FDAug: 0.4981, Var: 0.0000, Ctx: 6, MixCtx: 3, Train: 84.07%, Valid: 71.86%, Test In: 72.92% Test OOD1: 62.53% Test OOD2: 53.69% Test OOD3: 59.33% 
Epoch: 445, Loss: 2.9846, Cls: 0.9949, Ind: 0.0000, Med: 0.4977, Spu: 0.0000, FD: 0.9947, FDAug: 0.4973, Var: 0.0000, Ctx: 6, MixCtx: 3, Train: 83.97%, Valid: 72.26%, Test In: 73.48% Test OOD1: 63.61% Test OOD2: 53.93% Test OOD3: 60.34% 
Epoch: 446, Loss: 3.0001, Cls: 0.9999, Ind: 0.0000, Med: 0.5000, Spu: 0.0000, FD: 1.0001, FDAug: 0.5000, Var: 0.0000, Ctx: 6, MixCtx: 3, Train: 84.07%, Valid: 71.60%, Test In: 72.61% Test OOD1: 62.37% Test OOD2: 53.70% Test OOD3: 59.22% 
Epoch: 447, Loss: 3.0082, Cls: 1.0027, Ind: 0.0000, Med: 0.5015, Spu: 0.0000, FD: 1.0026, FDAug: 0.5013, Var: 0.0000, Ctx: 6, MixCtx: 3, Train: 84.11%, Valid: 72.02%, Test In: 73.18% Test OOD1: 62.80% Test OOD2: 53.77% Test OOD3: 59.97% 
Epoch: 448, Loss: 3.0243, Cls: 1.0081, Ind: 0.0000, Med: 0.5043, Spu: 0.0000, FD: 1.0078, FDAug: 0.5040, Var: 0.0000, Ctx: 6, MixCtx: 3, Train: 84.13%, Valid: 71.92%, Test In: 73.03% Test OOD1: 63.21% Test OOD2: 53.88% Test OOD3: 59.76% 
Epoch: 449, Loss: 3.0167, Cls: 1.0054, Ind: 0.0000, Med: 0.5027, Spu: 0.0000, FD: 1.0057, FDAug: 0.5028, Var: 0.0000, Ctx: 6, MixCtx: 3, Train: 84.21%, Valid: 72.28%, Test In: 73.45% Test OOD1: 63.15% Test OOD2: 53.83% Test OOD3: 59.87% 
Epoch: 450, Loss: 3.0014, Cls: 1.0004, Ind: 0.0000, Med: 0.5004, Spu: 0.0000, FD: 1.0004, FDAug: 0.5002, Var: 0.0000, Ctx: 6, MixCtx: 3, Train: 84.20%, Valid: 71.72%, Test In: 72.68% Test OOD1: 62.05% Test OOD2: 53.65% Test OOD3: 58.80% 
Epoch: 451, Loss: 2.9894, Cls: 0.9965, Ind: 0.0000, Med: 0.4984, Spu: 0.0000, FD: 0.9964, FDAug: 0.4981, Var: 0.0000, Ctx: 6, MixCtx: 3, Train: 84.30%, Valid: 72.26%, Test In: 73.41% Test OOD1: 63.47% Test OOD2: 53.96% Test OOD3: 60.22% 
Epoch: 452, Loss: 2.9684, Cls: 0.9894, Ind: 0.0000, Med: 0.4948, Spu: 0.0000, FD: 0.9894, FDAug: 0.4947, Var: 0.0000, Ctx: 6, MixCtx: 3, Train: 84.45%, Valid: 72.00%, Test In: 73.14% Test OOD1: 62.95% Test OOD2: 53.93% Test OOD3: 59.62% 
Epoch: 453, Loss: 2.9543, Cls: 0.9847, Ind: 0.0000, Med: 0.4924, Spu: 0.0000, FD: 0.9848, FDAug: 0.4924, Var: 0.0000, Ctx: 6, MixCtx: 3, Train: 84.44%, Valid: 71.69%, Test In: 72.79% Test OOD1: 61.85% Test OOD2: 53.75% Test OOD3: 58.72% 
Epoch: 454, Loss: 2.9558, Cls: 0.9852, Ind: 0.0000, Med: 0.4927, Spu: 0.0000, FD: 0.9852, FDAug: 0.4926, Var: 0.0000, Ctx: 6, MixCtx: 3, Train: 84.53%, Valid: 72.08%, Test In: 73.23% Test OOD1: 62.88% Test OOD2: 53.91% Test OOD3: 59.61% 
Epoch: 455, Loss: 2.9494, Cls: 0.9830, Ind: 0.0000, Med: 0.4917, Spu: 0.0000, FD: 0.9831, FDAug: 0.4916, Var: 0.0000, Ctx: 6, MixCtx: 3, Train: 84.59%, Valid: 71.87%, Test In: 72.88% Test OOD1: 62.54% Test OOD2: 53.84% Test OOD3: 59.12% 
Epoch: 456, Loss: 2.9597, Cls: 0.9864, Ind: 0.0000, Med: 0.4933, Spu: 0.0000, FD: 0.9867, FDAug: 0.4933, Var: 0.0000, Ctx: 6, MixCtx: 3, Train: 84.52%, Valid: 72.07%, Test In: 73.16% Test OOD1: 62.41% Test OOD2: 53.79% Test OOD3: 59.31% 
Epoch: 457, Loss: 2.9966, Cls: 0.9990, Ind: 0.0000, Med: 0.4999, Spu: 0.0000, FD: 0.9985, FDAug: 0.4992, Var: 0.0000, Ctx: 6, MixCtx: 3, Train: 84.33%, Valid: 71.31%, Test In: 72.08% Test OOD1: 61.65% Test OOD2: 53.63% Test OOD3: 58.01% 
Epoch: 458, Loss: 3.0794, Cls: 1.0262, Ind: 0.0000, Med: 0.5130, Spu: 0.0000, FD: 1.0268, FDAug: 0.5133, Var: 0.0000, Ctx: 6, MixCtx: 3, Train: 83.67%, Valid: 72.36%, Test In: 73.60% Test OOD1: 63.31% Test OOD2: 53.96% Test OOD3: 60.69% 
Epoch: 459, Loss: 3.3404, Cls: 1.1136, Ind: 0.0000, Med: 0.5573, Spu: 0.0000, FD: 1.1130, FDAug: 0.5565, Var: 0.0000, Ctx: 6, MixCtx: 3, Train: 82.99%, Valid: 70.37%, Test In: 70.72% Test OOD1: 60.74% Test OOD2: 53.26% Test OOD3: 57.51% 
Epoch: 460, Loss: 3.4075, Cls: 1.1357, Ind: 0.0000, Med: 0.5678, Spu: 0.0000, FD: 1.1361, FDAug: 0.5679, Var: 0.0000, Ctx: 6, MixCtx: 3, Train: 84.10%, Valid: 71.98%, Test In: 72.89% Test OOD1: 62.32% Test OOD2: 53.80% Test OOD3: 59.91% 
Epoch: 461, Loss: 3.1274, Cls: 1.0424, Ind: 0.0000, Med: 0.5214, Spu: 0.0000, FD: 1.0423, FDAug: 0.5213, Var: 0.0000, Ctx: 6, MixCtx: 3, Train: 83.32%, Valid: 72.70%, Test In: 73.91% Test OOD1: 64.59% Test OOD2: 54.16% Test OOD3: 61.61% 
Epoch: 462, Loss: 3.1573, Cls: 1.0523, Ind: 0.0000, Med: 0.5260, Spu: 0.0000, FD: 1.0527, FDAug: 0.5264, Var: 0.0000, Ctx: 6, MixCtx: 3, Train: 83.30%, Valid: 71.95%, Test In: 73.05% Test OOD1: 64.00% Test OOD2: 54.05% Test OOD3: 60.03% 
Epoch: 463, Loss: 3.2083, Cls: 1.0698, Ind: 0.0000, Med: 0.5356, Spu: 0.0000, FD: 1.0687, FDAug: 0.5342, Var: 0.0000, Ctx: 6, MixCtx: 3, Train: 83.97%, Valid: 72.28%, Test In: 73.20% Test OOD1: 63.40% Test OOD2: 53.94% Test OOD3: 59.54% 
Epoch: 464, Loss: 3.0238, Cls: 1.0080, Ind: 0.0000, Med: 0.5045, Spu: 0.0000, FD: 1.0074, FDAug: 0.5038, Var: 0.0000, Ctx: 6, MixCtx: 3, Train: 83.68%, Valid: 72.55%, Test In: 73.63% Test OOD1: 63.64% Test OOD2: 53.85% Test OOD3: 60.52% 
Epoch: 465, Loss: 3.1653, Cls: 1.0551, Ind: 0.0000, Med: 0.5277, Spu: 0.0000, FD: 1.0550, FDAug: 0.5275, Var: 0.0000, Ctx: 6, MixCtx: 3, Train: 83.99%, Valid: 72.38%, Test In: 73.48% Test OOD1: 63.92% Test OOD2: 54.04% Test OOD3: 60.78% 
Epoch: 466, Loss: 3.0051, Cls: 1.0018, Ind: 0.0000, Med: 0.5014, Spu: 0.0000, FD: 1.0012, FDAug: 0.5007, Var: 0.0000, Ctx: 6, MixCtx: 3, Train: 83.97%, Valid: 72.14%, Test In: 73.25% Test OOD1: 64.32% Test OOD2: 54.15% Test OOD3: 60.83% 
Epoch: 467, Loss: 3.1501, Cls: 1.0499, Ind: 0.0000, Med: 0.5251, Spu: 0.0000, FD: 1.0500, FDAug: 0.5251, Var: 0.0000, Ctx: 6, MixCtx: 3, Train: 83.94%, Valid: 72.66%, Test In: 73.78% Test OOD1: 64.67% Test OOD2: 53.96% Test OOD3: 61.14% 
Epoch: 468, Loss: 3.0221, Cls: 1.0072, Ind: 0.0000, Med: 0.5035, Spu: 0.0000, FD: 1.0077, FDAug: 0.5038, Var: 0.0000, Ctx: 6, MixCtx: 3, Train: 84.17%, Valid: 72.39%, Test In: 73.41% Test OOD1: 62.99% Test OOD2: 53.67% Test OOD3: 59.60% 
Epoch: 469, Loss: 3.0638, Cls: 1.0210, Ind: 0.0000, Med: 0.5103, Spu: 0.0000, FD: 1.0217, FDAug: 0.5107, Var: 0.0000, Ctx: 6, MixCtx: 3, Train: 84.42%, Valid: 72.06%, Test In: 72.79% Test OOD1: 62.64% Test OOD2: 53.60% Test OOD3: 59.09% 
Epoch: 470, Loss: 3.0343, Cls: 1.0116, Ind: 0.0000, Med: 0.5062, Spu: 0.0000, FD: 1.0110, FDAug: 0.5055, Var: 0.0000, Ctx: 6, MixCtx: 3, Train: 84.34%, Valid: 72.64%, Test In: 73.33% Test OOD1: 64.21% Test OOD2: 53.88% Test OOD3: 60.60% 
Epoch: 471, Loss: 3.0039, Cls: 1.0015, Ind: 0.0000, Med: 0.5012, Spu: 0.0000, FD: 1.0009, FDAug: 0.5004, Var: 0.0000, Ctx: 6, MixCtx: 3, Train: 83.84%, Valid: 72.94%, Test In: 73.68% Test OOD1: 64.80% Test OOD2: 53.74% Test OOD3: 61.39% 
Epoch: 472, Loss: 3.0549, Cls: 1.0182, Ind: 0.0000, Med: 0.5092, Spu: 0.0000, FD: 1.0183, FDAug: 0.5092, Var: 0.0000, Ctx: 6, MixCtx: 3, Train: 84.38%, Valid: 72.22%, Test In: 73.02% Test OOD1: 62.37% Test OOD2: 53.61% Test OOD3: 59.24% 
Epoch: 473, Loss: 2.9783, Cls: 0.9928, Ind: 0.0000, Med: 0.4967, Spu: 0.0000, FD: 0.9925, FDAug: 0.4963, Var: 0.0000, Ctx: 6, MixCtx: 3, Train: 84.57%, Valid: 72.05%, Test In: 72.91% Test OOD1: 62.23% Test OOD2: 53.68% Test OOD3: 58.88% 
Epoch: 474, Loss: 3.0091, Cls: 1.0030, Ind: 0.0000, Med: 0.5019, Spu: 0.0000, FD: 1.0027, FDAug: 0.5015, Var: 0.0000, Ctx: 6, MixCtx: 3, Train: 83.89%, Valid: 72.86%, Test In: 73.77% Test OOD1: 64.53% Test OOD2: 53.96% Test OOD3: 61.03% 
Epoch: 475, Loss: 3.0207, Cls: 1.0070, Ind: 0.0000, Med: 0.5040, Spu: 0.0000, FD: 1.0064, FDAug: 0.5032, Var: 0.0000, Ctx: 6, MixCtx: 3, Train: 84.85%, Valid: 72.50%, Test In: 73.29% Test OOD1: 63.23% Test OOD2: 53.85% Test OOD3: 59.73% 
Epoch: 476, Loss: 2.9275, Cls: 0.9758, Ind: 0.0000, Med: 0.4881, Spu: 0.0000, FD: 0.9758, FDAug: 0.4879, Var: 0.0000, Ctx: 6, MixCtx: 3, Train: 84.30%, Valid: 71.74%, Test In: 72.44% Test OOD1: 61.50% Test OOD2: 53.41% Test OOD3: 58.35% 
Epoch: 477, Loss: 2.9904, Cls: 0.9966, Ind: 0.0000, Med: 0.4983, Spu: 0.0000, FD: 0.9970, FDAug: 0.4985, Var: 0.0000, Ctx: 6, MixCtx: 3, Train: 84.84%, Valid: 72.46%, Test In: 73.36% Test OOD1: 63.18% Test OOD2: 53.85% Test OOD3: 59.96% 
Epoch: 478, Loss: 2.9396, Cls: 0.9800, Ind: 0.0000, Med: 0.4905, Spu: 0.0000, FD: 0.9794, FDAug: 0.4897, Var: 0.0000, Ctx: 6, MixCtx: 3, Train: 84.73%, Valid: 72.32%, Test In: 73.35% Test OOD1: 63.43% Test OOD2: 53.94% Test OOD3: 60.03% 
Epoch: 479, Loss: 2.9304, Cls: 0.9766, Ind: 0.0000, Med: 0.4883, Spu: 0.0000, FD: 0.9770, FDAug: 0.4885, Var: 0.0000, Ctx: 6, MixCtx: 3, Train: 84.89%, Valid: 71.26%, Test In: 72.11% Test OOD1: 61.11% Test OOD2: 53.53% Test OOD3: 57.88% 
Epoch: 480, Loss: 2.9434, Cls: 0.9806, Ind: 0.0000, Med: 0.4898, Spu: 0.0000, FD: 0.9820, FDAug: 0.4910, Var: 0.0000, Ctx: 6, MixCtx: 3, Train: 85.01%, Valid: 71.72%, Test In: 72.55% Test OOD1: 61.77% Test OOD2: 53.69% Test OOD3: 59.06% 
Epoch: 481, Loss: 2.9626, Cls: 0.9881, Ind: 0.0000, Med: 0.4951, Spu: 0.0000, FD: 0.9863, FDAug: 0.4931, Var: 0.0000, Ctx: 6, MixCtx: 3, Train: 84.99%, Valid: 71.67%, Test In: 72.42% Test OOD1: 62.57% Test OOD2: 53.81% Test OOD3: 59.42% 
Epoch: 482, Loss: 2.9337, Cls: 0.9775, Ind: 0.0000, Med: 0.4884, Spu: 0.0000, FD: 0.9786, FDAug: 0.4892, Var: 0.0000, Ctx: 6, MixCtx: 3, Train: 85.27%, Valid: 71.55%, Test In: 72.41% Test OOD1: 61.88% Test OOD2: 53.63% Test OOD3: 58.84% 
Epoch: 483, Loss: 2.8910, Cls: 0.9637, Ind: 0.0000, Med: 0.4821, Spu: 0.0000, FD: 0.9634, FDAug: 0.4818, Var: 0.0000, Ctx: 6, MixCtx: 3, Train: 85.21%, Valid: 71.31%, Test In: 72.37% Test OOD1: 61.31% Test OOD2: 53.53% Test OOD3: 58.31% 
Epoch: 484, Loss: 2.9113, Cls: 0.9706, Ind: 0.0000, Med: 0.4858, Spu: 0.0000, FD: 0.9699, FDAug: 0.4850, Var: 0.0000, Ctx: 6, MixCtx: 3, Train: 85.15%, Valid: 71.55%, Test In: 72.63% Test OOD1: 62.85% Test OOD2: 53.84% Test OOD3: 59.47% 
Epoch: 485, Loss: 2.9446, Cls: 0.9813, Ind: 0.0000, Med: 0.4906, Spu: 0.0000, FD: 0.9819, FDAug: 0.4909, Var: 0.0000, Ctx: 6, MixCtx: 3, Train: 85.15%, Valid: 71.65%, Test In: 72.60% Test OOD1: 62.07% Test OOD2: 53.72% Test OOD3: 59.26% 
Epoch: 486, Loss: 2.9873, Cls: 0.9957, Ind: 0.0000, Med: 0.4981, Spu: 0.0000, FD: 0.9956, FDAug: 0.4979, Var: 0.0000, Ctx: 6, MixCtx: 3, Train: 84.73%, Valid: 70.45%, Test In: 71.09% Test OOD1: 60.78% Test OOD2: 53.31% Test OOD3: 57.38% 
Epoch: 487, Loss: 3.0191, Cls: 1.0066, Ind: 0.0000, Med: 0.5038, Spu: 0.0000, FD: 1.0060, FDAug: 0.5028, Var: 0.0000, Ctx: 6, MixCtx: 3, Train: 84.50%, Valid: 71.85%, Test In: 73.08% Test OOD1: 63.11% Test OOD2: 53.86% Test OOD3: 60.48% 
Epoch: 488, Loss: 3.0632, Cls: 1.0206, Ind: 0.0000, Med: 0.5098, Spu: 0.0000, FD: 1.0218, FDAug: 0.5109, Var: 0.0000, Ctx: 6, MixCtx: 3, Train: 85.08%, Valid: 70.77%, Test In: 71.58% Test OOD1: 61.43% Test OOD2: 53.38% Test OOD3: 58.21% 
Epoch: 489, Loss: 2.9655, Cls: 0.9889, Ind: 0.0000, Med: 0.4953, Spu: 0.0000, FD: 0.9875, FDAug: 0.4937, Var: 0.0000, Ctx: 6, MixCtx: 3, Train: 85.37%, Valid: 71.38%, Test In: 72.22% Test OOD1: 61.79% Test OOD2: 53.49% Test OOD3: 58.42% 
Epoch: 490, Loss: 2.8929, Cls: 0.9643, Ind: 0.0000, Med: 0.4825, Spu: 0.0000, FD: 0.9640, FDAug: 0.4820, Var: 0.0000, Ctx: 6, MixCtx: 3, Train: 84.97%, Valid: 72.09%, Test In: 73.19% Test OOD1: 63.73% Test OOD2: 53.86% Test OOD3: 60.02% 
Epoch: 491, Loss: 2.9406, Cls: 0.9796, Ind: 0.0000, Med: 0.4893, Spu: 0.0000, FD: 0.9811, FDAug: 0.4906, Var: 0.0000, Ctx: 6, MixCtx: 3, Train: 85.11%, Valid: 70.89%, Test In: 71.93% Test OOD1: 61.97% Test OOD2: 53.61% Test OOD3: 58.10% 
Epoch: 492, Loss: 2.9919, Cls: 0.9976, Ind: 0.0000, Med: 0.4996, Spu: 0.0000, FD: 0.9964, FDAug: 0.4982, Var: 0.0000, Ctx: 6, MixCtx: 3, Train: 85.07%, Valid: 71.48%, Test In: 72.60% Test OOD1: 62.08% Test OOD2: 53.70% Test OOD3: 59.24% 
Epoch: 493, Loss: 3.0225, Cls: 1.0071, Ind: 0.0000, Med: 0.5031, Spu: 0.0000, FD: 1.0082, FDAug: 0.5040, Var: 0.0000, Ctx: 6, MixCtx: 3, Train: 85.40%, Valid: 71.70%, Test In: 72.61% Test OOD1: 63.34% Test OOD2: 53.85% Test OOD3: 59.94% 
Epoch: 494, Loss: 2.8913, Cls: 0.9638, Ind: 0.0000, Med: 0.4823, Spu: 0.0000, FD: 0.9634, FDAug: 0.4817, Var: 0.0000, Ctx: 6, MixCtx: 3, Train: 85.37%, Valid: 71.68%, Test In: 72.45% Test OOD1: 63.02% Test OOD2: 53.67% Test OOD3: 59.08% 
Epoch: 495, Loss: 2.9146, Cls: 0.9717, Ind: 0.0000, Med: 0.4863, Spu: 0.0000, FD: 0.9711, FDAug: 0.4855, Var: 0.0000, Ctx: 6, MixCtx: 3, Train: 85.36%, Valid: 71.94%, Test In: 72.65% Test OOD1: 62.18% Test OOD2: 53.58% Test OOD3: 58.39% 
Epoch: 496, Loss: 2.9746, Cls: 0.9913, Ind: 0.0000, Med: 0.4954, Spu: 0.0000, FD: 0.9919, FDAug: 0.4959, Var: 0.0000, Ctx: 6, MixCtx: 3, Train: 85.72%, Valid: 71.72%, Test In: 72.51% Test OOD1: 62.42% Test OOD2: 53.67% Test OOD3: 58.94% 
Epoch: 497, Loss: 2.8689, Cls: 0.9563, Ind: 0.0000, Med: 0.4783, Spu: 0.0000, FD: 0.9562, FDAug: 0.4781, Var: 0.0000, Ctx: 6, MixCtx: 3, Train: 85.60%, Valid: 71.65%, Test In: 72.60% Test OOD1: 62.77% Test OOD2: 53.85% Test OOD3: 59.37% 
Epoch: 498, Loss: 2.9063, Cls: 0.9686, Ind: 0.0000, Med: 0.4843, Spu: 0.0000, FD: 0.9689, FDAug: 0.4844, Var: 0.0000, Ctx: 6, MixCtx: 3, Train: 85.34%, Valid: 71.92%, Test In: 72.91% Test OOD1: 62.49% Test OOD2: 53.77% Test OOD3: 59.22% 
Epoch: 499, Loss: 2.9662, Cls: 0.9889, Ind: 0.0000, Med: 0.4949, Spu: 0.0000, FD: 0.9883, FDAug: 0.4940, Var: 0.0000, Ctx: 6, MixCtx: 3, Train: 84.96%, Valid: 70.79%, Test In: 71.35% Test OOD1: 60.42% Test OOD2: 53.27% Test OOD3: 56.74% 
Run 01:
Highest Train: 85.72
Highest Valid: 73.73
Highest In Test: 75.18
Highest OOD Test: 68.37
Highest OOD Test: 54.78
Highest OOD Test: 64.47
Chosen epoch: 239
Final Train: 78.71
Final In Test: 75.17
Final OOD Test: 67.39
Final OOD Test: 54.50
Final OOD Test: 64.16
Epoch: 00, Loss: 6.5192, Cls: 2.0746, Ind: 0.0018, Med: 0.9251, Spu: 0.0065, FD: 2.3543, FDAug: 1.1569, Var: 0.0000, Ctx: 6, MixCtx: 3, Train: 55.23%, Valid: 54.65%, Test In: 55.68% Test OOD1: 57.20% Test OOD2: 52.35% Test OOD3: 55.77% 
Epoch: 01, Loss: 4.5134, Cls: 1.4698, Ind: 0.0028, Med: 0.7068, Spu: 0.0006, FD: 1.5555, FDAug: 0.7780, Var: 0.0000, Ctx: 6, MixCtx: 3, Train: 55.19%, Valid: 54.83%, Test In: 55.47% Test OOD1: 57.91% Test OOD2: 52.59% Test OOD3: 56.94% 
Epoch: 02, Loss: 4.0864, Cls: 1.3583, Ind: 0.0029, Med: 0.6786, Spu: 0.0024, FD: 1.3625, FDAug: 0.6817, Var: 0.0000, Ctx: 6, MixCtx: 3, Train: 57.14%, Valid: 56.79%, Test In: 57.13% Test OOD1: 59.51% Test OOD2: 52.70% Test OOD3: 57.85% 
Epoch: 03, Loss: 4.0597, Cls: 1.3495, Ind: 0.0024, Med: 0.6750, Spu: 0.0009, FD: 1.3549, FDAug: 0.6770, Var: 0.0000, Ctx: 6, MixCtx: 3, Train: 58.55%, Valid: 58.09%, Test In: 57.83% Test OOD1: 61.12% Test OOD2: 52.08% Test OOD3: 58.31% 
Epoch: 04, Loss: 4.0814, Cls: 1.3571, Ind: 0.0015, Med: 0.6765, Spu: 0.0000, FD: 1.3640, FDAug: 0.6824, Var: 0.0000, Ctx: 6, MixCtx: 3, Train: 58.84%, Valid: 58.47%, Test In: 57.90% Test OOD1: 61.47% Test OOD2: 51.76% Test OOD3: 58.23% 
Epoch: 05, Loss: 4.0966, Cls: 1.3618, Ind: 0.0007, Med: 0.6782, Spu: 0.0007, FD: 1.3686, FDAug: 0.6866, Var: 0.0000, Ctx: 6, MixCtx: 3, Train: 58.98%, Valid: 58.61%, Test In: 58.02% Test OOD1: 61.56% Test OOD2: 51.57% Test OOD3: 58.17% 
Epoch: 06, Loss: 4.0913, Cls: 1.3595, Ind: 0.0003, Med: 0.6778, Spu: 0.0009, FD: 1.3660, FDAug: 0.6869, Var: 0.0000, Ctx: 6, MixCtx: 3, Train: 58.87%, Valid: 58.56%, Test In: 57.90% Test OOD1: 61.51% Test OOD2: 51.40% Test OOD3: 58.03% 
Epoch: 07, Loss: 4.0702, Cls: 1.3533, Ind: 0.0001, Med: 0.6762, Spu: 0.0003, FD: 1.3572, FDAug: 0.6830, Var: 0.0000, Ctx: 6, MixCtx: 3, Train: 58.78%, Valid: 58.48%, Test In: 57.81% Test OOD1: 61.46% Test OOD2: 51.30% Test OOD3: 57.92% 
Epoch: 08, Loss: 4.0504, Cls: 1.3484, Ind: 0.0000, Med: 0.6751, Spu: 0.0000, FD: 1.3489, FDAug: 0.6780, Var: 0.0000, Ctx: 6, MixCtx: 3, Train: 58.70%, Valid: 58.40%, Test In: 57.73% Test OOD1: 61.41% Test OOD2: 51.22% Test OOD3: 57.83% 
Epoch: 09, Loss: 4.0423, Cls: 1.3474, Ind: 0.0000, Med: 0.6752, Spu: 0.0003, FD: 1.3455, FDAug: 0.6739, Var: 0.0001, Ctx: 6, MixCtx: 3, Train: 58.59%, Valid: 58.31%, Test In: 57.64% Test OOD1: 61.35% Test OOD2: 51.15% Test OOD3: 57.72% 
Epoch: 10, Loss: 4.0460, Cls: 1.3495, Ind: 0.0000, Med: 0.6754, Spu: 0.0005, FD: 1.3484, FDAug: 0.6721, Var: 0.0001, Ctx: 6, MixCtx: 3, Train: 58.54%, Valid: 58.26%, Test In: 57.58% Test OOD1: 61.33% Test OOD2: 51.11% Test OOD3: 57.66% 
Epoch: 11, Loss: 4.0534, Cls: 1.3515, Ind: 0.0000, Med: 0.6751, Spu: 0.0003, FD: 1.3540, FDAug: 0.6723, Var: 0.0001, Ctx: 6, MixCtx: 3, Train: 58.59%, Valid: 58.29%, Test In: 57.63% Test OOD1: 61.34% Test OOD2: 51.10% Test OOD3: 57.69% 
Epoch: 12, Loss: 4.0540, Cls: 1.3509, Ind: 0.0001, Med: 0.6747, Spu: 0.0001, FD: 1.3557, FDAug: 0.6725, Var: 0.0001, Ctx: 6, MixCtx: 3, Train: 58.66%, Valid: 58.33%, Test In: 57.68% Test OOD1: 61.37% Test OOD2: 51.10% Test OOD3: 57.74% 
Epoch: 13, Loss: 4.0461, Cls: 1.3480, Ind: 0.0002, Med: 0.6744, Spu: 0.0000, FD: 1.3517, FDAug: 0.6717, Var: 0.0001, Ctx: 6, MixCtx: 3, Train: 58.70%, Valid: 58.37%, Test In: 57.73% Test OOD1: 61.39% Test OOD2: 51.10% Test OOD3: 57.76% 
Epoch: 14, Loss: 4.0374, Cls: 1.3453, Ind: 0.0002, Med: 0.6741, Spu: 0.0001, FD: 1.3466, FDAug: 0.6710, Var: 0.0001, Ctx: 6, MixCtx: 3, Train: 58.79%, Valid: 58.45%, Test In: 57.80% Test OOD1: 61.42% Test OOD2: 51.11% Test OOD3: 57.77% 
Epoch: 15, Loss: 4.0344, Cls: 1.3444, Ind: 0.0003, Med: 0.6739, Spu: 0.0002, FD: 1.3442, FDAug: 0.6714, Var: 0.0001, Ctx: 6, MixCtx: 3, Train: 58.83%, Valid: 58.49%, Test In: 57.83% Test OOD1: 61.43% Test OOD2: 51.11% Test OOD3: 57.76% 
Epoch: 16, Loss: 4.0352, Cls: 1.3450, Ind: 0.0003, Med: 0.6740, Spu: 0.0001, FD: 1.3436, FDAug: 0.6723, Var: 0.0000, Ctx: 6, MixCtx: 3, Train: 58.84%, Valid: 58.50%, Test In: 57.83% Test OOD1: 61.43% Test OOD2: 51.10% Test OOD3: 57.75% 
Epoch: 17, Loss: 4.0355, Cls: 1.3453, Ind: 0.0002, Med: 0.6741, Spu: 0.0000, FD: 1.3430, FDAug: 0.6728, Var: 0.0000, Ctx: 6, MixCtx: 3, Train: 58.89%, Valid: 58.53%, Test In: 57.88% Test OOD1: 61.44% Test OOD2: 51.10% Test OOD3: 57.76% 
Epoch: 18, Loss: 4.0345, Cls: 1.3448, Ind: 0.0002, Med: 0.6735, Spu: 0.0000, FD: 1.3429, FDAug: 0.6730, Var: 0.0000, Ctx: 6, MixCtx: 3, Train: 58.94%, Valid: 58.56%, Test In: 57.92% Test OOD1: 61.46% Test OOD2: 51.11% Test OOD3: 57.78% 
Epoch: 19, Loss: 4.0319, Cls: 1.3435, Ind: 0.0001, Med: 0.6727, Spu: 0.0001, FD: 1.3428, FDAug: 0.6727, Var: 0.0000, Ctx: 6, MixCtx: 3, Train: 59.00%, Valid: 58.59%, Test In: 57.97% Test OOD1: 61.48% Test OOD2: 51.11% Test OOD3: 57.80% 
Epoch: 20, Loss: 4.0270, Cls: 1.3419, Ind: 0.0000, Med: 0.6718, Spu: 0.0001, FD: 1.3415, FDAug: 0.6716, Var: 0.0000, Ctx: 6, MixCtx: 3, Train: 59.07%, Valid: 58.64%, Test In: 58.03% Test OOD1: 61.50% Test OOD2: 51.11% Test OOD3: 57.82% 
Epoch: 21, Loss: 4.0218, Cls: 1.3406, Ind: 0.0000, Med: 0.6714, Spu: 0.0000, FD: 1.3396, FDAug: 0.6701, Var: 0.0000, Ctx: 6, MixCtx: 3, Train: 59.16%, Valid: 58.69%, Test In: 58.12% Test OOD1: 61.54% Test OOD2: 51.12% Test OOD3: 57.86% 
Epoch: 22, Loss: 4.0183, Cls: 1.3399, Ind: 0.0000, Med: 0.6712, Spu: 0.0000, FD: 1.3383, FDAug: 0.6688, Var: 0.0000, Ctx: 6, MixCtx: 3, Train: 59.26%, Valid: 58.75%, Test In: 58.21% Test OOD1: 61.58% Test OOD2: 51.13% Test OOD3: 57.90% 
Epoch: 23, Loss: 4.0158, Cls: 1.3394, Ind: 0.0001, Med: 0.6708, Spu: 0.0000, FD: 1.3376, FDAug: 0.6679, Var: 0.0000, Ctx: 6, MixCtx: 3, Train: 59.39%, Valid: 58.82%, Test In: 58.32% Test OOD1: 61.62% Test OOD2: 51.15% Test OOD3: 57.96% 
Epoch: 24, Loss: 4.0131, Cls: 1.3385, Ind: 0.0001, Med: 0.6703, Spu: 0.0000, FD: 1.3370, FDAug: 0.6672, Var: 0.0000, Ctx: 6, MixCtx: 3, Train: 59.56%, Valid: 58.93%, Test In: 58.47% Test OOD1: 61.70% Test OOD2: 51.17% Test OOD3: 58.05% 
Epoch: 25, Loss: 4.0086, Cls: 1.3367, Ind: 0.0002, Med: 0.6692, Spu: 0.0000, FD: 1.3359, FDAug: 0.6666, Var: 0.0000, Ctx: 6, MixCtx: 3, Train: 59.78%, Valid: 59.08%, Test In: 58.68% Test OOD1: 61.79% Test OOD2: 51.20% Test OOD3: 58.17% 
Epoch: 26, Loss: 4.0023, Cls: 1.3342, Ind: 0.0002, Med: 0.6676, Spu: 0.0000, FD: 1.3342, FDAug: 0.6660, Var: 0.0000, Ctx: 6, MixCtx: 3, Train: 60.04%, Valid: 59.24%, Test In: 58.92% Test OOD1: 61.90% Test OOD2: 51.23% Test OOD3: 58.30% 
Epoch: 27, Loss: 3.9962, Cls: 1.3321, Ind: 0.0001, Med: 0.6665, Spu: 0.0000, FD: 1.3321, FDAug: 0.6654, Var: 0.0000, Ctx: 6, MixCtx: 3, Train: 60.28%, Valid: 59.41%, Test In: 59.15% Test OOD1: 62.00% Test OOD2: 51.26% Test OOD3: 58.42% 
Epoch: 28, Loss: 3.9901, Cls: 1.3302, Ind: 0.0001, Med: 0.6658, Spu: 0.0000, FD: 1.3297, FDAug: 0.6642, Var: 0.0000, Ctx: 6, MixCtx: 3, Train: 60.55%, Valid: 59.61%, Test In: 59.41% Test OOD1: 62.12% Test OOD2: 51.29% Test OOD3: 58.57% 
Epoch: 29, Loss: 3.9843, Cls: 1.3283, Ind: 0.0001, Med: 0.6649, Spu: 0.0000, FD: 1.3278, FDAug: 0.6631, Var: 0.0000, Ctx: 6, MixCtx: 3, Train: 60.91%, Valid: 59.85%, Test In: 59.74% Test OOD1: 62.28% Test OOD2: 51.34% Test OOD3: 58.76% 
Epoch: 30, Loss: 3.9760, Cls: 1.3255, Ind: 0.0001, Med: 0.6634, Spu: 0.0000, FD: 1.3249, FDAug: 0.6620, Var: 0.0000, Ctx: 6, MixCtx: 3, Train: 61.33%, Valid: 60.14%, Test In: 60.13% Test OOD1: 62.46% Test OOD2: 51.40% Test OOD3: 58.98% 
Epoch: 31, Loss: 3.9653, Cls: 1.3219, Ind: 0.0001, Med: 0.6614, Spu: 0.0000, FD: 1.3215, FDAug: 0.6604, Var: 0.0000, Ctx: 6, MixCtx: 3, Train: 61.83%, Valid: 60.47%, Test In: 60.59% Test OOD1: 62.65% Test OOD2: 51.46% Test OOD3: 59.26% 
Epoch: 32, Loss: 3.9538, Cls: 1.3180, Ind: 0.0001, Med: 0.6593, Spu: 0.0000, FD: 1.3178, FDAug: 0.6587, Var: 0.0000, Ctx: 6, MixCtx: 3, Train: 62.47%, Valid: 60.90%, Test In: 61.19% Test OOD1: 62.91% Test OOD2: 51.55% Test OOD3: 59.61% 
Epoch: 33, Loss: 3.9429, Cls: 1.3144, Ind: 0.0001, Med: 0.6580, Spu: 0.0000, FD: 1.3134, FDAug: 0.6569, Var: 0.0000, Ctx: 6, MixCtx: 3, Train: 63.08%, Valid: 61.32%, Test In: 61.76% Test OOD1: 63.15% Test OOD2: 51.62% Test OOD3: 59.92% 
Epoch: 34, Loss: 3.9290, Cls: 1.3101, Ind: 0.0001, Med: 0.6560, Spu: 0.0000, FD: 1.3086, FDAug: 0.6543, Var: 0.0000, Ctx: 6, MixCtx: 3, Train: 64.02%, Valid: 61.97%, Test In: 62.66% Test OOD1: 63.52% Test OOD2: 51.76% Test OOD3: 60.35% 
Epoch: 35, Loss: 3.9126, Cls: 1.3040, Ind: 0.0001, Med: 0.6526, Spu: 0.0000, FD: 1.3037, FDAug: 0.6522, Var: 0.0000, Ctx: 6, MixCtx: 3, Train: 64.68%, Valid: 62.45%, Test In: 63.28% Test OOD1: 63.78% Test OOD2: 51.84% Test OOD3: 60.66% 
Epoch: 36, Loss: 3.8961, Cls: 1.2991, Ind: 0.0001, Med: 0.6505, Spu: 0.0000, FD: 1.2976, FDAug: 0.6488, Var: 0.0000, Ctx: 6, MixCtx: 3, Train: 65.75%, Valid: 63.19%, Test In: 64.31% Test OOD1: 64.18% Test OOD2: 52.01% Test OOD3: 61.13% 
Epoch: 37, Loss: 3.8763, Cls: 1.2920, Ind: 0.0002, Med: 0.6465, Spu: 0.0000, FD: 1.2915, FDAug: 0.6462, Var: 0.0000, Ctx: 6, MixCtx: 3, Train: 66.54%, Valid: 63.78%, Test In: 65.06% Test OOD1: 64.49% Test OOD2: 52.12% Test OOD3: 61.45% 
Epoch: 38, Loss: 3.8520, Cls: 1.2843, Ind: 0.0002, Med: 0.6430, Spu: 0.0000, FD: 1.2828, FDAug: 0.6417, Var: 0.0000, Ctx: 6, MixCtx: 3, Train: 67.60%, Valid: 64.56%, Test In: 66.08% Test OOD1: 64.87% Test OOD2: 52.27% Test OOD3: 61.86% 
Epoch: 39, Loss: 3.8241, Cls: 1.2751, Ind: 0.0002, Med: 0.6385, Spu: 0.0000, FD: 1.2733, FDAug: 0.6370, Var: 0.0000, Ctx: 6, MixCtx: 3, Train: 68.76%, Valid: 65.41%, Test In: 67.21% Test OOD1: 65.30% Test OOD2: 52.44% Test OOD3: 62.28% 
Epoch: 40, Loss: 3.7946, Cls: 1.2654, Ind: 0.0001, Med: 0.6338, Spu: 0.0000, FD: 1.2633, FDAug: 0.6319, Var: 0.0000, Ctx: 6, MixCtx: 3, Train: 69.86%, Valid: 66.22%, Test In: 68.27% Test OOD1: 65.70% Test OOD2: 52.62% Test OOD3: 62.65% 
Epoch: 41, Loss: 3.7690, Cls: 1.2570, Ind: 0.0001, Med: 0.6297, Spu: 0.0000, FD: 1.2548, FDAug: 0.6274, Var: 0.0000, Ctx: 6, MixCtx: 3, Train: 71.20%, Valid: 67.11%, Test In: 69.62% Test OOD1: 65.89% Test OOD2: 52.97% Test OOD3: 63.01% 
Epoch: 42, Loss: 3.8704, Cls: 1.2894, Ind: 0.0001, Med: 0.6443, Spu: 0.0000, FD: 1.2907, FDAug: 0.6459, Var: 0.0000, Ctx: 6, MixCtx: 3, Train: 70.77%, Valid: 66.99%, Test In: 69.20% Test OOD1: 66.05% Test OOD2: 52.81% Test OOD3: 62.90% 
Epoch: 43, Loss: 3.9033, Cls: 1.2993, Ind: 0.0001, Med: 0.6471, Spu: 0.0000, FD: 1.3050, FDAug: 0.6518, Var: 0.0000, Ctx: 6, MixCtx: 3, Train: 71.14%, Valid: 67.23%, Test In: 69.56% Test OOD1: 66.05% Test OOD2: 52.89% Test OOD3: 62.97% 
Epoch: 44, Loss: 3.8549, Cls: 1.2831, Ind: 0.0001, Med: 0.6392, Spu: 0.0000, FD: 1.2886, FDAug: 0.6439, Var: 0.0000, Ctx: 6, MixCtx: 3, Train: 71.76%, Valid: 67.56%, Test In: 70.22% Test OOD1: 65.88% Test OOD2: 53.14% Test OOD3: 63.10% 
Epoch: 45, Loss: 3.7399, Cls: 1.2472, Ind: 0.0001, Med: 0.6254, Spu: 0.0000, FD: 1.2444, FDAug: 0.6228, Var: 0.0000, Ctx: 6, MixCtx: 3, Train: 72.04%, Valid: 67.67%, Test In: 70.53% Test OOD1: 65.70% Test OOD2: 53.28% Test OOD3: 63.13% 
Epoch: 46, Loss: 3.8706, Cls: 1.2903, Ind: 0.0000, Med: 0.6470, Spu: 0.0000, FD: 1.2880, FDAug: 0.6453, Var: 0.0000, Ctx: 6, MixCtx: 3, Train: 71.92%, Valid: 67.69%, Test In: 70.38% Test OOD1: 65.87% Test OOD2: 53.20% Test OOD3: 63.14% 
Epoch: 47, Loss: 3.7100, Cls: 1.2363, Ind: 0.0000, Med: 0.6182, Spu: 0.0000, FD: 1.2370, FDAug: 0.6183, Var: 0.0000, Ctx: 6, MixCtx: 3, Train: 71.83%, Valid: 67.69%, Test In: 70.26% Test OOD1: 66.02% Test OOD2: 53.13% Test OOD3: 63.12% 
Epoch: 48, Loss: 3.7951, Cls: 1.2649, Ind: 0.0001, Med: 0.6322, Spu: 0.0000, FD: 1.2656, FDAug: 0.6322, Var: 0.0000, Ctx: 6, MixCtx: 3, Train: 71.94%, Valid: 67.76%, Test In: 70.38% Test OOD1: 65.99% Test OOD2: 53.17% Test OOD3: 63.14% 
Epoch: 49, Loss: 3.7707, Cls: 1.2575, Ind: 0.0001, Med: 0.6296, Spu: 0.0000, FD: 1.2560, FDAug: 0.6274, Var: 0.0000, Ctx: 6, MixCtx: 3, Train: 72.17%, Valid: 67.85%, Test In: 70.65% Test OOD1: 65.79% Test OOD2: 53.30% Test OOD3: 63.17% 
Epoch: 50, Loss: 3.6896, Cls: 1.2291, Ind: 0.0001, Med: 0.6139, Spu: 0.0000, FD: 1.2311, FDAug: 0.6154, Var: 0.0000, Ctx: 6, MixCtx: 3, Train: 72.35%, Valid: 67.91%, Test In: 70.86% Test OOD1: 65.51% Test OOD2: 53.39% Test OOD3: 63.13% 
Epoch: 51, Loss: 3.7804, Cls: 1.2575, Ind: 0.0002, Med: 0.6259, Spu: 0.0000, FD: 1.2642, FDAug: 0.6326, Var: 0.0000, Ctx: 6, MixCtx: 3, Train: 72.35%, Valid: 67.98%, Test In: 70.84% Test OOD1: 65.70% Test OOD2: 53.36% Test OOD3: 63.16% 
Epoch: 52, Loss: 3.6735, Cls: 1.2238, Ind: 0.0001, Med: 0.6113, Spu: 0.0000, FD: 1.2255, FDAug: 0.6127, Var: 0.0000, Ctx: 6, MixCtx: 3, Train: 72.32%, Valid: 68.07%, Test In: 70.76% Test OOD1: 65.92% Test OOD2: 53.29% Test OOD3: 63.19% 
Epoch: 53, Loss: 3.7191, Cls: 1.2402, Ind: 0.0001, Med: 0.6209, Spu: 0.0000, FD: 1.2389, FDAug: 0.6190, Var: 0.0000, Ctx: 6, MixCtx: 3, Train: 72.42%, Valid: 68.14%, Test In: 70.86% Test OOD1: 65.88% Test OOD2: 53.32% Test OOD3: 63.19% 
Epoch: 54, Loss: 3.6952, Cls: 1.2319, Ind: 0.0000, Med: 0.6162, Spu: 0.0000, FD: 1.2315, FDAug: 0.6154, Var: 0.0000, Ctx: 6, MixCtx: 3, Train: 72.61%, Valid: 68.20%, Test In: 71.11% Test OOD1: 65.48% Test OOD2: 53.46% Test OOD3: 63.13% 
Epoch: 55, Loss: 3.6652, Cls: 1.2217, Ind: 0.0001, Med: 0.6115, Spu: 0.0000, FD: 1.2212, FDAug: 0.6108, Var: 0.0000, Ctx: 6, MixCtx: 3, Train: 72.70%, Valid: 68.27%, Test In: 71.22% Test OOD1: 65.30% Test OOD2: 53.51% Test OOD3: 63.09% 
Epoch: 56, Loss: 3.6880, Cls: 1.2294, Ind: 0.0001, Med: 0.6156, Spu: 0.0000, FD: 1.2283, FDAug: 0.6146, Var: 0.0000, Ctx: 6, MixCtx: 3, Train: 72.72%, Valid: 68.37%, Test In: 71.19% Test OOD1: 65.66% Test OOD2: 53.46% Test OOD3: 63.18% 
Epoch: 57, Loss: 3.6321, Cls: 1.2108, Ind: 0.0001, Med: 0.6059, Spu: 0.0000, FD: 1.2102, FDAug: 0.6051, Var: 0.0000, Ctx: 6, MixCtx: 3, Train: 72.74%, Valid: 68.47%, Test In: 71.19% Test OOD1: 65.88% Test OOD2: 53.41% Test OOD3: 63.22% 
Epoch: 58, Loss: 3.6764, Cls: 1.2251, Ind: 0.0001, Med: 0.6122, Spu: 0.0000, FD: 1.2261, FDAug: 0.6129, Var: 0.0000, Ctx: 6, MixCtx: 3, Train: 72.88%, Valid: 68.52%, Test In: 71.35% Test OOD1: 65.62% Test OOD2: 53.51% Test OOD3: 63.18% 
Epoch: 59, Loss: 3.6212, Cls: 1.2071, Ind: 0.0001, Med: 0.6039, Spu: 0.0000, FD: 1.2067, FDAug: 0.6034, Var: 0.0000, Ctx: 6, MixCtx: 3, Train: 72.98%, Valid: 68.57%, Test In: 71.48% Test OOD1: 65.19% Test OOD2: 53.58% Test OOD3: 63.07% 
Epoch: 60, Loss: 3.6624, Cls: 1.2206, Ind: 0.0001, Med: 0.6105, Spu: 0.0000, FD: 1.2206, FDAug: 0.6106, Var: 0.0000, Ctx: 6, MixCtx: 3, Train: 73.04%, Valid: 68.69%, Test In: 71.51% Test OOD1: 65.52% Test OOD2: 53.56% Test OOD3: 63.18% 
Epoch: 61, Loss: 3.6146, Cls: 1.2049, Ind: 0.0001, Med: 0.6027, Spu: 0.0000, FD: 1.2046, FDAug: 0.6024, Var: 0.0000, Ctx: 6, MixCtx: 3, Train: 73.06%, Valid: 68.81%, Test In: 71.51% Test OOD1: 65.87% Test OOD2: 53.51% Test OOD3: 63.29% 
Epoch: 62, Loss: 3.6466, Cls: 1.2157, Ind: 0.0001, Med: 0.6081, Spu: 0.0000, FD: 1.2154, FDAug: 0.6074, Var: 0.0000, Ctx: 6, MixCtx: 3, Train: 73.18%, Valid: 68.87%, Test In: 71.65% Test OOD1: 65.62% Test OOD2: 53.59% Test OOD3: 63.24% 
Epoch: 63, Loss: 3.6074, Cls: 1.2025, Ind: 0.0000, Med: 0.6015, Spu: 0.0000, FD: 1.2023, FDAug: 0.6010, Var: 0.0000, Ctx: 6, MixCtx: 3, Train: 73.24%, Valid: 68.89%, Test In: 71.80% Test OOD1: 65.05% Test OOD2: 53.66% Test OOD3: 63.06% 
Epoch: 64, Loss: 3.6293, Cls: 1.2094, Ind: 0.0000, Med: 0.6046, Spu: 0.0000, FD: 1.2101, FDAug: 0.6052, Var: 0.0000, Ctx: 6, MixCtx: 3, Train: 73.33%, Valid: 69.01%, Test In: 71.85% Test OOD1: 65.27% Test OOD2: 53.67% Test OOD3: 63.15% 
Epoch: 65, Loss: 3.6053, Cls: 1.2016, Ind: 0.0000, Med: 0.6007, Spu: 0.0000, FD: 1.2020, FDAug: 0.6009, Var: 0.0000, Ctx: 6, MixCtx: 3, Train: 73.37%, Valid: 69.14%, Test In: 71.83% Test OOD1: 65.78% Test OOD2: 53.62% Test OOD3: 63.33% 
Epoch: 66, Loss: 3.6158, Cls: 1.2054, Ind: 0.0000, Med: 0.6030, Spu: 0.0000, FD: 1.2051, FDAug: 0.6023, Var: 0.0000, Ctx: 6, MixCtx: 3, Train: 73.45%, Valid: 69.23%, Test In: 71.93% Test OOD1: 65.71% Test OOD2: 53.65% Test OOD3: 63.31% 
Epoch: 67, Loss: 3.6024, Cls: 1.2009, Ind: 0.0000, Med: 0.6007, Spu: 0.0000, FD: 1.2006, FDAug: 0.6001, Var: 0.0000, Ctx: 6, MixCtx: 3, Train: 73.53%, Valid: 69.25%, Test In: 72.10% Test OOD1: 65.19% Test OOD2: 53.71% Test OOD3: 63.15% 
Epoch: 68, Loss: 3.6019, Cls: 1.2004, Ind: 0.0000, Med: 0.6000, Spu: 0.0000, FD: 1.2010, FDAug: 0.6005, Var: 0.0000, Ctx: 6, MixCtx: 3, Train: 73.60%, Valid: 69.35%, Test In: 72.17% Test OOD1: 65.28% Test OOD2: 53.72% Test OOD3: 63.19% 
Epoch: 69, Loss: 3.5959, Cls: 1.1984, Ind: 0.0000, Med: 0.5991, Spu: 0.0000, FD: 1.1989, FDAug: 0.5995, Var: 0.0000, Ctx: 6, MixCtx: 3, Train: 73.65%, Valid: 69.49%, Test In: 72.11% Test OOD1: 65.89% Test OOD2: 53.66% Test OOD3: 63.39% 
Epoch: 70, Loss: 3.5909, Cls: 1.1971, Ind: 0.0000, Med: 0.5988, Spu: 0.0000, FD: 1.1968, FDAug: 0.5982, Var: 0.0000, Ctx: 6, MixCtx: 3, Train: 73.72%, Valid: 69.58%, Test In: 72.18% Test OOD1: 65.95% Test OOD2: 53.66% Test OOD3: 63.41% 
Epoch: 71, Loss: 3.5866, Cls: 1.1956, Ind: 0.0000, Med: 0.5980, Spu: 0.0000, FD: 1.1955, FDAug: 0.5976, Var: 0.0000, Ctx: 6, MixCtx: 3, Train: 73.82%, Valid: 69.64%, Test In: 72.38% Test OOD1: 65.48% Test OOD2: 53.72% Test OOD3: 63.26% 
Epoch: 72, Loss: 3.5843, Cls: 1.1946, Ind: 0.0000, Med: 0.5973, Spu: 0.0000, FD: 1.1949, FDAug: 0.5975, Var: 0.0000, Ctx: 6, MixCtx: 3, Train: 73.89%, Valid: 69.74%, Test In: 72.44% Test OOD1: 65.62% Test OOD2: 53.71% Test OOD3: 63.31% 
Epoch: 73, Loss: 3.5761, Cls: 1.1920, Ind: 0.0000, Med: 0.5961, Spu: 0.0000, FD: 1.1920, FDAug: 0.5960, Var: 0.0000, Ctx: 6, MixCtx: 3, Train: 73.90%, Valid: 69.85%, Test In: 72.36% Test OOD1: 66.15% Test OOD2: 53.65% Test OOD3: 63.49% 
Epoch: 74, Loss: 3.5785, Cls: 1.1927, Ind: 0.0000, Med: 0.5963, Spu: 0.0000, FD: 1.1930, FDAug: 0.5964, Var: 0.0000, Ctx: 6, MixCtx: 3, Train: 74.01%, Valid: 69.94%, Test In: 72.50% Test OOD1: 66.00% Test OOD2: 53.69% Test OOD3: 63.46% 
Epoch: 75, Loss: 3.5657, Cls: 1.1885, Ind: 0.0000, Med: 0.5944, Spu: 0.0000, FD: 1.1885, FDAug: 0.5943, Var: 0.0000, Ctx: 6, MixCtx: 3, Train: 74.11%, Valid: 70.00%, Test In: 72.68% Test OOD1: 65.58% Test OOD2: 53.74% Test OOD3: 63.34% 
Epoch: 76, Loss: 3.5721, Cls: 1.1908, Ind: 0.0000, Med: 0.5957, Spu: 0.0000, FD: 1.1903, FDAug: 0.5953, Var: 0.0000, Ctx: 6, MixCtx: 3, Train: 74.16%, Valid: 70.10%, Test In: 72.67% Test OOD1: 65.96% Test OOD2: 53.71% Test OOD3: 63.47% 
Epoch: 77, Loss: 3.5576, Cls: 1.1859, Ind: 0.0000, Med: 0.5931, Spu: 0.0000, FD: 1.1858, FDAug: 0.5929, Var: 0.0000, Ctx: 6, MixCtx: 3, Train: 74.18%, Valid: 70.18%, Test In: 72.63% Test OOD1: 66.27% Test OOD2: 53.66% Test OOD3: 63.57% 
Epoch: 78, Loss: 3.5630, Cls: 1.1875, Ind: 0.0000, Med: 0.5937, Spu: 0.0000, FD: 1.1879, FDAug: 0.5939, Var: 0.0000, Ctx: 6, MixCtx: 3, Train: 74.32%, Valid: 70.26%, Test In: 72.85% Test OOD1: 65.90% Test OOD2: 53.74% Test OOD3: 63.47% 
Epoch: 79, Loss: 3.5517, Cls: 1.1839, Ind: 0.0000, Med: 0.5921, Spu: 0.0000, FD: 1.1837, FDAug: 0.5919, Var: 0.0000, Ctx: 6, MixCtx: 3, Train: 74.40%, Valid: 70.34%, Test In: 72.94% Test OOD1: 65.82% Test OOD2: 53.75% Test OOD3: 63.46% 
Epoch: 80, Loss: 3.5513, Cls: 1.1838, Ind: 0.0000, Med: 0.5920, Spu: 0.0000, FD: 1.1836, FDAug: 0.5919, Var: 0.0000, Ctx: 6, MixCtx: 3, Train: 74.41%, Valid: 70.43%, Test In: 72.87% Test OOD1: 66.30% Test OOD2: 53.69% Test OOD3: 63.60% 
Epoch: 81, Loss: 3.5488, Cls: 1.1830, Ind: 0.0000, Med: 0.5917, Spu: 0.0000, FD: 1.1828, FDAug: 0.5913, Var: 0.0000, Ctx: 6, MixCtx: 3, Train: 74.52%, Valid: 70.52%, Test In: 73.02% Test OOD1: 66.13% Test OOD2: 53.73% Test OOD3: 63.56% 
Epoch: 82, Loss: 3.5396, Cls: 1.1799, Ind: 0.0000, Med: 0.5901, Spu: 0.0000, FD: 1.1797, FDAug: 0.5898, Var: 0.0000, Ctx: 6, MixCtx: 3, Train: 74.62%, Valid: 70.59%, Test In: 73.18% Test OOD1: 65.78% Test OOD2: 53.77% Test OOD3: 63.46% 
Epoch: 83, Loss: 3.5424, Cls: 1.1807, Ind: 0.0000, Med: 0.5904, Spu: 0.0000, FD: 1.1808, FDAug: 0.5905, Var: 0.0000, Ctx: 6, MixCtx: 3, Train: 74.66%, Valid: 70.70%, Test In: 73.15% Test OOD1: 66.26% Test OOD2: 53.73% Test OOD3: 63.60% 
Epoch: 84, Loss: 3.5346, Cls: 1.1783, Ind: 0.0000, Med: 0.5893, Spu: 0.0000, FD: 1.1780, FDAug: 0.5890, Var: 0.0000, Ctx: 6, MixCtx: 3, Train: 74.75%, Valid: 70.79%, Test In: 73.26% Test OOD1: 66.19% Test OOD2: 53.75% Test OOD3: 63.58% 
Epoch: 85, Loss: 3.5288, Cls: 1.1763, Ind: 0.0000, Med: 0.5883, Spu: 0.0000, FD: 1.1761, FDAug: 0.5881, Var: 0.0000, Ctx: 6, MixCtx: 3, Train: 74.84%, Valid: 70.85%, Test In: 73.40% Test OOD1: 65.81% Test OOD2: 53.78% Test OOD3: 63.47% 
Epoch: 86, Loss: 3.5301, Cls: 1.1766, Ind: 0.0000, Med: 0.5884, Spu: 0.0000, FD: 1.1766, FDAug: 0.5885, Var: 0.0000, Ctx: 6, MixCtx: 3, Train: 74.89%, Valid: 70.98%, Test In: 73.38% Test OOD1: 66.37% Test OOD2: 53.74% Test OOD3: 63.64% 
Epoch: 87, Loss: 3.5244, Cls: 1.1749, Ind: 0.0000, Med: 0.5876, Spu: 0.0000, FD: 1.1746, FDAug: 0.5873, Var: 0.0000, Ctx: 6, MixCtx: 3, Train: 75.00%, Valid: 71.07%, Test In: 73.51% Test OOD1: 66.14% Test OOD2: 53.77% Test OOD3: 63.57% 
Epoch: 88, Loss: 3.5167, Cls: 1.1723, Ind: 0.0000, Med: 0.5863, Spu: 0.0000, FD: 1.1721, FDAug: 0.5861, Var: 0.0000, Ctx: 6, MixCtx: 3, Train: 75.08%, Valid: 71.16%, Test In: 73.60% Test OOD1: 66.05% Test OOD2: 53.78% Test OOD3: 63.54% 
Epoch: 89, Loss: 3.5146, Cls: 1.1715, Ind: 0.0000, Med: 0.5860, Spu: 0.0000, FD: 1.1713, FDAug: 0.5858, Var: 0.0000, Ctx: 6, MixCtx: 3, Train: 75.12%, Valid: 71.25%, Test In: 73.58% Test OOD1: 66.56% Test OOD2: 53.73% Test OOD3: 63.69% 
Epoch: 90, Loss: 3.5152, Cls: 1.1717, Ind: 0.0000, Med: 0.5859, Spu: 0.0000, FD: 1.1717, FDAug: 0.5858, Var: 0.0000, Ctx: 6, MixCtx: 3, Train: 75.24%, Valid: 71.34%, Test In: 73.77% Test OOD1: 65.85% Test OOD2: 53.79% Test OOD3: 63.47% 
Epoch: 91, Loss: 3.5145, Cls: 1.1715, Ind: 0.0000, Med: 0.5860, Spu: 0.0000, FD: 1.1711, FDAug: 0.5857, Var: 0.0000, Ctx: 6, MixCtx: 3, Train: 75.27%, Valid: 71.45%, Test In: 73.70% Test OOD1: 66.68% Test OOD2: 53.73% Test OOD3: 63.73% 
Epoch: 92, Loss: 3.5115, Cls: 1.1705, Ind: 0.0000, Med: 0.5852, Spu: 0.0000, FD: 1.1706, FDAug: 0.5852, Var: 0.0000, Ctx: 6, MixCtx: 3, Train: 75.39%, Valid: 71.53%, Test In: 73.91% Test OOD1: 65.82% Test OOD2: 53.79% Test OOD3: 63.46% 
Epoch: 93, Loss: 3.5078, Cls: 1.1693, Ind: 0.0000, Med: 0.5850, Spu: 0.0000, FD: 1.1688, FDAug: 0.5846, Var: 0.0000, Ctx: 6, MixCtx: 3, Train: 75.44%, Valid: 71.65%, Test In: 73.85% Test OOD1: 66.70% Test OOD2: 53.74% Test OOD3: 63.74% 
Epoch: 94, Loss: 3.5037, Cls: 1.1679, Ind: 0.0000, Med: 0.5839, Spu: 0.0000, FD: 1.1680, FDAug: 0.5839, Var: 0.0000, Ctx: 6, MixCtx: 3, Train: 75.55%, Valid: 71.73%, Test In: 74.03% Test OOD1: 65.84% Test OOD2: 53.78% Test OOD3: 63.46% 
Epoch: 95, Loss: 3.5011, Cls: 1.1671, Ind: 0.0000, Med: 0.5839, Spu: 0.0000, FD: 1.1665, FDAug: 0.5836, Var: 0.0000, Ctx: 6, MixCtx: 3, Train: 75.57%, Valid: 71.83%, Test In: 73.95% Test OOD1: 66.88% Test OOD2: 53.72% Test OOD3: 63.79% 
Epoch: 96, Loss: 3.5014, Cls: 1.1671, Ind: 0.0000, Med: 0.5836, Spu: 0.0000, FD: 1.1672, FDAug: 0.5835, Var: 0.0000, Ctx: 6, MixCtx: 3, Train: 75.67%, Valid: 71.88%, Test In: 74.15% Test OOD1: 65.57% Test OOD2: 53.78% Test OOD3: 63.35% 
Epoch: 97, Loss: 3.5132, Cls: 1.1710, Ind: 0.0000, Med: 0.5858, Spu: 0.0000, FD: 1.1706, FDAug: 0.5858, Var: 0.0000, Ctx: 6, MixCtx: 3, Train: 75.55%, Valid: 71.90%, Test In: 73.86% Test OOD1: 67.39% Test OOD2: 53.61% Test OOD3: 63.94% 
Epoch: 98, Loss: 3.5554, Cls: 1.1852, Ind: 0.0000, Med: 0.5925, Spu: 0.0000, FD: 1.1855, FDAug: 0.5922, Var: 0.0000, Ctx: 6, MixCtx: 3, Train: 75.57%, Valid: 71.84%, Test In: 74.13% Test OOD1: 64.03% Test OOD2: 53.75% Test OOD3: 62.79% 
Epoch: 99, Loss: 3.6252, Cls: 1.2081, Ind: 0.0000, Med: 0.6042, Spu: 0.0000, FD: 1.2078, FDAug: 0.6050, Var: 0.0000, Ctx: 6, MixCtx: 3, Train: 75.56%, Valid: 71.95%, Test In: 73.81% Test OOD1: 67.57% Test OOD2: 53.56% Test OOD3: 63.99% 
Epoch: 100, Loss: 3.5991, Cls: 1.1996, Ind: 0.0000, Med: 0.5994, Spu: 0.0000, FD: 1.2005, FDAug: 0.5996, Var: 0.0000, Ctx: 6, MixCtx: 3, Train: 75.89%, Valid: 72.19%, Test In: 74.24% Test OOD1: 66.23% Test OOD2: 53.79% Test OOD3: 63.58% 
Epoch: 101, Loss: 3.4904, Cls: 1.1634, Ind: 0.0000, Med: 0.5819, Spu: 0.0000, FD: 1.1632, FDAug: 0.5819, Var: 0.0000, Ctx: 6, MixCtx: 3, Train: 75.83%, Valid: 72.15%, Test In: 74.28% Test OOD1: 64.93% Test OOD2: 53.82% Test OOD3: 63.16% 
Epoch: 102, Loss: 3.5554, Cls: 1.1851, Ind: 0.0000, Med: 0.5929, Spu: 0.0000, FD: 1.1845, FDAug: 0.5929, Var: 0.0000, Ctx: 6, MixCtx: 3, Train: 75.73%, Valid: 72.13%, Test In: 73.97% Test OOD1: 67.52% Test OOD2: 53.61% Test OOD3: 63.96% 
Epoch: 103, Loss: 3.5283, Cls: 1.1760, Ind: 0.0000, Med: 0.5878, Spu: 0.0000, FD: 1.1766, FDAug: 0.5879, Var: 0.0000, Ctx: 6, MixCtx: 3, Train: 75.86%, Valid: 72.21%, Test In: 74.12% Test OOD1: 67.33% Test OOD2: 53.67% Test OOD3: 63.90% 
Epoch: 104, Loss: 3.4845, Cls: 1.1615, Ind: 0.0000, Med: 0.5808, Spu: 0.0000, FD: 1.1615, FDAug: 0.5806, Var: 0.0000, Ctx: 6, MixCtx: 3, Train: 76.01%, Valid: 72.27%, Test In: 74.35% Test OOD1: 66.02% Test OOD2: 53.78% Test OOD3: 63.49% 
Epoch: 105, Loss: 3.5476, Cls: 1.1822, Ind: 0.0000, Med: 0.5911, Spu: 0.0000, FD: 1.1823, FDAug: 0.5920, Var: 0.0000, Ctx: 6, MixCtx: 3, Train: 75.76%, Valid: 72.12%, Test In: 73.97% Test OOD1: 67.72% Test OOD2: 53.55% Test OOD3: 64.00% 
Epoch: 106, Loss: 3.4982, Cls: 1.1661, Ind: 0.0000, Med: 0.5830, Spu: 0.0000, FD: 1.1663, FDAug: 0.5828, Var: 0.0000, Ctx: 6, MixCtx: 3, Train: 75.86%, Valid: 72.20%, Test In: 74.07% Test OOD1: 67.61% Test OOD2: 53.59% Test OOD3: 63.96% 
Epoch: 107, Loss: 3.4803, Cls: 1.1601, Ind: 0.0000, Med: 0.5800, Spu: 0.0000, FD: 1.1603, FDAug: 0.5800, Var: 0.0000, Ctx: 6, MixCtx: 3, Train: 76.10%, Valid: 72.33%, Test In: 74.38% Test OOD1: 66.39% Test OOD2: 53.76% Test OOD3: 63.57% 
Epoch: 108, Loss: 3.5216, Cls: 1.1736, Ind: 0.0000, Med: 0.5871, Spu: 0.0000, FD: 1.1732, FDAug: 0.5876, Var: 0.0000, Ctx: 6, MixCtx: 3, Train: 75.96%, Valid: 72.29%, Test In: 74.16% Test OOD1: 67.51% Test OOD2: 53.63% Test OOD3: 63.93% 
Epoch: 109, Loss: 3.4780, Cls: 1.1592, Ind: 0.0000, Med: 0.5795, Spu: 0.0000, FD: 1.1596, FDAug: 0.5796, Var: 0.0000, Ctx: 6, MixCtx: 3, Train: 75.99%, Valid: 72.31%, Test In: 74.18% Test OOD1: 67.48% Test OOD2: 53.64% Test OOD3: 63.92% 
Epoch: 110, Loss: 3.4836, Cls: 1.1611, Ind: 0.0000, Med: 0.5804, Spu: 0.0000, FD: 1.1616, FDAug: 0.5804, Var: 0.0000, Ctx: 6, MixCtx: 3, Train: 76.14%, Valid: 72.41%, Test In: 74.43% Test OOD1: 66.06% Test OOD2: 53.79% Test OOD3: 63.48% 
Epoch: 111, Loss: 3.4976, Cls: 1.1657, Ind: 0.0000, Med: 0.5831, Spu: 0.0000, FD: 1.1655, FDAug: 0.5833, Var: 0.0000, Ctx: 6, MixCtx: 3, Train: 76.15%, Valid: 72.42%, Test In: 74.37% Test OOD1: 66.86% Test OOD2: 53.74% Test OOD3: 63.72% 
Epoch: 112, Loss: 3.4632, Cls: 1.1544, Ind: 0.0000, Med: 0.5773, Spu: 0.0000, FD: 1.1544, FDAug: 0.5772, Var: 0.0000, Ctx: 6, MixCtx: 3, Train: 76.07%, Valid: 72.39%, Test In: 74.25% Test OOD1: 67.39% Test OOD2: 53.67% Test OOD3: 63.89% 
Epoch: 113, Loss: 3.4873, Cls: 1.1625, Ind: 0.0000, Med: 0.5814, Spu: 0.0000, FD: 1.1625, FDAug: 0.5809, Var: 0.0000, Ctx: 6, MixCtx: 3, Train: 76.21%, Valid: 72.46%, Test In: 74.46% Test OOD1: 66.15% Test OOD2: 53.78% Test OOD3: 63.50% 
Epoch: 114, Loss: 3.4770, Cls: 1.1588, Ind: 0.0000, Med: 0.5794, Spu: 0.0000, FD: 1.1589, FDAug: 0.5799, Var: 0.0000, Ctx: 6, MixCtx: 3, Train: 76.25%, Valid: 72.49%, Test In: 74.45% Test OOD1: 66.66% Test OOD2: 53.75% Test OOD3: 63.65% 
Epoch: 115, Loss: 3.4587, Cls: 1.1528, Ind: 0.0000, Med: 0.5765, Spu: 0.0000, FD: 1.1528, FDAug: 0.5766, Var: 0.0000, Ctx: 6, MixCtx: 3, Train: 76.20%, Valid: 72.47%, Test In: 74.35% Test OOD1: 67.36% Test OOD2: 53.67% Test OOD3: 63.88% 
Epoch: 116, Loss: 3.4807, Cls: 1.1603, Ind: 0.0000, Med: 0.5802, Spu: 0.0000, FD: 1.1603, FDAug: 0.5799, Var: 0.0000, Ctx: 6, MixCtx: 3, Train: 76.31%, Valid: 72.53%, Test In: 74.51% Test OOD1: 66.07% Test OOD2: 53.77% Test OOD3: 63.46% 
Epoch: 117, Loss: 3.4707, Cls: 1.1568, Ind: 0.0000, Med: 0.5787, Spu: 0.0000, FD: 1.1565, FDAug: 0.5787, Var: 0.0000, Ctx: 6, MixCtx: 3, Train: 76.36%, Valid: 72.58%, Test In: 74.50% Test OOD1: 66.65% Test OOD2: 53.74% Test OOD3: 63.64% 
Epoch: 118, Loss: 3.4518, Cls: 1.1506, Ind: 0.0000, Med: 0.5755, Spu: 0.0000, FD: 1.1504, FDAug: 0.5753, Var: 0.0000, Ctx: 6, MixCtx: 3, Train: 76.37%, Valid: 72.59%, Test In: 74.46% Test OOD1: 67.18% Test OOD2: 53.70% Test OOD3: 63.82% 
Epoch: 119, Loss: 3.4671, Cls: 1.1555, Ind: 0.0000, Med: 0.5775, Spu: 0.0000, FD: 1.1561, FDAug: 0.5779, Var: 0.0000, Ctx: 6, MixCtx: 3, Train: 76.41%, Valid: 72.63%, Test In: 74.55% Test OOD1: 66.03% Test OOD2: 53.77% Test OOD3: 63.43% 
Epoch: 120, Loss: 3.4638, Cls: 1.1547, Ind: 0.0000, Med: 0.5779, Spu: 0.0000, FD: 1.1539, FDAug: 0.5773, Var: 0.0000, Ctx: 6, MixCtx: 3, Train: 76.47%, Valid: 72.67%, Test In: 74.54% Test OOD1: 66.77% Test OOD2: 53.75% Test OOD3: 63.68% 
Epoch: 121, Loss: 3.4474, Cls: 1.1491, Ind: 0.0000, Med: 0.5747, Spu: 0.0000, FD: 1.1490, FDAug: 0.5746, Var: 0.0000, Ctx: 6, MixCtx: 3, Train: 76.48%, Valid: 72.67%, Test In: 74.50% Test OOD1: 67.21% Test OOD2: 53.72% Test OOD3: 63.83% 
Epoch: 122, Loss: 3.4548, Cls: 1.1515, Ind: 0.0000, Med: 0.5756, Spu: 0.0000, FD: 1.1519, FDAug: 0.5759, Var: 0.0000, Ctx: 6, MixCtx: 3, Train: 76.54%, Valid: 72.71%, Test In: 74.57% Test OOD1: 66.28% Test OOD2: 53.78% Test OOD3: 63.51% 
Epoch: 123, Loss: 3.4603, Cls: 1.1534, Ind: 0.0000, Med: 0.5770, Spu: 0.0000, FD: 1.1530, FDAug: 0.5769, Var: 0.0000, Ctx: 6, MixCtx: 3, Train: 76.56%, Valid: 72.74%, Test In: 74.52% Test OOD1: 67.22% Test OOD2: 53.75% Test OOD3: 63.84% 
Epoch: 124, Loss: 3.4481, Cls: 1.1493, Ind: 0.0000, Med: 0.5747, Spu: 0.0000, FD: 1.1494, FDAug: 0.5746, Var: 0.0000, Ctx: 6, MixCtx: 3, Train: 76.62%, Valid: 72.78%, Test In: 74.56% Test OOD1: 66.98% Test OOD2: 53.79% Test OOD3: 63.76% 
Epoch: 125, Loss: 3.4408, Cls: 1.1469, Ind: 0.0000, Med: 0.5736, Spu: 0.0000, FD: 1.1468, FDAug: 0.5735, Var: 0.0000, Ctx: 6, MixCtx: 3, Train: 76.66%, Valid: 72.80%, Test In: 74.58% Test OOD1: 66.47% Test OOD2: 53.83% Test OOD3: 63.58% 
Epoch: 126, Loss: 3.4472, Cls: 1.1490, Ind: 0.0000, Med: 0.5746, Spu: 0.0000, FD: 1.1489, FDAug: 0.5747, Var: 0.0000, Ctx: 6, MixCtx: 3, Train: 76.66%, Valid: 72.82%, Test In: 74.52% Test OOD1: 67.30% Test OOD2: 53.80% Test OOD3: 63.88% 
Epoch: 127, Loss: 3.4502, Cls: 1.1501, Ind: 0.0000, Med: 0.5752, Spu: 0.0000, FD: 1.1500, FDAug: 0.5749, Var: 0.0000, Ctx: 6, MixCtx: 3, Train: 76.73%, Valid: 72.85%, Test In: 74.58% Test OOD1: 66.55% Test OOD2: 53.86% Test OOD3: 63.62% 
Epoch: 128, Loss: 3.4414, Cls: 1.1471, Ind: 0.0000, Med: 0.5737, Spu: 0.0000, FD: 1.1469, FDAug: 0.5737, Var: 0.0000, Ctx: 6, MixCtx: 3, Train: 76.76%, Valid: 72.88%, Test In: 74.57% Test OOD1: 66.95% Test OOD2: 53.86% Test OOD3: 63.76% 
Epoch: 129, Loss: 3.4343, Cls: 1.1447, Ind: 0.0000, Med: 0.5725, Spu: 0.0000, FD: 1.1446, FDAug: 0.5724, Var: 0.0000, Ctx: 6, MixCtx: 3, Train: 76.77%, Valid: 72.88%, Test In: 74.53% Test OOD1: 67.21% Test OOD2: 53.86% Test OOD3: 63.85% 
Epoch: 130, Loss: 3.4366, Cls: 1.1455, Ind: 0.0000, Med: 0.5728, Spu: 0.0000, FD: 1.1455, FDAug: 0.5728, Var: 0.0000, Ctx: 6, MixCtx: 3, Train: 76.81%, Valid: 72.87%, Test In: 74.57% Test OOD1: 66.59% Test OOD2: 53.90% Test OOD3: 63.62% 
Epoch: 131, Loss: 3.4428, Cls: 1.1475, Ind: 0.0000, Med: 0.5739, Spu: 0.0000, FD: 1.1474, FDAug: 0.5740, Var: 0.0000, Ctx: 6, MixCtx: 3, Train: 76.79%, Valid: 72.89%, Test In: 74.50% Test OOD1: 67.42% Test OOD2: 53.88% Test OOD3: 63.94% 
Epoch: 132, Loss: 3.4480, Cls: 1.1492, Ind: 0.0000, Med: 0.5746, Spu: 0.0000, FD: 1.1495, FDAug: 0.5746, Var: 0.0000, Ctx: 6, MixCtx: 3, Train: 76.86%, Valid: 72.89%, Test In: 74.55% Test OOD1: 66.31% Test OOD2: 53.96% Test OOD3: 63.54% 
Epoch: 133, Loss: 3.4470, Cls: 1.1489, Ind: 0.0000, Med: 0.5747, Spu: 0.0000, FD: 1.1486, FDAug: 0.5747, Var: 0.0000, Ctx: 6, MixCtx: 3, Train: 76.85%, Valid: 72.94%, Test In: 74.52% Test OOD1: 67.23% Test OOD2: 53.97% Test OOD3: 63.89% 
Epoch: 134, Loss: 3.4427, Cls: 1.1475, Ind: 0.0000, Med: 0.5737, Spu: 0.0000, FD: 1.1477, FDAug: 0.5738, Var: 0.0000, Ctx: 6, MixCtx: 3, Train: 76.91%, Valid: 72.92%, Test In: 74.55% Test OOD1: 66.46% Test OOD2: 54.03% Test OOD3: 63.61% 
Epoch: 135, Loss: 3.4336, Cls: 1.1446, Ind: 0.0000, Med: 0.5726, Spu: 0.0000, FD: 1.1442, FDAug: 0.5723, Var: 0.0000, Ctx: 6, MixCtx: 3, Train: 76.93%, Valid: 72.94%, Test In: 74.55% Test OOD1: 67.02% Test OOD2: 54.02% Test OOD3: 63.81% 
Epoch: 136, Loss: 3.4264, Cls: 1.1421, Ind: 0.0000, Med: 0.5711, Spu: 0.0000, FD: 1.1421, FDAug: 0.5711, Var: 0.0000, Ctx: 6, MixCtx: 3, Train: 76.95%, Valid: 72.94%, Test In: 74.55% Test OOD1: 67.05% Test OOD2: 54.03% Test OOD3: 63.82% 
Epoch: 137, Loss: 3.4239, Cls: 1.1412, Ind: 0.0000, Med: 0.5707, Spu: 0.0000, FD: 1.1412, FDAug: 0.5707, Var: 0.0000, Ctx: 6, MixCtx: 3, Train: 76.99%, Valid: 72.92%, Test In: 74.55% Test OOD1: 66.88% Test OOD2: 54.04% Test OOD3: 63.75% 
Epoch: 138, Loss: 3.4262, Cls: 1.1420, Ind: 0.0000, Med: 0.5713, Spu: 0.0000, FD: 1.1418, FDAug: 0.5711, Var: 0.0000, Ctx: 6, MixCtx: 3, Train: 76.96%, Valid: 72.93%, Test In: 74.53% Test OOD1: 67.39% Test OOD2: 54.03% Test OOD3: 63.95% 
Epoch: 139, Loss: 3.4322, Cls: 1.1439, Ind: 0.0000, Med: 0.5719, Spu: 0.0000, FD: 1.1443, FDAug: 0.5720, Var: 0.0000, Ctx: 6, MixCtx: 3, Train: 77.03%, Valid: 72.89%, Test In: 74.54% Test OOD1: 66.42% Test OOD2: 54.11% Test OOD3: 63.57% 
Epoch: 140, Loss: 3.4425, Cls: 1.1475, Ind: 0.0000, Med: 0.5742, Spu: 0.0000, FD: 1.1469, FDAug: 0.5739, Var: 0.0000, Ctx: 6, MixCtx: 3, Train: 76.96%, Valid: 72.95%, Test In: 74.51% Test OOD1: 67.56% Test OOD2: 54.05% Test OOD3: 64.01% 
Epoch: 141, Loss: 3.4605, Cls: 1.1533, Ind: 0.0000, Med: 0.5764, Spu: 0.0000, FD: 1.1541, FDAug: 0.5767, Var: 0.0000, Ctx: 6, MixCtx: 3, Train: 77.02%, Valid: 72.85%, Test In: 74.50% Test OOD1: 65.94% Test OOD2: 54.17% Test OOD3: 63.39% 
Epoch: 142, Loss: 3.4654, Cls: 1.1551, Ind: 0.0000, Med: 0.5780, Spu: 0.0000, FD: 1.1545, FDAug: 0.5778, Var: 0.0000, Ctx: 6, MixCtx: 3, Train: 76.99%, Valid: 72.96%, Test In: 74.53% Test OOD1: 67.55% Test OOD2: 54.09% Test OOD3: 64.01% 
Epoch: 143, Loss: 3.4533, Cls: 1.1510, Ind: 0.0000, Med: 0.5754, Spu: 0.0000, FD: 1.1515, FDAug: 0.5755, Var: 0.0000, Ctx: 6, MixCtx: 3, Train: 77.11%, Valid: 72.92%, Test In: 74.57% Test OOD1: 66.77% Test OOD2: 54.19% Test OOD3: 63.72% 
Epoch: 144, Loss: 3.4252, Cls: 1.1417, Ind: 0.0000, Med: 0.5711, Spu: 0.0000, FD: 1.1415, FDAug: 0.5710, Var: 0.0000, Ctx: 6, MixCtx: 3, Train: 77.11%, Valid: 72.92%, Test In: 74.58% Test OOD1: 67.22% Test OOD2: 54.15% Test OOD3: 63.88% 
Epoch: 145, Loss: 3.4162, Cls: 1.1387, Ind: 0.0000, Med: 0.5695, Spu: 0.0000, FD: 1.1386, FDAug: 0.5694, Var: 0.0000, Ctx: 6, MixCtx: 3, Train: 77.04%, Valid: 72.90%, Test In: 74.53% Test OOD1: 67.77% Test OOD2: 54.05% Test OOD3: 64.08% 
Epoch: 146, Loss: 3.4309, Cls: 1.1436, Ind: 0.0000, Med: 0.5719, Spu: 0.0000, FD: 1.1436, FDAug: 0.5717, Var: 0.0000, Ctx: 6, MixCtx: 3, Train: 77.17%, Valid: 72.88%, Test In: 74.58% Test OOD1: 66.76% Test OOD2: 54.20% Test OOD3: 63.68% 
Epoch: 147, Loss: 3.4496, Cls: 1.1496, Ind: 0.0000, Med: 0.5749, Spu: 0.0000, FD: 1.1497, FDAug: 0.5754, Var: 0.0000, Ctx: 6, MixCtx: 3, Train: 77.03%, Valid: 72.91%, Test In: 74.52% Test OOD1: 67.85% Test OOD2: 54.06% Test OOD3: 64.12% 
Epoch: 148, Loss: 3.4558, Cls: 1.1519, Ind: 0.0000, Med: 0.5760, Spu: 0.0000, FD: 1.1521, FDAug: 0.5757, Var: 0.0000, Ctx: 6, MixCtx: 3, Train: 77.19%, Valid: 72.92%, Test In: 74.57% Test OOD1: 66.59% Test OOD2: 54.27% Test OOD3: 63.65% 
Epoch: 149, Loss: 3.4317, Cls: 1.1438, Ind: 0.0000, Med: 0.5721, Spu: 0.0000, FD: 1.1437, FDAug: 0.5720, Var: 0.0000, Ctx: 6, MixCtx: 3, Train: 77.19%, Valid: 72.96%, Test In: 74.60% Test OOD1: 67.03% Test OOD2: 54.26% Test OOD3: 63.82% 
Epoch: 150, Loss: 3.4154, Cls: 1.1384, Ind: 0.0000, Med: 0.5694, Spu: 0.0000, FD: 1.1383, FDAug: 0.5692, Var: 0.0000, Ctx: 6, MixCtx: 3, Train: 77.13%, Valid: 72.95%, Test In: 74.57% Test OOD1: 67.65% Test OOD2: 54.15% Test OOD3: 64.04% 
Epoch: 151, Loss: 3.4294, Cls: 1.1432, Ind: 0.0000, Med: 0.5716, Spu: 0.0000, FD: 1.1432, FDAug: 0.5714, Var: 0.0000, Ctx: 6, MixCtx: 3, Train: 77.24%, Valid: 72.89%, Test In: 74.58% Test OOD1: 66.74% Test OOD2: 54.27% Test OOD3: 63.68% 
Epoch: 152, Loss: 3.4432, Cls: 1.1474, Ind: 0.0000, Med: 0.5738, Spu: 0.0000, FD: 1.1476, FDAug: 0.5744, Var: 0.0000, Ctx: 6, MixCtx: 3, Train: 77.13%, Valid: 72.91%, Test In: 74.55% Test OOD1: 67.85% Test OOD2: 54.12% Test OOD3: 64.11% 
Epoch: 153, Loss: 3.4366, Cls: 1.1455, Ind: 0.0000, Med: 0.5728, Spu: 0.0000, FD: 1.1456, FDAug: 0.5726, Var: 0.0000, Ctx: 6, MixCtx: 3, Train: 77.27%, Valid: 72.93%, Test In: 74.60% Test OOD1: 66.98% Test OOD2: 54.29% Test OOD3: 63.78% 
Epoch: 154, Loss: 3.4146, Cls: 1.1381, Ind: 0.0000, Med: 0.5692, Spu: 0.0000, FD: 1.1380, FDAug: 0.5693, Var: 0.0000, Ctx: 6, MixCtx: 3, Train: 77.28%, Valid: 72.97%, Test In: 74.60% Test OOD1: 67.05% Test OOD2: 54.31% Test OOD3: 63.81% 
Epoch: 155, Loss: 3.4080, Cls: 1.1360, Ind: 0.0000, Med: 0.5682, Spu: 0.0000, FD: 1.1358, FDAug: 0.5680, Var: 0.0000, Ctx: 6, MixCtx: 3, Train: 77.26%, Valid: 73.00%, Test In: 74.59% Test OOD1: 67.42% Test OOD2: 54.26% Test OOD3: 63.95% 
Epoch: 156, Loss: 3.4175, Cls: 1.1391, Ind: 0.0000, Med: 0.5696, Spu: 0.0000, FD: 1.1393, FDAug: 0.5695, Var: 0.0000, Ctx: 6, MixCtx: 3, Train: 77.34%, Valid: 72.94%, Test In: 74.58% Test OOD1: 66.66% Test OOD2: 54.35% Test OOD3: 63.64% 
Epoch: 157, Loss: 3.4201, Cls: 1.1400, Ind: 0.0000, Med: 0.5703, Spu: 0.0000, FD: 1.1396, FDAug: 0.5701, Var: 0.0000, Ctx: 6, MixCtx: 3, Train: 77.30%, Valid: 72.98%, Test In: 74.59% Test OOD1: 67.53% Test OOD2: 54.25% Test OOD3: 63.96% 
Epoch: 158, Loss: 3.4118, Cls: 1.1372, Ind: 0.0000, Med: 0.5686, Spu: 0.0000, FD: 1.1374, FDAug: 0.5686, Var: 0.0000, Ctx: 6, MixCtx: 3, Train: 77.37%, Valid: 72.96%, Test In: 74.60% Test OOD1: 67.14% Test OOD2: 54.31% Test OOD3: 63.80% 
Epoch: 159, Loss: 3.4034, Cls: 1.1344, Ind: 0.0000, Med: 0.5674, Spu: 0.0000, FD: 1.1343, FDAug: 0.5673, Var: 0.0000, Ctx: 6, MixCtx: 3, Train: 77.40%, Valid: 72.97%, Test In: 74.60% Test OOD1: 67.01% Test OOD2: 54.34% Test OOD3: 63.75% 
Epoch: 160, Loss: 3.4023, Cls: 1.1341, Ind: 0.0000, Med: 0.5672, Spu: 0.0000, FD: 1.1339, FDAug: 0.5671, Var: 0.0000, Ctx: 6, MixCtx: 3, Train: 77.38%, Valid: 73.02%, Test In: 74.60% Test OOD1: 67.31% Test OOD2: 54.33% Test OOD3: 63.87% 
Epoch: 161, Loss: 3.4074, Cls: 1.1357, Ind: 0.0000, Med: 0.5679, Spu: 0.0000, FD: 1.1359, FDAug: 0.5679, Var: 0.0000, Ctx: 6, MixCtx: 3, Train: 77.44%, Valid: 72.96%, Test In: 74.55% Test OOD1: 66.50% Test OOD2: 54.42% Test OOD3: 63.53% 
Epoch: 162, Loss: 3.4100, Cls: 1.1367, Ind: 0.0000, Med: 0.5687, Spu: 0.0000, FD: 1.1363, FDAug: 0.5684, Var: 0.0000, Ctx: 6, MixCtx: 3, Train: 77.43%, Valid: 73.04%, Test In: 74.60% Test OOD1: 67.25% Test OOD2: 54.36% Test OOD3: 63.84% 
Epoch: 163, Loss: 3.4066, Cls: 1.1355, Ind: 0.0000, Med: 0.5678, Spu: 0.0000, FD: 1.1356, FDAug: 0.5677, Var: 0.0000, Ctx: 6, MixCtx: 3, Train: 77.49%, Valid: 72.97%, Test In: 74.56% Test OOD1: 66.72% Test OOD2: 54.41% Test OOD3: 63.60% 
Epoch: 164, Loss: 3.4007, Cls: 1.1335, Ind: 0.0000, Med: 0.5670, Spu: 0.0000, FD: 1.1333, FDAug: 0.5669, Var: 0.0000, Ctx: 6, MixCtx: 3, Train: 77.50%, Valid: 73.01%, Test In: 74.59% Test OOD1: 67.10% Test OOD2: 54.39% Test OOD3: 63.76% 
Epoch: 165, Loss: 3.3965, Cls: 1.1321, Ind: 0.0000, Med: 0.5662, Spu: 0.0000, FD: 1.1321, FDAug: 0.5661, Var: 0.0000, Ctx: 6, MixCtx: 3, Train: 77.53%, Valid: 73.00%, Test In: 74.57% Test OOD1: 66.93% Test OOD2: 54.41% Test OOD3: 63.68% 
Epoch: 166, Loss: 3.3942, Cls: 1.1314, Ind: 0.0000, Med: 0.5658, Spu: 0.0000, FD: 1.1312, FDAug: 0.5657, Var: 0.0000, Ctx: 6, MixCtx: 3, Train: 77.55%, Valid: 73.00%, Test In: 74.55% Test OOD1: 66.76% Test OOD2: 54.45% Test OOD3: 63.60% 
Epoch: 167, Loss: 3.3936, Cls: 1.1312, Ind: 0.0000, Med: 0.5658, Spu: 0.0000, FD: 1.1310, FDAug: 0.5656, Var: 0.0000, Ctx: 6, MixCtx: 3, Train: 77.56%, Valid: 73.05%, Test In: 74.57% Test OOD1: 66.99% Test OOD2: 54.44% Test OOD3: 63.70% 
Epoch: 168, Loss: 3.3944, Cls: 1.1314, Ind: 0.0000, Med: 0.5659, Spu: 0.0000, FD: 1.1314, FDAug: 0.5657, Var: 0.0000, Ctx: 6, MixCtx: 3, Train: 77.59%, Valid: 72.98%, Test In: 74.52% Test OOD1: 66.58% Test OOD2: 54.48% Test OOD3: 63.50% 
Epoch: 169, Loss: 3.3954, Cls: 1.1318, Ind: 0.0000, Med: 0.5661, Spu: 0.0000, FD: 1.1315, FDAug: 0.5660, Var: 0.0000, Ctx: 6, MixCtx: 3, Train: 77.59%, Valid: 73.06%, Test In: 74.57% Test OOD1: 67.22% Test OOD2: 54.42% Test OOD3: 63.78% 
Epoch: 170, Loss: 3.3979, Cls: 1.1326, Ind: 0.0000, Med: 0.5663, Spu: 0.0000, FD: 1.1327, FDAug: 0.5663, Var: 0.0000, Ctx: 6, MixCtx: 3, Train: 77.63%, Valid: 72.94%, Test In: 74.48% Test OOD1: 66.42% Test OOD2: 54.51% Test OOD3: 63.40% 
Epoch: 171, Loss: 3.4034, Cls: 1.1344, Ind: 0.0000, Med: 0.5675, Spu: 0.0000, FD: 1.1341, FDAug: 0.5674, Var: 0.0000, Ctx: 6, MixCtx: 3, Train: 77.59%, Valid: 73.09%, Test In: 74.57% Test OOD1: 67.43% Test OOD2: 54.39% Test OOD3: 63.86% 
Epoch: 172, Loss: 3.4161, Cls: 1.1386, Ind: 0.0000, Med: 0.5691, Spu: 0.0000, FD: 1.1390, FDAug: 0.5693, Var: 0.0000, Ctx: 6, MixCtx: 3, Train: 77.64%, Valid: 72.89%, Test In: 74.41% Test OOD1: 65.94% Test OOD2: 54.55% Test OOD3: 63.17% 
Epoch: 173, Loss: 3.4288, Cls: 1.1429, Ind: 0.0000, Med: 0.5719, Spu: 0.0000, FD: 1.1422, FDAug: 0.5717, Var: 0.0000, Ctx: 6, MixCtx: 3, Train: 77.58%, Valid: 73.12%, Test In: 74.58% Test OOD1: 67.64% Test OOD2: 54.36% Test OOD3: 63.94% 
Epoch: 174, Loss: 3.4400, Cls: 1.1464, Ind: 0.0000, Med: 0.5728, Spu: 0.0000, FD: 1.1474, FDAug: 0.5733, Var: 0.0000, Ctx: 6, MixCtx: 3, Train: 77.71%, Valid: 72.94%, Test In: 74.45% Test OOD1: 66.18% Test OOD2: 54.57% Test OOD3: 63.28% 
Epoch: 175, Loss: 3.4215, Cls: 1.1406, Ind: 0.0000, Med: 0.5708, Spu: 0.0000, FD: 1.1398, FDAug: 0.5704, Var: 0.0000, Ctx: 6, MixCtx: 3, Train: 77.67%, Valid: 73.10%, Test In: 74.58% Test OOD1: 67.51% Test OOD2: 54.41% Test OOD3: 63.89% 
Epoch: 176, Loss: 3.3949, Cls: 1.1315, Ind: 0.0000, Med: 0.5657, Spu: 0.0000, FD: 1.1318, FDAug: 0.5658, Var: 0.0000, Ctx: 6, MixCtx: 3, Train: 77.73%, Valid: 73.07%, Test In: 74.58% Test OOD1: 67.29% Test OOD2: 54.47% Test OOD3: 63.78% 
Epoch: 177, Loss: 3.3822, Cls: 1.1273, Ind: 0.0000, Med: 0.5638, Spu: 0.0000, FD: 1.1273, FDAug: 0.5637, Var: 0.0000, Ctx: 6, MixCtx: 3, Train: 77.78%, Valid: 73.02%, Test In: 74.55% Test OOD1: 66.97% Test OOD2: 54.53% Test OOD3: 63.63% 
Epoch: 178, Loss: 3.3915, Cls: 1.1304, Ind: 0.0000, Med: 0.5654, Spu: 0.0000, FD: 1.1302, FDAug: 0.5654, Var: 0.0000, Ctx: 6, MixCtx: 3, Train: 77.66%, Valid: 73.11%, Test In: 74.58% Test OOD1: 67.72% Test OOD2: 54.35% Test OOD3: 63.97% 
Epoch: 179, Loss: 3.4078, Cls: 1.1359, Ind: 0.0000, Med: 0.5680, Spu: 0.0000, FD: 1.1361, FDAug: 0.5678, Var: 0.0000, Ctx: 6, MixCtx: 3, Train: 77.82%, Valid: 73.00%, Test In: 74.50% Test OOD1: 66.33% Test OOD2: 54.59% Test OOD3: 63.34% 
Epoch: 180, Loss: 3.4066, Cls: 1.1355, Ind: 0.0000, Med: 0.5680, Spu: 0.0000, FD: 1.1352, FDAug: 0.5679, Var: 0.0000, Ctx: 6, MixCtx: 3, Train: 77.79%, Valid: 73.12%, Test In: 74.60% Test OOD1: 67.32% Test OOD2: 54.46% Test OOD3: 63.78% 
Epoch: 181, Loss: 3.3851, Cls: 1.1284, Ind: 0.0000, Med: 0.5644, Spu: 0.0000, FD: 1.1283, FDAug: 0.5640, Var: 0.0000, Ctx: 6, MixCtx: 3, Train: 77.83%, Valid: 73.07%, Test In: 74.58% Test OOD1: 67.24% Test OOD2: 54.48% Test OOD3: 63.74% 
Epoch: 182, Loss: 3.3773, Cls: 1.1258, Ind: 0.0000, Med: 0.5631, Spu: 0.0000, FD: 1.1256, FDAug: 0.5628, Var: 0.0000, Ctx: 6, MixCtx: 3, Train: 77.88%, Valid: 72.97%, Test In: 74.51% Test OOD1: 66.58% Test OOD2: 54.57% Test OOD3: 63.42% 
Epoch: 183, Loss: 3.3921, Cls: 1.1304, Ind: 0.0000, Med: 0.5652, Spu: 0.0000, FD: 1.1307, FDAug: 0.5658, Var: 0.0000, Ctx: 6, MixCtx: 3, Train: 77.80%, Valid: 73.13%, Test In: 74.60% Test OOD1: 67.49% Test OOD2: 54.40% Test OOD3: 63.84% 
Epoch: 184, Loss: 3.4100, Cls: 1.1368, Ind: 0.0000, Med: 0.5686, Spu: 0.0000, FD: 1.1366, FDAug: 0.5680, Var: 0.0000, Ctx: 6, MixCtx: 3, Train: 77.87%, Valid: 72.91%, Test In: 74.39% Test OOD1: 65.55% Test OOD2: 54.61% Test OOD3: 62.95% 
Epoch: 185, Loss: 3.4100, Cls: 1.1366, Ind: 0.0000, Med: 0.5686, Spu: 0.0000, FD: 1.1363, FDAug: 0.5685, Var: 0.0000, Ctx: 6, MixCtx: 3, Train: 77.92%, Valid: 73.12%, Test In: 74.59% Test OOD1: 67.01% Test OOD2: 54.51% Test OOD3: 63.61% 
Epoch: 186, Loss: 3.3819, Cls: 1.1273, Ind: 0.0000, Med: 0.5637, Spu: 0.0000, FD: 1.1273, FDAug: 0.5635, Var: 0.0000, Ctx: 6, MixCtx: 3, Train: 77.95%, Valid: 73.03%, Test In: 74.54% Test OOD1: 66.98% Test OOD2: 54.52% Test OOD3: 63.58% 
Epoch: 187, Loss: 3.3713, Cls: 1.1237, Ind: 0.0000, Med: 0.5620, Spu: 0.0000, FD: 1.1236, FDAug: 0.5619, Var: 0.0000, Ctx: 6, MixCtx: 3, Train: 77.99%, Valid: 72.92%, Test In: 74.45% Test OOD1: 66.39% Test OOD2: 54.59% Test OOD3: 63.29% 
Epoch: 188, Loss: 3.3834, Cls: 1.1277, Ind: 0.0000, Med: 0.5641, Spu: 0.0000, FD: 1.1274, FDAug: 0.5641, Var: 0.0000, Ctx: 6, MixCtx: 3, Train: 77.92%, Valid: 73.15%, Test In: 74.58% Test OOD1: 67.30% Test OOD2: 54.46% Test OOD3: 63.73% 
Epoch: 189, Loss: 3.4098, Cls: 1.1363, Ind: 0.0000, Med: 0.5678, Spu: 0.0000, FD: 1.1373, FDAug: 0.5683, Var: 0.0000, Ctx: 6, MixCtx: 3, Train: 77.95%, Valid: 72.86%, Test In: 74.29% Test OOD1: 65.32% Test OOD2: 54.65% Test OOD3: 62.80% 
Epoch: 190, Loss: 3.4122, Cls: 1.1376, Ind: 0.0000, Med: 0.5696, Spu: 0.0000, FD: 1.1364, FDAug: 0.5686, Var: 0.0000, Ctx: 6, MixCtx: 3, Train: 78.02%, Valid: 73.12%, Test In: 74.55% Test OOD1: 67.09% Test OOD2: 54.52% Test OOD3: 63.63% 
Epoch: 191, Loss: 3.3764, Cls: 1.1253, Ind: 0.0000, Med: 0.5626, Spu: 0.0000, FD: 1.1257, FDAug: 0.5627, Var: 0.0000, Ctx: 6, MixCtx: 3, Train: 78.05%, Valid: 73.03%, Test In: 74.50% Test OOD1: 67.13% Test OOD2: 54.53% Test OOD3: 63.64% 
Epoch: 192, Loss: 3.3672, Cls: 1.1223, Ind: 0.0000, Med: 0.5613, Spu: 0.0000, FD: 1.1223, FDAug: 0.5613, Var: 0.0000, Ctx: 6, MixCtx: 3, Train: 78.11%, Valid: 72.91%, Test In: 74.37% Test OOD1: 66.35% Test OOD2: 54.63% Test OOD3: 63.25% 
Epoch: 193, Loss: 3.3836, Cls: 1.1278, Ind: 0.0000, Med: 0.5642, Spu: 0.0000, FD: 1.1274, FDAug: 0.5642, Var: 0.0000, Ctx: 6, MixCtx: 3, Train: 78.00%, Valid: 73.17%, Test In: 74.54% Test OOD1: 67.38% Test OOD2: 54.45% Test OOD3: 63.75% 
Epoch: 194, Loss: 3.4152, Cls: 1.1382, Ind: 0.0000, Med: 0.5688, Spu: 0.0000, FD: 1.1390, FDAug: 0.5692, Var: 0.0000, Ctx: 6, MixCtx: 3, Train: 78.09%, Valid: 72.89%, Test In: 74.26% Test OOD1: 65.48% Test OOD2: 54.67% Test OOD3: 62.85% 
Epoch: 195, Loss: 3.4017, Cls: 1.1340, Ind: 0.0000, Med: 0.5675, Spu: 0.0000, FD: 1.1332, FDAug: 0.5670, Var: 0.0000, Ctx: 6, MixCtx: 3, Train: 78.16%, Valid: 73.06%, Test In: 74.47% Test OOD1: 66.92% Test OOD2: 54.56% Test OOD3: 63.54% 
Epoch: 196, Loss: 3.3596, Cls: 1.1198, Ind: 0.0000, Med: 0.5601, Spu: 0.0000, FD: 1.1198, FDAug: 0.5599, Var: 0.0000, Ctx: 6, MixCtx: 3, Train: 78.04%, Valid: 73.04%, Test In: 74.48% Test OOD1: 67.50% Test OOD2: 54.46% Test OOD3: 63.79% 
Epoch: 197, Loss: 3.3818, Cls: 1.1273, Ind: 0.0000, Med: 0.5639, Spu: 0.0000, FD: 1.1271, FDAug: 0.5635, Var: 0.0000, Ctx: 6, MixCtx: 3, Train: 78.15%, Valid: 72.74%, Test In: 74.14% Test OOD1: 65.42% Test OOD2: 54.65% Test OOD3: 62.79% 
Epoch: 198, Loss: 3.4231, Cls: 1.1407, Ind: 0.0000, Med: 0.5704, Spu: 0.0000, FD: 1.1408, FDAug: 0.5711, Var: 0.0000, Ctx: 6, MixCtx: 3, Train: 78.05%, Valid: 73.21%, Test In: 74.53% Test OOD1: 67.30% Test OOD2: 54.42% Test OOD3: 63.71% 
Epoch: 199, Loss: 3.4443, Cls: 1.1480, Ind: 0.0000, Med: 0.5737, Spu: 0.0000, FD: 1.1487, FDAug: 0.5740, Var: 0.0000, Ctx: 6, MixCtx: 3, Train: 78.23%, Valid: 73.04%, Test In: 74.37% Test OOD1: 65.98% Test OOD2: 54.63% Test OOD3: 63.07% 
Epoch: 200, Loss: 3.3722, Cls: 1.1241, Ind: 0.0000, Med: 0.5624, Spu: 0.0000, FD: 1.1237, FDAug: 0.5620, Var: 0.0000, Ctx: 6, MixCtx: 3, Train: 78.26%, Valid: 72.91%, Test In: 74.35% Test OOD1: 66.40% Test OOD2: 54.62% Test OOD3: 63.26% 
Epoch: 201, Loss: 3.3870, Cls: 1.1286, Ind: 0.0000, Med: 0.5643, Spu: 0.0000, FD: 1.1289, FDAug: 0.5651, Var: 0.0000, Ctx: 6, MixCtx: 3, Train: 77.77%, Valid: 73.01%, Test In: 74.43% Test OOD1: 68.07% Test OOD2: 54.22% Test OOD3: 64.09% 
Epoch: 202, Loss: 3.4872, Cls: 1.1627, Ind: 0.0000, Med: 0.5819, Spu: 0.0000, FD: 1.1620, FDAug: 0.5806, Var: 0.0000, Ctx: 6, MixCtx: 3, Train: 78.06%, Valid: 72.60%, Test In: 73.93% Test OOD1: 64.19% Test OOD2: 54.64% Test OOD3: 62.22% 
Epoch: 203, Loss: 3.5025, Cls: 1.1677, Ind: 0.0000, Med: 0.5848, Spu: 0.0000, FD: 1.1663, FDAug: 0.5837, Var: 0.0000, Ctx: 6, MixCtx: 3, Train: 78.16%, Valid: 73.21%, Test In: 74.47% Test OOD1: 65.98% Test OOD2: 54.65% Test OOD3: 63.11% 
Epoch: 204, Loss: 3.4102, Cls: 1.1366, Ind: 0.0000, Med: 0.5683, Spu: 0.0000, FD: 1.1370, FDAug: 0.5684, Var: 0.0000, Ctx: 6, MixCtx: 3, Train: 77.94%, Valid: 73.16%, Test In: 74.51% Test OOD1: 67.64% Test OOD2: 54.34% Test OOD3: 63.89% 
Epoch: 205, Loss: 3.4739, Cls: 1.1574, Ind: 0.0000, Med: 0.5778, Spu: 0.0000, FD: 1.1594, FDAug: 0.5793, Var: 0.0000, Ctx: 6, MixCtx: 3, Train: 78.30%, Valid: 72.88%, Test In: 74.34% Test OOD1: 66.27% Test OOD2: 54.67% Test OOD3: 63.25% 
Epoch: 206, Loss: 3.4079, Cls: 1.1359, Ind: 0.0000, Med: 0.5684, Spu: 0.0000, FD: 1.1354, FDAug: 0.5683, Var: 0.0000, Ctx: 6, MixCtx: 3, Train: 78.16%, Valid: 72.98%, Test In: 74.45% Test OOD1: 67.28% Test OOD2: 54.58% Test OOD3: 63.75% 
Epoch: 207, Loss: 3.3772, Cls: 1.1254, Ind: 0.0000, Med: 0.5628, Spu: 0.0000, FD: 1.1256, FDAug: 0.5634, Var: 0.0000, Ctx: 6, MixCtx: 3, Train: 77.80%, Valid: 73.00%, Test In: 74.43% Test OOD1: 68.04% Test OOD2: 54.29% Test OOD3: 64.11% 
Epoch: 208, Loss: 3.4405, Cls: 1.1468, Ind: 0.0000, Med: 0.5734, Spu: 0.0000, FD: 1.1471, FDAug: 0.5732, Var: 0.0000, Ctx: 6, MixCtx: 3, Train: 78.33%, Valid: 73.02%, Test In: 74.40% Test OOD1: 66.07% Test OOD2: 54.66% Test OOD3: 63.14% 
Epoch: 209, Loss: 3.4051, Cls: 1.1352, Ind: 0.0000, Med: 0.5681, Spu: 0.0000, FD: 1.1345, FDAug: 0.5673, Var: 0.0000, Ctx: 6, MixCtx: 3, Train: 78.33%, Valid: 73.08%, Test In: 74.41% Test OOD1: 65.99% Test OOD2: 54.65% Test OOD3: 63.09% 
Epoch: 210, Loss: 3.4028, Cls: 1.1344, Ind: 0.0000, Med: 0.5676, Spu: 0.0000, FD: 1.1339, FDAug: 0.5669, Var: 0.0000, Ctx: 6, MixCtx: 3, Train: 78.08%, Valid: 73.14%, Test In: 74.49% Test OOD1: 67.67% Test OOD2: 54.36% Test OOD3: 63.89% 
Epoch: 211, Loss: 3.4085, Cls: 1.1361, Ind: 0.0000, Med: 0.5679, Spu: 0.0000, FD: 1.1366, FDAug: 0.5680, Var: 0.0000, Ctx: 6, MixCtx: 3, Train: 78.27%, Valid: 73.00%, Test In: 74.45% Test OOD1: 67.28% Test OOD2: 54.50% Test OOD3: 63.70% 
Epoch: 212, Loss: 3.3543, Cls: 1.1180, Ind: 0.0000, Med: 0.5590, Spu: 0.0000, FD: 1.1182, FDAug: 0.5591, Var: 0.0000, Ctx: 6, MixCtx: 3, Train: 78.30%, Valid: 72.75%, Test In: 74.28% Test OOD1: 66.31% Test OOD2: 54.53% Test OOD3: 63.17% 
Epoch: 213, Loss: 3.4246, Cls: 1.1406, Ind: 0.0000, Med: 0.5697, Spu: 0.0000, FD: 1.1423, FDAug: 0.5720, Var: 0.0000, Ctx: 6, MixCtx: 3, Train: 78.17%, Valid: 73.04%, Test In: 74.47% Test OOD1: 67.60% Test OOD2: 54.38% Test OOD3: 63.85% 
Epoch: 214, Loss: 3.4023, Cls: 1.1344, Ind: 0.0000, Med: 0.5678, Spu: 0.0000, FD: 1.1336, FDAug: 0.5665, Var: 0.0000, Ctx: 6, MixCtx: 3, Train: 78.42%, Valid: 73.02%, Test In: 74.42% Test OOD1: 66.19% Test OOD2: 54.55% Test OOD3: 63.19% 
Epoch: 215, Loss: 3.3590, Cls: 1.1197, Ind: 0.0000, Med: 0.5601, Spu: 0.0000, FD: 1.1195, FDAug: 0.5596, Var: 0.0000, Ctx: 6, MixCtx: 3, Train: 78.29%, Valid: 72.66%, Test In: 74.06% Test OOD1: 64.46% Test OOD2: 54.54% Test OOD3: 62.35% 
Epoch: 216, Loss: 3.4018, Cls: 1.1338, Ind: 0.0000, Med: 0.5669, Spu: 0.0000, FD: 1.1340, FDAug: 0.5671, Var: 0.0000, Ctx: 6, MixCtx: 3, Train: 78.43%, Valid: 72.99%, Test In: 74.42% Test OOD1: 66.42% Test OOD2: 54.54% Test OOD3: 63.32% 
Epoch: 217, Loss: 3.3513, Cls: 1.1172, Ind: 0.0000, Med: 0.5588, Spu: 0.0000, FD: 1.1170, FDAug: 0.5584, Var: 0.0000, Ctx: 6, MixCtx: 3, Train: 78.32%, Valid: 72.98%, Test In: 74.43% Test OOD1: 67.09% Test OOD2: 54.49% Test OOD3: 63.61% 
Epoch: 218, Loss: 3.3730, Cls: 1.1244, Ind: 0.0000, Med: 0.5625, Spu: 0.0000, FD: 1.1241, FDAug: 0.5620, Var: 0.0000, Ctx: 6, MixCtx: 3, Train: 78.36%, Valid: 72.62%, Test In: 74.11% Test OOD1: 65.32% Test OOD2: 54.53% Test OOD3: 62.71% 
Epoch: 219, Loss: 3.3969, Cls: 1.1319, Ind: 0.0000, Med: 0.5658, Spu: 0.0000, FD: 1.1324, FDAug: 0.5668, Var: 0.0000, Ctx: 6, MixCtx: 3, Train: 78.50%, Valid: 73.02%, Test In: 74.40% Test OOD1: 66.28% Test OOD2: 54.54% Test OOD3: 63.23% 
Epoch: 220, Loss: 3.3538, Cls: 1.1178, Ind: 0.0000, Med: 0.5589, Spu: 0.0000, FD: 1.1182, FDAug: 0.5590, Var: 0.0000, Ctx: 6, MixCtx: 3, Train: 78.50%, Valid: 73.11%, Test In: 74.40% Test OOD1: 66.29% Test OOD2: 54.55% Test OOD3: 63.22% 
Epoch: 221, Loss: 3.3661, Cls: 1.1217, Ind: 0.0000, Med: 0.5606, Spu: 0.0000, FD: 1.1226, FDAug: 0.5612, Var: 0.0000, Ctx: 6, MixCtx: 3, Train: 78.52%, Valid: 72.82%, Test In: 74.17% Test OOD1: 65.30% Test OOD2: 54.59% Test OOD3: 62.70% 
Epoch: 222, Loss: 3.3646, Cls: 1.1218, Ind: 0.0000, Med: 0.5615, Spu: 0.0000, FD: 1.1208, FDAug: 0.5605, Var: 0.0000, Ctx: 6, MixCtx: 3, Train: 78.52%, Valid: 72.99%, Test In: 74.37% Test OOD1: 66.73% Test OOD2: 54.55% Test OOD3: 63.39% 
Epoch: 223, Loss: 3.3424, Cls: 1.1140, Ind: 0.0000, Med: 0.5571, Spu: 0.0000, FD: 1.1141, FDAug: 0.5571, Var: 0.0000, Ctx: 6, MixCtx: 3, Train: 78.41%, Valid: 73.05%, Test In: 74.42% Test OOD1: 67.32% Test OOD2: 54.49% Test OOD3: 63.69% 
Epoch: 224, Loss: 3.3646, Cls: 1.1213, Ind: 0.0000, Med: 0.5605, Spu: 0.0000, FD: 1.1219, FDAug: 0.5609, Var: 0.0000, Ctx: 6, MixCtx: 3, Train: 78.61%, Valid: 72.87%, Test In: 74.19% Test OOD1: 65.64% Test OOD2: 54.65% Test OOD3: 62.89% 
Epoch: 225, Loss: 3.3590, Cls: 1.1198, Ind: 0.0000, Med: 0.5605, Spu: 0.0000, FD: 1.1190, FDAug: 0.5597, Var: 0.0000, Ctx: 6, MixCtx: 3, Train: 78.62%, Valid: 73.07%, Test In: 74.30% Test OOD1: 65.99% Test OOD2: 54.65% Test OOD3: 63.10% 
Epoch: 226, Loss: 3.3421, Cls: 1.1140, Ind: 0.0000, Med: 0.5572, Spu: 0.0000, FD: 1.1139, FDAug: 0.5570, Var: 0.0000, Ctx: 6, MixCtx: 3, Train: 78.59%, Valid: 73.12%, Test In: 74.37% Test OOD1: 66.58% Test OOD2: 54.60% Test OOD3: 63.42% 
Epoch: 227, Loss: 3.3541, Cls: 1.1179, Ind: 0.0000, Med: 0.5590, Spu: 0.0000, FD: 1.1182, FDAug: 0.5590, Var: 0.0000, Ctx: 6, MixCtx: 3, Train: 78.65%, Valid: 72.81%, Test In: 74.16% Test OOD1: 65.72% Test OOD2: 54.66% Test OOD3: 62.98% 
Epoch: 228, Loss: 3.3458, Cls: 1.1151, Ind: 0.0000, Med: 0.5577, Spu: 0.0000, FD: 1.1151, FDAug: 0.5578, Var: 0.0000, Ctx: 6, MixCtx: 3, Train: 78.65%, Valid: 72.91%, Test In: 74.25% Test OOD1: 66.33% Test OOD2: 54.64% Test OOD3: 63.29% 
Epoch: 229, Loss: 3.3344, Cls: 1.1113, Ind: 0.0000, Med: 0.5558, Spu: 0.0000, FD: 1.1114, FDAug: 0.5558, Var: 0.0000, Ctx: 6, MixCtx: 3, Train: 78.67%, Valid: 73.03%, Test In: 74.31% Test OOD1: 66.51% Test OOD2: 54.61% Test OOD3: 63.41% 
Epoch: 230, Loss: 3.3410, Cls: 1.1137, Ind: 0.0000, Med: 0.5572, Spu: 0.0000, FD: 1.1134, FDAug: 0.5567, Var: 0.0000, Ctx: 6, MixCtx: 3, Train: 78.70%, Valid: 72.80%, Test In: 74.03% Test OOD1: 65.08% Test OOD2: 54.66% Test OOD3: 62.68% 
Epoch: 231, Loss: 3.3436, Cls: 1.1145, Ind: 0.0000, Med: 0.5574, Spu: 0.0000, FD: 1.1144, FDAug: 0.5573, Var: 0.0000, Ctx: 6, MixCtx: 3, Train: 78.77%, Valid: 72.94%, Test In: 74.16% Test OOD1: 65.75% Test OOD2: 54.66% Test OOD3: 63.01% 
Epoch: 232, Loss: 3.3277, Cls: 1.1092, Ind: 0.0000, Med: 0.5549, Spu: 0.0000, FD: 1.1091, FDAug: 0.5546, Var: 0.0000, Ctx: 6, MixCtx: 3, Train: 78.74%, Valid: 72.99%, Test In: 74.26% Test OOD1: 66.55% Test OOD2: 54.61% Test OOD3: 63.40% 
Epoch: 233, Loss: 3.3372, Cls: 1.1125, Ind: 0.0000, Med: 0.5565, Spu: 0.0000, FD: 1.1122, FDAug: 0.5561, Var: 0.0000, Ctx: 6, MixCtx: 3, Train: 78.78%, Valid: 72.72%, Test In: 74.00% Test OOD1: 65.46% Test OOD2: 54.68% Test OOD3: 62.82% 
Epoch: 234, Loss: 3.3457, Cls: 1.1151, Ind: 0.0000, Med: 0.5577, Spu: 0.0000, FD: 1.1150, FDAug: 0.5578, Var: 0.0000, Ctx: 6, MixCtx: 3, Train: 78.83%, Valid: 73.01%, Test In: 74.23% Test OOD1: 66.22% Test OOD2: 54.66% Test OOD3: 63.25% 
Epoch: 235, Loss: 3.3291, Cls: 1.1097, Ind: 0.0000, Med: 0.5551, Spu: 0.0000, FD: 1.1096, FDAug: 0.5548, Var: 0.0000, Ctx: 6, MixCtx: 3, Train: 78.86%, Valid: 73.01%, Test In: 74.15% Test OOD1: 65.70% Test OOD2: 54.71% Test OOD3: 62.98% 
Epoch: 236, Loss: 3.3238, Cls: 1.1079, Ind: 0.0000, Med: 0.5542, Spu: 0.0000, FD: 1.1078, FDAug: 0.5539, Var: 0.0000, Ctx: 6, MixCtx: 3, Train: 78.90%, Valid: 72.84%, Test In: 74.04% Test OOD1: 65.29% Test OOD2: 54.72% Test OOD3: 62.76% 
Epoch: 237, Loss: 3.3285, Cls: 1.1095, Ind: 0.0000, Med: 0.5550, Spu: 0.0000, FD: 1.1092, FDAug: 0.5548, Var: 0.0000, Ctx: 6, MixCtx: 3, Train: 78.86%, Valid: 73.04%, Test In: 74.27% Test OOD1: 66.51% Test OOD2: 54.67% Test OOD3: 63.39% 
Epoch: 238, Loss: 3.3320, Cls: 1.1107, Ind: 0.0000, Med: 0.5556, Spu: 0.0000, FD: 1.1105, FDAug: 0.5552, Var: 0.0000, Ctx: 6, MixCtx: 3, Train: 78.96%, Valid: 72.84%, Test In: 74.08% Test OOD1: 65.51% Test OOD2: 54.73% Test OOD3: 62.89% 
Epoch: 239, Loss: 3.3206, Cls: 1.1068, Ind: 0.0000, Med: 0.5537, Spu: 0.0000, FD: 1.1066, FDAug: 0.5534, Var: 0.0000, Ctx: 6, MixCtx: 3, Train: 78.99%, Valid: 72.94%, Test In: 74.09% Test OOD1: 65.52% Test OOD2: 54.72% Test OOD3: 62.91% 
Epoch: 240, Loss: 3.3149, Cls: 1.1050, Ind: 0.0000, Med: 0.5528, Spu: 0.0000, FD: 1.1047, FDAug: 0.5524, Var: 0.0000, Ctx: 6, MixCtx: 3, Train: 79.01%, Valid: 72.96%, Test In: 74.13% Test OOD1: 65.85% Test OOD2: 54.70% Test OOD3: 63.08% 
Epoch: 241, Loss: 3.3171, Cls: 1.1057, Ind: 0.0000, Med: 0.5530, Spu: 0.0000, FD: 1.1056, FDAug: 0.5528, Var: 0.0000, Ctx: 6, MixCtx: 3, Train: 79.02%, Valid: 72.72%, Test In: 73.93% Test OOD1: 65.31% Test OOD2: 54.70% Test OOD3: 62.77% 
Epoch: 242, Loss: 3.3195, Cls: 1.1065, Ind: 0.0000, Med: 0.5537, Spu: 0.0000, FD: 1.1061, FDAug: 0.5533, Var: 0.0000, Ctx: 6, MixCtx: 3, Train: 79.05%, Valid: 72.93%, Test In: 74.11% Test OOD1: 66.08% Test OOD2: 54.68% Test OOD3: 63.17% 
Epoch: 243, Loss: 3.3154, Cls: 1.1050, Ind: 0.0000, Med: 0.5527, Spu: 0.0000, FD: 1.1051, FDAug: 0.5525, Var: 0.0000, Ctx: 6, MixCtx: 3, Train: 79.11%, Valid: 72.82%, Test In: 73.94% Test OOD1: 65.30% Test OOD2: 54.71% Test OOD3: 62.77% 
Epoch: 244, Loss: 3.3091, Cls: 1.1031, Ind: 0.0000, Med: 0.5519, Spu: 0.0000, FD: 1.1027, FDAug: 0.5514, Var: 0.0000, Ctx: 6, MixCtx: 3, Train: 79.15%, Valid: 72.87%, Test In: 73.99% Test OOD1: 65.49% Test OOD2: 54.72% Test OOD3: 62.87% 
Epoch: 245, Loss: 3.3053, Cls: 1.1018, Ind: 0.0000, Med: 0.5512, Spu: 0.0000, FD: 1.1015, FDAug: 0.5508, Var: 0.0000, Ctx: 6, MixCtx: 3, Train: 79.16%, Valid: 72.92%, Test In: 74.10% Test OOD1: 65.93% Test OOD2: 54.72% Test OOD3: 63.10% 
Epoch: 246, Loss: 3.3064, Cls: 1.1021, Ind: 0.0000, Med: 0.5513, Spu: 0.0000, FD: 1.1019, FDAug: 0.5510, Var: 0.0000, Ctx: 6, MixCtx: 3, Train: 79.20%, Valid: 72.75%, Test In: 73.91% Test OOD1: 65.18% Test OOD2: 54.72% Test OOD3: 62.71% 
Epoch: 247, Loss: 3.3078, Cls: 1.1026, Ind: 0.0000, Med: 0.5516, Spu: 0.0000, FD: 1.1023, FDAug: 0.5513, Var: 0.0000, Ctx: 6, MixCtx: 3, Train: 79.22%, Valid: 72.96%, Test In: 74.08% Test OOD1: 65.73% Test OOD2: 54.72% Test OOD3: 63.03% 
Epoch: 248, Loss: 3.3086, Cls: 1.1029, Ind: 0.0000, Med: 0.5517, Spu: 0.0000, FD: 1.1027, FDAug: 0.5513, Var: 0.0000, Ctx: 6, MixCtx: 3, Train: 79.25%, Valid: 72.70%, Test In: 73.84% Test OOD1: 64.96% Test OOD2: 54.68% Test OOD3: 62.60% 
Epoch: 249, Loss: 3.3046, Cls: 1.1015, Ind: 0.0000, Med: 0.5511, Spu: 0.0000, FD: 1.1012, FDAug: 0.5508, Var: 0.0000, Ctx: 6, MixCtx: 3, Train: 79.28%, Valid: 72.88%, Test In: 74.05% Test OOD1: 65.82% Test OOD2: 54.68% Test OOD3: 63.05% 
Epoch: 250, Loss: 3.3006, Cls: 1.1002, Ind: 0.0000, Med: 0.5504, Spu: 0.0000, FD: 1.1000, FDAug: 0.5500, Var: 0.0000, Ctx: 6, MixCtx: 3, Train: 79.34%, Valid: 72.76%, Test In: 73.89% Test OOD1: 65.26% Test OOD2: 54.69% Test OOD3: 62.75% 
Epoch: 251, Loss: 3.2960, Cls: 1.0986, Ind: 0.0000, Med: 0.5496, Spu: 0.0000, FD: 1.0984, FDAug: 0.5493, Var: 0.0000, Ctx: 6, MixCtx: 3, Train: 79.37%, Valid: 72.87%, Test In: 73.96% Test OOD1: 65.48% Test OOD2: 54.71% Test OOD3: 62.88% 
Epoch: 252, Loss: 3.2933, Cls: 1.0978, Ind: 0.0000, Med: 0.5492, Spu: 0.0000, FD: 1.0975, FDAug: 0.5488, Var: 0.0000, Ctx: 6, MixCtx: 3, Train: 79.40%, Valid: 72.83%, Test In: 73.96% Test OOD1: 65.52% Test OOD2: 54.71% Test OOD3: 62.89% 
Epoch: 253, Loss: 3.2903, Cls: 1.0967, Ind: 0.0000, Med: 0.5487, Spu: 0.0000, FD: 1.0965, FDAug: 0.5484, Var: 0.0000, Ctx: 6, MixCtx: 3, Train: 79.43%, Valid: 72.79%, Test In: 73.94% Test OOD1: 65.43% Test OOD2: 54.71% Test OOD3: 62.84% 
Epoch: 254, Loss: 3.2890, Cls: 1.0963, Ind: 0.0000, Med: 0.5485, Spu: 0.0000, FD: 1.0961, FDAug: 0.5482, Var: 0.0000, Ctx: 6, MixCtx: 3, Train: 79.47%, Valid: 72.87%, Test In: 73.96% Test OOD1: 65.45% Test OOD2: 54.71% Test OOD3: 62.86% 
Epoch: 255, Loss: 3.2888, Cls: 1.0963, Ind: 0.0000, Med: 0.5484, Spu: 0.0000, FD: 1.0960, FDAug: 0.5480, Var: 0.0000, Ctx: 6, MixCtx: 3, Train: 79.49%, Valid: 72.66%, Test In: 73.78% Test OOD1: 64.96% Test OOD2: 54.68% Test OOD3: 62.58% 
Epoch: 256, Loss: 3.2900, Cls: 1.0967, Ind: 0.0000, Med: 0.5487, Spu: 0.0000, FD: 1.0963, FDAug: 0.5483, Var: 0.0000, Ctx: 6, MixCtx: 3, Train: 79.49%, Valid: 72.89%, Test In: 74.02% Test OOD1: 65.91% Test OOD2: 54.67% Test OOD3: 63.09% 
Epoch: 257, Loss: 3.2986, Cls: 1.0995, Ind: 0.0000, Med: 0.5500, Spu: 0.0000, FD: 1.0995, FDAug: 0.5497, Var: 0.0000, Ctx: 6, MixCtx: 3, Train: 79.44%, Valid: 72.40%, Test In: 73.49% Test OOD1: 64.20% Test OOD2: 54.58% Test OOD3: 62.10% 
Epoch: 258, Loss: 3.3270, Cls: 1.1091, Ind: 0.0000, Med: 0.5552, Spu: 0.0000, FD: 1.1083, FDAug: 0.5545, Var: 0.0000, Ctx: 6, MixCtx: 3, Train: 79.32%, Valid: 73.07%, Test In: 74.12% Test OOD1: 66.48% Test OOD2: 54.61% Test OOD3: 63.39% 
Epoch: 259, Loss: 3.3992, Cls: 1.1329, Ind: 0.0000, Med: 0.5663, Spu: 0.0000, FD: 1.1335, FDAug: 0.5666, Var: 0.0000, Ctx: 6, MixCtx: 3, Train: 79.18%, Valid: 71.99%, Test In: 73.06% Test OOD1: 63.06% Test OOD2: 54.41% Test OOD3: 61.39% 
Epoch: 260, Loss: 3.4664, Cls: 1.1557, Ind: 0.0000, Med: 0.5788, Spu: 0.0000, FD: 1.1542, FDAug: 0.5777, Var: 0.0000, Ctx: 6, MixCtx: 3, Train: 79.21%, Valid: 73.13%, Test In: 74.15% Test OOD1: 66.82% Test OOD2: 54.56% Test OOD3: 63.56% 
Epoch: 261, Loss: 3.4185, Cls: 1.1390, Ind: 0.0000, Med: 0.5689, Spu: 0.0000, FD: 1.1405, FDAug: 0.5701, Var: 0.0000, Ctx: 6, MixCtx: 3, Train: 79.61%, Valid: 72.94%, Test In: 74.03% Test OOD1: 65.84% Test OOD2: 54.69% Test OOD3: 63.02% 
Epoch: 262, Loss: 3.2948, Cls: 1.0984, Ind: 0.0000, Med: 0.5496, Spu: 0.0000, FD: 1.0979, FDAug: 0.5489, Var: 0.0000, Ctx: 6, MixCtx: 3, Train: 79.37%, Valid: 72.59%, Test In: 73.87% Test OOD1: 65.88% Test OOD2: 54.68% Test OOD3: 62.90% 
Epoch: 263, Loss: 3.3735, Cls: 1.1246, Ind: 0.0000, Med: 0.5630, Spu: 0.0000, FD: 1.1236, FDAug: 0.5623, Var: 0.0000, Ctx: 6, MixCtx: 3, Train: 78.68%, Valid: 72.92%, Test In: 74.08% Test OOD1: 67.75% Test OOD2: 54.32% Test OOD3: 63.96% 
Epoch: 264, Loss: 3.4491, Cls: 1.1495, Ind: 0.0000, Med: 0.5747, Spu: 0.0000, FD: 1.1501, FDAug: 0.5748, Var: 0.0000, Ctx: 6, MixCtx: 3, Train: 79.52%, Valid: 72.86%, Test In: 73.77% Test OOD1: 64.30% Test OOD2: 54.67% Test OOD3: 62.17% 
Epoch: 265, Loss: 3.3901, Cls: 1.1302, Ind: 0.0000, Med: 0.5655, Spu: 0.0000, FD: 1.1296, FDAug: 0.5647, Var: 0.0000, Ctx: 6, MixCtx: 3, Train: 79.61%, Valid: 72.76%, Test In: 73.75% Test OOD1: 64.30% Test OOD2: 54.59% Test OOD3: 62.15% 
Epoch: 266, Loss: 3.3888, Cls: 1.1297, Ind: 0.0000, Med: 0.5653, Spu: 0.0000, FD: 1.1292, FDAug: 0.5645, Var: 0.0000, Ctx: 6, MixCtx: 3, Train: 78.92%, Valid: 72.91%, Test In: 74.17% Test OOD1: 67.57% Test OOD2: 54.36% Test OOD3: 63.86% 
Epoch: 267, Loss: 3.3792, Cls: 1.1265, Ind: 0.0000, Med: 0.5636, Spu: 0.0000, FD: 1.1262, FDAug: 0.5630, Var: 0.0000, Ctx: 6, MixCtx: 3, Train: 79.27%, Valid: 72.72%, Test In: 74.09% Test OOD1: 66.57% Test OOD2: 54.53% Test OOD3: 63.26% 
Epoch: 268, Loss: 3.3095, Cls: 1.1028, Ind: 0.0000, Med: 0.5512, Spu: 0.0000, FD: 1.1036, FDAug: 0.5519, Var: 0.0000, Ctx: 6, MixCtx: 3, Train: 79.67%, Valid: 72.62%, Test In: 73.90% Test OOD1: 64.89% Test OOD2: 54.46% Test OOD3: 62.46% 
Epoch: 269, Loss: 3.3119, Cls: 1.1038, Ind: 0.0000, Med: 0.5519, Spu: 0.0000, FD: 1.1041, FDAug: 0.5521, Var: 0.0000, Ctx: 6, MixCtx: 3, Train: 79.65%, Valid: 73.05%, Test In: 74.20% Test OOD1: 65.87% Test OOD2: 54.51% Test OOD3: 63.05% 
Epoch: 270, Loss: 3.3410, Cls: 1.1138, Ind: 0.0000, Med: 0.5573, Spu: 0.0000, FD: 1.1134, FDAug: 0.5566, Var: 0.0000, Ctx: 6, MixCtx: 3, Train: 79.70%, Valid: 72.85%, Test In: 74.18% Test OOD1: 65.90% Test OOD2: 54.51% Test OOD3: 62.94% 
Epoch: 271, Loss: 3.2766, Cls: 1.0920, Ind: 0.0000, Med: 0.5461, Spu: 0.0000, FD: 1.0923, FDAug: 0.5461, Var: 0.0000, Ctx: 6, MixCtx: 3, Train: 79.51%, Valid: 72.60%, Test In: 74.02% Test OOD1: 65.55% Test OOD2: 54.50% Test OOD3: 62.61% 
Epoch: 272, Loss: 3.3426, Cls: 1.1134, Ind: 0.0000, Med: 0.5560, Spu: 0.0000, FD: 1.1153, FDAug: 0.5580, Var: 0.0000, Ctx: 6, MixCtx: 3, Train: 79.57%, Valid: 73.02%, Test In: 74.29% Test OOD1: 66.58% Test OOD2: 54.48% Test OOD3: 63.31% 
Epoch: 273, Loss: 3.3386, Cls: 1.1129, Ind: 0.0000, Med: 0.5568, Spu: 0.0000, FD: 1.1127, FDAug: 0.5563, Var: 0.0000, Ctx: 6, MixCtx: 3, Train: 79.64%, Valid: 72.65%, Test In: 73.89% Test OOD1: 63.95% Test OOD2: 54.51% Test OOD3: 61.83% 
Epoch: 274, Loss: 3.3053, Cls: 1.1018, Ind: 0.0000, Med: 0.5512, Spu: 0.0000, FD: 1.1016, FDAug: 0.5508, Var: 0.0000, Ctx: 6, MixCtx: 3, Train: 79.70%, Valid: 72.50%, Test In: 73.76% Test OOD1: 63.99% Test OOD2: 54.47% Test OOD3: 61.80% 
Epoch: 275, Loss: 3.3121, Cls: 1.1041, Ind: 0.0000, Med: 0.5525, Spu: 0.0000, FD: 1.1037, FDAug: 0.5519, Var: 0.0000, Ctx: 6, MixCtx: 3, Train: 79.60%, Valid: 72.94%, Test In: 74.21% Test OOD1: 66.78% Test OOD2: 54.48% Test OOD3: 63.44% 
Epoch: 276, Loss: 3.3260, Cls: 1.1083, Ind: 0.0000, Med: 0.5540, Spu: 0.0000, FD: 1.1092, FDAug: 0.5545, Var: 0.0000, Ctx: 6, MixCtx: 3, Train: 79.75%, Valid: 72.65%, Test In: 73.91% Test OOD1: 65.61% Test OOD2: 54.51% Test OOD3: 62.80% 
Epoch: 277, Loss: 3.2789, Cls: 1.0929, Ind: 0.0000, Med: 0.5467, Spu: 0.0000, FD: 1.0928, FDAug: 0.5465, Var: 0.0000, Ctx: 6, MixCtx: 3, Train: 79.89%, Valid: 72.66%, Test In: 73.81% Test OOD1: 64.83% Test OOD2: 54.48% Test OOD3: 62.42% 
Epoch: 278, Loss: 3.2775, Cls: 1.0926, Ind: 0.0000, Med: 0.5468, Spu: 0.0000, FD: 1.0920, FDAug: 0.5460, Var: 0.0000, Ctx: 6, MixCtx: 3, Train: 79.94%, Valid: 72.97%, Test In: 74.01% Test OOD1: 65.70% Test OOD2: 54.54% Test OOD3: 62.97% 
Epoch: 279, Loss: 3.2923, Cls: 1.0972, Ind: 0.0000, Med: 0.5485, Spu: 0.0000, FD: 1.0978, FDAug: 0.5489, Var: 0.0000, Ctx: 6, MixCtx: 3, Train: 79.92%, Valid: 72.74%, Test In: 73.89% Test OOD1: 65.75% Test OOD2: 54.53% Test OOD3: 62.91% 
Epoch: 280, Loss: 3.2648, Cls: 1.0882, Ind: 0.0000, Med: 0.5444, Spu: 0.0000, FD: 1.0881, FDAug: 0.5441, Var: 0.0000, Ctx: 6, MixCtx: 3, Train: 79.90%, Valid: 72.74%, Test In: 73.91% Test OOD1: 65.87% Test OOD2: 54.56% Test OOD3: 62.96% 
Epoch: 281, Loss: 3.2704, Cls: 1.0900, Ind: 0.0000, Med: 0.5452, Spu: 0.0000, FD: 1.0900, FDAug: 0.5451, Var: 0.0000, Ctx: 6, MixCtx: 3, Train: 79.99%, Valid: 72.98%, Test In: 74.04% Test OOD1: 65.76% Test OOD2: 54.57% Test OOD3: 62.98% 
Epoch: 282, Loss: 3.2728, Cls: 1.0909, Ind: 0.0000, Med: 0.5456, Spu: 0.0000, FD: 1.0909, FDAug: 0.5454, Var: 0.0000, Ctx: 6, MixCtx: 3, Train: 80.02%, Valid: 72.69%, Test In: 73.76% Test OOD1: 64.20% Test OOD2: 54.53% Test OOD3: 62.09% 
Epoch: 283, Loss: 3.2704, Cls: 1.0901, Ind: 0.0000, Med: 0.5453, Spu: 0.0000, FD: 1.0900, FDAug: 0.5450, Var: 0.0000, Ctx: 6, MixCtx: 3, Train: 80.10%, Valid: 72.78%, Test In: 73.88% Test OOD1: 64.91% Test OOD2: 54.55% Test OOD3: 62.50% 
Epoch: 284, Loss: 3.2519, Cls: 1.0839, Ind: 0.0000, Med: 0.5421, Spu: 0.0000, FD: 1.0839, FDAug: 0.5420, Var: 0.0000, Ctx: 6, MixCtx: 3, Train: 80.00%, Valid: 72.88%, Test In: 74.02% Test OOD1: 65.87% Test OOD2: 54.52% Test OOD3: 63.03% 
Epoch: 285, Loss: 3.2766, Cls: 1.0922, Ind: 0.0000, Med: 0.5464, Spu: 0.0000, FD: 1.0920, FDAug: 0.5460, Var: 0.0000, Ctx: 6, MixCtx: 3, Train: 80.08%, Valid: 72.40%, Test In: 73.48% Test OOD1: 63.71% Test OOD2: 54.42% Test OOD3: 61.82% 
Epoch: 286, Loss: 3.2818, Cls: 1.0937, Ind: 0.0000, Med: 0.5470, Spu: 0.0000, FD: 1.0940, FDAug: 0.5472, Var: 0.0000, Ctx: 6, MixCtx: 3, Train: 80.10%, Valid: 72.81%, Test In: 73.76% Test OOD1: 64.70% Test OOD2: 54.48% Test OOD3: 62.55% 
Epoch: 287, Loss: 3.2841, Cls: 1.0947, Ind: 0.0000, Med: 0.5476, Spu: 0.0000, FD: 1.0946, FDAug: 0.5473, Var: 0.0000, Ctx: 6, MixCtx: 3, Train: 80.24%, Valid: 72.65%, Test In: 73.68% Test OOD1: 64.87% Test OOD2: 54.53% Test OOD3: 62.52% 
Epoch: 288, Loss: 3.2437, Cls: 1.0812, Ind: 0.0000, Med: 0.5409, Spu: 0.0000, FD: 1.0811, FDAug: 0.5406, Var: 0.0000, Ctx: 6, MixCtx: 3, Train: 80.17%, Valid: 72.60%, Test In: 73.69% Test OOD1: 65.36% Test OOD2: 54.59% Test OOD3: 62.73% 
Epoch: 289, Loss: 3.2606, Cls: 1.0867, Ind: 0.0000, Med: 0.5437, Spu: 0.0000, FD: 1.0867, FDAug: 0.5435, Var: 0.0000, Ctx: 6, MixCtx: 3, Train: 80.15%, Valid: 72.90%, Test In: 73.84% Test OOD1: 65.77% Test OOD2: 54.60% Test OOD3: 63.03% 
Epoch: 290, Loss: 3.2829, Cls: 1.0943, Ind: 0.0000, Med: 0.5474, Spu: 0.0000, FD: 1.0942, FDAug: 0.5470, Var: 0.0000, Ctx: 6, MixCtx: 3, Train: 80.20%, Valid: 72.36%, Test In: 73.25% Test OOD1: 63.48% Test OOD2: 54.50% Test OOD3: 61.68% 
Epoch: 291, Loss: 3.2989, Cls: 1.0997, Ind: 0.0000, Med: 0.5503, Spu: 0.0000, FD: 1.0992, FDAug: 0.5497, Var: 0.0000, Ctx: 6, MixCtx: 3, Train: 80.32%, Valid: 72.82%, Test In: 73.77% Test OOD1: 65.28% Test OOD2: 54.59% Test OOD3: 62.76% 
Epoch: 292, Loss: 3.2482, Cls: 1.0827, Ind: 0.0000, Med: 0.5417, Spu: 0.0000, FD: 1.0826, FDAug: 0.5413, Var: 0.0000, Ctx: 6, MixCtx: 3, Train: 80.23%, Valid: 72.71%, Test In: 73.76% Test OOD1: 65.69% Test OOD2: 54.60% Test OOD3: 62.94% 
Epoch: 293, Loss: 3.2485, Cls: 1.0827, Ind: 0.0000, Med: 0.5416, Spu: 0.0000, FD: 1.0827, FDAug: 0.5414, Var: 0.0000, Ctx: 6, MixCtx: 3, Train: 80.33%, Valid: 72.32%, Test In: 73.32% Test OOD1: 64.00% Test OOD2: 54.46% Test OOD3: 61.96% 
Epoch: 294, Loss: 3.2713, Cls: 1.0905, Ind: 0.0000, Med: 0.5459, Spu: 0.0000, FD: 1.0898, FDAug: 0.5451, Var: 0.0000, Ctx: 6, MixCtx: 3, Train: 80.29%, Valid: 72.80%, Test In: 73.73% Test OOD1: 64.92% Test OOD2: 54.53% Test OOD3: 62.67% 
Epoch: 295, Loss: 3.3201, Cls: 1.1063, Ind: 0.0000, Med: 0.5528, Spu: 0.0000, FD: 1.1074, FDAug: 0.5536, Var: 0.0000, Ctx: 6, MixCtx: 3, Train: 80.50%, Valid: 72.44%, Test In: 73.47% Test OOD1: 64.01% Test OOD2: 54.57% Test OOD3: 61.91% 
Epoch: 296, Loss: 3.2549, Cls: 1.0851, Ind: 0.0000, Med: 0.5431, Spu: 0.0000, FD: 1.0844, FDAug: 0.5423, Var: 0.0000, Ctx: 6, MixCtx: 3, Train: 80.41%, Valid: 72.70%, Test In: 73.82% Test OOD1: 65.68% Test OOD2: 54.64% Test OOD3: 62.83% 
Epoch: 297, Loss: 3.2383, Cls: 1.0793, Ind: 0.0000, Med: 0.5399, Spu: 0.0000, FD: 1.0794, FDAug: 0.5397, Var: 0.0000, Ctx: 6, MixCtx: 3, Train: 80.45%, Valid: 72.79%, Test In: 73.87% Test OOD1: 65.69% Test OOD2: 54.58% Test OOD3: 62.92% 
Epoch: 298, Loss: 3.2439, Cls: 1.0812, Ind: 0.0000, Med: 0.5407, Spu: 0.0000, FD: 1.0814, FDAug: 0.5407, Var: 0.0000, Ctx: 6, MixCtx: 3, Train: 80.45%, Valid: 72.22%, Test In: 73.21% Test OOD1: 63.16% Test OOD2: 54.35% Test OOD3: 61.46% 
Epoch: 299, Loss: 3.2748, Cls: 1.0917, Ind: 0.0000, Med: 0.5464, Spu: 0.0000, FD: 1.0911, FDAug: 0.5456, Var: 0.0000, Ctx: 6, MixCtx: 3, Train: 80.60%, Valid: 72.69%, Test In: 73.69% Test OOD1: 64.97% Test OOD2: 54.45% Test OOD3: 62.58% 
Epoch: 300, Loss: 3.2356, Cls: 1.0785, Ind: 0.0000, Med: 0.5395, Spu: 0.0000, FD: 1.0785, FDAug: 0.5392, Var: 0.0000, Ctx: 6, MixCtx: 3, Train: 80.44%, Valid: 72.61%, Test In: 73.71% Test OOD1: 65.62% Test OOD2: 54.54% Test OOD3: 62.85% 
Epoch: 301, Loss: 3.2342, Cls: 1.0779, Ind: 0.0000, Med: 0.5392, Spu: 0.0000, FD: 1.0780, FDAug: 0.5390, Var: 0.0000, Ctx: 6, MixCtx: 3, Train: 80.68%, Valid: 72.39%, Test In: 73.41% Test OOD1: 64.25% Test OOD2: 54.45% Test OOD3: 62.01% 
Epoch: 302, Loss: 3.2392, Cls: 1.0796, Ind: 0.0000, Med: 0.5401, Spu: 0.0000, FD: 1.0796, FDAug: 0.5398, Var: 0.0000, Ctx: 6, MixCtx: 3, Train: 80.58%, Valid: 72.73%, Test In: 73.74% Test OOD1: 64.87% Test OOD2: 54.57% Test OOD3: 62.57% 
Epoch: 303, Loss: 3.2760, Cls: 1.0920, Ind: 0.0000, Med: 0.5463, Spu: 0.0000, FD: 1.0918, FDAug: 0.5459, Var: 0.0000, Ctx: 6, MixCtx: 3, Train: 80.75%, Valid: 72.52%, Test In: 73.62% Test OOD1: 64.54% Test OOD2: 54.61% Test OOD3: 62.11% 
Epoch: 304, Loss: 3.2333, Cls: 1.0776, Ind: 0.0000, Med: 0.5390, Spu: 0.0000, FD: 1.0778, FDAug: 0.5389, Var: 0.0000, Ctx: 6, MixCtx: 3, Train: 80.68%, Valid: 72.68%, Test In: 73.78% Test OOD1: 65.58% Test OOD2: 54.59% Test OOD3: 62.71% 
Epoch: 305, Loss: 3.2194, Cls: 1.0729, Ind: 0.0000, Med: 0.5366, Spu: 0.0000, FD: 1.0732, FDAug: 0.5366, Var: 0.0000, Ctx: 6, MixCtx: 3, Train: 80.85%, Valid: 72.61%, Test In: 73.63% Test OOD1: 64.69% Test OOD2: 54.41% Test OOD3: 62.35% 
Epoch: 306, Loss: 3.2132, Cls: 1.0711, Ind: 0.0000, Med: 0.5359, Spu: 0.0000, FD: 1.0708, FDAug: 0.5354, Var: 0.0000, Ctx: 6, MixCtx: 3, Train: 80.69%, Valid: 72.10%, Test In: 73.08% Test OOD1: 63.15% Test OOD2: 54.20% Test OOD3: 61.41% 
Epoch: 307, Loss: 3.2339, Cls: 1.0779, Ind: 0.0000, Med: 0.5392, Spu: 0.0000, FD: 1.0778, FDAug: 0.5390, Var: 0.0000, Ctx: 6, MixCtx: 3, Train: 80.85%, Valid: 72.62%, Test In: 73.61% Test OOD1: 65.11% Test OOD2: 54.38% Test OOD3: 62.59% 
Epoch: 308, Loss: 3.2256, Cls: 1.0752, Ind: 0.0000, Med: 0.5379, Spu: 0.0000, FD: 1.0750, FDAug: 0.5375, Var: 0.0000, Ctx: 6, MixCtx: 3, Train: 80.92%, Valid: 72.37%, Test In: 73.37% Test OOD1: 64.47% Test OOD2: 54.42% Test OOD3: 62.09% 
Epoch: 309, Loss: 3.2180, Cls: 1.0726, Ind: 0.0000, Med: 0.5366, Spu: 0.0000, FD: 1.0725, FDAug: 0.5363, Var: 0.0000, Ctx: 6, MixCtx: 3, Train: 80.92%, Valid: 72.61%, Test In: 73.63% Test OOD1: 64.85% Test OOD2: 54.51% Test OOD3: 62.49% 
Epoch: 310, Loss: 3.2155, Cls: 1.0717, Ind: 0.0000, Med: 0.5361, Spu: 0.0000, FD: 1.0718, FDAug: 0.5359, Var: 0.0000, Ctx: 6, MixCtx: 3, Train: 81.00%, Valid: 72.42%, Test In: 73.47% Test OOD1: 64.20% Test OOD2: 54.50% Test OOD3: 62.02% 
Epoch: 311, Loss: 3.2061, Cls: 1.0688, Ind: 0.0000, Med: 0.5349, Spu: 0.0000, FD: 1.0683, FDAug: 0.5342, Var: 0.0000, Ctx: 6, MixCtx: 3, Train: 81.04%, Valid: 72.54%, Test In: 73.59% Test OOD1: 65.03% Test OOD2: 54.47% Test OOD3: 62.48% 
Epoch: 312, Loss: 3.1946, Cls: 1.0648, Ind: 0.0000, Med: 0.5327, Spu: 0.0000, FD: 1.0648, FDAug: 0.5324, Var: 0.0000, Ctx: 6, MixCtx: 3, Train: 81.11%, Valid: 72.36%, Test In: 73.35% Test OOD1: 64.30% Test OOD2: 54.28% Test OOD3: 62.09% 
Epoch: 313, Loss: 3.1883, Cls: 1.0627, Ind: 0.0000, Med: 0.5317, Spu: 0.0000, FD: 1.0626, FDAug: 0.5313, Var: 0.0000, Ctx: 6, MixCtx: 3, Train: 81.09%, Valid: 72.15%, Test In: 73.12% Test OOD1: 63.56% Test OOD2: 54.14% Test OOD3: 61.71% 
Epoch: 314, Loss: 3.1914, Cls: 1.0637, Ind: 0.0000, Med: 0.5322, Spu: 0.0000, FD: 1.0637, FDAug: 0.5319, Var: 0.0000, Ctx: 6, MixCtx: 3, Train: 81.21%, Valid: 72.35%, Test In: 73.34% Test OOD1: 64.41% Test OOD2: 54.30% Test OOD3: 62.16% 
Epoch: 315, Loss: 3.1836, Cls: 1.0611, Ind: 0.0000, Med: 0.5308, Spu: 0.0000, FD: 1.0611, FDAug: 0.5306, Var: 0.0000, Ctx: 6, MixCtx: 3, Train: 81.25%, Valid: 72.27%, Test In: 73.32% Test OOD1: 64.26% Test OOD2: 54.40% Test OOD3: 62.02% 
Epoch: 316, Loss: 3.1864, Cls: 1.0621, Ind: 0.0000, Med: 0.5315, Spu: 0.0000, FD: 1.0619, FDAug: 0.5310, Var: 0.0000, Ctx: 6, MixCtx: 3, Train: 81.19%, Valid: 72.39%, Test In: 73.42% Test OOD1: 64.38% Test OOD2: 54.39% Test OOD3: 62.27% 
Epoch: 317, Loss: 3.2017, Cls: 1.0671, Ind: 0.0000, Med: 0.5339, Spu: 0.0000, FD: 1.0671, FDAug: 0.5335, Var: 0.0000, Ctx: 6, MixCtx: 3, Train: 81.26%, Valid: 71.97%, Test In: 73.00% Test OOD1: 63.51% Test OOD2: 54.30% Test OOD3: 61.52% 
Epoch: 318, Loss: 3.2350, Cls: 1.0782, Ind: 0.0000, Med: 0.5394, Spu: 0.0000, FD: 1.0782, FDAug: 0.5392, Var: 0.0000, Ctx: 6, MixCtx: 3, Train: 80.98%, Valid: 72.55%, Test In: 73.45% Test OOD1: 65.39% Test OOD2: 54.19% Test OOD3: 62.88% 
Epoch: 319, Loss: 3.3649, Cls: 1.1217, Ind: 0.0000, Med: 0.5614, Spu: 0.0000, FD: 1.1212, FDAug: 0.5606, Var: 0.0000, Ctx: 6, MixCtx: 3, Train: 80.07%, Valid: 70.70%, Test In: 71.56% Test OOD1: 61.62% Test OOD2: 53.64% Test OOD3: 60.22% 
Epoch: 320, Loss: 3.5363, Cls: 1.1789, Ind: 0.0000, Med: 0.5905, Spu: 0.0000, FD: 1.1777, FDAug: 0.5892, Var: 0.0000, Ctx: 6, MixCtx: 3, Train: 80.81%, Valid: 72.37%, Test In: 73.09% Test OOD1: 64.61% Test OOD2: 53.96% Test OOD3: 62.74% 
Epoch: 321, Loss: 3.4268, Cls: 1.1412, Ind: 0.0000, Med: 0.5693, Spu: 0.0000, FD: 1.1442, FDAug: 0.5721, Var: 0.0000, Ctx: 6, MixCtx: 3, Train: 80.30%, Valid: 72.43%, Test In: 73.36% Test OOD1: 66.64% Test OOD2: 54.12% Test OOD3: 63.46% 
Epoch: 322, Loss: 3.3193, Cls: 1.1059, Ind: 0.0000, Med: 0.5526, Spu: 0.0000, FD: 1.1073, FDAug: 0.5536, Var: 0.0000, Ctx: 6, MixCtx: 3, Train: 80.38%, Valid: 72.14%, Test In: 73.13% Test OOD1: 65.88% Test OOD2: 54.31% Test OOD3: 62.81% 
Epoch: 323, Loss: 3.4667, Cls: 1.1563, Ind: 0.0000, Med: 0.5802, Spu: 0.0000, FD: 1.1534, FDAug: 0.5768, Var: 0.0000, Ctx: 6, MixCtx: 3, Train: 79.73%, Valid: 72.54%, Test In: 73.55% Test OOD1: 67.29% Test OOD2: 54.27% Test OOD3: 63.63% 
Epoch: 324, Loss: 3.2780, Cls: 1.0922, Ind: 0.0000, Med: 0.5463, Spu: 0.0000, FD: 1.0930, FDAug: 0.5464, Var: 0.0000, Ctx: 6, MixCtx: 3, Train: 79.63%, Valid: 72.60%, Test In: 73.71% Test OOD1: 67.35% Test OOD2: 53.97% Test OOD3: 63.75% 
Epoch: 325, Loss: 3.3493, Cls: 1.1156, Ind: 0.0000, Med: 0.5569, Spu: 0.0000, FD: 1.1180, FDAug: 0.5588, Var: 0.0000, Ctx: 6, MixCtx: 3, Train: 80.70%, Valid: 72.13%, Test In: 73.38% Test OOD1: 62.86% Test OOD2: 53.85% Test OOD3: 61.76% 
Epoch: 326, Loss: 3.3453, Cls: 1.1141, Ind: 0.0000, Med: 0.5559, Spu: 0.0000, FD: 1.1169, FDAug: 0.5583, Var: 0.0000, Ctx: 6, MixCtx: 3, Train: 80.83%, Valid: 71.99%, Test In: 73.39% Test OOD1: 62.51% Test OOD2: 53.77% Test OOD3: 61.40% 
Epoch: 327, Loss: 3.3134, Cls: 1.1037, Ind: 0.0000, Med: 0.5511, Spu: 0.0000, FD: 1.1058, FDAug: 0.5528, Var: 0.0000, Ctx: 6, MixCtx: 3, Train: 79.88%, Valid: 72.61%, Test In: 73.90% Test OOD1: 66.55% Test OOD2: 54.14% Test OOD3: 63.35% 
Epoch: 328, Loss: 3.3204, Cls: 1.1070, Ind: 0.0000, Med: 0.5545, Spu: 0.0000, FD: 1.1059, FDAug: 0.5529, Var: 0.0000, Ctx: 6, MixCtx: 3, Train: 80.59%, Valid: 72.28%, Test In: 73.66% Test OOD1: 64.64% Test OOD2: 54.06% Test OOD3: 62.24% 
Epoch: 329, Loss: 3.2637, Cls: 1.0869, Ind: 0.0000, Med: 0.5426, Spu: 0.0000, FD: 1.0894, FDAug: 0.5448, Var: 0.0000, Ctx: 6, MixCtx: 3, Train: 81.03%, Valid: 72.08%, Test In: 73.41% Test OOD1: 62.74% Test OOD2: 53.85% Test OOD3: 61.29% 
Epoch: 330, Loss: 3.2201, Cls: 1.0732, Ind: 0.0000, Med: 0.5369, Spu: 0.0000, FD: 1.0733, FDAug: 0.5366, Var: 0.0000, Ctx: 6, MixCtx: 3, Train: 81.09%, Valid: 72.51%, Test In: 73.72% Test OOD1: 64.10% Test OOD2: 54.08% Test OOD3: 62.14% 
Epoch: 331, Loss: 3.2613, Cls: 1.0876, Ind: 0.0000, Med: 0.5451, Spu: 0.0000, FD: 1.0858, FDAug: 0.5429, Var: 0.0000, Ctx: 6, MixCtx: 3, Train: 81.25%, Valid: 72.51%, Test In: 73.60% Test OOD1: 64.82% Test OOD2: 54.25% Test OOD3: 62.15% 
Epoch: 332, Loss: 3.1907, Cls: 1.0634, Ind: 0.0000, Med: 0.5320, Spu: 0.0000, FD: 1.0635, FDAug: 0.5318, Var: 0.0000, Ctx: 6, MixCtx: 3, Train: 80.82%, Valid: 72.35%, Test In: 73.30% Test OOD1: 65.10% Test OOD2: 54.16% Test OOD3: 62.09% 
Epoch: 333, Loss: 3.2472, Cls: 1.0815, Ind: 0.0000, Med: 0.5404, Spu: 0.0000, FD: 1.0835, FDAug: 0.5418, Var: 0.0000, Ctx: 6, MixCtx: 3, Train: 81.18%, Valid: 72.67%, Test In: 73.56% Test OOD1: 65.55% Test OOD2: 54.27% Test OOD3: 62.62% 
Epoch: 334, Loss: 3.2166, Cls: 1.0724, Ind: 0.0000, Med: 0.5372, Spu: 0.0000, FD: 1.0713, FDAug: 0.5357, Var: 0.0000, Ctx: 6, MixCtx: 3, Train: 81.39%, Valid: 72.40%, Test In: 73.32% Test OOD1: 63.78% Test OOD2: 54.11% Test OOD3: 61.69% 
Epoch: 335, Loss: 3.2128, Cls: 1.0715, Ind: 0.0000, Med: 0.5372, Spu: 0.0000, FD: 1.0695, FDAug: 0.5347, Var: 0.0000, Ctx: 6, MixCtx: 3, Train: 81.18%, Valid: 72.05%, Test In: 73.07% Test OOD1: 63.51% Test OOD2: 53.94% Test OOD3: 61.36% 
Epoch: 336, Loss: 3.2119, Cls: 1.0707, Ind: 0.0000, Med: 0.5363, Spu: 0.0000, FD: 1.0699, FDAug: 0.5350, Var: 0.0000, Ctx: 6, MixCtx: 3, Train: 81.14%, Valid: 72.57%, Test In: 73.53% Test OOD1: 65.43% Test OOD2: 54.15% Test OOD3: 62.53% 
Epoch: 337, Loss: 3.1968, Cls: 1.0651, Ind: 0.0000, Med: 0.5325, Spu: 0.0000, FD: 1.0661, FDAug: 0.5331, Var: 0.0000, Ctx: 6, MixCtx: 3, Train: 81.46%, Valid: 72.48%, Test In: 73.55% Test OOD1: 64.85% Test OOD2: 54.14% Test OOD3: 62.27% 
Epoch: 338, Loss: 3.1753, Cls: 1.0581, Ind: 0.0000, Med: 0.5291, Spu: 0.0000, FD: 1.0588, FDAug: 0.5294, Var: 0.0000, Ctx: 6, MixCtx: 3, Train: 81.34%, Valid: 71.85%, Test In: 73.05% Test OOD1: 62.51% Test OOD2: 53.89% Test OOD3: 61.02% 
Epoch: 339, Loss: 3.1972, Cls: 1.0659, Ind: 0.0000, Med: 0.5338, Spu: 0.0000, FD: 1.0650, FDAug: 0.5325, Var: 0.0000, Ctx: 6, MixCtx: 3, Train: 81.63%, Valid: 72.28%, Test In: 73.38% Test OOD1: 64.19% Test OOD2: 54.08% Test OOD3: 62.06% 
Epoch: 340, Loss: 3.1607, Cls: 1.0532, Ind: 0.0000, Med: 0.5267, Spu: 0.0000, FD: 1.0539, FDAug: 0.5269, Var: 0.0000, Ctx: 6, MixCtx: 3, Train: 81.51%, Valid: 72.38%, Test In: 73.39% Test OOD1: 65.34% Test OOD2: 54.22% Test OOD3: 62.61% 
Epoch: 341, Loss: 3.1769, Cls: 1.0586, Ind: 0.0000, Med: 0.5294, Spu: 0.0000, FD: 1.0592, FDAug: 0.5296, Var: 0.0000, Ctx: 6, MixCtx: 3, Train: 81.73%, Valid: 71.88%, Test In: 72.84% Test OOD1: 63.28% Test OOD2: 53.96% Test OOD3: 61.50% 
Epoch: 342, Loss: 3.1844, Cls: 1.0618, Ind: 0.0000, Med: 0.5320, Spu: 0.0000, FD: 1.0604, FDAug: 0.5302, Var: 0.0000, Ctx: 6, MixCtx: 3, Train: 81.66%, Valid: 72.14%, Test In: 73.06% Test OOD1: 64.02% Test OOD2: 53.92% Test OOD3: 62.19% 
Epoch: 343, Loss: 3.1800, Cls: 1.0596, Ind: 0.0000, Med: 0.5296, Spu: 0.0000, FD: 1.0605, FDAug: 0.5303, Var: 0.0000, Ctx: 6, MixCtx: 3, Train: 81.74%, Valid: 72.18%, Test In: 73.12% Test OOD1: 64.63% Test OOD2: 54.06% Test OOD3: 62.37% 
Epoch: 344, Loss: 3.1488, Cls: 1.0495, Ind: 0.0000, Med: 0.5251, Spu: 0.0000, FD: 1.0495, FDAug: 0.5248, Var: 0.0000, Ctx: 6, MixCtx: 3, Train: 81.74%, Valid: 72.08%, Test In: 73.05% Test OOD1: 64.43% Test OOD2: 54.11% Test OOD3: 62.19% 
Epoch: 345, Loss: 3.1819, Cls: 1.0603, Ind: 0.0000, Med: 0.5302, Spu: 0.0000, FD: 1.0609, FDAug: 0.5304, Var: 0.0000, Ctx: 6, MixCtx: 3, Train: 81.68%, Valid: 72.20%, Test In: 73.24% Test OOD1: 64.75% Test OOD2: 54.10% Test OOD3: 62.60% 
Epoch: 346, Loss: 3.1854, Cls: 1.0619, Ind: 0.0000, Med: 0.5315, Spu: 0.0000, FD: 1.0614, FDAug: 0.5307, Var: 0.0000, Ctx: 6, MixCtx: 3, Train: 81.88%, Valid: 71.73%, Test In: 72.77% Test OOD1: 63.12% Test OOD2: 54.08% Test OOD3: 61.65% 
Epoch: 347, Loss: 3.1566, Cls: 1.0520, Ind: 0.0000, Med: 0.5261, Spu: 0.0000, FD: 1.0523, FDAug: 0.5262, Var: 0.0000, Ctx: 6, MixCtx: 3, Train: 81.97%, Valid: 71.97%, Test In: 72.92% Test OOD1: 64.14% Test OOD2: 54.25% Test OOD3: 62.01% 
Epoch: 348, Loss: 3.1417, Cls: 1.0470, Ind: 0.0000, Med: 0.5236, Spu: 0.0000, FD: 1.0474, FDAug: 0.5237, Var: 0.0000, Ctx: 6, MixCtx: 3, Train: 81.88%, Valid: 72.15%, Test In: 73.02% Test OOD1: 64.75% Test OOD2: 54.17% Test OOD3: 62.38% 
Epoch: 349, Loss: 3.1779, Cls: 1.0593, Ind: 0.0000, Med: 0.5302, Spu: 0.0000, FD: 1.0589, FDAug: 0.5294, Var: 0.0000, Ctx: 6, MixCtx: 3, Train: 81.45%, Valid: 70.75%, Test In: 71.55% Test OOD1: 61.37% Test OOD2: 53.62% Test OOD3: 60.23% 
Epoch: 350, Loss: 3.2256, Cls: 1.0750, Ind: 0.0000, Med: 0.5377, Spu: 0.0000, FD: 1.0753, FDAug: 0.5376, Var: 0.0000, Ctx: 6, MixCtx: 3, Train: 82.07%, Valid: 71.79%, Test In: 72.61% Test OOD1: 63.68% Test OOD2: 53.89% Test OOD3: 61.91% 
Epoch: 351, Loss: 3.1771, Cls: 1.0588, Ind: 0.0000, Med: 0.5295, Spu: 0.0000, FD: 1.0591, FDAug: 0.5296, Var: 0.0000, Ctx: 6, MixCtx: 3, Train: 81.77%, Valid: 72.04%, Test In: 72.88% Test OOD1: 65.12% Test OOD2: 54.22% Test OOD3: 62.41% 
Epoch: 352, Loss: 3.1590, Cls: 1.0529, Ind: 0.0000, Med: 0.5268, Spu: 0.0000, FD: 1.0528, FDAug: 0.5264, Var: 0.0000, Ctx: 6, MixCtx: 3, Train: 82.12%, Valid: 71.69%, Test In: 72.64% Test OOD1: 63.79% Test OOD2: 54.13% Test OOD3: 61.73% 
Epoch: 353, Loss: 3.1395, Cls: 1.0465, Ind: 0.0000, Med: 0.5238, Spu: 0.0000, FD: 1.0461, FDAug: 0.5230, Var: 0.0000, Ctx: 6, MixCtx: 3, Train: 82.07%, Valid: 71.79%, Test In: 72.78% Test OOD1: 63.45% Test OOD2: 53.95% Test OOD3: 61.88% 
Epoch: 354, Loss: 3.1790, Cls: 1.0593, Ind: 0.0000, Med: 0.5295, Spu: 0.0000, FD: 1.0601, FDAug: 0.5300, Var: 0.0000, Ctx: 6, MixCtx: 3, Train: 82.23%, Valid: 71.90%, Test In: 72.93% Test OOD1: 64.13% Test OOD2: 54.15% Test OOD3: 61.84% 
Epoch: 355, Loss: 3.1276, Cls: 1.0425, Ind: 0.0000, Med: 0.5217, Spu: 0.0000, FD: 1.0422, FDAug: 0.5211, Var: 0.0000, Ctx: 6, MixCtx: 3, Train: 82.14%, Valid: 72.00%, Test In: 73.01% Test OOD1: 64.39% Test OOD2: 54.13% Test OOD3: 62.01% 
Epoch: 356, Loss: 3.1251, Cls: 1.0416, Ind: 0.0000, Med: 0.5211, Spu: 0.0000, FD: 1.0416, FDAug: 0.5208, Var: 0.0000, Ctx: 6, MixCtx: 3, Train: 82.17%, Valid: 71.58%, Test In: 72.58% Test OOD1: 62.68% Test OOD2: 53.73% Test OOD3: 61.34% 
Epoch: 357, Loss: 3.1408, Cls: 1.0465, Ind: 0.0000, Med: 0.5232, Spu: 0.0000, FD: 1.0474, FDAug: 0.5237, Var: 0.0000, Ctx: 6, MixCtx: 3, Train: 82.37%, Valid: 71.61%, Test In: 72.63% Test OOD1: 63.17% Test OOD2: 53.83% Test OOD3: 61.40% 
Epoch: 358, Loss: 3.1229, Cls: 1.0409, Ind: 0.0000, Med: 0.5208, Spu: 0.0000, FD: 1.0408, FDAug: 0.5204, Var: 0.0000, Ctx: 6, MixCtx: 3, Train: 82.15%, Valid: 72.15%, Test In: 73.14% Test OOD1: 65.04% Test OOD2: 54.17% Test OOD3: 62.50% 
Epoch: 359, Loss: 3.1281, Cls: 1.0425, Ind: 0.0000, Med: 0.5215, Spu: 0.0000, FD: 1.0427, FDAug: 0.5214, Var: 0.0000, Ctx: 6, MixCtx: 3, Train: 82.46%, Valid: 71.70%, Test In: 72.69% Test OOD1: 63.31% Test OOD2: 53.89% Test OOD3: 61.62% 
Epoch: 360, Loss: 3.1131, Cls: 1.0376, Ind: 0.0000, Med: 0.5190, Spu: 0.0000, FD: 1.0377, FDAug: 0.5188, Var: 0.0000, Ctx: 6, MixCtx: 3, Train: 82.50%, Valid: 71.78%, Test In: 72.65% Test OOD1: 63.32% Test OOD2: 53.88% Test OOD3: 61.62% 
Epoch: 361, Loss: 3.1038, Cls: 1.0345, Ind: 0.0000, Med: 0.5176, Spu: 0.0000, FD: 1.0345, FDAug: 0.5172, Var: 0.0000, Ctx: 6, MixCtx: 3, Train: 82.39%, Valid: 72.11%, Test In: 72.90% Test OOD1: 64.54% Test OOD2: 54.06% Test OOD3: 62.13% 
Epoch: 362, Loss: 3.1122, Cls: 1.0373, Ind: 0.0000, Med: 0.5192, Spu: 0.0000, FD: 1.0371, FDAug: 0.5186, Var: 0.0000, Ctx: 6, MixCtx: 3, Train: 82.52%, Valid: 71.40%, Test In: 72.18% Test OOD1: 62.41% Test OOD2: 53.65% Test OOD3: 60.89% 
Epoch: 363, Loss: 3.1052, Cls: 1.0349, Ind: 0.0000, Med: 0.5177, Spu: 0.0000, FD: 1.0351, FDAug: 0.5176, Var: 0.0000, Ctx: 6, MixCtx: 3, Train: 82.63%, Valid: 71.65%, Test In: 72.47% Test OOD1: 63.09% Test OOD2: 53.69% Test OOD3: 61.53% 
Epoch: 364, Loss: 3.1174, Cls: 1.0392, Ind: 0.0000, Med: 0.5202, Spu: 0.0000, FD: 1.0387, FDAug: 0.5194, Var: 0.0000, Ctx: 6, MixCtx: 3, Train: 82.46%, Valid: 71.76%, Test In: 72.63% Test OOD1: 64.08% Test OOD2: 53.96% Test OOD3: 61.74% 
Epoch: 365, Loss: 3.1512, Cls: 1.0501, Ind: 0.0000, Med: 0.5252, Spu: 0.0000, FD: 1.0506, FDAug: 0.5252, Var: 0.0000, Ctx: 6, MixCtx: 3, Train: 82.46%, Valid: 71.78%, Test In: 72.70% Test OOD1: 63.80% Test OOD2: 53.66% Test OOD3: 62.12% 
Epoch: 366, Loss: 3.2075, Cls: 1.0692, Ind: 0.0000, Med: 0.5351, Spu: 0.0000, FD: 1.0688, FDAug: 0.5344, Var: 0.0000, Ctx: 6, MixCtx: 3, Train: 82.61%, Valid: 71.23%, Test In: 72.09% Test OOD1: 62.70% Test OOD2: 53.67% Test OOD3: 60.96% 
Epoch: 367, Loss: 3.1943, Cls: 1.0648, Ind: 0.0000, Med: 0.5330, Spu: 0.0000, FD: 1.0643, FDAug: 0.5321, Var: 0.0000, Ctx: 6, MixCtx: 3, Train: 82.42%, Valid: 72.03%, Test In: 72.84% Test OOD1: 65.03% Test OOD2: 53.88% Test OOD3: 62.45% 
Epoch: 368, Loss: 3.1101, Cls: 1.0367, Ind: 0.0000, Med: 0.5188, Spu: 0.0000, FD: 1.0364, FDAug: 0.5182, Var: 0.0000, Ctx: 6, MixCtx: 3, Train: 82.70%, Valid: 71.85%, Test In: 72.69% Test OOD1: 64.27% Test OOD2: 53.74% Test OOD3: 62.09% 
Epoch: 369, Loss: 3.0927, Cls: 1.0307, Ind: 0.0000, Med: 0.5156, Spu: 0.0000, FD: 1.0309, FDAug: 0.5155, Var: 0.0000, Ctx: 6, MixCtx: 3, Train: 82.70%, Valid: 71.00%, Test In: 71.89% Test OOD1: 61.90% Test OOD2: 53.37% Test OOD3: 60.50% 
Epoch: 370, Loss: 3.1478, Cls: 1.0495, Ind: 0.0000, Med: 0.5257, Spu: 0.0000, FD: 1.0484, FDAug: 0.5242, Var: 0.0000, Ctx: 6, MixCtx: 3, Train: 82.61%, Valid: 71.81%, Test In: 72.89% Test OOD1: 64.02% Test OOD2: 53.76% Test OOD3: 62.14% 
Epoch: 371, Loss: 3.1656, Cls: 1.0549, Ind: 0.0000, Med: 0.5276, Spu: 0.0000, FD: 1.0554, FDAug: 0.5277, Var: 0.0000, Ctx: 6, MixCtx: 3, Train: 82.78%, Valid: 71.01%, Test In: 72.08% Test OOD1: 62.55% Test OOD2: 53.56% Test OOD3: 60.79% 
Epoch: 372, Loss: 3.2023, Cls: 1.0677, Ind: 0.0000, Med: 0.5350, Spu: 0.0000, FD: 1.0665, FDAug: 0.5331, Var: 0.0000, Ctx: 6, MixCtx: 3, Train: 82.73%, Valid: 71.52%, Test In: 72.46% Test OOD1: 63.47% Test OOD2: 53.48% Test OOD3: 62.01% 
Epoch: 373, Loss: 3.2346, Cls: 1.0780, Ind: 0.0000, Med: 0.5392, Spu: 0.0000, FD: 1.0783, FDAug: 0.5392, Var: 0.0000, Ctx: 6, MixCtx: 3, Train: 82.73%, Valid: 71.65%, Test In: 72.26% Test OOD1: 64.25% Test OOD2: 53.71% Test OOD3: 61.89% 
Epoch: 374, Loss: 3.1064, Cls: 1.0353, Ind: 0.0000, Med: 0.5179, Spu: 0.0000, FD: 1.0354, FDAug: 0.5177, Var: 0.0000, Ctx: 6, MixCtx: 3, Train: 82.77%, Valid: 71.78%, Test In: 72.37% Test OOD1: 64.29% Test OOD2: 53.70% Test OOD3: 61.90% 
Epoch: 375, Loss: 3.0935, Cls: 1.0311, Ind: 0.0000, Med: 0.5159, Spu: 0.0000, FD: 1.0310, FDAug: 0.5155, Var: 0.0000, Ctx: 6, MixCtx: 3, Train: 82.95%, Valid: 71.78%, Test In: 72.59% Test OOD1: 63.74% Test OOD2: 53.53% Test OOD3: 61.90% 
Epoch: 376, Loss: 3.1498, Cls: 1.0500, Ind: 0.0000, Med: 0.5256, Spu: 0.0000, FD: 1.0494, FDAug: 0.5248, Var: 0.0000, Ctx: 6, MixCtx: 3, Train: 83.15%, Valid: 71.23%, Test In: 72.31% Test OOD1: 62.50% Test OOD2: 53.48% Test OOD3: 60.85% 
Epoch: 377, Loss: 3.0963, Cls: 1.0321, Ind: 0.0000, Med: 0.5166, Spu: 0.0000, FD: 1.0317, FDAug: 0.5159, Var: 0.0000, Ctx: 6, MixCtx: 3, Train: 82.96%, Valid: 71.73%, Test In: 72.84% Test OOD1: 64.16% Test OOD2: 53.80% Test OOD3: 61.90% 
Epoch: 378, Loss: 3.0701, Cls: 1.0231, Ind: 0.0000, Med: 0.5117, Spu: 0.0000, FD: 1.0236, FDAug: 0.5118, Var: 0.0000, Ctx: 6, MixCtx: 3, Train: 82.98%, Valid: 71.42%, Test In: 72.58% Test OOD1: 63.03% Test OOD2: 53.55% Test OOD3: 61.54% 
Epoch: 379, Loss: 3.0969, Cls: 1.0319, Ind: 0.0000, Med: 0.5159, Spu: 0.0000, FD: 1.0327, FDAug: 0.5164, Var: 0.0000, Ctx: 6, MixCtx: 3, Train: 83.00%, Valid: 70.80%, Test In: 71.64% Test OOD1: 61.76% Test OOD2: 53.20% Test OOD3: 60.21% 
Epoch: 380, Loss: 3.1271, Cls: 1.0424, Ind: 0.0000, Med: 0.5218, Spu: 0.0000, FD: 1.0420, FDAug: 0.5209, Var: 0.0000, Ctx: 6, MixCtx: 3, Train: 83.05%, Valid: 71.83%, Test In: 72.57% Test OOD1: 64.42% Test OOD2: 53.61% Test OOD3: 62.16% 
Epoch: 381, Loss: 3.1094, Cls: 1.0365, Ind: 0.0000, Med: 0.5190, Spu: 0.0000, FD: 1.0359, FDAug: 0.5180, Var: 0.0000, Ctx: 6, MixCtx: 3, Train: 83.31%, Valid: 71.06%, Test In: 71.69% Test OOD1: 62.63% Test OOD2: 53.32% Test OOD3: 60.99% 
Epoch: 382, Loss: 3.0773, Cls: 1.0256, Ind: 0.0000, Med: 0.5132, Spu: 0.0000, FD: 1.0257, FDAug: 0.5128, Var: 0.0000, Ctx: 6, MixCtx: 3, Train: 83.36%, Valid: 71.56%, Test In: 72.20% Test OOD1: 64.09% Test OOD2: 53.58% Test OOD3: 61.92% 
Epoch: 383, Loss: 3.0425, Cls: 1.0140, Ind: 0.0000, Med: 0.5074, Spu: 0.0000, FD: 1.0141, FDAug: 0.5070, Var: 0.0000, Ctx: 6, MixCtx: 3, Train: 83.23%, Valid: 71.79%, Test In: 72.49% Test OOD1: 64.50% Test OOD2: 53.67% Test OOD3: 62.28% 
Epoch: 384, Loss: 3.0769, Cls: 1.0257, Ind: 0.0000, Med: 0.5136, Spu: 0.0000, FD: 1.0251, FDAug: 0.5126, Var: 0.0000, Ctx: 6, MixCtx: 3, Train: 82.85%, Valid: 70.13%, Test In: 70.96% Test OOD1: 60.64% Test OOD2: 52.98% Test OOD3: 59.63% 
Epoch: 385, Loss: 3.1298, Cls: 1.0433, Ind: 0.0000, Med: 0.5224, Spu: 0.0000, FD: 1.0428, FDAug: 0.5213, Var: 0.0000, Ctx: 6, MixCtx: 3, Train: 83.51%, Valid: 71.33%, Test In: 72.22% Test OOD1: 63.18% Test OOD2: 53.57% Test OOD3: 61.62% 
Epoch: 386, Loss: 3.0663, Cls: 1.0217, Ind: 0.0000, Med: 0.5109, Spu: 0.0000, FD: 1.0224, FDAug: 0.5113, Var: 0.0000, Ctx: 6, MixCtx: 3, Train: 83.11%, Valid: 71.57%, Test In: 72.35% Test OOD1: 64.44% Test OOD2: 53.80% Test OOD3: 61.98% 
Epoch: 387, Loss: 3.0940, Cls: 1.0311, Ind: 0.0000, Med: 0.5159, Spu: 0.0000, FD: 1.0314, FDAug: 0.5155, Var: 0.0000, Ctx: 6, MixCtx: 3, Train: 82.56%, Valid: 70.07%, Test In: 70.95% Test OOD1: 60.79% Test OOD2: 52.92% Test OOD3: 60.45% 
Epoch: 388, Loss: 3.1695, Cls: 1.0558, Ind: 0.0000, Med: 0.5274, Spu: 0.0000, FD: 1.0575, FDAug: 0.5288, Var: 0.0000, Ctx: 6, MixCtx: 3, Train: 83.62%, Valid: 71.42%, Test In: 72.22% Test OOD1: 64.06% Test OOD2: 53.59% Test OOD3: 61.94% 
Epoch: 389, Loss: 3.0386, Cls: 1.0128, Ind: 0.0000, Med: 0.5069, Spu: 0.0000, FD: 1.0126, FDAug: 0.5063, Var: 0.0000, Ctx: 6, MixCtx: 3, Train: 82.46%, Valid: 71.97%, Test In: 72.70% Test OOD1: 65.61% Test OOD2: 53.87% Test OOD3: 62.76% 
Epoch: 390, Loss: 3.1265, Cls: 1.0418, Ind: 0.0000, Med: 0.5209, Spu: 0.0000, FD: 1.0426, FDAug: 0.5212, Var: 0.0000, Ctx: 6, MixCtx: 3, Train: 83.12%, Valid: 70.31%, Test In: 71.02% Test OOD1: 61.24% Test OOD2: 52.99% Test OOD3: 60.37% 
Epoch: 391, Loss: 3.0884, Cls: 1.0291, Ind: 0.0000, Med: 0.5147, Spu: 0.0000, FD: 1.0297, FDAug: 0.5149, Var: 0.0000, Ctx: 6, MixCtx: 3, Train: 83.78%, Valid: 70.80%, Test In: 71.61% Test OOD1: 62.32% Test OOD2: 53.25% Test OOD3: 60.97% 
Epoch: 392, Loss: 3.0273, Cls: 1.0090, Ind: 0.0000, Med: 0.5050, Spu: 0.0000, FD: 1.0089, FDAug: 0.5045, Var: 0.0000, Ctx: 6, MixCtx: 3, Train: 82.78%, Valid: 71.81%, Test In: 72.52% Test OOD1: 65.20% Test OOD2: 53.96% Test OOD3: 62.59% 
Epoch: 393, Loss: 3.1274, Cls: 1.0421, Ind: 0.0000, Med: 0.5214, Spu: 0.0000, FD: 1.0426, FDAug: 0.5212, Var: 0.0000, Ctx: 6, MixCtx: 3, Train: 83.47%, Valid: 70.63%, Test In: 71.65% Test OOD1: 61.78% Test OOD2: 53.19% Test OOD3: 60.88% 
Epoch: 394, Loss: 3.0437, Cls: 1.0144, Ind: 0.0000, Med: 0.5077, Spu: 0.0000, FD: 1.0144, FDAug: 0.5072, Var: 0.0000, Ctx: 6, MixCtx: 3, Train: 83.42%, Valid: 70.51%, Test In: 71.37% Test OOD1: 61.25% Test OOD2: 53.08% Test OOD3: 60.42% 
Epoch: 395, Loss: 3.0475, Cls: 1.0157, Ind: 0.0000, Med: 0.5083, Spu: 0.0000, FD: 1.0156, FDAug: 0.5078, Var: 0.0000, Ctx: 6, MixCtx: 3, Train: 83.32%, Valid: 71.88%, Test In: 72.42% Test OOD1: 64.53% Test OOD2: 53.76% Test OOD3: 62.07% 
Epoch: 396, Loss: 3.0761, Cls: 1.0252, Ind: 0.0000, Med: 0.5132, Spu: 0.0000, FD: 1.0252, FDAug: 0.5125, Var: 0.0000, Ctx: 6, MixCtx: 3, Train: 84.06%, Valid: 71.07%, Test In: 71.63% Test OOD1: 62.65% Test OOD2: 53.29% Test OOD3: 61.00% 
Epoch: 397, Loss: 2.9944, Cls: 0.9981, Ind: 0.0000, Med: 0.4997, Spu: 0.0000, FD: 0.9978, FDAug: 0.4989, Var: 0.0000, Ctx: 6, MixCtx: 3, Train: 83.88%, Valid: 70.56%, Test In: 71.33% Test OOD1: 62.03% Test OOD2: 53.08% Test OOD3: 60.86% 
Epoch: 398, Loss: 3.0377, Cls: 1.0127, Ind: 0.0000, Med: 0.5071, Spu: 0.0000, FD: 1.0119, FDAug: 0.5060, Var: 0.0000, Ctx: 6, MixCtx: 3, Train: 83.83%, Valid: 71.36%, Test In: 72.08% Test OOD1: 64.27% Test OOD2: 53.65% Test OOD3: 61.87% 
Epoch: 399, Loss: 3.0168, Cls: 1.0054, Ind: 0.0000, Med: 0.5031, Spu: 0.0000, FD: 1.0056, FDAug: 0.5027, Var: 0.0000, Ctx: 6, MixCtx: 3, Train: 84.02%, Valid: 71.38%, Test In: 72.25% Test OOD1: 64.17% Test OOD2: 53.52% Test OOD3: 62.01% 
Epoch: 400, Loss: 3.0153, Cls: 1.0049, Ind: 0.0000, Med: 0.5030, Spu: 0.0000, FD: 1.0048, FDAug: 0.5025, Var: 0.0000, Ctx: 6, MixCtx: 3, Train: 83.73%, Valid: 70.18%, Test In: 71.07% Test OOD1: 61.32% Test OOD2: 53.00% Test OOD3: 59.84% 
Epoch: 401, Loss: 3.0814, Cls: 1.0269, Ind: 0.0000, Med: 0.5138, Spu: 0.0000, FD: 1.0272, FDAug: 0.5135, Var: 0.0000, Ctx: 6, MixCtx: 3, Train: 83.81%, Valid: 70.93%, Test In: 71.67% Test OOD1: 62.91% Test OOD2: 53.09% Test OOD3: 61.65% 
Epoch: 402, Loss: 3.1514, Cls: 1.0501, Ind: 0.0000, Med: 0.5253, Spu: 0.0000, FD: 1.0506, FDAug: 0.5254, Var: 0.0000, Ctx: 6, MixCtx: 3, Train: 82.99%, Valid: 71.12%, Test In: 71.70% Test OOD1: 64.29% Test OOD2: 53.48% Test OOD3: 61.66% 
Epoch: 403, Loss: 3.3041, Cls: 1.1015, Ind: 0.0000, Med: 0.5514, Spu: 0.0000, FD: 1.1012, FDAug: 0.5499, Var: 0.0000, Ctx: 6, MixCtx: 3, Train: 83.12%, Valid: 71.24%, Test In: 71.90% Test OOD1: 64.28% Test OOD2: 53.16% Test OOD3: 62.57% 
Epoch: 404, Loss: 3.2804, Cls: 1.0936, Ind: 0.0000, Med: 0.5474, Spu: 0.0000, FD: 1.0929, FDAug: 0.5465, Var: 0.0000, Ctx: 6, MixCtx: 3, Train: 83.57%, Valid: 70.78%, Test In: 71.40% Test OOD1: 62.66% Test OOD2: 53.01% Test OOD3: 61.71% 
Epoch: 405, Loss: 3.1786, Cls: 1.0592, Ind: 0.0000, Med: 0.5295, Spu: 0.0000, FD: 1.0599, FDAug: 0.5301, Var: 0.0000, Ctx: 6, MixCtx: 3, Train: 83.86%, Valid: 71.26%, Test In: 71.88% Test OOD1: 63.05% Test OOD2: 53.27% Test OOD3: 61.35% 
Epoch: 406, Loss: 3.2142, Cls: 1.0713, Ind: 0.0000, Med: 0.5360, Spu: 0.0000, FD: 1.0711, FDAug: 0.5357, Var: 0.0000, Ctx: 6, MixCtx: 3, Train: 82.25%, Valid: 72.05%, Test In: 72.96% Test OOD1: 65.39% Test OOD2: 53.90% Test OOD3: 62.69% 
Epoch: 407, Loss: 3.1354, Cls: 1.0450, Ind: 0.0000, Med: 0.5231, Spu: 0.0000, FD: 1.0448, FDAug: 0.5226, Var: 0.0000, Ctx: 6, MixCtx: 3, Train: 82.86%, Valid: 71.87%, Test In: 72.85% Test OOD1: 64.27% Test OOD2: 53.83% Test OOD3: 62.25% 
Epoch: 408, Loss: 3.0995, Cls: 1.0329, Ind: 0.0000, Med: 0.5168, Spu: 0.0000, FD: 1.0330, FDAug: 0.5168, Var: 0.0000, Ctx: 6, MixCtx: 3, Train: 82.98%, Valid: 70.10%, Test In: 71.37% Test OOD1: 60.06% Test OOD2: 52.98% Test OOD3: 59.60% 
Epoch: 409, Loss: 3.1796, Cls: 1.0595, Ind: 0.0000, Med: 0.5300, Spu: 0.0000, FD: 1.0600, FDAug: 0.5301, Var: 0.0000, Ctx: 6, MixCtx: 3, Train: 83.18%, Valid: 70.72%, Test In: 72.08% Test OOD1: 61.76% Test OOD2: 53.26% Test OOD3: 61.17% 
Epoch: 410, Loss: 3.0916, Cls: 1.0304, Ind: 0.0000, Med: 0.5159, Spu: 0.0000, FD: 1.0302, FDAug: 0.5152, Var: 0.0000, Ctx: 6, MixCtx: 3, Train: 83.14%, Valid: 71.65%, Test In: 72.54% Test OOD1: 65.01% Test OOD2: 53.79% Test OOD3: 62.73% 
Epoch: 411, Loss: 3.1015, Cls: 1.0343, Ind: 0.0000, Med: 0.5187, Spu: 0.0000, FD: 1.0323, FDAug: 0.5162, Var: 0.0000, Ctx: 6, MixCtx: 3, Train: 82.97%, Valid: 71.37%, Test In: 71.95% Test OOD1: 64.50% Test OOD2: 53.50% Test OOD3: 61.89% 
Epoch: 412, Loss: 3.1873, Cls: 1.0619, Ind: 0.0000, Med: 0.5307, Spu: 0.0000, FD: 1.0633, FDAug: 0.5313, Var: 0.0000, Ctx: 6, MixCtx: 3, Train: 83.95%, Valid: 70.83%, Test In: 71.13% Test OOD1: 62.34% Test OOD2: 53.22% Test OOD3: 60.93% 
Epoch: 413, Loss: 3.0926, Cls: 1.0308, Ind: 0.0000, Med: 0.5160, Spu: 0.0000, FD: 1.0305, FDAug: 0.5153, Var: 0.0000, Ctx: 6, MixCtx: 3, Train: 84.05%, Valid: 70.78%, Test In: 71.04% Test OOD1: 62.14% Test OOD2: 53.09% Test OOD3: 60.67% 
Epoch: 414, Loss: 3.0464, Cls: 1.0155, Ind: 0.0000, Med: 0.5085, Spu: 0.0000, FD: 1.0149, FDAug: 0.5075, Var: 0.0000, Ctx: 6, MixCtx: 3, Train: 83.71%, Valid: 71.72%, Test In: 72.17% Test OOD1: 64.40% Test OOD2: 53.49% Test OOD3: 61.88% 
Epoch: 415, Loss: 3.0583, Cls: 1.0189, Ind: 0.0000, Med: 0.5100, Spu: 0.0000, FD: 1.0196, FDAug: 0.5098, Var: 0.0000, Ctx: 6, MixCtx: 3, Train: 82.98%, Valid: 72.00%, Test In: 72.61% Test OOD1: 65.56% Test OOD2: 53.84% Test OOD3: 62.74% 
Epoch: 416, Loss: 3.0703, Cls: 1.0232, Ind: 0.0000, Med: 0.5126, Spu: 0.0000, FD: 1.0230, FDAug: 0.5115, Var: 0.0000, Ctx: 6, MixCtx: 3, Train: 84.25%, Valid: 71.53%, Test In: 72.40% Test OOD1: 63.76% Test OOD2: 53.53% Test OOD3: 61.80% 
Epoch: 417, Loss: 2.9906, Cls: 0.9974, Ind: 0.0000, Med: 0.5006, Spu: 0.0000, FD: 0.9951, FDAug: 0.4976, Var: 0.0000, Ctx: 6, MixCtx: 3, Train: 83.76%, Valid: 70.28%, Test In: 71.24% Test OOD1: 60.38% Test OOD2: 52.98% Test OOD3: 59.61% 
Epoch: 418, Loss: 3.0454, Cls: 1.0155, Ind: 0.0000, Med: 0.5093, Spu: 0.0000, FD: 1.0137, FDAug: 0.5069, Var: 0.0000, Ctx: 6, MixCtx: 3, Train: 84.28%, Valid: 71.03%, Test In: 71.95% Test OOD1: 62.19% Test OOD2: 53.34% Test OOD3: 60.81% 
Epoch: 419, Loss: 2.9738, Cls: 0.9910, Ind: 0.0000, Med: 0.4960, Spu: 0.0000, FD: 0.9912, FDAug: 0.4956, Var: 0.0000, Ctx: 6, MixCtx: 3, Train: 84.06%, Valid: 71.44%, Test In: 72.19% Test OOD1: 63.97% Test OOD2: 53.62% Test OOD3: 61.79% 
Epoch: 420, Loss: 3.0129, Cls: 1.0039, Ind: 0.0000, Med: 0.5022, Spu: 0.0000, FD: 1.0046, FDAug: 0.5022, Var: 0.0000, Ctx: 6, MixCtx: 3, Train: 84.66%, Valid: 70.92%, Test In: 71.54% Test OOD1: 62.77% Test OOD2: 53.22% Test OOD3: 61.24% 
Epoch: 421, Loss: 2.9539, Cls: 0.9848, Ind: 0.0000, Med: 0.4932, Spu: 0.0000, FD: 0.9840, FDAug: 0.4919, Var: 0.0000, Ctx: 6, MixCtx: 3, Train: 84.27%, Valid: 70.45%, Test In: 71.10% Test OOD1: 62.02% Test OOD2: 53.10% Test OOD3: 61.26% 
Epoch: 422, Loss: 3.0367, Cls: 1.0124, Ind: 0.0000, Med: 0.5073, Spu: 0.0000, FD: 1.0112, FDAug: 0.5057, Var: 0.0000, Ctx: 6, MixCtx: 3, Train: 84.52%, Valid: 70.65%, Test In: 71.25% Test OOD1: 62.71% Test OOD2: 53.32% Test OOD3: 61.23% 
Epoch: 423, Loss: 2.9897, Cls: 0.9965, Ind: 0.0000, Med: 0.4988, Spu: 0.0000, FD: 0.9963, FDAug: 0.4980, Var: 0.0000, Ctx: 6, MixCtx: 3, Train: 84.45%, Valid: 71.26%, Test In: 71.75% Test OOD1: 64.15% Test OOD2: 53.60% Test OOD3: 62.06% 
Epoch: 424, Loss: 2.9757, Cls: 0.9921, Ind: 0.0000, Med: 0.4971, Spu: 0.0000, FD: 0.9910, FDAug: 0.4955, Var: 0.0000, Ctx: 6, MixCtx: 3, Train: 84.92%, Valid: 70.56%, Test In: 71.24% Test OOD1: 62.38% Test OOD2: 53.28% Test OOD3: 60.90% 
Epoch: 425, Loss: 2.9268, Cls: 0.9756, Ind: 0.0000, Med: 0.4885, Spu: 0.0000, FD: 0.9752, FDAug: 0.4875, Var: 0.0000, Ctx: 6, MixCtx: 3, Train: 84.75%, Valid: 70.36%, Test In: 71.20% Test OOD1: 61.84% Test OOD2: 53.14% Test OOD3: 60.71% 
Epoch: 426, Loss: 2.9373, Cls: 0.9786, Ind: 0.0000, Med: 0.4893, Spu: 0.0000, FD: 0.9796, FDAug: 0.4898, Var: 0.0000, Ctx: 6, MixCtx: 3, Train: 84.85%, Valid: 70.82%, Test In: 71.73% Test OOD1: 63.00% Test OOD2: 53.42% Test OOD3: 61.25% 
Epoch: 427, Loss: 2.9280, Cls: 0.9759, Ind: 0.0000, Med: 0.4886, Spu: 0.0000, FD: 0.9757, FDAug: 0.4878, Var: 0.0000, Ctx: 6, MixCtx: 3, Train: 85.04%, Valid: 70.84%, Test In: 71.61% Test OOD1: 63.02% Test OOD2: 53.38% Test OOD3: 61.25% 
Epoch: 428, Loss: 2.9120, Cls: 0.9705, Ind: 0.0000, Med: 0.4858, Spu: 0.0000, FD: 0.9705, FDAug: 0.4852, Var: 0.0000, Ctx: 6, MixCtx: 3, Train: 85.15%, Valid: 70.32%, Test In: 70.85% Test OOD1: 62.12% Test OOD2: 53.05% Test OOD3: 60.83% 
Epoch: 429, Loss: 2.9134, Cls: 0.9708, Ind: 0.0000, Med: 0.4857, Spu: 0.0000, FD: 0.9712, FDAug: 0.4856, Var: 0.0000, Ctx: 6, MixCtx: 3, Train: 85.17%, Valid: 70.30%, Test In: 70.69% Test OOD1: 62.50% Test OOD2: 53.18% Test OOD3: 60.94% 
Epoch: 430, Loss: 2.9084, Cls: 0.9692, Ind: 0.0000, Med: 0.4850, Spu: 0.0000, FD: 0.9695, FDAug: 0.4847, Var: 0.0000, Ctx: 6, MixCtx: 3, Train: 85.10%, Valid: 70.64%, Test In: 71.03% Test OOD1: 63.38% Test OOD2: 53.33% Test OOD3: 61.69% 
Epoch: 431, Loss: 2.9411, Cls: 0.9804, Ind: 0.0000, Med: 0.4911, Spu: 0.0000, FD: 0.9796, FDAug: 0.4899, Var: 0.0000, Ctx: 6, MixCtx: 3, Train: 84.82%, Valid: 69.76%, Test In: 70.35% Test OOD1: 61.78% Test OOD2: 52.86% Test OOD3: 60.36% 
Epoch: 432, Loss: 3.0133, Cls: 1.0041, Ind: 0.0000, Med: 0.5022, Spu: 0.0000, FD: 1.0048, FDAug: 0.5022, Var: 0.0000, Ctx: 6, MixCtx: 3, Train: 84.48%, Valid: 70.03%, Test In: 70.74% Test OOD1: 62.19% Test OOD2: 53.01% Test OOD3: 61.59% 
Epoch: 433, Loss: 3.1806, Cls: 1.0599, Ind: 0.0000, Med: 0.5302, Spu: 0.0000, FD: 1.0602, FDAug: 0.5303, Var: 0.0000, Ctx: 6, MixCtx: 3, Train: 84.61%, Valid: 70.30%, Test In: 71.02% Test OOD1: 63.14% Test OOD2: 53.16% Test OOD3: 61.10% 
Epoch: 434, Loss: 3.1310, Cls: 1.0437, Ind: 0.0000, Med: 0.5224, Spu: 0.0000, FD: 1.0434, FDAug: 0.5214, Var: 0.0000, Ctx: 6, MixCtx: 3, Train: 84.52%, Valid: 71.06%, Test In: 71.78% Test OOD1: 64.44% Test OOD2: 53.52% Test OOD3: 62.26% 
Epoch: 435, Loss: 2.9681, Cls: 0.9896, Ind: 0.0000, Med: 0.4956, Spu: 0.0000, FD: 0.9885, FDAug: 0.4944, Var: 0.0000, Ctx: 6, MixCtx: 3, Train: 84.35%, Valid: 70.77%, Test In: 71.54% Test OOD1: 63.36% Test OOD2: 53.31% Test OOD3: 61.83% 
Epoch: 436, Loss: 3.0498, Cls: 1.0162, Ind: 0.0000, Med: 0.5081, Spu: 0.0000, FD: 1.0168, FDAug: 0.5086, Var: 0.0000, Ctx: 6, MixCtx: 3, Train: 84.79%, Valid: 69.59%, Test In: 70.33% Test OOD1: 60.73% Test OOD2: 53.00% Test OOD3: 59.40% 
Epoch: 437, Loss: 3.0338, Cls: 1.0115, Ind: 0.0000, Med: 0.5066, Spu: 0.0000, FD: 1.0105, FDAug: 0.5053, Var: 0.0000, Ctx: 6, MixCtx: 3, Train: 85.32%, Valid: 70.57%, Test In: 71.45% Test OOD1: 62.69% Test OOD2: 53.42% Test OOD3: 61.16% 
Epoch: 438, Loss: 2.8925, Cls: 0.9641, Ind: 0.0000, Med: 0.4826, Spu: 0.0000, FD: 0.9638, FDAug: 0.4820, Var: 0.0000, Ctx: 6, MixCtx: 3, Train: 84.78%, Valid: 70.70%, Test In: 71.58% Test OOD1: 63.41% Test OOD2: 53.41% Test OOD3: 61.89% 
Epoch: 439, Loss: 3.0084, Cls: 1.0025, Ind: 0.0000, Med: 0.5017, Spu: 0.0000, FD: 1.0026, FDAug: 0.5015, Var: 0.0000, Ctx: 6, MixCtx: 3, Train: 84.23%, Valid: 69.11%, Test In: 69.93% Test OOD1: 61.11% Test OOD2: 52.46% Test OOD3: 59.77% 
Epoch: 440, Loss: 3.1140, Cls: 1.0377, Ind: 0.0000, Med: 0.5190, Spu: 0.0000, FD: 1.0384, FDAug: 0.5190, Var: 0.0000, Ctx: 6, MixCtx: 3, Train: 85.22%, Valid: 69.84%, Test In: 70.02% Test OOD1: 61.90% Test OOD2: 52.80% Test OOD3: 61.11% 
Epoch: 441, Loss: 3.0031, Cls: 1.0012, Ind: 0.0000, Med: 0.5016, Spu: 0.0000, FD: 1.0001, FDAug: 0.5002, Var: 0.0000, Ctx: 6, MixCtx: 3, Train: 84.47%, Valid: 70.93%, Test In: 71.07% Test OOD1: 64.40% Test OOD2: 53.32% Test OOD3: 62.19% 
Epoch: 442, Loss: 2.9772, Cls: 0.9927, Ind: 0.0000, Med: 0.4976, Spu: 0.0000, FD: 0.9912, FDAug: 0.4957, Var: 0.0000, Ctx: 6, MixCtx: 3, Train: 84.90%, Valid: 70.21%, Test In: 70.57% Test OOD1: 62.54% Test OOD2: 53.00% Test OOD3: 60.59% 
Epoch: 443, Loss: 3.0355, Cls: 1.0111, Ind: 0.0000, Med: 0.5052, Spu: 0.0000, FD: 1.0130, FDAug: 0.5062, Var: 0.0000, Ctx: 6, MixCtx: 3, Train: 84.77%, Valid: 69.47%, Test In: 70.09% Test OOD1: 61.01% Test OOD2: 52.81% Test OOD3: 60.56% 
Epoch: 444, Loss: 3.0453, Cls: 1.0149, Ind: 0.0000, Med: 0.5077, Spu: 0.0000, FD: 1.0151, FDAug: 0.5076, Var: 0.0000, Ctx: 6, MixCtx: 3, Train: 85.10%, Valid: 70.56%, Test In: 71.66% Test OOD1: 63.56% Test OOD2: 53.41% Test OOD3: 61.92% 
Epoch: 445, Loss: 2.9209, Cls: 0.9738, Ind: 0.0000, Med: 0.4878, Spu: 0.0000, FD: 0.9729, FDAug: 0.4865, Var: 0.0000, Ctx: 6, MixCtx: 3, Train: 84.67%, Valid: 70.58%, Test In: 71.67% Test OOD1: 63.75% Test OOD2: 53.49% Test OOD3: 61.45% 
Epoch: 446, Loss: 3.0754, Cls: 1.0253, Ind: 0.0000, Med: 0.5134, Spu: 0.0000, FD: 1.0247, FDAug: 0.5120, Var: 0.0000, Ctx: 6, MixCtx: 3, Train: 85.27%, Valid: 70.45%, Test In: 71.31% Test OOD1: 62.68% Test OOD2: 53.13% Test OOD3: 61.45% 
Epoch: 447, Loss: 2.9183, Cls: 0.9725, Ind: 0.0000, Med: 0.4866, Spu: 0.0000, FD: 0.9727, FDAug: 0.4865, Var: 0.0000, Ctx: 6, MixCtx: 3, Train: 84.98%, Valid: 69.73%, Test In: 70.06% Test OOD1: 60.93% Test OOD2: 52.83% Test OOD3: 60.15% 
Epoch: 448, Loss: 2.9408, Cls: 0.9798, Ind: 0.0000, Med: 0.4898, Spu: 0.0000, FD: 0.9808, FDAug: 0.4905, Var: 0.0000, Ctx: 6, MixCtx: 3, Train: 85.38%, Valid: 70.67%, Test In: 70.96% Test OOD1: 63.14% Test OOD2: 53.06% Test OOD3: 61.26% 
Epoch: 449, Loss: 2.9588, Cls: 0.9863, Ind: 0.0000, Med: 0.4937, Spu: 0.0000, FD: 0.9861, FDAug: 0.4928, Var: 0.0000, Ctx: 6, MixCtx: 3, Train: 85.02%, Valid: 70.86%, Test In: 71.20% Test OOD1: 64.06% Test OOD2: 53.24% Test OOD3: 62.19% 
Epoch: 450, Loss: 2.9508, Cls: 0.9835, Ind: 0.0000, Med: 0.4923, Spu: 0.0000, FD: 0.9833, FDAug: 0.4918, Var: 0.0000, Ctx: 6, MixCtx: 3, Train: 85.16%, Valid: 69.32%, Test In: 69.94% Test OOD1: 61.13% Test OOD2: 52.70% Test OOD3: 60.37% 
Epoch: 451, Loss: 2.9214, Cls: 0.9735, Ind: 0.0000, Med: 0.4870, Spu: 0.0000, FD: 0.9739, FDAug: 0.4870, Var: 0.0000, Ctx: 6, MixCtx: 3, Train: 85.72%, Valid: 69.65%, Test In: 70.23% Test OOD1: 61.38% Test OOD2: 52.82% Test OOD3: 60.19% 
Epoch: 452, Loss: 2.8658, Cls: 0.9552, Ind: 0.0000, Med: 0.4784, Spu: 0.0000, FD: 0.9548, FDAug: 0.4773, Var: 0.0000, Ctx: 6, MixCtx: 3, Train: 84.69%, Valid: 70.80%, Test In: 71.53% Test OOD1: 64.05% Test OOD2: 53.54% Test OOD3: 61.94% 
Epoch: 453, Loss: 3.0936, Cls: 1.0309, Ind: 0.0000, Med: 0.5161, Spu: 0.0000, FD: 1.0310, FDAug: 0.5156, Var: 0.0000, Ctx: 6, MixCtx: 3, Train: 83.49%, Valid: 67.90%, Test In: 69.32% Test OOD1: 59.55% Test OOD2: 52.24% Test OOD3: 59.01% 
Epoch: 454, Loss: 3.2297, Cls: 1.0761, Ind: 0.0000, Med: 0.5378, Spu: 0.0000, FD: 1.0774, FDAug: 0.5384, Var: 0.0000, Ctx: 6, MixCtx: 3, Train: 83.26%, Valid: 68.68%, Test In: 70.23% Test OOD1: 60.55% Test OOD2: 52.60% Test OOD3: 60.73% 
Epoch: 455, Loss: 3.1807, Cls: 1.0595, Ind: 0.0000, Med: 0.5291, Spu: 0.0000, FD: 1.0614, FDAug: 0.5307, Var: 0.0000, Ctx: 6, MixCtx: 3, Train: 84.14%, Valid: 70.54%, Test In: 71.46% Test OOD1: 64.13% Test OOD2: 53.04% Test OOD3: 62.60% 
Epoch: 456, Loss: 3.1874, Cls: 1.0627, Ind: 0.0000, Med: 0.5321, Spu: 0.0000, FD: 1.0616, FDAug: 0.5310, Var: 0.0000, Ctx: 6, MixCtx: 3, Train: 83.17%, Valid: 71.03%, Test In: 71.84% Test OOD1: 65.60% Test OOD2: 53.61% Test OOD3: 62.81% 
Epoch: 457, Loss: 3.0412, Cls: 1.0139, Ind: 0.0000, Med: 0.5076, Spu: 0.0000, FD: 1.0131, FDAug: 0.5066, Var: 0.0000, Ctx: 6, MixCtx: 3, Train: 83.80%, Valid: 70.65%, Test In: 71.71% Test OOD1: 64.52% Test OOD2: 53.49% Test OOD3: 61.65% 
Epoch: 458, Loss: 3.1395, Cls: 1.0461, Ind: 0.0000, Med: 0.5227, Spu: 0.0000, FD: 1.0475, FDAug: 0.5232, Var: 0.0000, Ctx: 6, MixCtx: 3, Train: 82.70%, Valid: 69.10%, Test In: 69.84% Test OOD1: 60.40% Test OOD2: 53.18% Test OOD3: 59.92% 
Epoch: 459, Loss: 3.1270, Cls: 1.0426, Ind: 0.0000, Med: 0.5226, Spu: 0.0000, FD: 1.0411, FDAug: 0.5207, Var: 0.0000, Ctx: 6, MixCtx: 3, Train: 85.16%, Valid: 70.19%, Test In: 71.23% Test OOD1: 62.65% Test OOD2: 53.29% Test OOD3: 61.42% 
Epoch: 460, Loss: 2.9371, Cls: 0.9791, Ind: 0.0000, Med: 0.4900, Spu: 0.0000, FD: 0.9786, FDAug: 0.4894, Var: 0.0000, Ctx: 6, MixCtx: 3, Train: 84.80%, Valid: 70.70%, Test In: 71.88% Test OOD1: 64.78% Test OOD2: 53.52% Test OOD3: 62.43% 
Epoch: 461, Loss: 2.9695, Cls: 0.9898, Ind: 0.0000, Med: 0.4952, Spu: 0.0000, FD: 0.9896, FDAug: 0.4948, Var: 0.0000, Ctx: 6, MixCtx: 3, Train: 83.88%, Valid: 70.69%, Test In: 71.65% Test OOD1: 65.20% Test OOD2: 53.42% Test OOD3: 62.75% 
Epoch: 462, Loss: 2.9926, Cls: 0.9974, Ind: 0.0000, Med: 0.4989, Spu: 0.0000, FD: 0.9975, FDAug: 0.4988, Var: 0.0000, Ctx: 6, MixCtx: 3, Train: 84.87%, Valid: 70.50%, Test In: 71.37% Test OOD1: 64.26% Test OOD2: 53.20% Test OOD3: 62.18% 
Epoch: 463, Loss: 2.9259, Cls: 0.9750, Ind: 0.0000, Med: 0.4876, Spu: 0.0000, FD: 0.9755, FDAug: 0.4879, Var: 0.0000, Ctx: 6, MixCtx: 3, Train: 85.05%, Valid: 69.63%, Test In: 70.16% Test OOD1: 61.56% Test OOD2: 52.75% Test OOD3: 59.92% 
Epoch: 464, Loss: 2.9130, Cls: 0.9706, Ind: 0.0000, Med: 0.4854, Spu: 0.0000, FD: 0.9714, FDAug: 0.4856, Var: 0.0000, Ctx: 6, MixCtx: 3, Train: 84.96%, Valid: 70.24%, Test In: 70.24% Test OOD1: 61.59% Test OOD2: 52.95% Test OOD3: 59.95% 
Epoch: 465, Loss: 2.9258, Cls: 0.9745, Ind: 0.0000, Med: 0.4869, Spu: 0.0000, FD: 0.9762, FDAug: 0.4881, Var: 0.0000, Ctx: 6, MixCtx: 3, Train: 85.55%, Valid: 70.89%, Test In: 71.11% Test OOD1: 63.74% Test OOD2: 53.25% Test OOD3: 61.71% 
Epoch: 466, Loss: 2.8814, Cls: 0.9602, Ind: 0.0000, Med: 0.4805, Spu: 0.0000, FD: 0.9604, FDAug: 0.4802, Var: 0.0000, Ctx: 6, MixCtx: 3, Train: 85.64%, Valid: 70.11%, Test In: 70.70% Test OOD1: 63.25% Test OOD2: 53.12% Test OOD3: 61.60% 
Epoch: 467, Loss: 2.8779, Cls: 0.9593, Ind: 0.0000, Med: 0.4802, Spu: 0.0000, FD: 0.9588, FDAug: 0.4795, Var: 0.0000, Ctx: 6, MixCtx: 3, Train: 85.48%, Valid: 69.91%, Test In: 70.52% Test OOD1: 62.35% Test OOD2: 52.95% Test OOD3: 61.51% 
Epoch: 468, Loss: 2.9153, Cls: 0.9719, Ind: 0.0000, Med: 0.4866, Spu: 0.0000, FD: 0.9711, FDAug: 0.4857, Var: 0.0000, Ctx: 6, MixCtx: 3, Train: 86.14%, Valid: 70.09%, Test In: 70.67% Test OOD1: 62.22% Test OOD2: 53.09% Test OOD3: 61.28% 
Epoch: 469, Loss: 2.8301, Cls: 0.9434, Ind: 0.0000, Med: 0.4724, Spu: 0.0000, FD: 0.9427, FDAug: 0.4715, Var: 0.0000, Ctx: 6, MixCtx: 3, Train: 85.84%, Valid: 70.57%, Test In: 70.98% Test OOD1: 62.49% Test OOD2: 53.27% Test OOD3: 60.96% 
Epoch: 470, Loss: 2.8628, Cls: 0.9542, Ind: 0.0000, Med: 0.4775, Spu: 0.0000, FD: 0.9542, FDAug: 0.4769, Var: 0.0000, Ctx: 6, MixCtx: 3, Train: 85.73%, Valid: 70.41%, Test In: 70.69% Test OOD1: 61.77% Test OOD2: 53.14% Test OOD3: 60.61% 
Epoch: 471, Loss: 2.8529, Cls: 0.9506, Ind: 0.0000, Med: 0.4756, Spu: 0.0000, FD: 0.9511, FDAug: 0.4755, Var: 0.0000, Ctx: 6, MixCtx: 3, Train: 86.06%, Valid: 69.68%, Test In: 70.06% Test OOD1: 61.33% Test OOD2: 52.72% Test OOD3: 60.33% 
Epoch: 472, Loss: 2.8344, Cls: 0.9446, Ind: 0.0000, Med: 0.4726, Spu: 0.0000, FD: 0.9449, FDAug: 0.4724, Var: 0.0000, Ctx: 6, MixCtx: 3, Train: 86.20%, Valid: 69.97%, Test In: 70.63% Test OOD1: 63.24% Test OOD2: 53.05% Test OOD3: 61.51% 
Epoch: 473, Loss: 2.8139, Cls: 0.9381, Ind: 0.0000, Med: 0.4697, Spu: 0.0000, FD: 0.9373, FDAug: 0.4687, Var: 0.0000, Ctx: 6, MixCtx: 3, Train: 85.97%, Valid: 69.91%, Test In: 70.51% Test OOD1: 63.61% Test OOD2: 53.20% Test OOD3: 61.48% 
Epoch: 474, Loss: 2.8267, Cls: 0.9424, Ind: 0.0000, Med: 0.4720, Spu: 0.0000, FD: 0.9416, FDAug: 0.4707, Var: 0.0000, Ctx: 6, MixCtx: 3, Train: 86.64%, Valid: 69.34%, Test In: 69.62% Test OOD1: 61.36% Test OOD2: 52.83% Test OOD3: 60.18% 
Epoch: 475, Loss: 2.7691, Cls: 0.9230, Ind: 0.0000, Med: 0.4622, Spu: 0.0000, FD: 0.9227, FDAug: 0.4612, Var: 0.0000, Ctx: 6, MixCtx: 3, Train: 86.17%, Valid: 69.01%, Test In: 69.06% Test OOD1: 60.17% Test OOD2: 52.74% Test OOD3: 59.43% 
Epoch: 476, Loss: 2.8386, Cls: 0.9457, Ind: 0.0000, Med: 0.4732, Spu: 0.0000, FD: 0.9465, FDAug: 0.4732, Var: 0.0000, Ctx: 6, MixCtx: 3, Train: 85.85%, Valid: 69.78%, Test In: 70.16% Test OOD1: 62.89% Test OOD2: 53.21% Test OOD3: 60.75% 
Epoch: 477, Loss: 2.9178, Cls: 0.9733, Ind: 0.0000, Med: 0.4883, Spu: 0.0000, FD: 0.9712, FDAug: 0.4849, Var: 0.0000, Ctx: 6, MixCtx: 3, Train: 85.64%, Valid: 69.82%, Test In: 70.45% Test OOD1: 62.83% Test OOD2: 52.92% Test OOD3: 61.80% 
Epoch: 478, Loss: 3.0473, Cls: 1.0151, Ind: 0.0000, Med: 0.5072, Spu: 0.0000, FD: 1.0164, FDAug: 0.5087, Var: 0.0000, Ctx: 6, MixCtx: 3, Train: 85.75%, Valid: 69.12%, Test In: 69.96% Test OOD1: 61.28% Test OOD2: 52.67% Test OOD3: 60.66% 
Epoch: 479, Loss: 2.9665, Cls: 0.9885, Ind: 0.0000, Med: 0.4942, Spu: 0.0000, FD: 0.9891, FDAug: 0.4947, Var: 0.0000, Ctx: 6, MixCtx: 3, Train: 86.39%, Valid: 69.81%, Test In: 70.33% Test OOD1: 62.18% Test OOD2: 52.90% Test OOD3: 60.77% 
Epoch: 480, Loss: 2.9763, Cls: 0.9920, Ind: 0.0000, Med: 0.4963, Spu: 0.0000, FD: 0.9920, FDAug: 0.4959, Var: 0.0000, Ctx: 6, MixCtx: 3, Train: 84.72%, Valid: 70.51%, Test In: 71.17% Test OOD1: 64.00% Test OOD2: 53.37% Test OOD3: 62.22% 
Epoch: 481, Loss: 3.0257, Cls: 1.0083, Ind: 0.0000, Med: 0.5046, Spu: 0.0000, FD: 1.0082, FDAug: 0.5046, Var: 0.0000, Ctx: 6, MixCtx: 3, Train: 86.54%, Valid: 69.54%, Test In: 69.97% Test OOD1: 61.35% Test OOD2: 52.96% Test OOD3: 60.20% 
Epoch: 482, Loss: 2.8443, Cls: 0.9474, Ind: 0.0000, Med: 0.4733, Spu: 0.0000, FD: 0.9490, FDAug: 0.4744, Var: 0.0000, Ctx: 6, MixCtx: 3, Train: 86.52%, Valid: 69.13%, Test In: 69.65% Test OOD1: 61.23% Test OOD2: 52.75% Test OOD3: 60.46% 
Epoch: 483, Loss: 2.7976, Cls: 0.9321, Ind: 0.0000, Med: 0.4662, Spu: 0.0000, FD: 0.9328, FDAug: 0.4665, Var: 0.0000, Ctx: 6, MixCtx: 3, Train: 86.43%, Valid: 69.83%, Test In: 70.48% Test OOD1: 63.48% Test OOD2: 53.16% Test OOD3: 61.75% 
Epoch: 484, Loss: 2.8293, Cls: 0.9432, Ind: 0.0000, Med: 0.4726, Spu: 0.0000, FD: 0.9422, FDAug: 0.4713, Var: 0.0000, Ctx: 6, MixCtx: 3, Train: 86.02%, Valid: 69.49%, Test In: 69.94% Test OOD1: 62.92% Test OOD2: 52.92% Test OOD3: 60.97% 
Epoch: 485, Loss: 2.8738, Cls: 0.9577, Ind: 0.0000, Med: 0.4790, Spu: 0.0000, FD: 0.9583, FDAug: 0.4787, Var: 0.0000, Ctx: 6, MixCtx: 3, Train: 86.36%, Valid: 68.53%, Test In: 68.64% Test OOD1: 61.00% Test OOD2: 52.65% Test OOD3: 60.30% 
Epoch: 486, Loss: 2.8949, Cls: 0.9651, Ind: 0.0000, Med: 0.4836, Spu: 0.0000, FD: 0.9640, FDAug: 0.4822, Var: 0.0000, Ctx: 6, MixCtx: 3, Train: 86.87%, Valid: 69.67%, Test In: 69.98% Test OOD1: 62.70% Test OOD2: 52.90% Test OOD3: 61.04% 
Epoch: 487, Loss: 2.7636, Cls: 0.9209, Ind: 0.0000, Med: 0.4607, Spu: 0.0000, FD: 0.9213, FDAug: 0.4606, Var: 0.0000, Ctx: 6, MixCtx: 3, Train: 86.60%, Valid: 69.92%, Test In: 70.44% Test OOD1: 63.40% Test OOD2: 53.22% Test OOD3: 61.35% 
Epoch: 488, Loss: 2.7793, Cls: 0.9261, Ind: 0.0000, Med: 0.4633, Spu: 0.0000, FD: 0.9266, FDAug: 0.4632, Var: 0.0000, Ctx: 6, MixCtx: 3, Train: 86.66%, Valid: 69.17%, Test In: 69.58% Test OOD1: 61.54% Test OOD2: 52.94% Test OOD3: 60.73% 
Epoch: 489, Loss: 2.7891, Cls: 0.9294, Ind: 0.0000, Med: 0.4650, Spu: 0.0000, FD: 0.9297, FDAug: 0.4650, Var: 0.0000, Ctx: 6, MixCtx: 3, Train: 87.08%, Valid: 68.90%, Test In: 69.53% Test OOD1: 61.11% Test OOD2: 52.75% Test OOD3: 60.24% 
Epoch: 490, Loss: 2.7725, Cls: 0.9242, Ind: 0.0000, Med: 0.4629, Spu: 0.0000, FD: 0.9236, FDAug: 0.4617, Var: 0.0000, Ctx: 6, MixCtx: 3, Train: 86.82%, Valid: 69.69%, Test In: 70.42% Test OOD1: 62.87% Test OOD2: 53.11% Test OOD3: 61.38% 
Epoch: 491, Loss: 2.7498, Cls: 0.9162, Ind: 0.0000, Med: 0.4584, Spu: 0.0000, FD: 0.9168, FDAug: 0.4584, Var: 0.0000, Ctx: 6, MixCtx: 3, Train: 87.43%, Valid: 69.59%, Test In: 69.76% Test OOD1: 62.07% Test OOD2: 52.75% Test OOD3: 60.92% 
Epoch: 492, Loss: 2.6965, Cls: 0.8986, Ind: 0.0000, Med: 0.4497, Spu: 0.0000, FD: 0.8988, FDAug: 0.4494, Var: 0.0000, Ctx: 6, MixCtx: 3, Train: 86.77%, Valid: 68.91%, Test In: 68.54% Test OOD1: 60.77% Test OOD2: 52.47% Test OOD3: 59.69% 
Epoch: 493, Loss: 2.7661, Cls: 0.9218, Ind: 0.0000, Med: 0.4613, Spu: 0.0000, FD: 0.9222, FDAug: 0.4608, Var: 0.0000, Ctx: 6, MixCtx: 3, Train: 87.04%, Valid: 69.71%, Test In: 69.78% Test OOD1: 62.75% Test OOD2: 52.90% Test OOD3: 61.24% 
Epoch: 494, Loss: 2.8093, Cls: 0.9360, Ind: 0.0000, Med: 0.4683, Spu: 0.0000, FD: 0.9365, FDAug: 0.4685, Var: 0.0000, Ctx: 6, MixCtx: 3, Train: 86.21%, Valid: 68.55%, Test In: 69.00% Test OOD1: 61.15% Test OOD2: 52.53% Test OOD3: 59.68% 
Epoch: 495, Loss: 2.9549, Cls: 0.9855, Ind: 0.0000, Med: 0.4937, Spu: 0.0000, FD: 0.9842, FDAug: 0.4914, Var: 0.0000, Ctx: 6, MixCtx: 3, Train: 86.55%, Valid: 69.00%, Test In: 69.55% Test OOD1: 61.50% Test OOD2: 52.78% Test OOD3: 60.97% 
Epoch: 496, Loss: 2.9331, Cls: 0.9770, Ind: 0.0000, Med: 0.4882, Spu: 0.0000, FD: 0.9783, FDAug: 0.4897, Var: 0.0000, Ctx: 6, MixCtx: 3, Train: 87.38%, Valid: 69.66%, Test In: 70.25% Test OOD1: 62.53% Test OOD2: 53.04% Test OOD3: 61.08% 
Epoch: 497, Loss: 2.7225, Cls: 0.9071, Ind: 0.0000, Med: 0.4536, Spu: 0.0000, FD: 0.9077, FDAug: 0.4541, Var: 0.0000, Ctx: 6, MixCtx: 3, Train: 86.63%, Valid: 69.36%, Test In: 69.76% Test OOD1: 61.86% Test OOD2: 52.98% Test OOD3: 60.06% 
Epoch: 498, Loss: 2.9226, Cls: 0.9744, Ind: 0.0000, Med: 0.4879, Spu: 0.0000, FD: 0.9740, FDAug: 0.4862, Var: 0.0000, Ctx: 6, MixCtx: 3, Train: 85.35%, Valid: 68.93%, Test In: 69.37% Test OOD1: 61.18% Test OOD2: 52.98% Test OOD3: 61.12% 
Epoch: 499, Loss: 3.1252, Cls: 1.0416, Ind: 0.0000, Med: 0.5218, Spu: 0.0000, FD: 1.0407, FDAug: 0.5210, Var: 0.0000, Ctx: 6, MixCtx: 3, Train: 86.50%, Valid: 69.00%, Test In: 69.68% Test OOD1: 61.72% Test OOD2: 52.55% Test OOD3: 60.77% 
Run 02:
Highest Train: 87.43
Highest Valid: 73.21
Highest In Test: 74.60
Highest OOD Test: 68.07
Highest OOD Test: 54.73
Highest OOD Test: 64.12
Chosen epoch: 204
Final Train: 78.16
Final In Test: 74.47
Final OOD Test: 65.98
Final OOD Test: 54.65
Final OOD Test: 63.11
All runs:
Highest Train: 86.58 ± 1.21
Highest Valid: 73.47 ± 0.37
Highest In Test: 74.89 ± 0.41
Highest OOD Test: 68.22 ± 0.21
Highest OOD Test: 54.75 ± 0.04
Highest OOD Test: 64.29 ± 0.25
  Final Train: 78.43 ± 0.39
   Final In  Test: 74.82 ± 0.49
   Final OOD Test: 66.68 ± 1.00
   Final OOD Test: 54.58 ± 0.10
   Final OOD Test: 63.64 ± 0.74
[INFO] TensorBoard writer closed.

Command: python main_frontdoor.py --dataset twitch --backbone_type gcn --store_result --epochs 500 --runs 2 --num_layers 2 --device 1 --seed 2024 --lr 0.01 --weight_decay 0.0001 --dropout 0.0 --hidden_channels 32 --K 3 --lambda_fd 1.0 --lambda_spu 0.05 --lambda_ind 0.05 --context_gate_temp 1.0 --fd_blend 0.5 --pos_weight 5.0 --result_name twitch_gcn_frontdoor_stage2_lr0.01_weight_decay0.0001_dropout0.0_hidden_channels32_K3_lambda_fd1.0_lambda_spu0.05_lambda_ind0.05_context_gate_temp1.0_fd_blend0.5_pos_weight5.0
Return code: 0
Elapsed: 168.83s
