Namespace(K=3, backbone_type='gcn', combine_result=False, context_gate_temp=0.5, cpu=False, data_dir='./data/', dataset='twitch', device=1, display_step=1, dropout=0.0, env_type='node', epochs=500, expert_agg='mean', fd_blend=0.3, gamma=0.99, gate_hidden=64, hidden_channels=32, infer_env=False, infer_env_components=64, infer_env_iters=30, infer_env_num=3, lambda_fd=1.0, lambda_fd_aug=0.5, lambda_ind=0.1, lambda_med=0.5, lambda_spu=0.05, lambda_var=0.05, lamda=1.0, lr=0.01, num_layers=2, other_env_reduce='sample', pos_weight=3.0, proto_aug_k=3, proto_mix_alpha=1.0, result_name='twitch_gcn_frontdoor_stage2_lr0.01_weight_decay0.0001_dropout0.0_hidden_channels32_K3_lambda_fd1.0_lambda_spu0.05_lambda_ind0.1_context_gate_temp0.5_fd_blend0.3_pos_weight3.0', runs=2, seed=2024, store_result=True, tau=1, use_bn=False, variant=False, weight_decay=0.0001)
dataset twitch: all nodes 34120 | edges 892346 | classes 2 | feats 128
train nodes 7897 | valid nodes 3949 | test in nodes 3949
test ood1 nodes 4648 test ood2 nodes 6551 test ood3 nodes 7126 
[INFO] env numbers: 6 train env numbers: 3
MODEL: GraphFrontDoor(
  (act_fn): ReLU()
  (input_proj): Linear(in_features=128, out_features=32, bias=True)
  (backbone_layers): ModuleList(
    (0): FrontDoorBackboneLayer()
    (1): FrontDoorBackboneLayer()
  )
  (causal_adapter): Linear(in_features=32, out_features=32, bias=True)
  (spurious_adapter): Linear(in_features=32, out_features=32, bias=True)
  (causal_norm): LayerNorm((32,), eps=1e-05, elementwise_affine=True)
  (spurious_norm): LayerNorm((32,), eps=1e-05, elementwise_affine=True)
  (classifier): Linear(in_features=32, out_features=2, bias=True)
  (spurious_classifier): Linear(in_features=32, out_features=2, bias=True)
  (fd_classifier): Linear(in_features=32, out_features=2, bias=True)
  (query_proj): Linear(in_features=32, out_features=32, bias=True)
  (key_proj): Linear(in_features=32, out_features=32, bias=True)
  (value_proj): Linear(in_features=32, out_features=32, bias=True)
  (aug_norm): LayerNorm((32,), eps=1e-05, elementwise_affine=True)
)
[INFO] TensorBoard logging activated. Logs will be saved to: ./runs/twitch/frontdoor/twitch_gcn_frontdoor_stage2_lr0.01_weight_decay0.0001_dropout0.0_hidden_channels32_K3_lambda_fd1.0_lambda_spu0.05_lambda_ind0.1_context_gate_temp0.5_fd_blend0.3_pos_weight3.0
Epoch: 00, Loss: 3.7825, Cls: 1.1984, Ind: 0.0013, Med: 0.5843, Spu: 0.0057, FD: 1.3292, FDAug: 0.6637, Var: 0.0000, Ctx: 6, MixCtx: 3, Train: 42.82%, Valid: 42.90%, Test In: 43.97% Test OOD1: 39.17% Test OOD2: 48.79% Test OOD3: 42.98% 
Epoch: 01, Loss: 3.4757, Cls: 1.1470, Ind: 0.0007, Med: 0.5704, Spu: 0.0015, FD: 1.1727, FDAug: 0.5835, Var: 0.0000, Ctx: 6, MixCtx: 3, Train: 42.97%, Valid: 42.77%, Test In: 43.98% Test OOD1: 39.07% Test OOD2: 48.83% Test OOD3: 42.94% 
Epoch: 02, Loss: 3.5018, Cls: 1.1510, Ind: 0.0001, Med: 0.5708, Spu: 0.0017, FD: 1.1874, FDAug: 0.5909, Var: 0.0000, Ctx: 6, MixCtx: 3, Train: 43.59%, Valid: 43.29%, Test In: 44.44% Test OOD1: 39.30% Test OOD2: 48.91% Test OOD3: 43.14% 
Epoch: 03, Loss: 3.4402, Cls: 1.1363, Ind: 0.0001, Med: 0.5663, Spu: 0.0001, FD: 1.1589, FDAug: 0.5785, Var: 0.0000, Ctx: 6, MixCtx: 3, Train: 44.46%, Valid: 44.15%, Test In: 45.32% Test OOD1: 39.56% Test OOD2: 48.89% Test OOD3: 43.43% 
Epoch: 04, Loss: 3.3892, Cls: 1.1253, Ind: 0.0002, Med: 0.5631, Spu: 0.0005, FD: 1.1334, FDAug: 0.5666, Var: 0.0000, Ctx: 6, MixCtx: 3, Train: 46.22%, Valid: 46.07%, Test In: 47.31% Test OOD1: 40.47% Test OOD2: 48.96% Test OOD3: 44.47% 
Epoch: 05, Loss: 3.3744, Cls: 1.1234, Ind: 0.0002, Med: 0.5627, Spu: 0.0006, FD: 1.1251, FDAug: 0.5623, Var: 0.0000, Ctx: 6, MixCtx: 3, Train: 49.95%, Valid: 50.98%, Test In: 51.22% Test OOD1: 46.08% Test OOD2: 49.60% Test OOD3: 48.32% 
Epoch: 06, Loss: 3.3780, Cls: 1.1261, Ind: 0.0002, Med: 0.5638, Spu: 0.0001, FD: 1.1255, FDAug: 0.5624, Var: 0.0000, Ctx: 6, MixCtx: 3, Train: 57.18%, Valid: 58.74%, Test In: 56.75% Test OOD1: 58.60% Test OOD2: 50.89% Test OOD3: 54.79% 
Epoch: 07, Loss: 3.3840, Cls: 1.1275, Ind: 0.0002, Med: 0.5637, Spu: 0.0001, FD: 1.1287, FDAug: 0.5640, Var: 0.0000, Ctx: 6, MixCtx: 3, Train: 58.53%, Valid: 59.80%, Test In: 57.87% Test OOD1: 60.72% Test OOD2: 51.12% Test OOD3: 56.35% 
Epoch: 08, Loss: 3.3850, Cls: 1.1260, Ind: 0.0001, Med: 0.5623, Spu: 0.0003, FD: 1.1310, FDAug: 0.5653, Var: 0.0000, Ctx: 6, MixCtx: 3, Train: 58.49%, Valid: 59.47%, Test In: 57.72% Test OOD1: 60.98% Test OOD2: 51.26% Test OOD3: 56.63% 
Epoch: 09, Loss: 3.3813, Cls: 1.1233, Ind: 0.0001, Med: 0.5611, Spu: 0.0002, FD: 1.1311, FDAug: 0.5654, Var: 0.0000, Ctx: 6, MixCtx: 3, Train: 58.47%, Valid: 59.18%, Test In: 57.60% Test OOD1: 61.10% Test OOD2: 51.16% Test OOD3: 56.92% 
Epoch: 10, Loss: 3.3755, Cls: 1.1212, Ind: 0.0001, Med: 0.5606, Spu: 0.0000, FD: 1.1290, FDAug: 0.5645, Var: 0.0000, Ctx: 6, MixCtx: 3, Train: 58.62%, Valid: 59.17%, Test In: 57.68% Test OOD1: 61.30% Test OOD2: 51.15% Test OOD3: 57.16% 
Epoch: 11, Loss: 3.3704, Cls: 1.1205, Ind: 0.0002, Med: 0.5609, Spu: 0.0000, FD: 1.1258, FDAug: 0.5630, Var: 0.0000, Ctx: 6, MixCtx: 3, Train: 58.73%, Valid: 59.13%, Test In: 57.78% Test OOD1: 61.40% Test OOD2: 51.16% Test OOD3: 57.31% 
Epoch: 12, Loss: 3.3664, Cls: 1.1205, Ind: 0.0003, Med: 0.5611, Spu: 0.0002, FD: 1.1228, FDAug: 0.5615, Var: 0.0000, Ctx: 6, MixCtx: 3, Train: 58.83%, Valid: 59.12%, Test In: 57.86% Test OOD1: 61.45% Test OOD2: 51.16% Test OOD3: 57.44% 
Epoch: 13, Loss: 3.3631, Cls: 1.1203, Ind: 0.0005, Med: 0.5606, Spu: 0.0002, FD: 1.1209, FDAug: 0.5606, Var: 0.0000, Ctx: 6, MixCtx: 3, Train: 58.97%, Valid: 59.15%, Test In: 58.00% Test OOD1: 61.52% Test OOD2: 51.16% Test OOD3: 57.55% 
Epoch: 14, Loss: 3.3605, Cls: 1.1194, Ind: 0.0007, Med: 0.5597, Spu: 0.0001, FD: 1.1204, FDAug: 0.5603, Var: 0.0000, Ctx: 6, MixCtx: 3, Train: 59.14%, Valid: 59.18%, Test In: 58.13% Test OOD1: 61.62% Test OOD2: 51.16% Test OOD3: 57.70% 
Epoch: 15, Loss: 3.3590, Cls: 1.1183, Ind: 0.0007, Med: 0.5590, Spu: 0.0000, FD: 1.1206, FDAug: 0.5604, Var: 0.0000, Ctx: 6, MixCtx: 3, Train: 59.24%, Valid: 59.20%, Test In: 58.22% Test OOD1: 61.67% Test OOD2: 51.17% Test OOD3: 57.80% 
Epoch: 16, Loss: 3.3582, Cls: 1.1174, Ind: 0.0005, Med: 0.5588, Spu: 0.0001, FD: 1.1210, FDAug: 0.5605, Var: 0.0000, Ctx: 6, MixCtx: 3, Train: 59.36%, Valid: 59.24%, Test In: 58.32% Test OOD1: 61.74% Test OOD2: 51.18% Test OOD3: 57.90% 
Epoch: 17, Loss: 3.3564, Cls: 1.1166, Ind: 0.0002, Med: 0.5585, Spu: 0.0001, FD: 1.1207, FDAug: 0.5603, Var: 0.0000, Ctx: 6, MixCtx: 3, Train: 59.52%, Valid: 59.31%, Test In: 58.46% Test OOD1: 61.81% Test OOD2: 51.20% Test OOD3: 57.99% 
Epoch: 18, Loss: 3.3528, Cls: 1.1156, Ind: 0.0001, Med: 0.5579, Spu: 0.0001, FD: 1.1195, FDAug: 0.5597, Var: 0.0000, Ctx: 6, MixCtx: 3, Train: 59.70%, Valid: 59.42%, Test In: 58.63% Test OOD1: 61.88% Test OOD2: 51.21% Test OOD3: 58.10% 
Epoch: 19, Loss: 3.3481, Cls: 1.1143, Ind: 0.0003, Med: 0.5571, Spu: 0.0000, FD: 1.1176, FDAug: 0.5587, Var: 0.0000, Ctx: 6, MixCtx: 3, Train: 59.92%, Valid: 59.54%, Test In: 58.81% Test OOD1: 61.96% Test OOD2: 51.24% Test OOD3: 58.22% 
Epoch: 20, Loss: 3.3433, Cls: 1.1128, Ind: 0.0007, Med: 0.5562, Spu: 0.0000, FD: 1.1157, FDAug: 0.5578, Var: 0.0000, Ctx: 6, MixCtx: 3, Train: 60.17%, Valid: 59.69%, Test In: 59.04% Test OOD1: 62.06% Test OOD2: 51.27% Test OOD3: 58.35% 
Epoch: 21, Loss: 3.3388, Cls: 1.1111, Ind: 0.0010, Med: 0.5552, Spu: 0.0001, FD: 1.1143, FDAug: 0.5572, Var: 0.0000, Ctx: 6, MixCtx: 3, Train: 60.44%, Valid: 59.85%, Test In: 59.29% Test OOD1: 62.16% Test OOD2: 51.31% Test OOD3: 58.50% 
Epoch: 22, Loss: 3.3338, Cls: 1.1088, Ind: 0.0010, Med: 0.5540, Spu: 0.0001, FD: 1.1133, FDAug: 0.5567, Var: 0.0000, Ctx: 6, MixCtx: 3, Train: 60.75%, Valid: 60.04%, Test In: 59.56% Test OOD1: 62.28% Test OOD2: 51.35% Test OOD3: 58.66% 
Epoch: 23, Loss: 3.3273, Cls: 1.1060, Ind: 0.0008, Med: 0.5524, Spu: 0.0000, FD: 1.1120, FDAug: 0.5561, Var: 0.0000, Ctx: 6, MixCtx: 3, Train: 61.14%, Valid: 60.30%, Test In: 59.93% Test OOD1: 62.43% Test OOD2: 51.39% Test OOD3: 58.87% 
Epoch: 24, Loss: 3.3188, Cls: 1.1026, Ind: 0.0005, Med: 0.5506, Spu: 0.0000, FD: 1.1101, FDAug: 0.5551, Var: 0.0000, Ctx: 6, MixCtx: 3, Train: 61.65%, Valid: 60.65%, Test In: 60.41% Test OOD1: 62.64% Test OOD2: 51.46% Test OOD3: 59.12% 
Epoch: 25, Loss: 3.3084, Cls: 1.0987, Ind: 0.0002, Med: 0.5484, Spu: 0.0000, FD: 1.1073, FDAug: 0.5537, Var: 0.0000, Ctx: 6, MixCtx: 3, Train: 62.24%, Valid: 61.07%, Test In: 60.97% Test OOD1: 62.88% Test OOD2: 51.55% Test OOD3: 59.42% 
Epoch: 26, Loss: 3.2958, Cls: 1.0943, Ind: 0.0001, Med: 0.5463, Spu: 0.0000, FD: 1.1034, FDAug: 0.5517, Var: 0.0000, Ctx: 6, MixCtx: 3, Train: 62.97%, Valid: 61.56%, Test In: 61.64% Test OOD1: 63.16% Test OOD2: 51.64% Test OOD3: 59.78% 
Epoch: 27, Loss: 3.2804, Cls: 1.0889, Ind: 0.0001, Med: 0.5437, Spu: 0.0000, FD: 1.0984, FDAug: 0.5492, Var: 0.0000, Ctx: 6, MixCtx: 3, Train: 63.88%, Valid: 62.19%, Test In: 62.50% Test OOD1: 63.50% Test OOD2: 51.78% Test OOD3: 60.21% 
Epoch: 28, Loss: 3.2614, Cls: 1.0821, Ind: 0.0002, Med: 0.5403, Spu: 0.0000, FD: 1.0924, FDAug: 0.5463, Var: 0.0000, Ctx: 6, MixCtx: 3, Train: 64.83%, Valid: 62.86%, Test In: 63.40% Test OOD1: 63.87% Test OOD2: 51.92% Test OOD3: 60.64% 
Epoch: 29, Loss: 3.2382, Cls: 1.0742, Ind: 0.0002, Med: 0.5364, Spu: 0.0000, FD: 1.0849, FDAug: 0.5425, Var: 0.0000, Ctx: 6, MixCtx: 3, Train: 66.10%, Valid: 63.73%, Test In: 64.62% Test OOD1: 64.36% Test OOD2: 52.12% Test OOD3: 61.18% 
Epoch: 30, Loss: 3.2131, Cls: 1.0659, Ind: 0.0003, Med: 0.5325, Spu: 0.0000, FD: 1.0762, FDAug: 0.5382, Var: 0.0000, Ctx: 6, MixCtx: 3, Train: 66.78%, Valid: 64.28%, Test In: 65.28% Test OOD1: 64.64% Test OOD2: 52.19% Test OOD3: 61.46% 
Epoch: 31, Loss: 3.1999, Cls: 1.0629, Ind: 0.0002, Med: 0.5318, Spu: 0.0000, FD: 1.0700, FDAug: 0.5349, Var: 0.0000, Ctx: 6, MixCtx: 3, Train: 68.05%, Valid: 65.16%, Test In: 66.49% Test OOD1: 65.01% Test OOD2: 52.41% Test OOD3: 61.88% 
Epoch: 32, Loss: 3.1845, Cls: 1.0588, Ind: 0.0002, Med: 0.5304, Spu: 0.0000, FD: 1.0632, FDAug: 0.5318, Var: 0.0000, Ctx: 6, MixCtx: 3, Train: 68.43%, Valid: 65.47%, Test In: 66.87% Test OOD1: 65.23% Test OOD2: 52.41% Test OOD3: 62.03% 
Epoch: 33, Loss: 3.1435, Cls: 1.0448, Ind: 0.0001, Med: 0.5228, Spu: 0.0000, FD: 1.0504, FDAug: 0.5252, Var: 0.0000, Ctx: 6, MixCtx: 3, Train: 69.18%, Valid: 66.02%, Test In: 67.61% Test OOD1: 65.50% Test OOD2: 52.50% Test OOD3: 62.26% 
Epoch: 34, Loss: 3.1228, Cls: 1.0387, Ind: 0.0001, Med: 0.5199, Spu: 0.0000, FD: 1.0427, FDAug: 0.5214, Var: 0.0000, Ctx: 6, MixCtx: 3, Train: 70.20%, Valid: 66.76%, Test In: 68.64% Test OOD1: 65.68% Test OOD2: 52.69% Test OOD3: 62.51% 
Epoch: 35, Loss: 3.1252, Cls: 1.0406, Ind: 0.0001, Med: 0.5211, Spu: 0.0000, FD: 1.0421, FDAug: 0.5213, Var: 0.0000, Ctx: 6, MixCtx: 3, Train: 70.45%, Valid: 66.99%, Test In: 68.87% Test OOD1: 65.91% Test OOD2: 52.67% Test OOD3: 62.62% 
Epoch: 36, Loss: 3.0971, Cls: 1.0320, Ind: 0.0001, Med: 0.5168, Spu: 0.0000, FD: 1.0322, FDAug: 0.5160, Var: 0.0000, Ctx: 6, MixCtx: 3, Train: 71.12%, Valid: 67.49%, Test In: 69.56% Test OOD1: 65.98% Test OOD2: 52.83% Test OOD3: 62.76% 
Epoch: 37, Loss: 3.0478, Cls: 1.0140, Ind: 0.0001, Med: 0.5067, Spu: 0.0000, FD: 1.0179, FDAug: 0.5090, Var: 0.0000, Ctx: 6, MixCtx: 3, Train: 71.70%, Valid: 67.94%, Test In: 70.15% Test OOD1: 65.97% Test OOD2: 53.00% Test OOD3: 62.85% 
Epoch: 38, Loss: 3.0504, Cls: 1.0147, Ind: 0.0001, Med: 0.5068, Spu: 0.0000, FD: 1.0191, FDAug: 0.5097, Var: 0.0000, Ctx: 6, MixCtx: 3, Train: 71.80%, Valid: 68.02%, Test In: 70.22% Test OOD1: 66.14% Test OOD2: 52.95% Test OOD3: 62.91% 
Epoch: 39, Loss: 3.0616, Cls: 1.0224, Ind: 0.0002, Med: 0.5126, Spu: 0.0000, FD: 1.0177, FDAug: 0.5087, Var: 0.0000, Ctx: 6, MixCtx: 3, Train: 72.33%, Valid: 68.37%, Test In: 70.82% Test OOD1: 65.82% Test OOD2: 53.20% Test OOD3: 62.92% 
Epoch: 40, Loss: 3.0192, Cls: 1.0044, Ind: 0.0002, Med: 0.5015, Spu: 0.0000, FD: 1.0087, FDAug: 0.5045, Var: 0.0000, Ctx: 6, MixCtx: 3, Train: 72.51%, Valid: 68.49%, Test In: 71.02% Test OOD1: 65.75% Test OOD2: 53.25% Test OOD3: 62.93% 
Epoch: 41, Loss: 2.9956, Cls: 0.9973, Ind: 0.0002, Med: 0.4984, Spu: 0.0000, FD: 0.9997, FDAug: 0.4999, Var: 0.0000, Ctx: 6, MixCtx: 3, Train: 72.57%, Valid: 68.59%, Test In: 71.05% Test OOD1: 65.92% Test OOD2: 53.17% Test OOD3: 63.00% 
Epoch: 42, Loss: 3.0327, Cls: 1.0133, Ind: 0.0002, Med: 0.5082, Spu: 0.0000, FD: 1.0075, FDAug: 0.5036, Var: 0.0000, Ctx: 6, MixCtx: 3, Train: 72.75%, Valid: 68.62%, Test In: 71.39% Test OOD1: 65.12% Test OOD2: 53.41% Test OOD3: 62.84% 
Epoch: 43, Loss: 3.0145, Cls: 1.0034, Ind: 0.0002, Med: 0.5013, Spu: 0.0000, FD: 1.0063, FDAug: 0.5033, Var: 0.0000, Ctx: 6, MixCtx: 3, Train: 72.86%, Valid: 68.72%, Test In: 71.48% Test OOD1: 65.15% Test OOD2: 53.41% Test OOD3: 62.87% 
Epoch: 44, Loss: 2.9827, Cls: 0.9940, Ind: 0.0002, Med: 0.4971, Spu: 0.0000, FD: 0.9943, FDAug: 0.4972, Var: 0.0000, Ctx: 6, MixCtx: 3, Train: 72.97%, Valid: 68.93%, Test In: 71.51% Test OOD1: 65.65% Test OOD2: 53.30% Test OOD3: 63.00% 
Epoch: 45, Loss: 3.0329, Cls: 1.0118, Ind: 0.0002, Med: 0.5065, Spu: 0.0000, FD: 1.0098, FDAug: 0.5047, Var: 0.0000, Ctx: 6, MixCtx: 3, Train: 72.96%, Valid: 68.79%, Test In: 71.67% Test OOD1: 64.66% Test OOD2: 53.47% Test OOD3: 62.80% 
Epoch: 46, Loss: 2.9921, Cls: 0.9975, Ind: 0.0002, Med: 0.4990, Spu: 0.0000, FD: 0.9970, FDAug: 0.4986, Var: 0.0000, Ctx: 6, MixCtx: 3, Train: 73.02%, Valid: 68.85%, Test In: 71.75% Test OOD1: 64.54% Test OOD2: 53.49% Test OOD3: 62.79% 
Epoch: 47, Loss: 2.9925, Cls: 0.9979, Ind: 0.0002, Med: 0.4994, Spu: 0.0000, FD: 0.9967, FDAug: 0.4984, Var: 0.0000, Ctx: 6, MixCtx: 3, Train: 73.24%, Valid: 69.19%, Test In: 71.86% Test OOD1: 65.43% Test OOD2: 53.38% Test OOD3: 63.01% 
Epoch: 48, Loss: 3.0007, Cls: 0.9989, Ind: 0.0001, Med: 0.4991, Spu: 0.0000, FD: 1.0018, FDAug: 0.5007, Var: 0.0000, Ctx: 6, MixCtx: 3, Train: 73.29%, Valid: 69.21%, Test In: 71.98% Test OOD1: 65.10% Test OOD2: 53.46% Test OOD3: 62.96% 
Epoch: 49, Loss: 2.9643, Cls: 0.9878, Ind: 0.0001, Med: 0.4940, Spu: 0.0000, FD: 0.9883, FDAug: 0.4941, Var: 0.0000, Ctx: 6, MixCtx: 3, Train: 73.26%, Valid: 69.15%, Test In: 72.03% Test OOD1: 64.57% Test OOD2: 53.52% Test OOD3: 62.85% 
Epoch: 50, Loss: 2.9893, Cls: 0.9976, Ind: 0.0002, Med: 0.4997, Spu: 0.0000, FD: 0.9945, FDAug: 0.4974, Var: 0.0000, Ctx: 6, MixCtx: 3, Train: 73.48%, Valid: 69.47%, Test In: 72.16% Test OOD1: 65.29% Test OOD2: 53.47% Test OOD3: 63.05% 
Epoch: 51, Loss: 2.9558, Cls: 0.9848, Ind: 0.0001, Med: 0.4925, Spu: 0.0000, FD: 0.9856, FDAug: 0.4928, Var: 0.0000, Ctx: 6, MixCtx: 3, Train: 73.58%, Valid: 69.65%, Test In: 72.18% Test OOD1: 65.74% Test OOD2: 53.40% Test OOD3: 63.17% 
Epoch: 52, Loss: 2.9745, Cls: 0.9898, Ind: 0.0001, Med: 0.4944, Spu: 0.0000, FD: 0.9936, FDAug: 0.4966, Var: 0.0000, Ctx: 6, MixCtx: 3, Train: 73.62%, Valid: 69.63%, Test In: 72.34% Test OOD1: 65.13% Test OOD2: 53.52% Test OOD3: 63.06% 
Epoch: 53, Loss: 2.9618, Cls: 0.9880, Ind: 0.0001, Med: 0.4946, Spu: 0.0000, FD: 0.9860, FDAug: 0.4931, Var: 0.0000, Ctx: 6, MixCtx: 3, Train: 73.74%, Valid: 69.79%, Test In: 72.42% Test OOD1: 65.40% Test OOD2: 53.50% Test OOD3: 63.15% 
Epoch: 54, Loss: 2.9491, Cls: 0.9835, Ind: 0.0001, Med: 0.4921, Spu: 0.0000, FD: 0.9822, FDAug: 0.4912, Var: 0.0000, Ctx: 6, MixCtx: 3, Train: 73.81%, Valid: 69.97%, Test In: 72.35% Test OOD1: 66.14% Test OOD2: 53.36% Test OOD3: 63.32% 
Epoch: 55, Loss: 2.9642, Cls: 0.9873, Ind: 0.0001, Med: 0.4934, Spu: 0.0000, FD: 0.9891, FDAug: 0.4943, Var: 0.0000, Ctx: 6, MixCtx: 3, Train: 73.94%, Valid: 70.05%, Test In: 72.56% Test OOD1: 65.80% Test OOD2: 53.45% Test OOD3: 63.28% 
Epoch: 56, Loss: 2.9353, Cls: 0.9786, Ind: 0.0001, Med: 0.4895, Spu: 0.0000, FD: 0.9781, FDAug: 0.4891, Var: 0.0000, Ctx: 6, MixCtx: 3, Train: 74.01%, Valid: 70.13%, Test In: 72.67% Test OOD1: 65.67% Test OOD2: 53.49% Test OOD3: 63.26% 
Epoch: 57, Loss: 2.9460, Cls: 0.9820, Ind: 0.0001, Med: 0.4911, Spu: 0.0000, FD: 0.9818, FDAug: 0.4910, Var: 0.0000, Ctx: 6, MixCtx: 3, Train: 74.06%, Valid: 70.28%, Test In: 72.59% Test OOD1: 66.33% Test OOD2: 53.36% Test OOD3: 63.41% 
Epoch: 58, Loss: 2.9353, Cls: 0.9788, Ind: 0.0001, Med: 0.4896, Spu: 0.0000, FD: 0.9780, FDAug: 0.4889, Var: 0.0000, Ctx: 6, MixCtx: 3, Train: 74.14%, Valid: 70.39%, Test In: 72.69% Test OOD1: 66.37% Test OOD2: 53.38% Test OOD3: 63.44% 
Epoch: 59, Loss: 2.9271, Cls: 0.9761, Ind: 0.0001, Med: 0.4883, Spu: 0.0000, FD: 0.9752, FDAug: 0.4875, Var: 0.0000, Ctx: 6, MixCtx: 3, Train: 74.27%, Valid: 70.49%, Test In: 72.91% Test OOD1: 66.02% Test OOD2: 53.46% Test OOD3: 63.39% 
Epoch: 60, Loss: 2.9343, Cls: 0.9778, Ind: 0.0001, Med: 0.4888, Spu: 0.0000, FD: 0.9783, FDAug: 0.4893, Var: 0.0000, Ctx: 6, MixCtx: 3, Train: 74.32%, Valid: 70.59%, Test In: 72.87% Test OOD1: 66.47% Test OOD2: 53.38% Test OOD3: 63.49% 
Epoch: 61, Loss: 2.9173, Cls: 0.9727, Ind: 0.0000, Med: 0.4865, Spu: 0.0000, FD: 0.9720, FDAug: 0.4860, Var: 0.0000, Ctx: 6, MixCtx: 3, Train: 74.33%, Valid: 70.67%, Test In: 72.84% Test OOD1: 66.72% Test OOD2: 53.32% Test OOD3: 63.56% 
Epoch: 62, Loss: 2.9238, Cls: 0.9751, Ind: 0.0000, Med: 0.4878, Spu: 0.0000, FD: 0.9740, FDAug: 0.4869, Var: 0.0000, Ctx: 6, MixCtx: 3, Train: 74.51%, Valid: 70.81%, Test In: 73.13% Test OOD1: 66.33% Test OOD2: 53.42% Test OOD3: 63.48% 
Epoch: 63, Loss: 2.9196, Cls: 0.9731, Ind: 0.0000, Med: 0.4866, Spu: 0.0000, FD: 0.9731, FDAug: 0.4867, Var: 0.0000, Ctx: 6, MixCtx: 3, Train: 74.56%, Valid: 70.90%, Test In: 73.14% Test OOD1: 66.59% Test OOD2: 53.37% Test OOD3: 63.54% 
Epoch: 64, Loss: 2.9076, Cls: 0.9693, Ind: 0.0000, Med: 0.4848, Spu: 0.0000, FD: 0.9689, FDAug: 0.4845, Var: 0.0000, Ctx: 6, MixCtx: 3, Train: 74.55%, Valid: 70.95%, Test In: 73.07% Test OOD1: 66.91% Test OOD2: 53.29% Test OOD3: 63.63% 
Epoch: 65, Loss: 2.9158, Cls: 0.9722, Ind: 0.0000, Med: 0.4863, Spu: 0.0000, FD: 0.9716, FDAug: 0.4856, Var: 0.0000, Ctx: 6, MixCtx: 3, Train: 74.74%, Valid: 71.11%, Test In: 73.38% Test OOD1: 66.47% Test OOD2: 53.41% Test OOD3: 63.52% 
Epoch: 66, Loss: 2.9092, Cls: 0.9699, Ind: 0.0000, Med: 0.4851, Spu: 0.0000, FD: 0.9694, FDAug: 0.4849, Var: 0.0000, Ctx: 6, MixCtx: 3, Train: 74.79%, Valid: 71.19%, Test In: 73.38% Test OOD1: 66.71% Test OOD2: 53.36% Test OOD3: 63.58% 
Epoch: 67, Loss: 2.8979, Cls: 0.9661, Ind: 0.0000, Med: 0.4832, Spu: 0.0000, FD: 0.9657, FDAug: 0.4829, Var: 0.0000, Ctx: 6, MixCtx: 3, Train: 74.80%, Valid: 71.25%, Test In: 73.34% Test OOD1: 66.99% Test OOD2: 53.29% Test OOD3: 63.66% 
Epoch: 68, Loss: 2.9044, Cls: 0.9683, Ind: 0.0000, Med: 0.4842, Spu: 0.0000, FD: 0.9680, FDAug: 0.4838, Var: 0.0000, Ctx: 6, MixCtx: 3, Train: 74.98%, Valid: 71.40%, Test In: 73.65% Test OOD1: 66.44% Test OOD2: 53.42% Test OOD3: 63.51% 
Epoch: 69, Loss: 2.9025, Cls: 0.9676, Ind: 0.0000, Med: 0.4839, Spu: 0.0000, FD: 0.9672, FDAug: 0.4838, Var: 0.0000, Ctx: 6, MixCtx: 3, Train: 75.01%, Valid: 71.47%, Test In: 73.62% Test OOD1: 66.83% Test OOD2: 53.33% Test OOD3: 63.62% 
Epoch: 70, Loss: 2.8895, Cls: 0.9633, Ind: 0.0000, Med: 0.4817, Spu: 0.0000, FD: 0.9630, FDAug: 0.4815, Var: 0.0000, Ctx: 6, MixCtx: 3, Train: 75.06%, Valid: 71.56%, Test In: 73.67% Test OOD1: 66.92% Test OOD2: 53.31% Test OOD3: 63.64% 
Epoch: 71, Loss: 2.8895, Cls: 0.9633, Ind: 0.0000, Med: 0.4817, Spu: 0.0000, FD: 0.9630, FDAug: 0.4814, Var: 0.0000, Ctx: 6, MixCtx: 3, Train: 75.19%, Valid: 71.66%, Test In: 73.90% Test OOD1: 66.36% Test OOD2: 53.44% Test OOD3: 63.48% 
Epoch: 72, Loss: 2.8949, Cls: 0.9649, Ind: 0.0000, Med: 0.4825, Spu: 0.0000, FD: 0.9648, FDAug: 0.4826, Var: 0.0000, Ctx: 6, MixCtx: 3, Train: 75.19%, Valid: 71.74%, Test In: 73.79% Test OOD1: 67.02% Test OOD2: 53.28% Test OOD3: 63.66% 
Epoch: 73, Loss: 2.8900, Cls: 0.9635, Ind: 0.0000, Med: 0.4818, Spu: 0.0000, FD: 0.9632, FDAug: 0.4814, Var: 0.0000, Ctx: 6, MixCtx: 3, Train: 75.32%, Valid: 71.85%, Test In: 74.00% Test OOD1: 66.53% Test OOD2: 53.39% Test OOD3: 63.52% 
Epoch: 74, Loss: 2.8804, Cls: 0.9601, Ind: 0.0000, Med: 0.4801, Spu: 0.0000, FD: 0.9601, FDAug: 0.4802, Var: 0.0000, Ctx: 6, MixCtx: 3, Train: 75.37%, Valid: 71.95%, Test In: 74.03% Test OOD1: 66.72% Test OOD2: 53.35% Test OOD3: 63.57% 
Epoch: 75, Loss: 2.8748, Cls: 0.9583, Ind: 0.0000, Med: 0.4792, Spu: 0.0000, FD: 0.9582, FDAug: 0.4791, Var: 0.0000, Ctx: 6, MixCtx: 3, Train: 75.42%, Valid: 72.03%, Test In: 74.04% Test OOD1: 66.91% Test OOD2: 53.31% Test OOD3: 63.62% 
Epoch: 76, Loss: 2.8750, Cls: 0.9584, Ind: 0.0000, Med: 0.4793, Spu: 0.0000, FD: 0.9582, FDAug: 0.4790, Var: 0.0000, Ctx: 6, MixCtx: 3, Train: 75.50%, Valid: 72.10%, Test In: 74.20% Test OOD1: 66.35% Test OOD2: 53.41% Test OOD3: 63.44% 
Epoch: 77, Loss: 2.8804, Cls: 0.9600, Ind: 0.0000, Med: 0.4800, Spu: 0.0000, FD: 0.9601, FDAug: 0.4803, Var: 0.0000, Ctx: 6, MixCtx: 3, Train: 75.49%, Valid: 72.17%, Test In: 74.05% Test OOD1: 67.22% Test OOD2: 53.21% Test OOD3: 63.71% 
Epoch: 78, Loss: 2.8915, Cls: 0.9641, Ind: 0.0000, Med: 0.4822, Spu: 0.0000, FD: 0.9637, FDAug: 0.4815, Var: 0.0000, Ctx: 6, MixCtx: 3, Train: 75.56%, Valid: 72.18%, Test In: 74.30% Test OOD1: 65.81% Test OOD2: 53.48% Test OOD3: 63.31% 
Epoch: 79, Loss: 2.9156, Cls: 0.9716, Ind: 0.0000, Med: 0.4857, Spu: 0.0000, FD: 0.9719, FDAug: 0.4863, Var: 0.0000, Ctx: 6, MixCtx: 3, Train: 75.53%, Valid: 72.27%, Test In: 74.03% Test OOD1: 67.45% Test OOD2: 53.15% Test OOD3: 63.78% 
Epoch: 80, Loss: 2.9258, Cls: 0.9758, Ind: 0.0000, Med: 0.4881, Spu: 0.0000, FD: 0.9750, FDAug: 0.4869, Var: 0.0000, Ctx: 6, MixCtx: 3, Train: 75.65%, Valid: 72.34%, Test In: 74.37% Test OOD1: 65.85% Test OOD2: 53.48% Test OOD3: 63.31% 
Epoch: 81, Loss: 2.9106, Cls: 0.9697, Ind: 0.0000, Med: 0.4847, Spu: 0.0000, FD: 0.9704, FDAug: 0.4856, Var: 0.0000, Ctx: 6, MixCtx: 3, Train: 75.75%, Valid: 72.50%, Test In: 74.30% Test OOD1: 67.00% Test OOD2: 53.30% Test OOD3: 63.63% 
Epoch: 82, Loss: 2.8663, Cls: 0.9556, Ind: 0.0000, Med: 0.4779, Spu: 0.0000, FD: 0.9552, FDAug: 0.4776, Var: 0.0000, Ctx: 6, MixCtx: 3, Train: 75.75%, Valid: 72.52%, Test In: 74.26% Test OOD1: 67.25% Test OOD2: 53.23% Test OOD3: 63.70% 
Epoch: 83, Loss: 2.8784, Cls: 0.9597, Ind: 0.0000, Med: 0.4800, Spu: 0.0000, FD: 0.9592, FDAug: 0.4794, Var: 0.0000, Ctx: 6, MixCtx: 3, Train: 75.79%, Valid: 72.53%, Test In: 74.44% Test OOD1: 66.06% Test OOD2: 53.47% Test OOD3: 63.37% 
Epoch: 84, Loss: 2.9064, Cls: 0.9686, Ind: 0.0000, Med: 0.4843, Spu: 0.0000, FD: 0.9687, FDAug: 0.4848, Var: 0.0000, Ctx: 6, MixCtx: 3, Train: 75.79%, Valid: 72.59%, Test In: 74.26% Test OOD1: 67.36% Test OOD2: 53.20% Test OOD3: 63.74% 
Epoch: 85, Loss: 2.8744, Cls: 0.9582, Ind: 0.0000, Med: 0.4791, Spu: 0.0000, FD: 0.9582, FDAug: 0.4789, Var: 0.0000, Ctx: 6, MixCtx: 3, Train: 75.86%, Valid: 72.67%, Test In: 74.35% Test OOD1: 67.19% Test OOD2: 53.26% Test OOD3: 63.69% 
Epoch: 86, Loss: 2.8575, Cls: 0.9525, Ind: 0.0000, Med: 0.4763, Spu: 0.0000, FD: 0.9524, FDAug: 0.4762, Var: 0.0000, Ctx: 6, MixCtx: 3, Train: 75.92%, Valid: 72.70%, Test In: 74.46% Test OOD1: 66.65% Test OOD2: 53.38% Test OOD3: 63.55% 
Epoch: 87, Loss: 2.8789, Cls: 0.9599, Ind: 0.0000, Med: 0.4802, Spu: 0.0000, FD: 0.9590, FDAug: 0.4798, Var: 0.0000, Ctx: 6, MixCtx: 3, Train: 75.81%, Valid: 72.64%, Test In: 74.20% Test OOD1: 67.59% Test OOD2: 53.13% Test OOD3: 63.81% 
Epoch: 88, Loss: 2.8847, Cls: 0.9613, Ind: 0.0000, Med: 0.4805, Spu: 0.0000, FD: 0.9622, FDAug: 0.4806, Var: 0.0000, Ctx: 6, MixCtx: 3, Train: 75.97%, Valid: 72.78%, Test In: 74.46% Test OOD1: 66.89% Test OOD2: 53.34% Test OOD3: 63.61% 
Epoch: 89, Loss: 2.8659, Cls: 0.9555, Ind: 0.0000, Med: 0.4780, Spu: 0.0000, FD: 0.9548, FDAug: 0.4776, Var: 0.0000, Ctx: 6, MixCtx: 3, Train: 75.98%, Valid: 72.80%, Test In: 74.42% Test OOD1: 67.21% Test OOD2: 53.26% Test OOD3: 63.70% 
Epoch: 90, Loss: 2.8517, Cls: 0.9506, Ind: 0.0000, Med: 0.4754, Spu: 0.0000, FD: 0.9504, FDAug: 0.4752, Var: 0.0000, Ctx: 6, MixCtx: 3, Train: 75.96%, Valid: 72.79%, Test In: 74.35% Test OOD1: 67.49% Test OOD2: 53.18% Test OOD3: 63.79% 
Epoch: 91, Loss: 2.8641, Cls: 0.9547, Ind: 0.0000, Med: 0.4774, Spu: 0.0000, FD: 0.9548, FDAug: 0.4771, Var: 0.0000, Ctx: 6, MixCtx: 3, Train: 76.06%, Valid: 72.86%, Test In: 74.54% Test OOD1: 66.66% Test OOD2: 53.38% Test OOD3: 63.57% 
Epoch: 92, Loss: 2.8739, Cls: 0.9579, Ind: 0.0000, Med: 0.4790, Spu: 0.0000, FD: 0.9577, FDAug: 0.4792, Var: 0.0000, Ctx: 6, MixCtx: 3, Train: 76.05%, Valid: 72.87%, Test In: 74.43% Test OOD1: 67.37% Test OOD2: 53.23% Test OOD3: 63.78% 
Epoch: 93, Loss: 2.8561, Cls: 0.9522, Ind: 0.0000, Med: 0.4762, Spu: 0.0000, FD: 0.9519, FDAug: 0.4758, Var: 0.0000, Ctx: 6, MixCtx: 3, Train: 76.10%, Valid: 72.92%, Test In: 74.49% Test OOD1: 67.20% Test OOD2: 53.28% Test OOD3: 63.74% 
Epoch: 94, Loss: 2.8480, Cls: 0.9494, Ind: 0.0000, Med: 0.4748, Spu: 0.0000, FD: 0.9492, FDAug: 0.4746, Var: 0.0000, Ctx: 6, MixCtx: 3, Train: 76.15%, Valid: 72.94%, Test In: 74.58% Test OOD1: 66.75% Test OOD2: 53.37% Test OOD3: 63.61% 
Epoch: 95, Loss: 2.8596, Cls: 0.9531, Ind: 0.0000, Med: 0.4766, Spu: 0.0000, FD: 0.9530, FDAug: 0.4768, Var: 0.0000, Ctx: 6, MixCtx: 3, Train: 76.12%, Valid: 72.94%, Test In: 74.45% Test OOD1: 67.46% Test OOD2: 53.22% Test OOD3: 63.82% 
Epoch: 96, Loss: 2.8605, Cls: 0.9536, Ind: 0.0000, Med: 0.4769, Spu: 0.0000, FD: 0.9535, FDAug: 0.4765, Var: 0.0000, Ctx: 6, MixCtx: 3, Train: 76.22%, Valid: 72.99%, Test In: 74.59% Test OOD1: 66.94% Test OOD2: 53.34% Test OOD3: 63.68% 
Epoch: 97, Loss: 2.8484, Cls: 0.9495, Ind: 0.0000, Med: 0.4748, Spu: 0.0000, FD: 0.9493, FDAug: 0.4748, Var: 0.0000, Ctx: 6, MixCtx: 3, Train: 76.24%, Valid: 73.02%, Test In: 74.57% Test OOD1: 67.19% Test OOD2: 53.28% Test OOD3: 63.75% 
Epoch: 98, Loss: 2.8412, Cls: 0.9471, Ind: 0.0000, Med: 0.4736, Spu: 0.0000, FD: 0.9470, FDAug: 0.4735, Var: 0.0000, Ctx: 6, MixCtx: 3, Train: 76.24%, Valid: 73.02%, Test In: 74.53% Test OOD1: 67.41% Test OOD2: 53.24% Test OOD3: 63.82% 
Epoch: 99, Loss: 2.8461, Cls: 0.9487, Ind: 0.0000, Med: 0.4744, Spu: 0.0000, FD: 0.9488, FDAug: 0.4742, Var: 0.0000, Ctx: 6, MixCtx: 3, Train: 76.31%, Valid: 73.07%, Test In: 74.65% Test OOD1: 66.84% Test OOD2: 53.36% Test OOD3: 63.67% 
Epoch: 100, Loss: 2.8542, Cls: 0.9515, Ind: 0.0000, Med: 0.4759, Spu: 0.0000, FD: 0.9510, FDAug: 0.4758, Var: 0.0000, Ctx: 6, MixCtx: 3, Train: 76.29%, Valid: 73.07%, Test In: 74.54% Test OOD1: 67.51% Test OOD2: 53.22% Test OOD3: 63.87% 
Epoch: 101, Loss: 2.8542, Cls: 0.9514, Ind: 0.0000, Med: 0.4757, Spu: 0.0000, FD: 0.9516, FDAug: 0.4755, Var: 0.0000, Ctx: 6, MixCtx: 3, Train: 76.39%, Valid: 73.13%, Test In: 74.68% Test OOD1: 66.88% Test OOD2: 53.36% Test OOD3: 63.69% 
Epoch: 102, Loss: 2.8455, Cls: 0.9485, Ind: 0.0000, Med: 0.4743, Spu: 0.0000, FD: 0.9483, FDAug: 0.4744, Var: 0.0000, Ctx: 6, MixCtx: 3, Train: 76.41%, Valid: 73.16%, Test In: 74.63% Test OOD1: 67.26% Test OOD2: 53.31% Test OOD3: 63.81% 
Epoch: 103, Loss: 2.8362, Cls: 0.9454, Ind: 0.0000, Med: 0.4727, Spu: 0.0000, FD: 0.9454, FDAug: 0.4727, Var: 0.0000, Ctx: 6, MixCtx: 3, Train: 76.44%, Valid: 73.20%, Test In: 74.65% Test OOD1: 67.29% Test OOD2: 53.31% Test OOD3: 63.82% 
Epoch: 104, Loss: 2.8349, Cls: 0.9450, Ind: 0.0000, Med: 0.4725, Spu: 0.0000, FD: 0.9449, FDAug: 0.4724, Var: 0.0000, Ctx: 6, MixCtx: 3, Train: 76.50%, Valid: 73.22%, Test In: 74.70% Test OOD1: 67.01% Test OOD2: 53.35% Test OOD3: 63.74% 
Epoch: 105, Loss: 2.8395, Cls: 0.9464, Ind: 0.0000, Med: 0.4733, Spu: 0.0000, FD: 0.9463, FDAug: 0.4734, Var: 0.0000, Ctx: 6, MixCtx: 3, Train: 76.48%, Valid: 73.22%, Test In: 74.61% Test OOD1: 67.56% Test OOD2: 53.24% Test OOD3: 63.92% 
Epoch: 106, Loss: 2.8428, Cls: 0.9477, Ind: 0.0000, Med: 0.4739, Spu: 0.0000, FD: 0.9477, FDAug: 0.4736, Var: 0.0000, Ctx: 6, MixCtx: 3, Train: 76.58%, Valid: 73.28%, Test In: 74.72% Test OOD1: 67.02% Test OOD2: 53.34% Test OOD3: 63.75% 
Epoch: 107, Loss: 2.8433, Cls: 0.9477, Ind: 0.0000, Med: 0.4739, Spu: 0.0000, FD: 0.9475, FDAug: 0.4741, Var: 0.0000, Ctx: 6, MixCtx: 3, Train: 76.56%, Valid: 73.27%, Test In: 74.63% Test OOD1: 67.59% Test OOD2: 53.24% Test OOD3: 63.94% 
Epoch: 108, Loss: 2.8397, Cls: 0.9466, Ind: 0.0000, Med: 0.4733, Spu: 0.0000, FD: 0.9466, FDAug: 0.4731, Var: 0.0000, Ctx: 6, MixCtx: 3, Train: 76.66%, Valid: 73.35%, Test In: 74.73% Test OOD1: 67.10% Test OOD2: 53.35% Test OOD3: 63.79% 
Epoch: 109, Loss: 2.8348, Cls: 0.9449, Ind: 0.0000, Med: 0.4725, Spu: 0.0000, FD: 0.9447, FDAug: 0.4726, Var: 0.0000, Ctx: 6, MixCtx: 3, Train: 76.67%, Valid: 73.35%, Test In: 74.68% Test OOD1: 67.48% Test OOD2: 53.30% Test OOD3: 63.93% 
Epoch: 110, Loss: 2.8292, Cls: 0.9431, Ind: 0.0000, Med: 0.4716, Spu: 0.0000, FD: 0.9431, FDAug: 0.4714, Var: 0.0000, Ctx: 6, MixCtx: 3, Train: 76.74%, Valid: 73.40%, Test In: 74.73% Test OOD1: 67.23% Test OOD2: 53.34% Test OOD3: 63.85% 
Epoch: 111, Loss: 2.8246, Cls: 0.9415, Ind: 0.0000, Med: 0.4708, Spu: 0.0000, FD: 0.9414, FDAug: 0.4708, Var: 0.0000, Ctx: 6, MixCtx: 3, Train: 76.78%, Valid: 73.41%, Test In: 74.72% Test OOD1: 67.39% Test OOD2: 53.32% Test OOD3: 63.92% 
Epoch: 112, Loss: 2.8213, Cls: 0.9404, Ind: 0.0000, Med: 0.4703, Spu: 0.0000, FD: 0.9404, FDAug: 0.4702, Var: 0.0000, Ctx: 6, MixCtx: 3, Train: 76.82%, Valid: 73.44%, Test In: 74.73% Test OOD1: 67.38% Test OOD2: 53.33% Test OOD3: 63.92% 
Epoch: 113, Loss: 2.8191, Cls: 0.9397, Ind: 0.0000, Med: 0.4699, Spu: 0.0000, FD: 0.9396, FDAug: 0.4698, Var: 0.0000, Ctx: 6, MixCtx: 3, Train: 76.87%, Valid: 73.46%, Test In: 74.74% Test OOD1: 67.37% Test OOD2: 53.33% Test OOD3: 63.92% 
Epoch: 114, Loss: 2.8176, Cls: 0.9392, Ind: 0.0000, Med: 0.4697, Spu: 0.0000, FD: 0.9391, FDAug: 0.4696, Var: 0.0000, Ctx: 6, MixCtx: 3, Train: 76.90%, Valid: 73.47%, Test In: 74.73% Test OOD1: 67.49% Test OOD2: 53.33% Test OOD3: 63.98% 
Epoch: 115, Loss: 2.8174, Cls: 0.9392, Ind: 0.0000, Med: 0.4696, Spu: 0.0000, FD: 0.9392, FDAug: 0.4695, Var: 0.0000, Ctx: 6, MixCtx: 3, Train: 76.98%, Valid: 73.50%, Test In: 74.78% Test OOD1: 67.15% Test OOD2: 53.37% Test OOD3: 63.86% 
Epoch: 116, Loss: 2.8222, Cls: 0.9408, Ind: 0.0000, Med: 0.4705, Spu: 0.0000, FD: 0.9405, FDAug: 0.4705, Var: 0.0000, Ctx: 6, MixCtx: 3, Train: 76.91%, Valid: 73.45%, Test In: 74.73% Test OOD1: 67.66% Test OOD2: 53.33% Test OOD3: 64.10% 
Epoch: 117, Loss: 2.8519, Cls: 0.9507, Ind: 0.0000, Med: 0.4753, Spu: 0.0000, FD: 0.9509, FDAug: 0.4750, Var: 0.0000, Ctx: 6, MixCtx: 3, Train: 76.99%, Valid: 73.47%, Test In: 74.75% Test OOD1: 65.95% Test OOD2: 53.47% Test OOD3: 63.48% 
Epoch: 118, Loss: 2.9722, Cls: 0.9905, Ind: 0.0000, Med: 0.4953, Spu: 0.0000, FD: 0.9903, FDAug: 0.4959, Var: 0.0000, Ctx: 6, MixCtx: 3, Train: 76.60%, Valid: 73.18%, Test In: 74.54% Test OOD1: 68.07% Test OOD2: 53.19% Test OOD3: 64.32% 
Epoch: 119, Loss: 3.1288, Cls: 1.0441, Ind: 0.0000, Med: 0.5224, Spu: 0.0000, FD: 1.0425, FDAug: 0.5197, Var: 0.0000, Ctx: 6, MixCtx: 3, Train: 77.00%, Valid: 73.45%, Test In: 74.71% Test OOD1: 65.94% Test OOD2: 53.65% Test OOD3: 63.55% 
Epoch: 120, Loss: 2.9273, Cls: 0.9746, Ind: 0.0000, Med: 0.4869, Spu: 0.0000, FD: 0.9767, FDAug: 0.4891, Var: 0.0000, Ctx: 6, MixCtx: 3, Train: 77.01%, Valid: 73.45%, Test In: 74.73% Test OOD1: 66.09% Test OOD2: 53.74% Test OOD3: 63.63% 
Epoch: 121, Loss: 2.9317, Cls: 0.9759, Ind: 0.0000, Med: 0.4874, Spu: 0.0000, FD: 0.9785, FDAug: 0.4899, Var: 0.0000, Ctx: 6, MixCtx: 3, Train: 76.81%, Valid: 73.35%, Test In: 74.72% Test OOD1: 67.86% Test OOD2: 53.44% Test OOD3: 64.23% 
Epoch: 122, Loss: 2.9350, Cls: 0.9797, Ind: 0.0000, Med: 0.4905, Spu: 0.0000, FD: 0.9770, FDAug: 0.4877, Var: 0.0000, Ctx: 6, MixCtx: 3, Train: 76.80%, Valid: 73.33%, Test In: 74.68% Test OOD1: 68.00% Test OOD2: 53.42% Test OOD3: 64.25% 
Epoch: 123, Loss: 2.8878, Cls: 0.9633, Ind: 0.0000, Med: 0.4819, Spu: 0.0000, FD: 0.9621, FDAug: 0.4805, Var: 0.0000, Ctx: 6, MixCtx: 3, Train: 77.00%, Valid: 73.45%, Test In: 74.70% Test OOD1: 67.40% Test OOD2: 53.63% Test OOD3: 64.05% 
Epoch: 124, Loss: 2.9031, Cls: 0.9674, Ind: 0.0000, Med: 0.4837, Spu: 0.0000, FD: 0.9676, FDAug: 0.4844, Var: 0.0000, Ctx: 6, MixCtx: 3, Train: 76.78%, Valid: 73.35%, Test In: 74.58% Test OOD1: 67.87% Test OOD2: 53.53% Test OOD3: 64.15% 
Epoch: 125, Loss: 2.8461, Cls: 0.9489, Ind: 0.0000, Med: 0.4747, Spu: 0.0000, FD: 0.9481, FDAug: 0.4744, Var: 0.0000, Ctx: 6, MixCtx: 3, Train: 76.18%, Valid: 72.89%, Test In: 74.18% Test OOD1: 68.24% Test OOD2: 53.22% Test OOD3: 64.30% 
Epoch: 126, Loss: 2.9364, Cls: 0.9786, Ind: 0.0000, Med: 0.4891, Spu: 0.0000, FD: 0.9797, FDAug: 0.4890, Var: 0.0000, Ctx: 6, MixCtx: 3, Train: 76.57%, Valid: 73.21%, Test In: 74.48% Test OOD1: 68.08% Test OOD2: 53.43% Test OOD3: 64.21% 
Epoch: 127, Loss: 2.8292, Cls: 0.9433, Ind: 0.0000, Med: 0.4719, Spu: 0.0000, FD: 0.9426, FDAug: 0.4713, Var: 0.0000, Ctx: 6, MixCtx: 3, Train: 76.72%, Valid: 73.32%, Test In: 74.61% Test OOD1: 67.74% Test OOD2: 53.56% Test OOD3: 64.13% 
Epoch: 128, Loss: 2.9077, Cls: 0.9701, Ind: 0.0000, Med: 0.4856, Spu: 0.0000, FD: 0.9677, FDAug: 0.4843, Var: 0.0000, Ctx: 6, MixCtx: 3, Train: 76.50%, Valid: 73.14%, Test In: 74.44% Test OOD1: 68.13% Test OOD2: 53.39% Test OOD3: 64.24% 
Epoch: 129, Loss: 2.8335, Cls: 0.9445, Ind: 0.0000, Med: 0.4722, Spu: 0.0000, FD: 0.9446, FDAug: 0.4722, Var: 0.0000, Ctx: 6, MixCtx: 3, Train: 76.38%, Valid: 73.03%, Test In: 74.36% Test OOD1: 68.19% Test OOD2: 53.32% Test OOD3: 64.27% 
Epoch: 130, Loss: 2.8782, Cls: 0.9596, Ind: 0.0000, Med: 0.4798, Spu: 0.0000, FD: 0.9594, FDAug: 0.4793, Var: 0.0000, Ctx: 6, MixCtx: 3, Train: 76.70%, Valid: 73.29%, Test In: 74.64% Test OOD1: 67.83% Test OOD2: 53.54% Test OOD3: 64.18% 
Epoch: 131, Loss: 2.8373, Cls: 0.9456, Ind: 0.0000, Med: 0.4729, Spu: 0.0000, FD: 0.9457, FDAug: 0.4731, Var: 0.0000, Ctx: 6, MixCtx: 3, Train: 76.76%, Valid: 73.32%, Test In: 74.70% Test OOD1: 67.60% Test OOD2: 53.63% Test OOD3: 64.13% 
Epoch: 132, Loss: 2.8686, Cls: 0.9558, Ind: 0.0000, Med: 0.4779, Spu: 0.0000, FD: 0.9563, FDAug: 0.4786, Var: 0.0000, Ctx: 6, MixCtx: 3, Train: 76.68%, Valid: 73.26%, Test In: 74.62% Test OOD1: 67.96% Test OOD2: 53.48% Test OOD3: 64.22% 
Epoch: 133, Loss: 2.8323, Cls: 0.9444, Ind: 0.0000, Med: 0.4724, Spu: 0.0000, FD: 0.9436, FDAug: 0.4718, Var: 0.0000, Ctx: 6, MixCtx: 3, Train: 76.58%, Valid: 73.18%, Test In: 74.55% Test OOD1: 68.08% Test OOD2: 53.37% Test OOD3: 64.26% 
Epoch: 134, Loss: 2.8620, Cls: 0.9545, Ind: 0.0000, Med: 0.4775, Spu: 0.0000, FD: 0.9536, FDAug: 0.4765, Var: 0.0000, Ctx: 6, MixCtx: 3, Train: 76.80%, Valid: 73.33%, Test In: 74.73% Test OOD1: 67.77% Test OOD2: 53.52% Test OOD3: 64.19% 
Epoch: 135, Loss: 2.8248, Cls: 0.9416, Ind: 0.0000, Med: 0.4709, Spu: 0.0000, FD: 0.9414, FDAug: 0.4709, Var: 0.0000, Ctx: 6, MixCtx: 3, Train: 76.88%, Valid: 73.36%, Test In: 74.79% Test OOD1: 67.52% Test OOD2: 53.59% Test OOD3: 64.12% 
Epoch: 136, Loss: 2.8493, Cls: 0.9499, Ind: 0.0000, Med: 0.4751, Spu: 0.0000, FD: 0.9493, FDAug: 0.4749, Var: 0.0000, Ctx: 6, MixCtx: 3, Train: 76.82%, Valid: 73.31%, Test In: 74.70% Test OOD1: 67.92% Test OOD2: 53.42% Test OOD3: 64.23% 
Epoch: 137, Loss: 2.8185, Cls: 0.9394, Ind: 0.0000, Med: 0.4697, Spu: 0.0000, FD: 0.9395, FDAug: 0.4697, Var: 0.0000, Ctx: 6, MixCtx: 3, Train: 76.76%, Valid: 73.26%, Test In: 74.63% Test OOD1: 68.05% Test OOD2: 53.34% Test OOD3: 64.27% 
Epoch: 138, Loss: 2.8399, Cls: 0.9463, Ind: 0.0000, Med: 0.4730, Spu: 0.0000, FD: 0.9472, FDAug: 0.4734, Var: 0.0000, Ctx: 6, MixCtx: 3, Train: 77.01%, Valid: 73.39%, Test In: 74.83% Test OOD1: 67.62% Test OOD2: 53.51% Test OOD3: 64.14% 
Epoch: 139, Loss: 2.8208, Cls: 0.9407, Ind: 0.0000, Med: 0.4706, Spu: 0.0000, FD: 0.9396, FDAug: 0.4699, Var: 0.0000, Ctx: 6, MixCtx: 3, Train: 77.09%, Valid: 73.41%, Test In: 74.85% Test OOD1: 67.49% Test OOD2: 53.53% Test OOD3: 64.10% 
Epoch: 140, Loss: 2.8231, Cls: 0.9415, Ind: 0.0000, Med: 0.4710, Spu: 0.0000, FD: 0.9403, FDAug: 0.4703, Var: 0.0000, Ctx: 6, MixCtx: 3, Train: 77.02%, Valid: 73.37%, Test In: 74.75% Test OOD1: 67.85% Test OOD2: 53.40% Test OOD3: 64.22% 
Epoch: 141, Loss: 2.8209, Cls: 0.9402, Ind: 0.0000, Med: 0.4700, Spu: 0.0000, FD: 0.9406, FDAug: 0.4701, Var: 0.0000, Ctx: 6, MixCtx: 3, Train: 77.14%, Valid: 73.42%, Test In: 74.83% Test OOD1: 67.67% Test OOD2: 53.45% Test OOD3: 64.16% 
Epoch: 142, Loss: 2.8092, Cls: 0.9364, Ind: 0.0000, Med: 0.4682, Spu: 0.0000, FD: 0.9364, FDAug: 0.4682, Var: 0.0000, Ctx: 6, MixCtx: 3, Train: 77.29%, Valid: 73.47%, Test In: 74.89% Test OOD1: 67.01% Test OOD2: 53.56% Test OOD3: 63.91% 
Epoch: 143, Loss: 2.8181, Cls: 0.9394, Ind: 0.0000, Med: 0.4698, Spu: 0.0000, FD: 0.9391, FDAug: 0.4697, Var: 0.0000, Ctx: 6, MixCtx: 3, Train: 77.32%, Valid: 73.48%, Test In: 74.89% Test OOD1: 67.10% Test OOD2: 53.53% Test OOD3: 63.97% 
Epoch: 144, Loss: 2.8033, Cls: 0.9345, Ind: 0.0000, Med: 0.4673, Spu: 0.0000, FD: 0.9343, FDAug: 0.4673, Var: 0.0000, Ctx: 6, MixCtx: 3, Train: 77.29%, Valid: 73.47%, Test In: 74.87% Test OOD1: 67.44% Test OOD2: 53.47% Test OOD3: 64.09% 
Epoch: 145, Loss: 2.8144, Cls: 0.9383, Ind: 0.0000, Med: 0.4692, Spu: 0.0000, FD: 0.9379, FDAug: 0.4689, Var: 0.0000, Ctx: 6, MixCtx: 3, Train: 77.39%, Valid: 73.51%, Test In: 74.87% Test OOD1: 67.05% Test OOD2: 53.50% Test OOD3: 63.93% 
Epoch: 146, Loss: 2.7967, Cls: 0.9322, Ind: 0.0000, Med: 0.4662, Spu: 0.0000, FD: 0.9321, FDAug: 0.4661, Var: 0.0000, Ctx: 6, MixCtx: 3, Train: 77.44%, Valid: 73.52%, Test In: 74.86% Test OOD1: 66.82% Test OOD2: 53.52% Test OOD3: 63.82% 
Epoch: 147, Loss: 2.8053, Cls: 0.9350, Ind: 0.0000, Med: 0.4675, Spu: 0.0000, FD: 0.9350, FDAug: 0.4676, Var: 0.0000, Ctx: 6, MixCtx: 3, Train: 77.42%, Valid: 73.52%, Test In: 74.84% Test OOD1: 67.45% Test OOD2: 53.44% Test OOD3: 64.06% 
Epoch: 148, Loss: 2.8015, Cls: 0.9338, Ind: 0.0000, Med: 0.4670, Spu: 0.0000, FD: 0.9338, FDAug: 0.4668, Var: 0.0000, Ctx: 6, MixCtx: 3, Train: 77.48%, Valid: 73.54%, Test In: 74.84% Test OOD1: 67.25% Test OOD2: 53.48% Test OOD3: 63.98% 
Epoch: 149, Loss: 2.7923, Cls: 0.9308, Ind: 0.0000, Med: 0.4654, Spu: 0.0000, FD: 0.9308, FDAug: 0.4653, Var: 0.0000, Ctx: 6, MixCtx: 3, Train: 77.54%, Valid: 73.52%, Test In: 74.80% Test OOD1: 66.68% Test OOD2: 53.60% Test OOD3: 63.76% 
Epoch: 150, Loss: 2.7996, Cls: 0.9333, Ind: 0.0000, Med: 0.4667, Spu: 0.0000, FD: 0.9330, FDAug: 0.4666, Var: 0.0000, Ctx: 6, MixCtx: 3, Train: 77.56%, Valid: 73.52%, Test In: 74.82% Test OOD1: 67.07% Test OOD2: 53.60% Test OOD3: 63.97% 
Epoch: 151, Loss: 2.7918, Cls: 0.9306, Ind: 0.0000, Med: 0.4653, Spu: 0.0000, FD: 0.9306, FDAug: 0.4653, Var: 0.0000, Ctx: 6, MixCtx: 3, Train: 77.60%, Valid: 73.53%, Test In: 74.81% Test OOD1: 66.94% Test OOD2: 53.66% Test OOD3: 63.93% 
Epoch: 152, Loss: 2.7886, Cls: 0.9295, Ind: 0.0000, Med: 0.4648, Spu: 0.0000, FD: 0.9295, FDAug: 0.4648, Var: 0.0000, Ctx: 6, MixCtx: 3, Train: 77.63%, Valid: 73.48%, Test In: 74.75% Test OOD1: 66.57% Test OOD2: 53.75% Test OOD3: 63.76% 
Epoch: 153, Loss: 2.7937, Cls: 0.9313, Ind: 0.0000, Med: 0.4657, Spu: 0.0000, FD: 0.9310, FDAug: 0.4656, Var: 0.0000, Ctx: 6, MixCtx: 3, Train: 77.65%, Valid: 73.52%, Test In: 74.80% Test OOD1: 67.08% Test OOD2: 53.68% Test OOD3: 63.98% 
Epoch: 154, Loss: 2.7852, Cls: 0.9284, Ind: 0.0000, Med: 0.4642, Spu: 0.0000, FD: 0.9284, FDAug: 0.4642, Var: 0.0000, Ctx: 6, MixCtx: 3, Train: 77.67%, Valid: 73.51%, Test In: 74.79% Test OOD1: 67.16% Test OOD2: 53.68% Test OOD3: 64.00% 
Epoch: 155, Loss: 2.7839, Cls: 0.9279, Ind: 0.0000, Med: 0.4640, Spu: 0.0000, FD: 0.9280, FDAug: 0.4640, Var: 0.0000, Ctx: 6, MixCtx: 3, Train: 77.70%, Valid: 73.48%, Test In: 74.74% Test OOD1: 66.83% Test OOD2: 53.74% Test OOD3: 63.84% 
Epoch: 156, Loss: 2.7890, Cls: 0.9297, Ind: 0.0000, Med: 0.4650, Spu: 0.0000, FD: 0.9295, FDAug: 0.4648, Var: 0.0000, Ctx: 6, MixCtx: 3, Train: 77.72%, Valid: 73.50%, Test In: 74.79% Test OOD1: 67.16% Test OOD2: 53.73% Test OOD3: 64.01% 
Epoch: 157, Loss: 2.7833, Cls: 0.9277, Ind: 0.0000, Med: 0.4639, Spu: 0.0000, FD: 0.9278, FDAug: 0.4639, Var: 0.0000, Ctx: 6, MixCtx: 3, Train: 77.77%, Valid: 73.47%, Test In: 74.78% Test OOD1: 66.91% Test OOD2: 53.82% Test OOD3: 63.92% 
Epoch: 158, Loss: 2.7778, Cls: 0.9259, Ind: 0.0000, Med: 0.4630, Spu: 0.0000, FD: 0.9259, FDAug: 0.4630, Var: 0.0000, Ctx: 6, MixCtx: 3, Train: 77.80%, Valid: 73.41%, Test In: 74.74% Test OOD1: 66.61% Test OOD2: 53.89% Test OOD3: 63.80% 
Epoch: 159, Loss: 2.7812, Cls: 0.9270, Ind: 0.0000, Med: 0.4636, Spu: 0.0000, FD: 0.9270, FDAug: 0.4636, Var: 0.0000, Ctx: 6, MixCtx: 3, Train: 77.83%, Valid: 73.46%, Test In: 74.82% Test OOD1: 66.97% Test OOD2: 53.87% Test OOD3: 63.99% 
Epoch: 160, Loss: 2.7806, Cls: 0.9268, Ind: 0.0000, Med: 0.4634, Spu: 0.0000, FD: 0.9269, FDAug: 0.4634, Var: 0.0000, Ctx: 6, MixCtx: 3, Train: 77.87%, Valid: 73.44%, Test In: 74.79% Test OOD1: 66.81% Test OOD2: 53.89% Test OOD3: 63.89% 
Epoch: 161, Loss: 2.7737, Cls: 0.9245, Ind: 0.0000, Med: 0.4623, Spu: 0.0000, FD: 0.9245, FDAug: 0.4623, Var: 0.0000, Ctx: 6, MixCtx: 3, Train: 77.90%, Valid: 73.45%, Test In: 74.80% Test OOD1: 66.92% Test OOD2: 53.87% Test OOD3: 63.93% 
Epoch: 162, Loss: 2.7722, Cls: 0.9240, Ind: 0.0000, Med: 0.4620, Spu: 0.0000, FD: 0.9241, FDAug: 0.4620, Var: 0.0000, Ctx: 6, MixCtx: 3, Train: 77.92%, Valid: 73.47%, Test In: 74.84% Test OOD1: 67.18% Test OOD2: 53.84% Test OOD3: 64.06% 
Epoch: 163, Loss: 2.7746, Cls: 0.9249, Ind: 0.0000, Med: 0.4624, Spu: 0.0000, FD: 0.9249, FDAug: 0.4624, Var: 0.0000, Ctx: 6, MixCtx: 3, Train: 77.97%, Valid: 73.43%, Test In: 74.79% Test OOD1: 66.84% Test OOD2: 53.91% Test OOD3: 63.89% 
Epoch: 164, Loss: 2.7736, Cls: 0.9245, Ind: 0.0000, Med: 0.4623, Spu: 0.0000, FD: 0.9245, FDAug: 0.4623, Var: 0.0000, Ctx: 6, MixCtx: 3, Train: 78.00%, Valid: 73.45%, Test In: 74.84% Test OOD1: 67.02% Test OOD2: 53.91% Test OOD3: 64.03% 
Epoch: 165, Loss: 2.7685, Cls: 0.9228, Ind: 0.0000, Med: 0.4614, Spu: 0.0000, FD: 0.9228, FDAug: 0.4614, Var: 0.0000, Ctx: 6, MixCtx: 3, Train: 78.04%, Valid: 73.45%, Test In: 74.83% Test OOD1: 66.94% Test OOD2: 53.93% Test OOD3: 63.98% 
Epoch: 166, Loss: 2.7647, Cls: 0.9215, Ind: 0.0000, Med: 0.4608, Spu: 0.0000, FD: 0.9216, FDAug: 0.4608, Var: 0.0000, Ctx: 6, MixCtx: 3, Train: 78.08%, Valid: 73.45%, Test In: 74.82% Test OOD1: 66.89% Test OOD2: 53.95% Test OOD3: 63.93% 
Epoch: 167, Loss: 2.7647, Cls: 0.9215, Ind: 0.0000, Med: 0.4608, Spu: 0.0000, FD: 0.9215, FDAug: 0.4608, Var: 0.0000, Ctx: 6, MixCtx: 3, Train: 78.10%, Valid: 73.47%, Test In: 74.87% Test OOD1: 67.14% Test OOD2: 53.91% Test OOD3: 64.06% 
Epoch: 168, Loss: 2.7648, Cls: 0.9216, Ind: 0.0000, Med: 0.4608, Spu: 0.0000, FD: 0.9217, FDAug: 0.4608, Var: 0.0000, Ctx: 6, MixCtx: 3, Train: 78.15%, Valid: 73.44%, Test In: 74.82% Test OOD1: 66.91% Test OOD2: 53.97% Test OOD3: 63.92% 
Epoch: 169, Loss: 2.7620, Cls: 0.9207, Ind: 0.0000, Med: 0.4604, Spu: 0.0000, FD: 0.9206, FDAug: 0.4603, Var: 0.0000, Ctx: 6, MixCtx: 3, Train: 78.18%, Valid: 73.46%, Test In: 74.86% Test OOD1: 66.99% Test OOD2: 53.97% Test OOD3: 63.99% 
Epoch: 170, Loss: 2.7583, Cls: 0.9194, Ind: 0.0000, Med: 0.4597, Spu: 0.0000, FD: 0.9195, FDAug: 0.4597, Var: 0.0000, Ctx: 6, MixCtx: 3, Train: 78.22%, Valid: 73.45%, Test In: 74.84% Test OOD1: 66.89% Test OOD2: 54.01% Test OOD3: 63.94% 
Epoch: 171, Loss: 2.7560, Cls: 0.9186, Ind: 0.0000, Med: 0.4593, Spu: 0.0000, FD: 0.9187, FDAug: 0.4593, Var: 0.0000, Ctx: 6, MixCtx: 3, Train: 78.26%, Valid: 73.43%, Test In: 74.82% Test OOD1: 66.81% Test OOD2: 54.05% Test OOD3: 63.88% 
Epoch: 172, Loss: 2.7550, Cls: 0.9183, Ind: 0.0000, Med: 0.4592, Spu: 0.0000, FD: 0.9183, FDAug: 0.4592, Var: 0.0000, Ctx: 6, MixCtx: 3, Train: 78.29%, Valid: 73.47%, Test In: 74.87% Test OOD1: 66.99% Test OOD2: 54.03% Test OOD3: 63.97% 
Epoch: 173, Loss: 2.7550, Cls: 0.9183, Ind: 0.0000, Med: 0.4592, Spu: 0.0000, FD: 0.9184, FDAug: 0.4591, Var: 0.0000, Ctx: 6, MixCtx: 3, Train: 78.33%, Valid: 73.42%, Test In: 74.78% Test OOD1: 66.76% Test OOD2: 54.08% Test OOD3: 63.81% 
Epoch: 174, Loss: 2.7549, Cls: 0.9183, Ind: 0.0000, Med: 0.4592, Spu: 0.0000, FD: 0.9182, FDAug: 0.4592, Var: 0.0000, Ctx: 6, MixCtx: 3, Train: 78.35%, Valid: 73.49%, Test In: 74.87% Test OOD1: 67.02% Test OOD2: 54.08% Test OOD3: 64.00% 
Epoch: 175, Loss: 2.7552, Cls: 0.9184, Ind: 0.0000, Med: 0.4592, Spu: 0.0000, FD: 0.9185, FDAug: 0.4591, Var: 0.0000, Ctx: 6, MixCtx: 3, Train: 78.40%, Valid: 73.40%, Test In: 74.75% Test OOD1: 66.68% Test OOD2: 54.15% Test OOD3: 63.79% 
Epoch: 176, Loss: 2.7553, Cls: 0.9184, Ind: 0.0000, Med: 0.4593, Spu: 0.0000, FD: 0.9183, FDAug: 0.4593, Var: 0.0000, Ctx: 6, MixCtx: 3, Train: 78.42%, Valid: 73.51%, Test In: 74.87% Test OOD1: 67.06% Test OOD2: 54.13% Test OOD3: 64.05% 
Epoch: 177, Loss: 2.7570, Cls: 0.9190, Ind: 0.0000, Med: 0.4596, Spu: 0.0000, FD: 0.9190, FDAug: 0.4594, Var: 0.0000, Ctx: 6, MixCtx: 3, Train: 78.47%, Valid: 73.39%, Test In: 74.73% Test OOD1: 66.65% Test OOD2: 54.20% Test OOD3: 63.78% 
Epoch: 178, Loss: 2.7576, Cls: 0.9192, Ind: 0.0000, Med: 0.4597, Spu: 0.0000, FD: 0.9191, FDAug: 0.4597, Var: 0.0000, Ctx: 6, MixCtx: 3, Train: 78.46%, Valid: 73.52%, Test In: 74.88% Test OOD1: 67.14% Test OOD2: 54.17% Test OOD3: 64.11% 
Epoch: 179, Loss: 2.7637, Cls: 0.9212, Ind: 0.0000, Med: 0.4606, Spu: 0.0000, FD: 0.9213, FDAug: 0.4605, Var: 0.0000, Ctx: 6, MixCtx: 3, Train: 78.53%, Valid: 73.35%, Test In: 74.69% Test OOD1: 66.47% Test OOD2: 54.26% Test OOD3: 63.70% 
Epoch: 180, Loss: 2.7703, Cls: 0.9234, Ind: 0.0000, Med: 0.4618, Spu: 0.0000, FD: 0.9231, FDAug: 0.4618, Var: 0.0000, Ctx: 6, MixCtx: 3, Train: 78.49%, Valid: 73.52%, Test In: 74.89% Test OOD1: 67.15% Test OOD2: 54.24% Test OOD3: 64.15% 
Epoch: 181, Loss: 2.7844, Cls: 0.9282, Ind: 0.0000, Med: 0.4641, Spu: 0.0000, FD: 0.9283, FDAug: 0.4638, Var: 0.0000, Ctx: 6, MixCtx: 3, Train: 78.62%, Valid: 73.33%, Test In: 74.68% Test OOD1: 66.35% Test OOD2: 54.33% Test OOD3: 63.68% 
Epoch: 182, Loss: 2.7763, Cls: 0.9254, Ind: 0.0000, Med: 0.4628, Spu: 0.0000, FD: 0.9251, FDAug: 0.4629, Var: 0.0000, Ctx: 6, MixCtx: 3, Train: 78.55%, Valid: 73.51%, Test In: 74.90% Test OOD1: 67.12% Test OOD2: 54.27% Test OOD3: 64.15% 
Epoch: 183, Loss: 2.7612, Cls: 0.9204, Ind: 0.0000, Med: 0.4602, Spu: 0.0000, FD: 0.9205, FDAug: 0.4600, Var: 0.0000, Ctx: 6, MixCtx: 3, Train: 78.69%, Valid: 73.43%, Test In: 74.82% Test OOD1: 66.70% Test OOD2: 54.32% Test OOD3: 63.89% 
Epoch: 184, Loss: 2.7380, Cls: 0.9126, Ind: 0.0000, Med: 0.4563, Spu: 0.0000, FD: 0.9126, FDAug: 0.4564, Var: 0.0000, Ctx: 6, MixCtx: 3, Train: 78.72%, Valid: 73.43%, Test In: 74.84% Test OOD1: 66.71% Test OOD2: 54.32% Test OOD3: 63.90% 
Epoch: 185, Loss: 2.7322, Cls: 0.9107, Ind: 0.0000, Med: 0.4554, Spu: 0.0000, FD: 0.9108, FDAug: 0.4554, Var: 0.0000, Ctx: 6, MixCtx: 3, Train: 78.74%, Valid: 73.46%, Test In: 74.89% Test OOD1: 66.78% Test OOD2: 54.32% Test OOD3: 63.99% 
Epoch: 186, Loss: 2.7417, Cls: 0.9138, Ind: 0.0000, Med: 0.4569, Spu: 0.0000, FD: 0.9141, FDAug: 0.4569, Var: 0.0000, Ctx: 6, MixCtx: 3, Train: 78.78%, Valid: 73.24%, Test In: 74.65% Test OOD1: 65.97% Test OOD2: 54.42% Test OOD3: 63.51% 
Epoch: 187, Loss: 2.7582, Cls: 0.9195, Ind: 0.0000, Med: 0.4599, Spu: 0.0000, FD: 0.9190, FDAug: 0.4598, Var: 0.0000, Ctx: 6, MixCtx: 3, Train: 78.74%, Valid: 73.44%, Test In: 74.86% Test OOD1: 66.79% Test OOD2: 54.39% Test OOD3: 64.08% 
Epoch: 188, Loss: 2.7734, Cls: 0.9244, Ind: 0.0000, Med: 0.4621, Spu: 0.0000, FD: 0.9248, FDAug: 0.4620, Var: 0.0000, Ctx: 6, MixCtx: 3, Train: 78.88%, Valid: 73.30%, Test In: 74.70% Test OOD1: 66.23% Test OOD2: 54.45% Test OOD3: 63.68% 
Epoch: 189, Loss: 2.7561, Cls: 0.9187, Ind: 0.0000, Med: 0.4595, Spu: 0.0000, FD: 0.9183, FDAug: 0.4595, Var: 0.0000, Ctx: 6, MixCtx: 3, Train: 78.80%, Valid: 73.47%, Test In: 74.86% Test OOD1: 67.00% Test OOD2: 54.36% Test OOD3: 64.13% 
Epoch: 190, Loss: 2.7348, Cls: 0.9115, Ind: 0.0000, Med: 0.4558, Spu: 0.0000, FD: 0.9118, FDAug: 0.4557, Var: 0.0000, Ctx: 6, MixCtx: 3, Train: 78.92%, Valid: 73.42%, Test In: 74.82% Test OOD1: 66.67% Test OOD2: 54.39% Test OOD3: 63.94% 
Epoch: 191, Loss: 2.7217, Cls: 0.9071, Ind: 0.0000, Med: 0.4536, Spu: 0.0000, FD: 0.9073, FDAug: 0.4537, Var: 0.0000, Ctx: 6, MixCtx: 3, Train: 78.99%, Valid: 73.33%, Test In: 74.73% Test OOD1: 66.21% Test OOD2: 54.43% Test OOD3: 63.69% 
Epoch: 192, Loss: 2.7243, Cls: 0.9081, Ind: 0.0000, Med: 0.4541, Spu: 0.0000, FD: 0.9080, FDAug: 0.4542, Var: 0.0000, Ctx: 6, MixCtx: 3, Train: 78.98%, Valid: 73.39%, Test In: 74.82% Test OOD1: 66.47% Test OOD2: 54.45% Test OOD3: 63.90% 
Epoch: 193, Loss: 2.7404, Cls: 0.9134, Ind: 0.0000, Med: 0.4567, Spu: 0.0000, FD: 0.9137, FDAug: 0.4565, Var: 0.0000, Ctx: 6, MixCtx: 3, Train: 78.97%, Valid: 73.16%, Test In: 74.56% Test OOD1: 65.75% Test OOD2: 54.44% Test OOD3: 63.40% 
Epoch: 194, Loss: 2.7567, Cls: 0.9189, Ind: 0.0000, Med: 0.4596, Spu: 0.0000, FD: 0.9185, FDAug: 0.4597, Var: 0.0000, Ctx: 6, MixCtx: 3, Train: 78.92%, Valid: 73.43%, Test In: 74.79% Test OOD1: 66.84% Test OOD2: 54.48% Test OOD3: 64.15% 
Epoch: 195, Loss: 2.7803, Cls: 0.9268, Ind: 0.0000, Med: 0.4634, Spu: 0.0000, FD: 0.9270, FDAug: 0.4631, Var: 0.0000, Ctx: 6, MixCtx: 3, Train: 79.08%, Valid: 73.21%, Test In: 74.64% Test OOD1: 66.09% Test OOD2: 54.51% Test OOD3: 63.64% 
Epoch: 196, Loss: 2.7603, Cls: 0.9201, Ind: 0.0000, Med: 0.4601, Spu: 0.0000, FD: 0.9197, FDAug: 0.4603, Var: 0.0000, Ctx: 6, MixCtx: 3, Train: 79.02%, Valid: 73.41%, Test In: 74.80% Test OOD1: 66.80% Test OOD2: 54.49% Test OOD3: 64.07% 
Epoch: 197, Loss: 2.7235, Cls: 0.9078, Ind: 0.0000, Med: 0.4540, Spu: 0.0000, FD: 0.9079, FDAug: 0.4538, Var: 0.0000, Ctx: 6, MixCtx: 3, Train: 79.11%, Valid: 73.40%, Test In: 74.83% Test OOD1: 66.61% Test OOD2: 54.43% Test OOD3: 63.90% 
Epoch: 198, Loss: 2.7133, Cls: 0.9044, Ind: 0.0000, Med: 0.4522, Spu: 0.0000, FD: 0.9045, FDAug: 0.4522, Var: 0.0000, Ctx: 6, MixCtx: 3, Train: 79.14%, Valid: 73.16%, Test In: 74.59% Test OOD1: 65.54% Test OOD2: 54.38% Test OOD3: 63.34% 
Epoch: 199, Loss: 2.7360, Cls: 0.9120, Ind: 0.0000, Med: 0.4561, Spu: 0.0000, FD: 0.9117, FDAug: 0.4562, Var: 0.0000, Ctx: 6, MixCtx: 3, Train: 79.12%, Valid: 73.33%, Test In: 74.78% Test OOD1: 66.28% Test OOD2: 54.58% Test OOD3: 63.91% 
Epoch: 200, Loss: 2.7770, Cls: 0.9256, Ind: 0.0000, Med: 0.4627, Spu: 0.0000, FD: 0.9261, FDAug: 0.4626, Var: 0.0000, Ctx: 6, MixCtx: 3, Train: 79.21%, Valid: 73.04%, Test In: 74.49% Test OOD1: 65.52% Test OOD2: 54.49% Test OOD3: 63.32% 
Epoch: 201, Loss: 2.7603, Cls: 0.9202, Ind: 0.0000, Med: 0.4603, Spu: 0.0000, FD: 0.9195, FDAug: 0.4602, Var: 0.0000, Ctx: 6, MixCtx: 3, Train: 79.13%, Valid: 73.39%, Test In: 74.78% Test OOD1: 66.84% Test OOD2: 54.54% Test OOD3: 64.10% 
Epoch: 202, Loss: 2.7257, Cls: 0.9085, Ind: 0.0000, Med: 0.4543, Spu: 0.0000, FD: 0.9087, FDAug: 0.4541, Var: 0.0000, Ctx: 6, MixCtx: 3, Train: 79.24%, Valid: 73.37%, Test In: 74.81% Test OOD1: 66.73% Test OOD2: 54.50% Test OOD3: 63.96% 
Epoch: 203, Loss: 2.7051, Cls: 0.9016, Ind: 0.0000, Med: 0.4508, Spu: 0.0000, FD: 0.9018, FDAug: 0.4509, Var: 0.0000, Ctx: 6, MixCtx: 3, Train: 79.37%, Valid: 73.22%, Test In: 74.66% Test OOD1: 65.93% Test OOD2: 54.44% Test OOD3: 63.50% 
Epoch: 204, Loss: 2.7256, Cls: 0.9085, Ind: 0.0000, Med: 0.4543, Spu: 0.0000, FD: 0.9083, FDAug: 0.4545, Var: 0.0000, Ctx: 6, MixCtx: 3, Train: 79.24%, Valid: 73.31%, Test In: 74.76% Test OOD1: 66.29% Test OOD2: 54.56% Test OOD3: 63.93% 
Epoch: 205, Loss: 2.7649, Cls: 0.9216, Ind: 0.0000, Med: 0.4607, Spu: 0.0000, FD: 0.9220, FDAug: 0.4605, Var: 0.0000, Ctx: 6, MixCtx: 3, Train: 79.42%, Valid: 73.00%, Test In: 74.46% Test OOD1: 65.14% Test OOD2: 54.45% Test OOD3: 63.19% 
Epoch: 206, Loss: 2.7393, Cls: 0.9132, Ind: 0.0000, Med: 0.4567, Spu: 0.0000, FD: 0.9127, FDAug: 0.4567, Var: 0.0000, Ctx: 6, MixCtx: 3, Train: 79.44%, Valid: 73.32%, Test In: 74.78% Test OOD1: 66.32% Test OOD2: 54.52% Test OOD3: 63.82% 
Epoch: 207, Loss: 2.6983, Cls: 0.8994, Ind: 0.0000, Med: 0.4497, Spu: 0.0000, FD: 0.8995, FDAug: 0.4497, Var: 0.0000, Ctx: 6, MixCtx: 3, Train: 79.35%, Valid: 73.39%, Test In: 74.82% Test OOD1: 66.75% Test OOD2: 54.46% Test OOD3: 63.97% 
Epoch: 208, Loss: 2.7101, Cls: 0.9033, Ind: 0.0000, Med: 0.4516, Spu: 0.0000, FD: 0.9035, FDAug: 0.4516, Var: 0.0000, Ctx: 6, MixCtx: 3, Train: 79.49%, Valid: 73.03%, Test In: 74.52% Test OOD1: 65.53% Test OOD2: 54.46% Test OOD3: 63.31% 
Epoch: 209, Loss: 2.7457, Cls: 0.9153, Ind: 0.0000, Med: 0.4578, Spu: 0.0000, FD: 0.9147, FDAug: 0.4578, Var: 0.0000, Ctx: 6, MixCtx: 3, Train: 79.34%, Valid: 73.22%, Test In: 74.67% Test OOD1: 66.21% Test OOD2: 54.67% Test OOD3: 63.95% 
Epoch: 210, Loss: 2.7650, Cls: 0.9217, Ind: 0.0000, Med: 0.4608, Spu: 0.0000, FD: 0.9220, FDAug: 0.4605, Var: 0.0000, Ctx: 6, MixCtx: 3, Train: 79.63%, Valid: 73.20%, Test In: 74.69% Test OOD1: 65.88% Test OOD2: 54.47% Test OOD3: 63.56% 
Epoch: 211, Loss: 2.6920, Cls: 0.8973, Ind: 0.0000, Med: 0.4487, Spu: 0.0000, FD: 0.8973, FDAug: 0.4487, Var: 0.0000, Ctx: 6, MixCtx: 3, Train: 79.50%, Valid: 73.24%, Test In: 74.66% Test OOD1: 65.88% Test OOD2: 54.29% Test OOD3: 63.44% 
Epoch: 212, Loss: 2.7235, Cls: 0.9077, Ind: 0.0000, Med: 0.4539, Spu: 0.0000, FD: 0.9077, FDAug: 0.4542, Var: 0.0000, Ctx: 6, MixCtx: 3, Train: 79.32%, Valid: 73.31%, Test In: 74.76% Test OOD1: 66.69% Test OOD2: 54.53% Test OOD3: 64.12% 
Epoch: 213, Loss: 2.7885, Cls: 0.9298, Ind: 0.0000, Med: 0.4650, Spu: 0.0000, FD: 0.9295, FDAug: 0.4642, Var: 0.0000, Ctx: 6, MixCtx: 3, Train: 79.57%, Valid: 72.73%, Test In: 74.27% Test OOD1: 64.71% Test OOD2: 54.61% Test OOD3: 63.13% 
Epoch: 214, Loss: 2.7802, Cls: 0.9268, Ind: 0.0000, Med: 0.4636, Spu: 0.0000, FD: 0.9263, FDAug: 0.4635, Var: 0.0000, Ctx: 6, MixCtx: 3, Train: 79.75%, Valid: 73.06%, Test In: 74.60% Test OOD1: 65.51% Test OOD2: 54.55% Test OOD3: 63.44% 
Epoch: 215, Loss: 2.7096, Cls: 0.9031, Ind: 0.0000, Med: 0.4516, Spu: 0.0000, FD: 0.9032, FDAug: 0.4518, Var: 0.0000, Ctx: 6, MixCtx: 3, Train: 79.19%, Valid: 73.40%, Test In: 74.89% Test OOD1: 67.24% Test OOD2: 54.24% Test OOD3: 64.25% 
Epoch: 216, Loss: 2.8469, Cls: 0.9495, Ind: 0.0000, Med: 0.4750, Spu: 0.0000, FD: 0.9485, FDAug: 0.4738, Var: 0.0000, Ctx: 6, MixCtx: 3, Train: 79.27%, Valid: 72.64%, Test In: 74.01% Test OOD1: 64.22% Test OOD2: 54.03% Test OOD3: 62.53% 
Epoch: 217, Loss: 2.8667, Cls: 0.9557, Ind: 0.0000, Med: 0.4781, Spu: 0.0000, FD: 0.9547, FDAug: 0.4782, Var: 0.0000, Ctx: 6, MixCtx: 3, Train: 79.54%, Valid: 72.97%, Test In: 74.60% Test OOD1: 65.34% Test OOD2: 54.77% Test OOD3: 63.63% 
Epoch: 218, Loss: 2.8006, Cls: 0.9334, Ind: 0.0000, Med: 0.4666, Spu: 0.0000, FD: 0.9341, FDAug: 0.4664, Var: 0.0000, Ctx: 6, MixCtx: 3, Train: 79.57%, Valid: 73.24%, Test In: 74.78% Test OOD1: 66.46% Test OOD2: 54.66% Test OOD3: 64.02% 
Epoch: 219, Loss: 2.7682, Cls: 0.9229, Ind: 0.0000, Med: 0.4614, Spu: 0.0000, FD: 0.9230, FDAug: 0.4609, Var: 0.0000, Ctx: 6, MixCtx: 3, Train: 79.37%, Valid: 73.34%, Test In: 74.77% Test OOD1: 66.61% Test OOD2: 54.22% Test OOD3: 63.73% 
Epoch: 220, Loss: 2.7761, Cls: 0.9249, Ind: 0.0000, Med: 0.4624, Spu: 0.0000, FD: 0.9255, FDAug: 0.4634, Var: 0.0000, Ctx: 6, MixCtx: 3, Train: 78.89%, Valid: 73.48%, Test In: 74.91% Test OOD1: 67.85% Test OOD2: 54.06% Test OOD3: 64.37% 
Epoch: 221, Loss: 2.7366, Cls: 0.9124, Ind: 0.0000, Med: 0.4563, Spu: 0.0000, FD: 0.9118, FDAug: 0.4560, Var: 0.0000, Ctx: 6, MixCtx: 3, Train: 78.78%, Valid: 73.44%, Test In: 74.89% Test OOD1: 67.96% Test OOD2: 54.08% Test OOD3: 64.52% 
Epoch: 222, Loss: 2.7567, Cls: 0.9195, Ind: 0.0000, Med: 0.4601, Spu: 0.0000, FD: 0.9182, FDAug: 0.4589, Var: 0.0000, Ctx: 6, MixCtx: 3, Train: 79.62%, Valid: 73.38%, Test In: 74.92% Test OOD1: 66.48% Test OOD2: 54.36% Test OOD3: 63.82% 
Epoch: 223, Loss: 2.7328, Cls: 0.9105, Ind: 0.0000, Med: 0.4551, Spu: 0.0000, FD: 0.9113, FDAug: 0.4559, Var: 0.0000, Ctx: 6, MixCtx: 3, Train: 79.83%, Valid: 73.17%, Test In: 74.84% Test OOD1: 65.62% Test OOD2: 54.54% Test OOD3: 63.62% 
Epoch: 224, Loss: 2.7354, Cls: 0.9114, Ind: 0.0000, Med: 0.4555, Spu: 0.0000, FD: 0.9124, FDAug: 0.4561, Var: 0.0000, Ctx: 6, MixCtx: 3, Train: 79.73%, Valid: 73.30%, Test In: 74.95% Test OOD1: 66.19% Test OOD2: 54.56% Test OOD3: 63.95% 
Epoch: 225, Loss: 2.7404, Cls: 0.9130, Ind: 0.0000, Med: 0.4562, Spu: 0.0000, FD: 0.9145, FDAug: 0.4568, Var: 0.0000, Ctx: 6, MixCtx: 3, Train: 79.69%, Valid: 73.39%, Test In: 75.01% Test OOD1: 66.49% Test OOD2: 54.33% Test OOD3: 63.89% 
Epoch: 226, Loss: 2.7024, Cls: 0.9004, Ind: 0.0000, Med: 0.4500, Spu: 0.0000, FD: 0.9014, FDAug: 0.4505, Var: 0.0000, Ctx: 6, MixCtx: 3, Train: 79.38%, Valid: 73.27%, Test In: 74.76% Test OOD1: 66.06% Test OOD2: 54.22% Test OOD3: 63.38% 
Epoch: 227, Loss: 2.7391, Cls: 0.9135, Ind: 0.0000, Med: 0.4571, Spu: 0.0000, FD: 0.9120, FDAug: 0.4563, Var: 0.0000, Ctx: 6, MixCtx: 3, Train: 79.38%, Valid: 73.43%, Test In: 75.02% Test OOD1: 66.98% Test OOD2: 54.06% Test OOD3: 63.97% 
Epoch: 228, Loss: 2.7144, Cls: 0.9048, Ind: 0.0000, Med: 0.4524, Spu: 0.0000, FD: 0.9048, FDAug: 0.4524, Var: 0.0000, Ctx: 6, MixCtx: 3, Train: 79.67%, Valid: 73.41%, Test In: 74.99% Test OOD1: 66.63% Test OOD2: 54.18% Test OOD3: 63.93% 
Epoch: 229, Loss: 2.6984, Cls: 0.8993, Ind: 0.0000, Med: 0.4495, Spu: 0.0000, FD: 0.8998, FDAug: 0.4498, Var: 0.0000, Ctx: 6, MixCtx: 3, Train: 79.87%, Valid: 72.97%, Test In: 74.58% Test OOD1: 65.03% Test OOD2: 54.37% Test OOD3: 63.24% 
Epoch: 230, Loss: 2.7035, Cls: 0.9013, Ind: 0.0000, Med: 0.4508, Spu: 0.0000, FD: 0.9008, FDAug: 0.4505, Var: 0.0000, Ctx: 6, MixCtx: 3, Train: 79.96%, Valid: 72.99%, Test In: 74.69% Test OOD1: 65.35% Test OOD2: 54.53% Test OOD3: 63.53% 
Epoch: 231, Loss: 2.6977, Cls: 0.8994, Ind: 0.0000, Med: 0.4498, Spu: 0.0000, FD: 0.8990, FDAug: 0.4495, Var: 0.0000, Ctx: 6, MixCtx: 3, Train: 79.88%, Valid: 73.25%, Test In: 74.84% Test OOD1: 66.52% Test OOD2: 54.48% Test OOD3: 64.03% 
Epoch: 232, Loss: 2.6917, Cls: 0.8973, Ind: 0.0000, Med: 0.4487, Spu: 0.0000, FD: 0.8972, FDAug: 0.4485, Var: 0.0000, Ctx: 6, MixCtx: 3, Train: 79.85%, Valid: 73.30%, Test In: 74.80% Test OOD1: 66.78% Test OOD2: 54.34% Test OOD3: 63.96% 
Epoch: 233, Loss: 2.6791, Cls: 0.8929, Ind: 0.0000, Med: 0.4465, Spu: 0.0000, FD: 0.8931, FDAug: 0.4466, Var: 0.0000, Ctx: 6, MixCtx: 3, Train: 79.89%, Valid: 73.29%, Test In: 74.75% Test OOD1: 66.64% Test OOD2: 54.29% Test OOD3: 63.86% 
Epoch: 234, Loss: 2.6912, Cls: 0.8967, Ind: 0.0000, Med: 0.4483, Spu: 0.0000, FD: 0.8974, FDAug: 0.4488, Var: 0.0000, Ctx: 6, MixCtx: 3, Train: 79.97%, Valid: 73.26%, Test In: 74.80% Test OOD1: 66.52% Test OOD2: 54.37% Test OOD3: 63.95% 
Epoch: 235, Loss: 2.6834, Cls: 0.8945, Ind: 0.0000, Med: 0.4473, Spu: 0.0000, FD: 0.8945, FDAug: 0.4471, Var: 0.0000, Ctx: 6, MixCtx: 3, Train: 80.06%, Valid: 72.79%, Test In: 74.44% Test OOD1: 64.85% Test OOD2: 54.42% Test OOD3: 63.24% 
Epoch: 236, Loss: 2.6733, Cls: 0.8912, Ind: 0.0000, Med: 0.4457, Spu: 0.0000, FD: 0.8909, FDAug: 0.4455, Var: 0.0000, Ctx: 6, MixCtx: 3, Train: 80.02%, Valid: 72.61%, Test In: 74.26% Test OOD1: 64.40% Test OOD2: 54.40% Test OOD3: 63.02% 
Epoch: 237, Loss: 2.6793, Cls: 0.8932, Ind: 0.0000, Med: 0.4467, Spu: 0.0000, FD: 0.8929, FDAug: 0.4465, Var: 0.0000, Ctx: 6, MixCtx: 3, Train: 80.19%, Valid: 73.04%, Test In: 74.67% Test OOD1: 65.74% Test OOD2: 54.51% Test OOD3: 63.63% 
Epoch: 238, Loss: 2.6690, Cls: 0.8896, Ind: 0.0000, Med: 0.4448, Spu: 0.0000, FD: 0.8898, FDAug: 0.4448, Var: 0.0000, Ctx: 6, MixCtx: 3, Train: 80.15%, Valid: 73.10%, Test In: 74.64% Test OOD1: 66.07% Test OOD2: 54.39% Test OOD3: 63.62% 
Epoch: 239, Loss: 2.6694, Cls: 0.8896, Ind: 0.0000, Med: 0.4447, Spu: 0.0000, FD: 0.8900, FDAug: 0.4450, Var: 0.0000, Ctx: 6, MixCtx: 3, Train: 80.26%, Valid: 73.06%, Test In: 74.64% Test OOD1: 65.92% Test OOD2: 54.41% Test OOD3: 63.58% 
Epoch: 240, Loss: 2.6593, Cls: 0.8863, Ind: 0.0000, Med: 0.4431, Spu: 0.0000, FD: 0.8866, FDAug: 0.4433, Var: 0.0000, Ctx: 6, MixCtx: 3, Train: 80.33%, Valid: 72.83%, Test In: 74.55% Test OOD1: 65.20% Test OOD2: 54.49% Test OOD3: 63.39% 
Epoch: 241, Loss: 2.6586, Cls: 0.8861, Ind: 0.0000, Med: 0.4431, Spu: 0.0000, FD: 0.8863, FDAug: 0.4431, Var: 0.0000, Ctx: 6, MixCtx: 3, Train: 80.32%, Valid: 72.52%, Test In: 74.23% Test OOD1: 64.27% Test OOD2: 54.36% Test OOD3: 62.93% 
Epoch: 242, Loss: 2.6613, Cls: 0.8873, Ind: 0.0000, Med: 0.4438, Spu: 0.0000, FD: 0.8868, FDAug: 0.4434, Var: 0.0000, Ctx: 6, MixCtx: 3, Train: 80.48%, Valid: 72.80%, Test In: 74.48% Test OOD1: 65.13% Test OOD2: 54.39% Test OOD3: 63.25% 
Epoch: 243, Loss: 2.6461, Cls: 0.8820, Ind: 0.0000, Med: 0.4410, Spu: 0.0000, FD: 0.8820, FDAug: 0.4410, Var: 0.0000, Ctx: 6, MixCtx: 3, Train: 80.47%, Valid: 72.99%, Test In: 74.60% Test OOD1: 65.81% Test OOD2: 54.36% Test OOD3: 63.45% 
Epoch: 244, Loss: 2.6495, Cls: 0.8830, Ind: 0.0000, Med: 0.4415, Spu: 0.0000, FD: 0.8833, FDAug: 0.4416, Var: 0.0000, Ctx: 6, MixCtx: 3, Train: 80.54%, Valid: 72.79%, Test In: 74.39% Test OOD1: 65.26% Test OOD2: 54.33% Test OOD3: 63.08% 
Epoch: 245, Loss: 2.6500, Cls: 0.8835, Ind: 0.0000, Med: 0.4419, Spu: 0.0000, FD: 0.8831, FDAug: 0.4416, Var: 0.0000, Ctx: 6, MixCtx: 3, Train: 80.62%, Valid: 72.70%, Test In: 74.45% Test OOD1: 64.98% Test OOD2: 54.54% Test OOD3: 63.16% 
Epoch: 246, Loss: 2.6531, Cls: 0.8842, Ind: 0.0000, Med: 0.4421, Spu: 0.0000, FD: 0.8846, FDAug: 0.4422, Var: 0.0000, Ctx: 6, MixCtx: 3, Train: 80.66%, Valid: 72.39%, Test In: 74.09% Test OOD1: 64.07% Test OOD2: 54.29% Test OOD3: 62.60% 
Epoch: 247, Loss: 2.6455, Cls: 0.8819, Ind: 0.0000, Med: 0.4410, Spu: 0.0000, FD: 0.8817, FDAug: 0.4409, Var: 0.0000, Ctx: 6, MixCtx: 3, Train: 80.74%, Valid: 72.73%, Test In: 74.44% Test OOD1: 64.92% Test OOD2: 54.34% Test OOD3: 62.98% 
Epoch: 248, Loss: 2.6324, Cls: 0.8774, Ind: 0.0000, Med: 0.4387, Spu: 0.0000, FD: 0.8775, FDAug: 0.4387, Var: 0.0000, Ctx: 6, MixCtx: 3, Train: 80.72%, Valid: 72.88%, Test In: 74.57% Test OOD1: 65.44% Test OOD2: 54.33% Test OOD3: 63.17% 
Epoch: 249, Loss: 2.6348, Cls: 0.8783, Ind: 0.0000, Med: 0.4392, Spu: 0.0000, FD: 0.8783, FDAug: 0.4391, Var: 0.0000, Ctx: 6, MixCtx: 3, Train: 80.81%, Valid: 72.61%, Test In: 74.26% Test OOD1: 64.77% Test OOD2: 54.21% Test OOD3: 62.75% 
Epoch: 250, Loss: 2.6386, Cls: 0.8795, Ind: 0.0000, Med: 0.4398, Spu: 0.0000, FD: 0.8794, FDAug: 0.4398, Var: 0.0000, Ctx: 6, MixCtx: 3, Train: 80.82%, Valid: 72.64%, Test In: 74.40% Test OOD1: 65.05% Test OOD2: 54.60% Test OOD3: 63.12% 
Epoch: 251, Loss: 2.6530, Cls: 0.8844, Ind: 0.0000, Med: 0.4423, Spu: 0.0000, FD: 0.8843, FDAug: 0.4420, Var: 0.0000, Ctx: 6, MixCtx: 3, Train: 80.89%, Valid: 72.26%, Test In: 73.83% Test OOD1: 64.02% Test OOD2: 54.09% Test OOD3: 62.33% 
Epoch: 252, Loss: 2.6477, Cls: 0.8826, Ind: 0.0000, Med: 0.4414, Spu: 0.0000, FD: 0.8824, FDAug: 0.4413, Var: 0.0000, Ctx: 6, MixCtx: 3, Train: 80.94%, Valid: 72.69%, Test In: 74.39% Test OOD1: 65.22% Test OOD2: 54.46% Test OOD3: 63.12% 
Epoch: 253, Loss: 2.6450, Cls: 0.8817, Ind: 0.0000, Med: 0.4409, Spu: 0.0000, FD: 0.8816, FDAug: 0.4407, Var: 0.0000, Ctx: 6, MixCtx: 3, Train: 80.99%, Valid: 72.37%, Test In: 73.92% Test OOD1: 64.35% Test OOD2: 53.99% Test OOD3: 62.45% 
Epoch: 254, Loss: 2.6476, Cls: 0.8826, Ind: 0.0000, Med: 0.4414, Spu: 0.0000, FD: 0.8823, FDAug: 0.4413, Var: 0.0000, Ctx: 6, MixCtx: 3, Train: 80.85%, Valid: 72.60%, Test In: 74.37% Test OOD1: 65.29% Test OOD2: 54.63% Test OOD3: 63.25% 
Epoch: 255, Loss: 2.6779, Cls: 0.8928, Ind: 0.0000, Med: 0.4465, Spu: 0.0000, FD: 0.8925, FDAug: 0.4461, Var: 0.0000, Ctx: 6, MixCtx: 3, Train: 81.05%, Valid: 72.11%, Test In: 73.69% Test OOD1: 63.89% Test OOD2: 54.00% Test OOD3: 62.23% 
Epoch: 256, Loss: 2.6853, Cls: 0.8951, Ind: 0.0000, Med: 0.4477, Spu: 0.0000, FD: 0.8949, FDAug: 0.4477, Var: 0.0000, Ctx: 6, MixCtx: 3, Train: 80.96%, Valid: 72.60%, Test In: 74.32% Test OOD1: 65.27% Test OOD2: 54.62% Test OOD3: 63.21% 
Epoch: 257, Loss: 2.6760, Cls: 0.8922, Ind: 0.0000, Med: 0.4462, Spu: 0.0000, FD: 0.8918, FDAug: 0.4457, Var: 0.0000, Ctx: 6, MixCtx: 3, Train: 81.20%, Valid: 72.38%, Test In: 73.90% Test OOD1: 64.32% Test OOD2: 53.98% Test OOD3: 62.44% 
Epoch: 258, Loss: 2.6365, Cls: 0.8788, Ind: 0.0000, Med: 0.4394, Spu: 0.0000, FD: 0.8787, FDAug: 0.4395, Var: 0.0000, Ctx: 6, MixCtx: 3, Train: 81.23%, Valid: 72.67%, Test In: 74.28% Test OOD1: 65.24% Test OOD2: 54.37% Test OOD3: 63.03% 
Epoch: 259, Loss: 2.6143, Cls: 0.8714, Ind: 0.0000, Med: 0.4357, Spu: 0.0000, FD: 0.8715, FDAug: 0.4357, Var: 0.0000, Ctx: 6, MixCtx: 3, Train: 81.36%, Valid: 72.48%, Test In: 74.03% Test OOD1: 64.63% Test OOD2: 54.23% Test OOD3: 62.66% 
Epoch: 260, Loss: 2.6018, Cls: 0.8672, Ind: 0.0000, Med: 0.4336, Spu: 0.0000, FD: 0.8673, FDAug: 0.4337, Var: 0.0000, Ctx: 6, MixCtx: 3, Train: 81.39%, Valid: 72.44%, Test In: 73.97% Test OOD1: 64.50% Test OOD2: 54.20% Test OOD3: 62.57% 
Epoch: 261, Loss: 2.6001, Cls: 0.8667, Ind: 0.0000, Med: 0.4334, Spu: 0.0000, FD: 0.8667, FDAug: 0.4334, Var: 0.0000, Ctx: 6, MixCtx: 3, Train: 81.38%, Valid: 72.62%, Test In: 74.22% Test OOD1: 65.08% Test OOD2: 54.37% Test OOD3: 62.93% 
Epoch: 262, Loss: 2.6061, Cls: 0.8685, Ind: 0.0000, Med: 0.4342, Spu: 0.0000, FD: 0.8690, FDAug: 0.4344, Var: 0.0000, Ctx: 6, MixCtx: 3, Train: 81.43%, Valid: 72.36%, Test In: 73.85% Test OOD1: 64.25% Test OOD2: 53.94% Test OOD3: 62.39% 
Epoch: 263, Loss: 2.6195, Cls: 0.8735, Ind: 0.0000, Med: 0.4370, Spu: 0.0000, FD: 0.8725, FDAug: 0.4364, Var: 0.0000, Ctx: 6, MixCtx: 3, Train: 81.32%, Valid: 72.54%, Test In: 74.21% Test OOD1: 65.10% Test OOD2: 54.58% Test OOD3: 63.03% 
Epoch: 264, Loss: 2.6490, Cls: 0.8826, Ind: 0.0000, Med: 0.4411, Spu: 0.0000, FD: 0.8837, FDAug: 0.4416, Var: 0.0000, Ctx: 6, MixCtx: 3, Train: 81.43%, Valid: 72.07%, Test In: 73.56% Test OOD1: 63.82% Test OOD2: 53.83% Test OOD3: 62.12% 
Epoch: 265, Loss: 2.6666, Cls: 0.8894, Ind: 0.0000, Med: 0.4451, Spu: 0.0000, FD: 0.8878, FDAug: 0.4442, Var: 0.0000, Ctx: 6, MixCtx: 3, Train: 81.17%, Valid: 72.54%, Test In: 74.20% Test OOD1: 65.39% Test OOD2: 54.64% Test OOD3: 63.19% 
Epoch: 266, Loss: 2.6931, Cls: 0.8975, Ind: 0.0000, Med: 0.4487, Spu: 0.0000, FD: 0.8980, FDAug: 0.4488, Var: 0.0000, Ctx: 6, MixCtx: 3, Train: 81.58%, Valid: 72.09%, Test In: 73.63% Test OOD1: 64.00% Test OOD2: 53.89% Test OOD3: 62.21% 
Epoch: 267, Loss: 2.6472, Cls: 0.8824, Ind: 0.0000, Med: 0.4413, Spu: 0.0000, FD: 0.8822, FDAug: 0.4413, Var: 0.0000, Ctx: 6, MixCtx: 3, Train: 81.61%, Valid: 72.53%, Test In: 74.16% Test OOD1: 65.05% Test OOD2: 54.35% Test OOD3: 62.88% 
Epoch: 268, Loss: 2.5962, Cls: 0.8655, Ind: 0.0000, Med: 0.4328, Spu: 0.0000, FD: 0.8653, FDAug: 0.4325, Var: 0.0000, Ctx: 6, MixCtx: 3, Train: 81.68%, Valid: 72.48%, Test In: 74.00% Test OOD1: 64.67% Test OOD2: 54.07% Test OOD3: 62.52% 
Epoch: 269, Loss: 2.5811, Cls: 0.8604, Ind: 0.0000, Med: 0.4302, Spu: 0.0000, FD: 0.8604, FDAug: 0.4302, Var: 0.0000, Ctx: 6, MixCtx: 3, Train: 81.63%, Valid: 72.27%, Test In: 73.69% Test OOD1: 64.03% Test OOD2: 53.81% Test OOD3: 62.08% 
Epoch: 270, Loss: 2.6022, Cls: 0.8671, Ind: 0.0000, Med: 0.4335, Spu: 0.0000, FD: 0.8676, FDAug: 0.4339, Var: 0.0000, Ctx: 6, MixCtx: 3, Train: 81.51%, Valid: 72.48%, Test In: 74.25% Test OOD1: 65.25% Test OOD2: 54.60% Test OOD3: 63.00% 
Epoch: 271, Loss: 2.6515, Cls: 0.8841, Ind: 0.0000, Med: 0.4422, Spu: 0.0000, FD: 0.8835, FDAug: 0.4415, Var: 0.0000, Ctx: 6, MixCtx: 3, Train: 81.71%, Valid: 72.10%, Test In: 73.71% Test OOD1: 64.00% Test OOD2: 53.84% Test OOD3: 62.14% 
Epoch: 272, Loss: 2.6347, Cls: 0.8781, Ind: 0.0000, Med: 0.4391, Spu: 0.0000, FD: 0.8782, FDAug: 0.4393, Var: 0.0000, Ctx: 6, MixCtx: 3, Train: 81.80%, Valid: 72.46%, Test In: 74.11% Test OOD1: 64.85% Test OOD2: 54.24% Test OOD3: 62.68% 
Epoch: 273, Loss: 2.5888, Cls: 0.8628, Ind: 0.0000, Med: 0.4314, Spu: 0.0000, FD: 0.8631, FDAug: 0.4314, Var: 0.0000, Ctx: 6, MixCtx: 3, Train: 81.84%, Valid: 72.27%, Test In: 73.80% Test OOD1: 64.32% Test OOD2: 53.91% Test OOD3: 62.24% 
Epoch: 274, Loss: 2.5722, Cls: 0.8574, Ind: 0.0000, Med: 0.4287, Spu: 0.0000, FD: 0.8574, FDAug: 0.4287, Var: 0.0000, Ctx: 6, MixCtx: 3, Train: 81.96%, Valid: 72.17%, Test In: 73.68% Test OOD1: 64.25% Test OOD2: 53.89% Test OOD3: 62.16% 
Epoch: 275, Loss: 2.5772, Cls: 0.8593, Ind: 0.0000, Med: 0.4298, Spu: 0.0000, FD: 0.8586, FDAug: 0.4294, Var: 0.0000, Ctx: 6, MixCtx: 3, Train: 81.79%, Valid: 72.33%, Test In: 74.01% Test OOD1: 65.01% Test OOD2: 54.49% Test OOD3: 62.73% 
Epoch: 276, Loss: 2.6101, Cls: 0.8695, Ind: 0.0000, Med: 0.4346, Spu: 0.0000, FD: 0.8708, FDAug: 0.4352, Var: 0.0000, Ctx: 6, MixCtx: 3, Train: 81.88%, Valid: 71.97%, Test In: 73.40% Test OOD1: 63.68% Test OOD2: 53.66% Test OOD3: 61.77% 
Epoch: 277, Loss: 2.6148, Cls: 0.8722, Ind: 0.0000, Med: 0.4365, Spu: 0.0000, FD: 0.8706, FDAug: 0.4355, Var: 0.0000, Ctx: 6, MixCtx: 3, Train: 81.78%, Valid: 72.38%, Test In: 74.04% Test OOD1: 64.81% Test OOD2: 54.39% Test OOD3: 62.65% 
Epoch: 278, Loss: 2.6442, Cls: 0.8809, Ind: 0.0000, Med: 0.4402, Spu: 0.0000, FD: 0.8822, FDAug: 0.4409, Var: 0.0000, Ctx: 6, MixCtx: 3, Train: 81.94%, Valid: 71.77%, Test In: 73.38% Test OOD1: 63.43% Test OOD2: 53.54% Test OOD3: 61.77% 
Epoch: 279, Loss: 2.6621, Cls: 0.8877, Ind: 0.0000, Med: 0.4441, Spu: 0.0000, FD: 0.8867, FDAug: 0.4436, Var: 0.0000, Ctx: 6, MixCtx: 3, Train: 81.56%, Valid: 72.23%, Test In: 74.01% Test OOD1: 65.24% Test OOD2: 54.57% Test OOD3: 62.95% 
Epoch: 280, Loss: 2.6469, Cls: 0.8824, Ind: 0.0000, Med: 0.4413, Spu: 0.0000, FD: 0.8823, FDAug: 0.4409, Var: 0.0000, Ctx: 6, MixCtx: 3, Train: 82.18%, Valid: 72.07%, Test In: 73.63% Test OOD1: 64.44% Test OOD2: 54.02% Test OOD3: 62.22% 
Epoch: 281, Loss: 2.5594, Cls: 0.8531, Ind: 0.0000, Med: 0.4266, Spu: 0.0000, FD: 0.8531, FDAug: 0.4266, Var: 0.0000, Ctx: 6, MixCtx: 3, Train: 81.73%, Valid: 71.75%, Test In: 73.02% Test OOD1: 63.39% Test OOD2: 53.59% Test OOD3: 61.22% 
Epoch: 282, Loss: 2.6132, Cls: 0.8709, Ind: 0.0000, Med: 0.4355, Spu: 0.0000, FD: 0.8711, FDAug: 0.4357, Var: 0.0000, Ctx: 6, MixCtx: 3, Train: 81.55%, Valid: 72.49%, Test In: 74.14% Test OOD1: 65.48% Test OOD2: 54.39% Test OOD3: 62.90% 
Epoch: 283, Loss: 2.7645, Cls: 0.9224, Ind: 0.0000, Med: 0.4616, Spu: 0.0000, FD: 0.9205, FDAug: 0.4599, Var: 0.0000, Ctx: 6, MixCtx: 3, Train: 81.58%, Valid: 71.30%, Test In: 73.12% Test OOD1: 63.05% Test OOD2: 53.70% Test OOD3: 61.68% 
Epoch: 284, Loss: 2.7624, Cls: 0.9199, Ind: 0.0000, Med: 0.4596, Spu: 0.0000, FD: 0.9217, FDAug: 0.4612, Var: 0.0000, Ctx: 6, MixCtx: 3, Train: 81.72%, Valid: 71.64%, Test In: 73.80% Test OOD1: 63.75% Test OOD2: 54.25% Test OOD3: 62.34% 
Epoch: 285, Loss: 2.6415, Cls: 0.8802, Ind: 0.0000, Med: 0.4400, Spu: 0.0000, FD: 0.8808, FDAug: 0.4404, Var: 0.0000, Ctx: 6, MixCtx: 3, Train: 81.57%, Valid: 72.56%, Test In: 74.40% Test OOD1: 65.69% Test OOD2: 54.39% Test OOD3: 63.17% 
Epoch: 286, Loss: 2.7124, Cls: 0.9049, Ind: 0.0000, Med: 0.4529, Spu: 0.0000, FD: 0.9032, FDAug: 0.4513, Var: 0.0000, Ctx: 6, MixCtx: 3, Train: 81.62%, Valid: 72.08%, Test In: 73.51% Test OOD1: 63.82% Test OOD2: 53.45% Test OOD3: 61.50% 
Epoch: 287, Loss: 2.6285, Cls: 0.8761, Ind: 0.0000, Med: 0.4381, Spu: 0.0000, FD: 0.8760, FDAug: 0.4382, Var: 0.0000, Ctx: 6, MixCtx: 3, Train: 81.79%, Valid: 72.22%, Test In: 73.61% Test OOD1: 64.43% Test OOD2: 53.67% Test OOD3: 61.78% 
Epoch: 288, Loss: 2.5802, Cls: 0.8602, Ind: 0.0000, Med: 0.4302, Spu: 0.0000, FD: 0.8599, FDAug: 0.4300, Var: 0.0000, Ctx: 6, MixCtx: 3, Train: 81.94%, Valid: 72.49%, Test In: 73.98% Test OOD1: 65.48% Test OOD2: 54.08% Test OOD3: 62.62% 
Epoch: 289, Loss: 2.6450, Cls: 0.8813, Ind: 0.0000, Med: 0.4404, Spu: 0.0000, FD: 0.8824, FDAug: 0.4409, Var: 0.0000, Ctx: 6, MixCtx: 3, Train: 81.91%, Valid: 72.09%, Test In: 73.43% Test OOD1: 64.44% Test OOD2: 53.65% Test OOD3: 62.06% 
Epoch: 290, Loss: 2.5931, Cls: 0.8646, Ind: 0.0000, Med: 0.4325, Spu: 0.0000, FD: 0.8639, FDAug: 0.4320, Var: 0.0000, Ctx: 6, MixCtx: 3, Train: 82.06%, Valid: 72.35%, Test In: 73.98% Test OOD1: 64.88% Test OOD2: 53.82% Test OOD3: 62.69% 
Epoch: 291, Loss: 2.5818, Cls: 0.8607, Ind: 0.0000, Med: 0.4305, Spu: 0.0000, FD: 0.8603, FDAug: 0.4302, Var: 0.0000, Ctx: 6, MixCtx: 3, Train: 81.81%, Valid: 72.56%, Test In: 74.41% Test OOD1: 65.40% Test OOD2: 54.09% Test OOD3: 63.22% 
Epoch: 292, Loss: 2.6005, Cls: 0.8662, Ind: 0.0000, Med: 0.4328, Spu: 0.0000, FD: 0.8677, FDAug: 0.4337, Var: 0.0000, Ctx: 6, MixCtx: 3, Train: 81.86%, Valid: 72.18%, Test In: 73.75% Test OOD1: 63.82% Test OOD2: 53.46% Test OOD3: 62.09% 
Epoch: 293, Loss: 2.5717, Cls: 0.8571, Ind: 0.0000, Med: 0.4286, Spu: 0.0000, FD: 0.8573, FDAug: 0.4287, Var: 0.0000, Ctx: 6, MixCtx: 3, Train: 82.12%, Valid: 72.06%, Test In: 73.43% Test OOD1: 63.79% Test OOD2: 53.45% Test OOD3: 61.81% 
Epoch: 294, Loss: 2.5686, Cls: 0.8564, Ind: 0.0000, Med: 0.4284, Spu: 0.0000, FD: 0.8558, FDAug: 0.4280, Var: 0.0000, Ctx: 6, MixCtx: 3, Train: 82.14%, Valid: 72.48%, Test In: 73.83% Test OOD1: 65.49% Test OOD2: 54.02% Test OOD3: 62.74% 
Epoch: 295, Loss: 2.5790, Cls: 0.8594, Ind: 0.0000, Med: 0.4296, Spu: 0.0000, FD: 0.8600, FDAug: 0.4299, Var: 0.0000, Ctx: 6, MixCtx: 3, Train: 81.96%, Valid: 72.01%, Test In: 73.12% Test OOD1: 64.48% Test OOD2: 53.81% Test OOD3: 62.13% 
Epoch: 296, Loss: 2.5696, Cls: 0.8567, Ind: 0.0000, Med: 0.4285, Spu: 0.0000, FD: 0.8563, FDAug: 0.4282, Var: 0.0000, Ctx: 6, MixCtx: 3, Train: 82.36%, Valid: 71.86%, Test In: 73.13% Test OOD1: 63.79% Test OOD2: 53.74% Test OOD3: 61.83% 
Epoch: 297, Loss: 2.5497, Cls: 0.8499, Ind: 0.0000, Med: 0.4250, Spu: 0.0000, FD: 0.8498, FDAug: 0.4249, Var: 0.0000, Ctx: 6, MixCtx: 3, Train: 82.34%, Valid: 72.28%, Test In: 73.87% Test OOD1: 64.40% Test OOD2: 53.87% Test OOD3: 62.35% 
Epoch: 298, Loss: 2.5567, Cls: 0.8521, Ind: 0.0000, Med: 0.4260, Spu: 0.0000, FD: 0.8524, FDAug: 0.4261, Var: 0.0000, Ctx: 6, MixCtx: 3, Train: 82.32%, Valid: 72.02%, Test In: 73.60% Test OOD1: 63.73% Test OOD2: 53.41% Test OOD3: 61.95% 
Epoch: 299, Loss: 2.5707, Cls: 0.8564, Ind: 0.0000, Med: 0.4280, Spu: 0.0000, FD: 0.8575, FDAug: 0.4288, Var: 0.0000, Ctx: 6, MixCtx: 3, Train: 82.50%, Valid: 71.99%, Test In: 73.78% Test OOD1: 64.35% Test OOD2: 54.08% Test OOD3: 62.42% 
Epoch: 300, Loss: 2.5391, Cls: 0.8463, Ind: 0.0000, Med: 0.4232, Spu: 0.0000, FD: 0.8464, FDAug: 0.4232, Var: 0.0000, Ctx: 6, MixCtx: 3, Train: 82.57%, Valid: 71.54%, Test In: 73.06% Test OOD1: 63.68% Test OOD2: 53.93% Test OOD3: 61.78% 
Epoch: 301, Loss: 2.5346, Cls: 0.8449, Ind: 0.0000, Med: 0.4225, Spu: 0.0000, FD: 0.8447, FDAug: 0.4224, Var: 0.0000, Ctx: 6, MixCtx: 3, Train: 82.51%, Valid: 71.51%, Test In: 72.82% Test OOD1: 63.74% Test OOD2: 53.71% Test OOD3: 61.41% 
Epoch: 302, Loss: 2.5358, Cls: 0.8453, Ind: 0.0000, Med: 0.4227, Spu: 0.0000, FD: 0.8452, FDAug: 0.4226, Var: 0.0000, Ctx: 6, MixCtx: 3, Train: 82.61%, Valid: 71.87%, Test In: 73.41% Test OOD1: 64.21% Test OOD2: 53.93% Test OOD3: 61.80% 
Epoch: 303, Loss: 2.5600, Cls: 0.8533, Ind: 0.0000, Med: 0.4266, Spu: 0.0000, FD: 0.8534, FDAug: 0.4267, Var: 0.0000, Ctx: 6, MixCtx: 3, Train: 82.50%, Valid: 70.90%, Test In: 72.37% Test OOD1: 62.12% Test OOD2: 53.32% Test OOD3: 60.71% 
Epoch: 304, Loss: 2.5897, Cls: 0.8633, Ind: 0.0000, Med: 0.4318, Spu: 0.0000, FD: 0.8629, FDAug: 0.4316, Var: 0.0000, Ctx: 6, MixCtx: 3, Train: 81.98%, Valid: 71.60%, Test In: 73.63% Test OOD1: 64.18% Test OOD2: 54.41% Test OOD3: 62.43% 
Epoch: 305, Loss: 2.6221, Cls: 0.8740, Ind: 0.0000, Med: 0.4370, Spu: 0.0000, FD: 0.8741, FDAug: 0.4369, Var: 0.0000, Ctx: 6, MixCtx: 3, Train: 82.48%, Valid: 71.64%, Test In: 73.57% Test OOD1: 64.06% Test OOD2: 54.07% Test OOD3: 62.13% 
Epoch: 306, Loss: 2.5415, Cls: 0.8471, Ind: 0.0000, Med: 0.4236, Spu: 0.0000, FD: 0.8471, FDAug: 0.4236, Var: 0.0000, Ctx: 6, MixCtx: 3, Train: 82.61%, Valid: 71.15%, Test In: 72.56% Test OOD1: 62.73% Test OOD2: 53.42% Test OOD3: 60.67% 
Epoch: 307, Loss: 2.5738, Cls: 0.8585, Ind: 0.0000, Med: 0.4296, Spu: 0.0000, FD: 0.8571, FDAug: 0.4287, Var: 0.0000, Ctx: 6, MixCtx: 3, Train: 82.11%, Valid: 71.86%, Test In: 73.57% Test OOD1: 64.49% Test OOD2: 54.21% Test OOD3: 62.02% 
Epoch: 308, Loss: 2.7610, Cls: 0.9195, Ind: 0.0000, Med: 0.4594, Spu: 0.0000, FD: 0.9215, FDAug: 0.4606, Var: 0.0000, Ctx: 6, MixCtx: 3, Train: 81.66%, Valid: 70.04%, Test In: 71.20% Test OOD1: 61.54% Test OOD2: 53.16% Test OOD3: 59.88% 
Epoch: 309, Loss: 2.7431, Cls: 0.9152, Ind: 0.0000, Med: 0.4580, Spu: 0.0000, FD: 0.9131, FDAug: 0.4568, Var: 0.0000, Ctx: 6, MixCtx: 3, Train: 82.25%, Valid: 71.59%, Test In: 73.40% Test OOD1: 64.43% Test OOD2: 54.18% Test OOD3: 62.40% 
Epoch: 310, Loss: 2.5865, Cls: 0.8621, Ind: 0.0000, Med: 0.4310, Spu: 0.0000, FD: 0.8623, FDAug: 0.4311, Var: 0.0000, Ctx: 6, MixCtx: 3, Train: 80.99%, Valid: 72.13%, Test In: 73.98% Test OOD1: 65.82% Test OOD2: 54.45% Test OOD3: 63.41% 
Epoch: 311, Loss: 2.7025, Cls: 0.9012, Ind: 0.0000, Med: 0.4508, Spu: 0.0000, FD: 0.9005, FDAug: 0.4501, Var: 0.0000, Ctx: 6, MixCtx: 3, Train: 82.58%, Valid: 72.13%, Test In: 73.96% Test OOD1: 64.70% Test OOD2: 53.74% Test OOD3: 62.44% 
Epoch: 312, Loss: 2.5578, Cls: 0.8523, Ind: 0.0000, Med: 0.4260, Spu: 0.0000, FD: 0.8529, FDAug: 0.4265, Var: 0.0000, Ctx: 6, MixCtx: 3, Train: 82.35%, Valid: 71.35%, Test In: 72.73% Test OOD1: 62.47% Test OOD2: 53.27% Test OOD3: 60.63% 
Epoch: 313, Loss: 2.6246, Cls: 0.8746, Ind: 0.0000, Med: 0.4373, Spu: 0.0000, FD: 0.8750, FDAug: 0.4376, Var: 0.0000, Ctx: 6, MixCtx: 3, Train: 82.18%, Valid: 72.22%, Test In: 73.88% Test OOD1: 65.07% Test OOD2: 53.96% Test OOD3: 62.31% 
Epoch: 314, Loss: 2.6855, Cls: 0.8953, Ind: 0.0000, Med: 0.4478, Spu: 0.0000, FD: 0.8950, FDAug: 0.4474, Var: 0.0000, Ctx: 6, MixCtx: 3, Train: 82.51%, Valid: 71.90%, Test In: 73.23% Test OOD1: 64.36% Test OOD2: 53.73% Test OOD3: 61.53% 
Epoch: 315, Loss: 2.5359, Cls: 0.8453, Ind: 0.0000, Med: 0.4227, Spu: 0.0000, FD: 0.8453, FDAug: 0.4226, Var: 0.0000, Ctx: 6, MixCtx: 3, Train: 82.08%, Valid: 71.53%, Test In: 72.53% Test OOD1: 63.82% Test OOD2: 53.40% Test OOD3: 61.13% 
Epoch: 316, Loss: 2.6505, Cls: 0.8839, Ind: 0.0000, Med: 0.4422, Spu: 0.0000, FD: 0.8828, FDAug: 0.4416, Var: 0.0000, Ctx: 6, MixCtx: 3, Train: 82.65%, Valid: 72.21%, Test In: 73.79% Test OOD1: 65.30% Test OOD2: 54.07% Test OOD3: 62.70% 
Epoch: 317, Loss: 2.5771, Cls: 0.8588, Ind: 0.0000, Med: 0.4293, Spu: 0.0000, FD: 0.8593, FDAug: 0.4296, Var: 0.0000, Ctx: 6, MixCtx: 3, Train: 82.52%, Valid: 72.13%, Test In: 73.98% Test OOD1: 64.98% Test OOD2: 54.12% Test OOD3: 62.78% 
Epoch: 318, Loss: 2.5801, Cls: 0.8598, Ind: 0.0000, Med: 0.4298, Spu: 0.0000, FD: 0.8604, FDAug: 0.4301, Var: 0.0000, Ctx: 6, MixCtx: 3, Train: 82.62%, Valid: 71.89%, Test In: 73.50% Test OOD1: 63.67% Test OOD2: 53.33% Test OOD3: 62.02% 
Epoch: 319, Loss: 2.6027, Cls: 0.8675, Ind: 0.0000, Med: 0.4338, Spu: 0.0000, FD: 0.8675, FDAug: 0.4339, Var: 0.0000, Ctx: 6, MixCtx: 3, Train: 82.78%, Valid: 72.18%, Test In: 73.78% Test OOD1: 64.51% Test OOD2: 53.61% Test OOD3: 62.43% 
Epoch: 320, Loss: 2.5282, Cls: 0.8427, Ind: 0.0000, Med: 0.4214, Spu: 0.0000, FD: 0.8427, FDAug: 0.4214, Var: 0.0000, Ctx: 6, MixCtx: 3, Train: 82.68%, Valid: 72.25%, Test In: 73.78% Test OOD1: 65.27% Test OOD2: 53.96% Test OOD3: 62.71% 
Epoch: 321, Loss: 2.5766, Cls: 0.8586, Ind: 0.0000, Med: 0.4292, Spu: 0.0000, FD: 0.8592, FDAug: 0.4295, Var: 0.0000, Ctx: 6, MixCtx: 3, Train: 82.67%, Valid: 71.43%, Test In: 72.57% Test OOD1: 63.50% Test OOD2: 53.45% Test OOD3: 61.26% 
Epoch: 322, Loss: 2.5288, Cls: 0.8431, Ind: 0.0000, Med: 0.4217, Spu: 0.0000, FD: 0.8427, FDAug: 0.4213, Var: 0.0000, Ctx: 6, MixCtx: 3, Train: 82.53%, Valid: 71.32%, Test In: 72.31% Test OOD1: 63.46% Test OOD2: 53.36% Test OOD3: 61.13% 
Epoch: 323, Loss: 2.5482, Cls: 0.8499, Ind: 0.0000, Med: 0.4252, Spu: 0.0000, FD: 0.8487, FDAug: 0.4244, Var: 0.0000, Ctx: 6, MixCtx: 3, Train: 82.84%, Valid: 72.13%, Test In: 73.51% Test OOD1: 65.17% Test OOD2: 53.88% Test OOD3: 62.41% 
Epoch: 324, Loss: 2.5647, Cls: 0.8547, Ind: 0.0000, Med: 0.4273, Spu: 0.0000, FD: 0.8551, FDAug: 0.4275, Var: 0.0000, Ctx: 6, MixCtx: 3, Train: 83.19%, Valid: 71.57%, Test In: 72.98% Test OOD1: 63.31% Test OOD2: 53.41% Test OOD3: 61.59% 
Epoch: 325, Loss: 2.4979, Cls: 0.8326, Ind: 0.0000, Med: 0.4164, Spu: 0.0000, FD: 0.8325, FDAug: 0.4163, Var: 0.0000, Ctx: 6, MixCtx: 3, Train: 83.00%, Valid: 71.30%, Test In: 72.79% Test OOD1: 62.69% Test OOD2: 53.23% Test OOD3: 61.38% 
Epoch: 326, Loss: 2.5403, Cls: 0.8468, Ind: 0.0000, Med: 0.4234, Spu: 0.0000, FD: 0.8467, FDAug: 0.4234, Var: 0.0000, Ctx: 6, MixCtx: 3, Train: 82.85%, Valid: 71.85%, Test In: 73.62% Test OOD1: 64.60% Test OOD2: 53.95% Test OOD3: 62.44% 
Epoch: 327, Loss: 2.5373, Cls: 0.8457, Ind: 0.0000, Med: 0.4228, Spu: 0.0000, FD: 0.8459, FDAug: 0.4229, Var: 0.0000, Ctx: 6, MixCtx: 3, Train: 83.35%, Valid: 71.43%, Test In: 72.89% Test OOD1: 63.59% Test OOD2: 53.57% Test OOD3: 61.59% 
Epoch: 328, Loss: 2.4823, Cls: 0.8275, Ind: 0.0000, Med: 0.4138, Spu: 0.0000, FD: 0.8273, FDAug: 0.4137, Var: 0.0000, Ctx: 6, MixCtx: 3, Train: 82.91%, Valid: 70.69%, Test In: 71.82% Test OOD1: 62.36% Test OOD2: 53.21% Test OOD3: 60.41% 
Epoch: 329, Loss: 2.5306, Cls: 0.8438, Ind: 0.0000, Med: 0.4221, Spu: 0.0000, FD: 0.8432, FDAug: 0.4216, Var: 0.0000, Ctx: 6, MixCtx: 3, Train: 83.17%, Valid: 71.65%, Test In: 73.13% Test OOD1: 64.25% Test OOD2: 53.85% Test OOD3: 61.67% 
Epoch: 330, Loss: 2.5544, Cls: 0.8512, Ind: 0.0000, Med: 0.4255, Spu: 0.0000, FD: 0.8518, FDAug: 0.4258, Var: 0.0000, Ctx: 6, MixCtx: 3, Train: 83.41%, Valid: 71.12%, Test In: 72.48% Test OOD1: 62.94% Test OOD2: 53.39% Test OOD3: 61.00% 
Epoch: 331, Loss: 2.4916, Cls: 0.8306, Ind: 0.0000, Med: 0.4154, Spu: 0.0000, FD: 0.8304, FDAug: 0.4152, Var: 0.0000, Ctx: 6, MixCtx: 3, Train: 83.44%, Valid: 71.01%, Test In: 72.49% Test OOD1: 62.63% Test OOD2: 53.43% Test OOD3: 60.96% 
Epoch: 332, Loss: 2.4873, Cls: 0.8291, Ind: 0.0000, Med: 0.4146, Spu: 0.0000, FD: 0.8290, FDAug: 0.4145, Var: 0.0000, Ctx: 6, MixCtx: 3, Train: 83.23%, Valid: 71.46%, Test In: 73.14% Test OOD1: 63.76% Test OOD2: 53.83% Test OOD3: 61.56% 
Epoch: 333, Loss: 2.5139, Cls: 0.8378, Ind: 0.0000, Med: 0.4188, Spu: 0.0000, FD: 0.8382, FDAug: 0.4191, Var: 0.0000, Ctx: 6, MixCtx: 3, Train: 83.49%, Valid: 71.09%, Test In: 72.39% Test OOD1: 62.87% Test OOD2: 53.34% Test OOD3: 60.70% 
Epoch: 334, Loss: 2.4858, Cls: 0.8287, Ind: 0.0000, Med: 0.4145, Spu: 0.0000, FD: 0.8284, FDAug: 0.4142, Var: 0.0000, Ctx: 6, MixCtx: 3, Train: 83.58%, Valid: 70.94%, Test In: 72.23% Test OOD1: 62.79% Test OOD2: 53.45% Test OOD3: 60.64% 
Epoch: 335, Loss: 2.4675, Cls: 0.8225, Ind: 0.0000, Med: 0.4113, Spu: 0.0000, FD: 0.8224, FDAug: 0.4112, Var: 0.0000, Ctx: 6, MixCtx: 3, Train: 83.57%, Valid: 71.42%, Test In: 72.80% Test OOD1: 63.82% Test OOD2: 53.67% Test OOD3: 61.29% 
Epoch: 336, Loss: 2.4747, Cls: 0.8247, Ind: 0.0000, Med: 0.4123, Spu: 0.0000, FD: 0.8251, FDAug: 0.4125, Var: 0.0000, Ctx: 6, MixCtx: 3, Train: 83.59%, Valid: 71.12%, Test In: 72.30% Test OOD1: 62.92% Test OOD2: 53.33% Test OOD3: 60.73% 
Epoch: 337, Loss: 2.4777, Cls: 0.8261, Ind: 0.0000, Med: 0.4132, Spu: 0.0000, FD: 0.8256, FDAug: 0.4128, Var: 0.0000, Ctx: 6, MixCtx: 3, Train: 83.65%, Valid: 71.07%, Test In: 72.43% Test OOD1: 62.75% Test OOD2: 53.56% Test OOD3: 60.89% 
Epoch: 338, Loss: 2.4777, Cls: 0.8257, Ind: 0.0000, Med: 0.4128, Spu: 0.0000, FD: 0.8262, FDAug: 0.4131, Var: 0.0000, Ctx: 6, MixCtx: 3, Train: 83.63%, Valid: 71.42%, Test In: 72.70% Test OOD1: 63.58% Test OOD2: 53.48% Test OOD3: 61.22% 
Epoch: 339, Loss: 2.4686, Cls: 0.8229, Ind: 0.0000, Med: 0.4115, Spu: 0.0000, FD: 0.8227, FDAug: 0.4114, Var: 0.0000, Ctx: 6, MixCtx: 3, Train: 83.80%, Valid: 70.95%, Test In: 72.12% Test OOD1: 62.81% Test OOD2: 53.42% Test OOD3: 60.82% 
Epoch: 340, Loss: 2.4538, Cls: 0.8180, Ind: 0.0000, Med: 0.4090, Spu: 0.0000, FD: 0.8179, FDAug: 0.4089, Var: 0.0000, Ctx: 6, MixCtx: 3, Train: 83.90%, Valid: 71.04%, Test In: 72.22% Test OOD1: 62.89% Test OOD2: 53.44% Test OOD3: 60.83% 
Epoch: 341, Loss: 2.4481, Cls: 0.8160, Ind: 0.0000, Med: 0.4081, Spu: 0.0000, FD: 0.8160, FDAug: 0.4080, Var: 0.0000, Ctx: 6, MixCtx: 3, Train: 83.75%, Valid: 71.31%, Test In: 72.42% Test OOD1: 63.24% Test OOD2: 53.37% Test OOD3: 60.90% 
Epoch: 342, Loss: 2.4621, Cls: 0.8207, Ind: 0.0000, Med: 0.4104, Spu: 0.0000, FD: 0.8207, FDAug: 0.4103, Var: 0.0000, Ctx: 6, MixCtx: 3, Train: 83.82%, Valid: 70.97%, Test In: 72.24% Test OOD1: 62.51% Test OOD2: 53.51% Test OOD3: 60.83% 
Epoch: 343, Loss: 2.4705, Cls: 0.8235, Ind: 0.0000, Med: 0.4118, Spu: 0.0000, FD: 0.8235, FDAug: 0.4117, Var: 0.0000, Ctx: 6, MixCtx: 3, Train: 83.88%, Valid: 71.07%, Test In: 72.16% Test OOD1: 62.88% Test OOD2: 53.27% Test OOD3: 60.85% 
Epoch: 344, Loss: 2.4688, Cls: 0.8228, Ind: 0.0000, Med: 0.4114, Spu: 0.0000, FD: 0.8230, FDAug: 0.4115, Var: 0.0000, Ctx: 6, MixCtx: 3, Train: 83.74%, Valid: 71.23%, Test In: 72.57% Test OOD1: 63.53% Test OOD2: 53.64% Test OOD3: 61.41% 
Epoch: 345, Loss: 2.4787, Cls: 0.8263, Ind: 0.0000, Med: 0.4133, Spu: 0.0000, FD: 0.8261, FDAug: 0.4130, Var: 0.0000, Ctx: 6, MixCtx: 3, Train: 83.83%, Valid: 70.46%, Test In: 71.47% Test OOD1: 61.72% Test OOD2: 53.09% Test OOD3: 60.21% 
Epoch: 346, Loss: 2.4661, Cls: 0.8220, Ind: 0.0000, Med: 0.4111, Spu: 0.0000, FD: 0.8220, FDAug: 0.4110, Var: 0.0000, Ctx: 6, MixCtx: 3, Train: 83.90%, Valid: 71.40%, Test In: 72.69% Test OOD1: 63.68% Test OOD2: 53.61% Test OOD3: 61.47% 
Epoch: 347, Loss: 2.4531, Cls: 0.8176, Ind: 0.0000, Med: 0.4088, Spu: 0.0000, FD: 0.8178, FDAug: 0.4089, Var: 0.0000, Ctx: 6, MixCtx: 3, Train: 84.07%, Valid: 70.91%, Test In: 71.96% Test OOD1: 62.47% Test OOD2: 53.27% Test OOD3: 60.58% 
Epoch: 348, Loss: 2.4364, Cls: 0.8121, Ind: 0.0000, Med: 0.4061, Spu: 0.0000, FD: 0.8121, FDAug: 0.4060, Var: 0.0000, Ctx: 6, MixCtx: 3, Train: 84.20%, Valid: 70.91%, Test In: 71.93% Test OOD1: 62.35% Test OOD2: 53.30% Test OOD3: 60.56% 
Epoch: 349, Loss: 2.4269, Cls: 0.8089, Ind: 0.0000, Med: 0.4044, Spu: 0.0000, FD: 0.8090, FDAug: 0.4045, Var: 0.0000, Ctx: 6, MixCtx: 3, Train: 84.13%, Valid: 71.24%, Test In: 72.28% Test OOD1: 63.26% Test OOD2: 53.43% Test OOD3: 61.10% 
Epoch: 350, Loss: 2.4290, Cls: 0.8097, Ind: 0.0000, Med: 0.4049, Spu: 0.0000, FD: 0.8096, FDAug: 0.4048, Var: 0.0000, Ctx: 6, MixCtx: 3, Train: 84.20%, Valid: 70.53%, Test In: 71.49% Test OOD1: 62.00% Test OOD2: 53.20% Test OOD3: 60.49% 
Epoch: 351, Loss: 2.4305, Cls: 0.8103, Ind: 0.0000, Med: 0.4053, Spu: 0.0000, FD: 0.8099, FDAug: 0.4050, Var: 0.0000, Ctx: 6, MixCtx: 3, Train: 84.25%, Valid: 71.20%, Test In: 72.28% Test OOD1: 63.27% Test OOD2: 53.47% Test OOD3: 61.20% 
Epoch: 352, Loss: 2.4277, Cls: 0.8090, Ind: 0.0000, Med: 0.4044, Spu: 0.0000, FD: 0.8095, FDAug: 0.4047, Var: 0.0000, Ctx: 6, MixCtx: 3, Train: 84.12%, Valid: 70.58%, Test In: 71.43% Test OOD1: 61.97% Test OOD2: 53.11% Test OOD3: 60.13% 
Epoch: 353, Loss: 2.4499, Cls: 0.8171, Ind: 0.0000, Med: 0.4089, Spu: 0.0000, FD: 0.8159, FDAug: 0.4079, Var: 0.0000, Ctx: 6, MixCtx: 3, Train: 83.62%, Valid: 70.97%, Test In: 72.22% Test OOD1: 63.34% Test OOD2: 53.75% Test OOD3: 61.31% 
Epoch: 354, Loss: 2.5884, Cls: 0.8625, Ind: 0.0000, Med: 0.4311, Spu: 0.0000, FD: 0.8632, FDAug: 0.4316, Var: 0.0000, Ctx: 6, MixCtx: 3, Train: 82.72%, Valid: 70.15%, Test In: 71.08% Test OOD1: 62.11% Test OOD2: 52.89% Test OOD3: 60.35% 
Epoch: 355, Loss: 2.7750, Cls: 0.9248, Ind: 0.0000, Med: 0.4624, Spu: 0.0000, FD: 0.9251, FDAug: 0.4627, Var: 0.0000, Ctx: 6, MixCtx: 3, Train: 82.23%, Valid: 70.89%, Test In: 72.40% Test OOD1: 63.28% Test OOD2: 53.91% Test OOD3: 61.92% 
Epoch: 356, Loss: 2.6798, Cls: 0.8942, Ind: 0.0000, Med: 0.4476, Spu: 0.0000, FD: 0.8920, FDAug: 0.4459, Var: 0.0000, Ctx: 6, MixCtx: 3, Train: 82.55%, Valid: 71.14%, Test In: 72.78% Test OOD1: 63.46% Test OOD2: 53.88% Test OOD3: 62.10% 
Epoch: 357, Loss: 2.6299, Cls: 0.8779, Ind: 0.0000, Med: 0.4396, Spu: 0.0000, FD: 0.8750, FDAug: 0.4374, Var: 0.0000, Ctx: 6, MixCtx: 3, Train: 83.35%, Valid: 71.14%, Test In: 72.18% Test OOD1: 62.38% Test OOD2: 53.09% Test OOD3: 60.50% 
Epoch: 358, Loss: 2.6372, Cls: 0.8773, Ind: 0.0000, Med: 0.4379, Spu: 0.0000, FD: 0.8813, FDAug: 0.4407, Var: 0.0000, Ctx: 6, MixCtx: 3, Train: 82.99%, Valid: 72.16%, Test In: 73.40% Test OOD1: 64.61% Test OOD2: 53.48% Test OOD3: 61.66% 
Epoch: 359, Loss: 2.5226, Cls: 0.8405, Ind: 0.0000, Med: 0.4202, Spu: 0.0000, FD: 0.8412, FDAug: 0.4206, Var: 0.0000, Ctx: 6, MixCtx: 3, Train: 82.25%, Valid: 72.25%, Test In: 73.58% Test OOD1: 65.54% Test OOD2: 53.82% Test OOD3: 62.41% 
Epoch: 360, Loss: 2.6150, Cls: 0.8726, Ind: 0.0000, Med: 0.4369, Spu: 0.0000, FD: 0.8703, FDAug: 0.4351, Var: 0.0000, Ctx: 6, MixCtx: 3, Train: 83.45%, Valid: 71.05%, Test In: 72.09% Test OOD1: 62.27% Test OOD2: 53.38% Test OOD3: 60.39% 
Epoch: 361, Loss: 2.5414, Cls: 0.8469, Ind: 0.0000, Med: 0.4234, Spu: 0.0000, FD: 0.8474, FDAug: 0.4237, Var: 0.0000, Ctx: 6, MixCtx: 3, Train: 83.29%, Valid: 70.79%, Test In: 71.83% Test OOD1: 62.09% Test OOD2: 53.23% Test OOD3: 60.25% 
Epoch: 362, Loss: 2.5663, Cls: 0.8557, Ind: 0.0000, Med: 0.4280, Spu: 0.0000, FD: 0.8551, FDAug: 0.4275, Var: 0.0000, Ctx: 6, MixCtx: 3, Train: 83.19%, Valid: 72.22%, Test In: 73.42% Test OOD1: 65.21% Test OOD2: 53.61% Test OOD3: 62.49% 
Epoch: 363, Loss: 2.5026, Cls: 0.8339, Ind: 0.0000, Med: 0.4168, Spu: 0.0000, FD: 0.8346, FDAug: 0.4173, Var: 0.0000, Ctx: 6, MixCtx: 3, Train: 83.53%, Valid: 72.10%, Test In: 73.16% Test OOD1: 64.64% Test OOD2: 53.44% Test OOD3: 62.25% 
Epoch: 364, Loss: 2.4733, Cls: 0.8244, Ind: 0.0000, Med: 0.4123, Spu: 0.0000, FD: 0.8244, FDAug: 0.4122, Var: 0.0000, Ctx: 6, MixCtx: 3, Train: 82.94%, Valid: 70.28%, Test In: 71.21% Test OOD1: 61.09% Test OOD2: 52.84% Test OOD3: 60.15% 
Epoch: 365, Loss: 2.5708, Cls: 0.8586, Ind: 0.0000, Med: 0.4303, Spu: 0.0000, FD: 0.8546, FDAug: 0.4273, Var: 0.0000, Ctx: 6, MixCtx: 3, Train: 83.55%, Valid: 71.53%, Test In: 72.75% Test OOD1: 64.45% Test OOD2: 53.60% Test OOD3: 62.22% 
Epoch: 366, Loss: 2.5221, Cls: 0.8398, Ind: 0.0000, Med: 0.4196, Spu: 0.0000, FD: 0.8418, FDAug: 0.4209, Var: 0.0000, Ctx: 6, MixCtx: 3, Train: 83.26%, Valid: 71.61%, Test In: 72.83% Test OOD1: 64.79% Test OOD2: 53.58% Test OOD3: 62.37% 
Epoch: 367, Loss: 2.5013, Cls: 0.8336, Ind: 0.0000, Med: 0.4168, Spu: 0.0000, FD: 0.8339, FDAug: 0.4169, Var: 0.0000, Ctx: 6, MixCtx: 3, Train: 83.56%, Valid: 70.72%, Test In: 71.70% Test OOD1: 62.60% Test OOD2: 53.21% Test OOD3: 60.79% 
Epoch: 368, Loss: 2.5336, Cls: 0.8453, Ind: 0.0000, Med: 0.4231, Spu: 0.0000, FD: 0.8435, FDAug: 0.4218, Var: 0.0000, Ctx: 6, MixCtx: 3, Train: 83.83%, Valid: 71.31%, Test In: 72.35% Test OOD1: 63.10% Test OOD2: 53.41% Test OOD3: 61.27% 
Epoch: 369, Loss: 2.5112, Cls: 0.8371, Ind: 0.0000, Med: 0.4186, Spu: 0.0000, FD: 0.8370, FDAug: 0.4185, Var: 0.0000, Ctx: 6, MixCtx: 3, Train: 84.16%, Valid: 71.32%, Test In: 72.35% Test OOD1: 63.54% Test OOD2: 53.23% Test OOD3: 61.52% 
Epoch: 370, Loss: 2.4280, Cls: 0.8093, Ind: 0.0000, Med: 0.4047, Spu: 0.0000, FD: 0.8093, FDAug: 0.4047, Var: 0.0000, Ctx: 6, MixCtx: 3, Train: 84.06%, Valid: 70.94%, Test In: 72.01% Test OOD1: 63.23% Test OOD2: 53.11% Test OOD3: 61.28% 
Epoch: 371, Loss: 2.4788, Cls: 0.8259, Ind: 0.0000, Med: 0.4128, Spu: 0.0000, FD: 0.8267, FDAug: 0.4133, Var: 0.0000, Ctx: 6, MixCtx: 3, Train: 84.22%, Valid: 71.06%, Test In: 72.29% Test OOD1: 63.53% Test OOD2: 53.42% Test OOD3: 61.46% 
Epoch: 372, Loss: 2.4516, Cls: 0.8179, Ind: 0.0000, Med: 0.4094, Spu: 0.0000, FD: 0.8162, FDAug: 0.4081, Var: 0.0000, Ctx: 6, MixCtx: 3, Train: 84.45%, Valid: 70.88%, Test In: 72.06% Test OOD1: 62.70% Test OOD2: 53.30% Test OOD3: 60.77% 
Epoch: 373, Loss: 2.4344, Cls: 0.8121, Ind: 0.0000, Med: 0.4064, Spu: 0.0000, FD: 0.8106, FDAug: 0.4053, Var: 0.0000, Ctx: 6, MixCtx: 3, Train: 84.12%, Valid: 70.77%, Test In: 71.80% Test OOD1: 62.22% Test OOD2: 53.18% Test OOD3: 60.07% 
Epoch: 374, Loss: 2.4757, Cls: 0.8248, Ind: 0.0000, Med: 0.4123, Spu: 0.0000, FD: 0.8257, FDAug: 0.4128, Var: 0.0000, Ctx: 6, MixCtx: 3, Train: 84.19%, Valid: 71.39%, Test In: 72.67% Test OOD1: 63.73% Test OOD2: 53.43% Test OOD3: 61.25% 
Epoch: 375, Loss: 2.4428, Cls: 0.8142, Ind: 0.0000, Med: 0.4072, Spu: 0.0000, FD: 0.8143, FDAug: 0.4071, Var: 0.0000, Ctx: 6, MixCtx: 3, Train: 84.53%, Valid: 70.28%, Test In: 71.45% Test OOD1: 61.62% Test OOD2: 53.14% Test OOD3: 60.09% 
Epoch: 376, Loss: 2.4154, Cls: 0.8051, Ind: 0.0000, Med: 0.4026, Spu: 0.0000, FD: 0.8051, FDAug: 0.4026, Var: 0.0000, Ctx: 6, MixCtx: 3, Train: 84.56%, Valid: 70.16%, Test In: 71.29% Test OOD1: 61.75% Test OOD2: 53.03% Test OOD3: 59.97% 
Epoch: 377, Loss: 2.4181, Cls: 0.8065, Ind: 0.0000, Med: 0.4035, Spu: 0.0000, FD: 0.8055, FDAug: 0.4027, Var: 0.0000, Ctx: 6, MixCtx: 3, Train: 84.25%, Valid: 71.10%, Test In: 72.33% Test OOD1: 63.48% Test OOD2: 53.40% Test OOD3: 61.00% 
Epoch: 378, Loss: 2.4361, Cls: 0.8113, Ind: 0.0000, Med: 0.4054, Spu: 0.0000, FD: 0.8129, FDAug: 0.4064, Var: 0.0000, Ctx: 6, MixCtx: 3, Train: 84.49%, Valid: 69.89%, Test In: 70.91% Test OOD1: 60.87% Test OOD2: 53.02% Test OOD3: 59.35% 
Epoch: 379, Loss: 2.4118, Cls: 0.8046, Ind: 0.0000, Med: 0.4027, Spu: 0.0000, FD: 0.8030, FDAug: 0.4015, Var: 0.0000, Ctx: 6, MixCtx: 3, Train: 84.68%, Valid: 70.57%, Test In: 71.81% Test OOD1: 62.46% Test OOD2: 53.22% Test OOD3: 60.70% 
Epoch: 380, Loss: 2.4024, Cls: 0.8005, Ind: 0.0000, Med: 0.4001, Spu: 0.0000, FD: 0.8012, FDAug: 0.4006, Var: 0.0000, Ctx: 6, MixCtx: 3, Train: 84.73%, Valid: 70.73%, Test In: 71.92% Test OOD1: 62.83% Test OOD2: 53.15% Test OOD3: 60.82% 
Epoch: 381, Loss: 2.3916, Cls: 0.7973, Ind: 0.0000, Med: 0.3988, Spu: 0.0000, FD: 0.7970, FDAug: 0.3985, Var: 0.0000, Ctx: 6, MixCtx: 3, Train: 84.67%, Valid: 70.06%, Test In: 71.03% Test OOD1: 61.41% Test OOD2: 53.06% Test OOD3: 59.86% 
Epoch: 382, Loss: 2.3922, Cls: 0.7976, Ind: 0.0000, Med: 0.3990, Spu: 0.0000, FD: 0.7970, FDAug: 0.3985, Var: 0.0000, Ctx: 6, MixCtx: 3, Train: 84.77%, Valid: 70.65%, Test In: 71.89% Test OOD1: 62.99% Test OOD2: 53.27% Test OOD3: 61.03% 
Epoch: 383, Loss: 2.4043, Cls: 0.8018, Ind: 0.0000, Med: 0.4011, Spu: 0.0000, FD: 0.8009, FDAug: 0.4005, Var: 0.0000, Ctx: 6, MixCtx: 3, Train: 84.62%, Valid: 70.17%, Test In: 71.29% Test OOD1: 62.16% Test OOD2: 53.00% Test OOD3: 60.35% 
Epoch: 384, Loss: 2.4591, Cls: 0.8191, Ind: 0.0000, Med: 0.4093, Spu: 0.0000, FD: 0.8205, FDAug: 0.4102, Var: 0.0000, Ctx: 6, MixCtx: 3, Train: 84.47%, Valid: 70.35%, Test In: 71.65% Test OOD1: 62.52% Test OOD2: 53.36% Test OOD3: 61.05% 
Epoch: 385, Loss: 2.4671, Cls: 0.8232, Ind: 0.0000, Med: 0.4121, Spu: 0.0000, FD: 0.8211, FDAug: 0.4106, Var: 0.0000, Ctx: 6, MixCtx: 3, Train: 84.94%, Valid: 70.52%, Test In: 71.62% Test OOD1: 62.21% Test OOD2: 53.10% Test OOD3: 60.37% 
Epoch: 386, Loss: 2.3909, Cls: 0.7966, Ind: 0.0000, Med: 0.3982, Spu: 0.0000, FD: 0.7974, FDAug: 0.3987, Var: 0.0000, Ctx: 6, MixCtx: 3, Train: 85.02%, Valid: 70.73%, Test In: 71.81% Test OOD1: 62.64% Test OOD2: 53.16% Test OOD3: 60.65% 
Epoch: 387, Loss: 2.3688, Cls: 0.7896, Ind: 0.0000, Med: 0.3949, Spu: 0.0000, FD: 0.7895, FDAug: 0.3948, Var: 0.0000, Ctx: 6, MixCtx: 3, Train: 85.05%, Valid: 70.44%, Test In: 71.64% Test OOD1: 62.42% Test OOD2: 53.25% Test OOD3: 60.77% 
Epoch: 388, Loss: 2.3933, Cls: 0.7981, Ind: 0.0000, Med: 0.3993, Spu: 0.0000, FD: 0.7972, FDAug: 0.3986, Var: 0.0000, Ctx: 6, MixCtx: 3, Train: 84.88%, Valid: 70.28%, Test In: 71.33% Test OOD1: 62.09% Test OOD2: 52.97% Test OOD3: 60.28% 
Epoch: 389, Loss: 2.4109, Cls: 0.8038, Ind: 0.0000, Med: 0.4021, Spu: 0.0000, FD: 0.8034, FDAug: 0.4017, Var: 0.0000, Ctx: 6, MixCtx: 3, Train: 84.74%, Valid: 70.88%, Test In: 72.17% Test OOD1: 63.37% Test OOD2: 53.23% Test OOD3: 61.45% 
Epoch: 390, Loss: 2.4199, Cls: 0.8061, Ind: 0.0000, Med: 0.4029, Spu: 0.0000, FD: 0.8072, FDAug: 0.4036, Var: 0.0000, Ctx: 6, MixCtx: 3, Train: 84.49%, Valid: 69.36%, Test In: 70.30% Test OOD1: 60.58% Test OOD2: 52.84% Test OOD3: 59.29% 
Epoch: 391, Loss: 2.4263, Cls: 0.8095, Ind: 0.0000, Med: 0.4052, Spu: 0.0000, FD: 0.8078, FDAug: 0.4039, Var: 0.0000, Ctx: 6, MixCtx: 3, Train: 84.34%, Valid: 70.88%, Test In: 72.09% Test OOD1: 63.74% Test OOD2: 53.33% Test OOD3: 61.50% 
Epoch: 392, Loss: 2.4476, Cls: 0.8150, Ind: 0.0000, Med: 0.4072, Spu: 0.0000, FD: 0.8169, FDAug: 0.4085, Var: 0.0000, Ctx: 6, MixCtx: 3, Train: 84.99%, Valid: 70.21%, Test In: 71.24% Test OOD1: 62.23% Test OOD2: 52.96% Test OOD3: 60.42% 
Epoch: 393, Loss: 2.3935, Cls: 0.7984, Ind: 0.0000, Med: 0.3996, Spu: 0.0000, FD: 0.7970, FDAug: 0.3985, Var: 0.0000, Ctx: 6, MixCtx: 3, Train: 84.67%, Valid: 69.57%, Test In: 70.57% Test OOD1: 60.54% Test OOD2: 53.01% Test OOD3: 59.55% 
Epoch: 394, Loss: 2.3946, Cls: 0.7980, Ind: 0.0000, Med: 0.3990, Spu: 0.0000, FD: 0.7984, FDAug: 0.3992, Var: 0.0000, Ctx: 6, MixCtx: 3, Train: 84.71%, Valid: 70.89%, Test In: 72.05% Test OOD1: 63.35% Test OOD2: 53.15% Test OOD3: 61.27% 
Epoch: 395, Loss: 2.4010, Cls: 0.8000, Ind: 0.0000, Med: 0.3999, Spu: 0.0000, FD: 0.8007, FDAug: 0.4004, Var: 0.0000, Ctx: 6, MixCtx: 3, Train: 84.93%, Valid: 69.95%, Test In: 71.00% Test OOD1: 61.96% Test OOD2: 52.82% Test OOD3: 60.29% 
Epoch: 396, Loss: 2.4370, Cls: 0.8127, Ind: 0.0000, Med: 0.4066, Spu: 0.0000, FD: 0.8119, FDAug: 0.4059, Var: 0.0000, Ctx: 6, MixCtx: 3, Train: 84.57%, Valid: 69.77%, Test In: 71.02% Test OOD1: 61.84% Test OOD2: 53.26% Test OOD3: 60.63% 
Epoch: 397, Loss: 2.4678, Cls: 0.8227, Ind: 0.0000, Med: 0.4114, Spu: 0.0000, FD: 0.8224, FDAug: 0.4112, Var: 0.0000, Ctx: 6, MixCtx: 3, Train: 85.03%, Valid: 70.81%, Test In: 72.01% Test OOD1: 63.07% Test OOD2: 53.07% Test OOD3: 61.02% 
Epoch: 398, Loss: 2.3737, Cls: 0.7911, Ind: 0.0000, Med: 0.3955, Spu: 0.0000, FD: 0.7914, FDAug: 0.3957, Var: 0.0000, Ctx: 6, MixCtx: 3, Train: 84.85%, Valid: 70.40%, Test In: 71.41% Test OOD1: 62.11% Test OOD2: 53.00% Test OOD3: 60.23% 
Epoch: 399, Loss: 2.3922, Cls: 0.7972, Ind: 0.0000, Med: 0.3985, Spu: 0.0000, FD: 0.7977, FDAug: 0.3988, Var: 0.0000, Ctx: 6, MixCtx: 3, Train: 84.55%, Valid: 70.08%, Test In: 71.40% Test OOD1: 61.96% Test OOD2: 53.32% Test OOD3: 60.87% 
Epoch: 400, Loss: 2.4992, Cls: 0.8339, Ind: 0.0000, Med: 0.4174, Spu: 0.0000, FD: 0.8319, FDAug: 0.4160, Var: 0.0000, Ctx: 6, MixCtx: 3, Train: 84.83%, Valid: 69.90%, Test In: 70.88% Test OOD1: 61.99% Test OOD2: 52.77% Test OOD3: 60.28% 
Epoch: 401, Loss: 2.4413, Cls: 0.8135, Ind: 0.0000, Med: 0.4067, Spu: 0.0000, FD: 0.8141, FDAug: 0.4070, Var: 0.0000, Ctx: 6, MixCtx: 3, Train: 84.91%, Valid: 70.78%, Test In: 71.86% Test OOD1: 63.28% Test OOD2: 53.15% Test OOD3: 61.02% 
Epoch: 402, Loss: 2.3796, Cls: 0.7931, Ind: 0.0000, Med: 0.3966, Spu: 0.0000, FD: 0.7932, FDAug: 0.3966, Var: 0.0000, Ctx: 6, MixCtx: 3, Train: 84.46%, Valid: 70.71%, Test In: 71.83% Test OOD1: 62.59% Test OOD2: 53.40% Test OOD3: 60.73% 
Epoch: 403, Loss: 2.4714, Cls: 0.8240, Ind: 0.0000, Med: 0.4122, Spu: 0.0000, FD: 0.8235, FDAug: 0.4118, Var: 0.0000, Ctx: 6, MixCtx: 3, Train: 83.35%, Valid: 68.81%, Test In: 69.70% Test OOD1: 59.68% Test OOD2: 52.45% Test OOD3: 58.74% 
Epoch: 404, Loss: 2.5838, Cls: 0.8612, Ind: 0.0000, Med: 0.4306, Spu: 0.0000, FD: 0.8614, FDAug: 0.4306, Var: 0.0000, Ctx: 6, MixCtx: 3, Train: 82.55%, Valid: 70.93%, Test In: 72.54% Test OOD1: 64.35% Test OOD2: 53.43% Test OOD3: 62.43% 
Epoch: 405, Loss: 2.5937, Cls: 0.8644, Ind: 0.0000, Med: 0.4322, Spu: 0.0000, FD: 0.8646, FDAug: 0.4324, Var: 0.0000, Ctx: 6, MixCtx: 3, Train: 81.86%, Valid: 70.91%, Test In: 72.41% Test OOD1: 64.63% Test OOD2: 53.51% Test OOD3: 62.42% 
Epoch: 406, Loss: 2.5943, Cls: 0.8647, Ind: 0.0000, Med: 0.4323, Spu: 0.0000, FD: 0.8649, FDAug: 0.4325, Var: 0.0000, Ctx: 6, MixCtx: 3, Train: 83.90%, Valid: 70.26%, Test In: 71.50% Test OOD1: 62.96% Test OOD2: 53.09% Test OOD3: 60.91% 
Epoch: 407, Loss: 2.5097, Cls: 0.8367, Ind: 0.0000, Med: 0.4184, Spu: 0.0000, FD: 0.8364, FDAug: 0.4182, Var: 0.0000, Ctx: 6, MixCtx: 3, Train: 83.70%, Valid: 69.36%, Test In: 70.40% Test OOD1: 60.16% Test OOD2: 52.98% Test OOD3: 58.93% 
Epoch: 408, Loss: 2.4902, Cls: 0.8300, Ind: 0.0000, Med: 0.4151, Spu: 0.0000, FD: 0.8301, FDAug: 0.4150, Var: 0.0000, Ctx: 6, MixCtx: 3, Train: 83.22%, Valid: 70.92%, Test In: 72.00% Test OOD1: 62.55% Test OOD2: 53.55% Test OOD3: 60.45% 
Epoch: 409, Loss: 2.5529, Cls: 0.8509, Ind: 0.0000, Med: 0.4255, Spu: 0.0000, FD: 0.8510, FDAug: 0.4255, Var: 0.0000, Ctx: 6, MixCtx: 3, Train: 84.35%, Valid: 70.85%, Test In: 71.87% Test OOD1: 62.92% Test OOD2: 53.04% Test OOD3: 60.66% 
Epoch: 410, Loss: 2.4332, Cls: 0.8113, Ind: 0.0000, Med: 0.4058, Spu: 0.0000, FD: 0.8108, FDAug: 0.4054, Var: 0.0000, Ctx: 6, MixCtx: 3, Train: 83.58%, Valid: 70.88%, Test In: 71.95% Test OOD1: 63.19% Test OOD2: 53.05% Test OOD3: 61.44% 
Epoch: 411, Loss: 2.4787, Cls: 0.8264, Ind: 0.0000, Med: 0.4133, Spu: 0.0000, FD: 0.8259, FDAug: 0.4130, Var: 0.0000, Ctx: 6, MixCtx: 3, Train: 83.16%, Valid: 71.03%, Test In: 72.36% Test OOD1: 63.87% Test OOD2: 53.24% Test OOD3: 62.08% 
Epoch: 412, Loss: 2.4996, Cls: 0.8330, Ind: 0.0000, Med: 0.4164, Spu: 0.0000, FD: 0.8334, FDAug: 0.4167, Var: 0.0000, Ctx: 6, MixCtx: 3, Train: 84.49%, Valid: 71.01%, Test In: 72.36% Test OOD1: 63.89% Test OOD2: 53.15% Test OOD3: 61.89% 
Epoch: 413, Loss: 2.4156, Cls: 0.8051, Ind: 0.0000, Med: 0.4025, Spu: 0.0000, FD: 0.8054, FDAug: 0.4027, Var: 0.0000, Ctx: 6, MixCtx: 3, Train: 84.78%, Valid: 70.53%, Test In: 71.70% Test OOD1: 62.47% Test OOD2: 53.20% Test OOD3: 60.33% 
Epoch: 414, Loss: 2.4006, Cls: 0.8005, Ind: 0.0000, Med: 0.4004, Spu: 0.0000, FD: 0.7998, FDAug: 0.3999, Var: 0.0000, Ctx: 6, MixCtx: 3, Train: 83.94%, Valid: 70.48%, Test In: 71.59% Test OOD1: 62.26% Test OOD2: 53.53% Test OOD3: 60.07% 
Epoch: 415, Loss: 2.4559, Cls: 0.8184, Ind: 0.0000, Med: 0.4092, Spu: 0.0000, FD: 0.8188, FDAug: 0.4094, Var: 0.0000, Ctx: 6, MixCtx: 3, Train: 85.23%, Valid: 70.66%, Test In: 71.71% Test OOD1: 62.78% Test OOD2: 53.15% Test OOD3: 60.50% 
Epoch: 416, Loss: 2.3516, Cls: 0.7841, Ind: 0.0000, Med: 0.3922, Spu: 0.0000, FD: 0.7836, FDAug: 0.3918, Var: 0.0000, Ctx: 6, MixCtx: 3, Train: 84.70%, Valid: 70.37%, Test In: 71.41% Test OOD1: 62.47% Test OOD2: 52.98% Test OOD3: 60.77% 
Epoch: 417, Loss: 2.3966, Cls: 0.7990, Ind: 0.0000, Med: 0.3996, Spu: 0.0000, FD: 0.7987, FDAug: 0.3994, Var: 0.0000, Ctx: 6, MixCtx: 3, Train: 84.80%, Valid: 70.37%, Test In: 71.48% Test OOD1: 62.42% Test OOD2: 53.02% Test OOD3: 60.90% 
Epoch: 418, Loss: 2.3906, Cls: 0.7969, Ind: 0.0000, Med: 0.3985, Spu: 0.0000, FD: 0.7968, FDAug: 0.3984, Var: 0.0000, Ctx: 6, MixCtx: 3, Train: 85.23%, Valid: 70.27%, Test In: 71.51% Test OOD1: 62.12% Test OOD2: 53.03% Test OOD3: 60.52% 
Epoch: 419, Loss: 2.3568, Cls: 0.7858, Ind: 0.0000, Med: 0.3931, Spu: 0.0000, FD: 0.7853, FDAug: 0.3926, Var: 0.0000, Ctx: 6, MixCtx: 3, Train: 85.24%, Valid: 70.43%, Test In: 71.72% Test OOD1: 62.31% Test OOD2: 53.28% Test OOD3: 60.59% 
Epoch: 420, Loss: 2.3710, Cls: 0.7903, Ind: 0.0000, Med: 0.3952, Spu: 0.0000, FD: 0.7904, FDAug: 0.3952, Var: 0.0000, Ctx: 6, MixCtx: 3, Train: 85.00%, Valid: 69.65%, Test In: 70.95% Test OOD1: 61.56% Test OOD2: 52.92% Test OOD3: 59.87% 
Epoch: 421, Loss: 2.3922, Cls: 0.7973, Ind: 0.0000, Med: 0.3986, Spu: 0.0000, FD: 0.7975, FDAug: 0.3987, Var: 0.0000, Ctx: 6, MixCtx: 3, Train: 85.15%, Valid: 70.48%, Test In: 71.87% Test OOD1: 63.02% Test OOD2: 53.05% Test OOD3: 61.14% 
Epoch: 422, Loss: 2.3789, Cls: 0.7931, Ind: 0.0000, Med: 0.3966, Spu: 0.0000, FD: 0.7927, FDAug: 0.3964, Var: 0.0000, Ctx: 6, MixCtx: 3, Train: 85.59%, Valid: 70.14%, Test In: 71.38% Test OOD1: 61.87% Test OOD2: 52.92% Test OOD3: 60.28% 
Epoch: 423, Loss: 2.3349, Cls: 0.7783, Ind: 0.0000, Med: 0.3892, Spu: 0.0000, FD: 0.7782, FDAug: 0.3891, Var: 0.0000, Ctx: 6, MixCtx: 3, Train: 85.31%, Valid: 69.76%, Test In: 70.99% Test OOD1: 60.95% Test OOD2: 52.88% Test OOD3: 59.44% 
Epoch: 424, Loss: 2.3544, Cls: 0.7848, Ind: 0.0000, Med: 0.3925, Spu: 0.0000, FD: 0.7848, FDAug: 0.3923, Var: 0.0000, Ctx: 6, MixCtx: 3, Train: 84.98%, Valid: 70.52%, Test In: 71.90% Test OOD1: 62.62% Test OOD2: 53.14% Test OOD3: 60.88% 
Epoch: 425, Loss: 2.4296, Cls: 0.8099, Ind: 0.0000, Med: 0.4051, Spu: 0.0000, FD: 0.8097, FDAug: 0.4049, Var: 0.0000, Ctx: 6, MixCtx: 3, Train: 84.75%, Valid: 68.87%, Test In: 69.88% Test OOD1: 60.43% Test OOD2: 52.61% Test OOD3: 58.89% 
Epoch: 426, Loss: 2.5083, Cls: 0.8357, Ind: 0.0000, Med: 0.4177, Spu: 0.0000, FD: 0.8366, FDAug: 0.4182, Var: 0.0000, Ctx: 6, MixCtx: 3, Train: 84.79%, Valid: 70.17%, Test In: 71.63% Test OOD1: 62.85% Test OOD2: 53.29% Test OOD3: 61.09% 
Epoch: 427, Loss: 2.4305, Cls: 0.8105, Ind: 0.0000, Med: 0.4055, Spu: 0.0000, FD: 0.8096, FDAug: 0.4049, Var: 0.0000, Ctx: 6, MixCtx: 3, Train: 84.79%, Valid: 70.69%, Test In: 72.14% Test OOD1: 63.75% Test OOD2: 53.09% Test OOD3: 61.57% 
Epoch: 428, Loss: 2.3931, Cls: 0.7976, Ind: 0.0000, Med: 0.3989, Spu: 0.0000, FD: 0.7977, FDAug: 0.3989, Var: 0.0000, Ctx: 6, MixCtx: 3, Train: 85.12%, Valid: 69.66%, Test In: 70.71% Test OOD1: 61.50% Test OOD2: 52.68% Test OOD3: 59.50% 
Epoch: 429, Loss: 2.4630, Cls: 0.8211, Ind: 0.0000, Med: 0.4107, Spu: 0.0000, FD: 0.8208, FDAug: 0.4103, Var: 0.0000, Ctx: 6, MixCtx: 3, Train: 84.57%, Valid: 70.08%, Test In: 71.53% Test OOD1: 62.25% Test OOD2: 53.26% Test OOD3: 60.93% 
Epoch: 430, Loss: 2.5063, Cls: 0.8354, Ind: 0.0000, Med: 0.4178, Spu: 0.0000, FD: 0.8353, FDAug: 0.4178, Var: 0.0000, Ctx: 6, MixCtx: 3, Train: 85.53%, Valid: 69.87%, Test In: 71.05% Test OOD1: 61.80% Test OOD2: 52.92% Test OOD3: 60.16% 
Epoch: 431, Loss: 2.3474, Cls: 0.7826, Ind: 0.0000, Med: 0.3914, Spu: 0.0000, FD: 0.7822, FDAug: 0.3911, Var: 0.0000, Ctx: 6, MixCtx: 3, Train: 85.23%, Valid: 70.41%, Test In: 71.59% Test OOD1: 63.00% Test OOD2: 53.02% Test OOD3: 60.68% 
Epoch: 432, Loss: 2.4052, Cls: 0.8022, Ind: 0.0000, Med: 0.4013, Spu: 0.0000, FD: 0.8012, FDAug: 0.4005, Var: 0.0000, Ctx: 6, MixCtx: 3, Train: 85.25%, Valid: 70.67%, Test In: 72.15% Test OOD1: 63.67% Test OOD2: 53.24% Test OOD3: 61.57% 
Epoch: 433, Loss: 2.3997, Cls: 0.7994, Ind: 0.0000, Med: 0.3995, Spu: 0.0000, FD: 0.8004, FDAug: 0.4003, Var: 0.0000, Ctx: 6, MixCtx: 3, Train: 85.66%, Valid: 70.07%, Test In: 71.46% Test OOD1: 62.17% Test OOD2: 53.02% Test OOD3: 60.51% 
Epoch: 434, Loss: 2.3322, Cls: 0.7772, Ind: 0.0000, Med: 0.3886, Spu: 0.0000, FD: 0.7776, FDAug: 0.3888, Var: 0.0000, Ctx: 6, MixCtx: 3, Train: 85.03%, Valid: 69.70%, Test In: 70.86% Test OOD1: 61.45% Test OOD2: 52.76% Test OOD3: 59.47% 
Epoch: 435, Loss: 2.4184, Cls: 0.8070, Ind: 0.0000, Med: 0.4040, Spu: 0.0000, FD: 0.8050, FDAug: 0.4024, Var: 0.0000, Ctx: 6, MixCtx: 3, Train: 84.77%, Valid: 70.71%, Test In: 72.17% Test OOD1: 64.02% Test OOD2: 53.17% Test OOD3: 61.82% 
Epoch: 436, Loss: 2.5065, Cls: 0.8348, Ind: 0.0000, Med: 0.4172, Spu: 0.0000, FD: 0.8363, FDAug: 0.4182, Var: 0.0000, Ctx: 6, MixCtx: 3, Train: 85.28%, Valid: 69.54%, Test In: 70.70% Test OOD1: 61.94% Test OOD2: 52.72% Test OOD3: 60.14% 
Epoch: 437, Loss: 2.3800, Cls: 0.7936, Ind: 0.0000, Med: 0.3970, Spu: 0.0000, FD: 0.7930, FDAug: 0.3964, Var: 0.0000, Ctx: 6, MixCtx: 3, Train: 85.07%, Valid: 69.32%, Test In: 70.51% Test OOD1: 61.78% Test OOD2: 52.71% Test OOD3: 59.96% 
Epoch: 438, Loss: 2.4113, Cls: 0.8039, Ind: 0.0000, Med: 0.4021, Spu: 0.0000, FD: 0.8035, FDAug: 0.4017, Var: 0.0000, Ctx: 6, MixCtx: 3, Train: 85.45%, Valid: 70.48%, Test In: 71.99% Test OOD1: 63.43% Test OOD2: 53.20% Test OOD3: 61.37% 
Epoch: 439, Loss: 2.3971, Cls: 0.7991, Ind: 0.0000, Med: 0.3996, Spu: 0.0000, FD: 0.7989, FDAug: 0.3995, Var: 0.0000, Ctx: 6, MixCtx: 3, Train: 85.75%, Valid: 70.40%, Test In: 71.77% Test OOD1: 62.57% Test OOD2: 53.09% Test OOD3: 60.47% 
Epoch: 440, Loss: 2.3111, Cls: 0.7704, Ind: 0.0000, Med: 0.3852, Spu: 0.0000, FD: 0.7703, FDAug: 0.3852, Var: 0.0000, Ctx: 6, MixCtx: 3, Train: 84.66%, Valid: 69.13%, Test In: 70.23% Test OOD1: 60.41% Test OOD2: 52.64% Test OOD3: 58.73% 
Epoch: 441, Loss: 2.4380, Cls: 0.8122, Ind: 0.0000, Med: 0.4059, Spu: 0.0000, FD: 0.8133, FDAug: 0.4065, Var: 0.0000, Ctx: 6, MixCtx: 3, Train: 85.03%, Valid: 70.20%, Test In: 71.79% Test OOD1: 63.40% Test OOD2: 53.20% Test OOD3: 61.45% 
Epoch: 442, Loss: 2.5114, Cls: 0.8380, Ind: 0.0000, Med: 0.4195, Spu: 0.0000, FD: 0.8358, FDAug: 0.4180, Var: 0.0000, Ctx: 6, MixCtx: 3, Train: 85.35%, Valid: 70.02%, Test In: 71.39% Test OOD1: 62.92% Test OOD2: 52.86% Test OOD3: 60.84% 
Epoch: 443, Loss: 2.3644, Cls: 0.7881, Ind: 0.0000, Med: 0.3941, Spu: 0.0000, FD: 0.7881, FDAug: 0.3941, Var: 0.0000, Ctx: 6, MixCtx: 3, Train: 84.89%, Valid: 69.30%, Test In: 70.35% Test OOD1: 61.87% Test OOD2: 52.75% Test OOD3: 59.82% 
Epoch: 444, Loss: 2.4753, Cls: 0.8248, Ind: 0.0000, Med: 0.4122, Spu: 0.0000, FD: 0.8256, FDAug: 0.4127, Var: 0.0000, Ctx: 6, MixCtx: 3, Train: 85.46%, Valid: 69.87%, Test In: 71.24% Test OOD1: 62.12% Test OOD2: 53.11% Test OOD3: 60.54% 
Epoch: 445, Loss: 2.3779, Cls: 0.7930, Ind: 0.0000, Med: 0.3967, Spu: 0.0000, FD: 0.7921, FDAug: 0.3961, Var: 0.0000, Ctx: 6, MixCtx: 3, Train: 85.38%, Valid: 70.43%, Test In: 71.78% Test OOD1: 62.88% Test OOD2: 53.28% Test OOD3: 60.98% 
Epoch: 446, Loss: 2.3641, Cls: 0.7882, Ind: 0.0000, Med: 0.3943, Spu: 0.0000, FD: 0.7877, FDAug: 0.3939, Var: 0.0000, Ctx: 6, MixCtx: 3, Train: 85.04%, Valid: 69.80%, Test In: 71.03% Test OOD1: 61.69% Test OOD2: 52.70% Test OOD3: 59.61% 
Epoch: 447, Loss: 2.4935, Cls: 0.8312, Ind: 0.0000, Med: 0.4156, Spu: 0.0000, FD: 0.8312, FDAug: 0.4155, Var: 0.0000, Ctx: 6, MixCtx: 3, Train: 85.35%, Valid: 70.26%, Test In: 71.79% Test OOD1: 63.13% Test OOD2: 53.12% Test OOD3: 61.32% 
Epoch: 448, Loss: 2.3791, Cls: 0.7929, Ind: 0.0000, Med: 0.3965, Spu: 0.0000, FD: 0.7931, FDAug: 0.3966, Var: 0.0000, Ctx: 6, MixCtx: 3, Train: 85.70%, Valid: 69.89%, Test In: 71.38% Test OOD1: 62.65% Test OOD2: 53.13% Test OOD3: 60.97% 
Epoch: 449, Loss: 2.3706, Cls: 0.7899, Ind: 0.0000, Med: 0.3948, Spu: 0.0000, FD: 0.7906, FDAug: 0.3954, Var: 0.0000, Ctx: 6, MixCtx: 3, Train: 85.41%, Valid: 69.62%, Test In: 70.64% Test OOD1: 62.03% Test OOD2: 52.92% Test OOD3: 59.90% 
Epoch: 450, Loss: 2.3957, Cls: 0.7995, Ind: 0.0000, Med: 0.4002, Spu: 0.0000, FD: 0.7974, FDAug: 0.3986, Var: 0.0000, Ctx: 6, MixCtx: 3, Train: 85.88%, Valid: 69.90%, Test In: 71.11% Test OOD1: 62.32% Test OOD2: 53.12% Test OOD3: 60.27% 
Epoch: 451, Loss: 2.3009, Cls: 0.7671, Ind: 0.0000, Med: 0.3836, Spu: 0.0000, FD: 0.7668, FDAug: 0.3834, Var: 0.0000, Ctx: 6, MixCtx: 3, Train: 85.65%, Valid: 70.05%, Test In: 71.40% Test OOD1: 62.48% Test OOD2: 53.18% Test OOD3: 60.86% 
Epoch: 452, Loss: 2.3713, Cls: 0.7897, Ind: 0.0000, Med: 0.3946, Spu: 0.0000, FD: 0.7913, FDAug: 0.3957, Var: 0.0000, Ctx: 6, MixCtx: 3, Train: 85.76%, Valid: 69.61%, Test In: 70.75% Test OOD1: 61.46% Test OOD2: 52.66% Test OOD3: 59.88% 
Epoch: 453, Loss: 2.3442, Cls: 0.7821, Ind: 0.0000, Med: 0.3915, Spu: 0.0000, FD: 0.7804, FDAug: 0.3901, Var: 0.0000, Ctx: 6, MixCtx: 3, Train: 86.07%, Valid: 70.20%, Test In: 71.56% Test OOD1: 62.78% Test OOD2: 52.92% Test OOD3: 60.75% 
Epoch: 454, Loss: 2.2893, Cls: 0.7632, Ind: 0.0000, Med: 0.3817, Spu: 0.0000, FD: 0.7630, FDAug: 0.3815, Var: 0.0000, Ctx: 6, MixCtx: 3, Train: 86.08%, Valid: 69.68%, Test In: 71.15% Test OOD1: 62.18% Test OOD2: 53.11% Test OOD3: 60.45% 
Epoch: 455, Loss: 2.3309, Cls: 0.7765, Ind: 0.0000, Med: 0.3881, Spu: 0.0000, FD: 0.7775, FDAug: 0.3888, Var: 0.0000, Ctx: 6, MixCtx: 3, Train: 85.52%, Valid: 68.85%, Test In: 69.67% Test OOD1: 60.66% Test OOD2: 52.69% Test OOD3: 58.94% 
Epoch: 456, Loss: 2.3488, Cls: 0.7834, Ind: 0.0000, Med: 0.3920, Spu: 0.0000, FD: 0.7823, FDAug: 0.3911, Var: 0.0000, Ctx: 6, MixCtx: 3, Train: 85.84%, Valid: 70.07%, Test In: 71.59% Test OOD1: 63.00% Test OOD2: 52.88% Test OOD3: 61.12% 
Epoch: 457, Loss: 2.3190, Cls: 0.7729, Ind: 0.0000, Med: 0.3864, Spu: 0.0000, FD: 0.7731, FDAug: 0.3866, Var: 0.0000, Ctx: 6, MixCtx: 3, Train: 86.15%, Valid: 69.88%, Test In: 71.37% Test OOD1: 62.34% Test OOD2: 52.92% Test OOD3: 60.74% 
Epoch: 458, Loss: 2.2866, Cls: 0.7621, Ind: 0.0000, Med: 0.3811, Spu: 0.0000, FD: 0.7622, FDAug: 0.3811, Var: 0.0000, Ctx: 6, MixCtx: 3, Train: 85.86%, Valid: 68.99%, Test In: 70.11% Test OOD1: 60.48% Test OOD2: 52.74% Test OOD3: 59.04% 
Epoch: 459, Loss: 2.3351, Cls: 0.7781, Ind: 0.0000, Med: 0.3889, Spu: 0.0000, FD: 0.7788, FDAug: 0.3893, Var: 0.0000, Ctx: 6, MixCtx: 3, Train: 85.67%, Valid: 70.07%, Test In: 71.49% Test OOD1: 62.94% Test OOD2: 53.27% Test OOD3: 60.82% 
Epoch: 460, Loss: 2.3708, Cls: 0.7904, Ind: 0.0000, Med: 0.3954, Spu: 0.0000, FD: 0.7899, FDAug: 0.3950, Var: 0.0000, Ctx: 6, MixCtx: 3, Train: 86.11%, Valid: 69.51%, Test In: 70.52% Test OOD1: 61.71% Test OOD2: 52.72% Test OOD3: 59.72% 
Epoch: 461, Loss: 2.3198, Cls: 0.7730, Ind: 0.0000, Med: 0.3864, Spu: 0.0000, FD: 0.7736, FDAug: 0.3868, Var: 0.0000, Ctx: 6, MixCtx: 3, Train: 86.34%, Valid: 69.13%, Test In: 70.30% Test OOD1: 61.15% Test OOD2: 52.86% Test OOD3: 59.76% 
Epoch: 462, Loss: 2.2931, Cls: 0.7645, Ind: 0.0000, Med: 0.3824, Spu: 0.0000, FD: 0.7642, FDAug: 0.3821, Var: 0.0000, Ctx: 6, MixCtx: 3, Train: 86.19%, Valid: 69.71%, Test In: 71.11% Test OOD1: 62.32% Test OOD2: 53.17% Test OOD3: 60.54% 
Epoch: 463, Loss: 2.3081, Cls: 0.7697, Ind: 0.0000, Med: 0.3851, Spu: 0.0000, FD: 0.7688, FDAug: 0.3845, Var: 0.0000, Ctx: 6, MixCtx: 3, Train: 85.90%, Valid: 69.43%, Test In: 70.59% Test OOD1: 61.59% Test OOD2: 52.95% Test OOD3: 59.45% 
Epoch: 464, Loss: 2.3511, Cls: 0.7836, Ind: 0.0000, Med: 0.3918, Spu: 0.0000, FD: 0.7839, FDAug: 0.3918, Var: 0.0000, Ctx: 6, MixCtx: 3, Train: 85.96%, Valid: 69.09%, Test In: 70.68% Test OOD1: 61.93% Test OOD2: 53.08% Test OOD3: 60.57% 
Epoch: 465, Loss: 2.3511, Cls: 0.7839, Ind: 0.0000, Med: 0.3922, Spu: 0.0000, FD: 0.7833, FDAug: 0.3917, Var: 0.0000, Ctx: 6, MixCtx: 3, Train: 86.12%, Valid: 69.44%, Test In: 70.63% Test OOD1: 62.05% Test OOD2: 52.73% Test OOD3: 60.31% 
Epoch: 466, Loss: 2.2982, Cls: 0.7662, Ind: 0.0000, Med: 0.3832, Spu: 0.0000, FD: 0.7659, FDAug: 0.3830, Var: 0.0000, Ctx: 6, MixCtx: 3, Train: 86.30%, Valid: 69.53%, Test In: 70.53% Test OOD1: 61.82% Test OOD2: 52.81% Test OOD3: 59.74% 
Epoch: 467, Loss: 2.2867, Cls: 0.7627, Ind: 0.0000, Med: 0.3817, Spu: 0.0000, FD: 0.7616, FDAug: 0.3807, Var: 0.0000, Ctx: 6, MixCtx: 3, Train: 85.82%, Valid: 69.72%, Test In: 71.00% Test OOD1: 61.93% Test OOD2: 53.23% Test OOD3: 60.27% 
Epoch: 468, Loss: 2.3739, Cls: 0.7905, Ind: 0.0000, Med: 0.3950, Spu: 0.0000, FD: 0.7923, FDAug: 0.3962, Var: 0.0000, Ctx: 6, MixCtx: 3, Train: 86.27%, Valid: 69.35%, Test In: 70.47% Test OOD1: 61.08% Test OOD2: 52.68% Test OOD3: 59.52% 
Epoch: 469, Loss: 2.2977, Cls: 0.7665, Ind: 0.0000, Med: 0.3836, Spu: 0.0000, FD: 0.7651, FDAug: 0.3825, Var: 0.0000, Ctx: 6, MixCtx: 3, Train: 86.11%, Valid: 69.96%, Test In: 71.45% Test OOD1: 62.57% Test OOD2: 52.84% Test OOD3: 60.82% 
Epoch: 470, Loss: 2.2892, Cls: 0.7630, Ind: 0.0000, Med: 0.3815, Spu: 0.0000, FD: 0.7631, FDAug: 0.3816, Var: 0.0000, Ctx: 6, MixCtx: 3, Train: 86.53%, Valid: 69.57%, Test In: 71.09% Test OOD1: 62.27% Test OOD2: 53.00% Test OOD3: 60.63% 
Epoch: 471, Loss: 2.2805, Cls: 0.7599, Ind: 0.0000, Med: 0.3798, Spu: 0.0000, FD: 0.7605, FDAug: 0.3803, Var: 0.0000, Ctx: 6, MixCtx: 3, Train: 86.02%, Valid: 68.92%, Test In: 69.85% Test OOD1: 60.80% Test OOD2: 52.74% Test OOD3: 59.05% 
Epoch: 472, Loss: 2.3037, Cls: 0.7683, Ind: 0.0000, Med: 0.3844, Spu: 0.0000, FD: 0.7674, FDAug: 0.3836, Var: 0.0000, Ctx: 6, MixCtx: 3, Train: 86.55%, Valid: 69.96%, Test In: 71.24% Test OOD1: 62.77% Test OOD2: 53.07% Test OOD3: 60.60% 
Epoch: 473, Loss: 2.2663, Cls: 0.7552, Ind: 0.0000, Med: 0.3775, Spu: 0.0000, FD: 0.7557, FDAug: 0.3779, Var: 0.0000, Ctx: 6, MixCtx: 3, Train: 86.74%, Valid: 69.58%, Test In: 70.87% Test OOD1: 61.88% Test OOD2: 52.84% Test OOD3: 60.22% 
Epoch: 474, Loss: 2.2406, Cls: 0.7469, Ind: 0.0000, Med: 0.3736, Spu: 0.0000, FD: 0.7468, FDAug: 0.3734, Var: 0.0000, Ctx: 6, MixCtx: 3, Train: 86.78%, Valid: 69.12%, Test In: 70.41% Test OOD1: 61.17% Test OOD2: 52.84% Test OOD3: 59.72% 
Epoch: 475, Loss: 2.2424, Cls: 0.7475, Ind: 0.0000, Med: 0.3738, Spu: 0.0000, FD: 0.7474, FDAug: 0.3737, Var: 0.0000, Ctx: 6, MixCtx: 3, Train: 86.48%, Valid: 69.48%, Test In: 70.98% Test OOD1: 62.33% Test OOD2: 53.18% Test OOD3: 60.31% 
Epoch: 476, Loss: 2.2759, Cls: 0.7586, Ind: 0.0000, Med: 0.3793, Spu: 0.0000, FD: 0.7587, FDAug: 0.3793, Var: 0.0000, Ctx: 6, MixCtx: 3, Train: 86.38%, Valid: 68.80%, Test In: 69.65% Test OOD1: 60.93% Test OOD2: 52.60% Test OOD3: 58.94% 
Epoch: 477, Loss: 2.2909, Cls: 0.7637, Ind: 0.0000, Med: 0.3819, Spu: 0.0000, FD: 0.7635, FDAug: 0.3817, Var: 0.0000, Ctx: 6, MixCtx: 3, Train: 86.26%, Valid: 69.04%, Test In: 70.68% Test OOD1: 62.00% Test OOD2: 52.95% Test OOD3: 60.48% 
Epoch: 478, Loss: 2.3355, Cls: 0.7789, Ind: 0.0000, Med: 0.3898, Spu: 0.0000, FD: 0.7778, FDAug: 0.3890, Var: 0.0000, Ctx: 6, MixCtx: 3, Train: 86.87%, Valid: 69.33%, Test In: 70.65% Test OOD1: 61.68% Test OOD2: 52.73% Test OOD3: 59.83% 
Epoch: 479, Loss: 2.2408, Cls: 0.7469, Ind: 0.0000, Med: 0.3735, Spu: 0.0000, FD: 0.7470, FDAug: 0.3735, Var: 0.0000, Ctx: 6, MixCtx: 3, Train: 86.69%, Valid: 69.17%, Test In: 70.44% Test OOD1: 61.24% Test OOD2: 52.94% Test OOD3: 59.27% 
Epoch: 480, Loss: 2.2568, Cls: 0.7521, Ind: 0.0000, Med: 0.3760, Spu: 0.0000, FD: 0.7525, FDAug: 0.3762, Var: 0.0000, Ctx: 6, MixCtx: 3, Train: 85.84%, Valid: 69.22%, Test In: 70.80% Test OOD1: 61.96% Test OOD2: 53.05% Test OOD3: 60.48% 
Epoch: 481, Loss: 2.3889, Cls: 0.7969, Ind: 0.0000, Med: 0.3989, Spu: 0.0000, FD: 0.7954, FDAug: 0.3977, Var: 0.0000, Ctx: 6, MixCtx: 3, Train: 85.58%, Valid: 68.81%, Test In: 69.60% Test OOD1: 60.96% Test OOD2: 52.40% Test OOD3: 59.08% 
Epoch: 482, Loss: 2.4324, Cls: 0.8107, Ind: 0.0000, Med: 0.4053, Spu: 0.0000, FD: 0.8110, FDAug: 0.4054, Var: 0.0000, Ctx: 6, MixCtx: 3, Train: 86.34%, Valid: 69.74%, Test In: 71.12% Test OOD1: 62.47% Test OOD2: 52.92% Test OOD3: 60.47% 
Epoch: 483, Loss: 2.2962, Cls: 0.7653, Ind: 0.0000, Med: 0.3827, Spu: 0.0000, FD: 0.7654, FDAug: 0.3828, Var: 0.0000, Ctx: 6, MixCtx: 3, Train: 86.24%, Valid: 69.92%, Test In: 71.33% Test OOD1: 62.78% Test OOD2: 53.14% Test OOD3: 60.83% 
Epoch: 484, Loss: 2.3431, Cls: 0.7809, Ind: 0.0000, Med: 0.3905, Spu: 0.0000, FD: 0.7810, FDAug: 0.3906, Var: 0.0000, Ctx: 6, MixCtx: 3, Train: 85.65%, Valid: 68.93%, Test In: 69.96% Test OOD1: 60.98% Test OOD2: 52.71% Test OOD3: 58.92% 
Epoch: 485, Loss: 2.3963, Cls: 0.7989, Ind: 0.0000, Med: 0.3995, Spu: 0.0000, FD: 0.7987, FDAug: 0.3992, Var: 0.0000, Ctx: 6, MixCtx: 3, Train: 85.93%, Valid: 69.49%, Test In: 71.15% Test OOD1: 62.90% Test OOD2: 53.08% Test OOD3: 61.09% 
Epoch: 486, Loss: 2.3452, Cls: 0.7819, Ind: 0.0000, Med: 0.3911, Spu: 0.0000, FD: 0.7814, FDAug: 0.3908, Var: 0.0000, Ctx: 6, MixCtx: 3, Train: 86.42%, Valid: 69.56%, Test In: 70.94% Test OOD1: 62.57% Test OOD2: 52.79% Test OOD3: 60.65% 
Epoch: 487, Loss: 2.2788, Cls: 0.7596, Ind: 0.0000, Med: 0.3799, Spu: 0.0000, FD: 0.7595, FDAug: 0.3798, Var: 0.0000, Ctx: 6, MixCtx: 3, Train: 86.37%, Valid: 69.14%, Test In: 70.07% Test OOD1: 61.60% Test OOD2: 52.69% Test OOD3: 59.49% 
Epoch: 488, Loss: 2.3042, Cls: 0.7685, Ind: 0.0000, Med: 0.3845, Spu: 0.0000, FD: 0.7674, FDAug: 0.3837, Var: 0.0000, Ctx: 6, MixCtx: 3, Train: 86.20%, Valid: 69.72%, Test In: 70.88% Test OOD1: 62.25% Test OOD2: 53.23% Test OOD3: 60.00% 
Epoch: 489, Loss: 2.2869, Cls: 0.7620, Ind: 0.0000, Med: 0.3809, Spu: 0.0000, FD: 0.7626, FDAug: 0.3813, Var: 0.0000, Ctx: 6, MixCtx: 3, Train: 86.79%, Valid: 69.83%, Test In: 71.22% Test OOD1: 62.38% Test OOD2: 53.17% Test OOD3: 60.36% 
Epoch: 490, Loss: 2.2335, Cls: 0.7443, Ind: 0.0000, Med: 0.3721, Spu: 0.0000, FD: 0.7447, FDAug: 0.3724, Var: 0.0000, Ctx: 6, MixCtx: 3, Train: 86.13%, Valid: 68.89%, Test In: 70.25% Test OOD1: 61.21% Test OOD2: 52.57% Test OOD3: 59.56% 
Epoch: 491, Loss: 2.3275, Cls: 0.7764, Ind: 0.0000, Med: 0.3885, Spu: 0.0000, FD: 0.7752, FDAug: 0.3875, Var: 0.0000, Ctx: 6, MixCtx: 3, Train: 86.62%, Valid: 69.14%, Test In: 70.79% Test OOD1: 62.35% Test OOD2: 52.97% Test OOD3: 60.58% 
Epoch: 492, Loss: 2.2774, Cls: 0.7590, Ind: 0.0000, Med: 0.3795, Spu: 0.0000, FD: 0.7592, FDAug: 0.3796, Var: 0.0000, Ctx: 6, MixCtx: 3, Train: 86.84%, Valid: 68.98%, Test In: 70.19% Test OOD1: 61.71% Test OOD2: 52.81% Test OOD3: 59.47% 
Epoch: 493, Loss: 2.2267, Cls: 0.7423, Ind: 0.0000, Med: 0.3712, Spu: 0.0000, FD: 0.7421, FDAug: 0.3711, Var: 0.0000, Ctx: 6, MixCtx: 3, Train: 86.31%, Valid: 68.76%, Test In: 69.64% Test OOD1: 61.04% Test OOD2: 52.63% Test OOD3: 58.78% 
Epoch: 494, Loss: 2.2849, Cls: 0.7621, Ind: 0.0000, Med: 0.3813, Spu: 0.0000, FD: 0.7611, FDAug: 0.3805, Var: 0.0000, Ctx: 6, MixCtx: 3, Train: 85.00%, Valid: 68.73%, Test In: 70.65% Test OOD1: 61.96% Test OOD2: 53.08% Test OOD3: 60.82% 
Epoch: 495, Loss: 2.4915, Cls: 0.8310, Ind: 0.0000, Med: 0.4158, Spu: 0.0000, FD: 0.8298, FDAug: 0.4148, Var: 0.0000, Ctx: 6, MixCtx: 3, Train: 85.05%, Valid: 68.80%, Test In: 70.01% Test OOD1: 60.85% Test OOD2: 52.37% Test OOD3: 59.03% 
Epoch: 496, Loss: 2.5774, Cls: 0.8591, Ind: 0.0000, Med: 0.4295, Spu: 0.0000, FD: 0.8593, FDAug: 0.4295, Var: 0.0000, Ctx: 6, MixCtx: 3, Train: 86.60%, Valid: 70.06%, Test In: 71.52% Test OOD1: 62.17% Test OOD2: 53.03% Test OOD3: 60.18% 
Epoch: 497, Loss: 2.2935, Cls: 0.7645, Ind: 0.0000, Med: 0.3823, Spu: 0.0000, FD: 0.7644, FDAug: 0.3823, Var: 0.0000, Ctx: 6, MixCtx: 3, Train: 85.32%, Valid: 70.39%, Test In: 71.71% Test OOD1: 62.54% Test OOD2: 53.27% Test OOD3: 60.68% 
Epoch: 498, Loss: 2.4700, Cls: 0.8239, Ind: 0.0000, Med: 0.4123, Spu: 0.0000, FD: 0.8225, FDAug: 0.4113, Var: 0.0000, Ctx: 6, MixCtx: 3, Train: 86.34%, Valid: 69.44%, Test In: 70.60% Test OOD1: 60.96% Test OOD2: 52.79% Test OOD3: 59.05% 
Epoch: 499, Loss: 2.3041, Cls: 0.7678, Ind: 0.0000, Med: 0.3838, Spu: 0.0000, FD: 0.7683, FDAug: 0.3842, Var: 0.0000, Ctx: 6, MixCtx: 3, Train: 86.20%, Valid: 69.83%, Test In: 71.13% Test OOD1: 62.17% Test OOD2: 52.71% Test OOD3: 59.96% 
Run 01:
Highest Train: 86.87
Highest Valid: 73.54
Highest In Test: 75.02
Highest OOD Test: 68.24
Highest OOD Test: 54.77
Highest OOD Test: 64.52
Chosen epoch: 149
Final Train: 77.48
Final In Test: 74.84
Final OOD Test: 67.25
Final OOD Test: 53.48
Final OOD Test: 63.98
Epoch: 00, Loss: 4.3212, Cls: 1.3498, Ind: 0.0037, Med: 0.6421, Spu: 0.0065, FD: 1.5543, FDAug: 0.7648, Var: 0.0000, Ctx: 6, MixCtx: 3, Train: 54.81%, Valid: 55.50%, Test In: 55.04% Test OOD1: 56.92% Test OOD2: 52.14% Test OOD3: 56.43% 
Epoch: 01, Loss: 3.4542, Cls: 1.1342, Ind: 0.0045, Med: 0.5654, Spu: 0.0003, FD: 1.1650, FDAug: 0.5847, Var: 0.0000, Ctx: 6, MixCtx: 3, Train: 51.81%, Valid: 52.13%, Test In: 52.40% Test OOD1: 52.81% Test OOD2: 52.42% Test OOD3: 54.91% 
Epoch: 02, Loss: 3.3979, Cls: 1.1279, Ind: 0.0046, Med: 0.5654, Spu: 0.0020, FD: 1.1331, FDAug: 0.5648, Var: 0.0000, Ctx: 6, MixCtx: 3, Train: 56.09%, Valid: 56.49%, Test In: 55.81% Test OOD1: 58.33% Test OOD2: 52.61% Test OOD3: 57.49% 
Epoch: 03, Loss: 3.4322, Cls: 1.1348, Ind: 0.0030, Med: 0.5647, Spu: 0.0012, FD: 1.1537, FDAug: 0.5748, Var: 0.0000, Ctx: 6, MixCtx: 3, Train: 57.88%, Valid: 58.05%, Test In: 57.15% Test OOD1: 60.59% Test OOD2: 52.15% Test OOD3: 58.05% 
Epoch: 04, Loss: 3.4405, Cls: 1.1343, Ind: 0.0013, Med: 0.5645, Spu: 0.0000, FD: 1.1604, FDAug: 0.5800, Var: 0.0000, Ctx: 6, MixCtx: 3, Train: 58.41%, Valid: 58.54%, Test In: 57.45% Test OOD1: 61.20% Test OOD2: 51.82% Test OOD3: 58.06% 
Epoch: 05, Loss: 3.4305, Cls: 1.1277, Ind: 0.0003, Med: 0.5621, Spu: 0.0006, FD: 1.1595, FDAug: 0.5804, Var: 0.0000, Ctx: 6, MixCtx: 3, Train: 58.70%, Valid: 58.73%, Test In: 57.67% Test OOD1: 61.39% Test OOD2: 51.59% Test OOD3: 57.98% 
Epoch: 06, Loss: 3.4095, Cls: 1.1220, Ind: 0.0001, Med: 0.5607, Spu: 0.0012, FD: 1.1499, FDAug: 0.5758, Var: 0.0000, Ctx: 6, MixCtx: 3, Train: 58.74%, Valid: 58.76%, Test In: 57.72% Test OOD1: 61.43% Test OOD2: 51.46% Test OOD3: 57.92% 
Epoch: 07, Loss: 3.3881, Cls: 1.1199, Ind: 0.0002, Med: 0.5616, Spu: 0.0006, FD: 1.1368, FDAug: 0.5691, Var: 0.0000, Ctx: 6, MixCtx: 3, Train: 58.73%, Valid: 58.74%, Test In: 57.70% Test OOD1: 61.42% Test OOD2: 51.40% Test OOD3: 57.84% 
Epoch: 08, Loss: 3.3728, Cls: 1.1202, Ind: 0.0004, Med: 0.5625, Spu: 0.0000, FD: 1.1261, FDAug: 0.5635, Var: 0.0000, Ctx: 6, MixCtx: 3, Train: 58.74%, Valid: 58.72%, Test In: 57.68% Test OOD1: 61.42% Test OOD2: 51.35% Test OOD3: 57.78% 
Epoch: 09, Loss: 3.3639, Cls: 1.1204, Ind: 0.0006, Med: 0.5617, Spu: 0.0003, FD: 1.1206, FDAug: 0.5604, Var: 0.0000, Ctx: 6, MixCtx: 3, Train: 58.63%, Valid: 58.62%, Test In: 57.55% Test OOD1: 61.36% Test OOD2: 51.25% Test OOD3: 57.70% 
Epoch: 10, Loss: 3.3617, Cls: 1.1197, Ind: 0.0006, Med: 0.5600, Spu: 0.0009, FD: 1.1205, FDAug: 0.5600, Var: 0.0000, Ctx: 6, MixCtx: 3, Train: 58.52%, Valid: 58.52%, Test In: 57.45% Test OOD1: 61.32% Test OOD2: 51.19% Test OOD3: 57.65% 
Epoch: 11, Loss: 3.3654, Cls: 1.1188, Ind: 0.0006, Med: 0.5593, Spu: 0.0008, FD: 1.1243, FDAug: 0.5617, Var: 0.0000, Ctx: 6, MixCtx: 3, Train: 58.53%, Valid: 58.53%, Test In: 57.46% Test OOD1: 61.31% Test OOD2: 51.18% Test OOD3: 57.62% 
Epoch: 12, Loss: 3.3703, Cls: 1.1181, Ind: 0.0005, Med: 0.5595, Spu: 0.0003, FD: 1.1283, FDAug: 0.5636, Var: 0.0000, Ctx: 6, MixCtx: 3, Train: 58.60%, Valid: 58.58%, Test In: 57.54% Test OOD1: 61.34% Test OOD2: 51.18% Test OOD3: 57.64% 
Epoch: 13, Loss: 3.3722, Cls: 1.1176, Ind: 0.0003, Med: 0.5598, Spu: 0.0000, FD: 1.1300, FDAug: 0.5645, Var: 0.0000, Ctx: 6, MixCtx: 3, Train: 58.71%, Valid: 58.65%, Test In: 57.65% Test OOD1: 61.38% Test OOD2: 51.20% Test OOD3: 57.67% 
Epoch: 14, Loss: 3.3693, Cls: 1.1171, Ind: 0.0002, Med: 0.5595, Spu: 0.0003, FD: 1.1284, FDAug: 0.5638, Var: 0.0000, Ctx: 6, MixCtx: 3, Train: 58.99%, Valid: 58.83%, Test In: 57.92% Test OOD1: 61.51% Test OOD2: 51.26% Test OOD3: 57.79% 
Epoch: 15, Loss: 3.3624, Cls: 1.1162, Ind: 0.0001, Med: 0.5586, Spu: 0.0007, FD: 1.1247, FDAug: 0.5621, Var: 0.0000, Ctx: 6, MixCtx: 3, Train: 59.12%, Valid: 58.92%, Test In: 58.04% Test OOD1: 61.56% Test OOD2: 51.27% Test OOD3: 57.85% 
Epoch: 16, Loss: 3.3545, Cls: 1.1153, Ind: 0.0001, Med: 0.5576, Spu: 0.0007, FD: 1.1206, FDAug: 0.5602, Var: 0.0000, Ctx: 6, MixCtx: 3, Train: 59.23%, Valid: 58.99%, Test In: 58.15% Test OOD1: 61.61% Test OOD2: 51.29% Test OOD3: 57.89% 
Epoch: 17, Loss: 3.3477, Cls: 1.1143, Ind: 0.0001, Med: 0.5568, Spu: 0.0004, FD: 1.1174, FDAug: 0.5587, Var: 0.0000, Ctx: 6, MixCtx: 3, Train: 59.36%, Valid: 59.06%, Test In: 58.27% Test OOD1: 61.67% Test OOD2: 51.30% Test OOD3: 57.94% 
Epoch: 18, Loss: 3.3429, Cls: 1.1133, Ind: 0.0001, Med: 0.5563, Spu: 0.0001, FD: 1.1153, FDAug: 0.5578, Var: 0.0000, Ctx: 6, MixCtx: 3, Train: 59.53%, Valid: 59.16%, Test In: 58.43% Test OOD1: 61.74% Test OOD2: 51.32% Test OOD3: 58.03% 
Epoch: 19, Loss: 3.3398, Cls: 1.1121, Ind: 0.0001, Med: 0.5559, Spu: 0.0000, FD: 1.1143, FDAug: 0.5573, Var: 0.0000, Ctx: 6, MixCtx: 3, Train: 59.74%, Valid: 59.30%, Test In: 58.63% Test OOD1: 61.84% Test OOD2: 51.35% Test OOD3: 58.13% 
Epoch: 20, Loss: 3.3372, Cls: 1.1106, Ind: 0.0001, Med: 0.5552, Spu: 0.0002, FD: 1.1139, FDAug: 0.5571, Var: 0.0000, Ctx: 6, MixCtx: 3, Train: 60.01%, Valid: 59.47%, Test In: 58.87% Test OOD1: 61.95% Test OOD2: 51.38% Test OOD3: 58.27% 
Epoch: 21, Loss: 3.3342, Cls: 1.1089, Ind: 0.0001, Med: 0.5542, Spu: 0.0004, FD: 1.1136, FDAug: 0.5569, Var: 0.0000, Ctx: 6, MixCtx: 3, Train: 60.30%, Valid: 59.66%, Test In: 59.14% Test OOD1: 62.08% Test OOD2: 51.42% Test OOD3: 58.42% 
Epoch: 22, Loss: 3.3303, Cls: 1.1072, Ind: 0.0001, Med: 0.5531, Spu: 0.0004, FD: 1.1129, FDAug: 0.5566, Var: 0.0000, Ctx: 6, MixCtx: 3, Train: 60.62%, Valid: 59.87%, Test In: 59.43% Test OOD1: 62.22% Test OOD2: 51.47% Test OOD3: 58.59% 
Epoch: 23, Loss: 3.3248, Cls: 1.1053, Ind: 0.0001, Med: 0.5521, Spu: 0.0002, FD: 1.1114, FDAug: 0.5558, Var: 0.0000, Ctx: 6, MixCtx: 3, Train: 60.98%, Valid: 60.10%, Test In: 59.75% Test OOD1: 62.38% Test OOD2: 51.52% Test OOD3: 58.79% 
Epoch: 24, Loss: 3.3180, Cls: 1.1032, Ind: 0.0001, Med: 0.5509, Spu: 0.0000, FD: 1.1091, FDAug: 0.5546, Var: 0.0000, Ctx: 6, MixCtx: 3, Train: 61.40%, Valid: 60.38%, Test In: 60.15% Test OOD1: 62.56% Test OOD2: 51.57% Test OOD3: 59.02% 
Epoch: 25, Loss: 3.3098, Cls: 1.1007, Ind: 0.0001, Med: 0.5497, Spu: 0.0000, FD: 1.1061, FDAug: 0.5532, Var: 0.0000, Ctx: 6, MixCtx: 3, Train: 61.86%, Valid: 60.68%, Test In: 60.57% Test OOD1: 62.74% Test OOD2: 51.64% Test OOD3: 59.27% 
Epoch: 26, Loss: 3.3001, Cls: 1.0977, Ind: 0.0001, Med: 0.5482, Spu: 0.0001, FD: 1.1026, FDAug: 0.5514, Var: 0.0000, Ctx: 6, MixCtx: 3, Train: 62.40%, Valid: 61.05%, Test In: 61.08% Test OOD1: 62.97% Test OOD2: 51.72% Test OOD3: 59.57% 
Epoch: 27, Loss: 3.2890, Cls: 1.0941, Ind: 0.0001, Med: 0.5465, Spu: 0.0002, FD: 1.0986, FDAug: 0.5494, Var: 0.0000, Ctx: 6, MixCtx: 3, Train: 63.08%, Valid: 61.50%, Test In: 61.72% Test OOD1: 63.24% Test OOD2: 51.81% Test OOD3: 59.92% 
Epoch: 28, Loss: 3.2764, Cls: 1.0899, Ind: 0.0001, Med: 0.5445, Spu: 0.0002, FD: 1.0944, FDAug: 0.5473, Var: 0.0000, Ctx: 6, MixCtx: 3, Train: 63.77%, Valid: 61.96%, Test In: 62.36% Test OOD1: 63.53% Test OOD2: 51.90% Test OOD3: 60.28% 
Epoch: 29, Loss: 3.2624, Cls: 1.0853, Ind: 0.0001, Med: 0.5422, Spu: 0.0001, FD: 1.0897, FDAug: 0.5450, Var: 0.0000, Ctx: 6, MixCtx: 3, Train: 64.77%, Valid: 62.66%, Test In: 63.33% Test OOD1: 63.91% Test OOD2: 52.05% Test OOD3: 60.74% 
Epoch: 30, Loss: 3.2489, Cls: 1.0805, Ind: 0.0001, Med: 0.5398, Spu: 0.0000, FD: 1.0855, FDAug: 0.5430, Var: 0.0000, Ctx: 6, MixCtx: 3, Train: 65.28%, Valid: 63.02%, Test In: 63.80% Test OOD1: 64.09% Test OOD2: 52.11% Test OOD3: 61.03% 
Epoch: 31, Loss: 3.2412, Cls: 1.0780, Ind: 0.0001, Med: 0.5385, Spu: 0.0000, FD: 1.0831, FDAug: 0.5415, Var: 0.0000, Ctx: 6, MixCtx: 3, Train: 66.42%, Valid: 63.81%, Test In: 64.92% Test OOD1: 64.52% Test OOD2: 52.28% Test OOD3: 61.47% 
Epoch: 32, Loss: 3.2222, Cls: 1.0713, Ind: 0.0001, Med: 0.5354, Spu: 0.0001, FD: 1.0768, FDAug: 0.5386, Var: 0.0000, Ctx: 6, MixCtx: 3, Train: 66.96%, Valid: 64.21%, Test In: 65.44% Test OOD1: 64.70% Test OOD2: 52.34% Test OOD3: 61.72% 
Epoch: 33, Loss: 3.1977, Cls: 1.0624, Ind: 0.0001, Med: 0.5305, Spu: 0.0002, FD: 1.0697, FDAug: 0.5349, Var: 0.0000, Ctx: 6, MixCtx: 3, Train: 67.83%, Valid: 64.83%, Test In: 66.30% Test OOD1: 65.02% Test OOD2: 52.46% Test OOD3: 62.04% 
Epoch: 34, Loss: 3.1766, Cls: 1.0550, Ind: 0.0001, Med: 0.5268, Spu: 0.0001, FD: 1.0630, FDAug: 0.5316, Var: 0.0000, Ctx: 6, MixCtx: 3, Train: 68.92%, Valid: 65.63%, Test In: 67.39% Test OOD1: 65.36% Test OOD2: 52.63% Test OOD3: 62.42% 
Epoch: 35, Loss: 3.1646, Cls: 1.0513, Ind: 0.0001, Med: 0.5254, Spu: 0.0000, FD: 1.0584, FDAug: 0.5294, Var: 0.0000, Ctx: 6, MixCtx: 3, Train: 69.35%, Valid: 65.94%, Test In: 67.83% Test OOD1: 65.50% Test OOD2: 52.65% Test OOD3: 62.58% 
Epoch: 36, Loss: 3.1652, Cls: 1.0515, Ind: 0.0002, Med: 0.5251, Spu: 0.0000, FD: 1.0591, FDAug: 0.5294, Var: 0.0000, Ctx: 6, MixCtx: 3, Train: 70.40%, Valid: 66.74%, Test In: 68.88% Test OOD1: 65.80% Test OOD2: 52.87% Test OOD3: 62.88% 
Epoch: 37, Loss: 3.1205, Cls: 1.0357, Ind: 0.0001, Med: 0.5170, Spu: 0.0000, FD: 1.0450, FDAug: 0.5227, Var: 0.0000, Ctx: 6, MixCtx: 3, Train: 70.93%, Valid: 67.12%, Test In: 69.42% Test OOD1: 65.91% Test OOD2: 52.97% Test OOD3: 63.03% 
Epoch: 38, Loss: 3.0909, Cls: 1.0254, Ind: 0.0001, Med: 0.5116, Spu: 0.0001, FD: 1.0357, FDAug: 0.5180, Var: 0.0000, Ctx: 6, MixCtx: 3, Train: 71.29%, Valid: 67.34%, Test In: 69.76% Test OOD1: 66.00% Test OOD2: 52.99% Test OOD3: 63.12% 
Epoch: 39, Loss: 3.0946, Cls: 1.0283, Ind: 0.0002, Med: 0.5140, Spu: 0.0001, FD: 1.0346, FDAug: 0.5174, Var: 0.0000, Ctx: 6, MixCtx: 3, Train: 71.91%, Valid: 67.75%, Test In: 70.45% Test OOD1: 65.87% Test OOD2: 53.21% Test OOD3: 63.21% 
Epoch: 40, Loss: 3.0789, Cls: 1.0205, Ind: 0.0002, Med: 0.5087, Spu: 0.0001, FD: 1.0329, FDAug: 0.5166, Var: 0.0000, Ctx: 6, MixCtx: 3, Train: 72.07%, Valid: 67.88%, Test In: 70.60% Test OOD1: 65.91% Test OOD2: 53.21% Test OOD3: 63.26% 
Epoch: 41, Loss: 3.0423, Cls: 1.0102, Ind: 0.0002, Med: 0.5047, Spu: 0.0000, FD: 1.0180, FDAug: 0.5091, Var: 0.0000, Ctx: 6, MixCtx: 3, Train: 72.30%, Valid: 68.03%, Test In: 70.86% Test OOD1: 65.78% Test OOD2: 53.29% Test OOD3: 63.28% 
Epoch: 42, Loss: 3.0259, Cls: 1.0048, Ind: 0.0002, Med: 0.5021, Spu: 0.0000, FD: 1.0125, FDAug: 0.5063, Var: 0.0000, Ctx: 6, MixCtx: 3, Train: 72.52%, Valid: 68.12%, Test In: 71.11% Test OOD1: 65.44% Test OOD2: 53.42% Test OOD3: 63.24% 
Epoch: 43, Loss: 3.0412, Cls: 1.0089, Ind: 0.0002, Med: 0.5033, Spu: 0.0000, FD: 1.0191, FDAug: 0.5096, Var: 0.0000, Ctx: 6, MixCtx: 3, Train: 72.60%, Valid: 68.28%, Test In: 71.15% Test OOD1: 65.72% Test OOD2: 53.35% Test OOD3: 63.31% 
Epoch: 44, Loss: 3.0585, Cls: 1.0195, Ind: 0.0002, Med: 0.5119, Spu: 0.0000, FD: 1.0179, FDAug: 0.5089, Var: 0.0000, Ctx: 6, MixCtx: 3, Train: 72.71%, Valid: 68.30%, Test In: 71.35% Test OOD1: 65.17% Test OOD2: 53.48% Test OOD3: 63.22% 
Epoch: 45, Loss: 3.0230, Cls: 1.0046, Ind: 0.0002, Med: 0.5019, Spu: 0.0000, FD: 1.0108, FDAug: 0.5054, Var: 0.0000, Ctx: 6, MixCtx: 3, Train: 72.81%, Valid: 68.44%, Test In: 71.45% Test OOD1: 65.28% Test OOD2: 53.49% Test OOD3: 63.26% 
Epoch: 46, Loss: 2.9913, Cls: 0.9950, Ind: 0.0002, Med: 0.4976, Spu: 0.0000, FD: 0.9989, FDAug: 0.4995, Var: 0.0000, Ctx: 6, MixCtx: 3, Train: 72.91%, Valid: 68.59%, Test In: 71.52% Test OOD1: 65.53% Test OOD2: 53.47% Test OOD3: 63.33% 
Epoch: 47, Loss: 3.0218, Cls: 1.0071, Ind: 0.0002, Med: 0.5046, Spu: 0.0000, FD: 1.0066, FDAug: 0.5033, Var: 0.0000, Ctx: 6, MixCtx: 3, Train: 72.92%, Valid: 68.54%, Test In: 71.63% Test OOD1: 64.83% Test OOD2: 53.54% Test OOD3: 63.16% 
Epoch: 48, Loss: 3.0271, Cls: 1.0083, Ind: 0.0002, Med: 0.5045, Spu: 0.0000, FD: 1.0094, FDAug: 0.5046, Var: 0.0000, Ctx: 6, MixCtx: 3, Train: 73.05%, Valid: 68.76%, Test In: 71.72% Test OOD1: 65.27% Test OOD2: 53.53% Test OOD3: 63.29% 
Epoch: 49, Loss: 2.9803, Cls: 0.9927, Ind: 0.0002, Med: 0.4966, Spu: 0.0000, FD: 0.9939, FDAug: 0.4970, Var: 0.0000, Ctx: 6, MixCtx: 3, Train: 73.15%, Valid: 68.90%, Test In: 71.79% Test OOD1: 65.50% Test OOD2: 53.52% Test OOD3: 63.37% 
Epoch: 50, Loss: 3.0040, Cls: 1.0010, Ind: 0.0001, Med: 0.5007, Spu: 0.0000, FD: 1.0014, FDAug: 0.5007, Var: 0.0000, Ctx: 6, MixCtx: 3, Train: 73.15%, Valid: 68.84%, Test In: 71.87% Test OOD1: 64.84% Test OOD2: 53.59% Test OOD3: 63.20% 
Epoch: 51, Loss: 3.0060, Cls: 1.0018, Ind: 0.0001, Med: 0.5011, Spu: 0.0000, FD: 1.0019, FDAug: 0.5009, Var: 0.0000, Ctx: 6, MixCtx: 3, Train: 73.27%, Valid: 69.05%, Test In: 71.96% Test OOD1: 65.24% Test OOD2: 53.59% Test OOD3: 63.32% 
Epoch: 52, Loss: 2.9707, Cls: 0.9898, Ind: 0.0001, Med: 0.4949, Spu: 0.0000, FD: 0.9905, FDAug: 0.4953, Var: 0.0000, Ctx: 6, MixCtx: 3, Train: 73.38%, Valid: 69.25%, Test In: 72.00% Test OOD1: 65.73% Test OOD2: 53.57% Test OOD3: 63.46% 
Epoch: 53, Loss: 3.0021, Cls: 1.0003, Ind: 0.0001, Med: 0.5001, Spu: 0.0000, FD: 1.0010, FDAug: 0.5006, Var: 0.0000, Ctx: 6, MixCtx: 3, Train: 73.44%, Valid: 69.26%, Test In: 72.13% Test OOD1: 65.23% Test OOD2: 53.63% Test OOD3: 63.34% 
Epoch: 54, Loss: 2.9780, Cls: 0.9923, Ind: 0.0001, Med: 0.4960, Spu: 0.0000, FD: 0.9931, FDAug: 0.4965, Var: 0.0000, Ctx: 6, MixCtx: 3, Train: 73.53%, Valid: 69.40%, Test In: 72.21% Test OOD1: 65.41% Test OOD2: 53.64% Test OOD3: 63.41% 
Epoch: 55, Loss: 2.9691, Cls: 0.9893, Ind: 0.0001, Med: 0.4945, Spu: 0.0000, FD: 0.9901, FDAug: 0.4950, Var: 0.0000, Ctx: 6, MixCtx: 3, Train: 73.60%, Valid: 69.57%, Test In: 72.19% Test OOD1: 66.03% Test OOD2: 53.59% Test OOD3: 63.57% 
Epoch: 56, Loss: 2.9848, Cls: 0.9944, Ind: 0.0001, Med: 0.4970, Spu: 0.0000, FD: 0.9955, FDAug: 0.4978, Var: 0.0000, Ctx: 6, MixCtx: 3, Train: 73.70%, Valid: 69.65%, Test In: 72.33% Test OOD1: 65.76% Test OOD2: 53.65% Test OOD3: 63.52% 
Epoch: 57, Loss: 2.9532, Cls: 0.9841, Ind: 0.0001, Med: 0.4921, Spu: 0.0000, FD: 0.9846, FDAug: 0.4923, Var: 0.0000, Ctx: 6, MixCtx: 3, Train: 73.77%, Valid: 69.71%, Test In: 72.43% Test OOD1: 65.64% Test OOD2: 53.67% Test OOD3: 63.50% 
Epoch: 58, Loss: 2.9662, Cls: 0.9886, Ind: 0.0001, Med: 0.4944, Spu: 0.0000, FD: 0.9888, FDAug: 0.4943, Var: 0.0000, Ctx: 6, MixCtx: 3, Train: 73.80%, Valid: 69.84%, Test In: 72.37% Test OOD1: 66.20% Test OOD2: 53.62% Test OOD3: 63.63% 
Epoch: 59, Loss: 2.9584, Cls: 0.9853, Ind: 0.0001, Med: 0.4925, Spu: 0.0000, FD: 0.9870, FDAug: 0.4936, Var: 0.0000, Ctx: 6, MixCtx: 3, Train: 73.89%, Valid: 69.94%, Test In: 72.47% Test OOD1: 66.14% Test OOD2: 53.65% Test OOD3: 63.63% 
Epoch: 60, Loss: 2.9429, Cls: 0.9805, Ind: 0.0001, Med: 0.4904, Spu: 0.0000, FD: 0.9813, FDAug: 0.4907, Var: 0.0000, Ctx: 6, MixCtx: 3, Train: 73.97%, Valid: 70.02%, Test In: 72.62% Test OOD1: 65.89% Test OOD2: 53.69% Test OOD3: 63.58% 
Epoch: 61, Loss: 2.9554, Cls: 0.9854, Ind: 0.0001, Med: 0.4932, Spu: 0.0000, FD: 0.9845, FDAug: 0.4922, Var: 0.0000, Ctx: 6, MixCtx: 3, Train: 74.00%, Valid: 70.12%, Test In: 72.57% Test OOD1: 66.34% Test OOD2: 53.63% Test OOD3: 63.68% 
Epoch: 62, Loss: 2.9401, Cls: 0.9793, Ind: 0.0001, Med: 0.4898, Spu: 0.0000, FD: 0.9806, FDAug: 0.4903, Var: 0.0000, Ctx: 6, MixCtx: 3, Train: 74.06%, Valid: 70.21%, Test In: 72.62% Test OOD1: 66.39% Test OOD2: 53.63% Test OOD3: 63.70% 
Epoch: 63, Loss: 2.9367, Cls: 0.9783, Ind: 0.0001, Med: 0.4893, Spu: 0.0000, FD: 0.9794, FDAug: 0.4897, Var: 0.0000, Ctx: 6, MixCtx: 3, Train: 74.18%, Valid: 70.31%, Test In: 72.81% Test OOD1: 66.10% Test OOD2: 53.69% Test OOD3: 63.65% 
Epoch: 64, Loss: 2.9442, Cls: 0.9816, Ind: 0.0001, Med: 0.4912, Spu: 0.0000, FD: 0.9810, FDAug: 0.4904, Var: 0.0000, Ctx: 6, MixCtx: 3, Train: 74.19%, Valid: 70.38%, Test In: 72.75% Test OOD1: 66.49% Test OOD2: 53.64% Test OOD3: 63.73% 
Epoch: 65, Loss: 2.9300, Cls: 0.9763, Ind: 0.0001, Med: 0.4884, Spu: 0.0000, FD: 0.9768, FDAug: 0.4884, Var: 0.0000, Ctx: 6, MixCtx: 3, Train: 74.26%, Valid: 70.48%, Test In: 72.82% Test OOD1: 66.53% Test OOD2: 53.63% Test OOD3: 63.75% 
Epoch: 66, Loss: 2.9270, Cls: 0.9755, Ind: 0.0001, Med: 0.4880, Spu: 0.0000, FD: 0.9756, FDAug: 0.4878, Var: 0.0000, Ctx: 6, MixCtx: 3, Train: 74.39%, Valid: 70.57%, Test In: 73.01% Test OOD1: 66.22% Test OOD2: 53.69% Test OOD3: 63.69% 
Epoch: 67, Loss: 2.9331, Cls: 0.9775, Ind: 0.0001, Med: 0.4889, Spu: 0.0000, FD: 0.9778, FDAug: 0.4888, Var: 0.0000, Ctx: 6, MixCtx: 3, Train: 74.39%, Valid: 70.64%, Test In: 72.95% Test OOD1: 66.61% Test OOD2: 53.62% Test OOD3: 63.78% 
Epoch: 68, Loss: 2.9229, Cls: 0.9743, Ind: 0.0001, Med: 0.4875, Spu: 0.0000, FD: 0.9740, FDAug: 0.4870, Var: 0.0000, Ctx: 6, MixCtx: 3, Train: 74.49%, Valid: 70.74%, Test In: 73.07% Test OOD1: 66.53% Test OOD2: 53.64% Test OOD3: 63.77% 
Epoch: 69, Loss: 2.9153, Cls: 0.9718, Ind: 0.0001, Med: 0.4862, Spu: 0.0000, FD: 0.9715, FDAug: 0.4857, Var: 0.0000, Ctx: 6, MixCtx: 3, Train: 74.59%, Valid: 70.83%, Test In: 73.24% Test OOD1: 66.31% Test OOD2: 53.68% Test OOD3: 63.72% 
Epoch: 70, Loss: 2.9189, Cls: 0.9728, Ind: 0.0001, Med: 0.4865, Spu: 0.0000, FD: 0.9731, FDAug: 0.4865, Var: 0.0000, Ctx: 6, MixCtx: 3, Train: 74.59%, Valid: 70.89%, Test In: 73.17% Test OOD1: 66.69% Test OOD2: 53.61% Test OOD3: 63.81% 
Epoch: 71, Loss: 2.9171, Cls: 0.9725, Ind: 0.0001, Med: 0.4864, Spu: 0.0000, FD: 0.9720, FDAug: 0.4861, Var: 0.0000, Ctx: 6, MixCtx: 3, Train: 74.72%, Valid: 70.99%, Test In: 73.37% Test OOD1: 66.39% Test OOD2: 53.67% Test OOD3: 63.74% 
Epoch: 72, Loss: 2.9085, Cls: 0.9695, Ind: 0.0001, Med: 0.4848, Spu: 0.0000, FD: 0.9694, FDAug: 0.4847, Var: 0.0000, Ctx: 6, MixCtx: 3, Train: 74.78%, Valid: 71.07%, Test In: 73.42% Test OOD1: 66.49% Test OOD2: 53.65% Test OOD3: 63.77% 
Epoch: 73, Loss: 2.9029, Cls: 0.9676, Ind: 0.0001, Med: 0.4839, Spu: 0.0000, FD: 0.9675, FDAug: 0.4838, Var: 0.0000, Ctx: 6, MixCtx: 3, Train: 74.82%, Valid: 71.15%, Test In: 73.43% Test OOD1: 66.68% Test OOD2: 53.61% Test OOD3: 63.81% 
Epoch: 74, Loss: 2.9039, Cls: 0.9678, Ind: 0.0001, Med: 0.4839, Spu: 0.0000, FD: 0.9680, FDAug: 0.4841, Var: 0.0000, Ctx: 6, MixCtx: 3, Train: 74.91%, Valid: 71.22%, Test In: 73.62% Test OOD1: 66.26% Test OOD2: 53.68% Test OOD3: 63.69% 
Epoch: 75, Loss: 2.9060, Cls: 0.9688, Ind: 0.0000, Med: 0.4845, Spu: 0.0000, FD: 0.9684, FDAug: 0.4842, Var: 0.0000, Ctx: 6, MixCtx: 3, Train: 74.94%, Valid: 71.30%, Test In: 73.55% Test OOD1: 66.77% Test OOD2: 53.58% Test OOD3: 63.82% 
Epoch: 76, Loss: 2.9028, Cls: 0.9673, Ind: 0.0001, Med: 0.4836, Spu: 0.0000, FD: 0.9679, FDAug: 0.4840, Var: 0.0000, Ctx: 6, MixCtx: 3, Train: 75.03%, Valid: 71.38%, Test In: 73.75% Test OOD1: 66.31% Test OOD2: 53.67% Test OOD3: 63.69% 
Epoch: 77, Loss: 2.8977, Cls: 0.9660, Ind: 0.0000, Med: 0.4831, Spu: 0.0000, FD: 0.9657, FDAug: 0.4828, Var: 0.0000, Ctx: 6, MixCtx: 3, Train: 75.08%, Valid: 71.45%, Test In: 73.72% Test OOD1: 66.71% Test OOD2: 53.58% Test OOD3: 63.80% 
Epoch: 78, Loss: 2.8915, Cls: 0.9636, Ind: 0.0001, Med: 0.4818, Spu: 0.0000, FD: 0.9639, FDAug: 0.4820, Var: 0.0000, Ctx: 6, MixCtx: 3, Train: 75.16%, Valid: 71.53%, Test In: 73.84% Test OOD1: 66.49% Test OOD2: 53.63% Test OOD3: 63.74% 
Epoch: 79, Loss: 2.8866, Cls: 0.9622, Ind: 0.0000, Med: 0.4811, Spu: 0.0000, FD: 0.9622, FDAug: 0.4811, Var: 0.0000, Ctx: 6, MixCtx: 3, Train: 75.22%, Valid: 71.62%, Test In: 73.88% Test OOD1: 66.64% Test OOD2: 53.59% Test OOD3: 63.77% 
Epoch: 80, Loss: 2.8830, Cls: 0.9609, Ind: 0.0000, Med: 0.4805, Spu: 0.0000, FD: 0.9610, FDAug: 0.4805, Var: 0.0000, Ctx: 6, MixCtx: 3, Train: 75.28%, Valid: 71.70%, Test In: 73.94% Test OOD1: 66.66% Test OOD2: 53.59% Test OOD3: 63.77% 
Epoch: 81, Loss: 2.8802, Cls: 0.9600, Ind: 0.0000, Med: 0.4801, Spu: 0.0000, FD: 0.9600, FDAug: 0.4801, Var: 0.0000, Ctx: 6, MixCtx: 3, Train: 75.35%, Valid: 71.79%, Test In: 74.01% Test OOD1: 66.62% Test OOD2: 53.60% Test OOD3: 63.74% 
Epoch: 82, Loss: 2.8779, Cls: 0.9592, Ind: 0.0000, Med: 0.4797, Spu: 0.0000, FD: 0.9593, FDAug: 0.4797, Var: 0.0000, Ctx: 6, MixCtx: 3, Train: 75.40%, Valid: 71.88%, Test In: 74.02% Test OOD1: 66.89% Test OOD2: 53.54% Test OOD3: 63.82% 
Epoch: 83, Loss: 2.8770, Cls: 0.9591, Ind: 0.0000, Med: 0.4797, Spu: 0.0000, FD: 0.9588, FDAug: 0.4794, Var: 0.0000, Ctx: 6, MixCtx: 3, Train: 75.49%, Valid: 71.98%, Test In: 74.14% Test OOD1: 66.46% Test OOD2: 53.63% Test OOD3: 63.67% 
Epoch: 84, Loss: 2.8822, Cls: 0.9605, Ind: 0.0000, Med: 0.4803, Spu: 0.0000, FD: 0.9610, FDAug: 0.4804, Var: 0.0000, Ctx: 6, MixCtx: 3, Train: 75.44%, Valid: 71.98%, Test In: 73.96% Test OOD1: 67.35% Test OOD2: 53.40% Test OOD3: 63.94% 
Epoch: 85, Loss: 2.9120, Cls: 0.9711, Ind: 0.0000, Med: 0.4858, Spu: 0.0000, FD: 0.9701, FDAug: 0.4850, Var: 0.0000, Ctx: 6, MixCtx: 3, Train: 75.42%, Valid: 71.95%, Test In: 74.16% Test OOD1: 64.97% Test OOD2: 53.72% Test OOD3: 63.16% 
Epoch: 86, Loss: 3.0298, Cls: 1.0097, Ind: 0.0000, Med: 0.5048, Spu: 0.0000, FD: 1.0105, FDAug: 0.5047, Var: 0.0000, Ctx: 6, MixCtx: 3, Train: 75.33%, Valid: 71.97%, Test In: 73.76% Test OOD1: 67.71% Test OOD2: 53.24% Test OOD3: 64.02% 
Epoch: 87, Loss: 3.0374, Cls: 1.0128, Ind: 0.0000, Med: 0.5066, Spu: 0.0000, FD: 1.0122, FDAug: 0.5058, Var: 0.0000, Ctx: 6, MixCtx: 3, Train: 75.65%, Valid: 72.25%, Test In: 74.31% Test OOD1: 65.97% Test OOD2: 53.68% Test OOD3: 63.46% 
Epoch: 88, Loss: 2.9108, Cls: 0.9704, Ind: 0.0000, Med: 0.4854, Spu: 0.0000, FD: 0.9699, FDAug: 0.4851, Var: 0.0000, Ctx: 6, MixCtx: 3, Train: 75.67%, Valid: 72.29%, Test In: 74.33% Test OOD1: 65.86% Test OOD2: 53.69% Test OOD3: 63.41% 
Epoch: 89, Loss: 2.9212, Cls: 0.9737, Ind: 0.0000, Med: 0.4870, Spu: 0.0000, FD: 0.9735, FDAug: 0.4870, Var: 0.0000, Ctx: 6, MixCtx: 3, Train: 75.61%, Valid: 72.29%, Test In: 74.06% Test OOD1: 67.55% Test OOD2: 53.32% Test OOD3: 63.97% 
Epoch: 90, Loss: 2.9482, Cls: 0.9823, Ind: 0.0000, Med: 0.4911, Spu: 0.0000, FD: 0.9831, FDAug: 0.4917, Var: 0.0000, Ctx: 6, MixCtx: 3, Train: 75.79%, Valid: 72.44%, Test In: 74.29% Test OOD1: 67.07% Test OOD2: 53.50% Test OOD3: 63.79% 
Epoch: 91, Loss: 2.8790, Cls: 0.9593, Ind: 0.0000, Med: 0.4796, Spu: 0.0000, FD: 0.9598, FDAug: 0.4802, Var: 0.0000, Ctx: 6, MixCtx: 3, Train: 75.79%, Valid: 72.46%, Test In: 74.39% Test OOD1: 66.06% Test OOD2: 53.67% Test OOD3: 63.44% 
Epoch: 92, Loss: 2.9326, Cls: 0.9765, Ind: 0.0000, Med: 0.4878, Spu: 0.0000, FD: 0.9787, FDAug: 0.4895, Var: 0.0000, Ctx: 6, MixCtx: 3, Train: 75.78%, Valid: 72.46%, Test In: 74.23% Test OOD1: 67.40% Test OOD2: 53.39% Test OOD3: 63.89% 
Epoch: 93, Loss: 2.8712, Cls: 0.9574, Ind: 0.0000, Med: 0.4790, Spu: 0.0000, FD: 0.9564, FDAug: 0.4784, Var: 0.0000, Ctx: 6, MixCtx: 3, Train: 75.63%, Valid: 72.35%, Test In: 74.00% Test OOD1: 67.73% Test OOD2: 53.24% Test OOD3: 64.00% 
Epoch: 94, Loss: 2.9048, Cls: 0.9694, Ind: 0.0000, Med: 0.4853, Spu: 0.0000, FD: 0.9668, FDAug: 0.4834, Var: 0.0000, Ctx: 6, MixCtx: 3, Train: 75.89%, Valid: 72.56%, Test In: 74.40% Test OOD1: 66.78% Test OOD2: 53.55% Test OOD3: 63.65% 
Epoch: 95, Loss: 2.9084, Cls: 0.9684, Ind: 0.0000, Med: 0.4838, Spu: 0.0000, FD: 0.9708, FDAug: 0.4854, Var: 0.0000, Ctx: 6, MixCtx: 3, Train: 75.84%, Valid: 72.50%, Test In: 74.27% Test OOD1: 67.41% Test OOD2: 53.38% Test OOD3: 63.87% 
Epoch: 96, Loss: 2.8619, Cls: 0.9538, Ind: 0.0000, Med: 0.4769, Spu: 0.0000, FD: 0.9541, FDAug: 0.4771, Var: 0.0000, Ctx: 6, MixCtx: 3, Train: 75.61%, Valid: 72.32%, Test In: 73.97% Test OOD1: 67.86% Test OOD2: 53.19% Test OOD3: 64.02% 
Epoch: 97, Loss: 2.9134, Cls: 0.9699, Ind: 0.0000, Med: 0.4844, Spu: 0.0000, FD: 0.9729, FDAug: 0.4861, Var: 0.0000, Ctx: 6, MixCtx: 3, Train: 75.92%, Valid: 72.58%, Test In: 74.43% Test OOD1: 66.85% Test OOD2: 53.52% Test OOD3: 63.66% 
Epoch: 98, Loss: 2.8964, Cls: 0.9666, Ind: 0.0000, Med: 0.4841, Spu: 0.0000, FD: 0.9638, FDAug: 0.4818, Var: 0.0000, Ctx: 6, MixCtx: 3, Train: 75.92%, Valid: 72.55%, Test In: 74.39% Test OOD1: 67.24% Test OOD2: 53.43% Test OOD3: 63.80% 
Epoch: 99, Loss: 2.8592, Cls: 0.9536, Ind: 0.0000, Med: 0.4773, Spu: 0.0000, FD: 0.9522, FDAug: 0.4761, Var: 0.0000, Ctx: 6, MixCtx: 3, Train: 75.76%, Valid: 72.44%, Test In: 74.16% Test OOD1: 67.76% Test OOD2: 53.24% Test OOD3: 63.98% 
Epoch: 100, Loss: 2.9046, Cls: 0.9656, Ind: 0.0000, Med: 0.4817, Spu: 0.0000, FD: 0.9716, FDAug: 0.4856, Var: 0.0000, Ctx: 6, MixCtx: 3, Train: 75.94%, Valid: 72.57%, Test In: 74.48% Test OOD1: 66.72% Test OOD2: 53.53% Test OOD3: 63.61% 
Epoch: 101, Loss: 2.8734, Cls: 0.9591, Ind: 0.0000, Med: 0.4805, Spu: 0.0000, FD: 0.9558, FDAug: 0.4780, Var: 0.0000, Ctx: 6, MixCtx: 3, Train: 75.94%, Valid: 72.58%, Test In: 74.49% Test OOD1: 66.71% Test OOD2: 53.53% Test OOD3: 63.60% 
Epoch: 102, Loss: 2.8679, Cls: 0.9568, Ind: 0.0000, Med: 0.4789, Spu: 0.0000, FD: 0.9547, FDAug: 0.4775, Var: 0.0000, Ctx: 6, MixCtx: 3, Train: 75.89%, Valid: 72.54%, Test In: 74.34% Test OOD1: 67.56% Test OOD2: 53.32% Test OOD3: 63.90% 
Epoch: 103, Loss: 2.8899, Cls: 0.9627, Ind: 0.0000, Med: 0.4811, Spu: 0.0000, FD: 0.9640, FDAug: 0.4819, Var: 0.0000, Ctx: 6, MixCtx: 3, Train: 75.99%, Valid: 72.62%, Test In: 74.50% Test OOD1: 66.94% Test OOD2: 53.50% Test OOD3: 63.67% 
Epoch: 104, Loss: 2.8544, Cls: 0.9514, Ind: 0.0000, Med: 0.4758, Spu: 0.0000, FD: 0.9514, FDAug: 0.4758, Var: 0.0000, Ctx: 6, MixCtx: 3, Train: 75.98%, Valid: 72.66%, Test In: 74.52% Test OOD1: 66.51% Test OOD2: 53.57% Test OOD3: 63.52% 
Epoch: 105, Loss: 2.8730, Cls: 0.9567, Ind: 0.0000, Med: 0.4781, Spu: 0.0000, FD: 0.9587, FDAug: 0.4795, Var: 0.0000, Ctx: 6, MixCtx: 3, Train: 76.01%, Valid: 72.66%, Test In: 74.43% Test OOD1: 67.45% Test OOD2: 53.39% Test OOD3: 63.86% 
Epoch: 106, Loss: 2.8643, Cls: 0.9558, Ind: 0.0000, Med: 0.4787, Spu: 0.0000, FD: 0.9532, FDAug: 0.4766, Var: 0.0000, Ctx: 6, MixCtx: 3, Train: 76.06%, Valid: 72.71%, Test In: 74.47% Test OOD1: 67.31% Test OOD2: 53.43% Test OOD3: 63.80% 
Epoch: 107, Loss: 2.8520, Cls: 0.9511, Ind: 0.0000, Med: 0.4761, Spu: 0.0000, FD: 0.9499, FDAug: 0.4749, Var: 0.0000, Ctx: 6, MixCtx: 3, Train: 76.08%, Valid: 72.79%, Test In: 74.55% Test OOD1: 66.74% Test OOD2: 53.55% Test OOD3: 63.57% 
Epoch: 108, Loss: 2.8690, Cls: 0.9549, Ind: 0.0000, Med: 0.4770, Spu: 0.0000, FD: 0.9579, FDAug: 0.4790, Var: 0.0000, Ctx: 6, MixCtx: 3, Train: 76.10%, Valid: 72.77%, Test In: 74.46% Test OOD1: 67.45% Test OOD2: 53.40% Test OOD3: 63.84% 
Epoch: 109, Loss: 2.8516, Cls: 0.9509, Ind: 0.0000, Med: 0.4757, Spu: 0.0000, FD: 0.9500, FDAug: 0.4750, Var: 0.0000, Ctx: 6, MixCtx: 3, Train: 76.11%, Valid: 72.79%, Test In: 74.45% Test OOD1: 67.51% Test OOD2: 53.39% Test OOD3: 63.86% 
Epoch: 110, Loss: 2.8522, Cls: 0.9508, Ind: 0.0000, Med: 0.4755, Spu: 0.0000, FD: 0.9506, FDAug: 0.4752, Var: 0.0000, Ctx: 6, MixCtx: 3, Train: 76.17%, Valid: 72.89%, Test In: 74.57% Test OOD1: 66.88% Test OOD2: 53.52% Test OOD3: 63.61% 
Epoch: 111, Loss: 2.8611, Cls: 0.9539, Ind: 0.0000, Med: 0.4771, Spu: 0.0000, FD: 0.9534, FDAug: 0.4767, Var: 0.0000, Ctx: 6, MixCtx: 3, Train: 76.18%, Valid: 72.87%, Test In: 74.50% Test OOD1: 67.42% Test OOD2: 53.42% Test OOD3: 63.81% 
Epoch: 112, Loss: 2.8459, Cls: 0.9483, Ind: 0.0000, Med: 0.4741, Spu: 0.0000, FD: 0.9490, FDAug: 0.4745, Var: 0.0000, Ctx: 6, MixCtx: 3, Train: 76.18%, Valid: 72.87%, Test In: 74.49% Test OOD1: 67.51% Test OOD2: 53.39% Test OOD3: 63.85% 
Epoch: 113, Loss: 2.8502, Cls: 0.9492, Ind: 0.0000, Med: 0.4744, Spu: 0.0000, FD: 0.9511, FDAug: 0.4755, Var: 0.0000, Ctx: 6, MixCtx: 3, Train: 76.24%, Valid: 72.96%, Test In: 74.60% Test OOD1: 66.89% Test OOD2: 53.51% Test OOD3: 63.60% 
Epoch: 114, Loss: 2.8546, Cls: 0.9524, Ind: 0.0000, Med: 0.4769, Spu: 0.0000, FD: 0.9500, FDAug: 0.4751, Var: 0.0000, Ctx: 6, MixCtx: 3, Train: 76.26%, Valid: 72.95%, Test In: 74.57% Test OOD1: 67.31% Test OOD2: 53.44% Test OOD3: 63.76% 
Epoch: 115, Loss: 2.8425, Cls: 0.9472, Ind: 0.0000, Med: 0.4737, Spu: 0.0000, FD: 0.9477, FDAug: 0.4739, Var: 0.0000, Ctx: 6, MixCtx: 3, Train: 76.26%, Valid: 72.94%, Test In: 74.55% Test OOD1: 67.49% Test OOD2: 53.40% Test OOD3: 63.84% 
Epoch: 116, Loss: 2.8479, Cls: 0.9486, Ind: 0.0000, Med: 0.4741, Spu: 0.0000, FD: 0.9501, FDAug: 0.4750, Var: 0.0000, Ctx: 6, MixCtx: 3, Train: 76.30%, Valid: 73.03%, Test In: 74.63% Test OOD1: 66.86% Test OOD2: 53.52% Test OOD3: 63.59% 
Epoch: 117, Loss: 2.8495, Cls: 0.9500, Ind: 0.0000, Med: 0.4752, Spu: 0.0000, FD: 0.9494, FDAug: 0.4748, Var: 0.0000, Ctx: 6, MixCtx: 3, Train: 76.33%, Valid: 73.01%, Test In: 74.62% Test OOD1: 67.28% Test OOD2: 53.45% Test OOD3: 63.75% 
Epoch: 118, Loss: 2.8387, Cls: 0.9461, Ind: 0.0000, Med: 0.4731, Spu: 0.0000, FD: 0.9463, FDAug: 0.4732, Var: 0.0000, Ctx: 6, MixCtx: 3, Train: 76.34%, Valid: 73.01%, Test In: 74.60% Test OOD1: 67.46% Test OOD2: 53.42% Test OOD3: 63.82% 
Epoch: 119, Loss: 2.8428, Cls: 0.9478, Ind: 0.0000, Med: 0.4740, Spu: 0.0000, FD: 0.9474, FDAug: 0.4736, Var: 0.0000, Ctx: 6, MixCtx: 3, Train: 76.38%, Valid: 73.08%, Test In: 74.67% Test OOD1: 66.84% Test OOD2: 53.52% Test OOD3: 63.57% 
Epoch: 120, Loss: 2.8468, Cls: 0.9483, Ind: 0.0000, Med: 0.4739, Spu: 0.0000, FD: 0.9497, FDAug: 0.4749, Var: 0.0000, Ctx: 6, MixCtx: 3, Train: 76.40%, Valid: 73.07%, Test In: 74.65% Test OOD1: 67.36% Test OOD2: 53.45% Test OOD3: 63.78% 
Epoch: 121, Loss: 2.8370, Cls: 0.9458, Ind: 0.0000, Med: 0.4731, Spu: 0.0000, FD: 0.9454, FDAug: 0.4727, Var: 0.0000, Ctx: 6, MixCtx: 3, Train: 76.43%, Valid: 73.09%, Test In: 74.66% Test OOD1: 67.35% Test OOD2: 53.46% Test OOD3: 63.78% 
Epoch: 122, Loss: 2.8352, Cls: 0.9451, Ind: 0.0000, Med: 0.4727, Spu: 0.0000, FD: 0.9448, FDAug: 0.4724, Var: 0.0000, Ctx: 6, MixCtx: 3, Train: 76.47%, Valid: 73.14%, Test In: 74.70% Test OOD1: 66.88% Test OOD2: 53.54% Test OOD3: 63.60% 
Epoch: 123, Loss: 2.8405, Cls: 0.9464, Ind: 0.0000, Med: 0.4731, Spu: 0.0000, FD: 0.9472, FDAug: 0.4737, Var: 0.0000, Ctx: 6, MixCtx: 3, Train: 76.48%, Valid: 73.12%, Test In: 74.65% Test OOD1: 67.48% Test OOD2: 53.45% Test OOD3: 63.84% 
Epoch: 124, Loss: 2.8372, Cls: 0.9457, Ind: 0.0000, Med: 0.4729, Spu: 0.0000, FD: 0.9458, FDAug: 0.4729, Var: 0.0000, Ctx: 6, MixCtx: 3, Train: 76.53%, Valid: 73.17%, Test In: 74.70% Test OOD1: 67.17% Test OOD2: 53.53% Test OOD3: 63.72% 
Epoch: 125, Loss: 2.8306, Cls: 0.9434, Ind: 0.0000, Med: 0.4717, Spu: 0.0000, FD: 0.9436, FDAug: 0.4718, Var: 0.0000, Ctx: 6, MixCtx: 3, Train: 76.57%, Valid: 73.21%, Test In: 74.71% Test OOD1: 67.15% Test OOD2: 53.54% Test OOD3: 63.72% 
Epoch: 126, Loss: 2.8302, Cls: 0.9434, Ind: 0.0000, Med: 0.4718, Spu: 0.0000, FD: 0.9433, FDAug: 0.4717, Var: 0.0000, Ctx: 6, MixCtx: 3, Train: 76.57%, Valid: 73.20%, Test In: 74.67% Test OOD1: 67.53% Test OOD2: 53.48% Test OOD3: 63.88% 
Epoch: 127, Loss: 2.8329, Cls: 0.9439, Ind: 0.0000, Med: 0.4718, Spu: 0.0000, FD: 0.9449, FDAug: 0.4724, Var: 0.0000, Ctx: 6, MixCtx: 3, Train: 76.64%, Valid: 73.28%, Test In: 74.72% Test OOD1: 67.08% Test OOD2: 53.59% Test OOD3: 63.70% 
Epoch: 128, Loss: 2.8321, Cls: 0.9442, Ind: 0.0000, Med: 0.4723, Spu: 0.0000, FD: 0.9436, FDAug: 0.4719, Var: 0.0000, Ctx: 6, MixCtx: 3, Train: 76.65%, Valid: 73.26%, Test In: 74.69% Test OOD1: 67.50% Test OOD2: 53.53% Test OOD3: 63.88% 
Epoch: 129, Loss: 2.8273, Cls: 0.9421, Ind: 0.0000, Med: 0.4710, Spu: 0.0000, FD: 0.9428, FDAug: 0.4714, Var: 0.0000, Ctx: 6, MixCtx: 3, Train: 76.70%, Valid: 73.31%, Test In: 74.71% Test OOD1: 67.33% Test OOD2: 53.59% Test OOD3: 63.82% 
Epoch: 130, Loss: 2.8234, Cls: 0.9410, Ind: 0.0000, Med: 0.4705, Spu: 0.0000, FD: 0.9412, FDAug: 0.4706, Var: 0.0000, Ctx: 6, MixCtx: 3, Train: 76.75%, Valid: 73.33%, Test In: 74.73% Test OOD1: 67.29% Test OOD2: 53.63% Test OOD3: 63.81% 
Epoch: 131, Loss: 2.8226, Cls: 0.9407, Ind: 0.0000, Med: 0.4704, Spu: 0.0000, FD: 0.9409, FDAug: 0.4705, Var: 0.0000, Ctx: 6, MixCtx: 3, Train: 76.75%, Valid: 73.31%, Test In: 74.71% Test OOD1: 67.53% Test OOD2: 53.60% Test OOD3: 63.92% 
Epoch: 132, Loss: 2.8237, Cls: 0.9411, Ind: 0.0000, Med: 0.4706, Spu: 0.0000, FD: 0.9413, FDAug: 0.4706, Var: 0.0000, Ctx: 6, MixCtx: 3, Train: 76.82%, Valid: 73.37%, Test In: 74.76% Test OOD1: 67.09% Test OOD2: 53.73% Test OOD3: 63.76% 
Epoch: 133, Loss: 2.8258, Cls: 0.9417, Ind: 0.0000, Med: 0.4709, Spu: 0.0000, FD: 0.9421, FDAug: 0.4711, Var: 0.0000, Ctx: 6, MixCtx: 3, Train: 76.81%, Valid: 73.32%, Test In: 74.72% Test OOD1: 67.60% Test OOD2: 53.63% Test OOD3: 63.98% 
Epoch: 134, Loss: 2.8283, Cls: 0.9428, Ind: 0.0000, Med: 0.4715, Spu: 0.0000, FD: 0.9427, FDAug: 0.4713, Var: 0.0000, Ctx: 6, MixCtx: 3, Train: 76.89%, Valid: 73.41%, Test In: 74.78% Test OOD1: 66.90% Test OOD2: 53.83% Test OOD3: 63.72% 
Epoch: 135, Loss: 2.8334, Cls: 0.9444, Ind: 0.0000, Med: 0.4722, Spu: 0.0000, FD: 0.9445, FDAug: 0.4723, Var: 0.0000, Ctx: 6, MixCtx: 3, Train: 76.85%, Valid: 73.32%, Test In: 74.73% Test OOD1: 67.69% Test OOD2: 53.67% Test OOD3: 64.05% 
Epoch: 136, Loss: 2.8390, Cls: 0.9464, Ind: 0.0000, Med: 0.4732, Spu: 0.0000, FD: 0.9464, FDAug: 0.4730, Var: 0.0000, Ctx: 6, MixCtx: 3, Train: 76.94%, Valid: 73.43%, Test In: 74.79% Test OOD1: 66.69% Test OOD2: 53.93% Test OOD3: 63.67% 
Epoch: 137, Loss: 2.8504, Cls: 0.9505, Ind: 0.0000, Med: 0.4755, Spu: 0.0000, FD: 0.9495, FDAug: 0.4749, Var: 0.0000, Ctx: 6, MixCtx: 3, Train: 76.89%, Valid: 73.31%, Test In: 74.73% Test OOD1: 67.77% Test OOD2: 53.69% Test OOD3: 64.12% 
Epoch: 138, Loss: 2.8541, Cls: 0.9511, Ind: 0.0000, Med: 0.4755, Spu: 0.0000, FD: 0.9518, FDAug: 0.4757, Var: 0.0000, Ctx: 6, MixCtx: 3, Train: 77.00%, Valid: 73.45%, Test In: 74.79% Test OOD1: 66.66% Test OOD2: 54.00% Test OOD3: 63.70% 
Epoch: 139, Loss: 2.8560, Cls: 0.9526, Ind: 0.0000, Med: 0.4767, Spu: 0.0000, FD: 0.9510, FDAug: 0.4757, Var: 0.0000, Ctx: 6, MixCtx: 3, Train: 76.97%, Valid: 73.34%, Test In: 74.76% Test OOD1: 67.70% Test OOD2: 53.77% Test OOD3: 64.11% 
Epoch: 140, Loss: 2.8350, Cls: 0.9447, Ind: 0.0000, Med: 0.4722, Spu: 0.0000, FD: 0.9454, FDAug: 0.4726, Var: 0.0000, Ctx: 6, MixCtx: 3, Train: 77.07%, Valid: 73.44%, Test In: 74.81% Test OOD1: 67.21% Test OOD2: 53.93% Test OOD3: 63.93% 
Epoch: 141, Loss: 2.8158, Cls: 0.9387, Ind: 0.0000, Med: 0.4695, Spu: 0.0000, FD: 0.9383, FDAug: 0.4693, Var: 0.0000, Ctx: 6, MixCtx: 3, Train: 77.08%, Valid: 73.42%, Test In: 74.79% Test OOD1: 67.45% Test OOD2: 53.90% Test OOD3: 64.03% 
Epoch: 142, Loss: 2.8084, Cls: 0.9360, Ind: 0.0000, Med: 0.4681, Spu: 0.0000, FD: 0.9361, FDAug: 0.4682, Var: 0.0000, Ctx: 6, MixCtx: 3, Train: 77.05%, Valid: 73.37%, Test In: 74.74% Test OOD1: 67.76% Test OOD2: 53.84% Test OOD3: 64.16% 
Epoch: 143, Loss: 2.8160, Cls: 0.9387, Ind: 0.0000, Med: 0.4694, Spu: 0.0000, FD: 0.9387, FDAug: 0.4693, Var: 0.0000, Ctx: 6, MixCtx: 3, Train: 77.16%, Valid: 73.48%, Test In: 74.79% Test OOD1: 67.23% Test OOD2: 54.03% Test OOD3: 63.96% 
Epoch: 144, Loss: 2.8337, Cls: 0.9442, Ind: 0.0000, Med: 0.4721, Spu: 0.0000, FD: 0.9448, FDAug: 0.4725, Var: 0.0000, Ctx: 6, MixCtx: 3, Train: 77.01%, Valid: 73.31%, Test In: 74.69% Test OOD1: 67.96% Test OOD2: 53.81% Test OOD3: 64.27% 
Epoch: 145, Loss: 2.8490, Cls: 0.9501, Ind: 0.0000, Med: 0.4753, Spu: 0.0000, FD: 0.9492, FDAug: 0.4743, Var: 0.0000, Ctx: 6, MixCtx: 3, Train: 77.19%, Valid: 73.50%, Test In: 74.79% Test OOD1: 66.87% Test OOD2: 54.17% Test OOD3: 63.84% 
Epoch: 146, Loss: 2.8627, Cls: 0.9541, Ind: 0.0000, Med: 0.4771, Spu: 0.0000, FD: 0.9542, FDAug: 0.4773, Var: 0.0000, Ctx: 6, MixCtx: 3, Train: 77.09%, Valid: 73.34%, Test In: 74.78% Test OOD1: 67.78% Test OOD2: 53.91% Test OOD3: 64.22% 
Epoch: 147, Loss: 2.8401, Cls: 0.9468, Ind: 0.0000, Med: 0.4735, Spu: 0.0000, FD: 0.9466, FDAug: 0.4731, Var: 0.0000, Ctx: 6, MixCtx: 3, Train: 77.21%, Valid: 73.45%, Test In: 74.84% Test OOD1: 67.09% Test OOD2: 54.14% Test OOD3: 63.95% 
Epoch: 148, Loss: 2.8114, Cls: 0.9372, Ind: 0.0000, Med: 0.4687, Spu: 0.0000, FD: 0.9369, FDAug: 0.4686, Var: 0.0000, Ctx: 6, MixCtx: 3, Train: 77.22%, Valid: 73.45%, Test In: 74.85% Test OOD1: 67.16% Test OOD2: 54.14% Test OOD3: 63.98% 
Epoch: 149, Loss: 2.8073, Cls: 0.9358, Ind: 0.0000, Med: 0.4680, Spu: 0.0000, FD: 0.9356, FDAug: 0.4679, Var: 0.0000, Ctx: 6, MixCtx: 3, Train: 77.18%, Valid: 73.38%, Test In: 74.80% Test OOD1: 67.72% Test OOD2: 53.99% Test OOD3: 64.21% 
Epoch: 150, Loss: 2.8249, Cls: 0.9414, Ind: 0.0000, Med: 0.4707, Spu: 0.0000, FD: 0.9419, FDAug: 0.4708, Var: 0.0000, Ctx: 6, MixCtx: 3, Train: 77.30%, Valid: 73.50%, Test In: 74.82% Test OOD1: 67.09% Test OOD2: 54.22% Test OOD3: 63.95% 
Epoch: 151, Loss: 2.8303, Cls: 0.9436, Ind: 0.0000, Med: 0.4720, Spu: 0.0000, FD: 0.9430, FDAug: 0.4717, Var: 0.0000, Ctx: 6, MixCtx: 3, Train: 77.22%, Valid: 73.39%, Test In: 74.77% Test OOD1: 67.83% Test OOD2: 54.00% Test OOD3: 64.26% 
Epoch: 152, Loss: 2.8112, Cls: 0.9370, Ind: 0.0000, Med: 0.4685, Spu: 0.0000, FD: 0.9372, FDAug: 0.4685, Var: 0.0000, Ctx: 6, MixCtx: 3, Train: 77.30%, Valid: 73.45%, Test In: 74.79% Test OOD1: 67.63% Test OOD2: 54.09% Test OOD3: 64.18% 
Epoch: 153, Loss: 2.7984, Cls: 0.9326, Ind: 0.0000, Med: 0.4663, Spu: 0.0000, FD: 0.9329, FDAug: 0.4665, Var: 0.0000, Ctx: 6, MixCtx: 3, Train: 77.34%, Valid: 73.48%, Test In: 74.81% Test OOD1: 67.52% Test OOD2: 54.15% Test OOD3: 64.13% 
Epoch: 154, Loss: 2.8029, Cls: 0.9341, Ind: 0.0000, Med: 0.4671, Spu: 0.0000, FD: 0.9344, FDAug: 0.4673, Var: 0.0000, Ctx: 6, MixCtx: 3, Train: 77.26%, Valid: 73.39%, Test In: 74.78% Test OOD1: 67.88% Test OOD2: 54.04% Test OOD3: 64.29% 
Epoch: 155, Loss: 2.8140, Cls: 0.9380, Ind: 0.0000, Med: 0.4690, Spu: 0.0000, FD: 0.9381, FDAug: 0.4689, Var: 0.0000, Ctx: 6, MixCtx: 3, Train: 77.41%, Valid: 73.53%, Test In: 74.85% Test OOD1: 67.16% Test OOD2: 54.29% Test OOD3: 63.97% 
Epoch: 156, Loss: 2.8195, Cls: 0.9398, Ind: 0.0000, Med: 0.4700, Spu: 0.0000, FD: 0.9396, FDAug: 0.4700, Var: 0.0000, Ctx: 6, MixCtx: 3, Train: 77.34%, Valid: 73.44%, Test In: 74.84% Test OOD1: 67.66% Test OOD2: 54.12% Test OOD3: 64.22% 
Epoch: 157, Loss: 2.8083, Cls: 0.9361, Ind: 0.0000, Med: 0.4681, Spu: 0.0000, FD: 0.9362, FDAug: 0.4680, Var: 0.0000, Ctx: 6, MixCtx: 3, Train: 77.42%, Valid: 73.51%, Test In: 74.88% Test OOD1: 67.23% Test OOD2: 54.27% Test OOD3: 64.03% 
Epoch: 158, Loss: 2.7956, Cls: 0.9319, Ind: 0.0000, Med: 0.4660, Spu: 0.0000, FD: 0.9317, FDAug: 0.4660, Var: 0.0000, Ctx: 6, MixCtx: 3, Train: 77.44%, Valid: 73.52%, Test In: 74.88% Test OOD1: 67.17% Test OOD2: 54.31% Test OOD3: 64.00% 
Epoch: 159, Loss: 2.7957, Cls: 0.9319, Ind: 0.0000, Med: 0.4661, Spu: 0.0000, FD: 0.9317, FDAug: 0.4660, Var: 0.0000, Ctx: 6, MixCtx: 3, Train: 77.41%, Valid: 73.46%, Test In: 74.86% Test OOD1: 67.58% Test OOD2: 54.21% Test OOD3: 64.18% 
Epoch: 160, Loss: 2.8039, Cls: 0.9346, Ind: 0.0000, Med: 0.4673, Spu: 0.0000, FD: 0.9347, FDAug: 0.4673, Var: 0.0000, Ctx: 6, MixCtx: 3, Train: 77.49%, Valid: 73.55%, Test In: 74.85% Test OOD1: 67.02% Test OOD2: 54.41% Test OOD3: 63.90% 
Epoch: 161, Loss: 2.8094, Cls: 0.9364, Ind: 0.0000, Med: 0.4683, Spu: 0.0000, FD: 0.9364, FDAug: 0.4683, Var: 0.0000, Ctx: 6, MixCtx: 3, Train: 77.44%, Valid: 73.47%, Test In: 74.84% Test OOD1: 67.67% Test OOD2: 54.22% Test OOD3: 64.21% 
Epoch: 162, Loss: 2.8065, Cls: 0.9355, Ind: 0.0000, Med: 0.4678, Spu: 0.0000, FD: 0.9355, FDAug: 0.4676, Var: 0.0000, Ctx: 6, MixCtx: 3, Train: 77.54%, Valid: 73.56%, Test In: 74.85% Test OOD1: 67.10% Test OOD2: 54.42% Test OOD3: 63.93% 
Epoch: 163, Loss: 2.7997, Cls: 0.9332, Ind: 0.0000, Med: 0.4666, Spu: 0.0000, FD: 0.9332, FDAug: 0.4667, Var: 0.0000, Ctx: 6, MixCtx: 3, Train: 77.52%, Valid: 73.51%, Test In: 74.87% Test OOD1: 67.45% Test OOD2: 54.34% Test OOD3: 64.11% 
Epoch: 164, Loss: 2.7919, Cls: 0.9306, Ind: 0.0000, Med: 0.4653, Spu: 0.0000, FD: 0.9307, FDAug: 0.4653, Var: 0.0000, Ctx: 6, MixCtx: 3, Train: 77.56%, Valid: 73.55%, Test In: 74.88% Test OOD1: 67.19% Test OOD2: 54.43% Test OOD3: 63.98% 
Epoch: 165, Loss: 2.7872, Cls: 0.9290, Ind: 0.0000, Med: 0.4646, Spu: 0.0000, FD: 0.9290, FDAug: 0.4646, Var: 0.0000, Ctx: 6, MixCtx: 3, Train: 77.58%, Valid: 73.55%, Test In: 74.89% Test OOD1: 67.14% Test OOD2: 54.47% Test OOD3: 63.96% 
Epoch: 166, Loss: 2.7867, Cls: 0.9289, Ind: 0.0000, Med: 0.4645, Spu: 0.0000, FD: 0.9288, FDAug: 0.4644, Var: 0.0000, Ctx: 6, MixCtx: 3, Train: 77.59%, Valid: 73.53%, Test In: 74.89% Test OOD1: 67.34% Test OOD2: 54.42% Test OOD3: 64.06% 
Epoch: 167, Loss: 2.7886, Cls: 0.9294, Ind: 0.0000, Med: 0.4647, Spu: 0.0000, FD: 0.9297, FDAug: 0.4648, Var: 0.0000, Ctx: 6, MixCtx: 3, Train: 77.64%, Valid: 73.56%, Test In: 74.88% Test OOD1: 67.01% Test OOD2: 54.53% Test OOD3: 63.89% 
Epoch: 168, Loss: 2.7909, Cls: 0.9304, Ind: 0.0000, Med: 0.4653, Spu: 0.0000, FD: 0.9300, FDAug: 0.4651, Var: 0.0000, Ctx: 6, MixCtx: 3, Train: 77.62%, Valid: 73.52%, Test In: 74.89% Test OOD1: 67.51% Test OOD2: 54.42% Test OOD3: 64.13% 
Epoch: 169, Loss: 2.7927, Cls: 0.9308, Ind: 0.0000, Med: 0.4654, Spu: 0.0000, FD: 0.9311, FDAug: 0.4654, Var: 0.0000, Ctx: 6, MixCtx: 3, Train: 77.69%, Valid: 73.56%, Test In: 74.87% Test OOD1: 66.99% Test OOD2: 54.57% Test OOD3: 63.86% 
Epoch: 170, Loss: 2.7947, Cls: 0.9316, Ind: 0.0000, Med: 0.4659, Spu: 0.0000, FD: 0.9313, FDAug: 0.4658, Var: 0.0000, Ctx: 6, MixCtx: 3, Train: 77.65%, Valid: 73.51%, Test In: 74.90% Test OOD1: 67.58% Test OOD2: 54.44% Test OOD3: 64.16% 
Epoch: 171, Loss: 2.7962, Cls: 0.9321, Ind: 0.0000, Med: 0.4661, Spu: 0.0000, FD: 0.9321, FDAug: 0.4659, Var: 0.0000, Ctx: 6, MixCtx: 3, Train: 77.72%, Valid: 73.55%, Test In: 74.88% Test OOD1: 66.88% Test OOD2: 54.63% Test OOD3: 63.80% 
Epoch: 172, Loss: 2.7987, Cls: 0.9329, Ind: 0.0000, Med: 0.4666, Spu: 0.0000, FD: 0.9327, FDAug: 0.4665, Var: 0.0000, Ctx: 6, MixCtx: 3, Train: 77.69%, Valid: 73.52%, Test In: 74.92% Test OOD1: 67.55% Test OOD2: 54.49% Test OOD3: 64.15% 
Epoch: 173, Loss: 2.7987, Cls: 0.9330, Ind: 0.0000, Med: 0.4666, Spu: 0.0000, FD: 0.9328, FDAug: 0.4662, Var: 0.0000, Ctx: 6, MixCtx: 3, Train: 77.76%, Valid: 73.56%, Test In: 74.89% Test OOD1: 66.83% Test OOD2: 54.68% Test OOD3: 63.78% 
Epoch: 174, Loss: 2.7972, Cls: 0.9324, Ind: 0.0000, Med: 0.4663, Spu: 0.0000, FD: 0.9322, FDAug: 0.4663, Var: 0.0000, Ctx: 6, MixCtx: 3, Train: 77.74%, Valid: 73.53%, Test In: 74.94% Test OOD1: 67.51% Test OOD2: 54.53% Test OOD3: 64.13% 
Epoch: 175, Loss: 2.7910, Cls: 0.9304, Ind: 0.0000, Med: 0.4653, Spu: 0.0000, FD: 0.9303, FDAug: 0.4650, Var: 0.0000, Ctx: 6, MixCtx: 3, Train: 77.81%, Valid: 73.57%, Test In: 74.91% Test OOD1: 67.08% Test OOD2: 54.66% Test OOD3: 63.90% 
Epoch: 176, Loss: 2.7850, Cls: 0.9283, Ind: 0.0000, Med: 0.4642, Spu: 0.0000, FD: 0.9282, FDAug: 0.4642, Var: 0.0000, Ctx: 6, MixCtx: 3, Train: 77.79%, Valid: 73.54%, Test In: 74.93% Test OOD1: 67.55% Test OOD2: 54.57% Test OOD3: 64.12% 
Epoch: 177, Loss: 2.7802, Cls: 0.9267, Ind: 0.0000, Med: 0.4634, Spu: 0.0000, FD: 0.9268, FDAug: 0.4633, Var: 0.0000, Ctx: 6, MixCtx: 3, Train: 77.83%, Valid: 73.57%, Test In: 74.92% Test OOD1: 67.35% Test OOD2: 54.64% Test OOD3: 64.00% 
Epoch: 178, Loss: 2.7773, Cls: 0.9257, Ind: 0.0000, Med: 0.4629, Spu: 0.0000, FD: 0.9257, FDAug: 0.4629, Var: 0.0000, Ctx: 6, MixCtx: 3, Train: 77.84%, Valid: 73.57%, Test In: 74.93% Test OOD1: 67.45% Test OOD2: 54.63% Test OOD3: 64.04% 
Epoch: 179, Loss: 2.7755, Cls: 0.9251, Ind: 0.0000, Med: 0.4626, Spu: 0.0000, FD: 0.9252, FDAug: 0.4626, Var: 0.0000, Ctx: 6, MixCtx: 3, Train: 77.86%, Valid: 73.59%, Test In: 74.95% Test OOD1: 67.39% Test OOD2: 54.67% Test OOD3: 64.01% 
Epoch: 180, Loss: 2.7746, Cls: 0.9248, Ind: 0.0000, Med: 0.4624, Spu: 0.0000, FD: 0.9249, FDAug: 0.4624, Var: 0.0000, Ctx: 6, MixCtx: 3, Train: 77.88%, Valid: 73.60%, Test In: 74.95% Test OOD1: 67.20% Test OOD2: 54.73% Test OOD3: 63.91% 
Epoch: 181, Loss: 2.7748, Cls: 0.9249, Ind: 0.0000, Med: 0.4625, Spu: 0.0000, FD: 0.9249, FDAug: 0.4625, Var: 0.0000, Ctx: 6, MixCtx: 3, Train: 77.88%, Valid: 73.59%, Test In: 74.97% Test OOD1: 67.39% Test OOD2: 54.70% Test OOD3: 64.02% 
Epoch: 182, Loss: 2.7760, Cls: 0.9253, Ind: 0.0000, Med: 0.4627, Spu: 0.0000, FD: 0.9254, FDAug: 0.4626, Var: 0.0000, Ctx: 6, MixCtx: 3, Train: 77.93%, Valid: 73.61%, Test In: 74.96% Test OOD1: 66.97% Test OOD2: 54.80% Test OOD3: 63.79% 
Epoch: 183, Loss: 2.7791, Cls: 0.9264, Ind: 0.0000, Med: 0.4633, Spu: 0.0000, FD: 0.9261, FDAug: 0.4632, Var: 0.0000, Ctx: 6, MixCtx: 3, Train: 77.89%, Valid: 73.58%, Test In: 74.99% Test OOD1: 67.55% Test OOD2: 54.68% Test OOD3: 64.09% 
Epoch: 184, Loss: 2.7868, Cls: 0.9288, Ind: 0.0000, Med: 0.4644, Spu: 0.0000, FD: 0.9291, FDAug: 0.4644, Var: 0.0000, Ctx: 6, MixCtx: 3, Train: 77.95%, Valid: 73.59%, Test In: 74.89% Test OOD1: 66.62% Test OOD2: 54.87% Test OOD3: 63.55% 
Epoch: 185, Loss: 2.8064, Cls: 0.9357, Ind: 0.0000, Med: 0.4680, Spu: 0.0000, FD: 0.9349, FDAug: 0.4678, Var: 0.0000, Ctx: 6, MixCtx: 3, Train: 77.84%, Valid: 73.54%, Test In: 74.98% Test OOD1: 67.84% Test OOD2: 54.61% Test OOD3: 64.25% 
Epoch: 186, Loss: 2.8453, Cls: 0.9485, Ind: 0.0000, Med: 0.4743, Spu: 0.0000, FD: 0.9487, FDAug: 0.4738, Var: 0.0000, Ctx: 6, MixCtx: 3, Train: 77.86%, Valid: 73.45%, Test In: 74.69% Test OOD1: 65.72% Test OOD2: 54.99% Test OOD3: 62.99% 
Epoch: 187, Loss: 2.9057, Cls: 0.9691, Ind: 0.0000, Med: 0.4851, Spu: 0.0000, FD: 0.9671, FDAug: 0.4843, Var: 0.0000, Ctx: 6, MixCtx: 3, Train: 77.83%, Valid: 73.55%, Test In: 75.02% Test OOD1: 67.79% Test OOD2: 54.62% Test OOD3: 64.25% 
Epoch: 188, Loss: 2.8741, Cls: 0.9580, Ind: 0.0000, Med: 0.4789, Spu: 0.0000, FD: 0.9587, FDAug: 0.4785, Var: 0.0000, Ctx: 6, MixCtx: 3, Train: 77.95%, Valid: 73.61%, Test In: 74.99% Test OOD1: 66.58% Test OOD2: 54.94% Test OOD3: 63.64% 
Epoch: 189, Loss: 2.7940, Cls: 0.9313, Ind: 0.0000, Med: 0.4658, Spu: 0.0000, FD: 0.9311, FDAug: 0.4657, Var: 0.0000, Ctx: 6, MixCtx: 3, Train: 78.00%, Valid: 73.64%, Test In: 74.98% Test OOD1: 66.78% Test OOD2: 54.92% Test OOD3: 63.68% 
Epoch: 190, Loss: 2.7973, Cls: 0.9324, Ind: 0.0000, Med: 0.4663, Spu: 0.0000, FD: 0.9323, FDAug: 0.4663, Var: 0.0000, Ctx: 6, MixCtx: 3, Train: 77.81%, Valid: 73.50%, Test In: 74.92% Test OOD1: 68.15% Test OOD2: 54.53% Test OOD3: 64.38% 
Epoch: 191, Loss: 2.8425, Cls: 0.9482, Ind: 0.0000, Med: 0.4744, Spu: 0.0000, FD: 0.9471, FDAug: 0.4729, Var: 0.0000, Ctx: 6, MixCtx: 3, Train: 78.03%, Valid: 73.64%, Test In: 74.92% Test OOD1: 67.17% Test OOD2: 54.83% Test OOD3: 63.76% 
Epoch: 192, Loss: 2.8116, Cls: 0.9365, Ind: 0.0000, Med: 0.4681, Spu: 0.0000, FD: 0.9376, FDAug: 0.4693, Var: 0.0000, Ctx: 6, MixCtx: 3, Train: 77.94%, Valid: 73.58%, Test In: 74.93% Test OOD1: 67.84% Test OOD2: 54.67% Test OOD3: 64.13% 
Epoch: 193, Loss: 2.7707, Cls: 0.9234, Ind: 0.0000, Med: 0.4617, Spu: 0.0000, FD: 0.9238, FDAug: 0.4619, Var: 0.0000, Ctx: 6, MixCtx: 3, Train: 77.82%, Valid: 73.47%, Test In: 74.91% Test OOD1: 68.21% Test OOD2: 54.56% Test OOD3: 64.33% 
Epoch: 194, Loss: 2.8016, Cls: 0.9344, Ind: 0.0000, Med: 0.4675, Spu: 0.0000, FD: 0.9333, FDAug: 0.4664, Var: 0.0000, Ctx: 6, MixCtx: 3, Train: 78.06%, Valid: 73.63%, Test In: 74.95% Test OOD1: 67.04% Test OOD2: 54.94% Test OOD3: 63.65% 
Epoch: 195, Loss: 2.8237, Cls: 0.9407, Ind: 0.0000, Med: 0.4702, Spu: 0.0000, FD: 0.9416, FDAug: 0.4712, Var: 0.0000, Ctx: 6, MixCtx: 3, Train: 77.94%, Valid: 73.54%, Test In: 75.02% Test OOD1: 67.82% Test OOD2: 54.73% Test OOD3: 64.19% 
Epoch: 196, Loss: 2.7797, Cls: 0.9264, Ind: 0.0000, Med: 0.4632, Spu: 0.0000, FD: 0.9269, FDAug: 0.4632, Var: 0.0000, Ctx: 6, MixCtx: 3, Train: 77.97%, Valid: 73.53%, Test In: 75.04% Test OOD1: 67.69% Test OOD2: 54.77% Test OOD3: 64.16% 
Epoch: 197, Loss: 2.7797, Cls: 0.9262, Ind: 0.0000, Med: 0.4630, Spu: 0.0000, FD: 0.9272, FDAug: 0.4633, Var: 0.0000, Ctx: 6, MixCtx: 3, Train: 78.07%, Valid: 73.56%, Test In: 74.99% Test OOD1: 66.81% Test OOD2: 55.02% Test OOD3: 63.63% 
Epoch: 198, Loss: 2.8033, Cls: 0.9349, Ind: 0.0000, Med: 0.4679, Spu: 0.0000, FD: 0.9335, FDAug: 0.4670, Var: 0.0000, Ctx: 6, MixCtx: 3, Train: 78.01%, Valid: 73.53%, Test In: 75.03% Test OOD1: 67.63% Test OOD2: 54.77% Test OOD3: 64.14% 
Epoch: 199, Loss: 2.7740, Cls: 0.9242, Ind: 0.0000, Med: 0.4619, Spu: 0.0000, FD: 0.9253, FDAug: 0.4625, Var: 0.0000, Ctx: 6, MixCtx: 3, Train: 78.00%, Valid: 73.53%, Test In: 75.01% Test OOD1: 67.72% Test OOD2: 54.73% Test OOD3: 64.16% 
Epoch: 200, Loss: 2.7753, Cls: 0.9247, Ind: 0.0000, Med: 0.4622, Spu: 0.0000, FD: 0.9257, FDAug: 0.4627, Var: 0.0000, Ctx: 6, MixCtx: 3, Train: 78.12%, Valid: 73.59%, Test In: 74.96% Test OOD1: 66.95% Test OOD2: 54.94% Test OOD3: 63.66% 
Epoch: 201, Loss: 2.7947, Cls: 0.9318, Ind: 0.0000, Med: 0.4661, Spu: 0.0000, FD: 0.9311, FDAug: 0.4658, Var: 0.0000, Ctx: 6, MixCtx: 3, Train: 78.04%, Valid: 73.57%, Test In: 75.00% Test OOD1: 67.72% Test OOD2: 54.74% Test OOD3: 64.12% 
Epoch: 202, Loss: 2.7751, Cls: 0.9249, Ind: 0.0000, Med: 0.4624, Spu: 0.0000, FD: 0.9253, FDAug: 0.4625, Var: 0.0000, Ctx: 6, MixCtx: 3, Train: 78.11%, Valid: 73.64%, Test In: 75.01% Test OOD1: 67.41% Test OOD2: 54.83% Test OOD3: 63.94% 
Epoch: 203, Loss: 2.7637, Cls: 0.9211, Ind: 0.0000, Med: 0.4606, Spu: 0.0000, FD: 0.9214, FDAug: 0.4607, Var: 0.0000, Ctx: 6, MixCtx: 3, Train: 78.15%, Valid: 73.67%, Test In: 74.96% Test OOD1: 66.79% Test OOD2: 54.97% Test OOD3: 63.55% 
Epoch: 204, Loss: 2.7804, Cls: 0.9264, Ind: 0.0000, Med: 0.4631, Spu: 0.0000, FD: 0.9271, FDAug: 0.4637, Var: 0.0000, Ctx: 6, MixCtx: 3, Train: 78.09%, Valid: 73.67%, Test In: 75.03% Test OOD1: 67.50% Test OOD2: 54.79% Test OOD3: 64.02% 
Epoch: 205, Loss: 2.7805, Cls: 0.9270, Ind: 0.0000, Med: 0.4636, Spu: 0.0000, FD: 0.9267, FDAug: 0.4632, Var: 0.0000, Ctx: 6, MixCtx: 3, Train: 78.18%, Valid: 73.69%, Test In: 74.98% Test OOD1: 66.87% Test OOD2: 54.91% Test OOD3: 63.67% 
Epoch: 206, Loss: 2.7633, Cls: 0.9210, Ind: 0.0000, Med: 0.4606, Spu: 0.0000, FD: 0.9211, FDAug: 0.4606, Var: 0.0000, Ctx: 6, MixCtx: 3, Train: 78.20%, Valid: 73.67%, Test In: 74.95% Test OOD1: 66.81% Test OOD2: 54.90% Test OOD3: 63.64% 
Epoch: 207, Loss: 2.7642, Cls: 0.9214, Ind: 0.0000, Med: 0.4608, Spu: 0.0000, FD: 0.9213, FDAug: 0.4607, Var: 0.0000, Ctx: 6, MixCtx: 3, Train: 78.15%, Valid: 73.66%, Test In: 74.98% Test OOD1: 67.41% Test OOD2: 54.75% Test OOD3: 63.99% 
Epoch: 208, Loss: 2.7756, Cls: 0.9250, Ind: 0.0000, Med: 0.4624, Spu: 0.0000, FD: 0.9255, FDAug: 0.4627, Var: 0.0000, Ctx: 6, MixCtx: 3, Train: 78.23%, Valid: 73.65%, Test In: 74.87% Test OOD1: 66.65% Test OOD2: 54.90% Test OOD3: 63.52% 
Epoch: 209, Loss: 2.7702, Cls: 0.9236, Ind: 0.0000, Med: 0.4620, Spu: 0.0000, FD: 0.9231, FDAug: 0.4616, Var: 0.0000, Ctx: 6, MixCtx: 3, Train: 78.25%, Valid: 73.66%, Test In: 74.95% Test OOD1: 67.05% Test OOD2: 54.83% Test OOD3: 63.79% 
Epoch: 210, Loss: 2.7581, Cls: 0.9192, Ind: 0.0000, Med: 0.4596, Spu: 0.0000, FD: 0.9195, FDAug: 0.4597, Var: 0.0000, Ctx: 6, MixCtx: 3, Train: 78.26%, Valid: 73.66%, Test In: 74.97% Test OOD1: 67.06% Test OOD2: 54.85% Test OOD3: 63.80% 
Epoch: 211, Loss: 2.7595, Cls: 0.9197, Ind: 0.0000, Med: 0.4598, Spu: 0.0000, FD: 0.9200, FDAug: 0.4600, Var: 0.0000, Ctx: 6, MixCtx: 3, Train: 78.27%, Valid: 73.63%, Test In: 74.88% Test OOD1: 66.41% Test OOD2: 54.99% Test OOD3: 63.41% 
Epoch: 212, Loss: 2.7679, Cls: 0.9227, Ind: 0.0000, Med: 0.4615, Spu: 0.0000, FD: 0.9224, FDAug: 0.4613, Var: 0.0000, Ctx: 6, MixCtx: 3, Train: 78.26%, Valid: 73.65%, Test In: 75.01% Test OOD1: 67.10% Test OOD2: 54.87% Test OOD3: 63.84% 
Epoch: 213, Loss: 2.7667, Cls: 0.9221, Ind: 0.0000, Med: 0.4611, Spu: 0.0000, FD: 0.9224, FDAug: 0.4611, Var: 0.0000, Ctx: 6, MixCtx: 3, Train: 78.32%, Valid: 73.61%, Test In: 74.91% Test OOD1: 66.52% Test OOD2: 54.99% Test OOD3: 63.51% 
Epoch: 214, Loss: 2.7583, Cls: 0.9194, Ind: 0.0000, Med: 0.4598, Spu: 0.0000, FD: 0.9193, FDAug: 0.4597, Var: 0.0000, Ctx: 6, MixCtx: 3, Train: 78.34%, Valid: 73.60%, Test In: 74.94% Test OOD1: 66.79% Test OOD2: 54.94% Test OOD3: 63.67% 
Epoch: 215, Loss: 2.7531, Cls: 0.9176, Ind: 0.0000, Med: 0.4589, Spu: 0.0000, FD: 0.9177, FDAug: 0.4589, Var: 0.0000, Ctx: 6, MixCtx: 3, Train: 78.34%, Valid: 73.59%, Test In: 74.95% Test OOD1: 67.06% Test OOD2: 54.87% Test OOD3: 63.83% 
Epoch: 216, Loss: 2.7569, Cls: 0.9189, Ind: 0.0000, Med: 0.4595, Spu: 0.0000, FD: 0.9191, FDAug: 0.4595, Var: 0.0000, Ctx: 6, MixCtx: 3, Train: 78.38%, Valid: 73.56%, Test In: 74.86% Test OOD1: 66.51% Test OOD2: 54.97% Test OOD3: 63.49% 
Epoch: 217, Loss: 2.7627, Cls: 0.9209, Ind: 0.0000, Med: 0.4606, Spu: 0.0000, FD: 0.9207, FDAug: 0.4605, Var: 0.0000, Ctx: 6, MixCtx: 3, Train: 78.36%, Valid: 73.59%, Test In: 74.97% Test OOD1: 67.15% Test OOD2: 54.87% Test OOD3: 63.90% 
Epoch: 218, Loss: 2.7615, Cls: 0.9205, Ind: 0.0000, Med: 0.4603, Spu: 0.0000, FD: 0.9206, FDAug: 0.4602, Var: 0.0000, Ctx: 6, MixCtx: 3, Train: 78.43%, Valid: 73.61%, Test In: 74.92% Test OOD1: 66.58% Test OOD2: 55.00% Test OOD3: 63.56% 
Epoch: 219, Loss: 2.7551, Cls: 0.9183, Ind: 0.0000, Med: 0.4592, Spu: 0.0000, FD: 0.9183, FDAug: 0.4593, Var: 0.0000, Ctx: 6, MixCtx: 3, Train: 78.43%, Valid: 73.63%, Test In: 74.98% Test OOD1: 66.89% Test OOD2: 54.93% Test OOD3: 63.75% 
Epoch: 220, Loss: 2.7498, Cls: 0.9165, Ind: 0.0000, Med: 0.4583, Spu: 0.0000, FD: 0.9166, FDAug: 0.4583, Var: 0.0000, Ctx: 6, MixCtx: 3, Train: 78.45%, Valid: 73.62%, Test In: 74.96% Test OOD1: 66.96% Test OOD2: 54.92% Test OOD3: 63.78% 
Epoch: 221, Loss: 2.7492, Cls: 0.9163, Ind: 0.0000, Med: 0.4582, Spu: 0.0000, FD: 0.9164, FDAug: 0.4582, Var: 0.0000, Ctx: 6, MixCtx: 3, Train: 78.48%, Valid: 73.58%, Test In: 74.89% Test OOD1: 66.65% Test OOD2: 54.98% Test OOD3: 63.58% 
Epoch: 222, Loss: 2.7529, Cls: 0.9176, Ind: 0.0000, Med: 0.4589, Spu: 0.0000, FD: 0.9175, FDAug: 0.4589, Var: 0.0000, Ctx: 6, MixCtx: 3, Train: 78.45%, Valid: 73.59%, Test In: 74.96% Test OOD1: 67.13% Test OOD2: 54.89% Test OOD3: 63.88% 
Epoch: 223, Loss: 2.7557, Cls: 0.9185, Ind: 0.0000, Med: 0.4593, Spu: 0.0000, FD: 0.9187, FDAug: 0.4593, Var: 0.0000, Ctx: 6, MixCtx: 3, Train: 78.53%, Valid: 73.56%, Test In: 74.87% Test OOD1: 66.40% Test OOD2: 55.03% Test OOD3: 63.45% 
Epoch: 224, Loss: 2.7561, Cls: 0.9187, Ind: 0.0000, Med: 0.4594, Spu: 0.0000, FD: 0.9185, FDAug: 0.4594, Var: 0.0000, Ctx: 6, MixCtx: 3, Train: 78.50%, Valid: 73.59%, Test In: 75.00% Test OOD1: 66.94% Test OOD2: 54.95% Test OOD3: 63.82% 
Epoch: 225, Loss: 2.7539, Cls: 0.9180, Ind: 0.0000, Med: 0.4590, Spu: 0.0000, FD: 0.9181, FDAug: 0.4589, Var: 0.0000, Ctx: 6, MixCtx: 3, Train: 78.56%, Valid: 73.54%, Test In: 74.88% Test OOD1: 66.32% Test OOD2: 55.05% Test OOD3: 63.45% 
Epoch: 226, Loss: 2.7498, Cls: 0.9166, Ind: 0.0000, Med: 0.4584, Spu: 0.0000, FD: 0.9165, FDAug: 0.4583, Var: 0.0000, Ctx: 6, MixCtx: 3, Train: 78.56%, Valid: 73.57%, Test In: 74.96% Test OOD1: 66.74% Test OOD2: 54.97% Test OOD3: 63.71% 
Epoch: 227, Loss: 2.7455, Cls: 0.9151, Ind: 0.0000, Med: 0.4576, Spu: 0.0000, FD: 0.9152, FDAug: 0.4576, Var: 0.0000, Ctx: 6, MixCtx: 3, Train: 78.60%, Valid: 73.56%, Test In: 74.92% Test OOD1: 66.53% Test OOD2: 55.00% Test OOD3: 63.56% 
Epoch: 228, Loss: 2.7426, Cls: 0.9142, Ind: 0.0000, Med: 0.4571, Spu: 0.0000, FD: 0.9142, FDAug: 0.4571, Var: 0.0000, Ctx: 6, MixCtx: 3, Train: 78.62%, Valid: 73.59%, Test In: 74.95% Test OOD1: 66.61% Test OOD2: 54.99% Test OOD3: 63.60% 
Epoch: 229, Loss: 2.7412, Cls: 0.9137, Ind: 0.0000, Med: 0.4569, Spu: 0.0000, FD: 0.9137, FDAug: 0.4569, Var: 0.0000, Ctx: 6, MixCtx: 3, Train: 78.63%, Valid: 73.61%, Test In: 74.97% Test OOD1: 66.67% Test OOD2: 54.98% Test OOD3: 63.63% 
Epoch: 230, Loss: 2.7409, Cls: 0.9136, Ind: 0.0000, Med: 0.4568, Spu: 0.0000, FD: 0.9136, FDAug: 0.4568, Var: 0.0000, Ctx: 6, MixCtx: 3, Train: 78.67%, Valid: 73.57%, Test In: 74.91% Test OOD1: 66.40% Test OOD2: 55.01% Test OOD3: 63.48% 
Epoch: 231, Loss: 2.7412, Cls: 0.9137, Ind: 0.0000, Med: 0.4569, Spu: 0.0000, FD: 0.9137, FDAug: 0.4569, Var: 0.0000, Ctx: 6, MixCtx: 3, Train: 78.66%, Valid: 73.59%, Test In: 74.97% Test OOD1: 66.71% Test OOD2: 54.95% Test OOD3: 63.70% 
Epoch: 232, Loss: 2.7436, Cls: 0.9145, Ind: 0.0000, Med: 0.4573, Spu: 0.0000, FD: 0.9146, FDAug: 0.4572, Var: 0.0000, Ctx: 6, MixCtx: 3, Train: 78.69%, Valid: 73.51%, Test In: 74.82% Test OOD1: 65.97% Test OOD2: 55.06% Test OOD3: 63.26% 
Epoch: 233, Loss: 2.7495, Cls: 0.9166, Ind: 0.0000, Med: 0.4584, Spu: 0.0000, FD: 0.9163, FDAug: 0.4583, Var: 0.0000, Ctx: 6, MixCtx: 3, Train: 78.65%, Valid: 73.61%, Test In: 75.03% Test OOD1: 66.85% Test OOD2: 54.94% Test OOD3: 63.82% 
Epoch: 234, Loss: 2.7621, Cls: 0.9207, Ind: 0.0000, Med: 0.4604, Spu: 0.0000, FD: 0.9208, FDAug: 0.4602, Var: 0.0000, Ctx: 6, MixCtx: 3, Train: 78.67%, Valid: 73.39%, Test In: 74.69% Test OOD1: 65.44% Test OOD2: 55.11% Test OOD3: 62.90% 
Epoch: 235, Loss: 2.7878, Cls: 0.9295, Ind: 0.0000, Med: 0.4650, Spu: 0.0000, FD: 0.9287, FDAug: 0.4647, Var: 0.0000, Ctx: 6, MixCtx: 3, Train: 78.58%, Valid: 73.59%, Test In: 75.04% Test OOD1: 67.28% Test OOD2: 54.84% Test OOD3: 64.05% 
Epoch: 236, Loss: 2.8231, Cls: 0.9411, Ind: 0.0000, Med: 0.4706, Spu: 0.0000, FD: 0.9411, FDAug: 0.4702, Var: 0.0000, Ctx: 6, MixCtx: 3, Train: 78.57%, Valid: 73.20%, Test In: 74.50% Test OOD1: 65.00% Test OOD2: 55.11% Test OOD3: 62.58% 
Epoch: 237, Loss: 2.8535, Cls: 0.9518, Ind: 0.0000, Med: 0.4765, Spu: 0.0000, FD: 0.9496, FDAug: 0.4755, Var: 0.0000, Ctx: 6, MixCtx: 3, Train: 78.60%, Valid: 73.58%, Test In: 75.07% Test OOD1: 67.18% Test OOD2: 54.83% Test OOD3: 64.06% 
Epoch: 238, Loss: 2.8081, Cls: 0.9358, Ind: 0.0000, Med: 0.4678, Spu: 0.0000, FD: 0.9367, FDAug: 0.4678, Var: 0.0000, Ctx: 6, MixCtx: 3, Train: 78.76%, Valid: 73.55%, Test In: 74.98% Test OOD1: 66.36% Test OOD2: 55.02% Test OOD3: 63.54% 
Epoch: 239, Loss: 2.7463, Cls: 0.9153, Ind: 0.0000, Med: 0.4577, Spu: 0.0000, FD: 0.9156, FDAug: 0.4577, Var: 0.0000, Ctx: 6, MixCtx: 3, Train: 78.79%, Valid: 73.56%, Test In: 74.90% Test OOD1: 66.43% Test OOD2: 55.00% Test OOD3: 63.45% 
Epoch: 240, Loss: 2.7616, Cls: 0.9205, Ind: 0.0000, Med: 0.4603, Spu: 0.0000, FD: 0.9204, FDAug: 0.4604, Var: 0.0000, Ctx: 6, MixCtx: 3, Train: 78.44%, Valid: 73.51%, Test In: 74.93% Test OOD1: 67.85% Test OOD2: 54.65% Test OOD3: 64.24% 
Epoch: 241, Loss: 2.8061, Cls: 0.9359, Ind: 0.0000, Med: 0.4683, Spu: 0.0000, FD: 0.9348, FDAug: 0.4671, Var: 0.0000, Ctx: 6, MixCtx: 3, Train: 78.77%, Valid: 73.53%, Test In: 74.83% Test OOD1: 66.58% Test OOD2: 54.97% Test OOD3: 63.39% 
Epoch: 242, Loss: 2.7879, Cls: 0.9288, Ind: 0.0000, Med: 0.4643, Spu: 0.0000, FD: 0.9295, FDAug: 0.4652, Var: 0.0000, Ctx: 6, MixCtx: 3, Train: 78.71%, Valid: 73.58%, Test In: 75.00% Test OOD1: 67.30% Test OOD2: 54.84% Test OOD3: 63.94% 
Epoch: 243, Loss: 2.7396, Cls: 0.9131, Ind: 0.0000, Med: 0.4566, Spu: 0.0000, FD: 0.9134, FDAug: 0.4565, Var: 0.0000, Ctx: 6, MixCtx: 3, Train: 78.71%, Valid: 73.56%, Test In: 75.02% Test OOD1: 67.26% Test OOD2: 54.84% Test OOD3: 63.99% 
Epoch: 244, Loss: 2.7521, Cls: 0.9175, Ind: 0.0000, Med: 0.4588, Spu: 0.0000, FD: 0.9174, FDAug: 0.4584, Var: 0.0000, Ctx: 6, MixCtx: 3, Train: 78.83%, Valid: 73.46%, Test In: 74.87% Test OOD1: 66.22% Test OOD2: 55.06% Test OOD3: 63.29% 
Epoch: 245, Loss: 2.7784, Cls: 0.9259, Ind: 0.0000, Med: 0.4629, Spu: 0.0000, FD: 0.9263, FDAug: 0.4634, Var: 0.0000, Ctx: 6, MixCtx: 3, Train: 78.72%, Valid: 73.53%, Test In: 75.01% Test OOD1: 67.26% Test OOD2: 54.87% Test OOD3: 63.97% 
Epoch: 246, Loss: 2.7490, Cls: 0.9162, Ind: 0.0000, Med: 0.4581, Spu: 0.0000, FD: 0.9166, FDAug: 0.4580, Var: 0.0000, Ctx: 6, MixCtx: 3, Train: 78.78%, Valid: 73.56%, Test In: 75.00% Test OOD1: 67.07% Test OOD2: 54.92% Test OOD3: 63.84% 
Epoch: 247, Loss: 2.7359, Cls: 0.9118, Ind: 0.0000, Med: 0.4558, Spu: 0.0000, FD: 0.9123, FDAug: 0.4560, Var: 0.0000, Ctx: 6, MixCtx: 3, Train: 78.87%, Valid: 73.53%, Test In: 74.88% Test OOD1: 66.33% Test OOD2: 55.04% Test OOD3: 63.30% 
Epoch: 248, Loss: 2.7614, Cls: 0.9205, Ind: 0.0000, Med: 0.4603, Spu: 0.0000, FD: 0.9202, FDAug: 0.4604, Var: 0.0000, Ctx: 6, MixCtx: 3, Train: 78.72%, Valid: 73.62%, Test In: 75.02% Test OOD1: 67.36% Test OOD2: 54.86% Test OOD3: 63.98% 
Epoch: 249, Loss: 2.7602, Cls: 0.9198, Ind: 0.0000, Med: 0.4598, Spu: 0.0000, FD: 0.9205, FDAug: 0.4601, Var: 0.0000, Ctx: 6, MixCtx: 3, Train: 78.90%, Valid: 73.61%, Test In: 74.94% Test OOD1: 66.51% Test OOD2: 54.99% Test OOD3: 63.47% 
Epoch: 250, Loss: 2.7342, Cls: 0.9114, Ind: 0.0000, Med: 0.4558, Spu: 0.0000, FD: 0.9113, FDAug: 0.4557, Var: 0.0000, Ctx: 6, MixCtx: 3, Train: 78.93%, Valid: 73.60%, Test In: 74.92% Test OOD1: 66.38% Test OOD2: 54.99% Test OOD3: 63.45% 
Epoch: 251, Loss: 2.7315, Cls: 0.9106, Ind: 0.0000, Med: 0.4554, Spu: 0.0000, FD: 0.9103, FDAug: 0.4552, Var: 0.0000, Ctx: 6, MixCtx: 3, Train: 78.86%, Valid: 73.64%, Test In: 74.99% Test OOD1: 66.93% Test OOD2: 54.88% Test OOD3: 63.82% 
Epoch: 252, Loss: 2.7481, Cls: 0.9157, Ind: 0.0000, Med: 0.4577, Spu: 0.0000, FD: 0.9166, FDAug: 0.4581, Var: 0.0000, Ctx: 6, MixCtx: 3, Train: 78.94%, Valid: 73.48%, Test In: 74.76% Test OOD1: 65.77% Test OOD2: 55.00% Test OOD3: 63.10% 
Epoch: 253, Loss: 2.7485, Cls: 0.9164, Ind: 0.0000, Med: 0.4584, Spu: 0.0000, FD: 0.9157, FDAug: 0.4580, Var: 0.0000, Ctx: 6, MixCtx: 3, Train: 78.96%, Valid: 73.64%, Test In: 74.96% Test OOD1: 66.49% Test OOD2: 54.89% Test OOD3: 63.63% 
Epoch: 254, Loss: 2.7322, Cls: 0.9107, Ind: 0.0000, Med: 0.4554, Spu: 0.0000, FD: 0.9109, FDAug: 0.4553, Var: 0.0000, Ctx: 6, MixCtx: 3, Train: 79.00%, Valid: 73.61%, Test In: 74.90% Test OOD1: 66.21% Test OOD2: 54.92% Test OOD3: 63.44% 
Epoch: 255, Loss: 2.7235, Cls: 0.9078, Ind: 0.0000, Med: 0.4539, Spu: 0.0000, FD: 0.9078, FDAug: 0.4539, Var: 0.0000, Ctx: 6, MixCtx: 3, Train: 79.02%, Valid: 73.53%, Test In: 74.78% Test OOD1: 65.90% Test OOD2: 54.94% Test OOD3: 63.21% 
Epoch: 256, Loss: 2.7308, Cls: 0.9101, Ind: 0.0000, Med: 0.4551, Spu: 0.0000, FD: 0.9103, FDAug: 0.4553, Var: 0.0000, Ctx: 6, MixCtx: 3, Train: 78.98%, Valid: 73.65%, Test In: 74.94% Test OOD1: 66.68% Test OOD2: 54.85% Test OOD3: 63.72% 
Epoch: 257, Loss: 2.7447, Cls: 0.9148, Ind: 0.0000, Med: 0.4574, Spu: 0.0000, FD: 0.9150, FDAug: 0.4574, Var: 0.0000, Ctx: 6, MixCtx: 3, Train: 79.01%, Valid: 73.39%, Test In: 74.67% Test OOD1: 65.36% Test OOD2: 55.00% Test OOD3: 62.90% 
Epoch: 258, Loss: 2.7547, Cls: 0.9182, Ind: 0.0000, Med: 0.4592, Spu: 0.0000, FD: 0.9180, FDAug: 0.4593, Var: 0.0000, Ctx: 6, MixCtx: 3, Train: 79.00%, Valid: 73.60%, Test In: 74.99% Test OOD1: 66.53% Test OOD2: 54.86% Test OOD3: 63.73% 
Epoch: 259, Loss: 2.7489, Cls: 0.9162, Ind: 0.0000, Med: 0.4581, Spu: 0.0000, FD: 0.9165, FDAug: 0.4580, Var: 0.0000, Ctx: 6, MixCtx: 3, Train: 79.07%, Valid: 73.40%, Test In: 74.75% Test OOD1: 65.58% Test OOD2: 54.98% Test OOD3: 63.12% 
Epoch: 260, Loss: 2.7318, Cls: 0.9108, Ind: 0.0000, Med: 0.4556, Spu: 0.0000, FD: 0.9102, FDAug: 0.4552, Var: 0.0000, Ctx: 6, MixCtx: 3, Train: 79.11%, Valid: 73.53%, Test In: 74.89% Test OOD1: 66.24% Test OOD2: 54.91% Test OOD3: 63.50% 
Epoch: 261, Loss: 2.7186, Cls: 0.9061, Ind: 0.0000, Med: 0.4531, Spu: 0.0000, FD: 0.9062, FDAug: 0.4531, Var: 0.0000, Ctx: 6, MixCtx: 3, Train: 79.09%, Valid: 73.60%, Test In: 74.93% Test OOD1: 66.68% Test OOD2: 54.86% Test OOD3: 63.69% 
Epoch: 262, Loss: 2.7230, Cls: 0.9075, Ind: 0.0000, Med: 0.4537, Spu: 0.0000, FD: 0.9079, FDAug: 0.4539, Var: 0.0000, Ctx: 6, MixCtx: 3, Train: 79.16%, Valid: 73.50%, Test In: 74.76% Test OOD1: 66.06% Test OOD2: 54.95% Test OOD3: 63.22% 
Epoch: 263, Loss: 2.7360, Cls: 0.9120, Ind: 0.0000, Med: 0.4561, Spu: 0.0000, FD: 0.9118, FDAug: 0.4561, Var: 0.0000, Ctx: 6, MixCtx: 3, Train: 79.08%, Valid: 73.58%, Test In: 74.94% Test OOD1: 66.90% Test OOD2: 54.81% Test OOD3: 63.81% 
Epoch: 264, Loss: 2.7418, Cls: 0.9139, Ind: 0.0000, Med: 0.4570, Spu: 0.0000, FD: 0.9140, FDAug: 0.4569, Var: 0.0000, Ctx: 6, MixCtx: 3, Train: 79.18%, Valid: 73.35%, Test In: 74.70% Test OOD1: 65.66% Test OOD2: 54.97% Test OOD3: 63.08% 
Epoch: 265, Loss: 2.7354, Cls: 0.9119, Ind: 0.0000, Med: 0.4561, Spu: 0.0000, FD: 0.9115, FDAug: 0.4559, Var: 0.0000, Ctx: 6, MixCtx: 3, Train: 79.20%, Valid: 73.48%, Test In: 74.90% Test OOD1: 66.29% Test OOD2: 54.88% Test OOD3: 63.55% 
Epoch: 266, Loss: 2.7212, Cls: 0.9071, Ind: 0.0000, Med: 0.4536, Spu: 0.0000, FD: 0.9071, FDAug: 0.4534, Var: 0.0000, Ctx: 6, MixCtx: 3, Train: 79.24%, Valid: 73.47%, Test In: 74.84% Test OOD1: 66.23% Test OOD2: 54.88% Test OOD3: 63.45% 
Epoch: 267, Loss: 2.7131, Cls: 0.9043, Ind: 0.0000, Med: 0.4522, Spu: 0.0000, FD: 0.9044, FDAug: 0.4521, Var: 0.0000, Ctx: 6, MixCtx: 3, Train: 79.26%, Valid: 73.47%, Test In: 74.78% Test OOD1: 66.19% Test OOD2: 54.89% Test OOD3: 63.30% 
Epoch: 268, Loss: 2.7193, Cls: 0.9063, Ind: 0.0000, Med: 0.4532, Spu: 0.0000, FD: 0.9065, FDAug: 0.4533, Var: 0.0000, Ctx: 6, MixCtx: 3, Train: 79.16%, Valid: 73.59%, Test In: 74.92% Test OOD1: 66.94% Test OOD2: 54.78% Test OOD3: 63.77% 
Epoch: 269, Loss: 2.7325, Cls: 0.9110, Ind: 0.0000, Med: 0.4556, Spu: 0.0000, FD: 0.9107, FDAug: 0.4552, Var: 0.0000, Ctx: 6, MixCtx: 3, Train: 79.28%, Valid: 73.39%, Test In: 74.68% Test OOD1: 65.76% Test OOD2: 54.94% Test OOD3: 63.00% 
Epoch: 270, Loss: 2.7406, Cls: 0.9135, Ind: 0.0000, Med: 0.4568, Spu: 0.0000, FD: 0.9134, FDAug: 0.4570, Var: 0.0000, Ctx: 6, MixCtx: 3, Train: 79.26%, Valid: 73.53%, Test In: 74.94% Test OOD1: 66.55% Test OOD2: 54.80% Test OOD3: 63.67% 
Epoch: 271, Loss: 2.7378, Cls: 0.9126, Ind: 0.0000, Med: 0.4563, Spu: 0.0000, FD: 0.9129, FDAug: 0.4561, Var: 0.0000, Ctx: 6, MixCtx: 3, Train: 79.29%, Valid: 73.31%, Test In: 74.71% Test OOD1: 65.57% Test OOD2: 54.91% Test OOD3: 63.03% 
Epoch: 272, Loss: 2.7235, Cls: 0.9080, Ind: 0.0000, Med: 0.4542, Spu: 0.0000, FD: 0.9074, FDAug: 0.4538, Var: 0.0000, Ctx: 6, MixCtx: 3, Train: 79.35%, Valid: 73.52%, Test In: 74.90% Test OOD1: 66.31% Test OOD2: 54.84% Test OOD3: 63.46% 
Epoch: 273, Loss: 2.7079, Cls: 0.9025, Ind: 0.0000, Med: 0.4513, Spu: 0.0000, FD: 0.9028, FDAug: 0.4513, Var: 0.0000, Ctx: 6, MixCtx: 3, Train: 79.32%, Valid: 73.63%, Test In: 74.95% Test OOD1: 66.68% Test OOD2: 54.80% Test OOD3: 63.59% 
Epoch: 274, Loss: 2.7102, Cls: 0.9032, Ind: 0.0000, Med: 0.4516, Spu: 0.0000, FD: 0.9036, FDAug: 0.4518, Var: 0.0000, Ctx: 6, MixCtx: 3, Train: 79.39%, Valid: 73.51%, Test In: 74.76% Test OOD1: 66.07% Test OOD2: 54.87% Test OOD3: 63.13% 
Epoch: 275, Loss: 2.7253, Cls: 0.9084, Ind: 0.0000, Med: 0.4543, Spu: 0.0000, FD: 0.9082, FDAug: 0.4544, Var: 0.0000, Ctx: 6, MixCtx: 3, Train: 79.31%, Valid: 73.59%, Test In: 74.96% Test OOD1: 66.82% Test OOD2: 54.74% Test OOD3: 63.74% 
Epoch: 276, Loss: 2.7466, Cls: 0.9155, Ind: 0.0000, Med: 0.4578, Spu: 0.0000, FD: 0.9157, FDAug: 0.4576, Var: 0.0000, Ctx: 6, MixCtx: 3, Train: 79.28%, Valid: 73.10%, Test In: 74.42% Test OOD1: 64.68% Test OOD2: 54.93% Test OOD3: 62.43% 
Epoch: 277, Loss: 2.7718, Cls: 0.9241, Ind: 0.0000, Med: 0.4623, Spu: 0.0000, FD: 0.9233, FDAug: 0.4622, Var: 0.0000, Ctx: 6, MixCtx: 3, Train: 79.33%, Valid: 73.54%, Test In: 75.01% Test OOD1: 66.26% Test OOD2: 54.78% Test OOD3: 63.57% 
Epoch: 278, Loss: 2.7624, Cls: 0.9209, Ind: 0.0000, Med: 0.4605, Spu: 0.0000, FD: 0.9210, FDAug: 0.4601, Var: 0.0000, Ctx: 6, MixCtx: 3, Train: 79.47%, Valid: 73.40%, Test In: 74.73% Test OOD1: 65.57% Test OOD2: 54.88% Test OOD3: 62.96% 
Epoch: 279, Loss: 2.7186, Cls: 0.9062, Ind: 0.0000, Med: 0.4532, Spu: 0.0000, FD: 0.9060, FDAug: 0.4532, Var: 0.0000, Ctx: 6, MixCtx: 3, Train: 79.42%, Valid: 73.62%, Test In: 74.84% Test OOD1: 66.60% Test OOD2: 54.76% Test OOD3: 63.44% 
Epoch: 280, Loss: 2.7034, Cls: 0.9010, Ind: 0.0000, Med: 0.4505, Spu: 0.0000, FD: 0.9012, FDAug: 0.4507, Var: 0.0000, Ctx: 6, MixCtx: 3, Train: 79.32%, Valid: 73.70%, Test In: 74.92% Test OOD1: 67.10% Test OOD2: 54.67% Test OOD3: 63.72% 
Epoch: 281, Loss: 2.7205, Cls: 0.9068, Ind: 0.0000, Med: 0.4535, Spu: 0.0000, FD: 0.9069, FDAug: 0.4533, Var: 0.0000, Ctx: 6, MixCtx: 3, Train: 79.46%, Valid: 73.47%, Test In: 74.69% Test OOD1: 65.68% Test OOD2: 54.86% Test OOD3: 62.83% 
Epoch: 282, Loss: 2.7466, Cls: 0.9153, Ind: 0.0000, Med: 0.4577, Spu: 0.0000, FD: 0.9155, FDAug: 0.4581, Var: 0.0000, Ctx: 6, MixCtx: 3, Train: 79.44%, Valid: 73.59%, Test In: 75.00% Test OOD1: 66.58% Test OOD2: 54.68% Test OOD3: 63.65% 
Epoch: 283, Loss: 2.7490, Cls: 0.9165, Ind: 0.0000, Med: 0.4583, Spu: 0.0000, FD: 0.9164, FDAug: 0.4578, Var: 0.0000, Ctx: 6, MixCtx: 3, Train: 79.45%, Valid: 73.25%, Test In: 74.63% Test OOD1: 65.29% Test OOD2: 54.81% Test OOD3: 62.81% 
Epoch: 284, Loss: 2.7214, Cls: 0.9072, Ind: 0.0000, Med: 0.4537, Spu: 0.0000, FD: 0.9070, FDAug: 0.4536, Var: 0.0000, Ctx: 6, MixCtx: 3, Train: 79.55%, Valid: 73.48%, Test In: 74.80% Test OOD1: 66.09% Test OOD2: 54.74% Test OOD3: 63.22% 
Epoch: 285, Loss: 2.6986, Cls: 0.8995, Ind: 0.0000, Med: 0.4498, Spu: 0.0000, FD: 0.8996, FDAug: 0.4498, Var: 0.0000, Ctx: 6, MixCtx: 3, Train: 79.46%, Valid: 73.69%, Test In: 74.94% Test OOD1: 66.98% Test OOD2: 54.64% Test OOD3: 63.62% 
Epoch: 286, Loss: 2.7177, Cls: 0.9060, Ind: 0.0000, Med: 0.4531, Spu: 0.0000, FD: 0.9058, FDAug: 0.4528, Var: 0.0000, Ctx: 6, MixCtx: 3, Train: 79.47%, Valid: 73.49%, Test In: 74.65% Test OOD1: 65.86% Test OOD2: 54.74% Test OOD3: 62.77% 
Epoch: 287, Loss: 2.7549, Cls: 0.9178, Ind: 0.0000, Med: 0.4588, Spu: 0.0000, FD: 0.9185, FDAug: 0.4597, Var: 0.0000, Ctx: 6, MixCtx: 3, Train: 79.45%, Valid: 73.66%, Test In: 74.96% Test OOD1: 67.09% Test OOD2: 54.55% Test OOD3: 63.76% 
Epoch: 288, Loss: 2.7655, Cls: 0.9218, Ind: 0.0000, Med: 0.4609, Spu: 0.0000, FD: 0.9220, FDAug: 0.4608, Var: 0.0000, Ctx: 6, MixCtx: 3, Train: 79.49%, Valid: 73.17%, Test In: 74.46% Test OOD1: 64.98% Test OOD2: 54.74% Test OOD3: 62.54% 
Epoch: 289, Loss: 2.7470, Cls: 0.9162, Ind: 0.0000, Med: 0.4585, Spu: 0.0000, FD: 0.9147, FDAug: 0.4577, Var: 0.0000, Ctx: 6, MixCtx: 3, Train: 79.62%, Valid: 73.45%, Test In: 74.84% Test OOD1: 65.95% Test OOD2: 54.64% Test OOD3: 63.23% 
Epoch: 290, Loss: 2.7031, Cls: 0.9009, Ind: 0.0000, Med: 0.4504, Spu: 0.0000, FD: 0.9015, FDAug: 0.4504, Var: 0.0000, Ctx: 6, MixCtx: 3, Train: 79.58%, Valid: 73.65%, Test In: 74.95% Test OOD1: 66.83% Test OOD2: 54.58% Test OOD3: 63.63% 
Epoch: 291, Loss: 2.7144, Cls: 0.9044, Ind: 0.0000, Med: 0.4520, Spu: 0.0000, FD: 0.9055, FDAug: 0.4525, Var: 0.0000, Ctx: 6, MixCtx: 3, Train: 79.59%, Valid: 73.51%, Test In: 74.63% Test OOD1: 66.01% Test OOD2: 54.70% Test OOD3: 62.86% 
Epoch: 292, Loss: 2.7582, Cls: 0.9196, Ind: 0.0000, Med: 0.4600, Spu: 0.0000, FD: 0.9188, FDAug: 0.4599, Var: 0.0000, Ctx: 6, MixCtx: 3, Train: 79.42%, Valid: 73.69%, Test In: 74.95% Test OOD1: 67.37% Test OOD2: 54.50% Test OOD3: 63.84% 
Epoch: 293, Loss: 2.7484, Cls: 0.9160, Ind: 0.0000, Med: 0.4580, Spu: 0.0000, FD: 0.9164, FDAug: 0.4580, Var: 0.0000, Ctx: 6, MixCtx: 3, Train: 79.72%, Valid: 73.40%, Test In: 74.72% Test OOD1: 65.66% Test OOD2: 54.69% Test OOD3: 62.89% 
Epoch: 294, Loss: 2.7079, Cls: 0.9026, Ind: 0.0000, Med: 0.4514, Spu: 0.0000, FD: 0.9026, FDAug: 0.4514, Var: 0.0000, Ctx: 6, MixCtx: 3, Train: 79.70%, Valid: 73.32%, Test In: 74.71% Test OOD1: 65.58% Test OOD2: 54.64% Test OOD3: 62.95% 
Epoch: 295, Loss: 2.6955, Cls: 0.8985, Ind: 0.0000, Med: 0.4493, Spu: 0.0000, FD: 0.8985, FDAug: 0.4492, Var: 0.0000, Ctx: 6, MixCtx: 3, Train: 79.63%, Valid: 73.48%, Test In: 74.86% Test OOD1: 66.60% Test OOD2: 54.52% Test OOD3: 63.49% 
Epoch: 296, Loss: 2.7185, Cls: 0.9063, Ind: 0.0000, Med: 0.4533, Spu: 0.0000, FD: 0.9062, FDAug: 0.4528, Var: 0.0000, Ctx: 6, MixCtx: 3, Train: 79.75%, Valid: 73.36%, Test In: 74.57% Test OOD1: 65.73% Test OOD2: 54.65% Test OOD3: 62.74% 
Epoch: 297, Loss: 2.7288, Cls: 0.9093, Ind: 0.0000, Med: 0.4546, Spu: 0.0000, FD: 0.9097, FDAug: 0.4552, Var: 0.0000, Ctx: 6, MixCtx: 3, Train: 79.66%, Valid: 73.65%, Test In: 74.90% Test OOD1: 66.92% Test OOD2: 54.55% Test OOD3: 63.54% 
Epoch: 298, Loss: 2.7098, Cls: 0.9034, Ind: 0.0000, Med: 0.4518, Spu: 0.0000, FD: 0.9032, FDAug: 0.4514, Var: 0.0000, Ctx: 6, MixCtx: 3, Train: 79.82%, Valid: 73.53%, Test In: 74.76% Test OOD1: 66.23% Test OOD2: 54.61% Test OOD3: 63.12% 
Epoch: 299, Loss: 2.6853, Cls: 0.8950, Ind: 0.0000, Med: 0.4475, Spu: 0.0000, FD: 0.8952, FDAug: 0.4476, Var: 0.0000, Ctx: 6, MixCtx: 3, Train: 79.81%, Valid: 73.39%, Test In: 74.65% Test OOD1: 65.95% Test OOD2: 54.57% Test OOD3: 63.00% 
Epoch: 300, Loss: 2.6890, Cls: 0.8963, Ind: 0.0000, Med: 0.4483, Spu: 0.0000, FD: 0.8962, FDAug: 0.4482, Var: 0.0000, Ctx: 6, MixCtx: 3, Train: 79.79%, Valid: 73.50%, Test In: 74.82% Test OOD1: 66.45% Test OOD2: 54.46% Test OOD3: 63.37% 
Epoch: 301, Loss: 2.7043, Cls: 0.9013, Ind: 0.0000, Med: 0.4506, Spu: 0.0000, FD: 0.9018, FDAug: 0.4507, Var: 0.0000, Ctx: 6, MixCtx: 3, Train: 79.86%, Valid: 73.33%, Test In: 74.55% Test OOD1: 65.48% Test OOD2: 54.59% Test OOD3: 62.66% 
Epoch: 302, Loss: 2.7066, Cls: 0.9023, Ind: 0.0000, Med: 0.4513, Spu: 0.0000, FD: 0.9018, FDAug: 0.4511, Var: 0.0000, Ctx: 6, MixCtx: 3, Train: 79.85%, Valid: 73.60%, Test In: 74.84% Test OOD1: 66.53% Test OOD2: 54.52% Test OOD3: 63.33% 
Epoch: 303, Loss: 2.6904, Cls: 0.8966, Ind: 0.0000, Med: 0.4482, Spu: 0.0000, FD: 0.8971, FDAug: 0.4485, Var: 0.0000, Ctx: 6, MixCtx: 3, Train: 79.93%, Valid: 73.51%, Test In: 74.70% Test OOD1: 66.25% Test OOD2: 54.53% Test OOD3: 63.10% 
Epoch: 304, Loss: 2.6785, Cls: 0.8927, Ind: 0.0000, Med: 0.4464, Spu: 0.0000, FD: 0.8929, FDAug: 0.4465, Var: 0.0000, Ctx: 6, MixCtx: 3, Train: 79.95%, Valid: 73.41%, Test In: 74.62% Test OOD1: 65.92% Test OOD2: 54.51% Test OOD3: 62.91% 
Epoch: 305, Loss: 2.6783, Cls: 0.8927, Ind: 0.0000, Med: 0.4464, Spu: 0.0000, FD: 0.8927, FDAug: 0.4464, Var: 0.0000, Ctx: 6, MixCtx: 3, Train: 79.96%, Valid: 73.45%, Test In: 74.72% Test OOD1: 66.04% Test OOD2: 54.47% Test OOD3: 63.06% 
Epoch: 306, Loss: 2.6873, Cls: 0.8958, Ind: 0.0000, Med: 0.4479, Spu: 0.0000, FD: 0.8959, FDAug: 0.4477, Var: 0.0000, Ctx: 6, MixCtx: 3, Train: 79.98%, Valid: 73.24%, Test In: 74.43% Test OOD1: 65.24% Test OOD2: 54.54% Test OOD3: 62.45% 
Epoch: 307, Loss: 2.6954, Cls: 0.8985, Ind: 0.0000, Med: 0.4494, Spu: 0.0000, FD: 0.8982, FDAug: 0.4493, Var: 0.0000, Ctx: 6, MixCtx: 3, Train: 79.98%, Valid: 73.54%, Test In: 74.79% Test OOD1: 66.46% Test OOD2: 54.45% Test OOD3: 63.27% 
Epoch: 308, Loss: 2.6962, Cls: 0.8986, Ind: 0.0000, Med: 0.4493, Spu: 0.0000, FD: 0.8990, FDAug: 0.4493, Var: 0.0000, Ctx: 6, MixCtx: 3, Train: 80.05%, Valid: 73.31%, Test In: 74.47% Test OOD1: 65.48% Test OOD2: 54.54% Test OOD3: 62.56% 
Epoch: 309, Loss: 2.6943, Cls: 0.8982, Ind: 0.0000, Med: 0.4493, Spu: 0.0000, FD: 0.8977, FDAug: 0.4491, Var: 0.0000, Ctx: 6, MixCtx: 3, Train: 80.05%, Valid: 73.49%, Test In: 74.78% Test OOD1: 66.20% Test OOD2: 54.47% Test OOD3: 63.15% 
Epoch: 310, Loss: 2.6887, Cls: 0.8961, Ind: 0.0000, Med: 0.4480, Spu: 0.0000, FD: 0.8965, FDAug: 0.4480, Var: 0.0000, Ctx: 6, MixCtx: 3, Train: 80.12%, Valid: 73.30%, Test In: 74.52% Test OOD1: 65.51% Test OOD2: 54.51% Test OOD3: 62.62% 
Epoch: 311, Loss: 2.6790, Cls: 0.8931, Ind: 0.0000, Med: 0.4467, Spu: 0.0000, FD: 0.8927, FDAug: 0.4465, Var: 0.0000, Ctx: 6, MixCtx: 3, Train: 80.14%, Valid: 73.48%, Test In: 74.71% Test OOD1: 66.16% Test OOD2: 54.50% Test OOD3: 63.03% 
Epoch: 312, Loss: 2.6691, Cls: 0.8896, Ind: 0.0000, Med: 0.4448, Spu: 0.0000, FD: 0.8899, FDAug: 0.4449, Var: 0.0000, Ctx: 6, MixCtx: 3, Train: 80.18%, Valid: 73.45%, Test In: 74.62% Test OOD1: 65.98% Test OOD2: 54.55% Test OOD3: 62.88% 
Epoch: 313, Loss: 2.6651, Cls: 0.8883, Ind: 0.0000, Med: 0.4441, Spu: 0.0000, FD: 0.8885, FDAug: 0.4442, Var: 0.0000, Ctx: 6, MixCtx: 3, Train: 80.22%, Valid: 73.33%, Test In: 74.51% Test OOD1: 65.66% Test OOD2: 54.52% Test OOD3: 62.65% 
Epoch: 314, Loss: 2.6643, Cls: 0.8880, Ind: 0.0000, Med: 0.4440, Spu: 0.0000, FD: 0.8882, FDAug: 0.4442, Var: 0.0000, Ctx: 6, MixCtx: 3, Train: 80.22%, Valid: 73.32%, Test In: 74.55% Test OOD1: 65.81% Test OOD2: 54.44% Test OOD3: 62.78% 
Epoch: 315, Loss: 2.6693, Cls: 0.8899, Ind: 0.0000, Med: 0.4451, Spu: 0.0000, FD: 0.8896, FDAug: 0.4447, Var: 0.0000, Ctx: 6, MixCtx: 3, Train: 80.20%, Valid: 73.13%, Test In: 74.22% Test OOD1: 65.14% Test OOD2: 54.54% Test OOD3: 62.23% 
Epoch: 316, Loss: 2.6823, Cls: 0.8938, Ind: 0.0000, Med: 0.4469, Spu: 0.0000, FD: 0.8942, FDAug: 0.4474, Var: 0.0000, Ctx: 6, MixCtx: 3, Train: 80.21%, Valid: 73.43%, Test In: 74.63% Test OOD1: 66.22% Test OOD2: 54.41% Test OOD3: 63.07% 
Epoch: 317, Loss: 2.7136, Cls: 0.9048, Ind: 0.0000, Med: 0.4526, Spu: 0.0000, FD: 0.9043, FDAug: 0.4518, Var: 0.0000, Ctx: 6, MixCtx: 3, Train: 80.00%, Valid: 72.92%, Test In: 73.89% Test OOD1: 64.79% Test OOD2: 54.48% Test OOD3: 61.89% 
Epoch: 318, Loss: 2.7967, Cls: 0.9329, Ind: 0.0000, Med: 0.4670, Spu: 0.0000, FD: 0.9307, FDAug: 0.4661, Var: 0.0000, Ctx: 6, MixCtx: 3, Train: 79.90%, Valid: 73.40%, Test In: 74.85% Test OOD1: 66.73% Test OOD2: 54.30% Test OOD3: 63.50% 
Epoch: 319, Loss: 2.8732, Cls: 0.9568, Ind: 0.0000, Med: 0.4780, Spu: 0.0000, FD: 0.9593, FDAug: 0.4791, Var: 0.0000, Ctx: 6, MixCtx: 3, Train: 79.97%, Valid: 72.74%, Test In: 74.07% Test OOD1: 64.43% Test OOD2: 54.49% Test OOD3: 61.85% 
Epoch: 320, Loss: 2.7962, Cls: 0.9338, Ind: 0.0000, Med: 0.4680, Spu: 0.0000, FD: 0.9292, FDAug: 0.4652, Var: 0.0000, Ctx: 6, MixCtx: 3, Train: 80.09%, Valid: 73.41%, Test In: 74.76% Test OOD1: 66.42% Test OOD2: 54.50% Test OOD3: 63.14% 
Epoch: 321, Loss: 2.6895, Cls: 0.8967, Ind: 0.0000, Med: 0.4486, Spu: 0.0000, FD: 0.8963, FDAug: 0.4480, Var: 0.0000, Ctx: 6, MixCtx: 3, Train: 79.10%, Valid: 73.33%, Test In: 74.66% Test OOD1: 67.94% Test OOD2: 54.14% Test OOD3: 63.97% 
Epoch: 322, Loss: 2.8415, Cls: 0.9460, Ind: 0.0000, Med: 0.4725, Spu: 0.0000, FD: 0.9488, FDAug: 0.4741, Var: 0.0000, Ctx: 6, MixCtx: 3, Train: 79.86%, Valid: 73.20%, Test In: 74.39% Test OOD1: 66.05% Test OOD2: 54.62% Test OOD3: 62.63% 
Epoch: 323, Loss: 2.7875, Cls: 0.9295, Ind: 0.0000, Med: 0.4651, Spu: 0.0000, FD: 0.9283, FDAug: 0.4646, Var: 0.0000, Ctx: 6, MixCtx: 3, Train: 80.08%, Valid: 73.19%, Test In: 74.57% Test OOD1: 66.07% Test OOD2: 54.67% Test OOD3: 62.84% 
Epoch: 324, Loss: 2.7095, Cls: 0.9024, Ind: 0.0000, Med: 0.4508, Spu: 0.0000, FD: 0.9043, FDAug: 0.4521, Var: 0.0000, Ctx: 6, MixCtx: 3, Train: 79.76%, Valid: 73.32%, Test In: 74.79% Test OOD1: 67.48% Test OOD2: 54.31% Test OOD3: 63.84% 
Epoch: 325, Loss: 2.8246, Cls: 0.9433, Ind: 0.0000, Med: 0.4727, Spu: 0.0000, FD: 0.9394, FDAug: 0.4692, Var: 0.0000, Ctx: 6, MixCtx: 3, Train: 80.23%, Valid: 73.13%, Test In: 74.43% Test OOD1: 66.16% Test OOD2: 54.58% Test OOD3: 62.69% 
Epoch: 326, Loss: 2.7034, Cls: 0.8999, Ind: 0.0000, Med: 0.4495, Spu: 0.0000, FD: 0.9026, FDAug: 0.4514, Var: 0.0000, Ctx: 6, MixCtx: 3, Train: 80.23%, Valid: 73.09%, Test In: 74.32% Test OOD1: 65.95% Test OOD2: 54.56% Test OOD3: 62.45% 
Epoch: 327, Loss: 2.7199, Cls: 0.9048, Ind: 0.0000, Med: 0.4517, Spu: 0.0000, FD: 0.9086, FDAug: 0.4547, Var: 0.0000, Ctx: 6, MixCtx: 3, Train: 79.98%, Valid: 73.36%, Test In: 74.64% Test OOD1: 67.32% Test OOD2: 54.28% Test OOD3: 63.45% 
Epoch: 328, Loss: 2.7890, Cls: 0.9324, Ind: 0.0000, Med: 0.4678, Spu: 0.0000, FD: 0.9260, FDAug: 0.4627, Var: 0.0000, Ctx: 6, MixCtx: 3, Train: 80.22%, Valid: 73.18%, Test In: 74.27% Test OOD1: 65.89% Test OOD2: 54.47% Test OOD3: 62.41% 
Epoch: 329, Loss: 2.6752, Cls: 0.8911, Ind: 0.0000, Med: 0.4453, Spu: 0.0000, FD: 0.8925, FDAug: 0.4463, Var: 0.0000, Ctx: 6, MixCtx: 3, Train: 80.19%, Valid: 73.01%, Test In: 74.06% Test OOD1: 65.44% Test OOD2: 54.47% Test OOD3: 62.02% 
Epoch: 330, Loss: 2.7164, Cls: 0.9052, Ind: 0.0000, Med: 0.4526, Spu: 0.0000, FD: 0.9056, FDAug: 0.4531, Var: 0.0000, Ctx: 6, MixCtx: 3, Train: 80.08%, Valid: 73.24%, Test In: 74.49% Test OOD1: 66.84% Test OOD2: 54.27% Test OOD3: 63.12% 
Epoch: 331, Loss: 2.7354, Cls: 0.9112, Ind: 0.0000, Med: 0.4553, Spu: 0.0000, FD: 0.9128, FDAug: 0.4561, Var: 0.0000, Ctx: 6, MixCtx: 3, Train: 80.45%, Valid: 73.19%, Test In: 74.34% Test OOD1: 66.06% Test OOD2: 54.45% Test OOD3: 62.58% 
Epoch: 332, Loss: 2.6597, Cls: 0.8865, Ind: 0.0000, Med: 0.4433, Spu: 0.0000, FD: 0.8868, FDAug: 0.4432, Var: 0.0000, Ctx: 6, MixCtx: 3, Train: 80.31%, Valid: 73.05%, Test In: 74.11% Test OOD1: 65.64% Test OOD2: 54.52% Test OOD3: 62.12% 
Epoch: 333, Loss: 2.7158, Cls: 0.9065, Ind: 0.0000, Med: 0.4540, Spu: 0.0000, FD: 0.9034, FDAug: 0.4519, Var: 0.0000, Ctx: 6, MixCtx: 3, Train: 80.26%, Valid: 73.36%, Test In: 74.60% Test OOD1: 67.00% Test OOD2: 54.39% Test OOD3: 63.27% 
Epoch: 334, Loss: 2.6887, Cls: 0.8950, Ind: 0.0000, Med: 0.4470, Spu: 0.0000, FD: 0.8979, FDAug: 0.4488, Var: 0.0000, Ctx: 6, MixCtx: 3, Train: 80.44%, Valid: 73.24%, Test In: 74.54% Test OOD1: 66.46% Test OOD2: 54.45% Test OOD3: 62.96% 
Epoch: 335, Loss: 2.6553, Cls: 0.8847, Ind: 0.0000, Med: 0.4423, Spu: 0.0000, FD: 0.8856, FDAug: 0.4427, Var: 0.0000, Ctx: 6, MixCtx: 3, Train: 80.52%, Valid: 72.80%, Test In: 74.06% Test OOD1: 65.15% Test OOD2: 54.52% Test OOD3: 62.03% 
Epoch: 336, Loss: 2.7008, Cls: 0.9006, Ind: 0.0000, Med: 0.4506, Spu: 0.0000, FD: 0.8996, FDAug: 0.4501, Var: 0.0000, Ctx: 6, MixCtx: 3, Train: 80.48%, Valid: 73.11%, Test In: 74.52% Test OOD1: 66.11% Test OOD2: 54.44% Test OOD3: 62.87% 
Epoch: 337, Loss: 2.6645, Cls: 0.8881, Ind: 0.0000, Med: 0.4441, Spu: 0.0000, FD: 0.8883, FDAug: 0.4440, Var: 0.0000, Ctx: 6, MixCtx: 3, Train: 80.53%, Valid: 73.15%, Test In: 74.50% Test OOD1: 66.14% Test OOD2: 54.49% Test OOD3: 62.83% 
Epoch: 338, Loss: 2.6517, Cls: 0.8839, Ind: 0.0000, Med: 0.4421, Spu: 0.0000, FD: 0.8838, FDAug: 0.4418, Var: 0.0000, Ctx: 6, MixCtx: 3, Train: 80.53%, Valid: 72.85%, Test In: 74.02% Test OOD1: 65.25% Test OOD2: 54.49% Test OOD3: 62.12% 
Epoch: 339, Loss: 2.6869, Cls: 0.8947, Ind: 0.0000, Med: 0.4470, Spu: 0.0000, FD: 0.8966, FDAug: 0.4486, Var: 0.0000, Ctx: 6, MixCtx: 3, Train: 80.59%, Valid: 73.04%, Test In: 74.42% Test OOD1: 65.84% Test OOD2: 54.39% Test OOD3: 62.70% 
Epoch: 340, Loss: 2.6667, Cls: 0.8896, Ind: 0.0000, Med: 0.4452, Spu: 0.0000, FD: 0.8880, FDAug: 0.4438, Var: 0.0000, Ctx: 6, MixCtx: 3, Train: 80.67%, Valid: 72.86%, Test In: 74.19% Test OOD1: 65.31% Test OOD2: 54.41% Test OOD3: 62.31% 
Epoch: 341, Loss: 2.6393, Cls: 0.8798, Ind: 0.0000, Med: 0.4400, Spu: 0.0000, FD: 0.8796, FDAug: 0.4398, Var: 0.0000, Ctx: 6, MixCtx: 3, Train: 80.71%, Valid: 72.78%, Test In: 73.99% Test OOD1: 65.12% Test OOD2: 54.40% Test OOD3: 61.98% 
Epoch: 342, Loss: 2.6624, Cls: 0.8871, Ind: 0.0000, Med: 0.4435, Spu: 0.0000, FD: 0.8877, FDAug: 0.4441, Var: 0.0000, Ctx: 6, MixCtx: 3, Train: 80.62%, Valid: 73.16%, Test In: 74.44% Test OOD1: 66.31% Test OOD2: 54.32% Test OOD3: 62.86% 
Epoch: 343, Loss: 2.6773, Cls: 0.8922, Ind: 0.0000, Med: 0.4460, Spu: 0.0000, FD: 0.8929, FDAug: 0.4463, Var: 0.0000, Ctx: 6, MixCtx: 3, Train: 80.77%, Valid: 72.80%, Test In: 74.00% Test OOD1: 65.17% Test OOD2: 54.37% Test OOD3: 62.01% 
Epoch: 344, Loss: 2.6492, Cls: 0.8834, Ind: 0.0000, Med: 0.4420, Spu: 0.0000, FD: 0.8824, FDAug: 0.4414, Var: 0.0000, Ctx: 6, MixCtx: 3, Train: 80.82%, Valid: 72.82%, Test In: 74.08% Test OOD1: 65.25% Test OOD2: 54.34% Test OOD3: 62.16% 
Epoch: 345, Loss: 2.6326, Cls: 0.8777, Ind: 0.0000, Med: 0.4391, Spu: 0.0000, FD: 0.8772, FDAug: 0.4386, Var: 0.0000, Ctx: 6, MixCtx: 3, Train: 80.81%, Valid: 73.00%, Test In: 74.29% Test OOD1: 65.91% Test OOD2: 54.31% Test OOD3: 62.57% 
Epoch: 346, Loss: 2.6484, Cls: 0.8822, Ind: 0.0000, Med: 0.4409, Spu: 0.0000, FD: 0.8836, FDAug: 0.4417, Var: 0.0000, Ctx: 6, MixCtx: 3, Train: 80.82%, Valid: 72.82%, Test In: 73.97% Test OOD1: 65.36% Test OOD2: 54.35% Test OOD3: 62.00% 
Epoch: 347, Loss: 2.6547, Cls: 0.8855, Ind: 0.0000, Med: 0.4432, Spu: 0.0000, FD: 0.8839, FDAug: 0.4421, Var: 0.0000, Ctx: 6, MixCtx: 3, Train: 80.84%, Valid: 72.90%, Test In: 74.17% Test OOD1: 65.75% Test OOD2: 54.29% Test OOD3: 62.37% 
Epoch: 348, Loss: 2.6370, Cls: 0.8788, Ind: 0.0000, Med: 0.4394, Spu: 0.0000, FD: 0.8793, FDAug: 0.4395, Var: 0.0000, Ctx: 6, MixCtx: 3, Train: 80.94%, Valid: 72.82%, Test In: 74.09% Test OOD1: 65.53% Test OOD2: 54.31% Test OOD3: 62.24% 
Epoch: 349, Loss: 2.6248, Cls: 0.8749, Ind: 0.0000, Med: 0.4375, Spu: 0.0000, FD: 0.8749, FDAug: 0.4374, Var: 0.0000, Ctx: 6, MixCtx: 3, Train: 80.89%, Valid: 72.75%, Test In: 73.93% Test OOD1: 65.36% Test OOD2: 54.33% Test OOD3: 61.99% 
Epoch: 350, Loss: 2.6409, Cls: 0.8802, Ind: 0.0000, Med: 0.4402, Spu: 0.0000, FD: 0.8801, FDAug: 0.4403, Var: 0.0000, Ctx: 6, MixCtx: 3, Train: 80.79%, Valid: 72.91%, Test In: 74.06% Test OOD1: 65.71% Test OOD2: 54.20% Test OOD3: 62.32% 
Epoch: 351, Loss: 2.6556, Cls: 0.8857, Ind: 0.0000, Med: 0.4431, Spu: 0.0000, FD: 0.8847, FDAug: 0.4422, Var: 0.0000, Ctx: 6, MixCtx: 3, Train: 80.88%, Valid: 72.87%, Test In: 73.90% Test OOD1: 65.54% Test OOD2: 54.27% Test OOD3: 61.99% 
Epoch: 352, Loss: 2.6395, Cls: 0.8795, Ind: 0.0000, Med: 0.4397, Spu: 0.0000, FD: 0.8801, FDAug: 0.4402, Var: 0.0000, Ctx: 6, MixCtx: 3, Train: 80.85%, Valid: 72.88%, Test In: 74.08% Test OOD1: 65.73% Test OOD2: 54.31% Test OOD3: 62.32% 
Epoch: 353, Loss: 2.6295, Cls: 0.8766, Ind: 0.0000, Med: 0.4384, Spu: 0.0000, FD: 0.8764, FDAug: 0.4382, Var: 0.0000, Ctx: 6, MixCtx: 3, Train: 81.06%, Valid: 72.63%, Test In: 73.86% Test OOD1: 65.06% Test OOD2: 54.25% Test OOD3: 61.93% 
Epoch: 354, Loss: 2.6224, Cls: 0.8743, Ind: 0.0000, Med: 0.4373, Spu: 0.0000, FD: 0.8740, FDAug: 0.4368, Var: 0.0000, Ctx: 6, MixCtx: 3, Train: 81.08%, Valid: 72.73%, Test In: 73.83% Test OOD1: 65.27% Test OOD2: 54.30% Test OOD3: 61.78% 
Epoch: 355, Loss: 2.6273, Cls: 0.8757, Ind: 0.0000, Med: 0.4379, Spu: 0.0000, FD: 0.8758, FDAug: 0.4379, Var: 0.0000, Ctx: 6, MixCtx: 3, Train: 81.08%, Valid: 73.04%, Test In: 74.18% Test OOD1: 66.13% Test OOD2: 54.34% Test OOD3: 62.46% 
Epoch: 356, Loss: 2.6285, Cls: 0.8761, Ind: 0.0000, Med: 0.4381, Spu: 0.0000, FD: 0.8762, FDAug: 0.4380, Var: 0.0000, Ctx: 6, MixCtx: 3, Train: 81.21%, Valid: 72.61%, Test In: 73.76% Test OOD1: 65.03% Test OOD2: 54.32% Test OOD3: 61.63% 
Epoch: 357, Loss: 2.6200, Cls: 0.8734, Ind: 0.0000, Med: 0.4368, Spu: 0.0000, FD: 0.8732, FDAug: 0.4367, Var: 0.0000, Ctx: 6, MixCtx: 3, Train: 81.16%, Valid: 72.48%, Test In: 73.72% Test OOD1: 64.71% Test OOD2: 54.27% Test OOD3: 61.62% 
Epoch: 358, Loss: 2.6185, Cls: 0.8729, Ind: 0.0000, Med: 0.4365, Spu: 0.0000, FD: 0.8728, FDAug: 0.4363, Var: 0.0000, Ctx: 6, MixCtx: 3, Train: 81.27%, Valid: 72.76%, Test In: 73.89% Test OOD1: 65.38% Test OOD2: 54.36% Test OOD3: 61.82% 
Epoch: 359, Loss: 2.6078, Cls: 0.8692, Ind: 0.0000, Med: 0.4347, Spu: 0.0000, FD: 0.8692, FDAug: 0.4347, Var: 0.0000, Ctx: 6, MixCtx: 3, Train: 81.31%, Valid: 72.80%, Test In: 73.97% Test OOD1: 65.53% Test OOD2: 54.37% Test OOD3: 61.91% 
Epoch: 360, Loss: 2.6041, Cls: 0.8679, Ind: 0.0000, Med: 0.4340, Spu: 0.0000, FD: 0.8681, FDAug: 0.4341, Var: 0.0000, Ctx: 6, MixCtx: 3, Train: 81.33%, Valid: 72.51%, Test In: 73.72% Test OOD1: 64.83% Test OOD2: 54.31% Test OOD3: 61.56% 
Epoch: 361, Loss: 2.6034, Cls: 0.8678, Ind: 0.0000, Med: 0.4340, Spu: 0.0000, FD: 0.8678, FDAug: 0.4338, Var: 0.0000, Ctx: 6, MixCtx: 3, Train: 81.41%, Valid: 72.54%, Test In: 73.68% Test OOD1: 64.91% Test OOD2: 54.36% Test OOD3: 61.51% 
Epoch: 362, Loss: 2.6021, Cls: 0.8674, Ind: 0.0000, Med: 0.4338, Spu: 0.0000, FD: 0.8672, FDAug: 0.4337, Var: 0.0000, Ctx: 6, MixCtx: 3, Train: 81.41%, Valid: 72.83%, Test In: 73.94% Test OOD1: 65.58% Test OOD2: 54.35% Test OOD3: 61.96% 
Epoch: 363, Loss: 2.6044, Cls: 0.8681, Ind: 0.0000, Med: 0.4341, Spu: 0.0000, FD: 0.8682, FDAug: 0.4340, Var: 0.0000, Ctx: 6, MixCtx: 3, Train: 81.41%, Valid: 72.45%, Test In: 73.47% Test OOD1: 64.72% Test OOD2: 54.26% Test OOD3: 61.25% 
Epoch: 364, Loss: 2.6108, Cls: 0.8702, Ind: 0.0000, Med: 0.4352, Spu: 0.0000, FD: 0.8702, FDAug: 0.4352, Var: 0.0000, Ctx: 6, MixCtx: 3, Train: 81.36%, Valid: 72.52%, Test In: 73.69% Test OOD1: 64.94% Test OOD2: 54.27% Test OOD3: 61.72% 
Epoch: 365, Loss: 2.6314, Cls: 0.8774, Ind: 0.0000, Med: 0.4389, Spu: 0.0000, FD: 0.8769, FDAug: 0.4382, Var: 0.0000, Ctx: 6, MixCtx: 3, Train: 81.43%, Valid: 72.26%, Test In: 73.27% Test OOD1: 64.57% Test OOD2: 54.27% Test OOD3: 60.95% 
Epoch: 366, Loss: 2.6738, Cls: 0.8912, Ind: 0.0000, Med: 0.4457, Spu: 0.0000, FD: 0.8910, FDAug: 0.4460, Var: 0.0000, Ctx: 6, MixCtx: 3, Train: 81.13%, Valid: 72.86%, Test In: 74.02% Test OOD1: 65.89% Test OOD2: 54.30% Test OOD3: 62.41% 
Epoch: 367, Loss: 2.7493, Cls: 0.9166, Ind: 0.0000, Med: 0.4584, Spu: 0.0000, FD: 0.9165, FDAug: 0.4578, Var: 0.0000, Ctx: 6, MixCtx: 3, Train: 81.09%, Valid: 71.91%, Test In: 72.96% Test OOD1: 64.16% Test OOD2: 54.18% Test OOD3: 60.62% 
Epoch: 368, Loss: 2.7932, Cls: 0.9324, Ind: 0.0000, Med: 0.4670, Spu: 0.0000, FD: 0.9288, FDAug: 0.4649, Var: 0.0000, Ctx: 6, MixCtx: 3, Train: 81.21%, Valid: 72.62%, Test In: 73.97% Test OOD1: 65.61% Test OOD2: 54.46% Test OOD3: 62.25% 
Epoch: 369, Loss: 2.6612, Cls: 0.8859, Ind: 0.0000, Med: 0.4425, Spu: 0.0000, FD: 0.8888, FDAug: 0.4440, Var: 0.0000, Ctx: 6, MixCtx: 3, Train: 81.32%, Valid: 72.84%, Test In: 74.13% Test OOD1: 66.15% Test OOD2: 54.52% Test OOD3: 62.45% 
Epoch: 370, Loss: 2.6444, Cls: 0.8807, Ind: 0.0000, Med: 0.4399, Spu: 0.0000, FD: 0.8828, FDAug: 0.4409, Var: 0.0000, Ctx: 6, MixCtx: 3, Train: 80.98%, Valid: 72.57%, Test In: 73.67% Test OOD1: 65.67% Test OOD2: 54.33% Test OOD3: 61.59% 
Epoch: 371, Loss: 2.7256, Cls: 0.9091, Ind: 0.0000, Med: 0.4550, Spu: 0.0000, FD: 0.9073, FDAug: 0.4542, Var: 0.0000, Ctx: 6, MixCtx: 3, Train: 80.91%, Valid: 72.99%, Test In: 74.13% Test OOD1: 66.82% Test OOD2: 54.41% Test OOD3: 62.77% 
Epoch: 372, Loss: 2.6385, Cls: 0.8794, Ind: 0.0000, Med: 0.4397, Spu: 0.0000, FD: 0.8797, FDAug: 0.4397, Var: 0.0000, Ctx: 6, MixCtx: 3, Train: 81.43%, Valid: 72.68%, Test In: 73.82% Test OOD1: 65.61% Test OOD2: 54.33% Test OOD3: 61.99% 
Epoch: 373, Loss: 2.6198, Cls: 0.8734, Ind: 0.0000, Med: 0.4368, Spu: 0.0000, FD: 0.8732, FDAug: 0.4363, Var: 0.0000, Ctx: 6, MixCtx: 3, Train: 81.47%, Valid: 72.11%, Test In: 73.16% Test OOD1: 64.28% Test OOD2: 54.21% Test OOD3: 60.74% 
Epoch: 374, Loss: 2.6501, Cls: 0.8823, Ind: 0.0000, Med: 0.4407, Spu: 0.0000, FD: 0.8846, FDAug: 0.4425, Var: 0.0000, Ctx: 6, MixCtx: 3, Train: 81.33%, Valid: 72.91%, Test In: 73.80% Test OOD1: 66.01% Test OOD2: 54.24% Test OOD3: 62.07% 
Epoch: 375, Loss: 2.6160, Cls: 0.8727, Ind: 0.0000, Med: 0.4369, Spu: 0.0000, FD: 0.8710, FDAug: 0.4354, Var: 0.0000, Ctx: 6, MixCtx: 3, Train: 81.45%, Valid: 72.78%, Test In: 73.46% Test OOD1: 65.35% Test OOD2: 54.10% Test OOD3: 61.54% 
Epoch: 376, Loss: 2.5967, Cls: 0.8656, Ind: 0.0000, Med: 0.4330, Spu: 0.0000, FD: 0.8654, FDAug: 0.4327, Var: 0.0000, Ctx: 6, MixCtx: 3, Train: 81.42%, Valid: 72.09%, Test In: 72.94% Test OOD1: 63.98% Test OOD2: 54.01% Test OOD3: 60.54% 
Epoch: 377, Loss: 2.6054, Cls: 0.8682, Ind: 0.0000, Med: 0.4341, Spu: 0.0000, FD: 0.8687, FDAug: 0.4344, Var: 0.0000, Ctx: 6, MixCtx: 3, Train: 81.33%, Valid: 72.51%, Test In: 73.44% Test OOD1: 65.15% Test OOD2: 54.12% Test OOD3: 61.52% 
Epoch: 378, Loss: 2.6165, Cls: 0.8724, Ind: 0.0000, Med: 0.4364, Spu: 0.0000, FD: 0.8718, FDAug: 0.4359, Var: 0.0000, Ctx: 6, MixCtx: 3, Train: 81.77%, Valid: 72.50%, Test In: 73.41% Test OOD1: 65.03% Test OOD2: 54.21% Test OOD3: 61.12% 
Epoch: 379, Loss: 2.6034, Cls: 0.8679, Ind: 0.0000, Med: 0.4342, Spu: 0.0000, FD: 0.8674, FDAug: 0.4339, Var: 0.0000, Ctx: 6, MixCtx: 3, Train: 81.61%, Valid: 72.81%, Test In: 73.76% Test OOD1: 65.74% Test OOD2: 54.26% Test OOD3: 61.91% 
Epoch: 380, Loss: 2.6017, Cls: 0.8666, Ind: 0.0000, Med: 0.4331, Spu: 0.0000, FD: 0.8681, FDAug: 0.4339, Var: 0.0000, Ctx: 6, MixCtx: 3, Train: 81.87%, Valid: 72.48%, Test In: 73.54% Test OOD1: 65.03% Test OOD2: 54.31% Test OOD3: 61.38% 
Epoch: 381, Loss: 2.5825, Cls: 0.8614, Ind: 0.0000, Med: 0.4311, Spu: 0.0000, FD: 0.8599, FDAug: 0.4300, Var: 0.0000, Ctx: 6, MixCtx: 3, Train: 81.68%, Valid: 72.45%, Test In: 73.63% Test OOD1: 65.17% Test OOD2: 54.37% Test OOD3: 61.59% 
Epoch: 382, Loss: 2.5846, Cls: 0.8616, Ind: 0.0000, Med: 0.4310, Spu: 0.0000, FD: 0.8614, FDAug: 0.4307, Var: 0.0000, Ctx: 6, MixCtx: 3, Train: 81.90%, Valid: 72.46%, Test In: 73.67% Test OOD1: 65.14% Test OOD2: 54.35% Test OOD3: 61.59% 
Epoch: 383, Loss: 2.5766, Cls: 0.8585, Ind: 0.0000, Med: 0.4292, Spu: 0.0000, FD: 0.8593, FDAug: 0.4296, Var: 0.0000, Ctx: 6, MixCtx: 3, Train: 81.76%, Valid: 72.34%, Test In: 73.34% Test OOD1: 64.69% Test OOD2: 54.21% Test OOD3: 61.12% 
Epoch: 384, Loss: 2.5882, Cls: 0.8629, Ind: 0.0000, Med: 0.4317, Spu: 0.0000, FD: 0.8623, FDAug: 0.4312, Var: 0.0000, Ctx: 6, MixCtx: 3, Train: 81.92%, Valid: 72.52%, Test In: 73.62% Test OOD1: 65.26% Test OOD2: 54.26% Test OOD3: 61.59% 
Epoch: 385, Loss: 2.5840, Cls: 0.8613, Ind: 0.0000, Med: 0.4307, Spu: 0.0000, FD: 0.8614, FDAug: 0.4306, Var: 0.0000, Ctx: 6, MixCtx: 3, Train: 81.84%, Valid: 71.69%, Test In: 72.71% Test OOD1: 63.67% Test OOD2: 54.06% Test OOD3: 60.41% 
Epoch: 386, Loss: 2.6027, Cls: 0.8671, Ind: 0.0000, Med: 0.4335, Spu: 0.0000, FD: 0.8679, FDAug: 0.4341, Var: 0.0000, Ctx: 6, MixCtx: 3, Train: 81.95%, Valid: 72.23%, Test In: 73.19% Test OOD1: 64.51% Test OOD2: 54.06% Test OOD3: 61.23% 
Epoch: 387, Loss: 2.6247, Cls: 0.8758, Ind: 0.0000, Med: 0.4385, Spu: 0.0000, FD: 0.8736, FDAug: 0.4367, Var: 0.0000, Ctx: 6, MixCtx: 3, Train: 81.36%, Valid: 72.02%, Test In: 72.76% Test OOD1: 64.51% Test OOD2: 53.84% Test OOD3: 60.82% 
Epoch: 388, Loss: 2.7296, Cls: 0.9084, Ind: 0.0000, Med: 0.4537, Spu: 0.0000, FD: 0.9114, FDAug: 0.4561, Var: 0.0000, Ctx: 6, MixCtx: 3, Train: 81.35%, Valid: 72.39%, Test In: 73.57% Test OOD1: 65.38% Test OOD2: 54.15% Test OOD3: 62.07% 
Epoch: 389, Loss: 2.8216, Cls: 0.9409, Ind: 0.0000, Med: 0.4706, Spu: 0.0000, FD: 0.9403, FDAug: 0.4698, Var: 0.0000, Ctx: 6, MixCtx: 3, Train: 81.15%, Valid: 70.56%, Test In: 71.80% Test OOD1: 62.27% Test OOD2: 53.93% Test OOD3: 59.57% 
Epoch: 390, Loss: 2.7864, Cls: 0.9297, Ind: 0.0000, Med: 0.4655, Spu: 0.0000, FD: 0.9273, FDAug: 0.4639, Var: 0.0000, Ctx: 6, MixCtx: 3, Train: 81.87%, Valid: 72.24%, Test In: 73.54% Test OOD1: 65.17% Test OOD2: 54.37% Test OOD3: 61.46% 
Epoch: 391, Loss: 2.6371, Cls: 0.8796, Ind: 0.0000, Med: 0.4401, Spu: 0.0000, FD: 0.8782, FDAug: 0.4391, Var: 0.0000, Ctx: 6, MixCtx: 3, Train: 80.08%, Valid: 72.81%, Test In: 73.96% Test OOD1: 67.51% Test OOD2: 54.30% Test OOD3: 63.28% 
Epoch: 392, Loss: 2.8472, Cls: 0.9478, Ind: 0.0000, Med: 0.4734, Spu: 0.0000, FD: 0.9508, FDAug: 0.4752, Var: 0.0000, Ctx: 6, MixCtx: 3, Train: 80.31%, Valid: 72.36%, Test In: 73.58% Test OOD1: 65.94% Test OOD2: 54.22% Test OOD3: 62.07% 
Epoch: 393, Loss: 2.6879, Cls: 0.8962, Ind: 0.0000, Med: 0.4483, Spu: 0.0000, FD: 0.8955, FDAug: 0.4478, Var: 0.0000, Ctx: 6, MixCtx: 3, Train: 81.09%, Valid: 71.92%, Test In: 73.35% Test OOD1: 64.68% Test OOD2: 54.23% Test OOD3: 61.13% 
Epoch: 394, Loss: 2.7200, Cls: 0.9068, Ind: 0.0000, Med: 0.4535, Spu: 0.0000, FD: 0.9065, FDAug: 0.4532, Var: 0.0000, Ctx: 6, MixCtx: 3, Train: 81.27%, Valid: 72.29%, Test In: 73.76% Test OOD1: 65.59% Test OOD2: 54.40% Test OOD3: 62.08% 
Epoch: 395, Loss: 2.6623, Cls: 0.8869, Ind: 0.0000, Med: 0.4432, Spu: 0.0000, FD: 0.8883, FDAug: 0.4438, Var: 0.0000, Ctx: 6, MixCtx: 3, Train: 80.63%, Valid: 72.51%, Test In: 73.95% Test OOD1: 66.25% Test OOD2: 54.28% Test OOD3: 62.43% 
Epoch: 396, Loss: 2.6875, Cls: 0.8964, Ind: 0.0000, Med: 0.4486, Spu: 0.0000, FD: 0.8952, FDAug: 0.4474, Var: 0.0000, Ctx: 6, MixCtx: 3, Train: 81.34%, Valid: 72.18%, Test In: 73.47% Test OOD1: 65.12% Test OOD2: 54.14% Test OOD3: 61.11% 
Epoch: 397, Loss: 2.6730, Cls: 0.8892, Ind: 0.0000, Med: 0.4439, Spu: 0.0000, FD: 0.8930, FDAug: 0.4469, Var: 0.0000, Ctx: 6, MixCtx: 3, Train: 81.16%, Valid: 72.49%, Test In: 73.49% Test OOD1: 65.55% Test OOD2: 54.05% Test OOD3: 61.50% 
Epoch: 398, Loss: 2.6146, Cls: 0.8712, Ind: 0.0000, Med: 0.4356, Spu: 0.0000, FD: 0.8719, FDAug: 0.4360, Var: 0.0000, Ctx: 6, MixCtx: 3, Train: 81.48%, Valid: 72.67%, Test In: 73.53% Test OOD1: 65.86% Test OOD2: 53.93% Test OOD3: 62.01% 
Epoch: 399, Loss: 2.6863, Cls: 0.8975, Ind: 0.0000, Med: 0.4499, Spu: 0.0000, FD: 0.8926, FDAug: 0.4464, Var: 0.0000, Ctx: 6, MixCtx: 3, Train: 81.35%, Valid: 72.06%, Test In: 72.94% Test OOD1: 64.66% Test OOD2: 53.96% Test OOD3: 60.77% 
Epoch: 400, Loss: 2.6666, Cls: 0.8875, Ind: 0.0000, Med: 0.4432, Spu: 0.0000, FD: 0.8903, FDAug: 0.4456, Var: 0.0000, Ctx: 6, MixCtx: 3, Train: 81.82%, Valid: 72.15%, Test In: 72.95% Test OOD1: 64.45% Test OOD2: 53.94% Test OOD3: 61.05% 
Epoch: 401, Loss: 2.5829, Cls: 0.8610, Ind: 0.0000, Med: 0.4306, Spu: 0.0000, FD: 0.8609, FDAug: 0.4304, Var: 0.0000, Ctx: 6, MixCtx: 3, Train: 82.00%, Valid: 72.41%, Test In: 73.18% Test OOD1: 64.93% Test OOD2: 53.92% Test OOD3: 61.56% 
Epoch: 402, Loss: 2.6426, Cls: 0.8803, Ind: 0.0000, Med: 0.4400, Spu: 0.0000, FD: 0.8817, FDAug: 0.4405, Var: 0.0000, Ctx: 6, MixCtx: 3, Train: 81.85%, Valid: 72.65%, Test In: 73.33% Test OOD1: 65.40% Test OOD2: 53.99% Test OOD3: 61.63% 
Epoch: 403, Loss: 2.5911, Cls: 0.8644, Ind: 0.0000, Med: 0.4327, Spu: 0.0000, FD: 0.8626, FDAug: 0.4314, Var: 0.0000, Ctx: 6, MixCtx: 3, Train: 81.88%, Valid: 72.64%, Test In: 73.69% Test OOD1: 66.01% Test OOD2: 54.18% Test OOD3: 61.89% 
Epoch: 404, Loss: 2.5839, Cls: 0.8619, Ind: 0.0000, Med: 0.4315, Spu: 0.0000, FD: 0.8603, FDAug: 0.4303, Var: 0.0000, Ctx: 6, MixCtx: 3, Train: 81.32%, Valid: 72.27%, Test In: 73.59% Test OOD1: 65.76% Test OOD2: 54.08% Test OOD3: 61.96% 
Epoch: 405, Loss: 2.6127, Cls: 0.8699, Ind: 0.0000, Med: 0.4346, Spu: 0.0000, FD: 0.8722, FDAug: 0.4360, Var: 0.0000, Ctx: 6, MixCtx: 3, Train: 81.50%, Valid: 71.63%, Test In: 72.70% Test OOD1: 63.85% Test OOD2: 53.96% Test OOD3: 60.73% 
Epoch: 406, Loss: 2.6047, Cls: 0.8686, Ind: 0.0000, Med: 0.4346, Spu: 0.0000, FD: 0.8676, FDAug: 0.4338, Var: 0.0000, Ctx: 6, MixCtx: 3, Train: 82.07%, Valid: 72.37%, Test In: 73.33% Test OOD1: 65.00% Test OOD2: 54.09% Test OOD3: 61.45% 
Epoch: 407, Loss: 2.5697, Cls: 0.8567, Ind: 0.0000, Med: 0.4285, Spu: 0.0000, FD: 0.8563, FDAug: 0.4282, Var: 0.0000, Ctx: 6, MixCtx: 3, Train: 81.60%, Valid: 72.78%, Test In: 73.66% Test OOD1: 65.99% Test OOD2: 54.12% Test OOD3: 62.23% 
Epoch: 408, Loss: 2.6032, Cls: 0.8675, Ind: 0.0000, Med: 0.4338, Spu: 0.0000, FD: 0.8680, FDAug: 0.4340, Var: 0.0000, Ctx: 6, MixCtx: 3, Train: 82.16%, Valid: 71.82%, Test In: 72.60% Test OOD1: 63.53% Test OOD2: 53.85% Test OOD3: 60.65% 
Epoch: 409, Loss: 2.5639, Cls: 0.8544, Ind: 0.0000, Med: 0.4272, Spu: 0.0000, FD: 0.8548, FDAug: 0.4274, Var: 0.0000, Ctx: 6, MixCtx: 3, Train: 82.01%, Valid: 71.22%, Test In: 72.12% Test OOD1: 62.59% Test OOD2: 53.78% Test OOD3: 60.06% 
Epoch: 410, Loss: 2.5708, Cls: 0.8571, Ind: 0.0000, Med: 0.4287, Spu: 0.0000, FD: 0.8567, FDAug: 0.4283, Var: 0.0000, Ctx: 6, MixCtx: 3, Train: 82.20%, Valid: 72.44%, Test In: 73.33% Test OOD1: 65.09% Test OOD2: 54.03% Test OOD3: 61.46% 
Epoch: 411, Loss: 2.5637, Cls: 0.8550, Ind: 0.0000, Med: 0.4279, Spu: 0.0000, FD: 0.8539, FDAug: 0.4269, Var: 0.0000, Ctx: 6, MixCtx: 3, Train: 82.22%, Valid: 72.25%, Test In: 73.07% Test OOD1: 64.69% Test OOD2: 53.92% Test OOD3: 61.03% 
Epoch: 412, Loss: 2.5747, Cls: 0.8574, Ind: 0.0000, Med: 0.4284, Spu: 0.0000, FD: 0.8591, FDAug: 0.4297, Var: 0.0000, Ctx: 6, MixCtx: 3, Train: 82.25%, Valid: 71.99%, Test In: 72.94% Test OOD1: 64.24% Test OOD2: 53.90% Test OOD3: 61.08% 
Epoch: 413, Loss: 2.5618, Cls: 0.8546, Ind: 0.0000, Med: 0.4277, Spu: 0.0000, FD: 0.8531, FDAug: 0.4265, Var: 0.0000, Ctx: 6, MixCtx: 3, Train: 82.39%, Valid: 71.67%, Test In: 72.76% Test OOD1: 63.88% Test OOD2: 53.98% Test OOD3: 60.88% 
Epoch: 414, Loss: 2.5434, Cls: 0.8480, Ind: 0.0000, Med: 0.4242, Spu: 0.0000, FD: 0.8474, FDAug: 0.4237, Var: 0.0000, Ctx: 6, MixCtx: 3, Train: 82.34%, Valid: 72.05%, Test In: 73.08% Test OOD1: 64.77% Test OOD2: 54.11% Test OOD3: 61.36% 
Epoch: 415, Loss: 2.5463, Cls: 0.8489, Ind: 0.0000, Med: 0.4247, Spu: 0.0000, FD: 0.8484, FDAug: 0.4242, Var: 0.0000, Ctx: 6, MixCtx: 3, Train: 82.44%, Valid: 72.23%, Test In: 73.32% Test OOD1: 65.16% Test OOD2: 54.16% Test OOD3: 61.74% 
Epoch: 416, Loss: 2.5458, Cls: 0.8484, Ind: 0.0000, Med: 0.4242, Spu: 0.0000, FD: 0.8488, FDAug: 0.4243, Var: 0.0000, Ctx: 6, MixCtx: 3, Train: 82.45%, Valid: 71.75%, Test In: 72.88% Test OOD1: 64.35% Test OOD2: 54.05% Test OOD3: 61.05% 
Epoch: 417, Loss: 2.5420, Cls: 0.8478, Ind: 0.0000, Med: 0.4243, Spu: 0.0000, FD: 0.8466, FDAug: 0.4233, Var: 0.0000, Ctx: 6, MixCtx: 3, Train: 82.61%, Valid: 71.79%, Test In: 72.95% Test OOD1: 64.68% Test OOD2: 54.13% Test OOD3: 61.28% 
Epoch: 418, Loss: 2.5277, Cls: 0.8427, Ind: 0.0000, Med: 0.4216, Spu: 0.0000, FD: 0.8423, FDAug: 0.4211, Var: 0.0000, Ctx: 6, MixCtx: 3, Train: 82.60%, Valid: 71.88%, Test In: 72.96% Test OOD1: 64.88% Test OOD2: 54.09% Test OOD3: 61.32% 
Epoch: 419, Loss: 2.5297, Cls: 0.8431, Ind: 0.0000, Med: 0.4216, Spu: 0.0000, FD: 0.8433, FDAug: 0.4217, Var: 0.0000, Ctx: 6, MixCtx: 3, Train: 82.52%, Valid: 71.49%, Test In: 72.40% Test OOD1: 63.94% Test OOD2: 53.94% Test OOD3: 60.60% 
Epoch: 420, Loss: 2.5368, Cls: 0.8459, Ind: 0.0000, Med: 0.4232, Spu: 0.0000, FD: 0.8451, FDAug: 0.4226, Var: 0.0000, Ctx: 6, MixCtx: 3, Train: 82.74%, Valid: 71.68%, Test In: 72.62% Test OOD1: 64.32% Test OOD2: 54.01% Test OOD3: 60.95% 
Epoch: 421, Loss: 2.5384, Cls: 0.8459, Ind: 0.0000, Med: 0.4229, Spu: 0.0000, FD: 0.8465, FDAug: 0.4231, Var: 0.0000, Ctx: 6, MixCtx: 3, Train: 82.58%, Valid: 71.52%, Test In: 72.43% Test OOD1: 64.18% Test OOD2: 53.94% Test OOD3: 60.56% 
Epoch: 422, Loss: 2.5562, Cls: 0.8524, Ind: 0.0000, Med: 0.4264, Spu: 0.0000, FD: 0.8516, FDAug: 0.4259, Var: 0.0000, Ctx: 6, MixCtx: 3, Train: 82.70%, Valid: 71.49%, Test In: 72.52% Test OOD1: 63.99% Test OOD2: 54.07% Test OOD3: 60.78% 
Epoch: 423, Loss: 2.5539, Cls: 0.8510, Ind: 0.0000, Med: 0.4254, Spu: 0.0000, FD: 0.8516, FDAug: 0.4258, Var: 0.0000, Ctx: 6, MixCtx: 3, Train: 82.78%, Valid: 71.46%, Test In: 72.45% Test OOD1: 63.82% Test OOD2: 53.96% Test OOD3: 60.25% 
Epoch: 424, Loss: 2.5531, Cls: 0.8512, Ind: 0.0000, Med: 0.4258, Spu: 0.0000, FD: 0.8506, FDAug: 0.4255, Var: 0.0000, Ctx: 6, MixCtx: 3, Train: 82.74%, Valid: 72.04%, Test In: 73.14% Test OOD1: 65.01% Test OOD2: 54.25% Test OOD3: 61.31% 
Epoch: 425, Loss: 2.5432, Cls: 0.8476, Ind: 0.0000, Med: 0.4238, Spu: 0.0000, FD: 0.8479, FDAug: 0.4239, Var: 0.0000, Ctx: 6, MixCtx: 3, Train: 82.91%, Valid: 71.16%, Test In: 72.29% Test OOD1: 63.32% Test OOD2: 53.98% Test OOD3: 60.11% 
Epoch: 426, Loss: 2.5266, Cls: 0.8422, Ind: 0.0000, Med: 0.4212, Spu: 0.0000, FD: 0.8422, FDAug: 0.4211, Var: 0.0000, Ctx: 6, MixCtx: 3, Train: 82.98%, Valid: 71.32%, Test In: 72.44% Test OOD1: 63.53% Test OOD2: 54.02% Test OOD3: 60.35% 
Epoch: 427, Loss: 2.5098, Cls: 0.8366, Ind: 0.0000, Med: 0.4184, Spu: 0.0000, FD: 0.8365, FDAug: 0.4182, Var: 0.0000, Ctx: 6, MixCtx: 3, Train: 82.93%, Valid: 71.95%, Test In: 72.93% Test OOD1: 64.66% Test OOD2: 54.11% Test OOD3: 60.95% 
Epoch: 428, Loss: 2.5126, Cls: 0.8377, Ind: 0.0000, Med: 0.4190, Spu: 0.0000, FD: 0.8373, FDAug: 0.4186, Var: 0.0000, Ctx: 6, MixCtx: 3, Train: 83.06%, Valid: 71.32%, Test In: 72.22% Test OOD1: 63.47% Test OOD2: 53.82% Test OOD3: 60.02% 
Epoch: 429, Loss: 2.5221, Cls: 0.8401, Ind: 0.0000, Med: 0.4199, Spu: 0.0000, FD: 0.8414, FDAug: 0.4207, Var: 0.0000, Ctx: 6, MixCtx: 3, Train: 82.88%, Valid: 71.34%, Test In: 72.15% Test OOD1: 63.56% Test OOD2: 53.93% Test OOD3: 60.48% 
Epoch: 430, Loss: 2.5703, Cls: 0.8579, Ind: 0.0000, Med: 0.4296, Spu: 0.0000, FD: 0.8553, FDAug: 0.4275, Var: 0.0000, Ctx: 6, MixCtx: 3, Train: 82.29%, Valid: 71.39%, Test In: 72.06% Test OOD1: 63.85% Test OOD2: 53.70% Test OOD3: 60.11% 
Epoch: 431, Loss: 2.6871, Cls: 0.8946, Ind: 0.0000, Med: 0.4469, Spu: 0.0000, FD: 0.8971, FDAug: 0.4486, Var: 0.0000, Ctx: 6, MixCtx: 3, Train: 82.66%, Valid: 71.91%, Test In: 72.84% Test OOD1: 64.91% Test OOD2: 54.14% Test OOD3: 61.47% 
Epoch: 432, Loss: 2.6826, Cls: 0.8944, Ind: 0.0000, Med: 0.4474, Spu: 0.0000, FD: 0.8940, FDAug: 0.4468, Var: 0.0000, Ctx: 6, MixCtx: 3, Train: 82.77%, Valid: 70.90%, Test In: 71.82% Test OOD1: 62.95% Test OOD2: 53.82% Test OOD3: 59.89% 
Epoch: 433, Loss: 2.5971, Cls: 0.8663, Ind: 0.0000, Med: 0.4335, Spu: 0.0000, FD: 0.8649, FDAug: 0.4324, Var: 0.0000, Ctx: 6, MixCtx: 3, Train: 82.66%, Valid: 71.85%, Test In: 72.80% Test OOD1: 64.66% Test OOD2: 54.03% Test OOD3: 60.96% 
Epoch: 434, Loss: 2.5661, Cls: 0.8559, Ind: 0.0000, Med: 0.4284, Spu: 0.0000, FD: 0.8546, FDAug: 0.4273, Var: 0.0000, Ctx: 6, MixCtx: 3, Train: 81.94%, Valid: 72.40%, Test In: 73.50% Test OOD1: 66.16% Test OOD2: 54.30% Test OOD3: 62.13% 
Epoch: 435, Loss: 2.6615, Cls: 0.8859, Ind: 0.0000, Med: 0.4425, Spu: 0.0000, FD: 0.8888, FDAug: 0.4444, Var: 0.0000, Ctx: 6, MixCtx: 3, Train: 82.18%, Valid: 70.99%, Test In: 72.06% Test OOD1: 62.83% Test OOD2: 53.71% Test OOD3: 59.69% 
Epoch: 436, Loss: 2.6055, Cls: 0.8689, Ind: 0.0000, Med: 0.4348, Spu: 0.0000, FD: 0.8679, FDAug: 0.4340, Var: 0.0000, Ctx: 6, MixCtx: 3, Train: 82.44%, Valid: 71.23%, Test In: 72.23% Test OOD1: 63.25% Test OOD2: 53.72% Test OOD3: 59.97% 
Epoch: 437, Loss: 2.5534, Cls: 0.8511, Ind: 0.0000, Med: 0.4256, Spu: 0.0000, FD: 0.8511, FDAug: 0.4255, Var: 0.0000, Ctx: 6, MixCtx: 3, Train: 82.35%, Valid: 72.43%, Test In: 73.23% Test OOD1: 65.87% Test OOD2: 54.14% Test OOD3: 61.93% 
Epoch: 438, Loss: 2.6457, Cls: 0.8824, Ind: 0.0000, Med: 0.4415, Spu: 0.0000, FD: 0.8813, FDAug: 0.4406, Var: 0.0000, Ctx: 6, MixCtx: 3, Train: 82.57%, Valid: 71.43%, Test In: 72.17% Test OOD1: 63.70% Test OOD2: 53.62% Test OOD3: 60.16% 
Epoch: 439, Loss: 2.6304, Cls: 0.8766, Ind: 0.0000, Med: 0.4382, Spu: 0.0000, FD: 0.8771, FDAug: 0.4385, Var: 0.0000, Ctx: 6, MixCtx: 3, Train: 82.37%, Valid: 70.55%, Test In: 71.30% Test OOD1: 62.45% Test OOD2: 53.47% Test OOD3: 59.78% 
Epoch: 440, Loss: 2.5705, Cls: 0.8570, Ind: 0.0000, Med: 0.4287, Spu: 0.0000, FD: 0.8565, FDAug: 0.4282, Var: 0.0000, Ctx: 6, MixCtx: 3, Train: 83.07%, Valid: 72.12%, Test In: 72.79% Test OOD1: 65.04% Test OOD2: 53.93% Test OOD3: 61.44% 
Epoch: 441, Loss: 2.5246, Cls: 0.8418, Ind: 0.0000, Med: 0.4211, Spu: 0.0000, FD: 0.8411, FDAug: 0.4205, Var: 0.0000, Ctx: 6, MixCtx: 3, Train: 82.34%, Valid: 72.34%, Test In: 73.07% Test OOD1: 65.59% Test OOD2: 53.98% Test OOD3: 61.44% 
Epoch: 442, Loss: 2.5812, Cls: 0.8598, Ind: 0.0000, Med: 0.4297, Spu: 0.0000, FD: 0.8611, FDAug: 0.4306, Var: 0.0000, Ctx: 6, MixCtx: 3, Train: 83.03%, Valid: 72.11%, Test In: 73.01% Test OOD1: 65.13% Test OOD2: 54.07% Test OOD3: 61.35% 
Epoch: 443, Loss: 2.5053, Cls: 0.8350, Ind: 0.0000, Med: 0.4175, Spu: 0.0000, FD: 0.8352, FDAug: 0.4176, Var: 0.0000, Ctx: 6, MixCtx: 3, Train: 82.60%, Valid: 71.04%, Test In: 72.07% Test OOD1: 63.23% Test OOD2: 53.94% Test OOD3: 60.48% 
Epoch: 444, Loss: 2.5562, Cls: 0.8523, Ind: 0.0000, Med: 0.4263, Spu: 0.0000, FD: 0.8517, FDAug: 0.4258, Var: 0.0000, Ctx: 6, MixCtx: 3, Train: 83.19%, Valid: 71.51%, Test In: 72.49% Test OOD1: 63.89% Test OOD2: 53.90% Test OOD3: 60.67% 
Epoch: 445, Loss: 2.5204, Cls: 0.8399, Ind: 0.0000, Med: 0.4199, Spu: 0.0000, FD: 0.8404, FDAug: 0.4202, Var: 0.0000, Ctx: 6, MixCtx: 3, Train: 82.76%, Valid: 72.02%, Test In: 72.96% Test OOD1: 65.07% Test OOD2: 54.05% Test OOD3: 61.44% 
Epoch: 446, Loss: 2.5162, Cls: 0.8386, Ind: 0.0000, Med: 0.4193, Spu: 0.0000, FD: 0.8388, FDAug: 0.4194, Var: 0.0000, Ctx: 6, MixCtx: 3, Train: 83.27%, Valid: 71.44%, Test In: 72.36% Test OOD1: 63.72% Test OOD2: 53.92% Test OOD3: 60.65% 
Epoch: 447, Loss: 2.5028, Cls: 0.8344, Ind: 0.0000, Med: 0.4173, Spu: 0.0000, FD: 0.8341, FDAug: 0.4170, Var: 0.0000, Ctx: 6, MixCtx: 3, Train: 83.20%, Valid: 70.83%, Test In: 71.65% Test OOD1: 62.45% Test OOD2: 53.59% Test OOD3: 59.60% 
Epoch: 448, Loss: 2.5281, Cls: 0.8427, Ind: 0.0000, Med: 0.4215, Spu: 0.0000, FD: 0.8425, FDAug: 0.4214, Var: 0.0000, Ctx: 6, MixCtx: 3, Train: 83.13%, Valid: 71.89%, Test In: 72.68% Test OOD1: 64.70% Test OOD2: 53.97% Test OOD3: 61.23% 
Epoch: 449, Loss: 2.5258, Cls: 0.8414, Ind: 0.0000, Med: 0.4206, Spu: 0.0000, FD: 0.8425, FDAug: 0.4213, Var: 0.0000, Ctx: 6, MixCtx: 3, Train: 83.34%, Valid: 70.96%, Test In: 71.79% Test OOD1: 62.95% Test OOD2: 53.57% Test OOD3: 60.08% 
Epoch: 450, Loss: 2.4940, Cls: 0.8317, Ind: 0.0000, Med: 0.4162, Spu: 0.0000, FD: 0.8307, FDAug: 0.4153, Var: 0.0000, Ctx: 6, MixCtx: 3, Train: 83.34%, Valid: 70.72%, Test In: 71.66% Test OOD1: 62.62% Test OOD2: 53.67% Test OOD3: 60.04% 
Epoch: 451, Loss: 2.4897, Cls: 0.8298, Ind: 0.0000, Med: 0.4149, Spu: 0.0000, FD: 0.8300, FDAug: 0.4150, Var: 0.0000, Ctx: 6, MixCtx: 3, Train: 83.42%, Valid: 71.62%, Test In: 72.53% Test OOD1: 64.28% Test OOD2: 53.94% Test OOD3: 60.81% 
Epoch: 452, Loss: 2.4812, Cls: 0.8271, Ind: 0.0000, Med: 0.4137, Spu: 0.0000, FD: 0.8269, FDAug: 0.4135, Var: 0.0000, Ctx: 6, MixCtx: 3, Train: 83.59%, Valid: 71.51%, Test In: 72.49% Test OOD1: 64.01% Test OOD2: 53.94% Test OOD3: 60.66% 
Epoch: 453, Loss: 2.4679, Cls: 0.8227, Ind: 0.0000, Med: 0.4115, Spu: 0.0000, FD: 0.8225, FDAug: 0.4113, Var: 0.0000, Ctx: 6, MixCtx: 3, Train: 83.37%, Valid: 70.82%, Test In: 71.87% Test OOD1: 62.88% Test OOD2: 53.83% Test OOD3: 60.11% 
Epoch: 454, Loss: 2.4827, Cls: 0.8276, Ind: 0.0000, Med: 0.4139, Spu: 0.0000, FD: 0.8274, FDAug: 0.4137, Var: 0.0000, Ctx: 6, MixCtx: 3, Train: 83.62%, Valid: 71.20%, Test In: 72.15% Test OOD1: 63.68% Test OOD2: 53.84% Test OOD3: 60.44% 
Epoch: 455, Loss: 2.4716, Cls: 0.8240, Ind: 0.0000, Med: 0.4121, Spu: 0.0000, FD: 0.8236, FDAug: 0.4119, Var: 0.0000, Ctx: 6, MixCtx: 3, Train: 83.67%, Valid: 71.40%, Test In: 72.31% Test OOD1: 64.04% Test OOD2: 53.94% Test OOD3: 60.77% 
Epoch: 456, Loss: 2.4722, Cls: 0.8240, Ind: 0.0000, Med: 0.4120, Spu: 0.0000, FD: 0.8241, FDAug: 0.4121, Var: 0.0000, Ctx: 6, MixCtx: 3, Train: 83.43%, Valid: 70.45%, Test In: 71.29% Test OOD1: 62.29% Test OOD2: 53.57% Test OOD3: 59.38% 
Epoch: 457, Loss: 2.4878, Cls: 0.8293, Ind: 0.0000, Med: 0.4148, Spu: 0.0000, FD: 0.8292, FDAug: 0.4146, Var: 0.0000, Ctx: 6, MixCtx: 3, Train: 83.79%, Valid: 71.34%, Test In: 72.14% Test OOD1: 63.75% Test OOD2: 53.87% Test OOD3: 60.49% 
Epoch: 458, Loss: 2.4767, Cls: 0.8255, Ind: 0.0000, Med: 0.4128, Spu: 0.0000, FD: 0.8257, FDAug: 0.4128, Var: 0.0000, Ctx: 6, MixCtx: 3, Train: 83.59%, Valid: 70.99%, Test In: 71.73% Test OOD1: 63.18% Test OOD2: 53.64% Test OOD3: 59.74% 
Epoch: 459, Loss: 2.5220, Cls: 0.8402, Ind: 0.0000, Med: 0.4199, Spu: 0.0000, FD: 0.8413, FDAug: 0.4206, Var: 0.0000, Ctx: 6, MixCtx: 3, Train: 83.28%, Valid: 70.75%, Test In: 71.64% Test OOD1: 62.87% Test OOD2: 53.91% Test OOD3: 60.17% 
Epoch: 460, Loss: 2.6176, Cls: 0.8721, Ind: 0.0000, Med: 0.4360, Spu: 0.0000, FD: 0.8729, FDAug: 0.4365, Var: 0.0000, Ctx: 6, MixCtx: 3, Train: 82.39%, Valid: 70.57%, Test In: 71.32% Test OOD1: 62.62% Test OOD2: 53.47% Test OOD3: 59.14% 
Epoch: 461, Loss: 2.7714, Cls: 0.9244, Ind: 0.0000, Med: 0.4626, Spu: 0.0000, FD: 0.9230, FDAug: 0.4614, Var: 0.0000, Ctx: 6, MixCtx: 3, Train: 82.86%, Valid: 71.89%, Test In: 72.91% Test OOD1: 64.94% Test OOD2: 54.23% Test OOD3: 61.28% 
Epoch: 462, Loss: 2.5593, Cls: 0.8520, Ind: 0.0000, Med: 0.4255, Spu: 0.0000, FD: 0.8545, FDAug: 0.4273, Var: 0.0000, Ctx: 6, MixCtx: 3, Train: 83.11%, Valid: 71.52%, Test In: 72.68% Test OOD1: 63.87% Test OOD2: 54.20% Test OOD3: 60.78% 
Epoch: 463, Loss: 2.5924, Cls: 0.8624, Ind: 0.0000, Med: 0.4305, Spu: 0.0000, FD: 0.8662, FDAug: 0.4333, Var: 0.0000, Ctx: 6, MixCtx: 3, Train: 83.11%, Valid: 70.78%, Test In: 71.83% Test OOD1: 62.07% Test OOD2: 53.67% Test OOD3: 59.10% 
Epoch: 464, Loss: 2.6125, Cls: 0.8714, Ind: 0.0000, Med: 0.4361, Spu: 0.0000, FD: 0.8700, FDAug: 0.4350, Var: 0.0000, Ctx: 6, MixCtx: 3, Train: 83.37%, Valid: 71.91%, Test In: 72.84% Test OOD1: 64.15% Test OOD2: 53.98% Test OOD3: 60.44% 
Epoch: 465, Loss: 2.5063, Cls: 0.8353, Ind: 0.0000, Med: 0.4177, Spu: 0.0000, FD: 0.8356, FDAug: 0.4178, Var: 0.0000, Ctx: 6, MixCtx: 3, Train: 82.55%, Valid: 72.28%, Test In: 73.25% Test OOD1: 65.48% Test OOD2: 54.12% Test OOD3: 61.65% 
Epoch: 466, Loss: 2.6475, Cls: 0.8836, Ind: 0.0000, Med: 0.4425, Spu: 0.0000, FD: 0.8810, FDAug: 0.4403, Var: 0.0000, Ctx: 6, MixCtx: 3, Train: 82.51%, Valid: 69.64%, Test In: 70.60% Test OOD1: 60.57% Test OOD2: 53.11% Test OOD3: 58.12% 
Epoch: 467, Loss: 2.6058, Cls: 0.8674, Ind: 0.0000, Med: 0.4332, Spu: 0.0000, FD: 0.8701, FDAug: 0.4350, Var: 0.0000, Ctx: 6, MixCtx: 3, Train: 82.38%, Valid: 69.48%, Test In: 70.42% Test OOD1: 60.93% Test OOD2: 53.10% Test OOD3: 58.72% 
Epoch: 468, Loss: 2.5505, Cls: 0.8502, Ind: 0.0000, Med: 0.4253, Spu: 0.0000, FD: 0.8500, FDAug: 0.4250, Var: 0.0000, Ctx: 6, MixCtx: 3, Train: 82.64%, Valid: 71.92%, Test In: 72.57% Test OOD1: 64.98% Test OOD2: 53.85% Test OOD3: 61.49% 
Epoch: 469, Loss: 2.5750, Cls: 0.8591, Ind: 0.0000, Med: 0.4301, Spu: 0.0000, FD: 0.8571, FDAug: 0.4286, Var: 0.0000, Ctx: 6, MixCtx: 3, Train: 83.10%, Valid: 72.16%, Test In: 72.70% Test OOD1: 64.98% Test OOD2: 53.80% Test OOD3: 61.20% 
Epoch: 470, Loss: 2.5254, Cls: 0.8410, Ind: 0.0000, Med: 0.4202, Spu: 0.0000, FD: 0.8429, FDAug: 0.4214, Var: 0.0000, Ctx: 6, MixCtx: 3, Train: 83.01%, Valid: 71.57%, Test In: 72.36% Test OOD1: 63.78% Test OOD2: 53.66% Test OOD3: 60.64% 
Epoch: 471, Loss: 2.5146, Cls: 0.8379, Ind: 0.0000, Med: 0.4188, Spu: 0.0000, FD: 0.8386, FDAug: 0.4193, Var: 0.0000, Ctx: 6, MixCtx: 3, Train: 82.61%, Valid: 71.41%, Test In: 72.35% Test OOD1: 64.00% Test OOD2: 53.80% Test OOD3: 61.10% 
Epoch: 472, Loss: 2.5650, Cls: 0.8551, Ind: 0.0000, Med: 0.4277, Spu: 0.0000, FD: 0.8548, FDAug: 0.4274, Var: 0.0000, Ctx: 6, MixCtx: 3, Train: 83.61%, Valid: 71.83%, Test In: 72.74% Test OOD1: 64.41% Test OOD2: 53.90% Test OOD3: 61.06% 
Epoch: 473, Loss: 2.4866, Cls: 0.8288, Ind: 0.0000, Med: 0.4144, Spu: 0.0000, FD: 0.8289, FDAug: 0.4144, Var: 0.0000, Ctx: 6, MixCtx: 3, Train: 82.86%, Valid: 71.78%, Test In: 72.78% Test OOD1: 64.78% Test OOD2: 53.94% Test OOD3: 61.23% 
Epoch: 474, Loss: 2.5169, Cls: 0.8390, Ind: 0.0000, Med: 0.4196, Spu: 0.0000, FD: 0.8388, FDAug: 0.4194, Var: 0.0000, Ctx: 6, MixCtx: 3, Train: 83.55%, Valid: 71.16%, Test In: 72.11% Test OOD1: 63.51% Test OOD2: 53.90% Test OOD3: 60.87% 
Epoch: 475, Loss: 2.5077, Cls: 0.8352, Ind: 0.0000, Med: 0.4174, Spu: 0.0000, FD: 0.8367, FDAug: 0.4184, Var: 0.0000, Ctx: 6, MixCtx: 3, Train: 83.43%, Valid: 70.56%, Test In: 71.45% Test OOD1: 62.08% Test OOD2: 53.53% Test OOD3: 59.69% 
Epoch: 476, Loss: 2.4830, Cls: 0.8277, Ind: 0.0000, Med: 0.4140, Spu: 0.0000, FD: 0.8276, FDAug: 0.4138, Var: 0.0000, Ctx: 6, MixCtx: 3, Train: 83.61%, Valid: 71.62%, Test In: 72.42% Test OOD1: 63.87% Test OOD2: 53.67% Test OOD3: 60.55% 
Epoch: 477, Loss: 2.4800, Cls: 0.8271, Ind: 0.0000, Med: 0.4138, Spu: 0.0000, FD: 0.8261, FDAug: 0.4130, Var: 0.0000, Ctx: 6, MixCtx: 3, Train: 83.47%, Valid: 71.92%, Test In: 72.59% Test OOD1: 64.59% Test OOD2: 53.92% Test OOD3: 61.35% 
Epoch: 478, Loss: 2.5242, Cls: 0.8407, Ind: 0.0000, Med: 0.4201, Spu: 0.0000, FD: 0.8423, FDAug: 0.4212, Var: 0.0000, Ctx: 6, MixCtx: 3, Train: 83.25%, Valid: 69.61%, Test In: 70.16% Test OOD1: 60.97% Test OOD2: 53.19% Test OOD3: 58.88% 
Epoch: 479, Loss: 2.5438, Cls: 0.8487, Ind: 0.0000, Med: 0.4248, Spu: 0.0000, FD: 0.8469, FDAug: 0.4234, Var: 0.0000, Ctx: 6, MixCtx: 3, Train: 83.54%, Valid: 70.02%, Test In: 70.85% Test OOD1: 61.94% Test OOD2: 53.46% Test OOD3: 59.83% 
Epoch: 480, Loss: 2.4829, Cls: 0.8276, Ind: 0.0000, Med: 0.4139, Spu: 0.0000, FD: 0.8275, FDAug: 0.4138, Var: 0.0000, Ctx: 6, MixCtx: 3, Train: 83.23%, Valid: 71.66%, Test In: 72.59% Test OOD1: 64.67% Test OOD2: 53.97% Test OOD3: 61.30% 
Epoch: 481, Loss: 2.4983, Cls: 0.8326, Ind: 0.0000, Med: 0.4163, Spu: 0.0000, FD: 0.8329, FDAug: 0.4165, Var: 0.0000, Ctx: 6, MixCtx: 3, Train: 84.04%, Valid: 71.37%, Test In: 72.16% Test OOD1: 63.52% Test OOD2: 53.81% Test OOD3: 60.39% 
Epoch: 482, Loss: 2.4686, Cls: 0.8228, Ind: 0.0000, Med: 0.4114, Spu: 0.0000, FD: 0.8230, FDAug: 0.4114, Var: 0.0000, Ctx: 6, MixCtx: 3, Train: 83.05%, Valid: 70.54%, Test In: 71.58% Test OOD1: 62.38% Test OOD2: 53.85% Test OOD3: 60.23% 
Epoch: 483, Loss: 2.5036, Cls: 0.8344, Ind: 0.0000, Med: 0.4173, Spu: 0.0000, FD: 0.8346, FDAug: 0.4173, Var: 0.0000, Ctx: 6, MixCtx: 3, Train: 83.84%, Valid: 71.14%, Test In: 72.05% Test OOD1: 63.25% Test OOD2: 53.96% Test OOD3: 60.51% 
Epoch: 484, Loss: 2.4532, Cls: 0.8176, Ind: 0.0000, Med: 0.4089, Spu: 0.0000, FD: 0.8177, FDAug: 0.4089, Var: 0.0000, Ctx: 6, MixCtx: 3, Train: 83.72%, Valid: 71.54%, Test In: 72.43% Test OOD1: 64.31% Test OOD2: 53.98% Test OOD3: 60.93% 
Epoch: 485, Loss: 2.4598, Cls: 0.8197, Ind: 0.0000, Med: 0.4099, Spu: 0.0000, FD: 0.8202, FDAug: 0.4101, Var: 0.0000, Ctx: 6, MixCtx: 3, Train: 84.00%, Valid: 71.15%, Test In: 72.13% Test OOD1: 63.62% Test OOD2: 53.92% Test OOD3: 60.72% 
Epoch: 486, Loss: 2.4515, Cls: 0.8174, Ind: 0.0000, Med: 0.4089, Spu: 0.0000, FD: 0.8167, FDAug: 0.4084, Var: 0.0000, Ctx: 6, MixCtx: 3, Train: 83.89%, Valid: 69.89%, Test In: 70.65% Test OOD1: 61.46% Test OOD2: 53.53% Test OOD3: 59.30% 
Epoch: 487, Loss: 2.4482, Cls: 0.8163, Ind: 0.0000, Med: 0.4084, Spu: 0.0000, FD: 0.8157, FDAug: 0.4079, Var: 0.0000, Ctx: 6, MixCtx: 3, Train: 84.16%, Valid: 70.74%, Test In: 71.36% Test OOD1: 62.48% Test OOD2: 53.67% Test OOD3: 59.70% 
Epoch: 488, Loss: 2.4317, Cls: 0.8104, Ind: 0.0000, Med: 0.4053, Spu: 0.0000, FD: 0.8107, FDAug: 0.4053, Var: 0.0000, Ctx: 6, MixCtx: 3, Train: 84.03%, Valid: 71.62%, Test In: 72.23% Test OOD1: 63.82% Test OOD2: 53.88% Test OOD3: 60.59% 
Epoch: 489, Loss: 2.4750, Cls: 0.8243, Ind: 0.0000, Med: 0.4119, Spu: 0.0000, FD: 0.8258, FDAug: 0.4129, Var: 0.0000, Ctx: 6, MixCtx: 3, Train: 83.89%, Valid: 70.22%, Test In: 70.72% Test OOD1: 61.49% Test OOD2: 53.27% Test OOD3: 58.84% 
Epoch: 490, Loss: 2.5494, Cls: 0.8498, Ind: 0.0000, Med: 0.4250, Spu: 0.0000, FD: 0.8499, FDAug: 0.4247, Var: 0.0000, Ctx: 6, MixCtx: 3, Train: 83.88%, Valid: 70.60%, Test In: 71.28% Test OOD1: 62.64% Test OOD2: 54.00% Test OOD3: 60.33% 
Epoch: 491, Loss: 2.5806, Cls: 0.8591, Ind: 0.0000, Med: 0.4292, Spu: 0.0000, FD: 0.8614, FDAug: 0.4309, Var: 0.0000, Ctx: 6, MixCtx: 3, Train: 83.39%, Valid: 70.74%, Test In: 71.42% Test OOD1: 63.12% Test OOD2: 53.67% Test OOD3: 60.02% 
Epoch: 492, Loss: 2.5193, Cls: 0.8404, Ind: 0.0000, Med: 0.4206, Spu: 0.0000, FD: 0.8389, FDAug: 0.4194, Var: 0.0000, Ctx: 6, MixCtx: 3, Train: 83.97%, Valid: 71.15%, Test In: 71.90% Test OOD1: 63.42% Test OOD2: 53.85% Test OOD3: 60.29% 
Epoch: 493, Loss: 2.4633, Cls: 0.8215, Ind: 0.0000, Med: 0.4110, Spu: 0.0000, FD: 0.8205, FDAug: 0.4103, Var: 0.0000, Ctx: 6, MixCtx: 3, Train: 83.46%, Valid: 71.35%, Test In: 72.24% Test OOD1: 63.50% Test OOD2: 53.95% Test OOD3: 60.64% 
Epoch: 494, Loss: 2.5561, Cls: 0.8509, Ind: 0.0000, Med: 0.4250, Spu: 0.0000, FD: 0.8533, FDAug: 0.4269, Var: 0.0000, Ctx: 6, MixCtx: 3, Train: 83.91%, Valid: 70.34%, Test In: 71.06% Test OOD1: 61.33% Test OOD2: 53.40% Test OOD3: 58.81% 
Epoch: 495, Loss: 2.5312, Cls: 0.8444, Ind: 0.0000, Med: 0.4226, Spu: 0.0000, FD: 0.8428, FDAug: 0.4213, Var: 0.0000, Ctx: 6, MixCtx: 3, Train: 84.14%, Valid: 71.25%, Test In: 71.95% Test OOD1: 63.32% Test OOD2: 53.81% Test OOD3: 60.23% 
Epoch: 496, Loss: 2.4295, Cls: 0.8097, Ind: 0.0000, Med: 0.4049, Spu: 0.0000, FD: 0.8099, FDAug: 0.4050, Var: 0.0000, Ctx: 6, MixCtx: 3, Train: 84.14%, Valid: 71.31%, Test In: 72.03% Test OOD1: 63.66% Test OOD2: 53.88% Test OOD3: 60.74% 
Epoch: 497, Loss: 2.4949, Cls: 0.8312, Ind: 0.0000, Med: 0.4155, Spu: 0.0000, FD: 0.8319, FDAug: 0.4162, Var: 0.0000, Ctx: 6, MixCtx: 3, Train: 83.52%, Valid: 70.12%, Test In: 70.92% Test OOD1: 61.70% Test OOD2: 53.20% Test OOD3: 59.02% 
Epoch: 498, Loss: 2.5567, Cls: 0.8521, Ind: 0.0000, Med: 0.4260, Spu: 0.0000, FD: 0.8526, FDAug: 0.4260, Var: 0.0000, Ctx: 6, MixCtx: 3, Train: 84.21%, Valid: 70.63%, Test In: 71.21% Test OOD1: 62.28% Test OOD2: 53.57% Test OOD3: 59.94% 
Epoch: 499, Loss: 2.4404, Cls: 0.8137, Ind: 0.0000, Med: 0.4071, Spu: 0.0000, FD: 0.8130, FDAug: 0.4066, Var: 0.0000, Ctx: 6, MixCtx: 3, Train: 83.75%, Valid: 71.67%, Test In: 72.30% Test OOD1: 64.20% Test OOD2: 53.93% Test OOD3: 61.07% 
Run 02:
Highest Train: 84.21
Highest Valid: 73.70
Highest In Test: 75.07
Highest OOD Test: 68.21
Highest OOD Test: 55.11
Highest OOD Test: 64.38
Chosen epoch: 281
Final Train: 79.32
Final In Test: 74.92
Final OOD Test: 67.10
Final OOD Test: 54.67
Final OOD Test: 63.72
All runs:
Highest Train: 85.54 ± 1.88
Highest Valid: 73.62 ± 0.12
Highest In Test: 75.04 ± 0.04
Highest OOD Test: 68.23 ± 0.02
Highest OOD Test: 54.94 ± 0.24
Highest OOD Test: 64.45 ± 0.10
  Final Train: 78.40 ± 1.30
   Final In  Test: 74.88 ± 0.06
   Final OOD Test: 67.18 ± 0.10
   Final OOD Test: 54.08 ± 0.84
   Final OOD Test: 63.85 ± 0.18
[INFO] TensorBoard writer closed.

Command: python main_frontdoor.py --dataset twitch --backbone_type gcn --store_result --epochs 500 --runs 2 --num_layers 2 --device 1 --seed 2024 --lr 0.01 --weight_decay 0.0001 --dropout 0.0 --hidden_channels 32 --K 3 --lambda_fd 1.0 --lambda_spu 0.05 --lambda_ind 0.1 --context_gate_temp 0.5 --fd_blend 0.3 --pos_weight 3.0 --result_name twitch_gcn_frontdoor_stage2_lr0.01_weight_decay0.0001_dropout0.0_hidden_channels32_K3_lambda_fd1.0_lambda_spu0.05_lambda_ind0.1_context_gate_temp0.5_fd_blend0.3_pos_weight3.0
Return code: 0
Elapsed: 193.03s
