Namespace(K=3, backbone_type='gcn', combine_result=False, context_gate_temp=0.5, cpu=False, data_dir='./data/', dataset='twitch', device=1, display_step=1, dropout=0.0, env_type='node', epochs=500, expert_agg='mean', fd_blend=0.3, gamma=0.99, gate_hidden=64, hidden_channels=32, infer_env=False, infer_env_components=64, infer_env_iters=30, infer_env_num=3, lambda_fd=1.0, lambda_fd_aug=0.5, lambda_ind=0.05, lambda_med=0.5, lambda_spu=0.1, lambda_var=0.05, lamda=1.0, lr=0.01, num_layers=2, other_env_reduce='sample', pos_weight=3.0, proto_aug_k=3, proto_mix_alpha=1.0, result_name='twitch_gcn_frontdoor_stage2_lr0.01_weight_decay0.0001_dropout0.0_hidden_channels32_K3_lambda_fd1.0_lambda_spu0.1_lambda_ind0.05_context_gate_temp0.5_fd_blend0.3_pos_weight3.0', runs=2, seed=2024, store_result=True, tau=1, use_bn=False, variant=False, weight_decay=0.0001)
dataset twitch: all nodes 34120 | edges 892346 | classes 2 | feats 128
train nodes 7897 | valid nodes 3949 | test in nodes 3949
test ood1 nodes 4648 test ood2 nodes 6551 test ood3 nodes 7126 
[INFO] env numbers: 6 train env numbers: 3
MODEL: GraphFrontDoor(
  (act_fn): ReLU()
  (input_proj): Linear(in_features=128, out_features=32, bias=True)
  (backbone_layers): ModuleList(
    (0): FrontDoorBackboneLayer()
    (1): FrontDoorBackboneLayer()
  )
  (causal_adapter): Linear(in_features=32, out_features=32, bias=True)
  (spurious_adapter): Linear(in_features=32, out_features=32, bias=True)
  (causal_norm): LayerNorm((32,), eps=1e-05, elementwise_affine=True)
  (spurious_norm): LayerNorm((32,), eps=1e-05, elementwise_affine=True)
  (classifier): Linear(in_features=32, out_features=2, bias=True)
  (spurious_classifier): Linear(in_features=32, out_features=2, bias=True)
  (fd_classifier): Linear(in_features=32, out_features=2, bias=True)
  (query_proj): Linear(in_features=32, out_features=32, bias=True)
  (key_proj): Linear(in_features=32, out_features=32, bias=True)
  (value_proj): Linear(in_features=32, out_features=32, bias=True)
  (aug_norm): LayerNorm((32,), eps=1e-05, elementwise_affine=True)
)
[INFO] TensorBoard logging activated. Logs will be saved to: ./runs/twitch/frontdoor/twitch_gcn_frontdoor_stage2_lr0.01_weight_decay0.0001_dropout0.0_hidden_channels32_K3_lambda_fd1.0_lambda_spu0.1_lambda_ind0.05_context_gate_temp0.5_fd_blend0.3_pos_weight3.0
Epoch: 00, Loss: 3.7876, Cls: 1.1984, Ind: 0.0006, Med: 0.5843, Spu: 0.0115, FD: 1.3292, FDAug: 0.6637, Var: 0.0000, Ctx: 6, MixCtx: 3, Train: 42.86%, Valid: 42.89%, Test In: 44.00% Test OOD1: 39.18% Test OOD2: 48.80% Test OOD3: 43.00% 
Epoch: 01, Loss: 3.4779, Cls: 1.1457, Ind: 0.0005, Med: 0.5697, Spu: 0.0037, FD: 1.1741, FDAug: 0.5842, Var: 0.0000, Ctx: 6, MixCtx: 3, Train: 43.01%, Valid: 42.78%, Test In: 44.02% Test OOD1: 39.07% Test OOD2: 48.83% Test OOD3: 42.99% 
Epoch: 02, Loss: 3.5034, Cls: 1.1497, Ind: 0.0004, Med: 0.5699, Spu: 0.0036, FD: 1.1883, FDAug: 0.5914, Var: 0.0000, Ctx: 6, MixCtx: 3, Train: 43.63%, Valid: 43.33%, Test In: 44.48% Test OOD1: 39.35% Test OOD2: 48.92% Test OOD3: 43.21% 
Epoch: 03, Loss: 3.4393, Cls: 1.1358, Ind: 0.0002, Med: 0.5658, Spu: 0.0002, FD: 1.1588, FDAug: 0.5784, Var: 0.0000, Ctx: 6, MixCtx: 3, Train: 44.43%, Valid: 44.16%, Test In: 45.30% Test OOD1: 39.65% Test OOD2: 48.89% Test OOD3: 43.49% 
Epoch: 04, Loss: 3.3885, Cls: 1.1253, Ind: 0.0002, Med: 0.5629, Spu: 0.0009, FD: 1.1329, FDAug: 0.5663, Var: 0.0000, Ctx: 6, MixCtx: 3, Train: 43.48%, Valid: 44.09%, Test In: 44.87% Test OOD1: 39.86% Test OOD2: 49.20% Test OOD3: 43.40% 
Epoch: 05, Loss: 3.3750, Cls: 1.1237, Ind: 0.0001, Med: 0.5630, Spu: 0.0017, FD: 1.1245, FDAug: 0.5621, Var: 0.0000, Ctx: 6, MixCtx: 3, Train: 44.76%, Valid: 45.82%, Test In: 46.38% Test OOD1: 40.76% Test OOD2: 49.59% Test OOD3: 44.25% 
Epoch: 06, Loss: 3.3791, Cls: 1.1259, Ind: 0.0000, Med: 0.5638, Spu: 0.0006, FD: 1.1261, FDAug: 0.5627, Var: 0.0000, Ctx: 6, MixCtx: 3, Train: 57.00%, Valid: 57.66%, Test In: 57.01% Test OOD1: 55.42% Test OOD2: 50.83% Test OOD3: 53.55% 
Epoch: 07, Loss: 3.3845, Cls: 1.1269, Ind: 0.0001, Med: 0.5634, Spu: 0.0000, FD: 1.1296, FDAug: 0.5645, Var: 0.0000, Ctx: 6, MixCtx: 3, Train: 59.48%, Valid: 60.55%, Test In: 58.82% Test OOD1: 60.68% Test OOD2: 51.41% Test OOD3: 56.46% 
Epoch: 08, Loss: 3.3851, Cls: 1.1255, Ind: 0.0001, Med: 0.5621, Spu: 0.0006, FD: 1.1313, FDAug: 0.5654, Var: 0.0000, Ctx: 6, MixCtx: 3, Train: 58.89%, Valid: 59.85%, Test In: 58.16% Test OOD1: 61.03% Test OOD2: 51.40% Test OOD3: 56.69% 
Epoch: 09, Loss: 3.3810, Cls: 1.1232, Ind: 0.0001, Med: 0.5612, Spu: 0.0010, FD: 1.1304, FDAug: 0.5651, Var: 0.0000, Ctx: 6, MixCtx: 3, Train: 58.89%, Valid: 59.44%, Test In: 57.96% Test OOD1: 61.39% Test OOD2: 51.27% Test OOD3: 57.13% 
Epoch: 10, Loss: 3.3741, Cls: 1.1213, Ind: 0.0001, Med: 0.5607, Spu: 0.0005, FD: 1.1276, FDAug: 0.5638, Var: 0.0000, Ctx: 6, MixCtx: 3, Train: 58.92%, Valid: 59.33%, Test In: 57.95% Test OOD1: 61.48% Test OOD2: 51.22% Test OOD3: 57.31% 
Epoch: 11, Loss: 3.3685, Cls: 1.1206, Ind: 0.0001, Med: 0.5610, Spu: 0.0000, FD: 1.1245, FDAug: 0.5623, Var: 0.0000, Ctx: 6, MixCtx: 3, Train: 58.96%, Valid: 59.24%, Test In: 57.97% Test OOD1: 61.53% Test OOD2: 51.21% Test OOD3: 57.41% 
Epoch: 12, Loss: 3.3652, Cls: 1.1205, Ind: 0.0000, Med: 0.5611, Spu: 0.0003, FD: 1.1221, FDAug: 0.5612, Var: 0.0000, Ctx: 6, MixCtx: 3, Train: 59.03%, Valid: 59.22%, Test In: 58.02% Test OOD1: 61.57% Test OOD2: 51.21% Test OOD3: 57.52% 
Epoch: 13, Loss: 3.3632, Cls: 1.1202, Ind: 0.0000, Med: 0.5606, Spu: 0.0007, FD: 1.1210, FDAug: 0.5606, Var: 0.0000, Ctx: 6, MixCtx: 3, Train: 59.10%, Valid: 59.20%, Test In: 58.08% Test OOD1: 61.61% Test OOD2: 51.21% Test OOD3: 57.61% 
Epoch: 14, Loss: 3.3612, Cls: 1.1195, Ind: 0.0001, Med: 0.5599, Spu: 0.0005, FD: 1.1207, FDAug: 0.5604, Var: 0.0000, Ctx: 6, MixCtx: 3, Train: 59.14%, Valid: 59.17%, Test In: 58.11% Test OOD1: 61.64% Test OOD2: 51.21% Test OOD3: 57.69% 
Epoch: 15, Loss: 3.3595, Cls: 1.1186, Ind: 0.0002, Med: 0.5594, Spu: 0.0001, FD: 1.1208, FDAug: 0.5605, Var: 0.0000, Ctx: 6, MixCtx: 3, Train: 59.20%, Valid: 59.16%, Test In: 58.17% Test OOD1: 61.66% Test OOD2: 51.20% Test OOD3: 57.76% 
Epoch: 16, Loss: 3.3583, Cls: 1.1177, Ind: 0.0003, Med: 0.5590, Spu: 0.0001, FD: 1.1208, FDAug: 0.5604, Var: 0.0000, Ctx: 6, MixCtx: 3, Train: 59.32%, Valid: 59.21%, Test In: 58.28% Test OOD1: 61.72% Test OOD2: 51.20% Test OOD3: 57.85% 
Epoch: 17, Loss: 3.3562, Cls: 1.1167, Ind: 0.0003, Med: 0.5585, Spu: 0.0004, FD: 1.1202, FDAug: 0.5601, Var: 0.0000, Ctx: 6, MixCtx: 3, Train: 59.55%, Valid: 59.32%, Test In: 58.48% Test OOD1: 61.81% Test OOD2: 51.23% Test OOD3: 57.99% 
Epoch: 18, Loss: 3.3517, Cls: 1.1153, Ind: 0.0002, Med: 0.5577, Spu: 0.0004, FD: 1.1188, FDAug: 0.5593, Var: 0.0000, Ctx: 6, MixCtx: 3, Train: 59.78%, Valid: 59.46%, Test In: 58.69% Test OOD1: 61.90% Test OOD2: 51.24% Test OOD3: 58.14% 
Epoch: 19, Loss: 3.3457, Cls: 1.1137, Ind: 0.0001, Med: 0.5567, Spu: 0.0001, FD: 1.1167, FDAug: 0.5583, Var: 0.0000, Ctx: 6, MixCtx: 3, Train: 60.02%, Valid: 59.60%, Test In: 58.91% Test OOD1: 62.00% Test OOD2: 51.27% Test OOD3: 58.27% 
Epoch: 20, Loss: 3.3399, Cls: 1.1119, Ind: 0.0001, Med: 0.5556, Spu: 0.0000, FD: 1.1149, FDAug: 0.5574, Var: 0.0000, Ctx: 6, MixCtx: 3, Train: 60.30%, Valid: 59.74%, Test In: 59.16% Test OOD1: 62.11% Test OOD2: 51.29% Test OOD3: 58.43% 
Epoch: 21, Loss: 3.3346, Cls: 1.1097, Ind: 0.0001, Med: 0.5544, Spu: 0.0001, FD: 1.1134, FDAug: 0.5567, Var: 0.0000, Ctx: 6, MixCtx: 3, Train: 60.58%, Valid: 59.90%, Test In: 59.42% Test OOD1: 62.22% Test OOD2: 51.32% Test OOD3: 58.59% 
Epoch: 22, Loss: 3.3282, Cls: 1.1068, Ind: 0.0001, Med: 0.5529, Spu: 0.0003, FD: 1.1120, FDAug: 0.5561, Var: 0.0000, Ctx: 6, MixCtx: 3, Train: 60.92%, Valid: 60.10%, Test In: 59.73% Test OOD1: 62.36% Test OOD2: 51.36% Test OOD3: 58.77% 
Epoch: 23, Loss: 3.3198, Cls: 1.1034, Ind: 0.0002, Med: 0.5511, Spu: 0.0002, FD: 1.1099, FDAug: 0.5550, Var: 0.0000, Ctx: 6, MixCtx: 3, Train: 61.40%, Valid: 60.41%, Test In: 60.18% Test OOD1: 62.56% Test OOD2: 51.42% Test OOD3: 59.03% 
Epoch: 24, Loss: 3.3092, Cls: 1.0996, Ind: 0.0002, Med: 0.5490, Spu: 0.0000, FD: 1.1069, FDAug: 0.5535, Var: 0.0000, Ctx: 6, MixCtx: 3, Train: 62.04%, Valid: 60.83%, Test In: 60.79% Test OOD1: 62.82% Test OOD2: 51.51% Test OOD3: 59.38% 
Epoch: 25, Loss: 3.2967, Cls: 1.0953, Ind: 0.0002, Med: 0.5468, Spu: 0.0001, FD: 1.1029, FDAug: 0.5515, Var: 0.0000, Ctx: 6, MixCtx: 3, Train: 62.75%, Valid: 61.32%, Test In: 61.46% Test OOD1: 63.12% Test OOD2: 51.60% Test OOD3: 59.75% 
Epoch: 26, Loss: 3.2811, Cls: 1.0899, Ind: 0.0002, Med: 0.5443, Spu: 0.0003, FD: 1.0975, FDAug: 0.5488, Var: 0.0000, Ctx: 6, MixCtx: 3, Train: 63.74%, Valid: 61.97%, Test In: 62.40% Test OOD1: 63.53% Test OOD2: 51.75% Test OOD3: 60.23% 
Epoch: 27, Loss: 3.2612, Cls: 1.0827, Ind: 0.0002, Med: 0.5406, Spu: 0.0005, FD: 1.0915, FDAug: 0.5458, Var: 0.0000, Ctx: 6, MixCtx: 3, Train: 64.72%, Valid: 62.65%, Test In: 63.31% Test OOD1: 63.92% Test OOD2: 51.89% Test OOD3: 60.67% 
Epoch: 28, Loss: 3.2371, Cls: 1.0750, Ind: 0.0002, Med: 0.5370, Spu: 0.0003, FD: 1.0831, FDAug: 0.5416, Var: 0.0000, Ctx: 6, MixCtx: 3, Train: 66.03%, Valid: 63.52%, Test In: 64.57% Test OOD1: 64.43% Test OOD2: 52.10% Test OOD3: 61.22% 
Epoch: 29, Loss: 3.2135, Cls: 1.0670, Ind: 0.0001, Med: 0.5333, Spu: 0.0001, FD: 1.0752, FDAug: 0.5377, Var: 0.0000, Ctx: 6, MixCtx: 3, Train: 66.67%, Valid: 64.02%, Test In: 65.15% Test OOD1: 64.75% Test OOD2: 52.14% Test OOD3: 61.50% 
Epoch: 30, Loss: 3.2090, Cls: 1.0679, Ind: 0.0001, Med: 0.5347, Spu: 0.0001, FD: 1.0708, FDAug: 0.5353, Var: 0.0000, Ctx: 6, MixCtx: 3, Train: 67.84%, Valid: 64.81%, Test In: 66.32% Test OOD1: 65.11% Test OOD2: 52.37% Test OOD3: 61.93% 
Epoch: 31, Loss: 3.1787, Cls: 1.0579, Ind: 0.0001, Med: 0.5302, Spu: 0.0002, FD: 1.0600, FDAug: 0.5302, Var: 0.0000, Ctx: 6, MixCtx: 3, Train: 68.52%, Valid: 65.29%, Test In: 66.94% Test OOD1: 65.43% Test OOD2: 52.45% Test OOD3: 62.18% 
Epoch: 32, Loss: 3.1367, Cls: 1.0436, Ind: 0.0001, Med: 0.5225, Spu: 0.0003, FD: 1.0467, FDAug: 0.5234, Var: 0.0000, Ctx: 6, MixCtx: 3, Train: 69.20%, Valid: 65.80%, Test In: 67.61% Test OOD1: 65.75% Test OOD2: 52.53% Test OOD3: 62.43% 
Epoch: 33, Loss: 3.1401, Cls: 1.0459, Ind: 0.0001, Med: 0.5239, Spu: 0.0003, FD: 1.0466, FDAug: 0.5232, Var: 0.0000, Ctx: 6, MixCtx: 3, Train: 70.21%, Valid: 66.48%, Test In: 68.61% Test OOD1: 65.90% Test OOD2: 52.76% Test OOD3: 62.72% 
Epoch: 34, Loss: 3.1263, Cls: 1.0418, Ind: 0.0001, Med: 0.5221, Spu: 0.0002, FD: 1.0413, FDAug: 0.5208, Var: 0.0000, Ctx: 6, MixCtx: 3, Train: 70.54%, Valid: 66.70%, Test In: 68.91% Test OOD1: 66.07% Test OOD2: 52.80% Test OOD3: 62.82% 
Epoch: 35, Loss: 3.0695, Cls: 1.0225, Ind: 0.0001, Med: 0.5118, Spu: 0.0002, FD: 1.0232, FDAug: 0.5117, Var: 0.0000, Ctx: 6, MixCtx: 3, Train: 71.00%, Valid: 67.04%, Test In: 69.37% Test OOD1: 66.12% Test OOD2: 52.90% Test OOD3: 62.94% 
Epoch: 36, Loss: 3.0600, Cls: 1.0201, Ind: 0.0001, Med: 0.5109, Spu: 0.0002, FD: 1.0191, FDAug: 0.5095, Var: 0.0000, Ctx: 6, MixCtx: 3, Train: 71.68%, Valid: 67.43%, Test In: 70.07% Test OOD1: 65.87% Test OOD2: 53.11% Test OOD3: 63.04% 
Epoch: 37, Loss: 3.0900, Cls: 1.0279, Ind: 0.0001, Med: 0.5136, Spu: 0.0005, FD: 1.0318, FDAug: 0.5161, Var: 0.0000, Ctx: 6, MixCtx: 3, Train: 71.63%, Valid: 67.47%, Test In: 70.02% Test OOD1: 65.98% Test OOD2: 53.04% Test OOD3: 63.05% 
Epoch: 38, Loss: 3.0552, Cls: 1.0203, Ind: 0.0001, Med: 0.5116, Spu: 0.0002, FD: 1.0154, FDAug: 0.5076, Var: 0.0000, Ctx: 6, MixCtx: 3, Train: 71.96%, Valid: 67.62%, Test In: 70.36% Test OOD1: 65.72% Test OOD2: 53.17% Test OOD3: 63.07% 
Epoch: 39, Loss: 3.0118, Cls: 1.0037, Ind: 0.0001, Med: 0.5021, Spu: 0.0001, FD: 1.0039, FDAug: 0.5020, Var: 0.0000, Ctx: 6, MixCtx: 3, Train: 72.14%, Valid: 67.71%, Test In: 70.65% Test OOD1: 65.28% Test OOD2: 53.30% Test OOD3: 63.01% 
Epoch: 40, Loss: 3.0345, Cls: 1.0102, Ind: 0.0001, Med: 0.5048, Spu: 0.0001, FD: 1.0128, FDAug: 0.5065, Var: 0.0000, Ctx: 6, MixCtx: 3, Train: 72.22%, Valid: 67.88%, Test In: 70.68% Test OOD1: 65.63% Test OOD2: 53.25% Test OOD3: 63.07% 
Epoch: 41, Loss: 3.0273, Cls: 1.0102, Ind: 0.0001, Med: 0.5060, Spu: 0.0002, FD: 1.0072, FDAug: 0.5035, Var: 0.0000, Ctx: 6, MixCtx: 3, Train: 72.35%, Valid: 67.94%, Test In: 70.90% Test OOD1: 65.24% Test OOD2: 53.35% Test OOD3: 63.00% 
Epoch: 42, Loss: 2.9975, Cls: 0.9992, Ind: 0.0001, Med: 0.4999, Spu: 0.0002, FD: 0.9987, FDAug: 0.4994, Var: 0.0000, Ctx: 6, MixCtx: 3, Train: 72.44%, Valid: 67.99%, Test In: 71.07% Test OOD1: 64.92% Test OOD2: 53.42% Test OOD3: 62.91% 
Epoch: 43, Loss: 3.0075, Cls: 1.0025, Ind: 0.0001, Med: 0.5015, Spu: 0.0001, FD: 1.0022, FDAug: 0.5012, Var: 0.0000, Ctx: 6, MixCtx: 3, Train: 72.62%, Valid: 68.32%, Test In: 71.15% Test OOD1: 65.50% Test OOD2: 53.37% Test OOD3: 63.09% 
Epoch: 44, Loss: 3.0069, Cls: 1.0021, Ind: 0.0001, Med: 0.5012, Spu: 0.0000, FD: 1.0023, FDAug: 0.5011, Var: 0.0000, Ctx: 6, MixCtx: 3, Train: 72.72%, Valid: 68.37%, Test In: 71.37% Test OOD1: 65.09% Test OOD2: 53.46% Test OOD3: 62.98% 
Epoch: 45, Loss: 2.9847, Cls: 0.9951, Ind: 0.0001, Med: 0.4979, Spu: 0.0000, FD: 0.9944, FDAug: 0.4972, Var: 0.0000, Ctx: 6, MixCtx: 3, Train: 72.84%, Valid: 68.51%, Test In: 71.52% Test OOD1: 65.00% Test OOD2: 53.49% Test OOD3: 62.98% 
Epoch: 46, Loss: 2.9835, Cls: 0.9948, Ind: 0.0001, Med: 0.4978, Spu: 0.0001, FD: 0.9938, FDAug: 0.4970, Var: 0.0000, Ctx: 6, MixCtx: 3, Train: 73.01%, Valid: 68.85%, Test In: 71.57% Test OOD1: 65.67% Test OOD2: 53.44% Test OOD3: 63.19% 
Epoch: 47, Loss: 2.9899, Cls: 0.9956, Ind: 0.0001, Med: 0.4976, Spu: 0.0001, FD: 0.9977, FDAug: 0.4988, Var: 0.0000, Ctx: 6, MixCtx: 3, Train: 73.10%, Valid: 68.88%, Test In: 71.81% Test OOD1: 65.07% Test OOD2: 53.54% Test OOD3: 63.05% 
Epoch: 48, Loss: 2.9776, Cls: 0.9929, Ind: 0.0001, Med: 0.4969, Spu: 0.0001, FD: 0.9917, FDAug: 0.4959, Var: 0.0000, Ctx: 6, MixCtx: 3, Train: 73.26%, Valid: 69.15%, Test In: 71.88% Test OOD1: 65.52% Test OOD2: 53.51% Test OOD3: 63.19% 
Epoch: 49, Loss: 2.9618, Cls: 0.9872, Ind: 0.0001, Med: 0.4938, Spu: 0.0000, FD: 0.9872, FDAug: 0.4936, Var: 0.0000, Ctx: 6, MixCtx: 3, Train: 73.37%, Valid: 69.36%, Test In: 71.91% Test OOD1: 65.93% Test OOD2: 53.47% Test OOD3: 63.32% 
Epoch: 50, Loss: 2.9670, Cls: 0.9883, Ind: 0.0001, Med: 0.4941, Spu: 0.0000, FD: 0.9897, FDAug: 0.4948, Var: 0.0000, Ctx: 6, MixCtx: 3, Train: 73.47%, Valid: 69.42%, Test In: 72.17% Test OOD1: 65.33% Test OOD2: 53.60% Test OOD3: 63.18% 
Epoch: 51, Loss: 2.9719, Cls: 0.9909, Ind: 0.0001, Med: 0.4958, Spu: 0.0000, FD: 0.9900, FDAug: 0.4951, Var: 0.0000, Ctx: 6, MixCtx: 3, Train: 73.58%, Valid: 69.66%, Test In: 72.12% Test OOD1: 66.07% Test OOD2: 53.48% Test OOD3: 63.40% 
Epoch: 52, Loss: 2.9522, Cls: 0.9839, Ind: 0.0001, Med: 0.4921, Spu: 0.0001, FD: 0.9841, FDAug: 0.4920, Var: 0.0000, Ctx: 6, MixCtx: 3, Train: 73.69%, Valid: 69.79%, Test In: 72.24% Test OOD1: 66.11% Test OOD2: 53.49% Test OOD3: 63.43% 
Epoch: 53, Loss: 2.9448, Cls: 0.9817, Ind: 0.0001, Med: 0.4910, Spu: 0.0000, FD: 0.9814, FDAug: 0.4906, Var: 0.0000, Ctx: 6, MixCtx: 3, Train: 73.82%, Valid: 69.89%, Test In: 72.47% Test OOD1: 65.77% Test OOD2: 53.60% Test OOD3: 63.36% 
Epoch: 54, Loss: 2.9522, Cls: 0.9841, Ind: 0.0001, Med: 0.4922, Spu: 0.0000, FD: 0.9838, FDAug: 0.4920, Var: 0.0000, Ctx: 6, MixCtx: 3, Train: 73.84%, Valid: 70.01%, Test In: 72.34% Test OOD1: 66.41% Test OOD2: 53.47% Test OOD3: 63.53% 
Epoch: 55, Loss: 2.9443, Cls: 0.9816, Ind: 0.0001, Med: 0.4910, Spu: 0.0000, FD: 0.9811, FDAug: 0.4905, Var: 0.0000, Ctx: 6, MixCtx: 3, Train: 74.00%, Valid: 70.15%, Test In: 72.59% Test OOD1: 66.20% Test OOD2: 53.53% Test OOD3: 63.49% 
Epoch: 56, Loss: 2.9321, Cls: 0.9775, Ind: 0.0001, Med: 0.4889, Spu: 0.0000, FD: 0.9771, FDAug: 0.4886, Var: 0.0000, Ctx: 6, MixCtx: 3, Train: 74.11%, Valid: 70.27%, Test In: 72.72% Test OOD1: 66.21% Test OOD2: 53.55% Test OOD3: 63.50% 
Epoch: 57, Loss: 2.9295, Cls: 0.9765, Ind: 0.0001, Med: 0.4884, Spu: 0.0000, FD: 0.9763, FDAug: 0.4882, Var: 0.0000, Ctx: 6, MixCtx: 3, Train: 74.12%, Valid: 70.35%, Test In: 72.64% Test OOD1: 66.61% Test OOD2: 53.47% Test OOD3: 63.60% 
Epoch: 58, Loss: 2.9319, Cls: 0.9774, Ind: 0.0001, Med: 0.4888, Spu: 0.0000, FD: 0.9771, FDAug: 0.4885, Var: 0.0000, Ctx: 6, MixCtx: 3, Train: 74.33%, Valid: 70.52%, Test In: 73.00% Test OOD1: 66.06% Test OOD2: 53.60% Test OOD3: 63.48% 
Epoch: 59, Loss: 2.9304, Cls: 0.9768, Ind: 0.0001, Med: 0.4885, Spu: 0.0000, FD: 0.9766, FDAug: 0.4885, Var: 0.0000, Ctx: 6, MixCtx: 3, Train: 74.32%, Valid: 70.59%, Test In: 72.86% Test OOD1: 66.65% Test OOD2: 53.48% Test OOD3: 63.62% 
Epoch: 60, Loss: 2.9216, Cls: 0.9739, Ind: 0.0001, Med: 0.4870, Spu: 0.0000, FD: 0.9738, FDAug: 0.4868, Var: 0.0000, Ctx: 6, MixCtx: 3, Train: 74.50%, Valid: 70.76%, Test In: 73.15% Test OOD1: 66.30% Test OOD2: 53.55% Test OOD3: 63.53% 
Epoch: 61, Loss: 2.9132, Cls: 0.9710, Ind: 0.0001, Med: 0.4856, Spu: 0.0000, FD: 0.9710, FDAug: 0.4856, Var: 0.0000, Ctx: 6, MixCtx: 3, Train: 74.56%, Valid: 70.85%, Test In: 73.17% Test OOD1: 66.52% Test OOD2: 53.50% Test OOD3: 63.58% 
Epoch: 62, Loss: 2.9070, Cls: 0.9689, Ind: 0.0001, Med: 0.4845, Spu: 0.0000, FD: 0.9690, FDAug: 0.4845, Var: 0.0000, Ctx: 6, MixCtx: 3, Train: 74.66%, Valid: 70.95%, Test In: 73.26% Test OOD1: 66.56% Test OOD2: 53.50% Test OOD3: 63.58% 
Epoch: 63, Loss: 2.9032, Cls: 0.9677, Ind: 0.0001, Med: 0.4838, Spu: 0.0000, FD: 0.9678, FDAug: 0.4839, Var: 0.0000, Ctx: 6, MixCtx: 3, Train: 74.78%, Valid: 71.08%, Test In: 73.46% Test OOD1: 66.32% Test OOD2: 53.54% Test OOD3: 63.51% 
Epoch: 64, Loss: 2.9021, Cls: 0.9672, Ind: 0.0001, Med: 0.4836, Spu: 0.0000, FD: 0.9674, FDAug: 0.4838, Var: 0.0000, Ctx: 6, MixCtx: 3, Train: 74.79%, Valid: 71.14%, Test In: 73.34% Test OOD1: 66.84% Test OOD2: 53.44% Test OOD3: 63.64% 
Epoch: 65, Loss: 2.9082, Cls: 0.9695, Ind: 0.0001, Med: 0.4849, Spu: 0.0000, FD: 0.9693, FDAug: 0.4845, Var: 0.0000, Ctx: 6, MixCtx: 3, Train: 74.91%, Valid: 71.18%, Test In: 73.71% Test OOD1: 65.42% Test OOD2: 53.67% Test OOD3: 63.26% 
Epoch: 66, Loss: 2.9476, Cls: 0.9822, Ind: 0.0001, Med: 0.4910, Spu: 0.0000, FD: 0.9827, FDAug: 0.4916, Var: 0.0000, Ctx: 6, MixCtx: 3, Train: 74.65%, Valid: 71.14%, Test In: 73.07% Test OOD1: 67.29% Test OOD2: 53.27% Test OOD3: 63.76% 
Epoch: 67, Loss: 3.0330, Cls: 1.0126, Ind: 0.0001, Med: 0.5071, Spu: 0.0000, FD: 1.0094, FDAug: 0.5039, Var: 0.0000, Ctx: 6, MixCtx: 3, Train: 74.74%, Valid: 71.00%, Test In: 73.66% Test OOD1: 64.09% Test OOD2: 53.70% Test OOD3: 62.89% 
Epoch: 68, Loss: 3.0464, Cls: 1.0145, Ind: 0.0001, Med: 0.5070, Spu: 0.0000, FD: 1.0162, FDAug: 0.5086, Var: 0.0000, Ctx: 6, MixCtx: 3, Train: 75.11%, Valid: 71.47%, Test In: 73.84% Test OOD1: 66.04% Test OOD2: 53.59% Test OOD3: 63.43% 
Epoch: 69, Loss: 2.8969, Cls: 0.9650, Ind: 0.0000, Med: 0.4823, Spu: 0.0000, FD: 0.9661, FDAug: 0.4834, Var: 0.0000, Ctx: 6, MixCtx: 3, Train: 74.80%, Valid: 71.32%, Test In: 73.24% Test OOD1: 67.33% Test OOD2: 53.25% Test OOD3: 63.77% 
Epoch: 70, Loss: 3.0521, Cls: 1.0203, Ind: 0.0000, Med: 0.5116, Spu: 0.0000, FD: 1.0140, FDAug: 0.5061, Var: 0.0000, Ctx: 6, MixCtx: 3, Train: 75.14%, Valid: 71.51%, Test In: 73.91% Test OOD1: 65.75% Test OOD2: 53.63% Test OOD3: 63.35% 
Epoch: 71, Loss: 2.9137, Cls: 0.9703, Ind: 0.0000, Med: 0.4848, Spu: 0.0000, FD: 0.9721, FDAug: 0.4865, Var: 0.0000, Ctx: 6, MixCtx: 3, Train: 74.94%, Valid: 71.25%, Test In: 73.81% Test OOD1: 64.48% Test OOD2: 53.69% Test OOD3: 63.01% 
Epoch: 72, Loss: 2.9997, Cls: 0.9988, Ind: 0.0000, Med: 0.4991, Spu: 0.0000, FD: 1.0007, FDAug: 0.5010, Var: 0.0000, Ctx: 6, MixCtx: 3, Train: 75.22%, Valid: 71.65%, Test In: 73.86% Test OOD1: 66.67% Test OOD2: 53.49% Test OOD3: 63.60% 
Epoch: 73, Loss: 2.9013, Cls: 0.9667, Ind: 0.0000, Med: 0.4832, Spu: 0.0000, FD: 0.9675, FDAug: 0.4839, Var: 0.0000, Ctx: 6, MixCtx: 3, Train: 74.97%, Valid: 71.51%, Test In: 73.43% Test OOD1: 67.35% Test OOD2: 53.27% Test OOD3: 63.78% 
Epoch: 74, Loss: 2.9854, Cls: 0.9952, Ind: 0.0000, Med: 0.4976, Spu: 0.0000, FD: 0.9954, FDAug: 0.4971, Var: 0.0000, Ctx: 6, MixCtx: 3, Train: 75.29%, Valid: 71.71%, Test In: 73.94% Test OOD1: 66.48% Test OOD2: 53.54% Test OOD3: 63.56% 
Epoch: 75, Loss: 2.8947, Cls: 0.9646, Ind: 0.0000, Med: 0.4823, Spu: 0.0000, FD: 0.9650, FDAug: 0.4828, Var: 0.0000, Ctx: 6, MixCtx: 3, Train: 75.25%, Valid: 71.63%, Test In: 74.00% Test OOD1: 65.66% Test OOD2: 53.65% Test OOD3: 63.36% 
Epoch: 76, Loss: 2.9598, Cls: 0.9878, Ind: 0.0000, Med: 0.4947, Spu: 0.0000, FD: 0.9845, FDAug: 0.4928, Var: 0.0000, Ctx: 6, MixCtx: 3, Train: 75.25%, Valid: 71.70%, Test In: 73.77% Test OOD1: 67.06% Test OOD2: 53.40% Test OOD3: 63.74% 
Epoch: 77, Loss: 2.8851, Cls: 0.9614, Ind: 0.0000, Med: 0.4807, Spu: 0.0000, FD: 0.9620, FDAug: 0.4810, Var: 0.0000, Ctx: 6, MixCtx: 3, Train: 74.99%, Valid: 71.54%, Test In: 73.40% Test OOD1: 67.45% Test OOD2: 53.24% Test OOD3: 63.82% 
Epoch: 78, Loss: 2.9469, Cls: 0.9816, Ind: 0.0000, Med: 0.4905, Spu: 0.0000, FD: 0.9835, FDAug: 0.4911, Var: 0.0000, Ctx: 6, MixCtx: 3, Train: 75.35%, Valid: 71.79%, Test In: 73.93% Test OOD1: 66.76% Test OOD2: 53.50% Test OOD3: 63.67% 
Epoch: 79, Loss: 2.8901, Cls: 0.9636, Ind: 0.0000, Med: 0.4820, Spu: 0.0000, FD: 0.9628, FDAug: 0.4816, Var: 0.0000, Ctx: 6, MixCtx: 3, Train: 75.39%, Valid: 71.81%, Test In: 74.01% Test OOD1: 66.41% Test OOD2: 53.58% Test OOD3: 63.58% 
Epoch: 80, Loss: 2.9223, Cls: 0.9742, Ind: 0.0000, Med: 0.4873, Spu: 0.0000, FD: 0.9736, FDAug: 0.4872, Var: 0.0000, Ctx: 6, MixCtx: 3, Train: 75.22%, Valid: 71.71%, Test In: 73.64% Test OOD1: 67.34% Test OOD2: 53.33% Test OOD3: 63.82% 
Epoch: 81, Loss: 2.8930, Cls: 0.9645, Ind: 0.0000, Med: 0.4824, Spu: 0.0000, FD: 0.9642, FDAug: 0.4818, Var: 0.0000, Ctx: 6, MixCtx: 3, Train: 75.22%, Valid: 71.71%, Test In: 73.62% Test OOD1: 67.39% Test OOD2: 53.31% Test OOD3: 63.82% 
Epoch: 82, Loss: 2.9011, Cls: 0.9676, Ind: 0.0000, Med: 0.4842, Spu: 0.0000, FD: 0.9665, FDAug: 0.4829, Var: 0.0000, Ctx: 6, MixCtx: 3, Train: 75.47%, Valid: 71.91%, Test In: 74.06% Test OOD1: 66.59% Test OOD2: 53.56% Test OOD3: 63.63% 
Epoch: 83, Loss: 2.8979, Cls: 0.9651, Ind: 0.0000, Med: 0.4824, Spu: 0.0000, FD: 0.9667, FDAug: 0.4837, Var: 0.0000, Ctx: 6, MixCtx: 3, Train: 75.50%, Valid: 71.95%, Test In: 74.07% Test OOD1: 66.66% Test OOD2: 53.54% Test OOD3: 63.64% 
Epoch: 84, Loss: 2.8868, Cls: 0.9616, Ind: 0.0000, Med: 0.4807, Spu: 0.0000, FD: 0.9628, FDAug: 0.4817, Var: 0.0000, Ctx: 6, MixCtx: 3, Train: 75.37%, Valid: 71.88%, Test In: 73.80% Test OOD1: 67.34% Test OOD2: 53.35% Test OOD3: 63.82% 
Epoch: 85, Loss: 2.8957, Cls: 0.9662, Ind: 0.0000, Med: 0.4836, Spu: 0.0000, FD: 0.9641, FDAug: 0.4818, Var: 0.0000, Ctx: 6, MixCtx: 3, Train: 75.49%, Valid: 71.98%, Test In: 73.96% Test OOD1: 67.14% Test OOD2: 53.42% Test OOD3: 63.77% 
Epoch: 86, Loss: 2.8760, Cls: 0.9591, Ind: 0.0000, Med: 0.4798, Spu: 0.0000, FD: 0.9581, FDAug: 0.4790, Var: 0.0000, Ctx: 6, MixCtx: 3, Train: 75.57%, Valid: 72.05%, Test In: 74.19% Test OOD1: 66.28% Test OOD2: 53.61% Test OOD3: 63.54% 
Epoch: 87, Loss: 2.8917, Cls: 0.9634, Ind: 0.0000, Med: 0.4815, Spu: 0.0000, FD: 0.9643, FDAug: 0.4825, Var: 0.0000, Ctx: 6, MixCtx: 3, Train: 75.61%, Valid: 72.11%, Test In: 74.17% Test OOD1: 66.62% Test OOD2: 53.55% Test OOD3: 63.63% 
Epoch: 88, Loss: 2.8700, Cls: 0.9565, Ind: 0.0000, Med: 0.4782, Spu: 0.0000, FD: 0.9567, FDAug: 0.4786, Var: 0.0000, Ctx: 6, MixCtx: 3, Train: 75.56%, Valid: 72.10%, Test In: 74.02% Test OOD1: 67.20% Test OOD2: 53.40% Test OOD3: 63.77% 
Epoch: 89, Loss: 2.8881, Cls: 0.9626, Ind: 0.0000, Med: 0.4813, Spu: 0.0000, FD: 0.9630, FDAug: 0.4813, Var: 0.0000, Ctx: 6, MixCtx: 3, Train: 75.66%, Valid: 72.19%, Test In: 74.19% Test OOD1: 66.75% Test OOD2: 53.52% Test OOD3: 63.65% 
Epoch: 90, Loss: 2.8646, Cls: 0.9547, Ind: 0.0000, Med: 0.4774, Spu: 0.0000, FD: 0.9549, FDAug: 0.4775, Var: 0.0000, Ctx: 6, MixCtx: 3, Train: 75.69%, Valid: 72.19%, Test In: 74.29% Test OOD1: 66.11% Test OOD2: 53.63% Test OOD3: 63.49% 
Epoch: 91, Loss: 2.8823, Cls: 0.9612, Ind: 0.0000, Med: 0.4810, Spu: 0.0000, FD: 0.9600, FDAug: 0.4802, Var: 0.0000, Ctx: 6, MixCtx: 3, Train: 75.73%, Valid: 72.26%, Test In: 74.23% Test OOD1: 66.82% Test OOD2: 53.49% Test OOD3: 63.67% 
Epoch: 92, Loss: 2.8628, Cls: 0.9541, Ind: 0.0000, Med: 0.4771, Spu: 0.0000, FD: 0.9544, FDAug: 0.4772, Var: 0.0000, Ctx: 6, MixCtx: 3, Train: 75.74%, Valid: 72.28%, Test In: 74.17% Test OOD1: 67.10% Test OOD2: 53.43% Test OOD3: 63.74% 
Epoch: 93, Loss: 2.8738, Cls: 0.9575, Ind: 0.0000, Med: 0.4786, Spu: 0.0000, FD: 0.9586, FDAug: 0.4791, Var: 0.0000, Ctx: 6, MixCtx: 3, Train: 75.81%, Valid: 72.34%, Test In: 74.34% Test OOD1: 66.40% Test OOD2: 53.58% Test OOD3: 63.56% 
Epoch: 94, Loss: 2.8653, Cls: 0.9552, Ind: 0.0000, Med: 0.4777, Spu: 0.0000, FD: 0.9548, FDAug: 0.4776, Var: 0.0000, Ctx: 6, MixCtx: 3, Train: 75.85%, Valid: 72.39%, Test In: 74.36% Test OOD1: 66.49% Test OOD2: 53.56% Test OOD3: 63.59% 
Epoch: 95, Loss: 2.8616, Cls: 0.9538, Ind: 0.0000, Med: 0.4769, Spu: 0.0000, FD: 0.9538, FDAug: 0.4770, Var: 0.0000, Ctx: 6, MixCtx: 3, Train: 75.85%, Valid: 72.40%, Test In: 74.24% Test OOD1: 67.17% Test OOD2: 53.41% Test OOD3: 63.76% 
Epoch: 96, Loss: 2.8670, Cls: 0.9556, Ind: 0.0000, Med: 0.4778, Spu: 0.0000, FD: 0.9559, FDAug: 0.4777, Var: 0.0000, Ctx: 6, MixCtx: 3, Train: 75.93%, Valid: 72.48%, Test In: 74.36% Test OOD1: 66.85% Test OOD2: 53.49% Test OOD3: 63.68% 
Epoch: 97, Loss: 2.8540, Cls: 0.9512, Ind: 0.0000, Med: 0.4756, Spu: 0.0000, FD: 0.9514, FDAug: 0.4757, Var: 0.0000, Ctx: 6, MixCtx: 3, Train: 75.98%, Valid: 72.54%, Test In: 74.44% Test OOD1: 66.50% Test OOD2: 53.55% Test OOD3: 63.60% 
Epoch: 98, Loss: 2.8619, Cls: 0.9537, Ind: 0.0000, Med: 0.4768, Spu: 0.0000, FD: 0.9541, FDAug: 0.4773, Var: 0.0000, Ctx: 6, MixCtx: 3, Train: 76.00%, Valid: 72.55%, Test In: 74.34% Test OOD1: 67.15% Test OOD2: 53.41% Test OOD3: 63.76% 
Epoch: 99, Loss: 2.8543, Cls: 0.9515, Ind: 0.0000, Med: 0.4758, Spu: 0.0000, FD: 0.9513, FDAug: 0.4756, Var: 0.0000, Ctx: 6, MixCtx: 3, Train: 76.04%, Valid: 72.60%, Test In: 74.36% Test OOD1: 67.18% Test OOD2: 53.40% Test OOD3: 63.76% 
Epoch: 100, Loss: 2.8523, Cls: 0.9508, Ind: 0.0000, Med: 0.4755, Spu: 0.0000, FD: 0.9507, FDAug: 0.4753, Var: 0.0000, Ctx: 6, MixCtx: 3, Train: 76.12%, Valid: 72.69%, Test In: 74.49% Test OOD1: 66.69% Test OOD2: 53.49% Test OOD3: 63.64% 
Epoch: 101, Loss: 2.8559, Cls: 0.9517, Ind: 0.0000, Med: 0.4758, Spu: 0.0000, FD: 0.9521, FDAug: 0.4763, Var: 0.0000, Ctx: 6, MixCtx: 3, Train: 76.15%, Valid: 72.70%, Test In: 74.42% Test OOD1: 67.14% Test OOD2: 53.40% Test OOD3: 63.76% 
Epoch: 102, Loss: 2.8468, Cls: 0.9488, Ind: 0.0000, Med: 0.4744, Spu: 0.0000, FD: 0.9490, FDAug: 0.4745, Var: 0.0000, Ctx: 6, MixCtx: 3, Train: 76.16%, Valid: 72.71%, Test In: 74.39% Test OOD1: 67.33% Test OOD2: 53.35% Test OOD3: 63.81% 
Epoch: 103, Loss: 2.8496, Cls: 0.9498, Ind: 0.0000, Med: 0.4749, Spu: 0.0000, FD: 0.9500, FDAug: 0.4749, Var: 0.0000, Ctx: 6, MixCtx: 3, Train: 76.26%, Valid: 72.82%, Test In: 74.54% Test OOD1: 66.81% Test OOD2: 53.45% Test OOD3: 63.68% 
Epoch: 104, Loss: 2.8495, Cls: 0.9497, Ind: 0.0000, Med: 0.4749, Spu: 0.0000, FD: 0.9497, FDAug: 0.4751, Var: 0.0000, Ctx: 6, MixCtx: 3, Train: 76.28%, Valid: 72.83%, Test In: 74.49% Test OOD1: 67.16% Test OOD2: 53.38% Test OOD3: 63.77% 
Epoch: 105, Loss: 2.8422, Cls: 0.9472, Ind: 0.0000, Med: 0.4736, Spu: 0.0000, FD: 0.9475, FDAug: 0.4738, Var: 0.0000, Ctx: 6, MixCtx: 3, Train: 76.29%, Valid: 72.84%, Test In: 74.46% Test OOD1: 67.36% Test OOD2: 53.34% Test OOD3: 63.82% 
Epoch: 106, Loss: 2.8449, Cls: 0.9482, Ind: 0.0000, Med: 0.4740, Spu: 0.0000, FD: 0.9485, FDAug: 0.4742, Var: 0.0000, Ctx: 6, MixCtx: 3, Train: 76.38%, Valid: 72.93%, Test In: 74.60% Test OOD1: 66.82% Test OOD2: 53.44% Test OOD3: 63.70% 
Epoch: 107, Loss: 2.8450, Cls: 0.9483, Ind: 0.0000, Med: 0.4742, Spu: 0.0000, FD: 0.9482, FDAug: 0.4743, Var: 0.0000, Ctx: 6, MixCtx: 3, Train: 76.40%, Valid: 72.94%, Test In: 74.54% Test OOD1: 67.21% Test OOD2: 53.37% Test OOD3: 63.79% 
Epoch: 108, Loss: 2.8380, Cls: 0.9459, Ind: 0.0000, Med: 0.4729, Spu: 0.0000, FD: 0.9461, FDAug: 0.4731, Var: 0.0000, Ctx: 6, MixCtx: 3, Train: 76.43%, Valid: 72.95%, Test In: 74.53% Test OOD1: 67.29% Test OOD2: 53.36% Test OOD3: 63.82% 
Epoch: 109, Loss: 2.8380, Cls: 0.9459, Ind: 0.0000, Med: 0.4729, Spu: 0.0000, FD: 0.9461, FDAug: 0.4730, Var: 0.0000, Ctx: 6, MixCtx: 3, Train: 76.50%, Valid: 73.02%, Test In: 74.64% Test OOD1: 66.81% Test OOD2: 53.46% Test OOD3: 63.71% 
Epoch: 110, Loss: 2.8402, Cls: 0.9465, Ind: 0.0000, Med: 0.4732, Spu: 0.0000, FD: 0.9468, FDAug: 0.4736, Var: 0.0000, Ctx: 6, MixCtx: 3, Train: 76.51%, Valid: 73.00%, Test In: 74.56% Test OOD1: 67.32% Test OOD2: 53.36% Test OOD3: 63.84% 
Epoch: 111, Loss: 2.8358, Cls: 0.9452, Ind: 0.0000, Med: 0.4726, Spu: 0.0000, FD: 0.9453, FDAug: 0.4726, Var: 0.0000, Ctx: 6, MixCtx: 3, Train: 76.56%, Valid: 73.05%, Test In: 74.62% Test OOD1: 67.10% Test OOD2: 53.42% Test OOD3: 63.80% 
Epoch: 112, Loss: 2.8312, Cls: 0.9436, Ind: 0.0000, Med: 0.4718, Spu: 0.0000, FD: 0.9438, FDAug: 0.4720, Var: 0.0000, Ctx: 6, MixCtx: 3, Train: 76.61%, Valid: 73.09%, Test In: 74.65% Test OOD1: 66.98% Test OOD2: 53.46% Test OOD3: 63.79% 
Epoch: 113, Loss: 2.8312, Cls: 0.9436, Ind: 0.0000, Med: 0.4718, Spu: 0.0000, FD: 0.9438, FDAug: 0.4720, Var: 0.0000, Ctx: 6, MixCtx: 3, Train: 76.61%, Valid: 73.06%, Test In: 74.58% Test OOD1: 67.37% Test OOD2: 53.38% Test OOD3: 63.89% 
Epoch: 114, Loss: 2.8328, Cls: 0.9442, Ind: 0.0000, Med: 0.4721, Spu: 0.0000, FD: 0.9443, FDAug: 0.4721, Var: 0.0000, Ctx: 6, MixCtx: 3, Train: 76.68%, Valid: 73.14%, Test In: 74.69% Test OOD1: 66.85% Test OOD2: 53.50% Test OOD3: 63.78% 
Epoch: 115, Loss: 2.8324, Cls: 0.9440, Ind: 0.0000, Med: 0.4720, Spu: 0.0000, FD: 0.9441, FDAug: 0.4723, Var: 0.0000, Ctx: 6, MixCtx: 3, Train: 76.69%, Valid: 73.10%, Test In: 74.62% Test OOD1: 67.34% Test OOD2: 53.42% Test OOD3: 63.91% 
Epoch: 116, Loss: 2.8290, Cls: 0.9429, Ind: 0.0000, Med: 0.4714, Spu: 0.0000, FD: 0.9431, FDAug: 0.4715, Var: 0.0000, Ctx: 6, MixCtx: 3, Train: 76.76%, Valid: 73.16%, Test In: 74.70% Test OOD1: 66.96% Test OOD2: 53.49% Test OOD3: 63.83% 
Epoch: 117, Loss: 2.8249, Cls: 0.9415, Ind: 0.0000, Med: 0.4708, Spu: 0.0000, FD: 0.9416, FDAug: 0.4710, Var: 0.0000, Ctx: 6, MixCtx: 3, Train: 76.79%, Valid: 73.15%, Test In: 74.68% Test OOD1: 67.16% Test OOD2: 53.46% Test OOD3: 63.89% 
Epoch: 118, Loss: 2.8219, Cls: 0.9405, Ind: 0.0000, Med: 0.4702, Spu: 0.0000, FD: 0.9407, FDAug: 0.4704, Var: 0.0000, Ctx: 6, MixCtx: 3, Train: 76.84%, Valid: 73.17%, Test In: 74.71% Test OOD1: 67.09% Test OOD2: 53.48% Test OOD3: 63.88% 
Epoch: 119, Loss: 2.8199, Cls: 0.9398, Ind: 0.0000, Med: 0.4699, Spu: 0.0000, FD: 0.9400, FDAug: 0.4701, Var: 0.0000, Ctx: 6, MixCtx: 3, Train: 76.88%, Valid: 73.18%, Test In: 74.73% Test OOD1: 67.01% Test OOD2: 53.50% Test OOD3: 63.86% 
Epoch: 120, Loss: 2.8186, Cls: 0.9394, Ind: 0.0000, Med: 0.4697, Spu: 0.0000, FD: 0.9395, FDAug: 0.4699, Var: 0.0000, Ctx: 6, MixCtx: 3, Train: 76.91%, Valid: 73.17%, Test In: 74.71% Test OOD1: 67.22% Test OOD2: 53.47% Test OOD3: 63.92% 
Epoch: 121, Loss: 2.8181, Cls: 0.9392, Ind: 0.0000, Med: 0.4696, Spu: 0.0000, FD: 0.9395, FDAug: 0.4697, Var: 0.0000, Ctx: 6, MixCtx: 3, Train: 76.97%, Valid: 73.19%, Test In: 74.74% Test OOD1: 66.88% Test OOD2: 53.52% Test OOD3: 63.84% 
Epoch: 122, Loss: 2.8187, Cls: 0.9395, Ind: 0.0000, Med: 0.4698, Spu: 0.0000, FD: 0.9394, FDAug: 0.4699, Var: 0.0000, Ctx: 6, MixCtx: 3, Train: 76.98%, Valid: 73.17%, Test In: 74.69% Test OOD1: 67.38% Test OOD2: 53.45% Test OOD3: 63.97% 
Epoch: 123, Loss: 2.8224, Cls: 0.9407, Ind: 0.0000, Med: 0.4703, Spu: 0.0000, FD: 0.9410, FDAug: 0.4703, Var: 0.0000, Ctx: 6, MixCtx: 3, Train: 77.04%, Valid: 73.19%, Test In: 74.76% Test OOD1: 66.55% Test OOD2: 53.57% Test OOD3: 63.75% 
Epoch: 124, Loss: 2.8355, Cls: 0.9452, Ind: 0.0000, Med: 0.4727, Spu: 0.0000, FD: 0.9448, FDAug: 0.4728, Var: 0.0000, Ctx: 6, MixCtx: 3, Train: 76.98%, Valid: 73.13%, Test In: 74.64% Test OOD1: 67.69% Test OOD2: 53.39% Test OOD3: 64.05% 
Epoch: 125, Loss: 2.8676, Cls: 0.9562, Ind: 0.0000, Med: 0.4782, Spu: 0.0000, FD: 0.9557, FDAug: 0.4773, Var: 0.0000, Ctx: 6, MixCtx: 3, Train: 77.00%, Valid: 73.09%, Test In: 74.68% Test OOD1: 65.66% Test OOD2: 53.63% Test OOD3: 63.49% 
Epoch: 126, Loss: 2.9233, Cls: 0.9743, Ind: 0.0000, Med: 0.4873, Spu: 0.0000, FD: 0.9737, FDAug: 0.4879, Var: 0.0000, Ctx: 6, MixCtx: 3, Train: 76.99%, Valid: 73.15%, Test In: 74.64% Test OOD1: 67.79% Test OOD2: 53.38% Test OOD3: 64.06% 
Epoch: 127, Loss: 2.9075, Cls: 0.9705, Ind: 0.0000, Med: 0.4858, Spu: 0.0000, FD: 0.9680, FDAug: 0.4831, Var: 0.0000, Ctx: 6, MixCtx: 3, Train: 77.13%, Valid: 73.18%, Test In: 74.79% Test OOD1: 66.55% Test OOD2: 53.63% Test OOD3: 63.67% 
Epoch: 128, Loss: 2.8302, Cls: 0.9429, Ind: 0.0000, Med: 0.4714, Spu: 0.0000, FD: 0.9437, FDAug: 0.4722, Var: 0.0000, Ctx: 6, MixCtx: 3, Train: 77.17%, Valid: 73.17%, Test In: 74.79% Test OOD1: 66.70% Test OOD2: 53.64% Test OOD3: 63.73% 
Epoch: 129, Loss: 2.8366, Cls: 0.9450, Ind: 0.0000, Med: 0.4724, Spu: 0.0000, FD: 0.9459, FDAug: 0.4733, Var: 0.0000, Ctx: 6, MixCtx: 3, Train: 77.03%, Valid: 73.09%, Test In: 74.59% Test OOD1: 68.00% Test OOD2: 53.40% Test OOD3: 64.17% 
Epoch: 130, Loss: 2.8700, Cls: 0.9573, Ind: 0.0000, Med: 0.4789, Spu: 0.0000, FD: 0.9564, FDAug: 0.4775, Var: 0.0000, Ctx: 6, MixCtx: 3, Train: 77.26%, Valid: 73.14%, Test In: 74.73% Test OOD1: 67.50% Test OOD2: 53.57% Test OOD3: 64.07% 
Epoch: 131, Loss: 2.8209, Cls: 0.9401, Ind: 0.0000, Med: 0.4701, Spu: 0.0000, FD: 0.9402, FDAug: 0.4704, Var: 0.0000, Ctx: 6, MixCtx: 3, Train: 77.25%, Valid: 73.09%, Test In: 74.67% Test OOD1: 67.72% Test OOD2: 53.53% Test OOD3: 64.18% 
Epoch: 132, Loss: 2.8148, Cls: 0.9383, Ind: 0.0000, Med: 0.4693, Spu: 0.0000, FD: 0.9380, FDAug: 0.4693, Var: 0.0000, Ctx: 6, MixCtx: 3, Train: 77.00%, Valid: 72.90%, Test In: 74.45% Test OOD1: 68.22% Test OOD2: 53.39% Test OOD3: 64.34% 
Epoch: 133, Loss: 2.8568, Cls: 0.9521, Ind: 0.0000, Med: 0.4759, Spu: 0.0000, FD: 0.9529, FDAug: 0.4759, Var: 0.0000, Ctx: 6, MixCtx: 3, Train: 77.31%, Valid: 73.07%, Test In: 74.71% Test OOD1: 67.48% Test OOD2: 53.62% Test OOD3: 64.16% 
Epoch: 134, Loss: 2.8380, Cls: 0.9464, Ind: 0.0000, Med: 0.4735, Spu: 0.0000, FD: 0.9452, FDAug: 0.4730, Var: 0.0000, Ctx: 6, MixCtx: 3, Train: 77.31%, Valid: 73.06%, Test In: 74.72% Test OOD1: 67.72% Test OOD2: 53.60% Test OOD3: 64.19% 
Epoch: 135, Loss: 2.8009, Cls: 0.9335, Ind: 0.0000, Med: 0.4667, Spu: 0.0000, FD: 0.9337, FDAug: 0.4669, Var: 0.0000, Ctx: 6, MixCtx: 3, Train: 77.25%, Valid: 73.05%, Test In: 74.71% Test OOD1: 67.87% Test OOD2: 53.57% Test OOD3: 64.22% 
Epoch: 136, Loss: 2.8291, Cls: 0.9430, Ind: 0.0000, Med: 0.4715, Spu: 0.0000, FD: 0.9432, FDAug: 0.4713, Var: 0.0000, Ctx: 6, MixCtx: 3, Train: 77.37%, Valid: 73.06%, Test In: 74.82% Test OOD1: 66.87% Test OOD2: 53.79% Test OOD3: 63.91% 
Epoch: 137, Loss: 2.8234, Cls: 0.9408, Ind: 0.0000, Med: 0.4703, Spu: 0.0000, FD: 0.9412, FDAug: 0.4710, Var: 0.0000, Ctx: 6, MixCtx: 3, Train: 77.40%, Valid: 73.09%, Test In: 74.83% Test OOD1: 67.18% Test OOD2: 53.77% Test OOD3: 64.00% 
Epoch: 138, Loss: 2.8007, Cls: 0.9333, Ind: 0.0000, Med: 0.4666, Spu: 0.0000, FD: 0.9337, FDAug: 0.4670, Var: 0.0000, Ctx: 6, MixCtx: 3, Train: 77.36%, Valid: 73.07%, Test In: 74.77% Test OOD1: 67.72% Test OOD2: 53.65% Test OOD3: 64.18% 
Epoch: 139, Loss: 2.8241, Cls: 0.9415, Ind: 0.0000, Med: 0.4708, Spu: 0.0000, FD: 0.9413, FDAug: 0.4704, Var: 0.0000, Ctx: 6, MixCtx: 3, Train: 77.48%, Valid: 73.04%, Test In: 74.79% Test OOD1: 67.04% Test OOD2: 53.80% Test OOD3: 64.03% 
Epoch: 140, Loss: 2.8112, Cls: 0.9369, Ind: 0.0000, Med: 0.4684, Spu: 0.0000, FD: 0.9371, FDAug: 0.4688, Var: 0.0000, Ctx: 6, MixCtx: 3, Train: 77.50%, Valid: 73.06%, Test In: 74.76% Test OOD1: 67.47% Test OOD2: 53.74% Test OOD3: 64.16% 
Epoch: 141, Loss: 2.7928, Cls: 0.9307, Ind: 0.0000, Med: 0.4653, Spu: 0.0000, FD: 0.9311, FDAug: 0.4656, Var: 0.0000, Ctx: 6, MixCtx: 3, Train: 77.44%, Valid: 73.02%, Test In: 74.68% Test OOD1: 67.93% Test OOD2: 53.62% Test OOD3: 64.30% 
Epoch: 142, Loss: 2.8159, Cls: 0.9384, Ind: 0.0000, Med: 0.4691, Spu: 0.0000, FD: 0.9391, FDAug: 0.4693, Var: 0.0000, Ctx: 6, MixCtx: 3, Train: 77.58%, Valid: 73.04%, Test In: 74.73% Test OOD1: 67.10% Test OOD2: 53.80% Test OOD3: 64.06% 
Epoch: 143, Loss: 2.8191, Cls: 0.9399, Ind: 0.0000, Med: 0.4701, Spu: 0.0000, FD: 0.9393, FDAug: 0.4698, Var: 0.0000, Ctx: 6, MixCtx: 3, Train: 77.60%, Valid: 73.08%, Test In: 74.74% Test OOD1: 67.64% Test OOD2: 53.69% Test OOD3: 64.19% 
Epoch: 144, Loss: 2.7912, Cls: 0.9302, Ind: 0.0000, Med: 0.4650, Spu: 0.0000, FD: 0.9307, FDAug: 0.4653, Var: 0.0000, Ctx: 6, MixCtx: 3, Train: 77.64%, Valid: 73.11%, Test In: 74.77% Test OOD1: 67.57% Test OOD2: 53.70% Test OOD3: 64.13% 
Epoch: 145, Loss: 2.7920, Cls: 0.9305, Ind: 0.0000, Med: 0.4652, Spu: 0.0000, FD: 0.9309, FDAug: 0.4654, Var: 0.0000, Ctx: 6, MixCtx: 3, Train: 77.70%, Valid: 73.07%, Test In: 74.75% Test OOD1: 66.87% Test OOD2: 53.83% Test OOD3: 63.87% 
Epoch: 146, Loss: 2.8052, Cls: 0.9352, Ind: 0.0000, Med: 0.4677, Spu: 0.0000, FD: 0.9347, FDAug: 0.4676, Var: 0.0000, Ctx: 6, MixCtx: 3, Train: 77.70%, Valid: 73.13%, Test In: 74.78% Test OOD1: 67.57% Test OOD2: 53.72% Test OOD3: 64.09% 
Epoch: 147, Loss: 2.7903, Cls: 0.9299, Ind: 0.0000, Med: 0.4649, Spu: 0.0000, FD: 0.9303, FDAug: 0.4651, Var: 0.0000, Ctx: 6, MixCtx: 3, Train: 77.76%, Valid: 73.12%, Test In: 74.76% Test OOD1: 67.52% Test OOD2: 53.76% Test OOD3: 64.07% 
Epoch: 148, Loss: 2.7829, Cls: 0.9275, Ind: 0.0000, Med: 0.4637, Spu: 0.0000, FD: 0.9278, FDAug: 0.4639, Var: 0.0000, Ctx: 6, MixCtx: 3, Train: 77.80%, Valid: 73.06%, Test In: 74.72% Test OOD1: 67.14% Test OOD2: 53.84% Test OOD3: 63.96% 
Epoch: 149, Loss: 2.7943, Cls: 0.9315, Ind: 0.0000, Med: 0.4659, Spu: 0.0000, FD: 0.9311, FDAug: 0.4657, Var: 0.0000, Ctx: 6, MixCtx: 3, Train: 77.79%, Valid: 73.07%, Test In: 74.72% Test OOD1: 67.77% Test OOD2: 53.72% Test OOD3: 64.19% 
Epoch: 150, Loss: 2.7910, Cls: 0.9302, Ind: 0.0000, Med: 0.4650, Spu: 0.0000, FD: 0.9306, FDAug: 0.4652, Var: 0.0000, Ctx: 6, MixCtx: 3, Train: 77.88%, Valid: 73.04%, Test In: 74.71% Test OOD1: 67.33% Test OOD2: 53.83% Test OOD3: 64.03% 
Epoch: 151, Loss: 2.7781, Cls: 0.9259, Ind: 0.0000, Med: 0.4630, Spu: 0.0000, FD: 0.9261, FDAug: 0.4631, Var: 0.0000, Ctx: 6, MixCtx: 3, Train: 77.92%, Valid: 73.02%, Test In: 74.70% Test OOD1: 67.21% Test OOD2: 53.86% Test OOD3: 63.99% 
Epoch: 152, Loss: 2.7763, Cls: 0.9253, Ind: 0.0000, Med: 0.4626, Spu: 0.0000, FD: 0.9255, FDAug: 0.4628, Var: 0.0000, Ctx: 6, MixCtx: 3, Train: 77.95%, Valid: 73.04%, Test In: 74.75% Test OOD1: 67.52% Test OOD2: 53.82% Test OOD3: 64.09% 
Epoch: 153, Loss: 2.7830, Cls: 0.9278, Ind: 0.0000, Med: 0.4640, Spu: 0.0000, FD: 0.9275, FDAug: 0.4637, Var: 0.0000, Ctx: 6, MixCtx: 3, Train: 77.99%, Valid: 72.93%, Test In: 74.63% Test OOD1: 66.87% Test OOD2: 53.92% Test OOD3: 63.85% 
Epoch: 154, Loss: 2.7827, Cls: 0.9274, Ind: 0.0000, Med: 0.4637, Spu: 0.0000, FD: 0.9277, FDAug: 0.4640, Var: 0.0000, Ctx: 6, MixCtx: 3, Train: 78.04%, Valid: 72.99%, Test In: 74.71% Test OOD1: 67.39% Test OOD2: 53.86% Test OOD3: 64.04% 
Epoch: 155, Loss: 2.7738, Cls: 0.9247, Ind: 0.0000, Med: 0.4624, Spu: 0.0000, FD: 0.9245, FDAug: 0.4622, Var: 0.0000, Ctx: 6, MixCtx: 3, Train: 78.09%, Valid: 72.94%, Test In: 74.66% Test OOD1: 67.27% Test OOD2: 53.89% Test OOD3: 64.01% 
Epoch: 156, Loss: 2.7672, Cls: 0.9223, Ind: 0.0000, Med: 0.4612, Spu: 0.0000, FD: 0.9224, FDAug: 0.4613, Var: 0.0000, Ctx: 6, MixCtx: 3, Train: 78.13%, Valid: 72.89%, Test In: 74.62% Test OOD1: 67.24% Test OOD2: 53.89% Test OOD3: 64.00% 
Epoch: 157, Loss: 2.7685, Cls: 0.9228, Ind: 0.0000, Med: 0.4614, Spu: 0.0000, FD: 0.9228, FDAug: 0.4615, Var: 0.0000, Ctx: 6, MixCtx: 3, Train: 78.14%, Valid: 72.95%, Test In: 74.68% Test OOD1: 67.64% Test OOD2: 53.82% Test OOD3: 64.15% 
Epoch: 158, Loss: 2.7742, Cls: 0.9247, Ind: 0.0000, Med: 0.4623, Spu: 0.0000, FD: 0.9248, FDAug: 0.4623, Var: 0.0000, Ctx: 6, MixCtx: 3, Train: 78.20%, Valid: 72.83%, Test In: 74.57% Test OOD1: 66.98% Test OOD2: 53.94% Test OOD3: 63.89% 
Epoch: 159, Loss: 2.7806, Cls: 0.9270, Ind: 0.0000, Med: 0.4636, Spu: 0.0000, FD: 0.9265, FDAug: 0.4635, Var: 0.0000, Ctx: 6, MixCtx: 3, Train: 78.19%, Valid: 72.98%, Test In: 74.75% Test OOD1: 67.60% Test OOD2: 53.86% Test OOD3: 64.12% 
Epoch: 160, Loss: 2.7838, Cls: 0.9279, Ind: 0.0000, Med: 0.4639, Spu: 0.0000, FD: 0.9282, FDAug: 0.4639, Var: 0.0000, Ctx: 6, MixCtx: 3, Train: 78.28%, Valid: 72.85%, Test In: 74.59% Test OOD1: 66.88% Test OOD2: 54.01% Test OOD3: 63.81% 
Epoch: 161, Loss: 2.7799, Cls: 0.9267, Ind: 0.0000, Med: 0.4635, Spu: 0.0000, FD: 0.9262, FDAug: 0.4634, Var: 0.0000, Ctx: 6, MixCtx: 3, Train: 78.29%, Valid: 72.99%, Test In: 74.75% Test OOD1: 67.61% Test OOD2: 53.94% Test OOD3: 64.11% 
Epoch: 162, Loss: 2.7681, Cls: 0.9226, Ind: 0.0000, Med: 0.4613, Spu: 0.0000, FD: 0.9229, FDAug: 0.4613, Var: 0.0000, Ctx: 6, MixCtx: 3, Train: 78.37%, Valid: 72.92%, Test In: 74.67% Test OOD1: 67.34% Test OOD2: 54.01% Test OOD3: 64.02% 
Epoch: 163, Loss: 2.7568, Cls: 0.9189, Ind: 0.0000, Med: 0.4595, Spu: 0.0000, FD: 0.9189, FDAug: 0.4596, Var: 0.0000, Ctx: 6, MixCtx: 3, Train: 78.41%, Valid: 72.91%, Test In: 74.66% Test OOD1: 67.43% Test OOD2: 54.03% Test OOD3: 64.08% 
Epoch: 164, Loss: 2.7533, Cls: 0.9177, Ind: 0.0000, Med: 0.4589, Spu: 0.0000, FD: 0.9178, FDAug: 0.4590, Var: 0.0000, Ctx: 6, MixCtx: 3, Train: 78.44%, Valid: 72.92%, Test In: 74.70% Test OOD1: 67.58% Test OOD2: 54.01% Test OOD3: 64.15% 
Epoch: 165, Loss: 2.7570, Cls: 0.9189, Ind: 0.0000, Med: 0.4595, Spu: 0.0000, FD: 0.9191, FDAug: 0.4594, Var: 0.0000, Ctx: 6, MixCtx: 3, Train: 78.48%, Valid: 72.77%, Test In: 74.53% Test OOD1: 66.84% Test OOD2: 54.13% Test OOD3: 63.86% 
Epoch: 166, Loss: 2.7669, Cls: 0.9223, Ind: 0.0000, Med: 0.4612, Spu: 0.0000, FD: 0.9221, FDAug: 0.4613, Var: 0.0000, Ctx: 6, MixCtx: 3, Train: 78.48%, Valid: 72.94%, Test In: 74.78% Test OOD1: 67.49% Test OOD2: 54.02% Test OOD3: 64.14% 
Epoch: 167, Loss: 2.7874, Cls: 0.9293, Ind: 0.0000, Med: 0.4647, Spu: 0.0000, FD: 0.9291, FDAug: 0.4642, Var: 0.0000, Ctx: 6, MixCtx: 3, Train: 78.48%, Valid: 72.63%, Test In: 74.38% Test OOD1: 66.40% Test OOD2: 54.19% Test OOD3: 63.67% 
Epoch: 168, Loss: 2.8218, Cls: 0.9408, Ind: 0.0000, Med: 0.4707, Spu: 0.0000, FD: 0.9398, FDAug: 0.4705, Var: 0.0000, Ctx: 6, MixCtx: 3, Train: 78.42%, Valid: 72.98%, Test In: 74.80% Test OOD1: 67.94% Test OOD2: 53.95% Test OOD3: 64.30% 
Epoch: 169, Loss: 2.8386, Cls: 0.9467, Ind: 0.0000, Med: 0.4736, Spu: 0.0000, FD: 0.9460, FDAug: 0.4724, Var: 0.0000, Ctx: 6, MixCtx: 3, Train: 78.59%, Valid: 72.78%, Test In: 74.51% Test OOD1: 66.66% Test OOD2: 54.22% Test OOD3: 63.73% 
Epoch: 170, Loss: 2.7924, Cls: 0.9306, Ind: 0.0000, Med: 0.4654, Spu: 0.0000, FD: 0.9306, FDAug: 0.4658, Var: 0.0000, Ctx: 6, MixCtx: 3, Train: 78.62%, Valid: 72.98%, Test In: 74.72% Test OOD1: 67.40% Test OOD2: 54.17% Test OOD3: 64.05% 
Epoch: 171, Loss: 2.7497, Cls: 0.9164, Ind: 0.0000, Med: 0.4582, Spu: 0.0000, FD: 0.9168, FDAug: 0.4583, Var: 0.0000, Ctx: 6, MixCtx: 3, Train: 78.48%, Valid: 73.00%, Test In: 74.75% Test OOD1: 68.03% Test OOD2: 54.04% Test OOD3: 64.37% 
Epoch: 172, Loss: 2.7840, Cls: 0.9283, Ind: 0.0000, Med: 0.4643, Spu: 0.0000, FD: 0.9280, FDAug: 0.4635, Var: 0.0000, Ctx: 6, MixCtx: 3, Train: 78.67%, Valid: 72.76%, Test In: 74.51% Test OOD1: 67.15% Test OOD2: 54.23% Test OOD3: 64.03% 
Epoch: 173, Loss: 2.7895, Cls: 0.9298, Ind: 0.0000, Med: 0.4650, Spu: 0.0000, FD: 0.9294, FDAug: 0.4653, Var: 0.0000, Ctx: 6, MixCtx: 3, Train: 78.71%, Valid: 72.92%, Test In: 74.74% Test OOD1: 67.72% Test OOD2: 54.12% Test OOD3: 64.28% 
Epoch: 174, Loss: 2.7446, Cls: 0.9148, Ind: 0.0000, Med: 0.4573, Spu: 0.0000, FD: 0.9152, FDAug: 0.4574, Var: 0.0000, Ctx: 6, MixCtx: 3, Train: 78.78%, Valid: 72.94%, Test In: 74.80% Test OOD1: 67.49% Test OOD2: 54.15% Test OOD3: 64.20% 
Epoch: 175, Loss: 2.7457, Cls: 0.9151, Ind: 0.0000, Med: 0.4575, Spu: 0.0000, FD: 0.9156, FDAug: 0.4575, Var: 0.0000, Ctx: 6, MixCtx: 3, Train: 78.75%, Valid: 72.71%, Test In: 74.50% Test OOD1: 66.40% Test OOD2: 54.30% Test OOD3: 63.75% 
Epoch: 176, Loss: 2.7767, Cls: 0.9257, Ind: 0.0000, Med: 0.4630, Spu: 0.0000, FD: 0.9250, FDAug: 0.4630, Var: 0.0000, Ctx: 6, MixCtx: 3, Train: 78.77%, Valid: 72.95%, Test In: 74.82% Test OOD1: 67.41% Test OOD2: 54.17% Test OOD3: 64.21% 
Epoch: 177, Loss: 2.7743, Cls: 0.9247, Ind: 0.0000, Med: 0.4622, Spu: 0.0000, FD: 0.9252, FDAug: 0.4621, Var: 0.0000, Ctx: 6, MixCtx: 3, Train: 78.94%, Valid: 72.80%, Test In: 74.57% Test OOD1: 66.95% Test OOD2: 54.28% Test OOD3: 63.95% 
Epoch: 178, Loss: 2.7427, Cls: 0.9142, Ind: 0.0000, Med: 0.4572, Spu: 0.0000, FD: 0.9140, FDAug: 0.4573, Var: 0.0000, Ctx: 6, MixCtx: 3, Train: 78.93%, Valid: 72.89%, Test In: 74.63% Test OOD1: 67.42% Test OOD2: 54.23% Test OOD3: 64.14% 
Epoch: 179, Loss: 2.7283, Cls: 0.9093, Ind: 0.0000, Med: 0.4547, Spu: 0.0000, FD: 0.9095, FDAug: 0.4548, Var: 0.0000, Ctx: 6, MixCtx: 3, Train: 78.90%, Valid: 72.98%, Test In: 74.70% Test OOD1: 67.60% Test OOD2: 54.21% Test OOD3: 64.18% 
Epoch: 180, Loss: 2.7387, Cls: 0.9128, Ind: 0.0000, Med: 0.4563, Spu: 0.0000, FD: 0.9132, FDAug: 0.4564, Var: 0.0000, Ctx: 6, MixCtx: 3, Train: 79.04%, Valid: 72.81%, Test In: 74.48% Test OOD1: 66.66% Test OOD2: 54.37% Test OOD3: 63.74% 
Epoch: 181, Loss: 2.7463, Cls: 0.9155, Ind: 0.0000, Med: 0.4578, Spu: 0.0000, FD: 0.9151, FDAug: 0.4579, Var: 0.0000, Ctx: 6, MixCtx: 3, Train: 79.06%, Valid: 72.95%, Test In: 74.69% Test OOD1: 67.21% Test OOD2: 54.24% Test OOD3: 64.02% 
Epoch: 182, Loss: 2.7304, Cls: 0.9101, Ind: 0.0000, Med: 0.4551, Spu: 0.0000, FD: 0.9103, FDAug: 0.4549, Var: 0.0000, Ctx: 6, MixCtx: 3, Train: 79.18%, Valid: 72.85%, Test In: 74.62% Test OOD1: 67.02% Test OOD2: 54.23% Test OOD3: 63.96% 
Epoch: 183, Loss: 2.7174, Cls: 0.9057, Ind: 0.0000, Med: 0.4529, Spu: 0.0000, FD: 0.9059, FDAug: 0.4529, Var: 0.0000, Ctx: 6, MixCtx: 3, Train: 79.22%, Valid: 72.73%, Test In: 74.50% Test OOD1: 66.74% Test OOD2: 54.24% Test OOD3: 63.87% 
Epoch: 184, Loss: 2.7266, Cls: 0.9088, Ind: 0.0000, Med: 0.4544, Spu: 0.0000, FD: 0.9088, FDAug: 0.4546, Var: 0.0000, Ctx: 6, MixCtx: 3, Train: 79.18%, Valid: 72.85%, Test In: 74.71% Test OOD1: 67.26% Test OOD2: 54.10% Test OOD3: 64.13% 
Epoch: 185, Loss: 2.7466, Cls: 0.9153, Ind: 0.0000, Med: 0.4576, Spu: 0.0000, FD: 0.9160, FDAug: 0.4577, Var: 0.0000, Ctx: 6, MixCtx: 3, Train: 79.19%, Valid: 72.49%, Test In: 74.23% Test OOD1: 65.76% Test OOD2: 54.29% Test OOD3: 63.44% 
Epoch: 186, Loss: 2.7653, Cls: 0.9219, Ind: 0.0000, Med: 0.4611, Spu: 0.0000, FD: 0.9212, FDAug: 0.4611, Var: 0.0000, Ctx: 6, MixCtx: 3, Train: 79.27%, Valid: 72.87%, Test In: 74.67% Test OOD1: 66.93% Test OOD2: 54.13% Test OOD3: 63.96% 
Epoch: 187, Loss: 2.7652, Cls: 0.9219, Ind: 0.0000, Med: 0.4610, Spu: 0.0000, FD: 0.9219, FDAug: 0.4605, Var: 0.0000, Ctx: 6, MixCtx: 3, Train: 79.40%, Valid: 72.64%, Test In: 74.35% Test OOD1: 66.46% Test OOD2: 54.27% Test OOD3: 63.73% 
Epoch: 188, Loss: 2.7301, Cls: 0.9100, Ind: 0.0000, Med: 0.4551, Spu: 0.0000, FD: 0.9098, FDAug: 0.4553, Var: 0.0000, Ctx: 6, MixCtx: 3, Train: 79.33%, Valid: 72.84%, Test In: 74.60% Test OOD1: 67.24% Test OOD2: 54.22% Test OOD3: 64.09% 
Epoch: 189, Loss: 2.7096, Cls: 0.9031, Ind: 0.0000, Med: 0.4516, Spu: 0.0000, FD: 0.9033, FDAug: 0.4516, Var: 0.0000, Ctx: 6, MixCtx: 3, Train: 79.34%, Valid: 72.91%, Test In: 74.69% Test OOD1: 67.29% Test OOD2: 54.21% Test OOD3: 64.12% 
Epoch: 190, Loss: 2.7151, Cls: 0.9050, Ind: 0.0000, Med: 0.4525, Spu: 0.0000, FD: 0.9052, FDAug: 0.4524, Var: 0.0000, Ctx: 6, MixCtx: 3, Train: 79.50%, Valid: 72.72%, Test In: 74.44% Test OOD1: 66.19% Test OOD2: 54.34% Test OOD3: 63.64% 
Epoch: 191, Loss: 2.7335, Cls: 0.9111, Ind: 0.0000, Med: 0.4556, Spu: 0.0000, FD: 0.9109, FDAug: 0.4558, Var: 0.0000, Ctx: 6, MixCtx: 3, Train: 79.48%, Valid: 72.91%, Test In: 74.70% Test OOD1: 67.02% Test OOD2: 54.22% Test OOD3: 64.04% 
Epoch: 192, Loss: 2.7357, Cls: 0.9119, Ind: 0.0000, Med: 0.4559, Spu: 0.0000, FD: 0.9121, FDAug: 0.4557, Var: 0.0000, Ctx: 6, MixCtx: 3, Train: 79.63%, Valid: 72.47%, Test In: 74.20% Test OOD1: 65.88% Test OOD2: 54.31% Test OOD3: 63.48% 
Epoch: 193, Loss: 2.7213, Cls: 0.9070, Ind: 0.0000, Med: 0.4536, Spu: 0.0000, FD: 0.9069, FDAug: 0.4538, Var: 0.0000, Ctx: 6, MixCtx: 3, Train: 79.72%, Valid: 72.61%, Test In: 74.39% Test OOD1: 66.56% Test OOD2: 54.16% Test OOD3: 63.83% 
Epoch: 194, Loss: 2.7028, Cls: 0.9009, Ind: 0.0000, Med: 0.4505, Spu: 0.0000, FD: 0.9011, FDAug: 0.4503, Var: 0.0000, Ctx: 6, MixCtx: 3, Train: 79.75%, Valid: 72.48%, Test In: 74.27% Test OOD1: 66.40% Test OOD2: 54.14% Test OOD3: 63.76% 
Epoch: 195, Loss: 2.6898, Cls: 0.8966, Ind: 0.0000, Med: 0.4483, Spu: 0.0000, FD: 0.8966, FDAug: 0.4484, Var: 0.0000, Ctx: 6, MixCtx: 3, Train: 79.81%, Valid: 72.52%, Test In: 74.36% Test OOD1: 66.46% Test OOD2: 54.09% Test OOD3: 63.79% 
Epoch: 196, Loss: 2.6869, Cls: 0.8956, Ind: 0.0000, Med: 0.4478, Spu: 0.0000, FD: 0.8957, FDAug: 0.4479, Var: 0.0000, Ctx: 6, MixCtx: 3, Train: 79.82%, Valid: 72.66%, Test In: 74.47% Test OOD1: 66.55% Test OOD2: 54.07% Test OOD3: 63.79% 
Epoch: 197, Loss: 2.6930, Cls: 0.8975, Ind: 0.0000, Med: 0.4487, Spu: 0.0000, FD: 0.8980, FDAug: 0.4489, Var: 0.0000, Ctx: 6, MixCtx: 3, Train: 79.95%, Valid: 72.46%, Test In: 74.13% Test OOD1: 65.70% Test OOD2: 54.16% Test OOD3: 63.34% 
Epoch: 198, Loss: 2.7108, Cls: 0.9038, Ind: 0.0000, Med: 0.4521, Spu: 0.0000, FD: 0.9030, FDAug: 0.4519, Var: 0.0000, Ctx: 6, MixCtx: 3, Train: 79.79%, Valid: 72.76%, Test In: 74.44% Test OOD1: 67.02% Test OOD2: 54.08% Test OOD3: 63.98% 
Epoch: 199, Loss: 2.7466, Cls: 0.9156, Ind: 0.0000, Med: 0.4578, Spu: 0.0000, FD: 0.9157, FDAug: 0.4574, Var: 0.0000, Ctx: 6, MixCtx: 3, Train: 79.88%, Valid: 72.21%, Test In: 73.72% Test OOD1: 65.36% Test OOD2: 54.28% Test OOD3: 63.11% 
Epoch: 200, Loss: 2.7959, Cls: 0.9321, Ind: 0.0000, Med: 0.4663, Spu: 0.0000, FD: 0.9312, FDAug: 0.4663, Var: 0.0000, Ctx: 6, MixCtx: 3, Train: 79.86%, Valid: 72.76%, Test In: 74.42% Test OOD1: 66.94% Test OOD2: 54.12% Test OOD3: 63.96% 
Epoch: 201, Loss: 2.7961, Cls: 0.9330, Ind: 0.0000, Med: 0.4669, Spu: 0.0000, FD: 0.9312, FDAug: 0.4650, Var: 0.0000, Ctx: 6, MixCtx: 3, Train: 80.13%, Valid: 72.43%, Test In: 74.12% Test OOD1: 65.81% Test OOD2: 54.26% Test OOD3: 63.43% 
Epoch: 202, Loss: 2.7039, Cls: 0.9008, Ind: 0.0000, Med: 0.4503, Spu: 0.0000, FD: 0.9017, FDAug: 0.4511, Var: 0.0000, Ctx: 6, MixCtx: 3, Train: 80.10%, Valid: 72.55%, Test In: 74.35% Test OOD1: 66.47% Test OOD2: 54.20% Test OOD3: 63.85% 
Epoch: 203, Loss: 2.6884, Cls: 0.8958, Ind: 0.0000, Med: 0.4478, Spu: 0.0000, FD: 0.8965, FDAug: 0.4484, Var: 0.0000, Ctx: 6, MixCtx: 3, Train: 79.79%, Valid: 72.62%, Test In: 74.49% Test OOD1: 67.38% Test OOD2: 54.06% Test OOD3: 64.33% 
Epoch: 204, Loss: 2.7590, Cls: 0.9203, Ind: 0.0000, Med: 0.4604, Spu: 0.0000, FD: 0.9193, FDAug: 0.4590, Var: 0.0000, Ctx: 6, MixCtx: 3, Train: 80.05%, Valid: 72.12%, Test In: 73.88% Test OOD1: 65.42% Test OOD2: 54.24% Test OOD3: 63.25% 
Epoch: 205, Loss: 2.7501, Cls: 0.9164, Ind: 0.0000, Med: 0.4582, Spu: 0.0000, FD: 0.9165, FDAug: 0.4589, Var: 0.0000, Ctx: 6, MixCtx: 3, Train: 80.14%, Valid: 72.39%, Test In: 74.00% Test OOD1: 65.61% Test OOD2: 54.22% Test OOD3: 63.42% 
Epoch: 206, Loss: 2.6939, Cls: 0.8980, Ind: 0.0000, Med: 0.4490, Spu: 0.0000, FD: 0.8980, FDAug: 0.4487, Var: 0.0000, Ctx: 6, MixCtx: 3, Train: 80.13%, Valid: 72.50%, Test In: 74.22% Test OOD1: 66.98% Test OOD2: 54.13% Test OOD3: 64.05% 
Epoch: 207, Loss: 2.6827, Cls: 0.8940, Ind: 0.0000, Med: 0.4469, Spu: 0.0000, FD: 0.8947, FDAug: 0.4470, Var: 0.0000, Ctx: 6, MixCtx: 3, Train: 80.18%, Valid: 72.52%, Test In: 74.12% Test OOD1: 66.59% Test OOD2: 54.26% Test OOD3: 63.76% 
Epoch: 208, Loss: 2.7198, Cls: 0.9072, Ind: 0.0000, Med: 0.4541, Spu: 0.0000, FD: 0.9053, FDAug: 0.4532, Var: 0.0000, Ctx: 6, MixCtx: 3, Train: 80.08%, Valid: 72.84%, Test In: 74.45% Test OOD1: 66.87% Test OOD2: 54.18% Test OOD3: 63.95% 
Epoch: 209, Loss: 2.6963, Cls: 0.8982, Ind: 0.0000, Med: 0.4488, Spu: 0.0000, FD: 0.8997, FDAug: 0.4496, Var: 0.0000, Ctx: 6, MixCtx: 3, Train: 80.18%, Valid: 72.66%, Test In: 74.04% Test OOD1: 65.17% Test OOD2: 54.24% Test OOD3: 63.06% 
Epoch: 210, Loss: 2.6800, Cls: 0.8934, Ind: 0.0000, Med: 0.4468, Spu: 0.0000, FD: 0.8931, FDAug: 0.4466, Var: 0.0000, Ctx: 6, MixCtx: 3, Train: 80.43%, Valid: 72.52%, Test In: 73.89% Test OOD1: 65.26% Test OOD2: 54.19% Test OOD3: 63.10% 
Epoch: 211, Loss: 2.6669, Cls: 0.8892, Ind: 0.0000, Med: 0.4447, Spu: 0.0000, FD: 0.8886, FDAug: 0.4444, Var: 0.0000, Ctx: 6, MixCtx: 3, Train: 80.32%, Valid: 72.50%, Test In: 74.05% Test OOD1: 66.71% Test OOD2: 54.06% Test OOD3: 63.85% 
Epoch: 212, Loss: 2.6755, Cls: 0.8916, Ind: 0.0000, Med: 0.4457, Spu: 0.0000, FD: 0.8923, FDAug: 0.4459, Var: 0.0000, Ctx: 6, MixCtx: 3, Train: 80.45%, Valid: 72.25%, Test In: 73.78% Test OOD1: 65.91% Test OOD2: 54.08% Test OOD3: 63.39% 
Epoch: 213, Loss: 2.6772, Cls: 0.8924, Ind: 0.0000, Med: 0.4463, Spu: 0.0000, FD: 0.8921, FDAug: 0.4464, Var: 0.0000, Ctx: 6, MixCtx: 3, Train: 80.39%, Valid: 72.49%, Test In: 73.98% Test OOD1: 65.34% Test OOD2: 54.05% Test OOD3: 63.23% 
Epoch: 214, Loss: 2.6766, Cls: 0.8923, Ind: 0.0000, Med: 0.4462, Spu: 0.0000, FD: 0.8921, FDAug: 0.4459, Var: 0.0000, Ctx: 6, MixCtx: 3, Train: 80.66%, Valid: 72.41%, Test In: 73.97% Test OOD1: 65.48% Test OOD2: 54.04% Test OOD3: 63.18% 
Epoch: 215, Loss: 2.6574, Cls: 0.8854, Ind: 0.0000, Med: 0.4426, Spu: 0.0000, FD: 0.8860, FDAug: 0.4434, Var: 0.0000, Ctx: 6, MixCtx: 3, Train: 80.64%, Valid: 72.62%, Test In: 74.22% Test OOD1: 66.46% Test OOD2: 54.02% Test OOD3: 63.77% 
Epoch: 216, Loss: 2.6505, Cls: 0.8835, Ind: 0.0000, Med: 0.4418, Spu: 0.0000, FD: 0.8836, FDAug: 0.4416, Var: 0.0000, Ctx: 6, MixCtx: 3, Train: 80.84%, Valid: 72.42%, Test In: 73.85% Test OOD1: 65.65% Test OOD2: 54.07% Test OOD3: 63.28% 
Epoch: 217, Loss: 2.6391, Cls: 0.8795, Ind: 0.0000, Med: 0.4397, Spu: 0.0000, FD: 0.8799, FDAug: 0.4400, Var: 0.0000, Ctx: 6, MixCtx: 3, Train: 80.86%, Valid: 72.32%, Test In: 73.60% Test OOD1: 65.25% Test OOD2: 54.04% Test OOD3: 63.07% 
Epoch: 218, Loss: 2.6377, Cls: 0.8792, Ind: 0.0000, Med: 0.4397, Spu: 0.0000, FD: 0.8792, FDAug: 0.4396, Var: 0.0000, Ctx: 6, MixCtx: 3, Train: 80.98%, Valid: 72.41%, Test In: 73.76% Test OOD1: 65.38% Test OOD2: 54.03% Test OOD3: 63.15% 
Epoch: 219, Loss: 2.6332, Cls: 0.8778, Ind: 0.0000, Med: 0.4390, Spu: 0.0000, FD: 0.8777, FDAug: 0.4387, Var: 0.0000, Ctx: 6, MixCtx: 3, Train: 81.00%, Valid: 72.24%, Test In: 73.63% Test OOD1: 65.04% Test OOD2: 54.05% Test OOD3: 62.88% 
Epoch: 220, Loss: 2.6485, Cls: 0.8827, Ind: 0.0000, Med: 0.4414, Spu: 0.0000, FD: 0.8826, FDAug: 0.4417, Var: 0.0000, Ctx: 6, MixCtx: 3, Train: 80.93%, Valid: 72.47%, Test In: 73.94% Test OOD1: 65.67% Test OOD2: 53.94% Test OOD3: 63.29% 
Epoch: 221, Loss: 2.6940, Cls: 0.8975, Ind: 0.0000, Med: 0.4485, Spu: 0.0000, FD: 0.8989, FDAug: 0.4490, Var: 0.0000, Ctx: 6, MixCtx: 3, Train: 80.64%, Valid: 71.53%, Test In: 72.77% Test OOD1: 63.62% Test OOD2: 53.87% Test OOD3: 61.88% 
Epoch: 222, Loss: 2.8056, Cls: 0.9360, Ind: 0.0000, Med: 0.4686, Spu: 0.0000, FD: 0.9332, FDAug: 0.4677, Var: 0.0000, Ctx: 6, MixCtx: 3, Train: 80.73%, Valid: 72.23%, Test In: 73.61% Test OOD1: 65.58% Test OOD2: 53.73% Test OOD3: 63.20% 
Epoch: 223, Loss: 2.8762, Cls: 0.9584, Ind: 0.0000, Med: 0.4790, Spu: 0.0000, FD: 0.9598, FDAug: 0.4789, Var: 0.0000, Ctx: 6, MixCtx: 3, Train: 80.76%, Valid: 71.86%, Test In: 73.19% Test OOD1: 65.18% Test OOD2: 53.83% Test OOD3: 62.82% 
Epoch: 224, Loss: 2.6910, Cls: 0.8971, Ind: 0.0000, Med: 0.4488, Spu: 0.0000, FD: 0.8964, FDAug: 0.4486, Var: 0.0000, Ctx: 6, MixCtx: 3, Train: 80.79%, Valid: 72.33%, Test In: 73.79% Test OOD1: 65.97% Test OOD2: 53.94% Test OOD3: 63.31% 
Epoch: 225, Loss: 2.6883, Cls: 0.8960, Ind: 0.0000, Med: 0.4480, Spu: 0.0000, FD: 0.8959, FDAug: 0.4484, Var: 0.0000, Ctx: 6, MixCtx: 3, Train: 80.05%, Valid: 72.67%, Test In: 74.15% Test OOD1: 67.19% Test OOD2: 53.91% Test OOD3: 64.06% 
Epoch: 226, Loss: 2.7895, Cls: 0.9304, Ind: 0.0000, Med: 0.4654, Spu: 0.0000, FD: 0.9296, FDAug: 0.4641, Var: 0.0000, Ctx: 6, MixCtx: 3, Train: 80.91%, Valid: 72.68%, Test In: 73.98% Test OOD1: 65.84% Test OOD2: 54.16% Test OOD3: 63.22% 
Epoch: 227, Loss: 2.6754, Cls: 0.8913, Ind: 0.0000, Med: 0.4455, Spu: 0.0000, FD: 0.8923, FDAug: 0.4463, Var: 0.0000, Ctx: 6, MixCtx: 3, Train: 80.95%, Valid: 72.50%, Test In: 73.72% Test OOD1: 65.32% Test OOD2: 54.28% Test OOD3: 62.87% 
Epoch: 228, Loss: 2.6945, Cls: 0.8976, Ind: 0.0000, Med: 0.4486, Spu: 0.0000, FD: 0.8986, FDAug: 0.4496, Var: 0.0000, Ctx: 6, MixCtx: 3, Train: 80.89%, Valid: 72.62%, Test In: 73.85% Test OOD1: 66.49% Test OOD2: 54.11% Test OOD3: 63.63% 
Epoch: 229, Loss: 2.7049, Cls: 0.9017, Ind: 0.0000, Med: 0.4509, Spu: 0.0000, FD: 0.9020, FDAug: 0.4503, Var: 0.0000, Ctx: 6, MixCtx: 3, Train: 81.09%, Valid: 72.36%, Test In: 73.54% Test OOD1: 66.04% Test OOD2: 54.06% Test OOD3: 63.29% 
Epoch: 230, Loss: 2.6317, Cls: 0.8771, Ind: 0.0000, Med: 0.4385, Spu: 0.0000, FD: 0.8776, FDAug: 0.4386, Var: 0.0000, Ctx: 6, MixCtx: 3, Train: 81.08%, Valid: 72.02%, Test In: 73.21% Test OOD1: 65.08% Test OOD2: 54.02% Test OOD3: 62.59% 
Epoch: 231, Loss: 2.6851, Cls: 0.8954, Ind: 0.0000, Med: 0.4480, Spu: 0.0000, FD: 0.8943, FDAug: 0.4474, Var: 0.0000, Ctx: 6, MixCtx: 3, Train: 81.22%, Valid: 72.42%, Test In: 73.74% Test OOD1: 65.68% Test OOD2: 53.90% Test OOD3: 63.14% 
Epoch: 232, Loss: 2.6364, Cls: 0.8784, Ind: 0.0000, Med: 0.4390, Spu: 0.0000, FD: 0.8794, FDAug: 0.4395, Var: 0.0000, Ctx: 6, MixCtx: 3, Train: 81.14%, Valid: 72.45%, Test In: 73.89% Test OOD1: 66.05% Test OOD2: 53.87% Test OOD3: 63.32% 
Epoch: 233, Loss: 2.6287, Cls: 0.8759, Ind: 0.0000, Med: 0.4378, Spu: 0.0000, FD: 0.8768, FDAug: 0.4382, Var: 0.0000, Ctx: 6, MixCtx: 3, Train: 81.42%, Valid: 72.36%, Test In: 73.73% Test OOD1: 65.54% Test OOD2: 53.87% Test OOD3: 62.92% 
Epoch: 234, Loss: 2.6796, Cls: 0.8937, Ind: 0.0000, Med: 0.4472, Spu: 0.0000, FD: 0.8923, FDAug: 0.4463, Var: 0.0000, Ctx: 6, MixCtx: 3, Train: 81.23%, Valid: 72.50%, Test In: 73.80% Test OOD1: 66.16% Test OOD2: 53.84% Test OOD3: 63.40% 
Epoch: 235, Loss: 2.6295, Cls: 0.8763, Ind: 0.0000, Med: 0.4380, Spu: 0.0000, FD: 0.8769, FDAug: 0.4383, Var: 0.0000, Ctx: 6, MixCtx: 3, Train: 81.39%, Valid: 72.41%, Test In: 73.38% Test OOD1: 65.07% Test OOD2: 53.86% Test OOD3: 62.82% 
Epoch: 236, Loss: 2.6082, Cls: 0.8695, Ind: 0.0000, Med: 0.4348, Spu: 0.0000, FD: 0.8693, FDAug: 0.4346, Var: 0.0000, Ctx: 6, MixCtx: 3, Train: 81.50%, Valid: 72.21%, Test In: 73.08% Test OOD1: 64.49% Test OOD2: 54.01% Test OOD3: 62.44% 
Epoch: 237, Loss: 2.6327, Cls: 0.8774, Ind: 0.0000, Med: 0.4387, Spu: 0.0000, FD: 0.8776, FDAug: 0.4390, Var: 0.0000, Ctx: 6, MixCtx: 3, Train: 81.52%, Valid: 72.55%, Test In: 73.66% Test OOD1: 65.77% Test OOD2: 54.05% Test OOD3: 63.21% 
Epoch: 238, Loss: 2.6068, Cls: 0.8690, Ind: 0.0000, Med: 0.4346, Spu: 0.0000, FD: 0.8689, FDAug: 0.4343, Var: 0.0000, Ctx: 6, MixCtx: 3, Train: 81.59%, Valid: 72.49%, Test In: 73.63% Test OOD1: 65.66% Test OOD2: 54.06% Test OOD3: 63.07% 
Epoch: 239, Loss: 2.5931, Cls: 0.8642, Ind: 0.0000, Med: 0.4321, Spu: 0.0000, FD: 0.8645, FDAug: 0.4322, Var: 0.0000, Ctx: 6, MixCtx: 3, Train: 81.66%, Valid: 72.11%, Test In: 73.18% Test OOD1: 64.54% Test OOD2: 54.01% Test OOD3: 62.33% 
Epoch: 240, Loss: 2.6087, Cls: 0.8692, Ind: 0.0000, Med: 0.4345, Spu: 0.0000, FD: 0.8698, FDAug: 0.4351, Var: 0.0000, Ctx: 6, MixCtx: 3, Train: 81.85%, Valid: 72.07%, Test In: 73.22% Test OOD1: 64.62% Test OOD2: 53.82% Test OOD3: 62.52% 
Epoch: 241, Loss: 2.6025, Cls: 0.8678, Ind: 0.0000, Med: 0.4341, Spu: 0.0000, FD: 0.8671, FDAug: 0.4334, Var: 0.0000, Ctx: 6, MixCtx: 3, Train: 81.88%, Valid: 71.94%, Test In: 73.17% Test OOD1: 65.12% Test OOD2: 53.73% Test OOD3: 62.66% 
Epoch: 242, Loss: 2.5771, Cls: 0.8590, Ind: 0.0000, Med: 0.4296, Spu: 0.0000, FD: 0.8590, FDAug: 0.4295, Var: 0.0000, Ctx: 6, MixCtx: 3, Train: 81.90%, Valid: 71.89%, Test In: 73.09% Test OOD1: 65.06% Test OOD2: 53.73% Test OOD3: 62.58% 
Epoch: 243, Loss: 2.5852, Cls: 0.8617, Ind: 0.0000, Med: 0.4309, Spu: 0.0000, FD: 0.8616, FDAug: 0.4309, Var: 0.0000, Ctx: 6, MixCtx: 3, Train: 81.89%, Valid: 71.94%, Test In: 72.96% Test OOD1: 64.35% Test OOD2: 53.74% Test OOD3: 62.29% 
Epoch: 244, Loss: 2.5903, Cls: 0.8632, Ind: 0.0000, Med: 0.4315, Spu: 0.0000, FD: 0.8638, FDAug: 0.4318, Var: 0.0000, Ctx: 6, MixCtx: 3, Train: 81.97%, Valid: 71.56%, Test In: 72.22% Test OOD1: 62.99% Test OOD2: 53.70% Test OOD3: 61.34% 
Epoch: 245, Loss: 2.5915, Cls: 0.8643, Ind: 0.0000, Med: 0.4324, Spu: 0.0000, FD: 0.8632, FDAug: 0.4317, Var: 0.0000, Ctx: 6, MixCtx: 3, Train: 82.09%, Valid: 72.12%, Test In: 72.92% Test OOD1: 64.75% Test OOD2: 53.85% Test OOD3: 62.32% 
Epoch: 246, Loss: 2.5725, Cls: 0.8571, Ind: 0.0000, Med: 0.4284, Spu: 0.0000, FD: 0.8581, FDAug: 0.4289, Var: 0.0000, Ctx: 6, MixCtx: 3, Train: 82.13%, Valid: 71.89%, Test In: 72.68% Test OOD1: 64.41% Test OOD2: 53.84% Test OOD3: 61.95% 
Epoch: 247, Loss: 2.5644, Cls: 0.8548, Ind: 0.0000, Med: 0.4275, Spu: 0.0000, FD: 0.8547, FDAug: 0.4274, Var: 0.0000, Ctx: 6, MixCtx: 3, Train: 82.29%, Valid: 71.73%, Test In: 72.43% Test OOD1: 63.52% Test OOD2: 53.70% Test OOD3: 61.59% 
Epoch: 248, Loss: 2.5616, Cls: 0.8538, Ind: 0.0000, Med: 0.4269, Spu: 0.0000, FD: 0.8540, FDAug: 0.4269, Var: 0.0000, Ctx: 6, MixCtx: 3, Train: 82.37%, Valid: 71.93%, Test In: 72.86% Test OOD1: 64.50% Test OOD2: 53.73% Test OOD3: 62.08% 
Epoch: 249, Loss: 2.5524, Cls: 0.8509, Ind: 0.0000, Med: 0.4256, Spu: 0.0000, FD: 0.8506, FDAug: 0.4254, Var: 0.0000, Ctx: 6, MixCtx: 3, Train: 82.33%, Valid: 72.02%, Test In: 73.08% Test OOD1: 65.11% Test OOD2: 53.74% Test OOD3: 62.55% 
Epoch: 250, Loss: 2.5564, Cls: 0.8521, Ind: 0.0000, Med: 0.4261, Spu: 0.0000, FD: 0.8522, FDAug: 0.4260, Var: 0.0000, Ctx: 6, MixCtx: 3, Train: 82.53%, Valid: 71.69%, Test In: 72.45% Test OOD1: 64.09% Test OOD2: 53.63% Test OOD3: 61.83% 
Epoch: 251, Loss: 2.5541, Cls: 0.8514, Ind: 0.0000, Med: 0.4258, Spu: 0.0000, FD: 0.8512, FDAug: 0.4258, Var: 0.0000, Ctx: 6, MixCtx: 3, Train: 82.54%, Valid: 71.79%, Test In: 72.47% Test OOD1: 64.02% Test OOD2: 53.69% Test OOD3: 61.93% 
Epoch: 252, Loss: 2.5600, Cls: 0.8535, Ind: 0.0000, Med: 0.4269, Spu: 0.0000, FD: 0.8532, FDAug: 0.4265, Var: 0.0000, Ctx: 6, MixCtx: 3, Train: 82.59%, Valid: 71.99%, Test In: 72.76% Test OOD1: 64.70% Test OOD2: 53.81% Test OOD3: 62.00% 
Epoch: 253, Loss: 2.5657, Cls: 0.8550, Ind: 0.0000, Med: 0.4275, Spu: 0.0000, FD: 0.8554, FDAug: 0.4279, Var: 0.0000, Ctx: 6, MixCtx: 3, Train: 82.53%, Valid: 72.23%, Test In: 72.93% Test OOD1: 64.85% Test OOD2: 53.82% Test OOD3: 62.34% 
Epoch: 254, Loss: 2.5840, Cls: 0.8618, Ind: 0.0000, Med: 0.4311, Spu: 0.0000, FD: 0.8610, FDAug: 0.4301, Var: 0.0000, Ctx: 6, MixCtx: 3, Train: 82.38%, Valid: 71.37%, Test In: 71.72% Test OOD1: 62.89% Test OOD2: 53.50% Test OOD3: 60.77% 
Epoch: 255, Loss: 2.6352, Cls: 0.8781, Ind: 0.0000, Med: 0.4390, Spu: 0.0000, FD: 0.8785, FDAug: 0.4395, Var: 0.0000, Ctx: 6, MixCtx: 3, Train: 82.67%, Valid: 71.96%, Test In: 72.62% Test OOD1: 64.65% Test OOD2: 53.52% Test OOD3: 62.15% 
Epoch: 256, Loss: 2.6253, Cls: 0.8758, Ind: 0.0000, Med: 0.4383, Spu: 0.0000, FD: 0.8743, FDAug: 0.4368, Var: 0.0000, Ctx: 6, MixCtx: 3, Train: 82.42%, Valid: 71.94%, Test In: 72.73% Test OOD1: 65.32% Test OOD2: 53.69% Test OOD3: 62.20% 
Epoch: 257, Loss: 2.5748, Cls: 0.8579, Ind: 0.0000, Med: 0.4289, Spu: 0.0000, FD: 0.8584, FDAug: 0.4296, Var: 0.0000, Ctx: 6, MixCtx: 3, Train: 82.73%, Valid: 71.97%, Test In: 72.86% Test OOD1: 65.00% Test OOD2: 53.87% Test OOD3: 62.32% 
Epoch: 258, Loss: 2.5300, Cls: 0.8434, Ind: 0.0000, Med: 0.4218, Spu: 0.0000, FD: 0.8433, FDAug: 0.4216, Var: 0.0000, Ctx: 6, MixCtx: 3, Train: 82.77%, Valid: 71.68%, Test In: 72.27% Test OOD1: 63.53% Test OOD2: 53.87% Test OOD3: 61.54% 
Epoch: 259, Loss: 2.5386, Cls: 0.8462, Ind: 0.0000, Med: 0.4232, Spu: 0.0000, FD: 0.8463, FDAug: 0.4230, Var: 0.0000, Ctx: 6, MixCtx: 3, Train: 83.07%, Valid: 71.71%, Test In: 72.12% Test OOD1: 63.91% Test OOD2: 53.76% Test OOD3: 61.41% 
Epoch: 260, Loss: 2.5406, Cls: 0.8469, Ind: 0.0000, Med: 0.4235, Spu: 0.0000, FD: 0.8466, FDAug: 0.4236, Var: 0.0000, Ctx: 6, MixCtx: 3, Train: 82.68%, Valid: 72.10%, Test In: 72.60% Test OOD1: 65.20% Test OOD2: 53.77% Test OOD3: 62.36% 
Epoch: 261, Loss: 2.5846, Cls: 0.8609, Ind: 0.0000, Med: 0.4301, Spu: 0.0000, FD: 0.8625, FDAug: 0.4311, Var: 0.0000, Ctx: 6, MixCtx: 3, Train: 82.94%, Valid: 71.60%, Test In: 71.94% Test OOD1: 63.69% Test OOD2: 53.58% Test OOD3: 61.09% 
Epoch: 262, Loss: 2.5926, Cls: 0.8651, Ind: 0.0000, Med: 0.4331, Spu: 0.0000, FD: 0.8627, FDAug: 0.4317, Var: 0.0000, Ctx: 6, MixCtx: 3, Train: 82.72%, Valid: 71.82%, Test In: 72.49% Test OOD1: 63.77% Test OOD2: 53.73% Test OOD3: 61.78% 
Epoch: 263, Loss: 2.6133, Cls: 0.8705, Ind: 0.0000, Med: 0.4349, Spu: 0.0000, FD: 0.8721, FDAug: 0.4357, Var: 0.0000, Ctx: 6, MixCtx: 3, Train: 82.97%, Valid: 71.91%, Test In: 72.73% Test OOD1: 64.97% Test OOD2: 53.65% Test OOD3: 62.09% 
Epoch: 264, Loss: 2.5842, Cls: 0.8620, Ind: 0.0000, Med: 0.4314, Spu: 0.0000, FD: 0.8602, FDAug: 0.4306, Var: 0.0000, Ctx: 6, MixCtx: 3, Train: 82.64%, Valid: 71.98%, Test In: 72.77% Test OOD1: 65.24% Test OOD2: 53.86% Test OOD3: 62.58% 
Epoch: 265, Loss: 2.5494, Cls: 0.8498, Ind: 0.0000, Med: 0.4249, Spu: 0.0000, FD: 0.8499, FDAug: 0.4248, Var: 0.0000, Ctx: 6, MixCtx: 3, Train: 83.27%, Valid: 71.59%, Test In: 71.93% Test OOD1: 63.49% Test OOD2: 53.69% Test OOD3: 61.41% 
Epoch: 266, Loss: 2.5157, Cls: 0.8383, Ind: 0.0000, Med: 0.4191, Spu: 0.0000, FD: 0.8388, FDAug: 0.4193, Var: 0.0000, Ctx: 6, MixCtx: 3, Train: 83.36%, Valid: 71.54%, Test In: 71.77% Test OOD1: 62.91% Test OOD2: 53.73% Test OOD3: 60.98% 
Epoch: 267, Loss: 2.5103, Cls: 0.8365, Ind: 0.0000, Med: 0.4181, Spu: 0.0000, FD: 0.8372, FDAug: 0.4184, Var: 0.0000, Ctx: 6, MixCtx: 3, Train: 83.18%, Valid: 72.05%, Test In: 72.51% Test OOD1: 64.59% Test OOD2: 53.91% Test OOD3: 61.90% 
Epoch: 268, Loss: 2.5162, Cls: 0.8386, Ind: 0.0000, Med: 0.4193, Spu: 0.0000, FD: 0.8390, FDAug: 0.4193, Var: 0.0000, Ctx: 6, MixCtx: 3, Train: 83.13%, Valid: 71.80%, Test In: 72.28% Test OOD1: 64.35% Test OOD2: 53.63% Test OOD3: 61.35% 
Epoch: 269, Loss: 2.5272, Cls: 0.8422, Ind: 0.0000, Med: 0.4211, Spu: 0.0000, FD: 0.8424, FDAug: 0.4215, Var: 0.0000, Ctx: 6, MixCtx: 3, Train: 83.23%, Valid: 71.69%, Test In: 72.11% Test OOD1: 63.34% Test OOD2: 53.47% Test OOD3: 61.31% 
Epoch: 270, Loss: 2.5392, Cls: 0.8464, Ind: 0.0000, Med: 0.4232, Spu: 0.0000, FD: 0.8467, FDAug: 0.4230, Var: 0.0000, Ctx: 6, MixCtx: 3, Train: 83.38%, Valid: 71.53%, Test In: 71.97% Test OOD1: 63.27% Test OOD2: 53.28% Test OOD3: 61.04% 
Epoch: 271, Loss: 2.5435, Cls: 0.8480, Ind: 0.0000, Med: 0.4241, Spu: 0.0000, FD: 0.8474, FDAug: 0.4240, Var: 0.0000, Ctx: 6, MixCtx: 3, Train: 83.00%, Valid: 71.93%, Test In: 72.54% Test OOD1: 64.68% Test OOD2: 53.80% Test OOD3: 62.26% 
Epoch: 272, Loss: 2.5493, Cls: 0.8498, Ind: 0.0000, Med: 0.4249, Spu: 0.0000, FD: 0.8498, FDAug: 0.4247, Var: 0.0000, Ctx: 6, MixCtx: 3, Train: 83.54%, Valid: 71.49%, Test In: 71.73% Test OOD1: 63.13% Test OOD2: 53.52% Test OOD3: 60.92% 
Epoch: 273, Loss: 2.5479, Cls: 0.8492, Ind: 0.0000, Med: 0.4247, Spu: 0.0000, FD: 0.8491, FDAug: 0.4249, Var: 0.0000, Ctx: 6, MixCtx: 3, Train: 83.65%, Valid: 71.71%, Test In: 71.97% Test OOD1: 63.26% Test OOD2: 53.71% Test OOD3: 61.35% 
Epoch: 274, Loss: 2.5593, Cls: 0.8533, Ind: 0.0000, Med: 0.4268, Spu: 0.0000, FD: 0.8530, FDAug: 0.4262, Var: 0.0000, Ctx: 6, MixCtx: 3, Train: 83.13%, Valid: 71.44%, Test In: 71.89% Test OOD1: 63.85% Test OOD2: 53.67% Test OOD3: 60.90% 
Epoch: 275, Loss: 2.5394, Cls: 0.8460, Ind: 0.0000, Med: 0.4229, Spu: 0.0000, FD: 0.8467, FDAug: 0.4238, Var: 0.0000, Ctx: 6, MixCtx: 3, Train: 83.80%, Valid: 71.87%, Test In: 72.28% Test OOD1: 64.17% Test OOD2: 53.64% Test OOD3: 61.64% 
Epoch: 276, Loss: 2.4891, Cls: 0.8298, Ind: 0.0000, Med: 0.4150, Spu: 0.0000, FD: 0.8297, FDAug: 0.4145, Var: 0.0000, Ctx: 6, MixCtx: 3, Train: 83.92%, Valid: 71.55%, Test In: 71.84% Test OOD1: 63.23% Test OOD2: 53.39% Test OOD3: 61.00% 
Epoch: 277, Loss: 2.4676, Cls: 0.8226, Ind: 0.0000, Med: 0.4113, Spu: 0.0000, FD: 0.8225, FDAug: 0.4112, Var: 0.0000, Ctx: 6, MixCtx: 3, Train: 83.88%, Valid: 71.55%, Test In: 71.85% Test OOD1: 63.50% Test OOD2: 53.41% Test OOD3: 61.15% 
Epoch: 278, Loss: 2.4732, Cls: 0.8244, Ind: 0.0000, Med: 0.4123, Spu: 0.0000, FD: 0.8242, FDAug: 0.4122, Var: 0.0000, Ctx: 6, MixCtx: 3, Train: 83.65%, Valid: 71.77%, Test In: 72.10% Test OOD1: 64.30% Test OOD2: 53.66% Test OOD3: 61.82% 
Epoch: 279, Loss: 2.5015, Cls: 0.8336, Ind: 0.0000, Med: 0.4167, Spu: 0.0000, FD: 0.8342, FDAug: 0.4169, Var: 0.0000, Ctx: 6, MixCtx: 3, Train: 83.65%, Valid: 71.26%, Test In: 71.29% Test OOD1: 62.90% Test OOD2: 53.27% Test OOD3: 60.32% 
Epoch: 280, Loss: 2.6074, Cls: 0.8694, Ind: 0.0000, Med: 0.4350, Spu: 0.0000, FD: 0.8680, FDAug: 0.4349, Var: 0.0000, Ctx: 6, MixCtx: 3, Train: 83.68%, Valid: 71.87%, Test In: 72.17% Test OOD1: 63.89% Test OOD2: 53.57% Test OOD3: 61.77% 
Epoch: 281, Loss: 2.7257, Cls: 0.9078, Ind: 0.0000, Med: 0.4536, Spu: 0.0000, FD: 0.9097, FDAug: 0.4545, Var: 0.0000, Ctx: 6, MixCtx: 3, Train: 83.17%, Valid: 71.23%, Test In: 71.62% Test OOD1: 63.87% Test OOD2: 53.51% Test OOD3: 60.83% 
Epoch: 282, Loss: 2.6312, Cls: 0.8772, Ind: 0.0000, Med: 0.4388, Spu: 0.0000, FD: 0.8763, FDAug: 0.4388, Var: 0.0000, Ctx: 6, MixCtx: 3, Train: 83.99%, Valid: 71.71%, Test In: 72.20% Test OOD1: 64.10% Test OOD2: 53.71% Test OOD3: 61.74% 
Epoch: 283, Loss: 2.4611, Cls: 0.8203, Ind: 0.0000, Med: 0.4101, Spu: 0.0000, FD: 0.8206, FDAug: 0.4101, Var: 0.0000, Ctx: 6, MixCtx: 3, Train: 83.51%, Valid: 71.67%, Test In: 72.22% Test OOD1: 63.69% Test OOD2: 53.89% Test OOD3: 61.78% 
Epoch: 284, Loss: 2.5538, Cls: 0.8514, Ind: 0.0000, Med: 0.4258, Spu: 0.0000, FD: 0.8513, FDAug: 0.4252, Var: 0.0000, Ctx: 6, MixCtx: 3, Train: 84.05%, Valid: 71.17%, Test In: 71.50% Test OOD1: 62.65% Test OOD2: 53.14% Test OOD3: 60.38% 
Epoch: 285, Loss: 2.5642, Cls: 0.8543, Ind: 0.0000, Med: 0.4271, Spu: 0.0000, FD: 0.8549, FDAug: 0.4278, Var: 0.0000, Ctx: 6, MixCtx: 3, Train: 83.87%, Valid: 71.78%, Test In: 72.08% Test OOD1: 64.58% Test OOD2: 53.27% Test OOD3: 61.48% 
Epoch: 286, Loss: 2.4732, Cls: 0.8243, Ind: 0.0000, Med: 0.4122, Spu: 0.0000, FD: 0.8245, FDAug: 0.4121, Var: 0.0000, Ctx: 6, MixCtx: 3, Train: 83.52%, Valid: 72.03%, Test In: 72.42% Test OOD1: 65.23% Test OOD2: 53.58% Test OOD3: 62.19% 
Epoch: 287, Loss: 2.5490, Cls: 0.8493, Ind: 0.0000, Med: 0.4245, Spu: 0.0000, FD: 0.8503, FDAug: 0.4249, Var: 0.0000, Ctx: 6, MixCtx: 3, Train: 83.74%, Valid: 71.48%, Test In: 71.61% Test OOD1: 63.09% Test OOD2: 53.44% Test OOD3: 60.39% 
Epoch: 288, Loss: 2.5310, Cls: 0.8437, Ind: 0.0000, Med: 0.4220, Spu: 0.0000, FD: 0.8432, FDAug: 0.4221, Var: 0.0000, Ctx: 6, MixCtx: 3, Train: 84.05%, Valid: 71.62%, Test In: 71.79% Test OOD1: 63.27% Test OOD2: 53.52% Test OOD3: 60.99% 
Epoch: 289, Loss: 2.4548, Cls: 0.8183, Ind: 0.0000, Med: 0.4092, Spu: 0.0000, FD: 0.8183, FDAug: 0.4091, Var: 0.0000, Ctx: 6, MixCtx: 3, Train: 83.89%, Valid: 71.81%, Test In: 72.16% Test OOD1: 64.67% Test OOD2: 53.60% Test OOD3: 62.07% 
Epoch: 290, Loss: 2.5105, Cls: 0.8364, Ind: 0.0000, Med: 0.4180, Spu: 0.0000, FD: 0.8375, FDAug: 0.4185, Var: 0.0000, Ctx: 6, MixCtx: 3, Train: 84.02%, Valid: 71.46%, Test In: 71.76% Test OOD1: 63.89% Test OOD2: 53.41% Test OOD3: 61.23% 
Epoch: 291, Loss: 2.5186, Cls: 0.8399, Ind: 0.0000, Med: 0.4202, Spu: 0.0000, FD: 0.8386, FDAug: 0.4198, Var: 0.0000, Ctx: 6, MixCtx: 3, Train: 84.30%, Valid: 71.66%, Test In: 71.95% Test OOD1: 63.22% Test OOD2: 53.43% Test OOD3: 61.19% 
Epoch: 292, Loss: 2.4376, Cls: 0.8124, Ind: 0.0000, Med: 0.4062, Spu: 0.0000, FD: 0.8127, FDAug: 0.4063, Var: 0.0000, Ctx: 6, MixCtx: 3, Train: 84.21%, Valid: 71.55%, Test In: 71.76% Test OOD1: 62.87% Test OOD2: 53.40% Test OOD3: 60.92% 
Epoch: 293, Loss: 2.4542, Cls: 0.8178, Ind: 0.0000, Med: 0.4088, Spu: 0.0000, FD: 0.8185, FDAug: 0.4091, Var: 0.0000, Ctx: 6, MixCtx: 3, Train: 84.41%, Valid: 71.29%, Test In: 71.44% Test OOD1: 63.19% Test OOD2: 53.20% Test OOD3: 60.47% 
Epoch: 294, Loss: 2.4971, Cls: 0.8325, Ind: 0.0000, Med: 0.4164, Spu: 0.0000, FD: 0.8319, FDAug: 0.4162, Var: 0.0000, Ctx: 6, MixCtx: 3, Train: 84.36%, Valid: 71.44%, Test In: 71.56% Test OOD1: 63.51% Test OOD2: 53.42% Test OOD3: 61.15% 
Epoch: 295, Loss: 2.4557, Cls: 0.8185, Ind: 0.0000, Med: 0.4093, Spu: 0.0000, FD: 0.8188, FDAug: 0.4091, Var: 0.0000, Ctx: 6, MixCtx: 3, Train: 84.66%, Valid: 70.94%, Test In: 70.98% Test OOD1: 62.06% Test OOD2: 53.23% Test OOD3: 60.16% 
Epoch: 296, Loss: 2.4182, Cls: 0.8060, Ind: 0.0000, Med: 0.4031, Spu: 0.0000, FD: 0.8061, FDAug: 0.4030, Var: 0.0000, Ctx: 6, MixCtx: 3, Train: 84.51%, Valid: 70.93%, Test In: 71.15% Test OOD1: 62.47% Test OOD2: 53.34% Test OOD3: 60.24% 
Epoch: 297, Loss: 2.4474, Cls: 0.8157, Ind: 0.0000, Med: 0.4079, Spu: 0.0000, FD: 0.8158, FDAug: 0.4080, Var: 0.0000, Ctx: 6, MixCtx: 3, Train: 84.50%, Valid: 71.30%, Test In: 71.60% Test OOD1: 63.43% Test OOD2: 53.55% Test OOD3: 61.30% 
Epoch: 298, Loss: 2.4672, Cls: 0.8226, Ind: 0.0000, Med: 0.4115, Spu: 0.0000, FD: 0.8222, FDAug: 0.4108, Var: 0.0000, Ctx: 6, MixCtx: 3, Train: 84.59%, Valid: 70.84%, Test In: 70.87% Test OOD1: 62.68% Test OOD2: 53.03% Test OOD3: 60.18% 
Epoch: 299, Loss: 2.4367, Cls: 0.8121, Ind: 0.0000, Med: 0.4061, Spu: 0.0000, FD: 0.8122, FDAug: 0.4063, Var: 0.0000, Ctx: 6, MixCtx: 3, Train: 84.75%, Valid: 70.86%, Test In: 70.78% Test OOD1: 62.00% Test OOD2: 53.10% Test OOD3: 60.04% 
Epoch: 300, Loss: 2.4087, Cls: 0.8029, Ind: 0.0000, Med: 0.4015, Spu: 0.0000, FD: 0.8029, FDAug: 0.4013, Var: 0.0000, Ctx: 6, MixCtx: 3, Train: 84.67%, Valid: 71.44%, Test In: 71.54% Test OOD1: 63.46% Test OOD2: 53.47% Test OOD3: 61.10% 
Epoch: 301, Loss: 2.4118, Cls: 0.8037, Ind: 0.0000, Med: 0.4018, Spu: 0.0000, FD: 0.8042, FDAug: 0.4021, Var: 0.0000, Ctx: 6, MixCtx: 3, Train: 84.99%, Valid: 71.05%, Test In: 71.08% Test OOD1: 62.78% Test OOD2: 53.20% Test OOD3: 60.37% 
Epoch: 302, Loss: 2.4268, Cls: 0.8088, Ind: 0.0000, Med: 0.4045, Spu: 0.0000, FD: 0.8088, FDAug: 0.4047, Var: 0.0000, Ctx: 6, MixCtx: 3, Train: 84.73%, Valid: 70.93%, Test In: 70.87% Test OOD1: 62.49% Test OOD2: 53.21% Test OOD3: 60.64% 
Epoch: 303, Loss: 2.4910, Cls: 0.8303, Ind: 0.0000, Med: 0.4152, Spu: 0.0000, FD: 0.8305, FDAug: 0.4150, Var: 0.0000, Ctx: 6, MixCtx: 3, Train: 84.59%, Valid: 70.77%, Test In: 70.93% Test OOD1: 63.07% Test OOD2: 53.11% Test OOD3: 60.26% 
Epoch: 304, Loss: 2.4947, Cls: 0.8313, Ind: 0.0000, Med: 0.4157, Spu: 0.0000, FD: 0.8314, FDAug: 0.4162, Var: 0.0000, Ctx: 6, MixCtx: 3, Train: 84.90%, Valid: 71.17%, Test In: 71.41% Test OOD1: 62.94% Test OOD2: 53.48% Test OOD3: 60.95% 
Epoch: 305, Loss: 2.4408, Cls: 0.8138, Ind: 0.0000, Med: 0.4070, Spu: 0.0000, FD: 0.8135, FDAug: 0.4064, Var: 0.0000, Ctx: 6, MixCtx: 3, Train: 85.15%, Valid: 70.87%, Test In: 70.95% Test OOD1: 62.29% Test OOD2: 53.08% Test OOD3: 60.03% 
Epoch: 306, Loss: 2.3893, Cls: 0.7965, Ind: 0.0000, Med: 0.3983, Spu: 0.0000, FD: 0.7963, FDAug: 0.3982, Var: 0.0000, Ctx: 6, MixCtx: 3, Train: 85.17%, Valid: 71.06%, Test In: 71.06% Test OOD1: 63.04% Test OOD2: 53.07% Test OOD3: 60.31% 
Epoch: 307, Loss: 2.3909, Cls: 0.7969, Ind: 0.0000, Med: 0.3985, Spu: 0.0000, FD: 0.7969, FDAug: 0.3985, Var: 0.0000, Ctx: 6, MixCtx: 3, Train: 84.97%, Valid: 71.33%, Test In: 71.31% Test OOD1: 63.34% Test OOD2: 53.34% Test OOD3: 61.06% 
Epoch: 308, Loss: 2.4222, Cls: 0.8072, Ind: 0.0000, Med: 0.4035, Spu: 0.0000, FD: 0.8077, FDAug: 0.4037, Var: 0.0000, Ctx: 6, MixCtx: 3, Train: 85.19%, Valid: 70.89%, Test In: 70.83% Test OOD1: 62.34% Test OOD2: 53.00% Test OOD3: 59.95% 
Epoch: 309, Loss: 2.4268, Cls: 0.8091, Ind: 0.0000, Med: 0.4047, Spu: 0.0000, FD: 0.8085, FDAug: 0.4044, Var: 0.0000, Ctx: 6, MixCtx: 3, Train: 85.25%, Valid: 71.36%, Test In: 71.48% Test OOD1: 63.29% Test OOD2: 53.28% Test OOD3: 61.11% 
Epoch: 310, Loss: 2.3908, Cls: 0.7968, Ind: 0.0000, Med: 0.3984, Spu: 0.0000, FD: 0.7972, FDAug: 0.3985, Var: 0.0000, Ctx: 6, MixCtx: 3, Train: 85.29%, Valid: 71.10%, Test In: 71.23% Test OOD1: 63.28% Test OOD2: 53.11% Test OOD3: 60.72% 
Epoch: 311, Loss: 2.3708, Cls: 0.7902, Ind: 0.0000, Med: 0.3952, Spu: 0.0000, FD: 0.7902, FDAug: 0.3952, Var: 0.0000, Ctx: 6, MixCtx: 3, Train: 85.42%, Valid: 70.70%, Test In: 70.63% Test OOD1: 62.07% Test OOD2: 53.03% Test OOD3: 59.93% 
Epoch: 312, Loss: 2.3612, Cls: 0.7871, Ind: 0.0000, Med: 0.3936, Spu: 0.0000, FD: 0.7870, FDAug: 0.3935, Var: 0.0000, Ctx: 6, MixCtx: 3, Train: 85.51%, Valid: 70.98%, Test In: 70.89% Test OOD1: 62.45% Test OOD2: 53.22% Test OOD3: 60.36% 
Epoch: 313, Loss: 2.3621, Cls: 0.7872, Ind: 0.0000, Med: 0.3936, Spu: 0.0000, FD: 0.7876, FDAug: 0.3937, Var: 0.0000, Ctx: 6, MixCtx: 3, Train: 85.39%, Valid: 70.86%, Test In: 70.75% Test OOD1: 62.63% Test OOD2: 52.96% Test OOD3: 59.89% 
Epoch: 314, Loss: 2.4037, Cls: 0.8014, Ind: 0.0000, Med: 0.4009, Spu: 0.0000, FD: 0.8008, FDAug: 0.4006, Var: 0.0000, Ctx: 6, MixCtx: 3, Train: 85.14%, Valid: 70.72%, Test In: 70.53% Test OOD1: 61.54% Test OOD2: 53.06% Test OOD3: 60.11% 
Epoch: 315, Loss: 2.4872, Cls: 0.8292, Ind: 0.0000, Med: 0.4146, Spu: 0.0000, FD: 0.8292, FDAug: 0.4141, Var: 0.0000, Ctx: 6, MixCtx: 3, Train: 85.17%, Valid: 70.20%, Test In: 70.32% Test OOD1: 62.10% Test OOD2: 52.79% Test OOD3: 59.34% 
Epoch: 316, Loss: 2.5682, Cls: 0.8554, Ind: 0.0000, Med: 0.4276, Spu: 0.0000, FD: 0.8563, FDAug: 0.4289, Var: 0.0000, Ctx: 6, MixCtx: 3, Train: 84.81%, Valid: 70.81%, Test In: 70.97% Test OOD1: 62.60% Test OOD2: 53.60% Test OOD3: 61.04% 
Epoch: 317, Loss: 2.5531, Cls: 0.8520, Ind: 0.0000, Med: 0.4265, Spu: 0.0000, FD: 0.8499, FDAug: 0.4246, Var: 0.0000, Ctx: 6, MixCtx: 3, Train: 85.21%, Valid: 70.05%, Test In: 70.19% Test OOD1: 61.89% Test OOD2: 52.62% Test OOD3: 59.14% 
Epoch: 318, Loss: 2.4280, Cls: 0.8086, Ind: 0.0000, Med: 0.4040, Spu: 0.0000, FD: 0.8103, FDAug: 0.4051, Var: 0.0000, Ctx: 6, MixCtx: 3, Train: 85.37%, Valid: 70.74%, Test In: 70.88% Test OOD1: 62.79% Test OOD2: 52.77% Test OOD3: 59.79% 
Epoch: 319, Loss: 2.4013, Cls: 0.7998, Ind: 0.0000, Med: 0.3997, Spu: 0.0000, FD: 0.8012, FDAug: 0.4006, Var: 0.0000, Ctx: 6, MixCtx: 3, Train: 85.01%, Valid: 71.63%, Test In: 71.70% Test OOD1: 64.09% Test OOD2: 53.43% Test OOD3: 61.66% 
Epoch: 320, Loss: 2.4963, Cls: 0.8328, Ind: 0.0000, Med: 0.4168, Spu: 0.0000, FD: 0.8312, FDAug: 0.4155, Var: 0.0000, Ctx: 6, MixCtx: 3, Train: 85.52%, Valid: 71.04%, Test In: 70.98% Test OOD1: 62.97% Test OOD2: 53.12% Test OOD3: 60.29% 
Epoch: 321, Loss: 2.4126, Cls: 0.8041, Ind: 0.0000, Med: 0.4020, Spu: 0.0000, FD: 0.8044, FDAug: 0.4021, Var: 0.0000, Ctx: 6, MixCtx: 3, Train: 85.51%, Valid: 71.08%, Test In: 70.92% Test OOD1: 63.37% Test OOD2: 53.17% Test OOD3: 60.76% 
Epoch: 322, Loss: 2.3615, Cls: 0.7871, Ind: 0.0000, Med: 0.3936, Spu: 0.0000, FD: 0.7872, FDAug: 0.3936, Var: 0.0000, Ctx: 6, MixCtx: 3, Train: 85.19%, Valid: 71.37%, Test In: 71.43% Test OOD1: 64.12% Test OOD2: 53.38% Test OOD3: 61.48% 
Epoch: 323, Loss: 2.4165, Cls: 0.8053, Ind: 0.0000, Med: 0.4026, Spu: 0.0000, FD: 0.8058, FDAug: 0.4027, Var: 0.0000, Ctx: 6, MixCtx: 3, Train: 85.46%, Valid: 70.77%, Test In: 71.07% Test OOD1: 62.84% Test OOD2: 53.00% Test OOD3: 60.03% 
Epoch: 324, Loss: 2.4104, Cls: 0.8038, Ind: 0.0000, Med: 0.4022, Spu: 0.0000, FD: 0.8027, FDAug: 0.4016, Var: 0.0000, Ctx: 6, MixCtx: 3, Train: 85.63%, Valid: 70.96%, Test In: 71.14% Test OOD1: 62.73% Test OOD2: 53.01% Test OOD3: 60.28% 
Epoch: 325, Loss: 2.3561, Cls: 0.7850, Ind: 0.0000, Med: 0.3924, Spu: 0.0000, FD: 0.7858, FDAug: 0.3928, Var: 0.0000, Ctx: 6, MixCtx: 3, Train: 85.71%, Valid: 71.02%, Test In: 71.01% Test OOD1: 63.21% Test OOD2: 53.25% Test OOD3: 60.60% 
Epoch: 326, Loss: 2.3501, Cls: 0.7829, Ind: 0.0000, Med: 0.3912, Spu: 0.0000, FD: 0.7840, FDAug: 0.3920, Var: 0.0000, Ctx: 6, MixCtx: 3, Train: 85.80%, Valid: 70.10%, Test In: 69.97% Test OOD1: 61.63% Test OOD2: 53.16% Test OOD3: 59.13% 
Epoch: 327, Loss: 2.3671, Cls: 0.7893, Ind: 0.0000, Med: 0.3949, Spu: 0.0000, FD: 0.7884, FDAug: 0.3945, Var: 0.0000, Ctx: 6, MixCtx: 3, Train: 85.39%, Valid: 69.90%, Test In: 69.64% Test OOD1: 60.75% Test OOD2: 53.24% Test OOD3: 59.10% 
Epoch: 328, Loss: 2.3970, Cls: 0.7984, Ind: 0.0000, Med: 0.3990, Spu: 0.0000, FD: 0.7998, FDAug: 0.3997, Var: 0.0000, Ctx: 6, MixCtx: 3, Train: 85.44%, Valid: 70.78%, Test In: 70.79% Test OOD1: 63.02% Test OOD2: 53.06% Test OOD3: 60.07% 
Epoch: 329, Loss: 2.3975, Cls: 0.7994, Ind: 0.0000, Med: 0.3999, Spu: 0.0000, FD: 0.7985, FDAug: 0.3996, Var: 0.0000, Ctx: 6, MixCtx: 3, Train: 85.62%, Valid: 70.69%, Test In: 70.79% Test OOD1: 62.17% Test OOD2: 52.88% Test OOD3: 60.09% 
Epoch: 330, Loss: 2.3680, Cls: 0.7891, Ind: 0.0000, Med: 0.3945, Spu: 0.0000, FD: 0.7896, FDAug: 0.3946, Var: 0.0000, Ctx: 6, MixCtx: 3, Train: 85.80%, Valid: 70.00%, Test In: 70.07% Test OOD1: 61.28% Test OOD2: 52.81% Test OOD3: 59.05% 
Epoch: 331, Loss: 2.3426, Cls: 0.7809, Ind: 0.0000, Med: 0.3906, Spu: 0.0000, FD: 0.7808, FDAug: 0.3904, Var: 0.0000, Ctx: 6, MixCtx: 3, Train: 85.78%, Valid: 70.56%, Test In: 70.59% Test OOD1: 62.82% Test OOD2: 53.38% Test OOD3: 60.22% 
Epoch: 332, Loss: 2.3352, Cls: 0.7781, Ind: 0.0000, Med: 0.3890, Spu: 0.0000, FD: 0.7787, FDAug: 0.3894, Var: 0.0000, Ctx: 6, MixCtx: 3, Train: 85.93%, Valid: 70.44%, Test In: 70.31% Test OOD1: 62.12% Test OOD2: 53.41% Test OOD3: 59.99% 
Epoch: 333, Loss: 2.3552, Cls: 0.7852, Ind: 0.0000, Med: 0.3927, Spu: 0.0000, FD: 0.7851, FDAug: 0.3923, Var: 0.0000, Ctx: 6, MixCtx: 3, Train: 85.74%, Valid: 69.81%, Test In: 69.61% Test OOD1: 61.26% Test OOD2: 52.55% Test OOD3: 58.42% 
Epoch: 334, Loss: 2.4142, Cls: 0.8044, Ind: 0.0000, Med: 0.4022, Spu: 0.0000, FD: 0.8049, FDAug: 0.4027, Var: 0.0000, Ctx: 6, MixCtx: 3, Train: 85.68%, Valid: 71.09%, Test In: 70.94% Test OOD1: 63.28% Test OOD2: 52.96% Test OOD3: 60.72% 
Epoch: 335, Loss: 2.4323, Cls: 0.8111, Ind: 0.0000, Med: 0.4058, Spu: 0.0000, FD: 0.8104, FDAug: 0.4049, Var: 0.0000, Ctx: 6, MixCtx: 3, Train: 86.15%, Valid: 70.43%, Test In: 70.57% Test OOD1: 62.67% Test OOD2: 52.91% Test OOD3: 59.91% 
Epoch: 336, Loss: 2.3412, Cls: 0.7799, Ind: 0.0000, Med: 0.3898, Spu: 0.0000, FD: 0.7809, FDAug: 0.3905, Var: 0.0000, Ctx: 6, MixCtx: 3, Train: 86.17%, Valid: 69.88%, Test In: 69.96% Test OOD1: 61.70% Test OOD2: 53.25% Test OOD3: 59.51% 
Epoch: 337, Loss: 2.3157, Cls: 0.7720, Ind: 0.0000, Med: 0.3861, Spu: 0.0000, FD: 0.7717, FDAug: 0.3858, Var: 0.0000, Ctx: 6, MixCtx: 3, Train: 86.18%, Valid: 70.30%, Test In: 70.19% Test OOD1: 62.39% Test OOD2: 53.41% Test OOD3: 60.17% 
Epoch: 338, Loss: 2.3401, Cls: 0.7806, Ind: 0.0000, Med: 0.3906, Spu: 0.0000, FD: 0.7794, FDAug: 0.3895, Var: 0.0000, Ctx: 6, MixCtx: 3, Train: 85.85%, Valid: 70.35%, Test In: 70.25% Test OOD1: 62.94% Test OOD2: 52.94% Test OOD3: 59.53% 
Epoch: 339, Loss: 2.3835, Cls: 0.7939, Ind: 0.0000, Med: 0.3968, Spu: 0.0000, FD: 0.7951, FDAug: 0.3977, Var: 0.0000, Ctx: 6, MixCtx: 3, Train: 85.76%, Valid: 70.35%, Test In: 70.13% Test OOD1: 61.63% Test OOD2: 52.77% Test OOD3: 59.44% 
Epoch: 340, Loss: 2.3985, Cls: 0.7997, Ind: 0.0000, Med: 0.4000, Spu: 0.0000, FD: 0.7993, FDAug: 0.3995, Var: 0.0000, Ctx: 6, MixCtx: 3, Train: 86.17%, Valid: 70.96%, Test In: 71.01% Test OOD1: 62.98% Test OOD2: 53.07% Test OOD3: 60.48% 
Epoch: 341, Loss: 2.3403, Cls: 0.7800, Ind: 0.0000, Med: 0.3900, Spu: 0.0000, FD: 0.7801, FDAug: 0.3903, Var: 0.0000, Ctx: 6, MixCtx: 3, Train: 86.11%, Valid: 70.92%, Test In: 70.98% Test OOD1: 63.17% Test OOD2: 53.33% Test OOD3: 60.79% 
Epoch: 342, Loss: 2.3100, Cls: 0.7698, Ind: 0.0000, Med: 0.3849, Spu: 0.0000, FD: 0.7701, FDAug: 0.3851, Var: 0.0000, Ctx: 6, MixCtx: 3, Train: 86.26%, Valid: 69.84%, Test In: 69.78% Test OOD1: 61.38% Test OOD2: 53.15% Test OOD3: 58.98% 
Epoch: 343, Loss: 2.3136, Cls: 0.7710, Ind: 0.0000, Med: 0.3854, Spu: 0.0000, FD: 0.7715, FDAug: 0.3857, Var: 0.0000, Ctx: 6, MixCtx: 3, Train: 86.26%, Valid: 69.81%, Test In: 69.83% Test OOD1: 61.57% Test OOD2: 52.98% Test OOD3: 58.38% 
Epoch: 344, Loss: 2.3138, Cls: 0.7714, Ind: 0.0000, Med: 0.3858, Spu: 0.0000, FD: 0.7709, FDAug: 0.3856, Var: 0.0000, Ctx: 6, MixCtx: 3, Train: 86.26%, Valid: 70.87%, Test In: 70.73% Test OOD1: 62.75% Test OOD2: 53.13% Test OOD3: 60.05% 
Epoch: 345, Loss: 2.3283, Cls: 0.7754, Ind: 0.0000, Med: 0.3874, Spu: 0.0000, FD: 0.7770, FDAug: 0.3884, Var: 0.0000, Ctx: 6, MixCtx: 3, Train: 86.58%, Valid: 69.90%, Test In: 69.77% Test OOD1: 61.16% Test OOD2: 52.61% Test OOD3: 58.61% 
Epoch: 346, Loss: 2.3209, Cls: 0.7740, Ind: 0.0000, Med: 0.3873, Spu: 0.0000, FD: 0.7728, FDAug: 0.3867, Var: 0.0000, Ctx: 6, MixCtx: 3, Train: 86.62%, Valid: 70.37%, Test In: 70.10% Test OOD1: 62.08% Test OOD2: 53.02% Test OOD3: 59.78% 
Epoch: 347, Loss: 2.2965, Cls: 0.7650, Ind: 0.0000, Med: 0.3824, Spu: 0.0000, FD: 0.7661, FDAug: 0.3829, Var: 0.0000, Ctx: 6, MixCtx: 3, Train: 86.65%, Valid: 70.13%, Test In: 70.11% Test OOD1: 62.33% Test OOD2: 53.11% Test OOD3: 59.47% 
Epoch: 348, Loss: 2.2818, Cls: 0.7605, Ind: 0.0000, Med: 0.3803, Spu: 0.0000, FD: 0.7606, FDAug: 0.3804, Var: 0.0000, Ctx: 6, MixCtx: 3, Train: 86.68%, Valid: 69.95%, Test In: 69.90% Test OOD1: 61.59% Test OOD2: 53.15% Test OOD3: 59.17% 
Epoch: 349, Loss: 2.2757, Cls: 0.7585, Ind: 0.0000, Med: 0.3793, Spu: 0.0000, FD: 0.7586, FDAug: 0.3793, Var: 0.0000, Ctx: 6, MixCtx: 3, Train: 86.90%, Valid: 70.27%, Test In: 70.00% Test OOD1: 62.25% Test OOD2: 52.91% Test OOD3: 59.35% 
Epoch: 350, Loss: 2.2576, Cls: 0.7525, Ind: 0.0000, Med: 0.3763, Spu: 0.0000, FD: 0.7525, FDAug: 0.3762, Var: 0.0000, Ctx: 6, MixCtx: 3, Train: 86.84%, Valid: 70.42%, Test In: 70.00% Test OOD1: 62.42% Test OOD2: 52.91% Test OOD3: 59.71% 
Epoch: 351, Loss: 2.2619, Cls: 0.7539, Ind: 0.0000, Med: 0.3770, Spu: 0.0000, FD: 0.7540, FDAug: 0.3770, Var: 0.0000, Ctx: 6, MixCtx: 3, Train: 86.99%, Valid: 69.79%, Test In: 69.60% Test OOD1: 61.53% Test OOD2: 52.88% Test OOD3: 58.91% 
Epoch: 352, Loss: 2.2573, Cls: 0.7525, Ind: 0.0000, Med: 0.3764, Spu: 0.0000, FD: 0.7523, FDAug: 0.3761, Var: 0.0000, Ctx: 6, MixCtx: 3, Train: 87.00%, Valid: 70.02%, Test In: 69.90% Test OOD1: 62.10% Test OOD2: 53.17% Test OOD3: 59.46% 
Epoch: 353, Loss: 2.2684, Cls: 0.7560, Ind: 0.0000, Med: 0.3780, Spu: 0.0000, FD: 0.7562, FDAug: 0.3781, Var: 0.0000, Ctx: 6, MixCtx: 3, Train: 86.68%, Valid: 69.34%, Test In: 69.26% Test OOD1: 61.70% Test OOD2: 52.79% Test OOD3: 58.34% 
Epoch: 354, Loss: 2.3120, Cls: 0.7703, Ind: 0.0000, Med: 0.3851, Spu: 0.0000, FD: 0.7711, FDAug: 0.3856, Var: 0.0000, Ctx: 6, MixCtx: 3, Train: 86.21%, Valid: 69.80%, Test In: 69.48% Test OOD1: 61.06% Test OOD2: 53.13% Test OOD3: 59.21% 
Epoch: 355, Loss: 2.5016, Cls: 0.8351, Ind: 0.0000, Med: 0.4182, Spu: 0.0000, FD: 0.8325, FDAug: 0.4157, Var: 0.0000, Ctx: 6, MixCtx: 3, Train: 85.19%, Valid: 70.01%, Test In: 69.83% Test OOD1: 62.80% Test OOD2: 52.64% Test OOD3: 58.93% 
Epoch: 356, Loss: 2.8997, Cls: 0.9634, Ind: 0.0000, Med: 0.4804, Spu: 0.0000, FD: 0.9699, FDAug: 0.4859, Var: 0.0000, Ctx: 6, MixCtx: 3, Train: 84.11%, Valid: 71.03%, Test In: 70.55% Test OOD1: 63.86% Test OOD2: 53.53% Test OOD3: 61.24% 
Epoch: 357, Loss: 2.8013, Cls: 0.9371, Ind: 0.0001, Med: 0.4703, Spu: 0.0000, FD: 0.9295, FDAug: 0.4645, Var: 0.0000, Ctx: 6, MixCtx: 3, Train: 85.86%, Valid: 69.90%, Test In: 69.68% Test OOD1: 62.46% Test OOD2: 53.14% Test OOD3: 59.56% 
Epoch: 358, Loss: 2.4959, Cls: 0.8332, Ind: 0.0001, Med: 0.4173, Spu: 0.0000, FD: 0.8306, FDAug: 0.4148, Var: 0.0000, Ctx: 6, MixCtx: 3, Train: 85.00%, Valid: 68.86%, Test In: 69.30% Test OOD1: 61.76% Test OOD2: 52.82% Test OOD3: 58.44% 
Epoch: 359, Loss: 2.6538, Cls: 0.8797, Ind: 0.0000, Med: 0.4375, Spu: 0.0000, FD: 0.8915, FDAug: 0.4451, Var: 0.0000, Ctx: 6, MixCtx: 3, Train: 84.85%, Valid: 69.96%, Test In: 70.56% Test OOD1: 63.40% Test OOD2: 53.25% Test OOD3: 60.17% 
Epoch: 360, Loss: 2.5427, Cls: 0.8442, Ind: 0.0000, Med: 0.4205, Spu: 0.0000, FD: 0.8525, FDAug: 0.4255, Var: 0.0000, Ctx: 6, MixCtx: 3, Train: 83.05%, Valid: 70.70%, Test In: 71.48% Test OOD1: 65.29% Test OOD2: 53.63% Test OOD3: 62.16% 
Epoch: 361, Loss: 2.5814, Cls: 0.8624, Ind: 0.0000, Med: 0.4324, Spu: 0.0000, FD: 0.8577, FDAug: 0.4289, Var: 0.0000, Ctx: 6, MixCtx: 3, Train: 83.91%, Valid: 71.36%, Test In: 71.72% Test OOD1: 65.95% Test OOD2: 53.47% Test OOD3: 62.25% 
Epoch: 362, Loss: 2.5308, Cls: 0.8439, Ind: 0.0000, Med: 0.4222, Spu: 0.0000, FD: 0.8430, FDAug: 0.4216, Var: 0.0000, Ctx: 6, MixCtx: 3, Train: 85.01%, Valid: 71.27%, Test In: 71.31% Test OOD1: 64.83% Test OOD2: 52.95% Test OOD3: 60.79% 
Epoch: 363, Loss: 2.4670, Cls: 0.8218, Ind: 0.0000, Med: 0.4107, Spu: 0.0000, FD: 0.8231, FDAug: 0.4113, Var: 0.0000, Ctx: 6, MixCtx: 3, Train: 84.63%, Valid: 71.28%, Test In: 71.27% Test OOD1: 64.45% Test OOD2: 52.94% Test OOD3: 60.62% 
Epoch: 364, Loss: 2.5118, Cls: 0.8381, Ind: 0.0000, Med: 0.4196, Spu: 0.0000, FD: 0.8361, FDAug: 0.4179, Var: 0.0000, Ctx: 6, MixCtx: 3, Train: 83.97%, Valid: 72.10%, Test In: 72.03% Test OOD1: 65.47% Test OOD2: 53.29% Test OOD3: 61.81% 
Epoch: 365, Loss: 2.4865, Cls: 0.8267, Ind: 0.0000, Med: 0.4125, Spu: 0.0000, FD: 0.8315, FDAug: 0.4158, Var: 0.0000, Ctx: 6, MixCtx: 3, Train: 84.22%, Valid: 72.04%, Test In: 72.16% Test OOD1: 65.24% Test OOD2: 53.41% Test OOD3: 61.87% 
Epoch: 366, Loss: 2.4546, Cls: 0.8164, Ind: 0.0000, Med: 0.4075, Spu: 0.0000, FD: 0.8204, FDAug: 0.4102, Var: 0.0000, Ctx: 6, MixCtx: 3, Train: 85.36%, Valid: 71.36%, Test In: 71.79% Test OOD1: 63.98% Test OOD2: 53.25% Test OOD3: 60.80% 
Epoch: 367, Loss: 2.4421, Cls: 0.8165, Ind: 0.0000, Med: 0.4098, Spu: 0.0000, FD: 0.8105, FDAug: 0.4053, Var: 0.0000, Ctx: 6, MixCtx: 3, Train: 85.80%, Valid: 71.28%, Test In: 71.69% Test OOD1: 64.12% Test OOD2: 53.14% Test OOD3: 61.00% 
Epoch: 368, Loss: 2.3509, Cls: 0.7835, Ind: 0.0000, Med: 0.3919, Spu: 0.0000, FD: 0.7837, FDAug: 0.3919, Var: 0.0000, Ctx: 6, MixCtx: 3, Train: 85.61%, Valid: 71.00%, Test In: 71.13% Test OOD1: 64.08% Test OOD2: 53.29% Test OOD3: 61.04% 
Epoch: 369, Loss: 2.3915, Cls: 0.7954, Ind: 0.0000, Med: 0.3969, Spu: 0.0000, FD: 0.7995, FDAug: 0.3997, Var: 0.0000, Ctx: 6, MixCtx: 3, Train: 85.84%, Valid: 70.05%, Test In: 70.14% Test OOD1: 62.51% Test OOD2: 53.37% Test OOD3: 59.77% 
Epoch: 370, Loss: 2.3535, Cls: 0.7851, Ind: 0.0000, Med: 0.3930, Spu: 0.0000, FD: 0.7836, FDAug: 0.3918, Var: 0.0000, Ctx: 6, MixCtx: 3, Train: 86.16%, Valid: 69.43%, Test In: 69.50% Test OOD1: 60.97% Test OOD2: 53.37% Test OOD3: 58.60% 
Epoch: 371, Loss: 2.3489, Cls: 0.7840, Ind: 0.0000, Med: 0.3926, Spu: 0.0000, FD: 0.7816, FDAug: 0.3908, Var: 0.0000, Ctx: 6, MixCtx: 3, Train: 86.42%, Valid: 70.15%, Test In: 70.13% Test OOD1: 61.55% Test OOD2: 53.50% Test OOD3: 59.48% 
Epoch: 372, Loss: 2.3139, Cls: 0.7711, Ind: 0.0000, Med: 0.3855, Spu: 0.0000, FD: 0.7716, FDAug: 0.3857, Var: 0.0000, Ctx: 6, MixCtx: 3, Train: 86.23%, Valid: 70.35%, Test In: 70.30% Test OOD1: 61.89% Test OOD2: 53.11% Test OOD3: 59.25% 
Epoch: 373, Loss: 2.3048, Cls: 0.7681, Ind: 0.0000, Med: 0.3841, Spu: 0.0000, FD: 0.7684, FDAug: 0.3842, Var: 0.0000, Ctx: 6, MixCtx: 3, Train: 86.17%, Valid: 69.56%, Test In: 69.52% Test OOD1: 61.06% Test OOD2: 52.68% Test OOD3: 58.08% 
Epoch: 374, Loss: 2.3320, Cls: 0.7774, Ind: 0.0000, Med: 0.3889, Spu: 0.0000, FD: 0.7771, FDAug: 0.3886, Var: 0.0000, Ctx: 6, MixCtx: 3, Train: 86.50%, Valid: 69.62%, Test In: 69.58% Test OOD1: 61.05% Test OOD2: 52.64% Test OOD3: 58.36% 
Epoch: 375, Loss: 2.2942, Cls: 0.7650, Ind: 0.0000, Med: 0.3828, Spu: 0.0000, FD: 0.7642, FDAug: 0.3821, Var: 0.0000, Ctx: 6, MixCtx: 3, Train: 86.91%, Valid: 70.05%, Test In: 70.24% Test OOD1: 62.21% Test OOD2: 53.10% Test OOD3: 59.41% 
Epoch: 376, Loss: 2.2568, Cls: 0.7521, Ind: 0.0000, Med: 0.3761, Spu: 0.0000, FD: 0.7525, FDAug: 0.3762, Var: 0.0000, Ctx: 6, MixCtx: 3, Train: 86.69%, Valid: 69.57%, Test In: 69.88% Test OOD1: 61.92% Test OOD2: 53.26% Test OOD3: 59.10% 
Epoch: 377, Loss: 2.2905, Cls: 0.7624, Ind: 0.0000, Med: 0.3808, Spu: 0.0000, FD: 0.7648, FDAug: 0.3825, Var: 0.0000, Ctx: 6, MixCtx: 3, Train: 86.71%, Valid: 69.48%, Test In: 69.43% Test OOD1: 61.48% Test OOD2: 53.10% Test OOD3: 58.83% 
Epoch: 378, Loss: 2.2919, Cls: 0.7645, Ind: 0.0000, Med: 0.3827, Spu: 0.0000, FD: 0.7631, FDAug: 0.3815, Var: 0.0000, Ctx: 6, MixCtx: 3, Train: 86.99%, Valid: 69.95%, Test In: 69.94% Test OOD1: 62.44% Test OOD2: 52.82% Test OOD3: 58.97% 
Epoch: 379, Loss: 2.2540, Cls: 0.7507, Ind: 0.0000, Med: 0.3752, Spu: 0.0000, FD: 0.7520, FDAug: 0.3761, Var: 0.0000, Ctx: 6, MixCtx: 3, Train: 86.90%, Valid: 70.16%, Test In: 70.36% Test OOD1: 62.55% Test OOD2: 52.84% Test OOD3: 59.38% 
Epoch: 380, Loss: 2.2540, Cls: 0.7512, Ind: 0.0000, Med: 0.3757, Spu: 0.0000, FD: 0.7514, FDAug: 0.3757, Var: 0.0000, Ctx: 6, MixCtx: 3, Train: 86.99%, Valid: 69.75%, Test In: 69.97% Test OOD1: 61.93% Test OOD2: 52.89% Test OOD3: 58.94% 
Epoch: 381, Loss: 2.2529, Cls: 0.7515, Ind: 0.0000, Med: 0.3762, Spu: 0.0000, FD: 0.7502, FDAug: 0.3751, Var: 0.0000, Ctx: 6, MixCtx: 3, Train: 87.19%, Valid: 69.44%, Test In: 69.55% Test OOD1: 62.21% Test OOD2: 53.03% Test OOD3: 58.78% 
Epoch: 382, Loss: 2.2333, Cls: 0.7443, Ind: 0.0000, Med: 0.3722, Spu: 0.0000, FD: 0.7445, FDAug: 0.3723, Var: 0.0000, Ctx: 6, MixCtx: 3, Train: 87.19%, Valid: 69.53%, Test In: 69.47% Test OOD1: 62.51% Test OOD2: 53.21% Test OOD3: 59.38% 
Epoch: 383, Loss: 2.2396, Cls: 0.7464, Ind: 0.0000, Med: 0.3733, Spu: 0.0000, FD: 0.7465, FDAug: 0.3733, Var: 0.0000, Ctx: 6, MixCtx: 3, Train: 87.40%, Valid: 69.38%, Test In: 69.34% Test OOD1: 61.99% Test OOD2: 53.04% Test OOD3: 59.07% 
Epoch: 384, Loss: 2.2172, Cls: 0.7391, Ind: 0.0000, Med: 0.3696, Spu: 0.0000, FD: 0.7390, FDAug: 0.3695, Var: 0.0000, Ctx: 6, MixCtx: 3, Train: 87.48%, Valid: 69.80%, Test In: 69.79% Test OOD1: 62.51% Test OOD2: 52.91% Test OOD3: 59.41% 
Epoch: 385, Loss: 2.2117, Cls: 0.7372, Ind: 0.0000, Med: 0.3687, Spu: 0.0000, FD: 0.7372, FDAug: 0.3686, Var: 0.0000, Ctx: 6, MixCtx: 3, Train: 87.50%, Valid: 69.85%, Test In: 69.85% Test OOD1: 62.56% Test OOD2: 52.92% Test OOD3: 59.47% 
Epoch: 386, Loss: 2.2121, Cls: 0.7373, Ind: 0.0000, Med: 0.3687, Spu: 0.0000, FD: 0.7374, FDAug: 0.3687, Var: 0.0000, Ctx: 6, MixCtx: 3, Train: 87.52%, Valid: 69.24%, Test In: 69.34% Test OOD1: 61.90% Test OOD2: 53.00% Test OOD3: 58.74% 
Epoch: 387, Loss: 2.2132, Cls: 0.7378, Ind: 0.0000, Med: 0.3691, Spu: 0.0000, FD: 0.7375, FDAug: 0.3688, Var: 0.0000, Ctx: 6, MixCtx: 3, Train: 87.67%, Valid: 69.30%, Test In: 69.31% Test OOD1: 61.75% Test OOD2: 53.25% Test OOD3: 59.03% 
Epoch: 388, Loss: 2.2100, Cls: 0.7365, Ind: 0.0000, Med: 0.3683, Spu: 0.0000, FD: 0.7368, FDAug: 0.3684, Var: 0.0000, Ctx: 6, MixCtx: 3, Train: 87.65%, Valid: 69.14%, Test In: 69.05% Test OOD1: 61.86% Test OOD2: 52.99% Test OOD3: 58.61% 
Epoch: 389, Loss: 2.2180, Cls: 0.7396, Ind: 0.0000, Med: 0.3700, Spu: 0.0000, FD: 0.7389, FDAug: 0.3695, Var: 0.0000, Ctx: 6, MixCtx: 3, Train: 87.27%, Valid: 68.94%, Test In: 68.75% Test OOD1: 60.74% Test OOD2: 52.96% Test OOD3: 58.35% 
Epoch: 390, Loss: 2.2410, Cls: 0.7469, Ind: 0.0000, Med: 0.3735, Spu: 0.0000, FD: 0.7471, FDAug: 0.3735, Var: 0.0000, Ctx: 6, MixCtx: 3, Train: 87.54%, Valid: 69.44%, Test In: 69.52% Test OOD1: 62.19% Test OOD2: 52.89% Test OOD3: 58.87% 
Epoch: 391, Loss: 2.2431, Cls: 0.7481, Ind: 0.0000, Med: 0.3743, Spu: 0.0000, FD: 0.7471, FDAug: 0.3736, Var: 0.0000, Ctx: 6, MixCtx: 3, Train: 87.66%, Valid: 69.48%, Test In: 69.62% Test OOD1: 61.69% Test OOD2: 53.10% Test OOD3: 58.94% 
Epoch: 392, Loss: 2.2282, Cls: 0.7426, Ind: 0.0000, Med: 0.3713, Spu: 0.0000, FD: 0.7428, FDAug: 0.3714, Var: 0.0000, Ctx: 6, MixCtx: 3, Train: 87.51%, Valid: 68.82%, Test In: 69.01% Test OOD1: 61.09% Test OOD2: 52.84% Test OOD3: 57.58% 
Epoch: 393, Loss: 2.2255, Cls: 0.7418, Ind: 0.0000, Med: 0.3709, Spu: 0.0000, FD: 0.7419, FDAug: 0.3709, Var: 0.0000, Ctx: 6, MixCtx: 3, Train: 87.79%, Valid: 69.90%, Test In: 69.87% Test OOD1: 62.53% Test OOD2: 53.17% Test OOD3: 59.38% 
Epoch: 394, Loss: 2.2023, Cls: 0.7339, Ind: 0.0000, Med: 0.3669, Spu: 0.0000, FD: 0.7343, FDAug: 0.3672, Var: 0.0000, Ctx: 6, MixCtx: 3, Train: 87.95%, Valid: 69.69%, Test In: 69.70% Test OOD1: 62.11% Test OOD2: 52.91% Test OOD3: 59.01% 
Epoch: 395, Loss: 2.1817, Cls: 0.7273, Ind: 0.0000, Med: 0.3638, Spu: 0.0000, FD: 0.7271, FDAug: 0.3635, Var: 0.0000, Ctx: 6, MixCtx: 3, Train: 88.03%, Valid: 69.70%, Test In: 69.66% Test OOD1: 62.22% Test OOD2: 52.85% Test OOD3: 59.06% 
Epoch: 396, Loss: 2.1672, Cls: 0.7224, Ind: 0.0000, Med: 0.3613, Spu: 0.0000, FD: 0.7223, FDAug: 0.3612, Var: 0.0000, Ctx: 6, MixCtx: 3, Train: 88.02%, Valid: 69.75%, Test In: 69.74% Test OOD1: 62.59% Test OOD2: 52.97% Test OOD3: 59.30% 
Epoch: 397, Loss: 2.1700, Cls: 0.7233, Ind: 0.0000, Med: 0.3617, Spu: 0.0000, FD: 0.7234, FDAug: 0.3617, Var: 0.0000, Ctx: 6, MixCtx: 3, Train: 87.97%, Valid: 68.96%, Test In: 69.16% Test OOD1: 61.52% Test OOD2: 52.93% Test OOD3: 58.46% 
Epoch: 398, Loss: 2.1756, Cls: 0.7251, Ind: 0.0000, Med: 0.3626, Spu: 0.0000, FD: 0.7252, FDAug: 0.3626, Var: 0.0000, Ctx: 6, MixCtx: 3, Train: 88.14%, Valid: 69.36%, Test In: 69.26% Test OOD1: 62.11% Test OOD2: 53.09% Test OOD3: 59.17% 
Epoch: 399, Loss: 2.1752, Cls: 0.7252, Ind: 0.0000, Med: 0.3628, Spu: 0.0000, FD: 0.7248, FDAug: 0.3623, Var: 0.0000, Ctx: 6, MixCtx: 3, Train: 88.01%, Valid: 68.76%, Test In: 68.59% Test OOD1: 61.61% Test OOD2: 52.79% Test OOD3: 58.10% 
Epoch: 400, Loss: 2.2031, Cls: 0.7340, Ind: 0.0000, Med: 0.3670, Spu: 0.0000, FD: 0.7347, FDAug: 0.3674, Var: 0.0000, Ctx: 6, MixCtx: 3, Train: 87.31%, Valid: 68.61%, Test In: 68.52% Test OOD1: 60.63% Test OOD2: 53.07% Test OOD3: 58.44% 
Epoch: 401, Loss: 2.3327, Cls: 0.7780, Ind: 0.0000, Med: 0.3893, Spu: 0.0000, FD: 0.7771, FDAug: 0.3884, Var: 0.0000, Ctx: 6, MixCtx: 3, Train: 85.97%, Valid: 69.27%, Test In: 69.41% Test OOD1: 62.56% Test OOD2: 52.76% Test OOD3: 58.76% 
Epoch: 402, Loss: 2.6725, Cls: 0.8905, Ind: 0.0000, Med: 0.4452, Spu: 0.0000, FD: 0.8911, FDAug: 0.4458, Var: 0.0000, Ctx: 6, MixCtx: 3, Train: 85.92%, Valid: 69.79%, Test In: 69.80% Test OOD1: 62.34% Test OOD2: 53.61% Test OOD3: 60.30% 
Epoch: 403, Loss: 2.7396, Cls: 0.9154, Ind: 0.0000, Med: 0.4589, Spu: 0.0000, FD: 0.9101, FDAug: 0.4552, Var: 0.0000, Ctx: 6, MixCtx: 3, Train: 85.85%, Valid: 68.20%, Test In: 68.47% Test OOD1: 61.04% Test OOD2: 52.78% Test OOD3: 57.79% 
Epoch: 404, Loss: 2.3719, Cls: 0.7898, Ind: 0.0000, Med: 0.3945, Spu: 0.0000, FD: 0.7918, FDAug: 0.3958, Var: 0.0000, Ctx: 6, MixCtx: 3, Train: 86.58%, Valid: 68.68%, Test In: 69.12% Test OOD1: 61.64% Test OOD2: 52.55% Test OOD3: 57.57% 
Epoch: 405, Loss: 2.5105, Cls: 0.8346, Ind: 0.0000, Med: 0.4163, Spu: 0.0000, FD: 0.8397, FDAug: 0.4199, Var: 0.0000, Ctx: 6, MixCtx: 3, Train: 84.84%, Valid: 70.20%, Test In: 70.66% Test OOD1: 64.35% Test OOD2: 53.14% Test OOD3: 60.42% 
Epoch: 406, Loss: 2.4236, Cls: 0.8083, Ind: 0.0000, Med: 0.4045, Spu: 0.0000, FD: 0.8072, FDAug: 0.4035, Var: 0.0000, Ctx: 6, MixCtx: 3, Train: 84.74%, Valid: 70.60%, Test In: 71.11% Test OOD1: 65.01% Test OOD2: 53.36% Test OOD3: 61.32% 
Epoch: 407, Loss: 2.4934, Cls: 0.8324, Ind: 0.0000, Med: 0.4170, Spu: 0.0000, FD: 0.8294, FDAug: 0.4145, Var: 0.0000, Ctx: 6, MixCtx: 3, Train: 86.74%, Valid: 70.29%, Test In: 70.66% Test OOD1: 63.84% Test OOD2: 52.86% Test OOD3: 60.01% 
Epoch: 408, Loss: 2.3275, Cls: 0.7748, Ind: 0.0000, Med: 0.3869, Spu: 0.0000, FD: 0.7772, FDAug: 0.3885, Var: 0.0000, Ctx: 6, MixCtx: 3, Train: 85.49%, Valid: 69.90%, Test In: 70.36% Test OOD1: 63.19% Test OOD2: 52.79% Test OOD3: 59.64% 
Epoch: 409, Loss: 2.4529, Cls: 0.8169, Ind: 0.0000, Med: 0.4082, Spu: 0.0000, FD: 0.8184, FDAug: 0.4093, Var: 0.0000, Ctx: 6, MixCtx: 3, Train: 86.08%, Valid: 71.01%, Test In: 71.11% Test OOD1: 64.69% Test OOD2: 53.16% Test OOD3: 61.09% 
Epoch: 410, Loss: 2.3639, Cls: 0.7874, Ind: 0.0001, Med: 0.3934, Spu: 0.0000, FD: 0.7887, FDAug: 0.3942, Var: 0.0000, Ctx: 6, MixCtx: 3, Train: 85.78%, Valid: 70.99%, Test In: 71.15% Test OOD1: 65.26% Test OOD2: 53.45% Test OOD3: 61.62% 
Epoch: 411, Loss: 2.3816, Cls: 0.7931, Ind: 0.0000, Med: 0.3962, Spu: 0.0000, FD: 0.7950, FDAug: 0.3973, Var: 0.0000, Ctx: 6, MixCtx: 3, Train: 86.74%, Valid: 70.23%, Test In: 70.41% Test OOD1: 63.79% Test OOD2: 53.42% Test OOD3: 60.31% 
Epoch: 412, Loss: 2.3088, Cls: 0.7698, Ind: 0.0000, Med: 0.3851, Spu: 0.0000, FD: 0.7692, FDAug: 0.3847, Var: 0.0000, Ctx: 6, MixCtx: 3, Train: 87.04%, Valid: 69.53%, Test In: 69.55% Test OOD1: 62.14% Test OOD2: 53.40% Test OOD3: 59.14% 
Epoch: 413, Loss: 2.2925, Cls: 0.7646, Ind: 0.0000, Med: 0.3827, Spu: 0.0000, FD: 0.7634, FDAug: 0.3817, Var: 0.0000, Ctx: 6, MixCtx: 3, Train: 86.58%, Valid: 69.98%, Test In: 69.61% Test OOD1: 62.43% Test OOD2: 53.34% Test OOD3: 59.52% 
Epoch: 414, Loss: 2.3289, Cls: 0.7750, Ind: 0.0000, Med: 0.3869, Spu: 0.0000, FD: 0.7780, FDAug: 0.3890, Var: 0.0000, Ctx: 6, MixCtx: 3, Train: 87.33%, Valid: 70.32%, Test In: 69.96% Test OOD1: 63.51% Test OOD2: 53.14% Test OOD3: 59.85% 
Epoch: 415, Loss: 2.2448, Cls: 0.7481, Ind: 0.0000, Med: 0.3741, Spu: 0.0000, FD: 0.7484, FDAug: 0.3742, Var: 0.0000, Ctx: 6, MixCtx: 3, Train: 87.03%, Valid: 69.99%, Test In: 70.08% Test OOD1: 62.94% Test OOD2: 52.98% Test OOD3: 59.48% 
Epoch: 416, Loss: 2.3089, Cls: 0.7709, Ind: 0.0000, Med: 0.3862, Spu: 0.0000, FD: 0.7679, FDAug: 0.3839, Var: 0.0000, Ctx: 6, MixCtx: 3, Train: 87.27%, Valid: 69.55%, Test In: 69.94% Test OOD1: 61.58% Test OOD2: 53.11% Test OOD3: 58.90% 
Epoch: 417, Loss: 2.2384, Cls: 0.7455, Ind: 0.0000, Med: 0.3725, Spu: 0.0000, FD: 0.7470, FDAug: 0.3734, Var: 0.0000, Ctx: 6, MixCtx: 3, Train: 87.43%, Valid: 68.88%, Test In: 69.32% Test OOD1: 60.53% Test OOD2: 53.20% Test OOD3: 57.81% 
Epoch: 418, Loss: 2.2307, Cls: 0.7428, Ind: 0.0000, Med: 0.3711, Spu: 0.0000, FD: 0.7445, FDAug: 0.3722, Var: 0.0000, Ctx: 6, MixCtx: 3, Train: 87.37%, Valid: 68.59%, Test In: 69.01% Test OOD1: 60.96% Test OOD2: 53.17% Test OOD3: 57.76% 
Epoch: 419, Loss: 2.2554, Cls: 0.7524, Ind: 0.0000, Med: 0.3766, Spu: 0.0000, FD: 0.7509, FDAug: 0.3755, Var: 0.0000, Ctx: 6, MixCtx: 3, Train: 87.30%, Valid: 69.40%, Test In: 69.62% Test OOD1: 62.16% Test OOD2: 53.38% Test OOD3: 59.28% 
Epoch: 420, Loss: 2.2566, Cls: 0.7513, Ind: 0.0000, Med: 0.3753, Spu: 0.0000, FD: 0.7534, FDAug: 0.3767, Var: 0.0000, Ctx: 6, MixCtx: 3, Train: 87.78%, Valid: 69.04%, Test In: 69.20% Test OOD1: 61.14% Test OOD2: 52.78% Test OOD3: 57.83% 
Epoch: 421, Loss: 2.2067, Cls: 0.7360, Ind: 0.0000, Med: 0.3684, Spu: 0.0000, FD: 0.7348, FDAug: 0.3675, Var: 0.0000, Ctx: 6, MixCtx: 3, Train: 87.86%, Valid: 69.64%, Test In: 69.94% Test OOD1: 62.07% Test OOD2: 52.77% Test OOD3: 58.50% 
Epoch: 422, Loss: 2.1801, Cls: 0.7268, Ind: 0.0000, Med: 0.3635, Spu: 0.0000, FD: 0.7265, FDAug: 0.3633, Var: 0.0000, Ctx: 6, MixCtx: 3, Train: 87.64%, Valid: 69.79%, Test In: 70.26% Test OOD1: 62.55% Test OOD2: 52.94% Test OOD3: 59.00% 
Epoch: 423, Loss: 2.2083, Cls: 0.7360, Ind: 0.0000, Med: 0.3680, Spu: 0.0000, FD: 0.7362, FDAug: 0.3680, Var: 0.0000, Ctx: 6, MixCtx: 3, Train: 88.14%, Valid: 68.74%, Test In: 69.24% Test OOD1: 61.32% Test OOD2: 52.89% Test OOD3: 57.86% 
Epoch: 424, Loss: 2.1684, Cls: 0.7228, Ind: 0.0000, Med: 0.3615, Spu: 0.0000, FD: 0.7228, FDAug: 0.3614, Var: 0.0000, Ctx: 6, MixCtx: 3, Train: 88.13%, Valid: 68.91%, Test In: 68.94% Test OOD1: 62.07% Test OOD2: 53.19% Test OOD3: 58.80% 
Epoch: 425, Loss: 2.1709, Cls: 0.7239, Ind: 0.0000, Med: 0.3622, Spu: 0.0000, FD: 0.7232, FDAug: 0.3616, Var: 0.0000, Ctx: 6, MixCtx: 3, Train: 88.07%, Valid: 69.36%, Test In: 69.22% Test OOD1: 62.91% Test OOD2: 53.19% Test OOD3: 59.47% 
Epoch: 426, Loss: 2.1629, Cls: 0.7207, Ind: 0.0000, Med: 0.3603, Spu: 0.0000, FD: 0.7212, FDAug: 0.3606, Var: 0.0000, Ctx: 6, MixCtx: 3, Train: 88.45%, Valid: 69.22%, Test In: 69.28% Test OOD1: 62.56% Test OOD2: 52.93% Test OOD3: 59.07% 
Epoch: 427, Loss: 2.1447, Cls: 0.7144, Ind: 0.0000, Med: 0.3571, Spu: 0.0000, FD: 0.7154, FDAug: 0.3577, Var: 0.0000, Ctx: 6, MixCtx: 3, Train: 88.21%, Valid: 69.17%, Test In: 69.24% Test OOD1: 62.14% Test OOD2: 52.91% Test OOD3: 58.98% 
Epoch: 428, Loss: 2.1726, Cls: 0.7249, Ind: 0.0000, Med: 0.3629, Spu: 0.0000, FD: 0.7232, FDAug: 0.3616, Var: 0.0000, Ctx: 6, MixCtx: 3, Train: 88.41%, Valid: 68.82%, Test In: 68.98% Test OOD1: 62.12% Test OOD2: 53.02% Test OOD3: 58.73% 
Epoch: 429, Loss: 2.1433, Cls: 0.7141, Ind: 0.0000, Med: 0.3570, Spu: 0.0000, FD: 0.7148, FDAug: 0.3574, Var: 0.0000, Ctx: 6, MixCtx: 3, Train: 88.55%, Valid: 68.85%, Test In: 68.73% Test OOD1: 62.19% Test OOD2: 53.36% Test OOD3: 58.89% 
Epoch: 430, Loss: 2.1266, Cls: 0.7090, Ind: 0.0000, Med: 0.3547, Spu: 0.0000, FD: 0.7086, FDAug: 0.3543, Var: 0.0000, Ctx: 6, MixCtx: 3, Train: 88.61%, Valid: 68.37%, Test In: 68.30% Test OOD1: 61.40% Test OOD2: 53.24% Test OOD3: 58.28% 
Epoch: 431, Loss: 2.1215, Cls: 0.7072, Ind: 0.0000, Med: 0.3537, Spu: 0.0000, FD: 0.7071, FDAug: 0.3535, Var: 0.0000, Ctx: 6, MixCtx: 3, Train: 88.80%, Valid: 68.64%, Test In: 68.78% Test OOD1: 61.57% Test OOD2: 52.99% Test OOD3: 58.26% 
Epoch: 432, Loss: 2.1341, Cls: 0.7108, Ind: 0.0000, Med: 0.3552, Spu: 0.0000, FD: 0.7121, FDAug: 0.3561, Var: 0.0000, Ctx: 6, MixCtx: 3, Train: 88.44%, Valid: 68.99%, Test In: 69.01% Test OOD1: 61.61% Test OOD2: 53.07% Test OOD3: 58.58% 
Epoch: 433, Loss: 2.1910, Cls: 0.7301, Ind: 0.0000, Med: 0.3650, Spu: 0.0000, FD: 0.7306, FDAug: 0.3654, Var: 0.0000, Ctx: 6, MixCtx: 3, Train: 88.32%, Valid: 67.83%, Test In: 68.30% Test OOD1: 61.04% Test OOD2: 52.78% Test OOD3: 57.48% 
Epoch: 434, Loss: 2.2858, Cls: 0.7615, Ind: 0.0000, Med: 0.3807, Spu: 0.0000, FD: 0.7624, FDAug: 0.3812, Var: 0.0000, Ctx: 6, MixCtx: 3, Train: 88.11%, Valid: 68.75%, Test In: 68.86% Test OOD1: 61.72% Test OOD2: 53.43% Test OOD3: 58.77% 
Epoch: 435, Loss: 2.3514, Cls: 0.7842, Ind: 0.0000, Med: 0.3924, Spu: 0.0000, FD: 0.7833, FDAug: 0.3916, Var: 0.0000, Ctx: 6, MixCtx: 3, Train: 88.29%, Valid: 67.79%, Test In: 68.12% Test OOD1: 60.87% Test OOD2: 52.89% Test OOD3: 57.18% 
Epoch: 436, Loss: 2.1837, Cls: 0.7275, Ind: 0.0000, Med: 0.3636, Spu: 0.0000, FD: 0.7284, FDAug: 0.3642, Var: 0.0000, Ctx: 6, MixCtx: 3, Train: 88.82%, Valid: 68.51%, Test In: 68.78% Test OOD1: 61.48% Test OOD2: 53.02% Test OOD3: 58.20% 
Epoch: 437, Loss: 2.1221, Cls: 0.7071, Ind: 0.0000, Med: 0.3535, Spu: 0.0000, FD: 0.7076, FDAug: 0.3539, Var: 0.0000, Ctx: 6, MixCtx: 3, Train: 87.86%, Valid: 69.72%, Test In: 69.75% Test OOD1: 62.79% Test OOD2: 53.34% Test OOD3: 59.96% 
Epoch: 438, Loss: 2.2655, Cls: 0.7550, Ind: 0.0000, Med: 0.3776, Spu: 0.0000, FD: 0.7553, FDAug: 0.3777, Var: 0.0000, Ctx: 6, MixCtx: 3, Train: 88.29%, Valid: 68.76%, Test In: 68.92% Test OOD1: 62.40% Test OOD2: 52.78% Test OOD3: 58.81% 
Epoch: 439, Loss: 2.2378, Cls: 0.7461, Ind: 0.0000, Med: 0.3732, Spu: 0.0000, FD: 0.7456, FDAug: 0.3728, Var: 0.0000, Ctx: 6, MixCtx: 3, Train: 88.81%, Valid: 69.17%, Test In: 69.24% Test OOD1: 62.79% Test OOD2: 53.12% Test OOD3: 59.49% 
Epoch: 440, Loss: 2.1199, Cls: 0.7064, Ind: 0.0000, Med: 0.3531, Spu: 0.0000, FD: 0.7070, FDAug: 0.3534, Var: 0.0000, Ctx: 6, MixCtx: 3, Train: 88.50%, Valid: 69.40%, Test In: 69.64% Test OOD1: 62.71% Test OOD2: 53.46% Test OOD3: 59.91% 
Epoch: 441, Loss: 2.1766, Cls: 0.7255, Ind: 0.0000, Med: 0.3628, Spu: 0.0000, FD: 0.7256, FDAug: 0.3627, Var: 0.0000, Ctx: 6, MixCtx: 3, Train: 88.34%, Valid: 68.59%, Test In: 69.07% Test OOD1: 61.68% Test OOD2: 52.99% Test OOD3: 58.32% 
Epoch: 442, Loss: 2.1985, Cls: 0.7329, Ind: 0.0000, Med: 0.3666, Spu: 0.0000, FD: 0.7326, FDAug: 0.3663, Var: 0.0000, Ctx: 6, MixCtx: 3, Train: 89.03%, Valid: 68.94%, Test In: 68.99% Test OOD1: 61.85% Test OOD2: 53.06% Test OOD3: 58.58% 
Epoch: 443, Loss: 2.1090, Cls: 0.7026, Ind: 0.0000, Med: 0.3512, Spu: 0.0000, FD: 0.7035, FDAug: 0.3517, Var: 0.0000, Ctx: 6, MixCtx: 3, Train: 88.97%, Valid: 69.22%, Test In: 69.29% Test OOD1: 62.17% Test OOD2: 53.19% Test OOD3: 59.25% 
Epoch: 444, Loss: 2.1000, Cls: 0.6996, Ind: 0.0000, Med: 0.3497, Spu: 0.0000, FD: 0.7005, FDAug: 0.3502, Var: 0.0000, Ctx: 6, MixCtx: 3, Train: 89.03%, Valid: 68.74%, Test In: 69.24% Test OOD1: 61.95% Test OOD2: 52.97% Test OOD3: 58.89% 
Epoch: 445, Loss: 2.1564, Cls: 0.7193, Ind: 0.0000, Med: 0.3600, Spu: 0.0000, FD: 0.7180, FDAug: 0.3591, Var: 0.0000, Ctx: 6, MixCtx: 3, Train: 88.85%, Valid: 68.95%, Test In: 69.10% Test OOD1: 61.90% Test OOD2: 53.09% Test OOD3: 58.83% 
Epoch: 446, Loss: 2.1663, Cls: 0.7210, Ind: 0.0000, Med: 0.3601, Spu: 0.0000, FD: 0.7235, FDAug: 0.3617, Var: 0.0000, Ctx: 6, MixCtx: 3, Train: 88.95%, Valid: 67.77%, Test In: 68.24% Test OOD1: 60.62% Test OOD2: 52.85% Test OOD3: 57.36% 
Epoch: 447, Loss: 2.1220, Cls: 0.7074, Ind: 0.0000, Med: 0.3538, Spu: 0.0000, FD: 0.7071, FDAug: 0.3537, Var: 0.0000, Ctx: 6, MixCtx: 3, Train: 88.99%, Valid: 68.50%, Test In: 68.78% Test OOD1: 61.39% Test OOD2: 53.32% Test OOD3: 58.56% 
Epoch: 448, Loss: 2.0999, Cls: 0.6996, Ind: 0.0000, Med: 0.3497, Spu: 0.0000, FD: 0.7003, FDAug: 0.3502, Var: 0.0000, Ctx: 6, MixCtx: 3, Train: 89.31%, Valid: 68.36%, Test In: 68.48% Test OOD1: 61.39% Test OOD2: 53.05% Test OOD3: 58.21% 
Epoch: 449, Loss: 2.0627, Cls: 0.6876, Ind: 0.0000, Med: 0.3439, Spu: 0.0000, FD: 0.6875, FDAug: 0.3438, Var: 0.0000, Ctx: 6, MixCtx: 3, Train: 89.13%, Valid: 67.69%, Test In: 67.90% Test OOD1: 60.69% Test OOD2: 52.63% Test OOD3: 57.37% 
Epoch: 450, Loss: 2.0804, Cls: 0.6936, Ind: 0.0000, Med: 0.3470, Spu: 0.0000, FD: 0.6932, FDAug: 0.3466, Var: 0.0000, Ctx: 6, MixCtx: 3, Train: 89.15%, Valid: 68.60%, Test In: 68.84% Test OOD1: 61.76% Test OOD2: 53.25% Test OOD3: 58.92% 
Epoch: 451, Loss: 2.1219, Cls: 0.7067, Ind: 0.0000, Med: 0.3531, Spu: 0.0000, FD: 0.7080, FDAug: 0.3541, Var: 0.0000, Ctx: 6, MixCtx: 3, Train: 88.80%, Valid: 68.06%, Test In: 68.51% Test OOD1: 61.67% Test OOD2: 52.90% Test OOD3: 58.18% 
Epoch: 452, Loss: 2.2228, Cls: 0.7414, Ind: 0.0000, Med: 0.3711, Spu: 0.0000, FD: 0.7401, FDAug: 0.3701, Var: 0.0000, Ctx: 6, MixCtx: 3, Train: 88.68%, Valid: 68.82%, Test In: 68.76% Test OOD1: 61.95% Test OOD2: 53.24% Test OOD3: 58.88% 
Epoch: 453, Loss: 2.3425, Cls: 0.7806, Ind: 0.0000, Med: 0.3903, Spu: 0.0000, FD: 0.7811, FDAug: 0.3906, Var: 0.0000, Ctx: 6, MixCtx: 3, Train: 88.99%, Valid: 68.06%, Test In: 68.46% Test OOD1: 61.31% Test OOD2: 52.89% Test OOD3: 58.06% 
Epoch: 454, Loss: 2.1524, Cls: 0.7172, Ind: 0.0000, Med: 0.3585, Spu: 0.0000, FD: 0.7178, FDAug: 0.3589, Var: 0.0000, Ctx: 6, MixCtx: 3, Train: 89.28%, Valid: 67.82%, Test In: 68.19% Test OOD1: 61.08% Test OOD2: 53.08% Test OOD3: 58.03% 
Epoch: 455, Loss: 2.0746, Cls: 0.6914, Ind: 0.0000, Med: 0.3457, Spu: 0.0000, FD: 0.6917, FDAug: 0.3458, Var: 0.0000, Ctx: 6, MixCtx: 3, Train: 89.09%, Valid: 68.80%, Test In: 68.75% Test OOD1: 62.08% Test OOD2: 53.33% Test OOD3: 58.95% 
Epoch: 456, Loss: 2.1791, Cls: 0.7267, Ind: 0.0000, Med: 0.3636, Spu: 0.0000, FD: 0.7259, FDAug: 0.3629, Var: 0.0000, Ctx: 6, MixCtx: 3, Train: 88.89%, Valid: 68.62%, Test In: 68.75% Test OOD1: 62.29% Test OOD2: 52.92% Test OOD3: 58.76% 
Epoch: 457, Loss: 2.1760, Cls: 0.7242, Ind: 0.0000, Med: 0.3617, Spu: 0.0000, FD: 0.7267, FDAug: 0.3635, Var: 0.0000, Ctx: 6, MixCtx: 3, Train: 89.12%, Valid: 69.12%, Test In: 69.26% Test OOD1: 62.40% Test OOD2: 53.35% Test OOD3: 59.43% 
Epoch: 458, Loss: 2.0807, Cls: 0.6936, Ind: 0.0000, Med: 0.3469, Spu: 0.0000, FD: 0.6935, FDAug: 0.3467, Var: 0.0000, Ctx: 6, MixCtx: 3, Train: 89.30%, Valid: 69.09%, Test In: 69.19% Test OOD1: 62.43% Test OOD2: 53.27% Test OOD3: 59.27% 
Epoch: 459, Loss: 2.0750, Cls: 0.6919, Ind: 0.0000, Med: 0.3462, Spu: 0.0000, FD: 0.6913, FDAug: 0.3456, Var: 0.0000, Ctx: 6, MixCtx: 3, Train: 88.86%, Valid: 67.59%, Test In: 67.77% Test OOD1: 60.55% Test OOD2: 52.75% Test OOD3: 57.12% 
Epoch: 460, Loss: 2.1506, Cls: 0.7163, Ind: 0.0000, Med: 0.3579, Spu: 0.0000, FD: 0.7175, FDAug: 0.3588, Var: 0.0000, Ctx: 6, MixCtx: 3, Train: 89.50%, Valid: 68.03%, Test In: 68.09% Test OOD1: 60.99% Test OOD2: 53.39% Test OOD3: 58.17% 
Epoch: 461, Loss: 2.0900, Cls: 0.6970, Ind: 0.0000, Med: 0.3487, Spu: 0.0000, FD: 0.6962, FDAug: 0.3481, Var: 0.0000, Ctx: 6, MixCtx: 3, Train: 89.49%, Valid: 68.68%, Test In: 68.95% Test OOD1: 61.87% Test OOD2: 53.26% Test OOD3: 58.82% 
Epoch: 462, Loss: 2.0432, Cls: 0.6810, Ind: 0.0000, Med: 0.3405, Spu: 0.0000, FD: 0.6811, FDAug: 0.3406, Var: 0.0000, Ctx: 6, MixCtx: 3, Train: 89.55%, Valid: 68.16%, Test In: 68.55% Test OOD1: 61.06% Test OOD2: 52.70% Test OOD3: 57.86% 
Epoch: 463, Loss: 2.0688, Cls: 0.6900, Ind: 0.0000, Med: 0.3453, Spu: 0.0000, FD: 0.6890, FDAug: 0.3445, Var: 0.0000, Ctx: 6, MixCtx: 3, Train: 89.41%, Valid: 68.59%, Test In: 68.61% Test OOD1: 61.30% Test OOD2: 53.09% Test OOD3: 58.33% 
Epoch: 464, Loss: 2.1826, Cls: 0.7258, Ind: 0.0000, Med: 0.3622, Spu: 0.0000, FD: 0.7297, FDAug: 0.3650, Var: 0.0000, Ctx: 6, MixCtx: 3, Train: 88.70%, Valid: 67.81%, Test In: 68.17% Test OOD1: 60.84% Test OOD2: 52.92% Test OOD3: 57.70% 
Epoch: 465, Loss: 2.2760, Cls: 0.7597, Ind: 0.0000, Med: 0.3805, Spu: 0.0000, FD: 0.7570, FDAug: 0.3787, Var: 0.0000, Ctx: 6, MixCtx: 3, Train: 89.10%, Valid: 68.36%, Test In: 68.33% Test OOD1: 61.60% Test OOD2: 53.48% Test OOD3: 58.70% 
Epoch: 466, Loss: 2.1968, Cls: 0.7313, Ind: 0.0000, Med: 0.3653, Spu: 0.0000, FD: 0.7335, FDAug: 0.3667, Var: 0.0000, Ctx: 6, MixCtx: 3, Train: 89.37%, Valid: 67.86%, Test In: 68.09% Test OOD1: 61.02% Test OOD2: 52.90% Test OOD3: 58.15% 
Epoch: 467, Loss: 2.0583, Cls: 0.6862, Ind: 0.0000, Med: 0.3432, Spu: 0.0000, FD: 0.6859, FDAug: 0.3429, Var: 0.0000, Ctx: 6, MixCtx: 3, Train: 88.60%, Valid: 68.56%, Test In: 69.01% Test OOD1: 62.07% Test OOD2: 52.50% Test OOD3: 58.84% 
Epoch: 468, Loss: 2.2162, Cls: 0.7393, Ind: 0.0000, Med: 0.3701, Spu: 0.0000, FD: 0.7377, FDAug: 0.3690, Var: 0.0000, Ctx: 6, MixCtx: 3, Train: 88.62%, Valid: 69.19%, Test In: 68.99% Test OOD1: 62.42% Test OOD2: 53.46% Test OOD3: 59.65% 
Epoch: 469, Loss: 2.2700, Cls: 0.7561, Ind: 0.0000, Med: 0.3778, Spu: 0.0000, FD: 0.7574, FDAug: 0.3786, Var: 0.0000, Ctx: 6, MixCtx: 3, Train: 88.48%, Valid: 67.93%, Test In: 67.68% Test OOD1: 61.56% Test OOD2: 53.15% Test OOD3: 58.29% 
Epoch: 470, Loss: 2.1727, Cls: 0.7244, Ind: 0.0000, Med: 0.3623, Spu: 0.0000, FD: 0.7241, FDAug: 0.3620, Var: 0.0000, Ctx: 6, MixCtx: 3, Train: 88.42%, Valid: 68.35%, Test In: 68.31% Test OOD1: 61.59% Test OOD2: 53.07% Test OOD3: 58.29% 
Epoch: 471, Loss: 2.1644, Cls: 0.7213, Ind: 0.0000, Med: 0.3606, Spu: 0.0000, FD: 0.7218, FDAug: 0.3608, Var: 0.0000, Ctx: 6, MixCtx: 3, Train: 89.17%, Valid: 68.85%, Test In: 69.15% Test OOD1: 62.05% Test OOD2: 53.37% Test OOD3: 59.14% 
Epoch: 472, Loss: 2.1123, Cls: 0.7040, Ind: 0.0000, Med: 0.3520, Spu: 0.0000, FD: 0.7042, FDAug: 0.3521, Var: 0.0000, Ctx: 6, MixCtx: 3, Train: 88.13%, Valid: 68.12%, Test In: 68.71% Test OOD1: 60.94% Test OOD2: 53.07% Test OOD3: 58.47% 
Epoch: 473, Loss: 2.1489, Cls: 0.7163, Ind: 0.0000, Med: 0.3583, Spu: 0.0000, FD: 0.7162, FDAug: 0.3581, Var: 0.0000, Ctx: 6, MixCtx: 3, Train: 89.42%, Valid: 68.74%, Test In: 69.14% Test OOD1: 62.01% Test OOD2: 52.73% Test OOD3: 58.76% 
Epoch: 474, Loss: 2.0697, Cls: 0.6896, Ind: 0.0000, Med: 0.3447, Spu: 0.0000, FD: 0.6902, FDAug: 0.3452, Var: 0.0000, Ctx: 6, MixCtx: 3, Train: 88.60%, Valid: 69.46%, Test In: 69.39% Test OOD1: 63.12% Test OOD2: 53.12% Test OOD3: 59.50% 
Epoch: 475, Loss: 2.1214, Cls: 0.7066, Ind: 0.0000, Med: 0.3531, Spu: 0.0000, FD: 0.7078, FDAug: 0.3539, Var: 0.0000, Ctx: 6, MixCtx: 3, Train: 89.18%, Valid: 68.10%, Test In: 68.04% Test OOD1: 61.18% Test OOD2: 53.54% Test OOD3: 58.49% 
Epoch: 476, Loss: 2.0693, Cls: 0.6897, Ind: 0.0000, Med: 0.3449, Spu: 0.0000, FD: 0.6898, FDAug: 0.3449, Var: 0.0000, Ctx: 6, MixCtx: 3, Train: 89.85%, Valid: 67.77%, Test In: 67.99% Test OOD1: 60.64% Test OOD2: 53.32% Test OOD3: 57.79% 
Epoch: 477, Loss: 2.0202, Cls: 0.6735, Ind: 0.0000, Med: 0.3368, Spu: 0.0000, FD: 0.6733, FDAug: 0.3366, Var: 0.0000, Ctx: 6, MixCtx: 3, Train: 89.02%, Valid: 68.33%, Test In: 68.69% Test OOD1: 61.38% Test OOD2: 52.94% Test OOD3: 58.06% 
Epoch: 478, Loss: 2.0881, Cls: 0.6956, Ind: 0.0000, Med: 0.3477, Spu: 0.0000, FD: 0.6965, FDAug: 0.3483, Var: 0.0000, Ctx: 6, MixCtx: 3, Train: 89.47%, Valid: 67.60%, Test In: 67.97% Test OOD1: 60.76% Test OOD2: 52.83% Test OOD3: 57.72% 
Epoch: 479, Loss: 2.0392, Cls: 0.6798, Ind: 0.0000, Med: 0.3400, Spu: 0.0000, FD: 0.6796, FDAug: 0.3398, Var: 0.0000, Ctx: 6, MixCtx: 3, Train: 89.98%, Valid: 67.52%, Test In: 67.88% Test OOD1: 60.97% Test OOD2: 53.16% Test OOD3: 58.10% 
Epoch: 480, Loss: 2.0211, Cls: 0.6739, Ind: 0.0000, Med: 0.3371, Spu: 0.0000, FD: 0.6734, FDAug: 0.3367, Var: 0.0000, Ctx: 6, MixCtx: 3, Train: 88.67%, Valid: 68.08%, Test In: 68.05% Test OOD1: 61.80% Test OOD2: 53.38% Test OOD3: 58.65% 
Epoch: 481, Loss: 2.1572, Cls: 0.7179, Ind: 0.0000, Med: 0.3585, Spu: 0.0000, FD: 0.7206, FDAug: 0.3602, Var: 0.0000, Ctx: 6, MixCtx: 3, Train: 89.82%, Valid: 67.06%, Test In: 67.25% Test OOD1: 60.49% Test OOD2: 53.04% Test OOD3: 57.35% 
Epoch: 482, Loss: 2.0308, Cls: 0.6773, Ind: 0.0000, Med: 0.3390, Spu: 0.0000, FD: 0.6764, FDAug: 0.3382, Var: 0.0000, Ctx: 6, MixCtx: 3, Train: 89.90%, Valid: 68.00%, Test In: 68.37% Test OOD1: 61.34% Test OOD2: 53.23% Test OOD3: 58.47% 
Epoch: 483, Loss: 2.0150, Cls: 0.6717, Ind: 0.0000, Med: 0.3359, Spu: 0.0000, FD: 0.6716, FDAug: 0.3358, Var: 0.0000, Ctx: 6, MixCtx: 3, Train: 89.52%, Valid: 68.36%, Test In: 68.63% Test OOD1: 61.79% Test OOD2: 52.85% Test OOD3: 58.49% 
Epoch: 484, Loss: 2.0351, Cls: 0.6783, Ind: 0.0000, Med: 0.3393, Spu: 0.0000, FD: 0.6784, FDAug: 0.3392, Var: 0.0000, Ctx: 6, MixCtx: 3, Train: 90.20%, Valid: 67.47%, Test In: 67.62% Test OOD1: 60.96% Test OOD2: 53.08% Test OOD3: 57.86% 
Epoch: 485, Loss: 1.9768, Cls: 0.6590, Ind: 0.0000, Med: 0.3297, Spu: 0.0000, FD: 0.6588, FDAug: 0.3294, Var: 0.0000, Ctx: 6, MixCtx: 3, Train: 90.07%, Valid: 68.04%, Test In: 68.32% Test OOD1: 61.80% Test OOD2: 53.50% Test OOD3: 58.93% 
Epoch: 486, Loss: 1.9847, Cls: 0.6615, Ind: 0.0000, Med: 0.3308, Spu: 0.0000, FD: 0.6615, FDAug: 0.3308, Var: 0.0000, Ctx: 6, MixCtx: 3, Train: 90.21%, Valid: 68.10%, Test In: 68.38% Test OOD1: 61.71% Test OOD2: 53.13% Test OOD3: 58.54% 
Epoch: 487, Loss: 1.9749, Cls: 0.6582, Ind: 0.0000, Med: 0.3292, Spu: 0.0000, FD: 0.6584, FDAug: 0.3291, Var: 0.0000, Ctx: 6, MixCtx: 3, Train: 90.20%, Valid: 67.44%, Test In: 67.70% Test OOD1: 60.50% Test OOD2: 53.06% Test OOD3: 57.51% 
Epoch: 488, Loss: 1.9812, Cls: 0.6603, Ind: 0.0000, Med: 0.3303, Spu: 0.0000, FD: 0.6604, FDAug: 0.3302, Var: 0.0000, Ctx: 6, MixCtx: 3, Train: 90.25%, Valid: 67.67%, Test In: 68.09% Test OOD1: 60.52% Test OOD2: 52.90% Test OOD3: 57.62% 
Epoch: 489, Loss: 1.9863, Cls: 0.6621, Ind: 0.0000, Med: 0.3312, Spu: 0.0000, FD: 0.6620, FDAug: 0.3310, Var: 0.0000, Ctx: 6, MixCtx: 3, Train: 90.43%, Valid: 67.74%, Test In: 67.93% Test OOD1: 60.79% Test OOD2: 53.30% Test OOD3: 58.06% 
Epoch: 490, Loss: 2.0172, Cls: 0.6725, Ind: 0.0000, Med: 0.3364, Spu: 0.0000, FD: 0.6723, FDAug: 0.3360, Var: 0.0000, Ctx: 6, MixCtx: 3, Train: 89.64%, Valid: 66.98%, Test In: 67.34% Test OOD1: 60.32% Test OOD2: 52.67% Test OOD3: 57.25% 
Epoch: 491, Loss: 2.1712, Cls: 0.7236, Ind: 0.0000, Med: 0.3619, Spu: 0.0000, FD: 0.7238, FDAug: 0.3618, Var: 0.0000, Ctx: 6, MixCtx: 3, Train: 87.90%, Valid: 68.40%, Test In: 68.06% Test OOD1: 61.71% Test OOD2: 53.52% Test OOD3: 59.02% 
Epoch: 492, Loss: 2.5749, Cls: 0.8592, Ind: 0.0000, Med: 0.4302, Spu: 0.0000, FD: 0.8568, FDAug: 0.4286, Var: 0.0000, Ctx: 6, MixCtx: 3, Train: 87.49%, Valid: 66.82%, Test In: 66.78% Test OOD1: 60.20% Test OOD2: 52.27% Test OOD3: 56.92% 
Epoch: 493, Loss: 2.5043, Cls: 0.8321, Ind: 0.0000, Med: 0.4148, Spu: 0.0000, FD: 0.8382, FDAug: 0.4192, Var: 0.0000, Ctx: 6, MixCtx: 3, Train: 89.25%, Valid: 67.12%, Test In: 66.94% Test OOD1: 60.34% Test OOD2: 52.94% Test OOD3: 57.41% 
Epoch: 494, Loss: 2.1710, Cls: 0.7242, Ind: 0.0000, Med: 0.3625, Spu: 0.0000, FD: 0.7229, FDAug: 0.3613, Var: 0.0000, Ctx: 6, MixCtx: 3, Train: 88.70%, Valid: 68.61%, Test In: 68.58% Test OOD1: 62.24% Test OOD2: 53.79% Test OOD3: 59.70% 
Epoch: 495, Loss: 2.2862, Cls: 0.7641, Ind: 0.0000, Med: 0.3832, Spu: 0.0000, FD: 0.7592, FDAug: 0.3796, Var: 0.0000, Ctx: 6, MixCtx: 3, Train: 88.65%, Valid: 69.15%, Test In: 69.66% Test OOD1: 63.43% Test OOD2: 53.55% Test OOD3: 60.61% 
Epoch: 496, Loss: 2.1284, Cls: 0.7089, Ind: 0.0000, Med: 0.3543, Spu: 0.0000, FD: 0.7102, FDAug: 0.3551, Var: 0.0000, Ctx: 6, MixCtx: 3, Train: 87.85%, Valid: 69.21%, Test In: 69.96% Test OOD1: 63.76% Test OOD2: 52.71% Test OOD3: 60.38% 
Epoch: 497, Loss: 2.2814, Cls: 0.7590, Ind: 0.0000, Med: 0.3789, Spu: 0.0000, FD: 0.7624, FDAug: 0.3811, Var: 0.0000, Ctx: 6, MixCtx: 3, Train: 87.87%, Valid: 70.05%, Test In: 70.32% Test OOD1: 64.59% Test OOD2: 52.97% Test OOD3: 60.71% 
Epoch: 498, Loss: 2.2008, Cls: 0.7335, Ind: 0.0000, Med: 0.3668, Spu: 0.0000, FD: 0.7336, FDAug: 0.3668, Var: 0.0000, Ctx: 6, MixCtx: 3, Train: 89.01%, Valid: 69.83%, Test In: 69.81% Test OOD1: 63.87% Test OOD2: 53.43% Test OOD3: 60.48% 
Epoch: 499, Loss: 2.1261, Cls: 0.7086, Ind: 0.0000, Med: 0.3544, Spu: 0.0000, FD: 0.7087, FDAug: 0.3543, Var: 0.0000, Ctx: 6, MixCtx: 3, Train: 89.24%, Valid: 68.91%, Test In: 69.00% Test OOD1: 62.24% Test OOD2: 53.70% Test OOD3: 59.68% 
Run 01:
Highest Train: 90.43
Highest Valid: 73.19
Highest In Test: 74.83
Highest OOD Test: 68.22
Highest OOD Test: 54.37
Highest OOD Test: 64.37
Chosen epoch: 122
Final Train: 76.97
Final In Test: 74.74
Final OOD Test: 66.88
Final OOD Test: 53.52
Final OOD Test: 63.84
Epoch: 00, Loss: 4.3259, Cls: 1.3498, Ind: 0.0018, Med: 0.6421, Spu: 0.0130, FD: 1.5543, FDAug: 0.7648, Var: 0.0000, Ctx: 6, MixCtx: 3, Train: 54.66%, Valid: 55.31%, Test In: 54.93% Test OOD1: 56.68% Test OOD2: 52.15% Test OOD3: 56.35% 
Epoch: 01, Loss: 3.4534, Cls: 1.1332, Ind: 0.0029, Med: 0.5647, Spu: 0.0016, FD: 1.1660, FDAug: 0.5850, Var: 0.0000, Ctx: 6, MixCtx: 3, Train: 52.73%, Valid: 53.09%, Test In: 53.03% Test OOD1: 54.30% Test OOD2: 52.47% Test OOD3: 55.60% 
Epoch: 02, Loss: 3.3985, Cls: 1.1265, Ind: 0.0041, Med: 0.5645, Spu: 0.0048, FD: 1.1334, FDAug: 0.5651, Var: 0.0000, Ctx: 6, MixCtx: 3, Train: 56.64%, Valid: 56.99%, Test In: 56.22% Test OOD1: 59.24% Test OOD2: 52.47% Test OOD3: 57.74% 
Epoch: 03, Loss: 3.4320, Cls: 1.1329, Ind: 0.0040, Med: 0.5636, Spu: 0.0018, FD: 1.1545, FDAug: 0.5752, Var: 0.0000, Ctx: 6, MixCtx: 3, Train: 57.92%, Valid: 58.13%, Test In: 57.14% Test OOD1: 60.80% Test OOD2: 52.04% Test OOD3: 58.04% 
Epoch: 04, Loss: 3.4421, Cls: 1.1331, Ind: 0.0034, Med: 0.5636, Spu: 0.0000, FD: 1.1617, FDAug: 0.5803, Var: 0.0000, Ctx: 6, MixCtx: 3, Train: 58.26%, Valid: 58.40%, Test In: 57.27% Test OOD1: 61.17% Test OOD2: 51.78% Test OOD3: 57.98% 
Epoch: 05, Loss: 3.4349, Cls: 1.1275, Ind: 0.0025, Med: 0.5617, Spu: 0.0015, FD: 1.1609, FDAug: 0.5808, Var: 0.0000, Ctx: 6, MixCtx: 3, Train: 58.50%, Valid: 58.57%, Test In: 57.45% Test OOD1: 61.30% Test OOD2: 51.58% Test OOD3: 57.89% 
Epoch: 06, Loss: 3.4137, Cls: 1.1220, Ind: 0.0017, Med: 0.5606, Spu: 0.0023, FD: 1.1511, FDAug: 0.5760, Var: 0.0000, Ctx: 6, MixCtx: 3, Train: 58.60%, Valid: 58.64%, Test In: 57.56% Test OOD1: 61.36% Test OOD2: 51.47% Test OOD3: 57.86% 
Epoch: 07, Loss: 3.3900, Cls: 1.1198, Ind: 0.0012, Med: 0.5615, Spu: 0.0012, FD: 1.1374, FDAug: 0.5691, Var: 0.0000, Ctx: 6, MixCtx: 3, Train: 58.67%, Valid: 58.69%, Test In: 57.62% Test OOD1: 61.39% Test OOD2: 51.42% Test OOD3: 57.83% 
Epoch: 08, Loss: 3.3726, Cls: 1.1201, Ind: 0.0008, Med: 0.5624, Spu: 0.0000, FD: 1.1261, FDAug: 0.5633, Var: 0.0000, Ctx: 6, MixCtx: 3, Train: 58.77%, Valid: 58.73%, Test In: 57.69% Test OOD1: 61.43% Test OOD2: 51.39% Test OOD3: 57.82% 
Epoch: 09, Loss: 3.3629, Cls: 1.1201, Ind: 0.0004, Med: 0.5613, Spu: 0.0006, FD: 1.1202, FDAug: 0.5603, Var: 0.0000, Ctx: 6, MixCtx: 3, Train: 58.79%, Valid: 58.71%, Test In: 57.68% Test OOD1: 61.42% Test OOD2: 51.34% Test OOD3: 57.80% 
Epoch: 10, Loss: 3.3607, Cls: 1.1192, Ind: 0.0001, Med: 0.5596, Spu: 0.0017, FD: 1.1200, FDAug: 0.5600, Var: 0.0000, Ctx: 6, MixCtx: 3, Train: 58.72%, Valid: 58.65%, Test In: 57.62% Test OOD1: 61.40% Test OOD2: 51.25% Test OOD3: 57.73% 
Epoch: 11, Loss: 3.3643, Cls: 1.1182, Ind: 0.0000, Med: 0.5591, Spu: 0.0015, FD: 1.1237, FDAug: 0.5617, Var: 0.0000, Ctx: 6, MixCtx: 3, Train: 58.71%, Valid: 58.63%, Test In: 57.61% Test OOD1: 61.38% Test OOD2: 51.22% Test OOD3: 57.69% 
Epoch: 12, Loss: 3.3687, Cls: 1.1177, Ind: 0.0000, Med: 0.5595, Spu: 0.0005, FD: 1.1275, FDAug: 0.5634, Var: 0.0000, Ctx: 6, MixCtx: 3, Train: 58.76%, Valid: 58.67%, Test In: 57.68% Test OOD1: 61.39% Test OOD2: 51.21% Test OOD3: 57.70% 
Epoch: 13, Loss: 3.3704, Cls: 1.1172, Ind: 0.0001, Med: 0.5597, Spu: 0.0000, FD: 1.1291, FDAug: 0.5642, Var: 0.0000, Ctx: 6, MixCtx: 3, Train: 58.87%, Valid: 58.74%, Test In: 57.79% Test OOD1: 61.43% Test OOD2: 51.23% Test OOD3: 57.74% 
Epoch: 14, Loss: 3.3679, Cls: 1.1166, Ind: 0.0002, Med: 0.5593, Spu: 0.0005, FD: 1.1278, FDAug: 0.5636, Var: 0.0000, Ctx: 6, MixCtx: 3, Train: 58.96%, Valid: 58.80%, Test In: 57.90% Test OOD1: 61.48% Test OOD2: 51.24% Test OOD3: 57.75% 
Epoch: 15, Loss: 3.3622, Cls: 1.1158, Ind: 0.0003, Med: 0.5585, Spu: 0.0011, FD: 1.1244, FDAug: 0.5620, Var: 0.0000, Ctx: 6, MixCtx: 3, Train: 59.03%, Valid: 58.85%, Test In: 57.97% Test OOD1: 61.51% Test OOD2: 51.24% Test OOD3: 57.78% 
Epoch: 16, Loss: 3.3547, Cls: 1.1150, Ind: 0.0004, Med: 0.5574, Spu: 0.0011, FD: 1.1206, FDAug: 0.5602, Var: 0.0000, Ctx: 6, MixCtx: 3, Train: 59.22%, Valid: 58.97%, Test In: 58.15% Test OOD1: 61.59% Test OOD2: 51.27% Test OOD3: 57.87% 
Epoch: 17, Loss: 3.3474, Cls: 1.1139, Ind: 0.0004, Med: 0.5565, Spu: 0.0006, FD: 1.1173, FDAug: 0.5587, Var: 0.0000, Ctx: 6, MixCtx: 3, Train: 59.48%, Valid: 59.15%, Test In: 58.39% Test OOD1: 61.71% Test OOD2: 51.32% Test OOD3: 58.02% 
Epoch: 18, Loss: 3.3419, Cls: 1.1128, Ind: 0.0004, Med: 0.5560, Spu: 0.0001, FD: 1.1150, FDAug: 0.5576, Var: 0.0000, Ctx: 6, MixCtx: 3, Train: 59.68%, Valid: 59.27%, Test In: 58.57% Test OOD1: 61.80% Test OOD2: 51.35% Test OOD3: 58.13% 
Epoch: 19, Loss: 3.3384, Cls: 1.1116, Ind: 0.0004, Med: 0.5557, Spu: 0.0001, FD: 1.1137, FDAug: 0.5570, Var: 0.0000, Ctx: 6, MixCtx: 3, Train: 59.92%, Valid: 59.42%, Test In: 58.79% Test OOD1: 61.91% Test OOD2: 51.38% Test OOD3: 58.25% 
Epoch: 20, Loss: 3.3354, Cls: 1.1099, Ind: 0.0003, Med: 0.5549, Spu: 0.0005, FD: 1.1131, FDAug: 0.5567, Var: 0.0000, Ctx: 6, MixCtx: 3, Train: 60.21%, Valid: 59.61%, Test In: 59.05% Test OOD1: 62.04% Test OOD2: 51.42% Test OOD3: 58.41% 
Epoch: 21, Loss: 3.3319, Cls: 1.1079, Ind: 0.0003, Med: 0.5537, Spu: 0.0007, FD: 1.1127, FDAug: 0.5565, Var: 0.0000, Ctx: 6, MixCtx: 3, Train: 60.54%, Valid: 59.84%, Test In: 59.35% Test OOD1: 62.19% Test OOD2: 51.46% Test OOD3: 58.58% 
Epoch: 22, Loss: 3.3272, Cls: 1.1059, Ind: 0.0002, Med: 0.5525, Spu: 0.0006, FD: 1.1118, FDAug: 0.5561, Var: 0.0000, Ctx: 6, MixCtx: 3, Train: 60.88%, Valid: 60.07%, Test In: 59.66% Test OOD1: 62.35% Test OOD2: 51.51% Test OOD3: 58.77% 
Epoch: 23, Loss: 3.3207, Cls: 1.1037, Ind: 0.0002, Med: 0.5512, Spu: 0.0003, FD: 1.1101, FDAug: 0.5552, Var: 0.0000, Ctx: 6, MixCtx: 3, Train: 61.28%, Valid: 60.34%, Test In: 60.03% Test OOD1: 62.51% Test OOD2: 51.58% Test OOD3: 58.99% 
Epoch: 24, Loss: 3.3130, Cls: 1.1013, Ind: 0.0001, Med: 0.5499, Spu: 0.0000, FD: 1.1077, FDAug: 0.5539, Var: 0.0000, Ctx: 6, MixCtx: 3, Train: 61.77%, Valid: 60.68%, Test In: 60.50% Test OOD1: 62.71% Test OOD2: 51.65% Test OOD3: 59.26% 
Epoch: 25, Loss: 3.3038, Cls: 1.0984, Ind: 0.0001, Med: 0.5484, Spu: 0.0001, FD: 1.1044, FDAug: 0.5524, Var: 0.0000, Ctx: 6, MixCtx: 3, Train: 62.31%, Valid: 61.03%, Test In: 60.99% Test OOD1: 62.93% Test OOD2: 51.73% Test OOD3: 59.55% 
Epoch: 26, Loss: 3.2930, Cls: 1.0949, Ind: 0.0001, Med: 0.5467, Spu: 0.0003, FD: 1.1006, FDAug: 0.5505, Var: 0.0000, Ctx: 6, MixCtx: 3, Train: 62.92%, Valid: 61.46%, Test In: 61.55% Test OOD1: 63.18% Test OOD2: 51.82% Test OOD3: 59.86% 
Epoch: 27, Loss: 3.2806, Cls: 1.0908, Ind: 0.0001, Med: 0.5447, Spu: 0.0004, FD: 1.0963, FDAug: 0.5483, Var: 0.0000, Ctx: 6, MixCtx: 3, Train: 63.74%, Valid: 62.03%, Test In: 62.35% Test OOD1: 63.52% Test OOD2: 51.93% Test OOD3: 60.26% 
Epoch: 28, Loss: 3.2666, Cls: 1.0861, Ind: 0.0000, Med: 0.5423, Spu: 0.0003, FD: 1.0918, FDAug: 0.5461, Var: 0.0000, Ctx: 6, MixCtx: 3, Train: 64.42%, Valid: 62.49%, Test In: 62.97% Test OOD1: 63.79% Test OOD2: 52.03% Test OOD3: 60.61% 
Epoch: 29, Loss: 3.2524, Cls: 1.0815, Ind: 0.0000, Med: 0.5400, Spu: 0.0001, FD: 1.0872, FDAug: 0.5436, Var: 0.0000, Ctx: 6, MixCtx: 3, Train: 65.44%, Valid: 63.20%, Test In: 63.96% Test OOD1: 64.18% Test OOD2: 52.18% Test OOD3: 61.04% 
Epoch: 30, Loss: 3.2386, Cls: 1.0766, Ind: 0.0000, Med: 0.5377, Spu: 0.0000, FD: 1.0826, FDAug: 0.5416, Var: 0.0000, Ctx: 6, MixCtx: 3, Train: 65.98%, Valid: 63.58%, Test In: 64.47% Test OOD1: 64.38% Test OOD2: 52.24% Test OOD3: 61.30% 
Epoch: 31, Loss: 3.2261, Cls: 1.0722, Ind: 0.0000, Med: 0.5353, Spu: 0.0001, FD: 1.0791, FDAug: 0.5394, Var: 0.0000, Ctx: 6, MixCtx: 3, Train: 67.06%, Valid: 64.34%, Test In: 65.54% Test OOD1: 64.76% Test OOD2: 52.40% Test OOD3: 61.71% 
Epoch: 32, Loss: 3.2042, Cls: 1.0647, Ind: 0.0000, Med: 0.5319, Spu: 0.0002, FD: 1.0714, FDAug: 0.5360, Var: 0.0000, Ctx: 6, MixCtx: 3, Train: 67.74%, Valid: 64.83%, Test In: 66.22% Test OOD1: 65.01% Test OOD2: 52.48% Test OOD3: 61.98% 
Epoch: 33, Loss: 3.1797, Cls: 1.0557, Ind: 0.0000, Med: 0.5269, Spu: 0.0002, FD: 1.0645, FDAug: 0.5323, Var: 0.0000, Ctx: 6, MixCtx: 3, Train: 68.70%, Valid: 65.52%, Test In: 67.18% Test OOD1: 65.30% Test OOD2: 52.61% Test OOD3: 62.31% 
Epoch: 34, Loss: 3.1554, Cls: 1.0473, Ind: 0.0001, Med: 0.5228, Spu: 0.0002, FD: 1.0566, FDAug: 0.5285, Var: 0.0000, Ctx: 6, MixCtx: 3, Train: 69.68%, Valid: 66.24%, Test In: 68.17% Test OOD1: 65.56% Test OOD2: 52.75% Test OOD3: 62.63% 
Epoch: 35, Loss: 3.1306, Cls: 1.0388, Ind: 0.0001, Med: 0.5186, Spu: 0.0001, FD: 1.0486, FDAug: 0.5245, Var: 0.0000, Ctx: 6, MixCtx: 3, Train: 70.43%, Valid: 66.77%, Test In: 68.92% Test OOD1: 65.77% Test OOD2: 52.85% Test OOD3: 62.85% 
Epoch: 36, Loss: 3.1121, Cls: 1.0325, Ind: 0.0001, Med: 0.5152, Spu: 0.0000, FD: 1.0428, FDAug: 0.5214, Var: 0.0000, Ctx: 6, MixCtx: 3, Train: 71.42%, Valid: 67.49%, Test In: 69.96% Test OOD1: 65.86% Test OOD2: 53.10% Test OOD3: 63.08% 
Epoch: 37, Loss: 3.1527, Cls: 1.0469, Ind: 0.0001, Med: 0.5233, Spu: 0.0000, FD: 1.0547, FDAug: 0.5276, Var: 0.0000, Ctx: 6, MixCtx: 3, Train: 71.28%, Valid: 67.33%, Test In: 69.78% Test OOD1: 65.94% Test OOD2: 52.99% Test OOD3: 63.08% 
Epoch: 38, Loss: 3.1725, Cls: 1.0569, Ind: 0.0001, Med: 0.5300, Spu: 0.0001, FD: 1.0571, FDAug: 0.5282, Var: 0.0000, Ctx: 6, MixCtx: 3, Train: 71.70%, Valid: 67.63%, Test In: 70.23% Test OOD1: 65.93% Test OOD2: 53.13% Test OOD3: 63.18% 
Epoch: 39, Loss: 3.0641, Cls: 1.0174, Ind: 0.0001, Med: 0.5083, Spu: 0.0002, FD: 1.0254, FDAug: 0.5128, Var: 0.0000, Ctx: 6, MixCtx: 3, Train: 72.10%, Valid: 67.87%, Test In: 70.68% Test OOD1: 65.67% Test OOD2: 53.27% Test OOD3: 63.20% 
Epoch: 40, Loss: 3.1571, Cls: 1.0477, Ind: 0.0001, Med: 0.5229, Spu: 0.0001, FD: 1.0574, FDAug: 0.5288, Var: 0.0000, Ctx: 6, MixCtx: 3, Train: 72.11%, Valid: 67.88%, Test In: 70.70% Test OOD1: 65.76% Test OOD2: 53.27% Test OOD3: 63.23% 
Epoch: 41, Loss: 3.0389, Cls: 1.0080, Ind: 0.0001, Med: 0.5028, Spu: 0.0001, FD: 1.0185, FDAug: 0.5095, Var: 0.0000, Ctx: 6, MixCtx: 3, Train: 72.08%, Valid: 67.85%, Test In: 70.60% Test OOD1: 65.89% Test OOD2: 53.20% Test OOD3: 63.27% 
Epoch: 42, Loss: 3.1201, Cls: 1.0409, Ind: 0.0001, Med: 0.5231, Spu: 0.0000, FD: 1.0374, FDAug: 0.5186, Var: 0.0000, Ctx: 6, MixCtx: 3, Train: 72.26%, Valid: 67.99%, Test In: 70.84% Test OOD1: 65.76% Test OOD2: 53.30% Test OOD3: 63.27% 
Epoch: 43, Loss: 3.0362, Cls: 1.0095, Ind: 0.0001, Med: 0.5050, Spu: 0.0000, FD: 1.0143, FDAug: 0.5073, Var: 0.0000, Ctx: 6, MixCtx: 3, Train: 72.45%, Valid: 68.09%, Test In: 71.03% Test OOD1: 65.44% Test OOD2: 53.40% Test OOD3: 63.24% 
Epoch: 44, Loss: 3.0795, Cls: 1.0229, Ind: 0.0001, Med: 0.5106, Spu: 0.0001, FD: 1.0305, FDAug: 0.5153, Var: 0.0000, Ctx: 6, MixCtx: 3, Train: 72.52%, Valid: 68.14%, Test In: 71.10% Test OOD1: 65.46% Test OOD2: 53.41% Test OOD3: 63.25% 
Epoch: 45, Loss: 3.0394, Cls: 1.0100, Ind: 0.0001, Med: 0.5042, Spu: 0.0001, FD: 1.0166, FDAug: 0.5084, Var: 0.0000, Ctx: 6, MixCtx: 3, Train: 72.51%, Valid: 68.21%, Test In: 71.09% Test OOD1: 65.73% Test OOD2: 53.37% Test OOD3: 63.31% 
Epoch: 46, Loss: 3.0399, Cls: 1.0132, Ind: 0.0001, Med: 0.5078, Spu: 0.0001, FD: 1.0124, FDAug: 0.5063, Var: 0.0000, Ctx: 6, MixCtx: 3, Train: 72.59%, Valid: 68.29%, Test In: 71.17% Test OOD1: 65.72% Test OOD2: 53.39% Test OOD3: 63.32% 
Epoch: 47, Loss: 3.0349, Cls: 1.0119, Ind: 0.0001, Med: 0.5071, Spu: 0.0000, FD: 1.0105, FDAug: 0.5053, Var: 0.0000, Ctx: 6, MixCtx: 3, Train: 72.72%, Valid: 68.36%, Test In: 71.33% Test OOD1: 65.40% Test OOD2: 53.47% Test OOD3: 63.27% 
Epoch: 48, Loss: 3.0146, Cls: 1.0038, Ind: 0.0001, Med: 0.5018, Spu: 0.0000, FD: 1.0059, FDAug: 0.5030, Var: 0.0000, Ctx: 6, MixCtx: 3, Train: 72.79%, Valid: 68.45%, Test In: 71.40% Test OOD1: 65.34% Test OOD2: 53.49% Test OOD3: 63.26% 
Epoch: 49, Loss: 3.0264, Cls: 1.0084, Ind: 0.0001, Med: 0.5043, Spu: 0.0000, FD: 1.0091, FDAug: 0.5045, Var: 0.0000, Ctx: 6, MixCtx: 3, Train: 72.82%, Valid: 68.55%, Test In: 71.42% Test OOD1: 65.69% Test OOD2: 53.47% Test OOD3: 63.33% 
Epoch: 50, Loss: 2.9992, Cls: 0.9995, Ind: 0.0001, Med: 0.5000, Spu: 0.0000, FD: 0.9997, FDAug: 0.4999, Var: 0.0000, Ctx: 6, MixCtx: 3, Train: 72.87%, Valid: 68.63%, Test In: 71.46% Test OOD1: 65.74% Test OOD2: 53.47% Test OOD3: 63.35% 
Epoch: 51, Loss: 3.0121, Cls: 1.0035, Ind: 0.0001, Med: 0.5017, Spu: 0.0001, FD: 1.0045, FDAug: 0.5022, Var: 0.0000, Ctx: 6, MixCtx: 3, Train: 72.98%, Valid: 68.69%, Test In: 71.60% Test OOD1: 65.41% Test OOD2: 53.52% Test OOD3: 63.30% 
Epoch: 52, Loss: 2.9968, Cls: 0.9993, Ind: 0.0001, Med: 0.5000, Spu: 0.0000, FD: 0.9983, FDAug: 0.4991, Var: 0.0000, Ctx: 6, MixCtx: 3, Train: 73.04%, Valid: 68.77%, Test In: 71.67% Test OOD1: 65.39% Test OOD2: 53.53% Test OOD3: 63.31% 
Epoch: 53, Loss: 2.9986, Cls: 1.0000, Ind: 0.0001, Med: 0.5004, Spu: 0.0000, FD: 0.9988, FDAug: 0.4993, Var: 0.0000, Ctx: 6, MixCtx: 3, Train: 73.09%, Valid: 68.88%, Test In: 71.68% Test OOD1: 65.77% Test OOD2: 53.52% Test OOD3: 63.41% 
Epoch: 54, Loss: 2.9908, Cls: 0.9957, Ind: 0.0001, Med: 0.4975, Spu: 0.0000, FD: 0.9984, FDAug: 0.4992, Var: 0.0000, Ctx: 6, MixCtx: 3, Train: 73.16%, Valid: 68.96%, Test In: 71.74% Test OOD1: 65.78% Test OOD2: 53.54% Test OOD3: 63.42% 
Epoch: 55, Loss: 2.9837, Cls: 0.9935, Ind: 0.0001, Med: 0.4964, Spu: 0.0000, FD: 0.9958, FDAug: 0.4979, Var: 0.0000, Ctx: 6, MixCtx: 3, Train: 73.23%, Valid: 69.02%, Test In: 71.87% Test OOD1: 65.45% Test OOD2: 53.57% Test OOD3: 63.36% 
Epoch: 56, Loss: 2.9849, Cls: 0.9952, Ind: 0.0001, Med: 0.4978, Spu: 0.0000, FD: 0.9946, FDAug: 0.4972, Var: 0.0000, Ctx: 6, MixCtx: 3, Train: 73.30%, Valid: 69.10%, Test In: 71.93% Test OOD1: 65.52% Test OOD2: 53.58% Test OOD3: 63.39% 
Epoch: 57, Loss: 2.9752, Cls: 0.9917, Ind: 0.0001, Med: 0.4960, Spu: 0.0000, FD: 0.9916, FDAug: 0.4958, Var: 0.0000, Ctx: 6, MixCtx: 3, Train: 73.34%, Valid: 69.21%, Test In: 71.93% Test OOD1: 65.88% Test OOD2: 53.57% Test OOD3: 63.48% 
Epoch: 58, Loss: 2.9775, Cls: 0.9918, Ind: 0.0001, Med: 0.4957, Spu: 0.0000, FD: 0.9932, FDAug: 0.4966, Var: 0.0000, Ctx: 6, MixCtx: 3, Train: 73.42%, Valid: 69.29%, Test In: 72.01% Test OOD1: 65.86% Test OOD2: 53.59% Test OOD3: 63.49% 
Epoch: 59, Loss: 2.9655, Cls: 0.9882, Ind: 0.0001, Med: 0.4942, Spu: 0.0000, FD: 0.9887, FDAug: 0.4944, Var: 0.0000, Ctx: 6, MixCtx: 3, Train: 73.50%, Valid: 69.35%, Test In: 72.14% Test OOD1: 65.59% Test OOD2: 53.62% Test OOD3: 63.44% 
Epoch: 60, Loss: 2.9712, Cls: 0.9900, Ind: 0.0001, Med: 0.4951, Spu: 0.0000, FD: 0.9907, FDAug: 0.4953, Var: 0.0000, Ctx: 6, MixCtx: 3, Train: 73.57%, Valid: 69.45%, Test In: 72.18% Test OOD1: 65.74% Test OOD2: 53.62% Test OOD3: 63.48% 
Epoch: 61, Loss: 2.9587, Cls: 0.9860, Ind: 0.0001, Med: 0.4932, Spu: 0.0000, FD: 0.9863, FDAug: 0.4931, Var: 0.0000, Ctx: 6, MixCtx: 3, Train: 73.61%, Valid: 69.55%, Test In: 72.17% Test OOD1: 66.07% Test OOD2: 53.60% Test OOD3: 63.56% 
Epoch: 62, Loss: 2.9656, Cls: 0.9885, Ind: 0.0000, Med: 0.4946, Spu: 0.0000, FD: 0.9883, FDAug: 0.4942, Var: 0.0000, Ctx: 6, MixCtx: 3, Train: 73.70%, Valid: 69.65%, Test In: 72.28% Test OOD1: 66.00% Test OOD2: 53.63% Test OOD3: 63.55% 
Epoch: 63, Loss: 2.9499, Cls: 0.9833, Ind: 0.0000, Med: 0.4920, Spu: 0.0000, FD: 0.9830, FDAug: 0.4915, Var: 0.0000, Ctx: 6, MixCtx: 3, Train: 73.78%, Valid: 69.72%, Test In: 72.40% Test OOD1: 65.79% Test OOD2: 53.66% Test OOD3: 63.51% 
Epoch: 64, Loss: 2.9583, Cls: 0.9859, Ind: 0.0001, Med: 0.4932, Spu: 0.0000, FD: 0.9861, FDAug: 0.4930, Var: 0.0000, Ctx: 6, MixCtx: 3, Train: 73.83%, Valid: 69.83%, Test In: 72.41% Test OOD1: 66.07% Test OOD2: 53.64% Test OOD3: 63.58% 
Epoch: 65, Loss: 2.9427, Cls: 0.9808, Ind: 0.0000, Med: 0.4907, Spu: 0.0000, FD: 0.9807, FDAug: 0.4904, Var: 0.0000, Ctx: 6, MixCtx: 3, Train: 73.86%, Valid: 69.91%, Test In: 72.40% Test OOD1: 66.30% Test OOD2: 53.61% Test OOD3: 63.64% 
Epoch: 66, Loss: 2.9512, Cls: 0.9833, Ind: 0.0000, Med: 0.4917, Spu: 0.0000, FD: 0.9841, FDAug: 0.4921, Var: 0.0000, Ctx: 6, MixCtx: 3, Train: 73.98%, Valid: 70.00%, Test In: 72.57% Test OOD1: 66.07% Test OOD2: 53.66% Test OOD3: 63.59% 
Epoch: 67, Loss: 2.9393, Cls: 0.9799, Ind: 0.0000, Med: 0.4902, Spu: 0.0000, FD: 0.9795, FDAug: 0.4897, Var: 0.0000, Ctx: 6, MixCtx: 3, Train: 74.05%, Valid: 70.10%, Test In: 72.65% Test OOD1: 66.07% Test OOD2: 53.66% Test OOD3: 63.60% 
Epoch: 68, Loss: 2.9390, Cls: 0.9799, Ind: 0.0000, Med: 0.4902, Spu: 0.0000, FD: 0.9793, FDAug: 0.4896, Var: 0.0000, Ctx: 6, MixCtx: 3, Train: 74.06%, Valid: 70.18%, Test In: 72.61% Test OOD1: 66.42% Test OOD2: 53.62% Test OOD3: 63.68% 
Epoch: 69, Loss: 2.9383, Cls: 0.9789, Ind: 0.0000, Med: 0.4894, Spu: 0.0000, FD: 0.9800, FDAug: 0.4900, Var: 0.0000, Ctx: 6, MixCtx: 3, Train: 74.16%, Valid: 70.27%, Test In: 72.73% Test OOD1: 66.32% Test OOD2: 53.64% Test OOD3: 63.66% 
Epoch: 70, Loss: 2.9279, Cls: 0.9759, Ind: 0.0000, Med: 0.4880, Spu: 0.0000, FD: 0.9759, FDAug: 0.4880, Var: 0.0000, Ctx: 6, MixCtx: 3, Train: 74.24%, Valid: 70.34%, Test In: 72.87% Test OOD1: 66.17% Test OOD2: 53.67% Test OOD3: 63.63% 
Epoch: 71, Loss: 2.9320, Cls: 0.9775, Ind: 0.0000, Med: 0.4889, Spu: 0.0000, FD: 0.9770, FDAug: 0.4885, Var: 0.0000, Ctx: 6, MixCtx: 3, Train: 74.27%, Valid: 70.42%, Test In: 72.83% Test OOD1: 66.48% Test OOD2: 53.62% Test OOD3: 63.71% 
Epoch: 72, Loss: 2.9251, Cls: 0.9748, Ind: 0.0000, Med: 0.4874, Spu: 0.0000, FD: 0.9752, FDAug: 0.4876, Var: 0.0000, Ctx: 6, MixCtx: 3, Train: 74.34%, Valid: 70.51%, Test In: 72.92% Test OOD1: 66.47% Test OOD2: 53.62% Test OOD3: 63.71% 
Epoch: 73, Loss: 2.9200, Cls: 0.9732, Ind: 0.0000, Med: 0.4866, Spu: 0.0000, FD: 0.9734, FDAug: 0.4867, Var: 0.0000, Ctx: 6, MixCtx: 3, Train: 74.43%, Valid: 70.59%, Test In: 73.07% Test OOD1: 66.28% Test OOD2: 53.67% Test OOD3: 63.66% 
Epoch: 74, Loss: 2.9223, Cls: 0.9740, Ind: 0.0000, Med: 0.4869, Spu: 0.0000, FD: 0.9742, FDAug: 0.4871, Var: 0.0000, Ctx: 6, MixCtx: 3, Train: 74.46%, Valid: 70.66%, Test In: 73.05% Test OOD1: 66.55% Test OOD2: 53.62% Test OOD3: 63.74% 
Epoch: 75, Loss: 2.9156, Cls: 0.9718, Ind: 0.0000, Med: 0.4859, Spu: 0.0000, FD: 0.9719, FDAug: 0.4860, Var: 0.0000, Ctx: 6, MixCtx: 3, Train: 74.53%, Valid: 70.74%, Test In: 73.13% Test OOD1: 66.53% Test OOD2: 53.62% Test OOD3: 63.73% 
Epoch: 76, Loss: 2.9115, Cls: 0.9704, Ind: 0.0000, Med: 0.4852, Spu: 0.0000, FD: 0.9705, FDAug: 0.4853, Var: 0.0000, Ctx: 6, MixCtx: 3, Train: 74.62%, Valid: 70.81%, Test In: 73.27% Test OOD1: 66.36% Test OOD2: 53.66% Test OOD3: 63.69% 
Epoch: 77, Loss: 2.9128, Cls: 0.9706, Ind: 0.0000, Med: 0.4852, Spu: 0.0000, FD: 0.9713, FDAug: 0.4857, Var: 0.0000, Ctx: 6, MixCtx: 3, Train: 74.65%, Valid: 70.89%, Test In: 73.24% Test OOD1: 66.64% Test OOD2: 53.60% Test OOD3: 63.77% 
Epoch: 78, Loss: 2.9088, Cls: 0.9696, Ind: 0.0000, Med: 0.4848, Spu: 0.0000, FD: 0.9695, FDAug: 0.4848, Var: 0.0000, Ctx: 6, MixCtx: 3, Train: 74.73%, Valid: 70.96%, Test In: 73.36% Test OOD1: 66.52% Test OOD2: 53.64% Test OOD3: 63.73% 
Epoch: 79, Loss: 2.9033, Cls: 0.9676, Ind: 0.0000, Med: 0.4837, Spu: 0.0000, FD: 0.9679, FDAug: 0.4840, Var: 0.0000, Ctx: 6, MixCtx: 3, Train: 74.79%, Valid: 71.03%, Test In: 73.44% Test OOD1: 66.50% Test OOD2: 53.64% Test OOD3: 63.72% 
Epoch: 80, Loss: 2.9016, Cls: 0.9670, Ind: 0.0000, Med: 0.4834, Spu: 0.0000, FD: 0.9674, FDAug: 0.4837, Var: 0.0000, Ctx: 6, MixCtx: 3, Train: 74.83%, Valid: 71.11%, Test In: 73.43% Test OOD1: 66.71% Test OOD2: 53.59% Test OOD3: 63.78% 
Epoch: 81, Loss: 2.9013, Cls: 0.9670, Ind: 0.0000, Med: 0.4835, Spu: 0.0000, FD: 0.9671, FDAug: 0.4836, Var: 0.0000, Ctx: 6, MixCtx: 3, Train: 74.91%, Valid: 71.17%, Test In: 73.59% Test OOD1: 66.44% Test OOD2: 53.65% Test OOD3: 63.70% 
Epoch: 82, Loss: 2.8996, Cls: 0.9663, Ind: 0.0000, Med: 0.4831, Spu: 0.0000, FD: 0.9667, FDAug: 0.4834, Var: 0.0000, Ctx: 6, MixCtx: 3, Train: 74.95%, Valid: 71.25%, Test In: 73.57% Test OOD1: 66.74% Test OOD2: 53.58% Test OOD3: 63.79% 
Epoch: 83, Loss: 2.8953, Cls: 0.9650, Ind: 0.0000, Med: 0.4825, Spu: 0.0000, FD: 0.9651, FDAug: 0.4826, Var: 0.0000, Ctx: 6, MixCtx: 3, Train: 75.03%, Valid: 71.33%, Test In: 73.68% Test OOD1: 66.59% Test OOD2: 53.63% Test OOD3: 63.73% 
Epoch: 84, Loss: 2.8911, Cls: 0.9636, Ind: 0.0000, Med: 0.4818, Spu: 0.0000, FD: 0.9638, FDAug: 0.4819, Var: 0.0000, Ctx: 6, MixCtx: 3, Train: 75.09%, Valid: 71.41%, Test In: 73.73% Test OOD1: 66.69% Test OOD2: 53.60% Test OOD3: 63.76% 
Epoch: 85, Loss: 2.8878, Cls: 0.9625, Ind: 0.0000, Med: 0.4812, Spu: 0.0000, FD: 0.9627, FDAug: 0.4814, Var: 0.0000, Ctx: 6, MixCtx: 3, Train: 75.16%, Valid: 71.51%, Test In: 73.81% Test OOD1: 66.72% Test OOD2: 53.60% Test OOD3: 63.78% 
Epoch: 86, Loss: 2.8852, Cls: 0.9616, Ind: 0.0000, Med: 0.4808, Spu: 0.0000, FD: 0.9618, FDAug: 0.4809, Var: 0.0000, Ctx: 6, MixCtx: 3, Train: 75.24%, Valid: 71.62%, Test In: 73.92% Test OOD1: 66.56% Test OOD2: 53.64% Test OOD3: 63.72% 
Epoch: 87, Loss: 2.8830, Cls: 0.9609, Ind: 0.0000, Med: 0.4805, Spu: 0.0000, FD: 0.9610, FDAug: 0.4806, Var: 0.0000, Ctx: 6, MixCtx: 3, Train: 75.29%, Valid: 71.71%, Test In: 73.91% Test OOD1: 66.86% Test OOD2: 53.58% Test OOD3: 63.81% 
Epoch: 88, Loss: 2.8838, Cls: 0.9612, Ind: 0.0000, Med: 0.4806, Spu: 0.0000, FD: 0.9613, FDAug: 0.4807, Var: 0.0000, Ctx: 6, MixCtx: 3, Train: 75.33%, Valid: 71.74%, Test In: 74.07% Test OOD1: 66.17% Test OOD2: 53.70% Test OOD3: 63.58% 
Epoch: 89, Loss: 2.9013, Cls: 0.9670, Ind: 0.0000, Med: 0.4835, Spu: 0.0000, FD: 0.9672, FDAug: 0.4836, Var: 0.0000, Ctx: 6, MixCtx: 3, Train: 75.25%, Valid: 71.75%, Test In: 73.73% Test OOD1: 67.41% Test OOD2: 53.42% Test OOD3: 63.95% 
Epoch: 90, Loss: 2.9655, Cls: 0.9884, Ind: 0.0000, Med: 0.4942, Spu: 0.0000, FD: 0.9887, FDAug: 0.4941, Var: 0.0000, Ctx: 6, MixCtx: 3, Train: 75.08%, Valid: 71.49%, Test In: 73.96% Test OOD1: 64.49% Test OOD2: 53.72% Test OOD3: 63.06% 
Epoch: 91, Loss: 3.0995, Cls: 1.0334, Ind: 0.0000, Med: 0.5168, Spu: 0.0000, FD: 1.0331, FDAug: 0.5161, Var: 0.0000, Ctx: 6, MixCtx: 3, Train: 75.41%, Valid: 71.92%, Test In: 73.93% Test OOD1: 67.32% Test OOD2: 53.47% Test OOD3: 63.92% 
Epoch: 92, Loss: 2.9211, Cls: 0.9732, Ind: 0.0000, Med: 0.4864, Spu: 0.0000, FD: 0.9744, FDAug: 0.4871, Var: 0.0000, Ctx: 6, MixCtx: 3, Train: 75.47%, Valid: 71.99%, Test In: 74.00% Test OOD1: 67.28% Test OOD2: 53.47% Test OOD3: 63.91% 
Epoch: 93, Loss: 2.9126, Cls: 0.9701, Ind: 0.0000, Med: 0.4847, Spu: 0.0000, FD: 0.9719, FDAug: 0.4859, Var: 0.0000, Ctx: 6, MixCtx: 3, Train: 75.39%, Valid: 71.86%, Test In: 74.18% Test OOD1: 65.29% Test OOD2: 53.72% Test OOD3: 63.30% 
Epoch: 94, Loss: 2.9825, Cls: 0.9948, Ind: 0.0000, Med: 0.4978, Spu: 0.0000, FD: 0.9931, FDAug: 0.4968, Var: 0.0000, Ctx: 6, MixCtx: 3, Train: 75.61%, Valid: 72.10%, Test In: 74.24% Test OOD1: 66.66% Test OOD2: 53.62% Test OOD3: 63.70% 
Epoch: 95, Loss: 2.8866, Cls: 0.9618, Ind: 0.0000, Med: 0.4808, Spu: 0.0000, FD: 0.9626, FDAug: 0.4814, Var: 0.0000, Ctx: 6, MixCtx: 3, Train: 75.38%, Valid: 71.96%, Test In: 73.81% Test OOD1: 67.63% Test OOD2: 53.35% Test OOD3: 63.99% 
Epoch: 96, Loss: 2.9871, Cls: 0.9960, Ind: 0.0000, Med: 0.4981, Spu: 0.0000, FD: 0.9956, FDAug: 0.4974, Var: 0.0000, Ctx: 6, MixCtx: 3, Train: 75.65%, Valid: 72.15%, Test In: 74.28% Test OOD1: 66.64% Test OOD2: 53.62% Test OOD3: 63.68% 
Epoch: 97, Loss: 2.8914, Cls: 0.9634, Ind: 0.0000, Med: 0.4816, Spu: 0.0000, FD: 0.9641, FDAug: 0.4823, Var: 0.0000, Ctx: 6, MixCtx: 3, Train: 75.61%, Valid: 72.12%, Test In: 74.30% Test OOD1: 66.15% Test OOD2: 53.67% Test OOD3: 63.53% 
Epoch: 98, Loss: 2.9376, Cls: 0.9781, Ind: 0.0000, Med: 0.4886, Spu: 0.0000, FD: 0.9804, FDAug: 0.4904, Var: 0.0000, Ctx: 6, MixCtx: 3, Train: 75.53%, Valid: 72.09%, Test In: 73.99% Test OOD1: 67.54% Test OOD2: 53.40% Test OOD3: 63.96% 
Epoch: 99, Loss: 2.8977, Cls: 0.9667, Ind: 0.0000, Med: 0.4839, Spu: 0.0000, FD: 0.9647, FDAug: 0.4823, Var: 0.0000, Ctx: 6, MixCtx: 3, Train: 75.53%, Valid: 72.09%, Test In: 73.97% Test OOD1: 67.58% Test OOD2: 53.39% Test OOD3: 63.96% 
Epoch: 100, Loss: 2.8936, Cls: 0.9652, Ind: 0.0000, Med: 0.4830, Spu: 0.0000, FD: 0.9636, FDAug: 0.4817, Var: 0.0000, Ctx: 6, MixCtx: 3, Train: 75.69%, Valid: 72.18%, Test In: 74.31% Test OOD1: 66.60% Test OOD2: 53.63% Test OOD3: 63.65% 
Epoch: 101, Loss: 2.9209, Cls: 0.9728, Ind: 0.0000, Med: 0.4861, Spu: 0.0000, FD: 0.9746, FDAug: 0.4874, Var: 0.0000, Ctx: 6, MixCtx: 3, Train: 75.68%, Valid: 72.18%, Test In: 74.20% Test OOD1: 67.25% Test OOD2: 53.49% Test OOD3: 63.86% 
Epoch: 102, Loss: 2.8673, Cls: 0.9557, Ind: 0.0000, Med: 0.4779, Spu: 0.0000, FD: 0.9558, FDAug: 0.4780, Var: 0.0000, Ctx: 6, MixCtx: 3, Train: 75.45%, Valid: 72.01%, Test In: 73.84% Test OOD1: 67.75% Test OOD2: 53.29% Test OOD3: 64.00% 
Epoch: 103, Loss: 2.9258, Cls: 0.9741, Ind: 0.0000, Med: 0.4865, Spu: 0.0000, FD: 0.9770, FDAug: 0.4881, Var: 0.0000, Ctx: 6, MixCtx: 3, Train: 75.73%, Valid: 72.21%, Test In: 74.28% Test OOD1: 67.05% Test OOD2: 53.54% Test OOD3: 63.78% 
Epoch: 104, Loss: 2.8785, Cls: 0.9600, Ind: 0.0000, Med: 0.4804, Spu: 0.0000, FD: 0.9587, FDAug: 0.4794, Var: 0.0000, Ctx: 6, MixCtx: 3, Train: 75.75%, Valid: 72.22%, Test In: 74.32% Test OOD1: 66.91% Test OOD2: 53.56% Test OOD3: 63.73% 
Epoch: 105, Loss: 2.8858, Cls: 0.9629, Ind: 0.0000, Med: 0.4821, Spu: 0.0000, FD: 0.9605, FDAug: 0.4803, Var: 0.0000, Ctx: 6, MixCtx: 3, Train: 75.61%, Valid: 72.13%, Test In: 74.04% Test OOD1: 67.66% Test OOD2: 53.33% Test OOD3: 63.98% 
Epoch: 106, Loss: 2.8981, Cls: 0.9642, Ind: 0.0000, Med: 0.4814, Spu: 0.0000, FD: 0.9685, FDAug: 0.4840, Var: 0.0000, Ctx: 6, MixCtx: 3, Train: 75.75%, Valid: 72.24%, Test In: 74.27% Test OOD1: 67.30% Test OOD2: 53.46% Test OOD3: 63.86% 
Epoch: 107, Loss: 2.8612, Cls: 0.9535, Ind: 0.0000, Med: 0.4768, Spu: 0.0000, FD: 0.9539, FDAug: 0.4770, Var: 0.0000, Ctx: 6, MixCtx: 3, Train: 75.78%, Valid: 72.24%, Test In: 74.39% Test OOD1: 66.59% Test OOD2: 53.61% Test OOD3: 63.62% 
Epoch: 108, Loss: 2.8926, Cls: 0.9652, Ind: 0.0000, Med: 0.4832, Spu: 0.0000, FD: 0.9628, FDAug: 0.4815, Var: 0.0000, Ctx: 6, MixCtx: 3, Train: 75.79%, Valid: 72.28%, Test In: 74.30% Test OOD1: 67.30% Test OOD2: 53.47% Test OOD3: 63.86% 
Epoch: 109, Loss: 2.8621, Cls: 0.9538, Ind: 0.0000, Med: 0.4768, Spu: 0.0000, FD: 0.9543, FDAug: 0.4772, Var: 0.0000, Ctx: 6, MixCtx: 3, Train: 75.78%, Valid: 72.29%, Test In: 74.25% Test OOD1: 67.48% Test OOD2: 53.43% Test OOD3: 63.92% 
Epoch: 110, Loss: 2.8771, Cls: 0.9589, Ind: 0.0000, Med: 0.4794, Spu: 0.0000, FD: 0.9592, FDAug: 0.4795, Var: 0.0000, Ctx: 6, MixCtx: 3, Train: 75.84%, Valid: 72.32%, Test In: 74.43% Test OOD1: 66.68% Test OOD2: 53.61% Test OOD3: 63.65% 
Epoch: 111, Loss: 2.8718, Cls: 0.9568, Ind: 0.0000, Med: 0.4783, Spu: 0.0000, FD: 0.9577, FDAug: 0.4790, Var: 0.0000, Ctx: 6, MixCtx: 3, Train: 75.88%, Valid: 72.36%, Test In: 74.43% Test OOD1: 66.88% Test OOD2: 53.59% Test OOD3: 63.71% 
Epoch: 112, Loss: 2.8609, Cls: 0.9532, Ind: 0.0000, Med: 0.4765, Spu: 0.0000, FD: 0.9541, FDAug: 0.4772, Var: 0.0000, Ctx: 6, MixCtx: 3, Train: 75.85%, Valid: 72.39%, Test In: 74.30% Test OOD1: 67.49% Test OOD2: 53.43% Test OOD3: 63.92% 
Epoch: 113, Loss: 2.8765, Cls: 0.9597, Ind: 0.0000, Med: 0.4804, Spu: 0.0000, FD: 0.9577, FDAug: 0.4787, Var: 0.0000, Ctx: 6, MixCtx: 3, Train: 75.93%, Valid: 72.43%, Test In: 74.44% Test OOD1: 67.07% Test OOD2: 53.55% Test OOD3: 63.77% 
Epoch: 114, Loss: 2.8546, Cls: 0.9512, Ind: 0.0000, Med: 0.4756, Spu: 0.0000, FD: 0.9517, FDAug: 0.4759, Var: 0.0000, Ctx: 6, MixCtx: 3, Train: 75.94%, Valid: 72.46%, Test In: 74.49% Test OOD1: 66.75% Test OOD2: 53.61% Test OOD3: 63.66% 
Epoch: 115, Loss: 2.8670, Cls: 0.9550, Ind: 0.0000, Med: 0.4772, Spu: 0.0000, FD: 0.9564, FDAug: 0.4783, Var: 0.0000, Ctx: 6, MixCtx: 3, Train: 75.95%, Valid: 72.50%, Test In: 74.39% Test OOD1: 67.43% Test OOD2: 53.47% Test OOD3: 63.88% 
Epoch: 116, Loss: 2.8596, Cls: 0.9533, Ind: 0.0000, Med: 0.4768, Spu: 0.0000, FD: 0.9530, FDAug: 0.4765, Var: 0.0000, Ctx: 6, MixCtx: 3, Train: 75.99%, Valid: 72.53%, Test In: 74.43% Test OOD1: 67.36% Test OOD2: 53.49% Test OOD3: 63.85% 
Epoch: 117, Loss: 2.8529, Cls: 0.9508, Ind: 0.0000, Med: 0.4753, Spu: 0.0000, FD: 0.9511, FDAug: 0.4756, Var: 0.0000, Ctx: 6, MixCtx: 3, Train: 76.02%, Valid: 72.56%, Test In: 74.52% Test OOD1: 66.85% Test OOD2: 53.60% Test OOD3: 63.68% 
Epoch: 118, Loss: 2.8624, Cls: 0.9543, Ind: 0.0000, Med: 0.4773, Spu: 0.0000, FD: 0.9538, FDAug: 0.4770, Var: 0.0000, Ctx: 6, MixCtx: 3, Train: 76.04%, Valid: 72.59%, Test In: 74.48% Test OOD1: 67.36% Test OOD2: 53.49% Test OOD3: 63.84% 
Epoch: 119, Loss: 2.8497, Cls: 0.9495, Ind: 0.0000, Med: 0.4747, Spu: 0.0000, FD: 0.9503, FDAug: 0.4751, Var: 0.0000, Ctx: 6, MixCtx: 3, Train: 76.05%, Valid: 72.61%, Test In: 74.45% Test OOD1: 67.48% Test OOD2: 53.45% Test OOD3: 63.88% 
Epoch: 120, Loss: 2.8540, Cls: 0.9507, Ind: 0.0000, Med: 0.4751, Spu: 0.0000, FD: 0.9522, FDAug: 0.4760, Var: 0.0000, Ctx: 6, MixCtx: 3, Train: 76.10%, Valid: 72.65%, Test In: 74.57% Test OOD1: 66.94% Test OOD2: 53.57% Test OOD3: 63.70% 
Epoch: 121, Loss: 2.8552, Cls: 0.9522, Ind: 0.0000, Med: 0.4764, Spu: 0.0000, FD: 0.9510, FDAug: 0.4756, Var: 0.0000, Ctx: 6, MixCtx: 3, Train: 76.13%, Valid: 72.67%, Test In: 74.55% Test OOD1: 67.26% Test OOD2: 53.50% Test OOD3: 63.80% 
Epoch: 122, Loss: 2.8457, Cls: 0.9484, Ind: 0.0000, Med: 0.4742, Spu: 0.0000, FD: 0.9487, FDAug: 0.4744, Var: 0.0000, Ctx: 6, MixCtx: 3, Train: 76.13%, Valid: 72.69%, Test In: 74.51% Test OOD1: 67.48% Test OOD2: 53.44% Test OOD3: 63.88% 
Epoch: 123, Loss: 2.8516, Cls: 0.9500, Ind: 0.0000, Med: 0.4748, Spu: 0.0000, FD: 0.9512, FDAug: 0.4755, Var: 0.0000, Ctx: 6, MixCtx: 3, Train: 76.17%, Valid: 72.72%, Test In: 74.62% Test OOD1: 66.96% Test OOD2: 53.55% Test OOD3: 63.70% 
Epoch: 124, Loss: 2.8489, Cls: 0.9497, Ind: 0.0000, Med: 0.4749, Spu: 0.0000, FD: 0.9495, FDAug: 0.4748, Var: 0.0000, Ctx: 6, MixCtx: 3, Train: 76.20%, Valid: 72.75%, Test In: 74.61% Test OOD1: 67.18% Test OOD2: 53.51% Test OOD3: 63.77% 
Epoch: 125, Loss: 2.8425, Cls: 0.9473, Ind: 0.0000, Med: 0.4736, Spu: 0.0000, FD: 0.9476, FDAug: 0.4739, Var: 0.0000, Ctx: 6, MixCtx: 3, Train: 76.21%, Valid: 72.77%, Test In: 74.58% Test OOD1: 67.44% Test OOD2: 53.46% Test OOD3: 63.86% 
Epoch: 126, Loss: 2.8478, Cls: 0.9493, Ind: 0.0000, Med: 0.4747, Spu: 0.0000, FD: 0.9493, FDAug: 0.4746, Var: 0.0000, Ctx: 6, MixCtx: 3, Train: 76.24%, Valid: 72.81%, Test In: 74.66% Test OOD1: 66.92% Test OOD2: 53.56% Test OOD3: 63.68% 
Epoch: 127, Loss: 2.8456, Cls: 0.9482, Ind: 0.0000, Med: 0.4740, Spu: 0.0000, FD: 0.9489, FDAug: 0.4746, Var: 0.0000, Ctx: 6, MixCtx: 3, Train: 76.28%, Valid: 72.85%, Test In: 74.64% Test OOD1: 67.19% Test OOD2: 53.52% Test OOD3: 63.77% 
Epoch: 128, Loss: 2.8394, Cls: 0.9463, Ind: 0.0000, Med: 0.4732, Spu: 0.0000, FD: 0.9466, FDAug: 0.4733, Var: 0.0000, Ctx: 6, MixCtx: 3, Train: 76.30%, Valid: 72.88%, Test In: 74.63% Test OOD1: 67.40% Test OOD2: 53.48% Test OOD3: 63.85% 
Epoch: 129, Loss: 2.8426, Cls: 0.9476, Ind: 0.0000, Med: 0.4739, Spu: 0.0000, FD: 0.9474, FDAug: 0.4736, Var: 0.0000, Ctx: 6, MixCtx: 3, Train: 76.31%, Valid: 72.91%, Test In: 74.70% Test OOD1: 66.90% Test OOD2: 53.58% Test OOD3: 63.67% 
Epoch: 130, Loss: 2.8433, Cls: 0.9474, Ind: 0.0000, Med: 0.4736, Spu: 0.0000, FD: 0.9481, FDAug: 0.4742, Var: 0.0000, Ctx: 6, MixCtx: 3, Train: 76.36%, Valid: 72.95%, Test In: 74.67% Test OOD1: 67.31% Test OOD2: 53.51% Test OOD3: 63.81% 
Epoch: 131, Loss: 2.8372, Cls: 0.9456, Ind: 0.0000, Med: 0.4728, Spu: 0.0000, FD: 0.9458, FDAug: 0.4729, Var: 0.0000, Ctx: 6, MixCtx: 3, Train: 76.38%, Valid: 72.98%, Test In: 74.68% Test OOD1: 67.31% Test OOD2: 53.52% Test OOD3: 63.81% 
Epoch: 132, Loss: 2.8361, Cls: 0.9452, Ind: 0.0000, Med: 0.4726, Spu: 0.0000, FD: 0.9455, FDAug: 0.4728, Var: 0.0000, Ctx: 6, MixCtx: 3, Train: 76.39%, Valid: 73.00%, Test In: 74.72% Test OOD1: 66.96% Test OOD2: 53.59% Test OOD3: 63.68% 
Epoch: 133, Loss: 2.8389, Cls: 0.9463, Ind: 0.0000, Med: 0.4732, Spu: 0.0000, FD: 0.9462, FDAug: 0.4732, Var: 0.0000, Ctx: 6, MixCtx: 3, Train: 76.43%, Valid: 73.03%, Test In: 74.68% Test OOD1: 67.43% Test OOD2: 53.52% Test OOD3: 63.85% 
Epoch: 134, Loss: 2.8371, Cls: 0.9454, Ind: 0.0000, Med: 0.4726, Spu: 0.0000, FD: 0.9461, FDAug: 0.4730, Var: 0.0000, Ctx: 6, MixCtx: 3, Train: 76.45%, Valid: 73.05%, Test In: 74.73% Test OOD1: 67.13% Test OOD2: 53.59% Test OOD3: 63.74% 
Epoch: 135, Loss: 2.8328, Cls: 0.9442, Ind: 0.0000, Med: 0.4722, Spu: 0.0000, FD: 0.9442, FDAug: 0.4722, Var: 0.0000, Ctx: 6, MixCtx: 3, Train: 76.48%, Valid: 73.08%, Test In: 74.73% Test OOD1: 67.19% Test OOD2: 53.60% Test OOD3: 63.76% 
Epoch: 136, Loss: 2.8310, Cls: 0.9436, Ind: 0.0000, Med: 0.4718, Spu: 0.0000, FD: 0.9437, FDAug: 0.4719, Var: 0.0000, Ctx: 6, MixCtx: 3, Train: 76.50%, Valid: 73.10%, Test In: 74.72% Test OOD1: 67.40% Test OOD2: 53.58% Test OOD3: 63.85% 
Epoch: 137, Loss: 2.8322, Cls: 0.9438, Ind: 0.0000, Med: 0.4718, Spu: 0.0000, FD: 0.9444, FDAug: 0.4722, Var: 0.0000, Ctx: 6, MixCtx: 3, Train: 76.52%, Valid: 73.11%, Test In: 74.75% Test OOD1: 66.96% Test OOD2: 53.66% Test OOD3: 63.69% 
Epoch: 138, Loss: 2.8336, Cls: 0.9446, Ind: 0.0000, Med: 0.4724, Spu: 0.0000, FD: 0.9444, FDAug: 0.4723, Var: 0.0000, Ctx: 6, MixCtx: 3, Train: 76.56%, Valid: 73.15%, Test In: 74.73% Test OOD1: 67.45% Test OOD2: 53.60% Test OOD3: 63.88% 
Epoch: 139, Loss: 2.8326, Cls: 0.9440, Ind: 0.0000, Med: 0.4720, Spu: 0.0000, FD: 0.9445, FDAug: 0.4721, Var: 0.0000, Ctx: 6, MixCtx: 3, Train: 76.57%, Valid: 73.15%, Test In: 74.77% Test OOD1: 66.92% Test OOD2: 53.71% Test OOD3: 63.69% 
Epoch: 140, Loss: 2.8309, Cls: 0.9436, Ind: 0.0000, Med: 0.4719, Spu: 0.0000, FD: 0.9435, FDAug: 0.4719, Var: 0.0000, Ctx: 6, MixCtx: 3, Train: 76.61%, Valid: 73.20%, Test In: 74.74% Test OOD1: 67.39% Test OOD2: 53.67% Test OOD3: 63.87% 
Epoch: 141, Loss: 2.8284, Cls: 0.9427, Ind: 0.0000, Med: 0.4714, Spu: 0.0000, FD: 0.9429, FDAug: 0.4714, Var: 0.0000, Ctx: 6, MixCtx: 3, Train: 76.63%, Valid: 73.20%, Test In: 74.78% Test OOD1: 66.97% Test OOD2: 53.79% Test OOD3: 63.73% 
Epoch: 142, Loss: 2.8266, Cls: 0.9421, Ind: 0.0000, Med: 0.4711, Spu: 0.0000, FD: 0.9421, FDAug: 0.4712, Var: 0.0000, Ctx: 6, MixCtx: 3, Train: 76.67%, Valid: 73.24%, Test In: 74.75% Test OOD1: 67.42% Test OOD2: 53.76% Test OOD3: 63.90% 
Epoch: 143, Loss: 2.8257, Cls: 0.9418, Ind: 0.0000, Med: 0.4709, Spu: 0.0000, FD: 0.9420, FDAug: 0.4709, Var: 0.0000, Ctx: 6, MixCtx: 3, Train: 76.69%, Valid: 73.24%, Test In: 74.79% Test OOD1: 66.98% Test OOD2: 53.87% Test OOD3: 63.76% 
Epoch: 144, Loss: 2.8266, Cls: 0.9421, Ind: 0.0000, Med: 0.4711, Spu: 0.0000, FD: 0.9421, FDAug: 0.4712, Var: 0.0000, Ctx: 6, MixCtx: 3, Train: 76.71%, Valid: 73.27%, Test In: 74.72% Test OOD1: 67.64% Test OOD2: 53.79% Test OOD3: 63.99% 
Epoch: 145, Loss: 2.8326, Cls: 0.9441, Ind: 0.0000, Med: 0.4720, Spu: 0.0000, FD: 0.9444, FDAug: 0.4720, Var: 0.0000, Ctx: 6, MixCtx: 3, Train: 76.71%, Valid: 73.24%, Test In: 74.78% Test OOD1: 66.60% Test OOD2: 54.00% Test OOD3: 63.65% 
Epoch: 146, Loss: 2.8554, Cls: 0.9520, Ind: 0.0000, Med: 0.4763, Spu: 0.0000, FD: 0.9511, FDAug: 0.4760, Var: 0.0000, Ctx: 6, MixCtx: 3, Train: 76.63%, Valid: 73.21%, Test In: 74.56% Test OOD1: 68.05% Test OOD2: 53.74% Test OOD3: 64.13% 
Epoch: 147, Loss: 2.9108, Cls: 0.9705, Ind: 0.0000, Med: 0.4853, Spu: 0.0000, FD: 0.9705, FDAug: 0.4845, Var: 0.0000, Ctx: 6, MixCtx: 3, Train: 76.54%, Valid: 73.16%, Test In: 74.60% Test OOD1: 65.22% Test OOD2: 54.06% Test OOD3: 63.22% 
Epoch: 148, Loss: 3.0186, Cls: 1.0077, Ind: 0.0000, Med: 0.5049, Spu: 0.0000, FD: 1.0033, FDAug: 0.5027, Var: 0.0000, Ctx: 6, MixCtx: 3, Train: 76.61%, Valid: 73.21%, Test In: 74.48% Test OOD1: 68.06% Test OOD2: 53.71% Test OOD3: 64.14% 
Epoch: 149, Loss: 2.9267, Cls: 0.9754, Ind: 0.0000, Med: 0.4875, Spu: 0.0000, FD: 0.9765, FDAug: 0.4873, Var: 0.0000, Ctx: 6, MixCtx: 3, Train: 76.78%, Valid: 73.36%, Test In: 74.73% Test OOD1: 67.09% Test OOD2: 53.91% Test OOD3: 63.78% 
Epoch: 150, Loss: 2.8322, Cls: 0.9437, Ind: 0.0000, Med: 0.4718, Spu: 0.0000, FD: 0.9446, FDAug: 0.4722, Var: 0.0000, Ctx: 6, MixCtx: 3, Train: 76.76%, Valid: 73.34%, Test In: 74.73% Test OOD1: 66.60% Test OOD2: 53.96% Test OOD3: 63.63% 
Epoch: 151, Loss: 2.8654, Cls: 0.9549, Ind: 0.0000, Med: 0.4776, Spu: 0.0000, FD: 0.9550, FDAug: 0.4778, Var: 0.0000, Ctx: 6, MixCtx: 3, Train: 76.71%, Valid: 73.25%, Test In: 74.58% Test OOD1: 67.92% Test OOD2: 53.75% Test OOD3: 64.10% 
Epoch: 152, Loss: 2.8666, Cls: 0.9554, Ind: 0.0000, Med: 0.4775, Spu: 0.0000, FD: 0.9566, FDAug: 0.4771, Var: 0.0000, Ctx: 6, MixCtx: 3, Train: 76.81%, Valid: 73.30%, Test In: 74.72% Test OOD1: 67.58% Test OOD2: 53.85% Test OOD3: 64.00% 
Epoch: 153, Loss: 2.8253, Cls: 0.9413, Ind: 0.0000, Med: 0.4704, Spu: 0.0000, FD: 0.9426, FDAug: 0.4710, Var: 0.0000, Ctx: 6, MixCtx: 3, Train: 76.82%, Valid: 73.27%, Test In: 74.78% Test OOD1: 67.04% Test OOD2: 53.95% Test OOD3: 63.83% 
Epoch: 154, Loss: 2.8541, Cls: 0.9503, Ind: 0.0000, Med: 0.4748, Spu: 0.0000, FD: 0.9524, FDAug: 0.4767, Var: 0.0000, Ctx: 6, MixCtx: 3, Train: 76.75%, Valid: 73.15%, Test In: 74.64% Test OOD1: 68.03% Test OOD2: 53.76% Test OOD3: 64.20% 
Epoch: 155, Loss: 2.8344, Cls: 0.9454, Ind: 0.0000, Med: 0.4730, Spu: 0.0000, FD: 0.9442, FDAug: 0.4718, Var: 0.0000, Ctx: 6, MixCtx: 3, Train: 76.77%, Valid: 73.13%, Test In: 74.70% Test OOD1: 67.93% Test OOD2: 53.81% Test OOD3: 64.19% 
Epoch: 156, Loss: 2.8207, Cls: 0.9402, Ind: 0.0000, Med: 0.4702, Spu: 0.0000, FD: 0.9402, FDAug: 0.4700, Var: 0.0000, Ctx: 6, MixCtx: 3, Train: 76.79%, Valid: 73.12%, Test In: 74.78% Test OOD1: 67.33% Test OOD2: 53.95% Test OOD3: 63.99% 
Epoch: 157, Loss: 2.8465, Cls: 0.9479, Ind: 0.0000, Med: 0.4737, Spu: 0.0000, FD: 0.9496, FDAug: 0.4752, Var: 0.0000, Ctx: 6, MixCtx: 3, Train: 76.71%, Valid: 73.04%, Test In: 74.66% Test OOD1: 68.06% Test OOD2: 53.78% Test OOD3: 64.26% 
Epoch: 158, Loss: 2.8327, Cls: 0.9441, Ind: 0.0000, Med: 0.4720, Spu: 0.0000, FD: 0.9446, FDAug: 0.4720, Var: 0.0000, Ctx: 6, MixCtx: 3, Train: 76.77%, Valid: 73.07%, Test In: 74.72% Test OOD1: 67.81% Test OOD2: 53.87% Test OOD3: 64.18% 
Epoch: 159, Loss: 2.8182, Cls: 0.9391, Ind: 0.0000, Med: 0.4694, Spu: 0.0000, FD: 0.9398, FDAug: 0.4698, Var: 0.0000, Ctx: 6, MixCtx: 3, Train: 76.81%, Valid: 73.10%, Test In: 74.79% Test OOD1: 67.30% Test OOD2: 54.00% Test OOD3: 64.00% 
Epoch: 160, Loss: 2.8323, Cls: 0.9445, Ind: 0.0000, Med: 0.4726, Spu: 0.0000, FD: 0.9433, FDAug: 0.4719, Var: 0.0000, Ctx: 6, MixCtx: 3, Train: 76.80%, Valid: 73.11%, Test In: 74.71% Test OOD1: 67.88% Test OOD2: 53.89% Test OOD3: 64.19% 
Epoch: 161, Loss: 2.8263, Cls: 0.9412, Ind: 0.0000, Med: 0.4703, Spu: 0.0000, FD: 0.9434, FDAug: 0.4714, Var: 0.0000, Ctx: 6, MixCtx: 3, Train: 76.86%, Valid: 73.17%, Test In: 74.78% Test OOD1: 67.52% Test OOD2: 53.99% Test OOD3: 64.06% 
Epoch: 162, Loss: 2.8141, Cls: 0.9379, Ind: 0.0000, Med: 0.4690, Spu: 0.0000, FD: 0.9381, FDAug: 0.4691, Var: 0.0000, Ctx: 6, MixCtx: 3, Train: 76.87%, Valid: 73.21%, Test In: 74.80% Test OOD1: 67.09% Test OOD2: 54.07% Test OOD3: 63.91% 
Epoch: 163, Loss: 2.8228, Cls: 0.9415, Ind: 0.0000, Med: 0.4712, Spu: 0.0000, FD: 0.9399, FDAug: 0.4702, Var: 0.0000, Ctx: 6, MixCtx: 3, Train: 76.89%, Valid: 73.24%, Test In: 74.76% Test OOD1: 67.59% Test OOD2: 54.00% Test OOD3: 64.09% 
Epoch: 164, Loss: 2.8202, Cls: 0.9395, Ind: 0.0000, Med: 0.4695, Spu: 0.0000, FD: 0.9409, FDAug: 0.4703, Var: 0.0000, Ctx: 6, MixCtx: 3, Train: 76.91%, Valid: 73.27%, Test In: 74.79% Test OOD1: 67.32% Test OOD2: 54.08% Test OOD3: 63.99% 
Epoch: 165, Loss: 2.8126, Cls: 0.9374, Ind: 0.0000, Med: 0.4687, Spu: 0.0000, FD: 0.9377, FDAug: 0.4689, Var: 0.0000, Ctx: 6, MixCtx: 3, Train: 76.93%, Valid: 73.28%, Test In: 74.80% Test OOD1: 66.99% Test OOD2: 54.16% Test OOD3: 63.88% 
Epoch: 166, Loss: 2.8177, Cls: 0.9391, Ind: 0.0000, Med: 0.4696, Spu: 0.0000, FD: 0.9391, FDAug: 0.4698, Var: 0.0000, Ctx: 6, MixCtx: 3, Train: 76.96%, Valid: 73.29%, Test In: 74.77% Test OOD1: 67.52% Test OOD2: 54.12% Test OOD3: 64.08% 
Epoch: 167, Loss: 2.8143, Cls: 0.9381, Ind: 0.0000, Med: 0.4692, Spu: 0.0000, FD: 0.9380, FDAug: 0.4689, Var: 0.0000, Ctx: 6, MixCtx: 3, Train: 76.98%, Valid: 73.30%, Test In: 74.79% Test OOD1: 67.34% Test OOD2: 54.18% Test OOD3: 64.02% 
Epoch: 168, Loss: 2.8086, Cls: 0.9361, Ind: 0.0000, Med: 0.4681, Spu: 0.0000, FD: 0.9362, FDAug: 0.4682, Var: 0.0000, Ctx: 6, MixCtx: 3, Train: 76.99%, Valid: 73.29%, Test In: 74.79% Test OOD1: 67.15% Test OOD2: 54.24% Test OOD3: 63.98% 
Epoch: 169, Loss: 2.8118, Cls: 0.9369, Ind: 0.0000, Med: 0.4684, Spu: 0.0000, FD: 0.9376, FDAug: 0.4689, Var: 0.0000, Ctx: 6, MixCtx: 3, Train: 77.00%, Valid: 73.29%, Test In: 74.75% Test OOD1: 67.62% Test OOD2: 54.22% Test OOD3: 64.15% 
Epoch: 170, Loss: 2.8131, Cls: 0.9379, Ind: 0.0000, Med: 0.4692, Spu: 0.0000, FD: 0.9374, FDAug: 0.4686, Var: 0.0000, Ctx: 6, MixCtx: 3, Train: 77.03%, Valid: 73.29%, Test In: 74.78% Test OOD1: 67.25% Test OOD2: 54.32% Test OOD3: 64.04% 
Epoch: 171, Loss: 2.8088, Cls: 0.9360, Ind: 0.0000, Med: 0.4680, Spu: 0.0000, FD: 0.9364, FDAug: 0.4683, Var: 0.0000, Ctx: 6, MixCtx: 3, Train: 77.04%, Valid: 73.29%, Test In: 74.77% Test OOD1: 67.41% Test OOD2: 54.32% Test OOD3: 64.10% 
Epoch: 172, Loss: 2.8055, Cls: 0.9351, Ind: 0.0000, Med: 0.4676, Spu: 0.0000, FD: 0.9353, FDAug: 0.4676, Var: 0.0000, Ctx: 6, MixCtx: 3, Train: 77.05%, Valid: 73.30%, Test In: 74.75% Test OOD1: 67.52% Test OOD2: 54.32% Test OOD3: 64.14% 
Epoch: 173, Loss: 2.8066, Cls: 0.9353, Ind: 0.0000, Med: 0.4676, Spu: 0.0000, FD: 0.9358, FDAug: 0.4678, Var: 0.0000, Ctx: 6, MixCtx: 3, Train: 77.08%, Valid: 73.32%, Test In: 74.77% Test OOD1: 67.09% Test OOD2: 54.41% Test OOD3: 63.99% 
Epoch: 174, Loss: 2.8081, Cls: 0.9362, Ind: 0.0000, Med: 0.4683, Spu: 0.0000, FD: 0.9356, FDAug: 0.4679, Var: 0.0000, Ctx: 6, MixCtx: 3, Train: 77.10%, Valid: 73.34%, Test In: 74.73% Test OOD1: 67.42% Test OOD2: 54.38% Test OOD3: 64.09% 
Epoch: 175, Loss: 2.8064, Cls: 0.9351, Ind: 0.0000, Med: 0.4674, Spu: 0.0000, FD: 0.9360, FDAug: 0.4679, Var: 0.0000, Ctx: 6, MixCtx: 3, Train: 77.12%, Valid: 73.36%, Test In: 74.74% Test OOD1: 67.03% Test OOD2: 54.44% Test OOD3: 63.93% 
Epoch: 176, Loss: 2.8036, Cls: 0.9346, Ind: 0.0000, Med: 0.4675, Spu: 0.0000, FD: 0.9342, FDAug: 0.4672, Var: 0.0000, Ctx: 6, MixCtx: 3, Train: 77.14%, Valid: 73.37%, Test In: 74.73% Test OOD1: 67.09% Test OOD2: 54.43% Test OOD3: 63.95% 
Epoch: 177, Loss: 2.8017, Cls: 0.9338, Ind: 0.0000, Med: 0.4670, Spu: 0.0000, FD: 0.9339, FDAug: 0.4670, Var: 0.0000, Ctx: 6, MixCtx: 3, Train: 77.15%, Valid: 73.38%, Test In: 74.72% Test OOD1: 67.12% Test OOD2: 54.45% Test OOD3: 63.96% 
Epoch: 178, Loss: 2.8017, Cls: 0.9337, Ind: 0.0000, Med: 0.4669, Spu: 0.0000, FD: 0.9341, FDAug: 0.4670, Var: 0.0000, Ctx: 6, MixCtx: 3, Train: 77.16%, Valid: 73.37%, Test In: 74.72% Test OOD1: 66.85% Test OOD2: 54.51% Test OOD3: 63.87% 
Epoch: 179, Loss: 2.8025, Cls: 0.9342, Ind: 0.0000, Med: 0.4672, Spu: 0.0000, FD: 0.9340, FDAug: 0.4671, Var: 0.0000, Ctx: 6, MixCtx: 3, Train: 77.19%, Valid: 73.35%, Test In: 74.72% Test OOD1: 67.25% Test OOD2: 54.48% Test OOD3: 64.02% 
Epoch: 180, Loss: 2.8027, Cls: 0.9342, Ind: 0.0000, Med: 0.4671, Spu: 0.0000, FD: 0.9343, FDAug: 0.4671, Var: 0.0000, Ctx: 6, MixCtx: 3, Train: 77.20%, Valid: 73.34%, Test In: 74.72% Test OOD1: 66.85% Test OOD2: 54.55% Test OOD3: 63.89% 
Epoch: 181, Loss: 2.8033, Cls: 0.9344, Ind: 0.0000, Med: 0.4672, Spu: 0.0000, FD: 0.9344, FDAug: 0.4674, Var: 0.0000, Ctx: 6, MixCtx: 3, Train: 77.22%, Valid: 73.34%, Test In: 74.72% Test OOD1: 67.39% Test OOD2: 54.49% Test OOD3: 64.08% 
Epoch: 182, Loss: 2.8030, Cls: 0.9345, Ind: 0.0000, Med: 0.4674, Spu: 0.0000, FD: 0.9342, FDAug: 0.4669, Var: 0.0000, Ctx: 6, MixCtx: 3, Train: 77.23%, Valid: 73.35%, Test In: 74.72% Test OOD1: 66.90% Test OOD2: 54.57% Test OOD3: 63.92% 
Epoch: 183, Loss: 2.8035, Cls: 0.9343, Ind: 0.0000, Med: 0.4672, Spu: 0.0000, FD: 0.9346, FDAug: 0.4675, Var: 0.0000, Ctx: 6, MixCtx: 3, Train: 77.25%, Valid: 73.37%, Test In: 74.70% Test OOD1: 67.49% Test OOD2: 54.51% Test OOD3: 64.11% 
Epoch: 184, Loss: 2.8038, Cls: 0.9348, Ind: 0.0000, Med: 0.4676, Spu: 0.0000, FD: 0.9344, FDAug: 0.4670, Var: 0.0000, Ctx: 6, MixCtx: 3, Train: 77.27%, Valid: 73.39%, Test In: 74.69% Test OOD1: 66.86% Test OOD2: 54.60% Test OOD3: 63.89% 
Epoch: 185, Loss: 2.8060, Cls: 0.9351, Ind: 0.0000, Med: 0.4676, Spu: 0.0000, FD: 0.9354, FDAug: 0.4679, Var: 0.0000, Ctx: 6, MixCtx: 3, Train: 77.28%, Valid: 73.39%, Test In: 74.68% Test OOD1: 67.57% Test OOD2: 54.51% Test OOD3: 64.13% 
Epoch: 186, Loss: 2.8072, Cls: 0.9358, Ind: 0.0000, Med: 0.4680, Spu: 0.0000, FD: 0.9358, FDAug: 0.4676, Var: 0.0000, Ctx: 6, MixCtx: 3, Train: 77.30%, Valid: 73.40%, Test In: 74.68% Test OOD1: 66.79% Test OOD2: 54.64% Test OOD3: 63.88% 
Epoch: 187, Loss: 2.8093, Cls: 0.9365, Ind: 0.0000, Med: 0.4684, Spu: 0.0000, FD: 0.9361, FDAug: 0.4683, Var: 0.0000, Ctx: 6, MixCtx: 3, Train: 77.31%, Valid: 73.39%, Test In: 74.68% Test OOD1: 67.62% Test OOD2: 54.54% Test OOD3: 64.16% 
Epoch: 188, Loss: 2.8084, Cls: 0.9360, Ind: 0.0000, Med: 0.4679, Spu: 0.0000, FD: 0.9365, FDAug: 0.4680, Var: 0.0000, Ctx: 6, MixCtx: 3, Train: 77.34%, Valid: 73.38%, Test In: 74.69% Test OOD1: 66.82% Test OOD2: 54.69% Test OOD3: 63.91% 
Epoch: 189, Loss: 2.8073, Cls: 0.9360, Ind: 0.0000, Med: 0.4682, Spu: 0.0000, FD: 0.9352, FDAug: 0.4679, Var: 0.0000, Ctx: 6, MixCtx: 3, Train: 77.34%, Valid: 73.37%, Test In: 74.70% Test OOD1: 67.59% Test OOD2: 54.59% Test OOD3: 64.18% 
Epoch: 190, Loss: 2.8031, Cls: 0.9341, Ind: 0.0000, Med: 0.4670, Spu: 0.0000, FD: 0.9348, FDAug: 0.4672, Var: 0.0000, Ctx: 6, MixCtx: 3, Train: 77.37%, Valid: 73.38%, Test In: 74.71% Test OOD1: 66.98% Test OOD2: 54.71% Test OOD3: 63.98% 
Epoch: 191, Loss: 2.7990, Cls: 0.9331, Ind: 0.0000, Med: 0.4667, Spu: 0.0000, FD: 0.9327, FDAug: 0.4665, Var: 0.0000, Ctx: 6, MixCtx: 3, Train: 77.37%, Valid: 73.38%, Test In: 74.72% Test OOD1: 67.46% Test OOD2: 54.65% Test OOD3: 64.15% 
Epoch: 192, Loss: 2.7945, Cls: 0.9314, Ind: 0.0000, Med: 0.4657, Spu: 0.0000, FD: 0.9316, FDAug: 0.4657, Var: 0.0000, Ctx: 6, MixCtx: 3, Train: 77.40%, Valid: 73.39%, Test In: 74.73% Test OOD1: 67.18% Test OOD2: 54.71% Test OOD3: 64.05% 
Epoch: 193, Loss: 2.7915, Cls: 0.9304, Ind: 0.0000, Med: 0.4653, Spu: 0.0000, FD: 0.9305, FDAug: 0.4653, Var: 0.0000, Ctx: 6, MixCtx: 3, Train: 77.41%, Valid: 73.40%, Test In: 74.73% Test OOD1: 67.29% Test OOD2: 54.71% Test OOD3: 64.09% 
Epoch: 194, Loss: 2.7901, Cls: 0.9299, Ind: 0.0000, Med: 0.4650, Spu: 0.0000, FD: 0.9301, FDAug: 0.4650, Var: 0.0000, Ctx: 6, MixCtx: 3, Train: 77.42%, Valid: 73.40%, Test In: 74.73% Test OOD1: 67.34% Test OOD2: 54.73% Test OOD3: 64.12% 
Epoch: 195, Loss: 2.7898, Cls: 0.9299, Ind: 0.0000, Med: 0.4650, Spu: 0.0000, FD: 0.9300, FDAug: 0.4650, Var: 0.0000, Ctx: 6, MixCtx: 3, Train: 77.44%, Valid: 73.40%, Test In: 74.72% Test OOD1: 67.11% Test OOD2: 54.80% Test OOD3: 64.05% 
Epoch: 196, Loss: 2.7905, Cls: 0.9301, Ind: 0.0000, Med: 0.4651, Spu: 0.0000, FD: 0.9301, FDAug: 0.4652, Var: 0.0000, Ctx: 6, MixCtx: 3, Train: 77.44%, Valid: 73.40%, Test In: 74.72% Test OOD1: 67.44% Test OOD2: 54.77% Test OOD3: 64.17% 
Epoch: 197, Loss: 2.7928, Cls: 0.9309, Ind: 0.0000, Med: 0.4655, Spu: 0.0000, FD: 0.9310, FDAug: 0.4654, Var: 0.0000, Ctx: 6, MixCtx: 3, Train: 77.46%, Valid: 73.40%, Test In: 74.70% Test OOD1: 66.78% Test OOD2: 54.90% Test OOD3: 63.96% 
Epoch: 198, Loss: 2.7989, Cls: 0.9330, Ind: 0.0000, Med: 0.4666, Spu: 0.0000, FD: 0.9327, FDAug: 0.4666, Var: 0.0000, Ctx: 6, MixCtx: 3, Train: 77.46%, Valid: 73.41%, Test In: 74.70% Test OOD1: 67.61% Test OOD2: 54.78% Test OOD3: 64.22% 
Epoch: 199, Loss: 2.8126, Cls: 0.9374, Ind: 0.0000, Med: 0.4687, Spu: 0.0000, FD: 0.9379, FDAug: 0.4686, Var: 0.0000, Ctx: 6, MixCtx: 3, Train: 77.43%, Valid: 73.37%, Test In: 74.60% Test OOD1: 66.11% Test OOD2: 55.00% Test OOD3: 63.74% 
Epoch: 200, Loss: 2.8438, Cls: 0.9485, Ind: 0.0000, Med: 0.4746, Spu: 0.0000, FD: 0.9468, FDAug: 0.4739, Var: 0.0000, Ctx: 6, MixCtx: 3, Train: 77.43%, Valid: 73.40%, Test In: 74.66% Test OOD1: 67.91% Test OOD2: 54.71% Test OOD3: 64.32% 
Epoch: 201, Loss: 2.8796, Cls: 0.9597, Ind: 0.0000, Med: 0.4797, Spu: 0.0000, FD: 0.9607, FDAug: 0.4796, Var: 0.0000, Ctx: 6, MixCtx: 3, Train: 77.34%, Valid: 73.33%, Test In: 74.48% Test OOD1: 65.54% Test OOD2: 55.03% Test OOD3: 63.54% 
Epoch: 202, Loss: 2.9170, Cls: 0.9734, Ind: 0.0000, Med: 0.4874, Spu: 0.0000, FD: 0.9703, FDAug: 0.4859, Var: 0.0000, Ctx: 6, MixCtx: 3, Train: 77.47%, Valid: 73.43%, Test In: 74.67% Test OOD1: 67.81% Test OOD2: 54.72% Test OOD3: 64.29% 
Epoch: 203, Loss: 2.8426, Cls: 0.9471, Ind: 0.0000, Med: 0.4734, Spu: 0.0000, FD: 0.9484, FDAug: 0.4737, Var: 0.0000, Ctx: 6, MixCtx: 3, Train: 77.54%, Valid: 73.47%, Test In: 74.70% Test OOD1: 67.19% Test OOD2: 54.87% Test OOD3: 64.09% 
Epoch: 204, Loss: 2.7903, Cls: 0.9299, Ind: 0.0000, Med: 0.4649, Spu: 0.0000, FD: 0.9303, FDAug: 0.4651, Var: 0.0000, Ctx: 6, MixCtx: 3, Train: 77.54%, Valid: 73.45%, Test In: 74.69% Test OOD1: 66.72% Test OOD2: 54.95% Test OOD3: 63.97% 
Epoch: 205, Loss: 2.8230, Cls: 0.9410, Ind: 0.0000, Med: 0.4707, Spu: 0.0000, FD: 0.9406, FDAug: 0.4706, Var: 0.0000, Ctx: 6, MixCtx: 3, Train: 77.44%, Valid: 73.34%, Test In: 74.67% Test OOD1: 68.17% Test OOD2: 54.65% Test OOD3: 64.46% 
Epoch: 206, Loss: 2.8330, Cls: 0.9445, Ind: 0.0000, Med: 0.4724, Spu: 0.0000, FD: 0.9443, FDAug: 0.4718, Var: 0.0000, Ctx: 6, MixCtx: 3, Train: 77.55%, Valid: 73.42%, Test In: 74.76% Test OOD1: 67.50% Test OOD2: 54.84% Test OOD3: 64.24% 
Epoch: 207, Loss: 2.7947, Cls: 0.9311, Ind: 0.0000, Med: 0.4655, Spu: 0.0000, FD: 0.9319, FDAug: 0.4661, Var: 0.0000, Ctx: 6, MixCtx: 3, Train: 77.53%, Valid: 73.40%, Test In: 74.77% Test OOD1: 67.60% Test OOD2: 54.82% Test OOD3: 64.29% 
Epoch: 208, Loss: 2.7952, Cls: 0.9312, Ind: 0.0000, Med: 0.4655, Spu: 0.0000, FD: 0.9322, FDAug: 0.4663, Var: 0.0000, Ctx: 6, MixCtx: 3, Train: 77.38%, Valid: 73.28%, Test In: 74.66% Test OOD1: 68.35% Test OOD2: 54.58% Test OOD3: 64.53% 
Epoch: 209, Loss: 2.8218, Cls: 0.9413, Ind: 0.0000, Med: 0.4710, Spu: 0.0000, FD: 0.9399, FDAug: 0.4696, Var: 0.0000, Ctx: 6, MixCtx: 3, Train: 77.54%, Valid: 73.43%, Test In: 74.78% Test OOD1: 67.46% Test OOD2: 54.82% Test OOD3: 64.23% 
Epoch: 210, Loss: 2.8087, Cls: 0.9356, Ind: 0.0000, Med: 0.4676, Spu: 0.0000, FD: 0.9368, FDAug: 0.4687, Var: 0.0000, Ctx: 6, MixCtx: 3, Train: 77.52%, Valid: 73.40%, Test In: 74.76% Test OOD1: 67.84% Test OOD2: 54.74% Test OOD3: 64.36% 
Epoch: 211, Loss: 2.7858, Cls: 0.9284, Ind: 0.0000, Med: 0.4642, Spu: 0.0000, FD: 0.9288, FDAug: 0.4644, Var: 0.0000, Ctx: 6, MixCtx: 3, Train: 77.48%, Valid: 73.36%, Test In: 74.72% Test OOD1: 68.13% Test OOD2: 54.70% Test OOD3: 64.46% 
Epoch: 212, Loss: 2.8023, Cls: 0.9339, Ind: 0.0000, Med: 0.4669, Spu: 0.0000, FD: 0.9345, FDAug: 0.4670, Var: 0.0000, Ctx: 6, MixCtx: 3, Train: 77.59%, Valid: 73.44%, Test In: 74.77% Test OOD1: 67.14% Test OOD2: 54.96% Test OOD3: 64.16% 
Epoch: 213, Loss: 2.8072, Cls: 0.9360, Ind: 0.0000, Med: 0.4683, Spu: 0.0000, FD: 0.9351, FDAug: 0.4678, Var: 0.0000, Ctx: 6, MixCtx: 3, Train: 77.58%, Valid: 73.40%, Test In: 74.76% Test OOD1: 67.69% Test OOD2: 54.87% Test OOD3: 64.34% 
Epoch: 214, Loss: 2.7852, Cls: 0.9281, Ind: 0.0000, Med: 0.4640, Spu: 0.0000, FD: 0.9288, FDAug: 0.4643, Var: 0.0000, Ctx: 6, MixCtx: 3, Train: 77.59%, Valid: 73.39%, Test In: 74.75% Test OOD1: 67.70% Test OOD2: 54.89% Test OOD3: 64.35% 
Epoch: 215, Loss: 2.7895, Cls: 0.9294, Ind: 0.0000, Med: 0.4646, Spu: 0.0000, FD: 0.9305, FDAug: 0.4650, Var: 0.0000, Ctx: 6, MixCtx: 3, Train: 77.63%, Valid: 73.42%, Test In: 74.72% Test OOD1: 66.80% Test OOD2: 55.08% Test OOD3: 64.07% 
Epoch: 216, Loss: 2.8006, Cls: 0.9341, Ind: 0.0000, Med: 0.4674, Spu: 0.0000, FD: 0.9326, FDAug: 0.4665, Var: 0.0000, Ctx: 6, MixCtx: 3, Train: 77.63%, Valid: 73.42%, Test In: 74.75% Test OOD1: 67.47% Test OOD2: 54.98% Test OOD3: 64.28% 
Epoch: 217, Loss: 2.7865, Cls: 0.9286, Ind: 0.0000, Med: 0.4642, Spu: 0.0000, FD: 0.9292, FDAug: 0.4644, Var: 0.0000, Ctx: 6, MixCtx: 3, Train: 77.66%, Valid: 73.43%, Test In: 74.75% Test OOD1: 67.19% Test OOD2: 55.04% Test OOD3: 64.19% 
Epoch: 218, Loss: 2.7790, Cls: 0.9263, Ind: 0.0000, Med: 0.4632, Spu: 0.0000, FD: 0.9264, FDAug: 0.4631, Var: 0.0000, Ctx: 6, MixCtx: 3, Train: 77.66%, Valid: 73.43%, Test In: 74.71% Test OOD1: 66.64% Test OOD2: 55.13% Test OOD3: 64.02% 
Epoch: 219, Loss: 2.7896, Cls: 0.9297, Ind: 0.0000, Med: 0.4649, Spu: 0.0000, FD: 0.9298, FDAug: 0.4652, Var: 0.0000, Ctx: 6, MixCtx: 3, Train: 77.66%, Valid: 73.42%, Test In: 74.74% Test OOD1: 67.44% Test OOD2: 55.01% Test OOD3: 64.28% 
Epoch: 220, Loss: 2.7959, Cls: 0.9321, Ind: 0.0000, Med: 0.4662, Spu: 0.0000, FD: 0.9319, FDAug: 0.4657, Var: 0.0000, Ctx: 6, MixCtx: 3, Train: 77.68%, Valid: 73.42%, Test In: 74.69% Test OOD1: 66.52% Test OOD2: 55.16% Test OOD3: 63.99% 
Epoch: 221, Loss: 2.7903, Cls: 0.9298, Ind: 0.0000, Med: 0.4649, Spu: 0.0000, FD: 0.9302, FDAug: 0.4653, Var: 0.0000, Ctx: 6, MixCtx: 3, Train: 77.71%, Valid: 73.41%, Test In: 74.73% Test OOD1: 67.14% Test OOD2: 55.08% Test OOD3: 64.20% 
Epoch: 222, Loss: 2.7791, Cls: 0.9264, Ind: 0.0000, Med: 0.4633, Spu: 0.0000, FD: 0.9264, FDAug: 0.4631, Var: 0.0000, Ctx: 6, MixCtx: 3, Train: 77.73%, Valid: 73.40%, Test In: 74.71% Test OOD1: 66.93% Test OOD2: 55.13% Test OOD3: 64.14% 
Epoch: 223, Loss: 2.7748, Cls: 0.9249, Ind: 0.0000, Med: 0.4625, Spu: 0.0000, FD: 0.9249, FDAug: 0.4625, Var: 0.0000, Ctx: 6, MixCtx: 3, Train: 77.74%, Valid: 73.40%, Test In: 74.68% Test OOD1: 66.61% Test OOD2: 55.17% Test OOD3: 64.04% 
Epoch: 224, Loss: 2.7784, Cls: 0.9261, Ind: 0.0000, Med: 0.4632, Spu: 0.0000, FD: 0.9259, FDAug: 0.4631, Var: 0.0000, Ctx: 6, MixCtx: 3, Train: 77.75%, Valid: 73.39%, Test In: 74.72% Test OOD1: 67.21% Test OOD2: 55.07% Test OOD3: 64.23% 
Epoch: 225, Loss: 2.7847, Cls: 0.9281, Ind: 0.0000, Med: 0.4640, Spu: 0.0000, FD: 0.9286, FDAug: 0.4641, Var: 0.0000, Ctx: 6, MixCtx: 3, Train: 77.76%, Valid: 73.39%, Test In: 74.64% Test OOD1: 66.35% Test OOD2: 55.19% Test OOD3: 63.95% 
Epoch: 226, Loss: 2.7878, Cls: 0.9295, Ind: 0.0000, Med: 0.4650, Spu: 0.0000, FD: 0.9287, FDAug: 0.4646, Var: 0.0000, Ctx: 6, MixCtx: 3, Train: 77.80%, Valid: 73.41%, Test In: 74.71% Test OOD1: 67.22% Test OOD2: 55.06% Test OOD3: 64.23% 
Epoch: 227, Loss: 2.7819, Cls: 0.9270, Ind: 0.0000, Med: 0.4634, Spu: 0.0000, FD: 0.9277, FDAug: 0.4637, Var: 0.0000, Ctx: 6, MixCtx: 3, Train: 77.82%, Valid: 73.41%, Test In: 74.67% Test OOD1: 66.68% Test OOD2: 55.15% Test OOD3: 64.06% 
Epoch: 228, Loss: 2.7746, Cls: 0.9250, Ind: 0.0000, Med: 0.4626, Spu: 0.0000, FD: 0.9246, FDAug: 0.4624, Var: 0.0000, Ctx: 6, MixCtx: 3, Train: 77.84%, Valid: 73.41%, Test In: 74.68% Test OOD1: 67.01% Test OOD2: 55.10% Test OOD3: 64.16% 
Epoch: 229, Loss: 2.7706, Cls: 0.9235, Ind: 0.0000, Med: 0.4618, Spu: 0.0000, FD: 0.9236, FDAug: 0.4618, Var: 0.0000, Ctx: 6, MixCtx: 3, Train: 77.86%, Valid: 73.42%, Test In: 74.68% Test OOD1: 67.14% Test OOD2: 55.08% Test OOD3: 64.20% 
Epoch: 230, Loss: 2.7712, Cls: 0.9237, Ind: 0.0000, Med: 0.4618, Spu: 0.0000, FD: 0.9238, FDAug: 0.4619, Var: 0.0000, Ctx: 6, MixCtx: 3, Train: 77.87%, Valid: 73.42%, Test In: 74.65% Test OOD1: 66.74% Test OOD2: 55.15% Test OOD3: 64.08% 
Epoch: 231, Loss: 2.7745, Cls: 0.9248, Ind: 0.0000, Med: 0.4624, Spu: 0.0000, FD: 0.9248, FDAug: 0.4625, Var: 0.0000, Ctx: 6, MixCtx: 3, Train: 77.88%, Valid: 73.42%, Test In: 74.68% Test OOD1: 67.30% Test OOD2: 55.05% Test OOD3: 64.27% 
Epoch: 232, Loss: 2.7768, Cls: 0.9257, Ind: 0.0000, Med: 0.4629, Spu: 0.0000, FD: 0.9256, FDAug: 0.4626, Var: 0.0000, Ctx: 6, MixCtx: 3, Train: 77.90%, Valid: 73.41%, Test In: 74.64% Test OOD1: 66.59% Test OOD2: 55.18% Test OOD3: 64.05% 
Epoch: 233, Loss: 2.7765, Cls: 0.9253, Ind: 0.0000, Med: 0.4627, Spu: 0.0000, FD: 0.9255, FDAug: 0.4629, Var: 0.0000, Ctx: 6, MixCtx: 3, Train: 77.92%, Valid: 73.41%, Test In: 74.68% Test OOD1: 67.18% Test OOD2: 55.09% Test OOD3: 64.25% 
Epoch: 234, Loss: 2.7730, Cls: 0.9244, Ind: 0.0000, Med: 0.4623, Spu: 0.0000, FD: 0.9243, FDAug: 0.4620, Var: 0.0000, Ctx: 6, MixCtx: 3, Train: 77.95%, Valid: 73.40%, Test In: 74.64% Test OOD1: 66.66% Test OOD2: 55.19% Test OOD3: 64.09% 
Epoch: 235, Loss: 2.7691, Cls: 0.9230, Ind: 0.0000, Med: 0.4615, Spu: 0.0000, FD: 0.9230, FDAug: 0.4616, Var: 0.0000, Ctx: 6, MixCtx: 3, Train: 77.96%, Valid: 73.40%, Test In: 74.67% Test OOD1: 66.94% Test OOD2: 55.16% Test OOD3: 64.18% 
Epoch: 236, Loss: 2.7660, Cls: 0.9220, Ind: 0.0000, Med: 0.4610, Spu: 0.0000, FD: 0.9220, FDAug: 0.4610, Var: 0.0000, Ctx: 6, MixCtx: 3, Train: 77.98%, Valid: 73.40%, Test In: 74.66% Test OOD1: 66.81% Test OOD2: 55.20% Test OOD3: 64.15% 
Epoch: 237, Loss: 2.7643, Cls: 0.9214, Ind: 0.0000, Med: 0.4608, Spu: 0.0000, FD: 0.9214, FDAug: 0.4607, Var: 0.0000, Ctx: 6, MixCtx: 3, Train: 78.00%, Valid: 73.41%, Test In: 74.65% Test OOD1: 66.73% Test OOD2: 55.22% Test OOD3: 64.12% 
Epoch: 238, Loss: 2.7640, Cls: 0.9213, Ind: 0.0000, Med: 0.4607, Spu: 0.0000, FD: 0.9212, FDAug: 0.4607, Var: 0.0000, Ctx: 6, MixCtx: 3, Train: 78.01%, Valid: 73.41%, Test In: 74.66% Test OOD1: 66.97% Test OOD2: 55.19% Test OOD3: 64.20% 
Epoch: 239, Loss: 2.7649, Cls: 0.9216, Ind: 0.0000, Med: 0.4608, Spu: 0.0000, FD: 0.9217, FDAug: 0.4608, Var: 0.0000, Ctx: 6, MixCtx: 3, Train: 78.03%, Valid: 73.39%, Test In: 74.61% Test OOD1: 66.50% Test OOD2: 55.27% Test OOD3: 64.06% 
Epoch: 240, Loss: 2.7680, Cls: 0.9228, Ind: 0.0000, Med: 0.4615, Spu: 0.0000, FD: 0.9224, FDAug: 0.4613, Var: 0.0000, Ctx: 6, MixCtx: 3, Train: 78.03%, Valid: 73.40%, Test In: 74.67% Test OOD1: 67.17% Test OOD2: 55.17% Test OOD3: 64.28% 
Epoch: 241, Loss: 2.7755, Cls: 0.9250, Ind: 0.0000, Med: 0.4625, Spu: 0.0000, FD: 0.9255, FDAug: 0.4625, Var: 0.0000, Ctx: 6, MixCtx: 3, Train: 78.03%, Valid: 73.35%, Test In: 74.53% Test OOD1: 66.06% Test OOD2: 55.34% Test OOD3: 63.93% 
Epoch: 242, Loss: 2.7928, Cls: 0.9313, Ind: 0.0000, Med: 0.4659, Spu: 0.0000, FD: 0.9302, FDAug: 0.4654, Var: 0.0000, Ctx: 6, MixCtx: 3, Train: 78.02%, Valid: 73.40%, Test In: 74.66% Test OOD1: 67.45% Test OOD2: 55.11% Test OOD3: 64.38% 
Epoch: 243, Loss: 2.8198, Cls: 0.9397, Ind: 0.0000, Med: 0.4697, Spu: 0.0000, FD: 0.9404, FDAug: 0.4699, Var: 0.0000, Ctx: 6, MixCtx: 3, Train: 77.99%, Valid: 73.27%, Test In: 74.40% Test OOD1: 65.45% Test OOD2: 55.38% Test OOD3: 63.72% 
Epoch: 244, Loss: 2.8596, Cls: 0.9536, Ind: 0.0000, Med: 0.4772, Spu: 0.0000, FD: 0.9521, FDAug: 0.4766, Var: 0.0000, Ctx: 6, MixCtx: 3, Train: 78.03%, Valid: 73.40%, Test In: 74.64% Test OOD1: 67.63% Test OOD2: 55.04% Test OOD3: 64.44% 
Epoch: 245, Loss: 2.8504, Cls: 0.9501, Ind: 0.0000, Med: 0.4751, Spu: 0.0000, FD: 0.9504, FDAug: 0.4748, Var: 0.0000, Ctx: 6, MixCtx: 3, Train: 78.10%, Valid: 73.38%, Test In: 74.52% Test OOD1: 66.07% Test OOD2: 55.33% Test OOD3: 63.94% 
Epoch: 246, Loss: 2.8007, Cls: 0.9337, Ind: 0.0000, Med: 0.4670, Spu: 0.0000, FD: 0.9331, FDAug: 0.4669, Var: 0.0000, Ctx: 6, MixCtx: 3, Train: 78.14%, Valid: 73.44%, Test In: 74.65% Test OOD1: 66.99% Test OOD2: 55.19% Test OOD3: 64.25% 
Epoch: 247, Loss: 2.7622, Cls: 0.9205, Ind: 0.0000, Med: 0.4602, Spu: 0.0000, FD: 0.9211, FDAug: 0.4604, Var: 0.0000, Ctx: 6, MixCtx: 3, Train: 78.04%, Valid: 73.40%, Test In: 74.65% Test OOD1: 67.72% Test OOD2: 55.01% Test OOD3: 64.50% 
Epoch: 248, Loss: 2.7935, Cls: 0.9314, Ind: 0.0000, Med: 0.4658, Spu: 0.0000, FD: 0.9311, FDAug: 0.4651, Var: 0.0000, Ctx: 6, MixCtx: 3, Train: 78.15%, Valid: 73.45%, Test In: 74.62% Test OOD1: 66.58% Test OOD2: 55.26% Test OOD3: 64.15% 
Epoch: 249, Loss: 2.8098, Cls: 0.9360, Ind: 0.0000, Med: 0.4679, Spu: 0.0000, FD: 0.9370, FDAug: 0.4689, Var: 0.0000, Ctx: 6, MixCtx: 3, Train: 78.05%, Valid: 73.42%, Test In: 74.68% Test OOD1: 67.73% Test OOD2: 55.03% Test OOD3: 64.51% 
Epoch: 250, Loss: 2.7700, Cls: 0.9235, Ind: 0.0000, Med: 0.4619, Spu: 0.0000, FD: 0.9232, FDAug: 0.4614, Var: 0.0000, Ctx: 6, MixCtx: 3, Train: 78.06%, Valid: 73.45%, Test In: 74.70% Test OOD1: 67.69% Test OOD2: 55.02% Test OOD3: 64.50% 
Epoch: 251, Loss: 2.7665, Cls: 0.9223, Ind: 0.0000, Med: 0.4612, Spu: 0.0000, FD: 0.9221, FDAug: 0.4609, Var: 0.0000, Ctx: 6, MixCtx: 3, Train: 78.16%, Valid: 73.49%, Test In: 74.67% Test OOD1: 66.80% Test OOD2: 55.20% Test OOD3: 64.24% 
Epoch: 252, Loss: 2.7954, Cls: 0.9312, Ind: 0.0000, Med: 0.4654, Spu: 0.0000, FD: 0.9323, FDAug: 0.4665, Var: 0.0000, Ctx: 6, MixCtx: 3, Train: 78.07%, Valid: 73.41%, Test In: 74.68% Test OOD1: 67.80% Test OOD2: 54.99% Test OOD3: 64.56% 
Epoch: 253, Loss: 2.7827, Cls: 0.9277, Ind: 0.0000, Med: 0.4640, Spu: 0.0000, FD: 0.9275, FDAug: 0.4635, Var: 0.0000, Ctx: 6, MixCtx: 3, Train: 78.20%, Valid: 73.46%, Test In: 74.71% Test OOD1: 67.14% Test OOD2: 55.16% Test OOD3: 64.36% 
Epoch: 254, Loss: 2.7573, Cls: 0.9190, Ind: 0.0000, Med: 0.4595, Spu: 0.0000, FD: 0.9192, FDAug: 0.4596, Var: 0.0000, Ctx: 6, MixCtx: 3, Train: 78.24%, Valid: 73.44%, Test In: 74.67% Test OOD1: 66.69% Test OOD2: 55.26% Test OOD3: 64.23% 
Epoch: 255, Loss: 2.7667, Cls: 0.9223, Ind: 0.0000, Med: 0.4613, Spu: 0.0000, FD: 0.9219, FDAug: 0.4611, Var: 0.0000, Ctx: 6, MixCtx: 3, Train: 78.20%, Valid: 73.41%, Test In: 74.69% Test OOD1: 67.39% Test OOD2: 55.12% Test OOD3: 64.44% 
Epoch: 256, Loss: 2.7770, Cls: 0.9253, Ind: 0.0000, Med: 0.4625, Spu: 0.0000, FD: 0.9263, FDAug: 0.4628, Var: 0.0000, Ctx: 6, MixCtx: 3, Train: 78.27%, Valid: 73.40%, Test In: 74.63% Test OOD1: 66.36% Test OOD2: 55.32% Test OOD3: 64.11% 
Epoch: 257, Loss: 2.7627, Cls: 0.9213, Ind: 0.0000, Med: 0.4609, Spu: 0.0000, FD: 0.9203, FDAug: 0.4602, Var: 0.0000, Ctx: 6, MixCtx: 3, Train: 78.29%, Valid: 73.41%, Test In: 74.67% Test OOD1: 66.65% Test OOD2: 55.29% Test OOD3: 64.20% 
Epoch: 258, Loss: 2.7505, Cls: 0.9168, Ind: 0.0000, Med: 0.4585, Spu: 0.0000, FD: 0.9168, FDAug: 0.4583, Var: 0.0000, Ctx: 6, MixCtx: 3, Train: 78.28%, Valid: 73.40%, Test In: 74.68% Test OOD1: 66.94% Test OOD2: 55.25% Test OOD3: 64.30% 
Epoch: 259, Loss: 2.7586, Cls: 0.9193, Ind: 0.0000, Med: 0.4596, Spu: 0.0000, FD: 0.9200, FDAug: 0.4598, Var: 0.0000, Ctx: 6, MixCtx: 3, Train: 78.29%, Valid: 73.35%, Test In: 74.54% Test OOD1: 66.03% Test OOD2: 55.38% Test OOD3: 63.99% 
Epoch: 260, Loss: 2.7743, Cls: 0.9251, Ind: 0.0000, Med: 0.4628, Spu: 0.0000, FD: 0.9241, FDAug: 0.4623, Var: 0.0000, Ctx: 6, MixCtx: 3, Train: 78.30%, Valid: 73.40%, Test In: 74.67% Test OOD1: 67.10% Test OOD2: 55.20% Test OOD3: 64.34% 
Epoch: 261, Loss: 2.7789, Cls: 0.9258, Ind: 0.0000, Med: 0.4627, Spu: 0.0000, FD: 0.9270, FDAug: 0.4633, Var: 0.0000, Ctx: 6, MixCtx: 3, Train: 78.32%, Valid: 73.33%, Test In: 74.52% Test OOD1: 65.83% Test OOD2: 55.37% Test OOD3: 63.93% 
Epoch: 262, Loss: 2.7736, Cls: 0.9246, Ind: 0.0000, Med: 0.4625, Spu: 0.0000, FD: 0.9241, FDAug: 0.4623, Var: 0.0000, Ctx: 6, MixCtx: 3, Train: 78.36%, Valid: 73.39%, Test In: 74.67% Test OOD1: 66.76% Test OOD2: 55.23% Test OOD3: 64.24% 
Epoch: 263, Loss: 2.7586, Cls: 0.9194, Ind: 0.0000, Med: 0.4597, Spu: 0.0000, FD: 0.9197, FDAug: 0.4597, Var: 0.0000, Ctx: 6, MixCtx: 3, Train: 78.39%, Valid: 73.37%, Test In: 74.59% Test OOD1: 66.24% Test OOD2: 55.31% Test OOD3: 64.05% 
Epoch: 264, Loss: 2.7468, Cls: 0.9156, Ind: 0.0000, Med: 0.4579, Spu: 0.0000, FD: 0.9155, FDAug: 0.4578, Var: 0.0000, Ctx: 6, MixCtx: 3, Train: 78.42%, Valid: 73.38%, Test In: 74.59% Test OOD1: 66.31% Test OOD2: 55.29% Test OOD3: 64.07% 
Epoch: 265, Loss: 2.7452, Cls: 0.9150, Ind: 0.0000, Med: 0.4576, Spu: 0.0000, FD: 0.9150, FDAug: 0.4576, Var: 0.0000, Ctx: 6, MixCtx: 3, Train: 78.43%, Valid: 73.43%, Test In: 74.63% Test OOD1: 66.81% Test OOD2: 55.21% Test OOD3: 64.23% 
Epoch: 266, Loss: 2.7518, Cls: 0.9173, Ind: 0.0000, Med: 0.4587, Spu: 0.0000, FD: 0.9173, FDAug: 0.4585, Var: 0.0000, Ctx: 6, MixCtx: 3, Train: 78.46%, Valid: 73.39%, Test In: 74.49% Test OOD1: 66.05% Test OOD2: 55.29% Test OOD3: 63.97% 
Epoch: 267, Loss: 2.7586, Cls: 0.9193, Ind: 0.0000, Med: 0.4597, Spu: 0.0000, FD: 0.9196, FDAug: 0.4600, Var: 0.0000, Ctx: 6, MixCtx: 3, Train: 78.44%, Valid: 73.41%, Test In: 74.59% Test OOD1: 66.95% Test OOD2: 55.19% Test OOD3: 64.28% 
Epoch: 268, Loss: 2.7577, Cls: 0.9193, Ind: 0.0000, Med: 0.4597, Spu: 0.0000, FD: 0.9192, FDAug: 0.4595, Var: 0.0000, Ctx: 6, MixCtx: 3, Train: 78.52%, Valid: 73.35%, Test In: 74.46% Test OOD1: 66.08% Test OOD2: 55.31% Test OOD3: 63.99% 
Epoch: 269, Loss: 2.7506, Cls: 0.9167, Ind: 0.0000, Med: 0.4584, Spu: 0.0000, FD: 0.9168, FDAug: 0.4586, Var: 0.0000, Ctx: 6, MixCtx: 3, Train: 78.54%, Valid: 73.40%, Test In: 74.57% Test OOD1: 66.52% Test OOD2: 55.22% Test OOD3: 64.15% 
Epoch: 270, Loss: 2.7421, Cls: 0.9141, Ind: 0.0000, Med: 0.4571, Spu: 0.0000, FD: 0.9140, FDAug: 0.4569, Var: 0.0000, Ctx: 6, MixCtx: 3, Train: 78.57%, Valid: 73.40%, Test In: 74.54% Test OOD1: 66.31% Test OOD2: 55.23% Test OOD3: 64.07% 
Epoch: 271, Loss: 2.7384, Cls: 0.9128, Ind: 0.0000, Med: 0.4565, Spu: 0.0000, FD: 0.9127, FDAug: 0.4563, Var: 0.0000, Ctx: 6, MixCtx: 3, Train: 78.59%, Valid: 73.38%, Test In: 74.51% Test OOD1: 66.16% Test OOD2: 55.27% Test OOD3: 64.04% 
Epoch: 272, Loss: 2.7397, Cls: 0.9133, Ind: 0.0000, Med: 0.4567, Spu: 0.0000, FD: 0.9131, FDAug: 0.4566, Var: 0.0000, Ctx: 6, MixCtx: 3, Train: 78.58%, Valid: 73.37%, Test In: 74.56% Test OOD1: 66.75% Test OOD2: 55.21% Test OOD3: 64.26% 
Epoch: 273, Loss: 2.7438, Cls: 0.9146, Ind: 0.0000, Med: 0.4573, Spu: 0.0000, FD: 0.9147, FDAug: 0.4573, Var: 0.0000, Ctx: 6, MixCtx: 3, Train: 78.63%, Valid: 73.35%, Test In: 74.46% Test OOD1: 66.04% Test OOD2: 55.31% Test OOD3: 64.01% 
Epoch: 274, Loss: 2.7492, Cls: 0.9165, Ind: 0.0000, Med: 0.4584, Spu: 0.0000, FD: 0.9160, FDAug: 0.4582, Var: 0.0000, Ctx: 6, MixCtx: 3, Train: 78.61%, Valid: 73.42%, Test In: 74.57% Test OOD1: 66.83% Test OOD2: 55.18% Test OOD3: 64.28% 
Epoch: 275, Loss: 2.7533, Cls: 0.9175, Ind: 0.0000, Med: 0.4587, Spu: 0.0000, FD: 0.9182, FDAug: 0.4589, Var: 0.0000, Ctx: 6, MixCtx: 3, Train: 78.66%, Valid: 73.34%, Test In: 74.41% Test OOD1: 65.71% Test OOD2: 55.32% Test OOD3: 63.90% 
Epoch: 276, Loss: 2.7577, Cls: 0.9196, Ind: 0.0000, Med: 0.4601, Spu: 0.0000, FD: 0.9185, FDAug: 0.4595, Var: 0.0000, Ctx: 6, MixCtx: 3, Train: 78.65%, Valid: 73.36%, Test In: 74.53% Test OOD1: 66.78% Test OOD2: 55.22% Test OOD3: 64.29% 
Epoch: 277, Loss: 2.7603, Cls: 0.9197, Ind: 0.0000, Med: 0.4597, Spu: 0.0000, FD: 0.9208, FDAug: 0.4601, Var: 0.0000, Ctx: 6, MixCtx: 3, Train: 78.69%, Valid: 73.25%, Test In: 74.34% Test OOD1: 65.53% Test OOD2: 55.40% Test OOD3: 63.87% 
Epoch: 278, Loss: 2.7621, Cls: 0.9213, Ind: 0.0000, Med: 0.4611, Spu: 0.0000, FD: 0.9196, FDAug: 0.4600, Var: 0.0000, Ctx: 6, MixCtx: 3, Train: 78.71%, Valid: 73.40%, Test In: 74.56% Test OOD1: 66.68% Test OOD2: 55.21% Test OOD3: 64.25% 
Epoch: 279, Loss: 2.7556, Cls: 0.9182, Ind: 0.0000, Med: 0.4590, Spu: 0.0000, FD: 0.9191, FDAug: 0.4593, Var: 0.0000, Ctx: 6, MixCtx: 3, Train: 78.76%, Valid: 73.37%, Test In: 74.43% Test OOD1: 65.72% Test OOD2: 55.30% Test OOD3: 63.92% 
Epoch: 280, Loss: 2.7466, Cls: 0.9157, Ind: 0.0000, Med: 0.4580, Spu: 0.0000, FD: 0.9151, FDAug: 0.4578, Var: 0.0000, Ctx: 6, MixCtx: 3, Train: 78.76%, Valid: 73.42%, Test In: 74.54% Test OOD1: 66.62% Test OOD2: 55.23% Test OOD3: 64.25% 
Epoch: 281, Loss: 2.7354, Cls: 0.9118, Ind: 0.0000, Med: 0.4559, Spu: 0.0000, FD: 0.9119, FDAug: 0.4558, Var: 0.0000, Ctx: 6, MixCtx: 3, Train: 78.81%, Valid: 73.37%, Test In: 74.46% Test OOD1: 66.22% Test OOD2: 55.31% Test OOD3: 64.13% 
Epoch: 282, Loss: 2.7282, Cls: 0.9093, Ind: 0.0000, Med: 0.4547, Spu: 0.0000, FD: 0.9094, FDAug: 0.4547, Var: 0.0000, Ctx: 6, MixCtx: 3, Train: 78.84%, Valid: 73.38%, Test In: 74.47% Test OOD1: 66.27% Test OOD2: 55.28% Test OOD3: 64.15% 
Epoch: 283, Loss: 2.7245, Cls: 0.9081, Ind: 0.0000, Med: 0.4541, Spu: 0.0000, FD: 0.9082, FDAug: 0.4541, Var: 0.0000, Ctx: 6, MixCtx: 3, Train: 78.86%, Valid: 73.41%, Test In: 74.52% Test OOD1: 66.32% Test OOD2: 55.24% Test OOD3: 64.15% 
Epoch: 284, Loss: 2.7257, Cls: 0.9087, Ind: 0.0000, Med: 0.4545, Spu: 0.0000, FD: 0.9084, FDAug: 0.4541, Var: 0.0000, Ctx: 6, MixCtx: 3, Train: 78.89%, Valid: 73.33%, Test In: 74.43% Test OOD1: 65.76% Test OOD2: 55.31% Test OOD3: 63.96% 
Epoch: 285, Loss: 2.7298, Cls: 0.9097, Ind: 0.0000, Med: 0.4548, Spu: 0.0000, FD: 0.9101, FDAug: 0.4552, Var: 0.0000, Ctx: 6, MixCtx: 3, Train: 78.88%, Valid: 73.34%, Test In: 74.51% Test OOD1: 66.48% Test OOD2: 55.25% Test OOD3: 64.23% 
Epoch: 286, Loss: 2.7370, Cls: 0.9127, Ind: 0.0000, Med: 0.4566, Spu: 0.0000, FD: 0.9119, FDAug: 0.4557, Var: 0.0000, Ctx: 6, MixCtx: 3, Train: 78.92%, Valid: 73.23%, Test In: 74.32% Test OOD1: 65.36% Test OOD2: 55.39% Test OOD3: 63.84% 
Epoch: 287, Loss: 2.7546, Cls: 0.9179, Ind: 0.0000, Med: 0.4590, Spu: 0.0000, FD: 0.9182, FDAug: 0.4595, Var: 0.0000, Ctx: 6, MixCtx: 3, Train: 78.86%, Valid: 73.39%, Test In: 74.51% Test OOD1: 66.82% Test OOD2: 55.18% Test OOD3: 64.32% 
Epoch: 288, Loss: 2.7930, Cls: 0.9310, Ind: 0.0000, Med: 0.4655, Spu: 0.0000, FD: 0.9311, FDAug: 0.4653, Var: 0.0000, Ctx: 6, MixCtx: 3, Train: 78.81%, Valid: 73.06%, Test In: 74.10% Test OOD1: 64.34% Test OOD2: 55.32% Test OOD3: 63.47% 
Epoch: 289, Loss: 2.8733, Cls: 0.9585, Ind: 0.0000, Med: 0.4798, Spu: 0.0000, FD: 0.9561, FDAug: 0.4789, Var: 0.0000, Ctx: 6, MixCtx: 3, Train: 78.83%, Valid: 73.36%, Test In: 74.43% Test OOD1: 67.13% Test OOD2: 55.06% Test OOD3: 64.39% 
Epoch: 290, Loss: 2.9019, Cls: 0.9661, Ind: 0.0000, Med: 0.4824, Spu: 0.0000, FD: 0.9694, FDAug: 0.4840, Var: 0.0000, Ctx: 6, MixCtx: 3, Train: 78.93%, Valid: 73.16%, Test In: 74.17% Test OOD1: 64.85% Test OOD2: 55.31% Test OOD3: 63.65% 
Epoch: 291, Loss: 2.8028, Cls: 0.9358, Ind: 0.0000, Med: 0.4688, Spu: 0.0000, FD: 0.9319, FDAug: 0.4663, Var: 0.0000, Ctx: 6, MixCtx: 3, Train: 79.04%, Valid: 73.39%, Test In: 74.41% Test OOD1: 66.03% Test OOD2: 55.22% Test OOD3: 64.06% 
Epoch: 292, Loss: 2.7316, Cls: 0.9105, Ind: 0.0000, Med: 0.4553, Spu: 0.0000, FD: 0.9107, FDAug: 0.4550, Var: 0.0000, Ctx: 6, MixCtx: 3, Train: 78.69%, Valid: 73.35%, Test In: 74.47% Test OOD1: 67.48% Test OOD2: 55.00% Test OOD3: 64.57% 
Epoch: 293, Loss: 2.8219, Cls: 0.9399, Ind: 0.0000, Med: 0.4696, Spu: 0.0000, FD: 0.9419, FDAug: 0.4705, Var: 0.0000, Ctx: 6, MixCtx: 3, Train: 78.99%, Valid: 73.42%, Test In: 74.48% Test OOD1: 66.04% Test OOD2: 55.21% Test OOD3: 64.11% 
Epoch: 294, Loss: 2.7848, Cls: 0.9281, Ind: 0.0000, Med: 0.4641, Spu: 0.0000, FD: 0.9282, FDAug: 0.4644, Var: 0.0000, Ctx: 6, MixCtx: 3, Train: 78.90%, Valid: 73.42%, Test In: 74.51% Test OOD1: 66.88% Test OOD2: 55.13% Test OOD3: 64.40% 
Epoch: 295, Loss: 2.7316, Cls: 0.9100, Ind: 0.0000, Med: 0.4548, Spu: 0.0000, FD: 0.9113, FDAug: 0.4554, Var: 0.0000, Ctx: 6, MixCtx: 3, Train: 78.48%, Valid: 73.22%, Test In: 74.34% Test OOD1: 67.79% Test OOD2: 54.92% Test OOD3: 64.71% 
Epoch: 296, Loss: 2.8030, Cls: 0.9357, Ind: 0.0000, Med: 0.4687, Spu: 0.0000, FD: 0.9325, FDAug: 0.4661, Var: 0.0000, Ctx: 6, MixCtx: 3, Train: 79.01%, Valid: 73.41%, Test In: 74.51% Test OOD1: 66.46% Test OOD2: 55.18% Test OOD3: 64.31% 
Epoch: 297, Loss: 2.7574, Cls: 0.9179, Ind: 0.0000, Med: 0.4584, Spu: 0.0000, FD: 0.9207, FDAug: 0.4603, Var: 0.0000, Ctx: 6, MixCtx: 3, Train: 79.02%, Valid: 73.42%, Test In: 74.54% Test OOD1: 66.49% Test OOD2: 55.16% Test OOD3: 64.32% 
Epoch: 298, Loss: 2.7356, Cls: 0.9111, Ind: 0.0000, Med: 0.4552, Spu: 0.0000, FD: 0.9130, FDAug: 0.4563, Var: 0.0000, Ctx: 6, MixCtx: 3, Train: 78.86%, Valid: 73.33%, Test In: 74.49% Test OOD1: 67.29% Test OOD2: 55.01% Test OOD3: 64.59% 
Epoch: 299, Loss: 2.7820, Cls: 0.9285, Ind: 0.0000, Med: 0.4649, Spu: 0.0000, FD: 0.9260, FDAug: 0.4626, Var: 0.0000, Ctx: 6, MixCtx: 3, Train: 79.05%, Valid: 73.33%, Test In: 74.53% Test OOD1: 66.20% Test OOD2: 55.21% Test OOD3: 64.26% 
Epoch: 300, Loss: 2.7297, Cls: 0.9096, Ind: 0.0000, Med: 0.4547, Spu: 0.0000, FD: 0.9104, FDAug: 0.4551, Var: 0.0000, Ctx: 6, MixCtx: 3, Train: 79.08%, Valid: 73.29%, Test In: 74.49% Test OOD1: 66.03% Test OOD2: 55.26% Test OOD3: 64.20% 
Epoch: 301, Loss: 2.7353, Cls: 0.9117, Ind: 0.0000, Med: 0.4559, Spu: 0.0000, FD: 0.9117, FDAug: 0.4559, Var: 0.0000, Ctx: 6, MixCtx: 3, Train: 78.92%, Valid: 73.28%, Test In: 74.45% Test OOD1: 67.10% Test OOD2: 55.10% Test OOD3: 64.56% 
Epoch: 302, Loss: 2.7651, Cls: 0.9211, Ind: 0.0000, Med: 0.4603, Spu: 0.0000, FD: 0.9224, FDAug: 0.4612, Var: 0.0000, Ctx: 6, MixCtx: 3, Train: 79.14%, Valid: 73.29%, Test In: 74.46% Test OOD1: 65.86% Test OOD2: 55.25% Test OOD3: 64.11% 
Epoch: 303, Loss: 2.7255, Cls: 0.9091, Ind: 0.0000, Med: 0.4549, Spu: 0.0000, FD: 0.9076, FDAug: 0.4539, Var: 0.0000, Ctx: 6, MixCtx: 3, Train: 79.18%, Valid: 73.27%, Test In: 74.43% Test OOD1: 65.79% Test OOD2: 55.22% Test OOD3: 64.07% 
Epoch: 304, Loss: 2.7118, Cls: 0.9044, Ind: 0.0000, Med: 0.4525, Spu: 0.0000, FD: 0.9032, FDAug: 0.4517, Var: 0.0000, Ctx: 6, MixCtx: 3, Train: 79.15%, Valid: 73.26%, Test In: 74.43% Test OOD1: 66.38% Test OOD2: 55.14% Test OOD3: 64.27% 
Epoch: 305, Loss: 2.7444, Cls: 0.9135, Ind: 0.0000, Med: 0.4562, Spu: 0.0000, FD: 0.9167, FDAug: 0.4581, Var: 0.0000, Ctx: 6, MixCtx: 3, Train: 79.17%, Valid: 73.02%, Test In: 74.23% Test OOD1: 64.69% Test OOD2: 55.24% Test OOD3: 63.63% 
Epoch: 306, Loss: 2.7414, Cls: 0.9150, Ind: 0.0000, Med: 0.4582, Spu: 0.0000, FD: 0.9119, FDAug: 0.4563, Var: 0.0000, Ctx: 6, MixCtx: 3, Train: 79.25%, Valid: 73.19%, Test In: 74.35% Test OOD1: 65.55% Test OOD2: 55.20% Test OOD3: 63.92% 
Epoch: 307, Loss: 2.7081, Cls: 0.9024, Ind: 0.0000, Med: 0.4512, Spu: 0.0000, FD: 0.9031, FDAug: 0.4514, Var: 0.0000, Ctx: 6, MixCtx: 3, Train: 79.26%, Valid: 73.19%, Test In: 74.34% Test OOD1: 65.65% Test OOD2: 55.18% Test OOD3: 63.93% 
Epoch: 308, Loss: 2.7091, Cls: 0.9028, Ind: 0.0000, Med: 0.4513, Spu: 0.0000, FD: 0.9034, FDAug: 0.4516, Var: 0.0000, Ctx: 6, MixCtx: 3, Train: 79.27%, Valid: 73.02%, Test In: 74.16% Test OOD1: 64.69% Test OOD2: 55.17% Test OOD3: 63.54% 
Epoch: 309, Loss: 2.7333, Cls: 0.9111, Ind: 0.0000, Med: 0.4557, Spu: 0.0000, FD: 0.9108, FDAug: 0.4557, Var: 0.0000, Ctx: 6, MixCtx: 3, Train: 79.24%, Valid: 73.25%, Test In: 74.34% Test OOD1: 65.99% Test OOD2: 55.09% Test OOD3: 64.01% 
Epoch: 310, Loss: 2.7330, Cls: 0.9111, Ind: 0.0000, Med: 0.4557, Spu: 0.0000, FD: 0.9109, FDAug: 0.4553, Var: 0.0000, Ctx: 6, MixCtx: 3, Train: 79.33%, Valid: 73.05%, Test In: 74.11% Test OOD1: 64.80% Test OOD2: 55.11% Test OOD3: 63.55% 
Epoch: 311, Loss: 2.7104, Cls: 0.9032, Ind: 0.0000, Med: 0.4516, Spu: 0.0000, FD: 0.9037, FDAug: 0.4519, Var: 0.0000, Ctx: 6, MixCtx: 3, Train: 79.37%, Valid: 73.10%, Test In: 74.15% Test OOD1: 65.12% Test OOD2: 55.09% Test OOD3: 63.68% 
Epoch: 312, Loss: 2.6975, Cls: 0.8992, Ind: 0.0000, Med: 0.4498, Spu: 0.0000, FD: 0.8990, FDAug: 0.4495, Var: 0.0000, Ctx: 6, MixCtx: 3, Train: 79.40%, Valid: 73.15%, Test In: 74.22% Test OOD1: 65.57% Test OOD2: 55.05% Test OOD3: 63.87% 
Epoch: 313, Loss: 2.7065, Cls: 0.9026, Ind: 0.0000, Med: 0.4516, Spu: 0.0000, FD: 0.9016, FDAug: 0.4507, Var: 0.0000, Ctx: 6, MixCtx: 3, Train: 79.44%, Valid: 73.03%, Test In: 74.10% Test OOD1: 64.76% Test OOD2: 55.07% Test OOD3: 63.56% 
Epoch: 314, Loss: 2.7170, Cls: 0.9051, Ind: 0.0000, Med: 0.4524, Spu: 0.0000, FD: 0.9062, FDAug: 0.4534, Var: 0.0000, Ctx: 6, MixCtx: 3, Train: 79.40%, Valid: 73.23%, Test In: 74.27% Test OOD1: 65.92% Test OOD2: 54.98% Test OOD3: 64.01% 
Epoch: 315, Loss: 2.7115, Cls: 0.9040, Ind: 0.0000, Med: 0.4522, Spu: 0.0000, FD: 0.9035, FDAug: 0.4517, Var: 0.0000, Ctx: 6, MixCtx: 3, Train: 79.51%, Valid: 73.13%, Test In: 74.13% Test OOD1: 65.15% Test OOD2: 55.03% Test OOD3: 63.72% 
Epoch: 316, Loss: 2.6964, Cls: 0.8988, Ind: 0.0000, Med: 0.4494, Spu: 0.0000, FD: 0.8987, FDAug: 0.4495, Var: 0.0000, Ctx: 6, MixCtx: 3, Train: 79.53%, Valid: 73.14%, Test In: 74.15% Test OOD1: 65.30% Test OOD2: 55.01% Test OOD3: 63.79% 
Epoch: 317, Loss: 2.6890, Cls: 0.8964, Ind: 0.0000, Med: 0.4483, Spu: 0.0000, FD: 0.8963, FDAug: 0.4481, Var: 0.0000, Ctx: 6, MixCtx: 3, Train: 79.55%, Valid: 73.18%, Test In: 74.21% Test OOD1: 65.57% Test OOD2: 54.98% Test OOD3: 63.90% 
Epoch: 318, Loss: 2.6942, Cls: 0.8979, Ind: 0.0000, Med: 0.4489, Spu: 0.0000, FD: 0.8983, FDAug: 0.4490, Var: 0.0000, Ctx: 6, MixCtx: 3, Train: 79.59%, Valid: 73.08%, Test In: 74.15% Test OOD1: 64.95% Test OOD2: 55.02% Test OOD3: 63.67% 
Epoch: 319, Loss: 2.7004, Cls: 0.9006, Ind: 0.0000, Med: 0.4506, Spu: 0.0000, FD: 0.8994, FDAug: 0.4498, Var: 0.0000, Ctx: 6, MixCtx: 3, Train: 79.57%, Valid: 73.22%, Test In: 74.23% Test OOD1: 65.87% Test OOD2: 54.97% Test OOD3: 63.99% 
Epoch: 320, Loss: 2.6967, Cls: 0.8986, Ind: 0.0000, Med: 0.4492, Spu: 0.0000, FD: 0.8994, FDAug: 0.4495, Var: 0.0000, Ctx: 6, MixCtx: 3, Train: 79.66%, Valid: 73.18%, Test In: 74.16% Test OOD1: 65.22% Test OOD2: 55.01% Test OOD3: 63.73% 
Epoch: 321, Loss: 2.6881, Cls: 0.8963, Ind: 0.0000, Med: 0.4484, Spu: 0.0000, FD: 0.8956, FDAug: 0.4479, Var: 0.0000, Ctx: 6, MixCtx: 3, Train: 79.69%, Valid: 73.23%, Test In: 74.19% Test OOD1: 65.41% Test OOD2: 54.97% Test OOD3: 63.79% 
Epoch: 322, Loss: 2.6810, Cls: 0.8936, Ind: 0.0000, Med: 0.4468, Spu: 0.0000, FD: 0.8937, FDAug: 0.4468, Var: 0.0000, Ctx: 6, MixCtx: 3, Train: 79.72%, Valid: 73.16%, Test In: 74.17% Test OOD1: 65.36% Test OOD2: 55.00% Test OOD3: 63.78% 
Epoch: 323, Loss: 2.6797, Cls: 0.8932, Ind: 0.0000, Med: 0.4466, Spu: 0.0000, FD: 0.8933, FDAug: 0.4466, Var: 0.0000, Ctx: 6, MixCtx: 3, Train: 79.75%, Valid: 73.08%, Test In: 74.11% Test OOD1: 64.88% Test OOD2: 55.02% Test OOD3: 63.59% 
Epoch: 324, Loss: 2.6838, Cls: 0.8946, Ind: 0.0000, Med: 0.4474, Spu: 0.0000, FD: 0.8944, FDAug: 0.4474, Var: 0.0000, Ctx: 6, MixCtx: 3, Train: 79.75%, Valid: 73.24%, Test In: 74.19% Test OOD1: 65.41% Test OOD2: 54.93% Test OOD3: 63.77% 
Epoch: 325, Loss: 2.6916, Cls: 0.8973, Ind: 0.0000, Med: 0.4487, Spu: 0.0000, FD: 0.8972, FDAug: 0.4484, Var: 0.0000, Ctx: 6, MixCtx: 3, Train: 79.79%, Valid: 72.98%, Test In: 73.93% Test OOD1: 64.34% Test OOD2: 55.00% Test OOD3: 63.35% 
Epoch: 326, Loss: 2.7050, Cls: 0.9015, Ind: 0.0000, Med: 0.4508, Spu: 0.0000, FD: 0.9015, FDAug: 0.4511, Var: 0.0000, Ctx: 6, MixCtx: 3, Train: 79.77%, Valid: 73.23%, Test In: 74.10% Test OOD1: 65.51% Test OOD2: 54.89% Test OOD3: 63.79% 
Epoch: 327, Loss: 2.7259, Cls: 0.9090, Ind: 0.0000, Med: 0.4547, Spu: 0.0000, FD: 0.9084, FDAug: 0.4538, Var: 0.0000, Ctx: 6, MixCtx: 3, Train: 79.76%, Valid: 72.73%, Test In: 73.75% Test OOD1: 63.51% Test OOD2: 54.94% Test OOD3: 63.04% 
Epoch: 328, Loss: 2.7624, Cls: 0.9210, Ind: 0.0000, Med: 0.4607, Spu: 0.0000, FD: 0.9200, FDAug: 0.4606, Var: 0.0000, Ctx: 6, MixCtx: 3, Train: 79.80%, Valid: 73.24%, Test In: 74.11% Test OOD1: 65.63% Test OOD2: 54.81% Test OOD3: 63.84% 
Epoch: 329, Loss: 2.7831, Cls: 0.9277, Ind: 0.0000, Med: 0.4638, Spu: 0.0000, FD: 0.9280, FDAug: 0.4636, Var: 0.0000, Ctx: 6, MixCtx: 3, Train: 79.84%, Valid: 72.77%, Test In: 73.72% Test OOD1: 63.81% Test OOD2: 54.93% Test OOD3: 63.11% 
Epoch: 330, Loss: 2.7648, Cls: 0.9224, Ind: 0.0000, Med: 0.4618, Spu: 0.0000, FD: 0.9200, FDAug: 0.4606, Var: 0.0000, Ctx: 6, MixCtx: 3, Train: 79.89%, Valid: 73.28%, Test In: 74.11% Test OOD1: 65.60% Test OOD2: 54.81% Test OOD3: 63.78% 
Epoch: 331, Loss: 2.6928, Cls: 0.8972, Ind: 0.0000, Med: 0.4484, Spu: 0.0000, FD: 0.8984, FDAug: 0.4488, Var: 0.0000, Ctx: 6, MixCtx: 3, Train: 79.90%, Valid: 73.31%, Test In: 74.17% Test OOD1: 65.61% Test OOD2: 54.79% Test OOD3: 63.79% 
Epoch: 332, Loss: 2.6759, Cls: 0.8917, Ind: 0.0000, Med: 0.4457, Spu: 0.0000, FD: 0.8925, FDAug: 0.4460, Var: 0.0000, Ctx: 6, MixCtx: 3, Train: 79.99%, Valid: 73.13%, Test In: 74.07% Test OOD1: 64.92% Test OOD2: 54.90% Test OOD3: 63.58% 
Epoch: 333, Loss: 2.7181, Cls: 0.9061, Ind: 0.0000, Med: 0.4532, Spu: 0.0000, FD: 0.9057, FDAug: 0.4531, Var: 0.0000, Ctx: 6, MixCtx: 3, Train: 79.73%, Valid: 73.19%, Test In: 74.08% Test OOD1: 66.27% Test OOD2: 54.80% Test OOD3: 64.11% 
Epoch: 334, Loss: 2.7198, Cls: 0.9068, Ind: 0.0000, Med: 0.4536, Spu: 0.0000, FD: 0.9063, FDAug: 0.4530, Var: 0.0000, Ctx: 6, MixCtx: 3, Train: 80.01%, Valid: 73.12%, Test In: 74.11% Test OOD1: 64.91% Test OOD2: 54.82% Test OOD3: 63.63% 
Epoch: 335, Loss: 2.6838, Cls: 0.8942, Ind: 0.0000, Med: 0.4469, Spu: 0.0000, FD: 0.8951, FDAug: 0.4476, Var: 0.0000, Ctx: 6, MixCtx: 3, Train: 80.02%, Valid: 73.13%, Test In: 74.09% Test OOD1: 65.06% Test OOD2: 54.81% Test OOD3: 63.69% 
Epoch: 336, Loss: 2.6704, Cls: 0.8899, Ind: 0.0000, Med: 0.4449, Spu: 0.0000, FD: 0.8904, FDAug: 0.4451, Var: 0.0000, Ctx: 6, MixCtx: 3, Train: 79.96%, Valid: 73.15%, Test In: 74.05% Test OOD1: 65.90% Test OOD2: 54.84% Test OOD3: 64.00% 
Epoch: 337, Loss: 2.6944, Cls: 0.8990, Ind: 0.0000, Med: 0.4500, Spu: 0.0000, FD: 0.8971, FDAug: 0.4484, Var: 0.0000, Ctx: 6, MixCtx: 3, Train: 80.11%, Valid: 73.00%, Test In: 74.01% Test OOD1: 64.78% Test OOD2: 54.94% Test OOD3: 63.59% 
Epoch: 338, Loss: 2.7101, Cls: 0.9025, Ind: 0.0000, Med: 0.4509, Spu: 0.0000, FD: 0.9042, FDAug: 0.4525, Var: 0.0000, Ctx: 6, MixCtx: 3, Train: 79.94%, Valid: 73.23%, Test In: 74.14% Test OOD1: 65.76% Test OOD2: 54.77% Test OOD3: 63.94% 
Epoch: 339, Loss: 2.6970, Cls: 0.8995, Ind: 0.0000, Med: 0.4500, Spu: 0.0000, FD: 0.8984, FDAug: 0.4491, Var: 0.0000, Ctx: 6, MixCtx: 3, Train: 80.16%, Valid: 72.92%, Test In: 73.89% Test OOD1: 64.33% Test OOD2: 54.92% Test OOD3: 63.38% 
Epoch: 340, Loss: 2.6721, Cls: 0.8908, Ind: 0.0000, Med: 0.4455, Spu: 0.0000, FD: 0.8903, FDAug: 0.4454, Var: 0.0000, Ctx: 6, MixCtx: 3, Train: 80.17%, Valid: 72.91%, Test In: 73.82% Test OOD1: 64.54% Test OOD2: 54.93% Test OOD3: 63.42% 
Epoch: 341, Loss: 2.6605, Cls: 0.8868, Ind: 0.0000, Med: 0.4435, Spu: 0.0000, FD: 0.8870, FDAug: 0.4432, Var: 0.0000, Ctx: 6, MixCtx: 3, Train: 80.24%, Valid: 73.05%, Test In: 73.97% Test OOD1: 64.76% Test OOD2: 54.89% Test OOD3: 63.48% 
Epoch: 342, Loss: 2.6561, Cls: 0.8851, Ind: 0.0000, Med: 0.4425, Spu: 0.0000, FD: 0.8858, FDAug: 0.4427, Var: 0.0000, Ctx: 6, MixCtx: 3, Train: 80.22%, Valid: 72.99%, Test In: 73.98% Test OOD1: 64.40% Test OOD2: 54.88% Test OOD3: 63.32% 
Epoch: 343, Loss: 2.6711, Cls: 0.8909, Ind: 0.0000, Med: 0.4459, Spu: 0.0000, FD: 0.8892, FDAug: 0.4450, Var: 0.0000, Ctx: 6, MixCtx: 3, Train: 80.10%, Valid: 73.10%, Test In: 73.95% Test OOD1: 65.36% Test OOD2: 54.88% Test OOD3: 63.66% 
Epoch: 344, Loss: 2.6840, Cls: 0.8937, Ind: 0.0000, Med: 0.4464, Spu: 0.0000, FD: 0.8960, FDAug: 0.4478, Var: 0.0000, Ctx: 6, MixCtx: 3, Train: 80.14%, Valid: 72.52%, Test In: 73.51% Test OOD1: 63.30% Test OOD2: 54.78% Test OOD3: 62.84% 
Epoch: 345, Loss: 2.7051, Cls: 0.9030, Ind: 0.0000, Med: 0.4523, Spu: 0.0000, FD: 0.8996, FDAug: 0.4502, Var: 0.0000, Ctx: 6, MixCtx: 3, Train: 80.19%, Valid: 72.92%, Test In: 73.76% Test OOD1: 64.36% Test OOD2: 54.57% Test OOD3: 63.27% 
Epoch: 346, Loss: 2.7253, Cls: 0.9078, Ind: 0.0000, Med: 0.4536, Spu: 0.0000, FD: 0.9096, FDAug: 0.4543, Var: 0.0000, Ctx: 6, MixCtx: 3, Train: 80.35%, Valid: 72.74%, Test In: 73.63% Test OOD1: 64.15% Test OOD2: 54.82% Test OOD3: 63.14% 
Epoch: 347, Loss: 2.6842, Cls: 0.8953, Ind: 0.0000, Med: 0.4480, Spu: 0.0000, FD: 0.8937, FDAug: 0.4472, Var: 0.0000, Ctx: 6, MixCtx: 3, Train: 80.03%, Valid: 73.12%, Test In: 73.93% Test OOD1: 65.72% Test OOD2: 54.69% Test OOD3: 63.77% 
Epoch: 348, Loss: 2.6825, Cls: 0.8939, Ind: 0.0000, Med: 0.4469, Spu: 0.0000, FD: 0.8944, FDAug: 0.4473, Var: 0.0000, Ctx: 6, MixCtx: 3, Train: 80.44%, Valid: 72.93%, Test In: 73.91% Test OOD1: 64.36% Test OOD2: 54.68% Test OOD3: 63.25% 
Epoch: 349, Loss: 2.6620, Cls: 0.8872, Ind: 0.0000, Med: 0.4436, Spu: 0.0000, FD: 0.8873, FDAug: 0.4439, Var: 0.0000, Ctx: 6, MixCtx: 3, Train: 80.42%, Valid: 72.89%, Test In: 73.81% Test OOD1: 64.65% Test OOD2: 54.65% Test OOD3: 63.39% 
Epoch: 350, Loss: 2.6614, Cls: 0.8876, Ind: 0.0000, Med: 0.4441, Spu: 0.0000, FD: 0.8868, FDAug: 0.4430, Var: 0.0000, Ctx: 6, MixCtx: 3, Train: 80.45%, Valid: 72.79%, Test In: 73.71% Test OOD1: 64.51% Test OOD2: 54.75% Test OOD3: 63.29% 
Epoch: 351, Loss: 2.6467, Cls: 0.8823, Ind: 0.0000, Med: 0.4412, Spu: 0.0000, FD: 0.8822, FDAug: 0.4409, Var: 0.0000, Ctx: 6, MixCtx: 3, Train: 80.53%, Valid: 73.07%, Test In: 73.97% Test OOD1: 64.91% Test OOD2: 54.67% Test OOD3: 63.44% 
Epoch: 352, Loss: 2.6392, Cls: 0.8794, Ind: 0.0000, Med: 0.4397, Spu: 0.0000, FD: 0.8800, FDAug: 0.4401, Var: 0.0000, Ctx: 6, MixCtx: 3, Train: 80.27%, Valid: 73.17%, Test In: 74.04% Test OOD1: 65.50% Test OOD2: 54.60% Test OOD3: 63.68% 
Epoch: 353, Loss: 2.6594, Cls: 0.8868, Ind: 0.0000, Med: 0.4436, Spu: 0.0000, FD: 0.8860, FDAug: 0.4430, Var: 0.0000, Ctx: 6, MixCtx: 3, Train: 80.60%, Valid: 72.81%, Test In: 73.76% Test OOD1: 64.22% Test OOD2: 54.76% Test OOD3: 63.17% 
Epoch: 354, Loss: 2.6710, Cls: 0.8897, Ind: 0.0000, Med: 0.4446, Spu: 0.0000, FD: 0.8908, FDAug: 0.4458, Var: 0.0000, Ctx: 6, MixCtx: 3, Train: 80.56%, Valid: 72.92%, Test In: 73.74% Test OOD1: 64.83% Test OOD2: 54.64% Test OOD3: 63.42% 
Epoch: 355, Loss: 2.6921, Cls: 0.8979, Ind: 0.0000, Med: 0.4492, Spu: 0.0000, FD: 0.8968, FDAug: 0.4481, Var: 0.0000, Ctx: 6, MixCtx: 3, Train: 80.62%, Valid: 72.66%, Test In: 73.66% Test OOD1: 63.79% Test OOD2: 54.74% Test OOD3: 62.97% 
Epoch: 356, Loss: 2.6663, Cls: 0.8890, Ind: 0.0000, Med: 0.4447, Spu: 0.0000, FD: 0.8883, FDAug: 0.4444, Var: 0.0000, Ctx: 6, MixCtx: 3, Train: 80.58%, Valid: 73.06%, Test In: 73.94% Test OOD1: 65.00% Test OOD2: 54.65% Test OOD3: 63.46% 
Epoch: 357, Loss: 2.6418, Cls: 0.8804, Ind: 0.0000, Med: 0.4401, Spu: 0.0000, FD: 0.8809, FDAug: 0.4404, Var: 0.0000, Ctx: 6, MixCtx: 3, Train: 80.71%, Valid: 72.95%, Test In: 73.86% Test OOD1: 64.60% Test OOD2: 54.73% Test OOD3: 63.28% 
Epoch: 358, Loss: 2.6278, Cls: 0.8761, Ind: 0.0000, Med: 0.4382, Spu: 0.0000, FD: 0.8757, FDAug: 0.4379, Var: 0.0000, Ctx: 6, MixCtx: 3, Train: 80.80%, Valid: 72.83%, Test In: 73.74% Test OOD1: 64.27% Test OOD2: 54.74% Test OOD3: 63.12% 
Epoch: 359, Loss: 2.6231, Cls: 0.8746, Ind: 0.0000, Med: 0.4375, Spu: 0.0000, FD: 0.8740, FDAug: 0.4370, Var: 0.0000, Ctx: 6, MixCtx: 3, Train: 80.81%, Valid: 72.88%, Test In: 73.74% Test OOD1: 64.27% Test OOD2: 54.64% Test OOD3: 63.13% 
Epoch: 360, Loss: 2.6311, Cls: 0.8768, Ind: 0.0000, Med: 0.4383, Spu: 0.0000, FD: 0.8775, FDAug: 0.4385, Var: 0.0000, Ctx: 6, MixCtx: 3, Train: 80.85%, Valid: 72.71%, Test In: 73.66% Test OOD1: 63.82% Test OOD2: 54.70% Test OOD3: 62.90% 
Epoch: 361, Loss: 2.6397, Cls: 0.8805, Ind: 0.0000, Med: 0.4407, Spu: 0.0000, FD: 0.8788, FDAug: 0.4396, Var: 0.0000, Ctx: 6, MixCtx: 3, Train: 80.74%, Valid: 73.00%, Test In: 73.82% Test OOD1: 65.01% Test OOD2: 54.62% Test OOD3: 63.39% 
Epoch: 362, Loss: 2.6651, Cls: 0.8879, Ind: 0.0000, Med: 0.4438, Spu: 0.0000, FD: 0.8891, FDAug: 0.4444, Var: 0.0000, Ctx: 6, MixCtx: 3, Train: 80.81%, Valid: 72.40%, Test In: 73.42% Test OOD1: 63.32% Test OOD2: 54.70% Test OOD3: 62.62% 
Epoch: 363, Loss: 2.7298, Cls: 0.9101, Ind: 0.0000, Med: 0.4554, Spu: 0.0000, FD: 0.9088, FDAug: 0.4554, Var: 0.0000, Ctx: 6, MixCtx: 3, Train: 80.65%, Valid: 73.11%, Test In: 73.77% Test OOD1: 64.89% Test OOD2: 54.26% Test OOD3: 63.30% 
Epoch: 364, Loss: 2.8516, Cls: 0.9503, Ind: 0.0000, Med: 0.4751, Spu: 0.0000, FD: 0.9507, FDAug: 0.4754, Var: 0.0000, Ctx: 6, MixCtx: 3, Train: 80.69%, Valid: 72.18%, Test In: 73.14% Test OOD1: 62.81% Test OOD2: 54.51% Test OOD3: 62.25% 
Epoch: 365, Loss: 2.8563, Cls: 0.9532, Ind: 0.0000, Med: 0.4774, Spu: 0.0000, FD: 0.9497, FDAug: 0.4761, Var: 0.0000, Ctx: 6, MixCtx: 3, Train: 80.73%, Valid: 72.92%, Test In: 73.55% Test OOD1: 65.02% Test OOD2: 54.58% Test OOD3: 63.29% 
Epoch: 366, Loss: 2.6692, Cls: 0.8891, Ind: 0.0000, Med: 0.4442, Spu: 0.0000, FD: 0.8910, FDAug: 0.4449, Var: 0.0000, Ctx: 6, MixCtx: 3, Train: 80.75%, Valid: 72.99%, Test In: 73.77% Test OOD1: 65.14% Test OOD2: 54.50% Test OOD3: 63.40% 
Epoch: 367, Loss: 2.6732, Cls: 0.8903, Ind: 0.0000, Med: 0.4447, Spu: 0.0000, FD: 0.8926, FDAug: 0.4456, Var: 0.0000, Ctx: 6, MixCtx: 3, Train: 80.90%, Valid: 72.61%, Test In: 73.68% Test OOD1: 63.68% Test OOD2: 54.57% Test OOD3: 62.81% 
Epoch: 368, Loss: 2.7527, Cls: 0.9179, Ind: 0.0000, Med: 0.4592, Spu: 0.0000, FD: 0.9171, FDAug: 0.4586, Var: 0.0000, Ctx: 6, MixCtx: 3, Train: 80.77%, Valid: 72.94%, Test In: 73.78% Test OOD1: 65.54% Test OOD2: 54.57% Test OOD3: 63.61% 
Epoch: 369, Loss: 2.6361, Cls: 0.8782, Ind: 0.0000, Med: 0.4388, Spu: 0.0000, FD: 0.8798, FDAug: 0.4394, Var: 0.0000, Ctx: 6, MixCtx: 3, Train: 80.32%, Valid: 72.94%, Test In: 73.64% Test OOD1: 66.23% Test OOD2: 54.45% Test OOD3: 63.90% 
Epoch: 370, Loss: 2.7038, Cls: 0.9026, Ind: 0.0000, Med: 0.4521, Spu: 0.0000, FD: 0.8997, FDAug: 0.4495, Var: 0.0000, Ctx: 6, MixCtx: 3, Train: 80.90%, Valid: 72.86%, Test In: 73.88% Test OOD1: 64.64% Test OOD2: 54.52% Test OOD3: 63.31% 
Epoch: 371, Loss: 2.6953, Cls: 0.8965, Ind: 0.0000, Med: 0.4474, Spu: 0.0000, FD: 0.9009, FDAug: 0.4505, Var: 0.0000, Ctx: 6, MixCtx: 3, Train: 80.84%, Valid: 72.87%, Test In: 73.91% Test OOD1: 64.91% Test OOD2: 54.46% Test OOD3: 63.46% 
Epoch: 372, Loss: 2.6396, Cls: 0.8792, Ind: 0.0000, Med: 0.4394, Spu: 0.0000, FD: 0.8809, FDAug: 0.4401, Var: 0.0000, Ctx: 6, MixCtx: 3, Train: 80.67%, Valid: 72.91%, Test In: 73.84% Test OOD1: 66.00% Test OOD2: 54.44% Test OOD3: 63.90% 
Epoch: 373, Loss: 2.7039, Cls: 0.9039, Ind: 0.0000, Med: 0.4535, Spu: 0.0000, FD: 0.8977, FDAug: 0.4488, Var: 0.0000, Ctx: 6, MixCtx: 3, Train: 80.94%, Valid: 72.80%, Test In: 73.86% Test OOD1: 65.17% Test OOD2: 54.76% Test OOD3: 63.55% 
Epoch: 374, Loss: 2.6467, Cls: 0.8811, Ind: 0.0000, Med: 0.4401, Spu: 0.0000, FD: 0.8835, FDAug: 0.4419, Var: 0.0000, Ctx: 6, MixCtx: 3, Train: 80.96%, Valid: 72.89%, Test In: 73.92% Test OOD1: 65.02% Test OOD2: 54.61% Test OOD3: 63.44% 
Epoch: 375, Loss: 2.6238, Cls: 0.8741, Ind: 0.0000, Med: 0.4369, Spu: 0.0000, FD: 0.8751, FDAug: 0.4377, Var: 0.0000, Ctx: 6, MixCtx: 3, Train: 80.89%, Valid: 72.91%, Test In: 73.83% Test OOD1: 65.19% Test OOD2: 54.48% Test OOD3: 63.42% 
Epoch: 376, Loss: 2.6663, Cls: 0.8885, Ind: 0.0000, Med: 0.4442, Spu: 0.0000, FD: 0.8890, FDAug: 0.4446, Var: 0.0000, Ctx: 6, MixCtx: 3, Train: 80.97%, Valid: 72.14%, Test In: 73.21% Test OOD1: 63.04% Test OOD2: 54.58% Test OOD3: 62.36% 
Epoch: 377, Loss: 2.6582, Cls: 0.8872, Ind: 0.0000, Med: 0.4443, Spu: 0.0000, FD: 0.8845, FDAug: 0.4422, Var: 0.0000, Ctx: 6, MixCtx: 3, Train: 81.04%, Valid: 72.27%, Test In: 73.19% Test OOD1: 63.16% Test OOD2: 54.54% Test OOD3: 62.38% 
Epoch: 378, Loss: 2.6204, Cls: 0.8737, Ind: 0.0000, Med: 0.4371, Spu: 0.0000, FD: 0.8732, FDAug: 0.4363, Var: 0.0000, Ctx: 6, MixCtx: 3, Train: 81.13%, Valid: 72.69%, Test In: 73.59% Test OOD1: 64.32% Test OOD2: 54.61% Test OOD3: 62.86% 
Epoch: 379, Loss: 2.6419, Cls: 0.8787, Ind: 0.0000, Med: 0.4387, Spu: 0.0000, FD: 0.8830, FDAug: 0.4415, Var: 0.0000, Ctx: 6, MixCtx: 3, Train: 81.21%, Valid: 72.36%, Test In: 73.49% Test OOD1: 63.51% Test OOD2: 54.69% Test OOD3: 62.45% 
Epoch: 380, Loss: 2.6730, Cls: 0.8928, Ind: 0.0000, Med: 0.4476, Spu: 0.0000, FD: 0.8881, FDAug: 0.4445, Var: 0.0000, Ctx: 6, MixCtx: 3, Train: 81.12%, Valid: 72.68%, Test In: 73.64% Test OOD1: 64.48% Test OOD2: 54.60% Test OOD3: 62.94% 
Epoch: 381, Loss: 2.6264, Cls: 0.8741, Ind: 0.0000, Med: 0.4365, Spu: 0.0000, FD: 0.8771, FDAug: 0.4386, Var: 0.0000, Ctx: 6, MixCtx: 3, Train: 81.23%, Valid: 72.24%, Test In: 73.23% Test OOD1: 63.35% Test OOD2: 54.54% Test OOD3: 62.45% 
Epoch: 382, Loss: 2.6009, Cls: 0.8674, Ind: 0.0000, Med: 0.4340, Spu: 0.0000, FD: 0.8664, FDAug: 0.4330, Var: 0.0000, Ctx: 6, MixCtx: 3, Train: 81.14%, Valid: 72.11%, Test In: 73.15% Test OOD1: 63.22% Test OOD2: 54.53% Test OOD3: 62.38% 
Epoch: 383, Loss: 2.6155, Cls: 0.8725, Ind: 0.0000, Med: 0.4367, Spu: 0.0000, FD: 0.8710, FDAug: 0.4354, Var: 0.0000, Ctx: 6, MixCtx: 3, Train: 81.35%, Valid: 72.67%, Test In: 73.61% Test OOD1: 64.47% Test OOD2: 54.47% Test OOD3: 62.96% 
Epoch: 384, Loss: 2.6139, Cls: 0.8714, Ind: 0.0000, Med: 0.4358, Spu: 0.0000, FD: 0.8710, FDAug: 0.4357, Var: 0.0000, Ctx: 6, MixCtx: 3, Train: 81.42%, Valid: 72.48%, Test In: 73.57% Test OOD1: 64.30% Test OOD2: 54.71% Test OOD3: 62.88% 
Epoch: 385, Loss: 2.6124, Cls: 0.8697, Ind: 0.0000, Med: 0.4345, Spu: 0.0000, FD: 0.8719, FDAug: 0.4363, Var: 0.0000, Ctx: 6, MixCtx: 3, Train: 81.46%, Valid: 72.43%, Test In: 73.52% Test OOD1: 64.17% Test OOD2: 54.65% Test OOD3: 62.83% 
Epoch: 386, Loss: 2.5855, Cls: 0.8620, Ind: 0.0000, Med: 0.4313, Spu: 0.0000, FD: 0.8615, FDAug: 0.4308, Var: 0.0000, Ctx: 6, MixCtx: 3, Train: 81.55%, Valid: 72.19%, Test In: 73.23% Test OOD1: 63.45% Test OOD2: 54.54% Test OOD3: 62.47% 
Epoch: 387, Loss: 2.5871, Cls: 0.8630, Ind: 0.0000, Med: 0.4320, Spu: 0.0000, FD: 0.8615, FDAug: 0.4306, Var: 0.0000, Ctx: 6, MixCtx: 3, Train: 81.59%, Valid: 72.09%, Test In: 73.08% Test OOD1: 63.37% Test OOD2: 54.55% Test OOD3: 62.35% 
Epoch: 388, Loss: 2.5922, Cls: 0.8638, Ind: 0.0000, Med: 0.4319, Spu: 0.0000, FD: 0.8644, FDAug: 0.4320, Var: 0.0000, Ctx: 6, MixCtx: 3, Train: 81.54%, Valid: 72.54%, Test In: 73.40% Test OOD1: 64.18% Test OOD2: 54.53% Test OOD3: 62.71% 
Epoch: 389, Loss: 2.5871, Cls: 0.8629, Ind: 0.0000, Med: 0.4318, Spu: 0.0000, FD: 0.8616, FDAug: 0.4308, Var: 0.0000, Ctx: 6, MixCtx: 3, Train: 81.72%, Valid: 72.29%, Test In: 73.33% Test OOD1: 63.83% Test OOD2: 54.64% Test OOD3: 62.56% 
Epoch: 390, Loss: 2.5766, Cls: 0.8587, Ind: 0.0000, Med: 0.4293, Spu: 0.0000, FD: 0.8591, FDAug: 0.4295, Var: 0.0000, Ctx: 6, MixCtx: 3, Train: 81.79%, Valid: 72.18%, Test In: 73.26% Test OOD1: 63.56% Test OOD2: 54.61% Test OOD3: 62.43% 
Epoch: 391, Loss: 2.5674, Cls: 0.8561, Ind: 0.0000, Med: 0.4282, Spu: 0.0000, FD: 0.8555, FDAug: 0.4277, Var: 0.0000, Ctx: 6, MixCtx: 3, Train: 81.84%, Valid: 72.22%, Test In: 73.28% Test OOD1: 63.52% Test OOD2: 54.52% Test OOD3: 62.39% 
Epoch: 392, Loss: 2.5690, Cls: 0.8566, Ind: 0.0000, Med: 0.4285, Spu: 0.0000, FD: 0.8560, FDAug: 0.4279, Var: 0.0000, Ctx: 6, MixCtx: 3, Train: 81.88%, Valid: 72.25%, Test In: 73.29% Test OOD1: 63.79% Test OOD2: 54.63% Test OOD3: 62.49% 
Epoch: 393, Loss: 2.5752, Cls: 0.8586, Ind: 0.0000, Med: 0.4295, Spu: 0.0000, FD: 0.8579, FDAug: 0.4291, Var: 0.0000, Ctx: 6, MixCtx: 3, Train: 81.77%, Valid: 72.47%, Test In: 73.46% Test OOD1: 63.96% Test OOD2: 54.41% Test OOD3: 62.57% 
Epoch: 394, Loss: 2.5931, Cls: 0.8635, Ind: 0.0000, Med: 0.4315, Spu: 0.0000, FD: 0.8653, FDAug: 0.4328, Var: 0.0000, Ctx: 6, MixCtx: 3, Train: 81.81%, Valid: 71.79%, Test In: 73.01% Test OOD1: 62.98% Test OOD2: 54.58% Test OOD3: 61.99% 
Epoch: 395, Loss: 2.6286, Cls: 0.8776, Ind: 0.0000, Med: 0.4397, Spu: 0.0000, FD: 0.8740, FDAug: 0.4374, Var: 0.0000, Ctx: 6, MixCtx: 3, Train: 81.77%, Valid: 72.33%, Test In: 73.26% Test OOD1: 63.42% Test OOD2: 54.19% Test OOD3: 62.22% 
Epoch: 396, Loss: 2.7042, Cls: 0.8990, Ind: 0.0000, Med: 0.4485, Spu: 0.0000, FD: 0.9044, FDAug: 0.4523, Var: 0.0000, Ctx: 6, MixCtx: 3, Train: 81.74%, Valid: 71.83%, Test In: 72.92% Test OOD1: 63.16% Test OOD2: 54.58% Test OOD3: 61.98% 
Epoch: 397, Loss: 2.7437, Cls: 0.9172, Ind: 0.0000, Med: 0.4602, Spu: 0.0000, FD: 0.9102, FDAug: 0.4561, Var: 0.0000, Ctx: 6, MixCtx: 3, Train: 81.38%, Valid: 72.53%, Test In: 73.36% Test OOD1: 64.24% Test OOD2: 54.22% Test OOD3: 62.59% 
Epoch: 398, Loss: 2.6945, Cls: 0.8957, Ind: 0.0000, Med: 0.4468, Spu: 0.0000, FD: 0.9014, FDAug: 0.4506, Var: 0.0000, Ctx: 6, MixCtx: 3, Train: 81.78%, Valid: 71.93%, Test In: 73.03% Test OOD1: 62.39% Test OOD2: 54.08% Test OOD3: 61.70% 
Epoch: 399, Loss: 2.6092, Cls: 0.8702, Ind: 0.0000, Med: 0.4355, Spu: 0.0000, FD: 0.8693, FDAug: 0.4342, Var: 0.0000, Ctx: 6, MixCtx: 3, Train: 81.92%, Valid: 71.99%, Test In: 73.06% Test OOD1: 63.56% Test OOD2: 54.43% Test OOD3: 62.29% 
Epoch: 400, Loss: 2.6203, Cls: 0.8740, Ind: 0.0000, Med: 0.4374, Spu: 0.0000, FD: 0.8727, FDAug: 0.4362, Var: 0.0000, Ctx: 6, MixCtx: 3, Train: 81.16%, Valid: 72.40%, Test In: 73.26% Test OOD1: 65.39% Test OOD2: 54.39% Test OOD3: 63.27% 
Epoch: 401, Loss: 2.6653, Cls: 0.8885, Ind: 0.0000, Med: 0.4443, Spu: 0.0000, FD: 0.8884, FDAug: 0.4441, Var: 0.0000, Ctx: 6, MixCtx: 3, Train: 81.97%, Valid: 72.67%, Test In: 73.71% Test OOD1: 64.52% Test OOD2: 54.28% Test OOD3: 62.82% 
Epoch: 402, Loss: 2.5800, Cls: 0.8592, Ind: 0.0000, Med: 0.4293, Spu: 0.0000, FD: 0.8611, FDAug: 0.4304, Var: 0.0000, Ctx: 6, MixCtx: 3, Train: 81.89%, Valid: 72.54%, Test In: 73.71% Test OOD1: 64.21% Test OOD2: 54.27% Test OOD3: 62.74% 
Epoch: 403, Loss: 2.5887, Cls: 0.8616, Ind: 0.0000, Med: 0.4303, Spu: 0.0000, FD: 0.8646, FDAug: 0.4321, Var: 0.0000, Ctx: 6, MixCtx: 3, Train: 81.80%, Valid: 72.49%, Test In: 73.55% Test OOD1: 65.13% Test OOD2: 54.36% Test OOD3: 63.22% 
Epoch: 404, Loss: 2.6185, Cls: 0.8757, Ind: 0.0000, Med: 0.4396, Spu: 0.0000, FD: 0.8689, FDAug: 0.4343, Var: 0.0000, Ctx: 6, MixCtx: 3, Train: 81.98%, Valid: 72.16%, Test In: 73.31% Test OOD1: 64.20% Test OOD2: 54.61% Test OOD3: 62.77% 
Epoch: 405, Loss: 2.5767, Cls: 0.8574, Ind: 0.0000, Med: 0.4282, Spu: 0.0000, FD: 0.8607, FDAug: 0.4304, Var: 0.0000, Ctx: 6, MixCtx: 3, Train: 82.27%, Valid: 72.12%, Test In: 73.29% Test OOD1: 63.34% Test OOD2: 54.35% Test OOD3: 62.26% 
Epoch: 406, Loss: 2.5466, Cls: 0.8486, Ind: 0.0000, Med: 0.4244, Spu: 0.0000, FD: 0.8492, FDAug: 0.4245, Var: 0.0000, Ctx: 6, MixCtx: 3, Train: 82.03%, Valid: 72.26%, Test In: 73.26% Test OOD1: 63.47% Test OOD2: 54.17% Test OOD3: 62.18% 
Epoch: 407, Loss: 2.5792, Cls: 0.8612, Ind: 0.0000, Med: 0.4315, Spu: 0.0000, FD: 0.8577, FDAug: 0.4288, Var: 0.0000, Ctx: 6, MixCtx: 3, Train: 82.37%, Valid: 71.71%, Test In: 72.87% Test OOD1: 62.50% Test OOD2: 54.35% Test OOD3: 61.59% 
Epoch: 408, Loss: 2.5877, Cls: 0.8618, Ind: 0.0000, Med: 0.4306, Spu: 0.0000, FD: 0.8633, FDAug: 0.4320, Var: 0.0000, Ctx: 6, MixCtx: 3, Train: 82.31%, Valid: 71.84%, Test In: 72.86% Test OOD1: 62.93% Test OOD2: 54.34% Test OOD3: 61.79% 
Epoch: 409, Loss: 2.5632, Cls: 0.8541, Ind: 0.0000, Med: 0.4269, Spu: 0.0000, FD: 0.8548, FDAug: 0.4273, Var: 0.0000, Ctx: 6, MixCtx: 3, Train: 82.44%, Valid: 71.67%, Test In: 72.72% Test OOD1: 62.42% Test OOD2: 54.27% Test OOD3: 61.50% 
Epoch: 410, Loss: 2.5328, Cls: 0.8446, Ind: 0.0000, Med: 0.4226, Spu: 0.0000, FD: 0.8437, FDAug: 0.4218, Var: 0.0000, Ctx: 6, MixCtx: 3, Train: 82.50%, Valid: 71.97%, Test In: 73.00% Test OOD1: 62.92% Test OOD2: 54.20% Test OOD3: 61.70% 
Epoch: 411, Loss: 2.5343, Cls: 0.8455, Ind: 0.0000, Med: 0.4234, Spu: 0.0000, FD: 0.8435, FDAug: 0.4219, Var: 0.0000, Ctx: 6, MixCtx: 3, Train: 82.39%, Valid: 72.22%, Test In: 73.20% Test OOD1: 63.74% Test OOD2: 54.18% Test OOD3: 62.15% 
Epoch: 412, Loss: 2.5601, Cls: 0.8513, Ind: 0.0000, Med: 0.4250, Spu: 0.0000, FD: 0.8558, FDAug: 0.4279, Var: 0.0000, Ctx: 6, MixCtx: 3, Train: 82.32%, Valid: 71.49%, Test In: 72.73% Test OOD1: 62.42% Test OOD2: 54.25% Test OOD3: 61.51% 
Epoch: 413, Loss: 2.5994, Cls: 0.8691, Ind: 0.0000, Med: 0.4362, Spu: 0.0000, FD: 0.8625, FDAug: 0.4316, Var: 0.0000, Ctx: 6, MixCtx: 3, Train: 82.46%, Valid: 71.86%, Test In: 72.98% Test OOD1: 63.22% Test OOD2: 54.17% Test OOD3: 62.04% 
Epoch: 414, Loss: 2.6197, Cls: 0.8706, Ind: 0.0000, Med: 0.4342, Spu: 0.0000, FD: 0.8769, FDAug: 0.4381, Var: 0.0000, Ctx: 6, MixCtx: 3, Train: 82.52%, Valid: 71.65%, Test In: 72.86% Test OOD1: 63.14% Test OOD2: 54.42% Test OOD3: 61.84% 
Epoch: 415, Loss: 2.5914, Cls: 0.8652, Ind: 0.0000, Med: 0.4335, Spu: 0.0000, FD: 0.8615, FDAug: 0.4312, Var: 0.0000, Ctx: 6, MixCtx: 3, Train: 82.29%, Valid: 71.99%, Test In: 73.01% Test OOD1: 63.15% Test OOD2: 53.97% Test OOD3: 61.82% 
Epoch: 416, Loss: 2.5536, Cls: 0.8508, Ind: 0.0000, Med: 0.4253, Spu: 0.0000, FD: 0.8518, FDAug: 0.4257, Var: 0.0000, Ctx: 6, MixCtx: 3, Train: 82.53%, Valid: 71.44%, Test In: 72.51% Test OOD1: 61.82% Test OOD2: 53.91% Test OOD3: 61.13% 
Epoch: 417, Loss: 2.5397, Cls: 0.8467, Ind: 0.0000, Med: 0.4234, Spu: 0.0000, FD: 0.8466, FDAug: 0.4230, Var: 0.0000, Ctx: 6, MixCtx: 3, Train: 82.54%, Valid: 71.37%, Test In: 72.44% Test OOD1: 63.06% Test OOD2: 54.29% Test OOD3: 61.70% 
Epoch: 418, Loss: 2.5417, Cls: 0.8468, Ind: 0.0000, Med: 0.4232, Spu: 0.0000, FD: 0.8478, FDAug: 0.4238, Var: 0.0000, Ctx: 6, MixCtx: 3, Train: 82.45%, Valid: 71.82%, Test In: 72.80% Test OOD1: 63.83% Test OOD2: 54.18% Test OOD3: 62.22% 
Epoch: 419, Loss: 2.5542, Cls: 0.8525, Ind: 0.0000, Med: 0.4270, Spu: 0.0000, FD: 0.8498, FDAug: 0.4249, Var: 0.0000, Ctx: 6, MixCtx: 3, Train: 82.50%, Valid: 71.51%, Test In: 72.73% Test OOD1: 62.24% Test OOD2: 53.86% Test OOD3: 61.38% 
Epoch: 420, Loss: 2.5569, Cls: 0.8509, Ind: 0.0000, Med: 0.4250, Spu: 0.0000, FD: 0.8540, FDAug: 0.4270, Var: 0.0000, Ctx: 6, MixCtx: 3, Train: 82.89%, Valid: 71.74%, Test In: 72.94% Test OOD1: 63.19% Test OOD2: 54.05% Test OOD3: 61.93% 
Epoch: 421, Loss: 2.5078, Cls: 0.8367, Ind: 0.0000, Med: 0.4191, Spu: 0.0000, FD: 0.8347, FDAug: 0.4173, Var: 0.0000, Ctx: 6, MixCtx: 3, Train: 82.28%, Valid: 71.71%, Test In: 72.81% Test OOD1: 64.26% Test OOD2: 54.36% Test OOD3: 62.48% 
Epoch: 422, Loss: 2.5433, Cls: 0.8480, Ind: 0.0000, Med: 0.4244, Spu: 0.0000, FD: 0.8472, FDAug: 0.4238, Var: 0.0000, Ctx: 6, MixCtx: 3, Train: 82.72%, Valid: 71.37%, Test In: 72.46% Test OOD1: 62.37% Test OOD2: 54.03% Test OOD3: 61.40% 
Epoch: 423, Loss: 2.5358, Cls: 0.8447, Ind: 0.0000, Med: 0.4222, Spu: 0.0000, FD: 0.8458, FDAug: 0.4230, Var: 0.0000, Ctx: 6, MixCtx: 3, Train: 82.58%, Valid: 71.59%, Test In: 72.51% Test OOD1: 62.45% Test OOD2: 53.74% Test OOD3: 61.40% 
Epoch: 424, Loss: 2.5557, Cls: 0.8529, Ind: 0.0000, Med: 0.4271, Spu: 0.0000, FD: 0.8506, FDAug: 0.4252, Var: 0.0000, Ctx: 6, MixCtx: 3, Train: 82.47%, Valid: 71.56%, Test In: 72.56% Test OOD1: 63.78% Test OOD2: 54.32% Test OOD3: 61.94% 
Epoch: 425, Loss: 2.5741, Cls: 0.8578, Ind: 0.0000, Med: 0.4290, Spu: 0.0000, FD: 0.8579, FDAug: 0.4294, Var: 0.0000, Ctx: 6, MixCtx: 3, Train: 82.98%, Valid: 71.43%, Test In: 72.57% Test OOD1: 62.59% Test OOD2: 53.89% Test OOD3: 61.39% 
Epoch: 426, Loss: 2.5158, Cls: 0.8376, Ind: 0.0000, Med: 0.4185, Spu: 0.0000, FD: 0.8400, FDAug: 0.4198, Var: 0.0000, Ctx: 6, MixCtx: 3, Train: 82.74%, Valid: 71.04%, Test In: 72.14% Test OOD1: 61.53% Test OOD2: 53.75% Test OOD3: 60.85% 
Epoch: 427, Loss: 2.5269, Cls: 0.8434, Ind: 0.0000, Med: 0.4225, Spu: 0.0000, FD: 0.8408, FDAug: 0.4202, Var: 0.0000, Ctx: 6, MixCtx: 3, Train: 83.04%, Valid: 71.68%, Test In: 72.67% Test OOD1: 63.51% Test OOD2: 54.08% Test OOD3: 61.90% 
Epoch: 428, Loss: 2.4942, Cls: 0.8318, Ind: 0.0000, Med: 0.4164, Spu: 0.0000, FD: 0.8307, FDAug: 0.4153, Var: 0.0000, Ctx: 6, MixCtx: 3, Train: 82.84%, Valid: 71.84%, Test In: 72.82% Test OOD1: 64.09% Test OOD2: 54.11% Test OOD3: 62.24% 
Epoch: 429, Loss: 2.5203, Cls: 0.8386, Ind: 0.0000, Med: 0.4188, Spu: 0.0000, FD: 0.8418, FDAug: 0.4210, Var: 0.0000, Ctx: 6, MixCtx: 3, Train: 82.74%, Valid: 71.12%, Test In: 72.37% Test OOD1: 61.92% Test OOD2: 53.96% Test OOD3: 61.11% 
Epoch: 430, Loss: 2.5681, Cls: 0.8577, Ind: 0.0000, Med: 0.4299, Spu: 0.0000, FD: 0.8534, FDAug: 0.4270, Var: 0.0000, Ctx: 6, MixCtx: 3, Train: 82.98%, Valid: 71.59%, Test In: 72.67% Test OOD1: 62.80% Test OOD2: 53.79% Test OOD3: 61.69% 
Epoch: 431, Loss: 2.5819, Cls: 0.8601, Ind: 0.0000, Med: 0.4299, Spu: 0.0000, FD: 0.8612, FDAug: 0.4307, Var: 0.0000, Ctx: 6, MixCtx: 3, Train: 82.25%, Valid: 71.26%, Test In: 72.35% Test OOD1: 63.75% Test OOD2: 54.37% Test OOD3: 62.05% 
Epoch: 432, Loss: 2.6158, Cls: 0.8710, Ind: 0.0000, Med: 0.4352, Spu: 0.0000, FD: 0.8727, FDAug: 0.4369, Var: 0.0000, Ctx: 6, MixCtx: 3, Train: 83.09%, Valid: 71.52%, Test In: 72.55% Test OOD1: 63.09% Test OOD2: 53.81% Test OOD3: 61.62% 
Epoch: 433, Loss: 2.5222, Cls: 0.8415, Ind: 0.0000, Med: 0.4212, Spu: 0.0000, FD: 0.8397, FDAug: 0.4198, Var: 0.0000, Ctx: 6, MixCtx: 3, Train: 82.41%, Valid: 70.45%, Test In: 71.63% Test OOD1: 60.49% Test OOD2: 53.49% Test OOD3: 60.17% 
Epoch: 434, Loss: 2.5530, Cls: 0.8506, Ind: 0.0000, Med: 0.4252, Spu: 0.0000, FD: 0.8516, FDAug: 0.4256, Var: 0.0000, Ctx: 6, MixCtx: 3, Train: 83.44%, Valid: 71.24%, Test In: 72.27% Test OOD1: 62.74% Test OOD2: 53.88% Test OOD3: 61.31% 
Epoch: 435, Loss: 2.4931, Cls: 0.8303, Ind: 0.0000, Med: 0.4149, Spu: 0.0000, FD: 0.8320, FDAug: 0.4158, Var: 0.0000, Ctx: 6, MixCtx: 3, Train: 81.98%, Valid: 71.57%, Test In: 72.30% Test OOD1: 64.57% Test OOD2: 54.04% Test OOD3: 62.39% 
Epoch: 436, Loss: 2.6035, Cls: 0.8692, Ind: 0.0000, Med: 0.4355, Spu: 0.0000, FD: 0.8657, FDAug: 0.4331, Var: 0.0000, Ctx: 6, MixCtx: 3, Train: 82.95%, Valid: 71.43%, Test In: 72.35% Test OOD1: 62.91% Test OOD2: 53.85% Test OOD3: 61.49% 
Epoch: 437, Loss: 2.5853, Cls: 0.8599, Ind: 0.0000, Med: 0.4292, Spu: 0.0000, FD: 0.8641, FDAug: 0.4321, Var: 0.0000, Ctx: 6, MixCtx: 3, Train: 82.19%, Valid: 71.27%, Test In: 72.38% Test OOD1: 62.23% Test OOD2: 53.52% Test OOD3: 61.34% 
Epoch: 438, Loss: 2.6053, Cls: 0.8700, Ind: 0.0000, Med: 0.4359, Spu: 0.0000, FD: 0.8664, FDAug: 0.4329, Var: 0.0000, Ctx: 6, MixCtx: 3, Train: 83.33%, Valid: 71.72%, Test In: 72.88% Test OOD1: 63.94% Test OOD2: 53.96% Test OOD3: 62.16% 
Epoch: 439, Loss: 2.4783, Cls: 0.8261, Ind: 0.0000, Med: 0.4131, Spu: 0.0000, FD: 0.8261, FDAug: 0.4130, Var: 0.0000, Ctx: 6, MixCtx: 3, Train: 82.28%, Valid: 71.56%, Test In: 72.65% Test OOD1: 64.70% Test OOD2: 54.26% Test OOD3: 62.47% 
Epoch: 440, Loss: 2.5599, Cls: 0.8531, Ind: 0.0000, Med: 0.4266, Spu: 0.0000, FD: 0.8532, FDAug: 0.4269, Var: 0.0000, Ctx: 6, MixCtx: 3, Train: 83.27%, Valid: 71.71%, Test In: 72.76% Test OOD1: 63.54% Test OOD2: 53.75% Test OOD3: 61.70% 
Epoch: 441, Loss: 2.4791, Cls: 0.8264, Ind: 0.0000, Med: 0.4133, Spu: 0.0000, FD: 0.8264, FDAug: 0.4131, Var: 0.0000, Ctx: 6, MixCtx: 3, Train: 82.78%, Valid: 70.90%, Test In: 71.98% Test OOD1: 61.66% Test OOD2: 53.70% Test OOD3: 60.72% 
Epoch: 442, Loss: 2.5180, Cls: 0.8395, Ind: 0.0000, Med: 0.4199, Spu: 0.0000, FD: 0.8392, FDAug: 0.4194, Var: 0.0000, Ctx: 6, MixCtx: 3, Train: 83.46%, Valid: 71.11%, Test In: 72.06% Test OOD1: 62.86% Test OOD2: 54.09% Test OOD3: 61.22% 
Epoch: 443, Loss: 2.4796, Cls: 0.8271, Ind: 0.0000, Med: 0.4139, Spu: 0.0000, FD: 0.8258, FDAug: 0.4128, Var: 0.0000, Ctx: 6, MixCtx: 3, Train: 82.67%, Valid: 71.35%, Test In: 72.17% Test OOD1: 63.88% Test OOD2: 54.18% Test OOD3: 61.86% 
Epoch: 444, Loss: 2.5409, Cls: 0.8460, Ind: 0.0000, Med: 0.4227, Spu: 0.0000, FD: 0.8481, FDAug: 0.4241, Var: 0.0000, Ctx: 6, MixCtx: 3, Train: 83.40%, Valid: 70.69%, Test In: 71.83% Test OOD1: 61.52% Test OOD2: 53.75% Test OOD3: 60.52% 
Epoch: 445, Loss: 2.5313, Cls: 0.8444, Ind: 0.0000, Med: 0.4226, Spu: 0.0000, FD: 0.8428, FDAug: 0.4215, Var: 0.0000, Ctx: 6, MixCtx: 3, Train: 83.02%, Valid: 70.71%, Test In: 71.92% Test OOD1: 61.15% Test OOD2: 53.41% Test OOD3: 60.61% 
Epoch: 446, Loss: 2.5776, Cls: 0.8593, Ind: 0.0000, Med: 0.4298, Spu: 0.0000, FD: 0.8590, FDAug: 0.4294, Var: 0.0000, Ctx: 6, MixCtx: 3, Train: 83.31%, Valid: 71.15%, Test In: 72.34% Test OOD1: 63.44% Test OOD2: 54.20% Test OOD3: 61.59% 
Epoch: 447, Loss: 2.5180, Cls: 0.8392, Ind: 0.0000, Med: 0.4196, Spu: 0.0000, FD: 0.8393, FDAug: 0.4199, Var: 0.0000, Ctx: 6, MixCtx: 3, Train: 82.95%, Valid: 71.63%, Test In: 72.52% Test OOD1: 64.59% Test OOD2: 53.94% Test OOD3: 62.17% 
Epoch: 448, Loss: 2.5180, Cls: 0.8390, Ind: 0.0000, Med: 0.4194, Spu: 0.0000, FD: 0.8397, FDAug: 0.4199, Var: 0.0000, Ctx: 6, MixCtx: 3, Train: 83.47%, Valid: 71.34%, Test In: 72.35% Test OOD1: 62.91% Test OOD2: 53.80% Test OOD3: 61.31% 
Epoch: 449, Loss: 2.4847, Cls: 0.8285, Ind: 0.0000, Med: 0.4145, Spu: 0.0000, FD: 0.8278, FDAug: 0.4138, Var: 0.0000, Ctx: 6, MixCtx: 3, Train: 83.08%, Valid: 71.00%, Test In: 72.04% Test OOD1: 62.29% Test OOD2: 53.75% Test OOD3: 61.04% 
Epoch: 450, Loss: 2.5044, Cls: 0.8352, Ind: 0.0000, Med: 0.4178, Spu: 0.0000, FD: 0.8344, FDAug: 0.4170, Var: 0.0000, Ctx: 6, MixCtx: 3, Train: 83.80%, Valid: 71.29%, Test In: 72.43% Test OOD1: 63.79% Test OOD2: 53.90% Test OOD3: 61.73% 
Epoch: 451, Loss: 2.4503, Cls: 0.8169, Ind: 0.0000, Med: 0.4086, Spu: 0.0000, FD: 0.8165, FDAug: 0.4082, Var: 0.0000, Ctx: 6, MixCtx: 3, Train: 83.17%, Valid: 71.21%, Test In: 72.21% Test OOD1: 63.94% Test OOD2: 54.12% Test OOD3: 61.79% 
Epoch: 452, Loss: 2.4940, Cls: 0.8307, Ind: 0.0000, Med: 0.4151, Spu: 0.0000, FD: 0.8320, FDAug: 0.4162, Var: 0.0000, Ctx: 6, MixCtx: 3, Train: 83.97%, Valid: 70.98%, Test In: 72.15% Test OOD1: 62.60% Test OOD2: 53.70% Test OOD3: 60.98% 
Epoch: 453, Loss: 2.4366, Cls: 0.8125, Ind: 0.0000, Med: 0.4065, Spu: 0.0000, FD: 0.8118, FDAug: 0.4058, Var: 0.0000, Ctx: 6, MixCtx: 3, Train: 83.53%, Valid: 70.38%, Test In: 71.53% Test OOD1: 61.12% Test OOD2: 53.62% Test OOD3: 60.21% 
Epoch: 454, Loss: 2.4719, Cls: 0.8247, Ind: 0.0000, Med: 0.4128, Spu: 0.0000, FD: 0.8230, FDAug: 0.4114, Var: 0.0000, Ctx: 6, MixCtx: 3, Train: 83.95%, Valid: 70.78%, Test In: 71.86% Test OOD1: 62.77% Test OOD2: 54.00% Test OOD3: 60.96% 
Epoch: 455, Loss: 2.4481, Cls: 0.8156, Ind: 0.0000, Med: 0.4078, Spu: 0.0000, FD: 0.8163, FDAug: 0.4084, Var: 0.0000, Ctx: 6, MixCtx: 3, Train: 83.43%, Valid: 71.26%, Test In: 72.11% Test OOD1: 63.64% Test OOD2: 53.88% Test OOD3: 61.51% 
Epoch: 456, Loss: 2.5340, Cls: 0.8445, Ind: 0.0000, Med: 0.4223, Spu: 0.0000, FD: 0.8446, FDAug: 0.4225, Var: 0.0000, Ctx: 6, MixCtx: 3, Train: 83.41%, Valid: 69.92%, Test In: 71.21% Test OOD1: 61.12% Test OOD2: 53.75% Test OOD3: 59.95% 
Epoch: 457, Loss: 2.6684, Cls: 0.8896, Ind: 0.0000, Med: 0.4451, Spu: 0.0000, FD: 0.8887, FDAug: 0.4450, Var: 0.0000, Ctx: 6, MixCtx: 3, Train: 82.92%, Valid: 70.47%, Test In: 71.55% Test OOD1: 61.30% Test OOD2: 52.98% Test OOD3: 60.52% 
Epoch: 458, Loss: 2.9788, Cls: 0.9901, Ind: 0.0000, Med: 0.4937, Spu: 0.0000, FD: 0.9968, FDAug: 0.4982, Var: 0.0000, Ctx: 6, MixCtx: 3, Train: 83.50%, Valid: 70.64%, Test In: 71.77% Test OOD1: 63.02% Test OOD2: 53.82% Test OOD3: 61.04% 
Epoch: 459, Loss: 2.6009, Cls: 0.8704, Ind: 0.0000, Med: 0.4372, Spu: 0.0000, FD: 0.8620, FDAug: 0.4313, Var: 0.0000, Ctx: 6, MixCtx: 3, Train: 81.89%, Valid: 70.69%, Test In: 71.74% Test OOD1: 64.36% Test OOD2: 54.04% Test OOD3: 61.78% 
Epoch: 460, Loss: 2.5912, Cls: 0.8662, Ind: 0.0001, Med: 0.4347, Spu: 0.0000, FD: 0.8601, FDAug: 0.4301, Var: 0.0000, Ctx: 6, MixCtx: 3, Train: 81.90%, Valid: 71.27%, Test In: 72.06% Test OOD1: 65.05% Test OOD2: 53.86% Test OOD3: 62.30% 
Epoch: 461, Loss: 2.6208, Cls: 0.8708, Ind: 0.0000, Med: 0.4343, Spu: 0.0000, FD: 0.8773, FDAug: 0.4384, Var: 0.0000, Ctx: 6, MixCtx: 3, Train: 83.30%, Valid: 71.71%, Test In: 72.69% Test OOD1: 64.44% Test OOD2: 53.51% Test OOD3: 62.02% 
Epoch: 462, Loss: 2.5851, Cls: 0.8595, Ind: 0.0000, Med: 0.4288, Spu: 0.0000, FD: 0.8650, FDAug: 0.4318, Var: 0.0000, Ctx: 6, MixCtx: 3, Train: 82.68%, Valid: 71.62%, Test In: 72.73% Test OOD1: 63.58% Test OOD2: 53.67% Test OOD3: 61.75% 
Epoch: 463, Loss: 2.6439, Cls: 0.8802, Ind: 0.0000, Med: 0.4396, Spu: 0.0000, FD: 0.8832, FDAug: 0.4409, Var: 0.0000, Ctx: 6, MixCtx: 3, Train: 82.90%, Valid: 71.91%, Test In: 73.12% Test OOD1: 64.48% Test OOD2: 53.81% Test OOD3: 62.29% 
Epoch: 464, Loss: 2.5864, Cls: 0.8606, Ind: 0.0000, Med: 0.4295, Spu: 0.0000, FD: 0.8645, FDAug: 0.4317, Var: 0.0000, Ctx: 6, MixCtx: 3, Train: 82.86%, Valid: 71.94%, Test In: 73.25% Test OOD1: 65.89% Test OOD2: 53.88% Test OOD3: 63.04% 
Epoch: 465, Loss: 2.5298, Cls: 0.8438, Ind: 0.0000, Med: 0.4224, Spu: 0.0000, FD: 0.8425, FDAug: 0.4211, Var: 0.0000, Ctx: 6, MixCtx: 3, Train: 82.24%, Valid: 71.69%, Test In: 72.89% Test OOD1: 65.83% Test OOD2: 54.05% Test OOD3: 63.01% 
Epoch: 466, Loss: 2.5469, Cls: 0.8503, Ind: 0.0000, Med: 0.4262, Spu: 0.0000, FD: 0.8468, FDAug: 0.4235, Var: 0.0000, Ctx: 6, MixCtx: 3, Train: 83.30%, Valid: 71.83%, Test In: 73.09% Test OOD1: 64.60% Test OOD2: 54.15% Test OOD3: 62.29% 
Epoch: 467, Loss: 2.5652, Cls: 0.8514, Ind: 0.0000, Med: 0.4242, Spu: 0.0000, FD: 0.8596, FDAug: 0.4300, Var: 0.0000, Ctx: 6, MixCtx: 3, Train: 83.47%, Valid: 71.58%, Test In: 73.04% Test OOD1: 63.43% Test OOD2: 53.92% Test OOD3: 61.66% 
Epoch: 468, Loss: 2.4756, Cls: 0.8264, Ind: 0.0000, Med: 0.4142, Spu: 0.0000, FD: 0.8233, FDAug: 0.4116, Var: 0.0000, Ctx: 6, MixCtx: 3, Train: 83.33%, Valid: 71.17%, Test In: 72.54% Test OOD1: 62.18% Test OOD2: 53.84% Test OOD3: 60.94% 
Epoch: 469, Loss: 2.5191, Cls: 0.8422, Ind: 0.0000, Med: 0.4227, Spu: 0.0000, FD: 0.8361, FDAug: 0.4181, Var: 0.0000, Ctx: 6, MixCtx: 3, Train: 83.55%, Valid: 70.63%, Test In: 71.67% Test OOD1: 61.58% Test OOD2: 53.89% Test OOD3: 60.23% 
Epoch: 470, Loss: 2.5054, Cls: 0.8338, Ind: 0.0000, Med: 0.4163, Spu: 0.0000, FD: 0.8369, FDAug: 0.4184, Var: 0.0000, Ctx: 6, MixCtx: 3, Train: 83.06%, Valid: 70.96%, Test In: 71.65% Test OOD1: 62.45% Test OOD2: 53.87% Test OOD3: 60.68% 
Epoch: 471, Loss: 2.4944, Cls: 0.8312, Ind: 0.0000, Med: 0.4155, Spu: 0.0000, FD: 0.8317, FDAug: 0.4159, Var: 0.0000, Ctx: 6, MixCtx: 3, Train: 83.53%, Valid: 70.67%, Test In: 71.53% Test OOD1: 61.29% Test OOD2: 53.58% Test OOD3: 59.91% 
Epoch: 472, Loss: 2.4673, Cls: 0.8220, Ind: 0.0000, Med: 0.4109, Spu: 0.0000, FD: 0.8230, FDAug: 0.4114, Var: 0.0000, Ctx: 6, MixCtx: 3, Train: 83.50%, Valid: 69.72%, Test In: 70.92% Test OOD1: 59.44% Test OOD2: 53.51% Test OOD3: 58.77% 
Epoch: 473, Loss: 2.4912, Cls: 0.8317, Ind: 0.0000, Med: 0.4168, Spu: 0.0000, FD: 0.8284, FDAug: 0.4142, Var: 0.0000, Ctx: 6, MixCtx: 3, Train: 84.00%, Valid: 70.79%, Test In: 72.04% Test OOD1: 61.97% Test OOD2: 53.82% Test OOD3: 60.49% 
Epoch: 474, Loss: 2.4481, Cls: 0.8148, Ind: 0.0000, Med: 0.4072, Spu: 0.0000, FD: 0.8174, FDAug: 0.4087, Var: 0.0000, Ctx: 6, MixCtx: 3, Train: 84.12%, Valid: 71.29%, Test In: 72.42% Test OOD1: 63.66% Test OOD2: 53.90% Test OOD3: 61.48% 
Epoch: 475, Loss: 2.4284, Cls: 0.8092, Ind: 0.0000, Med: 0.4048, Spu: 0.0000, FD: 0.8096, FDAug: 0.4048, Var: 0.0000, Ctx: 6, MixCtx: 3, Train: 84.09%, Valid: 71.42%, Test In: 72.52% Test OOD1: 63.74% Test OOD2: 53.86% Test OOD3: 61.59% 
Epoch: 476, Loss: 2.4599, Cls: 0.8214, Ind: 0.0000, Med: 0.4117, Spu: 0.0000, FD: 0.8177, FDAug: 0.4090, Var: 0.0000, Ctx: 6, MixCtx: 3, Train: 84.07%, Valid: 71.35%, Test In: 72.65% Test OOD1: 63.80% Test OOD2: 53.86% Test OOD3: 61.73% 
Epoch: 477, Loss: 2.4492, Cls: 0.8153, Ind: 0.0000, Med: 0.4073, Spu: 0.0000, FD: 0.8178, FDAug: 0.4088, Var: 0.0000, Ctx: 6, MixCtx: 3, Train: 84.17%, Valid: 70.84%, Test In: 72.20% Test OOD1: 62.49% Test OOD2: 53.83% Test OOD3: 61.04% 
Epoch: 478, Loss: 2.4268, Cls: 0.8096, Ind: 0.0000, Med: 0.4053, Spu: 0.0000, FD: 0.8080, FDAug: 0.4039, Var: 0.0000, Ctx: 6, MixCtx: 3, Train: 84.49%, Valid: 70.49%, Test In: 71.76% Test OOD1: 62.31% Test OOD2: 53.86% Test OOD3: 60.75% 
Epoch: 479, Loss: 2.4154, Cls: 0.8055, Ind: 0.0000, Med: 0.4030, Spu: 0.0000, FD: 0.8046, FDAug: 0.4023, Var: 0.0000, Ctx: 6, MixCtx: 3, Train: 84.17%, Valid: 70.57%, Test In: 71.49% Test OOD1: 62.86% Test OOD2: 53.87% Test OOD3: 61.00% 
Epoch: 480, Loss: 2.4403, Cls: 0.8141, Ind: 0.0000, Med: 0.4076, Spu: 0.0000, FD: 0.8124, FDAug: 0.4062, Var: 0.0000, Ctx: 6, MixCtx: 3, Train: 84.43%, Valid: 69.75%, Test In: 70.83% Test OOD1: 61.63% Test OOD2: 53.75% Test OOD3: 60.13% 
Epoch: 481, Loss: 2.4196, Cls: 0.8059, Ind: 0.0000, Med: 0.4029, Spu: 0.0000, FD: 0.8073, FDAug: 0.4036, Var: 0.0000, Ctx: 6, MixCtx: 3, Train: 84.55%, Valid: 69.57%, Test In: 70.75% Test OOD1: 60.93% Test OOD2: 53.62% Test OOD3: 59.77% 
Epoch: 482, Loss: 2.4037, Cls: 0.8022, Ind: 0.0000, Med: 0.4019, Spu: 0.0000, FD: 0.7998, FDAug: 0.3998, Var: 0.0000, Ctx: 6, MixCtx: 3, Train: 84.64%, Valid: 69.99%, Test In: 71.12% Test OOD1: 61.62% Test OOD2: 53.67% Test OOD3: 60.21% 
Epoch: 483, Loss: 2.3975, Cls: 0.8004, Ind: 0.0000, Med: 0.4012, Spu: 0.0000, FD: 0.7973, FDAug: 0.3986, Var: 0.0000, Ctx: 6, MixCtx: 3, Train: 84.66%, Valid: 70.36%, Test In: 71.40% Test OOD1: 62.53% Test OOD2: 53.72% Test OOD3: 60.68% 
Epoch: 484, Loss: 2.4159, Cls: 0.8033, Ind: 0.0000, Med: 0.4011, Spu: 0.0000, FD: 0.8074, FDAug: 0.4040, Var: 0.0000, Ctx: 6, MixCtx: 3, Train: 84.59%, Valid: 70.80%, Test In: 71.77% Test OOD1: 63.15% Test OOD2: 53.59% Test OOD3: 61.17% 
Epoch: 485, Loss: 2.4571, Cls: 0.8199, Ind: 0.0000, Med: 0.4106, Spu: 0.0000, FD: 0.8178, FDAug: 0.4088, Var: 0.0000, Ctx: 6, MixCtx: 3, Train: 84.26%, Valid: 69.89%, Test In: 71.02% Test OOD1: 61.80% Test OOD2: 53.69% Test OOD3: 60.22% 
Epoch: 486, Loss: 2.5207, Cls: 0.8398, Ind: 0.0000, Med: 0.4199, Spu: 0.0000, FD: 0.8405, FDAug: 0.4205, Var: 0.0000, Ctx: 6, MixCtx: 3, Train: 84.11%, Valid: 70.52%, Test In: 71.46% Test OOD1: 62.44% Test OOD2: 53.11% Test OOD3: 60.79% 
Epoch: 487, Loss: 2.6292, Cls: 0.8735, Ind: 0.0000, Med: 0.4354, Spu: 0.0000, FD: 0.8804, FDAug: 0.4399, Var: 0.0000, Ctx: 6, MixCtx: 3, Train: 84.16%, Valid: 70.14%, Test In: 71.02% Test OOD1: 62.07% Test OOD2: 53.14% Test OOD3: 60.24% 
Epoch: 488, Loss: 2.5444, Cls: 0.8512, Ind: 0.0000, Med: 0.4275, Spu: 0.0000, FD: 0.8435, FDAug: 0.4222, Var: 0.0000, Ctx: 6, MixCtx: 3, Train: 84.00%, Valid: 69.97%, Test In: 71.07% Test OOD1: 62.95% Test OOD2: 53.90% Test OOD3: 60.82% 
Epoch: 489, Loss: 2.4362, Cls: 0.8116, Ind: 0.0000, Med: 0.4059, Spu: 0.0000, FD: 0.8126, FDAug: 0.4061, Var: 0.0000, Ctx: 6, MixCtx: 3, Train: 84.10%, Valid: 70.17%, Test In: 71.17% Test OOD1: 63.04% Test OOD2: 53.86% Test OOD3: 60.97% 
Epoch: 490, Loss: 2.4874, Cls: 0.8261, Ind: 0.0000, Med: 0.4119, Spu: 0.0000, FD: 0.8332, FDAug: 0.4162, Var: 0.0000, Ctx: 6, MixCtx: 3, Train: 84.58%, Valid: 70.21%, Test In: 71.18% Test OOD1: 62.14% Test OOD2: 53.54% Test OOD3: 60.54% 
Epoch: 491, Loss: 2.4579, Cls: 0.8206, Ind: 0.0000, Med: 0.4112, Spu: 0.0000, FD: 0.8175, FDAug: 0.4085, Var: 0.0000, Ctx: 6, MixCtx: 3, Train: 84.44%, Valid: 70.90%, Test In: 71.75% Test OOD1: 63.03% Test OOD2: 53.46% Test OOD3: 61.09% 
Epoch: 492, Loss: 2.4367, Cls: 0.8131, Ind: 0.0000, Med: 0.4071, Spu: 0.0000, FD: 0.8111, FDAug: 0.4054, Var: 0.0000, Ctx: 6, MixCtx: 3, Train: 83.73%, Valid: 70.88%, Test In: 71.88% Test OOD1: 63.91% Test OOD2: 53.84% Test OOD3: 61.81% 
Epoch: 493, Loss: 2.4924, Cls: 0.8302, Ind: 0.0000, Med: 0.4149, Spu: 0.0000, FD: 0.8314, FDAug: 0.4159, Var: 0.0000, Ctx: 6, MixCtx: 3, Train: 84.59%, Valid: 70.54%, Test In: 71.85% Test OOD1: 62.82% Test OOD2: 53.82% Test OOD3: 61.11% 
Epoch: 494, Loss: 2.4190, Cls: 0.8061, Ind: 0.0000, Med: 0.4031, Spu: 0.0000, FD: 0.8065, FDAug: 0.4032, Var: 0.0000, Ctx: 6, MixCtx: 3, Train: 84.41%, Valid: 70.54%, Test In: 71.82% Test OOD1: 62.51% Test OOD2: 53.64% Test OOD3: 60.93% 
Epoch: 495, Loss: 2.4126, Cls: 0.8038, Ind: 0.0000, Med: 0.4019, Spu: 0.0000, FD: 0.8046, FDAug: 0.4023, Var: 0.0000, Ctx: 6, MixCtx: 3, Train: 84.59%, Valid: 71.04%, Test In: 71.91% Test OOD1: 63.51% Test OOD2: 53.63% Test OOD3: 61.38% 
Epoch: 496, Loss: 2.4305, Cls: 0.8126, Ind: 0.0000, Med: 0.4079, Spu: 0.0000, FD: 0.8067, FDAug: 0.4034, Var: 0.0000, Ctx: 6, MixCtx: 3, Train: 84.60%, Valid: 70.33%, Test In: 71.05% Test OOD1: 62.38% Test OOD2: 53.65% Test OOD3: 60.55% 
Epoch: 497, Loss: 2.4437, Cls: 0.8115, Ind: 0.0000, Med: 0.4046, Spu: 0.0000, FD: 0.8184, FDAug: 0.4092, Var: 0.0000, Ctx: 6, MixCtx: 3, Train: 84.80%, Valid: 70.06%, Test In: 70.88% Test OOD1: 61.32% Test OOD2: 53.18% Test OOD3: 59.83% 
Epoch: 498, Loss: 2.3935, Cls: 0.7992, Ind: 0.0000, Med: 0.4006, Spu: 0.0000, FD: 0.7958, FDAug: 0.3979, Var: 0.0000, Ctx: 6, MixCtx: 3, Train: 84.81%, Valid: 69.89%, Test In: 70.65% Test OOD1: 61.11% Test OOD2: 53.14% Test OOD3: 59.61% 
Epoch: 499, Loss: 2.3868, Cls: 0.7961, Ind: 0.0000, Med: 0.3985, Spu: 0.0000, FD: 0.7948, FDAug: 0.3973, Var: 0.0000, Ctx: 6, MixCtx: 3, Train: 84.80%, Valid: 69.95%, Test In: 70.81% Test OOD1: 62.26% Test OOD2: 53.63% Test OOD3: 60.17% 
Run 02:
Highest Train: 84.81
Highest Valid: 73.49
Highest In Test: 74.80
Highest OOD Test: 68.35
Highest OOD Test: 55.40
Highest OOD Test: 64.71
Chosen epoch: 252
Final Train: 78.16
Final In Test: 74.67
Final OOD Test: 66.80
Final OOD Test: 55.20
Final OOD Test: 64.24
All runs:
Highest Train: 87.62 ± 3.98
Highest Valid: 73.34 ± 0.21
Highest In Test: 74.81 ± 0.02
Highest OOD Test: 68.29 ± 0.09
Highest OOD Test: 54.88 ± 0.73
Highest OOD Test: 64.54 ± 0.24
  Final Train: 77.57 ± 0.84
   Final In  Test: 74.71 ± 0.05
   Final OOD Test: 66.84 ± 0.06
   Final OOD Test: 54.36 ± 1.19
   Final OOD Test: 64.04 ± 0.28
[INFO] TensorBoard writer closed.

Command: python main_frontdoor.py --dataset twitch --backbone_type gcn --store_result --epochs 500 --runs 2 --num_layers 2 --device 1 --seed 2024 --lr 0.01 --weight_decay 0.0001 --dropout 0.0 --hidden_channels 32 --K 3 --lambda_fd 1.0 --lambda_spu 0.1 --lambda_ind 0.05 --context_gate_temp 0.5 --fd_blend 0.3 --pos_weight 3.0 --result_name twitch_gcn_frontdoor_stage2_lr0.01_weight_decay0.0001_dropout0.0_hidden_channels32_K3_lambda_fd1.0_lambda_spu0.1_lambda_ind0.05_context_gate_temp0.5_fd_blend0.3_pos_weight3.0
Return code: 0
Elapsed: 173.60s
