Namespace(K=3, backbone_type='gcn', combine_result=False, context_gate_temp=0.5, cpu=False, data_dir='./data/', dataset='twitch', device=1, display_step=1, dropout=0.0, env_type='node', epochs=500, expert_agg='mean', fd_blend=0.3, gamma=0.99, gate_hidden=64, hidden_channels=32, infer_env=False, infer_env_components=64, infer_env_iters=30, infer_env_num=3, lambda_fd=1.0, lambda_fd_aug=0.5, lambda_ind=0.05, lambda_med=0.5, lambda_spu=0.1, lambda_var=0.05, lamda=1.0, lr=0.01, num_layers=2, other_env_reduce='sample', pos_weight=5.0, proto_aug_k=3, proto_mix_alpha=1.0, result_name='twitch_gcn_frontdoor_stage2_lr0.01_weight_decay0.0001_dropout0.0_hidden_channels32_K3_lambda_fd1.0_lambda_spu0.1_lambda_ind0.05_context_gate_temp0.5_fd_blend0.3_pos_weight5.0', runs=2, seed=2024, store_result=True, tau=1, use_bn=False, variant=False, weight_decay=0.0001)
dataset twitch: all nodes 34120 | edges 892346 | classes 2 | feats 128
train nodes 7897 | valid nodes 3949 | test in nodes 3949
test ood1 nodes 4648 test ood2 nodes 6551 test ood3 nodes 7126 
[INFO] env numbers: 6 train env numbers: 3
MODEL: GraphFrontDoor(
  (act_fn): ReLU()
  (input_proj): Linear(in_features=128, out_features=32, bias=True)
  (backbone_layers): ModuleList(
    (0): FrontDoorBackboneLayer()
    (1): FrontDoorBackboneLayer()
  )
  (causal_adapter): Linear(in_features=32, out_features=32, bias=True)
  (spurious_adapter): Linear(in_features=32, out_features=32, bias=True)
  (causal_norm): LayerNorm((32,), eps=1e-05, elementwise_affine=True)
  (spurious_norm): LayerNorm((32,), eps=1e-05, elementwise_affine=True)
  (classifier): Linear(in_features=32, out_features=2, bias=True)
  (spurious_classifier): Linear(in_features=32, out_features=2, bias=True)
  (fd_classifier): Linear(in_features=32, out_features=2, bias=True)
  (query_proj): Linear(in_features=32, out_features=32, bias=True)
  (key_proj): Linear(in_features=32, out_features=32, bias=True)
  (value_proj): Linear(in_features=32, out_features=32, bias=True)
  (aug_norm): LayerNorm((32,), eps=1e-05, elementwise_affine=True)
)
[INFO] TensorBoard logging activated. Logs will be saved to: ./runs/twitch/frontdoor/twitch_gcn_frontdoor_stage2_lr0.01_weight_decay0.0001_dropout0.0_hidden_channels32_K3_lambda_fd1.0_lambda_spu0.1_lambda_ind0.05_context_gate_temp0.5_fd_blend0.3_pos_weight5.0
Epoch: 00, Loss: 5.4145, Cls: 1.6700, Ind: 0.0006, Med: 0.7920, Spu: 0.0115, FD: 1.9617, FDAug: 0.9787, Var: 0.0000, Ctx: 6, MixCtx: 3, Train: 42.58%, Valid: 42.74%, Test In: 43.73% Test OOD1: 39.06% Test OOD2: 48.77% Test OOD3: 42.85% 
Epoch: 01, Loss: 4.0861, Cls: 1.3658, Ind: 0.0004, Med: 0.6891, Spu: 0.0027, FD: 1.3521, FDAug: 0.6761, Var: 0.0000, Ctx: 6, MixCtx: 3, Train: 42.60%, Valid: 42.59%, Test In: 43.64% Test OOD1: 39.03% Test OOD2: 48.83% Test OOD3: 42.86% 
Epoch: 02, Loss: 4.1614, Cls: 1.3648, Ind: 0.0006, Med: 0.6785, Spu: 0.0017, FD: 1.4132, FDAug: 0.7026, Var: 0.0000, Ctx: 6, MixCtx: 3, Train: 42.70%, Valid: 42.67%, Test In: 43.56% Test OOD1: 38.89% Test OOD2: 48.85% Test OOD3: 42.80% 
Epoch: 03, Loss: 4.1884, Cls: 1.3775, Ind: 0.0006, Med: 0.6837, Spu: 0.0005, FD: 1.4201, FDAug: 0.7060, Var: 0.0000, Ctx: 6, MixCtx: 3, Train: 42.72%, Valid: 42.86%, Test In: 43.65% Test OOD1: 38.79% Test OOD2: 48.75% Test OOD3: 42.78% 
Epoch: 04, Loss: 4.1525, Cls: 1.3754, Ind: 0.0004, Med: 0.6858, Spu: 0.0019, FD: 1.3942, FDAug: 0.6948, Var: 0.0000, Ctx: 6, MixCtx: 3, Train: 42.62%, Valid: 43.11%, Test In: 43.70% Test OOD1: 38.68% Test OOD2: 48.53% Test OOD3: 42.54% 
Epoch: 05, Loss: 4.0959, Cls: 1.3645, Ind: 0.0003, Med: 0.6836, Spu: 0.0006, FD: 1.3650, FDAug: 0.6819, Var: 0.0000, Ctx: 6, MixCtx: 3, Train: 43.03%, Valid: 43.71%, Test In: 44.26% Test OOD1: 38.87% Test OOD2: 48.27% Test OOD3: 42.53% 
Epoch: 06, Loss: 4.0609, Cls: 1.3540, Ind: 0.0002, Med: 0.6795, Spu: 0.0002, FD: 1.3515, FDAug: 0.6756, Var: 0.0000, Ctx: 6, MixCtx: 3, Train: 47.00%, Valid: 47.68%, Test In: 48.01% Test OOD1: 42.55% Test OOD2: 47.78% Test OOD3: 45.53% 
Epoch: 07, Loss: 4.0600, Cls: 1.3502, Ind: 0.0001, Med: 0.6762, Spu: 0.0011, FD: 1.3551, FDAug: 0.6773, Var: 0.0000, Ctx: 6, MixCtx: 3, Train: 56.49%, Valid: 56.56%, Test In: 56.20% Test OOD1: 56.75% Test OOD2: 48.37% Test OOD3: 54.12% 
Epoch: 08, Loss: 4.0744, Cls: 1.3530, Ind: 0.0001, Med: 0.6758, Spu: 0.0007, FD: 1.3634, FDAug: 0.6814, Var: 0.0000, Ctx: 6, MixCtx: 3, Train: 58.35%, Valid: 58.31%, Test In: 57.56% Test OOD1: 60.48% Test OOD2: 50.14% Test OOD3: 56.77% 
Epoch: 09, Loss: 4.0820, Cls: 1.3564, Ind: 0.0001, Med: 0.6768, Spu: 0.0000, FD: 1.3659, FDAug: 0.6827, Var: 0.0000, Ctx: 6, MixCtx: 3, Train: 58.43%, Valid: 58.40%, Test In: 57.49% Test OOD1: 60.93% Test OOD2: 50.54% Test OOD3: 57.05% 
Epoch: 10, Loss: 4.0764, Cls: 1.3562, Ind: 0.0001, Med: 0.6772, Spu: 0.0003, FD: 1.3618, FDAug: 0.6808, Var: 0.0000, Ctx: 6, MixCtx: 3, Train: 58.37%, Valid: 58.33%, Test In: 57.42% Test OOD1: 61.02% Test OOD2: 50.70% Test OOD3: 57.13% 
Epoch: 11, Loss: 4.0642, Cls: 1.3531, Ind: 0.0002, Med: 0.6765, Spu: 0.0004, FD: 1.3559, FDAug: 0.6780, Var: 0.0000, Ctx: 6, MixCtx: 3, Train: 58.29%, Valid: 58.28%, Test In: 57.34% Test OOD1: 61.05% Test OOD2: 50.77% Test OOD3: 57.16% 
Epoch: 12, Loss: 4.0545, Cls: 1.3498, Ind: 0.0003, Med: 0.6756, Spu: 0.0001, FD: 1.3524, FDAug: 0.6763, Var: 0.0000, Ctx: 6, MixCtx: 3, Train: 58.28%, Valid: 58.29%, Test In: 57.32% Test OOD1: 61.09% Test OOD2: 50.81% Test OOD3: 57.19% 
Epoch: 13, Loss: 4.0523, Cls: 1.3482, Ind: 0.0003, Med: 0.6749, Spu: 0.0001, FD: 1.3524, FDAug: 0.6764, Var: 0.0000, Ctx: 6, MixCtx: 3, Train: 58.29%, Valid: 58.30%, Test In: 57.32% Test OOD1: 61.11% Test OOD2: 50.85% Test OOD3: 57.20% 
Epoch: 14, Loss: 4.0550, Cls: 1.3484, Ind: 0.0003, Med: 0.6747, Spu: 0.0002, FD: 1.3541, FDAug: 0.6773, Var: 0.0000, Ctx: 6, MixCtx: 3, Train: 58.30%, Valid: 58.34%, Test In: 57.33% Test OOD1: 61.13% Test OOD2: 50.87% Test OOD3: 57.20% 
Epoch: 15, Loss: 4.0572, Cls: 1.3491, Ind: 0.0002, Med: 0.6747, Spu: 0.0002, FD: 1.3553, FDAug: 0.6778, Var: 0.0000, Ctx: 6, MixCtx: 3, Train: 58.30%, Valid: 58.34%, Test In: 57.33% Test OOD1: 61.15% Test OOD2: 50.88% Test OOD3: 57.20% 
Epoch: 16, Loss: 4.0564, Cls: 1.3494, Ind: 0.0001, Med: 0.6744, Spu: 0.0000, FD: 1.3548, FDAug: 0.6776, Var: 0.0000, Ctx: 6, MixCtx: 3, Train: 58.31%, Valid: 58.34%, Test In: 57.33% Test OOD1: 61.16% Test OOD2: 50.88% Test OOD3: 57.23% 
Epoch: 17, Loss: 4.0527, Cls: 1.3489, Ind: 0.0001, Med: 0.6740, Spu: 0.0001, FD: 1.3530, FDAug: 0.6766, Var: 0.0000, Ctx: 6, MixCtx: 3, Train: 58.33%, Valid: 58.33%, Test In: 57.36% Test OOD1: 61.17% Test OOD2: 50.89% Test OOD3: 57.25% 
Epoch: 18, Loss: 4.0481, Cls: 1.3479, Ind: 0.0000, Med: 0.6735, Spu: 0.0002, FD: 1.3509, FDAug: 0.6755, Var: 0.0000, Ctx: 6, MixCtx: 3, Train: 58.33%, Valid: 58.33%, Test In: 57.36% Test OOD1: 61.17% Test OOD2: 50.89% Test OOD3: 57.28% 
Epoch: 19, Loss: 4.0447, Cls: 1.3471, Ind: 0.0001, Med: 0.6733, Spu: 0.0001, FD: 1.3494, FDAug: 0.6747, Var: 0.0000, Ctx: 6, MixCtx: 3, Train: 58.33%, Valid: 58.31%, Test In: 57.36% Test OOD1: 61.19% Test OOD2: 50.89% Test OOD3: 57.30% 
Epoch: 20, Loss: 4.0437, Cls: 1.3467, Ind: 0.0001, Med: 0.6734, Spu: 0.0000, FD: 1.3491, FDAug: 0.6745, Var: 0.0000, Ctx: 6, MixCtx: 3, Train: 58.35%, Valid: 58.32%, Test In: 57.38% Test OOD1: 61.21% Test OOD2: 50.90% Test OOD3: 57.31% 
Epoch: 21, Loss: 4.0448, Cls: 1.3467, Ind: 0.0001, Med: 0.6736, Spu: 0.0001, FD: 1.3496, FDAug: 0.6747, Var: 0.0000, Ctx: 6, MixCtx: 3, Train: 58.41%, Valid: 58.33%, Test In: 57.43% Test OOD1: 61.23% Test OOD2: 50.90% Test OOD3: 57.36% 
Epoch: 22, Loss: 4.0461, Cls: 1.3468, Ind: 0.0001, Med: 0.6736, Spu: 0.0002, FD: 1.3503, FDAug: 0.6750, Var: 0.0000, Ctx: 6, MixCtx: 3, Train: 58.47%, Valid: 58.37%, Test In: 57.48% Test OOD1: 61.26% Test OOD2: 50.91% Test OOD3: 57.40% 
Epoch: 23, Loss: 4.0456, Cls: 1.3466, Ind: 0.0001, Med: 0.6734, Spu: 0.0001, FD: 1.3503, FDAug: 0.6750, Var: 0.0000, Ctx: 6, MixCtx: 3, Train: 58.55%, Valid: 58.41%, Test In: 57.55% Test OOD1: 61.30% Test OOD2: 50.93% Test OOD3: 57.45% 
Epoch: 24, Loss: 4.0434, Cls: 1.3462, Ind: 0.0001, Med: 0.6730, Spu: 0.0000, FD: 1.3495, FDAug: 0.6747, Var: 0.0000, Ctx: 6, MixCtx: 3, Train: 58.63%, Valid: 58.47%, Test In: 57.64% Test OOD1: 61.34% Test OOD2: 50.94% Test OOD3: 57.50% 
Epoch: 25, Loss: 4.0408, Cls: 1.3456, Ind: 0.0001, Med: 0.6727, Spu: 0.0000, FD: 1.3483, FDAug: 0.6741, Var: 0.0000, Ctx: 6, MixCtx: 3, Train: 58.70%, Valid: 58.52%, Test In: 57.71% Test OOD1: 61.37% Test OOD2: 50.95% Test OOD3: 57.53% 
Epoch: 26, Loss: 4.0388, Cls: 1.3452, Ind: 0.0001, Med: 0.6724, Spu: 0.0001, FD: 1.3474, FDAug: 0.6737, Var: 0.0000, Ctx: 6, MixCtx: 3, Train: 58.80%, Valid: 58.58%, Test In: 57.80% Test OOD1: 61.41% Test OOD2: 50.97% Test OOD3: 57.58% 
Epoch: 27, Loss: 4.0375, Cls: 1.3448, Ind: 0.0000, Med: 0.6723, Spu: 0.0001, FD: 1.3468, FDAug: 0.6734, Var: 0.0000, Ctx: 6, MixCtx: 3, Train: 58.95%, Valid: 58.68%, Test In: 57.93% Test OOD1: 61.47% Test OOD2: 50.99% Test OOD3: 57.68% 
Epoch: 28, Loss: 4.0364, Cls: 1.3444, Ind: 0.0000, Med: 0.6721, Spu: 0.0000, FD: 1.3465, FDAug: 0.6733, Var: 0.0000, Ctx: 6, MixCtx: 3, Train: 59.08%, Valid: 58.76%, Test In: 58.04% Test OOD1: 61.53% Test OOD2: 51.01% Test OOD3: 57.76% 
Epoch: 29, Loss: 4.0351, Cls: 1.3438, Ind: 0.0001, Med: 0.6718, Spu: 0.0000, FD: 1.3463, FDAug: 0.6732, Var: 0.0000, Ctx: 6, MixCtx: 3, Train: 59.21%, Valid: 58.84%, Test In: 58.16% Test OOD1: 61.59% Test OOD2: 51.03% Test OOD3: 57.84% 
Epoch: 30, Loss: 4.0333, Cls: 1.3430, Ind: 0.0001, Med: 0.6713, Spu: 0.0001, FD: 1.3459, FDAug: 0.6730, Var: 0.0000, Ctx: 6, MixCtx: 3, Train: 59.36%, Valid: 58.92%, Test In: 58.30% Test OOD1: 61.65% Test OOD2: 51.04% Test OOD3: 57.92% 
Epoch: 31, Loss: 4.0310, Cls: 1.3421, Ind: 0.0001, Med: 0.6708, Spu: 0.0001, FD: 1.3452, FDAug: 0.6727, Var: 0.0000, Ctx: 6, MixCtx: 3, Train: 59.52%, Valid: 59.02%, Test In: 58.45% Test OOD1: 61.72% Test OOD2: 51.06% Test OOD3: 58.02% 
Epoch: 32, Loss: 4.0282, Cls: 1.3412, Ind: 0.0001, Med: 0.6704, Spu: 0.0000, FD: 1.3443, FDAug: 0.6722, Var: 0.0000, Ctx: 6, MixCtx: 3, Train: 59.70%, Valid: 59.14%, Test In: 58.62% Test OOD1: 61.81% Test OOD2: 51.08% Test OOD3: 58.13% 
Epoch: 33, Loss: 4.0250, Cls: 1.3401, Ind: 0.0001, Med: 0.6698, Spu: 0.0000, FD: 1.3433, FDAug: 0.6717, Var: 0.0000, Ctx: 6, MixCtx: 3, Train: 59.91%, Valid: 59.28%, Test In: 58.82% Test OOD1: 61.90% Test OOD2: 51.10% Test OOD3: 58.26% 
Epoch: 34, Loss: 4.0213, Cls: 1.3389, Ind: 0.0001, Med: 0.6691, Spu: 0.0000, FD: 1.3421, FDAug: 0.6711, Var: 0.0000, Ctx: 6, MixCtx: 3, Train: 60.16%, Valid: 59.45%, Test In: 59.06% Test OOD1: 62.00% Test OOD2: 51.13% Test OOD3: 58.40% 
Epoch: 35, Loss: 4.0168, Cls: 1.3373, Ind: 0.0001, Med: 0.6682, Spu: 0.0000, FD: 1.3408, FDAug: 0.6704, Var: 0.0000, Ctx: 6, MixCtx: 3, Train: 60.43%, Valid: 59.63%, Test In: 59.31% Test OOD1: 62.12% Test OOD2: 51.16% Test OOD3: 58.56% 
Epoch: 36, Loss: 4.0115, Cls: 1.3354, Ind: 0.0001, Med: 0.6671, Spu: 0.0000, FD: 1.3392, FDAug: 0.6696, Var: 0.0000, Ctx: 6, MixCtx: 3, Train: 60.72%, Valid: 59.83%, Test In: 59.58% Test OOD1: 62.23% Test OOD2: 51.20% Test OOD3: 58.72% 
Epoch: 37, Loss: 4.0053, Cls: 1.3331, Ind: 0.0001, Med: 0.6659, Spu: 0.0000, FD: 1.3375, FDAug: 0.6688, Var: 0.0000, Ctx: 6, MixCtx: 3, Train: 61.03%, Valid: 60.04%, Test In: 59.87% Test OOD1: 62.36% Test OOD2: 51.23% Test OOD3: 58.89% 
Epoch: 38, Loss: 3.9980, Cls: 1.3303, Ind: 0.0001, Med: 0.6644, Spu: 0.0000, FD: 1.3354, FDAug: 0.6677, Var: 0.0000, Ctx: 6, MixCtx: 3, Train: 61.36%, Valid: 60.28%, Test In: 60.18% Test OOD1: 62.49% Test OOD2: 51.28% Test OOD3: 59.06% 
Epoch: 39, Loss: 3.9892, Cls: 1.3271, Ind: 0.0001, Med: 0.6628, Spu: 0.0000, FD: 1.3328, FDAug: 0.6664, Var: 0.0000, Ctx: 6, MixCtx: 3, Train: 61.74%, Valid: 60.54%, Test In: 60.55% Test OOD1: 62.64% Test OOD2: 51.32% Test OOD3: 59.26% 
Epoch: 40, Loss: 3.9785, Cls: 1.3233, Ind: 0.0001, Med: 0.6609, Spu: 0.0000, FD: 1.3295, FDAug: 0.6648, Var: 0.0000, Ctx: 6, MixCtx: 3, Train: 62.17%, Valid: 60.85%, Test In: 60.98% Test OOD1: 62.81% Test OOD2: 51.38% Test OOD3: 59.47% 
Epoch: 41, Loss: 3.9657, Cls: 1.3188, Ind: 0.0001, Med: 0.6586, Spu: 0.0000, FD: 1.3254, FDAug: 0.6627, Var: 0.0000, Ctx: 6, MixCtx: 3, Train: 62.63%, Valid: 61.16%, Test In: 61.41% Test OOD1: 62.98% Test OOD2: 51.42% Test OOD3: 59.70% 
Epoch: 42, Loss: 3.9510, Cls: 1.3136, Ind: 0.0001, Med: 0.6561, Spu: 0.0001, FD: 1.3207, FDAug: 0.6604, Var: 0.0000, Ctx: 6, MixCtx: 3, Train: 63.11%, Valid: 61.48%, Test In: 61.85% Test OOD1: 63.15% Test OOD2: 51.49% Test OOD3: 59.94% 
Epoch: 43, Loss: 3.9349, Cls: 1.3082, Ind: 0.0002, Med: 0.6536, Spu: 0.0001, FD: 1.3152, FDAug: 0.6576, Var: 0.0000, Ctx: 6, MixCtx: 3, Train: 63.78%, Valid: 61.96%, Test In: 62.49% Test OOD1: 63.41% Test OOD2: 51.58% Test OOD3: 60.25% 
Epoch: 44, Loss: 3.9186, Cls: 1.3030, Ind: 0.0002, Med: 0.6517, Spu: 0.0001, FD: 1.3090, FDAug: 0.6546, Var: 0.0000, Ctx: 6, MixCtx: 3, Train: 64.34%, Valid: 62.35%, Test In: 63.02% Test OOD1: 63.64% Test OOD2: 51.66% Test OOD3: 60.51% 
Epoch: 45, Loss: 3.9022, Cls: 1.2982, Ind: 0.0002, Med: 0.6500, Spu: 0.0002, FD: 1.3024, FDAug: 0.6512, Var: 0.0000, Ctx: 6, MixCtx: 3, Train: 65.51%, Valid: 63.17%, Test In: 64.14% Test OOD1: 64.10% Test OOD2: 51.82% Test OOD3: 61.01% 
Epoch: 46, Loss: 3.8891, Cls: 1.2946, Ind: 0.0002, Med: 0.6491, Spu: 0.0005, FD: 1.2964, FDAug: 0.6483, Var: 0.0000, Ctx: 6, MixCtx: 3, Train: 65.84%, Valid: 63.46%, Test In: 64.43% Test OOD1: 64.30% Test OOD2: 51.83% Test OOD3: 61.15% 
Epoch: 47, Loss: 3.8718, Cls: 1.2899, Ind: 0.0002, Med: 0.6469, Spu: 0.0003, FD: 1.2898, FDAug: 0.6449, Var: 0.0000, Ctx: 6, MixCtx: 3, Train: 67.03%, Valid: 64.35%, Test In: 65.59% Test OOD1: 64.82% Test OOD2: 51.97% Test OOD3: 61.64% 
Epoch: 48, Loss: 3.8386, Cls: 1.2778, Ind: 0.0001, Med: 0.6400, Spu: 0.0004, FD: 1.2801, FDAug: 0.6402, Var: 0.0000, Ctx: 6, MixCtx: 3, Train: 68.25%, Valid: 65.25%, Test In: 66.80% Test OOD1: 65.28% Test OOD2: 52.13% Test OOD3: 62.07% 
Epoch: 49, Loss: 3.8262, Cls: 1.2731, Ind: 0.0002, Med: 0.6371, Spu: 0.0005, FD: 1.2767, FDAug: 0.6386, Var: 0.0000, Ctx: 6, MixCtx: 3, Train: 68.79%, Valid: 65.71%, Test In: 67.33% Test OOD1: 65.58% Test OOD2: 52.12% Test OOD3: 62.29% 
Epoch: 50, Loss: 3.7959, Cls: 1.2648, Ind: 0.0001, Med: 0.6333, Spu: 0.0005, FD: 1.2647, FDAug: 0.6324, Var: 0.0000, Ctx: 6, MixCtx: 3, Train: 69.80%, Valid: 66.45%, Test In: 68.34% Test OOD1: 65.95% Test OOD2: 52.30% Test OOD3: 62.61% 
Epoch: 51, Loss: 3.7553, Cls: 1.2502, Ind: 0.0001, Med: 0.6251, Spu: 0.0005, FD: 1.2527, FDAug: 0.6265, Var: 0.0000, Ctx: 6, MixCtx: 3, Train: 70.76%, Valid: 67.17%, Test In: 69.34% Test OOD1: 66.24% Test OOD2: 52.50% Test OOD3: 62.85% 
Epoch: 52, Loss: 3.7473, Cls: 1.2462, Ind: 0.0002, Med: 0.6222, Spu: 0.0006, FD: 1.2519, FDAug: 0.6262, Var: 0.0000, Ctx: 6, MixCtx: 3, Train: 70.96%, Valid: 67.38%, Test In: 69.54% Test OOD1: 66.34% Test OOD2: 52.48% Test OOD3: 62.93% 
Epoch: 53, Loss: 3.7217, Cls: 1.2409, Ind: 0.0001, Med: 0.6211, Spu: 0.0008, FD: 1.2392, FDAug: 0.6196, Var: 0.0000, Ctx: 6, MixCtx: 3, Train: 71.62%, Valid: 67.89%, Test In: 70.23% Test OOD1: 66.36% Test OOD2: 52.64% Test OOD3: 63.07% 
Epoch: 54, Loss: 3.6755, Cls: 1.2240, Ind: 0.0001, Med: 0.6117, Spu: 0.0006, FD: 1.2260, FDAug: 0.6131, Var: 0.0000, Ctx: 6, MixCtx: 3, Train: 72.02%, Valid: 68.15%, Test In: 70.72% Test OOD1: 66.16% Test OOD2: 52.78% Test OOD3: 63.11% 
Epoch: 55, Loss: 3.6715, Cls: 1.2221, Ind: 0.0001, Med: 0.6105, Spu: 0.0004, FD: 1.2255, FDAug: 0.6129, Var: 0.0000, Ctx: 6, MixCtx: 3, Train: 72.10%, Valid: 68.29%, Test In: 70.71% Test OOD1: 66.33% Test OOD2: 52.71% Test OOD3: 63.13% 
Epoch: 56, Loss: 3.6823, Cls: 1.2284, Ind: 0.0001, Med: 0.6150, Spu: 0.0004, FD: 1.2257, FDAug: 0.6126, Var: 0.0000, Ctx: 6, MixCtx: 3, Train: 72.34%, Valid: 68.43%, Test In: 71.29% Test OOD1: 65.76% Test OOD2: 52.92% Test OOD3: 63.06% 
Epoch: 57, Loss: 3.6530, Cls: 1.2163, Ind: 0.0001, Med: 0.6077, Spu: 0.0002, FD: 1.2190, FDAug: 0.6096, Var: 0.0000, Ctx: 6, MixCtx: 3, Train: 72.46%, Valid: 68.54%, Test In: 71.42% Test OOD1: 65.75% Test OOD2: 52.93% Test OOD3: 63.10% 
Epoch: 58, Loss: 3.6271, Cls: 1.2085, Ind: 0.0001, Med: 0.6042, Spu: 0.0002, FD: 1.2094, FDAug: 0.6047, Var: 0.0000, Ctx: 6, MixCtx: 3, Train: 72.57%, Valid: 68.71%, Test In: 71.35% Test OOD1: 66.07% Test OOD2: 52.89% Test OOD3: 63.18% 
Epoch: 59, Loss: 3.6630, Cls: 1.2213, Ind: 0.0001, Med: 0.6109, Spu: 0.0001, FD: 1.2206, FDAug: 0.6101, Var: 0.0000, Ctx: 6, MixCtx: 3, Train: 72.60%, Valid: 68.51%, Test In: 71.71% Test OOD1: 65.22% Test OOD2: 53.00% Test OOD3: 62.95% 
Epoch: 60, Loss: 3.6493, Cls: 1.2161, Ind: 0.0001, Med: 0.6080, Spu: 0.0001, FD: 1.2165, FDAug: 0.6084, Var: 0.0000, Ctx: 6, MixCtx: 3, Train: 72.73%, Valid: 68.65%, Test In: 71.79% Test OOD1: 65.39% Test OOD2: 53.02% Test OOD3: 63.03% 
Epoch: 61, Loss: 3.6194, Cls: 1.2062, Ind: 0.0001, Med: 0.6032, Spu: 0.0001, FD: 1.2065, FDAug: 0.6033, Var: 0.0000, Ctx: 6, MixCtx: 3, Train: 72.87%, Valid: 68.94%, Test In: 71.69% Test OOD1: 65.95% Test OOD2: 52.98% Test OOD3: 63.17% 
Epoch: 62, Loss: 3.6584, Cls: 1.2178, Ind: 0.0001, Med: 0.6082, Spu: 0.0001, FD: 1.2216, FDAug: 0.6106, Var: 0.0000, Ctx: 6, MixCtx: 3, Train: 72.91%, Valid: 68.82%, Test In: 71.92% Test OOD1: 65.37% Test OOD2: 53.03% Test OOD3: 63.03% 
Epoch: 63, Loss: 3.6144, Cls: 1.2047, Ind: 0.0001, Med: 0.6026, Spu: 0.0001, FD: 1.2045, FDAug: 0.6024, Var: 0.0000, Ctx: 6, MixCtx: 3, Train: 72.98%, Valid: 68.84%, Test In: 71.99% Test OOD1: 65.27% Test OOD2: 53.06% Test OOD3: 63.00% 
Epoch: 64, Loss: 3.6287, Cls: 1.2101, Ind: 0.0001, Med: 0.6057, Spu: 0.0001, FD: 1.2084, FDAug: 0.6043, Var: 0.0000, Ctx: 6, MixCtx: 3, Train: 73.13%, Valid: 69.20%, Test In: 71.96% Test OOD1: 65.83% Test OOD2: 53.04% Test OOD3: 63.21% 
Epoch: 65, Loss: 3.6096, Cls: 1.2017, Ind: 0.0001, Med: 0.6004, Spu: 0.0001, FD: 1.2049, FDAug: 0.6024, Var: 0.0000, Ctx: 6, MixCtx: 3, Train: 73.22%, Valid: 69.32%, Test In: 72.01% Test OOD1: 65.90% Test OOD2: 53.05% Test OOD3: 63.25% 
Epoch: 66, Loss: 3.6036, Cls: 1.1999, Ind: 0.0001, Med: 0.5995, Spu: 0.0001, FD: 1.2028, FDAug: 0.6013, Var: 0.0000, Ctx: 6, MixCtx: 3, Train: 73.30%, Valid: 69.31%, Test In: 72.20% Test OOD1: 65.62% Test OOD2: 53.10% Test OOD3: 63.18% 
Epoch: 67, Loss: 3.6058, Cls: 1.2024, Ind: 0.0001, Med: 0.6017, Spu: 0.0001, FD: 1.2010, FDAug: 0.6006, Var: 0.0000, Ctx: 6, MixCtx: 3, Train: 73.41%, Valid: 69.49%, Test In: 72.25% Test OOD1: 65.85% Test OOD2: 53.09% Test OOD3: 63.26% 
Epoch: 68, Loss: 3.5880, Cls: 1.1960, Ind: 0.0001, Med: 0.5982, Spu: 0.0001, FD: 1.1957, FDAug: 0.5979, Var: 0.0000, Ctx: 6, MixCtx: 3, Train: 73.43%, Valid: 69.65%, Test In: 72.12% Test OOD1: 66.22% Test OOD2: 53.05% Test OOD3: 63.38% 
Epoch: 69, Loss: 3.5996, Cls: 1.1990, Ind: 0.0001, Med: 0.5991, Spu: 0.0001, FD: 1.2010, FDAug: 0.6003, Var: 0.0000, Ctx: 6, MixCtx: 3, Train: 73.58%, Valid: 69.75%, Test In: 72.30% Test OOD1: 66.15% Test OOD2: 53.07% Test OOD3: 63.37% 
Epoch: 70, Loss: 3.5741, Cls: 1.1911, Ind: 0.0001, Med: 0.5955, Spu: 0.0001, FD: 1.1916, FDAug: 0.5958, Var: 0.0000, Ctx: 6, MixCtx: 3, Train: 73.69%, Valid: 69.84%, Test In: 72.47% Test OOD1: 66.08% Test OOD2: 53.10% Test OOD3: 63.34% 
Epoch: 71, Loss: 3.5870, Cls: 1.1953, Ind: 0.0001, Med: 0.5976, Spu: 0.0001, FD: 1.1959, FDAug: 0.5980, Var: 0.0000, Ctx: 6, MixCtx: 3, Train: 73.72%, Valid: 69.97%, Test In: 72.40% Test OOD1: 66.35% Test OOD2: 53.07% Test OOD3: 63.43% 
Epoch: 72, Loss: 3.5672, Cls: 1.1888, Ind: 0.0001, Med: 0.5944, Spu: 0.0001, FD: 1.1893, FDAug: 0.5946, Var: 0.0000, Ctx: 6, MixCtx: 3, Train: 73.76%, Valid: 70.07%, Test In: 72.42% Test OOD1: 66.51% Test OOD2: 53.06% Test OOD3: 63.47% 
Epoch: 73, Loss: 3.5728, Cls: 1.1909, Ind: 0.0001, Med: 0.5955, Spu: 0.0000, FD: 1.1910, FDAug: 0.5954, Var: 0.0000, Ctx: 6, MixCtx: 3, Train: 73.96%, Valid: 70.22%, Test In: 72.71% Test OOD1: 66.32% Test OOD2: 53.10% Test OOD3: 63.40% 
Epoch: 74, Loss: 3.5648, Cls: 1.1877, Ind: 0.0000, Med: 0.5937, Spu: 0.0000, FD: 1.1888, FDAug: 0.5945, Var: 0.0000, Ctx: 6, MixCtx: 3, Train: 74.05%, Valid: 70.35%, Test In: 72.80% Test OOD1: 66.39% Test OOD2: 53.08% Test OOD3: 63.41% 
Epoch: 75, Loss: 3.5554, Cls: 1.1847, Ind: 0.0000, Med: 0.5922, Spu: 0.0000, FD: 1.1856, FDAug: 0.5929, Var: 0.0000, Ctx: 6, MixCtx: 3, Train: 74.05%, Valid: 70.44%, Test In: 72.76% Test OOD1: 66.67% Test OOD2: 53.05% Test OOD3: 63.51% 
Epoch: 76, Loss: 3.5600, Cls: 1.1867, Ind: 0.0000, Med: 0.5934, Spu: 0.0000, FD: 1.1866, FDAug: 0.5932, Var: 0.0000, Ctx: 6, MixCtx: 3, Train: 74.24%, Valid: 70.61%, Test In: 73.04% Test OOD1: 66.47% Test OOD2: 53.07% Test OOD3: 63.41% 
Epoch: 77, Loss: 3.5420, Cls: 1.1804, Ind: 0.0000, Med: 0.5901, Spu: 0.0000, FD: 1.1809, FDAug: 0.5905, Var: 0.0000, Ctx: 6, MixCtx: 3, Train: 74.37%, Valid: 70.75%, Test In: 73.22% Test OOD1: 66.38% Test OOD2: 53.09% Test OOD3: 63.36% 
Epoch: 78, Loss: 3.5447, Cls: 1.1813, Ind: 0.0000, Med: 0.5906, Spu: 0.0000, FD: 1.1817, FDAug: 0.5910, Var: 0.0000, Ctx: 6, MixCtx: 3, Train: 74.38%, Valid: 70.84%, Test In: 73.16% Test OOD1: 66.71% Test OOD2: 53.05% Test OOD3: 63.49% 
Epoch: 79, Loss: 3.5437, Cls: 1.1810, Ind: 0.0000, Med: 0.5904, Spu: 0.0000, FD: 1.1816, FDAug: 0.5907, Var: 0.0000, Ctx: 6, MixCtx: 3, Train: 74.54%, Valid: 70.99%, Test In: 73.40% Test OOD1: 66.43% Test OOD2: 53.08% Test OOD3: 63.37% 
Epoch: 80, Loss: 3.5282, Cls: 1.1759, Ind: 0.0000, Med: 0.5879, Spu: 0.0000, FD: 1.1762, FDAug: 0.5882, Var: 0.0000, Ctx: 6, MixCtx: 3, Train: 74.64%, Valid: 71.11%, Test In: 73.52% Test OOD1: 66.32% Test OOD2: 53.09% Test OOD3: 63.31% 
Epoch: 81, Loss: 3.5277, Cls: 1.1758, Ind: 0.0000, Med: 0.5879, Spu: 0.0000, FD: 1.1759, FDAug: 0.5881, Var: 0.0000, Ctx: 6, MixCtx: 3, Train: 74.67%, Valid: 71.22%, Test In: 73.49% Test OOD1: 66.71% Test OOD2: 53.04% Test OOD3: 63.46% 
Epoch: 82, Loss: 3.5329, Cls: 1.1772, Ind: 0.0000, Med: 0.5884, Spu: 0.0000, FD: 1.1783, FDAug: 0.5889, Var: 0.0000, Ctx: 6, MixCtx: 3, Train: 74.81%, Valid: 71.35%, Test In: 73.72% Test OOD1: 66.18% Test OOD2: 53.09% Test OOD3: 63.24% 
Epoch: 83, Loss: 3.5268, Cls: 1.1755, Ind: 0.0000, Med: 0.5878, Spu: 0.0000, FD: 1.1755, FDAug: 0.5879, Var: 0.0000, Ctx: 6, MixCtx: 3, Train: 74.88%, Valid: 71.47%, Test In: 73.72% Test OOD1: 66.56% Test OOD2: 53.05% Test OOD3: 63.38% 
Epoch: 84, Loss: 3.5143, Cls: 1.1711, Ind: 0.0000, Med: 0.5854, Spu: 0.0000, FD: 1.1719, FDAug: 0.5859, Var: 0.0000, Ctx: 6, MixCtx: 3, Train: 74.97%, Valid: 71.59%, Test In: 73.81% Test OOD1: 66.53% Test OOD2: 53.06% Test OOD3: 63.36% 
Epoch: 85, Loss: 3.5101, Cls: 1.1697, Ind: 0.0000, Med: 0.5848, Spu: 0.0000, FD: 1.1704, FDAug: 0.5852, Var: 0.0000, Ctx: 6, MixCtx: 3, Train: 75.06%, Valid: 71.71%, Test In: 73.93% Test OOD1: 66.25% Test OOD2: 53.09% Test OOD3: 63.26% 
Epoch: 86, Loss: 3.5140, Cls: 1.1709, Ind: 0.0000, Med: 0.5854, Spu: 0.0000, FD: 1.1716, FDAug: 0.5860, Var: 0.0000, Ctx: 6, MixCtx: 3, Train: 75.09%, Valid: 71.80%, Test In: 73.86% Test OOD1: 66.80% Test OOD2: 53.03% Test OOD3: 63.46% 
Epoch: 87, Loss: 3.5191, Cls: 1.1729, Ind: 0.0000, Med: 0.5865, Spu: 0.0000, FD: 1.1733, FDAug: 0.5864, Var: 0.0000, Ctx: 6, MixCtx: 3, Train: 75.19%, Valid: 71.93%, Test In: 74.07% Test OOD1: 66.13% Test OOD2: 53.11% Test OOD3: 63.22% 
Epoch: 88, Loss: 3.5219, Cls: 1.1734, Ind: 0.0000, Med: 0.5866, Spu: 0.0000, FD: 1.1744, FDAug: 0.5875, Var: 0.0000, Ctx: 6, MixCtx: 3, Train: 75.23%, Valid: 72.01%, Test In: 73.98% Test OOD1: 66.86% Test OOD2: 53.03% Test OOD3: 63.47% 
Epoch: 89, Loss: 3.5123, Cls: 1.1707, Ind: 0.0000, Med: 0.5854, Spu: 0.0000, FD: 1.1709, FDAug: 0.5852, Var: 0.0000, Ctx: 6, MixCtx: 3, Train: 75.34%, Valid: 72.14%, Test In: 74.14% Test OOD1: 66.42% Test OOD2: 53.11% Test OOD3: 63.31% 
Epoch: 90, Loss: 3.5006, Cls: 1.1664, Ind: 0.0000, Med: 0.5831, Spu: 0.0000, FD: 1.1672, FDAug: 0.5838, Var: 0.0000, Ctx: 6, MixCtx: 3, Train: 75.39%, Valid: 72.23%, Test In: 74.14% Test OOD1: 66.67% Test OOD2: 53.08% Test OOD3: 63.39% 
Epoch: 91, Loss: 3.4929, Cls: 1.1640, Ind: 0.0000, Med: 0.5819, Spu: 0.0000, FD: 1.1646, FDAug: 0.5823, Var: 0.0000, Ctx: 6, MixCtx: 3, Train: 75.43%, Valid: 72.31%, Test In: 74.14% Test OOD1: 66.82% Test OOD2: 53.07% Test OOD3: 63.44% 
Epoch: 92, Loss: 3.4930, Cls: 1.1641, Ind: 0.0000, Med: 0.5820, Spu: 0.0000, FD: 1.1646, FDAug: 0.5822, Var: 0.0000, Ctx: 6, MixCtx: 3, Train: 75.50%, Valid: 72.40%, Test In: 74.24% Test OOD1: 66.49% Test OOD2: 53.13% Test OOD3: 63.34% 
Epoch: 93, Loss: 3.4979, Cls: 1.1657, Ind: 0.0000, Med: 0.5829, Spu: 0.0000, FD: 1.1660, FDAug: 0.5833, Var: 0.0000, Ctx: 6, MixCtx: 3, Train: 75.49%, Valid: 72.43%, Test In: 74.13% Test OOD1: 67.06% Test OOD2: 53.04% Test OOD3: 63.53% 
Epoch: 94, Loss: 3.5031, Cls: 1.1675, Ind: 0.0000, Med: 0.5837, Spu: 0.0000, FD: 1.1680, FDAug: 0.5837, Var: 0.0000, Ctx: 6, MixCtx: 3, Train: 75.59%, Valid: 72.54%, Test In: 74.31% Test OOD1: 66.39% Test OOD2: 53.15% Test OOD3: 63.32% 
Epoch: 95, Loss: 3.5105, Cls: 1.1701, Ind: 0.0000, Med: 0.5852, Spu: 0.0000, FD: 1.1699, FDAug: 0.5853, Var: 0.0000, Ctx: 6, MixCtx: 3, Train: 75.58%, Valid: 72.54%, Test In: 74.17% Test OOD1: 67.11% Test OOD2: 53.06% Test OOD3: 63.56% 
Epoch: 96, Loss: 3.5054, Cls: 1.1684, Ind: 0.0000, Med: 0.5842, Spu: 0.0000, FD: 1.1688, FDAug: 0.5840, Var: 0.0000, Ctx: 6, MixCtx: 3, Train: 75.67%, Valid: 72.65%, Test In: 74.35% Test OOD1: 66.47% Test OOD2: 53.18% Test OOD3: 63.35% 
Epoch: 97, Loss: 3.4959, Cls: 1.1651, Ind: 0.0000, Med: 0.5826, Spu: 0.0000, FD: 1.1653, FDAug: 0.5830, Var: 0.0000, Ctx: 6, MixCtx: 3, Train: 75.70%, Valid: 72.67%, Test In: 74.29% Test OOD1: 66.90% Test OOD2: 53.11% Test OOD3: 63.50% 
Epoch: 98, Loss: 3.4814, Cls: 1.1603, Ind: 0.0000, Med: 0.5802, Spu: 0.0000, FD: 1.1607, FDAug: 0.5803, Var: 0.0000, Ctx: 6, MixCtx: 3, Train: 75.74%, Valid: 72.72%, Test In: 74.32% Test OOD1: 66.83% Test OOD2: 53.14% Test OOD3: 63.48% 
Epoch: 99, Loss: 3.4768, Cls: 1.1588, Ind: 0.0000, Med: 0.5794, Spu: 0.0000, FD: 1.1591, FDAug: 0.5796, Var: 0.0000, Ctx: 6, MixCtx: 3, Train: 75.78%, Valid: 72.78%, Test In: 74.38% Test OOD1: 66.61% Test OOD2: 53.19% Test OOD3: 63.42% 
Epoch: 100, Loss: 3.4823, Cls: 1.1606, Ind: 0.0000, Med: 0.5803, Spu: 0.0000, FD: 1.1608, FDAug: 0.5806, Var: 0.0000, Ctx: 6, MixCtx: 3, Train: 75.78%, Valid: 72.78%, Test In: 74.30% Test OOD1: 67.09% Test OOD2: 53.13% Test OOD3: 63.60% 
Epoch: 101, Loss: 3.4892, Cls: 1.1630, Ind: 0.0000, Med: 0.5815, Spu: 0.0000, FD: 1.1633, FDAug: 0.5814, Var: 0.0000, Ctx: 6, MixCtx: 3, Train: 75.86%, Valid: 72.85%, Test In: 74.42% Test OOD1: 66.53% Test OOD2: 53.23% Test OOD3: 63.39% 
Epoch: 102, Loss: 3.4952, Cls: 1.1650, Ind: 0.0000, Med: 0.5826, Spu: 0.0000, FD: 1.1648, FDAug: 0.5828, Var: 0.0000, Ctx: 6, MixCtx: 3, Train: 75.85%, Valid: 72.84%, Test In: 74.32% Test OOD1: 67.16% Test OOD2: 53.14% Test OOD3: 63.65% 
Epoch: 103, Loss: 3.4899, Cls: 1.1632, Ind: 0.0000, Med: 0.5816, Spu: 0.0000, FD: 1.1636, FDAug: 0.5814, Var: 0.0000, Ctx: 6, MixCtx: 3, Train: 75.94%, Valid: 72.93%, Test In: 74.45% Test OOD1: 66.68% Test OOD2: 53.22% Test OOD3: 63.46% 
Epoch: 104, Loss: 3.4806, Cls: 1.1601, Ind: 0.0000, Med: 0.5801, Spu: 0.0000, FD: 1.1600, FDAug: 0.5803, Var: 0.0000, Ctx: 6, MixCtx: 3, Train: 75.96%, Valid: 72.94%, Test In: 74.40% Test OOD1: 67.04% Test OOD2: 53.17% Test OOD3: 63.61% 
Epoch: 105, Loss: 3.4687, Cls: 1.1561, Ind: 0.0000, Med: 0.5781, Spu: 0.0000, FD: 1.1564, FDAug: 0.5781, Var: 0.0000, Ctx: 6, MixCtx: 3, Train: 76.00%, Valid: 72.99%, Test In: 74.43% Test OOD1: 67.00% Test OOD2: 53.17% Test OOD3: 63.60% 
Epoch: 106, Loss: 3.4646, Cls: 1.1547, Ind: 0.0000, Med: 0.5774, Spu: 0.0000, FD: 1.1550, FDAug: 0.5775, Var: 0.0000, Ctx: 6, MixCtx: 3, Train: 76.05%, Valid: 73.06%, Test In: 74.48% Test OOD1: 66.85% Test OOD2: 53.20% Test OOD3: 63.56% 
Epoch: 107, Loss: 3.4680, Cls: 1.1559, Ind: 0.0000, Med: 0.5780, Spu: 0.0000, FD: 1.1559, FDAug: 0.5782, Var: 0.0000, Ctx: 6, MixCtx: 3, Train: 76.04%, Valid: 73.02%, Test In: 74.42% Test OOD1: 67.25% Test OOD2: 53.14% Test OOD3: 63.72% 
Epoch: 108, Loss: 3.4736, Cls: 1.1578, Ind: 0.0000, Med: 0.5788, Spu: 0.0000, FD: 1.1582, FDAug: 0.5788, Var: 0.0000, Ctx: 6, MixCtx: 3, Train: 76.12%, Valid: 73.14%, Test In: 74.53% Test OOD1: 66.76% Test OOD2: 53.24% Test OOD3: 63.53% 
Epoch: 109, Loss: 3.4817, Cls: 1.1605, Ind: 0.0000, Med: 0.5804, Spu: 0.0000, FD: 1.1602, FDAug: 0.5805, Var: 0.0000, Ctx: 6, MixCtx: 3, Train: 76.09%, Valid: 73.06%, Test In: 74.43% Test OOD1: 67.36% Test OOD2: 53.13% Test OOD3: 63.78% 
Epoch: 110, Loss: 3.4833, Cls: 1.1609, Ind: 0.0000, Med: 0.5804, Spu: 0.0000, FD: 1.1616, FDAug: 0.5803, Var: 0.0000, Ctx: 6, MixCtx: 3, Train: 76.19%, Valid: 73.21%, Test In: 74.55% Test OOD1: 66.76% Test OOD2: 53.25% Test OOD3: 63.54% 
Epoch: 111, Loss: 3.4827, Cls: 1.1609, Ind: 0.0000, Med: 0.5806, Spu: 0.0000, FD: 1.1605, FDAug: 0.5807, Var: 0.0000, Ctx: 6, MixCtx: 3, Train: 76.16%, Valid: 73.14%, Test In: 74.47% Test OOD1: 67.34% Test OOD2: 53.14% Test OOD3: 63.79% 
Epoch: 112, Loss: 3.4713, Cls: 1.1569, Ind: 0.0000, Med: 0.5784, Spu: 0.0000, FD: 1.1575, FDAug: 0.5784, Var: 0.0000, Ctx: 6, MixCtx: 3, Train: 76.25%, Valid: 73.23%, Test In: 74.56% Test OOD1: 67.00% Test OOD2: 53.22% Test OOD3: 63.66% 
Epoch: 113, Loss: 3.4583, Cls: 1.1527, Ind: 0.0000, Med: 0.5765, Spu: 0.0000, FD: 1.1525, FDAug: 0.5765, Var: 0.0000, Ctx: 6, MixCtx: 3, Train: 76.27%, Valid: 73.23%, Test In: 74.55% Test OOD1: 67.15% Test OOD2: 53.20% Test OOD3: 63.74% 
Epoch: 114, Loss: 3.4525, Cls: 1.1508, Ind: 0.0000, Med: 0.5754, Spu: 0.0000, FD: 1.1508, FDAug: 0.5755, Var: 0.0000, Ctx: 6, MixCtx: 3, Train: 76.27%, Valid: 73.22%, Test In: 74.53% Test OOD1: 67.35% Test OOD2: 53.17% Test OOD3: 63.82% 
Epoch: 115, Loss: 3.4567, Cls: 1.1520, Ind: 0.0000, Med: 0.5760, Spu: 0.0000, FD: 1.1525, FDAug: 0.5761, Var: 0.0000, Ctx: 6, MixCtx: 3, Train: 76.35%, Valid: 73.31%, Test In: 74.61% Test OOD1: 67.04% Test OOD2: 53.25% Test OOD3: 63.69% 
Epoch: 116, Loss: 3.4663, Cls: 1.1555, Ind: 0.0000, Med: 0.5779, Spu: 0.0000, FD: 1.1550, FDAug: 0.5779, Var: 0.0000, Ctx: 6, MixCtx: 3, Train: 76.29%, Valid: 73.20%, Test In: 74.52% Test OOD1: 67.57% Test OOD2: 53.14% Test OOD3: 63.90% 
Epoch: 117, Loss: 3.4766, Cls: 1.1587, Ind: 0.0000, Med: 0.5792, Spu: 0.0000, FD: 1.1595, FDAug: 0.5792, Var: 0.0000, Ctx: 6, MixCtx: 3, Train: 76.40%, Valid: 73.34%, Test In: 74.65% Test OOD1: 66.95% Test OOD2: 53.29% Test OOD3: 63.66% 
Epoch: 118, Loss: 3.4873, Cls: 1.1625, Ind: 0.0000, Med: 0.5814, Spu: 0.0000, FD: 1.1619, FDAug: 0.5815, Var: 0.0000, Ctx: 6, MixCtx: 3, Train: 76.35%, Valid: 73.23%, Test In: 74.56% Test OOD1: 67.60% Test OOD2: 53.15% Test OOD3: 63.93% 
Epoch: 119, Loss: 3.4784, Cls: 1.1594, Ind: 0.0000, Med: 0.5797, Spu: 0.0000, FD: 1.1599, FDAug: 0.5794, Var: 0.0000, Ctx: 6, MixCtx: 3, Train: 76.46%, Valid: 73.37%, Test In: 74.68% Test OOD1: 67.11% Test OOD2: 53.29% Test OOD3: 63.75% 
Epoch: 120, Loss: 3.4597, Cls: 1.1530, Ind: 0.0000, Med: 0.5766, Spu: 0.0000, FD: 1.1531, FDAug: 0.5769, Var: 0.0000, Ctx: 6, MixCtx: 3, Train: 76.47%, Valid: 73.33%, Test In: 74.65% Test OOD1: 67.41% Test OOD2: 53.23% Test OOD3: 63.89% 
Epoch: 121, Loss: 3.4439, Cls: 1.1479, Ind: 0.0000, Med: 0.5740, Spu: 0.0000, FD: 1.1480, FDAug: 0.5740, Var: 0.0000, Ctx: 6, MixCtx: 3, Train: 76.48%, Valid: 73.32%, Test In: 74.64% Test OOD1: 67.53% Test OOD2: 53.21% Test OOD3: 63.94% 
Epoch: 122, Loss: 3.4477, Cls: 1.1492, Ind: 0.0000, Med: 0.5746, Spu: 0.0000, FD: 1.1493, FDAug: 0.5745, Var: 0.0000, Ctx: 6, MixCtx: 3, Train: 76.55%, Valid: 73.41%, Test In: 74.71% Test OOD1: 67.21% Test OOD2: 53.31% Test OOD3: 63.80% 
Epoch: 123, Loss: 3.4612, Cls: 1.1536, Ind: 0.0000, Med: 0.5769, Spu: 0.0000, FD: 1.1535, FDAug: 0.5772, Var: 0.0000, Ctx: 6, MixCtx: 3, Train: 76.49%, Valid: 73.30%, Test In: 74.62% Test OOD1: 67.73% Test OOD2: 53.20% Test OOD3: 64.02% 
Epoch: 124, Loss: 3.4626, Cls: 1.1541, Ind: 0.0000, Med: 0.5770, Spu: 0.0000, FD: 1.1546, FDAug: 0.5769, Var: 0.0000, Ctx: 6, MixCtx: 3, Train: 76.60%, Valid: 73.42%, Test In: 74.72% Test OOD1: 67.35% Test OOD2: 53.31% Test OOD3: 63.86% 
Epoch: 125, Loss: 3.4529, Cls: 1.1510, Ind: 0.0000, Med: 0.5756, Spu: 0.0000, FD: 1.1507, FDAug: 0.5757, Var: 0.0000, Ctx: 6, MixCtx: 3, Train: 76.59%, Valid: 73.36%, Test In: 74.67% Test OOD1: 67.64% Test OOD2: 53.25% Test OOD3: 64.00% 
Epoch: 126, Loss: 3.4395, Cls: 1.1464, Ind: 0.0000, Med: 0.5732, Spu: 0.0000, FD: 1.1467, FDAug: 0.5732, Var: 0.0000, Ctx: 6, MixCtx: 3, Train: 76.65%, Valid: 73.40%, Test In: 74.71% Test OOD1: 67.57% Test OOD2: 53.28% Test OOD3: 63.96% 
Epoch: 127, Loss: 3.4345, Cls: 1.1447, Ind: 0.0000, Med: 0.5724, Spu: 0.0000, FD: 1.1449, FDAug: 0.5725, Var: 0.0000, Ctx: 6, MixCtx: 3, Train: 76.69%, Valid: 73.46%, Test In: 74.75% Test OOD1: 67.41% Test OOD2: 53.32% Test OOD3: 63.90% 
Epoch: 128, Loss: 3.4382, Cls: 1.1460, Ind: 0.0000, Med: 0.5730, Spu: 0.0000, FD: 1.1460, FDAug: 0.5732, Var: 0.0000, Ctx: 6, MixCtx: 3, Train: 76.68%, Valid: 73.41%, Test In: 74.72% Test OOD1: 67.67% Test OOD2: 53.27% Test OOD3: 64.03% 
Epoch: 129, Loss: 3.4449, Cls: 1.1483, Ind: 0.0000, Med: 0.5742, Spu: 0.0000, FD: 1.1485, FDAug: 0.5740, Var: 0.0000, Ctx: 6, MixCtx: 3, Train: 76.76%, Valid: 73.52%, Test In: 74.79% Test OOD1: 67.22% Test OOD2: 53.36% Test OOD3: 63.84% 
Epoch: 130, Loss: 3.4512, Cls: 1.1503, Ind: 0.0000, Med: 0.5752, Spu: 0.0000, FD: 1.1502, FDAug: 0.5754, Var: 0.0000, Ctx: 6, MixCtx: 3, Train: 76.74%, Valid: 73.44%, Test In: 74.75% Test OOD1: 67.69% Test OOD2: 53.28% Test OOD3: 64.05% 
Epoch: 131, Loss: 3.4508, Cls: 1.1504, Ind: 0.0000, Med: 0.5752, Spu: 0.0000, FD: 1.1504, FDAug: 0.5748, Var: 0.0000, Ctx: 6, MixCtx: 3, Train: 76.83%, Valid: 73.56%, Test In: 74.81% Test OOD1: 67.23% Test OOD2: 53.36% Test OOD3: 63.85% 
Epoch: 132, Loss: 3.4486, Cls: 1.1494, Ind: 0.0000, Med: 0.5747, Spu: 0.0000, FD: 1.1493, FDAug: 0.5751, Var: 0.0000, Ctx: 6, MixCtx: 3, Train: 76.81%, Valid: 73.49%, Test In: 74.77% Test OOD1: 67.71% Test OOD2: 53.30% Test OOD3: 64.05% 
Epoch: 133, Loss: 3.4404, Cls: 1.1468, Ind: 0.0000, Med: 0.5734, Spu: 0.0000, FD: 1.1469, FDAug: 0.5732, Var: 0.0000, Ctx: 6, MixCtx: 3, Train: 76.89%, Valid: 73.58%, Test In: 74.81% Test OOD1: 67.44% Test OOD2: 53.34% Test OOD3: 63.93% 
Epoch: 134, Loss: 3.4326, Cls: 1.1441, Ind: 0.0000, Med: 0.5721, Spu: 0.0000, FD: 1.1440, FDAug: 0.5723, Var: 0.0000, Ctx: 6, MixCtx: 3, Train: 76.89%, Valid: 73.55%, Test In: 74.79% Test OOD1: 67.73% Test OOD2: 53.31% Test OOD3: 64.05% 
Epoch: 135, Loss: 3.4258, Cls: 1.1418, Ind: 0.0000, Med: 0.5709, Spu: 0.0000, FD: 1.1421, FDAug: 0.5709, Var: 0.0000, Ctx: 6, MixCtx: 3, Train: 76.95%, Valid: 73.58%, Test In: 74.80% Test OOD1: 67.65% Test OOD2: 53.32% Test OOD3: 64.02% 
Epoch: 136, Loss: 3.4218, Cls: 1.1406, Ind: 0.0000, Med: 0.5704, Spu: 0.0000, FD: 1.1405, FDAug: 0.5704, Var: 0.0000, Ctx: 6, MixCtx: 3, Train: 76.97%, Valid: 73.59%, Test In: 74.80% Test OOD1: 67.69% Test OOD2: 53.32% Test OOD3: 64.04% 
Epoch: 137, Loss: 3.4197, Cls: 1.1398, Ind: 0.0000, Med: 0.5700, Spu: 0.0000, FD: 1.1399, FDAug: 0.5700, Var: 0.0000, Ctx: 6, MixCtx: 3, Train: 77.00%, Valid: 73.59%, Test In: 74.81% Test OOD1: 67.71% Test OOD2: 53.34% Test OOD3: 64.05% 
Epoch: 138, Loss: 3.4189, Cls: 1.1396, Ind: 0.0000, Med: 0.5698, Spu: 0.0000, FD: 1.1397, FDAug: 0.5698, Var: 0.0000, Ctx: 6, MixCtx: 3, Train: 77.06%, Valid: 73.63%, Test In: 74.84% Test OOD1: 67.52% Test OOD2: 53.38% Test OOD3: 63.98% 
Epoch: 139, Loss: 3.4206, Cls: 1.1402, Ind: 0.0000, Med: 0.5702, Spu: 0.0000, FD: 1.1400, FDAug: 0.5702, Var: 0.0000, Ctx: 6, MixCtx: 3, Train: 77.05%, Valid: 73.59%, Test In: 74.83% Test OOD1: 67.73% Test OOD2: 53.39% Test OOD3: 64.09% 
Epoch: 140, Loss: 3.4292, Cls: 1.1430, Ind: 0.0000, Med: 0.5715, Spu: 0.0000, FD: 1.1433, FDAug: 0.5714, Var: 0.0000, Ctx: 6, MixCtx: 3, Train: 77.11%, Valid: 73.68%, Test In: 74.84% Test OOD1: 67.17% Test OOD2: 53.46% Test OOD3: 63.85% 
Epoch: 141, Loss: 3.4607, Cls: 1.1535, Ind: 0.0000, Med: 0.5769, Spu: 0.0000, FD: 1.1532, FDAug: 0.5771, Var: 0.0000, Ctx: 6, MixCtx: 3, Train: 77.01%, Valid: 73.51%, Test In: 74.82% Test OOD1: 67.89% Test OOD2: 53.36% Test OOD3: 64.22% 
Epoch: 142, Loss: 3.5389, Cls: 1.1799, Ind: 0.0000, Med: 0.5900, Spu: 0.0000, FD: 1.1800, FDAug: 0.5891, Var: 0.0000, Ctx: 6, MixCtx: 3, Train: 77.10%, Valid: 73.64%, Test In: 74.75% Test OOD1: 66.47% Test OOD2: 53.56% Test OOD3: 63.54% 
Epoch: 143, Loss: 3.6482, Cls: 1.2154, Ind: 0.0000, Med: 0.6077, Spu: 0.0000, FD: 1.2161, FDAug: 0.6090, Var: 0.0000, Ctx: 6, MixCtx: 3, Train: 77.10%, Valid: 73.52%, Test In: 74.82% Test OOD1: 67.94% Test OOD2: 53.42% Test OOD3: 64.23% 
Epoch: 144, Loss: 3.4808, Cls: 1.1611, Ind: 0.0000, Med: 0.5810, Spu: 0.0000, FD: 1.1594, FDAug: 0.5792, Var: 0.0000, Ctx: 6, MixCtx: 3, Train: 77.12%, Valid: 73.53%, Test In: 74.84% Test OOD1: 67.93% Test OOD2: 53.48% Test OOD3: 64.20% 
Epoch: 145, Loss: 3.4535, Cls: 1.1519, Ind: 0.0000, Med: 0.5763, Spu: 0.0000, FD: 1.1506, FDAug: 0.5748, Var: 0.0000, Ctx: 6, MixCtx: 3, Train: 77.19%, Valid: 73.67%, Test In: 74.85% Test OOD1: 67.25% Test OOD2: 53.71% Test OOD3: 63.87% 
Epoch: 146, Loss: 3.5201, Cls: 1.1724, Ind: 0.0000, Med: 0.5859, Spu: 0.0000, FD: 1.1743, FDAug: 0.5874, Var: 0.0000, Ctx: 6, MixCtx: 3, Train: 77.10%, Valid: 73.58%, Test In: 74.81% Test OOD1: 67.95% Test OOD2: 53.56% Test OOD3: 64.15% 
Epoch: 147, Loss: 3.4246, Cls: 1.1413, Ind: 0.0000, Med: 0.5706, Spu: 0.0000, FD: 1.1419, FDAug: 0.5708, Var: 0.0000, Ctx: 6, MixCtx: 3, Train: 76.83%, Valid: 73.33%, Test In: 74.61% Test OOD1: 68.30% Test OOD2: 53.38% Test OOD3: 64.32% 
Epoch: 148, Loss: 3.5180, Cls: 1.1728, Ind: 0.0000, Med: 0.5864, Spu: 0.0000, FD: 1.1729, FDAug: 0.5859, Var: 0.0000, Ctx: 6, MixCtx: 3, Train: 77.05%, Valid: 73.59%, Test In: 74.77% Test OOD1: 67.96% Test OOD2: 53.62% Test OOD3: 64.15% 
Epoch: 149, Loss: 3.4381, Cls: 1.1462, Ind: 0.0000, Med: 0.5733, Spu: 0.0000, FD: 1.1455, FDAug: 0.5730, Var: 0.0000, Ctx: 6, MixCtx: 3, Train: 77.07%, Valid: 73.60%, Test In: 74.78% Test OOD1: 67.87% Test OOD2: 53.68% Test OOD3: 64.12% 
Epoch: 150, Loss: 3.4703, Cls: 1.1574, Ind: 0.0000, Med: 0.5792, Spu: 0.0000, FD: 1.1555, FDAug: 0.5781, Var: 0.0000, Ctx: 6, MixCtx: 3, Train: 76.85%, Valid: 73.36%, Test In: 74.63% Test OOD1: 68.30% Test OOD2: 53.40% Test OOD3: 64.31% 
Epoch: 151, Loss: 3.4589, Cls: 1.1529, Ind: 0.0000, Med: 0.5764, Spu: 0.0000, FD: 1.1534, FDAug: 0.5762, Var: 0.0000, Ctx: 6, MixCtx: 3, Train: 76.93%, Valid: 73.43%, Test In: 74.69% Test OOD1: 68.22% Test OOD2: 53.46% Test OOD3: 64.27% 
Epoch: 152, Loss: 3.4322, Cls: 1.1441, Ind: 0.0000, Med: 0.5721, Spu: 0.0000, FD: 1.1442, FDAug: 0.5718, Var: 0.0000, Ctx: 6, MixCtx: 3, Train: 77.10%, Valid: 73.57%, Test In: 74.83% Test OOD1: 67.79% Test OOD2: 53.73% Test OOD3: 64.11% 
Epoch: 153, Loss: 3.4616, Cls: 1.1538, Ind: 0.0000, Med: 0.5770, Spu: 0.0000, FD: 1.1536, FDAug: 0.5772, Var: 0.0000, Ctx: 6, MixCtx: 3, Train: 77.08%, Valid: 73.53%, Test In: 74.82% Test OOD1: 67.94% Test OOD2: 53.65% Test OOD3: 64.16% 
Epoch: 154, Loss: 3.4220, Cls: 1.1406, Ind: 0.0000, Med: 0.5704, Spu: 0.0000, FD: 1.1405, FDAug: 0.5705, Var: 0.0000, Ctx: 6, MixCtx: 3, Train: 76.96%, Valid: 73.39%, Test In: 74.74% Test OOD1: 68.20% Test OOD2: 53.45% Test OOD3: 64.27% 
Epoch: 155, Loss: 3.4588, Cls: 1.1535, Ind: 0.0000, Med: 0.5771, Spu: 0.0000, FD: 1.1524, FDAug: 0.5758, Var: 0.0000, Ctx: 6, MixCtx: 3, Train: 77.10%, Valid: 73.51%, Test In: 74.85% Test OOD1: 67.97% Test OOD2: 53.60% Test OOD3: 64.18% 
Epoch: 156, Loss: 3.4167, Cls: 1.1391, Ind: 0.0000, Med: 0.5697, Spu: 0.0000, FD: 1.1385, FDAug: 0.5693, Var: 0.0000, Ctx: 6, MixCtx: 3, Train: 77.20%, Valid: 73.55%, Test In: 74.91% Test OOD1: 67.61% Test OOD2: 53.76% Test OOD3: 64.08% 
Epoch: 157, Loss: 3.4479, Cls: 1.1491, Ind: 0.0000, Med: 0.5745, Spu: 0.0000, FD: 1.1493, FDAug: 0.5750, Var: 0.0000, Ctx: 6, MixCtx: 3, Train: 77.16%, Valid: 73.51%, Test In: 74.87% Test OOD1: 67.95% Test OOD2: 53.60% Test OOD3: 64.18% 
Epoch: 158, Loss: 3.4125, Cls: 1.1376, Ind: 0.0000, Med: 0.5689, Spu: 0.0000, FD: 1.1373, FDAug: 0.5687, Var: 0.0000, Ctx: 6, MixCtx: 3, Train: 77.13%, Valid: 73.46%, Test In: 74.83% Test OOD1: 68.17% Test OOD2: 53.50% Test OOD3: 64.25% 
Epoch: 159, Loss: 3.4359, Cls: 1.1454, Ind: 0.0000, Med: 0.5727, Spu: 0.0000, FD: 1.1454, FDAug: 0.5724, Var: 0.0000, Ctx: 6, MixCtx: 3, Train: 77.29%, Valid: 73.57%, Test In: 74.91% Test OOD1: 67.76% Test OOD2: 53.71% Test OOD3: 64.11% 
Epoch: 160, Loss: 3.4177, Cls: 1.1394, Ind: 0.0000, Med: 0.5699, Spu: 0.0000, FD: 1.1387, FDAug: 0.5696, Var: 0.0000, Ctx: 6, MixCtx: 3, Train: 77.33%, Valid: 73.59%, Test In: 74.92% Test OOD1: 67.78% Test OOD2: 53.67% Test OOD3: 64.12% 
Epoch: 161, Loss: 3.4114, Cls: 1.1374, Ind: 0.0000, Med: 0.5689, Spu: 0.0000, FD: 1.1366, FDAug: 0.5685, Var: 0.0000, Ctx: 6, MixCtx: 3, Train: 77.33%, Valid: 73.54%, Test In: 74.91% Test OOD1: 68.08% Test OOD2: 53.51% Test OOD3: 64.22% 
Epoch: 162, Loss: 3.4168, Cls: 1.1388, Ind: 0.0000, Med: 0.5694, Spu: 0.0000, FD: 1.1393, FDAug: 0.5694, Var: 0.0000, Ctx: 6, MixCtx: 3, Train: 77.44%, Valid: 73.60%, Test In: 74.95% Test OOD1: 67.80% Test OOD2: 53.61% Test OOD3: 64.11% 
Epoch: 163, Loss: 3.3998, Cls: 1.1333, Ind: 0.0000, Med: 0.5668, Spu: 0.0000, FD: 1.1331, FDAug: 0.5666, Var: 0.0000, Ctx: 6, MixCtx: 3, Train: 77.50%, Valid: 73.61%, Test In: 74.97% Test OOD1: 67.36% Test OOD2: 53.71% Test OOD3: 63.96% 
Epoch: 164, Loss: 3.4106, Cls: 1.1371, Ind: 0.0000, Med: 0.5688, Spu: 0.0000, FD: 1.1363, FDAug: 0.5683, Var: 0.0000, Ctx: 6, MixCtx: 3, Train: 77.54%, Valid: 73.63%, Test In: 74.98% Test OOD1: 67.61% Test OOD2: 53.58% Test OOD3: 64.07% 
Epoch: 165, Loss: 3.3980, Cls: 1.1327, Ind: 0.0000, Med: 0.5664, Spu: 0.0000, FD: 1.1326, FDAug: 0.5663, Var: 0.0000, Ctx: 6, MixCtx: 3, Train: 77.57%, Valid: 73.64%, Test In: 74.97% Test OOD1: 67.57% Test OOD2: 53.56% Test OOD3: 64.06% 
Epoch: 166, Loss: 3.3989, Cls: 1.1330, Ind: 0.0000, Med: 0.5666, Spu: 0.0000, FD: 1.1329, FDAug: 0.5663, Var: 0.0000, Ctx: 6, MixCtx: 3, Train: 77.61%, Valid: 73.65%, Test In: 74.93% Test OOD1: 67.12% Test OOD2: 53.67% Test OOD3: 63.86% 
Epoch: 167, Loss: 3.4023, Cls: 1.1341, Ind: 0.0000, Med: 0.5671, Spu: 0.0000, FD: 1.1339, FDAug: 0.5671, Var: 0.0000, Ctx: 6, MixCtx: 3, Train: 77.64%, Valid: 73.66%, Test In: 74.91% Test OOD1: 67.45% Test OOD2: 53.60% Test OOD3: 63.98% 
Epoch: 168, Loss: 3.3896, Cls: 1.1299, Ind: 0.0000, Med: 0.5650, Spu: 0.0000, FD: 1.1298, FDAug: 0.5649, Var: 0.0000, Ctx: 6, MixCtx: 3, Train: 77.65%, Valid: 73.65%, Test In: 74.90% Test OOD1: 67.67% Test OOD2: 53.55% Test OOD3: 64.09% 
Epoch: 169, Loss: 3.3949, Cls: 1.1316, Ind: 0.0000, Med: 0.5658, Spu: 0.0000, FD: 1.1318, FDAug: 0.5657, Var: 0.0000, Ctx: 6, MixCtx: 3, Train: 77.71%, Valid: 73.66%, Test In: 74.86% Test OOD1: 67.39% Test OOD2: 53.65% Test OOD3: 63.94% 
Epoch: 170, Loss: 3.3980, Cls: 1.1325, Ind: 0.0000, Med: 0.5663, Spu: 0.0000, FD: 1.1328, FDAug: 0.5665, Var: 0.0000, Ctx: 6, MixCtx: 3, Train: 77.72%, Valid: 73.64%, Test In: 74.88% Test OOD1: 67.61% Test OOD2: 53.65% Test OOD3: 64.05% 
Epoch: 171, Loss: 3.3873, Cls: 1.1290, Ind: 0.0000, Med: 0.5645, Spu: 0.0000, FD: 1.1293, FDAug: 0.5645, Var: 0.0000, Ctx: 6, MixCtx: 3, Train: 77.77%, Valid: 73.65%, Test In: 74.88% Test OOD1: 67.58% Test OOD2: 53.68% Test OOD3: 64.07% 
Epoch: 172, Loss: 3.3838, Cls: 1.1278, Ind: 0.0000, Med: 0.5639, Spu: 0.0000, FD: 1.1280, FDAug: 0.5639, Var: 0.0000, Ctx: 6, MixCtx: 3, Train: 77.81%, Valid: 73.65%, Test In: 74.88% Test OOD1: 67.36% Test OOD2: 53.76% Test OOD3: 63.99% 
Epoch: 173, Loss: 3.3880, Cls: 1.1293, Ind: 0.0000, Med: 0.5648, Spu: 0.0000, FD: 1.1292, FDAug: 0.5647, Var: 0.0000, Ctx: 6, MixCtx: 3, Train: 77.85%, Valid: 73.61%, Test In: 74.89% Test OOD1: 67.51% Test OOD2: 53.80% Test OOD3: 64.09% 
Epoch: 174, Loss: 3.3842, Cls: 1.1279, Ind: 0.0000, Med: 0.5640, Spu: 0.0000, FD: 1.1283, FDAug: 0.5640, Var: 0.0000, Ctx: 6, MixCtx: 3, Train: 77.90%, Valid: 73.62%, Test In: 74.90% Test OOD1: 67.42% Test OOD2: 53.86% Test OOD3: 64.04% 
Epoch: 175, Loss: 3.3770, Cls: 1.1256, Ind: 0.0000, Med: 0.5629, Spu: 0.0000, FD: 1.1256, FDAug: 0.5629, Var: 0.0000, Ctx: 6, MixCtx: 3, Train: 77.95%, Valid: 73.62%, Test In: 74.91% Test OOD1: 67.47% Test OOD2: 53.90% Test OOD3: 64.05% 
Epoch: 176, Loss: 3.3765, Cls: 1.1255, Ind: 0.0000, Med: 0.5628, Spu: 0.0000, FD: 1.1253, FDAug: 0.5628, Var: 0.0000, Ctx: 6, MixCtx: 3, Train: 77.96%, Valid: 73.59%, Test In: 74.91% Test OOD1: 67.65% Test OOD2: 53.91% Test OOD3: 64.16% 
Epoch: 177, Loss: 3.3790, Cls: 1.1262, Ind: 0.0000, Med: 0.5631, Spu: 0.0000, FD: 1.1265, FDAug: 0.5631, Var: 0.0000, Ctx: 6, MixCtx: 3, Train: 78.00%, Valid: 73.63%, Test In: 74.91% Test OOD1: 67.53% Test OOD2: 53.95% Test OOD3: 64.10% 
Epoch: 178, Loss: 3.3769, Cls: 1.1256, Ind: 0.0000, Med: 0.5629, Spu: 0.0000, FD: 1.1254, FDAug: 0.5629, Var: 0.0000, Ctx: 6, MixCtx: 3, Train: 78.05%, Valid: 73.61%, Test In: 74.91% Test OOD1: 67.61% Test OOD2: 53.97% Test OOD3: 64.15% 
Epoch: 179, Loss: 3.3702, Cls: 1.1234, Ind: 0.0000, Med: 0.5617, Spu: 0.0000, FD: 1.1234, FDAug: 0.5617, Var: 0.0000, Ctx: 6, MixCtx: 3, Train: 78.08%, Valid: 73.58%, Test In: 74.89% Test OOD1: 67.48% Test OOD2: 54.08% Test OOD3: 64.06% 
Epoch: 180, Loss: 3.3684, Cls: 1.1228, Ind: 0.0000, Med: 0.5614, Spu: 0.0000, FD: 1.1228, FDAug: 0.5614, Var: 0.0000, Ctx: 6, MixCtx: 3, Train: 78.15%, Valid: 73.61%, Test In: 74.89% Test OOD1: 67.38% Test OOD2: 54.08% Test OOD3: 64.04% 
Epoch: 181, Loss: 3.3692, Cls: 1.1230, Ind: 0.0000, Med: 0.5615, Spu: 0.0000, FD: 1.1230, FDAug: 0.5616, Var: 0.0000, Ctx: 6, MixCtx: 3, Train: 78.17%, Valid: 73.58%, Test In: 74.90% Test OOD1: 67.52% Test OOD2: 54.04% Test OOD3: 64.15% 
Epoch: 182, Loss: 3.3702, Cls: 1.1235, Ind: 0.0000, Med: 0.5619, Spu: 0.0000, FD: 1.1233, FDAug: 0.5615, Var: 0.0000, Ctx: 6, MixCtx: 3, Train: 78.24%, Valid: 73.58%, Test In: 74.85% Test OOD1: 67.24% Test OOD2: 54.16% Test OOD3: 63.95% 
Epoch: 183, Loss: 3.3661, Cls: 1.1219, Ind: 0.0000, Med: 0.5610, Spu: 0.0000, FD: 1.1220, FDAug: 0.5612, Var: 0.0000, Ctx: 6, MixCtx: 3, Train: 78.26%, Valid: 73.54%, Test In: 74.84% Test OOD1: 67.31% Test OOD2: 54.21% Test OOD3: 63.99% 
Epoch: 184, Loss: 3.3618, Cls: 1.1206, Ind: 0.0000, Med: 0.5604, Spu: 0.0000, FD: 1.1205, FDAug: 0.5602, Var: 0.0000, Ctx: 6, MixCtx: 3, Train: 78.30%, Valid: 73.58%, Test In: 74.86% Test OOD1: 67.33% Test OOD2: 54.15% Test OOD3: 64.04% 
Epoch: 185, Loss: 3.3579, Cls: 1.1193, Ind: 0.0000, Med: 0.5597, Spu: 0.0000, FD: 1.1192, FDAug: 0.5597, Var: 0.0000, Ctx: 6, MixCtx: 3, Train: 78.33%, Valid: 73.57%, Test In: 74.87% Test OOD1: 67.34% Test OOD2: 54.16% Test OOD3: 64.07% 
Epoch: 186, Loss: 3.3558, Cls: 1.1186, Ind: 0.0000, Med: 0.5594, Spu: 0.0000, FD: 1.1185, FDAug: 0.5593, Var: 0.0000, Ctx: 6, MixCtx: 3, Train: 78.41%, Valid: 73.52%, Test In: 74.83% Test OOD1: 67.19% Test OOD2: 54.27% Test OOD3: 63.97% 
Epoch: 187, Loss: 3.3524, Cls: 1.1175, Ind: 0.0000, Med: 0.5588, Spu: 0.0000, FD: 1.1174, FDAug: 0.5587, Var: 0.0000, Ctx: 6, MixCtx: 3, Train: 78.44%, Valid: 73.48%, Test In: 74.78% Test OOD1: 66.97% Test OOD2: 54.39% Test OOD3: 63.84% 
Epoch: 188, Loss: 3.3531, Cls: 1.1177, Ind: 0.0000, Med: 0.5589, Spu: 0.0000, FD: 1.1176, FDAug: 0.5589, Var: 0.0000, Ctx: 6, MixCtx: 3, Train: 78.49%, Valid: 73.50%, Test In: 74.83% Test OOD1: 67.16% Test OOD2: 54.34% Test OOD3: 64.00% 
Epoch: 189, Loss: 3.3535, Cls: 1.1178, Ind: 0.0000, Med: 0.5589, Spu: 0.0000, FD: 1.1180, FDAug: 0.5589, Var: 0.0000, Ctx: 6, MixCtx: 3, Train: 78.49%, Valid: 73.53%, Test In: 74.81% Test OOD1: 67.00% Test OOD2: 54.36% Test OOD3: 63.90% 
Epoch: 190, Loss: 3.3625, Cls: 1.1210, Ind: 0.0000, Med: 0.5607, Spu: 0.0000, FD: 1.1204, FDAug: 0.5604, Var: 0.0000, Ctx: 6, MixCtx: 3, Train: 78.53%, Valid: 73.51%, Test In: 74.89% Test OOD1: 67.33% Test OOD2: 54.32% Test OOD3: 64.16% 
Epoch: 191, Loss: 3.3856, Cls: 1.1283, Ind: 0.0000, Med: 0.5641, Spu: 0.0000, FD: 1.1290, FDAug: 0.5641, Var: 0.0000, Ctx: 6, MixCtx: 3, Train: 78.59%, Valid: 73.42%, Test In: 74.66% Test OOD1: 66.49% Test OOD2: 54.64% Test OOD3: 63.53% 
Epoch: 192, Loss: 3.4389, Cls: 1.1467, Ind: 0.0000, Med: 0.5737, Spu: 0.0000, FD: 1.1454, FDAug: 0.5731, Var: 0.0000, Ctx: 6, MixCtx: 3, Train: 78.33%, Valid: 73.39%, Test In: 74.87% Test OOD1: 67.27% Test OOD2: 54.56% Test OOD3: 64.14% 
Epoch: 193, Loss: 3.5133, Cls: 1.1713, Ind: 0.0000, Med: 0.5857, Spu: 0.0000, FD: 1.1713, FDAug: 0.5850, Var: 0.0000, Ctx: 6, MixCtx: 3, Train: 78.63%, Valid: 73.47%, Test In: 74.72% Test OOD1: 66.49% Test OOD2: 54.74% Test OOD3: 63.55% 
Epoch: 194, Loss: 3.4636, Cls: 1.1541, Ind: 0.0000, Med: 0.5770, Spu: 0.0000, FD: 1.1546, FDAug: 0.5778, Var: 0.0000, Ctx: 6, MixCtx: 3, Train: 78.52%, Valid: 73.62%, Test In: 74.99% Test OOD1: 67.54% Test OOD2: 54.44% Test OOD3: 64.21% 
Epoch: 195, Loss: 3.3542, Cls: 1.1181, Ind: 0.0000, Med: 0.5591, Spu: 0.0000, FD: 1.1182, FDAug: 0.5587, Var: 0.0000, Ctx: 6, MixCtx: 3, Train: 78.30%, Valid: 73.60%, Test In: 75.02% Test OOD1: 67.98% Test OOD2: 54.23% Test OOD3: 64.49% 
Epoch: 196, Loss: 3.4241, Cls: 1.1419, Ind: 0.0000, Med: 0.5712, Spu: 0.0000, FD: 1.1407, FDAug: 0.5702, Var: 0.0000, Ctx: 6, MixCtx: 3, Train: 78.49%, Valid: 73.70%, Test In: 74.92% Test OOD1: 67.36% Test OOD2: 54.61% Test OOD3: 64.01% 
Epoch: 197, Loss: 3.4067, Cls: 1.1351, Ind: 0.0000, Med: 0.5674, Spu: 0.0000, FD: 1.1361, FDAug: 0.5681, Var: 0.0000, Ctx: 6, MixCtx: 3, Train: 78.54%, Valid: 73.70%, Test In: 74.96% Test OOD1: 67.63% Test OOD2: 54.58% Test OOD3: 64.14% 
Epoch: 198, Loss: 3.3574, Cls: 1.1189, Ind: 0.0000, Med: 0.5594, Spu: 0.0000, FD: 1.1194, FDAug: 0.5596, Var: 0.0000, Ctx: 6, MixCtx: 3, Train: 78.41%, Valid: 73.58%, Test In: 74.95% Test OOD1: 68.02% Test OOD2: 54.40% Test OOD3: 64.37% 
Epoch: 199, Loss: 3.4168, Cls: 1.1390, Ind: 0.0000, Med: 0.5696, Spu: 0.0000, FD: 1.1389, FDAug: 0.5693, Var: 0.0000, Ctx: 6, MixCtx: 3, Train: 78.63%, Valid: 73.61%, Test In: 74.85% Test OOD1: 67.38% Test OOD2: 54.79% Test OOD3: 63.92% 
Epoch: 200, Loss: 3.3529, Cls: 1.1177, Ind: 0.0000, Med: 0.5590, Spu: 0.0000, FD: 1.1174, FDAug: 0.5588, Var: 0.0000, Ctx: 6, MixCtx: 3, Train: 78.69%, Valid: 73.58%, Test In: 74.79% Test OOD1: 67.10% Test OOD2: 54.86% Test OOD3: 63.76% 
Epoch: 201, Loss: 3.3803, Cls: 1.1271, Ind: 0.0000, Med: 0.5638, Spu: 0.0000, FD: 1.1261, FDAug: 0.5633, Var: 0.0000, Ctx: 6, MixCtx: 3, Train: 78.62%, Valid: 73.61%, Test In: 74.95% Test OOD1: 67.79% Test OOD2: 54.49% Test OOD3: 64.23% 
Epoch: 202, Loss: 3.3767, Cls: 1.1255, Ind: 0.0000, Med: 0.5628, Spu: 0.0000, FD: 1.1257, FDAug: 0.5627, Var: 0.0000, Ctx: 6, MixCtx: 3, Train: 78.77%, Valid: 73.68%, Test In: 74.99% Test OOD1: 67.52% Test OOD2: 54.50% Test OOD3: 64.16% 
Epoch: 203, Loss: 3.3366, Cls: 1.1122, Ind: 0.0000, Med: 0.5561, Spu: 0.0000, FD: 1.1122, FDAug: 0.5561, Var: 0.0000, Ctx: 6, MixCtx: 3, Train: 78.86%, Valid: 73.64%, Test In: 74.92% Test OOD1: 66.79% Test OOD2: 54.66% Test OOD3: 63.82% 
Epoch: 204, Loss: 3.3787, Cls: 1.1258, Ind: 0.0000, Med: 0.5628, Spu: 0.0000, FD: 1.1263, FDAug: 0.5637, Var: 0.0000, Ctx: 6, MixCtx: 3, Train: 78.84%, Valid: 73.68%, Test In: 75.04% Test OOD1: 67.24% Test OOD2: 54.37% Test OOD3: 64.17% 
Epoch: 205, Loss: 3.3433, Cls: 1.1147, Ind: 0.0000, Med: 0.5575, Spu: 0.0000, FD: 1.1142, FDAug: 0.5569, Var: 0.0000, Ctx: 6, MixCtx: 3, Train: 78.90%, Valid: 73.64%, Test In: 75.00% Test OOD1: 67.09% Test OOD2: 54.40% Test OOD3: 64.12% 
Epoch: 206, Loss: 3.3402, Cls: 1.1137, Ind: 0.0000, Med: 0.5570, Spu: 0.0000, FD: 1.1131, FDAug: 0.5564, Var: 0.0000, Ctx: 6, MixCtx: 3, Train: 79.01%, Valid: 73.50%, Test In: 74.75% Test OOD1: 66.32% Test OOD2: 54.70% Test OOD3: 63.64% 
Epoch: 207, Loss: 3.3618, Cls: 1.1200, Ind: 0.0000, Med: 0.5599, Spu: 0.0000, FD: 1.1209, FDAug: 0.5609, Var: 0.0000, Ctx: 6, MixCtx: 3, Train: 78.99%, Valid: 73.51%, Test In: 74.81% Test OOD1: 66.95% Test OOD2: 54.55% Test OOD3: 63.94% 
Epoch: 208, Loss: 3.3261, Cls: 1.1088, Ind: 0.0000, Med: 0.5545, Spu: 0.0000, FD: 1.1086, FDAug: 0.5542, Var: 0.0000, Ctx: 6, MixCtx: 3, Train: 79.00%, Valid: 73.50%, Test In: 74.81% Test OOD1: 67.19% Test OOD2: 54.50% Test OOD3: 64.06% 
Epoch: 209, Loss: 3.3330, Cls: 1.1109, Ind: 0.0000, Med: 0.5555, Spu: 0.0000, FD: 1.1111, FDAug: 0.5555, Var: 0.0000, Ctx: 6, MixCtx: 3, Train: 79.12%, Valid: 73.49%, Test In: 74.74% Test OOD1: 66.73% Test OOD2: 54.63% Test OOD3: 63.84% 
Epoch: 210, Loss: 3.3526, Cls: 1.1176, Ind: 0.0000, Med: 0.5589, Spu: 0.0000, FD: 1.1171, FDAug: 0.5589, Var: 0.0000, Ctx: 6, MixCtx: 3, Train: 79.08%, Valid: 73.55%, Test In: 74.94% Test OOD1: 67.25% Test OOD2: 54.47% Test OOD3: 64.21% 
Epoch: 211, Loss: 3.3248, Cls: 1.1079, Ind: 0.0000, Med: 0.5539, Spu: 0.0000, FD: 1.1087, FDAug: 0.5543, Var: 0.0000, Ctx: 6, MixCtx: 3, Train: 79.16%, Valid: 73.50%, Test In: 74.91% Test OOD1: 66.92% Test OOD2: 54.54% Test OOD3: 64.09% 
Epoch: 212, Loss: 3.3121, Cls: 1.1039, Ind: 0.0000, Med: 0.5520, Spu: 0.0000, FD: 1.1041, FDAug: 0.5520, Var: 0.0000, Ctx: 6, MixCtx: 3, Train: 79.25%, Valid: 73.41%, Test In: 74.76% Test OOD1: 66.33% Test OOD2: 54.68% Test OOD3: 63.80% 
Epoch: 213, Loss: 3.3274, Cls: 1.1095, Ind: 0.0000, Med: 0.5551, Spu: 0.0000, FD: 1.1084, FDAug: 0.5544, Var: 0.0000, Ctx: 6, MixCtx: 3, Train: 79.27%, Valid: 73.40%, Test In: 74.87% Test OOD1: 66.82% Test OOD2: 54.66% Test OOD3: 64.00% 
Epoch: 214, Loss: 3.3164, Cls: 1.1050, Ind: 0.0000, Med: 0.5524, Spu: 0.0000, FD: 1.1059, FDAug: 0.5529, Var: 0.0000, Ctx: 6, MixCtx: 3, Train: 79.34%, Valid: 73.40%, Test In: 74.82% Test OOD1: 66.88% Test OOD2: 54.70% Test OOD3: 63.93% 
Epoch: 215, Loss: 3.3012, Cls: 1.1005, Ind: 0.0000, Med: 0.5504, Spu: 0.0000, FD: 1.1002, FDAug: 0.5501, Var: 0.0000, Ctx: 6, MixCtx: 3, Train: 79.40%, Valid: 73.39%, Test In: 74.75% Test OOD1: 66.87% Test OOD2: 54.70% Test OOD3: 63.87% 
Epoch: 216, Loss: 3.3067, Cls: 1.1025, Ind: 0.0000, Med: 0.5515, Spu: 0.0000, FD: 1.1017, FDAug: 0.5510, Var: 0.0000, Ctx: 6, MixCtx: 3, Train: 79.42%, Valid: 73.39%, Test In: 74.82% Test OOD1: 67.08% Test OOD2: 54.61% Test OOD3: 64.05% 
Epoch: 217, Loss: 3.3066, Cls: 1.1020, Ind: 0.0000, Med: 0.5510, Spu: 0.0000, FD: 1.1024, FDAug: 0.5512, Var: 0.0000, Ctx: 6, MixCtx: 3, Train: 79.55%, Valid: 73.31%, Test In: 74.67% Test OOD1: 66.50% Test OOD2: 54.69% Test OOD3: 63.75% 
Epoch: 218, Loss: 3.2937, Cls: 1.0980, Ind: 0.0000, Med: 0.5492, Spu: 0.0000, FD: 1.0976, FDAug: 0.5489, Var: 0.0000, Ctx: 6, MixCtx: 3, Train: 79.60%, Valid: 73.23%, Test In: 74.65% Test OOD1: 66.17% Test OOD2: 54.75% Test OOD3: 63.61% 
Epoch: 219, Loss: 3.2889, Cls: 1.0964, Ind: 0.0000, Med: 0.5484, Spu: 0.0000, FD: 1.0960, FDAug: 0.5481, Var: 0.0000, Ctx: 6, MixCtx: 3, Train: 79.64%, Valid: 73.21%, Test In: 74.66% Test OOD1: 66.18% Test OOD2: 54.71% Test OOD3: 63.66% 
Epoch: 220, Loss: 3.2898, Cls: 1.0969, Ind: 0.0000, Med: 0.5487, Spu: 0.0000, FD: 1.0962, FDAug: 0.5480, Var: 0.0000, Ctx: 6, MixCtx: 3, Train: 79.72%, Valid: 73.17%, Test In: 74.48% Test OOD1: 66.02% Test OOD2: 54.65% Test OOD3: 63.52% 
Epoch: 221, Loss: 3.2894, Cls: 1.0963, Ind: 0.0000, Med: 0.5482, Spu: 0.0000, FD: 1.0965, FDAug: 0.5484, Var: 0.0000, Ctx: 6, MixCtx: 3, Train: 79.73%, Valid: 73.22%, Test In: 74.68% Test OOD1: 66.49% Test OOD2: 54.66% Test OOD3: 63.76% 
Epoch: 222, Loss: 3.2891, Cls: 1.0966, Ind: 0.0000, Med: 0.5485, Spu: 0.0000, FD: 1.0961, FDAug: 0.5479, Var: 0.0000, Ctx: 6, MixCtx: 3, Train: 79.84%, Valid: 73.08%, Test In: 74.40% Test OOD1: 65.95% Test OOD2: 54.73% Test OOD3: 63.39% 
Epoch: 223, Loss: 3.2837, Cls: 1.0943, Ind: 0.0000, Med: 0.5471, Spu: 0.0000, FD: 1.0946, FDAug: 0.5476, Var: 0.0000, Ctx: 6, MixCtx: 3, Train: 79.90%, Valid: 73.07%, Test In: 74.49% Test OOD1: 65.97% Test OOD2: 54.65% Test OOD3: 63.56% 
Epoch: 224, Loss: 3.2780, Cls: 1.0928, Ind: 0.0000, Med: 0.5466, Spu: 0.0000, FD: 1.0925, FDAug: 0.5461, Var: 0.0000, Ctx: 6, MixCtx: 3, Train: 79.91%, Valid: 72.98%, Test In: 74.25% Test OOD1: 65.53% Test OOD2: 54.58% Test OOD3: 63.37% 
Epoch: 225, Loss: 3.2797, Cls: 1.0933, Ind: 0.0000, Med: 0.5468, Spu: 0.0000, FD: 1.0930, FDAug: 0.5467, Var: 0.0000, Ctx: 6, MixCtx: 3, Train: 79.88%, Valid: 73.10%, Test In: 74.67% Test OOD1: 66.14% Test OOD2: 54.79% Test OOD3: 63.70% 
Epoch: 226, Loss: 3.2911, Cls: 1.0968, Ind: 0.0000, Med: 0.5484, Spu: 0.0000, FD: 1.0973, FDAug: 0.5486, Var: 0.0000, Ctx: 6, MixCtx: 3, Train: 79.88%, Valid: 72.97%, Test In: 74.39% Test OOD1: 65.62% Test OOD2: 55.02% Test OOD3: 63.23% 
Epoch: 227, Loss: 3.3194, Cls: 1.1068, Ind: 0.0000, Med: 0.5537, Spu: 0.0000, FD: 1.1056, FDAug: 0.5532, Var: 0.0000, Ctx: 6, MixCtx: 3, Train: 79.83%, Valid: 73.04%, Test In: 74.69% Test OOD1: 66.26% Test OOD2: 54.94% Test OOD3: 63.76% 
Epoch: 228, Loss: 3.3573, Cls: 1.1188, Ind: 0.0000, Med: 0.5593, Spu: 0.0000, FD: 1.1198, FDAug: 0.5594, Var: 0.0000, Ctx: 6, MixCtx: 3, Train: 79.90%, Valid: 72.91%, Test In: 74.25% Test OOD1: 65.45% Test OOD2: 55.04% Test OOD3: 63.13% 
Epoch: 229, Loss: 3.3805, Cls: 1.1276, Ind: 0.0000, Med: 0.5643, Spu: 0.0000, FD: 1.1254, FDAug: 0.5632, Var: 0.0000, Ctx: 6, MixCtx: 3, Train: 80.05%, Valid: 73.12%, Test In: 74.74% Test OOD1: 66.40% Test OOD2: 54.80% Test OOD3: 63.90% 
Epoch: 230, Loss: 3.3295, Cls: 1.1096, Ind: 0.0000, Med: 0.5547, Spu: 0.0000, FD: 1.1103, FDAug: 0.5548, Var: 0.0000, Ctx: 6, MixCtx: 3, Train: 80.15%, Valid: 72.91%, Test In: 74.07% Test OOD1: 65.66% Test OOD2: 54.60% Test OOD3: 63.38% 
Epoch: 231, Loss: 3.2714, Cls: 1.0905, Ind: 0.0000, Med: 0.5453, Spu: 0.0000, FD: 1.0905, FDAug: 0.5450, Var: 0.0000, Ctx: 6, MixCtx: 3, Train: 80.26%, Valid: 73.04%, Test In: 74.28% Test OOD1: 66.16% Test OOD2: 54.76% Test OOD3: 63.46% 
Epoch: 232, Loss: 3.2575, Cls: 1.0858, Ind: 0.0000, Med: 0.5430, Spu: 0.0000, FD: 1.0859, FDAug: 0.5428, Var: 0.0000, Ctx: 6, MixCtx: 3, Train: 80.06%, Valid: 73.17%, Test In: 74.68% Test OOD1: 66.95% Test OOD2: 54.81% Test OOD3: 63.88% 
Epoch: 233, Loss: 3.2820, Cls: 1.0944, Ind: 0.0000, Med: 0.5474, Spu: 0.0000, FD: 1.0938, FDAug: 0.5465, Var: 0.0000, Ctx: 6, MixCtx: 3, Train: 80.20%, Valid: 73.13%, Test In: 74.54% Test OOD1: 66.40% Test OOD2: 54.85% Test OOD3: 63.59% 
Epoch: 234, Loss: 3.2769, Cls: 1.0925, Ind: 0.0000, Med: 0.5465, Spu: 0.0000, FD: 1.0919, FDAug: 0.5461, Var: 0.0000, Ctx: 6, MixCtx: 3, Train: 80.37%, Valid: 73.06%, Test In: 74.62% Test OOD1: 66.23% Test OOD2: 54.78% Test OOD3: 63.68% 
Epoch: 235, Loss: 3.2438, Cls: 1.0812, Ind: 0.0000, Med: 0.5406, Spu: 0.0000, FD: 1.0814, FDAug: 0.5406, Var: 0.0000, Ctx: 6, MixCtx: 3, Train: 80.49%, Valid: 72.89%, Test In: 74.24% Test OOD1: 65.45% Test OOD2: 54.64% Test OOD3: 63.39% 
Epoch: 236, Loss: 3.2411, Cls: 1.0803, Ind: 0.0000, Med: 0.5401, Spu: 0.0000, FD: 1.0805, FDAug: 0.5402, Var: 0.0000, Ctx: 6, MixCtx: 3, Train: 80.45%, Valid: 72.71%, Test In: 73.74% Test OOD1: 64.91% Test OOD2: 54.46% Test OOD3: 63.06% 
Epoch: 237, Loss: 3.2637, Cls: 1.0879, Ind: 0.0000, Med: 0.5441, Spu: 0.0000, FD: 1.0876, FDAug: 0.5440, Var: 0.0000, Ctx: 6, MixCtx: 3, Train: 80.45%, Valid: 73.07%, Test In: 74.61% Test OOD1: 66.28% Test OOD2: 54.64% Test OOD3: 63.74% 
Epoch: 238, Loss: 3.2955, Cls: 1.0987, Ind: 0.0000, Med: 0.5495, Spu: 0.0000, FD: 1.0981, FDAug: 0.5491, Var: 0.0000, Ctx: 6, MixCtx: 3, Train: 80.45%, Valid: 72.95%, Test In: 74.27% Test OOD1: 65.35% Test OOD2: 54.84% Test OOD3: 63.09% 
Epoch: 239, Loss: 3.3447, Cls: 1.1145, Ind: 0.0000, Med: 0.5572, Spu: 0.0000, FD: 1.1151, FDAug: 0.5579, Var: 0.0000, Ctx: 6, MixCtx: 3, Train: 80.36%, Valid: 73.04%, Test In: 74.73% Test OOD1: 66.18% Test OOD2: 54.78% Test OOD3: 63.74% 
Epoch: 240, Loss: 3.3159, Cls: 1.1062, Ind: 0.0000, Med: 0.5536, Spu: 0.0000, FD: 1.1040, FDAug: 0.5521, Var: 0.0000, Ctx: 6, MixCtx: 3, Train: 80.66%, Valid: 72.87%, Test In: 74.36% Test OOD1: 65.12% Test OOD2: 54.93% Test OOD3: 63.16% 
Epoch: 241, Loss: 3.2474, Cls: 1.0819, Ind: 0.0000, Med: 0.5408, Spu: 0.0000, FD: 1.0832, FDAug: 0.5415, Var: 0.0000, Ctx: 6, MixCtx: 3, Train: 80.80%, Valid: 72.91%, Test In: 74.28% Test OOD1: 65.28% Test OOD2: 54.78% Test OOD3: 63.26% 
Epoch: 242, Loss: 3.2323, Cls: 1.0771, Ind: 0.0000, Med: 0.5384, Spu: 0.0000, FD: 1.0781, FDAug: 0.5386, Var: 0.0000, Ctx: 6, MixCtx: 3, Train: 80.72%, Valid: 73.02%, Test In: 74.41% Test OOD1: 66.11% Test OOD2: 54.54% Test OOD3: 63.73% 
Epoch: 243, Loss: 3.2709, Cls: 1.0904, Ind: 0.0000, Med: 0.5454, Spu: 0.0000, FD: 1.0902, FDAug: 0.5449, Var: 0.0000, Ctx: 6, MixCtx: 3, Train: 80.47%, Valid: 72.66%, Test In: 73.56% Test OOD1: 65.24% Test OOD2: 54.35% Test OOD3: 63.19% 
Epoch: 244, Loss: 3.2742, Cls: 1.0916, Ind: 0.0000, Med: 0.5460, Spu: 0.0000, FD: 1.0910, FDAug: 0.5455, Var: 0.0000, Ctx: 6, MixCtx: 3, Train: 80.70%, Valid: 72.96%, Test In: 74.45% Test OOD1: 66.31% Test OOD2: 54.73% Test OOD3: 63.60% 
Epoch: 245, Loss: 3.2289, Cls: 1.0760, Ind: 0.0000, Med: 0.5380, Spu: 0.0000, FD: 1.0766, FDAug: 0.5382, Var: 0.0000, Ctx: 6, MixCtx: 3, Train: 80.75%, Valid: 72.94%, Test In: 74.57% Test OOD1: 66.04% Test OOD2: 54.91% Test OOD3: 63.54% 
Epoch: 246, Loss: 3.2147, Cls: 1.0716, Ind: 0.0000, Med: 0.5359, Spu: 0.0000, FD: 1.0715, FDAug: 0.5357, Var: 0.0000, Ctx: 6, MixCtx: 3, Train: 80.77%, Valid: 72.85%, Test In: 74.46% Test OOD1: 65.43% Test OOD2: 54.93% Test OOD3: 63.33% 
Epoch: 247, Loss: 3.2282, Cls: 1.0763, Ind: 0.0000, Med: 0.5385, Spu: 0.0000, FD: 1.0754, FDAug: 0.5379, Var: 0.0000, Ctx: 6, MixCtx: 3, Train: 80.84%, Valid: 72.78%, Test In: 74.44% Test OOD1: 65.36% Test OOD2: 54.86% Test OOD3: 63.35% 
Epoch: 248, Loss: 3.2397, Cls: 1.0793, Ind: 0.0000, Med: 0.5395, Spu: 0.0000, FD: 1.0806, FDAug: 0.5403, Var: 0.0000, Ctx: 6, MixCtx: 3, Train: 80.98%, Valid: 72.54%, Test In: 73.77% Test OOD1: 64.51% Test OOD2: 54.80% Test OOD3: 62.59% 
Epoch: 249, Loss: 3.2384, Cls: 1.0800, Ind: 0.0000, Med: 0.5404, Spu: 0.0000, FD: 1.0782, FDAug: 0.5397, Var: 0.0000, Ctx: 6, MixCtx: 3, Train: 81.11%, Valid: 72.67%, Test In: 73.98% Test OOD1: 65.18% Test OOD2: 54.55% Test OOD3: 62.98% 
Epoch: 250, Loss: 3.2166, Cls: 1.0721, Ind: 0.0000, Med: 0.5361, Spu: 0.0000, FD: 1.0722, FDAug: 0.5362, Var: 0.0000, Ctx: 6, MixCtx: 3, Train: 81.01%, Valid: 72.60%, Test In: 73.61% Test OOD1: 64.89% Test OOD2: 54.20% Test OOD3: 62.93% 
Epoch: 251, Loss: 3.2124, Cls: 1.0707, Ind: 0.0000, Med: 0.5355, Spu: 0.0000, FD: 1.0707, FDAug: 0.5356, Var: 0.0000, Ctx: 6, MixCtx: 3, Train: 81.18%, Valid: 72.73%, Test In: 74.14% Test OOD1: 65.37% Test OOD2: 54.35% Test OOD3: 63.27% 
Epoch: 252, Loss: 3.1983, Cls: 1.0662, Ind: 0.0000, Med: 0.5333, Spu: 0.0000, FD: 1.0658, FDAug: 0.5330, Var: 0.0000, Ctx: 6, MixCtx: 3, Train: 81.24%, Valid: 72.53%, Test In: 73.97% Test OOD1: 64.78% Test OOD2: 54.71% Test OOD3: 62.80% 
Epoch: 253, Loss: 3.1955, Cls: 1.0648, Ind: 0.0000, Med: 0.5324, Spu: 0.0000, FD: 1.0654, FDAug: 0.5328, Var: 0.0000, Ctx: 6, MixCtx: 3, Train: 81.24%, Valid: 72.66%, Test In: 74.20% Test OOD1: 65.26% Test OOD2: 54.86% Test OOD3: 63.08% 
Epoch: 254, Loss: 3.1848, Cls: 1.0617, Ind: 0.0000, Med: 0.5311, Spu: 0.0000, FD: 1.0613, FDAug: 0.5307, Var: 0.0000, Ctx: 6, MixCtx: 3, Train: 81.25%, Valid: 72.64%, Test In: 73.96% Test OOD1: 65.24% Test OOD2: 54.77% Test OOD3: 63.01% 
Epoch: 255, Loss: 3.1819, Cls: 1.0606, Ind: 0.0000, Med: 0.5304, Spu: 0.0000, FD: 1.0605, FDAug: 0.5303, Var: 0.0000, Ctx: 6, MixCtx: 3, Train: 81.48%, Valid: 72.44%, Test In: 73.65% Test OOD1: 64.61% Test OOD2: 54.65% Test OOD3: 62.69% 
Epoch: 256, Loss: 3.1692, Cls: 1.0565, Ind: 0.0000, Med: 0.5284, Spu: 0.0000, FD: 1.0563, FDAug: 0.5280, Var: 0.0000, Ctx: 6, MixCtx: 3, Train: 81.48%, Valid: 72.13%, Test In: 73.39% Test OOD1: 63.96% Test OOD2: 54.47% Test OOD3: 62.32% 
Epoch: 257, Loss: 3.1740, Cls: 1.0581, Ind: 0.0000, Med: 0.5292, Spu: 0.0000, FD: 1.0580, FDAug: 0.5286, Var: 0.0000, Ctx: 6, MixCtx: 3, Train: 81.57%, Valid: 72.23%, Test In: 73.47% Test OOD1: 64.33% Test OOD2: 54.38% Test OOD3: 62.46% 
Epoch: 258, Loss: 3.1685, Cls: 1.0564, Ind: 0.0000, Med: 0.5285, Spu: 0.0000, FD: 1.0557, FDAug: 0.5279, Var: 0.0000, Ctx: 6, MixCtx: 3, Train: 81.56%, Valid: 72.51%, Test In: 74.03% Test OOD1: 65.37% Test OOD2: 54.57% Test OOD3: 63.08% 
Epoch: 259, Loss: 3.1838, Cls: 1.0605, Ind: 0.0000, Med: 0.5302, Spu: 0.0000, FD: 1.0620, FDAug: 0.5311, Var: 0.0000, Ctx: 6, MixCtx: 3, Train: 81.64%, Valid: 72.10%, Test In: 73.21% Test OOD1: 64.13% Test OOD2: 54.71% Test OOD3: 62.20% 
Epoch: 260, Loss: 3.2615, Cls: 1.0884, Ind: 0.0000, Med: 0.5452, Spu: 0.0000, FD: 1.0845, FDAug: 0.5433, Var: 0.0000, Ctx: 6, MixCtx: 3, Train: 80.97%, Valid: 72.28%, Test In: 74.18% Test OOD1: 64.92% Test OOD2: 54.72% Test OOD3: 63.05% 
Epoch: 261, Loss: 3.5996, Cls: 1.1975, Ind: 0.0000, Med: 0.5980, Spu: 0.0000, FD: 1.2018, FDAug: 0.6023, Var: 0.0000, Ctx: 6, MixCtx: 3, Train: 80.64%, Valid: 71.18%, Test In: 71.64% Test OOD1: 62.15% Test OOD2: 54.41% Test OOD3: 60.70% 
Epoch: 262, Loss: 4.0033, Cls: 1.3346, Ind: 0.0000, Med: 0.6682, Spu: 0.0000, FD: 1.3309, FDAug: 0.6696, Var: 0.0000, Ctx: 6, MixCtx: 3, Train: 81.20%, Valid: 72.70%, Test In: 74.46% Test OOD1: 65.96% Test OOD2: 54.83% Test OOD3: 63.39% 
Epoch: 263, Loss: 3.2659, Cls: 1.0900, Ind: 0.0000, Med: 0.5454, Spu: 0.0000, FD: 1.0882, FDAug: 0.5423, Var: 0.0000, Ctx: 6, MixCtx: 3, Train: 80.29%, Valid: 72.83%, Test In: 74.82% Test OOD1: 66.98% Test OOD2: 54.72% Test OOD3: 64.00% 
Epoch: 264, Loss: 3.6367, Cls: 1.2174, Ind: 0.0000, Med: 0.6114, Spu: 0.0000, FD: 1.2057, FDAug: 0.6021, Var: 0.0000, Ctx: 6, MixCtx: 3, Train: 80.65%, Valid: 72.73%, Test In: 74.41% Test OOD1: 65.81% Test OOD2: 55.11% Test OOD3: 63.22% 
Epoch: 265, Loss: 3.3322, Cls: 1.1114, Ind: 0.0000, Med: 0.5557, Spu: 0.0000, FD: 1.1122, FDAug: 0.5528, Var: 0.0000, Ctx: 6, MixCtx: 3, Train: 80.20%, Valid: 72.34%, Test In: 73.57% Test OOD1: 64.79% Test OOD2: 55.07% Test OOD3: 62.36% 
Epoch: 266, Loss: 3.5554, Cls: 1.1839, Ind: 0.0000, Med: 0.5915, Spu: 0.0000, FD: 1.1869, FDAug: 0.5931, Var: 0.0000, Ctx: 6, MixCtx: 3, Train: 80.19%, Valid: 72.68%, Test In: 73.93% Test OOD1: 65.64% Test OOD2: 55.01% Test OOD3: 62.87% 
Epoch: 267, Loss: 3.4296, Cls: 1.1421, Ind: 0.0000, Med: 0.5706, Spu: 0.0000, FD: 1.1455, FDAug: 0.5713, Var: 0.0000, Ctx: 6, MixCtx: 3, Train: 79.98%, Valid: 73.00%, Test In: 74.43% Test OOD1: 67.14% Test OOD2: 54.73% Test OOD3: 63.86% 
Epoch: 268, Loss: 3.3241, Cls: 1.1073, Ind: 0.0000, Med: 0.5532, Spu: 0.0000, FD: 1.1104, FDAug: 0.5532, Var: 0.0000, Ctx: 6, MixCtx: 3, Train: 79.65%, Valid: 73.00%, Test In: 74.44% Test OOD1: 67.65% Test OOD2: 54.30% Test OOD3: 64.19% 
Epoch: 269, Loss: 3.4584, Cls: 1.1538, Ind: 0.0001, Med: 0.5778, Spu: 0.0000, FD: 1.1514, FDAug: 0.5754, Var: 0.0000, Ctx: 6, MixCtx: 3, Train: 80.09%, Valid: 73.06%, Test In: 74.14% Test OOD1: 66.88% Test OOD2: 54.25% Test OOD3: 63.87% 
Epoch: 270, Loss: 3.2864, Cls: 1.0938, Ind: 0.0000, Med: 0.5463, Spu: 0.0000, FD: 1.0980, FDAug: 0.5482, Var: 0.0000, Ctx: 6, MixCtx: 3, Train: 80.03%, Valid: 72.78%, Test In: 73.60% Test OOD1: 65.40% Test OOD2: 54.13% Test OOD3: 63.24% 
Epoch: 271, Loss: 3.3993, Cls: 1.1341, Ind: 0.0000, Med: 0.5680, Spu: 0.0000, FD: 1.1314, FDAug: 0.5658, Var: 0.0000, Ctx: 6, MixCtx: 3, Train: 80.51%, Valid: 73.18%, Test In: 74.28% Test OOD1: 66.37% Test OOD2: 54.27% Test OOD3: 63.57% 
Epoch: 272, Loss: 3.3369, Cls: 1.1126, Ind: 0.0000, Med: 0.5569, Spu: 0.0000, FD: 1.1113, FDAug: 0.5561, Var: 0.0000, Ctx: 6, MixCtx: 3, Train: 79.84%, Valid: 73.12%, Test In: 74.63% Test OOD1: 67.79% Test OOD2: 54.12% Test OOD3: 64.17% 
Epoch: 273, Loss: 3.3061, Cls: 1.1018, Ind: 0.0000, Med: 0.5511, Spu: 0.0000, FD: 1.1017, FDAug: 0.5515, Var: 0.0000, Ctx: 6, MixCtx: 3, Train: 79.53%, Valid: 73.02%, Test In: 74.63% Test OOD1: 67.95% Test OOD2: 54.10% Test OOD3: 64.23% 
Epoch: 274, Loss: 3.3623, Cls: 1.1211, Ind: 0.0000, Med: 0.5611, Spu: 0.0000, FD: 1.1191, FDAug: 0.5610, Var: 0.0000, Ctx: 6, MixCtx: 3, Train: 80.27%, Valid: 73.10%, Test In: 74.70% Test OOD1: 67.10% Test OOD2: 54.49% Test OOD3: 63.81% 
Epoch: 275, Loss: 3.2712, Cls: 1.0897, Ind: 0.0000, Med: 0.5447, Spu: 0.0000, FD: 1.0910, FDAug: 0.5457, Var: 0.0000, Ctx: 6, MixCtx: 3, Train: 80.66%, Valid: 73.05%, Test In: 74.57% Test OOD1: 66.21% Test OOD2: 54.72% Test OOD3: 63.41% 
Epoch: 276, Loss: 3.3314, Cls: 1.1095, Ind: 0.0000, Med: 0.5544, Spu: 0.0000, FD: 1.1116, FDAug: 0.5560, Var: 0.0000, Ctx: 6, MixCtx: 3, Train: 80.66%, Valid: 73.04%, Test In: 74.54% Test OOD1: 66.61% Test OOD2: 54.49% Test OOD3: 63.57% 
Epoch: 277, Loss: 3.2490, Cls: 1.0824, Ind: 0.0000, Med: 0.5410, Spu: 0.0000, FD: 1.0840, FDAug: 0.5416, Var: 0.0000, Ctx: 6, MixCtx: 3, Train: 80.47%, Valid: 73.02%, Test In: 74.54% Test OOD1: 67.12% Test OOD2: 54.17% Test OOD3: 63.87% 
Epoch: 278, Loss: 3.2762, Cls: 1.0931, Ind: 0.0000, Med: 0.5472, Spu: 0.0000, FD: 1.0905, FDAug: 0.5454, Var: 0.0000, Ctx: 6, MixCtx: 3, Train: 80.90%, Valid: 72.98%, Test In: 74.47% Test OOD1: 66.58% Test OOD2: 54.21% Test OOD3: 63.68% 
Epoch: 279, Loss: 3.2498, Cls: 1.0846, Ind: 0.0000, Med: 0.5430, Spu: 0.0000, FD: 1.0817, FDAug: 0.5405, Var: 0.0000, Ctx: 6, MixCtx: 3, Train: 81.44%, Valid: 72.64%, Test In: 73.98% Test OOD1: 64.91% Test OOD2: 54.25% Test OOD3: 62.93% 
Epoch: 280, Loss: 3.2190, Cls: 1.0733, Ind: 0.0000, Med: 0.5368, Spu: 0.0000, FD: 1.0728, FDAug: 0.5361, Var: 0.0000, Ctx: 6, MixCtx: 3, Train: 81.31%, Valid: 72.29%, Test In: 73.43% Test OOD1: 63.67% Test OOD2: 54.03% Test OOD3: 62.49% 
Epoch: 281, Loss: 3.2476, Cls: 1.0830, Ind: 0.0000, Med: 0.5418, Spu: 0.0000, FD: 1.0821, FDAug: 0.5408, Var: 0.0000, Ctx: 6, MixCtx: 3, Train: 81.34%, Valid: 72.56%, Test In: 73.73% Test OOD1: 64.56% Test OOD2: 53.86% Test OOD3: 62.96% 
Epoch: 282, Loss: 3.1923, Cls: 1.0649, Ind: 0.0000, Med: 0.5330, Spu: 0.0000, FD: 1.0629, FDAug: 0.5314, Var: 0.0000, Ctx: 6, MixCtx: 3, Train: 81.28%, Valid: 72.80%, Test In: 74.17% Test OOD1: 65.64% Test OOD2: 53.89% Test OOD3: 63.40% 
Epoch: 283, Loss: 3.2233, Cls: 1.0745, Ind: 0.0000, Med: 0.5374, Spu: 0.0000, FD: 1.0743, FDAug: 0.5371, Var: 0.0000, Ctx: 6, MixCtx: 3, Train: 81.53%, Valid: 72.67%, Test In: 74.06% Test OOD1: 65.06% Test OOD2: 54.14% Test OOD3: 63.03% 
Epoch: 284, Loss: 3.1646, Cls: 1.0549, Ind: 0.0000, Med: 0.5277, Spu: 0.0000, FD: 1.0546, FDAug: 0.5273, Var: 0.0000, Ctx: 6, MixCtx: 3, Train: 81.63%, Valid: 72.39%, Test In: 73.83% Test OOD1: 64.17% Test OOD2: 54.42% Test OOD3: 62.56% 
Epoch: 285, Loss: 3.2097, Cls: 1.0701, Ind: 0.0000, Med: 0.5354, Spu: 0.0000, FD: 1.0694, FDAug: 0.5348, Var: 0.0000, Ctx: 6, MixCtx: 3, Train: 81.61%, Valid: 72.53%, Test In: 74.05% Test OOD1: 64.75% Test OOD2: 54.40% Test OOD3: 62.88% 
Epoch: 286, Loss: 3.1591, Cls: 1.0524, Ind: 0.0000, Med: 0.5262, Spu: 0.0000, FD: 1.0537, FDAug: 0.5268, Var: 0.0000, Ctx: 6, MixCtx: 3, Train: 81.64%, Valid: 72.45%, Test In: 73.93% Test OOD1: 64.80% Test OOD2: 54.28% Test OOD3: 62.89% 
Epoch: 287, Loss: 3.1839, Cls: 1.0596, Ind: 0.0000, Med: 0.5293, Spu: 0.0000, FD: 1.0634, FDAug: 0.5316, Var: 0.0000, Ctx: 6, MixCtx: 3, Train: 81.85%, Valid: 71.87%, Test In: 73.08% Test OOD1: 63.39% Test OOD2: 54.26% Test OOD3: 61.97% 
Epoch: 288, Loss: 3.1565, Cls: 1.0529, Ind: 0.0000, Med: 0.5272, Spu: 0.0000, FD: 1.0509, FDAug: 0.5255, Var: 0.0000, Ctx: 6, MixCtx: 3, Train: 81.89%, Valid: 71.69%, Test In: 72.82% Test OOD1: 63.20% Test OOD2: 54.11% Test OOD3: 61.75% 
Epoch: 289, Loss: 3.1520, Cls: 1.0515, Ind: 0.0000, Med: 0.5265, Spu: 0.0000, FD: 1.0493, FDAug: 0.5247, Var: 0.0000, Ctx: 6, MixCtx: 3, Train: 81.99%, Valid: 72.02%, Test In: 73.35% Test OOD1: 64.29% Test OOD2: 54.08% Test OOD3: 62.37% 
Epoch: 290, Loss: 3.1590, Cls: 1.0521, Ind: 0.0000, Med: 0.5259, Spu: 0.0000, FD: 1.0540, FDAug: 0.5270, Var: 0.0000, Ctx: 6, MixCtx: 3, Train: 82.07%, Valid: 72.03%, Test In: 73.35% Test OOD1: 64.45% Test OOD2: 54.21% Test OOD3: 62.41% 
Epoch: 291, Loss: 3.1275, Cls: 1.0424, Ind: 0.0000, Med: 0.5214, Spu: 0.0000, FD: 1.0424, FDAug: 0.5212, Var: 0.0000, Ctx: 6, MixCtx: 3, Train: 82.13%, Valid: 71.84%, Test In: 73.15% Test OOD1: 64.05% Test OOD2: 54.39% Test OOD3: 62.14% 
Epoch: 292, Loss: 3.1457, Cls: 1.0490, Ind: 0.0000, Med: 0.5249, Spu: 0.0000, FD: 1.0479, FDAug: 0.5239, Var: 0.0000, Ctx: 6, MixCtx: 3, Train: 82.08%, Valid: 71.88%, Test In: 73.40% Test OOD1: 64.19% Test OOD2: 54.49% Test OOD3: 62.37% 
Epoch: 293, Loss: 3.1243, Cls: 1.0416, Ind: 0.0000, Med: 0.5211, Spu: 0.0000, FD: 1.0411, FDAug: 0.5206, Var: 0.0000, Ctx: 6, MixCtx: 3, Train: 82.12%, Valid: 71.87%, Test In: 73.40% Test OOD1: 64.29% Test OOD2: 54.53% Test OOD3: 62.50% 
Epoch: 294, Loss: 3.1325, Cls: 1.0443, Ind: 0.0000, Med: 0.5224, Spu: 0.0000, FD: 1.0438, FDAug: 0.5220, Var: 0.0000, Ctx: 6, MixCtx: 3, Train: 82.19%, Valid: 71.58%, Test In: 72.87% Test OOD1: 63.85% Test OOD2: 54.51% Test OOD3: 62.09% 
Epoch: 295, Loss: 3.1256, Cls: 1.0420, Ind: 0.0000, Med: 0.5213, Spu: 0.0000, FD: 1.0415, FDAug: 0.5208, Var: 0.0000, Ctx: 6, MixCtx: 3, Train: 82.28%, Valid: 71.49%, Test In: 72.76% Test OOD1: 63.54% Test OOD2: 54.44% Test OOD3: 61.90% 
Epoch: 296, Loss: 3.1141, Cls: 1.0384, Ind: 0.0000, Med: 0.5196, Spu: 0.0000, FD: 1.0374, FDAug: 0.5187, Var: 0.0000, Ctx: 6, MixCtx: 3, Train: 82.33%, Valid: 71.51%, Test In: 72.97% Test OOD1: 63.53% Test OOD2: 54.42% Test OOD3: 61.99% 
Epoch: 297, Loss: 3.1233, Cls: 1.0417, Ind: 0.0000, Med: 0.5213, Spu: 0.0000, FD: 1.0401, FDAug: 0.5202, Var: 0.0000, Ctx: 6, MixCtx: 3, Train: 82.38%, Valid: 71.53%, Test In: 72.88% Test OOD1: 63.63% Test OOD2: 54.43% Test OOD3: 62.01% 
Epoch: 298, Loss: 3.1039, Cls: 1.0347, Ind: 0.0000, Med: 0.5175, Spu: 0.0000, FD: 1.0344, FDAug: 0.5172, Var: 0.0000, Ctx: 6, MixCtx: 3, Train: 82.46%, Valid: 71.50%, Test In: 72.85% Test OOD1: 63.55% Test OOD2: 54.47% Test OOD3: 61.95% 
Epoch: 299, Loss: 3.1029, Cls: 1.0341, Ind: 0.0000, Med: 0.5171, Spu: 0.0000, FD: 1.0345, FDAug: 0.5172, Var: 0.0000, Ctx: 6, MixCtx: 3, Train: 82.41%, Valid: 71.51%, Test In: 72.99% Test OOD1: 63.50% Test OOD2: 54.48% Test OOD3: 61.94% 
Epoch: 300, Loss: 3.1061, Cls: 1.0355, Ind: 0.0000, Med: 0.5179, Spu: 0.0000, FD: 1.0351, FDAug: 0.5176, Var: 0.0000, Ctx: 6, MixCtx: 3, Train: 82.60%, Valid: 71.47%, Test In: 72.64% Test OOD1: 63.42% Test OOD2: 54.41% Test OOD3: 61.79% 
Epoch: 301, Loss: 3.0897, Cls: 1.0297, Ind: 0.0000, Med: 0.5148, Spu: 0.0000, FD: 1.0301, FDAug: 0.5150, Var: 0.0000, Ctx: 6, MixCtx: 3, Train: 82.59%, Valid: 71.42%, Test In: 72.47% Test OOD1: 63.33% Test OOD2: 54.34% Test OOD3: 61.72% 
Epoch: 302, Loss: 3.0902, Cls: 1.0299, Ind: 0.0000, Med: 0.5150, Spu: 0.0000, FD: 1.0302, FDAug: 0.5150, Var: 0.0000, Ctx: 6, MixCtx: 3, Train: 82.63%, Valid: 71.42%, Test In: 72.69% Test OOD1: 63.19% Test OOD2: 54.43% Test OOD3: 61.72% 
Epoch: 303, Loss: 3.0937, Cls: 1.0312, Ind: 0.0000, Med: 0.5157, Spu: 0.0000, FD: 1.0312, FDAug: 0.5156, Var: 0.0000, Ctx: 6, MixCtx: 3, Train: 82.71%, Valid: 71.41%, Test In: 72.49% Test OOD1: 63.11% Test OOD2: 54.39% Test OOD3: 61.58% 
Epoch: 304, Loss: 3.0854, Cls: 1.0284, Ind: 0.0000, Med: 0.5143, Spu: 0.0000, FD: 1.0284, FDAug: 0.5142, Var: 0.0000, Ctx: 6, MixCtx: 3, Train: 82.79%, Valid: 71.60%, Test In: 72.68% Test OOD1: 63.50% Test OOD2: 54.34% Test OOD3: 61.86% 
Epoch: 305, Loss: 3.0740, Cls: 1.0246, Ind: 0.0000, Med: 0.5124, Spu: 0.0000, FD: 1.0247, FDAug: 0.5123, Var: 0.0000, Ctx: 6, MixCtx: 3, Train: 82.83%, Valid: 71.63%, Test In: 72.77% Test OOD1: 63.56% Test OOD2: 54.34% Test OOD3: 61.96% 
Epoch: 306, Loss: 3.0777, Cls: 1.0257, Ind: 0.0000, Med: 0.5129, Spu: 0.0000, FD: 1.0261, FDAug: 0.5130, Var: 0.0000, Ctx: 6, MixCtx: 3, Train: 82.87%, Valid: 71.46%, Test In: 72.38% Test OOD1: 63.14% Test OOD2: 54.39% Test OOD3: 61.66% 
Epoch: 307, Loss: 3.0744, Cls: 1.0249, Ind: 0.0000, Med: 0.5127, Spu: 0.0000, FD: 1.0245, FDAug: 0.5122, Var: 0.0000, Ctx: 6, MixCtx: 3, Train: 82.88%, Valid: 71.58%, Test In: 72.64% Test OOD1: 63.37% Test OOD2: 54.55% Test OOD3: 61.83% 
Epoch: 308, Loss: 3.0659, Cls: 1.0219, Ind: 0.0000, Med: 0.5110, Spu: 0.0000, FD: 1.0220, FDAug: 0.5110, Var: 0.0000, Ctx: 6, MixCtx: 3, Train: 82.94%, Valid: 71.68%, Test In: 72.73% Test OOD1: 63.61% Test OOD2: 54.48% Test OOD3: 61.96% 
Epoch: 309, Loss: 3.0637, Cls: 1.0210, Ind: 0.0000, Med: 0.5105, Spu: 0.0000, FD: 1.0214, FDAug: 0.5107, Var: 0.0000, Ctx: 6, MixCtx: 3, Train: 83.02%, Valid: 71.54%, Test In: 72.35% Test OOD1: 63.24% Test OOD2: 54.26% Test OOD3: 61.68% 
Epoch: 310, Loss: 3.0623, Cls: 1.0209, Ind: 0.0000, Med: 0.5106, Spu: 0.0000, FD: 1.0205, FDAug: 0.5103, Var: 0.0000, Ctx: 6, MixCtx: 3, Train: 83.03%, Valid: 71.52%, Test In: 72.44% Test OOD1: 63.21% Test OOD2: 54.29% Test OOD3: 61.67% 
Epoch: 311, Loss: 3.0576, Cls: 1.0191, Ind: 0.0000, Med: 0.5096, Spu: 0.0000, FD: 1.0193, FDAug: 0.5097, Var: 0.0000, Ctx: 6, MixCtx: 3, Train: 83.11%, Valid: 71.58%, Test In: 72.39% Test OOD1: 63.42% Test OOD2: 54.41% Test OOD3: 61.75% 
Epoch: 312, Loss: 3.0497, Cls: 1.0165, Ind: 0.0000, Med: 0.5084, Spu: 0.0000, FD: 1.0165, FDAug: 0.5083, Var: 0.0000, Ctx: 6, MixCtx: 3, Train: 83.16%, Valid: 71.47%, Test In: 72.22% Test OOD1: 63.23% Test OOD2: 54.40% Test OOD3: 61.61% 
Epoch: 313, Loss: 3.0475, Cls: 1.0158, Ind: 0.0000, Med: 0.5080, Spu: 0.0000, FD: 1.0157, FDAug: 0.5079, Var: 0.0000, Ctx: 6, MixCtx: 3, Train: 83.12%, Valid: 71.39%, Test In: 72.24% Test OOD1: 63.01% Test OOD2: 54.27% Test OOD3: 61.54% 
Epoch: 314, Loss: 3.0503, Cls: 1.0167, Ind: 0.0000, Med: 0.5084, Spu: 0.0000, FD: 1.0168, FDAug: 0.5084, Var: 0.0000, Ctx: 6, MixCtx: 3, Train: 83.20%, Valid: 71.42%, Test In: 72.01% Test OOD1: 63.13% Test OOD2: 54.17% Test OOD3: 61.52% 
Epoch: 315, Loss: 3.0497, Cls: 1.0165, Ind: 0.0000, Med: 0.5084, Spu: 0.0000, FD: 1.0165, FDAug: 0.5083, Var: 0.0000, Ctx: 6, MixCtx: 3, Train: 83.24%, Valid: 71.50%, Test In: 72.42% Test OOD1: 63.33% Test OOD2: 54.36% Test OOD3: 61.77% 
Epoch: 316, Loss: 3.0463, Cls: 1.0155, Ind: 0.0000, Med: 0.5078, Spu: 0.0000, FD: 1.0154, FDAug: 0.5077, Var: 0.0000, Ctx: 6, MixCtx: 3, Train: 83.34%, Valid: 71.18%, Test In: 71.87% Test OOD1: 62.68% Test OOD2: 54.29% Test OOD3: 61.27% 
Epoch: 317, Loss: 3.0424, Cls: 1.0141, Ind: 0.0000, Med: 0.5072, Spu: 0.0000, FD: 1.0141, FDAug: 0.5070, Var: 0.0000, Ctx: 6, MixCtx: 3, Train: 83.39%, Valid: 71.36%, Test In: 72.14% Test OOD1: 63.06% Test OOD2: 54.27% Test OOD3: 61.61% 
Epoch: 318, Loss: 3.0316, Cls: 1.0106, Ind: 0.0000, Med: 0.5054, Spu: 0.0000, FD: 1.0104, FDAug: 0.5052, Var: 0.0000, Ctx: 6, MixCtx: 3, Train: 83.42%, Valid: 71.34%, Test In: 72.01% Test OOD1: 63.09% Test OOD2: 54.20% Test OOD3: 61.56% 
Epoch: 319, Loss: 3.0260, Cls: 1.0087, Ind: 0.0000, Med: 0.5044, Spu: 0.0000, FD: 1.0086, FDAug: 0.5043, Var: 0.0000, Ctx: 6, MixCtx: 3, Train: 83.44%, Valid: 71.28%, Test In: 72.10% Test OOD1: 62.93% Test OOD2: 54.25% Test OOD3: 61.47% 
Epoch: 320, Loss: 3.0223, Cls: 1.0074, Ind: 0.0000, Med: 0.5038, Spu: 0.0000, FD: 1.0074, FDAug: 0.5037, Var: 0.0000, Ctx: 6, MixCtx: 3, Train: 83.54%, Valid: 71.21%, Test In: 71.94% Test OOD1: 62.84% Test OOD2: 54.22% Test OOD3: 61.35% 
Epoch: 321, Loss: 3.0158, Cls: 1.0053, Ind: 0.0000, Med: 0.5027, Spu: 0.0000, FD: 1.0052, FDAug: 0.5026, Var: 0.0000, Ctx: 6, MixCtx: 3, Train: 83.57%, Valid: 71.13%, Test In: 71.70% Test OOD1: 62.75% Test OOD2: 54.11% Test OOD3: 61.26% 
Epoch: 322, Loss: 3.0140, Cls: 1.0047, Ind: 0.0000, Med: 0.5025, Spu: 0.0000, FD: 1.0046, FDAug: 0.5023, Var: 0.0000, Ctx: 6, MixCtx: 3, Train: 83.57%, Valid: 71.17%, Test In: 71.89% Test OOD1: 62.78% Test OOD2: 54.19% Test OOD3: 61.31% 
Epoch: 323, Loss: 3.0132, Cls: 1.0044, Ind: 0.0000, Med: 0.5023, Spu: 0.0000, FD: 1.0043, FDAug: 0.5022, Var: 0.0000, Ctx: 6, MixCtx: 3, Train: 83.64%, Valid: 71.13%, Test In: 71.68% Test OOD1: 62.84% Test OOD2: 54.19% Test OOD3: 61.20% 
Epoch: 324, Loss: 3.0197, Cls: 1.0065, Ind: 0.0000, Med: 0.5033, Spu: 0.0000, FD: 1.0066, FDAug: 0.5032, Var: 0.0000, Ctx: 6, MixCtx: 3, Train: 83.51%, Valid: 71.19%, Test In: 72.07% Test OOD1: 62.86% Test OOD2: 54.12% Test OOD3: 61.49% 
Epoch: 325, Loss: 3.0462, Cls: 1.0154, Ind: 0.0000, Med: 0.5078, Spu: 0.0000, FD: 1.0153, FDAug: 0.5077, Var: 0.0000, Ctx: 6, MixCtx: 3, Train: 83.34%, Valid: 70.59%, Test In: 70.77% Test OOD1: 61.93% Test OOD2: 53.85% Test OOD3: 60.50% 
Epoch: 326, Loss: 3.1435, Cls: 1.0481, Ind: 0.0000, Med: 0.5242, Spu: 0.0000, FD: 1.0475, FDAug: 0.5237, Var: 0.0000, Ctx: 6, MixCtx: 3, Train: 82.86%, Valid: 71.59%, Test In: 72.87% Test OOD1: 63.63% Test OOD2: 54.28% Test OOD3: 62.20% 
Epoch: 327, Loss: 3.3258, Cls: 1.1094, Ind: 0.0000, Med: 0.5551, Spu: 0.0000, FD: 1.1080, FDAug: 0.5533, Var: 0.0000, Ctx: 6, MixCtx: 3, Train: 82.72%, Valid: 70.76%, Test In: 71.02% Test OOD1: 62.34% Test OOD2: 54.27% Test OOD3: 60.50% 
Epoch: 328, Loss: 3.4101, Cls: 1.1374, Ind: 0.0000, Med: 0.5692, Spu: 0.0000, FD: 1.1354, FDAug: 0.5681, Var: 0.0000, Ctx: 6, MixCtx: 3, Train: 83.47%, Valid: 71.57%, Test In: 72.47% Test OOD1: 63.66% Test OOD2: 54.23% Test OOD3: 61.88% 
Epoch: 329, Loss: 3.0573, Cls: 1.0189, Ind: 0.0000, Med: 0.5094, Spu: 0.0000, FD: 1.0195, FDAug: 0.5094, Var: 0.0000, Ctx: 6, MixCtx: 3, Train: 83.19%, Valid: 71.66%, Test In: 72.70% Test OOD1: 63.92% Test OOD2: 53.83% Test OOD3: 62.26% 
Epoch: 330, Loss: 3.2141, Cls: 1.0714, Ind: 0.0000, Med: 0.5357, Spu: 0.0000, FD: 1.0718, FDAug: 0.5352, Var: 0.0000, Ctx: 6, MixCtx: 3, Train: 82.44%, Valid: 70.91%, Test In: 71.32% Test OOD1: 62.88% Test OOD2: 53.69% Test OOD3: 61.33% 
Epoch: 331, Loss: 3.1752, Cls: 1.0590, Ind: 0.0000, Med: 0.5299, Spu: 0.0000, FD: 1.0576, FDAug: 0.5287, Var: 0.0000, Ctx: 6, MixCtx: 3, Train: 82.95%, Valid: 71.90%, Test In: 72.71% Test OOD1: 64.53% Test OOD2: 54.37% Test OOD3: 62.02% 
Epoch: 332, Loss: 3.1045, Cls: 1.0349, Ind: 0.0000, Med: 0.5176, Spu: 0.0000, FD: 1.0345, FDAug: 0.5175, Var: 0.0000, Ctx: 6, MixCtx: 3, Train: 82.23%, Valid: 72.44%, Test In: 73.76% Test OOD1: 65.87% Test OOD2: 54.52% Test OOD3: 63.06% 
Epoch: 333, Loss: 3.1768, Cls: 1.0598, Ind: 0.0000, Med: 0.5304, Spu: 0.0000, FD: 1.0582, FDAug: 0.5284, Var: 0.0000, Ctx: 6, MixCtx: 3, Train: 82.79%, Valid: 72.21%, Test In: 73.36% Test OOD1: 64.77% Test OOD2: 54.41% Test OOD3: 62.44% 
Epoch: 334, Loss: 3.0844, Cls: 1.0278, Ind: 0.0000, Med: 0.5138, Spu: 0.0000, FD: 1.0288, FDAug: 0.5141, Var: 0.0000, Ctx: 6, MixCtx: 3, Train: 83.44%, Valid: 71.60%, Test In: 72.13% Test OOD1: 63.16% Test OOD2: 54.17% Test OOD3: 61.17% 
Epoch: 335, Loss: 3.1237, Cls: 1.0409, Ind: 0.0000, Med: 0.5204, Spu: 0.0000, FD: 1.0414, FDAug: 0.5209, Var: 0.0000, Ctx: 6, MixCtx: 3, Train: 83.67%, Valid: 71.40%, Test In: 71.72% Test OOD1: 62.74% Test OOD2: 53.88% Test OOD3: 61.01% 
Epoch: 336, Loss: 3.0451, Cls: 1.0143, Ind: 0.0000, Med: 0.5068, Spu: 0.0000, FD: 1.0161, FDAug: 0.5079, Var: 0.0000, Ctx: 6, MixCtx: 3, Train: 83.39%, Valid: 71.56%, Test In: 72.01% Test OOD1: 63.15% Test OOD2: 53.54% Test OOD3: 61.57% 
Epoch: 337, Loss: 3.1100, Cls: 1.0362, Ind: 0.0000, Med: 0.5180, Spu: 0.0000, FD: 1.0371, FDAug: 0.5187, Var: 0.0000, Ctx: 6, MixCtx: 3, Train: 83.40%, Valid: 71.71%, Test In: 72.13% Test OOD1: 63.38% Test OOD2: 53.65% Test OOD3: 61.69% 
Epoch: 338, Loss: 3.0368, Cls: 1.0119, Ind: 0.0000, Med: 0.5059, Spu: 0.0000, FD: 1.0125, FDAug: 0.5064, Var: 0.0000, Ctx: 6, MixCtx: 3, Train: 83.64%, Valid: 72.06%, Test In: 72.83% Test OOD1: 64.06% Test OOD2: 54.12% Test OOD3: 62.14% 
Epoch: 339, Loss: 3.0562, Cls: 1.0184, Ind: 0.0000, Med: 0.5092, Spu: 0.0000, FD: 1.0190, FDAug: 0.5096, Var: 0.0000, Ctx: 6, MixCtx: 3, Train: 83.00%, Valid: 72.29%, Test In: 73.43% Test OOD1: 64.54% Test OOD2: 54.42% Test OOD3: 62.64% 
Epoch: 340, Loss: 3.0694, Cls: 1.0230, Ind: 0.0000, Med: 0.5115, Spu: 0.0000, FD: 1.0231, FDAug: 0.5118, Var: 0.0000, Ctx: 6, MixCtx: 3, Train: 83.53%, Valid: 71.68%, Test In: 72.66% Test OOD1: 62.99% Test OOD2: 54.19% Test OOD3: 61.75% 
Epoch: 341, Loss: 3.0198, Cls: 1.0064, Ind: 0.0000, Med: 0.5031, Spu: 0.0000, FD: 1.0068, FDAug: 0.5035, Var: 0.0000, Ctx: 6, MixCtx: 3, Train: 83.65%, Valid: 70.80%, Test In: 71.26% Test OOD1: 61.40% Test OOD2: 53.76% Test OOD3: 60.49% 
Epoch: 342, Loss: 3.0294, Cls: 1.0098, Ind: 0.0000, Med: 0.5050, Spu: 0.0000, FD: 1.0098, FDAug: 0.5049, Var: 0.0000, Ctx: 6, MixCtx: 3, Train: 83.61%, Valid: 71.04%, Test In: 71.34% Test OOD1: 62.02% Test OOD2: 53.60% Test OOD3: 60.80% 
Epoch: 343, Loss: 3.0228, Cls: 1.0078, Ind: 0.0000, Med: 0.5040, Spu: 0.0000, FD: 1.0073, FDAug: 0.5037, Var: 0.0000, Ctx: 6, MixCtx: 3, Train: 83.83%, Valid: 71.67%, Test In: 72.32% Test OOD1: 63.46% Test OOD2: 53.85% Test OOD3: 61.67% 
Epoch: 344, Loss: 3.0038, Cls: 1.0015, Ind: 0.0000, Med: 0.5010, Spu: 0.0000, FD: 1.0009, FDAug: 0.5004, Var: 0.0000, Ctx: 6, MixCtx: 3, Train: 83.88%, Valid: 71.55%, Test In: 72.35% Test OOD1: 63.34% Test OOD2: 54.03% Test OOD3: 61.63% 
Epoch: 345, Loss: 3.0054, Cls: 1.0014, Ind: 0.0000, Med: 0.5006, Spu: 0.0000, FD: 1.0020, FDAug: 0.5013, Var: 0.0000, Ctx: 6, MixCtx: 3, Train: 83.77%, Valid: 71.49%, Test In: 72.34% Test OOD1: 63.23% Test OOD2: 54.22% Test OOD3: 61.68% 
Epoch: 346, Loss: 3.0026, Cls: 1.0004, Ind: 0.0000, Med: 0.5002, Spu: 0.0000, FD: 1.0011, FDAug: 0.5009, Var: 0.0000, Ctx: 6, MixCtx: 3, Train: 83.95%, Valid: 71.22%, Test In: 71.97% Test OOD1: 62.79% Test OOD2: 54.17% Test OOD3: 61.51% 
Epoch: 347, Loss: 2.9952, Cls: 0.9983, Ind: 0.0000, Med: 0.4992, Spu: 0.0000, FD: 0.9985, FDAug: 0.4991, Var: 0.0000, Ctx: 6, MixCtx: 3, Train: 83.84%, Valid: 70.41%, Test In: 70.71% Test OOD1: 61.50% Test OOD2: 53.88% Test OOD3: 60.46% 
Epoch: 348, Loss: 3.0008, Cls: 1.0004, Ind: 0.0000, Med: 0.5004, Spu: 0.0000, FD: 0.9998, FDAug: 0.5000, Var: 0.0000, Ctx: 6, MixCtx: 3, Train: 84.08%, Valid: 70.78%, Test In: 71.24% Test OOD1: 62.15% Test OOD2: 54.03% Test OOD3: 60.76% 
Epoch: 349, Loss: 2.9809, Cls: 0.9937, Ind: 0.0000, Med: 0.4970, Spu: 0.0000, FD: 0.9935, FDAug: 0.4966, Var: 0.0000, Ctx: 6, MixCtx: 3, Train: 84.09%, Valid: 71.24%, Test In: 71.99% Test OOD1: 62.90% Test OOD2: 54.11% Test OOD3: 61.35% 
Epoch: 350, Loss: 2.9785, Cls: 0.9924, Ind: 0.0000, Med: 0.4962, Spu: 0.0000, FD: 0.9933, FDAug: 0.4966, Var: 0.0000, Ctx: 6, MixCtx: 3, Train: 84.14%, Valid: 70.91%, Test In: 71.64% Test OOD1: 62.19% Test OOD2: 53.99% Test OOD3: 61.01% 
Epoch: 351, Loss: 2.9885, Cls: 0.9963, Ind: 0.0000, Med: 0.4985, Spu: 0.0000, FD: 0.9955, FDAug: 0.4981, Var: 0.0000, Ctx: 6, MixCtx: 3, Train: 84.18%, Valid: 70.89%, Test In: 71.68% Test OOD1: 62.30% Test OOD2: 54.04% Test OOD3: 61.22% 
Epoch: 352, Loss: 2.9699, Cls: 0.9892, Ind: 0.0000, Med: 0.4945, Spu: 0.0000, FD: 0.9907, FDAug: 0.4955, Var: 0.0000, Ctx: 6, MixCtx: 3, Train: 84.18%, Valid: 70.39%, Test In: 70.72% Test OOD1: 61.66% Test OOD2: 53.98% Test OOD3: 60.60% 
Epoch: 353, Loss: 2.9690, Cls: 0.9897, Ind: 0.0000, Med: 0.4950, Spu: 0.0000, FD: 0.9895, FDAug: 0.4948, Var: 0.0000, Ctx: 6, MixCtx: 3, Train: 84.20%, Valid: 70.42%, Test In: 70.96% Test OOD1: 61.75% Test OOD2: 54.06% Test OOD3: 60.56% 
Epoch: 354, Loss: 2.9666, Cls: 0.9885, Ind: 0.0000, Med: 0.4943, Spu: 0.0000, FD: 0.9891, FDAug: 0.4946, Var: 0.0000, Ctx: 6, MixCtx: 3, Train: 84.35%, Valid: 70.66%, Test In: 71.15% Test OOD1: 62.16% Test OOD2: 54.15% Test OOD3: 60.74% 
Epoch: 355, Loss: 2.9552, Cls: 0.9849, Ind: 0.0000, Med: 0.4925, Spu: 0.0000, FD: 0.9850, FDAug: 0.4928, Var: 0.0000, Ctx: 6, MixCtx: 3, Train: 84.35%, Valid: 70.68%, Test In: 71.32% Test OOD1: 62.08% Test OOD2: 53.93% Test OOD3: 60.93% 
Epoch: 356, Loss: 2.9533, Cls: 0.9842, Ind: 0.0000, Med: 0.4922, Spu: 0.0000, FD: 0.9846, FDAug: 0.4923, Var: 0.0000, Ctx: 6, MixCtx: 3, Train: 84.39%, Valid: 70.45%, Test In: 70.93% Test OOD1: 61.75% Test OOD2: 53.74% Test OOD3: 60.69% 
Epoch: 357, Loss: 2.9540, Cls: 0.9845, Ind: 0.0000, Med: 0.4924, Spu: 0.0000, FD: 0.9846, FDAug: 0.4926, Var: 0.0000, Ctx: 6, MixCtx: 3, Train: 84.52%, Valid: 70.83%, Test In: 71.36% Test OOD1: 62.47% Test OOD2: 54.01% Test OOD3: 61.05% 
Epoch: 358, Loss: 2.9478, Cls: 0.9822, Ind: 0.0000, Med: 0.4911, Spu: 0.0000, FD: 0.9829, FDAug: 0.4916, Var: 0.0000, Ctx: 6, MixCtx: 3, Train: 84.45%, Valid: 70.49%, Test In: 70.76% Test OOD1: 61.95% Test OOD2: 54.11% Test OOD3: 60.52% 
Epoch: 359, Loss: 2.9548, Cls: 0.9850, Ind: 0.0000, Med: 0.4927, Spu: 0.0000, FD: 0.9846, FDAug: 0.4925, Var: 0.0000, Ctx: 6, MixCtx: 3, Train: 84.47%, Valid: 70.63%, Test In: 71.23% Test OOD1: 62.01% Test OOD2: 54.07% Test OOD3: 60.90% 
Epoch: 360, Loss: 2.9568, Cls: 0.9855, Ind: 0.0000, Med: 0.4928, Spu: 0.0000, FD: 0.9857, FDAug: 0.4928, Var: 0.0000, Ctx: 6, MixCtx: 3, Train: 84.49%, Valid: 70.50%, Test In: 70.68% Test OOD1: 61.96% Test OOD2: 53.94% Test OOD3: 60.54% 
Epoch: 361, Loss: 2.9583, Cls: 0.9860, Ind: 0.0000, Med: 0.4931, Spu: 0.0000, FD: 0.9860, FDAug: 0.4932, Var: 0.0000, Ctx: 6, MixCtx: 3, Train: 84.49%, Valid: 70.95%, Test In: 71.60% Test OOD1: 62.55% Test OOD2: 53.89% Test OOD3: 61.16% 
Epoch: 362, Loss: 2.9546, Cls: 0.9848, Ind: 0.0000, Med: 0.4924, Spu: 0.0000, FD: 0.9849, FDAug: 0.4924, Var: 0.0000, Ctx: 6, MixCtx: 3, Train: 84.64%, Valid: 70.41%, Test In: 70.63% Test OOD1: 61.66% Test OOD2: 53.80% Test OOD3: 60.31% 
Epoch: 363, Loss: 2.9510, Cls: 0.9835, Ind: 0.0000, Med: 0.4918, Spu: 0.0000, FD: 0.9836, FDAug: 0.4920, Var: 0.0000, Ctx: 6, MixCtx: 3, Train: 84.67%, Valid: 70.80%, Test In: 71.22% Test OOD1: 62.22% Test OOD2: 54.02% Test OOD3: 60.80% 
Epoch: 364, Loss: 2.9492, Cls: 0.9830, Ind: 0.0000, Med: 0.4916, Spu: 0.0000, FD: 0.9830, FDAug: 0.4915, Var: 0.0000, Ctx: 6, MixCtx: 3, Train: 84.70%, Valid: 70.36%, Test In: 70.56% Test OOD1: 61.56% Test OOD2: 53.90% Test OOD3: 60.27% 
Epoch: 365, Loss: 2.9433, Cls: 0.9812, Ind: 0.0000, Med: 0.4908, Spu: 0.0000, FD: 0.9809, FDAug: 0.4904, Var: 0.0000, Ctx: 6, MixCtx: 3, Train: 84.68%, Valid: 70.96%, Test In: 71.58% Test OOD1: 62.56% Test OOD2: 54.03% Test OOD3: 61.10% 
Epoch: 366, Loss: 2.9373, Cls: 0.9791, Ind: 0.0000, Med: 0.4896, Spu: 0.0000, FD: 0.9791, FDAug: 0.4895, Var: 0.0000, Ctx: 6, MixCtx: 3, Train: 84.77%, Valid: 70.60%, Test In: 70.80% Test OOD1: 61.96% Test OOD2: 53.83% Test OOD3: 60.48% 
Epoch: 367, Loss: 2.9371, Cls: 0.9791, Ind: 0.0000, Med: 0.4897, Spu: 0.0000, FD: 0.9789, FDAug: 0.4895, Var: 0.0000, Ctx: 6, MixCtx: 3, Train: 84.70%, Valid: 70.79%, Test In: 71.41% Test OOD1: 62.06% Test OOD2: 53.76% Test OOD3: 60.92% 
Epoch: 368, Loss: 2.9384, Cls: 0.9797, Ind: 0.0000, Med: 0.4900, Spu: 0.0000, FD: 0.9794, FDAug: 0.4893, Var: 0.0000, Ctx: 6, MixCtx: 3, Train: 84.84%, Valid: 70.47%, Test In: 70.68% Test OOD1: 61.72% Test OOD2: 53.75% Test OOD3: 60.33% 
Epoch: 369, Loss: 2.9311, Cls: 0.9770, Ind: 0.0000, Med: 0.4886, Spu: 0.0000, FD: 0.9769, FDAug: 0.4886, Var: 0.0000, Ctx: 6, MixCtx: 3, Train: 84.84%, Valid: 70.90%, Test In: 71.45% Test OOD1: 62.49% Test OOD2: 53.92% Test OOD3: 61.02% 
Epoch: 370, Loss: 2.9286, Cls: 0.9760, Ind: 0.0000, Med: 0.4880, Spu: 0.0000, FD: 0.9764, FDAug: 0.4883, Var: 0.0000, Ctx: 6, MixCtx: 3, Train: 84.85%, Valid: 70.32%, Test In: 70.59% Test OOD1: 61.69% Test OOD2: 53.72% Test OOD3: 60.34% 
Epoch: 371, Loss: 2.9367, Cls: 0.9790, Ind: 0.0000, Med: 0.4897, Spu: 0.0000, FD: 0.9787, FDAug: 0.4894, Var: 0.0000, Ctx: 6, MixCtx: 3, Train: 84.78%, Valid: 70.92%, Test In: 71.58% Test OOD1: 62.54% Test OOD2: 53.87% Test OOD3: 61.16% 
Epoch: 372, Loss: 2.9472, Cls: 0.9823, Ind: 0.0000, Med: 0.4912, Spu: 0.0000, FD: 0.9825, FDAug: 0.4912, Var: 0.0000, Ctx: 6, MixCtx: 3, Train: 84.78%, Valid: 70.17%, Test In: 70.27% Test OOD1: 61.43% Test OOD2: 53.61% Test OOD3: 60.02% 
Epoch: 373, Loss: 2.9723, Cls: 0.9908, Ind: 0.0000, Med: 0.4955, Spu: 0.0000, FD: 0.9905, FDAug: 0.4955, Var: 0.0000, Ctx: 6, MixCtx: 3, Train: 84.74%, Valid: 70.76%, Test In: 71.50% Test OOD1: 62.19% Test OOD2: 53.68% Test OOD3: 61.11% 
Epoch: 374, Loss: 2.9897, Cls: 0.9962, Ind: 0.0000, Med: 0.4980, Spu: 0.0000, FD: 0.9969, FDAug: 0.4986, Var: 0.0000, Ctx: 6, MixCtx: 3, Train: 84.60%, Valid: 70.16%, Test In: 70.16% Test OOD1: 61.68% Test OOD2: 53.60% Test OOD3: 60.10% 
Epoch: 375, Loss: 3.0050, Cls: 1.0017, Ind: 0.0000, Med: 0.5010, Spu: 0.0000, FD: 1.0014, FDAug: 0.5010, Var: 0.0000, Ctx: 6, MixCtx: 3, Train: 84.63%, Valid: 71.08%, Test In: 71.94% Test OOD1: 62.91% Test OOD2: 53.95% Test OOD3: 61.51% 
Epoch: 376, Loss: 2.9795, Cls: 0.9930, Ind: 0.0000, Med: 0.4965, Spu: 0.0000, FD: 0.9931, FDAug: 0.4968, Var: 0.0000, Ctx: 6, MixCtx: 3, Train: 84.98%, Valid: 70.35%, Test In: 70.70% Test OOD1: 61.65% Test OOD2: 53.73% Test OOD3: 60.36% 
Epoch: 377, Loss: 2.9387, Cls: 0.9792, Ind: 0.0000, Med: 0.4895, Spu: 0.0000, FD: 0.9798, FDAug: 0.4902, Var: 0.0000, Ctx: 6, MixCtx: 3, Train: 85.04%, Valid: 70.66%, Test In: 70.85% Test OOD1: 62.13% Test OOD2: 53.67% Test OOD3: 60.56% 
Epoch: 378, Loss: 2.9031, Cls: 0.9676, Ind: 0.0000, Med: 0.4838, Spu: 0.0000, FD: 0.9678, FDAug: 0.4838, Var: 0.0000, Ctx: 6, MixCtx: 3, Train: 85.03%, Valid: 70.83%, Test In: 71.30% Test OOD1: 62.44% Test OOD2: 53.64% Test OOD3: 60.93% 
Epoch: 379, Loss: 2.9152, Cls: 0.9720, Ind: 0.0000, Med: 0.4862, Spu: 0.0000, FD: 0.9715, FDAug: 0.4855, Var: 0.0000, Ctx: 6, MixCtx: 3, Train: 85.09%, Valid: 70.37%, Test In: 70.63% Test OOD1: 61.76% Test OOD2: 53.60% Test OOD3: 60.34% 
Epoch: 380, Loss: 2.9511, Cls: 0.9835, Ind: 0.0000, Med: 0.4917, Spu: 0.0000, FD: 0.9839, FDAug: 0.4920, Var: 0.0000, Ctx: 6, MixCtx: 3, Train: 84.76%, Valid: 71.09%, Test In: 71.74% Test OOD1: 62.84% Test OOD2: 54.02% Test OOD3: 61.28% 
Epoch: 381, Loss: 2.9564, Cls: 0.9858, Ind: 0.0000, Med: 0.4932, Spu: 0.0000, FD: 0.9851, FDAug: 0.4923, Var: 0.0000, Ctx: 6, MixCtx: 3, Train: 85.13%, Valid: 70.19%, Test In: 70.36% Test OOD1: 61.30% Test OOD2: 53.63% Test OOD3: 60.04% 
Epoch: 382, Loss: 2.9251, Cls: 0.9749, Ind: 0.0000, Med: 0.4875, Spu: 0.0000, FD: 0.9751, FDAug: 0.4877, Var: 0.0000, Ctx: 6, MixCtx: 3, Train: 85.12%, Valid: 70.52%, Test In: 71.06% Test OOD1: 61.76% Test OOD2: 53.54% Test OOD3: 60.65% 
Epoch: 383, Loss: 2.8990, Cls: 0.9661, Ind: 0.0000, Med: 0.4831, Spu: 0.0000, FD: 0.9665, FDAug: 0.4832, Var: 0.0000, Ctx: 6, MixCtx: 3, Train: 85.11%, Valid: 70.87%, Test In: 71.27% Test OOD1: 62.63% Test OOD2: 53.74% Test OOD3: 60.89% 
Epoch: 384, Loss: 2.8909, Cls: 0.9636, Ind: 0.0000, Med: 0.4818, Spu: 0.0000, FD: 0.9636, FDAug: 0.4819, Var: 0.0000, Ctx: 6, MixCtx: 3, Train: 85.28%, Valid: 70.43%, Test In: 70.88% Test OOD1: 61.89% Test OOD2: 53.72% Test OOD3: 60.59% 
Epoch: 385, Loss: 2.8981, Cls: 0.9660, Ind: 0.0000, Med: 0.4831, Spu: 0.0000, FD: 0.9658, FDAug: 0.4832, Var: 0.0000, Ctx: 6, MixCtx: 3, Train: 85.10%, Valid: 70.50%, Test In: 71.21% Test OOD1: 61.92% Test OOD2: 53.74% Test OOD3: 60.85% 
Epoch: 386, Loss: 2.9267, Cls: 0.9749, Ind: 0.0000, Med: 0.4873, Spu: 0.0000, FD: 0.9761, FDAug: 0.4884, Var: 0.0000, Ctx: 6, MixCtx: 3, Train: 84.68%, Valid: 69.75%, Test In: 69.64% Test OOD1: 61.33% Test OOD2: 53.49% Test OOD3: 59.64% 
Epoch: 387, Loss: 2.9856, Cls: 0.9953, Ind: 0.0000, Med: 0.4979, Spu: 0.0000, FD: 0.9947, FDAug: 0.4977, Var: 0.0000, Ctx: 6, MixCtx: 3, Train: 84.81%, Valid: 70.75%, Test In: 71.64% Test OOD1: 62.32% Test OOD2: 53.79% Test OOD3: 61.20% 
Epoch: 388, Loss: 3.0249, Cls: 1.0081, Ind: 0.0000, Med: 0.5040, Spu: 0.0000, FD: 1.0086, FDAug: 0.5042, Var: 0.0000, Ctx: 6, MixCtx: 3, Train: 85.04%, Valid: 69.74%, Test In: 69.98% Test OOD1: 60.98% Test OOD2: 53.54% Test OOD3: 59.80% 
Epoch: 389, Loss: 3.0472, Cls: 1.0155, Ind: 0.0000, Med: 0.5079, Spu: 0.0000, FD: 1.0154, FDAug: 0.5083, Var: 0.0000, Ctx: 6, MixCtx: 3, Train: 85.23%, Valid: 70.69%, Test In: 71.28% Test OOD1: 62.37% Test OOD2: 53.82% Test OOD3: 60.95% 
Epoch: 390, Loss: 2.9267, Cls: 0.9760, Ind: 0.0000, Med: 0.4882, Spu: 0.0000, FD: 0.9754, FDAug: 0.4870, Var: 0.0000, Ctx: 6, MixCtx: 3, Train: 85.21%, Valid: 70.30%, Test In: 70.71% Test OOD1: 62.04% Test OOD2: 53.60% Test OOD3: 60.52% 
Epoch: 391, Loss: 2.8924, Cls: 0.9640, Ind: 0.0000, Med: 0.4821, Spu: 0.0000, FD: 0.9642, FDAug: 0.4821, Var: 0.0000, Ctx: 6, MixCtx: 3, Train: 85.06%, Valid: 70.04%, Test In: 70.35% Test OOD1: 61.83% Test OOD2: 53.56% Test OOD3: 60.18% 
Epoch: 392, Loss: 2.9399, Cls: 0.9797, Ind: 0.0000, Med: 0.4899, Spu: 0.0000, FD: 0.9801, FDAug: 0.4902, Var: 0.0000, Ctx: 6, MixCtx: 3, Train: 85.01%, Valid: 70.98%, Test In: 71.67% Test OOD1: 62.91% Test OOD2: 53.93% Test OOD3: 61.24% 
Epoch: 393, Loss: 2.9441, Cls: 0.9813, Ind: 0.0000, Med: 0.4907, Spu: 0.0000, FD: 0.9813, FDAug: 0.4908, Var: 0.0000, Ctx: 6, MixCtx: 3, Train: 85.30%, Valid: 70.13%, Test In: 70.36% Test OOD1: 61.37% Test OOD2: 53.61% Test OOD3: 60.11% 
Epoch: 394, Loss: 2.9001, Cls: 0.9667, Ind: 0.0000, Med: 0.4834, Spu: 0.0000, FD: 0.9667, FDAug: 0.4832, Var: 0.0000, Ctx: 6, MixCtx: 3, Train: 85.41%, Valid: 70.09%, Test In: 70.43% Test OOD1: 61.31% Test OOD2: 53.41% Test OOD3: 60.14% 
Epoch: 395, Loss: 2.8717, Cls: 0.9572, Ind: 0.0000, Med: 0.4787, Spu: 0.0000, FD: 0.9573, FDAug: 0.4785, Var: 0.0000, Ctx: 6, MixCtx: 3, Train: 85.23%, Valid: 70.83%, Test In: 71.48% Test OOD1: 62.64% Test OOD2: 53.72% Test OOD3: 61.03% 
Epoch: 396, Loss: 2.9152, Cls: 0.9713, Ind: 0.0000, Med: 0.4857, Spu: 0.0000, FD: 0.9717, FDAug: 0.4864, Var: 0.0000, Ctx: 6, MixCtx: 3, Train: 85.43%, Valid: 70.19%, Test In: 70.50% Test OOD1: 61.77% Test OOD2: 53.64% Test OOD3: 60.32% 
Epoch: 397, Loss: 2.9480, Cls: 0.9822, Ind: 0.0000, Med: 0.4910, Spu: 0.0000, FD: 0.9831, FDAug: 0.4918, Var: 0.0000, Ctx: 6, MixCtx: 3, Train: 85.03%, Valid: 70.69%, Test In: 71.50% Test OOD1: 62.17% Test OOD2: 53.88% Test OOD3: 61.15% 
Epoch: 398, Loss: 2.9401, Cls: 0.9799, Ind: 0.0000, Med: 0.4900, Spu: 0.0000, FD: 0.9801, FDAug: 0.4902, Var: 0.0000, Ctx: 6, MixCtx: 3, Train: 85.54%, Valid: 70.14%, Test In: 70.48% Test OOD1: 61.54% Test OOD2: 53.64% Test OOD3: 60.27% 
Epoch: 399, Loss: 2.8753, Cls: 0.9583, Ind: 0.0000, Med: 0.4792, Spu: 0.0000, FD: 0.9584, FDAug: 0.4795, Var: 0.0000, Ctx: 6, MixCtx: 3, Train: 85.48%, Valid: 70.18%, Test In: 70.53% Test OOD1: 61.83% Test OOD2: 53.45% Test OOD3: 60.28% 
Epoch: 400, Loss: 2.8610, Cls: 0.9537, Ind: 0.0000, Med: 0.4769, Spu: 0.0000, FD: 0.9536, FDAug: 0.4768, Var: 0.0000, Ctx: 6, MixCtx: 3, Train: 85.51%, Valid: 70.47%, Test In: 71.09% Test OOD1: 62.21% Test OOD2: 53.63% Test OOD3: 60.74% 
Epoch: 401, Loss: 2.8870, Cls: 0.9625, Ind: 0.0000, Med: 0.4814, Spu: 0.0000, FD: 0.9623, FDAug: 0.4807, Var: 0.0000, Ctx: 6, MixCtx: 3, Train: 85.51%, Valid: 69.69%, Test In: 69.91% Test OOD1: 61.12% Test OOD2: 53.60% Test OOD3: 59.89% 
Epoch: 402, Loss: 2.9071, Cls: 0.9694, Ind: 0.0000, Med: 0.4850, Spu: 0.0000, FD: 0.9684, FDAug: 0.4843, Var: 0.0000, Ctx: 6, MixCtx: 3, Train: 85.45%, Valid: 70.37%, Test In: 71.00% Test OOD1: 61.85% Test OOD2: 53.89% Test OOD3: 60.74% 
Epoch: 403, Loss: 2.8828, Cls: 0.9606, Ind: 0.0000, Med: 0.4802, Spu: 0.0000, FD: 0.9613, FDAug: 0.4807, Var: 0.0000, Ctx: 6, MixCtx: 3, Train: 85.70%, Valid: 70.12%, Test In: 70.55% Test OOD1: 61.77% Test OOD2: 53.71% Test OOD3: 60.26% 
Epoch: 404, Loss: 2.8455, Cls: 0.9486, Ind: 0.0000, Med: 0.4744, Spu: 0.0000, FD: 0.9483, FDAug: 0.4742, Var: 0.0000, Ctx: 6, MixCtx: 3, Train: 85.62%, Valid: 69.92%, Test In: 70.26% Test OOD1: 61.55% Test OOD2: 53.51% Test OOD3: 60.03% 
Epoch: 405, Loss: 2.8491, Cls: 0.9497, Ind: 0.0000, Med: 0.4750, Spu: 0.0000, FD: 0.9495, FDAug: 0.4748, Var: 0.0000, Ctx: 6, MixCtx: 3, Train: 85.68%, Valid: 70.07%, Test In: 70.65% Test OOD1: 61.43% Test OOD2: 53.69% Test OOD3: 60.37% 
Epoch: 406, Loss: 2.8611, Cls: 0.9536, Ind: 0.0000, Med: 0.4768, Spu: 0.0000, FD: 0.9538, FDAug: 0.4768, Var: 0.0000, Ctx: 6, MixCtx: 3, Train: 85.71%, Valid: 69.63%, Test In: 69.88% Test OOD1: 61.05% Test OOD2: 53.63% Test OOD3: 59.83% 
Epoch: 407, Loss: 2.8926, Cls: 0.9640, Ind: 0.0000, Med: 0.4820, Spu: 0.0000, FD: 0.9640, FDAug: 0.4826, Var: 0.0000, Ctx: 6, MixCtx: 3, Train: 85.55%, Valid: 70.43%, Test In: 71.16% Test OOD1: 62.10% Test OOD2: 53.89% Test OOD3: 60.81% 
Epoch: 408, Loss: 2.9103, Cls: 0.9697, Ind: 0.0000, Med: 0.4848, Spu: 0.0000, FD: 0.9705, FDAug: 0.4854, Var: 0.0000, Ctx: 6, MixCtx: 3, Train: 85.38%, Valid: 69.21%, Test In: 69.34% Test OOD1: 60.73% Test OOD2: 53.41% Test OOD3: 59.38% 
Epoch: 409, Loss: 2.9383, Cls: 0.9790, Ind: 0.0000, Med: 0.4895, Spu: 0.0000, FD: 0.9794, FDAug: 0.4903, Var: 0.0000, Ctx: 6, MixCtx: 3, Train: 85.59%, Valid: 70.28%, Test In: 70.99% Test OOD1: 61.67% Test OOD2: 53.70% Test OOD3: 60.63% 
Epoch: 410, Loss: 2.9296, Cls: 0.9766, Ind: 0.0000, Med: 0.4883, Spu: 0.0000, FD: 0.9767, FDAug: 0.4879, Var: 0.0000, Ctx: 6, MixCtx: 3, Train: 85.63%, Valid: 69.99%, Test In: 70.30% Test OOD1: 61.71% Test OOD2: 53.66% Test OOD3: 60.13% 
Epoch: 411, Loss: 2.8879, Cls: 0.9623, Ind: 0.0000, Med: 0.4812, Spu: 0.0000, FD: 0.9626, FDAug: 0.4818, Var: 0.0000, Ctx: 6, MixCtx: 3, Train: 85.82%, Valid: 70.29%, Test In: 70.88% Test OOD1: 62.06% Test OOD2: 53.72% Test OOD3: 60.62% 
Epoch: 412, Loss: 2.8325, Cls: 0.9442, Ind: 0.0000, Med: 0.4722, Spu: 0.0000, FD: 0.9442, FDAug: 0.4720, Var: 0.0000, Ctx: 6, MixCtx: 3, Train: 85.81%, Valid: 70.03%, Test In: 70.58% Test OOD1: 61.65% Test OOD2: 53.65% Test OOD3: 60.36% 
Epoch: 413, Loss: 2.8522, Cls: 0.9505, Ind: 0.0000, Med: 0.4752, Spu: 0.0000, FD: 0.9511, FDAug: 0.4755, Var: 0.0000, Ctx: 6, MixCtx: 3, Train: 85.66%, Valid: 69.49%, Test In: 69.58% Test OOD1: 61.10% Test OOD2: 53.60% Test OOD3: 59.52% 
Epoch: 414, Loss: 2.8900, Cls: 0.9637, Ind: 0.0000, Med: 0.4821, Spu: 0.0000, FD: 0.9628, FDAug: 0.4813, Var: 0.0000, Ctx: 6, MixCtx: 3, Train: 85.50%, Valid: 70.42%, Test In: 71.11% Test OOD1: 61.87% Test OOD2: 53.90% Test OOD3: 60.73% 
Epoch: 415, Loss: 2.9000, Cls: 0.9662, Ind: 0.0000, Med: 0.4830, Spu: 0.0000, FD: 0.9671, FDAug: 0.4836, Var: 0.0000, Ctx: 6, MixCtx: 3, Train: 85.94%, Valid: 69.74%, Test In: 70.06% Test OOD1: 61.08% Test OOD2: 53.62% Test OOD3: 59.89% 
Epoch: 416, Loss: 2.8620, Cls: 0.9547, Ind: 0.0000, Med: 0.4777, Spu: 0.0000, FD: 0.9534, FDAug: 0.4762, Var: 0.0000, Ctx: 6, MixCtx: 3, Train: 85.91%, Valid: 69.98%, Test In: 70.48% Test OOD1: 61.57% Test OOD2: 53.66% Test OOD3: 60.21% 
Epoch: 417, Loss: 2.8266, Cls: 0.9422, Ind: 0.0000, Med: 0.4711, Spu: 0.0000, FD: 0.9423, FDAug: 0.4711, Var: 0.0000, Ctx: 6, MixCtx: 3, Train: 85.88%, Valid: 69.91%, Test In: 70.57% Test OOD1: 61.46% Test OOD2: 53.70% Test OOD3: 60.30% 
Epoch: 418, Loss: 2.8310, Cls: 0.9434, Ind: 0.0000, Med: 0.4717, Spu: 0.0000, FD: 0.9438, FDAug: 0.4720, Var: 0.0000, Ctx: 6, MixCtx: 3, Train: 85.94%, Valid: 69.72%, Test In: 70.03% Test OOD1: 61.39% Test OOD2: 53.76% Test OOD3: 59.92% 
Epoch: 419, Loss: 2.8623, Cls: 0.9546, Ind: 0.0000, Med: 0.4776, Spu: 0.0000, FD: 0.9537, FDAug: 0.4765, Var: 0.0000, Ctx: 6, MixCtx: 3, Train: 85.75%, Valid: 70.32%, Test In: 71.03% Test OOD1: 61.91% Test OOD2: 53.85% Test OOD3: 60.69% 
Epoch: 420, Loss: 2.8860, Cls: 0.9616, Ind: 0.0000, Med: 0.4807, Spu: 0.0000, FD: 0.9623, FDAug: 0.4814, Var: 0.0000, Ctx: 6, MixCtx: 3, Train: 85.73%, Valid: 69.01%, Test In: 69.45% Test OOD1: 60.34% Test OOD2: 53.33% Test OOD3: 59.46% 
Epoch: 421, Loss: 2.8896, Cls: 0.9630, Ind: 0.0000, Med: 0.4816, Spu: 0.0000, FD: 0.9632, FDAug: 0.4817, Var: 0.0000, Ctx: 6, MixCtx: 3, Train: 85.99%, Valid: 70.10%, Test In: 70.67% Test OOD1: 61.89% Test OOD2: 53.79% Test OOD3: 60.31% 
Epoch: 422, Loss: 2.8480, Cls: 0.9492, Ind: 0.0000, Med: 0.4747, Spu: 0.0000, FD: 0.9493, FDAug: 0.4748, Var: 0.0000, Ctx: 6, MixCtx: 3, Train: 86.10%, Valid: 69.75%, Test In: 70.32% Test OOD1: 61.44% Test OOD2: 53.75% Test OOD3: 60.13% 
Epoch: 423, Loss: 2.8104, Cls: 0.9367, Ind: 0.0000, Med: 0.4684, Spu: 0.0000, FD: 0.9368, FDAug: 0.4685, Var: 0.0000, Ctx: 6, MixCtx: 3, Train: 86.15%, Valid: 69.61%, Test In: 70.19% Test OOD1: 61.27% Test OOD2: 53.71% Test OOD3: 60.05% 
Epoch: 424, Loss: 2.8086, Cls: 0.9360, Ind: 0.0000, Med: 0.4681, Spu: 0.0000, FD: 0.9363, FDAug: 0.4682, Var: 0.0000, Ctx: 6, MixCtx: 3, Train: 86.08%, Valid: 69.90%, Test In: 70.53% Test OOD1: 61.58% Test OOD2: 53.78% Test OOD3: 60.22% 
Epoch: 425, Loss: 2.8306, Cls: 0.9435, Ind: 0.0000, Med: 0.4719, Spu: 0.0000, FD: 0.9433, FDAug: 0.4719, Var: 0.0000, Ctx: 6, MixCtx: 3, Train: 85.94%, Valid: 68.94%, Test In: 69.35% Test OOD1: 60.38% Test OOD2: 53.42% Test OOD3: 59.29% 
Epoch: 426, Loss: 2.8693, Cls: 0.9560, Ind: 0.0000, Med: 0.4779, Spu: 0.0000, FD: 0.9568, FDAug: 0.4785, Var: 0.0000, Ctx: 6, MixCtx: 3, Train: 85.89%, Valid: 70.18%, Test In: 70.90% Test OOD1: 61.79% Test OOD2: 53.93% Test OOD3: 60.50% 
Epoch: 427, Loss: 2.8888, Cls: 0.9633, Ind: 0.0000, Med: 0.4819, Spu: 0.0000, FD: 0.9624, FDAug: 0.4812, Var: 0.0000, Ctx: 6, MixCtx: 3, Train: 86.05%, Valid: 69.12%, Test In: 69.46% Test OOD1: 60.80% Test OOD2: 53.64% Test OOD3: 59.54% 
Epoch: 428, Loss: 2.8940, Cls: 0.9648, Ind: 0.0000, Med: 0.4825, Spu: 0.0000, FD: 0.9648, FDAug: 0.4819, Var: 0.0000, Ctx: 6, MixCtx: 3, Train: 86.04%, Valid: 69.93%, Test In: 70.75% Test OOD1: 61.67% Test OOD2: 53.77% Test OOD3: 60.57% 
Epoch: 429, Loss: 2.8562, Cls: 0.9516, Ind: 0.0000, Med: 0.4758, Spu: 0.0000, FD: 0.9522, FDAug: 0.4766, Var: 0.0000, Ctx: 6, MixCtx: 3, Train: 86.02%, Valid: 69.45%, Test In: 69.87% Test OOD1: 61.44% Test OOD2: 53.60% Test OOD3: 59.86% 
Epoch: 430, Loss: 2.8175, Cls: 0.9391, Ind: 0.0000, Med: 0.4696, Spu: 0.0000, FD: 0.9392, FDAug: 0.4696, Var: 0.0000, Ctx: 6, MixCtx: 3, Train: 86.16%, Valid: 69.66%, Test In: 70.26% Test OOD1: 61.27% Test OOD2: 53.69% Test OOD3: 60.06% 
Epoch: 431, Loss: 2.8022, Cls: 0.9340, Ind: 0.0000, Med: 0.4670, Spu: 0.0000, FD: 0.9341, FDAug: 0.4670, Var: 0.0000, Ctx: 6, MixCtx: 3, Train: 86.19%, Valid: 69.92%, Test In: 70.57% Test OOD1: 61.53% Test OOD2: 53.81% Test OOD3: 60.21% 
Epoch: 432, Loss: 2.8086, Cls: 0.9361, Ind: 0.0000, Med: 0.4681, Spu: 0.0000, FD: 0.9362, FDAug: 0.4682, Var: 0.0000, Ctx: 6, MixCtx: 3, Train: 86.20%, Valid: 69.13%, Test In: 69.63% Test OOD1: 60.76% Test OOD2: 53.57% Test OOD3: 59.54% 
Epoch: 433, Loss: 2.8271, Cls: 0.9424, Ind: 0.0000, Med: 0.4713, Spu: 0.0000, FD: 0.9424, FDAug: 0.4710, Var: 0.0000, Ctx: 6, MixCtx: 3, Train: 85.97%, Valid: 69.91%, Test In: 70.79% Test OOD1: 61.45% Test OOD2: 53.81% Test OOD3: 60.42% 
Epoch: 434, Loss: 2.8531, Cls: 0.9507, Ind: 0.0000, Med: 0.4753, Spu: 0.0000, FD: 0.9512, FDAug: 0.4758, Var: 0.0000, Ctx: 6, MixCtx: 3, Train: 86.07%, Valid: 68.94%, Test In: 69.19% Test OOD1: 60.53% Test OOD2: 53.57% Test OOD3: 59.14% 
Epoch: 435, Loss: 2.8801, Cls: 0.9601, Ind: 0.0000, Med: 0.4802, Spu: 0.0000, FD: 0.9599, FDAug: 0.4800, Var: 0.0000, Ctx: 6, MixCtx: 3, Train: 85.99%, Valid: 69.96%, Test In: 70.78% Test OOD1: 61.33% Test OOD2: 53.82% Test OOD3: 60.40% 
Epoch: 436, Loss: 2.8972, Cls: 0.9657, Ind: 0.0000, Med: 0.4829, Spu: 0.0000, FD: 0.9659, FDAug: 0.4828, Var: 0.0000, Ctx: 6, MixCtx: 3, Train: 86.21%, Valid: 69.22%, Test In: 69.65% Test OOD1: 61.01% Test OOD2: 53.54% Test OOD3: 59.70% 
Epoch: 437, Loss: 2.8688, Cls: 0.9557, Ind: 0.0000, Med: 0.4778, Spu: 0.0000, FD: 0.9564, FDAug: 0.4789, Var: 0.0000, Ctx: 6, MixCtx: 3, Train: 86.35%, Valid: 69.96%, Test In: 70.65% Test OOD1: 61.96% Test OOD2: 53.76% Test OOD3: 60.41% 
Epoch: 438, Loss: 2.8091, Cls: 0.9361, Ind: 0.0000, Med: 0.4680, Spu: 0.0000, FD: 0.9366, FDAug: 0.4684, Var: 0.0000, Ctx: 6, MixCtx: 3, Train: 86.40%, Valid: 69.35%, Test In: 69.93% Test OOD1: 60.96% Test OOD2: 53.62% Test OOD3: 59.78% 
Epoch: 439, Loss: 2.7875, Cls: 0.9291, Ind: 0.0000, Med: 0.4646, Spu: 0.0000, FD: 0.9292, FDAug: 0.4646, Var: 0.0000, Ctx: 6, MixCtx: 3, Train: 86.40%, Valid: 69.31%, Test In: 69.80% Test OOD1: 61.07% Test OOD2: 53.64% Test OOD3: 59.66% 
Epoch: 440, Loss: 2.8028, Cls: 0.9341, Ind: 0.0000, Med: 0.4671, Spu: 0.0000, FD: 0.9342, FDAug: 0.4673, Var: 0.0000, Ctx: 6, MixCtx: 3, Train: 86.20%, Valid: 70.01%, Test In: 70.84% Test OOD1: 61.73% Test OOD2: 53.81% Test OOD3: 60.37% 
Epoch: 441, Loss: 2.8315, Cls: 0.9437, Ind: 0.0000, Med: 0.4719, Spu: 0.0000, FD: 0.9440, FDAug: 0.4720, Var: 0.0000, Ctx: 6, MixCtx: 3, Train: 86.18%, Valid: 68.49%, Test In: 68.98% Test OOD1: 59.77% Test OOD2: 53.38% Test OOD3: 58.93% 
Epoch: 442, Loss: 2.8532, Cls: 0.9511, Ind: 0.0000, Med: 0.4756, Spu: 0.0000, FD: 0.9509, FDAug: 0.4756, Var: 0.0000, Ctx: 6, MixCtx: 3, Train: 86.33%, Valid: 69.83%, Test In: 70.59% Test OOD1: 61.42% Test OOD2: 53.86% Test OOD3: 60.12% 
Epoch: 443, Loss: 2.8215, Cls: 0.9405, Ind: 0.0000, Med: 0.4703, Spu: 0.0000, FD: 0.9405, FDAug: 0.4701, Var: 0.0000, Ctx: 6, MixCtx: 3, Train: 86.49%, Valid: 69.61%, Test In: 70.24% Test OOD1: 61.57% Test OOD2: 53.79% Test OOD3: 60.03% 
Epoch: 444, Loss: 2.7909, Cls: 0.9301, Ind: 0.0000, Med: 0.4651, Spu: 0.0000, FD: 0.9303, FDAug: 0.4654, Var: 0.0000, Ctx: 6, MixCtx: 3, Train: 86.49%, Valid: 69.40%, Test In: 70.23% Test OOD1: 61.12% Test OOD2: 53.63% Test OOD3: 60.10% 
Epoch: 445, Loss: 2.7716, Cls: 0.9237, Ind: 0.0000, Med: 0.4619, Spu: 0.0000, FD: 0.9240, FDAug: 0.4620, Var: 0.0000, Ctx: 6, MixCtx: 3, Train: 86.50%, Valid: 69.43%, Test In: 70.08% Test OOD1: 61.30% Test OOD2: 53.66% Test OOD3: 59.90% 
Epoch: 446, Loss: 2.7769, Cls: 0.9256, Ind: 0.0000, Med: 0.4629, Spu: 0.0000, FD: 0.9257, FDAug: 0.4627, Var: 0.0000, Ctx: 6, MixCtx: 3, Train: 86.47%, Valid: 69.13%, Test In: 69.75% Test OOD1: 60.89% Test OOD2: 53.64% Test OOD3: 59.61% 
Epoch: 447, Loss: 2.7926, Cls: 0.9306, Ind: 0.0000, Med: 0.4653, Spu: 0.0000, FD: 0.9309, FDAug: 0.4658, Var: 0.0000, Ctx: 6, MixCtx: 3, Train: 86.51%, Valid: 69.61%, Test In: 70.45% Test OOD1: 61.37% Test OOD2: 53.80% Test OOD3: 60.06% 
Epoch: 448, Loss: 2.7972, Cls: 0.9318, Ind: 0.0000, Med: 0.4658, Spu: 0.0000, FD: 0.9328, FDAug: 0.4667, Var: 0.0000, Ctx: 6, MixCtx: 3, Train: 86.27%, Valid: 68.31%, Test In: 68.83% Test OOD1: 59.96% Test OOD2: 53.43% Test OOD3: 58.83% 
Epoch: 449, Loss: 2.8280, Cls: 0.9425, Ind: 0.0000, Med: 0.4714, Spu: 0.0000, FD: 0.9424, FDAug: 0.4717, Var: 0.0000, Ctx: 6, MixCtx: 3, Train: 86.28%, Valid: 69.58%, Test In: 70.51% Test OOD1: 61.11% Test OOD2: 53.80% Test OOD3: 60.08% 
Epoch: 450, Loss: 2.8438, Cls: 0.9474, Ind: 0.0000, Med: 0.4736, Spu: 0.0000, FD: 0.9485, FDAug: 0.4743, Var: 0.0000, Ctx: 6, MixCtx: 3, Train: 86.17%, Valid: 68.73%, Test In: 69.02% Test OOD1: 60.69% Test OOD2: 53.62% Test OOD3: 58.92% 
Epoch: 451, Loss: 2.8629, Cls: 0.9551, Ind: 0.0000, Med: 0.4780, Spu: 0.0000, FD: 0.9535, FDAug: 0.4763, Var: 0.0000, Ctx: 6, MixCtx: 3, Train: 86.39%, Valid: 69.32%, Test In: 70.29% Test OOD1: 60.74% Test OOD2: 53.63% Test OOD3: 59.96% 
Epoch: 452, Loss: 2.8400, Cls: 0.9463, Ind: 0.0000, Med: 0.4731, Spu: 0.0000, FD: 0.9470, FDAug: 0.4735, Var: 0.0000, Ctx: 6, MixCtx: 3, Train: 86.45%, Valid: 69.14%, Test In: 69.90% Test OOD1: 61.26% Test OOD2: 53.55% Test OOD3: 59.77% 
Epoch: 453, Loss: 2.7893, Cls: 0.9296, Ind: 0.0000, Med: 0.4648, Spu: 0.0000, FD: 0.9300, FDAug: 0.4650, Var: 0.0000, Ctx: 6, MixCtx: 3, Train: 86.63%, Valid: 69.72%, Test In: 70.46% Test OOD1: 61.79% Test OOD2: 53.84% Test OOD3: 60.10% 
Epoch: 454, Loss: 2.7590, Cls: 0.9195, Ind: 0.0000, Med: 0.4598, Spu: 0.0000, FD: 0.9198, FDAug: 0.4599, Var: 0.0000, Ctx: 6, MixCtx: 3, Train: 86.53%, Valid: 69.21%, Test In: 69.87% Test OOD1: 60.53% Test OOD2: 53.72% Test OOD3: 59.52% 
Epoch: 455, Loss: 2.7802, Cls: 0.9266, Ind: 0.0000, Med: 0.4633, Spu: 0.0000, FD: 0.9267, FDAug: 0.4635, Var: 0.0000, Ctx: 6, MixCtx: 3, Train: 86.51%, Valid: 68.75%, Test In: 69.20% Test OOD1: 60.44% Test OOD2: 53.52% Test OOD3: 58.97% 
Epoch: 456, Loss: 2.7963, Cls: 0.9317, Ind: 0.0000, Med: 0.4658, Spu: 0.0000, FD: 0.9324, FDAug: 0.4664, Var: 0.0000, Ctx: 6, MixCtx: 3, Train: 86.30%, Valid: 69.87%, Test In: 70.90% Test OOD1: 61.65% Test OOD2: 53.76% Test OOD3: 60.38% 
Epoch: 457, Loss: 2.8237, Cls: 0.9417, Ind: 0.0000, Med: 0.4711, Spu: 0.0000, FD: 0.9408, FDAug: 0.4701, Var: 0.0000, Ctx: 6, MixCtx: 3, Train: 86.52%, Valid: 68.41%, Test In: 69.05% Test OOD1: 59.76% Test OOD2: 53.44% Test OOD3: 58.89% 
Epoch: 458, Loss: 2.8361, Cls: 0.9451, Ind: 0.0000, Med: 0.4725, Spu: 0.0000, FD: 0.9456, FDAug: 0.4728, Var: 0.0000, Ctx: 6, MixCtx: 3, Train: 86.42%, Valid: 69.59%, Test In: 70.17% Test OOD1: 61.59% Test OOD2: 53.85% Test OOD3: 59.79% 
Epoch: 459, Loss: 2.8328, Cls: 0.9441, Ind: 0.0000, Med: 0.4721, Spu: 0.0000, FD: 0.9443, FDAug: 0.4723, Var: 0.0000, Ctx: 6, MixCtx: 3, Train: 86.81%, Valid: 69.03%, Test In: 69.67% Test OOD1: 61.11% Test OOD2: 53.68% Test OOD3: 59.65% 
Epoch: 460, Loss: 2.7601, Cls: 0.9199, Ind: 0.0000, Med: 0.4600, Spu: 0.0000, FD: 0.9201, FDAug: 0.4602, Var: 0.0000, Ctx: 6, MixCtx: 3, Train: 86.50%, Valid: 69.11%, Test In: 70.17% Test OOD1: 61.03% Test OOD2: 53.58% Test OOD3: 59.99% 
Epoch: 461, Loss: 2.7680, Cls: 0.9225, Ind: 0.0000, Med: 0.4612, Spu: 0.0000, FD: 0.9229, FDAug: 0.4615, Var: 0.0000, Ctx: 6, MixCtx: 3, Train: 86.65%, Valid: 69.15%, Test In: 69.90% Test OOD1: 61.26% Test OOD2: 53.65% Test OOD3: 59.54% 
Epoch: 462, Loss: 2.7687, Cls: 0.9228, Ind: 0.0000, Med: 0.4614, Spu: 0.0000, FD: 0.9230, FDAug: 0.4615, Var: 0.0000, Ctx: 6, MixCtx: 3, Train: 86.70%, Valid: 68.39%, Test In: 68.97% Test OOD1: 60.02% Test OOD2: 53.62% Test OOD3: 58.65% 
Epoch: 463, Loss: 2.7733, Cls: 0.9248, Ind: 0.0000, Med: 0.4627, Spu: 0.0000, FD: 0.9239, FDAug: 0.4618, Var: 0.0000, Ctx: 6, MixCtx: 3, Train: 86.36%, Valid: 69.20%, Test In: 70.31% Test OOD1: 60.62% Test OOD2: 53.75% Test OOD3: 59.80% 
Epoch: 464, Loss: 2.7972, Cls: 0.9319, Ind: 0.0000, Med: 0.4659, Spu: 0.0000, FD: 0.9328, FDAug: 0.4666, Var: 0.0000, Ctx: 6, MixCtx: 3, Train: 86.60%, Valid: 68.79%, Test In: 69.49% Test OOD1: 60.96% Test OOD2: 53.54% Test OOD3: 59.21% 
Epoch: 465, Loss: 2.7892, Cls: 0.9294, Ind: 0.0000, Med: 0.4647, Spu: 0.0000, FD: 0.9298, FDAug: 0.4652, Var: 0.0000, Ctx: 6, MixCtx: 3, Train: 86.85%, Valid: 69.15%, Test In: 70.09% Test OOD1: 60.64% Test OOD2: 53.66% Test OOD3: 59.54% 
Epoch: 466, Loss: 2.7755, Cls: 0.9250, Ind: 0.0000, Med: 0.4625, Spu: 0.0000, FD: 0.9253, FDAug: 0.4627, Var: 0.0000, Ctx: 6, MixCtx: 3, Train: 86.70%, Valid: 68.52%, Test In: 69.31% Test OOD1: 59.86% Test OOD2: 53.51% Test OOD3: 58.98% 
Epoch: 467, Loss: 2.7949, Cls: 0.9312, Ind: 0.0000, Med: 0.4655, Spu: 0.0000, FD: 0.9319, FDAug: 0.4663, Var: 0.0000, Ctx: 6, MixCtx: 3, Train: 86.60%, Valid: 69.77%, Test In: 70.58% Test OOD1: 62.00% Test OOD2: 53.80% Test OOD3: 60.04% 
Epoch: 468, Loss: 2.7895, Cls: 0.9301, Ind: 0.0000, Med: 0.4653, Spu: 0.0000, FD: 0.9296, FDAug: 0.4644, Var: 0.0000, Ctx: 6, MixCtx: 3, Train: 86.79%, Valid: 68.38%, Test In: 69.02% Test OOD1: 60.04% Test OOD2: 53.39% Test OOD3: 58.97% 
Epoch: 469, Loss: 2.7602, Cls: 0.9197, Ind: 0.0000, Med: 0.4598, Spu: 0.0000, FD: 0.9202, FDAug: 0.4604, Var: 0.0000, Ctx: 6, MixCtx: 3, Train: 86.92%, Valid: 69.06%, Test In: 69.94% Test OOD1: 60.69% Test OOD2: 53.63% Test OOD3: 59.62% 
Epoch: 470, Loss: 2.7409, Cls: 0.9134, Ind: 0.0000, Med: 0.4567, Spu: 0.0000, FD: 0.9137, FDAug: 0.4570, Var: 0.0000, Ctx: 6, MixCtx: 3, Train: 86.69%, Valid: 69.34%, Test In: 70.05% Test OOD1: 61.63% Test OOD2: 53.70% Test OOD3: 59.54% 
Epoch: 471, Loss: 2.7502, Cls: 0.9167, Ind: 0.0000, Med: 0.4585, Spu: 0.0000, FD: 0.9167, FDAug: 0.4584, Var: 0.0000, Ctx: 6, MixCtx: 3, Train: 86.97%, Valid: 68.29%, Test In: 69.18% Test OOD1: 59.67% Test OOD2: 53.49% Test OOD3: 58.78% 
Epoch: 472, Loss: 2.7317, Cls: 0.9107, Ind: 0.0000, Med: 0.4555, Spu: 0.0000, FD: 0.9104, FDAug: 0.4551, Var: 0.0000, Ctx: 6, MixCtx: 3, Train: 87.01%, Valid: 68.75%, Test In: 69.82% Test OOD1: 60.33% Test OOD2: 53.62% Test OOD3: 59.30% 
Epoch: 473, Loss: 2.7298, Cls: 0.9099, Ind: 0.0000, Med: 0.4550, Spu: 0.0000, FD: 0.9100, FDAug: 0.4549, Var: 0.0000, Ctx: 6, MixCtx: 3, Train: 86.86%, Valid: 68.75%, Test In: 69.47% Test OOD1: 60.96% Test OOD2: 53.55% Test OOD3: 59.06% 
Epoch: 474, Loss: 2.7660, Cls: 0.9214, Ind: 0.0000, Med: 0.4606, Spu: 0.0000, FD: 0.9222, FDAug: 0.4617, Var: 0.0000, Ctx: 6, MixCtx: 3, Train: 86.71%, Valid: 68.98%, Test In: 70.05% Test OOD1: 60.32% Test OOD2: 53.66% Test OOD3: 59.60% 
Epoch: 475, Loss: 2.8177, Cls: 0.9389, Ind: 0.0000, Med: 0.4693, Spu: 0.0000, FD: 0.9398, FDAug: 0.4697, Var: 0.0000, Ctx: 6, MixCtx: 3, Train: 86.52%, Valid: 67.78%, Test In: 68.38% Test OOD1: 59.69% Test OOD2: 53.29% Test OOD3: 58.34% 
Epoch: 476, Loss: 2.8970, Cls: 0.9663, Ind: 0.0000, Med: 0.4835, Spu: 0.0000, FD: 0.9650, FDAug: 0.4821, Var: 0.0000, Ctx: 6, MixCtx: 3, Train: 86.40%, Valid: 70.06%, Test In: 71.14% Test OOD1: 62.37% Test OOD2: 53.86% Test OOD3: 60.51% 
Epoch: 477, Loss: 2.9741, Cls: 0.9901, Ind: 0.0000, Med: 0.4947, Spu: 0.0000, FD: 0.9924, FDAug: 0.4969, Var: 0.0000, Ctx: 6, MixCtx: 3, Train: 86.30%, Valid: 67.94%, Test In: 68.55% Test OOD1: 59.84% Test OOD2: 53.28% Test OOD3: 58.54% 
Epoch: 478, Loss: 2.9053, Cls: 0.9682, Ind: 0.0000, Med: 0.4841, Spu: 0.0000, FD: 0.9685, FDAug: 0.4845, Var: 0.0000, Ctx: 6, MixCtx: 3, Train: 87.03%, Valid: 68.70%, Test In: 69.39% Test OOD1: 60.63% Test OOD2: 53.42% Test OOD3: 59.17% 
Epoch: 479, Loss: 2.7535, Cls: 0.9177, Ind: 0.0000, Med: 0.4589, Spu: 0.0000, FD: 0.9180, FDAug: 0.4590, Var: 0.0000, Ctx: 6, MixCtx: 3, Train: 86.56%, Valid: 69.81%, Test In: 70.85% Test OOD1: 62.55% Test OOD2: 53.72% Test OOD3: 60.40% 
Epoch: 480, Loss: 2.8350, Cls: 0.9454, Ind: 0.0000, Med: 0.4729, Spu: 0.0000, FD: 0.9445, FDAug: 0.4722, Var: 0.0000, Ctx: 6, MixCtx: 3, Train: 86.86%, Valid: 68.53%, Test In: 69.36% Test OOD1: 60.91% Test OOD2: 53.42% Test OOD3: 59.14% 
Epoch: 481, Loss: 2.8627, Cls: 0.9528, Ind: 0.0000, Med: 0.4760, Spu: 0.0000, FD: 0.9553, FDAug: 0.4786, Var: 0.0000, Ctx: 6, MixCtx: 3, Train: 86.86%, Valid: 69.05%, Test In: 70.22% Test OOD1: 60.56% Test OOD2: 53.67% Test OOD3: 59.49% 
Epoch: 482, Loss: 2.7588, Cls: 0.9194, Ind: 0.0000, Med: 0.4597, Spu: 0.0000, FD: 0.9198, FDAug: 0.4599, Var: 0.0000, Ctx: 6, MixCtx: 3, Train: 86.81%, Valid: 69.45%, Test In: 70.50% Test OOD1: 61.37% Test OOD2: 53.76% Test OOD3: 59.59% 
Epoch: 483, Loss: 2.7736, Cls: 0.9247, Ind: 0.0000, Med: 0.4625, Spu: 0.0000, FD: 0.9244, FDAug: 0.4620, Var: 0.0000, Ctx: 6, MixCtx: 3, Train: 86.91%, Valid: 68.32%, Test In: 69.11% Test OOD1: 60.40% Test OOD2: 53.32% Test OOD3: 58.65% 
Epoch: 484, Loss: 2.8534, Cls: 0.9510, Ind: 0.0000, Med: 0.4755, Spu: 0.0000, FD: 0.9512, FDAug: 0.4758, Var: 0.0000, Ctx: 6, MixCtx: 3, Train: 86.32%, Valid: 69.52%, Test In: 70.81% Test OOD1: 61.18% Test OOD2: 53.62% Test OOD3: 60.28% 
Epoch: 485, Loss: 2.8200, Cls: 0.9398, Ind: 0.0000, Med: 0.4698, Spu: 0.0000, FD: 0.9403, FDAug: 0.4700, Var: 0.0000, Ctx: 6, MixCtx: 3, Train: 87.24%, Valid: 69.08%, Test In: 69.89% Test OOD1: 60.90% Test OOD2: 53.57% Test OOD3: 59.51% 
Epoch: 486, Loss: 2.7135, Cls: 0.9041, Ind: 0.0000, Med: 0.4520, Spu: 0.0000, FD: 0.9049, FDAug: 0.4525, Var: 0.0000, Ctx: 6, MixCtx: 3, Train: 86.40%, Valid: 68.52%, Test In: 68.99% Test OOD1: 60.90% Test OOD2: 53.39% Test OOD3: 58.79% 
Epoch: 487, Loss: 2.8256, Cls: 0.9427, Ind: 0.0000, Med: 0.4718, Spu: 0.0000, FD: 0.9411, FDAug: 0.4700, Var: 0.0000, Ctx: 6, MixCtx: 3, Train: 86.64%, Valid: 69.68%, Test In: 71.02% Test OOD1: 61.50% Test OOD2: 53.73% Test OOD3: 60.37% 
Epoch: 488, Loss: 2.8354, Cls: 0.9446, Ind: 0.0000, Med: 0.4721, Spu: 0.0000, FD: 0.9458, FDAug: 0.4729, Var: 0.0000, Ctx: 6, MixCtx: 3, Train: 87.08%, Valid: 68.75%, Test In: 69.95% Test OOD1: 60.54% Test OOD2: 53.44% Test OOD3: 59.46% 
Epoch: 489, Loss: 2.7368, Cls: 0.9121, Ind: 0.0000, Med: 0.4560, Spu: 0.0000, FD: 0.9125, FDAug: 0.4562, Var: 0.0000, Ctx: 6, MixCtx: 3, Train: 86.63%, Valid: 68.71%, Test In: 69.34% Test OOD1: 61.06% Test OOD2: 53.33% Test OOD3: 58.83% 
Epoch: 490, Loss: 2.7755, Cls: 0.9245, Ind: 0.0000, Med: 0.4621, Spu: 0.0000, FD: 0.9255, FDAug: 0.4633, Var: 0.0000, Ctx: 6, MixCtx: 3, Train: 87.00%, Valid: 69.29%, Test In: 70.32% Test OOD1: 60.87% Test OOD2: 53.60% Test OOD3: 59.49% 
Epoch: 491, Loss: 2.8325, Cls: 0.9441, Ind: 0.0000, Med: 0.4722, Spu: 0.0000, FD: 0.9438, FDAug: 0.4723, Var: 0.0000, Ctx: 6, MixCtx: 3, Train: 86.59%, Valid: 67.54%, Test In: 68.58% Test OOD1: 58.76% Test OOD2: 53.25% Test OOD3: 58.17% 
Epoch: 492, Loss: 2.8578, Cls: 0.9514, Ind: 0.0000, Med: 0.4753, Spu: 0.0000, FD: 0.9540, FDAug: 0.4770, Var: 0.0000, Ctx: 6, MixCtx: 3, Train: 87.02%, Valid: 69.16%, Test In: 70.10% Test OOD1: 61.48% Test OOD2: 53.60% Test OOD3: 59.28% 
Epoch: 493, Loss: 2.7246, Cls: 0.9084, Ind: 0.0000, Med: 0.4544, Spu: 0.0000, FD: 0.9079, FDAug: 0.4539, Var: 0.0000, Ctx: 6, MixCtx: 3, Train: 87.20%, Valid: 69.24%, Test In: 70.26% Test OOD1: 61.44% Test OOD2: 53.59% Test OOD3: 59.43% 
Epoch: 494, Loss: 2.7487, Cls: 0.9169, Ind: 0.0000, Med: 0.4588, Spu: 0.0000, FD: 0.9155, FDAug: 0.4576, Var: 0.0000, Ctx: 6, MixCtx: 3, Train: 86.77%, Valid: 67.59%, Test In: 68.63% Test OOD1: 59.13% Test OOD2: 53.15% Test OOD3: 58.35% 
Epoch: 495, Loss: 2.8158, Cls: 0.9381, Ind: 0.0000, Med: 0.4688, Spu: 0.0000, FD: 0.9394, FDAug: 0.4696, Var: 0.0000, Ctx: 6, MixCtx: 3, Train: 87.42%, Valid: 68.95%, Test In: 70.00% Test OOD1: 61.08% Test OOD2: 53.56% Test OOD3: 59.43% 
Epoch: 496, Loss: 2.6986, Cls: 0.8997, Ind: 0.0000, Med: 0.4501, Spu: 0.0000, FD: 0.8992, FDAug: 0.4496, Var: 0.0000, Ctx: 6, MixCtx: 3, Train: 86.96%, Valid: 69.43%, Test In: 70.48% Test OOD1: 62.12% Test OOD2: 53.64% Test OOD3: 59.90% 
Epoch: 497, Loss: 2.7537, Cls: 0.9176, Ind: 0.0000, Med: 0.4588, Spu: 0.0000, FD: 0.9181, FDAug: 0.4592, Var: 0.0000, Ctx: 6, MixCtx: 3, Train: 87.00%, Valid: 67.60%, Test In: 68.61% Test OOD1: 59.52% Test OOD2: 53.23% Test OOD3: 58.39% 
Epoch: 498, Loss: 2.7960, Cls: 0.9320, Ind: 0.0000, Med: 0.4660, Spu: 0.0000, FD: 0.9321, FDAug: 0.4659, Var: 0.0000, Ctx: 6, MixCtx: 3, Train: 87.10%, Valid: 68.74%, Test In: 70.01% Test OOD1: 60.21% Test OOD2: 53.57% Test OOD3: 59.40% 
Epoch: 499, Loss: 2.7527, Cls: 0.9175, Ind: 0.0000, Med: 0.4588, Spu: 0.0000, FD: 0.9178, FDAug: 0.4587, Var: 0.0000, Ctx: 6, MixCtx: 3, Train: 87.06%, Valid: 69.10%, Test In: 70.20% Test OOD1: 61.70% Test OOD2: 53.63% Test OOD3: 59.49% 
Run 01:
Highest Train: 87.42
Highest Valid: 73.70
Highest In Test: 75.04
Highest OOD Test: 68.30
Highest OOD Test: 55.11
Highest OOD Test: 64.49
Chosen epoch: 197
Final Train: 78.49
Final In Test: 74.92
Final OOD Test: 67.36
Final OOD Test: 54.61
Final OOD Test: 64.01
Epoch: 00, Loss: 6.4333, Cls: 1.9788, Ind: 0.0018, Med: 0.9251, Spu: 0.0130, FD: 2.3576, FDAug: 1.1569, Var: 0.0000, Ctx: 6, MixCtx: 3, Train: 56.09%, Valid: 56.42%, Test In: 55.86% Test OOD1: 58.97% Test OOD2: 51.85% Test OOD3: 56.94% 
Epoch: 01, Loss: 4.4982, Cls: 1.4150, Ind: 0.0024, Med: 0.6889, Spu: 0.0016, FD: 1.5914, FDAug: 0.7989, Var: 0.0000, Ctx: 6, MixCtx: 3, Train: 55.62%, Valid: 55.99%, Test In: 55.51% Test OOD1: 58.03% Test OOD2: 52.13% Test OOD3: 57.28% 
Epoch: 02, Loss: 4.0897, Cls: 1.3513, Ind: 0.0032, Med: 0.6753, Spu: 0.0051, FD: 1.3686, FDAug: 0.6863, Var: 0.0000, Ctx: 6, MixCtx: 3, Train: 57.05%, Valid: 57.12%, Test In: 56.75% Test OOD1: 59.46% Test OOD2: 52.24% Test OOD3: 58.07% 
Epoch: 03, Loss: 4.0652, Cls: 1.3502, Ind: 0.0035, Med: 0.6755, Spu: 0.0013, FD: 1.3574, FDAug: 0.6773, Var: 0.0000, Ctx: 6, MixCtx: 3, Train: 58.24%, Valid: 58.05%, Test In: 57.49% Test OOD1: 60.86% Test OOD2: 52.00% Test OOD3: 58.33% 
Epoch: 04, Loss: 4.0872, Cls: 1.3535, Ind: 0.0030, Med: 0.6750, Spu: 0.0003, FD: 1.3713, FDAug: 0.6840, Var: 0.0000, Ctx: 6, MixCtx: 3, Train: 58.72%, Valid: 58.45%, Test In: 57.73% Test OOD1: 61.32% Test OOD2: 51.83% Test OOD3: 58.43% 
Epoch: 05, Loss: 4.0992, Cls: 1.3543, Ind: 0.0021, Med: 0.6746, Spu: 0.0022, FD: 1.3772, FDAug: 0.6887, Var: 0.0000, Ctx: 6, MixCtx: 3, Train: 58.97%, Valid: 58.71%, Test In: 57.99% Test OOD1: 61.54% Test OOD2: 51.62% Test OOD3: 58.40% 
Epoch: 06, Loss: 4.0999, Cls: 1.3521, Ind: 0.0013, Med: 0.6738, Spu: 0.0021, FD: 1.3792, FDAug: 0.6914, Var: 0.0000, Ctx: 6, MixCtx: 3, Train: 58.85%, Valid: 58.66%, Test In: 57.84% Test OOD1: 61.51% Test OOD2: 51.46% Test OOD3: 58.17% 
Epoch: 07, Loss: 4.0885, Cls: 1.3489, Ind: 0.0008, Med: 0.6737, Spu: 0.0005, FD: 1.3747, FDAug: 0.6900, Var: 0.0000, Ctx: 6, MixCtx: 3, Train: 58.76%, Valid: 58.59%, Test In: 57.76% Test OOD1: 61.47% Test OOD2: 51.35% Test OOD3: 58.03% 
Epoch: 08, Loss: 4.0702, Cls: 1.3468, Ind: 0.0005, Med: 0.6745, Spu: 0.0001, FD: 1.3639, FDAug: 0.6846, Var: 0.0000, Ctx: 6, MixCtx: 3, Train: 58.76%, Valid: 58.55%, Test In: 57.77% Test OOD1: 61.45% Test OOD2: 51.30% Test OOD3: 57.99% 
Epoch: 09, Loss: 4.0545, Cls: 1.3469, Ind: 0.0002, Med: 0.6756, Spu: 0.0010, FD: 1.3527, FDAug: 0.6781, Var: 0.0000, Ctx: 6, MixCtx: 3, Train: 58.80%, Valid: 58.53%, Test In: 57.79% Test OOD1: 61.45% Test OOD2: 51.27% Test OOD3: 57.95% 
Epoch: 10, Loss: 4.0454, Cls: 1.3479, Ind: 0.0001, Med: 0.6755, Spu: 0.0013, FD: 1.3468, FDAug: 0.6737, Var: 0.0000, Ctx: 6, MixCtx: 3, Train: 58.74%, Valid: 58.50%, Test In: 57.73% Test OOD1: 61.43% Test OOD2: 51.22% Test OOD3: 57.85% 
Epoch: 11, Loss: 4.0429, Cls: 1.3478, Ind: 0.0000, Med: 0.6741, Spu: 0.0007, FD: 1.3476, FDAug: 0.6727, Var: 0.0000, Ctx: 6, MixCtx: 3, Train: 58.79%, Valid: 58.52%, Test In: 57.77% Test OOD1: 61.44% Test OOD2: 51.20% Test OOD3: 57.85% 
Epoch: 12, Loss: 4.0449, Cls: 1.3465, Ind: 0.0000, Med: 0.6731, Spu: 0.0001, FD: 1.3516, FDAug: 0.6736, Var: 0.0000, Ctx: 6, MixCtx: 3, Train: 58.87%, Valid: 58.55%, Test In: 57.87% Test OOD1: 61.49% Test OOD2: 51.20% Test OOD3: 57.91% 
Epoch: 13, Loss: 4.0485, Cls: 1.3454, Ind: 0.0000, Med: 0.6735, Spu: 0.0002, FD: 1.3548, FDAug: 0.6746, Var: 0.0000, Ctx: 6, MixCtx: 3, Train: 58.95%, Valid: 58.62%, Test In: 57.92% Test OOD1: 61.52% Test OOD2: 51.19% Test OOD3: 57.94% 
Epoch: 14, Loss: 4.0487, Cls: 1.3450, Ind: 0.0001, Med: 0.6744, Spu: 0.0005, FD: 1.3542, FDAug: 0.6745, Var: 0.0000, Ctx: 6, MixCtx: 3, Train: 59.07%, Valid: 58.71%, Test In: 58.03% Test OOD1: 61.56% Test OOD2: 51.20% Test OOD3: 57.97% 
Epoch: 15, Loss: 4.0442, Cls: 1.3448, Ind: 0.0002, Med: 0.6748, Spu: 0.0005, FD: 1.3507, FDAug: 0.6732, Var: 0.0000, Ctx: 6, MixCtx: 3, Train: 59.09%, Valid: 58.73%, Test In: 58.05% Test OOD1: 61.57% Test OOD2: 51.19% Test OOD3: 57.95% 
Epoch: 16, Loss: 4.0384, Cls: 1.3450, Ind: 0.0002, Med: 0.6746, Spu: 0.0002, FD: 1.3465, FDAug: 0.6718, Var: 0.0000, Ctx: 6, MixCtx: 3, Train: 59.10%, Valid: 58.73%, Test In: 58.06% Test OOD1: 61.56% Test OOD2: 51.18% Test OOD3: 57.93% 
Epoch: 17, Loss: 4.0333, Cls: 1.3446, Ind: 0.0003, Med: 0.6736, Spu: 0.0000, FD: 1.3437, FDAug: 0.6710, Var: 0.0000, Ctx: 6, MixCtx: 3, Train: 59.09%, Valid: 58.72%, Test In: 58.05% Test OOD1: 61.56% Test OOD2: 51.17% Test OOD3: 57.91% 
Epoch: 18, Loss: 4.0291, Cls: 1.3432, Ind: 0.0003, Med: 0.6719, Spu: 0.0001, FD: 1.3426, FDAug: 0.6709, Var: 0.0000, Ctx: 6, MixCtx: 3, Train: 59.07%, Valid: 58.71%, Test In: 58.04% Test OOD1: 61.55% Test OOD2: 51.16% Test OOD3: 57.89% 
Epoch: 19, Loss: 4.0270, Cls: 1.3419, Ind: 0.0003, Med: 0.6709, Spu: 0.0002, FD: 1.3425, FDAug: 0.6712, Var: 0.0000, Ctx: 6, MixCtx: 3, Train: 59.07%, Valid: 58.70%, Test In: 58.03% Test OOD1: 61.54% Test OOD2: 51.16% Test OOD3: 57.87% 
Epoch: 20, Loss: 4.0270, Cls: 1.3413, Ind: 0.0003, Med: 0.6710, Spu: 0.0002, FD: 1.3428, FDAug: 0.6714, Var: 0.0000, Ctx: 6, MixCtx: 3, Train: 59.07%, Valid: 58.70%, Test In: 58.04% Test OOD1: 61.54% Test OOD2: 51.15% Test OOD3: 57.86% 
Epoch: 21, Loss: 4.0270, Cls: 1.3411, Ind: 0.0003, Med: 0.6716, Spu: 0.0001, FD: 1.3426, FDAug: 0.6712, Var: 0.0000, Ctx: 6, MixCtx: 3, Train: 59.14%, Valid: 58.73%, Test In: 58.10% Test OOD1: 61.57% Test OOD2: 51.16% Test OOD3: 57.87% 
Epoch: 22, Loss: 4.0248, Cls: 1.3403, Ind: 0.0002, Med: 0.6716, Spu: 0.0001, FD: 1.3419, FDAug: 0.6708, Var: 0.0000, Ctx: 6, MixCtx: 3, Train: 59.24%, Valid: 58.79%, Test In: 58.19% Test OOD1: 61.61% Test OOD2: 51.18% Test OOD3: 57.91% 
Epoch: 23, Loss: 4.0205, Cls: 1.3390, Ind: 0.0001, Med: 0.6706, Spu: 0.0000, FD: 1.3406, FDAug: 0.6701, Var: 0.0000, Ctx: 6, MixCtx: 3, Train: 59.37%, Valid: 58.86%, Test In: 58.30% Test OOD1: 61.65% Test OOD2: 51.19% Test OOD3: 57.96% 
Epoch: 24, Loss: 4.0153, Cls: 1.3376, Ind: 0.0001, Med: 0.6694, Spu: 0.0001, FD: 1.3390, FDAug: 0.6693, Var: 0.0000, Ctx: 6, MixCtx: 3, Train: 59.51%, Valid: 58.94%, Test In: 58.43% Test OOD1: 61.71% Test OOD2: 51.21% Test OOD3: 58.03% 
Epoch: 25, Loss: 4.0096, Cls: 1.3361, Ind: 0.0000, Med: 0.6681, Spu: 0.0001, FD: 1.3370, FDAug: 0.6682, Var: 0.0000, Ctx: 6, MixCtx: 3, Train: 59.66%, Valid: 59.03%, Test In: 58.56% Test OOD1: 61.77% Test OOD2: 51.23% Test OOD3: 58.10% 
Epoch: 26, Loss: 4.0044, Cls: 1.3345, Ind: 0.0000, Med: 0.6672, Spu: 0.0001, FD: 1.3353, FDAug: 0.6673, Var: 0.0000, Ctx: 6, MixCtx: 3, Train: 59.83%, Valid: 59.13%, Test In: 58.71% Test OOD1: 61.84% Test OOD2: 51.26% Test OOD3: 58.18% 
Epoch: 27, Loss: 4.0000, Cls: 1.3329, Ind: 0.0000, Med: 0.6665, Spu: 0.0001, FD: 1.3340, FDAug: 0.6665, Var: 0.0000, Ctx: 6, MixCtx: 3, Train: 60.03%, Valid: 59.26%, Test In: 58.90% Test OOD1: 61.93% Test OOD2: 51.29% Test OOD3: 58.30% 
Epoch: 28, Loss: 3.9952, Cls: 1.3311, Ind: 0.0000, Med: 0.6657, Spu: 0.0000, FD: 1.3325, FDAug: 0.6658, Var: 0.0000, Ctx: 6, MixCtx: 3, Train: 60.28%, Valid: 59.43%, Test In: 59.12% Test OOD1: 62.04% Test OOD2: 51.33% Test OOD3: 58.43% 
Epoch: 29, Loss: 3.9899, Cls: 1.3290, Ind: 0.0000, Med: 0.6648, Spu: 0.0000, FD: 1.3310, FDAug: 0.6651, Var: 0.0000, Ctx: 6, MixCtx: 3, Train: 60.56%, Valid: 59.61%, Test In: 59.38% Test OOD1: 62.17% Test OOD2: 51.36% Test OOD3: 58.58% 
Epoch: 30, Loss: 3.9836, Cls: 1.3266, Ind: 0.0001, Med: 0.6634, Spu: 0.0000, FD: 1.3291, FDAug: 0.6643, Var: 0.0000, Ctx: 6, MixCtx: 3, Train: 60.88%, Valid: 59.82%, Test In: 59.69% Test OOD1: 62.31% Test OOD2: 51.41% Test OOD3: 58.77% 
Epoch: 31, Loss: 3.9757, Cls: 1.3240, Ind: 0.0001, Med: 0.6620, Spu: 0.0000, FD: 1.3265, FDAug: 0.6630, Var: 0.0000, Ctx: 6, MixCtx: 3, Train: 61.30%, Valid: 60.11%, Test In: 60.08% Test OOD1: 62.49% Test OOD2: 51.46% Test OOD3: 59.01% 
Epoch: 32, Loss: 3.9660, Cls: 1.3212, Ind: 0.0001, Med: 0.6606, Spu: 0.0000, FD: 1.3228, FDAug: 0.6612, Var: 0.0000, Ctx: 6, MixCtx: 3, Train: 61.81%, Valid: 60.45%, Test In: 60.55% Test OOD1: 62.70% Test OOD2: 51.53% Test OOD3: 59.28% 
Epoch: 33, Loss: 3.9552, Cls: 1.3180, Ind: 0.0001, Med: 0.6590, Spu: 0.0000, FD: 1.3187, FDAug: 0.6593, Var: 0.0000, Ctx: 6, MixCtx: 3, Train: 62.39%, Valid: 60.82%, Test In: 61.09% Test OOD1: 62.93% Test OOD2: 51.61% Test OOD3: 59.60% 
Epoch: 34, Loss: 3.9424, Cls: 1.3141, Ind: 0.0001, Med: 0.6571, Spu: 0.0000, FD: 1.3141, FDAug: 0.6570, Var: 0.0000, Ctx: 6, MixCtx: 3, Train: 63.12%, Valid: 61.31%, Test In: 61.77% Test OOD1: 63.22% Test OOD2: 51.72% Test OOD3: 59.97% 
Epoch: 35, Loss: 3.9275, Cls: 1.3090, Ind: 0.0001, Med: 0.6547, Spu: 0.0000, FD: 1.3092, FDAug: 0.6546, Var: 0.0000, Ctx: 6, MixCtx: 3, Train: 63.98%, Valid: 61.89%, Test In: 62.57% Test OOD1: 63.56% Test OOD2: 51.85% Test OOD3: 60.39% 
Epoch: 36, Loss: 3.9099, Cls: 1.3030, Ind: 0.0000, Med: 0.6517, Spu: 0.0000, FD: 1.3033, FDAug: 0.6518, Var: 0.0000, Ctx: 6, MixCtx: 3, Train: 64.91%, Valid: 62.52%, Test In: 63.46% Test OOD1: 63.94% Test OOD2: 52.00% Test OOD3: 60.84% 
Epoch: 37, Loss: 3.8895, Cls: 1.2963, Ind: 0.0000, Med: 0.6486, Spu: 0.0000, FD: 1.2963, FDAug: 0.6483, Var: 0.0000, Ctx: 6, MixCtx: 3, Train: 66.03%, Valid: 63.32%, Test In: 64.51% Test OOD1: 64.38% Test OOD2: 52.18% Test OOD3: 61.32% 
Epoch: 38, Loss: 3.8707, Cls: 1.2899, Ind: 0.0000, Med: 0.6455, Spu: 0.0000, FD: 1.2898, FDAug: 0.6453, Var: 0.0000, Ctx: 6, MixCtx: 3, Train: 66.87%, Valid: 63.92%, Test In: 65.34% Test OOD1: 64.72% Test OOD2: 52.28% Test OOD3: 61.69% 
Epoch: 39, Loss: 3.8541, Cls: 1.2851, Ind: 0.0000, Med: 0.6432, Spu: 0.0000, FD: 1.2837, FDAug: 0.6420, Var: 0.0000, Ctx: 6, MixCtx: 3, Train: 68.01%, Valid: 64.75%, Test In: 66.42% Test OOD1: 65.14% Test OOD2: 52.48% Test OOD3: 62.10% 
Epoch: 40, Loss: 3.8267, Cls: 1.2753, Ind: 0.0000, Med: 0.6380, Spu: 0.0000, FD: 1.2753, FDAug: 0.6381, Var: 0.0000, Ctx: 6, MixCtx: 3, Train: 68.81%, Valid: 65.33%, Test In: 67.20% Test OOD1: 65.45% Test OOD2: 52.60% Test OOD3: 62.40% 
Epoch: 41, Loss: 3.7939, Cls: 1.2648, Ind: 0.0000, Med: 0.6329, Spu: 0.0000, FD: 1.2639, FDAug: 0.6322, Var: 0.0000, Ctx: 6, MixCtx: 3, Train: 69.75%, Valid: 66.02%, Test In: 68.11% Test OOD1: 65.78% Test OOD2: 52.76% Test OOD3: 62.72% 
Epoch: 42, Loss: 3.7643, Cls: 1.2550, Ind: 0.0000, Med: 0.6281, Spu: 0.0000, FD: 1.2539, FDAug: 0.6272, Var: 0.0000, Ctx: 6, MixCtx: 3, Train: 70.67%, Valid: 66.72%, Test In: 69.02% Test OOD1: 65.97% Test OOD2: 52.97% Test OOD3: 62.97% 
Epoch: 43, Loss: 3.7441, Cls: 1.2482, Ind: 0.0001, Med: 0.6247, Spu: 0.0000, FD: 1.2472, FDAug: 0.6239, Var: 0.0000, Ctx: 6, MixCtx: 3, Train: 71.03%, Valid: 66.91%, Test In: 69.39% Test OOD1: 66.08% Test OOD2: 53.02% Test OOD3: 63.09% 
Epoch: 44, Loss: 3.7871, Cls: 1.2639, Ind: 0.0001, Med: 0.6330, Spu: 0.0000, FD: 1.2603, FDAug: 0.6297, Var: 0.0000, Ctx: 6, MixCtx: 3, Train: 71.86%, Valid: 67.57%, Test In: 70.23% Test OOD1: 65.92% Test OOD2: 53.36% Test OOD3: 63.20% 
Epoch: 45, Loss: 3.7849, Cls: 1.2626, Ind: 0.0001, Med: 0.6323, Spu: 0.0000, FD: 1.2598, FDAug: 0.6300, Var: 0.0000, Ctx: 6, MixCtx: 3, Train: 71.80%, Valid: 67.49%, Test In: 70.15% Test OOD1: 65.95% Test OOD2: 53.29% Test OOD3: 63.23% 
Epoch: 46, Loss: 3.6878, Cls: 1.2297, Ind: 0.0001, Med: 0.6154, Spu: 0.0000, FD: 1.2283, FDAug: 0.6143, Var: 0.0000, Ctx: 6, MixCtx: 3, Train: 71.92%, Valid: 67.56%, Test In: 70.27% Test OOD1: 65.89% Test OOD2: 53.32% Test OOD3: 63.25% 
Epoch: 47, Loss: 3.7191, Cls: 1.2395, Ind: 0.0001, Med: 0.6199, Spu: 0.0000, FD: 1.2398, FDAug: 0.6199, Var: 0.0000, Ctx: 6, MixCtx: 3, Train: 72.31%, Valid: 67.86%, Test In: 70.72% Test OOD1: 65.59% Test OOD2: 53.57% Test OOD3: 63.21% 
Epoch: 48, Loss: 3.6867, Cls: 1.2299, Ind: 0.0001, Med: 0.6158, Spu: 0.0000, FD: 1.2271, FDAug: 0.6138, Var: 0.0000, Ctx: 6, MixCtx: 3, Train: 72.40%, Valid: 67.92%, Test In: 70.82% Test OOD1: 65.48% Test OOD2: 53.61% Test OOD3: 63.21% 
Epoch: 49, Loss: 3.6665, Cls: 1.2225, Ind: 0.0001, Med: 0.6117, Spu: 0.0000, FD: 1.2214, FDAug: 0.6109, Var: 0.0000, Ctx: 6, MixCtx: 3, Train: 72.36%, Valid: 67.88%, Test In: 70.74% Test OOD1: 65.60% Test OOD2: 53.51% Test OOD3: 63.25% 
Epoch: 50, Loss: 3.6936, Cls: 1.2328, Ind: 0.0001, Med: 0.6175, Spu: 0.0000, FD: 1.2289, FDAug: 0.6143, Var: 0.0000, Ctx: 6, MixCtx: 3, Train: 72.56%, Valid: 68.07%, Test In: 71.00% Test OOD1: 65.34% Test OOD2: 53.65% Test OOD3: 63.20% 
Epoch: 51, Loss: 3.6390, Cls: 1.2133, Ind: 0.0001, Med: 0.6071, Spu: 0.0000, FD: 1.2123, FDAug: 0.6062, Var: 0.0000, Ctx: 6, MixCtx: 3, Train: 72.68%, Valid: 68.20%, Test In: 71.18% Test OOD1: 64.91% Test OOD2: 53.74% Test OOD3: 63.11% 
Epoch: 52, Loss: 3.6739, Cls: 1.2242, Ind: 0.0001, Med: 0.6121, Spu: 0.0000, FD: 1.2250, FDAug: 0.6125, Var: 0.0000, Ctx: 6, MixCtx: 3, Train: 72.73%, Valid: 68.27%, Test In: 71.17% Test OOD1: 65.33% Test OOD2: 53.65% Test OOD3: 63.22% 
Epoch: 53, Loss: 3.6421, Cls: 1.2149, Ind: 0.0001, Med: 0.6080, Spu: 0.0000, FD: 1.2128, FDAug: 0.6064, Var: 0.0000, Ctx: 6, MixCtx: 3, Train: 72.83%, Valid: 68.40%, Test In: 71.29% Test OOD1: 65.29% Test OOD2: 53.68% Test OOD3: 63.21% 
Epoch: 54, Loss: 3.6365, Cls: 1.2127, Ind: 0.0001, Med: 0.6068, Spu: 0.0000, FD: 1.2112, FDAug: 0.6056, Var: 0.0000, Ctx: 6, MixCtx: 3, Train: 72.92%, Valid: 68.51%, Test In: 71.49% Test OOD1: 64.66% Test OOD2: 53.79% Test OOD3: 63.06% 
Epoch: 55, Loss: 3.6489, Cls: 1.2167, Ind: 0.0001, Med: 0.6087, Spu: 0.0000, FD: 1.2156, FDAug: 0.6078, Var: 0.0000, Ctx: 6, MixCtx: 3, Train: 73.03%, Valid: 68.66%, Test In: 71.54% Test OOD1: 65.02% Test OOD2: 53.75% Test OOD3: 63.16% 
Epoch: 56, Loss: 3.6149, Cls: 1.2055, Ind: 0.0001, Med: 0.6032, Spu: 0.0000, FD: 1.2041, FDAug: 0.6021, Var: 0.0000, Ctx: 6, MixCtx: 3, Train: 73.10%, Valid: 68.77%, Test In: 71.56% Test OOD1: 65.42% Test OOD2: 53.70% Test OOD3: 63.27% 
Epoch: 57, Loss: 3.6400, Cls: 1.2132, Ind: 0.0001, Med: 0.6067, Spu: 0.0000, FD: 1.2134, FDAug: 0.6066, Var: 0.0000, Ctx: 6, MixCtx: 3, Train: 73.20%, Valid: 68.90%, Test In: 71.77% Test OOD1: 64.89% Test OOD2: 53.79% Test OOD3: 63.14% 
Epoch: 58, Loss: 3.6133, Cls: 1.2050, Ind: 0.0001, Med: 0.6029, Spu: 0.0000, FD: 1.2036, FDAug: 0.6017, Var: 0.0000, Ctx: 6, MixCtx: 3, Train: 73.29%, Valid: 69.03%, Test In: 71.88% Test OOD1: 64.90% Test OOD2: 53.80% Test OOD3: 63.16% 
Epoch: 59, Loss: 3.6125, Cls: 1.2047, Ind: 0.0001, Med: 0.6028, Spu: 0.0000, FD: 1.2034, FDAug: 0.6016, Var: 0.0000, Ctx: 6, MixCtx: 3, Train: 73.36%, Valid: 69.14%, Test In: 71.85% Test OOD1: 65.56% Test OOD2: 53.73% Test OOD3: 63.35% 
Epoch: 60, Loss: 3.6182, Cls: 1.2058, Ind: 0.0001, Med: 0.6030, Spu: 0.0000, FD: 1.2063, FDAug: 0.6030, Var: 0.0000, Ctx: 6, MixCtx: 3, Train: 73.47%, Valid: 69.29%, Test In: 72.03% Test OOD1: 65.30% Test OOD2: 53.78% Test OOD3: 63.30% 
Epoch: 61, Loss: 3.5927, Cls: 1.1979, Ind: 0.0000, Med: 0.5993, Spu: 0.0000, FD: 1.1970, FDAug: 0.5984, Var: 0.0000, Ctx: 6, MixCtx: 3, Train: 73.55%, Valid: 69.40%, Test In: 72.18% Test OOD1: 64.96% Test OOD2: 53.84% Test OOD3: 63.23% 
Epoch: 62, Loss: 3.6055, Cls: 1.2025, Ind: 0.0000, Med: 0.6017, Spu: 0.0000, FD: 1.2008, FDAug: 0.6003, Var: 0.0000, Ctx: 6, MixCtx: 3, Train: 73.64%, Valid: 69.52%, Test In: 72.16% Test OOD1: 65.62% Test OOD2: 53.77% Test OOD3: 63.40% 
Epoch: 63, Loss: 3.5894, Cls: 1.1965, Ind: 0.0000, Med: 0.5984, Spu: 0.0000, FD: 1.1963, FDAug: 0.5981, Var: 0.0000, Ctx: 6, MixCtx: 3, Train: 73.72%, Valid: 69.64%, Test In: 72.24% Test OOD1: 65.71% Test OOD2: 53.77% Test OOD3: 63.44% 
Epoch: 64, Loss: 3.5855, Cls: 1.1952, Ind: 0.0000, Med: 0.5977, Spu: 0.0000, FD: 1.1950, FDAug: 0.5975, Var: 0.0000, Ctx: 6, MixCtx: 3, Train: 73.82%, Valid: 69.78%, Test In: 72.44% Test OOD1: 65.23% Test OOD2: 53.86% Test OOD3: 63.34% 
Epoch: 65, Loss: 3.5886, Cls: 1.1965, Ind: 0.0000, Med: 0.5985, Spu: 0.0000, FD: 1.1957, FDAug: 0.5978, Var: 0.0000, Ctx: 6, MixCtx: 3, Train: 73.90%, Valid: 69.88%, Test In: 72.44% Test OOD1: 65.71% Test OOD2: 53.80% Test OOD3: 63.46% 
Epoch: 66, Loss: 3.5711, Cls: 1.1905, Ind: 0.0000, Med: 0.5954, Spu: 0.0000, FD: 1.1901, FDAug: 0.5950, Var: 0.0000, Ctx: 6, MixCtx: 3, Train: 73.95%, Valid: 69.97%, Test In: 72.45% Test OOD1: 66.02% Test OOD2: 53.74% Test OOD3: 63.54% 
Epoch: 67, Loss: 3.5772, Cls: 1.1926, Ind: 0.0000, Med: 0.5965, Spu: 0.0000, FD: 1.1921, FDAug: 0.5960, Var: 0.0000, Ctx: 6, MixCtx: 3, Train: 74.07%, Valid: 70.12%, Test In: 72.68% Test OOD1: 65.52% Test OOD2: 53.85% Test OOD3: 63.44% 
Epoch: 68, Loss: 3.5725, Cls: 1.1907, Ind: 0.0000, Med: 0.5953, Spu: 0.0000, FD: 1.1910, FDAug: 0.5955, Var: 0.0000, Ctx: 6, MixCtx: 3, Train: 74.14%, Valid: 70.22%, Test In: 72.68% Test OOD1: 65.90% Test OOD2: 53.80% Test OOD3: 63.53% 
Epoch: 69, Loss: 3.5582, Cls: 1.1861, Ind: 0.0000, Med: 0.5931, Spu: 0.0000, FD: 1.1860, FDAug: 0.5930, Var: 0.0000, Ctx: 6, MixCtx: 3, Train: 74.17%, Valid: 70.29%, Test In: 72.67% Test OOD1: 66.21% Test OOD2: 53.73% Test OOD3: 63.61% 
Epoch: 70, Loss: 3.5637, Cls: 1.1881, Ind: 0.0000, Med: 0.5943, Spu: 0.0000, FD: 1.1875, FDAug: 0.5937, Var: 0.0000, Ctx: 6, MixCtx: 3, Train: 74.30%, Valid: 70.45%, Test In: 72.93% Test OOD1: 65.62% Test OOD2: 53.86% Test OOD3: 63.48% 
Epoch: 71, Loss: 3.5613, Cls: 1.1869, Ind: 0.0000, Med: 0.5934, Spu: 0.0000, FD: 1.1873, FDAug: 0.5937, Var: 0.0000, Ctx: 6, MixCtx: 3, Train: 74.35%, Valid: 70.53%, Test In: 72.90% Test OOD1: 66.08% Test OOD2: 53.79% Test OOD3: 63.60% 
Epoch: 72, Loss: 3.5468, Cls: 1.1823, Ind: 0.0000, Med: 0.5912, Spu: 0.0000, FD: 1.1822, FDAug: 0.5911, Var: 0.0000, Ctx: 6, MixCtx: 3, Train: 74.40%, Valid: 70.61%, Test In: 72.93% Test OOD1: 66.26% Test OOD2: 53.75% Test OOD3: 63.64% 
Epoch: 73, Loss: 3.5481, Cls: 1.1827, Ind: 0.0000, Med: 0.5914, Spu: 0.0000, FD: 1.1826, FDAug: 0.5913, Var: 0.0000, Ctx: 6, MixCtx: 3, Train: 74.51%, Valid: 70.74%, Test In: 73.17% Test OOD1: 65.63% Test OOD2: 53.88% Test OOD3: 63.50% 
Epoch: 74, Loss: 3.5509, Cls: 1.1835, Ind: 0.0000, Med: 0.5918, Spu: 0.0000, FD: 1.1837, FDAug: 0.5919, Var: 0.0000, Ctx: 6, MixCtx: 3, Train: 74.54%, Valid: 70.81%, Test In: 73.10% Test OOD1: 66.27% Test OOD2: 53.77% Test OOD3: 63.66% 
Epoch: 75, Loss: 3.5395, Cls: 1.1799, Ind: 0.0000, Med: 0.5900, Spu: 0.0000, FD: 1.1797, FDAug: 0.5899, Var: 0.0000, Ctx: 6, MixCtx: 3, Train: 74.63%, Valid: 70.91%, Test In: 73.23% Test OOD1: 66.12% Test OOD2: 53.81% Test OOD3: 63.63% 
Epoch: 76, Loss: 3.5321, Cls: 1.1773, Ind: 0.0000, Med: 0.5887, Spu: 0.0000, FD: 1.1773, FDAug: 0.5887, Var: 0.0000, Ctx: 6, MixCtx: 3, Train: 74.70%, Valid: 71.01%, Test In: 73.37% Test OOD1: 65.75% Test OOD2: 53.87% Test OOD3: 63.54% 
Epoch: 77, Loss: 3.5345, Cls: 1.1780, Ind: 0.0000, Med: 0.5890, Spu: 0.0000, FD: 1.1783, FDAug: 0.5892, Var: 0.0000, Ctx: 6, MixCtx: 3, Train: 74.72%, Valid: 71.06%, Test In: 73.27% Test OOD1: 66.42% Test OOD2: 53.75% Test OOD3: 63.71% 
Epoch: 78, Loss: 3.5360, Cls: 1.1789, Ind: 0.0000, Med: 0.5896, Spu: 0.0000, FD: 1.1784, FDAug: 0.5891, Var: 0.0000, Ctx: 6, MixCtx: 3, Train: 74.81%, Valid: 71.18%, Test In: 73.52% Test OOD1: 65.61% Test OOD2: 53.88% Test OOD3: 63.49% 
Epoch: 79, Loss: 3.5318, Cls: 1.1771, Ind: 0.0000, Med: 0.5886, Spu: 0.0000, FD: 1.1773, FDAug: 0.5887, Var: 0.0000, Ctx: 6, MixCtx: 3, Train: 74.86%, Valid: 71.23%, Test In: 73.47% Test OOD1: 66.29% Test OOD2: 53.79% Test OOD3: 63.67% 
Epoch: 80, Loss: 3.5230, Cls: 1.1744, Ind: 0.0000, Med: 0.5873, Spu: 0.0000, FD: 1.1742, FDAug: 0.5871, Var: 0.0000, Ctx: 6, MixCtx: 3, Train: 74.93%, Valid: 71.33%, Test In: 73.59% Test OOD1: 65.96% Test OOD2: 53.85% Test OOD3: 63.59% 
Epoch: 81, Loss: 3.5163, Cls: 1.1721, Ind: 0.0000, Med: 0.5861, Spu: 0.0000, FD: 1.1720, FDAug: 0.5861, Var: 0.0000, Ctx: 6, MixCtx: 3, Train: 74.99%, Valid: 71.41%, Test In: 73.67% Test OOD1: 65.90% Test OOD2: 53.85% Test OOD3: 63.56% 
Epoch: 82, Loss: 3.5139, Cls: 1.1713, Ind: 0.0000, Med: 0.5857, Spu: 0.0000, FD: 1.1711, FDAug: 0.5857, Var: 0.0000, Ctx: 6, MixCtx: 3, Train: 75.02%, Valid: 71.46%, Test In: 73.63% Test OOD1: 66.33% Test OOD2: 53.78% Test OOD3: 63.67% 
Epoch: 83, Loss: 3.5150, Cls: 1.1718, Ind: 0.0000, Med: 0.5860, Spu: 0.0000, FD: 1.1715, FDAug: 0.5857, Var: 0.0000, Ctx: 6, MixCtx: 3, Train: 75.08%, Valid: 71.57%, Test In: 73.84% Test OOD1: 65.45% Test OOD2: 53.90% Test OOD3: 63.42% 
Epoch: 84, Loss: 3.5205, Cls: 1.1734, Ind: 0.0000, Med: 0.5867, Spu: 0.0000, FD: 1.1735, FDAug: 0.5869, Var: 0.0000, Ctx: 6, MixCtx: 3, Train: 75.07%, Valid: 71.55%, Test In: 73.62% Test OOD1: 66.70% Test OOD2: 53.70% Test OOD3: 63.76% 
Epoch: 85, Loss: 3.5337, Cls: 1.1781, Ind: 0.0000, Med: 0.5892, Spu: 0.0000, FD: 1.1777, FDAug: 0.5886, Var: 0.0000, Ctx: 6, MixCtx: 3, Train: 75.09%, Valid: 71.65%, Test In: 73.94% Test OOD1: 64.61% Test OOD2: 53.94% Test OOD3: 63.15% 
Epoch: 86, Loss: 3.5609, Cls: 1.1868, Ind: 0.0000, Med: 0.5935, Spu: 0.0000, FD: 1.1867, FDAug: 0.5939, Var: 0.0000, Ctx: 6, MixCtx: 3, Train: 75.11%, Valid: 71.63%, Test In: 73.62% Test OOD1: 66.97% Test OOD2: 53.64% Test OOD3: 63.83% 
Epoch: 87, Loss: 3.5629, Cls: 1.1873, Ind: 0.0000, Med: 0.5935, Spu: 0.0000, FD: 1.1884, FDAug: 0.5937, Var: 0.0000, Ctx: 6, MixCtx: 3, Train: 75.23%, Valid: 71.81%, Test In: 74.03% Test OOD1: 65.11% Test OOD2: 53.93% Test OOD3: 63.31% 
Epoch: 88, Loss: 3.5275, Cls: 1.1760, Ind: 0.0000, Med: 0.5883, Spu: 0.0000, FD: 1.1751, FDAug: 0.5881, Var: 0.0000, Ctx: 6, MixCtx: 3, Train: 75.32%, Valid: 71.87%, Test In: 73.99% Test OOD1: 66.00% Test OOD2: 53.85% Test OOD3: 63.57% 
Epoch: 89, Loss: 3.5013, Cls: 1.1671, Ind: 0.0000, Med: 0.5836, Spu: 0.0000, FD: 1.1670, FDAug: 0.5836, Var: 0.0000, Ctx: 6, MixCtx: 3, Train: 75.27%, Valid: 71.81%, Test In: 73.78% Test OOD1: 66.92% Test OOD2: 53.67% Test OOD3: 63.82% 
Epoch: 90, Loss: 3.5290, Cls: 1.1765, Ind: 0.0000, Med: 0.5884, Spu: 0.0000, FD: 1.1764, FDAug: 0.5877, Var: 0.0000, Ctx: 6, MixCtx: 3, Train: 75.33%, Valid: 71.96%, Test In: 74.12% Test OOD1: 65.08% Test OOD2: 53.93% Test OOD3: 63.29% 
Epoch: 91, Loss: 3.5408, Cls: 1.1795, Ind: 0.0000, Med: 0.5895, Spu: 0.0000, FD: 1.1807, FDAug: 0.5911, Var: 0.0000, Ctx: 6, MixCtx: 3, Train: 75.37%, Valid: 71.92%, Test In: 73.89% Test OOD1: 66.81% Test OOD2: 53.71% Test OOD3: 63.79% 
Epoch: 92, Loss: 3.5041, Cls: 1.1686, Ind: 0.0000, Med: 0.5846, Spu: 0.0000, FD: 1.1675, FDAug: 0.5835, Var: 0.0000, Ctx: 6, MixCtx: 3, Train: 75.42%, Valid: 71.99%, Test In: 73.97% Test OOD1: 66.68% Test OOD2: 53.75% Test OOD3: 63.75% 
Epoch: 93, Loss: 3.4937, Cls: 1.1649, Ind: 0.0000, Med: 0.5826, Spu: 0.0000, FD: 1.1642, FDAug: 0.5820, Var: 0.0000, Ctx: 6, MixCtx: 3, Train: 75.46%, Valid: 72.11%, Test In: 74.18% Test OOD1: 65.59% Test OOD2: 53.90% Test OOD3: 63.44% 
Epoch: 94, Loss: 3.5180, Cls: 1.1722, Ind: 0.0000, Med: 0.5861, Spu: 0.0000, FD: 1.1726, FDAug: 0.5871, Var: 0.0000, Ctx: 6, MixCtx: 3, Train: 75.39%, Valid: 71.98%, Test In: 73.87% Test OOD1: 67.14% Test OOD2: 53.63% Test OOD3: 63.86% 
Epoch: 95, Loss: 3.5180, Cls: 1.1728, Ind: 0.0000, Med: 0.5864, Spu: 0.0000, FD: 1.1730, FDAug: 0.5859, Var: 0.0000, Ctx: 6, MixCtx: 3, Train: 75.54%, Valid: 72.17%, Test In: 74.17% Test OOD1: 66.15% Test OOD2: 53.83% Test OOD3: 63.60% 
Epoch: 96, Loss: 3.4928, Cls: 1.1644, Ind: 0.0000, Med: 0.5825, Spu: 0.0000, FD: 1.1636, FDAug: 0.5823, Var: 0.0000, Ctx: 6, MixCtx: 3, Train: 75.57%, Valid: 72.20%, Test In: 74.17% Test OOD1: 66.27% Test OOD2: 53.82% Test OOD3: 63.63% 
Epoch: 97, Loss: 3.4886, Cls: 1.1630, Ind: 0.0000, Med: 0.5818, Spu: 0.0000, FD: 1.1623, FDAug: 0.5815, Var: 0.0000, Ctx: 6, MixCtx: 3, Train: 75.50%, Valid: 72.11%, Test In: 73.97% Test OOD1: 67.12% Test OOD2: 53.64% Test OOD3: 63.86% 
Epoch: 98, Loss: 3.5062, Cls: 1.1687, Ind: 0.0000, Med: 0.5843, Spu: 0.0000, FD: 1.1692, FDAug: 0.5840, Var: 0.0000, Ctx: 6, MixCtx: 3, Train: 75.61%, Valid: 72.29%, Test In: 74.28% Test OOD1: 65.73% Test OOD2: 53.88% Test OOD3: 63.47% 
Epoch: 99, Loss: 3.5074, Cls: 1.1690, Ind: 0.0000, Med: 0.5847, Spu: 0.0000, FD: 1.1685, FDAug: 0.5852, Var: 0.0000, Ctx: 6, MixCtx: 3, Train: 75.61%, Valid: 72.22%, Test In: 74.10% Test OOD1: 66.89% Test OOD2: 53.71% Test OOD3: 63.80% 
Epoch: 100, Loss: 3.4866, Cls: 1.1624, Ind: 0.0000, Med: 0.5813, Spu: 0.0000, FD: 1.1620, FDAug: 0.5808, Var: 0.0000, Ctx: 6, MixCtx: 3, Train: 75.67%, Valid: 72.30%, Test In: 74.19% Test OOD1: 66.66% Test OOD2: 53.76% Test OOD3: 63.73% 
Epoch: 101, Loss: 3.4792, Cls: 1.1599, Ind: 0.0000, Med: 0.5801, Spu: 0.0000, FD: 1.1595, FDAug: 0.5797, Var: 0.0000, Ctx: 6, MixCtx: 3, Train: 75.70%, Valid: 72.38%, Test In: 74.33% Test OOD1: 65.92% Test OOD2: 53.86% Test OOD3: 63.52% 
Epoch: 102, Loss: 3.4893, Cls: 1.1630, Ind: 0.0000, Med: 0.5816, Spu: 0.0000, FD: 1.1628, FDAug: 0.5820, Var: 0.0000, Ctx: 6, MixCtx: 3, Train: 75.69%, Valid: 72.32%, Test In: 74.15% Test OOD1: 66.98% Test OOD2: 53.69% Test OOD3: 63.82% 
Epoch: 103, Loss: 3.4918, Cls: 1.1642, Ind: 0.0000, Med: 0.5822, Spu: 0.0000, FD: 1.1639, FDAug: 0.5815, Var: 0.0000, Ctx: 6, MixCtx: 3, Train: 75.75%, Valid: 72.45%, Test In: 74.36% Test OOD1: 65.98% Test OOD2: 53.84% Test OOD3: 63.54% 
Epoch: 104, Loss: 3.4816, Cls: 1.1605, Ind: 0.0000, Med: 0.5804, Spu: 0.0000, FD: 1.1602, FDAug: 0.5805, Var: 0.0000, Ctx: 6, MixCtx: 3, Train: 75.79%, Valid: 72.46%, Test In: 74.33% Test OOD1: 66.38% Test OOD2: 53.80% Test OOD3: 63.65% 
Epoch: 105, Loss: 3.4736, Cls: 1.1580, Ind: 0.0000, Med: 0.5791, Spu: 0.0000, FD: 1.1577, FDAug: 0.5789, Var: 0.0000, Ctx: 6, MixCtx: 3, Train: 75.80%, Valid: 72.45%, Test In: 74.28% Test OOD1: 66.79% Test OOD2: 53.73% Test OOD3: 63.76% 
Epoch: 106, Loss: 3.4786, Cls: 1.1598, Ind: 0.0000, Med: 0.5800, Spu: 0.0000, FD: 1.1594, FDAug: 0.5795, Var: 0.0000, Ctx: 6, MixCtx: 3, Train: 75.81%, Valid: 72.55%, Test In: 74.44% Test OOD1: 65.74% Test OOD2: 53.85% Test OOD3: 63.46% 
Epoch: 107, Loss: 3.4852, Cls: 1.1615, Ind: 0.0000, Med: 0.5808, Spu: 0.0000, FD: 1.1616, FDAug: 0.5813, Var: 0.0000, Ctx: 6, MixCtx: 3, Train: 75.84%, Valid: 72.49%, Test In: 74.29% Test OOD1: 66.92% Test OOD2: 53.69% Test OOD3: 63.79% 
Epoch: 108, Loss: 3.4810, Cls: 1.1606, Ind: 0.0000, Med: 0.5805, Spu: 0.0000, FD: 1.1601, FDAug: 0.5798, Var: 0.0000, Ctx: 6, MixCtx: 3, Train: 75.88%, Valid: 72.59%, Test In: 74.44% Test OOD1: 66.07% Test OOD2: 53.82% Test OOD3: 63.55% 
Epoch: 109, Loss: 3.4731, Cls: 1.1577, Ind: 0.0000, Med: 0.5790, Spu: 0.0000, FD: 1.1574, FDAug: 0.5790, Var: 0.0000, Ctx: 6, MixCtx: 3, Train: 75.91%, Valid: 72.61%, Test In: 74.40% Test OOD1: 66.54% Test OOD2: 53.77% Test OOD3: 63.68% 
Epoch: 110, Loss: 3.4671, Cls: 1.1558, Ind: 0.0000, Med: 0.5780, Spu: 0.0000, FD: 1.1555, FDAug: 0.5778, Var: 0.0000, Ctx: 6, MixCtx: 3, Train: 75.93%, Valid: 72.62%, Test In: 74.39% Test OOD1: 66.69% Test OOD2: 53.74% Test OOD3: 63.73% 
Epoch: 111, Loss: 3.4680, Cls: 1.1561, Ind: 0.0000, Med: 0.5781, Spu: 0.0000, FD: 1.1559, FDAug: 0.5779, Var: 0.0000, Ctx: 6, MixCtx: 3, Train: 75.94%, Valid: 72.69%, Test In: 74.52% Test OOD1: 65.77% Test OOD2: 53.84% Test OOD3: 63.46% 
Epoch: 112, Loss: 3.4804, Cls: 1.1603, Ind: 0.0000, Med: 0.5804, Spu: 0.0000, FD: 1.1594, FDAug: 0.5802, Var: 0.0000, Ctx: 6, MixCtx: 3, Train: 75.92%, Valid: 72.59%, Test In: 74.31% Test OOD1: 67.24% Test OOD2: 53.63% Test OOD3: 63.88% 
Epoch: 113, Loss: 3.4956, Cls: 1.1650, Ind: 0.0000, Med: 0.5824, Spu: 0.0000, FD: 1.1658, FDAug: 0.5824, Var: 0.0000, Ctx: 6, MixCtx: 3, Train: 75.95%, Valid: 72.75%, Test In: 74.57% Test OOD1: 65.38% Test OOD2: 53.87% Test OOD3: 63.36% 
Epoch: 114, Loss: 3.5002, Cls: 1.1670, Ind: 0.0000, Med: 0.5838, Spu: 0.0000, FD: 1.1658, FDAug: 0.5836, Var: 0.0000, Ctx: 6, MixCtx: 3, Train: 76.00%, Valid: 72.69%, Test In: 74.38% Test OOD1: 67.13% Test OOD2: 53.67% Test OOD3: 63.86% 
Epoch: 115, Loss: 3.4782, Cls: 1.1594, Ind: 0.0000, Med: 0.5797, Spu: 0.0000, FD: 1.1597, FDAug: 0.5795, Var: 0.0000, Ctx: 6, MixCtx: 3, Train: 76.06%, Valid: 72.79%, Test In: 74.51% Test OOD1: 66.48% Test OOD2: 53.79% Test OOD3: 63.68% 
Epoch: 116, Loss: 3.4614, Cls: 1.1538, Ind: 0.0000, Med: 0.5770, Spu: 0.0000, FD: 1.1536, FDAug: 0.5769, Var: 0.0000, Ctx: 6, MixCtx: 3, Train: 76.08%, Valid: 72.81%, Test In: 74.56% Test OOD1: 66.29% Test OOD2: 53.82% Test OOD3: 63.63% 
Epoch: 117, Loss: 3.4655, Cls: 1.1551, Ind: 0.0000, Med: 0.5776, Spu: 0.0000, FD: 1.1550, FDAug: 0.5778, Var: 0.0000, Ctx: 6, MixCtx: 3, Train: 76.05%, Valid: 72.73%, Test In: 74.38% Test OOD1: 67.30% Test OOD2: 53.64% Test OOD3: 63.92% 
Epoch: 118, Loss: 3.4788, Cls: 1.1601, Ind: 0.0000, Med: 0.5803, Spu: 0.0000, FD: 1.1592, FDAug: 0.5792, Var: 0.0000, Ctx: 6, MixCtx: 3, Train: 76.10%, Valid: 72.86%, Test In: 74.61% Test OOD1: 65.91% Test OOD2: 53.85% Test OOD3: 63.54% 
Epoch: 119, Loss: 3.4845, Cls: 1.1610, Ind: 0.0000, Med: 0.5804, Spu: 0.0000, FD: 1.1617, FDAug: 0.5813, Var: 0.0000, Ctx: 6, MixCtx: 3, Train: 76.09%, Valid: 72.78%, Test In: 74.41% Test OOD1: 67.32% Test OOD2: 53.64% Test OOD3: 63.92% 
Epoch: 120, Loss: 3.4733, Cls: 1.1581, Ind: 0.0000, Med: 0.5792, Spu: 0.0000, FD: 1.1575, FDAug: 0.5784, Var: 0.0000, Ctx: 6, MixCtx: 3, Train: 76.18%, Valid: 72.90%, Test In: 74.58% Test OOD1: 66.52% Test OOD2: 53.80% Test OOD3: 63.71% 
Epoch: 121, Loss: 3.4593, Cls: 1.1531, Ind: 0.0000, Med: 0.5767, Spu: 0.0000, FD: 1.1529, FDAug: 0.5767, Var: 0.0000, Ctx: 6, MixCtx: 3, Train: 76.19%, Valid: 72.91%, Test In: 74.56% Test OOD1: 66.73% Test OOD2: 53.76% Test OOD3: 63.77% 
Epoch: 122, Loss: 3.4549, Cls: 1.1517, Ind: 0.0000, Med: 0.5760, Spu: 0.0000, FD: 1.1514, FDAug: 0.5759, Var: 0.0000, Ctx: 6, MixCtx: 3, Train: 76.17%, Valid: 72.86%, Test In: 74.47% Test OOD1: 67.24% Test OOD2: 53.67% Test OOD3: 63.91% 
Epoch: 123, Loss: 3.4619, Cls: 1.1540, Ind: 0.0000, Med: 0.5771, Spu: 0.0000, FD: 1.1540, FDAug: 0.5768, Var: 0.0000, Ctx: 6, MixCtx: 3, Train: 76.23%, Valid: 72.97%, Test In: 74.65% Test OOD1: 66.19% Test OOD2: 53.84% Test OOD3: 63.63% 
Epoch: 124, Loss: 3.4706, Cls: 1.1568, Ind: 0.0000, Med: 0.5785, Spu: 0.0000, FD: 1.1565, FDAug: 0.5787, Var: 0.0000, Ctx: 6, MixCtx: 3, Train: 76.19%, Valid: 72.87%, Test In: 74.45% Test OOD1: 67.43% Test OOD2: 53.63% Test OOD3: 63.96% 
Epoch: 125, Loss: 3.4726, Cls: 1.1577, Ind: 0.0000, Med: 0.5789, Spu: 0.0000, FD: 1.1576, FDAug: 0.5784, Var: 0.0000, Ctx: 6, MixCtx: 3, Train: 76.27%, Valid: 73.02%, Test In: 74.67% Test OOD1: 66.13% Test OOD2: 53.84% Test OOD3: 63.61% 
Epoch: 126, Loss: 3.4693, Cls: 1.1565, Ind: 0.0000, Med: 0.5784, Spu: 0.0000, FD: 1.1560, FDAug: 0.5785, Var: 0.0000, Ctx: 6, MixCtx: 3, Train: 76.27%, Valid: 72.95%, Test In: 74.53% Test OOD1: 67.24% Test OOD2: 53.68% Test OOD3: 63.92% 
Epoch: 127, Loss: 3.4593, Cls: 1.1531, Ind: 0.0000, Med: 0.5766, Spu: 0.0000, FD: 1.1532, FDAug: 0.5764, Var: 0.0000, Ctx: 6, MixCtx: 3, Train: 76.33%, Valid: 73.05%, Test In: 74.66% Test OOD1: 66.54% Test OOD2: 53.80% Test OOD3: 63.72% 
Epoch: 128, Loss: 3.4505, Cls: 1.1502, Ind: 0.0000, Med: 0.5752, Spu: 0.0000, FD: 1.1499, FDAug: 0.5751, Var: 0.0000, Ctx: 6, MixCtx: 3, Train: 76.35%, Valid: 73.06%, Test In: 74.65% Test OOD1: 66.69% Test OOD2: 53.78% Test OOD3: 63.77% 
Epoch: 129, Loss: 3.4474, Cls: 1.1492, Ind: 0.0000, Med: 0.5747, Spu: 0.0000, FD: 1.1490, FDAug: 0.5746, Var: 0.0000, Ctx: 6, MixCtx: 3, Train: 76.35%, Valid: 73.04%, Test In: 74.59% Test OOD1: 67.07% Test OOD2: 53.72% Test OOD3: 63.88% 
Epoch: 130, Loss: 3.4509, Cls: 1.1504, Ind: 0.0000, Med: 0.5753, Spu: 0.0000, FD: 1.1502, FDAug: 0.5750, Var: 0.0000, Ctx: 6, MixCtx: 3, Train: 76.38%, Valid: 73.12%, Test In: 74.72% Test OOD1: 66.19% Test OOD2: 53.84% Test OOD3: 63.64% 
Epoch: 131, Loss: 3.4578, Cls: 1.1524, Ind: 0.0000, Med: 0.5763, Spu: 0.0000, FD: 1.1525, FDAug: 0.5766, Var: 0.0000, Ctx: 6, MixCtx: 3, Train: 76.36%, Valid: 73.02%, Test In: 74.55% Test OOD1: 67.37% Test OOD2: 53.66% Test OOD3: 63.97% 
Epoch: 132, Loss: 3.4654, Cls: 1.1554, Ind: 0.0000, Med: 0.5778, Spu: 0.0000, FD: 1.1550, FDAug: 0.5771, Var: 0.0000, Ctx: 6, MixCtx: 3, Train: 76.40%, Valid: 73.16%, Test In: 74.76% Test OOD1: 65.80% Test OOD2: 53.87% Test OOD3: 63.54% 
Epoch: 133, Loss: 3.4743, Cls: 1.1579, Ind: 0.0000, Med: 0.5790, Spu: 0.0000, FD: 1.1579, FDAug: 0.5794, Var: 0.0000, Ctx: 6, MixCtx: 3, Train: 76.40%, Valid: 73.06%, Test In: 74.55% Test OOD1: 67.46% Test OOD2: 53.64% Test OOD3: 64.00% 
Epoch: 134, Loss: 3.4748, Cls: 1.1583, Ind: 0.0000, Med: 0.5791, Spu: 0.0000, FD: 1.1585, FDAug: 0.5789, Var: 0.0000, Ctx: 6, MixCtx: 3, Train: 76.45%, Valid: 73.21%, Test In: 74.77% Test OOD1: 65.84% Test OOD2: 53.87% Test OOD3: 63.56% 
Epoch: 135, Loss: 3.4686, Cls: 1.1564, Ind: 0.0000, Med: 0.5785, Spu: 0.0000, FD: 1.1555, FDAug: 0.5783, Var: 0.0000, Ctx: 6, MixCtx: 3, Train: 76.49%, Valid: 73.15%, Test In: 74.63% Test OOD1: 67.19% Test OOD2: 53.72% Test OOD3: 63.94% 
Epoch: 136, Loss: 3.4506, Cls: 1.1501, Ind: 0.0000, Med: 0.5750, Spu: 0.0000, FD: 1.1505, FDAug: 0.5751, Var: 0.0000, Ctx: 6, MixCtx: 3, Train: 76.53%, Valid: 73.21%, Test In: 74.72% Test OOD1: 66.76% Test OOD2: 53.80% Test OOD3: 63.82% 
Epoch: 137, Loss: 3.4395, Cls: 1.1465, Ind: 0.0000, Med: 0.5734, Spu: 0.0000, FD: 1.1463, FDAug: 0.5733, Var: 0.0000, Ctx: 6, MixCtx: 3, Train: 76.55%, Valid: 73.22%, Test In: 74.74% Test OOD1: 66.65% Test OOD2: 53.83% Test OOD3: 63.80% 
Epoch: 138, Loss: 3.4416, Cls: 1.1472, Ind: 0.0000, Med: 0.5737, Spu: 0.0000, FD: 1.1470, FDAug: 0.5737, Var: 0.0000, Ctx: 6, MixCtx: 3, Train: 76.52%, Valid: 73.13%, Test In: 74.60% Test OOD1: 67.45% Test OOD2: 53.69% Test OOD3: 64.03% 
Epoch: 139, Loss: 3.4528, Cls: 1.1512, Ind: 0.0000, Med: 0.5757, Spu: 0.0000, FD: 1.1508, FDAug: 0.5751, Var: 0.0000, Ctx: 6, MixCtx: 3, Train: 76.57%, Valid: 73.26%, Test In: 74.80% Test OOD1: 66.07% Test OOD2: 53.89% Test OOD3: 63.67% 
Epoch: 140, Loss: 3.4708, Cls: 1.1566, Ind: 0.0000, Med: 0.5783, Spu: 0.0000, FD: 1.1568, FDAug: 0.5789, Var: 0.0000, Ctx: 6, MixCtx: 3, Train: 76.52%, Valid: 73.13%, Test In: 74.56% Test OOD1: 67.71% Test OOD2: 53.62% Test OOD3: 64.11% 
Epoch: 141, Loss: 3.4856, Cls: 1.1620, Ind: 0.0000, Med: 0.5810, Spu: 0.0000, FD: 1.1621, FDAug: 0.5805, Var: 0.0000, Ctx: 6, MixCtx: 3, Train: 76.59%, Valid: 73.32%, Test In: 74.81% Test OOD1: 65.61% Test OOD2: 53.91% Test OOD3: 63.56% 
Epoch: 142, Loss: 3.4892, Cls: 1.1634, Ind: 0.0000, Med: 0.5820, Spu: 0.0000, FD: 1.1620, FDAug: 0.5818, Var: 0.0000, Ctx: 6, MixCtx: 3, Train: 76.64%, Valid: 73.25%, Test In: 74.67% Test OOD1: 67.38% Test OOD2: 53.71% Test OOD3: 64.04% 
Epoch: 143, Loss: 3.4545, Cls: 1.1512, Ind: 0.0000, Med: 0.5754, Spu: 0.0000, FD: 1.1522, FDAug: 0.5758, Var: 0.0000, Ctx: 6, MixCtx: 3, Train: 76.70%, Valid: 73.30%, Test In: 74.74% Test OOD1: 67.01% Test OOD2: 53.80% Test OOD3: 63.95% 
Epoch: 144, Loss: 3.4346, Cls: 1.1448, Ind: 0.0000, Med: 0.5725, Spu: 0.0000, FD: 1.1448, FDAug: 0.5725, Var: 0.0000, Ctx: 6, MixCtx: 3, Train: 76.71%, Valid: 73.31%, Test In: 74.80% Test OOD1: 66.50% Test OOD2: 53.88% Test OOD3: 63.82% 
Epoch: 145, Loss: 3.4505, Cls: 1.1501, Ind: 0.0000, Med: 0.5752, Spu: 0.0000, FD: 1.1498, FDAug: 0.5754, Var: 0.0000, Ctx: 6, MixCtx: 3, Train: 76.58%, Valid: 73.11%, Test In: 74.55% Test OOD1: 67.85% Test OOD2: 53.62% Test OOD3: 64.17% 
Epoch: 146, Loss: 3.4730, Cls: 1.1581, Ind: 0.0000, Med: 0.5793, Spu: 0.0000, FD: 1.1575, FDAug: 0.5781, Var: 0.0000, Ctx: 6, MixCtx: 3, Train: 76.72%, Valid: 73.30%, Test In: 74.81% Test OOD1: 66.29% Test OOD2: 53.91% Test OOD3: 63.79% 
Epoch: 147, Loss: 3.4790, Cls: 1.1591, Ind: 0.0000, Med: 0.5794, Spu: 0.0000, FD: 1.1599, FDAug: 0.5806, Var: 0.0000, Ctx: 6, MixCtx: 3, Train: 76.69%, Valid: 73.19%, Test In: 74.62% Test OOD1: 67.68% Test OOD2: 53.68% Test OOD3: 64.14% 
Epoch: 148, Loss: 3.4513, Cls: 1.1506, Ind: 0.0000, Med: 0.5753, Spu: 0.0000, FD: 1.1505, FDAug: 0.5749, Var: 0.0000, Ctx: 6, MixCtx: 3, Train: 76.81%, Valid: 73.33%, Test In: 74.79% Test OOD1: 66.94% Test OOD2: 53.84% Test OOD3: 63.96% 
Epoch: 149, Loss: 3.4295, Cls: 1.1432, Ind: 0.0000, Med: 0.5717, Spu: 0.0000, FD: 1.1430, FDAug: 0.5717, Var: 0.0000, Ctx: 6, MixCtx: 3, Train: 76.84%, Valid: 73.37%, Test In: 74.84% Test OOD1: 66.60% Test OOD2: 53.87% Test OOD3: 63.87% 
Epoch: 150, Loss: 3.4364, Cls: 1.1455, Ind: 0.0000, Med: 0.5729, Spu: 0.0000, FD: 1.1450, FDAug: 0.5729, Var: 0.0000, Ctx: 6, MixCtx: 3, Train: 76.80%, Valid: 73.27%, Test In: 74.69% Test OOD1: 67.55% Test OOD2: 53.71% Test OOD3: 64.13% 
Epoch: 151, Loss: 3.4481, Cls: 1.1493, Ind: 0.0000, Med: 0.5746, Spu: 0.0000, FD: 1.1497, FDAug: 0.5745, Var: 0.0000, Ctx: 6, MixCtx: 3, Train: 76.87%, Valid: 73.36%, Test In: 74.85% Test OOD1: 66.48% Test OOD2: 53.89% Test OOD3: 63.85% 
Epoch: 152, Loss: 3.4426, Cls: 1.1474, Ind: 0.0000, Med: 0.5738, Spu: 0.0000, FD: 1.1473, FDAug: 0.5741, Var: 0.0000, Ctx: 6, MixCtx: 3, Train: 76.86%, Valid: 73.29%, Test In: 74.74% Test OOD1: 67.36% Test OOD2: 53.76% Test OOD3: 64.09% 
Epoch: 153, Loss: 3.4275, Cls: 1.1426, Ind: 0.0000, Med: 0.5714, Spu: 0.0000, FD: 1.1424, FDAug: 0.5710, Var: 0.0000, Ctx: 6, MixCtx: 3, Train: 76.92%, Valid: 73.34%, Test In: 74.80% Test OOD1: 67.08% Test OOD2: 53.82% Test OOD3: 64.02% 
Epoch: 154, Loss: 3.4211, Cls: 1.1404, Ind: 0.0000, Med: 0.5702, Spu: 0.0000, FD: 1.1403, FDAug: 0.5702, Var: 0.0000, Ctx: 6, MixCtx: 3, Train: 76.96%, Valid: 73.41%, Test In: 74.87% Test OOD1: 66.60% Test OOD2: 53.87% Test OOD3: 63.88% 
Epoch: 155, Loss: 3.4251, Cls: 1.1415, Ind: 0.0000, Med: 0.5708, Spu: 0.0000, FD: 1.1417, FDAug: 0.5711, Var: 0.0000, Ctx: 6, MixCtx: 3, Train: 76.96%, Valid: 73.40%, Test In: 74.80% Test OOD1: 67.27% Test OOD2: 53.78% Test OOD3: 64.07% 
Epoch: 156, Loss: 3.4355, Cls: 1.1454, Ind: 0.0000, Med: 0.5728, Spu: 0.0000, FD: 1.1451, FDAug: 0.5723, Var: 0.0000, Ctx: 6, MixCtx: 3, Train: 76.99%, Valid: 73.45%, Test In: 74.89% Test OOD1: 65.94% Test OOD2: 53.93% Test OOD3: 63.71% 
Epoch: 157, Loss: 3.4464, Cls: 1.1488, Ind: 0.0000, Med: 0.5745, Spu: 0.0000, FD: 1.1483, FDAug: 0.5747, Var: 0.0000, Ctx: 6, MixCtx: 3, Train: 77.00%, Valid: 73.40%, Test In: 74.79% Test OOD1: 67.43% Test OOD2: 53.76% Test OOD3: 64.13% 
Epoch: 158, Loss: 3.4461, Cls: 1.1486, Ind: 0.0000, Med: 0.5742, Spu: 0.0000, FD: 1.1491, FDAug: 0.5741, Var: 0.0000, Ctx: 6, MixCtx: 3, Train: 77.07%, Valid: 73.45%, Test In: 74.89% Test OOD1: 66.32% Test OOD2: 53.94% Test OOD3: 63.83% 
Epoch: 159, Loss: 3.4362, Cls: 1.1456, Ind: 0.0000, Med: 0.5730, Spu: 0.0000, FD: 1.1447, FDAug: 0.5729, Var: 0.0000, Ctx: 6, MixCtx: 3, Train: 77.06%, Valid: 73.37%, Test In: 74.78% Test OOD1: 67.41% Test OOD2: 53.81% Test OOD3: 64.14% 
Epoch: 160, Loss: 3.4208, Cls: 1.1401, Ind: 0.0000, Med: 0.5700, Spu: 0.0000, FD: 1.1406, FDAug: 0.5701, Var: 0.0000, Ctx: 6, MixCtx: 3, Train: 77.11%, Valid: 73.40%, Test In: 74.85% Test OOD1: 67.08% Test OOD2: 53.88% Test OOD3: 64.07% 
Epoch: 161, Loss: 3.4117, Cls: 1.1372, Ind: 0.0000, Med: 0.5687, Spu: 0.0000, FD: 1.1371, FDAug: 0.5687, Var: 0.0000, Ctx: 6, MixCtx: 3, Train: 77.15%, Valid: 73.43%, Test In: 74.88% Test OOD1: 66.91% Test OOD2: 53.92% Test OOD3: 64.04% 
Epoch: 162, Loss: 3.4127, Cls: 1.1376, Ind: 0.0000, Med: 0.5689, Spu: 0.0000, FD: 1.1374, FDAug: 0.5689, Var: 0.0000, Ctx: 6, MixCtx: 3, Train: 77.17%, Valid: 73.43%, Test In: 74.82% Test OOD1: 67.38% Test OOD2: 53.82% Test OOD3: 64.15% 
Epoch: 163, Loss: 3.4194, Cls: 1.1398, Ind: 0.0000, Med: 0.5699, Spu: 0.0000, FD: 1.1400, FDAug: 0.5697, Var: 0.0000, Ctx: 6, MixCtx: 3, Train: 77.24%, Valid: 73.48%, Test In: 74.90% Test OOD1: 66.34% Test OOD2: 53.95% Test OOD3: 63.86% 
Epoch: 164, Loss: 3.4251, Cls: 1.1416, Ind: 0.0000, Med: 0.5708, Spu: 0.0000, FD: 1.1415, FDAug: 0.5711, Var: 0.0000, Ctx: 6, MixCtx: 3, Train: 77.23%, Valid: 73.45%, Test In: 74.82% Test OOD1: 67.42% Test OOD2: 53.81% Test OOD3: 64.16% 
Epoch: 165, Loss: 3.4296, Cls: 1.1434, Ind: 0.0000, Med: 0.5718, Spu: 0.0000, FD: 1.1431, FDAug: 0.5712, Var: 0.0000, Ctx: 6, MixCtx: 3, Train: 77.28%, Valid: 73.46%, Test In: 74.88% Test OOD1: 66.11% Test OOD2: 53.98% Test OOD3: 63.82% 
Epoch: 166, Loss: 3.4422, Cls: 1.1471, Ind: 0.0000, Med: 0.5735, Spu: 0.0000, FD: 1.1473, FDAug: 0.5743, Var: 0.0000, Ctx: 6, MixCtx: 3, Train: 77.24%, Valid: 73.37%, Test In: 74.76% Test OOD1: 67.71% Test OOD2: 53.75% Test OOD3: 64.26% 
Epoch: 167, Loss: 3.4518, Cls: 1.1509, Ind: 0.0000, Med: 0.5756, Spu: 0.0000, FD: 1.1506, FDAug: 0.5747, Var: 0.0000, Ctx: 6, MixCtx: 3, Train: 77.35%, Valid: 73.43%, Test In: 74.86% Test OOD1: 66.14% Test OOD2: 53.99% Test OOD3: 63.85% 
Epoch: 168, Loss: 3.4462, Cls: 1.1487, Ind: 0.0000, Med: 0.5745, Spu: 0.0000, FD: 1.1482, FDAug: 0.5748, Var: 0.0000, Ctx: 6, MixCtx: 3, Train: 77.33%, Valid: 73.39%, Test In: 74.80% Test OOD1: 67.48% Test OOD2: 53.83% Test OOD3: 64.21% 
Epoch: 169, Loss: 3.4199, Cls: 1.1398, Ind: 0.0000, Med: 0.5698, Spu: 0.0000, FD: 1.1404, FDAug: 0.5699, Var: 0.0000, Ctx: 6, MixCtx: 3, Train: 77.42%, Valid: 73.42%, Test In: 74.87% Test OOD1: 66.94% Test OOD2: 53.95% Test OOD3: 64.09% 
Epoch: 170, Loss: 3.3995, Cls: 1.1331, Ind: 0.0000, Med: 0.5666, Spu: 0.0000, FD: 1.1330, FDAug: 0.5667, Var: 0.0000, Ctx: 6, MixCtx: 3, Train: 77.45%, Valid: 73.38%, Test In: 74.85% Test OOD1: 66.84% Test OOD2: 53.98% Test OOD3: 64.06% 
Epoch: 171, Loss: 3.4025, Cls: 1.1341, Ind: 0.0000, Med: 0.5672, Spu: 0.0000, FD: 1.1339, FDAug: 0.5673, Var: 0.0000, Ctx: 6, MixCtx: 3, Train: 77.42%, Valid: 73.35%, Test In: 74.81% Test OOD1: 67.53% Test OOD2: 53.85% Test OOD3: 64.26% 
Epoch: 172, Loss: 3.4189, Cls: 1.1398, Ind: 0.0000, Med: 0.5700, Spu: 0.0000, FD: 1.1397, FDAug: 0.5694, Var: 0.0000, Ctx: 6, MixCtx: 3, Train: 77.50%, Valid: 73.28%, Test In: 74.74% Test OOD1: 66.42% Test OOD2: 54.05% Test OOD3: 63.88% 
Epoch: 173, Loss: 3.4356, Cls: 1.1449, Ind: 0.0000, Med: 0.5724, Spu: 0.0000, FD: 1.1451, FDAug: 0.5732, Var: 0.0000, Ctx: 6, MixCtx: 3, Train: 77.51%, Valid: 73.41%, Test In: 74.86% Test OOD1: 67.38% Test OOD2: 53.83% Test OOD3: 64.20% 
Epoch: 174, Loss: 3.4447, Cls: 1.1484, Ind: 0.0000, Med: 0.5743, Spu: 0.0000, FD: 1.1484, FDAug: 0.5736, Var: 0.0000, Ctx: 6, MixCtx: 3, Train: 77.57%, Valid: 73.35%, Test In: 74.82% Test OOD1: 65.92% Test OOD2: 54.02% Test OOD3: 63.75% 
Epoch: 175, Loss: 3.4282, Cls: 1.1428, Ind: 0.0000, Med: 0.5716, Spu: 0.0000, FD: 1.1421, FDAug: 0.5717, Var: 0.0000, Ctx: 6, MixCtx: 3, Train: 77.58%, Valid: 73.34%, Test In: 74.84% Test OOD1: 67.21% Test OOD2: 53.88% Test OOD3: 64.14% 
Epoch: 176, Loss: 3.3951, Cls: 1.1316, Ind: 0.0000, Med: 0.5658, Spu: 0.0000, FD: 1.1319, FDAug: 0.5658, Var: 0.0000, Ctx: 6, MixCtx: 3, Train: 77.57%, Valid: 73.26%, Test In: 74.80% Test OOD1: 67.35% Test OOD2: 53.86% Test OOD3: 64.17% 
Epoch: 177, Loss: 3.3916, Cls: 1.1305, Ind: 0.0000, Med: 0.5653, Spu: 0.0000, FD: 1.1306, FDAug: 0.5652, Var: 0.0000, Ctx: 6, MixCtx: 3, Train: 77.65%, Valid: 73.24%, Test In: 74.76% Test OOD1: 66.67% Test OOD2: 53.97% Test OOD3: 63.94% 
Epoch: 178, Loss: 3.4140, Cls: 1.1379, Ind: 0.0000, Med: 0.5691, Spu: 0.0000, FD: 1.1375, FDAug: 0.5694, Var: 0.0000, Ctx: 6, MixCtx: 3, Train: 77.63%, Valid: 73.29%, Test In: 74.78% Test OOD1: 67.48% Test OOD2: 53.81% Test OOD3: 64.21% 
Epoch: 179, Loss: 3.4252, Cls: 1.1418, Ind: 0.0000, Med: 0.5709, Spu: 0.0000, FD: 1.1420, FDAug: 0.5704, Var: 0.0000, Ctx: 6, MixCtx: 3, Train: 77.73%, Valid: 73.28%, Test In: 74.76% Test OOD1: 65.94% Test OOD2: 54.00% Test OOD3: 63.69% 
Epoch: 180, Loss: 3.4102, Cls: 1.1367, Ind: 0.0000, Med: 0.5685, Spu: 0.0000, FD: 1.1363, FDAug: 0.5687, Var: 0.0000, Ctx: 6, MixCtx: 3, Train: 77.77%, Valid: 73.33%, Test In: 74.83% Test OOD1: 66.77% Test OOD2: 53.94% Test OOD3: 63.94% 
Epoch: 181, Loss: 3.3839, Cls: 1.1280, Ind: 0.0000, Med: 0.5640, Spu: 0.0000, FD: 1.1280, FDAug: 0.5639, Var: 0.0000, Ctx: 6, MixCtx: 3, Train: 77.78%, Valid: 73.24%, Test In: 74.74% Test OOD1: 67.20% Test OOD2: 53.91% Test OOD3: 64.06% 
Epoch: 182, Loss: 3.3832, Cls: 1.1278, Ind: 0.0000, Med: 0.5640, Spu: 0.0000, FD: 1.1277, FDAug: 0.5637, Var: 0.0000, Ctx: 6, MixCtx: 3, Train: 77.78%, Valid: 73.10%, Test In: 74.58% Test OOD1: 66.73% Test OOD2: 53.99% Test OOD3: 63.89% 
Epoch: 183, Loss: 3.4106, Cls: 1.1362, Ind: 0.0000, Med: 0.5679, Spu: 0.0000, FD: 1.1372, FDAug: 0.5692, Var: 0.0000, Ctx: 6, MixCtx: 3, Train: 77.77%, Valid: 73.29%, Test In: 74.76% Test OOD1: 67.37% Test OOD2: 53.84% Test OOD3: 64.14% 
Epoch: 184, Loss: 3.4405, Cls: 1.1471, Ind: 0.0000, Med: 0.5736, Spu: 0.0000, FD: 1.1469, FDAug: 0.5728, Var: 0.0000, Ctx: 6, MixCtx: 3, Train: 77.79%, Valid: 73.14%, Test In: 74.59% Test OOD1: 65.24% Test OOD2: 53.97% Test OOD3: 63.39% 
Epoch: 185, Loss: 3.4411, Cls: 1.1474, Ind: 0.0000, Med: 0.5741, Spu: 0.0000, FD: 1.1458, FDAug: 0.5737, Var: 0.0000, Ctx: 6, MixCtx: 3, Train: 77.89%, Valid: 73.31%, Test In: 74.80% Test OOD1: 66.84% Test OOD2: 53.90% Test OOD3: 63.96% 
Epoch: 186, Loss: 3.3857, Cls: 1.1282, Ind: 0.0000, Med: 0.5640, Spu: 0.0000, FD: 1.1291, FDAug: 0.5644, Var: 0.0000, Ctx: 6, MixCtx: 3, Train: 77.82%, Valid: 73.23%, Test In: 74.72% Test OOD1: 67.44% Test OOD2: 53.83% Test OOD3: 64.16% 
Epoch: 187, Loss: 3.3893, Cls: 1.1296, Ind: 0.0000, Med: 0.5647, Spu: 0.0000, FD: 1.1302, FDAug: 0.5648, Var: 0.0000, Ctx: 6, MixCtx: 3, Train: 77.87%, Valid: 73.13%, Test In: 74.62% Test OOD1: 66.57% Test OOD2: 53.94% Test OOD3: 63.84% 
Epoch: 188, Loss: 3.4384, Cls: 1.1461, Ind: 0.0000, Med: 0.5733, Spu: 0.0000, FD: 1.1454, FDAug: 0.5737, Var: 0.0000, Ctx: 6, MixCtx: 3, Train: 77.74%, Valid: 73.17%, Test In: 74.65% Test OOD1: 67.77% Test OOD2: 53.74% Test OOD3: 64.29% 
Epoch: 189, Loss: 3.4304, Cls: 1.1436, Ind: 0.0000, Med: 0.5718, Spu: 0.0000, FD: 1.1438, FDAug: 0.5712, Var: 0.0000, Ctx: 6, MixCtx: 3, Train: 78.01%, Valid: 73.25%, Test In: 74.71% Test OOD1: 66.15% Test OOD2: 53.94% Test OOD3: 63.73% 
Epoch: 190, Loss: 3.3828, Cls: 1.1277, Ind: 0.0000, Med: 0.5640, Spu: 0.0000, FD: 1.1272, FDAug: 0.5639, Var: 0.0000, Ctx: 6, MixCtx: 3, Train: 78.00%, Valid: 73.21%, Test In: 74.68% Test OOD1: 65.77% Test OOD2: 53.95% Test OOD3: 63.57% 
Epoch: 191, Loss: 3.3847, Cls: 1.1283, Ind: 0.0000, Med: 0.5643, Spu: 0.0000, FD: 1.1279, FDAug: 0.5643, Var: 0.0000, Ctx: 6, MixCtx: 3, Train: 77.98%, Valid: 73.22%, Test In: 74.73% Test OOD1: 67.23% Test OOD2: 53.85% Test OOD3: 64.07% 
Epoch: 192, Loss: 3.4056, Cls: 1.1356, Ind: 0.0000, Med: 0.5680, Spu: 0.0000, FD: 1.1350, FDAug: 0.5670, Var: 0.0000, Ctx: 6, MixCtx: 3, Train: 78.01%, Valid: 73.09%, Test In: 74.56% Test OOD1: 66.57% Test OOD2: 53.94% Test OOD3: 63.79% 
Epoch: 193, Loss: 3.3993, Cls: 1.1323, Ind: 0.0000, Med: 0.5660, Spu: 0.0000, FD: 1.1335, FDAug: 0.5674, Var: 0.0000, Ctx: 6, MixCtx: 3, Train: 78.04%, Valid: 73.17%, Test In: 74.66% Test OOD1: 67.17% Test OOD2: 53.89% Test OOD3: 63.99% 
Epoch: 194, Loss: 3.3695, Cls: 1.1233, Ind: 0.0000, Med: 0.5618, Spu: 0.0000, FD: 1.1230, FDAug: 0.5614, Var: 0.0000, Ctx: 6, MixCtx: 3, Train: 78.11%, Valid: 73.21%, Test In: 74.68% Test OOD1: 66.62% Test OOD2: 53.95% Test OOD3: 63.82% 
Epoch: 195, Loss: 3.3650, Cls: 1.1217, Ind: 0.0000, Med: 0.5609, Spu: 0.0000, FD: 1.1216, FDAug: 0.5608, Var: 0.0000, Ctx: 6, MixCtx: 3, Train: 78.12%, Valid: 73.11%, Test In: 74.54% Test OOD1: 65.83% Test OOD2: 53.96% Test OOD3: 63.51% 
Epoch: 196, Loss: 3.3811, Cls: 1.1270, Ind: 0.0000, Med: 0.5637, Spu: 0.0000, FD: 1.1266, FDAug: 0.5638, Var: 0.0000, Ctx: 6, MixCtx: 3, Train: 78.14%, Valid: 73.20%, Test In: 74.66% Test OOD1: 67.05% Test OOD2: 53.91% Test OOD3: 63.96% 
Epoch: 197, Loss: 3.3725, Cls: 1.1241, Ind: 0.0000, Med: 0.5620, Spu: 0.0000, FD: 1.1244, FDAug: 0.5619, Var: 0.0000, Ctx: 6, MixCtx: 3, Train: 78.18%, Valid: 73.15%, Test In: 74.57% Test OOD1: 66.95% Test OOD2: 53.92% Test OOD3: 63.90% 
Epoch: 198, Loss: 3.3594, Cls: 1.1197, Ind: 0.0000, Med: 0.5599, Spu: 0.0000, FD: 1.1197, FDAug: 0.5601, Var: 0.0000, Ctx: 6, MixCtx: 3, Train: 78.22%, Valid: 73.14%, Test In: 74.56% Test OOD1: 66.82% Test OOD2: 53.94% Test OOD3: 63.85% 
Epoch: 199, Loss: 3.3586, Cls: 1.1194, Ind: 0.0000, Med: 0.5598, Spu: 0.0000, FD: 1.1194, FDAug: 0.5600, Var: 0.0000, Ctx: 6, MixCtx: 3, Train: 78.22%, Valid: 73.20%, Test In: 74.63% Test OOD1: 66.90% Test OOD2: 53.93% Test OOD3: 63.89% 
Epoch: 200, Loss: 3.3667, Cls: 1.1221, Ind: 0.0000, Med: 0.5611, Spu: 0.0000, FD: 1.1225, FDAug: 0.5610, Var: 0.0000, Ctx: 6, MixCtx: 3, Train: 78.26%, Valid: 73.09%, Test In: 74.47% Test OOD1: 65.82% Test OOD2: 53.97% Test OOD3: 63.48% 
Epoch: 201, Loss: 3.3686, Cls: 1.1229, Ind: 0.0000, Med: 0.5617, Spu: 0.0000, FD: 1.1224, FDAug: 0.5616, Var: 0.0000, Ctx: 6, MixCtx: 3, Train: 78.29%, Valid: 73.18%, Test In: 74.62% Test OOD1: 66.63% Test OOD2: 53.95% Test OOD3: 63.77% 
Epoch: 202, Loss: 3.3557, Cls: 1.1186, Ind: 0.0000, Med: 0.5593, Spu: 0.0000, FD: 1.1186, FDAug: 0.5592, Var: 0.0000, Ctx: 6, MixCtx: 3, Train: 78.33%, Valid: 73.13%, Test In: 74.57% Test OOD1: 66.63% Test OOD2: 53.95% Test OOD3: 63.74% 
Epoch: 203, Loss: 3.3488, Cls: 1.1162, Ind: 0.0000, Med: 0.5582, Spu: 0.0000, FD: 1.1162, FDAug: 0.5582, Var: 0.0000, Ctx: 6, MixCtx: 3, Train: 78.36%, Valid: 73.11%, Test In: 74.53% Test OOD1: 66.42% Test OOD2: 53.96% Test OOD3: 63.65% 
Epoch: 204, Loss: 3.3498, Cls: 1.1165, Ind: 0.0000, Med: 0.5583, Spu: 0.0000, FD: 1.1165, FDAug: 0.5585, Var: 0.0000, Ctx: 6, MixCtx: 3, Train: 78.37%, Valid: 73.16%, Test In: 74.61% Test OOD1: 66.49% Test OOD2: 53.96% Test OOD3: 63.69% 
Epoch: 205, Loss: 3.3550, Cls: 1.1184, Ind: 0.0000, Med: 0.5592, Spu: 0.0000, FD: 1.1184, FDAug: 0.5590, Var: 0.0000, Ctx: 6, MixCtx: 3, Train: 78.41%, Valid: 73.02%, Test In: 74.42% Test OOD1: 65.68% Test OOD2: 53.95% Test OOD3: 63.36% 
Epoch: 206, Loss: 3.3579, Cls: 1.1193, Ind: 0.0000, Med: 0.5599, Spu: 0.0000, FD: 1.1188, FDAug: 0.5598, Var: 0.0000, Ctx: 6, MixCtx: 3, Train: 78.43%, Valid: 73.14%, Test In: 74.57% Test OOD1: 66.65% Test OOD2: 53.93% Test OOD3: 63.73% 
Epoch: 207, Loss: 3.3506, Cls: 1.1169, Ind: 0.0000, Med: 0.5585, Spu: 0.0000, FD: 1.1169, FDAug: 0.5583, Var: 0.0000, Ctx: 6, MixCtx: 3, Train: 78.47%, Valid: 73.06%, Test In: 74.45% Test OOD1: 66.42% Test OOD2: 53.92% Test OOD3: 63.61% 
Epoch: 208, Loss: 3.3436, Cls: 1.1145, Ind: 0.0000, Med: 0.5573, Spu: 0.0000, FD: 1.1143, FDAug: 0.5575, Var: 0.0000, Ctx: 6, MixCtx: 3, Train: 78.52%, Valid: 73.07%, Test In: 74.47% Test OOD1: 66.45% Test OOD2: 53.92% Test OOD3: 63.62% 
Epoch: 209, Loss: 3.3376, Cls: 1.1125, Ind: 0.0000, Med: 0.5563, Spu: 0.0000, FD: 1.1125, FDAug: 0.5563, Var: 0.0000, Ctx: 6, MixCtx: 3, Train: 78.55%, Valid: 73.03%, Test In: 74.43% Test OOD1: 66.19% Test OOD2: 53.94% Test OOD3: 63.51% 
Epoch: 210, Loss: 3.3367, Cls: 1.1122, Ind: 0.0000, Med: 0.5562, Spu: 0.0000, FD: 1.1122, FDAug: 0.5561, Var: 0.0000, Ctx: 6, MixCtx: 3, Train: 78.58%, Valid: 72.96%, Test In: 74.33% Test OOD1: 66.01% Test OOD2: 53.92% Test OOD3: 63.41% 
Epoch: 211, Loss: 3.3380, Cls: 1.1126, Ind: 0.0000, Med: 0.5564, Spu: 0.0000, FD: 1.1124, FDAug: 0.5565, Var: 0.0000, Ctx: 6, MixCtx: 3, Train: 78.59%, Valid: 73.05%, Test In: 74.43% Test OOD1: 66.61% Test OOD2: 53.91% Test OOD3: 63.65% 
Epoch: 212, Loss: 3.3427, Cls: 1.1143, Ind: 0.0000, Med: 0.5573, Spu: 0.0000, FD: 1.1142, FDAug: 0.5569, Var: 0.0000, Ctx: 6, MixCtx: 3, Train: 78.64%, Valid: 72.89%, Test In: 74.22% Test OOD1: 65.87% Test OOD2: 53.91% Test OOD3: 63.32% 
Epoch: 213, Loss: 3.3519, Cls: 1.1172, Ind: 0.0000, Med: 0.5588, Spu: 0.0000, FD: 1.1169, FDAug: 0.5590, Var: 0.0000, Ctx: 6, MixCtx: 3, Train: 78.61%, Valid: 73.05%, Test In: 74.45% Test OOD1: 66.52% Test OOD2: 53.92% Test OOD3: 63.65% 
Epoch: 214, Loss: 3.3707, Cls: 1.1236, Ind: 0.0000, Med: 0.5619, Spu: 0.0000, FD: 1.1237, FDAug: 0.5614, Var: 0.0000, Ctx: 6, MixCtx: 3, Train: 78.68%, Valid: 72.86%, Test In: 74.14% Test OOD1: 65.62% Test OOD2: 53.86% Test OOD3: 63.21% 
Epoch: 215, Loss: 3.3877, Cls: 1.1296, Ind: 0.0000, Med: 0.5652, Spu: 0.0000, FD: 1.1280, FDAug: 0.5649, Var: 0.0000, Ctx: 6, MixCtx: 3, Train: 78.60%, Valid: 73.10%, Test In: 74.46% Test OOD1: 67.05% Test OOD2: 53.85% Test OOD3: 63.87% 
Epoch: 216, Loss: 3.3828, Cls: 1.1276, Ind: 0.0000, Med: 0.5637, Spu: 0.0000, FD: 1.1281, FDAug: 0.5634, Var: 0.0000, Ctx: 6, MixCtx: 3, Train: 78.76%, Valid: 72.91%, Test In: 74.22% Test OOD1: 65.91% Test OOD2: 53.87% Test OOD3: 63.32% 
Epoch: 217, Loss: 3.3554, Cls: 1.1188, Ind: 0.0000, Med: 0.5597, Spu: 0.0000, FD: 1.1176, FDAug: 0.5593, Var: 0.0000, Ctx: 6, MixCtx: 3, Train: 78.80%, Valid: 72.99%, Test In: 74.36% Test OOD1: 66.37% Test OOD2: 53.87% Test OOD3: 63.51% 
Epoch: 218, Loss: 3.3255, Cls: 1.1085, Ind: 0.0000, Med: 0.5543, Spu: 0.0000, FD: 1.1086, FDAug: 0.5542, Var: 0.0000, Ctx: 6, MixCtx: 3, Train: 78.79%, Valid: 72.95%, Test In: 74.33% Test OOD1: 66.51% Test OOD2: 53.90% Test OOD3: 63.51% 
Epoch: 219, Loss: 3.3267, Cls: 1.1090, Ind: 0.0000, Med: 0.5546, Spu: 0.0000, FD: 1.1088, FDAug: 0.5543, Var: 0.0000, Ctx: 6, MixCtx: 3, Train: 78.75%, Valid: 72.71%, Test In: 74.04% Test OOD1: 65.68% Test OOD2: 53.89% Test OOD3: 63.07% 
Epoch: 220, Loss: 3.3531, Cls: 1.1172, Ind: 0.0000, Med: 0.5586, Spu: 0.0000, FD: 1.1178, FDAug: 0.5595, Var: 0.0000, Ctx: 6, MixCtx: 3, Train: 78.74%, Valid: 73.00%, Test In: 74.42% Test OOD1: 66.21% Test OOD2: 53.93% Test OOD3: 63.49% 
Epoch: 221, Loss: 3.3950, Cls: 1.1322, Ind: 0.0000, Med: 0.5664, Spu: 0.0000, FD: 1.1314, FDAug: 0.5650, Var: 0.0000, Ctx: 6, MixCtx: 3, Train: 78.90%, Valid: 72.85%, Test In: 74.13% Test OOD1: 65.64% Test OOD2: 53.83% Test OOD3: 63.13% 
Epoch: 222, Loss: 3.3931, Cls: 1.1313, Ind: 0.0000, Med: 0.5660, Spu: 0.0000, FD: 1.1300, FDAug: 0.5658, Var: 0.0000, Ctx: 6, MixCtx: 3, Train: 78.67%, Valid: 73.07%, Test In: 74.44% Test OOD1: 67.24% Test OOD2: 53.86% Test OOD3: 63.91% 
Epoch: 223, Loss: 3.3439, Cls: 1.1146, Ind: 0.0000, Med: 0.5573, Spu: 0.0000, FD: 1.1149, FDAug: 0.5571, Var: 0.0000, Ctx: 6, MixCtx: 3, Train: 78.82%, Valid: 73.05%, Test In: 74.40% Test OOD1: 66.95% Test OOD2: 53.85% Test OOD3: 63.72% 
Epoch: 224, Loss: 3.3210, Cls: 1.1069, Ind: 0.0000, Med: 0.5535, Spu: 0.0000, FD: 1.1070, FDAug: 0.5535, Var: 0.0000, Ctx: 6, MixCtx: 3, Train: 78.98%, Valid: 72.82%, Test In: 74.11% Test OOD1: 65.85% Test OOD2: 53.83% Test OOD3: 63.10% 
Epoch: 225, Loss: 3.3449, Cls: 1.1150, Ind: 0.0000, Med: 0.5577, Spu: 0.0000, FD: 1.1144, FDAug: 0.5577, Var: 0.0000, Ctx: 6, MixCtx: 3, Train: 78.90%, Valid: 72.97%, Test In: 74.37% Test OOD1: 66.27% Test OOD2: 53.92% Test OOD3: 63.38% 
Epoch: 226, Loss: 3.3674, Cls: 1.1227, Ind: 0.0000, Med: 0.5615, Spu: 0.0000, FD: 1.1224, FDAug: 0.5607, Var: 0.0000, Ctx: 6, MixCtx: 3, Train: 78.88%, Valid: 72.67%, Test In: 73.94% Test OOD1: 65.67% Test OOD2: 53.88% Test OOD3: 62.94% 
Epoch: 227, Loss: 3.3476, Cls: 1.1154, Ind: 0.0000, Med: 0.5577, Spu: 0.0000, FD: 1.1159, FDAug: 0.5586, Var: 0.0000, Ctx: 6, MixCtx: 3, Train: 79.06%, Valid: 72.98%, Test In: 74.33% Test OOD1: 66.46% Test OOD2: 53.92% Test OOD3: 63.46% 
Epoch: 228, Loss: 3.3168, Cls: 1.1057, Ind: 0.0000, Med: 0.5529, Spu: 0.0000, FD: 1.1056, FDAug: 0.5526, Var: 0.0000, Ctx: 6, MixCtx: 3, Train: 79.09%, Valid: 73.01%, Test In: 74.32% Test OOD1: 66.40% Test OOD2: 53.91% Test OOD3: 63.47% 
Epoch: 229, Loss: 3.3074, Cls: 1.1025, Ind: 0.0000, Med: 0.5514, Spu: 0.0000, FD: 1.1024, FDAug: 0.5512, Var: 0.0000, Ctx: 6, MixCtx: 3, Train: 79.13%, Valid: 72.93%, Test In: 74.23% Test OOD1: 66.34% Test OOD2: 53.90% Test OOD3: 63.37% 
Epoch: 230, Loss: 3.3174, Cls: 1.1056, Ind: 0.0000, Med: 0.5529, Spu: 0.0000, FD: 1.1057, FDAug: 0.5531, Var: 0.0000, Ctx: 6, MixCtx: 3, Train: 79.09%, Valid: 72.99%, Test In: 74.34% Test OOD1: 66.80% Test OOD2: 53.92% Test OOD3: 63.58% 
Epoch: 231, Loss: 3.3241, Cls: 1.1082, Ind: 0.0000, Med: 0.5543, Spu: 0.0000, FD: 1.1079, FDAug: 0.5536, Var: 0.0000, Ctx: 6, MixCtx: 3, Train: 79.14%, Valid: 72.70%, Test In: 73.95% Test OOD1: 65.40% Test OOD2: 53.94% Test OOD3: 62.86% 
Epoch: 232, Loss: 3.3217, Cls: 1.1072, Ind: 0.0000, Med: 0.5537, Spu: 0.0000, FD: 1.1069, FDAug: 0.5539, Var: 0.0000, Ctx: 6, MixCtx: 3, Train: 79.17%, Valid: 72.88%, Test In: 74.20% Test OOD1: 65.95% Test OOD2: 53.99% Test OOD3: 63.17% 
Epoch: 233, Loss: 3.3079, Cls: 1.1026, Ind: 0.0000, Med: 0.5513, Spu: 0.0000, FD: 1.1027, FDAug: 0.5512, Var: 0.0000, Ctx: 6, MixCtx: 3, Train: 79.21%, Valid: 72.82%, Test In: 74.12% Test OOD1: 66.43% Test OOD2: 53.94% Test OOD3: 63.29% 
Epoch: 234, Loss: 3.2983, Cls: 1.0992, Ind: 0.0000, Med: 0.5497, Spu: 0.0000, FD: 1.0995, FDAug: 0.5499, Var: 0.0000, Ctx: 6, MixCtx: 3, Train: 79.30%, Valid: 72.89%, Test In: 74.17% Test OOD1: 66.28% Test OOD2: 53.92% Test OOD3: 63.26% 
Epoch: 235, Loss: 3.2946, Cls: 1.0982, Ind: 0.0000, Med: 0.5492, Spu: 0.0000, FD: 1.0980, FDAug: 0.5492, Var: 0.0000, Ctx: 6, MixCtx: 3, Train: 79.28%, Valid: 72.98%, Test In: 74.26% Test OOD1: 66.23% Test OOD2: 53.95% Test OOD3: 63.34% 
Epoch: 236, Loss: 3.2998, Cls: 1.0998, Ind: 0.0000, Med: 0.5499, Spu: 0.0000, FD: 1.1001, FDAug: 0.5500, Var: 0.0000, Ctx: 6, MixCtx: 3, Train: 79.38%, Valid: 72.83%, Test In: 74.09% Test OOD1: 65.93% Test OOD2: 53.90% Test OOD3: 63.05% 
Epoch: 237, Loss: 3.2943, Cls: 1.0981, Ind: 0.0000, Med: 0.5492, Spu: 0.0000, FD: 1.0979, FDAug: 0.5492, Var: 0.0000, Ctx: 6, MixCtx: 3, Train: 79.37%, Valid: 72.86%, Test In: 74.14% Test OOD1: 66.27% Test OOD2: 53.94% Test OOD3: 63.18% 
Epoch: 238, Loss: 3.2913, Cls: 1.0971, Ind: 0.0000, Med: 0.5486, Spu: 0.0000, FD: 1.0971, FDAug: 0.5485, Var: 0.0000, Ctx: 6, MixCtx: 3, Train: 79.39%, Valid: 72.73%, Test In: 73.94% Test OOD1: 65.44% Test OOD2: 53.95% Test OOD3: 62.79% 
Epoch: 239, Loss: 3.2866, Cls: 1.0955, Ind: 0.0000, Med: 0.5478, Spu: 0.0000, FD: 1.0954, FDAug: 0.5478, Var: 0.0000, Ctx: 6, MixCtx: 3, Train: 79.47%, Valid: 72.82%, Test In: 74.04% Test OOD1: 65.77% Test OOD2: 53.93% Test OOD3: 62.95% 
Epoch: 240, Loss: 3.2813, Cls: 1.0937, Ind: 0.0000, Med: 0.5470, Spu: 0.0000, FD: 1.0937, FDAug: 0.5469, Var: 0.0000, Ctx: 6, MixCtx: 3, Train: 79.48%, Valid: 72.85%, Test In: 74.09% Test OOD1: 66.40% Test OOD2: 53.88% Test OOD3: 63.22% 
Epoch: 241, Loss: 3.2810, Cls: 1.0935, Ind: 0.0000, Med: 0.5468, Spu: 0.0000, FD: 1.0937, FDAug: 0.5469, Var: 0.0000, Ctx: 6, MixCtx: 3, Train: 79.57%, Valid: 72.83%, Test In: 74.04% Test OOD1: 66.00% Test OOD2: 53.87% Test OOD3: 63.04% 
Epoch: 242, Loss: 3.2779, Cls: 1.0926, Ind: 0.0000, Med: 0.5464, Spu: 0.0000, FD: 1.0925, FDAug: 0.5464, Var: 0.0000, Ctx: 6, MixCtx: 3, Train: 79.59%, Valid: 72.84%, Test In: 74.04% Test OOD1: 65.89% Test OOD2: 53.90% Test OOD3: 62.99% 
Epoch: 243, Loss: 3.2761, Cls: 1.0920, Ind: 0.0000, Med: 0.5461, Spu: 0.0000, FD: 1.0920, FDAug: 0.5460, Var: 0.0000, Ctx: 6, MixCtx: 3, Train: 79.57%, Valid: 72.65%, Test In: 73.83% Test OOD1: 65.91% Test OOD2: 53.87% Test OOD3: 62.88% 
Epoch: 244, Loss: 3.2771, Cls: 1.0921, Ind: 0.0000, Med: 0.5461, Spu: 0.0000, FD: 1.0924, FDAug: 0.5464, Var: 0.0000, Ctx: 6, MixCtx: 3, Train: 79.62%, Valid: 72.80%, Test In: 74.00% Test OOD1: 65.69% Test OOD2: 53.93% Test OOD3: 62.87% 
Epoch: 245, Loss: 3.2820, Cls: 1.0940, Ind: 0.0000, Med: 0.5471, Spu: 0.0000, FD: 1.0940, FDAug: 0.5469, Var: 0.0000, Ctx: 6, MixCtx: 3, Train: 79.70%, Valid: 72.62%, Test In: 73.72% Test OOD1: 65.50% Test OOD2: 53.82% Test OOD3: 62.64% 
Epoch: 246, Loss: 3.3001, Cls: 1.0999, Ind: 0.0000, Med: 0.5501, Spu: 0.0000, FD: 1.0997, FDAug: 0.5503, Var: 0.0000, Ctx: 6, MixCtx: 3, Train: 79.46%, Valid: 72.99%, Test In: 74.22% Test OOD1: 66.56% Test OOD2: 53.90% Test OOD3: 63.39% 
Epoch: 247, Loss: 3.3647, Cls: 1.1219, Ind: 0.0000, Med: 0.5611, Spu: 0.0000, FD: 1.1215, FDAug: 0.5602, Var: 0.0000, Ctx: 6, MixCtx: 3, Train: 79.61%, Valid: 72.52%, Test In: 73.43% Test OOD1: 64.77% Test OOD2: 53.72% Test OOD3: 62.23% 
Epoch: 248, Loss: 3.4532, Cls: 1.1522, Ind: 0.0000, Med: 0.5770, Spu: 0.0000, FD: 1.1486, FDAug: 0.5753, Var: 0.0000, Ctx: 6, MixCtx: 3, Train: 79.47%, Valid: 72.97%, Test In: 74.16% Test OOD1: 66.55% Test OOD2: 53.90% Test OOD3: 63.41% 
Epoch: 249, Loss: 3.4044, Cls: 1.1338, Ind: 0.0000, Med: 0.5665, Spu: 0.0000, FD: 1.1364, FDAug: 0.5676, Var: 0.0000, Ctx: 6, MixCtx: 3, Train: 79.68%, Valid: 72.67%, Test In: 73.78% Test OOD1: 66.42% Test OOD2: 53.84% Test OOD3: 63.04% 
Epoch: 250, Loss: 3.2763, Cls: 1.0920, Ind: 0.0000, Med: 0.5461, Spu: 0.0000, FD: 1.0920, FDAug: 0.5462, Var: 0.0000, Ctx: 6, MixCtx: 3, Train: 79.28%, Valid: 72.34%, Test In: 73.43% Test OOD1: 66.08% Test OOD2: 53.73% Test OOD3: 62.84% 
Epoch: 251, Loss: 3.3358, Cls: 1.1120, Ind: 0.0000, Med: 0.5563, Spu: 0.0000, FD: 1.1112, FDAug: 0.5563, Var: 0.0000, Ctx: 6, MixCtx: 3, Train: 79.43%, Valid: 72.91%, Test In: 74.15% Test OOD1: 66.56% Test OOD2: 53.94% Test OOD3: 63.42% 
Epoch: 252, Loss: 3.4467, Cls: 1.1487, Ind: 0.0000, Med: 0.5742, Spu: 0.0000, FD: 1.1497, FDAug: 0.5741, Var: 0.0000, Ctx: 6, MixCtx: 3, Train: 79.68%, Valid: 72.77%, Test In: 73.78% Test OOD1: 65.14% Test OOD2: 54.09% Test OOD3: 62.67% 
Epoch: 253, Loss: 3.3477, Cls: 1.1164, Ind: 0.0000, Med: 0.5586, Spu: 0.0000, FD: 1.1148, FDAug: 0.5577, Var: 0.0000, Ctx: 6, MixCtx: 3, Train: 79.80%, Valid: 72.76%, Test In: 73.98% Test OOD1: 66.45% Test OOD2: 53.84% Test OOD3: 63.07% 
Epoch: 254, Loss: 3.3158, Cls: 1.1045, Ind: 0.0000, Med: 0.5521, Spu: 0.0000, FD: 1.1058, FDAug: 0.5533, Var: 0.0000, Ctx: 6, MixCtx: 3, Train: 78.81%, Valid: 72.72%, Test In: 74.04% Test OOD1: 67.87% Test OOD2: 53.85% Test OOD3: 63.91% 
Epoch: 255, Loss: 3.5549, Cls: 1.1888, Ind: 0.0000, Med: 0.5963, Spu: 0.0000, FD: 1.1807, FDAug: 0.5891, Var: 0.0000, Ctx: 6, MixCtx: 3, Train: 79.31%, Valid: 71.96%, Test In: 72.93% Test OOD1: 63.38% Test OOD2: 53.69% Test OOD3: 61.34% 
Epoch: 256, Loss: 3.5491, Cls: 1.1835, Ind: 0.0000, Med: 0.5922, Spu: 0.0000, FD: 1.1817, FDAug: 0.5917, Var: 0.0000, Ctx: 6, MixCtx: 3, Train: 78.58%, Valid: 71.87%, Test In: 72.72% Test OOD1: 62.52% Test OOD2: 54.03% Test OOD3: 61.39% 
Epoch: 257, Loss: 3.4735, Cls: 1.1585, Ind: 0.0000, Med: 0.5798, Spu: 0.0000, FD: 1.1565, FDAug: 0.5786, Var: 0.0000, Ctx: 6, MixCtx: 3, Train: 79.79%, Valid: 72.87%, Test In: 74.03% Test OOD1: 66.69% Test OOD2: 54.01% Test OOD3: 63.35% 
Epoch: 258, Loss: 3.4551, Cls: 1.1503, Ind: 0.0000, Med: 0.5745, Spu: 0.0000, FD: 1.1536, FDAug: 0.5766, Var: 0.0000, Ctx: 6, MixCtx: 3, Train: 78.54%, Valid: 72.42%, Test In: 73.68% Test OOD1: 67.83% Test OOD2: 53.77% Test OOD3: 63.86% 
Epoch: 259, Loss: 3.3586, Cls: 1.1191, Ind: 0.0000, Med: 0.5594, Spu: 0.0000, FD: 1.1202, FDAug: 0.5599, Var: 0.0000, Ctx: 6, MixCtx: 3, Train: 77.17%, Valid: 71.49%, Test In: 72.77% Test OOD1: 66.75% Test OOD2: 53.39% Test OOD3: 63.17% 
Epoch: 260, Loss: 3.6211, Cls: 1.2064, Ind: 0.0000, Med: 0.6034, Spu: 0.0000, FD: 1.2061, FDAug: 0.6052, Var: 0.0000, Ctx: 6, MixCtx: 3, Train: 78.15%, Valid: 72.64%, Test In: 73.90% Test OOD1: 68.24% Test OOD2: 53.89% Test OOD3: 64.10% 
Epoch: 261, Loss: 3.4230, Cls: 1.1407, Ind: 0.0000, Med: 0.5702, Spu: 0.0000, FD: 1.1416, FDAug: 0.5705, Var: 0.0000, Ctx: 6, MixCtx: 3, Train: 78.67%, Valid: 73.06%, Test In: 74.38% Test OOD1: 68.14% Test OOD2: 54.01% Test OOD3: 64.12% 
Epoch: 262, Loss: 3.4221, Cls: 1.1399, Ind: 0.0000, Med: 0.5696, Spu: 0.0000, FD: 1.1418, FDAug: 0.5708, Var: 0.0000, Ctx: 6, MixCtx: 3, Train: 79.21%, Valid: 73.18%, Test In: 74.44% Test OOD1: 67.29% Test OOD2: 54.31% Test OOD3: 63.81% 
Epoch: 263, Loss: 3.4351, Cls: 1.1451, Ind: 0.0000, Med: 0.5727, Spu: 0.0000, FD: 1.1447, FDAug: 0.5725, Var: 0.0000, Ctx: 6, MixCtx: 3, Train: 79.54%, Valid: 73.11%, Test In: 74.37% Test OOD1: 66.65% Test OOD2: 54.37% Test OOD3: 63.50% 
Epoch: 264, Loss: 3.4651, Cls: 1.1552, Ind: 0.0000, Med: 0.5778, Spu: 0.0000, FD: 1.1546, FDAug: 0.5774, Var: 0.0000, Ctx: 6, MixCtx: 3, Train: 79.55%, Valid: 73.11%, Test In: 74.53% Test OOD1: 67.28% Test OOD2: 54.22% Test OOD3: 63.72% 
Epoch: 265, Loss: 3.3268, Cls: 1.1087, Ind: 0.0000, Med: 0.5543, Spu: 0.0000, FD: 1.1092, FDAug: 0.5545, Var: 0.0000, Ctx: 6, MixCtx: 3, Train: 79.14%, Valid: 72.94%, Test In: 74.36% Test OOD1: 67.89% Test OOD2: 54.00% Test OOD3: 64.01% 
Epoch: 266, Loss: 3.4017, Cls: 1.1356, Ind: 0.0000, Med: 0.5687, Spu: 0.0000, FD: 1.1320, FDAug: 0.5653, Var: 0.0000, Ctx: 6, MixCtx: 3, Train: 79.48%, Valid: 72.83%, Test In: 74.22% Test OOD1: 66.70% Test OOD2: 54.17% Test OOD3: 63.23% 
Epoch: 267, Loss: 3.3030, Cls: 1.1001, Ind: 0.0001, Med: 0.5497, Spu: 0.0000, FD: 1.1022, FDAug: 0.5509, Var: 0.0000, Ctx: 6, MixCtx: 3, Train: 79.14%, Valid: 72.56%, Test In: 73.93% Test OOD1: 65.13% Test OOD2: 54.17% Test OOD3: 62.43% 
Epoch: 268, Loss: 3.3847, Cls: 1.1263, Ind: 0.0001, Med: 0.5624, Spu: 0.0000, FD: 1.1305, FDAug: 0.5655, Var: 0.0000, Ctx: 6, MixCtx: 3, Train: 79.07%, Valid: 72.97%, Test In: 74.41% Test OOD1: 66.10% Test OOD2: 54.21% Test OOD3: 63.11% 
Epoch: 269, Loss: 3.3675, Cls: 1.1237, Ind: 0.0001, Med: 0.5625, Spu: 0.0000, FD: 1.1211, FDAug: 0.5601, Var: 0.0000, Ctx: 6, MixCtx: 3, Train: 79.06%, Valid: 72.95%, Test In: 74.37% Test OOD1: 65.29% Test OOD2: 54.24% Test OOD3: 62.73% 
Epoch: 270, Loss: 3.3280, Cls: 1.1097, Ind: 0.0000, Med: 0.5550, Spu: 0.0000, FD: 1.1090, FDAug: 0.5543, Var: 0.0000, Ctx: 6, MixCtx: 3, Train: 79.21%, Valid: 72.74%, Test In: 74.09% Test OOD1: 64.22% Test OOD2: 54.26% Test OOD3: 62.11% 
Epoch: 271, Loss: 3.3678, Cls: 1.1227, Ind: 0.0000, Med: 0.5616, Spu: 0.0000, FD: 1.1221, FDAug: 0.5614, Var: 0.0000, Ctx: 6, MixCtx: 3, Train: 79.54%, Valid: 73.10%, Test In: 74.52% Test OOD1: 66.34% Test OOD2: 54.10% Test OOD3: 63.13% 
Epoch: 272, Loss: 3.2888, Cls: 1.0962, Ind: 0.0000, Med: 0.5481, Spu: 0.0000, FD: 1.0964, FDAug: 0.5482, Var: 0.0000, Ctx: 6, MixCtx: 3, Train: 79.20%, Valid: 73.08%, Test In: 74.49% Test OOD1: 67.67% Test OOD2: 53.91% Test OOD3: 63.79% 
Epoch: 273, Loss: 3.3551, Cls: 1.1172, Ind: 0.0000, Med: 0.5580, Spu: 0.0000, FD: 1.1202, FDAug: 0.5597, Var: 0.0000, Ctx: 6, MixCtx: 3, Train: 79.57%, Valid: 73.14%, Test In: 74.53% Test OOD1: 66.87% Test OOD2: 54.06% Test OOD3: 63.37% 
Epoch: 274, Loss: 3.2940, Cls: 1.0983, Ind: 0.0001, Med: 0.5495, Spu: 0.0000, FD: 1.0974, FDAug: 0.5488, Var: 0.0000, Ctx: 6, MixCtx: 3, Train: 79.72%, Valid: 73.10%, Test In: 74.42% Test OOD1: 66.27% Test OOD2: 54.19% Test OOD3: 63.10% 
Epoch: 275, Loss: 3.3279, Cls: 1.1106, Ind: 0.0001, Med: 0.5561, Spu: 0.0000, FD: 1.1072, FDAug: 0.5539, Var: 0.0000, Ctx: 6, MixCtx: 3, Train: 79.60%, Valid: 73.17%, Test In: 74.47% Test OOD1: 67.01% Test OOD2: 54.12% Test OOD3: 63.46% 
Epoch: 276, Loss: 3.2894, Cls: 1.0958, Ind: 0.0000, Med: 0.5477, Spu: 0.0000, FD: 1.0972, FDAug: 0.5486, Var: 0.0000, Ctx: 6, MixCtx: 3, Train: 79.65%, Valid: 73.13%, Test In: 74.42% Test OOD1: 67.20% Test OOD2: 54.14% Test OOD3: 63.53% 
Epoch: 277, Loss: 3.3061, Cls: 1.1012, Ind: 0.0000, Med: 0.5502, Spu: 0.0000, FD: 1.1033, FDAug: 0.5514, Var: 0.0000, Ctx: 6, MixCtx: 3, Train: 79.89%, Valid: 72.97%, Test In: 74.16% Test OOD1: 66.40% Test OOD2: 54.30% Test OOD3: 63.14% 
Epoch: 278, Loss: 3.2773, Cls: 1.0925, Ind: 0.0000, Med: 0.5463, Spu: 0.0000, FD: 1.0923, FDAug: 0.5462, Var: 0.0000, Ctx: 6, MixCtx: 3, Train: 79.83%, Valid: 72.83%, Test In: 73.96% Test OOD1: 66.22% Test OOD2: 54.30% Test OOD3: 63.02% 
Epoch: 279, Loss: 3.2875, Cls: 1.0956, Ind: 0.0000, Med: 0.5478, Spu: 0.0000, FD: 1.0960, FDAug: 0.5481, Var: 0.0000, Ctx: 6, MixCtx: 3, Train: 79.83%, Valid: 72.96%, Test In: 74.11% Test OOD1: 66.90% Test OOD2: 54.22% Test OOD3: 63.34% 
Epoch: 280, Loss: 3.2822, Cls: 1.0943, Ind: 0.0000, Med: 0.5474, Spu: 0.0000, FD: 1.0938, FDAug: 0.5467, Var: 0.0000, Ctx: 6, MixCtx: 3, Train: 79.91%, Valid: 72.91%, Test In: 74.01% Test OOD1: 66.61% Test OOD2: 54.22% Test OOD3: 63.19% 
Epoch: 281, Loss: 3.2672, Cls: 1.0893, Ind: 0.0000, Med: 0.5448, Spu: 0.0000, FD: 1.0888, FDAug: 0.5442, Var: 0.0000, Ctx: 6, MixCtx: 3, Train: 79.93%, Valid: 72.70%, Test In: 73.68% Test OOD1: 65.72% Test OOD2: 54.19% Test OOD3: 62.69% 
Epoch: 282, Loss: 3.2808, Cls: 1.0929, Ind: 0.0000, Med: 0.5462, Spu: 0.0000, FD: 1.0943, FDAug: 0.5473, Var: 0.0000, Ctx: 6, MixCtx: 3, Train: 80.12%, Valid: 72.91%, Test In: 73.89% Test OOD1: 66.12% Test OOD2: 54.14% Test OOD3: 62.84% 
Epoch: 283, Loss: 3.2485, Cls: 1.0827, Ind: 0.0000, Med: 0.5414, Spu: 0.0000, FD: 1.0829, FDAug: 0.5415, Var: 0.0000, Ctx: 6, MixCtx: 3, Train: 80.07%, Valid: 73.05%, Test In: 74.08% Test OOD1: 66.66% Test OOD2: 54.02% Test OOD3: 63.07% 
Epoch: 284, Loss: 3.2680, Cls: 1.0896, Ind: 0.0000, Med: 0.5450, Spu: 0.0000, FD: 1.0891, FDAug: 0.5444, Var: 0.0000, Ctx: 6, MixCtx: 3, Train: 80.21%, Valid: 72.96%, Test In: 73.98% Test OOD1: 66.07% Test OOD2: 54.01% Test OOD3: 62.71% 
Epoch: 285, Loss: 3.2439, Cls: 1.0811, Ind: 0.0000, Med: 0.5405, Spu: 0.0000, FD: 1.0814, FDAug: 0.5408, Var: 0.0000, Ctx: 6, MixCtx: 3, Train: 80.23%, Valid: 72.87%, Test In: 73.90% Test OOD1: 65.74% Test OOD2: 53.94% Test OOD3: 62.50% 
Epoch: 286, Loss: 3.2531, Cls: 1.0842, Ind: 0.0000, Med: 0.5421, Spu: 0.0000, FD: 1.0845, FDAug: 0.5424, Var: 0.0000, Ctx: 6, MixCtx: 3, Train: 80.20%, Valid: 72.99%, Test In: 74.09% Test OOD1: 66.23% Test OOD2: 53.89% Test OOD3: 62.73% 
Epoch: 287, Loss: 3.2491, Cls: 1.0828, Ind: 0.0000, Med: 0.5413, Spu: 0.0000, FD: 1.0834, FDAug: 0.5416, Var: 0.0000, Ctx: 6, MixCtx: 3, Train: 80.27%, Valid: 72.83%, Test In: 73.92% Test OOD1: 65.45% Test OOD2: 53.89% Test OOD3: 62.25% 
Epoch: 288, Loss: 3.2348, Cls: 1.0780, Ind: 0.0000, Med: 0.5389, Spu: 0.0000, FD: 1.0786, FDAug: 0.5393, Var: 0.0000, Ctx: 6, MixCtx: 3, Train: 80.20%, Valid: 72.58%, Test In: 73.58% Test OOD1: 64.44% Test OOD2: 53.81% Test OOD3: 61.68% 
Epoch: 289, Loss: 3.2505, Cls: 1.0836, Ind: 0.0000, Med: 0.5420, Spu: 0.0000, FD: 1.0831, FDAug: 0.5418, Var: 0.0000, Ctx: 6, MixCtx: 3, Train: 80.31%, Valid: 72.77%, Test In: 73.88% Test OOD1: 65.32% Test OOD2: 53.83% Test OOD3: 62.17% 
Epoch: 290, Loss: 3.2348, Cls: 1.0779, Ind: 0.0000, Med: 0.5388, Spu: 0.0000, FD: 1.0788, FDAug: 0.5393, Var: 0.0000, Ctx: 6, MixCtx: 3, Train: 80.37%, Valid: 72.78%, Test In: 73.92% Test OOD1: 65.61% Test OOD2: 53.78% Test OOD3: 62.37% 
Epoch: 291, Loss: 3.2295, Cls: 1.0761, Ind: 0.0000, Med: 0.5380, Spu: 0.0000, FD: 1.0769, FDAug: 0.5384, Var: 0.0000, Ctx: 6, MixCtx: 3, Train: 80.41%, Valid: 72.63%, Test In: 73.71% Test OOD1: 65.15% Test OOD2: 53.76% Test OOD3: 62.13% 
Epoch: 292, Loss: 3.2366, Cls: 1.0789, Ind: 0.0000, Med: 0.5396, Spu: 0.0000, FD: 1.0786, FDAug: 0.5395, Var: 0.0000, Ctx: 6, MixCtx: 3, Train: 80.46%, Valid: 72.71%, Test In: 73.81% Test OOD1: 65.55% Test OOD2: 53.82% Test OOD3: 62.37% 
Epoch: 293, Loss: 3.2224, Cls: 1.0739, Ind: 0.0000, Med: 0.5369, Spu: 0.0000, FD: 1.0745, FDAug: 0.5372, Var: 0.0000, Ctx: 6, MixCtx: 3, Train: 80.51%, Valid: 72.64%, Test In: 73.70% Test OOD1: 65.51% Test OOD2: 53.82% Test OOD3: 62.35% 
Epoch: 294, Loss: 3.2201, Cls: 1.0732, Ind: 0.0000, Med: 0.5365, Spu: 0.0000, FD: 1.0737, FDAug: 0.5368, Var: 0.0000, Ctx: 6, MixCtx: 3, Train: 80.49%, Valid: 72.46%, Test In: 73.40% Test OOD1: 65.21% Test OOD2: 53.77% Test OOD3: 62.16% 
Epoch: 295, Loss: 3.2245, Cls: 1.0746, Ind: 0.0000, Med: 0.5373, Spu: 0.0000, FD: 1.0749, FDAug: 0.5376, Var: 0.0000, Ctx: 6, MixCtx: 3, Train: 80.56%, Valid: 72.55%, Test In: 73.52% Test OOD1: 65.59% Test OOD2: 53.83% Test OOD3: 62.41% 
Epoch: 296, Loss: 3.2142, Cls: 1.0713, Ind: 0.0000, Med: 0.5357, Spu: 0.0000, FD: 1.0716, FDAug: 0.5357, Var: 0.0000, Ctx: 6, MixCtx: 3, Train: 80.61%, Valid: 72.54%, Test In: 73.51% Test OOD1: 65.54% Test OOD2: 53.85% Test OOD3: 62.39% 
Epoch: 297, Loss: 3.2124, Cls: 1.0707, Ind: 0.0000, Med: 0.5354, Spu: 0.0000, FD: 1.0709, FDAug: 0.5354, Var: 0.0000, Ctx: 6, MixCtx: 3, Train: 80.62%, Valid: 72.42%, Test In: 73.36% Test OOD1: 65.11% Test OOD2: 53.81% Test OOD3: 62.14% 
Epoch: 298, Loss: 3.2152, Cls: 1.0714, Ind: 0.0000, Med: 0.5357, Spu: 0.0000, FD: 1.0719, FDAug: 0.5362, Var: 0.0000, Ctx: 6, MixCtx: 3, Train: 80.69%, Valid: 72.57%, Test In: 73.57% Test OOD1: 65.41% Test OOD2: 53.85% Test OOD3: 62.33% 
Epoch: 299, Loss: 3.2060, Cls: 1.0686, Ind: 0.0000, Med: 0.5344, Spu: 0.0000, FD: 1.0687, FDAug: 0.5343, Var: 0.0000, Ctx: 6, MixCtx: 3, Train: 80.74%, Valid: 72.58%, Test In: 73.61% Test OOD1: 65.46% Test OOD2: 53.81% Test OOD3: 62.33% 
Epoch: 300, Loss: 3.2007, Cls: 1.0668, Ind: 0.0000, Med: 0.5334, Spu: 0.0000, FD: 1.0670, FDAug: 0.5335, Var: 0.0000, Ctx: 6, MixCtx: 3, Train: 80.78%, Valid: 72.48%, Test In: 73.45% Test OOD1: 65.09% Test OOD2: 53.76% Test OOD3: 62.08% 
Epoch: 301, Loss: 3.2038, Cls: 1.0677, Ind: 0.0000, Med: 0.5339, Spu: 0.0000, FD: 1.0680, FDAug: 0.5342, Var: 0.0000, Ctx: 6, MixCtx: 3, Train: 80.79%, Valid: 72.57%, Test In: 73.58% Test OOD1: 65.18% Test OOD2: 53.79% Test OOD3: 62.11% 
Epoch: 302, Loss: 3.2020, Cls: 1.0672, Ind: 0.0000, Med: 0.5336, Spu: 0.0000, FD: 1.0676, FDAug: 0.5337, Var: 0.0000, Ctx: 6, MixCtx: 3, Train: 80.86%, Valid: 72.48%, Test In: 73.46% Test OOD1: 64.91% Test OOD2: 53.75% Test OOD3: 61.94% 
Epoch: 303, Loss: 3.1932, Cls: 1.0643, Ind: 0.0000, Med: 0.5322, Spu: 0.0000, FD: 1.0644, FDAug: 0.5323, Var: 0.0000, Ctx: 6, MixCtx: 3, Train: 80.91%, Valid: 72.54%, Test In: 73.52% Test OOD1: 65.12% Test OOD2: 53.73% Test OOD3: 62.08% 
Epoch: 304, Loss: 3.1897, Cls: 1.0631, Ind: 0.0000, Med: 0.5316, Spu: 0.0000, FD: 1.0633, FDAug: 0.5317, Var: 0.0000, Ctx: 6, MixCtx: 3, Train: 80.91%, Valid: 72.62%, Test In: 73.62% Test OOD1: 65.37% Test OOD2: 53.75% Test OOD3: 62.24% 
Epoch: 305, Loss: 3.1918, Cls: 1.0637, Ind: 0.0000, Med: 0.5318, Spu: 0.0000, FD: 1.0643, FDAug: 0.5320, Var: 0.0000, Ctx: 6, MixCtx: 3, Train: 81.01%, Valid: 72.49%, Test In: 73.41% Test OOD1: 64.94% Test OOD2: 53.73% Test OOD3: 61.98% 
Epoch: 306, Loss: 3.1881, Cls: 1.0626, Ind: 0.0000, Med: 0.5314, Spu: 0.0000, FD: 1.0626, FDAug: 0.5315, Var: 0.0000, Ctx: 6, MixCtx: 3, Train: 81.04%, Valid: 72.56%, Test In: 73.45% Test OOD1: 65.10% Test OOD2: 53.77% Test OOD3: 62.07% 
Epoch: 307, Loss: 3.1802, Cls: 1.0599, Ind: 0.0000, Med: 0.5299, Spu: 0.0000, FD: 1.0603, FDAug: 0.5301, Var: 0.0000, Ctx: 6, MixCtx: 3, Train: 81.07%, Valid: 72.56%, Test In: 73.42% Test OOD1: 65.18% Test OOD2: 53.77% Test OOD3: 62.10% 
Epoch: 308, Loss: 3.1772, Cls: 1.0589, Ind: 0.0000, Med: 0.5294, Spu: 0.0000, FD: 1.0592, FDAug: 0.5296, Var: 0.0000, Ctx: 6, MixCtx: 3, Train: 81.13%, Valid: 72.50%, Test In: 73.31% Test OOD1: 64.92% Test OOD2: 53.78% Test OOD3: 61.93% 
Epoch: 309, Loss: 3.1758, Cls: 1.0584, Ind: 0.0000, Med: 0.5292, Spu: 0.0000, FD: 1.0587, FDAug: 0.5295, Var: 0.0000, Ctx: 6, MixCtx: 3, Train: 81.14%, Valid: 72.58%, Test In: 73.46% Test OOD1: 65.06% Test OOD2: 53.80% Test OOD3: 62.07% 
Epoch: 310, Loss: 3.1752, Cls: 1.0583, Ind: 0.0000, Med: 0.5292, Spu: 0.0000, FD: 1.0585, FDAug: 0.5291, Var: 0.0000, Ctx: 6, MixCtx: 3, Train: 81.22%, Valid: 72.51%, Test In: 73.37% Test OOD1: 65.01% Test OOD2: 53.75% Test OOD3: 61.97% 
Epoch: 311, Loss: 3.1701, Cls: 1.0564, Ind: 0.0000, Med: 0.5282, Spu: 0.0000, FD: 1.0569, FDAug: 0.5286, Var: 0.0000, Ctx: 6, MixCtx: 3, Train: 81.27%, Valid: 72.52%, Test In: 73.40% Test OOD1: 64.95% Test OOD2: 53.75% Test OOD3: 61.95% 
Epoch: 312, Loss: 3.1643, Cls: 1.0546, Ind: 0.0000, Med: 0.5273, Spu: 0.0000, FD: 1.0549, FDAug: 0.5274, Var: 0.0000, Ctx: 6, MixCtx: 3, Train: 81.32%, Valid: 72.44%, Test In: 73.27% Test OOD1: 64.64% Test OOD2: 53.71% Test OOD3: 61.71% 
Epoch: 313, Loss: 3.1603, Cls: 1.0532, Ind: 0.0000, Med: 0.5266, Spu: 0.0000, FD: 1.0536, FDAug: 0.5268, Var: 0.0000, Ctx: 6, MixCtx: 3, Train: 81.37%, Valid: 72.47%, Test In: 73.33% Test OOD1: 64.81% Test OOD2: 53.68% Test OOD3: 61.83% 
Epoch: 314, Loss: 3.1563, Cls: 1.0519, Ind: 0.0000, Med: 0.5259, Spu: 0.0000, FD: 1.0523, FDAug: 0.5262, Var: 0.0000, Ctx: 6, MixCtx: 3, Train: 81.41%, Valid: 72.47%, Test In: 73.37% Test OOD1: 64.80% Test OOD2: 53.66% Test OOD3: 61.87% 
Epoch: 315, Loss: 3.1534, Cls: 1.0510, Ind: 0.0000, Med: 0.5255, Spu: 0.0000, FD: 1.0513, FDAug: 0.5257, Var: 0.0000, Ctx: 6, MixCtx: 3, Train: 81.47%, Valid: 72.42%, Test In: 73.26% Test OOD1: 64.63% Test OOD2: 53.63% Test OOD3: 61.74% 
Epoch: 316, Loss: 3.1511, Cls: 1.0501, Ind: 0.0000, Med: 0.5251, Spu: 0.0000, FD: 1.0505, FDAug: 0.5254, Var: 0.0000, Ctx: 6, MixCtx: 3, Train: 81.50%, Valid: 72.46%, Test In: 73.30% Test OOD1: 64.69% Test OOD2: 53.65% Test OOD3: 61.82% 
Epoch: 317, Loss: 3.1498, Cls: 1.0498, Ind: 0.0000, Med: 0.5249, Spu: 0.0000, FD: 1.0502, FDAug: 0.5250, Var: 0.0000, Ctx: 6, MixCtx: 3, Train: 81.55%, Valid: 72.32%, Test In: 73.05% Test OOD1: 64.29% Test OOD2: 53.58% Test OOD3: 61.50% 
Epoch: 318, Loss: 3.1513, Cls: 1.0502, Ind: 0.0000, Med: 0.5251, Spu: 0.0000, FD: 1.0505, FDAug: 0.5254, Var: 0.0000, Ctx: 6, MixCtx: 3, Train: 81.52%, Valid: 72.48%, Test In: 73.34% Test OOD1: 64.74% Test OOD2: 53.66% Test OOD3: 61.92% 
Epoch: 319, Loss: 3.1639, Cls: 1.0545, Ind: 0.0000, Med: 0.5273, Spu: 0.0000, FD: 1.0549, FDAug: 0.5271, Var: 0.0000, Ctx: 6, MixCtx: 3, Train: 81.48%, Valid: 72.18%, Test In: 72.85% Test OOD1: 64.14% Test OOD2: 53.42% Test OOD3: 61.32% 
Epoch: 320, Loss: 3.2118, Cls: 1.0706, Ind: 0.0000, Med: 0.5355, Spu: 0.0000, FD: 1.0701, FDAug: 0.5356, Var: 0.0000, Ctx: 6, MixCtx: 3, Train: 80.96%, Valid: 72.52%, Test In: 73.47% Test OOD1: 65.05% Test OOD2: 53.70% Test OOD3: 62.20% 
Epoch: 321, Loss: 3.3623, Cls: 1.1211, Ind: 0.0000, Med: 0.5606, Spu: 0.0000, FD: 1.1210, FDAug: 0.5595, Var: 0.0000, Ctx: 6, MixCtx: 3, Train: 81.15%, Valid: 71.58%, Test In: 72.35% Test OOD1: 63.00% Test OOD2: 53.20% Test OOD3: 60.53% 
Epoch: 322, Loss: 3.4540, Cls: 1.1532, Ind: 0.0000, Med: 0.5778, Spu: 0.0000, FD: 1.1480, FDAug: 0.5750, Var: 0.0000, Ctx: 6, MixCtx: 3, Train: 81.48%, Valid: 72.58%, Test In: 73.53% Test OOD1: 65.46% Test OOD2: 53.67% Test OOD3: 62.30% 
Epoch: 323, Loss: 3.2009, Cls: 1.0662, Ind: 0.0000, Med: 0.5327, Spu: 0.0000, FD: 1.0681, FDAug: 0.5339, Var: 0.0000, Ctx: 6, MixCtx: 3, Train: 80.72%, Valid: 72.51%, Test In: 73.48% Test OOD1: 66.21% Test OOD2: 53.56% Test OOD3: 62.62% 
Epoch: 324, Loss: 3.2650, Cls: 1.0877, Ind: 0.0000, Med: 0.5436, Spu: 0.0000, FD: 1.0895, FDAug: 0.5442, Var: 0.0000, Ctx: 6, MixCtx: 3, Train: 79.32%, Valid: 71.17%, Test In: 71.76% Test OOD1: 63.54% Test OOD2: 52.89% Test OOD3: 60.54% 
Epoch: 325, Loss: 3.4149, Cls: 1.1397, Ind: 0.0000, Med: 0.5708, Spu: 0.0000, FD: 1.1357, FDAug: 0.5686, Var: 0.0000, Ctx: 6, MixCtx: 3, Train: 80.46%, Valid: 71.89%, Test In: 72.65% Test OOD1: 63.00% Test OOD2: 54.02% Test OOD3: 61.09% 
Epoch: 326, Loss: 3.3742, Cls: 1.1235, Ind: 0.0000, Med: 0.5612, Spu: 0.0000, FD: 1.1265, FDAug: 0.5629, Var: 0.0000, Ctx: 6, MixCtx: 3, Train: 80.54%, Valid: 72.45%, Test In: 73.56% Test OOD1: 65.33% Test OOD2: 54.13% Test OOD3: 62.55% 
Epoch: 327, Loss: 3.3263, Cls: 1.1083, Ind: 0.0000, Med: 0.5539, Spu: 0.0000, FD: 1.1096, FDAug: 0.5544, Var: 0.0000, Ctx: 6, MixCtx: 3, Train: 80.42%, Valid: 72.52%, Test In: 73.96% Test OOD1: 66.16% Test OOD2: 54.01% Test OOD3: 62.85% 
Epoch: 328, Loss: 3.2684, Cls: 1.0891, Ind: 0.0000, Med: 0.5445, Spu: 0.0000, FD: 1.0896, FDAug: 0.5452, Var: 0.0000, Ctx: 6, MixCtx: 3, Train: 79.79%, Valid: 72.47%, Test In: 73.98% Test OOD1: 66.81% Test OOD2: 53.84% Test OOD3: 63.15% 
Epoch: 329, Loss: 3.3025, Cls: 1.1000, Ind: 0.0000, Med: 0.5497, Spu: 0.0000, FD: 1.1018, FDAug: 0.5510, Var: 0.0000, Ctx: 6, MixCtx: 3, Train: 79.85%, Valid: 72.58%, Test In: 73.93% Test OOD1: 67.26% Test OOD2: 53.82% Test OOD3: 63.30% 
Epoch: 330, Loss: 3.3298, Cls: 1.1105, Ind: 0.0000, Med: 0.5555, Spu: 0.0000, FD: 1.1095, FDAug: 0.5542, Var: 0.0000, Ctx: 6, MixCtx: 3, Train: 81.41%, Valid: 72.36%, Test In: 73.40% Test OOD1: 64.39% Test OOD2: 53.99% Test OOD3: 61.06% 
Epoch: 331, Loss: 3.3005, Cls: 1.0996, Ind: 0.0000, Med: 0.5497, Spu: 0.0000, FD: 1.1004, FDAug: 0.5508, Var: 0.0000, Ctx: 6, MixCtx: 3, Train: 80.37%, Valid: 72.32%, Test In: 73.04% Test OOD1: 63.22% Test OOD2: 54.10% Test OOD3: 60.67% 
Epoch: 332, Loss: 3.2943, Cls: 1.0973, Ind: 0.0000, Med: 0.5484, Spu: 0.0000, FD: 1.0989, FDAug: 0.5496, Var: 0.0000, Ctx: 6, MixCtx: 3, Train: 80.89%, Valid: 72.76%, Test In: 73.74% Test OOD1: 65.73% Test OOD2: 53.96% Test OOD3: 62.07% 
Epoch: 333, Loss: 3.3245, Cls: 1.1081, Ind: 0.0000, Med: 0.5540, Spu: 0.0000, FD: 1.1085, FDAug: 0.5538, Var: 0.0000, Ctx: 6, MixCtx: 3, Train: 80.74%, Valid: 72.46%, Test In: 73.49% Test OOD1: 65.99% Test OOD2: 53.70% Test OOD3: 62.21% 
Epoch: 334, Loss: 3.2048, Cls: 1.0679, Ind: 0.0000, Med: 0.5338, Spu: 0.0000, FD: 1.0686, FDAug: 0.5344, Var: 0.0000, Ctx: 6, MixCtx: 3, Train: 80.18%, Valid: 72.27%, Test In: 73.36% Test OOD1: 65.95% Test OOD2: 53.59% Test OOD3: 62.32% 
Epoch: 335, Loss: 3.2920, Cls: 1.0970, Ind: 0.0000, Med: 0.5485, Spu: 0.0000, FD: 1.0974, FDAug: 0.5491, Var: 0.0000, Ctx: 6, MixCtx: 3, Train: 80.47%, Valid: 72.92%, Test In: 74.20% Test OOD1: 67.46% Test OOD2: 53.93% Test OOD3: 63.17% 
Epoch: 336, Loss: 3.2434, Cls: 1.0810, Ind: 0.0000, Med: 0.5404, Spu: 0.0000, FD: 1.0815, FDAug: 0.5404, Var: 0.0000, Ctx: 6, MixCtx: 3, Train: 80.49%, Valid: 73.02%, Test In: 74.25% Test OOD1: 66.50% Test OOD2: 54.28% Test OOD3: 62.86% 
Epoch: 337, Loss: 3.2335, Cls: 1.0772, Ind: 0.0001, Med: 0.5384, Spu: 0.0000, FD: 1.0786, FDAug: 0.5392, Var: 0.0000, Ctx: 6, MixCtx: 3, Train: 80.83%, Valid: 72.81%, Test In: 73.88% Test OOD1: 64.94% Test OOD2: 54.37% Test OOD3: 62.18% 
Epoch: 338, Loss: 3.2677, Cls: 1.0889, Ind: 0.0001, Med: 0.5444, Spu: 0.0000, FD: 1.0893, FDAug: 0.5450, Var: 0.0000, Ctx: 6, MixCtx: 3, Train: 81.33%, Valid: 73.03%, Test In: 74.16% Test OOD1: 65.68% Test OOD2: 54.14% Test OOD3: 62.39% 
Epoch: 339, Loss: 3.1676, Cls: 1.0554, Ind: 0.0000, Med: 0.5275, Spu: 0.0000, FD: 1.0565, FDAug: 0.5282, Var: 0.0000, Ctx: 6, MixCtx: 3, Train: 81.33%, Valid: 72.96%, Test In: 74.03% Test OOD1: 66.12% Test OOD2: 53.86% Test OOD3: 62.34% 
Epoch: 340, Loss: 3.1867, Cls: 1.0620, Ind: 0.0000, Med: 0.5309, Spu: 0.0000, FD: 1.0628, FDAug: 0.5310, Var: 0.0000, Ctx: 6, MixCtx: 3, Train: 80.79%, Valid: 72.40%, Test In: 73.24% Test OOD1: 64.02% Test OOD2: 53.67% Test OOD3: 60.94% 
Epoch: 341, Loss: 3.2473, Cls: 1.0830, Ind: 0.0000, Med: 0.5419, Spu: 0.0000, FD: 1.0814, FDAug: 0.5410, Var: 0.0000, Ctx: 6, MixCtx: 3, Train: 81.07%, Valid: 72.92%, Test In: 73.65% Test OOD1: 64.13% Test OOD2: 53.99% Test OOD3: 61.20% 
Epoch: 342, Loss: 3.1987, Cls: 1.0655, Ind: 0.0000, Med: 0.5324, Spu: 0.0000, FD: 1.0674, FDAug: 0.5335, Var: 0.0000, Ctx: 6, MixCtx: 3, Train: 81.22%, Valid: 72.92%, Test In: 73.75% Test OOD1: 64.02% Test OOD2: 54.00% Test OOD3: 61.21% 
Epoch: 343, Loss: 3.1871, Cls: 1.0618, Ind: 0.0000, Med: 0.5306, Spu: 0.0000, FD: 1.0632, FDAug: 0.5315, Var: 0.0000, Ctx: 6, MixCtx: 3, Train: 81.66%, Valid: 72.65%, Test In: 73.73% Test OOD1: 64.18% Test OOD2: 53.69% Test OOD3: 61.32% 
Epoch: 344, Loss: 3.1718, Cls: 1.0575, Ind: 0.0000, Med: 0.5290, Spu: 0.0000, FD: 1.0566, FDAug: 0.5286, Var: 0.0000, Ctx: 6, MixCtx: 3, Train: 81.26%, Valid: 72.67%, Test In: 74.01% Test OOD1: 65.52% Test OOD2: 53.62% Test OOD3: 62.28% 
Epoch: 345, Loss: 3.1663, Cls: 1.0550, Ind: 0.0000, Med: 0.5274, Spu: 0.0000, FD: 1.0560, FDAug: 0.5279, Var: 0.0000, Ctx: 6, MixCtx: 3, Train: 81.23%, Valid: 72.58%, Test In: 73.89% Test OOD1: 65.46% Test OOD2: 53.60% Test OOD3: 62.25% 
Epoch: 346, Loss: 3.1696, Cls: 1.0561, Ind: 0.0000, Med: 0.5278, Spu: 0.0000, FD: 1.0572, FDAug: 0.5285, Var: 0.0000, Ctx: 6, MixCtx: 3, Train: 81.78%, Valid: 72.28%, Test In: 73.39% Test OOD1: 64.07% Test OOD2: 53.56% Test OOD3: 61.38% 
Epoch: 347, Loss: 3.1538, Cls: 1.0511, Ind: 0.0000, Med: 0.5256, Spu: 0.0000, FD: 1.0513, FDAug: 0.5259, Var: 0.0000, Ctx: 6, MixCtx: 3, Train: 81.81%, Valid: 72.43%, Test In: 73.39% Test OOD1: 64.05% Test OOD2: 53.79% Test OOD3: 61.38% 
Epoch: 348, Loss: 3.1410, Cls: 1.0469, Ind: 0.0000, Med: 0.5234, Spu: 0.0000, FD: 1.0472, FDAug: 0.5235, Var: 0.0000, Ctx: 6, MixCtx: 3, Train: 81.69%, Valid: 72.40%, Test In: 73.21% Test OOD1: 63.98% Test OOD2: 53.66% Test OOD3: 61.19% 
Epoch: 349, Loss: 3.1404, Cls: 1.0467, Ind: 0.0000, Med: 0.5234, Spu: 0.0000, FD: 1.0469, FDAug: 0.5233, Var: 0.0000, Ctx: 6, MixCtx: 3, Train: 81.25%, Valid: 72.02%, Test In: 72.75% Test OOD1: 63.66% Test OOD2: 53.28% Test OOD3: 60.75% 
Epoch: 350, Loss: 3.1718, Cls: 1.0571, Ind: 0.0000, Med: 0.5286, Spu: 0.0000, FD: 1.0572, FDAug: 0.5288, Var: 0.0000, Ctx: 6, MixCtx: 3, Train: 81.84%, Valid: 72.55%, Test In: 73.50% Test OOD1: 65.00% Test OOD2: 53.62% Test OOD3: 61.70% 
Epoch: 351, Loss: 3.1432, Cls: 1.0477, Ind: 0.0000, Med: 0.5238, Spu: 0.0000, FD: 1.0480, FDAug: 0.5237, Var: 0.0000, Ctx: 6, MixCtx: 3, Train: 82.02%, Valid: 72.34%, Test In: 73.35% Test OOD1: 64.12% Test OOD2: 53.69% Test OOD3: 61.27% 
Epoch: 352, Loss: 3.1199, Cls: 1.0398, Ind: 0.0000, Med: 0.5199, Spu: 0.0000, FD: 1.0400, FDAug: 0.5202, Var: 0.0000, Ctx: 6, MixCtx: 3, Train: 82.07%, Valid: 72.33%, Test In: 73.57% Test OOD1: 64.41% Test OOD2: 53.66% Test OOD3: 61.43% 
Epoch: 353, Loss: 3.1082, Cls: 1.0358, Ind: 0.0000, Med: 0.5179, Spu: 0.0000, FD: 1.0362, FDAug: 0.5182, Var: 0.0000, Ctx: 6, MixCtx: 3, Train: 81.91%, Valid: 72.36%, Test In: 73.78% Test OOD1: 65.02% Test OOD2: 53.71% Test OOD3: 61.75% 
Epoch: 354, Loss: 3.1368, Cls: 1.0452, Ind: 0.0000, Med: 0.5225, Spu: 0.0000, FD: 1.0463, FDAug: 0.5228, Var: 0.0000, Ctx: 6, MixCtx: 3, Train: 81.95%, Valid: 71.72%, Test In: 72.93% Test OOD1: 63.01% Test OOD2: 53.52% Test OOD3: 60.20% 
Epoch: 355, Loss: 3.1488, Cls: 1.0498, Ind: 0.0000, Med: 0.5251, Spu: 0.0000, FD: 1.0490, FDAug: 0.5248, Var: 0.0000, Ctx: 6, MixCtx: 3, Train: 82.11%, Valid: 72.22%, Test In: 73.26% Test OOD1: 63.72% Test OOD2: 53.80% Test OOD3: 60.81% 
Epoch: 356, Loss: 3.1314, Cls: 1.0435, Ind: 0.0000, Med: 0.5216, Spu: 0.0000, FD: 1.0444, FDAug: 0.5219, Var: 0.0000, Ctx: 6, MixCtx: 3, Train: 82.25%, Valid: 72.14%, Test In: 73.12% Test OOD1: 63.82% Test OOD2: 53.69% Test OOD3: 60.80% 
Epoch: 357, Loss: 3.0926, Cls: 1.0307, Ind: 0.0000, Med: 0.5154, Spu: 0.0000, FD: 1.0309, FDAug: 0.5155, Var: 0.0000, Ctx: 6, MixCtx: 3, Train: 82.15%, Valid: 72.09%, Test In: 73.11% Test OOD1: 64.42% Test OOD2: 53.45% Test OOD3: 61.12% 
Epoch: 358, Loss: 3.1134, Cls: 1.0378, Ind: 0.0000, Med: 0.5190, Spu: 0.0000, FD: 1.0375, FDAug: 0.5190, Var: 0.0000, Ctx: 6, MixCtx: 3, Train: 81.95%, Valid: 72.42%, Test In: 73.63% Test OOD1: 65.73% Test OOD2: 53.69% Test OOD3: 62.07% 
Epoch: 359, Loss: 3.1317, Cls: 1.0435, Ind: 0.0000, Med: 0.5216, Spu: 0.0000, FD: 1.0446, FDAug: 0.5220, Var: 0.0000, Ctx: 6, MixCtx: 3, Train: 82.37%, Valid: 71.97%, Test In: 73.04% Test OOD1: 64.07% Test OOD2: 53.65% Test OOD3: 61.12% 
Epoch: 360, Loss: 3.1219, Cls: 1.0406, Ind: 0.0000, Med: 0.5205, Spu: 0.0000, FD: 1.0403, FDAug: 0.5205, Var: 0.0000, Ctx: 6, MixCtx: 3, Train: 82.46%, Valid: 72.06%, Test In: 73.14% Test OOD1: 64.36% Test OOD2: 53.73% Test OOD3: 61.25% 
Epoch: 361, Loss: 3.0714, Cls: 1.0236, Ind: 0.0000, Med: 0.5118, Spu: 0.0000, FD: 1.0240, FDAug: 0.5120, Var: 0.0000, Ctx: 6, MixCtx: 3, Train: 82.29%, Valid: 72.07%, Test In: 73.18% Test OOD1: 64.49% Test OOD2: 53.69% Test OOD3: 61.27% 
Epoch: 362, Loss: 3.0988, Cls: 1.0327, Ind: 0.0000, Med: 0.5163, Spu: 0.0000, FD: 1.0333, FDAug: 0.5164, Var: 0.0000, Ctx: 6, MixCtx: 3, Train: 82.28%, Valid: 71.43%, Test In: 72.41% Test OOD1: 62.89% Test OOD2: 53.40% Test OOD3: 60.11% 
Epoch: 363, Loss: 3.1249, Cls: 1.0417, Ind: 0.0000, Med: 0.5210, Spu: 0.0000, FD: 1.0412, FDAug: 0.5210, Var: 0.0000, Ctx: 6, MixCtx: 3, Train: 82.18%, Valid: 72.10%, Test In: 73.09% Test OOD1: 64.32% Test OOD2: 53.75% Test OOD3: 61.34% 
Epoch: 364, Loss: 3.1596, Cls: 1.0531, Ind: 0.0000, Med: 0.5265, Spu: 0.0000, FD: 1.0536, FDAug: 0.5264, Var: 0.0000, Ctx: 6, MixCtx: 3, Train: 82.50%, Valid: 71.88%, Test In: 72.96% Test OOD1: 64.19% Test OOD2: 53.33% Test OOD3: 61.04% 
Epoch: 365, Loss: 3.0944, Cls: 1.0314, Ind: 0.0000, Med: 0.5158, Spu: 0.0000, FD: 1.0313, FDAug: 0.5159, Var: 0.0000, Ctx: 6, MixCtx: 3, Train: 82.32%, Valid: 72.06%, Test In: 73.17% Test OOD1: 64.98% Test OOD2: 53.28% Test OOD3: 61.47% 
Epoch: 366, Loss: 3.0836, Cls: 1.0275, Ind: 0.0000, Med: 0.5137, Spu: 0.0000, FD: 1.0282, FDAug: 0.5142, Var: 0.0000, Ctx: 6, MixCtx: 3, Train: 82.46%, Valid: 72.32%, Test In: 73.42% Test OOD1: 65.22% Test OOD2: 53.53% Test OOD3: 61.67% 
Epoch: 367, Loss: 3.1249, Cls: 1.0416, Ind: 0.0000, Med: 0.5207, Spu: 0.0000, FD: 1.0420, FDAug: 0.5206, Var: 0.0000, Ctx: 6, MixCtx: 3, Train: 82.03%, Valid: 70.86%, Test In: 71.79% Test OOD1: 61.55% Test OOD2: 53.06% Test OOD3: 59.12% 
Epoch: 368, Loss: 3.2229, Cls: 1.0748, Ind: 0.0000, Med: 0.5378, Spu: 0.0000, FD: 1.0732, FDAug: 0.5371, Var: 0.0000, Ctx: 6, MixCtx: 3, Train: 82.52%, Valid: 72.02%, Test In: 72.83% Test OOD1: 63.50% Test OOD2: 53.69% Test OOD3: 60.75% 
Epoch: 369, Loss: 3.1252, Cls: 1.0416, Ind: 0.0000, Med: 0.5207, Spu: 0.0000, FD: 1.0421, FDAug: 0.5208, Var: 0.0000, Ctx: 6, MixCtx: 3, Train: 82.43%, Valid: 72.21%, Test In: 73.17% Test OOD1: 64.91% Test OOD2: 53.41% Test OOD3: 61.46% 
Epoch: 370, Loss: 3.0824, Cls: 1.0272, Ind: 0.0000, Med: 0.5135, Spu: 0.0000, FD: 1.0279, FDAug: 0.5137, Var: 0.0000, Ctx: 6, MixCtx: 3, Train: 82.27%, Valid: 71.63%, Test In: 72.62% Test OOD1: 64.00% Test OOD2: 53.05% Test OOD3: 60.75% 
Epoch: 371, Loss: 3.1898, Cls: 1.0631, Ind: 0.0000, Med: 0.5317, Spu: 0.0000, FD: 1.0630, FDAug: 0.5320, Var: 0.0000, Ctx: 6, MixCtx: 3, Train: 81.29%, Valid: 72.33%, Test In: 73.19% Test OOD1: 65.03% Test OOD2: 54.09% Test OOD3: 61.98% 
Epoch: 372, Loss: 3.2723, Cls: 1.0910, Ind: 0.0000, Med: 0.5456, Spu: 0.0000, FD: 1.0908, FDAug: 0.5448, Var: 0.0000, Ctx: 6, MixCtx: 3, Train: 80.87%, Valid: 71.85%, Test In: 72.52% Test OOD1: 63.20% Test OOD2: 54.08% Test OOD3: 61.01% 
Epoch: 373, Loss: 3.2172, Cls: 1.0725, Ind: 0.0000, Med: 0.5364, Spu: 0.0000, FD: 1.0721, FDAug: 0.5363, Var: 0.0000, Ctx: 6, MixCtx: 3, Train: 81.53%, Valid: 71.95%, Test In: 72.82% Test OOD1: 63.34% Test OOD2: 53.89% Test OOD3: 60.75% 
Epoch: 374, Loss: 3.1990, Cls: 1.0666, Ind: 0.0000, Med: 0.5336, Spu: 0.0000, FD: 1.0656, FDAug: 0.5332, Var: 0.0000, Ctx: 6, MixCtx: 3, Train: 81.73%, Valid: 72.62%, Test In: 73.84% Test OOD1: 66.15% Test OOD2: 53.71% Test OOD3: 62.12% 
Epoch: 375, Loss: 3.2664, Cls: 1.0886, Ind: 0.0000, Med: 0.5442, Spu: 0.0000, FD: 1.0895, FDAug: 0.5441, Var: 0.0000, Ctx: 6, MixCtx: 3, Train: 81.40%, Valid: 70.98%, Test In: 72.18% Test OOD1: 62.44% Test OOD2: 53.06% Test OOD3: 59.32% 
Epoch: 376, Loss: 3.4684, Cls: 1.1576, Ind: 0.0000, Med: 0.5798, Spu: 0.0000, FD: 1.1535, FDAug: 0.5775, Var: 0.0000, Ctx: 6, MixCtx: 3, Train: 82.08%, Valid: 72.55%, Test In: 73.26% Test OOD1: 64.14% Test OOD2: 53.77% Test OOD3: 60.95% 
Epoch: 377, Loss: 3.2618, Cls: 1.0857, Ind: 0.0000, Med: 0.5421, Spu: 0.0000, FD: 1.0896, FDAug: 0.5444, Var: 0.0000, Ctx: 6, MixCtx: 3, Train: 82.05%, Valid: 72.48%, Test In: 73.37% Test OOD1: 64.98% Test OOD2: 53.84% Test OOD3: 61.52% 
Epoch: 378, Loss: 3.3517, Cls: 1.1155, Ind: 0.0000, Med: 0.5569, Spu: 0.0000, FD: 1.1198, FDAug: 0.5594, Var: 0.0000, Ctx: 6, MixCtx: 3, Train: 82.45%, Valid: 71.89%, Test In: 73.12% Test OOD1: 65.11% Test OOD2: 53.23% Test OOD3: 61.33% 
Epoch: 379, Loss: 3.1703, Cls: 1.0563, Ind: 0.0000, Med: 0.5280, Spu: 0.0000, FD: 1.0571, FDAug: 0.5288, Var: 0.0000, Ctx: 6, MixCtx: 3, Train: 80.72%, Valid: 71.36%, Test In: 72.60% Test OOD1: 65.02% Test OOD2: 53.03% Test OOD3: 61.54% 
Epoch: 380, Loss: 3.3261, Cls: 1.1093, Ind: 0.0000, Med: 0.5551, Spu: 0.0000, FD: 1.1075, FDAug: 0.5542, Var: 0.0000, Ctx: 6, MixCtx: 3, Train: 80.78%, Valid: 72.19%, Test In: 73.55% Test OOD1: 67.02% Test OOD2: 53.51% Test OOD3: 62.85% 
Epoch: 381, Loss: 3.1937, Cls: 1.0642, Ind: 0.0000, Med: 0.5320, Spu: 0.0000, FD: 1.0651, FDAug: 0.5324, Var: 0.0000, Ctx: 6, MixCtx: 3, Train: 80.73%, Valid: 72.42%, Test In: 73.81% Test OOD1: 67.18% Test OOD2: 53.82% Test OOD3: 62.92% 
Epoch: 382, Loss: 3.2413, Cls: 1.0805, Ind: 0.0000, Med: 0.5403, Spu: 0.0000, FD: 1.0806, FDAug: 0.5399, Var: 0.0000, Ctx: 6, MixCtx: 3, Train: 82.15%, Valid: 72.25%, Test In: 73.61% Test OOD1: 64.89% Test OOD2: 53.88% Test OOD3: 61.42% 
Epoch: 383, Loss: 3.2114, Cls: 1.0697, Ind: 0.0000, Med: 0.5346, Spu: 0.0000, FD: 1.0711, FDAug: 0.5359, Var: 0.0000, Ctx: 6, MixCtx: 3, Train: 82.52%, Valid: 72.21%, Test In: 73.39% Test OOD1: 63.83% Test OOD2: 53.72% Test OOD3: 60.64% 
Epoch: 384, Loss: 3.1691, Cls: 1.0557, Ind: 0.0000, Med: 0.5277, Spu: 0.0000, FD: 1.0569, FDAug: 0.5288, Var: 0.0000, Ctx: 6, MixCtx: 3, Train: 82.11%, Valid: 72.54%, Test In: 73.74% Test OOD1: 65.79% Test OOD2: 53.72% Test OOD3: 61.74% 
Epoch: 385, Loss: 3.1858, Cls: 1.0624, Ind: 0.0000, Med: 0.5315, Spu: 0.0000, FD: 1.0616, FDAug: 0.5303, Var: 0.0000, Ctx: 6, MixCtx: 3, Train: 81.88%, Valid: 72.21%, Test In: 73.22% Test OOD1: 64.34% Test OOD2: 53.66% Test OOD3: 60.78% 
Epoch: 386, Loss: 3.1138, Cls: 1.0377, Ind: 0.0000, Med: 0.5188, Spu: 0.0000, FD: 1.0382, FDAug: 0.5190, Var: 0.0000, Ctx: 6, MixCtx: 3, Train: 81.90%, Valid: 71.79%, Test In: 72.67% Test OOD1: 62.77% Test OOD2: 53.50% Test OOD3: 59.88% 
Epoch: 387, Loss: 3.1639, Cls: 1.0544, Ind: 0.0000, Med: 0.5272, Spu: 0.0000, FD: 1.0547, FDAug: 0.5276, Var: 0.0000, Ctx: 6, MixCtx: 3, Train: 82.67%, Valid: 72.53%, Test In: 73.50% Test OOD1: 64.62% Test OOD2: 53.57% Test OOD3: 61.15% 
Epoch: 388, Loss: 3.0768, Cls: 1.0252, Ind: 0.0000, Med: 0.5125, Spu: 0.0000, FD: 1.0261, FDAug: 0.5130, Var: 0.0000, Ctx: 6, MixCtx: 3, Train: 82.29%, Valid: 72.62%, Test In: 73.79% Test OOD1: 65.83% Test OOD2: 53.64% Test OOD3: 61.98% 
Epoch: 389, Loss: 3.1289, Cls: 1.0428, Ind: 0.0000, Med: 0.5214, Spu: 0.0000, FD: 1.0434, FDAug: 0.5214, Var: 0.0000, Ctx: 6, MixCtx: 3, Train: 82.56%, Valid: 72.19%, Test In: 73.36% Test OOD1: 64.74% Test OOD2: 53.39% Test OOD3: 61.38% 
Epoch: 390, Loss: 3.1053, Cls: 1.0347, Ind: 0.0000, Med: 0.5173, Spu: 0.0000, FD: 1.0354, FDAug: 0.5179, Var: 0.0000, Ctx: 6, MixCtx: 3, Train: 82.63%, Valid: 72.14%, Test In: 73.26% Test OOD1: 64.71% Test OOD2: 53.38% Test OOD3: 61.35% 
Epoch: 391, Loss: 3.0812, Cls: 1.0267, Ind: 0.0000, Med: 0.5133, Spu: 0.0000, FD: 1.0273, FDAug: 0.5139, Var: 0.0000, Ctx: 6, MixCtx: 3, Train: 82.71%, Valid: 72.42%, Test In: 73.47% Test OOD1: 65.21% Test OOD2: 53.53% Test OOD3: 61.62% 
Epoch: 392, Loss: 3.1041, Cls: 1.0344, Ind: 0.0000, Med: 0.5171, Spu: 0.0000, FD: 1.0353, FDAug: 0.5174, Var: 0.0000, Ctx: 6, MixCtx: 3, Train: 82.85%, Valid: 71.82%, Test In: 72.70% Test OOD1: 62.95% Test OOD2: 53.42% Test OOD3: 60.19% 
Epoch: 393, Loss: 3.0457, Cls: 1.0153, Ind: 0.0000, Med: 0.5078, Spu: 0.0000, FD: 1.0151, FDAug: 0.5076, Var: 0.0000, Ctx: 6, MixCtx: 3, Train: 82.45%, Valid: 71.44%, Test In: 72.23% Test OOD1: 61.86% Test OOD2: 53.24% Test OOD3: 59.45% 
Epoch: 394, Loss: 3.0852, Cls: 1.0289, Ind: 0.0000, Med: 0.5148, Spu: 0.0000, FD: 1.0276, FDAug: 0.5139, Var: 0.0000, Ctx: 6, MixCtx: 3, Train: 82.91%, Valid: 72.24%, Test In: 73.09% Test OOD1: 63.90% Test OOD2: 53.39% Test OOD3: 60.81% 
Epoch: 395, Loss: 3.0626, Cls: 1.0201, Ind: 0.0000, Med: 0.5098, Spu: 0.0000, FD: 1.0219, FDAug: 0.5107, Var: 0.0000, Ctx: 6, MixCtx: 3, Train: 83.05%, Valid: 72.11%, Test In: 73.17% Test OOD1: 64.17% Test OOD2: 53.22% Test OOD3: 60.94% 
Epoch: 396, Loss: 3.0205, Cls: 1.0064, Ind: 0.0000, Med: 0.5031, Spu: 0.0000, FD: 1.0073, FDAug: 0.5037, Var: 0.0000, Ctx: 6, MixCtx: 3, Train: 83.11%, Valid: 71.76%, Test In: 72.90% Test OOD1: 63.57% Test OOD2: 53.03% Test OOD3: 60.55% 
Epoch: 397, Loss: 3.0667, Cls: 1.0224, Ind: 0.0000, Med: 0.5114, Spu: 0.0000, FD: 1.0218, FDAug: 0.5112, Var: 0.0000, Ctx: 6, MixCtx: 3, Train: 82.97%, Valid: 72.05%, Test In: 73.34% Test OOD1: 64.36% Test OOD2: 53.45% Test OOD3: 61.20% 
Epoch: 398, Loss: 3.0487, Cls: 1.0158, Ind: 0.0000, Med: 0.5077, Spu: 0.0000, FD: 1.0169, FDAug: 0.5082, Var: 0.0000, Ctx: 6, MixCtx: 3, Train: 83.34%, Valid: 71.66%, Test In: 72.75% Test OOD1: 63.12% Test OOD2: 53.38% Test OOD3: 60.36% 
Epoch: 399, Loss: 3.0012, Cls: 1.0003, Ind: 0.0000, Med: 0.5002, Spu: 0.0000, FD: 1.0005, FDAug: 0.5003, Var: 0.0000, Ctx: 6, MixCtx: 3, Train: 83.02%, Valid: 71.31%, Test In: 72.28% Test OOD1: 62.62% Test OOD2: 53.25% Test OOD3: 59.85% 
Epoch: 400, Loss: 3.0339, Cls: 1.0113, Ind: 0.0000, Med: 0.5058, Spu: 0.0000, FD: 1.0111, FDAug: 0.5057, Var: 0.0000, Ctx: 6, MixCtx: 3, Train: 83.26%, Valid: 71.82%, Test In: 72.76% Test OOD1: 64.12% Test OOD2: 53.55% Test OOD3: 60.91% 
Epoch: 401, Loss: 3.0410, Cls: 1.0136, Ind: 0.0000, Med: 0.5068, Spu: 0.0000, FD: 1.0138, FDAug: 0.5067, Var: 0.0000, Ctx: 6, MixCtx: 3, Train: 83.40%, Valid: 71.60%, Test In: 72.59% Test OOD1: 63.83% Test OOD2: 53.29% Test OOD3: 60.63% 
Epoch: 402, Loss: 2.9929, Cls: 0.9975, Ind: 0.0000, Med: 0.4988, Spu: 0.0000, FD: 0.9977, FDAug: 0.4989, Var: 0.0000, Ctx: 6, MixCtx: 3, Train: 83.51%, Valid: 71.48%, Test In: 72.62% Test OOD1: 63.78% Test OOD2: 53.11% Test OOD3: 60.56% 
Epoch: 403, Loss: 3.0039, Cls: 1.0011, Ind: 0.0000, Med: 0.5006, Spu: 0.0000, FD: 1.0014, FDAug: 0.5008, Var: 0.0000, Ctx: 6, MixCtx: 3, Train: 83.27%, Valid: 71.74%, Test In: 72.98% Test OOD1: 64.50% Test OOD2: 53.34% Test OOD3: 61.08% 
Epoch: 404, Loss: 3.0185, Cls: 1.0059, Ind: 0.0000, Med: 0.5029, Spu: 0.0000, FD: 1.0066, FDAug: 0.5031, Var: 0.0000, Ctx: 6, MixCtx: 3, Train: 83.59%, Valid: 71.32%, Test In: 72.47% Test OOD1: 63.13% Test OOD2: 52.99% Test OOD3: 59.99% 
Epoch: 405, Loss: 2.9892, Cls: 0.9963, Ind: 0.0000, Med: 0.4982, Spu: 0.0000, FD: 0.9964, FDAug: 0.4983, Var: 0.0000, Ctx: 6, MixCtx: 3, Train: 83.61%, Valid: 71.43%, Test In: 72.41% Test OOD1: 63.04% Test OOD2: 53.08% Test OOD3: 59.92% 
Epoch: 406, Loss: 2.9735, Cls: 0.9911, Ind: 0.0000, Med: 0.4956, Spu: 0.0000, FD: 0.9912, FDAug: 0.4956, Var: 0.0000, Ctx: 6, MixCtx: 3, Train: 83.66%, Valid: 71.68%, Test In: 72.54% Test OOD1: 63.60% Test OOD2: 53.22% Test OOD3: 60.40% 
Epoch: 407, Loss: 2.9844, Cls: 0.9947, Ind: 0.0000, Med: 0.4974, Spu: 0.0000, FD: 0.9950, FDAug: 0.4973, Var: 0.0000, Ctx: 6, MixCtx: 3, Train: 83.70%, Valid: 71.33%, Test In: 72.23% Test OOD1: 63.13% Test OOD2: 52.93% Test OOD3: 60.02% 
Epoch: 408, Loss: 2.9887, Cls: 0.9959, Ind: 0.0000, Med: 0.4980, Spu: 0.0000, FD: 0.9964, FDAug: 0.4984, Var: 0.0000, Ctx: 6, MixCtx: 3, Train: 83.66%, Valid: 71.71%, Test In: 72.64% Test OOD1: 64.13% Test OOD2: 53.28% Test OOD3: 60.90% 
Epoch: 409, Loss: 2.9823, Cls: 0.9941, Ind: 0.0000, Med: 0.4971, Spu: 0.0000, FD: 0.9941, FDAug: 0.4970, Var: 0.0000, Ctx: 6, MixCtx: 3, Train: 83.86%, Valid: 71.46%, Test In: 72.45% Test OOD1: 63.48% Test OOD2: 53.05% Test OOD3: 60.43% 
Epoch: 410, Loss: 2.9579, Cls: 0.9857, Ind: 0.0000, Med: 0.4928, Spu: 0.0000, FD: 0.9862, FDAug: 0.4932, Var: 0.0000, Ctx: 6, MixCtx: 3, Train: 83.94%, Valid: 71.42%, Test In: 72.37% Test OOD1: 63.14% Test OOD2: 53.00% Test OOD3: 60.19% 
Epoch: 411, Loss: 2.9466, Cls: 0.9820, Ind: 0.0000, Med: 0.4910, Spu: 0.0000, FD: 0.9823, FDAug: 0.4912, Var: 0.0000, Ctx: 6, MixCtx: 3, Train: 83.97%, Valid: 71.59%, Test In: 72.41% Test OOD1: 63.15% Test OOD2: 53.08% Test OOD3: 60.24% 
Epoch: 412, Loss: 2.9565, Cls: 0.9853, Ind: 0.0000, Med: 0.4926, Spu: 0.0000, FD: 0.9858, FDAug: 0.4928, Var: 0.0000, Ctx: 6, MixCtx: 3, Train: 83.79%, Valid: 71.22%, Test In: 72.08% Test OOD1: 62.54% Test OOD2: 52.69% Test OOD3: 59.66% 
Epoch: 413, Loss: 2.9763, Cls: 0.9921, Ind: 0.0000, Med: 0.4962, Spu: 0.0000, FD: 0.9918, FDAug: 0.4961, Var: 0.0000, Ctx: 6, MixCtx: 3, Train: 83.52%, Valid: 71.69%, Test In: 72.53% Test OOD1: 63.47% Test OOD2: 53.33% Test OOD3: 60.53% 
Epoch: 414, Loss: 3.0188, Cls: 1.0061, Ind: 0.0000, Med: 0.5030, Spu: 0.0000, FD: 1.0066, FDAug: 0.5030, Var: 0.0000, Ctx: 6, MixCtx: 3, Train: 83.97%, Valid: 71.06%, Test In: 72.02% Test OOD1: 62.47% Test OOD2: 52.69% Test OOD3: 59.70% 
Epoch: 415, Loss: 3.0029, Cls: 1.0011, Ind: 0.0000, Med: 0.5008, Spu: 0.0000, FD: 1.0005, FDAug: 0.5005, Var: 0.0000, Ctx: 6, MixCtx: 3, Train: 83.68%, Valid: 71.60%, Test In: 72.67% Test OOD1: 64.04% Test OOD2: 53.03% Test OOD3: 60.68% 
Epoch: 416, Loss: 2.9909, Cls: 0.9968, Ind: 0.0000, Med: 0.4984, Spu: 0.0000, FD: 0.9973, FDAug: 0.4984, Var: 0.0000, Ctx: 6, MixCtx: 3, Train: 84.03%, Valid: 71.13%, Test In: 71.85% Test OOD1: 62.26% Test OOD2: 52.88% Test OOD3: 59.67% 
Epoch: 417, Loss: 2.9628, Cls: 0.9874, Ind: 0.0000, Med: 0.4937, Spu: 0.0000, FD: 0.9877, FDAug: 0.4939, Var: 0.0000, Ctx: 6, MixCtx: 3, Train: 84.14%, Valid: 71.18%, Test In: 71.95% Test OOD1: 62.55% Test OOD2: 52.83% Test OOD3: 59.76% 
Epoch: 418, Loss: 2.9431, Cls: 0.9808, Ind: 0.0000, Med: 0.4904, Spu: 0.0000, FD: 0.9811, FDAug: 0.4906, Var: 0.0000, Ctx: 6, MixCtx: 3, Train: 83.81%, Valid: 71.69%, Test In: 72.76% Test OOD1: 64.24% Test OOD2: 53.10% Test OOD3: 60.84% 
Epoch: 419, Loss: 2.9901, Cls: 0.9966, Ind: 0.0000, Med: 0.4983, Spu: 0.0000, FD: 0.9969, FDAug: 0.4983, Var: 0.0000, Ctx: 6, MixCtx: 3, Train: 84.02%, Valid: 70.96%, Test In: 71.77% Test OOD1: 62.27% Test OOD2: 52.57% Test OOD3: 59.56% 
Epoch: 420, Loss: 3.0070, Cls: 1.0024, Ind: 0.0000, Med: 0.5014, Spu: 0.0000, FD: 1.0019, FDAug: 0.5013, Var: 0.0000, Ctx: 6, MixCtx: 3, Train: 83.95%, Valid: 71.75%, Test In: 72.45% Test OOD1: 63.64% Test OOD2: 53.21% Test OOD3: 60.64% 
Epoch: 421, Loss: 3.0006, Cls: 1.0002, Ind: 0.0000, Med: 0.5002, Spu: 0.0000, FD: 1.0003, FDAug: 0.4999, Var: 0.0000, Ctx: 6, MixCtx: 3, Train: 83.82%, Valid: 70.97%, Test In: 72.05% Test OOD1: 62.74% Test OOD2: 52.51% Test OOD3: 59.75% 
Epoch: 422, Loss: 2.9730, Cls: 0.9908, Ind: 0.0000, Med: 0.4954, Spu: 0.0000, FD: 0.9911, FDAug: 0.4957, Var: 0.0000, Ctx: 6, MixCtx: 3, Train: 83.82%, Valid: 71.46%, Test In: 72.20% Test OOD1: 62.88% Test OOD2: 53.32% Test OOD3: 60.27% 
Epoch: 423, Loss: 2.9953, Cls: 0.9987, Ind: 0.0000, Med: 0.4995, Spu: 0.0000, FD: 0.9982, FDAug: 0.4989, Var: 0.0000, Ctx: 6, MixCtx: 3, Train: 84.34%, Valid: 71.14%, Test In: 71.95% Test OOD1: 62.50% Test OOD2: 52.82% Test OOD3: 59.75% 
Epoch: 424, Loss: 2.9360, Cls: 0.9786, Ind: 0.0000, Med: 0.4894, Spu: 0.0000, FD: 0.9786, FDAug: 0.4894, Var: 0.0000, Ctx: 6, MixCtx: 3, Train: 83.70%, Valid: 71.52%, Test In: 72.63% Test OOD1: 64.02% Test OOD2: 52.91% Test OOD3: 60.49% 
Epoch: 425, Loss: 2.9837, Cls: 0.9940, Ind: 0.0000, Med: 0.4968, Spu: 0.0000, FD: 0.9952, FDAug: 0.4976, Var: 0.0000, Ctx: 6, MixCtx: 3, Train: 83.73%, Valid: 71.59%, Test In: 72.03% Test OOD1: 62.78% Test OOD2: 53.26% Test OOD3: 60.13% 
Epoch: 426, Loss: 2.9907, Cls: 0.9969, Ind: 0.0000, Med: 0.4985, Spu: 0.0000, FD: 0.9969, FDAug: 0.4983, Var: 0.0000, Ctx: 6, MixCtx: 3, Train: 83.84%, Valid: 70.94%, Test In: 71.55% Test OOD1: 61.71% Test OOD2: 52.86% Test OOD3: 59.35% 
Epoch: 427, Loss: 3.0039, Cls: 1.0011, Ind: 0.0000, Med: 0.5006, Spu: 0.0000, FD: 1.0013, FDAug: 0.5008, Var: 0.0000, Ctx: 6, MixCtx: 3, Train: 83.96%, Valid: 71.56%, Test In: 72.67% Test OOD1: 64.13% Test OOD2: 53.09% Test OOD3: 60.65% 
Epoch: 428, Loss: 2.9568, Cls: 0.9854, Ind: 0.0000, Med: 0.4927, Spu: 0.0000, FD: 0.9858, FDAug: 0.4928, Var: 0.0000, Ctx: 6, MixCtx: 3, Train: 84.54%, Valid: 71.41%, Test In: 72.44% Test OOD1: 63.62% Test OOD2: 52.95% Test OOD3: 60.36% 
Epoch: 429, Loss: 2.8925, Cls: 0.9640, Ind: 0.0000, Med: 0.4820, Spu: 0.0000, FD: 0.9643, FDAug: 0.4822, Var: 0.0000, Ctx: 6, MixCtx: 3, Train: 84.32%, Valid: 71.26%, Test In: 71.85% Test OOD1: 62.22% Test OOD2: 52.78% Test OOD3: 59.64% 
Epoch: 430, Loss: 2.9406, Cls: 0.9800, Ind: 0.0000, Med: 0.4901, Spu: 0.0000, FD: 0.9802, FDAug: 0.4902, Var: 0.0000, Ctx: 6, MixCtx: 3, Train: 84.65%, Valid: 71.66%, Test In: 72.31% Test OOD1: 63.33% Test OOD2: 52.93% Test OOD3: 60.23% 
Epoch: 431, Loss: 2.8926, Cls: 0.9639, Ind: 0.0000, Med: 0.4819, Spu: 0.0000, FD: 0.9646, FDAug: 0.4822, Var: 0.0000, Ctx: 6, MixCtx: 3, Train: 83.82%, Valid: 71.06%, Test In: 72.19% Test OOD1: 62.86% Test OOD2: 52.58% Test OOD3: 59.67% 
Epoch: 432, Loss: 2.9939, Cls: 0.9979, Ind: 0.0000, Med: 0.4991, Spu: 0.0000, FD: 0.9978, FDAug: 0.4990, Var: 0.0000, Ctx: 6, MixCtx: 3, Train: 82.57%, Valid: 71.11%, Test In: 71.87% Test OOD1: 62.03% Test OOD2: 53.49% Test OOD3: 60.14% 
Epoch: 433, Loss: 3.1455, Cls: 1.0486, Ind: 0.0000, Med: 0.5245, Spu: 0.0000, FD: 1.0484, FDAug: 0.5240, Var: 0.0000, Ctx: 6, MixCtx: 3, Train: 81.17%, Valid: 69.58%, Test In: 70.54% Test OOD1: 59.53% Test OOD2: 52.92% Test OOD3: 58.62% 
Epoch: 434, Loss: 3.2545, Cls: 1.0856, Ind: 0.0000, Med: 0.5433, Spu: 0.0000, FD: 1.0836, FDAug: 0.5420, Var: 0.0000, Ctx: 6, MixCtx: 3, Train: 83.61%, Valid: 71.61%, Test In: 72.58% Test OOD1: 63.61% Test OOD2: 53.31% Test OOD3: 60.68% 
Epoch: 435, Loss: 2.9886, Cls: 0.9961, Ind: 0.0000, Med: 0.4981, Spu: 0.0000, FD: 0.9963, FDAug: 0.4981, Var: 0.0000, Ctx: 6, MixCtx: 3, Train: 83.08%, Valid: 71.89%, Test In: 72.93% Test OOD1: 65.35% Test OOD2: 53.19% Test OOD3: 61.25% 
Epoch: 436, Loss: 3.0741, Cls: 1.0246, Ind: 0.0000, Med: 0.5123, Spu: 0.0000, FD: 1.0248, FDAug: 0.5123, Var: 0.0000, Ctx: 6, MixCtx: 3, Train: 83.20%, Valid: 70.77%, Test In: 71.88% Test OOD1: 62.40% Test OOD2: 52.49% Test OOD3: 59.31% 
Epoch: 437, Loss: 3.1009, Cls: 1.0337, Ind: 0.0000, Med: 0.5171, Spu: 0.0000, FD: 1.0332, FDAug: 0.5168, Var: 0.0000, Ctx: 6, MixCtx: 3, Train: 82.87%, Valid: 71.74%, Test In: 72.26% Test OOD1: 62.37% Test OOD2: 53.72% Test OOD3: 60.33% 
Epoch: 438, Loss: 3.2133, Cls: 1.0698, Ind: 0.0000, Med: 0.5343, Spu: 0.0000, FD: 1.0729, FDAug: 0.5362, Var: 0.0000, Ctx: 6, MixCtx: 3, Train: 82.15%, Valid: 71.48%, Test In: 72.39% Test OOD1: 62.36% Test OOD2: 53.72% Test OOD3: 60.48% 
Epoch: 439, Loss: 3.1791, Cls: 1.0590, Ind: 0.0000, Med: 0.5292, Spu: 0.0000, FD: 1.0606, FDAug: 0.5302, Var: 0.0000, Ctx: 6, MixCtx: 3, Train: 82.14%, Valid: 71.04%, Test In: 72.23% Test OOD1: 62.42% Test OOD2: 53.13% Test OOD3: 60.05% 
Epoch: 440, Loss: 3.1644, Cls: 1.0550, Ind: 0.0000, Med: 0.5277, Spu: 0.0000, FD: 1.0543, FDAug: 0.5273, Var: 0.0000, Ctx: 6, MixCtx: 3, Train: 82.19%, Valid: 72.46%, Test In: 73.34% Test OOD1: 65.68% Test OOD2: 53.54% Test OOD3: 61.44% 
Epoch: 441, Loss: 3.1290, Cls: 1.0428, Ind: 0.0000, Med: 0.5214, Spu: 0.0000, FD: 1.0432, FDAug: 0.5216, Var: 0.0000, Ctx: 6, MixCtx: 3, Train: 83.87%, Valid: 72.44%, Test In: 73.20% Test OOD1: 65.02% Test OOD2: 53.10% Test OOD3: 60.85% 
Epoch: 442, Loss: 2.9980, Cls: 0.9987, Ind: 0.0000, Med: 0.4991, Spu: 0.0000, FD: 1.0000, FDAug: 0.5001, Var: 0.0000, Ctx: 6, MixCtx: 3, Train: 83.25%, Valid: 72.12%, Test In: 72.83% Test OOD1: 64.43% Test OOD2: 52.94% Test OOD3: 60.56% 
Epoch: 443, Loss: 3.0016, Cls: 1.0001, Ind: 0.0000, Med: 0.5000, Spu: 0.0000, FD: 1.0010, FDAug: 0.5005, Var: 0.0000, Ctx: 6, MixCtx: 3, Train: 83.67%, Valid: 72.34%, Test In: 72.97% Test OOD1: 64.53% Test OOD2: 53.22% Test OOD3: 60.86% 
Epoch: 444, Loss: 3.0428, Cls: 1.0139, Ind: 0.0000, Med: 0.5068, Spu: 0.0000, FD: 1.0148, FDAug: 0.5072, Var: 0.0000, Ctx: 6, MixCtx: 3, Train: 83.93%, Valid: 71.87%, Test In: 72.60% Test OOD1: 63.35% Test OOD2: 53.09% Test OOD3: 60.27% 
Epoch: 445, Loss: 3.0097, Cls: 1.0026, Ind: 0.0000, Med: 0.5010, Spu: 0.0000, FD: 1.0041, FDAug: 0.5020, Var: 0.0000, Ctx: 6, MixCtx: 3, Train: 83.91%, Valid: 71.32%, Test In: 72.39% Test OOD1: 62.53% Test OOD2: 52.87% Test OOD3: 59.73% 
Epoch: 446, Loss: 2.9867, Cls: 0.9950, Ind: 0.0000, Med: 0.4973, Spu: 0.0000, FD: 0.9962, FDAug: 0.4982, Var: 0.0000, Ctx: 6, MixCtx: 3, Train: 83.76%, Valid: 71.78%, Test In: 72.91% Test OOD1: 63.82% Test OOD2: 53.30% Test OOD3: 60.57% 
Epoch: 447, Loss: 2.9601, Cls: 0.9867, Ind: 0.0000, Med: 0.4934, Spu: 0.0000, FD: 0.9867, FDAug: 0.4933, Var: 0.0000, Ctx: 6, MixCtx: 3, Train: 83.90%, Valid: 71.93%, Test In: 72.95% Test OOD1: 63.92% Test OOD2: 53.35% Test OOD3: 60.58% 
Epoch: 448, Loss: 2.9626, Cls: 0.9874, Ind: 0.0000, Med: 0.4937, Spu: 0.0000, FD: 0.9877, FDAug: 0.4938, Var: 0.0000, Ctx: 6, MixCtx: 3, Train: 84.22%, Valid: 71.27%, Test In: 72.00% Test OOD1: 61.68% Test OOD2: 52.88% Test OOD3: 59.11% 
Epoch: 449, Loss: 2.9816, Cls: 0.9942, Ind: 0.0000, Med: 0.4974, Spu: 0.0000, FD: 0.9932, FDAug: 0.4967, Var: 0.0000, Ctx: 6, MixCtx: 3, Train: 84.04%, Valid: 72.08%, Test In: 72.43% Test OOD1: 63.00% Test OOD2: 53.27% Test OOD3: 60.09% 
Epoch: 450, Loss: 2.9729, Cls: 0.9897, Ind: 0.0000, Med: 0.4943, Spu: 0.0000, FD: 0.9927, FDAug: 0.4962, Var: 0.0000, Ctx: 6, MixCtx: 3, Train: 84.17%, Valid: 71.41%, Test In: 71.97% Test OOD1: 62.14% Test OOD2: 52.84% Test OOD3: 59.41% 
Epoch: 451, Loss: 2.9191, Cls: 0.9731, Ind: 0.0000, Med: 0.4868, Spu: 0.0000, FD: 0.9728, FDAug: 0.4864, Var: 0.0000, Ctx: 6, MixCtx: 3, Train: 84.31%, Valid: 71.09%, Test In: 72.06% Test OOD1: 62.25% Test OOD2: 52.67% Test OOD3: 59.48% 
Epoch: 452, Loss: 2.9171, Cls: 0.9728, Ind: 0.0000, Med: 0.4868, Spu: 0.0000, FD: 0.9716, FDAug: 0.4859, Var: 0.0000, Ctx: 6, MixCtx: 3, Train: 84.16%, Valid: 71.44%, Test In: 72.51% Test OOD1: 63.48% Test OOD2: 53.26% Test OOD3: 60.50% 
Epoch: 453, Loss: 2.9567, Cls: 0.9850, Ind: 0.0000, Med: 0.4924, Spu: 0.0000, FD: 0.9863, FDAug: 0.4930, Var: 0.0000, Ctx: 6, MixCtx: 3, Train: 84.62%, Valid: 70.80%, Test In: 72.01% Test OOD1: 62.51% Test OOD2: 52.72% Test OOD3: 59.68% 
Epoch: 454, Loss: 2.9355, Cls: 0.9792, Ind: 0.0000, Med: 0.4901, Spu: 0.0000, FD: 0.9774, FDAug: 0.4888, Var: 0.0000, Ctx: 6, MixCtx: 3, Train: 84.86%, Valid: 71.42%, Test In: 72.35% Test OOD1: 63.89% Test OOD2: 53.09% Test OOD3: 60.50% 
Epoch: 455, Loss: 2.8609, Cls: 0.9536, Ind: 0.0000, Med: 0.4769, Spu: 0.0000, FD: 0.9536, FDAug: 0.4767, Var: 0.0000, Ctx: 6, MixCtx: 3, Train: 84.62%, Valid: 71.49%, Test In: 72.26% Test OOD1: 63.84% Test OOD2: 53.25% Test OOD3: 60.34% 
Epoch: 456, Loss: 2.8875, Cls: 0.9622, Ind: 0.0000, Med: 0.4810, Spu: 0.0000, FD: 0.9628, FDAug: 0.4813, Var: 0.0000, Ctx: 6, MixCtx: 3, Train: 84.23%, Valid: 70.73%, Test In: 71.40% Test OOD1: 61.65% Test OOD2: 52.92% Test OOD3: 58.94% 
Epoch: 457, Loss: 2.9214, Cls: 0.9738, Ind: 0.0000, Med: 0.4871, Spu: 0.0000, FD: 0.9736, FDAug: 0.4869, Var: 0.0000, Ctx: 6, MixCtx: 3, Train: 84.77%, Valid: 71.16%, Test In: 71.74% Test OOD1: 62.27% Test OOD2: 53.28% Test OOD3: 59.61% 
Epoch: 458, Loss: 2.9068, Cls: 0.9689, Ind: 0.0000, Med: 0.4846, Spu: 0.0000, FD: 0.9690, FDAug: 0.4843, Var: 0.0000, Ctx: 6, MixCtx: 3, Train: 85.10%, Valid: 70.97%, Test In: 71.92% Test OOD1: 62.47% Test OOD2: 53.04% Test OOD3: 59.57% 
Epoch: 459, Loss: 2.8422, Cls: 0.9474, Ind: 0.0000, Med: 0.4738, Spu: 0.0000, FD: 0.9473, FDAug: 0.4737, Var: 0.0000, Ctx: 6, MixCtx: 3, Train: 84.99%, Valid: 71.26%, Test In: 72.35% Test OOD1: 63.64% Test OOD2: 52.88% Test OOD3: 60.11% 
Epoch: 460, Loss: 2.8610, Cls: 0.9534, Ind: 0.0000, Med: 0.4768, Spu: 0.0000, FD: 0.9538, FDAug: 0.4770, Var: 0.0000, Ctx: 6, MixCtx: 3, Train: 84.78%, Valid: 71.72%, Test In: 72.27% Test OOD1: 64.03% Test OOD2: 53.21% Test OOD3: 60.53% 
Epoch: 461, Loss: 2.8849, Cls: 0.9619, Ind: 0.0000, Med: 0.4812, Spu: 0.0000, FD: 0.9613, FDAug: 0.4806, Var: 0.0000, Ctx: 6, MixCtx: 3, Train: 84.83%, Valid: 70.71%, Test In: 71.26% Test OOD1: 61.54% Test OOD2: 52.36% Test OOD3: 58.79% 
Epoch: 462, Loss: 2.9374, Cls: 0.9787, Ind: 0.0000, Med: 0.4893, Spu: 0.0000, FD: 0.9794, FDAug: 0.4899, Var: 0.0000, Ctx: 6, MixCtx: 3, Train: 85.18%, Valid: 71.33%, Test In: 71.86% Test OOD1: 62.56% Test OOD2: 53.06% Test OOD3: 59.73% 
Epoch: 463, Loss: 2.8571, Cls: 0.9524, Ind: 0.0000, Med: 0.4764, Spu: 0.0000, FD: 0.9522, FDAug: 0.4760, Var: 0.0000, Ctx: 6, MixCtx: 3, Train: 85.11%, Valid: 70.90%, Test In: 71.84% Test OOD1: 62.12% Test OOD2: 52.78% Test OOD3: 59.20% 
Epoch: 464, Loss: 2.8354, Cls: 0.9450, Ind: 0.0000, Med: 0.4725, Spu: 0.0000, FD: 0.9452, FDAug: 0.4726, Var: 0.0000, Ctx: 6, MixCtx: 3, Train: 85.30%, Valid: 70.93%, Test In: 71.67% Test OOD1: 61.88% Test OOD2: 52.80% Test OOD3: 59.33% 
Epoch: 465, Loss: 2.8237, Cls: 0.9412, Ind: 0.0000, Med: 0.4707, Spu: 0.0000, FD: 0.9412, FDAug: 0.4706, Var: 0.0000, Ctx: 6, MixCtx: 3, Train: 85.21%, Valid: 71.25%, Test In: 71.85% Test OOD1: 62.50% Test OOD2: 52.89% Test OOD3: 59.70% 
Epoch: 466, Loss: 2.8297, Cls: 0.9430, Ind: 0.0000, Med: 0.4715, Spu: 0.0000, FD: 0.9434, FDAug: 0.4717, Var: 0.0000, Ctx: 6, MixCtx: 3, Train: 85.36%, Valid: 71.22%, Test In: 71.88% Test OOD1: 62.50% Test OOD2: 52.61% Test OOD3: 59.53% 
Epoch: 467, Loss: 2.8212, Cls: 0.9398, Ind: 0.0000, Med: 0.4698, Spu: 0.0000, FD: 0.9410, FDAug: 0.4706, Var: 0.0000, Ctx: 6, MixCtx: 3, Train: 85.42%, Valid: 71.59%, Test In: 72.10% Test OOD1: 62.98% Test OOD2: 53.13% Test OOD3: 60.05% 
Epoch: 468, Loss: 2.8600, Cls: 0.9528, Ind: 0.0000, Med: 0.4763, Spu: 0.0000, FD: 0.9540, FDAug: 0.4769, Var: 0.0000, Ctx: 6, MixCtx: 3, Train: 84.45%, Valid: 69.52%, Test In: 70.53% Test OOD1: 59.86% Test OOD2: 51.92% Test OOD3: 57.97% 
Epoch: 469, Loss: 3.0079, Cls: 1.0033, Ind: 0.0000, Med: 0.5022, Spu: 0.0000, FD: 1.0015, FDAug: 0.5009, Var: 0.0000, Ctx: 6, MixCtx: 3, Train: 84.32%, Valid: 71.04%, Test In: 71.79% Test OOD1: 62.95% Test OOD2: 53.21% Test OOD3: 60.55% 
Epoch: 470, Loss: 3.0852, Cls: 1.0280, Ind: 0.0000, Med: 0.5139, Spu: 0.0000, FD: 1.0289, FDAug: 0.5143, Var: 0.0000, Ctx: 6, MixCtx: 3, Train: 85.34%, Valid: 70.58%, Test In: 71.58% Test OOD1: 62.43% Test OOD2: 52.21% Test OOD3: 59.73% 
Epoch: 471, Loss: 2.8718, Cls: 0.9576, Ind: 0.0000, Med: 0.4790, Spu: 0.0000, FD: 0.9568, FDAug: 0.4784, Var: 0.0000, Ctx: 6, MixCtx: 3, Train: 84.50%, Valid: 70.22%, Test In: 71.47% Test OOD1: 62.23% Test OOD2: 52.12% Test OOD3: 59.49% 
Epoch: 472, Loss: 2.9733, Cls: 0.9911, Ind: 0.0000, Med: 0.4957, Spu: 0.0000, FD: 0.9909, FDAug: 0.4956, Var: 0.0000, Ctx: 6, MixCtx: 3, Train: 82.94%, Valid: 71.15%, Test In: 71.95% Test OOD1: 64.08% Test OOD2: 53.56% Test OOD3: 61.17% 
Epoch: 473, Loss: 3.4295, Cls: 1.1447, Ind: 0.0000, Med: 0.5733, Spu: 0.0000, FD: 1.1411, FDAug: 0.5704, Var: 0.0000, Ctx: 6, MixCtx: 3, Train: 79.15%, Valid: 67.55%, Test In: 67.99% Test OOD1: 56.89% Test OOD2: 51.87% Test OOD3: 56.99% 
Epoch: 474, Loss: 3.5493, Cls: 1.1832, Ind: 0.0000, Med: 0.5918, Spu: 0.0000, FD: 1.1828, FDAug: 0.5915, Var: 0.0000, Ctx: 6, MixCtx: 3, Train: 78.49%, Valid: 67.84%, Test In: 67.97% Test OOD1: 57.69% Test OOD2: 51.81% Test OOD3: 57.61% 
Epoch: 475, Loss: 3.5030, Cls: 1.1672, Ind: 0.0000, Med: 0.5835, Spu: 0.0000, FD: 1.1680, FDAug: 0.5842, Var: 0.0000, Ctx: 6, MixCtx: 3, Train: 82.24%, Valid: 70.01%, Test In: 70.69% Test OOD1: 62.00% Test OOD2: 52.57% Test OOD3: 60.15% 
Epoch: 476, Loss: 3.2942, Cls: 1.0955, Ind: 0.0000, Med: 0.5466, Spu: 0.0000, FD: 1.1015, FDAug: 0.5507, Var: 0.0000, Ctx: 6, MixCtx: 3, Train: 81.71%, Valid: 70.75%, Test In: 72.02% Test OOD1: 65.05% Test OOD2: 52.95% Test OOD3: 61.77% 
Epoch: 477, Loss: 3.2995, Cls: 1.0976, Ind: 0.0000, Med: 0.5478, Spu: 0.0000, FD: 1.1029, FDAug: 0.5512, Var: 0.0000, Ctx: 6, MixCtx: 3, Train: 78.94%, Valid: 70.55%, Test In: 71.81% Test OOD1: 65.58% Test OOD2: 52.79% Test OOD3: 61.91% 
Epoch: 478, Loss: 3.4079, Cls: 1.1349, Ind: 0.0000, Med: 0.5671, Spu: 0.0000, FD: 1.1373, FDAug: 0.5686, Var: 0.0000, Ctx: 6, MixCtx: 3, Train: 78.31%, Valid: 70.53%, Test In: 71.76% Test OOD1: 65.20% Test OOD2: 52.74% Test OOD3: 61.70% 
Epoch: 479, Loss: 3.4363, Cls: 1.1446, Ind: 0.0000, Med: 0.5720, Spu: 0.0000, FD: 1.1464, FDAug: 0.5732, Var: 0.0000, Ctx: 6, MixCtx: 3, Train: 79.99%, Valid: 70.98%, Test In: 72.29% Test OOD1: 64.94% Test OOD2: 53.12% Test OOD3: 61.64% 
Epoch: 480, Loss: 3.2757, Cls: 1.0910, Ind: 0.0000, Med: 0.5452, Spu: 0.0000, FD: 1.0930, FDAug: 0.5464, Var: 0.0000, Ctx: 6, MixCtx: 3, Train: 82.77%, Valid: 71.64%, Test In: 72.87% Test OOD1: 64.44% Test OOD2: 53.32% Test OOD3: 61.32% 
Epoch: 481, Loss: 3.1203, Cls: 1.0388, Ind: 0.0000, Med: 0.5188, Spu: 0.0000, FD: 1.0418, FDAug: 0.5209, Var: 0.0000, Ctx: 6, MixCtx: 3, Train: 83.59%, Valid: 72.13%, Test In: 72.87% Test OOD1: 63.19% Test OOD2: 53.29% Test OOD3: 60.83% 
Epoch: 482, Loss: 3.0936, Cls: 1.0305, Ind: 0.0000, Med: 0.5150, Spu: 0.0000, FD: 1.0320, FDAug: 0.5161, Var: 0.0000, Ctx: 6, MixCtx: 3, Train: 82.48%, Valid: 72.40%, Test In: 72.78% Test OOD1: 63.42% Test OOD2: 53.44% Test OOD3: 61.02% 
Epoch: 483, Loss: 3.1339, Cls: 1.0443, Ind: 0.0000, Med: 0.5221, Spu: 0.0000, FD: 1.0449, FDAug: 0.5226, Var: 0.0000, Ctx: 6, MixCtx: 3, Train: 81.49%, Valid: 72.80%, Test In: 73.03% Test OOD1: 65.18% Test OOD2: 53.73% Test OOD3: 61.90% 
Epoch: 484, Loss: 3.1319, Cls: 1.0437, Ind: 0.0000, Med: 0.5218, Spu: 0.0000, FD: 1.0443, FDAug: 0.5221, Var: 0.0000, Ctx: 6, MixCtx: 3, Train: 81.41%, Valid: 72.82%, Test In: 73.09% Test OOD1: 65.70% Test OOD2: 53.76% Test OOD3: 62.02% 
Epoch: 485, Loss: 3.1710, Cls: 1.0566, Ind: 0.0000, Med: 0.5282, Spu: 0.0000, FD: 1.0575, FDAug: 0.5286, Var: 0.0000, Ctx: 6, MixCtx: 3, Train: 82.73%, Valid: 72.77%, Test In: 73.13% Test OOD1: 64.28% Test OOD2: 53.48% Test OOD3: 61.06% 
Epoch: 486, Loss: 3.1197, Cls: 1.0380, Ind: 0.0000, Med: 0.5183, Spu: 0.0000, FD: 1.0422, FDAug: 0.5211, Var: 0.0000, Ctx: 6, MixCtx: 3, Train: 83.35%, Valid: 72.79%, Test In: 73.27% Test OOD1: 63.96% Test OOD2: 53.55% Test OOD3: 60.80% 
Epoch: 487, Loss: 3.0286, Cls: 1.0083, Ind: 0.0000, Med: 0.5037, Spu: 0.0000, FD: 1.0110, FDAug: 0.5056, Var: 0.0000, Ctx: 6, MixCtx: 3, Train: 83.71%, Valid: 72.98%, Test In: 73.58% Test OOD1: 64.64% Test OOD2: 53.76% Test OOD3: 61.16% 
Epoch: 488, Loss: 2.9947, Cls: 0.9986, Ind: 0.0000, Med: 0.4996, Spu: 0.0000, FD: 0.9977, FDAug: 0.4988, Var: 0.0000, Ctx: 6, MixCtx: 3, Train: 84.39%, Valid: 72.57%, Test In: 73.40% Test OOD1: 64.01% Test OOD2: 53.59% Test OOD3: 60.74% 
Epoch: 489, Loss: 2.9496, Cls: 0.9836, Ind: 0.0000, Med: 0.4922, Spu: 0.0000, FD: 0.9825, FDAug: 0.4912, Var: 0.0000, Ctx: 6, MixCtx: 3, Train: 84.03%, Valid: 71.73%, Test In: 72.92% Test OOD1: 63.03% Test OOD2: 53.09% Test OOD3: 59.99% 
Epoch: 490, Loss: 2.9759, Cls: 0.9920, Ind: 0.0000, Med: 0.4962, Spu: 0.0000, FD: 0.9918, FDAug: 0.4960, Var: 0.0000, Ctx: 6, MixCtx: 3, Train: 84.03%, Valid: 71.67%, Test In: 72.95% Test OOD1: 63.44% Test OOD2: 52.99% Test OOD3: 60.37% 
Epoch: 491, Loss: 2.9652, Cls: 0.9883, Ind: 0.0000, Med: 0.4942, Spu: 0.0000, FD: 0.9884, FDAug: 0.4942, Var: 0.0000, Ctx: 6, MixCtx: 3, Train: 84.18%, Valid: 71.81%, Test In: 72.99% Test OOD1: 64.01% Test OOD2: 53.04% Test OOD3: 60.93% 
Epoch: 492, Loss: 2.9753, Cls: 0.9914, Ind: 0.0000, Med: 0.4955, Spu: 0.0000, FD: 0.9923, FDAug: 0.4961, Var: 0.0000, Ctx: 6, MixCtx: 3, Train: 84.38%, Valid: 71.44%, Test In: 72.74% Test OOD1: 63.36% Test OOD2: 52.88% Test OOD3: 60.56% 
Epoch: 493, Loss: 2.9305, Cls: 0.9762, Ind: 0.0000, Med: 0.4879, Spu: 0.0000, FD: 0.9776, FDAug: 0.4888, Var: 0.0000, Ctx: 6, MixCtx: 3, Train: 84.37%, Valid: 70.76%, Test In: 72.23% Test OOD1: 62.09% Test OOD2: 52.61% Test OOD3: 59.61% 
Epoch: 494, Loss: 2.9227, Cls: 0.9742, Ind: 0.0000, Med: 0.4872, Spu: 0.0000, FD: 0.9742, FDAug: 0.4871, Var: 0.0000, Ctx: 6, MixCtx: 3, Train: 84.70%, Valid: 71.04%, Test In: 72.33% Test OOD1: 62.13% Test OOD2: 52.89% Test OOD3: 59.75% 
Epoch: 495, Loss: 2.8848, Cls: 0.9612, Ind: 0.0000, Med: 0.4806, Spu: 0.0000, FD: 0.9620, FDAug: 0.4810, Var: 0.0000, Ctx: 6, MixCtx: 3, Train: 84.64%, Valid: 71.27%, Test In: 72.41% Test OOD1: 62.11% Test OOD2: 53.07% Test OOD3: 59.90% 
Epoch: 496, Loss: 2.9141, Cls: 0.9709, Ind: 0.0000, Med: 0.4854, Spu: 0.0000, FD: 0.9719, FDAug: 0.4859, Var: 0.0000, Ctx: 6, MixCtx: 3, Train: 84.65%, Valid: 70.78%, Test In: 72.06% Test OOD1: 61.10% Test OOD2: 52.87% Test OOD3: 59.15% 
Epoch: 497, Loss: 2.9121, Cls: 0.9709, Ind: 0.0000, Med: 0.4858, Spu: 0.0000, FD: 0.9703, FDAug: 0.4852, Var: 0.0000, Ctx: 6, MixCtx: 3, Train: 84.88%, Valid: 71.42%, Test In: 72.48% Test OOD1: 62.35% Test OOD2: 53.17% Test OOD3: 60.02% 
Epoch: 498, Loss: 2.8721, Cls: 0.9570, Ind: 0.0000, Med: 0.4785, Spu: 0.0000, FD: 0.9578, FDAug: 0.4789, Var: 0.0000, Ctx: 6, MixCtx: 3, Train: 85.01%, Valid: 71.42%, Test In: 72.48% Test OOD1: 62.59% Test OOD2: 53.16% Test OOD3: 60.10% 
Epoch: 499, Loss: 2.8576, Cls: 0.9522, Ind: 0.0000, Med: 0.4760, Spu: 0.0000, FD: 0.9529, FDAug: 0.4764, Var: 0.0000, Ctx: 6, MixCtx: 3, Train: 85.16%, Valid: 70.87%, Test In: 72.24% Test OOD1: 61.85% Test OOD2: 52.86% Test OOD3: 59.47% 
Run 02:
Highest Train: 85.42
Highest Valid: 73.48
Highest In Test: 74.90
Highest OOD Test: 68.24
Highest OOD Test: 54.37
Highest OOD Test: 64.29
Chosen epoch: 164
Final Train: 77.24
Final In Test: 74.90
Final OOD Test: 66.34
Final OOD Test: 53.95
Final OOD Test: 63.86
All runs:
Highest Train: 86.42 ± 1.41
Highest Valid: 73.59 ± 0.16
Highest In Test: 74.97 ± 0.10
Highest OOD Test: 68.27 ± 0.05
Highest OOD Test: 54.74 ± 0.52
Highest OOD Test: 64.39 ± 0.14
  Final Train: 77.86 ± 0.88
   Final In  Test: 74.91 ± 0.01
   Final OOD Test: 66.85 ± 0.72
   Final OOD Test: 54.28 ± 0.46
   Final OOD Test: 63.94 ± 0.10
[INFO] TensorBoard writer closed.

Command: python main_frontdoor.py --dataset twitch --backbone_type gcn --store_result --epochs 500 --runs 2 --num_layers 2 --device 1 --seed 2024 --lr 0.01 --weight_decay 0.0001 --dropout 0.0 --hidden_channels 32 --K 3 --lambda_fd 1.0 --lambda_spu 0.1 --lambda_ind 0.05 --context_gate_temp 0.5 --fd_blend 0.3 --pos_weight 5.0 --result_name twitch_gcn_frontdoor_stage2_lr0.01_weight_decay0.0001_dropout0.0_hidden_channels32_K3_lambda_fd1.0_lambda_spu0.1_lambda_ind0.05_context_gate_temp0.5_fd_blend0.3_pos_weight5.0
Return code: 0
Elapsed: 174.32s
