Namespace(K=3, backbone_type='gcn', combine_result=False, context_gate_temp=0.5, cpu=False, data_dir='./data/', dataset='twitch', device=1, display_step=1, dropout=0.0, env_type='node', epochs=500, expert_agg='mean', fd_blend=0.3, gamma=0.99, gate_hidden=64, hidden_channels=32, infer_env=False, infer_env_components=64, infer_env_iters=30, infer_env_num=3, lambda_fd=1.0, lambda_fd_aug=0.5, lambda_ind=0.1, lambda_med=0.5, lambda_spu=0.1, lambda_var=0.05, lamda=1.0, lr=0.01, num_layers=2, other_env_reduce='sample', pos_weight=5.0, proto_aug_k=3, proto_mix_alpha=1.0, result_name='twitch_gcn_frontdoor_stage2_lr0.01_weight_decay0.0001_dropout0.0_hidden_channels32_K3_lambda_fd1.0_lambda_spu0.1_lambda_ind0.1_context_gate_temp0.5_fd_blend0.3_pos_weight5.0', runs=2, seed=2024, store_result=True, tau=1, use_bn=False, variant=False, weight_decay=0.0001)
dataset twitch: all nodes 34120 | edges 892346 | classes 2 | feats 128
train nodes 7897 | valid nodes 3949 | test in nodes 3949
test ood1 nodes 4648 test ood2 nodes 6551 test ood3 nodes 7126 
[INFO] env numbers: 6 train env numbers: 3
MODEL: GraphFrontDoor(
  (act_fn): ReLU()
  (input_proj): Linear(in_features=128, out_features=32, bias=True)
  (backbone_layers): ModuleList(
    (0): FrontDoorBackboneLayer()
    (1): FrontDoorBackboneLayer()
  )
  (causal_adapter): Linear(in_features=32, out_features=32, bias=True)
  (spurious_adapter): Linear(in_features=32, out_features=32, bias=True)
  (causal_norm): LayerNorm((32,), eps=1e-05, elementwise_affine=True)
  (spurious_norm): LayerNorm((32,), eps=1e-05, elementwise_affine=True)
  (classifier): Linear(in_features=32, out_features=2, bias=True)
  (spurious_classifier): Linear(in_features=32, out_features=2, bias=True)
  (fd_classifier): Linear(in_features=32, out_features=2, bias=True)
  (query_proj): Linear(in_features=32, out_features=32, bias=True)
  (key_proj): Linear(in_features=32, out_features=32, bias=True)
  (value_proj): Linear(in_features=32, out_features=32, bias=True)
  (aug_norm): LayerNorm((32,), eps=1e-05, elementwise_affine=True)
)
[INFO] TensorBoard logging activated. Logs will be saved to: ./runs/twitch/frontdoor/twitch_gcn_frontdoor_stage2_lr0.01_weight_decay0.0001_dropout0.0_hidden_channels32_K3_lambda_fd1.0_lambda_spu0.1_lambda_ind0.1_context_gate_temp0.5_fd_blend0.3_pos_weight5.0
Epoch: 00, Loss: 5.4152, Cls: 1.6700, Ind: 0.0013, Med: 0.7920, Spu: 0.0115, FD: 1.9617, FDAug: 0.9787, Var: 0.0000, Ctx: 6, MixCtx: 3, Train: 42.58%, Valid: 42.74%, Test In: 43.73% Test OOD1: 39.06% Test OOD2: 48.77% Test OOD3: 42.85% 
Epoch: 01, Loss: 4.0864, Cls: 1.3658, Ind: 0.0007, Med: 0.6891, Spu: 0.0026, FD: 1.3521, FDAug: 0.6761, Var: 0.0000, Ctx: 6, MixCtx: 3, Train: 42.61%, Valid: 42.59%, Test In: 43.64% Test OOD1: 39.03% Test OOD2: 48.84% Test OOD3: 42.86% 
Epoch: 02, Loss: 4.1616, Cls: 1.3649, Ind: 0.0007, Med: 0.6785, Spu: 0.0017, FD: 1.4133, FDAug: 0.7025, Var: 0.0000, Ctx: 6, MixCtx: 3, Train: 42.71%, Valid: 42.67%, Test In: 43.56% Test OOD1: 38.90% Test OOD2: 48.85% Test OOD3: 42.80% 
Epoch: 03, Loss: 4.1881, Cls: 1.3776, Ind: 0.0003, Med: 0.6838, Spu: 0.0005, FD: 1.4200, FDAug: 0.7059, Var: 0.0000, Ctx: 6, MixCtx: 3, Train: 42.72%, Valid: 42.86%, Test In: 43.64% Test OOD1: 38.79% Test OOD2: 48.76% Test OOD3: 42.78% 
Epoch: 04, Loss: 4.1517, Cls: 1.3753, Ind: 0.0001, Med: 0.6858, Spu: 0.0020, FD: 1.3938, FDAug: 0.6946, Var: 0.0000, Ctx: 6, MixCtx: 3, Train: 42.61%, Valid: 43.10%, Test In: 43.69% Test OOD1: 38.67% Test OOD2: 48.54% Test OOD3: 42.55% 
Epoch: 05, Loss: 4.0949, Cls: 1.3644, Ind: 0.0001, Med: 0.6836, Spu: 0.0005, FD: 1.3646, FDAug: 0.6817, Var: 0.0000, Ctx: 6, MixCtx: 3, Train: 43.08%, Valid: 43.69%, Test In: 44.31% Test OOD1: 38.82% Test OOD2: 48.27% Test OOD3: 42.59% 
Epoch: 06, Loss: 4.0607, Cls: 1.3539, Ind: 0.0002, Med: 0.6794, Spu: 0.0003, FD: 1.3514, FDAug: 0.6755, Var: 0.0000, Ctx: 6, MixCtx: 3, Train: 46.93%, Valid: 47.63%, Test In: 47.87% Test OOD1: 42.50% Test OOD2: 47.78% Test OOD3: 45.39% 
Epoch: 07, Loss: 4.0604, Cls: 1.3502, Ind: 0.0002, Med: 0.6762, Spu: 0.0012, FD: 1.3553, FDAug: 0.6774, Var: 0.0000, Ctx: 6, MixCtx: 3, Train: 56.54%, Valid: 56.68%, Test In: 56.23% Test OOD1: 56.96% Test OOD2: 48.42% Test OOD3: 54.25% 
Epoch: 08, Loss: 4.0746, Cls: 1.3531, Ind: 0.0001, Med: 0.6758, Spu: 0.0005, FD: 1.3635, FDAug: 0.6815, Var: 0.0000, Ctx: 6, MixCtx: 3, Train: 58.31%, Valid: 58.30%, Test In: 57.52% Test OOD1: 60.49% Test OOD2: 50.16% Test OOD3: 56.74% 
Epoch: 09, Loss: 4.0821, Cls: 1.3565, Ind: 0.0001, Med: 0.6769, Spu: 0.0000, FD: 1.3659, FDAug: 0.6828, Var: 0.0000, Ctx: 6, MixCtx: 3, Train: 58.41%, Valid: 58.39%, Test In: 57.47% Test OOD1: 60.91% Test OOD2: 50.55% Test OOD3: 57.04% 
Epoch: 10, Loss: 4.0763, Cls: 1.3562, Ind: 0.0001, Med: 0.6773, Spu: 0.0004, FD: 1.3616, FDAug: 0.6807, Var: 0.0000, Ctx: 6, MixCtx: 3, Train: 58.36%, Valid: 58.32%, Test In: 57.40% Test OOD1: 61.01% Test OOD2: 50.70% Test OOD3: 57.12% 
Epoch: 11, Loss: 4.0637, Cls: 1.3530, Ind: 0.0002, Med: 0.6766, Spu: 0.0004, FD: 1.3557, FDAug: 0.6779, Var: 0.0000, Ctx: 6, MixCtx: 3, Train: 58.29%, Valid: 58.27%, Test In: 57.33% Test OOD1: 61.04% Test OOD2: 50.77% Test OOD3: 57.16% 
Epoch: 12, Loss: 4.0541, Cls: 1.3497, Ind: 0.0002, Med: 0.6755, Spu: 0.0000, FD: 1.3523, FDAug: 0.6763, Var: 0.0000, Ctx: 6, MixCtx: 3, Train: 58.27%, Valid: 58.28%, Test In: 57.30% Test OOD1: 61.08% Test OOD2: 50.82% Test OOD3: 57.18% 
Epoch: 13, Loss: 4.0522, Cls: 1.3481, Ind: 0.0002, Med: 0.6749, Spu: 0.0001, FD: 1.3524, FDAug: 0.6764, Var: 0.0000, Ctx: 6, MixCtx: 3, Train: 58.27%, Valid: 58.30%, Test In: 57.30% Test OOD1: 61.11% Test OOD2: 50.85% Test OOD3: 57.19% 
Epoch: 14, Loss: 4.0550, Cls: 1.3483, Ind: 0.0001, Med: 0.6747, Spu: 0.0003, FD: 1.3542, FDAug: 0.6773, Var: 0.0000, Ctx: 6, MixCtx: 3, Train: 58.27%, Valid: 58.32%, Test In: 57.30% Test OOD1: 61.13% Test OOD2: 50.87% Test OOD3: 57.18% 
Epoch: 15, Loss: 4.0571, Cls: 1.3491, Ind: 0.0001, Med: 0.6746, Spu: 0.0001, FD: 1.3553, FDAug: 0.6779, Var: 0.0000, Ctx: 6, MixCtx: 3, Train: 58.27%, Valid: 58.32%, Test In: 57.30% Test OOD1: 61.14% Test OOD2: 50.87% Test OOD3: 57.19% 
Epoch: 16, Loss: 4.0563, Cls: 1.3494, Ind: 0.0001, Med: 0.6744, Spu: 0.0000, FD: 1.3548, FDAug: 0.6776, Var: 0.0000, Ctx: 6, MixCtx: 3, Train: 58.29%, Valid: 58.32%, Test In: 57.32% Test OOD1: 61.15% Test OOD2: 50.87% Test OOD3: 57.21% 
Epoch: 17, Loss: 4.0527, Cls: 1.3489, Ind: 0.0002, Med: 0.6740, Spu: 0.0002, FD: 1.3530, FDAug: 0.6766, Var: 0.0000, Ctx: 6, MixCtx: 3, Train: 58.31%, Valid: 58.32%, Test In: 57.35% Test OOD1: 61.16% Test OOD2: 50.88% Test OOD3: 57.25% 
Epoch: 18, Loss: 4.0481, Cls: 1.3479, Ind: 0.0002, Med: 0.6735, Spu: 0.0002, FD: 1.3508, FDAug: 0.6754, Var: 0.0000, Ctx: 6, MixCtx: 3, Train: 58.31%, Valid: 58.31%, Test In: 57.35% Test OOD1: 61.16% Test OOD2: 50.88% Test OOD3: 57.27% 
Epoch: 19, Loss: 4.0447, Cls: 1.3471, Ind: 0.0002, Med: 0.6733, Spu: 0.0001, FD: 1.3493, FDAug: 0.6746, Var: 0.0000, Ctx: 6, MixCtx: 3, Train: 58.34%, Valid: 58.31%, Test In: 57.37% Test OOD1: 61.18% Test OOD2: 50.89% Test OOD3: 57.30% 
Epoch: 20, Loss: 4.0438, Cls: 1.3467, Ind: 0.0002, Med: 0.6734, Spu: 0.0000, FD: 1.3491, FDAug: 0.6745, Var: 0.0000, Ctx: 6, MixCtx: 3, Train: 58.36%, Valid: 58.32%, Test In: 57.39% Test OOD1: 61.19% Test OOD2: 50.90% Test OOD3: 57.32% 
Epoch: 21, Loss: 4.0450, Cls: 1.3468, Ind: 0.0001, Med: 0.6736, Spu: 0.0001, FD: 1.3497, FDAug: 0.6747, Var: 0.0000, Ctx: 6, MixCtx: 3, Train: 58.38%, Valid: 58.32%, Test In: 57.40% Test OOD1: 61.21% Test OOD2: 50.90% Test OOD3: 57.34% 
Epoch: 22, Loss: 4.0461, Cls: 1.3469, Ind: 0.0001, Med: 0.6736, Spu: 0.0002, FD: 1.3503, FDAug: 0.6751, Var: 0.0000, Ctx: 6, MixCtx: 3, Train: 58.43%, Valid: 58.36%, Test In: 57.45% Test OOD1: 61.25% Test OOD2: 50.91% Test OOD3: 57.37% 
Epoch: 23, Loss: 4.0457, Cls: 1.3467, Ind: 0.0001, Med: 0.6734, Spu: 0.0001, FD: 1.3503, FDAug: 0.6751, Var: 0.0000, Ctx: 6, MixCtx: 3, Train: 58.50%, Valid: 58.40%, Test In: 57.51% Test OOD1: 61.28% Test OOD2: 50.92% Test OOD3: 57.41% 
Epoch: 24, Loss: 4.0437, Cls: 1.3462, Ind: 0.0001, Med: 0.6731, Spu: 0.0000, FD: 1.3495, FDAug: 0.6747, Var: 0.0000, Ctx: 6, MixCtx: 3, Train: 58.57%, Valid: 58.44%, Test In: 57.58% Test OOD1: 61.31% Test OOD2: 50.94% Test OOD3: 57.45% 
Epoch: 25, Loss: 4.0412, Cls: 1.3457, Ind: 0.0002, Med: 0.6727, Spu: 0.0001, FD: 1.3484, FDAug: 0.6742, Var: 0.0000, Ctx: 6, MixCtx: 3, Train: 58.62%, Valid: 58.46%, Test In: 57.63% Test OOD1: 61.34% Test OOD2: 50.94% Test OOD3: 57.47% 
Epoch: 26, Loss: 4.0393, Cls: 1.3453, Ind: 0.0002, Med: 0.6725, Spu: 0.0001, FD: 1.3475, FDAug: 0.6737, Var: 0.0000, Ctx: 6, MixCtx: 3, Train: 58.75%, Valid: 58.55%, Test In: 57.75% Test OOD1: 61.40% Test OOD2: 50.97% Test OOD3: 57.56% 
Epoch: 27, Loss: 4.0379, Cls: 1.3449, Ind: 0.0002, Med: 0.6723, Spu: 0.0001, FD: 1.3469, FDAug: 0.6735, Var: 0.0000, Ctx: 6, MixCtx: 3, Train: 58.90%, Valid: 58.64%, Test In: 57.88% Test OOD1: 61.46% Test OOD2: 50.99% Test OOD3: 57.66% 
Epoch: 28, Loss: 4.0368, Cls: 1.3445, Ind: 0.0001, Med: 0.6721, Spu: 0.0000, FD: 1.3466, FDAug: 0.6734, Var: 0.0000, Ctx: 6, MixCtx: 3, Train: 59.03%, Valid: 58.72%, Test In: 57.99% Test OOD1: 61.52% Test OOD2: 51.01% Test OOD3: 57.74% 
Epoch: 29, Loss: 4.0356, Cls: 1.3440, Ind: 0.0001, Med: 0.6718, Spu: 0.0000, FD: 1.3464, FDAug: 0.6733, Var: 0.0000, Ctx: 6, MixCtx: 3, Train: 59.16%, Valid: 58.80%, Test In: 58.11% Test OOD1: 61.58% Test OOD2: 51.03% Test OOD3: 57.83% 
Epoch: 30, Loss: 4.0340, Cls: 1.3432, Ind: 0.0001, Med: 0.6714, Spu: 0.0001, FD: 1.3461, FDAug: 0.6731, Var: 0.0000, Ctx: 6, MixCtx: 3, Train: 59.31%, Valid: 58.88%, Test In: 58.25% Test OOD1: 61.65% Test OOD2: 51.04% Test OOD3: 57.91% 
Epoch: 31, Loss: 4.0317, Cls: 1.3424, Ind: 0.0001, Med: 0.6710, Spu: 0.0000, FD: 1.3455, FDAug: 0.6728, Var: 0.0000, Ctx: 6, MixCtx: 3, Train: 59.47%, Valid: 58.98%, Test In: 58.40% Test OOD1: 61.73% Test OOD2: 51.05% Test OOD3: 58.01% 
Epoch: 32, Loss: 4.0291, Cls: 1.3415, Ind: 0.0001, Med: 0.6705, Spu: 0.0000, FD: 1.3446, FDAug: 0.6724, Var: 0.0000, Ctx: 6, MixCtx: 3, Train: 59.65%, Valid: 59.10%, Test In: 58.57% Test OOD1: 61.81% Test OOD2: 51.07% Test OOD3: 58.12% 
Epoch: 33, Loss: 4.0261, Cls: 1.3405, Ind: 0.0002, Med: 0.6700, Spu: 0.0000, FD: 1.3436, FDAug: 0.6718, Var: 0.0000, Ctx: 6, MixCtx: 3, Train: 59.85%, Valid: 59.23%, Test In: 58.76% Test OOD1: 61.90% Test OOD2: 51.10% Test OOD3: 58.25% 
Epoch: 34, Loss: 4.0225, Cls: 1.3392, Ind: 0.0002, Med: 0.6693, Spu: 0.0000, FD: 1.3425, FDAug: 0.6713, Var: 0.0000, Ctx: 6, MixCtx: 3, Train: 60.08%, Valid: 59.39%, Test In: 58.99% Test OOD1: 62.00% Test OOD2: 51.13% Test OOD3: 58.39% 
Epoch: 35, Loss: 4.0180, Cls: 1.3377, Ind: 0.0001, Med: 0.6684, Spu: 0.0000, FD: 1.3412, FDAug: 0.6706, Var: 0.0000, Ctx: 6, MixCtx: 3, Train: 60.34%, Valid: 59.56%, Test In: 59.23% Test OOD1: 62.11% Test OOD2: 51.16% Test OOD3: 58.54% 
Epoch: 36, Loss: 4.0129, Cls: 1.3358, Ind: 0.0001, Med: 0.6673, Spu: 0.0000, FD: 1.3398, FDAug: 0.6699, Var: 0.0000, Ctx: 6, MixCtx: 3, Train: 60.63%, Valid: 59.76%, Test In: 59.50% Test OOD1: 62.22% Test OOD2: 51.20% Test OOD3: 58.70% 
Epoch: 37, Loss: 4.0071, Cls: 1.3337, Ind: 0.0001, Med: 0.6662, Spu: 0.0000, FD: 1.3381, FDAug: 0.6690, Var: 0.0000, Ctx: 6, MixCtx: 3, Train: 60.93%, Valid: 59.97%, Test In: 59.78% Test OOD1: 62.35% Test OOD2: 51.24% Test OOD3: 58.86% 
Epoch: 38, Loss: 4.0003, Cls: 1.3312, Ind: 0.0001, Med: 0.6649, Spu: 0.0001, FD: 1.3361, FDAug: 0.6680, Var: 0.0000, Ctx: 6, MixCtx: 3, Train: 61.24%, Valid: 60.18%, Test In: 60.07% Test OOD1: 62.47% Test OOD2: 51.27% Test OOD3: 59.02% 
Epoch: 39, Loss: 3.9922, Cls: 1.3281, Ind: 0.0002, Med: 0.6633, Spu: 0.0001, FD: 1.3337, FDAug: 0.6669, Var: 0.0000, Ctx: 6, MixCtx: 3, Train: 61.60%, Valid: 60.43%, Test In: 60.41% Test OOD1: 62.62% Test OOD2: 51.32% Test OOD3: 59.21% 
Epoch: 40, Loss: 3.9823, Cls: 1.3245, Ind: 0.0002, Med: 0.6615, Spu: 0.0000, FD: 1.3307, FDAug: 0.6654, Var: 0.0000, Ctx: 6, MixCtx: 3, Train: 62.01%, Valid: 60.73%, Test In: 60.82% Test OOD1: 62.78% Test OOD2: 51.37% Test OOD3: 59.43% 
Epoch: 41, Loss: 3.9702, Cls: 1.3202, Ind: 0.0002, Med: 0.6593, Spu: 0.0001, FD: 1.3269, FDAug: 0.6635, Var: 0.0000, Ctx: 6, MixCtx: 3, Train: 62.45%, Valid: 61.04%, Test In: 61.25% Test OOD1: 62.95% Test OOD2: 51.42% Test OOD3: 59.64% 
Epoch: 42, Loss: 3.9564, Cls: 1.3153, Ind: 0.0002, Med: 0.6569, Spu: 0.0001, FD: 1.3225, FDAug: 0.6613, Var: 0.0000, Ctx: 6, MixCtx: 3, Train: 62.89%, Valid: 61.33%, Test In: 61.66% Test OOD1: 63.10% Test OOD2: 51.48% Test OOD3: 59.86% 
Epoch: 43, Loss: 3.9411, Cls: 1.3101, Ind: 0.0002, Med: 0.6544, Spu: 0.0001, FD: 1.3175, FDAug: 0.6588, Var: 0.0000, Ctx: 6, MixCtx: 3, Train: 63.54%, Valid: 61.78%, Test In: 62.26% Test OOD1: 63.35% Test OOD2: 51.56% Test OOD3: 60.16% 
Epoch: 44, Loss: 3.9253, Cls: 1.3050, Ind: 0.0002, Med: 0.6523, Spu: 0.0001, FD: 1.3117, FDAug: 0.6559, Var: 0.0000, Ctx: 6, MixCtx: 3, Train: 64.15%, Valid: 62.21%, Test In: 62.84% Test OOD1: 63.60% Test OOD2: 51.65% Test OOD3: 60.44% 
Epoch: 45, Loss: 3.9083, Cls: 1.2996, Ind: 0.0003, Med: 0.6503, Spu: 0.0002, FD: 1.3052, FDAug: 0.6526, Var: 0.0000, Ctx: 6, MixCtx: 3, Train: 65.23%, Valid: 62.96%, Test In: 63.86% Test OOD1: 64.01% Test OOD2: 51.81% Test OOD3: 60.91% 
Epoch: 46, Loss: 3.8915, Cls: 1.2946, Ind: 0.0003, Med: 0.6485, Spu: 0.0004, FD: 1.2984, FDAug: 0.6493, Var: 0.0000, Ctx: 6, MixCtx: 3, Train: 65.61%, Valid: 63.29%, Test In: 64.21% Test OOD1: 64.22% Test OOD2: 51.83% Test OOD3: 61.08% 
Epoch: 47, Loss: 3.8796, Cls: 1.2919, Ind: 0.0002, Med: 0.6475, Spu: 0.0002, FD: 1.2932, FDAug: 0.6466, Var: 0.0000, Ctx: 6, MixCtx: 3, Train: 66.87%, Valid: 64.20%, Test In: 65.42% Test OOD1: 64.73% Test OOD2: 52.00% Test OOD3: 61.59% 
Epoch: 48, Loss: 3.8477, Cls: 1.2801, Ind: 0.0003, Med: 0.6410, Spu: 0.0004, FD: 1.2838, FDAug: 0.6421, Var: 0.0000, Ctx: 6, MixCtx: 3, Train: 67.89%, Valid: 64.97%, Test In: 66.43% Test OOD1: 65.15% Test OOD2: 52.11% Test OOD3: 61.98% 
Epoch: 49, Loss: 3.8260, Cls: 1.2728, Ind: 0.0003, Med: 0.6368, Spu: 0.0004, FD: 1.2769, FDAug: 0.6387, Var: 0.0000, Ctx: 6, MixCtx: 3, Train: 68.51%, Valid: 65.51%, Test In: 67.03% Test OOD1: 65.49% Test OOD2: 52.11% Test OOD3: 62.21% 
Epoch: 50, Loss: 3.8068, Cls: 1.2679, Ind: 0.0002, Med: 0.6347, Spu: 0.0004, FD: 1.2689, FDAug: 0.6345, Var: 0.0000, Ctx: 6, MixCtx: 3, Train: 69.73%, Valid: 66.40%, Test In: 68.29% Test OOD1: 65.96% Test OOD2: 52.33% Test OOD3: 62.61% 
Epoch: 51, Loss: 3.7653, Cls: 1.2526, Ind: 0.0003, Med: 0.6260, Spu: 0.0005, FD: 1.2572, FDAug: 0.6288, Var: 0.0000, Ctx: 6, MixCtx: 3, Train: 70.63%, Valid: 67.06%, Test In: 69.19% Test OOD1: 66.25% Test OOD2: 52.48% Test OOD3: 62.84% 
Epoch: 52, Loss: 3.7404, Cls: 1.2440, Ind: 0.0003, Med: 0.6213, Spu: 0.0006, FD: 1.2494, FDAug: 0.6249, Var: 0.0000, Ctx: 6, MixCtx: 3, Train: 70.93%, Valid: 67.39%, Test In: 69.50% Test OOD1: 66.39% Test OOD2: 52.48% Test OOD3: 62.95% 
Epoch: 53, Loss: 3.7304, Cls: 1.2435, Ind: 0.0002, Med: 0.6224, Spu: 0.0009, FD: 1.2423, FDAug: 0.6211, Var: 0.0000, Ctx: 6, MixCtx: 3, Train: 71.73%, Valid: 67.90%, Test In: 70.35% Test OOD1: 66.30% Test OOD2: 52.74% Test OOD3: 63.09% 
Epoch: 54, Loss: 3.6954, Cls: 1.2285, Ind: 0.0002, Med: 0.6132, Spu: 0.0006, FD: 1.2351, FDAug: 0.6177, Var: 0.0000, Ctx: 6, MixCtx: 3, Train: 71.96%, Valid: 68.13%, Test In: 70.60% Test OOD1: 66.31% Test OOD2: 52.75% Test OOD3: 63.12% 
Epoch: 55, Loss: 3.6574, Cls: 1.2177, Ind: 0.0002, Med: 0.6087, Spu: 0.0006, FD: 1.2201, FDAug: 0.6101, Var: 0.0000, Ctx: 6, MixCtx: 3, Train: 72.15%, Valid: 68.34%, Test In: 70.82% Test OOD1: 66.29% Test OOD2: 52.77% Test OOD3: 63.14% 
Epoch: 56, Loss: 3.6594, Cls: 1.2201, Ind: 0.0003, Med: 0.6108, Spu: 0.0006, FD: 1.2185, FDAug: 0.6091, Var: 0.0000, Ctx: 6, MixCtx: 3, Train: 72.27%, Valid: 68.25%, Test In: 71.25% Test OOD1: 65.54% Test OOD2: 52.96% Test OOD3: 63.04% 
Epoch: 57, Loss: 3.6810, Cls: 1.2240, Ind: 0.0002, Med: 0.6109, Spu: 0.0003, FD: 1.2303, FDAug: 0.6152, Var: 0.0000, Ctx: 6, MixCtx: 3, Train: 72.47%, Valid: 68.61%, Test In: 71.28% Test OOD1: 65.93% Test OOD2: 52.91% Test OOD3: 63.13% 
Epoch: 58, Loss: 3.6381, Cls: 1.2129, Ind: 0.0003, Med: 0.6068, Spu: 0.0002, FD: 1.2120, FDAug: 0.6059, Var: 0.0000, Ctx: 6, MixCtx: 3, Train: 72.57%, Valid: 68.67%, Test In: 71.46% Test OOD1: 65.75% Test OOD2: 52.97% Test OOD3: 63.12% 
Epoch: 59, Loss: 3.6253, Cls: 1.2082, Ind: 0.0002, Med: 0.6042, Spu: 0.0001, FD: 1.2084, FDAug: 0.6041, Var: 0.0000, Ctx: 6, MixCtx: 3, Train: 72.57%, Valid: 68.49%, Test In: 71.62% Test OOD1: 65.21% Test OOD2: 53.01% Test OOD3: 63.04% 
Epoch: 60, Loss: 3.6489, Cls: 1.2156, Ind: 0.0002, Med: 0.6076, Spu: 0.0001, FD: 1.2169, FDAug: 0.6086, Var: 0.0000, Ctx: 6, MixCtx: 3, Train: 72.77%, Valid: 68.84%, Test In: 71.70% Test OOD1: 65.67% Test OOD2: 53.05% Test OOD3: 63.15% 
Epoch: 61, Loss: 3.6203, Cls: 1.2060, Ind: 0.0002, Med: 0.6028, Spu: 0.0001, FD: 1.2075, FDAug: 0.6037, Var: 0.0000, Ctx: 6, MixCtx: 3, Train: 72.88%, Valid: 68.92%, Test In: 71.79% Test OOD1: 65.69% Test OOD2: 53.07% Test OOD3: 63.17% 
Epoch: 62, Loss: 3.6174, Cls: 1.2046, Ind: 0.0002, Med: 0.6020, Spu: 0.0001, FD: 1.2070, FDAug: 0.6035, Var: 0.0000, Ctx: 6, MixCtx: 3, Train: 72.91%, Valid: 68.80%, Test In: 71.91% Test OOD1: 65.22% Test OOD2: 53.07% Test OOD3: 63.05% 
Epoch: 63, Loss: 3.6304, Cls: 1.2103, Ind: 0.0002, Med: 0.6056, Spu: 0.0001, FD: 1.2094, FDAug: 0.6049, Var: 0.0000, Ctx: 6, MixCtx: 3, Train: 73.08%, Valid: 69.11%, Test In: 71.97% Test OOD1: 65.65% Test OOD2: 53.08% Test OOD3: 63.20% 
Epoch: 64, Loss: 3.6024, Cls: 1.1996, Ind: 0.0002, Med: 0.5995, Spu: 0.0001, FD: 1.2020, FDAug: 0.6010, Var: 0.0000, Ctx: 6, MixCtx: 3, Train: 73.18%, Valid: 69.28%, Test In: 71.98% Test OOD1: 65.89% Test OOD2: 53.08% Test OOD3: 63.25% 
Epoch: 65, Loss: 3.6081, Cls: 1.2009, Ind: 0.0002, Med: 0.5998, Spu: 0.0001, FD: 1.2048, FDAug: 0.6023, Var: 0.0000, Ctx: 6, MixCtx: 3, Train: 73.26%, Valid: 69.23%, Test In: 72.18% Test OOD1: 65.48% Test OOD2: 53.12% Test OOD3: 63.17% 
Epoch: 66, Loss: 3.6082, Cls: 1.2032, Ind: 0.0001, Med: 0.6022, Spu: 0.0001, FD: 1.2016, FDAug: 0.6009, Var: 0.0000, Ctx: 6, MixCtx: 3, Train: 73.39%, Valid: 69.49%, Test In: 72.19% Test OOD1: 65.85% Test OOD2: 53.12% Test OOD3: 63.28% 
Epoch: 67, Loss: 3.5843, Cls: 1.1943, Ind: 0.0001, Med: 0.5972, Spu: 0.0001, FD: 1.1950, FDAug: 0.5975, Var: 0.0000, Ctx: 6, MixCtx: 3, Train: 73.44%, Valid: 69.64%, Test In: 72.17% Test OOD1: 66.15% Test OOD2: 53.10% Test OOD3: 63.37% 
Epoch: 68, Loss: 3.5960, Cls: 1.1973, Ind: 0.0002, Med: 0.5981, Spu: 0.0001, FD: 1.2003, FDAug: 0.6000, Var: 0.0000, Ctx: 6, MixCtx: 3, Train: 73.60%, Valid: 69.70%, Test In: 72.39% Test OOD1: 65.91% Test OOD2: 53.15% Test OOD3: 63.30% 
Epoch: 69, Loss: 3.5840, Cls: 1.1948, Ind: 0.0001, Med: 0.5976, Spu: 0.0001, FD: 1.1942, FDAug: 0.5972, Var: 0.0000, Ctx: 6, MixCtx: 3, Train: 73.69%, Valid: 69.89%, Test In: 72.45% Test OOD1: 66.13% Test OOD2: 53.12% Test OOD3: 63.37% 
Epoch: 70, Loss: 3.5707, Cls: 1.1901, Ind: 0.0001, Med: 0.5951, Spu: 0.0001, FD: 1.1902, FDAug: 0.5951, Var: 0.0000, Ctx: 6, MixCtx: 3, Train: 73.72%, Valid: 70.05%, Test In: 72.38% Test OOD1: 66.52% Test OOD2: 53.10% Test OOD3: 63.48% 
Epoch: 71, Loss: 3.5810, Cls: 1.1932, Ind: 0.0001, Med: 0.5965, Spu: 0.0001, FD: 1.1941, FDAug: 0.5969, Var: 0.0000, Ctx: 6, MixCtx: 3, Train: 73.91%, Valid: 70.21%, Test In: 72.66% Test OOD1: 66.39% Test OOD2: 53.11% Test OOD3: 63.45% 
Epoch: 72, Loss: 3.5634, Cls: 1.1874, Ind: 0.0001, Med: 0.5936, Spu: 0.0000, FD: 1.1882, FDAug: 0.5941, Var: 0.0000, Ctx: 6, MixCtx: 3, Train: 74.00%, Valid: 70.35%, Test In: 72.76% Test OOD1: 66.46% Test OOD2: 53.09% Test OOD3: 63.46% 
Epoch: 73, Loss: 3.5566, Cls: 1.1851, Ind: 0.0001, Med: 0.5924, Spu: 0.0000, FD: 1.1860, FDAug: 0.5930, Var: 0.0000, Ctx: 6, MixCtx: 3, Train: 74.01%, Valid: 70.42%, Test In: 72.71% Test OOD1: 66.75% Test OOD2: 53.06% Test OOD3: 63.52% 
Epoch: 74, Loss: 3.5640, Cls: 1.1881, Ind: 0.0001, Med: 0.5942, Spu: 0.0000, FD: 1.1878, FDAug: 0.5938, Var: 0.0000, Ctx: 6, MixCtx: 3, Train: 74.22%, Valid: 70.61%, Test In: 73.03% Test OOD1: 66.42% Test OOD2: 53.09% Test OOD3: 63.41% 
Epoch: 75, Loss: 3.5497, Cls: 1.1827, Ind: 0.0000, Med: 0.5912, Spu: 0.0000, FD: 1.1838, FDAug: 0.5920, Var: 0.0000, Ctx: 6, MixCtx: 3, Train: 74.30%, Valid: 70.74%, Test In: 73.11% Test OOD1: 66.50% Test OOD2: 53.08% Test OOD3: 63.43% 
Epoch: 76, Loss: 3.5393, Cls: 1.1794, Ind: 0.0000, Med: 0.5897, Spu: 0.0000, FD: 1.1801, FDAug: 0.5901, Var: 0.0000, Ctx: 6, MixCtx: 3, Train: 74.33%, Valid: 70.82%, Test In: 73.10% Test OOD1: 66.77% Test OOD2: 53.04% Test OOD3: 63.49% 
Epoch: 77, Loss: 3.5471, Cls: 1.1824, Ind: 0.0000, Med: 0.5913, Spu: 0.0000, FD: 1.1824, FDAug: 0.5910, Var: 0.0000, Ctx: 6, MixCtx: 3, Train: 74.51%, Valid: 70.96%, Test In: 73.38% Test OOD1: 66.22% Test OOD2: 53.08% Test OOD3: 63.30% 
Epoch: 78, Loss: 3.5470, Cls: 1.1821, Ind: 0.0000, Med: 0.5910, Spu: 0.0000, FD: 1.1825, FDAug: 0.5914, Var: 0.0000, Ctx: 6, MixCtx: 3, Train: 74.55%, Valid: 71.07%, Test In: 73.35% Test OOD1: 66.68% Test OOD2: 53.05% Test OOD3: 63.45% 
Epoch: 79, Loss: 3.5302, Cls: 1.1766, Ind: 0.0000, Med: 0.5883, Spu: 0.0000, FD: 1.1769, FDAug: 0.5884, Var: 0.0000, Ctx: 6, MixCtx: 3, Train: 74.66%, Valid: 71.20%, Test In: 73.49% Test OOD1: 66.56% Test OOD2: 53.06% Test OOD3: 63.41% 
Epoch: 80, Loss: 3.5212, Cls: 1.1735, Ind: 0.0000, Med: 0.5868, Spu: 0.0000, FD: 1.1739, FDAug: 0.5870, Var: 0.0000, Ctx: 6, MixCtx: 3, Train: 74.76%, Valid: 71.29%, Test In: 73.63% Test OOD1: 66.24% Test OOD2: 53.08% Test OOD3: 63.29% 
Epoch: 81, Loss: 3.5271, Cls: 1.1756, Ind: 0.0000, Med: 0.5879, Spu: 0.0000, FD: 1.1756, FDAug: 0.5880, Var: 0.0000, Ctx: 6, MixCtx: 3, Train: 74.78%, Valid: 71.39%, Test In: 73.56% Test OOD1: 66.85% Test OOD2: 53.02% Test OOD3: 63.48% 
Epoch: 82, Loss: 3.5350, Cls: 1.1781, Ind: 0.0000, Med: 0.5890, Spu: 0.0000, FD: 1.1787, FDAug: 0.5891, Var: 0.0000, Ctx: 6, MixCtx: 3, Train: 74.91%, Valid: 71.47%, Test In: 73.80% Test OOD1: 66.01% Test OOD2: 53.10% Test OOD3: 63.19% 
Epoch: 83, Loss: 3.5348, Cls: 1.1782, Ind: 0.0000, Med: 0.5892, Spu: 0.0000, FD: 1.1781, FDAug: 0.5893, Var: 0.0000, Ctx: 6, MixCtx: 3, Train: 74.97%, Valid: 71.59%, Test In: 73.76% Test OOD1: 66.69% Test OOD2: 53.08% Test OOD3: 63.43% 
Epoch: 84, Loss: 3.5143, Cls: 1.1712, Ind: 0.0000, Med: 0.5856, Spu: 0.0000, FD: 1.1716, FDAug: 0.5857, Var: 0.0000, Ctx: 6, MixCtx: 3, Train: 75.06%, Valid: 71.69%, Test In: 73.86% Test OOD1: 66.49% Test OOD2: 53.11% Test OOD3: 63.37% 
Epoch: 85, Loss: 3.5042, Cls: 1.1679, Ind: 0.0000, Med: 0.5839, Spu: 0.0000, FD: 1.1682, FDAug: 0.5841, Var: 0.0000, Ctx: 6, MixCtx: 3, Train: 75.13%, Valid: 71.78%, Test In: 73.97% Test OOD1: 66.20% Test OOD2: 53.15% Test OOD3: 63.26% 
Epoch: 86, Loss: 3.5099, Cls: 1.1698, Ind: 0.0000, Med: 0.5849, Spu: 0.0000, FD: 1.1700, FDAug: 0.5852, Var: 0.0000, Ctx: 6, MixCtx: 3, Train: 75.16%, Valid: 71.87%, Test In: 73.91% Test OOD1: 66.81% Test OOD2: 53.13% Test OOD3: 63.48% 
Epoch: 87, Loss: 3.5139, Cls: 1.1712, Ind: 0.0000, Med: 0.5856, Spu: 0.0000, FD: 1.1716, FDAug: 0.5856, Var: 0.0000, Ctx: 6, MixCtx: 3, Train: 75.26%, Valid: 71.97%, Test In: 74.08% Test OOD1: 66.19% Test OOD2: 53.19% Test OOD3: 63.27% 
Epoch: 88, Loss: 3.5096, Cls: 1.1697, Ind: 0.0000, Med: 0.5849, Spu: 0.0000, FD: 1.1698, FDAug: 0.5851, Var: 0.0000, Ctx: 6, MixCtx: 3, Train: 75.30%, Valid: 72.05%, Test In: 74.03% Test OOD1: 66.73% Test OOD2: 53.18% Test OOD3: 63.45% 
Epoch: 89, Loss: 3.4970, Cls: 1.1655, Ind: 0.0000, Med: 0.5827, Spu: 0.0000, FD: 1.1659, FDAug: 0.5829, Var: 0.0000, Ctx: 6, MixCtx: 3, Train: 75.36%, Valid: 72.14%, Test In: 74.10% Test OOD1: 66.69% Test OOD2: 53.20% Test OOD3: 63.44% 
Epoch: 90, Loss: 3.4917, Cls: 1.1637, Ind: 0.0000, Med: 0.5819, Spu: 0.0000, FD: 1.1640, FDAug: 0.5820, Var: 0.0000, Ctx: 6, MixCtx: 3, Train: 75.44%, Valid: 72.23%, Test In: 74.17% Test OOD1: 66.47% Test OOD2: 53.22% Test OOD3: 63.38% 
Epoch: 91, Loss: 3.4958, Cls: 1.1651, Ind: 0.0000, Med: 0.5826, Spu: 0.0000, FD: 1.1652, FDAug: 0.5828, Var: 0.0000, Ctx: 6, MixCtx: 3, Train: 75.41%, Valid: 72.28%, Test In: 74.07% Test OOD1: 66.98% Test OOD2: 53.17% Test OOD3: 63.55% 
Epoch: 92, Loss: 3.5020, Cls: 1.1672, Ind: 0.0000, Med: 0.5836, Spu: 0.0000, FD: 1.1676, FDAug: 0.5836, Var: 0.0000, Ctx: 6, MixCtx: 3, Train: 75.53%, Valid: 72.37%, Test In: 74.23% Test OOD1: 66.36% Test OOD2: 53.25% Test OOD3: 63.36% 
Epoch: 93, Loss: 3.5069, Cls: 1.1688, Ind: 0.0000, Med: 0.5845, Spu: 0.0000, FD: 1.1688, FDAug: 0.5847, Var: 0.0000, Ctx: 6, MixCtx: 3, Train: 75.49%, Valid: 72.42%, Test In: 74.11% Test OOD1: 67.02% Test OOD2: 53.17% Test OOD3: 63.57% 
Epoch: 94, Loss: 3.5013, Cls: 1.1671, Ind: 0.0000, Med: 0.5836, Spu: 0.0000, FD: 1.1672, FDAug: 0.5833, Var: 0.0000, Ctx: 6, MixCtx: 3, Train: 75.61%, Valid: 72.51%, Test In: 74.27% Test OOD1: 66.52% Test OOD2: 53.24% Test OOD3: 63.41% 
Epoch: 95, Loss: 3.4914, Cls: 1.1636, Ind: 0.0000, Med: 0.5818, Spu: 0.0000, FD: 1.1638, FDAug: 0.5821, Var: 0.0000, Ctx: 6, MixCtx: 3, Train: 75.61%, Valid: 72.55%, Test In: 74.22% Test OOD1: 66.84% Test OOD2: 53.20% Test OOD3: 63.51% 
Epoch: 96, Loss: 3.4810, Cls: 1.1603, Ind: 0.0000, Med: 0.5802, Spu: 0.0000, FD: 1.1603, FDAug: 0.5801, Var: 0.0000, Ctx: 6, MixCtx: 3, Train: 75.66%, Valid: 72.60%, Test In: 74.25% Test OOD1: 66.84% Test OOD2: 53.20% Test OOD3: 63.51% 
Epoch: 97, Loss: 3.4790, Cls: 1.1596, Ind: 0.0000, Med: 0.5799, Spu: 0.0000, FD: 1.1596, FDAug: 0.5798, Var: 0.0000, Ctx: 6, MixCtx: 3, Train: 75.72%, Valid: 72.66%, Test In: 74.32% Test OOD1: 66.60% Test OOD2: 53.24% Test OOD3: 63.44% 
Epoch: 98, Loss: 3.4839, Cls: 1.1611, Ind: 0.0000, Med: 0.5806, Spu: 0.0000, FD: 1.1613, FDAug: 0.5808, Var: 0.0000, Ctx: 6, MixCtx: 3, Train: 75.69%, Valid: 72.67%, Test In: 74.23% Test OOD1: 67.03% Test OOD2: 53.18% Test OOD3: 63.59% 
Epoch: 99, Loss: 3.4914, Cls: 1.1638, Ind: 0.0000, Med: 0.5820, Spu: 0.0000, FD: 1.1639, FDAug: 0.5816, Var: 0.0000, Ctx: 6, MixCtx: 3, Train: 75.79%, Valid: 72.74%, Test In: 74.36% Test OOD1: 66.44% Test OOD2: 53.27% Test OOD3: 63.41% 
Epoch: 100, Loss: 3.5000, Cls: 1.1666, Ind: 0.0000, Med: 0.5834, Spu: 0.0000, FD: 1.1664, FDAug: 0.5835, Var: 0.0000, Ctx: 6, MixCtx: 3, Train: 75.76%, Valid: 72.74%, Test In: 74.26% Test OOD1: 67.08% Test OOD2: 53.19% Test OOD3: 63.61% 
Epoch: 101, Loss: 3.4950, Cls: 1.1651, Ind: 0.0000, Med: 0.5826, Spu: 0.0000, FD: 1.1651, FDAug: 0.5822, Var: 0.0000, Ctx: 6, MixCtx: 3, Train: 75.86%, Valid: 72.82%, Test In: 74.38% Test OOD1: 66.55% Test OOD2: 53.26% Test OOD3: 63.46% 
Epoch: 102, Loss: 3.4851, Cls: 1.1615, Ind: 0.0000, Med: 0.5808, Spu: 0.0000, FD: 1.1616, FDAug: 0.5811, Var: 0.0000, Ctx: 6, MixCtx: 3, Train: 75.87%, Valid: 72.85%, Test In: 74.34% Test OOD1: 66.94% Test OOD2: 53.21% Test OOD3: 63.58% 
Epoch: 103, Loss: 3.4706, Cls: 1.1568, Ind: 0.0000, Med: 0.5785, Spu: 0.0000, FD: 1.1569, FDAug: 0.5784, Var: 0.0000, Ctx: 6, MixCtx: 3, Train: 75.92%, Valid: 72.88%, Test In: 74.37% Test OOD1: 66.91% Test OOD2: 53.22% Test OOD3: 63.58% 
Epoch: 104, Loss: 3.4662, Cls: 1.1553, Ind: 0.0000, Med: 0.5777, Spu: 0.0000, FD: 1.1554, FDAug: 0.5777, Var: 0.0000, Ctx: 6, MixCtx: 3, Train: 75.97%, Valid: 72.94%, Test In: 74.42% Test OOD1: 66.72% Test OOD2: 53.26% Test OOD3: 63.54% 
Epoch: 105, Loss: 3.4722, Cls: 1.1573, Ind: 0.0000, Med: 0.5787, Spu: 0.0000, FD: 1.1573, FDAug: 0.5789, Var: 0.0000, Ctx: 6, MixCtx: 3, Train: 75.96%, Valid: 72.92%, Test In: 74.35% Test OOD1: 67.17% Test OOD2: 53.18% Test OOD3: 63.69% 
Epoch: 106, Loss: 3.4785, Cls: 1.1595, Ind: 0.0000, Med: 0.5798, Spu: 0.0000, FD: 1.1597, FDAug: 0.5795, Var: 0.0000, Ctx: 6, MixCtx: 3, Train: 76.05%, Valid: 73.02%, Test In: 74.45% Test OOD1: 66.74% Test OOD2: 53.28% Test OOD3: 63.55% 
Epoch: 107, Loss: 3.4830, Cls: 1.1610, Ind: 0.0000, Med: 0.5806, Spu: 0.0000, FD: 1.1606, FDAug: 0.5807, Var: 0.0000, Ctx: 6, MixCtx: 3, Train: 76.04%, Valid: 72.98%, Test In: 74.38% Test OOD1: 67.26% Test OOD2: 53.17% Test OOD3: 63.74% 
Epoch: 108, Loss: 3.4750, Cls: 1.1583, Ind: 0.0000, Med: 0.5791, Spu: 0.0000, FD: 1.1586, FDAug: 0.5790, Var: 0.0000, Ctx: 6, MixCtx: 3, Train: 76.12%, Valid: 73.07%, Test In: 74.46% Test OOD1: 66.94% Test OOD2: 53.26% Test OOD3: 63.64% 
Epoch: 109, Loss: 3.4650, Cls: 1.1550, Ind: 0.0000, Med: 0.5776, Spu: 0.0000, FD: 1.1547, FDAug: 0.5776, Var: 0.0000, Ctx: 6, MixCtx: 3, Train: 76.14%, Valid: 73.06%, Test In: 74.44% Test OOD1: 67.18% Test OOD2: 53.21% Test OOD3: 63.73% 
Epoch: 110, Loss: 3.4560, Cls: 1.1520, Ind: 0.0000, Med: 0.5760, Spu: 0.0000, FD: 1.1520, FDAug: 0.5760, Var: 0.0000, Ctx: 6, MixCtx: 3, Train: 76.18%, Valid: 73.10%, Test In: 74.46% Test OOD1: 67.19% Test OOD2: 53.21% Test OOD3: 63.75% 
Epoch: 111, Loss: 3.4535, Cls: 1.1511, Ind: 0.0000, Med: 0.5756, Spu: 0.0000, FD: 1.1511, FDAug: 0.5756, Var: 0.0000, Ctx: 6, MixCtx: 3, Train: 76.24%, Valid: 73.15%, Test In: 74.50% Test OOD1: 67.07% Test OOD2: 53.25% Test OOD3: 63.71% 
Epoch: 112, Loss: 3.4564, Cls: 1.1522, Ind: 0.0000, Med: 0.5762, Spu: 0.0000, FD: 1.1519, FDAug: 0.5761, Var: 0.0000, Ctx: 6, MixCtx: 3, Train: 76.22%, Valid: 73.11%, Test In: 74.47% Test OOD1: 67.35% Test OOD2: 53.19% Test OOD3: 63.84% 
Epoch: 113, Loss: 3.4624, Cls: 1.1540, Ind: 0.0000, Med: 0.5770, Spu: 0.0000, FD: 1.1544, FDAug: 0.5769, Var: 0.0000, Ctx: 6, MixCtx: 3, Train: 76.31%, Valid: 73.24%, Test In: 74.55% Test OOD1: 66.98% Test OOD2: 53.29% Test OOD3: 63.68% 
Epoch: 114, Loss: 3.4744, Cls: 1.1583, Ind: 0.0000, Med: 0.5793, Spu: 0.0000, FD: 1.1576, FDAug: 0.5792, Var: 0.0000, Ctx: 6, MixCtx: 3, Train: 76.26%, Valid: 73.13%, Test In: 74.48% Test OOD1: 67.47% Test OOD2: 53.20% Test OOD3: 63.91% 
Epoch: 115, Loss: 3.4873, Cls: 1.1623, Ind: 0.0000, Med: 0.5811, Spu: 0.0000, FD: 1.1630, FDAug: 0.5809, Var: 0.0000, Ctx: 6, MixCtx: 3, Train: 76.37%, Valid: 73.31%, Test In: 74.58% Test OOD1: 66.86% Test OOD2: 53.36% Test OOD3: 63.65% 
Epoch: 116, Loss: 3.5012, Cls: 1.1671, Ind: 0.0000, Med: 0.5838, Spu: 0.0000, FD: 1.1665, FDAug: 0.5838, Var: 0.0000, Ctx: 6, MixCtx: 3, Train: 76.33%, Valid: 73.17%, Test In: 74.51% Test OOD1: 67.47% Test OOD2: 53.24% Test OOD3: 63.93% 
Epoch: 117, Loss: 3.4780, Cls: 1.1595, Ind: 0.0000, Med: 0.5798, Spu: 0.0000, FD: 1.1594, FDAug: 0.5792, Var: 0.0000, Ctx: 6, MixCtx: 3, Train: 76.45%, Valid: 73.28%, Test In: 74.58% Test OOD1: 67.19% Test OOD2: 53.34% Test OOD3: 63.83% 
Epoch: 118, Loss: 3.4482, Cls: 1.1493, Ind: 0.0000, Med: 0.5747, Spu: 0.0000, FD: 1.1492, FDAug: 0.5749, Var: 0.0000, Ctx: 6, MixCtx: 3, Train: 76.48%, Valid: 73.28%, Test In: 74.58% Test OOD1: 67.29% Test OOD2: 53.34% Test OOD3: 63.87% 
Epoch: 119, Loss: 3.4440, Cls: 1.1479, Ind: 0.0000, Med: 0.5740, Spu: 0.0000, FD: 1.1478, FDAug: 0.5742, Var: 0.0000, Ctx: 6, MixCtx: 3, Train: 76.43%, Valid: 73.19%, Test In: 74.52% Test OOD1: 67.60% Test OOD2: 53.29% Test OOD3: 64.01% 
Epoch: 120, Loss: 3.4614, Cls: 1.1540, Ind: 0.0000, Med: 0.5771, Spu: 0.0000, FD: 1.1538, FDAug: 0.5765, Var: 0.0000, Ctx: 6, MixCtx: 3, Train: 76.55%, Valid: 73.35%, Test In: 74.59% Test OOD1: 67.29% Test OOD2: 53.43% Test OOD3: 63.84% 
Epoch: 121, Loss: 3.4679, Cls: 1.1559, Ind: 0.0000, Med: 0.5781, Spu: 0.0000, FD: 1.1556, FDAug: 0.5783, Var: 0.0000, Ctx: 6, MixCtx: 3, Train: 76.49%, Valid: 73.21%, Test In: 74.53% Test OOD1: 67.65% Test OOD2: 53.33% Test OOD3: 64.05% 
Epoch: 122, Loss: 3.4490, Cls: 1.1497, Ind: 0.0000, Med: 0.5749, Spu: 0.0000, FD: 1.1497, FDAug: 0.5746, Var: 0.0000, Ctx: 6, MixCtx: 3, Train: 76.59%, Valid: 73.29%, Test In: 74.58% Test OOD1: 67.53% Test OOD2: 53.40% Test OOD3: 64.00% 
Epoch: 123, Loss: 3.4343, Cls: 1.1448, Ind: 0.0000, Med: 0.5725, Spu: 0.0000, FD: 1.1446, FDAug: 0.5724, Var: 0.0000, Ctx: 6, MixCtx: 3, Train: 76.65%, Valid: 73.35%, Test In: 74.62% Test OOD1: 67.43% Test OOD2: 53.46% Test OOD3: 63.96% 
Epoch: 124, Loss: 3.4396, Cls: 1.1465, Ind: 0.0000, Med: 0.5733, Spu: 0.0000, FD: 1.1463, FDAug: 0.5734, Var: 0.0000, Ctx: 6, MixCtx: 3, Train: 76.60%, Valid: 73.26%, Test In: 74.58% Test OOD1: 67.67% Test OOD2: 53.39% Test OOD3: 64.09% 
Epoch: 125, Loss: 3.4506, Cls: 1.1503, Ind: 0.0000, Med: 0.5752, Spu: 0.0000, FD: 1.1502, FDAug: 0.5748, Var: 0.0000, Ctx: 6, MixCtx: 3, Train: 76.74%, Valid: 73.42%, Test In: 74.66% Test OOD1: 67.29% Test OOD2: 53.53% Test OOD3: 63.91% 
Epoch: 126, Loss: 3.4507, Cls: 1.1500, Ind: 0.0000, Med: 0.5751, Spu: 0.0000, FD: 1.1501, FDAug: 0.5754, Var: 0.0000, Ctx: 6, MixCtx: 3, Train: 76.72%, Valid: 73.33%, Test In: 74.64% Test OOD1: 67.58% Test OOD2: 53.46% Test OOD3: 64.07% 
Epoch: 127, Loss: 3.4357, Cls: 1.1454, Ind: 0.0000, Med: 0.5728, Spu: 0.0000, FD: 1.1451, FDAug: 0.5724, Var: 0.0000, Ctx: 6, MixCtx: 3, Train: 76.80%, Valid: 73.39%, Test In: 74.68% Test OOD1: 67.46% Test OOD2: 53.52% Test OOD3: 64.02% 
Epoch: 128, Loss: 3.4256, Cls: 1.1419, Ind: 0.0000, Med: 0.5710, Spu: 0.0000, FD: 1.1417, FDAug: 0.5710, Var: 0.0000, Ctx: 6, MixCtx: 3, Train: 76.84%, Valid: 73.43%, Test In: 74.70% Test OOD1: 67.43% Test OOD2: 53.54% Test OOD3: 64.00% 
Epoch: 129, Loss: 3.4264, Cls: 1.1421, Ind: 0.0000, Med: 0.5711, Spu: 0.0000, FD: 1.1420, FDAug: 0.5712, Var: 0.0000, Ctx: 6, MixCtx: 3, Train: 76.82%, Valid: 73.36%, Test In: 74.67% Test OOD1: 67.64% Test OOD2: 53.50% Test OOD3: 64.11% 
Epoch: 130, Loss: 3.4337, Cls: 1.1446, Ind: 0.0000, Med: 0.5723, Spu: 0.0000, FD: 1.1447, FDAug: 0.5721, Var: 0.0000, Ctx: 6, MixCtx: 3, Train: 76.93%, Valid: 73.50%, Test In: 74.71% Test OOD1: 67.28% Test OOD2: 53.60% Test OOD3: 63.93% 
Epoch: 131, Loss: 3.4453, Cls: 1.1485, Ind: 0.0000, Med: 0.5744, Spu: 0.0000, FD: 1.1480, FDAug: 0.5744, Var: 0.0000, Ctx: 6, MixCtx: 3, Train: 76.85%, Valid: 73.35%, Test In: 74.68% Test OOD1: 67.70% Test OOD2: 53.51% Test OOD3: 64.15% 
Epoch: 132, Loss: 3.4569, Cls: 1.1522, Ind: 0.0000, Med: 0.5760, Spu: 0.0000, FD: 1.1528, FDAug: 0.5758, Var: 0.0000, Ctx: 6, MixCtx: 3, Train: 76.98%, Valid: 73.54%, Test In: 74.72% Test OOD1: 67.09% Test OOD2: 53.66% Test OOD3: 63.85% 
Epoch: 133, Loss: 3.4667, Cls: 1.1557, Ind: 0.0000, Med: 0.5781, Spu: 0.0000, FD: 1.1550, FDAug: 0.5780, Var: 0.0000, Ctx: 6, MixCtx: 3, Train: 76.93%, Valid: 73.37%, Test In: 74.71% Test OOD1: 67.65% Test OOD2: 53.57% Test OOD3: 64.15% 
Epoch: 134, Loss: 3.4491, Cls: 1.1497, Ind: 0.0000, Med: 0.5748, Spu: 0.0000, FD: 1.1500, FDAug: 0.5746, Var: 0.0000, Ctx: 6, MixCtx: 3, Train: 77.06%, Valid: 73.50%, Test In: 74.74% Test OOD1: 67.30% Test OOD2: 53.67% Test OOD3: 63.97% 
Epoch: 135, Loss: 3.4258, Cls: 1.1419, Ind: 0.0000, Med: 0.5710, Spu: 0.0000, FD: 1.1417, FDAug: 0.5711, Var: 0.0000, Ctx: 6, MixCtx: 3, Train: 77.08%, Valid: 73.44%, Test In: 74.73% Test OOD1: 67.53% Test OOD2: 53.66% Test OOD3: 64.08% 
Epoch: 136, Loss: 3.4130, Cls: 1.1376, Ind: 0.0000, Med: 0.5689, Spu: 0.0000, FD: 1.1376, FDAug: 0.5689, Var: 0.0000, Ctx: 6, MixCtx: 3, Train: 77.06%, Valid: 73.38%, Test In: 74.71% Test OOD1: 67.75% Test OOD2: 53.63% Test OOD3: 64.18% 
Epoch: 137, Loss: 3.4225, Cls: 1.1409, Ind: 0.0000, Med: 0.5705, Spu: 0.0000, FD: 1.1409, FDAug: 0.5702, Var: 0.0000, Ctx: 6, MixCtx: 3, Train: 77.14%, Valid: 73.51%, Test In: 74.74% Test OOD1: 67.43% Test OOD2: 53.73% Test OOD3: 63.99% 
Epoch: 138, Loss: 3.4358, Cls: 1.1453, Ind: 0.0000, Med: 0.5728, Spu: 0.0000, FD: 1.1449, FDAug: 0.5728, Var: 0.0000, Ctx: 6, MixCtx: 3, Train: 77.10%, Valid: 73.36%, Test In: 74.71% Test OOD1: 67.82% Test OOD2: 53.67% Test OOD3: 64.22% 
Epoch: 139, Loss: 3.4279, Cls: 1.1426, Ind: 0.0000, Med: 0.5713, Spu: 0.0000, FD: 1.1428, FDAug: 0.5711, Var: 0.0000, Ctx: 6, MixCtx: 3, Train: 77.19%, Valid: 73.47%, Test In: 74.77% Test OOD1: 67.49% Test OOD2: 53.77% Test OOD3: 64.04% 
Epoch: 140, Loss: 3.4137, Cls: 1.1379, Ind: 0.0000, Med: 0.5690, Spu: 0.0000, FD: 1.1377, FDAug: 0.5690, Var: 0.0000, Ctx: 6, MixCtx: 3, Train: 77.21%, Valid: 73.44%, Test In: 74.78% Test OOD1: 67.55% Test OOD2: 53.78% Test OOD3: 64.09% 
Epoch: 141, Loss: 3.4057, Cls: 1.1352, Ind: 0.0000, Med: 0.5677, Spu: 0.0000, FD: 1.1352, FDAug: 0.5676, Var: 0.0000, Ctx: 6, MixCtx: 3, Train: 77.23%, Valid: 73.40%, Test In: 74.77% Test OOD1: 67.63% Test OOD2: 53.78% Test OOD3: 64.16% 
Epoch: 142, Loss: 3.4104, Cls: 1.1368, Ind: 0.0000, Med: 0.5685, Spu: 0.0000, FD: 1.1368, FDAug: 0.5682, Var: 0.0000, Ctx: 6, MixCtx: 3, Train: 77.31%, Valid: 73.49%, Test In: 74.77% Test OOD1: 67.34% Test OOD2: 53.85% Test OOD3: 64.01% 
Epoch: 143, Loss: 3.4176, Cls: 1.1391, Ind: 0.0000, Med: 0.5696, Spu: 0.0000, FD: 1.1391, FDAug: 0.5698, Var: 0.0000, Ctx: 6, MixCtx: 3, Train: 77.30%, Valid: 73.38%, Test In: 74.76% Test OOD1: 67.69% Test OOD2: 53.81% Test OOD3: 64.22% 
Epoch: 144, Loss: 3.4161, Cls: 1.1388, Ind: 0.0000, Med: 0.5694, Spu: 0.0000, FD: 1.1387, FDAug: 0.5691, Var: 0.0000, Ctx: 6, MixCtx: 3, Train: 77.38%, Valid: 73.45%, Test In: 74.76% Test OOD1: 67.38% Test OOD2: 53.89% Test OOD3: 64.04% 
Epoch: 145, Loss: 3.4095, Cls: 1.1364, Ind: 0.0000, Med: 0.5683, Spu: 0.0000, FD: 1.1364, FDAug: 0.5684, Var: 0.0000, Ctx: 6, MixCtx: 3, Train: 77.40%, Valid: 73.39%, Test In: 74.78% Test OOD1: 67.58% Test OOD2: 53.87% Test OOD3: 64.18% 
Epoch: 146, Loss: 3.4012, Cls: 1.1338, Ind: 0.0000, Med: 0.5670, Spu: 0.0000, FD: 1.1337, FDAug: 0.5667, Var: 0.0000, Ctx: 6, MixCtx: 3, Train: 77.45%, Valid: 73.42%, Test In: 74.78% Test OOD1: 67.47% Test OOD2: 53.91% Test OOD3: 64.12% 
Epoch: 147, Loss: 3.3959, Cls: 1.1319, Ind: 0.0000, Med: 0.5660, Spu: 0.0000, FD: 1.1319, FDAug: 0.5660, Var: 0.0000, Ctx: 6, MixCtx: 3, Train: 77.48%, Valid: 73.43%, Test In: 74.78% Test OOD1: 67.43% Test OOD2: 53.93% Test OOD3: 64.10% 
Epoch: 148, Loss: 3.3953, Cls: 1.1317, Ind: 0.0000, Med: 0.5659, Spu: 0.0000, FD: 1.1317, FDAug: 0.5659, Var: 0.0000, Ctx: 6, MixCtx: 3, Train: 77.49%, Valid: 73.39%, Test In: 74.79% Test OOD1: 67.59% Test OOD2: 53.92% Test OOD3: 64.19% 
Epoch: 149, Loss: 3.3981, Cls: 1.1326, Ind: 0.0000, Med: 0.5663, Spu: 0.0000, FD: 1.1328, FDAug: 0.5663, Var: 0.0000, Ctx: 6, MixCtx: 3, Train: 77.56%, Valid: 73.43%, Test In: 74.78% Test OOD1: 67.28% Test OOD2: 53.99% Test OOD3: 64.03% 
Epoch: 150, Loss: 3.4047, Cls: 1.1350, Ind: 0.0000, Med: 0.5677, Spu: 0.0000, FD: 1.1345, FDAug: 0.5675, Var: 0.0000, Ctx: 6, MixCtx: 3, Train: 77.52%, Valid: 73.37%, Test In: 74.82% Test OOD1: 67.62% Test OOD2: 53.95% Test OOD3: 64.27% 
Epoch: 151, Loss: 3.4160, Cls: 1.1385, Ind: 0.0000, Med: 0.5692, Spu: 0.0000, FD: 1.1391, FDAug: 0.5692, Var: 0.0000, Ctx: 6, MixCtx: 3, Train: 77.62%, Valid: 73.43%, Test In: 74.79% Test OOD1: 67.00% Test OOD2: 54.09% Test OOD3: 63.89% 
Epoch: 152, Loss: 3.4388, Cls: 1.1464, Ind: 0.0000, Med: 0.5734, Spu: 0.0000, FD: 1.1457, FDAug: 0.5733, Var: 0.0000, Ctx: 6, MixCtx: 3, Train: 77.54%, Valid: 73.35%, Test In: 74.85% Test OOD1: 67.66% Test OOD2: 53.97% Test OOD3: 64.34% 
Epoch: 153, Loss: 3.4481, Cls: 1.1493, Ind: 0.0000, Med: 0.5746, Spu: 0.0000, FD: 1.1498, FDAug: 0.5744, Var: 0.0000, Ctx: 6, MixCtx: 3, Train: 77.67%, Valid: 73.46%, Test In: 74.83% Test OOD1: 67.04% Test OOD2: 54.17% Test OOD3: 63.92% 
Epoch: 154, Loss: 3.4344, Cls: 1.1446, Ind: 0.0000, Med: 0.5724, Spu: 0.0000, FD: 1.1446, FDAug: 0.5727, Var: 0.0000, Ctx: 6, MixCtx: 3, Train: 77.67%, Valid: 73.43%, Test In: 74.88% Test OOD1: 67.63% Test OOD2: 54.10% Test OOD3: 64.26% 
Epoch: 155, Loss: 3.3921, Cls: 1.1308, Ind: 0.0000, Med: 0.5655, Spu: 0.0000, FD: 1.1306, FDAug: 0.5652, Var: 0.0000, Ctx: 6, MixCtx: 3, Train: 77.67%, Valid: 73.43%, Test In: 74.90% Test OOD1: 67.77% Test OOD2: 54.10% Test OOD3: 64.32% 
Epoch: 156, Loss: 3.3957, Cls: 1.1320, Ind: 0.0000, Med: 0.5661, Spu: 0.0000, FD: 1.1318, FDAug: 0.5658, Var: 0.0000, Ctx: 6, MixCtx: 3, Train: 77.71%, Valid: 73.52%, Test In: 74.88% Test OOD1: 67.37% Test OOD2: 54.23% Test OOD3: 64.03% 
Epoch: 157, Loss: 3.4215, Cls: 1.1404, Ind: 0.0000, Med: 0.5702, Spu: 0.0000, FD: 1.1404, FDAug: 0.5705, Var: 0.0000, Ctx: 6, MixCtx: 3, Train: 77.67%, Valid: 73.43%, Test In: 74.91% Test OOD1: 67.92% Test OOD2: 54.10% Test OOD3: 64.37% 
Epoch: 158, Loss: 3.3993, Cls: 1.1331, Ind: 0.0000, Med: 0.5666, Spu: 0.0000, FD: 1.1332, FDAug: 0.5664, Var: 0.0000, Ctx: 6, MixCtx: 3, Train: 77.76%, Valid: 73.50%, Test In: 74.94% Test OOD1: 67.69% Test OOD2: 54.17% Test OOD3: 64.23% 
Epoch: 159, Loss: 3.3815, Cls: 1.1271, Ind: 0.0000, Med: 0.5636, Spu: 0.0000, FD: 1.1271, FDAug: 0.5636, Var: 0.0000, Ctx: 6, MixCtx: 3, Train: 77.82%, Valid: 73.54%, Test In: 74.95% Test OOD1: 67.37% Test OOD2: 54.25% Test OOD3: 64.07% 
Epoch: 160, Loss: 3.3923, Cls: 1.1308, Ind: 0.0000, Med: 0.5654, Spu: 0.0000, FD: 1.1306, FDAug: 0.5655, Var: 0.0000, Ctx: 6, MixCtx: 3, Train: 77.81%, Valid: 73.48%, Test In: 74.98% Test OOD1: 67.68% Test OOD2: 54.15% Test OOD3: 64.30% 
Epoch: 161, Loss: 3.3962, Cls: 1.1321, Ind: 0.0000, Med: 0.5660, Spu: 0.0000, FD: 1.1322, FDAug: 0.5658, Var: 0.0000, Ctx: 6, MixCtx: 3, Train: 77.90%, Valid: 73.52%, Test In: 74.97% Test OOD1: 67.18% Test OOD2: 54.25% Test OOD3: 64.06% 
Epoch: 162, Loss: 3.3828, Cls: 1.1276, Ind: 0.0000, Med: 0.5638, Spu: 0.0000, FD: 1.1275, FDAug: 0.5639, Var: 0.0000, Ctx: 6, MixCtx: 3, Train: 77.93%, Valid: 73.49%, Test In: 74.97% Test OOD1: 67.25% Test OOD2: 54.24% Test OOD3: 64.12% 
Epoch: 163, Loss: 3.3743, Cls: 1.1247, Ind: 0.0000, Med: 0.5624, Spu: 0.0000, FD: 1.1247, FDAug: 0.5624, Var: 0.0000, Ctx: 6, MixCtx: 3, Train: 77.94%, Valid: 73.45%, Test In: 74.97% Test OOD1: 67.43% Test OOD2: 54.21% Test OOD3: 64.25% 
Epoch: 164, Loss: 3.3816, Cls: 1.1272, Ind: 0.0000, Med: 0.5636, Spu: 0.0000, FD: 1.1273, FDAug: 0.5635, Var: 0.0000, Ctx: 6, MixCtx: 3, Train: 77.97%, Valid: 73.45%, Test In: 74.91% Test OOD1: 67.01% Test OOD2: 54.30% Test OOD3: 63.97% 
Epoch: 165, Loss: 3.3931, Cls: 1.1309, Ind: 0.0000, Med: 0.5654, Spu: 0.0000, FD: 1.1310, FDAug: 0.5657, Var: 0.0000, Ctx: 6, MixCtx: 3, Train: 77.96%, Valid: 73.44%, Test In: 74.99% Test OOD1: 67.52% Test OOD2: 54.20% Test OOD3: 64.31% 
Epoch: 166, Loss: 3.3911, Cls: 1.1305, Ind: 0.0000, Med: 0.5653, Spu: 0.0000, FD: 1.1303, FDAug: 0.5649, Var: 0.0000, Ctx: 6, MixCtx: 3, Train: 78.04%, Valid: 73.48%, Test In: 75.00% Test OOD1: 66.99% Test OOD2: 54.32% Test OOD3: 63.99% 
Epoch: 167, Loss: 3.3809, Cls: 1.1268, Ind: 0.0000, Med: 0.5634, Spu: 0.0000, FD: 1.1271, FDAug: 0.5637, Var: 0.0000, Ctx: 6, MixCtx: 3, Train: 78.05%, Valid: 73.48%, Test In: 75.07% Test OOD1: 67.29% Test OOD2: 54.27% Test OOD3: 64.16% 
Epoch: 168, Loss: 3.3690, Cls: 1.1230, Ind: 0.0000, Med: 0.5615, Spu: 0.0000, FD: 1.1230, FDAug: 0.5615, Var: 0.0000, Ctx: 6, MixCtx: 3, Train: 78.10%, Valid: 73.48%, Test In: 75.07% Test OOD1: 67.35% Test OOD2: 54.29% Test OOD3: 64.19% 
Epoch: 169, Loss: 3.3660, Cls: 1.1219, Ind: 0.0000, Med: 0.5610, Spu: 0.0000, FD: 1.1221, FDAug: 0.5610, Var: 0.0000, Ctx: 6, MixCtx: 3, Train: 78.13%, Valid: 73.49%, Test In: 75.05% Test OOD1: 67.20% Test OOD2: 54.38% Test OOD3: 64.10% 
Epoch: 170, Loss: 3.3714, Cls: 1.1238, Ind: 0.0000, Med: 0.5620, Spu: 0.0000, FD: 1.1236, FDAug: 0.5619, Var: 0.0000, Ctx: 6, MixCtx: 3, Train: 78.12%, Valid: 73.47%, Test In: 75.08% Test OOD1: 67.53% Test OOD2: 54.31% Test OOD3: 64.35% 
Epoch: 171, Loss: 3.3740, Cls: 1.1244, Ind: 0.0000, Med: 0.5621, Spu: 0.0000, FD: 1.1250, FDAug: 0.5624, Var: 0.0000, Ctx: 6, MixCtx: 3, Train: 78.21%, Valid: 73.50%, Test In: 75.09% Test OOD1: 67.03% Test OOD2: 54.43% Test OOD3: 64.05% 
Epoch: 172, Loss: 3.3706, Cls: 1.1236, Ind: 0.0000, Med: 0.5620, Spu: 0.0000, FD: 1.1232, FDAug: 0.5618, Var: 0.0000, Ctx: 6, MixCtx: 3, Train: 78.22%, Valid: 73.50%, Test In: 75.14% Test OOD1: 67.25% Test OOD2: 54.37% Test OOD3: 64.22% 
Epoch: 173, Loss: 3.3635, Cls: 1.1210, Ind: 0.0000, Med: 0.5605, Spu: 0.0000, FD: 1.1214, FDAug: 0.5606, Var: 0.0000, Ctx: 6, MixCtx: 3, Train: 78.28%, Valid: 73.51%, Test In: 75.13% Test OOD1: 67.10% Test OOD2: 54.41% Test OOD3: 64.10% 
Epoch: 174, Loss: 3.3574, Cls: 1.1191, Ind: 0.0000, Med: 0.5596, Spu: 0.0000, FD: 1.1191, FDAug: 0.5596, Var: 0.0000, Ctx: 6, MixCtx: 3, Train: 78.32%, Valid: 73.49%, Test In: 75.09% Test OOD1: 67.16% Test OOD2: 54.42% Test OOD3: 64.12% 
Epoch: 175, Loss: 3.3552, Cls: 1.1184, Ind: 0.0000, Med: 0.5592, Spu: 0.0000, FD: 1.1184, FDAug: 0.5592, Var: 0.0000, Ctx: 6, MixCtx: 3, Train: 78.34%, Valid: 73.47%, Test In: 75.08% Test OOD1: 67.32% Test OOD2: 54.38% Test OOD3: 64.24% 
Epoch: 176, Loss: 3.3570, Cls: 1.1189, Ind: 0.0000, Med: 0.5595, Spu: 0.0000, FD: 1.1191, FDAug: 0.5595, Var: 0.0000, Ctx: 6, MixCtx: 3, Train: 78.39%, Valid: 73.46%, Test In: 75.02% Test OOD1: 66.95% Test OOD2: 54.45% Test OOD3: 64.00% 
Epoch: 177, Loss: 3.3609, Cls: 1.1201, Ind: 0.0000, Med: 0.5601, Spu: 0.0000, FD: 1.1204, FDAug: 0.5603, Var: 0.0000, Ctx: 6, MixCtx: 3, Train: 78.39%, Valid: 73.48%, Test In: 75.12% Test OOD1: 67.18% Test OOD2: 54.38% Test OOD3: 64.27% 
Epoch: 178, Loss: 3.3679, Cls: 1.1228, Ind: 0.0000, Med: 0.5615, Spu: 0.0000, FD: 1.1225, FDAug: 0.5611, Var: 0.0000, Ctx: 6, MixCtx: 3, Train: 78.45%, Valid: 73.46%, Test In: 75.03% Test OOD1: 66.55% Test OOD2: 54.52% Test OOD3: 63.83% 
Epoch: 179, Loss: 3.3835, Cls: 1.1275, Ind: 0.0000, Med: 0.5637, Spu: 0.0000, FD: 1.1281, FDAug: 0.5642, Var: 0.0000, Ctx: 6, MixCtx: 3, Train: 78.41%, Valid: 73.47%, Test In: 75.17% Test OOD1: 67.32% Test OOD2: 54.34% Test OOD3: 64.42% 
Epoch: 180, Loss: 3.4003, Cls: 1.1338, Ind: 0.0000, Med: 0.5671, Spu: 0.0000, FD: 1.1331, FDAug: 0.5663, Var: 0.0000, Ctx: 6, MixCtx: 3, Train: 78.49%, Valid: 73.46%, Test In: 75.06% Test OOD1: 66.60% Test OOD2: 54.61% Test OOD3: 63.83% 
Epoch: 181, Loss: 3.4099, Cls: 1.1363, Ind: 0.0000, Med: 0.5681, Spu: 0.0000, FD: 1.1368, FDAug: 0.5687, Var: 0.0000, Ctx: 6, MixCtx: 3, Train: 78.44%, Valid: 73.47%, Test In: 75.20% Test OOD1: 67.48% Test OOD2: 54.42% Test OOD3: 64.44% 
Epoch: 182, Loss: 3.3774, Cls: 1.1260, Ind: 0.0000, Med: 0.5632, Spu: 0.0000, FD: 1.1256, FDAug: 0.5626, Var: 0.0000, Ctx: 6, MixCtx: 3, Train: 78.55%, Valid: 73.53%, Test In: 75.24% Test OOD1: 67.14% Test OOD2: 54.54% Test OOD3: 64.17% 
Epoch: 183, Loss: 3.3469, Cls: 1.1155, Ind: 0.0000, Med: 0.5577, Spu: 0.0000, FD: 1.1159, FDAug: 0.5578, Var: 0.0000, Ctx: 6, MixCtx: 3, Train: 78.59%, Valid: 73.53%, Test In: 75.22% Test OOD1: 66.96% Test OOD2: 54.60% Test OOD3: 64.06% 
Epoch: 184, Loss: 3.3565, Cls: 1.1188, Ind: 0.0000, Med: 0.5594, Spu: 0.0000, FD: 1.1189, FDAug: 0.5594, Var: 0.0000, Ctx: 6, MixCtx: 3, Train: 78.55%, Valid: 73.49%, Test In: 75.23% Test OOD1: 67.41% Test OOD2: 54.46% Test OOD3: 64.44% 
Epoch: 185, Loss: 3.3729, Cls: 1.1239, Ind: 0.0000, Med: 0.5619, Spu: 0.0000, FD: 1.1247, FDAug: 0.5623, Var: 0.0000, Ctx: 6, MixCtx: 3, Train: 78.68%, Valid: 73.48%, Test In: 75.16% Test OOD1: 66.79% Test OOD2: 54.63% Test OOD3: 63.99% 
Epoch: 186, Loss: 3.3617, Cls: 1.1208, Ind: 0.0000, Med: 0.5606, Spu: 0.0000, FD: 1.1201, FDAug: 0.5602, Var: 0.0000, Ctx: 6, MixCtx: 3, Train: 78.72%, Valid: 73.49%, Test In: 75.20% Test OOD1: 67.04% Test OOD2: 54.55% Test OOD3: 64.25% 
Epoch: 187, Loss: 3.3384, Cls: 1.1126, Ind: 0.0000, Med: 0.5563, Spu: 0.0000, FD: 1.1130, FDAug: 0.5564, Var: 0.0000, Ctx: 6, MixCtx: 3, Train: 78.75%, Valid: 73.49%, Test In: 75.19% Test OOD1: 66.92% Test OOD2: 54.55% Test OOD3: 64.19% 
Epoch: 188, Loss: 3.3356, Cls: 1.1118, Ind: 0.0000, Med: 0.5559, Spu: 0.0000, FD: 1.1120, FDAug: 0.5559, Var: 0.0000, Ctx: 6, MixCtx: 3, Train: 78.79%, Valid: 73.41%, Test In: 75.09% Test OOD1: 66.50% Test OOD2: 54.61% Test OOD3: 63.92% 
Epoch: 189, Loss: 3.3507, Cls: 1.1169, Ind: 0.0000, Med: 0.5585, Spu: 0.0000, FD: 1.1168, FDAug: 0.5585, Var: 0.0000, Ctx: 6, MixCtx: 3, Train: 78.74%, Valid: 73.43%, Test In: 75.17% Test OOD1: 67.00% Test OOD2: 54.47% Test OOD3: 64.34% 
Epoch: 190, Loss: 3.3705, Cls: 1.1234, Ind: 0.0000, Med: 0.5617, Spu: 0.0000, FD: 1.1237, FDAug: 0.5617, Var: 0.0000, Ctx: 6, MixCtx: 3, Train: 78.83%, Valid: 73.36%, Test In: 75.04% Test OOD1: 66.25% Test OOD2: 54.66% Test OOD3: 63.79% 
Epoch: 191, Loss: 3.3875, Cls: 1.1287, Ind: 0.0000, Med: 0.5642, Spu: 0.0000, FD: 1.1295, FDAug: 0.5651, Var: 0.0000, Ctx: 6, MixCtx: 3, Train: 78.80%, Valid: 73.45%, Test In: 75.22% Test OOD1: 67.11% Test OOD2: 54.44% Test OOD3: 64.40% 
Epoch: 192, Loss: 3.3733, Cls: 1.1247, Ind: 0.0000, Med: 0.5625, Spu: 0.0000, FD: 1.1241, FDAug: 0.5620, Var: 0.0000, Ctx: 6, MixCtx: 3, Train: 78.92%, Valid: 73.44%, Test In: 75.18% Test OOD1: 66.65% Test OOD2: 54.61% Test OOD3: 64.01% 
Epoch: 193, Loss: 3.3399, Cls: 1.1130, Ind: 0.0000, Med: 0.5564, Spu: 0.0000, FD: 1.1136, FDAug: 0.5568, Var: 0.0000, Ctx: 6, MixCtx: 3, Train: 78.91%, Valid: 73.46%, Test In: 75.23% Test OOD1: 66.93% Test OOD2: 54.57% Test OOD3: 64.13% 
Epoch: 194, Loss: 3.3278, Cls: 1.1092, Ind: 0.0000, Med: 0.5546, Spu: 0.0000, FD: 1.1094, FDAug: 0.5546, Var: 0.0000, Ctx: 6, MixCtx: 3, Train: 78.87%, Valid: 73.47%, Test In: 75.27% Test OOD1: 67.21% Test OOD2: 54.47% Test OOD3: 64.37% 
Epoch: 195, Loss: 3.3468, Cls: 1.1155, Ind: 0.0000, Med: 0.5577, Spu: 0.0000, FD: 1.1157, FDAug: 0.5578, Var: 0.0000, Ctx: 6, MixCtx: 3, Train: 78.99%, Valid: 73.46%, Test In: 75.19% Test OOD1: 66.59% Test OOD2: 54.64% Test OOD3: 63.95% 
Epoch: 196, Loss: 3.3462, Cls: 1.1155, Ind: 0.0000, Med: 0.5579, Spu: 0.0000, FD: 1.1152, FDAug: 0.5576, Var: 0.0000, Ctx: 6, MixCtx: 3, Train: 79.02%, Valid: 73.43%, Test In: 75.22% Test OOD1: 66.86% Test OOD2: 54.56% Test OOD3: 64.20% 
Epoch: 197, Loss: 3.3223, Cls: 1.1072, Ind: 0.0000, Med: 0.5536, Spu: 0.0000, FD: 1.1077, FDAug: 0.5538, Var: 0.0000, Ctx: 6, MixCtx: 3, Train: 79.06%, Valid: 73.37%, Test In: 75.16% Test OOD1: 66.71% Test OOD2: 54.57% Test OOD3: 64.13% 
Epoch: 198, Loss: 3.3187, Cls: 1.1061, Ind: 0.0000, Med: 0.5531, Spu: 0.0000, FD: 1.1064, FDAug: 0.5531, Var: 0.0000, Ctx: 6, MixCtx: 3, Train: 79.12%, Valid: 73.34%, Test In: 75.06% Test OOD1: 66.27% Test OOD2: 54.65% Test OOD3: 63.83% 
Epoch: 199, Loss: 3.3336, Cls: 1.1115, Ind: 0.0000, Med: 0.5560, Spu: 0.0000, FD: 1.1106, FDAug: 0.5554, Var: 0.0000, Ctx: 6, MixCtx: 3, Train: 79.09%, Valid: 73.35%, Test In: 75.15% Test OOD1: 66.68% Test OOD2: 54.49% Test OOD3: 64.22% 
Epoch: 200, Loss: 3.3496, Cls: 1.1162, Ind: 0.0000, Med: 0.5580, Spu: 0.0000, FD: 1.1170, FDAug: 0.5584, Var: 0.0000, Ctx: 6, MixCtx: 3, Train: 79.16%, Valid: 73.22%, Test In: 74.95% Test OOD1: 66.05% Test OOD2: 54.63% Test OOD3: 63.65% 
Epoch: 201, Loss: 3.3607, Cls: 1.1203, Ind: 0.0000, Med: 0.5603, Spu: 0.0000, FD: 1.1200, FDAug: 0.5601, Var: 0.0000, Ctx: 6, MixCtx: 3, Train: 79.13%, Valid: 73.30%, Test In: 75.10% Test OOD1: 66.76% Test OOD2: 54.42% Test OOD3: 64.24% 
Epoch: 202, Loss: 3.3493, Cls: 1.1166, Ind: 0.0000, Med: 0.5584, Spu: 0.0000, FD: 1.1163, FDAug: 0.5580, Var: 0.0000, Ctx: 6, MixCtx: 3, Train: 79.23%, Valid: 73.34%, Test In: 75.05% Test OOD1: 66.14% Test OOD2: 54.57% Test OOD3: 63.78% 
Epoch: 203, Loss: 3.3239, Cls: 1.1077, Ind: 0.0000, Med: 0.5538, Spu: 0.0000, FD: 1.1082, FDAug: 0.5542, Var: 0.0000, Ctx: 6, MixCtx: 3, Train: 79.27%, Valid: 73.36%, Test In: 75.10% Test OOD1: 66.43% Test OOD2: 54.54% Test OOD3: 63.97% 
Epoch: 204, Loss: 3.3071, Cls: 1.1024, Ind: 0.0000, Med: 0.5513, Spu: 0.0000, FD: 1.1022, FDAug: 0.5511, Var: 0.0000, Ctx: 6, MixCtx: 3, Train: 79.24%, Valid: 73.31%, Test In: 75.11% Test OOD1: 66.70% Test OOD2: 54.52% Test OOD3: 64.14% 
Epoch: 205, Loss: 3.3182, Cls: 1.1063, Ind: 0.0000, Med: 0.5533, Spu: 0.0000, FD: 1.1057, FDAug: 0.5528, Var: 0.0000, Ctx: 6, MixCtx: 3, Train: 79.30%, Valid: 73.27%, Test In: 74.99% Test OOD1: 66.30% Test OOD2: 54.62% Test OOD3: 63.78% 
Epoch: 206, Loss: 3.3276, Cls: 1.1091, Ind: 0.0000, Med: 0.5546, Spu: 0.0000, FD: 1.1092, FDAug: 0.5547, Var: 0.0000, Ctx: 6, MixCtx: 3, Train: 79.32%, Valid: 73.43%, Test In: 75.13% Test OOD1: 66.64% Test OOD2: 54.49% Test OOD3: 64.14% 
Epoch: 207, Loss: 3.3140, Cls: 1.1046, Ind: 0.0000, Med: 0.5524, Spu: 0.0000, FD: 1.1047, FDAug: 0.5522, Var: 0.0000, Ctx: 6, MixCtx: 3, Train: 79.41%, Valid: 73.38%, Test In: 75.03% Test OOD1: 66.34% Test OOD2: 54.54% Test OOD3: 63.89% 
Epoch: 208, Loss: 3.2977, Cls: 1.0992, Ind: 0.0000, Med: 0.5496, Spu: 0.0000, FD: 1.0992, FDAug: 0.5496, Var: 0.0000, Ctx: 6, MixCtx: 3, Train: 79.46%, Valid: 73.26%, Test In: 74.93% Test OOD1: 66.22% Test OOD2: 54.51% Test OOD3: 63.78% 
Epoch: 209, Loss: 3.2966, Cls: 1.0989, Ind: 0.0000, Med: 0.5496, Spu: 0.0000, FD: 1.0987, FDAug: 0.5494, Var: 0.0000, Ctx: 6, MixCtx: 3, Train: 79.45%, Valid: 73.24%, Test In: 74.95% Test OOD1: 66.30% Test OOD2: 54.43% Test OOD3: 63.95% 
Epoch: 210, Loss: 3.3093, Cls: 1.1028, Ind: 0.0000, Med: 0.5513, Spu: 0.0000, FD: 1.1035, FDAug: 0.5517, Var: 0.0000, Ctx: 6, MixCtx: 3, Train: 79.50%, Valid: 73.19%, Test In: 74.80% Test OOD1: 65.66% Test OOD2: 54.51% Test OOD3: 63.45% 
Epoch: 211, Loss: 3.3299, Cls: 1.1104, Ind: 0.0000, Med: 0.5555, Spu: 0.0000, FD: 1.1093, FDAug: 0.5547, Var: 0.0000, Ctx: 6, MixCtx: 3, Train: 79.46%, Valid: 73.27%, Test In: 74.99% Test OOD1: 66.27% Test OOD2: 54.35% Test OOD3: 64.06% 
Epoch: 212, Loss: 3.3523, Cls: 1.1172, Ind: 0.0000, Med: 0.5585, Spu: 0.0000, FD: 1.1179, FDAug: 0.5587, Var: 0.0000, Ctx: 6, MixCtx: 3, Train: 79.51%, Valid: 73.11%, Test In: 74.70% Test OOD1: 65.81% Test OOD2: 54.56% Test OOD3: 63.42% 
Epoch: 213, Loss: 3.3730, Cls: 1.1244, Ind: 0.0000, Med: 0.5623, Spu: 0.0000, FD: 1.1240, FDAug: 0.5623, Var: 0.0000, Ctx: 6, MixCtx: 3, Train: 79.50%, Valid: 73.28%, Test In: 75.01% Test OOD1: 66.65% Test OOD2: 54.39% Test OOD3: 64.16% 
Epoch: 214, Loss: 3.3417, Cls: 1.1139, Ind: 0.0000, Med: 0.5571, Spu: 0.0000, FD: 1.1137, FDAug: 0.5570, Var: 0.0000, Ctx: 6, MixCtx: 3, Train: 79.62%, Valid: 73.32%, Test In: 74.94% Test OOD1: 66.20% Test OOD2: 54.52% Test OOD3: 63.74% 
Epoch: 215, Loss: 3.2958, Cls: 1.0985, Ind: 0.0000, Med: 0.5492, Spu: 0.0000, FD: 1.0988, FDAug: 0.5493, Var: 0.0000, Ctx: 6, MixCtx: 3, Train: 79.65%, Valid: 73.28%, Test In: 74.89% Test OOD1: 66.11% Test OOD2: 54.55% Test OOD3: 63.67% 
Epoch: 216, Loss: 3.3008, Cls: 1.1001, Ind: 0.0000, Med: 0.5501, Spu: 0.0000, FD: 1.1005, FDAug: 0.5501, Var: 0.0000, Ctx: 6, MixCtx: 3, Train: 79.60%, Valid: 73.26%, Test In: 74.95% Test OOD1: 66.52% Test OOD2: 54.44% Test OOD3: 64.04% 
Epoch: 217, Loss: 3.3209, Cls: 1.1071, Ind: 0.0000, Med: 0.5537, Spu: 0.0000, FD: 1.1067, FDAug: 0.5533, Var: 0.0000, Ctx: 6, MixCtx: 3, Train: 79.69%, Valid: 73.19%, Test In: 74.77% Test OOD1: 66.12% Test OOD2: 54.53% Test OOD3: 63.59% 
Epoch: 218, Loss: 3.2978, Cls: 1.0993, Ind: 0.0000, Med: 0.5497, Spu: 0.0000, FD: 1.0992, FDAug: 0.5496, Var: 0.0000, Ctx: 6, MixCtx: 3, Train: 79.76%, Valid: 73.32%, Test In: 74.87% Test OOD1: 66.15% Test OOD2: 54.41% Test OOD3: 63.70% 
Epoch: 219, Loss: 3.2769, Cls: 1.0922, Ind: 0.0000, Med: 0.5461, Spu: 0.0000, FD: 1.0924, FDAug: 0.5462, Var: 0.0000, Ctx: 6, MixCtx: 3, Train: 79.77%, Valid: 73.27%, Test In: 74.87% Test OOD1: 66.15% Test OOD2: 54.32% Test OOD3: 63.81% 
Epoch: 220, Loss: 3.2930, Cls: 1.0976, Ind: 0.0000, Med: 0.5488, Spu: 0.0000, FD: 1.0979, FDAug: 0.5488, Var: 0.0000, Ctx: 6, MixCtx: 3, Train: 79.78%, Valid: 73.00%, Test In: 74.53% Test OOD1: 65.51% Test OOD2: 54.45% Test OOD3: 63.22% 
Epoch: 221, Loss: 3.3261, Cls: 1.1090, Ind: 0.0000, Med: 0.5548, Spu: 0.0000, FD: 1.1080, FDAug: 0.5542, Var: 0.0000, Ctx: 6, MixCtx: 3, Train: 79.73%, Valid: 73.14%, Test In: 74.83% Test OOD1: 65.94% Test OOD2: 54.26% Test OOD3: 63.81% 
Epoch: 222, Loss: 3.3396, Cls: 1.1131, Ind: 0.0000, Med: 0.5566, Spu: 0.0000, FD: 1.1134, FDAug: 0.5564, Var: 0.0000, Ctx: 6, MixCtx: 3, Train: 79.85%, Valid: 73.11%, Test In: 74.61% Test OOD1: 65.30% Test OOD2: 54.40% Test OOD3: 63.17% 
Epoch: 223, Loss: 3.3294, Cls: 1.1096, Ind: 0.0000, Med: 0.5549, Spu: 0.0000, FD: 1.1096, FDAug: 0.5552, Var: 0.0000, Ctx: 6, MixCtx: 3, Train: 79.89%, Valid: 73.23%, Test In: 74.84% Test OOD1: 66.18% Test OOD2: 54.32% Test OOD3: 63.77% 
Epoch: 224, Loss: 3.2830, Cls: 1.0944, Ind: 0.0000, Med: 0.5472, Spu: 0.0000, FD: 1.0943, FDAug: 0.5470, Var: 0.0000, Ctx: 6, MixCtx: 3, Train: 79.90%, Valid: 73.22%, Test In: 74.80% Test OOD1: 66.33% Test OOD2: 54.39% Test OOD3: 63.73% 
Epoch: 225, Loss: 3.2693, Cls: 1.0898, Ind: 0.0000, Med: 0.5449, Spu: 0.0000, FD: 1.0898, FDAug: 0.5448, Var: 0.0000, Ctx: 6, MixCtx: 3, Train: 79.94%, Valid: 73.20%, Test In: 74.69% Test OOD1: 66.07% Test OOD2: 54.45% Test OOD3: 63.46% 
Epoch: 226, Loss: 3.2925, Cls: 1.0975, Ind: 0.0000, Med: 0.5488, Spu: 0.0000, FD: 1.0975, FDAug: 0.5487, Var: 0.0000, Ctx: 6, MixCtx: 3, Train: 79.98%, Valid: 73.23%, Test In: 74.82% Test OOD1: 66.18% Test OOD2: 54.32% Test OOD3: 63.77% 
Epoch: 227, Loss: 3.2873, Cls: 1.0958, Ind: 0.0000, Med: 0.5479, Spu: 0.0000, FD: 1.0959, FDAug: 0.5477, Var: 0.0000, Ctx: 6, MixCtx: 3, Train: 80.07%, Valid: 73.08%, Test In: 74.65% Test OOD1: 65.91% Test OOD2: 54.40% Test OOD3: 63.46% 
Epoch: 228, Loss: 3.2617, Cls: 1.0872, Ind: 0.0000, Med: 0.5436, Spu: 0.0000, FD: 1.0873, FDAug: 0.5436, Var: 0.0000, Ctx: 6, MixCtx: 3, Train: 80.10%, Valid: 73.05%, Test In: 74.58% Test OOD1: 65.81% Test OOD2: 54.39% Test OOD3: 63.36% 
Epoch: 229, Loss: 3.2641, Cls: 1.0881, Ind: 0.0000, Med: 0.5442, Spu: 0.0000, FD: 1.0878, FDAug: 0.5440, Var: 0.0000, Ctx: 6, MixCtx: 3, Train: 80.08%, Valid: 73.17%, Test In: 74.73% Test OOD1: 65.99% Test OOD2: 54.27% Test OOD3: 63.66% 
Epoch: 230, Loss: 3.2810, Cls: 1.0934, Ind: 0.0000, Med: 0.5466, Spu: 0.0000, FD: 1.0940, FDAug: 0.5469, Var: 0.0000, Ctx: 6, MixCtx: 3, Train: 80.15%, Valid: 72.99%, Test In: 74.45% Test OOD1: 65.56% Test OOD2: 54.41% Test OOD3: 63.15% 
Epoch: 231, Loss: 3.2879, Cls: 1.0963, Ind: 0.0000, Med: 0.5484, Spu: 0.0000, FD: 1.0954, FDAug: 0.5477, Var: 0.0000, Ctx: 6, MixCtx: 3, Train: 80.16%, Valid: 73.03%, Test In: 74.62% Test OOD1: 65.67% Test OOD2: 54.26% Test OOD3: 63.47% 
Epoch: 232, Loss: 3.2773, Cls: 1.0922, Ind: 0.0000, Med: 0.5461, Spu: 0.0000, FD: 1.0927, FDAug: 0.5463, Var: 0.0000, Ctx: 6, MixCtx: 3, Train: 80.23%, Valid: 72.92%, Test In: 74.41% Test OOD1: 65.19% Test OOD2: 54.37% Test OOD3: 63.00% 
Epoch: 233, Loss: 3.2639, Cls: 1.0878, Ind: 0.0000, Med: 0.5440, Spu: 0.0000, FD: 1.0878, FDAug: 0.5442, Var: 0.0000, Ctx: 6, MixCtx: 3, Train: 80.27%, Valid: 72.96%, Test In: 74.52% Test OOD1: 65.57% Test OOD2: 54.30% Test OOD3: 63.27% 
Epoch: 234, Loss: 3.2489, Cls: 1.0829, Ind: 0.0000, Med: 0.5415, Spu: 0.0000, FD: 1.0829, FDAug: 0.5415, Var: 0.0000, Ctx: 6, MixCtx: 3, Train: 80.32%, Valid: 73.01%, Test In: 74.49% Test OOD1: 65.66% Test OOD2: 54.32% Test OOD3: 63.23% 
Epoch: 235, Loss: 3.2413, Cls: 1.0804, Ind: 0.0000, Med: 0.5403, Spu: 0.0000, FD: 1.0803, FDAug: 0.5402, Var: 0.0000, Ctx: 6, MixCtx: 3, Train: 80.36%, Valid: 72.99%, Test In: 74.47% Test OOD1: 65.59% Test OOD2: 54.34% Test OOD3: 63.15% 
Epoch: 236, Loss: 3.2417, Cls: 1.0805, Ind: 0.0000, Med: 0.5403, Spu: 0.0000, FD: 1.0805, FDAug: 0.5403, Var: 0.0000, Ctx: 6, MixCtx: 3, Train: 80.38%, Valid: 72.94%, Test In: 74.49% Test OOD1: 65.62% Test OOD2: 54.31% Test OOD3: 63.25% 
Epoch: 237, Loss: 3.2444, Cls: 1.0815, Ind: 0.0000, Med: 0.5408, Spu: 0.0000, FD: 1.0814, FDAug: 0.5406, Var: 0.0000, Ctx: 6, MixCtx: 3, Train: 80.45%, Valid: 72.81%, Test In: 74.31% Test OOD1: 65.26% Test OOD2: 54.38% Test OOD3: 62.90% 
Epoch: 238, Loss: 3.2456, Cls: 1.0819, Ind: 0.0000, Med: 0.5410, Spu: 0.0000, FD: 1.0818, FDAug: 0.5409, Var: 0.0000, Ctx: 6, MixCtx: 3, Train: 80.45%, Valid: 72.92%, Test In: 74.47% Test OOD1: 65.34% Test OOD2: 54.30% Test OOD3: 63.16% 
Epoch: 239, Loss: 3.2464, Cls: 1.0820, Ind: 0.0000, Med: 0.5410, Spu: 0.0000, FD: 1.0822, FDAug: 0.5412, Var: 0.0000, Ctx: 6, MixCtx: 3, Train: 80.45%, Valid: 72.76%, Test In: 74.23% Test OOD1: 65.40% Test OOD2: 54.40% Test OOD3: 62.88% 
Epoch: 240, Loss: 3.2541, Cls: 1.0848, Ind: 0.0000, Med: 0.5426, Spu: 0.0000, FD: 1.0844, FDAug: 0.5423, Var: 0.0000, Ctx: 6, MixCtx: 3, Train: 80.45%, Valid: 72.90%, Test In: 74.51% Test OOD1: 65.19% Test OOD2: 54.23% Test OOD3: 63.19% 
Epoch: 241, Loss: 3.2708, Cls: 1.0903, Ind: 0.0000, Med: 0.5452, Spu: 0.0000, FD: 1.0903, FDAug: 0.5450, Var: 0.0000, Ctx: 6, MixCtx: 3, Train: 80.52%, Valid: 72.65%, Test In: 74.14% Test OOD1: 64.97% Test OOD2: 54.42% Test OOD3: 62.60% 
Epoch: 242, Loss: 3.3153, Cls: 1.1051, Ind: 0.0000, Med: 0.5527, Spu: 0.0000, FD: 1.1047, FDAug: 0.5527, Var: 0.0000, Ctx: 6, MixCtx: 3, Train: 80.38%, Valid: 72.88%, Test In: 74.61% Test OOD1: 65.49% Test OOD2: 54.13% Test OOD3: 63.37% 
Epoch: 243, Loss: 3.3673, Cls: 1.1223, Ind: 0.0000, Med: 0.5612, Spu: 0.0000, FD: 1.1224, FDAug: 0.5614, Var: 0.0000, Ctx: 6, MixCtx: 3, Train: 80.49%, Valid: 72.66%, Test In: 74.08% Test OOD1: 64.79% Test OOD2: 54.45% Test OOD3: 62.43% 
Epoch: 244, Loss: 3.3657, Cls: 1.1219, Ind: 0.0000, Med: 0.5611, Spu: 0.0000, FD: 1.1217, FDAug: 0.5611, Var: 0.0000, Ctx: 6, MixCtx: 3, Train: 80.60%, Valid: 72.88%, Test In: 74.50% Test OOD1: 65.67% Test OOD2: 54.31% Test OOD3: 63.18% 
Epoch: 245, Loss: 3.2495, Cls: 1.0833, Ind: 0.0000, Med: 0.5418, Spu: 0.0000, FD: 1.0832, FDAug: 0.5412, Var: 0.0000, Ctx: 6, MixCtx: 3, Train: 80.55%, Valid: 72.95%, Test In: 74.52% Test OOD1: 65.94% Test OOD2: 54.31% Test OOD3: 63.34% 
Epoch: 246, Loss: 3.2656, Cls: 1.0889, Ind: 0.0000, Med: 0.5446, Spu: 0.0000, FD: 1.0884, FDAug: 0.5437, Var: 0.0000, Ctx: 6, MixCtx: 3, Train: 80.45%, Valid: 72.77%, Test In: 74.11% Test OOD1: 65.38% Test OOD2: 54.48% Test OOD3: 62.68% 
Epoch: 247, Loss: 3.3164, Cls: 1.1051, Ind: 0.0000, Med: 0.5525, Spu: 0.0000, FD: 1.1056, FDAug: 0.5532, Var: 0.0000, Ctx: 6, MixCtx: 3, Train: 80.70%, Valid: 72.95%, Test In: 74.52% Test OOD1: 65.67% Test OOD2: 54.31% Test OOD3: 63.17% 
Epoch: 248, Loss: 3.2353, Cls: 1.0784, Ind: 0.0000, Med: 0.5392, Spu: 0.0000, FD: 1.0786, FDAug: 0.5390, Var: 0.0000, Ctx: 6, MixCtx: 3, Train: 80.68%, Valid: 72.85%, Test In: 74.54% Test OOD1: 65.62% Test OOD2: 54.24% Test OOD3: 63.18% 
Epoch: 249, Loss: 3.2418, Cls: 1.0807, Ind: 0.0000, Med: 0.5404, Spu: 0.0000, FD: 1.0806, FDAug: 0.5401, Var: 0.0000, Ctx: 6, MixCtx: 3, Train: 80.76%, Valid: 72.57%, Test In: 74.18% Test OOD1: 64.81% Test OOD2: 54.41% Test OOD3: 62.51% 
Epoch: 250, Loss: 3.2950, Cls: 1.0986, Ind: 0.0000, Med: 0.5496, Spu: 0.0000, FD: 1.0976, FDAug: 0.5491, Var: 0.0000, Ctx: 6, MixCtx: 3, Train: 80.73%, Valid: 72.89%, Test In: 74.55% Test OOD1: 65.41% Test OOD2: 54.23% Test OOD3: 63.20% 
Epoch: 251, Loss: 3.2512, Cls: 1.0835, Ind: 0.0000, Med: 0.5417, Spu: 0.0000, FD: 1.0839, FDAug: 0.5420, Var: 0.0000, Ctx: 6, MixCtx: 3, Train: 80.84%, Valid: 72.76%, Test In: 74.38% Test OOD1: 65.31% Test OOD2: 54.33% Test OOD3: 62.97% 
Epoch: 252, Loss: 3.2105, Cls: 1.0702, Ind: 0.0000, Med: 0.5352, Spu: 0.0000, FD: 1.0701, FDAug: 0.5351, Var: 0.0000, Ctx: 6, MixCtx: 3, Train: 80.86%, Valid: 72.63%, Test In: 74.25% Test OOD1: 65.01% Test OOD2: 54.39% Test OOD3: 62.74% 
Epoch: 253, Loss: 3.2304, Cls: 1.0769, Ind: 0.0000, Med: 0.5386, Spu: 0.0000, FD: 1.0764, FDAug: 0.5384, Var: 0.0000, Ctx: 6, MixCtx: 3, Train: 80.81%, Valid: 72.73%, Test In: 74.47% Test OOD1: 65.12% Test OOD2: 54.21% Test OOD3: 63.11% 
Epoch: 254, Loss: 3.2520, Cls: 1.0842, Ind: 0.0000, Med: 0.5422, Spu: 0.0000, FD: 1.0839, FDAug: 0.5417, Var: 0.0000, Ctx: 6, MixCtx: 3, Train: 80.94%, Valid: 72.58%, Test In: 74.28% Test OOD1: 65.06% Test OOD2: 54.38% Test OOD3: 62.73% 
Epoch: 255, Loss: 3.2261, Cls: 1.0754, Ind: 0.0000, Med: 0.5378, Spu: 0.0000, FD: 1.0752, FDAug: 0.5376, Var: 0.0000, Ctx: 6, MixCtx: 3, Train: 80.97%, Valid: 72.72%, Test In: 74.39% Test OOD1: 65.47% Test OOD2: 54.32% Test OOD3: 63.01% 
Epoch: 256, Loss: 3.2009, Cls: 1.0670, Ind: 0.0000, Med: 0.5335, Spu: 0.0000, FD: 1.0670, FDAug: 0.5334, Var: 0.0000, Ctx: 6, MixCtx: 3, Train: 80.96%, Valid: 72.81%, Test In: 74.43% Test OOD1: 65.56% Test OOD2: 54.28% Test OOD3: 63.17% 
Epoch: 257, Loss: 3.2205, Cls: 1.0738, Ind: 0.0000, Med: 0.5371, Spu: 0.0000, FD: 1.0732, FDAug: 0.5362, Var: 0.0000, Ctx: 6, MixCtx: 3, Train: 81.01%, Valid: 72.53%, Test In: 74.12% Test OOD1: 65.15% Test OOD2: 54.43% Test OOD3: 62.68% 
Epoch: 258, Loss: 3.2256, Cls: 1.0752, Ind: 0.0000, Med: 0.5377, Spu: 0.0000, FD: 1.0751, FDAug: 0.5376, Var: 0.0000, Ctx: 6, MixCtx: 3, Train: 81.12%, Valid: 72.58%, Test In: 74.27% Test OOD1: 65.03% Test OOD2: 54.32% Test OOD3: 62.80% 
Epoch: 259, Loss: 3.1989, Cls: 1.0663, Ind: 0.0000, Med: 0.5332, Spu: 0.0000, FD: 1.0665, FDAug: 0.5330, Var: 0.0000, Ctx: 6, MixCtx: 3, Train: 81.16%, Valid: 72.58%, Test In: 74.25% Test OOD1: 64.96% Test OOD2: 54.31% Test OOD3: 62.68% 
Epoch: 260, Loss: 3.1903, Cls: 1.0634, Ind: 0.0000, Med: 0.5318, Spu: 0.0000, FD: 1.0635, FDAug: 0.5316, Var: 0.0000, Ctx: 6, MixCtx: 3, Train: 81.17%, Valid: 72.52%, Test In: 74.10% Test OOD1: 65.00% Test OOD2: 54.34% Test OOD3: 62.49% 
Epoch: 261, Loss: 3.2042, Cls: 1.0684, Ind: 0.0000, Med: 0.5345, Spu: 0.0000, FD: 1.0675, FDAug: 0.5338, Var: 0.0000, Ctx: 6, MixCtx: 3, Train: 81.17%, Valid: 72.68%, Test In: 74.26% Test OOD1: 65.02% Test OOD2: 54.21% Test OOD3: 62.75% 
Epoch: 262, Loss: 3.2138, Cls: 1.0708, Ind: 0.0000, Med: 0.5353, Spu: 0.0000, FD: 1.0717, FDAug: 0.5360, Var: 0.0000, Ctx: 6, MixCtx: 3, Train: 81.25%, Valid: 72.30%, Test In: 73.89% Test OOD1: 64.50% Test OOD2: 54.33% Test OOD3: 62.10% 
Epoch: 263, Loss: 3.2176, Cls: 1.0729, Ind: 0.0000, Med: 0.5368, Spu: 0.0000, FD: 1.0717, FDAug: 0.5362, Var: 0.0000, Ctx: 6, MixCtx: 3, Train: 81.27%, Valid: 72.40%, Test In: 74.06% Test OOD1: 64.34% Test OOD2: 54.17% Test OOD3: 62.36% 
Epoch: 264, Loss: 3.2098, Cls: 1.0698, Ind: 0.0000, Med: 0.5350, Spu: 0.0000, FD: 1.0700, FDAug: 0.5349, Var: 0.0000, Ctx: 6, MixCtx: 3, Train: 81.28%, Valid: 72.33%, Test In: 73.89% Test OOD1: 64.66% Test OOD2: 54.33% Test OOD3: 62.14% 
Epoch: 265, Loss: 3.1993, Cls: 1.0664, Ind: 0.0000, Med: 0.5334, Spu: 0.0000, FD: 1.0661, FDAug: 0.5334, Var: 0.0000, Ctx: 6, MixCtx: 3, Train: 81.30%, Valid: 72.51%, Test In: 74.06% Test OOD1: 64.53% Test OOD2: 54.20% Test OOD3: 62.36% 
Epoch: 266, Loss: 3.1887, Cls: 1.0631, Ind: 0.0000, Med: 0.5317, Spu: 0.0000, FD: 1.0626, FDAug: 0.5313, Var: 0.0000, Ctx: 6, MixCtx: 3, Train: 81.44%, Valid: 72.43%, Test In: 74.02% Test OOD1: 64.73% Test OOD2: 54.30% Test OOD3: 62.27% 
Epoch: 267, Loss: 3.1715, Cls: 1.0572, Ind: 0.0000, Med: 0.5287, Spu: 0.0000, FD: 1.0570, FDAug: 0.5285, Var: 0.0000, Ctx: 6, MixCtx: 3, Train: 81.44%, Valid: 72.32%, Test In: 73.96% Test OOD1: 64.65% Test OOD2: 54.30% Test OOD3: 62.25% 
Epoch: 268, Loss: 3.1703, Cls: 1.0569, Ind: 0.0000, Med: 0.5286, Spu: 0.0000, FD: 1.0566, FDAug: 0.5283, Var: 0.0000, Ctx: 6, MixCtx: 3, Train: 81.38%, Valid: 72.28%, Test In: 73.82% Test OOD1: 64.06% Test OOD2: 54.25% Test OOD3: 62.12% 
Epoch: 269, Loss: 3.1797, Cls: 1.0602, Ind: 0.0000, Med: 0.5303, Spu: 0.0000, FD: 1.0596, FDAug: 0.5296, Var: 0.0000, Ctx: 6, MixCtx: 3, Train: 81.53%, Valid: 72.29%, Test In: 73.81% Test OOD1: 64.67% Test OOD2: 54.36% Test OOD3: 62.16% 
Epoch: 270, Loss: 3.1819, Cls: 1.0605, Ind: 0.0000, Med: 0.5303, Spu: 0.0000, FD: 1.0605, FDAug: 0.5305, Var: 0.0000, Ctx: 6, MixCtx: 3, Train: 81.37%, Valid: 72.48%, Test In: 74.10% Test OOD1: 65.07% Test OOD2: 54.12% Test OOD3: 62.63% 
Epoch: 271, Loss: 3.2184, Cls: 1.0724, Ind: 0.0000, Med: 0.5362, Spu: 0.0000, FD: 1.0729, FDAug: 0.5368, Var: 0.0000, Ctx: 6, MixCtx: 3, Train: 81.30%, Valid: 71.68%, Test In: 73.22% Test OOD1: 63.04% Test OOD2: 54.40% Test OOD3: 61.20% 
Epoch: 272, Loss: 3.3054, Cls: 1.1022, Ind: 0.0000, Med: 0.5515, Spu: 0.0000, FD: 1.1006, FDAug: 0.5511, Var: 0.0000, Ctx: 6, MixCtx: 3, Train: 81.38%, Valid: 72.13%, Test In: 73.79% Test OOD1: 63.97% Test OOD2: 54.08% Test OOD3: 62.32% 
Epoch: 273, Loss: 3.3529, Cls: 1.1168, Ind: 0.0000, Med: 0.5581, Spu: 0.0000, FD: 1.1184, FDAug: 0.5596, Var: 0.0000, Ctx: 6, MixCtx: 3, Train: 80.28%, Valid: 72.17%, Test In: 73.50% Test OOD1: 65.46% Test OOD2: 54.33% Test OOD3: 62.28% 
Epoch: 274, Loss: 3.3764, Cls: 1.1270, Ind: 0.0000, Med: 0.5645, Spu: 0.0000, FD: 1.1227, FDAug: 0.5622, Var: 0.0000, Ctx: 6, MixCtx: 3, Train: 80.92%, Valid: 72.82%, Test In: 74.34% Test OOD1: 66.30% Test OOD2: 54.04% Test OOD3: 62.97% 
Epoch: 275, Loss: 3.2080, Cls: 1.0697, Ind: 0.0000, Med: 0.5351, Spu: 0.0000, FD: 1.0692, FDAug: 0.5340, Var: 0.0000, Ctx: 6, MixCtx: 3, Train: 80.72%, Valid: 72.96%, Test In: 74.45% Test OOD1: 65.82% Test OOD2: 54.01% Test OOD3: 62.82% 
Epoch: 276, Loss: 3.2693, Cls: 1.0902, Ind: 0.0000, Med: 0.5452, Spu: 0.0000, FD: 1.0899, FDAug: 0.5439, Var: 0.0000, Ctx: 6, MixCtx: 3, Train: 80.64%, Valid: 72.78%, Test In: 74.10% Test OOD1: 64.53% Test OOD2: 54.33% Test OOD3: 61.70% 
Epoch: 277, Loss: 3.2918, Cls: 1.0968, Ind: 0.0000, Med: 0.5482, Spu: 0.0000, FD: 1.0983, FDAug: 0.5485, Var: 0.0000, Ctx: 6, MixCtx: 3, Train: 81.09%, Valid: 72.95%, Test In: 74.23% Test OOD1: 65.18% Test OOD2: 54.31% Test OOD3: 62.20% 
Epoch: 278, Loss: 3.2128, Cls: 1.0705, Ind: 0.0000, Med: 0.5350, Spu: 0.0000, FD: 1.0721, FDAug: 0.5352, Var: 0.0000, Ctx: 6, MixCtx: 3, Train: 80.95%, Valid: 72.93%, Test In: 74.28% Test OOD1: 66.21% Test OOD2: 54.16% Test OOD3: 63.09% 
Epoch: 279, Loss: 3.2649, Cls: 1.0886, Ind: 0.0001, Med: 0.5445, Spu: 0.0000, FD: 1.0879, FDAug: 0.5439, Var: 0.0000, Ctx: 6, MixCtx: 3, Train: 81.21%, Valid: 72.27%, Test In: 73.61% Test OOD1: 64.86% Test OOD2: 54.37% Test OOD3: 62.19% 
Epoch: 280, Loss: 3.2431, Cls: 1.0810, Ind: 0.0000, Med: 0.5408, Spu: 0.0000, FD: 1.0803, FDAug: 0.5411, Var: 0.0000, Ctx: 6, MixCtx: 3, Train: 81.40%, Valid: 71.97%, Test In: 73.42% Test OOD1: 63.99% Test OOD2: 54.36% Test OOD3: 62.03% 
Epoch: 281, Loss: 3.1872, Cls: 1.0622, Ind: 0.0000, Med: 0.5311, Spu: 0.0000, FD: 1.0626, FDAug: 0.5312, Var: 0.0000, Ctx: 6, MixCtx: 3, Train: 81.49%, Valid: 72.18%, Test In: 73.73% Test OOD1: 64.02% Test OOD2: 54.21% Test OOD3: 62.30% 
Epoch: 282, Loss: 3.2457, Cls: 1.0817, Ind: 0.0000, Med: 0.5409, Spu: 0.0000, FD: 1.0820, FDAug: 0.5412, Var: 0.0000, Ctx: 6, MixCtx: 3, Train: 81.69%, Valid: 72.35%, Test In: 73.88% Test OOD1: 64.47% Test OOD2: 54.21% Test OOD3: 62.01% 
Epoch: 283, Loss: 3.2309, Cls: 1.0766, Ind: 0.0000, Med: 0.5384, Spu: 0.0000, FD: 1.0766, FDAug: 0.5393, Var: 0.0000, Ctx: 6, MixCtx: 3, Train: 81.28%, Valid: 72.84%, Test In: 74.37% Test OOD1: 65.77% Test OOD2: 53.92% Test OOD3: 62.88% 
Epoch: 284, Loss: 3.1844, Cls: 1.0612, Ind: 0.0000, Med: 0.5306, Spu: 0.0000, FD: 1.0613, FDAug: 0.5312, Var: 0.0000, Ctx: 6, MixCtx: 3, Train: 81.32%, Valid: 72.75%, Test In: 74.40% Test OOD1: 65.42% Test OOD2: 53.90% Test OOD3: 62.82% 
Epoch: 285, Loss: 3.1944, Cls: 1.0652, Ind: 0.0000, Med: 0.5329, Spu: 0.0000, FD: 1.0641, FDAug: 0.5321, Var: 0.0000, Ctx: 6, MixCtx: 3, Train: 81.59%, Valid: 72.15%, Test In: 73.88% Test OOD1: 63.71% Test OOD2: 54.22% Test OOD3: 61.82% 
Epoch: 286, Loss: 3.2003, Cls: 1.0663, Ind: 0.0000, Med: 0.5330, Spu: 0.0000, FD: 1.0672, FDAug: 0.5337, Var: 0.0000, Ctx: 6, MixCtx: 3, Train: 81.73%, Valid: 72.08%, Test In: 73.73% Test OOD1: 63.94% Test OOD2: 54.31% Test OOD3: 62.10% 
Epoch: 287, Loss: 3.1604, Cls: 1.0537, Ind: 0.0000, Med: 0.5270, Spu: 0.0000, FD: 1.0536, FDAug: 0.5261, Var: 0.0000, Ctx: 6, MixCtx: 3, Train: 81.50%, Valid: 72.29%, Test In: 73.83% Test OOD1: 64.98% Test OOD2: 54.26% Test OOD3: 62.63% 
Epoch: 288, Loss: 3.1864, Cls: 1.0627, Ind: 0.0000, Med: 0.5316, Spu: 0.0000, FD: 1.0618, FDAug: 0.5303, Var: 0.0000, Ctx: 6, MixCtx: 3, Train: 81.75%, Valid: 72.23%, Test In: 73.70% Test OOD1: 64.69% Test OOD2: 54.33% Test OOD3: 62.20% 
Epoch: 289, Loss: 3.1664, Cls: 1.0552, Ind: 0.0000, Med: 0.5276, Spu: 0.0000, FD: 1.0556, FDAug: 0.5280, Var: 0.0000, Ctx: 6, MixCtx: 3, Train: 81.82%, Valid: 72.43%, Test In: 73.91% Test OOD1: 64.62% Test OOD2: 54.24% Test OOD3: 62.23% 
Epoch: 290, Loss: 3.1452, Cls: 1.0481, Ind: 0.0001, Med: 0.5240, Spu: 0.0000, FD: 1.0489, FDAug: 0.5242, Var: 0.0000, Ctx: 6, MixCtx: 3, Train: 81.68%, Valid: 72.49%, Test In: 74.00% Test OOD1: 64.72% Test OOD2: 54.12% Test OOD3: 62.25% 
Epoch: 291, Loss: 3.1611, Cls: 1.0532, Ind: 0.0001, Med: 0.5265, Spu: 0.0000, FD: 1.0545, FDAug: 0.5269, Var: 0.0000, Ctx: 6, MixCtx: 3, Train: 81.91%, Valid: 72.17%, Test In: 73.79% Test OOD1: 64.27% Test OOD2: 54.15% Test OOD3: 61.71% 
Epoch: 292, Loss: 3.1593, Cls: 1.0537, Ind: 0.0000, Med: 0.5274, Spu: 0.0000, FD: 1.0520, FDAug: 0.5261, Var: 0.0000, Ctx: 6, MixCtx: 3, Train: 81.94%, Valid: 72.14%, Test In: 73.74% Test OOD1: 64.59% Test OOD2: 54.08% Test OOD3: 61.97% 
Epoch: 293, Loss: 3.1416, Cls: 1.0468, Ind: 0.0000, Med: 0.5234, Spu: 0.0000, FD: 1.0476, FDAug: 0.5238, Var: 0.0000, Ctx: 6, MixCtx: 3, Train: 82.14%, Valid: 71.83%, Test In: 73.25% Test OOD1: 63.81% Test OOD2: 54.30% Test OOD3: 61.59% 
Epoch: 294, Loss: 3.1264, Cls: 1.0423, Ind: 0.0000, Med: 0.5214, Spu: 0.0000, FD: 1.0418, FDAug: 0.5208, Var: 0.0000, Ctx: 6, MixCtx: 3, Train: 81.94%, Valid: 71.67%, Test In: 72.95% Test OOD1: 63.51% Test OOD2: 54.41% Test OOD3: 61.43% 
Epoch: 295, Loss: 3.1457, Cls: 1.0490, Ind: 0.0000, Med: 0.5249, Spu: 0.0000, FD: 1.0475, FDAug: 0.5242, Var: 0.0000, Ctx: 6, MixCtx: 3, Train: 82.17%, Valid: 72.01%, Test In: 73.42% Test OOD1: 64.24% Test OOD2: 54.29% Test OOD3: 61.98% 
Epoch: 296, Loss: 3.1492, Cls: 1.0491, Ind: 0.0000, Med: 0.5245, Spu: 0.0000, FD: 1.0500, FDAug: 0.5256, Var: 0.0000, Ctx: 6, MixCtx: 3, Train: 82.13%, Valid: 71.82%, Test In: 73.40% Test OOD1: 64.26% Test OOD2: 54.29% Test OOD3: 61.68% 
Epoch: 297, Loss: 3.1605, Cls: 1.0534, Ind: 0.0000, Med: 0.5269, Spu: 0.0000, FD: 1.0532, FDAug: 0.5269, Var: 0.0000, Ctx: 6, MixCtx: 3, Train: 82.08%, Valid: 71.89%, Test In: 73.60% Test OOD1: 64.00% Test OOD2: 54.12% Test OOD3: 61.86% 
Epoch: 298, Loss: 3.1490, Cls: 1.0502, Ind: 0.0000, Med: 0.5255, Spu: 0.0000, FD: 1.0488, FDAug: 0.5245, Var: 0.0000, Ctx: 6, MixCtx: 3, Train: 82.20%, Valid: 71.58%, Test In: 73.20% Test OOD1: 63.30% Test OOD2: 54.28% Test OOD3: 61.20% 
Epoch: 299, Loss: 3.1336, Cls: 1.0443, Ind: 0.0000, Med: 0.5222, Spu: 0.0000, FD: 1.0446, FDAug: 0.5224, Var: 0.0000, Ctx: 6, MixCtx: 3, Train: 82.36%, Valid: 71.85%, Test In: 73.33% Test OOD1: 64.07% Test OOD2: 54.30% Test OOD3: 61.71% 
Epoch: 300, Loss: 3.1089, Cls: 1.0366, Ind: 0.0000, Med: 0.5186, Spu: 0.0000, FD: 1.0357, FDAug: 0.5179, Var: 0.0000, Ctx: 6, MixCtx: 3, Train: 82.21%, Valid: 71.94%, Test In: 73.27% Test OOD1: 64.50% Test OOD2: 54.33% Test OOD3: 61.89% 
Epoch: 301, Loss: 3.1191, Cls: 1.0398, Ind: 0.0000, Med: 0.5201, Spu: 0.0000, FD: 1.0394, FDAug: 0.5197, Var: 0.0000, Ctx: 6, MixCtx: 3, Train: 82.39%, Valid: 71.56%, Test In: 72.91% Test OOD1: 63.45% Test OOD2: 54.42% Test OOD3: 61.33% 
Epoch: 302, Loss: 3.1138, Cls: 1.0381, Ind: 0.0000, Med: 0.5192, Spu: 0.0000, FD: 1.0377, FDAug: 0.5187, Var: 0.0000, Ctx: 6, MixCtx: 3, Train: 82.44%, Valid: 71.64%, Test In: 73.20% Test OOD1: 63.37% Test OOD2: 54.27% Test OOD3: 61.47% 
Epoch: 303, Loss: 3.1163, Cls: 1.0390, Ind: 0.0000, Med: 0.5197, Spu: 0.0000, FD: 1.0386, FDAug: 0.5190, Var: 0.0000, Ctx: 6, MixCtx: 3, Train: 82.40%, Valid: 71.93%, Test In: 73.42% Test OOD1: 64.19% Test OOD2: 54.23% Test OOD3: 61.68% 
Epoch: 304, Loss: 3.1222, Cls: 1.0410, Ind: 0.0000, Med: 0.5209, Spu: 0.0000, FD: 1.0400, FDAug: 0.5203, Var: 0.0000, Ctx: 6, MixCtx: 3, Train: 82.37%, Valid: 72.14%, Test In: 73.66% Test OOD1: 64.47% Test OOD2: 54.12% Test OOD3: 62.07% 
Epoch: 305, Loss: 3.1266, Cls: 1.0417, Ind: 0.0000, Med: 0.5208, Spu: 0.0000, FD: 1.0427, FDAug: 0.5215, Var: 0.0000, Ctx: 6, MixCtx: 3, Train: 82.46%, Valid: 71.43%, Test In: 72.80% Test OOD1: 62.90% Test OOD2: 54.35% Test OOD3: 61.00% 
Epoch: 306, Loss: 3.1393, Cls: 1.0473, Ind: 0.0000, Med: 0.5244, Spu: 0.0000, FD: 1.0447, FDAug: 0.5228, Var: 0.0000, Ctx: 6, MixCtx: 3, Train: 82.51%, Valid: 71.61%, Test In: 73.09% Test OOD1: 63.40% Test OOD2: 54.24% Test OOD3: 61.64% 
Epoch: 307, Loss: 3.1529, Cls: 1.0499, Ind: 0.0000, Med: 0.5246, Spu: 0.0000, FD: 1.0522, FDAug: 0.5261, Var: 0.0000, Ctx: 6, MixCtx: 3, Train: 82.06%, Valid: 71.68%, Test In: 72.92% Test OOD1: 64.18% Test OOD2: 54.30% Test OOD3: 61.43% 
Epoch: 308, Loss: 3.2120, Cls: 1.0727, Ind: 0.0000, Med: 0.5377, Spu: 0.0000, FD: 1.0675, FDAug: 0.5341, Var: 0.0000, Ctx: 6, MixCtx: 3, Train: 82.50%, Valid: 72.14%, Test In: 73.53% Test OOD1: 64.24% Test OOD2: 54.13% Test OOD3: 61.95% 
Epoch: 309, Loss: 3.1791, Cls: 1.0591, Ind: 0.0000, Med: 0.5294, Spu: 0.0000, FD: 1.0602, FDAug: 0.5304, Var: 0.0000, Ctx: 6, MixCtx: 3, Train: 82.35%, Valid: 71.57%, Test In: 72.75% Test OOD1: 62.63% Test OOD2: 54.25% Test OOD3: 60.51% 
Epoch: 310, Loss: 3.1759, Cls: 1.0587, Ind: 0.0000, Med: 0.5295, Spu: 0.0000, FD: 1.0586, FDAug: 0.5291, Var: 0.0000, Ctx: 6, MixCtx: 3, Train: 82.68%, Valid: 72.05%, Test In: 73.40% Test OOD1: 63.94% Test OOD2: 54.18% Test OOD3: 61.51% 
Epoch: 311, Loss: 3.0982, Cls: 1.0330, Ind: 0.0000, Med: 0.5167, Spu: 0.0000, FD: 1.0327, FDAug: 0.5157, Var: 0.0000, Ctx: 6, MixCtx: 3, Train: 82.20%, Valid: 72.30%, Test In: 73.62% Test OOD1: 65.17% Test OOD2: 54.08% Test OOD3: 62.29% 
Epoch: 312, Loss: 3.1484, Cls: 1.0501, Ind: 0.0000, Med: 0.5255, Spu: 0.0000, FD: 1.0483, FDAug: 0.5245, Var: 0.0000, Ctx: 6, MixCtx: 3, Train: 82.51%, Valid: 71.45%, Test In: 72.75% Test OOD1: 63.38% Test OOD2: 54.37% Test OOD3: 61.12% 
Epoch: 313, Loss: 3.2001, Cls: 1.0658, Ind: 0.0000, Med: 0.5327, Spu: 0.0000, FD: 1.0672, FDAug: 0.5343, Var: 0.0000, Ctx: 6, MixCtx: 3, Train: 82.47%, Valid: 71.53%, Test In: 72.91% Test OOD1: 63.13% Test OOD2: 54.31% Test OOD3: 61.54% 
Epoch: 314, Loss: 3.1671, Cls: 1.0563, Ind: 0.0000, Med: 0.5286, Spu: 0.0000, FD: 1.0548, FDAug: 0.5274, Var: 0.0000, Ctx: 6, MixCtx: 3, Train: 82.77%, Valid: 71.99%, Test In: 73.37% Test OOD1: 64.41% Test OOD2: 54.21% Test OOD3: 61.87% 
Epoch: 315, Loss: 3.0830, Cls: 1.0274, Ind: 0.0000, Med: 0.5137, Spu: 0.0000, FD: 1.0278, FDAug: 0.5141, Var: 0.0000, Ctx: 6, MixCtx: 3, Train: 82.49%, Valid: 72.21%, Test In: 73.55% Test OOD1: 64.93% Test OOD2: 54.08% Test OOD3: 62.08% 
Epoch: 316, Loss: 3.1109, Cls: 1.0368, Ind: 0.0000, Med: 0.5185, Spu: 0.0000, FD: 1.0366, FDAug: 0.5190, Var: 0.0000, Ctx: 6, MixCtx: 3, Train: 82.64%, Valid: 72.06%, Test In: 73.58% Test OOD1: 64.10% Test OOD2: 54.09% Test OOD3: 61.93% 
Epoch: 317, Loss: 3.1226, Cls: 1.0409, Ind: 0.0000, Med: 0.5206, Spu: 0.0000, FD: 1.0406, FDAug: 0.5204, Var: 0.0000, Ctx: 6, MixCtx: 3, Train: 82.67%, Valid: 71.37%, Test In: 72.80% Test OOD1: 62.57% Test OOD2: 54.15% Test OOD3: 60.84% 
Epoch: 318, Loss: 3.1380, Cls: 1.0461, Ind: 0.0000, Med: 0.5233, Spu: 0.0000, FD: 1.0455, FDAug: 0.5231, Var: 0.0000, Ctx: 6, MixCtx: 3, Train: 82.87%, Valid: 71.84%, Test In: 73.24% Test OOD1: 63.79% Test OOD2: 54.12% Test OOD3: 61.68% 
Epoch: 319, Loss: 3.0813, Cls: 1.0271, Ind: 0.0000, Med: 0.5136, Spu: 0.0000, FD: 1.0272, FDAug: 0.5134, Var: 0.0000, Ctx: 6, MixCtx: 3, Train: 82.62%, Valid: 72.06%, Test In: 73.26% Test OOD1: 64.55% Test OOD2: 54.14% Test OOD3: 61.95% 
Epoch: 320, Loss: 3.0901, Cls: 1.0300, Ind: 0.0000, Med: 0.5152, Spu: 0.0000, FD: 1.0298, FDAug: 0.5151, Var: 0.0000, Ctx: 6, MixCtx: 3, Train: 82.95%, Valid: 71.64%, Test In: 72.83% Test OOD1: 63.44% Test OOD2: 54.23% Test OOD3: 61.18% 
Epoch: 321, Loss: 3.0970, Cls: 1.0330, Ind: 0.0000, Med: 0.5170, Spu: 0.0000, FD: 1.0316, FDAug: 0.5154, Var: 0.0000, Ctx: 6, MixCtx: 3, Train: 82.80%, Valid: 71.66%, Test In: 73.08% Test OOD1: 63.36% Test OOD2: 54.16% Test OOD3: 61.39% 
Epoch: 322, Loss: 3.1109, Cls: 1.0370, Ind: 0.0000, Med: 0.5186, Spu: 0.0000, FD: 1.0370, FDAug: 0.5182, Var: 0.0000, Ctx: 6, MixCtx: 3, Train: 82.96%, Valid: 71.70%, Test In: 73.17% Test OOD1: 63.87% Test OOD2: 54.09% Test OOD3: 61.33% 
Epoch: 323, Loss: 3.0822, Cls: 1.0273, Ind: 0.0000, Med: 0.5138, Spu: 0.0000, FD: 1.0272, FDAug: 0.5138, Var: 0.0000, Ctx: 6, MixCtx: 3, Train: 82.85%, Valid: 71.87%, Test In: 73.30% Test OOD1: 64.29% Test OOD2: 54.08% Test OOD3: 61.67% 
Epoch: 324, Loss: 3.0710, Cls: 1.0237, Ind: 0.0000, Med: 0.5120, Spu: 0.0000, FD: 1.0234, FDAug: 0.5118, Var: 0.0000, Ctx: 6, MixCtx: 3, Train: 83.17%, Valid: 71.44%, Test In: 72.85% Test OOD1: 63.09% Test OOD2: 54.20% Test OOD3: 61.11% 
Epoch: 325, Loss: 3.0585, Cls: 1.0198, Ind: 0.0000, Med: 0.5101, Spu: 0.0000, FD: 1.0192, FDAug: 0.5094, Var: 0.0000, Ctx: 6, MixCtx: 3, Train: 83.05%, Valid: 71.25%, Test In: 72.46% Test OOD1: 62.70% Test OOD2: 54.25% Test OOD3: 60.76% 
Epoch: 326, Loss: 3.0765, Cls: 1.0256, Ind: 0.0000, Med: 0.5129, Spu: 0.0000, FD: 1.0253, FDAug: 0.5127, Var: 0.0000, Ctx: 6, MixCtx: 3, Train: 83.11%, Valid: 71.78%, Test In: 73.10% Test OOD1: 63.76% Test OOD2: 54.13% Test OOD3: 61.55% 
Epoch: 327, Loss: 3.0829, Cls: 1.0280, Ind: 0.0000, Med: 0.5143, Spu: 0.0000, FD: 1.0270, FDAug: 0.5135, Var: 0.0000, Ctx: 6, MixCtx: 3, Train: 83.21%, Valid: 71.31%, Test In: 72.67% Test OOD1: 63.05% Test OOD2: 54.08% Test OOD3: 60.71% 
Epoch: 328, Loss: 3.1095, Cls: 1.0360, Ind: 0.0000, Med: 0.5181, Spu: 0.0000, FD: 1.0362, FDAug: 0.5191, Var: 0.0000, Ctx: 6, MixCtx: 3, Train: 83.02%, Valid: 71.37%, Test In: 72.97% Test OOD1: 62.94% Test OOD2: 54.01% Test OOD3: 61.12% 
Epoch: 329, Loss: 3.1483, Cls: 1.0498, Ind: 0.0000, Med: 0.5251, Spu: 0.0000, FD: 1.0491, FDAug: 0.5243, Var: 0.0000, Ctx: 6, MixCtx: 3, Train: 83.08%, Valid: 71.14%, Test In: 72.47% Test OOD1: 62.98% Test OOD2: 54.05% Test OOD3: 60.51% 
Epoch: 330, Loss: 3.1871, Cls: 1.0625, Ind: 0.0000, Med: 0.5316, Spu: 0.0000, FD: 1.0611, FDAug: 0.5318, Var: 0.0000, Ctx: 6, MixCtx: 3, Train: 83.17%, Valid: 71.82%, Test In: 73.22% Test OOD1: 64.01% Test OOD2: 54.11% Test OOD3: 61.69% 
Epoch: 331, Loss: 3.1374, Cls: 1.0451, Ind: 0.0000, Med: 0.5224, Spu: 0.0000, FD: 1.0462, FDAug: 0.5237, Var: 0.0000, Ctx: 6, MixCtx: 3, Train: 83.25%, Valid: 71.34%, Test In: 72.57% Test OOD1: 63.27% Test OOD2: 54.22% Test OOD3: 60.97% 
Epoch: 332, Loss: 3.0723, Cls: 1.0243, Ind: 0.0000, Med: 0.5124, Spu: 0.0000, FD: 1.0238, FDAug: 0.5118, Var: 0.0000, Ctx: 6, MixCtx: 3, Train: 83.38%, Valid: 71.34%, Test In: 72.65% Test OOD1: 63.20% Test OOD2: 54.22% Test OOD3: 61.02% 
Epoch: 333, Loss: 3.0506, Cls: 1.0171, Ind: 0.0000, Med: 0.5087, Spu: 0.0000, FD: 1.0168, FDAug: 0.5080, Var: 0.0000, Ctx: 6, MixCtx: 3, Train: 83.23%, Valid: 71.68%, Test In: 73.16% Test OOD1: 63.93% Test OOD2: 54.06% Test OOD3: 61.64% 
Epoch: 334, Loss: 3.0912, Cls: 1.0302, Ind: 0.0000, Med: 0.5150, Spu: 0.0000, FD: 1.0307, FDAug: 0.5152, Var: 0.0000, Ctx: 6, MixCtx: 3, Train: 83.36%, Valid: 71.28%, Test In: 72.61% Test OOD1: 63.19% Test OOD2: 54.01% Test OOD3: 60.79% 
Epoch: 335, Loss: 3.1227, Cls: 1.0417, Ind: 0.0000, Med: 0.5214, Spu: 0.0000, FD: 1.0393, FDAug: 0.5202, Var: 0.0000, Ctx: 6, MixCtx: 3, Train: 83.36%, Valid: 71.49%, Test In: 72.96% Test OOD1: 63.18% Test OOD2: 53.94% Test OOD3: 61.20% 
Epoch: 336, Loss: 3.0680, Cls: 1.0221, Ind: 0.0000, Med: 0.5109, Spu: 0.0000, FD: 1.0233, FDAug: 0.5116, Var: 0.0000, Ctx: 6, MixCtx: 3, Train: 83.50%, Valid: 71.46%, Test In: 72.76% Test OOD1: 63.14% Test OOD2: 54.00% Test OOD3: 61.02% 
Epoch: 337, Loss: 3.0287, Cls: 1.0097, Ind: 0.0000, Med: 0.5050, Spu: 0.0000, FD: 1.0093, FDAug: 0.5047, Var: 0.0000, Ctx: 6, MixCtx: 3, Train: 83.47%, Valid: 71.49%, Test In: 72.74% Test OOD1: 63.36% Test OOD2: 54.05% Test OOD3: 61.10% 
Epoch: 338, Loss: 3.0468, Cls: 1.0160, Ind: 0.0000, Med: 0.5084, Spu: 0.0000, FD: 1.0147, FDAug: 0.5078, Var: 0.0000, Ctx: 6, MixCtx: 3, Train: 83.39%, Valid: 71.57%, Test In: 73.02% Test OOD1: 63.49% Test OOD2: 54.04% Test OOD3: 61.49% 
Epoch: 339, Loss: 3.0850, Cls: 1.0278, Ind: 0.0000, Med: 0.5138, Spu: 0.0000, FD: 1.0285, FDAug: 0.5147, Var: 0.0000, Ctx: 6, MixCtx: 3, Train: 83.51%, Valid: 71.18%, Test In: 72.57% Test OOD1: 63.05% Test OOD2: 54.00% Test OOD3: 60.74% 
Epoch: 340, Loss: 3.1045, Cls: 1.0350, Ind: 0.0000, Med: 0.5178, Spu: 0.0000, FD: 1.0339, FDAug: 0.5178, Var: 0.0000, Ctx: 6, MixCtx: 3, Train: 83.52%, Valid: 71.59%, Test In: 73.04% Test OOD1: 63.53% Test OOD2: 53.92% Test OOD3: 61.26% 
Epoch: 341, Loss: 3.0550, Cls: 1.0187, Ind: 0.0000, Med: 0.5096, Spu: 0.0000, FD: 1.0177, FDAug: 0.5089, Var: 0.0000, Ctx: 6, MixCtx: 3, Train: 83.68%, Valid: 71.47%, Test In: 72.69% Test OOD1: 63.14% Test OOD2: 53.94% Test OOD3: 60.85% 
Epoch: 342, Loss: 3.0177, Cls: 1.0061, Ind: 0.0000, Med: 0.5032, Spu: 0.0000, FD: 1.0057, FDAug: 0.5027, Var: 0.0000, Ctx: 6, MixCtx: 3, Train: 83.66%, Valid: 71.30%, Test In: 72.43% Test OOD1: 62.97% Test OOD2: 53.94% Test OOD3: 60.66% 
Epoch: 343, Loss: 3.0400, Cls: 1.0130, Ind: 0.0000, Med: 0.5064, Spu: 0.0000, FD: 1.0137, FDAug: 0.5069, Var: 0.0000, Ctx: 6, MixCtx: 3, Train: 83.59%, Valid: 71.40%, Test In: 72.80% Test OOD1: 63.27% Test OOD2: 53.92% Test OOD3: 61.17% 
Epoch: 344, Loss: 3.0661, Cls: 1.0232, Ind: 0.0000, Med: 0.5123, Spu: 0.0000, FD: 1.0205, FDAug: 0.5101, Var: 0.0000, Ctx: 6, MixCtx: 3, Train: 83.69%, Valid: 70.83%, Test In: 72.21% Test OOD1: 62.53% Test OOD2: 53.90% Test OOD3: 60.41% 
Epoch: 345, Loss: 3.0652, Cls: 1.0211, Ind: 0.0000, Med: 0.5104, Spu: 0.0000, FD: 1.0221, FDAug: 0.5116, Var: 0.0000, Ctx: 6, MixCtx: 3, Train: 83.75%, Valid: 71.18%, Test In: 72.63% Test OOD1: 62.85% Test OOD2: 53.89% Test OOD3: 60.88% 
Epoch: 346, Loss: 3.0229, Cls: 1.0084, Ind: 0.0000, Med: 0.5046, Spu: 0.0000, FD: 1.0069, FDAug: 0.5029, Var: 0.0000, Ctx: 6, MixCtx: 3, Train: 83.77%, Valid: 71.42%, Test In: 72.69% Test OOD1: 63.40% Test OOD2: 53.87% Test OOD3: 61.06% 
Epoch: 347, Loss: 3.0055, Cls: 1.0018, Ind: 0.0000, Med: 0.5011, Spu: 0.0000, FD: 1.0016, FDAug: 0.5009, Var: 0.0000, Ctx: 6, MixCtx: 3, Train: 83.86%, Valid: 71.07%, Test In: 72.30% Test OOD1: 62.78% Test OOD2: 53.90% Test OOD3: 60.65% 
Epoch: 348, Loss: 3.0202, Cls: 1.0066, Ind: 0.0000, Med: 0.5035, Spu: 0.0000, FD: 1.0063, FDAug: 0.5038, Var: 0.0000, Ctx: 6, MixCtx: 3, Train: 83.71%, Valid: 71.13%, Test In: 72.59% Test OOD1: 63.02% Test OOD2: 53.90% Test OOD3: 61.06% 
Epoch: 349, Loss: 3.0695, Cls: 1.0224, Ind: 0.0000, Med: 0.5110, Spu: 0.0000, FD: 1.0240, FDAug: 0.5121, Var: 0.0000, Ctx: 6, MixCtx: 3, Train: 83.55%, Valid: 70.92%, Test In: 72.22% Test OOD1: 63.11% Test OOD2: 53.84% Test OOD3: 60.61% 
Epoch: 350, Loss: 3.1487, Cls: 1.0520, Ind: 0.0000, Med: 0.5276, Spu: 0.0000, FD: 1.0457, FDAug: 0.5234, Var: 0.0000, Ctx: 6, MixCtx: 3, Train: 83.62%, Valid: 71.26%, Test In: 72.69% Test OOD1: 62.91% Test OOD2: 53.87% Test OOD3: 61.04% 
Epoch: 351, Loss: 3.1370, Cls: 1.0449, Ind: 0.0000, Med: 0.5222, Spu: 0.0000, FD: 1.0469, FDAug: 0.5229, Var: 0.0000, Ctx: 6, MixCtx: 3, Train: 83.84%, Valid: 70.99%, Test In: 72.18% Test OOD1: 62.63% Test OOD2: 53.81% Test OOD3: 60.33% 
Epoch: 352, Loss: 3.0564, Cls: 1.0200, Ind: 0.0000, Med: 0.5107, Spu: 0.0000, FD: 1.0175, FDAug: 0.5082, Var: 0.0000, Ctx: 6, MixCtx: 3, Train: 83.83%, Valid: 71.34%, Test In: 72.54% Test OOD1: 63.33% Test OOD2: 53.79% Test OOD3: 60.83% 
Epoch: 353, Loss: 3.0085, Cls: 1.0031, Ind: 0.0000, Med: 0.5017, Spu: 0.0000, FD: 1.0027, FDAug: 0.5010, Var: 0.0000, Ctx: 6, MixCtx: 3, Train: 83.81%, Valid: 71.33%, Test In: 72.62% Test OOD1: 63.14% Test OOD2: 53.89% Test OOD3: 61.04% 
Epoch: 354, Loss: 3.0685, Cls: 1.0228, Ind: 0.0000, Med: 0.5115, Spu: 0.0000, FD: 1.0225, FDAug: 0.5115, Var: 0.0000, Ctx: 6, MixCtx: 3, Train: 83.82%, Valid: 70.64%, Test In: 71.81% Test OOD1: 62.19% Test OOD2: 53.82% Test OOD3: 60.13% 
Epoch: 355, Loss: 3.1058, Cls: 1.0341, Ind: 0.0000, Med: 0.5168, Spu: 0.0000, FD: 1.0356, FDAug: 0.5193, Var: 0.0000, Ctx: 6, MixCtx: 3, Train: 83.95%, Valid: 71.27%, Test In: 72.67% Test OOD1: 63.28% Test OOD2: 53.80% Test OOD3: 61.06% 
Epoch: 356, Loss: 3.0124, Cls: 1.0047, Ind: 0.0000, Med: 0.5027, Spu: 0.0000, FD: 1.0035, FDAug: 0.5015, Var: 0.0000, Ctx: 6, MixCtx: 3, Train: 84.03%, Valid: 71.30%, Test In: 72.68% Test OOD1: 63.23% Test OOD2: 53.78% Test OOD3: 61.04% 
Epoch: 357, Loss: 2.9936, Cls: 0.9982, Ind: 0.0000, Med: 0.4993, Spu: 0.0000, FD: 0.9975, FDAug: 0.4985, Var: 0.0000, Ctx: 6, MixCtx: 3, Train: 83.99%, Valid: 70.93%, Test In: 72.18% Test OOD1: 62.61% Test OOD2: 53.80% Test OOD3: 60.51% 
Epoch: 358, Loss: 3.0509, Cls: 1.0177, Ind: 0.0000, Med: 0.5093, Spu: 0.0000, FD: 1.0159, FDAug: 0.5080, Var: 0.0000, Ctx: 6, MixCtx: 3, Train: 83.93%, Valid: 71.31%, Test In: 72.72% Test OOD1: 63.24% Test OOD2: 53.80% Test OOD3: 61.18% 
Epoch: 359, Loss: 3.0459, Cls: 1.0150, Ind: 0.0000, Med: 0.5076, Spu: 0.0000, FD: 1.0152, FDAug: 0.5081, Var: 0.0000, Ctx: 6, MixCtx: 3, Train: 83.96%, Valid: 71.19%, Test In: 72.44% Test OOD1: 63.40% Test OOD2: 53.73% Test OOD3: 60.91% 
Epoch: 360, Loss: 3.0158, Cls: 1.0057, Ind: 0.0000, Med: 0.5032, Spu: 0.0000, FD: 1.0043, FDAug: 0.5025, Var: 0.0000, Ctx: 6, MixCtx: 3, Train: 84.20%, Valid: 71.00%, Test In: 72.21% Test OOD1: 62.57% Test OOD2: 53.72% Test OOD3: 60.52% 
Epoch: 361, Loss: 2.9783, Cls: 0.9928, Ind: 0.0000, Med: 0.4965, Spu: 0.0000, FD: 0.9927, FDAug: 0.4962, Var: 0.0000, Ctx: 6, MixCtx: 3, Train: 84.21%, Valid: 71.20%, Test In: 72.39% Test OOD1: 62.82% Test OOD2: 53.66% Test OOD3: 60.71% 
Epoch: 362, Loss: 2.9905, Cls: 0.9968, Ind: 0.0000, Med: 0.4985, Spu: 0.0000, FD: 0.9968, FDAug: 0.4984, Var: 0.0000, Ctx: 6, MixCtx: 3, Train: 84.06%, Valid: 70.97%, Test In: 72.05% Test OOD1: 62.82% Test OOD2: 53.62% Test OOD3: 60.45% 
Epoch: 363, Loss: 3.0225, Cls: 1.0074, Ind: 0.0000, Med: 0.5038, Spu: 0.0000, FD: 1.0072, FDAug: 0.5041, Var: 0.0000, Ctx: 6, MixCtx: 3, Train: 84.23%, Valid: 70.81%, Test In: 72.13% Test OOD1: 62.36% Test OOD2: 53.72% Test OOD3: 60.52% 
Epoch: 364, Loss: 3.0048, Cls: 1.0018, Ind: 0.0000, Med: 0.5011, Spu: 0.0000, FD: 1.0012, FDAug: 0.5006, Var: 0.0000, Ctx: 6, MixCtx: 3, Train: 84.37%, Valid: 70.77%, Test In: 72.03% Test OOD1: 62.55% Test OOD2: 53.73% Test OOD3: 60.47% 
Epoch: 365, Loss: 2.9717, Cls: 0.9908, Ind: 0.0000, Med: 0.4956, Spu: 0.0000, FD: 0.9904, FDAug: 0.4950, Var: 0.0000, Ctx: 6, MixCtx: 3, Train: 84.34%, Valid: 71.03%, Test In: 72.24% Test OOD1: 63.04% Test OOD2: 53.72% Test OOD3: 60.78% 
Epoch: 366, Loss: 2.9630, Cls: 0.9877, Ind: 0.0000, Med: 0.4939, Spu: 0.0000, FD: 0.9875, FDAug: 0.4938, Var: 0.0000, Ctx: 6, MixCtx: 3, Train: 84.35%, Valid: 70.80%, Test In: 72.04% Test OOD1: 62.43% Test OOD2: 53.71% Test OOD3: 60.54% 
Epoch: 367, Loss: 2.9809, Cls: 0.9939, Ind: 0.0000, Med: 0.4972, Spu: 0.0000, FD: 0.9930, FDAug: 0.4967, Var: 0.0000, Ctx: 6, MixCtx: 3, Train: 84.33%, Valid: 70.63%, Test In: 71.78% Test OOD1: 62.45% Test OOD2: 53.57% Test OOD3: 60.18% 
Epoch: 368, Loss: 3.0288, Cls: 1.0087, Ind: 0.0000, Med: 0.5042, Spu: 0.0000, FD: 1.0097, FDAug: 0.5062, Var: 0.0000, Ctx: 6, MixCtx: 3, Train: 84.16%, Valid: 70.88%, Test In: 72.33% Test OOD1: 62.60% Test OOD2: 53.58% Test OOD3: 60.67% 
Epoch: 369, Loss: 3.0903, Cls: 1.0301, Ind: 0.0000, Med: 0.5153, Spu: 0.0000, FD: 1.0295, FDAug: 0.5153, Var: 0.0000, Ctx: 6, MixCtx: 3, Train: 84.02%, Valid: 70.18%, Test In: 71.32% Test OOD1: 61.72% Test OOD2: 53.55% Test OOD3: 59.71% 
Epoch: 370, Loss: 3.1736, Cls: 1.0587, Ind: 0.0000, Med: 0.5300, Spu: 0.0000, FD: 1.0563, FDAug: 0.5286, Var: 0.0000, Ctx: 6, MixCtx: 3, Train: 84.29%, Valid: 70.97%, Test In: 72.40% Test OOD1: 62.85% Test OOD2: 53.67% Test OOD3: 60.77% 
Epoch: 371, Loss: 3.0656, Cls: 1.0220, Ind: 0.0000, Med: 0.5112, Spu: 0.0000, FD: 1.0214, FDAug: 0.5109, Var: 0.0000, Ctx: 6, MixCtx: 3, Train: 84.48%, Valid: 70.64%, Test In: 71.88% Test OOD1: 62.52% Test OOD2: 53.69% Test OOD3: 60.31% 
Epoch: 372, Loss: 2.9697, Cls: 0.9901, Ind: 0.0000, Med: 0.4952, Spu: 0.0000, FD: 0.9900, FDAug: 0.4944, Var: 0.0000, Ctx: 6, MixCtx: 3, Train: 84.44%, Valid: 70.50%, Test In: 71.57% Test OOD1: 62.35% Test OOD2: 53.67% Test OOD3: 60.15% 
Epoch: 373, Loss: 3.0102, Cls: 1.0033, Ind: 0.0000, Med: 0.5017, Spu: 0.0000, FD: 1.0036, FDAug: 0.5016, Var: 0.0000, Ctx: 6, MixCtx: 3, Train: 84.23%, Valid: 71.03%, Test In: 72.28% Test OOD1: 63.13% Test OOD2: 53.70% Test OOD3: 60.97% 
Epoch: 374, Loss: 3.0373, Cls: 1.0124, Ind: 0.0000, Med: 0.5063, Spu: 0.0000, FD: 1.0123, FDAug: 0.5063, Var: 0.0000, Ctx: 6, MixCtx: 3, Train: 84.62%, Valid: 70.55%, Test In: 71.70% Test OOD1: 62.29% Test OOD2: 53.53% Test OOD3: 60.24% 
Epoch: 375, Loss: 2.9750, Cls: 0.9920, Ind: 0.0000, Med: 0.4962, Spu: 0.0000, FD: 0.9913, FDAug: 0.4955, Var: 0.0000, Ctx: 6, MixCtx: 3, Train: 84.56%, Valid: 70.73%, Test In: 71.98% Test OOD1: 62.51% Test OOD2: 53.50% Test OOD3: 60.50% 
Epoch: 376, Loss: 2.9505, Cls: 0.9838, Ind: 0.0000, Med: 0.4921, Spu: 0.0000, FD: 0.9832, FDAug: 0.4914, Var: 0.0000, Ctx: 6, MixCtx: 3, Train: 84.45%, Valid: 71.05%, Test In: 72.37% Test OOD1: 62.94% Test OOD2: 53.59% Test OOD3: 60.98% 
Epoch: 377, Loss: 2.9820, Cls: 0.9937, Ind: 0.0000, Med: 0.4969, Spu: 0.0000, FD: 0.9942, FDAug: 0.4971, Var: 0.0000, Ctx: 6, MixCtx: 3, Train: 84.57%, Valid: 71.00%, Test In: 72.04% Test OOD1: 62.95% Test OOD2: 53.61% Test OOD3: 60.77% 
Epoch: 378, Loss: 3.0203, Cls: 1.0080, Ind: 0.0000, Med: 0.5049, Spu: 0.0000, FD: 1.0043, FDAug: 0.5030, Var: 0.0000, Ctx: 6, MixCtx: 3, Train: 84.55%, Valid: 70.96%, Test In: 72.28% Test OOD1: 62.95% Test OOD2: 53.55% Test OOD3: 60.80% 
Epoch: 379, Loss: 2.9927, Cls: 0.9974, Ind: 0.0000, Med: 0.4987, Spu: 0.0000, FD: 0.9976, FDAug: 0.4989, Var: 0.0000, Ctx: 6, MixCtx: 3, Train: 84.73%, Valid: 70.29%, Test In: 71.42% Test OOD1: 61.91% Test OOD2: 53.47% Test OOD3: 59.80% 
Epoch: 380, Loss: 2.9559, Cls: 0.9856, Ind: 0.0000, Med: 0.4931, Spu: 0.0000, FD: 0.9848, FDAug: 0.4923, Var: 0.0000, Ctx: 6, MixCtx: 3, Train: 84.82%, Valid: 70.57%, Test In: 71.55% Test OOD1: 62.14% Test OOD2: 53.48% Test OOD3: 60.02% 
Epoch: 381, Loss: 2.9326, Cls: 0.9775, Ind: 0.0000, Med: 0.4888, Spu: 0.0000, FD: 0.9774, FDAug: 0.4887, Var: 0.0000, Ctx: 6, MixCtx: 3, Train: 84.67%, Valid: 70.87%, Test In: 71.95% Test OOD1: 62.54% Test OOD2: 53.55% Test OOD3: 60.51% 
Epoch: 382, Loss: 2.9722, Cls: 0.9915, Ind: 0.0000, Med: 0.4963, Spu: 0.0000, FD: 0.9896, FDAug: 0.4948, Var: 0.0000, Ctx: 6, MixCtx: 3, Train: 84.74%, Valid: 70.29%, Test In: 71.34% Test OOD1: 61.90% Test OOD2: 53.52% Test OOD3: 59.95% 
Epoch: 383, Loss: 2.9943, Cls: 0.9973, Ind: 0.0000, Med: 0.4984, Spu: 0.0000, FD: 0.9989, FDAug: 0.4997, Var: 0.0000, Ctx: 6, MixCtx: 3, Train: 84.77%, Valid: 70.61%, Test In: 71.88% Test OOD1: 62.44% Test OOD2: 53.49% Test OOD3: 60.35% 
Epoch: 384, Loss: 2.9594, Cls: 0.9872, Ind: 0.0000, Med: 0.4941, Spu: 0.0000, FD: 0.9853, FDAug: 0.4928, Var: 0.0000, Ctx: 6, MixCtx: 3, Train: 84.98%, Valid: 70.51%, Test In: 71.49% Test OOD1: 62.17% Test OOD2: 53.49% Test OOD3: 60.17% 
Epoch: 385, Loss: 2.9193, Cls: 0.9731, Ind: 0.0000, Med: 0.4867, Spu: 0.0000, FD: 0.9730, FDAug: 0.4865, Var: 0.0000, Ctx: 6, MixCtx: 3, Train: 84.96%, Valid: 70.67%, Test In: 71.62% Test OOD1: 62.52% Test OOD2: 53.56% Test OOD3: 60.45% 
Epoch: 386, Loss: 2.9188, Cls: 0.9729, Ind: 0.0000, Med: 0.4866, Spu: 0.0000, FD: 0.9729, FDAug: 0.4863, Var: 0.0000, Ctx: 6, MixCtx: 3, Train: 84.89%, Valid: 70.53%, Test In: 71.85% Test OOD1: 62.60% Test OOD2: 53.59% Test OOD3: 60.58% 
Epoch: 387, Loss: 2.9373, Cls: 0.9792, Ind: 0.0000, Med: 0.4898, Spu: 0.0000, FD: 0.9788, FDAug: 0.4895, Var: 0.0000, Ctx: 6, MixCtx: 3, Train: 84.95%, Valid: 70.04%, Test In: 71.21% Test OOD1: 61.84% Test OOD2: 53.47% Test OOD3: 59.93% 
Epoch: 388, Loss: 2.9709, Cls: 0.9908, Ind: 0.0000, Med: 0.4959, Spu: 0.0000, FD: 0.9891, FDAug: 0.4951, Var: 0.0000, Ctx: 6, MixCtx: 3, Train: 84.91%, Valid: 70.36%, Test In: 71.50% Test OOD1: 61.81% Test OOD2: 53.37% Test OOD3: 60.02% 
Epoch: 389, Loss: 3.0039, Cls: 1.0007, Ind: 0.0000, Med: 0.5002, Spu: 0.0000, FD: 1.0020, FDAug: 0.5010, Var: 0.0000, Ctx: 6, MixCtx: 3, Train: 84.50%, Valid: 70.20%, Test In: 70.94% Test OOD1: 61.83% Test OOD2: 53.34% Test OOD3: 59.64% 
Epoch: 390, Loss: 3.0657, Cls: 1.0220, Ind: 0.0000, Med: 0.5115, Spu: 0.0000, FD: 1.0201, FDAug: 0.5119, Var: 0.0000, Ctx: 6, MixCtx: 3, Train: 84.64%, Valid: 70.28%, Test In: 71.67% Test OOD1: 61.91% Test OOD2: 53.56% Test OOD3: 60.04% 
Epoch: 391, Loss: 3.0441, Cls: 1.0135, Ind: 0.0000, Med: 0.5063, Spu: 0.0000, FD: 1.0160, FDAug: 0.5082, Var: 0.0000, Ctx: 6, MixCtx: 3, Train: 84.78%, Valid: 70.46%, Test In: 71.68% Test OOD1: 62.49% Test OOD2: 53.54% Test OOD3: 60.17% 
Epoch: 392, Loss: 2.9698, Cls: 0.9902, Ind: 0.0000, Med: 0.4953, Spu: 0.0000, FD: 0.9896, FDAug: 0.4948, Var: 0.0000, Ctx: 6, MixCtx: 3, Train: 85.01%, Valid: 70.92%, Test In: 71.73% Test OOD1: 62.49% Test OOD2: 53.48% Test OOD3: 60.35% 
Epoch: 393, Loss: 2.9247, Cls: 0.9751, Ind: 0.0000, Med: 0.4876, Spu: 0.0000, FD: 0.9750, FDAug: 0.4870, Var: 0.0000, Ctx: 6, MixCtx: 3, Train: 84.84%, Valid: 70.93%, Test In: 71.75% Test OOD1: 62.29% Test OOD2: 53.39% Test OOD3: 60.47% 
Epoch: 394, Loss: 2.9827, Cls: 0.9943, Ind: 0.0000, Med: 0.4973, Spu: 0.0000, FD: 0.9940, FDAug: 0.4970, Var: 0.0000, Ctx: 6, MixCtx: 3, Train: 85.03%, Valid: 70.07%, Test In: 70.81% Test OOD1: 61.31% Test OOD2: 53.29% Test OOD3: 59.54% 
Epoch: 395, Loss: 2.9599, Cls: 0.9872, Ind: 0.0000, Med: 0.4940, Spu: 0.0000, FD: 0.9860, FDAug: 0.4927, Var: 0.0000, Ctx: 6, MixCtx: 3, Train: 84.80%, Valid: 70.41%, Test In: 71.66% Test OOD1: 62.35% Test OOD2: 53.47% Test OOD3: 60.33% 
Epoch: 396, Loss: 2.9263, Cls: 0.9752, Ind: 0.0000, Med: 0.4877, Spu: 0.0000, FD: 0.9754, FDAug: 0.4879, Var: 0.0000, Ctx: 6, MixCtx: 3, Train: 85.02%, Valid: 70.37%, Test In: 71.67% Test OOD1: 62.18% Test OOD2: 53.57% Test OOD3: 60.41% 
Epoch: 397, Loss: 2.9118, Cls: 0.9705, Ind: 0.0000, Med: 0.4854, Spu: 0.0000, FD: 0.9705, FDAug: 0.4855, Var: 0.0000, Ctx: 6, MixCtx: 3, Train: 85.05%, Valid: 70.69%, Test In: 71.49% Test OOD1: 62.27% Test OOD2: 53.45% Test OOD3: 60.43% 
Epoch: 398, Loss: 2.9505, Cls: 0.9837, Ind: 0.0000, Med: 0.4922, Spu: 0.0000, FD: 0.9826, FDAug: 0.4919, Var: 0.0000, Ctx: 6, MixCtx: 3, Train: 85.07%, Valid: 70.91%, Test In: 71.99% Test OOD1: 62.64% Test OOD2: 53.34% Test OOD3: 60.65% 
Epoch: 399, Loss: 2.9717, Cls: 0.9910, Ind: 0.0000, Med: 0.4958, Spu: 0.0000, FD: 0.9900, FDAug: 0.4948, Var: 0.0000, Ctx: 6, MixCtx: 3, Train: 85.04%, Valid: 69.75%, Test In: 70.73% Test OOD1: 61.27% Test OOD2: 53.27% Test OOD3: 59.35% 
Epoch: 400, Loss: 2.9715, Cls: 0.9905, Ind: 0.0000, Med: 0.4955, Spu: 0.0000, FD: 0.9899, FDAug: 0.4955, Var: 0.0000, Ctx: 6, MixCtx: 3, Train: 85.38%, Valid: 70.13%, Test In: 71.01% Test OOD1: 61.54% Test OOD2: 53.20% Test OOD3: 59.58% 
Epoch: 401, Loss: 2.9006, Cls: 0.9674, Ind: 0.0000, Med: 0.4840, Spu: 0.0000, FD: 0.9665, FDAug: 0.4827, Var: 0.0000, Ctx: 6, MixCtx: 3, Train: 85.07%, Valid: 70.72%, Test In: 71.49% Test OOD1: 62.55% Test OOD2: 53.33% Test OOD3: 60.44% 
Epoch: 402, Loss: 2.9207, Cls: 0.9739, Ind: 0.0000, Med: 0.4873, Spu: 0.0000, FD: 0.9729, FDAug: 0.4865, Var: 0.0000, Ctx: 6, MixCtx: 3, Train: 84.97%, Valid: 69.83%, Test In: 70.59% Test OOD1: 61.17% Test OOD2: 53.43% Test OOD3: 59.63% 
Epoch: 403, Loss: 2.9932, Cls: 0.9974, Ind: 0.0000, Med: 0.4986, Spu: 0.0000, FD: 0.9980, FDAug: 0.4992, Var: 0.0000, Ctx: 6, MixCtx: 3, Train: 85.24%, Valid: 70.16%, Test In: 71.39% Test OOD1: 61.87% Test OOD2: 53.50% Test OOD3: 60.29% 
Epoch: 404, Loss: 2.9681, Cls: 0.9909, Ind: 0.0000, Med: 0.4962, Spu: 0.0000, FD: 0.9878, FDAug: 0.4931, Var: 0.0000, Ctx: 6, MixCtx: 3, Train: 84.50%, Valid: 70.63%, Test In: 71.58% Test OOD1: 63.06% Test OOD2: 53.41% Test OOD3: 60.81% 
Epoch: 405, Loss: 2.9635, Cls: 0.9873, Ind: 0.0000, Med: 0.4936, Spu: 0.0000, FD: 0.9881, FDAug: 0.4945, Var: 0.0000, Ctx: 6, MixCtx: 3, Train: 85.25%, Valid: 70.08%, Test In: 70.93% Test OOD1: 61.68% Test OOD2: 53.45% Test OOD3: 59.87% 
Epoch: 406, Loss: 2.9080, Cls: 0.9694, Ind: 0.0000, Med: 0.4848, Spu: 0.0000, FD: 0.9693, FDAug: 0.4844, Var: 0.0000, Ctx: 6, MixCtx: 3, Train: 84.81%, Valid: 70.24%, Test In: 71.19% Test OOD1: 61.92% Test OOD2: 53.53% Test OOD3: 60.22% 
Epoch: 407, Loss: 2.9675, Cls: 0.9896, Ind: 0.0000, Med: 0.4951, Spu: 0.0000, FD: 0.9889, FDAug: 0.4938, Var: 0.0000, Ctx: 6, MixCtx: 3, Train: 84.93%, Valid: 70.64%, Test In: 71.31% Test OOD1: 62.74% Test OOD2: 53.38% Test OOD3: 60.48% 
Epoch: 408, Loss: 2.9939, Cls: 0.9984, Ind: 0.0000, Med: 0.4997, Spu: 0.0000, FD: 0.9966, FDAug: 0.4991, Var: 0.0000, Ctx: 6, MixCtx: 3, Train: 85.26%, Valid: 70.45%, Test In: 71.59% Test OOD1: 62.14% Test OOD2: 53.25% Test OOD3: 60.26% 
Epoch: 409, Loss: 2.9319, Cls: 0.9770, Ind: 0.0000, Med: 0.4884, Spu: 0.0000, FD: 0.9782, FDAug: 0.4883, Var: 0.0000, Ctx: 6, MixCtx: 3, Train: 84.98%, Valid: 69.46%, Test In: 70.46% Test OOD1: 60.28% Test OOD2: 53.27% Test OOD3: 59.10% 
Epoch: 410, Loss: 2.9244, Cls: 0.9749, Ind: 0.0000, Med: 0.4876, Spu: 0.0000, FD: 0.9748, FDAug: 0.4871, Var: 0.0000, Ctx: 6, MixCtx: 3, Train: 85.43%, Valid: 70.58%, Test In: 71.20% Test OOD1: 61.99% Test OOD2: 53.24% Test OOD3: 60.16% 
Epoch: 411, Loss: 2.9038, Cls: 0.9679, Ind: 0.0000, Med: 0.4842, Spu: 0.0000, FD: 0.9672, FDAug: 0.4844, Var: 0.0000, Ctx: 6, MixCtx: 3, Train: 84.93%, Valid: 70.94%, Test In: 71.81% Test OOD1: 63.00% Test OOD2: 53.26% Test OOD3: 60.87% 
Epoch: 412, Loss: 3.0021, Cls: 1.0006, Ind: 0.0000, Med: 0.5003, Spu: 0.0000, FD: 1.0010, FDAug: 0.5002, Var: 0.0000, Ctx: 6, MixCtx: 3, Train: 84.23%, Valid: 68.57%, Test In: 69.46% Test OOD1: 59.77% Test OOD2: 53.34% Test OOD3: 58.57% 
Epoch: 413, Loss: 3.0634, Cls: 1.0229, Ind: 0.0000, Med: 0.5125, Spu: 0.0000, FD: 1.0184, FDAug: 0.5095, Var: 0.0000, Ctx: 6, MixCtx: 3, Train: 84.48%, Valid: 69.07%, Test In: 70.19% Test OOD1: 60.61% Test OOD2: 53.36% Test OOD3: 59.21% 
Epoch: 414, Loss: 2.9808, Cls: 0.9938, Ind: 0.0000, Med: 0.4970, Spu: 0.0000, FD: 0.9936, FDAug: 0.4964, Var: 0.0000, Ctx: 6, MixCtx: 3, Train: 84.31%, Valid: 71.18%, Test In: 72.18% Test OOD1: 63.84% Test OOD2: 53.25% Test OOD3: 61.41% 
Epoch: 415, Loss: 2.9862, Cls: 0.9950, Ind: 0.0000, Med: 0.4974, Spu: 0.0000, FD: 0.9957, FDAug: 0.4981, Var: 0.0000, Ctx: 6, MixCtx: 3, Train: 84.84%, Valid: 71.17%, Test In: 72.12% Test OOD1: 63.87% Test OOD2: 53.46% Test OOD3: 61.39% 
Epoch: 416, Loss: 2.9441, Cls: 0.9812, Ind: 0.0000, Med: 0.4906, Spu: 0.0000, FD: 0.9814, FDAug: 0.4908, Var: 0.0000, Ctx: 6, MixCtx: 3, Train: 84.67%, Valid: 70.43%, Test In: 71.41% Test OOD1: 62.00% Test OOD2: 53.38% Test OOD3: 60.39% 
Epoch: 417, Loss: 2.9346, Cls: 0.9782, Ind: 0.0000, Med: 0.4893, Spu: 0.0000, FD: 0.9780, FDAug: 0.4890, Var: 0.0000, Ctx: 6, MixCtx: 3, Train: 84.73%, Valid: 69.25%, Test In: 70.25% Test OOD1: 60.24% Test OOD2: 53.33% Test OOD3: 59.24% 
Epoch: 418, Loss: 2.9447, Cls: 0.9818, Ind: 0.0000, Med: 0.4911, Spu: 0.0000, FD: 0.9814, FDAug: 0.4904, Var: 0.0000, Ctx: 6, MixCtx: 3, Train: 84.99%, Valid: 70.16%, Test In: 70.78% Test OOD1: 61.99% Test OOD2: 53.26% Test OOD3: 60.15% 
Epoch: 419, Loss: 2.9370, Cls: 0.9787, Ind: 0.0000, Med: 0.4893, Spu: 0.0000, FD: 0.9794, FDAug: 0.4896, Var: 0.0000, Ctx: 6, MixCtx: 3, Train: 85.13%, Valid: 70.46%, Test In: 71.24% Test OOD1: 62.44% Test OOD2: 53.12% Test OOD3: 60.36% 
Epoch: 420, Loss: 2.9282, Cls: 0.9762, Ind: 0.0000, Med: 0.4883, Spu: 0.0000, FD: 0.9758, FDAug: 0.4879, Var: 0.0000, Ctx: 6, MixCtx: 3, Train: 85.38%, Valid: 69.73%, Test In: 70.54% Test OOD1: 60.91% Test OOD2: 53.10% Test OOD3: 59.32% 
Epoch: 421, Loss: 2.9028, Cls: 0.9676, Ind: 0.0000, Med: 0.4839, Spu: 0.0000, FD: 0.9678, FDAug: 0.4836, Var: 0.0000, Ctx: 6, MixCtx: 3, Train: 85.33%, Valid: 70.50%, Test In: 71.36% Test OOD1: 62.13% Test OOD2: 53.38% Test OOD3: 60.32% 
Epoch: 422, Loss: 2.9096, Cls: 0.9702, Ind: 0.0000, Med: 0.4853, Spu: 0.0000, FD: 0.9694, FDAug: 0.4847, Var: 0.0000, Ctx: 6, MixCtx: 3, Train: 85.10%, Valid: 71.04%, Test In: 72.10% Test OOD1: 63.56% Test OOD2: 53.58% Test OOD3: 61.41% 
Epoch: 423, Loss: 2.9373, Cls: 0.9794, Ind: 0.0000, Med: 0.4900, Spu: 0.0000, FD: 0.9784, FDAug: 0.4893, Var: 0.0000, Ctx: 6, MixCtx: 3, Train: 85.25%, Valid: 70.17%, Test In: 71.05% Test OOD1: 62.12% Test OOD2: 53.43% Test OOD3: 60.47% 
Epoch: 424, Loss: 2.9256, Cls: 0.9754, Ind: 0.0000, Med: 0.4881, Spu: 0.0000, FD: 0.9743, FDAug: 0.4879, Var: 0.0000, Ctx: 6, MixCtx: 3, Train: 85.46%, Valid: 69.00%, Test In: 69.92% Test OOD1: 60.22% Test OOD2: 52.96% Test OOD3: 58.87% 
Epoch: 425, Loss: 2.9484, Cls: 0.9820, Ind: 0.0000, Med: 0.4908, Spu: 0.0000, FD: 0.9835, FDAug: 0.4919, Var: 0.0000, Ctx: 6, MixCtx: 3, Train: 85.57%, Valid: 69.93%, Test In: 70.64% Test OOD1: 61.63% Test OOD2: 52.91% Test OOD3: 59.65% 
Epoch: 426, Loss: 2.9128, Cls: 0.9704, Ind: 0.0000, Med: 0.4852, Spu: 0.0000, FD: 0.9710, FDAug: 0.4861, Var: 0.0000, Ctx: 6, MixCtx: 3, Train: 85.21%, Valid: 70.63%, Test In: 71.58% Test OOD1: 62.56% Test OOD2: 53.04% Test OOD3: 60.60% 
Epoch: 427, Loss: 2.9182, Cls: 0.9731, Ind: 0.0000, Med: 0.4869, Spu: 0.0000, FD: 0.9721, FDAug: 0.4861, Var: 0.0000, Ctx: 6, MixCtx: 3, Train: 85.45%, Valid: 69.64%, Test In: 70.59% Test OOD1: 60.74% Test OOD2: 53.29% Test OOD3: 59.57% 
Epoch: 428, Loss: 2.8964, Cls: 0.9659, Ind: 0.0000, Med: 0.4832, Spu: 0.0000, FD: 0.9652, FDAug: 0.4821, Var: 0.0000, Ctx: 6, MixCtx: 3, Train: 85.63%, Valid: 70.11%, Test In: 70.82% Test OOD1: 61.25% Test OOD2: 53.33% Test OOD3: 59.95% 
Epoch: 429, Loss: 2.8761, Cls: 0.9593, Ind: 0.0000, Med: 0.4799, Spu: 0.0000, FD: 0.9582, FDAug: 0.4787, Var: 0.0000, Ctx: 6, MixCtx: 3, Train: 85.42%, Valid: 70.96%, Test In: 71.59% Test OOD1: 62.94% Test OOD2: 53.12% Test OOD3: 60.95% 
Epoch: 430, Loss: 2.8891, Cls: 0.9632, Ind: 0.0000, Med: 0.4818, Spu: 0.0000, FD: 0.9626, FDAug: 0.4813, Var: 0.0000, Ctx: 6, MixCtx: 3, Train: 85.93%, Valid: 70.38%, Test In: 71.33% Test OOD1: 62.53% Test OOD2: 53.15% Test OOD3: 60.47% 
Epoch: 431, Loss: 2.8495, Cls: 0.9495, Ind: 0.0000, Med: 0.4747, Spu: 0.0000, FD: 0.9500, FDAug: 0.4752, Var: 0.0000, Ctx: 6, MixCtx: 3, Train: 85.51%, Valid: 69.22%, Test In: 70.40% Test OOD1: 60.71% Test OOD2: 53.08% Test OOD3: 59.31% 
Epoch: 432, Loss: 2.8685, Cls: 0.9561, Ind: 0.0000, Med: 0.4782, Spu: 0.0000, FD: 0.9561, FDAug: 0.4781, Var: 0.0000, Ctx: 6, MixCtx: 3, Train: 86.17%, Valid: 69.47%, Test In: 70.33% Test OOD1: 60.92% Test OOD2: 53.04% Test OOD3: 59.39% 
Epoch: 433, Loss: 2.8244, Cls: 0.9420, Ind: 0.0000, Med: 0.4715, Spu: 0.0000, FD: 0.9405, FDAug: 0.4704, Var: 0.0000, Ctx: 6, MixCtx: 3, Train: 85.81%, Valid: 70.22%, Test In: 70.75% Test OOD1: 61.70% Test OOD2: 52.98% Test OOD3: 59.97% 
Epoch: 434, Loss: 2.8580, Cls: 0.9521, Ind: 0.0000, Med: 0.4760, Spu: 0.0000, FD: 0.9531, FDAug: 0.4769, Var: 0.0000, Ctx: 6, MixCtx: 3, Train: 86.02%, Valid: 69.31%, Test In: 70.01% Test OOD1: 60.25% Test OOD2: 52.98% Test OOD3: 58.99% 
Epoch: 435, Loss: 2.8334, Cls: 0.9448, Ind: 0.0000, Med: 0.4727, Spu: 0.0000, FD: 0.9439, FDAug: 0.4719, Var: 0.0000, Ctx: 6, MixCtx: 3, Train: 86.11%, Valid: 69.98%, Test In: 70.86% Test OOD1: 61.39% Test OOD2: 53.05% Test OOD3: 59.80% 
Epoch: 436, Loss: 2.8204, Cls: 0.9402, Ind: 0.0000, Med: 0.4703, Spu: 0.0000, FD: 0.9398, FDAug: 0.4699, Var: 0.0000, Ctx: 6, MixCtx: 3, Train: 85.87%, Valid: 70.61%, Test In: 71.40% Test OOD1: 62.68% Test OOD2: 53.02% Test OOD3: 60.56% 
Epoch: 437, Loss: 2.8404, Cls: 0.9465, Ind: 0.0000, Med: 0.4733, Spu: 0.0000, FD: 0.9469, FDAug: 0.4737, Var: 0.0000, Ctx: 6, MixCtx: 3, Train: 86.34%, Valid: 69.82%, Test In: 70.41% Test OOD1: 61.27% Test OOD2: 52.91% Test OOD3: 59.57% 
Epoch: 438, Loss: 2.8056, Cls: 0.9353, Ind: 0.0000, Med: 0.4678, Spu: 0.0000, FD: 0.9350, FDAug: 0.4675, Var: 0.0000, Ctx: 6, MixCtx: 3, Train: 86.19%, Valid: 69.03%, Test In: 69.83% Test OOD1: 60.33% Test OOD2: 52.98% Test OOD3: 59.09% 
Epoch: 439, Loss: 2.8371, Cls: 0.9462, Ind: 0.0000, Med: 0.4734, Spu: 0.0000, FD: 0.9451, FDAug: 0.4724, Var: 0.0000, Ctx: 6, MixCtx: 3, Train: 85.83%, Valid: 69.71%, Test In: 70.45% Test OOD1: 61.70% Test OOD2: 53.14% Test OOD3: 60.09% 
Epoch: 440, Loss: 2.9051, Cls: 0.9668, Ind: 0.0000, Med: 0.4830, Spu: 0.0000, FD: 0.9693, FDAug: 0.4859, Var: 0.0000, Ctx: 6, MixCtx: 3, Train: 85.46%, Valid: 69.62%, Test In: 70.50% Test OOD1: 61.05% Test OOD2: 52.69% Test OOD3: 59.61% 
Epoch: 441, Loss: 3.0612, Cls: 1.0216, Ind: 0.0000, Med: 0.5115, Spu: 0.0000, FD: 1.0188, FDAug: 0.5093, Var: 0.0000, Ctx: 6, MixCtx: 3, Train: 84.75%, Valid: 69.40%, Test In: 69.63% Test OOD1: 60.70% Test OOD2: 52.65% Test OOD3: 58.66% 
Epoch: 442, Loss: 3.3425, Cls: 1.1126, Ind: 0.0000, Med: 0.5560, Spu: 0.0000, FD: 1.1145, FDAug: 0.5594, Var: 0.0000, Ctx: 6, MixCtx: 3, Train: 85.21%, Valid: 70.60%, Test In: 71.46% Test OOD1: 62.26% Test OOD2: 52.80% Test OOD3: 60.68% 
Epoch: 443, Loss: 3.0354, Cls: 1.0139, Ind: 0.0001, Med: 0.5079, Spu: 0.0000, FD: 1.0099, FDAug: 0.5037, Var: 0.0000, Ctx: 6, MixCtx: 3, Train: 84.85%, Valid: 70.43%, Test In: 71.67% Test OOD1: 62.52% Test OOD2: 53.31% Test OOD3: 61.06% 
Epoch: 444, Loss: 3.0419, Cls: 1.0159, Ind: 0.0000, Med: 0.5087, Spu: 0.0000, FD: 1.0124, FDAug: 0.5048, Var: 0.0000, Ctx: 6, MixCtx: 3, Train: 84.16%, Valid: 69.72%, Test In: 71.21% Test OOD1: 62.30% Test OOD2: 53.75% Test OOD3: 60.79% 
Epoch: 445, Loss: 3.0987, Cls: 1.0325, Ind: 0.0000, Med: 0.5163, Spu: 0.0000, FD: 1.0329, FDAug: 0.5170, Var: 0.0000, Ctx: 6, MixCtx: 3, Train: 84.87%, Valid: 70.71%, Test In: 71.54% Test OOD1: 62.54% Test OOD2: 53.62% Test OOD3: 61.04% 
Epoch: 446, Loss: 2.9704, Cls: 0.9894, Ind: 0.0000, Med: 0.4945, Spu: 0.0000, FD: 0.9911, FDAug: 0.4954, Var: 0.0000, Ctx: 6, MixCtx: 3, Train: 84.46%, Valid: 70.94%, Test In: 71.52% Test OOD1: 62.73% Test OOD2: 53.17% Test OOD3: 61.13% 
Epoch: 447, Loss: 3.0365, Cls: 1.0125, Ind: 0.0001, Med: 0.5063, Spu: 0.0000, FD: 1.0125, FDAug: 0.5051, Var: 0.0000, Ctx: 6, MixCtx: 3, Train: 84.82%, Valid: 69.83%, Test In: 70.29% Test OOD1: 60.85% Test OOD2: 52.62% Test OOD3: 59.57% 
Epoch: 448, Loss: 2.9469, Cls: 0.9812, Ind: 0.0000, Med: 0.4902, Spu: 0.0000, FD: 0.9839, FDAug: 0.4916, Var: 0.0000, Ctx: 6, MixCtx: 3, Train: 84.95%, Valid: 69.58%, Test In: 70.23% Test OOD1: 60.81% Test OOD2: 52.71% Test OOD3: 59.18% 
Epoch: 449, Loss: 2.9908, Cls: 0.9981, Ind: 0.0000, Med: 0.5001, Spu: 0.0000, FD: 0.9946, FDAug: 0.4980, Var: 0.0000, Ctx: 6, MixCtx: 3, Train: 85.18%, Valid: 70.62%, Test In: 71.64% Test OOD1: 62.44% Test OOD2: 53.07% Test OOD3: 60.67% 
Epoch: 450, Loss: 2.9168, Cls: 0.9716, Ind: 0.0000, Med: 0.4858, Spu: 0.0000, FD: 0.9728, FDAug: 0.4864, Var: 0.0000, Ctx: 6, MixCtx: 3, Train: 85.20%, Valid: 70.87%, Test In: 72.25% Test OOD1: 63.17% Test OOD2: 53.36% Test OOD3: 61.41% 
Epoch: 451, Loss: 2.9259, Cls: 0.9740, Ind: 0.0000, Med: 0.4868, Spu: 0.0000, FD: 0.9762, FDAug: 0.4887, Var: 0.0000, Ctx: 6, MixCtx: 3, Train: 85.24%, Valid: 70.72%, Test In: 72.13% Test OOD1: 62.80% Test OOD2: 53.70% Test OOD3: 61.32% 
Epoch: 452, Loss: 2.9418, Cls: 0.9818, Ind: 0.0000, Med: 0.4918, Spu: 0.0000, FD: 0.9782, FDAug: 0.4899, Var: 0.0000, Ctx: 6, MixCtx: 3, Train: 85.33%, Valid: 71.11%, Test In: 72.01% Test OOD1: 62.80% Test OOD2: 53.46% Test OOD3: 61.18% 
Epoch: 453, Loss: 2.9013, Cls: 0.9668, Ind: 0.0000, Med: 0.4834, Spu: 0.0000, FD: 0.9671, FDAug: 0.4839, Var: 0.0000, Ctx: 6, MixCtx: 3, Train: 85.60%, Valid: 70.73%, Test In: 71.32% Test OOD1: 61.87% Test OOD2: 52.98% Test OOD3: 60.22% 
Epoch: 454, Loss: 2.8747, Cls: 0.9581, Ind: 0.0000, Med: 0.4792, Spu: 0.0000, FD: 0.9581, FDAug: 0.4792, Var: 0.0000, Ctx: 6, MixCtx: 3, Train: 85.99%, Valid: 70.19%, Test In: 70.80% Test OOD1: 61.26% Test OOD2: 52.64% Test OOD3: 59.35% 
Epoch: 455, Loss: 2.8575, Cls: 0.9514, Ind: 0.0000, Med: 0.4754, Spu: 0.0000, FD: 0.9538, FDAug: 0.4768, Var: 0.0000, Ctx: 6, MixCtx: 3, Train: 85.69%, Valid: 69.98%, Test In: 70.94% Test OOD1: 61.72% Test OOD2: 52.85% Test OOD3: 59.73% 
Epoch: 456, Loss: 2.8595, Cls: 0.9538, Ind: 0.0000, Med: 0.4776, Spu: 0.0000, FD: 0.9521, FDAug: 0.4760, Var: 0.0000, Ctx: 6, MixCtx: 3, Train: 85.93%, Valid: 69.41%, Test In: 70.44% Test OOD1: 61.27% Test OOD2: 53.04% Test OOD3: 59.61% 
Epoch: 457, Loss: 2.8379, Cls: 0.9469, Ind: 0.0000, Med: 0.4743, Spu: 0.0000, FD: 0.9446, FDAug: 0.4721, Var: 0.0000, Ctx: 6, MixCtx: 3, Train: 86.33%, Valid: 69.23%, Test In: 70.04% Test OOD1: 60.71% Test OOD2: 53.19% Test OOD3: 59.53% 
Epoch: 458, Loss: 2.8117, Cls: 0.9370, Ind: 0.0000, Med: 0.4687, Spu: 0.0000, FD: 0.9373, FDAug: 0.4686, Var: 0.0000, Ctx: 6, MixCtx: 3, Train: 85.98%, Valid: 70.13%, Test In: 70.74% Test OOD1: 61.90% Test OOD2: 53.15% Test OOD3: 60.43% 
Epoch: 459, Loss: 2.8366, Cls: 0.9459, Ind: 0.0000, Med: 0.4734, Spu: 0.0000, FD: 0.9448, FDAug: 0.4725, Var: 0.0000, Ctx: 6, MixCtx: 3, Train: 86.27%, Valid: 70.25%, Test In: 70.99% Test OOD1: 62.10% Test OOD2: 52.99% Test OOD3: 60.44% 
Epoch: 460, Loss: 2.8084, Cls: 0.9358, Ind: 0.0000, Med: 0.4680, Spu: 0.0000, FD: 0.9363, FDAug: 0.4683, Var: 0.0000, Ctx: 6, MixCtx: 3, Train: 86.32%, Valid: 69.62%, Test In: 70.68% Test OOD1: 61.63% Test OOD2: 52.93% Test OOD3: 59.97% 
Epoch: 461, Loss: 2.8039, Cls: 0.9346, Ind: 0.0000, Med: 0.4675, Spu: 0.0000, FD: 0.9345, FDAug: 0.4673, Var: 0.0000, Ctx: 6, MixCtx: 3, Train: 86.25%, Valid: 69.24%, Test In: 70.22% Test OOD1: 61.17% Test OOD2: 52.84% Test OOD3: 59.58% 
Epoch: 462, Loss: 2.8132, Cls: 0.9373, Ind: 0.0000, Med: 0.4687, Spu: 0.0000, FD: 0.9382, FDAug: 0.4690, Var: 0.0000, Ctx: 6, MixCtx: 3, Train: 86.68%, Valid: 69.46%, Test In: 69.97% Test OOD1: 60.93% Test OOD2: 52.92% Test OOD3: 59.37% 
Epoch: 463, Loss: 2.7784, Cls: 0.9268, Ind: 0.0000, Med: 0.4642, Spu: 0.0000, FD: 0.9249, FDAug: 0.4624, Var: 0.0000, Ctx: 6, MixCtx: 3, Train: 86.49%, Valid: 69.45%, Test In: 70.01% Test OOD1: 60.57% Test OOD2: 52.91% Test OOD3: 59.08% 
Epoch: 464, Loss: 2.8017, Cls: 0.9326, Ind: 0.0000, Med: 0.4661, Spu: 0.0000, FD: 0.9352, FDAug: 0.4677, Var: 0.0000, Ctx: 6, MixCtx: 3, Train: 86.55%, Valid: 69.07%, Test In: 69.81% Test OOD1: 59.83% Test OOD2: 52.78% Test OOD3: 58.52% 
Epoch: 465, Loss: 2.8064, Cls: 0.9366, Ind: 0.0000, Med: 0.4693, Spu: 0.0000, FD: 0.9333, FDAug: 0.4671, Var: 0.0000, Ctx: 6, MixCtx: 3, Train: 86.52%, Valid: 69.71%, Test In: 70.57% Test OOD1: 60.73% Test OOD2: 52.61% Test OOD3: 59.28% 
Epoch: 466, Loss: 2.8312, Cls: 0.9420, Ind: 0.0000, Med: 0.4703, Spu: 0.0000, FD: 0.9460, FDAug: 0.4729, Var: 0.0000, Ctx: 6, MixCtx: 3, Train: 86.49%, Valid: 69.43%, Test In: 70.05% Test OOD1: 60.81% Test OOD2: 52.89% Test OOD3: 59.20% 
Epoch: 467, Loss: 2.8880, Cls: 0.9633, Ind: 0.0000, Med: 0.4823, Spu: 0.0000, FD: 0.9608, FDAug: 0.4815, Var: 0.0000, Ctx: 6, MixCtx: 3, Train: 86.40%, Valid: 69.42%, Test In: 70.39% Test OOD1: 60.97% Test OOD2: 52.74% Test OOD3: 59.66% 
Epoch: 468, Loss: 2.8856, Cls: 0.9626, Ind: 0.0000, Med: 0.4816, Spu: 0.0000, FD: 0.9616, FDAug: 0.4798, Var: 0.0000, Ctx: 6, MixCtx: 3, Train: 86.60%, Valid: 70.25%, Test In: 70.91% Test OOD1: 62.18% Test OOD2: 52.97% Test OOD3: 60.36% 
Epoch: 469, Loss: 2.8110, Cls: 0.9360, Ind: 0.0000, Med: 0.4678, Spu: 0.0000, FD: 0.9376, FDAug: 0.4696, Var: 0.0000, Ctx: 6, MixCtx: 3, Train: 86.66%, Valid: 70.19%, Test In: 70.99% Test OOD1: 61.89% Test OOD2: 52.96% Test OOD3: 60.26% 
Epoch: 470, Loss: 2.7763, Cls: 0.9255, Ind: 0.0000, Med: 0.4630, Spu: 0.0000, FD: 0.9251, FDAug: 0.4626, Var: 0.0000, Ctx: 6, MixCtx: 3, Train: 86.58%, Valid: 69.24%, Test In: 70.24% Test OOD1: 60.39% Test OOD2: 52.74% Test OOD3: 59.29% 
Epoch: 471, Loss: 2.8274, Cls: 0.9432, Ind: 0.0000, Med: 0.4721, Spu: 0.0000, FD: 0.9414, FDAug: 0.4706, Var: 0.0000, Ctx: 6, MixCtx: 3, Train: 86.67%, Valid: 69.48%, Test In: 70.01% Test OOD1: 60.69% Test OOD2: 52.80% Test OOD3: 59.40% 
Epoch: 472, Loss: 2.8094, Cls: 0.9367, Ind: 0.0000, Med: 0.4686, Spu: 0.0000, FD: 0.9362, FDAug: 0.4680, Var: 0.0000, Ctx: 6, MixCtx: 3, Train: 86.80%, Valid: 70.08%, Test In: 70.58% Test OOD1: 61.73% Test OOD2: 52.71% Test OOD3: 60.14% 
Epoch: 473, Loss: 2.7680, Cls: 0.9228, Ind: 0.0000, Med: 0.4616, Spu: 0.0000, FD: 0.9226, FDAug: 0.4611, Var: 0.0000, Ctx: 6, MixCtx: 3, Train: 86.78%, Valid: 69.55%, Test In: 70.32% Test OOD1: 61.09% Test OOD2: 52.70% Test OOD3: 59.55% 
Epoch: 474, Loss: 2.7653, Cls: 0.9220, Ind: 0.0000, Med: 0.4612, Spu: 0.0000, FD: 0.9215, FDAug: 0.4606, Var: 0.0000, Ctx: 6, MixCtx: 3, Train: 86.98%, Valid: 69.48%, Test In: 70.33% Test OOD1: 61.02% Test OOD2: 52.88% Test OOD3: 59.53% 
Epoch: 475, Loss: 2.7731, Cls: 0.9250, Ind: 0.0000, Med: 0.4631, Spu: 0.0000, FD: 0.9230, FDAug: 0.4620, Var: 0.0000, Ctx: 6, MixCtx: 3, Train: 86.79%, Valid: 70.05%, Test In: 70.84% Test OOD1: 61.76% Test OOD2: 52.78% Test OOD3: 60.23% 
Epoch: 476, Loss: 2.8091, Cls: 0.9353, Ind: 0.0000, Med: 0.4674, Spu: 0.0000, FD: 0.9373, FDAug: 0.4691, Var: 0.0000, Ctx: 6, MixCtx: 3, Train: 86.44%, Valid: 68.94%, Test In: 69.48% Test OOD1: 60.08% Test OOD2: 52.76% Test OOD3: 58.90% 
Epoch: 477, Loss: 2.8955, Cls: 0.9675, Ind: 0.0000, Med: 0.4852, Spu: 0.0000, FD: 0.9616, FDAug: 0.4812, Var: 0.0000, Ctx: 6, MixCtx: 3, Train: 86.37%, Valid: 68.83%, Test In: 69.71% Test OOD1: 59.82% Test OOD2: 52.32% Test OOD3: 58.76% 
Epoch: 478, Loss: 3.0137, Cls: 1.0037, Ind: 0.0000, Med: 0.5015, Spu: 0.0000, FD: 1.0059, FDAug: 0.5025, Var: 0.0000, Ctx: 6, MixCtx: 3, Train: 85.85%, Valid: 70.01%, Test In: 70.39% Test OOD1: 62.19% Test OOD2: 52.83% Test OOD3: 59.98% 
Epoch: 479, Loss: 3.0216, Cls: 1.0067, Ind: 0.0000, Med: 0.5034, Spu: 0.0000, FD: 1.0068, FDAug: 0.5047, Var: 0.0000, Ctx: 6, MixCtx: 3, Train: 85.66%, Valid: 70.67%, Test In: 71.20% Test OOD1: 63.16% Test OOD2: 52.98% Test OOD3: 60.84% 
Epoch: 480, Loss: 2.8534, Cls: 0.9510, Ind: 0.0000, Med: 0.4756, Spu: 0.0000, FD: 0.9513, FDAug: 0.4755, Var: 0.0000, Ctx: 6, MixCtx: 3, Train: 86.66%, Valid: 69.73%, Test In: 70.63% Test OOD1: 61.07% Test OOD2: 53.05% Test OOD3: 59.80% 
Epoch: 481, Loss: 2.9012, Cls: 0.9692, Ind: 0.0000, Med: 0.4856, Spu: 0.0000, FD: 0.9655, FDAug: 0.4810, Var: 0.0000, Ctx: 6, MixCtx: 3, Train: 86.36%, Valid: 69.12%, Test In: 69.85% Test OOD1: 60.18% Test OOD2: 53.11% Test OOD3: 59.27% 
Epoch: 482, Loss: 2.8853, Cls: 0.9614, Ind: 0.0000, Med: 0.4805, Spu: 0.0000, FD: 0.9627, FDAug: 0.4806, Var: 0.0000, Ctx: 6, MixCtx: 3, Train: 86.36%, Valid: 70.29%, Test In: 70.70% Test OOD1: 61.50% Test OOD2: 52.80% Test OOD3: 60.21% 
Epoch: 483, Loss: 2.8422, Cls: 0.9462, Ind: 0.0000, Med: 0.4727, Spu: 0.0000, FD: 0.9488, FDAug: 0.4745, Var: 0.0000, Ctx: 6, MixCtx: 3, Train: 86.06%, Valid: 70.69%, Test In: 71.41% Test OOD1: 62.86% Test OOD2: 52.70% Test OOD3: 60.95% 
Epoch: 484, Loss: 2.8635, Cls: 0.9554, Ind: 0.0000, Med: 0.4783, Spu: 0.0000, FD: 0.9532, FDAug: 0.4765, Var: 0.0000, Ctx: 6, MixCtx: 3, Train: 85.85%, Valid: 68.95%, Test In: 70.04% Test OOD1: 60.58% Test OOD2: 52.63% Test OOD3: 59.12% 
Epoch: 485, Loss: 2.8648, Cls: 0.9549, Ind: 0.0000, Med: 0.4775, Spu: 0.0000, FD: 0.9548, FDAug: 0.4776, Var: 0.0000, Ctx: 6, MixCtx: 3, Train: 86.02%, Valid: 69.03%, Test In: 70.27% Test OOD1: 60.95% Test OOD2: 52.88% Test OOD3: 59.58% 
Epoch: 486, Loss: 2.8333, Cls: 0.9447, Ind: 0.0000, Med: 0.4726, Spu: 0.0000, FD: 0.9440, FDAug: 0.4720, Var: 0.0000, Ctx: 6, MixCtx: 3, Train: 86.34%, Valid: 70.40%, Test In: 71.57% Test OOD1: 63.05% Test OOD2: 53.16% Test OOD3: 61.23% 
Epoch: 487, Loss: 2.8522, Cls: 0.9490, Ind: 0.0000, Med: 0.4739, Spu: 0.0000, FD: 0.9522, FDAug: 0.4771, Var: 0.0000, Ctx: 6, MixCtx: 3, Train: 85.88%, Valid: 69.79%, Test In: 70.78% Test OOD1: 61.79% Test OOD2: 53.23% Test OOD3: 60.30% 
Epoch: 488, Loss: 2.9335, Cls: 0.9792, Ind: 0.0000, Med: 0.4906, Spu: 0.0000, FD: 0.9752, FDAug: 0.4885, Var: 0.0000, Ctx: 6, MixCtx: 3, Train: 86.59%, Valid: 69.43%, Test In: 70.45% Test OOD1: 60.47% Test OOD2: 52.58% Test OOD3: 59.31% 
Epoch: 489, Loss: 2.9089, Cls: 0.9674, Ind: 0.0000, Med: 0.4828, Spu: 0.0000, FD: 0.9723, FDAug: 0.4864, Var: 0.0000, Ctx: 6, MixCtx: 3, Train: 86.77%, Valid: 69.32%, Test In: 69.95% Test OOD1: 59.89% Test OOD2: 52.52% Test OOD3: 58.61% 
Epoch: 490, Loss: 2.8072, Cls: 0.9356, Ind: 0.0000, Med: 0.4680, Spu: 0.0000, FD: 0.9354, FDAug: 0.4682, Var: 0.0000, Ctx: 6, MixCtx: 3, Train: 86.88%, Valid: 70.27%, Test In: 70.67% Test OOD1: 61.73% Test OOD2: 52.67% Test OOD3: 59.83% 
Epoch: 491, Loss: 2.7807, Cls: 0.9270, Ind: 0.0000, Med: 0.4636, Spu: 0.0000, FD: 0.9268, FDAug: 0.4633, Var: 0.0000, Ctx: 6, MixCtx: 3, Train: 86.20%, Valid: 70.44%, Test In: 70.91% Test OOD1: 62.59% Test OOD2: 52.76% Test OOD3: 60.58% 
Epoch: 492, Loss: 2.8383, Cls: 0.9463, Ind: 0.0000, Med: 0.4733, Spu: 0.0000, FD: 0.9460, FDAug: 0.4728, Var: 0.0000, Ctx: 6, MixCtx: 3, Train: 87.04%, Valid: 69.32%, Test In: 69.83% Test OOD1: 60.67% Test OOD2: 52.81% Test OOD3: 59.36% 
Epoch: 493, Loss: 2.7833, Cls: 0.9278, Ind: 0.0000, Med: 0.4640, Spu: 0.0000, FD: 0.9277, FDAug: 0.4638, Var: 0.0000, Ctx: 6, MixCtx: 3, Train: 86.96%, Valid: 69.19%, Test In: 69.80% Test OOD1: 60.57% Test OOD2: 52.76% Test OOD3: 59.43% 
Epoch: 494, Loss: 2.7706, Cls: 0.9236, Ind: 0.0000, Med: 0.4620, Spu: 0.0000, FD: 0.9234, FDAug: 0.4616, Var: 0.0000, Ctx: 6, MixCtx: 3, Train: 86.86%, Valid: 70.31%, Test In: 70.92% Test OOD1: 62.05% Test OOD2: 52.61% Test OOD3: 60.53% 
Epoch: 495, Loss: 2.7819, Cls: 0.9275, Ind: 0.0000, Med: 0.4639, Spu: 0.0000, FD: 0.9269, FDAug: 0.4636, Var: 0.0000, Ctx: 6, MixCtx: 3, Train: 87.09%, Valid: 69.72%, Test In: 70.46% Test OOD1: 61.65% Test OOD2: 52.69% Test OOD3: 60.07% 
Epoch: 496, Loss: 2.7509, Cls: 0.9165, Ind: 0.0000, Med: 0.4582, Spu: 0.0000, FD: 0.9171, FDAug: 0.4591, Var: 0.0000, Ctx: 6, MixCtx: 3, Train: 87.14%, Valid: 68.49%, Test In: 69.71% Test OOD1: 60.56% Test OOD2: 52.73% Test OOD3: 59.23% 
Epoch: 497, Loss: 2.7339, Cls: 0.9115, Ind: 0.0000, Med: 0.4560, Spu: 0.0000, FD: 0.9108, FDAug: 0.4555, Var: 0.0000, Ctx: 6, MixCtx: 3, Train: 87.33%, Valid: 68.65%, Test In: 69.68% Test OOD1: 60.73% Test OOD2: 52.82% Test OOD3: 59.35% 
Epoch: 498, Loss: 2.7140, Cls: 0.9048, Ind: 0.0000, Med: 0.4526, Spu: 0.0000, FD: 0.9044, FDAug: 0.4523, Var: 0.0000, Ctx: 6, MixCtx: 3, Train: 87.17%, Valid: 69.14%, Test In: 69.91% Test OOD1: 60.91% Test OOD2: 52.74% Test OOD3: 59.37% 
Epoch: 499, Loss: 2.7300, Cls: 0.9098, Ind: 0.0000, Med: 0.4550, Spu: 0.0000, FD: 0.9100, FDAug: 0.4553, Var: 0.0000, Ctx: 6, MixCtx: 3, Train: 87.26%, Valid: 68.73%, Test In: 69.72% Test OOD1: 59.74% Test OOD2: 52.33% Test OOD3: 58.42% 
Run 01:
Highest Train: 87.33
Highest Valid: 73.54
Highest In Test: 75.27
Highest OOD Test: 67.92
Highest OOD Test: 54.66
Highest OOD Test: 64.44
Chosen epoch: 133
Final Train: 76.98
Final In Test: 74.72
Final OOD Test: 67.09
Final OOD Test: 53.66
Final OOD Test: 63.85
Epoch: 00, Loss: 6.4351, Cls: 1.9788, Ind: 0.0037, Med: 0.9251, Spu: 0.0130, FD: 2.3576, FDAug: 1.1569, Var: 0.0000, Ctx: 6, MixCtx: 3, Train: 56.09%, Valid: 56.41%, Test In: 55.85% Test OOD1: 58.95% Test OOD2: 51.86% Test OOD3: 56.94% 
Epoch: 01, Loss: 4.5011, Cls: 1.4150, Ind: 0.0045, Med: 0.6890, Spu: 0.0014, FD: 1.5920, FDAug: 0.7993, Var: 0.0000, Ctx: 6, MixCtx: 3, Train: 55.63%, Valid: 55.99%, Test In: 55.51% Test OOD1: 58.04% Test OOD2: 52.12% Test OOD3: 57.29% 
Epoch: 02, Loss: 4.0916, Cls: 1.3512, Ind: 0.0051, Med: 0.6753, Spu: 0.0049, FD: 1.3689, FDAug: 0.6864, Var: 0.0000, Ctx: 6, MixCtx: 3, Train: 57.06%, Valid: 57.14%, Test In: 56.76% Test OOD1: 59.47% Test OOD2: 52.23% Test OOD3: 58.08% 
Epoch: 03, Loss: 4.0667, Cls: 1.3502, Ind: 0.0049, Med: 0.6756, Spu: 0.0014, FD: 1.3573, FDAug: 0.6772, Var: 0.0000, Ctx: 6, MixCtx: 3, Train: 58.29%, Valid: 58.08%, Test In: 57.54% Test OOD1: 60.88% Test OOD2: 52.01% Test OOD3: 58.36% 
Epoch: 04, Loss: 4.0869, Cls: 1.3536, Ind: 0.0034, Med: 0.6751, Spu: 0.0002, FD: 1.3707, FDAug: 0.6839, Var: 0.0000, Ctx: 6, MixCtx: 3, Train: 58.72%, Valid: 58.45%, Test In: 57.73% Test OOD1: 61.32% Test OOD2: 51.82% Test OOD3: 58.42% 
Epoch: 05, Loss: 4.0976, Cls: 1.3544, Ind: 0.0017, Med: 0.6747, Spu: 0.0020, FD: 1.3762, FDAug: 0.6888, Var: 0.0000, Ctx: 6, MixCtx: 3, Train: 59.03%, Valid: 58.75%, Test In: 58.02% Test OOD1: 61.55% Test OOD2: 51.66% Test OOD3: 58.44% 
Epoch: 06, Loss: 4.0978, Cls: 1.3519, Ind: 0.0005, Med: 0.6738, Spu: 0.0020, FD: 1.3780, FDAug: 0.6916, Var: 0.0000, Ctx: 6, MixCtx: 3, Train: 58.92%, Valid: 58.70%, Test In: 57.88% Test OOD1: 61.53% Test OOD2: 51.50% Test OOD3: 58.24% 
Epoch: 07, Loss: 4.0859, Cls: 1.3486, Ind: 0.0001, Med: 0.6736, Spu: 0.0005, FD: 1.3730, FDAug: 0.6901, Var: 0.0000, Ctx: 6, MixCtx: 3, Train: 58.83%, Valid: 58.62%, Test In: 57.80% Test OOD1: 61.50% Test OOD2: 51.39% Test OOD3: 58.10% 
Epoch: 08, Loss: 4.0677, Cls: 1.3466, Ind: 0.0000, Med: 0.6746, Spu: 0.0002, FD: 1.3617, FDAug: 0.6845, Var: 0.0000, Ctx: 6, MixCtx: 3, Train: 58.87%, Valid: 58.61%, Test In: 57.83% Test OOD1: 61.50% Test OOD2: 51.34% Test OOD3: 58.06% 
Epoch: 09, Loss: 4.0529, Cls: 1.3472, Ind: 0.0000, Med: 0.6758, Spu: 0.0012, FD: 1.3508, FDAug: 0.6779, Var: 0.0000, Ctx: 6, MixCtx: 3, Train: 58.85%, Valid: 58.59%, Test In: 57.81% Test OOD1: 61.47% Test OOD2: 51.29% Test OOD3: 57.95% 
Epoch: 10, Loss: 4.0457, Cls: 1.3484, Ind: 0.0001, Med: 0.6756, Spu: 0.0014, FD: 1.3464, FDAug: 0.6738, Var: 0.0000, Ctx: 6, MixCtx: 3, Train: 58.84%, Valid: 58.58%, Test In: 57.78% Test OOD1: 61.46% Test OOD2: 51.26% Test OOD3: 57.90% 
Epoch: 11, Loss: 4.0441, Cls: 1.3479, Ind: 0.0001, Med: 0.6739, Spu: 0.0006, FD: 1.3489, FDAug: 0.6727, Var: 0.0000, Ctx: 6, MixCtx: 3, Train: 58.94%, Valid: 58.63%, Test In: 57.89% Test OOD1: 61.51% Test OOD2: 51.24% Test OOD3: 57.93% 
Epoch: 12, Loss: 4.0465, Cls: 1.3463, Ind: 0.0002, Med: 0.6730, Spu: 0.0001, FD: 1.3538, FDAug: 0.6732, Var: 0.0000, Ctx: 6, MixCtx: 3, Train: 59.07%, Valid: 58.69%, Test In: 58.02% Test OOD1: 61.57% Test OOD2: 51.24% Test OOD3: 58.02% 
Epoch: 13, Loss: 4.0496, Cls: 1.3453, Ind: 0.0003, Med: 0.6738, Spu: 0.0002, FD: 1.3563, FDAug: 0.6737, Var: 0.0000, Ctx: 6, MixCtx: 3, Train: 59.19%, Valid: 58.77%, Test In: 58.12% Test OOD1: 61.62% Test OOD2: 51.24% Test OOD3: 58.05% 
Epoch: 14, Loss: 4.0483, Cls: 1.3450, Ind: 0.0003, Med: 0.6748, Spu: 0.0006, FD: 1.3544, FDAug: 0.6732, Var: 0.0000, Ctx: 6, MixCtx: 3, Train: 59.26%, Valid: 58.82%, Test In: 58.19% Test OOD1: 61.64% Test OOD2: 51.23% Test OOD3: 58.06% 
Epoch: 15, Loss: 4.0431, Cls: 1.3450, Ind: 0.0004, Med: 0.6751, Spu: 0.0005, FD: 1.3499, FDAug: 0.6721, Var: 0.0000, Ctx: 6, MixCtx: 3, Train: 59.28%, Valid: 58.84%, Test In: 58.21% Test OOD1: 61.64% Test OOD2: 51.22% Test OOD3: 58.04% 
Epoch: 16, Loss: 4.0373, Cls: 1.3451, Ind: 0.0003, Med: 0.6746, Spu: 0.0003, FD: 1.3457, FDAug: 0.6712, Var: 0.0000, Ctx: 6, MixCtx: 3, Train: 59.28%, Valid: 58.84%, Test In: 58.21% Test OOD1: 61.64% Test OOD2: 51.21% Test OOD3: 58.02% 
Epoch: 17, Loss: 4.0322, Cls: 1.3444, Ind: 0.0003, Med: 0.6732, Spu: 0.0000, FD: 1.3432, FDAug: 0.6710, Var: 0.0000, Ctx: 6, MixCtx: 3, Train: 59.27%, Valid: 58.83%, Test In: 58.20% Test OOD1: 61.62% Test OOD2: 51.20% Test OOD3: 58.00% 
Epoch: 18, Loss: 4.0283, Cls: 1.3427, Ind: 0.0002, Med: 0.6715, Spu: 0.0001, FD: 1.3424, FDAug: 0.6713, Var: 0.0000, Ctx: 6, MixCtx: 3, Train: 59.25%, Valid: 58.82%, Test In: 58.19% Test OOD1: 61.61% Test OOD2: 51.19% Test OOD3: 57.99% 
Epoch: 19, Loss: 4.0268, Cls: 1.3415, Ind: 0.0002, Med: 0.6708, Spu: 0.0002, FD: 1.3424, FDAug: 0.6716, Var: 0.0000, Ctx: 6, MixCtx: 3, Train: 59.25%, Valid: 58.81%, Test In: 58.20% Test OOD1: 61.61% Test OOD2: 51.18% Test OOD3: 57.98% 
Epoch: 20, Loss: 4.0270, Cls: 1.3412, Ind: 0.0001, Med: 0.6712, Spu: 0.0003, FD: 1.3425, FDAug: 0.6717, Var: 0.0000, Ctx: 6, MixCtx: 3, Train: 59.29%, Valid: 58.83%, Test In: 58.23% Test OOD1: 61.62% Test OOD2: 51.18% Test OOD3: 57.98% 
Epoch: 21, Loss: 4.0262, Cls: 1.3409, Ind: 0.0000, Med: 0.6718, Spu: 0.0002, FD: 1.3420, FDAug: 0.6713, Var: 0.0000, Ctx: 6, MixCtx: 3, Train: 59.36%, Valid: 58.88%, Test In: 58.30% Test OOD1: 61.65% Test OOD2: 51.19% Test OOD3: 58.01% 
Epoch: 22, Loss: 4.0230, Cls: 1.3399, Ind: 0.0000, Med: 0.6714, Spu: 0.0001, FD: 1.3409, FDAug: 0.6706, Var: 0.0000, Ctx: 6, MixCtx: 3, Train: 59.47%, Valid: 58.95%, Test In: 58.39% Test OOD1: 61.69% Test OOD2: 51.20% Test OOD3: 58.04% 
Epoch: 23, Loss: 4.0179, Cls: 1.3384, Ind: 0.0000, Med: 0.6702, Spu: 0.0000, FD: 1.3395, FDAug: 0.6698, Var: 0.0000, Ctx: 6, MixCtx: 3, Train: 59.61%, Valid: 59.03%, Test In: 58.52% Test OOD1: 61.75% Test OOD2: 51.22% Test OOD3: 58.10% 
Epoch: 24, Loss: 4.0121, Cls: 1.3367, Ind: 0.0001, Med: 0.6687, Spu: 0.0001, FD: 1.3377, FDAug: 0.6688, Var: 0.0000, Ctx: 6, MixCtx: 3, Train: 59.76%, Valid: 59.12%, Test In: 58.66% Test OOD1: 61.81% Test OOD2: 51.24% Test OOD3: 58.17% 
Epoch: 25, Loss: 4.0064, Cls: 1.3351, Ind: 0.0001, Med: 0.6675, Spu: 0.0001, FD: 1.3359, FDAug: 0.6677, Var: 0.0000, Ctx: 6, MixCtx: 3, Train: 59.94%, Valid: 59.23%, Test In: 58.81% Test OOD1: 61.88% Test OOD2: 51.27% Test OOD3: 58.26% 
Epoch: 26, Loss: 4.0015, Cls: 1.3334, Ind: 0.0002, Med: 0.6666, Spu: 0.0001, FD: 1.3343, FDAug: 0.6668, Var: 0.0000, Ctx: 6, MixCtx: 3, Train: 60.14%, Valid: 59.36%, Test In: 58.99% Test OOD1: 61.96% Test OOD2: 51.30% Test OOD3: 58.36% 
Epoch: 27, Loss: 3.9968, Cls: 1.3316, Ind: 0.0002, Med: 0.6659, Spu: 0.0001, FD: 1.3329, FDAug: 0.6660, Var: 0.0000, Ctx: 6, MixCtx: 3, Train: 60.37%, Valid: 59.51%, Test In: 59.22% Test OOD1: 62.06% Test OOD2: 51.33% Test OOD3: 58.48% 
Epoch: 28, Loss: 3.9912, Cls: 1.3295, Ind: 0.0003, Med: 0.6650, Spu: 0.0000, FD: 1.3312, FDAug: 0.6652, Var: 0.0000, Ctx: 6, MixCtx: 3, Train: 60.64%, Valid: 59.70%, Test In: 59.47% Test OOD1: 62.18% Test OOD2: 51.37% Test OOD3: 58.63% 
Epoch: 29, Loss: 3.9848, Cls: 1.3270, Ind: 0.0003, Med: 0.6637, Spu: 0.0000, FD: 1.3294, FDAug: 0.6644, Var: 0.0000, Ctx: 6, MixCtx: 3, Train: 60.95%, Valid: 59.91%, Test In: 59.75% Test OOD1: 62.32% Test OOD2: 51.41% Test OOD3: 58.81% 
Epoch: 30, Loss: 3.9770, Cls: 1.3243, Ind: 0.0003, Med: 0.6621, Spu: 0.0001, FD: 1.3270, FDAug: 0.6633, Var: 0.0000, Ctx: 6, MixCtx: 3, Train: 61.34%, Valid: 60.17%, Test In: 60.12% Test OOD1: 62.48% Test OOD2: 51.46% Test OOD3: 59.02% 
Epoch: 31, Loss: 3.9677, Cls: 1.3214, Ind: 0.0002, Med: 0.6606, Spu: 0.0001, FD: 1.3237, FDAug: 0.6617, Var: 0.0000, Ctx: 6, MixCtx: 3, Train: 61.83%, Valid: 60.50%, Test In: 60.57% Test OOD1: 62.68% Test OOD2: 51.53% Test OOD3: 59.28% 
Epoch: 32, Loss: 3.9564, Cls: 1.3181, Ind: 0.0001, Med: 0.6590, Spu: 0.0001, FD: 1.3195, FDAug: 0.6597, Var: 0.0000, Ctx: 6, MixCtx: 3, Train: 62.40%, Valid: 60.87%, Test In: 61.10% Test OOD1: 62.91% Test OOD2: 51.61% Test OOD3: 59.57% 
Epoch: 33, Loss: 3.9437, Cls: 1.3142, Ind: 0.0001, Med: 0.6571, Spu: 0.0000, FD: 1.3149, FDAug: 0.6575, Var: 0.0000, Ctx: 6, MixCtx: 3, Train: 63.09%, Valid: 61.33%, Test In: 61.73% Test OOD1: 63.18% Test OOD2: 51.71% Test OOD3: 59.91% 
Epoch: 34, Loss: 3.9292, Cls: 1.3095, Ind: 0.0000, Med: 0.6547, Spu: 0.0000, FD: 1.3100, FDAug: 0.6550, Var: 0.0000, Ctx: 6, MixCtx: 3, Train: 63.91%, Valid: 61.90%, Test In: 62.52% Test OOD1: 63.51% Test OOD2: 51.84% Test OOD3: 60.30% 
Epoch: 35, Loss: 3.9123, Cls: 1.3036, Ind: 0.0000, Med: 0.6518, Spu: 0.0000, FD: 1.3044, FDAug: 0.6524, Var: 0.0000, Ctx: 6, MixCtx: 3, Train: 64.81%, Valid: 62.52%, Test In: 63.37% Test OOD1: 63.89% Test OOD2: 51.97% Test OOD3: 60.74% 
Epoch: 36, Loss: 3.8924, Cls: 1.2969, Ind: 0.0001, Med: 0.6486, Spu: 0.0000, FD: 1.2977, FDAug: 0.6490, Var: 0.0000, Ctx: 6, MixCtx: 3, Train: 65.86%, Valid: 63.27%, Test In: 64.36% Test OOD1: 64.30% Test OOD2: 52.13% Test OOD3: 61.20% 
Epoch: 37, Loss: 3.8716, Cls: 1.2899, Ind: 0.0001, Med: 0.6452, Spu: 0.0000, FD: 1.2907, FDAug: 0.6457, Var: 0.0000, Ctx: 6, MixCtx: 3, Train: 66.88%, Valid: 64.00%, Test In: 65.36% Test OOD1: 64.72% Test OOD2: 52.27% Test OOD3: 61.64% 
Epoch: 38, Loss: 3.8510, Cls: 1.2835, Ind: 0.0001, Med: 0.6421, Spu: 0.0000, FD: 1.2834, FDAug: 0.6418, Var: 0.0000, Ctx: 6, MixCtx: 3, Train: 68.01%, Valid: 64.80%, Test In: 66.42% Test OOD1: 65.13% Test OOD2: 52.46% Test OOD3: 62.05% 
Epoch: 39, Loss: 3.8325, Cls: 1.2768, Ind: 0.0001, Med: 0.6385, Spu: 0.0000, FD: 1.2778, FDAug: 0.6393, Var: 0.0000, Ctx: 6, MixCtx: 3, Train: 68.81%, Valid: 65.38%, Test In: 67.22% Test OOD1: 65.48% Test OOD2: 52.57% Test OOD3: 62.36% 
Epoch: 40, Loss: 3.8117, Cls: 1.2705, Ind: 0.0002, Med: 0.6356, Spu: 0.0000, FD: 1.2703, FDAug: 0.6352, Var: 0.0000, Ctx: 6, MixCtx: 3, Train: 69.66%, Valid: 65.98%, Test In: 68.02% Test OOD1: 65.74% Test OOD2: 52.75% Test OOD3: 62.63% 
Epoch: 41, Loss: 3.7744, Cls: 1.2575, Ind: 0.0002, Med: 0.6288, Spu: 0.0000, FD: 1.2583, FDAug: 0.6295, Var: 0.0000, Ctx: 6, MixCtx: 3, Train: 70.37%, Valid: 66.47%, Test In: 68.71% Test OOD1: 65.92% Test OOD2: 52.89% Test OOD3: 62.85% 
Epoch: 42, Loss: 3.7468, Cls: 1.2485, Ind: 0.0002, Med: 0.6245, Spu: 0.0000, FD: 1.2489, FDAug: 0.6247, Var: 0.0000, Ctx: 6, MixCtx: 3, Train: 70.93%, Valid: 66.84%, Test In: 69.28% Test OOD1: 66.02% Test OOD2: 53.02% Test OOD3: 63.02% 
Epoch: 43, Loss: 3.7382, Cls: 1.2459, Ind: 0.0002, Med: 0.6233, Spu: 0.0000, FD: 1.2458, FDAug: 0.6229, Var: 0.0000, Ctx: 6, MixCtx: 3, Train: 71.65%, Valid: 67.39%, Test In: 70.01% Test OOD1: 65.94% Test OOD2: 53.29% Test OOD3: 63.11% 
Epoch: 44, Loss: 3.7765, Cls: 1.2589, Ind: 0.0002, Med: 0.6300, Spu: 0.0000, FD: 1.2582, FDAug: 0.6292, Var: 0.0000, Ctx: 6, MixCtx: 3, Train: 71.54%, Valid: 67.22%, Test In: 69.91% Test OOD1: 65.90% Test OOD2: 53.21% Test OOD3: 63.14% 
Epoch: 45, Loss: 3.7881, Cls: 1.2637, Ind: 0.0003, Med: 0.6326, Spu: 0.0000, FD: 1.2613, FDAug: 0.6302, Var: 0.0000, Ctx: 6, MixCtx: 3, Train: 71.88%, Valid: 67.50%, Test In: 70.25% Test OOD1: 65.80% Test OOD2: 53.36% Test OOD3: 63.19% 
Epoch: 46, Loss: 3.6789, Cls: 1.2262, Ind: 0.0002, Med: 0.6134, Spu: 0.0000, FD: 1.2259, FDAug: 0.6132, Var: 0.0000, Ctx: 6, MixCtx: 3, Train: 72.26%, Valid: 67.81%, Test In: 70.70% Test OOD1: 65.45% Test OOD2: 53.57% Test OOD3: 63.15% 
Epoch: 47, Loss: 3.7820, Cls: 1.2628, Ind: 0.0001, Med: 0.6329, Spu: 0.0000, FD: 1.2574, FDAug: 0.6288, Var: 0.0000, Ctx: 6, MixCtx: 3, Train: 72.15%, Valid: 67.69%, Test In: 70.57% Test OOD1: 65.54% Test OOD2: 53.49% Test OOD3: 63.19% 
Epoch: 48, Loss: 3.6652, Cls: 1.2213, Ind: 0.0001, Med: 0.6108, Spu: 0.0000, FD: 1.2218, FDAug: 0.6112, Var: 0.0000, Ctx: 6, MixCtx: 3, Train: 72.13%, Valid: 67.65%, Test In: 70.53% Test OOD1: 65.53% Test OOD2: 53.46% Test OOD3: 63.20% 
Epoch: 49, Loss: 3.7472, Cls: 1.2500, Ind: 0.0002, Med: 0.6259, Spu: 0.0000, FD: 1.2475, FDAug: 0.6236, Var: 0.0000, Ctx: 6, MixCtx: 3, Train: 72.38%, Valid: 67.89%, Test In: 70.85% Test OOD1: 65.27% Test OOD2: 53.60% Test OOD3: 63.15% 
Epoch: 50, Loss: 3.6531, Cls: 1.2174, Ind: 0.0002, Med: 0.6089, Spu: 0.0000, FD: 1.2176, FDAug: 0.6090, Var: 0.0000, Ctx: 6, MixCtx: 3, Train: 72.52%, Valid: 68.02%, Test In: 71.03% Test OOD1: 64.94% Test OOD2: 53.67% Test OOD3: 63.09% 
Epoch: 51, Loss: 3.7194, Cls: 1.2387, Ind: 0.0002, Med: 0.6191, Spu: 0.0000, FD: 1.2408, FDAug: 0.6204, Var: 0.0000, Ctx: 6, MixCtx: 3, Train: 72.51%, Valid: 68.03%, Test In: 70.98% Test OOD1: 65.26% Test OOD2: 53.61% Test OOD3: 63.17% 
Epoch: 52, Loss: 3.6416, Cls: 1.2144, Ind: 0.0002, Med: 0.6079, Spu: 0.0000, FD: 1.2127, FDAug: 0.6064, Var: 0.0000, Ctx: 6, MixCtx: 3, Train: 72.51%, Valid: 68.07%, Test In: 70.95% Test OOD1: 65.41% Test OOD2: 53.56% Test OOD3: 63.21% 
Epoch: 53, Loss: 3.7005, Cls: 1.2357, Ind: 0.0002, Med: 0.6193, Spu: 0.0000, FD: 1.2303, FDAug: 0.6150, Var: 0.0000, Ctx: 6, MixCtx: 3, Train: 72.70%, Valid: 68.26%, Test In: 71.20% Test OOD1: 65.12% Test OOD2: 53.67% Test OOD3: 63.16% 
Epoch: 54, Loss: 3.6328, Cls: 1.2111, Ind: 0.0002, Med: 0.6059, Spu: 0.0000, FD: 1.2104, FDAug: 0.6053, Var: 0.0000, Ctx: 6, MixCtx: 3, Train: 72.80%, Valid: 68.38%, Test In: 71.36% Test OOD1: 64.80% Test OOD2: 53.72% Test OOD3: 63.08% 
Epoch: 55, Loss: 3.6783, Cls: 1.2262, Ind: 0.0001, Med: 0.6133, Spu: 0.0000, FD: 1.2258, FDAug: 0.6129, Var: 0.0000, Ctx: 6, MixCtx: 3, Train: 72.85%, Valid: 68.47%, Test In: 71.34% Test OOD1: 65.25% Test OOD2: 53.66% Test OOD3: 63.21% 
Epoch: 56, Loss: 3.6223, Cls: 1.2080, Ind: 0.0001, Med: 0.6044, Spu: 0.0000, FD: 1.2065, FDAug: 0.6034, Var: 0.0000, Ctx: 6, MixCtx: 3, Train: 72.86%, Valid: 68.50%, Test In: 71.30% Test OOD1: 65.54% Test OOD2: 53.60% Test OOD3: 63.28% 
Epoch: 57, Loss: 3.6646, Cls: 1.2209, Ind: 0.0001, Med: 0.6104, Spu: 0.0000, FD: 1.2222, FDAug: 0.6110, Var: 0.0000, Ctx: 6, MixCtx: 3, Train: 73.02%, Valid: 68.69%, Test In: 71.50% Test OOD1: 65.31% Test OOD2: 53.69% Test OOD3: 63.25% 
Epoch: 58, Loss: 3.6136, Cls: 1.2051, Ind: 0.0001, Med: 0.6030, Spu: 0.0000, FD: 1.2036, FDAug: 0.6018, Var: 0.0000, Ctx: 6, MixCtx: 3, Train: 73.11%, Valid: 68.80%, Test In: 71.68% Test OOD1: 64.99% Test OOD2: 53.76% Test OOD3: 63.17% 
Epoch: 59, Loss: 3.6493, Cls: 1.2172, Ind: 0.0001, Med: 0.6092, Spu: 0.0000, FD: 1.2153, FDAug: 0.6075, Var: 0.0000, Ctx: 6, MixCtx: 3, Train: 73.17%, Valid: 68.90%, Test In: 71.65% Test OOD1: 65.46% Test OOD2: 53.70% Test OOD3: 63.30% 
Epoch: 60, Loss: 3.6055, Cls: 1.2022, Ind: 0.0001, Med: 0.6014, Spu: 0.0000, FD: 1.2012, FDAug: 0.6006, Var: 0.0000, Ctx: 6, MixCtx: 3, Train: 73.18%, Valid: 68.94%, Test In: 71.62% Test OOD1: 65.78% Test OOD2: 53.64% Test OOD3: 63.38% 
Epoch: 61, Loss: 3.6371, Cls: 1.2118, Ind: 0.0001, Med: 0.6058, Spu: 0.0000, FD: 1.2130, FDAug: 0.6064, Var: 0.0000, Ctx: 6, MixCtx: 3, Train: 73.32%, Valid: 69.12%, Test In: 71.82% Test OOD1: 65.54% Test OOD2: 53.72% Test OOD3: 63.34% 
Epoch: 62, Loss: 3.5987, Cls: 1.1999, Ind: 0.0001, Med: 0.6003, Spu: 0.0000, FD: 1.1990, FDAug: 0.5994, Var: 0.0000, Ctx: 6, MixCtx: 3, Train: 73.42%, Valid: 69.23%, Test In: 71.99% Test OOD1: 65.25% Test OOD2: 53.78% Test OOD3: 63.28% 
Epoch: 63, Loss: 3.6226, Cls: 1.2081, Ind: 0.0001, Med: 0.6044, Spu: 0.0000, FD: 1.2068, FDAug: 0.6033, Var: 0.0000, Ctx: 6, MixCtx: 3, Train: 73.46%, Valid: 69.32%, Test In: 71.94% Test OOD1: 65.72% Test OOD2: 53.71% Test OOD3: 63.41% 
Epoch: 64, Loss: 3.5916, Cls: 1.1974, Ind: 0.0001, Med: 0.5989, Spu: 0.0000, FD: 1.1968, FDAug: 0.5984, Var: 0.0000, Ctx: 6, MixCtx: 3, Train: 73.48%, Valid: 69.37%, Test In: 71.95% Test OOD1: 65.97% Test OOD2: 53.67% Test OOD3: 63.47% 
Epoch: 65, Loss: 3.6101, Cls: 1.2033, Ind: 0.0001, Med: 0.6017, Spu: 0.0000, FD: 1.2033, FDAug: 0.6017, Var: 0.0000, Ctx: 6, MixCtx: 3, Train: 73.63%, Valid: 69.52%, Test In: 72.15% Test OOD1: 65.66% Test OOD2: 53.75% Test OOD3: 63.40% 
Epoch: 66, Loss: 3.5860, Cls: 1.1955, Ind: 0.0001, Med: 0.5980, Spu: 0.0000, FD: 1.1949, FDAug: 0.5975, Var: 0.0000, Ctx: 6, MixCtx: 3, Train: 73.72%, Valid: 69.63%, Test In: 72.29% Test OOD1: 65.47% Test OOD2: 53.80% Test OOD3: 63.38% 
Epoch: 67, Loss: 3.5971, Cls: 1.1990, Ind: 0.0000, Med: 0.5996, Spu: 0.0000, FD: 1.1989, FDAug: 0.5995, Var: 0.0000, Ctx: 6, MixCtx: 3, Train: 73.74%, Valid: 69.71%, Test In: 72.23% Test OOD1: 65.96% Test OOD2: 53.70% Test OOD3: 63.49% 
Epoch: 68, Loss: 3.5795, Cls: 1.1934, Ind: 0.0000, Med: 0.5969, Spu: 0.0000, FD: 1.1928, FDAug: 0.5964, Var: 0.0000, Ctx: 6, MixCtx: 3, Train: 73.79%, Valid: 69.79%, Test In: 72.27% Test OOD1: 66.11% Test OOD2: 53.68% Test OOD3: 63.53% 
Epoch: 69, Loss: 3.5842, Cls: 1.1951, Ind: 0.0000, Med: 0.5979, Spu: 0.0000, FD: 1.1941, FDAug: 0.5971, Var: 0.0000, Ctx: 6, MixCtx: 3, Train: 73.93%, Valid: 69.93%, Test In: 72.49% Test OOD1: 65.69% Test OOD2: 53.78% Test OOD3: 63.45% 
Epoch: 70, Loss: 3.5767, Cls: 1.1920, Ind: 0.0000, Med: 0.5959, Spu: 0.0000, FD: 1.1925, FDAug: 0.5963, Var: 0.0000, Ctx: 6, MixCtx: 3, Train: 74.00%, Valid: 70.03%, Test In: 72.55% Test OOD1: 65.76% Test OOD2: 53.78% Test OOD3: 63.47% 
Epoch: 71, Loss: 3.5704, Cls: 1.1899, Ind: 0.0000, Med: 0.5949, Spu: 0.0000, FD: 1.1904, FDAug: 0.5952, Var: 0.0000, Ctx: 6, MixCtx: 3, Train: 73.99%, Valid: 70.08%, Test In: 72.47% Test OOD1: 66.23% Test OOD2: 53.68% Test OOD3: 63.58% 
Epoch: 72, Loss: 3.5736, Cls: 1.1916, Ind: 0.0000, Med: 0.5960, Spu: 0.0000, FD: 1.1907, FDAug: 0.5953, Var: 0.0000, Ctx: 6, MixCtx: 3, Train: 74.11%, Valid: 70.19%, Test In: 72.63% Test OOD1: 66.04% Test OOD2: 53.73% Test OOD3: 63.54% 
Epoch: 73, Loss: 3.5583, Cls: 1.1862, Ind: 0.0000, Med: 0.5932, Spu: 0.0000, FD: 1.1860, FDAug: 0.5930, Var: 0.0000, Ctx: 6, MixCtx: 3, Train: 74.21%, Valid: 70.30%, Test In: 72.82% Test OOD1: 65.69% Test OOD2: 53.81% Test OOD3: 63.47% 
Epoch: 74, Loss: 3.5659, Cls: 1.1886, Ind: 0.0000, Med: 0.5943, Spu: 0.0000, FD: 1.1886, FDAug: 0.5943, Var: 0.0000, Ctx: 6, MixCtx: 3, Train: 74.24%, Valid: 70.37%, Test In: 72.76% Test OOD1: 66.13% Test OOD2: 53.73% Test OOD3: 63.57% 
Epoch: 75, Loss: 3.5526, Cls: 1.1842, Ind: 0.0000, Med: 0.5922, Spu: 0.0000, FD: 1.1841, FDAug: 0.5921, Var: 0.0000, Ctx: 6, MixCtx: 3, Train: 74.28%, Valid: 70.45%, Test In: 72.80% Test OOD1: 66.26% Test OOD2: 53.71% Test OOD3: 63.61% 
Epoch: 76, Loss: 3.5540, Cls: 1.1846, Ind: 0.0000, Med: 0.5924, Spu: 0.0000, FD: 1.1846, FDAug: 0.5923, Var: 0.0000, Ctx: 6, MixCtx: 3, Train: 74.40%, Valid: 70.55%, Test In: 73.02% Test OOD1: 65.76% Test OOD2: 53.82% Test OOD3: 63.49% 
Epoch: 77, Loss: 3.5516, Cls: 1.1840, Ind: 0.0000, Med: 0.5921, Spu: 0.0000, FD: 1.1836, FDAug: 0.5919, Var: 0.0000, Ctx: 6, MixCtx: 3, Train: 74.45%, Valid: 70.63%, Test In: 73.03% Test OOD1: 66.01% Test OOD2: 53.77% Test OOD3: 63.56% 
Epoch: 78, Loss: 3.5414, Cls: 1.1805, Ind: 0.0000, Med: 0.5904, Spu: 0.0000, FD: 1.1803, FDAug: 0.5902, Var: 0.0000, Ctx: 6, MixCtx: 3, Train: 74.47%, Valid: 70.70%, Test In: 72.99% Test OOD1: 66.35% Test OOD2: 53.71% Test OOD3: 63.64% 
Epoch: 79, Loss: 3.5462, Cls: 1.1821, Ind: 0.0000, Med: 0.5912, Spu: 0.0000, FD: 1.1820, FDAug: 0.5909, Var: 0.0000, Ctx: 6, MixCtx: 3, Train: 74.58%, Valid: 70.80%, Test In: 73.22% Test OOD1: 65.84% Test OOD2: 53.81% Test OOD3: 63.52% 
Epoch: 80, Loss: 3.5389, Cls: 1.1797, Ind: 0.0000, Med: 0.5899, Spu: 0.0000, FD: 1.1795, FDAug: 0.5898, Var: 0.0000, Ctx: 6, MixCtx: 3, Train: 74.63%, Valid: 70.88%, Test In: 73.26% Test OOD1: 65.98% Test OOD2: 53.79% Test OOD3: 63.55% 
Epoch: 81, Loss: 3.5323, Cls: 1.1775, Ind: 0.0000, Med: 0.5888, Spu: 0.0000, FD: 1.1773, FDAug: 0.5887, Var: 0.0000, Ctx: 6, MixCtx: 3, Train: 74.66%, Valid: 70.94%, Test In: 73.20% Test OOD1: 66.36% Test OOD2: 53.71% Test OOD3: 63.65% 
Epoch: 82, Loss: 3.5358, Cls: 1.1788, Ind: 0.0000, Med: 0.5895, Spu: 0.0000, FD: 1.1784, FDAug: 0.5891, Var: 0.0000, Ctx: 6, MixCtx: 3, Train: 74.75%, Valid: 71.04%, Test In: 73.42% Test OOD1: 65.81% Test OOD2: 53.82% Test OOD3: 63.51% 
Epoch: 83, Loss: 3.5297, Cls: 1.1765, Ind: 0.0000, Med: 0.5883, Spu: 0.0000, FD: 1.1765, FDAug: 0.5883, Var: 0.0000, Ctx: 6, MixCtx: 3, Train: 74.80%, Valid: 71.11%, Test In: 73.44% Test OOD1: 66.04% Test OOD2: 53.78% Test OOD3: 63.57% 
Epoch: 84, Loss: 3.5228, Cls: 1.1743, Ind: 0.0000, Med: 0.5873, Spu: 0.0000, FD: 1.1741, FDAug: 0.5871, Var: 0.0000, Ctx: 6, MixCtx: 3, Train: 74.84%, Valid: 71.17%, Test In: 73.41% Test OOD1: 66.35% Test OOD2: 53.72% Test OOD3: 63.64% 
Epoch: 85, Loss: 3.5250, Cls: 1.1752, Ind: 0.0000, Med: 0.5878, Spu: 0.0000, FD: 1.1747, FDAug: 0.5873, Var: 0.0000, Ctx: 6, MixCtx: 3, Train: 74.92%, Valid: 71.25%, Test In: 73.61% Test OOD1: 65.72% Test OOD2: 53.83% Test OOD3: 63.47% 
Epoch: 86, Loss: 3.5238, Cls: 1.1745, Ind: 0.0000, Med: 0.5873, Spu: 0.0000, FD: 1.1746, FDAug: 0.5874, Var: 0.0000, Ctx: 6, MixCtx: 3, Train: 74.96%, Valid: 71.32%, Test In: 73.56% Test OOD1: 66.27% Test OOD2: 53.74% Test OOD3: 63.62% 
Epoch: 87, Loss: 3.5158, Cls: 1.1721, Ind: 0.0000, Med: 0.5862, Spu: 0.0000, FD: 1.1716, FDAug: 0.5858, Var: 0.0000, Ctx: 6, MixCtx: 3, Train: 75.02%, Valid: 71.39%, Test In: 73.63% Test OOD1: 66.23% Test OOD2: 53.75% Test OOD3: 63.61% 
Epoch: 88, Loss: 3.5121, Cls: 1.1708, Ind: 0.0000, Med: 0.5856, Spu: 0.0000, FD: 1.1705, FDAug: 0.5853, Var: 0.0000, Ctx: 6, MixCtx: 3, Train: 75.08%, Valid: 71.47%, Test In: 73.76% Test OOD1: 65.82% Test OOD2: 53.81% Test OOD3: 63.49% 
Epoch: 89, Loss: 3.5138, Cls: 1.1712, Ind: 0.0000, Med: 0.5857, Spu: 0.0000, FD: 1.1712, FDAug: 0.5857, Var: 0.0000, Ctx: 6, MixCtx: 3, Train: 75.10%, Valid: 71.50%, Test In: 73.66% Test OOD1: 66.53% Test OOD2: 53.70% Test OOD3: 63.68% 
Epoch: 90, Loss: 3.5138, Cls: 1.1715, Ind: 0.0000, Med: 0.5859, Spu: 0.0000, FD: 1.1710, FDAug: 0.5854, Var: 0.0000, Ctx: 6, MixCtx: 3, Train: 75.18%, Valid: 71.61%, Test In: 73.87% Test OOD1: 65.82% Test OOD2: 53.81% Test OOD3: 63.49% 
Epoch: 91, Loss: 3.5097, Cls: 1.1699, Ind: 0.0000, Med: 0.5851, Spu: 0.0000, FD: 1.1697, FDAug: 0.5851, Var: 0.0000, Ctx: 6, MixCtx: 3, Train: 75.22%, Valid: 71.66%, Test In: 73.80% Test OOD1: 66.44% Test OOD2: 53.73% Test OOD3: 63.66% 
Epoch: 92, Loss: 3.5036, Cls: 1.1680, Ind: 0.0000, Med: 0.5841, Spu: 0.0000, FD: 1.1677, FDAug: 0.5838, Var: 0.0000, Ctx: 6, MixCtx: 3, Train: 75.28%, Valid: 71.74%, Test In: 73.90% Test OOD1: 66.19% Test OOD2: 53.76% Test OOD3: 63.59% 
Epoch: 93, Loss: 3.4989, Cls: 1.1664, Ind: 0.0000, Med: 0.5833, Spu: 0.0000, FD: 1.1660, FDAug: 0.5831, Var: 0.0000, Ctx: 6, MixCtx: 3, Train: 75.33%, Valid: 71.81%, Test In: 73.95% Test OOD1: 66.21% Test OOD2: 53.77% Test OOD3: 63.60% 
Epoch: 94, Loss: 3.4965, Cls: 1.1656, Ind: 0.0000, Med: 0.5829, Spu: 0.0000, FD: 1.1652, FDAug: 0.5827, Var: 0.0000, Ctx: 6, MixCtx: 3, Train: 75.36%, Valid: 71.85%, Test In: 73.92% Test OOD1: 66.55% Test OOD2: 53.72% Test OOD3: 63.68% 
Epoch: 95, Loss: 3.4960, Cls: 1.1655, Ind: 0.0000, Med: 0.5829, Spu: 0.0000, FD: 1.1651, FDAug: 0.5825, Var: 0.0000, Ctx: 6, MixCtx: 3, Train: 75.43%, Valid: 71.96%, Test In: 74.06% Test OOD1: 65.97% Test OOD2: 53.80% Test OOD3: 63.53% 
Epoch: 96, Loss: 3.4977, Cls: 1.1658, Ind: 0.0000, Med: 0.5830, Spu: 0.0000, FD: 1.1656, FDAug: 0.5832, Var: 0.0000, Ctx: 6, MixCtx: 3, Train: 75.41%, Valid: 71.94%, Test In: 73.91% Test OOD1: 66.88% Test OOD2: 53.66% Test OOD3: 63.77% 
Epoch: 97, Loss: 3.5037, Cls: 1.1682, Ind: 0.0000, Med: 0.5843, Spu: 0.0000, FD: 1.1677, FDAug: 0.5835, Var: 0.0000, Ctx: 6, MixCtx: 3, Train: 75.49%, Valid: 72.08%, Test In: 74.19% Test OOD1: 65.39% Test OOD2: 53.85% Test OOD3: 63.35% 
Epoch: 98, Loss: 3.5193, Cls: 1.1728, Ind: 0.0000, Med: 0.5865, Spu: 0.0000, FD: 1.1727, FDAug: 0.5873, Var: 0.0000, Ctx: 6, MixCtx: 3, Train: 75.40%, Valid: 71.97%, Test In: 73.86% Test OOD1: 67.25% Test OOD2: 53.59% Test OOD3: 63.87% 
Epoch: 99, Loss: 3.5409, Cls: 1.1804, Ind: 0.0000, Med: 0.5902, Spu: 0.0000, FD: 1.1808, FDAug: 0.5894, Var: 0.0000, Ctx: 6, MixCtx: 3, Train: 75.50%, Valid: 72.16%, Test In: 74.26% Test OOD1: 64.79% Test OOD2: 53.88% Test OOD3: 63.17% 
Epoch: 100, Loss: 3.5521, Cls: 1.1838, Ind: 0.0000, Med: 0.5922, Spu: 0.0000, FD: 1.1831, FDAug: 0.5929, Var: 0.0000, Ctx: 6, MixCtx: 3, Train: 75.57%, Valid: 72.14%, Test In: 74.01% Test OOD1: 67.07% Test OOD2: 53.64% Test OOD3: 63.85% 
Epoch: 101, Loss: 3.5097, Cls: 1.1697, Ind: 0.0000, Med: 0.5848, Spu: 0.0000, FD: 1.1707, FDAug: 0.5845, Var: 0.0000, Ctx: 6, MixCtx: 3, Train: 75.68%, Valid: 72.26%, Test In: 74.18% Test OOD1: 66.59% Test OOD2: 53.74% Test OOD3: 63.72% 
Epoch: 102, Loss: 3.4829, Cls: 1.1610, Ind: 0.0000, Med: 0.5806, Spu: 0.0000, FD: 1.1609, FDAug: 0.5803, Var: 0.0000, Ctx: 6, MixCtx: 3, Train: 75.70%, Valid: 72.34%, Test In: 74.32% Test OOD1: 65.72% Test OOD2: 53.84% Test OOD3: 63.46% 
Epoch: 103, Loss: 3.5075, Cls: 1.1686, Ind: 0.0000, Med: 0.5843, Spu: 0.0000, FD: 1.1692, FDAug: 0.5854, Var: 0.0000, Ctx: 6, MixCtx: 3, Train: 75.57%, Valid: 72.18%, Test In: 73.98% Test OOD1: 67.41% Test OOD2: 53.57% Test OOD3: 63.92% 
Epoch: 104, Loss: 3.5277, Cls: 1.1769, Ind: 0.0000, Med: 0.5889, Spu: 0.0000, FD: 1.1751, FDAug: 0.5867, Var: 0.0000, Ctx: 6, MixCtx: 3, Train: 75.77%, Valid: 72.42%, Test In: 74.35% Test OOD1: 65.83% Test OOD2: 53.84% Test OOD3: 63.50% 
Epoch: 105, Loss: 3.5100, Cls: 1.1692, Ind: 0.0000, Med: 0.5844, Spu: 0.0000, FD: 1.1704, FDAug: 0.5860, Var: 0.0000, Ctx: 6, MixCtx: 3, Train: 75.77%, Valid: 72.38%, Test In: 74.18% Test OOD1: 66.98% Test OOD2: 53.69% Test OOD3: 63.83% 
Epoch: 106, Loss: 3.4770, Cls: 1.1592, Ind: 0.0000, Med: 0.5798, Spu: 0.0000, FD: 1.1587, FDAug: 0.5792, Var: 0.0000, Ctx: 6, MixCtx: 3, Train: 75.78%, Valid: 72.39%, Test In: 74.16% Test OOD1: 67.11% Test OOD2: 53.66% Test OOD3: 63.86% 
Epoch: 107, Loss: 3.4812, Cls: 1.1605, Ind: 0.0000, Med: 0.5803, Spu: 0.0000, FD: 1.1604, FDAug: 0.5799, Var: 0.0000, Ctx: 6, MixCtx: 3, Train: 75.86%, Valid: 72.52%, Test In: 74.40% Test OOD1: 65.93% Test OOD2: 53.83% Test OOD3: 63.53% 
Epoch: 108, Loss: 3.5013, Cls: 1.1673, Ind: 0.0000, Med: 0.5840, Spu: 0.0000, FD: 1.1661, FDAug: 0.5839, Var: 0.0000, Ctx: 6, MixCtx: 3, Train: 75.80%, Valid: 72.42%, Test In: 74.15% Test OOD1: 67.30% Test OOD2: 53.62% Test OOD3: 63.91% 
Epoch: 109, Loss: 3.4911, Cls: 1.1636, Ind: 0.0000, Med: 0.5817, Spu: 0.0000, FD: 1.1642, FDAug: 0.5816, Var: 0.0000, Ctx: 6, MixCtx: 3, Train: 75.92%, Valid: 72.55%, Test In: 74.35% Test OOD1: 66.63% Test OOD2: 53.75% Test OOD3: 63.73% 
Epoch: 110, Loss: 3.4703, Cls: 1.1568, Ind: 0.0000, Med: 0.5786, Spu: 0.0000, FD: 1.1563, FDAug: 0.5785, Var: 0.0000, Ctx: 6, MixCtx: 3, Train: 75.96%, Valid: 72.59%, Test In: 74.40% Test OOD1: 66.50% Test OOD2: 53.77% Test OOD3: 63.69% 
Epoch: 111, Loss: 3.4718, Cls: 1.1573, Ind: 0.0000, Med: 0.5788, Spu: 0.0000, FD: 1.1569, FDAug: 0.5788, Var: 0.0000, Ctx: 6, MixCtx: 3, Train: 75.88%, Valid: 72.51%, Test In: 74.23% Test OOD1: 67.30% Test OOD2: 53.62% Test OOD3: 63.91% 
Epoch: 112, Loss: 3.4868, Cls: 1.1627, Ind: 0.0000, Med: 0.5816, Spu: 0.0000, FD: 1.1620, FDAug: 0.5806, Var: 0.0000, Ctx: 6, MixCtx: 3, Train: 75.99%, Valid: 72.65%, Test In: 74.50% Test OOD1: 65.90% Test OOD2: 53.81% Test OOD3: 63.53% 
Epoch: 113, Loss: 3.4899, Cls: 1.1630, Ind: 0.0000, Med: 0.5815, Spu: 0.0000, FD: 1.1631, FDAug: 0.5822, Var: 0.0000, Ctx: 6, MixCtx: 3, Train: 75.99%, Valid: 72.60%, Test In: 74.34% Test OOD1: 67.10% Test OOD2: 53.66% Test OOD3: 63.86% 
Epoch: 114, Loss: 3.4738, Cls: 1.1582, Ind: 0.0000, Med: 0.5792, Spu: 0.0000, FD: 1.1578, FDAug: 0.5786, Var: 0.0000, Ctx: 6, MixCtx: 3, Train: 76.06%, Valid: 72.70%, Test In: 74.47% Test OOD1: 66.58% Test OOD2: 53.74% Test OOD3: 63.71% 
Epoch: 115, Loss: 3.4621, Cls: 1.1541, Ind: 0.0000, Med: 0.5772, Spu: 0.0000, FD: 1.1538, FDAug: 0.5770, Var: 0.0000, Ctx: 6, MixCtx: 3, Train: 76.08%, Valid: 72.73%, Test In: 74.54% Test OOD1: 66.13% Test OOD2: 53.78% Test OOD3: 63.59% 
Epoch: 116, Loss: 3.4681, Cls: 1.1560, Ind: 0.0000, Med: 0.5781, Spu: 0.0000, FD: 1.1557, FDAug: 0.5782, Var: 0.0000, Ctx: 6, MixCtx: 3, Train: 76.07%, Valid: 72.69%, Test In: 74.39% Test OOD1: 67.14% Test OOD2: 53.64% Test OOD3: 63.87% 
Epoch: 117, Loss: 3.4757, Cls: 1.1588, Ind: 0.0000, Med: 0.5796, Spu: 0.0000, FD: 1.1584, FDAug: 0.5789, Var: 0.0000, Ctx: 6, MixCtx: 3, Train: 76.13%, Valid: 72.78%, Test In: 74.58% Test OOD1: 65.96% Test OOD2: 53.78% Test OOD3: 63.54% 
Epoch: 118, Loss: 3.4721, Cls: 1.1571, Ind: 0.0000, Med: 0.5786, Spu: 0.0000, FD: 1.1573, FDAug: 0.5791, Var: 0.0000, Ctx: 6, MixCtx: 3, Train: 76.15%, Valid: 72.77%, Test In: 74.47% Test OOD1: 66.97% Test OOD2: 53.67% Test OOD3: 63.81% 
Epoch: 119, Loss: 3.4614, Cls: 1.1540, Ind: 0.0000, Med: 0.5772, Spu: 0.0000, FD: 1.1536, FDAug: 0.5766, Var: 0.0000, Ctx: 6, MixCtx: 3, Train: 76.20%, Valid: 72.83%, Test In: 74.54% Test OOD1: 66.63% Test OOD2: 53.71% Test OOD3: 63.71% 
Epoch: 120, Loss: 3.4547, Cls: 1.1516, Ind: 0.0000, Med: 0.5759, Spu: 0.0000, FD: 1.1514, FDAug: 0.5758, Var: 0.0000, Ctx: 6, MixCtx: 3, Train: 76.23%, Valid: 72.86%, Test In: 74.59% Test OOD1: 66.39% Test OOD2: 53.73% Test OOD3: 63.65% 
Epoch: 121, Loss: 3.4565, Cls: 1.1522, Ind: 0.0000, Med: 0.5762, Spu: 0.0000, FD: 1.1519, FDAug: 0.5762, Var: 0.0000, Ctx: 6, MixCtx: 3, Train: 76.22%, Valid: 72.85%, Test In: 74.49% Test OOD1: 67.13% Test OOD2: 53.63% Test OOD3: 63.86% 
Epoch: 122, Loss: 3.4633, Cls: 1.1544, Ind: 0.0000, Med: 0.5773, Spu: 0.0000, FD: 1.1545, FDAug: 0.5770, Var: 0.0000, Ctx: 6, MixCtx: 3, Train: 76.27%, Valid: 72.95%, Test In: 74.66% Test OOD1: 65.96% Test OOD2: 53.77% Test OOD3: 63.54% 
Epoch: 123, Loss: 3.4688, Cls: 1.1564, Ind: 0.0000, Med: 0.5784, Spu: 0.0000, FD: 1.1556, FDAug: 0.5783, Var: 0.0000, Ctx: 6, MixCtx: 3, Train: 76.27%, Valid: 72.89%, Test In: 74.50% Test OOD1: 67.26% Test OOD2: 53.61% Test OOD3: 63.90% 
Epoch: 124, Loss: 3.4677, Cls: 1.1558, Ind: 0.0000, Med: 0.5778, Spu: 0.0000, FD: 1.1562, FDAug: 0.5778, Var: 0.0000, Ctx: 6, MixCtx: 3, Train: 76.34%, Valid: 73.00%, Test In: 74.68% Test OOD1: 66.15% Test OOD2: 53.76% Test OOD3: 63.60% 
Epoch: 125, Loss: 3.4605, Cls: 1.1536, Ind: 0.0000, Med: 0.5770, Spu: 0.0000, FD: 1.1530, FDAug: 0.5769, Var: 0.0000, Ctx: 6, MixCtx: 3, Train: 76.36%, Valid: 72.97%, Test In: 74.57% Test OOD1: 67.05% Test OOD2: 53.65% Test OOD3: 63.85% 
Epoch: 126, Loss: 3.4511, Cls: 1.1504, Ind: 0.0000, Med: 0.5753, Spu: 0.0000, FD: 1.1503, FDAug: 0.5750, Var: 0.0000, Ctx: 6, MixCtx: 3, Train: 76.40%, Valid: 73.02%, Test In: 74.63% Test OOD1: 66.82% Test OOD2: 53.70% Test OOD3: 63.79% 
Epoch: 127, Loss: 3.4460, Cls: 1.1487, Ind: 0.0000, Med: 0.5745, Spu: 0.0000, FD: 1.1485, FDAug: 0.5743, Var: 0.0000, Ctx: 6, MixCtx: 3, Train: 76.44%, Valid: 73.06%, Test In: 74.66% Test OOD1: 66.68% Test OOD2: 53.71% Test OOD3: 63.75% 
Epoch: 128, Loss: 3.4472, Cls: 1.1490, Ind: 0.0000, Med: 0.5745, Spu: 0.0000, FD: 1.1490, FDAug: 0.5747, Var: 0.0000, Ctx: 6, MixCtx: 3, Train: 76.42%, Valid: 73.02%, Test In: 74.56% Test OOD1: 67.32% Test OOD2: 53.62% Test OOD3: 63.94% 
Epoch: 129, Loss: 3.4534, Cls: 1.1514, Ind: 0.0000, Med: 0.5759, Spu: 0.0000, FD: 1.1508, FDAug: 0.5752, Var: 0.0000, Ctx: 6, MixCtx: 3, Train: 76.48%, Valid: 73.14%, Test In: 74.74% Test OOD1: 66.20% Test OOD2: 53.77% Test OOD3: 63.63% 
Epoch: 130, Loss: 3.4643, Cls: 1.1544, Ind: 0.0000, Med: 0.5772, Spu: 0.0000, FD: 1.1548, FDAug: 0.5779, Var: 0.0000, Ctx: 6, MixCtx: 3, Train: 76.41%, Valid: 73.01%, Test In: 74.50% Test OOD1: 67.63% Test OOD2: 53.55% Test OOD3: 64.02% 
Epoch: 131, Loss: 3.4787, Cls: 1.1597, Ind: 0.0000, Med: 0.5799, Spu: 0.0000, FD: 1.1597, FDAug: 0.5794, Var: 0.0000, Ctx: 6, MixCtx: 3, Train: 76.51%, Valid: 73.19%, Test In: 74.77% Test OOD1: 65.72% Test OOD2: 53.79% Test OOD3: 63.50% 
Epoch: 132, Loss: 3.4892, Cls: 1.1631, Ind: 0.0000, Med: 0.5818, Spu: 0.0000, FD: 1.1624, FDAug: 0.5820, Var: 0.0000, Ctx: 6, MixCtx: 3, Train: 76.47%, Valid: 73.06%, Test In: 74.54% Test OOD1: 67.61% Test OOD2: 53.57% Test OOD3: 64.03% 
Epoch: 133, Loss: 3.4752, Cls: 1.1582, Ind: 0.0000, Med: 0.5790, Spu: 0.0000, FD: 1.1590, FDAug: 0.5790, Var: 0.0000, Ctx: 6, MixCtx: 3, Train: 76.60%, Valid: 73.22%, Test In: 74.76% Test OOD1: 66.50% Test OOD2: 53.76% Test OOD3: 63.73% 
Epoch: 134, Loss: 3.4492, Cls: 1.1498, Ind: 0.0000, Med: 0.5750, Spu: 0.0000, FD: 1.1493, FDAug: 0.5750, Var: 0.0000, Ctx: 6, MixCtx: 3, Train: 76.62%, Valid: 73.19%, Test In: 74.70% Test OOD1: 67.02% Test OOD2: 53.70% Test OOD3: 63.88% 
Epoch: 135, Loss: 3.4372, Cls: 1.1457, Ind: 0.0000, Med: 0.5730, Spu: 0.0000, FD: 1.1456, FDAug: 0.5729, Var: 0.0000, Ctx: 6, MixCtx: 3, Train: 76.57%, Valid: 73.12%, Test In: 74.58% Test OOD1: 67.57% Test OOD2: 53.60% Test OOD3: 64.04% 
Epoch: 136, Loss: 3.4506, Cls: 1.1506, Ind: 0.0000, Med: 0.5755, Spu: 0.0000, FD: 1.1499, FDAug: 0.5746, Var: 0.0000, Ctx: 6, MixCtx: 3, Train: 76.66%, Valid: 73.25%, Test In: 74.79% Test OOD1: 66.18% Test OOD2: 53.79% Test OOD3: 63.65% 
Epoch: 137, Loss: 3.4817, Cls: 1.1598, Ind: 0.0000, Med: 0.5797, Spu: 0.0000, FD: 1.1610, FDAug: 0.5811, Var: 0.0000, Ctx: 6, MixCtx: 3, Train: 76.48%, Valid: 73.04%, Test In: 74.47% Test OOD1: 67.95% Test OOD2: 53.50% Test OOD3: 64.15% 
Epoch: 138, Loss: 3.5113, Cls: 1.1707, Ind: 0.0000, Med: 0.5854, Spu: 0.0000, FD: 1.1707, FDAug: 0.5845, Var: 0.0000, Ctx: 6, MixCtx: 3, Train: 76.67%, Valid: 73.27%, Test In: 74.80% Test OOD1: 65.62% Test OOD2: 53.79% Test OOD3: 63.52% 
Epoch: 139, Loss: 3.5022, Cls: 1.1679, Ind: 0.0000, Med: 0.5844, Spu: 0.0000, FD: 1.1660, FDAug: 0.5839, Var: 0.0000, Ctx: 6, MixCtx: 3, Train: 76.71%, Valid: 73.23%, Test In: 74.70% Test OOD1: 67.28% Test OOD2: 53.68% Test OOD3: 63.99% 
Epoch: 140, Loss: 3.4477, Cls: 1.1488, Ind: 0.0000, Med: 0.5742, Spu: 0.0000, FD: 1.1498, FDAug: 0.5748, Var: 0.0000, Ctx: 6, MixCtx: 3, Train: 76.69%, Valid: 73.19%, Test In: 74.63% Test OOD1: 67.58% Test OOD2: 53.62% Test OOD3: 64.08% 
Epoch: 141, Loss: 3.4563, Cls: 1.1517, Ind: 0.0000, Med: 0.5757, Spu: 0.0000, FD: 1.1528, FDAug: 0.5761, Var: 0.0000, Ctx: 6, MixCtx: 3, Train: 76.77%, Valid: 73.29%, Test In: 74.81% Test OOD1: 66.04% Test OOD2: 53.81% Test OOD3: 63.65% 
Epoch: 142, Loss: 3.4923, Cls: 1.1637, Ind: 0.0000, Med: 0.5819, Spu: 0.0000, FD: 1.1640, FDAug: 0.5828, Var: 0.0000, Ctx: 6, MixCtx: 3, Train: 76.63%, Valid: 73.10%, Test In: 74.53% Test OOD1: 67.91% Test OOD2: 53.56% Test OOD3: 64.17% 
Epoch: 143, Loss: 3.4710, Cls: 1.1577, Ind: 0.0000, Med: 0.5792, Spu: 0.0000, FD: 1.1565, FDAug: 0.5776, Var: 0.0000, Ctx: 6, MixCtx: 3, Train: 76.82%, Valid: 73.26%, Test In: 74.74% Test OOD1: 67.11% Test OOD2: 53.74% Test OOD3: 63.96% 
Epoch: 144, Loss: 3.4336, Cls: 1.1443, Ind: 0.0000, Med: 0.5721, Spu: 0.0000, FD: 1.1447, FDAug: 0.5725, Var: 0.0000, Ctx: 6, MixCtx: 3, Train: 76.84%, Valid: 73.28%, Test In: 74.77% Test OOD1: 66.99% Test OOD2: 53.76% Test OOD3: 63.93% 
Epoch: 145, Loss: 3.4343, Cls: 1.1446, Ind: 0.0000, Med: 0.5723, Spu: 0.0000, FD: 1.1447, FDAug: 0.5726, Var: 0.0000, Ctx: 6, MixCtx: 3, Train: 76.74%, Valid: 73.17%, Test In: 74.61% Test OOD1: 67.79% Test OOD2: 53.60% Test OOD3: 64.16% 
Epoch: 146, Loss: 3.4560, Cls: 1.1521, Ind: 0.0000, Med: 0.5761, Spu: 0.0000, FD: 1.1521, FDAug: 0.5756, Var: 0.0000, Ctx: 6, MixCtx: 3, Train: 76.90%, Valid: 73.32%, Test In: 74.83% Test OOD1: 66.52% Test OOD2: 53.80% Test OOD3: 63.81% 
Epoch: 147, Loss: 3.4476, Cls: 1.1493, Ind: 0.0000, Med: 0.5749, Spu: 0.0000, FD: 1.1486, FDAug: 0.5748, Var: 0.0000, Ctx: 6, MixCtx: 3, Train: 76.89%, Valid: 73.29%, Test In: 74.76% Test OOD1: 67.21% Test OOD2: 53.72% Test OOD3: 64.00% 
Epoch: 148, Loss: 3.4257, Cls: 1.1419, Ind: 0.0000, Med: 0.5710, Spu: 0.0000, FD: 1.1418, FDAug: 0.5710, Var: 0.0000, Ctx: 6, MixCtx: 3, Train: 76.86%, Valid: 73.24%, Test In: 74.68% Test OOD1: 67.60% Test OOD2: 53.65% Test OOD3: 64.12% 
Epoch: 149, Loss: 3.4363, Cls: 1.1455, Ind: 0.0000, Med: 0.5728, Spu: 0.0000, FD: 1.1455, FDAug: 0.5725, Var: 0.0000, Ctx: 6, MixCtx: 3, Train: 76.97%, Valid: 73.33%, Test In: 74.83% Test OOD1: 66.46% Test OOD2: 53.82% Test OOD3: 63.79% 
Epoch: 150, Loss: 3.4525, Cls: 1.1505, Ind: 0.0000, Med: 0.5752, Spu: 0.0000, FD: 1.1508, FDAug: 0.5759, Var: 0.0000, Ctx: 6, MixCtx: 3, Train: 76.89%, Valid: 73.24%, Test In: 74.67% Test OOD1: 67.67% Test OOD2: 53.64% Test OOD3: 64.14% 
Epoch: 151, Loss: 3.4420, Cls: 1.1477, Ind: 0.0000, Med: 0.5740, Spu: 0.0000, FD: 1.1471, FDAug: 0.5732, Var: 0.0000, Ctx: 6, MixCtx: 3, Train: 77.01%, Valid: 73.34%, Test In: 74.83% Test OOD1: 66.86% Test OOD2: 53.79% Test OOD3: 63.91% 
Epoch: 152, Loss: 3.4220, Cls: 1.1406, Ind: 0.0000, Med: 0.5703, Spu: 0.0000, FD: 1.1406, FDAug: 0.5705, Var: 0.0000, Ctx: 6, MixCtx: 3, Train: 77.04%, Valid: 73.36%, Test In: 74.84% Test OOD1: 66.75% Test OOD2: 53.80% Test OOD3: 63.88% 
Epoch: 153, Loss: 3.4216, Cls: 1.1405, Ind: 0.0000, Med: 0.5703, Spu: 0.0000, FD: 1.1404, FDAug: 0.5704, Var: 0.0000, Ctx: 6, MixCtx: 3, Train: 77.00%, Valid: 73.31%, Test In: 74.75% Test OOD1: 67.46% Test OOD2: 53.70% Test OOD3: 64.09% 
Epoch: 154, Loss: 3.4326, Cls: 1.1442, Ind: 0.0000, Med: 0.5721, Spu: 0.0000, FD: 1.1443, FDAug: 0.5719, Var: 0.0000, Ctx: 6, MixCtx: 3, Train: 77.10%, Valid: 73.38%, Test In: 74.85% Test OOD1: 66.48% Test OOD2: 53.84% Test OOD3: 63.79% 
Epoch: 155, Loss: 3.4290, Cls: 1.1428, Ind: 0.0000, Med: 0.5715, Spu: 0.0000, FD: 1.1428, FDAug: 0.5718, Var: 0.0000, Ctx: 6, MixCtx: 3, Train: 77.09%, Valid: 73.36%, Test In: 74.79% Test OOD1: 67.27% Test OOD2: 53.76% Test OOD3: 64.03% 
Epoch: 156, Loss: 3.4164, Cls: 1.1388, Ind: 0.0000, Med: 0.5695, Spu: 0.0000, FD: 1.1388, FDAug: 0.5693, Var: 0.0000, Ctx: 6, MixCtx: 3, Train: 77.12%, Valid: 73.38%, Test In: 74.79% Test OOD1: 67.25% Test OOD2: 53.77% Test OOD3: 64.02% 
Epoch: 157, Loss: 3.4138, Cls: 1.1379, Ind: 0.0000, Med: 0.5690, Spu: 0.0000, FD: 1.1379, FDAug: 0.5689, Var: 0.0000, Ctx: 6, MixCtx: 3, Train: 77.18%, Valid: 73.40%, Test In: 74.84% Test OOD1: 66.72% Test OOD2: 53.85% Test OOD3: 63.84% 
Epoch: 158, Loss: 3.4207, Cls: 1.1401, Ind: 0.0000, Med: 0.5701, Spu: 0.0000, FD: 1.1402, FDAug: 0.5704, Var: 0.0000, Ctx: 6, MixCtx: 3, Train: 77.14%, Valid: 73.37%, Test In: 74.76% Test OOD1: 67.53% Test OOD2: 53.74% Test OOD3: 64.10% 
Epoch: 159, Loss: 3.4255, Cls: 1.1419, Ind: 0.0000, Med: 0.5709, Spu: 0.0000, FD: 1.1420, FDAug: 0.5707, Var: 0.0000, Ctx: 6, MixCtx: 3, Train: 77.24%, Valid: 73.42%, Test In: 74.85% Test OOD1: 66.52% Test OOD2: 53.89% Test OOD3: 63.78% 
Epoch: 160, Loss: 3.4209, Cls: 1.1403, Ind: 0.0000, Med: 0.5703, Spu: 0.0000, FD: 1.1400, FDAug: 0.5704, Var: 0.0000, Ctx: 6, MixCtx: 3, Train: 77.24%, Valid: 73.42%, Test In: 74.82% Test OOD1: 67.22% Test OOD2: 53.82% Test OOD3: 64.00% 
Epoch: 161, Loss: 3.4106, Cls: 1.1368, Ind: 0.0000, Med: 0.5684, Spu: 0.0000, FD: 1.1370, FDAug: 0.5684, Var: 0.0000, Ctx: 6, MixCtx: 3, Train: 77.28%, Valid: 73.43%, Test In: 74.82% Test OOD1: 67.14% Test OOD2: 53.84% Test OOD3: 63.97% 
Epoch: 162, Loss: 3.4057, Cls: 1.1352, Ind: 0.0000, Med: 0.5676, Spu: 0.0000, FD: 1.1352, FDAug: 0.5676, Var: 0.0000, Ctx: 6, MixCtx: 3, Train: 77.33%, Valid: 73.43%, Test In: 74.83% Test OOD1: 66.88% Test OOD2: 53.89% Test OOD3: 63.87% 
Epoch: 163, Loss: 3.4098, Cls: 1.1365, Ind: 0.0000, Med: 0.5683, Spu: 0.0000, FD: 1.1366, FDAug: 0.5685, Var: 0.0000, Ctx: 6, MixCtx: 3, Train: 77.28%, Valid: 73.39%, Test In: 74.76% Test OOD1: 67.56% Test OOD2: 53.78% Test OOD3: 64.10% 
Epoch: 164, Loss: 3.4168, Cls: 1.1391, Ind: 0.0000, Med: 0.5696, Spu: 0.0000, FD: 1.1390, FDAug: 0.5692, Var: 0.0000, Ctx: 6, MixCtx: 3, Train: 77.39%, Valid: 73.43%, Test In: 74.82% Test OOD1: 66.41% Test OOD2: 53.93% Test OOD3: 63.71% 
Epoch: 165, Loss: 3.4232, Cls: 1.1409, Ind: 0.0000, Med: 0.5705, Spu: 0.0000, FD: 1.1408, FDAug: 0.5709, Var: 0.0000, Ctx: 6, MixCtx: 3, Train: 77.33%, Valid: 73.41%, Test In: 74.80% Test OOD1: 67.51% Test OOD2: 53.80% Test OOD3: 64.08% 
Epoch: 166, Loss: 3.4248, Cls: 1.1414, Ind: 0.0000, Med: 0.5706, Spu: 0.0000, FD: 1.1421, FDAug: 0.5707, Var: 0.0000, Ctx: 6, MixCtx: 3, Train: 77.45%, Valid: 73.44%, Test In: 74.82% Test OOD1: 66.46% Test OOD2: 53.95% Test OOD3: 63.72% 
Epoch: 167, Loss: 3.4136, Cls: 1.1378, Ind: 0.0000, Med: 0.5691, Spu: 0.0000, FD: 1.1375, FDAug: 0.5692, Var: 0.0000, Ctx: 6, MixCtx: 3, Train: 77.44%, Valid: 73.43%, Test In: 74.81% Test OOD1: 67.30% Test OOD2: 53.87% Test OOD3: 64.00% 
Epoch: 168, Loss: 3.4004, Cls: 1.1334, Ind: 0.0000, Med: 0.5667, Spu: 0.0000, FD: 1.1335, FDAug: 0.5667, Var: 0.0000, Ctx: 6, MixCtx: 3, Train: 77.48%, Valid: 73.42%, Test In: 74.80% Test OOD1: 67.20% Test OOD2: 53.91% Test OOD3: 63.95% 
Epoch: 169, Loss: 3.3960, Cls: 1.1319, Ind: 0.0000, Med: 0.5660, Spu: 0.0000, FD: 1.1320, FDAug: 0.5661, Var: 0.0000, Ctx: 6, MixCtx: 3, Train: 77.52%, Valid: 73.42%, Test In: 74.81% Test OOD1: 66.98% Test OOD2: 53.95% Test OOD3: 63.87% 
Epoch: 170, Loss: 3.3977, Cls: 1.1324, Ind: 0.0000, Med: 0.5662, Spu: 0.0000, FD: 1.1326, FDAug: 0.5665, Var: 0.0000, Ctx: 6, MixCtx: 3, Train: 77.49%, Valid: 73.42%, Test In: 74.80% Test OOD1: 67.41% Test OOD2: 53.87% Test OOD3: 64.03% 
Epoch: 171, Loss: 3.4047, Cls: 1.1350, Ind: 0.0000, Med: 0.5675, Spu: 0.0000, FD: 1.1350, FDAug: 0.5672, Var: 0.0000, Ctx: 6, MixCtx: 3, Train: 77.57%, Valid: 73.38%, Test In: 74.73% Test OOD1: 66.18% Test OOD2: 54.03% Test OOD3: 63.57% 
Epoch: 172, Loss: 3.4184, Cls: 1.1394, Ind: 0.0000, Med: 0.5698, Spu: 0.0000, FD: 1.1391, FDAug: 0.5701, Var: 0.0000, Ctx: 6, MixCtx: 3, Train: 77.50%, Valid: 73.40%, Test In: 74.80% Test OOD1: 67.55% Test OOD2: 53.86% Test OOD3: 64.09% 
Epoch: 173, Loss: 3.4312, Cls: 1.1437, Ind: 0.0000, Med: 0.5718, Spu: 0.0000, FD: 1.1442, FDAug: 0.5716, Var: 0.0000, Ctx: 6, MixCtx: 3, Train: 77.61%, Valid: 73.34%, Test In: 74.68% Test OOD1: 66.07% Test OOD2: 54.06% Test OOD3: 63.50% 
Epoch: 174, Loss: 3.4304, Cls: 1.1433, Ind: 0.0000, Med: 0.5717, Spu: 0.0000, FD: 1.1431, FDAug: 0.5722, Var: 0.0000, Ctx: 6, MixCtx: 3, Train: 77.53%, Valid: 73.38%, Test In: 74.76% Test OOD1: 67.66% Test OOD2: 53.87% Test OOD3: 64.12% 
Epoch: 175, Loss: 3.4274, Cls: 1.1425, Ind: 0.0000, Med: 0.5713, Spu: 0.0000, FD: 1.1428, FDAug: 0.5708, Var: 0.0000, Ctx: 6, MixCtx: 3, Train: 77.67%, Valid: 73.35%, Test In: 74.69% Test OOD1: 66.34% Test OOD2: 54.08% Test OOD3: 63.59% 
Epoch: 176, Loss: 3.4178, Cls: 1.1391, Ind: 0.0000, Med: 0.5697, Spu: 0.0000, FD: 1.1389, FDAug: 0.5701, Var: 0.0000, Ctx: 6, MixCtx: 3, Train: 77.61%, Valid: 73.40%, Test In: 74.76% Test OOD1: 67.51% Test OOD2: 53.94% Test OOD3: 64.06% 
Epoch: 177, Loss: 3.4043, Cls: 1.1347, Ind: 0.0000, Med: 0.5673, Spu: 0.0000, FD: 1.1352, FDAug: 0.5672, Var: 0.0000, Ctx: 6, MixCtx: 3, Train: 77.72%, Valid: 73.39%, Test In: 74.73% Test OOD1: 66.82% Test OOD2: 54.07% Test OOD3: 63.78% 
Epoch: 178, Loss: 3.3891, Cls: 1.1296, Ind: 0.0000, Med: 0.5649, Spu: 0.0000, FD: 1.1295, FDAug: 0.5651, Var: 0.0000, Ctx: 6, MixCtx: 3, Train: 77.71%, Valid: 73.39%, Test In: 74.75% Test OOD1: 67.13% Test OOD2: 54.04% Test OOD3: 63.90% 
Epoch: 179, Loss: 3.3823, Cls: 1.1273, Ind: 0.0000, Med: 0.5637, Spu: 0.0000, FD: 1.1274, FDAug: 0.5638, Var: 0.0000, Ctx: 6, MixCtx: 3, Train: 77.70%, Valid: 73.38%, Test In: 74.75% Test OOD1: 67.35% Test OOD2: 54.00% Test OOD3: 63.99% 
Epoch: 180, Loss: 3.3858, Cls: 1.1286, Ind: 0.0000, Med: 0.5644, Spu: 0.0000, FD: 1.1287, FDAug: 0.5642, Var: 0.0000, Ctx: 6, MixCtx: 3, Train: 77.79%, Valid: 73.34%, Test In: 74.68% Test OOD1: 66.50% Test OOD2: 54.13% Test OOD3: 63.62% 
Epoch: 181, Loss: 3.3961, Cls: 1.1317, Ind: 0.0000, Med: 0.5659, Spu: 0.0000, FD: 1.1319, FDAug: 0.5665, Var: 0.0000, Ctx: 6, MixCtx: 3, Train: 77.72%, Valid: 73.40%, Test In: 74.77% Test OOD1: 67.46% Test OOD2: 53.99% Test OOD3: 64.03% 
Epoch: 182, Loss: 3.4118, Cls: 1.1375, Ind: 0.0000, Med: 0.5688, Spu: 0.0000, FD: 1.1374, FDAug: 0.5681, Var: 0.0000, Ctx: 6, MixCtx: 3, Train: 77.80%, Valid: 73.27%, Test In: 74.57% Test OOD1: 65.81% Test OOD2: 54.20% Test OOD3: 63.35% 
Epoch: 183, Loss: 3.4184, Cls: 1.1392, Ind: 0.0000, Med: 0.5697, Spu: 0.0000, FD: 1.1392, FDAug: 0.5703, Var: 0.0000, Ctx: 6, MixCtx: 3, Train: 77.77%, Valid: 73.40%, Test In: 74.77% Test OOD1: 67.41% Test OOD2: 54.02% Test OOD3: 64.01% 
Epoch: 184, Loss: 3.4108, Cls: 1.1371, Ind: 0.0000, Med: 0.5686, Spu: 0.0000, FD: 1.1371, FDAug: 0.5680, Var: 0.0000, Ctx: 6, MixCtx: 3, Train: 77.88%, Valid: 73.31%, Test In: 74.62% Test OOD1: 66.21% Test OOD2: 54.21% Test OOD3: 63.48% 
Epoch: 185, Loss: 3.3961, Cls: 1.1317, Ind: 0.0000, Med: 0.5659, Spu: 0.0000, FD: 1.1319, FDAug: 0.5665, Var: 0.0000, Ctx: 6, MixCtx: 3, Train: 77.84%, Valid: 73.40%, Test In: 74.75% Test OOD1: 67.29% Test OOD2: 54.06% Test OOD3: 63.94% 
Epoch: 186, Loss: 3.3847, Cls: 1.1283, Ind: 0.0000, Med: 0.5642, Spu: 0.0000, FD: 1.1284, FDAug: 0.5638, Var: 0.0000, Ctx: 6, MixCtx: 3, Train: 77.94%, Valid: 73.36%, Test In: 74.68% Test OOD1: 66.59% Test OOD2: 54.21% Test OOD3: 63.63% 
Epoch: 187, Loss: 3.3757, Cls: 1.1251, Ind: 0.0000, Med: 0.5626, Spu: 0.0000, FD: 1.1250, FDAug: 0.5629, Var: 0.0000, Ctx: 6, MixCtx: 3, Train: 77.94%, Valid: 73.41%, Test In: 74.73% Test OOD1: 66.97% Test OOD2: 54.16% Test OOD3: 63.80% 
Epoch: 188, Loss: 3.3703, Cls: 1.1234, Ind: 0.0000, Med: 0.5617, Spu: 0.0000, FD: 1.1235, FDAug: 0.5617, Var: 0.0000, Ctx: 6, MixCtx: 3, Train: 77.98%, Valid: 73.39%, Test In: 74.70% Test OOD1: 66.82% Test OOD2: 54.21% Test OOD3: 63.72% 
Epoch: 189, Loss: 3.3672, Cls: 1.1223, Ind: 0.0000, Med: 0.5612, Spu: 0.0000, FD: 1.1224, FDAug: 0.5613, Var: 0.0000, Ctx: 6, MixCtx: 3, Train: 78.01%, Valid: 73.37%, Test In: 74.67% Test OOD1: 66.69% Test OOD2: 54.23% Test OOD3: 63.65% 
Epoch: 190, Loss: 3.3664, Cls: 1.1220, Ind: 0.0000, Med: 0.5611, Spu: 0.0000, FD: 1.1221, FDAug: 0.5612, Var: 0.0000, Ctx: 6, MixCtx: 3, Train: 78.01%, Valid: 73.41%, Test In: 74.71% Test OOD1: 66.96% Test OOD2: 54.19% Test OOD3: 63.77% 
Epoch: 191, Loss: 3.3676, Cls: 1.1225, Ind: 0.0000, Med: 0.5613, Spu: 0.0000, FD: 1.1226, FDAug: 0.5612, Var: 0.0000, Ctx: 6, MixCtx: 3, Train: 78.06%, Valid: 73.32%, Test In: 74.59% Test OOD1: 66.18% Test OOD2: 54.32% Test OOD3: 63.43% 
Epoch: 192, Loss: 3.3715, Cls: 1.1237, Ind: 0.0000, Med: 0.5619, Spu: 0.0000, FD: 1.1237, FDAug: 0.5623, Var: 0.0000, Ctx: 6, MixCtx: 3, Train: 78.03%, Valid: 73.42%, Test In: 74.74% Test OOD1: 67.06% Test OOD2: 54.18% Test OOD3: 63.81% 
Epoch: 193, Loss: 3.3810, Cls: 1.1271, Ind: 0.0000, Med: 0.5636, Spu: 0.0000, FD: 1.1272, FDAug: 0.5632, Var: 0.0000, Ctx: 6, MixCtx: 3, Train: 78.05%, Valid: 73.18%, Test In: 74.41% Test OOD1: 65.54% Test OOD2: 54.39% Test OOD3: 63.11% 
Epoch: 194, Loss: 3.4020, Cls: 1.1338, Ind: 0.0000, Med: 0.5671, Spu: 0.0000, FD: 1.1335, FDAug: 0.5676, Var: 0.0000, Ctx: 6, MixCtx: 3, Train: 77.96%, Valid: 73.41%, Test In: 74.73% Test OOD1: 67.50% Test OOD2: 54.08% Test OOD3: 64.00% 
Epoch: 195, Loss: 3.4419, Cls: 1.1475, Ind: 0.0000, Med: 0.5737, Spu: 0.0000, FD: 1.1478, FDAug: 0.5729, Var: 0.0000, Ctx: 6, MixCtx: 3, Train: 77.90%, Valid: 72.90%, Test In: 74.03% Test OOD1: 64.75% Test OOD2: 54.41% Test OOD3: 62.73% 
Epoch: 196, Loss: 3.4829, Cls: 1.1618, Ind: 0.0000, Med: 0.5816, Spu: 0.0000, FD: 1.1588, FDAug: 0.5806, Var: 0.0000, Ctx: 6, MixCtx: 3, Train: 78.04%, Valid: 73.45%, Test In: 74.71% Test OOD1: 67.43% Test OOD2: 54.15% Test OOD3: 63.97% 
Epoch: 197, Loss: 3.4289, Cls: 1.1421, Ind: 0.0000, Med: 0.5706, Spu: 0.0000, FD: 1.1446, FDAug: 0.5716, Var: 0.0000, Ctx: 6, MixCtx: 3, Train: 78.20%, Valid: 73.38%, Test In: 74.59% Test OOD1: 66.82% Test OOD2: 54.31% Test OOD3: 63.68% 
Epoch: 198, Loss: 3.3584, Cls: 1.1194, Ind: 0.0000, Med: 0.5598, Spu: 0.0000, FD: 1.1193, FDAug: 0.5598, Var: 0.0000, Ctx: 6, MixCtx: 3, Train: 78.15%, Valid: 73.23%, Test In: 74.49% Test OOD1: 66.53% Test OOD2: 54.38% Test OOD3: 63.51% 
Epoch: 199, Loss: 3.4104, Cls: 1.1367, Ind: 0.0000, Med: 0.5685, Spu: 0.0000, FD: 1.1361, FDAug: 0.5690, Var: 0.0000, Ctx: 6, MixCtx: 3, Train: 77.67%, Valid: 73.20%, Test In: 74.49% Test OOD1: 68.08% Test OOD2: 53.92% Test OOD3: 64.28% 
Epoch: 200, Loss: 3.5151, Cls: 1.1724, Ind: 0.0000, Med: 0.5863, Spu: 0.0000, FD: 1.1719, FDAug: 0.5845, Var: 0.0000, Ctx: 6, MixCtx: 3, Train: 77.98%, Valid: 72.87%, Test In: 73.95% Test OOD1: 64.85% Test OOD2: 54.48% Test OOD3: 62.83% 
Epoch: 201, Loss: 3.5177, Cls: 1.1739, Ind: 0.0000, Med: 0.5879, Spu: 0.0000, FD: 1.1699, FDAug: 0.5859, Var: 0.0000, Ctx: 6, MixCtx: 3, Train: 78.21%, Valid: 73.26%, Test In: 74.43% Test OOD1: 65.90% Test OOD2: 54.50% Test OOD3: 63.42% 
Epoch: 202, Loss: 3.4322, Cls: 1.1445, Ind: 0.0000, Med: 0.5726, Spu: 0.0000, FD: 1.1432, FDAug: 0.5719, Var: 0.0000, Ctx: 6, MixCtx: 3, Train: 77.90%, Valid: 73.33%, Test In: 74.63% Test OOD1: 67.92% Test OOD2: 54.03% Test OOD3: 64.25% 
Epoch: 203, Loss: 3.5021, Cls: 1.1671, Ind: 0.0000, Med: 0.5833, Spu: 0.0000, FD: 1.1685, FDAug: 0.5832, Var: 0.0000, Ctx: 6, MixCtx: 3, Train: 78.19%, Valid: 73.27%, Test In: 74.59% Test OOD1: 66.95% Test OOD2: 54.35% Test OOD3: 63.77% 
Epoch: 204, Loss: 3.3718, Cls: 1.1235, Ind: 0.0000, Med: 0.5617, Spu: 0.0000, FD: 1.1240, FDAug: 0.5625, Var: 0.0000, Ctx: 6, MixCtx: 3, Train: 78.11%, Valid: 73.20%, Test In: 74.55% Test OOD1: 66.88% Test OOD2: 54.35% Test OOD3: 63.70% 
Epoch: 205, Loss: 3.4365, Cls: 1.1438, Ind: 0.0000, Med: 0.5713, Spu: 0.0000, FD: 1.1469, FDAug: 0.5744, Var: 0.0000, Ctx: 6, MixCtx: 3, Train: 77.57%, Valid: 73.06%, Test In: 74.40% Test OOD1: 68.23% Test OOD2: 53.86% Test OOD3: 64.38% 
Epoch: 206, Loss: 3.5187, Cls: 1.1744, Ind: 0.0000, Med: 0.5878, Spu: 0.0000, FD: 1.1718, FDAug: 0.5846, Var: 0.0000, Ctx: 6, MixCtx: 3, Train: 78.30%, Valid: 73.26%, Test In: 74.54% Test OOD1: 66.50% Test OOD2: 54.44% Test OOD3: 63.65% 
Epoch: 207, Loss: 3.3966, Cls: 1.1325, Ind: 0.0000, Med: 0.5665, Spu: 0.0000, FD: 1.1314, FDAug: 0.5662, Var: 0.0000, Ctx: 6, MixCtx: 3, Train: 78.20%, Valid: 73.05%, Test In: 74.24% Test OOD1: 65.57% Test OOD2: 54.51% Test OOD3: 63.21% 
Epoch: 208, Loss: 3.4726, Cls: 1.1584, Ind: 0.0000, Med: 0.5798, Spu: 0.0000, FD: 1.1558, FDAug: 0.5786, Var: 0.0000, Ctx: 6, MixCtx: 3, Train: 78.24%, Valid: 73.36%, Test In: 74.68% Test OOD1: 67.27% Test OOD2: 54.28% Test OOD3: 63.98% 
Epoch: 209, Loss: 3.3961, Cls: 1.1319, Ind: 0.0000, Med: 0.5659, Spu: 0.0000, FD: 1.1322, FDAug: 0.5660, Var: 0.0000, Ctx: 6, MixCtx: 3, Train: 77.92%, Valid: 73.22%, Test In: 74.59% Test OOD1: 67.91% Test OOD2: 54.06% Test OOD3: 64.22% 
Epoch: 210, Loss: 3.4228, Cls: 1.1413, Ind: 0.0000, Med: 0.5708, Spu: 0.0000, FD: 1.1409, FDAug: 0.5698, Var: 0.0000, Ctx: 6, MixCtx: 3, Train: 78.19%, Valid: 73.15%, Test In: 74.53% Test OOD1: 66.57% Test OOD2: 54.40% Test OOD3: 63.54% 
Epoch: 211, Loss: 3.4297, Cls: 1.1419, Ind: 0.0000, Med: 0.5705, Spu: 0.0000, FD: 1.1442, FDAug: 0.5729, Var: 0.0000, Ctx: 6, MixCtx: 3, Train: 78.16%, Valid: 73.25%, Test In: 74.63% Test OOD1: 67.24% Test OOD2: 54.29% Test OOD3: 63.85% 
Epoch: 212, Loss: 3.3659, Cls: 1.1216, Ind: 0.0000, Med: 0.5607, Spu: 0.0000, FD: 1.1223, FDAug: 0.5612, Var: 0.0000, Ctx: 6, MixCtx: 3, Train: 78.04%, Valid: 73.26%, Test In: 74.63% Test OOD1: 67.72% Test OOD2: 54.15% Test OOD3: 64.13% 
Epoch: 213, Loss: 3.4058, Cls: 1.1356, Ind: 0.0000, Med: 0.5679, Spu: 0.0000, FD: 1.1353, FDAug: 0.5670, Var: 0.0000, Ctx: 6, MixCtx: 3, Train: 78.35%, Valid: 73.22%, Test In: 74.53% Test OOD1: 66.22% Test OOD2: 54.51% Test OOD3: 63.47% 
Epoch: 214, Loss: 3.3709, Cls: 1.1236, Ind: 0.0000, Med: 0.5619, Spu: 0.0000, FD: 1.1234, FDAug: 0.5620, Var: 0.0000, Ctx: 6, MixCtx: 3, Train: 78.31%, Valid: 73.12%, Test In: 74.39% Test OOD1: 65.62% Test OOD2: 54.57% Test OOD3: 63.19% 
Epoch: 215, Loss: 3.3955, Cls: 1.1320, Ind: 0.0000, Med: 0.5662, Spu: 0.0000, FD: 1.1312, FDAug: 0.5661, Var: 0.0000, Ctx: 6, MixCtx: 3, Train: 78.32%, Valid: 73.35%, Test In: 74.68% Test OOD1: 67.04% Test OOD2: 54.37% Test OOD3: 63.81% 
Epoch: 216, Loss: 3.3664, Cls: 1.1219, Ind: 0.0000, Med: 0.5608, Spu: 0.0000, FD: 1.1226, FDAug: 0.5611, Var: 0.0000, Ctx: 6, MixCtx: 3, Train: 78.27%, Valid: 73.32%, Test In: 74.67% Test OOD1: 67.22% Test OOD2: 54.34% Test OOD3: 63.85% 
Epoch: 217, Loss: 3.3627, Cls: 1.1209, Ind: 0.0000, Med: 0.5605, Spu: 0.0000, FD: 1.1211, FDAug: 0.5602, Var: 0.0000, Ctx: 6, MixCtx: 3, Train: 78.35%, Valid: 73.15%, Test In: 74.48% Test OOD1: 65.92% Test OOD2: 54.55% Test OOD3: 63.20% 
Epoch: 218, Loss: 3.3960, Cls: 1.1314, Ind: 0.0000, Med: 0.5655, Spu: 0.0000, FD: 1.1324, FDAug: 0.5667, Var: 0.0000, Ctx: 6, MixCtx: 3, Train: 78.36%, Valid: 73.34%, Test In: 74.65% Test OOD1: 66.93% Test OOD2: 54.43% Test OOD3: 63.70% 
Epoch: 219, Loss: 3.3500, Cls: 1.1166, Ind: 0.0000, Med: 0.5583, Spu: 0.0000, FD: 1.1168, FDAug: 0.5582, Var: 0.0000, Ctx: 6, MixCtx: 3, Train: 78.38%, Valid: 73.38%, Test In: 74.65% Test OOD1: 66.93% Test OOD2: 54.44% Test OOD3: 63.73% 
Epoch: 220, Loss: 3.3591, Cls: 1.1195, Ind: 0.0000, Med: 0.5597, Spu: 0.0000, FD: 1.1200, FDAug: 0.5597, Var: 0.0000, Ctx: 6, MixCtx: 3, Train: 78.38%, Valid: 73.18%, Test In: 74.37% Test OOD1: 65.56% Test OOD2: 54.67% Test OOD3: 63.09% 
Epoch: 221, Loss: 3.3658, Cls: 1.1219, Ind: 0.0000, Med: 0.5611, Spu: 0.0000, FD: 1.1217, FDAug: 0.5612, Var: 0.0000, Ctx: 6, MixCtx: 3, Train: 78.44%, Valid: 73.27%, Test In: 74.47% Test OOD1: 65.92% Test OOD2: 54.66% Test OOD3: 63.27% 
Epoch: 222, Loss: 3.3490, Cls: 1.1162, Ind: 0.0000, Med: 0.5581, Spu: 0.0000, FD: 1.1163, FDAug: 0.5583, Var: 0.0000, Ctx: 6, MixCtx: 3, Train: 78.39%, Valid: 73.40%, Test In: 74.65% Test OOD1: 66.98% Test OOD2: 54.45% Test OOD3: 63.73% 
Epoch: 223, Loss: 3.3622, Cls: 1.1207, Ind: 0.0000, Med: 0.5603, Spu: 0.0000, FD: 1.1210, FDAug: 0.5602, Var: 0.0000, Ctx: 6, MixCtx: 3, Train: 78.48%, Valid: 73.28%, Test In: 74.52% Test OOD1: 66.16% Test OOD2: 54.59% Test OOD3: 63.30% 
Epoch: 224, Loss: 3.3452, Cls: 1.1148, Ind: 0.0000, Med: 0.5574, Spu: 0.0000, FD: 1.1152, FDAug: 0.5578, Var: 0.0000, Ctx: 6, MixCtx: 3, Train: 78.50%, Valid: 73.27%, Test In: 74.50% Test OOD1: 66.04% Test OOD2: 54.61% Test OOD3: 63.24% 
Epoch: 225, Loss: 3.3464, Cls: 1.1153, Ind: 0.0000, Med: 0.5576, Spu: 0.0000, FD: 1.1155, FDAug: 0.5580, Var: 0.0000, Ctx: 6, MixCtx: 3, Train: 78.46%, Valid: 73.40%, Test In: 74.65% Test OOD1: 66.84% Test OOD2: 54.48% Test OOD3: 63.66% 
Epoch: 226, Loss: 3.3545, Cls: 1.1181, Ind: 0.0000, Med: 0.5590, Spu: 0.0000, FD: 1.1185, FDAug: 0.5590, Var: 0.0000, Ctx: 6, MixCtx: 3, Train: 78.52%, Valid: 73.28%, Test In: 74.46% Test OOD1: 65.83% Test OOD2: 54.70% Test OOD3: 63.21% 
Epoch: 227, Loss: 3.3396, Cls: 1.1131, Ind: 0.0000, Med: 0.5566, Spu: 0.0000, FD: 1.1131, FDAug: 0.5568, Var: 0.0000, Ctx: 6, MixCtx: 3, Train: 78.52%, Valid: 73.23%, Test In: 74.40% Test OOD1: 65.61% Test OOD2: 54.73% Test OOD3: 63.09% 
Epoch: 228, Loss: 3.3445, Cls: 1.1148, Ind: 0.0000, Med: 0.5575, Spu: 0.0000, FD: 1.1146, FDAug: 0.5576, Var: 0.0000, Ctx: 6, MixCtx: 3, Train: 78.55%, Valid: 73.38%, Test In: 74.63% Test OOD1: 66.63% Test OOD2: 54.54% Test OOD3: 63.57% 
Epoch: 229, Loss: 3.3420, Cls: 1.1138, Ind: 0.0000, Med: 0.5568, Spu: 0.0000, FD: 1.1143, FDAug: 0.5570, Var: 0.0000, Ctx: 6, MixCtx: 3, Train: 78.61%, Valid: 73.33%, Test In: 74.56% Test OOD1: 66.30% Test OOD2: 54.60% Test OOD3: 63.37% 
Epoch: 230, Loss: 3.3304, Cls: 1.1100, Ind: 0.0000, Med: 0.5550, Spu: 0.0000, FD: 1.1102, FDAug: 0.5552, Var: 0.0000, Ctx: 6, MixCtx: 3, Train: 78.63%, Valid: 73.25%, Test In: 74.46% Test OOD1: 65.94% Test OOD2: 54.65% Test OOD3: 63.18% 
Epoch: 231, Loss: 3.3393, Cls: 1.1129, Ind: 0.0000, Med: 0.5564, Spu: 0.0000, FD: 1.1131, FDAug: 0.5568, Var: 0.0000, Ctx: 6, MixCtx: 3, Train: 78.61%, Valid: 73.38%, Test In: 74.62% Test OOD1: 66.73% Test OOD2: 54.53% Test OOD3: 63.58% 
Epoch: 232, Loss: 3.3380, Cls: 1.1126, Ind: 0.0000, Med: 0.5563, Spu: 0.0000, FD: 1.1129, FDAug: 0.5562, Var: 0.0000, Ctx: 6, MixCtx: 3, Train: 78.67%, Valid: 73.29%, Test In: 74.47% Test OOD1: 66.03% Test OOD2: 54.67% Test OOD3: 63.27% 
Epoch: 233, Loss: 3.3275, Cls: 1.1091, Ind: 0.0000, Med: 0.5546, Spu: 0.0000, FD: 1.1091, FDAug: 0.5547, Var: 0.0000, Ctx: 6, MixCtx: 3, Train: 78.69%, Valid: 73.23%, Test In: 74.40% Test OOD1: 65.79% Test OOD2: 54.71% Test OOD3: 63.13% 
Epoch: 234, Loss: 3.3311, Cls: 1.1103, Ind: 0.0000, Med: 0.5552, Spu: 0.0000, FD: 1.1102, FDAug: 0.5553, Var: 0.0000, Ctx: 6, MixCtx: 3, Train: 78.69%, Valid: 73.36%, Test In: 74.59% Test OOD1: 66.58% Test OOD2: 54.58% Test OOD3: 63.49% 
Epoch: 235, Loss: 3.3292, Cls: 1.1097, Ind: 0.0000, Med: 0.5549, Spu: 0.0000, FD: 1.1098, FDAug: 0.5548, Var: 0.0000, Ctx: 6, MixCtx: 3, Train: 78.74%, Valid: 73.27%, Test In: 74.52% Test OOD1: 66.19% Test OOD2: 54.65% Test OOD3: 63.27% 
Epoch: 236, Loss: 3.3221, Cls: 1.1072, Ind: 0.0000, Med: 0.5536, Spu: 0.0000, FD: 1.1075, FDAug: 0.5538, Var: 0.0000, Ctx: 6, MixCtx: 3, Train: 78.76%, Valid: 73.24%, Test In: 74.47% Test OOD1: 66.03% Test OOD2: 54.68% Test OOD3: 63.18% 
Epoch: 237, Loss: 3.3227, Cls: 1.1074, Ind: 0.0000, Med: 0.5537, Spu: 0.0000, FD: 1.1077, FDAug: 0.5540, Var: 0.0000, Ctx: 6, MixCtx: 3, Train: 78.76%, Valid: 73.33%, Test In: 74.56% Test OOD1: 66.49% Test OOD2: 54.62% Test OOD3: 63.43% 
Epoch: 238, Loss: 3.3242, Cls: 1.1081, Ind: 0.0000, Med: 0.5541, Spu: 0.0000, FD: 1.1081, FDAug: 0.5539, Var: 0.0000, Ctx: 6, MixCtx: 3, Train: 78.81%, Valid: 73.23%, Test In: 74.41% Test OOD1: 65.93% Test OOD2: 54.72% Test OOD3: 63.17% 
Epoch: 239, Loss: 3.3196, Cls: 1.1065, Ind: 0.0000, Med: 0.5533, Spu: 0.0000, FD: 1.1064, FDAug: 0.5534, Var: 0.0000, Ctx: 6, MixCtx: 3, Train: 78.83%, Valid: 73.23%, Test In: 74.42% Test OOD1: 65.99% Test OOD2: 54.71% Test OOD3: 63.18% 
Epoch: 240, Loss: 3.3162, Cls: 1.1053, Ind: 0.0000, Med: 0.5527, Spu: 0.0000, FD: 1.1053, FDAug: 0.5528, Var: 0.0000, Ctx: 6, MixCtx: 3, Train: 78.81%, Valid: 73.32%, Test In: 74.56% Test OOD1: 66.49% Test OOD2: 54.64% Test OOD3: 63.41% 
Epoch: 241, Loss: 3.3198, Cls: 1.1066, Ind: 0.0000, Med: 0.5534, Spu: 0.0000, FD: 1.1066, FDAug: 0.5531, Var: 0.0000, Ctx: 6, MixCtx: 3, Train: 78.86%, Valid: 73.17%, Test In: 74.40% Test OOD1: 65.88% Test OOD2: 54.72% Test OOD3: 63.08% 
Epoch: 242, Loss: 3.3177, Cls: 1.1057, Ind: 0.0000, Med: 0.5529, Spu: 0.0000, FD: 1.1058, FDAug: 0.5532, Var: 0.0000, Ctx: 6, MixCtx: 3, Train: 78.88%, Valid: 73.27%, Test In: 74.50% Test OOD1: 66.19% Test OOD2: 54.70% Test OOD3: 63.27% 
Epoch: 243, Loss: 3.3109, Cls: 1.1036, Ind: 0.0000, Med: 0.5518, Spu: 0.0000, FD: 1.1037, FDAug: 0.5518, Var: 0.0000, Ctx: 6, MixCtx: 3, Train: 78.91%, Valid: 73.26%, Test In: 74.47% Test OOD1: 66.10% Test OOD2: 54.73% Test OOD3: 63.25% 
Epoch: 244, Loss: 3.3104, Cls: 1.1034, Ind: 0.0000, Med: 0.5517, Spu: 0.0000, FD: 1.1035, FDAug: 0.5517, Var: 0.0000, Ctx: 6, MixCtx: 3, Train: 78.93%, Valid: 73.15%, Test In: 74.36% Test OOD1: 65.75% Test OOD2: 54.75% Test OOD3: 63.04% 
Epoch: 245, Loss: 3.3110, Cls: 1.1036, Ind: 0.0000, Med: 0.5519, Spu: 0.0000, FD: 1.1034, FDAug: 0.5519, Var: 0.0000, Ctx: 6, MixCtx: 3, Train: 78.93%, Valid: 73.27%, Test In: 74.53% Test OOD1: 66.27% Test OOD2: 54.69% Test OOD3: 63.29% 
Epoch: 246, Loss: 3.3105, Cls: 1.1035, Ind: 0.0000, Med: 0.5518, Spu: 0.0000, FD: 1.1036, FDAug: 0.5517, Var: 0.0000, Ctx: 6, MixCtx: 3, Train: 78.97%, Valid: 73.14%, Test In: 74.37% Test OOD1: 65.79% Test OOD2: 54.75% Test OOD3: 63.03% 
Epoch: 247, Loss: 3.3072, Cls: 1.1024, Ind: 0.0000, Med: 0.5513, Spu: 0.0000, FD: 1.1022, FDAug: 0.5513, Var: 0.0000, Ctx: 6, MixCtx: 3, Train: 78.99%, Valid: 73.23%, Test In: 74.44% Test OOD1: 66.03% Test OOD2: 54.74% Test OOD3: 63.19% 
Epoch: 248, Loss: 3.3036, Cls: 1.1012, Ind: 0.0000, Med: 0.5506, Spu: 0.0000, FD: 1.1012, FDAug: 0.5506, Var: 0.0000, Ctx: 6, MixCtx: 3, Train: 79.01%, Valid: 73.21%, Test In: 74.41% Test OOD1: 65.95% Test OOD2: 54.75% Test OOD3: 63.14% 
Epoch: 249, Loss: 3.3018, Cls: 1.1006, Ind: 0.0000, Med: 0.5504, Spu: 0.0000, FD: 1.1006, FDAug: 0.5503, Var: 0.0000, Ctx: 6, MixCtx: 3, Train: 79.04%, Valid: 73.14%, Test In: 74.34% Test OOD1: 65.75% Test OOD2: 54.76% Test OOD3: 63.00% 
Epoch: 250, Loss: 3.3016, Cls: 1.1005, Ind: 0.0000, Med: 0.5503, Spu: 0.0000, FD: 1.1004, FDAug: 0.5504, Var: 0.0000, Ctx: 6, MixCtx: 3, Train: 79.05%, Valid: 73.24%, Test In: 74.48% Test OOD1: 66.12% Test OOD2: 54.72% Test OOD3: 63.19% 
Epoch: 251, Loss: 3.3028, Cls: 1.1009, Ind: 0.0000, Med: 0.5506, Spu: 0.0000, FD: 1.1009, FDAug: 0.5504, Var: 0.0000, Ctx: 6, MixCtx: 3, Train: 79.07%, Valid: 73.06%, Test In: 74.22% Test OOD1: 65.46% Test OOD2: 54.79% Test OOD3: 62.83% 
Epoch: 252, Loss: 3.3044, Cls: 1.1014, Ind: 0.0000, Med: 0.5508, Spu: 0.0000, FD: 1.1013, FDAug: 0.5509, Var: 0.0000, Ctx: 6, MixCtx: 3, Train: 79.08%, Valid: 73.28%, Test In: 74.48% Test OOD1: 66.16% Test OOD2: 54.74% Test OOD3: 63.23% 
Epoch: 253, Loss: 3.3058, Cls: 1.1020, Ind: 0.0000, Med: 0.5511, Spu: 0.0000, FD: 1.1019, FDAug: 0.5508, Var: 0.0000, Ctx: 6, MixCtx: 3, Train: 79.10%, Valid: 73.03%, Test In: 74.18% Test OOD1: 65.38% Test OOD2: 54.80% Test OOD3: 62.78% 
Epoch: 254, Loss: 3.3051, Cls: 1.1016, Ind: 0.0000, Med: 0.5509, Spu: 0.0000, FD: 1.1015, FDAug: 0.5511, Var: 0.0000, Ctx: 6, MixCtx: 3, Train: 79.11%, Valid: 73.28%, Test In: 74.53% Test OOD1: 66.26% Test OOD2: 54.72% Test OOD3: 63.27% 
Epoch: 255, Loss: 3.3043, Cls: 1.1015, Ind: 0.0000, Med: 0.5508, Spu: 0.0000, FD: 1.1014, FDAug: 0.5505, Var: 0.0000, Ctx: 6, MixCtx: 3, Train: 79.14%, Valid: 73.02%, Test In: 74.15% Test OOD1: 65.41% Test OOD2: 54.81% Test OOD3: 62.78% 
Epoch: 256, Loss: 3.3056, Cls: 1.1018, Ind: 0.0000, Med: 0.5511, Spu: 0.0000, FD: 1.1015, FDAug: 0.5512, Var: 0.0000, Ctx: 6, MixCtx: 3, Train: 79.15%, Valid: 73.32%, Test In: 74.53% Test OOD1: 66.34% Test OOD2: 54.73% Test OOD3: 63.32% 
Epoch: 257, Loss: 3.3067, Cls: 1.1022, Ind: 0.0000, Med: 0.5512, Spu: 0.0000, FD: 1.1024, FDAug: 0.5509, Var: 0.0000, Ctx: 6, MixCtx: 3, Train: 79.17%, Valid: 72.99%, Test In: 74.12% Test OOD1: 65.32% Test OOD2: 54.81% Test OOD3: 62.73% 
Epoch: 258, Loss: 3.3078, Cls: 1.1026, Ind: 0.0000, Med: 0.5515, Spu: 0.0000, FD: 1.1021, FDAug: 0.5515, Var: 0.0000, Ctx: 6, MixCtx: 3, Train: 79.18%, Valid: 73.32%, Test In: 74.56% Test OOD1: 66.40% Test OOD2: 54.72% Test OOD3: 63.34% 
Epoch: 259, Loss: 3.3082, Cls: 1.1028, Ind: 0.0000, Med: 0.5514, Spu: 0.0000, FD: 1.1029, FDAug: 0.5511, Var: 0.0000, Ctx: 6, MixCtx: 3, Train: 79.18%, Valid: 72.93%, Test In: 74.03% Test OOD1: 65.15% Test OOD2: 54.81% Test OOD3: 62.62% 
Epoch: 260, Loss: 3.3164, Cls: 1.1055, Ind: 0.0000, Med: 0.5530, Spu: 0.0000, FD: 1.1049, FDAug: 0.5530, Var: 0.0000, Ctx: 6, MixCtx: 3, Train: 79.19%, Valid: 73.35%, Test In: 74.58% Test OOD1: 66.54% Test OOD2: 54.71% Test OOD3: 63.41% 
Epoch: 261, Loss: 3.3235, Cls: 1.1078, Ind: 0.0000, Med: 0.5539, Spu: 0.0000, FD: 1.1081, FDAug: 0.5536, Var: 0.0000, Ctx: 6, MixCtx: 3, Train: 79.19%, Valid: 72.88%, Test In: 73.92% Test OOD1: 64.98% Test OOD2: 54.80% Test OOD3: 62.50% 
Epoch: 262, Loss: 3.3291, Cls: 1.1098, Ind: 0.0000, Med: 0.5552, Spu: 0.0000, FD: 1.1090, FDAug: 0.5551, Var: 0.0000, Ctx: 6, MixCtx: 3, Train: 79.22%, Valid: 73.34%, Test In: 74.58% Test OOD1: 66.55% Test OOD2: 54.69% Test OOD3: 63.38% 
Epoch: 263, Loss: 3.3161, Cls: 1.1054, Ind: 0.0000, Med: 0.5527, Spu: 0.0000, FD: 1.1056, FDAug: 0.5524, Var: 0.0000, Ctx: 6, MixCtx: 3, Train: 79.29%, Valid: 72.98%, Test In: 74.10% Test OOD1: 65.29% Test OOD2: 54.80% Test OOD3: 62.63% 
Epoch: 264, Loss: 3.3056, Cls: 1.1019, Ind: 0.0000, Med: 0.5511, Spu: 0.0000, FD: 1.1014, FDAug: 0.5512, Var: 0.0000, Ctx: 6, MixCtx: 3, Train: 79.31%, Valid: 73.29%, Test In: 74.53% Test OOD1: 66.33% Test OOD2: 54.73% Test OOD3: 63.23% 
Epoch: 265, Loss: 3.2922, Cls: 1.0974, Ind: 0.0000, Med: 0.5487, Spu: 0.0000, FD: 1.0976, FDAug: 0.5485, Var: 0.0000, Ctx: 6, MixCtx: 3, Train: 79.37%, Valid: 73.09%, Test In: 74.28% Test OOD1: 65.63% Test OOD2: 54.82% Test OOD3: 62.81% 
Epoch: 266, Loss: 3.2827, Cls: 1.0941, Ind: 0.0000, Med: 0.5471, Spu: 0.0000, FD: 1.0941, FDAug: 0.5473, Var: 0.0000, Ctx: 6, MixCtx: 3, Train: 79.39%, Valid: 73.19%, Test In: 74.43% Test OOD1: 65.95% Test OOD2: 54.80% Test OOD3: 62.99% 
Epoch: 267, Loss: 3.2772, Cls: 1.0923, Ind: 0.0000, Med: 0.5462, Spu: 0.0000, FD: 1.0925, FDAug: 0.5462, Var: 0.0000, Ctx: 6, MixCtx: 3, Train: 79.42%, Valid: 73.17%, Test In: 74.42% Test OOD1: 65.90% Test OOD2: 54.81% Test OOD3: 62.95% 
Epoch: 268, Loss: 3.2756, Cls: 1.0918, Ind: 0.0000, Med: 0.5459, Spu: 0.0000, FD: 1.0919, FDAug: 0.5460, Var: 0.0000, Ctx: 6, MixCtx: 3, Train: 79.44%, Valid: 73.06%, Test In: 74.27% Test OOD1: 65.52% Test OOD2: 54.85% Test OOD3: 62.74% 
Epoch: 269, Loss: 3.2770, Cls: 1.0921, Ind: 0.0000, Med: 0.5461, Spu: 0.0000, FD: 1.0923, FDAug: 0.5464, Var: 0.0000, Ctx: 6, MixCtx: 3, Train: 79.44%, Valid: 73.24%, Test In: 74.49% Test OOD1: 66.07% Test OOD2: 54.81% Test OOD3: 63.05% 
Epoch: 270, Loss: 3.2821, Cls: 1.0941, Ind: 0.0000, Med: 0.5471, Spu: 0.0000, FD: 1.0941, FDAug: 0.5468, Var: 0.0000, Ctx: 6, MixCtx: 3, Train: 79.40%, Valid: 72.88%, Test In: 73.99% Test OOD1: 64.90% Test OOD2: 54.84% Test OOD3: 62.38% 
Epoch: 271, Loss: 3.2957, Cls: 1.0984, Ind: 0.0000, Med: 0.5493, Spu: 0.0000, FD: 1.0984, FDAug: 0.5497, Var: 0.0000, Ctx: 6, MixCtx: 3, Train: 79.34%, Valid: 73.33%, Test In: 74.59% Test OOD1: 66.46% Test OOD2: 54.72% Test OOD3: 63.26% 
Epoch: 272, Loss: 3.3299, Cls: 1.1101, Ind: 0.0000, Med: 0.5551, Spu: 0.0000, FD: 1.1102, FDAug: 0.5544, Var: 0.0000, Ctx: 6, MixCtx: 3, Train: 79.00%, Valid: 72.42%, Test In: 73.18% Test OOD1: 63.67% Test OOD2: 54.68% Test OOD3: 61.63% 
Epoch: 273, Loss: 3.4123, Cls: 1.1380, Ind: 0.0000, Med: 0.5696, Spu: 0.0000, FD: 1.1358, FDAug: 0.5688, Var: 0.0000, Ctx: 6, MixCtx: 3, Train: 79.13%, Valid: 73.42%, Test In: 74.51% Test OOD1: 66.83% Test OOD2: 54.61% Test OOD3: 63.51% 
Epoch: 274, Loss: 3.4174, Cls: 1.1385, Ind: 0.0000, Med: 0.5689, Spu: 0.0000, FD: 1.1406, FDAug: 0.5694, Var: 0.0000, Ctx: 6, MixCtx: 3, Train: 79.47%, Valid: 73.03%, Test In: 73.97% Test OOD1: 65.11% Test OOD2: 54.84% Test OOD3: 62.49% 
Epoch: 275, Loss: 3.3064, Cls: 1.1025, Ind: 0.0000, Med: 0.5516, Spu: 0.0000, FD: 1.1013, FDAug: 0.5510, Var: 0.0000, Ctx: 6, MixCtx: 3, Train: 79.45%, Valid: 73.02%, Test In: 74.25% Test OOD1: 65.47% Test OOD2: 54.78% Test OOD3: 62.58% 
Epoch: 276, Loss: 3.3008, Cls: 1.1004, Ind: 0.0000, Med: 0.5504, Spu: 0.0000, FD: 1.0996, FDAug: 0.5504, Var: 0.0000, Ctx: 6, MixCtx: 3, Train: 78.79%, Valid: 73.28%, Test In: 74.57% Test OOD1: 67.37% Test OOD2: 54.49% Test OOD3: 63.74% 
Epoch: 277, Loss: 3.4905, Cls: 1.1638, Ind: 0.0000, Med: 0.5819, Spu: 0.0000, FD: 1.1640, FDAug: 0.5806, Var: 0.0000, Ctx: 6, MixCtx: 3, Train: 78.34%, Valid: 71.87%, Test In: 72.39% Test OOD1: 62.99% Test OOD2: 54.36% Test OOD3: 61.23% 
Epoch: 278, Loss: 3.6056, Cls: 1.2039, Ind: 0.0000, Med: 0.6032, Spu: 0.0000, FD: 1.1984, FDAug: 0.6001, Var: 0.0000, Ctx: 6, MixCtx: 3, Train: 78.72%, Valid: 72.72%, Test In: 73.06% Test OOD1: 64.50% Test OOD2: 54.77% Test OOD3: 62.36% 
Epoch: 279, Loss: 3.5203, Cls: 1.1739, Ind: 0.0000, Med: 0.5873, Spu: 0.0000, FD: 1.1725, FDAug: 0.5865, Var: 0.0000, Ctx: 6, MixCtx: 3, Train: 78.95%, Valid: 73.42%, Test In: 74.07% Test OOD1: 66.68% Test OOD2: 54.70% Test OOD3: 63.60% 
Epoch: 280, Loss: 3.5575, Cls: 1.1845, Ind: 0.0000, Med: 0.5916, Spu: 0.0000, FD: 1.1877, FDAug: 0.5936, Var: 0.0000, Ctx: 6, MixCtx: 3, Train: 78.83%, Valid: 73.41%, Test In: 74.32% Test OOD1: 67.49% Test OOD2: 54.51% Test OOD3: 63.93% 
Epoch: 281, Loss: 3.4450, Cls: 1.1484, Ind: 0.0000, Med: 0.5742, Spu: 0.0000, FD: 1.1486, FDAug: 0.5739, Var: 0.0000, Ctx: 6, MixCtx: 3, Train: 79.08%, Valid: 73.20%, Test In: 74.46% Test OOD1: 66.83% Test OOD2: 54.61% Test OOD3: 63.42% 
Epoch: 282, Loss: 3.4163, Cls: 1.1369, Ind: 0.0000, Med: 0.5677, Spu: 0.0000, FD: 1.1406, FDAug: 0.5711, Var: 0.0000, Ctx: 6, MixCtx: 3, Train: 78.64%, Valid: 73.28%, Test In: 74.61% Test OOD1: 67.85% Test OOD2: 54.41% Test OOD3: 63.99% 
Epoch: 283, Loss: 3.3845, Cls: 1.1272, Ind: 0.0000, Med: 0.5632, Spu: 0.0000, FD: 1.1294, FDAug: 0.5647, Var: 0.0000, Ctx: 6, MixCtx: 3, Train: 78.67%, Valid: 73.25%, Test In: 74.61% Test OOD1: 67.87% Test OOD2: 54.43% Test OOD3: 64.13% 
Epoch: 284, Loss: 3.3474, Cls: 1.1159, Ind: 0.0000, Med: 0.5580, Spu: 0.0000, FD: 1.1158, FDAug: 0.5576, Var: 0.0000, Ctx: 6, MixCtx: 3, Train: 79.36%, Valid: 73.24%, Test In: 74.66% Test OOD1: 66.77% Test OOD2: 54.90% Test OOD3: 63.65% 
Epoch: 285, Loss: 3.3501, Cls: 1.1164, Ind: 0.0000, Med: 0.5581, Spu: 0.0000, FD: 1.1167, FDAug: 0.5588, Var: 0.0000, Ctx: 6, MixCtx: 3, Train: 79.38%, Valid: 73.22%, Test In: 74.59% Test OOD1: 66.39% Test OOD2: 54.99% Test OOD3: 63.50% 
Epoch: 286, Loss: 3.3875, Cls: 1.1289, Ind: 0.0000, Med: 0.5645, Spu: 0.0000, FD: 1.1292, FDAug: 0.5649, Var: 0.0000, Ctx: 6, MixCtx: 3, Train: 79.23%, Valid: 73.35%, Test In: 74.80% Test OOD1: 67.05% Test OOD2: 54.84% Test OOD3: 63.84% 
Epoch: 287, Loss: 3.3549, Cls: 1.1180, Ind: 0.0000, Med: 0.5589, Spu: 0.0000, FD: 1.1186, FDAug: 0.5593, Var: 0.0000, Ctx: 6, MixCtx: 3, Train: 79.04%, Valid: 73.34%, Test In: 74.83% Test OOD1: 67.33% Test OOD2: 54.69% Test OOD3: 63.91% 
Epoch: 288, Loss: 3.3394, Cls: 1.1130, Ind: 0.0000, Med: 0.5564, Spu: 0.0000, FD: 1.1135, FDAug: 0.5564, Var: 0.0000, Ctx: 6, MixCtx: 3, Train: 79.27%, Valid: 73.21%, Test In: 74.75% Test OOD1: 66.40% Test OOD2: 54.90% Test OOD3: 63.31% 
Epoch: 289, Loss: 3.3126, Cls: 1.1036, Ind: 0.0000, Med: 0.5516, Spu: 0.0000, FD: 1.1048, FDAug: 0.5526, Var: 0.0000, Ctx: 6, MixCtx: 3, Train: 79.22%, Valid: 73.24%, Test In: 74.75% Test OOD1: 66.35% Test OOD2: 54.87% Test OOD3: 63.21% 
Epoch: 290, Loss: 3.3375, Cls: 1.1118, Ind: 0.0000, Med: 0.5557, Spu: 0.0000, FD: 1.1131, FDAug: 0.5568, Var: 0.0000, Ctx: 6, MixCtx: 3, Train: 79.03%, Valid: 73.37%, Test In: 74.82% Test OOD1: 67.24% Test OOD2: 54.73% Test OOD3: 63.71% 
Epoch: 291, Loss: 3.3490, Cls: 1.1163, Ind: 0.0000, Med: 0.5581, Spu: 0.0000, FD: 1.1168, FDAug: 0.5578, Var: 0.0000, Ctx: 6, MixCtx: 3, Train: 79.43%, Valid: 73.29%, Test In: 74.59% Test OOD1: 65.90% Test OOD2: 55.02% Test OOD3: 62.99% 
Epoch: 292, Loss: 3.2940, Cls: 1.0978, Ind: 0.0000, Med: 0.5489, Spu: 0.0000, FD: 1.0982, FDAug: 0.5491, Var: 0.0000, Ctx: 6, MixCtx: 3, Train: 79.37%, Valid: 73.23%, Test In: 74.30% Test OOD1: 65.28% Test OOD2: 55.06% Test OOD3: 62.69% 
Epoch: 293, Loss: 3.3245, Cls: 1.1082, Ind: 0.0000, Med: 0.5542, Spu: 0.0000, FD: 1.1080, FDAug: 0.5542, Var: 0.0000, Ctx: 6, MixCtx: 3, Train: 79.36%, Valid: 73.41%, Test In: 74.51% Test OOD1: 66.14% Test OOD2: 54.97% Test OOD3: 63.13% 
Epoch: 294, Loss: 3.3188, Cls: 1.1059, Ind: 0.0000, Med: 0.5528, Spu: 0.0000, FD: 1.1068, FDAug: 0.5533, Var: 0.0000, Ctx: 6, MixCtx: 3, Train: 79.40%, Valid: 73.44%, Test In: 74.56% Test OOD1: 66.27% Test OOD2: 54.89% Test OOD3: 63.14% 
Epoch: 295, Loss: 3.3015, Cls: 1.1001, Ind: 0.0000, Med: 0.5499, Spu: 0.0000, FD: 1.1011, FDAug: 0.5504, Var: 0.0000, Ctx: 6, MixCtx: 3, Train: 79.48%, Valid: 73.24%, Test In: 74.39% Test OOD1: 65.22% Test OOD2: 54.98% Test OOD3: 62.50% 
Epoch: 296, Loss: 3.2966, Cls: 1.0989, Ind: 0.0000, Med: 0.5496, Spu: 0.0000, FD: 1.0986, FDAug: 0.5495, Var: 0.0000, Ctx: 6, MixCtx: 3, Train: 79.47%, Valid: 73.37%, Test In: 74.64% Test OOD1: 65.82% Test OOD2: 54.93% Test OOD3: 62.81% 
Epoch: 297, Loss: 3.2922, Cls: 1.0971, Ind: 0.0000, Med: 0.5485, Spu: 0.0000, FD: 1.0978, FDAug: 0.5488, Var: 0.0000, Ctx: 6, MixCtx: 3, Train: 79.43%, Valid: 73.44%, Test In: 74.72% Test OOD1: 66.24% Test OOD2: 54.87% Test OOD3: 63.08% 
Epoch: 298, Loss: 3.3026, Cls: 1.1004, Ind: 0.0000, Med: 0.5500, Spu: 0.0000, FD: 1.1017, FDAug: 0.5505, Var: 0.0000, Ctx: 6, MixCtx: 3, Train: 79.44%, Valid: 73.13%, Test In: 74.32% Test OOD1: 64.63% Test OOD2: 55.07% Test OOD3: 62.26% 
Epoch: 299, Loss: 3.2906, Cls: 1.0969, Ind: 0.0000, Med: 0.5485, Spu: 0.0000, FD: 1.0967, FDAug: 0.5485, Var: 0.0000, Ctx: 6, MixCtx: 3, Train: 79.47%, Valid: 73.24%, Test In: 74.39% Test OOD1: 65.07% Test OOD2: 55.05% Test OOD3: 62.56% 
Epoch: 300, Loss: 3.2837, Cls: 1.0945, Ind: 0.0000, Med: 0.5472, Spu: 0.0000, FD: 1.0947, FDAug: 0.5474, Var: 0.0000, Ctx: 6, MixCtx: 3, Train: 79.48%, Valid: 73.39%, Test In: 74.50% Test OOD1: 65.80% Test OOD2: 54.95% Test OOD3: 62.94% 
Epoch: 301, Loss: 3.3000, Cls: 1.0999, Ind: 0.0000, Med: 0.5499, Spu: 0.0000, FD: 1.1003, FDAug: 0.5500, Var: 0.0000, Ctx: 6, MixCtx: 3, Train: 79.53%, Valid: 73.29%, Test In: 74.34% Test OOD1: 65.27% Test OOD2: 55.01% Test OOD3: 62.61% 
Epoch: 302, Loss: 3.2775, Cls: 1.0924, Ind: 0.0000, Med: 0.5462, Spu: 0.0000, FD: 1.0925, FDAug: 0.5463, Var: 0.0000, Ctx: 6, MixCtx: 3, Train: 79.57%, Valid: 73.30%, Test In: 74.39% Test OOD1: 65.43% Test OOD2: 54.98% Test OOD3: 62.62% 
Epoch: 303, Loss: 3.2770, Cls: 1.0920, Ind: 0.0000, Med: 0.5459, Spu: 0.0000, FD: 1.0927, FDAug: 0.5464, Var: 0.0000, Ctx: 6, MixCtx: 3, Train: 79.49%, Valid: 73.45%, Test In: 74.61% Test OOD1: 66.44% Test OOD2: 54.81% Test OOD3: 63.15% 
Epoch: 304, Loss: 3.2925, Cls: 1.0973, Ind: 0.0000, Med: 0.5486, Spu: 0.0000, FD: 1.0979, FDAug: 0.5486, Var: 0.0000, Ctx: 6, MixCtx: 3, Train: 79.64%, Valid: 73.27%, Test In: 74.42% Test OOD1: 65.43% Test OOD2: 54.97% Test OOD3: 62.56% 
Epoch: 305, Loss: 3.2742, Cls: 1.0910, Ind: 0.0000, Med: 0.5454, Spu: 0.0000, FD: 1.0919, FDAug: 0.5460, Var: 0.0000, Ctx: 6, MixCtx: 3, Train: 79.67%, Valid: 73.25%, Test In: 74.40% Test OOD1: 65.33% Test OOD2: 54.97% Test OOD3: 62.54% 
Epoch: 306, Loss: 3.2620, Cls: 1.0871, Ind: 0.0000, Med: 0.5435, Spu: 0.0000, FD: 1.0875, FDAug: 0.5438, Var: 0.0000, Ctx: 6, MixCtx: 3, Train: 79.67%, Valid: 73.32%, Test In: 74.50% Test OOD1: 65.64% Test OOD2: 54.98% Test OOD3: 62.74% 
Epoch: 307, Loss: 3.2737, Cls: 1.0912, Ind: 0.0000, Med: 0.5456, Spu: 0.0000, FD: 1.0913, FDAug: 0.5456, Var: 0.0000, Ctx: 6, MixCtx: 3, Train: 79.67%, Valid: 73.12%, Test In: 74.25% Test OOD1: 64.92% Test OOD2: 54.97% Test OOD3: 62.31% 
Epoch: 308, Loss: 3.2662, Cls: 1.0886, Ind: 0.0000, Med: 0.5443, Spu: 0.0000, FD: 1.0887, FDAug: 0.5445, Var: 0.0000, Ctx: 6, MixCtx: 3, Train: 79.74%, Valid: 73.17%, Test In: 74.35% Test OOD1: 65.21% Test OOD2: 54.94% Test OOD3: 62.39% 
Epoch: 309, Loss: 3.2571, Cls: 1.0856, Ind: 0.0000, Med: 0.5428, Spu: 0.0000, FD: 1.0858, FDAug: 0.5430, Var: 0.0000, Ctx: 6, MixCtx: 3, Train: 79.72%, Valid: 73.33%, Test In: 74.56% Test OOD1: 66.01% Test OOD2: 54.86% Test OOD3: 62.81% 
Epoch: 310, Loss: 3.2656, Cls: 1.0884, Ind: 0.0000, Med: 0.5442, Spu: 0.0000, FD: 1.0888, FDAug: 0.5442, Var: 0.0000, Ctx: 6, MixCtx: 3, Train: 79.78%, Valid: 73.14%, Test In: 74.30% Test OOD1: 65.38% Test OOD2: 54.87% Test OOD3: 62.39% 
Epoch: 311, Loss: 3.2636, Cls: 1.0879, Ind: 0.0000, Med: 0.5440, Spu: 0.0000, FD: 1.0877, FDAug: 0.5440, Var: 0.0000, Ctx: 6, MixCtx: 3, Train: 79.80%, Valid: 73.28%, Test In: 74.42% Test OOD1: 65.85% Test OOD2: 54.85% Test OOD3: 62.72% 
Epoch: 312, Loss: 3.2515, Cls: 1.0837, Ind: 0.0000, Med: 0.5418, Spu: 0.0000, FD: 1.0840, FDAug: 0.5420, Var: 0.0000, Ctx: 6, MixCtx: 3, Train: 79.84%, Valid: 73.29%, Test In: 74.39% Test OOD1: 65.75% Test OOD2: 54.87% Test OOD3: 62.70% 
Epoch: 313, Loss: 3.2526, Cls: 1.0840, Ind: 0.0000, Med: 0.5419, Spu: 0.0000, FD: 1.0844, FDAug: 0.5422, Var: 0.0000, Ctx: 6, MixCtx: 3, Train: 79.88%, Valid: 73.14%, Test In: 74.24% Test OOD1: 65.20% Test OOD2: 54.89% Test OOD3: 62.37% 
Epoch: 314, Loss: 3.2531, Cls: 1.0843, Ind: 0.0000, Med: 0.5422, Spu: 0.0000, FD: 1.0842, FDAug: 0.5423, Var: 0.0000, Ctx: 6, MixCtx: 3, Train: 79.90%, Valid: 73.25%, Test In: 74.48% Test OOD1: 65.68% Test OOD2: 54.85% Test OOD3: 62.62% 
Epoch: 315, Loss: 3.2457, Cls: 1.0817, Ind: 0.0000, Med: 0.5408, Spu: 0.0000, FD: 1.0822, FDAug: 0.5410, Var: 0.0000, Ctx: 6, MixCtx: 3, Train: 79.90%, Valid: 73.19%, Test In: 74.45% Test OOD1: 65.57% Test OOD2: 54.83% Test OOD3: 62.53% 
Epoch: 316, Loss: 3.2454, Cls: 1.0816, Ind: 0.0000, Med: 0.5408, Spu: 0.0000, FD: 1.0820, FDAug: 0.5410, Var: 0.0000, Ctx: 6, MixCtx: 3, Train: 79.93%, Valid: 73.11%, Test In: 74.31% Test OOD1: 65.29% Test OOD2: 54.84% Test OOD3: 62.35% 
Epoch: 317, Loss: 3.2445, Cls: 1.0813, Ind: 0.0000, Med: 0.5407, Spu: 0.0000, FD: 1.0816, FDAug: 0.5409, Var: 0.0000, Ctx: 6, MixCtx: 3, Train: 79.96%, Valid: 73.25%, Test In: 74.40% Test OOD1: 65.74% Test OOD2: 54.83% Test OOD3: 62.63% 
Epoch: 318, Loss: 3.2433, Cls: 1.0810, Ind: 0.0000, Med: 0.5405, Spu: 0.0000, FD: 1.0813, FDAug: 0.5405, Var: 0.0000, Ctx: 6, MixCtx: 3, Train: 79.99%, Valid: 73.10%, Test In: 74.12% Test OOD1: 65.22% Test OOD2: 54.86% Test OOD3: 62.30% 
Epoch: 319, Loss: 3.2410, Cls: 1.0803, Ind: 0.0000, Med: 0.5402, Spu: 0.0000, FD: 1.0803, FDAug: 0.5403, Var: 0.0000, Ctx: 6, MixCtx: 3, Train: 80.02%, Valid: 73.12%, Test In: 74.16% Test OOD1: 65.37% Test OOD2: 54.84% Test OOD3: 62.35% 
Epoch: 320, Loss: 3.2355, Cls: 1.0784, Ind: 0.0000, Med: 0.5392, Spu: 0.0000, FD: 1.0785, FDAug: 0.5393, Var: 0.0000, Ctx: 6, MixCtx: 3, Train: 80.02%, Valid: 73.14%, Test In: 74.26% Test OOD1: 65.59% Test OOD2: 54.82% Test OOD3: 62.43% 
Epoch: 321, Loss: 3.2370, Cls: 1.0790, Ind: 0.0000, Med: 0.5395, Spu: 0.0000, FD: 1.0791, FDAug: 0.5394, Var: 0.0000, Ctx: 6, MixCtx: 3, Train: 80.02%, Valid: 72.89%, Test In: 73.94% Test OOD1: 64.85% Test OOD2: 54.85% Test OOD3: 61.97% 
Epoch: 322, Loss: 3.2408, Cls: 1.0800, Ind: 0.0000, Med: 0.5400, Spu: 0.0000, FD: 1.0805, FDAug: 0.5404, Var: 0.0000, Ctx: 6, MixCtx: 3, Train: 80.06%, Valid: 73.15%, Test In: 74.27% Test OOD1: 65.57% Test OOD2: 54.85% Test OOD3: 62.45% 
Epoch: 323, Loss: 3.2440, Cls: 1.0814, Ind: 0.0000, Med: 0.5408, Spu: 0.0000, FD: 1.0813, FDAug: 0.5404, Var: 0.0000, Ctx: 6, MixCtx: 3, Train: 79.99%, Valid: 72.74%, Test In: 73.62% Test OOD1: 64.36% Test OOD2: 54.87% Test OOD3: 61.73% 
Epoch: 324, Loss: 3.2487, Cls: 1.0828, Ind: 0.0000, Med: 0.5415, Spu: 0.0000, FD: 1.0828, FDAug: 0.5417, Var: 0.0000, Ctx: 6, MixCtx: 3, Train: 80.10%, Valid: 73.14%, Test In: 74.23% Test OOD1: 65.55% Test OOD2: 54.85% Test OOD3: 62.45% 
Epoch: 325, Loss: 3.2411, Cls: 1.0803, Ind: 0.0000, Med: 0.5401, Spu: 0.0000, FD: 1.0806, FDAug: 0.5401, Var: 0.0000, Ctx: 6, MixCtx: 3, Train: 80.12%, Valid: 72.85%, Test In: 73.86% Test OOD1: 64.88% Test OOD2: 54.85% Test OOD3: 61.99% 
Epoch: 326, Loss: 3.2326, Cls: 1.0775, Ind: 0.0000, Med: 0.5389, Spu: 0.0000, FD: 1.0773, FDAug: 0.5388, Var: 0.0000, Ctx: 6, MixCtx: 3, Train: 80.13%, Valid: 73.09%, Test In: 74.21% Test OOD1: 65.60% Test OOD2: 54.81% Test OOD3: 62.41% 
Epoch: 327, Loss: 3.2295, Cls: 1.0764, Ind: 0.0000, Med: 0.5382, Spu: 0.0000, FD: 1.0767, FDAug: 0.5382, Var: 0.0000, Ctx: 6, MixCtx: 3, Train: 80.18%, Valid: 72.90%, Test In: 73.88% Test OOD1: 64.93% Test OOD2: 54.86% Test OOD3: 62.02% 
Epoch: 328, Loss: 3.2269, Cls: 1.0756, Ind: 0.0000, Med: 0.5379, Spu: 0.0000, FD: 1.0754, FDAug: 0.5379, Var: 0.0000, Ctx: 6, MixCtx: 3, Train: 80.20%, Valid: 73.11%, Test In: 74.19% Test OOD1: 65.46% Test OOD2: 54.86% Test OOD3: 62.36% 
Epoch: 329, Loss: 3.2274, Cls: 1.0756, Ind: 0.0000, Med: 0.5378, Spu: 0.0000, FD: 1.0761, FDAug: 0.5379, Var: 0.0000, Ctx: 6, MixCtx: 3, Train: 80.21%, Valid: 72.84%, Test In: 73.80% Test OOD1: 64.69% Test OOD2: 54.89% Test OOD3: 61.87% 
Epoch: 330, Loss: 3.2255, Cls: 1.0752, Ind: 0.0000, Med: 0.5377, Spu: 0.0000, FD: 1.0750, FDAug: 0.5377, Var: 0.0000, Ctx: 6, MixCtx: 3, Train: 80.23%, Valid: 73.10%, Test In: 74.24% Test OOD1: 65.51% Test OOD2: 54.86% Test OOD3: 62.33% 
Epoch: 331, Loss: 3.2264, Cls: 1.0754, Ind: 0.0000, Med: 0.5377, Spu: 0.0000, FD: 1.0757, FDAug: 0.5376, Var: 0.0000, Ctx: 6, MixCtx: 3, Train: 80.20%, Valid: 72.69%, Test In: 73.60% Test OOD1: 64.41% Test OOD2: 54.84% Test OOD3: 61.65% 
Epoch: 332, Loss: 3.2374, Cls: 1.0791, Ind: 0.0000, Med: 0.5396, Spu: 0.0000, FD: 1.0790, FDAug: 0.5397, Var: 0.0000, Ctx: 6, MixCtx: 3, Train: 80.12%, Valid: 73.27%, Test In: 74.35% Test OOD1: 65.97% Test OOD2: 54.83% Test OOD3: 62.62% 
Epoch: 333, Loss: 3.2762, Cls: 1.0923, Ind: 0.0000, Med: 0.5462, Spu: 0.0000, FD: 1.0921, FDAug: 0.5456, Var: 0.0000, Ctx: 6, MixCtx: 3, Train: 79.75%, Valid: 72.18%, Test In: 72.66% Test OOD1: 63.17% Test OOD2: 54.62% Test OOD3: 60.93% 
Epoch: 334, Loss: 3.3515, Cls: 1.1174, Ind: 0.0000, Med: 0.5590, Spu: 0.0000, FD: 1.1164, FDAug: 0.5587, Var: 0.0000, Ctx: 6, MixCtx: 3, Train: 79.90%, Valid: 73.43%, Test In: 74.34% Test OOD1: 66.38% Test OOD2: 54.69% Test OOD3: 62.90% 
Epoch: 335, Loss: 3.3549, Cls: 1.1185, Ind: 0.0000, Med: 0.5593, Spu: 0.0000, FD: 1.1184, FDAug: 0.5585, Var: 0.0000, Ctx: 6, MixCtx: 3, Train: 80.26%, Valid: 72.80%, Test In: 73.53% Test OOD1: 64.55% Test OOD2: 54.90% Test OOD3: 61.77% 
Epoch: 336, Loss: 3.2586, Cls: 1.0864, Ind: 0.0000, Med: 0.5434, Spu: 0.0000, FD: 1.0856, FDAug: 0.5432, Var: 0.0000, Ctx: 6, MixCtx: 3, Train: 80.34%, Valid: 72.96%, Test In: 74.03% Test OOD1: 65.34% Test OOD2: 54.83% Test OOD3: 62.16% 
Epoch: 337, Loss: 3.2187, Cls: 1.0728, Ind: 0.0000, Med: 0.5365, Spu: 0.0000, FD: 1.0728, FDAug: 0.5366, Var: 0.0000, Ctx: 6, MixCtx: 3, Train: 79.78%, Valid: 73.29%, Test In: 74.53% Test OOD1: 66.80% Test OOD2: 54.69% Test OOD3: 63.06% 
Epoch: 338, Loss: 3.3453, Cls: 1.1153, Ind: 0.0000, Med: 0.5577, Spu: 0.0000, FD: 1.1153, FDAug: 0.5569, Var: 0.0000, Ctx: 6, MixCtx: 3, Train: 79.24%, Valid: 71.64%, Test In: 72.20% Test OOD1: 62.47% Test OOD2: 54.38% Test OOD3: 60.48% 
Epoch: 339, Loss: 3.5478, Cls: 1.1837, Ind: 0.0000, Med: 0.5926, Spu: 0.0000, FD: 1.1805, FDAug: 0.5911, Var: 0.0000, Ctx: 6, MixCtx: 3, Train: 79.90%, Valid: 73.47%, Test In: 74.21% Test OOD1: 66.29% Test OOD2: 54.72% Test OOD3: 62.97% 
Epoch: 340, Loss: 3.3989, Cls: 1.1321, Ind: 0.0000, Med: 0.5656, Spu: 0.0000, FD: 1.1343, FDAug: 0.5668, Var: 0.0000, Ctx: 6, MixCtx: 3, Train: 79.38%, Valid: 73.47%, Test In: 74.12% Test OOD1: 66.87% Test OOD2: 54.49% Test OOD3: 63.34% 
Epoch: 341, Loss: 3.5018, Cls: 1.1663, Ind: 0.0000, Med: 0.5826, Spu: 0.0000, FD: 1.1690, FDAug: 0.5839, Var: 0.0000, Ctx: 6, MixCtx: 3, Train: 80.14%, Valid: 73.13%, Test In: 73.88% Test OOD1: 65.67% Test OOD2: 54.88% Test OOD3: 62.57% 
Epoch: 342, Loss: 3.3375, Cls: 1.1127, Ind: 0.0000, Med: 0.5565, Spu: 0.0000, FD: 1.1119, FDAug: 0.5563, Var: 0.0000, Ctx: 6, MixCtx: 3, Train: 80.26%, Valid: 72.78%, Test In: 73.92% Test OOD1: 65.51% Test OOD2: 54.84% Test OOD3: 62.29% 
Epoch: 343, Loss: 3.3904, Cls: 1.1302, Ind: 0.0000, Med: 0.5653, Spu: 0.0000, FD: 1.1294, FDAug: 0.5654, Var: 0.0000, Ctx: 6, MixCtx: 3, Train: 78.71%, Valid: 73.06%, Test In: 74.31% Test OOD1: 67.70% Test OOD2: 54.54% Test OOD3: 63.78% 
Epoch: 344, Loss: 3.5109, Cls: 1.1706, Ind: 0.0000, Med: 0.5854, Spu: 0.0000, FD: 1.1707, FDAug: 0.5842, Var: 0.0000, Ctx: 6, MixCtx: 3, Train: 80.19%, Valid: 72.98%, Test In: 74.40% Test OOD1: 66.07% Test OOD2: 54.88% Test OOD3: 62.66% 
Epoch: 345, Loss: 3.2955, Cls: 1.0983, Ind: 0.0000, Med: 0.5492, Spu: 0.0000, FD: 1.0984, FDAug: 0.5497, Var: 0.0000, Ctx: 6, MixCtx: 3, Train: 80.31%, Valid: 73.02%, Test In: 74.35% Test OOD1: 65.78% Test OOD2: 55.03% Test OOD3: 62.57% 
Epoch: 346, Loss: 3.3020, Cls: 1.1006, Ind: 0.0000, Med: 0.5503, Spu: 0.0000, FD: 1.1004, FDAug: 0.5506, Var: 0.0000, Ctx: 6, MixCtx: 3, Train: 79.89%, Valid: 73.39%, Test In: 74.71% Test OOD1: 66.89% Test OOD2: 54.83% Test OOD3: 63.33% 
Epoch: 347, Loss: 3.3179, Cls: 1.1054, Ind: 0.0000, Med: 0.5524, Spu: 0.0000, FD: 1.1068, FDAug: 0.5533, Var: 0.0000, Ctx: 6, MixCtx: 3, Train: 79.90%, Valid: 73.37%, Test In: 74.74% Test OOD1: 66.88% Test OOD2: 54.83% Test OOD3: 63.26% 
Epoch: 348, Loss: 3.3134, Cls: 1.1039, Ind: 0.0000, Med: 0.5517, Spu: 0.0000, FD: 1.1053, FDAug: 0.5524, Var: 0.0000, Ctx: 6, MixCtx: 3, Train: 80.19%, Valid: 72.97%, Test In: 74.27% Test OOD1: 65.27% Test OOD2: 55.01% Test OOD3: 62.16% 
Epoch: 349, Loss: 3.2660, Cls: 1.0884, Ind: 0.0000, Med: 0.5442, Spu: 0.0000, FD: 1.0887, FDAug: 0.5447, Var: 0.0000, Ctx: 6, MixCtx: 3, Train: 80.07%, Valid: 72.96%, Test In: 74.24% Test OOD1: 65.18% Test OOD2: 54.94% Test OOD3: 62.03% 
Epoch: 350, Loss: 3.2796, Cls: 1.0930, Ind: 0.0000, Med: 0.5465, Spu: 0.0000, FD: 1.0932, FDAug: 0.5469, Var: 0.0000, Ctx: 6, MixCtx: 3, Train: 79.68%, Valid: 73.30%, Test In: 74.64% Test OOD1: 67.08% Test OOD2: 54.72% Test OOD3: 63.15% 
Epoch: 351, Loss: 3.3236, Cls: 1.1080, Ind: 0.0000, Med: 0.5540, Spu: 0.0000, FD: 1.1080, FDAug: 0.5535, Var: 0.0000, Ctx: 6, MixCtx: 3, Train: 80.22%, Valid: 73.20%, Test In: 74.40% Test OOD1: 65.89% Test OOD2: 54.89% Test OOD3: 62.38% 
Epoch: 352, Loss: 3.2254, Cls: 1.0748, Ind: 0.0000, Med: 0.5373, Spu: 0.0000, FD: 1.0755, FDAug: 0.5377, Var: 0.0000, Ctx: 6, MixCtx: 3, Train: 80.17%, Valid: 72.76%, Test In: 73.68% Test OOD1: 64.37% Test OOD2: 54.89% Test OOD3: 61.46% 
Epoch: 353, Loss: 3.2812, Cls: 1.0936, Ind: 0.0000, Med: 0.5469, Spu: 0.0000, FD: 1.0936, FDAug: 0.5471, Var: 0.0000, Ctx: 6, MixCtx: 3, Train: 80.34%, Valid: 73.16%, Test In: 74.15% Test OOD1: 65.55% Test OOD2: 55.00% Test OOD3: 62.16% 
Epoch: 354, Loss: 3.2411, Cls: 1.0802, Ind: 0.0000, Med: 0.5400, Spu: 0.0000, FD: 1.0806, FDAug: 0.5403, Var: 0.0000, Ctx: 6, MixCtx: 3, Train: 80.25%, Valid: 73.30%, Test In: 74.39% Test OOD1: 66.29% Test OOD2: 54.86% Test OOD3: 62.59% 
Epoch: 355, Loss: 3.2681, Cls: 1.0892, Ind: 0.0000, Med: 0.5445, Spu: 0.0000, FD: 1.0897, FDAug: 0.5446, Var: 0.0000, Ctx: 6, MixCtx: 3, Train: 80.33%, Valid: 72.94%, Test In: 73.98% Test OOD1: 64.98% Test OOD2: 54.92% Test OOD3: 61.81% 
Epoch: 356, Loss: 3.2199, Cls: 1.0731, Ind: 0.0000, Med: 0.5366, Spu: 0.0000, FD: 1.0734, FDAug: 0.5368, Var: 0.0000, Ctx: 6, MixCtx: 3, Train: 80.25%, Valid: 72.79%, Test In: 73.92% Test OOD1: 64.65% Test OOD2: 54.92% Test OOD3: 61.64% 
Epoch: 357, Loss: 3.2450, Cls: 1.0815, Ind: 0.0000, Med: 0.5408, Spu: 0.0000, FD: 1.0817, FDAug: 0.5410, Var: 0.0000, Ctx: 6, MixCtx: 3, Train: 80.21%, Valid: 73.22%, Test In: 74.46% Test OOD1: 66.30% Test OOD2: 54.86% Test OOD3: 62.62% 
Epoch: 358, Loss: 3.2628, Cls: 1.0872, Ind: 0.0000, Med: 0.5434, Spu: 0.0000, FD: 1.0883, FDAug: 0.5438, Var: 0.0000, Ctx: 6, MixCtx: 3, Train: 80.40%, Valid: 72.97%, Test In: 74.03% Test OOD1: 65.05% Test OOD2: 55.02% Test OOD3: 61.84% 
Epoch: 359, Loss: 3.2088, Cls: 1.0695, Ind: 0.0000, Med: 0.5347, Spu: 0.0000, FD: 1.0697, FDAug: 0.5349, Var: 0.0000, Ctx: 6, MixCtx: 3, Train: 80.29%, Valid: 72.75%, Test In: 73.61% Test OOD1: 64.31% Test OOD2: 54.96% Test OOD3: 61.39% 
Epoch: 360, Loss: 3.2390, Cls: 1.0798, Ind: 0.0000, Med: 0.5400, Spu: 0.0000, FD: 1.0793, FDAug: 0.5399, Var: 0.0000, Ctx: 6, MixCtx: 3, Train: 80.42%, Valid: 73.21%, Test In: 74.15% Test OOD1: 65.75% Test OOD2: 54.97% Test OOD3: 62.20% 
Epoch: 361, Loss: 3.2187, Cls: 1.0728, Ind: 0.0000, Med: 0.5364, Spu: 0.0000, FD: 1.0730, FDAug: 0.5364, Var: 0.0000, Ctx: 6, MixCtx: 3, Train: 80.44%, Valid: 73.20%, Test In: 74.20% Test OOD1: 65.92% Test OOD2: 54.91% Test OOD3: 62.27% 
Epoch: 362, Loss: 3.2102, Cls: 1.0700, Ind: 0.0000, Med: 0.5350, Spu: 0.0000, FD: 1.0703, FDAug: 0.5350, Var: 0.0000, Ctx: 6, MixCtx: 3, Train: 80.49%, Valid: 72.77%, Test In: 73.72% Test OOD1: 64.62% Test OOD2: 54.84% Test OOD3: 61.42% 
Epoch: 363, Loss: 3.2299, Cls: 1.0764, Ind: 0.0000, Med: 0.5381, Spu: 0.0000, FD: 1.0768, FDAug: 0.5386, Var: 0.0000, Ctx: 6, MixCtx: 3, Train: 80.57%, Valid: 73.12%, Test In: 74.27% Test OOD1: 65.60% Test OOD2: 54.95% Test OOD3: 62.03% 
Epoch: 364, Loss: 3.2003, Cls: 1.0666, Ind: 0.0000, Med: 0.5333, Spu: 0.0000, FD: 1.0670, FDAug: 0.5334, Var: 0.0000, Ctx: 6, MixCtx: 3, Train: 80.62%, Valid: 73.09%, Test In: 74.21% Test OOD1: 65.24% Test OOD2: 55.00% Test OOD3: 61.84% 
Epoch: 365, Loss: 3.1932, Cls: 1.0643, Ind: 0.0000, Med: 0.5321, Spu: 0.0000, FD: 1.0646, FDAug: 0.5322, Var: 0.0000, Ctx: 6, MixCtx: 3, Train: 80.56%, Valid: 72.77%, Test In: 73.69% Test OOD1: 64.09% Test OOD2: 54.94% Test OOD3: 61.16% 
Epoch: 366, Loss: 3.2077, Cls: 1.0692, Ind: 0.0000, Med: 0.5346, Spu: 0.0000, FD: 1.0691, FDAug: 0.5348, Var: 0.0000, Ctx: 6, MixCtx: 3, Train: 80.69%, Valid: 73.12%, Test In: 74.15% Test OOD1: 65.22% Test OOD2: 54.92% Test OOD3: 61.84% 
Epoch: 367, Loss: 3.1871, Cls: 1.0622, Ind: 0.0000, Med: 0.5311, Spu: 0.0000, FD: 1.0626, FDAug: 0.5313, Var: 0.0000, Ctx: 6, MixCtx: 3, Train: 80.65%, Valid: 73.20%, Test In: 74.26% Test OOD1: 65.71% Test OOD2: 54.80% Test OOD3: 62.10% 
Epoch: 368, Loss: 3.1909, Cls: 1.0635, Ind: 0.0000, Med: 0.5317, Spu: 0.0000, FD: 1.0638, FDAug: 0.5318, Var: 0.0000, Ctx: 6, MixCtx: 3, Train: 80.71%, Valid: 72.85%, Test In: 73.78% Test OOD1: 64.77% Test OOD2: 54.71% Test OOD3: 61.47% 
Epoch: 369, Loss: 3.2049, Cls: 1.0684, Ind: 0.0000, Med: 0.5344, Spu: 0.0000, FD: 1.0679, FDAug: 0.5341, Var: 0.0000, Ctx: 6, MixCtx: 3, Train: 80.71%, Valid: 73.15%, Test In: 74.22% Test OOD1: 65.71% Test OOD2: 54.75% Test OOD3: 62.10% 
Epoch: 370, Loss: 3.1851, Cls: 1.0616, Ind: 0.0000, Med: 0.5308, Spu: 0.0000, FD: 1.0619, FDAug: 0.5308, Var: 0.0000, Ctx: 6, MixCtx: 3, Train: 80.82%, Valid: 73.01%, Test In: 74.05% Test OOD1: 65.22% Test OOD2: 54.82% Test OOD3: 61.82% 
Epoch: 371, Loss: 3.1762, Cls: 1.0586, Ind: 0.0000, Med: 0.5293, Spu: 0.0000, FD: 1.0589, FDAug: 0.5294, Var: 0.0000, Ctx: 6, MixCtx: 3, Train: 80.79%, Valid: 72.70%, Test In: 73.65% Test OOD1: 64.47% Test OOD2: 54.86% Test OOD3: 61.33% 
Epoch: 372, Loss: 3.1835, Cls: 1.0612, Ind: 0.0000, Med: 0.5307, Spu: 0.0000, FD: 1.0609, FDAug: 0.5306, Var: 0.0000, Ctx: 6, MixCtx: 3, Train: 80.86%, Valid: 72.95%, Test In: 74.08% Test OOD1: 65.42% Test OOD2: 54.83% Test OOD3: 61.89% 
Epoch: 373, Loss: 3.1755, Cls: 1.0584, Ind: 0.0000, Med: 0.5292, Spu: 0.0000, FD: 1.0587, FDAug: 0.5292, Var: 0.0000, Ctx: 6, MixCtx: 3, Train: 80.90%, Valid: 72.73%, Test In: 73.74% Test OOD1: 65.04% Test OOD2: 54.78% Test OOD3: 61.59% 
Epoch: 374, Loss: 3.1672, Cls: 1.0557, Ind: 0.0000, Med: 0.5279, Spu: 0.0000, FD: 1.0558, FDAug: 0.5279, Var: 0.0000, Ctx: 6, MixCtx: 3, Train: 80.93%, Valid: 72.70%, Test In: 73.63% Test OOD1: 65.04% Test OOD2: 54.76% Test OOD3: 61.57% 
Epoch: 375, Loss: 3.1634, Cls: 1.0544, Ind: 0.0000, Med: 0.5273, Spu: 0.0000, FD: 1.0545, FDAug: 0.5273, Var: 0.0000, Ctx: 6, MixCtx: 3, Train: 80.95%, Valid: 72.88%, Test In: 73.78% Test OOD1: 65.33% Test OOD2: 54.78% Test OOD3: 61.77% 
Epoch: 376, Loss: 3.1671, Cls: 1.0557, Ind: 0.0000, Med: 0.5279, Spu: 0.0000, FD: 1.0557, FDAug: 0.5278, Var: 0.0000, Ctx: 6, MixCtx: 3, Train: 80.94%, Valid: 72.48%, Test In: 73.27% Test OOD1: 64.44% Test OOD2: 54.76% Test OOD3: 61.17% 
Epoch: 377, Loss: 3.1669, Cls: 1.0556, Ind: 0.0000, Med: 0.5279, Spu: 0.0000, FD: 1.0555, FDAug: 0.5279, Var: 0.0000, Ctx: 6, MixCtx: 3, Train: 81.03%, Valid: 72.83%, Test In: 73.81% Test OOD1: 65.16% Test OOD2: 54.83% Test OOD3: 61.62% 
Epoch: 378, Loss: 3.1616, Cls: 1.0538, Ind: 0.0000, Med: 0.5270, Spu: 0.0000, FD: 1.0539, FDAug: 0.5269, Var: 0.0000, Ctx: 6, MixCtx: 3, Train: 81.04%, Valid: 72.53%, Test In: 73.39% Test OOD1: 64.45% Test OOD2: 54.80% Test OOD3: 61.12% 
Epoch: 379, Loss: 3.1582, Cls: 1.0527, Ind: 0.0000, Med: 0.5264, Spu: 0.0000, FD: 1.0527, FDAug: 0.5264, Var: 0.0000, Ctx: 6, MixCtx: 3, Train: 81.09%, Valid: 72.88%, Test In: 73.79% Test OOD1: 65.13% Test OOD2: 54.84% Test OOD3: 61.57% 
Epoch: 380, Loss: 3.1537, Cls: 1.0512, Ind: 0.0000, Med: 0.5257, Spu: 0.0000, FD: 1.0513, FDAug: 0.5256, Var: 0.0000, Ctx: 6, MixCtx: 3, Train: 81.13%, Valid: 72.66%, Test In: 73.38% Test OOD1: 64.53% Test OOD2: 54.80% Test OOD3: 61.16% 
Epoch: 381, Loss: 3.1514, Cls: 1.0504, Ind: 0.0000, Med: 0.5253, Spu: 0.0000, FD: 1.0504, FDAug: 0.5253, Var: 0.0000, Ctx: 6, MixCtx: 3, Train: 81.16%, Valid: 72.87%, Test In: 73.72% Test OOD1: 65.12% Test OOD2: 54.82% Test OOD3: 61.53% 
Epoch: 382, Loss: 3.1457, Cls: 1.0486, Ind: 0.0000, Med: 0.5243, Spu: 0.0000, FD: 1.0486, FDAug: 0.5242, Var: 0.0000, Ctx: 6, MixCtx: 3, Train: 81.21%, Valid: 72.61%, Test In: 73.42% Test OOD1: 64.69% Test OOD2: 54.79% Test OOD3: 61.23% 
Epoch: 383, Loss: 3.1419, Cls: 1.0473, Ind: 0.0000, Med: 0.5237, Spu: 0.0000, FD: 1.0473, FDAug: 0.5237, Var: 0.0000, Ctx: 6, MixCtx: 3, Train: 81.25%, Valid: 72.75%, Test In: 73.66% Test OOD1: 65.04% Test OOD2: 54.86% Test OOD3: 61.46% 
Epoch: 384, Loss: 3.1386, Cls: 1.0461, Ind: 0.0000, Med: 0.5231, Spu: 0.0000, FD: 1.0462, FDAug: 0.5231, Var: 0.0000, Ctx: 6, MixCtx: 3, Train: 81.26%, Valid: 72.44%, Test In: 73.20% Test OOD1: 64.45% Test OOD2: 54.79% Test OOD3: 61.09% 
Epoch: 385, Loss: 3.1391, Cls: 1.0463, Ind: 0.0000, Med: 0.5232, Spu: 0.0000, FD: 1.0463, FDAug: 0.5232, Var: 0.0000, Ctx: 6, MixCtx: 3, Train: 81.28%, Valid: 72.83%, Test In: 73.74% Test OOD1: 65.37% Test OOD2: 54.84% Test OOD3: 61.69% 
Epoch: 386, Loss: 3.1460, Cls: 1.0486, Ind: 0.0000, Med: 0.5243, Spu: 0.0000, FD: 1.0488, FDAug: 0.5242, Var: 0.0000, Ctx: 6, MixCtx: 3, Train: 81.12%, Valid: 71.99%, Test In: 72.61% Test OOD1: 63.91% Test OOD2: 54.62% Test OOD3: 60.74% 
Epoch: 387, Loss: 3.1824, Cls: 1.0610, Ind: 0.0000, Med: 0.5307, Spu: 0.0000, FD: 1.0603, FDAug: 0.5303, Var: 0.0000, Ctx: 6, MixCtx: 3, Train: 80.65%, Valid: 73.19%, Test In: 74.11% Test OOD1: 66.29% Test OOD2: 54.76% Test OOD3: 62.38% 
Epoch: 388, Loss: 3.3195, Cls: 1.1067, Ind: 0.0000, Med: 0.5534, Spu: 0.0000, FD: 1.1066, FDAug: 0.5528, Var: 0.0000, Ctx: 6, MixCtx: 3, Train: 79.61%, Valid: 71.04%, Test In: 71.07% Test OOD1: 62.07% Test OOD2: 54.06% Test OOD3: 59.61% 
Epoch: 389, Loss: 3.4595, Cls: 1.1543, Ind: 0.0000, Med: 0.5779, Spu: 0.0000, FD: 1.1512, FDAug: 0.5761, Var: 0.0000, Ctx: 6, MixCtx: 3, Train: 80.95%, Valid: 73.45%, Test In: 73.75% Test OOD1: 65.52% Test OOD2: 54.73% Test OOD3: 61.88% 
Epoch: 390, Loss: 3.2551, Cls: 1.0845, Ind: 0.0000, Med: 0.5421, Spu: 0.0000, FD: 1.0856, FDAug: 0.5428, Var: 0.0000, Ctx: 6, MixCtx: 3, Train: 79.93%, Valid: 73.52%, Test In: 74.14% Test OOD1: 66.90% Test OOD2: 54.55% Test OOD3: 62.83% 
Epoch: 391, Loss: 3.3831, Cls: 1.1274, Ind: 0.0000, Med: 0.5635, Spu: 0.0000, FD: 1.1284, FDAug: 0.5637, Var: 0.0000, Ctx: 6, MixCtx: 3, Train: 80.97%, Valid: 72.86%, Test In: 73.51% Test OOD1: 64.93% Test OOD2: 54.60% Test OOD3: 61.39% 
Epoch: 392, Loss: 3.2558, Cls: 1.0855, Ind: 0.0000, Med: 0.5430, Spu: 0.0000, FD: 1.0846, FDAug: 0.5426, Var: 0.0000, Ctx: 6, MixCtx: 3, Train: 80.97%, Valid: 72.89%, Test In: 73.85% Test OOD1: 65.42% Test OOD2: 54.71% Test OOD3: 61.66% 
Epoch: 393, Loss: 3.1999, Cls: 1.0666, Ind: 0.0000, Med: 0.5333, Spu: 0.0000, FD: 1.0665, FDAug: 0.5335, Var: 0.0000, Ctx: 6, MixCtx: 3, Train: 79.94%, Valid: 73.18%, Test In: 74.44% Test OOD1: 67.11% Test OOD2: 54.71% Test OOD3: 62.95% 
Epoch: 394, Loss: 3.4057, Cls: 1.1356, Ind: 0.0000, Med: 0.5679, Spu: 0.0000, FD: 1.1351, FDAug: 0.5671, Var: 0.0000, Ctx: 6, MixCtx: 3, Train: 80.87%, Valid: 72.52%, Test In: 73.10% Test OOD1: 64.07% Test OOD2: 54.84% Test OOD3: 60.91% 
Epoch: 395, Loss: 3.3071, Cls: 1.1025, Ind: 0.0000, Med: 0.5514, Spu: 0.0000, FD: 1.1020, FDAug: 0.5513, Var: 0.0000, Ctx: 6, MixCtx: 3, Train: 80.50%, Valid: 72.31%, Test In: 72.65% Test OOD1: 63.69% Test OOD2: 54.53% Test OOD3: 60.67% 
Epoch: 396, Loss: 3.3749, Cls: 1.1252, Ind: 0.0000, Med: 0.5628, Spu: 0.0000, FD: 1.1244, FDAug: 0.5625, Var: 0.0000, Ctx: 6, MixCtx: 3, Train: 80.99%, Valid: 73.37%, Test In: 74.12% Test OOD1: 66.40% Test OOD2: 54.58% Test OOD3: 62.36% 
Epoch: 397, Loss: 3.2195, Cls: 1.0727, Ind: 0.0000, Med: 0.5361, Spu: 0.0000, FD: 1.0738, FDAug: 0.5368, Var: 0.0000, Ctx: 6, MixCtx: 3, Train: 80.26%, Valid: 73.21%, Test In: 74.22% Test OOD1: 67.27% Test OOD2: 54.37% Test OOD3: 62.90% 
Epoch: 398, Loss: 3.3093, Cls: 1.1032, Ind: 0.0000, Med: 0.5516, Spu: 0.0000, FD: 1.1033, FDAug: 0.5512, Var: 0.0000, Ctx: 6, MixCtx: 3, Train: 80.40%, Valid: 72.27%, Test In: 73.11% Test OOD1: 64.09% Test OOD2: 54.10% Test OOD3: 60.98% 
Epoch: 399, Loss: 3.4233, Cls: 1.1415, Ind: 0.0000, Med: 0.5711, Spu: 0.0000, FD: 1.1402, FDAug: 0.5704, Var: 0.0000, Ctx: 6, MixCtx: 3, Train: 81.02%, Valid: 73.24%, Test In: 74.19% Test OOD1: 66.73% Test OOD2: 54.62% Test OOD3: 62.55% 
Epoch: 400, Loss: 3.1974, Cls: 1.0653, Ind: 0.0000, Med: 0.5324, Spu: 0.0000, FD: 1.0665, FDAug: 0.5331, Var: 0.0000, Ctx: 6, MixCtx: 3, Train: 80.75%, Valid: 73.35%, Test In: 74.25% Test OOD1: 66.84% Test OOD2: 54.62% Test OOD3: 62.73% 
Epoch: 401, Loss: 3.3041, Cls: 1.1007, Ind: 0.0000, Med: 0.5501, Spu: 0.0000, FD: 1.1024, FDAug: 0.5509, Var: 0.0000, Ctx: 6, MixCtx: 3, Train: 81.19%, Valid: 73.05%, Test In: 73.88% Test OOD1: 65.87% Test OOD2: 54.87% Test OOD3: 61.98% 
Epoch: 402, Loss: 3.2267, Cls: 1.0754, Ind: 0.0000, Med: 0.5376, Spu: 0.0000, FD: 1.0758, FDAug: 0.5379, Var: 0.0000, Ctx: 6, MixCtx: 3, Train: 81.07%, Valid: 72.46%, Test In: 73.47% Test OOD1: 65.09% Test OOD2: 54.83% Test OOD3: 61.35% 
Epoch: 403, Loss: 3.2364, Cls: 1.0789, Ind: 0.0000, Med: 0.5396, Spu: 0.0000, FD: 1.0785, FDAug: 0.5395, Var: 0.0000, Ctx: 6, MixCtx: 3, Train: 80.82%, Valid: 72.87%, Test In: 74.24% Test OOD1: 66.43% Test OOD2: 54.89% Test OOD3: 62.42% 
Epoch: 404, Loss: 3.1899, Cls: 1.0627, Ind: 0.0000, Med: 0.5311, Spu: 0.0000, FD: 1.0641, FDAug: 0.5320, Var: 0.0000, Ctx: 6, MixCtx: 3, Train: 80.65%, Valid: 72.96%, Test In: 74.30% Test OOD1: 66.69% Test OOD2: 54.89% Test OOD3: 62.63% 
Epoch: 405, Loss: 3.2383, Cls: 1.0788, Ind: 0.0000, Med: 0.5392, Spu: 0.0000, FD: 1.0803, FDAug: 0.5400, Var: 0.0000, Ctx: 6, MixCtx: 3, Train: 81.21%, Valid: 72.53%, Test In: 73.40% Test OOD1: 64.98% Test OOD2: 54.76% Test OOD3: 61.18% 
Epoch: 406, Loss: 3.2062, Cls: 1.0686, Ind: 0.0000, Med: 0.5343, Spu: 0.0000, FD: 1.0687, FDAug: 0.5345, Var: 0.0000, Ctx: 6, MixCtx: 3, Train: 81.31%, Valid: 72.90%, Test In: 73.59% Test OOD1: 65.37% Test OOD2: 54.80% Test OOD3: 61.43% 
Epoch: 407, Loss: 3.1817, Cls: 1.0604, Ind: 0.0000, Med: 0.5301, Spu: 0.0000, FD: 1.0608, FDAug: 0.5304, Var: 0.0000, Ctx: 6, MixCtx: 3, Train: 81.09%, Valid: 73.22%, Test In: 73.92% Test OOD1: 66.20% Test OOD2: 54.70% Test OOD3: 62.12% 
Epoch: 408, Loss: 3.2280, Cls: 1.0759, Ind: 0.0000, Med: 0.5379, Spu: 0.0000, FD: 1.0763, FDAug: 0.5380, Var: 0.0000, Ctx: 6, MixCtx: 3, Train: 81.29%, Valid: 73.08%, Test In: 73.78% Test OOD1: 65.69% Test OOD2: 54.71% Test OOD3: 61.71% 
Epoch: 409, Loss: 3.1639, Cls: 1.0544, Ind: 0.0000, Med: 0.5272, Spu: 0.0000, FD: 1.0549, FDAug: 0.5274, Var: 0.0000, Ctx: 6, MixCtx: 3, Train: 80.99%, Valid: 72.42%, Test In: 73.12% Test OOD1: 63.81% Test OOD2: 54.45% Test OOD3: 60.56% 
Epoch: 410, Loss: 3.2093, Cls: 1.0699, Ind: 0.0000, Med: 0.5351, Spu: 0.0000, FD: 1.0694, FDAug: 0.5349, Var: 0.0000, Ctx: 6, MixCtx: 3, Train: 81.21%, Valid: 72.99%, Test In: 73.94% Test OOD1: 65.69% Test OOD2: 54.66% Test OOD3: 61.74% 
Epoch: 411, Loss: 3.1595, Cls: 1.0531, Ind: 0.0000, Med: 0.5266, Spu: 0.0000, FD: 1.0533, FDAug: 0.5265, Var: 0.0000, Ctx: 6, MixCtx: 3, Train: 81.34%, Valid: 73.06%, Test In: 74.03% Test OOD1: 65.94% Test OOD2: 54.74% Test OOD3: 61.90% 
Epoch: 412, Loss: 3.1492, Cls: 1.0496, Ind: 0.0000, Med: 0.5248, Spu: 0.0000, FD: 1.0499, FDAug: 0.5248, Var: 0.0000, Ctx: 6, MixCtx: 3, Train: 81.50%, Valid: 72.55%, Test In: 73.33% Test OOD1: 64.45% Test OOD2: 54.70% Test OOD3: 60.79% 
Epoch: 413, Loss: 3.1559, Cls: 1.0521, Ind: 0.0000, Med: 0.5262, Spu: 0.0000, FD: 1.0517, FDAug: 0.5260, Var: 0.0000, Ctx: 6, MixCtx: 3, Train: 81.60%, Valid: 72.74%, Test In: 73.55% Test OOD1: 64.96% Test OOD2: 54.82% Test OOD3: 61.16% 
Epoch: 414, Loss: 3.1362, Cls: 1.0454, Ind: 0.0000, Med: 0.5228, Spu: 0.0000, FD: 1.0453, FDAug: 0.5227, Var: 0.0000, Ctx: 6, MixCtx: 3, Train: 81.43%, Valid: 72.99%, Test In: 74.05% Test OOD1: 65.86% Test OOD2: 54.89% Test OOD3: 61.90% 
Epoch: 415, Loss: 3.1571, Cls: 1.0523, Ind: 0.0000, Med: 0.5261, Spu: 0.0000, FD: 1.0526, FDAug: 0.5261, Var: 0.0000, Ctx: 6, MixCtx: 3, Train: 81.66%, Valid: 72.57%, Test In: 73.62% Test OOD1: 65.13% Test OOD2: 54.86% Test OOD3: 61.28% 
Epoch: 416, Loss: 3.1090, Cls: 1.0363, Ind: 0.0000, Med: 0.5182, Spu: 0.0000, FD: 1.0363, FDAug: 0.5182, Var: 0.0000, Ctx: 6, MixCtx: 3, Train: 81.60%, Valid: 72.14%, Test In: 73.08% Test OOD1: 64.32% Test OOD2: 54.72% Test OOD3: 60.73% 
Epoch: 417, Loss: 3.1437, Cls: 1.0479, Ind: 0.0000, Med: 0.5241, Spu: 0.0000, FD: 1.0477, FDAug: 0.5240, Var: 0.0000, Ctx: 6, MixCtx: 3, Train: 81.65%, Valid: 72.83%, Test In: 73.90% Test OOD1: 65.84% Test OOD2: 54.87% Test OOD3: 61.87% 
Epoch: 418, Loss: 3.1417, Cls: 1.0471, Ind: 0.0000, Med: 0.5236, Spu: 0.0000, FD: 1.0474, FDAug: 0.5235, Var: 0.0000, Ctx: 6, MixCtx: 3, Train: 81.82%, Valid: 72.47%, Test In: 73.20% Test OOD1: 64.83% Test OOD2: 54.75% Test OOD3: 61.05% 
Epoch: 419, Loss: 3.0993, Cls: 1.0333, Ind: 0.0000, Med: 0.5168, Spu: 0.0000, FD: 1.0328, FDAug: 0.5164, Var: 0.0000, Ctx: 6, MixCtx: 3, Train: 81.70%, Valid: 72.20%, Test In: 72.89% Test OOD1: 64.43% Test OOD2: 54.62% Test OOD3: 60.80% 
Epoch: 420, Loss: 3.1184, Cls: 1.0397, Ind: 0.0000, Med: 0.5200, Spu: 0.0000, FD: 1.0390, FDAug: 0.5196, Var: 0.0000, Ctx: 6, MixCtx: 3, Train: 81.78%, Valid: 72.81%, Test In: 73.57% Test OOD1: 65.81% Test OOD2: 54.67% Test OOD3: 61.79% 
Epoch: 421, Loss: 3.1138, Cls: 1.0379, Ind: 0.0000, Med: 0.5190, Spu: 0.0000, FD: 1.0381, FDAug: 0.5189, Var: 0.0000, Ctx: 6, MixCtx: 3, Train: 81.92%, Valid: 72.30%, Test In: 73.15% Test OOD1: 65.04% Test OOD2: 54.74% Test OOD3: 61.25% 
Epoch: 422, Loss: 3.0885, Cls: 1.0295, Ind: 0.0000, Med: 0.5148, Spu: 0.0000, FD: 1.0294, FDAug: 0.5147, Var: 0.0000, Ctx: 6, MixCtx: 3, Train: 82.01%, Valid: 72.13%, Test In: 73.03% Test OOD1: 64.98% Test OOD2: 54.80% Test OOD3: 61.17% 
Epoch: 423, Loss: 3.0778, Cls: 1.0260, Ind: 0.0000, Med: 0.5131, Spu: 0.0000, FD: 1.0257, FDAug: 0.5129, Var: 0.0000, Ctx: 6, MixCtx: 3, Train: 81.99%, Valid: 72.39%, Test In: 73.39% Test OOD1: 65.61% Test OOD2: 54.84% Test OOD3: 61.63% 
Epoch: 424, Loss: 3.0930, Cls: 1.0309, Ind: 0.0000, Med: 0.5154, Spu: 0.0000, FD: 1.0312, FDAug: 0.5155, Var: 0.0000, Ctx: 6, MixCtx: 3, Train: 81.96%, Valid: 71.83%, Test In: 72.68% Test OOD1: 64.77% Test OOD2: 54.73% Test OOD3: 60.95% 
Epoch: 425, Loss: 3.0870, Cls: 1.0291, Ind: 0.0000, Med: 0.5147, Spu: 0.0000, FD: 1.0287, FDAug: 0.5144, Var: 0.0000, Ctx: 6, MixCtx: 3, Train: 82.12%, Valid: 72.07%, Test In: 73.05% Test OOD1: 65.25% Test OOD2: 54.84% Test OOD3: 61.25% 
Epoch: 426, Loss: 3.0640, Cls: 1.0213, Ind: 0.0000, Med: 0.5107, Spu: 0.0000, FD: 1.0213, FDAug: 0.5106, Var: 0.0000, Ctx: 6, MixCtx: 3, Train: 82.11%, Valid: 72.31%, Test In: 73.40% Test OOD1: 65.55% Test OOD2: 54.89% Test OOD3: 61.52% 
Epoch: 427, Loss: 3.0783, Cls: 1.0260, Ind: 0.0000, Med: 0.5130, Spu: 0.0000, FD: 1.0262, FDAug: 0.5130, Var: 0.0000, Ctx: 6, MixCtx: 3, Train: 82.07%, Valid: 71.66%, Test In: 72.37% Test OOD1: 63.98% Test OOD2: 54.68% Test OOD3: 60.52% 
Epoch: 428, Loss: 3.1019, Cls: 1.0340, Ind: 0.0000, Med: 0.5171, Spu: 0.0000, FD: 1.0337, FDAug: 0.5170, Var: 0.0000, Ctx: 6, MixCtx: 3, Train: 81.93%, Valid: 72.71%, Test In: 73.43% Test OOD1: 65.59% Test OOD2: 54.66% Test OOD3: 61.70% 
Epoch: 429, Loss: 3.1313, Cls: 1.0437, Ind: 0.0000, Med: 0.5219, Spu: 0.0000, FD: 1.0438, FDAug: 0.5218, Var: 0.0000, Ctx: 6, MixCtx: 3, Train: 82.25%, Valid: 72.14%, Test In: 72.67% Test OOD1: 64.49% Test OOD2: 54.59% Test OOD3: 60.77% 
Epoch: 430, Loss: 3.0734, Cls: 1.0245, Ind: 0.0000, Med: 0.5123, Spu: 0.0000, FD: 1.0243, FDAug: 0.5122, Var: 0.0000, Ctx: 6, MixCtx: 3, Train: 82.34%, Valid: 71.97%, Test In: 72.72% Test OOD1: 64.42% Test OOD2: 54.65% Test OOD3: 60.72% 
Epoch: 431, Loss: 3.0593, Cls: 1.0197, Ind: 0.0000, Med: 0.5099, Spu: 0.0000, FD: 1.0198, FDAug: 0.5100, Var: 0.0000, Ctx: 6, MixCtx: 3, Train: 81.82%, Valid: 72.50%, Test In: 73.65% Test OOD1: 65.84% Test OOD2: 54.79% Test OOD3: 61.86% 
Epoch: 432, Loss: 3.1826, Cls: 1.0609, Ind: 0.0000, Med: 0.5305, Spu: 0.0000, FD: 1.0609, FDAug: 0.5302, Var: 0.0000, Ctx: 6, MixCtx: 3, Train: 80.13%, Valid: 69.99%, Test In: 70.00% Test OOD1: 61.77% Test OOD2: 53.87% Test OOD3: 58.92% 
Epoch: 433, Loss: 3.4076, Cls: 1.1365, Ind: 0.0000, Med: 0.5687, Spu: 0.0000, FD: 1.1347, FDAug: 0.5677, Var: 0.0000, Ctx: 6, MixCtx: 3, Train: 81.61%, Valid: 72.88%, Test In: 73.21% Test OOD1: 65.13% Test OOD2: 54.68% Test OOD3: 61.37% 
Epoch: 434, Loss: 3.2512, Cls: 1.0829, Ind: 0.0000, Med: 0.5411, Spu: 0.0000, FD: 1.0849, FDAug: 0.5423, Var: 0.0000, Ctx: 6, MixCtx: 3, Train: 80.31%, Valid: 73.18%, Test In: 73.75% Test OOD1: 66.27% Test OOD2: 54.58% Test OOD3: 62.52% 
Epoch: 435, Loss: 3.3981, Cls: 1.1319, Ind: 0.0000, Med: 0.5655, Spu: 0.0000, FD: 1.1340, FDAug: 0.5667, Var: 0.0000, Ctx: 6, MixCtx: 3, Train: 81.60%, Valid: 73.20%, Test In: 73.69% Test OOD1: 65.87% Test OOD2: 54.60% Test OOD3: 62.04% 
Epoch: 436, Loss: 3.1562, Cls: 1.0519, Ind: 0.0000, Med: 0.5259, Spu: 0.0000, FD: 1.0522, FDAug: 0.5261, Var: 0.0000, Ctx: 6, MixCtx: 3, Train: 81.44%, Valid: 72.24%, Test In: 72.90% Test OOD1: 64.64% Test OOD2: 54.36% Test OOD3: 61.18% 
Epoch: 437, Loss: 3.3556, Cls: 1.1179, Ind: 0.0000, Med: 0.5587, Spu: 0.0000, FD: 1.1190, FDAug: 0.5599, Var: 0.0000, Ctx: 6, MixCtx: 3, Train: 80.83%, Valid: 72.73%, Test In: 74.21% Test OOD1: 66.50% Test OOD2: 54.80% Test OOD3: 62.64% 
Epoch: 438, Loss: 3.2271, Cls: 1.0757, Ind: 0.0000, Med: 0.5379, Spu: 0.0000, FD: 1.0758, FDAug: 0.5378, Var: 0.0000, Ctx: 6, MixCtx: 3, Train: 82.11%, Valid: 72.68%, Test In: 74.00% Test OOD1: 65.85% Test OOD2: 54.65% Test OOD3: 61.84% 
Epoch: 439, Loss: 3.0988, Cls: 1.0325, Ind: 0.0000, Med: 0.5161, Spu: 0.0000, FD: 1.0334, FDAug: 0.5167, Var: 0.0000, Ctx: 6, MixCtx: 3, Train: 81.83%, Valid: 72.13%, Test In: 72.90% Test OOD1: 64.19% Test OOD2: 54.65% Test OOD3: 60.59% 
Epoch: 440, Loss: 3.1793, Cls: 1.0595, Ind: 0.0000, Med: 0.5297, Spu: 0.0000, FD: 1.0600, FDAug: 0.5301, Var: 0.0000, Ctx: 6, MixCtx: 3, Train: 81.93%, Valid: 72.30%, Test In: 73.03% Test OOD1: 64.67% Test OOD2: 54.31% Test OOD3: 60.98% 
Epoch: 441, Loss: 3.1138, Cls: 1.0376, Ind: 0.0000, Med: 0.5187, Spu: 0.0000, FD: 1.0383, FDAug: 0.5192, Var: 0.0000, Ctx: 6, MixCtx: 3, Train: 81.57%, Valid: 72.55%, Test In: 73.59% Test OOD1: 66.03% Test OOD2: 54.03% Test OOD3: 62.09% 
Epoch: 442, Loss: 3.1494, Cls: 1.0495, Ind: 0.0000, Med: 0.5246, Spu: 0.0000, FD: 1.0503, FDAug: 0.5250, Var: 0.0000, Ctx: 6, MixCtx: 3, Train: 81.69%, Valid: 72.38%, Test In: 73.12% Test OOD1: 64.92% Test OOD2: 54.15% Test OOD3: 61.32% 
Epoch: 443, Loss: 3.1255, Cls: 1.0421, Ind: 0.0000, Med: 0.5213, Spu: 0.0000, FD: 1.0413, FDAug: 0.5208, Var: 0.0000, Ctx: 6, MixCtx: 3, Train: 82.07%, Valid: 72.53%, Test In: 73.26% Test OOD1: 65.33% Test OOD2: 54.42% Test OOD3: 61.48% 
Epoch: 444, Loss: 3.0784, Cls: 1.0261, Ind: 0.0000, Med: 0.5131, Spu: 0.0000, FD: 1.0261, FDAug: 0.5131, Var: 0.0000, Ctx: 6, MixCtx: 3, Train: 82.15%, Valid: 72.67%, Test In: 73.56% Test OOD1: 65.84% Test OOD2: 54.53% Test OOD3: 61.89% 
Epoch: 445, Loss: 3.0923, Cls: 1.0305, Ind: 0.0000, Med: 0.5152, Spu: 0.0000, FD: 1.0311, FDAug: 0.5155, Var: 0.0000, Ctx: 6, MixCtx: 3, Train: 82.36%, Valid: 72.33%, Test In: 73.35% Test OOD1: 65.29% Test OOD2: 54.66% Test OOD3: 61.36% 
Epoch: 446, Loss: 3.0685, Cls: 1.0228, Ind: 0.0000, Med: 0.5114, Spu: 0.0000, FD: 1.0229, FDAug: 0.5114, Var: 0.0000, Ctx: 6, MixCtx: 3, Train: 82.20%, Valid: 71.64%, Test In: 72.74% Test OOD1: 64.51% Test OOD2: 54.70% Test OOD3: 60.58% 
Epoch: 447, Loss: 3.0645, Cls: 1.0215, Ind: 0.0000, Med: 0.5109, Spu: 0.0000, FD: 1.0213, FDAug: 0.5107, Var: 0.0000, Ctx: 6, MixCtx: 3, Train: 82.23%, Valid: 71.75%, Test In: 72.99% Test OOD1: 65.00% Test OOD2: 54.82% Test OOD3: 60.88% 
Epoch: 448, Loss: 3.0740, Cls: 1.0247, Ind: 0.0000, Med: 0.5125, Spu: 0.0000, FD: 1.0246, FDAug: 0.5122, Var: 0.0000, Ctx: 6, MixCtx: 3, Train: 82.58%, Valid: 71.83%, Test In: 72.80% Test OOD1: 64.80% Test OOD2: 54.61% Test OOD3: 60.76% 
Epoch: 449, Loss: 3.0319, Cls: 1.0107, Ind: 0.0000, Med: 0.5055, Spu: 0.0000, FD: 1.0104, FDAug: 0.5052, Var: 0.0000, Ctx: 6, MixCtx: 3, Train: 82.73%, Valid: 72.11%, Test In: 72.74% Test OOD1: 64.55% Test OOD2: 54.42% Test OOD3: 60.71% 
Epoch: 450, Loss: 3.0267, Cls: 1.0090, Ind: 0.0000, Med: 0.5047, Spu: 0.0000, FD: 1.0087, FDAug: 0.5043, Var: 0.0000, Ctx: 6, MixCtx: 3, Train: 82.58%, Valid: 72.20%, Test In: 72.83% Test OOD1: 64.36% Test OOD2: 54.35% Test OOD3: 60.69% 
Epoch: 451, Loss: 3.0363, Cls: 1.0123, Ind: 0.0000, Med: 0.5063, Spu: 0.0000, FD: 1.0118, FDAug: 0.5059, Var: 0.0000, Ctx: 6, MixCtx: 3, Train: 82.51%, Valid: 71.96%, Test In: 72.74% Test OOD1: 64.02% Test OOD2: 54.37% Test OOD3: 60.57% 
Epoch: 452, Loss: 3.0301, Cls: 1.0102, Ind: 0.0000, Med: 0.5052, Spu: 0.0000, FD: 1.0098, FDAug: 0.5049, Var: 0.0000, Ctx: 6, MixCtx: 3, Train: 82.82%, Valid: 71.82%, Test In: 72.70% Test OOD1: 64.41% Test OOD2: 54.43% Test OOD3: 60.72% 
Epoch: 453, Loss: 3.0093, Cls: 1.0032, Ind: 0.0000, Med: 0.5017, Spu: 0.0000, FD: 1.0029, FDAug: 0.5014, Var: 0.0000, Ctx: 6, MixCtx: 3, Train: 82.94%, Valid: 71.64%, Test In: 72.55% Test OOD1: 64.80% Test OOD2: 54.47% Test OOD3: 60.85% 
Epoch: 454, Loss: 2.9964, Cls: 0.9989, Ind: 0.0000, Med: 0.4996, Spu: 0.0000, FD: 0.9986, FDAug: 0.4993, Var: 0.0000, Ctx: 6, MixCtx: 3, Train: 82.75%, Valid: 71.41%, Test In: 72.33% Test OOD1: 64.68% Test OOD2: 54.58% Test OOD3: 60.69% 
Epoch: 455, Loss: 3.0106, Cls: 1.0036, Ind: 0.0000, Med: 0.5019, Spu: 0.0000, FD: 1.0034, FDAug: 0.5017, Var: 0.0000, Ctx: 6, MixCtx: 3, Train: 82.87%, Valid: 71.50%, Test In: 72.55% Test OOD1: 64.75% Test OOD2: 54.67% Test OOD3: 60.83% 
Epoch: 456, Loss: 2.9999, Cls: 1.0000, Ind: 0.0000, Med: 0.5001, Spu: 0.0000, FD: 0.9998, FDAug: 0.4999, Var: 0.0000, Ctx: 6, MixCtx: 3, Train: 83.05%, Valid: 71.46%, Test In: 72.54% Test OOD1: 64.56% Test OOD2: 54.57% Test OOD3: 60.88% 
Epoch: 457, Loss: 2.9868, Cls: 0.9958, Ind: 0.0000, Med: 0.4981, Spu: 0.0000, FD: 0.9952, FDAug: 0.4977, Var: 0.0000, Ctx: 6, MixCtx: 3, Train: 83.10%, Valid: 71.75%, Test In: 72.64% Test OOD1: 64.87% Test OOD2: 54.41% Test OOD3: 61.15% 
Epoch: 458, Loss: 2.9835, Cls: 0.9944, Ind: 0.0000, Med: 0.4972, Spu: 0.0000, FD: 0.9946, FDAug: 0.4973, Var: 0.0000, Ctx: 6, MixCtx: 3, Train: 83.07%, Valid: 71.26%, Test In: 71.89% Test OOD1: 64.01% Test OOD2: 54.32% Test OOD3: 60.51% 
Epoch: 459, Loss: 2.9900, Cls: 0.9969, Ind: 0.0000, Med: 0.4987, Spu: 0.0000, FD: 0.9963, FDAug: 0.4982, Var: 0.0000, Ctx: 6, MixCtx: 3, Train: 83.13%, Valid: 71.84%, Test In: 72.58% Test OOD1: 64.80% Test OOD2: 54.38% Test OOD3: 61.00% 
Epoch: 460, Loss: 3.0025, Cls: 1.0002, Ind: 0.0000, Med: 0.4998, Spu: 0.0000, FD: 1.0018, FDAug: 0.5008, Var: 0.0000, Ctx: 6, MixCtx: 3, Train: 82.87%, Valid: 70.49%, Test In: 71.20% Test OOD1: 63.27% Test OOD2: 54.38% Test OOD3: 59.92% 
Epoch: 461, Loss: 3.0382, Cls: 1.0133, Ind: 0.0000, Med: 0.5071, Spu: 0.0000, FD: 1.0117, FDAug: 0.5060, Var: 0.0000, Ctx: 6, MixCtx: 3, Train: 81.99%, Valid: 72.19%, Test In: 73.46% Test OOD1: 65.77% Test OOD2: 54.76% Test OOD3: 62.05% 
Epoch: 462, Loss: 3.2081, Cls: 1.0683, Ind: 0.0000, Med: 0.5337, Spu: 0.0000, FD: 1.0708, FDAug: 0.5351, Var: 0.0000, Ctx: 6, MixCtx: 3, Train: 81.51%, Valid: 70.45%, Test In: 70.35% Test OOD1: 62.79% Test OOD2: 54.11% Test OOD3: 59.55% 
Epoch: 463, Loss: 3.3174, Cls: 1.1066, Ind: 0.0000, Med: 0.5538, Spu: 0.0000, FD: 1.1045, FDAug: 0.5524, Var: 0.0000, Ctx: 6, MixCtx: 3, Train: 82.56%, Valid: 71.89%, Test In: 72.12% Test OOD1: 64.16% Test OOD2: 54.32% Test OOD3: 60.66% 
Epoch: 464, Loss: 3.1703, Cls: 1.0566, Ind: 0.0000, Med: 0.5283, Spu: 0.0000, FD: 1.0569, FDAug: 0.5285, Var: 0.0000, Ctx: 6, MixCtx: 3, Train: 81.72%, Valid: 72.64%, Test In: 73.60% Test OOD1: 66.11% Test OOD2: 54.57% Test OOD3: 62.43% 
Epoch: 465, Loss: 3.2144, Cls: 1.0712, Ind: 0.0000, Med: 0.5355, Spu: 0.0000, FD: 1.0720, FDAug: 0.5358, Var: 0.0000, Ctx: 6, MixCtx: 3, Train: 82.79%, Valid: 72.03%, Test In: 73.09% Test OOD1: 65.32% Test OOD2: 54.45% Test OOD3: 61.49% 
Epoch: 466, Loss: 3.0102, Cls: 1.0034, Ind: 0.0000, Med: 0.5018, Spu: 0.0000, FD: 1.0033, FDAug: 0.5017, Var: 0.0000, Ctx: 6, MixCtx: 3, Train: 82.08%, Valid: 70.89%, Test In: 71.45% Test OOD1: 63.23% Test OOD2: 54.04% Test OOD3: 60.08% 
Epoch: 467, Loss: 3.1717, Cls: 1.0567, Ind: 0.0000, Med: 0.5282, Spu: 0.0000, FD: 1.0576, FDAug: 0.5291, Var: 0.0000, Ctx: 6, MixCtx: 3, Train: 81.98%, Valid: 72.37%, Test In: 73.41% Test OOD1: 65.83% Test OOD2: 54.29% Test OOD3: 62.10% 
Epoch: 468, Loss: 3.3235, Cls: 1.1085, Ind: 0.0000, Med: 0.5545, Spu: 0.0000, FD: 1.1073, FDAug: 0.5532, Var: 0.0000, Ctx: 6, MixCtx: 3, Train: 81.84%, Valid: 72.27%, Test In: 72.65% Test OOD1: 65.11% Test OOD2: 54.06% Test OOD3: 61.49% 
Epoch: 469, Loss: 3.2030, Cls: 1.0676, Ind: 0.0000, Med: 0.5338, Spu: 0.0000, FD: 1.0678, FDAug: 0.5338, Var: 0.0000, Ctx: 6, MixCtx: 3, Train: 81.73%, Valid: 71.71%, Test In: 71.93% Test OOD1: 64.52% Test OOD2: 53.90% Test OOD3: 60.97% 
Epoch: 470, Loss: 3.2423, Cls: 1.0796, Ind: 0.0000, Med: 0.5393, Spu: 0.0000, FD: 1.0821, FDAug: 0.5412, Var: 0.0000, Ctx: 6, MixCtx: 3, Train: 82.71%, Valid: 72.24%, Test In: 73.00% Test OOD1: 65.54% Test OOD2: 54.17% Test OOD3: 61.54% 
Epoch: 471, Loss: 3.0984, Cls: 1.0315, Ind: 0.0000, Med: 0.5153, Spu: 0.0000, FD: 1.0343, FDAug: 0.5173, Var: 0.0000, Ctx: 6, MixCtx: 3, Train: 80.88%, Valid: 72.07%, Test In: 73.70% Test OOD1: 66.17% Test OOD2: 54.70% Test OOD3: 62.58% 
Epoch: 472, Loss: 3.3303, Cls: 1.1093, Ind: 0.0000, Med: 0.5544, Spu: 0.0000, FD: 1.1111, FDAug: 0.5554, Var: 0.0000, Ctx: 6, MixCtx: 3, Train: 81.75%, Valid: 71.31%, Test In: 72.11% Test OOD1: 62.50% Test OOD2: 53.91% Test OOD3: 59.91% 
Epoch: 473, Loss: 3.2427, Cls: 1.0814, Ind: 0.0000, Med: 0.5411, Spu: 0.0000, FD: 1.0800, FDAug: 0.5402, Var: 0.0000, Ctx: 6, MixCtx: 3, Train: 82.46%, Valid: 72.30%, Test In: 73.05% Test OOD1: 64.46% Test OOD2: 54.23% Test OOD3: 61.10% 
Epoch: 474, Loss: 3.1285, Cls: 1.0428, Ind: 0.0000, Med: 0.5215, Spu: 0.0000, FD: 1.0428, FDAug: 0.5213, Var: 0.0000, Ctx: 6, MixCtx: 3, Train: 82.01%, Valid: 72.68%, Test In: 73.44% Test OOD1: 65.76% Test OOD2: 53.89% Test OOD3: 62.19% 
Epoch: 475, Loss: 3.2276, Cls: 1.0742, Ind: 0.0000, Med: 0.5363, Spu: 0.0000, FD: 1.0782, FDAug: 0.5388, Var: 0.0000, Ctx: 6, MixCtx: 3, Train: 82.45%, Valid: 72.48%, Test In: 73.16% Test OOD1: 65.71% Test OOD2: 53.80% Test OOD3: 61.97% 
Epoch: 476, Loss: 3.1487, Cls: 1.0478, Ind: 0.0000, Med: 0.5231, Spu: 0.0000, FD: 1.0520, FDAug: 0.5258, Var: 0.0000, Ctx: 6, MixCtx: 3, Train: 82.77%, Valid: 71.51%, Test In: 72.29% Test OOD1: 64.39% Test OOD2: 54.03% Test OOD3: 60.67% 
Epoch: 477, Loss: 3.0606, Cls: 1.0202, Ind: 0.0000, Med: 0.5102, Spu: 0.0000, FD: 1.0200, FDAug: 0.5101, Var: 0.0000, Ctx: 6, MixCtx: 3, Train: 82.28%, Valid: 71.33%, Test In: 72.41% Test OOD1: 64.00% Test OOD2: 54.28% Test OOD3: 60.48% 
Epoch: 478, Loss: 3.1135, Cls: 1.0387, Ind: 0.0000, Med: 0.5200, Spu: 0.0000, FD: 1.0364, FDAug: 0.5183, Var: 0.0000, Ctx: 6, MixCtx: 3, Train: 82.00%, Valid: 71.96%, Test In: 73.72% Test OOD1: 65.32% Test OOD2: 54.75% Test OOD3: 61.80% 
Epoch: 479, Loss: 3.1924, Cls: 1.0651, Ind: 0.0000, Med: 0.5331, Spu: 0.0000, FD: 1.0629, FDAug: 0.5313, Var: 0.0000, Ctx: 6, MixCtx: 3, Train: 82.87%, Valid: 71.70%, Test In: 72.98% Test OOD1: 64.30% Test OOD2: 54.53% Test OOD3: 60.63% 
Epoch: 480, Loss: 3.0346, Cls: 1.0115, Ind: 0.0000, Med: 0.5058, Spu: 0.0000, FD: 1.0115, FDAug: 0.5058, Var: 0.0000, Ctx: 6, MixCtx: 3, Train: 83.06%, Valid: 71.81%, Test In: 72.65% Test OOD1: 64.36% Test OOD2: 54.27% Test OOD3: 60.77% 
Epoch: 481, Loss: 3.0748, Cls: 1.0245, Ind: 0.0000, Med: 0.5121, Spu: 0.0000, FD: 1.0254, FDAug: 0.5127, Var: 0.0000, Ctx: 6, MixCtx: 3, Train: 82.65%, Valid: 72.45%, Test In: 72.92% Test OOD1: 65.60% Test OOD2: 53.92% Test OOD3: 61.78% 
Epoch: 482, Loss: 3.0663, Cls: 1.0221, Ind: 0.0000, Med: 0.5111, Spu: 0.0000, FD: 1.0221, FDAug: 0.5110, Var: 0.0000, Ctx: 6, MixCtx: 3, Train: 82.43%, Valid: 72.37%, Test In: 73.04% Test OOD1: 65.78% Test OOD2: 53.92% Test OOD3: 61.99% 
Epoch: 483, Loss: 3.0609, Cls: 1.0205, Ind: 0.0000, Med: 0.5104, Spu: 0.0000, FD: 1.0200, FDAug: 0.5099, Var: 0.0000, Ctx: 6, MixCtx: 3, Train: 82.88%, Valid: 71.70%, Test In: 72.57% Test OOD1: 64.07% Test OOD2: 54.14% Test OOD3: 60.90% 
Epoch: 484, Loss: 3.0305, Cls: 1.0096, Ind: 0.0000, Med: 0.5046, Spu: 0.0000, FD: 1.0107, FDAug: 0.5055, Var: 0.0000, Ctx: 6, MixCtx: 3, Train: 83.07%, Valid: 71.65%, Test In: 72.81% Test OOD1: 64.31% Test OOD2: 54.51% Test OOD3: 60.94% 
Epoch: 485, Loss: 2.9949, Cls: 0.9983, Ind: 0.0000, Med: 0.4993, Spu: 0.0000, FD: 0.9982, FDAug: 0.4991, Var: 0.0000, Ctx: 6, MixCtx: 3, Train: 83.30%, Valid: 71.86%, Test In: 73.04% Test OOD1: 65.02% Test OOD2: 54.77% Test OOD3: 61.15% 
Epoch: 486, Loss: 2.9915, Cls: 0.9976, Ind: 0.0000, Med: 0.4991, Spu: 0.0000, FD: 0.9965, FDAug: 0.4982, Var: 0.0000, Ctx: 6, MixCtx: 3, Train: 83.25%, Valid: 71.32%, Test In: 72.12% Test OOD1: 64.39% Test OOD2: 54.59% Test OOD3: 60.47% 
Epoch: 487, Loss: 2.9966, Cls: 0.9991, Ind: 0.0000, Med: 0.4998, Spu: 0.0000, FD: 0.9984, FDAug: 0.4993, Var: 0.0000, Ctx: 6, MixCtx: 3, Train: 83.18%, Valid: 71.55%, Test In: 72.17% Test OOD1: 64.89% Test OOD2: 54.44% Test OOD3: 60.97% 
Epoch: 488, Loss: 2.9901, Cls: 0.9969, Ind: 0.0000, Med: 0.4987, Spu: 0.0000, FD: 0.9962, FDAug: 0.4982, Var: 0.0000, Ctx: 6, MixCtx: 3, Train: 83.21%, Valid: 72.04%, Test In: 72.87% Test OOD1: 65.56% Test OOD2: 54.37% Test OOD3: 61.67% 
Epoch: 489, Loss: 2.9849, Cls: 0.9950, Ind: 0.0000, Med: 0.4976, Spu: 0.0000, FD: 0.9949, FDAug: 0.4974, Var: 0.0000, Ctx: 6, MixCtx: 3, Train: 83.78%, Valid: 70.92%, Test In: 72.02% Test OOD1: 63.64% Test OOD2: 54.30% Test OOD3: 60.36% 
Epoch: 490, Loss: 2.9321, Cls: 0.9776, Ind: 0.0000, Med: 0.4890, Spu: 0.0000, FD: 0.9770, FDAug: 0.4886, Var: 0.0000, Ctx: 6, MixCtx: 3, Train: 83.44%, Valid: 70.50%, Test In: 71.62% Test OOD1: 62.73% Test OOD2: 54.30% Test OOD3: 59.93% 
Epoch: 491, Loss: 2.9555, Cls: 0.9854, Ind: 0.0000, Med: 0.4929, Spu: 0.0000, FD: 0.9847, FDAug: 0.4924, Var: 0.0000, Ctx: 6, MixCtx: 3, Train: 83.76%, Valid: 71.44%, Test In: 72.51% Test OOD1: 64.60% Test OOD2: 54.25% Test OOD3: 61.21% 
Epoch: 492, Loss: 2.9610, Cls: 0.9864, Ind: 0.0000, Med: 0.4930, Spu: 0.0000, FD: 0.9878, FDAug: 0.4938, Var: 0.0000, Ctx: 6, MixCtx: 3, Train: 83.63%, Valid: 70.45%, Test In: 71.07% Test OOD1: 63.93% Test OOD2: 54.06% Test OOD3: 60.47% 
Epoch: 493, Loss: 2.9731, Cls: 0.9916, Ind: 0.0000, Med: 0.4962, Spu: 0.0000, FD: 0.9901, FDAug: 0.4951, Var: 0.0000, Ctx: 6, MixCtx: 3, Train: 83.74%, Valid: 71.53%, Test In: 72.36% Test OOD1: 65.00% Test OOD2: 54.56% Test OOD3: 61.26% 
Epoch: 494, Loss: 2.9318, Cls: 0.9772, Ind: 0.0000, Med: 0.4887, Spu: 0.0000, FD: 0.9772, FDAug: 0.4886, Var: 0.0000, Ctx: 6, MixCtx: 3, Train: 83.71%, Valid: 71.53%, Test In: 72.58% Test OOD1: 64.91% Test OOD2: 54.66% Test OOD3: 61.20% 
Epoch: 495, Loss: 2.9340, Cls: 0.9781, Ind: 0.0000, Med: 0.4892, Spu: 0.0000, FD: 0.9778, FDAug: 0.4888, Var: 0.0000, Ctx: 6, MixCtx: 3, Train: 83.43%, Valid: 70.03%, Test In: 70.68% Test OOD1: 63.03% Test OOD2: 54.14% Test OOD3: 59.59% 
Epoch: 496, Loss: 2.9957, Cls: 0.9990, Ind: 0.0000, Med: 0.4999, Spu: 0.0000, FD: 0.9977, FDAug: 0.4990, Var: 0.0000, Ctx: 6, MixCtx: 3, Train: 82.87%, Valid: 72.01%, Test In: 72.93% Test OOD1: 65.36% Test OOD2: 54.17% Test OOD3: 61.92% 
Epoch: 497, Loss: 3.1505, Cls: 1.0495, Ind: 0.0000, Med: 0.5245, Spu: 0.0000, FD: 1.0511, FDAug: 0.5254, Var: 0.0000, Ctx: 6, MixCtx: 3, Train: 83.09%, Valid: 70.52%, Test In: 70.53% Test OOD1: 62.98% Test OOD2: 53.94% Test OOD3: 59.74% 
Epoch: 498, Loss: 3.0885, Cls: 1.0296, Ind: 0.0000, Med: 0.5149, Spu: 0.0000, FD: 1.0292, FDAug: 0.5147, Var: 0.0000, Ctx: 6, MixCtx: 3, Train: 83.57%, Valid: 70.96%, Test In: 71.18% Test OOD1: 63.50% Test OOD2: 53.81% Test OOD3: 60.26% 
Epoch: 499, Loss: 3.0332, Cls: 1.0112, Ind: 0.0000, Med: 0.5057, Spu: 0.0000, FD: 1.0108, FDAug: 0.5055, Var: 0.0000, Ctx: 6, MixCtx: 3, Train: 83.13%, Valid: 71.92%, Test In: 73.09% Test OOD1: 65.45% Test OOD2: 54.07% Test OOD3: 62.03% 
Run 02:
Highest Train: 83.78
Highest Valid: 73.52
Highest In Test: 74.85
Highest OOD Test: 68.23
Highest OOD Test: 55.07
Highest OOD Test: 64.38
Chosen epoch: 391
Final Train: 79.93
Final In Test: 74.14
Final OOD Test: 66.90
Final OOD Test: 54.55
Final OOD Test: 62.83
All runs:
Highest Train: 85.55 ± 2.51
Highest Valid: 73.53 ± 0.02
Highest In Test: 75.06 ± 0.29
Highest OOD Test: 68.08 ± 0.22
Highest OOD Test: 54.86 ± 0.29
Highest OOD Test: 64.41 ± 0.05
  Final Train: 78.46 ± 2.09
   Final In  Test: 74.43 ± 0.41
   Final OOD Test: 66.99 ± 0.14
   Final OOD Test: 54.11 ± 0.63
   Final OOD Test: 63.34 ± 0.72
[INFO] TensorBoard writer closed.

Command: python main_frontdoor.py --dataset twitch --backbone_type gcn --store_result --epochs 500 --runs 2 --num_layers 2 --device 1 --seed 2024 --lr 0.01 --weight_decay 0.0001 --dropout 0.0 --hidden_channels 32 --K 3 --lambda_fd 1.0 --lambda_spu 0.1 --lambda_ind 0.1 --context_gate_temp 0.5 --fd_blend 0.3 --pos_weight 5.0 --result_name twitch_gcn_frontdoor_stage2_lr0.01_weight_decay0.0001_dropout0.0_hidden_channels32_K3_lambda_fd1.0_lambda_spu0.1_lambda_ind0.1_context_gate_temp0.5_fd_blend0.3_pos_weight5.0
Return code: 0
Elapsed: 181.76s
