Namespace(K=3, backbone_type='gcn', combine_result=False, context_gate_temp=1.0, cpu=False, data_dir='./data/', dataset='twitch', device=1, display_step=1, dropout=0.0, env_type='node', epochs=500, expert_agg='mean', fd_blend=0.3, gamma=0.99, gate_hidden=64, hidden_channels=32, infer_env=False, infer_env_components=64, infer_env_iters=30, infer_env_num=3, lambda_fd=1.0, lambda_fd_aug=0.5, lambda_ind=0.1, lambda_med=0.5, lambda_spu=0.1, lambda_var=0.05, lamda=1.0, lr=0.01, num_layers=2, other_env_reduce='sample', pos_weight=3.0, proto_aug_k=3, proto_mix_alpha=1.0, result_name='twitch_gcn_frontdoor_stage2_lr0.01_weight_decay0.0001_dropout0.0_hidden_channels32_K3_lambda_fd1.0_lambda_spu0.1_lambda_ind0.1_context_gate_temp1.0_fd_blend0.3_pos_weight3.0', runs=2, seed=2024, store_result=True, tau=1, use_bn=False, variant=False, weight_decay=0.0001)
dataset twitch: all nodes 34120 | edges 892346 | classes 2 | feats 128
train nodes 7897 | valid nodes 3949 | test in nodes 3949
test ood1 nodes 4648 test ood2 nodes 6551 test ood3 nodes 7126 
[INFO] env numbers: 6 train env numbers: 3
MODEL: GraphFrontDoor(
  (act_fn): ReLU()
  (input_proj): Linear(in_features=128, out_features=32, bias=True)
  (backbone_layers): ModuleList(
    (0): FrontDoorBackboneLayer()
    (1): FrontDoorBackboneLayer()
  )
  (causal_adapter): Linear(in_features=32, out_features=32, bias=True)
  (spurious_adapter): Linear(in_features=32, out_features=32, bias=True)
  (causal_norm): LayerNorm((32,), eps=1e-05, elementwise_affine=True)
  (spurious_norm): LayerNorm((32,), eps=1e-05, elementwise_affine=True)
  (classifier): Linear(in_features=32, out_features=2, bias=True)
  (spurious_classifier): Linear(in_features=32, out_features=2, bias=True)
  (fd_classifier): Linear(in_features=32, out_features=2, bias=True)
  (query_proj): Linear(in_features=32, out_features=32, bias=True)
  (key_proj): Linear(in_features=32, out_features=32, bias=True)
  (value_proj): Linear(in_features=32, out_features=32, bias=True)
  (aug_norm): LayerNorm((32,), eps=1e-05, elementwise_affine=True)
)
[INFO] TensorBoard logging activated. Logs will be saved to: ./runs/twitch/frontdoor/twitch_gcn_frontdoor_stage2_lr0.01_weight_decay0.0001_dropout0.0_hidden_channels32_K3_lambda_fd1.0_lambda_spu0.1_lambda_ind0.1_context_gate_temp1.0_fd_blend0.3_pos_weight3.0
Epoch: 00, Loss: 3.7877, Cls: 1.1983, Ind: 0.0013, Med: 0.5843, Spu: 0.0115, FD: 1.3287, FDAug: 0.6636, Var: 0.0000, Ctx: 6, MixCtx: 3, Train: 42.88%, Valid: 42.91%, Test In: 44.03% Test OOD1: 39.18% Test OOD2: 48.80% Test OOD3: 43.01% 
Epoch: 01, Loss: 3.4749, Cls: 1.1454, Ind: 0.0009, Med: 0.5699, Spu: 0.0036, FD: 1.1713, FDAug: 0.5837, Var: 0.0000, Ctx: 6, MixCtx: 3, Train: 43.02%, Valid: 42.79%, Test In: 44.04% Test OOD1: 39.08% Test OOD2: 48.84% Test OOD3: 43.00% 
Epoch: 02, Loss: 3.4974, Cls: 1.1491, Ind: 0.0003, Med: 0.5701, Spu: 0.0036, FD: 1.1832, FDAug: 0.5910, Var: 0.0000, Ctx: 6, MixCtx: 3, Train: 43.65%, Valid: 43.35%, Test In: 44.50% Test OOD1: 39.36% Test OOD2: 48.92% Test OOD3: 43.22% 
Epoch: 03, Loss: 3.4358, Cls: 1.1355, Ind: 0.0001, Med: 0.5659, Spu: 0.0002, FD: 1.1558, FDAug: 0.5784, Var: 0.0000, Ctx: 6, MixCtx: 3, Train: 44.49%, Valid: 44.21%, Test In: 45.35% Test OOD1: 39.68% Test OOD2: 48.90% Test OOD3: 43.52% 
Epoch: 04, Loss: 3.3880, Cls: 1.1253, Ind: 0.0000, Med: 0.5629, Spu: 0.0011, FD: 1.1323, FDAug: 0.5664, Var: 0.0000, Ctx: 6, MixCtx: 3, Train: 43.48%, Valid: 44.09%, Test In: 44.86% Test OOD1: 39.75% Test OOD2: 49.23% Test OOD3: 43.40% 
Epoch: 05, Loss: 3.3749, Cls: 1.1237, Ind: 0.0001, Med: 0.5630, Spu: 0.0017, FD: 1.1244, FDAug: 0.5621, Var: 0.0000, Ctx: 6, MixCtx: 3, Train: 45.04%, Valid: 46.25%, Test In: 46.52% Test OOD1: 41.01% Test OOD2: 49.56% Test OOD3: 44.59% 
Epoch: 06, Loss: 3.3785, Cls: 1.1259, Ind: 0.0003, Med: 0.5638, Spu: 0.0005, FD: 1.1255, FDAug: 0.5626, Var: 0.0000, Ctx: 6, MixCtx: 3, Train: 57.24%, Valid: 57.69%, Test In: 57.15% Test OOD1: 56.01% Test OOD2: 50.61% Test OOD3: 53.94% 
Epoch: 07, Loss: 3.3839, Cls: 1.1269, Ind: 0.0004, Med: 0.5634, Spu: 0.0001, FD: 1.1289, FDAug: 0.5643, Var: 0.0000, Ctx: 6, MixCtx: 3, Train: 59.38%, Valid: 60.41%, Test In: 58.76% Test OOD1: 60.79% Test OOD2: 51.29% Test OOD3: 56.53% 
Epoch: 08, Loss: 3.3849, Cls: 1.1256, Ind: 0.0004, Med: 0.5622, Spu: 0.0007, FD: 1.1307, FDAug: 0.5652, Var: 0.0000, Ctx: 6, MixCtx: 3, Train: 59.44%, Valid: 59.96%, Test In: 58.62% Test OOD1: 61.36% Test OOD2: 51.41% Test OOD3: 57.02% 
Epoch: 09, Loss: 3.3805, Cls: 1.1232, Ind: 0.0003, Med: 0.5611, Spu: 0.0010, FD: 1.1300, FDAug: 0.5649, Var: 0.0000, Ctx: 6, MixCtx: 3, Train: 59.56%, Valid: 59.79%, Test In: 58.64% Test OOD1: 61.61% Test OOD2: 51.36% Test OOD3: 57.41% 
Epoch: 10, Loss: 3.3735, Cls: 1.1212, Ind: 0.0002, Med: 0.5606, Spu: 0.0004, FD: 1.1273, FDAug: 0.5636, Var: 0.0000, Ctx: 6, MixCtx: 3, Train: 59.63%, Valid: 59.73%, Test In: 58.61% Test OOD1: 61.77% Test OOD2: 51.30% Test OOD3: 57.64% 
Epoch: 11, Loss: 3.3675, Cls: 1.1202, Ind: 0.0001, Med: 0.5607, Spu: 0.0000, FD: 1.1243, FDAug: 0.5622, Var: 0.0000, Ctx: 6, MixCtx: 3, Train: 59.68%, Valid: 59.66%, Test In: 58.63% Test OOD1: 61.81% Test OOD2: 51.30% Test OOD3: 57.75% 
Epoch: 12, Loss: 3.3642, Cls: 1.1201, Ind: 0.0001, Med: 0.5608, Spu: 0.0003, FD: 1.1219, FDAug: 0.5610, Var: 0.0000, Ctx: 6, MixCtx: 3, Train: 59.74%, Valid: 59.63%, Test In: 58.67% Test OOD1: 61.85% Test OOD2: 51.30% Test OOD3: 57.85% 
Epoch: 13, Loss: 3.3619, Cls: 1.1197, Ind: 0.0003, Med: 0.5603, Spu: 0.0007, FD: 1.1206, FDAug: 0.5603, Var: 0.0000, Ctx: 6, MixCtx: 3, Train: 59.80%, Valid: 59.63%, Test In: 58.72% Test OOD1: 61.89% Test OOD2: 51.30% Test OOD3: 57.94% 
Epoch: 14, Loss: 3.3595, Cls: 1.1189, Ind: 0.0006, Med: 0.5595, Spu: 0.0005, FD: 1.1201, FDAug: 0.5601, Var: 0.0000, Ctx: 6, MixCtx: 3, Train: 59.87%, Valid: 59.64%, Test In: 58.77% Test OOD1: 61.92% Test OOD2: 51.29% Test OOD3: 58.02% 
Epoch: 15, Loss: 3.3576, Cls: 1.1178, Ind: 0.0008, Med: 0.5588, Spu: 0.0001, FD: 1.1200, FDAug: 0.5600, Var: 0.0000, Ctx: 6, MixCtx: 3, Train: 59.96%, Valid: 59.64%, Test In: 58.85% Test OOD1: 61.95% Test OOD2: 51.29% Test OOD3: 58.11% 
Epoch: 16, Loss: 3.3559, Cls: 1.1168, Ind: 0.0008, Med: 0.5584, Spu: 0.0001, FD: 1.1199, FDAug: 0.5599, Var: 0.0000, Ctx: 6, MixCtx: 3, Train: 60.09%, Valid: 59.71%, Test In: 58.97% Test OOD1: 62.02% Test OOD2: 51.29% Test OOD3: 58.23% 
Epoch: 17, Loss: 3.3530, Cls: 1.1157, Ind: 0.0006, Med: 0.5578, Spu: 0.0003, FD: 1.1191, FDAug: 0.5595, Var: 0.0000, Ctx: 6, MixCtx: 3, Train: 60.27%, Valid: 59.81%, Test In: 59.13% Test OOD1: 62.11% Test OOD2: 51.31% Test OOD3: 58.35% 
Epoch: 18, Loss: 3.3479, Cls: 1.1141, Ind: 0.0003, Med: 0.5569, Spu: 0.0003, FD: 1.1175, FDAug: 0.5587, Var: 0.0000, Ctx: 6, MixCtx: 3, Train: 60.46%, Valid: 59.92%, Test In: 59.30% Test OOD1: 62.19% Test OOD2: 51.34% Test OOD3: 58.46% 
Epoch: 19, Loss: 3.3416, Cls: 1.1123, Ind: 0.0001, Med: 0.5559, Spu: 0.0001, FD: 1.1155, FDAug: 0.5577, Var: 0.0000, Ctx: 6, MixCtx: 3, Train: 60.68%, Valid: 60.04%, Test In: 59.49% Test OOD1: 62.28% Test OOD2: 51.36% Test OOD3: 58.59% 
Epoch: 20, Loss: 3.3354, Cls: 1.1102, Ind: 0.0001, Med: 0.5547, Spu: 0.0000, FD: 1.1136, FDAug: 0.5568, Var: 0.0000, Ctx: 6, MixCtx: 3, Train: 60.92%, Valid: 60.18%, Test In: 59.72% Test OOD1: 62.38% Test OOD2: 51.40% Test OOD3: 58.74% 
Epoch: 21, Loss: 3.3292, Cls: 1.1075, Ind: 0.0003, Med: 0.5532, Spu: 0.0001, FD: 1.1120, FDAug: 0.5560, Var: 0.0000, Ctx: 6, MixCtx: 3, Train: 61.22%, Valid: 60.36%, Test In: 60.00% Test OOD1: 62.49% Test OOD2: 51.44% Test OOD3: 58.91% 
Epoch: 22, Loss: 3.3218, Cls: 1.1043, Ind: 0.0005, Med: 0.5515, Spu: 0.0002, FD: 1.1102, FDAug: 0.5551, Var: 0.0000, Ctx: 6, MixCtx: 3, Train: 61.62%, Valid: 60.61%, Test In: 60.37% Test OOD1: 62.65% Test OOD2: 51.49% Test OOD3: 59.12% 
Epoch: 23, Loss: 3.3120, Cls: 1.1005, Ind: 0.0005, Med: 0.5495, Spu: 0.0001, FD: 1.1075, FDAug: 0.5538, Var: 0.0000, Ctx: 6, MixCtx: 3, Train: 62.15%, Valid: 60.96%, Test In: 60.87% Test OOD1: 62.87% Test OOD2: 51.57% Test OOD3: 59.40% 
Epoch: 24, Loss: 3.2998, Cls: 1.0962, Ind: 0.0005, Med: 0.5471, Spu: 0.0000, FD: 1.1040, FDAug: 0.5520, Var: 0.0000, Ctx: 6, MixCtx: 3, Train: 62.81%, Valid: 61.40%, Test In: 61.47% Test OOD1: 63.13% Test OOD2: 51.66% Test OOD3: 59.73% 
Epoch: 25, Loss: 3.2856, Cls: 1.0912, Ind: 0.0004, Med: 0.5447, Spu: 0.0001, FD: 1.0994, FDAug: 0.5497, Var: 0.0000, Ctx: 6, MixCtx: 3, Train: 63.51%, Valid: 61.87%, Test In: 62.13% Test OOD1: 63.41% Test OOD2: 51.77% Test OOD3: 60.06% 
Epoch: 26, Loss: 3.2683, Cls: 1.0854, Ind: 0.0003, Med: 0.5420, Spu: 0.0002, FD: 1.0936, FDAug: 0.5468, Var: 0.0000, Ctx: 6, MixCtx: 3, Train: 64.48%, Valid: 62.55%, Test In: 63.04% Test OOD1: 63.78% Test OOD2: 51.93% Test OOD3: 60.51% 
Epoch: 27, Loss: 3.2470, Cls: 1.0777, Ind: 0.0002, Med: 0.5382, Spu: 0.0003, FD: 1.0870, FDAug: 0.5435, Var: 0.0000, Ctx: 6, MixCtx: 3, Train: 65.38%, Valid: 63.19%, Test In: 63.91% Test OOD1: 64.15% Test OOD2: 52.07% Test OOD3: 60.93% 
Epoch: 28, Loss: 3.2222, Cls: 1.0696, Ind: 0.0002, Med: 0.5343, Spu: 0.0002, FD: 1.0786, FDAug: 0.5393, Var: 0.0000, Ctx: 6, MixCtx: 3, Train: 66.76%, Valid: 64.15%, Test In: 65.24% Test OOD1: 64.68% Test OOD2: 52.29% Test OOD3: 61.50% 
Epoch: 29, Loss: 3.1982, Cls: 1.0620, Ind: 0.0001, Med: 0.5309, Spu: 0.0001, FD: 1.0700, FDAug: 0.5350, Var: 0.0000, Ctx: 6, MixCtx: 3, Train: 67.24%, Valid: 64.57%, Test In: 65.70% Test OOD1: 64.92% Test OOD2: 52.31% Test OOD3: 61.71% 
Epoch: 30, Loss: 3.1872, Cls: 1.0597, Ind: 0.0001, Med: 0.5303, Spu: 0.0001, FD: 1.0647, FDAug: 0.5323, Var: 0.0000, Ctx: 6, MixCtx: 3, Train: 68.56%, Valid: 65.47%, Test In: 66.95% Test OOD1: 65.31% Test OOD2: 52.54% Test OOD3: 62.13% 
Epoch: 31, Loss: 3.1596, Cls: 1.0511, Ind: 0.0001, Med: 0.5264, Spu: 0.0001, FD: 1.0545, FDAug: 0.5273, Var: 0.0000, Ctx: 6, MixCtx: 3, Train: 69.13%, Valid: 65.92%, Test In: 67.54% Test OOD1: 65.59% Test OOD2: 52.60% Test OOD3: 62.34% 
Epoch: 32, Loss: 3.1212, Cls: 1.0379, Ind: 0.0001, Med: 0.5192, Spu: 0.0002, FD: 1.0425, FDAug: 0.5213, Var: 0.0000, Ctx: 6, MixCtx: 3, Train: 69.82%, Valid: 66.45%, Test In: 68.22% Test OOD1: 65.88% Test OOD2: 52.67% Test OOD3: 62.56% 
Epoch: 33, Loss: 3.1101, Cls: 1.0349, Ind: 0.0001, Med: 0.5178, Spu: 0.0001, FD: 1.0381, FDAug: 0.5190, Var: 0.0000, Ctx: 6, MixCtx: 3, Train: 70.78%, Valid: 67.11%, Test In: 69.15% Test OOD1: 65.98% Test OOD2: 52.91% Test OOD3: 62.79% 
Epoch: 34, Loss: 3.1046, Cls: 1.0337, Ind: 0.0002, Med: 0.5173, Spu: 0.0000, FD: 1.0356, FDAug: 0.5179, Var: 0.0000, Ctx: 6, MixCtx: 3, Train: 71.08%, Valid: 67.35%, Test In: 69.46% Test OOD1: 66.18% Test OOD2: 52.90% Test OOD3: 62.89% 
Epoch: 35, Loss: 3.0608, Cls: 1.0192, Ind: 0.0001, Med: 0.5099, Spu: 0.0001, FD: 1.0210, FDAug: 0.5105, Var: 0.0000, Ctx: 6, MixCtx: 3, Train: 71.65%, Valid: 67.77%, Test In: 70.01% Test OOD1: 66.24% Test OOD2: 53.04% Test OOD3: 63.01% 
Epoch: 36, Loss: 3.0275, Cls: 1.0076, Ind: 0.0001, Med: 0.5038, Spu: 0.0002, FD: 1.0105, FDAug: 0.5053, Var: 0.0000, Ctx: 6, MixCtx: 3, Train: 72.23%, Valid: 68.17%, Test In: 70.66% Test OOD1: 66.08% Test OOD2: 53.25% Test OOD3: 63.09% 
Epoch: 37, Loss: 3.0361, Cls: 1.0092, Ind: 0.0001, Med: 0.5038, Spu: 0.0003, FD: 1.0152, FDAug: 0.5076, Var: 0.0000, Ctx: 6, MixCtx: 3, Train: 72.28%, Valid: 68.29%, Test In: 70.68% Test OOD1: 66.23% Test OOD2: 53.15% Test OOD3: 63.12% 
Epoch: 38, Loss: 3.0536, Cls: 1.0208, Ind: 0.0001, Med: 0.5126, Spu: 0.0002, FD: 1.0133, FDAug: 0.5066, Var: 0.0000, Ctx: 6, MixCtx: 3, Train: 72.63%, Valid: 68.44%, Test In: 71.31% Test OOD1: 65.37% Test OOD2: 53.39% Test OOD3: 63.00% 
Epoch: 39, Loss: 3.0239, Cls: 1.0051, Ind: 0.0001, Med: 0.5015, Spu: 0.0001, FD: 1.0113, FDAug: 0.5057, Var: 0.0000, Ctx: 6, MixCtx: 3, Train: 72.71%, Valid: 68.55%, Test In: 71.41% Test OOD1: 65.34% Test OOD2: 53.38% Test OOD3: 63.00% 
Epoch: 40, Loss: 2.9866, Cls: 0.9947, Ind: 0.0001, Med: 0.4973, Spu: 0.0001, FD: 0.9963, FDAug: 0.4982, Var: 0.0000, Ctx: 6, MixCtx: 3, Train: 72.79%, Valid: 68.71%, Test In: 71.40% Test OOD1: 65.75% Test OOD2: 53.31% Test OOD3: 63.11% 
Epoch: 41, Loss: 3.0388, Cls: 1.0158, Ind: 0.0001, Med: 0.5096, Spu: 0.0002, FD: 1.0088, FDAug: 0.5043, Var: 0.0000, Ctx: 6, MixCtx: 3, Train: 72.72%, Valid: 68.47%, Test In: 71.61% Test OOD1: 64.34% Test OOD2: 53.49% Test OOD3: 62.75% 
Epoch: 42, Loss: 3.0093, Cls: 1.0021, Ind: 0.0001, Med: 0.5007, Spu: 0.0001, FD: 1.0041, FDAug: 0.5021, Var: 0.0000, Ctx: 6, MixCtx: 3, Train: 72.81%, Valid: 68.58%, Test In: 71.71% Test OOD1: 64.37% Test OOD2: 53.50% Test OOD3: 62.77% 
Epoch: 43, Loss: 2.9921, Cls: 0.9971, Ind: 0.0001, Med: 0.4985, Spu: 0.0001, FD: 0.9975, FDAug: 0.4988, Var: 0.0000, Ctx: 6, MixCtx: 3, Train: 73.06%, Valid: 69.00%, Test In: 71.78% Test OOD1: 65.49% Test OOD2: 53.39% Test OOD3: 63.09% 
Epoch: 44, Loss: 3.0200, Cls: 1.0065, Ind: 0.0001, Med: 0.5034, Spu: 0.0001, FD: 1.0066, FDAug: 0.5033, Var: 0.0000, Ctx: 6, MixCtx: 3, Train: 73.06%, Valid: 68.92%, Test In: 71.93% Test OOD1: 64.79% Test OOD2: 53.49% Test OOD3: 62.93% 
Epoch: 45, Loss: 2.9693, Cls: 0.9897, Ind: 0.0001, Med: 0.4951, Spu: 0.0000, FD: 0.9896, FDAug: 0.4948, Var: 0.0000, Ctx: 6, MixCtx: 3, Train: 73.01%, Valid: 68.80%, Test In: 71.95% Test OOD1: 64.18% Test OOD2: 53.53% Test OOD3: 62.75% 
Epoch: 46, Loss: 2.9995, Cls: 1.0007, Ind: 0.0001, Med: 0.5011, Spu: 0.0000, FD: 0.9983, FDAug: 0.4992, Var: 0.0000, Ctx: 6, MixCtx: 3, Train: 73.29%, Valid: 69.22%, Test In: 72.10% Test OOD1: 65.18% Test OOD2: 53.49% Test OOD3: 63.07% 
Epoch: 47, Loss: 2.9633, Cls: 0.9871, Ind: 0.0001, Med: 0.4936, Spu: 0.0001, FD: 0.9883, FDAug: 0.4942, Var: 0.0000, Ctx: 6, MixCtx: 3, Train: 73.40%, Valid: 69.42%, Test In: 72.12% Test OOD1: 65.63% Test OOD2: 53.45% Test OOD3: 63.20% 
Epoch: 48, Loss: 2.9818, Cls: 0.9920, Ind: 0.0001, Med: 0.4954, Spu: 0.0001, FD: 0.9962, FDAug: 0.4980, Var: 0.0000, Ctx: 6, MixCtx: 3, Train: 73.41%, Valid: 69.33%, Test In: 72.27% Test OOD1: 64.80% Test OOD2: 53.57% Test OOD3: 62.99% 
Epoch: 49, Loss: 2.9682, Cls: 0.9903, Ind: 0.0001, Med: 0.4959, Spu: 0.0001, FD: 0.9878, FDAug: 0.4939, Var: 0.0000, Ctx: 6, MixCtx: 3, Train: 73.53%, Valid: 69.51%, Test In: 72.37% Test OOD1: 65.06% Test OOD2: 53.56% Test OOD3: 63.09% 
Epoch: 50, Loss: 2.9578, Cls: 0.9866, Ind: 0.0001, Med: 0.4939, Spu: 0.0000, FD: 0.9847, FDAug: 0.4924, Var: 0.0000, Ctx: 6, MixCtx: 3, Train: 73.65%, Valid: 69.77%, Test In: 72.33% Test OOD1: 65.99% Test OOD2: 53.44% Test OOD3: 63.34% 
Epoch: 51, Loss: 2.9692, Cls: 0.9883, Ind: 0.0001, Med: 0.4937, Spu: 0.0000, FD: 0.9914, FDAug: 0.4956, Var: 0.0000, Ctx: 6, MixCtx: 3, Train: 73.77%, Valid: 69.85%, Test In: 72.53% Test OOD1: 65.64% Test OOD2: 53.52% Test OOD3: 63.27% 
Epoch: 52, Loss: 2.9399, Cls: 0.9800, Ind: 0.0001, Med: 0.4903, Spu: 0.0000, FD: 0.9797, FDAug: 0.4898, Var: 0.0000, Ctx: 6, MixCtx: 3, Train: 73.82%, Valid: 69.88%, Test In: 72.65% Test OOD1: 65.28% Test OOD2: 53.59% Test OOD3: 63.19% 
Epoch: 53, Loss: 2.9558, Cls: 0.9855, Ind: 0.0001, Med: 0.4930, Spu: 0.0001, FD: 0.9848, FDAug: 0.4924, Var: 0.0000, Ctx: 6, MixCtx: 3, Train: 73.95%, Valid: 70.10%, Test In: 72.66% Test OOD1: 66.04% Test OOD2: 53.47% Test OOD3: 63.39% 
Epoch: 54, Loss: 2.9353, Cls: 0.9785, Ind: 0.0001, Med: 0.4895, Spu: 0.0001, FD: 0.9781, FDAug: 0.4890, Var: 0.0000, Ctx: 6, MixCtx: 3, Train: 74.02%, Valid: 70.22%, Test In: 72.70% Test OOD1: 66.24% Test OOD2: 53.44% Test OOD3: 63.45% 
Epoch: 55, Loss: 2.9373, Cls: 0.9794, Ind: 0.0001, Med: 0.4900, Spu: 0.0000, FD: 0.9786, FDAug: 0.4892, Var: 0.0000, Ctx: 6, MixCtx: 3, Train: 74.15%, Valid: 70.32%, Test In: 72.97% Test OOD1: 65.65% Test OOD2: 53.57% Test OOD3: 63.33% 
Epoch: 56, Loss: 2.9383, Cls: 0.9791, Ind: 0.0001, Med: 0.4896, Spu: 0.0000, FD: 0.9797, FDAug: 0.4899, Var: 0.0000, Ctx: 6, MixCtx: 3, Train: 74.26%, Valid: 70.48%, Test In: 73.00% Test OOD1: 66.09% Test OOD2: 53.48% Test OOD3: 63.45% 
Epoch: 57, Loss: 2.9203, Cls: 0.9737, Ind: 0.0001, Med: 0.4871, Spu: 0.0000, FD: 0.9730, FDAug: 0.4865, Var: 0.0000, Ctx: 6, MixCtx: 3, Train: 74.27%, Valid: 70.56%, Test In: 72.91% Test OOD1: 66.57% Test OOD2: 53.39% Test OOD3: 63.57% 
Epoch: 58, Loss: 2.9314, Cls: 0.9778, Ind: 0.0001, Med: 0.4893, Spu: 0.0000, FD: 0.9762, FDAug: 0.4880, Var: 0.0000, Ctx: 6, MixCtx: 3, Train: 74.47%, Valid: 70.73%, Test In: 73.26% Test OOD1: 66.01% Test OOD2: 53.51% Test OOD3: 63.43% 
Epoch: 59, Loss: 2.9207, Cls: 0.9735, Ind: 0.0001, Med: 0.4868, Spu: 0.0000, FD: 0.9735, FDAug: 0.4868, Var: 0.0000, Ctx: 6, MixCtx: 3, Train: 74.56%, Valid: 70.85%, Test In: 73.32% Test OOD1: 66.27% Test OOD2: 53.46% Test OOD3: 63.50% 
Epoch: 60, Loss: 2.9099, Cls: 0.9701, Ind: 0.0001, Med: 0.4852, Spu: 0.0000, FD: 0.9697, FDAug: 0.4849, Var: 0.0000, Ctx: 6, MixCtx: 3, Train: 74.54%, Valid: 70.90%, Test In: 73.17% Test OOD1: 66.81% Test OOD2: 53.33% Test OOD3: 63.64% 
Epoch: 61, Loss: 2.9191, Cls: 0.9733, Ind: 0.0001, Med: 0.4869, Spu: 0.0000, FD: 0.9726, FDAug: 0.4862, Var: 0.0000, Ctx: 6, MixCtx: 3, Train: 74.77%, Valid: 71.10%, Test In: 73.56% Test OOD1: 66.21% Test OOD2: 53.46% Test OOD3: 63.47% 
Epoch: 62, Loss: 2.9084, Cls: 0.9696, Ind: 0.0001, Med: 0.4850, Spu: 0.0000, FD: 0.9691, FDAug: 0.4846, Var: 0.0000, Ctx: 6, MixCtx: 3, Train: 74.84%, Valid: 71.20%, Test In: 73.57% Test OOD1: 66.51% Test OOD2: 53.40% Test OOD3: 63.54% 
Epoch: 63, Loss: 2.8972, Cls: 0.9659, Ind: 0.0001, Med: 0.4831, Spu: 0.0000, FD: 0.9654, FDAug: 0.4827, Var: 0.0000, Ctx: 6, MixCtx: 3, Train: 74.83%, Valid: 71.25%, Test In: 73.46% Test OOD1: 66.95% Test OOD2: 53.29% Test OOD3: 63.66% 
Epoch: 64, Loss: 2.9053, Cls: 0.9684, Ind: 0.0001, Med: 0.4843, Spu: 0.0000, FD: 0.9684, FDAug: 0.4841, Var: 0.0000, Ctx: 6, MixCtx: 3, Train: 75.05%, Valid: 71.46%, Test In: 73.88% Test OOD1: 66.08% Test OOD2: 53.47% Test OOD3: 63.40% 
Epoch: 65, Loss: 2.9074, Cls: 0.9695, Ind: 0.0001, Med: 0.4850, Spu: 0.0000, FD: 0.9685, FDAug: 0.4843, Var: 0.0000, Ctx: 6, MixCtx: 3, Train: 75.06%, Valid: 71.51%, Test In: 73.71% Test OOD1: 66.89% Test OOD2: 53.30% Test OOD3: 63.62% 
Epoch: 66, Loss: 2.8916, Cls: 0.9639, Ind: 0.0001, Med: 0.4820, Spu: 0.0000, FD: 0.9638, FDAug: 0.4819, Var: 0.0000, Ctx: 6, MixCtx: 3, Train: 75.18%, Valid: 71.65%, Test In: 73.88% Test OOD1: 66.68% Test OOD2: 53.33% Test OOD3: 63.55% 
Epoch: 67, Loss: 2.8836, Cls: 0.9612, Ind: 0.0001, Med: 0.4807, Spu: 0.0000, FD: 0.9610, FDAug: 0.4805, Var: 0.0000, Ctx: 6, MixCtx: 3, Train: 75.29%, Valid: 71.79%, Test In: 74.09% Test OOD1: 66.11% Test OOD2: 53.42% Test OOD3: 63.36% 
Epoch: 68, Loss: 2.8899, Cls: 0.9634, Ind: 0.0001, Med: 0.4818, Spu: 0.0000, FD: 0.9630, FDAug: 0.4816, Var: 0.0000, Ctx: 6, MixCtx: 3, Train: 75.26%, Valid: 71.81%, Test In: 73.88% Test OOD1: 67.06% Test OOD2: 53.21% Test OOD3: 63.64% 
Epoch: 69, Loss: 2.8980, Cls: 0.9660, Ind: 0.0001, Med: 0.4831, Spu: 0.0000, FD: 0.9659, FDAug: 0.4828, Var: 0.0000, Ctx: 6, MixCtx: 3, Train: 75.40%, Valid: 71.97%, Test In: 74.24% Test OOD1: 65.58% Test OOD2: 53.45% Test OOD3: 63.17% 
Epoch: 70, Loss: 2.9020, Cls: 0.9672, Ind: 0.0001, Med: 0.4837, Spu: 0.0000, FD: 0.9673, FDAug: 0.4838, Var: 0.0000, Ctx: 6, MixCtx: 3, Train: 75.41%, Valid: 72.03%, Test In: 74.02% Test OOD1: 67.00% Test OOD2: 53.19% Test OOD3: 63.60% 
Epoch: 71, Loss: 2.8918, Cls: 0.9641, Ind: 0.0001, Med: 0.4822, Spu: 0.0000, FD: 0.9637, FDAug: 0.4817, Var: 0.0000, Ctx: 6, MixCtx: 3, Train: 75.53%, Valid: 72.16%, Test In: 74.30% Test OOD1: 65.97% Test OOD2: 53.39% Test OOD3: 63.27% 
Epoch: 72, Loss: 2.8782, Cls: 0.9593, Ind: 0.0000, Med: 0.4796, Spu: 0.0000, FD: 0.9595, FDAug: 0.4798, Var: 0.0000, Ctx: 6, MixCtx: 3, Train: 75.59%, Valid: 72.24%, Test In: 74.25% Test OOD1: 66.49% Test OOD2: 53.28% Test OOD3: 63.43% 
Epoch: 73, Loss: 2.8691, Cls: 0.9564, Ind: 0.0000, Med: 0.4783, Spu: 0.0000, FD: 0.9563, FDAug: 0.4781, Var: 0.0000, Ctx: 6, MixCtx: 3, Train: 75.63%, Valid: 72.30%, Test In: 74.24% Test OOD1: 66.72% Test OOD2: 53.24% Test OOD3: 63.50% 
Epoch: 74, Loss: 2.8699, Cls: 0.9568, Ind: 0.0000, Med: 0.4785, Spu: 0.0000, FD: 0.9564, FDAug: 0.4782, Var: 0.0000, Ctx: 6, MixCtx: 3, Train: 75.68%, Valid: 72.38%, Test In: 74.41% Test OOD1: 65.79% Test OOD2: 53.38% Test OOD3: 63.22% 
Epoch: 75, Loss: 2.8801, Cls: 0.9599, Ind: 0.0000, Med: 0.4800, Spu: 0.0000, FD: 0.9600, FDAug: 0.4801, Var: 0.0000, Ctx: 6, MixCtx: 3, Train: 75.64%, Valid: 72.36%, Test In: 74.13% Test OOD1: 67.22% Test OOD2: 53.15% Test OOD3: 63.68% 
Epoch: 76, Loss: 2.8980, Cls: 0.9662, Ind: 0.0000, Med: 0.4832, Spu: 0.0000, FD: 0.9658, FDAug: 0.4827, Var: 0.0000, Ctx: 6, MixCtx: 3, Train: 75.69%, Valid: 72.46%, Test In: 74.47% Test OOD1: 64.92% Test OOD2: 53.44% Test OOD3: 62.99% 
Epoch: 77, Loss: 2.9307, Cls: 0.9768, Ind: 0.0000, Med: 0.4885, Spu: 0.0000, FD: 0.9768, FDAug: 0.4885, Var: 0.0000, Ctx: 6, MixCtx: 3, Train: 75.68%, Valid: 72.44%, Test In: 74.11% Test OOD1: 67.35% Test OOD2: 53.12% Test OOD3: 63.73% 
Epoch: 78, Loss: 2.9184, Cls: 0.9731, Ind: 0.0000, Med: 0.4867, Spu: 0.0000, FD: 0.9726, FDAug: 0.4860, Var: 0.0000, Ctx: 6, MixCtx: 3, Train: 75.83%, Valid: 72.60%, Test In: 74.51% Test OOD1: 65.77% Test OOD2: 53.41% Test OOD3: 63.25% 
Epoch: 79, Loss: 2.8776, Cls: 0.9591, Ind: 0.0000, Med: 0.4795, Spu: 0.0000, FD: 0.9592, FDAug: 0.4798, Var: 0.0000, Ctx: 6, MixCtx: 3, Train: 75.87%, Valid: 72.64%, Test In: 74.50% Test OOD1: 66.16% Test OOD2: 53.38% Test OOD3: 63.37% 
Epoch: 80, Loss: 2.8656, Cls: 0.9552, Ind: 0.0000, Med: 0.4776, Spu: 0.0000, FD: 0.9551, FDAug: 0.4777, Var: 0.0000, Ctx: 6, MixCtx: 3, Train: 75.82%, Valid: 72.60%, Test In: 74.25% Test OOD1: 67.24% Test OOD2: 53.19% Test OOD3: 63.71% 
Epoch: 81, Loss: 2.8937, Cls: 0.9647, Ind: 0.0000, Med: 0.4825, Spu: 0.0000, FD: 0.9644, FDAug: 0.4820, Var: 0.0000, Ctx: 6, MixCtx: 3, Train: 75.91%, Valid: 72.70%, Test In: 74.55% Test OOD1: 65.86% Test OOD2: 53.46% Test OOD3: 63.33% 
Epoch: 82, Loss: 2.8801, Cls: 0.9601, Ind: 0.0000, Med: 0.4801, Spu: 0.0000, FD: 0.9598, FDAug: 0.4801, Var: 0.0000, Ctx: 6, MixCtx: 3, Train: 75.95%, Valid: 72.71%, Test In: 74.47% Test OOD1: 66.68% Test OOD2: 53.36% Test OOD3: 63.57% 
Epoch: 83, Loss: 2.8552, Cls: 0.9518, Ind: 0.0000, Med: 0.4759, Spu: 0.0000, FD: 0.9516, FDAug: 0.4758, Var: 0.0000, Ctx: 6, MixCtx: 3, Train: 75.89%, Valid: 72.64%, Test In: 74.27% Test OOD1: 67.36% Test OOD2: 53.23% Test OOD3: 63.79% 
Epoch: 84, Loss: 2.8796, Cls: 0.9596, Ind: 0.0000, Med: 0.4796, Spu: 0.0000, FD: 0.9604, FDAug: 0.4800, Var: 0.0000, Ctx: 6, MixCtx: 3, Train: 76.02%, Valid: 72.77%, Test In: 74.58% Test OOD1: 66.02% Test OOD2: 53.48% Test OOD3: 63.43% 
Epoch: 85, Loss: 2.8926, Cls: 0.9647, Ind: 0.0000, Med: 0.4826, Spu: 0.0000, FD: 0.9634, FDAug: 0.4818, Var: 0.0000, Ctx: 6, MixCtx: 3, Train: 75.99%, Valid: 72.72%, Test In: 74.37% Test OOD1: 67.24% Test OOD2: 53.30% Test OOD3: 63.78% 
Epoch: 86, Loss: 2.8589, Cls: 0.9528, Ind: 0.0000, Med: 0.4764, Spu: 0.0000, FD: 0.9532, FDAug: 0.4765, Var: 0.0000, Ctx: 6, MixCtx: 3, Train: 76.03%, Valid: 72.76%, Test In: 74.41% Test OOD1: 67.19% Test OOD2: 53.32% Test OOD3: 63.78% 
Epoch: 87, Loss: 2.8543, Cls: 0.9514, Ind: 0.0000, Med: 0.4757, Spu: 0.0000, FD: 0.9515, FDAug: 0.4757, Var: 0.0000, Ctx: 6, MixCtx: 3, Train: 76.12%, Valid: 72.85%, Test In: 74.60% Test OOD1: 66.26% Test OOD2: 53.47% Test OOD3: 63.53% 
Epoch: 88, Loss: 2.8748, Cls: 0.9583, Ind: 0.0000, Med: 0.4792, Spu: 0.0000, FD: 0.9581, FDAug: 0.4792, Var: 0.0000, Ctx: 6, MixCtx: 3, Train: 76.08%, Valid: 72.80%, Test In: 74.42% Test OOD1: 67.29% Test OOD2: 53.30% Test OOD3: 63.82% 
Epoch: 89, Loss: 2.8599, Cls: 0.9534, Ind: 0.0000, Med: 0.4768, Spu: 0.0000, FD: 0.9532, FDAug: 0.4765, Var: 0.0000, Ctx: 6, MixCtx: 3, Train: 76.16%, Valid: 72.86%, Test In: 74.54% Test OOD1: 66.97% Test OOD2: 53.37% Test OOD3: 63.74% 
Epoch: 90, Loss: 2.8467, Cls: 0.9490, Ind: 0.0000, Med: 0.4746, Spu: 0.0000, FD: 0.9487, FDAug: 0.4744, Var: 0.0000, Ctx: 6, MixCtx: 3, Train: 76.22%, Valid: 72.94%, Test In: 74.63% Test OOD1: 66.41% Test OOD2: 53.45% Test OOD3: 63.59% 
Epoch: 91, Loss: 2.8598, Cls: 0.9531, Ind: 0.0000, Med: 0.4765, Spu: 0.0000, FD: 0.9533, FDAug: 0.4768, Var: 0.0000, Ctx: 6, MixCtx: 3, Train: 76.19%, Valid: 72.89%, Test In: 74.48% Test OOD1: 67.30% Test OOD2: 53.30% Test OOD3: 63.85% 
Epoch: 92, Loss: 2.8553, Cls: 0.9519, Ind: 0.0000, Med: 0.4760, Spu: 0.0000, FD: 0.9516, FDAug: 0.4757, Var: 0.0000, Ctx: 6, MixCtx: 3, Train: 76.28%, Valid: 72.96%, Test In: 74.59% Test OOD1: 66.91% Test OOD2: 53.38% Test OOD3: 63.75% 
Epoch: 93, Loss: 2.8417, Cls: 0.9472, Ind: 0.0000, Med: 0.4737, Spu: 0.0000, FD: 0.9472, FDAug: 0.4736, Var: 0.0000, Ctx: 6, MixCtx: 3, Train: 76.33%, Valid: 73.00%, Test In: 74.64% Test OOD1: 66.74% Test OOD2: 53.40% Test OOD3: 63.71% 
Epoch: 94, Loss: 2.8461, Cls: 0.9487, Ind: 0.0000, Med: 0.4744, Spu: 0.0000, FD: 0.9485, FDAug: 0.4744, Var: 0.0000, Ctx: 6, MixCtx: 3, Train: 76.28%, Valid: 72.95%, Test In: 74.49% Test OOD1: 67.44% Test OOD2: 53.27% Test OOD3: 63.92% 
Epoch: 95, Loss: 2.8531, Cls: 0.9509, Ind: 0.0000, Med: 0.4754, Spu: 0.0000, FD: 0.9513, FDAug: 0.4755, Var: 0.0000, Ctx: 6, MixCtx: 3, Train: 76.40%, Valid: 73.07%, Test In: 74.67% Test OOD1: 66.68% Test OOD2: 53.39% Test OOD3: 63.71% 
Epoch: 96, Loss: 2.8483, Cls: 0.9496, Ind: 0.0000, Med: 0.4749, Spu: 0.0000, FD: 0.9491, FDAug: 0.4747, Var: 0.0000, Ctx: 6, MixCtx: 3, Train: 76.40%, Valid: 73.05%, Test In: 74.60% Test OOD1: 67.20% Test OOD2: 53.32% Test OOD3: 63.86% 
Epoch: 97, Loss: 2.8373, Cls: 0.9457, Ind: 0.0000, Med: 0.4728, Spu: 0.0000, FD: 0.9459, FDAug: 0.4729, Var: 0.0000, Ctx: 6, MixCtx: 3, Train: 76.44%, Valid: 73.08%, Test In: 74.62% Test OOD1: 67.18% Test OOD2: 53.32% Test OOD3: 63.87% 
Epoch: 98, Loss: 2.8360, Cls: 0.9452, Ind: 0.0000, Med: 0.4726, Spu: 0.0000, FD: 0.9454, FDAug: 0.4727, Var: 0.0000, Ctx: 6, MixCtx: 3, Train: 76.51%, Valid: 73.16%, Test In: 74.71% Test OOD1: 66.66% Test OOD2: 53.38% Test OOD3: 63.72% 
Epoch: 99, Loss: 2.8418, Cls: 0.9473, Ind: 0.0000, Med: 0.4737, Spu: 0.0000, FD: 0.9471, FDAug: 0.4737, Var: 0.0000, Ctx: 6, MixCtx: 3, Train: 76.50%, Valid: 73.13%, Test In: 74.62% Test OOD1: 67.32% Test OOD2: 53.30% Test OOD3: 63.92% 
Epoch: 100, Loss: 2.8411, Cls: 0.9470, Ind: 0.0000, Med: 0.4735, Spu: 0.0000, FD: 0.9471, FDAug: 0.4734, Var: 0.0000, Ctx: 6, MixCtx: 3, Train: 76.58%, Valid: 73.21%, Test In: 74.73% Test OOD1: 66.78% Test OOD2: 53.37% Test OOD3: 63.77% 
Epoch: 101, Loss: 2.8340, Cls: 0.9446, Ind: 0.0000, Med: 0.4723, Spu: 0.0000, FD: 0.9447, FDAug: 0.4725, Var: 0.0000, Ctx: 6, MixCtx: 3, Train: 76.60%, Valid: 73.22%, Test In: 74.71% Test OOD1: 67.04% Test OOD2: 53.34% Test OOD3: 63.86% 
Epoch: 102, Loss: 2.8284, Cls: 0.9427, Ind: 0.0000, Med: 0.4714, Spu: 0.0000, FD: 0.9428, FDAug: 0.4714, Var: 0.0000, Ctx: 6, MixCtx: 3, Train: 76.62%, Valid: 73.23%, Test In: 74.68% Test OOD1: 67.23% Test OOD2: 53.32% Test OOD3: 63.92% 
Epoch: 103, Loss: 2.8293, Cls: 0.9430, Ind: 0.0000, Med: 0.4715, Spu: 0.0000, FD: 0.9431, FDAug: 0.4715, Var: 0.0000, Ctx: 6, MixCtx: 3, Train: 76.70%, Valid: 73.31%, Test In: 74.75% Test OOD1: 66.75% Test OOD2: 53.38% Test OOD3: 63.79% 
Epoch: 104, Loss: 2.8347, Cls: 0.9448, Ind: 0.0000, Med: 0.4725, Spu: 0.0000, FD: 0.9448, FDAug: 0.4725, Var: 0.0000, Ctx: 6, MixCtx: 3, Train: 76.66%, Valid: 73.24%, Test In: 74.65% Test OOD1: 67.48% Test OOD2: 53.28% Test OOD3: 64.02% 
Epoch: 105, Loss: 2.8411, Cls: 0.9470, Ind: 0.0000, Med: 0.4735, Spu: 0.0000, FD: 0.9472, FDAug: 0.4734, Var: 0.0000, Ctx: 6, MixCtx: 3, Train: 76.78%, Valid: 73.36%, Test In: 74.77% Test OOD1: 66.45% Test OOD2: 53.41% Test OOD3: 63.72% 
Epoch: 106, Loss: 2.8507, Cls: 0.9502, Ind: 0.0000, Med: 0.4752, Spu: 0.0000, FD: 0.9500, FDAug: 0.4752, Var: 0.0000, Ctx: 6, MixCtx: 3, Train: 76.72%, Valid: 73.28%, Test In: 74.66% Test OOD1: 67.54% Test OOD2: 53.29% Test OOD3: 64.05% 
Epoch: 107, Loss: 2.8559, Cls: 0.9521, Ind: 0.0000, Med: 0.4761, Spu: 0.0000, FD: 0.9520, FDAug: 0.4757, Var: 0.0000, Ctx: 6, MixCtx: 3, Train: 76.83%, Valid: 73.40%, Test In: 74.78% Test OOD1: 66.28% Test OOD2: 53.48% Test OOD3: 63.68% 
Epoch: 108, Loss: 2.8531, Cls: 0.9509, Ind: 0.0000, Med: 0.4754, Spu: 0.0000, FD: 0.9510, FDAug: 0.4758, Var: 0.0000, Ctx: 6, MixCtx: 3, Train: 76.83%, Valid: 73.39%, Test In: 74.76% Test OOD1: 67.27% Test OOD2: 53.39% Test OOD3: 63.98% 
Epoch: 109, Loss: 2.8323, Cls: 0.9442, Ind: 0.0000, Med: 0.4722, Spu: 0.0000, FD: 0.9440, FDAug: 0.4719, Var: 0.0000, Ctx: 6, MixCtx: 3, Train: 76.91%, Valid: 73.43%, Test In: 74.81% Test OOD1: 66.94% Test OOD2: 53.47% Test OOD3: 63.89% 
Epoch: 110, Loss: 2.8180, Cls: 0.9392, Ind: 0.0000, Med: 0.4696, Spu: 0.0000, FD: 0.9393, FDAug: 0.4698, Var: 0.0000, Ctx: 6, MixCtx: 3, Train: 76.95%, Valid: 73.45%, Test In: 74.81% Test OOD1: 66.79% Test OOD2: 53.50% Test OOD3: 63.86% 
Epoch: 111, Loss: 2.8226, Cls: 0.9408, Ind: 0.0000, Med: 0.4704, Spu: 0.0000, FD: 0.9408, FDAug: 0.4706, Var: 0.0000, Ctx: 6, MixCtx: 3, Train: 76.89%, Valid: 73.34%, Test In: 74.70% Test OOD1: 67.58% Test OOD2: 53.38% Test OOD3: 64.12% 
Epoch: 112, Loss: 2.8379, Cls: 0.9458, Ind: 0.0000, Med: 0.4728, Spu: 0.0000, FD: 0.9463, FDAug: 0.4729, Var: 0.0000, Ctx: 6, MixCtx: 3, Train: 77.03%, Valid: 73.46%, Test In: 74.80% Test OOD1: 66.54% Test OOD2: 53.55% Test OOD3: 63.82% 
Epoch: 113, Loss: 2.8582, Cls: 0.9531, Ind: 0.0000, Med: 0.4768, Spu: 0.0000, FD: 0.9520, FDAug: 0.4762, Var: 0.0000, Ctx: 6, MixCtx: 3, Train: 76.89%, Valid: 73.30%, Test In: 74.67% Test OOD1: 67.78% Test OOD2: 53.36% Test OOD3: 64.21% 
Epoch: 114, Loss: 2.8656, Cls: 0.9550, Ind: 0.0000, Med: 0.4774, Spu: 0.0000, FD: 0.9557, FDAug: 0.4774, Var: 0.0000, Ctx: 6, MixCtx: 3, Train: 77.08%, Valid: 73.49%, Test In: 74.81% Test OOD1: 66.40% Test OOD2: 53.60% Test OOD3: 63.77% 
Epoch: 115, Loss: 2.8574, Cls: 0.9525, Ind: 0.0000, Med: 0.4764, Spu: 0.0000, FD: 0.9521, FDAug: 0.4764, Var: 0.0000, Ctx: 6, MixCtx: 3, Train: 77.05%, Valid: 73.44%, Test In: 74.82% Test OOD1: 67.40% Test OOD2: 53.49% Test OOD3: 64.08% 
Epoch: 116, Loss: 2.8243, Cls: 0.9415, Ind: 0.0000, Med: 0.4708, Spu: 0.0000, FD: 0.9414, FDAug: 0.4706, Var: 0.0000, Ctx: 6, MixCtx: 3, Train: 77.10%, Valid: 73.47%, Test In: 74.85% Test OOD1: 67.22% Test OOD2: 53.53% Test OOD3: 64.03% 
Epoch: 117, Loss: 2.8144, Cls: 0.9381, Ind: 0.0000, Med: 0.4691, Spu: 0.0000, FD: 0.9380, FDAug: 0.4691, Var: 0.0000, Ctx: 6, MixCtx: 3, Train: 77.18%, Valid: 73.50%, Test In: 74.85% Test OOD1: 66.70% Test OOD2: 53.63% Test OOD3: 63.89% 
Epoch: 118, Loss: 2.8335, Cls: 0.9443, Ind: 0.0000, Med: 0.4722, Spu: 0.0000, FD: 0.9444, FDAug: 0.4725, Var: 0.0000, Ctx: 6, MixCtx: 3, Train: 77.09%, Valid: 73.37%, Test In: 74.76% Test OOD1: 67.70% Test OOD2: 53.46% Test OOD3: 64.23% 
Epoch: 119, Loss: 2.8333, Cls: 0.9445, Ind: 0.0000, Med: 0.4723, Spu: 0.0000, FD: 0.9445, FDAug: 0.4720, Var: 0.0000, Ctx: 6, MixCtx: 3, Train: 77.25%, Valid: 73.47%, Test In: 74.85% Test OOD1: 67.06% Test OOD2: 53.61% Test OOD3: 64.04% 
Epoch: 120, Loss: 2.8174, Cls: 0.9391, Ind: 0.0000, Med: 0.4696, Spu: 0.0000, FD: 0.9390, FDAug: 0.4696, Var: 0.0000, Ctx: 6, MixCtx: 3, Train: 77.20%, Valid: 73.39%, Test In: 74.81% Test OOD1: 67.49% Test OOD2: 53.55% Test OOD3: 64.19% 
Epoch: 121, Loss: 2.8041, Cls: 0.9346, Ind: 0.0000, Med: 0.4673, Spu: 0.0000, FD: 0.9348, FDAug: 0.4674, Var: 0.0000, Ctx: 6, MixCtx: 3, Train: 77.23%, Valid: 73.39%, Test In: 74.82% Test OOD1: 67.51% Test OOD2: 53.55% Test OOD3: 64.21% 
Epoch: 122, Loss: 2.8042, Cls: 0.9346, Ind: 0.0000, Med: 0.4673, Spu: 0.0000, FD: 0.9349, FDAug: 0.4674, Var: 0.0000, Ctx: 6, MixCtx: 3, Train: 77.34%, Valid: 73.48%, Test In: 74.87% Test OOD1: 66.93% Test OOD2: 53.67% Test OOD3: 64.01% 
Epoch: 123, Loss: 2.8125, Cls: 0.9375, Ind: 0.0000, Med: 0.4688, Spu: 0.0000, FD: 0.9373, FDAug: 0.4688, Var: 0.0000, Ctx: 6, MixCtx: 3, Train: 77.30%, Valid: 73.43%, Test In: 74.85% Test OOD1: 67.52% Test OOD2: 53.56% Test OOD3: 64.20% 
Epoch: 124, Loss: 2.8160, Cls: 0.9386, Ind: 0.0000, Med: 0.4693, Spu: 0.0000, FD: 0.9389, FDAug: 0.4693, Var: 0.0000, Ctx: 6, MixCtx: 3, Train: 77.41%, Valid: 73.50%, Test In: 74.88% Test OOD1: 66.81% Test OOD2: 53.69% Test OOD3: 63.97% 
Epoch: 125, Loss: 2.8067, Cls: 0.9355, Ind: 0.0000, Med: 0.4678, Spu: 0.0000, FD: 0.9354, FDAug: 0.4679, Var: 0.0000, Ctx: 6, MixCtx: 3, Train: 77.44%, Valid: 73.48%, Test In: 74.88% Test OOD1: 67.16% Test OOD2: 53.64% Test OOD3: 64.09% 
Epoch: 126, Loss: 2.7952, Cls: 0.9316, Ind: 0.0000, Med: 0.4658, Spu: 0.0000, FD: 0.9318, FDAug: 0.4659, Var: 0.0000, Ctx: 6, MixCtx: 3, Train: 77.46%, Valid: 73.45%, Test In: 74.85% Test OOD1: 67.34% Test OOD2: 53.61% Test OOD3: 64.17% 
Epoch: 127, Loss: 2.7956, Cls: 0.9317, Ind: 0.0000, Med: 0.4658, Spu: 0.0000, FD: 0.9320, FDAug: 0.4659, Var: 0.0000, Ctx: 6, MixCtx: 3, Train: 77.53%, Valid: 73.46%, Test In: 74.82% Test OOD1: 66.84% Test OOD2: 53.70% Test OOD3: 64.01% 
Epoch: 128, Loss: 2.8082, Cls: 0.9361, Ind: 0.0000, Med: 0.4682, Spu: 0.0000, FD: 0.9358, FDAug: 0.4681, Var: 0.0000, Ctx: 6, MixCtx: 3, Train: 77.40%, Valid: 73.35%, Test In: 74.79% Test OOD1: 67.74% Test OOD2: 53.54% Test OOD3: 64.34% 
Epoch: 129, Loss: 2.8307, Cls: 0.9435, Ind: 0.0000, Med: 0.4717, Spu: 0.0000, FD: 0.9439, FDAug: 0.4716, Var: 0.0000, Ctx: 6, MixCtx: 3, Train: 77.55%, Valid: 73.42%, Test In: 74.71% Test OOD1: 66.13% Test OOD2: 53.75% Test OOD3: 63.76% 
Epoch: 130, Loss: 2.8616, Cls: 0.9541, Ind: 0.0000, Med: 0.4773, Spu: 0.0000, FD: 0.9533, FDAug: 0.4769, Var: 0.0000, Ctx: 6, MixCtx: 3, Train: 77.51%, Valid: 73.45%, Test In: 74.86% Test OOD1: 67.69% Test OOD2: 53.56% Test OOD3: 64.29% 
Epoch: 131, Loss: 2.8601, Cls: 0.9538, Ind: 0.0000, Med: 0.4771, Spu: 0.0000, FD: 0.9531, FDAug: 0.4761, Var: 0.0000, Ctx: 6, MixCtx: 3, Train: 77.61%, Valid: 73.50%, Test In: 74.82% Test OOD1: 66.45% Test OOD2: 53.77% Test OOD3: 63.84% 
Epoch: 132, Loss: 2.8090, Cls: 0.9361, Ind: 0.0000, Med: 0.4681, Spu: 0.0000, FD: 0.9362, FDAug: 0.4685, Var: 0.0000, Ctx: 6, MixCtx: 3, Train: 77.67%, Valid: 73.50%, Test In: 74.87% Test OOD1: 66.74% Test OOD2: 53.78% Test OOD3: 63.95% 
Epoch: 133, Loss: 2.7970, Cls: 0.9321, Ind: 0.0000, Med: 0.4661, Spu: 0.0000, FD: 0.9323, FDAug: 0.4664, Var: 0.0000, Ctx: 6, MixCtx: 3, Train: 77.52%, Valid: 73.38%, Test In: 74.84% Test OOD1: 67.83% Test OOD2: 53.64% Test OOD3: 64.39% 
Epoch: 134, Loss: 2.8368, Cls: 0.9459, Ind: 0.0000, Med: 0.4731, Spu: 0.0000, FD: 0.9454, FDAug: 0.4723, Var: 0.0000, Ctx: 6, MixCtx: 3, Train: 77.73%, Valid: 73.43%, Test In: 74.80% Test OOD1: 66.69% Test OOD2: 53.88% Test OOD3: 63.98% 
Epoch: 135, Loss: 2.8419, Cls: 0.9474, Ind: 0.0000, Med: 0.4738, Spu: 0.0000, FD: 0.9469, FDAug: 0.4737, Var: 0.0000, Ctx: 6, MixCtx: 3, Train: 77.64%, Valid: 73.39%, Test In: 74.86% Test OOD1: 67.78% Test OOD2: 53.71% Test OOD3: 64.39% 
Epoch: 136, Loss: 2.7966, Cls: 0.9322, Ind: 0.0000, Med: 0.4661, Spu: 0.0000, FD: 0.9324, FDAug: 0.4660, Var: 0.0000, Ctx: 6, MixCtx: 3, Train: 77.75%, Valid: 73.45%, Test In: 74.89% Test OOD1: 67.59% Test OOD2: 53.76% Test OOD3: 64.31% 
Epoch: 137, Loss: 2.7814, Cls: 0.9270, Ind: 0.0000, Med: 0.4635, Spu: 0.0000, FD: 0.9272, FDAug: 0.4636, Var: 0.0000, Ctx: 6, MixCtx: 3, Train: 77.81%, Valid: 73.45%, Test In: 74.87% Test OOD1: 66.95% Test OOD2: 53.91% Test OOD3: 64.07% 
Epoch: 138, Loss: 2.8070, Cls: 0.9358, Ind: 0.0000, Med: 0.4681, Spu: 0.0000, FD: 0.9352, FDAug: 0.4679, Var: 0.0000, Ctx: 6, MixCtx: 3, Train: 77.72%, Valid: 73.42%, Test In: 74.90% Test OOD1: 67.79% Test OOD2: 53.75% Test OOD3: 64.37% 
Epoch: 139, Loss: 2.8035, Cls: 0.9344, Ind: 0.0000, Med: 0.4671, Spu: 0.0000, FD: 0.9348, FDAug: 0.4672, Var: 0.0000, Ctx: 6, MixCtx: 3, Train: 77.86%, Valid: 73.45%, Test In: 74.91% Test OOD1: 67.25% Test OOD2: 53.87% Test OOD3: 64.18% 
Epoch: 140, Loss: 2.7780, Cls: 0.9259, Ind: 0.0000, Med: 0.4630, Spu: 0.0000, FD: 0.9259, FDAug: 0.4631, Var: 0.0000, Ctx: 6, MixCtx: 3, Train: 77.92%, Valid: 73.44%, Test In: 74.88% Test OOD1: 67.11% Test OOD2: 53.91% Test OOD3: 64.14% 
Epoch: 141, Loss: 2.7829, Cls: 0.9276, Ind: 0.0000, Med: 0.4639, Spu: 0.0000, FD: 0.9275, FDAug: 0.4639, Var: 0.0000, Ctx: 6, MixCtx: 3, Train: 77.76%, Valid: 73.36%, Test In: 74.87% Test OOD1: 67.78% Test OOD2: 53.80% Test OOD3: 64.41% 
Epoch: 142, Loss: 2.8021, Cls: 0.9340, Ind: 0.0000, Med: 0.4670, Spu: 0.0000, FD: 0.9342, FDAug: 0.4668, Var: 0.0000, Ctx: 6, MixCtx: 3, Train: 77.99%, Valid: 73.41%, Test In: 74.84% Test OOD1: 66.82% Test OOD2: 54.00% Test OOD3: 64.01% 
Epoch: 143, Loss: 2.7951, Cls: 0.9317, Ind: 0.0000, Med: 0.4659, Spu: 0.0000, FD: 0.9315, FDAug: 0.4660, Var: 0.0000, Ctx: 6, MixCtx: 3, Train: 77.99%, Valid: 73.46%, Test In: 74.91% Test OOD1: 67.31% Test OOD2: 53.90% Test OOD3: 64.19% 
Epoch: 144, Loss: 2.7726, Cls: 0.9241, Ind: 0.0000, Med: 0.4621, Spu: 0.0000, FD: 0.9242, FDAug: 0.4621, Var: 0.0000, Ctx: 6, MixCtx: 3, Train: 78.05%, Valid: 73.47%, Test In: 74.90% Test OOD1: 67.22% Test OOD2: 53.91% Test OOD3: 64.15% 
Epoch: 145, Loss: 2.7714, Cls: 0.9238, Ind: 0.0000, Med: 0.4619, Spu: 0.0000, FD: 0.9238, FDAug: 0.4619, Var: 0.0000, Ctx: 6, MixCtx: 3, Train: 78.10%, Valid: 73.41%, Test In: 74.77% Test OOD1: 66.59% Test OOD2: 54.03% Test OOD3: 63.90% 
Epoch: 146, Loss: 2.7844, Cls: 0.9281, Ind: 0.0000, Med: 0.4641, Spu: 0.0000, FD: 0.9279, FDAug: 0.4642, Var: 0.0000, Ctx: 6, MixCtx: 3, Train: 78.07%, Valid: 73.44%, Test In: 74.87% Test OOD1: 67.51% Test OOD2: 53.89% Test OOD3: 64.26% 
Epoch: 147, Loss: 2.7833, Cls: 0.9277, Ind: 0.0000, Med: 0.4638, Spu: 0.0000, FD: 0.9279, FDAug: 0.4638, Var: 0.0000, Ctx: 6, MixCtx: 3, Train: 78.19%, Valid: 73.40%, Test In: 74.77% Test OOD1: 66.82% Test OOD2: 54.02% Test OOD3: 63.98% 
Epoch: 148, Loss: 2.7696, Cls: 0.9232, Ind: 0.0000, Med: 0.4617, Spu: 0.0000, FD: 0.9230, FDAug: 0.4616, Var: 0.0000, Ctx: 6, MixCtx: 3, Train: 78.22%, Valid: 73.43%, Test In: 74.82% Test OOD1: 67.13% Test OOD2: 53.98% Test OOD3: 64.11% 
Epoch: 149, Loss: 2.7586, Cls: 0.9195, Ind: 0.0000, Med: 0.4598, Spu: 0.0000, FD: 0.9196, FDAug: 0.4598, Var: 0.0000, Ctx: 6, MixCtx: 3, Train: 78.26%, Valid: 73.43%, Test In: 74.82% Test OOD1: 67.10% Test OOD2: 54.00% Test OOD3: 64.11% 
Epoch: 150, Loss: 2.7580, Cls: 0.9193, Ind: 0.0000, Med: 0.4596, Spu: 0.0000, FD: 0.9194, FDAug: 0.4597, Var: 0.0000, Ctx: 6, MixCtx: 3, Train: 78.32%, Valid: 73.36%, Test In: 74.68% Test OOD1: 66.53% Test OOD2: 54.11% Test OOD3: 63.86% 
Epoch: 151, Loss: 2.7653, Cls: 0.9218, Ind: 0.0000, Med: 0.4610, Spu: 0.0000, FD: 0.9215, FDAug: 0.4609, Var: 0.0000, Ctx: 6, MixCtx: 3, Train: 78.30%, Valid: 73.44%, Test In: 74.83% Test OOD1: 67.25% Test OOD2: 54.03% Test OOD3: 64.17% 
Epoch: 152, Loss: 2.7772, Cls: 0.9257, Ind: 0.0000, Med: 0.4629, Spu: 0.0000, FD: 0.9259, FDAug: 0.4627, Var: 0.0000, Ctx: 6, MixCtx: 3, Train: 78.37%, Valid: 73.27%, Test In: 74.54% Test OOD1: 66.12% Test OOD2: 54.18% Test OOD3: 63.69% 
Epoch: 153, Loss: 2.7914, Cls: 0.9305, Ind: 0.0000, Med: 0.4654, Spu: 0.0000, FD: 0.9301, FDAug: 0.4653, Var: 0.0000, Ctx: 6, MixCtx: 3, Train: 78.32%, Valid: 73.44%, Test In: 74.85% Test OOD1: 67.44% Test OOD2: 54.02% Test OOD3: 64.24% 
Epoch: 154, Loss: 2.8055, Cls: 0.9354, Ind: 0.0000, Med: 0.4678, Spu: 0.0000, FD: 0.9351, FDAug: 0.4671, Var: 0.0000, Ctx: 6, MixCtx: 3, Train: 78.44%, Valid: 73.24%, Test In: 74.50% Test OOD1: 66.04% Test OOD2: 54.22% Test OOD3: 63.63% 
Epoch: 155, Loss: 2.8071, Cls: 0.9356, Ind: 0.0000, Med: 0.4679, Spu: 0.0000, FD: 0.9355, FDAug: 0.4681, Var: 0.0000, Ctx: 6, MixCtx: 3, Train: 78.42%, Valid: 73.47%, Test In: 74.84% Test OOD1: 67.42% Test OOD2: 54.07% Test OOD3: 64.22% 
Epoch: 156, Loss: 2.7813, Cls: 0.9274, Ind: 0.0000, Med: 0.4638, Spu: 0.0000, FD: 0.9269, FDAug: 0.4632, Var: 0.0000, Ctx: 6, MixCtx: 3, Train: 78.59%, Valid: 73.42%, Test In: 74.72% Test OOD1: 66.85% Test OOD2: 54.22% Test OOD3: 63.98% 
Epoch: 157, Loss: 2.7488, Cls: 0.9162, Ind: 0.0000, Med: 0.4581, Spu: 0.0000, FD: 0.9162, FDAug: 0.4583, Var: 0.0000, Ctx: 6, MixCtx: 3, Train: 78.60%, Valid: 73.41%, Test In: 74.75% Test OOD1: 67.08% Test OOD2: 54.24% Test OOD3: 64.09% 
Epoch: 158, Loss: 2.7433, Cls: 0.9143, Ind: 0.0000, Med: 0.4572, Spu: 0.0000, FD: 0.9144, FDAug: 0.4573, Var: 0.0000, Ctx: 6, MixCtx: 3, Train: 78.45%, Valid: 73.39%, Test In: 74.80% Test OOD1: 67.55% Test OOD2: 54.14% Test OOD3: 64.34% 
Epoch: 159, Loss: 2.7670, Cls: 0.9223, Ind: 0.0000, Med: 0.4612, Spu: 0.0000, FD: 0.9225, FDAug: 0.4610, Var: 0.0000, Ctx: 6, MixCtx: 3, Train: 78.64%, Valid: 73.23%, Test In: 74.51% Test OOD1: 66.26% Test OOD2: 54.37% Test OOD3: 63.73% 
Epoch: 160, Loss: 2.8013, Cls: 0.9341, Ind: 0.0000, Med: 0.4673, Spu: 0.0000, FD: 0.9330, FDAug: 0.4668, Var: 0.0000, Ctx: 6, MixCtx: 3, Train: 78.55%, Valid: 73.52%, Test In: 74.81% Test OOD1: 67.45% Test OOD2: 54.20% Test OOD3: 64.20% 
Epoch: 161, Loss: 2.8075, Cls: 0.9357, Ind: 0.0000, Med: 0.4677, Spu: 0.0000, FD: 0.9363, FDAug: 0.4677, Var: 0.0000, Ctx: 6, MixCtx: 3, Train: 78.77%, Valid: 73.40%, Test In: 74.59% Test OOD1: 66.46% Test OOD2: 54.32% Test OOD3: 63.78% 
Epoch: 162, Loss: 2.7532, Cls: 0.9178, Ind: 0.0000, Med: 0.4591, Spu: 0.0000, FD: 0.9173, FDAug: 0.4589, Var: 0.0000, Ctx: 6, MixCtx: 3, Train: 78.81%, Valid: 73.43%, Test In: 74.71% Test OOD1: 67.03% Test OOD2: 54.28% Test OOD3: 64.03% 
Epoch: 163, Loss: 2.7332, Cls: 0.9111, Ind: 0.0000, Med: 0.4556, Spu: 0.0000, FD: 0.9109, FDAug: 0.4556, Var: 0.0000, Ctx: 6, MixCtx: 3, Train: 78.48%, Valid: 73.38%, Test In: 74.76% Test OOD1: 67.64% Test OOD2: 54.14% Test OOD3: 64.38% 
Epoch: 164, Loss: 2.7765, Cls: 0.9254, Ind: 0.0000, Med: 0.4627, Spu: 0.0000, FD: 0.9258, FDAug: 0.4626, Var: 0.0000, Ctx: 6, MixCtx: 3, Train: 78.72%, Valid: 73.12%, Test In: 74.34% Test OOD1: 65.93% Test OOD2: 54.50% Test OOD3: 63.54% 
Epoch: 165, Loss: 2.8204, Cls: 0.9403, Ind: 0.0000, Med: 0.4704, Spu: 0.0000, FD: 0.9395, FDAug: 0.4702, Var: 0.0000, Ctx: 6, MixCtx: 3, Train: 78.77%, Valid: 73.57%, Test In: 74.79% Test OOD1: 67.17% Test OOD2: 54.29% Test OOD3: 64.07% 
Epoch: 166, Loss: 2.8088, Cls: 0.9365, Ind: 0.0000, Med: 0.4684, Spu: 0.0000, FD: 0.9362, FDAug: 0.4677, Var: 0.0000, Ctx: 6, MixCtx: 3, Train: 78.92%, Valid: 73.47%, Test In: 74.65% Test OOD1: 66.56% Test OOD2: 54.36% Test OOD3: 63.82% 
Epoch: 167, Loss: 2.7377, Cls: 0.9125, Ind: 0.0000, Med: 0.4563, Spu: 0.0000, FD: 0.9125, FDAug: 0.4564, Var: 0.0000, Ctx: 6, MixCtx: 3, Train: 79.01%, Valid: 73.31%, Test In: 74.57% Test OOD1: 66.58% Test OOD2: 54.41% Test OOD3: 63.84% 
Epoch: 168, Loss: 2.7751, Cls: 0.9247, Ind: 0.0000, Med: 0.4623, Spu: 0.0000, FD: 0.9250, FDAug: 0.4630, Var: 0.0000, Ctx: 6, MixCtx: 3, Train: 78.12%, Valid: 73.20%, Test In: 74.63% Test OOD1: 67.98% Test OOD2: 53.99% Test OOD3: 64.57% 
Epoch: 169, Loss: 2.8559, Cls: 0.9525, Ind: 0.0000, Med: 0.4764, Spu: 0.0000, FD: 0.9518, FDAug: 0.4752, Var: 0.0000, Ctx: 6, MixCtx: 3, Train: 79.04%, Valid: 73.26%, Test In: 74.52% Test OOD1: 66.19% Test OOD2: 54.46% Test OOD3: 63.68% 
Epoch: 170, Loss: 2.8087, Cls: 0.9358, Ind: 0.0000, Med: 0.4679, Spu: 0.0000, FD: 0.9363, FDAug: 0.4686, Var: 0.0000, Ctx: 6, MixCtx: 3, Train: 78.96%, Valid: 73.51%, Test In: 74.75% Test OOD1: 66.66% Test OOD2: 54.35% Test OOD3: 63.89% 
Epoch: 171, Loss: 2.7431, Cls: 0.9143, Ind: 0.0000, Med: 0.4572, Spu: 0.0000, FD: 0.9143, FDAug: 0.4572, Var: 0.0000, Ctx: 6, MixCtx: 3, Train: 78.88%, Valid: 73.57%, Test In: 74.84% Test OOD1: 67.33% Test OOD2: 54.26% Test OOD3: 64.19% 
Epoch: 172, Loss: 2.7992, Cls: 0.9334, Ind: 0.0000, Med: 0.4669, Spu: 0.0000, FD: 0.9329, FDAug: 0.4660, Var: 0.0000, Ctx: 6, MixCtx: 3, Train: 79.05%, Valid: 73.31%, Test In: 74.64% Test OOD1: 66.60% Test OOD2: 54.50% Test OOD3: 63.87% 
Epoch: 173, Loss: 2.7510, Cls: 0.9170, Ind: 0.0000, Med: 0.4586, Spu: 0.0000, FD: 0.9168, FDAug: 0.4587, Var: 0.0000, Ctx: 6, MixCtx: 3, Train: 78.98%, Valid: 73.34%, Test In: 74.70% Test OOD1: 67.25% Test OOD2: 54.40% Test OOD3: 64.16% 
Epoch: 174, Loss: 2.7285, Cls: 0.9095, Ind: 0.0000, Med: 0.4548, Spu: 0.0000, FD: 0.9093, FDAug: 0.4548, Var: 0.0000, Ctx: 6, MixCtx: 3, Train: 78.54%, Valid: 73.27%, Test In: 74.65% Test OOD1: 67.88% Test OOD2: 54.10% Test OOD3: 64.51% 
Epoch: 175, Loss: 2.7933, Cls: 0.9308, Ind: 0.0000, Med: 0.4652, Spu: 0.0000, FD: 0.9319, FDAug: 0.4655, Var: 0.0000, Ctx: 6, MixCtx: 3, Train: 79.25%, Valid: 73.32%, Test In: 74.47% Test OOD1: 66.34% Test OOD2: 54.43% Test OOD3: 63.80% 
Epoch: 176, Loss: 2.7618, Cls: 0.9209, Ind: 0.0000, Med: 0.4607, Spu: 0.0000, FD: 0.9199, FDAug: 0.4603, Var: 0.0000, Ctx: 6, MixCtx: 3, Train: 79.20%, Valid: 73.42%, Test In: 74.56% Test OOD1: 66.39% Test OOD2: 54.44% Test OOD3: 63.82% 
Epoch: 177, Loss: 2.7215, Cls: 0.9071, Ind: 0.0000, Med: 0.4536, Spu: 0.0000, FD: 0.9071, FDAug: 0.4537, Var: 0.0000, Ctx: 6, MixCtx: 3, Train: 79.16%, Valid: 73.47%, Test In: 74.71% Test OOD1: 67.11% Test OOD2: 54.36% Test OOD3: 64.14% 
Epoch: 178, Loss: 2.7644, Cls: 0.9213, Ind: 0.0000, Med: 0.4606, Spu: 0.0000, FD: 0.9219, FDAug: 0.4606, Var: 0.0000, Ctx: 6, MixCtx: 3, Train: 79.35%, Valid: 73.19%, Test In: 74.46% Test OOD1: 66.37% Test OOD2: 54.57% Test OOD3: 63.80% 
Epoch: 179, Loss: 2.7206, Cls: 0.9069, Ind: 0.0000, Med: 0.4536, Spu: 0.0000, FD: 0.9066, FDAug: 0.4535, Var: 0.0000, Ctx: 6, MixCtx: 3, Train: 79.26%, Valid: 73.17%, Test In: 74.50% Test OOD1: 66.76% Test OOD2: 54.51% Test OOD3: 63.95% 
Epoch: 180, Loss: 2.7174, Cls: 0.9058, Ind: 0.0000, Med: 0.4530, Spu: 0.0000, FD: 0.9056, FDAug: 0.4529, Var: 0.0000, Ctx: 6, MixCtx: 3, Train: 79.05%, Valid: 73.26%, Test In: 74.61% Test OOD1: 67.51% Test OOD2: 54.23% Test OOD3: 64.35% 
Epoch: 181, Loss: 2.7550, Cls: 0.9184, Ind: 0.0000, Med: 0.4592, Spu: 0.0000, FD: 0.9184, FDAug: 0.4589, Var: 0.0000, Ctx: 6, MixCtx: 3, Train: 79.54%, Valid: 73.21%, Test In: 74.39% Test OOD1: 66.19% Test OOD2: 54.39% Test OOD3: 63.71% 
Epoch: 182, Loss: 2.7188, Cls: 0.9062, Ind: 0.0000, Med: 0.4531, Spu: 0.0000, FD: 0.9061, FDAug: 0.4533, Var: 0.0000, Ctx: 6, MixCtx: 3, Train: 79.54%, Valid: 73.22%, Test In: 74.36% Test OOD1: 66.08% Test OOD2: 54.33% Test OOD3: 63.68% 
Epoch: 183, Loss: 2.7050, Cls: 0.9016, Ind: 0.0000, Med: 0.4508, Spu: 0.0000, FD: 0.9016, FDAug: 0.4510, Var: 0.0000, Ctx: 6, MixCtx: 3, Train: 79.48%, Valid: 73.31%, Test In: 74.55% Test OOD1: 66.89% Test OOD2: 54.30% Test OOD3: 64.06% 
Epoch: 184, Loss: 2.7296, Cls: 0.9099, Ind: 0.0000, Med: 0.4550, Spu: 0.0000, FD: 0.9099, FDAug: 0.4548, Var: 0.0000, Ctx: 6, MixCtx: 3, Train: 79.64%, Valid: 73.05%, Test In: 74.23% Test OOD1: 66.07% Test OOD2: 54.48% Test OOD3: 63.61% 
Epoch: 185, Loss: 2.7087, Cls: 0.9030, Ind: 0.0000, Med: 0.4516, Spu: 0.0000, FD: 0.9027, FDAug: 0.4515, Var: 0.0000, Ctx: 6, MixCtx: 3, Train: 79.65%, Valid: 73.13%, Test In: 74.38% Test OOD1: 66.54% Test OOD2: 54.43% Test OOD3: 63.86% 
Epoch: 186, Loss: 2.6869, Cls: 0.8956, Ind: 0.0000, Med: 0.4478, Spu: 0.0000, FD: 0.8957, FDAug: 0.4478, Var: 0.0000, Ctx: 6, MixCtx: 3, Train: 79.69%, Valid: 73.17%, Test In: 74.41% Test OOD1: 66.58% Test OOD2: 54.40% Test OOD3: 63.92% 
Epoch: 187, Loss: 2.6962, Cls: 0.8986, Ind: 0.0000, Med: 0.4493, Spu: 0.0000, FD: 0.8990, FDAug: 0.4494, Var: 0.0000, Ctx: 6, MixCtx: 3, Train: 79.77%, Valid: 72.84%, Test In: 73.84% Test OOD1: 65.07% Test OOD2: 54.43% Test OOD3: 63.16% 
Epoch: 188, Loss: 2.7136, Cls: 0.9046, Ind: 0.0000, Med: 0.4525, Spu: 0.0000, FD: 0.9042, FDAug: 0.4523, Var: 0.0000, Ctx: 6, MixCtx: 3, Train: 79.84%, Valid: 73.09%, Test In: 74.23% Test OOD1: 66.01% Test OOD2: 54.37% Test OOD3: 63.64% 
Epoch: 189, Loss: 2.6979, Cls: 0.8992, Ind: 0.0000, Med: 0.4496, Spu: 0.0000, FD: 0.8994, FDAug: 0.4496, Var: 0.0000, Ctx: 6, MixCtx: 3, Train: 79.97%, Valid: 72.95%, Test In: 74.07% Test OOD1: 65.83% Test OOD2: 54.41% Test OOD3: 63.49% 
Epoch: 190, Loss: 2.6723, Cls: 0.8908, Ind: 0.0000, Med: 0.4455, Spu: 0.0000, FD: 0.8906, FDAug: 0.4454, Var: 0.0000, Ctx: 6, MixCtx: 3, Train: 79.97%, Valid: 72.88%, Test In: 74.13% Test OOD1: 65.99% Test OOD2: 54.44% Test OOD3: 63.51% 
Epoch: 191, Loss: 2.6761, Cls: 0.8920, Ind: 0.0000, Med: 0.4461, Spu: 0.0000, FD: 0.8919, FDAug: 0.4460, Var: 0.0000, Ctx: 6, MixCtx: 3, Train: 79.94%, Valid: 72.99%, Test In: 74.29% Test OOD1: 66.34% Test OOD2: 54.38% Test OOD3: 63.78% 
Epoch: 192, Loss: 2.6891, Cls: 0.8963, Ind: 0.0000, Med: 0.4481, Spu: 0.0000, FD: 0.8965, FDAug: 0.4481, Var: 0.0000, Ctx: 6, MixCtx: 3, Train: 80.03%, Valid: 72.60%, Test In: 73.58% Test OOD1: 64.71% Test OOD2: 54.37% Test OOD3: 62.84% 
Epoch: 193, Loss: 2.7066, Cls: 0.9023, Ind: 0.0000, Med: 0.4513, Spu: 0.0000, FD: 0.9018, FDAug: 0.4512, Var: 0.0000, Ctx: 6, MixCtx: 3, Train: 80.16%, Valid: 72.91%, Test In: 74.04% Test OOD1: 65.73% Test OOD2: 54.41% Test OOD3: 63.47% 
Epoch: 194, Loss: 2.7007, Cls: 0.9003, Ind: 0.0000, Med: 0.4502, Spu: 0.0000, FD: 0.9003, FDAug: 0.4500, Var: 0.0000, Ctx: 6, MixCtx: 3, Train: 80.24%, Valid: 72.67%, Test In: 73.75% Test OOD1: 65.42% Test OOD2: 54.49% Test OOD3: 63.15% 
Epoch: 195, Loss: 2.6706, Cls: 0.8903, Ind: 0.0000, Med: 0.4453, Spu: 0.0000, FD: 0.8900, FDAug: 0.4451, Var: 0.0000, Ctx: 6, MixCtx: 3, Train: 80.17%, Valid: 72.86%, Test In: 74.10% Test OOD1: 66.14% Test OOD2: 54.48% Test OOD3: 63.64% 
Epoch: 196, Loss: 2.6640, Cls: 0.8880, Ind: 0.0000, Med: 0.4440, Spu: 0.0000, FD: 0.8880, FDAug: 0.4439, Var: 0.0000, Ctx: 6, MixCtx: 3, Train: 80.43%, Valid: 72.64%, Test In: 73.69% Test OOD1: 65.16% Test OOD2: 54.52% Test OOD3: 63.14% 
Epoch: 197, Loss: 2.6511, Cls: 0.8837, Ind: 0.0000, Med: 0.4419, Spu: 0.0000, FD: 0.8836, FDAug: 0.4419, Var: 0.0000, Ctx: 6, MixCtx: 3, Train: 80.43%, Valid: 72.63%, Test In: 73.68% Test OOD1: 65.20% Test OOD2: 54.55% Test OOD3: 63.18% 
Epoch: 198, Loss: 2.6518, Cls: 0.8840, Ind: 0.0000, Med: 0.4421, Spu: 0.0000, FD: 0.8838, FDAug: 0.4419, Var: 0.0000, Ctx: 6, MixCtx: 3, Train: 80.57%, Valid: 72.62%, Test In: 73.71% Test OOD1: 65.52% Test OOD2: 54.56% Test OOD3: 63.19% 
Epoch: 199, Loss: 2.6417, Cls: 0.8806, Ind: 0.0000, Med: 0.4404, Spu: 0.0000, FD: 0.8804, FDAug: 0.4403, Var: 0.0000, Ctx: 6, MixCtx: 3, Train: 80.52%, Valid: 72.75%, Test In: 73.95% Test OOD1: 66.10% Test OOD2: 54.52% Test OOD3: 63.50% 
Epoch: 200, Loss: 2.6466, Cls: 0.8822, Ind: 0.0000, Med: 0.4411, Spu: 0.0000, FD: 0.8823, FDAug: 0.4410, Var: 0.0000, Ctx: 6, MixCtx: 3, Train: 80.71%, Valid: 72.46%, Test In: 73.44% Test OOD1: 65.02% Test OOD2: 54.48% Test OOD3: 62.88% 
Epoch: 201, Loss: 2.6486, Cls: 0.8830, Ind: 0.0000, Med: 0.4416, Spu: 0.0000, FD: 0.8826, FDAug: 0.4414, Var: 0.0000, Ctx: 6, MixCtx: 3, Train: 80.56%, Valid: 72.63%, Test In: 73.82% Test OOD1: 65.46% Test OOD2: 54.51% Test OOD3: 63.32% 
Epoch: 202, Loss: 2.6921, Cls: 0.8974, Ind: 0.0000, Med: 0.4487, Spu: 0.0000, FD: 0.8975, FDAug: 0.4484, Var: 0.0000, Ctx: 6, MixCtx: 3, Train: 80.53%, Valid: 72.01%, Test In: 72.96% Test OOD1: 64.13% Test OOD2: 54.44% Test OOD3: 62.25% 
Epoch: 203, Loss: 2.8024, Cls: 0.9341, Ind: 0.0000, Med: 0.4672, Spu: 0.0000, FD: 0.9337, FDAug: 0.4673, Var: 0.0000, Ctx: 6, MixCtx: 3, Train: 79.65%, Valid: 72.91%, Test In: 74.16% Test OOD1: 66.63% Test OOD2: 54.36% Test OOD3: 64.12% 
Epoch: 204, Loss: 3.0334, Cls: 1.0126, Ind: 0.0000, Med: 0.5069, Spu: 0.0000, FD: 1.0101, FDAug: 0.5038, Var: 0.0000, Ctx: 6, MixCtx: 3, Train: 79.65%, Valid: 71.55%, Test In: 72.20% Test OOD1: 62.34% Test OOD2: 54.01% Test OOD3: 61.59% 
Epoch: 205, Loss: 2.9444, Cls: 0.9800, Ind: 0.0000, Med: 0.4895, Spu: 0.0000, FD: 0.9827, FDAug: 0.4922, Var: 0.0000, Ctx: 6, MixCtx: 3, Train: 79.86%, Valid: 72.35%, Test In: 73.21% Test OOD1: 63.98% Test OOD2: 54.29% Test OOD3: 62.52% 
Epoch: 206, Loss: 2.7558, Cls: 0.9176, Ind: 0.0000, Med: 0.4584, Spu: 0.0000, FD: 0.9198, FDAug: 0.4601, Var: 0.0000, Ctx: 6, MixCtx: 3, Train: 80.13%, Valid: 72.98%, Test In: 74.17% Test OOD1: 66.93% Test OOD2: 54.48% Test OOD3: 63.95% 
Epoch: 207, Loss: 2.8701, Cls: 0.9586, Ind: 0.0000, Med: 0.4802, Spu: 0.0000, FD: 0.9547, FDAug: 0.4767, Var: 0.0000, Ctx: 6, MixCtx: 3, Train: 79.36%, Valid: 72.50%, Test In: 73.82% Test OOD1: 66.83% Test OOD2: 54.66% Test OOD3: 63.76% 
Epoch: 208, Loss: 2.7033, Cls: 0.9014, Ind: 0.0000, Med: 0.4509, Spu: 0.0000, FD: 0.9006, FDAug: 0.4503, Var: 0.0000, Ctx: 6, MixCtx: 3, Train: 78.49%, Valid: 72.03%, Test In: 73.39% Test OOD1: 66.57% Test OOD2: 54.58% Test OOD3: 63.49% 
Epoch: 209, Loss: 2.8313, Cls: 0.9442, Ind: 0.0000, Med: 0.4725, Spu: 0.0000, FD: 0.9428, FDAug: 0.4717, Var: 0.0000, Ctx: 6, MixCtx: 3, Train: 79.08%, Valid: 72.47%, Test In: 73.88% Test OOD1: 67.42% Test OOD2: 54.54% Test OOD3: 64.20% 
Epoch: 210, Loss: 2.7199, Cls: 0.9070, Ind: 0.0000, Med: 0.4538, Spu: 0.0000, FD: 0.9061, FDAug: 0.4529, Var: 0.0000, Ctx: 6, MixCtx: 3, Train: 79.85%, Valid: 72.84%, Test In: 74.16% Test OOD1: 67.03% Test OOD2: 54.45% Test OOD3: 64.24% 
Epoch: 211, Loss: 2.6974, Cls: 0.8988, Ind: 0.0000, Med: 0.4494, Spu: 0.0000, FD: 0.8994, FDAug: 0.4497, Var: 0.0000, Ctx: 6, MixCtx: 3, Train: 79.74%, Valid: 72.75%, Test In: 74.09% Test OOD1: 65.26% Test OOD2: 54.63% Test OOD3: 63.43% 
Epoch: 212, Loss: 2.7410, Cls: 0.9135, Ind: 0.0000, Med: 0.4568, Spu: 0.0000, FD: 0.9136, FDAug: 0.4571, Var: 0.0000, Ctx: 6, MixCtx: 3, Train: 79.38%, Valid: 72.90%, Test In: 74.17% Test OOD1: 65.26% Test OOD2: 54.66% Test OOD3: 63.37% 
Epoch: 213, Loss: 2.7485, Cls: 0.9161, Ind: 0.0000, Med: 0.4581, Spu: 0.0000, FD: 0.9161, FDAug: 0.4583, Var: 0.0000, Ctx: 6, MixCtx: 3, Train: 79.35%, Valid: 73.17%, Test In: 74.47% Test OOD1: 66.68% Test OOD2: 54.48% Test OOD3: 63.92% 
Epoch: 214, Loss: 2.7272, Cls: 0.9082, Ind: 0.0000, Med: 0.4538, Spu: 0.0000, FD: 0.9101, FDAug: 0.4551, Var: 0.0000, Ctx: 6, MixCtx: 3, Train: 79.14%, Valid: 73.09%, Test In: 74.45% Test OOD1: 67.10% Test OOD2: 54.34% Test OOD3: 64.13% 
Epoch: 215, Loss: 2.7269, Cls: 0.9084, Ind: 0.0000, Med: 0.4540, Spu: 0.0000, FD: 0.9098, FDAug: 0.4547, Var: 0.0000, Ctx: 6, MixCtx: 3, Train: 79.49%, Valid: 73.09%, Test In: 74.47% Test OOD1: 66.69% Test OOD2: 54.42% Test OOD3: 63.94% 
Epoch: 216, Loss: 2.7265, Cls: 0.9094, Ind: 0.0000, Med: 0.4550, Spu: 0.0000, FD: 0.9080, FDAug: 0.4540, Var: 0.0000, Ctx: 6, MixCtx: 3, Train: 79.52%, Valid: 73.02%, Test In: 74.46% Test OOD1: 66.90% Test OOD2: 54.39% Test OOD3: 64.09% 
Epoch: 217, Loss: 2.7134, Cls: 0.9049, Ind: 0.0000, Med: 0.4527, Spu: 0.0000, FD: 0.9039, FDAug: 0.4519, Var: 0.0000, Ctx: 6, MixCtx: 3, Train: 79.33%, Valid: 72.87%, Test In: 74.37% Test OOD1: 67.36% Test OOD2: 54.28% Test OOD3: 64.34% 
Epoch: 218, Loss: 2.7150, Cls: 0.9051, Ind: 0.0000, Med: 0.4526, Spu: 0.0000, FD: 0.9049, FDAug: 0.4524, Var: 0.0000, Ctx: 6, MixCtx: 3, Train: 79.93%, Valid: 73.01%, Test In: 74.40% Test OOD1: 66.98% Test OOD2: 54.41% Test OOD3: 64.22% 
Epoch: 219, Loss: 2.6721, Cls: 0.8907, Ind: 0.0000, Med: 0.4455, Spu: 0.0000, FD: 0.8906, FDAug: 0.4453, Var: 0.0000, Ctx: 6, MixCtx: 3, Train: 80.32%, Valid: 72.98%, Test In: 74.25% Test OOD1: 66.32% Test OOD2: 54.45% Test OOD3: 63.95% 
Epoch: 220, Loss: 2.6779, Cls: 0.8922, Ind: 0.0000, Med: 0.4460, Spu: 0.0000, FD: 0.8931, FDAug: 0.4467, Var: 0.0000, Ctx: 6, MixCtx: 3, Train: 80.58%, Valid: 72.89%, Test In: 74.13% Test OOD1: 66.55% Test OOD2: 54.52% Test OOD3: 63.93% 
Epoch: 221, Loss: 2.6468, Cls: 0.8820, Ind: 0.0000, Med: 0.4410, Spu: 0.0000, FD: 0.8824, FDAug: 0.4413, Var: 0.0000, Ctx: 6, MixCtx: 3, Train: 80.26%, Valid: 72.65%, Test In: 73.98% Test OOD1: 66.87% Test OOD2: 54.52% Test OOD3: 63.98% 
Epoch: 222, Loss: 2.6637, Cls: 0.8882, Ind: 0.0000, Med: 0.4443, Spu: 0.0000, FD: 0.8874, FDAug: 0.4437, Var: 0.0000, Ctx: 6, MixCtx: 3, Train: 80.15%, Valid: 72.36%, Test In: 73.69% Test OOD1: 66.34% Test OOD2: 54.56% Test OOD3: 63.68% 
Epoch: 223, Loss: 2.6561, Cls: 0.8853, Ind: 0.0000, Med: 0.4427, Spu: 0.0000, FD: 0.8854, FDAug: 0.4427, Var: 0.0000, Ctx: 6, MixCtx: 3, Train: 80.64%, Valid: 72.16%, Test In: 73.49% Test OOD1: 65.57% Test OOD2: 54.61% Test OOD3: 63.27% 
Epoch: 224, Loss: 2.6381, Cls: 0.8793, Ind: 0.0000, Med: 0.4397, Spu: 0.0000, FD: 0.8794, FDAug: 0.4398, Var: 0.0000, Ctx: 6, MixCtx: 3, Train: 81.15%, Valid: 72.15%, Test In: 73.48% Test OOD1: 65.10% Test OOD2: 54.54% Test OOD3: 63.15% 
Epoch: 225, Loss: 2.6185, Cls: 0.8731, Ind: 0.0000, Med: 0.4367, Spu: 0.0000, FD: 0.8724, FDAug: 0.4363, Var: 0.0000, Ctx: 6, MixCtx: 3, Train: 81.19%, Valid: 72.17%, Test In: 73.36% Test OOD1: 64.70% Test OOD2: 54.21% Test OOD3: 62.92% 
Epoch: 226, Loss: 2.6112, Cls: 0.8706, Ind: 0.0000, Med: 0.4355, Spu: 0.0000, FD: 0.8701, FDAug: 0.4351, Var: 0.0000, Ctx: 6, MixCtx: 3, Train: 80.99%, Valid: 72.20%, Test In: 73.33% Test OOD1: 64.72% Test OOD2: 54.00% Test OOD3: 62.88% 
Epoch: 227, Loss: 2.6224, Cls: 0.8742, Ind: 0.0000, Med: 0.4373, Spu: 0.0000, FD: 0.8739, FDAug: 0.4370, Var: 0.0000, Ctx: 6, MixCtx: 3, Train: 80.97%, Valid: 72.41%, Test In: 73.50% Test OOD1: 65.32% Test OOD2: 54.02% Test OOD3: 63.19% 
Epoch: 228, Loss: 2.6184, Cls: 0.8723, Ind: 0.0000, Med: 0.4360, Spu: 0.0000, FD: 0.8734, FDAug: 0.4366, Var: 0.0000, Ctx: 6, MixCtx: 3, Train: 81.43%, Valid: 72.15%, Test In: 73.19% Test OOD1: 64.59% Test OOD2: 54.16% Test OOD3: 62.73% 
Epoch: 229, Loss: 2.5946, Cls: 0.8649, Ind: 0.0000, Med: 0.4326, Spu: 0.0000, FD: 0.8647, FDAug: 0.4323, Var: 0.0000, Ctx: 6, MixCtx: 3, Train: 81.44%, Valid: 71.87%, Test In: 72.90% Test OOD1: 64.20% Test OOD2: 54.39% Test OOD3: 62.48% 
Epoch: 230, Loss: 2.5927, Cls: 0.8643, Ind: 0.0000, Med: 0.4322, Spu: 0.0000, FD: 0.8641, FDAug: 0.4320, Var: 0.0000, Ctx: 6, MixCtx: 3, Train: 81.36%, Valid: 71.72%, Test In: 72.77% Test OOD1: 64.24% Test OOD2: 54.49% Test OOD3: 62.50% 
Epoch: 231, Loss: 2.5999, Cls: 0.8665, Ind: 0.0000, Med: 0.4332, Spu: 0.0000, FD: 0.8668, FDAug: 0.4334, Var: 0.0000, Ctx: 6, MixCtx: 3, Train: 81.40%, Valid: 71.58%, Test In: 72.60% Test OOD1: 64.07% Test OOD2: 54.38% Test OOD3: 62.36% 
Epoch: 232, Loss: 2.5944, Cls: 0.8650, Ind: 0.0000, Med: 0.4327, Spu: 0.0000, FD: 0.8644, FDAug: 0.4322, Var: 0.0000, Ctx: 6, MixCtx: 3, Train: 81.63%, Valid: 71.83%, Test In: 73.00% Test OOD1: 64.34% Test OOD2: 54.31% Test OOD3: 62.72% 
Epoch: 233, Loss: 2.5893, Cls: 0.8630, Ind: 0.0000, Med: 0.4315, Spu: 0.0000, FD: 0.8632, FDAug: 0.4316, Var: 0.0000, Ctx: 6, MixCtx: 3, Train: 81.63%, Valid: 71.26%, Test In: 72.30% Test OOD1: 63.27% Test OOD2: 54.09% Test OOD3: 62.09% 
Epoch: 234, Loss: 2.6045, Cls: 0.8681, Ind: 0.0000, Med: 0.4341, Spu: 0.0000, FD: 0.8681, FDAug: 0.4341, Var: 0.0000, Ctx: 6, MixCtx: 3, Train: 81.51%, Valid: 71.66%, Test In: 72.86% Test OOD1: 64.61% Test OOD2: 54.25% Test OOD3: 62.90% 
Epoch: 235, Loss: 2.6240, Cls: 0.8747, Ind: 0.0000, Med: 0.4374, Spu: 0.0000, FD: 0.8746, FDAug: 0.4372, Var: 0.0000, Ctx: 6, MixCtx: 3, Train: 81.58%, Valid: 71.03%, Test In: 71.66% Test OOD1: 63.43% Test OOD2: 53.97% Test OOD3: 61.77% 
Epoch: 236, Loss: 2.6727, Cls: 0.8905, Ind: 0.0000, Med: 0.4452, Spu: 0.0000, FD: 0.8913, FDAug: 0.4457, Var: 0.0000, Ctx: 6, MixCtx: 3, Train: 81.72%, Valid: 72.22%, Test In: 73.25% Test OOD1: 65.53% Test OOD2: 54.36% Test OOD3: 63.13% 
Epoch: 237, Loss: 2.7153, Cls: 0.9057, Ind: 0.0000, Med: 0.4532, Spu: 0.0000, FD: 0.9044, FDAug: 0.4521, Var: 0.0000, Ctx: 6, MixCtx: 3, Train: 81.17%, Valid: 71.39%, Test In: 72.11% Test OOD1: 63.81% Test OOD2: 54.17% Test OOD3: 61.73% 
Epoch: 238, Loss: 2.7134, Cls: 0.9036, Ind: 0.0000, Med: 0.4515, Spu: 0.0000, FD: 0.9055, FDAug: 0.4528, Var: 0.0000, Ctx: 6, MixCtx: 3, Train: 82.02%, Valid: 71.92%, Test In: 73.00% Test OOD1: 64.52% Test OOD2: 54.39% Test OOD3: 62.61% 
Epoch: 239, Loss: 2.5858, Cls: 0.8625, Ind: 0.0000, Med: 0.4316, Spu: 0.0000, FD: 0.8611, FDAug: 0.4306, Var: 0.0000, Ctx: 6, MixCtx: 3, Train: 81.95%, Valid: 71.98%, Test In: 73.22% Test OOD1: 65.13% Test OOD2: 54.48% Test OOD3: 63.11% 
Epoch: 240, Loss: 2.6014, Cls: 0.8679, Ind: 0.0000, Med: 0.4344, Spu: 0.0000, FD: 0.8661, FDAug: 0.4331, Var: 0.0000, Ctx: 6, MixCtx: 3, Train: 81.79%, Valid: 71.56%, Test In: 72.58% Test OOD1: 64.50% Test OOD2: 54.25% Test OOD3: 62.49% 
Epoch: 241, Loss: 2.6773, Cls: 0.8919, Ind: 0.0000, Med: 0.4457, Spu: 0.0000, FD: 0.8931, FDAug: 0.4466, Var: 0.0000, Ctx: 6, MixCtx: 3, Train: 81.81%, Valid: 72.12%, Test In: 73.31% Test OOD1: 65.64% Test OOD2: 54.51% Test OOD3: 63.34% 
Epoch: 242, Loss: 2.5793, Cls: 0.8600, Ind: 0.0000, Med: 0.4301, Spu: 0.0000, FD: 0.8595, FDAug: 0.4297, Var: 0.0000, Ctx: 6, MixCtx: 3, Train: 82.08%, Valid: 72.21%, Test In: 73.37% Test OOD1: 65.30% Test OOD2: 54.49% Test OOD3: 63.04% 
Epoch: 243, Loss: 2.5738, Cls: 0.8579, Ind: 0.0000, Med: 0.4290, Spu: 0.0000, FD: 0.8579, FDAug: 0.4290, Var: 0.0000, Ctx: 6, MixCtx: 3, Train: 81.92%, Valid: 71.97%, Test In: 72.78% Test OOD1: 64.57% Test OOD2: 54.33% Test OOD3: 62.30% 
Epoch: 244, Loss: 2.6115, Cls: 0.8708, Ind: 0.0000, Med: 0.4356, Spu: 0.0000, FD: 0.8701, FDAug: 0.4351, Var: 0.0000, Ctx: 6, MixCtx: 3, Train: 82.12%, Valid: 72.27%, Test In: 73.10% Test OOD1: 65.40% Test OOD2: 54.39% Test OOD3: 62.73% 
Epoch: 245, Loss: 2.5624, Cls: 0.8539, Ind: 0.0000, Med: 0.4269, Spu: 0.0000, FD: 0.8544, FDAug: 0.4272, Var: 0.0000, Ctx: 6, MixCtx: 3, Train: 82.07%, Valid: 72.25%, Test In: 73.20% Test OOD1: 65.97% Test OOD2: 54.48% Test OOD3: 63.10% 
Epoch: 246, Loss: 2.5805, Cls: 0.8596, Ind: 0.0000, Med: 0.4296, Spu: 0.0000, FD: 0.8610, FDAug: 0.4304, Var: 0.0000, Ctx: 6, MixCtx: 3, Train: 82.27%, Valid: 71.79%, Test In: 72.72% Test OOD1: 65.09% Test OOD2: 54.40% Test OOD3: 62.54% 
Epoch: 247, Loss: 2.5958, Cls: 0.8661, Ind: 0.0000, Med: 0.4335, Spu: 0.0000, FD: 0.8641, FDAug: 0.4321, Var: 0.0000, Ctx: 6, MixCtx: 3, Train: 82.24%, Valid: 71.72%, Test In: 72.92% Test OOD1: 64.94% Test OOD2: 54.52% Test OOD3: 62.85% 
Epoch: 248, Loss: 2.5520, Cls: 0.8504, Ind: 0.0000, Med: 0.4252, Spu: 0.0000, FD: 0.8509, FDAug: 0.4254, Var: 0.0000, Ctx: 6, MixCtx: 3, Train: 82.31%, Valid: 71.76%, Test In: 72.95% Test OOD1: 64.64% Test OOD2: 54.37% Test OOD3: 62.73% 
Epoch: 249, Loss: 2.5529, Cls: 0.8507, Ind: 0.0000, Med: 0.4253, Spu: 0.0000, FD: 0.8512, FDAug: 0.4256, Var: 0.0000, Ctx: 6, MixCtx: 3, Train: 82.53%, Valid: 71.65%, Test In: 72.61% Test OOD1: 64.31% Test OOD2: 54.16% Test OOD3: 62.26% 
Epoch: 250, Loss: 2.5638, Cls: 0.8548, Ind: 0.0000, Med: 0.4276, Spu: 0.0000, FD: 0.8542, FDAug: 0.4272, Var: 0.0000, Ctx: 6, MixCtx: 3, Train: 82.59%, Valid: 72.04%, Test In: 72.91% Test OOD1: 65.26% Test OOD2: 54.18% Test OOD3: 62.70% 
Epoch: 251, Loss: 2.5348, Cls: 0.8449, Ind: 0.0000, Med: 0.4225, Spu: 0.0000, FD: 0.8450, FDAug: 0.4225, Var: 0.0000, Ctx: 6, MixCtx: 3, Train: 82.74%, Valid: 71.71%, Test In: 72.54% Test OOD1: 64.92% Test OOD2: 54.30% Test OOD3: 62.38% 
Epoch: 252, Loss: 2.5222, Cls: 0.8407, Ind: 0.0000, Med: 0.4204, Spu: 0.0000, FD: 0.8406, FDAug: 0.4203, Var: 0.0000, Ctx: 6, MixCtx: 3, Train: 82.69%, Valid: 70.98%, Test In: 71.74% Test OOD1: 63.74% Test OOD2: 54.33% Test OOD3: 61.69% 
Epoch: 253, Loss: 2.5392, Cls: 0.8464, Ind: 0.0000, Med: 0.4232, Spu: 0.0000, FD: 0.8463, FDAug: 0.4232, Var: 0.0000, Ctx: 6, MixCtx: 3, Train: 82.70%, Valid: 71.14%, Test In: 72.06% Test OOD1: 63.94% Test OOD2: 54.36% Test OOD3: 62.02% 
Epoch: 254, Loss: 2.5437, Cls: 0.8481, Ind: 0.0000, Med: 0.4242, Spu: 0.0000, FD: 0.8476, FDAug: 0.4237, Var: 0.0000, Ctx: 6, MixCtx: 3, Train: 82.86%, Valid: 71.21%, Test In: 71.96% Test OOD1: 64.03% Test OOD2: 53.92% Test OOD3: 61.82% 
Epoch: 255, Loss: 2.5409, Cls: 0.8466, Ind: 0.0000, Med: 0.4232, Spu: 0.0000, FD: 0.8473, FDAug: 0.4237, Var: 0.0000, Ctx: 6, MixCtx: 3, Train: 82.51%, Valid: 71.65%, Test In: 72.46% Test OOD1: 64.75% Test OOD2: 53.97% Test OOD3: 62.41% 
Epoch: 256, Loss: 2.5501, Cls: 0.8502, Ind: 0.0000, Med: 0.4253, Spu: 0.0000, FD: 0.8498, FDAug: 0.4248, Var: 0.0000, Ctx: 6, MixCtx: 3, Train: 82.80%, Valid: 70.54%, Test In: 71.26% Test OOD1: 62.70% Test OOD2: 53.92% Test OOD3: 61.21% 
Epoch: 257, Loss: 2.5355, Cls: 0.8449, Ind: 0.0000, Med: 0.4224, Spu: 0.0000, FD: 0.8453, FDAug: 0.4228, Var: 0.0000, Ctx: 6, MixCtx: 3, Train: 82.72%, Valid: 70.62%, Test In: 71.51% Test OOD1: 63.32% Test OOD2: 54.32% Test OOD3: 61.66% 
Epoch: 258, Loss: 2.5414, Cls: 0.8475, Ind: 0.0000, Med: 0.4240, Spu: 0.0000, FD: 0.8466, FDAug: 0.4233, Var: 0.0000, Ctx: 6, MixCtx: 3, Train: 82.64%, Valid: 71.07%, Test In: 71.70% Test OOD1: 64.32% Test OOD2: 54.06% Test OOD3: 61.62% 
Epoch: 259, Loss: 2.5593, Cls: 0.8530, Ind: 0.0000, Med: 0.4266, Spu: 0.0000, FD: 0.8531, FDAug: 0.4266, Var: 0.0000, Ctx: 6, MixCtx: 3, Train: 82.81%, Valid: 71.80%, Test In: 72.50% Test OOD1: 65.11% Test OOD2: 54.03% Test OOD3: 62.53% 
Epoch: 260, Loss: 2.6250, Cls: 0.8748, Ind: 0.0000, Med: 0.4373, Spu: 0.0000, FD: 0.8755, FDAug: 0.4374, Var: 0.0000, Ctx: 6, MixCtx: 3, Train: 81.90%, Valid: 69.63%, Test In: 70.09% Test OOD1: 61.08% Test OOD2: 53.51% Test OOD3: 60.14% 
Epoch: 261, Loss: 2.8070, Cls: 0.9351, Ind: 0.0000, Med: 0.4674, Spu: 0.0000, FD: 0.9362, FDAug: 0.4683, Var: 0.0000, Ctx: 6, MixCtx: 3, Train: 81.96%, Valid: 70.42%, Test In: 71.54% Test OOD1: 62.70% Test OOD2: 54.02% Test OOD3: 61.59% 
Epoch: 262, Loss: 2.7286, Cls: 0.9100, Ind: 0.0000, Med: 0.4552, Spu: 0.0000, FD: 0.9091, FDAug: 0.4543, Var: 0.0000, Ctx: 6, MixCtx: 3, Train: 83.10%, Valid: 71.10%, Test In: 72.14% Test OOD1: 64.43% Test OOD2: 54.01% Test OOD3: 62.18% 
Epoch: 263, Loss: 2.5039, Cls: 0.8346, Ind: 0.0000, Med: 0.4174, Spu: 0.0000, FD: 0.8345, FDAug: 0.4174, Var: 0.0000, Ctx: 6, MixCtx: 3, Train: 81.76%, Valid: 71.31%, Test In: 72.11% Test OOD1: 65.15% Test OOD2: 54.02% Test OOD3: 62.11% 
Epoch: 264, Loss: 2.6728, Cls: 0.8913, Ind: 0.0000, Med: 0.4459, Spu: 0.0000, FD: 0.8903, FDAug: 0.4454, Var: 0.0000, Ctx: 6, MixCtx: 3, Train: 82.06%, Valid: 72.04%, Test In: 72.93% Test OOD1: 66.29% Test OOD2: 54.06% Test OOD3: 63.17% 
Epoch: 265, Loss: 2.6046, Cls: 0.8683, Ind: 0.0000, Med: 0.4342, Spu: 0.0000, FD: 0.8681, FDAug: 0.4339, Var: 0.0000, Ctx: 6, MixCtx: 3, Train: 82.78%, Valid: 71.70%, Test In: 72.52% Test OOD1: 64.70% Test OOD2: 54.08% Test OOD3: 62.46% 
Epoch: 266, Loss: 2.5470, Cls: 0.8485, Ind: 0.0000, Med: 0.4241, Spu: 0.0000, FD: 0.8495, FDAug: 0.4248, Var: 0.0000, Ctx: 6, MixCtx: 3, Train: 82.09%, Valid: 71.14%, Test In: 71.92% Test OOD1: 63.41% Test OOD2: 54.09% Test OOD3: 61.94% 
Epoch: 267, Loss: 2.6243, Cls: 0.8744, Ind: 0.0000, Med: 0.4371, Spu: 0.0000, FD: 0.8750, FDAug: 0.4377, Var: 0.0000, Ctx: 6, MixCtx: 3, Train: 82.46%, Valid: 71.66%, Test In: 72.42% Test OOD1: 64.50% Test OOD2: 54.35% Test OOD3: 62.37% 
Epoch: 268, Loss: 2.5587, Cls: 0.8526, Ind: 0.0000, Med: 0.4262, Spu: 0.0000, FD: 0.8532, FDAug: 0.4267, Var: 0.0000, Ctx: 6, MixCtx: 3, Train: 82.25%, Valid: 72.13%, Test In: 72.75% Test OOD1: 66.12% Test OOD2: 54.33% Test OOD3: 62.88% 
Epoch: 269, Loss: 2.5715, Cls: 0.8566, Ind: 0.0000, Med: 0.4281, Spu: 0.0000, FD: 0.8579, FDAug: 0.4288, Var: 0.0000, Ctx: 6, MixCtx: 3, Train: 81.89%, Valid: 71.90%, Test In: 72.41% Test OOD1: 65.86% Test OOD2: 54.23% Test OOD3: 62.41% 
Epoch: 270, Loss: 2.5889, Cls: 0.8636, Ind: 0.0000, Med: 0.4322, Spu: 0.0000, FD: 0.8620, FDAug: 0.4310, Var: 0.0000, Ctx: 6, MixCtx: 3, Train: 82.92%, Valid: 72.08%, Test In: 72.75% Test OOD1: 65.65% Test OOD2: 54.20% Test OOD3: 62.60% 
Epoch: 271, Loss: 2.5132, Cls: 0.8377, Ind: 0.0000, Med: 0.4189, Spu: 0.0000, FD: 0.8377, FDAug: 0.4188, Var: 0.0000, Ctx: 6, MixCtx: 3, Train: 82.92%, Valid: 72.02%, Test In: 73.03% Test OOD1: 65.29% Test OOD2: 54.22% Test OOD3: 62.85% 
Epoch: 272, Loss: 2.5320, Cls: 0.8435, Ind: 0.0000, Med: 0.4216, Spu: 0.0000, FD: 0.8447, FDAug: 0.4222, Var: 0.0000, Ctx: 6, MixCtx: 3, Train: 82.72%, Valid: 71.42%, Test In: 72.70% Test OOD1: 64.32% Test OOD2: 54.11% Test OOD3: 62.44% 
Epoch: 273, Loss: 2.5275, Cls: 0.8424, Ind: 0.0000, Med: 0.4212, Spu: 0.0000, FD: 0.8425, FDAug: 0.4213, Var: 0.0000, Ctx: 6, MixCtx: 3, Train: 82.91%, Valid: 71.12%, Test In: 72.36% Test OOD1: 64.36% Test OOD2: 54.00% Test OOD3: 62.27% 
Epoch: 274, Loss: 2.5290, Cls: 0.8430, Ind: 0.0000, Med: 0.4216, Spu: 0.0000, FD: 0.8429, FDAug: 0.4215, Var: 0.0000, Ctx: 6, MixCtx: 3, Train: 83.14%, Valid: 71.19%, Test In: 72.16% Test OOD1: 64.98% Test OOD2: 53.95% Test OOD3: 62.40% 
Epoch: 275, Loss: 2.5018, Cls: 0.8340, Ind: 0.0000, Med: 0.4170, Spu: 0.0000, FD: 0.8339, FDAug: 0.4169, Var: 0.0000, Ctx: 6, MixCtx: 3, Train: 83.59%, Valid: 70.88%, Test In: 71.55% Test OOD1: 64.20% Test OOD2: 53.93% Test OOD3: 61.44% 
Epoch: 276, Loss: 2.4756, Cls: 0.8254, Ind: 0.0000, Med: 0.4128, Spu: 0.0000, FD: 0.8249, FDAug: 0.4125, Var: 0.0000, Ctx: 6, MixCtx: 3, Train: 83.27%, Valid: 70.83%, Test In: 71.27% Test OOD1: 63.71% Test OOD2: 53.97% Test OOD3: 60.92% 
Epoch: 277, Loss: 2.4923, Cls: 0.8309, Ind: 0.0000, Med: 0.4156, Spu: 0.0000, FD: 0.8304, FDAug: 0.4153, Var: 0.0000, Ctx: 6, MixCtx: 3, Train: 83.33%, Valid: 71.13%, Test In: 71.52% Test OOD1: 63.76% Test OOD2: 54.02% Test OOD3: 61.17% 
Epoch: 278, Loss: 2.4958, Cls: 0.8319, Ind: 0.0000, Med: 0.4161, Spu: 0.0000, FD: 0.8318, FDAug: 0.4159, Var: 0.0000, Ctx: 6, MixCtx: 3, Train: 83.61%, Valid: 70.76%, Test In: 71.31% Test OOD1: 63.34% Test OOD2: 53.86% Test OOD3: 60.92% 
Epoch: 279, Loss: 2.4799, Cls: 0.8266, Ind: 0.0000, Med: 0.4134, Spu: 0.0000, FD: 0.8266, FDAug: 0.4134, Var: 0.0000, Ctx: 6, MixCtx: 3, Train: 83.61%, Valid: 70.97%, Test In: 71.71% Test OOD1: 63.87% Test OOD2: 53.85% Test OOD3: 61.53% 
Epoch: 280, Loss: 2.4675, Cls: 0.8223, Ind: 0.0000, Med: 0.4112, Spu: 0.0000, FD: 0.8226, FDAug: 0.4113, Var: 0.0000, Ctx: 6, MixCtx: 3, Train: 83.69%, Valid: 70.74%, Test In: 71.55% Test OOD1: 63.65% Test OOD2: 53.73% Test OOD3: 61.45% 
Epoch: 281, Loss: 2.4608, Cls: 0.8201, Ind: 0.0000, Med: 0.4100, Spu: 0.0000, FD: 0.8205, FDAug: 0.4102, Var: 0.0000, Ctx: 6, MixCtx: 3, Train: 83.79%, Valid: 70.33%, Test In: 71.17% Test OOD1: 63.14% Test OOD2: 53.71% Test OOD3: 61.06% 
Epoch: 282, Loss: 2.4582, Cls: 0.8192, Ind: 0.0000, Med: 0.4096, Spu: 0.0000, FD: 0.8196, FDAug: 0.4098, Var: 0.0000, Ctx: 6, MixCtx: 3, Train: 83.73%, Valid: 70.17%, Test In: 70.91% Test OOD1: 63.05% Test OOD2: 53.86% Test OOD3: 60.94% 
Epoch: 283, Loss: 2.4654, Cls: 0.8216, Ind: 0.0000, Med: 0.4108, Spu: 0.0000, FD: 0.8220, FDAug: 0.4109, Var: 0.0000, Ctx: 6, MixCtx: 3, Train: 83.71%, Valid: 69.73%, Test In: 70.14% Test OOD1: 62.58% Test OOD2: 53.74% Test OOD3: 60.17% 
Epoch: 284, Loss: 2.4820, Cls: 0.8274, Ind: 0.0000, Med: 0.4138, Spu: 0.0000, FD: 0.8271, FDAug: 0.4136, Var: 0.0000, Ctx: 6, MixCtx: 3, Train: 83.94%, Valid: 70.79%, Test In: 71.41% Test OOD1: 63.99% Test OOD2: 53.87% Test OOD3: 61.46% 
Epoch: 285, Loss: 2.5678, Cls: 0.8551, Ind: 0.0000, Med: 0.4272, Spu: 0.0000, FD: 0.8571, FDAug: 0.4283, Var: 0.0000, Ctx: 6, MixCtx: 3, Train: 82.87%, Valid: 69.16%, Test In: 69.44% Test OOD1: 61.55% Test OOD2: 53.27% Test OOD3: 59.37% 
Epoch: 286, Loss: 2.8323, Cls: 0.9434, Ind: 0.0000, Med: 0.4715, Spu: 0.0000, FD: 0.9448, FDAug: 0.4726, Var: 0.0000, Ctx: 6, MixCtx: 3, Train: 82.80%, Valid: 71.77%, Test In: 72.51% Test OOD1: 64.67% Test OOD2: 53.75% Test OOD3: 62.36% 
Epoch: 287, Loss: 2.8375, Cls: 0.9464, Ind: 0.0000, Med: 0.4735, Spu: 0.0000, FD: 0.9453, FDAug: 0.4722, Var: 0.0000, Ctx: 6, MixCtx: 3, Train: 82.72%, Valid: 70.66%, Test In: 71.34% Test OOD1: 62.60% Test OOD2: 53.58% Test OOD3: 60.88% 
Epoch: 288, Loss: 2.5435, Cls: 0.8475, Ind: 0.0000, Med: 0.4236, Spu: 0.0000, FD: 0.8481, FDAug: 0.4242, Var: 0.0000, Ctx: 6, MixCtx: 3, Train: 82.86%, Valid: 70.12%, Test In: 70.90% Test OOD1: 62.27% Test OOD2: 53.59% Test OOD3: 60.56% 
Epoch: 289, Loss: 2.6674, Cls: 0.8877, Ind: 0.0000, Med: 0.4432, Spu: 0.0000, FD: 0.8908, FDAug: 0.4457, Var: 0.0000, Ctx: 6, MixCtx: 3, Train: 83.14%, Valid: 71.04%, Test In: 72.08% Test OOD1: 64.76% Test OOD2: 53.99% Test OOD3: 62.15% 
Epoch: 290, Loss: 2.5395, Cls: 0.8468, Ind: 0.0000, Med: 0.4237, Spu: 0.0000, FD: 0.8460, FDAug: 0.4230, Var: 0.0000, Ctx: 6, MixCtx: 3, Train: 82.78%, Valid: 71.15%, Test In: 71.77% Test OOD1: 65.44% Test OOD2: 53.95% Test OOD3: 62.31% 
Epoch: 291, Loss: 2.5753, Cls: 0.8587, Ind: 0.0000, Med: 0.4296, Spu: 0.0000, FD: 0.8580, FDAug: 0.4289, Var: 0.0000, Ctx: 6, MixCtx: 3, Train: 82.64%, Valid: 70.27%, Test In: 70.49% Test OOD1: 64.19% Test OOD2: 53.79% Test OOD3: 60.84% 
Epoch: 292, Loss: 2.5929, Cls: 0.8642, Ind: 0.0000, Med: 0.4321, Spu: 0.0000, FD: 0.8643, FDAug: 0.4323, Var: 0.0000, Ctx: 6, MixCtx: 3, Train: 83.52%, Valid: 70.68%, Test In: 70.99% Test OOD1: 64.15% Test OOD2: 53.94% Test OOD3: 61.24% 
Epoch: 293, Loss: 2.5172, Cls: 0.8389, Ind: 0.0000, Med: 0.4194, Spu: 0.0000, FD: 0.8392, FDAug: 0.4197, Var: 0.0000, Ctx: 6, MixCtx: 3, Train: 82.93%, Valid: 71.63%, Test In: 72.25% Test OOD1: 65.06% Test OOD2: 54.16% Test OOD3: 62.34% 
Epoch: 294, Loss: 2.5717, Cls: 0.8564, Ind: 0.0000, Med: 0.4278, Spu: 0.0000, FD: 0.8583, FDAug: 0.4291, Var: 0.0000, Ctx: 6, MixCtx: 3, Train: 83.27%, Valid: 71.93%, Test In: 72.64% Test OOD1: 65.18% Test OOD2: 54.08% Test OOD3: 62.53% 
Epoch: 295, Loss: 2.4910, Cls: 0.8300, Ind: 0.0000, Med: 0.4149, Spu: 0.0000, FD: 0.8307, FDAug: 0.4153, Var: 0.0000, Ctx: 6, MixCtx: 3, Train: 83.37%, Valid: 71.83%, Test In: 72.83% Test OOD1: 65.21% Test OOD2: 53.90% Test OOD3: 62.54% 
Epoch: 296, Loss: 2.5423, Cls: 0.8483, Ind: 0.0000, Med: 0.4246, Spu: 0.0000, FD: 0.8463, FDAug: 0.4231, Var: 0.0000, Ctx: 6, MixCtx: 3, Train: 83.01%, Valid: 71.99%, Test In: 73.00% Test OOD1: 65.93% Test OOD2: 53.81% Test OOD3: 63.06% 
Epoch: 297, Loss: 2.5036, Cls: 0.8346, Ind: 0.0000, Med: 0.4174, Spu: 0.0000, FD: 0.8344, FDAug: 0.4172, Var: 0.0000, Ctx: 6, MixCtx: 3, Train: 83.19%, Valid: 71.78%, Test In: 72.72% Test OOD1: 65.82% Test OOD2: 53.82% Test OOD3: 63.04% 
Epoch: 298, Loss: 2.5076, Cls: 0.8356, Ind: 0.0000, Med: 0.4177, Spu: 0.0000, FD: 0.8362, FDAug: 0.4180, Var: 0.0000, Ctx: 6, MixCtx: 3, Train: 83.62%, Valid: 70.94%, Test In: 71.82% Test OOD1: 64.39% Test OOD2: 53.99% Test OOD3: 62.21% 
Epoch: 299, Loss: 2.4809, Cls: 0.8271, Ind: 0.0000, Med: 0.4137, Spu: 0.0000, FD: 0.8267, FDAug: 0.4134, Var: 0.0000, Ctx: 6, MixCtx: 3, Train: 83.69%, Valid: 70.54%, Test In: 71.27% Test OOD1: 63.58% Test OOD2: 54.04% Test OOD3: 61.63% 
Epoch: 300, Loss: 2.4785, Cls: 0.8262, Ind: 0.0000, Med: 0.4132, Spu: 0.0000, FD: 0.8260, FDAug: 0.4131, Var: 0.0000, Ctx: 6, MixCtx: 3, Train: 83.94%, Valid: 70.90%, Test In: 71.46% Test OOD1: 64.20% Test OOD2: 53.90% Test OOD3: 61.69% 
Epoch: 301, Loss: 2.4572, Cls: 0.8190, Ind: 0.0000, Med: 0.4095, Spu: 0.0000, FD: 0.8191, FDAug: 0.4096, Var: 0.0000, Ctx: 6, MixCtx: 3, Train: 83.62%, Valid: 71.08%, Test In: 71.43% Test OOD1: 64.69% Test OOD2: 53.67% Test OOD3: 61.66% 
Epoch: 302, Loss: 2.4640, Cls: 0.8213, Ind: 0.0000, Med: 0.4107, Spu: 0.0000, FD: 0.8213, FDAug: 0.4106, Var: 0.0000, Ctx: 6, MixCtx: 3, Train: 84.10%, Valid: 70.65%, Test In: 71.07% Test OOD1: 63.83% Test OOD2: 53.58% Test OOD3: 61.10% 
Epoch: 303, Loss: 2.4493, Cls: 0.8165, Ind: 0.0000, Med: 0.4083, Spu: 0.0000, FD: 0.8163, FDAug: 0.4082, Var: 0.0000, Ctx: 6, MixCtx: 3, Train: 84.34%, Valid: 70.22%, Test In: 70.89% Test OOD1: 62.81% Test OOD2: 53.74% Test OOD3: 60.88% 
Epoch: 304, Loss: 2.4260, Cls: 0.8087, Ind: 0.0000, Med: 0.4045, Spu: 0.0000, FD: 0.8085, FDAug: 0.4043, Var: 0.0000, Ctx: 6, MixCtx: 3, Train: 83.89%, Valid: 69.95%, Test In: 70.85% Test OOD1: 62.40% Test OOD2: 53.87% Test OOD3: 60.83% 
Epoch: 305, Loss: 2.4533, Cls: 0.8179, Ind: 0.0000, Med: 0.4091, Spu: 0.0000, FD: 0.8175, FDAug: 0.4088, Var: 0.0000, Ctx: 6, MixCtx: 3, Train: 84.34%, Valid: 70.00%, Test In: 70.85% Test OOD1: 62.53% Test OOD2: 53.72% Test OOD3: 60.65% 
Epoch: 306, Loss: 2.4250, Cls: 0.8082, Ind: 0.0000, Med: 0.4041, Spu: 0.0000, FD: 0.8084, FDAug: 0.4043, Var: 0.0000, Ctx: 6, MixCtx: 3, Train: 84.37%, Valid: 70.67%, Test In: 71.30% Test OOD1: 63.53% Test OOD2: 53.54% Test OOD3: 60.99% 
Epoch: 307, Loss: 2.4183, Cls: 0.8059, Ind: 0.0000, Med: 0.4029, Spu: 0.0000, FD: 0.8063, FDAug: 0.4032, Var: 0.0000, Ctx: 6, MixCtx: 3, Train: 84.53%, Valid: 70.44%, Test In: 70.94% Test OOD1: 63.24% Test OOD2: 53.47% Test OOD3: 60.70% 
Epoch: 308, Loss: 2.4098, Cls: 0.8031, Ind: 0.0000, Med: 0.4016, Spu: 0.0000, FD: 0.8034, FDAug: 0.4017, Var: 0.0000, Ctx: 6, MixCtx: 3, Train: 84.41%, Valid: 69.52%, Test In: 69.88% Test OOD1: 61.95% Test OOD2: 53.54% Test OOD3: 59.86% 
Epoch: 309, Loss: 2.4154, Cls: 0.8052, Ind: 0.0000, Med: 0.4027, Spu: 0.0000, FD: 0.8050, FDAug: 0.4025, Var: 0.0000, Ctx: 6, MixCtx: 3, Train: 84.51%, Valid: 69.56%, Test In: 70.09% Test OOD1: 62.22% Test OOD2: 53.69% Test OOD3: 60.10% 
Epoch: 310, Loss: 2.4099, Cls: 0.8032, Ind: 0.0000, Med: 0.4016, Spu: 0.0000, FD: 0.8034, FDAug: 0.4017, Var: 0.0000, Ctx: 6, MixCtx: 3, Train: 84.80%, Valid: 70.15%, Test In: 70.74% Test OOD1: 63.10% Test OOD2: 53.63% Test OOD3: 60.50% 
Epoch: 311, Loss: 2.3955, Cls: 0.7983, Ind: 0.0000, Med: 0.3991, Spu: 0.0000, FD: 0.7987, FDAug: 0.3994, Var: 0.0000, Ctx: 6, MixCtx: 3, Train: 84.77%, Valid: 70.37%, Test In: 70.99% Test OOD1: 63.04% Test OOD2: 53.64% Test OOD3: 60.57% 
Epoch: 312, Loss: 2.3944, Cls: 0.7979, Ind: 0.0000, Med: 0.3989, Spu: 0.0000, FD: 0.7984, FDAug: 0.3992, Var: 0.0000, Ctx: 6, MixCtx: 3, Train: 84.70%, Valid: 69.68%, Test In: 70.32% Test OOD1: 61.87% Test OOD2: 53.75% Test OOD3: 59.92% 
Epoch: 313, Loss: 2.3938, Cls: 0.7980, Ind: 0.0000, Med: 0.3991, Spu: 0.0000, FD: 0.7978, FDAug: 0.3989, Var: 0.0000, Ctx: 6, MixCtx: 3, Train: 84.96%, Valid: 69.57%, Test In: 70.20% Test OOD1: 62.06% Test OOD2: 53.76% Test OOD3: 59.98% 
Epoch: 314, Loss: 2.3816, Cls: 0.7939, Ind: 0.0000, Med: 0.3971, Spu: 0.0000, FD: 0.7937, FDAug: 0.3969, Var: 0.0000, Ctx: 6, MixCtx: 3, Train: 84.86%, Valid: 69.63%, Test In: 70.24% Test OOD1: 62.84% Test OOD2: 53.63% Test OOD3: 60.07% 
Epoch: 315, Loss: 2.3898, Cls: 0.7967, Ind: 0.0000, Med: 0.3985, Spu: 0.0000, FD: 0.7964, FDAug: 0.3982, Var: 0.0000, Ctx: 6, MixCtx: 3, Train: 84.94%, Valid: 70.06%, Test In: 70.65% Test OOD1: 63.25% Test OOD2: 53.68% Test OOD3: 60.56% 
Epoch: 316, Loss: 2.3889, Cls: 0.7961, Ind: 0.0000, Med: 0.3981, Spu: 0.0000, FD: 0.7965, FDAug: 0.3982, Var: 0.0000, Ctx: 6, MixCtx: 3, Train: 84.93%, Valid: 69.19%, Test In: 69.67% Test OOD1: 61.73% Test OOD2: 53.64% Test OOD3: 59.61% 
Epoch: 317, Loss: 2.4078, Cls: 0.8027, Ind: 0.0000, Med: 0.4015, Spu: 0.0000, FD: 0.8024, FDAug: 0.4012, Var: 0.0000, Ctx: 6, MixCtx: 3, Train: 84.82%, Valid: 70.08%, Test In: 70.72% Test OOD1: 62.78% Test OOD2: 53.92% Test OOD3: 60.76% 
Epoch: 318, Loss: 2.4239, Cls: 0.8080, Ind: 0.0000, Med: 0.4041, Spu: 0.0000, FD: 0.8078, FDAug: 0.4039, Var: 0.0000, Ctx: 6, MixCtx: 3, Train: 85.04%, Valid: 69.84%, Test In: 70.51% Test OOD1: 62.99% Test OOD2: 53.73% Test OOD3: 60.37% 
Epoch: 319, Loss: 2.4263, Cls: 0.8088, Ind: 0.0000, Med: 0.4045, Spu: 0.0000, FD: 0.8086, FDAug: 0.4044, Var: 0.0000, Ctx: 6, MixCtx: 3, Train: 84.66%, Valid: 70.86%, Test In: 71.54% Test OOD1: 64.29% Test OOD2: 53.84% Test OOD3: 61.57% 
Epoch: 320, Loss: 2.4497, Cls: 0.8166, Ind: 0.0000, Med: 0.4083, Spu: 0.0000, FD: 0.8166, FDAug: 0.4082, Var: 0.0000, Ctx: 6, MixCtx: 3, Train: 84.98%, Valid: 69.44%, Test In: 69.94% Test OOD1: 62.09% Test OOD2: 53.49% Test OOD3: 59.82% 
Epoch: 321, Loss: 2.4660, Cls: 0.8218, Ind: 0.0000, Med: 0.4109, Spu: 0.0000, FD: 0.8222, FDAug: 0.4111, Var: 0.0000, Ctx: 6, MixCtx: 3, Train: 85.05%, Valid: 70.27%, Test In: 70.69% Test OOD1: 62.90% Test OOD2: 53.73% Test OOD3: 60.73% 
Epoch: 322, Loss: 2.4270, Cls: 0.8092, Ind: 0.0000, Med: 0.4047, Spu: 0.0000, FD: 0.8088, FDAug: 0.4043, Var: 0.0000, Ctx: 6, MixCtx: 3, Train: 85.26%, Valid: 70.14%, Test In: 70.59% Test OOD1: 63.30% Test OOD2: 53.57% Test OOD3: 60.38% 
Epoch: 323, Loss: 2.3615, Cls: 0.7873, Ind: 0.0000, Med: 0.3938, Spu: 0.0000, FD: 0.7869, FDAug: 0.3935, Var: 0.0000, Ctx: 6, MixCtx: 3, Train: 85.09%, Valid: 70.21%, Test In: 70.75% Test OOD1: 63.38% Test OOD2: 53.63% Test OOD3: 60.46% 
Epoch: 324, Loss: 2.3801, Cls: 0.7935, Ind: 0.0000, Med: 0.3969, Spu: 0.0000, FD: 0.7931, FDAug: 0.3966, Var: 0.0000, Ctx: 6, MixCtx: 3, Train: 84.99%, Valid: 70.52%, Test In: 71.25% Test OOD1: 63.13% Test OOD2: 53.90% Test OOD3: 60.98% 
Epoch: 325, Loss: 2.3960, Cls: 0.7985, Ind: 0.0000, Med: 0.3993, Spu: 0.0000, FD: 0.7988, FDAug: 0.3994, Var: 0.0000, Ctx: 6, MixCtx: 3, Train: 85.07%, Valid: 69.51%, Test In: 70.12% Test OOD1: 61.55% Test OOD2: 53.55% Test OOD3: 59.61% 
Epoch: 326, Loss: 2.4297, Cls: 0.8098, Ind: 0.0000, Med: 0.4050, Spu: 0.0000, FD: 0.8099, FDAug: 0.4050, Var: 0.0000, Ctx: 6, MixCtx: 3, Train: 85.44%, Valid: 70.63%, Test In: 71.17% Test OOD1: 63.31% Test OOD2: 53.45% Test OOD3: 60.73% 
Epoch: 327, Loss: 2.3701, Cls: 0.7898, Ind: 0.0000, Med: 0.3949, Spu: 0.0000, FD: 0.7903, FDAug: 0.3951, Var: 0.0000, Ctx: 6, MixCtx: 3, Train: 85.32%, Valid: 70.27%, Test In: 70.81% Test OOD1: 63.27% Test OOD2: 53.42% Test OOD3: 60.29% 
Epoch: 328, Loss: 2.3542, Cls: 0.7849, Ind: 0.0000, Med: 0.3926, Spu: 0.0000, FD: 0.7845, FDAug: 0.3923, Var: 0.0000, Ctx: 6, MixCtx: 3, Train: 85.50%, Valid: 69.74%, Test In: 70.33% Test OOD1: 62.54% Test OOD2: 53.58% Test OOD3: 59.93% 
Epoch: 329, Loss: 2.3458, Cls: 0.7821, Ind: 0.0000, Med: 0.3912, Spu: 0.0000, FD: 0.7816, FDAug: 0.3908, Var: 0.0000, Ctx: 6, MixCtx: 3, Train: 85.37%, Valid: 70.03%, Test In: 70.61% Test OOD1: 62.35% Test OOD2: 53.77% Test OOD3: 60.33% 
Epoch: 330, Loss: 2.3750, Cls: 0.7912, Ind: 0.0000, Med: 0.3954, Spu: 0.0000, FD: 0.7923, FDAug: 0.3961, Var: 0.0000, Ctx: 6, MixCtx: 3, Train: 85.52%, Valid: 69.25%, Test In: 69.75% Test OOD1: 61.58% Test OOD2: 53.41% Test OOD3: 59.15% 
Epoch: 331, Loss: 2.4070, Cls: 0.8028, Ind: 0.0000, Med: 0.4017, Spu: 0.0000, FD: 0.8016, FDAug: 0.4008, Var: 0.0000, Ctx: 6, MixCtx: 3, Train: 84.84%, Valid: 70.80%, Test In: 71.26% Test OOD1: 63.88% Test OOD2: 53.52% Test OOD3: 61.10% 
Epoch: 332, Loss: 2.4671, Cls: 0.8219, Ind: 0.0000, Med: 0.4107, Spu: 0.0000, FD: 0.8231, FDAug: 0.4114, Var: 0.0000, Ctx: 6, MixCtx: 3, Train: 85.13%, Valid: 68.56%, Test In: 69.09% Test OOD1: 61.15% Test OOD2: 53.29% Test OOD3: 58.70% 
Epoch: 333, Loss: 2.5002, Cls: 0.8335, Ind: 0.0000, Med: 0.4169, Spu: 0.0000, FD: 0.8330, FDAug: 0.4167, Var: 0.0000, Ctx: 6, MixCtx: 3, Train: 84.71%, Valid: 69.60%, Test In: 70.31% Test OOD1: 62.66% Test OOD2: 53.71% Test OOD3: 60.51% 
Epoch: 334, Loss: 2.5082, Cls: 0.8362, Ind: 0.0000, Med: 0.4182, Spu: 0.0000, FD: 0.8360, FDAug: 0.4179, Var: 0.0000, Ctx: 6, MixCtx: 3, Train: 85.54%, Valid: 69.55%, Test In: 69.99% Test OOD1: 62.65% Test OOD2: 53.36% Test OOD3: 59.55% 
Epoch: 335, Loss: 2.3586, Cls: 0.7861, Ind: 0.0000, Med: 0.3931, Spu: 0.0000, FD: 0.7862, FDAug: 0.3932, Var: 0.0000, Ctx: 6, MixCtx: 3, Train: 85.03%, Valid: 70.43%, Test In: 70.78% Test OOD1: 63.57% Test OOD2: 53.46% Test OOD3: 60.27% 
Epoch: 336, Loss: 2.3787, Cls: 0.7927, Ind: 0.0000, Med: 0.3963, Spu: 0.0000, FD: 0.7931, FDAug: 0.3966, Var: 0.0000, Ctx: 6, MixCtx: 3, Train: 85.27%, Valid: 70.65%, Test In: 71.14% Test OOD1: 63.04% Test OOD2: 53.69% Test OOD3: 60.66% 
Epoch: 337, Loss: 2.3633, Cls: 0.7877, Ind: 0.0000, Med: 0.3939, Spu: 0.0000, FD: 0.7878, FDAug: 0.3939, Var: 0.0000, Ctx: 6, MixCtx: 3, Train: 85.26%, Valid: 69.69%, Test In: 70.43% Test OOD1: 61.87% Test OOD2: 53.68% Test OOD3: 60.04% 
Epoch: 338, Loss: 2.3820, Cls: 0.7936, Ind: 0.0000, Med: 0.3967, Spu: 0.0000, FD: 0.7944, FDAug: 0.3973, Var: 0.0000, Ctx: 6, MixCtx: 3, Train: 85.60%, Valid: 69.87%, Test In: 70.71% Test OOD1: 63.27% Test OOD2: 53.58% Test OOD3: 60.68% 
Epoch: 339, Loss: 2.3375, Cls: 0.7793, Ind: 0.0000, Med: 0.3898, Spu: 0.0000, FD: 0.7790, FDAug: 0.3895, Var: 0.0000, Ctx: 6, MixCtx: 3, Train: 85.21%, Valid: 70.12%, Test In: 70.73% Test OOD1: 63.85% Test OOD2: 53.36% Test OOD3: 60.64% 
Epoch: 340, Loss: 2.3601, Cls: 0.7867, Ind: 0.0000, Med: 0.3935, Spu: 0.0000, FD: 0.7866, FDAug: 0.3933, Var: 0.0000, Ctx: 6, MixCtx: 3, Train: 85.87%, Valid: 69.94%, Test In: 70.49% Test OOD1: 62.86% Test OOD2: 53.42% Test OOD3: 59.95% 
Epoch: 341, Loss: 2.3207, Cls: 0.7737, Ind: 0.0000, Med: 0.3870, Spu: 0.0000, FD: 0.7733, FDAug: 0.3867, Var: 0.0000, Ctx: 6, MixCtx: 3, Train: 85.51%, Valid: 69.99%, Test In: 70.55% Test OOD1: 62.01% Test OOD2: 53.73% Test OOD3: 60.07% 
Epoch: 342, Loss: 2.3510, Cls: 0.7835, Ind: 0.0000, Med: 0.3917, Spu: 0.0000, FD: 0.7838, FDAug: 0.3919, Var: 0.0000, Ctx: 6, MixCtx: 3, Train: 85.87%, Valid: 69.28%, Test In: 70.01% Test OOD1: 61.35% Test OOD2: 53.57% Test OOD3: 59.53% 
Epoch: 343, Loss: 2.3336, Cls: 0.7781, Ind: 0.0000, Med: 0.3893, Spu: 0.0000, FD: 0.7774, FDAug: 0.3887, Var: 0.0000, Ctx: 6, MixCtx: 3, Train: 85.69%, Valid: 69.74%, Test In: 70.48% Test OOD1: 62.93% Test OOD2: 53.47% Test OOD3: 60.35% 
Epoch: 344, Loss: 2.3333, Cls: 0.7773, Ind: 0.0000, Med: 0.3885, Spu: 0.0000, FD: 0.7784, FDAug: 0.3892, Var: 0.0000, Ctx: 6, MixCtx: 3, Train: 85.90%, Valid: 68.70%, Test In: 69.35% Test OOD1: 61.88% Test OOD2: 53.32% Test OOD3: 59.14% 
Epoch: 345, Loss: 2.3313, Cls: 0.7776, Ind: 0.0000, Med: 0.3892, Spu: 0.0000, FD: 0.7763, FDAug: 0.3882, Var: 0.0000, Ctx: 6, MixCtx: 3, Train: 86.00%, Valid: 69.58%, Test In: 70.12% Test OOD1: 62.16% Test OOD2: 53.57% Test OOD3: 59.94% 
Epoch: 346, Loss: 2.3717, Cls: 0.7900, Ind: 0.0000, Med: 0.3948, Spu: 0.0000, FD: 0.7913, FDAug: 0.3956, Var: 0.0000, Ctx: 6, MixCtx: 3, Train: 85.73%, Valid: 68.70%, Test In: 69.21% Test OOD1: 61.16% Test OOD2: 53.33% Test OOD3: 58.61% 
Epoch: 347, Loss: 2.4389, Cls: 0.8135, Ind: 0.0000, Med: 0.4072, Spu: 0.0000, FD: 0.8120, FDAug: 0.4061, Var: 0.0000, Ctx: 6, MixCtx: 3, Train: 85.01%, Valid: 70.90%, Test In: 71.34% Test OOD1: 63.97% Test OOD2: 53.68% Test OOD3: 61.24% 
Epoch: 348, Loss: 2.5946, Cls: 0.8638, Ind: 0.0000, Med: 0.4315, Spu: 0.0000, FD: 0.8663, FDAug: 0.4330, Var: 0.0000, Ctx: 6, MixCtx: 3, Train: 85.02%, Valid: 67.45%, Test In: 68.08% Test OOD1: 60.40% Test OOD2: 53.12% Test OOD3: 58.08% 
Epoch: 349, Loss: 2.7110, Cls: 0.9029, Ind: 0.0000, Med: 0.4511, Spu: 0.0000, FD: 0.9046, FDAug: 0.4525, Var: 0.0000, Ctx: 6, MixCtx: 3, Train: 85.10%, Valid: 69.53%, Test In: 70.44% Test OOD1: 62.86% Test OOD2: 53.61% Test OOD3: 60.55% 
Epoch: 350, Loss: 2.4568, Cls: 0.8195, Ind: 0.0000, Med: 0.4102, Spu: 0.0000, FD: 0.8181, FDAug: 0.4090, Var: 0.0000, Ctx: 6, MixCtx: 3, Train: 85.86%, Valid: 70.02%, Test In: 70.68% Test OOD1: 63.51% Test OOD2: 53.43% Test OOD3: 60.65% 
Epoch: 351, Loss: 2.3869, Cls: 0.7962, Ind: 0.0000, Med: 0.3985, Spu: 0.0000, FD: 0.7949, FDAug: 0.3974, Var: 0.0000, Ctx: 6, MixCtx: 3, Train: 84.82%, Valid: 69.21%, Test In: 69.67% Test OOD1: 62.50% Test OOD2: 53.33% Test OOD3: 58.92% 
Epoch: 352, Loss: 2.5459, Cls: 0.8470, Ind: 0.0000, Med: 0.4228, Spu: 0.0000, FD: 0.8507, FDAug: 0.4254, Var: 0.0000, Ctx: 6, MixCtx: 3, Train: 85.32%, Valid: 70.81%, Test In: 71.24% Test OOD1: 64.03% Test OOD2: 53.68% Test OOD3: 60.81% 
Epoch: 353, Loss: 2.3771, Cls: 0.7923, Ind: 0.0000, Med: 0.3962, Spu: 0.0000, FD: 0.7924, FDAug: 0.3962, Var: 0.0000, Ctx: 6, MixCtx: 3, Train: 85.18%, Valid: 71.17%, Test In: 71.83% Test OOD1: 64.03% Test OOD2: 53.90% Test OOD3: 61.53% 
Epoch: 354, Loss: 2.4311, Cls: 0.8107, Ind: 0.0000, Med: 0.4056, Spu: 0.0000, FD: 0.8098, FDAug: 0.4049, Var: 0.0000, Ctx: 6, MixCtx: 3, Train: 85.64%, Valid: 70.06%, Test In: 71.11% Test OOD1: 62.82% Test OOD2: 53.66% Test OOD3: 60.84% 
Epoch: 355, Loss: 2.3952, Cls: 0.7980, Ind: 0.0000, Med: 0.3989, Spu: 0.0000, FD: 0.7988, FDAug: 0.3995, Var: 0.0000, Ctx: 6, MixCtx: 3, Train: 85.38%, Valid: 70.17%, Test In: 71.20% Test OOD1: 63.86% Test OOD2: 53.40% Test OOD3: 61.29% 
Epoch: 356, Loss: 2.3741, Cls: 0.7914, Ind: 0.0000, Med: 0.3958, Spu: 0.0000, FD: 0.7913, FDAug: 0.3957, Var: 0.0000, Ctx: 6, MixCtx: 3, Train: 84.63%, Valid: 70.62%, Test In: 71.48% Test OOD1: 65.01% Test OOD2: 53.36% Test OOD3: 61.98% 
Epoch: 357, Loss: 2.4231, Cls: 0.8074, Ind: 0.0000, Med: 0.4036, Spu: 0.0000, FD: 0.8080, FDAug: 0.4040, Var: 0.0000, Ctx: 6, MixCtx: 3, Train: 85.85%, Valid: 70.30%, Test In: 70.89% Test OOD1: 63.75% Test OOD2: 53.53% Test OOD3: 60.82% 
Epoch: 358, Loss: 2.3303, Cls: 0.7770, Ind: 0.0000, Med: 0.3887, Spu: 0.0000, FD: 0.7764, FDAug: 0.3882, Var: 0.0000, Ctx: 6, MixCtx: 3, Train: 85.68%, Valid: 70.01%, Test In: 70.47% Test OOD1: 62.78% Test OOD2: 53.88% Test OOD3: 60.28% 
Epoch: 359, Loss: 2.3517, Cls: 0.7841, Ind: 0.0000, Med: 0.3923, Spu: 0.0000, FD: 0.7835, FDAug: 0.3918, Var: 0.0000, Ctx: 6, MixCtx: 3, Train: 85.39%, Valid: 70.52%, Test In: 71.06% Test OOD1: 62.97% Test OOD2: 53.94% Test OOD3: 60.71% 
Epoch: 360, Loss: 2.3760, Cls: 0.7910, Ind: 0.0000, Med: 0.3951, Spu: 0.0000, FD: 0.7933, FDAug: 0.3967, Var: 0.0000, Ctx: 6, MixCtx: 3, Train: 86.24%, Valid: 70.00%, Test In: 70.71% Test OOD1: 62.46% Test OOD2: 53.53% Test OOD3: 60.29% 
Epoch: 361, Loss: 2.3036, Cls: 0.7679, Ind: 0.0000, Med: 0.3841, Spu: 0.0000, FD: 0.7677, FDAug: 0.3839, Var: 0.0000, Ctx: 6, MixCtx: 3, Train: 85.97%, Valid: 69.42%, Test In: 70.30% Test OOD1: 62.53% Test OOD2: 53.17% Test OOD3: 60.16% 
Epoch: 362, Loss: 2.3263, Cls: 0.7759, Ind: 0.0000, Med: 0.3882, Spu: 0.0000, FD: 0.7748, FDAug: 0.3874, Var: 0.0000, Ctx: 6, MixCtx: 3, Train: 85.71%, Valid: 69.46%, Test In: 70.32% Test OOD1: 62.76% Test OOD2: 53.17% Test OOD3: 60.42% 
Epoch: 363, Loss: 2.3326, Cls: 0.7773, Ind: 0.0000, Med: 0.3886, Spu: 0.0000, FD: 0.7779, FDAug: 0.3889, Var: 0.0000, Ctx: 6, MixCtx: 3, Train: 86.43%, Valid: 68.99%, Test In: 69.56% Test OOD1: 61.57% Test OOD2: 53.44% Test OOD3: 59.23% 
Epoch: 364, Loss: 2.2872, Cls: 0.7627, Ind: 0.0000, Med: 0.3816, Spu: 0.0000, FD: 0.7619, FDAug: 0.3810, Var: 0.0000, Ctx: 6, MixCtx: 3, Train: 86.35%, Valid: 69.40%, Test In: 69.85% Test OOD1: 61.97% Test OOD2: 53.66% Test OOD3: 59.40% 
Epoch: 365, Loss: 2.2872, Cls: 0.7625, Ind: 0.0000, Med: 0.3814, Spu: 0.0000, FD: 0.7622, FDAug: 0.3811, Var: 0.0000, Ctx: 6, MixCtx: 3, Train: 86.28%, Valid: 70.17%, Test In: 70.58% Test OOD1: 62.98% Test OOD2: 53.56% Test OOD3: 60.20% 
Epoch: 366, Loss: 2.2945, Cls: 0.7645, Ind: 0.0000, Med: 0.3822, Spu: 0.0000, FD: 0.7651, FDAug: 0.3826, Var: 0.0000, Ctx: 6, MixCtx: 3, Train: 86.73%, Valid: 69.48%, Test In: 70.16% Test OOD1: 62.40% Test OOD2: 53.39% Test OOD3: 59.83% 
Epoch: 367, Loss: 2.2784, Cls: 0.7593, Ind: 0.0000, Med: 0.3797, Spu: 0.0000, FD: 0.7596, FDAug: 0.3798, Var: 0.0000, Ctx: 6, MixCtx: 3, Train: 86.24%, Valid: 69.43%, Test In: 70.24% Test OOD1: 62.44% Test OOD2: 53.43% Test OOD3: 60.36% 
Epoch: 368, Loss: 2.2992, Cls: 0.7665, Ind: 0.0000, Med: 0.3834, Spu: 0.0000, FD: 0.7662, FDAug: 0.3831, Var: 0.0000, Ctx: 6, MixCtx: 3, Train: 86.61%, Valid: 68.62%, Test In: 69.29% Test OOD1: 61.59% Test OOD2: 53.39% Test OOD3: 59.24% 
Epoch: 369, Loss: 2.2725, Cls: 0.7573, Ind: 0.0000, Med: 0.3787, Spu: 0.0000, FD: 0.7577, FDAug: 0.3788, Var: 0.0000, Ctx: 6, MixCtx: 3, Train: 86.88%, Valid: 68.97%, Test In: 69.50% Test OOD1: 62.04% Test OOD2: 53.50% Test OOD3: 59.29% 
Epoch: 370, Loss: 2.2458, Cls: 0.7487, Ind: 0.0000, Med: 0.3745, Spu: 0.0000, FD: 0.7483, FDAug: 0.3742, Var: 0.0000, Ctx: 6, MixCtx: 3, Train: 86.63%, Valid: 69.19%, Test In: 69.69% Test OOD1: 62.20% Test OOD2: 53.52% Test OOD3: 59.44% 
Epoch: 371, Loss: 2.2676, Cls: 0.7559, Ind: 0.0000, Med: 0.3781, Spu: 0.0000, FD: 0.7557, FDAug: 0.3779, Var: 0.0000, Ctx: 6, MixCtx: 3, Train: 86.90%, Valid: 68.29%, Test In: 68.98% Test OOD1: 61.25% Test OOD2: 53.45% Test OOD3: 58.84% 
Epoch: 372, Loss: 2.2604, Cls: 0.7533, Ind: 0.0000, Med: 0.3767, Spu: 0.0000, FD: 0.7536, FDAug: 0.3768, Var: 0.0000, Ctx: 6, MixCtx: 3, Train: 86.58%, Valid: 69.01%, Test In: 69.83% Test OOD1: 61.84% Test OOD2: 53.54% Test OOD3: 59.90% 
Epoch: 373, Loss: 2.3057, Cls: 0.7688, Ind: 0.0000, Med: 0.3846, Spu: 0.0000, FD: 0.7682, FDAug: 0.3841, Var: 0.0000, Ctx: 6, MixCtx: 3, Train: 86.72%, Valid: 68.06%, Test In: 68.67% Test OOD1: 61.15% Test OOD2: 53.25% Test OOD3: 58.75% 
Epoch: 374, Loss: 2.3737, Cls: 0.7910, Ind: 0.0000, Med: 0.3954, Spu: 0.0000, FD: 0.7915, FDAug: 0.3957, Var: 0.0000, Ctx: 6, MixCtx: 3, Train: 86.19%, Valid: 69.94%, Test In: 70.62% Test OOD1: 63.11% Test OOD2: 53.68% Test OOD3: 60.85% 
Epoch: 375, Loss: 2.4954, Cls: 0.8313, Ind: 0.0000, Med: 0.4155, Spu: 0.0000, FD: 0.8324, FDAug: 0.4162, Var: 0.0000, Ctx: 6, MixCtx: 3, Train: 85.47%, Valid: 67.27%, Test In: 67.64% Test OOD1: 60.70% Test OOD2: 53.33% Test OOD3: 57.90% 
Epoch: 376, Loss: 2.6399, Cls: 0.8799, Ind: 0.0000, Med: 0.4400, Spu: 0.0000, FD: 0.8800, FDAug: 0.4400, Var: 0.0000, Ctx: 6, MixCtx: 3, Train: 86.52%, Valid: 69.72%, Test In: 70.43% Test OOD1: 62.61% Test OOD2: 53.58% Test OOD3: 60.27% 
Epoch: 377, Loss: 2.4503, Cls: 0.8167, Ind: 0.0000, Med: 0.4083, Spu: 0.0000, FD: 0.8168, FDAug: 0.4084, Var: 0.0000, Ctx: 6, MixCtx: 3, Train: 86.96%, Valid: 69.36%, Test In: 69.96% Test OOD1: 62.32% Test OOD2: 53.30% Test OOD3: 59.65% 
Epoch: 378, Loss: 2.2591, Cls: 0.7532, Ind: 0.0000, Med: 0.3767, Spu: 0.0000, FD: 0.7527, FDAug: 0.3764, Var: 0.0000, Ctx: 6, MixCtx: 3, Train: 86.59%, Valid: 68.93%, Test In: 69.56% Test OOD1: 62.06% Test OOD2: 53.16% Test OOD3: 59.09% 
Epoch: 379, Loss: 2.4298, Cls: 0.8097, Ind: 0.0000, Med: 0.4048, Spu: 0.0000, FD: 0.8102, FDAug: 0.4051, Var: 0.0000, Ctx: 6, MixCtx: 3, Train: 86.17%, Valid: 70.34%, Test In: 71.12% Test OOD1: 63.65% Test OOD2: 53.45% Test OOD3: 61.08% 
Epoch: 380, Loss: 2.3121, Cls: 0.7707, Ind: 0.0000, Med: 0.3854, Spu: 0.0000, FD: 0.7706, FDAug: 0.3853, Var: 0.0000, Ctx: 6, MixCtx: 3, Train: 86.49%, Valid: 70.28%, Test In: 71.14% Test OOD1: 63.26% Test OOD2: 53.80% Test OOD3: 60.89% 
Epoch: 381, Loss: 2.3103, Cls: 0.7699, Ind: 0.0000, Med: 0.3849, Spu: 0.0000, FD: 0.7702, FDAug: 0.3851, Var: 0.0000, Ctx: 6, MixCtx: 3, Train: 86.40%, Valid: 69.37%, Test In: 70.04% Test OOD1: 62.57% Test OOD2: 53.74% Test OOD3: 59.87% 
Epoch: 382, Loss: 2.3356, Cls: 0.7786, Ind: 0.0000, Med: 0.3894, Spu: 0.0000, FD: 0.7784, FDAug: 0.3892, Var: 0.0000, Ctx: 6, MixCtx: 3, Train: 86.56%, Valid: 70.20%, Test In: 70.63% Test OOD1: 63.59% Test OOD2: 53.47% Test OOD3: 60.54% 
Epoch: 383, Loss: 2.2781, Cls: 0.7595, Ind: 0.0000, Med: 0.3799, Spu: 0.0000, FD: 0.7592, FDAug: 0.3796, Var: 0.0000, Ctx: 6, MixCtx: 3, Train: 86.12%, Valid: 70.72%, Test In: 71.26% Test OOD1: 64.24% Test OOD2: 53.35% Test OOD3: 61.49% 
Epoch: 384, Loss: 2.3304, Cls: 0.7765, Ind: 0.0000, Med: 0.3882, Spu: 0.0000, FD: 0.7771, FDAug: 0.3886, Var: 0.0000, Ctx: 6, MixCtx: 3, Train: 86.71%, Valid: 69.75%, Test In: 70.52% Test OOD1: 62.19% Test OOD2: 53.43% Test OOD3: 60.22% 
Epoch: 385, Loss: 2.2935, Cls: 0.7647, Ind: 0.0000, Med: 0.3826, Spu: 0.0000, FD: 0.7641, FDAug: 0.3821, Var: 0.0000, Ctx: 6, MixCtx: 3, Train: 86.98%, Valid: 69.43%, Test In: 70.24% Test OOD1: 61.90% Test OOD2: 53.53% Test OOD3: 59.87% 
Epoch: 386, Loss: 2.2639, Cls: 0.7548, Ind: 0.0000, Med: 0.3775, Spu: 0.0000, FD: 0.7544, FDAug: 0.3772, Var: 0.0000, Ctx: 6, MixCtx: 3, Train: 86.43%, Valid: 69.78%, Test In: 70.42% Test OOD1: 62.89% Test OOD2: 53.43% Test OOD3: 60.48% 
Epoch: 387, Loss: 2.3139, Cls: 0.7708, Ind: 0.0000, Med: 0.3852, Spu: 0.0000, FD: 0.7720, FDAug: 0.3860, Var: 0.0000, Ctx: 6, MixCtx: 3, Train: 87.10%, Valid: 68.76%, Test In: 69.25% Test OOD1: 61.54% Test OOD2: 53.40% Test OOD3: 58.85% 
Epoch: 388, Loss: 2.2549, Cls: 0.7519, Ind: 0.0000, Med: 0.3762, Spu: 0.0000, FD: 0.7512, FDAug: 0.3756, Var: 0.0000, Ctx: 6, MixCtx: 3, Train: 86.93%, Valid: 68.87%, Test In: 69.38% Test OOD1: 61.27% Test OOD2: 53.39% Test OOD3: 58.98% 
Epoch: 389, Loss: 2.2548, Cls: 0.7518, Ind: 0.0000, Med: 0.3761, Spu: 0.0000, FD: 0.7513, FDAug: 0.3756, Var: 0.0000, Ctx: 6, MixCtx: 3, Train: 86.87%, Valid: 69.77%, Test In: 70.34% Test OOD1: 62.33% Test OOD2: 53.32% Test OOD3: 60.21% 
Epoch: 390, Loss: 2.2746, Cls: 0.7579, Ind: 0.0000, Med: 0.3788, Spu: 0.0000, FD: 0.7586, FDAug: 0.3793, Var: 0.0000, Ctx: 6, MixCtx: 3, Train: 87.34%, Valid: 69.13%, Test In: 69.65% Test OOD1: 61.90% Test OOD2: 53.34% Test OOD3: 59.40% 
Epoch: 391, Loss: 2.2361, Cls: 0.7456, Ind: 0.0000, Med: 0.3730, Spu: 0.0000, FD: 0.7450, FDAug: 0.3725, Var: 0.0000, Ctx: 6, MixCtx: 3, Train: 87.10%, Valid: 69.14%, Test In: 69.78% Test OOD1: 62.25% Test OOD2: 53.40% Test OOD3: 59.83% 
Epoch: 392, Loss: 2.2259, Cls: 0.7420, Ind: 0.0000, Med: 0.3711, Spu: 0.0000, FD: 0.7419, FDAug: 0.3710, Var: 0.0000, Ctx: 6, MixCtx: 3, Train: 87.25%, Valid: 69.25%, Test In: 69.97% Test OOD1: 62.11% Test OOD2: 53.48% Test OOD3: 59.93% 
Epoch: 393, Loss: 2.2221, Cls: 0.7407, Ind: 0.0000, Med: 0.3704, Spu: 0.0000, FD: 0.7407, FDAug: 0.3703, Var: 0.0000, Ctx: 6, MixCtx: 3, Train: 87.31%, Valid: 68.69%, Test In: 69.13% Test OOD1: 61.48% Test OOD2: 53.25% Test OOD3: 58.86% 
Epoch: 394, Loss: 2.2424, Cls: 0.7475, Ind: 0.0000, Med: 0.3739, Spu: 0.0000, FD: 0.7473, FDAug: 0.3736, Var: 0.0000, Ctx: 6, MixCtx: 3, Train: 87.24%, Valid: 69.30%, Test In: 69.78% Test OOD1: 62.30% Test OOD2: 53.25% Test OOD3: 59.59% 
Epoch: 395, Loss: 2.2503, Cls: 0.7502, Ind: 0.0000, Med: 0.3752, Spu: 0.0000, FD: 0.7499, FDAug: 0.3750, Var: 0.0000, Ctx: 6, MixCtx: 3, Train: 87.41%, Valid: 67.61%, Test In: 68.17% Test OOD1: 60.33% Test OOD2: 53.18% Test OOD3: 57.99% 
Epoch: 396, Loss: 2.2257, Cls: 0.7420, Ind: 0.0000, Med: 0.3711, Spu: 0.0000, FD: 0.7417, FDAug: 0.3709, Var: 0.0000, Ctx: 6, MixCtx: 3, Train: 87.41%, Valid: 68.26%, Test In: 69.04% Test OOD1: 61.08% Test OOD2: 53.29% Test OOD3: 59.09% 
Epoch: 397, Loss: 2.2105, Cls: 0.7370, Ind: 0.0000, Med: 0.3687, Spu: 0.0000, FD: 0.7365, FDAug: 0.3683, Var: 0.0000, Ctx: 6, MixCtx: 3, Train: 87.60%, Valid: 68.54%, Test In: 69.06% Test OOD1: 61.67% Test OOD2: 53.26% Test OOD3: 59.21% 
Epoch: 398, Loss: 2.1899, Cls: 0.7298, Ind: 0.0000, Med: 0.3649, Spu: 0.0000, FD: 0.7300, FDAug: 0.3650, Var: 0.0000, Ctx: 6, MixCtx: 3, Train: 87.67%, Valid: 68.52%, Test In: 69.00% Test OOD1: 61.48% Test OOD2: 53.41% Test OOD3: 59.30% 
Epoch: 399, Loss: 2.1820, Cls: 0.7274, Ind: 0.0000, Med: 0.3638, Spu: 0.0000, FD: 0.7272, FDAug: 0.3636, Var: 0.0000, Ctx: 6, MixCtx: 3, Train: 87.75%, Valid: 68.63%, Test In: 69.25% Test OOD1: 61.76% Test OOD2: 53.41% Test OOD3: 59.61% 
Epoch: 400, Loss: 2.1825, Cls: 0.7275, Ind: 0.0000, Med: 0.3639, Spu: 0.0000, FD: 0.7274, FDAug: 0.3637, Var: 0.0000, Ctx: 6, MixCtx: 3, Train: 87.55%, Valid: 68.09%, Test In: 68.54% Test OOD1: 61.34% Test OOD2: 53.20% Test OOD3: 58.90% 
Epoch: 401, Loss: 2.2251, Cls: 0.7417, Ind: 0.0000, Med: 0.3710, Spu: 0.0000, FD: 0.7416, FDAug: 0.3708, Var: 0.0000, Ctx: 6, MixCtx: 3, Train: 87.33%, Valid: 69.27%, Test In: 69.97% Test OOD1: 61.99% Test OOD2: 53.42% Test OOD3: 60.03% 
Epoch: 402, Loss: 2.3149, Cls: 0.7711, Ind: 0.0000, Med: 0.3854, Spu: 0.0000, FD: 0.7723, FDAug: 0.3862, Var: 0.0000, Ctx: 6, MixCtx: 3, Train: 86.58%, Valid: 66.81%, Test In: 67.07% Test OOD1: 59.61% Test OOD2: 53.01% Test OOD3: 57.26% 
Epoch: 403, Loss: 2.5595, Cls: 0.8534, Ind: 0.0000, Med: 0.4269, Spu: 0.0000, FD: 0.8528, FDAug: 0.4264, Var: 0.0000, Ctx: 6, MixCtx: 3, Train: 86.59%, Valid: 69.56%, Test In: 70.31% Test OOD1: 62.52% Test OOD2: 53.46% Test OOD3: 60.25% 
Epoch: 404, Loss: 2.6554, Cls: 0.8842, Ind: 0.0000, Med: 0.4417, Spu: 0.0000, FD: 0.8863, FDAug: 0.4431, Var: 0.0000, Ctx: 6, MixCtx: 3, Train: 87.21%, Valid: 67.06%, Test In: 67.52% Test OOD1: 60.09% Test OOD2: 53.03% Test OOD3: 57.46% 
Epoch: 405, Loss: 2.3307, Cls: 0.7769, Ind: 0.0000, Med: 0.3885, Spu: 0.0000, FD: 0.7768, FDAug: 0.3884, Var: 0.0000, Ctx: 6, MixCtx: 3, Train: 87.67%, Valid: 68.52%, Test In: 69.10% Test OOD1: 61.49% Test OOD2: 53.10% Test OOD3: 58.71% 
Epoch: 406, Loss: 2.2520, Cls: 0.7504, Ind: 0.0000, Med: 0.3752, Spu: 0.0000, FD: 0.7509, FDAug: 0.3755, Var: 0.0000, Ctx: 6, MixCtx: 3, Train: 86.39%, Valid: 70.31%, Test In: 70.99% Test OOD1: 63.61% Test OOD2: 53.30% Test OOD3: 61.11% 
Epoch: 407, Loss: 2.4191, Cls: 0.8066, Ind: 0.0000, Med: 0.4035, Spu: 0.0000, FD: 0.8060, FDAug: 0.4030, Var: 0.0000, Ctx: 6, MixCtx: 3, Train: 87.37%, Valid: 69.32%, Test In: 69.98% Test OOD1: 62.23% Test OOD2: 53.49% Test OOD3: 59.90% 
Epoch: 408, Loss: 2.2529, Cls: 0.7507, Ind: 0.0000, Med: 0.3753, Spu: 0.0000, FD: 0.7513, FDAug: 0.3757, Var: 0.0000, Ctx: 6, MixCtx: 3, Train: 87.17%, Valid: 69.08%, Test In: 69.51% Test OOD1: 62.40% Test OOD2: 53.41% Test OOD3: 59.66% 
Epoch: 409, Loss: 2.3278, Cls: 0.7755, Ind: 0.0000, Med: 0.3877, Spu: 0.0000, FD: 0.7764, FDAug: 0.3882, Var: 0.0000, Ctx: 6, MixCtx: 3, Train: 86.75%, Valid: 69.93%, Test In: 70.45% Test OOD1: 64.08% Test OOD2: 53.34% Test OOD3: 61.19% 
Epoch: 410, Loss: 2.2805, Cls: 0.7602, Ind: 0.0000, Med: 0.3802, Spu: 0.0000, FD: 0.7600, FDAug: 0.3800, Var: 0.0000, Ctx: 6, MixCtx: 3, Train: 87.10%, Valid: 69.95%, Test In: 70.68% Test OOD1: 63.73% Test OOD2: 53.33% Test OOD3: 61.33% 
Epoch: 411, Loss: 2.2573, Cls: 0.7522, Ind: 0.0000, Med: 0.3761, Spu: 0.0000, FD: 0.7527, FDAug: 0.3763, Var: 0.0000, Ctx: 6, MixCtx: 3, Train: 87.44%, Valid: 69.01%, Test In: 69.91% Test OOD1: 61.77% Test OOD2: 53.47% Test OOD3: 59.83% 
Epoch: 412, Loss: 2.2904, Cls: 0.7637, Ind: 0.0000, Med: 0.3821, Spu: 0.0000, FD: 0.7630, FDAug: 0.3816, Var: 0.0000, Ctx: 6, MixCtx: 3, Train: 87.50%, Valid: 69.43%, Test In: 70.03% Test OOD1: 61.87% Test OOD2: 53.38% Test OOD3: 59.84% 
Epoch: 413, Loss: 2.2269, Cls: 0.7424, Ind: 0.0000, Med: 0.3713, Spu: 0.0000, FD: 0.7422, FDAug: 0.3711, Var: 0.0000, Ctx: 6, MixCtx: 3, Train: 87.31%, Valid: 69.72%, Test In: 70.14% Test OOD1: 62.79% Test OOD2: 53.24% Test OOD3: 60.44% 
Epoch: 414, Loss: 2.2754, Cls: 0.7578, Ind: 0.0000, Med: 0.3786, Spu: 0.0000, FD: 0.7593, FDAug: 0.3797, Var: 0.0000, Ctx: 6, MixCtx: 3, Train: 87.57%, Valid: 68.31%, Test In: 68.73% Test OOD1: 61.50% Test OOD2: 53.16% Test OOD3: 58.97% 
Epoch: 415, Loss: 2.2176, Cls: 0.7395, Ind: 0.0000, Med: 0.3700, Spu: 0.0000, FD: 0.7388, FDAug: 0.3694, Var: 0.0000, Ctx: 6, MixCtx: 3, Train: 87.37%, Valid: 67.93%, Test In: 68.55% Test OOD1: 60.96% Test OOD2: 53.23% Test OOD3: 58.78% 
Epoch: 416, Loss: 2.2451, Cls: 0.7489, Ind: 0.0000, Med: 0.3748, Spu: 0.0000, FD: 0.7477, FDAug: 0.3738, Var: 0.0000, Ctx: 6, MixCtx: 3, Train: 87.82%, Valid: 69.43%, Test In: 70.11% Test OOD1: 62.42% Test OOD2: 53.41% Test OOD3: 60.27% 
Epoch: 417, Loss: 2.2024, Cls: 0.7338, Ind: 0.0000, Med: 0.3668, Spu: 0.0000, FD: 0.7346, FDAug: 0.3673, Var: 0.0000, Ctx: 6, MixCtx: 3, Train: 87.76%, Valid: 69.56%, Test In: 70.01% Test OOD1: 62.25% Test OOD2: 53.37% Test OOD3: 59.87% 
Epoch: 418, Loss: 2.1806, Cls: 0.7268, Ind: 0.0000, Med: 0.3635, Spu: 0.0000, FD: 0.7269, FDAug: 0.3634, Var: 0.0000, Ctx: 6, MixCtx: 3, Train: 87.96%, Valid: 68.90%, Test In: 69.35% Test OOD1: 61.49% Test OOD2: 53.31% Test OOD3: 59.11% 
Epoch: 419, Loss: 2.2008, Cls: 0.7338, Ind: 0.0000, Med: 0.3671, Spu: 0.0000, FD: 0.7333, FDAug: 0.3666, Var: 0.0000, Ctx: 6, MixCtx: 3, Train: 87.93%, Valid: 69.25%, Test In: 69.83% Test OOD1: 62.30% Test OOD2: 53.23% Test OOD3: 59.98% 
Epoch: 420, Loss: 2.2057, Cls: 0.7352, Ind: 0.0000, Med: 0.3677, Spu: 0.0000, FD: 0.7352, FDAug: 0.3676, Var: 0.0000, Ctx: 6, MixCtx: 3, Train: 88.11%, Valid: 68.43%, Test In: 68.87% Test OOD1: 61.72% Test OOD2: 53.16% Test OOD3: 58.90% 
Epoch: 421, Loss: 2.1576, Cls: 0.7193, Ind: 0.0000, Med: 0.3598, Spu: 0.0000, FD: 0.7190, FDAug: 0.3595, Var: 0.0000, Ctx: 6, MixCtx: 3, Train: 88.30%, Valid: 68.40%, Test In: 68.90% Test OOD1: 61.34% Test OOD2: 53.28% Test OOD3: 58.80% 
Epoch: 422, Loss: 2.1366, Cls: 0.7123, Ind: 0.0000, Med: 0.3563, Spu: 0.0000, FD: 0.7120, FDAug: 0.3560, Var: 0.0000, Ctx: 6, MixCtx: 3, Train: 88.04%, Valid: 68.72%, Test In: 69.28% Test OOD1: 61.24% Test OOD2: 53.33% Test OOD3: 59.18% 
Epoch: 423, Loss: 2.1752, Cls: 0.7252, Ind: 0.0000, Med: 0.3628, Spu: 0.0000, FD: 0.7248, FDAug: 0.3624, Var: 0.0000, Ctx: 6, MixCtx: 3, Train: 88.19%, Valid: 67.57%, Test In: 67.85% Test OOD1: 60.53% Test OOD2: 53.00% Test OOD3: 58.14% 
Epoch: 424, Loss: 2.2016, Cls: 0.7336, Ind: 0.0000, Med: 0.3668, Spu: 0.0000, FD: 0.7341, FDAug: 0.3671, Var: 0.0000, Ctx: 6, MixCtx: 3, Train: 88.11%, Valid: 68.56%, Test In: 69.04% Test OOD1: 61.75% Test OOD2: 53.24% Test OOD3: 59.66% 
Epoch: 425, Loss: 2.2134, Cls: 0.7379, Ind: 0.0000, Med: 0.3691, Spu: 0.0000, FD: 0.7375, FDAug: 0.3688, Var: 0.0000, Ctx: 6, MixCtx: 3, Train: 88.19%, Valid: 67.96%, Test In: 68.11% Test OOD1: 61.34% Test OOD2: 53.26% Test OOD3: 58.75% 
Epoch: 426, Loss: 2.1917, Cls: 0.7305, Ind: 0.0000, Med: 0.3653, Spu: 0.0000, FD: 0.7307, FDAug: 0.3653, Var: 0.0000, Ctx: 6, MixCtx: 3, Train: 88.25%, Valid: 68.85%, Test In: 69.41% Test OOD1: 62.00% Test OOD2: 53.50% Test OOD3: 59.80% 
Epoch: 427, Loss: 2.1639, Cls: 0.7212, Ind: 0.0000, Med: 0.3606, Spu: 0.0000, FD: 0.7213, FDAug: 0.3607, Var: 0.0000, Ctx: 6, MixCtx: 3, Train: 88.53%, Valid: 67.83%, Test In: 68.33% Test OOD1: 60.88% Test OOD2: 53.20% Test OOD3: 58.67% 
Epoch: 428, Loss: 2.1326, Cls: 0.7111, Ind: 0.0000, Med: 0.3557, Spu: 0.0000, FD: 0.7105, FDAug: 0.3553, Var: 0.0000, Ctx: 6, MixCtx: 3, Train: 88.59%, Valid: 68.07%, Test In: 68.55% Test OOD1: 61.05% Test OOD2: 53.19% Test OOD3: 58.76% 
Epoch: 429, Loss: 2.1159, Cls: 0.7053, Ind: 0.0000, Med: 0.3528, Spu: 0.0000, FD: 0.7052, FDAug: 0.3526, Var: 0.0000, Ctx: 6, MixCtx: 3, Train: 88.67%, Valid: 68.04%, Test In: 68.45% Test OOD1: 60.89% Test OOD2: 53.34% Test OOD3: 58.56% 
Epoch: 430, Loss: 2.1061, Cls: 0.7022, Ind: 0.0000, Med: 0.3512, Spu: 0.0000, FD: 0.7017, FDAug: 0.3509, Var: 0.0000, Ctx: 6, MixCtx: 3, Train: 88.70%, Valid: 68.00%, Test In: 68.48% Test OOD1: 60.97% Test OOD2: 53.36% Test OOD3: 58.61% 
Epoch: 431, Loss: 2.1076, Cls: 0.7028, Ind: 0.0000, Med: 0.3517, Spu: 0.0000, FD: 0.7021, FDAug: 0.3510, Var: 0.0000, Ctx: 6, MixCtx: 3, Train: 88.58%, Valid: 68.49%, Test In: 69.01% Test OOD1: 61.58% Test OOD2: 53.28% Test OOD3: 59.26% 
Epoch: 432, Loss: 2.1213, Cls: 0.7067, Ind: 0.0000, Med: 0.3532, Spu: 0.0000, FD: 0.7076, FDAug: 0.3538, Var: 0.0000, Ctx: 6, MixCtx: 3, Train: 88.59%, Valid: 67.68%, Test In: 67.92% Test OOD1: 60.56% Test OOD2: 53.20% Test OOD3: 58.14% 
Epoch: 433, Loss: 2.1477, Cls: 0.7165, Ind: 0.0000, Med: 0.3587, Spu: 0.0000, FD: 0.7150, FDAug: 0.3575, Var: 0.0000, Ctx: 6, MixCtx: 3, Train: 88.42%, Valid: 68.92%, Test In: 69.43% Test OOD1: 61.77% Test OOD2: 53.34% Test OOD3: 59.59% 
Epoch: 434, Loss: 2.1905, Cls: 0.7292, Ind: 0.0000, Med: 0.3642, Spu: 0.0000, FD: 0.7314, FDAug: 0.3657, Var: 0.0000, Ctx: 6, MixCtx: 3, Train: 88.38%, Valid: 67.32%, Test In: 67.59% Test OOD1: 60.42% Test OOD2: 53.13% Test OOD3: 57.76% 
Epoch: 435, Loss: 2.2672, Cls: 0.7566, Ind: 0.0000, Med: 0.3789, Spu: 0.0000, FD: 0.7544, FDAug: 0.3772, Var: 0.0000, Ctx: 6, MixCtx: 3, Train: 87.82%, Valid: 69.08%, Test In: 69.76% Test OOD1: 62.06% Test OOD2: 53.40% Test OOD3: 59.89% 
Epoch: 436, Loss: 2.3695, Cls: 0.7888, Ind: 0.0000, Med: 0.3940, Spu: 0.0000, FD: 0.7911, FDAug: 0.3955, Var: 0.0000, Ctx: 6, MixCtx: 3, Train: 88.12%, Valid: 67.12%, Test In: 67.24% Test OOD1: 60.05% Test OOD2: 53.04% Test OOD3: 57.38% 
Epoch: 437, Loss: 2.2970, Cls: 0.7657, Ind: 0.0000, Med: 0.3829, Spu: 0.0000, FD: 0.7655, FDAug: 0.3828, Var: 0.0000, Ctx: 6, MixCtx: 3, Train: 88.55%, Valid: 68.76%, Test In: 68.98% Test OOD1: 61.92% Test OOD2: 53.12% Test OOD3: 59.17% 
Epoch: 438, Loss: 2.1323, Cls: 0.7108, Ind: 0.0000, Med: 0.3556, Spu: 0.0000, FD: 0.7106, FDAug: 0.3553, Var: 0.0000, Ctx: 6, MixCtx: 3, Train: 88.52%, Valid: 68.93%, Test In: 69.47% Test OOD1: 62.06% Test OOD2: 53.20% Test OOD3: 59.63% 
Epoch: 439, Loss: 2.1466, Cls: 0.7157, Ind: 0.0000, Med: 0.3580, Spu: 0.0000, FD: 0.7152, FDAug: 0.3576, Var: 0.0000, Ctx: 6, MixCtx: 3, Train: 88.51%, Valid: 67.91%, Test In: 68.32% Test OOD1: 61.11% Test OOD2: 53.26% Test OOD3: 58.53% 
Epoch: 440, Loss: 2.2203, Cls: 0.7394, Ind: 0.0000, Med: 0.3695, Spu: 0.0000, FD: 0.7409, FDAug: 0.3705, Var: 0.0000, Ctx: 6, MixCtx: 3, Train: 88.37%, Valid: 69.23%, Test In: 69.55% Test OOD1: 62.71% Test OOD2: 53.29% Test OOD3: 60.06% 
Epoch: 441, Loss: 2.1492, Cls: 0.7169, Ind: 0.0000, Med: 0.3588, Spu: 0.0000, FD: 0.7157, FDAug: 0.3579, Var: 0.0000, Ctx: 6, MixCtx: 3, Train: 88.80%, Valid: 68.83%, Test In: 69.34% Test OOD1: 61.97% Test OOD2: 53.28% Test OOD3: 59.77% 
Epoch: 442, Loss: 2.1136, Cls: 0.7047, Ind: 0.0000, Med: 0.3526, Spu: 0.0000, FD: 0.7042, FDAug: 0.3521, Var: 0.0000, Ctx: 6, MixCtx: 3, Train: 88.83%, Valid: 67.95%, Test In: 68.39% Test OOD1: 60.98% Test OOD2: 53.17% Test OOD3: 58.78% 
Epoch: 443, Loss: 2.1625, Cls: 0.7204, Ind: 0.0000, Med: 0.3601, Spu: 0.0000, FD: 0.7213, FDAug: 0.3607, Var: 0.0000, Ctx: 6, MixCtx: 3, Train: 88.57%, Valid: 69.03%, Test In: 69.37% Test OOD1: 62.22% Test OOD2: 53.17% Test OOD3: 59.80% 
Epoch: 444, Loss: 2.1233, Cls: 0.7079, Ind: 0.0000, Med: 0.3541, Spu: 0.0000, FD: 0.7075, FDAug: 0.3538, Var: 0.0000, Ctx: 6, MixCtx: 3, Train: 88.95%, Valid: 68.42%, Test In: 68.78% Test OOD1: 61.33% Test OOD2: 53.34% Test OOD3: 59.02% 
Epoch: 445, Loss: 2.0922, Cls: 0.6976, Ind: 0.0000, Med: 0.3489, Spu: 0.0000, FD: 0.6971, FDAug: 0.3486, Var: 0.0000, Ctx: 6, MixCtx: 3, Train: 88.96%, Valid: 67.93%, Test In: 68.28% Test OOD1: 60.77% Test OOD2: 53.22% Test OOD3: 58.37% 
Epoch: 446, Loss: 2.1084, Cls: 0.7031, Ind: 0.0000, Med: 0.3518, Spu: 0.0000, FD: 0.7024, FDAug: 0.3512, Var: 0.0000, Ctx: 6, MixCtx: 3, Train: 88.57%, Valid: 69.11%, Test In: 69.56% Test OOD1: 62.06% Test OOD2: 53.13% Test OOD3: 59.77% 
Epoch: 447, Loss: 2.1403, Cls: 0.7129, Ind: 0.0000, Med: 0.3562, Spu: 0.0000, FD: 0.7141, FDAug: 0.3571, Var: 0.0000, Ctx: 6, MixCtx: 3, Train: 88.94%, Valid: 67.92%, Test In: 68.16% Test OOD1: 60.61% Test OOD2: 53.21% Test OOD3: 58.32% 
Epoch: 448, Loss: 2.1251, Cls: 0.7090, Ind: 0.0000, Med: 0.3549, Spu: 0.0000, FD: 0.7075, FDAug: 0.3537, Var: 0.0000, Ctx: 6, MixCtx: 3, Train: 89.10%, Valid: 68.55%, Test In: 68.81% Test OOD1: 61.63% Test OOD2: 53.22% Test OOD3: 59.24% 
Epoch: 449, Loss: 2.0887, Cls: 0.6958, Ind: 0.0000, Med: 0.3478, Spu: 0.0000, FD: 0.6967, FDAug: 0.3483, Var: 0.0000, Ctx: 6, MixCtx: 3, Train: 89.12%, Valid: 68.22%, Test In: 68.53% Test OOD1: 61.29% Test OOD2: 53.03% Test OOD3: 58.87% 
Epoch: 450, Loss: 2.0693, Cls: 0.6899, Ind: 0.0000, Med: 0.3451, Spu: 0.0000, FD: 0.6895, FDAug: 0.3448, Var: 0.0000, Ctx: 6, MixCtx: 3, Train: 89.26%, Valid: 67.84%, Test In: 68.09% Test OOD1: 60.59% Test OOD2: 53.16% Test OOD3: 58.46% 
Epoch: 451, Loss: 2.0580, Cls: 0.6862, Ind: 0.0000, Med: 0.3433, Spu: 0.0000, FD: 0.6856, FDAug: 0.3428, Var: 0.0000, Ctx: 6, MixCtx: 3, Train: 89.21%, Valid: 67.98%, Test In: 68.02% Test OOD1: 61.09% Test OOD2: 53.12% Test OOD3: 58.78% 
Epoch: 452, Loss: 2.0726, Cls: 0.6907, Ind: 0.0000, Med: 0.3453, Spu: 0.0000, FD: 0.6911, FDAug: 0.3455, Var: 0.0000, Ctx: 6, MixCtx: 3, Train: 89.21%, Valid: 67.38%, Test In: 67.56% Test OOD1: 60.51% Test OOD2: 53.03% Test OOD3: 58.31% 
Epoch: 453, Loss: 2.0902, Cls: 0.6971, Ind: 0.0000, Med: 0.3489, Spu: 0.0000, FD: 0.6961, FDAug: 0.3481, Var: 0.0000, Ctx: 6, MixCtx: 3, Train: 89.03%, Valid: 68.38%, Test In: 68.76% Test OOD1: 61.48% Test OOD2: 53.38% Test OOD3: 59.33% 
Epoch: 454, Loss: 2.1364, Cls: 0.7117, Ind: 0.0000, Med: 0.3558, Spu: 0.0000, FD: 0.7125, FDAug: 0.3563, Var: 0.0000, Ctx: 6, MixCtx: 3, Train: 88.29%, Valid: 66.94%, Test In: 66.59% Test OOD1: 60.39% Test OOD2: 52.99% Test OOD3: 57.52% 
Epoch: 455, Loss: 2.3000, Cls: 0.7666, Ind: 0.0000, Med: 0.3834, Spu: 0.0000, FD: 0.7666, FDAug: 0.3833, Var: 0.0000, Ctx: 6, MixCtx: 3, Train: 87.19%, Valid: 69.02%, Test In: 69.60% Test OOD1: 61.72% Test OOD2: 53.40% Test OOD3: 59.92% 
Epoch: 456, Loss: 2.6061, Cls: 0.8686, Ind: 0.0000, Med: 0.4344, Spu: 0.0000, FD: 0.8687, FDAug: 0.4344, Var: 0.0000, Ctx: 6, MixCtx: 3, Train: 88.08%, Valid: 66.91%, Test In: 67.21% Test OOD1: 59.85% Test OOD2: 53.09% Test OOD3: 57.73% 
Epoch: 457, Loss: 2.4390, Cls: 0.8117, Ind: 0.0000, Med: 0.4053, Spu: 0.0000, FD: 0.8146, FDAug: 0.4073, Var: 0.0000, Ctx: 6, MixCtx: 3, Train: 87.27%, Valid: 68.74%, Test In: 68.71% Test OOD1: 62.26% Test OOD2: 52.99% Test OOD3: 59.14% 
Epoch: 458, Loss: 2.2211, Cls: 0.7404, Ind: 0.0000, Med: 0.3703, Spu: 0.0000, FD: 0.7402, FDAug: 0.3701, Var: 0.0000, Ctx: 6, MixCtx: 3, Train: 88.81%, Valid: 68.47%, Test In: 68.72% Test OOD1: 61.40% Test OOD2: 53.07% Test OOD3: 59.04% 
Epoch: 459, Loss: 2.2331, Cls: 0.7457, Ind: 0.0000, Med: 0.3736, Spu: 0.0000, FD: 0.7425, FDAug: 0.3712, Var: 0.0000, Ctx: 6, MixCtx: 3, Train: 86.98%, Valid: 66.75%, Test In: 67.21% Test OOD1: 59.30% Test OOD2: 53.14% Test OOD3: 57.69% 
Epoch: 460, Loss: 2.3151, Cls: 0.7714, Ind: 0.0000, Med: 0.3857, Spu: 0.0000, FD: 0.7720, FDAug: 0.3860, Var: 0.0000, Ctx: 6, MixCtx: 3, Train: 88.56%, Valid: 68.40%, Test In: 68.32% Test OOD1: 61.47% Test OOD2: 53.17% Test OOD3: 59.22% 
Epoch: 461, Loss: 2.1840, Cls: 0.7281, Ind: 0.0000, Med: 0.3641, Spu: 0.0000, FD: 0.7279, FDAug: 0.3639, Var: 0.0000, Ctx: 6, MixCtx: 3, Train: 86.69%, Valid: 69.84%, Test In: 69.81% Test OOD1: 64.04% Test OOD2: 53.26% Test OOD3: 61.42% 
Epoch: 462, Loss: 2.3511, Cls: 0.7839, Ind: 0.0000, Med: 0.3921, Spu: 0.0000, FD: 0.7834, FDAug: 0.3917, Var: 0.0000, Ctx: 6, MixCtx: 3, Train: 88.57%, Valid: 68.62%, Test In: 68.85% Test OOD1: 62.37% Test OOD2: 53.35% Test OOD3: 60.48% 
Epoch: 463, Loss: 2.1421, Cls: 0.7141, Ind: 0.0000, Med: 0.3572, Spu: 0.0000, FD: 0.7138, FDAug: 0.3569, Var: 0.0000, Ctx: 6, MixCtx: 3, Train: 87.73%, Valid: 67.59%, Test In: 68.28% Test OOD1: 61.03% Test OOD2: 53.48% Test OOD3: 59.68% 
Epoch: 464, Loss: 2.2755, Cls: 0.7587, Ind: 0.0000, Med: 0.3795, Spu: 0.0000, FD: 0.7582, FDAug: 0.3791, Var: 0.0000, Ctx: 6, MixCtx: 3, Train: 88.97%, Valid: 69.21%, Test In: 69.43% Test OOD1: 62.37% Test OOD2: 53.33% Test OOD3: 60.43% 
Epoch: 465, Loss: 2.1239, Cls: 0.7077, Ind: 0.0000, Med: 0.3538, Spu: 0.0000, FD: 0.7082, FDAug: 0.3541, Var: 0.0000, Ctx: 6, MixCtx: 3, Train: 87.91%, Valid: 69.50%, Test In: 69.40% Test OOD1: 62.83% Test OOD2: 53.11% Test OOD3: 60.00% 
Epoch: 466, Loss: 2.1982, Cls: 0.7322, Ind: 0.0000, Med: 0.3659, Spu: 0.0000, FD: 0.7334, FDAug: 0.3667, Var: 0.0000, Ctx: 6, MixCtx: 3, Train: 88.59%, Valid: 67.63%, Test In: 67.57% Test OOD1: 60.49% Test OOD2: 53.05% Test OOD3: 57.76% 
Epoch: 467, Loss: 2.1901, Cls: 0.7311, Ind: 0.0000, Med: 0.3661, Spu: 0.0000, FD: 0.7286, FDAug: 0.3643, Var: 0.0000, Ctx: 6, MixCtx: 3, Train: 88.39%, Valid: 67.74%, Test In: 68.52% Test OOD1: 60.61% Test OOD2: 53.29% Test OOD3: 58.73% 
Epoch: 468, Loss: 2.1538, Cls: 0.7181, Ind: 0.0000, Med: 0.3593, Spu: 0.0000, FD: 0.7176, FDAug: 0.3588, Var: 0.0000, Ctx: 6, MixCtx: 3, Train: 88.56%, Valid: 69.10%, Test In: 69.48% Test OOD1: 62.38% Test OOD2: 53.28% Test OOD3: 60.19% 
Epoch: 469, Loss: 2.1482, Cls: 0.7159, Ind: 0.0000, Med: 0.3579, Spu: 0.0000, FD: 0.7163, FDAug: 0.3581, Var: 0.0000, Ctx: 6, MixCtx: 3, Train: 88.84%, Valid: 68.89%, Test In: 68.71% Test OOD1: 62.20% Test OOD2: 53.24% Test OOD3: 59.60% 
Epoch: 470, Loss: 2.1475, Cls: 0.7167, Ind: 0.0000, Med: 0.3590, Spu: 0.0000, FD: 0.7145, FDAug: 0.3573, Var: 0.0000, Ctx: 6, MixCtx: 3, Train: 89.06%, Valid: 68.90%, Test In: 68.98% Test OOD1: 62.14% Test OOD2: 53.26% Test OOD3: 59.81% 
Epoch: 471, Loss: 2.0787, Cls: 0.6933, Ind: 0.0000, Med: 0.3470, Spu: 0.0000, FD: 0.6922, FDAug: 0.3461, Var: 0.0000, Ctx: 6, MixCtx: 3, Train: 88.89%, Valid: 68.69%, Test In: 68.97% Test OOD1: 62.06% Test OOD2: 53.14% Test OOD3: 59.77% 
Epoch: 472, Loss: 2.1224, Cls: 0.7078, Ind: 0.0000, Med: 0.3542, Spu: 0.0000, FD: 0.7069, FDAug: 0.3534, Var: 0.0000, Ctx: 6, MixCtx: 3, Train: 88.93%, Valid: 67.79%, Test In: 67.56% Test OOD1: 60.96% Test OOD2: 53.04% Test OOD3: 58.25% 
Epoch: 473, Loss: 2.1307, Cls: 0.7100, Ind: 0.0000, Med: 0.3550, Spu: 0.0000, FD: 0.7104, FDAug: 0.3552, Var: 0.0000, Ctx: 6, MixCtx: 3, Train: 89.17%, Valid: 68.42%, Test In: 68.60% Test OOD1: 61.40% Test OOD2: 53.35% Test OOD3: 59.19% 
Epoch: 474, Loss: 2.0854, Cls: 0.6956, Ind: 0.0000, Med: 0.3482, Spu: 0.0000, FD: 0.6944, FDAug: 0.3472, Var: 0.0000, Ctx: 6, MixCtx: 3, Train: 89.27%, Valid: 67.83%, Test In: 67.96% Test OOD1: 60.56% Test OOD2: 53.28% Test OOD3: 58.47% 
Epoch: 475, Loss: 2.0569, Cls: 0.6857, Ind: 0.0000, Med: 0.3430, Spu: 0.0000, FD: 0.6854, FDAug: 0.3427, Var: 0.0000, Ctx: 6, MixCtx: 3, Train: 89.36%, Valid: 67.68%, Test In: 67.42% Test OOD1: 61.15% Test OOD2: 52.99% Test OOD3: 58.15% 
Epoch: 476, Loss: 2.0678, Cls: 0.6889, Ind: 0.0000, Med: 0.3444, Spu: 0.0000, FD: 0.6896, FDAug: 0.3448, Var: 0.0000, Ctx: 6, MixCtx: 3, Train: 89.46%, Valid: 68.40%, Test In: 68.45% Test OOD1: 61.81% Test OOD2: 53.18% Test OOD3: 59.18% 
Epoch: 477, Loss: 2.1009, Cls: 0.7009, Ind: 0.0000, Med: 0.3509, Spu: 0.0000, FD: 0.6994, FDAug: 0.3497, Var: 0.0000, Ctx: 6, MixCtx: 3, Train: 89.31%, Valid: 67.65%, Test In: 67.67% Test OOD1: 60.70% Test OOD2: 53.39% Test OOD3: 58.30% 
Epoch: 478, Loss: 2.0926, Cls: 0.6973, Ind: 0.0000, Med: 0.3487, Spu: 0.0000, FD: 0.6978, FDAug: 0.3489, Var: 0.0000, Ctx: 6, MixCtx: 3, Train: 89.56%, Valid: 68.46%, Test In: 68.58% Test OOD1: 61.92% Test OOD2: 53.49% Test OOD3: 59.42% 
Epoch: 479, Loss: 2.0364, Cls: 0.6789, Ind: 0.0000, Med: 0.3396, Spu: 0.0000, FD: 0.6785, FDAug: 0.3393, Var: 0.0000, Ctx: 6, MixCtx: 3, Train: 89.72%, Valid: 67.69%, Test In: 67.67% Test OOD1: 61.15% Test OOD2: 53.20% Test OOD3: 58.60% 
Epoch: 480, Loss: 2.0166, Cls: 0.6723, Ind: 0.0000, Med: 0.3363, Spu: 0.0000, FD: 0.6720, FDAug: 0.3360, Var: 0.0000, Ctx: 6, MixCtx: 3, Train: 89.61%, Valid: 66.91%, Test In: 66.97% Test OOD1: 59.86% Test OOD2: 53.14% Test OOD3: 57.76% 
Epoch: 481, Loss: 2.0328, Cls: 0.6781, Ind: 0.0000, Med: 0.3395, Spu: 0.0000, FD: 0.6768, FDAug: 0.3384, Var: 0.0000, Ctx: 6, MixCtx: 3, Train: 89.76%, Valid: 68.02%, Test In: 68.11% Test OOD1: 61.17% Test OOD2: 53.34% Test OOD3: 58.86% 
Epoch: 482, Loss: 2.0343, Cls: 0.6779, Ind: 0.0000, Med: 0.3390, Spu: 0.0000, FD: 0.6782, FDAug: 0.3391, Var: 0.0000, Ctx: 6, MixCtx: 3, Train: 89.62%, Valid: 67.47%, Test In: 67.31% Test OOD1: 61.05% Test OOD2: 53.22% Test OOD3: 58.30% 
Epoch: 483, Loss: 2.0693, Cls: 0.6902, Ind: 0.0000, Med: 0.3455, Spu: 0.0000, FD: 0.6890, FDAug: 0.3445, Var: 0.0000, Ctx: 6, MixCtx: 3, Train: 89.08%, Valid: 68.19%, Test In: 68.77% Test OOD1: 61.41% Test OOD2: 53.46% Test OOD3: 59.39% 
Epoch: 484, Loss: 2.1451, Cls: 0.7137, Ind: 0.0000, Med: 0.3563, Spu: 0.0000, FD: 0.7168, FDAug: 0.3584, Var: 0.0000, Ctx: 6, MixCtx: 3, Train: 89.41%, Valid: 67.19%, Test In: 66.78% Test OOD1: 60.27% Test OOD2: 53.10% Test OOD3: 57.67% 
Epoch: 485, Loss: 2.2009, Cls: 0.7352, Ind: 0.0000, Med: 0.3685, Spu: 0.0000, FD: 0.7315, FDAug: 0.3657, Var: 0.0000, Ctx: 6, MixCtx: 3, Train: 89.07%, Valid: 68.95%, Test In: 69.05% Test OOD1: 61.93% Test OOD2: 53.34% Test OOD3: 59.53% 
Epoch: 486, Loss: 2.2633, Cls: 0.7521, Ind: 0.0000, Med: 0.3750, Spu: 0.0000, FD: 0.7575, FDAug: 0.3788, Var: 0.0000, Ctx: 6, MixCtx: 3, Train: 88.54%, Valid: 66.45%, Test In: 66.65% Test OOD1: 59.97% Test OOD2: 53.04% Test OOD3: 57.26% 
Epoch: 487, Loss: 2.2353, Cls: 0.7466, Ind: 0.0000, Med: 0.3741, Spu: 0.0000, FD: 0.7431, FDAug: 0.3715, Var: 0.0000, Ctx: 6, MixCtx: 3, Train: 89.56%, Valid: 67.98%, Test In: 67.80% Test OOD1: 61.56% Test OOD2: 53.09% Test OOD3: 58.47% 
Epoch: 488, Loss: 2.0395, Cls: 0.6797, Ind: 0.0000, Med: 0.3399, Spu: 0.0000, FD: 0.6800, FDAug: 0.3400, Var: 0.0000, Ctx: 6, MixCtx: 3, Train: 89.23%, Valid: 68.80%, Test In: 68.74% Test OOD1: 62.01% Test OOD2: 53.20% Test OOD3: 59.55% 
Epoch: 489, Loss: 2.1174, Cls: 0.7053, Ind: 0.0000, Med: 0.3525, Spu: 0.0000, FD: 0.7064, FDAug: 0.3532, Var: 0.0000, Ctx: 6, MixCtx: 3, Train: 89.16%, Valid: 67.07%, Test In: 67.27% Test OOD1: 60.15% Test OOD2: 53.21% Test OOD3: 58.17% 
Epoch: 490, Loss: 2.2007, Cls: 0.7338, Ind: 0.0000, Med: 0.3671, Spu: 0.0000, FD: 0.7332, FDAug: 0.3666, Var: 0.0000, Ctx: 6, MixCtx: 3, Train: 89.80%, Valid: 68.14%, Test In: 68.26% Test OOD1: 61.96% Test OOD2: 53.23% Test OOD3: 59.46% 
Epoch: 491, Loss: 2.0272, Cls: 0.6757, Ind: 0.0000, Med: 0.3379, Spu: 0.0000, FD: 0.6758, FDAug: 0.3379, Var: 0.0000, Ctx: 6, MixCtx: 3, Train: 89.00%, Valid: 68.63%, Test In: 68.44% Test OOD1: 62.58% Test OOD2: 53.15% Test OOD3: 59.76% 
Epoch: 492, Loss: 2.1177, Cls: 0.7061, Ind: 0.0000, Med: 0.3533, Spu: 0.0000, FD: 0.7055, FDAug: 0.3528, Var: 0.0000, Ctx: 6, MixCtx: 3, Train: 89.66%, Valid: 67.37%, Test In: 67.18% Test OOD1: 60.48% Test OOD2: 53.21% Test OOD3: 57.87% 
Epoch: 493, Loss: 2.1155, Cls: 0.7048, Ind: 0.0000, Med: 0.3523, Spu: 0.0000, FD: 0.7056, FDAug: 0.3528, Var: 0.0000, Ctx: 6, MixCtx: 3, Train: 89.36%, Valid: 67.94%, Test In: 68.49% Test OOD1: 60.86% Test OOD2: 53.41% Test OOD3: 58.71% 
Epoch: 494, Loss: 2.0644, Cls: 0.6883, Ind: 0.0000, Med: 0.3444, Spu: 0.0000, FD: 0.6878, FDAug: 0.3439, Var: 0.0000, Ctx: 6, MixCtx: 3, Train: 89.68%, Valid: 68.74%, Test In: 68.63% Test OOD1: 62.21% Test OOD2: 53.24% Test OOD3: 59.36% 
Epoch: 495, Loss: 2.0427, Cls: 0.6811, Ind: 0.0000, Med: 0.3407, Spu: 0.0000, FD: 0.6806, FDAug: 0.3403, Var: 0.0000, Ctx: 6, MixCtx: 3, Train: 89.60%, Valid: 67.86%, Test In: 67.52% Test OOD1: 61.47% Test OOD2: 53.08% Test OOD3: 58.45% 
Epoch: 496, Loss: 2.1075, Cls: 0.7023, Ind: 0.0000, Med: 0.3511, Spu: 0.0000, FD: 0.7027, FDAug: 0.3514, Var: 0.0000, Ctx: 6, MixCtx: 3, Train: 89.17%, Valid: 68.52%, Test In: 69.03% Test OOD1: 61.70% Test OOD2: 53.40% Test OOD3: 59.68% 
Epoch: 497, Loss: 2.0824, Cls: 0.6941, Ind: 0.0000, Med: 0.3472, Spu: 0.0000, FD: 0.6940, FDAug: 0.3470, Var: 0.0000, Ctx: 6, MixCtx: 3, Train: 89.99%, Valid: 68.74%, Test In: 68.66% Test OOD1: 61.83% Test OOD2: 53.33% Test OOD3: 59.35% 
Epoch: 498, Loss: 1.9943, Cls: 0.6648, Ind: 0.0000, Med: 0.3325, Spu: 0.0000, FD: 0.6647, FDAug: 0.3323, Var: 0.0000, Ctx: 6, MixCtx: 3, Train: 89.58%, Valid: 67.92%, Test In: 67.33% Test OOD1: 61.10% Test OOD2: 53.04% Test OOD3: 58.04% 
Epoch: 499, Loss: 2.0715, Cls: 0.6907, Ind: 0.0000, Med: 0.3455, Spu: 0.0000, FD: 0.6902, FDAug: 0.3451, Var: 0.0000, Ctx: 6, MixCtx: 3, Train: 89.83%, Valid: 68.16%, Test In: 68.30% Test OOD1: 61.01% Test OOD2: 53.19% Test OOD3: 58.72% 
Run 01:
Highest Train: 89.99
Highest Valid: 73.57
Highest In Test: 74.91
Highest OOD Test: 67.98
Highest OOD Test: 54.66
Highest OOD Test: 64.57
Chosen epoch: 166
Final Train: 78.77
Final In Test: 74.79
Final OOD Test: 67.17
Final OOD Test: 54.29
Final OOD Test: 64.07
Epoch: 00, Loss: 4.3255, Cls: 1.3494, Ind: 0.0037, Med: 0.6421, Spu: 0.0130, FD: 1.5525, FDAug: 0.7648, Var: 0.0000, Ctx: 6, MixCtx: 3, Train: 54.29%, Valid: 54.86%, Test In: 54.62% Test OOD1: 56.05% Test OOD2: 52.14% Test OOD3: 56.18% 
Epoch: 01, Loss: 3.4597, Cls: 1.1331, Ind: 0.0053, Med: 0.5644, Spu: 0.0018, FD: 1.1698, FDAug: 0.5854, Var: 0.0000, Ctx: 6, MixCtx: 3, Train: 51.83%, Valid: 52.04%, Test In: 52.44% Test OOD1: 52.76% Test OOD2: 52.43% Test OOD3: 55.00% 
Epoch: 02, Loss: 3.3994, Cls: 1.1268, Ind: 0.0067, Med: 0.5647, Spu: 0.0045, FD: 1.1315, FDAug: 0.5651, Var: 0.0000, Ctx: 6, MixCtx: 3, Train: 56.48%, Valid: 56.79%, Test In: 56.08% Test OOD1: 58.92% Test OOD2: 52.53% Test OOD3: 57.75% 
Epoch: 03, Loss: 3.4322, Cls: 1.1327, Ind: 0.0056, Med: 0.5637, Spu: 0.0016, FD: 1.1530, FDAug: 0.5757, Var: 0.0000, Ctx: 6, MixCtx: 3, Train: 57.98%, Valid: 58.14%, Test In: 57.19% Test OOD1: 60.80% Test OOD2: 52.08% Test OOD3: 58.13% 
Epoch: 04, Loss: 3.4408, Cls: 1.1326, Ind: 0.0036, Med: 0.5634, Spu: 0.0000, FD: 1.1607, FDAug: 0.5806, Var: 0.0000, Ctx: 6, MixCtx: 3, Train: 58.39%, Valid: 58.46%, Test In: 57.35% Test OOD1: 61.23% Test OOD2: 51.79% Test OOD3: 58.04% 
Epoch: 05, Loss: 3.4332, Cls: 1.1271, Ind: 0.0018, Med: 0.5616, Spu: 0.0015, FD: 1.1605, FDAug: 0.5808, Var: 0.0000, Ctx: 6, MixCtx: 3, Train: 58.59%, Valid: 58.60%, Test In: 57.53% Test OOD1: 61.35% Test OOD2: 51.59% Test OOD3: 57.96% 
Epoch: 06, Loss: 3.4121, Cls: 1.1219, Ind: 0.0007, Med: 0.5605, Spu: 0.0021, FD: 1.1509, FDAug: 0.5759, Var: 0.0000, Ctx: 6, MixCtx: 3, Train: 58.63%, Valid: 58.65%, Test In: 57.58% Test OOD1: 61.39% Test OOD2: 51.48% Test OOD3: 57.90% 
Epoch: 07, Loss: 3.3884, Cls: 1.1198, Ind: 0.0002, Med: 0.5614, Spu: 0.0009, FD: 1.1371, FDAug: 0.5690, Var: 0.0000, Ctx: 6, MixCtx: 3, Train: 58.69%, Valid: 58.69%, Test In: 57.63% Test OOD1: 61.41% Test OOD2: 51.42% Test OOD3: 57.86% 
Epoch: 08, Loss: 3.3716, Cls: 1.1200, Ind: 0.0001, Med: 0.5622, Spu: 0.0000, FD: 1.1259, FDAug: 0.5633, Var: 0.0000, Ctx: 6, MixCtx: 3, Train: 58.77%, Valid: 58.72%, Test In: 57.68% Test OOD1: 61.44% Test OOD2: 51.38% Test OOD3: 57.84% 
Epoch: 09, Loss: 3.3629, Cls: 1.1200, Ind: 0.0001, Med: 0.5612, Spu: 0.0009, FD: 1.1203, FDAug: 0.5604, Var: 0.0000, Ctx: 6, MixCtx: 3, Train: 58.76%, Valid: 58.67%, Test In: 57.67% Test OOD1: 61.44% Test OOD2: 51.31% Test OOD3: 57.82% 
Epoch: 10, Loss: 3.3611, Cls: 1.1190, Ind: 0.0003, Med: 0.5595, Spu: 0.0018, FD: 1.1203, FDAug: 0.5602, Var: 0.0000, Ctx: 6, MixCtx: 3, Train: 58.71%, Valid: 58.63%, Test In: 57.61% Test OOD1: 61.40% Test OOD2: 51.24% Test OOD3: 57.76% 
Epoch: 11, Loss: 3.3646, Cls: 1.1182, Ind: 0.0006, Med: 0.5590, Spu: 0.0013, FD: 1.1238, FDAug: 0.5617, Var: 0.0000, Ctx: 6, MixCtx: 3, Train: 58.69%, Valid: 58.62%, Test In: 57.60% Test OOD1: 61.37% Test OOD2: 51.21% Test OOD3: 57.72% 
Epoch: 12, Loss: 3.3694, Cls: 1.1177, Ind: 0.0009, Med: 0.5594, Spu: 0.0003, FD: 1.1276, FDAug: 0.5636, Var: 0.0000, Ctx: 6, MixCtx: 3, Train: 58.73%, Valid: 58.66%, Test In: 57.64% Test OOD1: 61.39% Test OOD2: 51.21% Test OOD3: 57.70% 
Epoch: 13, Loss: 3.3710, Cls: 1.1172, Ind: 0.0010, Med: 0.5596, Spu: 0.0001, FD: 1.1290, FDAug: 0.5642, Var: 0.0000, Ctx: 6, MixCtx: 3, Train: 58.84%, Valid: 58.72%, Test In: 57.75% Test OOD1: 61.44% Test OOD2: 51.23% Test OOD3: 57.74% 
Epoch: 14, Loss: 3.3684, Cls: 1.1165, Ind: 0.0010, Med: 0.5591, Spu: 0.0007, FD: 1.1275, FDAug: 0.5635, Var: 0.0000, Ctx: 6, MixCtx: 3, Train: 59.10%, Valid: 58.90%, Test In: 58.02% Test OOD1: 61.55% Test OOD2: 51.27% Test OOD3: 57.85% 
Epoch: 15, Loss: 3.3617, Cls: 1.1156, Ind: 0.0009, Med: 0.5582, Spu: 0.0013, FD: 1.1240, FDAug: 0.5619, Var: 0.0000, Ctx: 6, MixCtx: 3, Train: 59.19%, Valid: 58.96%, Test In: 58.12% Test OOD1: 61.58% Test OOD2: 51.28% Test OOD3: 57.87% 
Epoch: 16, Loss: 3.3538, Cls: 1.1147, Ind: 0.0007, Med: 0.5572, Spu: 0.0010, FD: 1.1202, FDAug: 0.5600, Var: 0.0000, Ctx: 6, MixCtx: 3, Train: 59.41%, Valid: 59.10%, Test In: 58.32% Test OOD1: 61.68% Test OOD2: 51.32% Test OOD3: 57.98% 
Epoch: 17, Loss: 3.3463, Cls: 1.1136, Ind: 0.0005, Med: 0.5563, Spu: 0.0004, FD: 1.1170, FDAug: 0.5585, Var: 0.0000, Ctx: 6, MixCtx: 3, Train: 59.62%, Valid: 59.22%, Test In: 58.50% Test OOD1: 61.77% Test OOD2: 51.35% Test OOD3: 58.10% 
Epoch: 18, Loss: 3.3409, Cls: 1.1125, Ind: 0.0003, Med: 0.5558, Spu: 0.0000, FD: 1.1148, FDAug: 0.5574, Var: 0.0000, Ctx: 6, MixCtx: 3, Train: 59.83%, Valid: 59.37%, Test In: 58.70% Test OOD1: 61.87% Test OOD2: 51.38% Test OOD3: 58.21% 
Epoch: 19, Loss: 3.3374, Cls: 1.1111, Ind: 0.0002, Med: 0.5554, Spu: 0.0002, FD: 1.1136, FDAug: 0.5569, Var: 0.0000, Ctx: 6, MixCtx: 3, Train: 60.10%, Valid: 59.54%, Test In: 58.94% Test OOD1: 61.99% Test OOD2: 51.42% Test OOD3: 58.34% 
Epoch: 20, Loss: 3.3341, Cls: 1.1093, Ind: 0.0001, Med: 0.5545, Spu: 0.0006, FD: 1.1131, FDAug: 0.5566, Var: 0.0000, Ctx: 6, MixCtx: 3, Train: 60.42%, Valid: 59.76%, Test In: 59.23% Test OOD1: 62.13% Test OOD2: 51.46% Test OOD3: 58.51% 
Epoch: 21, Loss: 3.3304, Cls: 1.1073, Ind: 0.0001, Med: 0.5533, Spu: 0.0008, FD: 1.1126, FDAug: 0.5564, Var: 0.0000, Ctx: 6, MixCtx: 3, Train: 60.77%, Valid: 59.99%, Test In: 59.55% Test OOD1: 62.29% Test OOD2: 51.51% Test OOD3: 58.70% 
Epoch: 22, Loss: 3.3254, Cls: 1.1052, Ind: 0.0001, Med: 0.5520, Spu: 0.0005, FD: 1.1117, FDAug: 0.5559, Var: 0.0000, Ctx: 6, MixCtx: 3, Train: 61.15%, Valid: 60.25%, Test In: 59.90% Test OOD1: 62.45% Test OOD2: 51.57% Test OOD3: 58.91% 
Epoch: 23, Loss: 3.3186, Cls: 1.1029, Ind: 0.0001, Med: 0.5507, Spu: 0.0002, FD: 1.1098, FDAug: 0.5549, Var: 0.0000, Ctx: 6, MixCtx: 3, Train: 61.61%, Valid: 60.56%, Test In: 60.33% Test OOD1: 62.64% Test OOD2: 51.63% Test OOD3: 59.15% 
Epoch: 24, Loss: 3.3104, Cls: 1.1003, Ind: 0.0001, Med: 0.5493, Spu: 0.0000, FD: 1.1071, FDAug: 0.5536, Var: 0.0000, Ctx: 6, MixCtx: 3, Train: 62.17%, Valid: 60.94%, Test In: 60.85% Test OOD1: 62.89% Test OOD2: 51.71% Test OOD3: 59.46% 
Epoch: 25, Loss: 3.3005, Cls: 1.0972, Ind: 0.0001, Med: 0.5477, Spu: 0.0001, FD: 1.1036, FDAug: 0.5519, Var: 0.0000, Ctx: 6, MixCtx: 3, Train: 62.75%, Valid: 61.32%, Test In: 61.39% Test OOD1: 63.11% Test OOD2: 51.80% Test OOD3: 59.78% 
Epoch: 26, Loss: 3.2884, Cls: 1.0932, Ind: 0.0001, Med: 0.5457, Spu: 0.0003, FD: 1.0993, FDAug: 0.5497, Var: 0.0000, Ctx: 6, MixCtx: 3, Train: 63.46%, Valid: 61.79%, Test In: 62.06% Test OOD1: 63.40% Test OOD2: 51.90% Test OOD3: 60.12% 
Epoch: 27, Loss: 3.2743, Cls: 1.0885, Ind: 0.0001, Med: 0.5434, Spu: 0.0004, FD: 1.0945, FDAug: 0.5473, Var: 0.0000, Ctx: 6, MixCtx: 3, Train: 64.28%, Valid: 62.36%, Test In: 62.85% Test OOD1: 63.74% Test OOD2: 52.01% Test OOD3: 60.53% 
Epoch: 28, Loss: 3.2583, Cls: 1.0831, Ind: 0.0001, Med: 0.5407, Spu: 0.0002, FD: 1.0893, FDAug: 0.5448, Var: 0.0000, Ctx: 6, MixCtx: 3, Train: 65.06%, Valid: 62.89%, Test In: 63.58% Test OOD1: 64.04% Test OOD2: 52.12% Test OOD3: 60.92% 
Epoch: 29, Loss: 3.2428, Cls: 1.0781, Ind: 0.0001, Med: 0.5384, Spu: 0.0001, FD: 1.0840, FDAug: 0.5420, Var: 0.0000, Ctx: 6, MixCtx: 3, Train: 66.17%, Valid: 63.66%, Test In: 64.66% Test OOD1: 64.46% Test OOD2: 52.30% Test OOD3: 61.36% 
Epoch: 30, Loss: 3.2354, Cls: 1.0753, Ind: 0.0001, Med: 0.5370, Spu: 0.0000, FD: 1.0819, FDAug: 0.5411, Var: 0.0000, Ctx: 6, MixCtx: 3, Train: 66.51%, Valid: 63.92%, Test In: 64.99% Test OOD1: 64.58% Test OOD2: 52.32% Test OOD3: 61.56% 
Epoch: 31, Loss: 3.2344, Cls: 1.0756, Ind: 0.0001, Med: 0.5374, Spu: 0.0001, FD: 1.0808, FDAug: 0.5403, Var: 0.0000, Ctx: 6, MixCtx: 3, Train: 67.39%, Valid: 64.53%, Test In: 65.84% Test OOD1: 64.92% Test OOD2: 52.44% Test OOD3: 61.87% 
Epoch: 32, Loss: 3.1914, Cls: 1.0598, Ind: 0.0001, Med: 0.5291, Spu: 0.0002, FD: 1.0681, FDAug: 0.5341, Var: 0.0000, Ctx: 6, MixCtx: 3, Train: 68.27%, Valid: 65.17%, Test In: 66.74% Test OOD1: 65.20% Test OOD2: 52.58% Test OOD3: 62.18% 
Epoch: 33, Loss: 3.2026, Cls: 1.0641, Ind: 0.0001, Med: 0.5319, Spu: 0.0002, FD: 1.0708, FDAug: 0.5355, Var: 0.0000, Ctx: 6, MixCtx: 3, Train: 68.63%, Valid: 65.41%, Test In: 67.06% Test OOD1: 65.37% Test OOD2: 52.60% Test OOD3: 62.33% 
Epoch: 34, Loss: 3.1903, Cls: 1.0595, Ind: 0.0001, Med: 0.5289, Spu: 0.0001, FD: 1.0679, FDAug: 0.5338, Var: 0.0000, Ctx: 6, MixCtx: 3, Train: 69.34%, Valid: 65.92%, Test In: 67.79% Test OOD1: 65.60% Test OOD2: 52.70% Test OOD3: 62.58% 
Epoch: 35, Loss: 3.1434, Cls: 1.0430, Ind: 0.0001, Med: 0.5204, Spu: 0.0000, FD: 1.0532, FDAug: 0.5266, Var: 0.0000, Ctx: 6, MixCtx: 3, Train: 70.18%, Valid: 66.59%, Test In: 68.63% Test OOD1: 65.78% Test OOD2: 52.86% Test OOD3: 62.81% 
Epoch: 36, Loss: 3.1737, Cls: 1.0546, Ind: 0.0001, Med: 0.5275, Spu: 0.0000, FD: 1.0610, FDAug: 0.5306, Var: 0.0000, Ctx: 6, MixCtx: 3, Train: 70.45%, Valid: 66.72%, Test In: 68.88% Test OOD1: 65.91% Test OOD2: 52.89% Test OOD3: 62.92% 
Epoch: 37, Loss: 3.1072, Cls: 1.0308, Ind: 0.0001, Med: 0.5143, Spu: 0.0001, FD: 1.0413, FDAug: 0.5207, Var: 0.0000, Ctx: 6, MixCtx: 3, Train: 70.85%, Valid: 66.98%, Test In: 69.28% Test OOD1: 66.01% Test OOD2: 52.96% Test OOD3: 63.05% 
Epoch: 38, Loss: 3.1200, Cls: 1.0361, Ind: 0.0001, Med: 0.5175, Spu: 0.0001, FD: 1.0441, FDAug: 0.5220, Var: 0.0000, Ctx: 6, MixCtx: 3, Train: 71.44%, Valid: 67.45%, Test In: 69.91% Test OOD1: 66.02% Test OOD2: 53.14% Test OOD3: 63.16% 
Epoch: 39, Loss: 3.0812, Cls: 1.0219, Ind: 0.0001, Med: 0.5098, Spu: 0.0001, FD: 1.0328, FDAug: 0.5165, Var: 0.0000, Ctx: 6, MixCtx: 3, Train: 71.77%, Valid: 67.67%, Test In: 70.25% Test OOD1: 65.98% Test OOD2: 53.23% Test OOD3: 63.22% 
Epoch: 40, Loss: 3.0684, Cls: 1.0175, Ind: 0.0001, Med: 0.5074, Spu: 0.0001, FD: 1.0288, FDAug: 0.5145, Var: 0.0000, Ctx: 6, MixCtx: 3, Train: 71.86%, Valid: 67.68%, Test In: 70.31% Test OOD1: 66.02% Test OOD2: 53.23% Test OOD3: 63.28% 
Epoch: 41, Loss: 3.0729, Cls: 1.0223, Ind: 0.0001, Med: 0.5121, Spu: 0.0000, FD: 1.0257, FDAug: 0.5128, Var: 0.0000, Ctx: 6, MixCtx: 3, Train: 72.16%, Valid: 67.90%, Test In: 70.66% Test OOD1: 65.88% Test OOD2: 53.34% Test OOD3: 63.29% 
Epoch: 42, Loss: 3.0252, Cls: 1.0042, Ind: 0.0001, Med: 0.5016, Spu: 0.0000, FD: 1.0128, FDAug: 0.5065, Var: 0.0000, Ctx: 6, MixCtx: 3, Train: 72.39%, Valid: 68.04%, Test In: 70.92% Test OOD1: 65.58% Test OOD2: 53.45% Test OOD3: 63.27% 
Epoch: 43, Loss: 3.0514, Cls: 1.0120, Ind: 0.0001, Med: 0.5048, Spu: 0.0001, FD: 1.0229, FDAug: 0.5115, Var: 0.0000, Ctx: 6, MixCtx: 3, Train: 72.42%, Valid: 68.09%, Test In: 70.90% Test OOD1: 65.79% Test OOD2: 53.41% Test OOD3: 63.33% 
Epoch: 44, Loss: 3.0374, Cls: 1.0126, Ind: 0.0001, Med: 0.5084, Spu: 0.0001, FD: 1.0108, FDAug: 0.5054, Var: 0.0000, Ctx: 6, MixCtx: 3, Train: 72.59%, Valid: 68.21%, Test In: 71.12% Test OOD1: 65.57% Test OOD2: 53.49% Test OOD3: 63.30% 
Epoch: 45, Loss: 2.9974, Cls: 0.9969, Ind: 0.0001, Med: 0.4988, Spu: 0.0001, FD: 1.0009, FDAug: 0.5005, Var: 0.0000, Ctx: 6, MixCtx: 3, Train: 72.72%, Valid: 68.31%, Test In: 71.29% Test OOD1: 65.24% Test OOD2: 53.56% Test OOD3: 63.25% 
Epoch: 46, Loss: 3.0225, Cls: 1.0051, Ind: 0.0001, Med: 0.5024, Spu: 0.0000, FD: 1.0099, FDAug: 0.5050, Var: 0.0000, Ctx: 6, MixCtx: 3, Train: 72.77%, Valid: 68.44%, Test In: 71.28% Test OOD1: 65.68% Test OOD2: 53.50% Test OOD3: 63.35% 
Epoch: 47, Loss: 3.0297, Cls: 1.0111, Ind: 0.0001, Med: 0.5074, Spu: 0.0000, FD: 1.0074, FDAug: 0.5037, Var: 0.0000, Ctx: 6, MixCtx: 3, Train: 72.89%, Valid: 68.52%, Test In: 71.48% Test OOD1: 65.24% Test OOD2: 53.58% Test OOD3: 63.27% 
Epoch: 48, Loss: 2.9908, Cls: 0.9963, Ind: 0.0001, Med: 0.4986, Spu: 0.0000, FD: 0.9971, FDAug: 0.4986, Var: 0.0000, Ctx: 6, MixCtx: 3, Train: 72.98%, Valid: 68.64%, Test In: 71.58% Test OOD1: 65.18% Test OOD2: 53.60% Test OOD3: 63.27% 
Epoch: 49, Loss: 2.9887, Cls: 0.9961, Ind: 0.0001, Med: 0.4985, Spu: 0.0000, FD: 0.9959, FDAug: 0.4980, Var: 0.0000, Ctx: 6, MixCtx: 3, Train: 73.06%, Valid: 68.80%, Test In: 71.60% Test OOD1: 65.67% Test OOD2: 53.56% Test OOD3: 63.38% 
Epoch: 50, Loss: 3.0092, Cls: 1.0028, Ind: 0.0001, Med: 0.5016, Spu: 0.0001, FD: 1.0031, FDAug: 0.5015, Var: 0.0000, Ctx: 6, MixCtx: 3, Train: 73.14%, Valid: 68.87%, Test In: 71.77% Test OOD1: 65.13% Test OOD2: 53.64% Test OOD3: 63.28% 
Epoch: 51, Loss: 2.9858, Cls: 0.9955, Ind: 0.0001, Med: 0.4982, Spu: 0.0000, FD: 0.9946, FDAug: 0.4973, Var: 0.0000, Ctx: 6, MixCtx: 3, Train: 73.23%, Valid: 69.01%, Test In: 71.86% Test OOD1: 65.29% Test OOD2: 53.65% Test OOD3: 63.33% 
Epoch: 52, Loss: 2.9723, Cls: 0.9908, Ind: 0.0001, Med: 0.4956, Spu: 0.0000, FD: 0.9905, FDAug: 0.4952, Var: 0.0000, Ctx: 6, MixCtx: 3, Train: 73.31%, Valid: 69.17%, Test In: 71.85% Test OOD1: 65.80% Test OOD2: 53.61% Test OOD3: 63.46% 
Epoch: 53, Loss: 2.9902, Cls: 0.9962, Ind: 0.0001, Med: 0.4979, Spu: 0.0000, FD: 0.9973, FDAug: 0.4986, Var: 0.0000, Ctx: 6, MixCtx: 3, Train: 73.41%, Valid: 69.27%, Test In: 72.03% Test OOD1: 65.38% Test OOD2: 53.67% Test OOD3: 63.39% 
Epoch: 54, Loss: 2.9708, Cls: 0.9902, Ind: 0.0001, Med: 0.4951, Spu: 0.0000, FD: 0.9902, FDAug: 0.4951, Var: 0.0000, Ctx: 6, MixCtx: 3, Train: 73.50%, Valid: 69.41%, Test In: 72.12% Test OOD1: 65.57% Test OOD2: 53.68% Test OOD3: 63.45% 
Epoch: 55, Loss: 2.9625, Cls: 0.9873, Ind: 0.0001, Med: 0.4937, Spu: 0.0000, FD: 0.9876, FDAug: 0.4938, Var: 0.0000, Ctx: 6, MixCtx: 3, Train: 73.54%, Valid: 69.53%, Test In: 72.07% Test OOD1: 66.07% Test OOD2: 53.63% Test OOD3: 63.58% 
Epoch: 56, Loss: 2.9759, Cls: 0.9919, Ind: 0.0001, Med: 0.4961, Spu: 0.0000, FD: 0.9919, FDAug: 0.4959, Var: 0.0000, Ctx: 6, MixCtx: 3, Train: 73.67%, Valid: 69.63%, Test In: 72.27% Test OOD1: 65.75% Test OOD2: 53.70% Test OOD3: 63.52% 
Epoch: 57, Loss: 2.9568, Cls: 0.9853, Ind: 0.0001, Med: 0.4927, Spu: 0.0000, FD: 0.9857, FDAug: 0.4929, Var: 0.0000, Ctx: 6, MixCtx: 3, Train: 73.74%, Valid: 69.74%, Test In: 72.33% Test OOD1: 65.84% Test OOD2: 53.70% Test OOD3: 63.55% 
Epoch: 58, Loss: 2.9526, Cls: 0.9841, Ind: 0.0001, Med: 0.4922, Spu: 0.0000, FD: 0.9841, FDAug: 0.4921, Var: 0.0000, Ctx: 6, MixCtx: 3, Train: 73.73%, Valid: 69.83%, Test In: 72.25% Test OOD1: 66.29% Test OOD2: 53.65% Test OOD3: 63.66% 
Epoch: 59, Loss: 2.9626, Cls: 0.9870, Ind: 0.0001, Med: 0.4936, Spu: 0.0000, FD: 0.9880, FDAug: 0.4940, Var: 0.0000, Ctx: 6, MixCtx: 3, Train: 73.89%, Valid: 69.96%, Test In: 72.48% Test OOD1: 65.95% Test OOD2: 53.71% Test OOD3: 63.59% 
Epoch: 60, Loss: 2.9469, Cls: 0.9825, Ind: 0.0001, Med: 0.4917, Spu: 0.0000, FD: 0.9817, FDAug: 0.4909, Var: 0.0000, Ctx: 6, MixCtx: 3, Train: 73.96%, Valid: 70.06%, Test In: 72.53% Test OOD1: 66.07% Test OOD2: 53.70% Test OOD3: 63.63% 
Epoch: 61, Loss: 2.9401, Cls: 0.9803, Ind: 0.0001, Med: 0.4907, Spu: 0.0000, FD: 0.9793, FDAug: 0.4897, Var: 0.0000, Ctx: 6, MixCtx: 3, Train: 73.94%, Valid: 70.12%, Test In: 72.46% Test OOD1: 66.44% Test OOD2: 53.64% Test OOD3: 63.71% 
Epoch: 62, Loss: 2.9498, Cls: 0.9820, Ind: 0.0001, Med: 0.4910, Spu: 0.0000, FD: 0.9845, FDAug: 0.4922, Var: 0.0000, Ctx: 6, MixCtx: 3, Train: 74.12%, Valid: 70.26%, Test In: 72.73% Test OOD1: 65.99% Test OOD2: 53.72% Test OOD3: 63.62% 
Epoch: 63, Loss: 2.9437, Cls: 0.9819, Ind: 0.0001, Med: 0.4917, Spu: 0.0000, FD: 0.9800, FDAug: 0.4900, Var: 0.0000, Ctx: 6, MixCtx: 3, Train: 74.15%, Valid: 70.36%, Test In: 72.71% Test OOD1: 66.31% Test OOD2: 53.68% Test OOD3: 63.69% 
Epoch: 64, Loss: 2.9290, Cls: 0.9763, Ind: 0.0001, Med: 0.4886, Spu: 0.0000, FD: 0.9761, FDAug: 0.4880, Var: 0.0000, Ctx: 6, MixCtx: 3, Train: 74.18%, Valid: 70.43%, Test In: 72.72% Test OOD1: 66.46% Test OOD2: 53.65% Test OOD3: 63.73% 
Epoch: 65, Loss: 2.9318, Cls: 0.9768, Ind: 0.0001, Med: 0.4886, Spu: 0.0000, FD: 0.9775, FDAug: 0.4887, Var: 0.0000, Ctx: 6, MixCtx: 3, Train: 74.34%, Valid: 70.53%, Test In: 72.97% Test OOD1: 65.98% Test OOD2: 53.72% Test OOD3: 63.61% 
Epoch: 66, Loss: 2.9368, Cls: 0.9791, Ind: 0.0001, Med: 0.4899, Spu: 0.0000, FD: 0.9785, FDAug: 0.4893, Var: 0.0000, Ctx: 6, MixCtx: 3, Train: 74.32%, Valid: 70.61%, Test In: 72.87% Test OOD1: 66.51% Test OOD2: 53.64% Test OOD3: 63.74% 
Epoch: 67, Loss: 2.9269, Cls: 0.9756, Ind: 0.0000, Med: 0.4882, Spu: 0.0000, FD: 0.9754, FDAug: 0.4877, Var: 0.0000, Ctx: 6, MixCtx: 3, Train: 74.45%, Valid: 70.70%, Test In: 73.06% Test OOD1: 66.27% Test OOD2: 53.68% Test OOD3: 63.69% 
Epoch: 68, Loss: 2.9159, Cls: 0.9721, Ind: 0.0000, Med: 0.4864, Spu: 0.0000, FD: 0.9716, FDAug: 0.4858, Var: 0.0000, Ctx: 6, MixCtx: 3, Train: 74.53%, Valid: 70.78%, Test In: 73.18% Test OOD1: 66.12% Test OOD2: 53.70% Test OOD3: 63.65% 
Epoch: 69, Loss: 2.9163, Cls: 0.9720, Ind: 0.0000, Med: 0.4862, Spu: 0.0000, FD: 0.9721, FDAug: 0.4860, Var: 0.0000, Ctx: 6, MixCtx: 3, Train: 74.53%, Valid: 70.84%, Test In: 73.10% Test OOD1: 66.57% Test OOD2: 53.62% Test OOD3: 63.76% 
Epoch: 70, Loss: 2.9213, Cls: 0.9743, Ind: 0.0000, Med: 0.4876, Spu: 0.0000, FD: 0.9730, FDAug: 0.4865, Var: 0.0000, Ctx: 6, MixCtx: 3, Train: 74.66%, Valid: 70.91%, Test In: 73.36% Test OOD1: 65.90% Test OOD2: 53.72% Test OOD3: 63.58% 
Epoch: 71, Loss: 2.9213, Cls: 0.9734, Ind: 0.0000, Med: 0.4866, Spu: 0.0000, FD: 0.9742, FDAug: 0.4871, Var: 0.0000, Ctx: 6, MixCtx: 3, Train: 74.68%, Valid: 71.00%, Test In: 73.28% Test OOD1: 66.54% Test OOD2: 53.63% Test OOD3: 63.75% 
Epoch: 72, Loss: 2.9121, Cls: 0.9710, Ind: 0.0000, Med: 0.4858, Spu: 0.0000, FD: 0.9702, FDAug: 0.4851, Var: 0.0000, Ctx: 6, MixCtx: 3, Train: 74.79%, Valid: 71.08%, Test In: 73.46% Test OOD1: 66.14% Test OOD2: 53.69% Test OOD3: 63.64% 
Epoch: 73, Loss: 2.9027, Cls: 0.9677, Ind: 0.0000, Med: 0.4840, Spu: 0.0000, FD: 0.9673, FDAug: 0.4837, Var: 0.0000, Ctx: 6, MixCtx: 3, Train: 74.85%, Valid: 71.16%, Test In: 73.51% Test OOD1: 66.27% Test OOD2: 53.67% Test OOD3: 63.67% 
Epoch: 74, Loss: 2.8979, Cls: 0.9661, Ind: 0.0000, Med: 0.4832, Spu: 0.0000, FD: 0.9657, FDAug: 0.4829, Var: 0.0000, Ctx: 6, MixCtx: 3, Train: 74.89%, Valid: 71.23%, Test In: 73.52% Test OOD1: 66.51% Test OOD2: 53.63% Test OOD3: 63.73% 
Epoch: 75, Loss: 2.8984, Cls: 0.9661, Ind: 0.0000, Med: 0.4831, Spu: 0.0000, FD: 0.9661, FDAug: 0.4830, Var: 0.0000, Ctx: 6, MixCtx: 3, Train: 74.97%, Valid: 71.29%, Test In: 73.68% Test OOD1: 66.01% Test OOD2: 53.71% Test OOD3: 63.58% 
Epoch: 76, Loss: 2.9035, Cls: 0.9682, Ind: 0.0000, Med: 0.4843, Spu: 0.0000, FD: 0.9673, FDAug: 0.4837, Var: 0.0000, Ctx: 6, MixCtx: 3, Train: 74.96%, Valid: 71.36%, Test In: 73.54% Test OOD1: 66.85% Test OOD2: 53.55% Test OOD3: 63.81% 
Epoch: 77, Loss: 2.9135, Cls: 0.9709, Ind: 0.0000, Med: 0.4854, Spu: 0.0000, FD: 0.9715, FDAug: 0.4857, Var: 0.0000, Ctx: 6, MixCtx: 3, Train: 75.04%, Valid: 71.39%, Test In: 73.80% Test OOD1: 65.62% Test OOD2: 53.73% Test OOD3: 63.45% 
Epoch: 78, Loss: 2.9365, Cls: 0.9793, Ind: 0.0000, Med: 0.4900, Spu: 0.0000, FD: 0.9781, FDAug: 0.4891, Var: 0.0000, Ctx: 6, MixCtx: 3, Train: 75.00%, Valid: 71.46%, Test In: 73.53% Test OOD1: 67.13% Test OOD2: 53.46% Test OOD3: 63.89% 
Epoch: 79, Loss: 2.9467, Cls: 0.9820, Ind: 0.0000, Med: 0.4910, Spu: 0.0000, FD: 0.9825, FDAug: 0.4911, Var: 0.0000, Ctx: 6, MixCtx: 3, Train: 75.16%, Valid: 71.55%, Test In: 73.90% Test OOD1: 65.69% Test OOD2: 53.72% Test OOD3: 63.45% 
Epoch: 80, Loss: 2.9327, Cls: 0.9777, Ind: 0.0000, Med: 0.4891, Spu: 0.0000, FD: 0.9772, FDAug: 0.4886, Var: 0.0000, Ctx: 6, MixCtx: 3, Train: 75.23%, Valid: 71.70%, Test In: 73.83% Test OOD1: 66.80% Test OOD2: 53.56% Test OOD3: 63.78% 
Epoch: 81, Loss: 2.8866, Cls: 0.9621, Ind: 0.0000, Med: 0.4812, Spu: 0.0000, FD: 0.9621, FDAug: 0.4811, Var: 0.0000, Ctx: 6, MixCtx: 3, Train: 75.25%, Valid: 71.75%, Test In: 73.81% Test OOD1: 67.00% Test OOD2: 53.51% Test OOD3: 63.84% 
Epoch: 82, Loss: 2.8949, Cls: 0.9650, Ind: 0.0000, Med: 0.4827, Spu: 0.0000, FD: 0.9648, FDAug: 0.4824, Var: 0.0000, Ctx: 6, MixCtx: 3, Train: 75.34%, Valid: 71.81%, Test In: 74.04% Test OOD1: 65.93% Test OOD2: 53.70% Test OOD3: 63.51% 
Epoch: 83, Loss: 2.9233, Cls: 0.9738, Ind: 0.0000, Med: 0.4867, Spu: 0.0000, FD: 0.9751, FDAug: 0.4876, Var: 0.0000, Ctx: 6, MixCtx: 3, Train: 75.33%, Valid: 71.86%, Test In: 73.85% Test OOD1: 67.16% Test OOD2: 53.46% Test OOD3: 63.87% 
Epoch: 84, Loss: 2.8935, Cls: 0.9649, Ind: 0.0000, Med: 0.4828, Spu: 0.0000, FD: 0.9638, FDAug: 0.4819, Var: 0.0000, Ctx: 6, MixCtx: 3, Train: 75.43%, Valid: 71.97%, Test In: 73.99% Test OOD1: 66.98% Test OOD2: 53.51% Test OOD3: 63.81% 
Epoch: 85, Loss: 2.8756, Cls: 0.9586, Ind: 0.0000, Med: 0.4795, Spu: 0.0000, FD: 0.9583, FDAug: 0.4792, Var: 0.0000, Ctx: 6, MixCtx: 3, Train: 75.52%, Valid: 72.06%, Test In: 74.13% Test OOD1: 66.46% Test OOD2: 53.62% Test OOD3: 63.64% 
Epoch: 86, Loss: 2.8957, Cls: 0.9645, Ind: 0.0000, Med: 0.4820, Spu: 0.0000, FD: 0.9661, FDAug: 0.4831, Var: 0.0000, Ctx: 6, MixCtx: 3, Train: 75.38%, Valid: 71.96%, Test In: 73.84% Test OOD1: 67.43% Test OOD2: 53.37% Test OOD3: 63.93% 
Epoch: 87, Loss: 2.9007, Cls: 0.9675, Ind: 0.0000, Med: 0.4842, Spu: 0.0000, FD: 0.9660, FDAug: 0.4829, Var: 0.0000, Ctx: 6, MixCtx: 3, Train: 75.60%, Valid: 72.17%, Test In: 74.18% Test OOD1: 66.71% Test OOD2: 53.56% Test OOD3: 63.70% 
Epoch: 88, Loss: 2.8819, Cls: 0.9604, Ind: 0.0000, Med: 0.4802, Spu: 0.0000, FD: 0.9608, FDAug: 0.4804, Var: 0.0000, Ctx: 6, MixCtx: 3, Train: 75.60%, Valid: 72.19%, Test In: 74.11% Test OOD1: 67.12% Test OOD2: 53.46% Test OOD3: 63.81% 
Epoch: 89, Loss: 2.8666, Cls: 0.9556, Ind: 0.0000, Med: 0.4779, Spu: 0.0000, FD: 0.9554, FDAug: 0.4777, Var: 0.0000, Ctx: 6, MixCtx: 3, Train: 75.58%, Valid: 72.18%, Test In: 74.06% Test OOD1: 67.34% Test OOD2: 53.39% Test OOD3: 63.88% 
Epoch: 90, Loss: 2.8744, Cls: 0.9579, Ind: 0.0000, Med: 0.4790, Spu: 0.0000, FD: 0.9583, FDAug: 0.4791, Var: 0.0000, Ctx: 6, MixCtx: 3, Train: 75.72%, Valid: 72.32%, Test In: 74.30% Test OOD1: 66.48% Test OOD2: 53.58% Test OOD3: 63.59% 
Epoch: 91, Loss: 2.8903, Cls: 0.9640, Ind: 0.0000, Med: 0.4824, Spu: 0.0000, FD: 0.9626, FDAug: 0.4813, Var: 0.0000, Ctx: 6, MixCtx: 3, Train: 75.62%, Valid: 72.25%, Test In: 74.09% Test OOD1: 67.46% Test OOD2: 53.35% Test OOD3: 63.90% 
Epoch: 92, Loss: 2.8868, Cls: 0.9616, Ind: 0.0000, Med: 0.4805, Spu: 0.0000, FD: 0.9632, FDAug: 0.4815, Var: 0.0000, Ctx: 6, MixCtx: 3, Train: 75.79%, Valid: 72.41%, Test In: 74.35% Test OOD1: 66.62% Test OOD2: 53.55% Test OOD3: 63.62% 
Epoch: 93, Loss: 2.8709, Cls: 0.9574, Ind: 0.0000, Med: 0.4790, Spu: 0.0000, FD: 0.9563, FDAug: 0.4782, Var: 0.0000, Ctx: 6, MixCtx: 3, Train: 75.81%, Valid: 72.45%, Test In: 74.32% Test OOD1: 66.99% Test OOD2: 53.48% Test OOD3: 63.74% 
Epoch: 94, Loss: 2.8589, Cls: 0.9530, Ind: 0.0000, Med: 0.4766, Spu: 0.0000, FD: 0.9528, FDAug: 0.4764, Var: 0.0000, Ctx: 6, MixCtx: 3, Train: 75.82%, Valid: 72.48%, Test In: 74.30% Test OOD1: 67.19% Test OOD2: 53.43% Test OOD3: 63.79% 
Epoch: 95, Loss: 2.8634, Cls: 0.9545, Ind: 0.0000, Med: 0.4774, Spu: 0.0000, FD: 0.9543, FDAug: 0.4772, Var: 0.0000, Ctx: 6, MixCtx: 3, Train: 75.89%, Valid: 72.55%, Test In: 74.43% Test OOD1: 66.38% Test OOD2: 53.57% Test OOD3: 63.51% 
Epoch: 96, Loss: 2.8740, Cls: 0.9577, Ind: 0.0000, Med: 0.4788, Spu: 0.0000, FD: 0.9583, FDAug: 0.4792, Var: 0.0000, Ctx: 6, MixCtx: 3, Train: 75.87%, Valid: 72.55%, Test In: 74.30% Test OOD1: 67.36% Test OOD2: 53.38% Test OOD3: 63.83% 
Epoch: 97, Loss: 2.8734, Cls: 0.9583, Ind: 0.0000, Med: 0.4795, Spu: 0.0000, FD: 0.9571, FDAug: 0.4785, Var: 0.0000, Ctx: 6, MixCtx: 3, Train: 75.96%, Valid: 72.66%, Test In: 74.48% Test OOD1: 66.46% Test OOD2: 53.56% Test OOD3: 63.52% 
Epoch: 98, Loss: 2.8662, Cls: 0.9549, Ind: 0.0000, Med: 0.4773, Spu: 0.0000, FD: 0.9560, FDAug: 0.4780, Var: 0.0000, Ctx: 6, MixCtx: 3, Train: 75.99%, Valid: 72.69%, Test In: 74.42% Test OOD1: 67.15% Test OOD2: 53.44% Test OOD3: 63.74% 
Epoch: 99, Loss: 2.8552, Cls: 0.9520, Ind: 0.0000, Med: 0.4762, Spu: 0.0000, FD: 0.9513, FDAug: 0.4756, Var: 0.0000, Ctx: 6, MixCtx: 3, Train: 76.04%, Valid: 72.76%, Test In: 74.47% Test OOD1: 66.96% Test OOD2: 53.47% Test OOD3: 63.67% 
Epoch: 100, Loss: 2.8503, Cls: 0.9501, Ind: 0.0000, Med: 0.4752, Spu: 0.0000, FD: 0.9500, FDAug: 0.4750, Var: 0.0000, Ctx: 6, MixCtx: 3, Train: 76.08%, Valid: 72.82%, Test In: 74.51% Test OOD1: 66.74% Test OOD2: 53.50% Test OOD3: 63.58% 
Epoch: 101, Loss: 2.8524, Cls: 0.9507, Ind: 0.0000, Med: 0.4754, Spu: 0.0000, FD: 0.9508, FDAug: 0.4754, Var: 0.0000, Ctx: 6, MixCtx: 3, Train: 76.06%, Valid: 72.81%, Test In: 74.42% Test OOD1: 67.37% Test OOD2: 53.37% Test OOD3: 63.79% 
Epoch: 102, Loss: 2.8598, Cls: 0.9530, Ind: 0.0000, Med: 0.4764, Spu: 0.0000, FD: 0.9536, FDAug: 0.4767, Var: 0.0000, Ctx: 6, MixCtx: 3, Train: 76.11%, Valid: 72.90%, Test In: 74.56% Test OOD1: 66.24% Test OOD2: 53.55% Test OOD3: 63.38% 
Epoch: 103, Loss: 2.8761, Cls: 0.9591, Ind: 0.0000, Med: 0.4799, Spu: 0.0000, FD: 0.9580, FDAug: 0.4791, Var: 0.0000, Ctx: 6, MixCtx: 3, Train: 76.04%, Valid: 72.81%, Test In: 74.35% Test OOD1: 67.67% Test OOD2: 53.27% Test OOD3: 63.89% 
Epoch: 104, Loss: 2.8927, Cls: 0.9629, Ind: 0.0000, Med: 0.4809, Spu: 0.0000, FD: 0.9660, FDAug: 0.4828, Var: 0.0000, Ctx: 6, MixCtx: 3, Train: 76.11%, Valid: 72.96%, Test In: 74.58% Test OOD1: 65.76% Test OOD2: 53.57% Test OOD3: 63.20% 
Epoch: 105, Loss: 2.9074, Cls: 0.9700, Ind: 0.0000, Med: 0.4856, Spu: 0.0000, FD: 0.9678, FDAug: 0.4839, Var: 0.0000, Ctx: 6, MixCtx: 3, Train: 76.14%, Valid: 72.91%, Test In: 74.43% Test OOD1: 67.59% Test OOD2: 53.30% Test OOD3: 63.86% 
Epoch: 106, Loss: 2.8808, Cls: 0.9592, Ind: 0.0000, Med: 0.4792, Spu: 0.0000, FD: 0.9616, FDAug: 0.4807, Var: 0.0000, Ctx: 6, MixCtx: 3, Train: 76.24%, Valid: 73.04%, Test In: 74.60% Test OOD1: 66.67% Test OOD2: 53.49% Test OOD3: 63.52% 
Epoch: 107, Loss: 2.8499, Cls: 0.9500, Ind: 0.0000, Med: 0.4752, Spu: 0.0000, FD: 0.9497, FDAug: 0.4750, Var: 0.0000, Ctx: 6, MixCtx: 3, Train: 76.27%, Valid: 73.06%, Test In: 74.61% Test OOD1: 66.73% Test OOD2: 53.49% Test OOD3: 63.54% 
Epoch: 108, Loss: 2.8481, Cls: 0.9493, Ind: 0.0000, Med: 0.4747, Spu: 0.0000, FD: 0.9494, FDAug: 0.4748, Var: 0.0000, Ctx: 6, MixCtx: 3, Train: 76.23%, Valid: 73.00%, Test In: 74.47% Test OOD1: 67.60% Test OOD2: 53.32% Test OOD3: 63.86% 
Epoch: 109, Loss: 2.8685, Cls: 0.9565, Ind: 0.0000, Med: 0.4785, Spu: 0.0000, FD: 0.9557, FDAug: 0.4778, Var: 0.0000, Ctx: 6, MixCtx: 3, Train: 76.30%, Valid: 73.12%, Test In: 74.64% Test OOD1: 66.32% Test OOD2: 53.53% Test OOD3: 63.39% 
Epoch: 110, Loss: 2.8760, Cls: 0.9575, Ind: 0.0000, Med: 0.4783, Spu: 0.0000, FD: 0.9600, FDAug: 0.4801, Var: 0.0000, Ctx: 6, MixCtx: 3, Train: 76.29%, Valid: 73.05%, Test In: 74.51% Test OOD1: 67.59% Test OOD2: 53.34% Test OOD3: 63.86% 
Epoch: 111, Loss: 2.8533, Cls: 0.9516, Ind: 0.0000, Med: 0.4762, Spu: 0.0000, FD: 0.9503, FDAug: 0.4751, Var: 0.0000, Ctx: 6, MixCtx: 3, Train: 76.36%, Valid: 73.14%, Test In: 74.60% Test OOD1: 67.22% Test OOD2: 53.43% Test OOD3: 63.71% 
Epoch: 112, Loss: 2.8382, Cls: 0.9459, Ind: 0.0000, Med: 0.4730, Spu: 0.0000, FD: 0.9462, FDAug: 0.4731, Var: 0.0000, Ctx: 6, MixCtx: 3, Train: 76.39%, Valid: 73.17%, Test In: 74.64% Test OOD1: 67.01% Test OOD2: 53.47% Test OOD3: 63.64% 
Epoch: 113, Loss: 2.8434, Cls: 0.9474, Ind: 0.0000, Med: 0.4736, Spu: 0.0000, FD: 0.9482, FDAug: 0.4742, Var: 0.0000, Ctx: 6, MixCtx: 3, Train: 76.32%, Valid: 73.07%, Test In: 74.51% Test OOD1: 67.71% Test OOD2: 53.33% Test OOD3: 63.92% 
Epoch: 114, Loss: 2.8568, Cls: 0.9521, Ind: 0.0000, Med: 0.4761, Spu: 0.0000, FD: 0.9524, FDAug: 0.4761, Var: 0.0000, Ctx: 6, MixCtx: 3, Train: 76.43%, Valid: 73.21%, Test In: 74.69% Test OOD1: 66.63% Test OOD2: 53.54% Test OOD3: 63.51% 
Epoch: 115, Loss: 2.8649, Cls: 0.9552, Ind: 0.0000, Med: 0.4779, Spu: 0.0000, FD: 0.9545, FDAug: 0.4773, Var: 0.0000, Ctx: 6, MixCtx: 3, Train: 76.38%, Valid: 73.11%, Test In: 74.55% Test OOD1: 67.68% Test OOD2: 53.37% Test OOD3: 63.92% 
Epoch: 116, Loss: 2.8538, Cls: 0.9505, Ind: 0.0000, Med: 0.4749, Spu: 0.0000, FD: 0.9523, FDAug: 0.4761, Var: 0.0000, Ctx: 6, MixCtx: 3, Train: 76.48%, Valid: 73.22%, Test In: 74.70% Test OOD1: 66.96% Test OOD2: 53.53% Test OOD3: 63.64% 
Epoch: 117, Loss: 2.8388, Cls: 0.9466, Ind: 0.0000, Med: 0.4736, Spu: 0.0000, FD: 0.9457, FDAug: 0.4729, Var: 0.0000, Ctx: 6, MixCtx: 3, Train: 76.50%, Valid: 73.23%, Test In: 74.69% Test OOD1: 67.19% Test OOD2: 53.52% Test OOD3: 63.73% 
Epoch: 118, Loss: 2.8319, Cls: 0.9439, Ind: 0.0000, Med: 0.4720, Spu: 0.0000, FD: 0.9439, FDAug: 0.4720, Var: 0.0000, Ctx: 6, MixCtx: 3, Train: 76.50%, Valid: 73.21%, Test In: 74.65% Test OOD1: 67.52% Test OOD2: 53.48% Test OOD3: 63.86% 
Epoch: 119, Loss: 2.8380, Cls: 0.9457, Ind: 0.0000, Med: 0.4728, Spu: 0.0000, FD: 0.9464, FDAug: 0.4732, Var: 0.0000, Ctx: 6, MixCtx: 3, Train: 76.56%, Valid: 73.28%, Test In: 74.72% Test OOD1: 66.75% Test OOD2: 53.63% Test OOD3: 63.58% 
Epoch: 120, Loss: 2.8471, Cls: 0.9489, Ind: 0.0000, Med: 0.4745, Spu: 0.0000, FD: 0.9490, FDAug: 0.4746, Var: 0.0000, Ctx: 6, MixCtx: 3, Train: 76.53%, Valid: 73.22%, Test In: 74.62% Test OOD1: 67.67% Test OOD2: 53.49% Test OOD3: 63.94% 
Epoch: 121, Loss: 2.8451, Cls: 0.9487, Ind: 0.0000, Med: 0.4746, Spu: 0.0000, FD: 0.9479, FDAug: 0.4739, Var: 0.0000, Ctx: 6, MixCtx: 3, Train: 76.63%, Valid: 73.33%, Test In: 74.73% Test OOD1: 66.95% Test OOD2: 53.66% Test OOD3: 63.65% 
Epoch: 122, Loss: 2.8377, Cls: 0.9453, Ind: 0.0000, Med: 0.4725, Spu: 0.0000, FD: 0.9466, FDAug: 0.4734, Var: 0.0000, Ctx: 6, MixCtx: 3, Train: 76.63%, Valid: 73.30%, Test In: 74.68% Test OOD1: 67.52% Test OOD2: 53.57% Test OOD3: 63.89% 
Epoch: 123, Loss: 2.8278, Cls: 0.9428, Ind: 0.0000, Med: 0.4717, Spu: 0.0000, FD: 0.9422, FDAug: 0.4711, Var: 0.0000, Ctx: 6, MixCtx: 3, Train: 76.68%, Valid: 73.35%, Test In: 74.71% Test OOD1: 67.39% Test OOD2: 53.63% Test OOD3: 63.85% 
Epoch: 124, Loss: 2.8234, Cls: 0.9410, Ind: 0.0000, Med: 0.4706, Spu: 0.0000, FD: 0.9411, FDAug: 0.4706, Var: 0.0000, Ctx: 6, MixCtx: 3, Train: 76.73%, Valid: 73.39%, Test In: 74.72% Test OOD1: 67.26% Test OOD2: 53.68% Test OOD3: 63.80% 
Epoch: 125, Loss: 2.8247, Cls: 0.9413, Ind: 0.0000, Med: 0.4706, Spu: 0.0000, FD: 0.9418, FDAug: 0.4710, Var: 0.0000, Ctx: 6, MixCtx: 3, Train: 76.71%, Valid: 73.36%, Test In: 74.66% Test OOD1: 67.69% Test OOD2: 53.60% Test OOD3: 63.99% 
Epoch: 126, Loss: 2.8294, Cls: 0.9431, Ind: 0.0000, Med: 0.4716, Spu: 0.0000, FD: 0.9431, FDAug: 0.4715, Var: 0.0000, Ctx: 6, MixCtx: 3, Train: 76.82%, Valid: 73.48%, Test In: 74.74% Test OOD1: 67.05% Test OOD2: 53.77% Test OOD3: 63.74% 
Epoch: 127, Loss: 2.8372, Cls: 0.9458, Ind: 0.0000, Med: 0.4731, Spu: 0.0000, FD: 0.9454, FDAug: 0.4728, Var: 0.0000, Ctx: 6, MixCtx: 3, Train: 76.73%, Valid: 73.37%, Test In: 74.62% Test OOD1: 67.86% Test OOD2: 53.60% Test OOD3: 64.07% 
Epoch: 128, Loss: 2.8447, Cls: 0.9477, Ind: 0.0000, Med: 0.4736, Spu: 0.0000, FD: 0.9490, FDAug: 0.4744, Var: 0.0000, Ctx: 6, MixCtx: 3, Train: 76.90%, Valid: 73.54%, Test In: 74.75% Test OOD1: 66.77% Test OOD2: 53.86% Test OOD3: 63.66% 
Epoch: 129, Loss: 2.8565, Cls: 0.9529, Ind: 0.0000, Med: 0.4770, Spu: 0.0000, FD: 0.9510, FDAug: 0.4756, Var: 0.0000, Ctx: 6, MixCtx: 3, Train: 76.78%, Valid: 73.38%, Test In: 74.62% Test OOD1: 67.91% Test OOD2: 53.63% Test OOD3: 64.12% 
Epoch: 130, Loss: 2.8598, Cls: 0.9525, Ind: 0.0000, Med: 0.4759, Spu: 0.0000, FD: 0.9544, FDAug: 0.4770, Var: 0.0000, Ctx: 6, MixCtx: 3, Train: 76.94%, Valid: 73.55%, Test In: 74.73% Test OOD1: 66.69% Test OOD2: 53.94% Test OOD3: 63.65% 
Epoch: 131, Loss: 2.8544, Cls: 0.9519, Ind: 0.0000, Med: 0.4763, Spu: 0.0000, FD: 0.9506, FDAug: 0.4755, Var: 0.0000, Ctx: 6, MixCtx: 3, Train: 76.88%, Valid: 73.46%, Test In: 74.70% Test OOD1: 67.69% Test OOD2: 53.76% Test OOD3: 64.05% 
Epoch: 132, Loss: 2.8319, Cls: 0.9438, Ind: 0.0000, Med: 0.4719, Spu: 0.0000, FD: 0.9442, FDAug: 0.4721, Var: 0.0000, Ctx: 6, MixCtx: 3, Train: 76.98%, Valid: 73.53%, Test In: 74.75% Test OOD1: 67.26% Test OOD2: 53.90% Test OOD3: 63.88% 
Epoch: 133, Loss: 2.8144, Cls: 0.9380, Ind: 0.0000, Med: 0.4690, Spu: 0.0000, FD: 0.9381, FDAug: 0.4692, Var: 0.0000, Ctx: 6, MixCtx: 3, Train: 77.01%, Valid: 73.54%, Test In: 74.75% Test OOD1: 67.23% Test OOD2: 53.93% Test OOD3: 63.88% 
Epoch: 134, Loss: 2.8149, Cls: 0.9380, Ind: 0.0000, Med: 0.4690, Spu: 0.0000, FD: 0.9384, FDAug: 0.4693, Var: 0.0000, Ctx: 6, MixCtx: 3, Train: 76.94%, Valid: 73.44%, Test In: 74.69% Test OOD1: 67.76% Test OOD2: 53.81% Test OOD3: 64.11% 
Epoch: 135, Loss: 2.8288, Cls: 0.9434, Ind: 0.0000, Med: 0.4720, Spu: 0.0000, FD: 0.9423, FDAug: 0.4710, Var: 0.0000, Ctx: 6, MixCtx: 3, Train: 77.09%, Valid: 73.57%, Test In: 74.75% Test OOD1: 66.90% Test OOD2: 54.03% Test OOD3: 63.78% 
Epoch: 136, Loss: 2.8474, Cls: 0.9483, Ind: 0.0000, Med: 0.4739, Spu: 0.0000, FD: 0.9501, FDAug: 0.4751, Var: 0.0000, Ctx: 6, MixCtx: 3, Train: 76.91%, Valid: 73.38%, Test In: 74.65% Test OOD1: 67.97% Test OOD2: 53.77% Test OOD3: 64.22% 
Epoch: 137, Loss: 2.8623, Cls: 0.9546, Ind: 0.0000, Med: 0.4776, Spu: 0.0000, FD: 0.9536, FDAug: 0.4765, Var: 0.0000, Ctx: 6, MixCtx: 3, Train: 77.12%, Valid: 73.57%, Test In: 74.74% Test OOD1: 66.64% Test OOD2: 54.13% Test OOD3: 63.69% 
Epoch: 138, Loss: 2.8685, Cls: 0.9562, Ind: 0.0000, Med: 0.4782, Spu: 0.0000, FD: 0.9560, FDAug: 0.4781, Var: 0.0000, Ctx: 6, MixCtx: 3, Train: 77.01%, Valid: 73.42%, Test In: 74.72% Test OOD1: 67.80% Test OOD2: 53.87% Test OOD3: 64.18% 
Epoch: 139, Loss: 2.8401, Cls: 0.9462, Ind: 0.0000, Med: 0.4729, Spu: 0.0000, FD: 0.9474, FDAug: 0.4735, Var: 0.0000, Ctx: 6, MixCtx: 3, Train: 77.15%, Valid: 73.53%, Test In: 74.80% Test OOD1: 67.19% Test OOD2: 54.07% Test OOD3: 63.94% 
Epoch: 140, Loss: 2.8097, Cls: 0.9367, Ind: 0.0000, Med: 0.4686, Spu: 0.0000, FD: 0.9361, FDAug: 0.4682, Var: 0.0000, Ctx: 6, MixCtx: 3, Train: 77.18%, Valid: 73.54%, Test In: 74.79% Test OOD1: 67.07% Test OOD2: 54.11% Test OOD3: 63.90% 
Epoch: 141, Loss: 2.8142, Cls: 0.9384, Ind: 0.0000, Med: 0.4695, Spu: 0.0000, FD: 0.9374, FDAug: 0.4689, Var: 0.0000, Ctx: 6, MixCtx: 3, Train: 77.08%, Valid: 73.43%, Test In: 74.73% Test OOD1: 67.79% Test OOD2: 53.94% Test OOD3: 64.20% 
Epoch: 142, Loss: 2.8340, Cls: 0.9442, Ind: 0.0000, Med: 0.4719, Spu: 0.0000, FD: 0.9454, FDAug: 0.4725, Var: 0.0000, Ctx: 6, MixCtx: 3, Train: 77.24%, Valid: 73.57%, Test In: 74.79% Test OOD1: 67.02% Test OOD2: 54.17% Test OOD3: 63.87% 
Epoch: 143, Loss: 2.8287, Cls: 0.9430, Ind: 0.0000, Med: 0.4717, Spu: 0.0000, FD: 0.9426, FDAug: 0.4715, Var: 0.0000, Ctx: 6, MixCtx: 3, Train: 77.17%, Valid: 73.47%, Test In: 74.75% Test OOD1: 67.73% Test OOD2: 54.02% Test OOD3: 64.17% 
Epoch: 144, Loss: 2.8071, Cls: 0.9357, Ind: 0.0000, Med: 0.4679, Spu: 0.0000, FD: 0.9356, FDAug: 0.4678, Var: 0.0000, Ctx: 6, MixCtx: 3, Train: 77.21%, Valid: 73.49%, Test In: 74.76% Test OOD1: 67.70% Test OOD2: 54.06% Test OOD3: 64.15% 
Epoch: 145, Loss: 2.8019, Cls: 0.9340, Ind: 0.0000, Med: 0.4671, Spu: 0.0000, FD: 0.9339, FDAug: 0.4669, Var: 0.0000, Ctx: 6, MixCtx: 3, Train: 77.30%, Valid: 73.57%, Test In: 74.79% Test OOD1: 67.31% Test OOD2: 54.18% Test OOD3: 63.99% 
Epoch: 146, Loss: 2.8152, Cls: 0.9378, Ind: 0.0000, Med: 0.4687, Spu: 0.0000, FD: 0.9390, FDAug: 0.4696, Var: 0.0000, Ctx: 6, MixCtx: 3, Train: 77.17%, Valid: 73.43%, Test In: 74.73% Test OOD1: 67.92% Test OOD2: 54.00% Test OOD3: 64.27% 
Epoch: 147, Loss: 2.8257, Cls: 0.9424, Ind: 0.0000, Med: 0.4715, Spu: 0.0000, FD: 0.9414, FDAug: 0.4705, Var: 0.0000, Ctx: 6, MixCtx: 3, Train: 77.35%, Valid: 73.57%, Test In: 74.79% Test OOD1: 67.09% Test OOD2: 54.26% Test OOD3: 63.92% 
Epoch: 148, Loss: 2.8195, Cls: 0.9395, Ind: 0.0000, Med: 0.4697, Spu: 0.0000, FD: 0.9401, FDAug: 0.4702, Var: 0.0000, Ctx: 6, MixCtx: 3, Train: 77.29%, Valid: 73.49%, Test In: 74.79% Test OOD1: 67.63% Test OOD2: 54.15% Test OOD3: 64.16% 
Epoch: 149, Loss: 2.8034, Cls: 0.9344, Ind: 0.0000, Med: 0.4672, Spu: 0.0000, FD: 0.9345, FDAug: 0.4672, Var: 0.0000, Ctx: 6, MixCtx: 3, Train: 77.35%, Valid: 73.54%, Test In: 74.81% Test OOD1: 67.39% Test OOD2: 54.23% Test OOD3: 64.07% 
Epoch: 150, Loss: 2.7961, Cls: 0.9320, Ind: 0.0000, Med: 0.4660, Spu: 0.0000, FD: 0.9320, FDAug: 0.4661, Var: 0.0000, Ctx: 6, MixCtx: 3, Train: 77.41%, Valid: 73.56%, Test In: 74.80% Test OOD1: 67.06% Test OOD2: 54.32% Test OOD3: 63.93% 
Epoch: 151, Loss: 2.8035, Cls: 0.9347, Ind: 0.0000, Med: 0.4675, Spu: 0.0000, FD: 0.9341, FDAug: 0.4672, Var: 0.0000, Ctx: 6, MixCtx: 3, Train: 77.34%, Valid: 73.49%, Test In: 74.79% Test OOD1: 67.68% Test OOD2: 54.17% Test OOD3: 64.20% 
Epoch: 152, Loss: 2.8108, Cls: 0.9367, Ind: 0.0000, Med: 0.4683, Spu: 0.0000, FD: 0.9373, FDAug: 0.4685, Var: 0.0000, Ctx: 6, MixCtx: 3, Train: 77.47%, Valid: 73.57%, Test In: 74.79% Test OOD1: 67.05% Test OOD2: 54.37% Test OOD3: 63.92% 
Epoch: 153, Loss: 2.8063, Cls: 0.9355, Ind: 0.0000, Med: 0.4679, Spu: 0.0000, FD: 0.9351, FDAug: 0.4677, Var: 0.0000, Ctx: 6, MixCtx: 3, Train: 77.43%, Valid: 73.53%, Test In: 74.80% Test OOD1: 67.62% Test OOD2: 54.24% Test OOD3: 64.16% 
Epoch: 154, Loss: 2.7959, Cls: 0.9319, Ind: 0.0000, Med: 0.4660, Spu: 0.0000, FD: 0.9320, FDAug: 0.4660, Var: 0.0000, Ctx: 6, MixCtx: 3, Train: 77.49%, Valid: 73.56%, Test In: 74.80% Test OOD1: 67.43% Test OOD2: 54.31% Test OOD3: 64.07% 
Epoch: 155, Loss: 2.7903, Cls: 0.9300, Ind: 0.0000, Med: 0.4650, Spu: 0.0000, FD: 0.9301, FDAug: 0.4651, Var: 0.0000, Ctx: 6, MixCtx: 3, Train: 77.52%, Valid: 73.57%, Test In: 74.80% Test OOD1: 67.32% Test OOD2: 54.36% Test OOD3: 64.02% 
Epoch: 156, Loss: 2.7910, Cls: 0.9302, Ind: 0.0000, Med: 0.4651, Spu: 0.0000, FD: 0.9304, FDAug: 0.4653, Var: 0.0000, Ctx: 6, MixCtx: 3, Train: 77.48%, Valid: 73.53%, Test In: 74.81% Test OOD1: 67.64% Test OOD2: 54.30% Test OOD3: 64.15% 
Epoch: 157, Loss: 2.7973, Cls: 0.9326, Ind: 0.0000, Med: 0.4664, Spu: 0.0000, FD: 0.9322, FDAug: 0.4660, Var: 0.0000, Ctx: 6, MixCtx: 3, Train: 77.58%, Valid: 73.56%, Test In: 74.75% Test OOD1: 66.82% Test OOD2: 54.52% Test OOD3: 63.81% 
Epoch: 158, Loss: 2.8113, Cls: 0.9369, Ind: 0.0000, Med: 0.4684, Spu: 0.0000, FD: 0.9372, FDAug: 0.4687, Var: 0.0000, Ctx: 6, MixCtx: 3, Train: 77.47%, Valid: 73.49%, Test In: 74.81% Test OOD1: 67.73% Test OOD2: 54.28% Test OOD3: 64.23% 
Epoch: 159, Loss: 2.8270, Cls: 0.9426, Ind: 0.0000, Med: 0.4714, Spu: 0.0000, FD: 0.9422, FDAug: 0.4709, Var: 0.0000, Ctx: 6, MixCtx: 3, Train: 77.59%, Valid: 73.52%, Test In: 74.71% Test OOD1: 66.44% Test OOD2: 54.61% Test OOD3: 63.65% 
Epoch: 160, Loss: 2.8306, Cls: 0.9437, Ind: 0.0000, Med: 0.4720, Spu: 0.0000, FD: 0.9431, FDAug: 0.4717, Var: 0.0000, Ctx: 6, MixCtx: 3, Train: 77.55%, Valid: 73.52%, Test In: 74.83% Test OOD1: 67.57% Test OOD2: 54.37% Test OOD3: 64.17% 
Epoch: 161, Loss: 2.8097, Cls: 0.9364, Ind: 0.0000, Med: 0.4682, Spu: 0.0000, FD: 0.9368, FDAug: 0.4683, Var: 0.0000, Ctx: 6, MixCtx: 3, Train: 77.66%, Valid: 73.55%, Test In: 74.80% Test OOD1: 67.07% Test OOD2: 54.53% Test OOD3: 63.94% 
Epoch: 162, Loss: 2.7880, Cls: 0.9293, Ind: 0.0000, Med: 0.4648, Spu: 0.0000, FD: 0.9291, FDAug: 0.4647, Var: 0.0000, Ctx: 6, MixCtx: 3, Train: 77.68%, Valid: 73.57%, Test In: 74.80% Test OOD1: 67.15% Test OOD2: 54.54% Test OOD3: 63.96% 
Epoch: 163, Loss: 2.7874, Cls: 0.9292, Ind: 0.0000, Med: 0.4647, Spu: 0.0000, FD: 0.9290, FDAug: 0.4646, Var: 0.0000, Ctx: 6, MixCtx: 3, Train: 77.60%, Valid: 73.53%, Test In: 74.80% Test OOD1: 67.77% Test OOD2: 54.37% Test OOD3: 64.23% 
Epoch: 164, Loss: 2.8029, Cls: 0.9344, Ind: 0.0000, Med: 0.4673, Spu: 0.0000, FD: 0.9343, FDAug: 0.4670, Var: 0.0000, Ctx: 6, MixCtx: 3, Train: 77.75%, Valid: 73.56%, Test In: 74.77% Test OOD1: 66.93% Test OOD2: 54.63% Test OOD3: 63.79% 
Epoch: 165, Loss: 2.8160, Cls: 0.9384, Ind: 0.0000, Med: 0.4691, Spu: 0.0000, FD: 0.9389, FDAug: 0.4696, Var: 0.0000, Ctx: 6, MixCtx: 3, Train: 77.60%, Valid: 73.50%, Test In: 74.82% Test OOD1: 67.89% Test OOD2: 54.38% Test OOD3: 64.28% 
Epoch: 166, Loss: 2.8150, Cls: 0.9387, Ind: 0.0000, Med: 0.4696, Spu: 0.0000, FD: 0.9380, FDAug: 0.4687, Var: 0.0000, Ctx: 6, MixCtx: 3, Train: 77.77%, Valid: 73.55%, Test In: 74.81% Test OOD1: 66.96% Test OOD2: 54.67% Test OOD3: 63.82% 
Epoch: 167, Loss: 2.8013, Cls: 0.9336, Ind: 0.0000, Med: 0.4668, Spu: 0.0000, FD: 0.9339, FDAug: 0.4671, Var: 0.0000, Ctx: 6, MixCtx: 3, Train: 77.72%, Valid: 73.53%, Test In: 74.87% Test OOD1: 67.52% Test OOD2: 54.55% Test OOD3: 64.13% 
Epoch: 168, Loss: 2.7844, Cls: 0.9282, Ind: 0.0000, Med: 0.4641, Spu: 0.0000, FD: 0.9281, FDAug: 0.4640, Var: 0.0000, Ctx: 6, MixCtx: 3, Train: 77.76%, Valid: 73.53%, Test In: 74.88% Test OOD1: 67.36% Test OOD2: 54.61% Test OOD3: 64.06% 
Epoch: 169, Loss: 2.7794, Cls: 0.9265, Ind: 0.0000, Med: 0.4633, Spu: 0.0000, FD: 0.9264, FDAug: 0.4633, Var: 0.0000, Ctx: 6, MixCtx: 3, Train: 77.81%, Valid: 73.53%, Test In: 74.85% Test OOD1: 67.02% Test OOD2: 54.71% Test OOD3: 63.89% 
Epoch: 170, Loss: 2.7874, Cls: 0.9293, Ind: 0.0000, Med: 0.4648, Spu: 0.0000, FD: 0.9288, FDAug: 0.4645, Var: 0.0000, Ctx: 6, MixCtx: 3, Train: 77.74%, Valid: 73.50%, Test In: 74.88% Test OOD1: 67.68% Test OOD2: 54.52% Test OOD3: 64.22% 
Epoch: 171, Loss: 2.7933, Cls: 0.9310, Ind: 0.0000, Med: 0.4655, Spu: 0.0000, FD: 0.9313, FDAug: 0.4655, Var: 0.0000, Ctx: 6, MixCtx: 3, Train: 77.86%, Valid: 73.54%, Test In: 74.86% Test OOD1: 67.07% Test OOD2: 54.73% Test OOD3: 63.88% 
Epoch: 172, Loss: 2.7879, Cls: 0.9294, Ind: 0.0000, Med: 0.4648, Spu: 0.0000, FD: 0.9290, FDAug: 0.4647, Var: 0.0000, Ctx: 6, MixCtx: 3, Train: 77.83%, Valid: 73.54%, Test In: 74.89% Test OOD1: 67.54% Test OOD2: 54.61% Test OOD3: 64.13% 
Epoch: 173, Loss: 2.7786, Cls: 0.9262, Ind: 0.0000, Med: 0.4631, Spu: 0.0000, FD: 0.9262, FDAug: 0.4630, Var: 0.0000, Ctx: 6, MixCtx: 3, Train: 77.87%, Valid: 73.56%, Test In: 74.89% Test OOD1: 67.39% Test OOD2: 54.69% Test OOD3: 64.03% 
Epoch: 174, Loss: 2.7742, Cls: 0.9247, Ind: 0.0000, Med: 0.4624, Spu: 0.0000, FD: 0.9247, FDAug: 0.4624, Var: 0.0000, Ctx: 6, MixCtx: 3, Train: 77.90%, Valid: 73.57%, Test In: 74.88% Test OOD1: 67.24% Test OOD2: 54.74% Test OOD3: 63.94% 
Epoch: 175, Loss: 2.7759, Cls: 0.9252, Ind: 0.0000, Med: 0.4626, Spu: 0.0000, FD: 0.9253, FDAug: 0.4627, Var: 0.0000, Ctx: 6, MixCtx: 3, Train: 77.88%, Valid: 73.56%, Test In: 74.89% Test OOD1: 67.59% Test OOD2: 54.64% Test OOD3: 64.14% 
Epoch: 176, Loss: 2.7803, Cls: 0.9269, Ind: 0.0000, Med: 0.4635, Spu: 0.0000, FD: 0.9267, FDAug: 0.4632, Var: 0.0000, Ctx: 6, MixCtx: 3, Train: 77.97%, Valid: 73.57%, Test In: 74.85% Test OOD1: 66.94% Test OOD2: 54.79% Test OOD3: 63.80% 
Epoch: 177, Loss: 2.7842, Cls: 0.9280, Ind: 0.0000, Med: 0.4641, Spu: 0.0000, FD: 0.9280, FDAug: 0.4641, Var: 0.0000, Ctx: 6, MixCtx: 3, Train: 77.93%, Valid: 73.56%, Test In: 74.89% Test OOD1: 67.48% Test OOD2: 54.64% Test OOD3: 64.14% 
Epoch: 178, Loss: 2.7867, Cls: 0.9289, Ind: 0.0000, Med: 0.4645, Spu: 0.0000, FD: 0.9289, FDAug: 0.4644, Var: 0.0000, Ctx: 6, MixCtx: 3, Train: 78.00%, Valid: 73.56%, Test In: 74.83% Test OOD1: 66.76% Test OOD2: 54.83% Test OOD3: 63.73% 
Epoch: 179, Loss: 2.7874, Cls: 0.9292, Ind: 0.0000, Med: 0.4647, Spu: 0.0000, FD: 0.9289, FDAug: 0.4646, Var: 0.0000, Ctx: 6, MixCtx: 3, Train: 77.95%, Valid: 73.57%, Test In: 74.91% Test OOD1: 67.56% Test OOD2: 54.67% Test OOD3: 64.15% 
Epoch: 180, Loss: 2.7845, Cls: 0.9281, Ind: 0.0000, Med: 0.4641, Spu: 0.0000, FD: 0.9282, FDAug: 0.4640, Var: 0.0000, Ctx: 6, MixCtx: 3, Train: 78.04%, Valid: 73.59%, Test In: 74.87% Test OOD1: 66.89% Test OOD2: 54.86% Test OOD3: 63.77% 
Epoch: 181, Loss: 2.7788, Cls: 0.9263, Ind: 0.0000, Med: 0.4632, Spu: 0.0000, FD: 0.9261, FDAug: 0.4632, Var: 0.0000, Ctx: 6, MixCtx: 3, Train: 78.01%, Valid: 73.59%, Test In: 74.91% Test OOD1: 67.46% Test OOD2: 54.73% Test OOD3: 64.08% 
Epoch: 182, Loss: 2.7725, Cls: 0.9242, Ind: 0.0000, Med: 0.4622, Spu: 0.0000, FD: 0.9241, FDAug: 0.4620, Var: 0.0000, Ctx: 6, MixCtx: 3, Train: 78.07%, Valid: 73.60%, Test In: 74.89% Test OOD1: 67.14% Test OOD2: 54.82% Test OOD3: 63.90% 
Epoch: 183, Loss: 2.7679, Cls: 0.9226, Ind: 0.0000, Med: 0.4614, Spu: 0.0000, FD: 0.9225, FDAug: 0.4613, Var: 0.0000, Ctx: 6, MixCtx: 3, Train: 78.07%, Valid: 73.59%, Test In: 74.90% Test OOD1: 67.29% Test OOD2: 54.79% Test OOD3: 63.97% 
Epoch: 184, Loss: 2.7655, Cls: 0.9219, Ind: 0.0000, Med: 0.4610, Spu: 0.0000, FD: 0.9218, FDAug: 0.4609, Var: 0.0000, Ctx: 6, MixCtx: 3, Train: 78.09%, Valid: 73.59%, Test In: 74.91% Test OOD1: 67.30% Test OOD2: 54.79% Test OOD3: 63.99% 
Epoch: 185, Loss: 2.7650, Cls: 0.9217, Ind: 0.0000, Med: 0.4609, Spu: 0.0000, FD: 0.9216, FDAug: 0.4608, Var: 0.0000, Ctx: 6, MixCtx: 3, Train: 78.13%, Valid: 73.59%, Test In: 74.90% Test OOD1: 67.02% Test OOD2: 54.87% Test OOD3: 63.85% 
Epoch: 186, Loss: 2.7661, Cls: 0.9221, Ind: 0.0000, Med: 0.4611, Spu: 0.0000, FD: 0.9219, FDAug: 0.4610, Var: 0.0000, Ctx: 6, MixCtx: 3, Train: 78.10%, Valid: 73.58%, Test In: 74.93% Test OOD1: 67.39% Test OOD2: 54.78% Test OOD3: 64.05% 
Epoch: 187, Loss: 2.7694, Cls: 0.9232, Ind: 0.0000, Med: 0.4617, Spu: 0.0000, FD: 0.9230, FDAug: 0.4615, Var: 0.0000, Ctx: 6, MixCtx: 3, Train: 78.17%, Valid: 73.58%, Test In: 74.86% Test OOD1: 66.69% Test OOD2: 54.92% Test OOD3: 63.67% 
Epoch: 188, Loss: 2.7768, Cls: 0.9257, Ind: 0.0000, Med: 0.4629, Spu: 0.0000, FD: 0.9254, FDAug: 0.4628, Var: 0.0000, Ctx: 6, MixCtx: 3, Train: 78.10%, Valid: 73.56%, Test In: 74.94% Test OOD1: 67.57% Test OOD2: 54.71% Test OOD3: 64.18% 
Epoch: 189, Loss: 2.7906, Cls: 0.9302, Ind: 0.0000, Med: 0.4652, Spu: 0.0000, FD: 0.9302, FDAug: 0.4649, Var: 0.0000, Ctx: 6, MixCtx: 3, Train: 78.17%, Valid: 73.54%, Test In: 74.76% Test OOD1: 66.21% Test OOD2: 54.99% Test OOD3: 63.39% 
Epoch: 190, Loss: 2.8149, Cls: 0.9385, Ind: 0.0000, Med: 0.4695, Spu: 0.0000, FD: 0.9379, FDAug: 0.4690, Var: 0.0000, Ctx: 6, MixCtx: 3, Train: 78.05%, Valid: 73.55%, Test In: 74.92% Test OOD1: 67.80% Test OOD2: 54.61% Test OOD3: 64.31% 
Epoch: 191, Loss: 2.8414, Cls: 0.9471, Ind: 0.0000, Med: 0.4736, Spu: 0.0000, FD: 0.9474, FDAug: 0.4734, Var: 0.0000, Ctx: 6, MixCtx: 3, Train: 78.17%, Valid: 73.51%, Test In: 74.72% Test OOD1: 65.88% Test OOD2: 55.04% Test OOD3: 63.23% 
Epoch: 192, Loss: 2.8449, Cls: 0.9486, Ind: 0.0000, Med: 0.4746, Spu: 0.0000, FD: 0.9476, FDAug: 0.4741, Var: 0.0000, Ctx: 6, MixCtx: 3, Train: 78.16%, Valid: 73.58%, Test In: 74.96% Test OOD1: 67.59% Test OOD2: 54.72% Test OOD3: 64.21% 
Epoch: 193, Loss: 2.7996, Cls: 0.9330, Ind: 0.0000, Med: 0.4665, Spu: 0.0000, FD: 0.9335, FDAug: 0.4666, Var: 0.0000, Ctx: 6, MixCtx: 3, Train: 78.27%, Valid: 73.62%, Test In: 74.94% Test OOD1: 67.06% Test OOD2: 54.87% Test OOD3: 63.91% 
Epoch: 194, Loss: 2.7623, Cls: 0.9207, Ind: 0.0000, Med: 0.4604, Spu: 0.0000, FD: 0.9207, FDAug: 0.4605, Var: 0.0000, Ctx: 6, MixCtx: 3, Train: 78.31%, Valid: 73.63%, Test In: 74.90% Test OOD1: 66.83% Test OOD2: 54.91% Test OOD3: 63.70% 
Epoch: 195, Loss: 2.7791, Cls: 0.9262, Ind: 0.0000, Med: 0.4631, Spu: 0.0000, FD: 0.9264, FDAug: 0.4634, Var: 0.0000, Ctx: 6, MixCtx: 3, Train: 78.09%, Valid: 73.54%, Test In: 74.90% Test OOD1: 67.97% Test OOD2: 54.57% Test OOD3: 64.34% 
Epoch: 196, Loss: 2.8090, Cls: 0.9370, Ind: 0.0000, Med: 0.4688, Spu: 0.0000, FD: 0.9356, FDAug: 0.4676, Var: 0.0000, Ctx: 6, MixCtx: 3, Train: 78.35%, Valid: 73.63%, Test In: 74.87% Test OOD1: 66.82% Test OOD2: 54.93% Test OOD3: 63.61% 
Epoch: 197, Loss: 2.8030, Cls: 0.9337, Ind: 0.0000, Med: 0.4666, Spu: 0.0000, FD: 0.9350, FDAug: 0.4677, Var: 0.0000, Ctx: 6, MixCtx: 3, Train: 78.23%, Valid: 73.57%, Test In: 74.97% Test OOD1: 67.74% Test OOD2: 54.69% Test OOD3: 64.21% 
Epoch: 198, Loss: 2.7688, Cls: 0.9232, Ind: 0.0000, Med: 0.4618, Spu: 0.0000, FD: 0.9226, FDAug: 0.4612, Var: 0.0000, Ctx: 6, MixCtx: 3, Train: 78.34%, Valid: 73.57%, Test In: 75.00% Test OOD1: 67.40% Test OOD2: 54.78% Test OOD3: 64.06% 
Epoch: 199, Loss: 2.7554, Cls: 0.9185, Ind: 0.0000, Med: 0.4593, Spu: 0.0000, FD: 0.9184, FDAug: 0.4592, Var: 0.0000, Ctx: 6, MixCtx: 3, Train: 78.40%, Valid: 73.54%, Test In: 74.92% Test OOD1: 66.72% Test OOD2: 54.91% Test OOD3: 63.74% 
Epoch: 200, Loss: 2.7727, Cls: 0.9244, Ind: 0.0000, Med: 0.4623, Spu: 0.0000, FD: 0.9239, FDAug: 0.4621, Var: 0.0000, Ctx: 6, MixCtx: 3, Train: 78.32%, Valid: 73.51%, Test In: 74.98% Test OOD1: 67.44% Test OOD2: 54.68% Test OOD3: 64.21% 
Epoch: 201, Loss: 2.7833, Cls: 0.9275, Ind: 0.0000, Med: 0.4636, Spu: 0.0000, FD: 0.9282, FDAug: 0.4640, Var: 0.0000, Ctx: 6, MixCtx: 3, Train: 78.45%, Valid: 73.56%, Test In: 74.91% Test OOD1: 66.73% Test OOD2: 54.89% Test OOD3: 63.73% 
Epoch: 202, Loss: 2.7695, Cls: 0.9235, Ind: 0.0000, Med: 0.4620, Spu: 0.0000, FD: 0.9226, FDAug: 0.4614, Var: 0.0000, Ctx: 6, MixCtx: 3, Train: 78.42%, Valid: 73.60%, Test In: 74.99% Test OOD1: 67.41% Test OOD2: 54.75% Test OOD3: 64.06% 
Epoch: 203, Loss: 2.7523, Cls: 0.9174, Ind: 0.0000, Med: 0.4587, Spu: 0.0000, FD: 0.9175, FDAug: 0.4587, Var: 0.0000, Ctx: 6, MixCtx: 3, Train: 78.41%, Valid: 73.62%, Test In: 75.00% Test OOD1: 67.51% Test OOD2: 54.72% Test OOD3: 64.09% 
Epoch: 204, Loss: 2.7539, Cls: 0.9179, Ind: 0.0000, Med: 0.4589, Spu: 0.0000, FD: 0.9180, FDAug: 0.4590, Var: 0.0000, Ctx: 6, MixCtx: 3, Train: 78.50%, Valid: 73.65%, Test In: 74.93% Test OOD1: 66.91% Test OOD2: 54.85% Test OOD3: 63.73% 
Epoch: 205, Loss: 2.7658, Cls: 0.9221, Ind: 0.0000, Med: 0.4611, Spu: 0.0000, FD: 0.9217, FDAug: 0.4609, Var: 0.0000, Ctx: 6, MixCtx: 3, Train: 78.40%, Valid: 73.62%, Test In: 75.00% Test OOD1: 67.56% Test OOD2: 54.67% Test OOD3: 64.18% 
Epoch: 206, Loss: 2.7705, Cls: 0.9234, Ind: 0.0000, Med: 0.4617, Spu: 0.0000, FD: 0.9236, FDAug: 0.4618, Var: 0.0000, Ctx: 6, MixCtx: 3, Train: 78.54%, Valid: 73.60%, Test In: 74.91% Test OOD1: 66.55% Test OOD2: 54.89% Test OOD3: 63.68% 
Epoch: 207, Loss: 2.7615, Cls: 0.9206, Ind: 0.0000, Med: 0.4604, Spu: 0.0000, FD: 0.9202, FDAug: 0.4602, Var: 0.0000, Ctx: 6, MixCtx: 3, Train: 78.53%, Valid: 73.61%, Test In: 74.99% Test OOD1: 66.93% Test OOD2: 54.80% Test OOD3: 63.95% 
Epoch: 208, Loss: 2.7491, Cls: 0.9164, Ind: 0.0000, Med: 0.4583, Spu: 0.0000, FD: 0.9162, FDAug: 0.4581, Var: 0.0000, Ctx: 6, MixCtx: 3, Train: 78.55%, Valid: 73.61%, Test In: 74.98% Test OOD1: 66.89% Test OOD2: 54.81% Test OOD3: 63.91% 
Epoch: 209, Loss: 2.7462, Cls: 0.9155, Ind: 0.0000, Med: 0.4579, Spu: 0.0000, FD: 0.9152, FDAug: 0.4576, Var: 0.0000, Ctx: 6, MixCtx: 3, Train: 78.60%, Valid: 73.61%, Test In: 74.89% Test OOD1: 66.57% Test OOD2: 54.88% Test OOD3: 63.66% 
Epoch: 210, Loss: 2.7534, Cls: 0.9177, Ind: 0.0000, Med: 0.4589, Spu: 0.0000, FD: 0.9178, FDAug: 0.4590, Var: 0.0000, Ctx: 6, MixCtx: 3, Train: 78.54%, Valid: 73.63%, Test In: 74.98% Test OOD1: 67.37% Test OOD2: 54.70% Test OOD3: 64.09% 
Epoch: 211, Loss: 2.7635, Cls: 0.9215, Ind: 0.0000, Med: 0.4610, Spu: 0.0000, FD: 0.9207, FDAug: 0.4603, Var: 0.0000, Ctx: 6, MixCtx: 3, Train: 78.64%, Valid: 73.59%, Test In: 74.83% Test OOD1: 66.35% Test OOD2: 54.91% Test OOD3: 63.46% 
Epoch: 212, Loss: 2.7720, Cls: 0.9238, Ind: 0.0000, Med: 0.4618, Spu: 0.0000, FD: 0.9242, FDAug: 0.4621, Var: 0.0000, Ctx: 6, MixCtx: 3, Train: 78.57%, Valid: 73.59%, Test In: 74.99% Test OOD1: 67.33% Test OOD2: 54.69% Test OOD3: 64.11% 
Epoch: 213, Loss: 2.7768, Cls: 0.9257, Ind: 0.0000, Med: 0.4630, Spu: 0.0000, FD: 0.9254, FDAug: 0.4627, Var: 0.0000, Ctx: 6, MixCtx: 3, Train: 78.66%, Valid: 73.51%, Test In: 74.79% Test OOD1: 66.05% Test OOD2: 54.94% Test OOD3: 63.39% 
Epoch: 214, Loss: 2.7721, Cls: 0.9244, Ind: 0.0000, Med: 0.4624, Spu: 0.0000, FD: 0.9235, FDAug: 0.4618, Var: 0.0000, Ctx: 6, MixCtx: 3, Train: 78.65%, Valid: 73.57%, Test In: 74.99% Test OOD1: 67.05% Test OOD2: 54.77% Test OOD3: 64.01% 
Epoch: 215, Loss: 2.7558, Cls: 0.9185, Ind: 0.0000, Med: 0.4592, Spu: 0.0000, FD: 0.9187, FDAug: 0.4593, Var: 0.0000, Ctx: 6, MixCtx: 3, Train: 78.73%, Valid: 73.58%, Test In: 74.94% Test OOD1: 66.68% Test OOD2: 54.88% Test OOD3: 63.73% 
Epoch: 216, Loss: 2.7397, Cls: 0.9134, Ind: 0.0000, Med: 0.4568, Spu: 0.0000, FD: 0.9129, FDAug: 0.4565, Var: 0.0000, Ctx: 6, MixCtx: 3, Train: 78.74%, Valid: 73.60%, Test In: 74.95% Test OOD1: 66.80% Test OOD2: 54.88% Test OOD3: 63.71% 
Epoch: 217, Loss: 2.7401, Cls: 0.9135, Ind: 0.0000, Med: 0.4569, Spu: 0.0000, FD: 0.9131, FDAug: 0.4566, Var: 0.0000, Ctx: 6, MixCtx: 3, Train: 78.66%, Valid: 73.59%, Test In: 75.01% Test OOD1: 67.43% Test OOD2: 54.73% Test OOD3: 64.05% 
Epoch: 218, Loss: 2.7530, Cls: 0.9178, Ind: 0.0000, Med: 0.4590, Spu: 0.0000, FD: 0.9175, FDAug: 0.4587, Var: 0.0000, Ctx: 6, MixCtx: 3, Train: 78.79%, Valid: 73.56%, Test In: 74.87% Test OOD1: 66.48% Test OOD2: 54.93% Test OOD3: 63.45% 
Epoch: 219, Loss: 2.7663, Cls: 0.9220, Ind: 0.0000, Med: 0.4610, Spu: 0.0000, FD: 0.9221, FDAug: 0.4611, Var: 0.0000, Ctx: 6, MixCtx: 3, Train: 78.69%, Valid: 73.54%, Test In: 75.03% Test OOD1: 67.36% Test OOD2: 54.71% Test OOD3: 64.10% 
Epoch: 220, Loss: 2.7694, Cls: 0.9233, Ind: 0.0000, Med: 0.4618, Spu: 0.0000, FD: 0.9228, FDAug: 0.4614, Var: 0.0000, Ctx: 6, MixCtx: 3, Train: 78.82%, Valid: 73.46%, Test In: 74.86% Test OOD1: 66.12% Test OOD2: 54.97% Test OOD3: 63.39% 
Epoch: 221, Loss: 2.7586, Cls: 0.9196, Ind: 0.0000, Med: 0.4599, Spu: 0.0000, FD: 0.9192, FDAug: 0.4597, Var: 0.0000, Ctx: 6, MixCtx: 3, Train: 78.82%, Valid: 73.50%, Test In: 75.02% Test OOD1: 66.84% Test OOD2: 54.82% Test OOD3: 63.87% 
Epoch: 222, Loss: 2.7406, Cls: 0.9136, Ind: 0.0000, Med: 0.4569, Spu: 0.0000, FD: 0.9134, FDAug: 0.4567, Var: 0.0000, Ctx: 6, MixCtx: 3, Train: 78.89%, Valid: 73.52%, Test In: 74.98% Test OOD1: 66.77% Test OOD2: 54.84% Test OOD3: 63.74% 
Epoch: 223, Loss: 2.7308, Cls: 0.9104, Ind: 0.0000, Med: 0.4553, Spu: 0.0000, FD: 0.9100, FDAug: 0.4550, Var: 0.0000, Ctx: 6, MixCtx: 3, Train: 78.92%, Valid: 73.54%, Test In: 74.90% Test OOD1: 66.64% Test OOD2: 54.87% Test OOD3: 63.53% 
Epoch: 224, Loss: 2.7392, Cls: 0.9131, Ind: 0.0000, Med: 0.4567, Spu: 0.0000, FD: 0.9129, FDAug: 0.4565, Var: 0.0000, Ctx: 6, MixCtx: 3, Train: 78.81%, Valid: 73.55%, Test In: 75.00% Test OOD1: 67.40% Test OOD2: 54.67% Test OOD3: 64.01% 
Epoch: 225, Loss: 2.7604, Cls: 0.9203, Ind: 0.0000, Med: 0.4603, Spu: 0.0000, FD: 0.9199, FDAug: 0.4599, Var: 0.0000, Ctx: 6, MixCtx: 3, Train: 78.95%, Valid: 73.45%, Test In: 74.73% Test OOD1: 65.95% Test OOD2: 54.94% Test OOD3: 63.07% 
Epoch: 226, Loss: 2.7827, Cls: 0.9276, Ind: 0.0000, Med: 0.4639, Spu: 0.0000, FD: 0.9274, FDAug: 0.4637, Var: 0.0000, Ctx: 6, MixCtx: 3, Train: 78.86%, Valid: 73.49%, Test In: 75.04% Test OOD1: 67.17% Test OOD2: 54.67% Test OOD3: 64.04% 
Epoch: 227, Loss: 2.7962, Cls: 0.9318, Ind: 0.0000, Med: 0.4658, Spu: 0.0000, FD: 0.9324, FDAug: 0.4662, Var: 0.0000, Ctx: 6, MixCtx: 3, Train: 78.95%, Valid: 73.35%, Test In: 74.69% Test OOD1: 65.62% Test OOD2: 54.94% Test OOD3: 63.06% 
Epoch: 228, Loss: 2.7775, Cls: 0.9265, Ind: 0.0000, Med: 0.4636, Spu: 0.0000, FD: 0.9248, FDAug: 0.4626, Var: 0.0000, Ctx: 6, MixCtx: 3, Train: 78.98%, Valid: 73.50%, Test In: 75.04% Test OOD1: 66.92% Test OOD2: 54.75% Test OOD3: 63.84% 
Epoch: 229, Loss: 2.7378, Cls: 0.9125, Ind: 0.0000, Med: 0.4562, Spu: 0.0000, FD: 0.9128, FDAug: 0.4563, Var: 0.0000, Ctx: 6, MixCtx: 3, Train: 79.00%, Valid: 73.55%, Test In: 75.05% Test OOD1: 67.01% Test OOD2: 54.77% Test OOD3: 63.76% 
Epoch: 230, Loss: 2.7263, Cls: 0.9088, Ind: 0.0000, Med: 0.4545, Spu: 0.0000, FD: 0.9086, FDAug: 0.4543, Var: 0.0000, Ctx: 6, MixCtx: 3, Train: 79.05%, Valid: 73.54%, Test In: 74.93% Test OOD1: 66.57% Test OOD2: 54.86% Test OOD3: 63.34% 
Epoch: 231, Loss: 2.7507, Cls: 0.9168, Ind: 0.0000, Med: 0.4584, Spu: 0.0000, FD: 0.9169, FDAug: 0.4585, Var: 0.0000, Ctx: 6, MixCtx: 3, Train: 78.84%, Valid: 73.54%, Test In: 75.05% Test OOD1: 67.58% Test OOD2: 54.60% Test OOD3: 64.08% 
Epoch: 232, Loss: 2.7691, Cls: 0.9234, Ind: 0.0000, Med: 0.4619, Spu: 0.0000, FD: 0.9225, FDAug: 0.4613, Var: 0.0000, Ctx: 6, MixCtx: 3, Train: 79.12%, Valid: 73.47%, Test In: 74.91% Test OOD1: 66.25% Test OOD2: 54.89% Test OOD3: 63.25% 
Epoch: 233, Loss: 2.7529, Cls: 0.9176, Ind: 0.0000, Med: 0.4588, Spu: 0.0000, FD: 0.9176, FDAug: 0.4589, Var: 0.0000, Ctx: 6, MixCtx: 3, Train: 79.08%, Valid: 73.47%, Test In: 75.05% Test OOD1: 66.77% Test OOD2: 54.76% Test OOD3: 63.73% 
Epoch: 234, Loss: 2.7272, Cls: 0.9092, Ind: 0.0000, Med: 0.4547, Spu: 0.0000, FD: 0.9088, FDAug: 0.4544, Var: 0.0000, Ctx: 6, MixCtx: 3, Train: 79.13%, Valid: 73.46%, Test In: 75.02% Test OOD1: 66.61% Test OOD2: 54.77% Test OOD3: 63.64% 
Epoch: 235, Loss: 2.7235, Cls: 0.9080, Ind: 0.0000, Med: 0.4541, Spu: 0.0000, FD: 0.9076, FDAug: 0.4538, Var: 0.0000, Ctx: 6, MixCtx: 3, Train: 79.20%, Valid: 73.46%, Test In: 74.85% Test OOD1: 66.10% Test OOD2: 54.84% Test OOD3: 63.17% 
Epoch: 236, Loss: 2.7381, Cls: 0.9128, Ind: 0.0000, Med: 0.4565, Spu: 0.0000, FD: 0.9126, FDAug: 0.4563, Var: 0.0000, Ctx: 6, MixCtx: 3, Train: 79.08%, Valid: 73.57%, Test In: 75.01% Test OOD1: 67.23% Test OOD2: 54.59% Test OOD3: 63.87% 
Epoch: 237, Loss: 2.7489, Cls: 0.9165, Ind: 0.0000, Med: 0.4585, Spu: 0.0000, FD: 0.9159, FDAug: 0.4580, Var: 0.0000, Ctx: 6, MixCtx: 3, Train: 79.22%, Valid: 73.50%, Test In: 74.77% Test OOD1: 66.15% Test OOD2: 54.78% Test OOD3: 63.07% 
Epoch: 238, Loss: 2.7439, Cls: 0.9146, Ind: 0.0000, Med: 0.4573, Spu: 0.0000, FD: 0.9146, FDAug: 0.4573, Var: 0.0000, Ctx: 6, MixCtx: 3, Train: 79.22%, Valid: 73.55%, Test In: 74.99% Test OOD1: 66.81% Test OOD2: 54.64% Test OOD3: 63.66% 
Epoch: 239, Loss: 2.7295, Cls: 0.9099, Ind: 0.0000, Med: 0.4550, Spu: 0.0000, FD: 0.9097, FDAug: 0.4549, Var: 0.0000, Ctx: 6, MixCtx: 3, Train: 79.29%, Valid: 73.44%, Test In: 74.84% Test OOD1: 66.02% Test OOD2: 54.76% Test OOD3: 63.21% 
Epoch: 240, Loss: 2.7169, Cls: 0.9059, Ind: 0.0000, Med: 0.4532, Spu: 0.0000, FD: 0.9052, FDAug: 0.4526, Var: 0.0000, Ctx: 6, MixCtx: 3, Train: 79.31%, Valid: 73.45%, Test In: 74.90% Test OOD1: 66.26% Test OOD2: 54.72% Test OOD3: 63.37% 
Epoch: 241, Loss: 2.7109, Cls: 0.9038, Ind: 0.0000, Med: 0.4521, Spu: 0.0000, FD: 0.9033, FDAug: 0.4517, Var: 0.0000, Ctx: 6, MixCtx: 3, Train: 79.31%, Valid: 73.50%, Test In: 74.97% Test OOD1: 66.64% Test OOD2: 54.66% Test OOD3: 63.56% 
Epoch: 242, Loss: 2.7134, Cls: 0.9045, Ind: 0.0000, Med: 0.4523, Spu: 0.0000, FD: 0.9044, FDAug: 0.4522, Var: 0.0000, Ctx: 6, MixCtx: 3, Train: 79.37%, Valid: 73.49%, Test In: 74.85% Test OOD1: 66.20% Test OOD2: 54.75% Test OOD3: 63.16% 
Epoch: 243, Loss: 2.7224, Cls: 0.9077, Ind: 0.0000, Med: 0.4541, Spu: 0.0000, FD: 0.9071, FDAug: 0.4535, Var: 0.0000, Ctx: 6, MixCtx: 3, Train: 79.31%, Valid: 73.51%, Test In: 75.02% Test OOD1: 66.88% Test OOD2: 54.59% Test OOD3: 63.73% 
Epoch: 244, Loss: 2.7344, Cls: 0.9114, Ind: 0.0000, Med: 0.4557, Spu: 0.0000, FD: 0.9115, FDAug: 0.4558, Var: 0.0000, Ctx: 6, MixCtx: 3, Train: 79.37%, Valid: 73.30%, Test In: 74.66% Test OOD1: 65.54% Test OOD2: 54.80% Test OOD3: 62.84% 
Epoch: 245, Loss: 2.7507, Cls: 0.9173, Ind: 0.0000, Med: 0.4589, Spu: 0.0000, FD: 0.9163, FDAug: 0.4582, Var: 0.0000, Ctx: 6, MixCtx: 3, Train: 79.33%, Valid: 73.44%, Test In: 75.03% Test OOD1: 66.76% Test OOD2: 54.58% Test OOD3: 63.78% 
Epoch: 246, Loss: 2.7680, Cls: 0.9226, Ind: 0.0000, Med: 0.4613, Spu: 0.0000, FD: 0.9228, FDAug: 0.4614, Var: 0.0000, Ctx: 6, MixCtx: 3, Train: 79.41%, Valid: 73.30%, Test In: 74.64% Test OOD1: 65.49% Test OOD2: 54.79% Test OOD3: 62.74% 
Epoch: 247, Loss: 2.7654, Cls: 0.9221, Ind: 0.0000, Med: 0.4613, Spu: 0.0000, FD: 0.9213, FDAug: 0.4608, Var: 0.0000, Ctx: 6, MixCtx: 3, Train: 79.35%, Valid: 73.53%, Test In: 75.05% Test OOD1: 67.06% Test OOD2: 54.54% Test OOD3: 63.78% 
Epoch: 248, Loss: 2.7394, Cls: 0.9133, Ind: 0.0000, Med: 0.4568, Spu: 0.0000, FD: 0.9129, FDAug: 0.4564, Var: 0.0000, Ctx: 6, MixCtx: 3, Train: 79.48%, Valid: 73.52%, Test In: 74.93% Test OOD1: 66.44% Test OOD2: 54.70% Test OOD3: 63.23% 
Epoch: 249, Loss: 2.7090, Cls: 0.9031, Ind: 0.0000, Med: 0.4516, Spu: 0.0000, FD: 0.9028, FDAug: 0.4514, Var: 0.0000, Ctx: 6, MixCtx: 3, Train: 79.50%, Valid: 73.52%, Test In: 74.93% Test OOD1: 66.52% Test OOD2: 54.67% Test OOD3: 63.29% 
Epoch: 250, Loss: 2.7055, Cls: 0.9019, Ind: 0.0000, Med: 0.4510, Spu: 0.0000, FD: 0.9017, FDAug: 0.4509, Var: 0.0000, Ctx: 6, MixCtx: 3, Train: 79.41%, Valid: 73.52%, Test In: 75.02% Test OOD1: 67.02% Test OOD2: 54.54% Test OOD3: 63.69% 
Epoch: 251, Loss: 2.7242, Cls: 0.9084, Ind: 0.0000, Med: 0.4544, Spu: 0.0000, FD: 0.9076, FDAug: 0.4538, Var: 0.0000, Ctx: 6, MixCtx: 3, Train: 79.56%, Valid: 73.37%, Test In: 74.73% Test OOD1: 65.71% Test OOD2: 54.75% Test OOD3: 62.75% 
Epoch: 252, Loss: 2.7347, Cls: 0.9113, Ind: 0.0000, Med: 0.4556, Spu: 0.0000, FD: 0.9117, FDAug: 0.4560, Var: 0.0000, Ctx: 6, MixCtx: 3, Train: 79.53%, Valid: 73.48%, Test In: 74.99% Test OOD1: 66.70% Test OOD2: 54.55% Test OOD3: 63.54% 
Epoch: 253, Loss: 2.7247, Cls: 0.9086, Ind: 0.0000, Med: 0.4546, Spu: 0.0000, FD: 0.9076, FDAug: 0.4538, Var: 0.0000, Ctx: 6, MixCtx: 3, Train: 79.64%, Valid: 73.41%, Test In: 74.73% Test OOD1: 65.94% Test OOD2: 54.65% Test OOD3: 62.92% 
Epoch: 254, Loss: 2.7046, Cls: 0.9016, Ind: 0.0000, Med: 0.4509, Spu: 0.0000, FD: 0.9014, FDAug: 0.4507, Var: 0.0000, Ctx: 6, MixCtx: 3, Train: 79.67%, Valid: 73.49%, Test In: 74.81% Test OOD1: 66.34% Test OOD2: 54.59% Test OOD3: 63.16% 
Epoch: 255, Loss: 2.6933, Cls: 0.8979, Ind: 0.0000, Med: 0.4491, Spu: 0.0000, FD: 0.8975, FDAug: 0.4488, Var: 0.0000, Ctx: 6, MixCtx: 3, Train: 79.67%, Valid: 73.51%, Test In: 74.83% Test OOD1: 66.40% Test OOD2: 54.57% Test OOD3: 63.22% 
Epoch: 256, Loss: 2.6968, Cls: 0.8991, Ind: 0.0000, Med: 0.4497, Spu: 0.0000, FD: 0.8987, FDAug: 0.4493, Var: 0.0000, Ctx: 6, MixCtx: 3, Train: 79.70%, Valid: 73.37%, Test In: 74.59% Test OOD1: 65.74% Test OOD2: 54.62% Test OOD3: 62.74% 
Epoch: 257, Loss: 2.7104, Cls: 0.9038, Ind: 0.0000, Med: 0.4521, Spu: 0.0000, FD: 0.9029, FDAug: 0.4515, Var: 0.0000, Ctx: 6, MixCtx: 3, Train: 79.65%, Valid: 73.44%, Test In: 74.89% Test OOD1: 66.42% Test OOD2: 54.52% Test OOD3: 63.40% 
Epoch: 258, Loss: 2.7368, Cls: 0.9118, Ind: 0.0000, Med: 0.4558, Spu: 0.0000, FD: 0.9128, FDAug: 0.4563, Var: 0.0000, Ctx: 6, MixCtx: 3, Train: 79.67%, Valid: 73.18%, Test In: 74.38% Test OOD1: 65.14% Test OOD2: 54.67% Test OOD3: 62.28% 
Epoch: 259, Loss: 2.7770, Cls: 0.9266, Ind: 0.0000, Med: 0.4639, Spu: 0.0000, FD: 0.9242, FDAug: 0.4623, Var: 0.0000, Ctx: 6, MixCtx: 3, Train: 79.50%, Valid: 73.48%, Test In: 75.00% Test OOD1: 67.06% Test OOD2: 54.34% Test OOD3: 63.76% 
Epoch: 260, Loss: 2.8184, Cls: 0.9381, Ind: 0.0000, Med: 0.4684, Spu: 0.0000, FD: 0.9413, FDAug: 0.4706, Var: 0.0000, Ctx: 6, MixCtx: 3, Train: 79.73%, Valid: 73.19%, Test In: 74.45% Test OOD1: 65.30% Test OOD2: 54.70% Test OOD3: 62.28% 
Epoch: 261, Loss: 2.7794, Cls: 0.9281, Ind: 0.0000, Med: 0.4649, Spu: 0.0000, FD: 0.9242, FDAug: 0.4622, Var: 0.0000, Ctx: 6, MixCtx: 3, Train: 79.70%, Valid: 73.46%, Test In: 74.94% Test OOD1: 66.82% Test OOD2: 54.48% Test OOD3: 63.44% 
Epoch: 262, Loss: 2.7029, Cls: 0.9006, Ind: 0.0000, Med: 0.4502, Spu: 0.0000, FD: 0.9016, FDAug: 0.4506, Var: 0.0000, Ctx: 6, MixCtx: 3, Train: 79.64%, Valid: 73.52%, Test In: 74.96% Test OOD1: 67.10% Test OOD2: 54.45% Test OOD3: 63.54% 
Epoch: 263, Loss: 2.7137, Cls: 0.9042, Ind: 0.0000, Med: 0.4520, Spu: 0.0000, FD: 0.9051, FDAug: 0.4523, Var: 0.0000, Ctx: 6, MixCtx: 3, Train: 79.73%, Valid: 73.41%, Test In: 74.60% Test OOD1: 65.94% Test OOD2: 54.67% Test OOD3: 62.40% 
Epoch: 264, Loss: 2.7567, Cls: 0.9187, Ind: 0.0000, Med: 0.4594, Spu: 0.0000, FD: 0.9190, FDAug: 0.4596, Var: 0.0000, Ctx: 6, MixCtx: 3, Train: 79.59%, Valid: 73.57%, Test In: 74.94% Test OOD1: 67.25% Test OOD2: 54.42% Test OOD3: 63.58% 
Epoch: 265, Loss: 2.7187, Cls: 0.9067, Ind: 0.0000, Med: 0.4537, Spu: 0.0000, FD: 0.9056, FDAug: 0.4527, Var: 0.0000, Ctx: 6, MixCtx: 3, Train: 79.82%, Valid: 73.54%, Test In: 74.88% Test OOD1: 66.70% Test OOD2: 54.52% Test OOD3: 63.17% 
Epoch: 266, Loss: 2.6893, Cls: 0.8966, Ind: 0.0000, Med: 0.4485, Spu: 0.0000, FD: 0.8962, FDAug: 0.4479, Var: 0.0000, Ctx: 6, MixCtx: 3, Train: 79.86%, Valid: 73.38%, Test In: 74.56% Test OOD1: 65.59% Test OOD2: 54.64% Test OOD3: 62.29% 
Epoch: 267, Loss: 2.7242, Cls: 0.9070, Ind: 0.0000, Med: 0.4531, Spu: 0.0000, FD: 0.9094, FDAug: 0.4547, Var: 0.0000, Ctx: 6, MixCtx: 3, Train: 79.75%, Valid: 73.54%, Test In: 74.89% Test OOD1: 66.88% Test OOD2: 54.40% Test OOD3: 63.39% 
Epoch: 268, Loss: 2.7301, Cls: 0.9114, Ind: 0.0000, Med: 0.4565, Spu: 0.0000, FD: 0.9081, FDAug: 0.4541, Var: 0.0000, Ctx: 6, MixCtx: 3, Train: 79.95%, Valid: 73.42%, Test In: 74.55% Test OOD1: 65.77% Test OOD2: 54.56% Test OOD3: 62.50% 
Epoch: 269, Loss: 2.6920, Cls: 0.8970, Ind: 0.0000, Med: 0.4484, Spu: 0.0000, FD: 0.8977, FDAug: 0.4489, Var: 0.0000, Ctx: 6, MixCtx: 3, Train: 79.95%, Valid: 73.39%, Test In: 74.55% Test OOD1: 65.71% Test OOD2: 54.56% Test OOD3: 62.49% 
Epoch: 270, Loss: 2.6827, Cls: 0.8943, Ind: 0.0000, Med: 0.4472, Spu: 0.0000, FD: 0.8941, FDAug: 0.4470, Var: 0.0000, Ctx: 6, MixCtx: 3, Train: 79.94%, Valid: 73.46%, Test In: 74.71% Test OOD1: 66.46% Test OOD2: 54.43% Test OOD3: 63.10% 
Epoch: 271, Loss: 2.7037, Cls: 0.9013, Ind: 0.0000, Med: 0.4507, Spu: 0.0000, FD: 0.9012, FDAug: 0.4506, Var: 0.0000, Ctx: 6, MixCtx: 3, Train: 79.91%, Valid: 73.22%, Test In: 74.31% Test OOD1: 65.49% Test OOD2: 54.53% Test OOD3: 62.27% 
Epoch: 272, Loss: 2.7235, Cls: 0.9086, Ind: 0.0000, Med: 0.4548, Spu: 0.0000, FD: 0.9067, FDAug: 0.4534, Var: 0.0000, Ctx: 6, MixCtx: 3, Train: 79.94%, Valid: 73.33%, Test In: 74.75% Test OOD1: 66.26% Test OOD2: 54.45% Test OOD3: 63.10% 
Epoch: 273, Loss: 2.7156, Cls: 0.9040, Ind: 0.0000, Med: 0.4516, Spu: 0.0000, FD: 0.9067, FDAug: 0.4533, Var: 0.0000, Ctx: 6, MixCtx: 3, Train: 80.06%, Valid: 73.23%, Test In: 74.49% Test OOD1: 65.73% Test OOD2: 54.56% Test OOD3: 62.50% 
Epoch: 274, Loss: 2.6877, Cls: 0.8969, Ind: 0.0000, Med: 0.4491, Spu: 0.0000, FD: 0.8944, FDAug: 0.4473, Var: 0.0000, Ctx: 6, MixCtx: 3, Train: 80.02%, Valid: 73.37%, Test In: 74.67% Test OOD1: 66.42% Test OOD2: 54.46% Test OOD3: 62.97% 
Epoch: 275, Loss: 2.6753, Cls: 0.8919, Ind: 0.0000, Med: 0.4462, Spu: 0.0000, FD: 0.8914, FDAug: 0.4457, Var: 0.0000, Ctx: 6, MixCtx: 3, Train: 80.03%, Valid: 73.40%, Test In: 74.74% Test OOD1: 66.62% Test OOD2: 54.43% Test OOD3: 63.12% 
Epoch: 276, Loss: 2.6830, Cls: 0.8938, Ind: 0.0000, Med: 0.4468, Spu: 0.0000, FD: 0.8949, FDAug: 0.4475, Var: 0.0000, Ctx: 6, MixCtx: 3, Train: 80.12%, Valid: 73.18%, Test In: 74.35% Test OOD1: 65.48% Test OOD2: 54.55% Test OOD3: 62.21% 
Epoch: 277, Loss: 2.6979, Cls: 0.9001, Ind: 0.0000, Med: 0.4506, Spu: 0.0000, FD: 0.8980, FDAug: 0.4491, Var: 0.0000, Ctx: 6, MixCtx: 3, Train: 80.13%, Valid: 73.35%, Test In: 74.66% Test OOD1: 66.39% Test OOD2: 54.42% Test OOD3: 62.99% 
Epoch: 278, Loss: 2.6931, Cls: 0.8976, Ind: 0.0000, Med: 0.4488, Spu: 0.0000, FD: 0.8978, FDAug: 0.4489, Var: 0.0000, Ctx: 6, MixCtx: 3, Train: 80.16%, Valid: 73.30%, Test In: 74.39% Test OOD1: 65.79% Test OOD2: 54.49% Test OOD3: 62.41% 
Epoch: 279, Loss: 2.6773, Cls: 0.8924, Ind: 0.0000, Med: 0.4463, Spu: 0.0000, FD: 0.8923, FDAug: 0.4462, Var: 0.0000, Ctx: 6, MixCtx: 3, Train: 80.23%, Valid: 73.38%, Test In: 74.51% Test OOD1: 66.04% Test OOD2: 54.47% Test OOD3: 62.55% 
Epoch: 280, Loss: 2.6649, Cls: 0.8886, Ind: 0.0000, Med: 0.4445, Spu: 0.0000, FD: 0.8879, FDAug: 0.4440, Var: 0.0000, Ctx: 6, MixCtx: 3, Train: 80.23%, Valid: 73.37%, Test In: 74.54% Test OOD1: 65.99% Test OOD2: 54.46% Test OOD3: 62.55% 
Epoch: 281, Loss: 2.6678, Cls: 0.8898, Ind: 0.0000, Med: 0.4454, Spu: 0.0000, FD: 0.8883, FDAug: 0.4442, Var: 0.0000, Ctx: 6, MixCtx: 3, Train: 80.27%, Valid: 73.27%, Test In: 74.33% Test OOD1: 65.51% Test OOD2: 54.54% Test OOD3: 62.15% 
Epoch: 282, Loss: 2.6778, Cls: 0.8918, Ind: 0.0000, Med: 0.4457, Spu: 0.0000, FD: 0.8935, FDAug: 0.4468, Var: 0.0000, Ctx: 6, MixCtx: 3, Train: 80.22%, Valid: 73.34%, Test In: 74.64% Test OOD1: 66.32% Test OOD2: 54.43% Test OOD3: 62.91% 
Epoch: 283, Loss: 2.6968, Cls: 0.9003, Ind: 0.0000, Med: 0.4510, Spu: 0.0000, FD: 0.8970, FDAug: 0.4485, Var: 0.0000, Ctx: 6, MixCtx: 3, Train: 80.25%, Valid: 73.02%, Test In: 74.05% Test OOD1: 65.00% Test OOD2: 54.61% Test OOD3: 61.71% 
Epoch: 284, Loss: 2.7134, Cls: 0.9036, Ind: 0.0000, Med: 0.4515, Spu: 0.0000, FD: 0.9055, FDAug: 0.4528, Var: 0.0000, Ctx: 6, MixCtx: 3, Train: 80.27%, Valid: 73.25%, Test In: 74.62% Test OOD1: 66.38% Test OOD2: 54.43% Test OOD3: 62.96% 
Epoch: 285, Loss: 2.7238, Cls: 0.9083, Ind: 0.0000, Med: 0.4544, Spu: 0.0000, FD: 0.9074, FDAug: 0.4536, Var: 0.0000, Ctx: 6, MixCtx: 3, Train: 80.22%, Valid: 73.15%, Test In: 74.20% Test OOD1: 65.55% Test OOD2: 54.58% Test OOD3: 62.03% 
Epoch: 286, Loss: 2.7128, Cls: 0.9048, Ind: 0.0000, Med: 0.4528, Spu: 0.0000, FD: 0.9033, FDAug: 0.4518, Var: 0.0000, Ctx: 6, MixCtx: 3, Train: 80.31%, Valid: 73.35%, Test In: 74.64% Test OOD1: 66.51% Test OOD2: 54.44% Test OOD3: 62.88% 
Epoch: 287, Loss: 2.6805, Cls: 0.8929, Ind: 0.0000, Med: 0.4463, Spu: 0.0000, FD: 0.8942, FDAug: 0.4470, Var: 0.0000, Ctx: 6, MixCtx: 3, Train: 80.37%, Valid: 73.22%, Test In: 74.41% Test OOD1: 65.79% Test OOD2: 54.47% Test OOD3: 62.22% 
Epoch: 288, Loss: 2.6614, Cls: 0.8875, Ind: 0.0000, Med: 0.4441, Spu: 0.0000, FD: 0.8864, FDAug: 0.4433, Var: 0.0000, Ctx: 6, MixCtx: 3, Train: 80.48%, Valid: 73.32%, Test In: 74.39% Test OOD1: 65.81% Test OOD2: 54.48% Test OOD3: 62.15% 
Epoch: 289, Loss: 2.6612, Cls: 0.8879, Ind: 0.0000, Med: 0.4445, Spu: 0.0000, FD: 0.8859, FDAug: 0.4430, Var: 0.0000, Ctx: 6, MixCtx: 3, Train: 80.29%, Valid: 73.44%, Test In: 74.57% Test OOD1: 66.55% Test OOD2: 54.34% Test OOD3: 62.79% 
Epoch: 290, Loss: 2.6833, Cls: 0.8939, Ind: 0.0000, Med: 0.4467, Spu: 0.0000, FD: 0.8952, FDAug: 0.4475, Var: 0.0000, Ctx: 6, MixCtx: 3, Train: 80.43%, Valid: 73.01%, Test In: 73.86% Test OOD1: 64.64% Test OOD2: 54.41% Test OOD3: 61.26% 
Epoch: 291, Loss: 2.6919, Cls: 0.8979, Ind: 0.0000, Med: 0.4494, Spu: 0.0000, FD: 0.8963, FDAug: 0.4483, Var: 0.0000, Ctx: 6, MixCtx: 3, Train: 80.47%, Valid: 73.24%, Test In: 74.36% Test OOD1: 65.80% Test OOD2: 54.32% Test OOD3: 62.32% 
Epoch: 292, Loss: 2.6898, Cls: 0.8968, Ind: 0.0000, Med: 0.4486, Spu: 0.0000, FD: 0.8963, FDAug: 0.4481, Var: 0.0000, Ctx: 6, MixCtx: 3, Train: 80.32%, Valid: 73.32%, Test In: 74.13% Test OOD1: 65.69% Test OOD2: 54.40% Test OOD3: 61.87% 
Epoch: 293, Loss: 2.6924, Cls: 0.8970, Ind: 0.0000, Med: 0.4484, Spu: 0.0000, FD: 0.8979, FDAug: 0.4491, Var: 0.0000, Ctx: 6, MixCtx: 3, Train: 80.54%, Valid: 73.33%, Test In: 74.47% Test OOD1: 66.22% Test OOD2: 54.36% Test OOD3: 62.54% 
Epoch: 294, Loss: 2.6697, Cls: 0.8907, Ind: 0.0000, Med: 0.4459, Spu: 0.0000, FD: 0.8887, FDAug: 0.4443, Var: 0.0000, Ctx: 6, MixCtx: 3, Train: 80.48%, Valid: 72.94%, Test In: 74.07% Test OOD1: 65.04% Test OOD2: 54.41% Test OOD3: 61.64% 
Epoch: 295, Loss: 2.6645, Cls: 0.8879, Ind: 0.0000, Med: 0.4439, Spu: 0.0000, FD: 0.8884, FDAug: 0.4443, Var: 0.0000, Ctx: 6, MixCtx: 3, Train: 80.62%, Valid: 73.29%, Test In: 74.45% Test OOD1: 66.07% Test OOD2: 54.44% Test OOD3: 62.34% 
Epoch: 296, Loss: 2.6455, Cls: 0.8821, Ind: 0.0000, Med: 0.4413, Spu: 0.0000, FD: 0.8814, FDAug: 0.4407, Var: 0.0000, Ctx: 6, MixCtx: 3, Train: 80.49%, Valid: 73.42%, Test In: 74.51% Test OOD1: 66.46% Test OOD2: 54.40% Test OOD3: 62.57% 
Epoch: 297, Loss: 2.6523, Cls: 0.8844, Ind: 0.0000, Med: 0.4424, Spu: 0.0000, FD: 0.8836, FDAug: 0.4418, Var: 0.0000, Ctx: 6, MixCtx: 3, Train: 80.71%, Valid: 73.12%, Test In: 74.08% Test OOD1: 65.35% Test OOD2: 54.42% Test OOD3: 61.65% 
Epoch: 298, Loss: 2.6544, Cls: 0.8848, Ind: 0.0000, Med: 0.4425, Spu: 0.0000, FD: 0.8846, FDAug: 0.4424, Var: 0.0000, Ctx: 6, MixCtx: 3, Train: 80.68%, Valid: 73.12%, Test In: 74.27% Test OOD1: 65.64% Test OOD2: 54.32% Test OOD3: 62.08% 
Epoch: 299, Loss: 2.6705, Cls: 0.8902, Ind: 0.0000, Med: 0.4451, Spu: 0.0000, FD: 0.8902, FDAug: 0.4449, Var: 0.0000, Ctx: 6, MixCtx: 3, Train: 80.66%, Valid: 73.25%, Test In: 74.05% Test OOD1: 65.47% Test OOD2: 54.40% Test OOD3: 61.55% 
Epoch: 300, Loss: 2.6830, Cls: 0.8947, Ind: 0.0000, Med: 0.4477, Spu: 0.0000, FD: 0.8936, FDAug: 0.4470, Var: 0.0000, Ctx: 6, MixCtx: 3, Train: 80.61%, Valid: 73.37%, Test In: 74.48% Test OOD1: 66.43% Test OOD2: 54.29% Test OOD3: 62.55% 
Epoch: 301, Loss: 2.6965, Cls: 0.8983, Ind: 0.0000, Med: 0.4490, Spu: 0.0000, FD: 0.8995, FDAug: 0.4497, Var: 0.0000, Ctx: 6, MixCtx: 3, Train: 80.61%, Valid: 72.69%, Test In: 73.57% Test OOD1: 64.29% Test OOD2: 54.36% Test OOD3: 60.78% 
Epoch: 302, Loss: 2.7078, Cls: 0.9035, Ind: 0.0000, Med: 0.4523, Spu: 0.0000, FD: 0.9011, FDAug: 0.4508, Var: 0.0000, Ctx: 6, MixCtx: 3, Train: 80.75%, Valid: 73.21%, Test In: 74.38% Test OOD1: 66.16% Test OOD2: 54.31% Test OOD3: 62.41% 
Epoch: 303, Loss: 2.6850, Cls: 0.8944, Ind: 0.0000, Med: 0.4470, Spu: 0.0000, FD: 0.8958, FDAug: 0.4478, Var: 0.0000, Ctx: 6, MixCtx: 3, Train: 80.64%, Valid: 73.27%, Test In: 74.18% Test OOD1: 65.93% Test OOD2: 54.38% Test OOD3: 61.96% 
Epoch: 304, Loss: 2.6605, Cls: 0.8872, Ind: 0.0000, Med: 0.4439, Spu: 0.0000, FD: 0.8861, FDAug: 0.4432, Var: 0.0000, Ctx: 6, MixCtx: 3, Train: 80.83%, Valid: 73.24%, Test In: 74.28% Test OOD1: 66.08% Test OOD2: 54.38% Test OOD3: 62.17% 
Epoch: 305, Loss: 2.6349, Cls: 0.8785, Ind: 0.0000, Med: 0.4394, Spu: 0.0000, FD: 0.8780, FDAug: 0.4390, Var: 0.0000, Ctx: 6, MixCtx: 3, Train: 80.77%, Valid: 73.03%, Test In: 74.16% Test OOD1: 65.59% Test OOD2: 54.24% Test OOD3: 61.95% 
Epoch: 306, Loss: 2.6502, Cls: 0.8836, Ind: 0.0000, Med: 0.4420, Spu: 0.0000, FD: 0.8831, FDAug: 0.4414, Var: 0.0000, Ctx: 6, MixCtx: 3, Train: 80.92%, Valid: 73.07%, Test In: 73.94% Test OOD1: 65.28% Test OOD2: 54.34% Test OOD3: 61.41% 
Epoch: 307, Loss: 2.6589, Cls: 0.8861, Ind: 0.0000, Med: 0.4431, Spu: 0.0000, FD: 0.8863, FDAug: 0.4433, Var: 0.0000, Ctx: 6, MixCtx: 3, Train: 80.64%, Valid: 73.38%, Test In: 74.41% Test OOD1: 66.49% Test OOD2: 54.23% Test OOD3: 62.56% 
Epoch: 308, Loss: 2.6784, Cls: 0.8935, Ind: 0.0000, Med: 0.4472, Spu: 0.0000, FD: 0.8918, FDAug: 0.4458, Var: 0.0000, Ctx: 6, MixCtx: 3, Train: 80.91%, Valid: 72.71%, Test In: 73.52% Test OOD1: 64.34% Test OOD2: 54.29% Test OOD3: 60.83% 
Epoch: 309, Loss: 2.6735, Cls: 0.8909, Ind: 0.0000, Med: 0.4454, Spu: 0.0000, FD: 0.8914, FDAug: 0.4459, Var: 0.0000, Ctx: 6, MixCtx: 3, Train: 80.87%, Valid: 72.84%, Test In: 73.94% Test OOD1: 65.22% Test OOD2: 54.14% Test OOD3: 61.70% 
Epoch: 310, Loss: 2.6757, Cls: 0.8925, Ind: 0.0000, Med: 0.4466, Spu: 0.0000, FD: 0.8913, FDAug: 0.4454, Var: 0.0000, Ctx: 6, MixCtx: 3, Train: 80.78%, Valid: 73.22%, Test In: 73.89% Test OOD1: 65.78% Test OOD2: 54.22% Test OOD3: 61.51% 
Epoch: 311, Loss: 2.6688, Cls: 0.8894, Ind: 0.0000, Med: 0.4447, Spu: 0.0000, FD: 0.8898, FDAug: 0.4450, Var: 0.0000, Ctx: 6, MixCtx: 3, Train: 80.92%, Valid: 73.27%, Test In: 74.35% Test OOD1: 66.27% Test OOD2: 54.25% Test OOD3: 62.29% 
Epoch: 312, Loss: 2.6469, Cls: 0.8822, Ind: 0.0000, Med: 0.4412, Spu: 0.0000, FD: 0.8823, FDAug: 0.4412, Var: 0.0000, Ctx: 6, MixCtx: 3, Train: 80.81%, Valid: 72.44%, Test In: 73.60% Test OOD1: 64.26% Test OOD2: 54.26% Test OOD3: 60.96% 
Epoch: 313, Loss: 2.6488, Cls: 0.8833, Ind: 0.0000, Med: 0.4420, Spu: 0.0000, FD: 0.8823, FDAug: 0.4412, Var: 0.0000, Ctx: 6, MixCtx: 3, Train: 81.08%, Valid: 73.09%, Test In: 74.16% Test OOD1: 65.61% Test OOD2: 54.32% Test OOD3: 61.74% 
Epoch: 314, Loss: 2.6231, Cls: 0.8746, Ind: 0.0000, Med: 0.4375, Spu: 0.0000, FD: 0.8740, FDAug: 0.4370, Var: 0.0000, Ctx: 6, MixCtx: 3, Train: 80.82%, Valid: 73.44%, Test In: 74.32% Test OOD1: 66.56% Test OOD2: 54.18% Test OOD3: 62.25% 
Epoch: 315, Loss: 2.6401, Cls: 0.8800, Ind: 0.0000, Med: 0.4401, Spu: 0.0000, FD: 0.8800, FDAug: 0.4400, Var: 0.0000, Ctx: 6, MixCtx: 3, Train: 81.12%, Valid: 72.92%, Test In: 73.64% Test OOD1: 65.00% Test OOD2: 54.16% Test OOD3: 60.95% 
Epoch: 316, Loss: 2.6455, Cls: 0.8820, Ind: 0.0000, Med: 0.4412, Spu: 0.0000, FD: 0.8813, FDAug: 0.4409, Var: 0.0000, Ctx: 6, MixCtx: 3, Train: 81.00%, Valid: 72.65%, Test In: 73.82% Test OOD1: 64.88% Test OOD2: 54.11% Test OOD3: 61.47% 
Epoch: 317, Loss: 2.6831, Cls: 0.8945, Ind: 0.0000, Med: 0.4474, Spu: 0.0000, FD: 0.8944, FDAug: 0.4468, Var: 0.0000, Ctx: 6, MixCtx: 3, Train: 80.93%, Valid: 73.08%, Test In: 73.75% Test OOD1: 65.26% Test OOD2: 54.24% Test OOD3: 61.08% 
Epoch: 318, Loss: 2.6976, Cls: 0.8989, Ind: 0.0000, Med: 0.4495, Spu: 0.0000, FD: 0.8992, FDAug: 0.4499, Var: 0.0000, Ctx: 6, MixCtx: 3, Train: 80.89%, Valid: 73.31%, Test In: 74.38% Test OOD1: 66.60% Test OOD2: 54.12% Test OOD3: 62.49% 
Epoch: 319, Loss: 2.6942, Cls: 0.8984, Ind: 0.0000, Med: 0.4495, Spu: 0.0000, FD: 0.8976, FDAug: 0.4487, Var: 0.0000, Ctx: 6, MixCtx: 3, Train: 80.81%, Valid: 72.24%, Test In: 73.21% Test OOD1: 63.95% Test OOD2: 54.15% Test OOD3: 60.34% 
Epoch: 320, Loss: 2.6831, Cls: 0.8944, Ind: 0.0000, Med: 0.4473, Spu: 0.0000, FD: 0.8940, FDAug: 0.4474, Var: 0.0000, Ctx: 6, MixCtx: 3, Train: 81.20%, Valid: 72.90%, Test In: 73.97% Test OOD1: 65.49% Test OOD2: 54.18% Test OOD3: 61.62% 
Epoch: 321, Loss: 2.6277, Cls: 0.8760, Ind: 0.0000, Med: 0.4380, Spu: 0.0000, FD: 0.8760, FDAug: 0.4377, Var: 0.0000, Ctx: 6, MixCtx: 3, Train: 80.84%, Valid: 73.40%, Test In: 74.25% Test OOD1: 66.47% Test OOD2: 54.14% Test OOD3: 62.23% 
Epoch: 322, Loss: 2.6374, Cls: 0.8793, Ind: 0.0000, Med: 0.4398, Spu: 0.0000, FD: 0.8789, FDAug: 0.4394, Var: 0.0000, Ctx: 6, MixCtx: 3, Train: 81.14%, Valid: 73.07%, Test In: 73.76% Test OOD1: 65.34% Test OOD2: 54.23% Test OOD3: 61.13% 
Epoch: 323, Loss: 2.6619, Cls: 0.8874, Ind: 0.0000, Med: 0.4439, Spu: 0.0000, FD: 0.8869, FDAug: 0.4437, Var: 0.0000, Ctx: 6, MixCtx: 3, Train: 81.14%, Valid: 72.77%, Test In: 73.92% Test OOD1: 65.15% Test OOD2: 54.05% Test OOD3: 61.56% 
Epoch: 324, Loss: 2.6808, Cls: 0.8939, Ind: 0.0000, Med: 0.4471, Spu: 0.0000, FD: 0.8936, FDAug: 0.4462, Var: 0.0000, Ctx: 6, MixCtx: 3, Train: 81.38%, Valid: 72.93%, Test In: 73.66% Test OOD1: 65.00% Test OOD2: 54.17% Test OOD3: 60.85% 
Epoch: 325, Loss: 2.6312, Cls: 0.8771, Ind: 0.0000, Med: 0.4387, Spu: 0.0000, FD: 0.8767, FDAug: 0.4385, Var: 0.0000, Ctx: 6, MixCtx: 3, Train: 81.13%, Valid: 73.40%, Test In: 74.18% Test OOD1: 66.22% Test OOD2: 54.12% Test OOD3: 61.86% 
Epoch: 326, Loss: 2.6189, Cls: 0.8730, Ind: 0.0000, Med: 0.4366, Spu: 0.0000, FD: 0.8727, FDAug: 0.4365, Var: 0.0000, Ctx: 6, MixCtx: 3, Train: 81.39%, Valid: 73.08%, Test In: 74.00% Test OOD1: 65.52% Test OOD2: 54.11% Test OOD3: 61.48% 
Epoch: 327, Loss: 2.6110, Cls: 0.8705, Ind: 0.0000, Med: 0.4354, Spu: 0.0000, FD: 0.8700, FDAug: 0.4349, Var: 0.0000, Ctx: 6, MixCtx: 3, Train: 81.28%, Valid: 72.32%, Test In: 73.12% Test OOD1: 63.83% Test OOD2: 54.06% Test OOD3: 60.12% 
Epoch: 328, Loss: 2.6354, Cls: 0.8786, Ind: 0.0000, Med: 0.4395, Spu: 0.0000, FD: 0.8781, FDAug: 0.4392, Var: 0.0000, Ctx: 6, MixCtx: 3, Train: 81.40%, Valid: 73.10%, Test In: 73.93% Test OOD1: 65.79% Test OOD2: 54.04% Test OOD3: 61.64% 
Epoch: 329, Loss: 2.6313, Cls: 0.8773, Ind: 0.0000, Med: 0.4388, Spu: 0.0000, FD: 0.8768, FDAug: 0.4383, Var: 0.0000, Ctx: 6, MixCtx: 3, Train: 81.27%, Valid: 73.01%, Test In: 73.59% Test OOD1: 65.29% Test OOD2: 54.11% Test OOD3: 60.94% 
Epoch: 330, Loss: 2.6386, Cls: 0.8794, Ind: 0.0000, Med: 0.4398, Spu: 0.0000, FD: 0.8794, FDAug: 0.4399, Var: 0.0000, Ctx: 6, MixCtx: 3, Train: 81.47%, Valid: 72.76%, Test In: 73.81% Test OOD1: 65.10% Test OOD2: 54.08% Test OOD3: 61.29% 
Epoch: 331, Loss: 2.6253, Cls: 0.8752, Ind: 0.0000, Med: 0.4377, Spu: 0.0000, FD: 0.8750, FDAug: 0.4374, Var: 0.0000, Ctx: 6, MixCtx: 3, Train: 81.52%, Valid: 72.66%, Test In: 73.56% Test OOD1: 64.65% Test OOD2: 54.16% Test OOD3: 60.65% 
Epoch: 332, Loss: 2.6097, Cls: 0.8702, Ind: 0.0000, Med: 0.4353, Spu: 0.0000, FD: 0.8694, FDAug: 0.4348, Var: 0.0000, Ctx: 6, MixCtx: 3, Train: 81.45%, Valid: 73.25%, Test In: 74.07% Test OOD1: 65.95% Test OOD2: 54.13% Test OOD3: 61.60% 
Epoch: 333, Loss: 2.6026, Cls: 0.8676, Ind: 0.0000, Med: 0.4339, Spu: 0.0000, FD: 0.8673, FDAug: 0.4337, Var: 0.0000, Ctx: 6, MixCtx: 3, Train: 81.63%, Valid: 73.01%, Test In: 73.78% Test OOD1: 65.36% Test OOD2: 54.09% Test OOD3: 61.07% 
Epoch: 334, Loss: 2.5915, Cls: 0.8640, Ind: 0.0000, Med: 0.4322, Spu: 0.0000, FD: 0.8635, FDAug: 0.4318, Var: 0.0000, Ctx: 6, MixCtx: 3, Train: 81.59%, Valid: 72.47%, Test In: 73.21% Test OOD1: 64.20% Test OOD2: 53.96% Test OOD3: 60.26% 
Epoch: 335, Loss: 2.5982, Cls: 0.8663, Ind: 0.0000, Med: 0.4334, Spu: 0.0000, FD: 0.8656, FDAug: 0.4329, Var: 0.0000, Ctx: 6, MixCtx: 3, Train: 81.63%, Valid: 72.99%, Test In: 73.66% Test OOD1: 65.28% Test OOD2: 53.98% Test OOD3: 61.10% 
Epoch: 336, Loss: 2.5962, Cls: 0.8656, Ind: 0.0000, Med: 0.4330, Spu: 0.0000, FD: 0.8650, FDAug: 0.4325, Var: 0.0000, Ctx: 6, MixCtx: 3, Train: 81.69%, Valid: 72.85%, Test In: 73.38% Test OOD1: 64.94% Test OOD2: 54.00% Test OOD3: 60.60% 
Epoch: 337, Loss: 2.5982, Cls: 0.8661, Ind: 0.0000, Med: 0.4332, Spu: 0.0000, FD: 0.8659, FDAug: 0.4330, Var: 0.0000, Ctx: 6, MixCtx: 3, Train: 81.54%, Valid: 72.42%, Test In: 73.41% Test OOD1: 64.55% Test OOD2: 53.91% Test OOD3: 60.75% 
Epoch: 338, Loss: 2.6212, Cls: 0.8741, Ind: 0.0000, Med: 0.4373, Spu: 0.0000, FD: 0.8732, FDAug: 0.4366, Var: 0.0000, Ctx: 6, MixCtx: 3, Train: 81.68%, Valid: 72.91%, Test In: 73.46% Test OOD1: 64.94% Test OOD2: 54.11% Test OOD3: 60.46% 
Epoch: 339, Loss: 2.6661, Cls: 0.8880, Ind: 0.0000, Med: 0.4438, Spu: 0.0000, FD: 0.8893, FDAug: 0.4449, Var: 0.0000, Ctx: 6, MixCtx: 3, Train: 81.19%, Valid: 73.10%, Test In: 74.28% Test OOD1: 66.27% Test OOD2: 53.94% Test OOD3: 62.34% 
Epoch: 340, Loss: 2.7840, Cls: 0.9283, Ind: 0.0000, Med: 0.4644, Spu: 0.0000, FD: 0.9276, FDAug: 0.4636, Var: 0.0000, Ctx: 6, MixCtx: 3, Train: 80.84%, Valid: 71.01%, Test In: 71.79% Test OOD1: 62.52% Test OOD2: 53.93% Test OOD3: 58.66% 
Epoch: 341, Loss: 2.8340, Cls: 0.9455, Ind: 0.0000, Med: 0.4734, Spu: 0.0000, FD: 0.9430, FDAug: 0.4722, Var: 0.0000, Ctx: 6, MixCtx: 3, Train: 81.63%, Valid: 72.23%, Test In: 73.39% Test OOD1: 64.98% Test OOD2: 54.03% Test OOD3: 61.31% 
Epoch: 342, Loss: 2.6795, Cls: 0.8917, Ind: 0.0000, Med: 0.4451, Spu: 0.0000, FD: 0.8959, FDAug: 0.4468, Var: 0.0000, Ctx: 6, MixCtx: 3, Train: 80.60%, Valid: 73.04%, Test In: 73.78% Test OOD1: 66.63% Test OOD2: 53.90% Test OOD3: 62.26% 
Epoch: 343, Loss: 2.6740, Cls: 0.8910, Ind: 0.0000, Med: 0.4453, Spu: 0.0000, FD: 0.8921, FDAug: 0.4456, Var: 0.0000, Ctx: 6, MixCtx: 3, Train: 80.72%, Valid: 72.84%, Test In: 73.21% Test OOD1: 65.39% Test OOD2: 53.98% Test OOD3: 60.67% 
Epoch: 344, Loss: 2.7549, Cls: 0.9186, Ind: 0.0000, Med: 0.4595, Spu: 0.0000, FD: 0.9176, FDAug: 0.4592, Var: 0.0000, Ctx: 6, MixCtx: 3, Train: 81.50%, Valid: 73.09%, Test In: 74.09% Test OOD1: 65.80% Test OOD2: 53.98% Test OOD3: 61.67% 
Epoch: 345, Loss: 2.6314, Cls: 0.8766, Ind: 0.0000, Med: 0.4380, Spu: 0.0000, FD: 0.8783, FDAug: 0.4384, Var: 0.0000, Ctx: 6, MixCtx: 3, Train: 80.96%, Valid: 72.50%, Test In: 73.73% Test OOD1: 64.51% Test OOD2: 53.66% Test OOD3: 61.02% 
Epoch: 346, Loss: 2.6740, Cls: 0.8910, Ind: 0.0000, Med: 0.4453, Spu: 0.0000, FD: 0.8921, FDAug: 0.4455, Var: 0.0000, Ctx: 6, MixCtx: 3, Train: 81.51%, Valid: 72.85%, Test In: 73.47% Test OOD1: 64.62% Test OOD2: 53.93% Test OOD3: 60.12% 
Epoch: 347, Loss: 2.6865, Cls: 0.8951, Ind: 0.0000, Med: 0.4474, Spu: 0.0000, FD: 0.8963, FDAug: 0.4478, Var: 0.0000, Ctx: 6, MixCtx: 3, Train: 80.85%, Valid: 73.55%, Test In: 74.24% Test OOD1: 66.90% Test OOD2: 53.83% Test OOD3: 62.08% 
Epoch: 348, Loss: 2.6385, Cls: 0.8796, Ind: 0.0000, Med: 0.4401, Spu: 0.0000, FD: 0.8789, FDAug: 0.4398, Var: 0.0000, Ctx: 6, MixCtx: 3, Train: 81.57%, Valid: 73.33%, Test In: 73.98% Test OOD1: 66.01% Test OOD2: 53.84% Test OOD3: 61.43% 
Epoch: 349, Loss: 2.6076, Cls: 0.8694, Ind: 0.0000, Med: 0.4349, Spu: 0.0000, FD: 0.8688, FDAug: 0.4344, Var: 0.0000, Ctx: 6, MixCtx: 3, Train: 81.16%, Valid: 71.46%, Test In: 72.01% Test OOD1: 62.29% Test OOD2: 53.68% Test OOD3: 58.65% 
Epoch: 350, Loss: 2.6605, Cls: 0.8862, Ind: 0.0000, Med: 0.4428, Spu: 0.0000, FD: 0.8878, FDAug: 0.4436, Var: 0.0000, Ctx: 6, MixCtx: 3, Train: 81.69%, Valid: 72.28%, Test In: 72.95% Test OOD1: 64.46% Test OOD2: 53.84% Test OOD3: 60.36% 
Epoch: 351, Loss: 2.6038, Cls: 0.8680, Ind: 0.0000, Med: 0.4341, Spu: 0.0000, FD: 0.8679, FDAug: 0.4337, Var: 0.0000, Ctx: 6, MixCtx: 3, Train: 80.86%, Valid: 73.10%, Test In: 73.71% Test OOD1: 66.45% Test OOD2: 53.86% Test OOD3: 61.89% 
Epoch: 352, Loss: 2.6441, Cls: 0.8814, Ind: 0.0000, Med: 0.4408, Spu: 0.0000, FD: 0.8810, FDAug: 0.4408, Var: 0.0000, Ctx: 6, MixCtx: 3, Train: 81.88%, Valid: 72.66%, Test In: 73.44% Test OOD1: 65.18% Test OOD2: 54.06% Test OOD3: 60.82% 
Epoch: 353, Loss: 2.6024, Cls: 0.8675, Ind: 0.0000, Med: 0.4339, Spu: 0.0000, FD: 0.8672, FDAug: 0.4337, Var: 0.0000, Ctx: 6, MixCtx: 3, Train: 81.05%, Valid: 71.57%, Test In: 73.01% Test OOD1: 63.24% Test OOD2: 53.84% Test OOD3: 60.18% 
Epoch: 354, Loss: 2.6331, Cls: 0.8774, Ind: 0.0000, Med: 0.4386, Spu: 0.0000, FD: 0.8781, FDAug: 0.4389, Var: 0.0000, Ctx: 6, MixCtx: 3, Train: 81.78%, Valid: 72.97%, Test In: 73.94% Test OOD1: 65.62% Test OOD2: 54.01% Test OOD3: 61.25% 
Epoch: 355, Loss: 2.5845, Cls: 0.8614, Ind: 0.0000, Med: 0.4308, Spu: 0.0000, FD: 0.8615, FDAug: 0.4308, Var: 0.0000, Ctx: 6, MixCtx: 3, Train: 81.51%, Valid: 73.48%, Test In: 74.07% Test OOD1: 66.23% Test OOD2: 53.96% Test OOD3: 61.35% 
Epoch: 356, Loss: 2.6119, Cls: 0.8708, Ind: 0.0000, Med: 0.4356, Spu: 0.0000, FD: 0.8701, FDAug: 0.4353, Var: 0.0000, Ctx: 6, MixCtx: 3, Train: 81.79%, Valid: 73.39%, Test In: 73.99% Test OOD1: 65.80% Test OOD2: 53.92% Test OOD3: 61.23% 
Epoch: 357, Loss: 2.5849, Cls: 0.8615, Ind: 0.0000, Med: 0.4309, Spu: 0.0000, FD: 0.8616, FDAug: 0.4308, Var: 0.0000, Ctx: 6, MixCtx: 3, Train: 81.72%, Valid: 72.26%, Test In: 72.97% Test OOD1: 63.63% Test OOD2: 53.76% Test OOD3: 59.90% 
Epoch: 358, Loss: 2.5959, Cls: 0.8655, Ind: 0.0000, Med: 0.4330, Spu: 0.0000, FD: 0.8650, FDAug: 0.4324, Var: 0.0000, Ctx: 6, MixCtx: 3, Train: 82.06%, Valid: 72.29%, Test In: 72.88% Test OOD1: 64.42% Test OOD2: 53.84% Test OOD3: 60.15% 
Epoch: 359, Loss: 2.5750, Cls: 0.8587, Ind: 0.0000, Med: 0.4297, Spu: 0.0000, FD: 0.8577, FDAug: 0.4289, Var: 0.0000, Ctx: 6, MixCtx: 3, Train: 81.51%, Valid: 72.83%, Test In: 73.44% Test OOD1: 65.93% Test OOD2: 53.81% Test OOD3: 61.57% 
Epoch: 360, Loss: 2.6063, Cls: 0.8688, Ind: 0.0000, Med: 0.4345, Spu: 0.0000, FD: 0.8686, FDAug: 0.4343, Var: 0.0000, Ctx: 6, MixCtx: 3, Train: 82.14%, Valid: 72.39%, Test In: 73.00% Test OOD1: 64.45% Test OOD2: 53.90% Test OOD3: 60.24% 
Epoch: 361, Loss: 2.5714, Cls: 0.8570, Ind: 0.0000, Med: 0.4287, Spu: 0.0000, FD: 0.8570, FDAug: 0.4286, Var: 0.0000, Ctx: 6, MixCtx: 3, Train: 81.78%, Valid: 71.95%, Test In: 72.89% Test OOD1: 63.34% Test OOD2: 53.71% Test OOD3: 59.82% 
Epoch: 362, Loss: 2.5939, Cls: 0.8654, Ind: 0.0000, Med: 0.4332, Spu: 0.0000, FD: 0.8636, FDAug: 0.4317, Var: 0.0000, Ctx: 6, MixCtx: 3, Train: 82.15%, Valid: 73.03%, Test In: 73.50% Test OOD1: 64.97% Test OOD2: 53.85% Test OOD3: 60.28% 
Epoch: 363, Loss: 2.5783, Cls: 0.8584, Ind: 0.0000, Med: 0.4290, Spu: 0.0000, FD: 0.8604, FDAug: 0.4304, Var: 0.0000, Ctx: 6, MixCtx: 3, Train: 81.92%, Valid: 73.34%, Test In: 74.00% Test OOD1: 65.98% Test OOD2: 53.86% Test OOD3: 61.28% 
Epoch: 364, Loss: 2.5949, Cls: 0.8655, Ind: 0.0000, Med: 0.4332, Spu: 0.0000, FD: 0.8640, FDAug: 0.4321, Var: 0.0000, Ctx: 6, MixCtx: 3, Train: 82.15%, Valid: 71.92%, Test In: 72.76% Test OOD1: 63.64% Test OOD2: 53.89% Test OOD3: 59.42% 
Epoch: 365, Loss: 2.5825, Cls: 0.8602, Ind: 0.0000, Med: 0.4300, Spu: 0.0000, FD: 0.8614, FDAug: 0.4309, Var: 0.0000, Ctx: 6, MixCtx: 3, Train: 82.11%, Valid: 71.73%, Test In: 72.93% Test OOD1: 63.91% Test OOD2: 53.89% Test OOD3: 60.20% 
Epoch: 366, Loss: 2.5910, Cls: 0.8645, Ind: 0.0000, Med: 0.4327, Spu: 0.0000, FD: 0.8627, FDAug: 0.4311, Var: 0.0000, Ctx: 6, MixCtx: 3, Train: 81.78%, Valid: 72.78%, Test In: 73.31% Test OOD1: 65.36% Test OOD2: 53.86% Test OOD3: 60.71% 
Epoch: 367, Loss: 2.6039, Cls: 0.8676, Ind: 0.0000, Med: 0.4337, Spu: 0.0000, FD: 0.8683, FDAug: 0.4343, Var: 0.0000, Ctx: 6, MixCtx: 3, Train: 82.28%, Valid: 72.90%, Test In: 73.60% Test OOD1: 65.48% Test OOD2: 53.81% Test OOD3: 61.08% 
Epoch: 368, Loss: 2.5670, Cls: 0.8556, Ind: 0.0000, Med: 0.4278, Spu: 0.0000, FD: 0.8557, FDAug: 0.4279, Var: 0.0000, Ctx: 6, MixCtx: 3, Train: 81.84%, Valid: 71.50%, Test In: 72.23% Test OOD1: 62.57% Test OOD2: 53.59% Test OOD3: 58.84% 
Epoch: 369, Loss: 2.5882, Cls: 0.8632, Ind: 0.0000, Med: 0.4320, Spu: 0.0000, FD: 0.8619, FDAug: 0.4310, Var: 0.0000, Ctx: 6, MixCtx: 3, Train: 82.41%, Valid: 72.49%, Test In: 73.09% Test OOD1: 64.54% Test OOD2: 53.71% Test OOD3: 60.14% 
Epoch: 370, Loss: 2.5487, Cls: 0.8498, Ind: 0.0000, Med: 0.4251, Spu: 0.0000, FD: 0.8492, FDAug: 0.4246, Var: 0.0000, Ctx: 6, MixCtx: 3, Train: 82.02%, Valid: 73.06%, Test In: 73.59% Test OOD1: 65.80% Test OOD2: 53.67% Test OOD3: 61.17% 
Epoch: 371, Loss: 2.5730, Cls: 0.8576, Ind: 0.0000, Med: 0.4289, Spu: 0.0000, FD: 0.8577, FDAug: 0.4289, Var: 0.0000, Ctx: 6, MixCtx: 3, Train: 82.61%, Valid: 72.22%, Test In: 72.77% Test OOD1: 64.04% Test OOD2: 53.77% Test OOD3: 59.78% 
Epoch: 372, Loss: 2.5557, Cls: 0.8525, Ind: 0.0000, Med: 0.4266, Spu: 0.0000, FD: 0.8510, FDAug: 0.4256, Var: 0.0000, Ctx: 6, MixCtx: 3, Train: 82.17%, Valid: 71.39%, Test In: 72.50% Test OOD1: 63.25% Test OOD2: 53.67% Test OOD3: 59.75% 
Epoch: 373, Loss: 2.6040, Cls: 0.8677, Ind: 0.0000, Med: 0.4338, Spu: 0.0000, FD: 0.8685, FDAug: 0.4340, Var: 0.0000, Ctx: 6, MixCtx: 3, Train: 82.13%, Valid: 72.57%, Test In: 72.90% Test OOD1: 64.85% Test OOD2: 53.77% Test OOD3: 60.01% 
Epoch: 374, Loss: 2.6324, Cls: 0.8770, Ind: 0.0000, Med: 0.4384, Spu: 0.0000, FD: 0.8778, FDAug: 0.4391, Var: 0.0000, Ctx: 6, MixCtx: 3, Train: 81.93%, Valid: 73.11%, Test In: 74.03% Test OOD1: 66.31% Test OOD2: 53.76% Test OOD3: 61.87% 
Epoch: 375, Loss: 2.6874, Cls: 0.8966, Ind: 0.0000, Med: 0.4488, Spu: 0.0000, FD: 0.8946, FDAug: 0.4473, Var: 0.0000, Ctx: 6, MixCtx: 3, Train: 82.16%, Valid: 71.19%, Test In: 72.02% Test OOD1: 62.57% Test OOD2: 53.80% Test OOD3: 58.56% 
Epoch: 376, Loss: 2.6697, Cls: 0.8899, Ind: 0.0000, Med: 0.4451, Spu: 0.0000, FD: 0.8895, FDAug: 0.4452, Var: 0.0000, Ctx: 6, MixCtx: 3, Train: 82.26%, Valid: 71.54%, Test In: 72.80% Test OOD1: 63.62% Test OOD2: 53.78% Test OOD3: 60.06% 
Epoch: 377, Loss: 2.5970, Cls: 0.8654, Ind: 0.0000, Med: 0.4326, Spu: 0.0000, FD: 0.8663, FDAug: 0.4327, Var: 0.0000, Ctx: 6, MixCtx: 3, Train: 82.09%, Valid: 73.01%, Test In: 73.61% Test OOD1: 66.02% Test OOD2: 53.79% Test OOD3: 61.36% 
Epoch: 378, Loss: 2.5702, Cls: 0.8569, Ind: 0.0000, Med: 0.4286, Spu: 0.0000, FD: 0.8565, FDAug: 0.4282, Var: 0.0000, Ctx: 6, MixCtx: 3, Train: 81.98%, Valid: 72.80%, Test In: 73.06% Test OOD1: 65.23% Test OOD2: 53.69% Test OOD3: 60.33% 
Epoch: 379, Loss: 2.6237, Cls: 0.8744, Ind: 0.0000, Med: 0.4372, Spu: 0.0000, FD: 0.8746, FDAug: 0.4375, Var: 0.0000, Ctx: 6, MixCtx: 3, Train: 82.30%, Valid: 72.22%, Test In: 73.28% Test OOD1: 64.48% Test OOD2: 53.59% Test OOD3: 60.50% 
Epoch: 380, Loss: 2.6165, Cls: 0.8719, Ind: 0.0000, Med: 0.4359, Spu: 0.0000, FD: 0.8726, FDAug: 0.4360, Var: 0.0000, Ctx: 6, MixCtx: 3, Train: 82.63%, Valid: 71.93%, Test In: 72.68% Test OOD1: 63.35% Test OOD2: 53.64% Test OOD3: 59.13% 
Epoch: 381, Loss: 2.5719, Cls: 0.8574, Ind: 0.0000, Med: 0.4288, Spu: 0.0000, FD: 0.8570, FDAug: 0.4286, Var: 0.0000, Ctx: 6, MixCtx: 3, Train: 82.62%, Valid: 72.87%, Test In: 73.52% Test OOD1: 65.44% Test OOD2: 53.76% Test OOD3: 60.77% 
Epoch: 382, Loss: 2.5379, Cls: 0.8460, Ind: 0.0000, Med: 0.4231, Spu: 0.0000, FD: 0.8458, FDAug: 0.4229, Var: 0.0000, Ctx: 6, MixCtx: 3, Train: 82.42%, Valid: 72.94%, Test In: 73.70% Test OOD1: 65.87% Test OOD2: 53.74% Test OOD3: 61.31% 
Epoch: 383, Loss: 2.5647, Cls: 0.8553, Ind: 0.0000, Med: 0.4279, Spu: 0.0000, FD: 0.8542, FDAug: 0.4272, Var: 0.0000, Ctx: 6, MixCtx: 3, Train: 82.78%, Valid: 71.68%, Test In: 72.37% Test OOD1: 63.27% Test OOD2: 53.72% Test OOD3: 58.87% 
Epoch: 384, Loss: 2.5737, Cls: 0.8575, Ind: 0.0000, Med: 0.4286, Spu: 0.0000, FD: 0.8582, FDAug: 0.4293, Var: 0.0000, Ctx: 6, MixCtx: 3, Train: 82.67%, Valid: 71.74%, Test In: 72.79% Test OOD1: 63.72% Test OOD2: 53.73% Test OOD3: 59.78% 
Epoch: 385, Loss: 2.5645, Cls: 0.8554, Ind: 0.0000, Med: 0.4281, Spu: 0.0000, FD: 0.8542, FDAug: 0.4268, Var: 0.0000, Ctx: 6, MixCtx: 3, Train: 82.66%, Valid: 72.76%, Test In: 73.32% Test OOD1: 65.24% Test OOD2: 53.74% Test OOD3: 60.42% 
Epoch: 386, Loss: 2.5370, Cls: 0.8455, Ind: 0.0000, Med: 0.4228, Spu: 0.0000, FD: 0.8456, FDAug: 0.4230, Var: 0.0000, Ctx: 6, MixCtx: 3, Train: 82.85%, Valid: 72.73%, Test In: 73.41% Test OOD1: 65.17% Test OOD2: 53.78% Test OOD3: 60.32% 
Epoch: 387, Loss: 2.5280, Cls: 0.8425, Ind: 0.0000, Med: 0.4213, Spu: 0.0000, FD: 0.8426, FDAug: 0.4215, Var: 0.0000, Ctx: 6, MixCtx: 3, Train: 82.67%, Valid: 71.88%, Test In: 73.01% Test OOD1: 63.68% Test OOD2: 53.64% Test OOD3: 59.59% 
Epoch: 388, Loss: 2.5446, Cls: 0.8482, Ind: 0.0000, Med: 0.4243, Spu: 0.0000, FD: 0.8481, FDAug: 0.4240, Var: 0.0000, Ctx: 6, MixCtx: 3, Train: 82.99%, Valid: 71.91%, Test In: 72.54% Test OOD1: 63.13% Test OOD2: 53.63% Test OOD3: 58.55% 
Epoch: 389, Loss: 2.5534, Cls: 0.8513, Ind: 0.0000, Med: 0.4259, Spu: 0.0000, FD: 0.8505, FDAug: 0.4257, Var: 0.0000, Ctx: 6, MixCtx: 3, Train: 82.76%, Valid: 72.91%, Test In: 73.63% Test OOD1: 65.58% Test OOD2: 53.64% Test OOD3: 60.89% 
Epoch: 390, Loss: 2.5880, Cls: 0.8621, Ind: 0.0000, Med: 0.4309, Spu: 0.0000, FD: 0.8634, FDAug: 0.4317, Var: 0.0000, Ctx: 6, MixCtx: 3, Train: 82.63%, Valid: 71.58%, Test In: 72.02% Test OOD1: 63.31% Test OOD2: 53.69% Test OOD3: 58.48% 
Epoch: 391, Loss: 2.5961, Cls: 0.8661, Ind: 0.0000, Med: 0.4337, Spu: 0.0000, FD: 0.8639, FDAug: 0.4324, Var: 0.0000, Ctx: 6, MixCtx: 3, Train: 82.98%, Valid: 71.62%, Test In: 72.76% Test OOD1: 63.93% Test OOD2: 53.71% Test OOD3: 59.92% 
Epoch: 392, Loss: 2.5913, Cls: 0.8625, Ind: 0.0000, Med: 0.4307, Spu: 0.0000, FD: 0.8657, FDAug: 0.4324, Var: 0.0000, Ctx: 6, MixCtx: 3, Train: 83.08%, Valid: 72.38%, Test In: 72.85% Test OOD1: 64.02% Test OOD2: 53.59% Test OOD3: 59.27% 
Epoch: 393, Loss: 2.5326, Cls: 0.8450, Ind: 0.0000, Med: 0.4231, Spu: 0.0000, FD: 0.8428, FDAug: 0.4217, Var: 0.0000, Ctx: 6, MixCtx: 3, Train: 82.94%, Valid: 72.88%, Test In: 73.44% Test OOD1: 65.15% Test OOD2: 53.50% Test OOD3: 60.22% 
Epoch: 394, Loss: 2.5166, Cls: 0.8389, Ind: 0.0000, Med: 0.4196, Spu: 0.0000, FD: 0.8387, FDAug: 0.4194, Var: 0.0000, Ctx: 6, MixCtx: 3, Train: 82.99%, Valid: 72.23%, Test In: 73.14% Test OOD1: 64.54% Test OOD2: 53.50% Test OOD3: 59.92% 
Epoch: 395, Loss: 2.5170, Cls: 0.8390, Ind: 0.0000, Med: 0.4196, Spu: 0.0000, FD: 0.8390, FDAug: 0.4195, Var: 0.0000, Ctx: 6, MixCtx: 3, Train: 83.14%, Valid: 71.49%, Test In: 72.30% Test OOD1: 63.11% Test OOD2: 53.54% Test OOD3: 58.53% 
Epoch: 396, Loss: 2.5279, Cls: 0.8424, Ind: 0.0000, Med: 0.4213, Spu: 0.0000, FD: 0.8427, FDAug: 0.4215, Var: 0.0000, Ctx: 6, MixCtx: 3, Train: 83.03%, Valid: 72.48%, Test In: 73.31% Test OOD1: 65.02% Test OOD2: 53.52% Test OOD3: 60.51% 
Epoch: 397, Loss: 2.5457, Cls: 0.8495, Ind: 0.0000, Med: 0.4254, Spu: 0.0000, FD: 0.8473, FDAug: 0.4234, Var: 0.0000, Ctx: 6, MixCtx: 3, Train: 83.01%, Valid: 71.55%, Test In: 72.20% Test OOD1: 63.61% Test OOD2: 53.54% Test OOD3: 58.98% 
Epoch: 398, Loss: 2.5457, Cls: 0.8474, Ind: 0.0000, Med: 0.4233, Spu: 0.0000, FD: 0.8498, FDAug: 0.4252, Var: 0.0000, Ctx: 6, MixCtx: 3, Train: 83.04%, Valid: 71.32%, Test In: 72.58% Test OOD1: 63.72% Test OOD2: 53.63% Test OOD3: 59.70% 
Epoch: 399, Loss: 2.5538, Cls: 0.8527, Ind: 0.0000, Med: 0.4272, Spu: 0.0000, FD: 0.8493, FDAug: 0.4245, Var: 0.0000, Ctx: 6, MixCtx: 3, Train: 83.30%, Valid: 72.40%, Test In: 72.92% Test OOD1: 64.22% Test OOD2: 53.45% Test OOD3: 59.27% 
Epoch: 400, Loss: 2.5389, Cls: 0.8449, Ind: 0.0000, Med: 0.4220, Spu: 0.0000, FD: 0.8477, FDAug: 0.4243, Var: 0.0000, Ctx: 6, MixCtx: 3, Train: 82.79%, Valid: 72.97%, Test In: 73.76% Test OOD1: 65.45% Test OOD2: 53.41% Test OOD3: 60.72% 
Epoch: 401, Loss: 2.5578, Cls: 0.8530, Ind: 0.0000, Med: 0.4268, Spu: 0.0000, FD: 0.8521, FDAug: 0.4260, Var: 0.0000, Ctx: 6, MixCtx: 3, Train: 83.22%, Valid: 71.39%, Test In: 72.33% Test OOD1: 62.89% Test OOD2: 53.54% Test OOD3: 58.43% 
Epoch: 402, Loss: 2.5413, Cls: 0.8472, Ind: 0.0000, Med: 0.4238, Spu: 0.0000, FD: 0.8466, FDAug: 0.4237, Var: 0.0000, Ctx: 6, MixCtx: 3, Train: 83.32%, Valid: 71.60%, Test In: 72.81% Test OOD1: 64.11% Test OOD2: 53.63% Test OOD3: 59.98% 
Epoch: 403, Loss: 2.5198, Cls: 0.8398, Ind: 0.0000, Med: 0.4199, Spu: 0.0000, FD: 0.8402, FDAug: 0.4198, Var: 0.0000, Ctx: 6, MixCtx: 3, Train: 83.12%, Valid: 72.32%, Test In: 72.69% Test OOD1: 64.35% Test OOD2: 53.34% Test OOD3: 59.55% 
Epoch: 404, Loss: 2.5087, Cls: 0.8364, Ind: 0.0000, Med: 0.4185, Spu: 0.0000, FD: 0.8358, FDAug: 0.4180, Var: 0.0000, Ctx: 6, MixCtx: 3, Train: 83.49%, Valid: 72.13%, Test In: 72.66% Test OOD1: 63.87% Test OOD2: 53.30% Test OOD3: 59.15% 
Epoch: 405, Loss: 2.4861, Cls: 0.8287, Ind: 0.0000, Med: 0.4145, Spu: 0.0000, FD: 0.8287, FDAug: 0.4143, Var: 0.0000, Ctx: 6, MixCtx: 3, Train: 83.27%, Valid: 71.35%, Test In: 72.42% Test OOD1: 63.18% Test OOD2: 53.41% Test OOD3: 58.78% 
Epoch: 406, Loss: 2.5007, Cls: 0.8332, Ind: 0.0000, Med: 0.4166, Spu: 0.0000, FD: 0.8339, FDAug: 0.4169, Var: 0.0000, Ctx: 6, MixCtx: 3, Train: 83.57%, Valid: 72.03%, Test In: 72.79% Test OOD1: 64.01% Test OOD2: 53.45% Test OOD3: 58.97% 
Epoch: 407, Loss: 2.5211, Cls: 0.8404, Ind: 0.0000, Med: 0.4204, Spu: 0.0000, FD: 0.8398, FDAug: 0.4203, Var: 0.0000, Ctx: 6, MixCtx: 3, Train: 83.12%, Valid: 72.49%, Test In: 73.53% Test OOD1: 65.03% Test OOD2: 53.42% Test OOD3: 60.57% 
Epoch: 408, Loss: 2.5830, Cls: 0.8607, Ind: 0.0000, Med: 0.4303, Spu: 0.0000, FD: 0.8615, FDAug: 0.4305, Var: 0.0000, Ctx: 6, MixCtx: 3, Train: 82.89%, Valid: 70.36%, Test In: 71.34% Test OOD1: 61.75% Test OOD2: 53.43% Test OOD3: 57.34% 
Epoch: 409, Loss: 2.6390, Cls: 0.8799, Ind: 0.0000, Med: 0.4402, Spu: 0.0000, FD: 0.8788, FDAug: 0.4401, Var: 0.0000, Ctx: 6, MixCtx: 3, Train: 83.45%, Valid: 71.69%, Test In: 72.92% Test OOD1: 64.49% Test OOD2: 53.63% Test OOD3: 60.42% 
Epoch: 410, Loss: 2.5950, Cls: 0.8654, Ind: 0.0000, Med: 0.4329, Spu: 0.0000, FD: 0.8650, FDAug: 0.4317, Var: 0.0000, Ctx: 6, MixCtx: 3, Train: 83.12%, Valid: 72.37%, Test In: 72.79% Test OOD1: 64.63% Test OOD2: 53.38% Test OOD3: 59.86% 
Epoch: 411, Loss: 2.5070, Cls: 0.8356, Ind: 0.0000, Med: 0.4179, Spu: 0.0000, FD: 0.8357, FDAug: 0.4178, Var: 0.0000, Ctx: 6, MixCtx: 3, Train: 83.72%, Valid: 71.94%, Test In: 72.48% Test OOD1: 63.64% Test OOD2: 53.34% Test OOD3: 58.65% 
Epoch: 412, Loss: 2.5165, Cls: 0.8389, Ind: 0.0000, Med: 0.4196, Spu: 0.0000, FD: 0.8384, FDAug: 0.4195, Var: 0.0000, Ctx: 6, MixCtx: 3, Train: 82.56%, Valid: 71.48%, Test In: 72.80% Test OOD1: 63.77% Test OOD2: 53.27% Test OOD3: 59.83% 
Epoch: 413, Loss: 2.6727, Cls: 0.8903, Ind: 0.0001, Med: 0.4449, Spu: 0.0000, FD: 0.8916, FDAug: 0.4458, Var: 0.0000, Ctx: 6, MixCtx: 3, Train: 83.39%, Valid: 71.85%, Test In: 72.18% Test OOD1: 62.97% Test OOD2: 53.15% Test OOD3: 57.78% 
Epoch: 414, Loss: 2.6606, Cls: 0.8868, Ind: 0.0000, Med: 0.4436, Spu: 0.0000, FD: 0.8862, FDAug: 0.4440, Var: 0.0000, Ctx: 6, MixCtx: 3, Train: 82.65%, Valid: 73.10%, Test In: 73.70% Test OOD1: 65.72% Test OOD2: 53.27% Test OOD3: 60.90% 
Epoch: 415, Loss: 2.5784, Cls: 0.8592, Ind: 0.0000, Med: 0.4295, Spu: 0.0000, FD: 0.8600, FDAug: 0.4296, Var: 0.0000, Ctx: 6, MixCtx: 3, Train: 83.61%, Valid: 71.99%, Test In: 72.93% Test OOD1: 64.46% Test OOD2: 53.57% Test OOD3: 60.07% 
Epoch: 416, Loss: 2.5196, Cls: 0.8394, Ind: 0.0000, Med: 0.4194, Spu: 0.0000, FD: 0.8410, FDAug: 0.4196, Var: 0.0000, Ctx: 6, MixCtx: 3, Train: 82.65%, Valid: 70.16%, Test In: 71.24% Test OOD1: 62.12% Test OOD2: 53.56% Test OOD3: 57.86% 
Epoch: 417, Loss: 2.5946, Cls: 0.8645, Ind: 0.0000, Med: 0.4321, Spu: 0.0000, FD: 0.8655, FDAug: 0.4326, Var: 0.0000, Ctx: 6, MixCtx: 3, Train: 83.76%, Valid: 71.85%, Test In: 72.86% Test OOD1: 64.42% Test OOD2: 53.54% Test OOD3: 59.82% 
Epoch: 418, Loss: 2.4818, Cls: 0.8273, Ind: 0.0000, Med: 0.4137, Spu: 0.0000, FD: 0.8274, FDAug: 0.4133, Var: 0.0000, Ctx: 6, MixCtx: 3, Train: 82.99%, Valid: 72.81%, Test In: 73.49% Test OOD1: 65.40% Test OOD2: 53.25% Test OOD3: 60.52% 
Epoch: 419, Loss: 2.5319, Cls: 0.8442, Ind: 0.0000, Med: 0.4224, Spu: 0.0000, FD: 0.8433, FDAug: 0.4219, Var: 0.0000, Ctx: 6, MixCtx: 3, Train: 83.65%, Valid: 71.35%, Test In: 72.07% Test OOD1: 62.66% Test OOD2: 53.13% Test OOD3: 57.88% 
Epoch: 420, Loss: 2.5854, Cls: 0.8602, Ind: 0.0000, Med: 0.4295, Spu: 0.0000, FD: 0.8635, FDAug: 0.4322, Var: 0.0000, Ctx: 6, MixCtx: 3, Train: 82.81%, Valid: 71.30%, Test In: 72.73% Test OOD1: 63.76% Test OOD2: 53.37% Test OOD3: 59.98% 
Epoch: 421, Loss: 2.6213, Cls: 0.8748, Ind: 0.0000, Med: 0.4380, Spu: 0.0000, FD: 0.8722, FDAug: 0.4362, Var: 0.0000, Ctx: 6, MixCtx: 3, Train: 83.37%, Valid: 72.24%, Test In: 72.83% Test OOD1: 64.79% Test OOD2: 53.43% Test OOD3: 60.05% 
Epoch: 422, Loss: 2.5317, Cls: 0.8433, Ind: 0.0000, Med: 0.4214, Spu: 0.0000, FD: 0.8446, FDAug: 0.4224, Var: 0.0000, Ctx: 6, MixCtx: 3, Train: 83.12%, Valid: 72.40%, Test In: 73.08% Test OOD1: 65.17% Test OOD2: 53.50% Test OOD3: 60.72% 
Epoch: 423, Loss: 2.5099, Cls: 0.8367, Ind: 0.0000, Med: 0.4184, Spu: 0.0000, FD: 0.8367, FDAug: 0.4182, Var: 0.0000, Ctx: 6, MixCtx: 3, Train: 83.46%, Valid: 71.95%, Test In: 73.24% Test OOD1: 64.67% Test OOD2: 53.60% Test OOD3: 60.81% 
Epoch: 424, Loss: 2.5394, Cls: 0.8458, Ind: 0.0000, Med: 0.4225, Spu: 0.0000, FD: 0.8478, FDAug: 0.4233, Var: 0.0000, Ctx: 6, MixCtx: 3, Train: 83.57%, Valid: 71.36%, Test In: 72.42% Test OOD1: 62.83% Test OOD2: 53.43% Test OOD3: 58.89% 
Epoch: 425, Loss: 2.5008, Cls: 0.8341, Ind: 0.0000, Med: 0.4174, Spu: 0.0000, FD: 0.8330, FDAug: 0.4162, Var: 0.0000, Ctx: 6, MixCtx: 3, Train: 83.94%, Valid: 72.16%, Test In: 72.75% Test OOD1: 63.77% Test OOD2: 53.22% Test OOD3: 58.80% 
Epoch: 426, Loss: 2.4781, Cls: 0.8270, Ind: 0.0000, Med: 0.4142, Spu: 0.0000, FD: 0.8245, FDAug: 0.4124, Var: 0.0000, Ctx: 6, MixCtx: 3, Train: 83.13%, Valid: 72.67%, Test In: 73.32% Test OOD1: 65.12% Test OOD2: 53.13% Test OOD3: 59.99% 
Epoch: 427, Loss: 2.5385, Cls: 0.8445, Ind: 0.0000, Med: 0.4217, Spu: 0.0000, FD: 0.8478, FDAug: 0.4244, Var: 0.0000, Ctx: 6, MixCtx: 3, Train: 83.25%, Valid: 70.22%, Test In: 71.11% Test OOD1: 61.06% Test OOD2: 53.09% Test OOD3: 56.58% 
Epoch: 428, Loss: 2.5141, Cls: 0.8387, Ind: 0.0000, Med: 0.4198, Spu: 0.0000, FD: 0.8369, FDAug: 0.4187, Var: 0.0000, Ctx: 6, MixCtx: 3, Train: 83.77%, Valid: 70.90%, Test In: 72.03% Test OOD1: 62.58% Test OOD2: 53.26% Test OOD3: 58.20% 
Epoch: 429, Loss: 2.4856, Cls: 0.8285, Ind: 0.0000, Med: 0.4143, Spu: 0.0000, FD: 0.8286, FDAug: 0.4142, Var: 0.0000, Ctx: 6, MixCtx: 3, Train: 83.48%, Valid: 72.21%, Test In: 72.73% Test OOD1: 64.45% Test OOD2: 53.18% Test OOD3: 59.48% 
Epoch: 430, Loss: 2.4873, Cls: 0.8286, Ind: 0.0001, Med: 0.4142, Spu: 0.0000, FD: 0.8295, FDAug: 0.4149, Var: 0.0000, Ctx: 6, MixCtx: 3, Train: 83.99%, Valid: 72.06%, Test In: 73.02% Test OOD1: 64.44% Test OOD2: 53.39% Test OOD3: 59.85% 
Epoch: 431, Loss: 2.4524, Cls: 0.8175, Ind: 0.0001, Med: 0.4089, Spu: 0.0000, FD: 0.8173, FDAug: 0.4087, Var: 0.0000, Ctx: 6, MixCtx: 3, Train: 83.34%, Valid: 70.98%, Test In: 72.43% Test OOD1: 62.72% Test OOD2: 53.41% Test OOD3: 59.12% 
Epoch: 432, Loss: 2.4903, Cls: 0.8306, Ind: 0.0000, Med: 0.4157, Spu: 0.0000, FD: 0.8294, FDAug: 0.4146, Var: 0.0000, Ctx: 6, MixCtx: 3, Train: 83.97%, Valid: 71.76%, Test In: 72.77% Test OOD1: 63.49% Test OOD2: 53.27% Test OOD3: 59.29% 
Epoch: 433, Loss: 2.4549, Cls: 0.8181, Ind: 0.0000, Med: 0.4091, Spu: 0.0000, FD: 0.8184, FDAug: 0.4093, Var: 0.0000, Ctx: 6, MixCtx: 3, Train: 83.76%, Valid: 72.51%, Test In: 73.04% Test OOD1: 64.73% Test OOD2: 53.12% Test OOD3: 59.96% 
Epoch: 434, Loss: 2.4681, Cls: 0.8223, Ind: 0.0000, Med: 0.4112, Spu: 0.0000, FD: 0.8229, FDAug: 0.4116, Var: 0.0000, Ctx: 6, MixCtx: 3, Train: 84.23%, Valid: 71.26%, Test In: 72.02% Test OOD1: 63.06% Test OOD2: 53.20% Test OOD3: 58.70% 
Epoch: 435, Loss: 2.4362, Cls: 0.8120, Ind: 0.0001, Med: 0.4061, Spu: 0.0000, FD: 0.8120, FDAug: 0.4061, Var: 0.0000, Ctx: 6, MixCtx: 3, Train: 83.79%, Valid: 70.37%, Test In: 71.44% Test OOD1: 61.75% Test OOD2: 53.17% Test OOD3: 58.00% 
Epoch: 436, Loss: 2.4763, Cls: 0.8257, Ind: 0.0001, Med: 0.4131, Spu: 0.0000, FD: 0.8250, FDAug: 0.4124, Var: 0.0000, Ctx: 6, MixCtx: 3, Train: 84.04%, Valid: 71.78%, Test In: 72.14% Test OOD1: 63.28% Test OOD2: 52.97% Test OOD3: 58.32% 
Epoch: 437, Loss: 2.4625, Cls: 0.8206, Ind: 0.0001, Med: 0.4104, Spu: 0.0000, FD: 0.8208, FDAug: 0.4106, Var: 0.0000, Ctx: 6, MixCtx: 3, Train: 84.18%, Valid: 72.23%, Test In: 73.00% Test OOD1: 64.27% Test OOD2: 53.17% Test OOD3: 59.52% 
Epoch: 438, Loss: 2.4583, Cls: 0.8187, Ind: 0.0000, Med: 0.4092, Spu: 0.0000, FD: 0.8203, FDAug: 0.4101, Var: 0.0000, Ctx: 6, MixCtx: 3, Train: 83.60%, Valid: 70.17%, Test In: 71.38% Test OOD1: 61.36% Test OOD2: 53.24% Test OOD3: 57.48% 
Epoch: 439, Loss: 2.4913, Cls: 0.8312, Ind: 0.0000, Med: 0.4162, Spu: 0.0000, FD: 0.8291, FDAug: 0.4147, Var: 0.0000, Ctx: 6, MixCtx: 3, Train: 84.33%, Valid: 71.49%, Test In: 72.63% Test OOD1: 63.53% Test OOD2: 53.30% Test OOD3: 59.35% 
Epoch: 440, Loss: 2.4476, Cls: 0.8154, Ind: 0.0000, Med: 0.4076, Spu: 0.0000, FD: 0.8165, FDAug: 0.4081, Var: 0.0000, Ctx: 6, MixCtx: 3, Train: 83.96%, Valid: 72.16%, Test In: 72.51% Test OOD1: 63.77% Test OOD2: 52.91% Test OOD3: 59.08% 
Epoch: 441, Loss: 2.4563, Cls: 0.8187, Ind: 0.0000, Med: 0.4095, Spu: 0.0000, FD: 0.8187, FDAug: 0.4094, Var: 0.0000, Ctx: 6, MixCtx: 3, Train: 84.59%, Valid: 71.25%, Test In: 72.08% Test OOD1: 63.01% Test OOD2: 53.14% Test OOD3: 58.70% 
Epoch: 442, Loss: 2.4129, Cls: 0.8043, Ind: 0.0001, Med: 0.4023, Spu: 0.0000, FD: 0.8041, FDAug: 0.4021, Var: 0.0000, Ctx: 6, MixCtx: 3, Train: 84.09%, Valid: 70.61%, Test In: 71.88% Test OOD1: 62.60% Test OOD2: 53.20% Test OOD3: 58.83% 
Epoch: 443, Loss: 2.4612, Cls: 0.8206, Ind: 0.0000, Med: 0.4105, Spu: 0.0000, FD: 0.8201, FDAug: 0.4100, Var: 0.0000, Ctx: 6, MixCtx: 3, Train: 84.04%, Valid: 71.57%, Test In: 71.73% Test OOD1: 62.63% Test OOD2: 52.67% Test OOD3: 57.81% 
Epoch: 444, Loss: 2.5316, Cls: 0.8429, Ind: 0.0000, Med: 0.4212, Spu: 0.0000, FD: 0.8447, FDAug: 0.4229, Var: 0.0000, Ctx: 6, MixCtx: 3, Train: 83.66%, Valid: 72.27%, Test In: 73.24% Test OOD1: 64.64% Test OOD2: 53.06% Test OOD3: 60.37% 
Epoch: 445, Loss: 2.6565, Cls: 0.8861, Ind: 0.0000, Med: 0.4435, Spu: 0.0000, FD: 0.8846, FDAug: 0.4423, Var: 0.0000, Ctx: 6, MixCtx: 3, Train: 82.77%, Valid: 69.25%, Test In: 70.52% Test OOD1: 60.83% Test OOD2: 53.23% Test OOD3: 57.21% 
Epoch: 446, Loss: 2.6017, Cls: 0.8673, Ind: 0.0000, Med: 0.4339, Spu: 0.0000, FD: 0.8667, FDAug: 0.4337, Var: 0.0000, Ctx: 6, MixCtx: 3, Train: 83.05%, Valid: 69.92%, Test In: 71.59% Test OOD1: 62.57% Test OOD2: 53.55% Test OOD3: 59.15% 
Epoch: 447, Loss: 2.5164, Cls: 0.8387, Ind: 0.0000, Med: 0.4193, Spu: 0.0000, FD: 0.8392, FDAug: 0.4192, Var: 0.0000, Ctx: 6, MixCtx: 3, Train: 83.81%, Valid: 72.25%, Test In: 73.22% Test OOD1: 64.96% Test OOD2: 53.19% Test OOD3: 60.68% 
Epoch: 448, Loss: 2.5158, Cls: 0.8382, Ind: 0.0000, Med: 0.4189, Spu: 0.0000, FD: 0.8395, FDAug: 0.4191, Var: 0.0000, Ctx: 6, MixCtx: 3, Train: 83.74%, Valid: 72.37%, Test In: 72.61% Test OOD1: 63.76% Test OOD2: 52.68% Test OOD3: 58.97% 
Epoch: 449, Loss: 2.4952, Cls: 0.8317, Ind: 0.0000, Med: 0.4159, Spu: 0.0000, FD: 0.8319, FDAug: 0.4157, Var: 0.0000, Ctx: 6, MixCtx: 3, Train: 84.09%, Valid: 71.53%, Test In: 72.03% Test OOD1: 62.77% Test OOD2: 52.84% Test OOD3: 58.14% 
Epoch: 450, Loss: 2.4684, Cls: 0.8227, Ind: 0.0000, Med: 0.4113, Spu: 0.0000, FD: 0.8230, FDAug: 0.4114, Var: 0.0000, Ctx: 6, MixCtx: 3, Train: 83.09%, Valid: 71.09%, Test In: 72.43% Test OOD1: 63.96% Test OOD2: 53.26% Test OOD3: 59.87% 
Epoch: 451, Loss: 2.5820, Cls: 0.8609, Ind: 0.0000, Med: 0.4308, Spu: 0.0000, FD: 0.8598, FDAug: 0.4305, Var: 0.0000, Ctx: 6, MixCtx: 3, Train: 83.72%, Valid: 71.54%, Test In: 71.80% Test OOD1: 63.69% Test OOD2: 52.95% Test OOD3: 58.65% 
Epoch: 452, Loss: 2.5932, Cls: 0.8634, Ind: 0.0000, Med: 0.4314, Spu: 0.0000, FD: 0.8652, FDAug: 0.4331, Var: 0.0000, Ctx: 6, MixCtx: 3, Train: 83.64%, Valid: 72.19%, Test In: 73.01% Test OOD1: 64.55% Test OOD2: 52.98% Test OOD3: 60.27% 
Epoch: 453, Loss: 2.5363, Cls: 0.8452, Ind: 0.0000, Med: 0.4225, Spu: 0.0000, FD: 0.8462, FDAug: 0.4223, Var: 0.0000, Ctx: 6, MixCtx: 3, Train: 84.22%, Valid: 70.86%, Test In: 72.36% Test OOD1: 63.10% Test OOD2: 53.36% Test OOD3: 59.62% 
Epoch: 454, Loss: 2.5007, Cls: 0.8329, Ind: 0.0000, Med: 0.4161, Spu: 0.0000, FD: 0.8351, FDAug: 0.4166, Var: 0.0000, Ctx: 6, MixCtx: 3, Train: 83.55%, Valid: 70.46%, Test In: 71.75% Test OOD1: 62.48% Test OOD2: 53.48% Test OOD3: 58.52% 
Epoch: 455, Loss: 2.5356, Cls: 0.8452, Ind: 0.0000, Med: 0.4227, Spu: 0.0000, FD: 0.8449, FDAug: 0.4228, Var: 0.0000, Ctx: 6, MixCtx: 3, Train: 83.52%, Valid: 71.74%, Test In: 72.92% Test OOD1: 64.64% Test OOD2: 53.45% Test OOD3: 60.24% 
Epoch: 456, Loss: 2.4802, Cls: 0.8267, Ind: 0.0000, Med: 0.4134, Spu: 0.0000, FD: 0.8266, FDAug: 0.4135, Var: 0.0000, Ctx: 6, MixCtx: 3, Train: 84.18%, Valid: 72.27%, Test In: 73.10% Test OOD1: 64.33% Test OOD2: 53.08% Test OOD3: 59.43% 
Epoch: 457, Loss: 2.4553, Cls: 0.8177, Ind: 0.0000, Med: 0.4086, Spu: 0.0000, FD: 0.8193, FDAug: 0.4096, Var: 0.0000, Ctx: 6, MixCtx: 3, Train: 83.86%, Valid: 71.05%, Test In: 71.47% Test OOD1: 61.29% Test OOD2: 52.55% Test OOD3: 56.83% 
Epoch: 458, Loss: 2.5108, Cls: 0.8370, Ind: 0.0000, Med: 0.4188, Spu: 0.0000, FD: 0.8363, FDAug: 0.4186, Var: 0.0000, Ctx: 6, MixCtx: 3, Train: 84.46%, Valid: 71.46%, Test In: 72.27% Test OOD1: 63.42% Test OOD2: 53.06% Test OOD3: 58.74% 
Epoch: 459, Loss: 2.4330, Cls: 0.8108, Ind: 0.0000, Med: 0.4055, Spu: 0.0000, FD: 0.8112, FDAug: 0.4055, Var: 0.0000, Ctx: 6, MixCtx: 3, Train: 83.87%, Valid: 71.09%, Test In: 72.22% Test OOD1: 64.04% Test OOD2: 53.32% Test OOD3: 59.50% 
Epoch: 460, Loss: 2.4638, Cls: 0.8212, Ind: 0.0000, Med: 0.4107, Spu: 0.0000, FD: 0.8211, FDAug: 0.4107, Var: 0.0000, Ctx: 6, MixCtx: 3, Train: 84.64%, Valid: 71.00%, Test In: 71.81% Test OOD1: 62.56% Test OOD2: 53.20% Test OOD3: 58.04% 
Epoch: 461, Loss: 2.4455, Cls: 0.8150, Ind: 0.0000, Med: 0.4076, Spu: 0.0000, FD: 0.8151, FDAug: 0.4078, Var: 0.0000, Ctx: 6, MixCtx: 3, Train: 84.19%, Valid: 71.87%, Test In: 72.88% Test OOD1: 63.66% Test OOD2: 52.97% Test OOD3: 59.53% 
Epoch: 462, Loss: 2.4762, Cls: 0.8256, Ind: 0.0000, Med: 0.4129, Spu: 0.0000, FD: 0.8254, FDAug: 0.4123, Var: 0.0000, Ctx: 6, MixCtx: 3, Train: 84.56%, Valid: 71.87%, Test In: 72.64% Test OOD1: 63.34% Test OOD2: 52.96% Test OOD3: 58.93% 
Epoch: 463, Loss: 2.4228, Cls: 0.8077, Ind: 0.0000, Med: 0.4040, Spu: 0.0000, FD: 0.8074, FDAug: 0.4037, Var: 0.0000, Ctx: 6, MixCtx: 3, Train: 84.64%, Valid: 71.46%, Test In: 72.25% Test OOD1: 63.36% Test OOD2: 53.25% Test OOD3: 58.66% 
Epoch: 464, Loss: 2.4300, Cls: 0.8097, Ind: 0.0000, Med: 0.4049, Spu: 0.0000, FD: 0.8100, FDAug: 0.4054, Var: 0.0000, Ctx: 6, MixCtx: 3, Train: 84.60%, Valid: 71.30%, Test In: 72.49% Test OOD1: 63.96% Test OOD2: 53.29% Test OOD3: 59.53% 
Epoch: 465, Loss: 2.4781, Cls: 0.8263, Ind: 0.0000, Med: 0.4134, Spu: 0.0000, FD: 0.8256, FDAug: 0.4127, Var: 0.0000, Ctx: 6, MixCtx: 3, Train: 84.24%, Valid: 70.50%, Test In: 70.78% Test OOD1: 61.15% Test OOD2: 52.54% Test OOD3: 56.40% 
Epoch: 466, Loss: 2.4766, Cls: 0.8255, Ind: 0.0000, Med: 0.4129, Spu: 0.0000, FD: 0.8250, FDAug: 0.4131, Var: 0.0000, Ctx: 6, MixCtx: 3, Train: 84.39%, Valid: 71.37%, Test In: 71.87% Test OOD1: 62.58% Test OOD2: 52.72% Test OOD3: 58.08% 
Epoch: 467, Loss: 2.4551, Cls: 0.8180, Ind: 0.0000, Med: 0.4089, Spu: 0.0000, FD: 0.8190, FDAug: 0.4092, Var: 0.0000, Ctx: 6, MixCtx: 3, Train: 85.01%, Valid: 71.06%, Test In: 71.95% Test OOD1: 63.01% Test OOD2: 53.03% Test OOD3: 58.26% 
Epoch: 468, Loss: 2.3841, Cls: 0.7947, Ind: 0.0000, Med: 0.3975, Spu: 0.0000, FD: 0.7946, FDAug: 0.3974, Var: 0.0000, Ctx: 6, MixCtx: 3, Train: 84.62%, Valid: 70.90%, Test In: 71.95% Test OOD1: 63.00% Test OOD2: 53.14% Test OOD3: 58.51% 
Epoch: 469, Loss: 2.4183, Cls: 0.8060, Ind: 0.0000, Med: 0.4031, Spu: 0.0000, FD: 0.8059, FDAug: 0.4032, Var: 0.0000, Ctx: 6, MixCtx: 3, Train: 84.88%, Valid: 71.22%, Test In: 72.20% Test OOD1: 62.93% Test OOD2: 52.93% Test OOD3: 58.87% 
Epoch: 470, Loss: 2.4096, Cls: 0.8033, Ind: 0.0000, Med: 0.4017, Spu: 0.0000, FD: 0.8032, FDAug: 0.4013, Var: 0.0000, Ctx: 6, MixCtx: 3, Train: 84.82%, Valid: 71.09%, Test In: 71.67% Test OOD1: 62.21% Test OOD2: 52.66% Test OOD3: 57.94% 
Epoch: 471, Loss: 2.4155, Cls: 0.8053, Ind: 0.0000, Med: 0.4029, Spu: 0.0000, FD: 0.8048, FDAug: 0.4025, Var: 0.0000, Ctx: 6, MixCtx: 3, Train: 85.20%, Valid: 71.22%, Test In: 72.00% Test OOD1: 63.34% Test OOD2: 53.03% Test OOD3: 58.79% 
Epoch: 472, Loss: 2.3716, Cls: 0.7907, Ind: 0.0000, Med: 0.3955, Spu: 0.0000, FD: 0.7903, FDAug: 0.3951, Var: 0.0000, Ctx: 6, MixCtx: 3, Train: 84.89%, Valid: 70.71%, Test In: 71.81% Test OOD1: 63.19% Test OOD2: 53.11% Test OOD3: 58.74% 
Epoch: 473, Loss: 2.4001, Cls: 0.8003, Ind: 0.0000, Med: 0.4004, Spu: 0.0000, FD: 0.7995, FDAug: 0.3999, Var: 0.0000, Ctx: 6, MixCtx: 3, Train: 85.06%, Valid: 70.67%, Test In: 71.14% Test OOD1: 61.60% Test OOD2: 52.58% Test OOD3: 56.94% 
Epoch: 474, Loss: 2.4186, Cls: 0.8054, Ind: 0.0000, Med: 0.4025, Spu: 0.0000, FD: 0.8069, FDAug: 0.4038, Var: 0.0000, Ctx: 6, MixCtx: 3, Train: 84.35%, Valid: 71.34%, Test In: 72.26% Test OOD1: 63.20% Test OOD2: 52.77% Test OOD3: 59.03% 
Epoch: 475, Loss: 2.5319, Cls: 0.8441, Ind: 0.0000, Med: 0.4222, Spu: 0.0000, FD: 0.8440, FDAug: 0.4217, Var: 0.0000, Ctx: 6, MixCtx: 3, Train: 84.43%, Valid: 70.17%, Test In: 70.80% Test OOD1: 61.44% Test OOD2: 52.75% Test OOD3: 57.04% 
Epoch: 476, Loss: 2.5417, Cls: 0.8472, Ind: 0.0000, Med: 0.4238, Spu: 0.0000, FD: 0.8466, FDAug: 0.4241, Var: 0.0000, Ctx: 6, MixCtx: 3, Train: 84.29%, Valid: 70.38%, Test In: 72.02% Test OOD1: 63.44% Test OOD2: 53.25% Test OOD3: 60.04% 
Epoch: 477, Loss: 2.5549, Cls: 0.8512, Ind: 0.0000, Med: 0.4254, Spu: 0.0000, FD: 0.8526, FDAug: 0.4256, Var: 0.0000, Ctx: 6, MixCtx: 3, Train: 84.86%, Valid: 71.17%, Test In: 71.87% Test OOD1: 62.65% Test OOD2: 52.65% Test OOD3: 58.66% 
Epoch: 478, Loss: 2.4265, Cls: 0.8089, Ind: 0.0000, Med: 0.4046, Spu: 0.0000, FD: 0.8089, FDAug: 0.4040, Var: 0.0000, Ctx: 6, MixCtx: 3, Train: 84.76%, Valid: 71.28%, Test In: 71.60% Test OOD1: 62.21% Test OOD2: 52.37% Test OOD3: 57.68% 
Epoch: 479, Loss: 2.4773, Cls: 0.8274, Ind: 0.0000, Med: 0.4147, Spu: 0.0000, FD: 0.8233, FDAug: 0.4119, Var: 0.0000, Ctx: 6, MixCtx: 3, Train: 84.38%, Valid: 71.48%, Test In: 72.61% Test OOD1: 64.23% Test OOD2: 53.05% Test OOD3: 59.59% 
Epoch: 480, Loss: 2.4902, Cls: 0.8286, Ind: 0.0000, Med: 0.4137, Spu: 0.0000, FD: 0.8320, FDAug: 0.4159, Var: 0.0000, Ctx: 6, MixCtx: 3, Train: 84.27%, Valid: 70.55%, Test In: 71.30% Test OOD1: 62.56% Test OOD2: 52.78% Test OOD3: 57.29% 
Epoch: 481, Loss: 2.6723, Cls: 0.8914, Ind: 0.0000, Med: 0.4467, Spu: 0.0000, FD: 0.8887, FDAug: 0.4453, Var: 0.0000, Ctx: 6, MixCtx: 3, Train: 82.33%, Valid: 69.66%, Test In: 71.63% Test OOD1: 63.27% Test OOD2: 53.20% Test OOD3: 60.08% 
Epoch: 482, Loss: 3.1102, Cls: 1.0362, Ind: 0.0000, Med: 0.5180, Spu: 0.0000, FD: 1.0367, FDAug: 0.5193, Var: 0.0000, Ctx: 6, MixCtx: 3, Train: 83.14%, Valid: 71.39%, Test In: 72.16% Test OOD1: 63.72% Test OOD2: 52.67% Test OOD3: 59.59% 
Epoch: 483, Loss: 2.5801, Cls: 0.8591, Ind: 0.0000, Med: 0.4290, Spu: 0.0000, FD: 0.8622, FDAug: 0.4298, Var: 0.0000, Ctx: 6, MixCtx: 3, Train: 80.38%, Valid: 70.38%, Test In: 70.88% Test OOD1: 62.61% Test OOD2: 52.10% Test OOD3: 58.72% 
Epoch: 484, Loss: 2.9347, Cls: 0.9801, Ind: 0.0000, Med: 0.4913, Spu: 0.0000, FD: 0.9749, FDAug: 0.4884, Var: 0.0000, Ctx: 6, MixCtx: 3, Train: 81.03%, Valid: 71.56%, Test In: 71.99% Test OOD1: 64.01% Test OOD2: 52.46% Test OOD3: 60.01% 
Epoch: 485, Loss: 2.7605, Cls: 0.9202, Ind: 0.0000, Med: 0.4602, Spu: 0.0000, FD: 0.9204, FDAug: 0.4597, Var: 0.0000, Ctx: 6, MixCtx: 3, Train: 81.64%, Valid: 72.35%, Test In: 73.18% Test OOD1: 65.94% Test OOD2: 53.00% Test OOD3: 61.91% 
Epoch: 486, Loss: 2.6893, Cls: 0.8950, Ind: 0.0000, Med: 0.4467, Spu: 0.0000, FD: 0.8993, FDAug: 0.4482, Var: 0.0000, Ctx: 6, MixCtx: 3, Train: 80.49%, Valid: 71.95%, Test In: 73.15% Test OOD1: 66.26% Test OOD2: 53.24% Test OOD3: 62.51% 
Epoch: 487, Loss: 2.8224, Cls: 0.9414, Ind: 0.0000, Med: 0.4710, Spu: 0.0000, FD: 0.9405, FDAug: 0.4695, Var: 0.0000, Ctx: 6, MixCtx: 3, Train: 81.59%, Valid: 72.22%, Test In: 73.04% Test OOD1: 65.48% Test OOD2: 53.05% Test OOD3: 61.40% 
Epoch: 488, Loss: 2.6179, Cls: 0.8715, Ind: 0.0000, Med: 0.4352, Spu: 0.0000, FD: 0.8749, FDAug: 0.4364, Var: 0.0000, Ctx: 6, MixCtx: 3, Train: 81.91%, Valid: 71.37%, Test In: 71.95% Test OOD1: 62.42% Test OOD2: 52.60% Test OOD3: 58.35% 
Epoch: 489, Loss: 2.7618, Cls: 0.9209, Ind: 0.0000, Med: 0.4608, Spu: 0.0000, FD: 0.9198, FDAug: 0.4604, Var: 0.0000, Ctx: 6, MixCtx: 3, Train: 82.35%, Valid: 71.91%, Test In: 72.72% Test OOD1: 63.19% Test OOD2: 52.62% Test OOD3: 58.50% 
Epoch: 490, Loss: 2.6234, Cls: 0.8737, Ind: 0.0000, Med: 0.4366, Spu: 0.0000, FD: 0.8755, FDAug: 0.4375, Var: 0.0000, Ctx: 6, MixCtx: 3, Train: 81.96%, Valid: 72.69%, Test In: 73.75% Test OOD1: 65.59% Test OOD2: 52.86% Test OOD3: 60.49% 
Epoch: 491, Loss: 2.6604, Cls: 0.8870, Ind: 0.0000, Med: 0.4436, Spu: 0.0000, FD: 0.8869, FDAug: 0.4429, Var: 0.0000, Ctx: 6, MixCtx: 3, Train: 83.06%, Valid: 72.45%, Test In: 73.54% Test OOD1: 65.32% Test OOD2: 52.98% Test OOD3: 60.01% 
Epoch: 492, Loss: 2.5877, Cls: 0.8629, Ind: 0.0000, Med: 0.4316, Spu: 0.0000, FD: 0.8626, FDAug: 0.4306, Var: 0.0000, Ctx: 6, MixCtx: 3, Train: 83.87%, Valid: 70.29%, Test In: 71.63% Test OOD1: 62.30% Test OOD2: 52.93% Test OOD3: 57.02% 
Epoch: 493, Loss: 2.5330, Cls: 0.8436, Ind: 0.0000, Med: 0.4215, Spu: 0.0000, FD: 0.8454, FDAug: 0.4225, Var: 0.0000, Ctx: 6, MixCtx: 3, Train: 82.91%, Valid: 69.88%, Test In: 71.25% Test OOD1: 62.54% Test OOD2: 53.13% Test OOD3: 57.68% 
Epoch: 494, Loss: 2.5848, Cls: 0.8605, Ind: 0.0000, Med: 0.4298, Spu: 0.0000, FD: 0.8628, FDAug: 0.4317, Var: 0.0000, Ctx: 6, MixCtx: 3, Train: 83.01%, Valid: 71.18%, Test In: 72.47% Test OOD1: 65.13% Test OOD2: 53.34% Test OOD3: 60.69% 
Epoch: 495, Loss: 2.5357, Cls: 0.8458, Ind: 0.0000, Med: 0.4233, Spu: 0.0000, FD: 0.8445, FDAug: 0.4221, Var: 0.0000, Ctx: 6, MixCtx: 3, Train: 83.63%, Valid: 71.81%, Test In: 72.85% Test OOD1: 65.03% Test OOD2: 53.25% Test OOD3: 60.87% 
Epoch: 496, Loss: 2.5304, Cls: 0.8441, Ind: 0.0000, Med: 0.4225, Spu: 0.0000, FD: 0.8427, FDAug: 0.4210, Var: 0.0000, Ctx: 6, MixCtx: 3, Train: 83.48%, Valid: 71.59%, Test In: 72.35% Test OOD1: 62.95% Test OOD2: 52.88% Test OOD3: 59.35% 
Epoch: 497, Loss: 2.5130, Cls: 0.8373, Ind: 0.0000, Med: 0.4188, Spu: 0.0000, FD: 0.8378, FDAug: 0.4190, Var: 0.0000, Ctx: 6, MixCtx: 3, Train: 83.88%, Valid: 72.04%, Test In: 72.82% Test OOD1: 63.53% Test OOD2: 52.83% Test OOD3: 59.67% 
Epoch: 498, Loss: 2.5173, Cls: 0.8390, Ind: 0.0000, Med: 0.4197, Spu: 0.0000, FD: 0.8388, FDAug: 0.4198, Var: 0.0000, Ctx: 6, MixCtx: 3, Train: 83.60%, Valid: 72.47%, Test In: 73.66% Test OOD1: 65.83% Test OOD2: 53.10% Test OOD3: 61.51% 
Epoch: 499, Loss: 2.4869, Cls: 0.8286, Ind: 0.0000, Med: 0.4142, Spu: 0.0000, FD: 0.8295, FDAug: 0.4146, Var: 0.0000, Ctx: 6, MixCtx: 3, Train: 83.95%, Valid: 71.84%, Test In: 73.31% Test OOD1: 65.16% Test OOD2: 53.31% Test OOD3: 61.05% 
Run 02:
Highest Train: 85.20
Highest Valid: 73.65
Highest In Test: 75.05
Highest OOD Test: 67.97
Highest OOD Test: 55.04
Highest OOD Test: 64.34
Chosen epoch: 205
Final Train: 78.50
Final In Test: 74.93
Final OOD Test: 66.91
Final OOD Test: 54.85
Final OOD Test: 63.73
All runs:
Highest Train: 87.59 ± 3.39
Highest Valid: 73.61 ± 0.05
Highest In Test: 74.98 ± 0.10
Highest OOD Test: 67.97 ± 0.00
Highest OOD Test: 54.85 ± 0.26
Highest OOD Test: 64.46 ± 0.16
  Final Train: 78.64 ± 0.18
   Final In  Test: 74.86 ± 0.09
   Final OOD Test: 67.04 ± 0.18
   Final OOD Test: 54.57 ± 0.40
   Final OOD Test: 63.90 ± 0.24
[INFO] TensorBoard writer closed.

Command: python main_frontdoor.py --dataset twitch --backbone_type gcn --store_result --epochs 500 --runs 2 --num_layers 2 --device 1 --seed 2024 --lr 0.01 --weight_decay 0.0001 --dropout 0.0 --hidden_channels 32 --K 3 --lambda_fd 1.0 --lambda_spu 0.1 --lambda_ind 0.1 --context_gate_temp 1.0 --fd_blend 0.3 --pos_weight 3.0 --result_name twitch_gcn_frontdoor_stage2_lr0.01_weight_decay0.0001_dropout0.0_hidden_channels32_K3_lambda_fd1.0_lambda_spu0.1_lambda_ind0.1_context_gate_temp1.0_fd_blend0.3_pos_weight3.0
Return code: 0
Elapsed: 173.65s
