index,dataset,backbone,stage,result_name,log_file,command,return_code,elapsed_seconds,lr,weight_decay,dropout,hidden_channels,K,lambda_fd,lambda_spu,lambda_ind,context_gate_temp,fd_blend,pos_weight,highest_train,highest_train_std,highest_valid,highest_valid_std,highest_in_test,highest_in_test_std,final_train,final_train_std,final_in_test,final_in_test_std,highest_ood_test_1,highest_ood_test_1_std,highest_ood_test_2,highest_ood_test_2_std,highest_ood_test_3,highest_ood_test_3_std,final_ood_test_1,final_ood_test_1_std,final_ood_test_2,final_ood_test_2_std,final_ood_test_3,final_ood_test_3_std,last_final_ood_test
1,twitch,gcn,stage2,twitch_gcn_frontdoor_stage2_lr0.01_weight_decay0.0001_dropout0.0_hidden_channels32_K3_lambda_fd0.5_lambda_spu0.05_lambda_ind0.05_context_gate_temp0.5_fd_blend0.3_pos_weight3.0,search_logs_frontdoor/twitch/gcn/stage2/001_twitch_gcn_frontdoor_stage2_lr0.01_weight_decay0.0001_dropout0.0_hidden_channels32_K3_lambda_fd0.5_lambda_spu0.05_lambda_ind0.05_context_gate_temp0.5_fd_blend0.3_pos_weight3.0.log,python main_frontdoor.py --dataset twitch --backbone_type gcn --store_result --epochs 500 --runs 2 --num_layers 2 --device 1 --seed 2024 --lr 0.01 --weight_decay 0.0001 --dropout 0.0 --hidden_channels 32 --K 3 --lambda_fd 0.5 --lambda_spu 0.05 --lambda_ind 0.05 --context_gate_temp 0.5 --fd_blend 0.3 --pos_weight 3.0 --result_name twitch_gcn_frontdoor_stage2_lr0.01_weight_decay0.0001_dropout0.0_hidden_channels32_K3_lambda_fd0.5_lambda_spu0.05_lambda_ind0.05_context_gate_temp0.5_fd_blend0.3_pos_weight3.0,0,211.95,0.01,0.0001,0.0,32,3,0.5,0.05,0.05,0.5,0.3,3.0,85.12,2.33,73.46,0.21,74.81,0.03,78.88,0.44,74.58,0.14,68.11,0.44,54.76,0.55,64.31,0.02,67.17,0.35,54.21,0.07,63.73,0.13,63.73
2,twitch,gcn,stage2,twitch_gcn_frontdoor_stage2_lr0.01_weight_decay0.0001_dropout0.0_hidden_channels32_K3_lambda_fd0.5_lambda_spu0.05_lambda_ind0.05_context_gate_temp0.5_fd_blend0.3_pos_weight5.0,search_logs_frontdoor/twitch/gcn/stage2/002_twitch_gcn_frontdoor_stage2_lr0.01_weight_decay0.0001_dropout0.0_hidden_channels32_K3_lambda_fd0.5_lambda_spu0.05_lambda_ind0.05_context_gate_temp0.5_fd_blend0.3_pos_weight5.0.log,python main_frontdoor.py --dataset twitch --backbone_type gcn --store_result --epochs 500 --runs 2 --num_layers 2 --device 1 --seed 2024 --lr 0.01 --weight_decay 0.0001 --dropout 0.0 --hidden_channels 32 --K 3 --lambda_fd 0.5 --lambda_spu 0.05 --lambda_ind 0.05 --context_gate_temp 0.5 --fd_blend 0.3 --pos_weight 5.0 --result_name twitch_gcn_frontdoor_stage2_lr0.01_weight_decay0.0001_dropout0.0_hidden_channels32_K3_lambda_fd0.5_lambda_spu0.05_lambda_ind0.05_context_gate_temp0.5_fd_blend0.3_pos_weight5.0,0,223.22,0.01,0.0001,0.0,32,3,0.5,0.05,0.05,0.5,0.3,5.0,85.0,1.67,73.72,0.14,74.96,0.26,79.46,0.03,74.75,0.02,68.18,0.27,54.94,0.65,64.5,0.02,66.23,0.6,54.47,0.22,63.2,0.04,63.2
3,twitch,gcn,stage2,twitch_gcn_frontdoor_stage2_lr0.01_weight_decay0.0001_dropout0.0_hidden_channels32_K3_lambda_fd0.5_lambda_spu0.05_lambda_ind0.05_context_gate_temp0.5_fd_blend0.3_pos_weight7.0,search_logs_frontdoor/twitch/gcn/stage2/003_twitch_gcn_frontdoor_stage2_lr0.01_weight_decay0.0001_dropout0.0_hidden_channels32_K3_lambda_fd0.5_lambda_spu0.05_lambda_ind0.05_context_gate_temp0.5_fd_blend0.3_pos_weight7.0.log,python main_frontdoor.py --dataset twitch --backbone_type gcn --store_result --epochs 500 --runs 2 --num_layers 2 --device 1 --seed 2024 --lr 0.01 --weight_decay 0.0001 --dropout 0.0 --hidden_channels 32 --K 3 --lambda_fd 0.5 --lambda_spu 0.05 --lambda_ind 0.05 --context_gate_temp 0.5 --fd_blend 0.3 --pos_weight 7.0 --result_name twitch_gcn_frontdoor_stage2_lr0.01_weight_decay0.0001_dropout0.0_hidden_channels32_K3_lambda_fd0.5_lambda_spu0.05_lambda_ind0.05_context_gate_temp0.5_fd_blend0.3_pos_weight7.0,0,163.97,0.01,0.0001,0.0,32,3,0.5,0.05,0.05,0.5,0.3,7.0,84.53,2.0,73.69,0.02,74.91,0.11,79.58,1.2,74.43,0.57,68.17,0.18,55.01,0.05,64.53,0.19,66.7,0.22,54.43,0.38,63.28,0.06,63.28
4,twitch,gcn,stage2,twitch_gcn_frontdoor_stage2_lr0.01_weight_decay0.0001_dropout0.0_hidden_channels32_K3_lambda_fd0.5_lambda_spu0.05_lambda_ind0.05_context_gate_temp0.5_fd_blend0.5_pos_weight3.0,search_logs_frontdoor/twitch/gcn/stage2/004_twitch_gcn_frontdoor_stage2_lr0.01_weight_decay0.0001_dropout0.0_hidden_channels32_K3_lambda_fd0.5_lambda_spu0.05_lambda_ind0.05_context_gate_temp0.5_fd_blend0.5_pos_weight3.0.log,python main_frontdoor.py --dataset twitch --backbone_type gcn --store_result --epochs 500 --runs 2 --num_layers 2 --device 1 --seed 2024 --lr 0.01 --weight_decay 0.0001 --dropout 0.0 --hidden_channels 32 --K 3 --lambda_fd 0.5 --lambda_spu 0.05 --lambda_ind 0.05 --context_gate_temp 0.5 --fd_blend 0.5 --pos_weight 3.0 --result_name twitch_gcn_frontdoor_stage2_lr0.01_weight_decay0.0001_dropout0.0_hidden_channels32_K3_lambda_fd0.5_lambda_spu0.05_lambda_ind0.05_context_gate_temp0.5_fd_blend0.5_pos_weight3.0,0,157.54,0.01,0.0001,0.0,32,3,0.5,0.05,0.05,0.5,0.5,3.0,86.49,2.51,73.52,0.12,74.84,0.14,77.84,0.7,74.78,0.12,67.99,0.17,54.19,0.21,64.49,0.1,66.94,0.07,54.01,0.12,63.96,0.16,63.96
5,twitch,gcn,stage2,twitch_gcn_frontdoor_stage2_lr0.01_weight_decay0.0001_dropout0.0_hidden_channels32_K3_lambda_fd0.5_lambda_spu0.05_lambda_ind0.05_context_gate_temp0.5_fd_blend0.5_pos_weight5.0,search_logs_frontdoor/twitch/gcn/stage2/005_twitch_gcn_frontdoor_stage2_lr0.01_weight_decay0.0001_dropout0.0_hidden_channels32_K3_lambda_fd0.5_lambda_spu0.05_lambda_ind0.05_context_gate_temp0.5_fd_blend0.5_pos_weight5.0.log,python main_frontdoor.py --dataset twitch --backbone_type gcn --store_result --epochs 500 --runs 2 --num_layers 2 --device 1 --seed 2024 --lr 0.01 --weight_decay 0.0001 --dropout 0.0 --hidden_channels 32 --K 3 --lambda_fd 0.5 --lambda_spu 0.05 --lambda_ind 0.05 --context_gate_temp 0.5 --fd_blend 0.5 --pos_weight 5.0 --result_name twitch_gcn_frontdoor_stage2_lr0.01_weight_decay0.0001_dropout0.0_hidden_channels32_K3_lambda_fd0.5_lambda_spu0.05_lambda_ind0.05_context_gate_temp0.5_fd_blend0.5_pos_weight5.0,0,161.56,0.01,0.0001,0.0,32,3,0.5,0.05,0.05,0.5,0.5,5.0,85.55,1.33,73.35,0.11,74.85,0.15,78.18,1.21,74.68,0.01,68.23,0.08,55.0,0.31,64.55,0.06,67.39,0.19,54.01,0.13,64.08,0.11,64.08
6,twitch,gcn,stage2,twitch_gcn_frontdoor_stage2_lr0.01_weight_decay0.0001_dropout0.0_hidden_channels32_K3_lambda_fd0.5_lambda_spu0.05_lambda_ind0.05_context_gate_temp0.5_fd_blend0.5_pos_weight7.0,search_logs_frontdoor/twitch/gcn/stage2/006_twitch_gcn_frontdoor_stage2_lr0.01_weight_decay0.0001_dropout0.0_hidden_channels32_K3_lambda_fd0.5_lambda_spu0.05_lambda_ind0.05_context_gate_temp0.5_fd_blend0.5_pos_weight7.0.log,python main_frontdoor.py --dataset twitch --backbone_type gcn --store_result --epochs 500 --runs 2 --num_layers 2 --device 1 --seed 2024 --lr 0.01 --weight_decay 0.0001 --dropout 0.0 --hidden_channels 32 --K 3 --lambda_fd 0.5 --lambda_spu 0.05 --lambda_ind 0.05 --context_gate_temp 0.5 --fd_blend 0.5 --pos_weight 7.0 --result_name twitch_gcn_frontdoor_stage2_lr0.01_weight_decay0.0001_dropout0.0_hidden_channels32_K3_lambda_fd0.5_lambda_spu0.05_lambda_ind0.05_context_gate_temp0.5_fd_blend0.5_pos_weight7.0,0,165.81,0.01,0.0001,0.0,32,3,0.5,0.05,0.05,0.5,0.5,7.0,85.94,2.69,73.63,0.71,74.73,0.03,78.15,0.74,74.65,0.06,68.06,0.03,55.11,0.11,64.19,0.09,67.26,0.41,54.43,0.39,63.71,0.31,63.71
7,twitch,gcn,stage2,twitch_gcn_frontdoor_stage2_lr0.01_weight_decay0.0001_dropout0.0_hidden_channels32_K3_lambda_fd0.5_lambda_spu0.05_lambda_ind0.05_context_gate_temp1.0_fd_blend0.3_pos_weight3.0,search_logs_frontdoor/twitch/gcn/stage2/007_twitch_gcn_frontdoor_stage2_lr0.01_weight_decay0.0001_dropout0.0_hidden_channels32_K3_lambda_fd0.5_lambda_spu0.05_lambda_ind0.05_context_gate_temp1.0_fd_blend0.3_pos_weight3.0.log,python main_frontdoor.py --dataset twitch --backbone_type gcn --store_result --epochs 500 --runs 2 --num_layers 2 --device 1 --seed 2024 --lr 0.01 --weight_decay 0.0001 --dropout 0.0 --hidden_channels 32 --K 3 --lambda_fd 0.5 --lambda_spu 0.05 --lambda_ind 0.05 --context_gate_temp 1.0 --fd_blend 0.3 --pos_weight 3.0 --result_name twitch_gcn_frontdoor_stage2_lr0.01_weight_decay0.0001_dropout0.0_hidden_channels32_K3_lambda_fd0.5_lambda_spu0.05_lambda_ind0.05_context_gate_temp1.0_fd_blend0.3_pos_weight3.0,0,165.16,0.01,0.0001,0.0,32,3,0.5,0.05,0.05,1.0,0.3,3.0,85.18,1.35,73.52,0.24,74.85,0.14,78.34,0.21,74.85,0.14,68.51,0.01,54.68,0.43,64.49,0.11,67.92,0.06,54.11,0.18,64.11,0.34,64.11
8,twitch,gcn,stage2,twitch_gcn_frontdoor_stage2_lr0.01_weight_decay0.0001_dropout0.0_hidden_channels32_K3_lambda_fd0.5_lambda_spu0.05_lambda_ind0.05_context_gate_temp1.0_fd_blend0.3_pos_weight5.0,search_logs_frontdoor/twitch/gcn/stage2/008_twitch_gcn_frontdoor_stage2_lr0.01_weight_decay0.0001_dropout0.0_hidden_channels32_K3_lambda_fd0.5_lambda_spu0.05_lambda_ind0.05_context_gate_temp1.0_fd_blend0.3_pos_weight5.0.log,python main_frontdoor.py --dataset twitch --backbone_type gcn --store_result --epochs 500 --runs 2 --num_layers 2 --device 1 --seed 2024 --lr 0.01 --weight_decay 0.0001 --dropout 0.0 --hidden_channels 32 --K 3 --lambda_fd 0.5 --lambda_spu 0.05 --lambda_ind 0.05 --context_gate_temp 1.0 --fd_blend 0.3 --pos_weight 5.0 --result_name twitch_gcn_frontdoor_stage2_lr0.01_weight_decay0.0001_dropout0.0_hidden_channels32_K3_lambda_fd0.5_lambda_spu0.05_lambda_ind0.05_context_gate_temp1.0_fd_blend0.3_pos_weight5.0,0,165.49,0.01,0.0001,0.0,32,3,0.5,0.05,0.05,1.0,0.3,5.0,87.12,1.62,73.64,0.27,74.97,0.01,78.48,1.91,74.69,0.31,68.15,0.11,54.69,0.01,64.36,0.21,66.74,0.24,53.96,0.59,63.4,0.53,63.4
9,twitch,gcn,stage2,twitch_gcn_frontdoor_stage2_lr0.01_weight_decay0.0001_dropout0.0_hidden_channels32_K3_lambda_fd0.5_lambda_spu0.05_lambda_ind0.05_context_gate_temp1.0_fd_blend0.3_pos_weight7.0,search_logs_frontdoor/twitch/gcn/stage2/009_twitch_gcn_frontdoor_stage2_lr0.01_weight_decay0.0001_dropout0.0_hidden_channels32_K3_lambda_fd0.5_lambda_spu0.05_lambda_ind0.05_context_gate_temp1.0_fd_blend0.3_pos_weight7.0.log,python main_frontdoor.py --dataset twitch --backbone_type gcn --store_result --epochs 500 --runs 2 --num_layers 2 --device 1 --seed 2024 --lr 0.01 --weight_decay 0.0001 --dropout 0.0 --hidden_channels 32 --K 3 --lambda_fd 0.5 --lambda_spu 0.05 --lambda_ind 0.05 --context_gate_temp 1.0 --fd_blend 0.3 --pos_weight 7.0 --result_name twitch_gcn_frontdoor_stage2_lr0.01_weight_decay0.0001_dropout0.0_hidden_channels32_K3_lambda_fd0.5_lambda_spu0.05_lambda_ind0.05_context_gate_temp1.0_fd_blend0.3_pos_weight7.0,0,149.58,0.01,0.0001,0.0,32,3,0.5,0.05,0.05,1.0,0.3,7.0,83.98,3.11,73.79,0.63,74.99,0.23,79.2,0.24,74.72,0.18,68.15,0.37,55.02,0.47,64.39,0.11,66.61,0.31,54.4,0.13,63.21,0.37,63.21
10,twitch,gcn,stage2,twitch_gcn_frontdoor_stage2_lr0.01_weight_decay0.0001_dropout0.0_hidden_channels32_K3_lambda_fd0.5_lambda_spu0.05_lambda_ind0.05_context_gate_temp1.0_fd_blend0.5_pos_weight3.0,search_logs_frontdoor/twitch/gcn/stage2/010_twitch_gcn_frontdoor_stage2_lr0.01_weight_decay0.0001_dropout0.0_hidden_channels32_K3_lambda_fd0.5_lambda_spu0.05_lambda_ind0.05_context_gate_temp1.0_fd_blend0.5_pos_weight3.0.log,python main_frontdoor.py --dataset twitch --backbone_type gcn --store_result --epochs 500 --runs 2 --num_layers 2 --device 1 --seed 2024 --lr 0.01 --weight_decay 0.0001 --dropout 0.0 --hidden_channels 32 --K 3 --lambda_fd 0.5 --lambda_spu 0.05 --lambda_ind 0.05 --context_gate_temp 1.0 --fd_blend 0.5 --pos_weight 3.0 --result_name twitch_gcn_frontdoor_stage2_lr0.01_weight_decay0.0001_dropout0.0_hidden_channels32_K3_lambda_fd0.5_lambda_spu0.05_lambda_ind0.05_context_gate_temp1.0_fd_blend0.5_pos_weight3.0,0,165.6,0.01,0.0001,0.0,32,3,0.5,0.05,0.05,1.0,0.5,3.0,87.48,3.37,73.3,0.16,74.76,0.19,77.54,0.38,74.73,0.2,68.0,0.38,54.57,0.34,64.28,0.12,66.75,0.47,54.05,0.01,63.79,0.25,63.79
11,twitch,gcn,stage2,twitch_gcn_frontdoor_stage2_lr0.01_weight_decay0.0001_dropout0.0_hidden_channels32_K3_lambda_fd0.5_lambda_spu0.05_lambda_ind0.05_context_gate_temp1.0_fd_blend0.5_pos_weight5.0,search_logs_frontdoor/twitch/gcn/stage2/011_twitch_gcn_frontdoor_stage2_lr0.01_weight_decay0.0001_dropout0.0_hidden_channels32_K3_lambda_fd0.5_lambda_spu0.05_lambda_ind0.05_context_gate_temp1.0_fd_blend0.5_pos_weight5.0.log,python main_frontdoor.py --dataset twitch --backbone_type gcn --store_result --epochs 500 --runs 2 --num_layers 2 --device 1 --seed 2024 --lr 0.01 --weight_decay 0.0001 --dropout 0.0 --hidden_channels 32 --K 3 --lambda_fd 0.5 --lambda_spu 0.05 --lambda_ind 0.05 --context_gate_temp 1.0 --fd_blend 0.5 --pos_weight 5.0 --result_name twitch_gcn_frontdoor_stage2_lr0.01_weight_decay0.0001_dropout0.0_hidden_channels32_K3_lambda_fd0.5_lambda_spu0.05_lambda_ind0.05_context_gate_temp1.0_fd_blend0.5_pos_weight5.0,0,155.11,0.01,0.0001,0.0,32,3,0.5,0.05,0.05,1.0,0.5,5.0,86.11,3.95,73.51,0.02,74.7,0.03,78.42,0.1,74.61,0.05,68.19,0.06,54.94,0.15,64.31,0.11,67.21,0.81,54.46,0.29,63.89,0.44,63.89
12,twitch,gcn,stage2,twitch_gcn_frontdoor_stage2_lr0.01_weight_decay0.0001_dropout0.0_hidden_channels32_K3_lambda_fd0.5_lambda_spu0.05_lambda_ind0.05_context_gate_temp1.0_fd_blend0.5_pos_weight7.0,search_logs_frontdoor/twitch/gcn/stage2/012_twitch_gcn_frontdoor_stage2_lr0.01_weight_decay0.0001_dropout0.0_hidden_channels32_K3_lambda_fd0.5_lambda_spu0.05_lambda_ind0.05_context_gate_temp1.0_fd_blend0.5_pos_weight7.0.log,python main_frontdoor.py --dataset twitch --backbone_type gcn --store_result --epochs 500 --runs 2 --num_layers 2 --device 1 --seed 2024 --lr 0.01 --weight_decay 0.0001 --dropout 0.0 --hidden_channels 32 --K 3 --lambda_fd 0.5 --lambda_spu 0.05 --lambda_ind 0.05 --context_gate_temp 1.0 --fd_blend 0.5 --pos_weight 7.0 --result_name twitch_gcn_frontdoor_stage2_lr0.01_weight_decay0.0001_dropout0.0_hidden_channels32_K3_lambda_fd0.5_lambda_spu0.05_lambda_ind0.05_context_gate_temp1.0_fd_blend0.5_pos_weight7.0,0,165.06,0.01,0.0001,0.0,32,3,0.5,0.05,0.05,1.0,0.5,7.0,84.52,1.8,73.67,0.12,74.8,0.16,78.61,0.31,74.49,0.29,68.32,0.18,54.98,0.77,64.35,0.06,67.5,0.35,54.6,0.74,63.92,0.11,63.92
13,twitch,gcn,stage2,twitch_gcn_frontdoor_stage2_lr0.01_weight_decay0.0001_dropout0.0_hidden_channels32_K3_lambda_fd0.5_lambda_spu0.05_lambda_ind0.1_context_gate_temp0.5_fd_blend0.3_pos_weight3.0,search_logs_frontdoor/twitch/gcn/stage2/013_twitch_gcn_frontdoor_stage2_lr0.01_weight_decay0.0001_dropout0.0_hidden_channels32_K3_lambda_fd0.5_lambda_spu0.05_lambda_ind0.1_context_gate_temp0.5_fd_blend0.3_pos_weight3.0.log,python main_frontdoor.py --dataset twitch --backbone_type gcn --store_result --epochs 500 --runs 2 --num_layers 2 --device 1 --seed 2024 --lr 0.01 --weight_decay 0.0001 --dropout 0.0 --hidden_channels 32 --K 3 --lambda_fd 0.5 --lambda_spu 0.05 --lambda_ind 0.1 --context_gate_temp 0.5 --fd_blend 0.3 --pos_weight 3.0 --result_name twitch_gcn_frontdoor_stage2_lr0.01_weight_decay0.0001_dropout0.0_hidden_channels32_K3_lambda_fd0.5_lambda_spu0.05_lambda_ind0.1_context_gate_temp0.5_fd_blend0.3_pos_weight3.0,0,167.69,0.01,0.0001,0.0,32,3,0.5,0.05,0.1,0.5,0.3,3.0,84.93,2.52,73.51,0.33,74.91,0.07,78.21,1.1,74.85,0.13,68.12,0.05,54.45,0.1,64.41,0.0,67.3,0.02,53.69,0.19,63.82,0.19,63.82
14,twitch,gcn,stage2,twitch_gcn_frontdoor_stage2_lr0.01_weight_decay0.0001_dropout0.0_hidden_channels32_K3_lambda_fd0.5_lambda_spu0.05_lambda_ind0.1_context_gate_temp0.5_fd_blend0.3_pos_weight5.0,search_logs_frontdoor/twitch/gcn/stage2/014_twitch_gcn_frontdoor_stage2_lr0.01_weight_decay0.0001_dropout0.0_hidden_channels32_K3_lambda_fd0.5_lambda_spu0.05_lambda_ind0.1_context_gate_temp0.5_fd_blend0.3_pos_weight5.0.log,python main_frontdoor.py --dataset twitch --backbone_type gcn --store_result --epochs 500 --runs 2 --num_layers 2 --device 1 --seed 2024 --lr 0.01 --weight_decay 0.0001 --dropout 0.0 --hidden_channels 32 --K 3 --lambda_fd 0.5 --lambda_spu 0.05 --lambda_ind 0.1 --context_gate_temp 0.5 --fd_blend 0.3 --pos_weight 5.0 --result_name twitch_gcn_frontdoor_stage2_lr0.01_weight_decay0.0001_dropout0.0_hidden_channels32_K3_lambda_fd0.5_lambda_spu0.05_lambda_ind0.1_context_gate_temp0.5_fd_blend0.3_pos_weight5.0,0,142.17,0.01,0.0001,0.0,32,3,0.5,0.05,0.1,0.5,0.3,5.0,87.0,1.55,73.44,0.15,74.73,0.07,78.14,1.8,74.45,0.24,67.98,0.12,54.36,0.18,64.26,0.05,66.79,0.25,53.81,0.28,63.54,0.3,63.54
15,twitch,gcn,stage2,twitch_gcn_frontdoor_stage2_lr0.01_weight_decay0.0001_dropout0.0_hidden_channels32_K3_lambda_fd0.5_lambda_spu0.05_lambda_ind0.1_context_gate_temp0.5_fd_blend0.3_pos_weight7.0,search_logs_frontdoor/twitch/gcn/stage2/015_twitch_gcn_frontdoor_stage2_lr0.01_weight_decay0.0001_dropout0.0_hidden_channels32_K3_lambda_fd0.5_lambda_spu0.05_lambda_ind0.1_context_gate_temp0.5_fd_blend0.3_pos_weight7.0.log,python main_frontdoor.py --dataset twitch --backbone_type gcn --store_result --epochs 500 --runs 2 --num_layers 2 --device 1 --seed 2024 --lr 0.01 --weight_decay 0.0001 --dropout 0.0 --hidden_channels 32 --K 3 --lambda_fd 0.5 --lambda_spu 0.05 --lambda_ind 0.1 --context_gate_temp 0.5 --fd_blend 0.3 --pos_weight 7.0 --result_name twitch_gcn_frontdoor_stage2_lr0.01_weight_decay0.0001_dropout0.0_hidden_channels32_K3_lambda_fd0.5_lambda_spu0.05_lambda_ind0.1_context_gate_temp0.5_fd_blend0.3_pos_weight7.0,0,169.96,0.01,0.0001,0.0,32,3,0.5,0.05,0.1,0.5,0.3,7.0,86.5,1.7,73.35,0.16,74.82,0.24,77.59,0.18,74.69,0.26,67.99,0.34,54.62,0.31,64.36,0.04,66.85,0.01,54.14,0.33,63.98,0.05,63.98
16,twitch,gcn,stage2,twitch_gcn_frontdoor_stage2_lr0.01_weight_decay0.0001_dropout0.0_hidden_channels32_K3_lambda_fd0.5_lambda_spu0.05_lambda_ind0.1_context_gate_temp0.5_fd_blend0.5_pos_weight3.0,search_logs_frontdoor/twitch/gcn/stage2/016_twitch_gcn_frontdoor_stage2_lr0.01_weight_decay0.0001_dropout0.0_hidden_channels32_K3_lambda_fd0.5_lambda_spu0.05_lambda_ind0.1_context_gate_temp0.5_fd_blend0.5_pos_weight3.0.log,python main_frontdoor.py --dataset twitch --backbone_type gcn --store_result --epochs 500 --runs 2 --num_layers 2 --device 1 --seed 2024 --lr 0.01 --weight_decay 0.0001 --dropout 0.0 --hidden_channels 32 --K 3 --lambda_fd 0.5 --lambda_spu 0.05 --lambda_ind 0.1 --context_gate_temp 0.5 --fd_blend 0.5 --pos_weight 3.0 --result_name twitch_gcn_frontdoor_stage2_lr0.01_weight_decay0.0001_dropout0.0_hidden_channels32_K3_lambda_fd0.5_lambda_spu0.05_lambda_ind0.1_context_gate_temp0.5_fd_blend0.5_pos_weight3.0,0,162.28,0.01,0.0001,0.0,32,3,0.5,0.05,0.1,0.5,0.5,3.0,84.9,2.25,73.25,0.23,74.87,0.08,78.09,0.7,74.75,0.06,68.13,0.16,54.53,0.13,64.42,0.01,66.79,0.67,54.21,0.39,63.92,0.13,63.92
17,twitch,gcn,stage2,twitch_gcn_frontdoor_stage2_lr0.01_weight_decay0.0001_dropout0.0_hidden_channels32_K3_lambda_fd0.5_lambda_spu0.05_lambda_ind0.1_context_gate_temp0.5_fd_blend0.5_pos_weight5.0,search_logs_frontdoor/twitch/gcn/stage2/017_twitch_gcn_frontdoor_stage2_lr0.01_weight_decay0.0001_dropout0.0_hidden_channels32_K3_lambda_fd0.5_lambda_spu0.05_lambda_ind0.1_context_gate_temp0.5_fd_blend0.5_pos_weight5.0.log,python main_frontdoor.py --dataset twitch --backbone_type gcn --store_result --epochs 500 --runs 2 --num_layers 2 --device 1 --seed 2024 --lr 0.01 --weight_decay 0.0001 --dropout 0.0 --hidden_channels 32 --K 3 --lambda_fd 0.5 --lambda_spu 0.05 --lambda_ind 0.1 --context_gate_temp 0.5 --fd_blend 0.5 --pos_weight 5.0 --result_name twitch_gcn_frontdoor_stage2_lr0.01_weight_decay0.0001_dropout0.0_hidden_channels32_K3_lambda_fd0.5_lambda_spu0.05_lambda_ind0.1_context_gate_temp0.5_fd_blend0.5_pos_weight5.0,0,170.48,0.01,0.0001,0.0,32,3,0.5,0.05,0.1,0.5,0.5,5.0,88.01,0.37,73.58,0.04,74.87,0.02,77.82,0.68,74.74,0.11,68.18,0.11,54.93,0.13,64.49,0.11,66.7,0.32,54.5,0.22,63.7,0.29,63.7
18,twitch,gcn,stage2,twitch_gcn_frontdoor_stage2_lr0.01_weight_decay0.0001_dropout0.0_hidden_channels32_K3_lambda_fd0.5_lambda_spu0.05_lambda_ind0.1_context_gate_temp0.5_fd_blend0.5_pos_weight7.0,search_logs_frontdoor/twitch/gcn/stage2/018_twitch_gcn_frontdoor_stage2_lr0.01_weight_decay0.0001_dropout0.0_hidden_channels32_K3_lambda_fd0.5_lambda_spu0.05_lambda_ind0.1_context_gate_temp0.5_fd_blend0.5_pos_weight7.0.log,python main_frontdoor.py --dataset twitch --backbone_type gcn --store_result --epochs 500 --runs 2 --num_layers 2 --device 1 --seed 2024 --lr 0.01 --weight_decay 0.0001 --dropout 0.0 --hidden_channels 32 --K 3 --lambda_fd 0.5 --lambda_spu 0.05 --lambda_ind 0.1 --context_gate_temp 0.5 --fd_blend 0.5 --pos_weight 7.0 --result_name twitch_gcn_frontdoor_stage2_lr0.01_weight_decay0.0001_dropout0.0_hidden_channels32_K3_lambda_fd0.5_lambda_spu0.05_lambda_ind0.1_context_gate_temp0.5_fd_blend0.5_pos_weight7.0,0,153.97,0.01,0.0001,0.0,32,3,0.5,0.05,0.1,0.5,0.5,7.0,86.12,0.45,73.75,0.21,74.9,0.07,77.84,0.88,74.88,0.08,68.13,0.16,54.92,0.79,64.28,0.07,66.62,0.01,54.19,0.98,63.59,0.2,63.59
19,twitch,gcn,stage2,twitch_gcn_frontdoor_stage2_lr0.01_weight_decay0.0001_dropout0.0_hidden_channels32_K3_lambda_fd0.5_lambda_spu0.05_lambda_ind0.1_context_gate_temp1.0_fd_blend0.3_pos_weight3.0,search_logs_frontdoor/twitch/gcn/stage2/019_twitch_gcn_frontdoor_stage2_lr0.01_weight_decay0.0001_dropout0.0_hidden_channels32_K3_lambda_fd0.5_lambda_spu0.05_lambda_ind0.1_context_gate_temp1.0_fd_blend0.3_pos_weight3.0.log,python main_frontdoor.py --dataset twitch --backbone_type gcn --store_result --epochs 500 --runs 2 --num_layers 2 --device 1 --seed 2024 --lr 0.01 --weight_decay 0.0001 --dropout 0.0 --hidden_channels 32 --K 3 --lambda_fd 0.5 --lambda_spu 0.05 --lambda_ind 0.1 --context_gate_temp 1.0 --fd_blend 0.3 --pos_weight 3.0 --result_name twitch_gcn_frontdoor_stage2_lr0.01_weight_decay0.0001_dropout0.0_hidden_channels32_K3_lambda_fd0.5_lambda_spu0.05_lambda_ind0.1_context_gate_temp1.0_fd_blend0.3_pos_weight3.0,0,176.71,0.01,0.0001,0.0,32,3,0.5,0.05,0.1,1.0,0.3,3.0,85.06,3.31,73.44,0.23,74.86,0.02,78.22,0.02,74.83,0.06,67.98,0.3,54.35,0.04,64.32,0.04,67.21,0.09,54.03,0.12,63.92,0.28,63.92
20,twitch,gcn,stage2,twitch_gcn_frontdoor_stage2_lr0.01_weight_decay0.0001_dropout0.0_hidden_channels32_K3_lambda_fd0.5_lambda_spu0.05_lambda_ind0.1_context_gate_temp1.0_fd_blend0.3_pos_weight5.0,search_logs_frontdoor/twitch/gcn/stage2/020_twitch_gcn_frontdoor_stage2_lr0.01_weight_decay0.0001_dropout0.0_hidden_channels32_K3_lambda_fd0.5_lambda_spu0.05_lambda_ind0.1_context_gate_temp1.0_fd_blend0.3_pos_weight5.0.log,python main_frontdoor.py --dataset twitch --backbone_type gcn --store_result --epochs 500 --runs 2 --num_layers 2 --device 1 --seed 2024 --lr 0.01 --weight_decay 0.0001 --dropout 0.0 --hidden_channels 32 --K 3 --lambda_fd 0.5 --lambda_spu 0.05 --lambda_ind 0.1 --context_gate_temp 1.0 --fd_blend 0.3 --pos_weight 5.0 --result_name twitch_gcn_frontdoor_stage2_lr0.01_weight_decay0.0001_dropout0.0_hidden_channels32_K3_lambda_fd0.5_lambda_spu0.05_lambda_ind0.1_context_gate_temp1.0_fd_blend0.3_pos_weight5.0,0,155.73,0.01,0.0001,0.0,32,3,0.5,0.05,0.1,1.0,0.3,5.0,86.48,2.26,73.46,0.31,74.93,0.05,77.91,1.19,74.75,0.17,68.22,0.06,54.57,0.03,64.38,0.02,66.83,0.04,53.69,0.45,63.76,0.04,63.76
21,twitch,gcn,stage2,twitch_gcn_frontdoor_stage2_lr0.01_weight_decay0.0001_dropout0.0_hidden_channels32_K3_lambda_fd0.5_lambda_spu0.05_lambda_ind0.1_context_gate_temp1.0_fd_blend0.3_pos_weight7.0,search_logs_frontdoor/twitch/gcn/stage2/021_twitch_gcn_frontdoor_stage2_lr0.01_weight_decay0.0001_dropout0.0_hidden_channels32_K3_lambda_fd0.5_lambda_spu0.05_lambda_ind0.1_context_gate_temp1.0_fd_blend0.3_pos_weight7.0.log,python main_frontdoor.py --dataset twitch --backbone_type gcn --store_result --epochs 500 --runs 2 --num_layers 2 --device 1 --seed 2024 --lr 0.01 --weight_decay 0.0001 --dropout 0.0 --hidden_channels 32 --K 3 --lambda_fd 0.5 --lambda_spu 0.05 --lambda_ind 0.1 --context_gate_temp 1.0 --fd_blend 0.3 --pos_weight 7.0 --result_name twitch_gcn_frontdoor_stage2_lr0.01_weight_decay0.0001_dropout0.0_hidden_channels32_K3_lambda_fd0.5_lambda_spu0.05_lambda_ind0.1_context_gate_temp1.0_fd_blend0.3_pos_weight7.0,0,159.36,0.01,0.0001,0.0,32,3,0.5,0.05,0.1,1.0,0.3,7.0,85.46,2.47,73.44,0.61,74.79,0.38,78.48,0.72,74.68,0.34,67.86,0.73,55.17,0.07,64.32,0.12,66.55,0.62,54.71,0.5,63.78,0.01,63.78
22,twitch,gcn,stage2,twitch_gcn_frontdoor_stage2_lr0.01_weight_decay0.0001_dropout0.0_hidden_channels32_K3_lambda_fd0.5_lambda_spu0.05_lambda_ind0.1_context_gate_temp1.0_fd_blend0.5_pos_weight3.0,search_logs_frontdoor/twitch/gcn/stage2/022_twitch_gcn_frontdoor_stage2_lr0.01_weight_decay0.0001_dropout0.0_hidden_channels32_K3_lambda_fd0.5_lambda_spu0.05_lambda_ind0.1_context_gate_temp1.0_fd_blend0.5_pos_weight3.0.log,python main_frontdoor.py --dataset twitch --backbone_type gcn --store_result --epochs 500 --runs 2 --num_layers 2 --device 1 --seed 2024 --lr 0.01 --weight_decay 0.0001 --dropout 0.0 --hidden_channels 32 --K 3 --lambda_fd 0.5 --lambda_spu 0.05 --lambda_ind 0.1 --context_gate_temp 1.0 --fd_blend 0.5 --pos_weight 3.0 --result_name twitch_gcn_frontdoor_stage2_lr0.01_weight_decay0.0001_dropout0.0_hidden_channels32_K3_lambda_fd0.5_lambda_spu0.05_lambda_ind0.1_context_gate_temp1.0_fd_blend0.5_pos_weight3.0,0,176.99,0.01,0.0001,0.0,32,3,0.5,0.05,0.1,1.0,0.5,3.0,86.7,2.57,73.26,0.08,74.83,0.19,78.27,0.24,74.81,0.21,68.12,0.13,54.49,0.26,64.24,0.05,67.43,0.18,54.1,0.04,63.86,0.36,63.86
23,twitch,gcn,stage2,twitch_gcn_frontdoor_stage2_lr0.01_weight_decay0.0001_dropout0.0_hidden_channels32_K3_lambda_fd0.5_lambda_spu0.05_lambda_ind0.1_context_gate_temp1.0_fd_blend0.5_pos_weight5.0,search_logs_frontdoor/twitch/gcn/stage2/023_twitch_gcn_frontdoor_stage2_lr0.01_weight_decay0.0001_dropout0.0_hidden_channels32_K3_lambda_fd0.5_lambda_spu0.05_lambda_ind0.1_context_gate_temp1.0_fd_blend0.5_pos_weight5.0.log,python main_frontdoor.py --dataset twitch --backbone_type gcn --store_result --epochs 500 --runs 2 --num_layers 2 --device 1 --seed 2024 --lr 0.01 --weight_decay 0.0001 --dropout 0.0 --hidden_channels 32 --K 3 --lambda_fd 0.5 --lambda_spu 0.05 --lambda_ind 0.1 --context_gate_temp 1.0 --fd_blend 0.5 --pos_weight 5.0 --result_name twitch_gcn_frontdoor_stage2_lr0.01_weight_decay0.0001_dropout0.0_hidden_channels32_K3_lambda_fd0.5_lambda_spu0.05_lambda_ind0.1_context_gate_temp1.0_fd_blend0.5_pos_weight5.0,0,141.72,0.01,0.0001,0.0,32,3,0.5,0.05,0.1,1.0,0.5,5.0,86.77,0.26,73.19,0.0,74.61,0.02,77.44,0.71,74.55,0.03,67.93,0.2,54.85,0.16,64.26,0.08,67.41,0.42,54.07,0.64,63.92,0.12,63.92
24,twitch,gcn,stage2,twitch_gcn_frontdoor_stage2_lr0.01_weight_decay0.0001_dropout0.0_hidden_channels32_K3_lambda_fd0.5_lambda_spu0.05_lambda_ind0.1_context_gate_temp1.0_fd_blend0.5_pos_weight7.0,search_logs_frontdoor/twitch/gcn/stage2/024_twitch_gcn_frontdoor_stage2_lr0.01_weight_decay0.0001_dropout0.0_hidden_channels32_K3_lambda_fd0.5_lambda_spu0.05_lambda_ind0.1_context_gate_temp1.0_fd_blend0.5_pos_weight7.0.log,python main_frontdoor.py --dataset twitch --backbone_type gcn --store_result --epochs 500 --runs 2 --num_layers 2 --device 1 --seed 2024 --lr 0.01 --weight_decay 0.0001 --dropout 0.0 --hidden_channels 32 --K 3 --lambda_fd 0.5 --lambda_spu 0.05 --lambda_ind 0.1 --context_gate_temp 1.0 --fd_blend 0.5 --pos_weight 7.0 --result_name twitch_gcn_frontdoor_stage2_lr0.01_weight_decay0.0001_dropout0.0_hidden_channels32_K3_lambda_fd0.5_lambda_spu0.05_lambda_ind0.1_context_gate_temp1.0_fd_blend0.5_pos_weight7.0,0,160.61,0.01,0.0001,0.0,32,3,0.5,0.05,0.1,1.0,0.5,7.0,84.52,2.21,73.46,0.24,74.73,0.07,78.07,1.48,74.61,0.23,67.88,0.19,54.67,0.19,64.36,0.13,66.56,0.23,54.26,0.53,63.75,0.05,63.75
25,twitch,gcn,stage2,twitch_gcn_frontdoor_stage2_lr0.01_weight_decay0.0001_dropout0.0_hidden_channels32_K3_lambda_fd0.5_lambda_spu0.1_lambda_ind0.05_context_gate_temp0.5_fd_blend0.3_pos_weight3.0,search_logs_frontdoor/twitch/gcn/stage2/025_twitch_gcn_frontdoor_stage2_lr0.01_weight_decay0.0001_dropout0.0_hidden_channels32_K3_lambda_fd0.5_lambda_spu0.1_lambda_ind0.05_context_gate_temp0.5_fd_blend0.3_pos_weight3.0.log,python main_frontdoor.py --dataset twitch --backbone_type gcn --store_result --epochs 500 --runs 2 --num_layers 2 --device 1 --seed 2024 --lr 0.01 --weight_decay 0.0001 --dropout 0.0 --hidden_channels 32 --K 3 --lambda_fd 0.5 --lambda_spu 0.1 --lambda_ind 0.05 --context_gate_temp 0.5 --fd_blend 0.3 --pos_weight 3.0 --result_name twitch_gcn_frontdoor_stage2_lr0.01_weight_decay0.0001_dropout0.0_hidden_channels32_K3_lambda_fd0.5_lambda_spu0.1_lambda_ind0.05_context_gate_temp0.5_fd_blend0.3_pos_weight3.0,0,171.55,0.01,0.0001,0.0,32,3,0.5,0.1,0.05,0.5,0.3,3.0,86.57,3.42,73.27,0.3,74.78,0.04,77.67,1.02,74.7,0.02,68.18,0.53,55.13,0.23,64.3,0.03,66.77,1.14,53.69,0.12,63.83,0.46,63.83
26,twitch,gcn,stage2,twitch_gcn_frontdoor_stage2_lr0.01_weight_decay0.0001_dropout0.0_hidden_channels32_K3_lambda_fd0.5_lambda_spu0.1_lambda_ind0.05_context_gate_temp0.5_fd_blend0.3_pos_weight5.0,search_logs_frontdoor/twitch/gcn/stage2/026_twitch_gcn_frontdoor_stage2_lr0.01_weight_decay0.0001_dropout0.0_hidden_channels32_K3_lambda_fd0.5_lambda_spu0.1_lambda_ind0.05_context_gate_temp0.5_fd_blend0.3_pos_weight5.0.log,python main_frontdoor.py --dataset twitch --backbone_type gcn --store_result --epochs 500 --runs 2 --num_layers 2 --device 1 --seed 2024 --lr 0.01 --weight_decay 0.0001 --dropout 0.0 --hidden_channels 32 --K 3 --lambda_fd 0.5 --lambda_spu 0.1 --lambda_ind 0.05 --context_gate_temp 0.5 --fd_blend 0.3 --pos_weight 5.0 --result_name twitch_gcn_frontdoor_stage2_lr0.01_weight_decay0.0001_dropout0.0_hidden_channels32_K3_lambda_fd0.5_lambda_spu0.1_lambda_ind0.05_context_gate_temp0.5_fd_blend0.3_pos_weight5.0,0,161.39,0.01,0.0001,0.0,32,3,0.5,0.1,0.05,0.5,0.3,5.0,85.54,2.37,73.62,0.13,74.91,0.14,78.57,0.46,74.85,0.17,67.76,0.45,55.03,0.04,64.38,0.0,66.52,0.52,54.86,0.16,63.9,0.16,63.9
27,twitch,gcn,stage2,twitch_gcn_frontdoor_stage2_lr0.01_weight_decay0.0001_dropout0.0_hidden_channels32_K3_lambda_fd0.5_lambda_spu0.1_lambda_ind0.05_context_gate_temp0.5_fd_blend0.3_pos_weight7.0,search_logs_frontdoor/twitch/gcn/stage2/027_twitch_gcn_frontdoor_stage2_lr0.01_weight_decay0.0001_dropout0.0_hidden_channels32_K3_lambda_fd0.5_lambda_spu0.1_lambda_ind0.05_context_gate_temp0.5_fd_blend0.3_pos_weight7.0.log,python main_frontdoor.py --dataset twitch --backbone_type gcn --store_result --epochs 500 --runs 2 --num_layers 2 --device 1 --seed 2024 --lr 0.01 --weight_decay 0.0001 --dropout 0.0 --hidden_channels 32 --K 3 --lambda_fd 0.5 --lambda_spu 0.1 --lambda_ind 0.05 --context_gate_temp 0.5 --fd_blend 0.3 --pos_weight 7.0 --result_name twitch_gcn_frontdoor_stage2_lr0.01_weight_decay0.0001_dropout0.0_hidden_channels32_K3_lambda_fd0.5_lambda_spu0.1_lambda_ind0.05_context_gate_temp0.5_fd_blend0.3_pos_weight7.0,0,235.34,0.01,0.0001,0.0,32,3,0.5,0.1,0.05,0.5,0.3,7.0,81.95,0.62,73.86,0.0,74.86,0.09,79.38,0.93,74.75,0.02,68.23,0.02,54.88,0.21,64.45,0.07,67.2,0.46,54.8,0.27,63.89,0.1,63.89
28,twitch,gcn,stage2,twitch_gcn_frontdoor_stage2_lr0.01_weight_decay0.0001_dropout0.0_hidden_channels32_K3_lambda_fd0.5_lambda_spu0.1_lambda_ind0.05_context_gate_temp0.5_fd_blend0.5_pos_weight3.0,search_logs_frontdoor/twitch/gcn/stage2/028_twitch_gcn_frontdoor_stage2_lr0.01_weight_decay0.0001_dropout0.0_hidden_channels32_K3_lambda_fd0.5_lambda_spu0.1_lambda_ind0.05_context_gate_temp0.5_fd_blend0.5_pos_weight3.0.log,python main_frontdoor.py --dataset twitch --backbone_type gcn --store_result --epochs 500 --runs 2 --num_layers 2 --device 1 --seed 2024 --lr 0.01 --weight_decay 0.0001 --dropout 0.0 --hidden_channels 32 --K 3 --lambda_fd 0.5 --lambda_spu 0.1 --lambda_ind 0.05 --context_gate_temp 0.5 --fd_blend 0.5 --pos_weight 3.0 --result_name twitch_gcn_frontdoor_stage2_lr0.01_weight_decay0.0001_dropout0.0_hidden_channels32_K3_lambda_fd0.5_lambda_spu0.1_lambda_ind0.05_context_gate_temp0.5_fd_blend0.5_pos_weight3.0,0,105.21,0.01,0.0001,0.0,32,3,0.5,0.1,0.05,0.5,0.5,3.0,86.08,0.97,73.6,0.26,75.06,0.18,78.49,0.43,74.8,0.3,68.31,0.11,54.85,0.18,64.5,0.09,67.53,0.24,54.41,0.4,64.1,0.32,64.1
29,twitch,gcn,stage2,twitch_gcn_frontdoor_stage2_lr0.01_weight_decay0.0001_dropout0.0_hidden_channels32_K3_lambda_fd0.5_lambda_spu0.1_lambda_ind0.05_context_gate_temp0.5_fd_blend0.5_pos_weight5.0,search_logs_frontdoor/twitch/gcn/stage2/029_twitch_gcn_frontdoor_stage2_lr0.01_weight_decay0.0001_dropout0.0_hidden_channels32_K3_lambda_fd0.5_lambda_spu0.1_lambda_ind0.05_context_gate_temp0.5_fd_blend0.5_pos_weight5.0.log,python main_frontdoor.py --dataset twitch --backbone_type gcn --store_result --epochs 500 --runs 2 --num_layers 2 --device 1 --seed 2024 --lr 0.01 --weight_decay 0.0001 --dropout 0.0 --hidden_channels 32 --K 3 --lambda_fd 0.5 --lambda_spu 0.1 --lambda_ind 0.05 --context_gate_temp 0.5 --fd_blend 0.5 --pos_weight 5.0 --result_name twitch_gcn_frontdoor_stage2_lr0.01_weight_decay0.0001_dropout0.0_hidden_channels32_K3_lambda_fd0.5_lambda_spu0.1_lambda_ind0.05_context_gate_temp0.5_fd_blend0.5_pos_weight5.0,0,168.18,0.01,0.0001,0.0,32,3,0.5,0.1,0.05,0.5,0.5,5.0,84.76,1.44,73.56,0.01,74.99,0.11,79.43,0.15,74.78,0.33,68.08,0.18,54.7,0.05,64.34,0.02,66.63,0.21,54.36,0.12,63.46,0.54,63.46
30,twitch,gcn,stage2,twitch_gcn_frontdoor_stage2_lr0.01_weight_decay0.0001_dropout0.0_hidden_channels32_K3_lambda_fd0.5_lambda_spu0.1_lambda_ind0.05_context_gate_temp0.5_fd_blend0.5_pos_weight7.0,search_logs_frontdoor/twitch/gcn/stage2/030_twitch_gcn_frontdoor_stage2_lr0.01_weight_decay0.0001_dropout0.0_hidden_channels32_K3_lambda_fd0.5_lambda_spu0.1_lambda_ind0.05_context_gate_temp0.5_fd_blend0.5_pos_weight7.0.log,python main_frontdoor.py --dataset twitch --backbone_type gcn --store_result --epochs 500 --runs 2 --num_layers 2 --device 1 --seed 2024 --lr 0.01 --weight_decay 0.0001 --dropout 0.0 --hidden_channels 32 --K 3 --lambda_fd 0.5 --lambda_spu 0.1 --lambda_ind 0.05 --context_gate_temp 0.5 --fd_blend 0.5 --pos_weight 7.0 --result_name twitch_gcn_frontdoor_stage2_lr0.01_weight_decay0.0001_dropout0.0_hidden_channels32_K3_lambda_fd0.5_lambda_spu0.1_lambda_ind0.05_context_gate_temp0.5_fd_blend0.5_pos_weight7.0,0,208.84,0.01,0.0001,0.0,32,3,0.5,0.1,0.05,0.5,0.5,7.0,86.61,0.6,73.56,0.17,74.79,0.0,78.99,0.57,74.51,0.03,68.25,0.13,54.48,0.25,64.25,0.0,66.99,0.0,54.06,0.19,63.32,0.45,63.32
31,twitch,gcn,stage2,twitch_gcn_frontdoor_stage2_lr0.01_weight_decay0.0001_dropout0.0_hidden_channels32_K3_lambda_fd0.5_lambda_spu0.1_lambda_ind0.05_context_gate_temp1.0_fd_blend0.3_pos_weight3.0,search_logs_frontdoor/twitch/gcn/stage2/031_twitch_gcn_frontdoor_stage2_lr0.01_weight_decay0.0001_dropout0.0_hidden_channels32_K3_lambda_fd0.5_lambda_spu0.1_lambda_ind0.05_context_gate_temp1.0_fd_blend0.3_pos_weight3.0.log,python main_frontdoor.py --dataset twitch --backbone_type gcn --store_result --epochs 500 --runs 2 --num_layers 2 --device 1 --seed 2024 --lr 0.01 --weight_decay 0.0001 --dropout 0.0 --hidden_channels 32 --K 3 --lambda_fd 0.5 --lambda_spu 0.1 --lambda_ind 0.05 --context_gate_temp 1.0 --fd_blend 0.3 --pos_weight 3.0 --result_name twitch_gcn_frontdoor_stage2_lr0.01_weight_decay0.0001_dropout0.0_hidden_channels32_K3_lambda_fd0.5_lambda_spu0.1_lambda_ind0.05_context_gate_temp1.0_fd_blend0.3_pos_weight3.0,0,201.76,0.01,0.0001,0.0,32,3,0.5,0.1,0.05,1.0,0.3,3.0,86.5,2.72,73.62,0.19,74.91,0.01,78.64,0.22,74.86,0.05,68.31,0.17,54.78,0.13,64.51,0.08,67.61,0.45,54.37,0.25,63.9,0.04,63.9
32,twitch,gcn,stage2,twitch_gcn_frontdoor_stage2_lr0.01_weight_decay0.0001_dropout0.0_hidden_channels32_K3_lambda_fd0.5_lambda_spu0.1_lambda_ind0.05_context_gate_temp1.0_fd_blend0.3_pos_weight5.0,search_logs_frontdoor/twitch/gcn/stage2/032_twitch_gcn_frontdoor_stage2_lr0.01_weight_decay0.0001_dropout0.0_hidden_channels32_K3_lambda_fd0.5_lambda_spu0.1_lambda_ind0.05_context_gate_temp1.0_fd_blend0.3_pos_weight5.0.log,python main_frontdoor.py --dataset twitch --backbone_type gcn --store_result --epochs 500 --runs 2 --num_layers 2 --device 1 --seed 2024 --lr 0.01 --weight_decay 0.0001 --dropout 0.0 --hidden_channels 32 --K 3 --lambda_fd 0.5 --lambda_spu 0.1 --lambda_ind 0.05 --context_gate_temp 1.0 --fd_blend 0.3 --pos_weight 5.0 --result_name twitch_gcn_frontdoor_stage2_lr0.01_weight_decay0.0001_dropout0.0_hidden_channels32_K3_lambda_fd0.5_lambda_spu0.1_lambda_ind0.05_context_gate_temp1.0_fd_blend0.3_pos_weight5.0,0,165.17,0.01,0.0001,0.0,32,3,0.5,0.1,0.05,1.0,0.3,5.0,84.71,0.32,73.5,0.04,74.86,0.14,78.55,0.28,74.81,0.06,68.4,0.13,54.61,0.74,64.25,0.01,67.66,0.03,54.04,0.37,63.66,0.3,63.66
33,twitch,gcn,stage2,twitch_gcn_frontdoor_stage2_lr0.01_weight_decay0.0001_dropout0.0_hidden_channels32_K3_lambda_fd0.5_lambda_spu0.1_lambda_ind0.05_context_gate_temp1.0_fd_blend0.3_pos_weight7.0,search_logs_frontdoor/twitch/gcn/stage2/033_twitch_gcn_frontdoor_stage2_lr0.01_weight_decay0.0001_dropout0.0_hidden_channels32_K3_lambda_fd0.5_lambda_spu0.1_lambda_ind0.05_context_gate_temp1.0_fd_blend0.3_pos_weight7.0.log,python main_frontdoor.py --dataset twitch --backbone_type gcn --store_result --epochs 500 --runs 2 --num_layers 2 --device 1 --seed 2024 --lr 0.01 --weight_decay 0.0001 --dropout 0.0 --hidden_channels 32 --K 3 --lambda_fd 0.5 --lambda_spu 0.1 --lambda_ind 0.05 --context_gate_temp 1.0 --fd_blend 0.3 --pos_weight 7.0 --result_name twitch_gcn_frontdoor_stage2_lr0.01_weight_decay0.0001_dropout0.0_hidden_channels32_K3_lambda_fd0.5_lambda_spu0.1_lambda_ind0.05_context_gate_temp1.0_fd_blend0.3_pos_weight7.0,0,162.43,0.01,0.0001,0.0,32,3,0.5,0.1,0.05,1.0,0.3,7.0,83.46,0.12,73.66,0.18,74.79,0.08,78.89,0.05,74.59,0.03,68.03,0.13,54.99,0.15,64.26,0.08,67.06,0.72,54.82,0.33,63.79,0.07,63.79
34,twitch,gcn,stage2,twitch_gcn_frontdoor_stage2_lr0.01_weight_decay0.0001_dropout0.0_hidden_channels32_K3_lambda_fd0.5_lambda_spu0.1_lambda_ind0.05_context_gate_temp1.0_fd_blend0.5_pos_weight3.0,search_logs_frontdoor/twitch/gcn/stage2/034_twitch_gcn_frontdoor_stage2_lr0.01_weight_decay0.0001_dropout0.0_hidden_channels32_K3_lambda_fd0.5_lambda_spu0.1_lambda_ind0.05_context_gate_temp1.0_fd_blend0.5_pos_weight3.0.log,python main_frontdoor.py --dataset twitch --backbone_type gcn --store_result --epochs 500 --runs 2 --num_layers 2 --device 1 --seed 2024 --lr 0.01 --weight_decay 0.0001 --dropout 0.0 --hidden_channels 32 --K 3 --lambda_fd 0.5 --lambda_spu 0.1 --lambda_ind 0.05 --context_gate_temp 1.0 --fd_blend 0.5 --pos_weight 3.0 --result_name twitch_gcn_frontdoor_stage2_lr0.01_weight_decay0.0001_dropout0.0_hidden_channels32_K3_lambda_fd0.5_lambda_spu0.1_lambda_ind0.05_context_gate_temp1.0_fd_blend0.5_pos_weight3.0,0,165.58,0.01,0.0001,0.0,32,3,0.5,0.1,0.05,1.0,0.5,3.0,87.38,3.94,73.56,0.14,75.09,0.07,78.08,0.05,74.97,0.01,68.28,0.06,54.86,0.15,64.43,0.04,67.59,0.18,54.38,0.54,64.11,0.12,64.11
35,twitch,gcn,stage2,twitch_gcn_frontdoor_stage2_lr0.01_weight_decay0.0001_dropout0.0_hidden_channels32_K3_lambda_fd0.5_lambda_spu0.1_lambda_ind0.05_context_gate_temp1.0_fd_blend0.5_pos_weight5.0,search_logs_frontdoor/twitch/gcn/stage2/035_twitch_gcn_frontdoor_stage2_lr0.01_weight_decay0.0001_dropout0.0_hidden_channels32_K3_lambda_fd0.5_lambda_spu0.1_lambda_ind0.05_context_gate_temp1.0_fd_blend0.5_pos_weight5.0.log,python main_frontdoor.py --dataset twitch --backbone_type gcn --store_result --epochs 500 --runs 2 --num_layers 2 --device 1 --seed 2024 --lr 0.01 --weight_decay 0.0001 --dropout 0.0 --hidden_channels 32 --K 3 --lambda_fd 0.5 --lambda_spu 0.1 --lambda_ind 0.05 --context_gate_temp 1.0 --fd_blend 0.5 --pos_weight 5.0 --result_name twitch_gcn_frontdoor_stage2_lr0.01_weight_decay0.0001_dropout0.0_hidden_channels32_K3_lambda_fd0.5_lambda_spu0.1_lambda_ind0.05_context_gate_temp1.0_fd_blend0.5_pos_weight5.0,0,167.86,0.01,0.0001,0.0,32,3,0.5,0.1,0.05,1.0,0.5,5.0,86.8,1.96,73.73,0.27,75.0,0.06,79.36,2.28,74.88,0.07,68.41,0.19,54.7,0.02,64.37,0.08,66.4,1.35,53.98,0.44,63.31,1.02,63.31
36,twitch,gcn,stage2,twitch_gcn_frontdoor_stage2_lr0.01_weight_decay0.0001_dropout0.0_hidden_channels32_K3_lambda_fd0.5_lambda_spu0.1_lambda_ind0.05_context_gate_temp1.0_fd_blend0.5_pos_weight7.0,search_logs_frontdoor/twitch/gcn/stage2/036_twitch_gcn_frontdoor_stage2_lr0.01_weight_decay0.0001_dropout0.0_hidden_channels32_K3_lambda_fd0.5_lambda_spu0.1_lambda_ind0.05_context_gate_temp1.0_fd_blend0.5_pos_weight7.0.log,python main_frontdoor.py --dataset twitch --backbone_type gcn --store_result --epochs 500 --runs 2 --num_layers 2 --device 1 --seed 2024 --lr 0.01 --weight_decay 0.0001 --dropout 0.0 --hidden_channels 32 --K 3 --lambda_fd 0.5 --lambda_spu 0.1 --lambda_ind 0.05 --context_gate_temp 1.0 --fd_blend 0.5 --pos_weight 7.0 --result_name twitch_gcn_frontdoor_stage2_lr0.01_weight_decay0.0001_dropout0.0_hidden_channels32_K3_lambda_fd0.5_lambda_spu0.1_lambda_ind0.05_context_gate_temp1.0_fd_blend0.5_pos_weight7.0,0,235.47,0.01,0.0001,0.0,32,3,0.5,0.1,0.05,1.0,0.5,7.0,83.74,2.22,73.72,0.41,74.92,0.16,79.01,0.84,74.66,0.0,68.18,0.27,54.93,0.02,64.34,0.26,67.03,0.11,54.43,0.02,63.49,0.44,63.49
37,twitch,gcn,stage2,twitch_gcn_frontdoor_stage2_lr0.01_weight_decay0.0001_dropout0.0_hidden_channels32_K3_lambda_fd0.5_lambda_spu0.1_lambda_ind0.1_context_gate_temp0.5_fd_blend0.3_pos_weight3.0,search_logs_frontdoor/twitch/gcn/stage2/037_twitch_gcn_frontdoor_stage2_lr0.01_weight_decay0.0001_dropout0.0_hidden_channels32_K3_lambda_fd0.5_lambda_spu0.1_lambda_ind0.1_context_gate_temp0.5_fd_blend0.3_pos_weight3.0.log,python main_frontdoor.py --dataset twitch --backbone_type gcn --store_result --epochs 500 --runs 2 --num_layers 2 --device 1 --seed 2024 --lr 0.01 --weight_decay 0.0001 --dropout 0.0 --hidden_channels 32 --K 3 --lambda_fd 0.5 --lambda_spu 0.1 --lambda_ind 0.1 --context_gate_temp 0.5 --fd_blend 0.3 --pos_weight 3.0 --result_name twitch_gcn_frontdoor_stage2_lr0.01_weight_decay0.0001_dropout0.0_hidden_channels32_K3_lambda_fd0.5_lambda_spu0.1_lambda_ind0.1_context_gate_temp0.5_fd_blend0.3_pos_weight3.0,0,199.87,0.01,0.0001,0.0,32,3,0.5,0.1,0.1,0.5,0.3,3.0,87.24,2.68,73.66,0.11,74.99,0.12,79.02,0.02,74.87,0.1,68.4,0.39,54.47,0.04,64.5,0.15,67.4,0.34,53.97,0.24,64.0,0.19,64.0
38,twitch,gcn,stage2,twitch_gcn_frontdoor_stage2_lr0.01_weight_decay0.0001_dropout0.0_hidden_channels32_K3_lambda_fd0.5_lambda_spu0.1_lambda_ind0.1_context_gate_temp0.5_fd_blend0.3_pos_weight5.0,search_logs_frontdoor/twitch/gcn/stage2/038_twitch_gcn_frontdoor_stage2_lr0.01_weight_decay0.0001_dropout0.0_hidden_channels32_K3_lambda_fd0.5_lambda_spu0.1_lambda_ind0.1_context_gate_temp0.5_fd_blend0.3_pos_weight5.0.log,python main_frontdoor.py --dataset twitch --backbone_type gcn --store_result --epochs 500 --runs 2 --num_layers 2 --device 1 --seed 2024 --lr 0.01 --weight_decay 0.0001 --dropout 0.0 --hidden_channels 32 --K 3 --lambda_fd 0.5 --lambda_spu 0.1 --lambda_ind 0.1 --context_gate_temp 0.5 --fd_blend 0.3 --pos_weight 5.0 --result_name twitch_gcn_frontdoor_stage2_lr0.01_weight_decay0.0001_dropout0.0_hidden_channels32_K3_lambda_fd0.5_lambda_spu0.1_lambda_ind0.1_context_gate_temp0.5_fd_blend0.3_pos_weight5.0,0,176.13,0.01,0.0001,0.0,32,3,0.5,0.1,0.1,0.5,0.3,5.0,84.29,0.27,73.41,0.36,74.81,0.08,78.43,0.84,74.68,0.06,68.25,0.19,54.59,0.19,64.16,0.21,67.43,0.04,54.0,0.36,63.89,0.12,63.89
39,twitch,gcn,stage2,twitch_gcn_frontdoor_stage2_lr0.01_weight_decay0.0001_dropout0.0_hidden_channels32_K3_lambda_fd0.5_lambda_spu0.1_lambda_ind0.1_context_gate_temp0.5_fd_blend0.3_pos_weight7.0,search_logs_frontdoor/twitch/gcn/stage2/039_twitch_gcn_frontdoor_stage2_lr0.01_weight_decay0.0001_dropout0.0_hidden_channels32_K3_lambda_fd0.5_lambda_spu0.1_lambda_ind0.1_context_gate_temp0.5_fd_blend0.3_pos_weight7.0.log,python main_frontdoor.py --dataset twitch --backbone_type gcn --store_result --epochs 500 --runs 2 --num_layers 2 --device 1 --seed 2024 --lr 0.01 --weight_decay 0.0001 --dropout 0.0 --hidden_channels 32 --K 3 --lambda_fd 0.5 --lambda_spu 0.1 --lambda_ind 0.1 --context_gate_temp 0.5 --fd_blend 0.3 --pos_weight 7.0 --result_name twitch_gcn_frontdoor_stage2_lr0.01_weight_decay0.0001_dropout0.0_hidden_channels32_K3_lambda_fd0.5_lambda_spu0.1_lambda_ind0.1_context_gate_temp0.5_fd_blend0.3_pos_weight7.0,0,182.09,0.01,0.0001,0.0,32,3,0.5,0.1,0.1,0.5,0.3,7.0,83.01,3.21,73.38,0.2,74.88,0.32,78.63,0.86,74.77,0.33,68.31,0.14,54.6,0.08,64.27,0.15,67.2,0.02,54.01,0.58,63.77,0.11,63.77
40,twitch,gcn,stage2,twitch_gcn_frontdoor_stage2_lr0.01_weight_decay0.0001_dropout0.0_hidden_channels32_K3_lambda_fd0.5_lambda_spu0.1_lambda_ind0.1_context_gate_temp0.5_fd_blend0.5_pos_weight3.0,search_logs_frontdoor/twitch/gcn/stage2/040_twitch_gcn_frontdoor_stage2_lr0.01_weight_decay0.0001_dropout0.0_hidden_channels32_K3_lambda_fd0.5_lambda_spu0.1_lambda_ind0.1_context_gate_temp0.5_fd_blend0.5_pos_weight3.0.log,python main_frontdoor.py --dataset twitch --backbone_type gcn --store_result --epochs 500 --runs 2 --num_layers 2 --device 1 --seed 2024 --lr 0.01 --weight_decay 0.0001 --dropout 0.0 --hidden_channels 32 --K 3 --lambda_fd 0.5 --lambda_spu 0.1 --lambda_ind 0.1 --context_gate_temp 0.5 --fd_blend 0.5 --pos_weight 3.0 --result_name twitch_gcn_frontdoor_stage2_lr0.01_weight_decay0.0001_dropout0.0_hidden_channels32_K3_lambda_fd0.5_lambda_spu0.1_lambda_ind0.1_context_gate_temp0.5_fd_blend0.5_pos_weight3.0,0,176.07,0.01,0.0001,0.0,32,3,0.5,0.1,0.1,0.5,0.5,3.0,86.1,3.21,73.66,0.01,75.03,0.05,78.38,0.23,74.94,0.05,68.09,0.22,54.93,0.14,64.45,0.16,67.29,0.02,54.59,0.47,64.04,0.15,64.04
41,twitch,gcn,stage2,twitch_gcn_frontdoor_stage2_lr0.01_weight_decay0.0001_dropout0.0_hidden_channels32_K3_lambda_fd0.5_lambda_spu0.1_lambda_ind0.1_context_gate_temp0.5_fd_blend0.5_pos_weight5.0,search_logs_frontdoor/twitch/gcn/stage2/041_twitch_gcn_frontdoor_stage2_lr0.01_weight_decay0.0001_dropout0.0_hidden_channels32_K3_lambda_fd0.5_lambda_spu0.1_lambda_ind0.1_context_gate_temp0.5_fd_blend0.5_pos_weight5.0.log,python main_frontdoor.py --dataset twitch --backbone_type gcn --store_result --epochs 500 --runs 2 --num_layers 2 --device 1 --seed 2024 --lr 0.01 --weight_decay 0.0001 --dropout 0.0 --hidden_channels 32 --K 3 --lambda_fd 0.5 --lambda_spu 0.1 --lambda_ind 0.1 --context_gate_temp 0.5 --fd_blend 0.5 --pos_weight 5.0 --result_name twitch_gcn_frontdoor_stage2_lr0.01_weight_decay0.0001_dropout0.0_hidden_channels32_K3_lambda_fd0.5_lambda_spu0.1_lambda_ind0.1_context_gate_temp0.5_fd_blend0.5_pos_weight5.0,0,160.3,0.01,0.0001,0.0,32,3,0.5,0.1,0.1,0.5,0.5,5.0,86.63,0.32,73.56,0.16,74.95,0.01,79.19,0.21,74.84,0.15,68.31,0.19,54.81,0.3,64.38,0.19,66.92,0.0,54.39,0.24,63.59,0.6,63.59
42,twitch,gcn,stage2,twitch_gcn_frontdoor_stage2_lr0.01_weight_decay0.0001_dropout0.0_hidden_channels32_K3_lambda_fd0.5_lambda_spu0.1_lambda_ind0.1_context_gate_temp0.5_fd_blend0.5_pos_weight7.0,search_logs_frontdoor/twitch/gcn/stage2/042_twitch_gcn_frontdoor_stage2_lr0.01_weight_decay0.0001_dropout0.0_hidden_channels32_K3_lambda_fd0.5_lambda_spu0.1_lambda_ind0.1_context_gate_temp0.5_fd_blend0.5_pos_weight7.0.log,python main_frontdoor.py --dataset twitch --backbone_type gcn --store_result --epochs 500 --runs 2 --num_layers 2 --device 1 --seed 2024 --lr 0.01 --weight_decay 0.0001 --dropout 0.0 --hidden_channels 32 --K 3 --lambda_fd 0.5 --lambda_spu 0.1 --lambda_ind 0.1 --context_gate_temp 0.5 --fd_blend 0.5 --pos_weight 7.0 --result_name twitch_gcn_frontdoor_stage2_lr0.01_weight_decay0.0001_dropout0.0_hidden_channels32_K3_lambda_fd0.5_lambda_spu0.1_lambda_ind0.1_context_gate_temp0.5_fd_blend0.5_pos_weight7.0,0,162.5,0.01,0.0001,0.0,32,3,0.5,0.1,0.1,0.5,0.5,7.0,85.95,1.34,73.53,0.14,74.9,0.06,77.96,0.2,74.71,0.08,68.39,0.25,54.32,0.12,64.41,0.04,67.77,0.01,53.69,0.36,63.95,0.27,63.95
43,twitch,gcn,stage2,twitch_gcn_frontdoor_stage2_lr0.01_weight_decay0.0001_dropout0.0_hidden_channels32_K3_lambda_fd0.5_lambda_spu0.1_lambda_ind0.1_context_gate_temp1.0_fd_blend0.3_pos_weight3.0,search_logs_frontdoor/twitch/gcn/stage2/043_twitch_gcn_frontdoor_stage2_lr0.01_weight_decay0.0001_dropout0.0_hidden_channels32_K3_lambda_fd0.5_lambda_spu0.1_lambda_ind0.1_context_gate_temp1.0_fd_blend0.3_pos_weight3.0.log,python main_frontdoor.py --dataset twitch --backbone_type gcn --store_result --epochs 500 --runs 2 --num_layers 2 --device 1 --seed 2024 --lr 0.01 --weight_decay 0.0001 --dropout 0.0 --hidden_channels 32 --K 3 --lambda_fd 0.5 --lambda_spu 0.1 --lambda_ind 0.1 --context_gate_temp 1.0 --fd_blend 0.3 --pos_weight 3.0 --result_name twitch_gcn_frontdoor_stage2_lr0.01_weight_decay0.0001_dropout0.0_hidden_channels32_K3_lambda_fd0.5_lambda_spu0.1_lambda_ind0.1_context_gate_temp1.0_fd_blend0.3_pos_weight3.0,0,167.76,0.01,0.0001,0.0,32,3,0.5,0.1,0.1,1.0,0.3,3.0,86.39,1.37,73.54,0.01,74.97,0.08,78.16,1.05,74.86,0.03,68.29,0.32,54.74,0.3,64.4,0.05,67.52,0.07,53.94,0.04,64.0,0.0,64.0
44,twitch,gcn,stage2,twitch_gcn_frontdoor_stage2_lr0.01_weight_decay0.0001_dropout0.0_hidden_channels32_K3_lambda_fd0.5_lambda_spu0.1_lambda_ind0.1_context_gate_temp1.0_fd_blend0.3_pos_weight5.0,search_logs_frontdoor/twitch/gcn/stage2/044_twitch_gcn_frontdoor_stage2_lr0.01_weight_decay0.0001_dropout0.0_hidden_channels32_K3_lambda_fd0.5_lambda_spu0.1_lambda_ind0.1_context_gate_temp1.0_fd_blend0.3_pos_weight5.0.log,python main_frontdoor.py --dataset twitch --backbone_type gcn --store_result --epochs 500 --runs 2 --num_layers 2 --device 1 --seed 2024 --lr 0.01 --weight_decay 0.0001 --dropout 0.0 --hidden_channels 32 --K 3 --lambda_fd 0.5 --lambda_spu 0.1 --lambda_ind 0.1 --context_gate_temp 1.0 --fd_blend 0.3 --pos_weight 5.0 --result_name twitch_gcn_frontdoor_stage2_lr0.01_weight_decay0.0001_dropout0.0_hidden_channels32_K3_lambda_fd0.5_lambda_spu0.1_lambda_ind0.1_context_gate_temp1.0_fd_blend0.3_pos_weight5.0,0,185.31,0.01,0.0001,0.0,32,3,0.5,0.1,0.1,1.0,0.3,5.0,84.23,2.74,73.41,0.13,74.75,0.17,77.91,0.89,74.72,0.18,67.98,0.36,54.95,0.02,64.16,0.05,67.14,0.28,53.8,0.06,63.83,0.08,63.83
45,twitch,gcn,stage2,twitch_gcn_frontdoor_stage2_lr0.01_weight_decay0.0001_dropout0.0_hidden_channels32_K3_lambda_fd0.5_lambda_spu0.1_lambda_ind0.1_context_gate_temp1.0_fd_blend0.3_pos_weight7.0,search_logs_frontdoor/twitch/gcn/stage2/045_twitch_gcn_frontdoor_stage2_lr0.01_weight_decay0.0001_dropout0.0_hidden_channels32_K3_lambda_fd0.5_lambda_spu0.1_lambda_ind0.1_context_gate_temp1.0_fd_blend0.3_pos_weight7.0.log,python main_frontdoor.py --dataset twitch --backbone_type gcn --store_result --epochs 500 --runs 2 --num_layers 2 --device 1 --seed 2024 --lr 0.01 --weight_decay 0.0001 --dropout 0.0 --hidden_channels 32 --K 3 --lambda_fd 0.5 --lambda_spu 0.1 --lambda_ind 0.1 --context_gate_temp 1.0 --fd_blend 0.3 --pos_weight 7.0 --result_name twitch_gcn_frontdoor_stage2_lr0.01_weight_decay0.0001_dropout0.0_hidden_channels32_K3_lambda_fd0.5_lambda_spu0.1_lambda_ind0.1_context_gate_temp1.0_fd_blend0.3_pos_weight7.0,0,240.03,0.01,0.0001,0.0,32,3,0.5,0.1,0.1,1.0,0.3,7.0,82.07,0.54,73.69,0.03,74.83,0.17,78.49,0.0,74.72,0.24,68.46,0.03,54.92,0.17,64.46,0.22,66.83,0.48,54.63,0.25,63.72,0.02,63.72
46,twitch,gcn,stage2,twitch_gcn_frontdoor_stage2_lr0.01_weight_decay0.0001_dropout0.0_hidden_channels32_K3_lambda_fd0.5_lambda_spu0.1_lambda_ind0.1_context_gate_temp1.0_fd_blend0.5_pos_weight3.0,search_logs_frontdoor/twitch/gcn/stage2/046_twitch_gcn_frontdoor_stage2_lr0.01_weight_decay0.0001_dropout0.0_hidden_channels32_K3_lambda_fd0.5_lambda_spu0.1_lambda_ind0.1_context_gate_temp1.0_fd_blend0.5_pos_weight3.0.log,python main_frontdoor.py --dataset twitch --backbone_type gcn --store_result --epochs 500 --runs 2 --num_layers 2 --device 1 --seed 2024 --lr 0.01 --weight_decay 0.0001 --dropout 0.0 --hidden_channels 32 --K 3 --lambda_fd 0.5 --lambda_spu 0.1 --lambda_ind 0.1 --context_gate_temp 1.0 --fd_blend 0.5 --pos_weight 3.0 --result_name twitch_gcn_frontdoor_stage2_lr0.01_weight_decay0.0001_dropout0.0_hidden_channels32_K3_lambda_fd0.5_lambda_spu0.1_lambda_ind0.1_context_gate_temp1.0_fd_blend0.5_pos_weight3.0,0,167.83,0.01,0.0001,0.0,32,3,0.5,0.1,0.1,1.0,0.5,3.0,86.73,2.05,73.61,0.09,75.0,0.05,78.72,0.42,74.89,0.17,68.19,0.23,54.93,0.13,64.47,0.03,67.29,0.34,54.46,0.13,63.94,0.41,63.94
47,twitch,gcn,stage2,twitch_gcn_frontdoor_stage2_lr0.01_weight_decay0.0001_dropout0.0_hidden_channels32_K3_lambda_fd0.5_lambda_spu0.1_lambda_ind0.1_context_gate_temp1.0_fd_blend0.5_pos_weight5.0,search_logs_frontdoor/twitch/gcn/stage2/047_twitch_gcn_frontdoor_stage2_lr0.01_weight_decay0.0001_dropout0.0_hidden_channels32_K3_lambda_fd0.5_lambda_spu0.1_lambda_ind0.1_context_gate_temp1.0_fd_blend0.5_pos_weight5.0.log,python main_frontdoor.py --dataset twitch --backbone_type gcn --store_result --epochs 500 --runs 2 --num_layers 2 --device 1 --seed 2024 --lr 0.01 --weight_decay 0.0001 --dropout 0.0 --hidden_channels 32 --K 3 --lambda_fd 0.5 --lambda_spu 0.1 --lambda_ind 0.1 --context_gate_temp 1.0 --fd_blend 0.5 --pos_weight 5.0 --result_name twitch_gcn_frontdoor_stage2_lr0.01_weight_decay0.0001_dropout0.0_hidden_channels32_K3_lambda_fd0.5_lambda_spu0.1_lambda_ind0.1_context_gate_temp1.0_fd_blend0.5_pos_weight5.0,0,166.02,0.01,0.0001,0.0,32,3,0.5,0.1,0.1,1.0,0.5,5.0,87.06,1.52,73.52,0.22,74.84,0.15,78.26,0.55,74.76,0.04,68.36,0.06,54.83,0.17,64.27,0.22,67.51,0.68,53.95,0.22,63.87,0.17,63.87
48,twitch,gcn,stage2,twitch_gcn_frontdoor_stage2_lr0.01_weight_decay0.0001_dropout0.0_hidden_channels32_K3_lambda_fd0.5_lambda_spu0.1_lambda_ind0.1_context_gate_temp1.0_fd_blend0.5_pos_weight7.0,search_logs_frontdoor/twitch/gcn/stage2/048_twitch_gcn_frontdoor_stage2_lr0.01_weight_decay0.0001_dropout0.0_hidden_channels32_K3_lambda_fd0.5_lambda_spu0.1_lambda_ind0.1_context_gate_temp1.0_fd_blend0.5_pos_weight7.0.log,python main_frontdoor.py --dataset twitch --backbone_type gcn --store_result --epochs 500 --runs 2 --num_layers 2 --device 1 --seed 2024 --lr 0.01 --weight_decay 0.0001 --dropout 0.0 --hidden_channels 32 --K 3 --lambda_fd 0.5 --lambda_spu 0.1 --lambda_ind 0.1 --context_gate_temp 1.0 --fd_blend 0.5 --pos_weight 7.0 --result_name twitch_gcn_frontdoor_stage2_lr0.01_weight_decay0.0001_dropout0.0_hidden_channels32_K3_lambda_fd0.5_lambda_spu0.1_lambda_ind0.1_context_gate_temp1.0_fd_blend0.5_pos_weight7.0,0,164.15,0.01,0.0001,0.0,32,3,0.5,0.1,0.1,1.0,0.5,7.0,84.6,1.76,73.63,0.08,74.92,0.15,78.72,0.22,74.57,0.03,68.39,0.13,54.79,0.01,64.4,0.1,67.04,0.18,54.38,0.27,63.73,0.12,63.73
49,twitch,gcn,stage2,twitch_gcn_frontdoor_stage2_lr0.01_weight_decay0.0001_dropout0.0_hidden_channels32_K3_lambda_fd1.0_lambda_spu0.05_lambda_ind0.05_context_gate_temp0.5_fd_blend0.3_pos_weight3.0,search_logs_frontdoor/twitch/gcn/stage2/049_twitch_gcn_frontdoor_stage2_lr0.01_weight_decay0.0001_dropout0.0_hidden_channels32_K3_lambda_fd1.0_lambda_spu0.05_lambda_ind0.05_context_gate_temp0.5_fd_blend0.3_pos_weight3.0.log,python main_frontdoor.py --dataset twitch --backbone_type gcn --store_result --epochs 500 --runs 2 --num_layers 2 --device 1 --seed 2024 --lr 0.01 --weight_decay 0.0001 --dropout 0.0 --hidden_channels 32 --K 3 --lambda_fd 1.0 --lambda_spu 0.05 --lambda_ind 0.05 --context_gate_temp 0.5 --fd_blend 0.3 --pos_weight 3.0 --result_name twitch_gcn_frontdoor_stage2_lr0.01_weight_decay0.0001_dropout0.0_hidden_channels32_K3_lambda_fd1.0_lambda_spu0.05_lambda_ind0.05_context_gate_temp0.5_fd_blend0.3_pos_weight3.0,0,167.74,0.01,0.0001,0.0,32,3,1.0,0.05,0.05,0.5,0.3,3.0,86.59,3.44,73.55,0.11,75.0,0.05,78.5,1.03,74.91,0.02,68.18,0.2,55.04,0.51,64.46,0.07,67.17,0.04,54.29,0.83,63.93,0.04,63.93
50,twitch,gcn,stage2,twitch_gcn_frontdoor_stage2_lr0.01_weight_decay0.0001_dropout0.0_hidden_channels32_K3_lambda_fd1.0_lambda_spu0.05_lambda_ind0.05_context_gate_temp0.5_fd_blend0.3_pos_weight5.0,search_logs_frontdoor/twitch/gcn/stage2/050_twitch_gcn_frontdoor_stage2_lr0.01_weight_decay0.0001_dropout0.0_hidden_channels32_K3_lambda_fd1.0_lambda_spu0.05_lambda_ind0.05_context_gate_temp0.5_fd_blend0.3_pos_weight5.0.log,python main_frontdoor.py --dataset twitch --backbone_type gcn --store_result --epochs 500 --runs 2 --num_layers 2 --device 1 --seed 2024 --lr 0.01 --weight_decay 0.0001 --dropout 0.0 --hidden_channels 32 --K 3 --lambda_fd 1.0 --lambda_spu 0.05 --lambda_ind 0.05 --context_gate_temp 0.5 --fd_blend 0.3 --pos_weight 5.0 --result_name twitch_gcn_frontdoor_stage2_lr0.01_weight_decay0.0001_dropout0.0_hidden_channels32_K3_lambda_fd1.0_lambda_spu0.05_lambda_ind0.05_context_gate_temp0.5_fd_blend0.3_pos_weight5.0,0,163.37,0.01,0.0001,0.0,32,3,1.0,0.05,0.05,0.5,0.3,5.0,85.64,0.25,73.63,0.42,74.99,0.18,78.07,0.72,74.91,0.1,68.12,0.05,54.75,0.22,64.33,0.12,67.18,0.11,54.16,0.54,64.02,0.05,64.02
51,twitch,gcn,stage2,twitch_gcn_frontdoor_stage2_lr0.01_weight_decay0.0001_dropout0.0_hidden_channels32_K3_lambda_fd1.0_lambda_spu0.05_lambda_ind0.05_context_gate_temp0.5_fd_blend0.3_pos_weight7.0,search_logs_frontdoor/twitch/gcn/stage2/051_twitch_gcn_frontdoor_stage2_lr0.01_weight_decay0.0001_dropout0.0_hidden_channels32_K3_lambda_fd1.0_lambda_spu0.05_lambda_ind0.05_context_gate_temp0.5_fd_blend0.3_pos_weight7.0.log,python main_frontdoor.py --dataset twitch --backbone_type gcn --store_result --epochs 500 --runs 2 --num_layers 2 --device 1 --seed 2024 --lr 0.01 --weight_decay 0.0001 --dropout 0.0 --hidden_channels 32 --K 3 --lambda_fd 1.0 --lambda_spu 0.05 --lambda_ind 0.05 --context_gate_temp 0.5 --fd_blend 0.3 --pos_weight 7.0 --result_name twitch_gcn_frontdoor_stage2_lr0.01_weight_decay0.0001_dropout0.0_hidden_channels32_K3_lambda_fd1.0_lambda_spu0.05_lambda_ind0.05_context_gate_temp0.5_fd_blend0.3_pos_weight7.0,0,163.83,0.01,0.0001,0.0,32,3,1.0,0.05,0.05,0.5,0.3,7.0,83.29,1.15,73.5,0.18,74.84,0.02,79.29,1.49,74.47,0.44,68.35,0.31,54.9,0.02,64.35,0.01,66.7,0.99,54.81,0.04,63.61,0.34,63.61
52,twitch,gcn,stage2,twitch_gcn_frontdoor_stage2_lr0.01_weight_decay0.0001_dropout0.0_hidden_channels32_K3_lambda_fd1.0_lambda_spu0.05_lambda_ind0.05_context_gate_temp0.5_fd_blend0.5_pos_weight3.0,search_logs_frontdoor/twitch/gcn/stage2/052_twitch_gcn_frontdoor_stage2_lr0.01_weight_decay0.0001_dropout0.0_hidden_channels32_K3_lambda_fd1.0_lambda_spu0.05_lambda_ind0.05_context_gate_temp0.5_fd_blend0.5_pos_weight3.0.log,python main_frontdoor.py --dataset twitch --backbone_type gcn --store_result --epochs 500 --runs 2 --num_layers 2 --device 1 --seed 2024 --lr 0.01 --weight_decay 0.0001 --dropout 0.0 --hidden_channels 32 --K 3 --lambda_fd 1.0 --lambda_spu 0.05 --lambda_ind 0.05 --context_gate_temp 0.5 --fd_blend 0.5 --pos_weight 3.0 --result_name twitch_gcn_frontdoor_stage2_lr0.01_weight_decay0.0001_dropout0.0_hidden_channels32_K3_lambda_fd1.0_lambda_spu0.05_lambda_ind0.05_context_gate_temp0.5_fd_blend0.5_pos_weight3.0,0,166.34,0.01,0.0001,0.0,32,3,1.0,0.05,0.05,0.5,0.5,3.0,87.91,0.05,73.9,0.14,74.98,0.19,77.54,0.08,74.86,0.16,68.09,0.1,55.02,0.5,64.43,0.05,66.51,0.79,54.22,0.33,63.76,0.31,63.76
53,twitch,gcn,stage2,twitch_gcn_frontdoor_stage2_lr0.01_weight_decay0.0001_dropout0.0_hidden_channels32_K3_lambda_fd1.0_lambda_spu0.05_lambda_ind0.05_context_gate_temp0.5_fd_blend0.5_pos_weight5.0,search_logs_frontdoor/twitch/gcn/stage2/053_twitch_gcn_frontdoor_stage2_lr0.01_weight_decay0.0001_dropout0.0_hidden_channels32_K3_lambda_fd1.0_lambda_spu0.05_lambda_ind0.05_context_gate_temp0.5_fd_blend0.5_pos_weight5.0.log,python main_frontdoor.py --dataset twitch --backbone_type gcn --store_result --epochs 500 --runs 2 --num_layers 2 --device 1 --seed 2024 --lr 0.01 --weight_decay 0.0001 --dropout 0.0 --hidden_channels 32 --K 3 --lambda_fd 1.0 --lambda_spu 0.05 --lambda_ind 0.05 --context_gate_temp 0.5 --fd_blend 0.5 --pos_weight 5.0 --result_name twitch_gcn_frontdoor_stage2_lr0.01_weight_decay0.0001_dropout0.0_hidden_channels32_K3_lambda_fd1.0_lambda_spu0.05_lambda_ind0.05_context_gate_temp0.5_fd_blend0.5_pos_weight5.0,0,200.27,0.01,0.0001,0.0,32,3,1.0,0.05,0.05,0.5,0.5,5.0,86.2,0.04,73.63,0.15,74.85,0.25,78.39,0.01,74.79,0.24,68.22,0.05,55.17,0.11,64.35,0.14,66.89,0.58,54.78,0.08,63.63,0.56,63.63
54,twitch,gcn,stage2,twitch_gcn_frontdoor_stage2_lr0.01_weight_decay0.0001_dropout0.0_hidden_channels32_K3_lambda_fd1.0_lambda_spu0.05_lambda_ind0.05_context_gate_temp0.5_fd_blend0.5_pos_weight7.0,search_logs_frontdoor/twitch/gcn/stage2/054_twitch_gcn_frontdoor_stage2_lr0.01_weight_decay0.0001_dropout0.0_hidden_channels32_K3_lambda_fd1.0_lambda_spu0.05_lambda_ind0.05_context_gate_temp0.5_fd_blend0.5_pos_weight7.0.log,python main_frontdoor.py --dataset twitch --backbone_type gcn --store_result --epochs 500 --runs 2 --num_layers 2 --device 1 --seed 2024 --lr 0.01 --weight_decay 0.0001 --dropout 0.0 --hidden_channels 32 --K 3 --lambda_fd 1.0 --lambda_spu 0.05 --lambda_ind 0.05 --context_gate_temp 0.5 --fd_blend 0.5 --pos_weight 7.0 --result_name twitch_gcn_frontdoor_stage2_lr0.01_weight_decay0.0001_dropout0.0_hidden_channels32_K3_lambda_fd1.0_lambda_spu0.05_lambda_ind0.05_context_gate_temp0.5_fd_blend0.5_pos_weight7.0,0,220.7,0.01,0.0001,0.0,32,3,1.0,0.05,0.05,0.5,0.5,7.0,84.34,0.12,73.47,0.18,74.86,0.09,78.45,0.13,74.73,0.09,68.2,0.02,54.65,0.19,64.23,0.17,67.42,0.6,54.25,0.28,63.85,0.52,63.85
55,twitch,gcn,stage2,twitch_gcn_frontdoor_stage2_lr0.01_weight_decay0.0001_dropout0.0_hidden_channels32_K3_lambda_fd1.0_lambda_spu0.05_lambda_ind0.05_context_gate_temp1.0_fd_blend0.3_pos_weight3.0,search_logs_frontdoor/twitch/gcn/stage2/055_twitch_gcn_frontdoor_stage2_lr0.01_weight_decay0.0001_dropout0.0_hidden_channels32_K3_lambda_fd1.0_lambda_spu0.05_lambda_ind0.05_context_gate_temp1.0_fd_blend0.3_pos_weight3.0.log,python main_frontdoor.py --dataset twitch --backbone_type gcn --store_result --epochs 500 --runs 2 --num_layers 2 --device 1 --seed 2024 --lr 0.01 --weight_decay 0.0001 --dropout 0.0 --hidden_channels 32 --K 3 --lambda_fd 1.0 --lambda_spu 0.05 --lambda_ind 0.05 --context_gate_temp 1.0 --fd_blend 0.3 --pos_weight 3.0 --result_name twitch_gcn_frontdoor_stage2_lr0.01_weight_decay0.0001_dropout0.0_hidden_channels32_K3_lambda_fd1.0_lambda_spu0.05_lambda_ind0.05_context_gate_temp1.0_fd_blend0.3_pos_weight3.0,0,172.03,0.01,0.0001,0.0,32,3,1.0,0.05,0.05,1.0,0.3,3.0,86.01,4.19,73.52,0.08,74.9,0.17,78.11,1.13,74.82,0.26,68.19,0.08,55.04,0.63,64.46,0.0,66.9,0.38,54.54,0.76,63.89,0.0,63.89
56,twitch,gcn,stage2,twitch_gcn_frontdoor_stage2_lr0.01_weight_decay0.0001_dropout0.0_hidden_channels32_K3_lambda_fd1.0_lambda_spu0.05_lambda_ind0.05_context_gate_temp1.0_fd_blend0.3_pos_weight5.0,search_logs_frontdoor/twitch/gcn/stage2/056_twitch_gcn_frontdoor_stage2_lr0.01_weight_decay0.0001_dropout0.0_hidden_channels32_K3_lambda_fd1.0_lambda_spu0.05_lambda_ind0.05_context_gate_temp1.0_fd_blend0.3_pos_weight5.0.log,python main_frontdoor.py --dataset twitch --backbone_type gcn --store_result --epochs 500 --runs 2 --num_layers 2 --device 1 --seed 2024 --lr 0.01 --weight_decay 0.0001 --dropout 0.0 --hidden_channels 32 --K 3 --lambda_fd 1.0 --lambda_spu 0.05 --lambda_ind 0.05 --context_gate_temp 1.0 --fd_blend 0.3 --pos_weight 5.0 --result_name twitch_gcn_frontdoor_stage2_lr0.01_weight_decay0.0001_dropout0.0_hidden_channels32_K3_lambda_fd1.0_lambda_spu0.05_lambda_ind0.05_context_gate_temp1.0_fd_blend0.3_pos_weight5.0,0,173.31,0.01,0.0001,0.0,32,3,1.0,0.05,0.05,1.0,0.3,5.0,85.92,1.62,73.72,0.19,75.01,0.17,78.55,1.69,74.84,0.05,68.11,0.18,54.83,0.13,64.41,0.25,66.59,0.36,53.95,0.07,63.67,0.18,63.67
57,twitch,gcn,stage2,twitch_gcn_frontdoor_stage2_lr0.01_weight_decay0.0001_dropout0.0_hidden_channels32_K3_lambda_fd1.0_lambda_spu0.05_lambda_ind0.05_context_gate_temp1.0_fd_blend0.3_pos_weight7.0,search_logs_frontdoor/twitch/gcn/stage2/057_twitch_gcn_frontdoor_stage2_lr0.01_weight_decay0.0001_dropout0.0_hidden_channels32_K3_lambda_fd1.0_lambda_spu0.05_lambda_ind0.05_context_gate_temp1.0_fd_blend0.3_pos_weight7.0.log,python main_frontdoor.py --dataset twitch --backbone_type gcn --store_result --epochs 500 --runs 2 --num_layers 2 --device 1 --seed 2024 --lr 0.01 --weight_decay 0.0001 --dropout 0.0 --hidden_channels 32 --K 3 --lambda_fd 1.0 --lambda_spu 0.05 --lambda_ind 0.05 --context_gate_temp 1.0 --fd_blend 0.3 --pos_weight 7.0 --result_name twitch_gcn_frontdoor_stage2_lr0.01_weight_decay0.0001_dropout0.0_hidden_channels32_K3_lambda_fd1.0_lambda_spu0.05_lambda_ind0.05_context_gate_temp1.0_fd_blend0.3_pos_weight7.0,0,173.8,0.01,0.0001,0.0,32,3,1.0,0.05,0.05,1.0,0.3,7.0,82.85,0.88,73.74,0.21,74.96,0.04,78.86,0.74,74.84,0.17,68.39,0.32,55.22,0.43,64.51,0.04,66.7,0.01,54.36,0.15,63.38,0.42,63.38
58,twitch,gcn,stage2,twitch_gcn_frontdoor_stage2_lr0.01_weight_decay0.0001_dropout0.0_hidden_channels32_K3_lambda_fd1.0_lambda_spu0.05_lambda_ind0.05_context_gate_temp1.0_fd_blend0.5_pos_weight3.0,search_logs_frontdoor/twitch/gcn/stage2/058_twitch_gcn_frontdoor_stage2_lr0.01_weight_decay0.0001_dropout0.0_hidden_channels32_K3_lambda_fd1.0_lambda_spu0.05_lambda_ind0.05_context_gate_temp1.0_fd_blend0.5_pos_weight3.0.log,python main_frontdoor.py --dataset twitch --backbone_type gcn --store_result --epochs 500 --runs 2 --num_layers 2 --device 1 --seed 2024 --lr 0.01 --weight_decay 0.0001 --dropout 0.0 --hidden_channels 32 --K 3 --lambda_fd 1.0 --lambda_spu 0.05 --lambda_ind 0.05 --context_gate_temp 1.0 --fd_blend 0.5 --pos_weight 3.0 --result_name twitch_gcn_frontdoor_stage2_lr0.01_weight_decay0.0001_dropout0.0_hidden_channels32_K3_lambda_fd1.0_lambda_spu0.05_lambda_ind0.05_context_gate_temp1.0_fd_blend0.5_pos_weight3.0,0,170.25,0.01,0.0001,0.0,32,3,1.0,0.05,0.05,1.0,0.5,3.0,87.29,3.74,73.49,0.15,74.83,0.12,78.81,0.36,74.72,0.17,67.96,0.05,55.46,0.11,64.3,0.08,66.72,0.12,55.06,0.03,63.72,0.1,63.72
59,twitch,gcn,stage2,twitch_gcn_frontdoor_stage2_lr0.01_weight_decay0.0001_dropout0.0_hidden_channels32_K3_lambda_fd1.0_lambda_spu0.05_lambda_ind0.05_context_gate_temp1.0_fd_blend0.5_pos_weight5.0,search_logs_frontdoor/twitch/gcn/stage2/059_twitch_gcn_frontdoor_stage2_lr0.01_weight_decay0.0001_dropout0.0_hidden_channels32_K3_lambda_fd1.0_lambda_spu0.05_lambda_ind0.05_context_gate_temp1.0_fd_blend0.5_pos_weight5.0.log,python main_frontdoor.py --dataset twitch --backbone_type gcn --store_result --epochs 500 --runs 2 --num_layers 2 --device 1 --seed 2024 --lr 0.01 --weight_decay 0.0001 --dropout 0.0 --hidden_channels 32 --K 3 --lambda_fd 1.0 --lambda_spu 0.05 --lambda_ind 0.05 --context_gate_temp 1.0 --fd_blend 0.5 --pos_weight 5.0 --result_name twitch_gcn_frontdoor_stage2_lr0.01_weight_decay0.0001_dropout0.0_hidden_channels32_K3_lambda_fd1.0_lambda_spu0.05_lambda_ind0.05_context_gate_temp1.0_fd_blend0.5_pos_weight5.0,0,168.83,0.01,0.0001,0.0,32,3,1.0,0.05,0.05,1.0,0.5,5.0,86.58,1.21,73.47,0.37,74.89,0.41,78.43,0.39,74.82,0.49,68.22,0.21,54.75,0.04,64.29,0.25,66.68,1.0,54.58,0.1,63.64,0.74,63.64
60,twitch,gcn,stage2,twitch_gcn_frontdoor_stage2_lr0.01_weight_decay0.0001_dropout0.0_hidden_channels32_K3_lambda_fd1.0_lambda_spu0.05_lambda_ind0.05_context_gate_temp1.0_fd_blend0.5_pos_weight7.0,search_logs_frontdoor/twitch/gcn/stage2/060_twitch_gcn_frontdoor_stage2_lr0.01_weight_decay0.0001_dropout0.0_hidden_channels32_K3_lambda_fd1.0_lambda_spu0.05_lambda_ind0.05_context_gate_temp1.0_fd_blend0.5_pos_weight7.0.log,python main_frontdoor.py --dataset twitch --backbone_type gcn --store_result --epochs 500 --runs 2 --num_layers 2 --device 1 --seed 2024 --lr 0.01 --weight_decay 0.0001 --dropout 0.0 --hidden_channels 32 --K 3 --lambda_fd 1.0 --lambda_spu 0.05 --lambda_ind 0.05 --context_gate_temp 1.0 --fd_blend 0.5 --pos_weight 7.0 --result_name twitch_gcn_frontdoor_stage2_lr0.01_weight_decay0.0001_dropout0.0_hidden_channels32_K3_lambda_fd1.0_lambda_spu0.05_lambda_ind0.05_context_gate_temp1.0_fd_blend0.5_pos_weight7.0,0,173.1,0.01,0.0001,0.0,32,3,1.0,0.05,0.05,1.0,0.5,7.0,82.56,1.48,73.35,0.14,74.9,0.07,78.47,0.29,74.85,0.14,68.26,0.25,54.7,0.13,64.35,0.02,66.98,0.36,53.92,0.2,63.72,0.03,63.72
61,twitch,gcn,stage2,twitch_gcn_frontdoor_stage2_lr0.01_weight_decay0.0001_dropout0.0_hidden_channels32_K3_lambda_fd1.0_lambda_spu0.05_lambda_ind0.1_context_gate_temp0.5_fd_blend0.3_pos_weight3.0,search_logs_frontdoor/twitch/gcn/stage2/061_twitch_gcn_frontdoor_stage2_lr0.01_weight_decay0.0001_dropout0.0_hidden_channels32_K3_lambda_fd1.0_lambda_spu0.05_lambda_ind0.1_context_gate_temp0.5_fd_blend0.3_pos_weight3.0.log,python main_frontdoor.py --dataset twitch --backbone_type gcn --store_result --epochs 500 --runs 2 --num_layers 2 --device 1 --seed 2024 --lr 0.01 --weight_decay 0.0001 --dropout 0.0 --hidden_channels 32 --K 3 --lambda_fd 1.0 --lambda_spu 0.05 --lambda_ind 0.1 --context_gate_temp 0.5 --fd_blend 0.3 --pos_weight 3.0 --result_name twitch_gcn_frontdoor_stage2_lr0.01_weight_decay0.0001_dropout0.0_hidden_channels32_K3_lambda_fd1.0_lambda_spu0.05_lambda_ind0.1_context_gate_temp0.5_fd_blend0.3_pos_weight3.0,0,193.03,0.01,0.0001,0.0,32,3,1.0,0.05,0.1,0.5,0.3,3.0,85.54,1.88,73.62,0.12,75.04,0.04,78.4,1.3,74.88,0.06,68.23,0.02,54.94,0.24,64.45,0.1,67.18,0.1,54.08,0.84,63.85,0.18,63.85
62,twitch,gcn,stage2,twitch_gcn_frontdoor_stage2_lr0.01_weight_decay0.0001_dropout0.0_hidden_channels32_K3_lambda_fd1.0_lambda_spu0.05_lambda_ind0.1_context_gate_temp0.5_fd_blend0.3_pos_weight5.0,search_logs_frontdoor/twitch/gcn/stage2/062_twitch_gcn_frontdoor_stage2_lr0.01_weight_decay0.0001_dropout0.0_hidden_channels32_K3_lambda_fd1.0_lambda_spu0.05_lambda_ind0.1_context_gate_temp0.5_fd_blend0.3_pos_weight5.0.log,python main_frontdoor.py --dataset twitch --backbone_type gcn --store_result --epochs 500 --runs 2 --num_layers 2 --device 1 --seed 2024 --lr 0.01 --weight_decay 0.0001 --dropout 0.0 --hidden_channels 32 --K 3 --lambda_fd 1.0 --lambda_spu 0.05 --lambda_ind 0.1 --context_gate_temp 0.5 --fd_blend 0.3 --pos_weight 5.0 --result_name twitch_gcn_frontdoor_stage2_lr0.01_weight_decay0.0001_dropout0.0_hidden_channels32_K3_lambda_fd1.0_lambda_spu0.05_lambda_ind0.1_context_gate_temp0.5_fd_blend0.3_pos_weight5.0,0,236.03,0.01,0.0001,0.0,32,3,1.0,0.05,0.1,0.5,0.3,5.0,82.47,1.29,73.93,0.02,74.98,0.06,78.08,0.73,74.9,0.15,68.38,0.05,55.22,0.11,64.59,0.13,67.03,0.22,54.28,0.08,63.53,0.73,63.53
63,twitch,gcn,stage2,twitch_gcn_frontdoor_stage2_lr0.01_weight_decay0.0001_dropout0.0_hidden_channels32_K3_lambda_fd1.0_lambda_spu0.05_lambda_ind0.1_context_gate_temp0.5_fd_blend0.3_pos_weight7.0,search_logs_frontdoor/twitch/gcn/stage2/063_twitch_gcn_frontdoor_stage2_lr0.01_weight_decay0.0001_dropout0.0_hidden_channels32_K3_lambda_fd1.0_lambda_spu0.05_lambda_ind0.1_context_gate_temp0.5_fd_blend0.3_pos_weight7.0.log,python main_frontdoor.py --dataset twitch --backbone_type gcn --store_result --epochs 500 --runs 2 --num_layers 2 --device 1 --seed 2024 --lr 0.01 --weight_decay 0.0001 --dropout 0.0 --hidden_channels 32 --K 3 --lambda_fd 1.0 --lambda_spu 0.05 --lambda_ind 0.1 --context_gate_temp 0.5 --fd_blend 0.3 --pos_weight 7.0 --result_name twitch_gcn_frontdoor_stage2_lr0.01_weight_decay0.0001_dropout0.0_hidden_channels32_K3_lambda_fd1.0_lambda_spu0.05_lambda_ind0.1_context_gate_temp0.5_fd_blend0.3_pos_weight7.0,0,171.43,0.01,0.0001,0.0,32,3,1.0,0.05,0.1,0.5,0.3,7.0,85.74,0.12,73.37,0.1,74.75,0.09,78.62,0.51,74.65,0.03,68.07,0.3,54.79,0.2,64.29,0.04,67.58,0.51,54.13,0.6,64.0,0.22,64.0
64,twitch,gcn,stage2,twitch_gcn_frontdoor_stage2_lr0.01_weight_decay0.0001_dropout0.0_hidden_channels32_K3_lambda_fd1.0_lambda_spu0.05_lambda_ind0.1_context_gate_temp0.5_fd_blend0.5_pos_weight3.0,search_logs_frontdoor/twitch/gcn/stage2/064_twitch_gcn_frontdoor_stage2_lr0.01_weight_decay0.0001_dropout0.0_hidden_channels32_K3_lambda_fd1.0_lambda_spu0.05_lambda_ind0.1_context_gate_temp0.5_fd_blend0.5_pos_weight3.0.log,python main_frontdoor.py --dataset twitch --backbone_type gcn --store_result --epochs 500 --runs 2 --num_layers 2 --device 1 --seed 2024 --lr 0.01 --weight_decay 0.0001 --dropout 0.0 --hidden_channels 32 --K 3 --lambda_fd 1.0 --lambda_spu 0.05 --lambda_ind 0.1 --context_gate_temp 0.5 --fd_blend 0.5 --pos_weight 3.0 --result_name twitch_gcn_frontdoor_stage2_lr0.01_weight_decay0.0001_dropout0.0_hidden_channels32_K3_lambda_fd1.0_lambda_spu0.05_lambda_ind0.1_context_gate_temp0.5_fd_blend0.5_pos_weight3.0,0,170.78,0.01,0.0001,0.0,32,3,1.0,0.05,0.1,0.5,0.5,3.0,86.09,3.98,74.01,0.17,75.0,0.17,77.55,0.09,74.92,0.16,68.38,0.2,54.56,0.15,64.51,0.07,66.95,0.55,53.93,0.08,63.87,0.23,63.87
65,twitch,gcn,stage2,twitch_gcn_frontdoor_stage2_lr0.01_weight_decay0.0001_dropout0.0_hidden_channels32_K3_lambda_fd1.0_lambda_spu0.05_lambda_ind0.1_context_gate_temp0.5_fd_blend0.5_pos_weight5.0,search_logs_frontdoor/twitch/gcn/stage2/065_twitch_gcn_frontdoor_stage2_lr0.01_weight_decay0.0001_dropout0.0_hidden_channels32_K3_lambda_fd1.0_lambda_spu0.05_lambda_ind0.1_context_gate_temp0.5_fd_blend0.5_pos_weight5.0.log,python main_frontdoor.py --dataset twitch --backbone_type gcn --store_result --epochs 500 --runs 2 --num_layers 2 --device 1 --seed 2024 --lr 0.01 --weight_decay 0.0001 --dropout 0.0 --hidden_channels 32 --K 3 --lambda_fd 1.0 --lambda_spu 0.05 --lambda_ind 0.1 --context_gate_temp 0.5 --fd_blend 0.5 --pos_weight 5.0 --result_name twitch_gcn_frontdoor_stage2_lr0.01_weight_decay0.0001_dropout0.0_hidden_channels32_K3_lambda_fd1.0_lambda_spu0.05_lambda_ind0.1_context_gate_temp0.5_fd_blend0.5_pos_weight5.0,0,173.44,0.01,0.0001,0.0,32,3,1.0,0.05,0.1,0.5,0.5,5.0,86.28,0.23,73.5,0.03,74.78,0.02,77.82,0.35,74.65,0.01,68.4,0.04,55.1,0.02,64.43,0.11,67.15,0.02,54.14,0.11,63.84,0.09,63.84
66,twitch,gcn,stage2,twitch_gcn_frontdoor_stage2_lr0.01_weight_decay0.0001_dropout0.0_hidden_channels32_K3_lambda_fd1.0_lambda_spu0.05_lambda_ind0.1_context_gate_temp0.5_fd_blend0.5_pos_weight7.0,search_logs_frontdoor/twitch/gcn/stage2/066_twitch_gcn_frontdoor_stage2_lr0.01_weight_decay0.0001_dropout0.0_hidden_channels32_K3_lambda_fd1.0_lambda_spu0.05_lambda_ind0.1_context_gate_temp0.5_fd_blend0.5_pos_weight7.0.log,python main_frontdoor.py --dataset twitch --backbone_type gcn --store_result --epochs 500 --runs 2 --num_layers 2 --device 1 --seed 2024 --lr 0.01 --weight_decay 0.0001 --dropout 0.0 --hidden_channels 32 --K 3 --lambda_fd 1.0 --lambda_spu 0.05 --lambda_ind 0.1 --context_gate_temp 0.5 --fd_blend 0.5 --pos_weight 7.0 --result_name twitch_gcn_frontdoor_stage2_lr0.01_weight_decay0.0001_dropout0.0_hidden_channels32_K3_lambda_fd1.0_lambda_spu0.05_lambda_ind0.1_context_gate_temp0.5_fd_blend0.5_pos_weight7.0,0,162.35,0.01,0.0001,0.0,32,3,1.0,0.05,0.1,0.5,0.5,7.0,84.54,0.51,73.39,0.07,74.87,0.1,78.29,0.2,74.82,0.12,68.32,0.03,54.62,0.18,64.28,0.06,67.55,0.63,54.24,0.06,64.0,0.39,64.0
67,twitch,gcn,stage2,twitch_gcn_frontdoor_stage2_lr0.01_weight_decay0.0001_dropout0.0_hidden_channels32_K3_lambda_fd1.0_lambda_spu0.05_lambda_ind0.1_context_gate_temp1.0_fd_blend0.3_pos_weight3.0,search_logs_frontdoor/twitch/gcn/stage2/067_twitch_gcn_frontdoor_stage2_lr0.01_weight_decay0.0001_dropout0.0_hidden_channels32_K3_lambda_fd1.0_lambda_spu0.05_lambda_ind0.1_context_gate_temp1.0_fd_blend0.3_pos_weight3.0.log,python main_frontdoor.py --dataset twitch --backbone_type gcn --store_result --epochs 500 --runs 2 --num_layers 2 --device 1 --seed 2024 --lr 0.01 --weight_decay 0.0001 --dropout 0.0 --hidden_channels 32 --K 3 --lambda_fd 1.0 --lambda_spu 0.05 --lambda_ind 0.1 --context_gate_temp 1.0 --fd_blend 0.3 --pos_weight 3.0 --result_name twitch_gcn_frontdoor_stage2_lr0.01_weight_decay0.0001_dropout0.0_hidden_channels32_K3_lambda_fd1.0_lambda_spu0.05_lambda_ind0.1_context_gate_temp1.0_fd_blend0.3_pos_weight3.0,0,166.84,0.01,0.0001,0.0,32,3,1.0,0.05,0.1,1.0,0.3,3.0,86.12,2.73,73.61,0.11,75.11,0.06,78.01,0.76,74.9,0.02,68.02,0.1,54.83,0.33,64.45,0.13,66.99,0.05,54.34,0.83,63.9,0.09,63.9
68,twitch,gcn,stage2,twitch_gcn_frontdoor_stage2_lr0.01_weight_decay0.0001_dropout0.0_hidden_channels32_K3_lambda_fd1.0_lambda_spu0.05_lambda_ind0.1_context_gate_temp1.0_fd_blend0.3_pos_weight5.0,search_logs_frontdoor/twitch/gcn/stage2/068_twitch_gcn_frontdoor_stage2_lr0.01_weight_decay0.0001_dropout0.0_hidden_channels32_K3_lambda_fd1.0_lambda_spu0.05_lambda_ind0.1_context_gate_temp1.0_fd_blend0.3_pos_weight5.0.log,python main_frontdoor.py --dataset twitch --backbone_type gcn --store_result --epochs 500 --runs 2 --num_layers 2 --device 1 --seed 2024 --lr 0.01 --weight_decay 0.0001 --dropout 0.0 --hidden_channels 32 --K 3 --lambda_fd 1.0 --lambda_spu 0.05 --lambda_ind 0.1 --context_gate_temp 1.0 --fd_blend 0.3 --pos_weight 5.0 --result_name twitch_gcn_frontdoor_stage2_lr0.01_weight_decay0.0001_dropout0.0_hidden_channels32_K3_lambda_fd1.0_lambda_spu0.05_lambda_ind0.1_context_gate_temp1.0_fd_blend0.3_pos_weight5.0,0,178.23,0.01,0.0001,0.0,32,3,1.0,0.05,0.1,1.0,0.3,5.0,85.64,1.08,73.8,0.19,75.02,0.11,78.97,1.56,74.89,0.04,68.28,0.08,54.64,0.55,64.52,0.15,67.2,0.21,54.61,0.56,63.94,0.02,63.94
69,twitch,gcn,stage2,twitch_gcn_frontdoor_stage2_lr0.01_weight_decay0.0001_dropout0.0_hidden_channels32_K3_lambda_fd1.0_lambda_spu0.05_lambda_ind0.1_context_gate_temp1.0_fd_blend0.3_pos_weight7.0,search_logs_frontdoor/twitch/gcn/stage2/069_twitch_gcn_frontdoor_stage2_lr0.01_weight_decay0.0001_dropout0.0_hidden_channels32_K3_lambda_fd1.0_lambda_spu0.05_lambda_ind0.1_context_gate_temp1.0_fd_blend0.3_pos_weight7.0.log,python main_frontdoor.py --dataset twitch --backbone_type gcn --store_result --epochs 500 --runs 2 --num_layers 2 --device 1 --seed 2024 --lr 0.01 --weight_decay 0.0001 --dropout 0.0 --hidden_channels 32 --K 3 --lambda_fd 1.0 --lambda_spu 0.05 --lambda_ind 0.1 --context_gate_temp 1.0 --fd_blend 0.3 --pos_weight 7.0 --result_name twitch_gcn_frontdoor_stage2_lr0.01_weight_decay0.0001_dropout0.0_hidden_channels32_K3_lambda_fd1.0_lambda_spu0.05_lambda_ind0.1_context_gate_temp1.0_fd_blend0.3_pos_weight7.0,0,167.79,0.01,0.0001,0.0,32,3,1.0,0.05,0.1,1.0,0.3,7.0,83.91,3.59,73.49,0.04,74.84,0.18,78.7,0.19,74.65,0.11,68.33,0.44,54.69,0.24,64.38,0.16,67.37,0.59,54.28,0.23,63.84,0.24,63.84
70,twitch,gcn,stage2,twitch_gcn_frontdoor_stage2_lr0.01_weight_decay0.0001_dropout0.0_hidden_channels32_K3_lambda_fd1.0_lambda_spu0.05_lambda_ind0.1_context_gate_temp1.0_fd_blend0.5_pos_weight3.0,search_logs_frontdoor/twitch/gcn/stage2/070_twitch_gcn_frontdoor_stage2_lr0.01_weight_decay0.0001_dropout0.0_hidden_channels32_K3_lambda_fd1.0_lambda_spu0.05_lambda_ind0.1_context_gate_temp1.0_fd_blend0.5_pos_weight3.0.log,python main_frontdoor.py --dataset twitch --backbone_type gcn --store_result --epochs 500 --runs 2 --num_layers 2 --device 1 --seed 2024 --lr 0.01 --weight_decay 0.0001 --dropout 0.0 --hidden_channels 32 --K 3 --lambda_fd 1.0 --lambda_spu 0.05 --lambda_ind 0.1 --context_gate_temp 1.0 --fd_blend 0.5 --pos_weight 3.0 --result_name twitch_gcn_frontdoor_stage2_lr0.01_weight_decay0.0001_dropout0.0_hidden_channels32_K3_lambda_fd1.0_lambda_spu0.05_lambda_ind0.1_context_gate_temp1.0_fd_blend0.5_pos_weight3.0,0,244.59,0.01,0.0001,0.0,32,3,1.0,0.05,0.1,1.0,0.5,3.0,86.45,3.52,73.77,0.31,74.94,0.12,77.85,0.61,74.81,0.09,68.29,0.09,54.92,0.46,64.48,0.02,66.72,0.39,54.52,0.92,63.75,0.31,63.75
71,twitch,gcn,stage2,twitch_gcn_frontdoor_stage2_lr0.01_weight_decay0.0001_dropout0.0_hidden_channels32_K3_lambda_fd1.0_lambda_spu0.05_lambda_ind0.1_context_gate_temp1.0_fd_blend0.5_pos_weight5.0,search_logs_frontdoor/twitch/gcn/stage2/071_twitch_gcn_frontdoor_stage2_lr0.01_weight_decay0.0001_dropout0.0_hidden_channels32_K3_lambda_fd1.0_lambda_spu0.05_lambda_ind0.1_context_gate_temp1.0_fd_blend0.5_pos_weight5.0.log,python main_frontdoor.py --dataset twitch --backbone_type gcn --store_result --epochs 500 --runs 2 --num_layers 2 --device 1 --seed 2024 --lr 0.01 --weight_decay 0.0001 --dropout 0.0 --hidden_channels 32 --K 3 --lambda_fd 1.0 --lambda_spu 0.05 --lambda_ind 0.1 --context_gate_temp 1.0 --fd_blend 0.5 --pos_weight 5.0 --result_name twitch_gcn_frontdoor_stage2_lr0.01_weight_decay0.0001_dropout0.0_hidden_channels32_K3_lambda_fd1.0_lambda_spu0.05_lambda_ind0.1_context_gate_temp1.0_fd_blend0.5_pos_weight5.0,0,178.53,0.01,0.0001,0.0,32,3,1.0,0.05,0.1,1.0,0.5,5.0,85.05,0.48,73.69,0.16,74.88,0.22,78.75,0.96,74.83,0.19,68.2,0.25,55.11,0.18,64.36,0.16,67.17,0.1,54.61,0.02,63.74,0.37,63.74
72,twitch,gcn,stage2,twitch_gcn_frontdoor_stage2_lr0.01_weight_decay0.0001_dropout0.0_hidden_channels32_K3_lambda_fd1.0_lambda_spu0.05_lambda_ind0.1_context_gate_temp1.0_fd_blend0.5_pos_weight7.0,search_logs_frontdoor/twitch/gcn/stage2/072_twitch_gcn_frontdoor_stage2_lr0.01_weight_decay0.0001_dropout0.0_hidden_channels32_K3_lambda_fd1.0_lambda_spu0.05_lambda_ind0.1_context_gate_temp1.0_fd_blend0.5_pos_weight7.0.log,python main_frontdoor.py --dataset twitch --backbone_type gcn --store_result --epochs 500 --runs 2 --num_layers 2 --device 1 --seed 2024 --lr 0.01 --weight_decay 0.0001 --dropout 0.0 --hidden_channels 32 --K 3 --lambda_fd 1.0 --lambda_spu 0.05 --lambda_ind 0.1 --context_gate_temp 1.0 --fd_blend 0.5 --pos_weight 7.0 --result_name twitch_gcn_frontdoor_stage2_lr0.01_weight_decay0.0001_dropout0.0_hidden_channels32_K3_lambda_fd1.0_lambda_spu0.05_lambda_ind0.1_context_gate_temp1.0_fd_blend0.5_pos_weight7.0,0,165.95,0.01,0.0001,0.0,32,3,1.0,0.05,0.1,1.0,0.5,7.0,84.26,0.61,73.46,0.11,74.83,0.01,79.2,0.54,74.74,0.04,68.31,0.12,54.55,0.02,64.27,0.15,66.95,0.47,54.02,0.03,63.63,0.59,63.63
73,twitch,gcn,stage2,twitch_gcn_frontdoor_stage2_lr0.01_weight_decay0.0001_dropout0.0_hidden_channels32_K3_lambda_fd1.0_lambda_spu0.1_lambda_ind0.05_context_gate_temp0.5_fd_blend0.3_pos_weight3.0,search_logs_frontdoor/twitch/gcn/stage2/073_twitch_gcn_frontdoor_stage2_lr0.01_weight_decay0.0001_dropout0.0_hidden_channels32_K3_lambda_fd1.0_lambda_spu0.1_lambda_ind0.05_context_gate_temp0.5_fd_blend0.3_pos_weight3.0.log,python main_frontdoor.py --dataset twitch --backbone_type gcn --store_result --epochs 500 --runs 2 --num_layers 2 --device 1 --seed 2024 --lr 0.01 --weight_decay 0.0001 --dropout 0.0 --hidden_channels 32 --K 3 --lambda_fd 1.0 --lambda_spu 0.1 --lambda_ind 0.05 --context_gate_temp 0.5 --fd_blend 0.3 --pos_weight 3.0 --result_name twitch_gcn_frontdoor_stage2_lr0.01_weight_decay0.0001_dropout0.0_hidden_channels32_K3_lambda_fd1.0_lambda_spu0.1_lambda_ind0.05_context_gate_temp0.5_fd_blend0.3_pos_weight3.0,0,173.6,0.01,0.0001,0.0,32,3,1.0,0.1,0.05,0.5,0.3,3.0,87.62,3.98,73.34,0.21,74.81,0.02,77.57,0.84,74.71,0.05,68.29,0.09,54.88,0.73,64.54,0.24,66.84,0.06,54.36,1.19,64.04,0.28,64.04
74,twitch,gcn,stage2,twitch_gcn_frontdoor_stage2_lr0.01_weight_decay0.0001_dropout0.0_hidden_channels32_K3_lambda_fd1.0_lambda_spu0.1_lambda_ind0.05_context_gate_temp0.5_fd_blend0.3_pos_weight5.0,search_logs_frontdoor/twitch/gcn/stage2/074_twitch_gcn_frontdoor_stage2_lr0.01_weight_decay0.0001_dropout0.0_hidden_channels32_K3_lambda_fd1.0_lambda_spu0.1_lambda_ind0.05_context_gate_temp0.5_fd_blend0.3_pos_weight5.0.log,python main_frontdoor.py --dataset twitch --backbone_type gcn --store_result --epochs 500 --runs 2 --num_layers 2 --device 1 --seed 2024 --lr 0.01 --weight_decay 0.0001 --dropout 0.0 --hidden_channels 32 --K 3 --lambda_fd 1.0 --lambda_spu 0.1 --lambda_ind 0.05 --context_gate_temp 0.5 --fd_blend 0.3 --pos_weight 5.0 --result_name twitch_gcn_frontdoor_stage2_lr0.01_weight_decay0.0001_dropout0.0_hidden_channels32_K3_lambda_fd1.0_lambda_spu0.1_lambda_ind0.05_context_gate_temp0.5_fd_blend0.3_pos_weight5.0,0,174.32,0.01,0.0001,0.0,32,3,1.0,0.1,0.05,0.5,0.3,5.0,86.42,1.41,73.59,0.16,74.97,0.1,77.86,0.88,74.91,0.01,68.27,0.05,54.74,0.52,64.39,0.14,66.85,0.72,54.28,0.46,63.94,0.1,63.94
75,twitch,gcn,stage2,twitch_gcn_frontdoor_stage2_lr0.01_weight_decay0.0001_dropout0.0_hidden_channels32_K3_lambda_fd1.0_lambda_spu0.1_lambda_ind0.05_context_gate_temp0.5_fd_blend0.3_pos_weight7.0,search_logs_frontdoor/twitch/gcn/stage2/075_twitch_gcn_frontdoor_stage2_lr0.01_weight_decay0.0001_dropout0.0_hidden_channels32_K3_lambda_fd1.0_lambda_spu0.1_lambda_ind0.05_context_gate_temp0.5_fd_blend0.3_pos_weight7.0.log,python main_frontdoor.py --dataset twitch --backbone_type gcn --store_result --epochs 500 --runs 2 --num_layers 2 --device 1 --seed 2024 --lr 0.01 --weight_decay 0.0001 --dropout 0.0 --hidden_channels 32 --K 3 --lambda_fd 1.0 --lambda_spu 0.1 --lambda_ind 0.05 --context_gate_temp 0.5 --fd_blend 0.3 --pos_weight 7.0 --result_name twitch_gcn_frontdoor_stage2_lr0.01_weight_decay0.0001_dropout0.0_hidden_channels32_K3_lambda_fd1.0_lambda_spu0.1_lambda_ind0.05_context_gate_temp0.5_fd_blend0.3_pos_weight7.0,0,167.61,0.01,0.0001,0.0,32,3,1.0,0.1,0.05,0.5,0.3,7.0,84.8,1.35,73.57,0.23,74.82,0.04,79.27,1.52,74.7,0.19,68.31,0.45,54.98,0.06,64.29,0.2,67.35,0.28,54.45,0.03,63.8,0.3,63.8
76,twitch,gcn,stage2,twitch_gcn_frontdoor_stage2_lr0.01_weight_decay0.0001_dropout0.0_hidden_channels32_K3_lambda_fd1.0_lambda_spu0.1_lambda_ind0.05_context_gate_temp0.5_fd_blend0.5_pos_weight3.0,search_logs_frontdoor/twitch/gcn/stage2/076_twitch_gcn_frontdoor_stage2_lr0.01_weight_decay0.0001_dropout0.0_hidden_channels32_K3_lambda_fd1.0_lambda_spu0.1_lambda_ind0.05_context_gate_temp0.5_fd_blend0.5_pos_weight3.0.log,python main_frontdoor.py --dataset twitch --backbone_type gcn --store_result --epochs 500 --runs 2 --num_layers 2 --device 1 --seed 2024 --lr 0.01 --weight_decay 0.0001 --dropout 0.0 --hidden_channels 32 --K 3 --lambda_fd 1.0 --lambda_spu 0.1 --lambda_ind 0.05 --context_gate_temp 0.5 --fd_blend 0.5 --pos_weight 3.0 --result_name twitch_gcn_frontdoor_stage2_lr0.01_weight_decay0.0001_dropout0.0_hidden_channels32_K3_lambda_fd1.0_lambda_spu0.1_lambda_ind0.05_context_gate_temp0.5_fd_blend0.5_pos_weight3.0,0,168.94,0.01,0.0001,0.0,32,3,1.0,0.1,0.05,0.5,0.5,3.0,87.37,1.46,73.69,0.15,74.88,0.09,77.9,1.52,74.79,0.14,68.05,0.49,55.27,0.0,64.28,0.2,66.32,0.14,54.43,0.76,63.65,0.12,63.65
77,twitch,gcn,stage2,twitch_gcn_frontdoor_stage2_lr0.01_weight_decay0.0001_dropout0.0_hidden_channels32_K3_lambda_fd1.0_lambda_spu0.1_lambda_ind0.05_context_gate_temp0.5_fd_blend0.5_pos_weight5.0,search_logs_frontdoor/twitch/gcn/stage2/077_twitch_gcn_frontdoor_stage2_lr0.01_weight_decay0.0001_dropout0.0_hidden_channels32_K3_lambda_fd1.0_lambda_spu0.1_lambda_ind0.05_context_gate_temp0.5_fd_blend0.5_pos_weight5.0.log,python main_frontdoor.py --dataset twitch --backbone_type gcn --store_result --epochs 500 --runs 2 --num_layers 2 --device 1 --seed 2024 --lr 0.01 --weight_decay 0.0001 --dropout 0.0 --hidden_channels 32 --K 3 --lambda_fd 1.0 --lambda_spu 0.1 --lambda_ind 0.05 --context_gate_temp 0.5 --fd_blend 0.5 --pos_weight 5.0 --result_name twitch_gcn_frontdoor_stage2_lr0.01_weight_decay0.0001_dropout0.0_hidden_channels32_K3_lambda_fd1.0_lambda_spu0.1_lambda_ind0.05_context_gate_temp0.5_fd_blend0.5_pos_weight5.0,0,179.35,0.01,0.0001,0.0,32,3,1.0,0.1,0.05,0.5,0.5,5.0,86.13,0.28,73.5,0.07,74.97,0.06,78.43,0.18,74.87,0.08,68.32,0.04,54.62,0.69,64.4,0.0,67.73,0.06,54.13,0.7,64.17,0.09,64.17
78,twitch,gcn,stage2,twitch_gcn_frontdoor_stage2_lr0.01_weight_decay0.0001_dropout0.0_hidden_channels32_K3_lambda_fd1.0_lambda_spu0.1_lambda_ind0.05_context_gate_temp0.5_fd_blend0.5_pos_weight7.0,search_logs_frontdoor/twitch/gcn/stage2/078_twitch_gcn_frontdoor_stage2_lr0.01_weight_decay0.0001_dropout0.0_hidden_channels32_K3_lambda_fd1.0_lambda_spu0.1_lambda_ind0.05_context_gate_temp0.5_fd_blend0.5_pos_weight7.0.log,python main_frontdoor.py --dataset twitch --backbone_type gcn --store_result --epochs 500 --runs 2 --num_layers 2 --device 1 --seed 2024 --lr 0.01 --weight_decay 0.0001 --dropout 0.0 --hidden_channels 32 --K 3 --lambda_fd 1.0 --lambda_spu 0.1 --lambda_ind 0.05 --context_gate_temp 0.5 --fd_blend 0.5 --pos_weight 7.0 --result_name twitch_gcn_frontdoor_stage2_lr0.01_weight_decay0.0001_dropout0.0_hidden_channels32_K3_lambda_fd1.0_lambda_spu0.1_lambda_ind0.05_context_gate_temp0.5_fd_blend0.5_pos_weight7.0,0,217.98,0.01,0.0001,0.0,32,3,1.0,0.1,0.05,0.5,0.5,7.0,84.87,0.25,73.41,0.11,74.74,0.11,78.56,0.19,74.6,0.2,68.26,0.1,54.69,0.51,64.26,0.11,66.94,0.01,54.33,0.37,63.61,0.23,63.61
79,twitch,gcn,stage2,twitch_gcn_frontdoor_stage2_lr0.01_weight_decay0.0001_dropout0.0_hidden_channels32_K3_lambda_fd1.0_lambda_spu0.1_lambda_ind0.05_context_gate_temp1.0_fd_blend0.3_pos_weight3.0,search_logs_frontdoor/twitch/gcn/stage2/079_twitch_gcn_frontdoor_stage2_lr0.01_weight_decay0.0001_dropout0.0_hidden_channels32_K3_lambda_fd1.0_lambda_spu0.1_lambda_ind0.05_context_gate_temp1.0_fd_blend0.3_pos_weight3.0.log,python main_frontdoor.py --dataset twitch --backbone_type gcn --store_result --epochs 500 --runs 2 --num_layers 2 --device 1 --seed 2024 --lr 0.01 --weight_decay 0.0001 --dropout 0.0 --hidden_channels 32 --K 3 --lambda_fd 1.0 --lambda_spu 0.1 --lambda_ind 0.05 --context_gate_temp 1.0 --fd_blend 0.3 --pos_weight 3.0 --result_name twitch_gcn_frontdoor_stage2_lr0.01_weight_decay0.0001_dropout0.0_hidden_channels32_K3_lambda_fd1.0_lambda_spu0.1_lambda_ind0.05_context_gate_temp1.0_fd_blend0.3_pos_weight3.0,0,208.45,0.01,0.0001,0.0,32,3,1.0,0.1,0.05,1.0,0.3,3.0,87.67,2.29,73.48,0.19,74.96,0.15,77.56,0.67,74.92,0.13,68.03,0.08,54.77,0.26,64.35,0.02,67.15,0.07,54.34,0.65,64.03,0.13,64.03
80,twitch,gcn,stage2,twitch_gcn_frontdoor_stage2_lr0.01_weight_decay0.0001_dropout0.0_hidden_channels32_K3_lambda_fd1.0_lambda_spu0.1_lambda_ind0.05_context_gate_temp1.0_fd_blend0.3_pos_weight5.0,search_logs_frontdoor/twitch/gcn/stage2/080_twitch_gcn_frontdoor_stage2_lr0.01_weight_decay0.0001_dropout0.0_hidden_channels32_K3_lambda_fd1.0_lambda_spu0.1_lambda_ind0.05_context_gate_temp1.0_fd_blend0.3_pos_weight5.0.log,python main_frontdoor.py --dataset twitch --backbone_type gcn --store_result --epochs 500 --runs 2 --num_layers 2 --device 1 --seed 2024 --lr 0.01 --weight_decay 0.0001 --dropout 0.0 --hidden_channels 32 --K 3 --lambda_fd 1.0 --lambda_spu 0.1 --lambda_ind 0.05 --context_gate_temp 1.0 --fd_blend 0.3 --pos_weight 5.0 --result_name twitch_gcn_frontdoor_stage2_lr0.01_weight_decay0.0001_dropout0.0_hidden_channels32_K3_lambda_fd1.0_lambda_spu0.1_lambda_ind0.05_context_gate_temp1.0_fd_blend0.3_pos_weight5.0,0,169.73,0.01,0.0001,0.0,32,3,1.0,0.1,0.05,1.0,0.3,5.0,84.23,2.78,73.82,0.1,74.98,0.19,79.42,0.16,74.84,0.05,68.13,0.15,55.14,0.3,64.41,0.16,66.23,1.0,54.4,0.2,63.41,0.79,63.41
81,twitch,gcn,stage2,twitch_gcn_frontdoor_stage2_lr0.01_weight_decay0.0001_dropout0.0_hidden_channels32_K3_lambda_fd1.0_lambda_spu0.1_lambda_ind0.05_context_gate_temp1.0_fd_blend0.3_pos_weight7.0,search_logs_frontdoor/twitch/gcn/stage2/081_twitch_gcn_frontdoor_stage2_lr0.01_weight_decay0.0001_dropout0.0_hidden_channels32_K3_lambda_fd1.0_lambda_spu0.1_lambda_ind0.05_context_gate_temp1.0_fd_blend0.3_pos_weight7.0.log,python main_frontdoor.py --dataset twitch --backbone_type gcn --store_result --epochs 500 --runs 2 --num_layers 2 --device 1 --seed 2024 --lr 0.01 --weight_decay 0.0001 --dropout 0.0 --hidden_channels 32 --K 3 --lambda_fd 1.0 --lambda_spu 0.1 --lambda_ind 0.05 --context_gate_temp 1.0 --fd_blend 0.3 --pos_weight 7.0 --result_name twitch_gcn_frontdoor_stage2_lr0.01_weight_decay0.0001_dropout0.0_hidden_channels32_K3_lambda_fd1.0_lambda_spu0.1_lambda_ind0.05_context_gate_temp1.0_fd_blend0.3_pos_weight7.0,0,173.7,0.01,0.0001,0.0,32,3,1.0,0.1,0.05,1.0,0.3,7.0,83.49,1.98,73.68,0.2,74.99,0.21,78.73,1.31,74.77,0.24,68.36,0.57,54.84,0.17,64.34,0.11,66.42,0.09,54.29,0.43,63.39,0.18,63.39
82,twitch,gcn,stage2,twitch_gcn_frontdoor_stage2_lr0.01_weight_decay0.0001_dropout0.0_hidden_channels32_K3_lambda_fd1.0_lambda_spu0.1_lambda_ind0.05_context_gate_temp1.0_fd_blend0.5_pos_weight3.0,search_logs_frontdoor/twitch/gcn/stage2/082_twitch_gcn_frontdoor_stage2_lr0.01_weight_decay0.0001_dropout0.0_hidden_channels32_K3_lambda_fd1.0_lambda_spu0.1_lambda_ind0.05_context_gate_temp1.0_fd_blend0.5_pos_weight3.0.log,python main_frontdoor.py --dataset twitch --backbone_type gcn --store_result --epochs 500 --runs 2 --num_layers 2 --device 1 --seed 2024 --lr 0.01 --weight_decay 0.0001 --dropout 0.0 --hidden_channels 32 --K 3 --lambda_fd 1.0 --lambda_spu 0.1 --lambda_ind 0.05 --context_gate_temp 1.0 --fd_blend 0.5 --pos_weight 3.0 --result_name twitch_gcn_frontdoor_stage2_lr0.01_weight_decay0.0001_dropout0.0_hidden_channels32_K3_lambda_fd1.0_lambda_spu0.1_lambda_ind0.05_context_gate_temp1.0_fd_blend0.5_pos_weight3.0,0,171.01,0.01,0.0001,0.0,32,3,1.0,0.1,0.05,1.0,0.5,3.0,87.48,4.2,73.79,0.13,75.0,0.03,77.55,0.26,74.86,0.09,68.26,0.36,54.98,0.03,64.45,0.05,66.7,0.8,54.42,0.62,63.8,0.25,63.8
83,twitch,gcn,stage2,twitch_gcn_frontdoor_stage2_lr0.01_weight_decay0.0001_dropout0.0_hidden_channels32_K3_lambda_fd1.0_lambda_spu0.1_lambda_ind0.05_context_gate_temp1.0_fd_blend0.5_pos_weight5.0,search_logs_frontdoor/twitch/gcn/stage2/083_twitch_gcn_frontdoor_stage2_lr0.01_weight_decay0.0001_dropout0.0_hidden_channels32_K3_lambda_fd1.0_lambda_spu0.1_lambda_ind0.05_context_gate_temp1.0_fd_blend0.5_pos_weight5.0.log,python main_frontdoor.py --dataset twitch --backbone_type gcn --store_result --epochs 500 --runs 2 --num_layers 2 --device 1 --seed 2024 --lr 0.01 --weight_decay 0.0001 --dropout 0.0 --hidden_channels 32 --K 3 --lambda_fd 1.0 --lambda_spu 0.1 --lambda_ind 0.05 --context_gate_temp 1.0 --fd_blend 0.5 --pos_weight 5.0 --result_name twitch_gcn_frontdoor_stage2_lr0.01_weight_decay0.0001_dropout0.0_hidden_channels32_K3_lambda_fd1.0_lambda_spu0.1_lambda_ind0.05_context_gate_temp1.0_fd_blend0.5_pos_weight5.0,0,169.98,0.01,0.0001,0.0,32,3,1.0,0.1,0.05,1.0,0.5,5.0,85.35,2.15,73.66,0.4,74.92,0.07,78.28,0.27,74.88,0.02,68.4,0.12,54.9,0.23,64.35,0.06,67.31,0.37,54.1,0.44,63.81,0.13,63.81
84,twitch,gcn,stage2,twitch_gcn_frontdoor_stage2_lr0.01_weight_decay0.0001_dropout0.0_hidden_channels32_K3_lambda_fd1.0_lambda_spu0.1_lambda_ind0.05_context_gate_temp1.0_fd_blend0.5_pos_weight7.0,search_logs_frontdoor/twitch/gcn/stage2/084_twitch_gcn_frontdoor_stage2_lr0.01_weight_decay0.0001_dropout0.0_hidden_channels32_K3_lambda_fd1.0_lambda_spu0.1_lambda_ind0.05_context_gate_temp1.0_fd_blend0.5_pos_weight7.0.log,python main_frontdoor.py --dataset twitch --backbone_type gcn --store_result --epochs 500 --runs 2 --num_layers 2 --device 1 --seed 2024 --lr 0.01 --weight_decay 0.0001 --dropout 0.0 --hidden_channels 32 --K 3 --lambda_fd 1.0 --lambda_spu 0.1 --lambda_ind 0.05 --context_gate_temp 1.0 --fd_blend 0.5 --pos_weight 7.0 --result_name twitch_gcn_frontdoor_stage2_lr0.01_weight_decay0.0001_dropout0.0_hidden_channels32_K3_lambda_fd1.0_lambda_spu0.1_lambda_ind0.05_context_gate_temp1.0_fd_blend0.5_pos_weight7.0,0,163.55,0.01,0.0001,0.0,32,3,1.0,0.1,0.05,1.0,0.5,7.0,85.87,2.48,73.09,0.03,74.76,0.03,78.03,0.34,74.73,0.05,68.02,0.35,54.67,0.29,64.19,0.08,67.42,0.21,53.86,0.38,63.96,0.09,63.96
85,twitch,gcn,stage2,twitch_gcn_frontdoor_stage2_lr0.01_weight_decay0.0001_dropout0.0_hidden_channels32_K3_lambda_fd1.0_lambda_spu0.1_lambda_ind0.1_context_gate_temp0.5_fd_blend0.3_pos_weight3.0,search_logs_frontdoor/twitch/gcn/stage2/085_twitch_gcn_frontdoor_stage2_lr0.01_weight_decay0.0001_dropout0.0_hidden_channels32_K3_lambda_fd1.0_lambda_spu0.1_lambda_ind0.1_context_gate_temp0.5_fd_blend0.3_pos_weight3.0.log,python main_frontdoor.py --dataset twitch --backbone_type gcn --store_result --epochs 500 --runs 2 --num_layers 2 --device 1 --seed 2024 --lr 0.01 --weight_decay 0.0001 --dropout 0.0 --hidden_channels 32 --K 3 --lambda_fd 1.0 --lambda_spu 0.1 --lambda_ind 0.1 --context_gate_temp 0.5 --fd_blend 0.3 --pos_weight 3.0 --result_name twitch_gcn_frontdoor_stage2_lr0.01_weight_decay0.0001_dropout0.0_hidden_channels32_K3_lambda_fd1.0_lambda_spu0.1_lambda_ind0.1_context_gate_temp0.5_fd_blend0.3_pos_weight3.0,0,173.58,0.01,0.0001,0.0,32,3,1.0,0.1,0.1,0.5,0.3,3.0,86.97,1.63,73.38,0.29,74.9,0.06,78.27,1.55,74.69,0.05,68.3,0.05,54.95,0.14,64.41,0.01,66.84,0.22,54.32,0.26,63.72,0.14,63.72
86,twitch,gcn,stage2,twitch_gcn_frontdoor_stage2_lr0.01_weight_decay0.0001_dropout0.0_hidden_channels32_K3_lambda_fd1.0_lambda_spu0.1_lambda_ind0.1_context_gate_temp0.5_fd_blend0.3_pos_weight5.0,search_logs_frontdoor/twitch/gcn/stage2/086_twitch_gcn_frontdoor_stage2_lr0.01_weight_decay0.0001_dropout0.0_hidden_channels32_K3_lambda_fd1.0_lambda_spu0.1_lambda_ind0.1_context_gate_temp0.5_fd_blend0.3_pos_weight5.0.log,python main_frontdoor.py --dataset twitch --backbone_type gcn --store_result --epochs 500 --runs 2 --num_layers 2 --device 1 --seed 2024 --lr 0.01 --weight_decay 0.0001 --dropout 0.0 --hidden_channels 32 --K 3 --lambda_fd 1.0 --lambda_spu 0.1 --lambda_ind 0.1 --context_gate_temp 0.5 --fd_blend 0.3 --pos_weight 5.0 --result_name twitch_gcn_frontdoor_stage2_lr0.01_weight_decay0.0001_dropout0.0_hidden_channels32_K3_lambda_fd1.0_lambda_spu0.1_lambda_ind0.1_context_gate_temp0.5_fd_blend0.3_pos_weight5.0,0,181.76,0.01,0.0001,0.0,32,3,1.0,0.1,0.1,0.5,0.3,5.0,85.55,2.51,73.53,0.02,75.06,0.29,78.46,2.09,74.43,0.41,68.08,0.22,54.86,0.29,64.41,0.05,66.99,0.14,54.11,0.63,63.34,0.72,63.34
87,twitch,gcn,stage2,twitch_gcn_frontdoor_stage2_lr0.01_weight_decay0.0001_dropout0.0_hidden_channels32_K3_lambda_fd1.0_lambda_spu0.1_lambda_ind0.1_context_gate_temp0.5_fd_blend0.3_pos_weight7.0,search_logs_frontdoor/twitch/gcn/stage2/087_twitch_gcn_frontdoor_stage2_lr0.01_weight_decay0.0001_dropout0.0_hidden_channels32_K3_lambda_fd1.0_lambda_spu0.1_lambda_ind0.1_context_gate_temp0.5_fd_blend0.3_pos_weight7.0.log,python main_frontdoor.py --dataset twitch --backbone_type gcn --store_result --epochs 500 --runs 2 --num_layers 2 --device 1 --seed 2024 --lr 0.01 --weight_decay 0.0001 --dropout 0.0 --hidden_channels 32 --K 3 --lambda_fd 1.0 --lambda_spu 0.1 --lambda_ind 0.1 --context_gate_temp 0.5 --fd_blend 0.3 --pos_weight 7.0 --result_name twitch_gcn_frontdoor_stage2_lr0.01_weight_decay0.0001_dropout0.0_hidden_channels32_K3_lambda_fd1.0_lambda_spu0.1_lambda_ind0.1_context_gate_temp0.5_fd_blend0.3_pos_weight7.0,0,247.54,0.01,0.0001,0.0,32,3,1.0,0.1,0.1,0.5,0.3,7.0,84.57,1.38,73.55,0.07,74.87,0.04,78.44,0.16,74.78,0.01,68.16,0.17,54.95,0.53,64.16,0.07,67.4,0.13,54.35,0.3,63.72,0.07,63.72
88,twitch,gcn,stage2,twitch_gcn_frontdoor_stage2_lr0.01_weight_decay0.0001_dropout0.0_hidden_channels32_K3_lambda_fd1.0_lambda_spu0.1_lambda_ind0.1_context_gate_temp0.5_fd_blend0.5_pos_weight3.0,search_logs_frontdoor/twitch/gcn/stage2/088_twitch_gcn_frontdoor_stage2_lr0.01_weight_decay0.0001_dropout0.0_hidden_channels32_K3_lambda_fd1.0_lambda_spu0.1_lambda_ind0.1_context_gate_temp0.5_fd_blend0.5_pos_weight3.0.log,python main_frontdoor.py --dataset twitch --backbone_type gcn --store_result --epochs 500 --runs 2 --num_layers 2 --device 1 --seed 2024 --lr 0.01 --weight_decay 0.0001 --dropout 0.0 --hidden_channels 32 --K 3 --lambda_fd 1.0 --lambda_spu 0.1 --lambda_ind 0.1 --context_gate_temp 0.5 --fd_blend 0.5 --pos_weight 3.0 --result_name twitch_gcn_frontdoor_stage2_lr0.01_weight_decay0.0001_dropout0.0_hidden_channels32_K3_lambda_fd1.0_lambda_spu0.1_lambda_ind0.1_context_gate_temp0.5_fd_blend0.5_pos_weight3.0,0,167.4,0.01,0.0001,0.0,32,3,1.0,0.1,0.1,0.5,0.5,3.0,86.88,1.93,73.84,0.04,74.93,0.05,78.03,0.69,74.9,0.09,68.52,0.13,54.93,0.14,64.42,0.04,67.26,0.94,54.49,0.13,63.83,0.17,63.83
89,twitch,gcn,stage2,twitch_gcn_frontdoor_stage2_lr0.01_weight_decay0.0001_dropout0.0_hidden_channels32_K3_lambda_fd1.0_lambda_spu0.1_lambda_ind0.1_context_gate_temp0.5_fd_blend0.5_pos_weight5.0,search_logs_frontdoor/twitch/gcn/stage2/089_twitch_gcn_frontdoor_stage2_lr0.01_weight_decay0.0001_dropout0.0_hidden_channels32_K3_lambda_fd1.0_lambda_spu0.1_lambda_ind0.1_context_gate_temp0.5_fd_blend0.5_pos_weight5.0.log,python main_frontdoor.py --dataset twitch --backbone_type gcn --store_result --epochs 500 --runs 2 --num_layers 2 --device 1 --seed 2024 --lr 0.01 --weight_decay 0.0001 --dropout 0.0 --hidden_channels 32 --K 3 --lambda_fd 1.0 --lambda_spu 0.1 --lambda_ind 0.1 --context_gate_temp 0.5 --fd_blend 0.5 --pos_weight 5.0 --result_name twitch_gcn_frontdoor_stage2_lr0.01_weight_decay0.0001_dropout0.0_hidden_channels32_K3_lambda_fd1.0_lambda_spu0.1_lambda_ind0.1_context_gate_temp0.5_fd_blend0.5_pos_weight5.0,0,167.22,0.01,0.0001,0.0,32,3,1.0,0.1,0.1,0.5,0.5,5.0,86.14,1.94,73.43,0.19,74.81,0.05,77.67,0.31,74.64,0.19,68.62,0.04,55.06,0.44,64.43,0.11,67.53,0.91,53.71,0.68,63.93,0.19,63.93
90,twitch,gcn,stage2,twitch_gcn_frontdoor_stage2_lr0.01_weight_decay0.0001_dropout0.0_hidden_channels32_K3_lambda_fd1.0_lambda_spu0.1_lambda_ind0.1_context_gate_temp0.5_fd_blend0.5_pos_weight7.0,search_logs_frontdoor/twitch/gcn/stage2/090_twitch_gcn_frontdoor_stage2_lr0.01_weight_decay0.0001_dropout0.0_hidden_channels32_K3_lambda_fd1.0_lambda_spu0.1_lambda_ind0.1_context_gate_temp0.5_fd_blend0.5_pos_weight7.0.log,python main_frontdoor.py --dataset twitch --backbone_type gcn --store_result --epochs 500 --runs 2 --num_layers 2 --device 1 --seed 2024 --lr 0.01 --weight_decay 0.0001 --dropout 0.0 --hidden_channels 32 --K 3 --lambda_fd 1.0 --lambda_spu 0.1 --lambda_ind 0.1 --context_gate_temp 0.5 --fd_blend 0.5 --pos_weight 7.0 --result_name twitch_gcn_frontdoor_stage2_lr0.01_weight_decay0.0001_dropout0.0_hidden_channels32_K3_lambda_fd1.0_lambda_spu0.1_lambda_ind0.1_context_gate_temp0.5_fd_blend0.5_pos_weight7.0,0,176.16,0.01,0.0001,0.0,32,3,1.0,0.1,0.1,0.5,0.5,7.0,85.21,0.44,73.49,0.18,74.87,0.22,78.46,0.05,74.77,0.37,68.33,0.1,54.66,0.44,64.37,0.15,67.18,0.03,54.05,0.19,63.8,0.2,63.8
91,twitch,gcn,stage2,twitch_gcn_frontdoor_stage2_lr0.01_weight_decay0.0001_dropout0.0_hidden_channels32_K3_lambda_fd1.0_lambda_spu0.1_lambda_ind0.1_context_gate_temp1.0_fd_blend0.3_pos_weight3.0,search_logs_frontdoor/twitch/gcn/stage2/091_twitch_gcn_frontdoor_stage2_lr0.01_weight_decay0.0001_dropout0.0_hidden_channels32_K3_lambda_fd1.0_lambda_spu0.1_lambda_ind0.1_context_gate_temp1.0_fd_blend0.3_pos_weight3.0.log,python main_frontdoor.py --dataset twitch --backbone_type gcn --store_result --epochs 500 --runs 2 --num_layers 2 --device 1 --seed 2024 --lr 0.01 --weight_decay 0.0001 --dropout 0.0 --hidden_channels 32 --K 3 --lambda_fd 1.0 --lambda_spu 0.1 --lambda_ind 0.1 --context_gate_temp 1.0 --fd_blend 0.3 --pos_weight 3.0 --result_name twitch_gcn_frontdoor_stage2_lr0.01_weight_decay0.0001_dropout0.0_hidden_channels32_K3_lambda_fd1.0_lambda_spu0.1_lambda_ind0.1_context_gate_temp1.0_fd_blend0.3_pos_weight3.0,0,173.65,0.01,0.0001,0.0,32,3,1.0,0.1,0.1,1.0,0.3,3.0,87.59,3.39,73.61,0.05,74.98,0.1,78.64,0.18,74.86,0.09,67.97,0.0,54.85,0.26,64.46,0.16,67.04,0.18,54.57,0.4,63.9,0.24,63.9
92,twitch,gcn,stage2,twitch_gcn_frontdoor_stage2_lr0.01_weight_decay0.0001_dropout0.0_hidden_channels32_K3_lambda_fd1.0_lambda_spu0.1_lambda_ind0.1_context_gate_temp1.0_fd_blend0.3_pos_weight5.0,search_logs_frontdoor/twitch/gcn/stage2/092_twitch_gcn_frontdoor_stage2_lr0.01_weight_decay0.0001_dropout0.0_hidden_channels32_K3_lambda_fd1.0_lambda_spu0.1_lambda_ind0.1_context_gate_temp1.0_fd_blend0.3_pos_weight5.0.log,python main_frontdoor.py --dataset twitch --backbone_type gcn --store_result --epochs 500 --runs 2 --num_layers 2 --device 1 --seed 2024 --lr 0.01 --weight_decay 0.0001 --dropout 0.0 --hidden_channels 32 --K 3 --lambda_fd 1.0 --lambda_spu 0.1 --lambda_ind 0.1 --context_gate_temp 1.0 --fd_blend 0.3 --pos_weight 5.0 --result_name twitch_gcn_frontdoor_stage2_lr0.01_weight_decay0.0001_dropout0.0_hidden_channels32_K3_lambda_fd1.0_lambda_spu0.1_lambda_ind0.1_context_gate_temp1.0_fd_blend0.3_pos_weight5.0,0,166.92,0.01,0.0001,0.0,32,3,1.0,0.1,0.1,1.0,0.3,5.0,84.51,1.39,73.76,0.13,74.98,0.01,78.43,1.2,74.91,0.04,68.35,0.13,54.87,0.34,64.37,0.03,67.0,0.35,54.32,0.4,63.58,0.63,63.58
93,twitch,gcn,stage2,twitch_gcn_frontdoor_stage2_lr0.01_weight_decay0.0001_dropout0.0_hidden_channels32_K3_lambda_fd1.0_lambda_spu0.1_lambda_ind0.1_context_gate_temp1.0_fd_blend0.3_pos_weight7.0,search_logs_frontdoor/twitch/gcn/stage2/093_twitch_gcn_frontdoor_stage2_lr0.01_weight_decay0.0001_dropout0.0_hidden_channels32_K3_lambda_fd1.0_lambda_spu0.1_lambda_ind0.1_context_gate_temp1.0_fd_blend0.3_pos_weight7.0.log,python main_frontdoor.py --dataset twitch --backbone_type gcn --store_result --epochs 500 --runs 2 --num_layers 2 --device 1 --seed 2024 --lr 0.01 --weight_decay 0.0001 --dropout 0.0 --hidden_channels 32 --K 3 --lambda_fd 1.0 --lambda_spu 0.1 --lambda_ind 0.1 --context_gate_temp 1.0 --fd_blend 0.3 --pos_weight 7.0 --result_name twitch_gcn_frontdoor_stage2_lr0.01_weight_decay0.0001_dropout0.0_hidden_channels32_K3_lambda_fd1.0_lambda_spu0.1_lambda_ind0.1_context_gate_temp1.0_fd_blend0.3_pos_weight7.0,0,169.16,0.01,0.0001,0.0,32,3,1.0,0.1,0.1,1.0,0.3,7.0,84.31,0.1,73.81,0.15,74.86,0.03,79.08,0.03,74.83,0.01,68.29,0.34,55.28,0.51,64.23,0.01,67.38,0.46,54.71,0.62,63.45,0.78,63.45
94,twitch,gcn,stage2,twitch_gcn_frontdoor_stage2_lr0.01_weight_decay0.0001_dropout0.0_hidden_channels32_K3_lambda_fd1.0_lambda_spu0.1_lambda_ind0.1_context_gate_temp1.0_fd_blend0.5_pos_weight3.0,search_logs_frontdoor/twitch/gcn/stage2/094_twitch_gcn_frontdoor_stage2_lr0.01_weight_decay0.0001_dropout0.0_hidden_channels32_K3_lambda_fd1.0_lambda_spu0.1_lambda_ind0.1_context_gate_temp1.0_fd_blend0.5_pos_weight3.0.log,python main_frontdoor.py --dataset twitch --backbone_type gcn --store_result --epochs 500 --runs 2 --num_layers 2 --device 1 --seed 2024 --lr 0.01 --weight_decay 0.0001 --dropout 0.0 --hidden_channels 32 --K 3 --lambda_fd 1.0 --lambda_spu 0.1 --lambda_ind 0.1 --context_gate_temp 1.0 --fd_blend 0.5 --pos_weight 3.0 --result_name twitch_gcn_frontdoor_stage2_lr0.01_weight_decay0.0001_dropout0.0_hidden_channels32_K3_lambda_fd1.0_lambda_spu0.1_lambda_ind0.1_context_gate_temp1.0_fd_blend0.5_pos_weight3.0,0,170.98,0.01,0.0001,0.0,32,3,1.0,0.1,0.1,1.0,0.5,3.0,87.84,3.77,73.53,0.49,74.78,0.12,77.68,0.71,74.74,0.07,68.1,0.74,55.09,0.1,64.43,0.15,66.96,0.23,54.47,0.57,64.0,0.13,64.0
95,twitch,gcn,stage2,twitch_gcn_frontdoor_stage2_lr0.01_weight_decay0.0001_dropout0.0_hidden_channels32_K3_lambda_fd1.0_lambda_spu0.1_lambda_ind0.1_context_gate_temp1.0_fd_blend0.5_pos_weight5.0,search_logs_frontdoor/twitch/gcn/stage2/095_twitch_gcn_frontdoor_stage2_lr0.01_weight_decay0.0001_dropout0.0_hidden_channels32_K3_lambda_fd1.0_lambda_spu0.1_lambda_ind0.1_context_gate_temp1.0_fd_blend0.5_pos_weight5.0.log,python main_frontdoor.py --dataset twitch --backbone_type gcn --store_result --epochs 500 --runs 2 --num_layers 2 --device 1 --seed 2024 --lr 0.01 --weight_decay 0.0001 --dropout 0.0 --hidden_channels 32 --K 3 --lambda_fd 1.0 --lambda_spu 0.1 --lambda_ind 0.1 --context_gate_temp 1.0 --fd_blend 0.5 --pos_weight 5.0 --result_name twitch_gcn_frontdoor_stage2_lr0.01_weight_decay0.0001_dropout0.0_hidden_channels32_K3_lambda_fd1.0_lambda_spu0.1_lambda_ind0.1_context_gate_temp1.0_fd_blend0.5_pos_weight5.0,0,245.76,0.01,0.0001,0.0,32,3,1.0,0.1,0.1,1.0,0.5,5.0,88.32,0.63,73.53,0.19,74.95,0.19,78.0,0.13,74.85,0.09,68.46,0.12,54.88,0.01,64.49,0.13,67.41,0.57,54.28,0.26,63.93,0.27,63.93
96,twitch,gcn,stage2,twitch_gcn_frontdoor_stage2_lr0.01_weight_decay0.0001_dropout0.0_hidden_channels32_K3_lambda_fd1.0_lambda_spu0.1_lambda_ind0.1_context_gate_temp1.0_fd_blend0.5_pos_weight7.0,search_logs_frontdoor/twitch/gcn/stage2/096_twitch_gcn_frontdoor_stage2_lr0.01_weight_decay0.0001_dropout0.0_hidden_channels32_K3_lambda_fd1.0_lambda_spu0.1_lambda_ind0.1_context_gate_temp1.0_fd_blend0.5_pos_weight7.0.log,python main_frontdoor.py --dataset twitch --backbone_type gcn --store_result --epochs 500 --runs 2 --num_layers 2 --device 1 --seed 2024 --lr 0.01 --weight_decay 0.0001 --dropout 0.0 --hidden_channels 32 --K 3 --lambda_fd 1.0 --lambda_spu 0.1 --lambda_ind 0.1 --context_gate_temp 1.0 --fd_blend 0.5 --pos_weight 7.0 --result_name twitch_gcn_frontdoor_stage2_lr0.01_weight_decay0.0001_dropout0.0_hidden_channels32_K3_lambda_fd1.0_lambda_spu0.1_lambda_ind0.1_context_gate_temp1.0_fd_blend0.5_pos_weight7.0,0,198.65,0.01,0.0001,0.0,32,3,1.0,0.1,0.1,1.0,0.5,7.0,85.12,0.19,73.35,0.03,74.86,0.05,77.7,0.53,74.8,0.01,68.25,0.23,54.55,0.22,64.18,0.03,67.69,0.14,54.0,0.31,63.87,0.27,63.87
